case,repeat,stage,sample,threads,trips,distance,dependent_steps,independent_steps,after_post,streams,prediction_ns,actual_ns,c_dep_ns,c_ind_ns,sigma_wait_ns,sigma_post_ns,launch_ns,sync_samples
large_arrays,0,seeded-sync,0,7,1000000,64,0,0,0,1,50743674.128684938,25881430,22.301174094,0.000000000,250.000000000,80.000000000,414633.000000000,0
large_arrays,0,learned-sync,0,7,1000000,64,0,0,0,1,18595400.115931526,25881430,22.301174094,0.000000000,56.104328255,48.859103875,414633.000000000,4
large_arrays,0,seeded-sync,1,7,1000000,64,0,0,0,1,50743674.128684938,25232251,22.301174094,0.000000000,250.000000000,80.000000000,414633.000000000,0
large_arrays,0,learned-sync,1,7,1000000,64,0,0,0,1,18595400.115931526,25232251,22.301174094,0.000000000,56.104328255,48.859103875,414633.000000000,4
large_arrays,0,seeded-sync,2,7,1000000,64,0,0,0,1,50743674.128684938,27118442,22.301174094,0.000000000,250.000000000,80.000000000,414633.000000000,0
large_arrays,0,learned-sync,2,7,1000000,64,0,0,0,1,18595400.115931526,27118442,22.301174094,0.000000000,56.104328255,48.859103875,414633.000000000,4
large_arrays,0,seeded-sync,3,7,1000000,64,0,0,0,1,50743674.128684938,26811969,22.301174094,0.000000000,250.000000000,80.000000000,414633.000000000,0
large_arrays,0,learned-sync,3,7,1000000,64,0,0,0,1,18595400.115931526,26811969,22.301174094,0.000000000,56.104328255,48.859103875,414633.000000000,4
large_arrays,0,seeded-sync,4,7,1000000,64,0,0,0,1,50743674.128684938,29126006,22.301174094,0.000000000,250.000000000,80.000000000,414633.000000000,0
large_arrays,0,learned-sync,4,7,1000000,64,0,0,0,1,18595400.115931526,29126006,22.301174094,0.000000000,56.104328255,48.859103875,414633.000000000,4
large_arrays,0,seeded-sync,5,7,1000000,64,0,0,0,1,50743674.128684938,26966911,22.301174094,0.000000000,250.000000000,80.000000000,414633.000000000,0
large_arrays,0,learned-sync,5,7,1000000,64,0,0,0,1,18595400.115931526,26966911,22.301174094,0.000000000,56.104328255,48.859103875,414633.000000000,4
large_arrays,0,seeded-sync,6,7,1000000,64,0,0,0,1,50743674.128684938,26677231,22.301174094,0.000000000,250.000000000,80.000000000,414633.000000000,0
large_arrays,0,learned-sync,6,7,1000000,64,0,0,0,1,18595400.115931526,26677231,22.301174094,0.000000000,56.104328255,48.859103875,414633.000000000,4
tiny_chain,2,seeded-sync,0,8,257,1,0,0,0,1,451682.073443580,740317,25.244649805,0.000000000,250.000000000,80.000000000,439959.000000000,0
tiny_chain,2,learned-sync,0,8,257,1,0,0,0,1,886322.096844031,740317,25.244649805,0.000000000,13442.631103516,58.278696498,439959.000000000,4
tiny_chain,2,seeded-sync,1,8,257,1,0,0,0,1,451682.073443580,815149,25.244649805,0.000000000,250.000000000,80.000000000,439959.000000000,0
tiny_chain,2,learned-sync,1,8,257,1,0,0,0,1,886322.096844031,815149,25.244649805,0.000000000,13442.631103516,58.278696498,439959.000000000,4
tiny_chain,2,seeded-sync,2,8,257,1,0,0,0,1,451682.073443580,741530,25.244649805,0.000000000,250.000000000,80.000000000,439959.000000000,0
tiny_chain,2,learned-sync,2,8,257,1,0,0,0,1,886322.096844031,741530,25.244649805,0.000000000,13442.631103516,58.278696498,439959.000000000,4
tiny_chain,2,seeded-sync,3,8,257,1,0,0,0,1,451682.073443580,824736,25.244649805,0.000000000,250.000000000,80.000000000,439959.000000000,0
tiny_chain,2,learned-sync,3,8,257,1,0,0,0,1,886322.096844031,824736,25.244649805,0.000000000,13442.631103516,58.278696498,439959.000000000,4
tiny_chain,2,seeded-sync,4,8,257,1,0,0,0,1,451682.073443580,783199,25.244649805,0.000000000,250.000000000,80.000000000,439959.000000000,0
tiny_chain,2,learned-sync,4,8,257,1,0,0,0,1,886322.096844031,783199,25.244649805,0.000000000,13442.631103516,58.278696498,439959.000000000,4
tiny_chain,2,seeded-sync,5,8,257,1,0,0,0,1,451682.073443580,757708,25.244649805,0.000000000,250.000000000,80.000000000,439959.000000000,0
tiny_chain,2,learned-sync,5,8,257,1,0,0,0,1,886322.096844031,757708,25.244649805,0.000000000,13442.631103516,58.278696498,439959.000000000,4
tiny_chain,2,seeded-sync,6,8,257,1,0,0,0,1,451682.073443580,822255,25.244649805,0.000000000,250.000000000,80.000000000,439959.000000000,0
tiny_chain,2,learned-sync,6,8,257,1,0,0,0,1,886322.096844031,822255,25.244649805,0.000000000,13442.631103516,58.278696498,439959.000000000,4
long_four_chains,1,seeded-sync,0,7,200000,4,0,0,0,1,10432323.204369063,9679897,22.752177109,0.000000000,250.000000000,80.000000000,353488.000000000,0
long_four_chains,1,learned-sync,0,7,200000,4,0,0,0,1,8332380.634410784,9679897,22.752177109,0.000000000,188.545968029,67.957511953,353488.000000000,4
long_four_chains,1,seeded-sync,1,7,200000,4,0,0,0,1,10432323.204369063,9407955,22.752177109,0.000000000,250.000000000,80.000000000,353488.000000000,0
long_four_chains,1,learned-sync,1,7,200000,4,0,0,0,1,8332380.634410784,9407955,22.752177109,0.000000000,188.545968029,67.957511953,353488.000000000,4
long_four_chains,1,seeded-sync,2,7,200000,4,0,0,0,1,10432323.204369063,9526546,22.752177109,0.000000000,250.000000000,80.000000000,353488.000000000,0
long_four_chains,1,learned-sync,2,7,200000,4,0,0,0,1,8332380.634410784,9526546,22.752177109,0.000000000,188.545968029,67.957511953,353488.000000000,4
long_four_chains,1,seeded-sync,3,7,200000,4,0,0,0,1,10432323.204369063,9051435,22.752177109,0.000000000,250.000000000,80.000000000,353488.000000000,0
long_four_chains,1,learned-sync,3,7,200000,4,0,0,0,1,8332380.634410784,9051435,22.752177109,0.000000000,188.545968029,67.957511953,353488.000000000,4
long_four_chains,1,seeded-sync,4,7,200000,4,0,0,0,1,10432323.204369063,9044313,22.752177109,0.000000000,250.000000000,80.000000000,353488.000000000,0
long_four_chains,1,learned-sync,4,7,200000,4,0,0,0,1,8332380.634410784,9044313,22.752177109,0.000000000,188.545968029,67.957511953,353488.000000000,4
long_four_chains,1,seeded-sync,5,7,200000,4,0,0,0,1,10432323.204369063,9224338,22.752177109,0.000000000,250.000000000,80.000000000,353488.000000000,0
long_four_chains,1,learned-sync,5,7,200000,4,0,0,0,1,8332380.634410784,9224338,22.752177109,0.000000000,188.545968029,67.957511953,353488.000000000,4
long_four_chains,1,seeded-sync,6,7,200000,4,0,0,0,1,10432323.204369063,9349168,22.752177109,0.000000000,250.000000000,80.000000000,353488.000000000,0
long_four_chains,1,learned-sync,6,7,200000,4,0,0,0,1,8332380.634410784,9349168,22.752177109,0.000000000,188.545968029,67.957511953,353488.000000000,4
two_streams,2,seeded-sync,0,2,32768,4,0,0,0,2,11427337.343750000,3969718,23.432577133,0.000000000,250.000000000,80.000000000,229978.000000000,0
two_streams,2,learned-sync,0,2,32768,4,0,0,0,2,2473862.876929519,3969718,23.432577133,0.000000000,27.500482380,29.261161089,229978.000000000,4
two_streams,2,seeded-sync,1,2,32768,4,0,0,0,2,11427337.343750000,3874275,23.432577133,0.000000000,250.000000000,80.000000000,229978.000000000,0
two_streams,2,learned-sync,1,2,32768,4,0,0,0,2,2473862.876929519,3874275,23.432577133,0.000000000,27.500482380,29.261161089,229978.000000000,4
two_streams,2,seeded-sync,2,2,32768,4,0,0,0,2,11427337.343750000,4017642,23.432577133,0.000000000,250.000000000,80.000000000,229978.000000000,0
two_streams,2,learned-sync,2,2,32768,4,0,0,0,2,2473862.876929519,4017642,23.432577133,0.000000000,27.500482380,29.261161089,229978.000000000,4
two_streams,2,seeded-sync,3,2,32768,4,0,0,0,2,11427337.343750000,4352406,23.432577133,0.000000000,250.000000000,80.000000000,229978.000000000,0
two_streams,2,learned-sync,3,2,32768,4,0,0,0,2,2473862.876929519,4352406,23.432577133,0.000000000,27.500482380,29.261161089,229978.000000000,4
two_streams,2,seeded-sync,4,2,32768,4,0,0,0,2,11427337.343750000,4175586,23.432577133,0.000000000,250.000000000,80.000000000,229978.000000000,0
two_streams,2,learned-sync,4,2,32768,4,0,0,0,2,2473862.876929519,4175586,23.432577133,0.000000000,27.500482380,29.261161089,229978.000000000,4
two_streams,2,seeded-sync,5,2,32768,4,0,0,0,2,11427337.343750000,3798153,23.432577133,0.000000000,250.000000000,80.000000000,229978.000000000,0
two_streams,2,learned-sync,5,2,32768,4,0,0,0,2,2473862.876929519,3798153,23.432577133,0.000000000,27.500482380,29.261161089,229978.000000000,4
two_streams,2,seeded-sync,6,2,32768,4,0,0,0,2,11427337.343750000,3611155,23.432577133,0.000000000,250.000000000,80.000000000,229978.000000000,0
two_streams,2,learned-sync,6,2,32768,4,0,0,0,2,2473862.876929519,3611155,23.432577133,0.000000000,27.500482380,29.261161089,229978.000000000,4
long_four_chains,1,seeded-sync,0,4,200000,4,0,0,0,1,17918855.765625000,6017617,23.102695312,0.000000000,250.000000000,80.000000000,263721.000000000,0
long_four_chains,1,learned-sync,0,4,200000,4,0,0,0,1,5255069.935330113,6017617,23.102695312,0.000000000,36.708767613,40.015515781,263721.000000000,4
long_four_chains,1,seeded-sync,1,4,200000,4,0,0,0,1,17918855.765625000,6497831,23.102695312,0.000000000,250.000000000,80.000000000,263721.000000000,0
long_four_chains,1,learned-sync,1,4,200000,4,0,0,0,1,5255069.935330113,6497831,23.102695312,0.000000000,36.708767613,40.015515781,263721.000000000,4
long_four_chains,1,seeded-sync,2,4,200000,4,0,0,0,1,17918855.765625000,8010724,23.102695312,0.000000000,250.000000000,80.000000000,263721.000000000,0
long_four_chains,1,learned-sync,2,4,200000,4,0,0,0,1,5255069.935330113,8010724,23.102695312,0.000000000,36.708767613,40.015515781,263721.000000000,4
long_four_chains,1,seeded-sync,3,4,200000,4,0,0,0,1,17918855.765625000,7773951,23.102695312,0.000000000,250.000000000,80.000000000,263721.000000000,0
long_four_chains,1,learned-sync,3,4,200000,4,0,0,0,1,5255069.935330113,7773951,23.102695312,0.000000000,36.708767613,40.015515781,263721.000000000,4
long_four_chains,1,seeded-sync,4,4,200000,4,0,0,0,1,17918855.765625000,6223130,23.102695312,0.000000000,250.000000000,80.000000000,263721.000000000,0
long_four_chains,1,learned-sync,4,4,200000,4,0,0,0,1,5255069.935330113,6223130,23.102695312,0.000000000,36.708767613,40.015515781,263721.000000000,4
long_four_chains,1,seeded-sync,5,4,200000,4,0,0,0,1,17918855.765625000,6283582,23.102695312,0.000000000,250.000000000,80.000000000,263721.000000000,0
long_four_chains,1,learned-sync,5,4,200000,4,0,0,0,1,5255069.935330113,6283582,23.102695312,0.000000000,36.708767613,40.015515781,263721.000000000,4
long_four_chains,1,seeded-sync,6,4,200000,4,0,0,0,1,17918855.765625000,7594133,23.102695312,0.000000000,250.000000000,80.000000000,263721.000000000,0
long_four_chains,1,learned-sync,6,4,200000,4,0,0,0,1,5255069.935330113,7594133,23.102695312,0.000000000,36.708767613,40.015515781,263721.000000000,4
two_streams,2,seeded-sync,0,7,32768,4,0,0,0,2,3638167.170909882,2474629,23.126478195,0.000000000,250.000000000,80.000000000,439769.000000000,0
two_streams,2,learned-sync,0,7,32768,4,0,0,0,2,2119537.743055470,2474629,23.126478195,0.000000000,113.725752493,54.096820354,439769.000000000,4
two_streams,2,seeded-sync,1,7,32768,4,0,0,0,2,3638167.170909882,2488905,23.126478195,0.000000000,250.000000000,80.000000000,439769.000000000,0
two_streams,2,learned-sync,1,7,32768,4,0,0,0,2,2119537.743055470,2488905,23.126478195,0.000000000,113.725752493,54.096820354,439769.000000000,4
two_streams,2,seeded-sync,2,7,32768,4,0,0,0,2,3638167.170909882,2451075,23.126478195,0.000000000,250.000000000,80.000000000,439769.000000000,0
two_streams,2,learned-sync,2,7,32768,4,0,0,0,2,2119537.743055470,2451075,23.126478195,0.000000000,113.725752493,54.096820354,439769.000000000,4
two_streams,2,seeded-sync,3,7,32768,4,0,0,0,2,3638167.170909882,2488705,23.126478195,0.000000000,250.000000000,80.000000000,439769.000000000,0
two_streams,2,learned-sync,3,7,32768,4,0,0,0,2,2119537.743055470,2488705,23.126478195,0.000000000,113.725752493,54.096820354,439769.000000000,4
two_streams,2,seeded-sync,4,7,32768,4,0,0,0,2,3638167.170909882,2765910,23.126478195,0.000000000,250.000000000,80.000000000,439769.000000000,0
two_streams,2,learned-sync,4,7,32768,4,0,0,0,2,2119537.743055470,2765910,23.126478195,0.000000000,113.725752493,54.096820354,439769.000000000,4
two_streams,2,seeded-sync,5,7,32768,4,0,0,0,2,3638167.170909882,3152841,23.126478195,0.000000000,250.000000000,80.000000000,439769.000000000,0
two_streams,2,learned-sync,5,7,32768,4,0,0,0,2,2119537.743055470,3152841,23.126478195,0.000000000,113.725752493,54.096820354,439769.000000000,4
two_streams,2,seeded-sync,6,7,32768,4,0,0,0,2,3638167.170909882,3047156,23.126478195,0.000000000,250.000000000,80.000000000,439769.000000000,0
two_streams,2,learned-sync,6,7,32768,4,0,0,0,2,2119537.743055470,3047156,23.126478195,0.000000000,113.725752493,54.096820354,439769.000000000,4
short_many_chains,1,seeded-sync,0,7,20000,64,0,0,0,1,1395240.827306250,1131748,21.996440625,0.000000000,250.000000000,80.000000000,389235.000000000,0
short_many_chains,1,learned-sync,0,7,20000,64,0,0,0,1,993692.383466513,1131748,21.996440625,0.000000000,139.805928973,49.694265625,389235.000000000,4
short_many_chains,1,seeded-sync,1,7,20000,64,0,0,0,1,1395240.827306250,998820,21.996440625,0.000000000,250.000000000,80.000000000,389235.000000000,0
short_many_chains,1,learned-sync,1,7,20000,64,0,0,0,1,993692.383466513,998820,21.996440625,0.000000000,139.805928973,49.694265625,389235.000000000,4
short_many_chains,1,seeded-sync,2,7,20000,64,0,0,0,1,1395240.827306250,1058951,21.996440625,0.000000000,250.000000000,80.000000000,389235.000000000,0
short_many_chains,1,learned-sync,2,7,20000,64,0,0,0,1,993692.383466513,1058951,21.996440625,0.000000000,139.805928973,49.694265625,389235.000000000,4
short_many_chains,1,seeded-sync,3,7,20000,64,0,0,0,1,1395240.827306250,1096501,21.996440625,0.000000000,250.000000000,80.000000000,389235.000000000,0
short_many_chains,1,learned-sync,3,7,20000,64,0,0,0,1,993692.383466513,1096501,21.996440625,0.000000000,139.805928973,49.694265625,389235.000000000,4
short_many_chains,1,seeded-sync,4,7,20000,64,0,0,0,1,1395240.827306250,1013026,21.996440625,0.000000000,250.000000000,80.000000000,389235.000000000,0
short_many_chains,1,learned-sync,4,7,20000,64,0,0,0,1,993692.383466513,1013026,21.996440625,0.000000000,139.805928973,49.694265625,389235.000000000,4
short_many_chains,1,seeded-sync,5,7,20000,64,0,0,0,1,1395240.827306250,1010743,21.996440625,0.000000000,250.000000000,80.000000000,389235.000000000,0
short_many_chains,1,learned-sync,5,7,20000,64,0,0,0,1,993692.383466513,1010743,21.996440625,0.000000000,139.805928973,49.694265625,389235.000000000,4
short_many_chains,1,seeded-sync,6,7,20000,64,0,0,0,1,1395240.827306250,1036327,21.996440625,0.000000000,250.000000000,80.000000000,389235.000000000,0
short_many_chains,1,learned-sync,6,7,20000,64,0,0,0,1,993692.383466513,1036327,21.996440625,0.000000000,139.805928973,49.694265625,389235.000000000,4
large_arrays,1,seeded-sync,0,7,1000000,64,0,0,0,1,50752998.143416844,27472161,22.586590484,0.000000000,250.000000000,80.000000000,383183.000000000,0
large_arrays,1,learned-sync,0,7,1000000,64,0,0,0,1,22318995.347203318,27472161,22.586590484,0.000000000,80.927108710,50.036065937,383183.000000000,4
large_arrays,1,seeded-sync,1,7,1000000,64,0,0,0,1,50752998.143416844,28228902,22.586590484,0.000000000,250.000000000,80.000000000,383183.000000000,0
large_arrays,1,learned-sync,1,7,1000000,64,0,0,0,1,22318995.347203318,28228902,22.586590484,0.000000000,80.927108710,50.036065937,383183.000000000,4
large_arrays,1,seeded-sync,2,7,1000000,64,0,0,0,1,50752998.143416844,25754512,22.586590484,0.000000000,250.000000000,80.000000000,383183.000000000,0
large_arrays,1,learned-sync,2,7,1000000,64,0,0,0,1,22318995.347203318,25754512,22.586590484,0.000000000,80.927108710,50.036065937,383183.000000000,4
large_arrays,1,seeded-sync,3,7,1000000,64,0,0,0,1,50752998.143416844,24773877,22.586590484,0.000000000,250.000000000,80.000000000,383183.000000000,0
large_arrays,1,learned-sync,3,7,1000000,64,0,0,0,1,22318995.347203318,24773877,22.586590484,0.000000000,80.927108710,50.036065937,383183.000000000,4
large_arrays,1,seeded-sync,4,7,1000000,64,0,0,0,1,50752998.143416844,26814794,22.586590484,0.000000000,250.000000000,80.000000000,383183.000000000,0
large_arrays,1,learned-sync,4,7,1000000,64,0,0,0,1,22318995.347203318,26814794,22.586590484,0.000000000,80.927108710,50.036065937,383183.000000000,4
large_arrays,1,seeded-sync,5,7,1000000,64,0,0,0,1,50752998.143416844,25437548,22.586590484,0.000000000,250.000000000,80.000000000,383183.000000000,0
large_arrays,1,learned-sync,5,7,1000000,64,0,0,0,1,22318995.347203318,25437548,22.586590484,0.000000000,80.927108710,50.036065937,383183.000000000,4
large_arrays,1,seeded-sync,6,7,1000000,64,0,0,0,1,50752998.143416844,25844160,22.586590484,0.000000000,250.000000000,80.000000000,383183.000000000,0
large_arrays,1,learned-sync,6,7,1000000,64,0,0,0,1,22318995.347203318,25844160,22.586590484,0.000000000,80.927108710,50.036065937,383183.000000000,4
tiny_chain,2,seeded-sync,0,2,257,1,0,0,0,1,239472.387828307,201395,22.103781615,0.000000000,250.000000000,80.000000000,194051.000000000,0
tiny_chain,2,learned-sync,0,2,257,1,0,0,0,1,236942.556156144,201395,22.103781615,0.000000000,259.400878906,50.988022860,194051.000000000,4
tiny_chain,2,seeded-sync,1,2,257,1,0,0,0,1,239472.387828307,192869,22.103781615,0.000000000,250.000000000,80.000000000,194051.000000000,0
tiny_chain,2,learned-sync,1,2,257,1,0,0,0,1,236942.556156144,192869,22.103781615,0.000000000,259.400878906,50.988022860,194051.000000000,4
tiny_chain,2,seeded-sync,2,2,257,1,0,0,0,1,239472.387828307,245698,22.103781615,0.000000000,250.000000000,80.000000000,194051.000000000,0
tiny_chain,2,learned-sync,2,2,257,1,0,0,0,1,236942.556156144,245698,22.103781615,0.000000000,259.400878906,50.988022860,194051.000000000,4
tiny_chain,2,seeded-sync,3,2,257,1,0,0,0,1,239472.387828307,190524,22.103781615,0.000000000,250.000000000,80.000000000,194051.000000000,0
tiny_chain,2,learned-sync,3,2,257,1,0,0,0,1,236942.556156144,190524,22.103781615,0.000000000,259.400878906,50.988022860,194051.000000000,4
tiny_chain,2,seeded-sync,4,2,257,1,0,0,0,1,239472.387828307,183983,22.103781615,0.000000000,250.000000000,80.000000000,194051.000000000,0
tiny_chain,2,learned-sync,4,2,257,1,0,0,0,1,236942.556156144,183983,22.103781615,0.000000000,259.400878906,50.988022860,194051.000000000,4
tiny_chain,2,seeded-sync,5,2,257,1,0,0,0,1,239472.387828307,178723,22.103781615,0.000000000,250.000000000,80.000000000,194051.000000000,0
tiny_chain,2,learned-sync,5,2,257,1,0,0,0,1,236942.556156144,178723,22.103781615,0.000000000,259.400878906,50.988022860,194051.000000000,4
tiny_chain,2,seeded-sync,6,2,257,1,0,0,0,1,239472.387828307,201115,22.103781615,0.000000000,250.000000000,80.000000000,194051.000000000,0
tiny_chain,2,learned-sync,6,2,257,1,0,0,0,1,236942.556156144,201115,22.103781615,0.000000000,259.400878906,50.988022860,194051.000000000,4
tiny_chain,2,seeded-sync,0,4,257,1,0,0,0,1,245668.831164883,278468,21.905094844,0.000000000,250.000000000,80.000000000,222795.000000000,0
tiny_chain,2,learned-sync,0,4,257,1,0,0,0,1,307698.536238021,278468,21.905094844,0.000000000,1230.473327637,53.829827335,222795.000000000,4
tiny_chain,2,seeded-sync,1,4,257,1,0,0,0,1,245668.831164883,275744,21.905094844,0.000000000,250.000000000,80.000000000,222795.000000000,0
tiny_chain,2,learned-sync,1,4,257,1,0,0,0,1,307698.536238021,275744,21.905094844,0.000000000,1230.473327637,53.829827335,222795.000000000,4
tiny_chain,2,seeded-sync,2,4,257,1,0,0,0,1,245668.831164883,307422,21.905094844,0.000000000,250.000000000,80.000000000,222795.000000000,0
tiny_chain,2,learned-sync,2,4,257,1,0,0,0,1,307698.536238021,307422,21.905094844,0.000000000,1230.473327637,53.829827335,222795.000000000,4
tiny_chain,2,seeded-sync,3,4,257,1,0,0,0,1,245668.831164883,280678,21.905094844,0.000000000,250.000000000,80.000000000,222795.000000000,0
tiny_chain,2,learned-sync,3,4,257,1,0,0,0,1,307698.536238021,280678,21.905094844,0.000000000,1230.473327637,53.829827335,222795.000000000,4
tiny_chain,2,seeded-sync,4,4,257,1,0,0,0,1,245668.831164883,276585,21.905094844,0.000000000,250.000000000,80.000000000,222795.000000000,0
tiny_chain,2,learned-sync,4,4,257,1,0,0,0,1,307698.536238021,276585,21.905094844,0.000000000,1230.473327637,53.829827335,222795.000000000,4
tiny_chain,2,seeded-sync,5,4,257,1,0,0,0,1,245668.831164883,277877,21.905094844,0.000000000,250.000000000,80.000000000,222795.000000000,0
tiny_chain,2,learned-sync,5,4,257,1,0,0,0,1,307698.536238021,277877,21.905094844,0.000000000,1230.473327637,53.829827335,222795.000000000,4
tiny_chain,2,seeded-sync,6,4,257,1,0,0,0,1,245668.831164883,378520,21.905094844,0.000000000,250.000000000,80.000000000,222795.000000000,0
tiny_chain,2,learned-sync,6,4,257,1,0,0,0,1,307698.536238021,378520,21.905094844,0.000000000,1230.473327637,53.829827335,222795.000000000,4
short_chain,1,seeded-sync,0,7,20000,1,0,0,0,1,1362612.719764062,4026741,22.326703906,0.000000000,250.000000000,80.000000000,355663.000000000,0
short_chain,1,learned-sync,0,7,20000,1,0,0,0,1,4067784.603019359,4026741,22.326703906,0.000000000,1225.697454404,50.828746875,355663.000000000,4
short_chain,1,seeded-sync,1,7,20000,1,0,0,0,1,1362612.719764062,3889203,22.326703906,0.000000000,250.000000000,80.000000000,355663.000000000,0
short_chain,1,learned-sync,1,7,20000,1,0,0,0,1,4067784.603019359,3889203,22.326703906,0.000000000,1225.697454404,50.828746875,355663.000000000,4
short_chain,1,seeded-sync,2,7,20000,1,0,0,0,1,1362612.719764062,4068285,22.326703906,0.000000000,250.000000000,80.000000000,355663.000000000,0
short_chain,1,learned-sync,2,7,20000,1,0,0,0,1,4067784.603019359,4068285,22.326703906,0.000000000,1225.697454404,50.828746875,355663.000000000,4
short_chain,1,seeded-sync,3,7,20000,1,0,0,0,1,1362612.719764062,4872806,22.326703906,0.000000000,250.000000000,80.000000000,355663.000000000,0
short_chain,1,learned-sync,3,7,20000,1,0,0,0,1,4067784.603019359,4872806,22.326703906,0.000000000,1225.697454404,50.828746875,355663.000000000,4
short_chain,1,seeded-sync,4,7,20000,1,0,0,0,1,1362612.719764062,4442724,22.326703906,0.000000000,250.000000000,80.000000000,355663.000000000,0
short_chain,1,learned-sync,4,7,20000,1,0,0,0,1,4067784.603019359,4442724,22.326703906,0.000000000,1225.697454404,50.828746875,355663.000000000,4
short_chain,1,seeded-sync,5,7,20000,1,0,0,0,1,1362612.719764062,3920091,22.326703906,0.000000000,250.000000000,80.000000000,355663.000000000,0
short_chain,1,learned-sync,5,7,20000,1,0,0,0,1,4067784.603019359,3920091,22.326703906,0.000000000,1225.697454404,50.828746875,355663.000000000,4
short_chain,1,seeded-sync,6,7,20000,1,0,0,0,1,1362612.719764062,4069507,22.326703906,0.000000000,250.000000000,80.000000000,355663.000000000,0
short_chain,1,learned-sync,6,7,20000,1,0,0,0,1,4067784.603019359,4069507,22.326703906,0.000000000,1225.697454404,50.828746875,355663.000000000,4
long_chain,0,seeded-sync,0,2,200000,1,0,0,0,1,35423103.515625000,24746371,22.208365156,0.000000000,250.000000000,80.000000000,202267.000000000,0
long_chain,0,learned-sync,0,2,200000,1,0,0,0,1,19627707.488690685,24746371,22.208365156,0.000000000,121.618006371,50.428033359,202267.000000000,4
long_chain,0,seeded-sync,1,2,200000,1,0,0,0,1,35423103.515625000,24743480,22.208365156,0.000000000,250.000000000,80.000000000,202267.000000000,0
long_chain,0,learned-sync,1,2,200000,1,0,0,0,1,19627707.488690685,24743480,22.208365156,0.000000000,121.618006371,50.428033359,202267.000000000,4
long_chain,0,seeded-sync,2,2,200000,1,0,0,0,1,35423103.515625000,24457007,22.208365156,0.000000000,250.000000000,80.000000000,202267.000000000,0
long_chain,0,learned-sync,2,2,200000,1,0,0,0,1,19627707.488690685,24457007,22.208365156,0.000000000,121.618006371,50.428033359,202267.000000000,4
long_chain,0,seeded-sync,3,2,200000,1,0,0,0,1,35423103.515625000,25696736,22.208365156,0.000000000,250.000000000,80.000000000,202267.000000000,0
long_chain,0,learned-sync,3,2,200000,1,0,0,0,1,19627707.488690685,25696736,22.208365156,0.000000000,121.618006371,50.428033359,202267.000000000,4
long_chain,0,seeded-sync,4,2,200000,1,0,0,0,1,35423103.515625000,25138085,22.208365156,0.000000000,250.000000000,80.000000000,202267.000000000,0
long_chain,0,learned-sync,4,2,200000,1,0,0,0,1,19627707.488690685,25138085,22.208365156,0.000000000,121.618006371,50.428033359,202267.000000000,4
long_chain,0,seeded-sync,5,2,200000,1,0,0,0,1,35423103.515625000,24227074,22.208365156,0.000000000,250.000000000,80.000000000,202267.000000000,0
long_chain,0,learned-sync,5,2,200000,1,0,0,0,1,19627707.488690685,24227074,22.208365156,0.000000000,121.618006371,50.428033359,202267.000000000,4
long_chain,0,seeded-sync,6,2,200000,1,0,0,0,1,35423103.515625000,23763395,22.208365156,0.000000000,250.000000000,80.000000000,202267.000000000,0
long_chain,0,learned-sync,6,2,200000,1,0,0,0,1,19627707.488690685,23763395,22.208365156,0.000000000,121.618006371,50.428033359,202267.000000000,4
uneven,2,seeded-sync,0,4,8193,3,4,8,0,1,1122639.442986772,702678,43.662247879,69.798192817,250.000000000,80.000000000,213989.000000000,0
uneven,2,learned-sync,0,4,8193,3,4,8,0,1,735233.221467351,702678,43.662247879,69.798192817,88.348431777,52.580693885,213989.000000000,4
uneven,2,seeded-sync,1,4,8193,3,4,8,0,1,1122639.442986772,751439,43.662247879,69.798192817,250.000000000,80.000000000,213989.000000000,0
uneven,2,learned-sync,1,4,8193,3,4,8,0,1,735233.221467351,751439,43.662247879,69.798192817,88.348431777,52.580693885,213989.000000000,4
uneven,2,seeded-sync,2,4,8193,3,4,8,0,1,1122639.442986772,809818,43.662247879,69.798192817,250.000000000,80.000000000,213989.000000000,0
uneven,2,learned-sync,2,4,8193,3,4,8,0,1,735233.221467351,809818,43.662247879,69.798192817,88.348431777,52.580693885,213989.000000000,4
uneven,2,seeded-sync,3,4,8193,3,4,8,0,1,1122639.442986772,806953,43.662247879,69.798192817,250.000000000,80.000000000,213989.000000000,0
uneven,2,learned-sync,3,4,8193,3,4,8,0,1,735233.221467351,806953,43.662247879,69.798192817,88.348431777,52.580693885,213989.000000000,4
uneven,2,seeded-sync,4,4,8193,3,4,8,0,1,1122639.442986772,763382,43.662247879,69.798192817,250.000000000,80.000000000,213989.000000000,0
uneven,2,learned-sync,4,4,8193,3,4,8,0,1,735233.221467351,763382,43.662247879,69.798192817,88.348431777,52.580693885,213989.000000000,4
uneven,2,seeded-sync,5,4,8193,3,4,8,0,1,1122639.442986772,796673,43.662247879,69.798192817,250.000000000,80.000000000,213989.000000000,0
uneven,2,learned-sync,5,4,8193,3,4,8,0,1,735233.221467351,796673,43.662247879,69.798192817,88.348431777,52.580693885,213989.000000000,4
uneven,2,seeded-sync,6,4,8193,3,4,8,0,1,1122639.442986772,931625,43.662247879,69.798192817,250.000000000,80.000000000,213989.000000000,0
uneven,2,learned-sync,6,4,8193,3,4,8,0,1,735233.221467351,931625,43.662247879,69.798192817,88.348431777,52.580693885,213989.000000000,4
tiny_chain,1,seeded-sync,0,5,257,1,0,0,0,1,365532.111624514,379927,25.482915856,0.000000000,250.000000000,80.000000000,347047.000000000,0
tiny_chain,1,learned-sync,0,5,257,1,0,0,0,1,499252.331402374,379927,25.482915856,0.000000000,2850.470825195,51.071862840,347047.000000000,4
tiny_chain,1,seeded-sync,1,5,257,1,0,0,0,1,365532.111624514,369057,25.482915856,0.000000000,250.000000000,80.000000000,347047.000000000,0
tiny_chain,1,learned-sync,1,5,257,1,0,0,0,1,499252.331402374,369057,25.482915856,0.000000000,2850.470825195,51.071862840,347047.000000000,4
tiny_chain,1,seeded-sync,2,5,257,1,0,0,0,1,365532.111624514,414472,25.482915856,0.000000000,250.000000000,80.000000000,347047.000000000,0
tiny_chain,1,learned-sync,2,5,257,1,0,0,0,1,499252.331402374,414472,25.482915856,0.000000000,2850.470825195,51.071862840,347047.000000000,4
tiny_chain,1,seeded-sync,3,5,257,1,0,0,0,1,365532.111624514,372183,25.482915856,0.000000000,250.000000000,80.000000000,347047.000000000,0
tiny_chain,1,learned-sync,3,5,257,1,0,0,0,1,499252.331402374,372183,25.482915856,0.000000000,2850.470825195,51.071862840,347047.000000000,4
tiny_chain,1,seeded-sync,4,5,257,1,0,0,0,1,365532.111624514,489762,25.482915856,0.000000000,250.000000000,80.000000000,347047.000000000,0
tiny_chain,1,learned-sync,4,5,257,1,0,0,0,1,499252.331402374,489762,25.482915856,0.000000000,2850.470825195,51.071862840,347047.000000000,4
tiny_chain,1,seeded-sync,5,5,257,1,0,0,0,1,365532.111624514,469154,25.482915856,0.000000000,250.000000000,80.000000000,347047.000000000,0
tiny_chain,1,learned-sync,5,5,257,1,0,0,0,1,499252.331402374,469154,25.482915856,0.000000000,2850.470825195,51.071862840,347047.000000000,4
tiny_chain,1,seeded-sync,6,5,257,1,0,0,0,1,365532.111624514,502005,25.482915856,0.000000000,250.000000000,80.000000000,347047.000000000,0
tiny_chain,1,learned-sync,6,5,257,1,0,0,0,1,499252.331402374,502005,25.482915856,0.000000000,2850.470825195,51.071862840,347047.000000000,4
independent_before,1,seeded-sync,0,4,32768,4,0,16,0,1,4101851.500000000,1847029,22.723311901,117.871231556,250.000000000,80.000000000,246741.000000000,0
independent_before,1,learned-sync,0,4,32768,4,0,16,0,1,1948584.811280578,1847029,22.723311901,117.871231556,36.291749329,30.858313084,246741.000000000,4
independent_before,1,seeded-sync,1,4,32768,4,0,16,0,1,4101851.500000000,2030862,22.723311901,117.871231556,250.000000000,80.000000000,246741.000000000,0
independent_before,1,learned-sync,1,4,32768,4,0,16,0,1,1948584.811280578,2030862,22.723311901,117.871231556,36.291749329,30.858313084,246741.000000000,4
independent_before,1,seeded-sync,2,4,32768,4,0,16,0,1,4101851.500000000,2594262,22.723311901,117.871231556,250.000000000,80.000000000,246741.000000000,0
independent_before,1,learned-sync,2,4,32768,4,0,16,0,1,1948584.811280578,2594262,22.723311901,117.871231556,36.291749329,30.858313084,246741.000000000,4
independent_before,1,seeded-sync,3,4,32768,4,0,16,0,1,4101851.500000000,2195419,22.723311901,117.871231556,250.000000000,80.000000000,246741.000000000,0
independent_before,1,learned-sync,3,4,32768,4,0,16,0,1,1948584.811280578,2195419,22.723311901,117.871231556,36.291749329,30.858313084,246741.000000000,4
independent_before,1,seeded-sync,4,4,32768,4,0,16,0,1,4101851.500000000,2090594,22.723311901,117.871231556,250.000000000,80.000000000,246741.000000000,0
independent_before,1,learned-sync,4,4,32768,4,0,16,0,1,1948584.811280578,2090594,22.723311901,117.871231556,36.291749329,30.858313084,246741.000000000,4
independent_before,1,seeded-sync,5,4,32768,4,0,16,0,1,4101851.500000000,1995125,22.723311901,117.871231556,250.000000000,80.000000000,246741.000000000,0
independent_before,1,learned-sync,5,4,32768,4,0,16,0,1,1948584.811280578,1995125,22.723311901,117.871231556,36.291749329,30.858313084,246741.000000000,4
independent_before,1,seeded-sync,6,4,32768,4,0,16,0,1,4101851.500000000,2015102,22.723311901,117.871231556,250.000000000,80.000000000,246741.000000000,0
independent_before,1,learned-sync,6,4,32768,4,0,16,0,1,1948584.811280578,2015102,22.723311901,117.871231556,36.291749329,30.858313084,246741.000000000,4
short_chain,0,seeded-sync,0,4,20000,1,0,0,0,1,1982945.140625000,3268113,23.138028125,0.000000000,250.000000000,80.000000000,217255.000000000,0
short_chain,0,learned-sync,0,4,20000,1,0,0,0,1,2988998.893131962,3268113,23.138028125,0.000000000,477.525652845,53.685097656,217255.000000000,4
short_chain,0,seeded-sync,1,4,20000,1,0,0,0,1,1982945.140625000,3129141,23.138028125,0.000000000,250.000000000,80.000000000,217255.000000000,0
short_chain,0,learned-sync,1,4,20000,1,0,0,0,1,2988998.893131962,3129141,23.138028125,0.000000000,477.525652845,53.685097656,217255.000000000,4
short_chain,0,seeded-sync,2,4,20000,1,0,0,0,1,1982945.140625000,3414038,23.138028125,0.000000000,250.000000000,80.000000000,217255.000000000,0
short_chain,0,learned-sync,2,4,20000,1,0,0,0,1,2988998.893131962,3414038,23.138028125,0.000000000,477.525652845,53.685097656,217255.000000000,4
short_chain,0,seeded-sync,3,4,20000,1,0,0,0,1,1982945.140625000,3181605,23.138028125,0.000000000,250.000000000,80.000000000,217255.000000000,0
short_chain,0,learned-sync,3,4,20000,1,0,0,0,1,2988998.893131962,3181605,23.138028125,0.000000000,477.525652845,53.685097656,217255.000000000,4
short_chain,0,seeded-sync,4,4,20000,1,0,0,0,1,1982945.140625000,3089954,23.138028125,0.000000000,250.000000000,80.000000000,217255.000000000,0
short_chain,0,learned-sync,4,4,20000,1,0,0,0,1,2988998.893131962,3089954,23.138028125,0.000000000,477.525652845,53.685097656,217255.000000000,4
short_chain,0,seeded-sync,5,4,20000,1,0,0,0,1,1982945.140625000,3475142,23.138028125,0.000000000,250.000000000,80.000000000,217255.000000000,0
short_chain,0,learned-sync,5,4,20000,1,0,0,0,1,2988998.893131962,3475142,23.138028125,0.000000000,477.525652845,53.685097656,217255.000000000,4
short_chain,0,seeded-sync,6,4,20000,1,0,0,0,1,1982945.140625000,3277770,23.138028125,0.000000000,250.000000000,80.000000000,217255.000000000,0
short_chain,0,learned-sync,6,4,20000,1,0,0,0,1,2988998.893131962,3277770,23.138028125,0.000000000,477.525652845,53.685097656,217255.000000000,4
long_four_chains,2,seeded-sync,0,2,200000,4,0,0,0,1,35468850.031250000,10184698,22.614940312,0.000000000,250.000000000,80.000000000,207356.000000000,0
long_four_chains,2,learned-sync,0,2,200000,4,0,0,0,1,8391791.281224063,10184698,22.614940312,0.000000000,28.148424531,31.080987969,207356.000000000,4
long_four_chains,2,seeded-sync,1,2,200000,4,0,0,0,1,35468850.031250000,11047875,22.614940312,0.000000000,250.000000000,80.000000000,207356.000000000,0
long_four_chains,2,learned-sync,1,2,200000,4,0,0,0,1,8391791.281224063,11047875,22.614940312,0.000000000,28.148424531,31.080987969,207356.000000000,4
long_four_chains,2,seeded-sync,2,2,200000,4,0,0,0,1,35468850.031250000,10562621,22.614940312,0.000000000,250.000000000,80.000000000,207356.000000000,0
long_four_chains,2,learned-sync,2,2,200000,4,0,0,0,1,8391791.281224063,10562621,22.614940312,0.000000000,28.148424531,31.080987969,207356.000000000,4
long_four_chains,2,seeded-sync,3,2,200000,4,0,0,0,1,35468850.031250000,11906774,22.614940312,0.000000000,250.000000000,80.000000000,207356.000000000,0
long_four_chains,2,learned-sync,3,2,200000,4,0,0,0,1,8391791.281224063,11906774,22.614940312,0.000000000,28.148424531,31.080987969,207356.000000000,4
long_four_chains,2,seeded-sync,4,2,200000,4,0,0,0,1,35468850.031250000,11232468,22.614940312,0.000000000,250.000000000,80.000000000,207356.000000000,0
long_four_chains,2,learned-sync,4,2,200000,4,0,0,0,1,8391791.281224063,11232468,22.614940312,0.000000000,28.148424531,31.080987969,207356.000000000,4
long_four_chains,2,seeded-sync,5,2,200000,4,0,0,0,1,35468850.031250000,10287539,22.614940312,0.000000000,250.000000000,80.000000000,207356.000000000,0
long_four_chains,2,learned-sync,5,2,200000,4,0,0,0,1,8391791.281224063,10287539,22.614940312,0.000000000,28.148424531,31.080987969,207356.000000000,4
long_four_chains,2,seeded-sync,6,2,200000,4,0,0,0,1,35468850.031250000,10960562,22.614940312,0.000000000,250.000000000,80.000000000,207356.000000000,0
long_four_chains,2,learned-sync,6,2,200000,4,0,0,0,1,8391791.281224063,10960562,22.614940312,0.000000000,28.148424531,31.080987969,207356.000000000,4
independent_before,2,seeded-sync,0,5,32768,4,0,16,0,1,3368671.801413536,2455854,22.531099796,116.073996544,250.000000000,80.000000000,297434.000000000,0
independent_before,2,learned-sync,0,5,32768,4,0,16,0,1,2074768.552465825,2455854,22.531099796,116.073996544,83.403680488,49.174401760,297434.000000000,4
independent_before,2,seeded-sync,1,5,32768,4,0,16,0,1,3368671.801413536,2221878,22.531099796,116.073996544,250.000000000,80.000000000,297434.000000000,0
independent_before,2,learned-sync,1,5,32768,4,0,16,0,1,2074768.552465825,2221878,22.531099796,116.073996544,83.403680488,49.174401760,297434.000000000,4
independent_before,2,seeded-sync,2,5,32768,4,0,16,0,1,3368671.801413536,2322896,22.531099796,116.073996544,250.000000000,80.000000000,297434.000000000,0
independent_before,2,learned-sync,2,5,32768,4,0,16,0,1,2074768.552465825,2322896,22.531099796,116.073996544,83.403680488,49.174401760,297434.000000000,4
independent_before,2,seeded-sync,3,5,32768,4,0,16,0,1,3368671.801413536,2265148,22.531099796,116.073996544,250.000000000,80.000000000,297434.000000000,0
independent_before,2,learned-sync,3,5,32768,4,0,16,0,1,2074768.552465825,2265148,22.531099796,116.073996544,83.403680488,49.174401760,297434.000000000,4
independent_before,2,seeded-sync,4,5,32768,4,0,16,0,1,3368671.801413536,2442329,22.531099796,116.073996544,250.000000000,80.000000000,297434.000000000,0
independent_before,2,learned-sync,4,5,32768,4,0,16,0,1,2074768.552465825,2442329,22.531099796,116.073996544,83.403680488,49.174401760,297434.000000000,4
independent_before,2,seeded-sync,5,5,32768,4,0,16,0,1,3368671.801413536,2261742,22.531099796,116.073996544,250.000000000,80.000000000,297434.000000000,0
independent_before,2,learned-sync,5,5,32768,4,0,16,0,1,2074768.552465825,2261742,22.531099796,116.073996544,83.403680488,49.174401760,297434.000000000,4
independent_before,2,seeded-sync,6,5,32768,4,0,16,0,1,3368671.801413536,2710277,22.531099796,116.073996544,250.000000000,80.000000000,297434.000000000,0
independent_before,2,learned-sync,6,5,32768,4,0,16,0,1,2074768.552465825,2710277,22.531099796,116.073996544,83.403680488,49.174401760,297434.000000000,4
short_chain,0,seeded-sync,0,8,20000,1,0,0,0,1,1298259.623046875,4536593,22.296649219,0.000000000,250.000000000,80.000000000,417518.000000000,0
short_chain,0,learned-sync,0,8,20000,1,0,0,0,1,4276469.496874746,4536593,22.296649219,0.000000000,1468.459372969,52.824576562,417518.000000000,4
short_chain,0,seeded-sync,1,8,20000,1,0,0,0,1,1298259.623046875,6658610,22.296649219,0.000000000,250.000000000,80.000000000,417518.000000000,0
short_chain,0,learned-sync,1,8,20000,1,0,0,0,1,4276469.496874746,6658610,22.296649219,0.000000000,1468.459372969,52.824576562,417518.000000000,4
short_chain,0,seeded-sync,2,8,20000,1,0,0,0,1,1298259.623046875,5321480,22.296649219,0.000000000,250.000000000,80.000000000,417518.000000000,0
short_chain,0,learned-sync,2,8,20000,1,0,0,0,1,4276469.496874746,5321480,22.296649219,0.000000000,1468.459372969,52.824576562,417518.000000000,4
short_chain,0,seeded-sync,3,8,20000,1,0,0,0,1,1298259.623046875,4693763,22.296649219,0.000000000,250.000000000,80.000000000,417518.000000000,0
short_chain,0,learned-sync,3,8,20000,1,0,0,0,1,4276469.496874746,4693763,22.296649219,0.000000000,1468.459372969,52.824576562,417518.000000000,4
short_chain,0,seeded-sync,4,8,20000,1,0,0,0,1,1298259.623046875,4756015,22.296649219,0.000000000,250.000000000,80.000000000,417518.000000000,0
short_chain,0,learned-sync,4,8,20000,1,0,0,0,1,4276469.496874746,4756015,22.296649219,0.000000000,1468.459372969,52.824576562,417518.000000000,4
short_chain,0,seeded-sync,5,8,20000,1,0,0,0,1,1298259.623046875,4277727,22.296649219,0.000000000,250.000000000,80.000000000,417518.000000000,0
short_chain,0,learned-sync,5,8,20000,1,0,0,0,1,4276469.496874746,4277727,22.296649219,0.000000000,1468.459372969,52.824576562,417518.000000000,4
short_chain,0,seeded-sync,6,8,20000,1,0,0,0,1,1298259.623046875,4676519,22.296649219,0.000000000,250.000000000,80.000000000,417518.000000000,0
short_chain,0,learned-sync,6,8,20000,1,0,0,0,1,4276469.496874746,4676519,22.296649219,0.000000000,1468.459372969,52.824576562,417518.000000000,4
independent_before,2,seeded-sync,0,6,32768,4,0,16,0,1,3124212.466785431,2004343,23.182156563,118.658646584,250.000000000,80.000000000,547018.000000000,0
independent_before,2,learned-sync,0,6,32768,4,0,16,0,1,2048336.713884930,2004343,23.182156563,118.658646584,87.724244788,45.301065922,547018.000000000,4
independent_before,2,seeded-sync,1,6,32768,4,0,16,0,1,3124212.466785431,2115405,23.182156563,118.658646584,250.000000000,80.000000000,547018.000000000,0
independent_before,2,learned-sync,1,6,32768,4,0,16,0,1,2048336.713884930,2115405,23.182156563,118.658646584,87.724244788,45.301065922,547018.000000000,4
independent_before,2,seeded-sync,2,6,32768,4,0,16,0,1,3124212.466785431,2003912,23.182156563,118.658646584,250.000000000,80.000000000,547018.000000000,0
independent_before,2,learned-sync,2,6,32768,4,0,16,0,1,2048336.713884930,2003912,23.182156563,118.658646584,87.724244788,45.301065922,547018.000000000,4
independent_before,2,seeded-sync,3,6,32768,4,0,16,0,1,3124212.466785431,1999905,23.182156563,118.658646584,250.000000000,80.000000000,547018.000000000,0
independent_before,2,learned-sync,3,6,32768,4,0,16,0,1,2048336.713884930,1999905,23.182156563,118.658646584,87.724244788,45.301065922,547018.000000000,4
independent_before,2,seeded-sync,4,6,32768,4,0,16,0,1,3124212.466785431,1946665,23.182156563,118.658646584,250.000000000,80.000000000,547018.000000000,0
independent_before,2,learned-sync,4,6,32768,4,0,16,0,1,2048336.713884930,1946665,23.182156563,118.658646584,87.724244788,45.301065922,547018.000000000,4
independent_before,2,seeded-sync,5,6,32768,4,0,16,0,1,3124212.466785431,2036162,23.182156563,118.658646584,250.000000000,80.000000000,547018.000000000,0
independent_before,2,learned-sync,5,6,32768,4,0,16,0,1,2048336.713884930,2036162,23.182156563,118.658646584,87.724244788,45.301065922,547018.000000000,4
independent_before,2,seeded-sync,6,6,32768,4,0,16,0,1,3124212.466785431,2002730,23.182156563,118.658646584,250.000000000,80.000000000,547018.000000000,0
independent_before,2,learned-sync,6,6,32768,4,0,16,0,1,2048336.713884930,2002730,23.182156563,118.658646584,87.724244788,45.301065922,547018.000000000,4
short_four_chains,1,seeded-sync,0,4,20000,4,0,0,0,1,2024852.718750000,772548,22.460743750,0.000000000,250.000000000,80.000000000,262549.000000000,0
short_four_chains,1,learned-sync,0,4,20000,4,0,0,0,1,719258.283237116,772548,22.460743750,0.000000000,32.834018366,36.047094531,262549.000000000,4
short_four_chains,1,seeded-sync,1,4,20000,4,0,0,0,1,2024852.718750000,752191,22.460743750,0.000000000,250.000000000,80.000000000,262549.000000000,0
short_four_chains,1,learned-sync,1,4,20000,4,0,0,0,1,719258.283237116,752191,22.460743750,0.000000000,32.834018366,36.047094531,262549.000000000,4
short_four_chains,1,seeded-sync,2,4,20000,4,0,0,0,1,2024852.718750000,869470,22.460743750,0.000000000,250.000000000,80.000000000,262549.000000000,0
short_four_chains,1,learned-sync,2,4,20000,4,0,0,0,1,719258.283237116,869470,22.460743750,0.000000000,32.834018366,36.047094531,262549.000000000,4
short_four_chains,1,seeded-sync,3,4,20000,4,0,0,0,1,2024852.718750000,803586,22.460743750,0.000000000,250.000000000,80.000000000,262549.000000000,0
short_four_chains,1,learned-sync,3,4,20000,4,0,0,0,1,719258.283237116,803586,22.460743750,0.000000000,32.834018366,36.047094531,262549.000000000,4
short_four_chains,1,seeded-sync,4,4,20000,4,0,0,0,1,2024852.718750000,792365,22.460743750,0.000000000,250.000000000,80.000000000,262549.000000000,0
short_four_chains,1,learned-sync,4,4,20000,4,0,0,0,1,719258.283237116,792365,22.460743750,0.000000000,32.834018366,36.047094531,262549.000000000,4
short_four_chains,1,seeded-sync,5,4,20000,4,0,0,0,1,2024852.718750000,795612,22.460743750,0.000000000,250.000000000,80.000000000,262549.000000000,0
short_four_chains,1,learned-sync,5,4,20000,4,0,0,0,1,719258.283237116,795612,22.460743750,0.000000000,32.834018366,36.047094531,262549.000000000,4
short_four_chains,1,seeded-sync,6,4,20000,4,0,0,0,1,2024852.718750000,884638,22.460743750,0.000000000,250.000000000,80.000000000,262549.000000000,0
short_four_chains,1,learned-sync,6,4,20000,4,0,0,0,1,719258.283237116,884638,22.460743750,0.000000000,32.834018366,36.047094531,262549.000000000,4
short_four_chains,1,seeded-sync,0,6,20000,4,0,0,0,1,1526620.452798437,996926,22.347166406,0.000000000,250.000000000,80.000000000,351895.000000000,0
short_four_chains,1,learned-sync,0,6,20000,4,0,0,0,1,900928.164382612,996926,22.347166406,0.000000000,91.667216256,50.662631250,351895.000000000,4
short_four_chains,1,seeded-sync,1,6,20000,4,0,0,0,1,1526620.452798437,1001645,22.347166406,0.000000000,250.000000000,80.000000000,351895.000000000,0
short_four_chains,1,learned-sync,1,6,20000,4,0,0,0,1,900928.164382612,1001645,22.347166406,0.000000000,91.667216256,50.662631250,351895.000000000,4
short_four_chains,1,seeded-sync,2,6,20000,4,0,0,0,1,1526620.452798437,1017935,22.347166406,0.000000000,250.000000000,80.000000000,351895.000000000,0
short_four_chains,1,learned-sync,2,6,20000,4,0,0,0,1,900928.164382612,1017935,22.347166406,0.000000000,91.667216256,50.662631250,351895.000000000,4
short_four_chains,1,seeded-sync,3,6,20000,4,0,0,0,1,1526620.452798437,1012636,22.347166406,0.000000000,250.000000000,80.000000000,351895.000000000,0
short_four_chains,1,learned-sync,3,6,20000,4,0,0,0,1,900928.164382612,1012636,22.347166406,0.000000000,91.667216256,50.662631250,351895.000000000,4
short_four_chains,1,seeded-sync,4,6,20000,4,0,0,0,1,1526620.452798437,1095987,22.347166406,0.000000000,250.000000000,80.000000000,351895.000000000,0
short_four_chains,1,learned-sync,4,6,20000,4,0,0,0,1,900928.164382612,1095987,22.347166406,0.000000000,91.667216256,50.662631250,351895.000000000,4
short_four_chains,1,seeded-sync,5,6,20000,4,0,0,0,1,1526620.452798437,1043928,22.347166406,0.000000000,250.000000000,80.000000000,351895.000000000,0
short_four_chains,1,learned-sync,5,6,20000,4,0,0,0,1,900928.164382612,1043928,22.347166406,0.000000000,91.667216256,50.662631250,351895.000000000,4
short_four_chains,1,seeded-sync,6,6,20000,4,0,0,0,1,1526620.452798437,1116609,22.347166406,0.000000000,250.000000000,80.000000000,351895.000000000,0
short_four_chains,1,learned-sync,6,6,20000,4,0,0,0,1,900928.164382612,1116609,22.347166406,0.000000000,91.667216256,50.662631250,351895.000000000,4
short_many_chains,2,seeded-sync,0,3,20000,64,0,0,0,1,2616597.735517188,1175366,22.175301563,0.000000000,250.000000000,80.000000000,268645.000000000,0
short_many_chains,2,learned-sync,0,3,20000,64,0,0,0,1,984170.777091756,1175366,22.175301563,0.000000000,42.830199607,42.317999219,268645.000000000,4
short_many_chains,2,seeded-sync,1,3,20000,64,0,0,0,1,2616597.735517188,1046599,22.175301563,0.000000000,250.000000000,80.000000000,268645.000000000,0
short_many_chains,2,learned-sync,1,3,20000,64,0,0,0,1,984170.777091756,1046599,22.175301563,0.000000000,42.830199607,42.317999219,268645.000000000,4
short_many_chains,2,seeded-sync,2,3,20000,64,0,0,0,1,2616597.735517188,1052300,22.175301563,0.000000000,250.000000000,80.000000000,268645.000000000,0
short_many_chains,2,learned-sync,2,3,20000,64,0,0,0,1,984170.777091756,1052300,22.175301563,0.000000000,42.830199607,42.317999219,268645.000000000,4
short_many_chains,2,seeded-sync,3,3,20000,64,0,0,0,1,2616597.735517188,1256279,22.175301563,0.000000000,250.000000000,80.000000000,268645.000000000,0
short_many_chains,2,learned-sync,3,3,20000,64,0,0,0,1,984170.777091756,1256279,22.175301563,0.000000000,42.830199607,42.317999219,268645.000000000,4
short_many_chains,2,seeded-sync,4,3,20000,64,0,0,0,1,2616597.735517188,1237489,22.175301563,0.000000000,250.000000000,80.000000000,268645.000000000,0
short_many_chains,2,learned-sync,4,3,20000,64,0,0,0,1,984170.777091756,1237489,22.175301563,0.000000000,42.830199607,42.317999219,268645.000000000,4
short_many_chains,2,seeded-sync,5,3,20000,64,0,0,0,1,2616597.735517188,1205225,22.175301563,0.000000000,250.000000000,80.000000000,268645.000000000,0
short_many_chains,2,learned-sync,5,3,20000,64,0,0,0,1,984170.777091756,1205225,22.175301563,0.000000000,42.830199607,42.317999219,268645.000000000,4
short_many_chains,2,seeded-sync,6,3,20000,64,0,0,0,1,2616597.735517188,1086694,22.175301563,0.000000000,250.000000000,80.000000000,268645.000000000,0
short_many_chains,2,learned-sync,6,3,20000,64,0,0,0,1,984170.777091756,1086694,22.175301563,0.000000000,42.830199607,42.317999219,268645.000000000,4
dependent_compute,0,seeded-sync,0,4,32768,1,16,0,0,1,3891785.449218750,7955005,117.919976711,0.000000000,250.000000000,80.000000000,222425.000000000,0
dependent_compute,0,learned-sync,0,4,32768,1,16,0,0,1,7591918.888845747,7955005,117.919976711,0.000000000,729.211632988,52.464812279,222425.000000000,4
dependent_compute,0,seeded-sync,1,4,32768,1,16,0,0,1,3891785.449218750,7997964,117.919976711,0.000000000,250.000000000,80.000000000,222425.000000000,0
dependent_compute,0,learned-sync,1,4,32768,1,16,0,0,1,7591918.888845747,7997964,117.919976711,0.000000000,729.211632988,52.464812279,222425.000000000,4
dependent_compute,0,seeded-sync,2,4,32768,1,16,0,0,1,3891785.449218750,8183690,117.919976711,0.000000000,250.000000000,80.000000000,222425.000000000,0
dependent_compute,0,learned-sync,2,4,32768,1,16,0,0,1,7591918.888845747,8183690,117.919976711,0.000000000,729.211632988,52.464812279,222425.000000000,4
dependent_compute,0,seeded-sync,3,4,32768,1,16,0,0,1,3891785.449218750,8224851,117.919976711,0.000000000,250.000000000,80.000000000,222425.000000000,0
dependent_compute,0,learned-sync,3,4,32768,1,16,0,0,1,7591918.888845747,8224851,117.919976711,0.000000000,729.211632988,52.464812279,222425.000000000,4
dependent_compute,0,seeded-sync,4,4,32768,1,16,0,0,1,3891785.449218750,8237622,117.919976711,0.000000000,250.000000000,80.000000000,222425.000000000,0
dependent_compute,0,learned-sync,4,4,32768,1,16,0,0,1,7591918.888845747,8237622,117.919976711,0.000000000,729.211632988,52.464812279,222425.000000000,4
dependent_compute,0,seeded-sync,5,4,32768,1,16,0,0,1,3891785.449218750,8044241,117.919976711,0.000000000,250.000000000,80.000000000,222425.000000000,0
dependent_compute,0,learned-sync,5,4,32768,1,16,0,0,1,7591918.888845747,8044241,117.919976711,0.000000000,729.211632988,52.464812279,222425.000000000,4
dependent_compute,0,seeded-sync,6,4,32768,1,16,0,0,1,3891785.449218750,8497926,117.919976711,0.000000000,250.000000000,80.000000000,222425.000000000,0
dependent_compute,0,learned-sync,6,4,32768,1,16,0,0,1,7591918.888845747,8497926,117.919976711,0.000000000,729.211632988,52.464812279,222425.000000000,4
long_four_chains,0,seeded-sync,0,7,200000,4,0,0,0,1,10447208.505580625,9915315,22.705078594,0.000000000,250.000000000,80.000000000,369719.000000000,0
long_four_chains,0,learned-sync,0,7,200000,4,0,0,0,1,7685047.551668759,9915315,22.705078594,0.000000000,163.207479150,70.118820938,369719.000000000,4
long_four_chains,0,seeded-sync,1,7,200000,4,0,0,0,1,10447208.505580625,9472966,22.705078594,0.000000000,250.000000000,80.000000000,369719.000000000,0
long_four_chains,0,learned-sync,1,7,200000,4,0,0,0,1,7685047.551668759,9472966,22.705078594,0.000000000,163.207479150,70.118820938,369719.000000000,4
long_four_chains,0,seeded-sync,2,7,200000,4,0,0,0,1,10447208.505580625,9272283,22.705078594,0.000000000,250.000000000,80.000000000,369719.000000000,0
long_four_chains,0,learned-sync,2,7,200000,4,0,0,0,1,7685047.551668759,9272283,22.705078594,0.000000000,163.207479150,70.118820938,369719.000000000,4
long_four_chains,0,seeded-sync,3,7,200000,4,0,0,0,1,10447208.505580625,9256211,22.705078594,0.000000000,250.000000000,80.000000000,369719.000000000,0
long_four_chains,0,learned-sync,3,7,200000,4,0,0,0,1,7685047.551668759,9256211,22.705078594,0.000000000,163.207479150,70.118820938,369719.000000000,4
long_four_chains,0,seeded-sync,4,7,200000,4,0,0,0,1,10447208.505580625,9283536,22.705078594,0.000000000,250.000000000,80.000000000,369719.000000000,0
long_four_chains,0,learned-sync,4,7,200000,4,0,0,0,1,7685047.551668759,9283536,22.705078594,0.000000000,163.207479150,70.118820938,369719.000000000,4
long_four_chains,0,seeded-sync,5,7,200000,4,0,0,0,1,10447208.505580625,9228820,22.705078594,0.000000000,250.000000000,80.000000000,369719.000000000,0
long_four_chains,0,learned-sync,5,7,200000,4,0,0,0,1,7685047.551668759,9228820,22.705078594,0.000000000,163.207479150,70.118820938,369719.000000000,4
long_four_chains,0,seeded-sync,6,7,200000,4,0,0,0,1,10447208.505580625,9309423,22.705078594,0.000000000,250.000000000,80.000000000,369719.000000000,0
long_four_chains,0,learned-sync,6,7,200000,4,0,0,0,1,7685047.551668759,9309423,22.705078594,0.000000000,163.207479150,70.118820938,369719.000000000,4
dependent_compute,2,seeded-sync,0,7,32768,1,16,0,0,1,2484735.867900848,9886331,119.189634323,0.000000000,250.000000000,80.000000000,381630.000000000,0
dependent_compute,2,learned-sync,0,7,32768,1,16,0,0,1,8718184.065931283,9886331,119.189634323,0.000000000,1609.199714080,52.164702415,381630.000000000,4
dependent_compute,2,seeded-sync,1,7,32768,1,16,0,0,1,2484735.867900848,9524418,119.189634323,0.000000000,250.000000000,80.000000000,381630.000000000,0
dependent_compute,2,learned-sync,1,7,32768,1,16,0,0,1,8718184.065931283,9524418,119.189634323,0.000000000,1609.199714080,52.164702415,381630.000000000,4
dependent_compute,2,seeded-sync,2,7,32768,1,16,0,0,1,2484735.867900848,9013728,119.189634323,0.000000000,250.000000000,80.000000000,381630.000000000,0
dependent_compute,2,learned-sync,2,7,32768,1,16,0,0,1,8718184.065931283,9013728,119.189634323,0.000000000,1609.199714080,52.164702415,381630.000000000,4
dependent_compute,2,seeded-sync,3,7,32768,1,16,0,0,1,2484735.867900848,9295741,119.189634323,0.000000000,250.000000000,80.000000000,381630.000000000,0
dependent_compute,2,learned-sync,3,7,32768,1,16,0,0,1,8718184.065931283,9295741,119.189634323,0.000000000,1609.199714080,52.164702415,381630.000000000,4
dependent_compute,2,seeded-sync,4,7,32768,1,16,0,0,1,2484735.867900848,9107252,119.189634323,0.000000000,250.000000000,80.000000000,381630.000000000,0
dependent_compute,2,learned-sync,4,7,32768,1,16,0,0,1,8718184.065931283,9107252,119.189634323,0.000000000,1609.199714080,52.164702415,381630.000000000,4
dependent_compute,2,seeded-sync,5,7,32768,1,16,0,0,1,2484735.867900848,9488491,119.189634323,0.000000000,250.000000000,80.000000000,381630.000000000,0
dependent_compute,2,learned-sync,5,7,32768,1,16,0,0,1,8718184.065931283,9488491,119.189634323,0.000000000,1609.199714080,52.164702415,381630.000000000,4
dependent_compute,2,seeded-sync,6,7,32768,1,16,0,0,1,2484735.867900848,9382248,119.189634323,0.000000000,250.000000000,80.000000000,381630.000000000,0
dependent_compute,2,learned-sync,6,7,32768,1,16,0,0,1,8718184.065931283,9382248,119.189634323,0.000000000,1609.199714080,52.164702415,381630.000000000,4
two_streams,1,seeded-sync,0,8,32768,4,0,0,0,2,3262076.087890625,2192803,22.367208958,0.000000000,250.000000000,80.000000000,467100.000000000,0
two_streams,1,learned-sync,0,8,32768,4,0,0,0,2,1833810.008410527,2192803,22.367208958,0.000000000,108.979113652,46.671999693,467100.000000000,4
two_streams,1,seeded-sync,1,8,32768,4,0,0,0,2,3262076.087890625,2183075,22.367208958,0.000000000,250.000000000,80.000000000,467100.000000000,0
two_streams,1,learned-sync,1,8,32768,4,0,0,0,2,1833810.008410527,2183075,22.367208958,0.000000000,108.979113652,46.671999693,467100.000000000,4
two_streams,1,seeded-sync,2,8,32768,4,0,0,0,2,3262076.087890625,2260981,22.367208958,0.000000000,250.000000000,80.000000000,467100.000000000,0
two_streams,1,learned-sync,2,8,32768,4,0,0,0,2,1833810.008410527,2260981,22.367208958,0.000000000,108.979113652,46.671999693,467100.000000000,4
two_streams,1,seeded-sync,3,8,32768,4,0,0,0,2,3262076.087890625,2575145,22.367208958,0.000000000,250.000000000,80.000000000,467100.000000000,0
two_streams,1,learned-sync,3,8,32768,4,0,0,0,2,1833810.008410527,2575145,22.367208958,0.000000000,108.979113652,46.671999693,467100.000000000,4
two_streams,1,seeded-sync,4,8,32768,4,0,0,0,2,3262076.087890625,2294032,22.367208958,0.000000000,250.000000000,80.000000000,467100.000000000,0
two_streams,1,learned-sync,4,8,32768,4,0,0,0,2,1833810.008410527,2294032,22.367208958,0.000000000,108.979113652,46.671999693,467100.000000000,4
two_streams,1,seeded-sync,5,8,32768,4,0,0,0,2,3262076.087890625,2350447,22.367208958,0.000000000,250.000000000,80.000000000,467100.000000000,0
two_streams,1,learned-sync,5,8,32768,4,0,0,0,2,1833810.008410527,2350447,22.367208958,0.000000000,108.979113652,46.671999693,467100.000000000,4
two_streams,1,seeded-sync,6,8,32768,4,0,0,0,2,3262076.087890625,2344296,22.367208958,0.000000000,250.000000000,80.000000000,467100.000000000,0
two_streams,1,learned-sync,6,8,32768,4,0,0,0,2,1833810.008410527,2344296,22.367208958,0.000000000,108.979113652,46.671999693,467100.000000000,4
independent_after,2,seeded-sync,0,5,32768,4,0,16,1,1,3386640.571483612,2509964,22.656862736,118.803096294,250.000000000,80.000000000,296692.000000000,0
independent_after,2,learned-sync,0,5,32768,4,0,16,1,1,2074373.904013283,2509964,22.656862736,118.803096294,81.371303107,48.404914856,296692.000000000,4
independent_after,2,seeded-sync,1,5,32768,4,0,16,1,1,3386640.571483612,2373009,22.656862736,118.803096294,250.000000000,80.000000000,296692.000000000,0
independent_after,2,learned-sync,1,5,32768,4,0,16,1,1,2074373.904013283,2373009,22.656862736,118.803096294,81.371303107,48.404914856,296692.000000000,4
independent_after,2,seeded-sync,2,5,32768,4,0,16,1,1,3386640.571483612,2398738,22.656862736,118.803096294,250.000000000,80.000000000,296692.000000000,0
independent_after,2,learned-sync,2,5,32768,4,0,16,1,1,2074373.904013283,2398738,22.656862736,118.803096294,81.371303107,48.404914856,296692.000000000,4
independent_after,2,seeded-sync,3,5,32768,4,0,16,1,1,3386640.571483612,2202652,22.656862736,118.803096294,250.000000000,80.000000000,296692.000000000,0
independent_after,2,learned-sync,3,5,32768,4,0,16,1,1,2074373.904013283,2202652,22.656862736,118.803096294,81.371303107,48.404914856,296692.000000000,4
independent_after,2,seeded-sync,4,5,32768,4,0,16,1,1,3386640.571483612,2128875,22.656862736,118.803096294,250.000000000,80.000000000,296692.000000000,0
independent_after,2,learned-sync,4,5,32768,4,0,16,1,1,2074373.904013283,2128875,22.656862736,118.803096294,81.371303107,48.404914856,296692.000000000,4
independent_after,2,seeded-sync,5,5,32768,4,0,16,1,1,3386640.571483612,2610338,22.656862736,118.803096294,250.000000000,80.000000000,296692.000000000,0
independent_after,2,learned-sync,5,5,32768,4,0,16,1,1,2074373.904013283,2610338,22.656862736,118.803096294,81.371303107,48.404914856,296692.000000000,4
independent_after,2,seeded-sync,6,5,32768,4,0,16,1,1,3386640.571483612,2670828,22.656862736,118.803096294,250.000000000,80.000000000,296692.000000000,0
independent_after,2,learned-sync,6,5,32768,4,0,16,1,1,2074373.904013283,2670828,22.656862736,118.803096294,81.371303107,48.404914856,296692.000000000,4
large_arrays,1,seeded-sync,0,3,1000000,64,0,0,0,1,117579619.693441525,42431310,22.141724797,0.000000000,250.000000000,80.000000000,198810.000000000,0
large_arrays,1,learned-sync,0,3,1000000,64,0,0,0,1,33285078.482807819,42431310,22.141724797,0.000000000,35.477684916,41.639197219,198810.000000000,4
large_arrays,1,seeded-sync,1,3,1000000,64,0,0,0,1,117579619.693441525,42376689,22.141724797,0.000000000,250.000000000,80.000000000,198810.000000000,0
large_arrays,1,learned-sync,1,3,1000000,64,0,0,0,1,33285078.482807819,42376689,22.141724797,0.000000000,35.477684916,41.639197219,198810.000000000,4
large_arrays,1,seeded-sync,2,3,1000000,64,0,0,0,1,117579619.693441525,42434908,22.141724797,0.000000000,250.000000000,80.000000000,198810.000000000,0
large_arrays,1,learned-sync,2,3,1000000,64,0,0,0,1,33285078.482807819,42434908,22.141724797,0.000000000,35.477684916,41.639197219,198810.000000000,4
large_arrays,1,seeded-sync,3,3,1000000,64,0,0,0,1,117579619.693441525,51775422,22.141724797,0.000000000,250.000000000,80.000000000,198810.000000000,0
large_arrays,1,learned-sync,3,3,1000000,64,0,0,0,1,33285078.482807819,51775422,22.141724797,0.000000000,35.477684916,41.639197219,198810.000000000,4
large_arrays,1,seeded-sync,4,3,1000000,64,0,0,0,1,117579619.693441525,49270538,22.141724797,0.000000000,250.000000000,80.000000000,198810.000000000,0
large_arrays,1,learned-sync,4,3,1000000,64,0,0,0,1,33285078.482807819,49270538,22.141724797,0.000000000,35.477684916,41.639197219,198810.000000000,4
large_arrays,1,seeded-sync,5,3,1000000,64,0,0,0,1,117579619.693441525,42841344,22.141724797,0.000000000,250.000000000,80.000000000,198810.000000000,0
large_arrays,1,learned-sync,5,3,1000000,64,0,0,0,1,33285078.482807819,42841344,22.141724797,0.000000000,35.477684916,41.639197219,198810.000000000,4
large_arrays,1,seeded-sync,6,3,1000000,64,0,0,0,1,117579619.693441525,42687958,22.141724797,0.000000000,250.000000000,80.000000000,198810.000000000,0
large_arrays,1,learned-sync,6,3,1000000,64,0,0,0,1,33285078.482807819,42687958,22.141724797,0.000000000,35.477684916,41.639197219,198810.000000000,4
independent_before,1,seeded-sync,0,6,32768,4,0,16,0,1,2962215.259283066,2020633,22.475026608,116.343585491,250.000000000,80.000000000,401528.000000000,0
independent_before,1,learned-sync,0,6,32768,4,0,16,0,1,1857705.719121706,2020633,22.475026608,116.343585491,80.949779102,46.833168507,401528.000000000,4
independent_before,1,seeded-sync,1,6,32768,4,0,16,0,1,2962215.259283066,2180801,22.475026608,116.343585491,250.000000000,80.000000000,401528.000000000,0
independent_before,1,learned-sync,1,6,32768,4,0,16,0,1,1857705.719121706,2180801,22.475026608,116.343585491,80.949779102,46.833168507,401528.000000000,4
independent_before,1,seeded-sync,2,6,32768,4,0,16,0,1,2962215.259283066,2087868,22.475026608,116.343585491,250.000000000,80.000000000,401528.000000000,0
independent_before,1,learned-sync,2,6,32768,4,0,16,0,1,1857705.719121706,2087868,22.475026608,116.343585491,80.949779102,46.833168507,401528.000000000,4
independent_before,1,seeded-sync,3,6,32768,4,0,16,0,1,2962215.259283066,1958237,22.475026608,116.343585491,250.000000000,80.000000000,401528.000000000,0
independent_before,1,learned-sync,3,6,32768,4,0,16,0,1,1857705.719121706,1958237,22.475026608,116.343585491,80.949779102,46.833168507,401528.000000000,4
independent_before,1,seeded-sync,4,6,32768,4,0,16,0,1,2962215.259283066,1944762,22.475026608,116.343585491,250.000000000,80.000000000,401528.000000000,0
independent_before,1,learned-sync,4,6,32768,4,0,16,0,1,1857705.719121706,1944762,22.475026608,116.343585491,80.949779102,46.833168507,401528.000000000,4
independent_before,1,seeded-sync,5,6,32768,4,0,16,0,1,2962215.259283066,1981150,22.475026608,116.343585491,250.000000000,80.000000000,401528.000000000,0
independent_before,1,learned-sync,5,6,32768,4,0,16,0,1,1857705.719121706,1981150,22.475026608,116.343585491,80.949779102,46.833168507,401528.000000000,4
independent_before,1,seeded-sync,6,6,32768,4,0,16,0,1,2962215.259283066,2181072,22.475026608,116.343585491,250.000000000,80.000000000,401528.000000000,0
independent_before,1,learned-sync,6,6,32768,4,0,16,0,1,1857705.719121706,2181072,22.475026608,116.343585491,80.949779102,46.833168507,401528.000000000,4
short_chain,2,seeded-sync,0,8,20000,1,0,0,0,1,1300568.703125000,4227954,22.463081250,0.000000000,250.000000000,80.000000000,419411.000000000,0
short_chain,2,learned-sync,0,8,20000,1,0,0,0,1,4427470.774880541,4227954,22.463081250,0.000000000,1528.652169327,52.108659375,419411.000000000,4
short_chain,2,seeded-sync,1,8,20000,1,0,0,0,1,1300568.703125000,4172439,22.463081250,0.000000000,250.000000000,80.000000000,419411.000000000,0
short_chain,2,learned-sync,1,8,20000,1,0,0,0,1,4427470.774880541,4172439,22.463081250,0.000000000,1528.652169327,52.108659375,419411.000000000,4
short_chain,2,seeded-sync,2,8,20000,1,0,0,0,1,1300568.703125000,5338373,22.463081250,0.000000000,250.000000000,80.000000000,419411.000000000,0
short_chain,2,learned-sync,2,8,20000,1,0,0,0,1,4427470.774880541,5338373,22.463081250,0.000000000,1528.652169327,52.108659375,419411.000000000,4
short_chain,2,seeded-sync,3,8,20000,1,0,0,0,1,1300568.703125000,4190955,22.463081250,0.000000000,250.000000000,80.000000000,419411.000000000,0
short_chain,2,learned-sync,3,8,20000,1,0,0,0,1,4427470.774880541,4190955,22.463081250,0.000000000,1528.652169327,52.108659375,419411.000000000,4
short_chain,2,seeded-sync,4,8,20000,1,0,0,0,1,1300568.703125000,4295780,22.463081250,0.000000000,250.000000000,80.000000000,419411.000000000,0
short_chain,2,learned-sync,4,8,20000,1,0,0,0,1,4427470.774880541,4295780,22.463081250,0.000000000,1528.652169327,52.108659375,419411.000000000,4
short_chain,2,seeded-sync,5,8,20000,1,0,0,0,1,1300568.703125000,4499067,22.463081250,0.000000000,250.000000000,80.000000000,419411.000000000,0
short_chain,2,learned-sync,5,8,20000,1,0,0,0,1,4427470.774880541,4499067,22.463081250,0.000000000,1528.652169327,52.108659375,419411.000000000,4
short_chain,2,seeded-sync,6,8,20000,1,0,0,0,1,1300568.703125000,4771522,22.463081250,0.000000000,250.000000000,80.000000000,419411.000000000,0
short_chain,2,learned-sync,6,8,20000,1,0,0,0,1,4427470.774880541,4771522,22.463081250,0.000000000,1528.652169327,52.108659375,419411.000000000,4
independent_before,0,seeded-sync,0,2,32768,4,0,16,0,1,7936814.882812500,3626945,24.024247169,121.311866283,250.000000000,80.000000000,148908.000000000,0
independent_before,0,learned-sync,0,2,32768,4,0,16,0,1,3562833.330813736,3626945,24.024247169,121.311866283,31.735719368,31.297633171,148908.000000000,4
independent_before,0,seeded-sync,1,2,32768,4,0,16,0,1,7936814.882812500,3440196,24.024247169,121.311866283,250.000000000,80.000000000,148908.000000000,0
independent_before,0,learned-sync,1,2,32768,4,0,16,0,1,3562833.330813736,3440196,24.024247169,121.311866283,31.735719368,31.297633171,148908.000000000,4
independent_before,0,seeded-sync,2,2,32768,4,0,16,0,1,7936814.882812500,3512902,24.024247169,121.311866283,250.000000000,80.000000000,148908.000000000,0
independent_before,0,learned-sync,2,2,32768,4,0,16,0,1,3562833.330813736,3512902,24.024247169,121.311866283,31.735719368,31.297633171,148908.000000000,4
independent_before,0,seeded-sync,3,2,32768,4,0,16,0,1,7936814.882812500,3815355,24.024247169,121.311866283,250.000000000,80.000000000,148908.000000000,0
independent_before,0,learned-sync,3,2,32768,4,0,16,0,1,3562833.330813736,3815355,24.024247169,121.311866283,31.735719368,31.297633171,148908.000000000,4
independent_before,0,seeded-sync,4,2,32768,4,0,16,0,1,7936814.882812500,3711312,24.024247169,121.311866283,250.000000000,80.000000000,148908.000000000,0
independent_before,0,learned-sync,4,2,32768,4,0,16,0,1,3562833.330813736,3711312,24.024247169,121.311866283,31.735719368,31.297633171,148908.000000000,4
independent_before,0,seeded-sync,5,2,32768,4,0,16,0,1,7936814.882812500,3575238,24.024247169,121.311866283,250.000000000,80.000000000,148908.000000000,0
independent_before,0,learned-sync,5,2,32768,4,0,16,0,1,3562833.330813736,3575238,24.024247169,121.311866283,31.735719368,31.297633171,148908.000000000,4
independent_before,0,seeded-sync,6,2,32768,4,0,16,0,1,7936814.882812500,3737721,24.024247169,121.311866283,250.000000000,80.000000000,148908.000000000,0
independent_before,0,learned-sync,6,2,32768,4,0,16,0,1,3562833.330813736,3737721,24.024247169,121.311866283,31.735719368,31.297633171,148908.000000000,4
short_many_chains,2,seeded-sync,0,7,20000,64,0,0,0,1,1374435.615256250,904184,22.165715625,0.000000000,250.000000000,80.000000000,367946.000000000,0
short_many_chains,2,learned-sync,0,7,20000,64,0,0,0,1,848810.304756985,904184,22.165715625,0.000000000,100.378113087,45.708202344,367946.000000000,4
short_many_chains,2,seeded-sync,1,7,20000,64,0,0,0,1,1374435.615256250,988771,22.165715625,0.000000000,250.000000000,80.000000000,367946.000000000,0
short_many_chains,2,learned-sync,1,7,20000,64,0,0,0,1,848810.304756985,988771,22.165715625,0.000000000,100.378113087,45.708202344,367946.000000000,4
short_many_chains,2,seeded-sync,2,7,20000,64,0,0,0,1,1374435.615256250,937089,22.165715625,0.000000000,250.000000000,80.000000000,367946.000000000,0
short_many_chains,2,learned-sync,2,7,20000,64,0,0,0,1,848810.304756985,937089,22.165715625,0.000000000,100.378113087,45.708202344,367946.000000000,4
short_many_chains,2,seeded-sync,3,7,20000,64,0,0,0,1,1374435.615256250,899896,22.165715625,0.000000000,250.000000000,80.000000000,367946.000000000,0
short_many_chains,2,learned-sync,3,7,20000,64,0,0,0,1,848810.304756985,899896,22.165715625,0.000000000,100.378113087,45.708202344,367946.000000000,4
short_many_chains,2,seeded-sync,4,7,20000,64,0,0,0,1,1374435.615256250,965779,22.165715625,0.000000000,250.000000000,80.000000000,367946.000000000,0
short_many_chains,2,learned-sync,4,7,20000,64,0,0,0,1,848810.304756985,965779,22.165715625,0.000000000,100.378113087,45.708202344,367946.000000000,4
short_many_chains,2,seeded-sync,5,7,20000,64,0,0,0,1,1374435.615256250,1027955,22.165715625,0.000000000,250.000000000,80.000000000,367946.000000000,0
short_many_chains,2,learned-sync,5,7,20000,64,0,0,0,1,848810.304756985,1027955,22.165715625,0.000000000,100.378113087,45.708202344,367946.000000000,4
short_many_chains,2,seeded-sync,6,7,20000,64,0,0,0,1,1374435.615256250,935983,22.165715625,0.000000000,250.000000000,80.000000000,367946.000000000,0
short_many_chains,2,learned-sync,6,7,20000,64,0,0,0,1,848810.304756985,935983,22.165715625,0.000000000,100.378113087,45.708202344,367946.000000000,4
two_streams,2,seeded-sync,0,6,32768,4,0,0,0,2,4094613.125115395,2050995,22.769704342,0.000000000,250.000000000,80.000000000,365325.000000000,0
two_streams,2,learned-sync,0,6,32768,4,0,0,0,2,1802476.921223625,2050995,22.769704342,0.000000000,69.985304708,50.188971758,365325.000000000,4
two_streams,2,seeded-sync,1,6,32768,4,0,0,0,2,4094613.125115395,2374542,22.769704342,0.000000000,250.000000000,80.000000000,365325.000000000,0
two_streams,2,learned-sync,1,6,32768,4,0,0,0,2,1802476.921223625,2374542,22.769704342,0.000000000,69.985304708,50.188971758,365325.000000000,4
two_streams,2,seeded-sync,2,6,32768,4,0,0,0,2,4094613.125115395,2311245,22.769704342,0.000000000,250.000000000,80.000000000,365325.000000000,0
two_streams,2,learned-sync,2,6,32768,4,0,0,0,2,1802476.921223625,2311245,22.769704342,0.000000000,69.985304708,50.188971758,365325.000000000,4
two_streams,2,seeded-sync,3,6,32768,4,0,0,0,2,4094613.125115395,3126451,22.769704342,0.000000000,250.000000000,80.000000000,365325.000000000,0
two_streams,2,learned-sync,3,6,32768,4,0,0,0,2,1802476.921223625,3126451,22.769704342,0.000000000,69.985304708,50.188971758,365325.000000000,4
two_streams,2,seeded-sync,4,6,32768,4,0,0,0,2,4094613.125115395,2144966,22.769704342,0.000000000,250.000000000,80.000000000,365325.000000000,0
two_streams,2,learned-sync,4,6,32768,4,0,0,0,2,1802476.921223625,2144966,22.769704342,0.000000000,69.985304708,50.188971758,365325.000000000,4
two_streams,2,seeded-sync,5,6,32768,4,0,0,0,2,4094613.125115395,2120038,22.769704342,0.000000000,250.000000000,80.000000000,365325.000000000,0
two_streams,2,learned-sync,5,6,32768,4,0,0,0,2,1802476.921223625,2120038,22.769704342,0.000000000,69.985304708,50.188971758,365325.000000000,4
two_streams,2,seeded-sync,6,6,32768,4,0,0,0,2,4094613.125115395,2063112,22.769704342,0.000000000,250.000000000,80.000000000,365325.000000000,0
two_streams,2,learned-sync,6,6,32768,4,0,0,0,2,1802476.921223625,2063112,22.769704342,0.000000000,69.985304708,50.188971758,365325.000000000,4
tiny_chain,0,seeded-sync,0,6,257,1,0,0,0,1,352388.023407101,424400,22.093567607,0.000000000,250.000000000,80.000000000,337248.000000000,0
tiny_chain,0,learned-sync,0,6,257,1,0,0,0,1,490160.025684401,424400,22.093567607,0.000000000,3484.404235840,49.595817121,337248.000000000,4
tiny_chain,0,seeded-sync,1,6,257,1,0,0,0,1,352388.023407101,407379,22.093567607,0.000000000,250.000000000,80.000000000,337248.000000000,0
tiny_chain,0,learned-sync,1,6,257,1,0,0,0,1,490160.025684401,407379,22.093567607,0.000000000,3484.404235840,49.595817121,337248.000000000,4
tiny_chain,0,seeded-sync,2,6,257,1,0,0,0,1,352388.023407101,405124,22.093567607,0.000000000,250.000000000,80.000000000,337248.000000000,0
tiny_chain,0,learned-sync,2,6,257,1,0,0,0,1,490160.025684401,405124,22.093567607,0.000000000,3484.404235840,49.595817121,337248.000000000,4
tiny_chain,0,seeded-sync,3,6,257,1,0,0,0,1,352388.023407101,408220,22.093567607,0.000000000,250.000000000,80.000000000,337248.000000000,0
tiny_chain,0,learned-sync,3,6,257,1,0,0,0,1,490160.025684401,408220,22.093567607,0.000000000,3484.404235840,49.595817121,337248.000000000,4
tiny_chain,0,seeded-sync,4,6,257,1,0,0,0,1,352388.023407101,426013,22.093567607,0.000000000,250.000000000,80.000000000,337248.000000000,0
tiny_chain,0,learned-sync,4,6,257,1,0,0,0,1,490160.025684401,426013,22.093567607,0.000000000,3484.404235840,49.595817121,337248.000000000,4
tiny_chain,0,seeded-sync,5,6,257,1,0,0,0,1,352388.023407101,414441,22.093567607,0.000000000,250.000000000,80.000000000,337248.000000000,0
tiny_chain,0,learned-sync,5,6,257,1,0,0,0,1,490160.025684401,414441,22.093567607,0.000000000,3484.404235840,49.595817121,337248.000000000,4
tiny_chain,0,seeded-sync,6,6,257,1,0,0,0,1,352388.023407101,405586,22.093567607,0.000000000,250.000000000,80.000000000,337248.000000000,0
tiny_chain,0,learned-sync,6,6,257,1,0,0,0,1,490160.025684401,405586,22.093567607,0.000000000,3484.404235840,49.595817121,337248.000000000,4
independent_after,0,seeded-sync,0,7,32768,4,0,16,1,1,2595053.299976349,2090784,22.602204323,117.487351418,250.000000000,80.000000000,394094.000000000,0
independent_after,0,learned-sync,0,7,32768,4,0,16,1,1,2068494.174982615,2090784,22.602204323,117.487351418,161.118743610,56.416684628,394094.000000000,4
independent_after,0,seeded-sync,1,7,32768,4,0,16,1,1,2595053.299976349,2089761,22.602204323,117.487351418,250.000000000,80.000000000,394094.000000000,0
independent_after,0,learned-sync,1,7,32768,4,0,16,1,1,2068494.174982615,2089761,22.602204323,117.487351418,161.118743610,56.416684628,394094.000000000,4
independent_after,0,seeded-sync,2,7,32768,4,0,16,1,1,2595053.299976349,2077372,22.602204323,117.487351418,250.000000000,80.000000000,394094.000000000,0
independent_after,0,learned-sync,2,7,32768,4,0,16,1,1,2068494.174982615,2077372,22.602204323,117.487351418,161.118743610,56.416684628,394094.000000000,4
independent_after,0,seeded-sync,3,7,32768,4,0,16,1,1,2595053.299976349,2526362,22.602204323,117.487351418,250.000000000,80.000000000,394094.000000000,0
independent_after,0,learned-sync,3,7,32768,4,0,16,1,1,2068494.174982615,2526362,22.602204323,117.487351418,161.118743610,56.416684628,394094.000000000,4
independent_after,0,seeded-sync,4,7,32768,4,0,16,1,1,2595053.299976349,2063944,22.602204323,117.487351418,250.000000000,80.000000000,394094.000000000,0
independent_after,0,learned-sync,4,7,32768,4,0,16,1,1,2068494.174982615,2063944,22.602204323,117.487351418,161.118743610,56.416684628,394094.000000000,4
independent_after,0,seeded-sync,5,7,32768,4,0,16,1,1,2595053.299976349,2109042,22.602204323,117.487351418,250.000000000,80.000000000,394094.000000000,0
independent_after,0,learned-sync,5,7,32768,4,0,16,1,1,2068494.174982615,2109042,22.602204323,117.487351418,161.118743610,56.416684628,394094.000000000,4
independent_after,0,seeded-sync,6,7,32768,4,0,16,1,1,2595053.299976349,2177986,22.602204323,117.487351418,250.000000000,80.000000000,394094.000000000,0
independent_after,0,learned-sync,6,7,32768,4,0,16,1,1,2068494.174982615,2177986,22.602204323,117.487351418,161.118743610,56.416684628,394094.000000000,4
independent_before,0,seeded-sync,0,6,32768,4,0,16,0,1,2891214.658143997,1917020,22.569102287,118.144676208,250.000000000,80.000000000,320176.000000000,0
independent_before,0,learned-sync,0,6,32768,4,0,16,0,1,1783947.395399999,1917020,22.569102287,118.144676208,81.780953848,45.497101307,320176.000000000,4
independent_before,0,seeded-sync,1,6,32768,4,0,16,0,1,2891214.658143997,1951785,22.569102287,118.144676208,250.000000000,80.000000000,320176.000000000,0
independent_before,0,learned-sync,1,6,32768,4,0,16,0,1,1783947.395399999,1951785,22.569102287,118.144676208,81.780953848,45.497101307,320176.000000000,4
independent_before,0,seeded-sync,2,6,32768,4,0,16,0,1,2891214.658143997,1964669,22.569102287,118.144676208,250.000000000,80.000000000,320176.000000000,0
independent_before,0,learned-sync,2,6,32768,4,0,16,0,1,1783947.395399999,1964669,22.569102287,118.144676208,81.780953848,45.497101307,320176.000000000,4
independent_before,0,seeded-sync,3,6,32768,4,0,16,0,1,2891214.658143997,2014362,22.569102287,118.144676208,250.000000000,80.000000000,320176.000000000,0
independent_before,0,learned-sync,3,6,32768,4,0,16,0,1,1783947.395399999,2014362,22.569102287,118.144676208,81.780953848,45.497101307,320176.000000000,4
independent_before,0,seeded-sync,4,6,32768,4,0,16,0,1,2891214.658143997,1943960,22.569102287,118.144676208,250.000000000,80.000000000,320176.000000000,0
independent_before,0,learned-sync,4,6,32768,4,0,16,0,1,1783947.395399999,1943960,22.569102287,118.144676208,81.780953848,45.497101307,320176.000000000,4
independent_before,0,seeded-sync,5,6,32768,4,0,16,0,1,2891214.658143997,1909516,22.569102287,118.144676208,250.000000000,80.000000000,320176.000000000,0
independent_before,0,learned-sync,5,6,32768,4,0,16,0,1,1783947.395399999,1909516,22.569102287,118.144676208,81.780953848,45.497101307,320176.000000000,4
independent_before,0,seeded-sync,6,6,32768,4,0,16,0,1,2891214.658143997,2090143,22.569102287,118.144676208,250.000000000,80.000000000,320176.000000000,0
independent_before,0,learned-sync,6,6,32768,4,0,16,0,1,1783947.395399999,2090143,22.569102287,118.144676208,81.780953848,45.497101307,320176.000000000,4
independent_after,2,seeded-sync,0,3,32768,4,0,16,1,1,5330277.506884575,3350920,22.634800911,118.104602814,250.000000000,80.000000000,188391.000000000,0
independent_after,2,learned-sync,0,3,32768,4,0,16,1,1,2898572.881851377,3350920,22.634800911,118.104602814,59.179016031,48.198570251,188391.000000000,4
independent_after,2,seeded-sync,1,3,32768,4,0,16,1,1,5330277.506884575,3069767,22.634800911,118.104602814,250.000000000,80.000000000,188391.000000000,0
independent_after,2,learned-sync,1,3,32768,4,0,16,1,1,2898572.881851377,3069767,22.634800911,118.104602814,59.179016031,48.198570251,188391.000000000,4
independent_after,2,seeded-sync,2,3,32768,4,0,16,1,1,5330277.506884575,3004416,22.634800911,118.104602814,250.000000000,80.000000000,188391.000000000,0
independent_after,2,learned-sync,2,3,32768,4,0,16,1,1,2898572.881851377,3004416,22.634800911,118.104602814,59.179016031,48.198570251,188391.000000000,4
independent_after,2,seeded-sync,3,3,32768,4,0,16,1,1,5330277.506884575,3415601,22.634800911,118.104602814,250.000000000,80.000000000,188391.000000000,0
independent_after,2,learned-sync,3,3,32768,4,0,16,1,1,2898572.881851377,3415601,22.634800911,118.104602814,59.179016031,48.198570251,188391.000000000,4
independent_after,2,seeded-sync,4,3,32768,4,0,16,1,1,5330277.506884575,3186995,22.634800911,118.104602814,250.000000000,80.000000000,188391.000000000,0
independent_after,2,learned-sync,4,3,32768,4,0,16,1,1,2898572.881851377,3186995,22.634800911,118.104602814,59.179016031,48.198570251,188391.000000000,4
independent_after,2,seeded-sync,5,3,32768,4,0,16,1,1,5330277.506884575,3008923,22.634800911,118.104602814,250.000000000,80.000000000,188391.000000000,0
independent_after,2,learned-sync,5,3,32768,4,0,16,1,1,2898572.881851377,3008923,22.634800911,118.104602814,59.179016031,48.198570251,188391.000000000,4
independent_after,2,seeded-sync,6,3,32768,4,0,16,1,1,5330277.506884575,2981202,22.634800911,118.104602814,250.000000000,80.000000000,188391.000000000,0
independent_after,2,learned-sync,6,3,32768,4,0,16,1,1,2898572.881851377,2981202,22.634800911,118.104602814,59.179016031,48.198570251,188391.000000000,4
tiny_chain,0,seeded-sync,0,4,257,1,0,0,0,1,234781.776933366,270052,21.811952821,0.000000000,250.000000000,80.000000000,211914.000000000,0
tiny_chain,0,learned-sync,0,4,257,1,0,0,0,1,301905.220558256,270052,21.811952821,0.000000000,1308.191284180,54.477079280,211914.000000000,4
tiny_chain,0,seeded-sync,1,4,257,1,0,0,0,1,234781.776933366,295791,21.811952821,0.000000000,250.000000000,80.000000000,211914.000000000,0
tiny_chain,0,learned-sync,1,4,257,1,0,0,0,1,301905.220558256,295791,21.811952821,0.000000000,1308.191284180,54.477079280,211914.000000000,4
tiny_chain,0,seeded-sync,2,4,257,1,0,0,0,1,234781.776933366,297499,21.811952821,0.000000000,250.000000000,80.000000000,211914.000000000,0
tiny_chain,0,learned-sync,2,4,257,1,0,0,0,1,301905.220558256,297499,21.811952821,0.000000000,1308.191284180,54.477079280,211914.000000000,4
tiny_chain,0,seeded-sync,3,4,257,1,0,0,0,1,234781.776933366,327069,21.811952821,0.000000000,250.000000000,80.000000000,211914.000000000,0
tiny_chain,0,learned-sync,3,4,257,1,0,0,0,1,301905.220558256,327069,21.811952821,0.000000000,1308.191284180,54.477079280,211914.000000000,4
tiny_chain,0,seeded-sync,4,4,257,1,0,0,0,1,234781.776933366,283117,21.811952821,0.000000000,250.000000000,80.000000000,211914.000000000,0
tiny_chain,0,learned-sync,4,4,257,1,0,0,0,1,301905.220558256,283117,21.811952821,0.000000000,1308.191284180,54.477079280,211914.000000000,4
tiny_chain,0,seeded-sync,5,4,257,1,0,0,0,1,234781.776933366,266036,21.811952821,0.000000000,250.000000000,80.000000000,211914.000000000,0
tiny_chain,0,learned-sync,5,4,257,1,0,0,0,1,301905.220558256,266036,21.811952821,0.000000000,1308.191284180,54.477079280,211914.000000000,4
tiny_chain,0,seeded-sync,6,4,257,1,0,0,0,1,234781.776933366,275588,21.811952821,0.000000000,250.000000000,80.000000000,211914.000000000,0
tiny_chain,0,learned-sync,6,4,257,1,0,0,0,1,301905.220558256,275588,21.811952821,0.000000000,1308.191284180,54.477079280,211914.000000000,4
independent_before,0,seeded-sync,0,8,32768,4,0,16,0,1,2333387.166015625,1954690,22.624827862,117.667693138,250.000000000,80.000000000,407069.000000000,0
independent_before,0,learned-sync,0,8,32768,4,0,16,0,1,1545303.830383815,1954690,22.624827862,117.667693138,97.856080130,39.740761757,407069.000000000,4
independent_before,0,seeded-sync,1,8,32768,4,0,16,0,1,2333387.166015625,1715154,22.624827862,117.667693138,250.000000000,80.000000000,407069.000000000,0
independent_before,0,learned-sync,1,8,32768,4,0,16,0,1,1545303.830383815,1715154,22.624827862,117.667693138,97.856080130,39.740761757,407069.000000000,4
independent_before,0,seeded-sync,2,8,32768,4,0,16,0,1,2333387.166015625,1722769,22.624827862,117.667693138,250.000000000,80.000000000,407069.000000000,0
independent_before,0,learned-sync,2,8,32768,4,0,16,0,1,1545303.830383815,1722769,22.624827862,117.667693138,97.856080130,39.740761757,407069.000000000,4
independent_before,0,seeded-sync,3,8,32768,4,0,16,0,1,2333387.166015625,1691119,22.624827862,117.667693138,250.000000000,80.000000000,407069.000000000,0
independent_before,0,learned-sync,3,8,32768,4,0,16,0,1,1545303.830383815,1691119,22.624827862,117.667693138,97.856080130,39.740761757,407069.000000000,4
independent_before,0,seeded-sync,4,8,32768,4,0,16,0,1,2333387.166015625,1629515,22.624827862,117.667693138,250.000000000,80.000000000,407069.000000000,0
independent_before,0,learned-sync,4,8,32768,4,0,16,0,1,1545303.830383815,1629515,22.624827862,117.667693138,97.856080130,39.740761757,407069.000000000,4
independent_before,0,seeded-sync,5,8,32768,4,0,16,0,1,2333387.166015625,1618714,22.624827862,117.667693138,250.000000000,80.000000000,407069.000000000,0
independent_before,0,learned-sync,5,8,32768,4,0,16,0,1,1545303.830383815,1618714,22.624827862,117.667693138,97.856080130,39.740761757,407069.000000000,4
independent_before,0,seeded-sync,6,8,32768,4,0,16,0,1,2333387.166015625,1701148,22.624827862,117.667693138,250.000000000,80.000000000,407069.000000000,0
independent_before,0,learned-sync,6,8,32768,4,0,16,0,1,1545303.830383815,1701148,22.624827862,117.667693138,97.856080130,39.740761757,407069.000000000,4
short_many_chains,1,seeded-sync,0,4,20000,64,0,0,0,1,2018809.929687500,816741,22.706985938,0.000000000,250.000000000,80.000000000,255275.000000000,0
short_many_chains,1,learned-sync,0,4,20000,64,0,0,0,1,732263.172263744,816741,22.706985938,0.000000000,35.724633671,36.966014844,255275.000000000,4
short_many_chains,1,seeded-sync,1,4,20000,64,0,0,0,1,2018809.929687500,826800,22.706985938,0.000000000,250.000000000,80.000000000,255275.000000000,0
short_many_chains,1,learned-sync,1,4,20000,64,0,0,0,1,732263.172263744,826800,22.706985938,0.000000000,35.724633671,36.966014844,255275.000000000,4
short_many_chains,1,seeded-sync,2,4,20000,64,0,0,0,1,2018809.929687500,846316,22.706985938,0.000000000,250.000000000,80.000000000,255275.000000000,0
short_many_chains,1,learned-sync,2,4,20000,64,0,0,0,1,732263.172263744,846316,22.706985938,0.000000000,35.724633671,36.966014844,255275.000000000,4
short_many_chains,1,seeded-sync,3,4,20000,64,0,0,0,1,2018809.929687500,781395,22.706985938,0.000000000,250.000000000,80.000000000,255275.000000000,0
short_many_chains,1,learned-sync,3,4,20000,64,0,0,0,1,732263.172263744,781395,22.706985938,0.000000000,35.724633671,36.966014844,255275.000000000,4
short_many_chains,1,seeded-sync,4,4,20000,64,0,0,0,1,2018809.929687500,820819,22.706985938,0.000000000,250.000000000,80.000000000,255275.000000000,0
short_many_chains,1,learned-sync,4,4,20000,64,0,0,0,1,732263.172263744,820819,22.706985938,0.000000000,35.724633671,36.966014844,255275.000000000,4
short_many_chains,1,seeded-sync,5,4,20000,64,0,0,0,1,2018809.929687500,801803,22.706985938,0.000000000,250.000000000,80.000000000,255275.000000000,0
short_many_chains,1,learned-sync,5,4,20000,64,0,0,0,1,732263.172263744,801803,22.706985938,0.000000000,35.724633671,36.966014844,255275.000000000,4
short_many_chains,1,seeded-sync,6,4,20000,64,0,0,0,1,2018809.929687500,861264,22.706985938,0.000000000,250.000000000,80.000000000,255275.000000000,0
short_many_chains,1,learned-sync,6,4,20000,64,0,0,0,1,732263.172263744,861264,22.706985938,0.000000000,35.724633671,36.966014844,255275.000000000,4
long_four_chains,0,seeded-sync,0,4,200000,4,0,0,0,1,17817191.597656250,5681325,22.192891953,0.000000000,250.000000000,80.000000000,207547.000000000,0
long_four_chains,0,learned-sync,0,4,200000,4,0,0,0,1,5260008.171413663,5681325,22.192891953,0.000000000,36.601101163,42.255230312,207547.000000000,4
long_four_chains,0,seeded-sync,1,4,200000,4,0,0,0,1,17817191.597656250,6071086,22.192891953,0.000000000,250.000000000,80.000000000,207547.000000000,0
long_four_chains,0,learned-sync,1,4,200000,4,0,0,0,1,5260008.171413663,6071086,22.192891953,0.000000000,36.601101163,42.255230312,207547.000000000,4
long_four_chains,0,seeded-sync,2,4,200000,4,0,0,0,1,17817191.597656250,7548518,22.192891953,0.000000000,250.000000000,80.000000000,207547.000000000,0
long_four_chains,0,learned-sync,2,4,200000,4,0,0,0,1,5260008.171413663,7548518,22.192891953,0.000000000,36.601101163,42.255230312,207547.000000000,4
long_four_chains,0,seeded-sync,3,4,200000,4,0,0,0,1,17817191.597656250,7154573,22.192891953,0.000000000,250.000000000,80.000000000,207547.000000000,0
long_four_chains,0,learned-sync,3,4,200000,4,0,0,0,1,5260008.171413663,7154573,22.192891953,0.000000000,36.601101163,42.255230312,207547.000000000,4
long_four_chains,0,seeded-sync,4,4,200000,4,0,0,0,1,17817191.597656250,6200468,22.192891953,0.000000000,250.000000000,80.000000000,207547.000000000,0
long_four_chains,0,learned-sync,4,4,200000,4,0,0,0,1,5260008.171413663,6200468,22.192891953,0.000000000,36.601101163,42.255230312,207547.000000000,4
long_four_chains,0,seeded-sync,5,4,200000,4,0,0,0,1,17817191.597656250,6140180,22.192891953,0.000000000,250.000000000,80.000000000,207547.000000000,0
long_four_chains,0,learned-sync,5,4,200000,4,0,0,0,1,5260008.171413663,6140180,22.192891953,0.000000000,36.601101163,42.255230312,207547.000000000,4
long_four_chains,0,seeded-sync,6,4,200000,4,0,0,0,1,17817191.597656250,7572132,22.192891953,0.000000000,250.000000000,80.000000000,207547.000000000,0
long_four_chains,0,learned-sync,6,4,200000,4,0,0,0,1,5260008.171413663,7572132,22.192891953,0.000000000,36.601101163,42.255230312,207547.000000000,4
dependent_compute,1,seeded-sync,0,7,32768,1,16,0,0,1,2442290.105298042,10022681,116.932743549,0.000000000,250.000000000,80.000000000,349751.000000000,0
dependent_compute,1,learned-sync,0,7,32768,1,16,0,0,1,8975435.982911937,10022681,116.932743549,0.000000000,1673.486883717,51.888143539,349751.000000000,4
dependent_compute,1,seeded-sync,1,7,32768,1,16,0,0,1,2442290.105298042,9823740,116.932743549,0.000000000,250.000000000,80.000000000,349751.000000000,0
dependent_compute,1,learned-sync,1,7,32768,1,16,0,0,1,8975435.982911937,9823740,116.932743549,0.000000000,1673.486883717,51.888143539,349751.000000000,4
dependent_compute,1,seeded-sync,2,7,32768,1,16,0,0,1,2442290.105298042,8866767,116.932743549,0.000000000,250.000000000,80.000000000,349751.000000000,0
dependent_compute,1,learned-sync,2,7,32768,1,16,0,0,1,8975435.982911937,8866767,116.932743549,0.000000000,1673.486883717,51.888143539,349751.000000000,4
dependent_compute,1,seeded-sync,3,7,32768,1,16,0,0,1,2442290.105298042,10627300,116.932743549,0.000000000,250.000000000,80.000000000,349751.000000000,0
dependent_compute,1,learned-sync,3,7,32768,1,16,0,0,1,8975435.982911937,10627300,116.932743549,0.000000000,1673.486883717,51.888143539,349751.000000000,4
dependent_compute,1,seeded-sync,4,7,32768,1,16,0,0,1,2442290.105298042,9111829,116.932743549,0.000000000,250.000000000,80.000000000,349751.000000000,0
dependent_compute,1,learned-sync,4,7,32768,1,16,0,0,1,8975435.982911937,9111829,116.932743549,0.000000000,1673.486883717,51.888143539,349751.000000000,4
dependent_compute,1,seeded-sync,5,7,32768,1,16,0,0,1,2442290.105298042,10444662,116.932743549,0.000000000,250.000000000,80.000000000,349751.000000000,0
dependent_compute,1,learned-sync,5,7,32768,1,16,0,0,1,8975435.982911937,10444662,116.932743549,0.000000000,1673.486883717,51.888143539,349751.000000000,4
dependent_compute,1,seeded-sync,6,7,32768,1,16,0,0,1,2442290.105298042,12230297,116.932743549,0.000000000,250.000000000,80.000000000,349751.000000000,0
dependent_compute,1,learned-sync,6,7,32768,1,16,0,0,1,8975435.982911937,12230297,116.932743549,0.000000000,1673.486883717,51.888143539,349751.000000000,4
uneven,0,seeded-sync,0,8,8193,3,4,8,0,1,917202.133723148,1178139,44.717561867,71.493300302,250.000000000,80.000000000,459836.000000000,0
uneven,0,learned-sync,0,8,8193,3,4,8,0,1,3245042.195975548,1178139,44.717561867,71.493300302,2527.507480540,73.555994828,459836.000000000,4
uneven,0,seeded-sync,1,8,8193,3,4,8,0,1,917202.133723148,1176431,44.717561867,71.493300302,250.000000000,80.000000000,459836.000000000,0
uneven,0,learned-sync,1,8,8193,3,4,8,0,1,3245042.195975548,1176431,44.717561867,71.493300302,2527.507480540,73.555994828,459836.000000000,4
uneven,0,seeded-sync,2,8,8193,3,4,8,0,1,917202.133723148,1544752,44.717561867,71.493300302,250.000000000,80.000000000,459836.000000000,0
uneven,0,learned-sync,2,8,8193,3,4,8,0,1,3245042.195975548,1544752,44.717561867,71.493300302,2527.507480540,73.555994828,459836.000000000,4
uneven,0,seeded-sync,3,8,8193,3,4,8,0,1,917202.133723148,1268401,44.717561867,71.493300302,250.000000000,80.000000000,459836.000000000,0
uneven,0,learned-sync,3,8,8193,3,4,8,0,1,3245042.195975548,1268401,44.717561867,71.493300302,2527.507480540,73.555994828,459836.000000000,4
uneven,0,seeded-sync,4,8,8193,3,4,8,0,1,917202.133723148,1709103,44.717561867,71.493300302,250.000000000,80.000000000,459836.000000000,0
uneven,0,learned-sync,4,8,8193,3,4,8,0,1,3245042.195975548,1709103,44.717561867,71.493300302,2527.507480540,73.555994828,459836.000000000,4
uneven,0,seeded-sync,5,8,8193,3,4,8,0,1,917202.133723148,1182914,44.717561867,71.493300302,250.000000000,80.000000000,459836.000000000,0
uneven,0,learned-sync,5,8,8193,3,4,8,0,1,3245042.195975548,1182914,44.717561867,71.493300302,2527.507480540,73.555994828,459836.000000000,4
uneven,0,seeded-sync,6,8,8193,3,4,8,0,1,917202.133723148,1052420,44.717561867,71.493300302,250.000000000,80.000000000,459836.000000000,0
uneven,0,learned-sync,6,8,8193,3,4,8,0,1,3245042.195975548,1052420,44.717561867,71.493300302,2527.507480540,73.555994828,459836.000000000,4
long_chain,1,seeded-sync,0,7,200000,1,0,0,0,1,10456739.694431562,35660180,22.391036484,0.000000000,250.000000000,80.000000000,388223.000000000,0
long_chain,1,learned-sync,0,7,200000,1,0,0,0,1,36236776.955131494,35660180,22.391036484,0.000000000,1179.410615647,52.872642812,388223.000000000,4
long_chain,1,seeded-sync,1,7,200000,1,0,0,0,1,10456739.694431562,35791711,22.391036484,0.000000000,250.000000000,80.000000000,388223.000000000,0
long_chain,1,learned-sync,1,7,200000,1,0,0,0,1,36236776.955131494,35791711,22.391036484,0.000000000,1179.410615647,52.872642812,388223.000000000,4
long_chain,1,seeded-sync,2,7,200000,1,0,0,0,1,10456739.694431562,35089894,22.391036484,0.000000000,250.000000000,80.000000000,388223.000000000,0
long_chain,1,learned-sync,2,7,200000,1,0,0,0,1,36236776.955131494,35089894,22.391036484,0.000000000,1179.410615647,52.872642812,388223.000000000,4
long_chain,1,seeded-sync,3,7,200000,1,0,0,0,1,10456739.694431562,35606550,22.391036484,0.000000000,250.000000000,80.000000000,388223.000000000,0
long_chain,1,learned-sync,3,7,200000,1,0,0,0,1,36236776.955131494,35606550,22.391036484,0.000000000,1179.410615647,52.872642812,388223.000000000,4
long_chain,1,seeded-sync,4,7,200000,1,0,0,0,1,10456739.694431562,37603779,22.391036484,0.000000000,250.000000000,80.000000000,388223.000000000,0
long_chain,1,learned-sync,4,7,200000,1,0,0,0,1,36236776.955131494,37603779,22.391036484,0.000000000,1179.410615647,52.872642812,388223.000000000,4
long_chain,1,seeded-sync,5,7,200000,1,0,0,0,1,10456739.694431562,37823230,22.391036484,0.000000000,250.000000000,80.000000000,388223.000000000,0
long_chain,1,learned-sync,5,7,200000,1,0,0,0,1,36236776.955131494,37823230,22.391036484,0.000000000,1179.410615647,52.872642812,388223.000000000,4
long_chain,1,seeded-sync,6,7,200000,1,0,0,0,1,10456739.694431562,37174219,22.391036484,0.000000000,250.000000000,80.000000000,388223.000000000,0
long_chain,1,learned-sync,6,7,200000,1,0,0,0,1,36236776.955131494,37174219,22.391036484,0.000000000,1179.410615647,52.872642812,388223.000000000,4
two_streams,2,seeded-sync,0,4,32768,4,0,0,0,2,5867314.179687500,1983113,23.294821739,0.000000000,250.000000000,80.000000000,269763.000000000,0
two_streams,2,learned-sync,0,4,32768,4,0,0,0,2,1552090.536038983,1983113,23.294821739,0.000000000,31.836378867,34.783271790,269763.000000000,4
two_streams,2,seeded-sync,1,4,32768,4,0,0,0,2,5867314.179687500,2318448,23.294821739,0.000000000,250.000000000,80.000000000,269763.000000000,0
two_streams,2,learned-sync,1,4,32768,4,0,0,0,2,1552090.536038983,2318448,23.294821739,0.000000000,31.836378867,34.783271790,269763.000000000,4
two_streams,2,seeded-sync,2,4,32768,4,0,0,0,2,5867314.179687500,2292920,23.294821739,0.000000000,250.000000000,80.000000000,269763.000000000,0
two_streams,2,learned-sync,2,4,32768,4,0,0,0,2,1552090.536038983,2292920,23.294821739,0.000000000,31.836378867,34.783271790,269763.000000000,4
two_streams,2,seeded-sync,3,4,32768,4,0,0,0,2,5867314.179687500,2092196,23.294821739,0.000000000,250.000000000,80.000000000,269763.000000000,0
two_streams,2,learned-sync,3,4,32768,4,0,0,0,2,1552090.536038983,2092196,23.294821739,0.000000000,31.836378867,34.783271790,269763.000000000,4
two_streams,2,seeded-sync,4,4,32768,4,0,0,0,2,5867314.179687500,2219954,23.294821739,0.000000000,250.000000000,80.000000000,269763.000000000,0
two_streams,2,learned-sync,4,4,32768,4,0,0,0,2,1552090.536038983,2219954,23.294821739,0.000000000,31.836378867,34.783271790,269763.000000000,4
two_streams,2,seeded-sync,5,4,32768,4,0,0,0,2,5867314.179687500,1894237,23.294821739,0.000000000,250.000000000,80.000000000,269763.000000000,0
two_streams,2,learned-sync,5,4,32768,4,0,0,0,2,1552090.536038983,1894237,23.294821739,0.000000000,31.836378867,34.783271790,269763.000000000,4
two_streams,2,seeded-sync,6,4,32768,4,0,0,0,2,5867314.179687500,2396824,23.294821739,0.000000000,250.000000000,80.000000000,269763.000000000,0
two_streams,2,learned-sync,6,4,32768,4,0,0,0,2,1552090.536038983,2396824,23.294821739,0.000000000,31.836378867,34.783271790,269763.000000000,4
large_arrays,2,seeded-sync,0,5,1000000,64,0,0,0,1,70814865.568749994,30416694,22.605242844,0.000000000,250.000000000,80.000000000,293817.000000000,0
large_arrays,2,learned-sync,0,5,1000000,64,0,0,0,1,24162581.269974876,30416694,22.605242844,0.000000000,50.869724600,45.868853906,293817.000000000,4
large_arrays,2,seeded-sync,1,5,1000000,64,0,0,0,1,70814865.568749994,31082376,22.605242844,0.000000000,250.000000000,80.000000000,293817.000000000,0
large_arrays,2,learned-sync,1,5,1000000,64,0,0,0,1,24162581.269974876,31082376,22.605242844,0.000000000,50.869724600,45.868853906,293817.000000000,4
large_arrays,2,seeded-sync,2,5,1000000,64,0,0,0,1,70814865.568749994,30082814,22.605242844,0.000000000,250.000000000,80.000000000,293817.000000000,0
large_arrays,2,learned-sync,2,5,1000000,64,0,0,0,1,24162581.269974876,30082814,22.605242844,0.000000000,50.869724600,45.868853906,293817.000000000,4
large_arrays,2,seeded-sync,3,5,1000000,64,0,0,0,1,70814865.568749994,31090430,22.605242844,0.000000000,250.000000000,80.000000000,293817.000000000,0
large_arrays,2,learned-sync,3,5,1000000,64,0,0,0,1,24162581.269974876,31090430,22.605242844,0.000000000,50.869724600,45.868853906,293817.000000000,4
large_arrays,2,seeded-sync,4,5,1000000,64,0,0,0,1,70814865.568749994,29755614,22.605242844,0.000000000,250.000000000,80.000000000,293817.000000000,0
large_arrays,2,learned-sync,4,5,1000000,64,0,0,0,1,24162581.269974876,29755614,22.605242844,0.000000000,50.869724600,45.868853906,293817.000000000,4
large_arrays,2,seeded-sync,5,5,1000000,64,0,0,0,1,70814865.568749994,30008149,22.605242844,0.000000000,250.000000000,80.000000000,293817.000000000,0
large_arrays,2,learned-sync,5,5,1000000,64,0,0,0,1,24162581.269974876,30008149,22.605242844,0.000000000,50.869724600,45.868853906,293817.000000000,4
large_arrays,2,seeded-sync,6,5,1000000,64,0,0,0,1,70814865.568749994,36456118,22.605242844,0.000000000,250.000000000,80.000000000,293817.000000000,0
large_arrays,2,learned-sync,6,5,1000000,64,0,0,0,1,24162581.269974876,36456118,22.605242844,0.000000000,50.869724600,45.868853906,293817.000000000,4
independent_after,0,seeded-sync,0,8,32768,4,0,16,1,1,2413740.601562500,1914295,23.112717628,120.788796425,250.000000000,80.000000000,472640.000000000,0
independent_after,0,learned-sync,0,8,32768,4,0,16,1,1,1643751.619457284,1914295,23.112717628,120.788796425,101.125633317,40.888775349,472640.000000000,4
independent_after,0,seeded-sync,1,8,32768,4,0,16,1,1,2413740.601562500,1911580,23.112717628,120.788796425,250.000000000,80.000000000,472640.000000000,0
independent_after,0,learned-sync,1,8,32768,4,0,16,1,1,1643751.619457284,1911580,23.112717628,120.788796425,101.125633317,40.888775349,472640.000000000,4
independent_after,0,seeded-sync,2,8,32768,4,0,16,1,1,2413740.601562500,1829737,23.112717628,120.788796425,250.000000000,80.000000000,472640.000000000,0
independent_after,0,learned-sync,2,8,32768,4,0,16,1,1,1643751.619457284,1829737,23.112717628,120.788796425,101.125633317,40.888775349,472640.000000000,4
independent_after,0,seeded-sync,3,8,32768,4,0,16,1,1,2413740.601562500,1811824,23.112717628,120.788796425,250.000000000,80.000000000,472640.000000000,0
independent_after,0,learned-sync,3,8,32768,4,0,16,1,1,1643751.619457284,1811824,23.112717628,120.788796425,101.125633317,40.888775349,472640.000000000,4
independent_after,0,seeded-sync,4,8,32768,4,0,16,1,1,2413740.601562500,1745180,23.112717628,120.788796425,250.000000000,80.000000000,472640.000000000,0
independent_after,0,learned-sync,4,8,32768,4,0,16,1,1,1643751.619457284,1745180,23.112717628,120.788796425,101.125633317,40.888775349,472640.000000000,4
independent_after,0,seeded-sync,5,8,32768,4,0,16,1,1,2413740.601562500,2250087,23.112717628,120.788796425,250.000000000,80.000000000,472640.000000000,0
independent_after,0,learned-sync,5,8,32768,4,0,16,1,1,1643751.619457284,2250087,23.112717628,120.788796425,101.125633317,40.888775349,472640.000000000,4
independent_after,0,seeded-sync,6,8,32768,4,0,16,1,1,2413740.601562500,3101075,23.112717628,120.788796425,250.000000000,80.000000000,472640.000000000,0
independent_after,0,learned-sync,6,8,32768,4,0,16,1,1,1643751.619457284,3101075,23.112717628,120.788796425,101.125633317,40.888775349,472640.000000000,4
short_chain,1,seeded-sync,0,8,20000,1,0,0,0,1,1506963.251953125,30960088,23.284500781,0.000000000,250.000000000,80.000000000,623752.000000000,0
short_chain,1,learned-sync,0,8,20000,1,0,0,0,1,38695923.237172313,30960088,23.284500781,0.000000000,15151.881753463,53.702240625,623752.000000000,4
short_chain,1,seeded-sync,1,8,20000,1,0,0,0,1,1506963.251953125,6613677,23.284500781,0.000000000,250.000000000,80.000000000,623752.000000000,0
short_chain,1,learned-sync,1,8,20000,1,0,0,0,1,38695923.237172313,6613677,23.284500781,0.000000000,15151.881753463,53.702240625,623752.000000000,4
short_chain,1,seeded-sync,2,8,20000,1,0,0,0,1,1506963.251953125,5269071,23.284500781,0.000000000,250.000000000,80.000000000,623752.000000000,0
short_chain,1,learned-sync,2,8,20000,1,0,0,0,1,38695923.237172313,5269071,23.284500781,0.000000000,15151.881753463,53.702240625,623752.000000000,4
short_chain,1,seeded-sync,3,8,20000,1,0,0,0,1,1506963.251953125,6682646,23.284500781,0.000000000,250.000000000,80.000000000,623752.000000000,0
short_chain,1,learned-sync,3,8,20000,1,0,0,0,1,38695923.237172313,6682646,23.284500781,0.000000000,15151.881753463,53.702240625,623752.000000000,4
short_chain,1,seeded-sync,4,8,20000,1,0,0,0,1,1506963.251953125,5647808,23.284500781,0.000000000,250.000000000,80.000000000,623752.000000000,0
short_chain,1,learned-sync,4,8,20000,1,0,0,0,1,38695923.237172313,5647808,23.284500781,0.000000000,15151.881753463,53.702240625,623752.000000000,4
short_chain,1,seeded-sync,5,8,20000,1,0,0,0,1,1506963.251953125,4856904,23.284500781,0.000000000,250.000000000,80.000000000,623752.000000000,0
short_chain,1,learned-sync,5,8,20000,1,0,0,0,1,38695923.237172313,4856904,23.284500781,0.000000000,15151.881753463,53.702240625,623752.000000000,4
short_chain,1,seeded-sync,6,8,20000,1,0,0,0,1,1506963.251953125,5564653,23.284500781,0.000000000,250.000000000,80.000000000,623752.000000000,0
short_chain,1,learned-sync,6,8,20000,1,0,0,0,1,38695923.237172313,5564653,23.284500781,0.000000000,15151.881753463,53.702240625,623752.000000000,4
short_four_chains,0,seeded-sync,0,3,20000,4,0,0,0,1,2547352.710729687,1448077,22.350939062,0.000000000,250.000000000,80.000000000,198229.000000000,0
short_four_chains,0,learned-sync,0,3,20000,4,0,0,0,1,1082156.941543089,1448077,22.350939062,0.000000000,60.099579291,50.132043750,198229.000000000,4
short_four_chains,0,seeded-sync,1,3,20000,4,0,0,0,1,2547352.710729687,1451279,22.350939062,0.000000000,250.000000000,80.000000000,198229.000000000,0
short_four_chains,0,learned-sync,1,3,20000,4,0,0,0,1,1082156.941543089,1451279,22.350939062,0.000000000,60.099579291,50.132043750,198229.000000000,4
short_four_chains,0,seeded-sync,2,3,20000,4,0,0,0,1,2547352.710729687,1506840,22.350939062,0.000000000,250.000000000,80.000000000,198229.000000000,0
short_four_chains,0,learned-sync,2,3,20000,4,0,0,0,1,1082156.941543089,1506840,22.350939062,0.000000000,60.099579291,50.132043750,198229.000000000,4
short_four_chains,0,seeded-sync,3,3,20000,4,0,0,0,1,2547352.710729687,1489224,22.350939062,0.000000000,250.000000000,80.000000000,198229.000000000,0
short_four_chains,0,learned-sync,3,3,20000,4,0,0,0,1,1082156.941543089,1489224,22.350939062,0.000000000,60.099579291,50.132043750,198229.000000000,4
short_four_chains,0,seeded-sync,4,3,20000,4,0,0,0,1,2547352.710729687,1526363,22.350939062,0.000000000,250.000000000,80.000000000,198229.000000000,0
short_four_chains,0,learned-sync,4,3,20000,4,0,0,0,1,1082156.941543089,1526363,22.350939062,0.000000000,60.099579291,50.132043750,198229.000000000,4
short_four_chains,0,seeded-sync,5,3,20000,4,0,0,0,1,2547352.710729687,1316582,22.350939062,0.000000000,250.000000000,80.000000000,198229.000000000,0
short_four_chains,0,learned-sync,5,3,20000,4,0,0,0,1,1082156.941543089,1316582,22.350939062,0.000000000,60.099579291,50.132043750,198229.000000000,4
short_four_chains,0,seeded-sync,6,3,20000,4,0,0,0,1,2547352.710729687,1304670,22.350939062,0.000000000,250.000000000,80.000000000,198229.000000000,0
short_four_chains,0,learned-sync,6,3,20000,4,0,0,0,1,1082156.941543089,1304670,22.350939062,0.000000000,60.099579291,50.132043750,198229.000000000,4
two_streams,1,seeded-sync,0,2,32768,4,0,0,0,2,11426199.890625000,3872315,22.997490883,0.000000000,250.000000000,80.000000000,235969.000000000,0
two_streams,1,learned-sync,0,2,32768,4,0,0,0,2,2524808.420467205,3872315,22.997490883,0.000000000,27.478163676,30.872926712,235969.000000000,4
two_streams,1,seeded-sync,1,2,32768,4,0,0,0,2,11426199.890625000,3584325,22.997490883,0.000000000,250.000000000,80.000000000,235969.000000000,0
two_streams,1,learned-sync,1,2,32768,4,0,0,0,2,2524808.420467205,3584325,22.997490883,0.000000000,27.478163676,30.872926712,235969.000000000,4
two_streams,1,seeded-sync,2,2,32768,4,0,0,0,2,11426199.890625000,3759562,22.997490883,0.000000000,250.000000000,80.000000000,235969.000000000,0
two_streams,1,learned-sync,2,2,32768,4,0,0,0,2,2524808.420467205,3759562,22.997490883,0.000000000,27.478163676,30.872926712,235969.000000000,4
two_streams,1,seeded-sync,3,2,32768,4,0,0,0,2,11426199.890625000,3859238,22.997490883,0.000000000,250.000000000,80.000000000,235969.000000000,0
two_streams,1,learned-sync,3,2,32768,4,0,0,0,2,2524808.420467205,3859238,22.997490883,0.000000000,27.478163676,30.872926712,235969.000000000,4
two_streams,1,seeded-sync,4,2,32768,4,0,0,0,2,11426199.890625000,3860720,22.997490883,0.000000000,250.000000000,80.000000000,235969.000000000,0
two_streams,1,learned-sync,4,2,32768,4,0,0,0,2,2524808.420467205,3860720,22.997490883,0.000000000,27.478163676,30.872926712,235969.000000000,4
two_streams,1,seeded-sync,5,2,32768,4,0,0,0,2,11426199.890625000,3489729,22.997490883,0.000000000,250.000000000,80.000000000,235969.000000000,0
two_streams,1,learned-sync,5,2,32768,4,0,0,0,2,2524808.420467205,3489729,22.997490883,0.000000000,27.478163676,30.872926712,235969.000000000,4
two_streams,1,seeded-sync,6,2,32768,4,0,0,0,2,11426199.890625000,3495119,22.997490883,0.000000000,250.000000000,80.000000000,235969.000000000,0
two_streams,1,learned-sync,6,2,32768,4,0,0,0,2,2524808.420467205,3495119,22.997490883,0.000000000,27.478163676,30.872926712,235969.000000000,4
uneven,0,seeded-sync,0,3,8193,3,4,8,0,1,1426703.333333333,729819,43.037369935,67.840818763,250.000000000,80.000000000,222665.000000000,0
uneven,0,learned-sync,0,3,8193,3,4,8,0,1,697670.331864316,729819,43.037369935,67.840818763,31.712072650,31.340654751,222665.000000000,4
uneven,0,seeded-sync,1,3,8193,3,4,8,0,1,1426703.333333333,691127,43.037369935,67.840818763,250.000000000,80.000000000,222665.000000000,0
uneven,0,learned-sync,1,3,8193,3,4,8,0,1,697670.331864316,691127,43.037369935,67.840818763,31.712072650,31.340654751,222665.000000000,4
uneven,0,seeded-sync,2,3,8193,3,4,8,0,1,1426703.333333333,698781,43.037369935,67.840818763,250.000000000,80.000000000,222665.000000000,0
uneven,0,learned-sync,2,3,8193,3,4,8,0,1,697670.331864316,698781,43.037369935,67.840818763,31.712072650,31.340654751,222665.000000000,4
uneven,0,seeded-sync,3,3,8193,3,4,8,0,1,1426703.333333333,724690,43.037369935,67.840818763,250.000000000,80.000000000,222665.000000000,0
uneven,0,learned-sync,3,3,8193,3,4,8,0,1,697670.331864316,724690,43.037369935,67.840818763,31.712072650,31.340654751,222665.000000000,4
uneven,0,seeded-sync,4,3,8193,3,4,8,0,1,1426703.333333333,659628,43.037369935,67.840818763,250.000000000,80.000000000,222665.000000000,0
uneven,0,learned-sync,4,3,8193,3,4,8,0,1,697670.331864316,659628,43.037369935,67.840818763,31.712072650,31.340654751,222665.000000000,4
uneven,0,seeded-sync,5,3,8193,3,4,8,0,1,1426703.333333333,802815,43.037369935,67.840818763,250.000000000,80.000000000,222665.000000000,0
uneven,0,learned-sync,5,3,8193,3,4,8,0,1,697670.331864316,802815,43.037369935,67.840818763,31.712072650,31.340654751,222665.000000000,4
uneven,0,seeded-sync,6,3,8193,3,4,8,0,1,1426703.333333333,696296,43.037369935,67.840818763,250.000000000,80.000000000,222665.000000000,0
uneven,0,learned-sync,6,3,8193,3,4,8,0,1,697670.331864316,696296,43.037369935,67.840818763,31.712072650,31.340654751,222665.000000000,4
two_streams,1,seeded-sync,0,3,32768,4,0,0,0,2,7687009.606156826,3625582,23.177845478,0.000000000,250.000000000,80.000000000,224658.000000000,0
two_streams,1,learned-sync,0,3,32768,4,0,0,0,2,2790347.543012126,3625582,23.177845478,0.000000000,57.151132674,48.704307079,224658.000000000,4
two_streams,1,seeded-sync,1,3,32768,4,0,0,0,2,7687009.606156826,3536276,23.177845478,0.000000000,250.000000000,80.000000000,224658.000000000,0
two_streams,1,learned-sync,1,3,32768,4,0,0,0,2,2790347.543012126,3536276,23.177845478,0.000000000,57.151132674,48.704307079,224658.000000000,4
two_streams,1,seeded-sync,2,3,32768,4,0,0,0,2,7687009.606156826,3643084,23.177845478,0.000000000,250.000000000,80.000000000,224658.000000000,0
two_streams,1,learned-sync,2,3,32768,4,0,0,0,2,2790347.543012126,3643084,23.177845478,0.000000000,57.151132674,48.704307079,224658.000000000,4
two_streams,1,seeded-sync,3,3,32768,4,0,0,0,2,7687009.606156826,3966356,23.177845478,0.000000000,250.000000000,80.000000000,224658.000000000,0
two_streams,1,learned-sync,3,3,32768,4,0,0,0,2,2790347.543012126,3966356,23.177845478,0.000000000,57.151132674,48.704307079,224658.000000000,4
two_streams,1,seeded-sync,4,3,32768,4,0,0,0,2,7687009.606156826,3585497,23.177845478,0.000000000,250.000000000,80.000000000,224658.000000000,0
two_streams,1,learned-sync,4,3,32768,4,0,0,0,2,2790347.543012126,3585497,23.177845478,0.000000000,57.151132674,48.704307079,224658.000000000,4
two_streams,1,seeded-sync,5,3,32768,4,0,0,0,2,7687009.606156826,3645786,23.177845478,0.000000000,250.000000000,80.000000000,224658.000000000,0
two_streams,1,learned-sync,5,3,32768,4,0,0,0,2,2790347.543012126,3645786,23.177845478,0.000000000,57.151132674,48.704307079,224658.000000000,4
two_streams,1,seeded-sync,6,3,32768,4,0,0,0,2,7687009.606156826,3503098,23.177845478,0.000000000,250.000000000,80.000000000,224658.000000000,0
two_streams,1,learned-sync,6,3,32768,4,0,0,0,2,2790347.543012126,3503098,23.177845478,0.000000000,57.151132674,48.704307079,224658.000000000,4
independent_after,0,seeded-sync,0,3,32768,4,0,16,1,1,5318592.128537178,3098270,22.486312866,117.180548668,250.000000000,80.000000000,188421.000000000,0
independent_after,0,learned-sync,0,3,32768,4,0,16,1,1,2926597.030030454,3098270,22.486312866,117.180548668,62.961934688,48.051056385,188421.000000000,4
independent_after,0,seeded-sync,1,3,32768,4,0,16,1,1,5318592.128537178,3051323,22.486312866,117.180548668,250.000000000,80.000000000,188421.000000000,0
independent_after,0,learned-sync,1,3,32768,4,0,16,1,1,2926597.030030454,3051323,22.486312866,117.180548668,62.961934688,48.051056385,188421.000000000,4
independent_after,0,seeded-sync,2,3,32768,4,0,16,1,1,5318592.128537178,3074707,22.486312866,117.180548668,250.000000000,80.000000000,188421.000000000,0
independent_after,0,learned-sync,2,3,32768,4,0,16,1,1,2926597.030030454,3074707,22.486312866,117.180548668,62.961934688,48.051056385,188421.000000000,4
independent_after,0,seeded-sync,3,3,32768,4,0,16,1,1,5318592.128537178,3534883,22.486312866,117.180548668,250.000000000,80.000000000,188421.000000000,0
independent_after,0,learned-sync,3,3,32768,4,0,16,1,1,2926597.030030454,3534883,22.486312866,117.180548668,62.961934688,48.051056385,188421.000000000,4
independent_after,0,seeded-sync,4,3,32768,4,0,16,1,1,5318592.128537178,2980541,22.486312866,117.180548668,250.000000000,80.000000000,188421.000000000,0
independent_after,0,learned-sync,4,3,32768,4,0,16,1,1,2926597.030030454,2980541,22.486312866,117.180548668,62.961934688,48.051056385,188421.000000000,4
independent_after,0,seeded-sync,5,3,32768,4,0,16,1,1,5318592.128537178,3039460,22.486312866,117.180548668,250.000000000,80.000000000,188421.000000000,0
independent_after,0,learned-sync,5,3,32768,4,0,16,1,1,2926597.030030454,3039460,22.486312866,117.180548668,62.961934688,48.051056385,188421.000000000,4
independent_after,0,seeded-sync,6,3,32768,4,0,16,1,1,5318592.128537178,3009274,22.486312866,117.180548668,250.000000000,80.000000000,188421.000000000,0
independent_after,0,learned-sync,6,3,32768,4,0,16,1,1,2926597.030030454,3009274,22.486312866,117.180548668,62.961934688,48.051056385,188421.000000000,4
short_many_chains,2,seeded-sync,0,5,20000,64,0,0,0,1,1699566.781250000,910525,21.875945312,0.000000000,250.000000000,80.000000000,292063.000000000,0
short_many_chains,2,learned-sync,0,5,20000,64,0,0,0,1,834076.706912119,910525,21.875945312,0.000000000,68.873098603,44.754382813,292063.000000000,4
short_many_chains,2,seeded-sync,1,5,20000,64,0,0,0,1,1699566.781250000,1463080,21.875945312,0.000000000,250.000000000,80.000000000,292063.000000000,0
short_many_chains,2,learned-sync,1,5,20000,64,0,0,0,1,834076.706912119,1463080,21.875945312,0.000000000,68.873098603,44.754382813,292063.000000000,4
short_many_chains,2,seeded-sync,2,5,20000,64,0,0,0,1,1699566.781250000,989160,21.875945312,0.000000000,250.000000000,80.000000000,292063.000000000,0
short_many_chains,2,learned-sync,2,5,20000,64,0,0,0,1,834076.706912119,989160,21.875945312,0.000000000,68.873098603,44.754382813,292063.000000000,4
short_many_chains,2,seeded-sync,3,5,20000,64,0,0,0,1,1699566.781250000,979496,21.875945312,0.000000000,250.000000000,80.000000000,292063.000000000,0
short_many_chains,2,learned-sync,3,5,20000,64,0,0,0,1,834076.706912119,979496,21.875945312,0.000000000,68.873098603,44.754382813,292063.000000000,4
short_many_chains,2,seeded-sync,4,5,20000,64,0,0,0,1,1699566.781250000,986866,21.875945312,0.000000000,250.000000000,80.000000000,292063.000000000,0
short_many_chains,2,learned-sync,4,5,20000,64,0,0,0,1,834076.706912119,986866,21.875945312,0.000000000,68.873098603,44.754382813,292063.000000000,4
short_many_chains,2,seeded-sync,5,5,20000,64,0,0,0,1,1699566.781250000,899301,21.875945312,0.000000000,250.000000000,80.000000000,292063.000000000,0
short_many_chains,2,learned-sync,5,5,20000,64,0,0,0,1,834076.706912119,899301,21.875945312,0.000000000,68.873098603,44.754382813,292063.000000000,4
short_many_chains,2,seeded-sync,6,5,20000,64,0,0,0,1,1699566.781250000,1012276,21.875945312,0.000000000,250.000000000,80.000000000,292063.000000000,0
short_many_chains,2,learned-sync,6,5,20000,64,0,0,0,1,834076.706912119,1012276,21.875945312,0.000000000,68.873098603,44.754382813,292063.000000000,4
short_many_chains,0,seeded-sync,0,2,20000,64,0,0,0,1,3680468.085937500,1199143,22.582008594,0.000000000,250.000000000,80.000000000,154648.000000000,0
short_many_chains,0,learned-sync,0,2,20000,64,0,0,0,1,925590.822469402,1199143,22.582008594,0.000000000,26.242743184,28.269530469,154648.000000000,4
short_many_chains,0,seeded-sync,1,2,20000,64,0,0,0,1,3680468.085937500,1149872,22.582008594,0.000000000,250.000000000,80.000000000,154648.000000000,0
short_many_chains,0,learned-sync,1,2,20000,64,0,0,0,1,925590.822469402,1149872,22.582008594,0.000000000,26.242743184,28.269530469,154648.000000000,4
short_many_chains,0,seeded-sync,2,2,20000,64,0,0,0,1,3680468.085937500,1157686,22.582008594,0.000000000,250.000000000,80.000000000,154648.000000000,0
short_many_chains,0,learned-sync,2,2,20000,64,0,0,0,1,925590.822469402,1157686,22.582008594,0.000000000,26.242743184,28.269530469,154648.000000000,4
short_many_chains,0,seeded-sync,3,2,20000,64,0,0,0,1,3680468.085937500,1342570,22.582008594,0.000000000,250.000000000,80.000000000,154648.000000000,0
short_many_chains,0,learned-sync,3,2,20000,64,0,0,0,1,925590.822469402,1342570,22.582008594,0.000000000,26.242743184,28.269530469,154648.000000000,4
short_many_chains,0,seeded-sync,4,2,20000,64,0,0,0,1,3680468.085937500,1278712,22.582008594,0.000000000,250.000000000,80.000000000,154648.000000000,0
short_many_chains,0,learned-sync,4,2,20000,64,0,0,0,1,925590.822469402,1278712,22.582008594,0.000000000,26.242743184,28.269530469,154648.000000000,4
short_many_chains,0,seeded-sync,5,2,20000,64,0,0,0,1,3680468.085937500,1145844,22.582008594,0.000000000,250.000000000,80.000000000,154648.000000000,0
short_many_chains,0,learned-sync,5,2,20000,64,0,0,0,1,925590.822469402,1145844,22.582008594,0.000000000,26.242743184,28.269530469,154648.000000000,4
short_many_chains,0,seeded-sync,6,2,20000,64,0,0,0,1,3680468.085937500,1180298,22.582008594,0.000000000,250.000000000,80.000000000,154648.000000000,0
short_many_chains,0,learned-sync,6,2,20000,64,0,0,0,1,925590.822469402,1180298,22.582008594,0.000000000,26.242743184,28.269530469,154648.000000000,4
tiny_chain,2,seeded-sync,0,3,257,1,0,0,0,1,226093.137645914,232613,21.850437743,0.000000000,250.000000000,80.000000000,195834.000000000,0
tiny_chain,2,learned-sync,0,3,257,1,0,0,0,1,263603.752847041,232613,21.850437743,0.000000000,716.285034180,49.884910019,195834.000000000,4
tiny_chain,2,seeded-sync,1,3,257,1,0,0,0,1,226093.137645914,226712,21.850437743,0.000000000,250.000000000,80.000000000,195834.000000000,0
tiny_chain,2,learned-sync,1,3,257,1,0,0,0,1,263603.752847041,226712,21.850437743,0.000000000,716.285034180,49.884910019,195834.000000000,4
tiny_chain,2,seeded-sync,2,3,257,1,0,0,0,1,226093.137645914,259283,21.850437743,0.000000000,250.000000000,80.000000000,195834.000000000,0
tiny_chain,2,learned-sync,2,3,257,1,0,0,0,1,263603.752847041,259283,21.850437743,0.000000000,716.285034180,49.884910019,195834.000000000,4
tiny_chain,2,seeded-sync,3,3,257,1,0,0,0,1,226093.137645914,230038,21.850437743,0.000000000,250.000000000,80.000000000,195834.000000000,0
tiny_chain,2,learned-sync,3,3,257,1,0,0,0,1,263603.752847041,230038,21.850437743,0.000000000,716.285034180,49.884910019,195834.000000000,4
tiny_chain,2,seeded-sync,4,3,257,1,0,0,0,1,226093.137645914,230098,21.850437743,0.000000000,250.000000000,80.000000000,195834.000000000,0
tiny_chain,2,learned-sync,4,3,257,1,0,0,0,1,263603.752847041,230098,21.850437743,0.000000000,716.285034180,49.884910019,195834.000000000,4
tiny_chain,2,seeded-sync,5,3,257,1,0,0,0,1,226093.137645914,225340,21.850437743,0.000000000,250.000000000,80.000000000,195834.000000000,0
tiny_chain,2,learned-sync,5,3,257,1,0,0,0,1,263603.752847041,225340,21.850437743,0.000000000,716.285034180,49.884910019,195834.000000000,4
tiny_chain,2,seeded-sync,6,3,257,1,0,0,0,1,226093.137645914,232533,21.850437743,0.000000000,250.000000000,80.000000000,195834.000000000,0
tiny_chain,2,learned-sync,6,3,257,1,0,0,0,1,263603.752847041,232533,21.850437743,0.000000000,716.285034180,49.884910019,195834.000000000,4
short_many_chains,1,seeded-sync,0,3,20000,64,0,0,0,1,2570961.381017969,1031831,22.564928906,0.000000000,250.000000000,80.000000000,220411.000000000,0
short_many_chains,1,learned-sync,0,3,20000,64,0,0,0,1,889768.781365905,1031831,22.564928906,0.000000000,39.259157429,38.574560937,220411.000000000,4
short_many_chains,1,seeded-sync,1,3,20000,64,0,0,0,1,2570961.381017969,1008498,22.564928906,0.000000000,250.000000000,80.000000000,220411.000000000,0
short_many_chains,1,learned-sync,1,3,20000,64,0,0,0,1,889768.781365905,1008498,22.564928906,0.000000000,39.259157429,38.574560937,220411.000000000,4
short_many_chains,1,seeded-sync,2,3,20000,64,0,0,0,1,2570961.381017969,1076524,22.564928906,0.000000000,250.000000000,80.000000000,220411.000000000,0
short_many_chains,1,learned-sync,2,3,20000,64,0,0,0,1,889768.781365905,1076524,22.564928906,0.000000000,39.259157429,38.574560937,220411.000000000,4
short_many_chains,1,seeded-sync,3,3,20000,64,0,0,0,1,2570961.381017969,1390760,22.564928906,0.000000000,250.000000000,80.000000000,220411.000000000,0
short_many_chains,1,learned-sync,3,3,20000,64,0,0,0,1,889768.781365905,1390760,22.564928906,0.000000000,39.259157429,38.574560937,220411.000000000,4
short_many_chains,1,seeded-sync,4,3,20000,64,0,0,0,1,2570961.381017969,1141235,22.564928906,0.000000000,250.000000000,80.000000000,220411.000000000,0
short_many_chains,1,learned-sync,4,3,20000,64,0,0,0,1,889768.781365905,1141235,22.564928906,0.000000000,39.259157429,38.574560937,220411.000000000,4
short_many_chains,1,seeded-sync,5,3,20000,64,0,0,0,1,2570961.381017969,1057900,22.564928906,0.000000000,250.000000000,80.000000000,220411.000000000,0
short_many_chains,1,learned-sync,5,3,20000,64,0,0,0,1,889768.781365905,1057900,22.564928906,0.000000000,39.259157429,38.574560937,220411.000000000,4
short_many_chains,1,seeded-sync,6,3,20000,64,0,0,0,1,2570961.381017969,1024288,22.564928906,0.000000000,250.000000000,80.000000000,220411.000000000,0
short_many_chains,1,learned-sync,6,3,20000,64,0,0,0,1,889768.781365905,1024288,22.564928906,0.000000000,39.259157429,38.574560937,220411.000000000,4
large_arrays,2,seeded-sync,0,7,1000000,64,0,0,0,1,50709252.871587098,24831414,22.165289109,0.000000000,250.000000000,80.000000000,399624.000000000,0
large_arrays,2,learned-sync,0,7,1000000,64,0,0,0,1,21449455.213640511,24831414,22.165289109,0.000000000,75.056910189,50.125735109,399624.000000000,4
large_arrays,2,seeded-sync,1,7,1000000,64,0,0,0,1,50709252.871587098,26708079,22.165289109,0.000000000,250.000000000,80.000000000,399624.000000000,0
large_arrays,2,learned-sync,1,7,1000000,64,0,0,0,1,21449455.213640511,26708079,22.165289109,0.000000000,75.056910189,50.125735109,399624.000000000,4
large_arrays,2,seeded-sync,2,7,1000000,64,0,0,0,1,50709252.871587098,25085433,22.165289109,0.000000000,250.000000000,80.000000000,399624.000000000,0
large_arrays,2,learned-sync,2,7,1000000,64,0,0,0,1,21449455.213640511,25085433,22.165289109,0.000000000,75.056910189,50.125735109,399624.000000000,4
large_arrays,2,seeded-sync,3,7,1000000,64,0,0,0,1,50709252.871587098,25893326,22.165289109,0.000000000,250.000000000,80.000000000,399624.000000000,0
large_arrays,2,learned-sync,3,7,1000000,64,0,0,0,1,21449455.213640511,25893326,22.165289109,0.000000000,75.056910189,50.125735109,399624.000000000,4
large_arrays,2,seeded-sync,4,7,1000000,64,0,0,0,1,50709252.871587098,25718625,22.165289109,0.000000000,250.000000000,80.000000000,399624.000000000,0
large_arrays,2,learned-sync,4,7,1000000,64,0,0,0,1,21449455.213640511,25718625,22.165289109,0.000000000,75.056910189,50.125735109,399624.000000000,4
large_arrays,2,seeded-sync,5,7,1000000,64,0,0,0,1,50709252.871587098,26483452,22.165289109,0.000000000,250.000000000,80.000000000,399624.000000000,0
large_arrays,2,learned-sync,5,7,1000000,64,0,0,0,1,21449455.213640511,26483452,22.165289109,0.000000000,75.056910189,50.125735109,399624.000000000,4
large_arrays,2,seeded-sync,6,7,1000000,64,0,0,0,1,50709252.871587098,26231100,22.165289109,0.000000000,250.000000000,80.000000000,399624.000000000,0
large_arrays,2,learned-sync,6,7,1000000,64,0,0,0,1,21449455.213640511,26231100,22.165289109,0.000000000,75.056910189,50.125735109,399624.000000000,4
tiny_chain,2,seeded-sync,0,6,257,1,0,0,0,1,397698.762098735,451911,21.994467412,0.000000000,250.000000000,80.000000000,382563.000000000,0
tiny_chain,2,learned-sync,0,6,257,1,0,0,0,1,551019.110592853,451911,21.994467412,0.000000000,3846.126464844,49.463035019,382563.000000000,4
tiny_chain,2,seeded-sync,1,6,257,1,0,0,0,1,397698.762098735,413570,21.994467412,0.000000000,250.000000000,80.000000000,382563.000000000,0
tiny_chain,2,learned-sync,1,6,257,1,0,0,0,1,551019.110592853,413570,21.994467412,0.000000000,3846.126464844,49.463035019,382563.000000000,4
tiny_chain,2,seeded-sync,2,6,257,1,0,0,0,1,397698.762098735,423258,21.994467412,0.000000000,250.000000000,80.000000000,382563.000000000,0
tiny_chain,2,learned-sync,2,6,257,1,0,0,0,1,551019.110592853,423258,21.994467412,0.000000000,3846.126464844,49.463035019,382563.000000000,4
tiny_chain,2,seeded-sync,3,6,257,1,0,0,0,1,397698.762098735,427235,21.994467412,0.000000000,250.000000000,80.000000000,382563.000000000,0
tiny_chain,2,learned-sync,3,6,257,1,0,0,0,1,551019.110592853,427235,21.994467412,0.000000000,3846.126464844,49.463035019,382563.000000000,4
tiny_chain,2,seeded-sync,4,6,257,1,0,0,0,1,397698.762098735,416326,21.994467412,0.000000000,250.000000000,80.000000000,382563.000000000,0
tiny_chain,2,learned-sync,4,6,257,1,0,0,0,1,551019.110592853,416326,21.994467412,0.000000000,3846.126464844,49.463035019,382563.000000000,4
tiny_chain,2,seeded-sync,5,6,257,1,0,0,0,1,397698.762098735,405014,21.994467412,0.000000000,250.000000000,80.000000000,382563.000000000,0
tiny_chain,2,learned-sync,5,6,257,1,0,0,0,1,551019.110592853,405014,21.994467412,0.000000000,3846.126464844,49.463035019,382563.000000000,4
tiny_chain,2,seeded-sync,6,6,257,1,0,0,0,1,397698.762098735,451300,21.994467412,0.000000000,250.000000000,80.000000000,382563.000000000,0
tiny_chain,2,learned-sync,6,6,257,1,0,0,0,1,551019.110592853,451300,21.994467412,0.000000000,3846.126464844,49.463035019,382563.000000000,4
large_arrays,1,seeded-sync,0,4,1000000,64,0,0,0,1,88315724.460937500,31234188,22.294013844,0.000000000,250.000000000,80.000000000,242221.000000000,0
large_arrays,1,learned-sync,0,4,1000000,64,0,0,0,1,27332611.365256127,31234188,22.294013844,0.000000000,39.167848039,46.899699578,242221.000000000,4
large_arrays,1,seeded-sync,1,4,1000000,64,0,0,0,1,88315724.460937500,30264062,22.294013844,0.000000000,250.000000000,80.000000000,242221.000000000,0
large_arrays,1,learned-sync,1,4,1000000,64,0,0,0,1,27332611.365256127,30264062,22.294013844,0.000000000,39.167848039,46.899699578,242221.000000000,4
large_arrays,1,seeded-sync,2,4,1000000,64,0,0,0,1,88315724.460937500,38761998,22.294013844,0.000000000,250.000000000,80.000000000,242221.000000000,0
large_arrays,1,learned-sync,2,4,1000000,64,0,0,0,1,27332611.365256127,38761998,22.294013844,0.000000000,39.167848039,46.899699578,242221.000000000,4
large_arrays,1,seeded-sync,3,4,1000000,64,0,0,0,1,88315724.460937500,34433156,22.294013844,0.000000000,250.000000000,80.000000000,242221.000000000,0
large_arrays,1,learned-sync,3,4,1000000,64,0,0,0,1,27332611.365256127,34433156,22.294013844,0.000000000,39.167848039,46.899699578,242221.000000000,4
large_arrays,1,seeded-sync,4,4,1000000,64,0,0,0,1,88315724.460937500,31793970,22.294013844,0.000000000,250.000000000,80.000000000,242221.000000000,0
large_arrays,1,learned-sync,4,4,1000000,64,0,0,0,1,27332611.365256127,31793970,22.294013844,0.000000000,39.167848039,46.899699578,242221.000000000,4
large_arrays,1,seeded-sync,5,4,1000000,64,0,0,0,1,88315724.460937500,32245040,22.294013844,0.000000000,250.000000000,80.000000000,242221.000000000,0
large_arrays,1,learned-sync,5,4,1000000,64,0,0,0,1,27332611.365256127,32245040,22.294013844,0.000000000,39.167848039,46.899699578,242221.000000000,4
large_arrays,1,seeded-sync,6,4,1000000,64,0,0,0,1,88315724.460937500,38223705,22.294013844,0.000000000,250.000000000,80.000000000,242221.000000000,0
large_arrays,1,learned-sync,6,4,1000000,64,0,0,0,1,27332611.365256127,38223705,22.294013844,0.000000000,39.167848039,46.899699578,242221.000000000,4
long_many_chains,0,seeded-sync,0,8,200000,64,0,0,0,1,9295554.365234375,4511627,22.769894609,0.000000000,250.000000000,80.000000000,476307.000000000,0
long_many_chains,0,learned-sync,0,8,200000,64,0,0,0,1,3352941.224081081,4511627,22.769894609,0.000000000,41.178156619,51.117317734,476307.000000000,4
long_many_chains,0,seeded-sync,1,8,200000,64,0,0,0,1,9295554.365234375,4525112,22.769894609,0.000000000,250.000000000,80.000000000,476307.000000000,0
long_many_chains,0,learned-sync,1,8,200000,64,0,0,0,1,3352941.224081081,4525112,22.769894609,0.000000000,41.178156619,51.117317734,476307.000000000,4
long_many_chains,0,seeded-sync,2,8,200000,64,0,0,0,1,9295554.365234375,5264163,22.769894609,0.000000000,250.000000000,80.000000000,476307.000000000,0
long_many_chains,0,learned-sync,2,8,200000,64,0,0,0,1,3352941.224081081,5264163,22.769894609,0.000000000,41.178156619,51.117317734,476307.000000000,4
long_many_chains,0,seeded-sync,3,8,200000,64,0,0,0,1,9295554.365234375,5396751,22.769894609,0.000000000,250.000000000,80.000000000,476307.000000000,0
long_many_chains,0,learned-sync,3,8,200000,64,0,0,0,1,3352941.224081081,5396751,22.769894609,0.000000000,41.178156619,51.117317734,476307.000000000,4
long_many_chains,0,seeded-sync,4,8,200000,64,0,0,0,1,9295554.365234375,4507620,22.769894609,0.000000000,250.000000000,80.000000000,476307.000000000,0
long_many_chains,0,learned-sync,4,8,200000,64,0,0,0,1,3352941.224081081,4507620,22.769894609,0.000000000,41.178156619,51.117317734,476307.000000000,4
long_many_chains,0,seeded-sync,5,8,200000,64,0,0,0,1,9295554.365234375,6302973,22.769894609,0.000000000,250.000000000,80.000000000,476307.000000000,0
long_many_chains,0,learned-sync,5,8,200000,64,0,0,0,1,3352941.224081081,6302973,22.769894609,0.000000000,41.178156619,51.117317734,476307.000000000,4
long_many_chains,0,seeded-sync,6,8,200000,64,0,0,0,1,9295554.365234375,4953766,22.769894609,0.000000000,250.000000000,80.000000000,476307.000000000,0
long_many_chains,0,learned-sync,6,8,200000,64,0,0,0,1,3352941.224081081,4953766,22.769894609,0.000000000,41.178156619,51.117317734,476307.000000000,4
independent_before,1,seeded-sync,0,8,32768,4,0,16,0,1,2401709.625000000,1799251,23.851423264,119.617235184,250.000000000,80.000000000,462382.000000000,0
independent_before,1,learned-sync,0,8,32768,4,0,16,0,1,1622794.480812592,1799251,23.851423264,119.617235184,98.375687683,41.459482193,462382.000000000,4
independent_before,1,seeded-sync,1,8,32768,4,0,16,0,1,2401709.625000000,1736594,23.851423264,119.617235184,250.000000000,80.000000000,462382.000000000,0
independent_before,1,learned-sync,1,8,32768,4,0,16,0,1,1622794.480812592,1736594,23.851423264,119.617235184,98.375687683,41.459482193,462382.000000000,4
independent_before,1,seeded-sync,2,8,32768,4,0,16,0,1,2401709.625000000,1986279,23.851423264,119.617235184,250.000000000,80.000000000,462382.000000000,0
independent_before,1,learned-sync,2,8,32768,4,0,16,0,1,1622794.480812592,1986279,23.851423264,119.617235184,98.375687683,41.459482193,462382.000000000,4
independent_before,1,seeded-sync,3,8,32768,4,0,16,0,1,2401709.625000000,2285456,23.851423264,119.617235184,250.000000000,80.000000000,462382.000000000,0
independent_before,1,learned-sync,3,8,32768,4,0,16,0,1,1622794.480812592,2285456,23.851423264,119.617235184,98.375687683,41.459482193,462382.000000000,4
independent_before,1,seeded-sync,4,8,32768,4,0,16,0,1,2401709.625000000,1763654,23.851423264,119.617235184,250.000000000,80.000000000,462382.000000000,0
independent_before,1,learned-sync,4,8,32768,4,0,16,0,1,1622794.480812592,1763654,23.851423264,119.617235184,98.375687683,41.459482193,462382.000000000,4
independent_before,1,seeded-sync,5,8,32768,4,0,16,0,1,2401709.625000000,2183496,23.851423264,119.617235184,250.000000000,80.000000000,462382.000000000,0
independent_before,1,learned-sync,5,8,32768,4,0,16,0,1,1622794.480812592,2183496,23.851423264,119.617235184,98.375687683,41.459482193,462382.000000000,4
independent_before,1,seeded-sync,6,8,32768,4,0,16,0,1,2401709.625000000,1762743,23.851423264,119.617235184,250.000000000,80.000000000,462382.000000000,0
independent_before,1,learned-sync,6,8,32768,4,0,16,0,1,1622794.480812592,1762743,23.851423264,119.617235184,98.375687683,41.459482193,462382.000000000,4
independent_after,2,seeded-sync,0,4,32768,4,0,16,1,1,4085281.828125000,1818607,23.463985443,118.696271896,250.000000000,80.000000000,217345.000000000,0
independent_after,2,learned-sync,0,4,32768,4,0,16,1,1,1970848.281492263,1818607,23.463985443,118.696271896,36.586179763,35.304256439,217345.000000000,4
independent_after,2,seeded-sync,1,4,32768,4,0,16,1,1,4085281.828125000,1833445,23.463985443,118.696271896,250.000000000,80.000000000,217345.000000000,0
independent_after,2,learned-sync,1,4,32768,4,0,16,1,1,1970848.281492263,1833445,23.463985443,118.696271896,36.586179763,35.304256439,217345.000000000,4
independent_after,2,seeded-sync,2,4,32768,4,0,16,1,1,4085281.828125000,2362810,23.463985443,118.696271896,250.000000000,80.000000000,217345.000000000,0
independent_after,2,learned-sync,2,4,32768,4,0,16,1,1,1970848.281492263,2362810,23.463985443,118.696271896,36.586179763,35.304256439,217345.000000000,4
independent_after,2,seeded-sync,3,4,32768,4,0,16,1,1,4085281.828125000,2311835,23.463985443,118.696271896,250.000000000,80.000000000,217345.000000000,0
independent_after,2,learned-sync,3,4,32768,4,0,16,1,1,1970848.281492263,2311835,23.463985443,118.696271896,36.586179763,35.304256439,217345.000000000,4
independent_after,2,seeded-sync,4,4,32768,4,0,16,1,1,4085281.828125000,1994851,23.463985443,118.696271896,250.000000000,80.000000000,217345.000000000,0
independent_after,2,learned-sync,4,4,32768,4,0,16,1,1,1970848.281492263,1994851,23.463985443,118.696271896,36.586179763,35.304256439,217345.000000000,4
independent_after,2,seeded-sync,5,4,32768,4,0,16,1,1,4085281.828125000,2094123,23.463985443,118.696271896,250.000000000,80.000000000,217345.000000000,0
independent_after,2,learned-sync,5,4,32768,4,0,16,1,1,1970848.281492263,2094123,23.463985443,118.696271896,36.586179763,35.304256439,217345.000000000,4
independent_after,2,seeded-sync,6,4,32768,4,0,16,1,1,4085281.828125000,2372378,23.463985443,118.696271896,250.000000000,80.000000000,217345.000000000,0
independent_after,2,learned-sync,6,4,32768,4,0,16,1,1,1970848.281492263,2372378,23.463985443,118.696271896,36.586179763,35.304256439,217345.000000000,4
short_chain,0,seeded-sync,0,6,20000,1,0,0,0,1,1495607.797306250,3816556,23.274084375,0.000000000,250.000000000,80.000000000,317792.000000000,0
short_chain,0,learned-sync,0,6,20000,1,0,0,0,1,3776452.115510920,3816556,23.274084375,0.000000000,963.193339354,50.923132812,317792.000000000,4
short_chain,0,seeded-sync,1,6,20000,1,0,0,0,1,1495607.797306250,4412478,23.274084375,0.000000000,250.000000000,80.000000000,317792.000000000,0
short_chain,0,learned-sync,1,6,20000,1,0,0,0,1,3776452.115510920,4412478,23.274084375,0.000000000,963.193339354,50.923132812,317792.000000000,4
short_chain,0,seeded-sync,2,6,20000,1,0,0,0,1,1495607.797306250,3820455,23.274084375,0.000000000,250.000000000,80.000000000,317792.000000000,0
short_chain,0,learned-sync,2,6,20000,1,0,0,0,1,3776452.115510920,3820455,23.274084375,0.000000000,963.193339354,50.923132812,317792.000000000,4
short_chain,0,seeded-sync,3,6,20000,1,0,0,0,1,1495607.797306250,3734605,23.274084375,0.000000000,250.000000000,80.000000000,317792.000000000,0
short_chain,0,learned-sync,3,6,20000,1,0,0,0,1,3776452.115510920,3734605,23.274084375,0.000000000,963.193339354,50.923132812,317792.000000000,4
short_chain,0,seeded-sync,4,6,20000,1,0,0,0,1,1495607.797306250,3771385,23.274084375,0.000000000,250.000000000,80.000000000,317792.000000000,0
short_chain,0,learned-sync,4,6,20000,1,0,0,0,1,3776452.115510920,3771385,23.274084375,0.000000000,963.193339354,50.923132812,317792.000000000,4
short_chain,0,seeded-sync,5,6,20000,1,0,0,0,1,1495607.797306250,4334681,23.274084375,0.000000000,250.000000000,80.000000000,317792.000000000,0
short_chain,0,learned-sync,5,6,20000,1,0,0,0,1,3776452.115510920,4334681,23.274084375,0.000000000,963.193339354,50.923132812,317792.000000000,4
short_chain,0,seeded-sync,6,6,20000,1,0,0,0,1,1495607.797306250,3667481,23.274084375,0.000000000,250.000000000,80.000000000,317792.000000000,0
short_chain,0,learned-sync,6,6,20000,1,0,0,0,1,3776452.115510920,3667481,23.274084375,0.000000000,963.193339354,50.923132812,317792.000000000,4
two_streams,2,seeded-sync,0,8,32768,4,0,0,0,2,3411359.099609375,2284485,22.789086819,0.000000000,250.000000000,80.000000000,614655.000000000,0
two_streams,2,learned-sync,0,8,32768,4,0,0,0,2,1850399.613913852,2284485,22.789086819,0.000000000,96.162741977,43.290445805,614655.000000000,4
two_streams,2,seeded-sync,1,8,32768,4,0,0,0,2,3411359.099609375,2340329,22.789086819,0.000000000,250.000000000,80.000000000,614655.000000000,0
two_streams,2,learned-sync,1,8,32768,4,0,0,0,2,1850399.613913852,2340329,22.789086819,0.000000000,96.162741977,43.290445805,614655.000000000,4
two_streams,2,seeded-sync,2,8,32768,4,0,0,0,2,3411359.099609375,2594807,22.789086819,0.000000000,250.000000000,80.000000000,614655.000000000,0
two_streams,2,learned-sync,2,8,32768,4,0,0,0,2,1850399.613913852,2594807,22.789086819,0.000000000,96.162741977,43.290445805,614655.000000000,4
two_streams,2,seeded-sync,3,8,32768,4,0,0,0,2,3411359.099609375,2270524,22.789086819,0.000000000,250.000000000,80.000000000,614655.000000000,0
two_streams,2,learned-sync,3,8,32768,4,0,0,0,2,1850399.613913852,2270524,22.789086819,0.000000000,96.162741977,43.290445805,614655.000000000,4
two_streams,2,seeded-sync,4,8,32768,4,0,0,0,2,3411359.099609375,2196200,22.789086819,0.000000000,250.000000000,80.000000000,614655.000000000,0
two_streams,2,learned-sync,4,8,32768,4,0,0,0,2,1850399.613913852,2196200,22.789086819,0.000000000,96.162741977,43.290445805,614655.000000000,4
two_streams,2,seeded-sync,5,8,32768,4,0,0,0,2,3411359.099609375,2162327,22.789086819,0.000000000,250.000000000,80.000000000,614655.000000000,0
two_streams,2,learned-sync,5,8,32768,4,0,0,0,2,1850399.613913852,2162327,22.789086819,0.000000000,96.162741977,43.290445805,614655.000000000,4
two_streams,2,seeded-sync,6,8,32768,4,0,0,0,2,3411359.099609375,2298751,22.789086819,0.000000000,250.000000000,80.000000000,614655.000000000,0
two_streams,2,learned-sync,6,8,32768,4,0,0,0,2,1850399.613913852,2298751,22.789086819,0.000000000,96.162741977,43.290445805,614655.000000000,4
short_many_chains,1,seeded-sync,0,5,20000,64,0,0,0,1,1697825.362500000,890278,22.397090625,0.000000000,250.000000000,80.000000000,288237.000000000,0
short_many_chains,1,learned-sync,0,5,20000,64,0,0,0,1,974515.939044944,890278,22.397090625,0.000000000,101.375120699,47.797523438,288237.000000000,4
short_many_chains,1,seeded-sync,1,5,20000,64,0,0,0,1,1697825.362500000,902861,22.397090625,0.000000000,250.000000000,80.000000000,288237.000000000,0
short_many_chains,1,learned-sync,1,5,20000,64,0,0,0,1,974515.939044944,902861,22.397090625,0.000000000,101.375120699,47.797523438,288237.000000000,4
short_many_chains,1,seeded-sync,2,5,20000,64,0,0,0,1,1697825.362500000,949438,22.397090625,0.000000000,250.000000000,80.000000000,288237.000000000,0
short_many_chains,1,learned-sync,2,5,20000,64,0,0,0,1,974515.939044944,949438,22.397090625,0.000000000,101.375120699,47.797523438,288237.000000000,4
short_many_chains,1,seeded-sync,3,5,20000,64,0,0,0,1,1697825.362500000,885159,22.397090625,0.000000000,250.000000000,80.000000000,288237.000000000,0
short_many_chains,1,learned-sync,3,5,20000,64,0,0,0,1,974515.939044944,885159,22.397090625,0.000000000,101.375120699,47.797523438,288237.000000000,4
short_many_chains,1,seeded-sync,4,5,20000,64,0,0,0,1,1697825.362500000,864710,22.397090625,0.000000000,250.000000000,80.000000000,288237.000000000,0
short_many_chains,1,learned-sync,4,5,20000,64,0,0,0,1,974515.939044944,864710,22.397090625,0.000000000,101.375120699,47.797523438,288237.000000000,4
short_many_chains,1,seeded-sync,5,5,20000,64,0,0,0,1,1697825.362500000,868508,22.397090625,0.000000000,250.000000000,80.000000000,288237.000000000,0
short_many_chains,1,learned-sync,5,5,20000,64,0,0,0,1,974515.939044944,868508,22.397090625,0.000000000,101.375120699,47.797523438,288237.000000000,4
short_many_chains,1,seeded-sync,6,5,20000,64,0,0,0,1,1697825.362500000,1124835,22.397090625,0.000000000,250.000000000,80.000000000,288237.000000000,0
short_many_chains,1,learned-sync,6,5,20000,64,0,0,0,1,974515.939044944,1124835,22.397090625,0.000000000,101.375120699,47.797523438,288237.000000000,4
short_four_chains,2,seeded-sync,0,5,20000,4,0,0,0,1,1727143.768750000,1050697,22.811442187,0.000000000,250.000000000,80.000000000,315898.000000000,0
short_four_chains,2,learned-sync,0,5,20000,4,0,0,0,1,1012501.997318214,1050697,22.811442187,0.000000000,97.430241517,53.909315625,315898.000000000,4
short_four_chains,2,seeded-sync,1,5,20000,4,0,0,0,1,1727143.768750000,1101361,22.811442187,0.000000000,250.000000000,80.000000000,315898.000000000,0
short_four_chains,2,learned-sync,1,5,20000,4,0,0,0,1,1012501.997318214,1101361,22.811442187,0.000000000,97.430241517,53.909315625,315898.000000000,4
short_four_chains,2,seeded-sync,2,5,20000,4,0,0,0,1,1727143.768750000,1039777,22.811442187,0.000000000,250.000000000,80.000000000,315898.000000000,0
short_four_chains,2,learned-sync,2,5,20000,4,0,0,0,1,1012501.997318214,1039777,22.811442187,0.000000000,97.430241517,53.909315625,315898.000000000,4
short_four_chains,2,seeded-sync,3,5,20000,4,0,0,0,1,1727143.768750000,1026171,22.811442187,0.000000000,250.000000000,80.000000000,315898.000000000,0
short_four_chains,2,learned-sync,3,5,20000,4,0,0,0,1,1012501.997318214,1026171,22.811442187,0.000000000,97.430241517,53.909315625,315898.000000000,4
short_four_chains,2,seeded-sync,4,5,20000,4,0,0,0,1,1727143.768750000,1052650,22.811442187,0.000000000,250.000000000,80.000000000,315898.000000000,0
short_four_chains,2,learned-sync,4,5,20000,4,0,0,0,1,1012501.997318214,1052650,22.811442187,0.000000000,97.430241517,53.909315625,315898.000000000,4
short_four_chains,2,seeded-sync,5,5,20000,4,0,0,0,1,1727143.768750000,1092665,22.811442187,0.000000000,250.000000000,80.000000000,315898.000000000,0
short_four_chains,2,learned-sync,5,5,20000,4,0,0,0,1,1012501.997318214,1092665,22.811442187,0.000000000,97.430241517,53.909315625,315898.000000000,4
short_four_chains,2,seeded-sync,6,5,20000,4,0,0,0,1,1727143.768750000,1431160,22.811442187,0.000000000,250.000000000,80.000000000,315898.000000000,0
short_four_chains,2,learned-sync,6,5,20000,4,0,0,0,1,1012501.997318214,1431160,22.811442187,0.000000000,97.430241517,53.909315625,315898.000000000,4
long_four_chains,0,seeded-sync,0,6,200000,4,0,0,0,1,12078044.144002344,7065218,22.602722266,0.000000000,250.000000000,80.000000000,324385.000000000,0
long_four_chains,0,learned-sync,0,6,200000,4,0,0,0,1,4995038.412899391,7065218,22.602722266,0.000000000,68.764267785,48.749810000,324385.000000000,4
long_four_chains,0,seeded-sync,1,6,200000,4,0,0,0,1,12078044.144002344,6383358,22.602722266,0.000000000,250.000000000,80.000000000,324385.000000000,0
long_four_chains,0,learned-sync,1,6,200000,4,0,0,0,1,4995038.412899391,6383358,22.602722266,0.000000000,68.764267785,48.749810000,324385.000000000,4
long_four_chains,0,seeded-sync,2,6,200000,4,0,0,0,1,12078044.144002344,7508522,22.602722266,0.000000000,250.000000000,80.000000000,324385.000000000,0
long_four_chains,0,learned-sync,2,6,200000,4,0,0,0,1,4995038.412899391,7508522,22.602722266,0.000000000,68.764267785,48.749810000,324385.000000000,4
long_four_chains,0,seeded-sync,3,6,200000,4,0,0,0,1,12078044.144002344,6919416,22.602722266,0.000000000,250.000000000,80.000000000,324385.000000000,0
long_four_chains,0,learned-sync,3,6,200000,4,0,0,0,1,4995038.412899391,6919416,22.602722266,0.000000000,68.764267785,48.749810000,324385.000000000,4
long_four_chains,0,seeded-sync,4,6,200000,4,0,0,0,1,12078044.144002344,7548397,22.602722266,0.000000000,250.000000000,80.000000000,324385.000000000,0
long_four_chains,0,learned-sync,4,6,200000,4,0,0,0,1,4995038.412899391,7548397,22.602722266,0.000000000,68.764267785,48.749810000,324385.000000000,4
long_four_chains,0,seeded-sync,5,6,200000,4,0,0,0,1,12078044.144002344,6155644,22.602722266,0.000000000,250.000000000,80.000000000,324385.000000000,0
long_four_chains,0,learned-sync,5,6,200000,4,0,0,0,1,4995038.412899391,6155644,22.602722266,0.000000000,68.764267785,48.749810000,324385.000000000,4
long_four_chains,0,seeded-sync,6,6,200000,4,0,0,0,1,12078044.144002344,7376848,22.602722266,0.000000000,250.000000000,80.000000000,324385.000000000,0
long_four_chains,0,learned-sync,6,6,200000,4,0,0,0,1,4995038.412899391,7376848,22.602722266,0.000000000,68.764267785,48.749810000,324385.000000000,4
tiny_chain,0,seeded-sync,0,8,257,1,0,0,0,1,436428.686527237,602444,26.293531128,0.000000000,250.000000000,80.000000000,424671.000000000,0
tiny_chain,0,learned-sync,0,8,257,1,0,0,0,1,692786.798814825,602444,26.293531128,0.000000000,8045.795410156,52.632234922,424671.000000000,4
tiny_chain,0,seeded-sync,1,8,257,1,0,0,0,1,436428.686527237,649929,26.293531128,0.000000000,250.000000000,80.000000000,424671.000000000,0
tiny_chain,0,learned-sync,1,8,257,1,0,0,0,1,692786.798814825,649929,26.293531128,0.000000000,8045.795410156,52.632234922,424671.000000000,4
tiny_chain,0,seeded-sync,2,8,257,1,0,0,0,1,436428.686527237,856096,26.293531128,0.000000000,250.000000000,80.000000000,424671.000000000,0
tiny_chain,0,learned-sync,2,8,257,1,0,0,0,1,692786.798814825,856096,26.293531128,0.000000000,8045.795410156,52.632234922,424671.000000000,4
tiny_chain,0,seeded-sync,3,8,257,1,0,0,0,1,436428.686527237,706214,26.293531128,0.000000000,250.000000000,80.000000000,424671.000000000,0
tiny_chain,0,learned-sync,3,8,257,1,0,0,0,1,692786.798814825,706214,26.293531128,0.000000000,8045.795410156,52.632234922,424671.000000000,4
tiny_chain,0,seeded-sync,4,8,257,1,0,0,0,1,436428.686527237,660727,26.293531128,0.000000000,250.000000000,80.000000000,424671.000000000,0
tiny_chain,0,learned-sync,4,8,257,1,0,0,0,1,692786.798814825,660727,26.293531128,0.000000000,8045.795410156,52.632234922,424671.000000000,4
tiny_chain,0,seeded-sync,5,8,257,1,0,0,0,1,436428.686527237,566649,26.293531128,0.000000000,250.000000000,80.000000000,424671.000000000,0
tiny_chain,0,learned-sync,5,8,257,1,0,0,0,1,692786.798814825,566649,26.293531128,0.000000000,8045.795410156,52.632234922,424671.000000000,4
tiny_chain,0,seeded-sync,6,8,257,1,0,0,0,1,436428.686527237,676059,26.293531128,0.000000000,250.000000000,80.000000000,424671.000000000,0
tiny_chain,0,learned-sync,6,8,257,1,0,0,0,1,692786.798814825,676059,26.293531128,0.000000000,8045.795410156,52.632234922,424671.000000000,4
dependent_compute,0,seeded-sync,0,5,32768,1,16,0,0,1,3242939.104235649,8813074,118.268401623,0.000000000,250.000000000,80.000000000,304988.000000000,0
dependent_compute,0,learned-sync,0,5,32768,1,16,0,0,1,8055242.758678012,8813074,118.268401623,0.000000000,1012.747690130,51.506758213,304988.000000000,4
dependent_compute,0,seeded-sync,1,5,32768,1,16,0,0,1,3242939.104235649,8371129,118.268401623,0.000000000,250.000000000,80.000000000,304988.000000000,0
dependent_compute,0,learned-sync,1,5,32768,1,16,0,0,1,8055242.758678012,8371129,118.268401623,0.000000000,1012.747690130,51.506758213,304988.000000000,4
dependent_compute,0,seeded-sync,2,5,32768,1,16,0,0,1,3242939.104235649,8771956,118.268401623,0.000000000,250.000000000,80.000000000,304988.000000000,0
dependent_compute,0,learned-sync,2,5,32768,1,16,0,0,1,8055242.758678012,8771956,118.268401623,0.000000000,1012.747690130,51.506758213,304988.000000000,4
dependent_compute,0,seeded-sync,3,5,32768,1,16,0,0,1,3242939.104235649,8556401,118.268401623,0.000000000,250.000000000,80.000000000,304988.000000000,0
dependent_compute,0,learned-sync,3,5,32768,1,16,0,0,1,8055242.758678012,8556401,118.268401623,0.000000000,1012.747690130,51.506758213,304988.000000000,4
dependent_compute,0,seeded-sync,4,5,32768,1,16,0,0,1,3242939.104235649,8620484,118.268401623,0.000000000,250.000000000,80.000000000,304988.000000000,0
dependent_compute,0,learned-sync,4,5,32768,1,16,0,0,1,8055242.758678012,8620484,118.268401623,0.000000000,1012.747690130,51.506758213,304988.000000000,4
dependent_compute,0,seeded-sync,5,5,32768,1,16,0,0,1,3242939.104235649,8825220,118.268401623,0.000000000,250.000000000,80.000000000,304988.000000000,0
dependent_compute,0,learned-sync,5,5,32768,1,16,0,0,1,8055242.758678012,8825220,118.268401623,0.000000000,1012.747690130,51.506758213,304988.000000000,4
dependent_compute,0,seeded-sync,6,5,32768,1,16,0,0,1,3242939.104235649,9103302,118.268401623,0.000000000,250.000000000,80.000000000,304988.000000000,0
dependent_compute,0,learned-sync,6,5,32768,1,16,0,0,1,8055242.758678012,9103302,118.268401623,0.000000000,1012.747690130,51.506758213,304988.000000000,4
two_streams,2,seeded-sync,0,5,32768,4,0,0,0,2,4838545.749951363,2453209,22.367065907,0.000000000,250.000000000,80.000000000,366312.000000000,0
two_streams,2,learned-sync,0,5,32768,4,0,0,0,2,1989523.340178363,2453209,22.367065907,0.000000000,63.770401346,48.879704714,366312.000000000,4
two_streams,2,seeded-sync,1,5,32768,4,0,0,0,2,4838545.749951363,2807208,22.367065907,0.000000000,250.000000000,80.000000000,366312.000000000,0
two_streams,2,learned-sync,1,5,32768,4,0,0,0,2,1989523.340178363,2807208,22.367065907,0.000000000,63.770401346,48.879704714,366312.000000000,4
two_streams,2,seeded-sync,2,5,32768,4,0,0,0,2,4838545.749951363,2974920,22.367065907,0.000000000,250.000000000,80.000000000,366312.000000000,0
two_streams,2,learned-sync,2,5,32768,4,0,0,0,2,1989523.340178363,2974920,22.367065907,0.000000000,63.770401346,48.879704714,366312.000000000,4
two_streams,2,seeded-sync,3,5,32768,4,0,0,0,2,4838545.749951363,2423303,22.367065907,0.000000000,250.000000000,80.000000000,366312.000000000,0
two_streams,2,learned-sync,3,5,32768,4,0,0,0,2,1989523.340178363,2423303,22.367065907,0.000000000,63.770401346,48.879704714,366312.000000000,4
two_streams,2,seeded-sync,4,5,32768,4,0,0,0,2,4838545.749951363,2496579,22.367065907,0.000000000,250.000000000,80.000000000,366312.000000000,0
two_streams,2,learned-sync,4,5,32768,4,0,0,0,2,1989523.340178363,2496579,22.367065907,0.000000000,63.770401346,48.879704714,366312.000000000,4
two_streams,2,seeded-sync,5,5,32768,4,0,0,0,2,4838545.749951363,2675593,22.367065907,0.000000000,250.000000000,80.000000000,366312.000000000,0
two_streams,2,learned-sync,5,5,32768,4,0,0,0,2,1989523.340178363,2675593,22.367065907,0.000000000,63.770401346,48.879704714,366312.000000000,4
two_streams,2,seeded-sync,6,5,32768,4,0,0,0,2,4838545.749951363,3251385,22.367065907,0.000000000,250.000000000,80.000000000,366312.000000000,0
two_streams,2,learned-sync,6,5,32768,4,0,0,0,2,1989523.340178363,3251385,22.367065907,0.000000000,63.770401346,48.879704714,366312.000000000,4
dependent_compute,0,seeded-sync,0,3,32768,1,16,0,0,1,5116127.166865349,7603801,118.969346046,0.000000000,250.000000000,80.000000000,212035.000000000,0
dependent_compute,0,learned-sync,0,3,32768,1,16,0,0,1,7163976.937729439,7603801,118.969346046,0.000000000,467.332067610,50.148457050,212035.000000000,4
dependent_compute,0,seeded-sync,1,3,32768,1,16,0,0,1,5116127.166865349,7701904,118.969346046,0.000000000,250.000000000,80.000000000,212035.000000000,0
dependent_compute,0,learned-sync,1,3,32768,1,16,0,0,1,7163976.937729439,7701904,118.969346046,0.000000000,467.332067610,50.148457050,212035.000000000,4
dependent_compute,0,seeded-sync,2,3,32768,1,16,0,0,1,5116127.166865349,7487274,118.969346046,0.000000000,250.000000000,80.000000000,212035.000000000,0
dependent_compute,0,learned-sync,2,3,32768,1,16,0,0,1,7163976.937729439,7487274,118.969346046,0.000000000,467.332067610,50.148457050,212035.000000000,4
dependent_compute,0,seeded-sync,3,3,32768,1,16,0,0,1,5116127.166865349,7944535,118.969346046,0.000000000,250.000000000,80.000000000,212035.000000000,0
dependent_compute,0,learned-sync,3,3,32768,1,16,0,0,1,7163976.937729439,7944535,118.969346046,0.000000000,467.332067610,50.148457050,212035.000000000,4
dependent_compute,0,seeded-sync,4,3,32768,1,16,0,0,1,5116127.166865349,7546413,118.969346046,0.000000000,250.000000000,80.000000000,212035.000000000,0
dependent_compute,0,learned-sync,4,3,32768,1,16,0,0,1,7163976.937729439,7546413,118.969346046,0.000000000,467.332067610,50.148457050,212035.000000000,4
dependent_compute,0,seeded-sync,5,3,32768,1,16,0,0,1,5116127.166865349,7784617,118.969346046,0.000000000,250.000000000,80.000000000,212035.000000000,0
dependent_compute,0,learned-sync,5,3,32768,1,16,0,0,1,7163976.937729439,7784617,118.969346046,0.000000000,467.332067610,50.148457050,212035.000000000,4
dependent_compute,0,seeded-sync,6,3,32768,1,16,0,0,1,5116127.166865349,7657480,118.969346046,0.000000000,250.000000000,80.000000000,212035.000000000,0
dependent_compute,0,learned-sync,6,3,32768,1,16,0,0,1,7163976.937729439,7657480,118.969346046,0.000000000,467.332067610,50.148457050,212035.000000000,4
large_arrays,0,seeded-sync,0,2,1000000,64,0,0,0,1,176255926.078125000,53479144,22.180996156,0.000000000,250.000000000,80.000000000,165428.000000000,0
large_arrays,0,learned-sync,0,2,1000000,64,0,0,0,1,41103491.896923900,53479144,22.180996156,0.000000000,28.221144106,31.473987531,165428.000000000,4
large_arrays,0,seeded-sync,1,2,1000000,64,0,0,0,1,176255926.078125000,55765513,22.180996156,0.000000000,250.000000000,80.000000000,165428.000000000,0
large_arrays,0,learned-sync,1,2,1000000,64,0,0,0,1,41103491.896923900,55765513,22.180996156,0.000000000,28.221144106,31.473987531,165428.000000000,4
large_arrays,0,seeded-sync,2,2,1000000,64,0,0,0,1,176255926.078125000,52729669,22.180996156,0.000000000,250.000000000,80.000000000,165428.000000000,0
large_arrays,0,learned-sync,2,2,1000000,64,0,0,0,1,41103491.896923900,52729669,22.180996156,0.000000000,28.221144106,31.473987531,165428.000000000,4
large_arrays,0,seeded-sync,3,2,1000000,64,0,0,0,1,176255926.078125000,62582017,22.180996156,0.000000000,250.000000000,80.000000000,165428.000000000,0
large_arrays,0,learned-sync,3,2,1000000,64,0,0,0,1,41103491.896923900,62582017,22.180996156,0.000000000,28.221144106,31.473987531,165428.000000000,4
large_arrays,0,seeded-sync,4,2,1000000,64,0,0,0,1,176255926.078125000,59199990,22.180996156,0.000000000,250.000000000,80.000000000,165428.000000000,0
large_arrays,0,learned-sync,4,2,1000000,64,0,0,0,1,41103491.896923900,59199990,22.180996156,0.000000000,28.221144106,31.473987531,165428.000000000,4
large_arrays,0,seeded-sync,5,2,1000000,64,0,0,0,1,176255926.078125000,53116211,22.180996156,0.000000000,250.000000000,80.000000000,165428.000000000,0
large_arrays,0,learned-sync,5,2,1000000,64,0,0,0,1,41103491.896923900,53116211,22.180996156,0.000000000,28.221144106,31.473987531,165428.000000000,4
large_arrays,0,seeded-sync,6,2,1000000,64,0,0,0,1,176255926.078125000,53759767,22.180996156,0.000000000,250.000000000,80.000000000,165428.000000000,0
large_arrays,0,learned-sync,6,2,1000000,64,0,0,0,1,41103491.896923900,53759767,22.180996156,0.000000000,28.221144106,31.473987531,165428.000000000,4
uneven,0,seeded-sync,0,7,8193,3,4,8,0,1,906770.193829717,1143730,43.324983980,67.197811775,250.000000000,80.000000000,390918.000000000,0
uneven,0,learned-sync,0,7,8193,3,4,8,0,1,1006102.232210957,1143730,43.324983980,67.197811775,350.002945665,64.823731005,390918.000000000,4
uneven,0,seeded-sync,1,7,8193,3,4,8,0,1,906770.193829717,952334,43.324983980,67.197811775,250.000000000,80.000000000,390918.000000000,0
uneven,0,learned-sync,1,7,8193,3,4,8,0,1,1006102.232210957,952334,43.324983980,67.197811775,350.002945665,64.823731005,390918.000000000,4
uneven,0,seeded-sync,2,7,8193,3,4,8,0,1,906770.193829717,994913,43.324983980,67.197811775,250.000000000,80.000000000,390918.000000000,0
uneven,0,learned-sync,2,7,8193,3,4,8,0,1,1006102.232210957,994913,43.324983980,67.197811775,350.002945665,64.823731005,390918.000000000,4
uneven,0,seeded-sync,3,7,8193,3,4,8,0,1,906770.193829717,1211671,43.324983980,67.197811775,250.000000000,80.000000000,390918.000000000,0
uneven,0,learned-sync,3,7,8193,3,4,8,0,1,1006102.232210957,1211671,43.324983980,67.197811775,350.002945665,64.823731005,390918.000000000,4
uneven,0,seeded-sync,4,7,8193,3,4,8,0,1,906770.193829717,1070462,43.324983980,67.197811775,250.000000000,80.000000000,390918.000000000,0
uneven,0,learned-sync,4,7,8193,3,4,8,0,1,1006102.232210957,1070462,43.324983980,67.197811775,350.002945665,64.823731005,390918.000000000,4
uneven,0,seeded-sync,5,7,8193,3,4,8,0,1,906770.193829717,972422,43.324983980,67.197811775,250.000000000,80.000000000,390918.000000000,0
uneven,0,learned-sync,5,7,8193,3,4,8,0,1,1006102.232210957,972422,43.324983980,67.197811775,350.002945665,64.823731005,390918.000000000,4
uneven,0,seeded-sync,6,7,8193,3,4,8,0,1,906770.193829717,959567,43.324983980,67.197811775,250.000000000,80.000000000,390918.000000000,0
uneven,0,learned-sync,6,7,8193,3,4,8,0,1,1006102.232210957,959567,43.324983980,67.197811775,350.002945665,64.823731005,390918.000000000,4
short_four_chains,1,seeded-sync,0,3,20000,4,0,0,0,1,2537827.582588281,1243576,21.950889844,0.000000000,250.000000000,80.000000000,191371.000000000,0
short_four_chains,1,learned-sync,0,3,20000,4,0,0,0,1,1061893.479410741,1243576,21.950889844,0.000000000,57.474409726,51.146543750,191371.000000000,4
short_four_chains,1,seeded-sync,1,3,20000,4,0,0,0,1,2537827.582588281,1260598,21.950889844,0.000000000,250.000000000,80.000000000,191371.000000000,0
short_four_chains,1,learned-sync,1,3,20000,4,0,0,0,1,1061893.479410741,1260598,21.950889844,0.000000000,57.474409726,51.146543750,191371.000000000,4
short_four_chains,1,seeded-sync,2,3,20000,4,0,0,0,1,2537827.582588281,1502358,21.950889844,0.000000000,250.000000000,80.000000000,191371.000000000,0
short_four_chains,1,learned-sync,2,3,20000,4,0,0,0,1,1061893.479410741,1502358,21.950889844,0.000000000,57.474409726,51.146543750,191371.000000000,4
short_four_chains,1,seeded-sync,3,3,20000,4,0,0,0,1,2537827.582588281,1447185,21.950889844,0.000000000,250.000000000,80.000000000,191371.000000000,0
short_four_chains,1,learned-sync,3,3,20000,4,0,0,0,1,1061893.479410741,1447185,21.950889844,0.000000000,57.474409726,51.146543750,191371.000000000,4
short_four_chains,1,seeded-sync,4,3,20000,4,0,0,0,1,2537827.582588281,1577748,21.950889844,0.000000000,250.000000000,80.000000000,191371.000000000,0
short_four_chains,1,learned-sync,4,3,20000,4,0,0,0,1,1061893.479410741,1577748,21.950889844,0.000000000,57.474409726,51.146543750,191371.000000000,4
short_four_chains,1,seeded-sync,5,3,20000,4,0,0,0,1,2537827.582588281,1368854,21.950889844,0.000000000,250.000000000,80.000000000,191371.000000000,0
short_four_chains,1,learned-sync,5,3,20000,4,0,0,0,1,1061893.479410741,1368854,21.950889844,0.000000000,57.474409726,51.146543750,191371.000000000,4
short_four_chains,1,seeded-sync,6,3,20000,4,0,0,0,1,2537827.582588281,1258859,21.950889844,0.000000000,250.000000000,80.000000000,191371.000000000,0
short_four_chains,1,learned-sync,6,3,20000,4,0,0,0,1,1061893.479410741,1258859,21.950889844,0.000000000,57.474409726,51.146543750,191371.000000000,4
short_four_chains,2,seeded-sync,0,3,20000,4,0,0,0,1,2551543.012665625,1253815,23.100496875,0.000000000,250.000000000,80.000000000,197422.000000000,0
short_four_chains,2,learned-sync,0,3,20000,4,0,0,0,1,1084391.179835482,1253815,23.100496875,0.000000000,58.672070352,51.266157813,197422.000000000,4
short_four_chains,2,seeded-sync,1,3,20000,4,0,0,0,1,2551543.012665625,1398941,23.100496875,0.000000000,250.000000000,80.000000000,197422.000000000,0
short_four_chains,2,learned-sync,1,3,20000,4,0,0,0,1,1084391.179835482,1398941,23.100496875,0.000000000,58.672070352,51.266157813,197422.000000000,4
short_four_chains,2,seeded-sync,2,3,20000,4,0,0,0,1,2551543.012665625,1349624,23.100496875,0.000000000,250.000000000,80.000000000,197422.000000000,0
short_four_chains,2,learned-sync,2,3,20000,4,0,0,0,1,1084391.179835482,1349624,23.100496875,0.000000000,58.672070352,51.266157813,197422.000000000,4
short_four_chains,2,seeded-sync,3,3,20000,4,0,0,0,1,2551543.012665625,1444009,23.100496875,0.000000000,250.000000000,80.000000000,197422.000000000,0
short_four_chains,2,learned-sync,3,3,20000,4,0,0,0,1,1084391.179835482,1444009,23.100496875,0.000000000,58.672070352,51.266157813,197422.000000000,4
short_four_chains,2,seeded-sync,4,3,20000,4,0,0,0,1,2551543.012665625,1510307,23.100496875,0.000000000,250.000000000,80.000000000,197422.000000000,0
short_four_chains,2,learned-sync,4,3,20000,4,0,0,0,1,1084391.179835482,1510307,23.100496875,0.000000000,58.672070352,51.266157813,197422.000000000,4
short_four_chains,2,seeded-sync,5,3,20000,4,0,0,0,1,2551543.012665625,1358555,23.100496875,0.000000000,250.000000000,80.000000000,197422.000000000,0
short_four_chains,2,learned-sync,5,3,20000,4,0,0,0,1,1084391.179835482,1358555,23.100496875,0.000000000,58.672070352,51.266157813,197422.000000000,4
short_four_chains,2,seeded-sync,6,3,20000,4,0,0,0,1,2551543.012665625,1267030,23.100496875,0.000000000,250.000000000,80.000000000,197422.000000000,0
short_four_chains,2,learned-sync,6,3,20000,4,0,0,0,1,1084391.179835482,1267030,23.100496875,0.000000000,58.672070352,51.266157813,197422.000000000,4
tiny_chain,1,seeded-sync,0,7,257,1,0,0,0,1,366339.008146887,526324,21.919139105,0.000000000,250.000000000,80.000000000,353318.000000000,0
tiny_chain,1,learned-sync,0,7,257,1,0,0,0,1,599804.002249751,526324,21.919139105,0.000000000,6560.854309082,79.010396401,353318.000000000,4
tiny_chain,1,seeded-sync,1,7,257,1,0,0,0,1,366339.008146887,546207,21.919139105,0.000000000,250.000000000,80.000000000,353318.000000000,0
tiny_chain,1,learned-sync,1,7,257,1,0,0,0,1,599804.002249751,546207,21.919139105,0.000000000,6560.854309082,79.010396401,353318.000000000,4
tiny_chain,1,seeded-sync,2,7,257,1,0,0,0,1,366339.008146887,522320,21.919139105,0.000000000,250.000000000,80.000000000,353318.000000000,0
tiny_chain,1,learned-sync,2,7,257,1,0,0,0,1,599804.002249751,522320,21.919139105,0.000000000,6560.854309082,79.010396401,353318.000000000,4
tiny_chain,1,seeded-sync,3,7,257,1,0,0,0,1,366339.008146887,516084,21.919139105,0.000000000,250.000000000,80.000000000,353318.000000000,0
tiny_chain,1,learned-sync,3,7,257,1,0,0,0,1,599804.002249751,516084,21.919139105,0.000000000,6560.854309082,79.010396401,353318.000000000,4
tiny_chain,1,seeded-sync,4,7,257,1,0,0,0,1,366339.008146887,512511,21.919139105,0.000000000,250.000000000,80.000000000,353318.000000000,0
tiny_chain,1,learned-sync,4,7,257,1,0,0,0,1,599804.002249751,512511,21.919139105,0.000000000,6560.854309082,79.010396401,353318.000000000,4
tiny_chain,1,seeded-sync,5,7,257,1,0,0,0,1,366339.008146887,600253,21.919139105,0.000000000,250.000000000,80.000000000,353318.000000000,0
tiny_chain,1,learned-sync,5,7,257,1,0,0,0,1,599804.002249751,600253,21.919139105,0.000000000,6560.854309082,79.010396401,353318.000000000,4
tiny_chain,1,seeded-sync,6,7,257,1,0,0,0,1,366339.008146887,500582,21.919139105,0.000000000,250.000000000,80.000000000,353318.000000000,0
tiny_chain,1,learned-sync,6,7,257,1,0,0,0,1,599804.002249751,500582,21.919139105,0.000000000,6560.854309082,79.010396401,353318.000000000,4
large_arrays,1,seeded-sync,0,5,1000000,64,0,0,0,1,70828608.231249988,30488469,22.341686156,0.000000000,250.000000000,80.000000000,360271.000000000,0
large_arrays,1,learned-sync,0,5,1000000,64,0,0,0,1,22680343.754411280,30488469,22.341686156,0.000000000,43.875832913,45.382844703,360271.000000000,4
large_arrays,1,seeded-sync,1,5,1000000,64,0,0,0,1,70828608.231249988,30380869,22.341686156,0.000000000,250.000000000,80.000000000,360271.000000000,0
large_arrays,1,learned-sync,1,5,1000000,64,0,0,0,1,22680343.754411280,30380869,22.341686156,0.000000000,43.875832913,45.382844703,360271.000000000,4
large_arrays,1,seeded-sync,2,5,1000000,64,0,0,0,1,70828608.231249988,31118098,22.341686156,0.000000000,250.000000000,80.000000000,360271.000000000,0
large_arrays,1,learned-sync,2,5,1000000,64,0,0,0,1,22680343.754411280,31118098,22.341686156,0.000000000,43.875832913,45.382844703,360271.000000000,4
large_arrays,1,seeded-sync,3,5,1000000,64,0,0,0,1,70828608.231249988,29932697,22.341686156,0.000000000,250.000000000,80.000000000,360271.000000000,0
large_arrays,1,learned-sync,3,5,1000000,64,0,0,0,1,22680343.754411280,29932697,22.341686156,0.000000000,43.875832913,45.382844703,360271.000000000,4
large_arrays,1,seeded-sync,4,5,1000000,64,0,0,0,1,70828608.231249988,30689223,22.341686156,0.000000000,250.000000000,80.000000000,360271.000000000,0
large_arrays,1,learned-sync,4,5,1000000,64,0,0,0,1,22680343.754411280,30689223,22.341686156,0.000000000,43.875832913,45.382844703,360271.000000000,4
large_arrays,1,seeded-sync,5,5,1000000,64,0,0,0,1,70828608.231249988,30651713,22.341686156,0.000000000,250.000000000,80.000000000,360271.000000000,0
large_arrays,1,learned-sync,5,5,1000000,64,0,0,0,1,22680343.754411280,30651713,22.341686156,0.000000000,43.875832913,45.382844703,360271.000000000,4
large_arrays,1,seeded-sync,6,5,1000000,64,0,0,0,1,70828608.231249988,36628744,22.341686156,0.000000000,250.000000000,80.000000000,360271.000000000,0
large_arrays,1,learned-sync,6,5,1000000,64,0,0,0,1,22680343.754411280,36628744,22.341686156,0.000000000,43.875832913,45.382844703,360271.000000000,4
dependent_compute,1,seeded-sync,0,3,32768,1,16,0,0,1,5062701.169466496,8329641,116.274024487,0.000000000,250.000000000,80.000000000,188050.000000000,0
dependent_compute,1,learned-sync,0,3,32768,1,16,0,0,1,7005733.105286463,8329641,116.274024487,0.000000000,457.891751801,49.992706299,188050.000000000,4
dependent_compute,1,seeded-sync,1,3,32768,1,16,0,0,1,5062701.169466496,7660115,116.274024487,0.000000000,250.000000000,80.000000000,188050.000000000,0
dependent_compute,1,learned-sync,1,3,32768,1,16,0,0,1,7005733.105286463,7660115,116.274024487,0.000000000,457.891751801,49.992706299,188050.000000000,4
dependent_compute,1,seeded-sync,2,3,32768,1,16,0,0,1,5062701.169466496,7929297,116.274024487,0.000000000,250.000000000,80.000000000,188050.000000000,0
dependent_compute,1,learned-sync,2,3,32768,1,16,0,0,1,7005733.105286463,7929297,116.274024487,0.000000000,457.891751801,49.992706299,188050.000000000,4
dependent_compute,1,seeded-sync,3,3,32768,1,16,0,0,1,5062701.169466496,8127356,116.274024487,0.000000000,250.000000000,80.000000000,188050.000000000,0
dependent_compute,1,learned-sync,3,3,32768,1,16,0,0,1,7005733.105286463,8127356,116.274024487,0.000000000,457.891751801,49.992706299,188050.000000000,4
dependent_compute,1,seeded-sync,4,3,32768,1,16,0,0,1,5062701.169466496,7921222,116.274024487,0.000000000,250.000000000,80.000000000,188050.000000000,0
dependent_compute,1,learned-sync,4,3,32768,1,16,0,0,1,7005733.105286463,7921222,116.274024487,0.000000000,457.891751801,49.992706299,188050.000000000,4
dependent_compute,1,seeded-sync,5,3,32768,1,16,0,0,1,5062701.169466496,7710700,116.274024487,0.000000000,250.000000000,80.000000000,188050.000000000,0
dependent_compute,1,learned-sync,5,3,32768,1,16,0,0,1,7005733.105286463,7710700,116.274024487,0.000000000,457.891751801,49.992706299,188050.000000000,4
dependent_compute,1,seeded-sync,6,3,32768,1,16,0,0,1,5062701.169466496,7960235,116.274024487,0.000000000,250.000000000,80.000000000,188050.000000000,0
dependent_compute,1,learned-sync,6,3,32768,1,16,0,0,1,7005733.105286463,7960235,116.274024487,0.000000000,457.891751801,49.992706299,188050.000000000,4
long_many_chains,0,seeded-sync,0,7,200000,64,0,0,0,1,10452989.409714688,5383576,22.494344453,0.000000000,250.000000000,80.000000000,381521.000000000,0
long_many_chains,0,learned-sync,0,7,200000,64,0,0,0,1,4127501.446143817,5383576,22.494344453,0.000000000,60.471816137,48.140532891,381521.000000000,4
long_many_chains,0,seeded-sync,1,7,200000,64,0,0,0,1,10452989.409714688,5918522,22.494344453,0.000000000,250.000000000,80.000000000,381521.000000000,0
long_many_chains,0,learned-sync,1,7,200000,64,0,0,0,1,4127501.446143817,5918522,22.494344453,0.000000000,60.471816137,48.140532891,381521.000000000,4
long_many_chains,0,seeded-sync,2,7,200000,64,0,0,0,1,10452989.409714688,5399756,22.494344453,0.000000000,250.000000000,80.000000000,381521.000000000,0
long_many_chains,0,learned-sync,2,7,200000,64,0,0,0,1,4127501.446143817,5399756,22.494344453,0.000000000,60.471816137,48.140532891,381521.000000000,4
long_many_chains,0,seeded-sync,3,7,200000,64,0,0,0,1,10452989.409714688,5729264,22.494344453,0.000000000,250.000000000,80.000000000,381521.000000000,0
long_many_chains,0,learned-sync,3,7,200000,64,0,0,0,1,4127501.446143817,5729264,22.494344453,0.000000000,60.471816137,48.140532891,381521.000000000,4
long_many_chains,0,seeded-sync,4,7,200000,64,0,0,0,1,10452989.409714688,6367429,22.494344453,0.000000000,250.000000000,80.000000000,381521.000000000,0
long_many_chains,0,learned-sync,4,7,200000,64,0,0,0,1,4127501.446143817,6367429,22.494344453,0.000000000,60.471816137,48.140532891,381521.000000000,4
long_many_chains,0,seeded-sync,5,7,200000,64,0,0,0,1,10452989.409714688,5707680,22.494344453,0.000000000,250.000000000,80.000000000,381521.000000000,0
long_many_chains,0,learned-sync,5,7,200000,64,0,0,0,1,4127501.446143817,5707680,22.494344453,0.000000000,60.471816137,48.140532891,381521.000000000,4
long_many_chains,0,seeded-sync,6,7,200000,64,0,0,0,1,10452989.409714688,5937929,22.494344453,0.000000000,250.000000000,80.000000000,381521.000000000,0
long_many_chains,0,learned-sync,6,7,200000,64,0,0,0,1,4127501.446143817,5937929,22.494344453,0.000000000,60.471816137,48.140532891,381521.000000000,4
short_chain,1,seeded-sync,0,2,20000,1,0,0,0,1,3709477.281250000,2562472,23.140528125,0.000000000,250.000000000,80.000000000,178072.000000000,0
short_chain,1,learned-sync,0,2,20000,1,0,0,0,1,1961975.807123169,2562472,23.140528125,0.000000000,109.754871337,45.494981250,178072.000000000,4
short_chain,1,seeded-sync,1,2,20000,1,0,0,0,1,3709477.281250000,2578732,23.140528125,0.000000000,250.000000000,80.000000000,178072.000000000,0
short_chain,1,learned-sync,1,2,20000,1,0,0,0,1,1961975.807123169,2578732,23.140528125,0.000000000,109.754871337,45.494981250,178072.000000000,4
short_chain,1,seeded-sync,2,2,20000,1,0,0,0,1,3709477.281250000,2572641,23.140528125,0.000000000,250.000000000,80.000000000,178072.000000000,0
short_chain,1,learned-sync,2,2,20000,1,0,0,0,1,1961975.807123169,2572641,23.140528125,0.000000000,109.754871337,45.494981250,178072.000000000,4
short_chain,1,seeded-sync,3,2,20000,1,0,0,0,1,3709477.281250000,2759048,23.140528125,0.000000000,250.000000000,80.000000000,178072.000000000,0
short_chain,1,learned-sync,3,2,20000,1,0,0,0,1,1961975.807123169,2759048,23.140528125,0.000000000,109.754871337,45.494981250,178072.000000000,4
short_chain,1,seeded-sync,4,2,20000,1,0,0,0,1,3709477.281250000,2672207,23.140528125,0.000000000,250.000000000,80.000000000,178072.000000000,0
short_chain,1,learned-sync,4,2,20000,1,0,0,0,1,1961975.807123169,2672207,23.140528125,0.000000000,109.754871337,45.494981250,178072.000000000,4
short_chain,1,seeded-sync,5,2,20000,1,0,0,0,1,3709477.281250000,2576689,23.140528125,0.000000000,250.000000000,80.000000000,178072.000000000,0
short_chain,1,learned-sync,5,2,20000,1,0,0,0,1,1961975.807123169,2576689,23.140528125,0.000000000,109.754871337,45.494981250,178072.000000000,4
short_chain,1,seeded-sync,6,2,20000,1,0,0,0,1,3709477.281250000,2591214,23.140528125,0.000000000,250.000000000,80.000000000,178072.000000000,0
short_chain,1,learned-sync,6,2,20000,1,0,0,0,1,1961975.807123169,2591214,23.140528125,0.000000000,109.754871337,45.494981250,178072.000000000,4
short_many_chains,1,seeded-sync,0,2,20000,64,0,0,0,1,3682642.257812500,1149581,23.144125781,0.000000000,250.000000000,80.000000000,151201.000000000,0
short_many_chains,1,learned-sync,0,2,20000,64,0,0,0,1,944228.619244081,1149581,23.144125781,0.000000000,27.207095518,28.951540625,151201.000000000,4
short_many_chains,1,seeded-sync,1,2,20000,64,0,0,0,1,3682642.257812500,1292197,23.144125781,0.000000000,250.000000000,80.000000000,151201.000000000,0
short_many_chains,1,learned-sync,1,2,20000,64,0,0,0,1,944228.619244081,1292197,23.144125781,0.000000000,27.207095518,28.951540625,151201.000000000,4
short_many_chains,1,seeded-sync,2,2,20000,64,0,0,0,1,3682642.257812500,1172434,23.144125781,0.000000000,250.000000000,80.000000000,151201.000000000,0
short_many_chains,1,learned-sync,2,2,20000,64,0,0,0,1,944228.619244081,1172434,23.144125781,0.000000000,27.207095518,28.951540625,151201.000000000,4
short_many_chains,1,seeded-sync,3,2,20000,64,0,0,0,1,3682642.257812500,1297667,23.144125781,0.000000000,250.000000000,80.000000000,151201.000000000,0
short_many_chains,1,learned-sync,3,2,20000,64,0,0,0,1,944228.619244081,1297667,23.144125781,0.000000000,27.207095518,28.951540625,151201.000000000,4
short_many_chains,1,seeded-sync,4,2,20000,64,0,0,0,1,3682642.257812500,1220423,23.144125781,0.000000000,250.000000000,80.000000000,151201.000000000,0
short_many_chains,1,learned-sync,4,2,20000,64,0,0,0,1,944228.619244081,1220423,23.144125781,0.000000000,27.207095518,28.951540625,151201.000000000,4
short_many_chains,1,seeded-sync,5,2,20000,64,0,0,0,1,3682642.257812500,1153506,23.144125781,0.000000000,250.000000000,80.000000000,151201.000000000,0
short_many_chains,1,learned-sync,5,2,20000,64,0,0,0,1,944228.619244081,1153506,23.144125781,0.000000000,27.207095518,28.951540625,151201.000000000,4
short_many_chains,1,seeded-sync,6,2,20000,64,0,0,0,1,3682642.257812500,1196200,23.144125781,0.000000000,250.000000000,80.000000000,151201.000000000,0
short_many_chains,1,learned-sync,6,2,20000,64,0,0,0,1,944228.619244081,1196200,23.144125781,0.000000000,27.207095518,28.951540625,151201.000000000,4
independent_before,2,seeded-sync,0,2,32768,4,0,16,0,1,7855439.835937500,3402168,22.848405838,117.171847820,250.000000000,80.000000000,154628.000000000,0
independent_before,2,learned-sync,0,2,32768,4,0,16,0,1,3465134.544313118,3402168,22.848405838,117.171847820,31.108094059,30.928936481,154628.000000000,4
independent_before,2,seeded-sync,1,2,32768,4,0,16,0,1,7855439.835937500,3415060,22.848405838,117.171847820,250.000000000,80.000000000,154628.000000000,0
independent_before,2,learned-sync,1,2,32768,4,0,16,0,1,3465134.544313118,3415060,22.848405838,117.171847820,31.108094059,30.928936481,154628.000000000,4
independent_before,2,seeded-sync,2,2,32768,4,0,16,0,1,7855439.835937500,3519333,22.848405838,117.171847820,250.000000000,80.000000000,154628.000000000,0
independent_before,2,learned-sync,2,2,32768,4,0,16,0,1,3465134.544313118,3519333,22.848405838,117.171847820,31.108094059,30.928936481,154628.000000000,4
independent_before,2,seeded-sync,3,2,32768,4,0,16,0,1,7855439.835937500,3666499,22.848405838,117.171847820,250.000000000,80.000000000,154628.000000000,0
independent_before,2,learned-sync,3,2,32768,4,0,16,0,1,3465134.544313118,3666499,22.848405838,117.171847820,31.108094059,30.928936481,154628.000000000,4
independent_before,2,seeded-sync,4,2,32768,4,0,16,0,1,7855439.835937500,3586930,22.848405838,117.171847820,250.000000000,80.000000000,154628.000000000,0
independent_before,2,learned-sync,4,2,32768,4,0,16,0,1,3465134.544313118,3586930,22.848405838,117.171847820,31.108094059,30.928936481,154628.000000000,4
independent_before,2,seeded-sync,5,2,32768,4,0,16,0,1,7855439.835937500,3368473,22.848405838,117.171847820,250.000000000,80.000000000,154628.000000000,0
independent_before,2,learned-sync,5,2,32768,4,0,16,0,1,3465134.544313118,3368473,22.848405838,117.171847820,31.108094059,30.928936481,154628.000000000,4
independent_before,2,seeded-sync,6,2,32768,4,0,16,0,1,7855439.835937500,3497034,22.848405838,117.171847820,250.000000000,80.000000000,154628.000000000,0
independent_before,2,learned-sync,6,2,32768,4,0,16,0,1,3465134.544313118,3497034,22.848405838,117.171847820,31.108094059,30.928936481,154628.000000000,4
dependent_compute,2,seeded-sync,0,3,32768,1,16,0,0,1,5096119.822413921,7510888,116.889116764,0.000000000,250.000000000,80.000000000,214750.000000000,0
dependent_compute,2,learned-sync,0,3,32768,1,16,0,0,1,7174765.062976837,7510888,116.889116764,0.000000000,468.546840667,51.753007412,214750.000000000,4
dependent_compute,2,seeded-sync,1,3,32768,1,16,0,0,1,5096119.822413921,7678700,116.889116764,0.000000000,250.000000000,80.000000000,214750.000000000,0
dependent_compute,2,learned-sync,1,3,32768,1,16,0,0,1,7174765.062976837,7678700,116.889116764,0.000000000,468.546840667,51.753007412,214750.000000000,4
dependent_compute,2,seeded-sync,2,3,32768,1,16,0,0,1,5096119.822413921,7625651,116.889116764,0.000000000,250.000000000,80.000000000,214750.000000000,0
dependent_compute,2,learned-sync,2,3,32768,1,16,0,0,1,7174765.062976837,7625651,116.889116764,0.000000000,468.546840667,51.753007412,214750.000000000,4
dependent_compute,2,seeded-sync,3,3,32768,1,16,0,0,1,5096119.822413921,7752638,116.889116764,0.000000000,250.000000000,80.000000000,214750.000000000,0
dependent_compute,2,learned-sync,3,3,32768,1,16,0,0,1,7174765.062976837,7752638,116.889116764,0.000000000,468.546840667,51.753007412,214750.000000000,4
dependent_compute,2,seeded-sync,4,3,32768,1,16,0,0,1,5096119.822413921,7505738,116.889116764,0.000000000,250.000000000,80.000000000,214750.000000000,0
dependent_compute,2,learned-sync,4,3,32768,1,16,0,0,1,7174765.062976837,7505738,116.889116764,0.000000000,468.546840667,51.753007412,214750.000000000,4
dependent_compute,2,seeded-sync,5,3,32768,1,16,0,0,1,5096119.822413921,8018774,116.889116764,0.000000000,250.000000000,80.000000000,214750.000000000,0
dependent_compute,2,learned-sync,5,3,32768,1,16,0,0,1,7174765.062976837,8018774,116.889116764,0.000000000,468.546840667,51.753007412,214750.000000000,4
dependent_compute,2,seeded-sync,6,3,32768,1,16,0,0,1,5096119.822413921,7543298,116.889116764,0.000000000,250.000000000,80.000000000,214750.000000000,0
dependent_compute,2,learned-sync,6,3,32768,1,16,0,0,1,7174765.062976837,7543298,116.889116764,0.000000000,468.546840667,51.753007412,214750.000000000,4
two_streams,0,seeded-sync,0,7,32768,4,0,0,0,2,3608248.177853584,2368160,22.892391682,0.000000000,250.000000000,80.000000000,410946.000000000,0
two_streams,0,learned-sync,0,7,32768,4,0,0,0,2,2038543.477647627,2368160,22.892391682,0.000000000,108.809713262,53.558430672,410946.000000000,4
two_streams,0,seeded-sync,1,7,32768,4,0,0,0,2,3608248.177853584,2508750,22.892391682,0.000000000,250.000000000,80.000000000,410946.000000000,0
two_streams,0,learned-sync,1,7,32768,4,0,0,0,2,2038543.477647627,2508750,22.892391682,0.000000000,108.809713262,53.558430672,410946.000000000,4
two_streams,0,seeded-sync,2,7,32768,4,0,0,0,2,3608248.177853584,2448870,22.892391682,0.000000000,250.000000000,80.000000000,410946.000000000,0
two_streams,0,learned-sync,2,7,32768,4,0,0,0,2,2038543.477647627,2448870,22.892391682,0.000000000,108.809713262,53.558430672,410946.000000000,4
two_streams,0,seeded-sync,3,7,32768,4,0,0,0,2,3608248.177853584,2395247,22.892391682,0.000000000,250.000000000,80.000000000,410946.000000000,0
two_streams,0,learned-sync,3,7,32768,4,0,0,0,2,2038543.477647627,2395247,22.892391682,0.000000000,108.809713262,53.558430672,410946.000000000,4
two_streams,0,seeded-sync,4,7,32768,4,0,0,0,2,3608248.177853584,3110007,22.892391682,0.000000000,250.000000000,80.000000000,410946.000000000,0
two_streams,0,learned-sync,4,7,32768,4,0,0,0,2,2038543.477647627,3110007,22.892391682,0.000000000,108.809713262,53.558430672,410946.000000000,4
two_streams,0,seeded-sync,5,7,32768,4,0,0,0,2,3608248.177853584,2666976,22.892391682,0.000000000,250.000000000,80.000000000,410946.000000000,0
two_streams,0,learned-sync,5,7,32768,4,0,0,0,2,2038543.477647627,2666976,22.892391682,0.000000000,108.809713262,53.558430672,410946.000000000,4
two_streams,0,seeded-sync,6,7,32768,4,0,0,0,2,3608248.177853584,2390979,22.892391682,0.000000000,250.000000000,80.000000000,410946.000000000,0
two_streams,0,learned-sync,6,7,32768,4,0,0,0,2,2038543.477647627,2390979,22.892391682,0.000000000,108.809713262,53.558430672,410946.000000000,4
independent_after,1,seeded-sync,0,3,32768,4,0,16,1,1,5308042.596753597,2997492,22.532741070,116.991894722,250.000000000,80.000000000,179425.000000000,0
independent_after,1,learned-sync,0,3,32768,4,0,16,1,1,2820967.970826054,2997492,22.532741070,116.991894722,56.426094093,45.882371902,179425.000000000,4
independent_after,1,seeded-sync,1,3,32768,4,0,16,1,1,5308042.596753597,3118407,22.532741070,116.991894722,250.000000000,80.000000000,179425.000000000,0
independent_after,1,learned-sync,1,3,32768,4,0,16,1,1,2820967.970826054,3118407,22.532741070,116.991894722,56.426094093,45.882371902,179425.000000000,4
independent_after,1,seeded-sync,2,3,32768,4,0,16,1,1,5308042.596753597,3148443,22.532741070,116.991894722,250.000000000,80.000000000,179425.000000000,0
independent_after,1,learned-sync,2,3,32768,4,0,16,1,1,2820967.970826054,3148443,22.532741070,116.991894722,56.426094093,45.882371902,179425.000000000,4
independent_after,1,seeded-sync,3,3,32768,4,0,16,1,1,5308042.596753597,3540564,22.532741070,116.991894722,250.000000000,80.000000000,179425.000000000,0
independent_after,1,learned-sync,3,3,32768,4,0,16,1,1,2820967.970826054,3540564,22.532741070,116.991894722,56.426094093,45.882371902,179425.000000000,4
independent_after,1,seeded-sync,4,3,32768,4,0,16,1,1,5308042.596753597,3143164,22.532741070,116.991894722,250.000000000,80.000000000,179425.000000000,0
independent_after,1,learned-sync,4,3,32768,4,0,16,1,1,2820967.970826054,3143164,22.532741070,116.991894722,56.426094093,45.882371902,179425.000000000,4
independent_after,1,seeded-sync,5,3,32768,4,0,16,1,1,5308042.596753597,3140359,22.532741070,116.991894722,250.000000000,80.000000000,179425.000000000,0
independent_after,1,learned-sync,5,3,32768,4,0,16,1,1,2820967.970826054,3140359,22.532741070,116.991894722,56.426094093,45.882371902,179425.000000000,4
independent_after,1,seeded-sync,6,3,32768,4,0,16,1,1,5308042.596753597,2980040,22.532741070,116.991894722,250.000000000,80.000000000,179425.000000000,0
independent_after,1,learned-sync,6,3,32768,4,0,16,1,1,2820967.970826054,2980040,22.532741070,116.991894722,56.426094093,45.882371902,179425.000000000,4
long_four_chains,2,seeded-sync,0,8,200000,4,0,0,0,1,9220658.093750000,7056912,22.781243750,0.000000000,250.000000000,80.000000000,401127.000000000,0
long_four_chains,2,learned-sync,0,8,200000,4,0,0,0,1,5601791.309955809,7056912,22.781243750,0.000000000,132.065224117,53.180104531,401127.000000000,4
long_four_chains,2,seeded-sync,1,8,200000,4,0,0,0,1,9220658.093750000,7078803,22.781243750,0.000000000,250.000000000,80.000000000,401127.000000000,0
long_four_chains,2,learned-sync,1,8,200000,4,0,0,0,1,5601791.309955809,7078803,22.781243750,0.000000000,132.065224117,53.180104531,401127.000000000,4
long_four_chains,2,seeded-sync,2,8,200000,4,0,0,0,1,9220658.093750000,7020304,22.781243750,0.000000000,250.000000000,80.000000000,401127.000000000,0
long_four_chains,2,learned-sync,2,8,200000,4,0,0,0,1,5601791.309955809,7020304,22.781243750,0.000000000,132.065224117,53.180104531,401127.000000000,4
long_four_chains,2,seeded-sync,3,8,200000,4,0,0,0,1,9220658.093750000,7031105,22.781243750,0.000000000,250.000000000,80.000000000,401127.000000000,0
long_four_chains,2,learned-sync,3,8,200000,4,0,0,0,1,5601791.309955809,7031105,22.781243750,0.000000000,132.065224117,53.180104531,401127.000000000,4
long_four_chains,2,seeded-sync,4,8,200000,4,0,0,0,1,9220658.093750000,7335862,22.781243750,0.000000000,250.000000000,80.000000000,401127.000000000,0
long_four_chains,2,learned-sync,4,8,200000,4,0,0,0,1,5601791.309955809,7335862,22.781243750,0.000000000,132.065224117,53.180104531,401127.000000000,4
long_four_chains,2,seeded-sync,5,8,200000,4,0,0,0,1,9220658.093750000,7070427,22.781243750,0.000000000,250.000000000,80.000000000,401127.000000000,0
long_four_chains,2,learned-sync,5,8,200000,4,0,0,0,1,5601791.309955809,7070427,22.781243750,0.000000000,132.065224117,53.180104531,401127.000000000,4
long_four_chains,2,seeded-sync,6,8,200000,4,0,0,0,1,9220658.093750000,7144746,22.781243750,0.000000000,250.000000000,80.000000000,401127.000000000,0
long_four_chains,2,learned-sync,6,8,200000,4,0,0,0,1,5601791.309955809,7144746,22.781243750,0.000000000,132.065224117,53.180104531,401127.000000000,4
independent_after,1,seeded-sync,0,7,32768,4,0,16,1,1,2553208.440196991,1948478,22.902444363,118.704868793,250.000000000,80.000000000,345143.000000000,0
independent_after,1,learned-sync,0,7,32768,4,0,16,1,1,1974339.405672339,1948478,22.902444363,118.704868793,150.535899253,55.826972485,345143.000000000,4
independent_after,1,seeded-sync,1,7,32768,4,0,16,1,1,2553208.440196991,2033016,22.902444363,118.704868793,250.000000000,80.000000000,345143.000000000,0
independent_after,1,learned-sync,1,7,32768,4,0,16,1,1,1974339.405672339,2033016,22.902444363,118.704868793,150.535899253,55.826972485,345143.000000000,4
independent_after,1,seeded-sync,2,7,32768,4,0,16,1,1,2553208.440196991,1974387,22.902444363,118.704868793,250.000000000,80.000000000,345143.000000000,0
independent_after,1,learned-sync,2,7,32768,4,0,16,1,1,1974339.405672339,1974387,22.902444363,118.704868793,150.535899253,55.826972485,345143.000000000,4
independent_after,1,seeded-sync,3,7,32768,4,0,16,1,1,2553208.440196991,1968747,22.902444363,118.704868793,250.000000000,80.000000000,345143.000000000,0
independent_after,1,learned-sync,3,7,32768,4,0,16,1,1,1974339.405672339,1968747,22.902444363,118.704868793,150.535899253,55.826972485,345143.000000000,4
independent_after,1,seeded-sync,4,7,32768,4,0,16,1,1,2553208.440196991,1943048,22.902444363,118.704868793,250.000000000,80.000000000,345143.000000000,0
independent_after,1,learned-sync,4,7,32768,4,0,16,1,1,1974339.405672339,1943048,22.902444363,118.704868793,150.535899253,55.826972485,345143.000000000,4
independent_after,1,seeded-sync,5,7,32768,4,0,16,1,1,2553208.440196991,1913464,22.902444363,118.704868793,250.000000000,80.000000000,345143.000000000,0
independent_after,1,learned-sync,5,7,32768,4,0,16,1,1,1974339.405672339,1913464,22.902444363,118.704868793,150.535899253,55.826972485,345143.000000000,4
independent_after,1,seeded-sync,6,7,32768,4,0,16,1,1,2553208.440196991,2253373,22.902444363,118.704868793,250.000000000,80.000000000,345143.000000000,0
independent_after,1,learned-sync,6,7,32768,4,0,16,1,1,1974339.405672339,2253373,22.902444363,118.704868793,150.535899253,55.826972485,345143.000000000,4
short_chain,2,seeded-sync,0,4,20000,1,0,0,0,1,1984765.339843750,3234233,22.247867969,0.000000000,250.000000000,80.000000000,223526.000000000,0
short_chain,2,learned-sync,0,4,20000,1,0,0,0,1,3028511.798852053,3234233,22.247867969,0.000000000,484.211033208,54.538258594,223526.000000000,4
short_chain,2,seeded-sync,1,4,20000,1,0,0,0,1,1984765.339843750,3149716,22.247867969,0.000000000,250.000000000,80.000000000,223526.000000000,0
short_chain,2,learned-sync,1,4,20000,1,0,0,0,1,3028511.798852053,3149716,22.247867969,0.000000000,484.211033208,54.538258594,223526.000000000,4
short_chain,2,seeded-sync,2,4,20000,1,0,0,0,1,1984765.339843750,3348877,22.247867969,0.000000000,250.000000000,80.000000000,223526.000000000,0
short_chain,2,learned-sync,2,4,20000,1,0,0,0,1,3028511.798852053,3348877,22.247867969,0.000000000,484.211033208,54.538258594,223526.000000000,4
short_chain,2,seeded-sync,3,4,20000,1,0,0,0,1,1984765.339843750,3316466,22.247867969,0.000000000,250.000000000,80.000000000,223526.000000000,0
short_chain,2,learned-sync,3,4,20000,1,0,0,0,1,3028511.798852053,3316466,22.247867969,0.000000000,484.211033208,54.538258594,223526.000000000,4
short_chain,2,seeded-sync,4,4,20000,1,0,0,0,1,1984765.339843750,3144085,22.247867969,0.000000000,250.000000000,80.000000000,223526.000000000,0
short_chain,2,learned-sync,4,4,20000,1,0,0,0,1,3028511.798852053,3144085,22.247867969,0.000000000,484.211033208,54.538258594,223526.000000000,4
short_chain,2,seeded-sync,5,4,20000,1,0,0,0,1,1984765.339843750,3211921,22.247867969,0.000000000,250.000000000,80.000000000,223526.000000000,0
short_chain,2,learned-sync,5,4,20000,1,0,0,0,1,3028511.798852053,3211921,22.247867969,0.000000000,484.211033208,54.538258594,223526.000000000,4
short_chain,2,seeded-sync,6,4,20000,1,0,0,0,1,1984765.339843750,3309303,22.247867969,0.000000000,250.000000000,80.000000000,223526.000000000,0
short_chain,2,learned-sync,6,4,20000,1,0,0,0,1,3028511.798852053,3309303,22.247867969,0.000000000,484.211033208,54.538258594,223526.000000000,4
large_arrays,0,seeded-sync,0,3,1000000,64,0,0,0,1,117626174.543795094,43451484,22.245380141,0.000000000,250.000000000,80.000000000,210813.000000000,0
large_arrays,0,learned-sync,0,3,1000000,64,0,0,0,1,33686345.711779550,43451484,22.245380141,0.000000000,36.607442095,41.573575047,210813.000000000,4
large_arrays,0,seeded-sync,1,3,1000000,64,0,0,0,1,117626174.543795094,44349683,22.245380141,0.000000000,250.000000000,80.000000000,210813.000000000,0
large_arrays,0,learned-sync,1,3,1000000,64,0,0,0,1,33686345.711779550,44349683,22.245380141,0.000000000,36.607442095,41.573575047,210813.000000000,4
large_arrays,0,seeded-sync,2,3,1000000,64,0,0,0,1,117626174.543795094,43247482,22.245380141,0.000000000,250.000000000,80.000000000,210813.000000000,0
large_arrays,0,learned-sync,2,3,1000000,64,0,0,0,1,33686345.711779550,43247482,22.245380141,0.000000000,36.607442095,41.573575047,210813.000000000,4
large_arrays,0,seeded-sync,3,3,1000000,64,0,0,0,1,117626174.543795094,60178811,22.245380141,0.000000000,250.000000000,80.000000000,210813.000000000,0
large_arrays,0,learned-sync,3,3,1000000,64,0,0,0,1,33686345.711779550,60178811,22.245380141,0.000000000,36.607442095,41.573575047,210813.000000000,4
large_arrays,0,seeded-sync,4,3,1000000,64,0,0,0,1,117626174.543795094,51323292,22.245380141,0.000000000,250.000000000,80.000000000,210813.000000000,0
large_arrays,0,learned-sync,4,3,1000000,64,0,0,0,1,33686345.711779550,51323292,22.245380141,0.000000000,36.607442095,41.573575047,210813.000000000,4
large_arrays,0,seeded-sync,5,3,1000000,64,0,0,0,1,117626174.543795094,44236290,22.245380141,0.000000000,250.000000000,80.000000000,210813.000000000,0
large_arrays,0,learned-sync,5,3,1000000,64,0,0,0,1,33686345.711779550,44236290,22.245380141,0.000000000,36.607442095,41.573575047,210813.000000000,4
large_arrays,0,seeded-sync,6,3,1000000,64,0,0,0,1,117626174.543795094,43694694,22.245380141,0.000000000,250.000000000,80.000000000,210813.000000000,0
large_arrays,0,learned-sync,6,3,1000000,64,0,0,0,1,33686345.711779550,43694694,22.245380141,0.000000000,36.607442095,41.573575047,210813.000000000,4
long_chain,2,seeded-sync,0,3,200000,1,0,0,0,1,23713407.477265783,28396793,22.963047344,0.000000000,250.000000000,80.000000000,182420.000000000,0
long_chain,2,learned-sync,0,3,200000,1,0,0,0,1,24217888.765745919,28396793,22.963047344,0.000000000,285.813883913,51.753297578,182420.000000000,4
long_chain,2,seeded-sync,1,3,200000,1,0,0,0,1,23713407.477265783,28571977,22.963047344,0.000000000,250.000000000,80.000000000,182420.000000000,0
long_chain,2,learned-sync,1,3,200000,1,0,0,0,1,24217888.765745919,28571977,22.963047344,0.000000000,285.813883913,51.753297578,182420.000000000,4
long_chain,2,seeded-sync,2,3,200000,1,0,0,0,1,23713407.477265783,28646282,22.963047344,0.000000000,250.000000000,80.000000000,182420.000000000,0
long_chain,2,learned-sync,2,3,200000,1,0,0,0,1,24217888.765745919,28646282,22.963047344,0.000000000,285.813883913,51.753297578,182420.000000000,4
long_chain,2,seeded-sync,3,3,200000,1,0,0,0,1,23713407.477265783,29906686,22.963047344,0.000000000,250.000000000,80.000000000,182420.000000000,0
long_chain,2,learned-sync,3,3,200000,1,0,0,0,1,24217888.765745919,29906686,22.963047344,0.000000000,285.813883913,51.753297578,182420.000000000,4
long_chain,2,seeded-sync,4,3,200000,1,0,0,0,1,23713407.477265783,27443800,22.963047344,0.000000000,250.000000000,80.000000000,182420.000000000,0
long_chain,2,learned-sync,4,3,200000,1,0,0,0,1,24217888.765745919,27443800,22.963047344,0.000000000,285.813883913,51.753297578,182420.000000000,4
long_chain,2,seeded-sync,5,3,200000,1,0,0,0,1,23713407.477265783,27607644,22.963047344,0.000000000,250.000000000,80.000000000,182420.000000000,0
long_chain,2,learned-sync,5,3,200000,1,0,0,0,1,24217888.765745919,27607644,22.963047344,0.000000000,285.813883913,51.753297578,182420.000000000,4
long_chain,2,seeded-sync,6,3,200000,1,0,0,0,1,23713407.477265783,27228034,22.963047344,0.000000000,250.000000000,80.000000000,182420.000000000,0
long_chain,2,learned-sync,6,3,200000,1,0,0,0,1,24217888.765745919,27228034,22.963047344,0.000000000,285.813883913,51.753297578,182420.000000000,4
independent_before,0,seeded-sync,0,5,32768,4,0,16,0,1,3419447.419617653,2342052,24.346539021,121.663442612,250.000000000,80.000000000,299678.000000000,0
independent_before,0,learned-sync,0,5,32768,4,0,16,0,1,2081371.728101966,2342052,24.346539021,121.663442612,78.040667253,47.797646523,299678.000000000,4
independent_before,0,seeded-sync,1,5,32768,4,0,16,0,1,3419447.419617653,2338835,24.346539021,121.663442612,250.000000000,80.000000000,299678.000000000,0
independent_before,0,learned-sync,1,5,32768,4,0,16,0,1,2081371.728101966,2338835,24.346539021,121.663442612,78.040667253,47.797646523,299678.000000000,4
independent_before,0,seeded-sync,2,5,32768,4,0,16,0,1,3419447.419617653,2504313,24.346539021,121.663442612,250.000000000,80.000000000,299678.000000000,0
independent_before,0,learned-sync,2,5,32768,4,0,16,0,1,2081371.728101966,2504313,24.346539021,121.663442612,78.040667253,47.797646523,299678.000000000,4
independent_before,0,seeded-sync,3,5,32768,4,0,16,0,1,3419447.419617653,2367309,24.346539021,121.663442612,250.000000000,80.000000000,299678.000000000,0
independent_before,0,learned-sync,3,5,32768,4,0,16,0,1,2081371.728101966,2367309,24.346539021,121.663442612,78.040667253,47.797646523,299678.000000000,4
independent_before,0,seeded-sync,4,5,32768,4,0,16,0,1,3419447.419617653,2365877,24.346539021,121.663442612,250.000000000,80.000000000,299678.000000000,0
independent_before,0,learned-sync,4,5,32768,4,0,16,0,1,2081371.728101966,2365877,24.346539021,121.663442612,78.040667253,47.797646523,299678.000000000,4
independent_before,0,seeded-sync,5,5,32768,4,0,16,0,1,3419447.419617653,3058135,24.346539021,121.663442612,250.000000000,80.000000000,299678.000000000,0
independent_before,0,learned-sync,5,5,32768,4,0,16,0,1,2081371.728101966,3058135,24.346539021,121.663442612,78.040667253,47.797646523,299678.000000000,4
independent_before,0,seeded-sync,6,5,32768,4,0,16,0,1,3419447.419617653,2621162,24.346539021,121.663442612,250.000000000,80.000000000,299678.000000000,0
independent_before,0,learned-sync,6,5,32768,4,0,16,0,1,2081371.728101966,2621162,24.346539021,121.663442612,78.040667253,47.797646523,299678.000000000,4
dependent_compute,0,seeded-sync,0,8,32768,1,16,0,0,1,2278708.626953125,12567044,118.568512440,0.000000000,250.000000000,80.000000000,441372.000000000,0
dependent_compute,0,learned-sync,0,8,32768,1,16,0,0,1,10313987.675486259,12567044,118.568512440,0.000000000,2236.857015061,54.881033897,441372.000000000,4
dependent_compute,0,seeded-sync,1,8,32768,1,16,0,0,1,2278708.626953125,12466126,118.568512440,0.000000000,250.000000000,80.000000000,441372.000000000,0
dependent_compute,0,learned-sync,1,8,32768,1,16,0,0,1,10313987.675486259,12466126,118.568512440,0.000000000,2236.857015061,54.881033897,441372.000000000,4
dependent_compute,0,seeded-sync,2,8,32768,1,16,0,0,1,2278708.626953125,14643400,118.568512440,0.000000000,250.000000000,80.000000000,441372.000000000,0
dependent_compute,0,learned-sync,2,8,32768,1,16,0,0,1,10313987.675486259,14643400,118.568512440,0.000000000,2236.857015061,54.881033897,441372.000000000,4
dependent_compute,0,seeded-sync,3,8,32768,1,16,0,0,1,2278708.626953125,11725256,118.568512440,0.000000000,250.000000000,80.000000000,441372.000000000,0
dependent_compute,0,learned-sync,3,8,32768,1,16,0,0,1,10313987.675486259,11725256,118.568512440,0.000000000,2236.857015061,54.881033897,441372.000000000,4
dependent_compute,0,seeded-sync,4,8,32768,1,16,0,0,1,2278708.626953125,9744459,118.568512440,0.000000000,250.000000000,80.000000000,441372.000000000,0
dependent_compute,0,learned-sync,4,8,32768,1,16,0,0,1,10313987.675486259,9744459,118.568512440,0.000000000,2236.857015061,54.881033897,441372.000000000,4
dependent_compute,0,seeded-sync,5,8,32768,1,16,0,0,1,2278708.626953125,9584209,118.568512440,0.000000000,250.000000000,80.000000000,441372.000000000,0
dependent_compute,0,learned-sync,5,8,32768,1,16,0,0,1,10313987.675486259,9584209,118.568512440,0.000000000,2236.857015061,54.881033897,441372.000000000,4
dependent_compute,0,seeded-sync,6,8,32768,1,16,0,0,1,2278708.626953125,9873472,118.568512440,0.000000000,250.000000000,80.000000000,441372.000000000,0
dependent_compute,0,learned-sync,6,8,32768,1,16,0,0,1,10313987.675486259,9873472,118.568512440,0.000000000,2236.857015061,54.881033897,441372.000000000,4
short_many_chains,2,seeded-sync,0,2,20000,64,0,0,0,1,3685314.468750000,1171501,22.501646875,0.000000000,250.000000000,80.000000000,160298.000000000,0
short_many_chains,2,learned-sync,0,2,20000,64,0,0,0,1,953176.596684390,1171501,22.501646875,0.000000000,27.765228418,29.020984375,160298.000000000,4
short_many_chains,2,seeded-sync,1,2,20000,64,0,0,0,1,3685314.468750000,1181891,22.501646875,0.000000000,250.000000000,80.000000000,160298.000000000,0
short_many_chains,2,learned-sync,1,2,20000,64,0,0,0,1,953176.596684390,1181891,22.501646875,0.000000000,27.765228418,29.020984375,160298.000000000,4
short_many_chains,2,seeded-sync,2,2,20000,64,0,0,0,1,3685314.468750000,1197560,22.501646875,0.000000000,250.000000000,80.000000000,160298.000000000,0
short_many_chains,2,learned-sync,2,2,20000,64,0,0,0,1,953176.596684390,1197560,22.501646875,0.000000000,27.765228418,29.020984375,160298.000000000,4
short_many_chains,2,seeded-sync,3,2,20000,64,0,0,0,1,3685314.468750000,1296846,22.501646875,0.000000000,250.000000000,80.000000000,160298.000000000,0
short_many_chains,2,learned-sync,3,2,20000,64,0,0,0,1,953176.596684390,1296846,22.501646875,0.000000000,27.765228418,29.020984375,160298.000000000,4
short_many_chains,2,seeded-sync,4,2,20000,64,0,0,0,1,3685314.468750000,1461221,22.501646875,0.000000000,250.000000000,80.000000000,160298.000000000,0
short_many_chains,2,learned-sync,4,2,20000,64,0,0,0,1,953176.596684390,1461221,22.501646875,0.000000000,27.765228418,29.020984375,160298.000000000,4
short_many_chains,2,seeded-sync,5,2,20000,64,0,0,0,1,3685314.468750000,1468124,22.501646875,0.000000000,250.000000000,80.000000000,160298.000000000,0
short_many_chains,2,learned-sync,5,2,20000,64,0,0,0,1,953176.596684390,1468124,22.501646875,0.000000000,27.765228418,29.020984375,160298.000000000,4
short_many_chains,2,seeded-sync,6,2,20000,64,0,0,0,1,3685314.468750000,1303056,22.501646875,0.000000000,250.000000000,80.000000000,160298.000000000,0
short_many_chains,2,learned-sync,6,2,20000,64,0,0,0,1,953176.596684390,1303056,22.501646875,0.000000000,27.765228418,29.020984375,160298.000000000,4
short_four_chains,1,seeded-sync,0,2,20000,4,0,0,0,1,3698785.203125000,1159951,23.898720312,0.000000000,250.000000000,80.000000000,159798.000000000,0
short_four_chains,1,learned-sync,0,2,20000,4,0,0,0,1,954649.530831166,1159951,23.898720312,0.000000000,26.593540583,28.992892187,159798.000000000,4
short_four_chains,1,seeded-sync,1,2,20000,4,0,0,0,1,3698785.203125000,1183575,23.898720312,0.000000000,250.000000000,80.000000000,159798.000000000,0
short_four_chains,1,learned-sync,1,2,20000,4,0,0,0,1,954649.530831166,1183575,23.898720312,0.000000000,26.593540583,28.992892187,159798.000000000,4
short_four_chains,1,seeded-sync,2,2,20000,4,0,0,0,1,3698785.203125000,1185698,23.898720312,0.000000000,250.000000000,80.000000000,159798.000000000,0
short_four_chains,1,learned-sync,2,2,20000,4,0,0,0,1,954649.530831166,1185698,23.898720312,0.000000000,26.593540583,28.992892187,159798.000000000,4
short_four_chains,1,seeded-sync,3,2,20000,4,0,0,0,1,3698785.203125000,1274834,23.898720312,0.000000000,250.000000000,80.000000000,159798.000000000,0
short_four_chains,1,learned-sync,3,2,20000,4,0,0,0,1,954649.530831166,1274834,23.898720312,0.000000000,26.593540583,28.992892187,159798.000000000,4
short_four_chains,1,seeded-sync,4,2,20000,4,0,0,0,1,3698785.203125000,1487189,23.898720312,0.000000000,250.000000000,80.000000000,159798.000000000,0
short_four_chains,1,learned-sync,4,2,20000,4,0,0,0,1,954649.530831166,1487189,23.898720312,0.000000000,26.593540583,28.992892187,159798.000000000,4
short_four_chains,1,seeded-sync,5,2,20000,4,0,0,0,1,3698785.203125000,1528717,23.898720312,0.000000000,250.000000000,80.000000000,159798.000000000,0
short_four_chains,1,learned-sync,5,2,20000,4,0,0,0,1,954649.530831166,1528717,23.898720312,0.000000000,26.593540583,28.992892187,159798.000000000,4
short_four_chains,1,seeded-sync,6,2,20000,4,0,0,0,1,3698785.203125000,1250214,23.898720312,0.000000000,250.000000000,80.000000000,159798.000000000,0
short_four_chains,1,learned-sync,6,2,20000,4,0,0,0,1,954649.530831166,1250214,23.898720312,0.000000000,26.593540583,28.992892187,159798.000000000,4
short_chain,0,seeded-sync,0,7,20000,1,0,0,0,1,1403503.369332813,4360382,22.594950781,0.000000000,250.000000000,80.000000000,395787.000000000,0
short_chain,0,learned-sync,0,7,20000,1,0,0,0,1,4200392.319485682,4360382,22.594950781,0.000000000,1256.477036352,52.140510937,395787.000000000,4
short_chain,0,seeded-sync,1,7,20000,1,0,0,0,1,1403503.369332813,3934015,22.594950781,0.000000000,250.000000000,80.000000000,395787.000000000,0
short_chain,0,learned-sync,1,7,20000,1,0,0,0,1,4200392.319485682,3934015,22.594950781,0.000000000,1256.477036352,52.140510937,395787.000000000,4
short_chain,0,seeded-sync,2,7,20000,1,0,0,0,1,1403503.369332813,4095008,22.594950781,0.000000000,250.000000000,80.000000000,395787.000000000,0
short_chain,0,learned-sync,2,7,20000,1,0,0,0,1,4200392.319485682,4095008,22.594950781,0.000000000,1256.477036352,52.140510937,395787.000000000,4
short_chain,0,seeded-sync,3,7,20000,1,0,0,0,1,1403503.369332813,4238087,22.594950781,0.000000000,250.000000000,80.000000000,395787.000000000,0
short_chain,0,learned-sync,3,7,20000,1,0,0,0,1,4200392.319485682,4238087,22.594950781,0.000000000,1256.477036352,52.140510937,395787.000000000,4
short_chain,0,seeded-sync,4,7,20000,1,0,0,0,1,1403503.369332813,3896411,22.594950781,0.000000000,250.000000000,80.000000000,395787.000000000,0
short_chain,0,learned-sync,4,7,20000,1,0,0,0,1,4200392.319485682,3896411,22.594950781,0.000000000,1256.477036352,52.140510937,395787.000000000,4
short_chain,0,seeded-sync,5,7,20000,1,0,0,0,1,1403503.369332813,4115665,22.594950781,0.000000000,250.000000000,80.000000000,395787.000000000,0
short_chain,0,learned-sync,5,7,20000,1,0,0,0,1,4200392.319485682,4115665,22.594950781,0.000000000,1256.477036352,52.140510937,395787.000000000,4
short_chain,0,seeded-sync,6,7,20000,1,0,0,0,1,1403503.369332813,3853166,22.594950781,0.000000000,250.000000000,80.000000000,395787.000000000,0
short_chain,0,learned-sync,6,7,20000,1,0,0,0,1,4200392.319485682,3853166,22.594950781,0.000000000,1256.477036352,52.140510937,395787.000000000,4
short_many_chains,1,seeded-sync,0,8,20000,64,0,0,0,1,1314911.798828125,839423,21.952319531,0.000000000,250.000000000,80.000000000,435031.000000000,0
short_many_chains,1,learned-sync,0,8,20000,64,0,0,0,1,665672.976408883,839423,21.952319531,0.000000000,30.443584314,39.860886719,435031.000000000,4
short_many_chains,1,seeded-sync,1,8,20000,64,0,0,0,1,1314911.798828125,855243,21.952319531,0.000000000,250.000000000,80.000000000,435031.000000000,0
short_many_chains,1,learned-sync,1,8,20000,64,0,0,0,1,665672.976408883,855243,21.952319531,0.000000000,30.443584314,39.860886719,435031.000000000,4
short_many_chains,1,seeded-sync,2,8,20000,64,0,0,0,1,1314911.798828125,794650,21.952319531,0.000000000,250.000000000,80.000000000,435031.000000000,0
short_many_chains,1,learned-sync,2,8,20000,64,0,0,0,1,665672.976408883,794650,21.952319531,0.000000000,30.443584314,39.860886719,435031.000000000,4
short_many_chains,1,seeded-sync,3,8,20000,64,0,0,0,1,1314911.798828125,787206,21.952319531,0.000000000,250.000000000,80.000000000,435031.000000000,0
short_many_chains,1,learned-sync,3,8,20000,64,0,0,0,1,665672.976408883,787206,21.952319531,0.000000000,30.443584314,39.860886719,435031.000000000,4
short_many_chains,1,seeded-sync,4,8,20000,64,0,0,0,1,1314911.798828125,783729,21.952319531,0.000000000,250.000000000,80.000000000,435031.000000000,0
short_many_chains,1,learned-sync,4,8,20000,64,0,0,0,1,665672.976408883,783729,21.952319531,0.000000000,30.443584314,39.860886719,435031.000000000,4
short_many_chains,1,seeded-sync,5,8,20000,64,0,0,0,1,1314911.798828125,959247,21.952319531,0.000000000,250.000000000,80.000000000,435031.000000000,0
short_many_chains,1,learned-sync,5,8,20000,64,0,0,0,1,665672.976408883,959247,21.952319531,0.000000000,30.443584314,39.860886719,435031.000000000,4
short_many_chains,1,seeded-sync,6,8,20000,64,0,0,0,1,1314911.798828125,867865,21.952319531,0.000000000,250.000000000,80.000000000,435031.000000000,0
short_many_chains,1,learned-sync,6,8,20000,64,0,0,0,1,665672.976408883,867865,21.952319531,0.000000000,30.443584314,39.860886719,435031.000000000,4
long_four_chains,0,seeded-sync,0,8,200000,4,0,0,0,1,9314176.408203125,6936512,22.935696328,0.000000000,250.000000000,80.000000000,490784.000000000,0
long_four_chains,0,learned-sync,0,8,200000,4,0,0,0,1,5687370.631167662,6936512,22.935696328,0.000000000,132.031866575,52.895902344,490784.000000000,4
long_four_chains,0,seeded-sync,1,8,200000,4,0,0,0,1,9314176.408203125,7807981,22.935696328,0.000000000,250.000000000,80.000000000,490784.000000000,0
long_four_chains,0,learned-sync,1,8,200000,4,0,0,0,1,5687370.631167662,7807981,22.935696328,0.000000000,132.031866575,52.895902344,490784.000000000,4
long_four_chains,0,seeded-sync,2,8,200000,4,0,0,0,1,9314176.408203125,7025603,22.935696328,0.000000000,250.000000000,80.000000000,490784.000000000,0
long_four_chains,0,learned-sync,2,8,200000,4,0,0,0,1,5687370.631167662,7025603,22.935696328,0.000000000,132.031866575,52.895902344,490784.000000000,4
long_four_chains,0,seeded-sync,3,8,200000,4,0,0,0,1,9314176.408203125,7273603,22.935696328,0.000000000,250.000000000,80.000000000,490784.000000000,0
long_four_chains,0,learned-sync,3,8,200000,4,0,0,0,1,5687370.631167662,7273603,22.935696328,0.000000000,132.031866575,52.895902344,490784.000000000,4
long_four_chains,0,seeded-sync,4,8,200000,4,0,0,0,1,9314176.408203125,8514230,22.935696328,0.000000000,250.000000000,80.000000000,490784.000000000,0
long_four_chains,0,learned-sync,4,8,200000,4,0,0,0,1,5687370.631167662,8514230,22.935696328,0.000000000,132.031866575,52.895902344,490784.000000000,4
long_four_chains,0,seeded-sync,5,8,200000,4,0,0,0,1,9314176.408203125,7580454,22.935696328,0.000000000,250.000000000,80.000000000,490784.000000000,0
long_four_chains,0,learned-sync,5,8,200000,4,0,0,0,1,5687370.631167662,7580454,22.935696328,0.000000000,132.031866575,52.895902344,490784.000000000,4
long_four_chains,0,seeded-sync,6,8,200000,4,0,0,0,1,9314176.408203125,7526881,22.935696328,0.000000000,250.000000000,80.000000000,490784.000000000,0
long_four_chains,0,learned-sync,6,8,200000,4,0,0,0,1,5687370.631167662,7526881,22.935696328,0.000000000,132.031866575,52.895902344,490784.000000000,4
large_arrays,2,seeded-sync,0,2,1000000,64,0,0,0,1,176325370.085937500,49568488,22.306318172,0.000000000,250.000000000,80.000000000,172211.000000000,0
large_arrays,2,learned-sync,0,2,1000000,64,0,0,0,1,41091271.348800331,49568488,22.306318172,0.000000000,27.851720323,31.680082203,172211.000000000,4
large_arrays,2,seeded-sync,1,2,1000000,64,0,0,0,1,176325370.085937500,51063312,22.306318172,0.000000000,250.000000000,80.000000000,172211.000000000,0
large_arrays,2,learned-sync,1,2,1000000,64,0,0,0,1,41091271.348800331,51063312,22.306318172,0.000000000,27.851720323,31.680082203,172211.000000000,4
large_arrays,2,seeded-sync,2,2,1000000,64,0,0,0,1,176325370.085937500,50795678,22.306318172,0.000000000,250.000000000,80.000000000,172211.000000000,0
large_arrays,2,learned-sync,2,2,1000000,64,0,0,0,1,41091271.348800331,50795678,22.306318172,0.000000000,27.851720323,31.680082203,172211.000000000,4
large_arrays,2,seeded-sync,3,2,1000000,64,0,0,0,1,176325370.085937500,58220775,22.306318172,0.000000000,250.000000000,80.000000000,172211.000000000,0
large_arrays,2,learned-sync,3,2,1000000,64,0,0,0,1,41091271.348800331,58220775,22.306318172,0.000000000,27.851720323,31.680082203,172211.000000000,4
large_arrays,2,seeded-sync,4,2,1000000,64,0,0,0,1,176325370.085937500,52572619,22.306318172,0.000000000,250.000000000,80.000000000,172211.000000000,0
large_arrays,2,learned-sync,4,2,1000000,64,0,0,0,1,41091271.348800331,52572619,22.306318172,0.000000000,27.851720323,31.680082203,172211.000000000,4
large_arrays,2,seeded-sync,5,2,1000000,64,0,0,0,1,176325370.085937500,47448952,22.306318172,0.000000000,250.000000000,80.000000000,172211.000000000,0
large_arrays,2,learned-sync,5,2,1000000,64,0,0,0,1,41091271.348800331,47448952,22.306318172,0.000000000,27.851720323,31.680082203,172211.000000000,4
large_arrays,2,seeded-sync,6,2,1000000,64,0,0,0,1,176325370.085937500,47230947,22.306318172,0.000000000,250.000000000,80.000000000,172211.000000000,0
large_arrays,2,learned-sync,6,2,1000000,64,0,0,0,1,41091271.348800331,47230947,22.306318172,0.000000000,27.851720323,31.680082203,172211.000000000,4
large_arrays,0,seeded-sync,0,8,1000000,64,0,0,0,1,44191411.041015625,18563458,20.410280328,0.000000000,250.000000000,80.000000000,390126.000000000,0
large_arrays,0,learned-sync,0,8,1000000,64,0,0,0,1,13127294.769924900,18563458,20.410280328,0.000000000,35.512012097,45.975057734,390126.000000000,4
large_arrays,0,seeded-sync,1,8,1000000,64,0,0,0,1,44191411.041015625,18384764,20.410280328,0.000000000,250.000000000,80.000000000,390126.000000000,0
large_arrays,0,learned-sync,1,8,1000000,64,0,0,0,1,13127294.769924900,18384764,20.410280328,0.000000000,35.512012097,45.975057734,390126.000000000,4
large_arrays,0,seeded-sync,2,8,1000000,64,0,0,0,1,44191411.041015625,18320289,20.410280328,0.000000000,250.000000000,80.000000000,390126.000000000,0
large_arrays,0,learned-sync,2,8,1000000,64,0,0,0,1,13127294.769924900,18320289,20.410280328,0.000000000,35.512012097,45.975057734,390126.000000000,4
large_arrays,0,seeded-sync,3,8,1000000,64,0,0,0,1,44191411.041015625,18673566,20.410280328,0.000000000,250.000000000,80.000000000,390126.000000000,0
large_arrays,0,learned-sync,3,8,1000000,64,0,0,0,1,13127294.769924900,18673566,20.410280328,0.000000000,35.512012097,45.975057734,390126.000000000,4
large_arrays,0,seeded-sync,4,8,1000000,64,0,0,0,1,44191411.041015625,18566134,20.410280328,0.000000000,250.000000000,80.000000000,390126.000000000,0
large_arrays,0,learned-sync,4,8,1000000,64,0,0,0,1,13127294.769924900,18566134,20.410280328,0.000000000,35.512012097,45.975057734,390126.000000000,4
large_arrays,0,seeded-sync,5,8,1000000,64,0,0,0,1,44191411.041015625,18618293,20.410280328,0.000000000,250.000000000,80.000000000,390126.000000000,0
large_arrays,0,learned-sync,5,8,1000000,64,0,0,0,1,13127294.769924900,18618293,20.410280328,0.000000000,35.512012097,45.975057734,390126.000000000,4
large_arrays,0,seeded-sync,6,8,1000000,64,0,0,0,1,44191411.041015625,18481598,20.410280328,0.000000000,250.000000000,80.000000000,390126.000000000,0
large_arrays,0,learned-sync,6,8,1000000,64,0,0,0,1,13127294.769924900,18481598,20.410280328,0.000000000,35.512012097,45.975057734,390126.000000000,4
dependent_compute,0,seeded-sync,0,6,32768,1,16,0,0,1,2720128.373434067,7821541,111.802338600,0.000000000,250.000000000,80.000000000,307004.000000000,0
dependent_compute,0,learned-sync,0,6,32768,1,16,0,0,1,7688668.451372082,7821541,111.802338600,0.000000000,1192.094356079,47.561461926,307004.000000000,4
dependent_compute,0,seeded-sync,1,6,32768,1,16,0,0,1,2720128.373434067,8066372,111.802338600,0.000000000,250.000000000,80.000000000,307004.000000000,0
dependent_compute,0,learned-sync,1,6,32768,1,16,0,0,1,7688668.451372082,8066372,111.802338600,0.000000000,1192.094356079,47.561461926,307004.000000000,4
dependent_compute,0,seeded-sync,2,6,32768,1,16,0,0,1,2720128.373434067,7801512,111.802338600,0.000000000,250.000000000,80.000000000,307004.000000000,0
dependent_compute,0,learned-sync,2,6,32768,1,16,0,0,1,7688668.451372082,7801512,111.802338600,0.000000000,1192.094356079,47.561461926,307004.000000000,4
dependent_compute,0,seeded-sync,3,6,32768,1,16,0,0,1,2720128.373434067,8236886,111.802338600,0.000000000,250.000000000,80.000000000,307004.000000000,0
dependent_compute,0,learned-sync,3,6,32768,1,16,0,0,1,7688668.451372082,8236886,111.802338600,0.000000000,1192.094356079,47.561461926,307004.000000000,4
dependent_compute,0,seeded-sync,4,6,32768,1,16,0,0,1,2720128.373434067,7697918,111.802338600,0.000000000,250.000000000,80.000000000,307004.000000000,0
dependent_compute,0,learned-sync,4,6,32768,1,16,0,0,1,7688668.451372082,7697918,111.802338600,0.000000000,1192.094356079,47.561461926,307004.000000000,4
dependent_compute,0,seeded-sync,5,6,32768,1,16,0,0,1,2720128.373434067,8509286,111.802338600,0.000000000,250.000000000,80.000000000,307004.000000000,0
dependent_compute,0,learned-sync,5,6,32768,1,16,0,0,1,7688668.451372082,8509286,111.802338600,0.000000000,1192.094356079,47.561461926,307004.000000000,4
dependent_compute,0,seeded-sync,6,6,32768,1,16,0,0,1,2720128.373434067,8054269,111.802338600,0.000000000,250.000000000,80.000000000,307004.000000000,0
dependent_compute,0,learned-sync,6,6,32768,1,16,0,0,1,7688668.451372082,8054269,111.802338600,0.000000000,1192.094356079,47.561461926,307004.000000000,4
two_streams,1,seeded-sync,0,7,32768,4,0,0,0,2,3606381.495579720,2314384,21.408905506,0.000000000,250.000000000,80.000000000,416025.000000000,0
two_streams,1,learned-sync,0,7,32768,4,0,0,0,2,1925290.998870838,2314384,21.408905506,0.000000000,100.244498535,50.228536844,416025.000000000,4
two_streams,1,seeded-sync,1,7,32768,4,0,0,0,2,3606381.495579720,2168269,21.408905506,0.000000000,250.000000000,80.000000000,416025.000000000,0
two_streams,1,learned-sync,1,7,32768,4,0,0,0,2,1925290.998870838,2168269,21.408905506,0.000000000,100.244498535,50.228536844,416025.000000000,4
two_streams,1,seeded-sync,2,7,32768,4,0,0,0,2,3606381.495579720,2401957,21.408905506,0.000000000,250.000000000,80.000000000,416025.000000000,0
two_streams,1,learned-sync,2,7,32768,4,0,0,0,2,1925290.998870838,2401957,21.408905506,0.000000000,100.244498535,50.228536844,416025.000000000,4
two_streams,1,seeded-sync,3,7,32768,4,0,0,0,2,3606381.495579720,2190376,21.408905506,0.000000000,250.000000000,80.000000000,416025.000000000,0
two_streams,1,learned-sync,3,7,32768,4,0,0,0,2,1925290.998870838,2190376,21.408905506,0.000000000,100.244498535,50.228536844,416025.000000000,4
two_streams,1,seeded-sync,4,7,32768,4,0,0,0,2,3606381.495579720,2357844,21.408905506,0.000000000,250.000000000,80.000000000,416025.000000000,0
two_streams,1,learned-sync,4,7,32768,4,0,0,0,2,1925290.998870838,2357844,21.408905506,0.000000000,100.244498535,50.228536844,416025.000000000,4
two_streams,1,seeded-sync,5,7,32768,4,0,0,0,2,3606381.495579720,2293933,21.408905506,0.000000000,250.000000000,80.000000000,416025.000000000,0
two_streams,1,learned-sync,5,7,32768,4,0,0,0,2,1925290.998870838,2293933,21.408905506,0.000000000,100.244498535,50.228536844,416025.000000000,4
two_streams,1,seeded-sync,6,7,32768,4,0,0,0,2,3606381.495579720,2201441,21.408905506,0.000000000,250.000000000,80.000000000,416025.000000000,0
two_streams,1,learned-sync,6,7,32768,4,0,0,0,2,1925290.998870838,2201441,21.408905506,0.000000000,100.244498535,50.228536844,416025.000000000,4
long_four_chains,0,seeded-sync,0,3,200000,4,0,0,0,1,23535306.700757578,11623156,20.555397734,0.000000000,250.000000000,80.000000000,164830.000000000,0
long_four_chains,0,learned-sync,0,3,200000,4,0,0,0,1,7663302.003217775,11623156,20.555397734,0.000000000,46.922346416,44.998773516,164830.000000000,4
long_four_chains,0,seeded-sync,1,3,200000,4,0,0,0,1,23535306.700757578,10845114,20.555397734,0.000000000,250.000000000,80.000000000,164830.000000000,0
long_four_chains,0,learned-sync,1,3,200000,4,0,0,0,1,7663302.003217775,10845114,20.555397734,0.000000000,46.922346416,44.998773516,164830.000000000,4
long_four_chains,0,seeded-sync,2,3,200000,4,0,0,0,1,23535306.700757578,10472800,20.555397734,0.000000000,250.000000000,80.000000000,164830.000000000,0
long_four_chains,0,learned-sync,2,3,200000,4,0,0,0,1,7663302.003217775,10472800,20.555397734,0.000000000,46.922346416,44.998773516,164830.000000000,4
long_four_chains,0,seeded-sync,3,3,200000,4,0,0,0,1,23535306.700757578,12093734,20.555397734,0.000000000,250.000000000,80.000000000,164830.000000000,0
long_four_chains,0,learned-sync,3,3,200000,4,0,0,0,1,7663302.003217775,12093734,20.555397734,0.000000000,46.922346416,44.998773516,164830.000000000,4
long_four_chains,0,seeded-sync,4,3,200000,4,0,0,0,1,23535306.700757578,11479736,20.555397734,0.000000000,250.000000000,80.000000000,164830.000000000,0
long_four_chains,0,learned-sync,4,3,200000,4,0,0,0,1,7663302.003217775,11479736,20.555397734,0.000000000,46.922346416,44.998773516,164830.000000000,4
long_four_chains,0,seeded-sync,5,3,200000,4,0,0,0,1,23535306.700757578,10414726,20.555397734,0.000000000,250.000000000,80.000000000,164830.000000000,0
long_four_chains,0,learned-sync,5,3,200000,4,0,0,0,1,7663302.003217775,10414726,20.555397734,0.000000000,46.922346416,44.998773516,164830.000000000,4
long_four_chains,0,seeded-sync,6,3,200000,4,0,0,0,1,23535306.700757578,10952394,20.555397734,0.000000000,250.000000000,80.000000000,164830.000000000,0
long_four_chains,0,learned-sync,6,3,200000,4,0,0,0,1,7663302.003217775,10952394,20.555397734,0.000000000,46.922346416,44.998773516,164830.000000000,4
uneven,0,seeded-sync,0,2,8193,3,4,8,0,1,1920597.041943198,1167862,39.573277112,61.869984285,250.000000000,80.000000000,152974.000000000,0
uneven,0,learned-sync,0,2,8193,3,4,8,0,1,957254.638212970,1167862,39.573277112,61.869984285,44.634758471,50.231630660,152974.000000000,4
uneven,0,seeded-sync,1,2,8193,3,4,8,0,1,1920597.041943198,960403,39.573277112,61.869984285,250.000000000,80.000000000,152974.000000000,0
uneven,0,learned-sync,1,2,8193,3,4,8,0,1,957254.638212970,960403,39.573277112,61.869984285,44.634758471,50.231630660,152974.000000000,4
uneven,0,seeded-sync,2,2,8193,3,4,8,0,1,1920597.041943198,1009842,39.573277112,61.869984285,250.000000000,80.000000000,152974.000000000,0
uneven,0,learned-sync,2,2,8193,3,4,8,0,1,957254.638212970,1009842,39.573277112,61.869984285,44.634758471,50.231630660,152974.000000000,4
uneven,0,seeded-sync,3,2,8193,3,4,8,0,1,1920597.041943198,1023022,39.573277112,61.869984285,250.000000000,80.000000000,152974.000000000,0
uneven,0,learned-sync,3,2,8193,3,4,8,0,1,957254.638212970,1023022,39.573277112,61.869984285,44.634758471,50.231630660,152974.000000000,4
uneven,0,seeded-sync,4,2,8193,3,4,8,0,1,1920597.041943198,992710,39.573277112,61.869984285,250.000000000,80.000000000,152974.000000000,0
uneven,0,learned-sync,4,2,8193,3,4,8,0,1,957254.638212970,992710,39.573277112,61.869984285,44.634758471,50.231630660,152974.000000000,4
uneven,0,seeded-sync,5,2,8193,3,4,8,0,1,1920597.041943198,1171628,39.573277112,61.869984285,250.000000000,80.000000000,152974.000000000,0
uneven,0,learned-sync,5,2,8193,3,4,8,0,1,957254.638212970,1171628,39.573277112,61.869984285,44.634758471,50.231630660,152974.000000000,4
uneven,0,seeded-sync,6,2,8193,3,4,8,0,1,1920597.041943198,1185770,39.573277112,61.869984285,250.000000000,80.000000000,152974.000000000,0
uneven,0,learned-sync,6,2,8193,3,4,8,0,1,957254.638212970,1185770,39.573277112,61.869984285,44.634758471,50.231630660,152974.000000000,4
large_arrays,2,seeded-sync,0,8,1000000,64,0,0,0,1,44239596.017578125,18618954,20.587536141,0.000000000,250.000000000,80.000000000,416154.000000000,0
large_arrays,2,learned-sync,0,8,1000000,64,0,0,0,1,13323204.304888016,18618954,20.587536141,0.000000000,36.022730142,46.646136156,416154.000000000,4
large_arrays,2,seeded-sync,1,8,1000000,64,0,0,0,1,44239596.017578125,19137874,20.587536141,0.000000000,250.000000000,80.000000000,416154.000000000,0
large_arrays,2,learned-sync,1,8,1000000,64,0,0,0,1,13323204.304888016,19137874,20.587536141,0.000000000,36.022730142,46.646136156,416154.000000000,4
large_arrays,2,seeded-sync,2,8,1000000,64,0,0,0,1,44239596.017578125,18159371,20.587536141,0.000000000,250.000000000,80.000000000,416154.000000000,0
large_arrays,2,learned-sync,2,8,1000000,64,0,0,0,1,13323204.304888016,18159371,20.587536141,0.000000000,36.022730142,46.646136156,416154.000000000,4
large_arrays,2,seeded-sync,3,8,1000000,64,0,0,0,1,44239596.017578125,18854854,20.587536141,0.000000000,250.000000000,80.000000000,416154.000000000,0
large_arrays,2,learned-sync,3,8,1000000,64,0,0,0,1,13323204.304888016,18854854,20.587536141,0.000000000,36.022730142,46.646136156,416154.000000000,4
large_arrays,2,seeded-sync,4,8,1000000,64,0,0,0,1,44239596.017578125,19594320,20.587536141,0.000000000,250.000000000,80.000000000,416154.000000000,0
large_arrays,2,learned-sync,4,8,1000000,64,0,0,0,1,13323204.304888016,19594320,20.587536141,0.000000000,36.022730142,46.646136156,416154.000000000,4
large_arrays,2,seeded-sync,5,8,1000000,64,0,0,0,1,44239596.017578125,19406333,20.587536141,0.000000000,250.000000000,80.000000000,416154.000000000,0
large_arrays,2,learned-sync,5,8,1000000,64,0,0,0,1,13323204.304888016,19406333,20.587536141,0.000000000,36.022730142,46.646136156,416154.000000000,4
large_arrays,2,seeded-sync,6,8,1000000,64,0,0,0,1,44239596.017578125,18676216,20.587536141,0.000000000,250.000000000,80.000000000,416154.000000000,0
large_arrays,2,learned-sync,6,8,1000000,64,0,0,0,1,13323204.304888016,18676216,20.587536141,0.000000000,36.022730142,46.646136156,416154.000000000,4
independent_before,2,seeded-sync,0,7,32768,4,0,16,0,1,2492363.929529190,1967422,21.047151089,108.990424633,250.000000000,80.000000000,338468.000000000,0
independent_before,2,learned-sync,0,7,32768,4,0,16,0,1,1879764.064736847,1967422,21.047151089,108.990424633,147.955882409,51.202625751,338468.000000000,4
independent_before,2,seeded-sync,1,7,32768,4,0,16,0,1,2492363.929529190,1833544,21.047151089,108.990424633,250.000000000,80.000000000,338468.000000000,0
independent_before,2,learned-sync,1,7,32768,4,0,16,0,1,1879764.064736847,1833544,21.047151089,108.990424633,147.955882409,51.202625751,338468.000000000,4
independent_before,2,seeded-sync,2,7,32768,4,0,16,0,1,2492363.929529190,2294996,21.047151089,108.990424633,250.000000000,80.000000000,338468.000000000,0
independent_before,2,learned-sync,2,7,32768,4,0,16,0,1,1879764.064736847,2294996,21.047151089,108.990424633,147.955882409,51.202625751,338468.000000000,4
independent_before,2,seeded-sync,3,7,32768,4,0,16,0,1,2492363.929529190,2196427,21.047151089,108.990424633,250.000000000,80.000000000,338468.000000000,0
independent_before,2,learned-sync,3,7,32768,4,0,16,0,1,1879764.064736847,2196427,21.047151089,108.990424633,147.955882409,51.202625751,338468.000000000,4
independent_before,2,seeded-sync,4,7,32768,4,0,16,0,1,2492363.929529190,3012304,21.047151089,108.990424633,250.000000000,80.000000000,338468.000000000,0
independent_before,2,learned-sync,4,7,32768,4,0,16,0,1,1879764.064736847,3012304,21.047151089,108.990424633,147.955882409,51.202625751,338468.000000000,4
independent_before,2,seeded-sync,5,7,32768,4,0,16,0,1,2492363.929529190,3315170,21.047151089,108.990424633,250.000000000,80.000000000,338468.000000000,0
independent_before,2,learned-sync,5,7,32768,4,0,16,0,1,1879764.064736847,3315170,21.047151089,108.990424633,147.955882409,51.202625751,338468.000000000,4
independent_before,2,seeded-sync,6,7,32768,4,0,16,0,1,2492363.929529190,1921144,21.047151089,108.990424633,250.000000000,80.000000000,338468.000000000,0
independent_before,2,learned-sync,6,7,32768,4,0,16,0,1,1879764.064736847,1921144,21.047151089,108.990424633,147.955882409,51.202625751,338468.000000000,4
long_many_chains,0,seeded-sync,0,2,200000,64,0,0,0,1,35321323.734375000,10323999,21.596377344,0.000000000,250.000000000,80.000000000,161686.000000000,0
long_many_chains,0,learned-sync,0,2,200000,64,0,0,0,1,7558609.141752861,10323999,21.596377344,0.000000000,25.376500089,26.996353984,161686.000000000,4
long_many_chains,0,seeded-sync,1,2,200000,64,0,0,0,1,35321323.734375000,9890699,21.596377344,0.000000000,250.000000000,80.000000000,161686.000000000,0
long_many_chains,0,learned-sync,1,2,200000,64,0,0,0,1,7558609.141752861,9890699,21.596377344,0.000000000,25.376500089,26.996353984,161686.000000000,4
long_many_chains,0,seeded-sync,2,2,200000,64,0,0,0,1,35321323.734375000,11399144,21.596377344,0.000000000,250.000000000,80.000000000,161686.000000000,0
long_many_chains,0,learned-sync,2,2,200000,64,0,0,0,1,7558609.141752861,11399144,21.596377344,0.000000000,25.376500089,26.996353984,161686.000000000,4
long_many_chains,0,seeded-sync,3,2,200000,64,0,0,0,1,35321323.734375000,13106452,21.596377344,0.000000000,250.000000000,80.000000000,161686.000000000,0
long_many_chains,0,learned-sync,3,2,200000,64,0,0,0,1,7558609.141752861,13106452,21.596377344,0.000000000,25.376500089,26.996353984,161686.000000000,4
long_many_chains,0,seeded-sync,4,2,200000,64,0,0,0,1,35321323.734375000,11918989,21.596377344,0.000000000,250.000000000,80.000000000,161686.000000000,0
long_many_chains,0,learned-sync,4,2,200000,64,0,0,0,1,7558609.141752861,11918989,21.596377344,0.000000000,25.376500089,26.996353984,161686.000000000,4
long_many_chains,0,seeded-sync,5,2,200000,64,0,0,0,1,35321323.734375000,11810288,21.596377344,0.000000000,250.000000000,80.000000000,161686.000000000,0
long_many_chains,0,learned-sync,5,2,200000,64,0,0,0,1,7558609.141752861,11810288,21.596377344,0.000000000,25.376500089,26.996353984,161686.000000000,4
long_many_chains,0,seeded-sync,6,2,200000,64,0,0,0,1,35321323.734375000,11390110,21.596377344,0.000000000,250.000000000,80.000000000,161686.000000000,0
long_many_chains,0,learned-sync,6,2,200000,64,0,0,0,1,7558609.141752861,11390110,21.596377344,0.000000000,25.376500089,26.996353984,161686.000000000,4
tiny_chain,1,seeded-sync,0,6,257,1,0,0,0,1,474136.427772374,502040,33.754134241,0.000000000,250.000000000,80.000000000,458495.000000000,0
tiny_chain,1,learned-sync,0,6,257,1,0,0,0,1,12481232.224263351,502040,33.754134241,0.000000000,279515.867980957,48.917983949,458495.000000000,4
tiny_chain,1,seeded-sync,1,6,257,1,0,0,0,1,474136.427772374,474388,33.754134241,0.000000000,250.000000000,80.000000000,458495.000000000,0
tiny_chain,1,learned-sync,1,6,257,1,0,0,0,1,12481232.224263351,474388,33.754134241,0.000000000,279515.867980957,48.917983949,458495.000000000,4
tiny_chain,1,seeded-sync,2,6,257,1,0,0,0,1,474136.427772374,507972,33.754134241,0.000000000,250.000000000,80.000000000,458495.000000000,0
tiny_chain,1,learned-sync,2,6,257,1,0,0,0,1,12481232.224263351,507972,33.754134241,0.000000000,279515.867980957,48.917983949,458495.000000000,4
tiny_chain,1,seeded-sync,3,6,257,1,0,0,0,1,474136.427772374,461191,33.754134241,0.000000000,250.000000000,80.000000000,458495.000000000,0
tiny_chain,1,learned-sync,3,6,257,1,0,0,0,1,12481232.224263351,461191,33.754134241,0.000000000,279515.867980957,48.917983949,458495.000000000,4
tiny_chain,1,seeded-sync,4,6,257,1,0,0,0,1,474136.427772374,431776,33.754134241,0.000000000,250.000000000,80.000000000,458495.000000000,0
tiny_chain,1,learned-sync,4,6,257,1,0,0,0,1,12481232.224263351,431776,33.754134241,0.000000000,279515.867980957,48.917983949,458495.000000000,4
tiny_chain,1,seeded-sync,5,6,257,1,0,0,0,1,474136.427772374,461402,33.754134241,0.000000000,250.000000000,80.000000000,458495.000000000,0
tiny_chain,1,learned-sync,5,6,257,1,0,0,0,1,12481232.224263351,461402,33.754134241,0.000000000,279515.867980957,48.917983949,458495.000000000,4
tiny_chain,1,seeded-sync,6,6,257,1,0,0,0,1,474136.427772374,444954,33.754134241,0.000000000,250.000000000,80.000000000,458495.000000000,0
tiny_chain,1,learned-sync,6,6,257,1,0,0,0,1,12481232.224263351,444954,33.754134241,0.000000000,279515.867980957,48.917983949,458495.000000000,4
independent_before,2,seeded-sync,0,8,32768,4,0,16,0,1,2399922.050781250,1776921,23.670615196,119.995656967,250.000000000,80.000000000,459785.000000000,0
independent_before,2,learned-sync,0,8,32768,4,0,16,0,1,1568606.248338258,1776921,23.670615196,119.995656967,87.012301516,40.029738903,459785.000000000,4
independent_before,2,seeded-sync,1,8,32768,4,0,16,0,1,2399922.050781250,1747145,23.670615196,119.995656967,250.000000000,80.000000000,459785.000000000,0
independent_before,2,learned-sync,1,8,32768,4,0,16,0,1,1568606.248338258,1747145,23.670615196,119.995656967,87.012301516,40.029738903,459785.000000000,4
independent_before,2,seeded-sync,2,8,32768,4,0,16,0,1,2399922.050781250,1737091,23.670615196,119.995656967,250.000000000,80.000000000,459785.000000000,0
independent_before,2,learned-sync,2,8,32768,4,0,16,0,1,1568606.248338258,1737091,23.670615196,119.995656967,87.012301516,40.029738903,459785.000000000,4
independent_before,2,seeded-sync,3,8,32768,4,0,16,0,1,2399922.050781250,1755196,23.670615196,119.995656967,250.000000000,80.000000000,459785.000000000,0
independent_before,2,learned-sync,3,8,32768,4,0,16,0,1,1568606.248338258,1755196,23.670615196,119.995656967,87.012301516,40.029738903,459785.000000000,4
independent_before,2,seeded-sync,4,8,32768,4,0,16,0,1,2399922.050781250,1569543,23.670615196,119.995656967,250.000000000,80.000000000,459785.000000000,0
independent_before,2,learned-sync,4,8,32768,4,0,16,0,1,1568606.248338258,1569543,23.670615196,119.995656967,87.012301516,40.029738903,459785.000000000,4
independent_before,2,seeded-sync,5,8,32768,4,0,16,0,1,2399922.050781250,1676580,23.670615196,119.995656967,250.000000000,80.000000000,459785.000000000,0
independent_before,2,learned-sync,5,8,32768,4,0,16,0,1,1568606.248338258,1676580,23.670615196,119.995656967,87.012301516,40.029738903,459785.000000000,4
independent_before,2,seeded-sync,6,8,32768,4,0,16,0,1,2399922.050781250,1586732,23.670615196,119.995656967,250.000000000,80.000000000,459785.000000000,0
independent_before,2,learned-sync,6,8,32768,4,0,16,0,1,1568606.248338258,1586732,23.670615196,119.995656967,87.012301516,40.029738903,459785.000000000,4
two_streams,1,seeded-sync,0,5,32768,4,0,0,0,2,4779292.916187286,2460699,21.259218216,0.000000000,250.000000000,80.000000000,314320.000000000,0
two_streams,1,learned-sync,0,5,32768,4,0,0,0,2,1779714.077058465,2460699,21.259218216,0.000000000,57.463725430,43.700537682,314320.000000000,4
two_streams,1,seeded-sync,1,5,32768,4,0,0,0,2,4779292.916187286,2606298,21.259218216,0.000000000,250.000000000,80.000000000,314320.000000000,0
two_streams,1,learned-sync,1,5,32768,4,0,0,0,2,1779714.077058465,2606298,21.259218216,0.000000000,57.463725430,43.700537682,314320.000000000,4
two_streams,1,seeded-sync,2,5,32768,4,0,0,0,2,4779292.916187286,2287319,21.259218216,0.000000000,250.000000000,80.000000000,314320.000000000,0
two_streams,1,learned-sync,2,5,32768,4,0,0,0,2,1779714.077058465,2287319,21.259218216,0.000000000,57.463725430,43.700537682,314320.000000000,4
two_streams,1,seeded-sync,3,5,32768,4,0,0,0,2,4779292.916187286,2618577,21.259218216,0.000000000,250.000000000,80.000000000,314320.000000000,0
two_streams,1,learned-sync,3,5,32768,4,0,0,0,2,1779714.077058465,2618577,21.259218216,0.000000000,57.463725430,43.700537682,314320.000000000,4
two_streams,1,seeded-sync,4,5,32768,4,0,0,0,2,4779292.916187286,2354508,21.259218216,0.000000000,250.000000000,80.000000000,314320.000000000,0
two_streams,1,learned-sync,4,5,32768,4,0,0,0,2,1779714.077058465,2354508,21.259218216,0.000000000,57.463725430,43.700537682,314320.000000000,4
two_streams,1,seeded-sync,5,5,32768,4,0,0,0,2,4779292.916187286,2362268,21.259218216,0.000000000,250.000000000,80.000000000,314320.000000000,0
two_streams,1,learned-sync,5,5,32768,4,0,0,0,2,1779714.077058465,2362268,21.259218216,0.000000000,57.463725430,43.700537682,314320.000000000,4
two_streams,1,seeded-sync,6,5,32768,4,0,0,0,2,4779292.916187286,2558505,21.259218216,0.000000000,250.000000000,80.000000000,314320.000000000,0
two_streams,1,learned-sync,6,5,32768,4,0,0,0,2,1779714.077058465,2558505,21.259218216,0.000000000,57.463725430,43.700537682,314320.000000000,4
long_four_chains,2,seeded-sync,0,5,200000,4,0,0,0,1,14297444.312500000,7843463,20.637357812,0.000000000,250.000000000,80.000000000,271950.000000000,0
long_four_chains,2,learned-sync,0,5,200000,4,0,0,0,1,5934502.148274153,7843463,20.637357812,0.000000000,71.021280191,49.905165703,271950.000000000,4
long_four_chains,2,seeded-sync,1,5,200000,4,0,0,0,1,14297444.312500000,8467261,20.637357812,0.000000000,250.000000000,80.000000000,271950.000000000,0
long_four_chains,2,learned-sync,1,5,200000,4,0,0,0,1,5934502.148274153,8467261,20.637357812,0.000000000,71.021280191,49.905165703,271950.000000000,4
long_four_chains,2,seeded-sync,2,5,200000,4,0,0,0,1,14297444.312500000,7919688,20.637357812,0.000000000,250.000000000,80.000000000,271950.000000000,0
long_four_chains,2,learned-sync,2,5,200000,4,0,0,0,1,5934502.148274153,7919688,20.637357812,0.000000000,71.021280191,49.905165703,271950.000000000,4
long_four_chains,2,seeded-sync,3,5,200000,4,0,0,0,1,14297444.312500000,7806176,20.637357812,0.000000000,250.000000000,80.000000000,271950.000000000,0
long_four_chains,2,learned-sync,3,5,200000,4,0,0,0,1,5934502.148274153,7806176,20.637357812,0.000000000,71.021280191,49.905165703,271950.000000000,4
long_four_chains,2,seeded-sync,4,5,200000,4,0,0,0,1,14297444.312500000,7694466,20.637357812,0.000000000,250.000000000,80.000000000,271950.000000000,0
long_four_chains,2,learned-sync,4,5,200000,4,0,0,0,1,5934502.148274153,7694466,20.637357812,0.000000000,71.021280191,49.905165703,271950.000000000,4
long_four_chains,2,seeded-sync,5,5,200000,4,0,0,0,1,14297444.312500000,7889239,20.637357812,0.000000000,250.000000000,80.000000000,271950.000000000,0
long_four_chains,2,learned-sync,5,5,200000,4,0,0,0,1,5934502.148274153,7889239,20.637357812,0.000000000,71.021280191,49.905165703,271950.000000000,4
long_four_chains,2,seeded-sync,6,5,200000,4,0,0,0,1,14297444.312500000,8950561,20.637357812,0.000000000,250.000000000,80.000000000,271950.000000000,0
long_four_chains,2,learned-sync,6,5,200000,4,0,0,0,1,5934502.148274153,8950561,20.637357812,0.000000000,71.021280191,49.905165703,271950.000000000,4
independent_after,1,seeded-sync,0,4,32768,4,0,16,1,1,3962000.851562500,1806388,20.801952362,108.697419167,250.000000000,80.000000000,197782.000000000,0
independent_after,1,learned-sync,0,4,32768,4,0,16,1,1,1818402.936479921,1806388,20.801952362,108.697419167,35.514604921,32.815727711,197782.000000000,4
independent_after,1,seeded-sync,1,4,32768,4,0,16,1,1,3962000.851562500,1749655,20.801952362,108.697419167,250.000000000,80.000000000,197782.000000000,0
independent_after,1,learned-sync,1,4,32768,4,0,16,1,1,1818402.936479921,1749655,20.801952362,108.697419167,35.514604921,32.815727711,197782.000000000,4
independent_after,1,seeded-sync,2,4,32768,4,0,16,1,1,3962000.851562500,1995224,20.801952362,108.697419167,250.000000000,80.000000000,197782.000000000,0
independent_after,1,learned-sync,2,4,32768,4,0,16,1,1,1818402.936479921,1995224,20.801952362,108.697419167,35.514604921,32.815727711,197782.000000000,4
independent_after,1,seeded-sync,3,4,32768,4,0,16,1,1,3962000.851562500,1990343,20.801952362,108.697419167,250.000000000,80.000000000,197782.000000000,0
independent_after,1,learned-sync,3,4,32768,4,0,16,1,1,1818402.936479921,1990343,20.801952362,108.697419167,35.514604921,32.815727711,197782.000000000,4
independent_after,1,seeded-sync,4,4,32768,4,0,16,1,1,3962000.851562500,1839803,20.801952362,108.697419167,250.000000000,80.000000000,197782.000000000,0
independent_after,1,learned-sync,4,4,32768,4,0,16,1,1,1818402.936479921,1839803,20.801952362,108.697419167,35.514604921,32.815727711,197782.000000000,4
independent_after,1,seeded-sync,5,4,32768,4,0,16,1,1,3962000.851562500,1946707,20.801952362,108.697419167,250.000000000,80.000000000,197782.000000000,0
independent_after,1,learned-sync,5,4,32768,4,0,16,1,1,1818402.936479921,1946707,20.801952362,108.697419167,35.514604921,32.815727711,197782.000000000,4
independent_after,1,seeded-sync,6,4,32768,4,0,16,1,1,3962000.851562500,2089679,20.801952362,108.697419167,250.000000000,80.000000000,197782.000000000,0
independent_after,1,learned-sync,6,4,32768,4,0,16,1,1,1818402.936479921,2089679,20.801952362,108.697419167,35.514604921,32.815727711,197782.000000000,4
two_streams,0,seeded-sync,0,6,32768,4,0,0,0,2,4111225.910088539,2281194,20.697164059,0.000000000,250.000000000,80.000000000,393258.000000000,0
two_streams,0,learned-sync,0,6,32768,4,0,0,0,2,1954210.826384607,2281194,20.697164059,0.000000000,85.684763097,46.858711481,393258.000000000,4
two_streams,0,seeded-sync,1,6,32768,4,0,0,0,2,4111225.910088539,2501510,20.697164059,0.000000000,250.000000000,80.000000000,393258.000000000,0
two_streams,0,learned-sync,1,6,32768,4,0,0,0,2,1954210.826384607,2501510,20.697164059,0.000000000,85.684763097,46.858711481,393258.000000000,4
two_streams,0,seeded-sync,2,6,32768,4,0,0,0,2,4111225.910088539,2362563,20.697164059,0.000000000,250.000000000,80.000000000,393258.000000000,0
two_streams,0,learned-sync,2,6,32768,4,0,0,0,2,1954210.826384607,2362563,20.697164059,0.000000000,85.684763097,46.858711481,393258.000000000,4
two_streams,0,seeded-sync,3,6,32768,4,0,0,0,2,4111225.910088539,2196123,20.697164059,0.000000000,250.000000000,80.000000000,393258.000000000,0
two_streams,0,learned-sync,3,6,32768,4,0,0,0,2,1954210.826384607,2196123,20.697164059,0.000000000,85.684763097,46.858711481,393258.000000000,4
two_streams,0,seeded-sync,4,6,32768,4,0,0,0,2,4111225.910088539,2237433,20.697164059,0.000000000,250.000000000,80.000000000,393258.000000000,0
two_streams,0,learned-sync,4,6,32768,4,0,0,0,2,1954210.826384607,2237433,20.697164059,0.000000000,85.684763097,46.858711481,393258.000000000,4
two_streams,0,seeded-sync,5,6,32768,4,0,0,0,2,4111225.910088539,2230049,20.697164059,0.000000000,250.000000000,80.000000000,393258.000000000,0
two_streams,0,learned-sync,5,6,32768,4,0,0,0,2,1954210.826384607,2230049,20.697164059,0.000000000,85.684763097,46.858711481,393258.000000000,4
two_streams,0,seeded-sync,6,6,32768,4,0,0,0,2,4111225.910088539,2268815,20.697164059,0.000000000,250.000000000,80.000000000,393258.000000000,0
two_streams,0,learned-sync,6,6,32768,4,0,0,0,2,1954210.826384607,2268815,20.697164059,0.000000000,85.684763097,46.858711481,393258.000000000,4
dependent_compute,2,seeded-sync,0,6,32768,1,16,0,0,1,2691162.090897560,7988282,108.187127590,0.000000000,250.000000000,80.000000000,297784.000000000,0
dependent_compute,2,learned-sync,0,6,32768,1,16,0,0,1,7816286.151966485,7988282,108.187127590,0.000000000,1220.149730007,48.173972130,297784.000000000,4
dependent_compute,2,seeded-sync,1,6,32768,1,16,0,0,1,2691162.090897560,7991495,108.187127590,0.000000000,250.000000000,80.000000000,297784.000000000,0
dependent_compute,2,learned-sync,1,6,32768,1,16,0,0,1,7816286.151966485,7991495,108.187127590,0.000000000,1220.149730007,48.173972130,297784.000000000,4
dependent_compute,2,seeded-sync,2,6,32768,1,16,0,0,1,2691162.090897560,7871025,108.187127590,0.000000000,250.000000000,80.000000000,297784.000000000,0
dependent_compute,2,learned-sync,2,6,32768,1,16,0,0,1,7816286.151966485,7871025,108.187127590,0.000000000,1220.149730007,48.173972130,297784.000000000,4
dependent_compute,2,seeded-sync,3,6,32768,1,16,0,0,1,2691162.090897560,7881235,108.187127590,0.000000000,250.000000000,80.000000000,297784.000000000,0
dependent_compute,2,learned-sync,3,6,32768,1,16,0,0,1,7816286.151966485,7881235,108.187127590,0.000000000,1220.149730007,48.173972130,297784.000000000,4
dependent_compute,2,seeded-sync,4,6,32768,1,16,0,0,1,2691162.090897560,8256684,108.187127590,0.000000000,250.000000000,80.000000000,297784.000000000,0
dependent_compute,2,learned-sync,4,6,32768,1,16,0,0,1,7816286.151966485,8256684,108.187127590,0.000000000,1220.149730007,48.173972130,297784.000000000,4
dependent_compute,2,seeded-sync,5,6,32768,1,16,0,0,1,2691162.090897560,8288420,108.187127590,0.000000000,250.000000000,80.000000000,297784.000000000,0
dependent_compute,2,learned-sync,5,6,32768,1,16,0,0,1,7816286.151966485,8288420,108.187127590,0.000000000,1220.149730007,48.173972130,297784.000000000,4
dependent_compute,2,seeded-sync,6,6,32768,1,16,0,0,1,2691162.090897560,8518954,108.187127590,0.000000000,250.000000000,80.000000000,297784.000000000,0
dependent_compute,2,learned-sync,6,6,32768,1,16,0,0,1,7816286.151966485,8518954,108.187127590,0.000000000,1220.149730007,48.173972130,297784.000000000,4
long_four_chains,0,seeded-sync,0,5,200000,4,0,0,0,1,14295650.393750001,7549552,20.753684844,0.000000000,250.000000000,80.000000000,265503.000000000,0
long_four_chains,0,learned-sync,0,5,200000,4,0,0,0,1,5696001.653303942,7549552,20.753684844,0.000000000,65.789286176,49.219495313,265503.000000000,4
long_four_chains,0,seeded-sync,1,5,200000,4,0,0,0,1,14295650.393750001,7526158,20.753684844,0.000000000,250.000000000,80.000000000,265503.000000000,0
long_four_chains,0,learned-sync,1,5,200000,4,0,0,0,1,5696001.653303942,7526158,20.753684844,0.000000000,65.789286176,49.219495313,265503.000000000,4
long_four_chains,0,seeded-sync,2,5,200000,4,0,0,0,1,14295650.393750001,7569204,20.753684844,0.000000000,250.000000000,80.000000000,265503.000000000,0
long_four_chains,0,learned-sync,2,5,200000,4,0,0,0,1,5696001.653303942,7569204,20.753684844,0.000000000,65.789286176,49.219495313,265503.000000000,4
long_four_chains,0,seeded-sync,3,5,200000,4,0,0,0,1,14295650.393750001,7535276,20.753684844,0.000000000,250.000000000,80.000000000,265503.000000000,0
long_four_chains,0,learned-sync,3,5,200000,4,0,0,0,1,5696001.653303942,7535276,20.753684844,0.000000000,65.789286176,49.219495313,265503.000000000,4
long_four_chains,0,seeded-sync,4,5,200000,4,0,0,0,1,14295650.393750001,7521498,20.753684844,0.000000000,250.000000000,80.000000000,265503.000000000,0
long_four_chains,0,learned-sync,4,5,200000,4,0,0,0,1,5696001.653303942,7521498,20.753684844,0.000000000,65.789286176,49.219495313,265503.000000000,4
long_four_chains,0,seeded-sync,5,5,200000,4,0,0,0,1,14295650.393750001,7601054,20.753684844,0.000000000,250.000000000,80.000000000,265503.000000000,0
long_four_chains,0,learned-sync,5,5,200000,4,0,0,0,1,5696001.653303942,7601054,20.753684844,0.000000000,65.789286176,49.219495313,265503.000000000,4
long_four_chains,0,seeded-sync,6,5,200000,4,0,0,0,1,14295650.393750001,8306034,20.753684844,0.000000000,250.000000000,80.000000000,265503.000000000,0
long_four_chains,0,learned-sync,6,5,200000,4,0,0,0,1,5696001.653303942,8306034,20.753684844,0.000000000,65.789286176,49.219495313,265503.000000000,4
independent_after,1,seeded-sync,0,6,32768,4,0,16,1,1,2802608.114878654,1859897,20.668608665,106.874803066,250.000000000,80.000000000,303506.000000000,0
independent_after,1,learned-sync,0,6,32768,4,0,16,1,1,1746647.572231123,1859897,20.668608665,106.874803066,93.862235418,42.809214115,303506.000000000,4
independent_after,1,seeded-sync,1,6,32768,4,0,16,1,1,2802608.114878654,1825152,20.668608665,106.874803066,250.000000000,80.000000000,303506.000000000,0
independent_after,1,learned-sync,1,6,32768,4,0,16,1,1,1746647.572231123,1825152,20.668608665,106.874803066,93.862235418,42.809214115,303506.000000000,4
independent_after,1,seeded-sync,2,6,32768,4,0,16,1,1,2802608.114878654,1707602,20.668608665,106.874803066,250.000000000,80.000000000,303506.000000000,0
independent_after,1,learned-sync,2,6,32768,4,0,16,1,1,1746647.572231123,1707602,20.668608665,106.874803066,93.862235418,42.809214115,303506.000000000,4
independent_after,1,seeded-sync,3,6,32768,4,0,16,1,1,2802608.114878654,1846014,20.668608665,106.874803066,250.000000000,80.000000000,303506.000000000,0
independent_after,1,learned-sync,3,6,32768,4,0,16,1,1,1746647.572231123,1846014,20.668608665,106.874803066,93.862235418,42.809214115,303506.000000000,4
independent_after,1,seeded-sync,4,6,32768,4,0,16,1,1,2802608.114878654,1701569,20.668608665,106.874803066,250.000000000,80.000000000,303506.000000000,0
independent_after,1,learned-sync,4,6,32768,4,0,16,1,1,1746647.572231123,1701569,20.668608665,106.874803066,93.862235418,42.809214115,303506.000000000,4
independent_after,1,seeded-sync,5,6,32768,4,0,16,1,1,2802608.114878654,1800863,20.668608665,106.874803066,250.000000000,80.000000000,303506.000000000,0
independent_after,1,learned-sync,5,6,32768,4,0,16,1,1,1746647.572231123,1800863,20.668608665,106.874803066,93.862235418,42.809214115,303506.000000000,4
independent_after,1,seeded-sync,6,6,32768,4,0,16,1,1,2802608.114878654,1761731,20.668608665,106.874803066,250.000000000,80.000000000,303506.000000000,0
independent_after,1,learned-sync,6,6,32768,4,0,16,1,1,1746647.572231123,1761731,20.668608665,106.874803066,93.862235418,42.809214115,303506.000000000,4
short_four_chains,2,seeded-sync,0,4,20000,4,0,0,0,1,1948760.980468750,929361,20.642196094,0.000000000,250.000000000,80.000000000,195550.000000000,0
short_four_chains,2,learned-sync,0,4,20000,4,0,0,0,1,620847.993335386,929361,20.642196094,0.000000000,30.700366636,33.717035937,195550.000000000,4
short_four_chains,2,seeded-sync,1,4,20000,4,0,0,0,1,1948760.980468750,710328,20.642196094,0.000000000,250.000000000,80.000000000,195550.000000000,0
short_four_chains,2,learned-sync,1,4,20000,4,0,0,0,1,620847.993335386,710328,20.642196094,0.000000000,30.700366636,33.717035937,195550.000000000,4
short_four_chains,2,seeded-sync,2,4,20000,4,0,0,0,1,1948760.980468750,883515,20.642196094,0.000000000,250.000000000,80.000000000,195550.000000000,0
short_four_chains,2,learned-sync,2,4,20000,4,0,0,0,1,620847.993335386,883515,20.642196094,0.000000000,30.700366636,33.717035937,195550.000000000,4
short_four_chains,2,seeded-sync,3,4,20000,4,0,0,0,1,1948760.980468750,741902,20.642196094,0.000000000,250.000000000,80.000000000,195550.000000000,0
short_four_chains,2,learned-sync,3,4,20000,4,0,0,0,1,620847.993335386,741902,20.642196094,0.000000000,30.700366636,33.717035937,195550.000000000,4
short_four_chains,2,seeded-sync,4,4,20000,4,0,0,0,1,1948760.980468750,708712,20.642196094,0.000000000,250.000000000,80.000000000,195550.000000000,0
short_four_chains,2,learned-sync,4,4,20000,4,0,0,0,1,620847.993335386,708712,20.642196094,0.000000000,30.700366636,33.717035937,195550.000000000,4
short_four_chains,2,seeded-sync,5,4,20000,4,0,0,0,1,1948760.980468750,672078,20.642196094,0.000000000,250.000000000,80.000000000,195550.000000000,0
short_four_chains,2,learned-sync,5,4,20000,4,0,0,0,1,620847.993335386,672078,20.642196094,0.000000000,30.700366636,33.717035937,195550.000000000,4
short_four_chains,2,seeded-sync,6,4,20000,4,0,0,0,1,1948760.980468750,870805,20.642196094,0.000000000,250.000000000,80.000000000,195550.000000000,0
short_four_chains,2,learned-sync,6,4,20000,4,0,0,0,1,620847.993335386,870805,20.642196094,0.000000000,30.700366636,33.717035937,195550.000000000,4
uneven,2,seeded-sync,0,5,8193,3,4,8,0,1,965930.241236803,749635,39.308205175,61.583949332,250.000000000,80.000000000,259698.000000000,0
uneven,2,learned-sync,0,5,8193,3,4,8,0,1,802944.129330714,749635,39.308205175,61.583949332,178.993847299,51.563741532,259698.000000000,4
uneven,2,seeded-sync,1,5,8193,3,4,8,0,1,965930.241236803,709728,39.308205175,61.583949332,250.000000000,80.000000000,259698.000000000,0
uneven,2,learned-sync,1,5,8193,3,4,8,0,1,802944.129330714,709728,39.308205175,61.583949332,178.993847299,51.563741532,259698.000000000,4
uneven,2,seeded-sync,2,5,8193,3,4,8,0,1,965930.241236803,688627,39.308205175,61.583949332,250.000000000,80.000000000,259698.000000000,0
uneven,2,learned-sync,2,5,8193,3,4,8,0,1,802944.129330714,688627,39.308205175,61.583949332,178.993847299,51.563741532,259698.000000000,4
uneven,2,seeded-sync,3,5,8193,3,4,8,0,1,965930.241236803,797348,39.308205175,61.583949332,250.000000000,80.000000000,259698.000000000,0
uneven,2,learned-sync,3,5,8193,3,4,8,0,1,802944.129330714,797348,39.308205175,61.583949332,178.993847299,51.563741532,259698.000000000,4
uneven,2,seeded-sync,4,5,8193,3,4,8,0,1,965930.241236803,664988,39.308205175,61.583949332,250.000000000,80.000000000,259698.000000000,0
uneven,2,learned-sync,4,5,8193,3,4,8,0,1,802944.129330714,664988,39.308205175,61.583949332,178.993847299,51.563741532,259698.000000000,4
uneven,2,seeded-sync,5,5,8193,3,4,8,0,1,965930.241236803,684659,39.308205175,61.583949332,250.000000000,80.000000000,259698.000000000,0
uneven,2,learned-sync,5,5,8193,3,4,8,0,1,802944.129330714,684659,39.308205175,61.583949332,178.993847299,51.563741532,259698.000000000,4
uneven,2,seeded-sync,6,5,8193,3,4,8,0,1,965930.241236803,681289,39.308205175,61.583949332,250.000000000,80.000000000,259698.000000000,0
uneven,2,learned-sync,6,5,8193,3,4,8,0,1,802944.129330714,681289,39.308205175,61.583949332,178.993847299,51.563741532,259698.000000000,4
short_four_chains,2,seeded-sync,0,8,20000,4,0,0,0,1,1275756.837890625,1098757,20.729135156,0.000000000,250.000000000,80.000000000,398934.000000000,0
short_four_chains,2,learned-sync,0,8,20000,4,0,0,0,1,968255.155676057,1098757,20.729135156,0.000000000,159.061352114,47.937975000,398934.000000000,4
short_four_chains,2,seeded-sync,1,8,20000,4,0,0,0,1,1275756.837890625,1076788,20.729135156,0.000000000,250.000000000,80.000000000,398934.000000000,0
short_four_chains,2,learned-sync,1,8,20000,4,0,0,0,1,968255.155676057,1076788,20.729135156,0.000000000,159.061352114,47.937975000,398934.000000000,4
short_four_chains,2,seeded-sync,2,8,20000,4,0,0,0,1,1275756.837890625,1048170,20.729135156,0.000000000,250.000000000,80.000000000,398934.000000000,0
short_four_chains,2,learned-sync,2,8,20000,4,0,0,0,1,968255.155676057,1048170,20.729135156,0.000000000,159.061352114,47.937975000,398934.000000000,4
short_four_chains,2,seeded-sync,3,8,20000,4,0,0,0,1,1275756.837890625,1091813,20.729135156,0.000000000,250.000000000,80.000000000,398934.000000000,0
short_four_chains,2,learned-sync,3,8,20000,4,0,0,0,1,968255.155676057,1091813,20.729135156,0.000000000,159.061352114,47.937975000,398934.000000000,4
short_four_chains,2,seeded-sync,4,8,20000,4,0,0,0,1,1275756.837890625,1077189,20.729135156,0.000000000,250.000000000,80.000000000,398934.000000000,0
short_four_chains,2,learned-sync,4,8,20000,4,0,0,0,1,968255.155676057,1077189,20.729135156,0.000000000,159.061352114,47.937975000,398934.000000000,4
short_four_chains,2,seeded-sync,5,8,20000,4,0,0,0,1,1275756.837890625,1089246,20.729135156,0.000000000,250.000000000,80.000000000,398934.000000000,0
short_four_chains,2,learned-sync,5,8,20000,4,0,0,0,1,968255.155676057,1089246,20.729135156,0.000000000,159.061352114,47.937975000,398934.000000000,4
short_four_chains,2,seeded-sync,6,8,20000,4,0,0,0,1,1275756.837890625,1040125,20.729135156,0.000000000,250.000000000,80.000000000,398934.000000000,0
short_four_chains,2,learned-sync,6,8,20000,4,0,0,0,1,968255.155676057,1040125,20.729135156,0.000000000,159.061352114,47.937975000,398934.000000000,4
short_many_chains,0,seeded-sync,0,7,20000,64,0,0,0,1,1354529.877504687,830259,20.547192969,0.000000000,250.000000000,80.000000000,352666.000000000,0
short_many_chains,0,learned-sync,0,7,20000,64,0,0,0,1,834372.672889800,830259,20.547192969,0.000000000,102.703245699,45.296332812,352666.000000000,4
short_many_chains,0,seeded-sync,1,7,20000,64,0,0,0,1,1354529.877504687,861250,20.547192969,0.000000000,250.000000000,80.000000000,352666.000000000,0
short_many_chains,0,learned-sync,1,7,20000,64,0,0,0,1,834372.672889800,861250,20.547192969,0.000000000,102.703245699,45.296332812,352666.000000000,4
short_many_chains,0,seeded-sync,2,7,20000,64,0,0,0,1,1354529.877504687,967376,20.547192969,0.000000000,250.000000000,80.000000000,352666.000000000,0
short_many_chains,0,learned-sync,2,7,20000,64,0,0,0,1,834372.672889800,967376,20.547192969,0.000000000,102.703245699,45.296332812,352666.000000000,4
short_many_chains,0,seeded-sync,3,7,20000,64,0,0,0,1,1354529.877504687,871041,20.547192969,0.000000000,250.000000000,80.000000000,352666.000000000,0
short_many_chains,0,learned-sync,3,7,20000,64,0,0,0,1,834372.672889800,871041,20.547192969,0.000000000,102.703245699,45.296332812,352666.000000000,4
short_many_chains,0,seeded-sync,4,7,20000,64,0,0,0,1,1354529.877504687,888239,20.547192969,0.000000000,250.000000000,80.000000000,352666.000000000,0
short_many_chains,0,learned-sync,4,7,20000,64,0,0,0,1,834372.672889800,888239,20.547192969,0.000000000,102.703245699,45.296332812,352666.000000000,4
short_many_chains,0,seeded-sync,5,7,20000,64,0,0,0,1,1354529.877504687,901754,20.547192969,0.000000000,250.000000000,80.000000000,352666.000000000,0
short_many_chains,0,learned-sync,5,7,20000,64,0,0,0,1,834372.672889800,901754,20.547192969,0.000000000,102.703245699,45.296332812,352666.000000000,4
short_many_chains,0,seeded-sync,6,7,20000,64,0,0,0,1,1354529.877504687,910194,20.547192969,0.000000000,250.000000000,80.000000000,352666.000000000,0
short_many_chains,0,learned-sync,6,7,20000,64,0,0,0,1,834372.672889800,910194,20.547192969,0.000000000,102.703245699,45.296332812,352666.000000000,4
short_four_chains,2,seeded-sync,0,6,20000,4,0,0,0,1,1493057.455628125,1119250,21.660004687,0.000000000,250.000000000,80.000000000,320623.000000000,0
short_four_chains,2,learned-sync,0,6,20000,4,0,0,0,1,878500.888494508,1119250,21.660004687,0.000000000,98.729403693,46.940492187,320623.000000000,4
short_four_chains,2,seeded-sync,1,6,20000,4,0,0,0,1,1493057.455628125,958712,21.660004687,0.000000000,250.000000000,80.000000000,320623.000000000,0
short_four_chains,2,learned-sync,1,6,20000,4,0,0,0,1,878500.888494508,958712,21.660004687,0.000000000,98.729403693,46.940492187,320623.000000000,4
short_four_chains,2,seeded-sync,2,6,20000,4,0,0,0,1,1493057.455628125,953422,21.660004687,0.000000000,250.000000000,80.000000000,320623.000000000,0
short_four_chains,2,learned-sync,2,6,20000,4,0,0,0,1,878500.888494508,953422,21.660004687,0.000000000,98.729403693,46.940492187,320623.000000000,4
short_four_chains,2,seeded-sync,3,6,20000,4,0,0,0,1,1493057.455628125,1026308,21.660004687,0.000000000,250.000000000,80.000000000,320623.000000000,0
short_four_chains,2,learned-sync,3,6,20000,4,0,0,0,1,878500.888494508,1026308,21.660004687,0.000000000,98.729403693,46.940492187,320623.000000000,4
short_four_chains,2,seeded-sync,4,6,20000,4,0,0,0,1,1493057.455628125,957298,21.660004687,0.000000000,250.000000000,80.000000000,320623.000000000,0
short_four_chains,2,learned-sync,4,6,20000,4,0,0,0,1,878500.888494508,957298,21.660004687,0.000000000,98.729403693,46.940492187,320623.000000000,4
short_four_chains,2,seeded-sync,5,6,20000,4,0,0,0,1,1493057.455628125,1078845,21.660004687,0.000000000,250.000000000,80.000000000,320623.000000000,0
short_four_chains,2,learned-sync,5,6,20000,4,0,0,0,1,878500.888494508,1078845,21.660004687,0.000000000,98.729403693,46.940492187,320623.000000000,4
short_four_chains,2,seeded-sync,6,6,20000,4,0,0,0,1,1493057.455628125,1007524,21.660004687,0.000000000,250.000000000,80.000000000,320623.000000000,0
short_four_chains,2,learned-sync,6,6,20000,4,0,0,0,1,878500.888494508,1007524,21.660004687,0.000000000,98.729403693,46.940492187,320623.000000000,4
dependent_compute,1,seeded-sync,0,2,32768,1,16,0,0,1,7394968.046875000,7175062,111.378909111,0.000000000,250.000000000,80.000000000,163416.000000000,0
dependent_compute,1,learned-sync,0,2,32768,1,16,0,0,1,6086986.973920980,7175062,111.378909111,0.000000000,205.104091960,45.063078880,163416.000000000,4
dependent_compute,1,seeded-sync,1,2,32768,1,16,0,0,1,7394968.046875000,7109395,111.378909111,0.000000000,250.000000000,80.000000000,163416.000000000,0
dependent_compute,1,learned-sync,1,2,32768,1,16,0,0,1,6086986.973920980,7109395,111.378909111,0.000000000,205.104091960,45.063078880,163416.000000000,4
dependent_compute,1,seeded-sync,2,2,32768,1,16,0,0,1,7394968.046875000,7127202,111.378909111,0.000000000,250.000000000,80.000000000,163416.000000000,0
dependent_compute,1,learned-sync,2,2,32768,1,16,0,0,1,6086986.973920980,7127202,111.378909111,0.000000000,205.104091960,45.063078880,163416.000000000,4
dependent_compute,1,seeded-sync,3,2,32768,1,16,0,0,1,7394968.046875000,7244856,111.378909111,0.000000000,250.000000000,80.000000000,163416.000000000,0
dependent_compute,1,learned-sync,3,2,32768,1,16,0,0,1,6086986.973920980,7244856,111.378909111,0.000000000,205.104091960,45.063078880,163416.000000000,4
dependent_compute,1,seeded-sync,4,2,32768,1,16,0,0,1,7394968.046875000,7013949,111.378909111,0.000000000,250.000000000,80.000000000,163416.000000000,0
dependent_compute,1,learned-sync,4,2,32768,1,16,0,0,1,6086986.973920980,7013949,111.378909111,0.000000000,205.104091960,45.063078880,163416.000000000,4
dependent_compute,1,seeded-sync,5,2,32768,1,16,0,0,1,7394968.046875000,7040352,111.378909111,0.000000000,250.000000000,80.000000000,163416.000000000,0
dependent_compute,1,learned-sync,5,2,32768,1,16,0,0,1,6086986.973920980,7040352,111.378909111,0.000000000,205.104091960,45.063078880,163416.000000000,4
dependent_compute,1,seeded-sync,6,2,32768,1,16,0,0,1,7394968.046875000,6891189,111.378909111,0.000000000,250.000000000,80.000000000,163416.000000000,0
dependent_compute,1,learned-sync,6,2,32768,1,16,0,0,1,6086986.973920980,6891189,111.378909111,0.000000000,205.104091960,45.063078880,163416.000000000,4
independent_after,0,seeded-sync,0,2,32768,4,0,16,1,1,7673220.648437500,3232127,20.742909908,107.897205353,250.000000000,80.000000000,158861.000000000,0
independent_after,0,learned-sync,0,2,32768,4,0,16,1,1,3178785.439575449,3232127,20.742909908,107.897205353,28.161193974,27.520250797,158861.000000000,4
independent_after,0,seeded-sync,1,2,32768,4,0,16,1,1,7673220.648437500,3252653,20.742909908,107.897205353,250.000000000,80.000000000,158861.000000000,0
independent_after,0,learned-sync,1,2,32768,4,0,16,1,1,3178785.439575449,3252653,20.742909908,107.897205353,28.161193974,27.520250797,158861.000000000,4
independent_after,0,seeded-sync,2,2,32768,4,0,16,1,1,7673220.648437500,3360745,20.742909908,107.897205353,250.000000000,80.000000000,158861.000000000,0
independent_after,0,learned-sync,2,2,32768,4,0,16,1,1,3178785.439575449,3360745,20.742909908,107.897205353,28.161193974,27.520250797,158861.000000000,4
independent_after,0,seeded-sync,3,2,32768,4,0,16,1,1,7673220.648437500,3379573,20.742909908,107.897205353,250.000000000,80.000000000,158861.000000000,0
independent_after,0,learned-sync,3,2,32768,4,0,16,1,1,3178785.439575449,3379573,20.742909908,107.897205353,28.161193974,27.520250797,158861.000000000,4
independent_after,0,seeded-sync,4,2,32768,4,0,16,1,1,7673220.648437500,3316296,20.742909908,107.897205353,250.000000000,80.000000000,158861.000000000,0
independent_after,0,learned-sync,4,2,32768,4,0,16,1,1,3178785.439575449,3316296,20.742909908,107.897205353,28.161193974,27.520250797,158861.000000000,4
independent_after,0,seeded-sync,5,2,32768,4,0,16,1,1,7673220.648437500,3080118,20.742909908,107.897205353,250.000000000,80.000000000,158861.000000000,0
independent_after,0,learned-sync,5,2,32768,4,0,16,1,1,3178785.439575449,3080118,20.742909908,107.897205353,28.161193974,27.520250797,158861.000000000,4
independent_after,0,seeded-sync,6,2,32768,4,0,16,1,1,7673220.648437500,3330375,20.742909908,107.897205353,250.000000000,80.000000000,158861.000000000,0
independent_after,0,learned-sync,6,2,32768,4,0,16,1,1,3178785.439575449,3330375,20.742909908,107.897205353,28.161193974,27.520250797,158861.000000000,4
long_many_chains,1,seeded-sync,0,2,200000,64,0,0,0,1,35246013.953125000,9600823,20.801369531,0.000000000,250.000000000,80.000000000,165877.000000000,0
long_many_chains,1,learned-sync,0,2,200000,64,0,0,0,1,7536817.779571963,9600823,20.801369531,0.000000000,25.631295218,27.276743047,165877.000000000,4
long_many_chains,1,seeded-sync,1,2,200000,64,0,0,0,1,35246013.953125000,10434380,20.801369531,0.000000000,250.000000000,80.000000000,165877.000000000,0
long_many_chains,1,learned-sync,1,2,200000,64,0,0,0,1,7536817.779571963,10434380,20.801369531,0.000000000,25.631295218,27.276743047,165877.000000000,4
long_many_chains,1,seeded-sync,2,2,200000,64,0,0,0,1,35246013.953125000,9734189,20.801369531,0.000000000,250.000000000,80.000000000,165877.000000000,0
long_many_chains,1,learned-sync,2,2,200000,64,0,0,0,1,7536817.779571963,9734189,20.801369531,0.000000000,25.631295218,27.276743047,165877.000000000,4
long_many_chains,1,seeded-sync,3,2,200000,64,0,0,0,1,35246013.953125000,12378940,20.801369531,0.000000000,250.000000000,80.000000000,165877.000000000,0
long_many_chains,1,learned-sync,3,2,200000,64,0,0,0,1,7536817.779571963,12378940,20.801369531,0.000000000,25.631295218,27.276743047,165877.000000000,4
long_many_chains,1,seeded-sync,4,2,200000,64,0,0,0,1,35246013.953125000,10705761,20.801369531,0.000000000,250.000000000,80.000000000,165877.000000000,0
long_many_chains,1,learned-sync,4,2,200000,64,0,0,0,1,7536817.779571963,10705761,20.801369531,0.000000000,25.631295218,27.276743047,165877.000000000,4
long_many_chains,1,seeded-sync,5,2,200000,64,0,0,0,1,35246013.953125000,10274352,20.801369531,0.000000000,250.000000000,80.000000000,165877.000000000,0
long_many_chains,1,learned-sync,5,2,200000,64,0,0,0,1,7536817.779571963,10274352,20.801369531,0.000000000,25.631295218,27.276743047,165877.000000000,4
long_many_chains,1,seeded-sync,6,2,200000,64,0,0,0,1,35246013.953125000,9454525,20.801369531,0.000000000,250.000000000,80.000000000,165877.000000000,0
long_many_chains,1,learned-sync,6,2,200000,64,0,0,0,1,7536817.779571963,9454525,20.801369531,0.000000000,25.631295218,27.276743047,165877.000000000,4
short_four_chains,1,seeded-sync,0,8,20000,4,0,0,0,1,1288833.597656250,1064279,20.596639062,0.000000000,250.000000000,80.000000000,412342.000000000,0
short_four_chains,1,learned-sync,0,8,20000,4,0,0,0,1,972004.000814616,1064279,20.596639062,0.000000000,156.130535482,47.137625781,412342.000000000,4
short_four_chains,1,seeded-sync,1,8,20000,4,0,0,0,1,1288833.597656250,1343320,20.596639062,0.000000000,250.000000000,80.000000000,412342.000000000,0
short_four_chains,1,learned-sync,1,8,20000,4,0,0,0,1,972004.000814616,1343320,20.596639062,0.000000000,156.130535482,47.137625781,412342.000000000,4
short_four_chains,1,seeded-sync,2,8,20000,4,0,0,0,1,1288833.597656250,1087781,20.596639062,0.000000000,250.000000000,80.000000000,412342.000000000,0
short_four_chains,1,learned-sync,2,8,20000,4,0,0,0,1,972004.000814616,1087781,20.596639062,0.000000000,156.130535482,47.137625781,412342.000000000,4
short_four_chains,1,seeded-sync,3,8,20000,4,0,0,0,1,1288833.597656250,1058049,20.596639062,0.000000000,250.000000000,80.000000000,412342.000000000,0
short_four_chains,1,learned-sync,3,8,20000,4,0,0,0,1,972004.000814616,1058049,20.596639062,0.000000000,156.130535482,47.137625781,412342.000000000,4
short_four_chains,1,seeded-sync,4,8,20000,4,0,0,0,1,1288833.597656250,1270248,20.596639062,0.000000000,250.000000000,80.000000000,412342.000000000,0
short_four_chains,1,learned-sync,4,8,20000,4,0,0,0,1,972004.000814616,1270248,20.596639062,0.000000000,156.130535482,47.137625781,412342.000000000,4
short_four_chains,1,seeded-sync,5,8,20000,4,0,0,0,1,1288833.597656250,1138668,20.596639062,0.000000000,250.000000000,80.000000000,412342.000000000,0
short_four_chains,1,learned-sync,5,8,20000,4,0,0,0,1,972004.000814616,1138668,20.596639062,0.000000000,156.130535482,47.137625781,412342.000000000,4
short_four_chains,1,seeded-sync,6,8,20000,4,0,0,0,1,1288833.597656250,1151608,20.596639062,0.000000000,250.000000000,80.000000000,412342.000000000,0
short_four_chains,1,learned-sync,6,8,20000,4,0,0,0,1,972004.000814616,1151608,20.596639062,0.000000000,156.130535482,47.137625781,412342.000000000,4
short_chain,2,seeded-sync,0,5,20000,1,0,0,0,1,1679446.696875000,3324240,20.822674219,0.000000000,250.000000000,80.000000000,276156.000000000,0
short_chain,2,learned-sync,0,5,20000,1,0,0,0,1,3066706.665362800,3324240,20.822674219,0.000000000,630.483063997,46.331928125,276156.000000000,4
short_chain,2,seeded-sync,1,5,20000,1,0,0,0,1,1679446.696875000,3188468,20.822674219,0.000000000,250.000000000,80.000000000,276156.000000000,0
short_chain,2,learned-sync,1,5,20000,1,0,0,0,1,3066706.665362800,3188468,20.822674219,0.000000000,630.483063997,46.331928125,276156.000000000,4
short_chain,2,seeded-sync,2,5,20000,1,0,0,0,1,1679446.696875000,3284254,20.822674219,0.000000000,250.000000000,80.000000000,276156.000000000,0
short_chain,2,learned-sync,2,5,20000,1,0,0,0,1,3066706.665362800,3284254,20.822674219,0.000000000,630.483063997,46.331928125,276156.000000000,4
short_chain,2,seeded-sync,3,5,20000,1,0,0,0,1,1679446.696875000,3329962,20.822674219,0.000000000,250.000000000,80.000000000,276156.000000000,0
short_chain,2,learned-sync,3,5,20000,1,0,0,0,1,3066706.665362800,3329962,20.822674219,0.000000000,630.483063997,46.331928125,276156.000000000,4
short_chain,2,seeded-sync,4,5,20000,1,0,0,0,1,1679446.696875000,3278285,20.822674219,0.000000000,250.000000000,80.000000000,276156.000000000,0
short_chain,2,learned-sync,4,5,20000,1,0,0,0,1,3066706.665362800,3278285,20.822674219,0.000000000,630.483063997,46.331928125,276156.000000000,4
short_chain,2,seeded-sync,5,5,20000,1,0,0,0,1,1679446.696875000,3213373,20.822674219,0.000000000,250.000000000,80.000000000,276156.000000000,0
short_chain,2,learned-sync,5,5,20000,1,0,0,0,1,3066706.665362800,3213373,20.822674219,0.000000000,630.483063997,46.331928125,276156.000000000,4
short_chain,2,seeded-sync,6,5,20000,1,0,0,0,1,1679446.696875000,3341331,20.822674219,0.000000000,250.000000000,80.000000000,276156.000000000,0
short_chain,2,learned-sync,6,5,20000,1,0,0,0,1,3066706.665362800,3341331,20.822674219,0.000000000,630.483063997,46.331928125,276156.000000000,4
large_arrays,2,seeded-sync,0,3,1000000,64,0,0,0,1,117119929.745048508,40655741,20.742572750,0.000000000,250.000000000,80.000000000,205505.000000000,0
large_arrays,2,learned-sync,0,3,1000000,64,0,0,0,1,31844657.122896418,40655741,20.742572750,0.000000000,35.130172362,39.044521422,205505.000000000,4
large_arrays,2,seeded-sync,1,3,1000000,64,0,0,0,1,117119929.745048508,39405564,20.742572750,0.000000000,250.000000000,80.000000000,205505.000000000,0
large_arrays,2,learned-sync,1,3,1000000,64,0,0,0,1,31844657.122896418,39405564,20.742572750,0.000000000,35.130172362,39.044521422,205505.000000000,4
large_arrays,2,seeded-sync,2,3,1000000,64,0,0,0,1,117119929.745048508,40401056,20.742572750,0.000000000,250.000000000,80.000000000,205505.000000000,0
large_arrays,2,learned-sync,2,3,1000000,64,0,0,0,1,31844657.122896418,40401056,20.742572750,0.000000000,35.130172362,39.044521422,205505.000000000,4
large_arrays,2,seeded-sync,3,3,1000000,64,0,0,0,1,117119929.745048508,48254299,20.742572750,0.000000000,250.000000000,80.000000000,205505.000000000,0
large_arrays,2,learned-sync,3,3,1000000,64,0,0,0,1,31844657.122896418,48254299,20.742572750,0.000000000,35.130172362,39.044521422,205505.000000000,4
large_arrays,2,seeded-sync,4,3,1000000,64,0,0,0,1,117119929.745048508,46984420,20.742572750,0.000000000,250.000000000,80.000000000,205505.000000000,0
large_arrays,2,learned-sync,4,3,1000000,64,0,0,0,1,31844657.122896418,46984420,20.742572750,0.000000000,35.130172362,39.044521422,205505.000000000,4
large_arrays,2,seeded-sync,5,3,1000000,64,0,0,0,1,117119929.745048508,39355539,20.742572750,0.000000000,250.000000000,80.000000000,205505.000000000,0
large_arrays,2,learned-sync,5,3,1000000,64,0,0,0,1,31844657.122896418,39355539,20.742572750,0.000000000,35.130172362,39.044521422,205505.000000000,4
large_arrays,2,seeded-sync,6,3,1000000,64,0,0,0,1,117119929.745048508,40287366,20.742572750,0.000000000,250.000000000,80.000000000,205505.000000000,0
large_arrays,2,learned-sync,6,3,1000000,64,0,0,0,1,31844657.122896418,40287366,20.742572750,0.000000000,35.130172362,39.044521422,205505.000000000,4
short_chain,1,seeded-sync,0,4,20000,1,0,0,0,1,1965877.464843750,3043990,21.284692969,0.000000000,250.000000000,80.000000000,209454.000000000,0
short_chain,1,learned-sync,0,4,20000,1,0,0,0,1,2754335.403428765,3043990,21.284692969,0.000000000,438.082465061,49.609122656,209454.000000000,4
short_chain,1,seeded-sync,1,4,20000,1,0,0,0,1,1965877.464843750,2892869,21.284692969,0.000000000,250.000000000,80.000000000,209454.000000000,0
short_chain,1,learned-sync,1,4,20000,1,0,0,0,1,2754335.403428765,2892869,21.284692969,0.000000000,438.082465061,49.609122656,209454.000000000,4
short_chain,1,seeded-sync,2,4,20000,1,0,0,0,1,1965877.464843750,3077730,21.284692969,0.000000000,250.000000000,80.000000000,209454.000000000,0
short_chain,1,learned-sync,2,4,20000,1,0,0,0,1,2754335.403428765,3077730,21.284692969,0.000000000,438.082465061,49.609122656,209454.000000000,4
short_chain,1,seeded-sync,3,4,20000,1,0,0,0,1,1965877.464843750,2881720,21.284692969,0.000000000,250.000000000,80.000000000,209454.000000000,0
short_chain,1,learned-sync,3,4,20000,1,0,0,0,1,2754335.403428765,2881720,21.284692969,0.000000000,438.082465061,49.609122656,209454.000000000,4
short_chain,1,seeded-sync,4,4,20000,1,0,0,0,1,1965877.464843750,2862708,21.284692969,0.000000000,250.000000000,80.000000000,209454.000000000,0
short_chain,1,learned-sync,4,4,20000,1,0,0,0,1,2754335.403428765,2862708,21.284692969,0.000000000,438.082465061,49.609122656,209454.000000000,4
short_chain,1,seeded-sync,5,4,20000,1,0,0,0,1,1965877.464843750,3367605,21.284692969,0.000000000,250.000000000,80.000000000,209454.000000000,0
short_chain,1,learned-sync,5,4,20000,1,0,0,0,1,2754335.403428765,3367605,21.284692969,0.000000000,438.082465061,49.609122656,209454.000000000,4
short_chain,1,seeded-sync,6,4,20000,1,0,0,0,1,1965877.464843750,3116900,21.284692969,0.000000000,250.000000000,80.000000000,209454.000000000,0
short_chain,1,learned-sync,6,4,20000,1,0,0,0,1,2754335.403428765,3116900,21.284692969,0.000000000,438.082465061,49.609122656,209454.000000000,4
two_streams,0,seeded-sync,0,4,32768,4,0,0,0,2,5839362.656250000,2023708,21.050739288,0.000000000,250.000000000,80.000000000,260195.000000000,0
two_streams,0,learned-sync,0,4,32768,4,0,0,0,2,1431460.158048372,2023708,21.050739288,0.000000000,28.944258561,32.018723726,260195.000000000,4
two_streams,0,seeded-sync,1,4,32768,4,0,0,0,2,5839362.656250000,1830233,21.050739288,0.000000000,250.000000000,80.000000000,260195.000000000,0
two_streams,0,learned-sync,1,4,32768,4,0,0,0,2,1431460.158048372,1830233,21.050739288,0.000000000,28.944258561,32.018723726,260195.000000000,4
two_streams,0,seeded-sync,2,4,32768,4,0,0,0,2,5839362.656250000,2469479,21.050739288,0.000000000,250.000000000,80.000000000,260195.000000000,0
two_streams,0,learned-sync,2,4,32768,4,0,0,0,2,1431460.158048372,2469479,21.050739288,0.000000000,28.944258561,32.018723726,260195.000000000,4
two_streams,0,seeded-sync,3,4,32768,4,0,0,0,2,5839362.656250000,1832768,21.050739288,0.000000000,250.000000000,80.000000000,260195.000000000,0
two_streams,0,learned-sync,3,4,32768,4,0,0,0,2,1431460.158048372,1832768,21.050739288,0.000000000,28.944258561,32.018723726,260195.000000000,4
two_streams,0,seeded-sync,4,4,32768,4,0,0,0,2,5839362.656250000,2011219,21.050739288,0.000000000,250.000000000,80.000000000,260195.000000000,0
two_streams,0,learned-sync,4,4,32768,4,0,0,0,2,1431460.158048372,2011219,21.050739288,0.000000000,28.944258561,32.018723726,260195.000000000,4
two_streams,0,seeded-sync,5,4,32768,4,0,0,0,2,5839362.656250000,1907789,21.050739288,0.000000000,250.000000000,80.000000000,260195.000000000,0
two_streams,0,learned-sync,5,4,32768,4,0,0,0,2,1431460.158048372,1907789,21.050739288,0.000000000,28.944258561,32.018723726,260195.000000000,4
two_streams,0,seeded-sync,6,4,32768,4,0,0,0,2,5839362.656250000,2043233,21.050739288,0.000000000,250.000000000,80.000000000,260195.000000000,0
two_streams,0,learned-sync,6,4,32768,4,0,0,0,2,1431460.158048372,2043233,21.050739288,0.000000000,28.944258561,32.018723726,260195.000000000,4
tiny_chain,0,seeded-sync,0,2,257,1,0,0,0,1,194098.952456226,184015,20.123662451,0.000000000,250.000000000,80.000000000,148933.000000000,0
tiny_chain,0,learned-sync,0,2,257,1,0,0,0,1,192467.555910578,184015,20.123662451,0.000000000,272.212768555,45.140746595,148933.000000000,4
tiny_chain,0,seeded-sync,1,2,257,1,0,0,0,1,194098.952456226,188828,20.123662451,0.000000000,250.000000000,80.000000000,148933.000000000,0
tiny_chain,0,learned-sync,1,2,257,1,0,0,0,1,192467.555910578,188828,20.123662451,0.000000000,272.212768555,45.140746595,148933.000000000,4
tiny_chain,0,seeded-sync,2,2,257,1,0,0,0,1,194098.952456226,191655,20.123662451,0.000000000,250.000000000,80.000000000,148933.000000000,0
tiny_chain,0,learned-sync,2,2,257,1,0,0,0,1,192467.555910578,191655,20.123662451,0.000000000,272.212768555,45.140746595,148933.000000000,4
tiny_chain,0,seeded-sync,3,2,257,1,0,0,0,1,194098.952456226,178616,20.123662451,0.000000000,250.000000000,80.000000000,148933.000000000,0
tiny_chain,0,learned-sync,3,2,257,1,0,0,0,1,192467.555910578,178616,20.123662451,0.000000000,272.212768555,45.140746595,148933.000000000,4
tiny_chain,0,seeded-sync,4,2,257,1,0,0,0,1,194098.952456226,198801,20.123662451,0.000000000,250.000000000,80.000000000,148933.000000000,0
tiny_chain,0,learned-sync,4,2,257,1,0,0,0,1,192467.555910578,198801,20.123662451,0.000000000,272.212768555,45.140746595,148933.000000000,4
tiny_chain,0,seeded-sync,5,2,257,1,0,0,0,1,194098.952456226,166153,20.123662451,0.000000000,250.000000000,80.000000000,148933.000000000,0
tiny_chain,0,learned-sync,5,2,257,1,0,0,0,1,192467.555910578,166153,20.123662451,0.000000000,272.212768555,45.140746595,148933.000000000,4
tiny_chain,0,seeded-sync,6,2,257,1,0,0,0,1,194098.952456226,182776,20.123662451,0.000000000,250.000000000,80.000000000,148933.000000000,0
tiny_chain,0,learned-sync,6,2,257,1,0,0,0,1,192467.555910578,182776,20.123662451,0.000000000,272.212768555,45.140746595,148933.000000000,4
independent_before,2,seeded-sync,0,4,32768,4,0,16,0,1,3954600.265625000,1970489,20.819429874,107.277648449,250.000000000,80.000000000,201869.000000000,0
independent_before,2,learned-sync,0,4,32768,4,0,16,0,1,1756674.165297182,1970489,20.819429874,107.277648449,33.434828432,28.263645649,201869.000000000,4
independent_before,2,seeded-sync,1,4,32768,4,0,16,0,1,3954600.265625000,1751648,20.819429874,107.277648449,250.000000000,80.000000000,201869.000000000,0
independent_before,2,learned-sync,1,4,32768,4,0,16,0,1,1756674.165297182,1751648,20.819429874,107.277648449,33.434828432,28.263645649,201869.000000000,4
independent_before,2,seeded-sync,2,4,32768,4,0,16,0,1,3954600.265625000,2004871,20.819429874,107.277648449,250.000000000,80.000000000,201869.000000000,0
independent_before,2,learned-sync,2,4,32768,4,0,16,0,1,1756674.165297182,2004871,20.819429874,107.277648449,33.434828432,28.263645649,201869.000000000,4
independent_before,2,seeded-sync,3,4,32768,4,0,16,0,1,3954600.265625000,1945526,20.819429874,107.277648449,250.000000000,80.000000000,201869.000000000,0
independent_before,2,learned-sync,3,4,32768,4,0,16,0,1,1756674.165297182,1945526,20.819429874,107.277648449,33.434828432,28.263645649,201869.000000000,4
independent_before,2,seeded-sync,4,4,32768,4,0,16,0,1,3954600.265625000,1691751,20.819429874,107.277648449,250.000000000,80.000000000,201869.000000000,0
independent_before,2,learned-sync,4,4,32768,4,0,16,0,1,1756674.165297182,1691751,20.819429874,107.277648449,33.434828432,28.263645649,201869.000000000,4
independent_before,2,seeded-sync,5,4,32768,4,0,16,0,1,3954600.265625000,1728128,20.819429874,107.277648449,250.000000000,80.000000000,201869.000000000,0
independent_before,2,learned-sync,5,4,32768,4,0,16,0,1,1756674.165297182,1728128,20.819429874,107.277648449,33.434828432,28.263645649,201869.000000000,4
independent_before,2,seeded-sync,6,4,32768,4,0,16,0,1,3954600.265625000,2074944,20.819429874,107.277648449,250.000000000,80.000000000,201869.000000000,0
independent_before,2,learned-sync,6,4,32768,4,0,16,0,1,1756674.165297182,2074944,20.819429874,107.277648449,33.434828432,28.263645649,201869.000000000,4
independent_before,1,seeded-sync,0,5,32768,4,0,16,0,1,3394476.579703331,2347536,20.912695885,106.388124943,250.000000000,80.000000000,397327.000000000,0
independent_before,1,learned-sync,0,5,32768,4,0,16,0,1,2087711.008431282,2347536,20.912695885,106.388124943,86.950782490,43.664784908,397327.000000000,4
independent_before,1,seeded-sync,1,5,32768,4,0,16,0,1,3394476.579703331,2415607,20.912695885,106.388124943,250.000000000,80.000000000,397327.000000000,0
independent_before,1,learned-sync,1,5,32768,4,0,16,0,1,2087711.008431282,2415607,20.912695885,106.388124943,86.950782490,43.664784908,397327.000000000,4
independent_before,1,seeded-sync,2,5,32768,4,0,16,0,1,3394476.579703331,2129350,20.912695885,106.388124943,250.000000000,80.000000000,397327.000000000,0
independent_before,1,learned-sync,2,5,32768,4,0,16,0,1,2087711.008431282,2129350,20.912695885,106.388124943,86.950782490,43.664784908,397327.000000000,4
independent_before,1,seeded-sync,3,5,32768,4,0,16,0,1,3394476.579703331,2348831,20.912695885,106.388124943,250.000000000,80.000000000,397327.000000000,0
independent_before,1,learned-sync,3,5,32768,4,0,16,0,1,2087711.008431282,2348831,20.912695885,106.388124943,86.950782490,43.664784908,397327.000000000,4
independent_before,1,seeded-sync,4,5,32768,4,0,16,0,1,3394476.579703331,2323272,20.912695885,106.388124943,250.000000000,80.000000000,397327.000000000,0
independent_before,1,learned-sync,4,5,32768,4,0,16,0,1,2087711.008431282,2323272,20.912695885,106.388124943,86.950782490,43.664784908,397327.000000000,4
independent_before,1,seeded-sync,5,5,32768,4,0,16,0,1,3394476.579703331,2367567,20.912695885,106.388124943,250.000000000,80.000000000,397327.000000000,0
independent_before,1,learned-sync,5,5,32768,4,0,16,0,1,2087711.008431282,2367567,20.912695885,106.388124943,86.950782490,43.664784908,397327.000000000,4
independent_before,1,seeded-sync,6,5,32768,4,0,16,0,1,3394476.579703331,2126208,20.912695885,106.388124943,250.000000000,80.000000000,397327.000000000,0
independent_before,1,learned-sync,6,5,32768,4,0,16,0,1,2087711.008431282,2126208,20.912695885,106.388124943,86.950782490,43.664784908,397327.000000000,4
short_many_chains,0,seeded-sync,0,3,20000,64,0,0,0,1,2552655.394618750,974875,20.058856250,0.000000000,250.000000000,80.000000000,218813.000000000,0
short_many_chains,0,learned-sync,0,3,20000,64,0,0,0,1,875596.166786795,974875,20.058856250,0.000000000,39.490532203,38.963160937,218813.000000000,4
short_many_chains,0,seeded-sync,1,3,20000,64,0,0,0,1,2552655.394618750,946000,20.058856250,0.000000000,250.000000000,80.000000000,218813.000000000,0
short_many_chains,0,learned-sync,1,3,20000,64,0,0,0,1,875596.166786795,946000,20.058856250,0.000000000,39.490532203,38.963160937,218813.000000000,4
short_many_chains,0,seeded-sync,2,3,20000,64,0,0,0,1,2552655.394618750,1146107,20.058856250,0.000000000,250.000000000,80.000000000,218813.000000000,0
short_many_chains,0,learned-sync,2,3,20000,64,0,0,0,1,875596.166786795,1146107,20.058856250,0.000000000,39.490532203,38.963160937,218813.000000000,4
short_many_chains,0,seeded-sync,3,3,20000,64,0,0,0,1,2552655.394618750,1227751,20.058856250,0.000000000,250.000000000,80.000000000,218813.000000000,0
short_many_chains,0,learned-sync,3,3,20000,64,0,0,0,1,875596.166786795,1227751,20.058856250,0.000000000,39.490532203,38.963160937,218813.000000000,4
short_many_chains,0,seeded-sync,4,3,20000,64,0,0,0,1,2552655.394618750,1158229,20.058856250,0.000000000,250.000000000,80.000000000,218813.000000000,0
short_many_chains,0,learned-sync,4,3,20000,64,0,0,0,1,875596.166786795,1158229,20.058856250,0.000000000,39.490532203,38.963160937,218813.000000000,4
short_many_chains,0,seeded-sync,5,3,20000,64,0,0,0,1,2552655.394618750,1045398,20.058856250,0.000000000,250.000000000,80.000000000,218813.000000000,0
short_many_chains,0,learned-sync,5,3,20000,64,0,0,0,1,875596.166786795,1045398,20.058856250,0.000000000,39.490532203,38.963160937,218813.000000000,4
short_many_chains,0,seeded-sync,6,3,20000,64,0,0,0,1,2552655.394618750,1189690,20.058856250,0.000000000,250.000000000,80.000000000,218813.000000000,0
short_many_chains,0,learned-sync,6,3,20000,64,0,0,0,1,875596.166786795,1189690,20.058856250,0.000000000,39.490532203,38.963160937,218813.000000000,4
long_many_chains,0,seeded-sync,0,3,200000,64,0,0,0,1,23617462.769781012,8195302,21.699968047,0.000000000,250.000000000,80.000000000,170681.000000000,0
long_many_chains,0,learned-sync,0,3,200000,64,0,0,0,1,6532846.484132209,8195302,21.699968047,0.000000000,34.826490493,38.905546562,170681.000000000,4
long_many_chains,0,seeded-sync,1,3,200000,64,0,0,0,1,23617462.769781012,8241216,21.699968047,0.000000000,250.000000000,80.000000000,170681.000000000,0
long_many_chains,0,learned-sync,1,3,200000,64,0,0,0,1,6532846.484132209,8241216,21.699968047,0.000000000,34.826490493,38.905546562,170681.000000000,4
long_many_chains,0,seeded-sync,2,3,200000,64,0,0,0,1,23617462.769781012,8622766,21.699968047,0.000000000,250.000000000,80.000000000,170681.000000000,0
long_many_chains,0,learned-sync,2,3,200000,64,0,0,0,1,6532846.484132209,8622766,21.699968047,0.000000000,34.826490493,38.905546562,170681.000000000,4
long_many_chains,0,seeded-sync,3,3,200000,64,0,0,0,1,23617462.769781012,9864406,21.699968047,0.000000000,250.000000000,80.000000000,170681.000000000,0
long_many_chains,0,learned-sync,3,3,200000,64,0,0,0,1,6532846.484132209,9864406,21.699968047,0.000000000,34.826490493,38.905546562,170681.000000000,4
long_many_chains,0,seeded-sync,4,3,200000,64,0,0,0,1,23617462.769781012,9764623,21.699968047,0.000000000,250.000000000,80.000000000,170681.000000000,0
long_many_chains,0,learned-sync,4,3,200000,64,0,0,0,1,6532846.484132209,9764623,21.699968047,0.000000000,34.826490493,38.905546562,170681.000000000,4
long_many_chains,0,seeded-sync,5,3,200000,64,0,0,0,1,23617462.769781012,8360171,21.699968047,0.000000000,250.000000000,80.000000000,170681.000000000,0
long_many_chains,0,learned-sync,5,3,200000,64,0,0,0,1,6532846.484132209,8360171,21.699968047,0.000000000,34.826490493,38.905546562,170681.000000000,4
long_many_chains,0,seeded-sync,6,3,200000,64,0,0,0,1,23617462.769781012,7901059,21.699968047,0.000000000,250.000000000,80.000000000,170681.000000000,0
long_many_chains,0,learned-sync,6,3,200000,64,0,0,0,1,6532846.484132209,7901059,21.699968047,0.000000000,34.826490493,38.905546562,170681.000000000,4
uneven,2,seeded-sync,0,2,8193,3,4,8,0,1,1915810.859973834,1146383,39.591390898,61.362931771,250.000000000,80.000000000,150191.000000000,0
uneven,2,learned-sync,0,2,8193,3,4,8,0,1,944912.305415460,1146383,39.591390898,61.362931771,42.638560745,50.383515272,150191.000000000,4
uneven,2,seeded-sync,1,2,8193,3,4,8,0,1,1915810.859973834,1116728,39.591390898,61.362931771,250.000000000,80.000000000,150191.000000000,0
uneven,2,learned-sync,1,2,8193,3,4,8,0,1,944912.305415460,1116728,39.591390898,61.362931771,42.638560745,50.383515272,150191.000000000,4
uneven,2,seeded-sync,2,2,8193,3,4,8,0,1,1915810.859973834,1007560,39.591390898,61.362931771,250.000000000,80.000000000,150191.000000000,0
uneven,2,learned-sync,2,2,8193,3,4,8,0,1,944912.305415460,1007560,39.591390898,61.362931771,42.638560745,50.383515272,150191.000000000,4
uneven,2,seeded-sync,3,2,8193,3,4,8,0,1,1915810.859973834,1105560,39.591390898,61.362931771,250.000000000,80.000000000,150191.000000000,0
uneven,2,learned-sync,3,2,8193,3,4,8,0,1,944912.305415460,1105560,39.591390898,61.362931771,42.638560745,50.383515272,150191.000000000,4
uneven,2,seeded-sync,4,2,8193,3,4,8,0,1,1915810.859973834,1027333,39.591390898,61.362931771,250.000000000,80.000000000,150191.000000000,0
uneven,2,learned-sync,4,2,8193,3,4,8,0,1,944912.305415460,1027333,39.591390898,61.362931771,42.638560745,50.383515272,150191.000000000,4
uneven,2,seeded-sync,5,2,8193,3,4,8,0,1,1915810.859973834,1094751,39.591390898,61.362931771,250.000000000,80.000000000,150191.000000000,0
uneven,2,learned-sync,5,2,8193,3,4,8,0,1,944912.305415460,1094751,39.591390898,61.362931771,42.638560745,50.383515272,150191.000000000,4
uneven,2,seeded-sync,6,2,8193,3,4,8,0,1,1915810.859973834,986704,39.591390898,61.362931771,250.000000000,80.000000000,150191.000000000,0
uneven,2,learned-sync,6,2,8193,3,4,8,0,1,944912.305415460,986704,39.591390898,61.362931771,42.638560745,50.383515272,150191.000000000,4
long_many_chains,2,seeded-sync,0,6,200000,64,0,0,0,1,11991264.869849375,5888274,20.351649062,0.000000000,250.000000000,80.000000000,312643.000000000,0
long_many_chains,2,learned-sync,0,6,200000,64,0,0,0,1,3869472.508862890,5888274,20.351649062,0.000000000,43.964721445,42.386380703,312643.000000000,4
long_many_chains,2,seeded-sync,1,6,200000,64,0,0,0,1,11991264.869849375,5502090,20.351649062,0.000000000,250.000000000,80.000000000,312643.000000000,0
long_many_chains,2,learned-sync,1,6,200000,64,0,0,0,1,3869472.508862890,5502090,20.351649062,0.000000000,43.964721445,42.386380703,312643.000000000,4
long_many_chains,2,seeded-sync,2,6,200000,64,0,0,0,1,11991264.869849375,8285763,20.351649062,0.000000000,250.000000000,80.000000000,312643.000000000,0
long_many_chains,2,learned-sync,2,6,200000,64,0,0,0,1,3869472.508862890,8285763,20.351649062,0.000000000,43.964721445,42.386380703,312643.000000000,4
long_many_chains,2,seeded-sync,3,6,200000,64,0,0,0,1,11991264.869849375,5659539,20.351649062,0.000000000,250.000000000,80.000000000,312643.000000000,0
long_many_chains,2,learned-sync,3,6,200000,64,0,0,0,1,3869472.508862890,5659539,20.351649062,0.000000000,43.964721445,42.386380703,312643.000000000,4
long_many_chains,2,seeded-sync,4,6,200000,64,0,0,0,1,11991264.869849375,6283971,20.351649062,0.000000000,250.000000000,80.000000000,312643.000000000,0
long_many_chains,2,learned-sync,4,6,200000,64,0,0,0,1,3869472.508862890,6283971,20.351649062,0.000000000,43.964721445,42.386380703,312643.000000000,4
long_many_chains,2,seeded-sync,5,6,200000,64,0,0,0,1,11991264.869849375,5263512,20.351649062,0.000000000,250.000000000,80.000000000,312643.000000000,0
long_many_chains,2,learned-sync,5,6,200000,64,0,0,0,1,3869472.508862890,5263512,20.351649062,0.000000000,43.964721445,42.386380703,312643.000000000,4
long_many_chains,2,seeded-sync,6,6,200000,64,0,0,0,1,11991264.869849375,6156413,20.351649062,0.000000000,250.000000000,80.000000000,312643.000000000,0
long_many_chains,2,learned-sync,6,6,200000,64,0,0,0,1,3869472.508862890,6156413,20.351649062,0.000000000,43.964721445,42.386380703,312643.000000000,4
long_four_chains,2,seeded-sync,0,4,200000,4,0,0,0,1,17832227.488281250,5747190,21.252649766,0.000000000,250.000000000,80.000000000,269595.000000000,0
long_four_chains,2,learned-sync,0,4,200000,4,0,0,0,1,4758899.526872256,5747190,21.252649766,0.000000000,33.550309756,34.983131016,269595.000000000,4
long_four_chains,2,seeded-sync,1,4,200000,4,0,0,0,1,17832227.488281250,6081036,21.252649766,0.000000000,250.000000000,80.000000000,269595.000000000,0
long_four_chains,2,learned-sync,1,4,200000,4,0,0,0,1,4758899.526872256,6081036,21.252649766,0.000000000,33.550309756,34.983131016,269595.000000000,4
long_four_chains,2,seeded-sync,2,4,200000,4,0,0,0,1,17832227.488281250,7277762,21.252649766,0.000000000,250.000000000,80.000000000,269595.000000000,0
long_four_chains,2,learned-sync,2,4,200000,4,0,0,0,1,4758899.526872256,7277762,21.252649766,0.000000000,33.550309756,34.983131016,269595.000000000,4
long_four_chains,2,seeded-sync,3,4,200000,4,0,0,0,1,17832227.488281250,7077636,21.252649766,0.000000000,250.000000000,80.000000000,269595.000000000,0
long_four_chains,2,learned-sync,3,4,200000,4,0,0,0,1,4758899.526872256,7077636,21.252649766,0.000000000,33.550309756,34.983131016,269595.000000000,4
long_four_chains,2,seeded-sync,4,4,200000,4,0,0,0,1,17832227.488281250,5893106,21.252649766,0.000000000,250.000000000,80.000000000,269595.000000000,0
long_four_chains,2,learned-sync,4,4,200000,4,0,0,0,1,4758899.526872256,5893106,21.252649766,0.000000000,33.550309756,34.983131016,269595.000000000,4
long_four_chains,2,seeded-sync,5,4,200000,4,0,0,0,1,17832227.488281250,7551237,21.252649766,0.000000000,250.000000000,80.000000000,269595.000000000,0
long_four_chains,2,learned-sync,5,4,200000,4,0,0,0,1,4758899.526872256,7551237,21.252649766,0.000000000,33.550309756,34.983131016,269595.000000000,4
long_four_chains,2,seeded-sync,6,4,200000,4,0,0,0,1,17832227.488281250,7118311,21.252649766,0.000000000,250.000000000,80.000000000,269595.000000000,0
long_four_chains,2,learned-sync,6,4,200000,4,0,0,0,1,4758899.526872256,7118311,21.252649766,0.000000000,33.550309756,34.983131016,269595.000000000,4
long_chain,0,seeded-sync,0,5,200000,1,0,0,0,1,14328372.153124999,30988261,21.459453828,0.000000000,250.000000000,80.000000000,269994.000000000,0
long_chain,0,learned-sync,0,5,200000,1,0,0,0,1,29921694.129588258,30988261,21.459453828,0.000000000,671.397941287,48.435108125,269994.000000000,4
long_chain,0,seeded-sync,1,5,200000,1,0,0,0,1,14328372.153124999,29387172,21.459453828,0.000000000,250.000000000,80.000000000,269994.000000000,0
long_chain,0,learned-sync,1,5,200000,1,0,0,0,1,29921694.129588258,29387172,21.459453828,0.000000000,671.397941287,48.435108125,269994.000000000,4
long_chain,0,seeded-sync,2,5,200000,1,0,0,0,1,14328372.153124999,29838499,21.459453828,0.000000000,250.000000000,80.000000000,269994.000000000,0
long_chain,0,learned-sync,2,5,200000,1,0,0,0,1,29921694.129588258,29838499,21.459453828,0.000000000,671.397941287,48.435108125,269994.000000000,4
long_chain,0,seeded-sync,3,5,200000,1,0,0,0,1,14328372.153124999,30933744,21.459453828,0.000000000,250.000000000,80.000000000,269994.000000000,0
long_chain,0,learned-sync,3,5,200000,1,0,0,0,1,29921694.129588258,30933744,21.459453828,0.000000000,671.397941287,48.435108125,269994.000000000,4
long_chain,0,seeded-sync,4,5,200000,1,0,0,0,1,14328372.153124999,32270751,21.459453828,0.000000000,250.000000000,80.000000000,269994.000000000,0
long_chain,0,learned-sync,4,5,200000,1,0,0,0,1,29921694.129588258,32270751,21.459453828,0.000000000,671.397941287,48.435108125,269994.000000000,4
long_chain,0,seeded-sync,5,5,200000,1,0,0,0,1,14328372.153124999,32232983,21.459453828,0.000000000,250.000000000,80.000000000,269994.000000000,0
long_chain,0,learned-sync,5,5,200000,1,0,0,0,1,29921694.129588258,32232983,21.459453828,0.000000000,671.397941287,48.435108125,269994.000000000,4
long_chain,0,seeded-sync,6,5,200000,1,0,0,0,1,14328372.153124999,30957108,21.459453828,0.000000000,250.000000000,80.000000000,269994.000000000,0
long_chain,0,learned-sync,6,5,200000,1,0,0,0,1,29921694.129588258,30957108,21.459453828,0.000000000,671.397941287,48.435108125,269994.000000000,4
long_many_chains,2,seeded-sync,0,7,200000,64,0,0,0,1,10363849.524551563,5565429,20.843746484,0.000000000,250.000000000,80.000000000,339542.000000000,0
long_many_chains,2,learned-sync,0,7,200000,64,0,0,0,1,4012700.521824728,5565429,20.843746484,0.000000000,62.404525229,45.309705391,339542.000000000,4
long_many_chains,2,seeded-sync,1,7,200000,64,0,0,0,1,10363849.524551563,5202825,20.843746484,0.000000000,250.000000000,80.000000000,339542.000000000,0
long_many_chains,2,learned-sync,1,7,200000,64,0,0,0,1,4012700.521824728,5202825,20.843746484,0.000000000,62.404525229,45.309705391,339542.000000000,4
long_many_chains,2,seeded-sync,2,7,200000,64,0,0,0,1,10363849.524551563,6466210,20.843746484,0.000000000,250.000000000,80.000000000,339542.000000000,0
long_many_chains,2,learned-sync,2,7,200000,64,0,0,0,1,4012700.521824728,6466210,20.843746484,0.000000000,62.404525229,45.309705391,339542.000000000,4
long_many_chains,2,seeded-sync,3,7,200000,64,0,0,0,1,10363849.524551563,5281072,20.843746484,0.000000000,250.000000000,80.000000000,339542.000000000,0
long_many_chains,2,learned-sync,3,7,200000,64,0,0,0,1,4012700.521824728,5281072,20.843746484,0.000000000,62.404525229,45.309705391,339542.000000000,4
long_many_chains,2,seeded-sync,4,7,200000,64,0,0,0,1,10363849.524551563,5925705,20.843746484,0.000000000,250.000000000,80.000000000,339542.000000000,0
long_many_chains,2,learned-sync,4,7,200000,64,0,0,0,1,4012700.521824728,5925705,20.843746484,0.000000000,62.404525229,45.309705391,339542.000000000,4
long_many_chains,2,seeded-sync,5,7,200000,64,0,0,0,1,10363849.524551563,5141913,20.843746484,0.000000000,250.000000000,80.000000000,339542.000000000,0
long_many_chains,2,learned-sync,5,7,200000,64,0,0,0,1,4012700.521824728,5141913,20.843746484,0.000000000,62.404525229,45.309705391,339542.000000000,4
long_many_chains,2,seeded-sync,6,7,200000,64,0,0,0,1,10363849.524551563,5724233,20.843746484,0.000000000,250.000000000,80.000000000,339542.000000000,0
long_many_chains,2,learned-sync,6,7,200000,64,0,0,0,1,4012700.521824728,5724233,20.843746484,0.000000000,62.404525229,45.309705391,339542.000000000,4
short_chain,2,seeded-sync,0,7,20000,1,0,0,0,1,1379532.100745312,5897137,20.677432031,0.000000000,250.000000000,80.000000000,377296.000000000,0
short_chain,2,learned-sync,0,7,20000,1,0,0,0,1,4528886.030508725,5897137,20.677432031,0.000000000,1382.911089304,49.032203125,377296.000000000,4
short_chain,2,seeded-sync,1,7,20000,1,0,0,0,1,1379532.100745312,4205026,20.677432031,0.000000000,250.000000000,80.000000000,377296.000000000,0
short_chain,2,learned-sync,1,7,20000,1,0,0,0,1,4528886.030508725,4205026,20.677432031,0.000000000,1382.911089304,49.032203125,377296.000000000,4
short_chain,2,seeded-sync,2,7,20000,1,0,0,0,1,1379532.100745312,6456641,20.677432031,0.000000000,250.000000000,80.000000000,377296.000000000,0
short_chain,2,learned-sync,2,7,20000,1,0,0,0,1,4528886.030508725,6456641,20.677432031,0.000000000,1382.911089304,49.032203125,377296.000000000,4
short_chain,2,seeded-sync,3,7,20000,1,0,0,0,1,1379532.100745312,4443117,20.677432031,0.000000000,250.000000000,80.000000000,377296.000000000,0
short_chain,2,learned-sync,3,7,20000,1,0,0,0,1,4528886.030508725,4443117,20.677432031,0.000000000,1382.911089304,49.032203125,377296.000000000,4
short_chain,2,seeded-sync,4,7,20000,1,0,0,0,1,1379532.100745312,6006507,20.677432031,0.000000000,250.000000000,80.000000000,377296.000000000,0
short_chain,2,learned-sync,4,7,20000,1,0,0,0,1,4528886.030508725,6006507,20.677432031,0.000000000,1382.911089304,49.032203125,377296.000000000,4
short_chain,2,seeded-sync,5,7,20000,1,0,0,0,1,1379532.100745312,4902911,20.677432031,0.000000000,250.000000000,80.000000000,377296.000000000,0
short_chain,2,learned-sync,5,7,20000,1,0,0,0,1,4528886.030508725,4902911,20.677432031,0.000000000,1382.911089304,49.032203125,377296.000000000,4
short_chain,2,seeded-sync,6,7,20000,1,0,0,0,1,1379532.100745312,4749829,20.677432031,0.000000000,250.000000000,80.000000000,377296.000000000,0
short_chain,2,learned-sync,6,7,20000,1,0,0,0,1,4528886.030508725,4749829,20.677432031,0.000000000,1382.911089304,49.032203125,377296.000000000,4
tiny_chain,0,seeded-sync,0,7,257,1,0,0,0,1,383305.341318093,496350,21.522738327,0.000000000,250.000000000,80.000000000,370299.000000000,0
tiny_chain,0,learned-sync,0,7,257,1,0,0,0,1,556671.612226791,496350,21.522738327,0.000000000,4968.230957031,47.343932393,370299.000000000,4
tiny_chain,0,seeded-sync,1,7,257,1,0,0,0,1,383305.341318093,506017,21.522738327,0.000000000,250.000000000,80.000000000,370299.000000000,0
tiny_chain,0,learned-sync,1,7,257,1,0,0,0,1,556671.612226791,506017,21.522738327,0.000000000,4968.230957031,47.343932393,370299.000000000,4
tiny_chain,0,seeded-sync,2,7,257,1,0,0,0,1,383305.341318093,521051,21.522738327,0.000000000,250.000000000,80.000000000,370299.000000000,0
tiny_chain,0,learned-sync,2,7,257,1,0,0,0,1,556671.612226791,521051,21.522738327,0.000000000,4968.230957031,47.343932393,370299.000000000,4
tiny_chain,0,seeded-sync,3,7,257,1,0,0,0,1,383305.341318093,509598,21.522738327,0.000000000,250.000000000,80.000000000,370299.000000000,0
tiny_chain,0,learned-sync,3,7,257,1,0,0,0,1,556671.612226791,509598,21.522738327,0.000000000,4968.230957031,47.343932393,370299.000000000,4
tiny_chain,0,seeded-sync,4,7,257,1,0,0,0,1,383305.341318093,483819,21.522738327,0.000000000,250.000000000,80.000000000,370299.000000000,0
tiny_chain,0,learned-sync,4,7,257,1,0,0,0,1,556671.612226791,483819,21.522738327,0.000000000,4968.230957031,47.343932393,370299.000000000,4
tiny_chain,0,seeded-sync,5,7,257,1,0,0,0,1,383305.341318093,487574,21.522738327,0.000000000,250.000000000,80.000000000,370299.000000000,0
tiny_chain,0,learned-sync,5,7,257,1,0,0,0,1,556671.612226791,487574,21.522738327,0.000000000,4968.230957031,47.343932393,370299.000000000,4
tiny_chain,0,seeded-sync,6,7,257,1,0,0,0,1,383305.341318093,507699,21.522738327,0.000000000,250.000000000,80.000000000,370299.000000000,0
tiny_chain,0,learned-sync,6,7,257,1,0,0,0,1,556671.612226791,507699,21.522738327,0.000000000,4968.230957031,47.343932393,370299.000000000,4
independent_after,2,seeded-sync,0,7,32768,4,0,16,1,1,2563520.129345894,5897689,21.921802521,113.372330189,250.000000000,80.000000000,385013.000000000,0
independent_after,2,learned-sync,0,7,32768,4,0,16,1,1,2209203.529340138,5897689,21.921802521,113.372330189,201.093398528,53.230266571,385013.000000000,4
independent_after,2,seeded-sync,1,7,32768,4,0,16,1,1,2563520.129345894,3354959,21.921802521,113.372330189,250.000000000,80.000000000,385013.000000000,0
independent_after,2,learned-sync,1,7,32768,4,0,16,1,1,2209203.529340138,3354959,21.921802521,113.372330189,201.093398528,53.230266571,385013.000000000,4
independent_after,2,seeded-sync,2,7,32768,4,0,16,1,1,2563520.129345894,2877331,21.921802521,113.372330189,250.000000000,80.000000000,385013.000000000,0
independent_after,2,learned-sync,2,7,32768,4,0,16,1,1,2209203.529340138,2877331,21.921802521,113.372330189,201.093398528,53.230266571,385013.000000000,4
independent_after,2,seeded-sync,3,7,32768,4,0,16,1,1,2563520.129345894,3563228,21.921802521,113.372330189,250.000000000,80.000000000,385013.000000000,0
independent_after,2,learned-sync,3,7,32768,4,0,16,1,1,2209203.529340138,3563228,21.921802521,113.372330189,201.093398528,53.230266571,385013.000000000,4
independent_after,2,seeded-sync,4,7,32768,4,0,16,1,1,2563520.129345894,2352781,21.921802521,113.372330189,250.000000000,80.000000000,385013.000000000,0
independent_after,2,learned-sync,4,7,32768,4,0,16,1,1,2209203.529340138,2352781,21.921802521,113.372330189,201.093398528,53.230266571,385013.000000000,4
independent_after,2,seeded-sync,5,7,32768,4,0,16,1,1,2563520.129345894,1903869,21.921802521,113.372330189,250.000000000,80.000000000,385013.000000000,0
independent_after,2,learned-sync,5,7,32768,4,0,16,1,1,2209203.529340138,1903869,21.921802521,113.372330189,201.093398528,53.230266571,385013.000000000,4
independent_after,2,seeded-sync,6,7,32768,4,0,16,1,1,2563520.129345894,2022661,21.921802521,113.372330189,250.000000000,80.000000000,385013.000000000,0
independent_after,2,learned-sync,6,7,32768,4,0,16,1,1,2209203.529340138,2022661,21.921802521,113.372330189,201.093398528,53.230266571,385013.000000000,4
short_many_chains,2,seeded-sync,0,8,20000,64,0,0,0,1,1433341.867187500,787205,22.878346875,0.000000000,250.000000000,80.000000000,551146.000000000,0
short_many_chains,2,learned-sync,0,8,20000,64,0,0,0,1,772327.745858623,787205,22.878346875,0.000000000,28.792695218,36.801656250,551146.000000000,4
short_many_chains,2,seeded-sync,1,8,20000,64,0,0,0,1,1433341.867187500,951753,22.878346875,0.000000000,250.000000000,80.000000000,551146.000000000,0
short_many_chains,2,learned-sync,1,8,20000,64,0,0,0,1,772327.745858623,951753,22.878346875,0.000000000,28.792695218,36.801656250,551146.000000000,4
short_many_chains,2,seeded-sync,2,8,20000,64,0,0,0,1,1433341.867187500,824051,22.878346875,0.000000000,250.000000000,80.000000000,551146.000000000,0
short_many_chains,2,learned-sync,2,8,20000,64,0,0,0,1,772327.745858623,824051,22.878346875,0.000000000,28.792695218,36.801656250,551146.000000000,4
short_many_chains,2,seeded-sync,3,8,20000,64,0,0,0,1,1433341.867187500,807547,22.878346875,0.000000000,250.000000000,80.000000000,551146.000000000,0
short_many_chains,2,learned-sync,3,8,20000,64,0,0,0,1,772327.745858623,807547,22.878346875,0.000000000,28.792695218,36.801656250,551146.000000000,4
short_many_chains,2,seeded-sync,4,8,20000,64,0,0,0,1,1433341.867187500,787453,22.878346875,0.000000000,250.000000000,80.000000000,551146.000000000,0
short_many_chains,2,learned-sync,4,8,20000,64,0,0,0,1,772327.745858623,787453,22.878346875,0.000000000,28.792695218,36.801656250,551146.000000000,4
short_many_chains,2,seeded-sync,5,8,20000,64,0,0,0,1,1433341.867187500,772502,22.878346875,0.000000000,250.000000000,80.000000000,551146.000000000,0
short_many_chains,2,learned-sync,5,8,20000,64,0,0,0,1,772327.745858623,772502,22.878346875,0.000000000,28.792695218,36.801656250,551146.000000000,4
short_many_chains,2,seeded-sync,6,8,20000,64,0,0,0,1,1433341.867187500,780707,22.878346875,0.000000000,250.000000000,80.000000000,551146.000000000,0
short_many_chains,2,learned-sync,6,8,20000,64,0,0,0,1,772327.745858623,780707,22.878346875,0.000000000,28.792695218,36.801656250,551146.000000000,4
uneven,0,seeded-sync,0,5,8193,3,4,8,0,1,981201.658210515,776814,43.720001068,65.659900220,250.000000000,80.000000000,261058.000000000,0
uneven,0,learned-sync,0,5,8193,3,4,8,0,1,738464.207528727,776814,43.720001068,65.659900220,130.925536096,50.973517790,261058.000000000,4
uneven,0,seeded-sync,1,5,8193,3,4,8,0,1,981201.658210515,740864,43.720001068,65.659900220,250.000000000,80.000000000,261058.000000000,0
uneven,0,learned-sync,1,5,8193,3,4,8,0,1,738464.207528727,740864,43.720001068,65.659900220,130.925536096,50.973517790,261058.000000000,4
uneven,0,seeded-sync,2,5,8193,3,4,8,0,1,981201.658210515,742802,43.720001068,65.659900220,250.000000000,80.000000000,261058.000000000,0
uneven,0,learned-sync,2,5,8193,3,4,8,0,1,738464.207528727,742802,43.720001068,65.659900220,130.925536096,50.973517790,261058.000000000,4
uneven,0,seeded-sync,3,5,8193,3,4,8,0,1,981201.658210515,802303,43.720001068,65.659900220,250.000000000,80.000000000,261058.000000000,0
uneven,0,learned-sync,3,5,8193,3,4,8,0,1,738464.207528727,802303,43.720001068,65.659900220,130.925536096,50.973517790,261058.000000000,4
uneven,0,seeded-sync,4,5,8193,3,4,8,0,1,981201.658210515,1250806,43.720001068,65.659900220,250.000000000,80.000000000,261058.000000000,0
uneven,0,learned-sync,4,5,8193,3,4,8,0,1,738464.207528727,1250806,43.720001068,65.659900220,130.925536096,50.973517790,261058.000000000,4
uneven,0,seeded-sync,5,5,8193,3,4,8,0,1,981201.658210515,2125566,43.720001068,65.659900220,250.000000000,80.000000000,261058.000000000,0
uneven,0,learned-sync,5,5,8193,3,4,8,0,1,738464.207528727,2125566,43.720001068,65.659900220,130.925536096,50.973517790,261058.000000000,4
uneven,0,seeded-sync,6,5,8193,3,4,8,0,1,981201.658210515,889200,43.720001068,65.659900220,250.000000000,80.000000000,261058.000000000,0
uneven,0,learned-sync,6,5,8193,3,4,8,0,1,738464.207528727,889200,43.720001068,65.659900220,130.925536096,50.973517790,261058.000000000,4
dependent_compute,2,seeded-sync,0,4,32768,1,16,0,0,1,3814333.531250000,7740146,112.176456451,0.000000000,250.000000000,80.000000000,192024.000000000,0
dependent_compute,2,learned-sync,0,4,32768,1,16,0,0,1,7450753.652544027,7740146,112.176456451,0.000000000,723.750801111,50.148139477,192024.000000000,4
dependent_compute,2,seeded-sync,1,4,32768,1,16,0,0,1,3814333.531250000,7504342,112.176456451,0.000000000,250.000000000,80.000000000,192024.000000000,0
dependent_compute,2,learned-sync,1,4,32768,1,16,0,0,1,7450753.652544027,7504342,112.176456451,0.000000000,723.750801111,50.148139477,192024.000000000,4
dependent_compute,2,seeded-sync,2,4,32768,1,16,0,0,1,3814333.531250000,7704573,112.176456451,0.000000000,250.000000000,80.000000000,192024.000000000,0
dependent_compute,2,learned-sync,2,4,32768,1,16,0,0,1,7450753.652544027,7704573,112.176456451,0.000000000,723.750801111,50.148139477,192024.000000000,4
dependent_compute,2,seeded-sync,3,4,32768,1,16,0,0,1,3814333.531250000,7335816,112.176456451,0.000000000,250.000000000,80.000000000,192024.000000000,0
dependent_compute,2,learned-sync,3,4,32768,1,16,0,0,1,7450753.652544027,7335816,112.176456451,0.000000000,723.750801111,50.148139477,192024.000000000,4
dependent_compute,2,seeded-sync,4,4,32768,1,16,0,0,1,3814333.531250000,7595277,112.176456451,0.000000000,250.000000000,80.000000000,192024.000000000,0
dependent_compute,2,learned-sync,4,4,32768,1,16,0,0,1,7450753.652544027,7595277,112.176456451,0.000000000,723.750801111,50.148139477,192024.000000000,4
dependent_compute,2,seeded-sync,5,4,32768,1,16,0,0,1,3814333.531250000,7372385,112.176456451,0.000000000,250.000000000,80.000000000,192024.000000000,0
dependent_compute,2,learned-sync,5,4,32768,1,16,0,0,1,7450753.652544027,7372385,112.176456451,0.000000000,723.750801111,50.148139477,192024.000000000,4
dependent_compute,2,seeded-sync,6,4,32768,1,16,0,0,1,3814333.531250000,7631024,112.176456451,0.000000000,250.000000000,80.000000000,192024.000000000,0
dependent_compute,2,learned-sync,6,4,32768,1,16,0,0,1,7450753.652544027,7631024,112.176456451,0.000000000,723.750801111,50.148139477,192024.000000000,4
independent_before,0,seeded-sync,0,7,32768,4,0,16,0,1,2507984.236824989,1734584,20.618337154,108.936604500,250.000000000,80.000000000,356348.000000000,0
independent_before,0,learned-sync,0,7,32768,4,0,16,0,1,1768486.495310388,1734584,20.618337154,108.936604500,121.408672152,50.646487713,356348.000000000,4
independent_before,0,seeded-sync,1,7,32768,4,0,16,0,1,2507984.236824989,1782543,20.618337154,108.936604500,250.000000000,80.000000000,356348.000000000,0
independent_before,0,learned-sync,1,7,32768,4,0,16,0,1,1768486.495310388,1782543,20.618337154,108.936604500,121.408672152,50.646487713,356348.000000000,4
independent_before,0,seeded-sync,2,7,32768,4,0,16,0,1,2507984.236824989,1722362,20.618337154,108.936604500,250.000000000,80.000000000,356348.000000000,0
independent_before,0,learned-sync,2,7,32768,4,0,16,0,1,1768486.495310388,1722362,20.618337154,108.936604500,121.408672152,50.646487713,356348.000000000,4
independent_before,0,seeded-sync,3,7,32768,4,0,16,0,1,2507984.236824989,1811093,20.618337154,108.936604500,250.000000000,80.000000000,356348.000000000,0
independent_before,0,learned-sync,3,7,32768,4,0,16,0,1,1768486.495310388,1811093,20.618337154,108.936604500,121.408672152,50.646487713,356348.000000000,4
independent_before,0,seeded-sync,4,7,32768,4,0,16,0,1,2507984.236824989,1841439,20.618337154,108.936604500,250.000000000,80.000000000,356348.000000000,0
independent_before,0,learned-sync,4,7,32768,4,0,16,0,1,1768486.495310388,1841439,20.618337154,108.936604500,121.408672152,50.646487713,356348.000000000,4
independent_before,0,seeded-sync,5,7,32768,4,0,16,0,1,2507984.236824989,2104120,20.618337154,108.936604500,250.000000000,80.000000000,356348.000000000,0
independent_before,0,learned-sync,5,7,32768,4,0,16,0,1,1768486.495310388,2104120,20.618337154,108.936604500,121.408672152,50.646487713,356348.000000000,4
independent_before,0,seeded-sync,6,7,32768,4,0,16,0,1,2507984.236824989,1726347,20.618337154,108.936604500,250.000000000,80.000000000,356348.000000000,0
independent_before,0,learned-sync,6,7,32768,4,0,16,0,1,1768486.495310388,1726347,20.618337154,108.936604500,121.408672152,50.646487713,356348.000000000,4
uneven,1,seeded-sync,0,3,8193,3,4,8,0,1,1339595.390625000,619877,38.705640486,61.672019941,250.000000000,80.000000000,164234.000000000,0
uneven,1,learned-sync,0,3,8193,3,4,8,0,1,591796.900062958,619877,38.705640486,61.672019941,29.722979625,26.458459203,164234.000000000,4
uneven,1,seeded-sync,1,3,8193,3,4,8,0,1,1339595.390625000,653627,38.705640486,61.672019941,250.000000000,80.000000000,164234.000000000,0
uneven,1,learned-sync,1,3,8193,3,4,8,0,1,591796.900062958,653627,38.705640486,61.672019941,29.722979625,26.458459203,164234.000000000,4
uneven,1,seeded-sync,2,3,8193,3,4,8,0,1,1339595.390625000,619124,38.705640486,61.672019941,250.000000000,80.000000000,164234.000000000,0
uneven,1,learned-sync,2,3,8193,3,4,8,0,1,591796.900062958,619124,38.705640486,61.672019941,29.722979625,26.458459203,164234.000000000,4
uneven,1,seeded-sync,3,3,8193,3,4,8,0,1,1339595.390625000,688553,38.705640486,61.672019941,250.000000000,80.000000000,164234.000000000,0
uneven,1,learned-sync,3,3,8193,3,4,8,0,1,591796.900062958,688553,38.705640486,61.672019941,29.722979625,26.458459203,164234.000000000,4
uneven,1,seeded-sync,4,3,8193,3,4,8,0,1,1339595.390625000,628583,38.705640486,61.672019941,250.000000000,80.000000000,164234.000000000,0
uneven,1,learned-sync,4,3,8193,3,4,8,0,1,591796.900062958,628583,38.705640486,61.672019941,29.722979625,26.458459203,164234.000000000,4
uneven,1,seeded-sync,5,3,8193,3,4,8,0,1,1339595.390625000,635838,38.705640486,61.672019941,250.000000000,80.000000000,164234.000000000,0
uneven,1,learned-sync,5,3,8193,3,4,8,0,1,591796.900062958,635838,38.705640486,61.672019941,29.722979625,26.458459203,164234.000000000,4
uneven,1,seeded-sync,6,3,8193,3,4,8,0,1,1339595.390625000,629296,38.705640486,61.672019941,250.000000000,80.000000000,164234.000000000,0
uneven,1,learned-sync,6,3,8193,3,4,8,0,1,591796.900062958,629296,38.705640486,61.672019941,29.722979625,26.458459203,164234.000000000,4
tiny_chain,2,seeded-sync,0,5,257,1,0,0,0,1,291765.456225681,337655,19.989542802,0.000000000,250.000000000,80.000000000,273566.000000000,0
tiny_chain,2,learned-sync,0,5,257,1,0,0,0,1,387972.809923699,337655,19.989542802,0.000000000,2133.562988281,46.578428988,273566.000000000,4
tiny_chain,2,seeded-sync,1,5,257,1,0,0,0,1,291765.456225681,316009,19.989542802,0.000000000,250.000000000,80.000000000,273566.000000000,0
tiny_chain,2,learned-sync,1,5,257,1,0,0,0,1,387972.809923699,316009,19.989542802,0.000000000,2133.562988281,46.578428988,273566.000000000,4
tiny_chain,2,seeded-sync,2,5,257,1,0,0,0,1,291765.456225681,335408,19.989542802,0.000000000,250.000000000,80.000000000,273566.000000000,0
tiny_chain,2,learned-sync,2,5,257,1,0,0,0,1,387972.809923699,335408,19.989542802,0.000000000,2133.562988281,46.578428988,273566.000000000,4
tiny_chain,2,seeded-sync,3,5,257,1,0,0,0,1,291765.456225681,310519,19.989542802,0.000000000,250.000000000,80.000000000,273566.000000000,0
tiny_chain,2,learned-sync,3,5,257,1,0,0,0,1,387972.809923699,310519,19.989542802,0.000000000,2133.562988281,46.578428988,273566.000000000,4
tiny_chain,2,seeded-sync,4,5,257,1,0,0,0,1,291765.456225681,306738,19.989542802,0.000000000,250.000000000,80.000000000,273566.000000000,0
tiny_chain,2,learned-sync,4,5,257,1,0,0,0,1,387972.809923699,306738,19.989542802,0.000000000,2133.562988281,46.578428988,273566.000000000,4
tiny_chain,2,seeded-sync,5,5,257,1,0,0,0,1,291765.456225681,389130,19.989542802,0.000000000,250.000000000,80.000000000,273566.000000000,0
tiny_chain,2,learned-sync,5,5,257,1,0,0,0,1,387972.809923699,389130,19.989542802,0.000000000,2133.562988281,46.578428988,273566.000000000,4
tiny_chain,2,seeded-sync,6,5,257,1,0,0,0,1,291765.456225681,328691,19.989542802,0.000000000,250.000000000,80.000000000,273566.000000000,0
tiny_chain,2,learned-sync,6,5,257,1,0,0,0,1,387972.809923699,328691,19.989542802,0.000000000,2133.562988281,46.578428988,273566.000000000,4
short_chain,1,seeded-sync,0,6,20000,1,0,0,0,1,1468267.415985937,3613756,20.135697656,0.000000000,250.000000000,80.000000000,300915.000000000,0
short_chain,1,learned-sync,0,6,20000,1,0,0,0,1,3445590.612015117,3613756,20.135697656,0.000000000,876.222177515,46.856165625,300915.000000000,4
short_chain,1,seeded-sync,1,6,20000,1,0,0,0,1,1468267.415985937,3669073,20.135697656,0.000000000,250.000000000,80.000000000,300915.000000000,0
short_chain,1,learned-sync,1,6,20000,1,0,0,0,1,3445590.612015117,3669073,20.135697656,0.000000000,876.222177515,46.856165625,300915.000000000,4
short_chain,1,seeded-sync,2,6,20000,1,0,0,0,1,1468267.415985937,4074719,20.135697656,0.000000000,250.000000000,80.000000000,300915.000000000,0
short_chain,1,learned-sync,2,6,20000,1,0,0,0,1,3445590.612015117,4074719,20.135697656,0.000000000,876.222177515,46.856165625,300915.000000000,4
short_chain,1,seeded-sync,3,6,20000,1,0,0,0,1,1468267.415985937,3700663,20.135697656,0.000000000,250.000000000,80.000000000,300915.000000000,0
short_chain,1,learned-sync,3,6,20000,1,0,0,0,1,3445590.612015117,3700663,20.135697656,0.000000000,876.222177515,46.856165625,300915.000000000,4
short_chain,1,seeded-sync,4,6,20000,1,0,0,0,1,1468267.415985937,3464036,20.135697656,0.000000000,250.000000000,80.000000000,300915.000000000,0
short_chain,1,learned-sync,4,6,20000,1,0,0,0,1,3445590.612015117,3464036,20.135697656,0.000000000,876.222177515,46.856165625,300915.000000000,4
short_chain,1,seeded-sync,5,6,20000,1,0,0,0,1,1468267.415985937,4135240,20.135697656,0.000000000,250.000000000,80.000000000,300915.000000000,0
short_chain,1,learned-sync,5,6,20000,1,0,0,0,1,3445590.612015117,4135240,20.135697656,0.000000000,876.222177515,46.856165625,300915.000000000,4
short_chain,1,seeded-sync,6,6,20000,1,0,0,0,1,1468267.415985937,3410512,20.135697656,0.000000000,250.000000000,80.000000000,300915.000000000,0
short_chain,1,learned-sync,6,6,20000,1,0,0,0,1,3445590.612015117,3410512,20.135697656,0.000000000,876.222177515,46.856165625,300915.000000000,4
two_streams,0,seeded-sync,0,3,32768,4,0,0,0,2,7640205.065993309,3424573,20.791729927,0.000000000,250.000000000,80.000000000,203917.000000000,0
two_streams,0,learned-sync,0,3,32768,4,0,0,0,2,2363275.340393425,3424573,20.791729927,0.000000000,44.490725339,43.957973480,203917.000000000,4
two_streams,0,seeded-sync,1,3,32768,4,0,0,0,2,7640205.065993309,3304219,20.791729927,0.000000000,250.000000000,80.000000000,203917.000000000,0
two_streams,0,learned-sync,1,3,32768,4,0,0,0,2,2363275.340393425,3304219,20.791729927,0.000000000,44.490725339,43.957973480,203917.000000000,4
two_streams,0,seeded-sync,2,3,32768,4,0,0,0,2,7640205.065993309,3359726,20.791729927,0.000000000,250.000000000,80.000000000,203917.000000000,0
two_streams,0,learned-sync,2,3,32768,4,0,0,0,2,2363275.340393425,3359726,20.791729927,0.000000000,44.490725339,43.957973480,203917.000000000,4
two_streams,0,seeded-sync,3,3,32768,4,0,0,0,2,7640205.065993309,3787231,20.791729927,0.000000000,250.000000000,80.000000000,203917.000000000,0
two_streams,0,learned-sync,3,3,32768,4,0,0,0,2,2363275.340393425,3787231,20.791729927,0.000000000,44.490725339,43.957973480,203917.000000000,4
two_streams,0,seeded-sync,4,3,32768,4,0,0,0,2,7640205.065993309,3860012,20.791729927,0.000000000,250.000000000,80.000000000,203917.000000000,0
two_streams,0,learned-sync,4,3,32768,4,0,0,0,2,2363275.340393425,3860012,20.791729927,0.000000000,44.490725339,43.957973480,203917.000000000,4
two_streams,0,seeded-sync,5,3,32768,4,0,0,0,2,7640205.065993309,3239346,20.791729927,0.000000000,250.000000000,80.000000000,203917.000000000,0
two_streams,0,learned-sync,5,3,32768,4,0,0,0,2,2363275.340393425,3239346,20.791729927,0.000000000,44.490725339,43.957973480,203917.000000000,4
two_streams,0,seeded-sync,6,3,32768,4,0,0,0,2,7640205.065993309,3260441,20.791729927,0.000000000,250.000000000,80.000000000,203917.000000000,0
two_streams,0,learned-sync,6,3,32768,4,0,0,0,2,2363275.340393425,3260441,20.791729927,0.000000000,44.490725339,43.957973480,203917.000000000,4
uneven,2,seeded-sync,0,8,8193,3,4,8,0,1,833145.061767668,963414,39.675170496,62.672206838,250.000000000,80.000000000,389989.000000000,0
uneven,2,learned-sync,0,8,8193,3,4,8,0,1,1025179.621502660,963414,39.675170496,62.672206838,455.616825015,61.733964970,389989.000000000,4
uneven,2,seeded-sync,1,8,8193,3,4,8,0,1,833145.061767668,994572,39.675170496,62.672206838,250.000000000,80.000000000,389989.000000000,0
uneven,2,learned-sync,1,8,8193,3,4,8,0,1,1025179.621502660,994572,39.675170496,62.672206838,455.616825015,61.733964970,389989.000000000,4
uneven,2,seeded-sync,2,8,8193,3,4,8,0,1,833145.061767668,966638,39.675170496,62.672206838,250.000000000,80.000000000,389989.000000000,0
uneven,2,learned-sync,2,8,8193,3,4,8,0,1,1025179.621502660,966638,39.675170496,62.672206838,455.616825015,61.733964970,389989.000000000,4
uneven,2,seeded-sync,3,8,8193,3,4,8,0,1,833145.061767668,932174,39.675170496,62.672206838,250.000000000,80.000000000,389989.000000000,0
uneven,2,learned-sync,3,8,8193,3,4,8,0,1,1025179.621502660,932174,39.675170496,62.672206838,455.616825015,61.733964970,389989.000000000,4
uneven,2,seeded-sync,4,8,8193,3,4,8,0,1,833145.061767668,977278,39.675170496,62.672206838,250.000000000,80.000000000,389989.000000000,0
uneven,2,learned-sync,4,8,8193,3,4,8,0,1,1025179.621502660,977278,39.675170496,62.672206838,455.616825015,61.733964970,389989.000000000,4
uneven,2,seeded-sync,5,8,8193,3,4,8,0,1,833145.061767668,983104,39.675170496,62.672206838,250.000000000,80.000000000,389989.000000000,0
uneven,2,learned-sync,5,8,8193,3,4,8,0,1,1025179.621502660,983104,39.675170496,62.672206838,455.616825015,61.733964970,389989.000000000,4
uneven,2,seeded-sync,6,8,8193,3,4,8,0,1,833145.061767668,1136274,39.675170496,62.672206838,250.000000000,80.000000000,389989.000000000,0
uneven,2,learned-sync,6,8,8193,3,4,8,0,1,1025179.621502660,1136274,39.675170496,62.672206838,455.616825015,61.733964970,389989.000000000,4
uneven,1,seeded-sync,0,2,8193,3,4,8,0,1,1906823.488305566,1158679,39.283794093,62.005317039,250.000000000,80.000000000,139832.000000000,0
uneven,1,learned-sync,0,2,8193,3,4,8,0,1,946877.659391560,1158679,39.283794093,62.005317039,46.069747787,49.625680840,139832.000000000,4
uneven,1,seeded-sync,1,2,8193,3,4,8,0,1,1906823.488305566,1102778,39.283794093,62.005317039,250.000000000,80.000000000,139832.000000000,0
uneven,1,learned-sync,1,2,8193,3,4,8,0,1,946877.659391560,1102778,39.283794093,62.005317039,46.069747787,49.625680840,139832.000000000,4
uneven,1,seeded-sync,2,2,8193,3,4,8,0,1,1906823.488305566,988468,39.283794093,62.005317039,250.000000000,80.000000000,139832.000000000,0
uneven,1,learned-sync,2,2,8193,3,4,8,0,1,946877.659391560,988468,39.283794093,62.005317039,46.069747787,49.625680840,139832.000000000,4
uneven,1,seeded-sync,3,2,8193,3,4,8,0,1,1906823.488305566,1092454,39.283794093,62.005317039,250.000000000,80.000000000,139832.000000000,0
uneven,1,learned-sync,3,2,8193,3,4,8,0,1,946877.659391560,1092454,39.283794093,62.005317039,46.069747787,49.625680840,139832.000000000,4
uneven,1,seeded-sync,4,2,8193,3,4,8,0,1,1906823.488305566,997217,39.283794093,62.005317039,250.000000000,80.000000000,139832.000000000,0
uneven,1,learned-sync,4,2,8193,3,4,8,0,1,946877.659391560,997217,39.283794093,62.005317039,46.069747787,49.625680840,139832.000000000,4
uneven,1,seeded-sync,5,2,8193,3,4,8,0,1,1906823.488305566,1139664,39.283794093,62.005317039,250.000000000,80.000000000,139832.000000000,0
uneven,1,learned-sync,5,2,8193,3,4,8,0,1,946877.659391560,1139664,39.283794093,62.005317039,46.069747787,49.625680840,139832.000000000,4
uneven,1,seeded-sync,6,2,8193,3,4,8,0,1,1906823.488305566,1053057,39.283794093,62.005317039,250.000000000,80.000000000,139832.000000000,0
uneven,1,learned-sync,6,2,8193,3,4,8,0,1,946877.659391560,1053057,39.283794093,62.005317039,46.069747787,49.625680840,139832.000000000,4
short_four_chains,0,seeded-sync,0,7,20000,4,0,0,0,1,1329374.585260937,1500214,21.154158594,0.000000000,250.000000000,80.000000000,325776.000000000,0
short_four_chains,0,learned-sync,0,7,20000,4,0,0,0,1,1130484.147219660,1500214,21.154158594,0.000000000,194.685998137,65.723225781,325776.000000000,4
short_four_chains,0,seeded-sync,1,7,20000,4,0,0,0,1,1329374.585260937,1188937,21.154158594,0.000000000,250.000000000,80.000000000,325776.000000000,0
short_four_chains,0,learned-sync,1,7,20000,4,0,0,0,1,1130484.147219660,1188937,21.154158594,0.000000000,194.685998137,65.723225781,325776.000000000,4
short_four_chains,0,seeded-sync,2,7,20000,4,0,0,0,1,1329374.585260937,1203037,21.154158594,0.000000000,250.000000000,80.000000000,325776.000000000,0
short_four_chains,0,learned-sync,2,7,20000,4,0,0,0,1,1130484.147219660,1203037,21.154158594,0.000000000,194.685998137,65.723225781,325776.000000000,4
short_four_chains,0,seeded-sync,3,7,20000,4,0,0,0,1,1329374.585260937,1340886,21.154158594,0.000000000,250.000000000,80.000000000,325776.000000000,0
short_four_chains,0,learned-sync,3,7,20000,4,0,0,0,1,1130484.147219660,1340886,21.154158594,0.000000000,194.685998137,65.723225781,325776.000000000,4
short_four_chains,0,seeded-sync,4,7,20000,4,0,0,0,1,1329374.585260937,1200824,21.154158594,0.000000000,250.000000000,80.000000000,325776.000000000,0
short_four_chains,0,learned-sync,4,7,20000,4,0,0,0,1,1130484.147219660,1200824,21.154158594,0.000000000,194.685998137,65.723225781,325776.000000000,4
short_four_chains,0,seeded-sync,5,7,20000,4,0,0,0,1,1329374.585260937,1171705,21.154158594,0.000000000,250.000000000,80.000000000,325776.000000000,0
short_four_chains,0,learned-sync,5,7,20000,4,0,0,0,1,1130484.147219660,1171705,21.154158594,0.000000000,194.685998137,65.723225781,325776.000000000,4
short_four_chains,0,seeded-sync,6,7,20000,4,0,0,0,1,1329374.585260937,1307484,21.154158594,0.000000000,250.000000000,80.000000000,325776.000000000,0
short_four_chains,0,learned-sync,6,7,20000,4,0,0,0,1,1130484.147219660,1307484,21.154158594,0.000000000,194.685998137,65.723225781,325776.000000000,4
uneven,0,seeded-sync,0,4,8193,3,4,8,0,1,1077158.513267805,638189,39.605497834,62.011150906,250.000000000,80.000000000,192776.000000000,0
uneven,0,learned-sync,0,4,8193,3,4,8,0,1,667741.233670017,638189,39.605497834,62.011150906,80.263335623,49.923448371,192776.000000000,4
uneven,0,seeded-sync,1,4,8193,3,4,8,0,1,1077158.513267805,671481,39.605497834,62.011150906,250.000000000,80.000000000,192776.000000000,0
uneven,0,learned-sync,1,4,8193,3,4,8,0,1,667741.233670017,671481,39.605497834,62.011150906,80.263335623,49.923448371,192776.000000000,4
uneven,0,seeded-sync,2,4,8193,3,4,8,0,1,1077158.513267805,654183,39.605497834,62.011150906,250.000000000,80.000000000,192776.000000000,0
uneven,0,learned-sync,2,4,8193,3,4,8,0,1,667741.233670017,654183,39.605497834,62.011150906,80.263335623,49.923448371,192776.000000000,4
uneven,0,seeded-sync,3,4,8193,3,4,8,0,1,1077158.513267805,740864,39.605497834,62.011150906,250.000000000,80.000000000,192776.000000000,0
uneven,0,learned-sync,3,4,8193,3,4,8,0,1,667741.233670017,740864,39.605497834,62.011150906,80.263335623,49.923448371,192776.000000000,4
uneven,0,seeded-sync,4,4,8193,3,4,8,0,1,1077158.513267805,827144,39.605497834,62.011150906,250.000000000,80.000000000,192776.000000000,0
uneven,0,learned-sync,4,4,8193,3,4,8,0,1,667741.233670017,827144,39.605497834,62.011150906,80.263335623,49.923448371,192776.000000000,4
uneven,0,seeded-sync,5,4,8193,3,4,8,0,1,1077158.513267805,685505,39.605497834,62.011150906,250.000000000,80.000000000,192776.000000000,0
uneven,0,learned-sync,5,4,8193,3,4,8,0,1,667741.233670017,685505,39.605497834,62.011150906,80.263335623,49.923448371,192776.000000000,4
uneven,0,seeded-sync,6,4,8193,3,4,8,0,1,1077158.513267805,644343,39.605497834,62.011150906,250.000000000,80.000000000,192776.000000000,0
uneven,0,learned-sync,6,4,8193,3,4,8,0,1,667741.233670017,644343,39.605497834,62.011150906,80.263335623,49.923448371,192776.000000000,4
large_arrays,0,seeded-sync,0,4,1000000,64,0,0,0,1,87826451.839843750,29635884,20.504139359,0.000000000,250.000000000,80.000000000,200417.000000000,0
large_arrays,0,learned-sync,0,4,1000000,64,0,0,0,1,24084353.170338146,29635884,20.504139359,0.000000000,35.022120744,40.009484578,200417.000000000,4
large_arrays,0,seeded-sync,1,4,1000000,64,0,0,0,1,87826451.839843750,29849613,20.504139359,0.000000000,250.000000000,80.000000000,200417.000000000,0
large_arrays,0,learned-sync,1,4,1000000,64,0,0,0,1,24084353.170338146,29849613,20.504139359,0.000000000,35.022120744,40.009484578,200417.000000000,4
large_arrays,0,seeded-sync,2,4,1000000,64,0,0,0,1,87826451.839843750,37037945,20.504139359,0.000000000,250.000000000,80.000000000,200417.000000000,0
large_arrays,0,learned-sync,2,4,1000000,64,0,0,0,1,24084353.170338146,37037945,20.504139359,0.000000000,35.022120744,40.009484578,200417.000000000,4
large_arrays,0,seeded-sync,3,4,1000000,64,0,0,0,1,87826451.839843750,32584251,20.504139359,0.000000000,250.000000000,80.000000000,200417.000000000,0
large_arrays,0,learned-sync,3,4,1000000,64,0,0,0,1,24084353.170338146,32584251,20.504139359,0.000000000,35.022120744,40.009484578,200417.000000000,4
large_arrays,0,seeded-sync,4,4,1000000,64,0,0,0,1,87826451.839843750,28863314,20.504139359,0.000000000,250.000000000,80.000000000,200417.000000000,0
large_arrays,0,learned-sync,4,4,1000000,64,0,0,0,1,24084353.170338146,28863314,20.504139359,0.000000000,35.022120744,40.009484578,200417.000000000,4
large_arrays,0,seeded-sync,5,4,1000000,64,0,0,0,1,87826451.839843750,29501076,20.504139359,0.000000000,250.000000000,80.000000000,200417.000000000,0
large_arrays,0,learned-sync,5,4,1000000,64,0,0,0,1,24084353.170338146,29501076,20.504139359,0.000000000,35.022120744,40.009484578,200417.000000000,4
large_arrays,0,seeded-sync,6,4,1000000,64,0,0,0,1,87826451.839843750,34452728,20.504139359,0.000000000,250.000000000,80.000000000,200417.000000000,0
large_arrays,0,learned-sync,6,4,1000000,64,0,0,0,1,24084353.170338146,34452728,20.504139359,0.000000000,35.022120744,40.009484578,200417.000000000,4
two_streams,2,seeded-sync,0,3,32768,4,0,0,0,2,7686593.404675484,3809590,20.995276451,0.000000000,250.000000000,80.000000000,248082.000000000,0
two_streams,2,learned-sync,0,3,32768,4,0,0,0,2,2580881.198832391,3809590,20.995276451,0.000000000,51.544624292,44.741551399,248082.000000000,4
two_streams,2,seeded-sync,1,3,32768,4,0,0,0,2,7686593.404675484,3861255,20.995276451,0.000000000,250.000000000,80.000000000,248082.000000000,0
two_streams,2,learned-sync,1,3,32768,4,0,0,0,2,2580881.198832391,3861255,20.995276451,0.000000000,51.544624292,44.741551399,248082.000000000,4
two_streams,2,seeded-sync,2,3,32768,4,0,0,0,2,7686593.404675484,3737143,20.995276451,0.000000000,250.000000000,80.000000000,248082.000000000,0
two_streams,2,learned-sync,2,3,32768,4,0,0,0,2,2580881.198832391,3737143,20.995276451,0.000000000,51.544624292,44.741551399,248082.000000000,4
two_streams,2,seeded-sync,3,3,32768,4,0,0,0,2,7686593.404675484,4214952,20.995276451,0.000000000,250.000000000,80.000000000,248082.000000000,0
two_streams,2,learned-sync,3,3,32768,4,0,0,0,2,2580881.198832391,4214952,20.995276451,0.000000000,51.544624292,44.741551399,248082.000000000,4
two_streams,2,seeded-sync,4,3,32768,4,0,0,0,2,7686593.404675484,3454162,20.995276451,0.000000000,250.000000000,80.000000000,248082.000000000,0
two_streams,2,learned-sync,4,3,32768,4,0,0,0,2,2580881.198832391,3454162,20.995276451,0.000000000,51.544624292,44.741551399,248082.000000000,4
two_streams,2,seeded-sync,5,3,32768,4,0,0,0,2,7686593.404675484,3645138,20.995276451,0.000000000,250.000000000,80.000000000,248082.000000000,0
two_streams,2,learned-sync,5,3,32768,4,0,0,0,2,2580881.198832391,3645138,20.995276451,0.000000000,51.544624292,44.741551399,248082.000000000,4
two_streams,2,seeded-sync,6,3,32768,4,0,0,0,2,7686593.404675484,3630261,20.995276451,0.000000000,250.000000000,80.000000000,248082.000000000,0
two_streams,2,learned-sync,6,3,32768,4,0,0,0,2,2580881.198832391,3630261,20.995276451,0.000000000,51.544624292,44.741551399,248082.000000000,4
two_streams,0,seeded-sync,0,8,32768,4,0,0,0,2,3222274.968750000,2614246,20.978507996,0.000000000,250.000000000,80.000000000,432987.000000000,0
two_streams,0,learned-sync,0,8,32768,4,0,0,0,2,1747039.280039640,2614246,20.978507996,0.000000000,106.338633390,43.578885078,432987.000000000,4
two_streams,0,seeded-sync,1,8,32768,4,0,0,0,2,3222274.968750000,2191791,20.978507996,0.000000000,250.000000000,80.000000000,432987.000000000,0
two_streams,0,learned-sync,1,8,32768,4,0,0,0,2,1747039.280039640,2191791,20.978507996,0.000000000,106.338633390,43.578885078,432987.000000000,4
two_streams,0,seeded-sync,2,8,32768,4,0,0,0,2,3222274.968750000,2090261,20.978507996,0.000000000,250.000000000,80.000000000,432987.000000000,0
two_streams,0,learned-sync,2,8,32768,4,0,0,0,2,1747039.280039640,2090261,20.978507996,0.000000000,106.338633390,43.578885078,432987.000000000,4
two_streams,0,seeded-sync,3,8,32768,4,0,0,0,2,3222274.968750000,2200330,20.978507996,0.000000000,250.000000000,80.000000000,432987.000000000,0
two_streams,0,learned-sync,3,8,32768,4,0,0,0,2,1747039.280039640,2200330,20.978507996,0.000000000,106.338633390,43.578885078,432987.000000000,4
two_streams,0,seeded-sync,4,8,32768,4,0,0,0,2,3222274.968750000,2626475,20.978507996,0.000000000,250.000000000,80.000000000,432987.000000000,0
two_streams,0,learned-sync,4,8,32768,4,0,0,0,2,1747039.280039640,2626475,20.978507996,0.000000000,106.338633390,43.578885078,432987.000000000,4
two_streams,0,seeded-sync,5,8,32768,4,0,0,0,2,3222274.968750000,2145503,20.978507996,0.000000000,250.000000000,80.000000000,432987.000000000,0
two_streams,0,learned-sync,5,8,32768,4,0,0,0,2,1747039.280039640,2145503,20.978507996,0.000000000,106.338633390,43.578885078,432987.000000000,4
two_streams,0,seeded-sync,6,8,32768,4,0,0,0,2,3222274.968750000,2321454,20.978507996,0.000000000,250.000000000,80.000000000,432987.000000000,0
two_streams,0,learned-sync,6,8,32768,4,0,0,0,2,1747039.280039640,2321454,20.978507996,0.000000000,106.338633390,43.578885078,432987.000000000,4
short_four_chains,1,seeded-sync,0,7,20000,4,0,0,0,1,1344335.837393750,1222837,20.945709375,0.000000000,250.000000000,80.000000000,341333.000000000,0
short_four_chains,1,learned-sync,0,7,20000,4,0,0,0,1,2042185.718056296,1222837,20.945709375,0.000000000,498.650944251,75.523261719,341333.000000000,4
short_four_chains,1,seeded-sync,1,7,20000,4,0,0,0,1,1344335.837393750,1366489,20.945709375,0.000000000,250.000000000,80.000000000,341333.000000000,0
short_four_chains,1,learned-sync,1,7,20000,4,0,0,0,1,2042185.718056296,1366489,20.945709375,0.000000000,498.650944251,75.523261719,341333.000000000,4
short_four_chains,1,seeded-sync,2,7,20000,4,0,0,0,1,1344335.837393750,1510152,20.945709375,0.000000000,250.000000000,80.000000000,341333.000000000,0
short_four_chains,1,learned-sync,2,7,20000,4,0,0,0,1,2042185.718056296,1510152,20.945709375,0.000000000,498.650944251,75.523261719,341333.000000000,4
short_four_chains,1,seeded-sync,3,7,20000,4,0,0,0,1,1344335.837393750,1389633,20.945709375,0.000000000,250.000000000,80.000000000,341333.000000000,0
short_four_chains,1,learned-sync,3,7,20000,4,0,0,0,1,2042185.718056296,1389633,20.945709375,0.000000000,498.650944251,75.523261719,341333.000000000,4
short_four_chains,1,seeded-sync,4,7,20000,4,0,0,0,1,1344335.837393750,1365002,20.945709375,0.000000000,250.000000000,80.000000000,341333.000000000,0
short_four_chains,1,learned-sync,4,7,20000,4,0,0,0,1,2042185.718056296,1365002,20.945709375,0.000000000,498.650944251,75.523261719,341333.000000000,4
short_four_chains,1,seeded-sync,5,7,20000,4,0,0,0,1,1344335.837393750,1483719,20.945709375,0.000000000,250.000000000,80.000000000,341333.000000000,0
short_four_chains,1,learned-sync,5,7,20000,4,0,0,0,1,2042185.718056296,1483719,20.945709375,0.000000000,498.650944251,75.523261719,341333.000000000,4
short_four_chains,1,seeded-sync,6,7,20000,4,0,0,0,1,1344335.837393750,1280107,20.945709375,0.000000000,250.000000000,80.000000000,341333.000000000,0
short_four_chains,1,learned-sync,6,7,20000,4,0,0,0,1,2042185.718056296,1280107,20.945709375,0.000000000,498.650944251,75.523261719,341333.000000000,4
short_four_chains,1,seeded-sync,0,5,20000,4,0,0,0,1,1679156.665625000,1072306,22.472166406,0.000000000,250.000000000,80.000000000,269268.000000000,0
short_four_chains,1,learned-sync,0,5,20000,4,0,0,0,1,914541.310751525,1072306,22.472166406,0.000000000,89.646251907,49.199909375,269268.000000000,4
short_four_chains,1,seeded-sync,1,5,20000,4,0,0,0,1,1679156.665625000,1050958,22.472166406,0.000000000,250.000000000,80.000000000,269268.000000000,0
short_four_chains,1,learned-sync,1,5,20000,4,0,0,0,1,914541.310751525,1050958,22.472166406,0.000000000,89.646251907,49.199909375,269268.000000000,4
short_four_chains,1,seeded-sync,2,5,20000,4,0,0,0,1,1679156.665625000,1351604,22.472166406,0.000000000,250.000000000,80.000000000,269268.000000000,0
short_four_chains,1,learned-sync,2,5,20000,4,0,0,0,1,914541.310751525,1351604,22.472166406,0.000000000,89.646251907,49.199909375,269268.000000000,4
short_four_chains,1,seeded-sync,3,5,20000,4,0,0,0,1,1679156.665625000,1001664,22.472166406,0.000000000,250.000000000,80.000000000,269268.000000000,0
short_four_chains,1,learned-sync,3,5,20000,4,0,0,0,1,914541.310751525,1001664,22.472166406,0.000000000,89.646251907,49.199909375,269268.000000000,4
short_four_chains,1,seeded-sync,4,5,20000,4,0,0,0,1,1679156.665625000,1153115,22.472166406,0.000000000,250.000000000,80.000000000,269268.000000000,0
short_four_chains,1,learned-sync,4,5,20000,4,0,0,0,1,914541.310751525,1153115,22.472166406,0.000000000,89.646251907,49.199909375,269268.000000000,4
short_four_chains,1,seeded-sync,5,5,20000,4,0,0,0,1,1679156.665625000,1031638,22.472166406,0.000000000,250.000000000,80.000000000,269268.000000000,0
short_four_chains,1,learned-sync,5,5,20000,4,0,0,0,1,914541.310751525,1031638,22.472166406,0.000000000,89.646251907,49.199909375,269268.000000000,4
short_four_chains,1,seeded-sync,6,5,20000,4,0,0,0,1,1679156.665625000,1346093,22.472166406,0.000000000,250.000000000,80.000000000,269268.000000000,0
short_four_chains,1,learned-sync,6,5,20000,4,0,0,0,1,914541.310751525,1346093,22.472166406,0.000000000,89.646251907,49.199909375,269268.000000000,4
long_chain,1,seeded-sync,0,4,200000,1,0,0,0,1,17777615.027343750,25843555,21.303880547,0.000000000,250.000000000,80.000000000,212421.000000000,0
long_chain,1,learned-sync,0,4,200000,1,0,0,0,1,26986234.710090660,25843555,21.303880547,0.000000000,462.809112639,51.363281016,212421.000000000,4
long_chain,1,seeded-sync,1,4,200000,1,0,0,0,1,17777615.027343750,26699726,21.303880547,0.000000000,250.000000000,80.000000000,212421.000000000,0
long_chain,1,learned-sync,1,4,200000,1,0,0,0,1,26986234.710090660,26699726,21.303880547,0.000000000,462.809112639,51.363281016,212421.000000000,4
long_chain,1,seeded-sync,2,4,200000,1,0,0,0,1,17777615.027343750,27991450,21.303880547,0.000000000,250.000000000,80.000000000,212421.000000000,0
long_chain,1,learned-sync,2,4,200000,1,0,0,0,1,26986234.710090660,27991450,21.303880547,0.000000000,462.809112639,51.363281016,212421.000000000,4
long_chain,1,seeded-sync,3,4,200000,1,0,0,0,1,17777615.027343750,27867659,21.303880547,0.000000000,250.000000000,80.000000000,212421.000000000,0
long_chain,1,learned-sync,3,4,200000,1,0,0,0,1,26986234.710090660,27867659,21.303880547,0.000000000,462.809112639,51.363281016,212421.000000000,4
long_chain,1,seeded-sync,4,4,200000,1,0,0,0,1,17777615.027343750,26717574,21.303880547,0.000000000,250.000000000,80.000000000,212421.000000000,0
long_chain,1,learned-sync,4,4,200000,1,0,0,0,1,26986234.710090660,26717574,21.303880547,0.000000000,462.809112639,51.363281016,212421.000000000,4
long_chain,1,seeded-sync,5,4,200000,1,0,0,0,1,17777615.027343750,27572786,21.303880547,0.000000000,250.000000000,80.000000000,212421.000000000,0
long_chain,1,learned-sync,5,4,200000,1,0,0,0,1,26986234.710090660,27572786,21.303880547,0.000000000,462.809112639,51.363281016,212421.000000000,4
long_chain,1,seeded-sync,6,4,200000,1,0,0,0,1,17777615.027343750,27980954,21.303880547,0.000000000,250.000000000,80.000000000,212421.000000000,0
long_chain,1,learned-sync,6,4,200000,1,0,0,0,1,26986234.710090660,27980954,21.303880547,0.000000000,462.809112639,51.363281016,212421.000000000,4
short_four_chains,2,seeded-sync,0,7,20000,4,0,0,0,1,1420003.756423438,1303728,20.333014844,0.000000000,250.000000000,80.000000000,418752.000000000,0
short_four_chains,2,learned-sync,0,7,20000,4,0,0,0,1,1343074.518096896,1303728,20.333014844,0.000000000,237.892259702,65.190582031,418752.000000000,4
short_four_chains,2,seeded-sync,1,7,20000,4,0,0,0,1,1420003.756423438,1239571,20.333014844,0.000000000,250.000000000,80.000000000,418752.000000000,0
short_four_chains,2,learned-sync,1,7,20000,4,0,0,0,1,1343074.518096896,1239571,20.333014844,0.000000000,237.892259702,65.190582031,418752.000000000,4
short_four_chains,2,seeded-sync,2,7,20000,4,0,0,0,1,1420003.756423438,1404272,20.333014844,0.000000000,250.000000000,80.000000000,418752.000000000,0
short_four_chains,2,learned-sync,2,7,20000,4,0,0,0,1,1343074.518096896,1404272,20.333014844,0.000000000,237.892259702,65.190582031,418752.000000000,4
short_four_chains,2,seeded-sync,3,7,20000,4,0,0,0,1,1420003.756423438,1338710,20.333014844,0.000000000,250.000000000,80.000000000,418752.000000000,0
short_four_chains,2,learned-sync,3,7,20000,4,0,0,0,1,1343074.518096896,1338710,20.333014844,0.000000000,237.892259702,65.190582031,418752.000000000,4
short_four_chains,2,seeded-sync,4,7,20000,4,0,0,0,1,1420003.756423438,1283533,20.333014844,0.000000000,250.000000000,80.000000000,418752.000000000,0
short_four_chains,2,learned-sync,4,7,20000,4,0,0,0,1,1343074.518096896,1283533,20.333014844,0.000000000,237.892259702,65.190582031,418752.000000000,4
short_four_chains,2,seeded-sync,5,7,20000,4,0,0,0,1,1420003.756423438,1492620,20.333014844,0.000000000,250.000000000,80.000000000,418752.000000000,0
short_four_chains,2,learned-sync,5,7,20000,4,0,0,0,1,1343074.518096896,1492620,20.333014844,0.000000000,237.892259702,65.190582031,418752.000000000,4
short_four_chains,2,seeded-sync,6,7,20000,4,0,0,0,1,1420003.756423438,1435428,20.333014844,0.000000000,250.000000000,80.000000000,418752.000000000,0
short_four_chains,2,learned-sync,6,7,20000,4,0,0,0,1,1343074.518096896,1435428,20.333014844,0.000000000,237.892259702,65.190582031,418752.000000000,4
short_many_chains,1,seeded-sync,0,6,20000,64,0,0,0,1,1557413.075735937,1026700,21.000322656,0.000000000,250.000000000,80.000000000,387178.000000000,0
short_many_chains,1,learned-sync,0,6,20000,64,0,0,0,1,843357.177221072,1026700,21.000322656,0.000000000,73.741820701,42.084244531,387178.000000000,4
short_many_chains,1,seeded-sync,1,6,20000,64,0,0,0,1,1557413.075735937,1187829,21.000322656,0.000000000,250.000000000,80.000000000,387178.000000000,0
short_many_chains,1,learned-sync,1,6,20000,64,0,0,0,1,843357.177221072,1187829,21.000322656,0.000000000,73.741820701,42.084244531,387178.000000000,4
short_many_chains,1,seeded-sync,2,6,20000,64,0,0,0,1,1557413.075735937,897640,21.000322656,0.000000000,250.000000000,80.000000000,387178.000000000,0
short_many_chains,1,learned-sync,2,6,20000,64,0,0,0,1,843357.177221072,897640,21.000322656,0.000000000,73.741820701,42.084244531,387178.000000000,4
short_many_chains,1,seeded-sync,3,6,20000,64,0,0,0,1,1557413.075735937,867700,21.000322656,0.000000000,250.000000000,80.000000000,387178.000000000,0
short_many_chains,1,learned-sync,3,6,20000,64,0,0,0,1,843357.177221072,867700,21.000322656,0.000000000,73.741820701,42.084244531,387178.000000000,4
short_many_chains,1,seeded-sync,4,6,20000,64,0,0,0,1,1557413.075735937,982397,21.000322656,0.000000000,250.000000000,80.000000000,387178.000000000,0
short_many_chains,1,learned-sync,4,6,20000,64,0,0,0,1,843357.177221072,982397,21.000322656,0.000000000,73.741820701,42.084244531,387178.000000000,4
short_many_chains,1,seeded-sync,5,6,20000,64,0,0,0,1,1557413.075735937,936377,21.000322656,0.000000000,250.000000000,80.000000000,387178.000000000,0
short_many_chains,1,learned-sync,5,6,20000,64,0,0,0,1,843357.177221072,936377,21.000322656,0.000000000,73.741820701,42.084244531,387178.000000000,4
short_many_chains,1,seeded-sync,6,6,20000,64,0,0,0,1,1557413.075735937,890293,21.000322656,0.000000000,250.000000000,80.000000000,387178.000000000,0
short_many_chains,1,learned-sync,6,6,20000,64,0,0,0,1,843357.177221072,890293,21.000322656,0.000000000,73.741820701,42.084244531,387178.000000000,4
short_many_chains,2,seeded-sync,0,6,20000,64,0,0,0,1,1525534.360906250,898468,22.619484375,0.000000000,250.000000000,80.000000000,349901.000000000,0
short_many_chains,2,learned-sync,0,6,20000,64,0,0,0,1,859309.904103496,898468,22.619484375,0.000000000,87.741795621,42.430832813,349901.000000000,4
short_many_chains,2,seeded-sync,1,6,20000,64,0,0,0,1,1525534.360906250,913868,22.619484375,0.000000000,250.000000000,80.000000000,349901.000000000,0
short_many_chains,2,learned-sync,1,6,20000,64,0,0,0,1,859309.904103496,913868,22.619484375,0.000000000,87.741795621,42.430832813,349901.000000000,4
short_many_chains,2,seeded-sync,2,6,20000,64,0,0,0,1,1525534.360906250,1014677,22.619484375,0.000000000,250.000000000,80.000000000,349901.000000000,0
short_many_chains,2,learned-sync,2,6,20000,64,0,0,0,1,859309.904103496,1014677,22.619484375,0.000000000,87.741795621,42.430832813,349901.000000000,4
short_many_chains,2,seeded-sync,3,6,20000,64,0,0,0,1,1525534.360906250,941722,22.619484375,0.000000000,250.000000000,80.000000000,349901.000000000,0
short_many_chains,2,learned-sync,3,6,20000,64,0,0,0,1,859309.904103496,941722,22.619484375,0.000000000,87.741795621,42.430832813,349901.000000000,4
short_many_chains,2,seeded-sync,4,6,20000,64,0,0,0,1,1525534.360906250,837008,22.619484375,0.000000000,250.000000000,80.000000000,349901.000000000,0
short_many_chains,2,learned-sync,4,6,20000,64,0,0,0,1,859309.904103496,837008,22.619484375,0.000000000,87.741795621,42.430832813,349901.000000000,4
short_many_chains,2,seeded-sync,5,6,20000,64,0,0,0,1,1525534.360906250,875286,22.619484375,0.000000000,250.000000000,80.000000000,349901.000000000,0
short_many_chains,2,learned-sync,5,6,20000,64,0,0,0,1,859309.904103496,875286,22.619484375,0.000000000,87.741795621,42.430832813,349901.000000000,4
short_many_chains,2,seeded-sync,6,6,20000,64,0,0,0,1,1525534.360906250,893177,22.619484375,0.000000000,250.000000000,80.000000000,349901.000000000,0
short_many_chains,2,learned-sync,6,6,20000,64,0,0,0,1,859309.904103496,893177,22.619484375,0.000000000,87.741795621,42.430832813,349901.000000000,4
long_chain,1,seeded-sync,0,6,200000,1,0,0,0,1,12017513.555998281,33938217,21.150403672,0.000000000,250.000000000,80.000000000,312266.000000000,0
long_chain,1,learned-sync,0,6,200000,1,0,0,0,1,29959698.675222408,33938217,21.150403672,0.000000000,820.946190825,47.308597656,312266.000000000,4
long_chain,1,seeded-sync,1,6,200000,1,0,0,0,1,12017513.555998281,32676875,21.150403672,0.000000000,250.000000000,80.000000000,312266.000000000,0
long_chain,1,learned-sync,1,6,200000,1,0,0,0,1,29959698.675222408,32676875,21.150403672,0.000000000,820.946190825,47.308597656,312266.000000000,4
long_chain,1,seeded-sync,2,6,200000,1,0,0,0,1,12017513.555998281,32818854,21.150403672,0.000000000,250.000000000,80.000000000,312266.000000000,0
long_chain,1,learned-sync,2,6,200000,1,0,0,0,1,29959698.675222408,32818854,21.150403672,0.000000000,820.946190825,47.308597656,312266.000000000,4
long_chain,1,seeded-sync,3,6,200000,1,0,0,0,1,12017513.555998281,34105376,21.150403672,0.000000000,250.000000000,80.000000000,312266.000000000,0
long_chain,1,learned-sync,3,6,200000,1,0,0,0,1,29959698.675222408,34105376,21.150403672,0.000000000,820.946190825,47.308597656,312266.000000000,4
long_chain,1,seeded-sync,4,6,200000,1,0,0,0,1,12017513.555998281,33395253,21.150403672,0.000000000,250.000000000,80.000000000,312266.000000000,0
long_chain,1,learned-sync,4,6,200000,1,0,0,0,1,29959698.675222408,33395253,21.150403672,0.000000000,820.946190825,47.308597656,312266.000000000,4
long_chain,1,seeded-sync,5,6,200000,1,0,0,0,1,12017513.555998281,32964428,21.150403672,0.000000000,250.000000000,80.000000000,312266.000000000,0
long_chain,1,learned-sync,5,6,200000,1,0,0,0,1,29959698.675222408,32964428,21.150403672,0.000000000,820.946190825,47.308597656,312266.000000000,4
long_chain,1,seeded-sync,6,6,200000,1,0,0,0,1,12017513.555998281,32132101,21.150403672,0.000000000,250.000000000,80.000000000,312266.000000000,0
long_chain,1,learned-sync,6,6,200000,1,0,0,0,1,29959698.675222408,32132101,21.150403672,0.000000000,820.946190825,47.308597656,312266.000000000,4
tiny_chain,1,seeded-sync,0,8,257,1,0,0,0,1,537918.686892023,679728,20.566269455,0.000000000,250.000000000,80.000000000,526350.000000000,0
tiny_chain,1,learned-sync,0,8,257,1,0,0,0,1,782458.642211677,679728,20.566269455,0.000000000,7647.952697754,92.348978599,526350.000000000,4
tiny_chain,1,seeded-sync,1,8,257,1,0,0,0,1,537918.686892023,634654,20.566269455,0.000000000,250.000000000,80.000000000,526350.000000000,0
tiny_chain,1,learned-sync,1,8,257,1,0,0,0,1,782458.642211677,634654,20.566269455,0.000000000,7647.952697754,92.348978599,526350.000000000,4
tiny_chain,1,seeded-sync,2,8,257,1,0,0,0,1,537918.686892023,561524,20.566269455,0.000000000,250.000000000,80.000000000,526350.000000000,0
tiny_chain,1,learned-sync,2,8,257,1,0,0,0,1,782458.642211677,561524,20.566269455,0.000000000,7647.952697754,92.348978599,526350.000000000,4
tiny_chain,1,seeded-sync,3,8,257,1,0,0,0,1,537918.686892023,573917,20.566269455,0.000000000,250.000000000,80.000000000,526350.000000000,0
tiny_chain,1,learned-sync,3,8,257,1,0,0,0,1,782458.642211677,573917,20.566269455,0.000000000,7647.952697754,92.348978599,526350.000000000,4
tiny_chain,1,seeded-sync,4,8,257,1,0,0,0,1,537918.686892023,562901,20.566269455,0.000000000,250.000000000,80.000000000,526350.000000000,0
tiny_chain,1,learned-sync,4,8,257,1,0,0,0,1,782458.642211677,562901,20.566269455,0.000000000,7647.952697754,92.348978599,526350.000000000,4
tiny_chain,1,seeded-sync,5,8,257,1,0,0,0,1,537918.686892023,582623,20.566269455,0.000000000,250.000000000,80.000000000,526350.000000000,0
tiny_chain,1,learned-sync,5,8,257,1,0,0,0,1,782458.642211677,582623,20.566269455,0.000000000,7647.952697754,92.348978599,526350.000000000,4
tiny_chain,1,seeded-sync,6,8,257,1,0,0,0,1,537918.686892023,567309,20.566269455,0.000000000,250.000000000,80.000000000,526350.000000000,0
tiny_chain,1,learned-sync,6,8,257,1,0,0,0,1,782458.642211677,567309,20.566269455,0.000000000,7647.952697754,92.348978599,526350.000000000,4
tiny_chain,0,seeded-sync,0,5,257,1,0,0,0,1,329683.299610895,345265,20.832684825,0.000000000,250.000000000,80.000000000,311440.000000000,0
tiny_chain,0,learned-sync,0,5,257,1,0,0,0,1,453648.267024296,345265,20.832684825,0.000000000,2665.308898926,48.632782101,311440.000000000,4
tiny_chain,0,seeded-sync,1,5,257,1,0,0,0,1,329683.299610895,379914,20.832684825,0.000000000,250.000000000,80.000000000,311440.000000000,0
tiny_chain,0,learned-sync,1,5,257,1,0,0,0,1,453648.267024296,379914,20.832684825,0.000000000,2665.308898926,48.632782101,311440.000000000,4
tiny_chain,0,seeded-sync,2,5,257,1,0,0,0,1,329683.299610895,355640,20.832684825,0.000000000,250.000000000,80.000000000,311440.000000000,0
tiny_chain,0,learned-sync,2,5,257,1,0,0,0,1,453648.267024296,355640,20.832684825,0.000000000,2665.308898926,48.632782101,311440.000000000,4
tiny_chain,0,seeded-sync,3,5,257,1,0,0,0,1,329683.299610895,360901,20.832684825,0.000000000,250.000000000,80.000000000,311440.000000000,0
tiny_chain,0,learned-sync,3,5,257,1,0,0,0,1,453648.267024296,360901,20.832684825,0.000000000,2665.308898926,48.632782101,311440.000000000,4
tiny_chain,0,seeded-sync,4,5,257,1,0,0,0,1,329683.299610895,350669,20.832684825,0.000000000,250.000000000,80.000000000,311440.000000000,0
tiny_chain,0,learned-sync,4,5,257,1,0,0,0,1,453648.267024296,350669,20.832684825,0.000000000,2665.308898926,48.632782101,311440.000000000,4
tiny_chain,0,seeded-sync,5,5,257,1,0,0,0,1,329683.299610895,391413,20.832684825,0.000000000,250.000000000,80.000000000,311440.000000000,0
tiny_chain,0,learned-sync,5,5,257,1,0,0,0,1,453648.267024296,391413,20.832684825,0.000000000,2665.308898926,48.632782101,311440.000000000,4
tiny_chain,0,seeded-sync,6,5,257,1,0,0,0,1,329683.299610895,391319,20.832684825,0.000000000,250.000000000,80.000000000,311440.000000000,0
tiny_chain,0,learned-sync,6,5,257,1,0,0,0,1,453648.267024296,391319,20.832684825,0.000000000,2665.308898926,48.632782101,311440.000000000,4
long_chain,2,seeded-sync,0,5,200000,1,0,0,0,1,14325045.765625000,32463799,20.874869141,0.000000000,250.000000000,80.000000000,290051.000000000,0
long_chain,2,learned-sync,0,5,200000,1,0,0,0,1,28177672.707487036,32463799,20.874869141,0.000000000,628.771810187,47.543863359,290051.000000000,4
long_chain,2,seeded-sync,1,5,200000,1,0,0,0,1,14325045.765625000,30547810,20.874869141,0.000000000,250.000000000,80.000000000,290051.000000000,0
long_chain,2,learned-sync,1,5,200000,1,0,0,0,1,28177672.707487036,30547810,20.874869141,0.000000000,628.771810187,47.543863359,290051.000000000,4
long_chain,2,seeded-sync,2,5,200000,1,0,0,0,1,14325045.765625000,31173131,20.874869141,0.000000000,250.000000000,80.000000000,290051.000000000,0
long_chain,2,learned-sync,2,5,200000,1,0,0,0,1,28177672.707487036,31173131,20.874869141,0.000000000,628.771810187,47.543863359,290051.000000000,4
long_chain,2,seeded-sync,3,5,200000,1,0,0,0,1,14325045.765625000,31374017,20.874869141,0.000000000,250.000000000,80.000000000,290051.000000000,0
long_chain,2,learned-sync,3,5,200000,1,0,0,0,1,28177672.707487036,31374017,20.874869141,0.000000000,628.771810187,47.543863359,290051.000000000,4
long_chain,2,seeded-sync,4,5,200000,1,0,0,0,1,14325045.765625000,31728456,20.874869141,0.000000000,250.000000000,80.000000000,290051.000000000,0
long_chain,2,learned-sync,4,5,200000,1,0,0,0,1,28177672.707487036,31728456,20.874869141,0.000000000,628.771810187,47.543863359,290051.000000000,4
long_chain,2,seeded-sync,5,5,200000,1,0,0,0,1,14325045.765625000,33008627,20.874869141,0.000000000,250.000000000,80.000000000,290051.000000000,0
long_chain,2,learned-sync,5,5,200000,1,0,0,0,1,28177672.707487036,33008627,20.874869141,0.000000000,628.771810187,47.543863359,290051.000000000,4
long_chain,2,seeded-sync,6,5,200000,1,0,0,0,1,14325045.765625000,32774991,20.874869141,0.000000000,250.000000000,80.000000000,290051.000000000,0
long_chain,2,learned-sync,6,5,200000,1,0,0,0,1,28177672.707487036,32774991,20.874869141,0.000000000,628.771810187,47.543863359,290051.000000000,4
short_four_chains,0,seeded-sync,0,8,20000,4,0,0,0,1,1369207.337890625,1162271,20.863735156,0.000000000,250.000000000,80.000000000,492048.000000000,0
short_four_chains,0,learned-sync,0,8,20000,4,0,0,0,1,1185789.946229871,1162271,20.863735156,0.000000000,206.126834742,50.506208594,492048.000000000,4
short_four_chains,0,seeded-sync,1,8,20000,4,0,0,0,1,1369207.337890625,1099004,20.863735156,0.000000000,250.000000000,80.000000000,492048.000000000,0
short_four_chains,0,learned-sync,1,8,20000,4,0,0,0,1,1185789.946229871,1099004,20.863735156,0.000000000,206.126834742,50.506208594,492048.000000000,4
short_four_chains,0,seeded-sync,2,8,20000,4,0,0,0,1,1369207.337890625,1091785,20.863735156,0.000000000,250.000000000,80.000000000,492048.000000000,0
short_four_chains,0,learned-sync,2,8,20000,4,0,0,0,1,1185789.946229871,1091785,20.863735156,0.000000000,206.126834742,50.506208594,492048.000000000,4
short_four_chains,0,seeded-sync,3,8,20000,4,0,0,0,1,1369207.337890625,1200328,20.863735156,0.000000000,250.000000000,80.000000000,492048.000000000,0
short_four_chains,0,learned-sync,3,8,20000,4,0,0,0,1,1185789.946229871,1200328,20.863735156,0.000000000,206.126834742,50.506208594,492048.000000000,4
short_four_chains,0,seeded-sync,4,8,20000,4,0,0,0,1,1369207.337890625,1146015,20.863735156,0.000000000,250.000000000,80.000000000,492048.000000000,0
short_four_chains,0,learned-sync,4,8,20000,4,0,0,0,1,1185789.946229871,1146015,20.863735156,0.000000000,206.126834742,50.506208594,492048.000000000,4
short_four_chains,0,seeded-sync,5,8,20000,4,0,0,0,1,1369207.337890625,1151433,20.863735156,0.000000000,250.000000000,80.000000000,492048.000000000,0
short_four_chains,0,learned-sync,5,8,20000,4,0,0,0,1,1185789.946229871,1151433,20.863735156,0.000000000,206.126834742,50.506208594,492048.000000000,4
short_four_chains,0,seeded-sync,6,8,20000,4,0,0,0,1,1369207.337890625,1133359,20.863735156,0.000000000,250.000000000,80.000000000,492048.000000000,0
short_four_chains,0,learned-sync,6,8,20000,4,0,0,0,1,1185789.946229871,1133359,20.863735156,0.000000000,206.126834742,50.506208594,492048.000000000,4
long_chain,2,seeded-sync,0,7,200000,1,0,0,0,1,10412805.671207501,40767903,21.768363125,0.000000000,250.000000000,80.000000000,362080.000000000,0
long_chain,2,learned-sync,0,7,200000,1,0,0,0,1,95144179.590069905,40767903,21.768363125,0.000000000,3243.417556228,52.121220156,362080.000000000,4
long_chain,2,seeded-sync,1,7,200000,1,0,0,0,1,10412805.671207501,39573579,21.768363125,0.000000000,250.000000000,80.000000000,362080.000000000,0
long_chain,2,learned-sync,1,7,200000,1,0,0,0,1,95144179.590069905,39573579,21.768363125,0.000000000,3243.417556228,52.121220156,362080.000000000,4
long_chain,2,seeded-sync,2,7,200000,1,0,0,0,1,10412805.671207501,37400013,21.768363125,0.000000000,250.000000000,80.000000000,362080.000000000,0
long_chain,2,learned-sync,2,7,200000,1,0,0,0,1,95144179.590069905,37400013,21.768363125,0.000000000,3243.417556228,52.121220156,362080.000000000,4
long_chain,2,seeded-sync,3,7,200000,1,0,0,0,1,10412805.671207501,36182675,21.768363125,0.000000000,250.000000000,80.000000000,362080.000000000,0
long_chain,2,learned-sync,3,7,200000,1,0,0,0,1,95144179.590069905,36182675,21.768363125,0.000000000,3243.417556228,52.121220156,362080.000000000,4
long_chain,2,seeded-sync,4,7,200000,1,0,0,0,1,10412805.671207501,137145051,21.768363125,0.000000000,250.000000000,80.000000000,362080.000000000,0
long_chain,2,learned-sync,4,7,200000,1,0,0,0,1,95144179.590069905,137145051,21.768363125,0.000000000,3243.417556228,52.121220156,362080.000000000,4
long_chain,2,seeded-sync,5,7,200000,1,0,0,0,1,10412805.671207501,48932773,21.768363125,0.000000000,250.000000000,80.000000000,362080.000000000,0
long_chain,2,learned-sync,5,7,200000,1,0,0,0,1,95144179.590069905,48932773,21.768363125,0.000000000,3243.417556228,52.121220156,362080.000000000,4
long_chain,2,seeded-sync,6,7,200000,1,0,0,0,1,10412805.671207501,40702514,21.768363125,0.000000000,250.000000000,80.000000000,362080.000000000,0
long_chain,2,learned-sync,6,7,200000,1,0,0,0,1,95144179.590069905,40702514,21.768363125,0.000000000,3243.417556228,52.121220156,362080.000000000,4
dependent_compute,0,seeded-sync,0,2,32768,1,16,0,0,1,7346805.796875000,5609067,108.960680962,0.000000000,250.000000000,80.000000000,154874.000000000,0
dependent_compute,0,learned-sync,0,2,32768,1,16,0,0,1,6082344.185145783,5609067,108.960680962,0.000000000,207.339041566,45.484346390,154874.000000000,4
dependent_compute,0,seeded-sync,1,2,32768,1,16,0,0,1,7346805.796875000,7007611,108.960680962,0.000000000,250.000000000,80.000000000,154874.000000000,0
dependent_compute,0,learned-sync,1,2,32768,1,16,0,0,1,6082344.185145783,7007611,108.960680962,0.000000000,207.339041566,45.484346390,154874.000000000,4
dependent_compute,0,seeded-sync,2,2,32768,1,16,0,0,1,7346805.796875000,7116425,108.960680962,0.000000000,250.000000000,80.000000000,154874.000000000,0
dependent_compute,0,learned-sync,2,2,32768,1,16,0,0,1,6082344.185145783,7116425,108.960680962,0.000000000,207.339041566,45.484346390,154874.000000000,4
dependent_compute,0,seeded-sync,3,2,32768,1,16,0,0,1,7346805.796875000,7097442,108.960680962,0.000000000,250.000000000,80.000000000,154874.000000000,0
dependent_compute,0,learned-sync,3,2,32768,1,16,0,0,1,6082344.185145783,7097442,108.960680962,0.000000000,207.339041566,45.484346390,154874.000000000,4
dependent_compute,0,seeded-sync,4,2,32768,1,16,0,0,1,7346805.796875000,7068105,108.960680962,0.000000000,250.000000000,80.000000000,154874.000000000,0
dependent_compute,0,learned-sync,4,2,32768,1,16,0,0,1,6082344.185145783,7068105,108.960680962,0.000000000,207.339041566,45.484346390,154874.000000000,4
dependent_compute,0,seeded-sync,5,2,32768,1,16,0,0,1,7346805.796875000,6837179,108.960680962,0.000000000,250.000000000,80.000000000,154874.000000000,0
dependent_compute,0,learned-sync,5,2,32768,1,16,0,0,1,6082344.185145783,6837179,108.960680962,0.000000000,207.339041566,45.484346390,154874.000000000,4
dependent_compute,0,seeded-sync,6,2,32768,1,16,0,0,1,7346805.796875000,7086904,108.960680962,0.000000000,250.000000000,80.000000000,154874.000000000,0
dependent_compute,0,learned-sync,6,2,32768,1,16,0,0,1,6082344.185145783,7086904,108.960680962,0.000000000,207.339041566,45.484346390,154874.000000000,4
short_chain,2,seeded-sync,0,6,20000,1,0,0,0,1,1499567.943603125,3451751,21.579467188,0.000000000,250.000000000,80.000000000,327402.000000000,0
short_chain,2,learned-sync,0,6,20000,1,0,0,0,1,3432368.356070832,3451751,21.579467188,0.000000000,862.515590623,47.208588281,327402.000000000,4
short_chain,2,seeded-sync,1,6,20000,1,0,0,0,1,1499567.943603125,4104145,21.579467188,0.000000000,250.000000000,80.000000000,327402.000000000,0
short_chain,2,learned-sync,1,6,20000,1,0,0,0,1,3432368.356070832,4104145,21.579467188,0.000000000,862.515590623,47.208588281,327402.000000000,4
short_chain,2,seeded-sync,2,6,20000,1,0,0,0,1,1499567.943603125,3557797,21.579467188,0.000000000,250.000000000,80.000000000,327402.000000000,0
short_chain,2,learned-sync,2,6,20000,1,0,0,0,1,3432368.356070832,3557797,21.579467188,0.000000000,862.515590623,47.208588281,327402.000000000,4
short_chain,2,seeded-sync,3,6,20000,1,0,0,0,1,1499567.943603125,3713194,21.579467188,0.000000000,250.000000000,80.000000000,327402.000000000,0
short_chain,2,learned-sync,3,6,20000,1,0,0,0,1,3432368.356070832,3713194,21.579467188,0.000000000,862.515590623,47.208588281,327402.000000000,4
short_chain,2,seeded-sync,4,6,20000,1,0,0,0,1,1499567.943603125,3686006,21.579467188,0.000000000,250.000000000,80.000000000,327402.000000000,0
short_chain,2,learned-sync,4,6,20000,1,0,0,0,1,3432368.356070832,3686006,21.579467188,0.000000000,862.515590623,47.208588281,327402.000000000,4
short_chain,2,seeded-sync,5,6,20000,1,0,0,0,1,1499567.943603125,3521029,21.579467188,0.000000000,250.000000000,80.000000000,327402.000000000,0
short_chain,2,learned-sync,5,6,20000,1,0,0,0,1,3432368.356070832,3521029,21.579467188,0.000000000,862.515590623,47.208588281,327402.000000000,4
short_chain,2,seeded-sync,6,6,20000,1,0,0,0,1,1499567.943603125,3744296,21.579467188,0.000000000,250.000000000,80.000000000,327402.000000000,0
short_chain,2,learned-sync,6,6,20000,1,0,0,0,1,3432368.356070832,3744296,21.579467188,0.000000000,862.515590623,47.208588281,327402.000000000,4
dependent_compute,0,seeded-sync,0,7,32768,1,16,0,0,1,2416537.849975586,9120070,109.491638184,0.000000000,250.000000000,80.000000000,358838.000000000,0
dependent_compute,0,learned-sync,0,7,32768,1,16,0,0,1,8654611.271883702,9120070,109.491638184,0.000000000,1613.839616649,48.512673378,358838.000000000,4
dependent_compute,0,seeded-sync,1,7,32768,1,16,0,0,1,2416537.849975586,9219625,109.491638184,0.000000000,250.000000000,80.000000000,358838.000000000,0
dependent_compute,0,learned-sync,1,7,32768,1,16,0,0,1,8654611.271883702,9219625,109.491638184,0.000000000,1613.839616649,48.512673378,358838.000000000,4
dependent_compute,0,seeded-sync,2,7,32768,1,16,0,0,1,2416537.849975586,8483534,109.491638184,0.000000000,250.000000000,80.000000000,358838.000000000,0
dependent_compute,0,learned-sync,2,7,32768,1,16,0,0,1,8654611.271883702,8483534,109.491638184,0.000000000,1613.839616649,48.512673378,358838.000000000,4
dependent_compute,0,seeded-sync,3,7,32768,1,16,0,0,1,2416537.849975586,7934492,109.491638184,0.000000000,250.000000000,80.000000000,358838.000000000,0
dependent_compute,0,learned-sync,3,7,32768,1,16,0,0,1,8654611.271883702,7934492,109.491638184,0.000000000,1613.839616649,48.512673378,358838.000000000,4
dependent_compute,0,seeded-sync,4,7,32768,1,16,0,0,1,2416537.849975586,8198063,109.491638184,0.000000000,250.000000000,80.000000000,358838.000000000,0
dependent_compute,0,learned-sync,4,7,32768,1,16,0,0,1,8654611.271883702,8198063,109.491638184,0.000000000,1613.839616649,48.512673378,358838.000000000,4
dependent_compute,0,seeded-sync,5,7,32768,1,16,0,0,1,2416537.849975586,8168820,109.491638184,0.000000000,250.000000000,80.000000000,358838.000000000,0
dependent_compute,0,learned-sync,5,7,32768,1,16,0,0,1,8654611.271883702,8168820,109.491638184,0.000000000,1613.839616649,48.512673378,358838.000000000,4
dependent_compute,0,seeded-sync,6,7,32768,1,16,0,0,1,2416537.849975586,8143689,109.491638184,0.000000000,250.000000000,80.000000000,358838.000000000,0
dependent_compute,0,learned-sync,6,7,32768,1,16,0,0,1,8654611.271883702,8143689,109.491638184,0.000000000,1613.839616649,48.512673378,358838.000000000,4
short_chain,0,seeded-sync,0,5,20000,1,0,0,0,1,1696326.540625000,3680220,20.303885156,0.000000000,250.000000000,80.000000000,295111.000000000,0
short_chain,0,learned-sync,0,5,20000,1,0,0,0,1,3279561.937802827,3680220,20.303885156,0.000000000,679.298389138,46.510460156,295111.000000000,4
short_chain,0,seeded-sync,1,5,20000,1,0,0,0,1,1696326.540625000,3121546,20.303885156,0.000000000,250.000000000,80.000000000,295111.000000000,0
short_chain,0,learned-sync,1,5,20000,1,0,0,0,1,3279561.937802827,3121546,20.303885156,0.000000000,679.298389138,46.510460156,295111.000000000,4
short_chain,0,seeded-sync,2,5,20000,1,0,0,0,1,1696326.540625000,3255232,20.303885156,0.000000000,250.000000000,80.000000000,295111.000000000,0
short_chain,0,learned-sync,2,5,20000,1,0,0,0,1,3279561.937802827,3255232,20.303885156,0.000000000,679.298389138,46.510460156,295111.000000000,4
short_chain,0,seeded-sync,3,5,20000,1,0,0,0,1,1696326.540625000,3161926,20.303885156,0.000000000,250.000000000,80.000000000,295111.000000000,0
short_chain,0,learned-sync,3,5,20000,1,0,0,0,1,3279561.937802827,3161926,20.303885156,0.000000000,679.298389138,46.510460156,295111.000000000,4
short_chain,0,seeded-sync,4,5,20000,1,0,0,0,1,1696326.540625000,3355979,20.303885156,0.000000000,250.000000000,80.000000000,295111.000000000,0
short_chain,0,learned-sync,4,5,20000,1,0,0,0,1,3279561.937802827,3355979,20.303885156,0.000000000,679.298389138,46.510460156,295111.000000000,4
short_chain,0,seeded-sync,5,5,20000,1,0,0,0,1,1696326.540625000,3305817,20.303885156,0.000000000,250.000000000,80.000000000,295111.000000000,0
short_chain,0,learned-sync,5,5,20000,1,0,0,0,1,3279561.937802827,3305817,20.303885156,0.000000000,679.298389138,46.510460156,295111.000000000,4
short_chain,0,seeded-sync,6,5,20000,1,0,0,0,1,1696326.540625000,3382906,20.303885156,0.000000000,250.000000000,80.000000000,295111.000000000,0
short_chain,0,learned-sync,6,5,20000,1,0,0,0,1,3279561.937802827,3382906,20.303885156,0.000000000,679.298389138,46.510460156,295111.000000000,4
independent_after,0,seeded-sync,0,4,32768,4,0,16,1,1,3992999.804687500,1785536,21.234755516,109.525108337,250.000000000,80.000000000,218455.000000000,0
independent_after,0,learned-sync,0,4,32768,4,0,16,1,1,1849755.548067715,1785536,21.234755516,109.525108337,34.255098965,34.118404865,218455.000000000,4
independent_after,0,seeded-sync,1,4,32768,4,0,16,1,1,3992999.804687500,1736626,21.234755516,109.525108337,250.000000000,80.000000000,218455.000000000,0
independent_after,0,learned-sync,1,4,32768,4,0,16,1,1,1849755.548067715,1736626,21.234755516,109.525108337,34.255098965,34.118404865,218455.000000000,4
independent_after,0,seeded-sync,2,4,32768,4,0,16,1,1,3992999.804687500,2048311,21.234755516,109.525108337,250.000000000,80.000000000,218455.000000000,0
independent_after,0,learned-sync,2,4,32768,4,0,16,1,1,1849755.548067715,2048311,21.234755516,109.525108337,34.255098965,34.118404865,218455.000000000,4
independent_after,0,seeded-sync,3,4,32768,4,0,16,1,1,3992999.804687500,1979338,21.234755516,109.525108337,250.000000000,80.000000000,218455.000000000,0
independent_after,0,learned-sync,3,4,32768,4,0,16,1,1,1849755.548067715,1979338,21.234755516,109.525108337,34.255098965,34.118404865,218455.000000000,4
independent_after,0,seeded-sync,4,4,32768,4,0,16,1,1,3992999.804687500,1736470,21.234755516,109.525108337,250.000000000,80.000000000,218455.000000000,0
independent_after,0,learned-sync,4,4,32768,4,0,16,1,1,1849755.548067715,1736470,21.234755516,109.525108337,34.255098965,34.118404865,218455.000000000,4
independent_after,0,seeded-sync,5,4,32768,4,0,16,1,1,3992999.804687500,1744384,21.234755516,109.525108337,250.000000000,80.000000000,218455.000000000,0
independent_after,0,learned-sync,5,4,32768,4,0,16,1,1,1849755.548067715,1744384,21.234755516,109.525108337,34.255098965,34.118404865,218455.000000000,4
independent_after,0,seeded-sync,6,4,32768,4,0,16,1,1,3992999.804687500,1986791,21.234755516,109.525108337,250.000000000,80.000000000,218455.000000000,0
independent_after,0,learned-sync,6,4,32768,4,0,16,1,1,1849755.548067715,1986791,21.234755516,109.525108337,34.255098965,34.118404865,218455.000000000,4
large_arrays,0,seeded-sync,0,5,1000000,64,0,0,0,1,70395101.693750009,33159829,20.585498469,0.000000000,250.000000000,80.000000000,278002.000000000,0
large_arrays,0,learned-sync,0,5,1000000,64,0,0,0,1,21443032.224738982,33159829,20.585498469,0.000000000,43.426249139,41.813403516,278002.000000000,4
large_arrays,0,seeded-sync,1,5,1000000,64,0,0,0,1,70395101.693750009,32223939,20.585498469,0.000000000,250.000000000,80.000000000,278002.000000000,0
large_arrays,0,learned-sync,1,5,1000000,64,0,0,0,1,21443032.224738982,32223939,20.585498469,0.000000000,43.426249139,41.813403516,278002.000000000,4
large_arrays,0,seeded-sync,2,5,1000000,64,0,0,0,1,70395101.693750009,29699345,20.585498469,0.000000000,250.000000000,80.000000000,278002.000000000,0
large_arrays,0,learned-sync,2,5,1000000,64,0,0,0,1,21443032.224738982,29699345,20.585498469,0.000000000,43.426249139,41.813403516,278002.000000000,4
large_arrays,0,seeded-sync,3,5,1000000,64,0,0,0,1,70395101.693750009,29842027,20.585498469,0.000000000,250.000000000,80.000000000,278002.000000000,0
large_arrays,0,learned-sync,3,5,1000000,64,0,0,0,1,21443032.224738982,29842027,20.585498469,0.000000000,43.426249139,41.813403516,278002.000000000,4
large_arrays,0,seeded-sync,4,5,1000000,64,0,0,0,1,70395101.693750009,30099659,20.585498469,0.000000000,250.000000000,80.000000000,278002.000000000,0
large_arrays,0,learned-sync,4,5,1000000,64,0,0,0,1,21443032.224738982,30099659,20.585498469,0.000000000,43.426249139,41.813403516,278002.000000000,4
large_arrays,0,seeded-sync,5,5,1000000,64,0,0,0,1,70395101.693750009,29800239,20.585498469,0.000000000,250.000000000,80.000000000,278002.000000000,0
large_arrays,0,learned-sync,5,5,1000000,64,0,0,0,1,21443032.224738982,29800239,20.585498469,0.000000000,43.426249139,41.813403516,278002.000000000,4
large_arrays,0,seeded-sync,6,5,1000000,64,0,0,0,1,70395101.693750009,105318086,20.585498469,0.000000000,250.000000000,80.000000000,278002.000000000,0
large_arrays,0,learned-sync,6,5,1000000,64,0,0,0,1,21443032.224738982,105318086,20.585498469,0.000000000,43.426249139,41.813403516,278002.000000000,4
dependent_compute,2,seeded-sync,0,5,32768,1,16,0,0,1,3139500.092816353,7843270,108.974228382,0.000000000,250.000000000,80.000000000,262463.000000000,0
dependent_compute,2,learned-sync,0,5,32768,1,16,0,0,1,7468053.157186614,7843270,108.974228382,0.000000000,943.948533872,46.495937347,262463.000000000,4
dependent_compute,2,seeded-sync,1,5,32768,1,16,0,0,1,3139500.092816353,8179599,108.974228382,0.000000000,250.000000000,80.000000000,262463.000000000,0
dependent_compute,2,learned-sync,1,5,32768,1,16,0,0,1,7468053.157186614,8179599,108.974228382,0.000000000,943.948533872,46.495937347,262463.000000000,4
dependent_compute,2,seeded-sync,2,5,32768,1,16,0,0,1,3139500.092816353,7845667,108.974228382,0.000000000,250.000000000,80.000000000,262463.000000000,0
dependent_compute,2,learned-sync,2,5,32768,1,16,0,0,1,7468053.157186614,7845667,108.974228382,0.000000000,943.948533872,46.495937347,262463.000000000,4
dependent_compute,2,seeded-sync,3,5,32768,1,16,0,0,1,3139500.092816353,7817886,108.974228382,0.000000000,250.000000000,80.000000000,262463.000000000,0
dependent_compute,2,learned-sync,3,5,32768,1,16,0,0,1,7468053.157186614,7817886,108.974228382,0.000000000,943.948533872,46.495937347,262463.000000000,4
dependent_compute,2,seeded-sync,4,5,32768,1,16,0,0,1,3139500.092816353,7860297,108.974228382,0.000000000,250.000000000,80.000000000,262463.000000000,0
dependent_compute,2,learned-sync,4,5,32768,1,16,0,0,1,7468053.157186614,7860297,108.974228382,0.000000000,943.948533872,46.495937347,262463.000000000,4
dependent_compute,2,seeded-sync,5,5,32768,1,16,0,0,1,3139500.092816353,7576362,108.974228382,0.000000000,250.000000000,80.000000000,262463.000000000,0
dependent_compute,2,learned-sync,5,5,32768,1,16,0,0,1,7468053.157186614,7576362,108.974228382,0.000000000,943.948533872,46.495937347,262463.000000000,4
dependent_compute,2,seeded-sync,6,5,32768,1,16,0,0,1,3139500.092816353,8192107,108.974228382,0.000000000,250.000000000,80.000000000,262463.000000000,0
dependent_compute,2,learned-sync,6,5,32768,1,16,0,0,1,7468053.157186614,8192107,108.974228382,0.000000000,943.948533872,46.495937347,262463.000000000,4
short_many_chains,0,seeded-sync,0,6,20000,64,0,0,0,1,1464941.524204687,903535,20.782400781,0.000000000,250.000000000,80.000000000,295433.000000000,0
short_many_chains,0,learned-sync,0,6,20000,64,0,0,0,1,755270.232141656,903535,20.782400781,0.000000000,74.434009926,42.707174219,295433.000000000,4
short_many_chains,0,seeded-sync,1,6,20000,64,0,0,0,1,1464941.524204687,815767,20.782400781,0.000000000,250.000000000,80.000000000,295433.000000000,0
short_many_chains,0,learned-sync,1,6,20000,64,0,0,0,1,755270.232141656,815767,20.782400781,0.000000000,74.434009926,42.707174219,295433.000000000,4
short_many_chains,0,seeded-sync,2,6,20000,64,0,0,0,1,1464941.524204687,939150,20.782400781,0.000000000,250.000000000,80.000000000,295433.000000000,0
short_many_chains,0,learned-sync,2,6,20000,64,0,0,0,1,755270.232141656,939150,20.782400781,0.000000000,74.434009926,42.707174219,295433.000000000,4
short_many_chains,0,seeded-sync,3,6,20000,64,0,0,0,1,1464941.524204687,871430,20.782400781,0.000000000,250.000000000,80.000000000,295433.000000000,0
short_many_chains,0,learned-sync,3,6,20000,64,0,0,0,1,755270.232141656,871430,20.782400781,0.000000000,74.434009926,42.707174219,295433.000000000,4
short_many_chains,0,seeded-sync,4,6,20000,64,0,0,0,1,1464941.524204687,893177,20.782400781,0.000000000,250.000000000,80.000000000,295433.000000000,0
short_many_chains,0,learned-sync,4,6,20000,64,0,0,0,1,755270.232141656,893177,20.782400781,0.000000000,74.434009926,42.707174219,295433.000000000,4
short_many_chains,0,seeded-sync,5,6,20000,64,0,0,0,1,1464941.524204687,852677,20.782400781,0.000000000,250.000000000,80.000000000,295433.000000000,0
short_many_chains,0,learned-sync,5,6,20000,64,0,0,0,1,755270.232141656,852677,20.782400781,0.000000000,74.434009926,42.707174219,295433.000000000,4
short_many_chains,0,seeded-sync,6,6,20000,64,0,0,0,1,1464941.524204687,855046,20.782400781,0.000000000,250.000000000,80.000000000,295433.000000000,0
short_many_chains,0,learned-sync,6,6,20000,64,0,0,0,1,755270.232141656,855046,20.782400781,0.000000000,74.434009926,42.707174219,295433.000000000,4
independent_after,2,seeded-sync,0,6,32768,4,0,16,1,1,2858194.416387558,2096214,21.182401657,109.371867180,250.000000000,80.000000000,342647.000000000,0
independent_after,2,learned-sync,0,6,32768,4,0,16,1,1,1866553.316810141,2096214,21.182401657,109.371867180,103.743223794,44.704030037,342647.000000000,4
independent_after,2,seeded-sync,1,6,32768,4,0,16,1,1,2858194.416387558,1879337,21.182401657,109.371867180,250.000000000,80.000000000,342647.000000000,0
independent_after,2,learned-sync,1,6,32768,4,0,16,1,1,1866553.316810141,1879337,21.182401657,109.371867180,103.743223794,44.704030037,342647.000000000,4
independent_after,2,seeded-sync,2,6,32768,4,0,16,1,1,2858194.416387558,2069692,21.182401657,109.371867180,250.000000000,80.000000000,342647.000000000,0
independent_after,2,learned-sync,2,6,32768,4,0,16,1,1,1866553.316810141,2069692,21.182401657,109.371867180,103.743223794,44.704030037,342647.000000000,4
independent_after,2,seeded-sync,3,6,32768,4,0,16,1,1,2858194.416387558,1952846,21.182401657,109.371867180,250.000000000,80.000000000,342647.000000000,0
independent_after,2,learned-sync,3,6,32768,4,0,16,1,1,1866553.316810141,1952846,21.182401657,109.371867180,103.743223794,44.704030037,342647.000000000,4
independent_after,2,seeded-sync,4,6,32768,4,0,16,1,1,2858194.416387558,2005341,21.182401657,109.371867180,250.000000000,80.000000000,342647.000000000,0
independent_after,2,learned-sync,4,6,32768,4,0,16,1,1,1866553.316810141,2005341,21.182401657,109.371867180,103.743223794,44.704030037,342647.000000000,4
independent_after,2,seeded-sync,5,6,32768,4,0,16,1,1,2858194.416387558,2116363,21.182401657,109.371867180,250.000000000,80.000000000,342647.000000000,0
independent_after,2,learned-sync,5,6,32768,4,0,16,1,1,1866553.316810141,2116363,21.182401657,109.371867180,103.743223794,44.704030037,342647.000000000,4
independent_after,2,seeded-sync,6,6,32768,4,0,16,1,1,2858194.416387558,2971857,21.182401657,109.371867180,250.000000000,80.000000000,342647.000000000,0
independent_after,2,learned-sync,6,6,32768,4,0,16,1,1,1866553.316810141,2971857,21.182401657,109.371867180,103.743223794,44.704030037,342647.000000000,4
short_chain,2,seeded-sync,0,3,20000,1,0,0,0,1,2528725.383017187,2817623,21.117801562,0.000000000,250.000000000,80.000000000,187823.000000000,0
short_chain,2,learned-sync,0,3,20000,1,0,0,0,1,2488731.831737278,2817623,21.117801562,0.000000000,275.610518026,48.390749219,187823.000000000,4
short_chain,2,seeded-sync,1,3,20000,1,0,0,0,1,2528725.383017187,2872945,21.117801562,0.000000000,250.000000000,80.000000000,187823.000000000,0
short_chain,2,learned-sync,1,3,20000,1,0,0,0,1,2488731.831737278,2872945,21.117801562,0.000000000,275.610518026,48.390749219,187823.000000000,4
short_chain,2,seeded-sync,2,3,20000,1,0,0,0,1,2528725.383017187,2815688,21.117801562,0.000000000,250.000000000,80.000000000,187823.000000000,0
short_chain,2,learned-sync,2,3,20000,1,0,0,0,1,2488731.831737278,2815688,21.117801562,0.000000000,275.610518026,48.390749219,187823.000000000,4
short_chain,2,seeded-sync,3,3,20000,1,0,0,0,1,2528725.383017187,3344986,21.117801562,0.000000000,250.000000000,80.000000000,187823.000000000,0
short_chain,2,learned-sync,3,3,20000,1,0,0,0,1,2488731.831737278,3344986,21.117801562,0.000000000,275.610518026,48.390749219,187823.000000000,4
short_chain,2,seeded-sync,4,3,20000,1,0,0,0,1,2528725.383017187,2953193,21.117801562,0.000000000,250.000000000,80.000000000,187823.000000000,0
short_chain,2,learned-sync,4,3,20000,1,0,0,0,1,2488731.831737278,2953193,21.117801562,0.000000000,275.610518026,48.390749219,187823.000000000,4
short_chain,2,seeded-sync,5,3,20000,1,0,0,0,1,2528725.383017187,2797478,21.117801562,0.000000000,250.000000000,80.000000000,187823.000000000,0
short_chain,2,learned-sync,5,3,20000,1,0,0,0,1,2488731.831737278,2797478,21.117801562,0.000000000,275.610518026,48.390749219,187823.000000000,4
short_chain,2,seeded-sync,6,3,20000,1,0,0,0,1,2528725.383017187,2736263,21.117801562,0.000000000,250.000000000,80.000000000,187823.000000000,0
short_chain,2,learned-sync,6,3,20000,1,0,0,0,1,2488731.831737278,2736263,21.117801562,0.000000000,275.610518026,48.390749219,187823.000000000,4
independent_before,2,seeded-sync,0,3,32768,4,0,16,0,1,5191526.297362804,3467998,20.910803795,109.028159618,250.000000000,80.000000000,167613.000000000,0
independent_before,2,learned-sync,0,3,32768,4,0,16,0,1,2818349.060250271,3467998,20.910803795,109.028159618,68.349161809,44.386603355,167613.000000000,4
independent_before,2,seeded-sync,1,3,32768,4,0,16,0,1,5191526.297362804,3031544,20.910803795,109.028159618,250.000000000,80.000000000,167613.000000000,0
independent_before,2,learned-sync,1,3,32768,4,0,16,0,1,2818349.060250271,3031544,20.910803795,109.028159618,68.349161809,44.386603355,167613.000000000,4
independent_before,2,seeded-sync,2,3,32768,4,0,16,0,1,5191526.297362804,2908168,20.910803795,109.028159618,250.000000000,80.000000000,167613.000000000,0
independent_before,2,learned-sync,2,3,32768,4,0,16,0,1,2818349.060250271,2908168,20.910803795,109.028159618,68.349161809,44.386603355,167613.000000000,4
independent_before,2,seeded-sync,3,3,32768,4,0,16,0,1,5191526.297362804,3203712,20.910803795,109.028159618,250.000000000,80.000000000,167613.000000000,0
independent_before,2,learned-sync,3,3,32768,4,0,16,0,1,2818349.060250271,3203712,20.910803795,109.028159618,68.349161809,44.386603355,167613.000000000,4
independent_before,2,seeded-sync,4,3,32768,4,0,16,0,1,5191526.297362804,2975596,20.910803795,109.028159618,250.000000000,80.000000000,167613.000000000,0
independent_before,2,learned-sync,4,3,32768,4,0,16,0,1,2818349.060250271,2975596,20.910803795,109.028159618,68.349161809,44.386603355,167613.000000000,4
independent_before,2,seeded-sync,5,3,32768,4,0,16,0,1,5191526.297362804,2994845,20.910803795,109.028159618,250.000000000,80.000000000,167613.000000000,0
independent_before,2,learned-sync,5,3,32768,4,0,16,0,1,2818349.060250271,2994845,20.910803795,109.028159618,68.349161809,44.386603355,167613.000000000,4
independent_before,2,seeded-sync,6,3,32768,4,0,16,0,1,5191526.297362804,2824652,20.910803795,109.028159618,250.000000000,80.000000000,167613.000000000,0
independent_before,2,learned-sync,6,3,32768,4,0,16,0,1,2818349.060250271,2824652,20.910803795,109.028159618,68.349161809,44.386603355,167613.000000000,4
large_arrays,1,seeded-sync,0,2,1000000,64,0,0,0,1,175646520.906250000,50578723,20.874579812,0.000000000,250.000000000,80.000000000,209231.000000000,0
large_arrays,1,learned-sync,0,2,1000000,64,0,0,0,1,38058589.088145144,50578723,20.874579812,0.000000000,25.606026020,29.218110344,209231.000000000,4
large_arrays,1,seeded-sync,1,2,1000000,64,0,0,0,1,175646520.906250000,50802355,20.874579812,0.000000000,250.000000000,80.000000000,209231.000000000,0
large_arrays,1,learned-sync,1,2,1000000,64,0,0,0,1,38058589.088145144,50802355,20.874579812,0.000000000,25.606026020,29.218110344,209231.000000000,4
large_arrays,1,seeded-sync,2,2,1000000,64,0,0,0,1,175646520.906250000,52274321,20.874579812,0.000000000,250.000000000,80.000000000,209231.000000000,0
large_arrays,1,learned-sync,2,2,1000000,64,0,0,0,1,38058589.088145144,52274321,20.874579812,0.000000000,25.606026020,29.218110344,209231.000000000,4
large_arrays,1,seeded-sync,3,2,1000000,64,0,0,0,1,175646520.906250000,60429545,20.874579812,0.000000000,250.000000000,80.000000000,209231.000000000,0
large_arrays,1,learned-sync,3,2,1000000,64,0,0,0,1,38058589.088145144,60429545,20.874579812,0.000000000,25.606026020,29.218110344,209231.000000000,4
large_arrays,1,seeded-sync,4,2,1000000,64,0,0,0,1,175646520.906250000,73169978,20.874579812,0.000000000,250.000000000,80.000000000,209231.000000000,0
large_arrays,1,learned-sync,4,2,1000000,64,0,0,0,1,38058589.088145144,73169978,20.874579812,0.000000000,25.606026020,29.218110344,209231.000000000,4
large_arrays,1,seeded-sync,5,2,1000000,64,0,0,0,1,175646520.906250000,54724558,20.874579812,0.000000000,250.000000000,80.000000000,209231.000000000,0
large_arrays,1,learned-sync,5,2,1000000,64,0,0,0,1,38058589.088145144,54724558,20.874579812,0.000000000,25.606026020,29.218110344,209231.000000000,4
large_arrays,1,seeded-sync,6,2,1000000,64,0,0,0,1,175646520.906250000,49135223,20.874579812,0.000000000,250.000000000,80.000000000,209231.000000000,0
large_arrays,1,learned-sync,6,2,1000000,64,0,0,0,1,38058589.088145144,49135223,20.874579812,0.000000000,25.606026020,29.218110344,209231.000000000,4
long_chain,1,seeded-sync,0,2,200000,1,0,0,0,1,35270204.296875000,22267941,21.018832969,0.000000000,250.000000000,80.000000000,168321.000000000,0
long_chain,1,learned-sync,0,2,200000,1,0,0,0,1,15757279.524907701,22267941,21.018832969,0.000000000,93.518565405,41.352186875,168321.000000000,4
long_chain,1,seeded-sync,1,2,200000,1,0,0,0,1,35270204.296875000,21855352,21.018832969,0.000000000,250.000000000,80.000000000,168321.000000000,0
long_chain,1,learned-sync,1,2,200000,1,0,0,0,1,15757279.524907701,21855352,21.018832969,0.000000000,93.518565405,41.352186875,168321.000000000,4
long_chain,1,seeded-sync,2,2,200000,1,0,0,0,1,35270204.296875000,21155438,21.018832969,0.000000000,250.000000000,80.000000000,168321.000000000,0
long_chain,1,learned-sync,2,2,200000,1,0,0,0,1,15757279.524907701,21155438,21.018832969,0.000000000,93.518565405,41.352186875,168321.000000000,4
long_chain,1,seeded-sync,3,2,200000,1,0,0,0,1,35270204.296875000,24029582,21.018832969,0.000000000,250.000000000,80.000000000,168321.000000000,0
long_chain,1,learned-sync,3,2,200000,1,0,0,0,1,15757279.524907701,24029582,21.018832969,0.000000000,93.518565405,41.352186875,168321.000000000,4
long_chain,1,seeded-sync,4,2,200000,1,0,0,0,1,35270204.296875000,20285789,21.018832969,0.000000000,250.000000000,80.000000000,168321.000000000,0
long_chain,1,learned-sync,4,2,200000,1,0,0,0,1,15757279.524907701,20285789,21.018832969,0.000000000,93.518565405,41.352186875,168321.000000000,4
long_chain,1,seeded-sync,5,2,200000,1,0,0,0,1,35270204.296875000,22555198,21.018832969,0.000000000,250.000000000,80.000000000,168321.000000000,0
long_chain,1,learned-sync,5,2,200000,1,0,0,0,1,15757279.524907701,22555198,21.018832969,0.000000000,93.518565405,41.352186875,168321.000000000,4
long_chain,1,seeded-sync,6,2,200000,1,0,0,0,1,35270204.296875000,22434980,21.018832969,0.000000000,250.000000000,80.000000000,168321.000000000,0
long_chain,1,learned-sync,6,2,200000,1,0,0,0,1,15757279.524907701,22434980,21.018832969,0.000000000,93.518565405,41.352186875,168321.000000000,4
long_chain,0,seeded-sync,0,6,200000,1,0,0,0,1,12022671.000074219,32359217,21.746205078,0.000000000,250.000000000,80.000000000,297563.000000000,0
long_chain,0,learned-sync,0,6,200000,1,0,0,0,1,30554927.263240699,32359217,21.746205078,0.000000000,837.955848842,48.000719922,297563.000000000,4
long_chain,0,seeded-sync,1,6,200000,1,0,0,0,1,12022671.000074219,32433761,21.746205078,0.000000000,250.000000000,80.000000000,297563.000000000,0
long_chain,0,learned-sync,1,6,200000,1,0,0,0,1,30554927.263240699,32433761,21.746205078,0.000000000,837.955848842,48.000719922,297563.000000000,4
long_chain,0,seeded-sync,2,6,200000,1,0,0,0,1,12022671.000074219,33033871,21.746205078,0.000000000,250.000000000,80.000000000,297563.000000000,0
long_chain,0,learned-sync,2,6,200000,1,0,0,0,1,30554927.263240699,33033871,21.746205078,0.000000000,837.955848842,48.000719922,297563.000000000,4
long_chain,0,seeded-sync,3,6,200000,1,0,0,0,1,12022671.000074219,33798936,21.746205078,0.000000000,250.000000000,80.000000000,297563.000000000,0
long_chain,0,learned-sync,3,6,200000,1,0,0,0,1,30554927.263240699,33798936,21.746205078,0.000000000,837.955848842,48.000719922,297563.000000000,4
long_chain,0,seeded-sync,4,6,200000,1,0,0,0,1,12022671.000074219,32027442,21.746205078,0.000000000,250.000000000,80.000000000,297563.000000000,0
long_chain,0,learned-sync,4,6,200000,1,0,0,0,1,30554927.263240699,32027442,21.746205078,0.000000000,837.955848842,48.000719922,297563.000000000,4
long_chain,0,seeded-sync,5,6,200000,1,0,0,0,1,12022671.000074219,45304390,21.746205078,0.000000000,250.000000000,80.000000000,297563.000000000,0
long_chain,0,learned-sync,5,6,200000,1,0,0,0,1,30554927.263240699,45304390,21.746205078,0.000000000,837.955848842,48.000719922,297563.000000000,4
long_chain,0,seeded-sync,6,6,200000,1,0,0,0,1,12022671.000074219,37616631,21.746205078,0.000000000,250.000000000,80.000000000,297563.000000000,0
long_chain,0,learned-sync,6,6,200000,1,0,0,0,1,30554927.263240699,37616631,21.746205078,0.000000000,837.955848842,48.000719922,297563.000000000,4
tiny_chain,1,seeded-sync,0,2,257,1,0,0,0,1,208686.001945525,203814,20.503891051,0.000000000,250.000000000,80.000000000,163471.000000000,0
tiny_chain,1,learned-sync,0,2,257,1,0,0,0,1,208799.179264766,203814,20.503891051,0.000000000,282.664794922,48.212548638,163471.000000000,4
tiny_chain,1,seeded-sync,1,2,257,1,0,0,0,1,208686.001945525,197929,20.503891051,0.000000000,250.000000000,80.000000000,163471.000000000,0
tiny_chain,1,learned-sync,1,2,257,1,0,0,0,1,208799.179264766,197929,20.503891051,0.000000000,282.664794922,48.212548638,163471.000000000,4
tiny_chain,1,seeded-sync,2,2,257,1,0,0,0,1,208686.001945525,226857,20.503891051,0.000000000,250.000000000,80.000000000,163471.000000000,0
tiny_chain,1,learned-sync,2,2,257,1,0,0,0,1,208799.179264766,226857,20.503891051,0.000000000,282.664794922,48.212548638,163471.000000000,4
tiny_chain,1,seeded-sync,3,2,257,1,0,0,0,1,208686.001945525,195348,20.503891051,0.000000000,250.000000000,80.000000000,163471.000000000,0
tiny_chain,1,learned-sync,3,2,257,1,0,0,0,1,208799.179264766,195348,20.503891051,0.000000000,282.664794922,48.212548638,163471.000000000,4
tiny_chain,1,seeded-sync,4,2,257,1,0,0,0,1,208686.001945525,213690,20.503891051,0.000000000,250.000000000,80.000000000,163471.000000000,0
tiny_chain,1,learned-sync,4,2,257,1,0,0,0,1,208799.179264766,213690,20.503891051,0.000000000,282.664794922,48.212548638,163471.000000000,4
tiny_chain,1,seeded-sync,5,2,257,1,0,0,0,1,208686.001945525,189313,20.503891051,0.000000000,250.000000000,80.000000000,163471.000000000,0
tiny_chain,1,learned-sync,5,2,257,1,0,0,0,1,208799.179264766,189313,20.503891051,0.000000000,282.664794922,48.212548638,163471.000000000,4
tiny_chain,1,seeded-sync,6,2,257,1,0,0,0,1,208686.001945525,205542,20.503891051,0.000000000,250.000000000,80.000000000,163471.000000000,0
tiny_chain,1,learned-sync,6,2,257,1,0,0,0,1,208799.179264766,205542,20.503891051,0.000000000,282.664794922,48.212548638,163471.000000000,4
tiny_chain,1,seeded-sync,0,3,257,1,0,0,0,1,251159.480423152,264333,21.238144455,0.000000000,250.000000000,80.000000000,220953.000000000,0
tiny_chain,1,learned-sync,0,3,257,1,0,0,0,1,288278.342031041,264333,21.238144455,0.000000000,713.173278809,48.441391051,220953.000000000,4
tiny_chain,1,seeded-sync,1,3,257,1,0,0,0,1,251159.480423152,231205,21.238144455,0.000000000,250.000000000,80.000000000,220953.000000000,0
tiny_chain,1,learned-sync,1,3,257,1,0,0,0,1,288278.342031041,231205,21.238144455,0.000000000,713.173278809,48.441391051,220953.000000000,4
tiny_chain,1,seeded-sync,2,3,257,1,0,0,0,1,251159.480423152,267685,21.238144455,0.000000000,250.000000000,80.000000000,220953.000000000,0
tiny_chain,1,learned-sync,2,3,257,1,0,0,0,1,288278.342031041,267685,21.238144455,0.000000000,713.173278809,48.441391051,220953.000000000,4
tiny_chain,1,seeded-sync,3,3,257,1,0,0,0,1,251159.480423152,235325,21.238144455,0.000000000,250.000000000,80.000000000,220953.000000000,0
tiny_chain,1,learned-sync,3,3,257,1,0,0,0,1,288278.342031041,235325,21.238144455,0.000000000,713.173278809,48.441391051,220953.000000000,4
tiny_chain,1,seeded-sync,4,3,257,1,0,0,0,1,251159.480423152,262723,21.238144455,0.000000000,250.000000000,80.000000000,220953.000000000,0
tiny_chain,1,learned-sync,4,3,257,1,0,0,0,1,288278.342031041,262723,21.238144455,0.000000000,713.173278809,48.441391051,220953.000000000,4
tiny_chain,1,seeded-sync,5,3,257,1,0,0,0,1,251159.480423152,233314,21.238144455,0.000000000,250.000000000,80.000000000,220953.000000000,0
tiny_chain,1,learned-sync,5,3,257,1,0,0,0,1,288278.342031041,233314,21.238144455,0.000000000,713.173278809,48.441391051,220953.000000000,4
tiny_chain,1,seeded-sync,6,3,257,1,0,0,0,1,251159.480423152,247925,21.238144455,0.000000000,250.000000000,80.000000000,220953.000000000,0
tiny_chain,1,learned-sync,6,3,257,1,0,0,0,1,288278.342031041,247925,21.238144455,0.000000000,713.173278809,48.441391051,220953.000000000,4
long_many_chains,0,seeded-sync,0,6,200000,64,0,0,0,1,12122505.579609688,5031237,21.267852031,0.000000000,250.000000000,80.000000000,413343.000000000,0
long_many_chains,0,learned-sync,0,6,200000,64,0,0,0,1,4417872.266757943,5031237,21.267852031,0.000000000,55.704898771,43.160724531,413343.000000000,4
long_many_chains,0,seeded-sync,1,6,200000,64,0,0,0,1,12122505.579609688,6020939,21.267852031,0.000000000,250.000000000,80.000000000,413343.000000000,0
long_many_chains,0,learned-sync,1,6,200000,64,0,0,0,1,4417872.266757943,6020939,21.267852031,0.000000000,55.704898771,43.160724531,413343.000000000,4
long_many_chains,0,seeded-sync,2,6,200000,64,0,0,0,1,12122505.579609688,6917836,21.267852031,0.000000000,250.000000000,80.000000000,413343.000000000,0
long_many_chains,0,learned-sync,2,6,200000,64,0,0,0,1,4417872.266757943,6917836,21.267852031,0.000000000,55.704898771,43.160724531,413343.000000000,4
long_many_chains,0,seeded-sync,3,6,200000,64,0,0,0,1,12122505.579609688,5315603,21.267852031,0.000000000,250.000000000,80.000000000,413343.000000000,0
long_many_chains,0,learned-sync,3,6,200000,64,0,0,0,1,4417872.266757943,5315603,21.267852031,0.000000000,55.704898771,43.160724531,413343.000000000,4
long_many_chains,0,seeded-sync,4,6,200000,64,0,0,0,1,12122505.579609688,6099056,21.267852031,0.000000000,250.000000000,80.000000000,413343.000000000,0
long_many_chains,0,learned-sync,4,6,200000,64,0,0,0,1,4417872.266757943,6099056,21.267852031,0.000000000,55.704898771,43.160724531,413343.000000000,4
long_many_chains,0,seeded-sync,5,6,200000,64,0,0,0,1,12122505.579609688,5721074,21.267852031,0.000000000,250.000000000,80.000000000,413343.000000000,0
long_many_chains,0,learned-sync,5,6,200000,64,0,0,0,1,4417872.266757943,5721074,21.267852031,0.000000000,55.704898771,43.160724531,413343.000000000,4
long_many_chains,0,seeded-sync,6,6,200000,64,0,0,0,1,12122505.579609688,7447947,21.267852031,0.000000000,250.000000000,80.000000000,413343.000000000,0
long_many_chains,0,learned-sync,6,6,200000,64,0,0,0,1,4417872.266757943,7447947,21.267852031,0.000000000,55.704898771,43.160724531,413343.000000000,4
short_many_chains,0,seeded-sync,0,8,20000,64,0,0,0,1,1285698.707031250,960522,21.877482813,0.000000000,250.000000000,80.000000000,406005.000000000,0
short_many_chains,0,learned-sync,0,8,20000,64,0,0,0,1,650144.034372492,960522,21.877482813,0.000000000,33.777245780,42.000885156,406005.000000000,4
short_many_chains,0,seeded-sync,1,8,20000,64,0,0,0,1,1285698.707031250,843236,21.877482813,0.000000000,250.000000000,80.000000000,406005.000000000,0
short_many_chains,0,learned-sync,1,8,20000,64,0,0,0,1,650144.034372492,843236,21.877482813,0.000000000,33.777245780,42.000885156,406005.000000000,4
short_many_chains,0,seeded-sync,2,8,20000,64,0,0,0,1,1285698.707031250,846776,21.877482813,0.000000000,250.000000000,80.000000000,406005.000000000,0
short_many_chains,0,learned-sync,2,8,20000,64,0,0,0,1,650144.034372492,846776,21.877482813,0.000000000,33.777245780,42.000885156,406005.000000000,4
short_many_chains,0,seeded-sync,3,8,20000,64,0,0,0,1,1285698.707031250,955446,21.877482813,0.000000000,250.000000000,80.000000000,406005.000000000,0
short_many_chains,0,learned-sync,3,8,20000,64,0,0,0,1,650144.034372492,955446,21.877482813,0.000000000,33.777245780,42.000885156,406005.000000000,4
short_many_chains,0,seeded-sync,4,8,20000,64,0,0,0,1,1285698.707031250,821475,21.877482813,0.000000000,250.000000000,80.000000000,406005.000000000,0
short_many_chains,0,learned-sync,4,8,20000,64,0,0,0,1,650144.034372492,821475,21.877482813,0.000000000,33.777245780,42.000885156,406005.000000000,4
short_many_chains,0,seeded-sync,5,8,20000,64,0,0,0,1,1285698.707031250,694577,21.877482813,0.000000000,250.000000000,80.000000000,406005.000000000,0
short_many_chains,0,learned-sync,5,8,20000,64,0,0,0,1,650144.034372492,694577,21.877482813,0.000000000,33.777245780,42.000885156,406005.000000000,4
short_many_chains,0,seeded-sync,6,8,20000,64,0,0,0,1,1285698.707031250,917380,21.877482813,0.000000000,250.000000000,80.000000000,406005.000000000,0
short_many_chains,0,learned-sync,6,8,20000,64,0,0,0,1,650144.034372492,917380,21.877482813,0.000000000,33.777245780,42.000885156,406005.000000000,4
short_four_chains,2,seeded-sync,0,2,20000,4,0,0,0,1,3691162.289062500,1195318,20.818928906,0.000000000,250.000000000,80.000000000,182973.000000000,0
short_four_chains,2,learned-sync,0,2,20000,4,0,0,0,1,926500.922226633,1195318,20.818928906,0.000000000,25.308769566,28.225093750,182973.000000000,4
short_four_chains,2,seeded-sync,1,2,20000,4,0,0,0,1,3691162.289062500,1135528,20.818928906,0.000000000,250.000000000,80.000000000,182973.000000000,0
short_four_chains,2,learned-sync,1,2,20000,4,0,0,0,1,926500.922226633,1135528,20.818928906,0.000000000,25.308769566,28.225093750,182973.000000000,4
short_four_chains,2,seeded-sync,2,2,20000,4,0,0,0,1,3691162.289062500,1150157,20.818928906,0.000000000,250.000000000,80.000000000,182973.000000000,0
short_four_chains,2,learned-sync,2,2,20000,4,0,0,0,1,926500.922226633,1150157,20.818928906,0.000000000,25.308769566,28.225093750,182973.000000000,4
short_four_chains,2,seeded-sync,3,2,20000,4,0,0,0,1,3691162.289062500,1254737,20.818928906,0.000000000,250.000000000,80.000000000,182973.000000000,0
short_four_chains,2,learned-sync,3,2,20000,4,0,0,0,1,926500.922226633,1254737,20.818928906,0.000000000,25.308769566,28.225093750,182973.000000000,4
short_four_chains,2,seeded-sync,4,2,20000,4,0,0,0,1,3691162.289062500,1185101,20.818928906,0.000000000,250.000000000,80.000000000,182973.000000000,0
short_four_chains,2,learned-sync,4,2,20000,4,0,0,0,1,926500.922226633,1185101,20.818928906,0.000000000,25.308769566,28.225093750,182973.000000000,4
short_four_chains,2,seeded-sync,5,2,20000,4,0,0,0,1,3691162.289062500,1130003,20.818928906,0.000000000,250.000000000,80.000000000,182973.000000000,0
short_four_chains,2,learned-sync,5,2,20000,4,0,0,0,1,926500.922226633,1130003,20.818928906,0.000000000,25.308769566,28.225093750,182973.000000000,4
short_four_chains,2,seeded-sync,6,2,20000,4,0,0,0,1,3691162.289062500,1289943,20.818928906,0.000000000,250.000000000,80.000000000,182973.000000000,0
short_four_chains,2,learned-sync,6,2,20000,4,0,0,0,1,926500.922226633,1289943,20.818928906,0.000000000,25.308769566,28.225093750,182973.000000000,4
large_arrays,2,seeded-sync,0,4,1000000,64,0,0,0,1,87949599.828125000,30292303,20.883951313,0.000000000,250.000000000,80.000000000,228612.000000000,0
large_arrays,2,learned-sync,0,4,1000000,64,0,0,0,1,24289586.349305358,30292303,20.883951313,0.000000000,35.453960491,39.905985594,228612.000000000,4
large_arrays,2,seeded-sync,1,4,1000000,64,0,0,0,1,87949599.828125000,29138374,20.883951313,0.000000000,250.000000000,80.000000000,228612.000000000,0
large_arrays,2,learned-sync,1,4,1000000,64,0,0,0,1,24289586.349305358,29138374,20.883951313,0.000000000,35.453960491,39.905985594,228612.000000000,4
large_arrays,2,seeded-sync,2,4,1000000,64,0,0,0,1,87949599.828125000,35458852,20.883951313,0.000000000,250.000000000,80.000000000,228612.000000000,0
large_arrays,2,learned-sync,2,4,1000000,64,0,0,0,1,24289586.349305358,35458852,20.883951313,0.000000000,35.453960491,39.905985594,228612.000000000,4
large_arrays,2,seeded-sync,3,4,1000000,64,0,0,0,1,87949599.828125000,31933625,20.883951313,0.000000000,250.000000000,80.000000000,228612.000000000,0
large_arrays,2,learned-sync,3,4,1000000,64,0,0,0,1,24289586.349305358,31933625,20.883951313,0.000000000,35.453960491,39.905985594,228612.000000000,4
large_arrays,2,seeded-sync,4,4,1000000,64,0,0,0,1,87949599.828125000,29046841,20.883951313,0.000000000,250.000000000,80.000000000,228612.000000000,0
large_arrays,2,learned-sync,4,4,1000000,64,0,0,0,1,24289586.349305358,29046841,20.883951313,0.000000000,35.453960491,39.905985594,228612.000000000,4
large_arrays,2,seeded-sync,5,4,1000000,64,0,0,0,1,87949599.828125000,29207616,20.883951313,0.000000000,250.000000000,80.000000000,228612.000000000,0
large_arrays,2,learned-sync,5,4,1000000,64,0,0,0,1,24289586.349305358,29207616,20.883951313,0.000000000,35.453960491,39.905985594,228612.000000000,4
large_arrays,2,seeded-sync,6,4,1000000,64,0,0,0,1,87949599.828125000,34290685,20.883951313,0.000000000,250.000000000,80.000000000,228612.000000000,0
large_arrays,2,learned-sync,6,4,1000000,64,0,0,0,1,24289586.349305358,34290685,20.883951313,0.000000000,35.453960491,39.905985594,228612.000000000,4
independent_before,1,seeded-sync,0,7,32768,4,0,16,0,1,2493947.815070152,1736230,20.963997841,108.833271503,250.000000000,80.000000000,341177.000000000,0
independent_before,1,learned-sync,0,7,32768,4,0,16,0,1,1745937.098965785,1736230,20.963997841,108.833271503,120.442210772,49.794714451,341177.000000000,4
independent_before,1,seeded-sync,1,7,32768,4,0,16,0,1,2493947.815070152,1803856,20.963997841,108.833271503,250.000000000,80.000000000,341177.000000000,0
independent_before,1,learned-sync,1,7,32768,4,0,16,0,1,1745937.098965785,1803856,20.963997841,108.833271503,120.442210772,49.794714451,341177.000000000,4
independent_before,1,seeded-sync,2,7,32768,4,0,16,0,1,2493947.815070152,1711120,20.963997841,108.833271503,250.000000000,80.000000000,341177.000000000,0
independent_before,1,learned-sync,2,7,32768,4,0,16,0,1,1745937.098965785,1711120,20.963997841,108.833271503,120.442210772,49.794714451,341177.000000000,4
independent_before,1,seeded-sync,3,7,32768,4,0,16,0,1,2493947.815070152,1911833,20.963997841,108.833271503,250.000000000,80.000000000,341177.000000000,0
independent_before,1,learned-sync,3,7,32768,4,0,16,0,1,1745937.098965785,1911833,20.963997841,108.833271503,120.442210772,49.794714451,341177.000000000,4
independent_before,1,seeded-sync,4,7,32768,4,0,16,0,1,2493947.815070152,2881067,20.963997841,108.833271503,250.000000000,80.000000000,341177.000000000,0
independent_before,1,learned-sync,4,7,32768,4,0,16,0,1,1745937.098965785,2881067,20.963997841,108.833271503,120.442210772,49.794714451,341177.000000000,4
independent_before,1,seeded-sync,5,7,32768,4,0,16,0,1,2493947.815070152,1823291,20.963997841,108.833271503,250.000000000,80.000000000,341177.000000000,0
independent_before,1,learned-sync,5,7,32768,4,0,16,0,1,1745937.098965785,1823291,20.963997841,108.833271503,120.442210772,49.794714451,341177.000000000,4
independent_before,1,seeded-sync,6,7,32768,4,0,16,0,1,2493947.815070152,1753760,20.963997841,108.833271503,250.000000000,80.000000000,341177.000000000,0
independent_before,1,learned-sync,6,7,32768,4,0,16,0,1,1745937.098965785,1753760,20.963997841,108.833271503,120.442210772,49.794714451,341177.000000000,4
short_many_chains,0,seeded-sync,0,5,20000,64,0,0,0,1,1723456.787500000,1177723,21.931946875,0.000000000,250.000000000,80.000000000,315729.000000000,0
short_many_chains,0,learned-sync,0,5,20000,64,0,0,0,1,829177.600571830,1177723,21.931946875,0.000000000,64.636275143,41.793928125,315729.000000000,4
short_many_chains,0,seeded-sync,1,5,20000,64,0,0,0,1,1723456.787500000,3756634,21.931946875,0.000000000,250.000000000,80.000000000,315729.000000000,0
short_many_chains,0,learned-sync,1,5,20000,64,0,0,0,1,829177.600571830,3756634,21.931946875,0.000000000,64.636275143,41.793928125,315729.000000000,4
short_many_chains,0,seeded-sync,2,5,20000,64,0,0,0,1,1723456.787500000,1025708,21.931946875,0.000000000,250.000000000,80.000000000,315729.000000000,0
short_many_chains,0,learned-sync,2,5,20000,64,0,0,0,1,829177.600571830,1025708,21.931946875,0.000000000,64.636275143,41.793928125,315729.000000000,4
short_many_chains,0,seeded-sync,3,5,20000,64,0,0,0,1,1723456.787500000,1073031,21.931946875,0.000000000,250.000000000,80.000000000,315729.000000000,0
short_many_chains,0,learned-sync,3,5,20000,64,0,0,0,1,829177.600571830,1073031,21.931946875,0.000000000,64.636275143,41.793928125,315729.000000000,4
short_many_chains,0,seeded-sync,4,5,20000,64,0,0,0,1,1723456.787500000,1101535,21.931946875,0.000000000,250.000000000,80.000000000,315729.000000000,0
short_many_chains,0,learned-sync,4,5,20000,64,0,0,0,1,829177.600571830,1101535,21.931946875,0.000000000,64.636275143,41.793928125,315729.000000000,4
short_many_chains,0,seeded-sync,5,5,20000,64,0,0,0,1,1723456.787500000,1136733,21.931946875,0.000000000,250.000000000,80.000000000,315729.000000000,0
short_many_chains,0,learned-sync,5,5,20000,64,0,0,0,1,829177.600571830,1136733,21.931946875,0.000000000,64.636275143,41.793928125,315729.000000000,4
short_many_chains,0,seeded-sync,6,5,20000,64,0,0,0,1,1723456.787500000,1316255,21.931946875,0.000000000,250.000000000,80.000000000,315729.000000000,0
short_many_chains,0,learned-sync,6,5,20000,64,0,0,0,1,829177.600571830,1316255,21.931946875,0.000000000,64.636275143,41.793928125,315729.000000000,4
short_chain,0,seeded-sync,0,2,20000,1,0,0,0,1,3750285.632812500,3853672,23.303363281,0.000000000,250.000000000,80.000000000,217252.000000000,0
short_chain,0,learned-sync,0,2,20000,1,0,0,0,1,2782538.912649539,3853672,23.303363281,0.000000000,181.262799077,51.962528906,217252.000000000,4
short_chain,0,seeded-sync,1,2,20000,1,0,0,0,1,3750285.632812500,2557304,23.303363281,0.000000000,250.000000000,80.000000000,217252.000000000,0
short_chain,0,learned-sync,1,2,20000,1,0,0,0,1,2782538.912649539,2557304,23.303363281,0.000000000,181.262799077,51.962528906,217252.000000000,4
short_chain,0,seeded-sync,2,2,20000,1,0,0,0,1,3750285.632812500,2583078,23.303363281,0.000000000,250.000000000,80.000000000,217252.000000000,0
short_chain,0,learned-sync,2,2,20000,1,0,0,0,1,2782538.912649539,2583078,23.303363281,0.000000000,181.262799077,51.962528906,217252.000000000,4
short_chain,0,seeded-sync,3,2,20000,1,0,0,0,1,3750285.632812500,3056229,23.303363281,0.000000000,250.000000000,80.000000000,217252.000000000,0
short_chain,0,learned-sync,3,2,20000,1,0,0,0,1,2782538.912649539,3056229,23.303363281,0.000000000,181.262799077,51.962528906,217252.000000000,4
short_chain,0,seeded-sync,4,2,20000,1,0,0,0,1,3750285.632812500,2646882,23.303363281,0.000000000,250.000000000,80.000000000,217252.000000000,0
short_chain,0,learned-sync,4,2,20000,1,0,0,0,1,2782538.912649539,2646882,23.303363281,0.000000000,181.262799077,51.962528906,217252.000000000,4
short_chain,0,seeded-sync,5,2,20000,1,0,0,0,1,3750285.632812500,2607135,23.303363281,0.000000000,250.000000000,80.000000000,217252.000000000,0
short_chain,0,learned-sync,5,2,20000,1,0,0,0,1,2782538.912649539,2607135,23.303363281,0.000000000,181.262799077,51.962528906,217252.000000000,4
short_chain,0,seeded-sync,6,2,20000,1,0,0,0,1,3750285.632812500,2494928,23.303363281,0.000000000,250.000000000,80.000000000,217252.000000000,0
short_chain,0,learned-sync,6,2,20000,1,0,0,0,1,2782538.912649539,2494928,23.303363281,0.000000000,181.262799077,51.962528906,217252.000000000,4
long_chain,1,seeded-sync,0,5,200000,1,0,0,0,1,14311857.240625000,30409180,21.212831016,0.000000000,250.000000000,80.000000000,263344.000000000,0
long_chain,1,learned-sync,0,5,200000,1,0,0,0,1,28033088.290446889,30409180,21.212831016,0.000000000,625.530359449,47.500416797,263344.000000000,4
long_chain,1,seeded-sync,1,5,200000,1,0,0,0,1,14311857.240625000,31643078,21.212831016,0.000000000,250.000000000,80.000000000,263344.000000000,0
long_chain,1,learned-sync,1,5,200000,1,0,0,0,1,28033088.290446889,31643078,21.212831016,0.000000000,625.530359449,47.500416797,263344.000000000,4
long_chain,1,seeded-sync,2,5,200000,1,0,0,0,1,14311857.240625000,30655860,21.212831016,0.000000000,250.000000000,80.000000000,263344.000000000,0
long_chain,1,learned-sync,2,5,200000,1,0,0,0,1,28033088.290446889,30655860,21.212831016,0.000000000,625.530359449,47.500416797,263344.000000000,4
long_chain,1,seeded-sync,3,5,200000,1,0,0,0,1,14311857.240625000,31809052,21.212831016,0.000000000,250.000000000,80.000000000,263344.000000000,0
long_chain,1,learned-sync,3,5,200000,1,0,0,0,1,28033088.290446889,31809052,21.212831016,0.000000000,625.530359449,47.500416797,263344.000000000,4
long_chain,1,seeded-sync,4,5,200000,1,0,0,0,1,14311857.240625000,30441813,21.212831016,0.000000000,250.000000000,80.000000000,263344.000000000,0
long_chain,1,learned-sync,4,5,200000,1,0,0,0,1,28033088.290446889,30441813,21.212831016,0.000000000,625.530359449,47.500416797,263344.000000000,4
long_chain,1,seeded-sync,5,5,200000,1,0,0,0,1,14311857.240625000,29771454,21.212831016,0.000000000,250.000000000,80.000000000,263344.000000000,0
long_chain,1,learned-sync,5,5,200000,1,0,0,0,1,28033088.290446889,29771454,21.212831016,0.000000000,625.530359449,47.500416797,263344.000000000,4
long_chain,1,seeded-sync,6,5,200000,1,0,0,0,1,14311857.240625000,30185865,21.212831016,0.000000000,250.000000000,80.000000000,263344.000000000,0
long_chain,1,learned-sync,6,5,200000,1,0,0,0,1,28033088.290446889,30185865,21.212831016,0.000000000,625.530359449,47.500416797,263344.000000000,4
long_many_chains,1,seeded-sync,0,8,200000,64,0,0,0,1,9160975.054687500,4276885,20.493402187,0.000000000,250.000000000,80.000000000,398640.000000000,0
long_many_chains,1,learned-sync,0,8,200000,64,0,0,0,1,3014687.439000480,4276885,20.493402187,0.000000000,37.741886779,46.406608594,398640.000000000,4
long_many_chains,1,seeded-sync,1,8,200000,64,0,0,0,1,9160975.054687500,4758635,20.493402187,0.000000000,250.000000000,80.000000000,398640.000000000,0
long_many_chains,1,learned-sync,1,8,200000,64,0,0,0,1,3014687.439000480,4758635,20.493402187,0.000000000,37.741886779,46.406608594,398640.000000000,4
long_many_chains,1,seeded-sync,2,8,200000,64,0,0,0,1,9160975.054687500,4506182,20.493402187,0.000000000,250.000000000,80.000000000,398640.000000000,0
long_many_chains,1,learned-sync,2,8,200000,64,0,0,0,1,3014687.439000480,4506182,20.493402187,0.000000000,37.741886779,46.406608594,398640.000000000,4
long_many_chains,1,seeded-sync,3,8,200000,64,0,0,0,1,9160975.054687500,4152699,20.493402187,0.000000000,250.000000000,80.000000000,398640.000000000,0
long_many_chains,1,learned-sync,3,8,200000,64,0,0,0,1,3014687.439000480,4152699,20.493402187,0.000000000,37.741886779,46.406608594,398640.000000000,4
long_many_chains,1,seeded-sync,4,8,200000,64,0,0,0,1,9160975.054687500,4445339,20.493402187,0.000000000,250.000000000,80.000000000,398640.000000000,0
long_many_chains,1,learned-sync,4,8,200000,64,0,0,0,1,3014687.439000480,4445339,20.493402187,0.000000000,37.741886779,46.406608594,398640.000000000,4
long_many_chains,1,seeded-sync,5,8,200000,64,0,0,0,1,9160975.054687500,4686064,20.493402187,0.000000000,250.000000000,80.000000000,398640.000000000,0
long_many_chains,1,learned-sync,5,8,200000,64,0,0,0,1,3014687.439000480,4686064,20.493402187,0.000000000,37.741886779,46.406608594,398640.000000000,4
long_many_chains,1,seeded-sync,6,8,200000,64,0,0,0,1,9160975.054687500,4123623,20.493402187,0.000000000,250.000000000,80.000000000,398640.000000000,0
long_many_chains,1,learned-sync,6,8,200000,64,0,0,0,1,3014687.439000480,4123623,20.493402187,0.000000000,37.741886779,46.406608594,398640.000000000,4
long_many_chains,2,seeded-sync,0,5,200000,64,0,0,0,1,14340773.843750000,5841554,20.770546094,0.000000000,250.000000000,80.000000000,309952.000000000,0
long_many_chains,2,learned-sync,0,5,200000,64,0,0,0,1,4417776.792501600,5841554,20.770546094,0.000000000,40.295312625,41.629761094,309952.000000000,4
long_many_chains,2,seeded-sync,1,5,200000,64,0,0,0,1,14340773.843750000,5510054,20.770546094,0.000000000,250.000000000,80.000000000,309952.000000000,0
long_many_chains,2,learned-sync,1,5,200000,64,0,0,0,1,4417776.792501600,5510054,20.770546094,0.000000000,40.295312625,41.629761094,309952.000000000,4
long_many_chains,2,seeded-sync,2,5,200000,64,0,0,0,1,14340773.843750000,5978202,20.770546094,0.000000000,250.000000000,80.000000000,309952.000000000,0
long_many_chains,2,learned-sync,2,5,200000,64,0,0,0,1,4417776.792501600,5978202,20.770546094,0.000000000,40.295312625,41.629761094,309952.000000000,4
long_many_chains,2,seeded-sync,3,5,200000,64,0,0,0,1,14340773.843750000,5792589,20.770546094,0.000000000,250.000000000,80.000000000,309952.000000000,0
long_many_chains,2,learned-sync,3,5,200000,64,0,0,0,1,4417776.792501600,5792589,20.770546094,0.000000000,40.295312625,41.629761094,309952.000000000,4
long_many_chains,2,seeded-sync,4,5,200000,64,0,0,0,1,14340773.843750000,6079215,20.770546094,0.000000000,250.000000000,80.000000000,309952.000000000,0
long_many_chains,2,learned-sync,4,5,200000,64,0,0,0,1,4417776.792501600,6079215,20.770546094,0.000000000,40.295312625,41.629761094,309952.000000000,4
long_many_chains,2,seeded-sync,5,5,200000,64,0,0,0,1,14340773.843750000,5909205,20.770546094,0.000000000,250.000000000,80.000000000,309952.000000000,0
long_many_chains,2,learned-sync,5,5,200000,64,0,0,0,1,4417776.792501600,5909205,20.770546094,0.000000000,40.295312625,41.629761094,309952.000000000,4
long_many_chains,2,seeded-sync,6,5,200000,64,0,0,0,1,14340773.843750000,7487905,20.770546094,0.000000000,250.000000000,80.000000000,309952.000000000,0
long_many_chains,2,learned-sync,6,5,200000,64,0,0,0,1,4417776.792501600,7487905,20.770546094,0.000000000,40.295312625,41.629761094,309952.000000000,4
dependent_compute,1,seeded-sync,0,8,32768,1,16,0,0,1,2246354.810546875,8879686,111.804152966,0.000000000,250.000000000,80.000000000,436725.000000000,0
dependent_compute,1,learned-sync,0,8,32768,1,16,0,0,1,9729512.499347011,8879686,111.804152966,0.000000000,2107.838526090,49.104269028,436725.000000000,4
dependent_compute,1,seeded-sync,1,8,32768,1,16,0,0,1,2246354.810546875,8411554,111.804152966,0.000000000,250.000000000,80.000000000,436725.000000000,0
dependent_compute,1,learned-sync,1,8,32768,1,16,0,0,1,9729512.499347011,8411554,111.804152966,0.000000000,2107.838526090,49.104269028,436725.000000000,4
dependent_compute,1,seeded-sync,2,8,32768,1,16,0,0,1,2246354.810546875,8727417,111.804152966,0.000000000,250.000000000,80.000000000,436725.000000000,0
dependent_compute,1,learned-sync,2,8,32768,1,16,0,0,1,9729512.499347011,8727417,111.804152966,0.000000000,2107.838526090,49.104269028,436725.000000000,4
dependent_compute,1,seeded-sync,3,8,32768,1,16,0,0,1,2246354.810546875,8837367,111.804152966,0.000000000,250.000000000,80.000000000,436725.000000000,0
dependent_compute,1,learned-sync,3,8,32768,1,16,0,0,1,9729512.499347011,8837367,111.804152966,0.000000000,2107.838526090,49.104269028,436725.000000000,4
dependent_compute,1,seeded-sync,4,8,32768,1,16,0,0,1,2246354.810546875,10198283,111.804152966,0.000000000,250.000000000,80.000000000,436725.000000000,0
dependent_compute,1,learned-sync,4,8,32768,1,16,0,0,1,9729512.499347011,10198283,111.804152966,0.000000000,2107.838526090,49.104269028,436725.000000000,4
dependent_compute,1,seeded-sync,5,8,32768,1,16,0,0,1,2246354.810546875,9236927,111.804152966,0.000000000,250.000000000,80.000000000,436725.000000000,0
dependent_compute,1,learned-sync,5,8,32768,1,16,0,0,1,9729512.499347011,9236927,111.804152966,0.000000000,2107.838526090,49.104269028,436725.000000000,4
dependent_compute,1,seeded-sync,6,8,32768,1,16,0,0,1,2246354.810546875,9535342,111.804152966,0.000000000,250.000000000,80.000000000,436725.000000000,0
dependent_compute,1,learned-sync,6,8,32768,1,16,0,0,1,9729512.499347011,9535342,111.804152966,0.000000000,2107.838526090,49.104269028,436725.000000000,4
long_chain,1,seeded-sync,0,3,200000,1,0,0,0,1,23592614.257554453,24673764,21.100788359,0.000000000,250.000000000,80.000000000,185778.000000000,0
long_chain,1,learned-sync,0,3,200000,1,0,0,0,1,22888837.940979157,24673764,21.100788359,0.000000000,271.403741081,48.039666953,185778.000000000,4
long_chain,1,seeded-sync,1,3,200000,1,0,0,0,1,23592614.257554453,24860313,21.100788359,0.000000000,250.000000000,80.000000000,185778.000000000,0
long_chain,1,learned-sync,1,3,200000,1,0,0,0,1,22888837.940979157,24860313,21.100788359,0.000000000,271.403741081,48.039666953,185778.000000000,4
long_chain,1,seeded-sync,2,3,200000,1,0,0,0,1,23592614.257554453,24994364,21.100788359,0.000000000,250.000000000,80.000000000,185778.000000000,0
long_chain,1,learned-sync,2,3,200000,1,0,0,0,1,22888837.940979157,24994364,21.100788359,0.000000000,271.403741081,48.039666953,185778.000000000,4
long_chain,1,seeded-sync,3,3,200000,1,0,0,0,1,23592614.257554453,27942989,21.100788359,0.000000000,250.000000000,80.000000000,185778.000000000,0
long_chain,1,learned-sync,3,3,200000,1,0,0,0,1,22888837.940979157,27942989,21.100788359,0.000000000,271.403741081,48.039666953,185778.000000000,4
long_chain,1,seeded-sync,4,3,200000,1,0,0,0,1,23592614.257554453,25708649,21.100788359,0.000000000,250.000000000,80.000000000,185778.000000000,0
long_chain,1,learned-sync,4,3,200000,1,0,0,0,1,22888837.940979157,25708649,21.100788359,0.000000000,271.403741081,48.039666953,185778.000000000,4
long_chain,1,seeded-sync,5,3,200000,1,0,0,0,1,23592614.257554453,26263682,21.100788359,0.000000000,250.000000000,80.000000000,185778.000000000,0
long_chain,1,learned-sync,5,3,200000,1,0,0,0,1,22888837.940979157,26263682,21.100788359,0.000000000,271.403741081,48.039666953,185778.000000000,4
long_chain,1,seeded-sync,6,3,200000,1,0,0,0,1,23592614.257554453,25312534,21.100788359,0.000000000,250.000000000,80.000000000,185778.000000000,0
long_chain,1,learned-sync,6,3,200000,1,0,0,0,1,22888837.940979157,25312534,21.100788359,0.000000000,271.403741081,48.039666953,185778.000000000,4
long_many_chains,2,seeded-sync,0,3,200000,64,0,0,0,1,23600577.352807812,12413161,21.370923438,0.000000000,250.000000000,80.000000000,175732.000000000,0
long_many_chains,2,learned-sync,0,3,200000,64,0,0,0,1,18190457.912241027,12413161,21.370923438,0.000000000,207.179223602,41.669390547,175732.000000000,4
long_many_chains,2,seeded-sync,1,3,200000,64,0,0,0,1,23600577.352807812,10526950,21.370923438,0.000000000,250.000000000,80.000000000,175732.000000000,0
long_many_chains,2,learned-sync,1,3,200000,64,0,0,0,1,18190457.912241027,10526950,21.370923438,0.000000000,207.179223602,41.669390547,175732.000000000,4
long_many_chains,2,seeded-sync,2,3,200000,64,0,0,0,1,23600577.352807812,9425956,21.370923438,0.000000000,250.000000000,80.000000000,175732.000000000,0
long_many_chains,2,learned-sync,2,3,200000,64,0,0,0,1,18190457.912241027,9425956,21.370923438,0.000000000,207.179223602,41.669390547,175732.000000000,4
long_many_chains,2,seeded-sync,3,3,200000,64,0,0,0,1,23600577.352807812,9874938,21.370923438,0.000000000,250.000000000,80.000000000,175732.000000000,0
long_many_chains,2,learned-sync,3,3,200000,64,0,0,0,1,18190457.912241027,9874938,21.370923438,0.000000000,207.179223602,41.669390547,175732.000000000,4
long_many_chains,2,seeded-sync,4,3,200000,64,0,0,0,1,23600577.352807812,9754570,21.370923438,0.000000000,250.000000000,80.000000000,175732.000000000,0
long_many_chains,2,learned-sync,4,3,200000,64,0,0,0,1,18190457.912241027,9754570,21.370923438,0.000000000,207.179223602,41.669390547,175732.000000000,4
long_many_chains,2,seeded-sync,5,3,200000,64,0,0,0,1,23600577.352807812,8361327,21.370923438,0.000000000,250.000000000,80.000000000,175732.000000000,0
long_many_chains,2,learned-sync,5,3,200000,64,0,0,0,1,18190457.912241027,8361327,21.370923438,0.000000000,207.179223602,41.669390547,175732.000000000,4
long_many_chains,2,seeded-sync,6,3,200000,64,0,0,0,1,23600577.352807812,8372352,21.370923438,0.000000000,250.000000000,80.000000000,175732.000000000,0
long_many_chains,2,learned-sync,6,3,200000,64,0,0,0,1,18190457.912241027,8372352,21.370923438,0.000000000,207.179223602,41.669390547,175732.000000000,4
tiny_chain,1,seeded-sync,0,4,257,1,0,0,0,1,252769.016597763,266604,20.600255350,0.000000000,250.000000000,80.000000000,229980.000000000,0
tiny_chain,1,learned-sync,0,4,257,1,0,0,0,1,327104.362328674,266604,20.600255350,0.000000000,1427.130187988,46.490515564,229980.000000000,4
tiny_chain,1,seeded-sync,1,4,257,1,0,0,0,1,252769.016597763,337541,20.600255350,0.000000000,250.000000000,80.000000000,229980.000000000,0
tiny_chain,1,learned-sync,1,4,257,1,0,0,0,1,327104.362328674,337541,20.600255350,0.000000000,1427.130187988,46.490515564,229980.000000000,4
tiny_chain,1,seeded-sync,2,4,257,1,0,0,0,1,252769.016597763,298582,20.600255350,0.000000000,250.000000000,80.000000000,229980.000000000,0
tiny_chain,1,learned-sync,2,4,257,1,0,0,0,1,327104.362328674,298582,20.600255350,0.000000000,1427.130187988,46.490515564,229980.000000000,4
tiny_chain,1,seeded-sync,3,4,257,1,0,0,0,1,252769.016597763,269490,20.600255350,0.000000000,250.000000000,80.000000000,229980.000000000,0
tiny_chain,1,learned-sync,3,4,257,1,0,0,0,1,327104.362328674,269490,20.600255350,0.000000000,1427.130187988,46.490515564,229980.000000000,4
tiny_chain,1,seeded-sync,4,4,257,1,0,0,0,1,252769.016597763,266172,20.600255350,0.000000000,250.000000000,80.000000000,229980.000000000,0
tiny_chain,1,learned-sync,4,4,257,1,0,0,0,1,327104.362328674,266172,20.600255350,0.000000000,1427.130187988,46.490515564,229980.000000000,4
tiny_chain,1,seeded-sync,5,4,257,1,0,0,0,1,252769.016597763,282108,20.600255350,0.000000000,250.000000000,80.000000000,229980.000000000,0
tiny_chain,1,learned-sync,5,4,257,1,0,0,0,1,327104.362328674,282108,20.600255350,0.000000000,1427.130187988,46.490515564,229980.000000000,4
tiny_chain,1,seeded-sync,6,4,257,1,0,0,0,1,252769.016597763,350090,20.600255350,0.000000000,250.000000000,80.000000000,229980.000000000,0
tiny_chain,1,learned-sync,6,4,257,1,0,0,0,1,327104.362328674,350090,20.600255350,0.000000000,1427.130187988,46.490515564,229980.000000000,4
uneven,1,seeded-sync,0,8,8193,3,4,8,0,1,848450.280622559,1213707,40.294029583,62.720878341,250.000000000,80.000000000,404610.000000000,0
uneven,1,learned-sync,0,8,8193,3,4,8,0,1,1299592.012955293,1213707,40.294029583,62.720878341,704.968786248,65.169489198,404610.000000000,4
uneven,1,seeded-sync,1,8,8193,3,4,8,0,1,848450.280622559,1027122,40.294029583,62.720878341,250.000000000,80.000000000,404610.000000000,0
uneven,1,learned-sync,1,8,8193,3,4,8,0,1,1299592.012955293,1027122,40.294029583,62.720878341,704.968786248,65.169489198,404610.000000000,4
uneven,1,seeded-sync,2,8,8193,3,4,8,0,1,848450.280622559,1021172,40.294029583,62.720878341,250.000000000,80.000000000,404610.000000000,0
uneven,1,learned-sync,2,8,8193,3,4,8,0,1,1299592.012955293,1021172,40.294029583,62.720878341,704.968786248,65.169489198,404610.000000000,4
uneven,1,seeded-sync,3,8,8193,3,4,8,0,1,848450.280622559,989662,40.294029583,62.720878341,250.000000000,80.000000000,404610.000000000,0
uneven,1,learned-sync,3,8,8193,3,4,8,0,1,1299592.012955293,989662,40.294029583,62.720878341,704.968786248,65.169489198,404610.000000000,4
uneven,1,seeded-sync,4,8,8193,3,4,8,0,1,848450.280622559,1127827,40.294029583,62.720878341,250.000000000,80.000000000,404610.000000000,0
uneven,1,learned-sync,4,8,8193,3,4,8,0,1,1299592.012955293,1127827,40.294029583,62.720878341,704.968786248,65.169489198,404610.000000000,4
uneven,1,seeded-sync,5,8,8193,3,4,8,0,1,848450.280622559,1077160,40.294029583,62.720878341,250.000000000,80.000000000,404610.000000000,0
uneven,1,learned-sync,5,8,8193,3,4,8,0,1,1299592.012955293,1077160,40.294029583,62.720878341,704.968786248,65.169489198,404610.000000000,4
uneven,1,seeded-sync,6,8,8193,3,4,8,0,1,848450.280622559,1062700,40.294029583,62.720878341,250.000000000,80.000000000,404610.000000000,0
uneven,1,learned-sync,6,8,8193,3,4,8,0,1,1299592.012955293,1062700,40.294029583,62.720878341,704.968786248,65.169489198,404610.000000000,4
long_many_chains,2,seeded-sync,0,2,200000,64,0,0,0,1,35235536.007812500,10772443,20.805320078,0.000000000,250.000000000,80.000000000,155004.000000000,0
long_many_chains,2,learned-sync,0,2,200000,64,0,0,0,1,7537325.399892964,10772443,20.805320078,0.000000000,25.967574780,27.050319141,155004.000000000,4
long_many_chains,2,seeded-sync,1,2,200000,64,0,0,0,1,35235536.007812500,10431542,20.805320078,0.000000000,250.000000000,80.000000000,155004.000000000,0
long_many_chains,2,learned-sync,1,2,200000,64,0,0,0,1,7537325.399892964,10431542,20.805320078,0.000000000,25.967574780,27.050319141,155004.000000000,4
long_many_chains,2,seeded-sync,2,2,200000,64,0,0,0,1,35235536.007812500,9815636,20.805320078,0.000000000,250.000000000,80.000000000,155004.000000000,0
long_many_chains,2,learned-sync,2,2,200000,64,0,0,0,1,7537325.399892964,9815636,20.805320078,0.000000000,25.967574780,27.050319141,155004.000000000,4
long_many_chains,2,seeded-sync,3,2,200000,64,0,0,0,1,35235536.007812500,11987381,20.805320078,0.000000000,250.000000000,80.000000000,155004.000000000,0
long_many_chains,2,learned-sync,3,2,200000,64,0,0,0,1,7537325.399892964,11987381,20.805320078,0.000000000,25.967574780,27.050319141,155004.000000000,4
long_many_chains,2,seeded-sync,4,2,200000,64,0,0,0,1,35235536.007812500,11552186,20.805320078,0.000000000,250.000000000,80.000000000,155004.000000000,0
long_many_chains,2,learned-sync,4,2,200000,64,0,0,0,1,7537325.399892964,11552186,20.805320078,0.000000000,25.967574780,27.050319141,155004.000000000,4
long_many_chains,2,seeded-sync,5,2,200000,64,0,0,0,1,35235536.007812500,11374458,20.805320078,0.000000000,250.000000000,80.000000000,155004.000000000,0
long_many_chains,2,learned-sync,5,2,200000,64,0,0,0,1,7537325.399892964,11374458,20.805320078,0.000000000,25.967574780,27.050319141,155004.000000000,4
long_many_chains,2,seeded-sync,6,2,200000,64,0,0,0,1,35235536.007812500,10849472,20.805320078,0.000000000,250.000000000,80.000000000,155004.000000000,0
long_many_chains,2,learned-sync,6,2,200000,64,0,0,0,1,7537325.399892964,10849472,20.805320078,0.000000000,25.967574780,27.050319141,155004.000000000,4
independent_before,1,seeded-sync,0,3,32768,4,0,16,0,1,5206101.214829445,2915990,21.231538773,108.819199562,250.000000000,80.000000000,180967.000000000,0
independent_before,1,learned-sync,0,3,32768,4,0,16,0,1,2744009.697489220,2915990,21.231538773,108.819199562,62.060734056,42.534934044,180967.000000000,4
independent_before,1,seeded-sync,1,3,32768,4,0,16,0,1,5206101.214829445,3080088,21.231538773,108.819199562,250.000000000,80.000000000,180967.000000000,0
independent_before,1,learned-sync,1,3,32768,4,0,16,0,1,2744009.697489220,3080088,21.231538773,108.819199562,62.060734056,42.534934044,180967.000000000,4
independent_before,1,seeded-sync,2,3,32768,4,0,16,0,1,5206101.214829445,3899306,21.231538773,108.819199562,250.000000000,80.000000000,180967.000000000,0
independent_before,1,learned-sync,2,3,32768,4,0,16,0,1,2744009.697489220,3899306,21.231538773,108.819199562,62.060734056,42.534934044,180967.000000000,4
independent_before,1,seeded-sync,3,3,32768,4,0,16,0,1,5206101.214829445,3107457,21.231538773,108.819199562,250.000000000,80.000000000,180967.000000000,0
independent_before,1,learned-sync,3,3,32768,4,0,16,0,1,2744009.697489220,3107457,21.231538773,108.819199562,62.060734056,42.534934044,180967.000000000,4
independent_before,1,seeded-sync,4,3,32768,4,0,16,0,1,5206101.214829445,2941501,21.231538773,108.819199562,250.000000000,80.000000000,180967.000000000,0
independent_before,1,learned-sync,4,3,32768,4,0,16,0,1,2744009.697489220,2941501,21.231538773,108.819199562,62.060734056,42.534934044,180967.000000000,4
independent_before,1,seeded-sync,5,3,32768,4,0,16,0,1,5206101.214829445,3514027,21.231538773,108.819199562,250.000000000,80.000000000,180967.000000000,0
independent_before,1,learned-sync,5,3,32768,4,0,16,0,1,2744009.697489220,3514027,21.231538773,108.819199562,62.060734056,42.534934044,180967.000000000,4
independent_before,1,seeded-sync,6,3,32768,4,0,16,0,1,5206101.214829445,3067204,21.231538773,108.819199562,250.000000000,80.000000000,180967.000000000,0
independent_before,1,learned-sync,6,3,32768,4,0,16,0,1,2744009.697489220,3067204,21.231538773,108.819199562,62.060734056,42.534934044,180967.000000000,4
long_many_chains,1,seeded-sync,0,3,200000,64,0,0,0,1,23676688.481126644,32947937,22.459004922,0.000000000,250.000000000,80.000000000,179304.000000000,0
long_many_chains,1,learned-sync,0,3,200000,64,0,0,0,1,10143352.885567978,32947937,22.459004922,0.000000000,87.409567859,39.591413203,179304.000000000,4
long_many_chains,1,seeded-sync,1,3,200000,64,0,0,0,1,23676688.481126644,9065744,22.459004922,0.000000000,250.000000000,80.000000000,179304.000000000,0
long_many_chains,1,learned-sync,1,3,200000,64,0,0,0,1,10143352.885567978,9065744,22.459004922,0.000000000,87.409567859,39.591413203,179304.000000000,4
long_many_chains,1,seeded-sync,2,3,200000,64,0,0,0,1,23676688.481126644,22914755,22.459004922,0.000000000,250.000000000,80.000000000,179304.000000000,0
long_many_chains,1,learned-sync,2,3,200000,64,0,0,0,1,10143352.885567978,22914755,22.459004922,0.000000000,87.409567859,39.591413203,179304.000000000,4
long_many_chains,1,seeded-sync,3,3,200000,64,0,0,0,1,23676688.481126644,10810455,22.459004922,0.000000000,250.000000000,80.000000000,179304.000000000,0
long_many_chains,1,learned-sync,3,3,200000,64,0,0,0,1,10143352.885567978,10810455,22.459004922,0.000000000,87.409567859,39.591413203,179304.000000000,4
long_many_chains,1,seeded-sync,4,3,200000,64,0,0,0,1,23676688.481126644,10778255,22.459004922,0.000000000,250.000000000,80.000000000,179304.000000000,0
long_many_chains,1,learned-sync,4,3,200000,64,0,0,0,1,10143352.885567978,10778255,22.459004922,0.000000000,87.409567859,39.591413203,179304.000000000,4
long_many_chains,1,seeded-sync,5,3,200000,64,0,0,0,1,23676688.481126644,9190053,22.459004922,0.000000000,250.000000000,80.000000000,179304.000000000,0
long_many_chains,1,learned-sync,5,3,200000,64,0,0,0,1,10143352.885567978,9190053,22.459004922,0.000000000,87.409567859,39.591413203,179304.000000000,4
long_many_chains,1,seeded-sync,6,3,200000,64,0,0,0,1,23676688.481126644,9042330,22.459004922,0.000000000,250.000000000,80.000000000,179304.000000000,0
long_many_chains,1,learned-sync,6,3,200000,64,0,0,0,1,10143352.885567978,9042330,22.459004922,0.000000000,87.409567859,39.591413203,179304.000000000,4
long_four_chains,1,seeded-sync,0,3,200000,4,0,0,0,1,23652386.637498517,10490300,21.803120547,0.000000000,250.000000000,80.000000000,198728.000000000,0
long_four_chains,1,learned-sync,0,3,200000,4,0,0,0,1,8310222.499743666,10490300,21.803120547,0.000000000,52.906074215,46.962614375,198728.000000000,4
long_four_chains,1,seeded-sync,1,3,200000,4,0,0,0,1,23652386.637498517,10487635,21.803120547,0.000000000,250.000000000,80.000000000,198728.000000000,0
long_four_chains,1,learned-sync,1,3,200000,4,0,0,0,1,8310222.499743666,10487635,21.803120547,0.000000000,52.906074215,46.962614375,198728.000000000,4
long_four_chains,1,seeded-sync,2,3,200000,4,0,0,0,1,23652386.637498517,10144044,21.803120547,0.000000000,250.000000000,80.000000000,198728.000000000,0
long_four_chains,1,learned-sync,2,3,200000,4,0,0,0,1,8310222.499743666,10144044,21.803120547,0.000000000,52.906074215,46.962614375,198728.000000000,4
long_four_chains,1,seeded-sync,3,3,200000,4,0,0,0,1,23652386.637498517,11914022,21.803120547,0.000000000,250.000000000,80.000000000,198728.000000000,0
long_four_chains,1,learned-sync,3,3,200000,4,0,0,0,1,8310222.499743666,11914022,21.803120547,0.000000000,52.906074215,46.962614375,198728.000000000,4
long_four_chains,1,seeded-sync,4,3,200000,4,0,0,0,1,23652386.637498517,11802053,21.803120547,0.000000000,250.000000000,80.000000000,198728.000000000,0
long_four_chains,1,learned-sync,4,3,200000,4,0,0,0,1,8310222.499743666,11802053,21.803120547,0.000000000,52.906074215,46.962614375,198728.000000000,4
long_four_chains,1,seeded-sync,5,3,200000,4,0,0,0,1,23652386.637498517,10527337,21.803120547,0.000000000,250.000000000,80.000000000,198728.000000000,0
long_four_chains,1,learned-sync,5,3,200000,4,0,0,0,1,8310222.499743666,10527337,21.803120547,0.000000000,52.906074215,46.962614375,198728.000000000,4
long_four_chains,1,seeded-sync,6,3,200000,4,0,0,0,1,23652386.637498517,10223832,21.803120547,0.000000000,250.000000000,80.000000000,198728.000000000,0
long_four_chains,1,learned-sync,6,3,200000,4,0,0,0,1,8310222.499743666,10223832,21.803120547,0.000000000,52.906074215,46.962614375,198728.000000000,4
uneven,1,seeded-sync,0,4,8193,3,4,8,0,1,1099554.788836507,743684,40.859220524,62.880061485,250.000000000,80.000000000,210823.000000000,0
uneven,1,learned-sync,0,4,8193,3,4,8,0,1,693908.386877199,743684,40.859220524,62.880061485,82.728586691,49.298547541,210823.000000000,4
uneven,1,seeded-sync,1,4,8193,3,4,8,0,1,1099554.788836507,713955,40.859220524,62.880061485,250.000000000,80.000000000,210823.000000000,0
uneven,1,learned-sync,1,4,8193,3,4,8,0,1,693908.386877199,713955,40.859220524,62.880061485,82.728586691,49.298547541,210823.000000000,4
uneven,1,seeded-sync,2,4,8193,3,4,8,0,1,1099554.788836507,846881,40.859220524,62.880061485,250.000000000,80.000000000,210823.000000000,0
uneven,1,learned-sync,2,4,8193,3,4,8,0,1,693908.386877199,846881,40.859220524,62.880061485,82.728586691,49.298547541,210823.000000000,4
uneven,1,seeded-sync,3,4,8193,3,4,8,0,1,1099554.788836507,729127,40.859220524,62.880061485,250.000000000,80.000000000,210823.000000000,0
uneven,1,learned-sync,3,4,8193,3,4,8,0,1,693908.386877199,729127,40.859220524,62.880061485,82.728586691,49.298547541,210823.000000000,4
uneven,1,seeded-sync,4,4,8193,3,4,8,0,1,1099554.788836507,853532,40.859220524,62.880061485,250.000000000,80.000000000,210823.000000000,0
uneven,1,learned-sync,4,4,8193,3,4,8,0,1,693908.386877199,853532,40.859220524,62.880061485,82.728586691,49.298547541,210823.000000000,4
uneven,1,seeded-sync,5,4,8193,3,4,8,0,1,1099554.788836507,816298,40.859220524,62.880061485,250.000000000,80.000000000,210823.000000000,0
uneven,1,learned-sync,5,4,8193,3,4,8,0,1,693908.386877199,816298,40.859220524,62.880061485,82.728586691,49.298547541,210823.000000000,4
uneven,1,seeded-sync,6,4,8193,3,4,8,0,1,1099554.788836507,674319,40.859220524,62.880061485,250.000000000,80.000000000,210823.000000000,0
uneven,1,learned-sync,6,4,8193,3,4,8,0,1,693908.386877199,674319,40.859220524,62.880061485,82.728586691,49.298547541,210823.000000000,4
tiny_chain,0,seeded-sync,0,3,257,1,0,0,0,1,205879.042801556,260434,20.128404669,0.000000000,250.000000000,80.000000000,175768.000000000,0
tiny_chain,0,learned-sync,0,3,257,1,0,0,0,1,247582.796075606,260434,20.128404669,0.000000000,769.051208496,45.876155156,175768.000000000,4
tiny_chain,0,seeded-sync,1,3,257,1,0,0,0,1,205879.042801556,210749,20.128404669,0.000000000,250.000000000,80.000000000,175768.000000000,0
tiny_chain,0,learned-sync,1,3,257,1,0,0,0,1,247582.796075606,210749,20.128404669,0.000000000,769.051208496,45.876155156,175768.000000000,4
tiny_chain,0,seeded-sync,2,3,257,1,0,0,0,1,205879.042801556,223928,20.128404669,0.000000000,250.000000000,80.000000000,175768.000000000,0
tiny_chain,0,learned-sync,2,3,257,1,0,0,0,1,247582.796075606,223928,20.128404669,0.000000000,769.051208496,45.876155156,175768.000000000,4
tiny_chain,0,seeded-sync,3,3,257,1,0,0,0,1,205879.042801556,207709,20.128404669,0.000000000,250.000000000,80.000000000,175768.000000000,0
tiny_chain,0,learned-sync,3,3,257,1,0,0,0,1,247582.796075606,207709,20.128404669,0.000000000,769.051208496,45.876155156,175768.000000000,4
tiny_chain,0,seeded-sync,4,3,257,1,0,0,0,1,205879.042801556,204064,20.128404669,0.000000000,250.000000000,80.000000000,175768.000000000,0
tiny_chain,0,learned-sync,4,3,257,1,0,0,0,1,247582.796075606,204064,20.128404669,0.000000000,769.051208496,45.876155156,175768.000000000,4
tiny_chain,0,seeded-sync,5,3,257,1,0,0,0,1,205879.042801556,201520,20.128404669,0.000000000,250.000000000,80.000000000,175768.000000000,0
tiny_chain,0,learned-sync,5,3,257,1,0,0,0,1,247582.796075606,201520,20.128404669,0.000000000,769.051208496,45.876155156,175768.000000000,4
tiny_chain,0,seeded-sync,6,3,257,1,0,0,0,1,205879.042801556,211796,20.128404669,0.000000000,250.000000000,80.000000000,175768.000000000,0
tiny_chain,0,learned-sync,6,3,257,1,0,0,0,1,247582.796075606,211796,20.128404669,0.000000000,769.051208496,45.876155156,175768.000000000,4
dependent_compute,1,seeded-sync,0,5,32768,1,16,0,0,1,3155410.400063515,7821249,110.398596287,0.000000000,250.000000000,80.000000000,269038.000000000,0
dependent_compute,1,learned-sync,0,5,32768,1,16,0,0,1,7330547.773819999,7821249,110.398596287,0.000000000,920.420735801,46.615787506,269038.000000000,4
dependent_compute,1,seeded-sync,1,5,32768,1,16,0,0,1,3155410.400063515,7643371,110.398596287,0.000000000,250.000000000,80.000000000,269038.000000000,0
dependent_compute,1,learned-sync,1,5,32768,1,16,0,0,1,7330547.773819999,7643371,110.398596287,0.000000000,920.420735801,46.615787506,269038.000000000,4
dependent_compute,1,seeded-sync,2,5,32768,1,16,0,0,1,3155410.400063515,7860489,110.398596287,0.000000000,250.000000000,80.000000000,269038.000000000,0
dependent_compute,1,learned-sync,2,5,32768,1,16,0,0,1,7330547.773819999,7860489,110.398596287,0.000000000,920.420735801,46.615787506,269038.000000000,4
dependent_compute,1,seeded-sync,3,5,32768,1,16,0,0,1,3155410.400063515,7708429,110.398596287,0.000000000,250.000000000,80.000000000,269038.000000000,0
dependent_compute,1,learned-sync,3,5,32768,1,16,0,0,1,7330547.773819999,7708429,110.398596287,0.000000000,920.420735801,46.615787506,269038.000000000,4
dependent_compute,1,seeded-sync,4,5,32768,1,16,0,0,1,3155410.400063515,7652440,110.398596287,0.000000000,250.000000000,80.000000000,269038.000000000,0
dependent_compute,1,learned-sync,4,5,32768,1,16,0,0,1,7330547.773819999,7652440,110.398596287,0.000000000,920.420735801,46.615787506,269038.000000000,4
dependent_compute,1,seeded-sync,5,5,32768,1,16,0,0,1,3155410.400063515,7839529,110.398596287,0.000000000,250.000000000,80.000000000,269038.000000000,0
dependent_compute,1,learned-sync,5,5,32768,1,16,0,0,1,7330547.773819999,7839529,110.398596287,0.000000000,920.420735801,46.615787506,269038.000000000,4
dependent_compute,1,seeded-sync,6,5,32768,1,16,0,0,1,3155410.400063515,8482795,110.398596287,0.000000000,250.000000000,80.000000000,269038.000000000,0
dependent_compute,1,learned-sync,6,5,32768,1,16,0,0,1,7330547.773819999,8482795,110.398596287,0.000000000,920.420735801,46.615787506,269038.000000000,4
long_chain,2,seeded-sync,0,8,200000,1,0,0,0,1,9169696.027343750,50270757,21.623601094,0.000000000,250.000000000,80.000000000,379106.000000000,0
long_chain,2,learned-sync,0,8,200000,1,0,0,0,1,66653053.263392560,50270757,21.623601094,0.000000000,2578.435265614,50.899023828,379106.000000000,4
long_chain,2,seeded-sync,1,8,200000,1,0,0,0,1,9169696.027343750,54060971,21.623601094,0.000000000,250.000000000,80.000000000,379106.000000000,0
long_chain,2,learned-sync,1,8,200000,1,0,0,0,1,66653053.263392560,54060971,21.623601094,0.000000000,2578.435265614,50.899023828,379106.000000000,4
long_chain,2,seeded-sync,2,8,200000,1,0,0,0,1,9169696.027343750,59366386,21.623601094,0.000000000,250.000000000,80.000000000,379106.000000000,0
long_chain,2,learned-sync,2,8,200000,1,0,0,0,1,66653053.263392560,59366386,21.623601094,0.000000000,2578.435265614,50.899023828,379106.000000000,4
long_chain,2,seeded-sync,3,8,200000,1,0,0,0,1,9169696.027343750,147953288,21.623601094,0.000000000,250.000000000,80.000000000,379106.000000000,0
long_chain,2,learned-sync,3,8,200000,1,0,0,0,1,66653053.263392560,147953288,21.623601094,0.000000000,2578.435265614,50.899023828,379106.000000000,4
long_chain,2,seeded-sync,4,8,200000,1,0,0,0,1,9169696.027343750,45933350,21.623601094,0.000000000,250.000000000,80.000000000,379106.000000000,0
long_chain,2,learned-sync,4,8,200000,1,0,0,0,1,66653053.263392560,45933350,21.623601094,0.000000000,2578.435265614,50.899023828,379106.000000000,4
long_chain,2,seeded-sync,5,8,200000,1,0,0,0,1,9169696.027343750,36992987,21.623601094,0.000000000,250.000000000,80.000000000,379106.000000000,0
long_chain,2,learned-sync,5,8,200000,1,0,0,0,1,66653053.263392560,36992987,21.623601094,0.000000000,2578.435265614,50.899023828,379106.000000000,4
long_chain,2,seeded-sync,6,8,200000,1,0,0,0,1,9169696.027343750,36559912,21.623601094,0.000000000,250.000000000,80.000000000,379106.000000000,0
long_chain,2,learned-sync,6,8,200000,1,0,0,0,1,66653053.263392560,36559912,21.623601094,0.000000000,2578.435265614,50.899023828,379106.000000000,4
short_chain,1,seeded-sync,0,3,20000,1,0,0,0,1,2520686.908150781,2881257,21.177577344,0.000000000,250.000000000,80.000000000,179386.000000000,0
short_chain,1,learned-sync,0,3,20000,1,0,0,0,1,2468914.256367370,2881257,21.177577344,0.000000000,272.903909258,49.330581250,179386.000000000,4
short_chain,1,seeded-sync,1,3,20000,1,0,0,0,1,2520686.908150781,2786544,21.177577344,0.000000000,250.000000000,80.000000000,179386.000000000,0
short_chain,1,learned-sync,1,3,20000,1,0,0,0,1,2468914.256367370,2786544,21.177577344,0.000000000,272.903909258,49.330581250,179386.000000000,4
short_chain,1,seeded-sync,2,3,20000,1,0,0,0,1,2520686.908150781,2737406,21.177577344,0.000000000,250.000000000,80.000000000,179386.000000000,0
short_chain,1,learned-sync,2,3,20000,1,0,0,0,1,2468914.256367370,2737406,21.177577344,0.000000000,272.903909258,49.330581250,179386.000000000,4
short_chain,1,seeded-sync,3,3,20000,1,0,0,0,1,2520686.908150781,2926248,21.177577344,0.000000000,250.000000000,80.000000000,179386.000000000,0
short_chain,1,learned-sync,3,3,20000,1,0,0,0,1,2468914.256367370,2926248,21.177577344,0.000000000,272.903909258,49.330581250,179386.000000000,4
short_chain,1,seeded-sync,4,3,20000,1,0,0,0,1,2520686.908150781,2939935,21.177577344,0.000000000,250.000000000,80.000000000,179386.000000000,0
short_chain,1,learned-sync,4,3,20000,1,0,0,0,1,2468914.256367370,2939935,21.177577344,0.000000000,272.903909258,49.330581250,179386.000000000,4
short_chain,1,seeded-sync,5,3,20000,1,0,0,0,1,2520686.908150781,2696635,21.177577344,0.000000000,250.000000000,80.000000000,179386.000000000,0
short_chain,1,learned-sync,5,3,20000,1,0,0,0,1,2468914.256367370,2696635,21.177577344,0.000000000,272.903909258,49.330581250,179386.000000000,4
short_chain,1,seeded-sync,6,3,20000,1,0,0,0,1,2520686.908150781,2702540,21.177577344,0.000000000,250.000000000,80.000000000,179386.000000000,0
short_chain,1,learned-sync,6,3,20000,1,0,0,0,1,2468914.256367370,2702540,21.177577344,0.000000000,272.903909258,49.330581250,179386.000000000,4
short_chain,1,seeded-sync,0,5,20000,1,0,0,0,1,1670131.871875000,3678201,21.200967969,0.000000000,250.000000000,80.000000000,265328.000000000,0
short_chain,1,learned-sync,0,5,20000,1,0,0,0,1,3190823.288858037,3678201,21.200967969,0.000000000,661.991165183,48.181689062,265328.000000000,4
short_chain,1,seeded-sync,1,5,20000,1,0,0,0,1,1670131.871875000,3499705,21.200967969,0.000000000,250.000000000,80.000000000,265328.000000000,0
short_chain,1,learned-sync,1,5,20000,1,0,0,0,1,3190823.288858037,3499705,21.200967969,0.000000000,661.991165183,48.181689062,265328.000000000,4
short_chain,1,seeded-sync,2,5,20000,1,0,0,0,1,1670131.871875000,3311686,21.200967969,0.000000000,250.000000000,80.000000000,265328.000000000,0
short_chain,1,learned-sync,2,5,20000,1,0,0,0,1,3190823.288858037,3311686,21.200967969,0.000000000,661.991165183,48.181689062,265328.000000000,4
short_chain,1,seeded-sync,3,5,20000,1,0,0,0,1,1670131.871875000,3291388,21.200967969,0.000000000,250.000000000,80.000000000,265328.000000000,0
short_chain,1,learned-sync,3,5,20000,1,0,0,0,1,3190823.288858037,3291388,21.200967969,0.000000000,661.991165183,48.181689062,265328.000000000,4
short_chain,1,seeded-sync,4,5,20000,1,0,0,0,1,1670131.871875000,3876002,21.200967969,0.000000000,250.000000000,80.000000000,265328.000000000,0
short_chain,1,learned-sync,4,5,20000,1,0,0,0,1,3190823.288858037,3876002,21.200967969,0.000000000,661.991165183,48.181689062,265328.000000000,4
short_chain,1,seeded-sync,5,5,20000,1,0,0,0,1,1670131.871875000,4385104,21.200967969,0.000000000,250.000000000,80.000000000,265328.000000000,0
short_chain,1,learned-sync,5,5,20000,1,0,0,0,1,3190823.288858037,4385104,21.200967969,0.000000000,661.991165183,48.181689062,265328.000000000,4
short_chain,1,seeded-sync,6,5,20000,1,0,0,0,1,1670131.871875000,3359505,21.200967969,0.000000000,250.000000000,80.000000000,265328.000000000,0
short_chain,1,learned-sync,6,5,20000,1,0,0,0,1,3190823.288858037,3359505,21.200967969,0.000000000,661.991165183,48.181689062,265328.000000000,4
long_four_chains,1,seeded-sync,0,2,200000,4,0,0,0,1,35340994.570312500,11568400,21.579065703,0.000000000,250.000000000,80.000000000,183088.000000000,0
long_four_chains,1,learned-sync,0,2,200000,4,0,0,0,1,8070903.933692737,11568400,21.579065703,0.000000000,27.697315118,29.601778516,183088.000000000,4
long_four_chains,1,seeded-sync,1,2,200000,4,0,0,0,1,35340994.570312500,11075108,21.579065703,0.000000000,250.000000000,80.000000000,183088.000000000,0
long_four_chains,1,learned-sync,1,2,200000,4,0,0,0,1,8070903.933692737,11075108,21.579065703,0.000000000,27.697315118,29.601778516,183088.000000000,4
long_four_chains,1,seeded-sync,2,2,200000,4,0,0,0,1,35340994.570312500,11255568,21.579065703,0.000000000,250.000000000,80.000000000,183088.000000000,0
long_four_chains,1,learned-sync,2,2,200000,4,0,0,0,1,8070903.933692737,11255568,21.579065703,0.000000000,27.697315118,29.601778516,183088.000000000,4
long_four_chains,1,seeded-sync,3,2,200000,4,0,0,0,1,35340994.570312500,10853131,21.579065703,0.000000000,250.000000000,80.000000000,183088.000000000,0
long_four_chains,1,learned-sync,3,2,200000,4,0,0,0,1,8070903.933692737,10853131,21.579065703,0.000000000,27.697315118,29.601778516,183088.000000000,4
long_four_chains,1,seeded-sync,4,2,200000,4,0,0,0,1,35340994.570312500,11153579,21.579065703,0.000000000,250.000000000,80.000000000,183088.000000000,0
long_four_chains,1,learned-sync,4,2,200000,4,0,0,0,1,8070903.933692737,11153579,21.579065703,0.000000000,27.697315118,29.601778516,183088.000000000,4
long_four_chains,1,seeded-sync,5,2,200000,4,0,0,0,1,35340994.570312500,10608379,21.579065703,0.000000000,250.000000000,80.000000000,183088.000000000,0
long_four_chains,1,learned-sync,5,2,200000,4,0,0,0,1,8070903.933692737,10608379,21.579065703,0.000000000,27.697315118,29.601778516,183088.000000000,4
long_four_chains,1,seeded-sync,6,2,200000,4,0,0,0,1,35340994.570312500,9988199,21.579065703,0.000000000,250.000000000,80.000000000,183088.000000000,0
long_four_chains,1,learned-sync,6,2,200000,4,0,0,0,1,8070903.933692737,9988199,21.579065703,0.000000000,27.697315118,29.601778516,183088.000000000,4
independent_after,1,seeded-sync,0,8,32768,4,0,16,1,1,2312228.541015625,1788708,23.303469658,115.213019848,250.000000000,80.000000000,393185.000000000,0
independent_after,1,learned-sync,0,8,32768,4,0,16,1,1,1745102.336910605,1788708,23.303469658,115.213019848,135.478508710,56.062945366,393185.000000000,4
independent_after,1,seeded-sync,1,8,32768,4,0,16,1,1,2312228.541015625,1681319,23.303469658,115.213019848,250.000000000,80.000000000,393185.000000000,0
independent_after,1,learned-sync,1,8,32768,4,0,16,1,1,1745102.336910605,1681319,23.303469658,115.213019848,135.478508710,56.062945366,393185.000000000,4
independent_after,1,seeded-sync,2,8,32768,4,0,16,1,1,2312228.541015625,1711515,23.303469658,115.213019848,250.000000000,80.000000000,393185.000000000,0
independent_after,1,learned-sync,2,8,32768,4,0,16,1,1,1745102.336910605,1711515,23.303469658,115.213019848,135.478508710,56.062945366,393185.000000000,4
independent_after,1,seeded-sync,3,8,32768,4,0,16,1,1,2312228.541015625,1573993,23.303469658,115.213019848,250.000000000,80.000000000,393185.000000000,0
independent_after,1,learned-sync,3,8,32768,4,0,16,1,1,1745102.336910605,1573993,23.303469658,115.213019848,135.478508710,56.062945366,393185.000000000,4
independent_after,1,seeded-sync,4,8,32768,4,0,16,1,1,2312228.541015625,1868893,23.303469658,115.213019848,250.000000000,80.000000000,393185.000000000,0
independent_after,1,learned-sync,4,8,32768,4,0,16,1,1,1745102.336910605,1868893,23.303469658,115.213019848,135.478508710,56.062945366,393185.000000000,4
independent_after,1,seeded-sync,5,8,32768,4,0,16,1,1,2312228.541015625,1747045,23.303469658,115.213019848,250.000000000,80.000000000,393185.000000000,0
independent_after,1,learned-sync,5,8,32768,4,0,16,1,1,1745102.336910605,1747045,23.303469658,115.213019848,135.478508710,56.062945366,393185.000000000,4
independent_after,1,seeded-sync,6,8,32768,4,0,16,1,1,2312228.541015625,3096777,23.303469658,115.213019848,250.000000000,80.000000000,393185.000000000,0
independent_after,1,learned-sync,6,8,32768,4,0,16,1,1,1745102.336910605,3096777,23.303469658,115.213019848,135.478508710,56.062945366,393185.000000000,4
independent_after,0,seeded-sync,0,6,32768,4,0,16,1,1,2887007.128313065,7817308,22.223741055,113.257791042,250.000000000,80.000000000,344547.000000000,0
independent_after,0,learned-sync,0,6,32768,4,0,16,1,1,2094678.343403163,7817308,22.223741055,113.257791042,139.865129696,45.072844505,344547.000000000,4
independent_after,0,seeded-sync,1,6,32768,4,0,16,1,1,2887007.128313065,1968348,22.223741055,113.257791042,250.000000000,80.000000000,344547.000000000,0
independent_after,0,learned-sync,1,6,32768,4,0,16,1,1,2094678.343403163,1968348,22.223741055,113.257791042,139.865129696,45.072844505,344547.000000000,4
independent_after,0,seeded-sync,2,6,32768,4,0,16,1,1,2887007.128313065,2946529,22.223741055,113.257791042,250.000000000,80.000000000,344547.000000000,0
independent_after,0,learned-sync,2,6,32768,4,0,16,1,1,2094678.343403163,2946529,22.223741055,113.257791042,139.865129696,45.072844505,344547.000000000,4
independent_after,0,seeded-sync,3,6,32768,4,0,16,1,1,2887007.128313065,2583119,22.223741055,113.257791042,250.000000000,80.000000000,344547.000000000,0
independent_after,0,learned-sync,3,6,32768,4,0,16,1,1,2094678.343403163,2583119,22.223741055,113.257791042,139.865129696,45.072844505,344547.000000000,4
independent_after,0,seeded-sync,4,6,32768,4,0,16,1,1,2887007.128313065,2296236,22.223741055,113.257791042,250.000000000,80.000000000,344547.000000000,0
independent_after,0,learned-sync,4,6,32768,4,0,16,1,1,2094678.343403163,2296236,22.223741055,113.257791042,139.865129696,45.072844505,344547.000000000,4
independent_after,0,seeded-sync,5,6,32768,4,0,16,1,1,2887007.128313065,2960050,22.223741055,113.257791042,250.000000000,80.000000000,344547.000000000,0
independent_after,0,learned-sync,5,6,32768,4,0,16,1,1,2094678.343403163,2960050,22.223741055,113.257791042,139.865129696,45.072844505,344547.000000000,4
independent_after,0,seeded-sync,6,6,32768,4,0,16,1,1,2887007.128313065,2381598,22.223741055,113.257791042,250.000000000,80.000000000,344547.000000000,0
independent_after,0,learned-sync,6,6,32768,4,0,16,1,1,2094678.343403163,2381598,22.223741055,113.257791042,139.865129696,45.072844505,344547.000000000,4
short_chain,0,seeded-sync,0,3,20000,1,0,0,0,1,2521742.773760156,2672495,21.211905469,0.000000000,250.000000000,80.000000000,180213.000000000,0
short_chain,0,learned-sync,0,3,20000,1,0,0,0,1,2539491.738938507,2672495,21.211905469,0.000000000,283.623948385,49.038263281,180213.000000000,4
short_chain,0,seeded-sync,1,3,20000,1,0,0,0,1,2521742.773760156,2803920,21.211905469,0.000000000,250.000000000,80.000000000,180213.000000000,0
short_chain,0,learned-sync,1,3,20000,1,0,0,0,1,2539491.738938507,2803920,21.211905469,0.000000000,283.623948385,49.038263281,180213.000000000,4
short_chain,0,seeded-sync,2,3,20000,1,0,0,0,1,2521742.773760156,2799309,21.211905469,0.000000000,250.000000000,80.000000000,180213.000000000,0
short_chain,0,learned-sync,2,3,20000,1,0,0,0,1,2539491.738938507,2799309,21.211905469,0.000000000,283.623948385,49.038263281,180213.000000000,4
short_chain,0,seeded-sync,3,3,20000,1,0,0,0,1,2521742.773760156,3164286,21.211905469,0.000000000,250.000000000,80.000000000,180213.000000000,0
short_chain,0,learned-sync,3,3,20000,1,0,0,0,1,2539491.738938507,3164286,21.211905469,0.000000000,283.623948385,49.038263281,180213.000000000,4
short_chain,0,seeded-sync,4,3,20000,1,0,0,0,1,2521742.773760156,2676601,21.211905469,0.000000000,250.000000000,80.000000000,180213.000000000,0
short_chain,0,learned-sync,4,3,20000,1,0,0,0,1,2539491.738938507,2676601,21.211905469,0.000000000,283.623948385,49.038263281,180213.000000000,4
short_chain,0,seeded-sync,5,3,20000,1,0,0,0,1,2521742.773760156,2714006,21.211905469,0.000000000,250.000000000,80.000000000,180213.000000000,0
short_chain,0,learned-sync,5,3,20000,1,0,0,0,1,2539491.738938507,2714006,21.211905469,0.000000000,283.623948385,49.038263281,180213.000000000,4
short_chain,0,seeded-sync,6,3,20000,1,0,0,0,1,2521742.773760156,3079997,21.211905469,0.000000000,250.000000000,80.000000000,180213.000000000,0
short_chain,0,learned-sync,6,3,20000,1,0,0,0,1,2539491.738938507,3079997,21.211905469,0.000000000,283.623948385,49.038263281,180213.000000000,4
dependent_compute,1,seeded-sync,0,6,32768,1,16,0,0,1,2754087.336076736,8212939,109.293177605,0.000000000,250.000000000,80.000000000,354668.000000000,0
dependent_compute,1,learned-sync,0,6,32768,1,16,0,0,1,8032579.365654962,8212939,109.293177605,0.000000000,1247.597566244,48.805222034,354668.000000000,4
dependent_compute,1,seeded-sync,1,6,32768,1,16,0,0,1,2754087.336076736,8210898,109.293177605,0.000000000,250.000000000,80.000000000,354668.000000000,0
dependent_compute,1,learned-sync,1,6,32768,1,16,0,0,1,8032579.365654962,8210898,109.293177605,0.000000000,1247.597566244,48.805222034,354668.000000000,4
dependent_compute,1,seeded-sync,2,6,32768,1,16,0,0,1,2754087.336076736,8117084,109.293177605,0.000000000,250.000000000,80.000000000,354668.000000000,0
dependent_compute,1,learned-sync,2,6,32768,1,16,0,0,1,8032579.365654962,8117084,109.293177605,0.000000000,1247.597566244,48.805222034,354668.000000000,4
dependent_compute,1,seeded-sync,3,6,32768,1,16,0,0,1,2754087.336076736,8045909,109.293177605,0.000000000,250.000000000,80.000000000,354668.000000000,0
dependent_compute,1,learned-sync,3,6,32768,1,16,0,0,1,8032579.365654962,8045909,109.293177605,0.000000000,1247.597566244,48.805222034,354668.000000000,4
dependent_compute,1,seeded-sync,4,6,32768,1,16,0,0,1,2754087.336076736,8321018,109.293177605,0.000000000,250.000000000,80.000000000,354668.000000000,0
dependent_compute,1,learned-sync,4,6,32768,1,16,0,0,1,8032579.365654962,8321018,109.293177605,0.000000000,1247.597566244,48.805222034,354668.000000000,4
dependent_compute,1,seeded-sync,5,6,32768,1,16,0,0,1,2754087.336076736,8766634,109.293177605,0.000000000,250.000000000,80.000000000,354668.000000000,0
dependent_compute,1,learned-sync,5,6,32768,1,16,0,0,1,8032579.365654962,8766634,109.293177605,0.000000000,1247.597566244,48.805222034,354668.000000000,4
dependent_compute,1,seeded-sync,6,6,32768,1,16,0,0,1,2754087.336076736,8367491,109.293177605,0.000000000,250.000000000,80.000000000,354668.000000000,0
dependent_compute,1,learned-sync,6,6,32768,1,16,0,0,1,8032579.365654962,8367491,109.293177605,0.000000000,1247.597566244,48.805222034,354668.000000000,4
long_chain,0,seeded-sync,0,7,200000,1,0,0,0,1,10379918.779076874,51897323,21.261822031,0.000000000,250.000000000,80.000000000,343666.000000000,0
long_chain,0,learned-sync,0,7,200000,1,0,0,0,1,39684879.385253981,51897323,21.261822031,0.000000000,1305.708932138,49.944176016,343666.000000000,4
long_chain,0,seeded-sync,1,7,200000,1,0,0,0,1,10379918.779076874,129490120,21.261822031,0.000000000,250.000000000,80.000000000,343666.000000000,0
long_chain,0,learned-sync,1,7,200000,1,0,0,0,1,39684879.385253981,129490120,21.261822031,0.000000000,1305.708932138,49.944176016,343666.000000000,4
long_chain,0,seeded-sync,2,7,200000,1,0,0,0,1,10379918.779076874,72530376,21.261822031,0.000000000,250.000000000,80.000000000,343666.000000000,0
long_chain,0,learned-sync,2,7,200000,1,0,0,0,1,39684879.385253981,72530376,21.261822031,0.000000000,1305.708932138,49.944176016,343666.000000000,4
long_chain,0,seeded-sync,3,7,200000,1,0,0,0,1,10379918.779076874,37771613,21.261822031,0.000000000,250.000000000,80.000000000,343666.000000000,0
long_chain,0,learned-sync,3,7,200000,1,0,0,0,1,39684879.385253981,37771613,21.261822031,0.000000000,1305.708932138,49.944176016,343666.000000000,4
long_chain,0,seeded-sync,4,7,200000,1,0,0,0,1,10379918.779076874,36820497,21.261822031,0.000000000,250.000000000,80.000000000,343666.000000000,0
long_chain,0,learned-sync,4,7,200000,1,0,0,0,1,39684879.385253981,36820497,21.261822031,0.000000000,1305.708932138,49.944176016,343666.000000000,4
long_chain,0,seeded-sync,5,7,200000,1,0,0,0,1,10379918.779076874,33863114,21.261822031,0.000000000,250.000000000,80.000000000,343666.000000000,0
long_chain,0,learned-sync,5,7,200000,1,0,0,0,1,39684879.385253981,33863114,21.261822031,0.000000000,1305.708932138,49.944176016,343666.000000000,4
long_chain,0,seeded-sync,6,7,200000,1,0,0,0,1,10379918.779076874,35556066,21.261822031,0.000000000,250.000000000,80.000000000,343666.000000000,0
long_chain,0,learned-sync,6,7,200000,1,0,0,0,1,39684879.385253981,35556066,21.261822031,0.000000000,1305.708932138,49.944176016,343666.000000000,4
long_many_chains,1,seeded-sync,0,5,200000,64,0,0,0,1,14373776.565625001,6144179,22.026089141,0.000000000,250.000000000,80.000000000,292733.000000000,0
long_many_chains,1,learned-sync,0,5,200000,64,0,0,0,1,4591606.329026288,6144179,22.026089141,0.000000000,42.692453226,42.753290859,292733.000000000,4
long_many_chains,1,seeded-sync,1,5,200000,64,0,0,0,1,14373776.565625001,5805035,22.026089141,0.000000000,250.000000000,80.000000000,292733.000000000,0
long_many_chains,1,learned-sync,1,5,200000,64,0,0,0,1,4591606.329026288,5805035,22.026089141,0.000000000,42.692453226,42.753290859,292733.000000000,4
long_many_chains,1,seeded-sync,2,5,200000,64,0,0,0,1,14373776.565625001,5958067,22.026089141,0.000000000,250.000000000,80.000000000,292733.000000000,0
long_many_chains,1,learned-sync,2,5,200000,64,0,0,0,1,4591606.329026288,5958067,22.026089141,0.000000000,42.692453226,42.753290859,292733.000000000,4
long_many_chains,1,seeded-sync,3,5,200000,64,0,0,0,1,14373776.565625001,6075270,22.026089141,0.000000000,250.000000000,80.000000000,292733.000000000,0
long_many_chains,1,learned-sync,3,5,200000,64,0,0,0,1,4591606.329026288,6075270,22.026089141,0.000000000,42.692453226,42.753290859,292733.000000000,4
long_many_chains,1,seeded-sync,4,5,200000,64,0,0,0,1,14373776.565625001,6520927,22.026089141,0.000000000,250.000000000,80.000000000,292733.000000000,0
long_many_chains,1,learned-sync,4,5,200000,64,0,0,0,1,4591606.329026288,6520927,22.026089141,0.000000000,42.692453226,42.753290859,292733.000000000,4
long_many_chains,1,seeded-sync,5,5,200000,64,0,0,0,1,14373776.565625001,6347106,22.026089141,0.000000000,250.000000000,80.000000000,292733.000000000,0
long_many_chains,1,learned-sync,5,5,200000,64,0,0,0,1,4591606.329026288,6347106,22.026089141,0.000000000,42.692453226,42.753290859,292733.000000000,4
long_many_chains,1,seeded-sync,6,5,200000,64,0,0,0,1,14373776.565625001,7017659,22.026089141,0.000000000,250.000000000,80.000000000,292733.000000000,0
long_many_chains,1,learned-sync,6,5,200000,64,0,0,0,1,4591606.329026288,7017659,22.026089141,0.000000000,42.692453226,42.753290859,292733.000000000,4
uneven,2,seeded-sync,0,7,8193,3,4,8,0,1,940812.664383849,946422,42.061428201,63.347337285,250.000000000,80.000000000,430949.000000000,0
uneven,2,learned-sync,0,7,8193,3,4,8,0,1,1243016.958207566,946422,42.061428201,63.347337285,528.181082112,59.892610308,430949.000000000,4
uneven,2,seeded-sync,1,7,8193,3,4,8,0,1,940812.664383849,916348,42.061428201,63.347337285,250.000000000,80.000000000,430949.000000000,0
uneven,2,learned-sync,1,7,8193,3,4,8,0,1,1243016.958207566,916348,42.061428201,63.347337285,528.181082112,59.892610308,430949.000000000,4
uneven,2,seeded-sync,2,7,8193,3,4,8,0,1,940812.664383849,931454,42.061428201,63.347337285,250.000000000,80.000000000,430949.000000000,0
uneven,2,learned-sync,2,7,8193,3,4,8,0,1,1243016.958207566,931454,42.061428201,63.347337285,528.181082112,59.892610308,430949.000000000,4
uneven,2,seeded-sync,3,7,8193,3,4,8,0,1,940812.664383849,883626,42.061428201,63.347337285,250.000000000,80.000000000,430949.000000000,0
uneven,2,learned-sync,3,7,8193,3,4,8,0,1,1243016.958207566,883626,42.061428201,63.347337285,528.181082112,59.892610308,430949.000000000,4
uneven,2,seeded-sync,4,7,8193,3,4,8,0,1,940812.664383849,869262,42.061428201,63.347337285,250.000000000,80.000000000,430949.000000000,0
uneven,2,learned-sync,4,7,8193,3,4,8,0,1,1243016.958207566,869262,42.061428201,63.347337285,528.181082112,59.892610308,430949.000000000,4
uneven,2,seeded-sync,5,7,8193,3,4,8,0,1,940812.664383849,946163,42.061428201,63.347337285,250.000000000,80.000000000,430949.000000000,0
uneven,2,learned-sync,5,7,8193,3,4,8,0,1,1243016.958207566,946163,42.061428201,63.347337285,528.181082112,59.892610308,430949.000000000,4
uneven,2,seeded-sync,6,7,8193,3,4,8,0,1,940812.664383849,910189,42.061428201,63.347337285,250.000000000,80.000000000,430949.000000000,0
uneven,2,learned-sync,6,7,8193,3,4,8,0,1,1243016.958207566,910189,42.061428201,63.347337285,528.181082112,59.892610308,430949.000000000,4
long_chain,0,seeded-sync,0,4,200000,1,0,0,0,1,17765385.265625000,26487360,21.434165312,0.000000000,250.000000000,80.000000000,193677.000000000,0
long_chain,0,learned-sync,0,4,200000,1,0,0,0,1,26755577.183521617,26487360,21.434165312,0.000000000,460.046586483,49.757251875,193677.000000000,4
long_chain,0,seeded-sync,1,4,200000,1,0,0,0,1,17765385.265625000,32721846,21.434165312,0.000000000,250.000000000,80.000000000,193677.000000000,0
long_chain,0,learned-sync,1,4,200000,1,0,0,0,1,26755577.183521617,32721846,21.434165312,0.000000000,460.046586483,49.757251875,193677.000000000,4
long_chain,0,seeded-sync,2,4,200000,1,0,0,0,1,17765385.265625000,31262130,21.434165312,0.000000000,250.000000000,80.000000000,193677.000000000,0
long_chain,0,learned-sync,2,4,200000,1,0,0,0,1,26755577.183521617,31262130,21.434165312,0.000000000,460.046586483,49.757251875,193677.000000000,4
long_chain,0,seeded-sync,3,4,200000,1,0,0,0,1,17765385.265625000,29270107,21.434165312,0.000000000,250.000000000,80.000000000,193677.000000000,0
long_chain,0,learned-sync,3,4,200000,1,0,0,0,1,26755577.183521617,29270107,21.434165312,0.000000000,460.046586483,49.757251875,193677.000000000,4
long_chain,0,seeded-sync,4,4,200000,1,0,0,0,1,17765385.265625000,31884184,21.434165312,0.000000000,250.000000000,80.000000000,193677.000000000,0
long_chain,0,learned-sync,4,4,200000,1,0,0,0,1,26755577.183521617,31884184,21.434165312,0.000000000,460.046586483,49.757251875,193677.000000000,4
long_chain,0,seeded-sync,5,4,200000,1,0,0,0,1,17765385.265625000,30023819,21.434165312,0.000000000,250.000000000,80.000000000,193677.000000000,0
long_chain,0,learned-sync,5,4,200000,1,0,0,0,1,26755577.183521617,30023819,21.434165312,0.000000000,460.046586483,49.757251875,193677.000000000,4
long_chain,0,seeded-sync,6,4,200000,1,0,0,0,1,17765385.265625000,36781091,21.434165312,0.000000000,250.000000000,80.000000000,193677.000000000,0
long_chain,0,learned-sync,6,4,200000,1,0,0,0,1,26755577.183521617,36781091,21.434165312,0.000000000,460.046586483,49.757251875,193677.000000000,4
independent_before,1,seeded-sync,0,2,32768,4,0,16,0,1,7858698.921875000,3817996,22.855632782,114.897841454,250.000000000,80.000000000,195026.000000000,0
independent_before,1,learned-sync,0,2,32768,4,0,16,0,1,3398717.855020945,3817996,22.855632782,114.897841454,30.478291723,27.306066990,195026.000000000,4
independent_before,1,seeded-sync,1,2,32768,4,0,16,0,1,7858698.921875000,3659024,22.855632782,114.897841454,250.000000000,80.000000000,195026.000000000,0
independent_before,1,learned-sync,1,2,32768,4,0,16,0,1,3398717.855020945,3659024,22.855632782,114.897841454,30.478291723,27.306066990,195026.000000000,4
independent_before,1,seeded-sync,2,2,32768,4,0,16,0,1,7858698.921875000,3654655,22.855632782,114.897841454,250.000000000,80.000000000,195026.000000000,0
independent_before,1,learned-sync,2,2,32768,4,0,16,0,1,3398717.855020945,3654655,22.855632782,114.897841454,30.478291723,27.306066990,195026.000000000,4
independent_before,1,seeded-sync,3,2,32768,4,0,16,0,1,7858698.921875000,4097655,22.855632782,114.897841454,250.000000000,80.000000000,195026.000000000,0
independent_before,1,learned-sync,3,2,32768,4,0,16,0,1,3398717.855020945,4097655,22.855632782,114.897841454,30.478291723,27.306066990,195026.000000000,4
independent_before,1,seeded-sync,4,2,32768,4,0,16,0,1,7858698.921875000,3978698,22.855632782,114.897841454,250.000000000,80.000000000,195026.000000000,0
independent_before,1,learned-sync,4,2,32768,4,0,16,0,1,3398717.855020945,3978698,22.855632782,114.897841454,30.478291723,27.306066990,195026.000000000,4
independent_before,1,seeded-sync,5,2,32768,4,0,16,0,1,7858698.921875000,3671367,22.855632782,114.897841454,250.000000000,80.000000000,195026.000000000,0
independent_before,1,learned-sync,5,2,32768,4,0,16,0,1,3398717.855020945,3671367,22.855632782,114.897841454,30.478291723,27.306066990,195026.000000000,4
independent_before,1,seeded-sync,6,2,32768,4,0,16,0,1,7858698.921875000,3950417,22.855632782,114.897841454,250.000000000,80.000000000,195026.000000000,0
independent_before,1,learned-sync,6,2,32768,4,0,16,0,1,3398717.855020945,3950417,22.855632782,114.897841454,30.478291723,27.306066990,195026.000000000,4
dependent_compute,2,seeded-sync,0,2,32768,1,16,0,0,1,9372916.195312500,7759495,228.568005085,0.000000000,250.000000000,80.000000000,221338.000000000,0
dependent_compute,2,learned-sync,0,2,32768,1,16,0,0,1,11763929.627139155,7759495,228.568005085,0.000000000,413.488653314,62.447225094,221338.000000000,4
dependent_compute,2,seeded-sync,1,2,32768,1,16,0,0,1,9372916.195312500,7867598,228.568005085,0.000000000,250.000000000,80.000000000,221338.000000000,0
dependent_compute,2,learned-sync,1,2,32768,1,16,0,0,1,11763929.627139155,7867598,228.568005085,0.000000000,413.488653314,62.447225094,221338.000000000,4
dependent_compute,2,seeded-sync,2,2,32768,1,16,0,0,1,9372916.195312500,10542150,228.568005085,0.000000000,250.000000000,80.000000000,221338.000000000,0
dependent_compute,2,learned-sync,2,2,32768,1,16,0,0,1,11763929.627139155,10542150,228.568005085,0.000000000,413.488653314,62.447225094,221338.000000000,4
dependent_compute,2,seeded-sync,3,2,32768,1,16,0,0,1,9372916.195312500,8086970,228.568005085,0.000000000,250.000000000,80.000000000,221338.000000000,0
dependent_compute,2,learned-sync,3,2,32768,1,16,0,0,1,11763929.627139155,8086970,228.568005085,0.000000000,413.488653314,62.447225094,221338.000000000,4
dependent_compute,2,seeded-sync,4,2,32768,1,16,0,0,1,9372916.195312500,15583108,228.568005085,0.000000000,250.000000000,80.000000000,221338.000000000,0
dependent_compute,2,learned-sync,4,2,32768,1,16,0,0,1,11763929.627139155,15583108,228.568005085,0.000000000,413.488653314,62.447225094,221338.000000000,4
dependent_compute,2,seeded-sync,5,2,32768,1,16,0,0,1,9372916.195312500,12823863,228.568005085,0.000000000,250.000000000,80.000000000,221338.000000000,0
dependent_compute,2,learned-sync,5,2,32768,1,16,0,0,1,11763929.627139155,12823863,228.568005085,0.000000000,413.488653314,62.447225094,221338.000000000,4
dependent_compute,2,seeded-sync,6,2,32768,1,16,0,0,1,9372916.195312500,13678415,228.568005085,0.000000000,250.000000000,80.000000000,221338.000000000,0
dependent_compute,2,learned-sync,6,2,32768,1,16,0,0,1,11763929.627139155,13678415,228.568005085,0.000000000,413.488653314,62.447225094,221338.000000000,4
long_many_chains,1,seeded-sync,0,6,200000,64,0,0,0,1,12212384.107741408,12552413,23.993643359,0.000000000,250.000000000,80.000000000,412360.000000000,0
long_many_chains,1,learned-sync,0,6,200000,64,0,0,0,1,6760090.938949701,12552413,23.993643359,0.000000000,116.905263200,49.529213047,412360.000000000,4
long_many_chains,1,seeded-sync,1,6,200000,64,0,0,0,1,12212384.107741408,6913404,23.993643359,0.000000000,250.000000000,80.000000000,412360.000000000,0
long_many_chains,1,learned-sync,1,6,200000,64,0,0,0,1,6760090.938949701,6913404,23.993643359,0.000000000,116.905263200,49.529213047,412360.000000000,4
long_many_chains,1,seeded-sync,2,6,200000,64,0,0,0,1,12212384.107741408,9463645,23.993643359,0.000000000,250.000000000,80.000000000,412360.000000000,0
long_many_chains,1,learned-sync,2,6,200000,64,0,0,0,1,6760090.938949701,9463645,23.993643359,0.000000000,116.905263200,49.529213047,412360.000000000,4
long_many_chains,1,seeded-sync,3,6,200000,64,0,0,0,1,12212384.107741408,6506136,23.993643359,0.000000000,250.000000000,80.000000000,412360.000000000,0
long_many_chains,1,learned-sync,3,6,200000,64,0,0,0,1,6760090.938949701,6506136,23.993643359,0.000000000,116.905263200,49.529213047,412360.000000000,4
long_many_chains,1,seeded-sync,4,6,200000,64,0,0,0,1,12212384.107741408,5814782,23.993643359,0.000000000,250.000000000,80.000000000,412360.000000000,0
long_many_chains,1,learned-sync,4,6,200000,64,0,0,0,1,6760090.938949701,5814782,23.993643359,0.000000000,116.905263200,49.529213047,412360.000000000,4
long_many_chains,1,seeded-sync,5,6,200000,64,0,0,0,1,12212384.107741408,5713434,23.993643359,0.000000000,250.000000000,80.000000000,412360.000000000,0
long_many_chains,1,learned-sync,5,6,200000,64,0,0,0,1,6760090.938949701,5713434,23.993643359,0.000000000,116.905263200,49.529213047,412360.000000000,4
long_many_chains,1,seeded-sync,6,6,200000,64,0,0,0,1,12212384.107741408,5474293,23.993643359,0.000000000,250.000000000,80.000000000,412360.000000000,0
long_many_chains,1,learned-sync,6,6,200000,64,0,0,0,1,6760090.938949701,5474293,23.993643359,0.000000000,116.905263200,49.529213047,412360.000000000,4
long_four_chains,2,seeded-sync,0,7,200000,4,0,0,0,1,10426741.437519688,9213348,22.605503203,0.000000000,250.000000000,80.000000000,352097.000000000,0
long_four_chains,2,learned-sync,0,7,200000,4,0,0,0,1,8756425.941966448,9213348,22.605503203,0.000000000,206.690311228,64.849815625,352097.000000000,4
long_four_chains,2,seeded-sync,1,7,200000,4,0,0,0,1,10426741.437519688,9037216,22.605503203,0.000000000,250.000000000,80.000000000,352097.000000000,0
long_four_chains,2,learned-sync,1,7,200000,4,0,0,0,1,8756425.941966448,9037216,22.605503203,0.000000000,206.690311228,64.849815625,352097.000000000,4
long_four_chains,2,seeded-sync,2,7,200000,4,0,0,0,1,10426741.437519688,9307088,22.605503203,0.000000000,250.000000000,80.000000000,352097.000000000,0
long_four_chains,2,learned-sync,2,7,200000,4,0,0,0,1,8756425.941966448,9307088,22.605503203,0.000000000,206.690311228,64.849815625,352097.000000000,4
long_four_chains,2,seeded-sync,3,7,200000,4,0,0,0,1,10426741.437519688,9055886,22.605503203,0.000000000,250.000000000,80.000000000,352097.000000000,0
long_four_chains,2,learned-sync,3,7,200000,4,0,0,0,1,8756425.941966448,9055886,22.605503203,0.000000000,206.690311228,64.849815625,352097.000000000,4
long_four_chains,2,seeded-sync,4,7,200000,4,0,0,0,1,10426741.437519688,8961660,22.605503203,0.000000000,250.000000000,80.000000000,352097.000000000,0
long_four_chains,2,learned-sync,4,7,200000,4,0,0,0,1,8756425.941966448,8961660,22.605503203,0.000000000,206.690311228,64.849815625,352097.000000000,4
long_four_chains,2,seeded-sync,5,7,200000,4,0,0,0,1,10426741.437519688,8803021,22.605503203,0.000000000,250.000000000,80.000000000,352097.000000000,0
long_four_chains,2,learned-sync,5,7,200000,4,0,0,0,1,8756425.941966448,8803021,22.605503203,0.000000000,206.690311228,64.849815625,352097.000000000,4
long_four_chains,2,seeded-sync,6,7,200000,4,0,0,0,1,10426741.437519688,9164979,22.605503203,0.000000000,250.000000000,80.000000000,352097.000000000,0
long_four_chains,2,learned-sync,6,7,200000,4,0,0,0,1,8756425.941966448,9164979,22.605503203,0.000000000,206.690311228,64.849815625,352097.000000000,4
short_four_chains,0,seeded-sync,0,6,20000,4,0,0,0,1,1503985.101770313,990864,21.844061719,0.000000000,250.000000000,80.000000000,330937.000000000,0
short_four_chains,0,learned-sync,0,6,20000,4,0,0,0,1,857874.771204598,990864,21.844061719,0.000000000,89.114897980,47.090761719,330937.000000000,4
short_four_chains,0,seeded-sync,1,6,20000,4,0,0,0,1,1503985.101770313,963984,21.844061719,0.000000000,250.000000000,80.000000000,330937.000000000,0
short_four_chains,0,learned-sync,1,6,20000,4,0,0,0,1,857874.771204598,963984,21.844061719,0.000000000,89.114897980,47.090761719,330937.000000000,4
short_four_chains,0,seeded-sync,2,6,20000,4,0,0,0,1,1503985.101770313,1140295,21.844061719,0.000000000,250.000000000,80.000000000,330937.000000000,0
short_four_chains,0,learned-sync,2,6,20000,4,0,0,0,1,857874.771204598,1140295,21.844061719,0.000000000,89.114897980,47.090761719,330937.000000000,4
short_four_chains,0,seeded-sync,3,6,20000,4,0,0,0,1,1503985.101770313,1006485,21.844061719,0.000000000,250.000000000,80.000000000,330937.000000000,0
short_four_chains,0,learned-sync,3,6,20000,4,0,0,0,1,857874.771204598,1006485,21.844061719,0.000000000,89.114897980,47.090761719,330937.000000000,4
short_four_chains,0,seeded-sync,4,6,20000,4,0,0,0,1,1503985.101770313,1003997,21.844061719,0.000000000,250.000000000,80.000000000,330937.000000000,0
short_four_chains,0,learned-sync,4,6,20000,4,0,0,0,1,857874.771204598,1003997,21.844061719,0.000000000,89.114897980,47.090761719,330937.000000000,4
short_four_chains,0,seeded-sync,5,6,20000,4,0,0,0,1,1503985.101770313,992168,21.844061719,0.000000000,250.000000000,80.000000000,330937.000000000,0
short_four_chains,0,learned-sync,5,6,20000,4,0,0,0,1,857874.771204598,992168,21.844061719,0.000000000,89.114897980,47.090761719,330937.000000000,4
short_four_chains,0,seeded-sync,6,6,20000,4,0,0,0,1,1503985.101770313,906107,21.844061719,0.000000000,250.000000000,80.000000000,330937.000000000,0
short_four_chains,0,learned-sync,6,6,20000,4,0,0,0,1,857874.771204598,906107,21.844061719,0.000000000,89.114897980,47.090761719,330937.000000000,4
independent_after,1,seeded-sync,0,2,32768,4,0,16,1,1,7755819.164062500,3135155,21.840026379,111.783213615,250.000000000,80.000000000,159816.000000000,0
independent_after,1,learned-sync,0,2,32768,4,0,16,1,1,3282032.529516962,3135155,21.840026379,111.783213615,29.299914731,27.641819000,159816.000000000,4
independent_after,1,seeded-sync,1,2,32768,4,0,16,1,1,7755819.164062500,3248804,21.840026379,111.783213615,250.000000000,80.000000000,159816.000000000,0
independent_after,1,learned-sync,1,2,32768,4,0,16,1,1,3282032.529516962,3248804,21.840026379,111.783213615,29.299914731,27.641819000,159816.000000000,4
independent_after,1,seeded-sync,2,2,32768,4,0,16,1,1,7755819.164062500,3685833,21.840026379,111.783213615,250.000000000,80.000000000,159816.000000000,0
independent_after,1,learned-sync,2,2,32768,4,0,16,1,1,3282032.529516962,3685833,21.840026379,111.783213615,29.299914731,27.641819000,159816.000000000,4
independent_after,1,seeded-sync,3,2,32768,4,0,16,1,1,7755819.164062500,3812403,21.840026379,111.783213615,250.000000000,80.000000000,159816.000000000,0
independent_after,1,learned-sync,3,2,32768,4,0,16,1,1,3282032.529516962,3812403,21.840026379,111.783213615,29.299914731,27.641819000,159816.000000000,4
independent_after,1,seeded-sync,4,2,32768,4,0,16,1,1,7755819.164062500,4991662,21.840026379,111.783213615,250.000000000,80.000000000,159816.000000000,0
independent_after,1,learned-sync,4,2,32768,4,0,16,1,1,3282032.529516962,4991662,21.840026379,111.783213615,29.299914731,27.641819000,159816.000000000,4
independent_after,1,seeded-sync,5,2,32768,4,0,16,1,1,7755819.164062500,5410188,21.840026379,111.783213615,250.000000000,80.000000000,159816.000000000,0
independent_after,1,learned-sync,5,2,32768,4,0,16,1,1,3282032.529516962,5410188,21.840026379,111.783213615,29.299914731,27.641819000,159816.000000000,4
independent_after,1,seeded-sync,6,2,32768,4,0,16,1,1,7755819.164062500,4297139,21.840026379,111.783213615,250.000000000,80.000000000,159816.000000000,0
independent_after,1,learned-sync,6,2,32768,4,0,16,1,1,3282032.529516962,4297139,21.840026379,111.783213615,29.299914731,27.641819000,159816.000000000,4
short_chain,2,seeded-sync,0,2,20000,1,0,0,0,1,3735310.773437500,3379783,24.550977344,0.000000000,250.000000000,80.000000000,189801.000000000,0
short_chain,2,learned-sync,0,2,20000,1,0,0,0,1,2579667.112515782,3379783,24.550977344,0.000000000,154.959406564,59.476227344,189801.000000000,4
short_chain,2,seeded-sync,1,2,20000,1,0,0,0,1,3735310.773437500,3449643,24.550977344,0.000000000,250.000000000,80.000000000,189801.000000000,0
short_chain,2,learned-sync,1,2,20000,1,0,0,0,1,2579667.112515782,3449643,24.550977344,0.000000000,154.959406564,59.476227344,189801.000000000,4
short_chain,2,seeded-sync,2,2,20000,1,0,0,0,1,3735310.773437500,2972024,24.550977344,0.000000000,250.000000000,80.000000000,189801.000000000,0
short_chain,2,learned-sync,2,2,20000,1,0,0,0,1,2579667.112515782,2972024,24.550977344,0.000000000,154.959406564,59.476227344,189801.000000000,4
short_chain,2,seeded-sync,3,2,20000,1,0,0,0,1,3735310.773437500,3680993,24.550977344,0.000000000,250.000000000,80.000000000,189801.000000000,0
short_chain,2,learned-sync,3,2,20000,1,0,0,0,1,2579667.112515782,3680993,24.550977344,0.000000000,154.959406564,59.476227344,189801.000000000,4
short_chain,2,seeded-sync,4,2,20000,1,0,0,0,1,3735310.773437500,2926019,24.550977344,0.000000000,250.000000000,80.000000000,189801.000000000,0
short_chain,2,learned-sync,4,2,20000,1,0,0,0,1,2579667.112515782,2926019,24.550977344,0.000000000,154.959406564,59.476227344,189801.000000000,4
short_chain,2,seeded-sync,5,2,20000,1,0,0,0,1,3735310.773437500,2566602,24.550977344,0.000000000,250.000000000,80.000000000,189801.000000000,0
short_chain,2,learned-sync,5,2,20000,1,0,0,0,1,2579667.112515782,2566602,24.550977344,0.000000000,154.959406564,59.476227344,189801.000000000,4
short_chain,2,seeded-sync,6,2,20000,1,0,0,0,1,3735310.773437500,4150894,24.550977344,0.000000000,250.000000000,80.000000000,189801.000000000,0
short_chain,2,learned-sync,6,2,20000,1,0,0,0,1,2579667.112515782,4150894,24.550977344,0.000000000,154.959406564,59.476227344,189801.000000000,4
two_streams,0,seeded-sync,0,2,32768,4,0,0,0,2,11401572.164062500,3801052,22.301584721,0.000000000,250.000000000,80.000000000,222743.000000000,0
two_streams,0,learned-sync,0,2,32768,4,0,0,0,2,2292730.020135476,3801052,22.301584721,0.000000000,25.258940119,26.761258125,222743.000000000,4
two_streams,0,seeded-sync,1,2,32768,4,0,0,0,2,11401572.164062500,3419916,22.301584721,0.000000000,250.000000000,80.000000000,222743.000000000,0
two_streams,0,learned-sync,1,2,32768,4,0,0,0,2,2292730.020135476,3419916,22.301584721,0.000000000,25.258940119,26.761258125,222743.000000000,4
two_streams,0,seeded-sync,2,2,32768,4,0,0,0,2,11401572.164062500,3515667,22.301584721,0.000000000,250.000000000,80.000000000,222743.000000000,0
two_streams,0,learned-sync,2,2,32768,4,0,0,0,2,2292730.020135476,3515667,22.301584721,0.000000000,25.258940119,26.761258125,222743.000000000,4
two_streams,0,seeded-sync,3,2,32768,4,0,0,0,2,11401572.164062500,4216746,22.301584721,0.000000000,250.000000000,80.000000000,222743.000000000,0
two_streams,0,learned-sync,3,2,32768,4,0,0,0,2,2292730.020135476,4216746,22.301584721,0.000000000,25.258940119,26.761258125,222743.000000000,4
two_streams,0,seeded-sync,4,2,32768,4,0,0,0,2,11401572.164062500,3766595,22.301584721,0.000000000,250.000000000,80.000000000,222743.000000000,0
two_streams,0,learned-sync,4,2,32768,4,0,0,0,2,2292730.020135476,3766595,22.301584721,0.000000000,25.258940119,26.761258125,222743.000000000,4
two_streams,0,seeded-sync,5,2,32768,4,0,0,0,2,11401572.164062500,3414314,22.301584721,0.000000000,250.000000000,80.000000000,222743.000000000,0
two_streams,0,learned-sync,5,2,32768,4,0,0,0,2,2292730.020135476,3414314,22.301584721,0.000000000,25.258940119,26.761258125,222743.000000000,4
two_streams,0,seeded-sync,6,2,32768,4,0,0,0,2,11401572.164062500,3571348,22.301584721,0.000000000,250.000000000,80.000000000,222743.000000000,0
two_streams,0,learned-sync,6,2,32768,4,0,0,0,2,2292730.020135476,3571348,22.301584721,0.000000000,25.258940119,26.761258125,222743.000000000,4
long_four_chains,0,seeded-sync,0,2,200000,4,0,0,0,1,35317294.492187500,10994873,21.548524922,0.000000000,250.000000000,80.000000000,162442.000000000,0
long_four_chains,0,learned-sync,0,2,200000,4,0,0,0,1,7655243.191747428,10994873,21.548524922,0.000000000,25.627123714,27.752363281,162442.000000000,4
long_four_chains,0,seeded-sync,1,2,200000,4,0,0,0,1,35317294.492187500,10086204,21.548524922,0.000000000,250.000000000,80.000000000,162442.000000000,0
long_four_chains,0,learned-sync,1,2,200000,4,0,0,0,1,7655243.191747428,10086204,21.548524922,0.000000000,25.627123714,27.752363281,162442.000000000,4
long_four_chains,0,seeded-sync,2,2,200000,4,0,0,0,1,35317294.492187500,10004349,21.548524922,0.000000000,250.000000000,80.000000000,162442.000000000,0
long_four_chains,0,learned-sync,2,2,200000,4,0,0,0,1,7655243.191747428,10004349,21.548524922,0.000000000,25.627123714,27.752363281,162442.000000000,4
long_four_chains,0,seeded-sync,3,2,200000,4,0,0,0,1,35317294.492187500,11814993,21.548524922,0.000000000,250.000000000,80.000000000,162442.000000000,0
long_four_chains,0,learned-sync,3,2,200000,4,0,0,0,1,7655243.191747428,11814993,21.548524922,0.000000000,25.627123714,27.752363281,162442.000000000,4
long_four_chains,0,seeded-sync,4,2,200000,4,0,0,0,1,35317294.492187500,11726165,21.548524922,0.000000000,250.000000000,80.000000000,162442.000000000,0
long_four_chains,0,learned-sync,4,2,200000,4,0,0,0,1,7655243.191747428,11726165,21.548524922,0.000000000,25.627123714,27.752363281,162442.000000000,4
long_four_chains,0,seeded-sync,5,2,200000,4,0,0,0,1,35317294.492187500,11423713,21.548524922,0.000000000,250.000000000,80.000000000,162442.000000000,0
long_four_chains,0,learned-sync,5,2,200000,4,0,0,0,1,7655243.191747428,11423713,21.548524922,0.000000000,25.627123714,27.752363281,162442.000000000,4
long_four_chains,0,seeded-sync,6,2,200000,4,0,0,0,1,35317294.492187500,11031710,21.548524922,0.000000000,250.000000000,80.000000000,162442.000000000,0
long_four_chains,0,learned-sync,6,2,200000,4,0,0,0,1,7655243.191747428,11031710,21.548524922,0.000000000,25.627123714,27.752363281,162442.000000000,4
long_four_chains,1,seeded-sync,0,8,200000,4,0,0,0,1,9185146.337890625,7751185,20.936413516,0.000000000,250.000000000,80.000000000,411736.000000000,0
long_four_chains,1,learned-sync,0,8,200000,4,0,0,0,1,5370694.560447146,7751185,20.936413516,0.000000000,127.605269293,49.816659609,411736.000000000,4
long_four_chains,1,seeded-sync,1,8,200000,4,0,0,0,1,9185146.337890625,6776850,20.936413516,0.000000000,250.000000000,80.000000000,411736.000000000,0
long_four_chains,1,learned-sync,1,8,200000,4,0,0,0,1,5370694.560447146,6776850,20.936413516,0.000000000,127.605269293,49.816659609,411736.000000000,4
long_four_chains,1,seeded-sync,2,8,200000,4,0,0,0,1,9185146.337890625,7088722,20.936413516,0.000000000,250.000000000,80.000000000,411736.000000000,0
long_four_chains,1,learned-sync,2,8,200000,4,0,0,0,1,5370694.560447146,7088722,20.936413516,0.000000000,127.605269293,49.816659609,411736.000000000,4
long_four_chains,1,seeded-sync,3,8,200000,4,0,0,0,1,9185146.337890625,8725702,20.936413516,0.000000000,250.000000000,80.000000000,411736.000000000,0
long_four_chains,1,learned-sync,3,8,200000,4,0,0,0,1,5370694.560447146,8725702,20.936413516,0.000000000,127.605269293,49.816659609,411736.000000000,4
long_four_chains,1,seeded-sync,4,8,200000,4,0,0,0,1,9185146.337890625,7927398,20.936413516,0.000000000,250.000000000,80.000000000,411736.000000000,0
long_four_chains,1,learned-sync,4,8,200000,4,0,0,0,1,5370694.560447146,7927398,20.936413516,0.000000000,127.605269293,49.816659609,411736.000000000,4
long_four_chains,1,seeded-sync,5,8,200000,4,0,0,0,1,9185146.337890625,7499067,20.936413516,0.000000000,250.000000000,80.000000000,411736.000000000,0
long_four_chains,1,learned-sync,5,8,200000,4,0,0,0,1,5370694.560447146,7499067,20.936413516,0.000000000,127.605269293,49.816659609,411736.000000000,4
long_four_chains,1,seeded-sync,6,8,200000,4,0,0,0,1,9185146.337890625,10737269,20.936413516,0.000000000,250.000000000,80.000000000,411736.000000000,0
long_four_chains,1,learned-sync,6,8,200000,4,0,0,0,1,5370694.560447146,10737269,20.936413516,0.000000000,127.605269293,49.816659609,411736.000000000,4
uneven,1,seeded-sync,0,7,8193,3,4,8,0,1,968867.779291392,970478,41.980227023,64.926501663,250.000000000,80.000000000,457250.000000000,0
uneven,1,learned-sync,0,7,8193,3,4,8,0,1,1586506.706864079,970478,41.980227023,64.926501663,794.794013278,62.651697715,457250.000000000,4
uneven,1,seeded-sync,1,7,8193,3,4,8,0,1,968867.779291392,1158844,41.980227023,64.926501663,250.000000000,80.000000000,457250.000000000,0
uneven,1,learned-sync,1,7,8193,3,4,8,0,1,1586506.706864079,1158844,41.980227023,64.926501663,794.794013278,62.651697715,457250.000000000,4
uneven,1,seeded-sync,2,7,8193,3,4,8,0,1,968867.779291392,1057393,41.980227023,64.926501663,250.000000000,80.000000000,457250.000000000,0
uneven,1,learned-sync,2,7,8193,3,4,8,0,1,1586506.706864079,1057393,41.980227023,64.926501663,794.794013278,62.651697715,457250.000000000,4
uneven,1,seeded-sync,3,7,8193,3,4,8,0,1,968867.779291392,1252189,41.980227023,64.926501663,250.000000000,80.000000000,457250.000000000,0
uneven,1,learned-sync,3,7,8193,3,4,8,0,1,1586506.706864079,1252189,41.980227023,64.926501663,794.794013278,62.651697715,457250.000000000,4
uneven,1,seeded-sync,4,7,8193,3,4,8,0,1,968867.779291392,939399,41.980227023,64.926501663,250.000000000,80.000000000,457250.000000000,0
uneven,1,learned-sync,4,7,8193,3,4,8,0,1,1586506.706864079,939399,41.980227023,64.926501663,794.794013278,62.651697715,457250.000000000,4
uneven,1,seeded-sync,5,7,8193,3,4,8,0,1,968867.779291392,2399672,41.980227023,64.926501663,250.000000000,80.000000000,457250.000000000,0
uneven,1,learned-sync,5,7,8193,3,4,8,0,1,1586506.706864079,2399672,41.980227023,64.926501663,794.794013278,62.651697715,457250.000000000,4
uneven,1,seeded-sync,6,7,8193,3,4,8,0,1,968867.779291392,945377,41.980227023,64.926501663,250.000000000,80.000000000,457250.000000000,0
uneven,1,learned-sync,6,7,8193,3,4,8,0,1,1586506.706864079,945377,41.980227023,64.926501663,794.794013278,62.651697715,457250.000000000,4
long_chain,0,seeded-sync,0,3,200000,1,0,0,0,1,23625776.707297191,26344920,21.809391563,0.000000000,250.000000000,80.000000000,171700.000000000,0
long_chain,0,learned-sync,0,3,200000,1,0,0,0,1,22744203.117099896,26344920,21.809391563,0.000000000,267.984195858,48.792266406,171700.000000000,4
long_chain,0,seeded-sync,1,3,200000,1,0,0,0,1,23625776.707297191,27530876,21.809391563,0.000000000,250.000000000,80.000000000,171700.000000000,0
long_chain,0,learned-sync,1,3,200000,1,0,0,0,1,22744203.117099896,27530876,21.809391563,0.000000000,267.984195858,48.792266406,171700.000000000,4
long_chain,0,seeded-sync,2,3,200000,1,0,0,0,1,23625776.707297191,25703480,21.809391563,0.000000000,250.000000000,80.000000000,171700.000000000,0
long_chain,0,learned-sync,2,3,200000,1,0,0,0,1,22744203.117099896,25703480,21.809391563,0.000000000,267.984195858,48.792266406,171700.000000000,4
long_chain,0,seeded-sync,3,3,200000,1,0,0,0,1,23625776.707297191,42726002,21.809391563,0.000000000,250.000000000,80.000000000,171700.000000000,0
long_chain,0,learned-sync,3,3,200000,1,0,0,0,1,22744203.117099896,42726002,21.809391563,0.000000000,267.984195858,48.792266406,171700.000000000,4
long_chain,0,seeded-sync,4,3,200000,1,0,0,0,1,23625776.707297191,44234251,21.809391563,0.000000000,250.000000000,80.000000000,171700.000000000,0
long_chain,0,learned-sync,4,3,200000,1,0,0,0,1,22744203.117099896,44234251,21.809391563,0.000000000,267.984195858,48.792266406,171700.000000000,4
long_chain,0,seeded-sync,5,3,200000,1,0,0,0,1,23625776.707297191,26787697,21.809391563,0.000000000,250.000000000,80.000000000,171700.000000000,0
long_chain,0,learned-sync,5,3,200000,1,0,0,0,1,22744203.117099896,26787697,21.809391563,0.000000000,267.984195858,48.792266406,171700.000000000,4
long_chain,0,seeded-sync,6,3,200000,1,0,0,0,1,23625776.707297191,25862644,21.809391563,0.000000000,250.000000000,80.000000000,171700.000000000,0
long_chain,0,learned-sync,6,3,200000,1,0,0,0,1,22744203.117099896,25862644,21.809391563,0.000000000,267.984195858,48.792266406,171700.000000000,4
long_chain,2,seeded-sync,0,4,200000,1,0,0,0,1,17841783.402343750,33546439,21.078168047,0.000000000,250.000000000,80.000000000,287875.000000000,0
long_chain,2,learned-sync,0,4,200000,1,0,0,0,1,28658372.356483541,33546439,21.078168047,0.000000000,494.019684161,52.312094922,287875.000000000,4
long_chain,2,seeded-sync,1,4,200000,1,0,0,0,1,17841783.402343750,28880486,21.078168047,0.000000000,250.000000000,80.000000000,287875.000000000,0
long_chain,2,learned-sync,1,4,200000,1,0,0,0,1,28658372.356483541,28880486,21.078168047,0.000000000,494.019684161,52.312094922,287875.000000000,4
long_chain,2,seeded-sync,2,4,200000,1,0,0,0,1,17841783.402343750,29180647,21.078168047,0.000000000,250.000000000,80.000000000,287875.000000000,0
long_chain,2,learned-sync,2,4,200000,1,0,0,0,1,28658372.356483541,29180647,21.078168047,0.000000000,494.019684161,52.312094922,287875.000000000,4
long_chain,2,seeded-sync,3,4,200000,1,0,0,0,1,17841783.402343750,28930271,21.078168047,0.000000000,250.000000000,80.000000000,287875.000000000,0
long_chain,2,learned-sync,3,4,200000,1,0,0,0,1,28658372.356483541,28930271,21.078168047,0.000000000,494.019684161,52.312094922,287875.000000000,4
long_chain,2,seeded-sync,4,4,200000,1,0,0,0,1,17841783.402343750,29233844,21.078168047,0.000000000,250.000000000,80.000000000,287875.000000000,0
long_chain,2,learned-sync,4,4,200000,1,0,0,0,1,28658372.356483541,29233844,21.078168047,0.000000000,494.019684161,52.312094922,287875.000000000,4
long_chain,2,seeded-sync,5,4,200000,1,0,0,0,1,17841783.402343750,27749941,21.078168047,0.000000000,250.000000000,80.000000000,287875.000000000,0
long_chain,2,learned-sync,5,4,200000,1,0,0,0,1,28658372.356483541,27749941,21.078168047,0.000000000,494.019684161,52.312094922,287875.000000000,4
long_chain,2,seeded-sync,6,4,200000,1,0,0,0,1,17841783.402343750,29981684,21.078168047,0.000000000,250.000000000,80.000000000,287875.000000000,0
long_chain,2,learned-sync,6,4,200000,1,0,0,0,1,28658372.356483541,29981684,21.078168047,0.000000000,494.019684161,52.312094922,287875.000000000,4
large_arrays,1,seeded-sync,0,6,1000000,64,0,0,0,1,58850915.818851270,27021901,21.308116297,0.000000000,250.000000000,80.000000000,299446.000000000,0
large_arrays,1,learned-sync,0,6,1000000,64,0,0,0,1,32163179.181297462,27021901,21.308116297,0.000000000,121.373857443,48.500042984,299446.000000000,4
large_arrays,1,seeded-sync,1,6,1000000,64,0,0,0,1,58850915.818851270,27540574,21.308116297,0.000000000,250.000000000,80.000000000,299446.000000000,0
large_arrays,1,learned-sync,1,6,1000000,64,0,0,0,1,32163179.181297462,27540574,21.308116297,0.000000000,121.373857443,48.500042984,299446.000000000,4
large_arrays,1,seeded-sync,2,6,1000000,64,0,0,0,1,58850915.818851270,26118825,21.308116297,0.000000000,250.000000000,80.000000000,299446.000000000,0
large_arrays,1,learned-sync,2,6,1000000,64,0,0,0,1,32163179.181297462,26118825,21.308116297,0.000000000,121.373857443,48.500042984,299446.000000000,4
large_arrays,1,seeded-sync,3,6,1000000,64,0,0,0,1,58850915.818851270,25570936,21.308116297,0.000000000,250.000000000,80.000000000,299446.000000000,0
large_arrays,1,learned-sync,3,6,1000000,64,0,0,0,1,32163179.181297462,25570936,21.308116297,0.000000000,121.373857443,48.500042984,299446.000000000,4
large_arrays,1,seeded-sync,4,6,1000000,64,0,0,0,1,58850915.818851270,25765162,21.308116297,0.000000000,250.000000000,80.000000000,299446.000000000,0
large_arrays,1,learned-sync,4,6,1000000,64,0,0,0,1,32163179.181297462,25765162,21.308116297,0.000000000,121.373857443,48.500042984,299446.000000000,4
large_arrays,1,seeded-sync,5,6,1000000,64,0,0,0,1,58850915.818851270,27350772,21.308116297,0.000000000,250.000000000,80.000000000,299446.000000000,0
large_arrays,1,learned-sync,5,6,1000000,64,0,0,0,1,32163179.181297462,27350772,21.308116297,0.000000000,121.373857443,48.500042984,299446.000000000,4
large_arrays,1,seeded-sync,6,6,1000000,64,0,0,0,1,58850915.818851270,26321791,21.308116297,0.000000000,250.000000000,80.000000000,299446.000000000,0
large_arrays,1,learned-sync,6,6,1000000,64,0,0,0,1,32163179.181297462,26321791,21.308116297,0.000000000,121.373857443,48.500042984,299446.000000000,4
long_many_chains,1,seeded-sync,0,7,200000,64,0,0,0,1,10373391.588020625,5739305,21.349348594,0.000000000,250.000000000,80.000000000,334638.000000000,0
long_many_chains,1,learned-sync,0,7,200000,64,0,0,0,1,4197316.954160152,5739305,21.349348594,0.000000000,68.080213012,45.761497969,334638.000000000,4
long_many_chains,1,seeded-sync,1,7,200000,64,0,0,0,1,10373391.588020625,5874977,21.349348594,0.000000000,250.000000000,80.000000000,334638.000000000,0
long_many_chains,1,learned-sync,1,7,200000,64,0,0,0,1,4197316.954160152,5874977,21.349348594,0.000000000,68.080213012,45.761497969,334638.000000000,4
long_many_chains,1,seeded-sync,2,7,200000,64,0,0,0,1,10373391.588020625,5116206,21.349348594,0.000000000,250.000000000,80.000000000,334638.000000000,0
long_many_chains,1,learned-sync,2,7,200000,64,0,0,0,1,4197316.954160152,5116206,21.349348594,0.000000000,68.080213012,45.761497969,334638.000000000,4
long_many_chains,1,seeded-sync,3,7,200000,64,0,0,0,1,10373391.588020625,5295215,21.349348594,0.000000000,250.000000000,80.000000000,334638.000000000,0
long_many_chains,1,learned-sync,3,7,200000,64,0,0,0,1,4197316.954160152,5295215,21.349348594,0.000000000,68.080213012,45.761497969,334638.000000000,4
long_many_chains,1,seeded-sync,4,7,200000,64,0,0,0,1,10373391.588020625,5627611,21.349348594,0.000000000,250.000000000,80.000000000,334638.000000000,0
long_many_chains,1,learned-sync,4,7,200000,64,0,0,0,1,4197316.954160152,5627611,21.349348594,0.000000000,68.080213012,45.761497969,334638.000000000,4
long_many_chains,1,seeded-sync,5,7,200000,64,0,0,0,1,10373391.588020625,5166624,21.349348594,0.000000000,250.000000000,80.000000000,334638.000000000,0
long_many_chains,1,learned-sync,5,7,200000,64,0,0,0,1,4197316.954160152,5166624,21.349348594,0.000000000,68.080213012,45.761497969,334638.000000000,4
long_many_chains,1,seeded-sync,6,7,200000,64,0,0,0,1,10373391.588020625,5508039,21.349348594,0.000000000,250.000000000,80.000000000,334638.000000000,0
long_many_chains,1,learned-sync,6,7,200000,64,0,0,0,1,4197316.954160152,5508039,21.349348594,0.000000000,68.080213012,45.761497969,334638.000000000,4
two_streams,0,seeded-sync,0,5,32768,4,0,0,0,2,4808530.403175354,2778449,23.445438385,0.000000000,250.000000000,80.000000000,329229.000000000,0
two_streams,0,learned-sync,0,5,32768,4,0,0,0,2,1906056.953256703,2778449,23.445438385,0.000000000,62.413087487,46.159276724,329229.000000000,4
two_streams,0,seeded-sync,1,5,32768,4,0,0,0,2,4808530.403175354,2517915,23.445438385,0.000000000,250.000000000,80.000000000,329229.000000000,0
two_streams,0,learned-sync,1,5,32768,4,0,0,0,2,1906056.953256703,2517915,23.445438385,0.000000000,62.413087487,46.159276724,329229.000000000,4
two_streams,0,seeded-sync,2,5,32768,4,0,0,0,2,4808530.403175354,2614840,23.445438385,0.000000000,250.000000000,80.000000000,329229.000000000,0
two_streams,0,learned-sync,2,5,32768,4,0,0,0,2,1906056.953256703,2614840,23.445438385,0.000000000,62.413087487,46.159276724,329229.000000000,4
two_streams,0,seeded-sync,3,5,32768,4,0,0,0,2,4808530.403175354,2572447,23.445438385,0.000000000,250.000000000,80.000000000,329229.000000000,0
two_streams,0,learned-sync,3,5,32768,4,0,0,0,2,1906056.953256703,2572447,23.445438385,0.000000000,62.413087487,46.159276724,329229.000000000,4
two_streams,0,seeded-sync,4,5,32768,4,0,0,0,2,4808530.403175354,2575135,23.445438385,0.000000000,250.000000000,80.000000000,329229.000000000,0
two_streams,0,learned-sync,4,5,32768,4,0,0,0,2,1906056.953256703,2575135,23.445438385,0.000000000,62.413087487,46.159276724,329229.000000000,4
two_streams,0,seeded-sync,5,5,32768,4,0,0,0,2,4808530.403175354,2688438,23.445438385,0.000000000,250.000000000,80.000000000,329229.000000000,0
two_streams,0,learned-sync,5,5,32768,4,0,0,0,2,1906056.953256703,2688438,23.445438385,0.000000000,62.413087487,46.159276724,329229.000000000,4
two_streams,0,seeded-sync,6,5,32768,4,0,0,0,2,4808530.403175354,2659354,23.445438385,0.000000000,250.000000000,80.000000000,329229.000000000,0
two_streams,0,learned-sync,6,5,32768,4,0,0,0,2,1906056.953256703,2659354,23.445438385,0.000000000,62.413087487,46.159276724,329229.000000000,4
long_chain,2,seeded-sync,0,2,200000,1,0,0,0,1,35459205.476562500,22692650,22.996034766,0.000000000,250.000000000,80.000000000,159602.000000000,0
long_chain,2,learned-sync,0,2,200000,1,0,0,0,1,18247741.816744119,22692650,22.996034766,0.000000000,111.086613246,46.798750156,159602.000000000,4
long_chain,2,seeded-sync,1,2,200000,1,0,0,0,1,35459205.476562500,24219208,22.996034766,0.000000000,250.000000000,80.000000000,159602.000000000,0
long_chain,2,learned-sync,1,2,200000,1,0,0,0,1,18247741.816744119,24219208,22.996034766,0.000000000,111.086613246,46.798750156,159602.000000000,4
long_chain,2,seeded-sync,2,2,200000,1,0,0,0,1,35459205.476562500,23686853,22.996034766,0.000000000,250.000000000,80.000000000,159602.000000000,0
long_chain,2,learned-sync,2,2,200000,1,0,0,0,1,18247741.816744119,23686853,22.996034766,0.000000000,111.086613246,46.798750156,159602.000000000,4
long_chain,2,seeded-sync,3,2,200000,1,0,0,0,1,35459205.476562500,24466136,22.996034766,0.000000000,250.000000000,80.000000000,159602.000000000,0
long_chain,2,learned-sync,3,2,200000,1,0,0,0,1,18247741.816744119,24466136,22.996034766,0.000000000,111.086613246,46.798750156,159602.000000000,4
long_chain,2,seeded-sync,4,2,200000,1,0,0,0,1,35459205.476562500,22084216,22.996034766,0.000000000,250.000000000,80.000000000,159602.000000000,0
long_chain,2,learned-sync,4,2,200000,1,0,0,0,1,18247741.816744119,22084216,22.996034766,0.000000000,111.086613246,46.798750156,159602.000000000,4
long_chain,2,seeded-sync,5,2,200000,1,0,0,0,1,35459205.476562500,23165347,22.996034766,0.000000000,250.000000000,80.000000000,159602.000000000,0
long_chain,2,learned-sync,5,2,200000,1,0,0,0,1,18247741.816744119,23165347,22.996034766,0.000000000,111.086613246,46.798750156,159602.000000000,4
long_chain,2,seeded-sync,6,2,200000,1,0,0,0,1,35459205.476562500,22731406,22.996034766,0.000000000,250.000000000,80.000000000,159602.000000000,0
long_chain,2,learned-sync,6,2,200000,1,0,0,0,1,18247741.816744119,22731406,22.996034766,0.000000000,111.086613246,46.798750156,159602.000000000,4
independent_after,2,seeded-sync,0,2,32768,4,0,16,1,1,7790020.226562500,3344545,22.395316124,112.642783642,250.000000000,80.000000000,170836.000000000,0
independent_after,2,learned-sync,0,2,32768,4,0,16,1,1,3300518.914116866,3344545,22.395316124,112.642783642,28.062527183,27.920058727,170836.000000000,4
independent_after,2,seeded-sync,1,2,32768,4,0,16,1,1,7790020.226562500,3505068,22.395316124,112.642783642,250.000000000,80.000000000,170836.000000000,0
independent_after,2,learned-sync,1,2,32768,4,0,16,1,1,3300518.914116866,3505068,22.395316124,112.642783642,28.062527183,27.920058727,170836.000000000,4
independent_after,2,seeded-sync,2,2,32768,4,0,16,1,1,7790020.226562500,3635065,22.395316124,112.642783642,250.000000000,80.000000000,170836.000000000,0
independent_after,2,learned-sync,2,2,32768,4,0,16,1,1,3300518.914116866,3635065,22.395316124,112.642783642,28.062527183,27.920058727,170836.000000000,4
independent_after,2,seeded-sync,3,2,32768,4,0,16,1,1,7790020.226562500,3986638,22.395316124,112.642783642,250.000000000,80.000000000,170836.000000000,0
independent_after,2,learned-sync,3,2,32768,4,0,16,1,1,3300518.914116866,3986638,22.395316124,112.642783642,28.062527183,27.920058727,170836.000000000,4
independent_after,2,seeded-sync,4,2,32768,4,0,16,1,1,7790020.226562500,3748907,22.395316124,112.642783642,250.000000000,80.000000000,170836.000000000,0
independent_after,2,learned-sync,4,2,32768,4,0,16,1,1,3300518.914116866,3748907,22.395316124,112.642783642,28.062527183,27.920058727,170836.000000000,4
independent_after,2,seeded-sync,5,2,32768,4,0,16,1,1,7790020.226562500,3660863,22.395316124,112.642783642,250.000000000,80.000000000,170836.000000000,0
independent_after,2,learned-sync,5,2,32768,4,0,16,1,1,3300518.914116866,3660863,22.395316124,112.642783642,28.062527183,27.920058727,170836.000000000,4
independent_after,2,seeded-sync,6,2,32768,4,0,16,1,1,7790020.226562500,3617469,22.395316124,112.642783642,250.000000000,80.000000000,170836.000000000,0
independent_after,2,learned-sync,6,2,32768,4,0,16,1,1,3300518.914116866,3617469,22.395316124,112.642783642,28.062527183,27.920058727,170836.000000000,4
dependent_compute,2,seeded-sync,0,8,32768,1,16,0,0,1,2216655.851562500,9214554,111.934534073,0.000000000,250.000000000,80.000000000,406492.000000000,0
dependent_compute,2,learned-sync,0,8,32768,1,16,0,0,1,47157858.542198397,9214554,111.934534073,0.000000000,11251.978212168,49.995100975,406492.000000000,4
dependent_compute,2,seeded-sync,1,8,32768,1,16,0,0,1,2216655.851562500,14624272,111.934534073,0.000000000,250.000000000,80.000000000,406492.000000000,0
dependent_compute,2,learned-sync,1,8,32768,1,16,0,0,1,47157858.542198397,14624272,111.934534073,0.000000000,11251.978212168,49.995100975,406492.000000000,4
dependent_compute,2,seeded-sync,2,8,32768,1,16,0,0,1,2216655.851562500,19208512,111.934534073,0.000000000,250.000000000,80.000000000,406492.000000000,0
dependent_compute,2,learned-sync,2,8,32768,1,16,0,0,1,47157858.542198397,19208512,111.934534073,0.000000000,11251.978212168,49.995100975,406492.000000000,4
dependent_compute,2,seeded-sync,3,8,32768,1,16,0,0,1,2216655.851562500,8870553,111.934534073,0.000000000,250.000000000,80.000000000,406492.000000000,0
dependent_compute,2,learned-sync,3,8,32768,1,16,0,0,1,47157858.542198397,8870553,111.934534073,0.000000000,11251.978212168,49.995100975,406492.000000000,4
dependent_compute,2,seeded-sync,4,8,32768,1,16,0,0,1,2216655.851562500,8970016,111.934534073,0.000000000,250.000000000,80.000000000,406492.000000000,0
dependent_compute,2,learned-sync,4,8,32768,1,16,0,0,1,47157858.542198397,8970016,111.934534073,0.000000000,11251.978212168,49.995100975,406492.000000000,4
dependent_compute,2,seeded-sync,5,8,32768,1,16,0,0,1,2216655.851562500,8778004,111.934534073,0.000000000,250.000000000,80.000000000,406492.000000000,0
dependent_compute,2,learned-sync,5,8,32768,1,16,0,0,1,47157858.542198397,8778004,111.934534073,0.000000000,11251.978212168,49.995100975,406492.000000000,4
dependent_compute,2,seeded-sync,6,8,32768,1,16,0,0,1,2216655.851562500,8559302,111.934534073,0.000000000,250.000000000,80.000000000,406492.000000000,0
dependent_compute,2,learned-sync,6,8,32768,1,16,0,0,1,47157858.542198397,8559302,111.934534073,0.000000000,11251.978212168,49.995100975,406492.000000000,4
independent_after,2,seeded-sync,0,8,32768,4,0,16,1,1,2307886.449218750,1647559,21.558351040,110.826524258,250.000000000,80.000000000,413958.000000000,0
independent_after,2,learned-sync,0,8,32768,4,0,16,1,1,1542901.377320334,1647559,21.558351040,110.826524258,100.418703169,42.817363262,413958.000000000,4
independent_after,2,seeded-sync,1,8,32768,4,0,16,1,1,2307886.449218750,1585036,21.558351040,110.826524258,250.000000000,80.000000000,413958.000000000,0
independent_after,2,learned-sync,1,8,32768,4,0,16,1,1,1542901.377320334,1585036,21.558351040,110.826524258,100.418703169,42.817363262,413958.000000000,4
independent_after,2,seeded-sync,2,8,32768,4,0,16,1,1,2307886.449218750,1802043,21.558351040,110.826524258,250.000000000,80.000000000,413958.000000000,0
independent_after,2,learned-sync,2,8,32768,4,0,16,1,1,1542901.377320334,1802043,21.558351040,110.826524258,100.418703169,42.817363262,413958.000000000,4
independent_after,2,seeded-sync,3,8,32768,4,0,16,1,1,2307886.449218750,1920717,21.558351040,110.826524258,250.000000000,80.000000000,413958.000000000,0
independent_after,2,learned-sync,3,8,32768,4,0,16,1,1,1542901.377320334,1920717,21.558351040,110.826524258,100.418703169,42.817363262,413958.000000000,4
independent_after,2,seeded-sync,4,8,32768,4,0,16,1,1,2307886.449218750,1535178,21.558351040,110.826524258,250.000000000,80.000000000,413958.000000000,0
independent_after,2,learned-sync,4,8,32768,4,0,16,1,1,1542901.377320334,1535178,21.558351040,110.826524258,100.418703169,42.817363262,413958.000000000,4
independent_after,2,seeded-sync,5,8,32768,4,0,16,1,1,2307886.449218750,1718007,21.558351040,110.826524258,250.000000000,80.000000000,413958.000000000,0
independent_after,2,learned-sync,5,8,32768,4,0,16,1,1,1542901.377320334,1718007,21.558351040,110.826524258,100.418703169,42.817363262,413958.000000000,4
independent_after,2,seeded-sync,6,8,32768,4,0,16,1,1,2307886.449218750,1538044,21.558351040,110.826524258,250.000000000,80.000000000,413958.000000000,0
independent_after,2,learned-sync,6,8,32768,4,0,16,1,1,1542901.377320334,1538044,21.558351040,110.826524258,100.418703169,42.817363262,413958.000000000,4
short_many_chains,0,seeded-sync,0,4,20000,64,0,0,0,1,1991337.976562500,818438,23.742795313,0.000000000,250.000000000,80.000000000,222624.000000000,0
short_many_chains,0,learned-sync,0,4,20000,64,0,0,0,1,680256.530002257,818438,23.742795313,0.000000000,32.954756000,34.828954688,222624.000000000,4
short_many_chains,0,seeded-sync,1,4,20000,64,0,0,0,1,1991337.976562500,830571,23.742795313,0.000000000,250.000000000,80.000000000,222624.000000000,0
short_many_chains,0,learned-sync,1,4,20000,64,0,0,0,1,680256.530002257,830571,23.742795313,0.000000000,32.954756000,34.828954688,222624.000000000,4
short_many_chains,0,seeded-sync,2,4,20000,64,0,0,0,1,1991337.976562500,913478,23.742795313,0.000000000,250.000000000,80.000000000,222624.000000000,0
short_many_chains,0,learned-sync,2,4,20000,64,0,0,0,1,680256.530002257,913478,23.742795313,0.000000000,32.954756000,34.828954688,222624.000000000,4
short_many_chains,0,seeded-sync,3,4,20000,64,0,0,0,1,1991337.976562500,839519,23.742795313,0.000000000,250.000000000,80.000000000,222624.000000000,0
short_many_chains,0,learned-sync,3,4,20000,64,0,0,0,1,680256.530002257,839519,23.742795313,0.000000000,32.954756000,34.828954688,222624.000000000,4
short_many_chains,0,seeded-sync,4,4,20000,64,0,0,0,1,1991337.976562500,746429,23.742795313,0.000000000,250.000000000,80.000000000,222624.000000000,0
short_many_chains,0,learned-sync,4,4,20000,64,0,0,0,1,680256.530002257,746429,23.742795313,0.000000000,32.954756000,34.828954688,222624.000000000,4
short_many_chains,0,seeded-sync,5,4,20000,64,0,0,0,1,1991337.976562500,734885,23.742795313,0.000000000,250.000000000,80.000000000,222624.000000000,0
short_many_chains,0,learned-sync,5,4,20000,64,0,0,0,1,680256.530002257,734885,23.742795313,0.000000000,32.954756000,34.828954688,222624.000000000,4
short_many_chains,0,seeded-sync,6,4,20000,64,0,0,0,1,1991337.976562500,921784,23.742795313,0.000000000,250.000000000,80.000000000,222624.000000000,0
short_many_chains,0,learned-sync,6,4,20000,64,0,0,0,1,680256.530002257,921784,23.742795313,0.000000000,32.954756000,34.828954688,222624.000000000,4
two_streams,1,seeded-sync,0,4,32768,4,0,0,0,2,5897957.984375000,1855452,21.157712936,0.000000000,250.000000000,80.000000000,317914.000000000,0
two_streams,1,learned-sync,0,4,32768,4,0,0,0,2,1459909.645747333,1855452,21.157712936,0.000000000,28.525998667,30.597027540,317914.000000000,4
two_streams,1,seeded-sync,1,4,32768,4,0,0,0,2,5897957.984375000,1880184,21.157712936,0.000000000,250.000000000,80.000000000,317914.000000000,0
two_streams,1,learned-sync,1,4,32768,4,0,0,0,2,1459909.645747333,1880184,21.157712936,0.000000000,28.525998667,30.597027540,317914.000000000,4
two_streams,1,seeded-sync,2,4,32768,4,0,0,0,2,5897957.984375000,2053215,21.157712936,0.000000000,250.000000000,80.000000000,317914.000000000,0
two_streams,1,learned-sync,2,4,32768,4,0,0,0,2,1459909.645747333,2053215,21.157712936,0.000000000,28.525998667,30.597027540,317914.000000000,4
two_streams,1,seeded-sync,3,4,32768,4,0,0,0,2,5897957.984375000,1893253,21.157712936,0.000000000,250.000000000,80.000000000,317914.000000000,0
two_streams,1,learned-sync,3,4,32768,4,0,0,0,2,1459909.645747333,1893253,21.157712936,0.000000000,28.525998667,30.597027540,317914.000000000,4
two_streams,1,seeded-sync,4,4,32768,4,0,0,0,2,5897957.984375000,1887016,21.157712936,0.000000000,250.000000000,80.000000000,317914.000000000,0
two_streams,1,learned-sync,4,4,32768,4,0,0,0,2,1459909.645747333,1887016,21.157712936,0.000000000,28.525998667,30.597027540,317914.000000000,4
two_streams,1,seeded-sync,5,4,32768,4,0,0,0,2,5897957.984375000,2017555,21.157712936,0.000000000,250.000000000,80.000000000,317914.000000000,0
two_streams,1,learned-sync,5,4,32768,4,0,0,0,2,1459909.645747333,2017555,21.157712936,0.000000000,28.525998667,30.597027540,317914.000000000,4
two_streams,1,seeded-sync,6,4,32768,4,0,0,0,2,5897957.984375000,2311482,21.157712936,0.000000000,250.000000000,80.000000000,317914.000000000,0
two_streams,1,learned-sync,6,4,32768,4,0,0,0,2,1459909.645747333,2311482,21.157712936,0.000000000,28.525998667,30.597027540,317914.000000000,4
long_many_chains,2,seeded-sync,0,4,200000,64,0,0,0,1,17779860.460937500,6343615,21.355589219,0.000000000,250.000000000,80.000000000,212081.000000000,0
long_many_chains,2,learned-sync,0,4,200000,64,0,0,0,1,5104923.884808138,6343615,21.355589219,0.000000000,35.505007540,40.996260937,212081.000000000,4
long_many_chains,2,seeded-sync,1,4,200000,64,0,0,0,1,17779860.460937500,6344506,21.355589219,0.000000000,250.000000000,80.000000000,212081.000000000,0
long_many_chains,2,learned-sync,1,4,200000,64,0,0,0,1,5104923.884808138,6344506,21.355589219,0.000000000,35.505007540,40.996260937,212081.000000000,4
long_many_chains,2,seeded-sync,2,4,200000,64,0,0,0,1,17779860.460937500,8191325,21.355589219,0.000000000,250.000000000,80.000000000,212081.000000000,0
long_many_chains,2,learned-sync,2,4,200000,64,0,0,0,1,5104923.884808138,8191325,21.355589219,0.000000000,35.505007540,40.996260937,212081.000000000,4
long_many_chains,2,seeded-sync,3,4,200000,64,0,0,0,1,17779860.460937500,7261535,21.355589219,0.000000000,250.000000000,80.000000000,212081.000000000,0
long_many_chains,2,learned-sync,3,4,200000,64,0,0,0,1,5104923.884808138,7261535,21.355589219,0.000000000,35.505007540,40.996260937,212081.000000000,4
long_many_chains,2,seeded-sync,4,4,200000,64,0,0,0,1,17779860.460937500,6540566,21.355589219,0.000000000,250.000000000,80.000000000,212081.000000000,0
long_many_chains,2,learned-sync,4,4,200000,64,0,0,0,1,5104923.884808138,6540566,21.355589219,0.000000000,35.505007540,40.996260937,212081.000000000,4
long_many_chains,2,seeded-sync,5,4,200000,64,0,0,0,1,17779860.460937500,5830999,21.355589219,0.000000000,250.000000000,80.000000000,212081.000000000,0
long_many_chains,2,learned-sync,5,4,200000,64,0,0,0,1,5104923.884808138,5830999,21.355589219,0.000000000,35.505007540,40.996260937,212081.000000000,4
long_many_chains,2,seeded-sync,6,4,200000,64,0,0,0,1,17779860.460937500,7108816,21.355589219,0.000000000,250.000000000,80.000000000,212081.000000000,0
long_many_chains,2,learned-sync,6,4,200000,64,0,0,0,1,5104923.884808138,7108816,21.355589219,0.000000000,35.505007540,40.996260937,212081.000000000,4
long_many_chains,2,seeded-sync,0,8,200000,64,0,0,0,1,9220247.744140625,4109259,21.867349766,0.000000000,250.000000000,80.000000000,423564.000000000,0
long_many_chains,2,learned-sync,0,8,200000,64,0,0,0,1,3022809.508658395,4109259,21.867349766,0.000000000,36.565291284,45.537179297,423564.000000000,4
long_many_chains,2,seeded-sync,1,8,200000,64,0,0,0,1,9220247.744140625,4347352,21.867349766,0.000000000,250.000000000,80.000000000,423564.000000000,0
long_many_chains,2,learned-sync,1,8,200000,64,0,0,0,1,3022809.508658395,4347352,21.867349766,0.000000000,36.565291284,45.537179297,423564.000000000,4
long_many_chains,2,seeded-sync,2,8,200000,64,0,0,0,1,9220247.744140625,4047490,21.867349766,0.000000000,250.000000000,80.000000000,423564.000000000,0
long_many_chains,2,learned-sync,2,8,200000,64,0,0,0,1,3022809.508658395,4047490,21.867349766,0.000000000,36.565291284,45.537179297,423564.000000000,4
long_many_chains,2,seeded-sync,3,8,200000,64,0,0,0,1,9220247.744140625,4045510,21.867349766,0.000000000,250.000000000,80.000000000,423564.000000000,0
long_many_chains,2,learned-sync,3,8,200000,64,0,0,0,1,3022809.508658395,4045510,21.867349766,0.000000000,36.565291284,45.537179297,423564.000000000,4
long_many_chains,2,seeded-sync,4,8,200000,64,0,0,0,1,9220247.744140625,4095920,21.867349766,0.000000000,250.000000000,80.000000000,423564.000000000,0
long_many_chains,2,learned-sync,4,8,200000,64,0,0,0,1,3022809.508658395,4095920,21.867349766,0.000000000,36.565291284,45.537179297,423564.000000000,4
long_many_chains,2,seeded-sync,5,8,200000,64,0,0,0,1,9220247.744140625,4045542,21.867349766,0.000000000,250.000000000,80.000000000,423564.000000000,0
long_many_chains,2,learned-sync,5,8,200000,64,0,0,0,1,3022809.508658395,4045542,21.867349766,0.000000000,36.565291284,45.537179297,423564.000000000,4
long_many_chains,2,seeded-sync,6,8,200000,64,0,0,0,1,9220247.744140625,9155014,21.867349766,0.000000000,250.000000000,80.000000000,423564.000000000,0
long_many_chains,2,learned-sync,6,8,200000,64,0,0,0,1,3022809.508658395,9155014,21.867349766,0.000000000,36.565291284,45.537179297,423564.000000000,4
large_arrays,0,seeded-sync,0,6,1000000,64,0,0,0,1,59229675.081376001,26848227,23.244128000,0.000000000,250.000000000,80.000000000,355536.000000000,0
large_arrays,0,learned-sync,0,6,1000000,64,0,0,0,1,18798811.184692681,26848227,23.244128000,0.000000000,43.868778071,43.546523719,355536.000000000,4
large_arrays,0,seeded-sync,1,6,1000000,64,0,0,0,1,59229675.081376001,26234192,23.244128000,0.000000000,250.000000000,80.000000000,355536.000000000,0
large_arrays,0,learned-sync,1,6,1000000,64,0,0,0,1,18798811.184692681,26234192,23.244128000,0.000000000,43.868778071,43.546523719,355536.000000000,4
large_arrays,0,seeded-sync,2,6,1000000,64,0,0,0,1,59229675.081376001,27922425,23.244128000,0.000000000,250.000000000,80.000000000,355536.000000000,0
large_arrays,0,learned-sync,2,6,1000000,64,0,0,0,1,18798811.184692681,27922425,23.244128000,0.000000000,43.868778071,43.546523719,355536.000000000,4
large_arrays,0,seeded-sync,3,6,1000000,64,0,0,0,1,59229675.081376001,27762665,23.244128000,0.000000000,250.000000000,80.000000000,355536.000000000,0
large_arrays,0,learned-sync,3,6,1000000,64,0,0,0,1,18798811.184692681,27762665,23.244128000,0.000000000,43.868778071,43.546523719,355536.000000000,4
large_arrays,0,seeded-sync,4,6,1000000,64,0,0,0,1,59229675.081376001,24807272,23.244128000,0.000000000,250.000000000,80.000000000,355536.000000000,0
large_arrays,0,learned-sync,4,6,1000000,64,0,0,0,1,18798811.184692681,24807272,23.244128000,0.000000000,43.868778071,43.546523719,355536.000000000,4
large_arrays,0,seeded-sync,5,6,1000000,64,0,0,0,1,59229675.081376001,24121765,23.244128000,0.000000000,250.000000000,80.000000000,355536.000000000,0
large_arrays,0,learned-sync,5,6,1000000,64,0,0,0,1,18798811.184692681,24121765,23.244128000,0.000000000,43.868778071,43.546523719,355536.000000000,4
large_arrays,0,seeded-sync,6,6,1000000,64,0,0,0,1,59229675.081376001,26686293,23.244128000,0.000000000,250.000000000,80.000000000,355536.000000000,0
large_arrays,0,learned-sync,6,6,1000000,64,0,0,0,1,18798811.184692681,26686293,23.244128000,0.000000000,43.868778071,43.546523719,355536.000000000,4
long_four_chains,2,seeded-sync,0,3,200000,4,0,0,0,1,23660831.972861018,16708629,21.309208047,0.000000000,250.000000000,80.000000000,240101.000000000,0
long_four_chains,2,learned-sync,0,3,200000,4,0,0,0,1,13625231.164435564,16708629,21.309208047,0.000000000,128.370745774,51.095994766,240101.000000000,4
long_four_chains,2,seeded-sync,1,3,200000,4,0,0,0,1,23660831.972861018,12258396,21.309208047,0.000000000,250.000000000,80.000000000,240101.000000000,0
long_four_chains,2,learned-sync,1,3,200000,4,0,0,0,1,13625231.164435564,12258396,21.309208047,0.000000000,128.370745774,51.095994766,240101.000000000,4
long_four_chains,2,seeded-sync,2,3,200000,4,0,0,0,1,23660831.972861018,12398529,21.309208047,0.000000000,250.000000000,80.000000000,240101.000000000,0
long_four_chains,2,learned-sync,2,3,200000,4,0,0,0,1,13625231.164435564,12398529,21.309208047,0.000000000,128.370745774,51.095994766,240101.000000000,4
long_four_chains,2,seeded-sync,3,3,200000,4,0,0,0,1,23660831.972861018,13559542,21.309208047,0.000000000,250.000000000,80.000000000,240101.000000000,0
long_four_chains,2,learned-sync,3,3,200000,4,0,0,0,1,13625231.164435564,13559542,21.309208047,0.000000000,128.370745774,51.095994766,240101.000000000,4
long_four_chains,2,seeded-sync,4,3,200000,4,0,0,0,1,23660831.972861018,12360473,21.309208047,0.000000000,250.000000000,80.000000000,240101.000000000,0
long_four_chains,2,learned-sync,4,3,200000,4,0,0,0,1,13625231.164435564,12360473,21.309208047,0.000000000,128.370745774,51.095994766,240101.000000000,4
long_four_chains,2,seeded-sync,5,3,200000,4,0,0,0,1,23660831.972861018,11494367,21.309208047,0.000000000,250.000000000,80.000000000,240101.000000000,0
long_four_chains,2,learned-sync,5,3,200000,4,0,0,0,1,13625231.164435564,11494367,21.309208047,0.000000000,128.370745774,51.095994766,240101.000000000,4
long_four_chains,2,seeded-sync,6,3,200000,4,0,0,0,1,23660831.972861018,11661000,21.309208047,0.000000000,250.000000000,80.000000000,240101.000000000,0
long_four_chains,2,learned-sync,6,3,200000,4,0,0,0,1,13625231.164435564,11661000,21.309208047,0.000000000,128.370745774,51.095994766,240101.000000000,4
long_four_chains,1,seeded-sync,0,5,200000,4,0,0,0,1,14326564.515625000,8885049,21.211987891,0.000000000,250.000000000,80.000000000,278085.000000000,0
long_four_chains,1,learned-sync,0,5,200000,4,0,0,0,1,6831943.166806086,8885049,21.211987891,0.000000000,89.493663858,53.140802422,278085.000000000,4
long_four_chains,1,seeded-sync,1,5,200000,4,0,0,0,1,14326564.515625000,8628115,21.211987891,0.000000000,250.000000000,80.000000000,278085.000000000,0
long_four_chains,1,learned-sync,1,5,200000,4,0,0,0,1,6831943.166806086,8628115,21.211987891,0.000000000,89.493663858,53.140802422,278085.000000000,4
long_four_chains,1,seeded-sync,2,5,200000,4,0,0,0,1,14326564.515625000,8158952,21.211987891,0.000000000,250.000000000,80.000000000,278085.000000000,0
long_four_chains,1,learned-sync,2,5,200000,4,0,0,0,1,6831943.166806086,8158952,21.211987891,0.000000000,89.493663858,53.140802422,278085.000000000,4
long_four_chains,1,seeded-sync,3,5,200000,4,0,0,0,1,14326564.515625000,8030811,21.211987891,0.000000000,250.000000000,80.000000000,278085.000000000,0
long_four_chains,1,learned-sync,3,5,200000,4,0,0,0,1,6831943.166806086,8030811,21.211987891,0.000000000,89.493663858,53.140802422,278085.000000000,4
long_four_chains,1,seeded-sync,4,5,200000,4,0,0,0,1,14326564.515625000,8209297,21.211987891,0.000000000,250.000000000,80.000000000,278085.000000000,0
long_four_chains,1,learned-sync,4,5,200000,4,0,0,0,1,6831943.166806086,8209297,21.211987891,0.000000000,89.493663858,53.140802422,278085.000000000,4
long_four_chains,1,seeded-sync,5,5,200000,4,0,0,0,1,14326564.515625000,9135628,21.211987891,0.000000000,250.000000000,80.000000000,278085.000000000,0
long_four_chains,1,learned-sync,5,5,200000,4,0,0,0,1,6831943.166806086,9135628,21.211987891,0.000000000,89.493663858,53.140802422,278085.000000000,4
long_four_chains,1,seeded-sync,6,5,200000,4,0,0,0,1,14326564.515625000,9369072,21.211987891,0.000000000,250.000000000,80.000000000,278085.000000000,0
long_four_chains,1,learned-sync,6,5,200000,4,0,0,0,1,6831943.166806086,9369072,21.211987891,0.000000000,89.493663858,53.140802422,278085.000000000,4
short_four_chains,0,seeded-sync,0,5,20000,4,0,0,0,1,1694432.850000000,1425322,21.604962500,0.000000000,250.000000000,80.000000000,288013.000000000,0
short_four_chains,0,learned-sync,0,5,20000,4,0,0,0,1,1025957.229840343,1425322,21.604962500,0.000000000,111.509956679,51.371138281,288013.000000000,4
short_four_chains,0,seeded-sync,1,5,20000,4,0,0,0,1,1694432.850000000,1679721,21.604962500,0.000000000,250.000000000,80.000000000,288013.000000000,0
short_four_chains,0,learned-sync,1,5,20000,4,0,0,0,1,1025957.229840343,1679721,21.604962500,0.000000000,111.509956679,51.371138281,288013.000000000,4
short_four_chains,0,seeded-sync,2,5,20000,4,0,0,0,1,1694432.850000000,1365157,21.604962500,0.000000000,250.000000000,80.000000000,288013.000000000,0
short_four_chains,0,learned-sync,2,5,20000,4,0,0,0,1,1025957.229840343,1365157,21.604962500,0.000000000,111.509956679,51.371138281,288013.000000000,4
short_four_chains,0,seeded-sync,3,5,20000,4,0,0,0,1,1694432.850000000,1390709,21.604962500,0.000000000,250.000000000,80.000000000,288013.000000000,0
short_four_chains,0,learned-sync,3,5,20000,4,0,0,0,1,1025957.229840343,1390709,21.604962500,0.000000000,111.509956679,51.371138281,288013.000000000,4
short_four_chains,0,seeded-sync,4,5,20000,4,0,0,0,1,1694432.850000000,1243574,21.604962500,0.000000000,250.000000000,80.000000000,288013.000000000,0
short_four_chains,0,learned-sync,4,5,20000,4,0,0,0,1,1025957.229840343,1243574,21.604962500,0.000000000,111.509956679,51.371138281,288013.000000000,4
short_four_chains,0,seeded-sync,5,5,20000,4,0,0,0,1,1694432.850000000,1167754,21.604962500,0.000000000,250.000000000,80.000000000,288013.000000000,0
short_four_chains,0,learned-sync,5,5,20000,4,0,0,0,1,1025957.229840343,1167754,21.604962500,0.000000000,111.509956679,51.371138281,288013.000000000,4
short_four_chains,0,seeded-sync,6,5,20000,4,0,0,0,1,1694432.850000000,1338966,21.604962500,0.000000000,250.000000000,80.000000000,288013.000000000,0
short_four_chains,0,learned-sync,6,5,20000,4,0,0,0,1,1025957.229840343,1338966,21.604962500,0.000000000,111.509956679,51.371138281,288013.000000000,4
long_chain,1,seeded-sync,0,8,200000,1,0,0,0,1,9211483.423828125,36566501,21.846656953,0.000000000,250.000000000,80.000000000,415317.000000000,0
long_chain,1,learned-sync,0,8,200000,1,0,0,0,1,36823234.084392413,36566501,21.846656953,0.000000000,1385.190764313,49.279262109,415317.000000000,4
long_chain,1,seeded-sync,1,8,200000,1,0,0,0,1,9211483.423828125,37841794,21.846656953,0.000000000,250.000000000,80.000000000,415317.000000000,0
long_chain,1,learned-sync,1,8,200000,1,0,0,0,1,36823234.084392413,37841794,21.846656953,0.000000000,1385.190764313,49.279262109,415317.000000000,4
long_chain,1,seeded-sync,2,8,200000,1,0,0,0,1,9211483.423828125,43955033,21.846656953,0.000000000,250.000000000,80.000000000,415317.000000000,0
long_chain,1,learned-sync,2,8,200000,1,0,0,0,1,36823234.084392413,43955033,21.846656953,0.000000000,1385.190764313,49.279262109,415317.000000000,4
long_chain,1,seeded-sync,3,8,200000,1,0,0,0,1,9211483.423828125,49794995,21.846656953,0.000000000,250.000000000,80.000000000,415317.000000000,0
long_chain,1,learned-sync,3,8,200000,1,0,0,0,1,36823234.084392413,49794995,21.846656953,0.000000000,1385.190764313,49.279262109,415317.000000000,4
long_chain,1,seeded-sync,4,8,200000,1,0,0,0,1,9211483.423828125,47708509,21.846656953,0.000000000,250.000000000,80.000000000,415317.000000000,0
long_chain,1,learned-sync,4,8,200000,1,0,0,0,1,36823234.084392413,47708509,21.846656953,0.000000000,1385.190764313,49.279262109,415317.000000000,4
long_chain,1,seeded-sync,5,8,200000,1,0,0,0,1,9211483.423828125,44413601,21.846656953,0.000000000,250.000000000,80.000000000,415317.000000000,0
long_chain,1,learned-sync,5,8,200000,1,0,0,0,1,36823234.084392413,44413601,21.846656953,0.000000000,1385.190764313,49.279262109,415317.000000000,4
long_chain,1,seeded-sync,6,8,200000,1,0,0,0,1,9211483.423828125,46158004,21.846656953,0.000000000,250.000000000,80.000000000,415317.000000000,0
long_chain,1,learned-sync,6,8,200000,1,0,0,0,1,36823234.084392413,46158004,21.846656953,0.000000000,1385.190764313,49.279262109,415317.000000000,4
long_four_chains,2,seeded-sync,0,6,200000,4,0,0,0,1,11999877.985317187,5860360,20.813913281,0.000000000,250.000000000,80.000000000,305847.000000000,0
long_four_chains,2,learned-sync,0,6,200000,4,0,0,0,1,4473635.573949575,5860360,20.813913281,0.000000000,60.052424017,44.164819297,305847.000000000,4
long_four_chains,2,seeded-sync,1,6,200000,4,0,0,0,1,11999877.985317187,6652668,20.813913281,0.000000000,250.000000000,80.000000000,305847.000000000,0
long_four_chains,2,learned-sync,1,6,200000,4,0,0,0,1,4473635.573949575,6652668,20.813913281,0.000000000,60.052424017,44.164819297,305847.000000000,4
long_four_chains,2,seeded-sync,2,6,200000,4,0,0,0,1,11999877.985317187,6612088,20.813913281,0.000000000,250.000000000,80.000000000,305847.000000000,0
long_four_chains,2,learned-sync,2,6,200000,4,0,0,0,1,4473635.573949575,6612088,20.813913281,0.000000000,60.052424017,44.164819297,305847.000000000,4
long_four_chains,2,seeded-sync,3,6,200000,4,0,0,0,1,11999877.985317187,6093432,20.813913281,0.000000000,250.000000000,80.000000000,305847.000000000,0
long_four_chains,2,learned-sync,3,6,200000,4,0,0,0,1,4473635.573949575,6093432,20.813913281,0.000000000,60.052424017,44.164819297,305847.000000000,4
long_four_chains,2,seeded-sync,4,6,200000,4,0,0,0,1,11999877.985317187,5962701,20.813913281,0.000000000,250.000000000,80.000000000,305847.000000000,0
long_four_chains,2,learned-sync,4,6,200000,4,0,0,0,1,4473635.573949575,5962701,20.813913281,0.000000000,60.052424017,44.164819297,305847.000000000,4
long_four_chains,2,seeded-sync,5,6,200000,4,0,0,0,1,11999877.985317187,6176443,20.813913281,0.000000000,250.000000000,80.000000000,305847.000000000,0
long_four_chains,2,learned-sync,5,6,200000,4,0,0,0,1,4473635.573949575,6176443,20.813913281,0.000000000,60.052424017,44.164819297,305847.000000000,4
long_four_chains,2,seeded-sync,6,6,200000,4,0,0,0,1,11999877.985317187,6380599,20.813913281,0.000000000,250.000000000,80.000000000,305847.000000000,0
long_four_chains,2,learned-sync,6,6,200000,4,0,0,0,1,4473635.573949575,6380599,20.813913281,0.000000000,60.052424017,44.164819297,305847.000000000,4
long_many_chains,0,seeded-sync,0,5,200000,64,0,0,0,1,14301325.475000000,5892660,20.667586875,0.000000000,250.000000000,80.000000000,274622.000000000,0
long_many_chains,0,learned-sync,0,5,200000,64,0,0,0,1,4597701.997696263,5892660,20.667586875,0.000000000,45.746402052,41.663011016,274622.000000000,4
long_many_chains,0,seeded-sync,1,5,200000,64,0,0,0,1,14301325.475000000,5736852,20.667586875,0.000000000,250.000000000,80.000000000,274622.000000000,0
long_many_chains,0,learned-sync,1,5,200000,64,0,0,0,1,4597701.997696263,5736852,20.667586875,0.000000000,45.746402052,41.663011016,274622.000000000,4
long_many_chains,0,seeded-sync,2,5,200000,64,0,0,0,1,14301325.475000000,5894990,20.667586875,0.000000000,250.000000000,80.000000000,274622.000000000,0
long_many_chains,0,learned-sync,2,5,200000,64,0,0,0,1,4597701.997696263,5894990,20.667586875,0.000000000,45.746402052,41.663011016,274622.000000000,4
long_many_chains,0,seeded-sync,3,5,200000,64,0,0,0,1,14301325.475000000,5599730,20.667586875,0.000000000,250.000000000,80.000000000,274622.000000000,0
long_many_chains,0,learned-sync,3,5,200000,64,0,0,0,1,4597701.997696263,5599730,20.667586875,0.000000000,45.746402052,41.663011016,274622.000000000,4
long_many_chains,0,seeded-sync,4,5,200000,64,0,0,0,1,14301325.475000000,5855066,20.667586875,0.000000000,250.000000000,80.000000000,274622.000000000,0
long_many_chains,0,learned-sync,4,5,200000,64,0,0,0,1,4597701.997696263,5855066,20.667586875,0.000000000,45.746402052,41.663011016,274622.000000000,4
long_many_chains,0,seeded-sync,5,5,200000,64,0,0,0,1,14301325.475000000,5724555,20.667586875,0.000000000,250.000000000,80.000000000,274622.000000000,0
long_many_chains,0,learned-sync,5,5,200000,64,0,0,0,1,4597701.997696263,5724555,20.667586875,0.000000000,45.746402052,41.663011016,274622.000000000,4
long_many_chains,0,seeded-sync,6,5,200000,64,0,0,0,1,14301325.475000000,7343562,20.667586875,0.000000000,250.000000000,80.000000000,274622.000000000,0
long_many_chains,0,learned-sync,6,5,200000,64,0,0,0,1,4597701.997696263,7343562,20.667586875,0.000000000,45.746402052,41.663011016,274622.000000000,4
two_streams,1,seeded-sync,0,6,32768,4,0,0,0,2,4161823.341421127,2234072,21.629319191,0.000000000,250.000000000,80.000000000,438764.000000000,0
two_streams,1,learned-sync,0,6,32768,4,0,0,0,2,1711650.716014015,2234072,21.629319191,0.000000000,61.448568742,44.258807182,438764.000000000,4
two_streams,1,seeded-sync,1,6,32768,4,0,0,0,2,4161823.341421127,2102477,21.629319191,0.000000000,250.000000000,80.000000000,438764.000000000,0
two_streams,1,learned-sync,1,6,32768,4,0,0,0,2,1711650.716014015,2102477,21.629319191,0.000000000,61.448568742,44.258807182,438764.000000000,4
two_streams,1,seeded-sync,2,6,32768,4,0,0,0,2,4161823.341421127,2299294,21.629319191,0.000000000,250.000000000,80.000000000,438764.000000000,0
two_streams,1,learned-sync,2,6,32768,4,0,0,0,2,1711650.716014015,2299294,21.629319191,0.000000000,61.448568742,44.258807182,438764.000000000,4
two_streams,1,seeded-sync,3,6,32768,4,0,0,0,2,4161823.341421127,2009441,21.629319191,0.000000000,250.000000000,80.000000000,438764.000000000,0
two_streams,1,learned-sync,3,6,32768,4,0,0,0,2,1711650.716014015,2009441,21.629319191,0.000000000,61.448568742,44.258807182,438764.000000000,4
two_streams,1,seeded-sync,4,6,32768,4,0,0,0,2,4161823.341421127,2025072,21.629319191,0.000000000,250.000000000,80.000000000,438764.000000000,0
two_streams,1,learned-sync,4,6,32768,4,0,0,0,2,1711650.716014015,2025072,21.629319191,0.000000000,61.448568742,44.258807182,438764.000000000,4
two_streams,1,seeded-sync,5,6,32768,4,0,0,0,2,4161823.341421127,1996790,21.629319191,0.000000000,250.000000000,80.000000000,438764.000000000,0
two_streams,1,learned-sync,5,6,32768,4,0,0,0,2,1711650.716014015,1996790,21.629319191,0.000000000,61.448568742,44.258807182,438764.000000000,4
two_streams,1,seeded-sync,6,6,32768,4,0,0,0,2,4161823.341421127,2219257,21.629319191,0.000000000,250.000000000,80.000000000,438764.000000000,0
two_streams,1,learned-sync,6,6,32768,4,0,0,0,2,1711650.716014015,2219257,21.629319191,0.000000000,61.448568742,44.258807182,438764.000000000,4
tiny_chain,2,seeded-sync,0,7,257,1,0,0,0,1,429490.256018969,507606,31.466378891,0.000000000,250.000000000,80.000000000,416116.000000000,0
tiny_chain,2,learned-sync,0,7,257,1,0,0,0,1,633304.449742417,507606,31.466378891,0.000000000,5790.481994629,48.009727626,416116.000000000,4
tiny_chain,2,seeded-sync,1,7,257,1,0,0,0,1,429490.256018969,496805,31.466378891,0.000000000,250.000000000,80.000000000,416116.000000000,0
tiny_chain,2,learned-sync,1,7,257,1,0,0,0,1,633304.449742417,496805,31.466378891,0.000000000,5790.481994629,48.009727626,416116.000000000,4
tiny_chain,2,seeded-sync,2,7,257,1,0,0,0,1,429490.256018969,537659,31.466378891,0.000000000,250.000000000,80.000000000,416116.000000000,0
tiny_chain,2,learned-sync,2,7,257,1,0,0,0,1,633304.449742417,537659,31.466378891,0.000000000,5790.481994629,48.009727626,416116.000000000,4
tiny_chain,2,seeded-sync,3,7,257,1,0,0,0,1,429490.256018969,529650,31.466378891,0.000000000,250.000000000,80.000000000,416116.000000000,0
tiny_chain,2,learned-sync,3,7,257,1,0,0,0,1,633304.449742417,529650,31.466378891,0.000000000,5790.481994629,48.009727626,416116.000000000,4
tiny_chain,2,seeded-sync,4,7,257,1,0,0,0,1,429490.256018969,437240,31.466378891,0.000000000,250.000000000,80.000000000,416116.000000000,0
tiny_chain,2,learned-sync,4,7,257,1,0,0,0,1,633304.449742417,437240,31.466378891,0.000000000,5790.481994629,48.009727626,416116.000000000,4
tiny_chain,2,seeded-sync,5,7,257,1,0,0,0,1,429490.256018969,448535,31.466378891,0.000000000,250.000000000,80.000000000,416116.000000000,0
tiny_chain,2,learned-sync,5,7,257,1,0,0,0,1,633304.449742417,448535,31.466378891,0.000000000,5790.481994629,48.009727626,416116.000000000,4
tiny_chain,2,seeded-sync,6,7,257,1,0,0,0,1,429490.256018969,451878,31.466378891,0.000000000,250.000000000,80.000000000,416116.000000000,0
tiny_chain,2,learned-sync,6,7,257,1,0,0,0,1,633304.449742417,451878,31.466378891,0.000000000,5790.481994629,48.009727626,416116.000000000,4
uneven,1,seeded-sync,0,5,8193,3,4,8,0,1,982195.106727923,727219,39.887064415,63.028192893,250.000000000,80.000000000,272647.000000000,0
uneven,1,learned-sync,0,5,8193,3,4,8,0,1,743222.632713913,727219,39.887064415,63.028192893,131.527111951,52.669060097,272647.000000000,4
uneven,1,seeded-sync,1,5,8193,3,4,8,0,1,982195.106727923,877692,39.887064415,63.028192893,250.000000000,80.000000000,272647.000000000,0
uneven,1,learned-sync,1,5,8193,3,4,8,0,1,743222.632713913,877692,39.887064415,63.028192893,131.527111951,52.669060097,272647.000000000,4
uneven,1,seeded-sync,2,5,8193,3,4,8,0,1,982195.106727923,715736,39.887064415,63.028192893,250.000000000,80.000000000,272647.000000000,0
uneven,1,learned-sync,2,5,8193,3,4,8,0,1,743222.632713913,715736,39.887064415,63.028192893,131.527111951,52.669060097,272647.000000000,4
uneven,1,seeded-sync,3,5,8193,3,4,8,0,1,982195.106727923,724229,39.887064415,63.028192893,250.000000000,80.000000000,272647.000000000,0
uneven,1,learned-sync,3,5,8193,3,4,8,0,1,743222.632713913,724229,39.887064415,63.028192893,131.527111951,52.669060097,272647.000000000,4
uneven,1,seeded-sync,4,5,8193,3,4,8,0,1,982195.106727923,684898,39.887064415,63.028192893,250.000000000,80.000000000,272647.000000000,0
uneven,1,learned-sync,4,5,8193,3,4,8,0,1,743222.632713913,684898,39.887064415,63.028192893,131.527111951,52.669060097,272647.000000000,4
uneven,1,seeded-sync,5,5,8193,3,4,8,0,1,982195.106727923,704657,39.887064415,63.028192893,250.000000000,80.000000000,272647.000000000,0
uneven,1,learned-sync,5,5,8193,3,4,8,0,1,743222.632713913,704657,39.887064415,63.028192893,131.527111951,52.669060097,272647.000000000,4
uneven,1,seeded-sync,6,5,8193,3,4,8,0,1,982195.106727923,791714,39.887064415,63.028192893,250.000000000,80.000000000,272647.000000000,0
uneven,1,learned-sync,6,5,8193,3,4,8,0,1,743222.632713913,791714,39.887064415,63.028192893,131.527111951,52.669060097,272647.000000000,4
independent_after,1,seeded-sync,0,5,32768,4,0,16,1,1,3317403.453491211,2218843,21.779117584,111.354610443,250.000000000,80.000000000,282025.000000000,0
independent_after,1,learned-sync,0,5,32768,4,0,16,1,1,2045409.298562551,2218843,21.779117584,111.354610443,89.869306346,46.051634312,282025.000000000,4
independent_after,1,seeded-sync,1,5,32768,4,0,16,1,1,3317403.453491211,2194068,21.779117584,111.354610443,250.000000000,80.000000000,282025.000000000,0
independent_after,1,learned-sync,1,5,32768,4,0,16,1,1,2045409.298562551,2194068,21.779117584,111.354610443,89.869306346,46.051634312,282025.000000000,4
independent_after,1,seeded-sync,2,5,32768,4,0,16,1,1,3317403.453491211,2070719,21.779117584,111.354610443,250.000000000,80.000000000,282025.000000000,0
independent_after,1,learned-sync,2,5,32768,4,0,16,1,1,2045409.298562551,2070719,21.779117584,111.354610443,89.869306346,46.051634312,282025.000000000,4
independent_after,1,seeded-sync,3,5,32768,4,0,16,1,1,3317403.453491211,2328473,21.779117584,111.354610443,250.000000000,80.000000000,282025.000000000,0
independent_after,1,learned-sync,3,5,32768,4,0,16,1,1,2045409.298562551,2328473,21.779117584,111.354610443,89.869306346,46.051634312,282025.000000000,4
independent_after,1,seeded-sync,4,5,32768,4,0,16,1,1,3317403.453491211,2295823,21.779117584,111.354610443,250.000000000,80.000000000,282025.000000000,0
independent_after,1,learned-sync,4,5,32768,4,0,16,1,1,2045409.298562551,2295823,21.779117584,111.354610443,89.869306346,46.051634312,282025.000000000,4
independent_after,1,seeded-sync,5,5,32768,4,0,16,1,1,3317403.453491211,2478057,21.779117584,111.354610443,250.000000000,80.000000000,282025.000000000,0
independent_after,1,learned-sync,5,5,32768,4,0,16,1,1,2045409.298562551,2478057,21.779117584,111.354610443,89.869306346,46.051634312,282025.000000000,4
independent_after,1,seeded-sync,6,5,32768,4,0,16,1,1,3317403.453491211,2305943,21.779117584,111.354610443,250.000000000,80.000000000,282025.000000000,0
independent_after,1,learned-sync,6,5,32768,4,0,16,1,1,2045409.298562551,2305943,21.779117584,111.354610443,89.869306346,46.051634312,282025.000000000,4
independent_after,0,seeded-sync,0,5,32768,4,0,16,1,1,3298061.440896988,2556583,22.166623116,108.794994354,250.000000000,80.000000000,276919.000000000,0
independent_after,0,learned-sync,0,5,32768,4,0,16,1,1,1995416.222528567,2556583,22.166623116,108.794994354,86.472104482,44.772140503,276919.000000000,4
independent_after,0,seeded-sync,1,5,32768,4,0,16,1,1,3298061.440896988,2158801,22.166623116,108.794994354,250.000000000,80.000000000,276919.000000000,0
independent_after,0,learned-sync,1,5,32768,4,0,16,1,1,1995416.222528567,2158801,22.166623116,108.794994354,86.472104482,44.772140503,276919.000000000,4
independent_after,0,seeded-sync,2,5,32768,4,0,16,1,1,3298061.440896988,2176062,22.166623116,108.794994354,250.000000000,80.000000000,276919.000000000,0
independent_after,0,learned-sync,2,5,32768,4,0,16,1,1,1995416.222528567,2176062,22.166623116,108.794994354,86.472104482,44.772140503,276919.000000000,4
independent_after,0,seeded-sync,3,5,32768,4,0,16,1,1,3298061.440896988,1915514,22.166623116,108.794994354,250.000000000,80.000000000,276919.000000000,0
independent_after,0,learned-sync,3,5,32768,4,0,16,1,1,1995416.222528567,1915514,22.166623116,108.794994354,86.472104482,44.772140503,276919.000000000,4
independent_after,0,seeded-sync,4,5,32768,4,0,16,1,1,3298061.440896988,2241506,22.166623116,108.794994354,250.000000000,80.000000000,276919.000000000,0
independent_after,0,learned-sync,4,5,32768,4,0,16,1,1,1995416.222528567,2241506,22.166623116,108.794994354,86.472104482,44.772140503,276919.000000000,4
independent_after,0,seeded-sync,5,5,32768,4,0,16,1,1,3298061.440896988,1905604,22.166623116,108.794994354,250.000000000,80.000000000,276919.000000000,0
independent_after,0,learned-sync,5,5,32768,4,0,16,1,1,1995416.222528567,1905604,22.166623116,108.794994354,86.472104482,44.772140503,276919.000000000,4
independent_after,0,seeded-sync,6,5,32768,4,0,16,1,1,3298061.440896988,2354613,22.166623116,108.794994354,250.000000000,80.000000000,276919.000000000,0
independent_after,0,learned-sync,6,5,32768,4,0,16,1,1,1995416.222528567,2354613,22.166623116,108.794994354,86.472104482,44.772140503,276919.000000000,4
dependent_compute,1,seeded-sync,0,4,32768,1,16,0,0,1,3795403.105468750,7986294,108.661633968,0.000000000,250.000000000,80.000000000,201887.000000000,0
dependent_compute,1,learned-sync,0,4,32768,1,16,0,0,1,7025750.928134155,7986294,108.661633968,0.000000000,675.681286622,48.648281574,201887.000000000,4
dependent_compute,1,seeded-sync,1,4,32768,1,16,0,0,1,3795403.105468750,7351285,108.661633968,0.000000000,250.000000000,80.000000000,201887.000000000,0
dependent_compute,1,learned-sync,1,4,32768,1,16,0,0,1,7025750.928134155,7351285,108.661633968,0.000000000,675.681286622,48.648281574,201887.000000000,4
dependent_compute,1,seeded-sync,2,4,32768,1,16,0,0,1,3795403.105468750,7651446,108.661633968,0.000000000,250.000000000,80.000000000,201887.000000000,0
dependent_compute,1,learned-sync,2,4,32768,1,16,0,0,1,7025750.928134155,7651446,108.661633968,0.000000000,675.681286622,48.648281574,201887.000000000,4
dependent_compute,1,seeded-sync,3,4,32768,1,16,0,0,1,3795403.105468750,7331151,108.661633968,0.000000000,250.000000000,80.000000000,201887.000000000,0
dependent_compute,1,learned-sync,3,4,32768,1,16,0,0,1,7025750.928134155,7331151,108.661633968,0.000000000,675.681286622,48.648281574,201887.000000000,4
dependent_compute,1,seeded-sync,4,4,32768,1,16,0,0,1,3795403.105468750,7664407,108.661633968,0.000000000,250.000000000,80.000000000,201887.000000000,0
dependent_compute,1,learned-sync,4,4,32768,1,16,0,0,1,7025750.928134155,7664407,108.661633968,0.000000000,675.681286622,48.648281574,201887.000000000,4
dependent_compute,1,seeded-sync,5,4,32768,1,16,0,0,1,3795403.105468750,7467128,108.661633968,0.000000000,250.000000000,80.000000000,201887.000000000,0
dependent_compute,1,learned-sync,5,4,32768,1,16,0,0,1,7025750.928134155,7467128,108.661633968,0.000000000,675.681286622,48.648281574,201887.000000000,4
dependent_compute,1,seeded-sync,6,4,32768,1,16,0,0,1,3795403.105468750,7820404,108.661633968,0.000000000,250.000000000,80.000000000,201887.000000000,0
dependent_compute,1,learned-sync,6,4,32768,1,16,0,0,1,7025750.928134155,7820404,108.661633968,0.000000000,675.681286622,48.648281574,201887.000000000,4
independent_before,0,seeded-sync,0,4,32768,4,0,16,0,1,3977605.960937500,1754490,21.195680141,110.074212551,250.000000000,80.000000000,198883.000000000,0
independent_before,0,learned-sync,0,4,32768,4,0,16,0,1,1764831.516254025,1754490,21.195680141,110.074212551,32.211566525,27.674365520,198883.000000000,4
independent_before,0,seeded-sync,1,4,32768,4,0,16,0,1,3977605.960937500,1843615,21.195680141,110.074212551,250.000000000,80.000000000,198883.000000000,0
independent_before,0,learned-sync,1,4,32768,4,0,16,0,1,1764831.516254025,1843615,21.195680141,110.074212551,32.211566525,27.674365520,198883.000000000,4
independent_before,0,seeded-sync,2,4,32768,4,0,16,0,1,3977605.960937500,1929395,21.195680141,110.074212551,250.000000000,80.000000000,198883.000000000,0
independent_before,0,learned-sync,2,4,32768,4,0,16,0,1,1764831.516254025,1929395,21.195680141,110.074212551,32.211566525,27.674365520,198883.000000000,4
independent_before,0,seeded-sync,3,4,32768,4,0,16,0,1,3977605.960937500,1926580,21.195680141,110.074212551,250.000000000,80.000000000,198883.000000000,0
independent_before,0,learned-sync,3,4,32768,4,0,16,0,1,1764831.516254025,1926580,21.195680141,110.074212551,32.211566525,27.674365520,198883.000000000,4
independent_before,0,seeded-sync,4,4,32768,4,0,16,0,1,3977605.960937500,1701541,21.195680141,110.074212551,250.000000000,80.000000000,198883.000000000,0
independent_before,0,learned-sync,4,4,32768,4,0,16,0,1,1764831.516254025,1701541,21.195680141,110.074212551,32.211566525,27.674365520,198883.000000000,4
independent_before,0,seeded-sync,5,4,32768,4,0,16,0,1,3977605.960937500,1693965,21.195680141,110.074212551,250.000000000,80.000000000,198883.000000000,0
independent_before,0,learned-sync,5,4,32768,4,0,16,0,1,1764831.516254025,1693965,21.195680141,110.074212551,32.211566525,27.674365520,198883.000000000,4
independent_before,0,seeded-sync,6,4,32768,4,0,16,0,1,3977605.960937500,2093063,21.195680141,110.074212551,250.000000000,80.000000000,198883.000000000,0
independent_before,0,learned-sync,6,4,32768,4,0,16,0,1,1764831.516254025,2093063,21.195680141,110.074212551,32.211566525,27.674365520,198883.000000000,4
long_many_chains,1,seeded-sync,0,4,200000,64,0,0,0,1,17779197.375000000,5967297,20.486227500,0.000000000,250.000000000,80.000000000,254886.000000000,0
long_many_chains,1,learned-sync,0,4,200000,64,0,0,0,1,4944313.190979864,5967297,20.486227500,0.000000000,35.036594445,38.265721875,254886.000000000,4
long_many_chains,1,seeded-sync,1,4,200000,64,0,0,0,1,17779197.375000000,6079036,20.486227500,0.000000000,250.000000000,80.000000000,254886.000000000,0
long_many_chains,1,learned-sync,1,4,200000,64,0,0,0,1,4944313.190979864,6079036,20.486227500,0.000000000,35.036594445,38.265721875,254886.000000000,4
long_many_chains,1,seeded-sync,2,4,200000,64,0,0,0,1,17779197.375000000,7377337,20.486227500,0.000000000,250.000000000,80.000000000,254886.000000000,0
long_many_chains,1,learned-sync,2,4,200000,64,0,0,0,1,4944313.190979864,7377337,20.486227500,0.000000000,35.036594445,38.265721875,254886.000000000,4
long_many_chains,1,seeded-sync,3,4,200000,64,0,0,0,1,17779197.375000000,6823229,20.486227500,0.000000000,250.000000000,80.000000000,254886.000000000,0
long_many_chains,1,learned-sync,3,4,200000,64,0,0,0,1,4944313.190979864,6823229,20.486227500,0.000000000,35.036594445,38.265721875,254886.000000000,4
long_many_chains,1,seeded-sync,4,4,200000,64,0,0,0,1,17779197.375000000,6013239,20.486227500,0.000000000,250.000000000,80.000000000,254886.000000000,0
long_many_chains,1,learned-sync,4,4,200000,64,0,0,0,1,4944313.190979864,6013239,20.486227500,0.000000000,35.036594445,38.265721875,254886.000000000,4
long_many_chains,1,seeded-sync,5,4,200000,64,0,0,0,1,17779197.375000000,6281782,20.486227500,0.000000000,250.000000000,80.000000000,254886.000000000,0
long_many_chains,1,learned-sync,5,4,200000,64,0,0,0,1,4944313.190979864,6281782,20.486227500,0.000000000,35.036594445,38.265721875,254886.000000000,4
long_many_chains,1,seeded-sync,6,4,200000,64,0,0,0,1,17779197.375000000,7432021,20.486227500,0.000000000,250.000000000,80.000000000,254886.000000000,0
long_many_chains,1,learned-sync,6,4,200000,64,0,0,0,1,4944313.190979864,7432021,20.486227500,0.000000000,35.036594445,38.265721875,254886.000000000,4
long_many_chains,0,seeded-sync,0,4,200000,64,0,0,0,1,17834383.269531250,6501979,21.064645391,0.000000000,250.000000000,80.000000000,281151.000000000,0
long_many_chains,0,learned-sync,0,4,200000,64,0,0,0,1,5301400.137981654,6501979,21.064645391,0.000000000,37.611407057,41.728930312,281151.000000000,4
long_many_chains,0,seeded-sync,1,4,200000,64,0,0,0,1,17834383.269531250,10064687,21.064645391,0.000000000,250.000000000,80.000000000,281151.000000000,0
long_many_chains,0,learned-sync,1,4,200000,64,0,0,0,1,5301400.137981654,10064687,21.064645391,0.000000000,37.611407057,41.728930312,281151.000000000,4
long_many_chains,0,seeded-sync,2,4,200000,64,0,0,0,1,17834383.269531250,7722723,21.064645391,0.000000000,250.000000000,80.000000000,281151.000000000,0
long_many_chains,0,learned-sync,2,4,200000,64,0,0,0,1,5301400.137981654,7722723,21.064645391,0.000000000,37.611407057,41.728930312,281151.000000000,4
long_many_chains,0,seeded-sync,3,4,200000,64,0,0,0,1,17834383.269531250,7119981,21.064645391,0.000000000,250.000000000,80.000000000,281151.000000000,0
long_many_chains,0,learned-sync,3,4,200000,64,0,0,0,1,5301400.137981654,7119981,21.064645391,0.000000000,37.611407057,41.728930312,281151.000000000,4
long_many_chains,0,seeded-sync,4,4,200000,64,0,0,0,1,17834383.269531250,5940807,21.064645391,0.000000000,250.000000000,80.000000000,281151.000000000,0
long_many_chains,0,learned-sync,4,4,200000,64,0,0,0,1,5301400.137981654,5940807,21.064645391,0.000000000,37.611407057,41.728930312,281151.000000000,4
long_many_chains,0,seeded-sync,5,4,200000,64,0,0,0,1,17834383.269531250,6370221,21.064645391,0.000000000,250.000000000,80.000000000,281151.000000000,0
long_many_chains,0,learned-sync,5,4,200000,64,0,0,0,1,5301400.137981654,6370221,21.064645391,0.000000000,37.611407057,41.728930312,281151.000000000,4
long_many_chains,0,seeded-sync,6,4,200000,64,0,0,0,1,17834383.269531250,7498177,21.064645391,0.000000000,250.000000000,80.000000000,281151.000000000,0
long_many_chains,0,learned-sync,6,4,200000,64,0,0,0,1,5301400.137981654,7498177,21.064645391,0.000000000,37.611407057,41.728930312,281151.000000000,4
large_arrays,2,seeded-sync,0,6,1000000,64,0,0,0,1,58802329.608390413,24467372,20.715796219,0.000000000,250.000000000,80.000000000,349580.000000000,0
large_arrays,2,learned-sync,0,6,1000000,64,0,0,0,1,19092368.106221132,24467372,20.715796219,0.000000000,47.917567490,43.823140016,349580.000000000,4
large_arrays,2,seeded-sync,1,6,1000000,64,0,0,0,1,58802329.608390413,25817110,20.715796219,0.000000000,250.000000000,80.000000000,349580.000000000,0
large_arrays,2,learned-sync,1,6,1000000,64,0,0,0,1,19092368.106221132,25817110,20.715796219,0.000000000,47.917567490,43.823140016,349580.000000000,4
large_arrays,2,seeded-sync,2,6,1000000,64,0,0,0,1,58802329.608390413,24130131,20.715796219,0.000000000,250.000000000,80.000000000,349580.000000000,0
large_arrays,2,learned-sync,2,6,1000000,64,0,0,0,1,19092368.106221132,24130131,20.715796219,0.000000000,47.917567490,43.823140016,349580.000000000,4
large_arrays,2,seeded-sync,3,6,1000000,64,0,0,0,1,58802329.608390413,25791042,20.715796219,0.000000000,250.000000000,80.000000000,349580.000000000,0
large_arrays,2,learned-sync,3,6,1000000,64,0,0,0,1,19092368.106221132,25791042,20.715796219,0.000000000,47.917567490,43.823140016,349580.000000000,4
large_arrays,2,seeded-sync,4,6,1000000,64,0,0,0,1,58802329.608390413,26802961,20.715796219,0.000000000,250.000000000,80.000000000,349580.000000000,0
large_arrays,2,learned-sync,4,6,1000000,64,0,0,0,1,19092368.106221132,26802961,20.715796219,0.000000000,47.917567490,43.823140016,349580.000000000,4
large_arrays,2,seeded-sync,5,6,1000000,64,0,0,0,1,58802329.608390413,25612414,20.715796219,0.000000000,250.000000000,80.000000000,349580.000000000,0
large_arrays,2,learned-sync,5,6,1000000,64,0,0,0,1,19092368.106221132,25612414,20.715796219,0.000000000,47.917567490,43.823140016,349580.000000000,4
large_arrays,2,seeded-sync,6,6,1000000,64,0,0,0,1,58802329.608390413,25340885,20.715796219,0.000000000,250.000000000,80.000000000,349580.000000000,0
large_arrays,2,learned-sync,6,6,1000000,64,0,0,0,1,19092368.106221132,25340885,20.715796219,0.000000000,47.917567490,43.823140016,349580.000000000,4
short_four_chains,0,seeded-sync,0,4,20000,4,0,0,0,1,1969140.882812500,762473,21.799576563,0.000000000,250.000000000,80.000000000,210143.000000000,0
short_four_chains,0,learned-sync,0,4,20000,4,0,0,0,1,671922.954951928,762473,21.799576563,0.000000000,32.908076928,37.648337500,210143.000000000,4
short_four_chains,0,seeded-sync,1,4,20000,4,0,0,0,1,1969140.882812500,784570,21.799576563,0.000000000,250.000000000,80.000000000,210143.000000000,0
short_four_chains,0,learned-sync,1,4,20000,4,0,0,0,1,671922.954951928,784570,21.799576563,0.000000000,32.908076928,37.648337500,210143.000000000,4
short_four_chains,0,seeded-sync,2,4,20000,4,0,0,0,1,1969140.882812500,868271,21.799576563,0.000000000,250.000000000,80.000000000,210143.000000000,0
short_four_chains,0,learned-sync,2,4,20000,4,0,0,0,1,671922.954951928,868271,21.799576563,0.000000000,32.908076928,37.648337500,210143.000000000,4
short_four_chains,0,seeded-sync,3,4,20000,4,0,0,0,1,1969140.882812500,773733,21.799576563,0.000000000,250.000000000,80.000000000,210143.000000000,0
short_four_chains,0,learned-sync,3,4,20000,4,0,0,0,1,671922.954951928,773733,21.799576563,0.000000000,32.908076928,37.648337500,210143.000000000,4
short_four_chains,0,seeded-sync,4,4,20000,4,0,0,0,1,1969140.882812500,763300,21.799576563,0.000000000,250.000000000,80.000000000,210143.000000000,0
short_four_chains,0,learned-sync,4,4,20000,4,0,0,0,1,671922.954951928,763300,21.799576563,0.000000000,32.908076928,37.648337500,210143.000000000,4
short_four_chains,0,seeded-sync,5,4,20000,4,0,0,0,1,1969140.882812500,821525,21.799576563,0.000000000,250.000000000,80.000000000,210143.000000000,0
short_four_chains,0,learned-sync,5,4,20000,4,0,0,0,1,671922.954951928,821525,21.799576563,0.000000000,32.908076928,37.648337500,210143.000000000,4
short_four_chains,0,seeded-sync,6,4,20000,4,0,0,0,1,1969140.882812500,827017,21.799576563,0.000000000,250.000000000,80.000000000,210143.000000000,0
short_four_chains,0,learned-sync,6,4,20000,4,0,0,0,1,671922.954951928,827017,21.799576563,0.000000000,32.908076928,37.648337500,210143.000000000,4
long_four_chains,1,seeded-sync,0,6,200000,4,0,0,0,1,12006150.296067813,10439009,20.733164219,0.000000000,250.000000000,80.000000000,314811.000000000,0
long_four_chains,1,learned-sync,0,6,200000,4,0,0,0,1,4851872.521008139,10439009,20.733164219,0.000000000,68.117701260,47.258257969,314811.000000000,4
long_four_chains,1,seeded-sync,1,6,200000,4,0,0,0,1,12006150.296067813,5707052,20.733164219,0.000000000,250.000000000,80.000000000,314811.000000000,0
long_four_chains,1,learned-sync,1,6,200000,4,0,0,0,1,4851872.521008139,5707052,20.733164219,0.000000000,68.117701260,47.258257969,314811.000000000,4
long_four_chains,1,seeded-sync,2,6,200000,4,0,0,0,1,12006150.296067813,6505039,20.733164219,0.000000000,250.000000000,80.000000000,314811.000000000,0
long_four_chains,1,learned-sync,2,6,200000,4,0,0,0,1,4851872.521008139,6505039,20.733164219,0.000000000,68.117701260,47.258257969,314811.000000000,4
long_four_chains,1,seeded-sync,3,6,200000,4,0,0,0,1,12006150.296067813,6343510,20.733164219,0.000000000,250.000000000,80.000000000,314811.000000000,0
long_four_chains,1,learned-sync,3,6,200000,4,0,0,0,1,4851872.521008139,6343510,20.733164219,0.000000000,68.117701260,47.258257969,314811.000000000,4
long_four_chains,1,seeded-sync,4,6,200000,4,0,0,0,1,12006150.296067813,6726270,20.733164219,0.000000000,250.000000000,80.000000000,314811.000000000,0
long_four_chains,1,learned-sync,4,6,200000,4,0,0,0,1,4851872.521008139,6726270,20.733164219,0.000000000,68.117701260,47.258257969,314811.000000000,4
long_four_chains,1,seeded-sync,5,6,200000,4,0,0,0,1,12006150.296067813,6331640,20.733164219,0.000000000,250.000000000,80.000000000,314811.000000000,0
long_four_chains,1,learned-sync,5,6,200000,4,0,0,0,1,4851872.521008139,6331640,20.733164219,0.000000000,68.117701260,47.258257969,314811.000000000,4
long_four_chains,1,seeded-sync,6,6,200000,4,0,0,0,1,12006150.296067813,7131578,20.733164219,0.000000000,250.000000000,80.000000000,314811.000000000,0
long_four_chains,1,learned-sync,6,6,200000,4,0,0,0,1,4851872.521008139,7131578,20.733164219,0.000000000,68.117701260,47.258257969,314811.000000000,4
large_arrays,1,seeded-sync,0,8,1000000,64,0,0,0,1,44243934.697265625,18825754,20.625405578,0.000000000,250.000000000,80.000000000,415759.000000000,0
large_arrays,1,learned-sync,0,8,1000000,64,0,0,0,1,13447465.900604764,18825754,20.625405578,0.000000000,36.540309970,47.087939656,415759.000000000,4
large_arrays,1,seeded-sync,1,8,1000000,64,0,0,0,1,44243934.697265625,18413183,20.625405578,0.000000000,250.000000000,80.000000000,415759.000000000,0
large_arrays,1,learned-sync,1,8,1000000,64,0,0,0,1,13447465.900604764,18413183,20.625405578,0.000000000,36.540309970,47.087939656,415759.000000000,4
large_arrays,1,seeded-sync,2,8,1000000,64,0,0,0,1,44243934.697265625,18211624,20.625405578,0.000000000,250.000000000,80.000000000,415759.000000000,0
large_arrays,1,learned-sync,2,8,1000000,64,0,0,0,1,13447465.900604764,18211624,20.625405578,0.000000000,36.540309970,47.087939656,415759.000000000,4
large_arrays,1,seeded-sync,3,8,1000000,64,0,0,0,1,44243934.697265625,18294657,20.625405578,0.000000000,250.000000000,80.000000000,415759.000000000,0
large_arrays,1,learned-sync,3,8,1000000,64,0,0,0,1,13447465.900604764,18294657,20.625405578,0.000000000,36.540309970,47.087939656,415759.000000000,4
large_arrays,1,seeded-sync,4,8,1000000,64,0,0,0,1,44243934.697265625,18522012,20.625405578,0.000000000,250.000000000,80.000000000,415759.000000000,0
large_arrays,1,learned-sync,4,8,1000000,64,0,0,0,1,13447465.900604764,18522012,20.625405578,0.000000000,36.540309970,47.087939656,415759.000000000,4
large_arrays,1,seeded-sync,5,8,1000000,64,0,0,0,1,44243934.697265625,18332375,20.625405578,0.000000000,250.000000000,80.000000000,415759.000000000,0
large_arrays,1,learned-sync,5,8,1000000,64,0,0,0,1,13447465.900604764,18332375,20.625405578,0.000000000,36.540309970,47.087939656,415759.000000000,4
large_arrays,1,seeded-sync,6,8,1000000,64,0,0,0,1,44243934.697265625,19143523,20.625405578,0.000000000,250.000000000,80.000000000,415759.000000000,0
large_arrays,1,learned-sync,6,8,1000000,64,0,0,0,1,13447465.900604764,19143523,20.625405578,0.000000000,36.540309970,47.087939656,415759.000000000,4
long_chain,2,seeded-sync,0,6,200000,1,0,0,0,1,12258224.804939374,33173942,22.004284063,0.000000000,250.000000000,80.000000000,524514.000000000,0
long_chain,2,learned-sync,0,6,200000,1,0,0,0,1,36165301.645273432,33173942,22.004284063,0.000000000,996.172034376,51.025926875,524514.000000000,4
long_chain,2,seeded-sync,1,6,200000,1,0,0,0,1,12258224.804939374,36050279,22.004284063,0.000000000,250.000000000,80.000000000,524514.000000000,0
long_chain,2,learned-sync,1,6,200000,1,0,0,0,1,36165301.645273432,36050279,22.004284063,0.000000000,996.172034376,51.025926875,524514.000000000,4
long_chain,2,seeded-sync,2,6,200000,1,0,0,0,1,12258224.804939374,33571320,22.004284063,0.000000000,250.000000000,80.000000000,524514.000000000,0
long_chain,2,learned-sync,2,6,200000,1,0,0,0,1,36165301.645273432,33571320,22.004284063,0.000000000,996.172034376,51.025926875,524514.000000000,4
long_chain,2,seeded-sync,3,6,200000,1,0,0,0,1,12258224.804939374,120158637,22.004284063,0.000000000,250.000000000,80.000000000,524514.000000000,0
long_chain,2,learned-sync,3,6,200000,1,0,0,0,1,36165301.645273432,120158637,22.004284063,0.000000000,996.172034376,51.025926875,524514.000000000,4
long_chain,2,seeded-sync,4,6,200000,1,0,0,0,1,12258224.804939374,33277706,22.004284063,0.000000000,250.000000000,80.000000000,524514.000000000,0
long_chain,2,learned-sync,4,6,200000,1,0,0,0,1,36165301.645273432,33277706,22.004284063,0.000000000,996.172034376,51.025926875,524514.000000000,4
long_chain,2,seeded-sync,5,6,200000,1,0,0,0,1,12258224.804939374,32702789,22.004284063,0.000000000,250.000000000,80.000000000,524514.000000000,0
long_chain,2,learned-sync,5,6,200000,1,0,0,0,1,36165301.645273432,32702789,22.004284063,0.000000000,996.172034376,51.025926875,524514.000000000,4
long_chain,2,seeded-sync,6,6,200000,1,0,0,0,1,12258224.804939374,32485170,22.004284063,0.000000000,250.000000000,80.000000000,524514.000000000,0
long_chain,2,learned-sync,6,6,200000,1,0,0,0,1,36165301.645273432,32485170,22.004284063,0.000000000,996.172034376,51.025926875,524514.000000000,4
short_four_chains,0,seeded-sync,0,2,20000,4,0,0,0,1,3646428.000000000,1223351,20.898300000,0.000000000,250.000000000,80.000000000,137445.000000000,0
short_four_chains,0,learned-sync,0,2,20000,4,0,0,0,1,898888.254272730,1223351,20.898300000,0.000000000,25.955261365,29.290764063,137445.000000000,4
short_four_chains,0,seeded-sync,1,2,20000,4,0,0,0,1,3646428.000000000,1062534,20.898300000,0.000000000,250.000000000,80.000000000,137445.000000000,0
short_four_chains,0,learned-sync,1,2,20000,4,0,0,0,1,898888.254272730,1062534,20.898300000,0.000000000,25.955261365,29.290764063,137445.000000000,4
short_four_chains,0,seeded-sync,2,2,20000,4,0,0,0,1,3646428.000000000,1131091,20.898300000,0.000000000,250.000000000,80.000000000,137445.000000000,0
short_four_chains,0,learned-sync,2,2,20000,4,0,0,0,1,898888.254272730,1131091,20.898300000,0.000000000,25.955261365,29.290764063,137445.000000000,4
short_four_chains,0,seeded-sync,3,2,20000,4,0,0,0,1,3646428.000000000,1214195,20.898300000,0.000000000,250.000000000,80.000000000,137445.000000000,0
short_four_chains,0,learned-sync,3,2,20000,4,0,0,0,1,898888.254272730,1214195,20.898300000,0.000000000,25.955261365,29.290764063,137445.000000000,4
short_four_chains,0,seeded-sync,4,2,20000,4,0,0,0,1,3646428.000000000,1137024,20.898300000,0.000000000,250.000000000,80.000000000,137445.000000000,0
short_four_chains,0,learned-sync,4,2,20000,4,0,0,0,1,898888.254272730,1137024,20.898300000,0.000000000,25.955261365,29.290764063,137445.000000000,4
short_four_chains,0,seeded-sync,5,2,20000,4,0,0,0,1,3646428.000000000,1059807,20.898300000,0.000000000,250.000000000,80.000000000,137445.000000000,0
short_four_chains,0,learned-sync,5,2,20000,4,0,0,0,1,898888.254272730,1059807,20.898300000,0.000000000,25.955261365,29.290764063,137445.000000000,4
short_four_chains,0,seeded-sync,6,2,20000,4,0,0,0,1,3646428.000000000,1126371,20.898300000,0.000000000,250.000000000,80.000000000,137445.000000000,0
short_four_chains,0,learned-sync,6,2,20000,4,0,0,0,1,898888.254272730,1126371,20.898300000,0.000000000,25.955261365,29.290764063,137445.000000000,4
independent_before,0,seeded-sync,0,3,32768,4,0,16,0,1,5165562.103356361,2822132,21.180913925,106.785405159,250.000000000,80.000000000,163196.000000000,0
independent_before,0,learned-sync,0,3,32768,4,0,16,0,1,2591643.737402622,2822132,21.180913925,106.785405159,52.374334254,41.983592510,163196.000000000,4
independent_before,0,seeded-sync,1,3,32768,4,0,16,0,1,5165562.103356361,2869184,21.180913925,106.785405159,250.000000000,80.000000000,163196.000000000,0
independent_before,0,learned-sync,1,3,32768,4,0,16,0,1,2591643.737402622,2869184,21.180913925,106.785405159,52.374334254,41.983592510,163196.000000000,4
independent_before,0,seeded-sync,2,3,32768,4,0,16,0,1,5165562.103356361,2894302,21.180913925,106.785405159,250.000000000,80.000000000,163196.000000000,0
independent_before,0,learned-sync,2,3,32768,4,0,16,0,1,2591643.737402622,2894302,21.180913925,106.785405159,52.374334254,41.983592510,163196.000000000,4
independent_before,0,seeded-sync,3,3,32768,4,0,16,0,1,5165562.103356361,3236195,21.180913925,106.785405159,250.000000000,80.000000000,163196.000000000,0
independent_before,0,learned-sync,3,3,32768,4,0,16,0,1,2591643.737402622,3236195,21.180913925,106.785405159,52.374334254,41.983592510,163196.000000000,4
independent_before,0,seeded-sync,4,3,32768,4,0,16,0,1,5165562.103356361,2885049,21.180913925,106.785405159,250.000000000,80.000000000,163196.000000000,0
independent_before,0,learned-sync,4,3,32768,4,0,16,0,1,2591643.737402622,2885049,21.180913925,106.785405159,52.374334254,41.983592510,163196.000000000,4
independent_before,0,seeded-sync,5,3,32768,4,0,16,0,1,5165562.103356361,2969957,21.180913925,106.785405159,250.000000000,80.000000000,163196.000000000,0
independent_before,0,learned-sync,5,3,32768,4,0,16,0,1,2591643.737402622,2969957,21.180913925,106.785405159,52.374334254,41.983592510,163196.000000000,4
independent_before,0,seeded-sync,6,3,32768,4,0,16,0,1,5165562.103356361,2835333,21.180913925,106.785405159,250.000000000,80.000000000,163196.000000000,0
independent_before,0,learned-sync,6,3,32768,4,0,16,0,1,2591643.737402622,2835333,21.180913925,106.785405159,52.374334254,41.983592510,163196.000000000,4
short_many_chains,2,seeded-sync,0,4,20000,64,0,0,0,1,1957420.125000000,776129,20.858825000,0.000000000,250.000000000,80.000000000,203126.000000000,0
short_many_chains,2,learned-sync,0,4,20000,64,0,0,0,1,652315.526886035,776129,20.858825000,0.000000000,33.017793658,35.961286719,203126.000000000,4
short_many_chains,2,seeded-sync,1,4,20000,64,0,0,0,1,1957420.125000000,748601,20.858825000,0.000000000,250.000000000,80.000000000,203126.000000000,0
short_many_chains,2,learned-sync,1,4,20000,64,0,0,0,1,652315.526886035,748601,20.858825000,0.000000000,33.017793658,35.961286719,203126.000000000,4
short_many_chains,2,seeded-sync,2,4,20000,64,0,0,0,1,1957420.125000000,806004,20.858825000,0.000000000,250.000000000,80.000000000,203126.000000000,0
short_many_chains,2,learned-sync,2,4,20000,64,0,0,0,1,652315.526886035,806004,20.858825000,0.000000000,33.017793658,35.961286719,203126.000000000,4
short_many_chains,2,seeded-sync,3,4,20000,64,0,0,0,1,1957420.125000000,745741,20.858825000,0.000000000,250.000000000,80.000000000,203126.000000000,0
short_many_chains,2,learned-sync,3,4,20000,64,0,0,0,1,652315.526886035,745741,20.858825000,0.000000000,33.017793658,35.961286719,203126.000000000,4
short_many_chains,2,seeded-sync,4,4,20000,64,0,0,0,1,1957420.125000000,803443,20.858825000,0.000000000,250.000000000,80.000000000,203126.000000000,0
short_many_chains,2,learned-sync,4,4,20000,64,0,0,0,1,652315.526886035,803443,20.858825000,0.000000000,33.017793658,35.961286719,203126.000000000,4
short_many_chains,2,seeded-sync,5,4,20000,64,0,0,0,1,1957420.125000000,734399,20.858825000,0.000000000,250.000000000,80.000000000,203126.000000000,0
short_many_chains,2,learned-sync,5,4,20000,64,0,0,0,1,652315.526886035,734399,20.858825000,0.000000000,33.017793658,35.961286719,203126.000000000,4
short_many_chains,2,seeded-sync,6,4,20000,64,0,0,0,1,1957420.125000000,1051941,20.858825000,0.000000000,250.000000000,80.000000000,203126.000000000,0
short_many_chains,2,learned-sync,6,4,20000,64,0,0,0,1,652315.526886035,1051941,20.858825000,0.000000000,33.017793658,35.961286719,203126.000000000,4
uneven,2,seeded-sync,0,3,8193,3,4,8,0,1,1425625.322916667,656175,40.711899640,61.794260344,250.000000000,80.000000000,244451.000000000,0
uneven,2,learned-sync,0,3,8193,3,4,8,0,1,674942.806223291,656175,40.711899640,61.794260344,26.488514957,28.636890867,244451.000000000,4
uneven,2,seeded-sync,1,3,8193,3,4,8,0,1,1425625.322916667,646863,40.711899640,61.794260344,250.000000000,80.000000000,244451.000000000,0
uneven,2,learned-sync,1,3,8193,3,4,8,0,1,674942.806223291,646863,40.711899640,61.794260344,26.488514957,28.636890867,244451.000000000,4
uneven,2,seeded-sync,2,3,8193,3,4,8,0,1,1425625.322916667,622343,40.711899640,61.794260344,250.000000000,80.000000000,244451.000000000,0
uneven,2,learned-sync,2,3,8193,3,4,8,0,1,674942.806223291,622343,40.711899640,61.794260344,26.488514957,28.636890867,244451.000000000,4
uneven,2,seeded-sync,3,3,8193,3,4,8,0,1,1425625.322916667,598184,40.711899640,61.794260344,250.000000000,80.000000000,244451.000000000,0
uneven,2,learned-sync,3,3,8193,3,4,8,0,1,674942.806223291,598184,40.711899640,61.794260344,26.488514957,28.636890867,244451.000000000,4
uneven,2,seeded-sync,4,3,8193,3,4,8,0,1,1425625.322916667,597517,40.711899640,61.794260344,250.000000000,80.000000000,244451.000000000,0
uneven,2,learned-sync,4,3,8193,3,4,8,0,1,674942.806223291,597517,40.711899640,61.794260344,26.488514957,28.636890867,244451.000000000,4
uneven,2,seeded-sync,5,3,8193,3,4,8,0,1,1425625.322916667,786609,40.711899640,61.794260344,250.000000000,80.000000000,244451.000000000,0
uneven,2,learned-sync,5,3,8193,3,4,8,0,1,674942.806223291,786609,40.711899640,61.794260344,26.488514957,28.636890867,244451.000000000,4
uneven,2,seeded-sync,6,3,8193,3,4,8,0,1,1425625.322916667,819505,40.711899640,61.794260344,250.000000000,80.000000000,244451.000000000,0
uneven,2,learned-sync,6,3,8193,3,4,8,0,1,674942.806223291,819505,40.711899640,61.794260344,26.488514957,28.636890867,244451.000000000,4
long_chain,0,seeded-sync,0,8,200000,1,0,0,0,1,9214782.562500000,39769874,20.863702500,0.000000000,250.000000000,80.000000000,443190.000000000,0
long_chain,0,learned-sync,0,8,200000,1,0,0,0,1,36314615.536900617,39769874,20.863702500,0.000000000,1364.701454914,49.291864062,443190.000000000,4
long_chain,0,seeded-sync,1,8,200000,1,0,0,0,1,9214782.562500000,40325611,20.863702500,0.000000000,250.000000000,80.000000000,443190.000000000,0
long_chain,0,learned-sync,1,8,200000,1,0,0,0,1,36314615.536900617,40325611,20.863702500,0.000000000,1364.701454914,49.291864062,443190.000000000,4
long_chain,0,seeded-sync,2,8,200000,1,0,0,0,1,9214782.562500000,37571015,20.863702500,0.000000000,250.000000000,80.000000000,443190.000000000,0
long_chain,0,learned-sync,2,8,200000,1,0,0,0,1,36314615.536900617,37571015,20.863702500,0.000000000,1364.701454914,49.291864062,443190.000000000,4
long_chain,0,seeded-sync,3,8,200000,1,0,0,0,1,9214782.562500000,35977886,20.863702500,0.000000000,250.000000000,80.000000000,443190.000000000,0
long_chain,0,learned-sync,3,8,200000,1,0,0,0,1,36314615.536900617,35977886,20.863702500,0.000000000,1364.701454914,49.291864062,443190.000000000,4
long_chain,0,seeded-sync,4,8,200000,1,0,0,0,1,9214782.562500000,43653902,20.863702500,0.000000000,250.000000000,80.000000000,443190.000000000,0
long_chain,0,learned-sync,4,8,200000,1,0,0,0,1,36314615.536900617,43653902,20.863702500,0.000000000,1364.701454914,49.291864062,443190.000000000,4
long_chain,0,seeded-sync,5,8,200000,1,0,0,0,1,9214782.562500000,41795245,20.863702500,0.000000000,250.000000000,80.000000000,443190.000000000,0
long_chain,0,learned-sync,5,8,200000,1,0,0,0,1,36314615.536900617,41795245,20.863702500,0.000000000,1364.701454914,49.291864062,443190.000000000,4
long_chain,0,seeded-sync,6,8,200000,1,0,0,0,1,9214782.562500000,41730250,20.863702500,0.000000000,250.000000000,80.000000000,443190.000000000,0
long_chain,0,learned-sync,6,8,200000,1,0,0,0,1,36314615.536900617,41730250,20.863702500,0.000000000,1364.701454914,49.291864062,443190.000000000,4
