# callgrind format
version: 1
creator: callgrind-3.26.0
pid: 104385
cmd:  ./final_program_bench_pcsr_heavy_v1000000_e50000
part: 1


desc: I1 cache: 
desc: D1 cache: 
desc: LL cache: 

desc: Timerange: Basic block 0 - 225859204
desc: Trigger: Program termination

positions: line
events: Ir
summary: 884203668


ob=(8) /usr/lib64/libstdc++.so.6.0.34
fl=(252) /usr/src/debug/gcc-15.2.1-7.fc42.x86_64/obj-x86_64-redhat-linux/x86_64-redhat-linux/libstdc++-v3/src/c++98/numeric_members.cc
fn=(984) std::__cxx11::numpunct<wchar_t>::_M_initialize_numpunct(__locale_struct*)
183 8
+1 2
+3 2
+69 1
+1 1
-1 1
+3 2
+1 1
+1 6
-71 3
+4 1
-3 1
+3 1
+6 1
-8 1
+8 1
-2 4
+2 2
-2 3
+2 70
-2 105
+6 2
-2 2
+2 2
-2 3
+2 50
-2 76

fn=(916) std::__cxx11::numpunct<char>::_M_initialize_numpunct(__locale_struct*)
92 8
+1 2
+3 2
+68 2
+1 1
-1 1
+3 2
+1 1
+1 6
-70 3
+1 1
+1 1
+2 1
+1 2
+3 2
-1 2
+1 3
-1 3
+1 105
-1 105
+4 2
-1 4
+1 3
-1 3
+1 75
-1 76

fl=(257) /usr/src/debug/gcc-15.2.1-7.fc42.x86_64/obj-x86_64-redhat-linux/x86_64-redhat-linux/libstdc++-v3/include/x86_64-redhat-linux/bits/messages_members.h
fn=(1044) std::messages<wchar_t>::messages(unsigned long)
44 2
fi=(249) /usr/src/debug/gcc-15.2.1-7.fc42.x86_64/obj-x86_64-redhat-linux/x86_64-redhat-linux/libstdc++-v3/include/bits/locale_classes.h
436 1
fe=(257)
44 3
fi=(249)
436 3
fe=(257)
46 3
-1 1
cob=(4) ???
cfi=(184) ???
cfn=(868) 0x000000000485f640
calls=1 -45 
* 21
* 1
+1 1
cob=(4)
cfi=(184)
cfn=(860) 0x000000000485d5f0
calls=1 -46 
* 5
* 1
+1 4

fn=(938) std::__cxx11::messages<char>::messages(unsigned long)
44 2
fi=(249)
436 1
fe=(257)
44 3
fi=(249)
436 3
fe=(257)
46 3
-1 1
cob=(4)
cfi=(184)
cfn=(868)
calls=1 -45 
* 21
* 1
+1 1
cob=(4)
cfi=(184)
cfn=(860)
calls=1 -46 
* 5
* 1
+1 4

fn=(1004) std::__cxx11::messages<wchar_t>::messages(unsigned long)
44 2
fi=(249)
436 1
fe=(257)
44 3
fi=(249)
436 3
fe=(257)
46 3
-1 1
cob=(4)
cfi=(184)
cfn=(868)
calls=1 -45 
* 21
* 1
+1 1
cob=(4)
cfi=(184)
cfn=(860)
calls=1 -46 
* 5
* 1
+1 4

fn=(1028) std::messages<char>::messages(unsigned long)
44 2
fi=(249)
436 1
fe=(257)
44 3
fi=(249)
436 3
fe=(257)
46 3
-1 1
cob=(4)
cfi=(184)
cfn=(868)
calls=1 -45 
* 21
* 1
+1 1
cob=(4)
cfi=(184)
cfn=(860)
calls=1 -46 
* 5
* 1
+1 4

fl=(382) /usr/src/debug/gcc-15.2.1-7.fc42.x86_64/obj-x86_64-redhat-linux/x86_64-redhat-linux/libstdc++-v3/include/bits/shared_ptr_atomic.h
fn=(1754) std::atomic<std::shared_ptr<std::chrono::tzdb_list::_Node> >::~atomic()
631 1
fi=(394) /usr/src/debug/gcc-15.2.1-7.fc42.x86_64/obj-x86_64-redhat-linux/x86_64-redhat-linux/libstdc++-v3/include/bits/atomic_base.h
501 1
fe=(382)
-76 2
+1 3

fl=(287) /usr/src/debug/gcc-15.2.1-7.fc42.x86_64/obj-x86_64-redhat-linux/x86_64-redhat-linux/libstdc++-v3/src/c++11/../../../../../libstdc++-v3/src/c++11/future.cc
fn=(1140) std::future_category()
89 3

fl=(239) /usr/src/debug/gcc-15.2.1-7.fc42.x86_64/obj-x86_64-redhat-linux/x86_64-redhat-linux/libstdc++-v3/src/c++98/../../../../../libstdc++-v3/src/c++98/ios_init.cc
fn=(844) std::ios_base::Init::Init()
78 7
fi=(240) /usr/src/debug/gcc-15.2.1-7.fc42.x86_64/obj-x86_64-redhat-linux/x86_64-redhat-linux/libstdc++-v3/include/ext/atomicity.h
+22 1
-14 1
+14 2
-14 1
+1 2
fe=(239)
-7 3
fi=(389) /usr/src/debug/gcc-15.2.1-7.fc42.x86_64/obj-x86_64-redhat-linux/x86_64-redhat-linux/libstdc++-v3/include/streambuf
475 2
-1 1
+1 22
fe=(239)
83 1
fi=(389)
475 1
fe=(239)
83 1
+2 1
fi=(389)
475 1
fe=(239)
85 1
fi=(389)
475 1
cob=(4)
cfi=(184)
cfn=(848) 0x000000000485daf0
calls=1 0 
* 37243
fi=(272) /usr/src/debug/gcc-15.2.1-7.fc42.x86_64/obj-x86_64-redhat-linux/x86_64-redhat-linux/libstdc++-v3/include/ext/stdio_sync_filebuf.h
83 1
fi=(389)
475 3
fi=(272)
83 2
fe=(239)
+3 1
fi=(389)
475 1
fi=(272)
83 1
fe=(239)
+3 1
fi=(389)
475 2
fi=(272)
83 1
fi=(389)
474 1
+1 1
cob=(4)
cfi=(184)
cfn=(848)
calls=1 0 
* 27
fe=(239)
87 1
fi=(389)
475 5
fi=(272)
83 2
fe=(239)
+4 1
fi=(389)
475 1
fi=(272)
83 1
fi=(389)
474 1
+1 1
cob=(4)
cfi=(184)
cfn=(848)
calls=1 0 
* 27
fi=(273) /usr/src/debug/gcc-15.2.1-7.fc42.x86_64/obj-x86_64-redhat-linux/x86_64-redhat-linux/libstdc++-v3/include/bits/basic_ios.h
+2 1
fi=(272)
83 3
fi=(273)
477 3
cob=(4)
cfi=(184)
cfn=(1054) 0x000000000485d510
calls=1 0 
* 89
-1 1
fi=(279) /usr/src/debug/gcc-15.2.1-7.fc42.x86_64/obj-x86_64-redhat-linux/x86_64-redhat-linux/libstdc++-v3/include/bits/ostream.h
93 2
fi=(273)
477 1
-1 1
fi=(279)
93 1
fi=(273)
476 1
+1 2
fi=(279)
93 2
cob=(4)
cfi=(184)
cfn=(1060) 0x000000000485f960
calls=1 -93 
* 975
fi=(273)
477 4
cob=(4)
cfi=(184)
cfn=(1054)
calls=1 0 
* 89
* 1
-1 1
fi=(280) /usr/src/debug/gcc-15.2.1-7.fc42.x86_64/obj-x86_64-redhat-linux/x86_64-redhat-linux/libstdc++-v3/include/istream
99 1
-1 1
+1 1
fi=(273)
476 2
fi=(280)
98 5
fi=(273)
477 2
fi=(280)
99 1
cob=(4)
cfi=(184)
cfn=(1060)
calls=1 -99 
* 163
fi=(273)
477 3
cob=(4)
cfi=(184)
cfn=(1054)
calls=1 0 
* 89
* 1
-1 1
fi=(279)
93 3
fi=(273)
476 2
+1 2
fi=(279)
93 2
cob=(4)
cfi=(184)
cfn=(1060)
calls=1 -93 
* 163
fi=(273)
477 4
cob=(4)
cfi=(184)
cfn=(1054)
calls=1 0 
* 89
fi=(279)
93 1
fi=(273)
477 1
-1 1
fi=(279)
93 2
fi=(273)
476 2
+1 2
fi=(279)
93 2
cob=(4)
cfi=(184)
cfn=(1060)
calls=1 -93 
* 163
fe=(239)
+9 1
fi=(389)
475 3
fi=(273)
325 2
fe=(239)
102 1
fi=(275) /usr/src/debug/gcc-15.2.1-7.fc42.x86_64/obj-x86_64-redhat-linux/x86_64-redhat-linux/libstdc++-v3/include/bits/ios_base.h
+5 1
fi=(389)
475 3
-1 1
+1 1
cob=(4)
cfi=(184)
cfn=(848)
calls=1 0 
* 27
fi=(272)
83 1
fi=(389)
475 3
fi=(272)
83 2
fe=(239)
+20 1
fi=(389)
475 1
fi=(272)
83 1
fe=(239)
+20 1
fi=(389)
475 2
fi=(272)
83 1
fi=(389)
474 1
+1 1
cob=(4)
cfi=(184)
cfn=(848)
calls=1 0 
* 27
fe=(239)
104 1
fi=(389)
475 5
fi=(272)
83 2
fe=(239)
+21 1
fi=(389)
475 1
fi=(272)
83 1
fi=(389)
474 1
+1 1
cob=(4)
cfi=(184)
cfn=(848)
calls=1 0 
* 27
fi=(273)
+2 1
fi=(272)
83 3
fi=(273)
477 3
cob=(4)
cfi=(184)
cfn=(1054)
calls=1 0 
* 89
fi=(279)
93 1
fi=(273)
477 1
fi=(279)
93 2
fi=(273)
476 3
+1 2
fi=(279)
93 2
cob=(4)
cfi=(184)
cfn=(1096) 0x000000000485edd0
calls=1 -93 
* 167
fi=(273)
477 4
cob=(4)
cfi=(184)
cfn=(1054)
calls=1 0 
* 89
fi=(280)
98 1
fi=(273)
477 1
fi=(280)
99 1
fi=(273)
476 1
fi=(280)
99 1
fi=(273)
476 1
fi=(280)
98 2
fi=(273)
476 1
fi=(280)
98 3
fi=(273)
477 2
fi=(280)
99 1
cob=(4)
cfi=(184)
cfn=(1096)
calls=1 -99 
* 167
fi=(273)
477 3
cob=(4)
cfi=(184)
cfn=(1054)
calls=1 0 
* 89
fi=(279)
93 1
fi=(273)
477 1
fi=(279)
93 2
fi=(273)
476 3
+1 2
fi=(279)
93 2
cob=(4)
cfi=(184)
cfn=(1096)
calls=1 -93 
* 167
fi=(273)
477 4
cob=(4)
cfi=(184)
cfn=(1054)
calls=1 0 
* 89
fi=(279)
93 2
fi=(273)
477 1
fi=(279)
93 1
fi=(273)
476 3
+1 2
fi=(279)
93 2
cob=(4)
cfi=(184)
cfn=(1096)
calls=1 -93 
* 167
fi=(240)
+17 1
fi=(275)
-3 1
fi=(273)
325 2
fi=(240)
110 2
-16 1
fe=(239)
+27 7

fn=(1756) std::ios_base::Init::~Init()
123 1
fi=(240)
-69 1
+32 1
+14 2
-32 2
fe=(239)
+59 2
-4 1
+11 2
cob=(4)
cfi=(184)
cfn=(1760) 0x000000000485eb20
calls=1 0 
* 315
+1 2
cob=(4)
cfi=(184)
cfn=(1760)
calls=1 0 
* 405
+1 2
cob=(4)
cfi=(184)
cfn=(1760)
calls=1 0 
* 134
+3 2
cob=(4)
cfi=(184)
cfn=(1798) 0x000000000485fc10
calls=1 0 
* 134
+1 2
cob=(4)
cfi=(184)
cfn=(1798)
calls=1 0 
* 405
+1 2
cob=(4)
cfi=(184)
cfn=(1798)
calls=1 0 
* 134
+6 2

fl=(255) /usr/src/debug/gcc-15.2.1-7.fc42.x86_64/obj-x86_64-redhat-linux/x86_64-redhat-linux/libstdc++-v3/include/x86_64-redhat-linux/bits/time_members.h
fn=(996) std::__timepunct<wchar_t>::__timepunct(std::__timepunct_cache<wchar_t>*, unsigned long)
48 2
fi=(249)
436 1
fe=(255)
49 1
-1 3
fi=(249)
436 1
fe=(255)
49 1
fi=(249)
436 2
fe=(255)
50 4
cob=(4)
cfi=(184)
cfn=(860)
calls=1 -50 
* 5
+1 2
-1 1
+1 1
cob=(4)
cfi=(184)
cfn=(998) 0x000000000485e540
calls=1 -51 
* 151
* 4

fn=(930) std::__timepunct<char>::__timepunct(std::__timepunct_cache<char>*, unsigned long)
48 2
fi=(249)
436 1
fe=(255)
49 1
-1 3
fi=(249)
436 1
fe=(255)
49 1
fi=(249)
436 2
fe=(255)
50 4
cob=(4)
cfi=(184)
cfn=(860)
calls=1 -50 
* 5
+1 2
-1 1
+1 1
cob=(4)
cfi=(184)
cfn=(932) 0x000000000485f150
calls=1 -51 
* 154
* 4

fl=(256) /usr/src/debug/gcc-15.2.1-7.fc42.x86_64/obj-x86_64-redhat-linux/x86_64-redhat-linux/libstdc++-v3/src/c++98/time_members.cc
fn=(1000) std::__timepunct<wchar_t>::_M_initialize_timepunct(__locale_struct*)
222 5
+1 2
+3 2
396 8
229 1
cob=(4)
cfi=(184)
cfn=(868)
calls=1 0 
* 21
+2 3
-2 1
+2 18
+54 1
-54 59
+54 1
-54 24
396 3

fn=(934) std::__timepunct<char>::_M_initialize_timepunct(__locale_struct*)
66 6
+1 2
+3 2
192 9
73 1
cob=(4)
cfi=(184)
cfn=(868)
calls=1 -73 
* 21
+2 3
-2 1
+2 19
+54 1
-54 63
+54 1
-54 19
192 4

fl=(295) /usr/src/debug/gcc-15.2.1-7.fc42.x86_64/obj-x86_64-redhat-linux/x86_64-redhat-linux/libstdc++-v3/src/c++11/../../../../../libstdc++-v3/src/c++11/locale-inst.cc
fn=(1176) _GLOBAL__sub_I_locale_inst.cc
160 1
fi=(251) /usr/src/debug/gcc-15.2.1-7.fc42.x86_64/obj-x86_64-redhat-linux/x86_64-redhat-linux/libstdc++-v3/include/bits/locale_facets.h
2310 4
2603 4
fi=(253) /usr/src/debug/gcc-15.2.1-7.fc42.x86_64/obj-x86_64-redhat-linux/x86_64-redhat-linux/libstdc++-v3/include/bits/locale_facets_nonio.h
1653 4
1818 4
1415 8
fi=(251)
1893 4
fi=(253)
328 4
929 4
796 4
2024 4
fi=(249)
838 4
fe=(295)
160 1

fn=(1184) _GLOBAL__sub_I_wlocale_inst.cc
160 1
fi=(251)
2310 4
2603 4
fi=(253)
1653 4
1818 4
1415 8
fi=(251)
1893 4
fi=(253)
328 4
929 4
796 4
2024 4
fi=(249)
838 4
fe=(295)
160 1

fn=(1160) _GLOBAL__sub_I_cxx11_locale_inst.cc
160 1
fi=(253)
1653 4
1818 4
1415 8
fi=(251)
1893 4
fi=(253)
796 4
2024 4
fi=(249)
838 4
fe=(295)
160 1

fn=(1168) _GLOBAL__sub_I_cxx11_wlocale_inst.cc
160 1
fi=(253)
1653 4
1818 4
1415 8
fi=(251)
1893 4
fi=(253)
796 4
2024 4
fi=(249)
838 4
fe=(295)
160 1

fl=(294) /usr/src/debug/gcc-15.2.1-7.fc42.x86_64/obj-x86_64-redhat-linux/x86_64-redhat-linux/libstdc++-v3/src/c++98/../../../../../libstdc++-v3/src/c++98/parallel_settings.cc
fn=(1158) _GLOBAL__sub_I_parallel_settings.cc
42 1
fi=(395) /usr/src/debug/gcc-15.2.1-7.fc42.x86_64/obj-x86_64-redhat-linux/x86_64-redhat-linux/libstdc++-v3/include/parallel/settings.h
290 1
+10 1
+3 1
-5 1
-9 1
+1 3
+13 2
-13 1
+10 1
+2 1
-2 1
+9 1
-9 1
+3 1
+8 1
+3 1
+3 1
+5 3
+8 1
-28 1
-13 1
+41 2
-41 3
+39 1
+2 2
-2 1
-39 1
+27 1
-27 1
+14 1
+27 1
+6 1
+2 1
+2 1
-4 1
+2 1
fe=(294)
42 1

fl=(250) /usr/src/debug/gcc-15.2.1-7.fc42.x86_64/obj-x86_64-redhat-linux/x86_64-redhat-linux/libstdc++-v3/src/c++98/../../../../../libstdc++-v3/src/c++98/codecvt.cc
fn=(910) std::codecvt<char, char, __mbstate_t>::codecvt(unsigned long)
38 2
fi=(249)
436 1
fe=(250)
38 3
fi=(249)
436 3
fe=(250)
41 4
cob=(4)
cfi=(184)
cfn=(868)
calls=1 -41 
* 21
* 1
+1 4

fn=(980) std::codecvt<wchar_t, char, __mbstate_t>::codecvt(unsigned long)
118 2
fi=(249)
436 1
fe=(250)
118 3
fi=(249)
436 3
fe=(250)
121 4
cob=(4)
cfi=(184)
cfn=(868)
calls=1 0 
* 21
* 1
+1 4

fl=(272)
fn=(1768) __gnu_cxx::stdio_sync_filebuf<char, std::char_traits<char> >::sync()
193 5
+1 10
cob=(4)
cfi=(184)
cfn=(1770) 0x0000000004860790
calls=5 0 
* 566

fn=(1806) __gnu_cxx::stdio_sync_filebuf<wchar_t, std::char_traits<wchar_t> >::sync()
193 5
+1 10
cob=(4)
cfi=(184)
cfn=(1770)
calls=5 0 
* 385

fl=(386) /usr/src/debug/gcc-15.2.1-7.fc42.x86_64/obj-x86_64-redhat-linux/x86_64-redhat-linux/libstdc++-v3/libsupc++/../../../../libstdc++-v3/libsupc++/eh_catch.cc
fn=(1788) std::uncaught_exception()
138 4
+2 2
cob=(4)
cfi=(184)
cfn=(1790) 0x000000000485f110
calls=2 0 
* 24
+1 6
+4 4

fl=(269) /usr/src/debug/gcc-15.2.1-7.fc42.x86_64/obj-x86_64-redhat-linux/x86_64-redhat-linux/libstdc++-v3/src/c++11/../../../../../libstdc++-v3/src/c++11/cow-locale_init.cc
fn=(1008) std::locale::_Impl::_M_init_extra(std::locale::facet**)
100 9
fi=(251)
1720 1
fe=(269)
100 1
fi=(251)
1719 1
fe=(269)
101 1
+1 1
+1 1
fi=(251)
1720 1
fi=(249)
436 1
fi=(251)
1719 3
+1 1
cob=(4)
cfi=(184)
cfn=(1010) 0x000000000485d950
calls=1 0 
* 418
fi=(240)
54 1
+56 2
-16 1
fi=(249)
659 4
cob=(4)
cfi=(184)
cfn=(900) 0x000000000485da10
calls=1 0 
* 17
* 3
+56 1
436 1
715 3
cob=(4)
cfi=(184)
cfn=(868)
calls=1 0 
* 21
* 1
fi=(240)
110 2
-16 1
fi=(249)
659 4
cob=(4)
cfi=(184)
cfn=(900)
calls=1 0 
* 17
* 1
fi=(253)
1108 1
fi=(249)
659 1
fi=(253)
1108 1
fi=(249)
659 1
fi=(253)
1107 1
+1 1
fi=(249)
436 1
fi=(253)
1107 3
+1 1
cob=(4)
cfi=(184)
cfn=(1018) 0x000000000485cc40
calls=1 0 
* 115
fi=(240)
110 2
-16 1
fi=(249)
659 4
cob=(4)
cfi=(184)
cfn=(900)
calls=1 0 
* 17
* 2
fi=(253)
1108 1
fi=(249)
659 1
fi=(253)
1107 1
+1 2
fi=(249)
436 1
fi=(253)
1107 3
+1 1
cob=(4)
cfi=(184)
cfn=(1022) 0x0000000004860300
calls=1 0 
* 117
fi=(240)
110 2
-16 1
fi=(249)
659 4
cob=(4)
cfi=(184)
cfn=(900)
calls=1 0 
* 17
* 3
fi=(253)
1530 1
fi=(249)
436 1
fi=(253)
1530 2
fi=(240)
110 2
-16 1
fi=(249)
659 4
cob=(4)
cfi=(184)
cfn=(900)
calls=1 0 
* 17
* 3
fi=(253)
1690 1
fi=(249)
436 1
fi=(253)
1690 2
fi=(240)
110 2
-16 1
fi=(249)
659 4
cob=(4)
cfi=(184)
cfn=(900)
calls=1 0 
* 17
* 3
fi=(253)
422 1
fi=(249)
+14 1
fi=(253)
-14 2
fi=(240)
110 2
-16 1
fi=(249)
659 4
cob=(4)
cfi=(184)
cfn=(900)
calls=1 0 
* 17
* 2
fe=(269)
112 1
fi=(249)
659 1
fe=(269)
112 2
cob=(4)
cfi=(184)
cfn=(1026) 0x00000000048607f0
calls=1 0 
* 48
fi=(240)
-2 2
-16 1
fi=(249)
659 4
cob=(4)
cfi=(184)
cfn=(900)
calls=1 0 
* 17
* 1
fi=(251)
1720 1
fi=(249)
659 1
fi=(251)
1720 1
fi=(249)
659 1
fe=(269)
115 1
fi=(249)
436 1
fe=(269)
114 1
+1 1
fi=(251)
1719 1
fe=(269)
114 1
+2 1
fi=(251)
1719 3
+1 1
cob=(4)
cfi=(184)
cfn=(1030) 0x000000000485e2d0
calls=1 0 
* 354
fi=(240)
110 2
-16 1
fi=(249)
659 4
cob=(4)
cfi=(184)
cfn=(900)
calls=1 0 
* 17
* 3
+56 1
436 1
715 3
cob=(4)
cfi=(184)
cfn=(868)
calls=1 0 
* 21
* 1
fi=(240)
110 2
-16 1
fi=(249)
659 4
cob=(4)
cfi=(184)
cfn=(900)
calls=1 0 
* 17
* 1
fi=(253)
1108 1
fi=(249)
659 1
fi=(253)
1108 1
fi=(249)
659 1
fi=(253)
1107 1
+1 1
fi=(249)
436 1
fi=(253)
1107 4
+1 1
cob=(4)
cfi=(184)
cfn=(1034) 0x000000000485e940
calls=1 0 
* 105
fi=(240)
110 2
-16 1
fi=(249)
659 4
cob=(4)
cfi=(184)
cfn=(900)
calls=1 0 
* 17
* 2
fi=(253)
1108 1
fi=(249)
659 1
fi=(253)
1107 1
+1 2
fi=(249)
436 1
fi=(253)
1107 3
+1 1
cob=(4)
cfi=(184)
cfn=(1038) 0x000000000485f4f0
calls=1 0 
* 105
fi=(240)
110 2
-16 1
fi=(249)
659 4
cob=(4)
cfi=(184)
cfn=(900)
calls=1 0 
* 17
* 3
fi=(253)
1530 1
fi=(249)
436 1
fi=(253)
1530 2
fi=(240)
110 2
-16 1
fi=(249)
659 4
cob=(4)
cfi=(184)
cfn=(900)
calls=1 0 
* 17
* 3
fi=(253)
1690 1
fi=(249)
436 1
fi=(253)
1690 2
fi=(240)
110 2
-16 1
fi=(249)
659 4
cob=(4)
cfi=(184)
cfn=(900)
calls=1 0 
* 17
* 3
fi=(253)
422 1
fi=(249)
+14 1
fi=(253)
-14 2
fi=(240)
110 2
-16 1
fi=(249)
659 4
cob=(4)
cfi=(184)
cfn=(900)
calls=1 0 
* 17
* 2
fe=(269)
125 1
fi=(249)
659 1
fe=(269)
125 2
cob=(4)
cfi=(184)
cfn=(1042) 0x000000000485eef0
calls=1 0 
* 48
fi=(240)
-15 2
-16 1
fi=(249)
659 3
cob=(4)
cfi=(184)
cfn=(900)
calls=1 0 
* 17
* 1
fe=(269)
129 1
fi=(249)
659 1
fe=(269)
129 2
cob=(4)
cfi=(184)
cfn=(900)
calls=1 0 
* 8
+1 1
-1 1
+1 2
cob=(4)
cfi=(184)
cfn=(900)
calls=1 0 
* 8
+1 1
-1 1
+1 2
cob=(4)
cfi=(184)
cfn=(900)
calls=1 0 
* 8
+2 1
-2 1
+2 2
cob=(4)
cfi=(184)
cfn=(900)
calls=1 0 
* 8
* 1
+1 1
-1 1
+1 2
cob=(4)
cfi=(184)
cfn=(900)
calls=1 0 
* 8
* 1
+1 2
-1 1
+1 1
cob=(4)
cfi=(184)
cfn=(900)
calls=1 0 
* 8
* 1
+2 8

fl=(246) /usr/src/debug/gcc-15.2.1-7.fc42.x86_64/obj-x86_64-redhat-linux/x86_64-redhat-linux/libstdc++-v3/src/c++98/c++locale.cc
fn=(884) std::locale::facet::_S_create_c_locale(__locale_struct*&, char const*, __locale_struct*)
134 3
+1 2
cob=(4)
cfi=(184)
cfn=(886) 0x000000000485e6d0
calls=1 0 
* 40
* 1
+1 2
+6 2

fl=(355) /usr/src/debug/gcc-15.2.1-7.fc42.x86_64/obj-x86_64-redhat-linux/x86_64-redhat-linux/libstdc++-v3/libsupc++/../../../../libstdc++-v3/libsupc++/new_opv.cc
fn=(1552) operator new[](unsigned long)
31 12
+1 12
cob=(4)
cfi=(184)
cfn=(1554) 0x000000000485cec0
calls=12 -32 
* 3228

fl=(274) /usr/src/debug/gcc-15.2.1-7.fc42.x86_64/obj-x86_64-redhat-linux/x86_64-redhat-linux/libstdc++-v3/src/c++11/../../../../../libstdc++-v3/src/c++11/ios.cc
fn=(1056) std::ios_base::ios_base()
76 8
+3 8
-2 8
+2 8
-2 8
+1 8
fi=(275)
640 16
fe=(274)
79 24
-2 8
+1 32
fi=(275)
640 8
fe=(274)
79 8
fi=(275)
640 8
fe=(274)
79 16
fi=(275)
640 56
fe=(274)
79 56
fi=(275)
640 56
fe=(274)
79 144
cob=(4)
cfi=(184)
cfn=(848)
calls=8 -79 
* 216

fl=(277) /usr/src/debug/gcc-15.2.1-7.fc42.x86_64/obj-x86_64-redhat-linux/x86_64-redhat-linux/libstdc++-v3/src/c++98/../../../../../libstdc++-v3/src/c++98/ios_locale.cc
fn=(1066) std::ios_base::_M_init()
39 40
+4 8
-2 8
+3 8
-3 8
+3 16
cob=(4)
cfi=(184)
cfn=(848)
calls=8 -44 
* 216
* 24
cob=(4)
cfi=(184)
cfn=(1068) 0x000000000485ec40
calls=8 -44 
* 128
* 16
cob=(4)
cfi=(184)
cfn=(1072) 0x000000000485f130
calls=8 -44 
* 64
+1 32

fl=(350) /usr/src/debug/gcc-15.2.1-7.fc42.x86_64/obj-x86_64-redhat-linux/x86_64-redhat-linux/libstdc++-v3/libsupc++/../../../../libstdc++-v3/libsupc++/del_ops.cc
fn=(1464) operator delete(void*, unsigned long)
32 22
+1 22
cob=(4)
cfi=(184)
cfn=(1466) 0x000000000485d640
calls=22 -33 
* 2340

fl=(383) /usr/src/debug/gcc-15.2.1-7.fc42.x86_64/obj-x86_64-redhat-linux/x86_64-redhat-linux/libstdc++-v3/include/bits/ostream.tcc
fn=(1804) std::basic_ostream<wchar_t, std::char_traits<wchar_t> >::sentry::sentry(std::basic_ostream<wchar_t, std::char_traits<wchar_t> >&)
50 3
+5 3
-3 3
-2 3
+2 3
+3 6
fi=(273)
311 3
147 3
fe=(383)
-92 8
-5 1
+6 4
cob=(4)
cfi=(184)
cfn=(1799) 0x000000000485fc10'2
calls=1 -56 
* 134
+2 4
fi=(273)
+89 1
fe=(383)
-89 3
+1 1
+3 2
-4 4
+1 4

fn=(1805) std::basic_ostream<wchar_t, std::char_traits<wchar_t> >::sentry::sentry(std::basic_ostream<wchar_t, std::char_traits<wchar_t> >&)'2
50 1
+5 1
-3 1
-2 1
+2 1
+3 2
fi=(273)
311 1
147 1
fe=(383)
-92 2
+3 2
+1 2

fn=(1762) std::ostream::flush()
225 18
+8 3
fi=(273)
338 3
fe=(383)
233 6
+2 12
cob=(4)
cfi=(184)
cfn=(1764) 0x0000000004860620
calls=3 0 
* 199
+1 6
+5 3
fi=(273)
+97 6
fi=(389)
-58 6
cfi=(272)
cfn=(1768)
calls=3 -87 
* 421
fe=(383)
-39 6
fi=(279)
577 12
+1 6
-1 3
+1 2
cob=(4)
cfi=(184)
cfn=(1786) 0x000000000485dba0
calls=1 0 
* 22
* 2
-63 1
fi=(273)
338 1
fi=(279)
515 1
+1 1
+69 2
fi=(389)
280 2
cfi=(272)
cfn=(1768)
calls=1 -87 
* 80
fi=(279)
585 2
-66 4
fe=(383)
256 18

fn=(1763) std::ostream::flush()'2
225 6
+8 1
fi=(273)
338 1
fe=(383)
233 2
+2 4
cob=(4)
cfi=(184)
cfn=(1765) 0x0000000004860620'2
calls=1 0 
* 17
+1 2
+5 1
fi=(273)
+97 2
fi=(389)
-58 2
cfi=(272)
cfn=(1768)
calls=1 -87 
* 80
fe=(383)
-39 2
fi=(279)
577 4
+1 2
fe=(383)
256 6

fn=(1766) std::ostream::sentry::sentry(std::ostream&)
50 3
+5 3
-3 3
-2 3
+2 3
+3 6
fi=(273)
311 3
147 3
fe=(383)
-92 8
-5 1
+6 4
cob=(4)
cfi=(184)
cfn=(1761) 0x000000000485eb20'2
calls=1 -56 
* 134
+2 4
fi=(273)
+89 1
fe=(383)
-89 3
+1 1
+3 2
-4 4
+1 4

fn=(1767) std::ostream::sentry::sentry(std::ostream&)'2
50 1
+5 1
-3 1
-2 1
+2 1
+3 2
fi=(273)
311 1
147 1
fe=(383)
-92 2
+3 2
+1 2

fn=(1800) std::basic_ostream<wchar_t, std::char_traits<wchar_t> >::flush()
225 18
+8 3
fi=(273)
338 3
fe=(383)
233 6
+2 12
cob=(4)
cfi=(184)
cfn=(1802) 0x000000000485e580
calls=3 0 
* 199
+1 6
+5 3
fi=(273)
+97 6
fi=(389)
-58 6
cfi=(272)
cfn=(1806)
calls=3 -87 
* 240
fe=(383)
-39 6
fi=(279)
577 12
+1 6
-1 3
+1 2
cob=(4)
cfi=(184)
cfn=(1786)
calls=1 0 
* 22
* 2
-63 1
fi=(273)
338 1
fi=(279)
515 1
+1 1
+69 2
fi=(389)
280 2
cfi=(272)
cfn=(1806)
calls=1 -87 
* 80
fi=(279)
585 2
-66 4
fe=(383)
256 18

fn=(1801) std::basic_ostream<wchar_t, std::char_traits<wchar_t> >::flush()'2
225 6
+8 1
fi=(273)
338 1
fe=(383)
233 2
+2 4
cob=(4)
cfi=(184)
cfn=(1803) 0x000000000485e580'2
calls=1 0 
* 17
+1 2
+5 1
fi=(273)
+97 2
fi=(389)
-58 2
cfi=(272)
cfn=(1806)
calls=1 -87 
* 80
fe=(383)
-39 2
fi=(279)
577 4
+1 2
fe=(383)
256 6

fl=(276) /usr/src/debug/gcc-15.2.1-7.fc42.x86_64/obj-x86_64-redhat-linux/x86_64-redhat-linux/libstdc++-v3/include/bits/basic_ios.tcc
fn=(1080) std::basic_ios<char, std::char_traits<char> >::_M_cache_locale(std::locale const&)
169 24
fi=(278) /usr/src/debug/gcc-15.2.1-7.fc42.x86_64/obj-x86_64-redhat-linux/x86_64-redhat-linux/libstdc++-v3/include/bits/locale_classes.tcc
-50 8
cob=(4)
cfi=(184)
cfn=(900)
calls=4 0 
* 32
* 8
+1 4
+8 4
fe=(276)
+43 8
fi=(278)
-52 4
cob=(4)
cfi=(184)
cfn=(900)
calls=4 0 
* 32
* 8
+1 4
+10 4
fe=(276)
+42 8
fi=(278)
-53 4
cob=(4)
cfi=(184)
cfn=(900)
calls=4 0 
* 32
* 4
+1 4
+9 4
fe=(276)
+44 8
+1 16

fn=(1102) std::basic_ios<wchar_t, std::char_traits<wchar_t> >::_M_cache_locale(std::locale const&)
169 24
fi=(278)
-50 8
cob=(4)
cfi=(184)
cfn=(900)
calls=4 0 
* 32
* 8
+1 4
+23 4
fe=(276)
+28 8
fi=(278)
-52 4
cob=(4)
cfi=(184)
cfn=(900)
calls=4 0 
* 32
* 8
+1 4
+25 4
fe=(276)
+27 8
fi=(278)
-53 4
cob=(4)
cfi=(184)
cfn=(900)
calls=4 0 
* 32
* 4
+1 4
+24 4
fe=(276)
+29 8
+1 16

fn=(1098) std::basic_ios<wchar_t, std::char_traits<wchar_t> >::init(std::basic_streambuf<wchar_t, std::char_traits<wchar_t> >*)
131 24
+3 4
cob=(4)
cfi=(184)
cfn=(1064) 0x000000000485fa00
calls=4 0 
* 292
+3 12
cob=(4)
cfi=(184)
cfn=(1100) 0x0000000004860530
calls=4 0 
* 228
+16 16
fi=(251)
299 12
cfi=(259) /usr/src/debug/gcc-15.2.1-7.fc42.x86_64/obj-x86_64-redhat-linux/x86_64-redhat-linux/libstdc++-v3/src/c++11/ctype_members.cc
cfn=(1108) std::ctype<wchar_t>::do_widen(char) const
calls=4 -94 
* 16
fe=(276)
155 8
+1 4
+8 12
-2 4
-1 4
+2 4
+1 4
+1 16

fn=(1062) std::basic_ios<char, std::char_traits<char> >::init(std::basic_streambuf<char, std::char_traits<char> >*)
131 24
+3 4
cob=(4)
cfi=(184)
cfn=(1064)
calls=4 0 
* 292
+3 12
cob=(4)
cfi=(184)
cfn=(1078) 0x000000000485fbb0
calls=4 0 
* 228
+16 16
fi=(251)
884 8
+1 3
fe=(276)
155 6
+1 3
+8 9
-2 3
-1 3
+2 3
+1 3
+1 12
-10 2
+1 1
+8 3
-2 1
-1 1
+2 1
+1 1
+1 4
fi=(251)
886 2
cob=(4)
cfi=(184)
cfn=(1086) 0x000000000485e200
calls=1 0 
* 805
+1 6
fe=(276)

fl=(282) /usr/src/debug/gcc-15.2.1-7.fc42.x86_64/obj-x86_64-redhat-linux/x86_64-redhat-linux/libstdc++-v3/src/c++20/../../../../../libstdc++-v3/src/c++20/tzdb.cc
fn=(1120) _GLOBAL__sub_I.00098_tzdb.cc
2174 1
198 4
cob=(4)
cfi=(184)
cfn=(1112) 0x000000000485d820
calls=1 0 
* 78

fl=(291) /usr/src/debug/gcc-15.2.1-7.fc42.x86_64/obj-x86_64-redhat-linux/x86_64-redhat-linux/libstdc++-v3/src/c++98/../../../../../libstdc++-v3/src/c++98/bitmap_allocator.cc
fn=(1152) _GLOBAL__sub_I_bitmap_allocator.cc
127 1
fi=(292) /usr/src/debug/gcc-15.2.1-7.fc42.x86_64/obj-x86_64-redhat-linux/x86_64-redhat-linux/libstdc++-v3/include/ext/bitmap_allocator.h
1113 4
106 5
1126 3
+5 3
fi=(293) /usr/src/debug/gcc-15.2.1-7.fc42.x86_64/obj-x86_64-redhat-linux/x86_64-redhat-linux/libstdc++-v3/include/ext/concurrence.h
134 1
fi=(292)
1131 1
fi=(293)
134 13
fi=(292)
1113 4
106 5
1126 3
+5 3
fi=(293)
134 1
fi=(292)
1131 1
fi=(293)
134 13
fe=(291)
-7 1
fi=(292)
1126 1
412 2
+9 1
-9 1
+10 1
1126 1
412 2
+9 1
-9 1
+10 1
fe=(291)

fl=(270) /usr/src/debug/gcc-15.2.1-7.fc42.x86_64/obj-x86_64-redhat-linux/x86_64-redhat-linux/libstdc++-v3/src/c++98/numeric_members_cow.cc
fn=(1012) std::numpunct<char>::_M_initialize_numpunct(__locale_struct*)
92 8
+1 2
+3 2
+68 2
+1 1
-1 1
+3 2
+1 1
+1 6
-70 3
+1 1
+1 1
+2 1
+1 2
+3 2
-1 2
+1 3
-1 3
+1 105
-1 105
+4 2
-1 4
+1 3
-1 3
+1 75
-1 76

fn=(1032) std::numpunct<wchar_t>::_M_initialize_numpunct(__locale_struct*)
183 8
+1 2
+3 2
+69 1
+1 1
-1 1
+3 2
+1 1
+1 6
-71 3
+4 1
-3 1
+3 1
+6 1
-8 1
+8 1
-2 4
+2 2
-2 3
+2 70
-2 105
+6 2
-2 2
+2 2
-2 3
+2 50
-2 76

fl=(271) /usr/src/debug/gcc-15.2.1-7.fc42.x86_64/obj-x86_64-redhat-linux/x86_64-redhat-linux/libstdc++-v3/src/c++98/monetary_members_cow.cc
fn=(1024) std::moneypunct<char, true>::_M_initialize_moneypunct(__locale_struct*, char const*)
216 10
+1 2
+3 2
+3 1
+12 1
-10 1
-2 1
+1 1
+11 1
-11 1
+1 2
+1 1
+1 1
+1 1
+1 1
+1 1
+1 1
+1 1
+1 1
+1 1
+1 1
+1 2
+3 2
-1 4
+1 3
-1 3
+1 30
-1 30
366 8

fn=(1036) std::moneypunct<wchar_t, false>::_M_initialize_moneypunct(__locale_struct*, char const*)
741 10
+1 2
+3 2
+3 2
+5 1
-3 1
-2 1
+12 1
-7 1
+7 1
-5 1
+2 1
+3 1
-10 1
+1 1
+1 1
+2 1
+2 1
+2 1
+1 1
+2 2
+5 1
-1 1
+1 1
-2 3
+2 2
-2 3
+2 20
-2 30
914 8

fn=(1020) std::moneypunct<char, false>::_M_initialize_moneypunct(__locale_struct*, char const*)
372 10
+1 2
+3 2
+3 1
+12 1
-10 1
-2 1
+1 1
+11 1
-11 1
+1 2
+1 1
+1 1
+1 1
+1 1
+1 1
+1 1
+1 1
+1 1
+1 1
+1 1
+1 2
+3 2
-1 2
+1 3
-1 3
+1 30
-1 30
517 8

fn=(1040) std::moneypunct<wchar_t, true>::_M_initialize_moneypunct(__locale_struct*, char const*)
558 10
+1 2
+3 2
+3 2
+5 1
-3 1
-2 1
+12 1
-7 1
+7 1
-5 1
+2 1
+3 1
-10 1
+1 1
+1 1
+2 1
+2 1
+2 1
+1 1
+2 2
+5 1
-1 1
+1 1
-2 3
+2 2
-2 3
+2 20
-2 30
731 8

fl=(288) /usr/src/debug/gcc-15.2.1-7.fc42.x86_64/obj-x86_64-redhat-linux/x86_64-redhat-linux/libstdc++-v3/libsupc++/../../../../libstdc++-v3/libsupc++/eh_alloc.cc
fn=(1142) _GLOBAL__sub_I_eh_alloc.cc
456 2
fi=(293)
134 1
fe=(288)
+61 1
456 5
fi=(293)
134 2
fe=(288)
+53 1
fi=(293)
-53 1
fe=(288)
+53 2
+8 1
cob=(4)
cfi=(184)
cfn=(1144) 0x000000000485dee0
calls=1 0 
* 1111
fi=(289) /usr/src/debug/gcc-15.2.1-7.fc42.x86_64/obj-x86_64-redhat-linux/x86_64-redhat-linux/libstdc++-v3/include/bits/stl_pair.h
902 1
fe=(288)
202 1
-7 1
+7 2
fi=(396) /usr/src/debug/gcc-15.2.1-7.fc42.x86_64/obj-x86_64-redhat-linux/x86_64-redhat-linux/libstdc++-v3/include/string_view
-56 1
fe=(288)
+56 1
fi=(396)
-57 1
+1 1
fe=(288)
+57 2
fi=(290) /usr/src/debug/gcc-15.2.1-7.fc42.x86_64/obj-x86_64-redhat-linux/x86_64-redhat-linux/libstdc++-v3/include/bits/stl_algobase.h
+36 2
fe=(288)
-49 1
fi=(290)
+49 2
fe=(288)
-11 1
-38 2
+42 2
-94 3
+94 1
+1 1
456 7
235 2
cob=(4)
cfi=(184)
cfn=(1150) 0x000000000485d420
calls=1 0 
* 186
* 1
+1 2
+12 1
-3 1
+2 1
+1 2

fl=(259)
fn=(946) std::ctype<wchar_t>::_M_initialize_ctype()
273 6
+2 1
-2 1
+2 2
cob=(4)
cfi=(184)
cfn=(948) 0x000000000485f280
calls=1 0 
* 24
* 1
+3 1
+6 128
-6 384
fi=(261) /usr/include/wchar.h
+73 256
cob=(4)
cfi=(184)
cfn=(954) 0x000000000485e270
calls=128 0 
* 2688
fe=(259)
-70 256
+5 1
+5 1
fi=(261)
+54 2
cob=(4)
cfi=(184)
cfn=(958) 0x000000000485fdf0
calls=1 0 
* 24
* 510
cob=(4)
cfi=(184)
cfn=(958)
calls=255 0 
* 10600
fe=(259)
-53 256
-2 256
+1 512
+3 1
+2 28
+1 8
-1 8
+1 16
cob=(4)
cfi=(184)
cfn=(966) 0x000000000485e130
calls=8 0 
* 1745
-1 8
+1 8
-3 8
+2 36
+1 4
-1 4
+1 4
cob=(4)
cfi=(184)
cfn=(966)
calls=4 0 
* 1745
* 4
-3 12
+8 1
-2 1
+2 4
-2 1
cob=(4)
cfi=(184)
cfn=(948)
calls=1 0 
* 24
* 2

fn=(1108)
205 16

fn=(968) std::ctype<wchar_t>::_M_convert_to_wmask(unsigned short) const
60 12
+2 73
+36 3
cob=(4)
cfi=(184)
cfn=(970) 0x000000000485d790
calls=1 -98 
* 505
-36 21
+6 3
cob=(4)
cfi=(184)
cfn=(970)
calls=1 -68 
* 395
+3 3
cob=(4)
cfi=(184)
cfn=(970)
calls=1 -71 
* 560
-9 6
+18 3
cob=(4)
cfi=(184)
cfn=(970)
calls=1 -80 
* 205
-3 3
cob=(4)
cfi=(184)
cfn=(970)
calls=1 -77 
* 150
-3 3
cob=(4)
cfi=(184)
cfn=(970)
calls=1 -74 
* 95
+9 3
cob=(4)
cfi=(184)
cfn=(970)
calls=1 -83 
* 260
+21 4
-39 3
cob=(4)
cfi=(184)
cfn=(970)
calls=1 -65 
* 340
+24 3
cob=(4)
cfi=(184)
cfn=(970)
calls=1 -89 
* 195
-3 3
cob=(4)
cfi=(184)
cfn=(970)
calls=1 -86 
* 615

fl=(286) /usr/src/debug/gcc-15.2.1-7.fc42.x86_64/obj-x86_64-redhat-linux/x86_64-redhat-linux/libstdc++-v3/src/../../../../libstdc++-v3/src/c++11/compatibility-thread-c++0x.cc
fn=(1136) _GLOBAL__sub_I_compatibility_thread_c__0x.cc
128 2
-74 1
cob=(4)
cfi=(184)
cfn=(1138) 0x000000000485d770
calls=1 -54 
* 5
* 2
+74 2

fl=(284) /usr/src/debug/gcc-15.2.1-7.fc42.x86_64/obj-x86_64-redhat-linux/x86_64-redhat-linux/libstdc++-v3/src/../../../../libstdc++-v3/src/c++11/compatibility-c++0x.cc
fn=(1128) _GLOBAL__sub_I_compatibility_c__0x.cc
260 2
-72 1
+30 1
-30 1
cob=(4)
cfi=(184)
cfn=(1130) 0x000000000485e2f0
calls=1 0 
* 7
+30 2
-30 1
+30 1
-30 1
+30 1
cob=(4)
cfi=(184)
cfn=(1112)
calls=1 0 
* 78
-15 1
+16 1
-16 1
cob=(4)
cfi=(184)
cfn=(1130)
calls=1 0 
* 7
* 1
+15 1
-15 1
+15 1
+42 1
-42 2
cob=(4)
cfi=(184)
cfn=(1112)
calls=1 0 
* 78

fn=(1132) std::error_category::error_category()
180 10

fn=(1746) std::(anonymous namespace)::system_error_category::~system_error_category()
203 4
cob=(4)
cfi=(184)
cfn=(1748) 0x000000000485e560
calls=1 0 
* 4

fn=(1750) std::error_category::~error_category()
182 4

fn=(1752) std::(anonymous namespace)::generic_error_category::~generic_error_category()
188 4
cob=(4)
cfi=(184)
cfn=(1748)
calls=1 0 
* 4

fl=(351) /usr/src/debug/gcc-15.2.1-7.fc42.x86_64/obj-x86_64-redhat-linux/x86_64-redhat-linux/libstdc++-v3/libsupc++/../../../../libstdc++-v3/libsupc++/del_op.cc
fn=(1468) operator delete(void*)
48 2999989
+1 2999989
cob=(4)
cfi=(184)
cfn=(1470) 0x000000000485de90
calls=2999989 -49 
* 186000630

fl=(242) /usr/src/debug/gcc-15.2.1-7.fc42.x86_64/obj-x86_64-redhat-linux/x86_64-redhat-linux/libstdc++-v3/src/c++98/../../../../../libstdc++-v3/src/c++98/locale.cc
fn=(902) std::locale::id::_M_id() const
507 86
+1 258
fi=(240)
54 48
fe=(242)
521 96
+22 288
+2 48
+1 48
-1 38
+1 38

fn=(1070) std::locale::operator=(std::locale const&)
120 16
+1 40
+4 16
+2 16
-4 24

fn=(1074) std::locale::~locale()
91 8
+2 32
fi=(249)
605 8
fe=(242)

fn=(1048) std::locale::locale(std::locale::_Impl*)
88 2
+1 1

fn=(880) std::locale::facet::_S_initialize_once()
208 1
+4 3
+4 3
cob=(4)
cfi=(184)
cfn=(882) 0x000000000485d710
calls=1 0 
* 52

fn=(862) std::locale::facet::_S_get_c_name()
233 21

fn=(898) std::locale::_Impl::_M_install_facet(std::locale::id const*, std::locale::facet const*)
325 288
+1 128
+2 32
cob=(4)
cfi=(184)
cfn=(900)
calls=32 0 
* 544
+3 32
-3 32
+3 96
fi=(240)
54 32
+40 32
+16 64
-16 32
fe=(242)
369 64
+1 96
+36 64
+15 4800
+2 1536
+1 4608
+7 256

fn=(870) std::locale::facet::_S_get_c_locale()
221 28
fi=(397) /usr/src/debug/gcc-15.2.1-7.fc42.x86_64/obj-x86_64-redhat-linux/x86_64-redhat-linux/libstdc++-v3/include/x86_64-redhat-linux/bits/gthr-default.h
746 42
cob=(4)
cfi=(184)
cfn=(872) 0x000000000485d990
calls=14 0 
* 243
fe=(242)
226 56
+3 28

fl=(387) /usr/src/debug/gcc-15.2.1-7.fc42.x86_64/obj-x86_64-redhat-linux/x86_64-redhat-linux/libstdc++-v3/libsupc++/../../../../libstdc++-v3/libsupc++/eh_globals.cc
fn=(1792) __cxa_get_globals
62 8
cob=(1) /usr/lib64/ld-linux-x86-64.so.2
cfi=(388) /usr/src/debug/glibc-2.41-16.fc42.x86_64/elf/../sysdeps/x86_64/dl-tlsdesc.S
cfn=(1794) _dl_tlsdesc_return
calls=2 -10 
* 6
* 6

fl=(241) /usr/src/debug/gcc-15.2.1-7.fc42.x86_64/obj-x86_64-redhat-linux/x86_64-redhat-linux/libstdc++-v3/src/c++11/../../../../../libstdc++-v3/src/c++11/locale_init.cc
fn=(850) std::locale::locale()
269 132
+2 22
cfn=(852) std::locale::_S_initialize()
calls=22 +69 
* 37392
+11 22
+1 22
-1 44
+1 44
+6 88

fn=(858) std::locale::_Impl::_Impl(unsigned long)
490 2
+5 3
-5 6
+2 2
+3 51
+1 53
+3 16
+1 2
+1 1
cob=(4)
cfi=(184)
cfn=(860)
calls=1 0 
* 5
+9 3
-9 1
+9 1
-9 1
+9 1
cob=(4)
cfi=(184)
cfn=(864) 0x000000000485c990
calls=1 0 
* 269
fi=(249)
652 4
cob=(4)
cfi=(184)
cfn=(896) 0x000000000485e300
calls=1 0 
* 400
fe=(241)
511 3
cob=(4)
cfi=(184)
cfn=(908) 0x000000000485dc10
calls=1 0 
* 41
fi=(249)
652 4
cob=(4)
cfi=(184)
cfn=(896)
calls=1 0 
* 400
fi=(251)
1636 1
-1 1
+85 2
fi=(249)
436 1
fi=(251)
1636 1
-3 1
+3 1
+83 1
-87 1
+87 1
-87 1
+87 2
-85 3
+1 2
+1 1
fi=(249)
436 1
fi=(251)
1719 1
+1 1
cob=(4)
cfi=(184)
cfn=(914) 0x000000000485f980
calls=1 0 
* 418
fi=(249)
652 4
cob=(4)
cfi=(184)
cfn=(896)
calls=1 0 
* 400
fi=(251)
1983 1
fi=(249)
652 3
436 1
fi=(251)
1983 2
fi=(249)
652 1
cob=(4)
cfi=(184)
cfn=(896)
calls=1 0 
* 400
fi=(251)
2347 1
fi=(249)
652 3
436 1
fi=(251)
2347 2
fi=(249)
652 1
cob=(4)
cfi=(184)
cfn=(896)
calls=1 0 
* 400
+63 1
436 1
715 3
cob=(4)
cfi=(184)
cfn=(868)
calls=1 0 
* 21
-63 3
+63 1
-63 1
cob=(4)
cfi=(184)
cfn=(896)
calls=1 0 
* 400
fi=(253)
1026 1
-6 1
fi=(249)
436 1
fi=(253)
1108 1
-88 1
+88 2
-82 1
fi=(249)
436 1
fi=(253)
1026 1
+81 1
-88 1
+88 1
-88 2
+2 2
+1 2
+1 2
+1 1
+1 1
+1 1
fi=(249)
436 1
fi=(253)
1107 2
+1 1
cob=(4)
cfi=(184)
cfn=(920) 0x000000000485e060
calls=1 0 
* 115
fi=(249)
652 4
cob=(4)
cfi=(184)
cfn=(896)
calls=1 0 
* 400
fi=(253)
1026 1
+82 3
fi=(249)
436 1
fi=(253)
1026 1
-7 1
+7 1
-6 2
+87 1
-88 1
+88 1
-88 1
+88 2
-86 2
+1 2
+1 2
+1 1
+1 1
+1 1
fi=(249)
436 1
fi=(253)
1107 1
+1 1
cob=(4)
cfi=(184)
cfn=(924) 0x000000000485f7b0
calls=1 0 
* 117
fi=(249)
652 4
cob=(4)
cfi=(184)
cfn=(896)
calls=1 0 
* 400
fi=(253)
1530 1
fi=(249)
652 3
436 1
fi=(253)
1530 2
fi=(249)
652 1
cob=(4)
cfi=(184)
cfn=(896)
calls=1 0 
* 400
fi=(253)
1690 1
fi=(249)
652 3
436 1
fi=(253)
1690 2
fi=(249)
652 1
cob=(4)
cfi=(184)
cfn=(896)
calls=1 0 
* 400
fi=(253)
138 1
-13 1
fe=(241)
533 3
fi=(253)
138 2
-13 1
fi=(249)
436 1
fi=(253)
138 2
-13 22
fe=(241)
533 1
cob=(4)
cfi=(184)
cfn=(928) 0x000000000485ec80
calls=1 0 
* 184
fi=(249)
652 4
cob=(4)
cfi=(184)
cfn=(896)
calls=1 0 
* 400
fi=(253)
422 1
fi=(249)
652 3
436 1
fi=(253)
-14 2
fi=(249)
652 1
cob=(4)
cfi=(184)
cfn=(896)
calls=1 0 
* 400
fi=(253)
859 1
fi=(249)
652 3
436 1
fi=(253)
859 2
fi=(249)
652 1
cob=(4)
cfi=(184)
cfn=(896)
calls=1 0 
* 400
fe=(241)
537 3
cob=(4)
cfi=(184)
cfn=(936) 0x000000000485c830
calls=1 0 
* 48
fi=(249)
652 4
cob=(4)
cfi=(184)
cfn=(896)
calls=1 0 
* 400
fe=(241)
540 3
cob=(4)
cfi=(184)
cfn=(940) 0x000000000485cd60
calls=1 0 
* 19627
fi=(249)
652 4
cob=(4)
cfi=(184)
cfn=(896)
calls=1 0 
* 400
fe=(241)
541 3
cob=(4)
cfi=(184)
cfn=(978) 0x000000000485d7b0
calls=1 0 
* 41
fi=(249)
652 4
cob=(4)
cfi=(184)
cfn=(896)
calls=1 0 
* 400
fi=(251)
1636 1
fi=(249)
436 1
fi=(251)
1720 2
fi=(249)
436 1
fi=(251)
1636 1
-3 1
+3 1
+83 1
-87 1
+87 1
-87 1
+2 3
+1 2
+1 1
fi=(249)
436 1
fi=(251)
1719 2
+1 1
cob=(4)
cfi=(184)
cfn=(982) 0x000000000485ce70
calls=1 0 
* 354
fi=(249)
652 4
cob=(4)
cfi=(184)
cfn=(896)
calls=1 0 
* 400
fi=(251)
1983 1
fi=(249)
652 3
436 1
fi=(251)
1983 2
fi=(249)
652 1
cob=(4)
cfi=(184)
cfn=(896)
calls=1 0 
* 400
fi=(251)
2347 1
fi=(249)
652 3
436 1
fi=(251)
2347 2
fi=(249)
652 1
cob=(4)
cfi=(184)
cfn=(896)
calls=1 0 
* 400
+63 1
436 1
715 3
cob=(4)
cfi=(184)
cfn=(868)
calls=1 0 
* 21
* 6
-63 7
+63 1
-64 3
+1 1
cob=(4)
cfi=(184)
cfn=(896)
calls=1 0 
* 400
fi=(253)
1026 1
+82 3
fi=(249)
436 1
fi=(253)
1026 1
-7 1
+7 1
+81 1
-88 1
+88 1
-88 1
+88 2
-87 1
+1 2
+1 2
+1 2
+1 1
+1 1
+1 1
fi=(249)
436 1
fi=(253)
1107 1
+1 1
cob=(4)
cfi=(184)
cfn=(986) 0x000000000485eff0
calls=1 0 
* 105
fi=(249)
652 4
cob=(4)
cfi=(184)
cfn=(896)
calls=1 0 
* 400
fi=(253)
1026 1
+82 3
fi=(249)
436 1
fi=(253)
1026 1
-7 1
+7 1
+81 1
-88 1
+88 1
-88 1
+1 1
+1 2
+1 2
+1 2
+1 1
+1 1
+1 1
fi=(249)
436 1
fi=(253)
1107 2
+1 1
cob=(4)
cfi=(184)
cfn=(990) 0x000000000485d260
calls=1 0 
* 105
fi=(249)
652 4
cob=(4)
cfi=(184)
cfn=(896)
calls=1 0 
* 400
fi=(253)
1530 1
fi=(249)
652 3
436 1
fi=(253)
1530 2
fi=(249)
652 1
cob=(4)
cfi=(184)
cfn=(896)
calls=1 0 
* 400
fi=(253)
1690 1
fi=(249)
652 3
436 1
fi=(253)
1690 2
fi=(249)
652 1
cob=(4)
cfi=(184)
cfn=(896)
calls=1 0 
* 400
fi=(253)
138 1
-13 1
fe=(241)
563 3
fi=(253)
138 2
-13 1
fi=(249)
436 1
fi=(253)
138 2
-13 22
fe=(241)
563 1
cob=(4)
cfi=(184)
cfn=(994) 0x000000000485f630
calls=1 0 
* 181
fi=(249)
+89 4
cob=(4)
cfi=(184)
cfn=(896)
calls=1 0 
* 400
fi=(253)
422 1
fi=(249)
652 3
436 1
fi=(253)
-14 2
fi=(249)
652 1
cob=(4)
cfi=(184)
cfn=(896)
calls=1 0 
* 400
fi=(253)
859 1
fi=(249)
652 3
436 1
fi=(253)
859 2
fi=(249)
652 1
cob=(4)
cfi=(184)
cfn=(896)
calls=1 0 
* 400
fe=(241)
-85 3
cob=(4)
cfi=(184)
cfn=(1002) 0x000000000485ceb0
calls=1 0 
* 48
fi=(249)
+85 4
cob=(4)
cfi=(184)
cfn=(896)
calls=1 0 
* 400
fi=(268) /usr/src/debug/gcc-15.2.1-7.fc42.x86_64/obj-x86_64-redhat-linux/x86_64-redhat-linux/libstdc++-v3/include/bits/codecvt.h
489 1
fi=(249)
652 3
436 1
fi=(268)
+53 2
fi=(249)
652 1
cob=(4)
cfi=(184)
cfn=(896)
calls=1 0 
* 400
fi=(268)
546 1
fi=(249)
652 3
436 1
fi=(268)
546 2
fi=(249)
652 1
cob=(4)
cfi=(184)
cfn=(896)
calls=1 0 
* 400
fi=(268)
-48 1
fi=(249)
+48 3
436 1
fi=(268)
604 2
fi=(249)
+48 1
cob=(4)
cfi=(184)
cfn=(896)
calls=1 0 
* 400
fi=(268)
+9 1
fi=(249)
-9 3
436 1
fi=(268)
661 2
fi=(249)
-9 1
cob=(4)
cfi=(184)
cfn=(896)
calls=1 0 
* 400
fe=(241)
-62 2
+3 2
-3 4
+3 1
cfi=(269)
cfn=(1008)
calls=1 100 
* 1978
+5 3
cob=(4)
cfi=(184)
cfn=(900)
calls=1 0 
* 8
* 1
+1 1
-1 1
+1 2
cob=(4)
cfi=(184)
cfn=(900)
calls=1 0 
* 8
+1 1
-1 1
+1 2
cob=(4)
cfi=(184)
cfn=(900)
calls=1 0 
* 8
* 1
+1 1
-1 1
+1 2
cob=(4)
cfi=(184)
cfn=(900)
calls=1 0 
* 8
* 1
+2 1
-2 1
+2 2
cob=(4)
cfi=(184)
cfn=(900)
calls=1 0 
* 8
+1 1
-1 1
+1 2
cob=(4)
cfi=(184)
cfn=(900)
calls=1 0 
* 8
* 1
+1 1
-1 1
+1 2
cob=(4)
cfi=(184)
cfn=(900)
calls=1 0 
* 8
+1 2
-1 1
+1 1
cob=(4)
cfi=(184)
cfn=(900)
calls=1 0 
* 8
* 2
+2 7

fn=(854) std::locale::_S_initialize_once()
324 1
+4 3
-4 1
+9 3
cob=(4)
cfi=(184)
cfn=(856) 0x000000000485d620
calls=1 0 
* 37194
* 2
+2 2
-2 1
+1 2
+2 1
-1 1
cob=(4)
cfi=(184)
cfn=(1046) 0x000000000485c970
calls=1 0 
* 5

fn=(852)
340 22
fi=(240)
54 22
fe=(241)
342 44
+3 87
+1 1
cfn=(854)
calls=1 -22 
* 37216

fl=(283) ???
fn=(1814) 0x000000000001b860
0 5

fn=(1122) 0x000000000001b910
0 12

fn=(1738) 0x000000000001b8d0
0 9
cob=(4)
cfi=(184)
cfn=(1744) 0x000000000485e190
calls=1 0 
0 1773
0 1
cfn=(1814)
calls=1 0 
0 5
0 3

fl=(238) /usr/src/debug/gcc-15.2.1-7.fc42.x86_64/obj-x86_64-redhat-linux/x86_64-redhat-linux/libstdc++-v3/src/c++98/../../../../../libstdc++-v3/src/c++98/globals_io.cc
fn=(840) _GLOBAL__sub_I.00090_globals_io.cc
118 2
-38 2
cob=(4)
cfi=(184)
cfn=(842) 0x000000000485f2b0
calls=1 -80 
* 40488
* 1
+38 1
-38 3
cob=(4)
cfi=(184)
cfn=(1112)
calls=1 -80 
* 75

fl=(254) /usr/src/debug/gcc-15.2.1-7.fc42.x86_64/obj-x86_64-redhat-linux/x86_64-redhat-linux/libstdc++-v3/src/c++98/monetary_members.cc
fn=(922) std::__cxx11::moneypunct<char, false>::_M_initialize_moneypunct(__locale_struct*, char const*)
372 10
+1 2
+3 2
+3 1
+12 1
-10 1
-2 1
+1 1
+11 1
-11 1
+1 2
+1 1
+1 1
+1 1
+1 1
+1 1
+1 1
+1 1
+1 1
+1 1
+1 1
+1 2
+3 2
-1 2
+1 3
-1 3
+1 30
-1 30
517 8

fn=(988) std::__cxx11::moneypunct<wchar_t, false>::_M_initialize_moneypunct(__locale_struct*, char const*)
741 10
+1 2
+3 2
+3 2
+5 1
-3 1
-2 1
+12 1
-7 1
+7 1
-5 1
+2 1
+3 1
-10 1
+1 1
+1 1
+2 1
+2 1
+2 1
+1 1
+2 2
+5 1
-1 1
+1 1
-2 3
+2 2
-2 3
+2 20
-2 30
914 8

fn=(992) std::__cxx11::moneypunct<wchar_t, true>::_M_initialize_moneypunct(__locale_struct*, char const*)
558 10
+1 2
+3 2
+3 2
+5 1
-3 1
-2 1
+12 1
-7 1
+7 1
-5 1
+2 1
+3 1
-10 1
+1 1
+1 1
+2 1
+2 1
+2 1
+1 1
+2 2
+5 1
-1 1
+1 1
-2 3
+2 2
-2 3
+2 20
-2 30
731 8

fn=(926) std::__cxx11::moneypunct<char, true>::_M_initialize_moneypunct(__locale_struct*, char const*)
216 10
+1 2
+3 2
+3 1
+12 1
-10 1
-2 1
+1 1
+11 1
-11 1
+1 2
+1 1
+1 1
+1 1
+1 1
+1 1
+1 1
+1 1
+1 1
+1 1
+1 1
+1 2
+3 2
-1 4
+1 3
-1 3
+1 30
-1 30
366 8

fl=(285) /usr/src/debug/gcc-15.2.1-7.fc42.x86_64/obj-x86_64-redhat-linux/x86_64-redhat-linux/libstdc++-v3/src/../../../../libstdc++-v3/src/c++11/compatibility-condvar.cc
fn=(1134) _GLOBAL__sub_I_compatibility_condvar.cc
108 1
-26 1
+26 1

fl=(243) /usr/src/debug/gcc-15.2.1-7.fc42.x86_64/obj-x86_64-redhat-linux/x86_64-redhat-linux/libstdc++-v3/src/c++11/ctype_configure_char.cc
fn=(866) std::ctype<char>::ctype(unsigned short const*, bool, unsigned long)
121 1
fi=(249)
436 2
fe=(243)
121 2
fi=(249)
436 1
fe=(243)
121 4
fi=(249)
436 1
fe=(243)
127 3
-5 1
cob=(4)
cfi=(184)
cfn=(868)
calls=1 0 
* 152
+1 1
-1 1
+1 3
+1 2
+1 2
+1 2
+3 3
-3 1
+3 1
-2 1
+2 1
-2 1
+2 36
+1 39
+1 4
-5 2

fl=(258) /usr/src/debug/gcc-15.2.1-7.fc42.x86_64/obj-x86_64-redhat-linux/x86_64-redhat-linux/libstdc++-v3/src/c++11/../../../../../libstdc++-v3/src/c++11/ctype.cc
fn=(942) std::ctype<wchar_t>::ctype(unsigned long)
103 2
fi=(249)
436 1
fe=(258)
103 3
fi=(249)
436 3
fe=(258)
105 4
cob=(4)
cfi=(184)
cfn=(868)
calls=1 0 
* 21
* 1
+1 1
-1 1
+1 4
cob=(4)
cfi=(184)
cfn=(944) 0x000000000485dcc0
calls=1 0 
* 19584

fn=(1088) std::ctype<char>::_M_widen_init() const
90 2
+3 1
-3 1
+3 9
-3 1
+3 2
-1 2
+1 2
-3 1
+3 1
-1 2
+1 8
-1 2
+1 431
-1 15
+1 180
-1 30
+1 1
-1 1
+1 12
-1 2
+2 5
fi=(251)
1120 32
fe=(258)
98 4
cob=(4)
cfi=(184)
cfn=(1092) 0x000000000485f8a0
calls=1 -98 
* 49
+1 4
+1 3

fl=(310) /usr/src/debug/gcc-15.2.1-7.fc42.x86_64/obj-x86_64-redhat-linux/x86_64-redhat-linux/libstdc++-v3/libsupc++/../../../../libstdc++-v3/libsupc++/new_op.cc
fn=(1276) operator new(unsigned long)
43 3000015
+4 6000030
-4 3000015
+4 6000030
+3 6000030
cob=(4)
cfi=(184)
cfn=(1150)
calls=3000015 -50 
* 132012662
* 6000030
+9 6000030

ob=(5) /usr/libexec/valgrind/vgpreload_core-amd64-linux.so
fl=(188) ???
fn=(644) 0x0000000000000410
0 12

fn=(1710) 0x00000000000003d0
0 9
cob=(4)
cfi=(184)
cfn=(1716) 0x000000000483b330
calls=1 0 
0 946
0 1
cfn=(1730) 0x0000000000000360
calls=1 0 
0 5
0 3

fn=(1730)
0 5

ob=(6) /usr/lib64/libgcc_s-15-20260123.so.1
fl=(392) /usr/src/debug/gcc-15.2.1-7.fc42.x86_64/obj-x86_64-redhat-linux/x86_64-redhat-linux/libgcc/../../../libgcc/unwind-dw2-btree.h
fn=(1870) btree_destroy
354 2
+3 2
-3 6
+3 2
+1 4
+4 6
+6 8

fl=(197) ???
fn=(1882) 0x0000000000001cc0
0 5

fn=(1872) 0x0000000000001d30
0 9
cob=(4)
cfi=(184)
cfn=(1878) 0x0000000004c16990
calls=1 0 
0 101
0 1
cfn=(1882)
calls=1 0 
0 5
0 3

fn=(672) 0x0000000000001d70
0 12

fl=(391) /usr/src/debug/gcc-15.2.1-7.fc42.x86_64/obj-x86_64-redhat-linux/x86_64-redhat-linux/libgcc/../../../libgcc/unwind-dw2-fde.c
fn=(1868) release_registered_frames
58 2
+3 2
cfi=(392)
cfn=(1870)
calls=1 354 
* 15
+1 2
cfi=(392)
cfn=(1870)
calls=1 354 
* 15
+1 1
+1 2

fl=(194) /usr/src/debug/gcc-15.2.1-7.fc42.x86_64/obj-x86_64-redhat-linux/x86_64-redhat-linux/libgcc/../../../libgcc/config/i386/cpuinfo.c
fn=(666) __cpu_indicator_init@GCC_4.8.0
60 1
fi=(196) /usr/src/debug/gcc-15.2.1-7.fc42.x86_64/obj-x86_64-redhat-linux/x86_64-redhat-linux/libgcc/../../../libgcc/../gcc/common/config/i386/cpuinfo.h
1123 4
fe=(194)
60 1
fi=(195) /usr/src/debug/gcc-15.2.1-7.fc42.x86_64/obj-x86_64-redhat-linux/gcc/include/cpuid.h
309 1
fe=(194)
60 5
fi=(195)
309 1
+21 2
+3 4
fi=(196)
1136 2
fi=(195)
309 2
+21 2
+3 3
fi=(196)
1150 1
+1 1
fi=(195)
333 1
fi=(196)
1150 1
+1 1
-1 1
+1 1
-1 1
+2 1
+1 1
-2 1
+2 1
-1 1
+1 1
744 1
1152 1
744 1
1152 1
744 2
+24 2
92 1
770 2
92 1
772 2
92 1
774 2
92 1
+9 1
776 2
+2 2
+3 2
92 1
783 3
92 1
785 2
92 1
787 2
92 1
789 2
92 1
791 2
92 1
793 2
92 1
795 2
+2 2
+2 2
+2 2
92 1
803 2
+2 2
+2 2
+2 2
92 1
811 2
92 1
813 2
+5 2
+4 5
+1 2
92 1
825 2
+2 2
+2 2
+2 2
+2 2
92 1
835 2
+2 2
+3 2
92 1
842 2
+2 2
+2 2
+2 2
+2 2
+2 2
+3 2
+2 2
+2 2
+2 2
+2 2
+2 2
+2 2
+2 2
+2 2
+4 2
+2 2
+2 2
+2 2
+2 2
+2 2
+9 2
+30 2
+58 2
+2 3
+1 2
+2 2
+2 2
+5 2
+63 3
+4 2
+2 2
+2 2
+2 2
+2 3
+2 2
+2 2
+2 2
+2 2
+2 2
+3 2
+2 2
+2 2
+3 2
+2 2
+2 2
+5 2
+2 3
+1 2
+2 2
75 1
1159 2
+16 1
75 1
1216 2
66 1
1217 2
fe=(194)
64 7
fi=(196)
750 2
+3 4
+7 5
+2 1
-1 3
1162 2
+5 2
+8 2
101 1
+2 1
-2 1
+2 1
-2 1
+2 1
-2 1
+2 1
-2 1
+2 1
-2 1
+2 1
-2 1
+2 1
742 2
1222 1
101 1
1222 3
+1 4
101 4
1232 4
+1 3
101 8
1124 2
+44 2
348 11
+99 2
+2 1
757 2
-2 1
+2 4
101 1
+2 1
-2 1
+2 1
-2 1
+2 1
-2 1
+2 1
-2 1
+2 1
-2 1
+2 1
fe=(194)

ob=(2) /usr/lib64/libc.so.6
fl=(87) /usr/src/debug/glibc-2.41-16.fc42.x86_64/string/../sysdeps/x86_64/multiarch/strcmp.c
fn=(308) strcmp
79 3
-32 3
+1 3
+1 3
-1 9
+1 6
+4 12
+3 9
+3 9
+20 3

fl=(170) /usr/src/debug/glibc-2.41-16.fc42.x86_64/time/../sysdeps/unix/sysv/linux/gettimeofday.c
fn=(568) gettimeofday
41 7

fl=(353) /usr/src/debug/glibc-2.41-16.fc42.x86_64/io/../sysdeps/unix/sysv/linux/close.c
fn=(1530) close
26 2
+1 6
-1 1
+1 3
cfi=(305) /usr/src/debug/glibc-2.41-16.fc42.x86_64/nptl/cancellation.c
cfn=(1244) __syscall_cancel
calls=1 +47 
* 60
+1 2

fl=(204) /usr/src/debug/glibc-2.41-16.fc42.x86_64/misc/../sysdeps/unix/sysv/linux/getsysstats.c
fn=(702) read_sysfs_file
139 1
+9 1
-9 5
+4 1
-4 1
+11 1
-11 4
+4 1
+1 1
+4 1
cfi=(205) /usr/src/debug/glibc-2.41-16.fc42.x86_64/io/../sysdeps/unix/sysv/linux/open64_nocancel.c
cfn=(704) __open_nocancel
calls=1 28 
* 27
+3 2
+39 12
-37 7
cfn=(706) next_line
calls=1 -94 
* 120
* 1
+1 3
+4 4
cfi=(210) /usr/src/debug/glibc-2.41-16.fc42.x86_64/stdlib/../stdlib/strtol.c
cfn=(720) __isoc23_strtoul
calls=1 -33 
* 122
+1 1
-1 1
+1 2
+7 2
+12 3
+3 3
fi=(212) /usr/src/debug/glibc-2.41-16.fc42.x86_64/misc/../sysdeps/unix/sysv/linux/not-cancel.h
76 2
cfi=(213) /usr/src/debug/glibc-2.41-16.fc42.x86_64/io/../sysdeps/unix/sysv/linux/close_nocancel.c
cfn=(726) __close_nocancel
calls=1 -51 
* 6
+1 1
fe=(204)
181 1
-1 1
+1 2
+3 3
-16 1
+1 4
cfi=(210)
cfn=(720)
calls=1 -44 
* 140
+1 3
+7 3

fn=(700) get_nprocs_conf
230 2
+1 1
-1 1
+1 1
cfn=(702)
calls=1 -92 
* 494
+1 2
+5 2

fn=(706)
59 10
+2 1
-1 1
-1 2
+2 3
-2 1
+2 3
cob=(4)
cfi=(184)
cfn=(708) 0x0000000004c427f0
calls=1 -61 
* 7
+1 2
+40 2
+1 3
+2 2
+1 9
-42 2
+2 2
fi=(207) /usr/src/debug/glibc-2.41-16.fc42.x86_64/misc/../string/bits/string_fortified.h
-30 5
cob=(4)
cfi=(184)
cfn=(714) 0x0000000004c42810
calls=1 -36 
* 15
fe=(204)
+33 1
+3 2
-3 3
+1 1
+2 3
cfi=(209) /usr/src/debug/glibc-2.41-16.fc42.x86_64/io/../sysdeps/unix/sysv/linux/read_nocancel.c
cfn=(718) __read_nocancel
calls=1 -47 
* 6
+1 2
+3 1
+2 1
-2 1
+2 2
-2 1
+2 3
cob=(4)
cfi=(184)
cfn=(708)
calls=1 -78 
* 21
+1 2

fl=(205)
fn=(704)
28 6
+3 9
+8 7
+2 5

fl=(226) /usr/src/debug/glibc-2.41-16.fc42.x86_64/stdlib/getenv.c
fn=(786) getenv
25 130
+4 13
+13 26
+1 52
+3 26
cob=(4)
cfi=(184)
cfn=(788) 0x0000000004c42880
calls=13 -46 
* 208
* 13
+1 1118
+2 1105
+1 2210
-1 13
+1 26
+5 3315
+1 328
cob=(4)
cfi=(184)
cfn=(792) 0x0000000004c42980
calls=82 -56 
* 2241
* 164
+13 39
+85 13
44 13
154 91

fl=(321) /usr/src/debug/glibc-2.41-16.fc42.x86_64/nptl/allocatestack.c
fn=(1374) name_stack_maps
570 75
+2 15
+4 15
-4 60
+4 15
+2 30
+5 15
-1 15
+2 15
-1 15
+3 75
cfi=(331) /usr/src/debug/glibc-2.41-16.fc42.x86_64/stdio-common/snprintf.c
cfn=(1376) snprintf
calls=15 26 
* 8115
* 60
cfi=(340) /usr/src/debug/glibc-2.41-16.fc42.x86_64/misc/../sysdeps/unix/sysv/linux/setvmaname.c
cfn=(1398) __set_vma_name
calls=15 33 
* 275
+2 120

fl=(206) /usr/src/debug/glibc-2.41-16.fc42.x86_64/string/../sysdeps/x86_64/multiarch/memchr-avx2.S
fn=(710) __memchr_avx2
61 2
+7 2
+2 2
+3 1
+1 1
+2 1
+1 1
+1 1
+1 1
+3 1
+1 1
+3 1
+1 1
+14 1
+5 1
+7 1
+1 1
+1 1
+1 1
+12 1
+1 1

fl=(130) /usr/src/debug/glibc-2.41-16.fc42.x86_64/wcsmbs/../sysdeps/x86_64/multiarch/wmemcmp.c
fn=(420) wmemcmp
29 2
fi=(131) /usr/src/debug/glibc-2.41-16.fc42.x86_64/wcsmbs/../sysdeps/x86_64/multiarch/ifunc-memcmp.h
+5 14
fe=(130)
-5 4
fi=(131)
+6 4
+2 6
+4 4
+3 6
+3 10
fe=(130)

fl=(303) /usr/src/debug/glibc-2.41-16.fc42.x86_64/setjmp/sigjmp.c
fn=(1232) __sigjmp_save
28 16
+2 32
-1 16
+5 32

fl=(323) /usr/src/debug/glibc-2.41-16.fc42.x86_64/nptl/pthread_mutex_unlock.c
fn=(1350) pthread_mutex_unlock@@GLIBC_2.2.5
367 16
+1 32
cfn=(1352) __pthread_mutex_unlock_usercnt
calls=16 48 
* 608

fn=(1352)
48 16
+3 16
+1 32
-4 48
+9 32
+5 16
+1 32
-24 16
+1 64
+30 16
+2 16
+32 32
-61 64
+22 32
+9 32
+6 64
+4 48
+3 32

fl=(127) /usr/src/debug/glibc-2.41-16.fc42.x86_64/wcsmbs/../sysdeps/x86_64/multiarch/wcscat.c
fn=(408) wcscat
31 1
fi=(98) /usr/src/debug/glibc-2.41-16.fc42.x86_64/wcsmbs/../sysdeps/x86_64/multiarch/ifunc-wcs.h
+8 2
+1 4
+1 3
+4 2
+3 4
fe=(127)
-17 2

fl=(138) /usr/src/debug/glibc-2.41-16.fc42.x86_64/wcsmbs/../sysdeps/x86_64/multiarch/wcpncpy.c
fn=(442) wcpncpy
31 1
fi=(98)
+8 2
+1 4
+1 3
+4 2
+3 4
fe=(138)
-17 2

fl=(262) /usr/src/debug/glibc-2.41-16.fc42.x86_64/wcsmbs/wctob.c
fn=(956) wctob
30 896
+9 384
+6 128
-1 256
+35 768

fl=(324) /usr/src/debug/glibc-2.41-16.fc42.x86_64/nptl/nptl-stack.c
fn=(1354) __nptl_stack_list_add
43 15
+1 60
fi=(398) /usr/src/debug/glibc-2.41-16.fc42.x86_64/nptl/../include/list.h
-1 15
+1 15
-1 15
+2 15
+2 15
fe=(324)
+5 15
+1 15

fl=(129) /usr/src/debug/glibc-2.41-16.fc42.x86_64/string/../sysdeps/x86_64/multiarch/strncpy.c
fn=(416) strncpy
29 2
fi=(109) /usr/src/debug/glibc-2.41-16.fc42.x86_64/string/../sysdeps/x86_64/multiarch/ifunc-strncpy.h
+6 10
+1 6
+4 8
+3 6
+3 10
fe=(129)

fl=(181) /usr/src/debug/glibc-2.41-16.fc42.x86_64/resource/../sysdeps/unix/sysv/linux/getrlimit64.c
fn=(608) getrlimit
38 2
+1 7
+1 1

fl=(217) /usr/src/debug/glibc-2.41-16.fc42.x86_64/malloc/morecore.c
fn=(746) __glibc_morecore
25 15
+1 30
-1 30
+4 15
cfi=(218) /usr/src/debug/glibc-2.41-16.fc42.x86_64/misc/sbrk.c
cfn=(748) sbrk
calls=15 +8 
* 504
+1 30
+4 22
-7 4
+7 8

fl=(334) /usr/src/debug/glibc-2.41-16.fc42.x86_64/string/../sysdeps/x86_64/multiarch/strchr-avx2.S
fn=(1384) __strchrnul_avx2
53 36
+2 36
+1 36
+1 36
+1 36
+1 36
+3 36
+1 36
+4 36
+1 36
+1 36
+1 36
+1 36
+1 36
+1 36
+1 36
+13 36
+2 72

fl=(97) /usr/src/debug/glibc-2.41-16.fc42.x86_64/wcsmbs/../sysdeps/x86_64/multiarch/wcsncpy.c
fn=(334) wcsncpy
31 1
fi=(98)
+8 2
+1 4
+1 3
+4 2
+3 4
fe=(97)
-17 2

fl=(318) /usr/src/debug/glibc-2.41-16.fc42.x86_64/signal/../sysdeps/unix/sysv/linux/libc_sigaction.c
fn=(1334) __libc_sigaction
43 8
+5 2
fi=(319) /usr/src/debug/glibc-2.41-16.fc42.x86_64/signal/../string/bits/string_fortified.h
-19 1
fe=(318)
+21 1
+8 1
fi=(319)
-29 2
fe=(318)
+21 1
+3 1
fi=(319)
-24 2
fe=(318)
+24 1
+5 1
fi=(319)
-29 2
fe=(318)
+29 1
-5 2
fi=(319)
-24 2
fe=(318)
+24 1
fi=(319)
-24 6
fe=(318)
+29 1
fi=(319)
-29 1
fe=(318)
+29 6
+5 2
+8 6

fl=(385) /usr/src/debug/glibc-2.41-16.fc42.x86_64/io/../sysdeps/unix/sysv/linux/write.c
fn=(1780) write
25 2
+1 4
-1 1
+1 3
cfi=(305)
cfn=(1244)
calls=1 +48 
* 60
+1 2

fl=(372) /usr/src/debug/glibc-2.41-16.fc42.x86_64/libio/fileops.c
fn=(1638) _IO_file_xsputn@@GLIBC_2.2.5
1258 1
+7 1
-1 2
-6 9
+13 1
+2 1
-2 3
+17 3
+40 6
-68 1
+44 1
fi=(373) /usr/src/debug/glibc-2.41-16.fc42.x86_64/libio/libioP.h
1036 3
+1 3
fe=(372)
1304 3
cfn=(1642) _IO_file_overflow@@GLIBC_2.2.5
calls=1 766 
* 339
* 3
+6 2
+1 4
+2 1
-2 1
+2 2
+11 2
+1 5
cfi=(325) /usr/src/debug/glibc-2.41-16.fc42.x86_64/libio/genops.c
cfn=(1656) _IO_default_xsputn
calls=1 397 
* 61
+2 3

fn=(1778) _IO_file_write@@GLIBC_2.2.5
1234 8
+2 4
-1 2
+6 1
cfi=(385)
cfn=(1780)
calls=1 25 
* 72
+1 2
+5 1
+1 1
-12 2
+4 3
+1 2
+10 3
+3 6
-4 3

fn=(1776) new_do_write
466 2
fi=(373)
1036 1
fe=(372)
466 6
+2 2
+15 1
fi=(373)
1036 2
+1 2
fe=(372)
483 4
cfn=(1778)
calls=1 1234 
* 110
+1 1
-1 1
+1 4
+2 1
+4 2
-3 2
-1 2
+4 3
-2 1
+4 6
-17 4
+14 3

fn=(1896) _IO_file_setbuf@@GLIBC_2.2.5
416 6
+1 1
cfi=(325)
cfn=(1898) _IO_default_setbuf
calls=1 +61 
* 69
* 2
+3 1
+4 2
-2 3
+3 3

fn=(1642)
766 1
+1 3
-1 5
+8 3
+35 2
-32 2
+12 2
+9 3
+5 1
-1 1
+4 1
-3 2
+2 2
-5 1
+1 1
+4 1
+1 4
+5 1
+11 2
-11 1
-1 1
cfn=(1654) _IO_do_write@@GLIBC_2.2.5
calls=1 458 
* 5
-31 2
cfi=(325)
cfn=(1644) _IO_doallocbuf
calls=1 369 
* 284
+1 2
+9 1
-9 5

fn=(1648) _IO_file_stat
1207 1
+1 2
cfi=(306) /usr/src/debug/glibc-2.41-16.fc42.x86_64/io/../sysdeps/unix/sysv/linux/fstat64.c
cfn=(1252) fstat
calls=1 30 
* 6

fn=(1654)
458 2
+2 5
+1 1
-3 3
+2 2
cfn=(1776)
calls=1 +6 
* 160
* 1
+1 1
-1 3
+1 1

fn=(1774) _IO_file_sync@@GLIBC_2.2.5
827 66
+5 44
+1 3
+1 22
+1 22
+5 22
+11 22
+4 33
-22 2
cfn=(1654)
calls=1 458 
* 174
* 2

fl=(244) /usr/src/debug/glibc-2.41-16.fc42.x86_64/nptl/pthread_once.c
fn=(874) pthread_once@@GLIBC_2.34
136 14
+3 14
+1 28
+4 26
-8 2
+7 1
cfn=(876) __pthread_once_slow.isra.0
calls=1 -76 
* 127
+1 3

fn=(876)
67 9
+9 1
+4 2
+52 8
-44 2
+4 2
+9 2
+13 14
cfi=(245) /usr/src/debug/glibc-2.41-16.fc42.x86_64/nptl/cleanup_compat.c
cfn=(878) _pthread_cleanup_push@@GLIBC_2.34
calls=1 -89 
* 7
+2 2
cob=(8)
cfi=(242)
cfn=(880)
calls=1 +92 
* 59
+2 3
cfi=(245)
cfn=(890) _pthread_cleanup_pop@@GLIBC_2.34
calls=1 -78 
* 6
fi=(248) /usr/src/debug/glibc-2.41-16.fc42.x86_64/nptl/../sysdeps/nptl/futex-internal.h
+91 4
fe=(244)
-85 2
fi=(248)
+85 4
fe=(244)

fl=(128) /usr/src/debug/glibc-2.41-16.fc42.x86_64/string/../sysdeps/x86_64/multiarch/strlen.c
fn=(412) strlen
29 4
fi=(85) /usr/src/debug/glibc-2.41-16.fc42.x86_64/string/../sysdeps/x86_64/multiarch/ifunc-avx2.h
+9 12
+2 16
+1 8
+1 12
+4 16
+3 12
+3 20
fe=(128)

fl=(190) /usr/src/debug/glibc-2.41-16.fc42.x86_64/misc/init-misc.c
fn=(652) __init_misc
30 1
+1 5
-1 1
+3 1
-3 3
+3 3
cob=(4)
cfi=(184)
cfn=(654) 0x0000000004c429e0
calls=1 -33 
* 35
+4 1
+1 1
-1 5
+1 3
+2 2

fl=(119) /usr/src/debug/glibc-2.41-16.fc42.x86_64/string/../sysdeps/x86_64/multiarch/strncase_l.c
fn=(384) strncasecmp_l
31 1
fi=(113) /usr/src/debug/glibc-2.41-16.fc42.x86_64/string/../sysdeps/x86_64/multiarch/ifunc-strcasecmp.h
+5 1
+1 4
fe=(119)
-6 2
fi=(113)
+7 3
+4 4
+3 3
+3 4
fe=(119)

fl=(208) /usr/src/debug/glibc-2.41-16.fc42.x86_64/string/../sysdeps/x86_64/multiarch/memmove-vec-unaligned-erms.S
fn=(716) __memcpy_avx_unaligned_erms
255 5105
+1 5105
+6 5105
+1 5105
+2 177
+1 177
+1 177
+3 36
+1 36
+1 36
+3 72
+30 4928
+1 4928
+2 4906
+1 4906
+2 4819
+4 4819
+1 1
+1 1
+8 1
+6 4818
+1 4818
+1 4818
+1 4818
+1 4818
+7 22
+1 22
+1 22
+1 22
+2 22
+17 87
+1 87
+1 87
+1 87
+1 87
+7 18
+1 18
+1 18
+1 18
+1 18
+1 18
+1 36
+5 141
+1 141
+5 127
+1 127
+2 37
+1 37
+1 37
+2 19
+1 19
+1 19
+1 19
+1 19
+1 19
+1 19
+1 19
+1 19
+1 19
+1 19
+1 19
+1 19
+1 19
+1 38
+4 90
+1 90
+4 90
+2 90
+4 90
+1 90
+11 90
+3 90
+2 90
+2 90
+4 90
+1 90
+9 55
+1 55
+2 55
+2 55
+1 55
+1 55
+3 55
+2 55
+2 55
+2 110
+6 55
+1 55
+1 55
+1 55
+1 55
+1 55
+1 55
+1 55
+1 55
+1 55
+1 55
+1 55
-11 458
+1 458
+1 458
+1 458
+1 458
+1 458
+1 458
+1 458
+1 458
+1 458
+1 458
+1 458
+2 55
+1 55
+1 55
+1 55
+2 55
+4 110
+13 35
+1 35
+2 35
+1 35
+1 35
+2 35
+2 35
+2 70
+6 35
+1 35
+1 35
+1 35
+1 35
+1 35
+1 35
+1 35
+1 35
+1 35
+1 35
+1 35
-11 1594
+1 1594
+1 1594
+1 1594
+1 1594
+1 1594
+1 1594
+1 1594
+1 1594
+1 1594
+1 1594
+1 1594
+2 35
+1 35
+1 35
+1 35
+2 35
+1 70
+9 7
+7 7
+1 7
+6 5
+3 5
+2 5
+3 5
+1 5
+2 5
+2 842181
+2 5
+2 5
+2 10
+5 14
+1 14
+4 14
+2 14
+3 14
+4 14
+1 14
+4 7
+4 7
+24 2
+2 2
+2 2
+2 2
+3 2
+1 2
+2 865450
+3 2
+2 2
+2 4
+17 7
+1 7
+1 7
+5 7
+1 7
+1 7
+7 7
+6 7
+2 7
+8 7
+1 7
+2 7
+2 7
+2 7
+2 7
+8 7
+1 7
+1 7
+1 7
+5 7
+1 7
+1 7
+3 7
+2 14
+5 7
+2 14
+1 14
+1 14
+1 14
+2 28
+1 28
+1 7
+2 28
+1 28
+1 7
+1 7
+1 7
-15 5266
+2 10532
+1 10532
+1 10532
+1 10532
+2 21064
+1 21064
+1 5266
+2 21064
+1 21064
+1 5266
+1 5266
+1 5266
-13 326926
+1 326926
+1 326926
+1 326926
+2 653852
+1 653852
+1 163463
+2 653852
+1 653852
+1 163463
+1 163463
+1 163463
+1 5273
+1 5273
+1 5273
+1 5273
+1 7
+3 7
+1 7
+5 486
+1 486
+1 243
+1 243
+1 243
+1 243
+1 243
+1 243
+1 243
+1 243
+1 243
+1 243
+1 243
+1 243
+1 243
+4 7
+1 7
+1 7
+1 7
+2 7
+1 7
+1 7
+1 7
+1 14

fn=(1660) __mempcpy_avx_unaligned_erms
242 1
+1 1
+1 1
+1 1
+17 1
+1 1
+2 1
+1 1
+1 1
+3 1
+1 1
+1 1
+3 2

fl=(216) /usr/src/debug/glibc-2.41-16.fc42.x86_64/malloc/arena.c
fn=(1442) get_free_list
706 2
+25 2

fn=(1448) alloc_new_heap
380 8
49 3
387 3
+2 2
+1 1
+12 1
+2 3
-2 2
-7 2
+46 2
-46 2
+46 2
cfi=(308) /usr/src/debug/glibc-2.41-16.fc42.x86_64/misc/../sysdeps/unix/syscall-template.S
cfn=(1342) mprotect
calls=1 117 
* 6
* 3
+7 6
cfi=(340)
cfn=(1398)
calls=1 33 
* 16
fi=(215) /usr/src/debug/glibc-2.41-16.fc42.x86_64/malloc/malloc.c
2010 4
fe=(216)
453 1
+2 1
-2 1
+3 1
+2 9
-44 7
cfi=(307) /usr/src/debug/glibc-2.41-16.fc42.x86_64/misc/../sysdeps/unix/sysv/linux/mmap64.c
cfn=(1258) mmap
calls=1 47 
* 26
+1 2
+3 1
-1 1
+1 2
+2 1
+3 1
-3 2
+4 4
cfi=(308)
cfn=(1450) munmap
calls=1 117 
* 6
* 1
49 1
+6 2
421 4
cfi=(308)
cfn=(1450)
calls=1 117 
* 6
* 2

fn=(736) ptmalloc_init.part.0
262 1
fi=(399) /usr/src/debug/glibc-2.41-16.fc42.x86_64/malloc/../sysdeps/unix/sysv/linux/not-cancel.h
100 3
fe=(216)
262 6
+5 1
fi=(399)
100 2
fi=(215)
3145 2
fe=(216)
292 2
+4 4
fi=(215)
1948 3
+3 1
-3 1
+3 2
-3 2
+3 126
-3 126
+3 252
-3 252
+11 1
+3 1
fe=(216)
300 2
fi=(215)
1960 1
fe=(216)
300 1
fi=(215)
1962 1
fe=(216)
300 1
cob=(4)
cfi=(184)
cfn=(614) 0x0000000004c42aa0
calls=1 0 
* 19
+1 4
cob=(4)
cfi=(184)
cfn=(614)
calls=1 0 
* 20
+1 4
cob=(4)
cfi=(184)
cfn=(614)
calls=1 0 
* 19
+1 4
cob=(4)
cfi=(184)
cfn=(614)
calls=1 0 
* 19
+1 4
cob=(4)
cfi=(184)
cfn=(614)
calls=1 0 
* 20
+1 4
cob=(4)
cfi=(184)
cfn=(614)
calls=1 0 
* 19
+1 4
cob=(4)
cfi=(184)
cfn=(614)
calls=1 0 
* 19
+2 4
cob=(4)
cfi=(184)
cfn=(614)
calls=1 0 
* 19
+1 4
cob=(4)
cfi=(184)
cfn=(614)
calls=1 0 
* 19
+1 4
cob=(4)
cfi=(184)
cfn=(614)
calls=1 0 
* 19
+3 4
cob=(4)
cfi=(184)
cfn=(614)
calls=1 0 
* 19
+1 4
cob=(4)
cfi=(184)
cfn=(614)
calls=1 0 
* 19
+2 2
+10 6

fn=(1446) new_heap
462 3
+1 3
+7 3
+1 1
-1 1
cfn=(1448)
calls=1 -90 
* 148

fn=(1444) arena_get2.part.0
818 6
+10 1
+4 1
-4 2
+2 3
+23 3
+12 4
-33 2
+23 7
638 4
cfn=(1446)
calls=1 462 
* 159
+2 2
-2 1
+2 1
+9 3
fi=(215)
1948 3
+3 1
-3 1
+3 2
-3 2
+3 126
-3 126
+3 252
-3 252
+7 3
+2 1
+3 1
fe=(216)
656 1
+1 1
-6 1
+6 1
+2 2
-6 1
+6 3
-6 2
+8 2
-1 1
+1 2
+2 1
+1 1
+4 1
-4 1
+1 1
+3 1
-2 1
+2 2
+3 2
+7 1
-2 1
+2 3
+2 4
-61 2
+63 4
+12 4

fl=(210)
fn=(720)
125 2
+1 10
cfi=(211) /usr/src/debug/glibc-2.41-16.fc42.x86_64/stdlib/../stdlib/strtol_l.c
cfn=(722) ____strtoul_l_internal
calls=2 238 
* 250

fl=(139) /usr/src/debug/glibc-2.41-16.fc42.x86_64/string/../sysdeps/x86_64/multiarch/mempcpy.c
fn=(446) mempcpy
33 1
fi=(100) /usr/src/debug/glibc-2.41-16.fc42.x86_64/string/../sysdeps/x86_64/multiarch/ifunc-memmove.h
+23 3
+1 2
+3 3
+14 2
+3 2
+8 2
+8 2
+3 5
fe=(139)

fl=(126) /usr/src/debug/glibc-2.41-16.fc42.x86_64/string/../sysdeps/x86_64/multiarch/strcasecmp_l.c
fn=(404) strcasecmp_l
31 1
fi=(113)
+5 1
+1 4
fe=(126)
-6 2
fi=(113)
+7 3
+4 4
+3 3
+3 4
fe=(126)

fl=(192) /usr/src/debug/glibc-2.41-16.fc42.x86_64/libio/vtables.c
fn=(658) check_stdfiles_vtables
545 1
+1 4
+1 3
+1 3
+2 1

fl=(222) /usr/src/debug/glibc-2.41-16.fc42.x86_64/nptl/pthread_getaffinity.c
fn=(762) pthread_getaffinity_np@@GLIBC_2.32
30 2
+3 6
+2 2
-5 1
+9 1
fi=(400) /usr/src/debug/glibc-2.41-16.fc42.x86_64/nptl/../string/bits/string_fortified.h
+20 1
fe=(222)
-20 2
fi=(400)
+20 1
fe=(222)
-29 1
fi=(400)
+29 1
cob=(4)
cfi=(184)
cfn=(764) 0x0000000004c42ac0
calls=1 -59 
* 18
fe=(222)
-18 1
+1 2

fl=(266) /usr/src/debug/glibc-2.41-16.fc42.x86_64/wctype/wctype_l.c
fn=(972) wctype_l
26 80
+7 10
-7 30
+3 10
cob=(4)
cfi=(184)
cfn=(788)
calls=10 -29 
* 160
* 10
+3 30
+1 10
+7 48
+1 96
-8 48
+2 96
cob=(4)
cfi=(184)
cfn=(788)
calls=48 -35 
* 768
* 20
cob=(4)
cfi=(184)
cfn=(788)
calls=10 -35 
* 160
* 58
+2 312
cob=(4)
cfi=(184)
cfn=(974) 0x0000000004c42900
calls=49 -37 
* 1146
* 98
+8 20
+1 10
+1 80

fl=(360) /usr/src/debug/glibc-2.41-16.fc42.x86_64/stdio-common/printf_buffer_to_file.c
fn=(1602) __printf_buffer_to_file_init
108 3
+1 3
fi=(338) /usr/src/debug/glibc-2.41-16.fc42.x86_64/stdio-common/../include/printf_buffer.h
+18 3
fe=(360)
-18 3
fi=(338)
+28 3
-9 3
+9 3
-13 3
fe=(360)
-13 3
fi=(338)
+13 3
fe=(360)
-12 3
cfn=(1604) __printf_buffer_to_file_switch
calls=3 -83 
* 31

fn=(1632) __printf_buffer_to_file_done
117 3
+1 9
-1 9
+3 6
cfn=(1634) __printf_buffer_flush_to_file
calls=3 -71 
* 555
+1 3
+1 3
-1 3
cfi=(339) /usr/src/debug/glibc-2.41-16.fc42.x86_64/stdio-common/Xprintf_buffer_done.c
cfn=(1396) __printf_buffer_done
calls=3 -96 
* 54

fn=(1634)
49 6
+4 3
-4 9
+2 12
+2 9
+15 6
+18 6
+3 2
+2 6
+12 2
+1 5
-39 2
cfn=(1604)
calls=1 -36 
* 10
-7 1
+1 1
fi=(371) /usr/src/debug/glibc-2.41-16.fc42.x86_64/stdio-common/../libio/libioP.h
1036 1
fe=(360)
58 2
+1 1
fi=(371)
1036 2
+1 3
fe=(360)
59 2
cfi=(372)
cfn=(1638)
calls=1 1258 
* 461
* 3

fn=(1604)
29 4
+1 16
+4 3
+1 3
+9 3
-9 3
+10 3
-5 1
+1 1
-1 1
-5 1
+9 1
+1 1

fl=(125) /usr/src/debug/glibc-2.41-16.fc42.x86_64/string/../sysdeps/x86_64/multiarch/strcpy.c
fn=(400) strcpy
29 2
fi=(118) /usr/src/debug/glibc-2.41-16.fc42.x86_64/string/../sysdeps/x86_64/multiarch/ifunc-strcpy.h
+9 4
+1 2
-1 4
+1 4
+4 8
+3 6
+3 6
fe=(125)
-20 2

fl=(231) /usr/src/debug/glibc-2.41-16.fc42.x86_64/misc/../sysdeps/unix/sysv/linux/getpagesize.c
fn=(810) getpagesize
27 16
+1 64
+2 16

fl=(304) /usr/src/debug/glibc-2.41-16.fc42.x86_64/io/../sysdeps/unix/sysv/linux/open64.c
fn=(1242) open
30 9
+3 7
+8 8
cfi=(305)
cfn=(1244)
calls=1 +33 
* 25
+2 5

fl=(86) /usr/src/debug/glibc-2.41-16.fc42.x86_64/string/../sysdeps/x86_64/multiarch/strpbrk.c
fn=(306) strpbrk
29 1
fi=(401) /usr/src/debug/glibc-2.41-16.fc42.x86_64/string/../sysdeps/x86_64/multiarch/ifunc-sse4_2.h
+7 5
fe=(86)
-7 1

fl=(354) /usr/src/debug/glibc-2.41-16.fc42.x86_64/nptl/../sysdeps/unix/sysv/linux/x86_64/syscall_cancel.S
fn=(1532) __syscall_cancel_arch
31 2
+6 2
+1 2
+1 2
+4 2
+1 2
+1 2
+1 2
+1 2
+1 2
+1 2
+1 2
+1 2
+1 2
+4 2

fl=(393) /usr/src/debug/glibc-2.41-16.fc42.x86_64/posix/../sysdeps/unix/sysv/linux/_exit.c
fn=(1900) _Exit
27 3

fl=(108) /usr/src/debug/glibc-2.41-16.fc42.x86_64/string/../sysdeps/x86_64/multiarch/stpncpy.c
fn=(360) stpncpy
31 1
fi=(109)
+4 5
+1 3
+4 4
+3 3
+3 5
fe=(108)

fn=(370) strcasecmp
31 2
fi=(113)
+5 2
+1 8
fi=(114) /usr/src/debug/glibc-2.41-16.fc42.x86_64/string/../sysdeps/x86_64/multiarch/strcasecmp.c
-6 4
fi=(113)
+7 6
+4 8
+3 6
+3 8
fe=(108)

fl=(213)
fn=(726)
25 1
+1 4
+1 1

fl=(322) /usr/src/debug/glibc-2.41-16.fc42.x86_64/nptl/pthread_mutex_lock.c
fn=(1348) pthread_mutex_lock@@GLIBC_2.2.5
77 16
+3 16
+2 16
+2 48
-7 48
+11 32
+91 16
+3 16
+2 16
+3 16
-63 16
+66 32
-93 32
+11 64
+4 16
+3 32
-71 16
+1 64
+85 48
+1 32
-83 64

fl=(366) /usr/src/debug/glibc-2.41-16.fc42.x86_64/nptl/alloca_cutoff.c
fn=(1618) __libc_alloca_cutoff
27 3
+1 24
+7 3

fl=(186) /usr/src/debug/glibc-2.41-16.fc42.x86_64/nptl/../sysdeps/unix/sysv/linux/x86/elision-conf.c
fn=(618) __lll_elision_init
92 2
+4 1
-4 2
+4 1
-4 1
+4 4
cob=(4)
cfi=(184)
cfn=(614)
calls=1 -96 
* 20
+2 4
cob=(4)
cfi=(184)
cfn=(614)
calls=1 -98 
* 20
+2 4
cob=(4)
cfi=(184)
cfn=(614)
calls=1 0 
* 20
+2 4
cob=(4)
cfi=(184)
cfn=(614)
calls=1 0 
* 20
+2 4
cob=(4)
cfi=(184)
cfn=(614)
calls=1 0 
* 20
+3 3
+1 1
+1 6

fl=(263) /usr/src/debug/glibc-2.41-16.fc42.x86_64/wcsmbs/btowc.c
fn=(960) btowc
32 1280
+5 2304
+5 512
+52 768
-48 384
fi=(402) /usr/src/debug/glibc-2.41-16.fc42.x86_64/wcsmbs/./wcsmbsload.h
+23 128
+1 384
fe=(263)
-23 256
+1 256
+4 512
+3 640
cfi=(264) /usr/src/debug/glibc-2.41-16.fc42.x86_64/elf/libc-dl-profstub.c
cfn=(962) _dl_mcount_wrapper_check
calls=128 -15 
* 640
* 896
+39 256
-39 128
cfi=(265) /usr/src/debug/glibc-2.41-16.fc42.x86_64/iconv/gconv_simple.c
cfn=(964) __gconv_btwoc_ascii
calls=128 -6 
* 768

fl=(302) /usr/src/debug/glibc-2.41-16.fc42.x86_64/setjmp/../sysdeps/x86_64/setjmp.S
fn=(1230) __sigsetjmp
31 16
+2 16
+9 16
+1 32
+1 16
+4 16
+1 16
+1 16
+1 16
+1 16
+2 32
+2 16
+1 16
+1 16
+2 32
+2 16
+5 16
+1 16
+17 16
cfi=(303)
cfn=(1232)
calls=16 -57 
* 96

fl=(332) /usr/src/debug/glibc-2.41-16.fc42.x86_64/libio/vsnprintf.c
fn=(1378) __vsnprintf_internal
93 30
fi=(403) /usr/src/debug/glibc-2.41-16.fc42.x86_64/libio/../include/printf_buffer.h
+31 15
fe=(332)
-31 15
fi=(403)
+31 15
fe=(332)
-31 90
fi=(403)
+44 15
-13 15
+13 15
-10 15
+1 15
fe=(332)
-65 30
+3 15
+30 60
cfi=(333) /usr/src/debug/glibc-2.41-16.fc42.x86_64/stdio-common/vfprintf-internal.c
cfn=(1380) __printf_buffer
calls=15 600 
* 6930
-21 45
+1 15
+11 30
cfi=(339)
cfn=(1396)
calls=15 -62 
* 270
+11 90

fl=(297) /usr/src/debug/glibc-2.41-16.fc42.x86_64/csu/../csu/libc-start.c
fn=(1196) __libc_start_main@@GLIBC_2.34
242 13
+69 2
+1 4
cfi=(281) /usr/src/debug/glibc-2.41-16.fc42.x86_64/stdlib/cxa_atexit.c
cfn=(1114) __cxa_atexit
calls=1 67 
* 76
+25 6
+6 2
-3 2
+10 2
cob=(4)
cfi=(184)
cfn=(1222) 0x0000000004c42b30
calls=1 0 
* 7
+2 2
+8 4
cfi=(300) /usr/src/debug/glibc-2.41-16.fc42.x86_64/csu/../sysdeps/nptl/libc_start_call_main.h
cfn=(1226) (below main)
calls=1 29 
* 804221707
128 2
+6 3
+1 6
cob=(4)
cfi=(184)
cfn=(1198) 0x0000000000400374
calls=1 0 
* 7
* 1
+3 1
+1 2
+3 3
+2 2
-1 9
+2 4
cob=(9) /home/osamanadeem/Downloads/GPL-2026/Graph-language-/p1GraphEasy-con-AutoTuner/final_program_bench_pcsr_heavy_v1000000_e50000
cfi=(296) ???
cfn=(1208) _GLOBAL__sub_I_load_graph_from_file
calls=1 0 
* 1138
* 4
cob=(9)
cfi=(296)
cfn=(1202) 0x0000000000400990
calls=1 0 
* 11
-1 7

fl=(135) /usr/src/debug/glibc-2.41-16.fc42.x86_64/string/../sysdeps/x86_64/multiarch/memchr.c
fn=(436) memchr
29 2
fi=(136) /usr/src/debug/glibc-2.41-16.fc42.x86_64/string/../sysdeps/x86_64/multiarch/ifunc-evex.h
+8 6
+1 8
+1 6
+4 4
+8 6
+3 8
fe=(135)
-25 2

fl=(368) /usr/src/debug/glibc-2.41-16.fc42.x86_64/stdlib/../sysdeps/x86_64/mul_1.S
fn=(1624) __mpn_mul_1
31 24
+1 24
+3 24
+1 24
+1 24
+1 24
+1 24
+2 24
+1 24
+2 24
+1 24
+1 24
+1 24
+1 24
+2 24
+1 24
+1 24
+1 24
+69 24
+2 24
+3 24

fl=(223) /usr/src/debug/glibc-2.41-16.fc42.x86_64/string/../sysdeps/x86_64/multiarch/memset-vec-unaligned-erms.S
fn=(766) __memset_avx2_unaligned_erms
198 52
+1 104
+5 52
+1 52
+1 51
+1 51
+1 51
+2 1
+1 1
+1 2
+9 1
+1 1
+2 2
+5 50
+1 50
+6 18
+1 18
+12 18
+3 18
+1 18
+12 17
+1 17
+13 17
+1 17
+2 17
+3 15
+3 15
+3 15
+1 15
+1 15
+1 15
+1 15
+1 15
+1 30
+3 15
+1 15
+1 15
+1 15
+3 30
-6 2
+1 2
+1 2
+1 2
+3 4
+15 32
+1 32
+1 24
+1 24
+1 24
+1 6344055
+5 24
+2 48
+8 1
+9 1
+1 1
+5 1
+1 1
+1 1
+1 1
+1 1
+1 1
+1 1
+3 1
+72 8
+1 8
+2 8
+1 8
+3 8
+1 8
+1 8
+1 8
+1 8
+1 8
+1 8
-6 300247
+1 300247
+1 300247
+1 300247
+1 300247
+1 300247
+1 300247
+1 8
+1 8
+1 8
+1 8
+1 8
+1 16

fl=(327) /usr/src/debug/glibc-2.41-16.fc42.x86_64/misc/../sysdeps/unix/sysv/linux/clone-internal.c
fn=(1364) __clone3_internal
74 15
+6 45
-6 3
+8 1
-8 1
+8 1
cfi=(328) /usr/src/debug/glibc-2.41-16.fc42.x86_64/misc/../sysdeps/unix/sysv/linux/x86_64/clone3.S
cfn=(1366) __clone3
calls=1 -40 
* 16
+1 5
+1 1
+8 16
-2 14
-6 14
+8 14
-6 1
+4 1
+1 1

fn=(1362) __clone_internal
97 30
+2 15
-2 120
+2 15
+1 15
cfn=(1364)
calls=15 -26 
* 149
+1 75
+5 15
-42 15
-11 15
+11 15
-2 15
-9 15
+11 30
-2 15
+2 60
cfi=(329) /usr/src/debug/glibc-2.41-16.fc42.x86_64/misc/../sysdeps/unix/sysv/linux/x86_64/clone.S
cfn=(1368) clone
calls=15 -12 
* 285
+45 30
+1 105

fl=(379) /usr/src/debug/glibc-2.41-16.fc42.x86_64/stdlib/cxa_finalize.c
fn=(1722) __cxa_finalize
45 10
+3 10
-3 40
+3 15
+3 20
+4 30
+1 16
-5 3
+57 25
+4 30
-4 15
+11 10
+1 10
cfi=(380) /usr/src/debug/glibc-2.41-16.fc42.x86_64/posix/register-atfork.c
cfn=(1724) __unregister_atfork
calls=5 -38 
* 90
+1 20
+1 40
-66 32
-1 24
+1 16
-1 24
-4 16
+7 4
+2 4
+36 4
-5 4
-33 4
+35 12
+3 12
+1 12
cob=(8)
cfi=(239)
cfn=(1756)
calls=1 +26 
* 1551
cob=(8)
cfi=(382)
cfn=(1754)
calls=1 631 
* 7
cob=(8)
cfi=(284)
cfn=(1752)
calls=1 +91 
* 8
cob=(8)
cfi=(284)
cfn=(1746)
calls=1 203 
* 8
+1 16
+4 12
-47 13

fl=(137) /usr/src/debug/glibc-2.41-16.fc42.x86_64/string/../sysdeps/x86_64/multiarch/strspn.c
fn=(440) strspn
29 2
fi=(401)
+7 10
fe=(137)
-7 2

fl=(308)
fn=(1342)
117 80
+5 16

fn=(1450)
117 50
+5 10

fn=(1264) madvise
117 5
+5 1

fl=(390) /usr/src/debug/glibc-2.41-16.fc42.x86_64/nptl/pthread_key_delete.c
fn=(1844) pthread_key_delete@@GLIBC_2.34
25 2
+3 4
+2 10
+2 4
+1 8
+3 2
+4 2

fl=(107) /usr/src/debug/glibc-2.41-16.fc42.x86_64/wcsmbs/../sysdeps/x86_64/multiarch/wcscmp.c
fn=(356) wcscmp
30 2
fi=(102) /usr/src/debug/glibc-2.41-16.fc42.x86_64/wcsmbs/../sysdeps/x86_64/multiarch/ifunc-avx2.h
+8 6
+2 8
+1 4
+1 6
+4 8
+3 6
+3 10
fe=(107)

fl=(306)
fn=(1252)
30 2
+9 8
+33 2

fl=(90) /usr/src/debug/glibc-2.41-16.fc42.x86_64/string/../sysdeps/x86_64/multiarch/memset.c
fn=(314) memset
29 5
fi=(91) /usr/src/debug/glibc-2.41-16.fc42.x86_64/string/../sysdeps/x86_64/multiarch/ifunc-memset.h
+32 25
+3 15
+16 10
+4 20
+8 10
fe=(90)
-63 5
fi=(91)
+71 10
-48 5
+1 10
fe=(90)

fl=(92) /usr/src/debug/glibc-2.41-16.fc42.x86_64/wcsmbs/../sysdeps/x86_64/multiarch/wcslen.c
fn=(318) wcslen
29 2
fi=(89) /usr/src/debug/glibc-2.41-16.fc42.x86_64/wcsmbs/../sysdeps/x86_64/multiarch/ifunc-wcslen.h
+11 2
+1 8
+1 6
+4 8
+3 6
+3 6
fe=(92)
-23 2

fl=(132) /usr/src/debug/glibc-2.41-16.fc42.x86_64/debug/../sysdeps/x86_64/multiarch/memmove_chk.c
fn=(424) __memmove_chk
29 1
fi=(94) /usr/src/debug/glibc-2.41-16.fc42.x86_64/debug/../sysdeps/x86_64/multiarch/ifunc-memmove.h
+27 3
+1 2
+3 3
+14 2
+3 2
+8 2
+8 2
+3 5
fe=(132)

fl=(121) /usr/src/debug/glibc-2.41-16.fc42.x86_64/string/../sysdeps/x86_64/multiarch/memcmp.c
fn=(392) bcmp
29 3
fi=(122) /usr/src/debug/glibc-2.41-16.fc42.x86_64/string/../sysdeps/x86_64/multiarch/ifunc-memcmp.h
+5 21
fe=(121)
-5 6
fi=(122)
+6 6
+2 9
+4 6
+3 9
+3 15
fe=(121)

fl=(84) /usr/src/debug/glibc-2.41-16.fc42.x86_64/string/../sysdeps/x86_64/multiarch/strnlen.c
fn=(302) strnlen
31 2
fi=(85)
+7 6
+2 8
+1 4
+1 6
+4 8
+3 6
+3 10
fe=(84)

fl=(183) /usr/src/debug/glibc-2.41-16.fc42.x86_64/nptl/pthread_mutex_conf.c
fn=(612) __pthread_tunables_init
55 2
+1 1
-1 2
+1 1
-1 1
+1 4
cob=(4)
cfi=(184)
cfn=(614)
calls=1 -56 
* 20
+2 4
cob=(4)
cfi=(184)
cfn=(614)
calls=1 -58 
* 19
+2 4
cob=(4)
cfi=(184)
cfn=(614)
calls=1 -60 
* 20
+2 6

fl=(179) /usr/src/debug/glibc-2.41-16.fc42.x86_64/elf/libc_early_init.c
fn=(604) __libc_early_init
34 8
+2 1
cfi=(180) /usr/src/debug/glibc-2.41-16.fc42.x86_64/ctype/ctype-info.c
cfn=(606) __ctype_init
calls=1 +1 
* 17
+3 1
fi=(182) /usr/src/debug/glibc-2.41-16.fc42.x86_64/elf/../sysdeps/nptl/pthread_early_init.h
-6 2
fe=(179)
+6 1
+3 2
fi=(182)
-9 1
cfi=(181)
cfn=(608)
calls=1 +5 
* 10
* 3
+1 1
+4 5
+7 1
fi=(404) /usr/src/debug/glibc-2.41-16.fc42.x86_64/elf/../nptl/nptl-stack.h
+16 3
fi=(182)
-16 1
fi=(404)
+16 2
fi=(182)
-7 1
fi=(404)
+7 2
fi=(182)
-9 1
-6 1
+2 2
+4 4
+1 1
+3 1
cfi=(183)
cfn=(612)
calls=1 -1 
* 84
fe=(179)
-9 2
cfi=(185) /usr/src/debug/glibc-2.41-16.fc42.x86_64/stdlib/../sysdeps/unix/sysv/linux/getrandom.c
cfn=(616) __getrandom_early_init
calls=1 238 
* 18
+3 3
+2 2
-2 1
cfi=(186)
cfn=(618)
calls=1 +42 
* 137

fl=(313) /usr/src/debug/glibc-2.41-16.fc42.x86_64/nptl/pthread_setspecific.c
fn=(1296) pthread_setspecific@@GLIBC_2.34
25 3
+11 2
+3 5
+2 1
-2 3
+4 3
+3 2
+1 1
+39 1
+1 1
-21 1
+20 1
+4 2

fl=(95) /usr/src/debug/glibc-2.41-16.fc42.x86_64/debug/../sysdeps/x86_64/multiarch/memcpy_chk.c
fn=(326) __memcpy_chk
29 1
fi=(94)
+27 3
+1 2
+3 3
+14 2
+3 2
+8 2
+8 2
+3 5
fe=(95)

fl=(228) /usr/src/debug/glibc-2.41-16.fc42.x86_64/stdlib/secure-getenv.c
fn=(798) secure_getenv
28 3
+1 15
cfi=(226)
cfn=(786)
calls=3 -4 
* 2826

fl=(380)
fn=(1724)
82 15
+1 10
-1 10
+1 10
fi=(381) /usr/src/debug/glibc-2.41-16.fc42.x86_64/posix/../malloc/dynarray-skeleton.c
243 5
fe=(380)
71 10
+38 20
+1 10

fl=(116) /usr/src/debug/glibc-2.41-16.fc42.x86_64/wcsmbs/../sysdeps/x86_64/multiarch/wcscpy.c
fn=(378) wcscpy
60 1
-18 2
+1 4
+1 3
+3 3
+3 3
+10 1

fl=(233) /usr/src/debug/glibc-2.41-16.fc42.x86_64/nptl/pthread_key_create.c
fn=(816) pthread_key_create@@GLIBC_2.34
25 6
+2 4
+2 2
+2 4
-2 1
+2 8
-4 4
+6 6
+4 6
+6 2
-3 2
+3 2

fl=(230) /usr/src/debug/glibc-2.41-16.fc42.x86_64/nptl/pthread_attr_init.c
fn=(808) pthread_attr_init@@GLIBC_2.2.5
32 2
fi=(400)
+27 1
fe=(230)
-27 4
fi=(400)
+27 4
fe=(230)
-13 1
cfi=(231)
cfn=(810)
calls=1 -19 
* 6
* 2
+3 4

fl=(300)
fn=(1226)
29 6
+15 4
cfi=(301) /usr/src/debug/glibc-2.41-16.fc42.x86_64/setjmp/../sysdeps/x86_64/bsd-_setjmp.S
cfn=(1228) _setjmp
calls=1 -16 
* 31
* 1
+2 2
+5 2
+1 2
+3 2
+3 5
cob=(9)
cfi=(296)
cfn=(1234) main
calls=1 -58 
* 804216148
+16 2
cfi=(375) /usr/src/debug/glibc-2.41-16.fc42.x86_64/stdlib/exit.c
cfn=(1682) exit
calls=1 +73 
* 5502

fl=(384) /usr/src/debug/glibc-2.41-16.fc42.x86_64/libio/iofflush.c
fn=(1772) fflush
32 10
+1 20
-1 60
+7 20
+1 10
fi=(373)
1036 30
+1 20
fe=(384)
40 20
cfi=(372)
cfn=(1774)
calls=10 827 
* 391
* 20
fi=(373)
990 20
+1 40
fe=(384)
44 60
-5 140
fi=(373)
991 70
fe=(384)

fl=(110) /usr/src/debug/glibc-2.41-16.fc42.x86_64/wcsmbs/../sysdeps/x86_64/multiarch/wmemchr.c
fn=(364) wmemchr
31 3
fi=(111) /usr/src/debug/glibc-2.41-16.fc42.x86_64/wcsmbs/../sysdeps/x86_64/multiarch/ifunc-evex.h
+6 9
+1 12
+1 9
+4 6
+8 9
+3 12
fe=(110)
-23 3

fl=(365) /usr/src/debug/glibc-2.41-16.fc42.x86_64/stdlib/../sysdeps/x86_64/lshift.S
fn=(1616) __mpn_lshift
28 3
+1 3
+1 3
+2 3
+1 3
+1 3
+12 3
+1 3
+1 3
+1 3
+1 3
+1 3
+1 3
+6 3
+1 3
+1 3

fl=(171) /usr/src/debug/glibc-2.41-16.fc42.x86_64/string/../sysdeps/x86_64/multiarch/strstr.c
fn=(570) strstr
44 7

fl=(180)
fn=(606)
37 16
+2 112
+2 64
+2 16
-1 16
+1 16
-1 16
+2 16

fl=(218)
fn=(748)
37 75
+6 30
+35 6
-38 30
+18 30
+4 30
+4 13
+1 13
-1 39
+8 13
cfi=(219) /usr/src/debug/glibc-2.41-16.fc42.x86_64/misc/../sysdeps/unix/sysv/linux/brk.c
cfn=(750) brk
calls=13 -38 
* 125
* 39
+4 31
-28 4
+28 9
-19 2
cfi=(219)
cfn=(750)
calls=1 -23 
* 9
* 2
+4 4

fl=(333)
fn=(1598) __vfprintf_internal
1522 36
+3 3
-3 9
+3 7
+4 15
+11 6
+11 12
+5 9
cfi=(360)
cfn=(1602)
calls=3 108 
* 64
+3 15
cfn=(1380)
calls=3 600 
* 3934
+1 6
cfi=(360)
cfn=(1632)
calls=3 117 
* 645
+3 6
+1 6
+3 33
-42 4
+38 12
-12 12
cfi=(359) /usr/src/debug/glibc-2.41-16.fc42.x86_64/nptl/libc-cleanup.c
cfn=(1600) __libc_cleanup_push_defer
calls=3 24 
* 39
+1 42
-30 3
+30 6
+12 9
cfi=(359)
cfn=(1662) __libc_cleanup_pop_restore
calls=3 54 
* 30
* 3
+2 3
-3 21

fn=(1380)
600 180
fi=(361) /usr/src/debug/glibc-2.41-16.fc42.x86_64/stdio-common/printf-parse.h
82 18
fe=(333)
600 36
fi=(361)
82 18
fe=(333)
600 36
+27 54
+11 18
-11 18
+11 18
-11 18
+11 36
fi=(361)
82 18
cob=(4)
cfi=(184)
cfn=(1382) 0x0000000004c42910
calls=18 -82 
* 378
fe=(333)
654 18
-1 18
+1 18
fi=(361)
82 36
fe=(333)
654 18
-1 18
cfi=(335) /usr/src/debug/glibc-2.41-16.fc42.x86_64/stdio-common/Xprintf_buffer_write.c
cfn=(1386) __printf_buffer_write
calls=18 27 
* 918
+2 54
+4 36
+4 126
-32 18
+11 18
-8 18
+29 18
+42 72
1044 198
705 36
-12 18
+6 18
+6 36
-13 18
-1 18
+14 18
-10 18
-8 18
+11 18
+7 36
-11 18
-8 18
-1 18
+20 36
-21 18
-1 18
+22 18
-15 42
973 6
+3 105
+20 36
+1 3
263 3
+1 3
997 3
744 3
264 6
744 3
263 6
1024 18
fi=(361)
82 18
fe=(333)
1018 18
fi=(361)
82 36
cob=(4)
cfi=(184)
cfn=(1382)
calls=18 -82 
* 378
fe=(333)
1028 36
+1 18
fi=(361)
82 18
fe=(333)
1029 18
-1 18
cfi=(335)
cfn=(1386)
calls=18 27 
* 438
+3 36
709 3
814 3
-1 3
+1 6
+26 9
+15 42
-71 30
fi=(336) /usr/src/debug/glibc-2.41-16.fc42.x86_64/stdio-common/vfprintf-process-arg.c
126 30
+10 30
+19 165
cfi=(337) /usr/src/debug/glibc-2.41-16.fc42.x86_64/stdio-common/_itoa.c
cfn=(1392) _itoa_word
calls=15 +14 
* 1380
+9 15
-3 15
-6 15
+6 15
+3 15
+6 30
-9 15
+3 15
-3 15
+2 15
+7 15
-9 45
+36 45
+39 30
-49 30
-1 30
+1 60
-59 30
+27 15
+15 15
-32 15
+32 15
-15 15
+15 30
fe=(333)
864 15
fi=(336)
66 15
+1 15
240 60
cfi=(335)
cfn=(1386)
calls=15 27 
* 825
* 15
-45 30
-21 15
+21 15
-34 15
+34 30
+4 45
+2 45
+7 90
fe=(333)
+58 3
cfi=(362) /usr/src/debug/glibc-2.41-16.fc42.x86_64/stdio-common/printf_fp.c
cfn=(1608) __printf_fp_l_buffer
calls=3 1099 
* 2923
1001 3
fi=(336)
130 30
+1 105
-38 15
+38 15
-39 15
+2 30
fi=(338)
+69 60
fi=(336)
+67 15
-19 30
fi=(361)
55 21
fe=(333)

fl=(375)
fn=(1684) __run_exit_handlers
45 12
+2 9
+3 2
+3 7
+11 1
+2 2
+8 15
+2 7
+1 7
-1 7
+3 57
+44 9
-49 9
+55 2
+1 2
+6 1
-66 1
+66 3
+2 2
+3 2
cfi=(393)
cfn=(1900)
calls=1 27 
* 3
-29 3
+1 3
-2 3
+3 3
+3 3
-3 6
+3 9
+1 9
cob=(1)
cfi=(377) /usr/src/debug/glibc-2.41-16.fc42.x86_64/elf/dl-fini.c
cfn=(1692) _dl_fini
calls=1 -92 
* 4577
cob=(9)
cfi=(296)
cfn=(1690) std::vector<GraphExtra, std::allocator<GraphExtra> >::~vector()
calls=1 0 
* 76
cob=(9)
cfi=(296)
cfn=(1688) std::vector<Graph*, std::allocator<Graph*> >::~vector()
calls=1 0 
* 76
+1 12
+20 1
cfi=(325)
cfn=(1890) _IO_cleanup
calls=1 881 
* 538
* 1
-88 1
cfi=(376) /usr/src/debug/glibc-2.41-16.fc42.x86_64/stdlib/cxa_thread_atexit_impl.c
cfn=(1686) __call_tls_dtors
calls=1 +97 
* 13
* 1

fn=(1682)
147 2
+1 3
-1 1
+1 1
cfn=(1684)
calls=1 45 
* 5495

fl=(224) /usr/src/debug/glibc-2.41-16.fc42.x86_64/posix/sched_cpucount.c
fn=(770) __sched_cpucount
35 1
+2 3
-1 1
+2 1
-10 2
-1 2
+2 1
-1 3
+1 15
-1 45
+10 1
-1 3
+3 2

fl=(99) /usr/src/debug/glibc-2.41-16.fc42.x86_64/string/../sysdeps/x86_64/multiarch/memcpy.c
fn=(338) memcpy@@GLIBC_2.14
29 5
fi=(100)
+27 15
+1 10
+3 15
+14 10
+3 10
+8 10
+8 10
+3 25
fe=(99)

fl=(106) /usr/src/debug/glibc-2.41-16.fc42.x86_64/string/../sysdeps/x86_64/multiarch/strrchr.c
fn=(352) rindex
28 1
fi=(85)
+10 3
+2 4
+1 2
+1 3
+4 4
+3 3
+3 5
fe=(106)

fl=(209)
fn=(718)
25 1
+1 4
+1 1

fl=(225) /usr/src/debug/glibc-2.41-16.fc42.x86_64/string/../sysdeps/x86_64/multiarch/strcmp-avx2.S
fn=(782) __strncmp_avx2
206 167
+24 167
+5 167
+14 167
+25 167
+1 167
+1 167
+2 167
+1 167
+4 167
+4 167
+2 167
+2 167
+3 167
+2 167
+1 167
+11 167
+10 167
+1 167
+3 167
+4 334
+5 167
+1 167
+1 167
957 4
+1 4
+1 4
+1 4
+2 4
+3 4
+1 4
+4 4
+1 4

fl=(247) /usr/src/debug/glibc-2.41-16.fc42.x86_64/locale/newlocale.c
fn=(888) newlocale
43 13
+12 2
277 12
63 2
+3 1
-10 1
+10 2
+7 2
+2 1
-2 2

fl=(120) /usr/src/debug/glibc-2.41-16.fc42.x86_64/string/../sysdeps/x86_64/multiarch/strchrnul.c
fn=(388) strchrnul
31 1
fi=(85)
+7 3
+2 4
+1 2
+1 3
+4 4
+3 3
+3 5
fe=(120)

fl=(101) /usr/src/debug/glibc-2.41-16.fc42.x86_64/wcsmbs/../sysdeps/x86_64/multiarch/wcschr.c
fn=(342) wcschr
31 2
fi=(102)
+7 6
+2 8
+1 4
+1 6
+4 8
+3 6
+3 10
fe=(101)

fl=(221) /usr/src/debug/glibc-2.41-16.fc42.x86_64/nptl/pthread_self.c
fn=(758) pthread_self
23 1
+2 2

fl=(358) /usr/src/debug/glibc-2.41-16.fc42.x86_64/stdio-common/printf.c
fn=(1596) printf
28 69
+4 3
+1 6
-1 3
+1 3
-1 6
+1 3
-1 6
+1 6
cfi=(333)
cfn=(1598)
calls=3 1522 
* 4990
+4 15

fl=(267) /usr/src/debug/glibc-2.41-16.fc42.x86_64/string/../sysdeps/x86_64/multiarch/memcmp-avx2-movbe.S
fn=(976) __memcmp_avx2_movbe
73 50
+7 50
+1 50
+3 1
+1 1
+1 1
+4 1
+1 1
+2 1
+1 1
+3 1
+1 1
+1 1
+3 1
+1 1
+3 1
+1 1
+3 1
+1 1
+1 1
+1 1
+1 1
+1 1
+1 1
+1 1
+1 1
+1 1
+3 1
+1 1
+6 1
+1 1
+1 1
+1 1
+4 1
+1 1
+2 1
+1 1
+1 1
+1 1
+3 1
+1 1
+1 1
+1 1
+1 1
+1 1
+2 2
+4 39
+10 39
+1 39
+1 39
+3 78
401 49
+1 49
+5 49
+1 49
+1 49
+1 49
+1 49
+3 49
+1 49
+1 49
+1 49
+3 49
+1 49
+1 10
+1 20

fl=(104) /usr/src/debug/glibc-2.41-16.fc42.x86_64/debug/../sysdeps/x86_64/multiarch/memset_chk.c
fn=(348) __memset_chk
29 1
fi=(105) /usr/src/debug/glibc-2.41-16.fc42.x86_64/debug/../sysdeps/x86_64/multiarch/ifunc-memset.h
+32 5
+3 3
+16 2
+4 4
+8 2
fe=(104)
-63 1
fi=(105)
+71 2
-48 1
+1 2
fe=(104)

fl=(211)
fn=(722)
238 4
+54 2
-35 2
-19 18
+26 4
+31 12
546 18
304 4
-3 2
+3 12
+2 4
+5 4
-1 8
+10 6
+15 2
+10 2
-87 1
+87 2
451 5
-61 2
+4 1
-1 1
-3 1
+1 1
+86 1
+12 1
-98 1
+87 1
-87 2
-1 2
+4 1
-1 1
-3 1
+1 1
+86 1
+12 1
-98 1
+87 1
-87 2
+93 3
+5 3
+1 9
-41 6
+2 12
+2 15
+7 4
+17 4
+4 9
+3 6
+11 4
+5 6
+1 2
+23 10
-11 4
342 2
-20 2
+5 4
+15 2
+3 4
-87 1
395 2

fl=(215)
fn=(1482) _int_free_maybe_consolidate.part.0
4826 253
+9 69
+3 69
fi=(216)
55 1
+92 1
-92 2
545 3
147 2
fe=(215)
4851 3
+1 1
fi=(216)
539 1
55 1
fe=(215)
4852 1
fi=(216)
55 1
585 2
+1 2
fe=(215)
4855 253
-14 110
fi=(216)
585 2
fe=(215)

fn=(1666) sysmalloc_mmap_fallback.constprop.0
2492 32
+4 4
+3 12
+1 5
+3 1
+1 2
+4 1
-1 2
-4 3
+1 6
+4 3
-1 6
+3 40
cfi=(307)
cfn=(1258)
calls=4 47 
* 104
* 4
+3 8
+4 8
+4 16
cfi=(340)
cfn=(1398)
calls=4 33 
* 64
+5 4
+2 4
+2 36
2010 16

fn=(752) alloc_perturb
1986 95
+1 285
+2 95

fn=(1472) free
3437 3000000
+4 6000000
-4 2999998
+14 2999998
-14 8999994
+12 5999996
+4 8999994
+17 8999973
fi=(216)
153 8999973
-98 14
+92 84
+6 14
fe=(215)
4690 28
4558 56
4690 5999954
4558 11999908
+1 5999982
+4 11999964
3253 8999973
-1 5999982
+1 5999982
+9 8999928
+3 11999904
4699 60
cfn=(1476) _int_free_chunk
calls=15 4574 
* 2221
3479 5999982
+1 8999973
-23 21
+2 24
+2 5
+1 5
-1 5
+1 5
+1 5
+3 10
cfn=(1486) munmap_chunk
calls=5 3026 
* 175
* 4
cfn=(1486)
calls=2 3026 
* 70
+13 14
+1 23
3165 2999976
+4 2999976
-4 2999976
+2 11999904
+1 2999976
+1 2999976
3271 2999976

fn=(740) tcache_init.part.0
3307 8
+9 12
+1 3
cfn=(742) _int_malloc
calls=1 3904 
* 368
+1 2
+8 4
+9 2
fi=(220) /usr/src/debug/glibc-2.41-16.fc42.x86_64/malloc/../string/bits/string_fortified.h
59 4
fe=(215)
3335 2
fi=(220)
59 172
fe=(215)
3339 6
fi=(216)
824 1
cfn=(1442)
calls=1 706 
* 4
* 1
+1 5
cfn=(1444)
calls=1 -7 
* 1016
fe=(215)
3317 4
cfn=(742)
calls=1 3904 
* 131
+1 2
+7 2
+8 2
-7 4

fn=(1328) realloc
3485 99
+6 18
+4 18
3616 1
3503 1
3616 6
3503 1
cfn=(732) malloc
calls=1 3385 
* 185
-1 18
5298 8
3511 8
5299 24
-1 16
+2 16
3616 72
5301 8
3519 16
+15 24
fi=(216)
153 24
fe=(215)
3542 32
+1 16
1328 16
+19 48
3553 16
+31 16
+9 32
+2 48
cfn=(1674) _int_realloc
calls=8 4971 
* 2920369
* 8
+2 40
+1 40
fi=(216)
153 18
fe=(215)
3598 12

fn=(1674)
4971 40
+11 32
+1 32
+1 32
+6 16
+2 8
+1 24
+2 32
+3 16
+14 3
+53 6
-53 6
+57 3
-57 3
+57 6
-2 6
+19 3
+1 48
-79 16
+12 10
+12 42
cfn=(742)
calls=6 3904 
* 2979
* 6
+1 12
+3 6
+6 18
+8 5
-1 5
fi=(220)
29 10
fe=(215)
5049 5
+1 30
fi=(220)
29 5
cob=(4)
cfi=(184)
cfn=(1388) 0x0000000004c42a30
calls=5 -29 
* 2915460
fe=(215)
4558 5
fi=(220)
29 5
fe=(215)
4690 15
4558 20
+5 20
3253 20
-1 10
+1 10
5078 3
-4 3
+3 3
+1 3
-1 3
+1 3
+3 3
4690 9
4558 12
+5 12
3253 12
-1 6
+1 6
5022 5
-1 10
+5 12
cfn=(1478) unlink_chunk.isra.0
calls=2 1610 
* 53
+44 10
-48 4
+15 1
+7 1
+19 1
-26 1
+7 1
+19 2
-13 1
+20 2
4699 25
cfn=(1476)
calls=5 4574 
* 746
* 22
cfn=(1476)
calls=3 4574 
* 349
* 3
5009 3
+1 3
-2 6

fn=(1306) _int_memalign
1347 6
5109 2
-13 8
+33 1
-33 1
+33 1
cfn=(742)
calls=1 3904 
* 125
* 1
+2 2
+5 1
-2 1
+2 3
+7 2
+7 1
-7 3
+2 1
+4 1
-4 1
+4 6
+1 3
+3 2
+8 2
+2 1
-2 2
+2 1
-2 5
+2 1
+1 5
+1 2
cfn=(1308) _int_free_merge_chunk
calls=1 4707 
* 83
+3 9
-2 1
+7 3
+2 2
+3 2
-2 1
+4 1
-3 2
+4 2
+9 1
+1 2
-1 2
-1 1
+2 1
cfn=(1310) _int_free_create_chunk
calls=1 4756 
* 8
4833 3
5201 7

fn=(1476)
4574 196
1796 28
4582 56
+97 30
-21 56
+3 56
+3 56
+1 60
+2 45
cfn=(1308)
calls=15 +40 
* 1771
* 15
+3 60
+9 13
-12 52
cfn=(1308)
calls=13 +40 
* 1437

fn=(1304) _mid_memalign.isra.0
3653 6
+6 2
+4 2
1328 2
+19 1
3693 7
3215 2
3668 3
+8 3
+38 2
+24 6
-22 4
cfn=(1306)
calls=1 1347 
* 322
* 1
+1 5
fi=(216)
153 2
fe=(215)
3671 2

fn=(1310)
4756 60
-1 120
+7 48
+4 14
+4 28
+9 23
-1 23
+2 46
+2 46
+22 23
-5 23
+5 23
-4 23
+1 23
+1 23
+2 23
+1 23
+15 46
-16 1
-5 1
+5 1
-4 1
+1 1
+1 1
+2 1
+1 1
+15 12
-57 50
cfn=(1478)
calls=10 1610 
* 289
+1 40
+6 20
+19 2
+1 4
+1 1
+2 2
+3 7
+17 6
+1 18
+1 6
+5 6

fn=(1478)
1610 27
+2 81
-2 27
+2 54
+3 27
+3 54
-2 27
+2 54
+3 27
+1 27
+1 132
+2 44
+1 66
+3 44
+14 20
+1 20
+3 50
-16 4
+1 6
+15 4

fn=(1486)
3026 7
+2 7
-2 7
+4 14
+3 14
-5 7
+4 7
+1 7
+1 7
-7 7
+13 28
+1 7
-1 7
+1 28
+3 7
+1 21
+6 7
-1 14
cfi=(308)
cfn=(1450)
calls=7 117 
* 42

fn=(1308)
4707 174
+5 145
-4 29
+7 87
+5 87
+4 58
-1 29
+2 58
1994 87
4731 58
+2 5
+2 5
+1 20
+2 10
-4 5
+4 10
cfn=(1478)
calls=5 1610 
* 155
* 10
+4 20
cfn=(1310)
calls=5 +14 
* 120
* 96
cfn=(1310)
calls=24 +14 
* 981
+91 58
-89 197
cfn=(1482)
calls=23 +82 
* 777
-27 6
-2 4

fn=(744) sysmalloc
2534 198
+20 22
-20 66
+20 22
+11 44
+1 44
-11 13
+35 13
+11 13
-10 39
+1 13
+9 113
+6 36
+3 39
2923 39
+1 13
+5 26
+3 26
+5 26
-2 13
+2 13
-1 13
+1 13
-3 13
+3 13
+1 13
-1 39
+1 13
+2 13
+6 242
2567 27
+3 36
+8 36
cfn=(1480) sysmalloc_mmap.isra.0
calls=9 2402 
* 919
+1 18
+92 26
+9 52
+13 39
+8 65
+8 26
+20 16
+15 8
-4 4
+6 4
-6 4
+6 4
+2 16
+9 12
+92 15
-65 5
+84 10
+10 6
-1 6
+1 18
+1 6
+11 12
+7 10
+1 15
+8 5
+2 5
+5 10
4690 15
4558 20
+1 10
+4 20
3253 20
-1 10
+1 10
2734 32
cfn=(1666)
calls=4 2492 
* 381
+2 12
-2 4
+2 4
-25 78
cfi=(217)
cfn=(746)
calls=13 25 
* 606
+1 52
-1 13
+1 13
2010 45
2714 13
+3 26
+29 9
+2 9
-2 9
+2 27
+6 18
+1 7
2928 7
2755 21
+2 2
+40 3
+22 2
+1 5
+2 1
+1 4
cfi=(217)
cfn=(746)
calls=1 25 
* 26
+12 3
-12 1
+12 1
2010 4
2784 2
-37 2
+38 3
+90 6
-5 4
cfi=(217)
cfn=(746)
calls=1 25 
* 26
-85 2
+85 1
-85 2
4699 25
cfn=(1476)
calls=5 4574 
* 615
2928 15
4564 6

fn=(1302) memalign
3621 1
+1 2
+4 1
cfn=(1304)
calls=1 +27 
* 372

fn=(1480)
2402 27
+13 27
-13 9
+18 18
+3 81
cfi=(307)
cfn=(1258)
calls=9 47 
* 234
* 9
+3 18
+4 18
+4 45
cfi=(340)
cfn=(1398)
calls=9 33 
* 144
+16 36
+19 9
-1 9
+5 9
-4 18
+4 27
+1 37
+3 27
+1 45
+5 36
2010 36

fn=(732)
3385 18000192
+7 6000064
1328 6000062
+19 3000032
3361 3000032
-2 6000064
+2 3000032
-2 15000160
+2 6000064
3215 6000060
+2 8999982
-37 5999922
+4 5999922
+4 2999961
+4 2999961
-4 8999883
+4 2999961
+1 2999961
3432 12000128
3313 10
cfn=(740)
calls=2 -6 
* 1755
-98 6
+1 8
3404 142
+8 520
+2 195
cfn=(742)
calls=65 3904 
* 13822
+3 130
-3 65
+3 65
+8 260
+4 195
fi=(216)
153 177
-98 14
fe=(215)
3429 14
fi=(216)
147 84
+6 14
fe=(215)
3429 118
fi=(216)
264 1
cfn=(736)
calls=1 -2 
* 1076
fe=(215)
1328 2
3406 18
cfn=(742)
calls=6 3904 
* 851
* 6
+1 30
fi=(216)
153 12
fe=(215)

fn=(742)
3904 792
1328 198
+19 588
3945 186
1796 93
3972 186
+65 42
-63 84
+3 21
+2 42
+56 144
+62 1228
+1 147
+19 98
+1 98
-2 98
+1 196
+1 196
-2 192
+12 490
-1 66
+4 44
+3 44
-3 12
+3 12
+1 84
-3 28
+5 28
+1 112
+2 112
-10 28
+12 56
+1 56
+2 56
+11 56
+29 28
+1 28
+4 56
+29 56
+8 112
+1 1
+1 1
-1 1
+4 2
-4 26
+1 26
-1 26
+4 52
+5 64
-2 16
+3 32
+7 4
-1 16
+2 8
+33 8
+9 4
-9 16
+1 4
+1 4
+1 4
+1 4
+6 12
-10 48
+9 24
-9 96
+1 24
+1 24
+1 24
+1 24
+6 72
4545 891
3945 12
+27 12
+66 50
+2 50
-2 50
+2 100
+2 1
+1 2
+6 1
-4 1
+1 1
+1 1
+2 2
+7 4
-1 2
+1 2
+5 4
+1 5
1987 1
4078 1
1987 2
3972 18
1347 6
3977 12
+2 93
4298 84
4128 84
4304 88
+11 294
+2 147
+3 49
-3 49
+3 98
+1 119
+67 91
+1 91
+1 91
-1 91
+1 91
+1 182
+1 273
+5 364
+16 2
+2 4
-4 12
+8 4
+3 8
+2 1
+1 1
+1 1
-2 4
-27 1
4227 214
-6 2
+1 3
+1 1
-1 1
+1 2
+4 4
+49 11
-48 11
+48 33
3170 23
4037 138
4250 36
+3 5
+1 15
-3 34
+6 12
+7 10
-1 40
+2 20
+2 10
+1 30
+2 10
+1 20
-1 2
+1 4
3992 352
4404 715
-3 693
4501 88
+1 176
+2 176
+3 264
+17 66
4227 127
+33 4
-33 160
4431 12
+3 6
+2 3
+3 6
-3 12
+3 3
cfn=(1478)
calls=3 1610 
* 81
+3 18
+15 3
+1 6
+3 6
-9 3
+9 6
+1 3
+1 3
+3 6
+1 1
+1 6
+2 4
+3 16
+2 6
+1 2
1987 2
4479 2
1987 4
4473 8
+2 3
+1 1
1987 1
4479 1
1987 2
4324 7
+1 7
+2 11
-2 90
+6 14
+2 6
-1 12
+4 7
+1 14
-1 28
+1 7
cfn=(1478)
calls=7 1610 
* 217
+3 42
+13 7
+1 14
+3 14
-8 7
+8 14
+1 7
+1 7
+1 14
+2 14
+3 56
+2 21
+1 7
4517 7
+1 21
cfn=(752)
calls=7 1986 
* 35
-1 66
+1 198
cfn=(752)
calls=66 1986 
* 330
+1 73
-7 66
-2 132
+2 66
-2 66
+2 66
-3 66
+2 66
+1 66
+2 66
-2 264
+2 132
+25 88
cfn=(744)
calls=22 2534 
* 4890
* 22
+1 44
+1 66
cfn=(752)
calls=22 1986 
* 110
* 22

fn=(778) calloc
3775 38
+8 19
-8 76
+8 152
+8 38
1328 38
+19 19
3361 19
-2 133
+2 57
3215 38
+2 48
3895 6
-83 38
+3 144
+7 18
+8 36
-7 36
+7 36
+14 114
cfn=(742)
calls=19 +60 
* 3652
+2 76
-2 19
+2 76
+3 2
+30 3
+16 18
fi=(220)
59 36
fe=(215)
3895 54
fi=(220)
59 18
cob=(4)
cfi=(184)
cfn=(764)
calls=18 -59 
* 875627
fe=(215)
3822 1
+1 4
+7 1
+16 18
fi=(216)
153 36
fe=(215)
3846 36
+3 36
+10 72
+15 18
-8 18
+8 36
+3 36
+9 54
+3 90
+4 18
fi=(405) /usr/src/debug/glibc-2.41-16.fc42.x86_64/malloc/../sysdeps/generic/calloc-clear-memory.h
25 36
+2 36
fe=(215)
3874 1
+3 1

fl=(264)
fn=(962)
40 128
+1 384
+1 128

fl=(189) /usr/src/debug/glibc-2.41-16.fc42.x86_64/csu/init-first.c
fn=(650) _init_first
46 5
+5 2
+4 5
+8 1
-2 1
+10 1
-9 1
+1 1
+9 1
-1 1
cfi=(190)
cfn=(652)
calls=1 -41 
* 61

fl=(301)
fn=(1228)
28 16
+2 16
+2 16
cfi=(302)
cfn=(1230)
calls=16 -1 
* 448

fl=(331)
fn=(1376)
26 180
+4 15
+1 30
-1 75
+1 15
cfi=(332)
cfn=(1378)
calls=15 +62 
* 7725
+4 75

fl=(329)
fn=(1368)
52 15
+2 15
+1 15
+1 15
+3 15
+1 15
+3 15
+2 15
+4 15
+3 15
+1 15
+1 15
+1 15
+1 15
+5 15
+2 30
+1 30
+1 30
+2 15
+8 15
+3 15
+1 15
+1 15
cfi=(317) /usr/src/debug/glibc-2.41-16.fc42.x86_64/nptl/pthread_create.c
cfn=(1372) start_thread
calls=15 339 
* 77072040

fl=(93) /usr/src/debug/glibc-2.41-16.fc42.x86_64/debug/../sysdeps/x86_64/multiarch/mempcpy_chk.c
fn=(322) __mempcpy_chk
29 1
fi=(94)
+27 3
+1 2
+3 3
+14 2
+3 2
+8 2
+8 2
+3 5
fe=(93)

fl=(140) /usr/src/debug/glibc-2.41-16.fc42.x86_64/string/../sysdeps/x86_64/multiarch/strncase.c
fn=(450) strncasecmp
31 2
fi=(113)
+5 2
+1 8
fe=(140)
-6 4
fi=(113)
+7 6
+4 8
+3 6
+3 8
fe=(140)

fl=(281)
fn=(1116) __internal_atexit
36 49
+5 21
+2 49
+1 14
cfn=(1118) __new_exitfn
calls=7 +36 
* 228
+2 14
+9 7
+2 7
-5 7
+2 7
+2 7
-4 14
+1 7
+4 28
+1 7
+1 42

fn=(1114)
67 7
+1 14
cfn=(1116)
calls=7 -32 
* 508

fn=(1118)
80 7
+6 14
-6 28
+11 7
-10 7
+10 28
+2 14
+1 24
-1 14
-2 1
+10 1
-10 3
+13 12
+25 6
+1 12
-1 12
+7 6
+5 6
-4 6
+4 12
-5 1
+5 1
-4 1
+4 2
-18 1
-1 1
+12 1

fl=(201) /usr/src/debug/glibc-2.41-16.fc42.x86_64/posix/../sysdeps/unix/sysv/linux/x86/sysconf.c
fn=(694) sysconf
32 8
+1 5
fi=(202) /usr/src/debug/glibc-2.41-16.fc42.x86_64/posix/../sysdeps/unix/sysv/linux/x86/../sysconf.c
+16 10
fe=(201)
-12 9
fi=(203) /usr/src/debug/glibc-2.41-16.fc42.x86_64/posix/../sysdeps/posix/sysconf.c
+23 11
630 1
cfi=(204)
cfn=(700)
calls=1 230 
* 503
* 2
fe=(201)

fl=(357) /usr/src/debug/glibc-2.41-16.fc42.x86_64/time/../sysdeps/unix/sysv/linux/clock_gettime.c
fn=(1586) clock_gettime@@GLIBC_2.17
30 6
+8 12
+2 12
+28 12
+1 12
-25 12

fl=(82) /usr/src/debug/glibc-2.41-16.fc42.x86_64/string/../sysdeps/x86/cacheinfo.c
fn=(298) __x86_cacheinfo
86 1
fi=(83) /usr/src/debug/glibc-2.41-16.fc42.x86_64/string/../sysdeps/x86/cacheinfo.h
-24 1
+3 3
+2 1
+1 1
-1 2
+7 3
+2 1
+1 1
-1 2
+5 2
+3 2
+2 2
+1 2
+1 2
+2 2
fe=(82)
-4 2

fl=(340)
fn=(1398)
33 145
+2 145
+14 175
-9 7
cob=(4)
cfi=(184)
cfn=(614)
calls=1 -40 
* 20
* 5
+7 1
+1 1

fl=(219)
fn=(750)
36 14
fi=(406) /usr/src/debug/glibc-2.41-16.fc42.x86_64/misc/../sysdeps/unix/sysv/linux/brk_call.h
-12 28
fe=(219)
+13 28
+1 28
+6 10
+1 10
-5 8
+1 8

fl=(325)
fn=(1644)
369 1
+1 2
+2 4
-3 1
fi=(373)
1036 1
fe=(325)
369 2
+4 1
fi=(373)
1036 2
+1 2
fe=(325)
373 3
cfi=(374) /usr/src/debug/glibc-2.41-16.fc42.x86_64/libio/filedoalloc.c
cfn=(1646) _IO_file_doallocate
calls=1 78 
* 261
* 2
+3 2

fn=(1890)
881 11
+1 1
cfn=(1892) _IO_flush_all
calls=1 712 
* 216
-73 2
+73 1
-73 3
cfi=(359)
cfn=(1600)
calls=1 24 
* 13
+1 11
+3 3
fi=(373)
1036 2
fe=(325)
831 9
+2 6
+20 3
+2 18
+1 3
-43 9
+4 3
+1 45
+8 6
+2 9
+7 4
+4 1
-2 1
+3 1
-1 1
-2 1
+2 1
+5 1
fi=(373)
1036 2
+1 2
fe=(325)
844 4
cfi=(372)
cfn=(1896)
calls=1 416 
* 87
+2 3
+9 23
+5 2
+1 2
cfi=(359)
cfn=(1662)
calls=1 54 
* 10
+33 11
-34 7

fn=(1898)
478 2
fi=(373)
1036 1
fe=(325)
478 8
+1 1
fi=(373)
1036 2
+1 2
fe=(325)
479 2
cfi=(372)
cfn=(1774)
calls=1 827 
* 21
* 2
+4 1
356 1
488 1
-7 2
358 1
492 1
363 1
-4 1
+4 1
493 1
-1 3
+2 6
-11 1
+1 2
-1 1
356 4

fn=(1652) _IO_setb
355 5
+1 4
+3 1
+2 4
-3 1
+3 2
+3 2

fn=(1356) _IO_enable_locks
544 1
+3 3
1086 1
549 1
+1 4
+1 7
1100 1
550 2
+1 14
1100 2
550 4
+2 1

fn=(1656)
397 11
+3 4
fi=(373)
1036 3
fe=(325)
423 1
+2 2
-20 4
+2 1
+1 2
+2 2
+2 2
+1 1
-1 1
cob=(4)
cfi=(184)
cfn=(1658) 0x0000000004c427a0
calls=1 0 
* 16
* 1
+1 1
-12 1
+29 8

fn=(1892)
712 5
+5 1
-5 6
+5 4
cfi=(359)
cfn=(1600)
calls=1 24 
* 13
+1 11
+3 3
-8 1
fi=(373)
1036 2
fe=(325)
741 18
+1 3
-21 9
+2 3
+1 45
+2 18
+7 9
+1 12
+7 21
+5 2
+1 2
cfi=(359)
cfn=(1662)
calls=1 54 
* 10
+4 11
-5 7

fl=(335)
fn=(1386)
27 54
+1 162
-1 378
+4 186
+2 78
+3 39
fi=(407) /usr/src/debug/glibc-2.41-16.fc42.x86_64/stdio-common/../string/bits/string_fortified.h
-7 39
fe=(335)
+8 78
fi=(407)
-8 39
fe=(335)
+12 39
fi=(407)
-12 39
cob=(4)
cfi=(184)
cfn=(1388)
calls=39 -29 
* 573
fe=(335)
+11 117
-9 78
+2 117
+11 324

fl=(339)
fn=(1396)
25 18
+1 54
+5 36
+2 198
+7 18

fl=(103) /usr/src/debug/glibc-2.41-16.fc42.x86_64/string/../sysdeps/x86_64/multiarch/strchr.c
fn=(346) index
65 3
-23 6
+2 3
-1 12
+1 6
+4 12
+3 9
+3 9
+11 3

fl=(305)
fn=(1244)
74 9
+1 9
cfn=(1246) __internal_syscall_cancel
calls=3 -45 
* 109
+4 12
+1 6

fn=(1246)
30 15
+7 6
+1 14
+11 24
cfi=(354)
cfn=(1532)
calls=2 -18 
* 30
+5 4
+6 8
+4 4
-24 2
+24 2

fl=(245)
fn=(878)
25 1
+3 1
+1 1
+1 2
+2 1
+1 1

fn=(890)
40 1
+3 2
+4 2
+2 1

fl=(317)
fn=(1372)
339 150
+7 30
+22 60
+3 15
cfi=(180)
cfn=(606)
calls=15 37 
* 255
+3 45
cfi=(321)
cfn=(1374)
calls=15 570 
* 8915
+4 15
fi=(341) /usr/src/debug/glibc-2.41-16.fc42.x86_64/nptl/../sysdeps/unix/sysv/linux/rseq-internal.h
93 15
+7 30
-7 15
+7 15
+24 45
fe=(317)
379 30
+10 75
+17 30
cfi=(301)
cfn=(1228)
calls=15 28 
* 465
* 15
+14 15
-14 15
+18 15
-4 15
+4 90
+3 30
+3 30
+2 15
fi=(330) /usr/src/debug/glibc-2.41-16.fc42.x86_64/nptl/../sysdeps/unix/sysv/linux/internal-signals.h
89 60
fe=(317)
432 15
fi=(330)
89 15
fe=(317)
434 15
+10 15
+1 15
-7 30
+10 15
cob=(7) /usr/lib64/libgomp.so.1.0.0
cfi=(236) /usr/src/debug/gcc-15.2.1-7.fc42.x86_64/obj-x86_64-redhat-linux/x86_64-redhat-linux/libgomp/../../../libgomp/team.c
cfn=(1402) gomp_thread_start
calls=15 71 
* 77061415

fn=(1332) pthread_create@@GLIBC_2.34
631 240
+6 30
+13 60
-2 15
-2 15
fi=(321)
221 15
cfi=(231)
cfn=(810)
calls=15 27 
* 90
fi=(320) /usr/src/debug/glibc-2.41-16.fc42.x86_64/nptl/./nptl-stack.h
61 15
fi=(321)
221 30
fi=(320)
61 90
fi=(321)
225 15
fi=(320)
61 15
fi=(321)
225 15
fi=(320)
61 15
fi=(321)
225 30
+5 45
+10 15
-19 15
335 45
+10 90
+4 30
fe=(317)
902 30
+4 195
fi=(321)
349 60
+5 45
+1 15
-2 30
-22 15
66 15
331 75
-1 30
66 45
+8 75
460 45
+29 75
+26 15
fe=(317)
760 15
fi=(321)
530 15
+16 15
fe=(317)
679 15
fi=(321)
530 15
+11 30
-21 15
+21 15
-11 15
fe=(317)
688 15
-6 15
fi=(321)
546 15
fe=(317)
649 15
fi=(321)
525 15
fe=(317)
688 15
+1 15
+1 15
-1 15
+5 15
fi=(321)
528 15
+2 15
fe=(317)
694 15
-1 15
+2 45
+4 45
+1 60
+5 15
-5 15
+5 45
+3 60
+5 30
+1 30
+4 30
+5 30
fi=(408) /usr/src/debug/glibc-2.41-16.fc42.x86_64/nptl/../sysdeps/x86/nptl/tls-setup.h
22 30
fe=(317)
735 45
+21 30
+4 30
+2 15
+10 15
fi=(330)
81 75
fe=(317)
777 30
fi=(330)
81 30
fe=(317)
785 45
fi=(326) /usr/src/debug/glibc-2.41-16.fc42.x86_64/nptl/../sysdeps/unix/sysv/linux/internal-sigset.h
34 15
fe=(317)
614 60
841 90
cfn=(1360) create_thread
calls=15 237 
* 1904
fi=(330)
89 45
fe=(317)
841 15
fi=(330)
89 45
fe=(317)
848 30
+40 30
+10 30
84 2
-2 1
+2 1
fi=(409) /usr/src/debug/glibc-2.41-16.fc42.x86_64/nptl/../sysdeps/unix/sysv/linux/sigsetops.h
-30 1
fe=(317)
+28 1
+1 1
+1 1
cfi=(318)
cfn=(1334)
calls=1 -41 
* 51
+7 2
fi=(409)
+13 1
fe=(317)
-13 1
fi=(409)
+13 1
fe=(317)
-13 3
643 1
-3 1
+3 2
fi=(321)
234 60
+1 15
+1 60
+4 30
fe=(317)
796 30
fi=(326)
102 15
+1 15
fe=(317)
668 1
+89 1
cfi=(325)
cfn=(1356)
calls=1 544 
* 41
* 2
fi=(321)
99 75
368 165
cfi=(307)
cfn=(1258)
calls=15 47 
* 390
+3 45
-3 15
+3 15
+5 60
+6 30
+15 30
168 15
+4 45
-4 30
+4 15
cfi=(308)
cfn=(1342)
calls=15 -55 
* 90
* 60
387 15
+26 15
-26 15
+1 15
+21 15
+9 15
+13 15
-18 15
-3 15
+8 15
+3 15
+7 15
+3 15
cob=(4)
cfi=(184)
cfn=(1344) 0x0000000004c42a80
calls=15 0 
* 13470
* 45
+13 75
+3 90
cfi=(324)
cfn=(1354)
calls=15 43 
* 180
+2 75
-81 30
fe=(317)

fn=(1360)
237 165
+4 15
-4 45
+4 30
+4 30
+3 30
+1 30
+42 15
-3 15
+10 15
-10 15
+10 30
-10 135
+10 15
cfi=(327)
cfn=(1362)
calls=15 97 
* 1034
+1 30
+5 15
+6 30
+12 30
+11 15
+1 165

fl=(362)
fn=(1622) hack_digit
91 72
-3 144
+5 24
+2 48
-2 48
+2 24
+1 48
-1 48
+1 24
cfi=(368)
cfn=(1624)
calls=24 -65 
* 504
* 24
+31 24
+1 144

fn=(1612) __printf_fp_buffer_1.isra.0
138 48
+21 3
+18 3
+10 3
-28 21
+62 6
+5 12
1030 33
230 21
+36 3
+5 3
-49 3
+44 12
+1 3
+1 6
+3 36
+1 3
-1 3
+1 6
-1 3
+1 3
-1 3
+1 27
+1 3
-1 3
+1 3
-1 3
+1 30
+6 3
-6 6
+7 6
665 3
+9 3
-9 3
+9 3
-9 3
+9 9
+6 3
-6 3
+6 3
-4 6
+16 3
-6 6
+52 6
+8 6
fi=(367) /usr/src/debug/glibc-2.41-16.fc42.x86_64/stdio-common/../sysdeps/pthread/allocalim.h
27 3
fe=(362)
746 3
fi=(367)
27 3
cfi=(366)
cfn=(1618)
calls=3 * 
* 30
+2 6
fe=(362)
759 6
-67 3
+67 33
fi=(367)
29 3
fe=(362)
759 9
+1 9
+3 6
+3 12
+7 18
+2 6
-4 3
+4 3
+13 6
-1 3
+2 3
+1 12
+3 18
-1 18
+2 18
-1 18
cfn=(1622)
calls=18 91 
* 882
* 18
+3 38
-1 18
-6 18
+1 51
230 18
cfi=(364) /usr/src/debug/glibc-2.41-16.fc42.x86_64/stdlib/../sysdeps/ieee754/dbl-64/dbl2mpn.c
cfn=(1614) __mpn_extract_double
calls=3 33 
* 63
* 12
+4 3
805 9
+1 9
cfn=(1622)
calls=3 91 
* 147
+2 6
-2 3
+2 15
fi=(369) /usr/src/debug/glibc-2.41-16.fc42.x86_64/stdio-common/../sysdeps/generic/get-rounding-mode.h
94 3
+1 21
fi=(370) /usr/src/debug/glibc-2.41-16.fc42.x86_64/stdio-common/../include/rounding-mode.h
-37 4
fe=(362)
935 1
-11 3
+7 2
+4 6
+45 12
+3 6
+4 3
+9 3
-5 3
-3 3
+3 3
+5 3
-9 6
+19 6
fi=(338)
163 9
fe=(362)
1009 9
+13 12
cfi=(335)
cfn=(1386)
calls=3 27 
* 159
+2 9
+4 6
483 6
655 9
+4 6
cfi=(365)
cfn=(1616)
calls=3 28 
* 48
* 3
+1 15
+1 6
987 6
+14 6
+2 6
fi=(370)
52 10
fe=(362)
830 4
+5 18
+5 16
+2 4
+2 4
+80 4
-69 4
+80 2
-11 6
766 30
+3 6
cfn=(1622)
calls=3 91 
* 147
* 3
-3 12
-77 3
-1 3
+1 6
+12 3
-9 6
+2 3
+2 6
+42 6
-44 21
994 9
+2 18
fi=(338)
163 6
fe=(362)
834 4

fn=(1608)
1099 36
+3 3
-3 9
+3 6
+13 9
cob=(4)
cfi=(184)
cfn=(788)
calls=3 0 
* 48
* 6
+1 15
+31 33
fi=(363) /usr/src/debug/glibc-2.41-16.fc42.x86_64/stdio-common/../include/../locale/localeinfo.h
330 6
fe=(362)
1111 3
fi=(363)
330 3
fe=(362)
1112 6
+5 6
+5 21
cfn=(1612)
calls=3 138 
* 2710
+4 3

fl=(307)
fn=(1258)
47 30
+3 60
-3 180
+6 60
+5 180
+2 120
-7 150

fl=(88) /usr/src/debug/glibc-2.41-16.fc42.x86_64/wcsmbs/../sysdeps/x86_64/multiarch/wcsnlen.c
fn=(310) wcsnlen
30 1
fi=(89)
+10 1
+1 4
+1 3
+4 4
+3 3
+3 3
fe=(88)
-22 1

fl=(115) /usr/src/debug/glibc-2.41-16.fc42.x86_64/string/../sysdeps/x86_64/multiarch/strcspn.c
fn=(376) strcspn
29 1
fi=(401)
+7 5
fe=(115)
-7 1

fl=(265)
fn=(964)
49 128
+2 512
+3 128

fl=(337)
fn=(1392)
169 15
+1 15
-1 15
+1 45
+4 30
+9 15
-9 45
+9 1170
+9 30

fl=(376)
fn=(1686)
148 4
+1 1
-1 1
+1 3
+16 4

fl=(123) /usr/src/debug/glibc-2.41-16.fc42.x86_64/wcsmbs/../sysdeps/x86_64/multiarch/wmemset.c
fn=(396) wmemset
31 3
fi=(124) /usr/src/debug/glibc-2.41-16.fc42.x86_64/wcsmbs/../sysdeps/x86_64/multiarch/ifunc-wmemset.h
+5 15
+1 9
+3 6
+8 9
+3 12
fe=(123)
-20 3

fl=(193) /usr/src/debug/glibc-2.41-16.fc42.x86_64/libio/stdfiles.c
fn=(660) _IO_stdfiles_init
64 1
+3 3
-1 2
+3 1
-1 1
-1 3
+2 2
-1 2
-1 6
+3 1

fl=(227) /usr/src/debug/glibc-2.41-16.fc42.x86_64/string/../sysdeps/x86_64/multiarch/strlen-avx2.S
fn=(790) __strlen_avx2
52 84
+13 84
+1 84
+1 84
+3 84
+2 84
+1 84
+3 84
+1 84
+8 84
+1 84
+1 84
+5 168

fl=(134) /usr/src/debug/glibc-2.41-16.fc42.x86_64/string/../sysdeps/x86_64/multiarch/memmove.c
fn=(432) memmove
29 4
fi=(100)
+27 12
+1 8
+3 12
+14 8
+3 8
+8 8
+8 8
+3 20
fe=(134)

fl=(374)
fn=(1646)
78 6
+6 1
-6 3
+6 3
fi=(373)
1036 3
+1 2
fe=(374)
84 3
cfi=(372)
cfn=(1648)
calls=1 1207 
* 9
* 2
+2 4
+11 4
+4 2
cob=(4)
cfi=(184)
cfn=(1650) 0x0000000004c42b20
calls=1 0 
* 184
+1 2
+2 5
cfi=(325)
cfn=(1652)
calls=1 355 
* 19
+1 1
+1 8

fl=(260) /usr/src/debug/glibc-2.41-16.fc42.x86_64/locale/uselocale.c
fn=(950) uselocale
30 2
+1 6
+2 4
+3 2
-1 2
+2 2
+28 6
+1 6
+1 6
+3 6
+1 2

fl=(359)
fn=(1600)
24 5
+1 5
+2 10
+2 10
+3 10
+14 15
+2 5
+1 5

fn=(1662)
54 5
+3 10
+2 15
+1 15
+11 5

fl=(117) /usr/src/debug/glibc-2.41-16.fc42.x86_64/string/../sysdeps/x86_64/multiarch/strcat.c
fn=(380) strcat
29 1
fi=(118)
+9 2
+1 1
-1 2
+1 2
+4 4
+3 3
+3 3
fe=(117)
-20 1

fl=(133) /usr/src/debug/glibc-2.41-16.fc42.x86_64/string/../sysdeps/x86_64/multiarch/stpcpy.c
fn=(428) stpcpy
33 1
fi=(118)
+5 2
+1 1
-1 2
+1 2
+4 4
+3 3
+3 3
fe=(133)
-16 1

fl=(185)
fn=(616)
238 7
+3 6
+37 5

fl=(96) /usr/src/debug/glibc-2.41-16.fc42.x86_64/string/../sysdeps/x86_64/multiarch/memrchr.c
fn=(330) memrchr
29 1
fi=(85)
+9 3
+2 4
+1 2
+1 3
+4 4
+3 3
+3 5
fe=(96)

fl=(112) /usr/src/debug/glibc-2.41-16.fc42.x86_64/string/../sysdeps/x86_64/multiarch/strncmp.c
fn=(368) strncmp
67 3
-24 3
+1 12
+23 6
-22 9
+4 12
+3 9
+3 12

fl=(191) /usr/src/debug/glibc-2.41-16.fc42.x86_64/string/../sysdeps/x86_64/multiarch/strrchr-avx2.S
fn=(656) __strrchr_avx2
53 1
+1 1
+1 1
+2 1
+1 1
+4 1
+1 1
+1 1
+3 1
+2 1
+1 1
+1 1
+1 1
+25 1
+1 1
+1 1
+1 1
+1 1
+4 1
+1 1
+1 1
+1 1
+1 1
+1 1
+5 2
+41 1
+3 1
+1 1
+1 1
+1 1
+1 1
+1 1

fl=(328)
fn=(1366)
42 1
+2 1
+1 1
+1 1
+1 1
+1 1
+4 1
+3 1
+5 1
+2 1
+1 1
+23 5

fl=(364)
fn=(1614)
33 3
+2 3
-2 3
+4 9
+1 15
+9 6
+9 3
-9 3
+9 6
+47 3
+4 3
-4 3
+4 3

ob=(1)
fl=(53) /usr/src/debug/glibc-2.41-16.fc42.x86_64/elf/dl-misc.c
fn=(170) _dl_name_match_p
68 1050
+1 300
cfi=(33) /usr/src/debug/glibc-2.41-16.fc42.x86_64/string/../sysdeps/x86_64/multiarch/../multiarch/strcmp-sse2.S
cfn=(98) strcmp
calls=150 +29 
* 5455
* 150
+1 150
-1 150
+3 150
+2 300
+4 146
-4 292
+1 498
cfi=(33)
cfn=(98)
calls=166 +23 
* 6716
* 332
-5 20
+11 210
-1 130
+1 390

fn=(220) _dl_sysdep_read_whole_file
36 2
+3 1
-3 5
+3 1
-3 1
+3 1
cfi=(55) /usr/src/debug/glibc-2.41-16.fc42.x86_64/io/../sysdeps/unix/sysv/linux/open64_nocancel.c
cfn=(180) __open_nocancel
calls=1 -11 
* 21
+1 3
+2 4
cfi=(58) /usr/src/debug/glibc-2.41-16.fc42.x86_64/io/../sysdeps/unix/sysv/linux/fstat64.c
cfn=(188) fstat
calls=1 -12 
* 6
* 3
+2 2
+3 2
+13 3
cfi=(64) /usr/src/debug/glibc-2.41-16.fc42.x86_64/io/../sysdeps/unix/sysv/linux/close_nocancel.c
cfn=(202) __GI___close_nocancel
calls=1 -35 
* 6
* 1
+3 6
-14 6
cfi=(59) /usr/src/debug/glibc-2.41-16.fc42.x86_64/misc/../sysdeps/unix/sysv/linux/mmap64.c
cfn=(190) mmap
calls=1 -2 
* 26
* 3

fn=(564) _dl_higher_prime_number
85 2
+38 2
-1 2
+3 2
+2 80
+1 30
+3 7
-6 24
+18 2
+1 2
-15 6

fl=(66) /usr/src/debug/glibc-2.41-16.fc42.x86_64/elf/dl-deps.c
fn=(212) _dl_map_object_deps
143 5
+1 2
-1 1
+1 1
-1 2
+1 1
-1 1
+1 1
-1 4
+1 3
-1 1
+1 7
-8 1
+8 2
-8 1
-6 1
-2 1
+16 1
-8 1
-7 1
+1 1
+6 1
+24 4
-28 3
-2 1
+31 1
-33 1
+32 1
-30 2
+30 1
-30 1
-1 4
+7 4
+24 3
+28 3
-24 1
+18 1
+4 1
fi=(71) /usr/src/debug/glibc-2.41-16.fc42.x86_64/elf/../include/scratch_buffer.h
78 1
fe=(66)
184 1
-20 1
fi=(71)
-87 3
fe=(66)
232 3
-35 1
-4 1
+4 9
-4 7
+4 14
+11 20
-18 2
+18 4
417 16
+2 6
+3 6
-3 18
+3 12
fi=(28) /usr/src/debug/glibc-2.41-16.fc42.x86_64/elf/../include/rtld-malloc.h
56 6
cfi=(27) /usr/src/debug/glibc-2.41-16.fc42.x86_64/elf/dl-minimal-malloc.c
cfn=(78) __minimal_malloc
calls=6 -20 
* 173
fe=(66)
423 12
fi=(28)
56 6
fe=(66)
423 6
+6 6
+1 18
cfi=(29) /usr/src/debug/glibc-2.41-16.fc42.x86_64/string/../sysdeps/x86_64/multiarch/memmove-vec-unaligned-erms.S
cfn=(82) memcpy
calls=6 210 
* 66
+1 36
cfi=(29)
cfn=(82)
calls=6 210 
* 66
+4 6
-1 6
+5 24
188 14
442 21
-1 8
+1 16
183 5
+27 24
+7 6
+4 6
-6 6
+1 6
+1 6
+4 6
-3 12
+3 12
+7 6
-38 12
+38 6
-9 6
-29 6
+38 6
-38 12
+32 356
+6 52
cfi=(30) /usr/src/debug/glibc-2.41-16.fc42.x86_64/elf/dl-load.c
cfn=(174) _dl_dst_count
calls=13 * 
* 555
* 39
+4 26
-2 13
+2 26
cfi=(51) /usr/src/debug/glibc-2.41-16.fc42.x86_64/elf/dl-catch.c
cfn=(162) _dl_catch_exception
calls=13 -24 
* 31493
+1 26
+9 13
+2 26
+5 30
+6 6
+2 6
-8 12
+3 6
+1 6
+1 6
+1 6
+4 6
-3 6
+3 18
+4 39
+1 24
-43 736
+7 26
+38 495
fi=(71)
85 3
fe=(66)
448 5
+1 1
+3 4
+11 5
fi=(28)
56 1
cfi=(27)
cfn=(78)
calls=1 -20 
* 18
fe=(66)
465 3
fi=(28)
56 1
fe=(66)
465 1
+5 1
+2 1
-2 1
+1 2
-1 1
+4 1
-4 1
+4 8
+4 24
+6 8
+1 16
-1 8
+6 8
-16 24
+21 3
+37 2
+15 1
-11 1
+12 1
-15 2
+20 1
-1 4
+1 4
-1 5
cfi=(13) /usr/src/debug/glibc-2.41-16.fc42.x86_64/elf/dl-sort-maps.c
cfn=(236) _dl_sort_maps
calls=1 298 
* 483
+5 1
+2 1
+1 1
+1 2
-2 1
+2 1
+7 3
+3 2
+3 8
198 53
+3 6
fi=(71)
-70 18
cfi=(70) /usr/src/debug/glibc-2.41-16.fc42.x86_64/malloc/scratch_buffer_set_array_size.c
cfn=(232) __libc_scratch_buffer_set_array_size
calls=6 30 
* 150
fe=(66)
+70 12
+4 12
547 4
cfi=(29)
cfn=(82)
calls=1 210 
* 19
* 3
144 2

fn=(214) openaux
61 78
+7 13
-4 39
+1 13
-1 91
cfi=(30)
cfn=(168) _dl_map_object
calls=13 1894 
* 30323
* 13
+5 39

fl=(27)
fn=(78)
36 44
+1 132
+11 129
+3 43
-3 43
+3 86
-3 2
+3 1
-3 1
+3 166
+5 12
+1 6
-21 3
+24 9
-24 9
+24 3
-24 3
+23 3
+1 6
-24 3
+24 3
cfi=(59)
cfn=(190)
calls=3 -13 
* 78
+2 6
+2 15
cfi=(60) /usr/src/debug/glibc-2.41-16.fc42.x86_64/misc/../sysdeps/unix/sysv/linux/setvmaname.c
cfn=(192) __set_vma_name
calls=3 -31 
* 55
+1 12
+2 3
+4 3
-1 3
-3 3
+4 3
+2 15
-3 41
+1 41
+2 41
-30 1
-1 1
+1 1
+1 2
-2 2
+28 2

fn=(566) __minimal_free
97 2
+2 8

fn=(74) __minimal_calloc
80 19
+4 19
-4 76
+7 19
+1 57
fi=(28)
-32 19
cfi=(27)
cfn=(78)
calls=19 -20 
* 453
fe=(27)

fl=(298) /usr/src/debug/glibc-2.41-16.fc42.x86_64/elf/../sysdeps/x86_64/dl-trampoline.h
fn=(1216) _dl_runtime_resolve_xsave
39 26
+5 26
+3 26
+2 26
+10 26
+6 26
+1 26
+1 26
+1 26
+1 26
+1 26
+1 26
+4 26
+1 26
+3 26
+1 26
+2 26
+1 26
+1 26
+1 26
+1 26
+1 26
+2 26
+7 26
+1 26
+1 26
cfi=(299) /usr/src/debug/glibc-2.41-16.fc42.x86_64/elf/dl-runtime.c
cfn=(1218) _dl_fixup
calls=26 -52 
* 21174
+1 26
+5 26
+1 26
+1 26
+2 26
+1 26
+1 26
+1 26
+1 26
+1 26
+1 26
+2 26
+2 26
+4 26
+2 26

fl=(51)
fn=(160) _dl_catch_error
258 6
+2 1
-2 1
+2 1
-2 2
+2 1
-2 1
+2 1
cfn=(162)
calls=1 -52 
* 2587
* 1
+1 2
+1 1
+1 1
-1 1
+3 1
-2 1
+2 6

fn=(162)
208 84
58 14
208 28
+3 28
+21 70
58 28
239 42
cfi=(52) /usr/src/debug/glibc-2.41-16.fc42.x86_64/setjmp/../sysdeps/x86_64/setjmp.S
cfn=(164) __sigsetjmp
calls=14 31 
* 336
* 42
+2 42
cfi=(66)
cfn=(214)
calls=13 61 
* 30609
cfi=(2) /usr/src/debug/glibc-2.41-16.fc42.x86_64/elf/rtld.c
cfn=(166) map_doit
calls=1 640 
* 2519
69 14
+1 14
-1 14
+1 14
243 56
-25 14
+34 42
59 28
+11 42

fn=(240) _dl_receive_error
190 2
58 1
190 2
+2 1
-2 1
58 1
+1 1
+11 1
196 1
+2 2
cfi=(2)
cfn=(242) version_check_doit
calls=1 673 
* 32167
69 2
+1 1
202 1
-1 1
+1 3

fl=(70)
fn=(232)
30 78
+4 6
+1 12
+10 12
+18 6
-17 6
+17 30

fl=(178) /usr/src/debug/glibc-2.41-16.fc42.x86_64/elf/dl-call-libc-early-init.c
fn=(602) _dl_call_libc_early_init
27 1
+2 2
-2 1
+6 3
-6 3
+6 1
-6 1
+6 2
cfi=(175) /usr/src/debug/glibc-2.41-16.fc42.x86_64/elf/dl-lookup-direct.c
cfn=(588) _dl_lookup_direct
calls=1 +41 
* 199
* 1
+4 3
+2 3
+1 1
-1 1
+2 2
-1 1
cob=(2)
cfi=(179)
cfn=(604)
calls=1 -6 
* 319

fl=(54) /usr/src/debug/glibc-2.41-16.fc42.x86_64/string/strdup.c
fn=(176) strdup
40 36
+1 6
cfi=(22) /usr/src/debug/glibc-2.41-16.fc42.x86_64/string/../sysdeps/x86_64/multiarch/../multiarch/strlen-sse2.S
cfn=(62) strlen
calls=6 +16 
* 210
* 6
fi=(410) /usr/src/debug/glibc-2.41-16.fc42.x86_64/string/../include/rtld-malloc.h
+15 12
cfi=(27)
cfn=(78)
calls=6 -20 
* 108
fe=(54)
-12 12
+3 12
+1 6
-1 6
+1 12
-1 6
cfi=(29)
cfn=(82)
calls=6 210 
* 74

fl=(69) /usr/src/debug/glibc-2.41-16.fc42.x86_64/io/../sysdeps/unix/sysv/linux/pread64_nocancel.c
fn=(230) __pread64_nocancel
25 4
+1 8
+1 2

fl=(64)
fn=(202)
25 7
+1 28
+1 7

fl=(79) /usr/src/debug/glibc-2.41-16.fc42.x86_64/elf/dl-lookup.c
fn=(290) do_lookup_x
344 36900
+1 3075
-1 9225
+7 3075
fi=(81) /usr/src/debug/glibc-2.41-16.fc42.x86_64/elf/../sysdeps/generic/dl-protected.h
29 21525
fe=(79)
393 33423
+8 11141
-4 11141
+1 11141
+3 44564
+1 22282
+3 11141
-3 11141
+4 22282
+3 11141
+4 11141
-4 11141
+1 11141
-2 11141
+5 33423
+3 77987
+99 24279
355 33429
+3 22286
+4 22314
+21 22282
+4 22282
fi=(4) /usr/src/debug/glibc-2.41-16.fc42.x86_64/elf/../sysdeps/generic/ldsodefs.h
139 6100
+1 9150
fe=(79)
473 6100
fi=(81)
29 6100
fe=(79)
480 17468
+16 5936
+1 2968
+22 2968
-21 2968
+21 20858
-21 82
+21 574
-99 9609
-1 6406
+2 6406
+2 3182
+6 15910
-6 3182
+6 22274
+7 14031
-10 38630
+2 6142
+1 6142
-1 3071
+1 6142
+1 3071
-1 9213
+1 3071
-1 21497
cfn=(292) check_match
calls=3071 70 
* 284331
+4 36654
219 82
+2 82
-2 164
+2 82
-2 82
+2 82
-2 82
+2 246
+2 82
-2 246
cfi=(24) /usr/src/debug/glibc-2.41-16.fc42.x86_64/elf/../sysdeps/nptl/dl-tls_init_tp.c
cfn=(88) rtld_mutex_dummy
calls=82 43 
* 246
+2 82
+2 328
-1 81
+3 405
+1 81
-1 162
+1 81
-1 81
+1 162
-1 243
+1 162
-1 1721
+24 352
+3 95
+1 285
-23 176
-1 352
484 5076
+35 25
-1 25
+1 176
fi=(28)
44 4
cfi=(27)
cfn=(74)
calls=1 +36 
* 29
* 1
fe=(79)
299 2
+3 1
-75 1
+70 1
+7 1
-7 1
+6 1
-76 1
+70 1
+7 1
167 12
+1 6
308 5
-1 2
+1 405
-1 162
+19 410
+2 82
-2 82
+2 82
cfi=(24)
cfn=(88)
calls=82 43 
* 246
+2 164
+1 82
-1 82
+1 82
173 518
-2 84
+1 252
-3 332
+7 82
+1 82
+1 82
+1 82
315 328
467 267
+2 2
259 1539
+7 12
cfi=(53)
cfn=(564)
calls=2 85 
* 159
fi=(28)
44 2
fe=(79)
266 2
fi=(28)
44 4
cfi=(27)
cfn=(74)
calls=2 +36 
* 58
* 2
fe=(79)
269 4
168 2
276 8
168 6
276 14
+1 276
+1 140
167 70
278 210
167 70
+1 70
-1 70
+1 210
+1 440
+2 14
+1 42
-3 168
+7 70
+3 70
-2 70
+99 278
+6 22
cfi=(27)
cfn=(566)
calls=2 97 
* 10
+4 2
167 2
285 6
-2 2
+3 2
167 2
285 2
+1 2
-2 2
167 2
+1 2
-1 2
+1 8
+88 368
445 1064
173 10

fn=(292)
70 6142
+3 24568
+13 15355
-16 27639
+19 8032
cfi=(33)
cfn=(98)
calls=378 +9 
* 17028
* 756
+4 6142
+1 6142
+4 6132
+4 6132
+1 27594
+1 15225
cfi=(33)
cfn=(98)
calls=3045 -6 
* 80476
* 6090
+54 3045
-54 6090
+55 21497
-1 5
-17 10
+2 10
+1 5
-1 10
+1 15
-1 10
+4 2
-35 7
+3 2
-37 44
+31 63
+1 21
+1 42

fn=(286) _dl_lookup_symbol_x
769 46125
fi=(80) /usr/src/debug/glibc-2.41-16.fc42.x86_64/elf/../sysdeps/generic/dl-new-hash.h
74 3075
+3 6150
-8 3075
+1 6150
+10 3075
+1 6150
-1 60409
+1 120818
+20 61943
-2 61943
+6 61943
-3 123886
+2 61943
-30 61943
+3 123886
fe=(79)
771 3075
+4 3075
-4 3075
+8 12240
+3 6090
+6 3045
-7 3045
+7 15285
-15 3075
+15 3075
-15 24600
+15 50
+1 25
-1 75
+1 46125
cfn=(290)
calls=3075 344 
* 1167556
* 21525
+5 6150
+23 3050
-28 3050
+29 21325
+35 27450
+14 9150
+3 6100
-57 6150
+76 27675
fi=(80)
87 1541
+1 1541
+1 3082
+1 1541
fe=(79)
782 60
+6 120
-7 60
+37 10
-34 75
+12 175
+18 75
+54 2

fl=(1) ???
fn=(0) 0x000000000001d7c0
0 2
cfi=(2)
cfn=(2) _dl_start
calls=1 518 
0 2847304
0 8
cfi=(77) /usr/src/debug/glibc-2.41-16.fc42.x86_64/elf/../sysdeps/x86_64/dl-cet.c
cfn=(632) _dl_cet_setup_features
calls=1 331 
0 4
0 10
cfi=(187) /usr/src/debug/glibc-2.41-16.fc42.x86_64/elf/dl-init.c
cfn=(636) _dl_init
calls=1 81 
0 61153
0 3
cob=(9)
cfi=(296)
cfn=(1194) (below main)
calls=1 0 
0 804223039

fl=(8) /usr/src/debug/glibc-2.41-16.fc42.x86_64/elf/dl-setup_hash.c
fn=(14) _dl_setup_hash
25 8
+3 24
+3 24
+1 16
+2 8
-1 8
+3 24
+1 8
+1 16
+2 8
-2 8
+3 16
+4 16
-2 8
+2 16
+5 8

fl=(299)
fn=(1218)
46 52
+2 26
-2 130
+9 26
-9 52
fi=(411) /usr/src/debug/glibc-2.41-16.fc42.x86_64/elf/../sysdeps/x86_64/dl-runtime.h
-18 26
fe=(299)
+18 26
+2 182
+1 52
+5 26
+1 78
+1 26
+2 26
-2 156
+7 52
+4 52
+4 26
-22 26
+20 26
+2 52
+4 75
+1 100
-7 100
+16 25
-1 25
+1 51
-1 1
+1 2
+2 17
+1 17
+7 153
cfi=(79)
cfn=(286)
calls=17 769 
* 11994
* 81
cfi=(79)
cfn=(286)
calls=9 769 
* 6330
* 26
+4 130
+10 260
+15 104
+9 78
+26 78
fi=(6) /usr/src/debug/glibc-2.41-16.fc42.x86_64/elf/../sysdeps/x86_64/dl-machine.h
+64 26
fe=(299)
-60 208
-63 68
+62 52
-39 2
fi=(412) /usr/src/debug/glibc-2.41-16.fc42.x86_64/elf/../sysdeps/x86_64/dl-irel.h
-91 2
cob=(2)
cfi=(99)
cfn=(338)
calls=1 -3 
* 22
cob=(2)
cfi=(90)
cfn=(314)
calls=1 -3 
* 23
fe=(299)
+93 6

fl=(15) /usr/src/debug/glibc-2.41-16.fc42.x86_64/elf/../sysdeps/x86/dl-get-cpu-features.c
fn=(584) __x86_cpu_features
76 1
-37 3
+37 2

fn=(34) _dl_x86_init_cpu_features
37 1
+2 3
+2 1
cfi=(16) /usr/src/debug/glibc-2.41-16.fc42.x86_64/elf/../sysdeps/x86/cpu-features.c
cfn=(36) init_cpu_features.constprop.0
calls=1 728 
* 7286

fl=(173) /usr/src/debug/glibc-2.41-16.fc42.x86_64/elf/./dl-find_object.h
fn=(578) _dl_find_object_from_map
95 16
+1 16
+1 8
+8 16
-2 8
+2 16
+1 223
+1 154
+2 24
+5 8

fl=(41) /usr/src/debug/glibc-2.41-16.fc42.x86_64/elf/dl-hwcaps_split.c
fn=(120) _dl_hwcaps_split_masked
51 66
+3 22
cfn=(122) _dl_hwcaps_split
calls=11 -29 
* 467
* 6
cfn=(122)
calls=3 -29 
* 192
* 28
+2 9
+1 27
+1 42
cfn=(126) _dl_hwcaps_contains
calls=6 +8 
* 30
* 12
+4 33

fn=(126)
66 6
+1 12
+1 6
+9 6

fn=(122)
25 30
+1 45
+4 24
+4 60
+1 12
-1 24
+2 24
-11 9
+16 9
-16 36
+16 18
cfi=(42) /usr/src/debug/glibc-2.41-16.fc42.x86_64/string/../sysdeps/x86_64/multiarch/../multiarch/strchr-sse2.S
cfn=(124) index
calls=9 -9 
* 216
+4 27
-3 18
+1 6
+3 6
+1 18
-20 6
+20 6
-4 3
cfi=(22)
cfn=(62)
calls=3 +14 
* 51
* 3
+3 3
-3 3
+4 9

fl=(24)
fn=(268) __tls_init_tp
69 2
fi=(413) /usr/src/debug/glibc-2.41-16.fc42.x86_64/elf/../include/list.h
-25 1
fe=(24)
+25 2
fi=(413)
-26 1
fe=(24)
+27 1
+3 1
fi=(413)
-30 1
+1 1
+1 1
+2 1
fe=(24)
+29 4
+1 2
+1 1
+5 2
+5 1
+6 1
-3 1
+3 1
-6 3
+6 1
+16 4
cfi=(11) /usr/src/debug/glibc-2.41-16.fc42.x86_64/elf/dl-tunables.c
cfn=(28) __tunable_get_val
calls=1 438 
* 18
fi=(76) /usr/src/debug/glibc-2.41-16.fc42.x86_64/elf/../sysdeps/unix/sysv/linux/rseq-internal.h
-10 1
-7 1
+7 2
+24 1
fe=(24)
-12 1
+6 2
+1 2
fi=(76)
-11 2
-15 2
+15 2
+4 1
-19 1
+19 3
cfi=(44) /usr/src/debug/glibc-2.41-16.fc42.x86_64/string/../sysdeps/x86_64/multiarch/../multiarch/memset-vec-unaligned-erms.S
cfn=(140) memset
calls=1 +25 
* 13
+4 1
-4 1
+4 1
+2 5
+1 2
fe=(24)

fn=(68) __tls_pre_init_tp
54 4
+3 9
+5 2
+1 1
+2 1

fn=(88)
43 180
+2 360

fl=(49) /usr/src/debug/glibc-2.41-16.fc42.x86_64/elf/dl-audit.c
fn=(152) _dl_audit_activity_map
29 1
+2 3
+6 1

fn=(622) _dl_audit_activity_nsid
41 3
+4 12
+2 9
+4 3

fn=(1708) _dl_audit_objclose
97 8
+1 32

fn=(208) _dl_audit_objopen
77 6
+1 24

fn=(1224) _dl_audit_preinit
118 1
+1 4

fl=(55)
fn=(180)
28 14
+3 7
-3 21
+3 42
+8 49
+2 14

fl=(26) /usr/src/debug/glibc-2.41-16.fc42.x86_64/elf/dl-object.c
fn=(72) _dl_new_object
59 105
+3 14
+21 6
-3 6
+3 6
cfi=(22)
cfn=(62)
calls=6 -26 
* 120
+4 12
-4 6
+9 6
-9 18
fi=(28)
-39 12
cfi=(27)
cfn=(74)
calls=6 +36 
* 279
fe=(26)
+39 1
fi=(28)
-39 2
cfi=(27)
cfn=(74)
calls=1 +36 
* 35
* 7
fe=(26)
+51 14
+5 7
+4 7
-6 7
+2 7
+4 7
-5 7
+4 7
+1 7
-1 7
+1 14
cfi=(29)
cfn=(82)
calls=7 210 
* 88
* 7
+15 7
-15 7
+2 7
+13 14
+6 1
+2 7
+3 2
-3 42
+3 12
+2 7
+4 7
+3 22
fi=(4)
1348 3
fe=(26)
139 2
+2 1
-2 2
fi=(4)
1348 45
fe=(26)
139 30
+2 15
-2 30
+16 14
-5 7
+5 7
-6 7
+6 7
-6 7
+6 14
+2 12
+3 12
-3 12
+7 24
+4 18
+8 1
+13 1
-10 2
+10 9
-10 12
+10 18
+2 6
cfi=(22)
cfn=(62)
calls=6 57 
* 210
+21 6
-21 18
+17 6
-13 18
+50 18
cfi=(29)
cfn=(136) mempcpy
calls=6 -48 
* 86
* 6
+5 12
+1 12
-1 184
+1 184
+4 12
+1 6
+3 6
+4 63
131 14
-8 6
-4 12
+34 1
+7 4
+8 24
fi=(28)
56 12
cfi=(27)
cfn=(78)
calls=6 -20 
* 108
* 6
fe=(26)
200 12
-1 12
64 2
+2 3
+1 2
+4 6
+6 2

fn=(86) _dl_add_to_namespace_list
31 49
+2 14
cfi=(24)
cfn=(88)
calls=7 +10 
* 21
+2 55
+3 108
+2 6
+2 6
+5 6
-1 6
+4 6
-4 12
+1 6
+1 6
+3 6
-3 6
+3 12
-1 6
cfi=(24)
cfn=(88)
calls=6 -7 
* 18
-3 1
-1 1
+4 1
-4 2
+1 1
+1 1
+3 1
-3 1
+3 2
-1 1
cfi=(24)
cfn=(88)
calls=1 -7 
* 3
-5 2

fl=(52)
fn=(164)
31 14
+2 14
+9 14
+1 28
+1 14
+4 14
+1 14
+1 14
+1 14
+1 14
+2 28
+2 14
+1 14
+1 14
+2 28
+2 14
+8 14
+3 14
+1 14
+7 14
+1 14

fl=(42)
fn=(124)
32 29
+1 29
+1 29
+1 29
+1 29
+1 29
+1 29
+1 29
+1 29
+1 29
+1 29
+1 29
+1 29
+1 29
+1 29
+1 29
+1 29
+1 29
+1 26
+4 26
+1 26
+1 26
+1 26
+2 26
+4 3
+1 3
+1 3
+1 3
+1 3
+1 3
+1 3
+1 3
+1 3
+1 3
+1 3
+1 3
+1 3
+1 3
+1 3
+1 3
+1 3
+1 3
+1 3
+1 3
+1 3
+1 3
+1 3
+1 3
+52 3
+4 3
+1 3
+1 3
+1 3
+2 3

fl=(377)
fn=(1692)
26 7
+17 1
-17 4
+20 9
+3 2
cob=(2)
cfi=(322)
cfn=(1348)
calls=1 +28 
* 41
+2 1
+3 2
+2 5
-10 4
+95 4
+2 1
-2 2
+6 2
+7 8
-91 3
-2 1
+2 1
cfi=(49)
cfn=(622)
calls=1 -22 
* 9
+5 16
+6 1
-6 1
+4 1
+2 3
+2 16
+2 16
+2 16
+1 8
+1 8
+4 8
-12 24
+19 6
+1 4
+6 7
cfi=(13)
cfn=(236)
calls=1 298 
* 559
+9 2
cob=(2)
cfi=(323)
cfn=(1350)
calls=1 367 
* 41
+5 15
+14 8
-14 16
+2 8
+2 16
+2 40
cfi=(378) /usr/src/debug/glibc-2.41-16.fc42.x86_64/elf/dl-call_fini.c
cfn=(1694) _dl_call_fini
calls=8 -96 
* 3526
+3 16
cfi=(49)
cfn=(1708)
calls=8 -26 
* 40
* 32
+8 2
+4 3
cfi=(49)
cfn=(622)
calls=1 -94 
* 9
* 2

fl=(7) /usr/src/debug/glibc-2.41-16.fc42.x86_64/elf/dl-minimal.c
fn=(12) __rtld_malloc_init_stubs
42 1
+1 2
+1 2
+1 2
+1 2
+1 1

fn=(596) lookup_malloc_symbol
61 8
+3 4
-3 12
+3 4
-3 4
+3 20
-1 4
+1 4
cfi=(79)
cfn=(286)
calls=4 769 
* 3061
+4 8
-4 4
+4 20
+1 24
+2 4
fi=(177) /usr/src/debug/glibc-2.41-16.fc42.x86_64/elf/./dl-sym-post.h
-30 8
+12 12
fe=(7)
+19 16

fn=(592) __rtld_malloc_init_real
76 2
+10 1
fi=(176) /usr/src/debug/glibc-2.41-16.fc42.x86_64/elf/../sysdeps/generic/dl-hash.h
-41 1
-1 2
fe=(7)
+32 8
+11 1
-1 1
fi=(176)
-43 5
+5 3
+14 4
-17 3
+3 15
+14 20
-17 15
fe=(7)
+46 2
fi=(176)
-24 1
fe=(7)
+22 1
+2 1
fi=(176)
-19 1
fe=(7)
+19 1
cfn=(596)
calls=1 -30 
* 800
+1 3
-1 1
+1 1
cfn=(596)
calls=1 -31 
* 800
+1 3
-1 1
+1 1
cfn=(596)
calls=1 -32 
* 852
+1 3
-1 1
+1 1
cfn=(596)
calls=1 -33 
* 765
+5 1
+1 1
+1 1
+1 1
+1 8

fl=(45) /usr/src/debug/glibc-2.41-16.fc42.x86_64/elf/dl-debug.c
fn=(600) _dl_debug_post_relocate
46 2
+6 3
-6 2
+6 5
-1 1
+1 1
cfi=(79)
cfn=(286)
calls=1 769 
* 698
+2 2
-2 1
+2 3
+2 7
+1 3
+13 2

fn=(148) _dl_debug_change_state
104 2
+3 2
-2 2
+2 4
+4 2
cfi=(48) /usr/src/debug/glibc-2.41-16.fc42.x86_64/elf/dl-debug_state.c
cfn=(150) _dl_debug_state
calls=2 -83 
* 4
-4 6

fn=(206) _dl_debug_update
94 7
-17 7
-1 14
+20 14
+4 7

fn=(142) _dl_debug_initialize
120 1
-44 2
+46 2
+5 3
+1 1
+26 1
-26 1
+29 2
-37 1
+49 2
-9 2
+2 3

fl=(48)
fn=(150)
28 2
+1 2

fl=(67) /usr/src/debug/glibc-2.41-16.fc42.x86_64/elf/dl-cache.c
fn=(226) _dl_cache_libcmp
341 53
+1 174
+4 281
-2 281
+2 281
-2 562
+20 552
+2 552
-24 228
+28 228
+1 228
-29 456
+32 15
-28 10
+8 5
-2 5
+1 10
-1 5
+2 15
+2 15
-3 5
+3 5
+2 10
+9 96

fn=(624) _dl_unload_cache
509 1
+1 4
-1 1
+3 1
-3 1
+3 1
cfi=(141) /usr/src/debug/glibc-2.41-16.fc42.x86_64/misc/../sysdeps/unix/syscall-template.S
cfn=(626) munmap
calls=1 117 
* 6
+7 1
-6 1
+4 1
+2 1

fn=(218) _dl_load_cache_lookup
387 30
+2 10
+3 15
+69 12
+5 15
+3 25
cfn=(224) search_cache
calls=5 207 
* 5452
* 5
+15 10
+4 10
+8 10
cfi=(22)
cfn=(62)
calls=5 57 
* 173
+1 5
-1 5
+1 55
+1 10
-1 5
+1 5
cfi=(29)
cfn=(82)
calls=5 210 
* 55
* 5
+1 5
cfi=(54)
cfn=(176)
calls=5 40 
* 415
+1 15
395 5
cfi=(53)
cfn=(220)
calls=1 36 
* 103
* 1
+8 6
+1 6
+93 10
-93 2
+3 4
+1 1
-1 2
fi=(68) /usr/src/debug/glibc-2.41-16.fc42.x86_64/elf/../sysdeps/generic/dl-cache.h
194 1
+1 5
fe=(67)
415 1
+1 2

fn=(224)
207 10
-8 5
+11 10
-11 45
+1 5
-1 15
+11 10
333 23
207 46
+2 192
-22 48
+22 48
+1 48
-23 48
+23 48
+4 96
+4 144
cfn=(226)
calls=48 341 
* 3661
+1 96
330 43
+1 20
207 40
+8 10
-6 45
+20 5
+3 10
+2 20
cfn=(226)
calls=5 341 
* 411
* 10
-7 25
+9 15
+37 45
-27 10
+10 15
+1 20
+7 10
+9 5
fi=(68)
125 5
fe=(67)
273 20
+9 10
+5 10
+27 5
+23 45

fl=(65) /usr/src/debug/glibc-2.41-16.fc42.x86_64/io/../sysdeps/unix/sysv/linux/access.c
fn=(210) access
25 1
+2 7
+4 1

fl=(13)
fn=(26) _dl_sort_maps_init
289 2
+1 2
-1 2
+1 2
cfi=(11)
cfn=(28)
calls=1 438 
* 18
+2 3
-1 1
+2 2

fn=(238) dfs_traversal.part.0
135 80
+10 16
-2 16
+2 32
+2 52
-7 72
+7 144
+9 32
+15 48
+1 16
+1 32
-17 24

fn=(236)
298 24
+8 2
-8 2
+8 4
-95 2
-28 2
-2 2
+1 2
+29 2
-28 8
+1 2
-1 2
+1 2
-1 4
+1 14
-1 14
+1 14
-1 28
+28 28
+5 2
+3 6
-3 2
+3 14
-1 2
+3 48
+2 16
-83 80
cfn=(238)
calls=16 -5 
* 564
* 16
+86 48
+18 14
+32 8
+7 2
+27 16
-47 6
cfi=(29)
cfn=(82)
calls=2 -53 
* 38
* 2

fl=(22)
fn=(62)
57 32
+44 32
+1 32
+1 32
+1 32
+1 32
+1 32
+1 32
+2 32
+2 32
+31 31
+1 31
+1 31
+1 31
+1 31
+1 14
+2 14
+4 17
+1 17
+1 17
+1 17
+1 17
+1 17
+1 17
+1 17
+1 17
+1 17
+1 17
+1 17
+5 136
+4 1
+1 14
+1 8

fl=(60)
fn=(192)
33 3
+2 11
-2 4
+7 1
-7 2
+7 1
-7 2
+7 1
-7 1
+7 1
cfi=(11)
cfn=(28)
calls=1 438 
* 18
* 3
+7 1
+2 6

fl=(23) /usr/src/debug/glibc-2.41-16.fc42.x86_64/elf/../misc/sbrk.c
fn=(64) sbrk
37 5
+3 1
+18 2
+4 2
+16 3

fl=(72) /usr/src/debug/glibc-2.41-16.fc42.x86_64/elf/dl-version.c
fn=(244) _dl_check_all_versions
399 7
+4 5
-2 2
+4 48
cfn=(246) _dl_check_map_versions
calls=8 155 
* 32051
-2 8
+1 8
-1 16
+5 7

fn=(246)
155 72
+15 24
+2 24
+2 32
+1 8
+2 16
+3 18
+4 12
-20 12
-8 36
36 12
200 12
36 48
200 12
36 36
+1 63
-1 126
+2 225
cfi=(53)
cfn=(170)
calls=75 +30 
* 8205
* 162
208 36
+5 12
fi=(414) /usr/src/debug/glibc-2.41-16.fc42.x86_64/elf/../sysdeps/generic/_itoa.h
76 36
fe=(72)
213 24
+4 24
+1 24
-1 24
+4 24
-3 48
-1 100
+1 100
-1 100
+4 100
-3 290
56 248
+8 124
+6 186
+16 62
+1 124
+2 62
+5 434
+14 2318
+12 3291
+4 1097
-30 2194
231 248
+3 186
+5 50
-24 50
110 62
+3 310
cfi=(33)
cfn=(98)
calls=62 -15 
* 2487
* 248
224 124
+1 3
cfi=(33)
cfn=(98)
calls=1 98 
* 71
* 2
+3 26
+15 36
+5 6
-50 6
+59 30
+3 12
+3 42
+3 30
+4 6
-7 24
+3 18
+4 167
-7 668
+3 507
+8 18
+6 14
fi=(28)
44 14
fe=(72)
280 14
fi=(28)
44 7
cfi=(27)
cfn=(74)
calls=7 +36 
* 203
fe=(72)
281 21
-2 7
fi=(28)
44 7
fe=(72)
281 7
+13 7
-3 7
+3 28
+2 14
+3 24
+4 36
+18 50
-15 50
+2 50
-2 50
+2 50
-2 50
+2 100
-2 12
+2 12
-2 12
+2 12
-2 12
+2 24
+2 62
+1 62
-1 124
+1 62
+1 62
-2 62
+2 124
+1 186
+3 186
+8 36
+5 6
-28 6
+71 14
+1 12
+1 12
+1 4
+19 72
164 2
-8 2
257 5
+77 12
+3 12
+20 173
-14 358
-2 173
+6 173
+1 173
+1 173
-1 346
+1 173
-1 173
+1 173
+1 173
+3 565
+11 747
+1 498
+1 42
-32 2
-40 2
-20 3
377 4
+2 124
+1 60
+2 1
+1 2
-1 1
+1 1
cfi=(33)
cfn=(248) strncmp
calls=1 98 
* 43
* 2

fl=(33)
fn=(98)
98 3856
+33 3856
+1 3856
+2 3856
+1 3856
+21 3856
+1 3856
+1 3582
+1 3582
+1 3346
+1 3346
+1 3346
+1 3346
+17 3346
+1 3346
+1 3346
+1 3346
+1 3346
+1 3346
+1 3346
+5 46
+1 138
+9 46
+1 46
+1 46
+1 46
+1 46
+1 46
+1 46
+1 46
-7 510
+1 510
+1 510
+1 510
+1 510
+1 510
+1 510
+1 510
+1 418
+1 267
+1 267
+1 267
+2 267
+1 267
+1 267
+1 267
+1 267
+1 267
-5 151
+1 151
+1 151
+1 151
+1 151
+1 151
+10 138
+1 138
+1 138
+2 138
+6 138
+1 138
+1 138
+1 138
+1 138
+5 138
+2 127
+1 127
+1 254
+8 127
+1 127
+3 127
+1 127
+1 127
+1 127
+1 127
+1 127
424 5
+1 5
+1 5
+1 5
+1 5
+2 5
+1 5
+1 5
+1 5
+1 5
+1 5
+1 5
+1 5
+3 5
+1 5
+1 5
+6 5
+1 5
+1 10
+4 5
+1 5
+3 5
+1 5
+1 5
+2 5
+1 5
+1 5
+4 5
+1 5
+1 5
+1 5
+1 5
+1 5
+7 2
+1 2
+2 2
+1 2
+2 2
+1 2
+1 2
+2 2
+1 2
+1 2
+4 2
+1 2
+1 2
+1 2
+1 2
+1 2
+41 28
+1 28
+1 28
+1 28
+1 28
+2 28
+1 28
+1 28
+1 28
+1 28
+1 28
+1 28
+1 4
+4 4
+1 4
+1 4
+6 4
+1 4
+1 8
+4 4
+1 4
+3 4
+1 4
+1 4
+2 4
+1 4
+1 4
+4 4
+1 4
+1 4
+1 4
+1 4
+1 4
+69 5
+1 5
+1 5
+1 5
+1 5
+2 5
+1 5
+1 5
+1 5
+1 5
+1 5
+1 5
+1 4
+4 4
+1 4
+1 4
+6 4
+1 4
+1 8
+4 4
+1 4
-1 1
+1 1
+3 5
+1 5
+1 5
+2 5
+1 5
+1 5
+4 5
+1 5
+1 5
+1 5
+1 5
+1 5
+7 2
+1 2
+2 2
+1 2
+2 2
+1 2
+1 2
+2 2
+1 2
+1 2
+4 2
+1 2
+1 2
+1 2
+1 2
+1 2
+7 1
+1 1
+1 1
+32 22
+1 22
+1 22
+1 22
+1 22
+2 22
+1 22
+1 22
+1 22
+1 22
+1 22
+1 22
+1 12
+4 12
+1 12
+1 12
+6 12
+1 12
+1 24
+4 12
+1 12
+3 12
+1 12
+1 12
+2 12
+1 12
+1 12
+4 12
+1 12
+1 12
+1 12
+1 12
+1 12
+7 1
+1 1
+2 1
+1 1
+2 1
+1 1
+1 1
+2 1
+1 1
+1 1
+4 1
+1 1
+1 1
+1 1
+1 1
+1 1
+41 21
+1 21
+1 21
+1 21
+1 21
+2 21
+1 21
+1 21
+1 21
+1 21
+1 21
+1 21
+1 13
+4 13
+1 13
+1 13
+6 13
+1 13
+1 26
+4 13
+1 13
+3 13
+1 13
+1 13
+2 13
+1 13
+1 13
+4 13
+1 13
+1 13
+1 13
+1 13
+1 13
+7 3
+1 3
+2 3
+1 3
+2 3
+1 3
+1 3
+2 3
+1 3
+1 3
+4 3
+1 3
+1 3
+1 3
+1 3
+1 3
+41 12
+1 12
+1 12
+1 12
+1 12
+2 12
+1 12
+1 12
+1 12
+1 12
+1 12
+1 12
+1 10
+4 10
+1 10
+1 10
+6 10
+1 10
+1 20
+4 10
+1 10
+3 10
+1 10
+1 10
+2 10
+1 10
+1 10
+4 10
+1 10
+1 10
+1 10
+1 10
+1 10
+7 1
+1 1
+2 1
+1 1
+2 1
+1 1
+1 1
+2 1
+1 1
+1 1
+4 1
+1 1
+1 1
+1 1
+1 1
+1 1
+41 17
+1 17
+1 17
+1 17
+1 17
+2 17
+1 17
+1 17
+1 17
+1 17
+1 17
+1 17
+1 11
+4 11
+1 11
+1 11
+6 11
+1 11
+1 22
+4 11
+1 11
+3 11
+1 11
+1 11
+2 11
+1 11
+1 11
+4 11
+1 11
+1 11
+1 11
+1 11
+1 11
+7 1
+1 1
+2 1
+1 1
+2 1
+1 1
+1 1
+2 1
+1 1
+1 1
+4 1
+1 1
+1 1
+1 1
+1 1
+1 1
+41 23
+1 23
+1 23
+1 23
+1 23
+2 23
+1 23
+1 23
+1 23
+1 23
+1 23
+1 23
+1 18
+4 18
+1 18
+1 18
+6 18
+1 18
+1 36
+4 18
+1 18
+3 18
+1 18
+1 18
+2 18
+1 18
+1 18
+4 18
+1 18
+1 18
+1 18
+1 18
+1 18
+7 2
+1 2
+2 2
+1 2
+2 2
+1 2
+1 2
+2 2
+1 2
+1 2
+4 2
+1 2
+1 2
+1 2
+1 2
+1 2
+41 17
+1 17
+1 17
+1 17
+1 17
+2 17
+1 17
+1 17
+1 17
+1 17
+1 17
+1 17
+1 8
+4 8
+1 8
+1 8
+6 8
+1 8
+1 16
+4 8
+1 8
+3 8
+1 8
+1 8
+2 8
+1 8
+1 8
+4 8
+1 8
+1 8
+1 8
+1 8
+1 8
+7 1
+1 1
+2 1
+1 1
+2 1
+1 1
+1 1
+2 1
+1 1
+1 1
+4 1
+1 1
+1 1
+1 1
+1 1
+1 1
+41 93
+1 93
+1 93
+1 93
+1 93
+2 93
+1 93
+1 93
+1 93
+1 93
+1 93
+1 93
+1 39
+4 39
+1 39
+1 39
+6 39
+1 39
+1 78
+4 39
+1 39
+3 39
+1 39
+1 39
+2 39
+1 39
+1 39
+4 39
+1 39
+1 39
+1 39
+1 39
+1 39
+7 2
+1 2
+2 2
+1 2
+2 2
+1 2
+1 2
+2 2
+1 2
+1 2
+4 2
+1 2
+1 2
+1 2
+1 2
+1 2
+41 23
+1 23
+1 23
+1 23
+1 23
+2 23
+1 23
+1 23
+1 23
+1 23
+1 23
+1 23
+1 15
+4 15
+1 15
+1 15
+6 15
+1 15
+1 30
+4 15
+1 15
+3 15
+1 15
+1 15
+2 15
+1 15
+1 15
+4 15
+1 15
+1 15
+1 15
+1 15
+1 15
+7 1
+1 1
+2 1
+1 1
+2 1
+1 1
+1 1
+2 1
+1 1
+1 1
+4 1
+1 1
+1 1
+1 1
+1 1
+1 1
+41 77
+1 77
+1 77
+1 77
+1 77
+2 77
+1 77
+1 77
+1 77
+1 77
+1 77
+1 77
+1 24
+4 24
+1 24
+1 24
+6 24
+1 24
+1 48
+4 24
+1 24
+3 24
+1 24
+1 24
+2 24
+1 24
+1 24
+4 24
+1 24
+1 24
+1 24
+1 24
+1 24
+69 42
+1 42
+1 42
+1 42
+1 42
+2 42
+1 42
+1 42
+1 42
+1 42
+1 42
+1 42
+1 11
+4 11
+1 11
+1 11
+6 11
+1 11
+1 22
+4 11
+1 11
+3 11
+1 11
+1 11
+2 11
+1 11
+1 11
+4 11
+1 11
+1 11
+1 11
+1 11
+1 11
+69 33
+1 33
+1 33
+1 33
+1 33
+2 33
+1 33
+1 33
+1 33
+1 33
+1 33
+1 33
+2 24
+4 24
+1 24
+1 24
+6 24
+1 24
+2 48
+4 24
+1 24
+3 24
+1 24
+1 24
+2 24
+1 24
+1 24
+4 24
+1 24
+1 24
+1 24
+1 24
+1 24
+7 3
+1 3
+2 3
+1 3
+2 3
+1 3
+1 3
+2 3
+1 3
+1 3
+4 3
+1 3
+1 3
+1 3
+1 3
+1 3
+43 325
+2 325
+1 325
+1 325
+1 325
-3 231
+1 231
+1 231
+1 231
+1 534
+5 267
+6 267
+1 267
+8 267
+1 267
-16 3589
+6 3589
+1 3589
+8 3589
+1 3589

fn=(248)
98 1
+27 1
+1 1
+1 1
+1 1
+1 1
+2 1
+1 1
+2 1
+1 1
+21 1
+1 1
+1 1
+1 1
+42 1
+1 1
+1 1
+1 1
+1 1
+1 1
+1 1
+1 1
+21 1
+1 1
+1 1
+2 1
+6 1
+1 1
+1 1
+1 1
+1 1
+5 1
2095 1
+1 1
+1 1
+1 1
+6 1
+3 1
+1 1
+2 1
+1 1
+8 1
+1 1

fl=(2)
fn=(242)
673 2
+2 1
-2 4
+2 3
cfi=(72)
cfn=(244)
calls=1 399 
* 32152
* 2
+4 3

fn=(154) handle_preload_list
851 11
+5 5
-4 2
+17 1
183 1
871 2
183 2
873 2
+1 4
cfn=(158) do_preload
calls=1 -88 
* 2646
* 1
-18 2
+3 3
cfi=(50) /usr/src/debug/glibc-2.41-16.fc42.x86_64/string/../string/strcspn.c
cfn=(156) strcspn
calls=1 32 
* 238
* 1
+1 3
+2 4
cfi=(29)
cfn=(82)
calls=1 210 
* 19
+1 2
+14 9

fn=(166)
640 2
+2 1
-2 4
+2 1
+1 2
-1 2
+1 3
cfi=(30)
cfn=(168)
calls=1 1894 
* 2500
* 1
+2 3

fn=(66) dl_main
1359 2
197 1
1359 11
199 1
302 1
+1 1
197 1
+99 3
1371 1
cfi=(24)
cfn=(68)
calls=1 54 
* 17
2748 1
2516 1
2748 3
2587 1
+2 1
+15 2
-13 2
cfi=(25) /usr/src/debug/glibc-2.41-16.fc42.x86_64/elf/dl-environ.c
cfn=(70) _dl_next_ld_env_entry
calls=1 28 
* 529
* 2
cfi=(25)
cfn=(70)
calls=1 28 
* 6
* 6
+4 3
-2 1
+2 4
+1 1
-1 3
+1 6
-1 32
+9 6
2715 2
+10 3
1381 1
+1 2
-1 2
+1 2
2629 2
+10 2
1649 8
cfi=(26)
cfn=(72)
calls=1 59 
* 286
* 1
+2 2
+1 1
+1 1
+5 1
-5 1
+1 1
-2 2
+2 2
+4 1
cfi=(26)
cfn=(86)
calls=1 31 
* 36
+1 2
1098 1
-1 1
1364 1
1125 1
-21 2
+21 1
-19 1
+1 1
+18 1
-21 1
+21 2
+1 1
-1 1
-25 1
+22 1
+4 115
+33 6
-1 3
+1 12
-1 3
+2 6
+1 1
+2 9
+1 10
+4 6
+1 6
+1 3
+4 6
-49 31
+88 22
+6 4
cfi=(30)
cfn=(90) _dl_process_pt_gnu_property
calls=1 842 
* 54
-7 28
+1 14
+6 14
-6 28
fi=(31) /usr/src/debug/glibc-2.41-16.fc42.x86_64/elf/../sysdeps/x86/dl-prop.h
149 6
fe=(2)
1180 3
+7 1
-1 2
+6 1
-6 2
-56 1
+62 3
-67 2
+68 1
+1 1
-1 1
+4 2
-72 2
+5 1
-5 1
+5 2
-5 2
+21 2
-21 1
+25 1
-5 1
+3 2
-23 2
+10 2
-10 1
+10 1
+1 9
-11 2
+1 14
+80 1
-81 1
+81 2
-81 3
+87 3
+13 4
+2 3
+1 3
+2 2
1684 1
cfi=(32) /usr/src/debug/glibc-2.41-16.fc42.x86_64/elf/dl-execstack-tunable.c
cfn=(96) _dl_handle_execstack_tunable
calls=1 24 
* 33
+4 3
+2 1
-1 1
+1 2
+1 2
-2 1
+2 1
-2 2
cfi=(33)
cfn=(98)
calls=1 98 
* 25
* 2
+5 1
+2 1
+1 1
+2 2
+1 2
+4 2
+2 2
fi=(3) /usr/src/debug/glibc-2.41-16.fc42.x86_64/elf/./get-dynamic-info.h
39 4
+6 1
-2 1
+2 2
+23 27
-23 108
+4 54
+3 4
-1 8
+3 16
+1 12
fe=(2)
1202 1
-77 1
+77 1
-77 2
fi=(3)
72 4
+38 4
+5 2
+7 3
+1 4
+6 3
+18 4
+15 4
+22 3
fe=(2)
1714 4
+7 2
cfi=(8)
cfn=(14)
calls=1 25 
* 27
+3 2
fi=(34) /usr/src/debug/glibc-2.41-16.fc42.x86_64/elf/./setup-vdso.h
24 2
fi=(37) /usr/src/debug/glibc-2.41-16.fc42.x86_64/elf/./dl-main.h
+85 2
fi=(36) /usr/src/debug/glibc-2.41-16.fc42.x86_64/elf/../sysdeps/unix/sysv/linux/dl-vdso-setup.h
-55 1
fi=(37)
+55 3
cfi=(30)
cfn=(110) _dl_init_paths
calls=1 680 
* 1583
fe=(2)
1749 3
cfi=(45)
cfn=(142)
calls=1 120 
* 21
+7 1
-7 1
+2 1
+5 1
+4 1
+1 1
+2 1
-3 3
+1 2
+3 1
1255 1
1762 1
1255 1
+1 2
+5 1
-1 1
-2 2
+13 1
-11 1
+1 1
+3 1
+7 3
+4 1
-5 1
+5 3
-3 7
-1 14
+2 20
+2 3
+1 6
-1 6
+2 6
+5 3
-10 3
+10 6
-11 8
+18 1
+1 2
-1 2
224 1
fi=(4)
79 1
fe=(2)
225 1
-1 1
+1 1
fi=(4)
79 1
fe=(2)
225 3
1778 2
1365 1
1782 1
+1 2
+24 1
cfi=(46) /usr/src/debug/glibc-2.41-16.fc42.x86_64/elf/../elf/dl-tls.c
cfn=(144) _dl_count_modids
calls=1 220 
* 6
* 1
fi=(47) /usr/src/debug/glibc-2.41-16.fc42.x86_64/elf/../sysdeps/generic/dl-debug.h
29 4
+1 2
fe=(2)
1813 4
cfi=(45)
cfn=(148)
calls=1 104 
* 11
+1 1
+4 3
cfi=(49)
cfn=(152)
calls=1 29 
* 5
+5 2
+2 1
+2 2
+9 2
+16 3
cfi=(65)
cfn=(210)
calls=1 25 
* 9
* 2
+76 3
+16 3
85 1
1954 1
85 2
1954 2
85 1
1954 6
cfi=(66)
cfn=(212)
calls=1 143 
* 35835
92 1
1964 2
-4 1
+16 1
92 2
+9 2
1960 7
+1 1
-1 1
+1 1
-1 2
+1 7
-1 7
+1 7
-1 14
+4 1
+1 2
+1 1
+2 30
+1 21
+7 2
+1 1
-1 1
+1 2
+2 1
+2 2
+16 4
+1 2
+1 3
+10 1
+2 1
-1 3
+1 3
-1 1
+1 1
cfi=(51)
cfn=(240)
calls=1 190 
* 32188
+10 1
+1 2
+3 2
819 1
fi=(415) /usr/src/debug/glibc-2.41-16.fc42.x86_64/elf/../sysdeps/unix/sysv/linux/dl-osinfo.h
39 2
fe=(2)
821 1
fi=(415)
52 1
fe=(2)
830 1
+7 1
-5 1
2030 3
2229 2
+4 1
-4 1
+10 1
-6 1
+6 1
+3 2
+8 2
fi=(31)
36 2
+1 4
+16 12
-13 7
+9 14
-9 1
+9 32
+4 28
-16 16
+34 2
fe=(2)
2254 1
fi=(31)
71 1
cfi=(77)
cfn=(272) _dl_cet_check
calls=1 361 
* 25
fe=(2)
2254 2
+3 1
+5 2
85 1
2267 1
-1 2
85 3
2266 5
cfi=(78) /usr/src/debug/glibc-2.41-16.fc42.x86_64/elf/dl-reloc.c
cfn=(276) _dl_relocate_object
calls=1 343 
* 86746
92 3
+9 2
-16 2
2275 1
85 2
2275 1
+1 18
+2 16
+5 16
+2 16
+6 8
+2 64
cfi=(78)
cfn=(276)
calls=8 343 
* 2644422
+4 26
+1 10
-22 5
+22 5
cfi=(46)
cfn=(458) _dl_add_to_slotinfo
calls=5 1163 
* 135
-22 12
92 3
+1 2
2305 1
cfi=(46)
cfn=(572) _dl_tls_initial_modid_limit_setup
calls=1 1124 
* 63
+6 2
+4 4
+2 1
+7 3
cfi=(46)
cfn=(574) _dl_allocate_tls_init
calls=1 602 
* 511
+3 2
+4 3
+3 1
cfi=(172) /usr/src/debug/glibc-2.41-16.fc42.x86_64/elf/dl-find_object.c
cfn=(576) _dl_find_object_init
calls=1 578 
* 1263
+5 2
85 1
2343 4
85 3
2343 2
cfi=(78)
cfn=(278) _dl_relocate_object_no_relro
calls=1 207 
* 260
92 3
+9 2
2346 1
cfi=(174) /usr/src/debug/glibc-2.41-16.fc42.x86_64/elf/../sysdeps/nptl/dl-mutex.c
cfn=(586) __rtld_mutex_init
calls=1 30 
* 484
+1 2
cfi=(7)
cfn=(592)
calls=1 76 
* 3332
+3 2
cfi=(45)
cfn=(600)
calls=1 46 
* 730
+4 2
cfi=(78)
cfn=(454) _dl_protect_relro
calls=1 352 
* 35
+5 3
cfi=(178)
cfn=(602)
calls=1 27 
* 544
+7 1
cfi=(9) /usr/src/debug/glibc-2.41-16.fc42.x86_64/elf/../sysdeps/unix/sysv/linux/dl-sysdep.c
cfn=(620) _dl_sysdep_start_cleanup
calls=1 148 
* 2
+4 2
cfi=(45)
cfn=(206)
calls=1 94 
* 7
+1 2
-1 1
+1 1
cfi=(45)
cfn=(148)
calls=1 104 
* 11
+1 1
+3 3
cfi=(49)
cfn=(622)
calls=1 41 
* 9
+4 1
cfi=(67)
cfn=(624)
calls=1 509 
* 19
+5 8
226 2
-2 2
+2 2
2287 1
+1 1
-3 2
1769 1
1292 3
1769 1
fi=(3)
56 5
+3 4
fe=(2)
1983 1
-4 1
+4 2
+14 4
fi=(35) /usr/src/debug/glibc-2.41-16.fc42.x86_64/elf/../sysdeps/unix/sysv/linux/dl-vdso.h
40 2
+1 4
fi=(36)
-11 1
+3 1
+3 1
+3 1
+6 1
fi=(35)
+10 2
fe=(2)
1759 4
2023 2
cfn=(250) init_tls
calls=1 733 
* 999
* 2
fi=(3)
62 4
+2 4
fe=(2)
2639 2
+2 2
+1 1
1932 10
85 1
1831 2
85 3
1831 2
cfn=(154)
calls=1 851 
* 2958
* 1
92 3
+9 3
1932 6
+1 1
-1 1
+4 3
+1 1
+1 2
+1 2
-7 2

fn=(250)
733 1
+6 1
-6 3
+2 2
+4 1
fi=(28)
44 1
fe=(2)
750 1
fi=(28)
44 1
fe=(2)
745 1
+4 1
fi=(28)
44 1
cfi=(27)
cfn=(74)
calls=1 +36 
* 29
fe=(2)
758 1
-10 1
-3 1
+10 1
+3 1
cfi=(46)
cfn=(254) _dl_tls_static_surplus_init
calls=1 125 
* 73
+3 1
cfi=(46)
cfn=(256) _dl_determine_tlsoffset
calls=1 243 
* 290
+7 1
cfi=(46)
cfn=(260) _dl_allocate_tls_storage
calls=1 509 
* 471
* 1
+1 2
+6 1
fi=(75) /usr/src/debug/glibc-2.41-16.fc42.x86_64/elf/../sysdeps/generic/dl-call_tls_init_tp.h
31 2
fe=(2)
775 1
fi=(75)
31 6
+2 1
cfi=(24)
cfn=(268)
calls=1 +36 
* 95
fe=(2)
782 1
-3 1
+3 4

fn=(2)
518 10
85 1
fi=(6)
-30 1
fe=(2)
548 1
-4 1
85 3
547 2
fi=(3)
45 4
+23 20
-23 72
+4 36
+3 5
-1 10
+3 20
+1 16
+1 5
fi=(4)
+23 1
fi=(3)
+31 1
-38 3
+12 4
+1 3
+1 4
+1 4
+1 5
+1 3
+1 4
+1 4
+12 7
+7 2
+13 3
+6 3
+1 3
+3 2
+1 3
+5 5
+3 5
fe=(2)
564 117
fi=(3)
59 4
fe=(2)
564 14
fi=(4)
79 1
fe=(2)
564 3
fi=(4)
79 2
fe=(2)
564 25
fi=(5) /usr/src/debug/glibc-2.41-16.fc42.x86_64/elf/do-rel.h
49 1
+4 1
-4 1
-1 1
+1 1
+4 4
+3 2
fe=(2)
564 1
fi=(5)
49 1
+4 1
-4 1
-1 1
+1 1
+4 4
+3 2
-6 8
+11 5
+2 1
fi=(6)
273 3
fi=(5)
63 1
+2 1
-1 2
fi=(6)
282 10
+4 2
+26 4
fi=(5)
61 3
fe=(2)
564 8
fi=(5)
51 1
fi=(4)
+28 2
fi=(6)
309 1
fe=(2)
566 5
456 1
cfi=(7)
cfn=(12)
calls=1 42 
* 10
+4 2
85 1
477 1
85 3
477 1
cfi=(8)
cfn=(14)
calls=1 25 
* 27
+1 1
+1 1
+16 1
-17 1
+17 1
-6 1
-10 1
+16 1
cfi=(9)
cfn=(16) _dl_sysdep_start
calls=1 103 
* 2846705
* 1
+2 2
+87 9
fi=(3)
62 4
+2 4
+39 3
fe=(2)

fn=(158)
786 1
+12 1
-12 4
+12 2
-12 3
+6 1
+6 1
-2 1
-3 1
+5 1
-10 1
+6 1
+4 1
cfi=(51)
cfn=(160)
calls=1 258 
* 2615
+1 3
+8 3
+6 6

fl=(38) /usr/src/debug/glibc-2.41-16.fc42.x86_64/elf/dl-hwcaps.c
fn=(132) copy_hwcaps
74 10
+6 2
-6 2
+6 2
-6 4
fi=(40) /usr/src/debug/glibc-2.41-16.fc42.x86_64/elf/./dl-hwcaps.h
-31 2
+2 2
+32 2
+1 2
+1 6
fe=(38)
+1 4
-1 2
+1 8
cfi=(29)
cfn=(136)
calls=2 197 
* 26
+4 2
+2 2
+2 2
-3 2
+1 4
+1 4
+1 2
-11 4
cfi=(41)
cfn=(120)
calls=2 -26 
* 140
* 4
cfi=(41)
cfn=(120)
calls=2 -26 
* 178
* 8
+13 14

fn=(112) _dl_important_hwcaps
172 8
+3 1
-3 1
+3 1
-3 6
+2 1
cfi=(39) /usr/src/debug/glibc-2.41-16.fc42.x86_64/elf/../sysdeps/x86_64/dl-hwcaps-subdirs.c
cfn=(114) _dl_hwcaps_subdirs_active
calls=1 29 
* 36
fi=(40)
43 1
fe=(38)
174 1
fi=(40)
45 1
+32 1
+1 1
+1 1
fe=(38)
-27 2
cfi=(41)
cfn=(120)
calls=1 -1 
* 20
* 2
fi=(40)
-9 1
+2 1
-2 1
+34 2
+1 2
+1 1
fe=(38)
-24 2
-1 2
+1 2
+2 4
-5 4
cfi=(41)
cfn=(120)
calls=2 -1 
* 140
* 2
cfi=(41)
cfn=(120)
calls=1 -1 
* 158
* 6
+48 4
fi=(28)
-44 2
cfi=(27)
cfn=(78)
calls=1 -20 
* 18
fe=(38)
+46 2
-2 1
+2 1
fi=(40)
-59 3
fe=(38)
+62 1
fi=(40)
-60 1
fe=(38)
+67 1
fi=(40)
-66 1
fe=(38)
+66 2
cfi=(41)
cfn=(122)
calls=1 -87 
* 7
* 2
fi=(40)
-69 2
+2 1
-2 3
+34 2
+1 2
fe=(38)
+47 3
fi=(40)
-46 1
fe=(38)
+48 10
+1 4
+1 2
+1 2
-1 2
-4 4
cfi=(41)
cfn=(120)
calls=2 -74 
* 140
* 2
cfi=(41)
cfn=(120)
calls=1 -74 
* 158
* 6
+8 4
+9 3
+3 10
-2 7
+8 2
+4 2
-4 2
+4 3
cfi=(43) /usr/src/debug/glibc-2.41-16.fc42.x86_64/string/../sysdeps/x86_64/multiarch/../multiarch/memcmp-sse2.S
cfn=(128) bcmp
calls=1 -96 
* 19
+1 2
+1 1
+4 1
+1 2
+1 1
-20 2
+19 1
+1 1
-20 3
-1 8
+47 4
-3 1
+7 1
-7 1
+7 1
fi=(28)
56 1
cfi=(27)
cfn=(78)
calls=1 -20 
* 18
* 1
fe=(38)
194 2
+8 1
+1 5
-1 3
+1 2
cfn=(132)
calls=1 74 
* 46
+1 5
cfn=(132)
calls=1 74 
* 394
* 1
+4 1
-23 1
+23 1
+1 1
-24 3
+31 9

fl=(141)
fn=(456) mprotect
117 40
+5 8

fn=(626)
117 5
+5 1

fl=(187)
fn=(638) call_init
29 18
-2 108
+8 27
+2 18
+6 8
+3 8
-3 16
+3 16
+5 14
+8 21
+1 30
cob=(4)
cfi=(184)
cfn=(836) 0x00000000048582cc
calls=1 -60 
* 7
cob=(4)
cfi=(184)
cfn=(826) 0x0000000004acf2cc
calls=1 -60 
* 7
cob=(4)
cfi=(184)
cfn=(678) 0x0000000004bbe2cc
calls=1 -60 
* 7
cob=(4)
cfi=(184)
cfn=(662) 0x0000000004c162cc
calls=1 -60 
* 7
cob=(4)
cfi=(184)
cfn=(640) 0x000000000483b2cc
calls=1 -60 
* 7
+3 7
+1 14
+6 18
+3 12
-1 53
+2 68
cob=(8)
cfi=(295)
cfn=(1184)
calls=1 +86 
* 50
cob=(8)
cfi=(295)
cfn=(1176)
calls=1 +86 
* 50
cob=(8)
cfi=(295)
cfn=(1168)
calls=1 +86 
* 34
cob=(8)
cfi=(295)
cfn=(1160)
calls=1 +86 
* 34
cob=(8)
cfi=(294)
cfn=(1158)
calls=1 -32 
* 47
cob=(8)
cfi=(291)
cfn=(1152)
calls=1 +53 
* 74
cob=(8)
cfi=(288)
cfn=(1142)
calls=1 456 
* 1356
cob=(8)
cfi=(286)
cfn=(1136)
calls=1 +54 
* 12
cob=(8)
cfi=(285)
cfn=(1134)
calls=1 +34 
* 3
cob=(8)
cfi=(284)
cfn=(1128)
calls=1 260 
* 191
cob=(8)
cfi=(283)
cfn=(1122)
calls=1 -74 
* 12
cob=(8)
cfi=(282)
cfn=(1120)
calls=1 2174 
* 83
cob=(7)
cfi=(236)
cfn=(824) initialize_team
calls=1 1023 
* 39
cob=(7)
cfi=(199) /usr/src/debug/gcc-15.2.1-7.fc42.x86_64/obj-x86_64-redhat-linux/x86_64-redhat-linux/libgomp/../../../libgomp/env.c
cfn=(688) initialize_env
calls=1 2203 
* 17304
cob=(6)
cfi=(197)
cfn=(672)
calls=1 -74 
* 12
cob=(2)
cfi=(193)
cfn=(660)
calls=1 -10 
* 22
cob=(2)
cfi=(192)
cfn=(658)
calls=1 545 
* 12
* 24
cob=(8)
cfi=(238)
cfn=(840)
calls=1 +44 
* 40572
cob=(3) /usr/lib64/libm.so.6
cfi=(237) ???
cfn=(830) 0x00000000000008a0
calls=1 -74 
* 12
cob=(7)
cfi=(198) ???
cfn=(682) 0x0000000000003d30
calls=1 -74 
* 12
cob=(6)
cfi=(194)
cfn=(666)
calls=1 -14 
* 361
cob=(2)
cfi=(189)
cfn=(650)
calls=1 -28 
* 80
cob=(5)
cfi=(188)
cfn=(644)
calls=1 -74 
* 12
-1 69
+3 72
-29 2

fn=(636)
81 13
+1 1
+1 1
+3 3
+8 2
+25 1
+1 5
+1 5
-1 1
+1 1
cfn=(638)
calls=1 -92 
* 41
* 35
-1 7
+1 7
cfn=(638)
calls=7 -92 
* 60917
-1 16
+7 8
-22 1
-17 1
cfn=(638)
calls=1 -59 
* 84
+1 3

fl=(32)
fn=(96)
24 2
+1 2
-1 2
+1 2
cfi=(11)
cfn=(28)
calls=1 438 
* 18
* 5
+14 2

fl=(59)
fn=(190)
47 25
+3 50
-3 150
+6 50
+5 150
+2 100
-7 62

fl=(43)
fn=(128)
59 1
+12 1
+1 1
+22 1
+1 1
+45 1
+1 1
+2 1
+1 1
+2 1
+1 1
+2 1
+1 1
+47 1
+1 1
+1 1
+1 1
+1 1
+1 1

fl=(78)
fn=(276)
343 9
+1 20
-1 21
+3 14
cfn=(278)
calls=7 207 
* 2730838
+1 7
+1 7
-1 7
cfn=(454)
calls=7 +5 
* 245

fn=(278)
207 56
+13 8
-13 40
+16 8
-16 8
+16 8
+3 24
+20 24
+1 16
-30 6
+33 6
+7 12
fi=(6)
78 10
+6 8
+4 6
+6 2
+9 4
+23 4
fi=(4)
-47 2
fe=(78)
296 4
fi=(4)
79 4
fe=(78)
296 4
fi=(4)
79 6
fe=(78)
296 12
fi=(4)
79 12
fe=(78)
296 11174
fi=(4)
79 3
fe=(78)
296 3
fi=(4)
79 6
fe=(78)
296 350
fi=(5)
49 2
+4 2
+27 2
-32 2
+1 2
+1 2
-1 2
+4 2
-3 4
+3 2
-3 4
+3 4
+27 4
fe=(78)
296 42
fi=(5)
49 6
+4 6
+27 6
-32 6
+1 6
+1 6
-1 6
+4 6
-3 12
+3 6
-3 12
+3 12
+27 12
fe=(78)
296 8
fi=(5)
49 8
+4 8
+27 8
-32 8
+1 8
+1 8
-1 8
+4 8
-3 16
+3 8
-3 16
+3 16
+27 16
+3 14
fi=(6)
509 102
+4 102
+3 153
+1 51
fi=(5)
83 153
+2 204
-2 6
+13 4
fe=(78)
296 52
fi=(6)
725 48
+4 12
fe=(78)
298 32
+23 8
+3 16
+14 64
fi=(5)
105 42
+9 30
fi=(6)
493 6078
+5 4052
+1 4052
fi=(5)
114 2026
fi=(6)
499 4052
fi=(5)
114 4052
+3 56
+3 65
+2 26
fe=(78)
+68 7
fi=(5)
73 7
fe=(78)
190 7
fi=(6)
431 42
fi=(5)
124 14
+1 7
-1 7
+5 7
-5 14
+1 21
+4 14
-5 9492
+1 4746
-1 4746
+5 4746
-5 9492
+1 14238
+4 9492
-2 4679
-1 14037
+1 9358
-1 4679
+1 4679
fi=(6)
262 9358
+7 9358
+4 9358
fe=(78)
170 18716
fi=(4)
-30 13977
fe=(78)
+31 9318
+3 9318
+8 6076
-8 27306
+12 6064
-3 3032
+1 3032
+2 12140
-3 6
+1 6
+2 3062
+1 3038
-1 3038
+2 6076
-1 12152
+3 18228
cfi=(79)
cfn=(286)
calls=3038 769 
* 2219829
+3 3038
+1 6076
-4 3038
+4 15190
fi=(6)
+88 13977
+3 4637
-3 27942
+4 9380
+26 28008
418 8355
fi=(5)
141 8355
fi=(6)
418 3736
fi=(5)
141 5658
-19 14259
+33 42
+1 81
+1 273
+3 148
+4 74
-2 74
+1 74
-3 74
+2 222
fe=(78)
+8 296
fi=(6)
282 370
+4 148
471 148
+1 148
+1 74
cfi=(15)
cfn=(584)
calls=1 76 
* 6
cob=(3)
cfi=(169) /usr/src/debug/glibc-2.41-16.fc42.x86_64/math/../sysdeps/x86_64/fpu/multiarch/s_sincos.c
cfn=(558) sincos
calls=1 28 
* 8
cob=(3)
cfi=(168) /usr/src/debug/glibc-2.41-16.fc42.x86_64/math/../sysdeps/x86_64/fpu/multiarch/s_fmaf.c
cfn=(556) fmaf
calls=1 44 
* 6
cob=(3)
cfi=(147) /usr/src/debug/glibc-2.41-16.fc42.x86_64/math/../sysdeps/x86_64/fpu/multiarch/s_sin.c
cfn=(552) sin
calls=1 29 
* 9
cob=(3)
cfi=(167) /usr/src/debug/glibc-2.41-16.fc42.x86_64/math/../sysdeps/x86_64/fpu/multiarch/e_atan2.c
cfn=(548) __atan2_finite@GLIBC_2.15
calls=1 28 
* 9
cob=(3)
cfi=(166) /usr/src/debug/glibc-2.41-16.fc42.x86_64/math/../sysdeps/x86_64/fpu/multiarch/e_atanh.c
cfn=(544) __atanh_finite@GLIBC_2.15
calls=1 28 
* 10
cob=(3)
cfi=(165) /usr/src/debug/glibc-2.41-16.fc42.x86_64/math/../sysdeps/x86_64/fpu/multiarch/e_sinh.c
cfn=(540) __sinh_finite@GLIBC_2.15
calls=1 28 
* 10
cob=(3)
cfi=(164) /usr/src/debug/glibc-2.41-16.fc42.x86_64/math/../sysdeps/x86_64/fpu/multiarch/e_exp2f.c
cfn=(536) exp2f@@GLIBC_2.27
calls=1 29 
* 10
cob=(3)
cfi=(163) /usr/src/debug/glibc-2.41-16.fc42.x86_64/math/../sysdeps/x86_64/fpu/multiarch/s_expm1.c
cfn=(532) expm1
calls=1 28 
* 10
cob=(3)
cfi=(159) /usr/src/debug/glibc-2.41-16.fc42.x86_64/math/../sysdeps/x86_64/fpu/multiarch/e_asin.c
cfn=(528) __asin_finite@GLIBC_2.15
calls=1 29 
* 8
cob=(3)
cfi=(162) /usr/src/debug/glibc-2.41-16.fc42.x86_64/math/../sysdeps/x86_64/fpu/multiarch/s_roundeven.c
cfn=(526) roundeven
calls=1 32 
* 7
cob=(3)
cfi=(161) /usr/src/debug/glibc-2.41-16.fc42.x86_64/math/../sysdeps/x86_64/fpu/multiarch/s_fma.c
cfn=(524) fma
calls=1 49 
* 6
cob=(3)
cfi=(160) /usr/src/debug/glibc-2.41-16.fc42.x86_64/math/../sysdeps/x86_64/fpu/multiarch/s_sinf.c
cfn=(520) sinf
calls=1 28 
* 10
cob=(3)
cfi=(159)
cfn=(516) __acos_finite@GLIBC_2.15
calls=1 37 
* 8
cob=(3)
cfi=(158) /usr/src/debug/glibc-2.41-16.fc42.x86_64/math/../sysdeps/x86_64/fpu/multiarch/s_atan.c
cfn=(512) atan
calls=1 28 
* 9
cob=(3)
cfi=(157) /usr/src/debug/glibc-2.41-16.fc42.x86_64/math/../sysdeps/x86_64/fpu/multiarch/e_log.c
cfn=(508) __log_finite@GLIBC_2.15
calls=1 29 
* 9
cob=(3)
cfi=(156) /usr/src/debug/glibc-2.41-16.fc42.x86_64/math/../sysdeps/x86_64/fpu/multiarch/s_log1p.c
cfn=(504) __log1p
calls=1 28 
* 10
cob=(3)
cfi=(155) /usr/src/debug/glibc-2.41-16.fc42.x86_64/math/../sysdeps/x86_64/fpu/multiarch/e_log2f.c
cfn=(500) log2f@@GLIBC_2.27
calls=1 29 
* 10
cob=(3)
cfi=(153) /usr/src/debug/glibc-2.41-16.fc42.x86_64/math/../sysdeps/x86_64/fpu/multiarch/e_pow.c
cfn=(496) __pow_finite@GLIBC_2.15
calls=1 29 
* 8
cob=(3)
cfi=(152) /usr/src/debug/glibc-2.41-16.fc42.x86_64/math/../sysdeps/x86_64/fpu/multiarch/e_powf.c
cfn=(492) powf@@GLIBC_2.27
calls=1 32 
* 10
cob=(3)
cfi=(151) /usr/src/debug/glibc-2.41-16.fc42.x86_64/math/../sysdeps/x86_64/fpu/multiarch/s_sincosf.c
cfn=(488) sincosf
calls=1 28 
* 10
cob=(3)
cfi=(150) /usr/src/debug/glibc-2.41-16.fc42.x86_64/math/../sysdeps/x86_64/fpu/multiarch/e_log2.c
cfn=(484) log2@@GLIBC_2.29
calls=1 29 
* 10
cob=(3)
cfi=(149) /usr/src/debug/glibc-2.41-16.fc42.x86_64/math/../sysdeps/x86_64/fpu/multiarch/s_tan.c
cfn=(480) tan
calls=1 28 
* 9
cob=(3)
cfi=(148) /usr/src/debug/glibc-2.41-16.fc42.x86_64/math/../sysdeps/x86_64/fpu/multiarch/e_logf.c
cfn=(476) logf@@GLIBC_2.27
calls=1 29 
* 10
cob=(3)
cfi=(147)
cfn=(472) cos
calls=1 36 
* 9
cob=(3)
cfi=(146) /usr/src/debug/glibc-2.41-16.fc42.x86_64/math/../sysdeps/x86_64/fpu/multiarch/e_expf.c
cfn=(468) expf@@GLIBC_2.27
calls=1 29 
* 10
cob=(3)
cfi=(144) /usr/src/debug/glibc-2.41-16.fc42.x86_64/math/../sysdeps/x86_64/fpu/multiarch/e_exp.c
cfn=(464) __exp_finite@GLIBC_2.15
calls=1 29 
* 9
cob=(3)
cfi=(142) /usr/src/debug/glibc-2.41-16.fc42.x86_64/math/../sysdeps/x86_64/fpu/multiarch/s_cosf.c
cfn=(460) cosf
calls=1 28 
* 10
cob=(2)
cfi=(140)
cfn=(450)
calls=1 31 
* 22
cob=(2)
cfi=(139)
cfn=(446)
calls=1 33 
* 22
cob=(2)
cfi=(138)
cfn=(442)
calls=1 31 
* 18
cob=(2)
cfi=(137)
cfn=(440)
calls=1 29 
* 7
cob=(2)
cfi=(135)
cfn=(436)
calls=1 29 
* 21
cob=(2)
cfi=(134)
cfn=(432)
calls=1 29 
* 22
cob=(2)
cfi=(133)
cfn=(428)
calls=1 33 
* 19
cob=(2)
cfi=(132)
cfn=(424)
calls=1 29 
* 22
cob=(2)
cfi=(130)
cfn=(420)
calls=1 29 
* 25
cob=(2)
cfi=(129)
cfn=(416)
calls=1 29 
* 21
cob=(2)
cfi=(128)
cfn=(412)
calls=1 29 
* 25
cob=(2)
cfi=(127)
cfn=(408)
calls=1 31 
* 18
cob=(2)
cfi=(126)
cfn=(404)
calls=1 31 
* 22
cob=(2)
cfi=(125)
cfn=(400)
calls=1 29 
* 19
cob=(2)
cfi=(123)
cfn=(396)
calls=2 31 
* 38
cob=(2)
cfi=(121)
cfn=(392)
calls=1 29 
* 25
cob=(2)
cfi=(120)
cfn=(388)
calls=1 31 
* 25
cob=(2)
cfi=(119)
cfn=(384)
calls=1 31 
* 22
cob=(2)
cfi=(117)
cfn=(380)
calls=1 29 
* 19
cob=(2)
cfi=(116)
cfn=(378)
calls=1 60 
* 17
cob=(2)
cfi=(115)
cfn=(376)
calls=1 29 
* 7
cob=(2)
cfi=(108)
cfn=(370)
calls=1 31 
* 22
cob=(2)
cfi=(112)
cfn=(368)
calls=1 67 
* 22
cob=(2)
cfi=(110)
cfn=(364)
calls=2 31 
* 42
cob=(2)
cfi=(108)
cfn=(360)
calls=1 31 
* 21
cob=(2)
cfi=(107)
cfn=(356)
calls=1 30 
* 25
cob=(2)
cfi=(106)
cfn=(352)
calls=1 28 
* 25
cob=(2)
cfi=(104)
cfn=(348)
calls=1 29 
* 23
cob=(2)
cfi=(103)
cfn=(346)
calls=1 65 
* 21
cob=(2)
cfi=(101)
cfn=(342)
calls=2 31 
* 50
cob=(2)
cfi=(99)
cfn=(338)
calls=1 29 
* 22
cob=(2)
cfi=(97)
cfn=(334)
calls=1 31 
* 18
cob=(2)
cfi=(96)
cfn=(330)
calls=1 29 
* 25
cob=(2)
cfi=(95)
cfn=(326)
calls=1 29 
* 22
cob=(2)
cfi=(93)
cfn=(322)
calls=1 29 
* 22
cob=(2)
cfi=(92)
cfn=(318)
calls=1 29 
* 20
cob=(2)
cfi=(90)
cfn=(314)
calls=1 29 
* 23
cob=(2)
cfi=(88)
cfn=(310)
calls=1 30 
* 20
cob=(2)
cfi=(87)
cfn=(308)
calls=1 79 
* 20
cob=(2)
cfi=(86)
cfn=(306)
calls=1 29 
* 7
cob=(2)
cfi=(84)
cfn=(302)
calls=2 31 
* 50
cob=(2)
cfi=(82)
cfn=(298)
calls=1 86 
* 30
fi=(5)
156 74
fi=(6)
474 74
fi=(5)
156 151
fe=(78)
296 15
fi=(5)
51 8
fi=(4)
+28 16
fi=(5)
+63 3810
fi=(6)
315 1270
+3 1270
+49 12
+10 20
+10 4
-1 4
+1 8
-1 4
+2 8
fi=(5)
141 8
fi=(6)
395 60
+2 80
+4 20
+9 20
-9 40
+9 20
fi=(5)
141 40
fi=(6)
455 6
+5 4
-1 6
+1 4
-1 2
cfi=(29)
cfn=(82)
calls=2 210 
* 22
+2 10
+1 4
+3 20
282 40
fi=(5)
132 74
+1 74
-1 222
+2 82
fi=(6)
287 66
+3 66
+1 99
+11 66
+7 33
cob=(2)
cfi=(123)
cfn=(396)
calls=1 31 
* 19
cob=(2)
cfi=(107)
cfn=(356)
calls=1 30 
* 25
cob=(2)
cfi=(129)
cfn=(416)
calls=1 29 
* 21
cob=(2)
cfi=(125)
cfn=(400)
calls=1 29 
* 19
cob=(2)
cfi=(137)
cfn=(440)
calls=1 29 
* 7
cob=(2)
cfi=(171)
cfn=(570)
calls=1 44 
* 7
cob=(2)
cfi=(110)
cfn=(364)
calls=1 31 
* 21
cob=(2)
cfi=(170)
cfn=(568)
calls=1 41 
* 7
cob=(2)
cfi=(130)
cfn=(420)
calls=1 29 
* 25
cob=(2)
cfi=(135)
cfn=(436)
calls=1 29 
* 21
cob=(2)
cfi=(92)
cfn=(318)
calls=1 29 
* 20
cob=(2)
cfi=(140)
cfn=(450)
calls=1 31 
* 22
cob=(2)
cfi=(87)
cfn=(308)
calls=2 79 
* 40
cob=(2)
cfi=(121)
cfn=(392)
calls=2 29 
* 50
cob=(2)
cfi=(103)
cfn=(346)
calls=2 65 
* 42
cob=(2)
cfi=(112)
cfn=(368)
calls=2 67 
* 44
cob=(2)
cfi=(108)
cfn=(370)
calls=1 31 
* 22
cob=(2)
cfi=(134)
cfn=(432)
calls=3 29 
* 66
cob=(2)
cfi=(99)
cfn=(338)
calls=3 29 
* 66
cob=(2)
cfi=(90)
cfn=(314)
calls=3 29 
* 69
cob=(2)
cfi=(128)
cfn=(412)
calls=3 29 
* 75
* 99
+3 66
fe=(78)
175 19452
+3 1621
-1 1621
+19 1621
-18 3242
296 165
fi=(6)
-14 148
fi=(5)
73 1
+98 2
fe=(78)
+19 5
fi=(5)
-17 3
+3 1
-3 4
+3 2
-3 15
+3 5
-3 20
+3 10
-2 12
+10 6
fi=(6)
+78 12
+7 12
+4 12
fe=(78)
170 24
fi=(4)
-30 18
fe=(78)
+31 12
+3 12
+8 12
-8 54
+12 12
-3 6
+1 6
+2 36
+4 30
-4 6
+4 12
cfi=(79)
cfn=(286)
calls=6 769 
* 4020
+3 6
+1 12
-4 6
+4 30
fi=(6)
+88 18
+3 3
-3 18
+4 6
+26 36
418 6
fi=(5)
187 18
-16 18
+31 6
fe=(78)
+48 10
+7 20
-9 10

fn=(454)
352 8
+1 24
+3 40
+3 8
-3 8
+3 8
+4 16
-11 8
+12 24
-12 24
+12 8
-12 8
+12 8
cfi=(141)
cfn=(456)
calls=8 117 
* 48
* 16
+6 24

fl=(174)
fn=(586)
30 2
+10 4
-10 3
+7 1
+3 2
cfi=(175)
cfn=(588)
calls=1 +34 
* 218
+4 2
+1 9
+2 5
-2 1
+2 1
cfi=(175)
cfn=(588)
calls=1 +27 
* 222
* 1
+4 2
+1 6
+1 2
-1 1
+1 2

fl=(29)
fn=(82)
210 36
+1 36
+6 36
+1 36
+2 26
+1 26
+1 26
+2 20
+1 20
+1 20
+2 20
+80 10
+1 10
+2 1
+4 1
+1 1
+1 1
+1 1
+1 1
+4 1
+2 1
+39 9
+1 9
+1 9
+1 9
+1 9
+7 6
+1 6
+1 6
+1 6
+1 6
+1 6
+1 6
+11 6
+1 6
+2 6
+1 6
+1 6

fn=(136)
197 88
+1 88
+1 88
+1 88
+17 88
+1 88
+2 22
+1 22
+1 22
+2 5
+1 5
+1 5
+2 5
+80 66
+1 66
+2 64
+4 64
+1 64
+1 64
+8 64
+39 2
+1 2
+1 2
+1 2
+1 2
+7 17
+1 17
+1 17
+1 17
+1 17
+1 17
+1 17
+11 17
+1 17
+2 17
+1 17
+1 17

fl=(378)
fn=(1694)
24 64
+4 16
+6 8
-2 8
+3 16
+4 12
+3 12
-4 30
+5 6
cob=(6)
cfi=(391)
cfn=(1868)
calls=1 +15 
* 39
cob=(7)
cfi=(232) /usr/src/debug/gcc-15.2.1-7.fc42.x86_64/obj-x86_64-redhat-linux/x86_64-redhat-linux/libgomp/../../../libgomp/oacc-init.c
cfn=(1840) goacc_runtime_deinitialize
calls=1 904 
* 21
cob=(3)
cfi=(237)
cfn=(1822) 0x0000000000000860
calls=1 -43 
* 119
cob=(8)
cfi=(283)
cfn=(1738)
calls=1 -43 
* 1791
cob=(5)
cfi=(188)
cfn=(1710)
calls=1 -43 
* 964
cob=(9)
cfi=(296)
cfn=(1696) 0x0000000000400960
calls=1 -43 
* 13
* 4
cob=(6)
cfi=(197)
cfn=(1872)
calls=1 -43 
* 119
cob=(7)
cfi=(198)
cfn=(1850) 0x0000000000003cf0
calls=1 -43 
* 119
cob=(7)
cfi=(199)
cfn=(1848) cleanup_env
calls=1 2193 
* 6
cob=(7)
cfi=(236)
cfn=(1846) team_destructor
calls=1 1037 
* 21
-1 30
+5 8
+1 16
+1 12
+1 30
-1 6
cob=(4)
cfi=(184)
cfn=(1888) 0x0000000004c38e88
calls=1 -49 
* 4
cob=(4)
cfi=(184)
cfn=(1866) 0x0000000004bf98e4
calls=1 -49 
* 4
cob=(4)
cfi=(184)
cfn=(1838) 0x0000000004b4b568
calls=1 -49 
* 4
cob=(4)
cfi=(184)
cfn=(1820) 0x0000000004998d84
calls=1 -49 
* 4
cob=(4)
cfi=(184)
cfn=(1736) 0x000000000483b598
calls=1 -49 
* 4
cob=(4)
cfi=(184)
cfn=(1706) 0x00000000004119fc
calls=1 -49 
* 4
+1 12

fl=(20) /usr/src/debug/glibc-2.41-16.fc42.x86_64/elf/../sysdeps/x86/dl-cacheinfo.h
fn=(50) handle_intel.constprop.0
255 24
-5 12
+17 12
-17 96
+11 12
+6 36
+4 24
+34 96
-29 12
+3 24
-3 12
+3 12
cfn=(52) intel_check_word.constprop.0
calls=12 123 
* 4140
+2 24
+3 60
cfn=(52)
calls=12 123 
* 1319
+2 24

fn=(56) get_common_cache_info.constprop.0
613 11
+18 1
+29 1
-32 1
+32 1
-17 2
-11 1
+28 2
+4 2
-26 1
+31 1
-14 1
+17 1
-32 4
+32 3
+10 26
+14 2
+4 1
+3 1
+1 1
-4 2
+3 3
+6 2
-37 12
+6 6
-6 3
+6 2
+1 8
812 4
+1 5
+4 2
+7 1
+1 1
+1 1
+1 7
687 2
+4 1
+1 1
-1 2
+18 2
-69 6
+75 4
+8 1
+2 1
-2 5
+2 2
-2 2
+22 5
+5 2
-21 4
+3 1
+1 2
-4 3
+3 1
+1 6
+2 4
+3 2
+5 1
+2 2
+1 1
+1 1
-2 2
+1 1
-19 8
+46 2
+2 1
-1 1
+1 2
+2 2
-1 2
+25 3
-48 2
-7 1
+11 2
+3 1
+2 4
+1 2
+5 2

fn=(52)
123 48
-4 48
+10 72
+87 24
-97 72
+90 24
-90 48
+10 48
-10 24
+10 24
+73 72
-73 24
+73 48
-69 24
+2 48
-10 12
246 144
-30 144
fi=(21) /usr/src/debug/glibc-2.41-16.fc42.x86_64/elf/../bits/stdlib-bsearch.h
28 144
fe=(20)
+82 96
fi=(21)
-82 828
fe=(20)
+82 552
+3 588
fi=(21)
-87 648
fe=(20)
131 144
+2 36
+2 132
+8 120
+51 96
fi=(21)
44 60
-1 60
+3 120
fe=(20)
155 36
+3 36
+9 24
+1 24
+1 24
+1 24
-18 24
+12 24
+1 24
+22 21
-32 63
+3 63
+4 64
+2 128
+3 58
+1 50
+1 38
+1 24
+2 11
+2 22
+6 14
+3 8
+1 12
-3 9
-5 4
+2 4
+1 4
-2 4
-1 4
+2 8
-2 4
+3 4
-2 12
+2 12
+11 2

fl=(44)
fn=(140)
137 88
+1 440
+5 88
+1 88
+3 68
+1 68
+2 17
+1 17
+1 17
+69 16
+1 16
+2 16
+12 51
+1 51
+12 51
+3 51
+1 51
+12 35
+1 35
+13 35
+1 35
+2 35
+3 19
+3 38
+3 19
+1 19
+1 19
+1 19
+1 19
+1 19
+1 19
-6 100
+1 100
+1 100
+1 100
+1 100
+1 100
+1 100
+3 35
+1 35
+1 35
+1 35
+5 35
+46 20
+2 20
+1 20
+39 20
+1 20
+2 20

fl=(25)
fn=(70)
28 2
+1 2
+3 91
+13 84
-13 168
+2 170
+1 14
+5 1
-3 1
+3 1
+2 1

fl=(11)
fn=(22) __GI___tunables_init
294 1
+6 3
-6 1
+10 2
-10 7
+10 1
-10 2
+10 28
+2 2
43 430
+6 85
-3 85
+3 8749
+4 170
+4 85
fi=(12) /usr/src/debug/glibc-2.41-16.fc42.x86_64/elf/dl-tunables.h
160 85
fe=(11)
57 85
fi=(12)
160 85
fe=(11)
57 255
fi=(12)
160 85
+1 170
-1 13
+1 222
-1 65
fe=(11)
319 2295
+1 2295
+2 2295
-5 2380
fi=(12)
160 880
+1 1990
-1 575
fe=(11)
340 6
+3 27
+3 27
+9 8
fi=(12)
165 255
fe=(11)

fn=(28)
438 40
+3 80
-3 40
+3 200
+9 37
-9 74
+19 22
+7 120
+2 40
-19 18
+1 18
+9 6

fn=(60) do_tunable_update_val
73 6
-3 12
+3 24
+10 6
+11 6
+1 6
-1 18
+1 24
+4 12
+2 12
+4 6
-4 12
+11 12
+1 12
+3 6
+1 6
+1 6
+1 12

fn=(58) __GI___tunable_set_val
162 6
+1 24
+2 6
cfn=(60)
calls=6 -92 
* 198

fl=(30)
fn=(204) _dl_notify_new_object
908 24
+2 6
-2 30
+2 6
cfi=(45)
cfn=(206)
calls=6 94 
* 42
* 6
+1 18
+21 42
-4 12
+7 6
-2 12
+2 24
-2 6
cfi=(49)
cfn=(208)
calls=6 77 
* 30

fn=(174)
228 28
+3 14
-3 28
+7 14
-7 14
+3 14
cfi=(42)
cfn=(124)
calls=14 32 
* 408
+3 28
+20 70

fn=(178) open_verify.constprop.0
1520 60
+32 6
-32 12
+32 12
+19 24
cfi=(55)
cfn=(180)
calls=6 28 
* 126
* 6
+2 12
+8 6
+1 12
+6 6
-1 12
+1 6
-1 6
cfi=(56) /usr/src/debug/glibc-2.41-16.fc42.x86_64/io/../sysdeps/unix/sysv/linux/read_nocancel.c
cfn=(182) __read_nocancel
calls=6 25 
* 36
* 6
+4 6
-2 12
+2 12
+2 12
+6 12
+15 78
+62 12
+5 12
+6 24
+6 12
+6 6
+1 6
-1 6
+1 18
+26 54
-22 12
+1 2
-1 1
+1 1
cfi=(69)
cfn=(230)
calls=1 25 
* 7
* 2
-91 9
+90 2

fn=(172) expand_dynamic_string_token
375 5
+10 1
-10 3
+10 1
cfn=(174)
calls=1 228 
* 63
+3 2
+12 1
-11 1
+11 4
-11 1
cfi=(54)
cfn=(176)
calls=1 40 
* 91

fn=(184) _dl_map_object_from_fd
948 54
+15 6
-15 12
+15 6
-15 18
+15 12
+79 24
+10 12
+7 42
cfi=(26)
cfn=(72)
calls=6 59 
* 2061
* 6
+1 12
+11 12
+1 6
-1 6
+2 6
+3 6
-3 6
+2 6
+1 18
+1 10
+19 10
-2 5
+2 37
-2 1
+2 61
+10 6
-10 12
+10 18
+27 6
-33 6
-3 6
+2 6
-1 6
+8 6
+36 6
+27 6
-36 6
-41 6
+50 6
+27 12
-62 220
+26 108
+10 36
-1 18
-1 18
+1 36
+1 18
+2 18
-3 18
+1 18
+2 18
+2 18
-4 18
+1 18
+3 18
-4 18
+4 90
+2 36
+13 72
+6 12
+1 108
-28 24
-35 36
+62 6
+1 54
-28 12
-35 153
+1 356
1219 6
1106 6
1219 12
1106 18
1224 18
1072 6
1234 6
1072 24
1235 6
-1 6
+1 6
-1 18
+1 12
-1 12
+1 12
-1 36
+7 12
+10 24
+7 24
fi=(61) /usr/src/debug/glibc-2.41-16.fc42.x86_64/elf/./dl-map-segments.h
28 6
fe=(30)
1258 18
fi=(61)
28 12
+1 48
cfi=(59)
cfn=(190)
calls=6 +18 
* 168
+72 6
-72 6
+73 12
+3 12
+1 6
-1 6
+1 6
+2 12
+17 6
-44 6
fi=(62) /usr/src/debug/glibc-2.41-16.fc42.x86_64/elf/./dl-load.h
+10 36
fi=(61)
+58 72
+6 6
+2 6
-2 6
+3 6
-2 6
+2 6
-1 12
+3 18
+5 12
+3 15
+8 30
cfi=(44)
cfn=(140)
calls=5 -39 
* 833
* 5
+6 12
+12 18
-59 72
+2 48
+2 24
+1 12
-1 48
cfi=(59)
cfn=(190)
calls=12 -92 
* 252
* 24
fi=(57) /usr/src/debug/glibc-2.41-16.fc42.x86_64/elf/../sysdeps/posix/dl-fileid.h
37 18
cfi=(58)
cfn=(188)
calls=6 -7 
* 36
* 12
fe=(30)
993 6
fi=(57)
40 6
fe=(30)
993 24
fi=(57)
40 6
fe=(30)
993 111
+1 54
fi=(57)
49 84
fe=(30)
1467 54
1080 12
+1 2
-1 1
+1 1
-1 1
+1 1
cfi=(69)
cfn=(230)
calls=1 25 
* 7
* 2
+46 2
+1 1
-15 12
+9 6
-2 12
+1 6
+1 6
-1 12
+1 48
+60 12
+5 4
-1 8
+5 4
-5 8
-66 4
+71 16
+1 4
+3 4
-3 4
+8 16
+15 12
+1 6
1012 12
1274 24
+1 18
fi=(63) /usr/src/debug/glibc-2.41-16.fc42.x86_64/elf/get-dynamic-info.h
39 12
+6 6
-2 6
+2 12
+8 6
+15 6
-23 24
+23 167
-23 668
+4 346
+3 46
-1 92
+3 160
+1 136
fi=(62)
+37 25
+2 5
-1 10
+1 5
-1 10
+1 5
-1 10
+3 20
fi=(63)
-40 30
+3 24
+13 24
+12 20
+1 24
+1 24
+1 24
+1 21
+1 24
+1 23
+1 24
+12 6
+7 6
-7 42
+7 12
+5 12
+7 12
+1 18
+6 18
+1 9
+17 18
+5 10
+2 10
+2 10
+2 10
+1 5
+3 18
+2 18
+1 12
+9 12
+6 12
+1 10
+3 12
fe=(30)
1281 12
+1 12
+2 30
+10 18
+19 12
+2 30
+20 18
+1 8
+6 42
+1 108
+6 24
cfn=(90)
calls=6 842 
* 502
-7 138
+1 69
+6 69
-6 138
fi=(31)
149 30
fe=(30)
1080 2
1354 12
cfi=(64)
cfn=(202)
calls=6 25 
* 36
* 12
+13 12
+2 24
+2 12
+16 12
cfi=(8)
cfn=(14)
calls=6 25 
* 162
+4 12
+1 12
+17 12
+1 1
+3 2
+5 2
-5 10
+5 10
+5 12
+12 48
+10 12
+1 16
+5 8
cfi=(46)
cfn=(228) _dl_assign_tls_modid
calls=4 153 
* 44
+7 18
cfi=(26)
cfn=(86)
calls=6 31 
* 330
+3 12
+3 24
cfn=(204)
calls=6 908 
* 264
+2 6
fi=(61)
186 24
cfi=(59)
cfn=(190)
calls=3 47 
* 63
+3 6
fe=(30)
1436 18
+2 5
-1 25
+1 5
-1 5
+1 5
-1 5
cfi=(33)
cfn=(98)
calls=5 98 
* 150
* 10
+2 5
fi=(63)
62 24
+2 24
fe=(30)

fn=(110)
680 7
+14 1
-14 6
+14 2
cfi=(38)
cfn=(112)
calls=1 172 
* 1379
fi=(28)
56 1
fe=(30)
694 1
fi=(28)
56 1
cfi=(27)
cfn=(78)
calls=1 -20 
* 18
fe=(30)
699 1
+2 2
+7 2
+1 1
-1 3
+5 3
fi=(28)
56 1
cfi=(27)
cfn=(78)
calls=1 -20 
* 18
fe=(30)
713 1
+2 4
+26 2
-20 1
+23 9
-22 1
+22 2
-2 4
-10 2
-2 2
+5 2
+2 1
-1 1
-4 1
+8 2
-8 2
-2 2
+5 2
+2 1
-1 1
-4 1
+8 2
+1 4
+1 8
cfi=(44)
cfn=(140)
calls=2 137 
* 28
+2 12
+4 6
+8 2
+3 1
-9 1
+1 2
+8 2
+2 4
+2 3
+36 2
+31 1
+1 8
-49 1
-2 1
+2 2
+14 2

fn=(216) cache_rpath
656 15
-1 30
+1 30
+1 15
+16 30

fn=(168)
1894 168
+8 28
+1 42
+3 355
+5 525
+2 225
cfi=(53)
cfn=(170)
calls=75 68 
* 8234
* 150
+4 134
+1 201
+4 42
-1 210
+1 42
+1 42
-1 42
+1 84
cfi=(33)
cfn=(98)
calls=42 98 
* 1577
* 84
2183 132
1937 12
+12 6
-5 6
-48 6
+53 12
+14 18
cfi=(42)
cfn=(124)
calls=6 32 
* 144
* 12
2115 2
-1 3
cfn=(172)
calls=1 375 
* 173
+6 1
-7 1
+1 1
+2 2
+4 8
cfn=(178)
calls=1 1520 
* 105
* 1
+3 2
+58 1
-46 3
+46 12
cfn=(184)
calls=1 948 
* 1841
-46 15
+46 60
cfn=(184)
calls=5 948 
* 10279
* 18
1967 10
cfi=(22)
cfn=(62)
calls=5 57 
* 85
* 10
+2 10
+7 20
+57 10
+1 25
cfn=(216)
calls=5 656 
* 40
* 10
+8 10
+2 15
+4 10
cfi=(67)
cfn=(218)
calls=5 387 
* 6496
* 5
+2 10
+4 10
+31 5
-23 10
+23 40
cfn=(178)
calls=5 1520 
* 561
* 5
+4 10
+1 5
+17 10
2002 35
cfn=(216)
calls=5 656 
* 40
* 20
+9 10
+15 10
-46 5
+5 5
+3 5
-3 5
+3 45
-3 15
+1 25
cfn=(216)
calls=5 656 
* 40
* 10
+14 35
+1 35

fn=(90)
842 7
+8 14
-6 7
+12 14
-13 7
+13 7
-13 14
+13 14
+3 21
+1 14
+1 14
+3 21
+1 21
+4 7
+1 14
fi=(31)
97 8
258 12
fe=(30)
888 8
+4 18
+2 24
-20 26
+4 26
-3 13
+6 13
+1 39
fi=(31)
95 52
+7 18
+16 9
-3 18
252 6
fe=(30)
904 4
fi=(31)
257 3
-4 3
+4 9
+3 3
-6 12
+1 6
+2 24
+3 6
fe=(30)

fl=(172)
fn=(576)
578 6
+3 1
+2 2
+13 1
cfn=(580) _dlfo_process_initial
calls=1 -91 
* 168
+1 1
-1 1
+1 1
fi=(28)
56 1
cfi=(27)
cfn=(78)
calls=1 -20 
* 18
fe=(172)
597 1
+2 2
+3 3
+5 1
+1 1
cfn=(580)
calls=1 505 
* 619
+3 4
+10 5
-37 2
cfi=(173)
cfn=(578)
calls=1 95 
* 73
* 1
+29 1
cfn=(582) _dlfo_sort_mappings
calls=1 -60 
* 343
+3 6
+2 1

fn=(580)
505 18
+1 2
+3 4
+5 16
+1 6
+1 16
-1 32
+3 60
+3 56
-7 8
+32 2
+2 18
-24 28
+5 42
+3 7
-1 7
+1 7
-1 14
cfi=(173)
cfn=(578)
calls=7 95 
* 416
+2 28

fn=(582)
553 3
+1 2
+3 4
+4 1
+1 1
-1 1
+1 2
-1 5
+1 5
-1 5
+1 34
+1 24
+2 12
-3 18
+1 60
+2 30
-3 45
+8 18
+1 6
-1 18
-13 6
+14 18
+1 12
-15 12
+17 1

fl=(9)
fn=(620)
148 1
+1 1

fn=(16)
103 5
+4 1
-4 1
+1 1
+3 1
cfn=(18) _dl_sysdep_parse_arguments
calls=1 -28 
* 568
+4 2
cfi=(11)
cfn=(22)
calls=1 294 
* 23749
+3 1
cfi=(13)
cfn=(26)
calls=1 289 
* 32
+2 2
cfi=(14) /usr/src/debug/glibc-2.41-16.fc42.x86_64/elf/../sysdeps/unix/sysv/linux/brk.c
cfn=(30) brk
calls=1 -80 
* 8
fi=(6)
+93 1
cfi=(15)
cfn=(34)
calls=1 37 
* 7291
fe=(9)
-86 3
+1 1
cfi=(22)
cfn=(62)
calls=1 -67 
* 17
* 1
+2 2
cfi=(23)
cfn=(64)
calls=1 -89 
* 13
* 3
+12 3
+3 5
cfi=(2)
cfn=(66)
calls=1 1359 
* 2814990
+3 4

fn=(18)
79 1
+2 1
-2 7
+1 1
+1 1
-1 1
+2 3
+2 3
-1 1
+1 2
-1 84
+1 168
+7 56
fi=(10) /usr/src/debug/glibc-2.41-16.fc42.x86_64/elf/../sysdeps/unix/sysv/linux/dl-parse_auxv.h
-49 1
fe=(9)
+45 1
fi=(10)
-54 1
fe=(9)
+54 1
fi=(10)
-54 1
+1 1
+1 1
+7 3
+1 44
+1 44
-2 88
+13 1
+10 1
fe=(9)
+30 1
fi=(10)
-28 1
fe=(9)
+27 1
+2 1
fi=(10)
-41 1
+2 1
fe=(9)
+38 1
fi=(10)
-48 1
+10 1
+8 1
-17 1
+1 1
+16 1
-15 1
+1 1
+14 1
+2 1
-15 1
+1 1
+1 2
+13 3
-18 1
+6 1
-5 1
+5 1
+2 1
-6 1
+6 1
fe=(9)
+38 1
fi=(10)
-43 1
-4 1
+5 1
+1 1
-8 1
+21 1
-20 1
+18 1
fe=(9)
+29 1
+1 1
+1 1
+1 8

fl=(388)
fn=(1794)
52 2
+1 2
+1 2

fl=(16)
fn=(42) update_active.constprop.0
90 8
+4 1
+37 1
-9 1
-18 1
-1 1
-1 1
+25 1
-14 1
-10 1
-1 2
+25 1
-24 1
+27 1
-26 1
+17 1
+6 1
+7 1
-22 1
+18 1
-18 1
+18 1
+4 1
-7 1
+7 1
-7 1
-6 1
+13 1
-13 1
-9 1
+18 1
+4 1
+1 1
+7 1
+5 1
-8 1
-4 1
+13 1
-9 2
+7 1
-7 2
+1 1
+8 2
+3 1
-5 2
-6 2
+1 1
+10 2
-5 1
-5 2
+6 3
+4 2
-4 1
+4 1
+14 2
-2 1
+6 5
+1 3
+2 3
+91 1
-1 2
+17 4
+16 2
+4 1
+1 1
+3 4
+4 2
fi=(18) /usr/src/debug/glibc-2.41-16.fc42.x86_64/elf/../sysdeps/x86/get-isa-level.h
30 1
fe=(16)
389 2
+4 3
fi=(19) /usr/src/debug/glibc-2.41-16.fc42.x86_64/elf/../sysdeps/unix/sysv/linux/x86/dl-hwcap2.h
25 2
fi=(18)
+6 1
-3 1
+3 2
fe=(16)
402 1
+1 8
-92 3
+1 2
+5 1
-1 1
+10 1
-6 1
+2 1
-2 1
+3 1
+3 1
fi=(18)
32 3
+7 5
+1 3
+8 1
-1 1
+1 2
+3 4
+3 2
+9 5
fe=(16)
176 2
+6 2
+14 1
+12 2
-30 1
+18 1
+12 1
-12 1
+12 1
-12 1
+2 4
+6 4
+2 4
+7 4
-24 1
-5 2
+4 1

fn=(36)
728 1
+23 1
-23 7
+3 1
+9 1
-8 1
+1 1
+9 1
+9 2
+3 6
+6 6
cfn=(38) get_common_indices.constprop.0
calls=1 431 
* 71
409 3
+1 2
+1 6
+5 2
+1 6
+5 2
+1 6
765 1
cfn=(42)
calls=1 90 
* 196
+4 1
+42 1
-38 1
+15 1
-18 1
+41 1
-36 1
-5 1
+39 1
-39 1
+3 2
901 2
+7 2
+60 2
+7 2
+2 2
+4 2
+6 2
1143 1
758 1
1143 1
fi=(20)
999 6
fe=(16)
755 1
1135 3
+1 2
+3 2
+1 2
+3 2
+7 1
+1 1
+1 1
+1 1
fi=(20)
850 2
953 1
+5 1
+11 1
-7 1
+2 1
+5 1
-16 1
+1 1
+15 1
-10 1
-5 1
+1 1
+5 1
-5 1
+1 1
+5 1
-5 1
+1 1
+5 1
-5 1
+6 1
+37 2
-17 3
+8 2
+29 6
+9 2
+20 2
+13 2
-13 1
+6 2
+7 2
cfi=(11)
cfn=(28)
calls=1 438 
* 17
* 1
+5 2
-3 2
+3 2
cfi=(11)
cfn=(28)
calls=1 438 
* 17
* 1
+80 1
-68 1
-4 1
+4 1
-10 1
+78 2
-72 2
+72 1
-68 1
+68 1
-72 1
+4 1
cfi=(11)
cfn=(28)
calls=1 438 
* 17
* 1
+5 1
-4 1
+4 1
-4 2
+55 1
-51 1
+51 1
-51 1
cfi=(11)
cfn=(28)
calls=1 438 
* 17
* 1
+5 1
-4 1
+4 1
-4 2
+37 1
-33 1
+33 2
-33 1
cfi=(11)
cfn=(28)
calls=1 438 
* 17
* 1
+7 1
-6 1
+6 1
+42 1
-42 1
+42 1
-42 1
cfi=(11)
cfn=(28)
calls=1 438 
* 17
+2 1
-2 1
+2 2
-2 1
+26 9
cfi=(11)
cfn=(58)
calls=1 162 
* 39
+6 2
+3 10
cfi=(11)
cfn=(58)
calls=1 162 
* 39
+2 9
cfi=(11)
cfn=(58)
calls=1 162 
* 39
+1 10
cfi=(11)
cfn=(58)
calls=1 162 
* 39
+1 11
cfi=(11)
cfn=(58)
calls=1 162 
* 39
+3 10
cfi=(11)
cfn=(58)
calls=1 162 
* 39
+9 1
fe=(16)
+10 1
fi=(20)
-8 1
+2 1
-1 1
fe=(16)
+7 1
fi=(20)
-11 1
+1 1
+1 1
+1 1
fe=(16)
+8 1
fi=(20)
-6 1
-1 1
-2 1
+4 1
fe=(16)
+5 1
cfi=(11)
cfn=(28)
calls=1 438 
* 16
+3 4
cfi=(11)
cfn=(28)
calls=1 438 
* 18
+9 1
+4 1
-4 2
+55 1
-1 1
+1 1
+45 4
cfi=(11)
cfn=(28)
calls=1 438 
* 16
+2 4
cfi=(11)
cfn=(28)
calls=1 438 
* 16
+4 2
+3 4
+3 1
+35 3
-32 1
+32 1
cfi=(11)
cfn=(28)
calls=1 438 
* 18
+7 8
fi=(20)
1035 3
+3 1
+1 2
fe=(16)
1182 1
+1 1
-1 1
+1 2
+45 3
+27 2
-10 3
+1 4
+6 1
-3 2
fi=(20)
852 3
cfn=(50)
calls=1 255 
* 465
+1 1
-1 1
+1 1
cfn=(50)
calls=1 255 
* 532
+4 1
-4 2
+1 1
+3 1
cfn=(50)
calls=1 255 
* 482
+2 1
-2 1
+2 1
cfn=(50)
calls=1 255 
* 474
+3 1
-3 1
+1 2
+2 1
cfn=(50)
calls=1 255 
* 455
+2 1
-2 1
+2 1
cfn=(50)
calls=1 255 
* 457
+2 1
-2 1
+2 1
cfn=(50)
calls=1 255 
* 507
+2 1
-2 1
+2 1
cfn=(50)
calls=1 255 
* 497
+2 1
-2 1
+2 1
cfn=(50)
calls=1 255 
* 499
+3 1
-2 1
-1 1
+3 1
cfn=(50)
calls=1 255 
* 522
+2 1
-2 1
+2 1
cfn=(50)
calls=1 255 
* 524
+2 1
-2 1
+2 1
cfn=(50)
calls=1 255 
* 525
+2 4
-2 1
+2 2
cfn=(56)
calls=1 613 
* 225
990 1
-6 3
+6 1
-6 2
+6 2
-6 2
+6 3
-1 2
fe=(16)
775 3
565 4
781 5
+37 2
+3 2
926 1
+1 2

fn=(38)
431 3
+4 4
+3 3
+5 2
-5 1
+5 1
-5 1
+4 1
+1 1
+1 4
+1 4
+1 3
+1 2
+7 2
+2 4
+5 1
-5 1
+5 1
-5 2
+5 1
+7 1
-7 4
+7 1
+1 3
+6 1
-6 4
+6 1
fi=(17) /usr/src/debug/glibc-2.41-16.fc42.x86_64/elf/../sysdeps/unix/sysv/linux/x86/dl-minsigstacksize.h
24 2
+3 2
+1 2
+37 3
+9 2
fe=(16)
490 3

fl=(14)
fn=(30)
36 1
fi=(416) /usr/src/debug/glibc-2.41-16.fc42.x86_64/elf/../sysdeps/unix/sysv/linux/brk_call.h
-12 2
fe=(14)
+13 1
+1 2
+6 1
+1 1

fl=(58)
fn=(188)
30 7
+9 28
+33 7

fl=(50)
fn=(156)
32 5
+1 3
+1 2
+5 6
+1 4
+1 4
+1 4
+2 1
+3 3
+1 2
-1 6
+1 4
+3 4
+1 4
+1 4
+1 4
+2 3
+6 1
-1 1
+1 1
+2 2
-1 2
+2 1
+2 6
-5 11
-1 11
+1 11
+2 22
-1 22
+2 11
+2 66
+2 1
+1 2
+1 1
-1 2
+1 1

fl=(175)
fn=(588)
74 36
+1 3
-1 3
+2 6
+2 9
+37 3
-37 9
+1 6
+2 12
+3 25
+3 6
-1 3
+1 3
-1 3
+1 3
-1 3
+1 3
cfn=(590) check_match
calls=3 -56 
* 461
* 3
+3 6
+3 6
+23 27

fn=(590)
31 30
+1 6
fi=(4)
+47 3
fe=(175)
-47 6
+1 9
+2 6
+1 6
+12 9
+3 9
+2 9
cfi=(33)
cfn=(98)
calls=3 +45 
* 221
* 6
+4 6
+1 15
+1 9
cfi=(33)
cfn=(98)
calls=3 +39 
* 75
-19 9
+24 27

fl=(56)
fn=(182)
25 6
+1 24
+1 6

fl=(39)
fn=(114)
29 1
fi=(18)
+2 1
fe=(39)
+7 1
fi=(18)
-7 3
fe=(39)
+21 2
fi=(18)
-20 3
+7 1
fe=(39)
-1 1
fi=(18)
+1 4
+1 4
+8 1
fe=(39)
-5 1
fi=(18)
+5 2
+3 4
+3 2
fe=(39)
-3 5

fl=(77)
fn=(274) dl_cet_check
269 4
+6 2
+2 2
-1 1
+6 1
+3 1
-3 1
+1 1
-1 1
+1 1
-1 1
+1 1
+5 2
+5 2
+25 2

fn=(632)
331 1
+3 2
+16 1

fn=(272)
361 1
+1 1
cfn=(274)
calls=1 -93 
* 23

fl=(46)
fn=(264) allocate_dtv
452 16
fi=(28)
44 16
fe=(46)
452 64
+5 16
+5 16
fi=(28)
44 16
cob=(2)
cfi=(215)
cfn=(778)
calls=15 3775 
* 4260
cfi=(27)
cfn=(74)
calls=1 +36 
* 29
fe=(46)
463 32
-2 16
+11 16
-11 16
+11 32
+6 64

fn=(254)
125 2
+3 1
-3 3
+3 1
-3 1
+3 1
-3 2
+3 1
cfi=(11)
cfn=(28)
calls=1 438 
* 17
* 1
+1 4
cfi=(11)
cfn=(28)
calls=1 438 
* 17
+1 1
+2 1
-3 1
+1 2
+2 3
+3 1
+2 1
-26 3
+28 3
+1 6

fn=(458)
1163 5
+1 25
-1 20
+9 5
+3 5
+1 5
+4 15
+36 10
+3 10
+1 15
+5 5
-3 5
+4 10

fn=(256)
243 7
+35 1
-35 1
+37 3
-34 1
-1 1
-1 2
+63 12
+3 4
-3 20
+5 4
+7 4
-7 16
+3 4
-34 4
-1 8
+1 3
-1 6
+3 24
+4 5
-1 5
+5 5
-5 5
+1 5
-1 5
+3 10
+2 15
+2 8
+3 2
+6 1
-21 1
+17 1
-18 2
fi=(73) /usr/src/debug/glibc-2.41-16.fc42.x86_64/elf/../sysdeps/unix/sysv/linux/dl-extra_tls.h
32 3
+12 1
-12 1
cfi=(11)
cfn=(28)
calls=1 438 
* 18
+1 3
+4 10
+14 4
cfi=(11)
cfn=(28)
calls=1 438 
* 18
+1 3
fe=(46)
342 6
+14 1
+91 1
-94 1
+2 1
-2 2
+3 6
+2 2
+90 7
fi=(73)
54 1
fe=(46)
336 3
+6 3

fn=(260)
509 6
fi=(74) /usr/src/debug/glibc-2.41-16.fc42.x86_64/elf/./dl-tls_block_align.h
23 1
fe=(46)
+68 1
515 2
fi=(28)
56 1
cfi=(27)
cfn=(78)
calls=1 -20 
* 85
fe=(46)
517 2
fi=(74)
41 2
+6 4
+5 1
-5 1
+1 1
+4 304
fe=(46)
527 1
+2 2
cfn=(264)
calls=1 -77 
* 49
+1 2
97 1
535 5

fn=(574)
602 176
+1 32
+4 16
+9 16
-3 16
-6 16
+6 16
cob=(2)
cfi=(322)
cfn=(1348)
calls=15 77 
* 615
cfi=(24)
cfn=(88)
calls=1 43 
* 3
+3 48
+36 16
-43 16
+43 32
-19 192
+9 240
+1 160
+6 240
+3 80
-2 80
+6 80
-6 80
+2 160
+4 80
-4 240
+3 160
+4 160
+1 320
+2 160
+1 160
+9 80
+10 160
+2 400
cfi=(29)
cfn=(136)
calls=80 197 
* 1168
* 480
cfi=(44)
cfn=(140)
calls=80 137 
* 1680
+3 240
+1 5
+4 5
-59 20
+59 75
-59 300
+6 192
+59 32
cob=(2)
cfi=(323)
cfn=(1350)
calls=15 367 
* 615
cfi=(24)
cfn=(88)
calls=1 43 
* 3
+3 32
+3 144

fn=(1346) _dl_allocate_tls
709 45
+1 30
+2 15
cfn=(264)
calls=15 452 
* 4560
-2 15
+3 15
-1 15
-2 15
cfn=(574)
calls=15 602 
* 8730

fn=(228)
153 4
+3 8
-3 8
+3 4
+53 4
+2 4
+3 4
+1 8

fn=(572)
1124 1
+1 1
+3 4
+6 10
-6 15
+2 18
+1 12
+6 1
+1 1

fn=(144)
220 1
+2 2
+1 1
+15 2

ob=(7)
fl=(349) /usr/src/debug/gcc-15.2.1-7.fc42.x86_64/obj-x86_64-redhat-linux/x86_64-redhat-linux/libgomp/../../../libgomp/iter_ull.c
fn=(1436) gomp_iter_ull_dynamic_next
187 19
+2 19
-2 38
+2 19
+3 19
+1 19
+2 38
+2 38
+1 38
+2 38
+2 3
+1 9
+13 3
-9 3
+10 3
+36 3
-52 32

fl=(356) /usr/src/debug/gcc-15.2.1-7.fc42.x86_64/obj-x86_64-redhat-linux/x86_64-redhat-linux/libgomp/../../../libgomp/config/posix/time.c
fn=(1582) omp_get_wtime
48 12
+4 6
-4 6
+4 12
cob=(4)
cfi=(184)
cfn=(1584) 0x0000000004bbeba0
calls=6 -52 
* 78
* 12
+3 30
+6 6
-6 6
+6 12

fl=(214) /usr/src/debug/gcc-15.2.1-7.fc42.x86_64/obj-x86_64-redhat-linux/x86_64-redhat-linux/libgomp/../../../libgomp/alloc.c
fn=(1298) gomp_aligned_alloc
64 1
+2 1
-2 2
+2 2
+5 1
cob=(4)
cfi=(184)
cfn=(1300) 0x0000000004bbee20
calls=1 -71 
* 378
+28 2
+3 2

fn=(1324) gomp_realloc
55 3
+1 1
cob=(4)
cfi=(184)
cfn=(1326) 0x0000000004bbef10
calls=1 -56 
* 213
+1 2
+3 2

fn=(774) gomp_malloc_cleared
46 2
+1 1
-1 1
+1 2
cob=(4)
cfi=(184)
cfn=(776) 0x0000000004bbed90
calls=1 -47 
* 255
+1 2
+3 2

fn=(728) gomp_malloc
37 6
+1 2
cob=(4)
cfi=(184)
cfn=(730) 0x0000000004bbee50
calls=2 -38 
* 1943
+1 4
+3 4

fl=(316) /usr/src/debug/gcc-15.2.1-7.fc42.x86_64/obj-x86_64-redhat-linux/x86_64-redhat-linux/libgomp/../../../libgomp/task.c
fn=(1320) gomp_init_task
68 16
+9 16
+6 16
-6 16
fi=(417) /usr/src/debug/gcc-15.2.1-7.fc42.x86_64/obj-x86_64-redhat-linux/x86_64-redhat-linux/libgomp/../../../libgomp/priority_queue.h
+84 64
fe=(316)
-74 16
-3 16
+3 32
-2 16
+2 32
-1 16
+1 16
+1 16
+5 16

fn=(1520) gomp_end_task
99 1
+2 2
fi=(348) /usr/src/debug/gcc-15.2.1-7.fc42.x86_64/obj-x86_64-redhat-linux/x86_64-redhat-linux/libgomp/../../../libgomp/libgomp.h
1117 3
fe=(316)
104 3

fl=(311) /usr/src/debug/gcc-15.2.1-7.fc42.x86_64/obj-x86_64-redhat-linux/x86_64-redhat-linux/libgomp/../../../libgomp/parallel.c
fn=(1288) gomp_resolve_num_threads
40 1
fi=(348)
989 2
+2 4
fe=(311)
49 2
+3 1
+4 1
-4 2
+8 2
-20 1
+33 1
-9 2
+1 1
+8 2
+12 3
+42 3

fn=(1422) omp_get_thread_num
285 16
+1 32
+1 16

fn=(1286) GOMP_parallel
174 4
+1 1
-1 2
+1 1
-1 2
+1 1
cfn=(1288)
calls=1 40 
* 28
+1 1
-1 1
+1 1
cfi=(236)
cfn=(1290) gomp_new_team
calls=1 -5 
* 706
* 7
cfi=(236)
cfn=(1318) gomp_team_start
calls=1 322 
* 2122278
+2 2
cob=(9)
cfi=(296)
cfn=(1416) load_graph_from_file._omp_fn.0
calls=1 0 
* 137778
fi=(348)
989 2
+2 4
fe=(311)
141 2
+39 4
-13 1
cfi=(236)
cfn=(1514) gomp_team_end
calls=1 949 
* 2100113

fl=(199)
fn=(772) add_initial_icv_to_list
2149 3
+1 1
+1 3
2043 2
2181 1
-1 1
+1 2
-21 5
cfi=(214)
cfn=(774)
calls=1 46 
* 265
-34 1
+35 1
+2 1
-35 1
-2 1
+10 1
-8 1
+6 1
+29 1
-27 1
+27 1
-2 1
-20 1
-9 1
+6 1
-10 1
+6 1
+29 1
-3 2
+5 1
+1 1
-1 1
+1 1

fn=(688)
2203 8
+16 1
cfi=(200) /usr/src/debug/gcc-15.2.1-7.fc42.x86_64/obj-x86_64-redhat-linux/x86_64-redhat-linux/libgomp/../../../libgomp/config/linux/proc.c
cfn=(690) gomp_init_num_threads
calls=1 82 
* 3223
+1 1
+5 3
-5 1
+5 1
cfn=(772)
calls=1 -76 
* 307
2116 1
+1 6
2229 1
2126 1
+2 1
+13 1
-15 2
+2 1
2229 1
-95 1
-2 1
+4 1
+2 1
-10 1
+6 1
+95 2
+1 3
+38 3
-38 340
-42 340
cob=(4)
cfi=(184)
cfn=(780) 0x0000000004bbeb00
calls=85 0 
* 2304
* 85
+44 170
2118 1
-1 4
2305 1
+14 3
-11 1
1665 5
2308 9
1665 40
2308 8
+3 18
+52 3
+1 2
+20 2
342 2
cob=(4)
cfi=(184)
cfn=(796) 0x0000000004bbeb40
calls=1 0 
* 1084
* 5
cfn=(800) parse_int_1
calls=1 -24 
* 22
756 2
cob=(4)
cfi=(184)
cfn=(784) 0x0000000004bbea50
calls=1 0 
* 682
* 2
+4 2
1145 2
cob=(4)
cfi=(184)
cfn=(784)
calls=1 0 
* 1078
* 1
+1 2
2305 28
+69 1
-1 1
+4 1
-3 1
cob=(4)
cfi=(184)
cfn=(784)
calls=1 0 
* 682
+3 5
cfn=(794) parse_boolean
calls=1 1064 
* 5
* 2
+34 2
+4 2
cob=(4)
cfi=(184)
cfn=(784)
calls=1 0 
* 682
* 1
+1 2
+4 2
995 2
cob=(4)
cfi=(184)
cfn=(784)
calls=1 0 
* 1078
* 1
+1 2
2447 3
+4 2
cob=(4)
cfi=(184)
cfn=(806) 0x0000000004bbed60
calls=1 0 
* 26
+2 2
1982 2
cob=(4)
cfi=(184)
cfn=(784)
calls=1 0 
* 682
* 1
+1 2
2494 2
cob=(4)
cfi=(184)
cfn=(784)
calls=1 0 
* 649
334 5
cfn=(800)
calls=1 -16 
* 22
2494 2
+2 2
1423 2
cob=(4)
cfi=(184)
cfn=(784)
calls=1 0 
* 649
+2 2
+11 1
-10 1
+10 1
cob=(4)
cfi=(184)
cfn=(784)
calls=1 0 
* 1078
* 1
+4 2
2501 1
cfi=(232)
cfn=(812) goacc_runtime_initialize
calls=1 884 
* 61
+2 1
cfi=(235) /usr/src/debug/gcc-15.2.1-7.fc42.x86_64/obj-x86_64-redhat-linux/x86_64-redhat-linux/libgomp/../../../libgomp/oacc-profiling.c
cfn=(822) goacc_profiling_initialize
calls=1 100 
* 677
+1 8
2116 3
+1 2
2289 2
2433 2
-11 2
-37 2
+1 4
+69 2
cob=(4)
cfi=(184)
cfn=(784)
calls=1 0 
* 1078
+1 2
+5 2
+2 2
-17 2
-11 1
+2 1
fi=(229) /usr/src/debug/gcc-15.2.1-7.fc42.x86_64/obj-x86_64-redhat-linux/gcc/include/cpuid.h
309 2
+38 2
+3 3
fi=(418) /usr/src/debug/gcc-15.2.1-7.fc42.x86_64/obj-x86_64-redhat-linux/x86_64-redhat-linux/libgomp/../../../libgomp/config/linux/x86/spincount.h
39 2
fe=(199)
2380 4
2206 1
2369 2

fn=(800)
318 2
+2 2
-2 12
+2 4
cfn=(802) parse_unsigned_long_1
calls=2 -62 
* 8
* 4
+9 2
-8 2
+8 8

fn=(802)
258 4
+1 2
+23 2

fn=(1848)
2193 1
+1 4
+3 1

fn=(794)
1064 1
+3 2
+25 2

fl=(232)
fn=(812)
884 2
+7 2
fi=(419) /usr/src/debug/gcc-15.2.1-7.fc42.x86_64/obj-x86_64-redhat-linux/x86_64-redhat-linux/libgomp/../../../libgomp/config/linux/mutex.h
43 1
fe=(232)
891 1
cob=(4)
cfi=(184)
cfn=(814) 0x0000000004bbed00
calls=1 0 
* 21
+2 1
+2 1
fi=(419)
43 1
fe=(232)
900 1
-1 1
cfi=(234) /usr/src/debug/gcc-15.2.1-7.fc42.x86_64/obj-x86_64-redhat-linux/x86_64-redhat-linux/libgomp/../../../libgomp/oacc-host.c
cfn=(818) goacc_host_init
calls=1 328 
* 29

fn=(1840)
904 1
+4 2
cob=(4)
cfi=(184)
cfn=(1842) 0x0000000004bbed40
calls=1 0 
* 18

fn=(820) goacc_register
74 1
+2 3
-2 2
fi=(419)
-19 4
fe=(232)
+26 5
+3 3
+1 1
fi=(419)
-22 2
+1 2
fe=(232)
+24 2

fl=(234)
fn=(818)
328 1
+2 1
fi=(419)
43 1
fe=(234)
330 1
cfi=(232)
cfn=(820)
calls=1 74 
* 25

fl=(235)
fn=(822)
100 2
+9 1
-9 4
+5 1
fi=(419)
-62 1
fe=(235)
+62 2
+4 1
cob=(4)
cfi=(184)
cfn=(796)
calls=1 0 
* 655
+1 4
+64 6

fl=(315) /usr/src/debug/gcc-15.2.1-7.fc42.x86_64/obj-x86_64-redhat-linux/x86_64-redhat-linux/libgomp/../../../libgomp/work.c
fn=(1518) gomp_fini_work_share
144 1
+2 4
+3 1

fn=(1430) gomp_work_share_start
188 32
+2 16
-2 16
+2 16
+4 32
+13 16
+1 16
+1 16
fi=(347) /usr/src/debug/gcc-15.2.1-7.fc42.x86_64/obj-x86_64-redhat-linux/x86_64-redhat-linux/libgomp/../../../libgomp/config/linux/ptrlock.h
52 16
+1 32
+4 4
fe=(315)
-12 3
+17 2
214 5
cfn=(1316) gomp_init_work_share
calls=1 103 
* 10
+2 1
-12 1
+12 1
-1 1
+8 3
-2 15
-6 15
+8 45

fn=(1500) gomp_work_share_end
230 48
+2 32
+4 32
fi=(314) /usr/src/debug/gcc-15.2.1-7.fc42.x86_64/obj-x86_64-redhat-linux/x86_64-redhat-linux/libgomp/../../../libgomp/config/linux/bar.h
91 16
fe=(315)
243 16
fi=(314)
92 16
+6 32
+1 64
fe=(315)
245 32
+2 3
+2 1
146 1
249 1
146 3
+20 1
+1 1
+2 2
+85 32
cfi=(342) /usr/src/debug/gcc-15.2.1-7.fc42.x86_64/obj-x86_64-redhat-linux/x86_64-redhat-linux/libgomp/../../../libgomp/config/linux/bar.c
cfn=(1504) gomp_team_barrier_wait_end
calls=16 82 
* 8367042
+1 16
+1 48

fn=(1316)
103 2
fi=(419)
-60 2
fe=(315)
+60 2
+2 4
+29 2
fi=(347)
-90 2
fe=(315)
+90 2
+2 4

fl=(352) /usr/src/debug/gcc-15.2.1-7.fc42.x86_64/obj-x86_64-redhat-linux/x86_64-redhat-linux/libgomp/../../../libgomp/loop.c
fn=(1498) GOMP_loop_end
957 16
+1 16
cfi=(315)
cfn=(1500)
calls=16 230 
* 8367439

fl=(236)
fn=(824)
1023 2
+8 3
cob=(4)
cfi=(184)
cfn=(814)
calls=1 0 
* 30
* 2
+2 2

fn=(1402)
71 120
fi=(420) /usr/src/debug/gcc-15.2.1-7.fc42.x86_64/obj-x86_64-redhat-linux/x86_64-redhat-linux/libgomp/../../../libgomp/config/linux/sem.h
-25 30
fe=(236)
+43 15
-2 15
+1 15
+1 15
+1 150
+1 30
+1 15
+10 30
-10 15
+1 15
+9 15
-9 15
+9 60
+5 30
+14 15
fi=(345) /usr/src/debug/gcc-15.2.1-7.fc42.x86_64/obj-x86_64-redhat-linux/x86_64-redhat-linux/libgomp/../../../libgomp/config/posix/simple-bar.h
-61 30
fe=(236)
+61 15
fi=(345)
-61 15
cfi=(342)
cfn=(1404) gomp_barrier_wait
calls=15 -5 
* 15644095
+1 15
-1 16
cfi=(342)
cfn=(1404)
calls=8 -5 
* 8264162
fe=(236)
+66 15
+1 15
+2 30
cob=(9)
cfi=(296)
cfn=(1416)
calls=15 0 
* 27389997
+1 30
cfi=(342)
cfn=(1510) gomp_team_barrier_wait_final
calls=15 +2 
* 25762356
fi=(348)
1117 24
fe=(236)

fn=(1290)
171 7
-17 3
+28 1
-1 1
+1 1
-1 1
cfi=(214)
cfn=(1298)
calls=1 64 
* 389
fi=(314)
59 1
-1 1
fe=(236)
193 1
fi=(314)
59 1
fe=(236)
181 1
fi=(419)
43 1
fi=(314)
+16 1
-1 1
fe=(236)
200 1
-4 1
+5 2
-3 1
+12 1
-10 1
+1 1
cfi=(315)
cfn=(1316)
calls=1 -98 
* 10
+3 1
+7 1
fi=(417)
-50 1
fe=(236)
+43 1
+2 12
+4 2
-8 1
+1 1
+4 1
fi=(420)
46 1
fe=(236)
211 1
+12 1
fi=(417)
-69 1
fe=(236)
+60 1
+2 1
+1 1
fi=(417)
-56 1
fe=(236)
+62 5
fi=(312) /usr/src/debug/gcc-15.2.1-7.fc42.x86_64/obj-x86_64-redhat-linux/x86_64-redhat-linux/libgomp/../../../libgomp/config/posix/pool.h
39 1
+1 2
fe=(236)
157 1
+1 2
fi=(312)
42 2
cfi=(214)
cfn=(728)
calls=1 -5 
* 195
+7 1
-6 1
+1 1
+5 1
-3 1
+1 1
+1 1
+1 1
-1 1
+1 1
cob=(4)
cfi=(184)
cfn=(1294) 0x0000000004bbf150
calls=1 -49 
* 28
* 2
fe=(236)

fn=(1318)
322 12
+17 1
-17 3
+17 2
+1 2
+1 1
+1 2
-1 1
+1 2
+1 1
-1 1
+1 1
+11 10
+4 1
-2 1
+2 1
-1 1
+1 1
+1 2
+1 1
+1 1
+6 1
-3 1
-3 2
+1 1
+2 1
+3 2
+4 1
+1 1
-1 2
+1 2
+3 3
+1 2
+3 5
+3 5
cfi=(316)
cfn=(1320)
calls=1 68 
* 19
+1 2
+4 1
-4 1
+1 2
+1 2
+2 2
-48 2
+53 1
-53 1
+53 3
+73 3
760 19
+99 2
-99 1
+99 3
-99 1
+4 2
+95 4
-24 15
+2 15
+14 15
-12 15
+12 15
-16 15
+1 15
+4 15
+11 15
-15 15
+2 30
+3 45
+1 30
+1 15
+2 15
-2 15
+4 15
+1 15
+2 15
-2 15
+3 15
cfi=(316)
cfn=(1320)
calls=15 68 
* 285
+1 15
+2 15
+5 45
-7 15
+1 30
+1 30
+1 15
+4 15
-4 15
+1 30
+3 15
cob=(4)
cfi=(184)
cfn=(1330) 0x0000000004bbef40
calls=15 0 
* 20680
+3 30
-1 15
-97 75
+4 15
+3 15
-1 15
-2 15
+3 15
+95 6
+4 3
+13 2
+1 3
+17 2
+36 2
+3 13
467 3
+2 2
+2 3
fi=(314)
59 4
-1 1
fe=(236)
488 1
fi=(314)
58 1
fe=(236)
493 2
737 5
+3 2
fi=(345)
60 4
cfi=(342)
cfn=(1404)
calls=1 -5 
* 2100034
* 1
+1 1
fe=(236)
732 2
+17 2
-1 1
+10 1
505 6
-10 3
+4 1
-4 1
+2 2
cfi=(214)
cfn=(1324)
calls=1 55 
* 221
+4 2
-4 1
+4 5
+4 3
-12 2
734 2
+2 5

fn=(1514)
949 7
+2 2
+6 2
cfi=(342)
cfn=(1510)
calls=1 132 
* 2100049
+1 3
+14 2
cfi=(315)
cfn=(1518)
calls=1 144 
* 6
+2 1
cfi=(316)
cfn=(1520)
calls=1 99 
* 9
+1 10
+2 3
+14 3
+13 2
+1 2
+4 1
+1 3
+2 1
+3 7

fn=(1846)
1037 1
+3 2
cob=(4)
cfi=(184)
cfn=(1842)
calls=1 0 
* 18

fl=(198)
fn=(1860) 0x0000000000003c80
0 5

fn=(682)
0 12

fn=(1850)
0 9
cob=(4)
cfi=(184)
cfn=(1856) 0x0000000004bbf110
calls=1 0 
0 101
0 1
cfn=(1860)
calls=1 0 
0 5
0 3

fl=(342)
fn=(1406) gomp_barrier_wait_end
36 96
+1 71
fi=(343) /usr/src/debug/gcc-15.2.1-7.fc42.x86_64/obj-x86_64-redhat-linux/x86_64-redhat-linux/libgomp/../../../libgomp/config/linux/wait.h
+13 23
+2 69
+4 69
fi=(344) /usr/src/debug/gcc-15.2.1-7.fc42.x86_64/obj-x86_64-redhat-linux/x86_64-redhat-linux/libgomp/../../../libgomp/config/linux/x86/futex.h
+67 3715368
fi=(343)
-67 11146104
+1 11146149
fe=(342)
-8 45
+2 16
fi=(344)
-12 5
-1 5
+1 10
+58 10
fe=(342)
-57 2
+1 3
fi=(344)
+11 4
+59 2
fe=(342)

fn=(1504)
82 256
+3 64
+24 90
+12 60
fi=(343)
-71 30
+2 90
+4 90
fi=(344)
+67 5175456
fi=(343)
-67 15526368
+1 15526419
fe=(342)
+56 24
+1 48
+5 72
+2 48
+1 150
fi=(344)
-83 8
-1 8
+1 24
+58 16
fe=(342)
-8 2
+2 2
-2 2
+2 2
+1 2
+1 6
+7 1
+2 1
fi=(344)
-50 1
fe=(342)
+48 1
+1 1
+1 1
fi=(344)
-50 3
+59 2
fe=(342)

fn=(1404)
55 24
fi=(314)
+36 24
+1 24
+6 48
+1 96
fe=(342)
-43 24
cfn=(1406)
calls=24 -20 
* 26008051

fn=(1510)
132 16
fi=(314)
-17 16
+1 16
+2 32
fe=(342)
+17 1
fi=(314)
-16 1
fe=(342)
+16 1
+1 1
cfn=(1504)
calls=1 -54 
* 18
* 15
cfn=(1504)
calls=15 -54 
* 27862288

fl=(200)
fn=(690)
82 2
+3 1
-3 1
+3 1
cob=(4)
cfi=(184)
cfn=(692) 0x0000000004bbefd0
calls=1 -85 
* 551
+1 4
+5 1
cfi=(214)
cfn=(728)
calls=1 -54 
* 1764
* 1
+3 1
cob=(4)
cfi=(184)
cfn=(756) 0x0000000004bbef70
calls=1 -94 
* 5
* 5
+36 1
-36 1
cob=(4)
cfi=(184)
cfn=(760) 0x0000000004bbf0a0
calls=1 -94 
* 41
+6 1
-4 2
-43 3
cob=(4)
cfi=(184)
cfn=(768) 0x0000000004bbec00
calls=1 -53 
* 82
* 1
+47 1
+1 2
+2 1
+3 1
-3 1
+3 3
+1 641
-1 96
+3 1
+36 3
-36 4

fl=(346) /usr/src/debug/gcc-15.2.1-7.fc42.x86_64/obj-x86_64-redhat-linux/x86_64-redhat-linux/libgomp/../../../libgomp/loop_ull.c
fn=(1428) GOMP_loop_ull_dynamic_start
125 48
+4 16
-4 192
+4 16
cfi=(315)
cfn=(1430)
calls=16 +59 
* 314
* 32
+16 16
-8 32
+8 96
-8 16
cfi=(349)
cfn=(1436)
calls=16 +50 
* 278
-6 2
-86 1
+4 2
+19 3
+4 3
-1 4
fi=(348)
1505 3
+1 1
fi=(347)
67 1
+1 2
fe=(346)
-20 2
+2 1
+5 1
-7 1
+3 1
+1 1
+3 1
+7 1
+1 3
+5 1
-3 3

fn=(1492) GOMP_loop_ull_dynamic_next
663 3
+4 3
cfi=(349)
cfn=(1436)
calls=3 187 
* 63

fl=(309) /usr/src/debug/gcc-15.2.1-7.fc42.x86_64/obj-x86_64-redhat-linux/x86_64-redhat-linux/libgomp/../../../libgomp/icv.c
fn=(1270) omp_get_max_threads
112 1
fi=(348)
989 2
+2 4
fe=(309)
114 1
+1 1

ob=(9)
fl=(296)
fn=(1690)
0 7
cob=(8)
cfi=(350)
cfn=(1464)
calls=1 32 
0 68
0 1

fn=(1208)
0 8
cob=(2)
cfi=(281)
cfn=(1114)
calls=1 67 
0 76
cob=(1)
cfi=(298)
cfn=(1216)
calls=1 39 
0 964
0 5
0 8
cob=(2)
cfi=(281)
cfn=(1114)
calls=1 67 
0 76
0 1

fn=(1560) add_to_array(RoaringBitmap*, Container*, unsigned short)
0 9686147
cob=(8)
cfi=(310)
cfn=(1276)
calls=9 43 
0 1962
0 9
0 45
cob=(8)
cfi=(355)
cfn=(1552)
calls=9 31 
0 2439
0 9
0 171
cob=(2)
cfi=(208)
cfn=(716)
calls=9 255 
0 4025
0 9
0 720
cob=(2)
cfi=(208)
cfn=(716)
calls=144 255 
0 24962
0 144
0 2106

fn=(1564) graph_get_node_bitmap
0 17

fn=(1574) autograph_ensure_layout
0 248
cfn=(1680) convert_pcsr_to_csr
calls=2 0 
0 115129387
0 6
cob=(2)
cfi=(215)
cfn=(1472)
calls=2 3437 
0 441
0 2
0 6
cob=(2)
cfi=(215)
cfn=(1472)
calls=2 3437 
0 134
0 2
0 54
cfn=(1664) convert_csr_to_pcsr
calls=2 0 
0 42080519
0 8
cob=(2)
cfi=(215)
cfn=(1472)
calls=1 3437 
0 222
0 1
0 2
cob=(2)
cfi=(215)
cfn=(1472)
calls=1 3437 
0 219
0 1
0 94

fn=(1688)
0 7
cob=(8)
cfi=(350)
cfn=(1464)
calls=1 32 
0 68
0 1

fn=(1696)
0 6
cfn=(1700) 0x00000000004008f0
calls=1 0 
0 4
0 3

fn=(1700)
0 4

fn=(1664)
0 38
cob=(2)
cfi=(215)
cfn=(732)
calls=2 3385 
0 705
0 2
0 6
cob=(2)
cfi=(215)
cfn=(732)
calls=2 3385 
0 1129
0 2
0 12
cob=(2)
cfi=(223)
cfn=(766)
calls=2 198 
0 1602438
0 2
0 25999852
cob=(2)
cfi=(215)
cfn=(1328)
calls=8 3485 
0 2921063
cob=(1)
cfi=(298)
cfn=(1216)
calls=1 39 
0 839
0 12
0 56
cob=(2)
cfi=(223)
cfn=(766)
calls=8 198 
0 2829375
0 8
0 8724980

fn=(1678) autograph_get_layout
0 3300

fn=(1416)
0 224
cob=(7)
cfi=(311)
cfn=(1422)
calls=16 285 
0 64
cob=(1)
cfi=(298)
cfn=(1216)
calls=1 39 
0 861
0 20
0 224
cob=(7)
cfi=(346)
cfn=(1428)
calls=16 125 
0 1094
cob=(1)
cfi=(298)
cfn=(1216)
calls=1 39 
0 1019
0 20
0 202
cob=(7)
cfi=(346)
cfn=(1492)
calls=3 663 
0 69
cob=(1)
cfi=(298)
cfn=(1216)
calls=1 39 
0 1015
0 7
0 12
cob=(7)
cfi=(352)
cfn=(1498)
calls=1 957 
0 129012
cob=(1)
cfi=(298)
cfn=(1216)
calls=1 39 
0 785
0 5
0 15
cob=(7)
cfi=(352)
cfn=(1498)
calls=15 957 
0 8238459
0 15
0 6031054
cfn=(1438) parse_int_token(char const*&, char const*, int&) [clone .constprop.0]
calls=50000 0 
0 5459418
0 300000
cfn=(1438)
calls=50000 0 
0 5793578
0 1050619
cob=(8)
cfi=(310)
cfn=(1276)
calls=17 43 
0 5784
0 17
0 402
cob=(8)
cfi=(350)
cfn=(1464)
calls=16 32 
0 1976
cob=(1)
cfi=(298)
cfn=(1216)
calls=1 39 
0 708
0 20
0 262
cob=(2)
cfi=(208)
cfn=(716)
calls=16 255 
0 509601
cob=(1)
cfi=(298)
cfn=(1216)
calls=1 39 
0 1066
0 20
0 128

fn=(1546) roaring_bitmap_create
0 22
cob=(8)
cfi=(310)
cfn=(1276)
calls=2 43 
0 436
0 2
0 18
cob=(8)
cfi=(310)
cfn=(1276)
calls=2 43 
0 457
0 2
0 16
cob=(8)
cfi=(355)
cfn=(1552)
calls=2 31 
0 595
cob=(1)
cfi=(298)
cfn=(1216)
calls=1 39 
0 655
0 6
0 38
cob=(2)
cfi=(223)
cfn=(766)
calls=2 198 
0 52
0 2
0 22

fn=(1566) graph_get_edge_bitmap
0 17

fn=(1576) bfs_runtime
0 54
cob=(8)
cfi=(310)
cfn=(1276)
calls=3 43 
0 1208
0 3
0 15
cob=(2)
cfi=(223)
cfn=(766)
calls=3 198 
0 3000024
0 3
0 9
cob=(7)
cfi=(356)
cfn=(1582)
calls=3 48 
0 90
cob=(1)
cfi=(298)
cfn=(1216)
calls=1 39 
0 785
0 7
0 26698827
cob=(8)
cfi=(310)
cfn=(1276)
calls=2849517 43 
0 159573111
0 2849517
0 114847328
cob=(8)
cfi=(310)
cfn=(1276)
calls=150447 43 
0 8425350
0 150447
0 621332
cob=(2)
cfi=(208)
cfn=(716)
calls=4886 255 
0 73124
0 4886
0 310666
cob=(8)
cfi=(351)
cfn=(1468)
calls=4886 48 
0 312704
0 4886
0 13183888
cob=(8)
cfi=(351)
cfn=(1468)
calls=2995078 48 
0 191684992
cob=(1)
cfi=(298)
cfn=(1216)
calls=1 39 
0 651
0 2995082
0 11689193
cob=(7)
cfi=(356)
cfn=(1582)
calls=3 48 
0 90
0 3
0 12
cob=(2)
cfi=(358)
cfn=(1596)
calls=3 28 
0 5110
cob=(1)
cfi=(298)
cfn=(1216)
calls=1 39 
0 872
0 7
0 33
cob=(8)
cfi=(351)
cfn=(1468)
calls=3 48 
0 616
0 3

fn=(1194)
0 12
cob=(2)
cfi=(297)
cfn=(1196)
calls=1 242 
0 804223027

fn=(1234)
0 9
cfn=(1236) load_graph_from_file
calls=1 0 
0 110533117
0 4
cfn=(1564)
calls=1 0 
0 17
0 3
cfn=(1566)
calls=1 0 
0 17
0 3
cfn=(1568) graph_get_edge_pairs
calls=1 0 
0 17
0 3
cfn=(1570) graph_get_num_edge_pairs
calls=1 0 
0 17
0 9
cfn=(1572) autograph_init
calls=1 0 
0 83
0 14
cfn=(1574)
calls=1 0 
0 46
0 5
cfn=(1576)
calls=1 0 
0 178808224
0 13
cfn=(1574)
calls=1 0 
0 21435081
0 7
cfn=(1676) graph_add_edge
calls=1 0 
0 106
0 6
cfn=(1676)
calls=1 0 
0 122
0 6
cfn=(1676)
calls=1 0 
0 122
0 6
cfn=(1676)
calls=1 0 
0 114
0 6
cfn=(1676)
calls=1 0 
0 114
0 6
cfn=(1676)
calls=1 0 
0 114
0 6
cfn=(1676)
calls=1 0 
0 114
0 6
cfn=(1676)
calls=1 0 
0 114
0 6
cfn=(1676)
calls=1 0 
0 114
0 6
cfn=(1676)
calls=1 0 
0 114
0 6
cfn=(1676)
calls=1 0 
0 114
0 6
cfn=(1676)
calls=1 0 
0 114
0 6
cfn=(1676)
calls=1 0 
0 114
0 6
cfn=(1676)
calls=1 0 
0 114
0 6
cfn=(1676)
calls=1 0 
0 114
0 6
cfn=(1676)
calls=1 0 
0 114
0 6
cfn=(1676)
calls=1 0 
0 114
0 6
cfn=(1676)
calls=1 0 
0 114
0 6
cfn=(1676)
calls=1 0 
0 114
0 6
cfn=(1676)
calls=1 0 
0 114
0 6
cfn=(1676)
calls=1 0 
0 114
0 6
cfn=(1676)
calls=1 0 
0 114
0 6
cfn=(1676)
calls=1 0 
0 114
0 6
cfn=(1676)
calls=1 0 
0 114
0 6
cfn=(1676)
calls=1 0 
0 114
0 6
cfn=(1676)
calls=1 0 
0 114
0 6
cfn=(1676)
calls=1 0 
0 114
0 6
cfn=(1676)
calls=1 0 
0 114
0 6
cfn=(1676)
calls=1 0 
0 122
0 6
cfn=(1676)
calls=1 0 
0 122
0 6
cfn=(1676)
calls=1 0 
0 114
0 6
cfn=(1676)
calls=1 0 
0 114
0 6
cfn=(1676)
calls=1 0 
0 114
0 6
cfn=(1676)
calls=1 0 
0 122
0 6
cfn=(1676)
calls=1 0 
0 122
0 6
cfn=(1676)
calls=1 0 
0 114
0 6
cfn=(1676)
calls=1 0 
0 114
0 6
cfn=(1676)
calls=1 0 
0 114
0 6
cfn=(1676)
calls=1 0 
0 114
0 6
cfn=(1676)
calls=1 0 
0 114
0 6
cfn=(1676)
calls=1 0 
0 114
0 6
cfn=(1676)
calls=1 0 
0 114
0 6
cfn=(1676)
calls=1 0 
0 122
0 6
cfn=(1676)
calls=1 0 
0 122
0 6
cfn=(1676)
calls=1 0 
0 114
0 6
cfn=(1676)
calls=1 0 
0 122
0 6
cfn=(1676)
calls=1 0 
0 130
0 6
cfn=(1676)
calls=1 0 
0 122
0 6
cfn=(1676)
calls=1 0 
0 114
0 6
cfn=(1676)
calls=1 0 
0 122
0 6
cfn=(1676)
calls=1 0 
0 122
0 6
cfn=(1676)
calls=1 0 
0 114
0 6
cfn=(1676)
calls=1 0 
0 114
0 6
cfn=(1676)
calls=1 0 
0 114
0 6
cfn=(1676)
calls=1 0 
0 114
0 6
cfn=(1676)
calls=1 0 
0 114
0 6
cfn=(1676)
calls=1 0 
0 114
0 6
cfn=(1676)
calls=1 0 
0 114
0 6
cfn=(1676)
calls=1 0 
0 114
0 6
cfn=(1676)
calls=1 0 
0 114
0 6
cfn=(1676)
calls=1 0 
0 114
0 6
cfn=(1676)
calls=1 0 
0 114
0 6
cfn=(1676)
calls=1 0 
0 114
0 6
cfn=(1676)
calls=1 0 
0 114
0 6
cfn=(1676)
calls=1 0 
0 114
0 6
cfn=(1676)
calls=1 0 
0 122
0 6
cfn=(1676)
calls=1 0 
0 130
0 6
cfn=(1676)
calls=1 0 
0 122
0 6
cfn=(1676)
calls=1 0 
0 114
0 6
cfn=(1676)
calls=1 0 
0 114
0 6
cfn=(1676)
calls=1 0 
0 114
0 6
cfn=(1676)
calls=1 0 
0 114
0 6
cfn=(1676)
calls=1 0 
0 114
0 6
cfn=(1676)
calls=1 0 
0 114
0 6
cfn=(1676)
calls=1 0 
0 114
0 6
cfn=(1676)
calls=1 0 
0 114
0 6
cfn=(1676)
calls=1 0 
0 114
0 6
cfn=(1676)
calls=1 0 
0 114
0 6
cfn=(1676)
calls=1 0 
0 114
0 6
cfn=(1676)
calls=1 0 
0 114
0 6
cfn=(1676)
calls=1 0 
0 122
0 6
cfn=(1676)
calls=1 0 
0 122
0 6
cfn=(1676)
calls=1 0 
0 114
0 6
cfn=(1676)
calls=1 0 
0 114
0 6
cfn=(1676)
calls=1 0 
0 114
0 6
cfn=(1676)
calls=1 0 
0 114
0 6
cfn=(1676)
calls=1 0 
0 114
0 6
cfn=(1676)
calls=1 0 
0 114
0 6
cfn=(1676)
calls=1 0 
0 122
0 6
cfn=(1676)
calls=1 0 
0 122
0 6
cfn=(1676)
calls=1 0 
0 114
0 6
cfn=(1676)
calls=1 0 
0 114
0 6
cfn=(1676)
calls=1 0 
0 114
0 6
cfn=(1676)
calls=1 0 
0 114
0 6
cfn=(1676)
calls=1 0 
0 122
0 6
cfn=(1676)
calls=1 0 
0 122
0 6
cfn=(1676)
calls=1 0 
0 114
0 6
cfn=(1676)
calls=1 0 
0 114
0 6
cfn=(1676)
calls=1 0 
0 114
0 6
cfn=(1676)
calls=1 0 
0 114
0 6
cfn=(1676)
calls=1 0 
0 114
0 6
cfn=(1676)
calls=1 0 
0 114
0 6
cfn=(1676)
calls=1 0 
0 114
0 6
cfn=(1676)
calls=1 0 
0 114
0 6
cfn=(1676)
calls=1 0 
0 114
0 6
cfn=(1676)
calls=1 0 
0 114
0 6
cfn=(1676)
calls=1 0 
0 114
0 6
cfn=(1676)
calls=1 0 
0 114
0 6
cfn=(1676)
calls=1 0 
0 114
0 6
cfn=(1676)
calls=1 0 
0 114
0 6
cfn=(1676)
calls=1 0 
0 122
0 6
cfn=(1676)
calls=1 0 
0 122
0 6
cfn=(1676)
calls=1 0 
0 114
0 6
cfn=(1676)
calls=1 0 
0 114
0 6
cfn=(1676)
calls=1 0 
0 114
0 6
cfn=(1676)
calls=1 0 
0 114
0 6
cfn=(1676)
calls=1 0 
0 114
0 6
cfn=(1676)
calls=1 0 
0 114
0 6
cfn=(1676)
calls=1 0 
0 114
0 6
cfn=(1676)
calls=1 0 
0 114
0 6
cfn=(1676)
calls=1 0 
0 114
0 6
cfn=(1676)
calls=1 0 
0 122
0 6
cfn=(1676)
calls=1 0 
0 130
0 6
cfn=(1676)
calls=1 0 
0 122
0 6
cfn=(1676)
calls=1 0 
0 114
0 6
cfn=(1676)
calls=1 0 
0 114
0 6
cfn=(1676)
calls=1 0 
0 114
0 6
cfn=(1676)
calls=1 0 
0 114
0 6
cfn=(1676)
calls=1 0 
0 114
0 6
cfn=(1676)
calls=1 0 
0 122
0 6
cfn=(1676)
calls=1 0 
0 122
0 6
cfn=(1676)
calls=1 0 
0 114
0 6
cfn=(1676)
calls=1 0 
0 114
0 6
cfn=(1676)
calls=1 0 
0 114
0 6
cfn=(1676)
calls=1 0 
0 114
0 6
cfn=(1676)
calls=1 0 
0 114
0 6
cfn=(1676)
calls=1 0 
0 114
0 6
cfn=(1676)
calls=1 0 
0 114
0 6
cfn=(1676)
calls=1 0 
0 114
0 6
cfn=(1676)
calls=1 0 
0 114
0 6
cfn=(1676)
calls=1 0 
0 114
0 6
cfn=(1676)
calls=1 0 
0 122
0 6
cfn=(1676)
calls=1 0 
0 122
0 6
cfn=(1676)
calls=1 0 
0 114
0 6
cfn=(1676)
calls=1 0 
0 114
0 6
cfn=(1676)
calls=1 0 
0 122
0 6
cfn=(1676)
calls=1 0 
0 122
0 6
cfn=(1676)
calls=1 0 
0 114
0 6
cfn=(1676)
calls=1 0 
0 114
0 6
cfn=(1676)
calls=1 0 
0 114
0 17
cfn=(1574)
calls=1 0 
0 57563107
0 5
cfn=(1576)
calls=1 0 
0 178810629
0 13
cfn=(1574)
calls=1 0 
0 20646069
0 7
cfn=(1676)
calls=1 0 
0 106
0 6
cfn=(1676)
calls=1 0 
0 114
0 6
cfn=(1676)
calls=1 0 
0 114
0 6
cfn=(1676)
calls=1 0 
0 114
0 6
cfn=(1676)
calls=1 0 
0 114
0 6
cfn=(1676)
calls=1 0 
0 114
0 6
cfn=(1676)
calls=1 0 
0 114
0 6
cfn=(1676)
calls=1 0 
0 114
0 6
cfn=(1676)
calls=1 0 
0 114
0 6
cfn=(1676)
calls=1 0 
0 122
0 6
cfn=(1676)
calls=1 0 
0 122
0 6
cfn=(1676)
calls=1 0 
0 114
0 6
cfn=(1676)
calls=1 0 
0 114
0 6
cfn=(1676)
calls=1 0 
0 114
0 6
cfn=(1676)
calls=1 0 
0 114
0 6
cfn=(1676)
calls=1 0 
0 114
0 6
cfn=(1676)
calls=1 0 
0 122
0 6
cfn=(1676)
calls=1 0 
0 122
0 6
cfn=(1676)
calls=1 0 
0 114
0 6
cfn=(1676)
calls=1 0 
0 114
0 6
cfn=(1676)
calls=1 0 
0 114
0 6
cfn=(1676)
calls=1 0 
0 114
0 6
cfn=(1676)
calls=1 0 
0 122
0 6
cfn=(1676)
calls=1 0 
0 122
0 6
cfn=(1676)
calls=1 0 
0 114
0 6
cfn=(1676)
calls=1 0 
0 114
0 6
cfn=(1676)
calls=1 0 
0 114
0 6
cfn=(1676)
calls=1 0 
0 114
0 6
cfn=(1676)
calls=1 0 
0 114
0 6
cfn=(1676)
calls=1 0 
0 114
0 6
cfn=(1676)
calls=1 0 
0 114
0 6
cfn=(1676)
calls=1 0 
0 122
0 6
cfn=(1676)
calls=1 0 
0 122
0 6
cfn=(1676)
calls=1 0 
0 122
0 6
cfn=(1676)
calls=1 0 
0 122
0 6
cfn=(1676)
calls=1 0 
0 114
0 6
cfn=(1676)
calls=1 0 
0 114
0 6
cfn=(1676)
calls=1 0 
0 114
0 6
cfn=(1676)
calls=1 0 
0 114
0 6
cfn=(1676)
calls=1 0 
0 114
0 6
cfn=(1676)
calls=1 0 
0 114
0 6
cfn=(1676)
calls=1 0 
0 114
0 6
cfn=(1676)
calls=1 0 
0 114
0 6
cfn=(1676)
calls=1 0 
0 114
0 6
cfn=(1676)
calls=1 0 
0 114
0 6
cfn=(1676)
calls=1 0 
0 114
0 6
cfn=(1676)
calls=1 0 
0 114
0 6
cfn=(1676)
calls=1 0 
0 114
0 6
cfn=(1676)
calls=1 0 
0 114
0 6
cfn=(1676)
calls=1 0 
0 114
0 6
cfn=(1676)
calls=1 0 
0 114
0 6
cfn=(1676)
calls=1 0 
0 114
0 6
cfn=(1676)
calls=1 0 
0 114
0 6
cfn=(1676)
calls=1 0 
0 114
0 6
cfn=(1676)
calls=1 0 
0 114
0 6
cfn=(1676)
calls=1 0 
0 114
0 6
cfn=(1676)
calls=1 0 
0 114
0 6
cfn=(1676)
calls=1 0 
0 114
0 6
cfn=(1676)
calls=1 0 
0 122
0 6
cfn=(1676)
calls=1 0 
0 122
0 6
cfn=(1676)
calls=1 0 
0 114
0 6
cfn=(1676)
calls=1 0 
0 114
0 6
cfn=(1676)
calls=1 0 
0 114
0 6
cfn=(1676)
calls=1 0 
0 114
0 6
cfn=(1676)
calls=1 0 
0 114
0 6
cfn=(1676)
calls=1 0 
0 114
0 6
cfn=(1676)
calls=1 0 
0 114
0 6
cfn=(1676)
calls=1 0 
0 114
0 6
cfn=(1676)
calls=1 0 
0 114
0 6
cfn=(1676)
calls=1 0 
0 114
0 6
cfn=(1676)
calls=1 0 
0 114
0 6
cfn=(1676)
calls=1 0 
0 114
0 6
cfn=(1676)
calls=1 0 
0 114
0 6
cfn=(1676)
calls=1 0 
0 114
0 6
cfn=(1676)
calls=1 0 
0 122
0 6
cfn=(1676)
calls=1 0 
0 122
0 6
cfn=(1676)
calls=1 0 
0 122
0 6
cfn=(1676)
calls=1 0 
0 122
0 6
cfn=(1676)
calls=1 0 
0 114
0 6
cfn=(1676)
calls=1 0 
0 114
0 6
cfn=(1676)
calls=1 0 
0 114
0 6
cfn=(1676)
calls=1 0 
0 114
0 6
cfn=(1676)
calls=1 0 
0 114
0 6
cfn=(1676)
calls=1 0 
0 114
0 6
cfn=(1676)
calls=1 0 
0 114
0 6
cfn=(1676)
calls=1 0 
0 122
0 6
cfn=(1676)
calls=1 0 
0 122
0 6
cfn=(1676)
calls=1 0 
0 114
0 6
cfn=(1676)
calls=1 0 
0 114
0 6
cfn=(1676)
calls=1 0 
0 114
0 6
cfn=(1676)
calls=1 0 
0 114
0 6
cfn=(1676)
calls=1 0 
0 122
0 6
cfn=(1676)
calls=1 0 
0 122
0 6
cfn=(1676)
calls=1 0 
0 114
0 6
cfn=(1676)
calls=1 0 
0 114
0 6
cfn=(1676)
calls=1 0 
0 114
0 6
cfn=(1676)
calls=1 0 
0 114
0 6
cfn=(1676)
calls=1 0 
0 114
0 6
cfn=(1676)
calls=1 0 
0 114
0 6
cfn=(1676)
calls=1 0 
0 122
0 6
cfn=(1676)
calls=1 0 
0 122
0 6
cfn=(1676)
calls=1 0 
0 114
0 6
cfn=(1676)
calls=1 0 
0 114
0 6
cfn=(1676)
calls=1 0 
0 114
0 6
cfn=(1676)
calls=1 0 
0 114
0 6
cfn=(1676)
calls=1 0 
0 114
0 6
cfn=(1676)
calls=1 0 
0 114
0 6
cfn=(1676)
calls=1 0 
0 114
0 6
cfn=(1676)
calls=1 0 
0 114
0 6
cfn=(1676)
calls=1 0 
0 114
0 6
cfn=(1676)
calls=1 0 
0 114
0 6
cfn=(1676)
calls=1 0 
0 114
0 6
cfn=(1676)
calls=1 0 
0 114
0 6
cfn=(1676)
calls=1 0 
0 114
0 6
cfn=(1676)
calls=1 0 
0 114
0 6
cfn=(1676)
calls=1 0 
0 114
0 6
cfn=(1676)
calls=1 0 
0 114
0 6
cfn=(1676)
calls=1 0 
0 114
0 6
cfn=(1676)
calls=1 0 
0 114
0 6
cfn=(1676)
calls=1 0 
0 114
0 6
cfn=(1676)
calls=1 0 
0 114
0 6
cfn=(1676)
calls=1 0 
0 114
0 6
cfn=(1676)
calls=1 0 
0 114
0 6
cfn=(1676)
calls=1 0 
0 122
0 6
cfn=(1676)
calls=1 0 
0 122
0 6
cfn=(1676)
calls=1 0 
0 114
0 6
cfn=(1676)
calls=1 0 
0 114
0 6
cfn=(1676)
calls=1 0 
0 114
0 6
cfn=(1676)
calls=1 0 
0 114
0 6
cfn=(1676)
calls=1 0 
0 114
0 6
cfn=(1676)
calls=1 0 
0 122
0 6
cfn=(1676)
calls=1 0 
0 122
0 6
cfn=(1676)
calls=1 0 
0 114
0 6
cfn=(1676)
calls=1 0 
0 114
0 6
cfn=(1676)
calls=1 0 
0 114
0 6
cfn=(1676)
calls=1 0 
0 114
0 6
cfn=(1676)
calls=1 0 
0 114
0 6
cfn=(1676)
calls=1 0 
0 114
0 6
cfn=(1676)
calls=1 0 
0 114
0 6
cfn=(1676)
calls=1 0 
0 114
0 6
cfn=(1676)
calls=1 0 
0 114
0 6
cfn=(1676)
calls=1 0 
0 114
0 6
cfn=(1676)
calls=1 0 
0 114
0 6
cfn=(1676)
calls=1 0 
0 114
0 6
cfn=(1676)
calls=1 0 
0 114
0 6
cfn=(1676)
calls=1 0 
0 114
0 6
cfn=(1676)
calls=1 0 
0 114
0 6
cfn=(1676)
calls=1 0 
0 114
0 6
cfn=(1676)
calls=1 0 
0 114
0 6
cfn=(1676)
calls=1 0 
0 114
0 12
cfn=(1574)
calls=1 0 
0 57567043
0 5
cfn=(1576)
calls=1 0 
0 178816075
0 9

fn=(1438)
0 11252996

fn=(1556) roaring_bitmap_add
0 48606026
cfn=(1558) create_container(RoaringBitmap*, unsigned short, ContainerType)
calls=17 0 
0 1465
0 5528626
cfn=(1560)
calls=69649 0 
0 9722748
0 27653315
cfn=(1562) promote_to_bitmap(RoaringBitmap*, Container*)
calls=17 0 
0 837314
0 119

fn=(1562)
0 364
cob=(8)
cfi=(310)
cfn=(1276)
calls=1 43 
0 218
0 1
0 5
cob=(8)
cfi=(355)
cfn=(1552)
calls=1 31 
0 218
0 1
0 11
cob=(2)
cfi=(223)
cfn=(766)
calls=1 198 
0 8211
0 1
0 48
cob=(2)
cfi=(223)
cfn=(766)
calls=16 198 
0 131376
0 16
0 696844

fn=(1558)
0 238
cob=(2)
cfi=(208)
cfn=(716)
calls=1 255 
0 30
0 1
0 1196

fn=(1568)
0 17

fn=(1676)
0 3600
cfn=(1678)
calls=300 0 
0 3300
0 27780

fn=(1202)
0 11

fn=(1570)
0 17

fn=(1680)
0 32
cob=(2)
cfi=(215)
cfn=(778)
calls=2 3775 
0 876352
0 2
0 64865550
cob=(2)
cfi=(215)
cfn=(732)
calls=2 3385 
0 712
0 2
0 10
cob=(2)
cfi=(215)
cfn=(732)
calls=2 3385 
0 1055
0 2
0 10
cob=(2)
cfi=(208)
cfn=(716)
calls=2 255 
0 1760016
0 2
0 47625294
cob=(2)
cfi=(215)
cfn=(1472)
calls=2 3437 
0 318
0 2
0 28

fn=(1236)
0 15
cob=(2)
cfi=(304)
cfn=(1242)
calls=1 30 
0 54
cob=(1)
cfi=(298)
cfn=(1216)
calls=1 39 
0 812
0 5
0 7
cob=(2)
cfi=(306)
cfn=(1252)
calls=1 30 
0 6
cob=(1)
cfi=(298)
cfn=(1216)
calls=1 39 
0 891
0 5
0 10
cob=(7)
cfi=(309)
cfn=(1270)
calls=1 112 
0 9
cob=(1)
cfi=(298)
cfn=(1216)
calls=1 39 
0 858
0 5
0 10
cob=(8)
cfi=(310)
cfn=(1276)
calls=1 43 
0 199
cob=(1)
cfi=(298)
cfn=(1216)
calls=1 39 
0 666
0 5
0 48
cob=(8)
cfi=(310)
cfn=(1276)
calls=1 43 
0 202
0 1
0 7
cob=(2)
cfi=(223)
cfn=(766)
calls=1 198 
0 12
cob=(1)
cfi=(298)
cfn=(1216)
calls=1 39 
0 861
0 5
0 194
cob=(8)
cfi=(310)
cfn=(1276)
calls=1 43 
0 345
0 1
0 131
cob=(2)
cfi=(308)
cfn=(1450)
calls=1 117 
0 6
cob=(1)
cfi=(298)
cfn=(1216)
calls=1 39 
0 885
0 5
0 26
cob=(2)
cfi=(215)
cfn=(778)
calls=1 3775 
0 367
cob=(1)
cfi=(298)
cfn=(1216)
calls=1 39 
0 869
0 5
0 5349961
cob=(2)
cfi=(215)
cfn=(732)
calls=1 3385 
0 333
cob=(1)
cfi=(298)
cfn=(1216)
calls=1 39 
0 926
0 5
0 8
cob=(2)
cfi=(215)
cfn=(732)
calls=1 3385 
0 333
0 1
0 4
cob=(2)
cfi=(208)
cfn=(716)
calls=1 255 
0 880008
0 1
0 800012
cob=(2)
cfi=(215)
cfn=(1472)
calls=1 3437 
0 67
cob=(1)
cfi=(298)
cfn=(1216)
calls=1 39 
0 947
0 5
0 2
cob=(2)
cfi=(215)
cfn=(732)
calls=1 3385 
0 218
0 1
0 8
cob=(2)
cfi=(215)
cfn=(732)
calls=1 3385 
0 426
0 1
0 75016
cfn=(1546)
calls=1 0 
0 1422
0 8
cfn=(1556)
calls=1 0 
0 134
0 2999964
cfn=(1556)
calls=999988 0 
0 88803117
0 2999970
cfn=(1546)
calls=1 0 
0 901
0 8
cfn=(1556)
calls=1 0 
0 134
0 149997
cfn=(1556)
calls=49999 0 
0 3546228
0 150014
cob=(8)
cfi=(350)
cfn=(1464)
calls=1 32 
0 68
0 1
0 6
cob=(8)
cfi=(350)
cfn=(1464)
calls=1 32 
0 68
0 1
0 57
cob=(8)
cfi=(350)
cfn=(1464)
calls=1 32 
0 68
0 1
0 9
cob=(8)
cfi=(350)
cfn=(1464)
calls=1 32 
0 68
0 1
0 56
cob=(2)
cfi=(353)
cfn=(1530)
calls=1 26 
0 74
cob=(1)
cfi=(298)
cfn=(1216)
calls=1 39 
0 854
0 5

ob=(3)
fl=(156)
fn=(504)
28 1
fi=(143) /usr/src/debug/glibc-2.41-16.fc42.x86_64/math/../sysdeps/x86_64/fpu/multiarch/ifunc-fma.h
+1 4
+1 4
fe=(156)
-2 1

fl=(158)
fn=(512)
28 1
fi=(145) /usr/src/debug/glibc-2.41-16.fc42.x86_64/math/../sysdeps/x86_64/fpu/multiarch/ifunc-avx-fma4.h
+4 5
+1 2
fe=(158)
-5 1

fl=(152)
fn=(492)
32 1
fi=(143)
-3 4
+1 4
fe=(152)
+2 1

fl=(160)
fn=(520)
28 1
fi=(143)
+1 4
+1 4
fe=(160)
-2 1

fl=(164)
fn=(536)
29 5
fi=(143)
+1 4
fe=(164)
-1 1

fl=(146)
fn=(468)
29 5
fi=(143)
+1 4
fe=(146)
-1 1

fl=(166)
fn=(544)
28 1
fi=(143)
+1 4
+1 4
fe=(166)
-2 1

fl=(157)
fn=(508)
29 1
fi=(145)
+3 5
+1 2
fe=(157)
-4 1

fl=(148)
fn=(476)
29 5
fi=(143)
+1 4
fe=(148)
-1 1

fl=(159)
fn=(516)
37 1
fi=(154) /usr/src/debug/glibc-2.41-16.fc42.x86_64/math/../sysdeps/x86_64/fpu/multiarch/ifunc-fma4.h
-6 4
+1 2
fe=(159)
+5 1

fn=(528)
29 1
fi=(154)
+2 4
+1 2
fe=(159)
-3 1

fl=(153)
fn=(496)
29 1
fi=(154)
+2 4
+1 2
fe=(153)
-3 1

fl=(150)
fn=(484)
29 5
fi=(143)
+1 4
fe=(150)
-1 1

fl=(161)
fn=(524)
49 6

fl=(237)
fn=(1832) 0x00000000000007f0
0 5

fn=(1822)
0 9
cob=(4)
cfi=(184)
cfn=(1828) 0x0000000004acf7a0
calls=1 0 
0 101
0 1
cfn=(1832)
calls=1 0 
0 5
0 3

fn=(830)
0 12

fl=(155)
fn=(500)
29 5
fi=(143)
+1 4
fe=(155)
-1 1

fl=(144)
fn=(464)
29 1
fi=(145)
+3 5
+1 2
fe=(144)
-4 1

fl=(165)
fn=(540)
28 1
fi=(143)
+1 4
+1 4
fe=(165)
-2 1

fl=(147)
fn=(472)
36 1
fi=(145)
-4 4
fe=(147)

ob=(9)
fl=(296)
fn=(1236)
0 13
cob=(7)
cfi=(311)
cfn=(1286)
calls=1 174 
0 4360939
cob=(1)
cfi=(298)
cfn=(1216)
calls=1 39 
0 874
0 5
0 9
cob=(2)
cfi=(208)
cfn=(716)
calls=1 255 
0 399984
0 1
0 13
cob=(2)
cfi=(307)
cfn=(1258)
calls=1 47 
0 26
cob=(1)
cfi=(298)
cfn=(1216)
calls=1 39 
0 859
0 5
0 7
cob=(2)
cfi=(308)
cfn=(1264)
calls=1 117 
0 6
cob=(1)
cfi=(298)
cfn=(1216)
calls=1 39 
0 878
0 5
0 24
cob=(8)
cfi=(310)
cfn=(1276)
calls=1 43 
0 218
0 1
0 15

ob=(3)
fl=(147)
fn=(472)
fi=(145)
32 1
+1 2
fe=(147)
+3 1

fn=(552)
29 1
fi=(145)
+3 5
+1 2
fe=(147)
-4 1

fl=(167)
fn=(548)
28 1
fi=(145)
+4 5
+1 2
fe=(167)
-5 1

fl=(169)
fn=(558)
28 1
fi=(154)
+3 4
+1 2
fe=(169)
-4 1

fl=(168)
fn=(556)
44 5

ob=(9)
fl=(296)
fn=(1236)
0 26
cob=(8)
cfi=(310)
cfn=(1276)
calls=1 43 
0 148
0 1
0 11

ob=(3)
fl=(168)
fn=(556)
44 1

fl=(149)
fn=(480)
28 1
fi=(145)
+4 5
+1 2
fe=(149)
-5 1

fl=(151)
fn=(488)
28 1
fi=(143)
+1 4
+1 4
fe=(151)
-2 1

fl=(163)
fn=(532)
28 1
fi=(143)
+1 4
+1 4
fe=(163)
-2 1

ob=(9)
fl=(296)
fn=(1236)
0 5

fn=(1572)
0 55
cob=(2)
cfi=(215)
cfn=(1472)
calls=1 3437 
0 4
0 1

ob=(3)
fl=(142)
fn=(460)
28 1
fi=(143)
+1 4
fe=(142)

ob=(9)
fl=(296)
fn=(1572)
0 2
cob=(2)
cfi=(215)
cfn=(1472)
calls=1 3437 
0 4
0 1
0 16

ob=(3)
fl=(142)
fn=(460)
fi=(143)
30 4
fe=(142)
-2 1

fl=(162)
fn=(526)
32 1
fi=(421) /usr/src/debug/glibc-2.41-16.fc42.x86_64/math/../sysdeps/x86_64/fpu/multiarch/ifunc-sse4_1.h
-3 5
fe=(162)
+3 1

ob=(4)
fl=(184)
fn=(1198)
0 7

fn=(836)
0 7

fn=(708)
0 4
cob=(2)
cfi=(206)
cfn=(710)
calls=2 61 
0 24

fn=(714)
0 2
cob=(2)
cfi=(208)
cfn=(716)
calls=1 255 
0 13

fn=(730)
0 4
cob=(2)
cfi=(215)
cfn=(732)
calls=2 3385 
0 1939

fn=(814)
0 4
cob=(2)
cfi=(233)
cfn=(816)
calls=2 25 
0 47

fn=(928)
0 2
cob=(8)
cfi=(255)
cfn=(930)
calls=1 48 
0 182

fn=(974)
0 98
cob=(2)
cfi=(267)
cfn=(976)
calls=49 73 
0 1048

fn=(1138)
0 2
cob=(8)
cfi=(287)
cfn=(1140)
calls=1 89 
0 3

fn=(1294)
0 2
cob=(2)
cfi=(313)
cfn=(1296)
calls=1 25 
0 26

fn=(1300)
0 2
cob=(2)
cfi=(215)
cfn=(1302)
calls=1 3621 
0 376

fn=(1650)
0 2
cob=(2)
cfi=(215)
cfn=(732)
calls=1 3385 
0 182

fn=(1866)
0 4

fn=(788)
0 168
cob=(2)
cfi=(227)
cfn=(790)
calls=84 52 
0 1176

fn=(826)
0 7

fn=(954)
0 256
cob=(2)
cfi=(262)
cfn=(956)
calls=128 30 
0 2432

fn=(1042)
0 2
cob=(8)
cfi=(257)
cfn=(1044)
calls=1 44 
0 46

fn=(1046)
0 2
cob=(8)
cfi=(242)
cfn=(1048)
calls=1 88 
0 3

fn=(1072)
0 16
cob=(8)
cfi=(242)
cfn=(1074)
calls=8 91 
0 48

fn=(1222)
0 2
cob=(1)
cfi=(49)
cfn=(1224)
calls=1 118 
0 5

fn=(1344)
0 30
cob=(1)
cfi=(46)
cfn=(1346)
calls=15 709 
0 13440

fn=(868)
0 28
cob=(8)
cfi=(242)
cfn=(870)
calls=14 221 
0 397

fn=(886)
0 2
cob=(2)
cfi=(247)
cfn=(888)
calls=1 43 
0 38

fn=(1554)
0 24
cob=(8)
cfi=(310)
cfn=(1276)
calls=12 43 
0 3204

fn=(1744)
0 2
cob=(2)
cfi=(379)
cfn=(1722)
calls=1 45 
0 1771

fn=(1764)
0 6
cob=(8)
cfi=(383)
cfn=(1766)
calls=3 50 
0 193

fn=(1765)
0 2
cob=(8)
cfi=(383)
cfn=(1767)
calls=1 50 
0 15

fn=(1888)
0 4

fn=(768)
0 2
cob=(2)
cfi=(224)
cfn=(770)
calls=1 35 
0 80

fn=(792)
0 164
cob=(2)
cfi=(225)
cfn=(782)
calls=82 206 
0 2077

fn=(940)
0 2
cob=(8)
cfi=(258)
cfn=(942)
calls=1 103 
0 19625

fn=(944)
0 2
cob=(8)
cfi=(259)
cfn=(946)
calls=1 273 
0 19582

fn=(970)
0 20
cob=(2)
cfi=(266)
cfn=(972)
calls=10 26 
0 3300

fn=(1010)
0 2
cob=(8)
cfi=(270)
cfn=(1012)
calls=1 92 
0 416

fn=(1054)
0 16
cob=(8)
cfi=(274)
cfn=(1056)
calls=8 76 
0 696

fn=(1060)
0 8
cob=(8)
cfi=(276)
cfn=(1062)
calls=4 131 
0 1456

fn=(1064)
0 16
cob=(8)
cfi=(277)
cfn=(1066)
calls=8 39 
0 568

fn=(1112)
0 8
cob=(2)
cfi=(281)
cfn=(1114)
calls=4 67 
0 301

fn=(1150)
0 6000032
cob=(2)
cfi=(215)
cfn=(732)
calls=3000016 3385 
0 126012816

fn=(856)
0 2
cob=(8)
cfi=(241)
cfn=(858)
calls=1 490 
0 37192

fn=(864)
0 2
cob=(8)
cfi=(243)
cfn=(866)
calls=1 121 
0 267

fn=(872)
0 28
cob=(2)
cfi=(244)
cfn=(874)
calls=14 136 
0 215

fn=(1716)
0 2
cob=(2)
cfi=(379)
cfn=(1722)
calls=1 45 
0 99
cob=(1)
cfi=(298)
cfn=(1216)
calls=1 39 
0 840
0 5

fn=(1760)
0 6
cob=(8)
cfi=(383)
cfn=(1762)
calls=3 225 
0 848

fn=(1761)
0 2
cob=(8)
cfi=(383)
cfn=(1763)
calls=1 225 
0 132

fn=(1828)
0 2
cob=(2)
cfi=(379)
cfn=(1722)
calls=1 45 
0 99

fn=(1842)
0 4
cob=(2)
cfi=(390)
cfn=(1844)
calls=2 25 
0 32

fn=(678)
0 7

fn=(764)
0 38
cob=(2)
cfi=(223)
cfn=(766)
calls=19 198 
0 875607

fn=(776)
0 2
cob=(2)
cfi=(215)
cfn=(778)
calls=1 3775 
0 253

fn=(796)
0 4
cob=(2)
cfi=(228)
cfn=(798)
calls=2 28 
0 1735

fn=(908)
0 2
cob=(8)
cfi=(250)
cfn=(910)
calls=1 38 
0 39

fn=(978)
0 2
cob=(8)
cfi=(250)
cfn=(980)
calls=1 118 
0 39

fn=(1086)
0 2
cob=(8)
cfi=(258)
cfn=(1088)
calls=1 90 
0 803

fn=(1470)
0 5999978
cob=(2)
cfi=(215)
cfn=(1472)
calls=2999989 3437 
0 180000652

fn=(1856)
0 2
cob=(2)
cfi=(379)
cfn=(1722)
calls=1 45 
0 99

fn=(914)
0 2
cob=(8)
cfi=(252)
cfn=(916)
calls=1 92 
0 416

fn=(994)
0 2
cob=(8)
cfi=(255)
cfn=(996)
calls=1 48 
0 179

fn=(1002)
0 2
cob=(8)
cfi=(257)
cfn=(1004)
calls=1 44 
0 46

fn=(1022)
0 2
cob=(8)
cfi=(271)
cfn=(1024)
calls=1 216 
0 115

fn=(1026)
0 2
cob=(8)
cfi=(257)
cfn=(1028)
calls=1 44 
0 46

fn=(1130)
0 4
cob=(8)
cfi=(284)
cfn=(1132)
calls=2 180 
0 10

fn=(896)
0 64
cob=(8)
cfi=(242)
cfn=(898)
calls=32 325 
0 12736

fn=(662)
0 7

fn=(1658)
0 2
cob=(2)
cfi=(208)
cfn=(1660)
calls=1 242 
0 14

fn=(1770)
0 20
cob=(2)
cfi=(384)
cfn=(1772)
calls=10 32 
0 931

fn=(1798)
0 6
cob=(8)
cfi=(383)
cfn=(1800)
calls=3 225 
0 667

fn=(1799)
0 2
cob=(8)
cfi=(383)
cfn=(1801)
calls=1 225 
0 132

fn=(1878)
0 2
cob=(2)
cfi=(379)
cfn=(1722)
calls=1 45 
0 99

fn=(842)
0 2
cob=(8)
cfi=(239)
cfn=(844)
calls=1 78 
0 40486

fn=(654)
0 2
cob=(2)
cfi=(191)
cfn=(656)
calls=1 53 
0 33

fn=(780)
0 170
cob=(2)
cfi=(225)
cfn=(782)
calls=85 206 
0 2134

fn=(986)
0 2
cob=(8)
cfi=(254)
cfn=(988)
calls=1 741 
0 103

fn=(990)
0 2
cob=(8)
cfi=(254)
cfn=(992)
calls=1 558 
0 103

fn=(1018)
0 2
cob=(8)
cfi=(271)
cfn=(1020)
calls=1 372 
0 113

fn=(1078)
0 8
cob=(8)
cfi=(276)
cfn=(1080)
calls=4 169 
0 220

fn=(1092)
0 2
cob=(2)
cfi=(267)
cfn=(976)
calls=1 73 
0 47

fn=(1330)
0 30
cob=(2)
cfi=(317)
cfn=(1332)
calls=15 631 
0 20650

fn=(1382)
0 72
cob=(2)
cfi=(334)
cfn=(1384)
calls=36 53 
0 684

fn=(848)
0 44
cob=(8)
cfi=(241)
cfn=(850)
calls=22 269 
0 37766

fn=(860)
0 14
cob=(8)
cfi=(242)
cfn=(862)
calls=7 233 
0 21

fn=(1736)
0 4

fn=(784)
0 20
cob=(2)
cfi=(226)
cfn=(786)
calls=10 25 
0 8318

fn=(920)
0 2
cob=(8)
cfi=(254)
cfn=(922)
calls=1 372 
0 113

fn=(936)
0 2
cob=(8)
cfi=(257)
cfn=(938)
calls=1 44 
0 46

fn=(948)
0 4
cob=(2)
cfi=(260)
cfn=(950)
calls=2 30 
0 44

fn=(998)
0 2
cob=(8)
cfi=(256)
cfn=(1000)
calls=1 222 
0 149

fn=(1034)
0 2
cob=(8)
cfi=(271)
cfn=(1036)
calls=1 741 
0 103

fn=(1584)
0 12
cob=(2)
cfi=(357)
cfn=(1586)
calls=6 30 
0 66

fn=(1748)
0 4
cob=(8)
cfi=(284)
cfn=(1750)
calls=2 182 
0 4

fn=(1820)
0 4

fn=(640)
0 7

fn=(756)
0 2
cob=(2)
cfi=(221)
cfn=(758)
calls=1 23 
0 3

fn=(900)
0 172
cob=(8)
cfi=(242)
cfn=(902)
calls=86 507 
0 948

fn=(924)
0 2
cob=(8)
cfi=(254)
cfn=(926)
calls=1 216 
0 115

fn=(958)
0 512
cob=(2)
cfi=(263)
cfn=(960)
calls=256 32 
0 10112

fn=(982)
0 2
cob=(8)
cfi=(252)
cfn=(984)
calls=1 183 
0 352

fn=(1030)
0 2
cob=(8)
cfi=(270)
cfn=(1032)
calls=1 183 
0 352

fn=(1068)
0 16
cob=(8)
cfi=(242)
cfn=(1070)
calls=8 120 
0 112

fn=(1100)
0 8
cob=(8)
cfi=(276)
cfn=(1102)
calls=4 169 
0 220

fn=(1326)
0 2
cob=(2)
cfi=(215)
cfn=(1328)
calls=1 3485 
0 211

fn=(1388)
0 88
cob=(2)
cfi=(208)
cfn=(716)
calls=44 255 
0 2915945

fn=(1466)
0 44
cob=(8)
cfi=(351)
cfn=(1468)
calls=22 48 
0 2296

fn=(1706)
0 4

fn=(614)
0 42
cob=(1)
cfi=(11)
cfn=(28)
calls=21 438 
0 367

fn=(760)
0 2
cob=(2)
cfi=(222)
cfn=(762)
calls=1 30 
0 39

fn=(806)
0 2
cob=(2)
cfi=(230)
cfn=(808)
calls=1 32 
0 24

fn=(932)
0 2
cob=(8)
cfi=(256)
cfn=(934)
calls=1 66 
0 152

fn=(966)
0 24
cob=(8)
cfi=(259)
cfn=(968)
calls=12 60 
0 3466

fn=(1038)
0 2
cob=(8)
cfi=(271)
cfn=(1040)
calls=1 558 
0 103

fn=(1096)
0 8
cob=(8)
cfi=(276)
cfn=(1098)
calls=4 131 
0 660

fn=(1144)
0 2
cob=(2)
cfi=(228)
cfn=(798)
calls=1 28 
0 1109

fn=(882)
0 2
cob=(8)
cfi=(246)
cfn=(884)
calls=1 134 
0 50

fn=(692)
0 2
cob=(2)
cfi=(201)
cfn=(694)
calls=1 32 
0 549

fn=(1786)
0 4
cob=(8)
cfi=(386)
cfn=(1788)
calls=2 138 
0 40

fn=(1790)
0 4
cob=(8)
cfi=(387)
cfn=(1792)
calls=2 62 
0 20

fn=(1802)
0 6
cob=(8)
cfi=(383)
cfn=(1804)
calls=3 50 
0 193

fn=(1803)
0 2
cob=(8)
cfi=(383)
cfn=(1805)
calls=1 50 
0 15

fn=(1838)
0 4

totals: 884203668
