0	7411
0	9171
0	7629
0	7402
0	8320
0	9623
0	3111
0	3025
0	8387
0	7794
1	3050
1	1542
1	7316
1	4970
1	2323
1	1485
1	8825
1	686
1	9755
1	6490
2	7421
2	2580
2	245
2	8656
2	1034
2	975
2	584
2	3116
2	3963
2	9824
3	492
3	7601
3	5345
3	7217
3	9682
3	3200
3	8505
3	3828
3	4819
3	8188
4	75
4	1392
4	7492
4	4557
4	6664
4	9031
4	1363
4	4161
4	5165
4	3762
5	8403
5	4735
5	487
5	1150
5	9226
5	1768
5	6560
5	1766
5	4766
5	6332
6	1094
6	276
6	8
6	3498
6	3436
6	857
6	7700
6	6151
6	6511
6	6877
7	1196
7	9277
7	3252
7	4420
7	5519
7	1427
7	5098
7	5449
7	248
7	6718
8	1933
8	2205
8	4036
8	1655
8	179
8	981
8	7617
8	7976
8	2911
8	9163
9	3086
9	7330
9	8337
9	3124
9	2145
9	6868
9	6287
9	1908
9	6469
9	6893
10	3487
10	7
10	4420
10	9711
10	4983
10	321
10	3452
10	3068
10	6459
10	9863
11	9452
11	1643
11	689
11	2397
11	3493
11	7234
11	4231
11	156
11	9999
11	5389
12	4854
12	6327
12	1202
12	1217
12	1476
12	3419
12	9547
12	3981
12	254
12	9851
13	6040
13	6089
13	7425
13	2084
13	9621
13	7925
13	9413
13	2223
13	6325
13	2995
14	2525
14	5092
14	3741
14	4087
14	3109
14	2596
14	9075
14	3220
14	6360
14	7905
15	9888
15	1286
15	6905
15	776
15	1701
15	1786
15	634
15	8394
15	4180
15	3906
16	6416
16	4210
16	6894
16	9772
16	8044
16	4807
16	8520
16	2874
16	1126
16	2070
17	3742
17	7852
17	9164
17	1214
17	4591
17	3479
17	3341
17	271
17	1133
17	4410
18	6740
18	7302
18	4080
18	990
18	763
18	2887
18	4619
18	6042
18	8699
18	9374
19	2155
19	1510
19	5933
19	2267
19	7378
19	5422
19	8551
19	9575
19	2299
19	9664
20	574
20	293
20	7779
20	5856
20	5108
20	549
20	348
20	9803
20	1226
20	7900
21	1102
21	5096
21	5224
21	2238
21	1186
21	1233
21	7423
21	8947
21	6025
21	728
22	2122
22	5597
22	5764
22	1391
22	7754
22	1272
22	6834
22	495
22	8190
22	9384
23	238
23	6264
23	6212
23	9546
23	203
23	9975
23	1183
23	1314
23	1485
23	1893
24	4214
24	6819
24	5409
24	6364
24	9518
24	7499
24	7217
24	7579
24	8867
24	1372
25	8498
25	8430
25	488
25	5082
25	9851
25	1437
25	7879
25	365
25	3771
25	1849
26	8146
26	7967
26	4191
26	185
26	6028
26	4932
26	2346
26	3318
26	8493
26	2778
27	5611
27	7240
27	8164
27	3956
27	5356
27	6631
27	4105
27	3252
27	7059
27	3281
28	3509
28	6298
28	3597
28	9553
28	5185
28	3438
28	2231
28	2204
28	8134
28	5746
29	664
29	1050
29	4535
29	2771
29	1848
29	7383
29	7722
29	4508
29	3507
29	6782
30	6267
30	8519
30	8091
30	5167
30	7413
30	5248
30	1223
30	515
30	4556
30	9954
31	679
31	4605
31	9348
31	5803
31	5063
31	9241
31	313
31	2226
31	6638
31	7451
32	3111
32	405
32	4364
32	3889
32	2308
32	769
32	1889
32	7315
32	1786
32	8771
33	6040
33	1277
33	3244
33	3266
33	7784
33	4194
33	2927
33	176
33	7736
33	8762
34	592
34	2934
34	3710
34	4462
34	5664
34	8842
34	8526
34	8198
34	2608
34	6447
35	3668
35	1428
35	6725
35	6356
35	2128
35	7381
35	7430
35	3225
35	110
35	6173
36	9011
36	9319
36	8235
36	5621
36	7597
36	5348
36	3356
36	1621
36	2023
36	3494
37	3969
37	6393
37	1439
37	5076
37	8797
37	5249
37	4290
37	256
37	5709
37	8269
38	1356
38	608
38	7223
38	5604
38	9016
38	6904
38	4509
38	7986
38	465
38	3576
39	1049
39	7027
39	575
39	2832
39	8734
39	5488
39	2301
39	7709
39	2435
39	8462
40	8490
40	7211
40	8070
40	9485
40	1409
40	3627
40	7199
40	8628
40	9154
40	4754
41	9200
41	2692
41	8565
41	8424
41	9174
41	4202
41	5106
41	6245
41	9984
41	3411
42	4988
42	2312
42	8924
42	8588
42	4472
42	9387
42	8153
42	3292
42	6735
42	8780
43	1872
43	8244
43	80
43	9916
43	6177
43	454
43	8819
43	720
43	8454
43	6563
44	8912
44	9222
44	1997
44	8045
44	1527
44	2732
44	1079
44	8826
44	7519
44	6779
45	6621
45	4410
45	4035
45	7752
45	8077
45	2080
45	5565
45	7105
45	7807
45	8601
46	5197
46	1779
46	3136
46	6873
46	481
46	4263
46	2121
46	373
46	583
46	3180
47	2548
47	3723
47	193
47	4654
47	5276
47	5822
47	4005
47	8172
47	1718
47	8186
48	9539
48	2011
48	8363
48	4105
48	3239
48	8689
48	7156
48	380
48	6156
48	6773
49	8672
49	2616
49	8817
49	3346
49	8749
49	3577
49	8677
49	3541
49	8895
49	9611
50	2235
50	3811
50	5695
50	2967
50	5175
50	9881
50	5160
50	3189
50	3574
50	3187
51	1586
51	2194
51	3921
51	2171
51	1444
51	4251
51	6355
51	1589
51	7123
51	6907
52	8901
52	2064
52	3287
52	6599
52	290
52	1573
52	3292
52	9337
52	5858
52	5919
53	1890
53	8285
53	5627
53	8237
53	3096
53	1155
53	7898
53	1739
53	398
53	613
54	9038
54	8434
54	9318
54	7885
54	2401
54	3105
54	3023
54	1883
54	3340
54	2826
55	2589
55	4638
55	1560
55	9499
55	1014
55	2202
55	7570
55	1271
55	1584
55	5354
56	6404
56	7650
56	6986
56	8442
56	5809
56	7046
56	3442
56	9845
56	6113
56	217
57	669
57	3281
57	2969
57	6683
57	7437
57	5891
57	6065
57	6640
57	3196
57	9910
58	2704
58	1553
58	8397
58	252
58	5303
58	1389
58	6627
58	9333
58	9823
58	3128
59	8262
59	9578
59	5586
59	4231
59	4579
59	1905
59	2622
59	6645
59	2182
59	5405
60	8828
60	6059
60	7072
60	2974
60	6647
60	3388
60	3028
60	1155
60	5598
60	4942
61	7681
61	1652
61	173
61	5826
61	812
61	3802
61	4472
61	4896
61	5534
61	3539
62	6654
62	9331
62	2981
62	8733
62	1258
62	6383
62	8432
62	8152
62	3493
62	1959
63	6477
63	9419
63	373
63	1880
63	1770
63	3883
63	4204
63	7268
63	6579
63	8270
64	826
64	3202
64	6155
64	176
64	1612
64	4236
64	4110
64	4516
64	5584
64	9012
65	8855
65	8320
65	6810
65	8530
65	9305
65	1632
65	7280
65	1248
65	9001
65	9790
66	739
66	6331
66	2620
66	6322
66	7729
66	2770
66	8118
66	8879
66	9774
66	959
67	7038
67	8102
67	6892
67	4660
67	8630
67	6530
67	9794
67	5118
67	5989
67	8690
68	4681
68	7917
68	4419
68	9185
68	4645
68	4850
68	440
68	229
68	4014
68	9597
69	700
69	2565
69	6697
69	6389
69	864
69	5163
69	6517
69	821
69	9531
69	5230
70	1204
70	3665
70	7037
70	7825
70	4111
70	3992
70	744
70	8574
70	1613
70	7673
71	2365
71	4017
71	9889
71	1885
71	825
71	6834
71	7466
71	1932
71	3336
71	852
72	5844
72	8652
72	2535
72	2036
72	5952
72	7255
72	2290
72	6831
72	7463
72	9847
73	4294
73	9539
73	6873
73	5964
73	8696
73	2244
73	4753
73	2111
73	3906
73	7882
74	1865
74	8240
74	5056
74	8312
74	5884
74	4501
74	4448
74	9991
74	9255
74	9694
75	3113
75	4565
75	3922
75	3109
75	4078
75	8227
75	3210
75	647
75	995
75	155
76	4439
76	4251
76	6966
76	440
76	623
76	1678
76	3646
76	8874
76	4559
76	1187
77	1416
77	2635
77	9021
77	3846
77	6114
77	7930
77	7840
77	5801
77	3451
77	5541
78	5631
78	8100
78	2185
78	1218
78	1962
78	7328
78	3492
78	7280
78	6952
78	4228
79	6391
79	2468
79	6044
79	2514
79	9775
79	5331
79	4765
79	8988
79	3012
79	7006
80	6049
80	9512
80	1589
80	7569
80	5310
80	1286
80	8906
80	1360
80	7077
80	9244
81	9305
81	7943
81	7594
81	4896
81	152
81	1246
81	5081
81	3494
81	9891
81	1338
82	4977
82	8106
82	5373
82	4635
82	2341
82	3584
82	5862
82	5358
82	6003
82	1923
83	5282
83	7225
83	9326
83	9744
83	4574
83	7176
83	8686
83	4993
83	7508
83	5203
84	3624
84	6546
84	8456
84	4068
84	1380
84	5925
84	5989
84	395
84	5952
84	6481
85	9581
85	6350
85	3194
85	9237
85	6033
85	6393
85	8856
85	2536
85	9685
85	9220
86	2904
86	2893
86	1470
86	7444
86	4611
86	364
86	3624
86	8448
86	945
86	8915
87	2599
87	9297
87	4847
87	366
87	6926
87	1049
87	9534
87	8959
87	5004
87	8936
88	1377
88	5480
88	1338
88	4483
88	1726
88	5141
88	1387
88	425
88	2357
88	1596
89	6914
89	4021
89	3611
89	8011
89	8545
89	5540
89	7521
89	6461
89	5741
89	5534
90	5455
90	2239
90	8088
90	7996
90	8803
90	1187
90	757
90	6727
90	5720
90	63
91	6192
91	1462
91	7612
91	8869
91	398
91	8582
91	5931
91	166
91	1801
91	6907
92	6888
92	2395
92	4025
92	2658
92	6152
92	2746
92	5257
92	3348
92	6378
92	6962
93	8668
93	4784
93	4489
93	970
93	7724
93	5053
93	1881
93	4972
93	2547
93	2939
94	1021
94	7516
94	281
94	9569
94	7881
94	595
94	5120
94	1780
94	3237
94	3023
95	5887
95	3561
95	9639
95	3856
95	9830
95	7731
95	9744
95	8333
95	3669
95	7240
96	3030
96	4604
96	6594
96	2826
96	5107
96	8982
96	9017
96	7855
96	4267
96	7942
97	6596
97	5604
97	8967
97	1514
97	7907
97	3620
97	6544
97	814
97	3562
97	2200
98	6307
98	8643
98	8451
98	4498
98	949
98	3893
98	178
98	7743
98	6087
98	7373
99	4039
99	6904
99	9929
99	2577
99	6812
99	2570
99	5272
99	2371
99	4250
99	8456
100	2148
100	4366
100	8453
100	8758
100	867
100	2468
100	9369
100	2921
100	22
100	3347
101	2441
101	2103
101	1350
101	5762
101	4422
101	8649
101	1591
101	7865
101	7678
101	1357
102	9611
102	8903
102	8289
102	4974
102	311
102	3076
102	6831
102	3163
102	1490
102	7212
103	3414
103	609
103	8902
103	6769
103	8612
103	8096
103	2581
103	5102
103	5178
103	5091
104	6643
104	1245
104	9115
104	5008
104	7655
104	1098
104	5893
104	1218
104	2302
104	1732
105	6459
105	7565
105	1997
105	7295
105	202
105	6178
105	7786
105	3890
105	4808
105	9242
106	1856
106	7505
106	171
106	3387
106	2492
106	4757
106	6160
106	8843
106	4885
106	5527
107	6425
107	9102
107	1424
107	4201
107	3090
107	3275
107	6169
107	1795
107	5396
107	5074
108	4486
108	9221
108	7697
108	5433
108	7321
108	6265
108	1511
108	1668
108	2307
108	1546
109	2153
109	2936
109	2947
109	3164
109	6590
109	597
109	7588
109	9711
109	1476
109	1645
110	3712
110	530
110	2573
110	2033
110	7107
110	6665
110	1190
110	5597
110	6996
110	8381
111	2278
111	3366
111	2424
111	6323
111	7909
111	5429
111	6752
111	252
111	6565
111	5205
112	4014
112	9971
112	8681
112	303
112	4271
112	5423
112	3092
112	5607
112	5026
112	7229
113	1741
113	9129
113	6186
113	3356
113	8345
113	5451
113	4808
113	1682
113	2594
113	4159
114	8828
114	4890
114	8982
114	3832
114	5776
114	8198
114	8412
114	2322
114	9406
114	3246
115	8454
115	3230
115	9295
115	437
115	3242
115	1363
115	2232
115	4007
115	7829
115	9445
116	6840
116	5465
116	5393
116	1503
116	5917
116	4360
116	7586
116	2032
116	7410
116	2221
117	3909
117	9327
117	8903
117	8948
117	9186
117	1041
117	9180
117	4331
117	2761
117	5483
118	9855
118	2386
118	2009
118	62
118	4728
118	5957
118	3946
118	9397
118	5949
118	2717
119	3040
119	9790
119	8976
119	1249
119	7444
119	524
119	6609
119	2950
119	2265
119	5040
120	6252
120	9697
120	267
120	2597
120	3269
120	6750
120	7668
120	541
120	2342
120	8648
121	6330
121	1937
121	9330
121	6647
121	2845
121	5508
121	8515
121	2154
121	4319
121	3999
122	9306
122	5441
122	876
122	620
122	2371
122	6605
122	8151
122	9831
122	1679
122	7699
123	5659
123	6740
123	9253
123	6667
123	4613
123	7959
123	7594
123	6701
123	7109
123	1922
124	9272
124	1878
124	8617
124	5412
124	8601
124	8530
124	7081
124	6887
124	396
124	5254
125	895
125	4850
125	7097
125	6168
125	9789
125	5274
125	4993
125	9722
125	1143
125	4003
126	2038
126	7322
126	3970
126	8235
126	6499
126	851
126	7794
126	1726
126	8621
126	3918
127	8928
127	5018
127	6480
127	3864
127	1121
127	6041
127	8948
127	6904
127	9239
127	2689
128	3633
128	6907
128	9286
128	2009
128	1175
128	1614
128	8513
128	2129
128	2028
128	8807
129	9435
129	7424
129	9
129	4851
129	3996
129	4903
129	391
129	5320
129	2818
129	1026
130	7221
130	7373
130	8691
130	6508
130	2314
130	5840
130	9592
130	3781
130	751
130	5017
131	510
131	7452
131	5141
131	5043
131	5314
131	8166
131	2346
131	7743
131	3383
131	3320
132	4838
132	966
132	3203
132	5175
132	5802
132	7741
132	262
132	2816
132	9172
132	3309
133	8734
133	3870
133	3137
133	819
133	1738
133	5014
133	5127
133	4487
133	6887
133	2209
134	5487
134	7293
134	6802
134	1294
134	2775
134	3657
134	5032
134	1976
134	3218
134	4406
135	2965
135	3857
135	8215
135	4840
135	4477
135	6103
135	8591
135	1896
135	9664
135	8452
136	3751
136	4930
136	2958
136	3701
136	4535
136	2171
136	1474
136	7581
136	1249
136	7214
137	8655
137	1209
137	8696
137	742
137	114
137	9825
137	9610
137	4661
137	8802
137	4110
138	6937
138	9315
138	1428
138	2695
138	4671
138	3105
138	4028
138	2938
138	4572
138	8980
139	472
139	3053
139	2470
139	550
139	7563
139	9582
139	6303
139	43
139	8190
139	986
140	2947
140	1049
140	9109
140	5892
140	5256
140	7921
140	523
140	8466
140	4775
140	8284
141	8528
141	8711
141	2849
141	9730
141	2706
141	1836
141	9962
141	7136
141	3855
141	7216
142	8975
142	4197
142	3865
142	4254
142	8013
142	8915
142	3624
142	9504
142	9884
142	8174
143	4281
143	578
143	3317
143	9778
143	860
143	9382
143	7346
143	2949
143	5325
143	2487
144	9966
144	291
144	9970
144	8128
144	7121
144	8252
144	7236
144	4308
144	506
144	1188
145	1872
145	2919
145	9320
145	8900
145	9494
145	3898
145	2395
145	884
145	5095
145	6969
146	693
146	5150
146	8609
146	4337
146	9645
146	8164
146	1449
146	8364
146	2811
146	6207
147	4175
147	4065
147	2618
147	8140
147	9762
147	7447
147	1001
147	5174
147	6727
147	7648
148	5970
148	3544
148	690
148	2103
148	8020
148	9842
148	2204
148	2368
148	7459
148	8547
149	642
149	54
149	3942
149	6715
149	8611
149	2319
149	1497
149	6437
149	9110
149	4883
150	7731
150	6954
150	1253
150	561
150	3766
150	4844
150	4148
150	1947
150	9042
150	3959
151	6854
151	7562
151	1409
151	3723
151	5963
151	5059
151	5522
151	3577
151	650
151	2628
152	6603
152	9588
152	958
152	5623
152	9296
152	9677
152	2904
152	7579
152	6437
152	3495
153	6244
153	6205
153	806
153	3528
153	6856
153	5691
153	4038
153	3008
153	9003
153	2684
154	7867
154	3336
154	6557
154	3513
154	9730
154	7662
154	5055
154	7742
154	7325
154	8031
155	2975
155	7980
155	3351
155	8852
155	6274
155	6867
155	1192
155	772
155	4530
155	5944
156	4497
156	304
156	8501
156	2982
156	4298
156	8390
156	6438
156	9295
156	3564
156	4401
157	1694
157	5916
157	937
157	2515
157	5893
157	2246
157	3946
157	1953
157	334
157	5277
158	6298
158	7371
158	1362
158	6248
158	5328
158	4198
158	8508
158	899
158	4951
158	6454
159	9960
159	3904
159	8002
159	668
159	3075
159	2471
159	8419
159	9754
159	2091
159	520
160	3416
160	5116
160	6728
160	6947
160	7841
160	8912
160	2228
160	8469
160	8980
160	4266
161	5142
161	7400
161	6176
161	2411
161	3355
161	4593
161	8765
161	7362
161	6640
161	2239
162	6332
162	8467
162	5826
162	3703
162	1681
162	4785
162	6069
162	5651
162	3534
162	2298
163	666
163	401
163	7910
163	9272
163	186
163	4883
163	1096
163	3542
163	9144
163	5789
164	2000
164	6130
164	3843
164	4253
164	1472
164	7007
164	1962
164	6429
164	8075
164	984
165	8026
165	6280
165	5376
165	4662
165	8144
165	4584
165	3631
165	2598
165	6593
165	3308
166	7786
166	2731
166	5746
166	3929
166	8526
166	1524
166	5600
166	6919
166	2470
166	7836
167	9545
167	4210
167	9063
167	5054
167	377
167	6412
167	1971
167	5968
167	1031
167	6625
168	4456
168	894
168	6179
168	8119
168	9599
168	4915
168	7683
168	5333
168	4151
168	1184
169	385
169	579
169	5686
169	5300
169	6115
169	9268
169	4871
169	4290
169	3047
169	7688
170	6298
170	5594
170	5941
170	508
170	9439
170	3547
170	1237
170	781
170	8894
170	6733
171	6808
171	1042
171	4524
171	1119
171	7601
171	7365
171	6256
171	6307
171	624
171	2225
172	8307
172	4470
172	5056
172	8110
172	5904
172	7750
172	345
172	2455
172	9919
172	3153
173	4420
173	3743
173	4229
173	3605
173	3842
173	8529
173	15
173	8909
173	6453
173	57
174	3921
174	8962
174	8087
174	8980
174	1295
174	9187
174	5464
174	4326
174	5679
174	1702
175	317
175	5134
175	3407
175	6491
175	2562
175	3148
175	2638
175	2612
175	5456
175	8038
176	9237
176	4811
176	6054
176	6796
176	4681
176	6010
176	8748
176	8165
176	3883
176	4084
177	5934
177	5324
177	2912
177	8417
177	2064
177	1036
177	1125
177	1674
177	5081
177	1847
178	7398
178	8394
178	7875
178	661
178	2663
178	6761
178	7896
178	875
178	5646
178	4159
179	6510
179	8314
179	6427
179	4144
179	4125
179	6024
179	5355
179	3007
179	5469
179	3356
180	9236
180	2119
180	9297
180	6891
180	2057
180	4406
180	2634
180	2051
180	3290
180	6175
181	4783
181	3785
181	3025
181	224
181	7730
181	9593
181	2191
181	4391
181	4441
181	6869
182	4128
182	6499
182	6335
182	2273
182	797
182	2577
182	1939
182	694
182	3175
182	4686
183	5840
183	8822
183	1968
183	6628
183	5407
183	434
183	8889
183	7914
183	2805
183	6118
184	1103
184	5065
184	7189
184	4648
184	3664
184	6417
184	6687
184	2326
184	9443
184	6379
185	3548
185	8944
185	4631
185	2406
185	7245
185	2868
185	1755
185	9112
185	4118
185	7999
186	7088
186	1972
186	2488
186	5302
186	315
186	4426
186	9272
186	9319
186	2353
186	4485
187	6556
187	4489
187	5277
187	3728
187	1327
187	7900
187	3294
187	5993
187	9035
187	4253
188	9157
188	839
188	2484
188	1054
188	116
188	5068
188	1284
188	65
188	2990
188	5509
189	7920
189	2289
189	3312
189	6693
189	7934
189	526
189	6792
189	5757
189	9171
189	6487
190	9131
190	944
190	3521
190	9020
190	4135
190	4540
190	3090
190	4764
190	4089
190	7261
191	9359
191	769
191	2881
191	438
191	2766
191	8831
191	1946
191	1223
191	4440
191	5880
192	393
192	9104
192	5079
192	1031
192	8425
192	7632
192	171
192	3442
192	1043
192	5972
193	180
193	8638
193	4340
193	4014
193	8109
193	6541
193	5045
193	8706
193	1652
193	7898
194	6590
194	6693
194	4104
194	384
194	155
194	9450
194	2306
194	3722
194	5302
194	6363
195	6050
195	8293
195	4535
195	5974
195	7369
195	5800
195	5114
195	4574
195	1092
195	5269
196	9735
196	1542
196	4335
196	5485
196	3499
196	2950
196	3462
196	768
196	2142
196	8949
197	4988
197	3374
197	2904
197	5693
197	1733
197	2549
197	2341
197	6107
197	5739
197	2987
198	7057
198	360
198	154
198	6549
198	8234
198	855
198	6608
198	1552
198	5267
198	8800
199	3353
199	340
199	2860
199	5257
199	1089
199	9651
199	1775
199	9482
199	5267
199	7046
200	7755
200	3598
200	8180
200	6688
200	2913
200	4478
200	1146
200	6391
200	5279
200	3005
201	5852
201	8603
201	165
201	2426
201	6195
201	906
201	3478
201	5645
201	7200
201	6946
202	8271
202	9301
202	1870
202	1989
202	7425
202	7146
202	7655
202	6870
202	6302
202	8216
203	3768
203	6151
203	9841
203	8866
203	9384
203	697
203	8441
203	527
203	8654
203	7400
204	7320
204	4655
204	9721
204	756
204	9741
204	894
204	5320
204	2489
204	8797
204	7678
205	5376
205	4194
205	5127
205	3085
205	7683
205	9038
205	6587
205	859
205	2075
205	8045
206	1819
206	3835
206	3062
206	2332
206	1876
206	1707
206	8382
206	4125
206	4284
206	1062
207	3029
207	627
207	5610
207	4107
207	8481
207	5714
207	7439
207	3398
207	8787
207	235
208	6993
208	3211
208	8012
208	4581
208	3908
208	1205
208	1757
208	9093
208	7216
208	8040
209	3961
209	1182
209	8137
209	916
209	8999
209	1076
209	2486
209	5994
209	2925
209	1643
210	5468
210	602
210	5665
210	3597
210	4726
210	1923
210	6816
210	2977
210	6367
210	510
211	7629
211	8014
211	1177
211	1446
211	3387
211	8720
211	5183
211	3228
211	9174
211	7057
212	6196
212	251
212	5563
212	5166
212	4563
212	9880
212	3417
212	3433
212	2960
212	2097
213	2810
213	9511
213	7642
213	677
213	2115
213	4558
213	1900
213	4236
213	5636
213	9994
214	5857
214	5033
214	3213
214	131
214	1130
214	3367
214	5903
214	5083
214	6688
214	3279
215	2396
215	1170
215	4355
215	6958
215	6137
215	6700
215	4575
215	7484
215	2191
215	8298
216	2024
216	1557
216	5674
216	8418
216	6846
216	3851
216	8070
216	9490
216	1926
216	4667
217	2018
217	4693
217	1280
217	7453
217	3696
217	7822
217	6350
217	3255
217	6783
217	9851
218	3610
218	7346
218	1051
218	6013
218	6866
218	5460
218	4608
218	9573
218	7223
218	4385
219	4799
219	207
219	4009
219	247
219	6742
219	6141
219	2165
219	9720
219	4123
219	6358
220	6891
220	4560
220	5596
220	1672
220	9678
220	1709
220	8944
220	1629
220	7424
220	3428
221	1448
221	5956
221	264
221	6135
221	495
221	9670
221	5633
221	380
221	2551
221	7687
222	1188
222	5926
222	2792
222	7615
222	8286
222	5177
222	7858
222	9921
222	997
222	3641
223	343
223	6473
223	7100
223	3767
223	8869
223	1802
223	942
223	1090
223	7573
223	6574
224	3572
224	8484
224	9573
224	3431
224	8148
224	6060
224	2342
224	8447
224	6465
224	1571
225	1368
225	59
225	2733
225	4151
225	7762
225	1960
225	7096
225	7678
225	2552
225	258
226	6077
226	5999
226	396
226	1784
226	5752
226	6765
226	8779
226	9192
226	8743
226	1822
227	1544
227	4940
227	8311
227	9240
227	2041
227	1109
227	9304
227	3897
227	2125
227	1447
228	8351
228	8391
228	5053
228	4816
228	5779
228	4028
228	4043
228	9679
228	6781
228	7640
229	889
229	3565
229	9648
229	7400
229	2788
229	9144
229	1712
229	7526
229	2255
229	1709
230	8253
230	2536
230	2358
230	9246
230	8601
230	2844
230	6659
230	1948
230	6772
230	175
231	3750
231	2518
231	1794
231	6169
231	2564
231	4819
231	8701
231	467
231	6634
231	1806
232	8084
232	4927
232	8899
232	754
232	6385
232	6818
232	4906
232	1283
232	3516
232	4273
233	8793
233	1830
233	6868
233	5386
233	8011
233	3336
233	9176
233	2259
233	9304
233	8207
234	1591
234	6462
234	4904
234	4381
234	9826
234	4231
234	3605
234	6026
234	1383
234	7032
235	7813
235	6302
235	5873
235	7053
235	5470
235	7386
235	1913
235	812
235	5097
235	8701
236	1011
236	2674
236	8648
236	6261
236	8970
236	5287
236	6549
236	3648
236	1625
236	6093
237	530
237	5151
237	5891
237	7930
237	3773
237	8517
237	8632
237	7985
237	146
237	6118
238	6661
238	9720
238	1719
238	115
238	9721
238	5852
238	4035
238	5990
238	9798
238	6043
239	4934
239	3437
239	9981
239	9657
239	918
239	5163
239	3009
239	8153
239	1931
239	8457
240	5647
240	869
240	1520
240	3494
240	4128
240	9657
240	4425
240	6971
240	6117
240	6591
241	1471
241	4682
241	9375
241	1593
241	1400
241	6499
241	3691
241	4101
241	5376
241	533
242	5199
242	2447
242	2554
242	4677
242	4626
242	929
242	8033
242	785
242	6475
242	1372
243	9045
243	2269
243	5571
243	366
243	3465
243	9499
243	8959
243	91
243	7850
243	6854
244	5496
244	1228
244	2825
244	1367
244	7217
244	2294
244	6190
244	7334
244	7157
244	1932
245	7290
245	5241
245	1170
245	1898
245	5831
245	8980
245	1855
245	1939
245	6507
245	5079
246	9178
246	1865
246	3459
246	1589
246	6796
246	5310
246	8787
246	2293
246	2021
246	2540
247	4489
247	7739
247	6678
247	514
247	7076
247	6185
247	3281
247	8100
247	8087
247	7155
248	6356
248	8380
248	7892
248	1724
248	9003
248	2728
248	9598
248	5309
248	3311
248	241
249	5673
249	2684
249	5730
249	6176
249	9689
249	8519
249	6366
249	7418
249	9408
249	9647
250	7573
250	5869
250	9565
250	2422
250	7872
250	6493
250	5374
250	1481
250	8020
250	3827
251	4280
251	5748
251	6730
251	9420
251	739
251	4211
251	1051
251	4174
251	6186
251	3985
252	3495
252	7089
252	1068
252	9167
252	2944
252	6779
252	8700
252	7467
252	6336
252	7975
253	1925
253	3789
253	3051
253	1676
253	5022
253	8202
253	2461
253	574
253	5766
253	9307
254	2614
254	9035
254	8031
254	5456
254	8021
254	2483
254	7318
254	5845
254	4952
254	1600
255	4047
255	2558
255	3579
255	3264
255	8764
255	9991
255	5638
255	1979
255	2672
255	3114
256	9542
256	2759
256	6040
256	5315
256	5964
256	1784
256	4765
256	9964
256	4337
256	1809
257	4082
257	5865
257	333
257	2826
257	8801
257	4154
257	4801
257	4693
257	4142
257	9188
258	2155
258	4302
258	7944
258	1241
258	4466
258	475
258	4670
258	4547
258	8342
258	2493
259	6384
259	2623
259	8919
259	2144
259	9984
259	1463
259	8909
259	2666
259	8758
259	9654
260	4257
260	5020
260	890
260	6997
260	5942
260	8888
260	3824
260	7880
260	7419
260	6069
261	5662
261	3541
261	8284
261	4435
261	9273
261	5714
261	3804
261	1234
261	9009
261	1806
262	9418
262	1176
262	4953
262	43
262	1671
262	9264
262	1961
262	3199
262	6019
262	5067
263	5793
263	2307
263	1006
263	1112
263	2305
263	486
263	6771
263	9354
263	2342
263	8539
264	8885
264	1264
264	7156
264	8634
264	3024
264	1410
264	8629
264	5803
264	8175
264	3236
265	1666
265	6836
265	2285
265	7960
265	3160
265	1289
265	7978
265	484
265	9135
265	9198
266	1458
266	2210
266	4918
266	4195
266	5498
266	3594
266	4464
266	2476
266	8867
266	2535
267	7006
267	330
267	9976
267	8023
267	9677
267	9362
267	5180
267	2777
267	1415
267	8507
268	2574
268	521
268	1788
268	1830
268	4881
268	4928
268	394
268	6786
268	523
268	2443
269	3053
269	9907
269	8515
269	9503
269	1360
269	11
269	6082
269	1112
269	3541
269	6478
270	3801
270	6678
270	5743
270	5497
270	3593
270	5680
270	6422
270	244
270	3962
270	4296
271	783
271	9595
271	6057
271	8619
271	5494
271	8538
271	5765
271	7453
271	3840
271	6786
272	2878
272	3290
272	2457
272	3464
272	4152
272	7395
272	7847
272	3619
272	5453
272	3028
273	3903
273	9998
273	4263
273	9756
273	8564
273	9408
273	4176
273	9394
273	366
273	3023
274	5092
274	3804
274	1077
274	4939
274	8351
274	5399
274	3348
274	564
274	4061
274	8848
275	1516
275	1287
275	8251
275	4004
275	7235
275	3569
275	735
275	6788
275	9127
275	2261
276	6074
276	5840
276	1145
276	1198
276	6343
276	2220
276	6866
276	3809
276	5540
276	3390
277	6217
277	4703
277	9211
277	9720
277	1116
277	7796
277	226
277	852
277	8175
277	539
278	6232
278	1066
278	6960
278	2596
278	2350
278	1108
278	3368
278	2618
278	8074
278	3704
279	5217
279	5601
279	2270
279	2232
279	2322
279	5234
279	701
279	3156
279	3887
279	2223
280	3882
280	7434
280	6018
280	6099
280	1968
280	4472
280	2399
280	1173
280	3028
280	5693
281	806
281	2017
281	5029
281	5263
281	2995
281	9543
281	2011
281	4487
281	8632
281	8552
282	8852
282	9301
282	7249
282	8630
282	4289
282	1509
282	1335
282	3652
282	270
282	1256
283	5069
283	8254
283	3046
283	2626
283	5413
283	9313
283	1717
283	4823
283	7923
283	9792
284	7532
284	5739
284	9881
284	8002
284	7619
284	639
284	3125
284	2414
284	7685
284	400
285	7190
285	9575
285	6562
285	8902
285	850
285	4616
285	2667
285	745
285	2834
285	6573
286	3466
286	321
286	397
286	3600
286	6947
286	8178
286	1034
286	7620
286	403
286	2991
287	5603
287	248
287	2725
287	4985
287	680
287	5514
287	4269
287	9206
287	6051
287	7748
288	4108
288	5195
288	2725
288	5842
288	2353
288	9491
288	9518
288	6831
288	7038
288	8849
289	9615
289	7542
289	4200
289	5446
289	8052
289	3823
289	2664
289	7673
289	8337
289	9198
290	4729
290	2801
290	5136
290	3852
290	9092
290	9562
290	6613
290	2582
290	5566
290	4653
291	1588
291	52
291	5686
291	7855
291	9164
291	1836
291	8146
291	8424
291	6208
291	26
292	8134
292	6568
292	4408
292	8154
292	9407
292	9317
292	7573
292	923
292	1473
292	5234
293	8151
293	7893
293	1011
293	2343
293	445
293	4589
293	8822
293	7253
293	823
293	1386
294	4591
294	828
294	3841
294	9555
294	6530
294	683
294	4172
294	3193
294	8256
294	1676
295	6982
295	5785
295	9095
295	953
295	1187
295	8026
295	7900
295	2481
295	4761
295	5177
296	8241
296	8240
296	5611
296	3219
296	3525
296	7308
296	4895
296	2096
296	4043
296	4480
297	4877
297	2887
297	1927
297	7793
297	4969
297	3999
297	724
297	374
297	8385
297	5622
298	7715
298	6550
298	1056
298	2617
298	1792
298	4254
298	4719
298	6388
298	5089
298	4165
299	3046
299	4283
299	2052
299	959
299	7146
299	6677
299	6463
299	41
299	9324
299	4332
300	8089
300	8059
300	3685
300	6299
300	5789
300	640
300	375
300	2638
300	8190
300	3747
301	3782
301	1928
301	2511
301	8451
301	7066
301	5176
301	7647
301	4470
301	3069
301	441
302	4372
302	1691
302	5416
302	5381
302	889
302	436
302	4760
302	8730
302	9513
302	4962
303	7604
303	928
303	5460
303	1787
303	4576
303	3563
303	8561
303	7992
303	1079
303	579
304	1583
304	8772
304	823
304	7750
304	8620
304	4092
304	4723
304	3264
304	9515
304	5967
305	3953
305	7111
305	5365
305	6525
305	1146
305	5567
305	854
305	5821
305	4843
305	8632
306	8708
306	6789
306	3530
306	6664
306	3856
306	7764
306	1295
306	1998
306	7034
306	7094
307	7798
307	6814
307	9094
307	8192
307	4115
307	9605
307	8866
307	6875
307	200
307	8646
308	1430
308	3102
308	2979
308	933
308	2462
308	3008
308	9032
308	4465
308	9579
308	5231
309	4393
309	679
309	949
309	7481
309	995
309	7085
309	1746
309	7779
309	3175
309	4139
310	918
310	9017
310	1163
310	34
310	4414
310	7615
310	7169
310	2094
310	6973
310	8162
311	9390
311	4010
311	6603
311	3931
311	6698
311	760
311	1424
311	9240
311	2106
311	4017
312	896
312	9344
312	7760
312	6596
312	275
312	6277
312	1193
312	6406
312	7676
312	1730
313	3407
313	4017
313	7973
313	9630
313	5170
313	1964
313	5499
313	4983
313	360
313	3619
314	8336
314	9453
314	6724
314	6534
314	3138
314	4217
314	555
314	1515
314	4387
314	7346
315	3392
315	5993
315	7157
315	3353
315	7422
315	7129
315	5169
315	3460
315	382
315	6736
316	4976
316	1458
316	7456
316	7758
316	9017
316	7449
316	6160
316	8266
316	6577
316	1228
317	3715
317	4853
317	3747
317	9898
317	9797
317	7450
317	7128
317	3484
317	4889
317	3702
318	9842
318	1394
318	8833
318	9614
318	5598
318	9228
318	6411
318	274
318	6817
318	5644
319	6990
319	4251
319	1479
319	6222
319	3619
319	6526
319	4909
319	3221
319	7104
319	979
320	8161
320	9551
320	845
320	3529
320	6410
320	1090
320	9672
320	5565
320	5975
320	9484
321	7834
321	4121
321	4197
321	9196
321	6678
321	8917
321	2574
321	413
321	2236
321	9578
322	5320
322	8339
322	352
322	4496
322	9292
322	5623
322	8655
322	8113
322	5358
322	2737
323	8101
323	7984
323	4737
323	6881
323	2379
323	1607
323	9926
323	789
323	7542
323	7583
324	8680
324	9129
324	7203
324	9329
324	369
324	4755
324	5777
324	7087
324	849
324	1234
325	148
325	4921
325	8944
325	2755
325	5954
325	3539
325	6228
325	4483
325	2399
325	5872
326	9475
326	8803
326	8415
326	395
326	8839
326	6136
326	6517
326	6628
326	2434
326	5097
327	4091
327	3385
327	2915
327	416
327	1928
327	1404
327	437
327	3134
327	4331
327	342
328	8013
328	942
328	9542
328	460
328	4771
328	5417
328	3461
328	5936
328	5269
328	5522
329	3578
329	7764
329	5139
329	452
329	7239
329	9338
329	4610
329	9982
329	8278
329	5884
330	3660
330	8991
330	3649
330	9862
330	5234
330	2461
330	5590
330	7209
330	7064
330	2877
331	2986
331	9710
331	2808
331	7751
331	5819
331	9905
331	5704
331	3540
331	5218
331	3710
332	7849
332	5968
332	968
332	3747
332	8076
332	771
332	1026
332	8900
332	9554
332	400
333	1560
333	5309
333	724
333	9723
333	5784
333	8058
333	9832
333	8737
333	6333
333	1026
334	1668
334	6842
334	342
334	2890
334	9072
334	4467
334	717
334	2501
334	5282
334	880
335	7658
335	4735
335	3621
335	9196
335	336
335	5830
335	4090
335	5898
335	57
335	4077
336	4786
336	4910
336	4275
336	245
336	265
336	5967
336	5085
336	6823
336	9699
336	2824
337	4401
337	2835
337	1850
337	2662
337	1576
337	7685
337	8384
337	3111
337	5109
337	8929
338	7278
338	8199
338	4000
338	6769
338	6389
338	5935
338	8259
338	4351
338	7677
338	7274
339	8665
339	9425
339	8733
339	3669
339	4669
339	363
339	4852
339	4932
339	6416
339	521
340	642
340	7474
340	4678
340	8549
340	3133
340	6020
340	9124
340	7582
340	6083
340	7448
341	1482
341	6511
341	8211
341	9058
341	3712
341	9506
341	3189
341	1218
341	1794
341	4045
342	8754
342	5502
342	8904
342	6989
342	8434
342	9111
342	5076
342	637
342	4741
342	8467
343	5845
343	1237
343	8713
343	1845
343	219
343	2429
343	6381
343	1812
343	7334
343	9214
344	7135
344	9691
344	8956
344	9697
344	916
344	9541
344	2837
344	1124
344	7601
344	3969
345	8182
345	3551
345	7323
345	8905
345	5517
345	9466
345	292
345	201
345	3604
345	3511
346	9895
346	1192
346	3977
346	5097
346	5470
346	2904
346	9154
346	8571
346	1659
346	3014
347	4296
347	3084
347	3666
347	2711
347	937
347	5633
347	560
347	2302
347	3305
347	490
348	2678
348	7759
348	5264
348	4248
348	3021
348	5235
348	1887
348	109
348	716
348	9227
349	4981
349	6272
349	4133
349	6351
349	3035
349	6805
349	8111
349	576
349	3931
349	9681
350	4569
350	4431
350	3276
350	1358
350	1079
350	4124
350	3055
350	3885
350	6241
350	4749
351	1967
351	6276
351	5241
351	8084
351	115
351	964
351	6723
351	8061
351	9636
351	6292
352	1999
352	8699
352	4151
352	798
352	1915
352	457
352	5894
352	9979
352	6082
352	9134
353	5407
353	6378
353	2430
353	9707
353	9959
353	2955
353	3341
353	8195
353	186
353	8187
354	9258
354	3913
354	7347
354	3107
354	7937
354	702
354	1279
354	8890
354	548
354	2130
355	3104
355	6283
355	7664
355	3692
355	7140
355	6155
355	2673
355	5963
355	845
355	5746
356	1099
356	2420
356	4534
356	2659
356	615
356	465
356	3957
356	6241
356	2375
356	1417
357	764
357	2272
357	5606
357	9856
357	612
357	9708
357	1844
357	3767
357	4696
357	2948
358	3129
358	7377
358	1837
358	7159
358	3285
358	1206
358	8558
358	2754
358	1157
358	2762
359	8774
359	6152
359	6713
359	2451
359	6195
359	9308
359	8322
359	1579
359	6357
359	91
360	7770
360	5036
360	651
360	460
360	3168
360	5501
360	152
360	6927
360	9627
360	6425
361	4746
361	8877
361	4685
361	2163
361	2628
361	6282
361	6096
361	1764
361	669
361	4322
362	4661
362	4865
362	4797
362	4005
362	1625
362	3042
362	6444
362	5599
362	4124
362	1846
363	9134
363	1977
363	6801
363	5932
363	9676
363	9919
363	9452
363	9455
363	4544
363	3836
364	7918
364	4416
364	9370
364	2354
364	4253
364	6614
364	8137
364	9241
364	1472
364	2156
365	1018
365	7115
365	9482
365	4582
365	3416
365	5289
365	9942
365	6378
365	3136
365	4389
366	7332
366	494
366	4301
366	3064
366	5990
366	8292
366	9922
366	3109
366	8884
366	4305
367	3255
367	6231
367	9121
367	9957
367	5561
367	17
367	1886
367	16
367	32
367	5377
368	4509
368	7685
368	8307
368	442
368	1069
368	7065
368	3808
368	7889
368	2914
368	7584
369	7768
369	6896
369	4393
369	5205
369	9205
369	6512
369	3955
369	5123
369	7585
369	8821
370	2489
370	3326
370	2059
370	9813
370	2655
370	578
370	6910
370	6782
370	3002
370	8936
371	3191
371	9377
371	5877
371	954
371	6049
371	1611
371	585
371	2278
371	7526
371	4196
372	4188
372	8975
372	7464
372	6097
372	1850
372	939
372	419
372	7799
372	3757
372	1652
373	488
373	9605
373	2647
373	1046
373	2625
373	8708
373	5705
373	2098
373	1526
373	9886
374	5642
374	1971
374	6108
374	6084
374	6981
374	9078
374	9536
374	3945
374	881
374	8840
375	5352
375	4702
375	7275
375	4686
375	6949
375	7674
375	3463
375	176
375	7231
375	7805
376	4315
376	7898
376	9855
376	8346
376	2569
376	8362
376	4361
376	962
376	8830
376	2155
377	5888
377	9944
377	5986
377	1587
377	4752
377	1209
377	7465
377	9969
377	8285
377	6881
378	4579
378	6463
378	7929
378	6520
378	7860
378	5854
378	1322
378	1928
378	759
378	6547
379	8739
379	1301
379	2468
379	7275
379	2443
379	9320
379	6936
379	1607
379	9864
379	3772
380	2426
380	7282
380	4834
380	5092
380	6027
380	6288
380	3493
380	186
380	53
380	2765
381	7912
381	2330
381	2167
381	2659
381	2228
381	1857
381	1055
381	9280
381	2535
381	3503
382	5453
382	7305
382	3000
382	9913
382	834
382	4608
382	796
382	5491
382	2357
382	6959
383	1231
383	1788
383	9057
383	609
383	5444
383	7701
383	6580
383	3383
383	740
383	9886
384	2924
384	7707
384	8106
384	4933
384	5027
384	6846
384	3415
384	1204
384	6868
384	2576
385	7500
385	2959
385	5248
385	990
385	6827
385	667
385	8258
385	3909
385	2292
385	8951
386	8436
386	8954
386	4645
386	4076
386	2807
386	9042
386	8470
386	5200
386	2759
386	9748
387	4301
387	3972
387	5516
387	6884
387	3668
387	7594
387	1025
387	1937
387	8345
387	1566
388	3786
388	2778
388	3988
388	6899
388	8131
388	7960
388	5972
388	3251
388	6044
388	1263
389	2884
389	3691
389	9937
389	9920
389	4060
389	2107
389	1472
389	8283
389	9796
389	8501
390	9967
390	7082
390	6663
390	3872
390	6133
390	6726
390	5998
390	2020
390	4100
390	5775
391	7628
391	5766
391	9190
391	4396
391	2521
391	4710
391	6325
391	731
391	4116
391	6299
392	5167
392	9319
392	1648
392	2846
392	4959
392	9693
392	6198
392	1917
392	2329
392	8699
393	1375
393	8751
393	4171
393	8022
393	3700
393	1546
393	1103
393	5780
393	7756
393	3303
394	4763
394	6955
394	4558
394	5005
394	7858
394	494
394	3431
394	9333
394	5343
394	8134
395	3137
395	194
395	1964
395	6870
395	1268
395	1355
395	9880
395	9077
395	247
395	3967
396	7426
396	7657
396	9808
396	7992
396	5232
396	5220
396	570
396	8457
396	6897
396	7181
397	5793
397	4224
397	2183
397	5893
397	9410
397	2022
397	2063
397	5599
397	1477
397	2887
398	9129
398	1593
398	8255
398	1516
398	2928
398	6726
398	2560
398	4901
398	5193
398	9469
399	4849
399	4827
399	1282
399	7431
399	586
399	7749
399	2175
399	5122
399	1958
399	2588
400	8504
400	8684
400	6775
400	8445
400	9961
400	9334
400	7288
400	1513
400	2376
400	772
401	2628
401	5071
401	1865
401	7192
401	2295
401	7624
401	2767
401	9247
401	9406
401	4578
402	9991
402	5434
402	1696
402	5477
402	6860
402	18
402	8066
402	8973
402	6196
402	1525
403	3467
403	1136
403	5701
403	4378
403	9680
403	2979
403	6767
403	5380
403	8528
403	3330
404	7012
404	7575
404	682
404	4215
404	974
404	7631
404	1748
404	8975
404	2253
404	9771
405	3236
405	9289
405	8731
405	8835
405	9530
405	8023
405	48
405	3500
405	6223
405	2602
406	7800
406	7211
406	2918
406	8102
406	9596
406	3418
406	1973
406	5988
406	2695
406	7005
407	3788
407	1488
407	85
407	7762
407	2088
407	5776
407	1487
407	3951
407	4664
407	8808
408	5700
408	7160
408	7485
408	446
408	7665
408	6065
408	7456
408	8285
408	5347
408	9287
409	2376
409	2524
409	740
409	8614
409	6340
409	9217
409	5886
409	532
409	9011
409	1302
410	6975
410	3677
410	5746
410	494
410	1339
410	5189
410	3667
410	6040
410	1869
410	5097
411	2245
411	964
411	9672
411	6253
411	5512
411	2889
411	3019
411	1724
411	5590
411	248
412	7275
412	3781
412	3052
412	1366
412	3274
412	3095
412	6199
412	5167
412	7701
412	1484
413	4962
413	721
413	7404
413	8012
413	5817
413	1459
413	7728
413	1642
413	4288
413	1049
414	4881
414	9846
414	5623
414	8696
414	1561
414	2803
414	5391
414	3285
414	3662
414	1986
415	7519
415	4959
415	7243
415	1236
415	9621
415	5226
415	3339
415	1433
415	6808
415	8353
416	550
416	829
416	4845
416	4680
416	4791
416	6861
416	6530
416	1262
416	9750
416	6809
417	1168
417	6747
417	4022
417	6614
417	9795
417	5577
417	7170
417	3726
417	8190
417	1032
418	833
418	5035
418	6755
418	4430
418	8950
418	4783
418	6551
418	9257
418	8822
418	4766
419	6047
419	275
419	7472
419	743
419	5500
419	9528
419	8051
419	6188
419	1519
419	4423
420	848
420	123
420	4859
420	4882
420	2574
420	1882
420	3893
420	483
420	7875
420	9749
421	320
421	467
421	5902
421	123
421	7270
421	8781
421	8612
421	2662
421	394
421	6867
422	1662
422	6583
422	9117
422	8081
422	1590
422	5632
422	6327
422	4417
422	8243
422	6396
423	2321
423	4927
423	7562
423	8739
423	9486
423	8605
423	8451
423	853
423	8798
423	9803
424	9153
424	812
424	9818
424	7783
424	2173
424	6150
424	119
424	9517
424	2697
424	9224
425	4422
425	2364
425	8013
425	1842
425	5030
425	7068
425	115
425	5377
425	3680
425	6203
426	4507
426	1326
426	6707
426	7563
426	992
426	9642
426	8648
426	1261
426	549
426	7243
427	7856
427	4074
427	5540
427	2797
427	1709
427	9499
427	6250
427	7577
427	2033
427	7301
428	2058
428	4479
428	9055
428	8213
428	1798
428	2983
428	5464
428	6298
428	6722
428	8438
429	7746
429	8597
429	7130
429	2181
429	9765
429	5103
429	311
429	8683
429	3741
429	4004
430	3244
430	7532
430	7900
430	9933
430	5727
430	4825
430	5117
430	317
430	2121
430	1487
431	3431
431	683
431	3882
431	1633
431	3971
431	1939
431	1328
431	4314
431	8979
431	1677
432	7282
432	4555
432	9511
432	7743
432	2097
432	5754
432	8344
432	4444
432	8603
432	9872
433	5313
433	2232
433	2404
433	4216
433	3463
433	2848
433	3707
433	1896
433	611
433	6717
434	5476
434	9284
434	1216
434	965
434	712
434	6442
434	1004
434	8386
434	7994
434	777
435	9583
435	7322
435	3266
435	5195
435	7128
435	6022
435	967
435	1111
435	6205
435	6637
436	7573
436	3360
436	2457
436	7392
436	7245
436	8981
436	1780
436	2560
436	61
436	6517
437	4011
437	3715
437	2247
437	3628
437	6811
437	9681
437	2194
437	339
437	9976
437	2843
438	5024
438	2868
438	5804
438	1363
438	5558
438	1169
438	5715
438	885
438	9003
438	861
439	7648
439	9932
439	7944
439	1206
439	7562
439	7530
439	239
439	9851
439	9861
439	2784
440	5995
440	5953
440	1021
440	77
440	5303
440	8052
440	7943
440	9722
440	3242
440	564
441	9831
441	3435
441	7574
441	6500
441	184
441	9079
441	5338
441	5755
441	992
441	9336
442	6469
442	5182
442	4501
442	1058
442	1593
442	9433
442	5005
442	6471
442	2037
442	1502
443	9797
443	8352
443	6929
443	5847
443	749
443	5561
443	3205
443	9445
443	8696
443	4929
444	3707
444	5315
444	233
444	8576
444	4941
444	6825
444	4776
444	5553
444	8002
444	8584
445	4358
445	8762
445	5862
445	1071
445	6686
445	5724
445	4662
445	9746
445	2184
445	5089
446	6184
446	905
446	5679
446	2136
446	4059
446	1583
446	8761
446	2585
446	9292
446	1778
447	7180
447	9907
447	7594
447	2202
447	6278
447	5120
447	8362
447	4403
447	972
447	7213
448	6304
448	1146
448	373
448	4254
448	1559
448	3573
448	2794
448	4956
448	7437
448	9947
449	7002
449	5239
449	9209
449	3428
449	4147
449	5859
449	1470
449	9835
449	9531
449	1238
450	7901
450	1624
450	8397
450	2078
450	3665
450	8636
450	9581
450	19
450	2151
450	994
451	8130
451	7312
451	8115
451	456
451	7351
451	4403
451	640
451	8619
451	68
451	7658
452	1909
452	5377
452	2889
452	6791
452	5394
452	9482
452	2064
452	6775
452	8445
452	8614
453	4516
453	4704
453	4805
453	5726
453	1403
453	6483
453	6010
453	3356
453	3117
453	22
454	1642
454	1492
454	9650
454	7989
454	1022
454	7741
454	2675
454	806
454	5473
454	6385
455	4850
455	4451
455	3822
455	1384
455	3623
455	296
455	2411
455	468
455	2618
455	8089
456	9516
456	6880
456	6780
456	6029
456	8978
456	5140
456	5020
456	3088
456	8723
456	7052
457	1684
457	7591
457	484
457	5825
457	9983
457	8432
457	824
457	3994
457	2060
457	3808
458	5281
458	3322
458	4007
458	4840
458	2556
458	8244
458	8132
458	1751
458	3542
458	8865
459	8072
459	841
459	6042
459	3541
459	1097
459	2794
459	4838
459	692
459	40
459	5793
460	1347
460	5835
460	759
460	3337
460	7100
460	3913
460	3693
460	1580
460	5886
460	8755
461	4889
461	919
461	2051
461	7234
461	1627
461	4300
461	7212
461	2044
461	3998
461	9441
462	6442
462	4346
462	59
462	8921
462	9077
462	6155
462	8791
462	3949
462	7355
462	2326
463	7956
463	3662
463	3261
463	2045
463	7893
463	4610
463	3661
463	9064
463	1468
463	8344
464	5634
464	6826
464	818
464	8664
464	1976
464	843
464	7580
464	6385
464	3870
464	2786
465	1027
465	7385
465	9195
465	3417
465	69
465	3969
465	2071
465	7714
465	1369
465	5675
466	9930
466	7805
466	6820
466	1876
466	235
466	2242
466	4643
466	2189
466	394
466	9729
467	4188
467	9786
467	2247
467	9589
467	4981
467	7396
467	2357
467	6550
467	8047
467	8544
468	464
468	2614
468	8001
468	3065
468	8075
468	3538
468	5194
468	5658
468	3301
468	922
469	7293
469	7514
469	7756
469	7196
469	2220
469	4743
469	4484
469	7063
469	4798
469	3153
470	4450
470	4957
470	9038
470	1041
470	9340
470	8286
470	2388
470	9094
470	9325
470	8766
471	1072
471	6003
471	7562
471	1312
471	6839
471	7863
471	3415
471	1395
471	6199
471	7493
472	8269
472	7226
472	901
472	2003
472	9335
472	6683
472	2378
472	7512
472	1030
472	2249
473	1965
473	8334
473	1299
473	6962
473	1777
473	2248
473	1729
473	1264
473	9993
473	1203
474	7294
474	9068
474	2615
474	4527
474	9583
474	9355
474	8928
474	787
474	368
474	3272
475	5688
475	7069
475	1571
475	2224
475	9685
475	1088
475	4251
475	2599
475	762
475	3562
476	9155
476	5647
476	6702
476	8391
476	3384
476	7690
476	3355
476	3473
476	259
476	6751
477	469
477	1519
477	6563
477	2519
477	251
477	5750
477	9441
477	5631
477	4038
477	3044
478	3280
478	8661
478	4587
478	9939
478	9202
478	4743
478	4304
478	3232
478	4229
478	3465
479	9012
479	5664
479	2764
479	9119
479	9539
479	432
479	4215
479	611
479	5087
479	1856
480	650
480	9539
480	4059
480	3963
480	1093
480	1639
480	3127
480	2326
480	7660
480	4472
481	3098
481	5953
481	17
481	2832
481	9890
481	9513
481	3980
481	3800
481	9538
481	5305
482	1640
482	6213
482	9896
482	9335
482	4651
482	4048
482	6431
482	2722
482	3687
482	454
483	3978
483	6011
483	1922
483	7112
483	2226
483	8962
483	4835
483	8485
483	9924
483	9060
484	577
484	2815
484	9137
484	9055
484	9767
484	3866
484	4798
484	2023
484	9428
484	7203
485	5115
485	1743
485	4803
485	346
485	9416
485	6495
485	8492
485	7439
485	7720
485	2920
486	1397
486	3734
486	4565
486	3327
486	122
486	3168
486	1306
486	2934
486	8577
486	2817
487	9587
487	9833
487	7871
487	7719
487	2307
487	4843
487	8301
487	7601
487	8601
487	8620
488	3528
488	4525
488	1644
488	9592
488	4906
488	4411
488	8992
488	3416
488	4725
488	5050
489	6103
489	7084
489	8074
489	8997
489	3034
489	5833
489	2398
489	8257
489	8117
489	8497
490	5547
490	2568
490	6301
490	7187
490	1424
490	1957
490	284
490	5193
490	9687
490	3765
491	7146
491	7967
491	9895
491	8984
491	5924
491	9175
491	4402
491	1483
491	8982
491	818
492	7010
492	7865
492	7880
492	2725
492	6416
492	8378
492	5866
492	4884
492	2710
492	446
493	2519
493	2903
493	2981
493	2786
493	9280
493	8471
493	3635
493	4786
493	1454
493	7407
494	97
494	8993
494	3274
494	7346
494	1270
494	7534
494	2682
494	5828
494	6051
494	7227
495	4685
495	1869
495	8833
495	7724
495	9057
495	58
495	9248
495	9819
495	6958
495	5298
496	3087
496	9812
496	4443
496	5590
496	8969
496	8434
496	9658
496	760
496	3896
496	7988
497	5643
497	4718
497	8089
497	2611
497	7259
497	3797
497	3418
497	7168
497	3781
497	6913
498	5735
498	9853
498	4429
498	7638
498	7756
498	2896
498	3885
498	8952
498	5488
498	5910
499	4171
499	7117
499	7155
499	8139
499	4193
499	9955
499	4332
499	6270
499	7183
499	6448
500	6570
500	6925
500	9463
500	2363
500	8566
500	8977
500	7123
500	9184
500	3839
500	2492
501	3182
501	1513
501	5837
501	2020
501	254
501	8624
501	864
501	4515
501	481
501	2883
502	8113
502	1725
502	7556
502	324
502	2708
502	5355
502	208
502	876
502	6410
502	5163
503	7763
503	8044
503	3934
503	9679
503	1749
503	559
503	9809
503	3931
503	7788
503	6100
504	5922
504	7858
504	1800
504	6791
504	7007
504	7911
504	3673
504	3280
504	2594
504	8054
505	7965
505	4479
505	3805
505	9626
505	951
505	1499
505	3954
505	900
505	3070
505	5420
506	8281
506	6515
506	1667
506	3724
506	179
506	9601
506	4310
506	527
506	5462
506	3952
507	7901
507	7458
507	3213
507	8350
507	2910
507	4116
507	1391
507	1687
507	569
507	1797
508	1379
508	714
508	8888
508	482
508	3210
508	4314
508	9649
508	7313
508	5370
508	2412
509	7573
509	9084
509	3803
509	7291
509	8817
509	3253
509	7045
509	8667
509	4067
509	310
510	1698
510	2102
510	1350
510	8314
510	3651
510	3024
510	9196
510	4144
510	4652
510	126
511	6076
511	7098
511	7414
511	4236
511	161
511	8064
511	6543
511	4322
511	2036
511	6637
512	5343
512	6672
512	5192
512	1121
512	8603
512	5840
512	6410
512	3587
512	5801
512	109
513	7889
513	4915
513	8386
513	2409
513	7507
513	9553
513	4154
513	6608
513	288
513	4060
514	5232
514	9788
514	8531
514	7057
514	8869
514	6965
514	8524
514	6041
514	9029
514	1720
515	8060
515	8062
515	9906
515	4144
515	4881
515	7030
515	9759
515	7863
515	1285
515	5819
516	2555
516	9391
516	1937
516	6478
516	3630
516	2087
516	406
516	2237
516	9131
516	4955
517	6027
517	207
517	8122
517	2798
517	745
517	8982
517	7675
517	1105
517	7386
517	3818
518	322
518	8264
518	3835
518	7637
518	8327
518	286
518	9334
518	9889
518	3034
518	8604
519	8552
519	3029
519	3664
519	1113
519	3078
519	4709
519	8592
519	9764
519	8104
519	7541
520	6836
520	9240
520	9481
520	7840
520	6734
520	7560
520	8708
520	5998
520	3275
520	1366
521	9048
521	8647
521	4056
521	9595
521	1677
521	1136
521	4710
521	4066
521	2471
521	9000
522	7151
522	9948
522	5787
522	7033
522	3923
522	2822
522	4974
522	110
522	2265
522	5223
523	7657
523	5140
523	8296
523	7336
523	1091
523	7032
523	9414
523	348
523	9067
523	9569
524	6669
524	7350
524	7318
524	8449
524	4642
524	5142
524	3412
524	4395
524	6845
524	3810
525	9124
525	8515
525	7029
525	5966
525	4605
525	172
525	4558
525	7801
525	8825
525	2245
526	1231
526	1261
526	4579
526	314
526	2537
526	1120
526	4887
526	5690
526	8572
526	2919
527	8264
527	1548
527	6207
527	3689
527	8123
527	5457
527	4738
527	2310
527	7407
527	4203
528	960
528	9516
528	9859
528	9604
528	9635
528	6877
528	7856
528	6217
528	1126
528	9312
529	9348
529	2945
529	8547
529	4786
529	9035
529	1046
529	9820
529	6031
529	8099
529	762
530	5613
530	7657
530	3758
530	3367
530	8486
530	2216
530	9803
530	9032
530	4378
530	4186
531	9525
531	7708
531	3966
531	7638
531	704
531	5766
531	9037
531	9514
531	6857
531	2444
532	4146
532	3126
532	1940
532	6372
532	444
532	8606
532	7446
532	6596
532	2295
532	9968
533	6141
533	5353
533	4688
533	5700
533	3999
533	3202
533	7095
533	6584
533	2923
533	1459
534	1794
534	2548
534	4936
534	6314
534	6037
534	6201
534	4031
534	5484
534	4962
534	5928
535	3980
535	2631
535	2583
535	6556
535	1530
535	4755
535	5796
535	4321
535	2892
535	7011
536	3390
536	1710
536	8123
536	4423
536	6288
536	7421
536	6768
536	2761
536	9714
536	7513
537	1132
537	454
537	5970
537	9283
537	5374
537	6553
537	5889
537	122
537	8001
537	1219
538	6927
538	160
538	7946
538	857
538	1323
538	2419
538	5231
538	3851
538	2545
538	6773
539	9451
539	7357
539	3976
539	4452
539	8646
539	5080
539	5448
539	5708
539	5299
539	3978
540	998
540	8766
540	1306
540	5396
540	8115
540	1513
540	823
540	2904
540	6170
540	4980
541	3819
541	2985
541	6869
541	4700
541	1872
541	6100
541	427
541	8593
541	2613
541	1543
542	7942
542	1301
542	8731
542	2295
542	8037
542	2615
542	4868
542	7151
542	8438
542	8294
543	8574
543	5060
543	6129
543	4622
543	453
543	575
543	6381
543	3146
543	1735
543	7080
544	8653
544	8841
544	2534
544	1216
544	7463
544	4306
544	7139
544	8919
544	2212
544	4382
545	9852
545	2429
545	7823
545	1706
545	2815
545	7486
545	7260
545	8726
545	688
545	126
546	4816
546	9341
546	1848
546	6397
546	7849
546	5285
546	4689
546	3932
546	5168
546	8530
547	4758
547	5546
547	6429
547	7658
547	30
547	5992
547	990
547	602
547	6322
547	4966
548	8917
548	803
548	8837
548	1715
548	9470
548	7148
548	6701
548	1593
548	5624
548	7363
549	3408
549	8021
549	8019
549	7012
549	3814
549	8619
549	902
549	3971
549	2721
549	7806
550	9989
550	5421
550	8421
550	8380
550	6350
550	6235
550	6482
550	7375
550	417
550	7679
551	2770
551	4447
551	9121
551	2456
551	1348
551	8305
551	7471
551	1297
551	743
551	8032
552	4713
552	8371
552	797
552	6746
552	2932
552	5180
552	3232
552	8179
552	8449
552	630
553	6391
553	2953
553	7758
553	1781
553	2981
553	8328
553	2822
553	7536
553	3453
553	2716
554	7494
554	4372
554	8090
554	3053
554	2745
554	5192
554	674
554	979
554	3466
554	4122
555	6935
555	7477
555	2347
555	1954
555	8894
555	7632
555	5049
555	1142
555	4642
555	1403
556	9837
556	924
556	1917
556	3007
556	4871
556	2872
556	561
556	2959
556	1229
556	5979
557	9253
557	1822
557	632
557	6254
557	6771
557	2014
557	3767
557	4225
557	1339
557	6308
558	3389
558	6395
558	7879
558	160
558	2824
558	5244
558	582
558	2634
558	6148
558	3656
559	7179
559	4390
559	2603
559	1249
559	7490
559	1300
559	4222
559	2043
559	9274
559	1392
560	9421
560	9260
560	7321
560	8237
560	7670
560	102
560	7566
560	6746
560	7308
560	2937
561	5486
561	9627
561	7179
561	2283
561	4449
561	7185
561	8114
561	5671
561	468
561	4873
562	9851
562	7580
562	9145
562	8619
562	3594
562	2761
562	7183
562	3542
562	4501
562	5942
563	4735
563	9045
563	1352
563	5252
563	905
563	2300
563	1036
563	4606
563	7580
563	393
564	4866
564	7820
564	3351
564	238
564	5884
564	7391
564	7145
564	827
564	3504
564	468
565	9931
565	9902
565	8853
565	8883
565	1152
565	8025
565	9186
565	7190
565	8566
565	1419
566	4988
566	2105
566	3655
566	9110
566	2553
566	9349
566	7916
566	4306
566	6010
566	7856
567	9592
567	4524
567	3157
567	9948
567	7122
567	4232
567	6137
567	3343
567	9738
567	8286
568	6168
568	8696
568	4910
568	5228
568	5877
568	71
568	4366
568	5769
568	2261
568	2103
569	2898
569	1547
569	6344
569	8697
569	8709
569	8063
569	5579
569	6134
569	5250
569	857
570	3968
570	1816
570	6235
570	5295
570	4883
570	9443
570	135
570	7067
570	5027
570	6229
571	9146
571	3467
571	7423
571	1317
571	4884
571	7754
571	937
571	4665
571	400
571	5543
572	1563
572	1293
572	1285
572	1416
572	7622
572	2778
572	8694
572	5847
572	1495
572	4781
573	2005
573	8307
573	1186
573	3521
573	7809
573	9277
573	2800
573	9782
573	2341
573	9599
574	1337
574	6430
574	7081
574	6545
574	4734
574	799
574	6553
574	1905
574	1963
574	1176
575	1691
575	7760
575	6900
575	3598
575	3874
575	9748
575	9429
575	9581
575	3542
575	6540
576	2431
576	5734
576	2301
576	9152
576	6093
576	202
576	9844
576	7853
576	1243
576	1395
577	6936
577	5781
577	952
577	9636
577	7221
577	3227
577	6329
577	7511
577	2366
577	238
578	8424
578	5842
578	1143
578	5176
578	2260
578	6523
578	8328
578	8814
578	9591
578	3487
579	8096
579	9557
579	5104
579	6432
579	857
579	7887
579	9771
579	7354
579	2357
579	2832
580	6548
580	4766
580	601
580	1556
580	7059
580	3622
580	6727
580	1189
580	7475
580	2977
581	3060
581	7919
581	2920
581	8959
581	4165
581	2342
581	9403
581	3590
581	25
581	9898
582	3145
582	3922
582	9801
582	453
582	8884
582	2173
582	4940
582	3483
582	5078
582	9830
583	9195
583	8293
583	4365
583	9061
583	3829
583	6551
583	3907
583	7952
583	1386
583	4163
584	941
584	4664
584	9521
584	7656
584	1414
584	2399
584	4574
584	2397
584	7397
584	8254
585	9633
585	93
585	6938
585	6280
585	6999
585	5915
585	2959
585	5064
585	1100
585	3988
586	7868
586	283
586	81
586	7345
586	9988
586	7891
586	5225
586	3795
586	7665
586	3275
587	8185
587	7448
587	5789
587	5576
587	1856
587	5767
587	2314
587	2111
587	5756
587	2836
588	6866
588	7000
588	1862
588	4785
588	511
588	4124
588	7828
588	8152
588	680
588	9803
589	8588
589	1959
589	6090
589	7719
589	173
589	7785
589	9741
589	9010
589	7478
589	8748
590	6005
590	8645
590	4916
590	3887
590	3114
590	1018
590	8210
590	9457
590	5106
590	3627
591	5997
591	8127
591	33
591	5235
591	3422
591	2901
591	6491
591	8159
591	7692
591	5675
592	1824
592	6397
592	5384
592	1504
592	8865
592	7262
592	2647
592	8280
592	8301
592	4288
593	7121
593	4258
593	7741
593	1169
593	3476
593	609
593	3802
593	6180
593	9700
593	3708
594	9734
594	7953
594	2667
594	3619
594	9615
594	1491
594	1088
594	934
594	4773
594	2128
595	428
595	7971
595	4813
595	8251
595	5019
595	5005
595	2509
595	2848
595	8546
595	1536
596	5001
596	4506
596	8482
596	4589
596	4922
596	1652
596	2836
596	4682
596	4243
596	9348
597	5287
597	6058
597	2434
597	985
597	1420
597	6331
597	7557
597	3476
597	2022
597	8415
598	550
598	4478
598	5912
598	1348
598	8759
598	1437
598	387
598	8724
598	9886
598	5619
599	2426
599	8056
599	8316
599	1005
599	8317
599	1346
599	2442
599	8930
599	3088
599	7536
600	595
600	3913
600	9239
600	4833
600	8801
600	849
600	9810
600	3265
600	1306
600	9595
601	5253
601	1495
601	1484
601	1007
601	5151
601	2985
601	6791
601	5461
601	9413
601	2788
602	9591
602	1213
602	140
602	1104
602	9894
602	2078
602	8431
602	5978
602	3085
602	9806
603	2545
603	2249
603	3746
603	7169
603	3469
603	1398
603	9180
603	3672
603	245
603	5824
604	127
604	6871
604	9431
604	2070
604	1879
604	4399
604	3739
604	8522
604	7751
604	935
605	1794
605	1923
605	6610
605	2106
605	1252
605	8690
605	8642
605	1529
605	911
605	4617
606	7377
606	8605
606	8920
606	7323
606	6552
606	5492
606	5735
606	8239
606	3427
606	3927
607	6017
607	685
607	3471
607	471
607	3149
607	5722
607	6891
607	7902
607	7176
607	3618
608	7724
608	3536
608	9528
608	4185
608	6706
608	7321
608	4130
608	1380
608	7439
608	3445
609	4142
609	1775
609	4764
609	448
609	5539
609	461
609	3245
609	5634
609	9443
609	6277
610	663
610	3572
610	3902
610	4319
610	2965
610	2533
610	174
610	2176
610	583
610	3076
611	118
611	5134
611	9290
611	8331
611	6222
611	2916
611	1255
611	284
611	927
611	447
612	5515
612	3003
612	7022
612	5351
612	103
612	5267
612	5740
612	2094
612	230
612	9340
613	3446
613	6737
613	5220
613	973
613	2865
613	9959
613	5499
613	1844
613	4926
613	7201
614	5176
614	3612
614	4033
614	1569
614	2052
614	5202
614	5818
614	1099
614	9514
614	3720
615	8650
615	797
615	6621
615	8922
615	1801
615	7969
615	4560
615	2928
615	8584
615	3967
616	643
616	249
616	1490
616	624
616	3405
616	4903
616	378
616	4881
616	5161
616	8839
617	8165
617	7998
617	1451
617	8622
617	33
617	6462
617	4065
617	2869
617	5721
617	5256
618	771
618	6568
618	35
618	7010
618	7852
618	2165
618	1010
618	4310
618	4810
618	1548
619	6663
619	6998
619	9473
619	2071
619	8228
619	6176
619	9119
619	5531
619	6670
619	7210
620	4190
620	8692
620	1298
620	4293
620	8927
620	2836
620	5829
620	9612
620	3212
620	2128
621	7917
621	5828
621	8151
621	7298
621	9287
621	9469
621	6345
621	5127
621	6071
621	6001
622	3710
622	1117
622	9339
622	2242
622	5103
622	3564
622	2528
622	343
622	1421
622	4881
623	4314
623	5450
623	9378
623	7180
623	1532
623	1972
623	7150
623	6225
623	7584
623	5208
624	1512
624	8153
624	3182
624	2280
624	6686
624	852
624	4787
624	8165
624	9570
624	9403
625	3491
625	5281
625	6538
625	1489
625	6676
625	1002
625	8014
625	1724
625	2339
625	6107
626	1560
626	3988
626	1340
626	761
626	8797
626	3374
626	5516
626	5831
626	1257
626	2089
627	7044
627	2581
627	7260
627	801
627	1299
627	5503
627	8109
627	2926
627	8294
627	4050
628	6726
628	4302
628	9526
628	908
628	3789
628	7482
628	5165
628	5435
628	1386
628	7080
629	4849
629	8283
629	1568
629	4571
629	9102
629	868
629	5627
629	4026
629	5815
629	8618
630	1677
630	3781
630	5202
630	2710
630	9186
630	6250
630	7599
630	609
630	6368
630	8835
631	4451
631	3412
631	9060
631	3802
631	1671
631	1648
631	1216
631	7669
631	4810
631	9661
632	4399
632	6242
632	1387
632	6408
632	9732
632	5694
632	5611
632	1486
632	5396
632	1033
633	3782
633	9828
633	5897
633	4228
633	10
633	1288
633	3373
633	8654
633	1635
633	2701
634	6059
634	2591
634	7663
634	2998
634	5806
634	2413
634	4802
634	3890
634	5984
634	9819
635	302
635	476
635	5901
635	553
635	8545
635	6149
635	4563
635	9136
635	9664
635	2043
636	7926
636	8801
636	6119
636	6386
636	4129
636	4503
636	4771
636	3724
636	5387
636	1437
637	8071
637	1918
637	8307
637	8146
637	9799
637	3213
637	6650
637	3382
637	8362
637	661
638	287
638	8521
638	528
638	1892
638	7476
638	1978
638	702
638	5660
638	7786
638	1273
639	3576
639	8790
639	1269
639	501
639	1991
639	119
639	3697
639	2237
639	9047
639	3305
640	59
640	4012
640	254
640	2437
640	7398
640	6455
640	8515
640	5203
640	1327
640	9172
641	5420
641	553
641	9766
641	575
641	6928
641	9388
641	7221
641	9368
641	614
641	416
642	3672
642	7330
642	4820
642	7905
642	7801
642	6875
642	3674
642	109
642	7235
642	1381
643	7075
643	1510
643	1652
643	203
643	1839
643	5241
643	4977
643	3381
643	3564
643	2054
644	691
644	1866
644	4698
644	6574
644	9019
644	6881
644	1252
644	8828
644	8688
644	7806
645	8524
645	1114
645	5580
645	2576
645	490
645	4024
645	3105
645	3043
645	5760
645	2693
646	2538
646	6133
646	2620
646	7839
646	3530
646	8109
646	326
646	1979
646	6996
646	8737
647	9006
647	7017
647	1495
647	7271
647	6751
647	3819
647	1759
647	5245
647	564
647	952
648	312
648	4760
648	1022
648	5267
648	6536
648	9683
648	6780
648	1068
648	9128
648	7827
649	8088
649	5594
649	585
649	7568
649	2671
649	1096
649	3768
649	473
649	2626
649	381
650	5648
650	366
650	7717
650	6189
650	1856
650	6333
650	1933
650	3630
650	3928
650	9434
651	5853
651	6686
651	7045
651	1150
651	1563
651	7696
651	6937
651	7526
651	4248
651	9098
652	7603
652	5189
652	6590
652	8512
652	7765
652	983
652	6368
652	3165
652	7182
652	2259
653	246
653	4449
653	3273
653	6343
653	9900
653	7821
653	7449
653	6043
653	2618
653	6388
654	8223
654	9225
654	8215
654	2918
654	9311
654	3396
654	7017
654	8866
654	9553
654	3380
655	6059
655	454
655	4198
655	9225
655	8034
655	4277
655	7371
655	4813
655	3851
655	2708
656	8243
656	4755
656	2076
656	7455
656	6097
656	7482
656	1374
656	8008
656	6553
656	455
657	7387
657	7856
657	6569
657	5513
657	8727
657	1482
657	2717
657	5536
657	2930
657	8452
658	6711
658	8087
658	6713
658	8259
658	4108
658	9711
658	0
658	796
658	3343
658	8121
659	8819
659	4097
659	9545
659	2069
659	7585
659	8768
659	5749
659	8315
659	2229
659	1853
660	9717
660	7492
660	3225
660	6219
660	6768
660	9568
660	84
660	4338
660	6
660	8722
661	8950
661	8287
661	9409
661	365
661	4631
661	7607
661	8075
661	5288
661	8995
661	9419
662	2145
662	9681
662	7587
662	7222
662	316
662	6069
662	9024
662	9079
662	4405
662	3696
663	5624
663	1227
663	6902
663	8814
663	426
663	6452
663	8373
663	4763
663	2702
663	1240
664	7257
664	5375
664	5126
664	9077
664	3125
664	8904
664	5146
664	9684
664	9355
664	6843
665	5671
665	2923
665	8131
665	5900
665	9121
665	4131
665	6905
665	6763
665	8268
665	8754
666	6571
666	4992
666	4204
666	7869
666	7262
666	6344
666	1143
666	1586
666	1559
666	8719
667	8347
667	4577
667	6839
667	1644
667	2737
667	9033
667	4882
667	4128
667	2417
667	4594
668	7436
668	9267
668	6100
668	635
668	8756
668	2849
668	6403
668	6511
668	7011
668	1426
669	3386
669	146
669	699
669	1067
669	8566
669	3669
669	2132
669	7189
669	5678
669	4771
670	2938
670	1304
670	9962
670	8789
670	4351
670	8792
670	8379
670	2911
670	7749
670	6207
671	9416
671	8248
671	7703
671	4944
671	4456
671	1847
671	7979
671	1337
671	1199
671	7416
672	841
672	1347
672	3845
672	4739
672	8984
672	8048
672	7677
672	8234
672	3354
672	2518
673	5748
673	4121
673	9046
673	5934
673	2615
673	5623
673	7679
673	2157
673	7245
673	4423
674	9479
674	743
674	4018
674	4931
674	1734
674	9355
674	1076
674	901
674	8707
674	4030
675	5326
675	3788
675	7191
675	480
675	3865
675	7991
675	6372
675	6056
675	3601
675	627
676	5787
676	4252
676	2943
676	5943
676	8641
676	6253
676	3333
676	4992
676	215
676	7773
677	7685
677	817
677	2998
677	5732
677	8488
677	1943
677	9450
677	9396
677	2360
677	2039
678	7423
678	1733
678	3489
678	1930
678	6270
678	4976
678	6830
678	6761
678	2846
678	3454
679	9592
679	4957
679	8962
679	973
679	9982
679	2138
679	1115
679	7064
679	3382
679	2174
680	8885
680	9692
680	7928
680	1856
680	7516
680	474
680	4410
680	6128
680	9604
680	7413
681	8101
681	4925
681	6225
681	1099
681	8443
681	6368
681	3277
681	513
681	8113
681	4530
682	2477
682	6770
682	2086
682	8459
682	1845
682	5900
682	7316
682	212
682	3852
682	3943
683	8886
683	631
683	4408
683	8189
683	4956
683	8279
683	6274
683	6944
683	9010
683	1674
684	7107
684	3402
684	4552
684	5416
684	3248
684	7580
684	3894
684	5349
684	6959
684	4378
685	8260
685	1938
685	8741
685	4279
685	5298
685	4834
685	6391
685	8492
685	112
685	9239
686	616
686	7786
686	9731
686	7480
686	9617
686	2178
686	6272
686	7684
686	2285
686	5114
687	5780
687	282
687	9925
687	1751
687	953
687	3938
687	6059
687	1133
687	5797
687	5731
688	2670
688	1439
688	3744
688	9357
688	8729
688	4884
688	5058
688	9099
688	8052
688	9410
689	3467
689	7763
689	9230
689	4586
689	246
689	5411
689	4502
689	5048
689	4175
689	3011
690	2202
690	9900
690	186
690	1070
690	2253
690	310
690	9856
690	3553
690	9015
690	4667
691	8290
691	6662
691	4139
691	9283
691	8046
691	9791
691	7630
691	5548
691	8335
691	8392
692	4942
692	1640
692	4923
692	1164
692	2565
692	8530
692	7001
692	66
692	9809
692	7132
693	4643
693	1970
693	5602
693	7907
693	3516
693	4255
693	7071
693	8949
693	8934
693	5508
694	7119
694	9112
694	819
694	9218
694	8757
694	5954
694	7983
694	7495
694	286
694	4426
695	7288
695	4317
695	1260
695	4310
695	5983
695	447
695	6299
695	1555
695	9711
695	4881
696	5193
696	4448
696	9005
696	4779
696	4724
696	531
696	4982
696	7875
696	8714
696	684
697	3826
697	926
697	3019
697	3846
697	4316
697	5903
697	8402
697	8327
697	1973
697	4503
698	8616
698	8847
698	5373
698	3586
698	1161
698	4196
698	9010
698	9338
698	1399
698	9291
699	3704
699	1153
699	7866
699	9939
699	8634
699	6688
699	1615
699	6650
699	8789
699	9495
700	8695
700	9903
700	6973
700	8491
700	1170
700	4288
700	336
700	6191
700	142
700	2966
701	1755
701	5265
701	2453
701	1761
701	6597
701	2415
701	9237
701	3432
701	7065
701	490
702	8677
702	3513
702	3090
702	5320
702	8779
702	7963
702	216
702	6479
702	169
702	9328
703	1020
703	1577
703	37
703	9917
703	8783
703	4324
703	3242
703	1923
703	2156
703	9157
704	1898
704	4024
704	2027
704	6166
704	5510
704	6700
704	2498
704	9623
704	5724
704	8278
705	3223
705	5983
705	5190
705	7850
705	2918
705	7321
705	8958
705	628
705	7300
705	2013
706	2721
706	1874
706	5602
706	9128
706	9698
706	988
706	4135
706	2182
706	2139
706	5135
707	2749
707	7680
707	8310
707	7754
707	7575
707	3577
707	3308
707	2486
707	2185
707	9897
708	6265
708	9464
708	6576
708	9066
708	9008
708	4962
708	8475
708	7058
708	4780
708	6942
709	6251
709	4363
709	1344
709	639
709	9862
709	3515
709	6742
709	275
709	6951
709	6216
710	907
710	698
710	7413
710	1556
710	941
710	5867
710	5539
710	4025
710	2507
710	5987
711	5830
711	265
711	2139
711	8353
711	1646
711	4146
711	7504
711	6249
711	5614
711	8451
712	4562
712	6744
712	4124
712	3327
712	6952
712	4313
712	7402
712	4621
712	8751
712	8228
713	5730
713	6800
713	3685
713	6234
713	2722
713	8104
713	1503
713	5034
713	7760
713	6678
714	721
714	2140
714	7032
714	6686
714	8304
714	3429
714	8220
714	516
714	5291
714	7934
715	5364
715	1970
715	178
715	8567
715	6717
715	9600
715	2691
715	7562
715	1668
715	217
716	5302
716	9508
716	5752
716	5950
716	9420
716	9491
716	9396
716	4714
716	2551
716	6892
717	473
717	1888
717	2488
717	7268
717	2635
717	2901
717	2374
717	2539
717	323
717	8567
718	6600
718	3688
718	8221
718	1056
718	1975
718	7741
718	9041
718	7656
718	4025
718	9522
719	4379
719	1011
719	386
719	5889
719	7353
719	4733
719	6167
719	3087
719	744
719	2925
720	5982
720	6237
720	3727
720	6637
720	5398
720	6031
720	294
720	3890
720	1915
720	6366
721	2742
721	5851
721	599
721	4175
721	1952
721	4276
721	2961
721	8181
721	7152
721	871
722	777
722	4617
722	5068
722	351
722	4516
722	1012
722	2714
722	3968
722	3461
722	6118
723	5248
723	3378
723	8539
723	90
723	3499
723	8800
723	9545
723	2180
723	5135
723	4783
724	7577
724	1915
724	2662
724	7039
724	9833
724	4153
724	5944
724	3084
724	2604
724	4647
725	8329
725	8307
725	5452
725	8606
725	8845
725	1914
725	7693
725	9228
725	6370
725	7265
726	9772
726	5204
726	8456
726	9181
726	8321
726	9008
726	5806
726	2978
726	3117
726	8614
727	8798
727	6626
727	1898
727	9356
727	1328
727	1355
727	5449
727	5259
727	4871
727	5391
728	6471
728	1417
728	597
728	6145
728	4386
728	6004
728	9784
728	6766
728	5487
728	1128
729	2454
729	2164
729	674
729	9087
729	6125
729	3814
729	7122
729	7361
729	5948
729	5567
730	7951
730	857
730	2902
730	3714
730	4016
730	9005
730	2712
730	8801
730	777
730	8553
731	97
731	6018
731	9189
731	1250
731	7406
731	323
731	2674
731	654
731	2404
731	768
732	6939
732	8499
732	6288
732	2906
732	6229
732	4917
732	2130
732	3784
732	6028
732	3500
733	4183
733	8287
733	3587
733	985
733	623
733	1103
733	1395
733	2334
733	2097
733	1715
734	2880
734	4978
734	4852
734	2462
734	3073
734	7567
734	5890
734	4181
734	7855
734	1182
735	2535
735	2958
735	8210
735	9651
735	674
735	7943
735	9286
735	6302
735	4952
735	8363
736	4203
736	8225
736	8156
736	3216
736	6519
736	8991
736	3254
736	3179
736	2735
736	3238
737	5681
737	1459
737	7137
737	8847
737	337
737	5106
737	2196
737	3608
737	4461
737	3106
738	1212
738	4369
738	9394
738	5465
738	6246
738	5556
738	9210
738	5844
738	7885
738	8585
739	3398
739	3323
739	5959
739	2721
739	2448
739	4009
739	7782
739	2503
739	6782
739	1866
740	6492
740	9542
740	2874
740	5916
740	3256
740	7297
740	7940
740	8206
740	528
740	9926
741	4304
741	6949
741	1736
741	7641
741	2525
741	405
741	2899
741	630
741	2346
741	4872
742	4785
742	9700
742	5154
742	4525
742	6328
742	8973
742	9913
742	9332
742	2173
742	2513
743	6543
743	4585
743	4178
743	2877
743	1607
743	6076
743	1144
743	6632
743	6698
743	8792
744	3255
744	319
744	5688
744	5834
744	1710
744	3583
744	503
744	2923
744	81
744	8615
745	9415
745	656
745	3089
745	9234
745	8947
745	2143
745	1746
745	1150
745	461
745	7098
746	377
746	978
746	1047
746	6298
746	8617
746	4119
746	4417
746	3267
746	1754
746	1383
747	225
747	5316
747	4856
747	3424
747	3443
747	8189
747	3196
747	751
747	6645
747	752
748	3445
748	5238
748	8421
748	5762
748	1592
748	9183
748	1574
748	8128
748	1438
748	9209
749	7385
749	2840
749	5978
749	7596
749	2150
749	7608
749	2680
749	5890
749	4237
749	7671
750	8721
750	121
750	4442
750	8115
750	7521
750	9264
750	572
750	6548
750	4080
750	2132
751	751
751	5037
751	2985
751	8606
751	39
751	4387
751	2748
751	5818
751	6873
751	6252
752	2679
752	4241
752	8012
752	7114
752	2177
752	1728
752	7133
752	2847
752	507
752	7718
753	3467
753	8537
753	2882
753	1258
753	8576
753	9250
753	271
753	1449
753	8553
753	4444
754	4567
754	1240
754	3362
754	2909
754	4501
754	3780
754	938
754	9056
754	4028
754	4409
755	4206
755	864
755	8338
755	2110
755	1834
755	6144
755	7151
755	7083
755	406
755	9719
756	3442
756	3335
756	1821
756	4434
756	3365
756	1506
756	5595
756	9007
756	2695
756	6819
757	4086
757	8724
757	746
757	8291
757	9225
757	1147
757	7023
757	5237
757	3782
757	5282
758	1566
758	7176
758	4901
758	4269
758	5394
758	2343
758	4917
758	6853
758	2654
758	7195
759	5177
759	7209
759	7767
759	5776
759	7023
759	3758
759	628
759	3787
759	8732
759	4886
760	8618
760	4433
760	4373
760	1244
760	9020
760	4043
760	1135
760	9390
760	90
760	284
761	3067
761	4714
761	8612
761	5302
761	7794
761	2892
761	3866
761	3477
761	2956
761	6407
762	4414
762	7371
762	324
762	4789
762	333
762	7162
762	3514
762	268
762	1891
762	4713
763	483
763	5136
763	9957
763	6133
763	9049
763	8900
763	945
763	2445
763	5292
763	7418
764	2112
764	151
764	2788
764	5897
764	205
764	7633
764	1795
764	1050
764	706
764	9746
765	5433
765	3494
765	7294
765	3908
765	3427
765	314
765	2643
765	1061
765	5938
765	4200
766	5716
766	1286
766	4407
766	3213
766	2371
766	2686
766	1822
766	7572
766	427
766	8197
767	1424
767	5164
767	717
767	5257
767	3598
767	7619
767	7475
767	1247
767	1989
767	289
768	8431
768	3923
768	5812
768	2471
768	5598
768	6374
768	2229
768	8252
768	3356
768	7559
769	1029
769	5867
769	5658
769	3329
769	2699
769	8056
769	6940
769	4467
769	7183
769	9670
770	2971
770	3137
770	7003
770	824
770	2900
770	3713
770	1360
770	7767
770	4388
770	3594
771	8516
771	8547
771	9534
771	8116
771	6030
771	3838
771	9943
771	4373
771	659
771	3517
772	5937
772	5274
772	6672
772	3821
772	3018
772	5491
772	115
772	6556
772	4158
772	9140
773	4723
773	7371
773	6398
773	8979
773	6235
773	2900
773	1252
773	2957
773	5408
773	7645
774	3822
774	721
774	343
774	2626
774	5984
774	5835
774	6774
774	1626
774	2956
774	3448
775	3403
775	6418
775	147
775	8074
775	390
775	141
775	9159
775	9833
775	7447
775	8013
776	9050
776	2594
776	2208
776	4294
776	2167
776	7520
776	7701
776	2475
776	3912
776	9057
777	3051
777	7861
777	4600
777	688
777	8915
777	4225
777	4411
777	8638
777	1812
777	2638
778	1134
778	1441
778	7184
778	2334
778	7409
778	1873
778	2143
778	7093
778	208
778	6373
779	5060
779	711
779	4582
779	4724
779	6551
779	7964
779	5599
779	7460
779	1940
779	8845
780	9343
780	4916
780	1094
780	4803
780	2856
780	4495
780	7887
780	3249
780	6863
780	1768
781	8117
781	2106
781	995
781	8865
781	898
781	7031
781	9724
781	5811
781	3237
781	8127
782	8111
782	4736
782	4639
782	8052
782	7027
782	4307
782	5012
782	7377
782	745
782	3965
783	9237
783	7851
783	2282
783	1121
783	8026
783	4000
783	4348
783	2155
783	5809
783	173
784	8341
784	5053
784	8638
784	8440
784	409
784	6348
784	1130
784	1891
784	1807
784	7839
785	6051
785	8689
785	1835
785	9939
785	7288
785	4918
785	4831
785	8355
785	1951
785	2118
786	6220
786	3050
786	1011
786	1745
786	1478
786	3045
786	5685
786	2842
786	8924
786	1376
787	7266
787	1736
787	7745
787	2048
787	9820
787	6018
787	2603
787	8826
787	7039
787	2813
788	6563
788	1317
788	6024
788	7736
788	5197
788	3897
788	1876
788	8538
788	7790
788	99
789	6090
789	7838
789	6316
789	5608
789	3696
789	8292
789	8218
789	878
789	3226
789	3962
790	3077
790	5159
790	3562
790	5211
790	8743
790	4452
790	5735
790	5011
790	5059
790	9221
791	726
791	6116
791	483
791	4883
791	8189
791	4722
791	6876
791	4976
791	8975
791	249
792	6542
792	911
792	1040
792	189
792	8228
792	1311
792	1257
792	5889
792	1159
792	2939
793	6753
793	8427
793	5160
793	9794
793	8751
793	2067
793	8833
793	7346
793	3603
793	8510
794	2409
794	5747
794	3902
794	5991
794	4983
794	9879
794	7731
794	9540
794	6747
794	4448
795	3739
795	2207
795	4866
795	9100
795	3861
795	5227
795	4893
795	3309
795	6792
795	995
796	1520
796	2152
796	9036
796	730
796	4028
796	48
796	3824
796	8598
796	3509
796	7892
797	561
797	9241
797	2097
797	4551
797	1836
797	2667
797	408
797	1953
797	4194
797	9076
798	2121
798	5353
798	2496
798	1
798	3823
798	5803
798	5388
798	1242
798	8215
798	2757
799	9008
799	6911
799	1609
799	9679
799	8881
799	1263
799	7531
799	5359
799	3321
799	5740
800	7712
800	6703
800	3226
800	4568
800	5285
800	9533
800	7203
800	5007
800	6068
800	6469
801	8169
801	7870
801	9572
801	813
801	9127
801	2906
801	6395
801	5001
801	376
801	381
802	7822
802	3644
802	3124
802	5747
802	5398
802	2222
802	8484
802	6343
802	6377
802	9181
803	1025
803	5193
803	9244
803	4133
803	3557
803	6229
803	6348
803	390
803	5896
803	6966
804	6792
804	5024
804	3377
804	7008
804	6682
804	1190
804	1434
804	7922
804	8533
804	4695
805	9148
805	8976
805	694
805	9689
805	6376
805	7040
805	7459
805	290
805	7394
805	9743
806	2664
806	718
806	4430
806	4646
806	3323
806	31
806	6791
806	5510
806	6636
806	8884
807	4010
807	8956
807	2553
807	572
807	7709
807	4304
807	1124
807	7358
807	9213
807	8852
808	1432
808	7154
808	9790
808	5497
808	7774
808	7210
808	2449
808	9859
808	316
808	5534
809	3145
809	7500
809	8953
809	3261
809	7125
809	5093
809	8441
809	5632
809	258
809	8438
810	4003
810	5
810	779
810	1977
810	1380
810	2788
810	8308
810	4367
810	1264
810	7754
811	6948
811	3897
811	7216
811	2082
811	6397
811	5892
811	7940
811	8025
811	4340
811	6852
812	2143
812	8630
812	9466
812	2030
812	2420
812	4951
812	4753
812	1880
812	4919
812	3558
813	4099
813	3943
813	7969
813	9511
813	232
813	6539
813	5882
813	4052
813	2745
813	47
814	1550
814	6621
814	3801
814	994
814	7770
814	6224
814	4940
814	6551
814	5689
814	1405
815	6558
815	5424
815	7903
815	2852
815	1786
815	2134
815	9914
815	7282
815	886
815	1989
816	8434
816	2557
816	9177
816	914
816	3892
816	9302
816	3426
816	2788
816	5442
816	5146
817	850
817	2823
817	8523
817	6619
817	9395
817	4207
817	8395
817	8029
817	8533
817	4017
818	7220
818	4241
818	4602
818	8526
818	2001
818	2031
818	3117
818	5599
818	441
818	650
819	3246
819	8665
819	3877
819	6301
819	415
819	8973
819	4457
819	1222
819	4459
819	4743
820	3579
820	1666
820	222
820	3562
820	8805
820	9084
820	544
820	4141
820	9276
820	7431
821	5609
821	3999
821	3574
821	3174
821	4854
821	1088
821	4413
821	1000
821	1175
821	8038
822	4639
822	7951
822	4766
822	2433
822	2754
822	3623
822	8171
822	2870
822	481
822	155
823	1572
823	4685
823	9483
823	6188
823	4228
823	9147
823	6806
823	8971
823	9975
823	9664
824	4441
824	9195
824	3354
824	3235
824	9120
824	1248
824	9082
824	8664
824	645
824	940
825	639
825	8214
825	8252
825	7716
825	6833
825	7718
825	9770
825	7283
825	7065
825	2241
826	7503
826	3855
826	537
826	9197
826	9036
826	1973
826	3503
826	6526
826	4618
826	7291
827	4181
827	338
827	422
827	3589
827	3331
827	4457
827	5993
827	5052
827	4610
827	1748
828	8754
828	9800
828	9123
828	486
828	4887
828	9553
828	5744
828	2742
828	6274
828	9164
829	5790
829	1111
829	2576
829	4445
829	452
829	790
829	3277
829	2632
829	1104
829	1520
830	2777
830	2836
830	5704
830	7871
830	1107
830	6545
830	6016
830	6761
830	1156
830	5683
831	6756
831	3933
831	6977
831	3067
831	3895
831	2129
831	3644
831	9223
831	9904
831	9381
832	8621
832	5008
832	6738
832	6830
832	246
832	8811
832	7756
832	8725
832	2630
832	4460
833	6785
833	9166
833	1477
833	1203
833	853
833	9467
833	807
833	8297
833	9562
833	8061
834	5321
834	4549
834	9717
834	4132
834	1556
834	3382
834	9231
834	3749
834	1865
834	6361
835	4918
835	7651
835	3060
835	129
835	7749
835	2554
835	2778
835	9539
835	2194
835	8720
836	500
836	1178
836	6958
836	1465
836	999
836	7975
836	3670
836	7197
836	4886
836	8204
837	8870
837	8104
837	9756
837	7288
837	6202
837	1791
837	772
837	3241
837	1990
837	1803
838	8249
838	8142
838	2300
838	3224
838	7955
838	172
838	3047
838	7646
838	5540
838	9846
839	4547
839	6311
839	2849
839	6291
839	5531
839	8402
839	5978
839	8099
839	7384
839	9282
840	6934
840	8473
840	7990
840	1794
840	5742
840	470
840	1832
840	6317
840	8152
840	4408
841	1288
841	6247
841	9478
841	5703
841	2900
841	8832
841	7655
841	6492
841	6338
841	2496
842	4179
842	9851
842	7732
842	8864
842	8859
842	6564
842	9131
842	8849
842	5281
842	3916
843	1055
843	1314
843	6097
843	7924
843	5083
843	8365
843	350
843	4684
843	2455
843	7331
844	995
844	7577
844	7840
844	8194
844	3038
844	6969
844	9286
844	757
844	3084
844	7645
845	5714
845	8866
845	391
845	669
845	3329
845	9226
845	9009
845	7608
845	5642
845	5073
846	540
846	6207
846	9873
846	2345
846	3356
846	5655
846	4555
846	2422
846	3398
846	4063
847	5770
847	7111
847	94
847	5263
847	4974
847	7443
847	1860
847	4390
847	1592
847	6662
848	4314
848	1338
848	3983
848	4225
848	3083
848	6018
848	1044
848	6591
848	3099
848	1952
849	1251
849	6077
849	5079
849	1960
849	7644
849	9510
849	6626
849	1198
849	6204
849	1455
850	4034
850	8883
850	1130
850	2621
850	7909
850	4691
850	9297
850	4111
850	2183
850	8905
851	4186
851	7833
851	256
851	3665
851	1857
851	1279
851	6847
851	7331
851	1630
851	8395
852	3603
852	4182
852	8052
852	3084
852	3671
852	6683
852	5439
852	4438
852	7532
852	829
853	9947
853	4176
853	5319
853	3113
853	868
853	6048
853	8942
853	9481
853	8720
853	4789
854	4457
854	9268
854	5212
854	8444
854	2866
854	2349
854	6999
854	6613
854	3161
854	496
855	990
855	3083
855	8884
855	7753
855	5113
855	9327
855	9872
855	8793
855	2517
855	8916
856	896
856	4599
856	91
856	8309
856	3311
856	7644
856	3734
856	866
856	9713
856	610
857	2813
857	8992
857	9485
857	4875
857	4745
857	3200
857	4299
857	9557
857	7663
857	8687
858	5233
858	3873
858	2089
858	5558
858	7027
858	7206
858	9974
858	5552
858	5096
858	9741
859	9961
859	3738
859	897
859	3464
859	4656
859	1724
859	4369
859	3058
859	243
859	9305
860	9272
860	1010
860	433
860	3450
860	9406
860	7252
860	8094
860	1487
860	981
860	2922
861	9927
861	4472
861	269
861	3653
861	1372
861	6194
861	376
861	3154
861	6892
861	7137
862	1357
862	8857
862	8943
862	5369
862	2153
862	8459
862	63
862	5584
862	4946
862	7562
863	8122
863	9542
863	1329
863	45
863	996
863	2289
863	6962
863	7678
863	9736
863	8837
864	4604
864	3618
864	9426
864	3469
864	2423
864	8408
864	1492
864	7584
864	3795
864	8465
865	6476
865	4748
865	5887
865	4610
865	6383
865	6284
865	7601
865	1413
865	9840
865	7596
866	1401
866	672
866	7752
866	3927
866	1222
866	3858
866	687
866	5793
866	5451
866	4220
867	5921
867	5438
867	3768
867	1551
867	8844
867	5152
867	660
867	7625
867	6722
867	9478
868	1751
868	5574
868	9514
868	7957
868	7713
868	5768
868	2991
868	3150
868	6156
868	2386
869	1861
869	2518
869	4302
869	3967
869	6911
869	6724
869	8598
869	4661
869	7540
869	1295
870	8165
870	5998
870	2693
870	3829
870	6158
870	7900
870	2450
870	8006
870	8427
870	212
871	1888
871	156
871	9677
871	5082
871	4486
871	5945
871	5483
871	2487
871	9231
871	9699
872	1976
872	9778
872	8469
872	2190
872	9009
872	2654
872	7326
872	476
872	5498
872	8773
873	4457
873	6543
873	8100
873	16
873	1469
873	305
873	8831
873	721
873	8669
873	7725
874	4082
874	3461
874	3562
874	6420
874	3623
874	3677
874	8887
874	7167
874	8803
874	1964
875	4751
875	4124
875	4448
875	1665
875	5834
875	9681
875	6740
875	3475
875	6138
875	6168
876	6018
876	16
876	4991
876	2923
876	6503
876	8096
876	2233
876	7127
876	161
876	9661
877	4962
877	1466
877	446
877	2480
877	8634
877	5226
877	4771
877	7042
877	7313
877	2953
878	693
878	9666
878	4597
878	3441
878	4359
878	3321
878	8423
878	1531
878	9207
878	1267
879	8849
879	6233
879	7657
879	9062
879	8761
879	4120
879	2609
879	7127
879	4482
879	2131
880	4169
880	5816
880	6032
880	7699
880	2554
880	4388
880	8392
880	3825
880	4459
880	7830
881	8011
881	5412
881	5753
881	1932
881	6788
881	9000
881	4785
881	538
881	6255
881	4175
882	55
882	8230
882	2578
882	5882
882	9230
882	5867
882	8359
882	4800
882	9806
882	346
883	5513
883	8886
883	6649
883	3277
883	4218
883	2030
883	171
883	4420
883	1958
883	3960
884	7213
884	8782
884	990
884	8694
884	1210
884	2205
884	798
884	8817
884	9042
884	5302
885	5571
885	611
885	7921
885	142
885	1062
885	5704
885	2608
885	2048
885	3581
885	6329
886	7328
886	6914
886	3946
886	2750
886	967
886	5043
886	9300
886	8572
886	9677
886	9127
887	7355
887	9853
887	6206
887	4288
887	3890
887	2268
887	4196
887	9070
887	5229
887	2705
888	2080
888	5746
888	6279
888	1301
888	2992
888	3355
888	7293
888	8253
888	5365
888	6791
889	5985
889	3529
889	3176
889	6087
889	7768
889	7705
889	4743
889	9690
889	582
889	2446
890	4359
890	7360
890	6733
890	7077
890	4415
890	1117
890	4135
890	2581
890	9952
890	1973
891	3461
891	4934
891	5498
891	4959
891	5999
891	8907
891	2429
891	5795
891	2141
891	990
892	8210
892	7546
892	3973
892	9423
892	4032
892	48
892	4521
892	981
892	2351
892	6354
893	270
893	9038
893	6878
893	5292
893	2104
893	5559
893	4462
893	2895
893	8857
893	3284
894	2770
894	45
894	2354
894	704
894	1462
894	8235
894	2548
894	6754
894	9531
894	285
895	974
895	4774
895	3081
895	616
895	4617
895	9573
895	3220
895	5582
895	2369
895	279
896	2150
896	3532
896	3176
896	2173
896	2169
896	169
896	1938
896	5379
896	8231
896	5001
897	2962
897	6499
897	3081
897	8990
897	9735
897	2585
897	945
897	2559
897	3129
897	4354
898	4911
898	2166
898	613
898	5818
898	5780
898	7736
898	7106
898	9072
898	7028
898	6726
899	1420
899	8595
899	4540
899	9475
899	9722
899	4983
899	8203
899	7249
899	1565
899	6475
900	4105
900	3358
900	3175
900	6500
900	9416
900	9292
900	9301
900	3088
900	5121
900	4289
901	5305
901	2623
901	5209
901	3440
901	5557
901	8984
901	9555
901	3486
901	7324
901	7743
902	9279
902	5927
902	5680
902	2345
902	6539
902	3477
902	2067
902	3325
902	8492
902	5123
903	3378
903	3962
903	3375
903	7332
903	3141
903	8422
903	4635
903	9474
903	1307
903	3788
904	756
904	5723
904	5014
904	2544
904	5518
904	4968
904	2570
904	8102
904	5475
904	7373
905	4845
905	2696
905	1693
905	5382
905	8283
905	6113
905	2412
905	6049
905	9088
905	152
906	2389
906	5938
906	5996
906	9267
906	4556
906	5910
906	1557
906	7736
906	6377
906	8753
907	5681
907	1281
907	491
907	9972
907	4918
907	5905
907	8310
907	4592
907	2910
907	4956
908	8228
908	15
908	1919
908	9548
908	343
908	7220
908	7687
908	3429
908	2462
908	3158
909	7397
909	5089
909	5200
909	2384
909	5557
909	1238
909	5657
909	1591
909	6281
909	1096
910	271
910	4366
910	5950
910	8986
910	5459
910	7018
910	8691
910	2462
910	7758
910	3394
911	849
911	1167
911	2777
911	2375
911	6713
911	4851
911	5677
911	7432
911	2268
911	8499
912	5914
912	2433
912	8605
912	5216
912	6579
912	7723
912	7958
912	9337
912	2998
912	5480
913	9470
913	3499
913	2010
913	2158
913	3382
913	2918
913	8275
913	9008
913	2119
913	238
914	6312
914	5050
914	4024
914	9158
914	9865
914	5123
914	9280
914	9129
914	9461
914	9024
915	2278
915	2302
915	8081
915	8814
915	6386
915	8448
915	2483
915	4480
915	548
915	8287
916	9241
916	7951
916	3090
916	3202
916	5284
916	8813
916	454
916	201
916	7304
916	4936
917	2418
917	5742
917	5493
917	3339
917	2787
917	7840
917	2785
917	4307
917	2873
917	2567
918	3380
918	3473
918	1671
918	6757
918	2827
918	5541
918	5682
918	2292
918	8092
918	2916
919	911
919	6608
919	3335
919	1163
919	4863
919	731
919	6932
919	2000
919	8136
919	7684
920	2149
920	2235
920	7096
920	8551
920	7510
920	1402
920	3199
920	2707
920	313
920	1366
921	8857
921	3360
921	6973
921	6846
921	5763
921	7922
921	7168
921	9814
921	4428
921	6911
922	3804
922	8370
922	7127
922	768
922	5620
922	6578
922	7035
922	9056
922	9933
922	1692
923	1423
923	2183
923	4547
923	5126
923	1209
923	3737
923	999
923	6318
923	9710
923	9677
924	8974
924	4210
924	7301
924	6850
924	8998
924	3747
924	5408
924	4432
924	2892
924	7464
925	9589
925	2968
925	632
925	9909
925	2636
925	3352
925	9155
925	2662
925	8933
925	4750
926	6163
926	5888
926	5294
926	1822
926	7146
926	2806
926	1273
926	847
926	6910
926	8036
927	1923
927	6119
927	3438
927	3131
927	4573
927	8661
927	4082
927	7767
927	5457
927	7378
928	9187
928	9675
928	1535
928	7078
928	2232
928	9284
928	415
928	867
928	8456
928	4664
929	7413
929	3392
929	968
929	3936
929	8735
929	8865
929	3079
929	1459
929	3855
929	1704
930	2298
930	965
930	136
930	3674
930	8677
930	447
930	5087
930	1965
930	1961
930	7726
931	2497
931	2196
931	7726
931	6726
931	16
931	9521
931	7909
931	8843
931	4508
931	3446
932	4408
932	1011
932	2580
932	7240
932	8326
932	2348
932	116
932	4790
932	211
932	7226
933	6218
933	7306
933	8351
933	6011
933	4484
933	7734
933	7059
933	1748
933	3383
933	1131
934	842
934	6357
934	7979
934	7550
934	6009
934	2154
934	2890
934	9662
934	2634
934	5722
935	9910
935	2113
935	129
935	9783
935	8989
935	2071
935	626
935	8291
935	9810
935	1429
936	9230
936	8480
936	5346
936	3377
936	8982
936	5277
936	6678
936	5961
936	4357
936	9699
937	4487
937	3003
937	1699
937	9113
937	5581
937	7143
937	9028
937	4289
937	9657
937	3246
938	1801
938	9344
938	1354
938	5975
938	2261
938	338
938	2655
938	2924
938	8189
938	4956
939	2333
939	2338
939	8113
939	73
939	3341
939	1752
939	1540
939	5292
939	2305
939	9337
940	6475
940	5890
940	9426
940	6892
940	9438
940	3069
940	1059
940	6305
940	6882
940	6925
941	4599
941	3589
941	440
941	4919
941	3752
941	9176
941	6742
941	9640
941	8807
941	9785
942	8794
942	6277
942	7770
942	440
942	8316
942	8697
942	4159
942	960
942	1224
942	1340
943	6886
943	5571
943	9376
943	6389
943	3414
943	2668
943	6101
943	1732
943	4810
943	7369
944	5022
944	6039
944	2267
944	4659
944	520
944	605
944	363
944	2498
944	9401
944	4028
945	3469
945	8049
945	3423
945	3127
945	6095
945	9321
945	2581
945	2649
945	9157
945	8988
946	1349
946	7438
946	9434
946	2948
946	8117
946	9212
946	5729
946	3391
946	5723
946	3831
947	884
947	574
947	6248
947	1380
947	4294
947	3186
947	3385
947	7082
947	4649
947	4007
948	4048
948	4656
948	4252
948	6635
948	4906
948	4438
948	1906
948	290
948	2292
948	9581
949	844
949	5947
949	4850
949	2725
949	6740
949	4627
949	9642
949	806
949	8485
949	5216
950	2187
950	7894
950	9141
950	7439
950	9845
950	1487
950	7810
950	7996
950	2030
950	98
951	7989
951	500
951	6937
951	8633
951	7957
951	4422
951	3959
951	8513
951	3267
951	5712
952	9354
952	5518
952	3162
952	4081
952	7304
952	2099
952	1907
952	7935
952	2832
952	3667
953	5720
953	4499
953	5061
953	1729
953	7928
953	8402
953	3695
953	1520
953	1694
953	7652
954	5171
954	5870
954	6681
954	1607
954	9929
954	1182
954	920
954	8730
954	6385
954	4508
955	514
955	5949
955	8069
955	1068
955	2367
955	4012
955	3862
955	5621
955	8161
955	2112
956	7069
956	4263
956	5730
956	4335
956	1788
956	7220
956	7548
956	1742
956	9664
956	5897
957	6943
957	5188
957	7386
957	9341
957	9104
957	937
957	3356
957	2418
957	6453
957	3089
958	2417
958	9610
958	7285
958	5692
958	6339
958	4870
958	5
958	3108
958	7263
958	9390
959	3023
959	6694
959	3525
959	6103
959	6904
959	9835
959	431
959	2786
959	6667
959	8601
960	1965
960	5968
960	6361
960	8131
960	2122
960	4004
960	1027
960	1734
960	7846
960	9878
961	3433
961	3151
961	8151
961	2440
961	6173
961	7289
961	2143
961	7579
961	8129
961	8199
962	1303
962	6989
962	3714
962	3920
962	6564
962	6373
962	2225
962	6026
962	7386
962	1159
963	9077
963	8002
963	1945
963	5918
963	3553
963	5536
963	7586
963	48
963	1038
963	6473
964	4973
964	3714
964	5709
964	854
964	7397
964	7092
964	7904
964	5955
964	6588
964	297
965	6928
965	9943
965	6273
965	5645
965	9795
965	3379
965	9186
965	8328
965	6885
965	4399
966	1674
966	2410
966	9969
966	3895
966	2395
966	9539
966	1789
966	6987
966	8974
966	5921
967	8224
967	5827
967	2004
967	6691
967	8431
967	1506
967	1818
967	8641
967	1229
967	7838
968	9745
968	589
968	9919
968	7933
968	59
968	5265
968	1971
968	7466
968	7578
968	6771
969	1257
969	1844
969	5821
969	7872
969	3263
969	2834
969	1334
969	7505
969	4253
969	5749
970	9424
970	2279
970	9646
970	6414
970	7143
970	5107
970	2057
970	8761
970	4376
970	3699
971	2996
971	9318
971	1490
971	5225
971	9800
971	2708
971	44
971	5507
971	6383
971	5522
972	9988
972	1925
972	5862
972	5737
972	3607
972	6980
972	7863
972	3990
972	1411
972	9081
973	4820
973	4291
973	9956
973	2412
973	4647
973	7050
973	9318
973	5839
973	229
973	8566
974	4863
974	7072
974	8150
974	8711
974	6908
974	6333
974	4158
974	2606
974	840
974	7045
975	9886
975	5075
975	1802
975	5124
975	2012
975	4011
975	6891
975	5078
975	3847
975	8134
976	5455
976	5300
976	4598
976	9493
976	2119
976	4592
976	2594
976	3628
976	1914
976	9291
977	1368
977	9387
977	1277
977	4294
977	3222
977	7563
977	9300
977	8091
977	4528
977	9426
978	4064
978	1978
978	6253
978	1894
978	2791
978	812
978	894
978	6638
978	286
978	5007
979	2540
979	3289
979	5708
979	7206
979	810
979	5571
979	2372
979	5065
979	6817
979	3545
980	9528
980	8321
980	7465
980	7019
980	6586
980	3720
980	2536
980	8193
980	5594
980	8522
981	3703
981	7853
981	3867
981	4231
981	4006
981	1940
981	9137
981	8202
981	4564
981	6313
982	5972
982	1099
982	5823
982	3645
982	3203
982	4553
982	4068
982	9219
982	8377
982	6875
983	8843
983	7697
983	729
983	5748
983	9942
983	8376
983	6303
983	9768
983	852
983	5914
984	9007
984	3166
984	6547
984	3402
984	1873
984	8986
984	1869
984	4759
984	1026
984	8457
985	6438
985	8610
985	3651
985	3092
985	2217
985	2667
985	3486
985	9067
985	2165
985	5207
986	9091
986	2044
986	1200
986	7772
986	5366
986	7962
986	5179
986	3941
986	905
986	8000
987	932
987	9190
987	2886
987	2078
987	8411
987	590
987	7112
987	9277
987	7190
987	3838
988	5687
988	7359
988	6672
988	1661
988	7455
988	8996
988	4046
988	1656
988	2440
988	1683
989	4339
989	9684
989	4364
989	9285
989	3358
989	1409
989	3757
989	1718
989	6180
989	5670
990	1166
990	6036
990	3207
990	3482
990	6268
990	3133
990	6258
990	9757
990	382
990	1114
991	6714
991	4909
991	7264
991	8453
991	8212
991	3895
991	3436
991	5222
991	8499
991	8922
992	2349
992	5354
992	8414
992	1945
992	4904
992	3467
992	3480
992	5315
992	8389
992	7519
993	4287
993	8681
993	3408
993	3428
993	3567
993	6372
993	8964
993	6632
993	4137
993	5204
994	8071
994	3822
994	5770
994	6449
994	6603
994	8487
994	955
994	9670
994	3679
994	2878
995	9027
995	1178
995	2801
995	3748
995	6524
995	4967
995	9513
995	6182
995	6218
995	205
996	8505
996	9282
996	4847
996	3523
996	2736
996	6857
996	8343
996	8666
996	7587
996	3686
997	8771
997	2391
997	653
997	871
997	4549
997	489
997	2239
997	7224
997	4902
997	6881
998	8625
998	6972
998	4948
998	9079
998	6222
998	2684
998	1836
998	4049
998	7869
998	2515
999	3030
999	5585
999	6608
999	5838
999	4080
999	1399
999	513
999	4480
999	5939
999	4347
1000	3460
1000	5188
1000	4617
1000	9426
1000	9944
1000	2008
1000	8272
1000	1878
1000	357
1000	1141
1001	4732
1001	4010
1001	3102
1001	957
1001	1192
1001	9858
1001	7224
1001	688
1001	9958
1001	2414
1002	9597
1002	1738
1002	7354
1002	2685
1002	7387
1002	7600
1002	1651
1002	1199
1002	4402
1002	6826
1003	8089
1003	1151
1003	6810
1003	4948
1003	6433
1003	1786
1003	3507
1003	5666
1003	275
1003	1432
1004	471
1004	1678
1004	5616
1004	4724
1004	1580
1004	6959
1004	3878
1004	8210
1004	2168
1004	8344
1005	3686
1005	2431
1005	7996
1005	2451
1005	9637
1005	4098
1005	5332
1005	4123
1005	8992
1005	8585
1006	5645
1006	7351
1006	9988
1006	8131
1006	2811
1006	7517
1006	3703
1006	4278
1006	6663
1006	7406
1007	2354
1007	5147
1007	3113
1007	4826
1007	1673
1007	3310
1007	9362
1007	9764
1007	221
1007	2757
1008	1983
1008	3464
1008	1854
1008	2067
1008	8021
1008	8563
1008	7562
1008	3131
1008	3839
1008	2639
1009	6990
1009	6393
1009	8133
1009	7879
1009	8380
1009	1506
1009	320
1009	9739
1009	515
1009	5870
1010	5892
1010	9885
1010	9416
1010	3953
1010	4233
1010	9534
1010	3312
1010	2239
1010	4214
1010	7622
1011	8409
1011	1140
1011	7085
1011	8487
1011	3573
1011	1534
1011	3569
1011	118
1011	4752
1011	9567
1012	9157
1012	1432
1012	9869
1012	6799
1012	9926
1012	4563
1012	209
1012	4407
1012	6492
1012	4408
1013	704
1013	8408
1013	5820
1013	9734
1013	3371
1013	2148
1013	17
1013	6329
1013	7021
1013	191
1014	1323
1014	1597
1014	9631
1014	3204
1014	8242
1014	9402
1014	7235
1014	9407
1014	4450
1014	3331
1015	6310
1015	5900
1015	9441
1015	841
1015	9306
1015	2710
1015	520
1015	7619
1015	3994
1015	5854
1016	3121
1016	4317
1016	4443
1016	9485
1016	9283
1016	1863
1016	4858
1016	5229
1016	6404
1016	7307
1017	2145
1017	4425
1017	3549
1017	2963
1017	6641
1017	6964
1017	9374
1017	6708
1017	6140
1017	471
1018	6654
1018	4578
1018	1968
1018	1033
1018	4122
1018	8726
1018	1021
1018	3676
1018	8105
1018	6122
1019	2563
1019	3085
1019	8209
1019	1812
1019	2933
1019	6956
1019	445
1019	1181
1019	6203
1019	2526
1020	3978
1020	508
1020	3655
1020	4911
1020	2463
1020	8137
1020	9133
1020	5548
1020	780
1020	5271
1021	8084
1021	5968
1021	2209
1021	982
1021	7164
1021	4989
1021	4060
1021	5293
1021	284
1021	6634
1022	8824
1022	2063
1022	8598
1022	9415
1022	3518
1022	3521
1022	815
1022	7401
1022	8827
1022	5901
1023	9591
1023	4922
1023	825
1023	896
1023	9217
1023	2715
1023	2843
1023	96
1023	4762
1023	3357
1024	4597
1024	233
1024	4417
1024	2549
1024	6502
1024	1681
1024	3423
1024	3682
1024	1981
1024	6751
1025	7629
1025	6289
1025	5927
1025	3705
1025	8395
1025	3112
1025	6135
1025	3851
1025	825
1025	6110
1026	184
1026	9483
1026	3392
1026	9713
1026	8571
1026	2129
1026	9641
1026	5927
1026	8852
1026	5788
1027	4845
1027	1659
1027	2410
1027	7281
1027	8400
1027	801
1027	5107
1027	8358
1027	9478
1027	9637
1028	6484
1028	6285
1028	5019
1028	5388
1028	9496
1028	2940
1028	4410
1028	8486
1028	6673
1028	426
1029	9632
1029	30
1029	1233
1029	6168
1029	9563
1029	3831
1029	6981
1029	4317
1029	7085
1029	1799
1030	1558
1030	3193
1030	868
1030	8982
1030	7972
1030	3911
1030	227
1030	6228
1030	3375
1030	8180
1031	7448
1031	2663
1031	4962
1031	2750
1031	7233
1031	1119
1031	9317
1031	35
1031	145
1031	8422
1032	9816
1032	2998
1032	4325
1032	1397
1032	6424
1032	262
1032	1648
1032	7953
1032	9447
1032	5426
1033	2064
1033	7565
1033	9786
1033	6537
1033	7499
1033	5994
1033	5471
1033	9786
1033	6121
1033	8940
1034	2966
1034	3844
1034	3958
1034	3040
1034	5568
1034	3026
1034	8098
1034	63
1034	7638
1034	4642
1035	6702
1035	8039
1035	6924
1035	8468
1035	1667
1035	1830
1035	212
1035	8798
1035	5055
1035	2246
1036	9
1036	5121
1036	7457
1036	2464
1036	7078
1036	5257
1036	101
1036	2906
1036	4557
1036	5546
1037	9236
1037	3786
1037	8918
1037	1049
1037	3990
1037	5538
1037	6605
1037	1871
1037	6003
1037	8406
1038	4689
1038	3623
1038	5914
1038	5356
1038	7394
1038	7996
1038	5494
1038	2832
1038	1094
1038	1043
1039	8548
1039	774
1039	4914
1039	1011
1039	5074
1039	2776
1039	8136
1039	1928
1039	1613
1039	3543
1040	624
1040	1603
1040	2898
1040	1392
1040	1816
1040	4037
1040	563
1040	748
1040	3571
1040	6335
1041	3445
1041	2727
1041	8379
1041	3047
1041	2015
1041	5775
1041	2331
1041	1400
1041	6974
1041	5054
1042	397
1042	4979
1042	2454
1042	5537
1042	5840
1042	3687
1042	2942
1042	8042
1042	1193
1042	9275
1043	684
1043	6752
1043	5984
1043	687
1043	7643
1043	5873
1043	3345
1043	2396
1043	807
1043	5694
1044	8814
1044	3561
1044	628
1044	3742
1044	1774
1044	2406
1044	7870
1044	6998
1044	3215
1044	4340
1045	819
1045	9308
1045	4811
1045	8117
1045	5707
1045	4001
1045	6562
1045	5888
1045	5549
1045	8073
1046	7470
1046	2776
1046	8515
1046	8029
1046	3824
1046	2740
1046	7801
1046	4918
1046	5090
1046	8182
1047	1201
1047	8740
1047	4907
1047	1323
1047	6881
1047	6414
1047	6090
1047	5952
1047	4661
1047	828
1048	5453
1048	9652
1048	1390
1048	3580
1048	8219
1048	4184
1048	7634
1048	799
1048	1701
1048	9421
1049	1138
1049	3221
1049	8242
1049	4027
1049	8920
1049	7370
1049	6140
1049	1160
1049	5231
1049	9368
1050	1840
1050	3967
1050	842
1050	522
1050	5052
1050	5011
1050	9835
1050	4191
1050	2336
1050	118
1051	1534
1051	7245
1051	2208
1051	1102
1051	7353
1051	6621
1051	4625
1051	2638
1051	8673
1051	8357
1052	6319
1052	8475
1052	918
1052	7950
1052	6817
1052	7584
1052	7762
1052	121
1052	6704
1052	7504
1053	5418
1053	537
1053	1575
1053	3854
1053	8766
1053	7350
1053	9103
1053	547
1053	7678
1053	8572
1054	8457
1054	505
1054	5208
1054	4387
1054	3905
1054	6116
1054	2681
1054	4872
1054	9817
1054	7468
1055	7524
1055	624
1055	4169
1055	355
1055	9699
1055	7511
1055	2551
1055	4270
1055	5334
1055	6708
1056	2337
1056	9926
1056	4610
1056	630
1056	7364
1056	5098
1056	894
1056	284
1056	1671
1056	6410
1057	0
1057	2444
1057	4110
1057	222
1057	5063
1057	6747
1057	5378
1057	1248
1057	4517
1057	2725
1058	3544
1058	652
1058	9744
1058	6090
1058	4654
1058	5497
1058	7269
1058	6695
1058	7488
1058	5582
1059	1457
1059	7908
1059	9334
1059	9140
1059	1779
1059	6966
1059	7679
1059	3440
1059	440
1059	4382
1060	760
1060	6297
1060	2227
1060	6924
1060	7486
1060	8720
1060	889
1060	1457
1060	6693
1060	6836
1061	5546
1061	5935
1061	9872
1061	7054
1061	1286
1061	6667
1061	8855
1061	9357
1061	7565
1061	6335
1062	3154
1062	1172
1062	7395
1062	5194
1062	1936
1062	1317
1062	4824
1062	5119
1062	155
1062	3987
1063	8009
1063	3461
1063	3078
1063	2460
1063	6529
1063	487
1063	8451
1063	6187
1063	4413
1063	5837
1064	5783
1064	8774
1064	6062
1064	1847
1064	445
1064	6965
1064	7874
1064	9805
1064	1685
1064	4437
1065	8414
1065	4671
1065	3211
1065	1218
1065	5803
1065	6826
1065	1282
1065	2599
1065	3302
1065	8223
1066	1111
1066	120
1066	9825
1066	5596
1066	3060
1066	5529
1066	2683
1066	2922
1066	9090
1066	7468
1067	8302
1067	4060
1067	815
1067	9767
1067	8385
1067	3026
1067	8363
1067	7901
1067	5465
1067	4012
1068	6568
1068	3796
1068	7417
1068	4259
1068	8709
1068	8664
1068	6689
1068	8108
1068	3032
1068	1262
1069	365
1069	6472
1069	2659
1069	8452
1069	4141
1069	9222
1069	1768
1069	5542
1069	8384
1069	4015
1070	8865
1070	4542
1070	1329
1070	4987
1070	2281
1070	5348
1070	2276
1070	8915
1070	5683
1070	7281
1071	9053
1071	7373
1071	1475
1071	7520
1071	827
1071	3853
1071	1278
1071	6807
1071	7237
1071	6916
1072	4365
1072	1990
1072	3465
1072	585
1072	736
1072	926
1072	3053
1072	4236
1072	8598
1072	8929
1073	6907
1073	2074
1073	1964
1073	3483
1073	422
1073	4312
1073	8048
1073	3405
1073	9516
1073	6318
1074	4235
1074	2484
1074	4210
1074	1049
1074	3387
1074	4827
1074	2032
1074	9864
1074	2826
1074	4771
1075	5473
1075	6637
1075	4111
1075	9449
1075	9662
1075	4691
1075	9526
1075	9229
1075	2290
1075	6042
1076	1858
1076	1343
1076	630
1076	8232
1076	7418
1076	6243
1076	3100
1076	7145
1076	3804
1076	815
1077	6181
1077	8199
1077	3485
1077	7191
1077	7653
1077	509
1077	4447
1077	8535
1077	3518
1077	1627
1078	7839
1078	7305
1078	5690
1078	7953
1078	3494
1078	230
1078	4838
1078	2017
1078	2414
1078	7921
1079	8145
1079	9870
1079	8786
1079	928
1079	8039
1079	1697
1079	3512
1079	7490
1079	3517
1079	3351
1080	7099
1080	3555
1080	9781
1080	7025
1080	2124
1080	1735
1080	4839
1080	4029
1080	8058
1080	6108
1081	7107
1081	3754
1081	1622
1081	4816
1081	8209
1081	7711
1081	114
1081	2704
1081	6713
1081	5763
1082	8228
1082	3054
1082	5938
1082	918
1082	5800
1082	1993
1082	1202
1082	3830
1082	1309
1082	7073
1083	167
1083	9365
1083	7442
1083	5550
1083	5052
1083	670
1083	9790
1083	8971
1083	1131
1083	8158
1084	5292
1084	7020
1084	566
1084	4660
1084	1127
1084	7466
1084	5385
1084	67
1084	4661
1084	7835
1085	5404
1085	1618
1085	4328
1085	1294
1085	398
1085	9946
1085	9282
1085	7783
1085	3228
1085	3865
1086	6021
1086	6178
1086	6187
1086	9691
1086	6950
1086	7766
1086	2117
1086	5626
1086	8156
1086	2413
1087	6215
1087	9033
1087	8017
1087	8711
1087	7536
1087	5636
1087	5261
1087	6937
1087	6499
1087	1951
1088	9904
1088	5447
1088	8087
1088	8410
1088	9856
1088	4462
1088	3750
1088	1471
1088	7145
1088	8680
1089	5809
1089	2288
1089	6507
1089	3228
1089	5495
1089	750
1089	8742
1089	3431
1089	8442
1089	4802
1090	5592
1090	8741
1090	845
1090	1582
1090	8631
1090	1661
1090	164
1090	7120
1090	8940
1090	672
1091	6419
1091	3829
1091	3739
1091	7476
1091	3324
1091	190
1091	6933
1091	1746
1091	3349
1091	2922
1092	6343
1092	5026
1092	7727
1092	1714
1092	545
1092	1235
1092	6642
1092	5630
1092	9294
1092	2951
1093	8609
1093	6106
1093	7538
1093	8993
1093	7787
1093	7686
1093	2235
1093	6440
1093	5854
1093	7896
1094	8242
1094	7585
1094	2589
1094	1777
1094	8687
1094	7938
1094	5193
1094	5516
1094	399
1094	9765
1095	1311
1095	2142
1095	1185
1095	9600
1095	6023
1095	5262
1095	2692
1095	9321
1095	1381
1095	8414
1096	1803
1096	6359
1096	2103
1096	4745
1096	4085
1096	7767
1096	6447
1096	6312
1096	8844
1096	2715
1097	3294
1097	3102
1097	7286
1097	3179
1097	4148
1097	8696
1097	8340
1097	3651
1097	8247
1097	84
1098	8292
1098	6751
1098	2709
1098	8347
1098	1205
1098	6962
1098	7212
1098	1506
1098	1241
1098	1791
1099	8921
1099	2805
1099	735
1099	8253
1099	1804
1099	8576
1099	3497
1099	5216
1099	7597
1099	4508
1100	8185
1100	5914
1100	8510
1100	4089
1100	8084
1100	3612
1100	7966
1100	3602
1100	4562
1100	1375
1101	3830
1101	2203
1101	3693
1101	8303
1101	7532
1101	4156
1101	4073
1101	4432
1101	1149
1101	3946
1102	1049
1102	7513
1102	4897
1102	9895
1102	2517
1102	6941
1102	8951
1102	9680
1102	1691
1102	4642
1103	5292
1103	6198
1103	5603
1103	1622
1103	983
1103	6727
1103	4721
1103	8879
1103	3229
1103	9108
1104	2881
1104	8278
1104	4152
1104	415
1104	4061
1104	9121
1104	6890
1104	9394
1104	3480
1104	9784
1105	3277
1105	7258
1105	5618
1105	1921
1105	6980
1105	4653
1105	7541
1105	5175
1105	4167
1105	2712
1106	8402
1106	4124
1106	5170
1106	3852
1106	7280
1106	8993
1106	271
1106	4719
1106	8224
1106	15
1107	1428
1107	2189
1107	351
1107	5954
1107	3604
1107	6570
1107	6760
1107	308
1107	9974
1107	3836
1108	5654
1108	5138
1108	5170
1108	853
1108	731
1108	6193
1108	3468
1108	229
1108	2266
1108	191
1109	1451
1109	1018
1109	7487
1109	1382
1109	5056
1109	7922
1109	85
1109	2975
1109	6803
1109	933
1110	5639
1110	5605
1110	4105
1110	1135
1110	3346
1110	1031
1110	3025
1110	3189
1110	950
1110	3914
1111	2230
1111	5325
1111	7126
1111	6967
1111	1433
1111	3862
1111	3731
1111	2817
1111	4233
1111	3667
1112	8286
1112	714
1112	2357
1112	7234
1112	7333
1112	6250
1112	9505
1112	8380
1112	278
1112	918
1113	8717
1113	3496
1113	3550
1113	8471
1113	420
1113	186
1113	5411
1113	7207
1113	4784
1113	1965
1114	732
1114	7012
1114	1712
1114	9406
1114	5931
1114	5460
1114	4261
1114	5736
1114	5280
1114	8008
1115	9553
1115	8571
1115	961
1115	4025
1115	1951
1115	3593
1115	2281
1115	6629
1115	790
1115	2466
1116	5084
1116	4040
1116	7983
1116	4104
1116	8453
1116	4512
1116	7690
1116	9096
1116	2980
1116	5118
1117	3063
1117	266
1117	3190
1117	8765
1117	2431
1117	345
1117	7633
1117	221
1117	3332
1117	787
1118	4605
1118	3490
1118	6029
1118	6169
1118	367
1118	9420
1118	1474
1118	4931
1118	7503
1118	7708
1119	3015
1119	8293
1119	2726
1119	8458
1119	5543
1119	3674
1119	3251
1119	6048
1119	5659
1119	3684
1120	4663
1120	6276
1120	5269
1120	8039
1120	9097
1120	7499
1120	1301
1120	5060
1120	2831
1120	3872
1121	641
1121	1760
1121	788
1121	4253
1121	9336
1121	1273
1121	7362
1121	5838
1121	8941
1121	1541
1122	25
1122	7025
1122	8580
1122	5950
1122	1107
1122	8542
1122	4886
1122	9520
1122	6135
1122	2233
1123	5261
1123	7532
1123	8216
1123	1937
1123	4673
1123	6109
1123	8959
1123	8215
1123	2800
1123	8496
1124	5582
1124	5078
1124	5438
1124	7803
1124	1198
1124	5672
1124	343
1124	9660
1124	134
1124	1687
1125	4914
1125	1343
1125	6607
1125	4095
1125	3849
1125	5592
1125	2081
1125	4731
1125	7372
1125	7946
1126	4462
1126	4944
1126	2553
1126	1245
1126	3666
1126	5645
1126	386
1126	1706
1126	2841
1126	2886
1127	5002
1127	7446
1127	5032
1127	9213
1127	1541
1127	6900
1127	9885
1127	5550
1127	8922
1127	6271
1128	1177
1128	9659
1128	6725
1128	4929
1128	1712
1128	2104
1128	751
1128	6083
1128	2490
1128	9181
1129	9550
1129	5321
1129	9504
1129	8318
1129	6206
1129	6453
1129	5141
1129	6545
1129	7203
1129	3505
1130	9362
1130	1856
1130	469
1130	7345
1130	9075
1130	9292
1130	6744
1130	1242
1130	3990
1130	7670
1131	5847
1131	2992
1131	1744
1131	6231
1131	3370
1131	267
1131	573
1131	6054
1131	4766
1131	7245
1132	2243
1132	5836
1132	494
1132	7949
1132	864
1132	1679
1132	3231
1132	3565
1132	4522
1132	1562
1133	8056
1133	5049
1133	1875
1133	1744
1133	3319
1133	2584
1133	2115
1133	9519
1133	6153
1133	2333
1134	3786
1134	8400
1134	2297
1134	4608
1134	4953
1134	7021
1134	4145
1134	1492
1134	1325
1134	4230
1135	6748
1135	43
1135	3540
1135	922
1135	9792
1135	1676
1135	3725
1135	6175
1135	3316
1135	7293
1136	6115
1136	5492
1136	2725
1136	5056
1136	6247
1136	7262
1136	8417
1136	4322
1136	7079
1136	5522
1137	7716
1137	9507
1137	8955
1137	8148
1137	1297
1137	1592
1137	1635
1137	9047
1137	2031
1137	2764
1138	609
1138	5360
1138	5868
1138	572
1138	7778
1138	1922
1138	1933
1138	8351
1138	8740
1138	8408
1139	4835
1139	1427
1139	5061
1139	5492
1139	9429
1139	352
1139	6140
1139	7360
1139	8369
1139	9946
1140	1541
1140	3375
1140	9357
1140	608
1140	4419
1140	7652
1140	9660
1140	2485
1140	5007
1140	5428
1141	1196
1141	5107
1141	7465
1141	9125
1141	3565
1141	720
1141	6128
1141	594
1141	1657
1141	5285
1142	7772
1142	5042
1142	9594
1142	2906
1142	3750
1142	5753
1142	2262
1142	4013
1142	7512
1142	2055
1143	3225
1143	2341
1143	8935
1143	4094
1143	1454
1143	6271
1143	3442
1143	3225
1143	8552
1143	1182
1144	7448
1144	4366
1144	8311
1144	9161
1144	87
1144	2195
1144	4939
1144	8239
1144	3369
1144	8458
1145	4385
1145	5790
1145	8643
1145	3544
1145	4352
1145	4376
1145	6636
1145	8079
1145	3683
1145	6900
1146	2120
1146	1238
1146	5821
1146	9412
1146	5050
1146	4010
1146	532
1146	8226
1146	8604
1146	4391
1147	1435
1147	1985
1147	3813
1147	6314
1147	2905
1147	5451
1147	2158
1147	5462
1147	5111
1147	8273
1148	136
1148	7958
1148	9853
1148	6341
1148	8987
1148	3012
1148	2347
1148	9775
1148	8275
1148	6749
1149	8555
1149	8971
1149	2986
1149	8197
1149	8962
1149	1781
1149	5466
1149	3799
1149	2512
1149	5468
1150	3893
1150	2548
1150	1167
1150	8838
1150	7389
1150	587
1150	5496
1150	2115
1150	363
1150	8521
1151	3655
1151	889
1151	5160
1151	937
1151	1769
1151	640
1151	8409
1151	6042
1151	4377
1151	9602
1152	1643
1152	178
1152	3308
1152	2449
1152	9791
1152	8778
1152	5877
1152	9301
1152	4156
1152	9429
1153	1406
1153	5797
1153	5821
1153	5127
1153	2414
1153	8888
1153	7807
1153	9913
1153	197
1153	5500
1154	3617
1154	4435
1154	5678
1154	3617
1154	5152
1154	3263
1154	4264
1154	849
1154	7484
1154	2693
1155	795
1155	8526
1155	156
1155	8355
1155	6463
1155	2148
1155	9274
1155	35
1155	2344
1155	4263
1156	2828
1156	3648
1156	7525
1156	2740
1156	7217
1156	2353
1156	769
1156	334
1156	4945
1156	6795
1157	7063
1157	2094
1157	2080
1157	8341
1157	7088
1157	4742
1157	2780
1157	7503
1157	2846
1157	574
1158	7036
1158	591
1158	4986
1158	6590
1158	7105
1158	3240
1158	9763
1158	5022
1158	5177
1158	728
1159	1447
1159	6075
1159	95
1159	7774
1159	2657
1159	7316
1159	2794
1159	906
1159	3088
1159	5424
1160	1514
1160	7743
1160	6298
1160	2993
1160	226
1160	7362
1160	2935
1160	669
1160	9523
1160	8206
1161	4034
1161	5950
1161	2838
1161	9359
1161	6837
1161	3306
1161	5677
1161	8671
1161	1456
1161	2481
1162	6637
1162	9506
1162	5152
1162	9008
1162	2896
1162	8224
1162	9397
1162	5619
1162	9915
1162	6764
1163	3678
1163	4098
1163	4566
1163	9208
1163	3030
1163	4260
1163	3386
1163	5018
1163	2129
1163	6912
1164	2130
1164	4796
1164	9051
1164	5377
1164	1601
1164	3989
1164	7189
1164	5437
1164	3994
1164	8772
1165	2070
1165	7428
1165	1838
1165	8862
1165	8164
1165	6215
1165	2625
1165	8352
1165	7703
1165	6822
1166	7595
1166	7472
1166	3004
1166	2156
1166	9954
1166	4919
1166	4308
1166	4501
1166	6106
1166	9637
1167	4728
1167	2962
1167	5455
1167	9889
1167	2683
1167	2066
1167	4286
1167	2877
1167	1990
1167	2327
1168	5048
1168	6461
1168	7412
1168	1401
1168	8891
1168	3237
1168	8528
1168	9384
1168	3085
1168	7423
1169	8780
1169	2080
1169	4485
1169	3898
1169	3558
1169	8097
1169	1821
1169	4854
1169	3157
1169	810
1170	2116
1170	9399
1170	7327
1170	6406
1170	7002
1170	7745
1170	2883
1170	6417
1170	4524
1170	4278
1171	8900
1171	3516
1171	5551
1171	183
1171	9316
1171	5389
1171	94
1171	6936
1171	5955
1171	7607
1172	349
1172	1381
1172	8435
1172	3243
1172	4512
1172	1220
1172	1545
1172	8360
1172	7010
1172	847
1173	8585
1173	7429
1173	9484
1173	1867
1173	2556
1173	5016
1173	4187
1173	6856
1173	4199
1173	9158
1174	6437
1174	5394
1174	9798
1174	2375
1174	3866
1174	9766
1174	9076
1174	222
1174	1710
1174	1965
1175	917
1175	7005
1175	9525
1175	6008
1175	4539
1175	8948
1175	54
1175	4105
1175	2954
1175	8637
1176	5593
1176	99
1176	6774
1176	4001
1176	504
1176	5272
1176	6481
1176	1932
1176	810
1176	2268
1177	5097
1177	8138
1177	436
1177	9718
1177	7615
1177	3483
1177	7106
1177	5819
1177	7260
1177	9011
1178	3915
1178	3691
1178	3213
1178	7925
1178	6968
1178	1218
1178	5068
1178	7070
1178	4712
1178	856
1179	7863
1179	6865
1179	2096
1179	2799
1179	4916
1179	1815
1179	4545
1179	9068
1179	2843
1179	7322
1180	790
1180	7678
1180	5838
1180	5723
1180	4958
1180	3060
1180	7483
1180	1362
1180	520
1180	573
1181	9309
1181	7853
1181	457
1181	6389
1181	9323
1181	8361
1181	3181
1181	3608
1181	2517
1181	7122
1182	4420
1182	4610
1182	254
1182	266
1182	4946
1182	5546
1182	340
1182	6126
1182	8808
1182	1771
1183	9963
1183	7630
1183	6183
1183	743
1183	1578
1183	7665
1183	445
1183	1715
1183	4368
1183	9491
1184	1897
1184	7330
1184	5786
1184	9735
1184	8700
1184	6546
1184	9985
1184	2651
1184	7713
1184	1487
1185	6951
1185	9414
1185	7619
1185	478
1185	787
1185	5081
1185	4423
1185	6840
1185	950
1185	9801
1186	5018
1186	8875
1186	682
1186	1392
1186	1425
1186	3038
1186	727
1186	1825
1186	6900
1186	1719
1187	3382
1187	6544
1187	9657
1187	985
1187	1735
1187	2332
1187	1347
1187	1113
1187	7335
1187	2077
1188	2747
1188	792
1188	2664
1188	7440
1188	4406
1188	4937
1188	409
1188	6555
1188	9206
1188	5691
1189	4255
1189	1929
1189	1125
1189	6096
1189	5099
1189	1890
1189	3656
1189	3155
1189	8964
1189	1477
1190	88
1190	2698
1190	7137
1190	1634
1190	6186
1190	3166
1190	5671
1190	5801
1190	7155
1190	2340
1191	1002
1191	1254
1191	8281
1191	2326
1191	3213
1191	5348
1191	6821
1191	2386
1191	2391
1191	9518
1192	2483
1192	9274
1192	4561
1192	7162
1192	3531
1192	8725
1192	3396
1192	9332
1192	9656
1192	2304
1193	790
1193	8163
1193	772
1193	6655
1193	5044
1193	3471
1193	5979
1193	6423
1193	8183
1193	271
1194	527
1194	1199
1194	7224
1194	1157
1194	1273
1194	7539
1194	1809
1194	5328
1194	1829
1194	5037
1195	4051
1195	7114
1195	9896
1195	4308
1195	7813
1195	3633
1195	1420
1195	3203
1195	6840
1195	1319
1196	6749
1196	3715
1196	6153
1196	7179
1196	5569
1196	5851
1196	3553
1196	3609
1196	8634
1196	5353
1197	2581
1197	1812
1197	2234
1197	1768
1197	5837
1197	2586
1197	5953
1197	2232
1197	774
1197	7418
1198	2351
1198	9946
1198	3484
1198	363
1198	7995
1198	115
1198	5119
1198	8827
1198	12
1198	3285
1199	1152
1199	9639
1199	40
1199	7890
1199	73
1199	3682
1199	3380
1199	6357
1199	6160
1199	6875
1200	441
1200	4344
1200	3002
1200	7908
1200	7213
1200	3990
1200	685
1200	3478
1200	7764
1200	7441
1201	9127
1201	6859
1201	435
1201	6916
1201	2305
1201	707
1201	1476
1201	970
1201	8642
1201	9714
1202	439
1202	1851
1202	4861
1202	2930
1202	3939
1202	6738
1202	2941
1202	531
1202	9265
1202	5018
1203	8104
1203	7496
1203	3459
1203	9539
1203	9820
1203	8504
1203	4785
1203	9171
1203	7664
1203	6969
1204	3923
1204	4506
1204	9012
1204	9878
1204	4996
1204	3250
1204	6291
1204	4774
1204	43
1204	390
1205	8057
1205	6872
1205	8386
1205	7466
1205	5431
1205	1649
1205	6472
1205	6649
1205	6076
1205	4083
1206	5940
1206	25
1206	1696
1206	1878
1206	7070
1206	6088
1206	9261
1206	3301
1206	1485
1206	631
1207	1409
1207	8144
1207	2223
1207	7194
1207	1676
1207	4348
1207	2436
1207	984
1207	2189
1207	1129
1208	1868
1208	7270
1208	299
1208	4010
1208	5127
1208	9126
1208	5694
1208	1311
1208	8369
1208	4610
1209	2211
1209	6717
1209	2120
1209	6777
1209	3897
1209	8960
1209	6258
1209	2516
1209	3716
1209	6176
1210	8055
1210	9788
1210	1794
1210	6644
1210	3479
1210	4644
1210	4734
1210	1896
1210	1434
1210	7089
1211	1198
1211	2502
1211	1114
1211	1460
1211	5194
1211	2788
1211	5000
1211	3852
1211	4725
1211	6304
1212	2388
1212	3472
1212	7839
1212	6760
1212	4474
1212	8627
1212	3975
1212	867
1212	4002
1212	1671
1213	8746
1213	2606
1213	3250
1213	3488
1213	8666
1213	5319
1213	7768
1213	2988
1213	3687
1213	736
1214	5330
1214	672
1214	2866
1214	2923
1214	9381
1214	5433
1214	2650
1214	5573
1214	4414
1214	6546
1215	9759
1215	4898
1215	9225
1215	5510
1215	2729
1215	6820
1215	1088
1215	9679
1215	9037
1215	266
1216	7965
1216	3752
1216	4283
1216	8356
1216	280
1216	9954
1216	9209
1216	2343
1216	8096
1216	6834
1217	5994
1217	6247
1217	8161
1217	1782
1217	4801
1217	2153
1217	2472
1217	180
1217	7020
1217	1787
1218	9644
1218	3771
1218	7979
1218	402
1218	3806
1218	3296
1218	9315
1218	8769
1218	2480
1218	1546
1219	4866
1219	6884
1219	1461
1219	7590
1219	7262
1219	4624
1219	8581
1219	320
1219	1886
1219	4409
1220	8931
1220	704
1220	9836
1220	1900
1220	3623
1220	8364
1220	5711
1220	3598
1220	2203
1220	2856
1221	3503
1221	5880
1221	6189
1221	4134
1221	4315
1221	7684
1221	3804
1221	661
1221	1215
1221	671
1222	979
1222	2348
1222	3992
1222	5601
1222	4381
1222	9070
1222	3937
1222	5985
1222	439
1222	8146
1223	9795
1223	823
1223	6839
1223	708
1223	1790
1223	8390
1223	9924
1223	7675
1223	3867
1223	5926
1224	5717
1224	8784
1224	7598
1224	1228
1224	2838
1224	1883
1224	347
1224	2347
1224	2035
1224	2458
1225	2097
1225	6280
1225	3418
1225	9767
1225	9502
1225	3255
1225	6685
1225	9494
1225	7842
1225	2064
1226	4769
1226	2301
1226	9549
1226	4654
1226	3732
1226	5319
1226	2319
1226	7184
1226	2847
1226	1922
1227	797
1227	7140
1227	1893
1227	7990
1227	4129
1227	7177
1227	9869
1227	785
1227	7401
1227	5366
1228	5059
1228	7599
1228	8917
1228	592
1228	2955
1228	222
1228	6447
1228	1007
1228	5453
1228	3969
1229	6824
1229	5969
1229	8404
1229	2024
1229	800
1229	1439
1229	2135
1229	3206
1229	527
1229	2581
1230	1766
1230	8986
1230	6759
1230	2269
1230	9826
1230	9077
1230	7375
1230	9430
1230	1015
1230	2067
1231	500
1231	1751
1231	6356
1231	4674
1231	4019
1231	8926
1231	6202
1231	5575
1231	9919
1231	7618
1232	1454
1232	3645
1232	6746
1232	7987
1232	6890
1232	2420
1232	3113
1232	1206
1232	5638
1232	4998
1233	5699
1233	3811
1233	4824
1233	678
1233	5832
1233	5935
1233	3263
1233	9771
1233	8810
1233	3894
1234	3181
1234	7582
1234	946
1234	3552
1234	9671
1234	7141
1234	577
1234	1611
1234	7443
1234	3867
1235	6032
1235	7051
1235	5949
1235	2535
1235	287
1235	5531
1235	1719
1235	5204
1235	591
1235	2337
1236	784
1236	283
1236	9171
1236	4924
1236	8025
1236	4764
1236	3226
1236	1147
1236	9897
1236	9961
1237	2464
1237	2295
1237	1847
1237	7585
1237	6801
1237	6060
1237	7757
1237	2241
1237	5378
1237	155
1238	8363
1238	911
1238	1236
1238	587
1238	3786
1238	42
1238	5918
1238	5098
1238	4654
1238	4269
1239	4786
1239	1170
1239	7803
1239	7695
1239	7473
1239	8214
1239	450
1239	5069
1239	672
1239	1513
1240	5964
1240	9332
1240	6621
1240	8828
1240	2311
1240	2627
1240	1751
1240	7337
1240	9209
1240	5063
1241	1074
1241	6818
1241	7690
1241	5835
1241	514
1241	4614
1241	3592
1241	8189
1241	5896
1241	9193
1242	9665
1242	7121
1242	3246
1242	4875
1242	4220
1242	4718
1242	7119
1242	4666
1242	8391
1242	6464
1243	1874
1243	9715
1243	2824
1243	6695
1243	9970
1243	9407
1243	7632
1243	9659
1243	6939
1243	8508
1244	809
1244	929
1244	1049
1244	8449
1244	9451
1244	6310
1244	7533
1244	2694
1244	2179
1244	2689
1245	7914
1245	6383
1245	6233
1245	7808
1245	4330
1245	2412
1245	2281
1245	2261
1245	3564
1245	1838
1246	6147
1246	1149
1246	9808
1246	9565
1246	6916
1246	5975
1246	6972
1246	9776
1246	3688
1246	3135
1247	9627
1247	3353
1247	2018
1247	2890
1247	970
1247	2953
1247	2115
1247	5539
1247	471
1247	8811
1248	8421
1248	5858
1248	8772
1248	1840
1248	8234
1248	228
1248	251
1248	3549
1248	7528
1248	597
1249	1755
1249	9900
1249	3304
1249	970
1249	9322
1249	2864
1249	0
1249	9112
1249	4175
1249	1921
1250	7718
1250	7764
1250	3354
1250	4966
1250	5523
1250	6965
1250	102
1250	318
1250	6351
1250	2323
1251	3847
1251	8581
1251	3795
1251	6070
1251	9573
1251	6472
1251	2626
1251	7035
1251	4513
1251	6511
1252	9728
1252	9499
1252	6125
1252	8678
1252	2370
1252	4406
1252	6858
1252	6239
1252	1916
1252	8982
1253	1276
1253	240
1253	1550
1253	2866
1253	8458
1253	9556
1253	9601
1253	7366
1253	5149
1253	1958
1254	9388
1254	4281
1254	7820
1254	4346
1254	5712
1254	6315
1254	3143
1254	554
1254	7607
1254	5383
1255	923
1255	1919
1255	542
1255	6613
1255	9521
1255	5532
1255	3264
1255	9771
1255	4071
1255	7955
1256	4076
1256	8162
1256	5543
1256	7098
1256	2981
1256	1181
1256	2275
1256	3693
1256	9041
1256	5814
1257	4689
1257	3662
1257	9795
1257	3255
1257	9878
1257	4018
1257	5908
1257	9345
1257	9289
1257	2948
1258	4488
1258	5592
1258	8260
1258	3211
1258	4459
1258	9308
1258	4941
1258	4413
1258	2061
1258	2811
1259	9250
1259	4476
1259	1396
1259	6439
1259	250
1259	9835
1259	5538
1259	8612
1259	1773
1259	7577
1260	4063
1260	3118
1260	4163
1260	3079
1260	9072
1260	7321
1260	343
1260	6417
1260	5035
1260	6690
1261	6081
1261	2548
1261	1833
1261	6908
1261	3131
1261	8178
1261	609
1261	8622
1261	9662
1261	9924
1262	6811
1262	8943
1262	265
1262	4756
1262	4685
1262	6783
1262	6937
1262	1494
1262	8639
1262	7291
1263	6264
1263	2335
1263	9616
1263	8080
1263	428
1263	2763
1263	6172
1263	9751
1263	7183
1263	9635
1264	5365
1264	4787
1264	4083
1264	3029
1264	6611
1264	746
1264	8064
1264	7869
1264	4638
1264	1864
1265	7903
1265	2464
1265	1654
1265	2185
1265	2838
1265	9796
1265	2294
1265	4306
1265	9211
1265	9533
1266	4678
1266	2158
1266	6596
1266	6332
1266	9577
1266	18
1266	7150
1266	9438
1266	7694
1266	4513
1267	3148
1267	4876
1267	8474
1267	5268
1267	936
1267	5647
1267	6955
1267	6785
1267	74
1267	493
1268	3755
1268	1976
1268	305
1268	6951
1268	184
1268	1312
1268	9450
1268	9520
1268	843
1268	8359
1269	4372
1269	5778
1269	5781
1269	8595
1269	1417
1269	9552
1269	5607
1269	114
1269	7936
1269	6014
1270	9439
1270	5651
1270	676
1270	3605
1270	2360
1270	4472
1270	1823
1270	1470
1270	2374
1270	3908
1271	4394
1271	908
1271	8100
1271	5614
1271	5990
1271	8587
1271	6442
1271	1021
1271	9387
1271	5339
1272	2852
1272	9390
1272	7020
1272	9232
1272	1830
1272	7996
1272	3417
1272	8444
1272	3805
1272	7946
1273	6160
1273	1466
1273	7043
1273	5185
1273	2492
1273	6432
1273	1378
1273	5035
1273	2347
1273	4223
1274	2323
1274	7547
1274	5935
1274	356
1274	5211
1274	4517
1274	1578
1274	9496
1274	6472
1274	5690
1275	2553
1275	2716
1275	8909
1275	433
1275	8425
1275	8130
1275	7377
1275	8916
1275	5746
1275	9763
1276	6427
1276	4803
1276	4844
1276	5632
1276	5611
1276	2959
1276	5789
1276	5170
1276	1105
1276	4780
1277	320
1277	6161
1277	3280
1277	9913
1277	392
1277	1688
1277	2987
1277	6797
1277	8509
1277	3973
1278	3869
1278	1906
1278	8895
1278	7911
1278	2308
1278	2763
1278	2057
1278	982
1278	535
1278	8466
1279	4408
1279	139
1279	1490
1279	58
1279	5811
1279	9042
1279	7071
1279	6530
1279	1406
1279	6639
1280	9869
1280	419
1280	6892
1280	5005
1280	3652
1280	2847
1280	8343
1280	5807
1280	1347
1280	6343
1281	4665
1281	1220
1281	3794
1281	2015
1281	7368
1281	868
1281	2351
1281	2862
1281	5475
1281	6487
1282	6891
1282	7183
1282	8026
1282	5665
1282	4699
1282	715
1282	6395
1282	4296
1282	8920
1282	1640
1283	37
1283	9857
1283	6738
1283	8463
1283	3366
1283	3913
1283	104
1283	3431
1283	4867
1283	7428
1284	5131
1284	8203
1284	9903
1284	499
1284	8492
1284	7925
1284	1638
1284	4599
1284	438
1284	282
1285	3502
1285	8249
1285	1680
1285	2005
1285	2506
1285	6123
1285	4146
1285	1961
1285	3948
1285	1721
1286	6451
1286	9528
1286	3139
1286	7840
1286	4160
1286	7068
1286	2338
1286	3545
1286	9299
1286	2270
1287	5891
1287	2626
1287	3603
1287	6374
1287	5819
1287	7913
1287	550
1287	6894
1287	3801
1287	8298
1288	8154
1288	7079
1288	7433
1288	1037
1288	9384
1288	1210
1288	9687
1288	8562
1288	6808
1288	5399
1289	9229
1289	5897
1289	3900
1289	5549
1289	5948
1289	1089
1289	706
1289	5959
1289	2830
1289	5163
1290	4642
1290	5836
1290	6275
1290	7631
1290	6793
1290	3958
1290	2879
1290	9933
1290	2829
1290	9207
1291	3974
1291	792
1291	8557
1291	9724
1291	3944
1291	2862
1291	6282
1291	2318
1291	1704
1291	424
1292	4468
1292	7282
1292	9231
1292	2316
1292	821
1292	3360
1292	65
1292	939
1292	7417
1292	1986
1293	139
1293	2615
1293	7236
1293	8094
1293	5470
1293	9896
1293	3581
1293	4436
1293	4769
1293	6528
1294	6878
1294	9582
1294	2985
1294	3464
1294	9080
1294	2307
1294	9325
1294	4796
1294	7125
1294	555
1295	6649
1295	4949
1295	1728
1295	7291
1295	3143
1295	120
1295	3967
1295	1229
1295	4006
1295	7911
1296	8328
1296	2068
1296	3776
1296	9579
1296	2591
1296	8306
1296	4284
1296	2052
1296	3254
1296	6862
1297	7079
1297	5760
1297	8111
1297	9075
1297	9729
1297	9357
1297	5418
1297	2016
1297	5157
1297	8208
1298	3115
1298	8793
1298	4781
1298	8172
1298	5645
1298	4179
1298	6238
1298	5341
1298	7300
1298	9606
1299	7267
1299	4201
1299	5762
1299	5038
1299	1088
1299	2280
1299	3443
1299	4050
1299	2673
1299	9097
1300	2377
1300	6346
1300	3589
1300	921
1300	5864
1300	8564
1300	5470
1300	8481
1300	3815
1300	2271
1301	9315
1301	7975
1301	8152
1301	6256
1301	7295
1301	4512
1301	722
1301	6065
1301	4023
1301	844
1302	2085
1302	1519
1302	5350
1302	2667
1302	8912
1302	7259
1302	3635
1302	8760
1302	7749
1302	5222
1303	4361
1303	8095
1303	4358
1303	1138
1303	1696
1303	8126
1303	5495
1303	2277
1303	8480
1303	3555
1304	191
1304	6024
1304	607
1304	6723
1304	7008
1304	7524
1304	9242
1304	8717
1304	9021
1304	438
1305	7090
1305	343
1305	9184
1305	384
1305	5697
1305	3280
1305	7594
1305	2481
1305	7389
1305	9443
1306	8515
1306	3055
1306	9353
1306	4817
1306	6278
1306	5720
1306	9930
1306	3507
1306	5223
1306	2634
1307	1862
1307	8670
1307	8715
1307	4186
1307	9555
1307	4075
1307	8295
1307	2323
1307	590
1307	9575
1308	8897
1308	8913
1308	1514
1308	8978
1308	9786
1308	1949
1308	7150
1308	1242
1308	183
1308	3885
1309	2763
1309	2741
1309	7001
1309	2842
1309	2229
1309	815
1309	4344
1309	1419
1309	952
1309	529
1310	2606
1310	1964
1310	4757
1310	1170
1310	3840
1310	2298
1310	2923
1310	5799
1310	7368
1310	3376
1311	2727
1311	6634
1311	2077
1311	875
1311	8903
1311	9676
1311	714
1311	8526
1311	3916
1311	9661
1312	6103
1312	9135
1312	758
1312	3619
1312	1682
1312	9419
1312	7832
1312	1614
1312	3538
1312	8219
1313	6013
1313	398
1313	7152
1313	185
1313	5514
1313	4836
1313	5080
1313	6830
1313	3568
1313	8558
1314	6671
1314	6466
1314	321
1314	5760
1314	5347
1314	4561
1314	6281
1314	6597
1314	5209
1314	5654
1315	8397
1315	633
1315	5535
1315	9151
1315	8035
1315	4894
1315	5685
1315	2616
1315	1795
1315	5849
1316	8006
1316	116
1316	4922
1316	7055
1316	4599
1316	1734
1316	9556
1316	8904
1316	8183
1316	48
1317	3716
1317	8675
1317	9102
1317	8919
1317	1784
1317	5269
1317	3177
1317	8866
1317	4609
1317	709
1318	6745
1318	5196
1318	5529
1318	5502
1318	4491
1318	2259
1318	9802
1318	2018
1318	613
1318	8419
1319	4534
1319	3168
1319	4796
1319	6299
1319	7948
1319	1955
1319	3014
1319	6998
1319	6584
1319	2651
1320	8547
1320	2693
1320	7480
1320	4741
1320	9152
1320	5113
1320	2209
1320	6673
1320	6354
1320	4757
1321	6530
1321	4128
1321	6274
1321	9376
1321	6421
1321	386
1321	3487
1321	6647
1321	5523
1321	551
1322	6125
1322	9857
1322	9465
1322	3328
1322	848
1322	2284
1322	4734
1322	6994
1322	5200
1322	5667
1323	9599
1323	3772
1323	9260
1323	8679
1323	6638
1323	7743
1323	6493
1323	8421
1323	2151
1323	8345
1324	9482
1324	7777
1324	304
1324	8960
1324	1491
1324	3217
1324	8286
1324	964
1324	3209
1324	244
1325	7561
1325	9417
1325	2360
1325	4983
1325	6600
1325	6496
1325	537
1325	1842
1325	4953
1325	319
1326	5499
1326	6618
1326	8199
1326	8758
1326	2758
1326	6413
1326	7449
1326	8538
1326	4770
1326	9213
1327	6074
1327	8329
1327	1838
1327	8927
1327	6429
1327	3238
1327	1682
1327	4299
1327	609
1327	8320
1328	7819
1328	9601
1328	9637
1328	408
1328	9916
1328	30
1328	6832
1328	4511
1328	6912
1328	4293
1329	6366
1329	1014
1329	5179
1329	1135
1329	9602
1329	1387
1329	23
1329	9781
1329	8830
1329	9394
1330	611
1330	1212
1330	1523
1330	7028
1330	3882
1330	2395
1330	8243
1330	8980
1330	276
1330	4038
1331	8715
1331	6870
1331	2678
1331	8406
1331	6654
1331	7116
1331	4144
1331	1441
1331	1948
1331	5412
1332	6155
1332	9662
1332	4208
1332	5568
1332	2466
1332	2915
1332	4081
1332	7896
1332	3436
1332	5006
1333	1971
1333	627
1333	6376
1333	6530
1333	4318
1333	1570
1333	7092
1333	968
1333	7118
1333	2304
1334	269
1334	1297
1334	4230
1334	9998
1334	1865
1334	329
1334	7520
1334	4067
1334	5747
1334	5982
1335	8830
1335	9332
1335	609
1335	8755
1335	1869
1335	443
1335	7347
1335	9557
1335	9862
1335	7463
1336	5504
1336	3405
1336	4061
1336	7175
1336	23
1336	5010
1336	5304
1336	4365
1336	1310
1336	2365
1337	8620
1337	1295
1337	9589
1337	730
1337	6014
1337	2072
1337	4239
1337	5898
1337	4700
1337	6838
1338	1943
1338	5002
1338	8949
1338	558
1338	7998
1338	4542
1338	6658
1338	3285
1338	1769
1338	7631
1339	7115
1339	2870
1339	835
1339	255
1339	7490
1339	4167
1339	9915
1339	9736
1339	1603
1339	8082
1340	3304
1340	4245
1340	5254
1340	3989
1340	7759
1340	1169
1340	1533
1340	8796
1340	3674
1340	9400
1341	3503
1341	9872
1341	4876
1341	7451
1341	5644
1341	8724
1341	3145
1341	891
1341	3245
1341	1431
1342	8963
1342	7315
1342	596
1342	7569
1342	7300
1342	8215
1342	8963
1342	4384
1342	862
1342	4388
1343	3091
1343	5605
1343	3724
1343	353
1343	3255
1343	5643
1343	3643
1343	3903
1343	9121
1343	9575
1344	9771
1344	4717
1344	7545
1344	2135
1344	3267
1344	3537
1344	9261
1344	7222
1344	5108
1344	4772
1345	2004
1345	9957
1345	7052
1345	9188
1345	8148
1345	7271
1345	2258
1345	2336
1345	3177
1345	2385
1346	4553
1346	957
1346	3024
1346	4033
1346	7554
1346	3568
1346	8596
1346	5110
1346	634
1346	3871
1347	2395
1347	6669
1347	6659
1347	903
1347	4530
1347	9052
1347	1837
1347	2953
1347	9968
1347	7228
1348	4875
1348	6850
1348	1504
1348	3350
1348	6258
1348	5369
1348	3513
1348	4071
1348	3776
1348	9179
1349	8828
1349	6220
1349	4028
1349	6407
1349	6426
1349	6004
1349	4412
1349	6949
1349	3176
1349	4372
1350	9161
1350	5100
1350	9969
1350	1455
1350	4053
1350	4839
1350	3771
1350	8236
1350	528
1350	659
1351	5977
1351	1073
1351	2032
1351	9178
1351	780
1351	8880
1351	2459
1351	4528
1351	7718
1351	1672
1352	7224
1352	5345
1352	1831
1352	3077
1352	5502
1352	1092
1352	6123
1352	40
1352	9731
1352	2991
1353	3769
1353	8002
1353	346
1353	4842
1353	8772
1353	2277
1353	314
1353	8206
1353	7892
1353	1028
1354	1900
1354	9686
1354	704
1354	4962
1354	1920
1354	485
1354	1781
1354	4224
1354	3706
1354	1075
1355	3613
1355	4687
1355	5961
1355	6631
1355	7265
1355	8468
1355	8818
1355	8568
1355	3305
1355	1303
1356	7436
1356	316
1356	4143
1356	2600
1356	1510
1356	4558
1356	8633
1356	9579
1356	970
1356	8496
1357	5230
1357	3087
1357	9582
1357	960
1357	5479
1357	2380
1357	9169
1357	3794
1357	5334
1357	5204
1358	1853
1358	883
1358	6440
1358	3706
1358	5426
1358	4944
1358	2907
1358	8048
1358	9681
1358	8201
1359	2756
1359	480
1359	9247
1359	9666
1359	5872
1359	9944
1359	4986
1359	7053
1359	3023
1359	6738
1360	8852
1360	9691
1360	2957
1360	8942
1360	5323
1360	8238
1360	2051
1360	8913
1360	5361
1360	1816
1361	2692
1361	3525
1361	539
1361	5443
1361	9616
1361	6574
1361	3726
1361	1587
1361	6133
1361	2579
1362	5326
1362	7921
1362	1155
1362	9917
1362	8518
1362	4821
1362	4756
1362	2572
1362	1857
1362	3212
1363	1435
1363	7796
1363	7003
1363	3823
1363	753
1363	1573
1363	1921
1363	8923
1363	963
1363	9333
1364	1576
1364	2513
1364	6605
1364	9914
1364	9537
1364	5845
1364	931
1364	9526
1364	8086
1364	6340
1365	6215
1365	4919
1365	8549
1365	1482
1365	7483
1365	3462
1365	9112
1365	7565
1365	125
1365	4822
1366	9663
1366	6187
1366	2022
1366	8386
1366	2285
1366	8928
1366	1315
1366	7744
1366	597
1366	3054
1367	7963
1367	1441
1367	813
1367	2432
1367	2756
1367	9401
1367	6543
1367	5721
1367	9171
1367	2676
1368	5716
1368	9249
1368	3320
1368	5653
1368	5999
1368	5053
1368	1588
1368	7389
1368	914
1368	9003
1369	6152
1369	5734
1369	5688
1369	8523
1369	10
1369	8838
1369	2851
1369	8990
1369	1024
1369	1930
1370	3969
1370	4891
1370	3747
1370	1442
1370	7240
1370	2388
1370	9425
1370	9158
1370	3931
1370	5288
1371	4384
1371	5241
1371	1595
1371	988
1371	5550
1371	4614
1371	4390
1371	6436
1371	9979
1371	1852
1372	6637
1372	5658
1372	5250
1372	5942
1372	2486
1372	5878
1372	1624
1372	8612
1372	471
1372	2445
1373	728
1373	591
1373	6335
1373	6658
1373	7216
1373	5128
1373	5103
1373	4716
1373	1186
1373	9324
1374	5906
1374	6236
1374	4788
1374	3912
1374	7792
1374	2423
1374	2770
1374	2461
1374	9624
1374	6860
1375	7300
1375	5897
1375	4508
1375	1009
1375	5897
1375	190
1375	9127
1375	3469
1375	5035
1375	9768
1376	9908
1376	9691
1376	3597
1376	8447
1376	4567
1376	6754
1376	2248
1376	5219
1376	3276
1376	2837
1377	8712
1377	4190
1377	3536
1377	4003
1377	4709
1377	3166
1377	5876
1377	5339
1377	3740
1377	2425
1378	5055
1378	2799
1378	6363
1378	8809
1378	7734
1378	5649
1378	5487
1378	6213
1378	5532
1378	3320
1379	3032
1379	1218
1379	2760
1379	4697
1379	9292
1379	7461
1379	8106
1379	280
1379	7550
1379	2057
1380	4899
1380	1751
1380	9477
1380	8944
1380	4904
1380	904
1380	6283
1380	5549
1380	6535
1380	7235
1381	7074
1381	2757
1381	8134
1381	1721
1381	3375
1381	1786
1381	4233
1381	70
1381	3704
1381	7445
1382	5729
1382	1548
1382	8781
1382	1045
1382	5375
1382	9354
1382	3431
1382	6660
1382	3196
1382	5375
1383	6708
1383	6679
1383	5847
1383	784
1383	4639
1383	2649
1383	4760
1383	171
1383	6307
1383	9693
1384	8395
1384	8571
1384	6628
1384	9765
1384	2276
1384	6416
1384	4334
1384	8447
1384	1349
1384	3436
1385	4842
1385	781
1385	5197
1385	2170
1385	860
1385	8020
1385	8595
1385	3206
1385	3584
1385	9613
1386	3812
1386	3660
1386	7448
1386	6958
1386	6521
1386	2529
1386	3861
1386	4764
1386	5989
1386	3710
1387	7713
1387	5007
1387	604
1387	519
1387	2119
1387	9714
1387	8280
1387	3401
1387	7330
1387	4179
1388	8470
1388	6133
1388	8738
1388	8201
1388	3616
1388	4413
1388	5875
1388	1863
1388	1316
1388	4014
1389	6043
1389	61
1389	3448
1389	4452
1389	1758
1389	9777
1389	4222
1389	3624
1389	6571
1389	9693
1390	9533
1390	4640
1390	6717
1390	2770
1390	5496
1390	9029
1390	5935
1390	8868
1390	8731
1390	4620
1391	9758
1391	729
1391	5112
1391	1767
1391	2541
1391	8484
1391	7535
1391	9531
1391	6109
1391	6841
1392	9806
1392	8316
1392	5285
1392	8070
1392	7136
1392	8630
1392	2028
1392	4882
1392	8011
1392	8929
1393	2029
1393	7527
1393	7864
1393	7974
1393	6681
1393	4085
1393	9599
1393	5446
1393	5580
1393	8003
1394	2597
1394	6859
1394	8341
1394	922
1394	1141
1394	4421
1394	6313
1394	9116
1394	9891
1394	6580
1395	285
1395	2279
1395	6399
1395	9973
1395	9135
1395	9848
1395	1777
1395	6089
1395	2523
1395	8774
1396	6779
1396	7944
1396	6170
1396	9604
1396	8434
1396	8377
1396	1449
1396	5791
1396	6757
1396	6501
1397	344
1397	6143
1397	1284
1397	1639
1397	5501
1397	6612
1397	4575
1397	3681
1397	8677
1397	1689
1398	1165
1398	9895
1398	1982
1398	4718
1398	6537
1398	129
1398	6230
1398	2307
1398	7767
1398	9739
1399	2343
1399	5573
1399	2493
1399	5230
1399	336
1399	5744
1399	5339
1399	6376
1399	7512
1399	2026
1400	2445
1400	7175
1400	2659
1400	9162
1400	3899
1400	726
1400	7874
1400	7712
1400	6126
1400	4672
1401	6079
1401	2553
1401	6519
1401	8239
1401	3892
1401	1802
1401	1797
1401	1657
1401	2202
1401	5716
1402	5569
1402	2358
1402	1585
1402	2609
1402	9392
1402	3810
1402	1403
1402	8902
1402	5253
1402	4096
1403	3521
1403	9104
1403	5367
1403	9701
1403	4094
1403	8422
1403	9281
1403	9021
1403	2868
1403	5585
1404	6444
1404	8742
1404	5753
1404	7554
1404	9964
1404	6644
1404	6124
1404	8485
1404	3191
1404	8093
1405	2788
1405	9780
1405	6523
1405	6677
1405	3320
1405	4215
1405	177
1405	5547
1405	8928
1405	3850
1406	358
1406	558
1406	4243
1406	8626
1406	3043
1406	784
1406	6333
1406	3675
1406	6830
1406	2873
1407	6414
1407	6647
1407	4654
1407	7712
1407	6749
1407	523
1407	527
1407	2529
1407	1318
1407	9760
1408	3460
1408	11
1408	2389
1408	9681
1408	1738
1408	7175
1408	7948
1408	7695
1408	6385
1408	4651
1409	2369
1409	2184
1409	5476
1409	731
1409	2070
1409	3915
1409	8963
1409	3686
1409	7117
1409	2207
1410	619
1410	4164
1410	3295
1410	2169
1410	1592
1410	5505
1410	325
1410	8670
1410	7712
1410	5249
1411	3304
1411	1540
1411	3381
1411	1856
1411	5078
1411	5788
1411	3921
1411	7073
1411	3669
1411	1831
1412	5159
1412	4669
1412	4423
1412	7754
1412	2140
1412	8199
1412	163
1412	7915
1412	942
1412	8559
1413	4894
1413	4126
1413	7602
1413	5216
1413	656
1413	9999
1413	6770
1413	9878
1413	9457
1413	2830
1414	3016
1414	1751
1414	2275
1414	2664
1414	6685
1414	9652
1414	9753
1414	482
1414	5674
1414	4666
1415	1264
1415	9098
1415	4757
1415	1651
1415	3145
1415	6347
1415	8692
1415	9728
1415	113
1415	948
1416	2681
1416	7943
1416	6400
1416	2825
1416	6841
1416	726
1416	5787
1416	1168
1416	5635
1416	3872
1417	5276
1417	1891
1417	9189
1417	800
1417	9201
1417	1036
1417	6682
1417	3935
1417	5716
1417	4633
1418	2930
1418	9757
1418	5419
1418	4780
1418	6484
1418	6550
1418	7558
1418	2292
1418	9206
1418	7487
1419	7454
1419	6893
1419	266
1419	4974
1419	7305
1419	4831
1419	7707
1419	4125
1419	544
1419	2327
1420	813
1420	2190
1420	3933
1420	9227
1420	3998
1420	534
1420	1649
1420	7219
1420	8439
1420	1768
1421	7123
1421	9257
1421	9406
1421	2199
1421	8681
1421	4516
1421	6468
1421	4932
1421	1897
1421	648
1422	2731
1422	3844
1422	2497
1422	5944
1422	7592
1422	5813
1422	4433
1422	5336
1422	3511
1422	9141
1423	6184
1423	4618
1423	7175
1423	2580
1423	4965
1423	2687
1423	2489
1423	1973
1423	4284
1423	9902
1424	6551
1424	9377
1424	1384
1424	8824
1424	5731
1424	5875
1424	1396
1424	4822
1424	5748
1424	1259
1425	6545
1425	1397
1425	9815
1425	4951
1425	184
1425	699
1425	9706
1425	3353
1425	3351
1425	4872
1426	3430
1426	6847
1426	8490
1426	637
1426	8509
1426	7351
1426	2813
1426	5259
1426	6363
1426	4334
1427	6222
1427	8364
1427	2004
1427	204
1427	8382
1427	869
1427	2823
1427	7657
1427	848
1427	3137
1428	9595
1428	455
1428	8889
1428	1340
1428	5178
1428	7248
1428	1583
1428	5122
1428	4762
1428	875
1429	1314
1429	646
1429	7734
1429	1697
1429	5056
1429	741
1429	7846
1429	2691
1429	1844
1429	4979
1430	7988
1430	4423
1430	2442
1430	8921
1430	5306
1430	7525
1430	851
1430	1946
1430	2625
1430	7061
1431	5548
1431	6007
1431	250
1431	1932
1431	4102
1431	2521
1431	6071
1431	3381
1431	1889
1431	6115
1432	6595
1432	7338
1432	803
1432	1294
1432	2865
1432	5851
1432	125
1432	4040
1432	5099
1432	4732
1433	3683
1433	9257
1433	3421
1433	2963
1433	7015
1433	94
1433	5913
1433	900
1433	7688
1433	8336
1434	1393
1434	7540
1434	9887
1434	980
1434	3541
1434	2071
1434	5987
1434	7227
1434	2199
1434	6659
1435	2284
1435	3648
1435	2152
1435	2392
1435	1055
1435	2475
1435	1595
1435	6931
1435	8769
1435	9038
1436	1671
1436	8683
1436	7551
1436	7628
1436	8515
1436	6530
1436	5883
1436	748
1436	1496
1436	3220
1437	414
1437	7482
1437	1567
1437	7115
1437	5255
1437	4797
1437	6470
1437	8216
1437	817
1437	8376
1438	9969
1438	6603
1438	2914
1438	5848
1438	4430
1438	5856
1438	2957
1438	4662
1438	4301
1438	7355
1439	7035
1439	3894
1439	7126
1439	4055
1439	6833
1439	7159
1439	4558
1439	9924
1439	980
1439	4130
1440	5704
1440	9375
1440	9764
1440	837
1440	4139
1440	5155
1440	9814
1440	7174
1440	809
1440	5226
1441	4986
1441	6115
1441	3660
1441	3295
1441	8542
1441	4805
1441	717
1441	7063
1441	4470
1441	6840
1442	1747
1442	4084
1442	9942
1442	160
1442	6923
1442	8962
1442	9588
1442	4480
1442	2752
1442	5336
1443	2015
1443	8437
1443	8769
1443	7825
1443	1865
1443	5899
1443	6110
1443	6709
1443	5168
1443	1468
1444	8859
1444	4159
1444	5339
1444	2386
1444	4114
1444	753
1444	6762
1444	6715
1444	293
1444	6493
1445	5546
1445	3730
1445	8270
1445	5757
1445	4114
1445	6311
1445	723
1445	9384
1445	7418
1445	2803
1446	3596
1446	8350
1446	7832
1446	9497
1446	9463
1446	7835
1446	8702
1446	5231
1446	9971
1446	1595
1447	3337
1447	2766
1447	5950
1447	5289
1447	9577
1447	6481
1447	5370
1447	2244
1447	6716
1447	6242
1448	180
1448	5962
1448	7599
1448	8165
1448	5588
1448	653
1448	8325
1448	9516
1448	9234
1448	7207
1449	1238
1449	3856
1449	9816
1449	4008
1449	3412
1449	533
1449	999
1449	4524
1449	4676
1449	8235
1450	9909
1450	1826
1450	6058
1450	1799
1450	8854
1450	9857
1450	2506
1450	3348
1450	6204
1450	3506
1451	3673
1451	3391
1451	3080
1451	2581
1451	546
1451	9711
1451	2454
1451	1439
1451	2348
1451	7618
1452	6998
1452	9267
1452	4798
1452	8911
1452	2941
1452	3144
1452	4592
1452	2907
1452	5600
1452	4710
1453	5588
1453	4965
1453	6811
1453	5984
1453	661
1453	5207
1453	9864
1453	6102
1453	1225
1453	1809
1454	8035
1454	829
1454	9361
1454	5641
1454	3551
1454	1398
1454	7285
1454	185
1454	3247
1454	568
1455	883
1455	4817
1455	3374
1455	2188
1455	2773
1455	2683
1455	7345
1455	5770
1455	5922
1455	7708
1456	1732
1456	6802
1456	2213
1456	719
1456	7514
1456	6741
1456	8727
1456	4986
1456	1951
1456	4056
1457	3441
1457	3834
1457	1396
1457	6160
1457	7760
1457	6085
1457	4191
1457	2373
1457	305
1457	3583
1458	9346
1458	5746
1458	1541
1458	5824
1458	29
1458	9711
1458	954
1458	6300
1458	3520
1458	5280
1459	4854
1459	7835
1459	8045
1459	2895
1459	7380
1459	7531
1459	9278
1459	2448
1459	7713
1459	5104
1460	5999
1460	9935
1460	1565
1460	5654
1460	7516
1460	9310
1460	7306
1460	5800
1460	641
1460	8484
1461	4888
1461	3239
1461	2600
1461	5556
1461	1720
1461	6685
1461	6277
1461	8328
1461	6934
1461	4004
1462	3913
1462	6002
1462	4240
1462	9690
1462	5418
1462	4889
1462	3796
1462	3894
1462	2719
1462	1056
1463	3282
1463	4091
1463	9137
1463	7387
1463	8669
1463	9279
1463	6772
1463	3585
1463	1632
1463	6407
1464	542
1464	7128
1464	5642
1464	4239
1464	1475
1464	605
1464	321
1464	1448
1464	3118
1464	2188
1465	1429
1465	9509
1465	8171
1465	1596
1465	1484
1465	2521
1465	5225
1465	304
1465	5270
1465	2892
1466	3443
1466	7182
1466	8260
1466	8859
1466	4680
1466	9587
1466	6145
1466	6065
1466	9323
1466	2163
1467	5813
1467	7308
1467	6424
1467	1027
1467	2768
1467	4414
1467	3303
1467	1604
1467	8657
1467	4270
1468	1840
1468	7691
1468	9460
1468	6855
1468	6158
1468	1693
1468	1169
1468	116
1468	3130
1468	8540
1469	9705
1469	5074
1469	1866
1469	5643
1469	5940
1469	5844
1469	5795
1469	6284
1469	8389
1469	2128
1470	3017
1470	7486
1470	6750
1470	3667
1470	1603
1470	2401
1470	5863
1470	2284
1470	276
1470	7109
1471	6969
1471	3883
1471	2651
1471	6136
1471	2608
1471	3877
1471	9476
1471	3381
1471	5222
1471	5129
1472	2542
1472	2654
1472	3208
1472	9734
1472	3195
1472	2540
1472	2595
1472	1557
1472	6535
1472	3596
1473	3298
1473	8614
1473	6058
1473	3963
1473	2061
1473	5055
1473	4298
1473	7139
1473	9584
1473	4753
1474	9111
1474	7875
1474	7241
1474	8501
1474	6034
1474	5578
1474	5674
1474	5194
1474	4494
1474	1583
1475	1453
1475	3020
1475	812
1475	3061
1475	9903
1475	8918
1475	9643
1475	341
1475	2256
1475	9605
1476	8187
1476	7132
1476	6432
1476	8986
1476	6478
1476	5965
1476	4051
1476	4041
1476	3090
1476	1812
1477	8195
1477	6106
1477	3888
1477	9232
1477	4678
1477	6949
1477	5173
1477	8150
1477	1979
1477	1605
1478	278
1478	5321
1478	9486
1478	2204
1478	7274
1478	2250
1478	1226
1478	889
1478	674
1478	1910
1479	8144
1479	8102
1479	3988
1479	9965
1479	3769
1479	3357
1479	4329
1479	2081
1479	1434
1479	9336
1480	3500
1480	9232
1480	9442
1480	7369
1480	7676
1480	7037
1480	6153
1480	6171
1480	9638
1480	8937
1481	2183
1481	2995
1481	4856
1481	9320
1481	279
1481	9414
1481	2403
1481	9715
1481	6071
1481	6557
1482	7224
1482	2423
1482	8718
1482	6808
1482	1469
1482	5929
1482	5275
1482	9150
1482	5485
1482	6874
1483	839
1483	8523
1483	8185
1483	990
1483	2607
1483	7882
1483	149
1483	5721
1483	9628
1483	2665
1484	6466
1484	8539
1484	2848
1484	7844
1484	3409
1484	9491
1484	8655
1484	7387
1484	3797
1484	9481
1485	3481
1485	5664
1485	2043
1485	2420
1485	8564
1485	6993
1485	4482
1485	194
1485	1132
1485	275
1486	1247
1486	9913
1486	6984
1486	4091
1486	7563
1486	732
1486	8832
1486	8660
1486	7951
1486	8179
1487	6663
1487	1720
1487	2292
1487	6299
1487	1804
1487	7890
1487	5657
1487	9137
1487	180
1487	5604
1488	6104
1488	5974
1488	8031
1488	7102
1488	7557
1488	2369
1488	6490
1488	1628
1488	8832
1488	9948
1489	3463
1489	2703
1489	8588
1489	2607
1489	5601
1489	3578
1489	6752
1489	8928
1489	5870
1489	618
1490	5943
1490	1961
1490	203
1490	6082
1490	2441
1490	730
1490	6671
1490	1344
1490	3069
1490	5865
1491	9298
1491	8092
1491	3162
1491	6033
1491	7599
1491	9366
1491	1481
1491	6912
1491	5746
1491	9774
1492	5954
1492	5603
1492	5082
1492	5574
1492	5180
1492	3223
1492	6673
1492	1216
1492	5151
1492	7959
1493	3423
1493	9229
1493	1692
1493	2889
1493	7159
1493	2984
1493	1240
1493	3559
1493	9460
1493	7511
1494	3842
1494	7174
1494	3651
1494	205
1494	7286
1494	8951
1494	989
1494	1895
1494	8644
1494	5552
1495	5140
1495	3592
1495	8487
1495	882
1495	2410
1495	9351
1495	4575
1495	7121
1495	1482
1495	1146
1496	4666
1496	7205
1496	743
1496	3275
1496	4657
1496	2243
1496	6975
1496	515
1496	5449
1496	8215
1497	4295
1497	4803
1497	4820
1497	5356
1497	7415
1497	4273
1497	8254
1497	7903
1497	3947
1497	3167
1498	6013
1498	429
1498	1794
1498	216
1498	309
1498	2751
1498	3821
1498	5122
1498	4881
1498	8595
1499	6057
1499	8907
1499	3595
1499	6056
1499	361
1499	3822
1499	8636
1499	1855
1499	5366
1499	2865
1500	4512
1500	3076
1500	9013
1500	419
1500	2749
1500	7974
1500	9570
1500	7074
1500	40
1500	2602
1501	674
1501	2088
1501	6208
1501	9874
1501	6222
1501	2768
1501	5698
1501	4023
1501	8762
1501	7548
1502	3911
1502	5073
1502	9457
1502	6294
1502	348
1502	4648
1502	2388
1502	121
1502	9024
1502	6632
1503	7629
1503	4994
1503	8706
1503	9163
1503	8898
1503	7777
1503	7564
1503	3668
1503	9586
1503	399
1504	48
1504	1764
1504	4250
1504	5470
1504	1704
1504	6162
1504	9071
1504	1924
1504	9863
1504	2059
1505	1498
1505	6582
1505	6197
1505	4166
1505	1208
1505	2387
1505	3466
1505	1731
1505	3570
1505	7614
1506	9022
1506	2612
1506	7736
1506	6637
1506	8590
1506	1956
1506	5613
1506	3779
1506	3155
1506	7241
1507	1650
1507	5845
1507	1963
1507	3278
1507	5291
1507	4723
1507	2701
1507	6799
1507	6497
1507	2044
1508	3776
1508	2084
1508	7498
1508	7209
1508	6153
1508	9241
1508	6043
1508	2092
1508	6621
1508	1327
1509	4562
1509	1137
1509	6969
1509	8319
1509	3305
1509	2334
1509	3121
1509	5891
1509	3796
1509	9066
1510	2847
1510	8003
1510	8041
1510	3933
1510	2075
1510	4420
1510	6643
1510	6646
1510	3926
1510	5910
1511	7018
1511	3901
1511	4726
1511	8810
1511	5180
1511	1540
1511	1010
1511	5856
1511	437
1511	7381
1512	1065
1512	1973
1512	7000
1512	3437
1512	5977
1512	14
1512	3430
1512	2893
1512	7212
1512	5317
1513	8069
1513	1103
1513	6435
1513	5498
1513	4875
1513	6124
1513	3302
1513	1395
1513	1359
1513	1568
1514	1081
1514	5284
1514	6877
1514	5573
1514	7527
1514	2551
1514	9150
1514	3571
1514	9182
1514	249
1515	1322
1515	9423
1515	4425
1515	3628
1515	4498
1515	9705
1515	2969
1515	3753
1515	7540
1515	2838
1516	3873
1516	5612
1516	4297
1516	8948
1516	6384
1516	7536
1516	5395
1516	4644
1516	4675
1516	191
1517	8189
1517	1921
1517	8458
1517	6435
1517	6478
1517	6135
1517	338
1517	9445
1517	2127
1517	4469
1518	3506
1518	1259
1518	5202
1518	4545
1518	2714
1518	9013
1518	173
1518	6912
1518	7885
1518	8866
1519	6622
1519	2
1519	2706
1519	2472
1519	3062
1519	140
1519	6110
1519	8798
1519	5418
1519	3517
1520	1319
1520	643
1520	8860
1520	9326
1520	8377
1520	7449
1520	1973
1520	9049
1520	5139
1520	9070
1521	6176
1521	6296
1521	7887
1521	5673
1521	5406
1521	2721
1521	4992
1521	3714
1521	8020
1521	9867
1522	5142
1522	3470
1522	8463
1522	6713
1522	4463
1522	9575
1522	36
1522	6798
1522	1519
1522	1730
1523	9141
1523	1036
1523	5545
1523	1518
1523	8665
1523	7721
1523	3472
1523	1103
1523	9200
1523	5119
1524	1641
1524	5023
1524	5688
1524	6140
1524	9338
1524	2151
1524	976
1524	6066
1524	2767
1524	5053
1525	1025
1525	4854
1525	4108
1525	2061
1525	823
1525	797
1525	4096
1525	3238
1525	2599
1525	9198
1526	2151
1526	4183
1526	7561
1526	6002
1526	320
1526	9388
1526	6183
1526	3755
1526	1956
1526	7614
1527	5520
1527	6066
1527	8942
1527	7528
1527	5950
1527	2986
1527	9800
1527	9687
1527	7950
1527	1712
1528	9865
1528	2075
1528	549
1528	85
1528	5224
1528	4085
1528	1986
1528	9851
1528	479
1528	2949
1529	2415
1529	820
1529	6694
1529	4378
1529	7017
1529	2745
1529	9703
1529	695
1529	6215
1529	6561
1530	1322
1530	6100
1530	1787
1530	7040
1530	649
1530	9766
1530	4020
1530	1559
1530	2941
1530	5447
1531	102
1531	3325
1531	9708
1531	8341
1531	4572
1531	8586
1531	765
1531	3282
1531	2859
1531	6518
1532	3913
1532	8173
1532	9346
1532	3803
1532	1817
1532	8204
1532	6576
1532	5687
1532	487
1532	9978
1533	395
1533	5878
1533	947
1533	847
1533	7639
1533	4674
1533	9494
1533	2205
1533	5820
1533	158
1534	4510
1534	9326
1534	7979
1534	6529
1534	3919
1534	5957
1534	65
1534	3548
1534	6591
1534	9796
1535	7826
1535	4606
1535	4826
1535	5457
1535	2386
1535	2592
1535	470
1535	9441
1535	8336
1535	6996
1536	4204
1536	9914
1536	9924
1536	9464
1536	3114
1536	8588
1536	414
1536	3185
1536	7440
1536	5904
1537	1993
1537	2484
1537	7172
1537	9392
1537	1525
1537	1717
1537	4630
1537	1282
1537	2620
1537	8133
1538	6360
1538	7336
1538	9784
1538	8531
1538	3595
1538	93
1538	7229
1538	7458
1538	3570
1538	6713
1539	1145
1539	1524
1539	667
1539	1682
1539	7049
1539	5586
1539	4999
1539	3001
1539	1827
1539	9738
1540	5605
1540	6634
1540	8981
1540	6745
1540	8356
1540	9035
1540	9384
1540	7001
1540	1691
1540	4102
1541	6782
1541	637
1541	705
1541	811
1541	4197
1541	3986
1541	1452
1541	2048
1541	2798
1541	9224
1542	7771
1542	5885
1542	2698
1542	3489
1542	5527
1542	8249
1542	4038
1542	9591
1542	9978
1542	8322
1543	1892
1543	5112
1543	6101
1543	2830
1543	6386
1543	1842
1543	719
1543	3821
1543	1220
1543	1318
1544	3379
1544	9633
1544	3922
1544	3639
1544	3421
1544	1699
1544	353
1544	9035
1544	511
1544	3059
1545	1029
1545	4754
1545	9040
1545	1362
1545	2452
1545	3397
1545	3937
1545	330
1545	2414
1545	1393
1546	8481
1546	3434
1546	7823
1546	1674
1546	6084
1546	3745
1546	3662
1546	6635
1546	9231
1546	8799
1547	5284
1547	9855
1547	2862
1547	1819
1547	7128
1547	9305
1547	4687
1547	9658
1547	961
1547	1299
1548	4638
1548	8521
1548	839
1548	6828
1548	8664
1548	495
1548	3693
1548	29
1548	8538
1548	5288
1549	1685
1549	7683
1549	3461
1549	4819
1549	2274
1549	9449
1549	4026
1549	1826
1549	9981
1549	446
1550	2979
1550	8518
1550	1834
1550	4161
1550	8621
1550	738
1550	3823
1550	3357
1550	6159
1550	7242
1551	3415
1551	3324
1551	1113
1551	2025
1551	6404
1551	707
1551	8044
1551	8041
1551	2600
1551	1175
1552	5267
1552	1527
1552	983
1552	1036
1552	6690
1552	6422
1552	8051
1552	9503
1552	2429
1552	5586
1553	417
1553	1142
1553	299
1553	7278
1553	8362
1553	4708
1553	7992
1553	4344
1553	3163
1553	7958
1554	7103
1554	708
1554	6660
1554	1358
1554	9950
1554	4963
1554	1829
1554	9873
1554	8660
1554	5744
1555	4837
1555	1035
1555	4185
1555	3956
1555	9047
1555	6705
1555	4308
1555	8775
1555	8516
1555	5423
1556	3844
1556	5390
1556	8168
1556	3233
1556	9455
1556	732
1556	3177
1556	3926
1556	9582
1556	5602
1557	208
1557	2109
1557	774
1557	6629
1557	8660
1557	6043
1557	8277
1557	9438
1557	2767
1557	8024
1558	2922
1558	4961
1558	4352
1558	5041
1558	6610
1558	3633
1558	3250
1558	8513
1558	2919
1558	92
1559	8513
1559	2740
1559	7919
1559	137
1559	3232
1559	744
1559	5603
1559	253
1559	8540
1559	1527
1560	8854
1560	3164
1560	313
1560	5218
1560	4315
1560	283
1560	8201
1560	5057
1560	3767
1560	4582
1561	3053
1561	34
1561	9241
1561	6434
1561	6829
1561	5230
1561	1731
1561	57
1561	5866
1561	2478
1562	637
1562	1993
1562	2859
1562	798
1562	611
1562	8247
1562	7849
1562	3721
1562	3192
1562	5398
1563	6840
1563	3784
1563	7541
1563	1141
1563	8683
1563	7786
1563	7092
1563	7069
1563	1102
1563	5418
1564	9694
1564	6320
1564	457
1564	7049
1564	7849
1564	3200
1564	7444
1564	2951
1564	7443
1564	3383
1565	4147
1565	6382
1565	4622
1565	192
1565	5240
1565	2659
1565	2607
1565	2766
1565	6612
1565	954
1566	3858
1566	6511
1566	3492
1566	64
1566	4284
1566	5506
1566	7791
1566	5862
1566	5438
1566	6852
1567	4415
1567	259
1567	2253
1567	326
1567	5237
1567	1367
1567	1231
1567	2741
1567	4157
1567	558
1568	8288
1568	847
1568	4209
1568	2873
1568	9513
1568	4857
1568	3267
1568	3072
1568	1733
1568	8624
1569	4281
1569	8625
1569	4356
1569	5416
1569	5220
1569	9148
1569	2089
1569	3388
1569	990
1569	6427
1570	7720
1570	4063
1570	2545
1570	7934
1570	7983
1570	8378
1570	9609
1570	4357
1570	6486
1570	2529
1571	790
1571	682
1571	2939
1571	8635
1571	755
1571	9818
1571	4783
1571	8275
1571	8853
1571	4835
1572	9972
1572	6023
1572	7302
1572	7327
1572	3680
1572	4768
1572	1382
1572	1493
1572	9740
1572	4995
1573	6666
1573	1340
1573	240
1573	5415
1573	6488
1573	6556
1573	7350
1573	5856
1573	2030
1573	4421
1574	6448
1574	1294
1574	7165
1574	3215
1574	3056
1574	667
1574	3267
1574	4839
1574	8697
1574	4786
1575	4191
1575	8959
1575	7063
1575	5669
1575	5363
1575	3583
1575	3479
1575	430
1575	6649
1575	3372
1576	3763
1576	919
1576	5002
1576	9322
1576	8744
1576	9041
1576	9380
1576	400
1576	712
1576	5572
1577	1956
1577	8164
1577	4319
1577	2749
1577	7506
1577	6696
1577	2588
1577	9812
1577	2754
1577	1993
1578	7077
1578	3223
1578	9620
1578	8257
1578	1027
1578	3327
1578	4253
1578	2242
1578	8797
1578	293
1579	2776
1579	9524
1579	9903
1579	4471
1579	9506
1579	7645
1579	4281
1579	4251
1579	2220
1579	6600
1580	6432
1580	5432
1580	2762
1580	6698
1580	9313
1580	5738
1580	7867
1580	6150
1580	4555
1580	4868
1581	1860
1581	5408
1581	9619
1581	1527
1581	5836
1581	1181
1581	3203
1581	3629
1581	5070
1581	1528
1582	6659
1582	278
1582	8375
1582	3847
1582	898
1582	2829
1582	3624
1582	7228
1582	601
1582	2811
1583	5586
1583	4355
1583	4238
1583	50
1583	6829
1583	6701
1583	8752
1583	7873
1583	4128
1583	8440
1584	3550
1584	7893
1584	7212
1584	6280
1584	8400
1584	745
1584	2189
1584	428
1584	9678
1584	8740
1585	4362
1585	4781
1585	8184
1585	6005
1585	8620
1585	3086
1585	5544
1585	5686
1585	6236
1585	1390
1586	5817
1586	1458
1586	1543
1586	6409
1586	3973
1586	5515
1586	7813
1586	7300
1586	9566
1586	8074
1587	1380
1587	2585
1587	4958
1587	6334
1587	5595
1587	531
1587	4116
1587	4781
1587	8440
1587	6569
1588	8667
1588	3280
1588	4442
1588	732
1588	5345
1588	3444
1588	231
1588	4771
1588	5446
1588	850
1589	8554
1589	739
1589	912
1589	3378
1589	1315
1589	8868
1589	2050
1589	3064
1589	8127
1589	2208
1590	8327
1590	1901
1590	4881
1590	7284
1590	6965
1590	645
1590	4696
1590	3197
1590	2683
1590	2980
1591	5234
1591	634
1591	501
1591	2519
1591	918
1591	1593
1591	1661
1591	590
1591	2538
1591	1512
1592	5599
1592	7853
1592	785
1592	8280
1592	8724
1592	3644
1592	3404
1592	4860
1592	4180
1592	8411
1593	1618
1593	5902
1593	4018
1593	5367
1593	8360
1593	9432
1593	2028
1593	2219
1593	4472
1593	9978
1594	2867
1594	2460
1594	489
1594	6475
1594	4014
1594	1990
1594	5492
1594	4222
1594	2560
1594	8579
1595	582
1595	9775
1595	6425
1595	864
1595	6363
1595	495
1595	7433
1595	2778
1595	5589
1595	2437
1596	3498
1596	8731
1596	648
1596	9342
1596	1196
1596	2970
1596	6940
1596	1064
1596	5698
1596	2759
1597	9495
1597	3905
1597	2706
1597	1214
1597	5912
1597	3273
1597	3225
1597	4146
1597	6566
1597	6869
1598	2908
1598	9113
1598	9869
1598	3718
1598	2959
1598	3146
1598	8276
1598	1699
1598	882
1598	1545
1599	708
1599	708
1599	7765
1599	4214
1599	8610
1599	2038
1599	3384
1599	3970
1599	7625
1599	5215
1600	8686
1600	7060
1600	3169
1600	7510
1600	1837
1600	100
1600	1590
1600	8495
1600	2476
1600	4834
1601	8229
1601	8105
1601	2543
1601	663
1601	2089
1601	4087
1601	4226
1601	705
1601	2973
1601	1069
1602	9541
1602	2905
1602	9486
1602	8118
1602	300
1602	5988
1602	1397
1602	8635
1602	4116
1602	9666
1603	4529
1603	1178
1603	3633
1603	9655
1603	580
1603	5365
1603	670
1603	2632
1603	8887
1603	8003
1604	7584
1604	8933
1604	3561
1604	8569
1604	5618
1604	8742
1604	3732
1604	9574
1604	5563
1604	3211
1605	3697
1605	5475
1605	2870
1605	2792
1605	1821
1605	6295
1605	8614
1605	3311
1605	268
1605	2970
1606	5119
1606	7760
1606	7335
1606	8752
1606	4571
1606	3641
1606	278
1606	5227
1606	3949
1606	513
1607	487
1607	1077
1607	3959
1607	9770
1607	9242
1607	7678
1607	5514
1607	5127
1607	3898
1607	1281
1608	6989
1608	2067
1608	4500
1608	7052
1608	5237
1608	9878
1608	309
1608	4219
1608	8951
1608	4064
1609	947
1609	9314
1609	7580
1609	6853
1609	2966
1609	4953
1609	9806
1609	3343
1609	7684
1609	4442
1610	8845
1610	8115
1610	9406
1610	9773
1610	6494
1610	1387
1610	2400
1610	5067
1610	1585
1610	7596
1611	7267
1611	1050
1611	817
1611	7460
1611	2353
1611	9320
1611	5976
1611	3763
1611	4385
1611	3320
1612	1685
1612	353
1612	9580
1612	8777
1612	9796
1612	2543
1612	4548
1612	7381
1612	1561
1612	462
1613	7794
1613	4341
1613	9936
1613	3070
1613	3601
1613	4289
1613	5087
1613	411
1613	8181
1613	7781
1614	8578
1614	3248
1614	4668
1614	2908
1614	7984
1614	4514
1614	4352
1614	2
1614	1981
1614	6905
1615	4433
1615	2154
1615	9707
1615	9999
1615	6940
1615	3355
1615	9170
1615	944
1615	3341
1615	3006
1616	3936
1616	6428
1616	3409
1616	6533
1616	9314
1616	9255
1616	912
1616	5583
1616	4827
1616	9573
1617	6269
1617	687
1617	3913
1617	9313
1617	1961
1617	9944
1617	1422
1617	1358
1617	8730
1617	9045
1618	4865
1618	5362
1618	8185
1618	25
1618	5646
1618	5953
1618	2
1618	1808
1618	4269
1618	767
1619	3773
1619	3192
1619	8611
1619	6295
1619	7080
1619	2757
1619	3669
1619	3514
1619	3694
1619	773
1620	5998
1620	5037
1620	1404
1620	569
1620	8480
1620	1239
1620	7158
1620	566
1620	4625
1620	5894
1621	9215
1621	7476
1621	7310
1621	6781
1621	4000
1621	9245
1621	3372
1621	2101
1621	4854
1621	2075
1622	2896
1622	6493
1622	4956
1622	9790
1622	6737
1622	7218
1622	2277
1622	5773
1622	5110
1622	1528
1623	1941
1623	2117
1623	7331
1623	7986
1623	2375
1623	2171
1623	7873
1623	79
1623	6284
1623	5667
1624	2239
1624	8852
1624	8613
1624	671
1624	9892
1624	1448
1624	2092
1624	7348
1624	3504
1624	8479
1625	916
1625	482
1625	8878
1625	4117
1625	5118
1625	1337
1625	2981
1625	14
1625	706
1625	6001
1626	3490
1626	6543
1626	2763
1626	1727
1626	1806
1626	8822
1626	86
1626	7600
1626	3816
1626	402
1627	3231
1627	3709
1627	9135
1627	5868
1627	315
1627	4693
1627	645
1627	484
1627	235
1627	222
1628	8182
1628	9330
1628	1332
1628	6301
1628	9779
1628	9812
1628	4451
1628	6452
1628	7221
1628	1924
1629	8194
1629	278
1629	9107
1629	1414
1629	2194
1629	438
1629	6817
1629	4121
1629	3467
1629	6429
1630	307
1630	3787
1630	2581
1630	2564
1630	649
1630	8117
1630	4114
1630	5430
1630	8451
1630	8899
1631	3223
1631	4611
1631	459
1631	5908
1631	8390
1631	6890
1631	4194
1631	5756
1631	7095
1631	8020
1632	8559
1632	5780
1632	4745
1632	9036
1632	9432
1632	6730
1632	1126
1632	9060
1632	6283
1632	5816
1633	3293
1633	5886
1633	7801
1633	950
1633	52
1633	8520
1633	9548
1633	5043
1633	1537
1633	171
1634	9263
1634	5922
1634	1091
1634	4620
1634	1426
1634	8616
1634	694
1634	1283
1634	301
1634	2458
1635	6270
1635	4690
1635	8506
1635	9323
1635	2710
1635	7678
1635	6187
1635	962
1635	3153
1635	6615
1636	3879
1636	7049
1636	6244
1636	7021
1636	6024
1636	890
1636	8024
1636	183
1636	4621
1636	3477
1637	9481
1637	2838
1637	2308
1637	7900
1637	577
1637	8256
1637	6767
1637	5852
1637	9993
1637	6864
1638	6824
1638	3672
1638	2384
1638	1570
1638	3064
1638	3483
1638	5599
1638	4056
1638	6762
1638	2634
1639	5394
1639	8981
1639	7052
1639	6907
1639	6167
1639	7487
1639	1456
1639	443
1639	7389
1639	500
1640	4363
1640	6554
1640	7712
1640	2420
1640	1944
1640	8615
1640	2558
1640	2617
1640	7201
1640	9967
1641	6279
1641	5070
1641	4460
1641	5855
1641	8892
1641	6328
1641	2708
1641	7293
1641	1855
1641	5970
1642	2893
1642	8033
1642	6608
1642	831
1642	1591
1642	5141
1642	5201
1642	7091
1642	5572
1642	1983
1643	2762
1643	4435
1643	8283
1643	3233
1643	3240
1643	5767
1643	5424
1643	726
1643	3649
1643	1838
1644	1864
1644	3939
1644	1818
1644	6036
1644	8483
1644	7803
1644	7572
1644	8617
1644	7624
1644	5481
1645	5838
1645	3856
1645	8414
1645	6718
1645	7498
1645	7051
1645	978
1645	8882
1645	1452
1645	5210
1646	834
1646	6117
1646	5962
1646	1010
1646	8968
1646	7145
1646	8257
1646	378
1646	865
1646	4448
1647	968
1647	1329
1647	8013
1647	7564
1647	7447
1647	294
1647	8558
1647	6963
1647	9839
1647	9688
1648	9344
1648	9240
1648	6955
1648	4600
1648	8200
1648	7985
1648	9980
1648	7645
1648	4281
1648	4896
1649	2455
1649	5841
1649	638
1649	3016
1649	9697
1649	1373
1649	8100
1649	5512
1649	6778
1649	5192
1650	9171
1650	1636
1650	4068
1650	3752
1650	5422
1650	24
1650	3808
1650	1905
1650	6369
1650	2966
1651	811
1651	3843
1651	2399
1651	6153
1651	1183
1651	9999
1651	7453
1651	4931
1651	8348
1651	5016
1652	6034
1652	3327
1652	2042
1652	4656
1652	2197
1652	8508
1652	976
1652	7118
1652	4556
1652	9370
1653	3692
1653	7206
1653	9537
1653	3348
1653	9304
1653	8325
1653	4921
1653	2691
1653	7657
1653	6506
1654	5108
1654	9848
1654	6508
1654	4575
1654	4493
1654	4416
1654	912
1654	1833
1654	5365
1654	9660
1655	5658
1655	858
1655	3269
1655	2694
1655	6561
1655	3602
1655	5905
1655	3142
1655	1856
1655	2772
1656	6601
1656	3405
1656	6879
1656	5028
1656	1743
1656	8275
1656	9605
1656	6010
1656	6430
1656	2322
1657	9317
1657	2172
1657	1080
1657	5139
1657	3299
1657	2567
1657	8397
1657	492
1657	5319
1657	3633
1658	9270
1658	8628
1658	2789
1658	2792
1658	8877
1658	5078
1658	1054
1658	6669
1658	8651
1658	1655
1659	596
1659	325
1659	4171
1659	5695
1659	7901
1659	2349
1659	9841
1659	6760
1659	2848
1659	8620
1660	3529
1660	925
1660	470
1660	2969
1660	7720
1660	2265
1660	3745
1660	8424
1660	5567
1660	5256
1661	2021
1661	9987
1661	8760
1661	980
1661	149
1661	9216
1661	4663
1661	6915
1661	6954
1661	1861
1662	1194
1662	9998
1662	3326
1662	1647
1662	9140
1662	4410
1662	5351
1662	2431
1662	2728
1662	9759
1663	9693
1663	7500
1663	3193
1663	9992
1663	635
1663	8881
1663	2813
1663	9310
1663	1144
1663	7466
1664	6955
1664	4522
1664	6842
1664	5204
1664	7814
1664	3025
1664	7452
1664	8525
1664	651
1664	5782
1665	8580
1665	379
1665	1237
1665	9191
1665	1730
1665	9781
1665	6622
1665	537
1665	2762
1665	1254
1666	703
1666	9497
1666	7374
1666	4101
1666	2088
1666	7775
1666	6089
1666	5117
1666	9631
1666	5042
1667	4054
1667	6114
1667	4481
1667	8986
1667	4485
1667	5847
1667	5776
1667	4306
1667	7571
1667	8901
1668	9346
1668	9499
1668	157
1668	7885
1668	6732
1668	8537
1668	4985
1668	1052
1668	6798
1668	9486
1669	3275
1669	2977
1669	3385
1669	4646
1669	668
1669	4540
1669	6851
1669	3268
1669	7673
1669	1074
1670	2178
1670	6424
1670	3212
1670	7134
1670	3387
1670	6578
1670	6465
1670	9165
1670	3703
1670	5495
1671	5803
1671	5735
1671	7432
1671	6507
1671	4938
1671	4247
1671	714
1671	1616
1671	5421
1671	3935
1672	3196
1672	1911
1672	7326
1672	6906
1672	5461
1672	6054
1672	5178
1672	8692
1672	4287
1672	6353
1673	6709
1673	2041
1673	7889
1673	8994
1673	9249
1673	7704
1673	2008
1673	656
1673	1234
1673	7701
1674	5938
1674	472
1674	1284
1674	3363
1674	7206
1674	6487
1674	1296
1674	5806
1674	2513
1674	6532
1675	5966
1675	6477
1675	6429
1675	6545
1675	4760
1675	9477
1675	8633
1675	6396
1675	3591
1675	1916
1676	6826
1676	1070
1676	950
1676	4792
1676	9995
1676	3214
1676	1492
1676	7927
1676	1626
1676	8151
1677	6476
1677	1415
1677	6725
1677	3691
1677	8019
1677	3376
1677	8204
1677	336
1677	9619
1677	7727
1678	1715
1678	8244
1678	5737
1678	9022
1678	926
1678	1244
1678	1654
1678	7412
1678	3597
1678	6698
1679	2987
1679	1058
1679	8844
1679	4548
1679	5006
1679	4129
1679	3961
1679	7096
1679	5733
1679	7775
1680	4134
1680	4967
1680	3144
1680	2590
1680	1309
1680	5761
1680	7788
1680	661
1680	151
1680	1759
1681	8804
1681	9996
1681	5298
1681	3255
1681	573
1681	2456
1681	1099
1681	2572
1681	8026
1681	4087
1682	9110
1682	1120
1682	5318
1682	1074
1682	7202
1682	6528
1682	7480
1682	9791
1682	8184
1682	9570
1683	8636
1683	730
1683	380
1683	7243
1683	684
1683	7004
1683	7785
1683	9357
1683	5837
1683	1046
1684	6698
1684	9816
1684	1804
1684	5682
1684	4107
1684	6177
1684	7866
1684	1339
1684	9675
1684	4877
1685	3992
1685	7409
1685	6608
1685	5321
1685	3853
1685	3827
1685	3124
1685	7631
1685	8170
1685	809
1686	4970
1686	2636
1686	9362
1686	4855
1686	7962
1686	9949
1686	8369
1686	256
1686	411
1686	4816
1687	7521
1687	4707
1687	3023
1687	6781
1687	8552
1687	4540
1687	298
1687	5717
1687	616
1687	719
1688	9837
1688	5514
1688	6440
1688	2983
1688	5518
1688	6282
1688	6609
1688	9935
1688	9271
1688	2856
1689	7779
1689	1969
1689	257
1689	6624
1689	8639
1689	3355
1689	8177
1689	1675
1689	132
1689	4627
1690	6158
1690	7255
1690	1400
1690	9740
1690	8075
1690	4441
1690	1494
1690	3199
1690	3346
1690	7695
1691	8281
1691	6001
1691	2419
1691	9582
1691	5178
1691	9272
1691	708
1691	3705
1691	1025
1691	4551
1692	5012
1692	4824
1692	8519
1692	9321
1692	7101
1692	6628
1692	1242
1692	792
1692	7533
1692	7896
1693	2060
1693	6872
1693	2294
1693	110
1693	3996
1693	4867
1693	2472
1693	2269
1693	4107
1693	6106
1694	7353
1694	782
1694	9435
1694	828
1694	7798
1694	3695
1694	6322
1694	3809
1694	7603
1694	8261
1695	8698
1695	4684
1695	4027
1695	6013
1695	1107
1695	7326
1695	6784
1695	5195
1695	3214
1695	5710
1696	420
1696	6350
1696	4753
1696	3271
1696	6035
1696	3659
1696	4147
1696	3445
1696	4587
1696	1637
1697	8101
1697	4979
1697	4785
1697	2399
1697	2320
1697	9091
1697	5521
1697	2912
1697	5205
1697	3830
1698	1283
1698	8003
1698	5659
1698	4124
1698	209
1698	7192
1698	5988
1698	1626
1698	6787
1698	2696
1699	4473
1699	862
1699	117
1699	1389
1699	2715
1699	4280
1699	7920
1699	8434
1699	8656
1699	7708
1700	9488
1700	92
1700	4460
1700	6034
1700	1097
1700	2892
1700	3028
1700	3725
1700	8561
1700	6053
1701	2632
1701	8309
1701	2204
1701	7146
1701	545
1701	1430
1701	6185
1701	2332
1701	5059
1701	8722
1702	9941
1702	5405
1702	7436
1702	2246
1702	5496
1702	925
1702	5489
1702	2767
1702	8582
1702	5968
1703	1966
1703	3879
1703	2365
1703	7966
1703	3860
1703	7201
1703	2480
1703	2895
1703	2204
1703	3758
1704	430
1704	7927
1704	7494
1704	1771
1704	3162
1704	1799
1704	1585
1704	2873
1704	5171
1704	5763
1705	9689
1705	2337
1705	8797
1705	6315
1705	1035
1705	6747
1705	653
1705	5773
1705	5616
1705	5321
1706	4452
1706	4361
1706	5728
1706	7628
1706	1894
1706	5351
1706	9466
1706	8107
1706	4194
1706	2104
1707	6240
1707	9159
1707	8611
1707	7454
1707	3602
1707	7535
1707	2957
1707	2450
1707	1663
1707	4669
1708	2702
1708	6156
1708	968
1708	5641
1708	52
1708	5483
1708	8125
1708	6656
1708	7290
1708	4844
1709	9140
1709	2089
1709	8472
1709	6204
1709	3279
1709	2299
1709	9273
1709	18
1709	8350
1709	5107
1710	3273
1710	8882
1710	4699
1710	2612
1710	8433
1710	3810
1710	3282
1710	877
1710	4477
1710	3643
1711	243
1711	4893
1711	9158
1711	9975
1711	1423
1711	1754
1711	6379
1711	8751
1711	2212
1711	3201
1712	9224
1712	1854
1712	2788
1712	3359
1712	3010
1712	7319
1712	8830
1712	2714
1712	7789
1712	7984
1713	9638
1713	1652
1713	4085
1713	1617
1713	9528
1713	7967
1713	6140
1713	583
1713	9561
1713	1980
1714	2892
1714	9712
1714	3661
1714	2508
1714	6577
1714	5174
1714	5740
1714	6274
1714	6644
1714	3268
1715	7978
1715	6538
1715	2718
1715	4063
1715	1424
1715	9661
1715	680
1715	1855
1715	62
1715	622
1716	8423
1716	3308
1716	9485
1716	4293
1716	3556
1716	5890
1716	3915
1716	6441
1716	4863
1716	7265
1717	6102
1717	6019
1717	6516
1717	3335
1717	6072
1717	304
1717	2974
1717	379
1717	5778
1717	4972
1718	9016
1718	8820
1718	1773
1718	2911
1718	5780
1718	5611
1718	6721
1718	6863
1718	1444
1718	8771
1719	8624
1719	1993
1719	2594
1719	6995
1719	742
1719	6141
1719	8618
1719	1093
1719	7868
1719	4580
1720	9726
1720	6465
1720	9568
1720	3831
1720	2411
1720	7428
1720	1966
1720	3690
1720	2083
1720	3103
1721	8626
1721	3658
1721	4446
1721	3016
1721	2610
1721	3732
1721	4841
1721	9338
1721	2826
1721	6247
1722	187
1722	1597
1722	7179
1722	8327
1722	8111
1722	6843
1722	4777
1722	7873
1722	5609
1722	4669
1723	4531
1723	69
1723	3007
1723	3858
1723	1006
1723	877
1723	4763
1723	5756
1723	7771
1723	2020
1724	3147
1724	137
1724	9610
1724	9831
1724	1909
1724	1792
1724	6902
1724	6598
1724	3473
1724	5532
1725	8972
1725	8434
1725	8607
1725	2271
1725	7450
1725	1607
1725	3536
1725	9702
1725	8864
1725	4330
1726	495
1726	5510
1726	9478
1726	4461
1726	5389
1726	6931
1726	8916
1726	4156
1726	8053
1726	6393
1727	8365
1727	6364
1727	8238
1727	9042
1727	4307
1727	8657
1727	9338
1727	156
1727	8632
1727	6995
1728	7411
1728	7795
1728	2351
1728	7488
1728	3885
1728	1679
1728	6694
1728	6306
1728	3612
1728	3020
1729	902
1729	1402
1729	7952
1729	1801
1729	3510
1729	1586
1729	9990
1729	306
1729	5793
1729	2739
1730	4617
1730	5748
1730	6407
1730	1352
1730	1393
1730	315
1730	4444
1730	358
1730	2691
1730	3344
1731	4030
1731	3776
1731	3009
1731	4507
1731	5412
1731	9941
1731	2729
1731	3741
1731	301
1731	4354
1732	5085
1732	8776
1732	512
1732	1318
1732	9303
1732	7931
1732	1624
1732	6558
1732	3793
1732	1353
1733	910
1733	4098
1733	2933
1733	2177
1733	7759
1733	7901
1733	2402
1733	9581
1733	6080
1733	5898
1734	3589
1734	6071
1734	1982
1734	6113
1734	9149
1734	9291
1734	2683
1734	2089
1734	2114
1734	4492
1735	3208
1735	3689
1735	3870
1735	8504
1735	7457
1735	2717
1735	3462
1735	3016
1735	1682
1735	5492
1736	4253
1736	2156
1736	1310
1736	7330
1736	6658
1736	6949
1736	2582
1736	9453
1736	6258
1736	823
1737	7617
1737	2339
1737	1184
1737	1847
1737	7821
1737	776
1737	4716
1737	4376
1737	8182
1737	3938
1738	7138
1738	4565
1738	9682
1738	1144
1738	744
1738	4801
1738	4069
1738	8703
1738	5855
1738	317
1739	7004
1739	9278
1739	4898
1739	6909
1739	6240
1739	396
1739	1401
1739	855
1739	8573
1739	5398
1740	7148
1740	9449
1740	5163
1740	4560
1740	3806
1740	9696
1740	196
1740	996
1740	4229
1740	2208
1741	8181
1741	2633
1741	6950
1741	5281
1741	4925
1741	6186
1741	2462
1741	5030
1741	7656
1741	1687
1742	5502
1742	4379
1742	7870
1742	5841
1742	4889
1742	7009
1742	3170
1742	4692
1742	3103
1742	6002
1743	9174
1743	5502
1743	7366
1743	6434
1743	6044
1743	1638
1743	3322
1743	5779
1743	9318
1743	2252
1744	6315
1744	9475
1744	2934
1744	5232
1744	2926
1744	7727
1744	7203
1744	2834
1744	4930
1744	5261
1745	9707
1745	7741
1745	874
1745	3179
1745	2616
1745	5117
1745	9054
1745	1067
1745	2516
1745	8854
1746	7469
1746	4353
1746	4220
1746	3390
1746	6537
1746	1322
1746	2802
1746	1264
1746	6005
1746	987
1747	5621
1747	5639
1747	4113
1747	2102
1747	3476
1747	3320
1747	4586
1747	9791
1747	3617
1747	8530
1748	2909
1748	2743
1748	4337
1748	2647
1748	5580
1748	1528
1748	7395
1748	9451
1748	9254
1748	1564
1749	9124
1749	3618
1749	1036
1749	7976
1749	5651
1749	7425
1749	7866
1749	4871
1749	8055
1749	981
1750	9752
1750	5229
1750	9580
1750	9439
1750	2199
1750	2507
1750	2873
1750	5762
1750	9601
1750	6
1751	9246
1751	7685
1751	7215
1751	8456
1751	8782
1751	446
1751	4950
1751	2115
1751	3125
1751	1391
1752	8197
1752	3060
1752	3111
1752	6816
1752	4818
1752	4180
1752	9659
1752	7342
1752	3295
1752	3190
1753	589
1753	7564
1753	3056
1753	7732
1753	5097
1753	2714
1753	9677
1753	2866
1753	8817
1753	3058
1754	6768
1754	2905
1754	4158
1754	7039
1754	1423
1754	1164
1754	4958
1754	6451
1754	3373
1754	9155
1755	8726
1755	7267
1755	9059
1755	7407
1755	3401
1755	4167
1755	459
1755	9027
1755	5296
1755	1582
1756	2255
1756	766
1756	6651
1756	5573
1756	700
1756	2107
1756	6889
1756	3572
1756	1167
1756	9084
1757	3887
1757	642
1757	2627
1757	727
1757	8726
1757	9827
1757	6026
1757	6666
1757	2796
1757	2803
1758	5449
1758	1296
1758	7362
1758	3168
1758	5432
1758	8990
1758	2225
1758	837
1758	7224
1758	8774
1759	5981
1759	7348
1759	3083
1759	4179
1759	6024
1759	9057
1759	1095
1759	5855
1759	3099
1759	3693
1760	5019
1760	5634
1760	7579
1760	8748
1760	8063
1760	8167
1760	7855
1760	8721
1760	2016
1760	7880
1761	3687
1761	6826
1761	8910
1761	2184
1761	7439
1761	1040
1761	2942
1761	3502
1761	7105
1761	5957
1762	7942
1762	1784
1762	131
1762	4850
1762	5065
1762	7234
1762	4903
1762	6314
1762	748
1762	7949
1763	9802
1763	5507
1763	3094
1763	5438
1763	1151
1763	1977
1763	6094
1763	1023
1763	9666
1763	5167
1764	955
1764	2052
1764	8377
1764	712
1764	8696
1764	9690
1764	3974
1764	839
1764	1913
1764	1407
1765	6820
1765	1973
1765	759
1765	7183
1765	9748
1765	6504
1765	1365
1765	3332
1765	8859
1765	5785
1766	3394
1766	7845
1766	9428
1766	7992
1766	480
1766	1050
1766	6496
1766	4390
1766	6481
1766	4389
1767	5175
1767	1250
1767	8746
1767	4039
1767	7162
1767	1828
1767	6546
1767	9110
1767	9919
1767	4351
1768	4694
1768	5213
1768	6139
1768	1185
1768	6245
1768	4377
1768	5972
1768	8777
1768	4176
1768	6753
1769	6332
1769	276
1769	1796
1769	5289
1769	6556
1769	5233
1769	935
1769	9054
1769	6003
1769	6321
1770	2317
1770	9275
1770	1521
1770	8719
1770	4318
1770	6139
1770	1287
1770	5041
1770	1538
1770	8106
1771	9926
1771	5339
1771	5888
1771	456
1771	9893
1771	7750
1771	6136
1771	2692
1771	4813
1771	9710
1772	8568
1772	7921
1772	9958
1772	1383
1772	8917
1772	1517
1772	8029
1772	2374
1772	2659
1772	2435
1773	136
1773	7283
1773	6209
1773	9714
1773	5917
1773	6352
1773	1539
1773	6930
1773	6138
1773	5377
1774	5431
1774	33
1774	959
1774	8425
1774	2290
1774	5878
1774	6955
1774	2781
1774	1414
1774	8157
1775	3478
1775	7644
1775	9927
1775	7869
1775	3009
1775	763
1775	5926
1775	821
1775	8404
1775	3391
1776	1426
1776	4448
1776	4569
1776	9479
1776	9643
1776	6008
1776	491
1776	4530
1776	3369
1776	6590
1777	2760
1777	6769
1777	2818
1777	2970
1777	8568
1777	5682
1777	2437
1777	7657
1777	1663
1777	3230
1778	8513
1778	7159
1778	321
1778	3947
1778	2125
1778	4773
1778	6430
1778	4837
1778	3255
1778	9497
1779	6865
1779	5092
1779	5748
1779	6066
1779	8431
1779	219
1779	3788
1779	8561
1779	1912
1779	1210
1780	2056
1780	2923
1780	1694
1780	4042
1780	3258
1780	6917
1780	6318
1780	497
1780	2666
1780	3525
1781	1673
1781	7408
1781	6118
1781	2609
1781	9970
1781	9070
1781	9863
1781	1888
1781	4945
1781	9543
1782	806
1782	5747
1782	2372
1782	4159
1782	9286
1782	3563
1782	703
1782	2814
1782	2388
1782	3667
1783	9275
1783	7078
1783	2007
1783	3032
1783	863
1783	5315
1783	9797
1783	9779
1783	8095
1783	6030
1784	906
1784	4913
1784	9615
1784	1622
1784	9991
1784	4773
1784	7588
1784	1405
1784	596
1784	5901
1785	6840
1785	7245
1785	2648
1785	2617
1785	2556
1785	5459
1785	8495
1785	921
1785	4354
1785	4813
1786	451
1786	1150
1786	4528
1786	341
1786	6746
1786	6165
1786	6574
1786	7448
1786	9456
1786	7152
1787	3718
1787	1230
1787	9005
1787	6953
1787	7844
1787	6501
1787	4412
1787	4746
1787	8821
1787	1593
1788	4759
1788	7377
1788	8414
1788	216
1788	4656
1788	4732
1788	5756
1788	344
1788	1981
1788	1545
1789	5437
1789	8355
1789	4645
1789	2617
1789	5040
1789	4290
1789	6586
1789	6708
1789	5708
1789	2252
1790	6233
1790	779
1790	1872
1790	256
1790	610
1790	2243
1790	3979
1790	2429
1790	988
1790	8803
1791	4815
1791	6841
1791	2559
1791	1657
1791	2494
1791	3585
1791	4217
1791	9156
1791	3727
1791	4424
1792	3703
1792	5835
1792	2971
1792	1149
1792	2611
1792	9266
1792	1382
1792	7530
1792	2301
1792	2886
1793	5070
1793	3732
1793	3666
1793	9698
1793	6434
1793	2107
1793	4150
1793	3854
1793	8312
1793	5522
1794	1270
1794	3985
1794	4992
1794	3131
1794	2591
1794	3811
1794	1578
1794	3671
1794	9511
1794	8154
1795	1576
1795	4678
1795	3382
1795	3269
1795	8078
1795	8619
1795	5554
1795	6008
1795	8103
1795	8066
1796	3010
1796	9814
1796	4911
1796	9223
1796	1769
1796	3512
1796	5096
1796	3325
1796	4235
1796	7393
1797	451
1797	1477
1797	321
1797	8046
1797	7516
1797	8663
1797	7906
1797	3205
1797	4393
1797	8921
1798	6383
1798	3863
1798	4707
1798	2224
1798	3477
1798	3307
1798	19
1798	9051
1798	4196
1798	1538
1799	9361
1799	4258
1799	4329
1799	8732
1799	3343
1799	3529
1799	9719
1799	1114
1799	3792
1799	5361
1800	2300
1800	1141
1800	2255
1800	9899
1800	7344
1800	5563
1800	8933
1800	6273
1800	8054
1800	9892
1801	7185
1801	676
1801	33
1801	9050
1801	2309
1801	2356
1801	1464
1801	5582
1801	4254
1801	1514
1802	5687
1802	727
1802	547
1802	9767
1802	2783
1802	1926
1802	347
1802	2636
1802	9798
1802	4957
1803	1122
1803	3244
1803	4048
1803	5053
1803	4052
1803	6861
1803	9133
1803	8970
1803	7523
1803	133
1804	5976
1804	4661
1804	1393
1804	151
1804	7331
1804	6586
1804	7609
1804	6295
1804	5346
1804	7388
1805	8203
1805	9887
1805	360
1805	6238
1805	5174
1805	8992
1805	9882
1805	2434
1805	4798
1805	9017
1806	8205
1806	5832
1806	7421
1806	2325
1806	8576
1806	4818
1806	1337
1806	5011
1806	8102
1806	8078
1807	2379
1807	2361
1807	1159
1807	6265
1807	7532
1807	7458
1807	4585
1807	5054
1807	6226
1807	2225
1808	6282
1808	9707
1808	1339
1808	5724
1808	9403
1808	1965
1808	4056
1808	440
1808	5991
1808	3176
1809	9622
1809	9670
1809	493
1809	3001
1809	7520
1809	368
1809	1357
1809	8904
1809	4024
1809	3877
1810	6451
1810	6861
1810	5161
1810	1304
1810	4189
1810	647
1810	17
1810	5645
1810	1871
1810	2497
1811	7903
1811	8626
1811	7708
1811	4699
1811	7545
1811	5463
1811	3312
1811	2147
1811	2994
1811	8891
1812	9563
1812	3721
1812	6375
1812	2583
1812	9884
1812	5917
1812	9024
1812	9852
1812	1786
1812	6378
1813	1080
1813	1666
1813	7627
1813	4751
1813	7067
1813	2355
1813	851
1813	2086
1813	5331
1813	9904
1814	7496
1814	9764
1814	8475
1814	7523
1814	609
1814	6380
1814	1798
1814	7335
1814	5980
1814	710
1815	3908
1815	8984
1815	6718
1815	6503
1815	541
1815	9570
1815	5826
1815	4812
1815	6752
1815	2833
1816	4004
1816	4717
1816	7638
1816	5384
1816	9042
1816	146
1816	4524
1816	2872
1816	271
1816	1093
1817	4465
1817	6812
1817	7796
1817	2134
1817	1849
1817	1167
1817	7611
1817	7336
1817	5945
1817	6084
1818	2855
1818	2442
1818	9041
1818	7289
1818	6852
1818	7033
1818	5375
1818	7516
1818	3263
1818	6932
1819	7994
1819	8940
1819	1017
1819	1763
1819	5350
1819	1595
1819	3703
1819	6481
1819	8982
1819	2846
1820	9211
1820	1787
1820	1808
1820	9654
1820	4791
1820	2878
1820	4023
1820	8975
1820	2042
1820	6760
1821	3682
1821	1895
1821	6892
1821	7223
1821	4143
1821	1940
1821	4820
1821	4947
1821	8811
1821	7919
1822	7573
1822	5904
1822	6009
1822	101
1822	2531
1822	7678
1822	1231
1822	7651
1822	4462
1822	2182
1823	4984
1823	3565
1823	4224
1823	8102
1823	5908
1823	502
1823	2132
1823	9987
1823	5490
1823	2559
1824	1971
1824	8385
1824	8142
1824	2574
1824	3888
1824	9787
1824	3992
1824	2763
1824	9530
1824	3686
1825	146
1825	556
1825	7249
1825	240
1825	434
1825	5947
1825	6911
1825	2883
1825	1619
1825	8810
1826	5879
1826	375
1826	8527
1826	9134
1826	9049
1826	5947
1826	824
1826	7196
1826	521
1826	7121
1827	4938
1827	6564
1827	6919
1827	3494
1827	47
1827	4542
1827	7843
1827	2223
1827	7299
1827	4956
1828	4848
1828	8102
1828	3173
1828	8645
1828	5745
1828	8112
1828	5593
1828	8213
1828	3830
1828	4675
1829	8459
1829	1102
1829	7670
1829	5238
1829	5685
1829	7409
1829	5250
1829	5038
1829	4792
1829	97
1830	795
1830	2114
1830	7836
1830	2913
1830	3043
1830	9715
1830	2122
1830	8771
1830	7296
1830	6363
1831	4527
1831	5392
1831	3872
1831	8901
1831	934
1831	4069
1831	6362
1831	4146
1831	6233
1831	8473
1832	7139
1832	1177
1832	3802
1832	4867
1832	4757
1832	5180
1832	2286
1832	214
1832	7861
1832	2610
1833	5306
1833	7752
1833	2673
1833	1634
1833	1362
1833	4942
1833	992
1833	3176
1833	1693
1833	5440
1834	9671
1834	8598
1834	6639
1834	1843
1834	9839
1834	3276
1834	6381
1834	2003
1834	4628
1834	8120
1835	9801
1835	9029
1835	3222
1835	6111
1835	0
1835	2517
1835	4226
1835	5920
1835	2337
1835	4413
1836	357
1836	9763
1836	8594
1836	1304
1836	935
1836	6104
1836	4987
1836	4502
1836	6044
1836	1071
1837	9951
1837	8828
1837	4184
1837	5164
1837	7728
1837	7233
1837	6846
1837	2724
1837	1125
1837	5731
1838	9572
1838	7047
1838	402
1838	2431
1838	8436
1838	7929
1838	7044
1838	4316
1838	8807
1838	6051
1839	1645
1839	860
1839	8105
1839	1691
1839	6421
1839	8780
1839	4686
1839	2172
1839	8193
1839	5335
1840	4408
1840	9191
1840	3329
1840	3824
1840	8919
1840	420
1840	4969
1840	9073
1840	6947
1840	9025
1841	9557
1841	4498
1841	1354
1841	4207
1841	7300
1841	5369
1841	8249
1841	725
1841	2870
1841	2664
1842	4600
1842	2312
1842	1238
1842	4925
1842	9955
1842	5928
1842	3920
1842	7721
1842	7230
1842	9082
1843	320
1843	9020
1843	9821
1843	2038
1843	8525
1843	8833
1843	6851
1843	4247
1843	1902
1843	3239
1844	1655
1844	8615
1844	1290
1844	9107
1844	8589
1844	7619
1844	411
1844	6982
1844	4699
1844	2851
1845	8108
1845	9462
1845	9484
1845	2124
1845	8797
1845	863
1845	9835
1845	447
1845	9293
1845	9377
1846	8156
1846	4186
1846	2141
1846	1571
1846	5398
1846	5635
1846	9243
1846	2685
1846	3217
1846	1693
1847	7766
1847	5960
1847	2098
1847	8549
1847	1857
1847	7490
1847	8224
1847	8337
1847	2948
1847	7403
1848	5684
1848	8927
1848	2351
1848	1551
1848	7554
1848	2723
1848	9384
1848	4709
1848	2371
1848	7656
1849	3827
1849	186
1849	9704
1849	3571
1849	246
1849	8527
1849	98
1849	7160
1849	6757
1849	678
1850	6877
1850	9189
1850	7958
1850	2675
1850	4126
1850	2308
1850	4924
1850	5063
1850	857
1850	160
1851	9745
1851	16
1851	262
1851	8437
1851	5844
1851	2562
1851	1774
1851	7192
1851	5121
1851	4482
1852	8888
1852	9441
1852	7049
1852	7595
1852	8310
1852	1254
1852	2306
1852	9190
1852	3511
1852	5399
1853	2974
1853	1491
1853	671
1853	9786
1853	6122
1853	9497
1853	3384
1853	5512
1853	4012
1853	8083
1854	5713
1854	1739
1854	4680
1854	5662
1854	6865
1854	4376
1854	2847
1854	4622
1854	2091
1854	7995
1855	6988
1855	9167
1855	5360
1855	710
1855	6403
1855	2957
1855	3874
1855	1246
1855	1786
1855	2985
1856	4437
1856	5030
1856	2567
1856	2549
1856	2282
1856	2
1856	9744
1856	4436
1856	551
1856	8481
1857	4443
1857	1352
1857	570
1857	5895
1857	9693
1857	5140
1857	2329
1857	5519
1857	6529
1857	3971
1858	2003
1858	9303
1858	6529
1858	3799
1858	4594
1858	5234
1858	8898
1858	3689
1858	2946
1858	1383
1859	4188
1859	2932
1859	9651
1859	1730
1859	3786
1859	5883
1859	4614
1859	7039
1859	9523
1859	3288
1860	7073
1860	4115
1860	1910
1860	9393
1860	3107
1860	1704
1860	8321
1860	8712
1860	6738
1860	7638
1861	2533
1861	7655
1861	59
1861	9978
1861	2517
1861	5863
1861	7356
1861	9396
1861	9741
1861	4606
1862	2907
1862	2651
1862	8104
1862	5206
1862	3891
1862	1873
1862	9945
1862	8949
1862	5186
1862	4617
1863	7335
1863	3246
1863	7219
1863	4872
1863	7449
1863	5138
1863	8113
1863	4909
1863	3343
1863	4197
1864	6598
1864	7335
1864	9468
1864	1674
1864	5759
1864	2162
1864	6245
1864	403
1864	759
1864	9850
1865	1763
1865	3138
1865	2515
1865	9149
1865	7214
1865	39
1865	6148
1865	4291
1865	7778
1865	5105
1866	2380
1866	8367
1866	5657
1866	4181
1866	1029
1866	6866
1866	6922
1866	5353
1866	1269
1866	4858
1867	8129
1867	113
1867	9044
1867	3986
1867	1136
1867	2755
1867	2034
1867	9330
1867	173
1867	2117
1868	4388
1868	5183
1868	8033
1868	526
1868	1821
1868	2913
1868	2110
1868	8333
1868	2617
1868	3071
1869	1139
1869	5422
1869	5766
1869	1031
1869	6551
1869	6510
1869	4291
1869	6589
1869	6657
1869	5368
1870	1083
1870	6517
1870	2115
1870	491
1870	7369
1870	2678
1870	5120
1870	1219
1870	5674
1870	8861
1871	884
1871	8102
1871	3395
1871	6421
1871	7782
1871	6668
1871	7627
1871	2507
1871	3311
1871	3120
1872	7996
1872	6315
1872	508
1872	1002
1872	8331
1872	2223
1872	1137
1872	8831
1872	718
1872	3798
1873	7614
1873	5584
1873	2675
1873	2794
1873	9551
1873	1072
1873	3656
1873	2859
1873	6507
1873	2639
1874	2432
1874	9596
1874	1086
1874	6447
1874	323
1874	8977
1874	2693
1874	5846
1874	961
1874	382
1875	2896
1875	977
1875	2064
1875	6486
1875	5834
1875	2485
1875	8297
1875	6746
1875	3992
1875	7724
1876	3993
1876	219
1876	2277
1876	2232
1876	8758
1876	6346
1876	2537
1876	2733
1876	1617
1876	2601
1877	9540
1877	2148
1877	4526
1877	2532
1877	282
1877	3857
1877	6153
1877	7496
1877	3763
1877	9899
1878	355
1878	3307
1878	6863
1878	2180
1878	3366
1878	5401
1878	2929
1878	4375
1878	4620
1878	17
1879	1424
1879	7132
1879	9376
1879	8875
1879	1810
1879	5367
1879	4891
1879	1992
1879	4337
1879	2880
1880	5243
1880	4621
1880	4698
1880	4163
1880	7671
1880	7649
1880	6344
1880	2397
1880	8484
1880	9537
1881	5803
1881	6568
1881	1348
1881	7092
1881	9107
1881	6569
1881	9504
1881	5948
1881	5597
1881	8251
1882	8101
1882	6842
1882	2334
1882	3687
1882	228
1882	2256
1882	6206
1882	324
1882	6240
1882	4871
1883	5674
1883	6814
1883	3185
1883	6622
1883	8763
1883	8855
1883	9785
1883	6440
1883	4862
1883	3709
1884	2217
1884	9429
1884	7251
1884	3926
1884	3601
1884	8783
1884	3741
1884	8734
1884	1947
1884	824
1885	6100
1885	8656
1885	3116
1885	6719
1885	4343
1885	1343
1885	1729
1885	2664
1885	9098
1885	5495
1886	1328
1886	6172
1886	130
1886	9792
1886	7450
1886	2981
1886	1668
1886	6269
1886	97
1886	8964
1887	19
1887	3492
1887	3597
1887	6146
1887	3044
1887	1665
1887	639
1887	9324
1887	7607
1887	5716
1888	1654
1888	9282
1888	2769
1888	3976
1888	2875
1888	6541
1888	7192
1888	4597
1888	2578
1888	4548
1889	8976
1889	7597
1889	7034
1889	5848
1889	162
1889	1725
1889	8006
1889	9490
1889	4840
1889	4161
1890	7309
1890	6447
1890	4243
1890	5010
1890	7409
1890	4002
1890	2026
1890	2258
1890	3001
1890	6847
1891	8595
1891	6633
1891	448
1891	4246
1891	4168
1891	587
1891	998
1891	1751
1891	9954
1891	8809
1892	5192
1892	7606
1892	9802
1892	5221
1892	1185
1892	4105
1892	3053
1892	3129
1892	683
1892	2470
1893	6766
1893	8486
1893	2812
1893	9210
1893	5292
1893	7790
1893	6959
1893	3177
1893	2668
1893	2740
1894	5423
1894	9349
1894	4347
1894	4589
1894	2551
1894	3441
1894	5061
1894	767
1894	541
1894	3349
1895	549
1895	9145
1895	8897
1895	7730
1895	2308
1895	9082
1895	9136
1895	4621
1895	8994
1895	726
1896	3324
1896	8422
1896	2253
1896	2827
1896	3698
1896	7381
1896	3045
1896	2795
1896	2474
1896	1470
1897	1110
1897	8914
1897	7764
1897	4704
1897	7963
1897	6127
1897	7197
1897	9520
1897	6527
1897	1536
1898	323
1898	7446
1898	4886
1898	4785
1898	6910
1898	5102
1898	5083
1898	2148
1898	3214
1898	2022
1899	5847
1899	547
1899	443
1899	1704
1899	6661
1899	1530
1899	5158
1899	5877
1899	6261
1899	2207
1900	8761
1900	7668
1900	4816
1900	7880
1900	2465
1900	7603
1900	6887
1900	8591
1900	5441
1900	5259
1901	5694
1901	6258
1901	2559
1901	9018
1901	8336
1901	3807
1901	9976
1901	2559
1901	4642
1901	2048
1902	2419
1902	1510
1902	2300
1902	2670
1902	8143
1902	830
1902	9817
1902	9271
1902	608
1902	4029
1903	846
1903	6426
1903	3553
1903	7405
1903	2754
1903	2466
1903	661
1903	6421
1903	3470
1903	8344
1904	9435
1904	4206
1904	8179
1904	6268
1904	7778
1904	1353
1904	1074
1904	8023
1904	7481
1904	7046
1905	9330
1905	5004
1905	5155
1905	6996
1905	9792
1905	9403
1905	3804
1905	6611
1905	6964
1905	3129
1906	7243
1906	7354
1906	3907
1906	499
1906	1048
1906	3691
1906	3284
1906	2473
1906	4722
1906	3510
1907	5853
1907	2530
1907	6750
1907	514
1907	4385
1907	1193
1907	2786
1907	484
1907	4152
1907	831
1908	5258
1908	9598
1908	8658
1908	5814
1908	2064
1908	1711
1908	19
1908	3751
1908	250
1908	7471
1909	8800
1909	2472
1909	1068
1909	3704
1909	1582
1909	4573
1909	2176
1909	7450
1909	1361
1909	6940
1910	9359
1910	4947
1910	857
1910	2175
1910	5703
1910	2580
1910	8892
1910	344
1910	3803
1910	9216
1911	7667
1911	6801
1911	6531
1911	4830
1911	2787
1911	5314
1911	807
1911	412
1911	7747
1911	5535
1912	1606
1912	5257
1912	2839
1912	2675
1912	1747
1912	3673
1912	6054
1912	3684
1912	2528
1912	3913
1913	7318
1913	4779
1913	1440
1913	4170
1913	1947
1913	4317
1913	1201
1913	570
1913	381
1913	5943
1914	5100
1914	8336
1914	1795
1914	5632
1914	5810
1914	3731
1914	9008
1914	2925
1914	9782
1914	4247
1915	8099
1915	5767
1915	6132
1915	1704
1915	9265
1915	7556
1915	6768
1915	3284
1915	8293
1915	9415
1916	3841
1916	2328
1916	6675
1916	3154
1916	7059
1916	8165
1916	4640
1916	398
1916	3193
1916	5842
1917	5485
1917	3563
1917	6669
1917	9924
1917	1653
1917	7220
1917	9926
1917	2686
1917	8238
1917	2969
1918	1543
1918	9919
1918	5817
1918	1290
1918	2313
1918	9092
1918	4004
1918	1895
1918	3048
1918	929
1919	465
1919	1745
1919	7564
1919	5913
1919	1069
1919	1334
1919	7962
1919	997
1919	5535
1919	5534
1920	410
1920	6758
1920	8221
1920	1920
1920	1881
1920	6435
1920	6149
1920	7335
1920	4170
1920	1622
1921	2578
1921	4827
1921	6948
1921	1209
1921	4617
1921	2147
1921	1375
1921	323
1921	4662
1921	4256
1922	7751
1922	5498
1922	7035
1922	6989
1922	7012
1922	9673
1922	40
1922	6319
1922	6846
1922	5077
1923	7564
1923	8431
1923	1500
1923	7974
1923	3345
1923	4580
1923	1699
1923	9836
1923	3872
1923	9625
1924	8517
1924	6876
1924	5177
1924	1197
1924	5105
1924	7081
1924	1989
1924	9825
1924	474
1924	6054
1925	1353
1925	4884
1925	8370
1925	1602
1925	4680
1925	3400
1925	2956
1925	1201
1925	6069
1925	489
1926	4464
1926	1500
1926	6655
1926	660
1926	1479
1926	3785
1926	2257
1926	1204
1926	3490
1926	9568
1927	6482
1927	9884
1927	38
1927	4006
1927	1874
1927	175
1927	568
1927	8182
1927	6417
1927	5444
1928	3309
1928	1707
1928	2833
1928	8139
1928	4927
1928	4412
1928	5393
1928	344
1928	5084
1928	9918
1929	9862
1929	4786
1929	2778
1929	8681
1929	5391
1929	8367
1929	5624
1929	9015
1929	5762
1929	5732
1930	3743
1930	8744
1930	9498
1930	3094
1930	8505
1930	3089
1930	4698
1930	4948
1930	5108
1930	5448
1931	8490
1931	3763
1931	491
1931	6150
1931	1625
1931	6429
1931	9145
1931	8309
1931	6193
1931	5516
1932	1860
1932	2000
1932	1390
1932	9795
1932	3999
1932	4927
1932	2503
1932	2293
1932	9324
1932	5602
1933	4602
1933	5419
1933	9911
1933	1293
1933	3321
1933	2538
1933	5272
1933	7161
1933	4492
1933	7041
1934	9517
1934	9146
1934	2659
1934	8926
1934	8651
1934	2560
1934	2009
1934	9022
1934	1668
1934	5366
1935	3982
1935	3069
1935	2201
1935	911
1935	2752
1935	3691
1935	3427
1935	4239
1935	8722
1935	3368
1936	1413
1936	6280
1936	6115
1936	4809
1936	705
1936	6335
1936	3581
1936	7710
1936	4715
1936	545
1937	8078
1937	6567
1937	2043
1937	8923
1937	730
1937	8270
1937	7605
1937	853
1937	1462
1937	9928
1938	9132
1938	8324
1938	8151
1938	7037
1938	8363
1938	1970
1938	4981
1938	6757
1938	628
1938	2092
1939	4459
1939	1930
1939	5155
1939	4248
1939	5826
1939	968
1939	5876
1939	5234
1939	4891
1939	7499
1940	72
1940	6698
1940	2547
1940	1406
1940	7570
1940	959
1940	1795
1940	4540
1940	3332
1940	4579
1941	7581
1941	8288
1941	9282
1941	3428
1941	8034
1941	8549
1941	7595
1941	2406
1941	1094
1941	1693
1942	3259
1942	603
1942	3140
1942	5992
1942	9152
1942	6317
1942	3122
1942	3438
1942	2631
1942	7684
1943	9183
1943	845
1943	7680
1943	4550
1943	6231
1943	8233
1943	8482
1943	6508
1943	4626
1943	4290
1944	5907
1944	7892
1944	1106
1944	7967
1944	5640
1944	8847
1944	2727
1944	8434
1944	8587
1944	3666
1945	811
1945	7766
1945	8466
1945	7726
1945	5434
1945	5994
1945	8847
1945	9595
1945	117
1945	878
1946	8829
1946	1521
1946	7791
1946	8761
1946	5764
1946	3670
1946	2889
1946	1035
1946	1619
1946	5408
1947	3648
1947	1815
1947	9678
1947	7680
1947	5929
1947	3454
1947	3524
1947	4486
1947	2940
1947	4990
1948	4616
1948	3111
1948	2508
1948	6851
1948	2441
1948	1386
1948	837
1948	4729
1948	2206
1948	9546
1949	9869
1949	2795
1949	7263
1949	7251
1949	2803
1949	3282
1949	9507
1949	7008
1949	6908
1949	5469
1950	5520
1950	4540
1950	8717
1950	936
1950	956
1950	5936
1950	6740
1950	3164
1950	8637
1950	6958
1951	5933
1951	2542
1951	8860
1951	9455
1951	9321
1951	7397
1951	8872
1951	7162
1951	8591
1951	3786
1952	3937
1952	8257
1952	1057
1952	2354
1952	2278
1952	7134
1952	7149
1952	3547
1952	728
1952	8797
1953	707
1953	6719
1953	2992
1953	7602
1953	6386
1953	2832
1953	6904
1953	2693
1953	8533
1953	9072
1954	4018
1954	5303
1954	6421
1954	5446
1954	4151
1954	9550
1954	2273
1954	7333
1954	1010
1954	7510
1955	7038
1955	5416
1955	5223
1955	8106
1955	1644
1955	618
1955	6103
1955	4672
1955	2733
1955	7960
1956	8712
1956	4733
1956	9412
1956	8686
1956	1382
1956	1046
1956	2516
1956	701
1956	5976
1956	8509
1957	9348
1957	6431
1957	8001
1957	5864
1957	9965
1957	4734
1957	4978
1957	5082
1957	6465
1957	9050
1958	9925
1958	9625
1958	8047
1958	9399
1958	3400
1958	3995
1958	908
1958	4436
1958	7882
1958	5596
1959	7637
1959	5552
1959	3801
1959	5061
1959	569
1959	2554
1959	1973
1959	5754
1959	9835
1959	7362
1960	1134
1960	2709
1960	3401
1960	3464
1960	7906
1960	3142
1960	3332
1960	6778
1960	3961
1960	6385
1961	1051
1961	5246
1961	3765
1961	684
1961	4975
1961	3135
1961	3423
1961	8840
1961	7680
1961	6570
1962	1491
1962	220
1962	6323
1962	4899
1962	4987
1962	6925
1962	7166
1962	1300
1962	3704
1962	6208
1963	1442
1963	6199
1963	5397
1963	3110
1963	9851
1963	9162
1963	9725
1963	9739
1963	8965
1963	8928
1964	6836
1964	9894
1964	2112
1964	2287
1964	9394
1964	4264
1964	3246
1964	1491
1964	3733
1964	1124
1965	4609
1965	6375
1965	3837
1965	6847
1965	5266
1965	3449
1965	5758
1965	8785
1965	6562
1965	4014
1966	4955
1966	4349
1966	4567
1966	2090
1966	9450
1966	4149
1966	3430
1966	2524
1966	3327
1966	2263
1967	7033
1967	6003
1967	3534
1967	9925
1967	5995
1967	3893
1967	2807
1967	2260
1967	514
1967	7690
1968	2876
1968	3038
1968	8224
1968	8571
1968	2620
1968	5461
1968	6769
1968	3165
1968	8394
1968	7796
1969	4950
1969	3196
1969	6476
1969	3033
1969	1652
1969	8519
1969	7205
1969	9754
1969	5846
1969	3098
1970	3465
1970	3736
1970	4621
1970	5314
1970	2300
1970	2980
1970	9236
1970	6058
1970	7288
1970	6880
1971	2471
1971	4736
1971	2708
1971	6463
1971	3929
1971	2306
1971	2547
1971	7059
1971	2164
1971	269
1972	4732
1972	3002
1972	6332
1972	6128
1972	5237
1972	6466
1972	1419
1972	4485
1972	3789
1972	3195
1973	3682
1973	131
1973	9429
1973	4289
1973	8175
1973	894
1973	1422
1973	5784
1973	1564
1973	7253
1974	1527
1974	953
1974	3090
1974	1381
1974	8850
1974	4460
1974	6884
1974	9295
1974	2672
1974	2286
1975	7
1975	9784
1975	935
1975	2508
1975	7077
1975	4846
1975	3680
1975	9400
1975	6136
1975	3823
1976	8665
1976	5489
1976	757
1976	2467
1976	7224
1976	7088
1976	1567
1976	8913
1976	8421
1976	0
1977	1005
1977	5274
1977	6851
1977	8352
1977	5938
1977	9587
1977	4252
1977	1441
1977	2466
1977	6057
1978	6917
1978	454
1978	7226
1978	9813
1978	2210
1978	9536
1978	7345
1978	8701
1978	1457
1978	1717
1979	5239
1979	4118
1979	3828
1979	9653
1979	1548
1979	525
1979	2329
1979	6647
1979	7515
1979	4059
1980	2492
1980	9225
1980	2680
1980	5194
1980	428
1980	6351
1980	5427
1980	6315
1980	2392
1980	8944
1981	1848
1981	9461
1981	8636
1981	245
1981	2286
1981	7933
1981	7846
1981	3013
1981	7966
1981	4309
1982	810
1982	7256
1982	5317
1982	3151
1982	2565
1982	3925
1982	2297
1982	6997
1982	8404
1982	8277
1983	3233
1983	723
1983	2785
1983	5655
1983	3703
1983	5585
1983	6638
1983	4571
1983	9138
1983	2067
1984	9080
1984	76
1984	9400
1984	4226
1984	3724
1984	5413
1984	2221
1984	8409
1984	7124
1984	2792
1985	9935
1985	74
1985	6516
1985	7680
1985	9220
1985	3395
1985	1763
1985	4127
1985	3258
1985	3203
1986	3956
1986	8469
1986	5185
1986	6565
1986	3986
1986	4442
1986	8308
1986	8073
1986	5854
1986	5144
1987	2420
1987	528
1987	3496
1987	7826
1987	3936
1987	5824
1987	5764
1987	4152
1987	1892
1987	7724
1988	6199
1988	4135
1988	5610
1988	1977
1988	4769
1988	3545
1988	2987
1988	1408
1988	2363
1988	9977
1989	576
1989	5056
1989	2466
1989	8179
1989	9181
1989	1858
1989	9808
1989	1266
1989	4769
1989	1488
1990	6139
1990	4509
1990	4736
1990	9087
1990	9192
1990	4120
1990	7515
1990	1030
1990	4350
1990	2920
1991	3332
1991	4194
1991	7335
1991	4086
1991	7399
1991	8109
1991	8958
1991	7018
1991	5487
1991	8809
1992	1162
1992	7910
1992	7873
1992	8987
1992	5539
1992	5178
1992	9813
1992	3890
1992	2656
1992	7945
1993	4301
1993	2331
1993	1036
1993	9071
1993	2666
1993	8914
1993	8256
1993	9105
1993	9406
1993	7955
1994	4732
1994	5527
1994	9538
1994	4757
1994	6635
1994	9008
1994	8463
1994	8538
1994	2024
1994	7385
1995	4214
1995	6097
1995	2630
1995	6854
1995	5381
1995	2264
1995	40
1995	2066
1995	9788
1995	8191
1996	9109
1996	6388
1996	9910
1996	5348
1996	1350
1996	3503
1996	9682
1996	8437
1996	9675
1996	6785
1997	8959
1997	6449
1997	3152
1997	376
1997	1441
1997	8214
1997	4822
1997	7507
1997	4817
1997	2381
1998	1670
1998	1295
1998	9264
1998	9433
1998	1362
1998	1122
1998	6052
1998	2734
1998	3188
1998	1852
1999	3125
1999	7242
1999	8848
1999	2184
1999	9184
1999	5586
1999	3496
1999	788
1999	8289
1999	6155
2000	2580
2000	4413
2000	8005
2000	7612
2000	4544
2000	8723
2000	9012
2000	9946
2000	8615
2000	220
2001	715
2001	3257
2001	8280
2001	8917
2001	2507
2001	2142
2001	7583
2001	8598
2001	9222
2001	2754
2002	8545
2002	3831
2002	1522
2002	5770
2002	3818
2002	4241
2002	9401
2002	6300
2002	3600
2002	9195
2003	1760
2003	7238
2003	676
2003	6255
2003	6642
2003	7424
2003	9269
2003	6887
2003	659
2003	394
2004	147
2004	4429
2004	4513
2004	6831
2004	6806
2004	4225
2004	4269
2004	6115
2004	565
2004	8032
2005	9769
2005	6201
2005	3824
2005	7310
2005	1037
2005	634
2005	8156
2005	7714
2005	9373
2005	7732
2006	2308
2006	9760
2006	3879
2006	1746
2006	4936
2006	9624
2006	759
2006	1250
2006	3509
2006	5652
2007	6772
2007	8392
2007	4304
2007	3415
2007	8930
2007	4739
2007	1215
2007	8667
2007	4550
2007	6128
2008	7313
2008	3715
2008	6771
2008	8625
2008	1637
2008	6759
2008	4315
2008	2531
2008	2047
2008	5336
2009	462
2009	4918
2009	4155
2009	8777
2009	3564
2009	1952
2009	5622
2009	6958
2009	3689
2009	3902
2010	404
2010	9258
2010	692
2010	7163
2010	3224
2010	9494
2010	1227
2010	2480
2010	6196
2010	5155
2011	4613
2011	9722
2011	8331
2011	7646
2011	3698
2011	5149
2011	5221
2011	6336
2011	399
2011	9166
2012	8688
2012	3648
2012	9604
2012	6270
2012	6941
2012	9089
2012	5802
2012	5337
2012	2962
2012	8470
2013	3994
2013	9606
2013	3120
2013	9711
2013	1700
2013	194
2013	209
2013	5773
2013	5113
2013	8713
2014	631
2014	8549
2014	5409
2014	5273
2014	5396
2014	5314
2014	4196
2014	9549
2014	8418
2014	3442
2015	2705
2015	3054
2015	300
2015	5812
2015	5254
2015	3167
2015	5956
2015	3951
2015	5218
2015	8309
2016	2672
2016	6751
2016	8892
2016	7056
2016	4852
2016	9026
2016	2645
2016	697
2016	6641
2016	6690
2017	7646
2017	3777
2017	3200
2017	1765
2017	8557
2017	5356
2017	8837
2017	2524
2017	9790
2017	858
2018	2484
2018	346
2018	5524
2018	4746
2018	1313
2018	2358
2018	5626
2018	6615
2018	3020
2018	5157
2019	5613
2019	5590
2019	748
2019	5898
2019	9232
2019	8724
2019	3748
2019	1573
2019	1916
2019	8288
2020	8587
2020	7414
2020	6124
2020	2739
2020	1226
2020	3164
2020	7256
2020	6339
2020	5913
2020	9724
2021	3255
2021	1839
2021	7568
2021	4524
2021	6706
2021	2417
2021	1532
2021	8399
2021	1528
2021	1743
2022	8212
2022	5336
2022	391
2022	7907
2022	817
2022	2286
2022	1880
2022	3872
2022	8732
2022	7278
2023	9629
2023	9949
2023	3035
2023	178
2023	3008
2023	3071
2023	7453
2023	2255
2023	5273
2023	6715
2024	1402
2024	1568
2024	6372
2024	2064
2024	1561
2024	8984
2024	1506
2024	3283
2024	6174
2024	7593
2025	5087
2025	9842
2025	9566
2025	5693
2025	8978
2025	5817
2025	397
2025	8018
2025	3740
2025	9691
2026	1363
2026	9403
2026	4506
2026	1434
2026	3025
2026	2213
2026	4150
2026	4137
2026	904
2026	296
2027	483
2027	1396
2027	647
2027	3634
2027	7957
2027	8931
2027	5048
2027	3010
2027	4417
2027	2670
2028	451
2028	4222
2028	4513
2028	4818
2028	6911
2028	3859
2028	1748
2028	3042
2028	7887
2028	4223
2029	5533
2029	1920
2029	4834
2029	1622
2029	127
2029	1358
2029	9646
2029	2461
2029	4490
2029	7315
2030	2040
2030	5458
2030	8
2030	604
2030	785
2030	9434
2030	53
2030	8682
2030	6351
2030	7680
2031	4459
2031	3813
2031	7818
2031	7306
2031	9643
2031	7257
2031	2829
2031	8624
2031	4693
2031	4545
2032	6183
2032	4552
2032	4923
2032	5735
2032	4738
2032	4643
2032	788
2032	6981
2032	4889
2032	3421
2033	3807
2033	5205
2033	8902
2033	2746
2033	6612
2033	5247
2033	9462
2033	2606
2033	1396
2033	4044
2034	2896
2034	7266
2034	9148
2034	9791
2034	5344
2034	9085
2034	2872
2034	3053
2034	7556
2034	4347
2035	9189
2035	1846
2035	3046
2035	3438
2035	5273
2035	1344
2035	8344
2035	8681
2035	7731
2035	6383
2036	2417
2036	2080
2036	3384
2036	6485
2036	7623
2036	3649
2036	983
2036	4072
2036	5250
2036	8135
2037	7183
2037	4367
2037	1075
2037	9890
2037	355
2037	2740
2037	511
2037	4238
2037	3301
2037	7305
2038	291
2038	3681
2038	1473
2038	9361
2038	6989
2038	2912
2038	4423
2038	1762
2038	8155
2038	599
2039	7676
2039	9996
2039	6687
2039	3419
2039	2355
2039	3254
2039	8751
2039	8287
2039	4046
2039	3400
2040	5079
2040	7929
2040	4137
2040	5450
2040	1409
2040	8831
2040	9976
2040	7424
2040	1022
2040	2397
2041	3737
2041	6729
2041	2367
2041	4523
2041	1092
2041	7367
2041	8168
2041	3530
2041	1960
2041	5080
2042	2425
2042	1664
2042	6472
2042	8456
2042	9866
2042	8955
2042	7399
2042	297
2042	3287
2042	2735
2043	9650
2043	8358
2043	5847
2043	4929
2043	983
2043	8970
2043	4813
2043	2425
2043	5235
2043	4509
2044	9458
2044	9298
2044	2988
2044	4039
2044	3908
2044	505
2044	9191
2044	5208
2044	568
2044	4598
2045	9137
2045	2177
2045	7236
2045	3602
2045	6825
2045	9532
2045	5560
2045	994
2045	7039
2045	3790
2046	2493
2046	9270
2046	8585
2046	6818
2046	7114
2046	644
2046	382
2046	7370
2046	7195
2046	9563
2047	3820
2047	3751
2047	4072
2047	7668
2047	4107
2047	6103
2047	1771
2047	4896
2047	9965
2047	4828
2048	9912
2048	7423
2048	9332
2048	5664
2048	899
2048	5172
2048	7491
2048	9415
2048	3720
2048	5603
2049	2205
2049	3258
2049	8158
2049	3093
2049	5406
2049	4295
2049	2565
2049	193
2049	2977
2049	296
2050	420
2050	8101
2050	1688
2050	7647
2050	8348
2050	2619
2050	1475
2050	942
2050	5385
2050	9194
2051	4630
2051	5892
2051	7229
2051	9632
2051	9699
2051	2254
2051	2522
2051	29
2051	1020
2051	765
2052	6520
2052	1282
2052	1992
2052	4560
2052	3212
2052	296
2052	4823
2052	150
2052	6169
2052	7723
2053	9830
2053	6500
2053	9487
2053	3989
2053	6974
2053	3272
2053	2713
2053	7977
2053	3032
2053	7958
2054	2345
2054	5164
2054	2183
2054	8458
2054	1176
2054	8680
2054	7278
2054	4103
2054	2568
2054	9114
2055	9103
2055	7036
2055	9106
2055	6662
2055	9158
2055	438
2055	5574
2055	2995
2055	9439
2055	1132
2056	4244
2056	305
2056	3224
2056	7355
2056	1757
2056	8944
2056	7591
2056	660
2056	827
2056	822
2057	802
2057	3354
2057	4596
2057	6701
2057	7377
2057	2296
2057	4813
2057	4722
2057	3940
2057	8693
2058	8165
2058	4158
2058	2504
2058	7629
2058	1307
2058	2917
2058	3286
2058	8152
2058	2072
2058	3618
2059	9133
2059	9629
2059	330
2059	9432
2059	5624
2059	3634
2059	3143
2059	2244
2059	2669
2059	6562
2060	6840
2060	9716
2060	1319
2060	8282
2060	6088
2060	1934
2060	5545
2060	4208
2060	6407
2060	6361
2061	7449
2061	4308
2061	5232
2061	9838
2061	1
2061	4083
2061	8318
2061	1947
2061	8993
2061	7429
2062	3046
2062	7972
2062	1705
2062	4782
2062	8653
2062	4094
2062	746
2062	724
2062	424
2062	2707
2063	9594
2063	9322
2063	6222
2063	7700
2063	9844
2063	8141
2063	1477
2063	8576
2063	7603
2063	8514
2064	867
2064	8638
2064	5111
2064	8629
2064	1139
2064	8209
2064	2309
2064	6365
2064	4769
2064	5570
2065	8019
2065	5854
2065	6242
2065	8455
2065	258
2065	3615
2065	4116
2065	6336
2065	4887
2065	771
2066	619
2066	7054
2066	7533
2066	9460
2066	4017
2066	4086
2066	2969
2066	5592
2066	8502
2066	5374
2067	4035
2067	7316
2067	7596
2067	8089
2067	9597
2067	6781
2067	1634
2067	4387
2067	7572
2067	5242
2068	6517
2068	4666
2068	1982
2068	4315
2068	7228
2068	5015
2068	3623
2068	8869
2068	1398
2068	7573
2069	6736
2069	2580
2069	2095
2069	7982
2069	1246
2069	3931
2069	2884
2069	5339
2069	4317
2069	4839
2070	2332
2070	6711
2070	8861
2070	2858
2070	5203
2070	855
2070	5984
2070	8085
2070	6116
2070	9321
2071	3008
2071	1929
2071	4839
2071	8555
2071	5573
2071	5173
2071	2096
2071	3804
2071	9663
2071	7733
2072	7180
2072	1734
2072	4398
2072	6424
2072	3540
2072	4593
2072	3033
2072	4566
2072	4965
2072	6207
2073	1015
2073	2204
2073	9883
2073	2193
2073	9292
2073	2599
2073	55
2073	2164
2073	6803
2073	570
2074	1612
2074	529
2074	1486
2074	4366
2074	7250
2074	2301
2074	4843
2074	1637
2074	5596
2074	8555
2075	4922
2075	7374
2075	3521
2075	3068
2075	767
2075	2135
2075	9530
2075	237
2075	2051
2075	9305
2076	8955
2076	9131
2076	4621
2076	7259
2076	8370
2076	689
2076	4550
2076	9498
2076	1898
2076	7646
2077	4874
2077	2279
2077	9089
2077	819
2077	407
2077	6421
2077	1463
2077	6787
2077	4139
2077	6900
2078	1730
2078	6856
2078	9592
2078	1813
2078	8118
2078	6973
2078	6486
2078	628
2078	6069
2078	8821
2079	2288
2079	6266
2079	2886
2079	3897
2079	4871
2079	7335
2079	4596
2079	8980
2079	3716
2079	2135
2080	3664
2080	3097
2080	6147
2080	2708
2080	3319
2080	1003
2080	9868
2080	706
2080	6469
2080	6024
2081	2176
2081	1820
2081	7138
2081	9568
2081	8612
2081	1340
2081	4869
2081	1304
2081	6851
2081	9274
2082	8846
2082	4726
2082	7422
2082	6885
2082	5867
2082	9455
2082	5394
2082	7571
2082	8998
2082	629
2083	7588
2083	1790
2083	6621
2083	1723
2083	7236
2083	9533
2083	8741
2083	4609
2083	7068
2083	6106
2084	9506
2084	7956
2084	9931
2084	3294
2084	5868
2084	4754
2084	1381
2084	8513
2084	4879
2084	8579
2085	7834
2085	4315
2085	8269
2085	441
2085	8616
2085	3621
2085	263
2085	6785
2085	6300
2085	1461
2086	7985
2086	8001
2086	8463
2086	7214
2086	6813
2086	6295
2086	8831
2086	8289
2086	8012
2086	5703
2087	8677
2087	6830
2087	7392
2087	7422
2087	6837
2087	1450
2087	9071
2087	9624
2087	186
2087	7586
2088	7094
2088	4002
2088	2695
2088	1955
2088	7902
2088	9999
2088	9386
2088	763
2088	8142
2088	5076
2089	3757
2089	4094
2089	2692
2089	8213
2089	9289
2089	3493
2089	9552
2089	5615
2089	1345
2089	4966
2090	9807
2090	5352
2090	2993
2090	1359
2090	3712
2090	7201
2090	9315
2090	9925
2090	3426
2090	8538
2091	1886
2091	2867
2091	4323
2091	7529
2091	6711
2091	7661
2091	5407
2091	6078
2091	3703
2091	8919
2092	8551
2092	2722
2092	9817
2092	181
2092	7747
2092	1829
2092	8044
2092	7289
2092	5778
2092	2013
2093	4701
2093	9246
2093	1418
2093	2949
2093	2622
2093	9857
2093	9771
2093	5020
2093	7089
2093	2242
2094	5613
2094	361
2094	4461
2094	3877
2094	77
2094	4284
2094	7111
2094	979
2094	9980
2094	8423
2095	6617
2095	9103
2095	6043
2095	2493
2095	5004
2095	867
2095	7822
2095	9211
2095	9203
2095	8962
2096	5309
2096	9120
2096	7333
2096	5307
2096	5459
2096	3029
2096	736
2096	2542
2096	5054
2096	7799
2097	4448
2097	2424
2097	6696
2097	1393
2097	9289
2097	3529
2097	84
2097	8143
2097	3036
2097	5882
2098	7624
2098	4963
2098	6813
2098	7366
2098	340
2098	3325
2098	7306
2098	5830
2098	9229
2098	7848
2099	303
2099	9677
2099	6642
2099	1921
2099	8200
2099	5405
2099	72
2099	3419
2099	808
2099	5288
2100	4777
2100	3498
2100	9902
2100	9718
2100	6062
2100	116
2100	1438
2100	6645
2100	2347
2100	1555
2101	7110
2101	557
2101	7811
2101	1516
2101	764
2101	2427
2101	1481
2101	2892
2101	2534
2101	1581
2102	2226
2102	2772
2102	2069
2102	3324
2102	1358
2102	4004
2102	7995
2102	7838
2102	9950
2102	6316
2103	2460
2103	3045
2103	331
2103	9745
2103	5803
2103	9719
2103	686
2103	8024
2103	7392
2103	5030
2104	223
2104	918
2104	4274
2104	3300
2104	6334
2104	6595
2104	8032
2104	7945
2104	3915
2104	7167
2105	9596
2105	9920
2105	4188
2105	8616
2105	1095
2105	4979
2105	823
2105	8398
2105	8446
2105	4468
2106	930
2106	1185
2106	3069
2106	5829
2106	8376
2106	511
2106	9087
2106	7429
2106	3813
2106	7238
2107	5322
2107	1893
2107	5976
2107	3930
2107	9225
2107	5043
2107	978
2107	2973
2107	7121
2107	6434
2108	7217
2108	3336
2108	1374
2108	6891
2108	6774
2108	9254
2108	6169
2108	1295
2108	4392
2108	8578
2109	225
2109	2232
2109	3316
2109	199
2109	1770
2109	471
2109	3040
2109	721
2109	4068
2109	3872
2110	7069
2110	5753
2110	936
2110	8883
2110	750
2110	5098
2110	7195
2110	199
2110	2092
2110	3683
2111	9924
2111	7822
2111	8937
2111	9102
2111	4296
2111	1360
2111	1769
2111	5937
2111	8040
2111	3152
2112	7382
2112	3783
2112	3563
2112	9433
2112	3318
2112	3441
2112	4723
2112	3227
2112	2630
2112	775
2113	9002
2113	6115
2113	7696
2113	504
2113	8296
2113	3970
2113	3568
2113	2787
2113	7557
2113	1448
2114	7355
2114	297
2114	6250
2114	6884
2114	4362
2114	6010
2114	6251
2114	1496
2114	2168
2114	3422
2115	7744
2115	8014
2115	6087
2115	5617
2115	6451
2115	9938
2115	6870
2115	3088
2115	7991
2115	1977
2116	2547
2116	5076
2116	7082
2116	4503
2116	8952
2116	714
2116	2961
2116	8820
2116	1665
2116	3997
2117	4941
2117	8870
2117	2766
2117	8207
2117	3484
2117	928
2117	8799
2117	4771
2117	9189
2117	8878
2118	1565
2118	9861
2118	7172
2118	2691
2118	4532
2118	4666
2118	5935
2118	23
2118	8406
2118	1887
2119	4269
2119	1868
2119	4774
2119	6929
2119	6896
2119	5915
2119	3147
2119	973
2119	1074
2119	3216
2120	9987
2120	9261
2120	9624
2120	3574
2120	2333
2120	631
2120	7079
2120	9960
2120	5725
2120	1926
2121	251
2121	3191
2121	4190
2121	5636
2121	8908
2121	8914
2121	9230
2121	1403
2121	1449
2121	4546
2122	7160
2122	839
2122	508
2122	7885
2122	6881
2122	8060
2122	6050
2122	4194
2122	7386
2122	1772
2123	6153
2123	7917
2123	5562
2123	2941
2123	236
2123	8762
2123	6983
2123	7368
2123	7651
2123	8116
2124	9288
2124	4981
2124	6219
2124	6492
2124	2763
2124	6589
2124	6788
2124	5288
2124	3056
2124	4503
2125	2063
2125	6191
2125	6251
2125	455
2125	3029
2125	8345
2125	5878
2125	9230
2125	2202
2125	7769
2126	4756
2126	5451
2126	8248
2126	909
2126	6769
2126	5050
2126	9814
2126	7998
2126	1078
2126	8247
2127	9304
2127	5069
2127	5762
2127	1849
2127	2869
2127	9995
2127	9998
2127	9208
2127	5470
2127	9857
2128	966
2128	2051
2128	2878
2128	1477
2128	8052
2128	5410
2128	5044
2128	9437
2128	5965
2128	9664
2129	5088
2129	5574
2129	5422
2129	6662
2129	5315
2129	2069
2129	3439
2129	4518
2129	2698
2129	5098
2130	3419
2130	9019
2130	3959
2130	1839
2130	3575
2130	9503
2130	346
2130	5238
2130	3436
2130	9026
2131	2938
2131	559
2131	877
2131	6207
2131	7286
2131	3715
2131	3790
2131	2544
2131	5158
2131	3638
2132	5876
2132	5091
2132	5852
2132	7756
2132	5351
2132	5106
2132	5852
2132	6286
2132	7526
2132	6630
2133	5848
2133	7316
2133	6010
2133	1914
2133	6187
2133	4315
2133	1653
2133	2165
2133	5991
2133	8921
2134	7612
2134	70
2134	858
2134	2021
2134	945
2134	2962
2134	1630
2134	9399
2134	371
2134	2179
2135	5833
2135	5143
2135	7980
2135	208
2135	89
2135	4647
2135	5611
2135	1210
2135	6430
2135	7697
2136	9465
2136	6551
2136	7844
2136	1852
2136	6643
2136	2409
2136	5149
2136	8794
2136	6034
2136	6232
2137	7434
2137	364
2137	1753
2137	4511
2137	8905
2137	5214
2137	4764
2137	8402
2137	721
2137	6712
2138	477
2138	5557
2138	7755
2138	1957
2138	7597
2138	3497
2138	9286
2138	2140
2138	6347
2138	9722
2139	4531
2139	5441
2139	4778
2139	5084
2139	5903
2139	1440
2139	1095
2139	847
2139	4474
2139	9626
2140	1483
2140	85
2140	4946
2140	2303
2140	7039
2140	755
2140	6075
2140	3692
2140	6410
2140	6853
2141	3674
2141	6721
2141	4469
2141	2082
2141	9586
2141	4236
2141	9518
2141	7811
2141	4154
2141	1048
2142	9821
2142	8970
2142	637
2142	728
2142	2577
2142	6357
2142	2311
2142	4321
2142	3979
2142	5917
2143	4911
2143	5561
2143	5780
2143	2997
2143	6700
2143	1929
2143	2587
2143	3024
2143	1
2143	1889
2144	2262
2144	305
2144	1465
2144	4735
2144	2855
2144	7385
2144	3498
2144	6897
2144	8064
2144	606
2145	7427
2145	2128
2145	5812
2145	4694
2145	1644
2145	8355
2145	7271
2145	5858
2145	6975
2145	9561
2146	3461
2146	118
2146	1470
2146	5010
2146	7835
2146	2547
2146	1932
2146	9540
2146	3035
2146	3668
2147	6514
2147	8972
2147	4536
2147	519
2147	1505
2147	6330
2147	7849
2147	2253
2147	2180
2147	9792
2148	4489
2148	3952
2148	2288
2148	2596
2148	310
2148	930
2148	9034
2148	9069
2148	3144
2148	8658
2149	2303
2149	6842
2149	6590
2149	1286
2149	7450
2149	1680
2149	4317
2149	5333
2149	7664
2149	4363
2150	9430
2150	287
2150	8293
2150	6348
2150	174
2150	8001
2150	785
2150	6960
2150	6600
2150	6647
2151	4616
2151	2364
2151	4293
2151	1834
2151	779
2151	6252
2151	9624
2151	2712
2151	5672
2151	4064
2152	9703
2152	1121
2152	6626
2152	6691
2152	9963
2152	7463
2152	7106
2152	3346
2152	1660
2152	4304
2153	9179
2153	3642
2153	2163
2153	9468
2153	445
2153	7742
2153	6503
2153	354
2153	9339
2153	2184
2154	4447
2154	6242
2154	7158
2154	9314
2154	966
2154	1777
2154	21
2154	8170
2154	9075
2154	7609
2155	651
2155	936
2155	5970
2155	5291
2155	4195
2155	2588
2155	9721
2155	5939
2155	2617
2155	3999
2156	6046
2156	7527
2156	1836
2156	6090
2156	5329
2156	3225
2156	4470
2156	1136
2156	3559
2156	6675
2157	5474
2157	2958
2157	9236
2157	3025
2157	8465
2157	4234
2157	4764
2157	7206
2157	2955
2157	9450
2158	4910
2158	6151
2158	1031
2158	1779
2158	7756
2158	8875
2158	3959
2158	7135
2158	6663
2158	7510
2159	9141
2159	7013
2159	2603
2159	1280
2159	9270
2159	4609
2159	9815
2159	7104
2159	6175
2159	4539
2160	2220
2160	1118
2160	4870
2160	709
2160	3033
2160	7545
2160	4750
2160	654
2160	3534
2160	572
2161	8349
2161	9849
2161	709
2161	1117
2161	3156
2161	5402
2161	3703
2161	8130
2161	1234
2161	2104
2162	7775
2162	8289
2162	6950
2162	8977
2162	6660
2162	9998
2162	3361
2162	7402
2162	9419
2162	4807
2163	8319
2163	7354
2163	928
2163	494
2163	5514
2163	7395
2163	5014
2163	9393
2163	4528
2163	4142
2164	8959
2164	8805
2164	3202
2164	9868
2164	9862
2164	7111
2164	947
2164	6126
2164	4752
2164	8080
2165	8264
2165	567
2165	1213
2165	5476
2165	9121
2165	7615
2165	7226
2165	8649
2165	6426
2165	2789
2166	3510
2166	9157
2166	9908
2166	9067
2166	982
2166	1543
2166	8040
2166	4614
2166	3585
2166	2629
2167	9136
2167	8374
2167	8262
2167	7484
2167	7195
2167	8942
2167	830
2167	4109
2167	2330
2167	9420
2168	9705
2168	8669
2168	2537
2168	7487
2168	3204
2168	7608
2168	1509
2168	3253
2168	2570
2168	8488
2169	7982
2169	6398
2169	3194
2169	3423
2169	7850
2169	3653
2169	9464
2169	4744
2169	203
2169	8624
2170	287
2170	2561
2170	6453
2170	6709
2170	2803
2170	342
2170	9863
2170	6073
2170	122
2170	3549
2171	9358
2171	4400
2171	4203
2171	7336
2171	6931
2171	250
2171	4067
2171	522
2171	5543
2171	7796
2172	7658
2172	2494
2172	482
2172	1131
2172	4626
2172	6315
2172	4116
2172	4759
2172	4712
2172	7401
2173	8316
2173	9527
2173	1081
2173	6536
2173	1157
2173	2804
2173	2897
2173	5750
2173	9981
2173	5341
2174	1834
2174	4398
2174	1119
2174	7848
2174	6043
2174	7591
2174	8311
2174	8091
2174	3629
2174	3312
2175	4809
2175	3170
2175	3084
2175	9020
2175	5938
2175	4669
2175	6748
2175	8598
2175	315
2175	233
2176	3635
2176	2562
2176	7232
2176	9728
2176	7123
2176	9829
2176	4863
2176	1447
2176	7782
2176	6647
2177	7314
2177	7365
2177	1516
2177	7939
2177	9860
2177	2033
2177	1060
2177	4829
2177	4063
2177	6114
2178	6867
2178	9328
2178	4484
2178	533
2178	9659
2178	8990
2178	1501
2178	5677
2178	5445
2178	1822
2179	2483
2179	3567
2179	1867
2179	5727
2179	6488
2179	7457
2179	9407
2179	9364
2179	266
2179	3575
2180	8388
2180	8045
2180	7393
2180	9456
2180	2981
2180	7044
2180	37
2180	9533
2180	4007
2180	5495
2181	7836
2181	4349
2181	5960
2181	6499
2181	2232
2181	4525
2181	2636
2181	2436
2181	5244
2181	8954
2182	7782
2182	6978
2182	4822
2182	5098
2182	5677
2182	5470
2182	5815
2182	7964
2182	1624
2182	5030
2183	4568
2183	4739
2183	8535
2183	9033
2183	6621
2183	1058
2183	3923
2183	3216
2183	2140
2183	1780
2184	1312
2184	1322
2184	5606
2184	1336
2184	1898
2184	5330
2184	9672
2184	2720
2184	4635
2184	4792
2185	5836
2185	4525
2185	1564
2185	5571
2185	2030
2185	9333
2185	5549
2185	4884
2185	3728
2185	4741
2186	3776
2186	5570
2186	7652
2186	3685
2186	1884
2186	8818
2186	1768
2186	502
2186	8156
2186	2816
2187	4841
2187	1397
2187	2006
2187	9958
2187	3483
2187	176
2187	6532
2187	2924
2187	9158
2187	9834
2188	4846
2188	8487
2188	1807
2188	1393
2188	1633
2188	6521
2188	866
2188	190
2188	424
2188	3462
2189	1755
2189	5069
2189	2248
2189	3610
2189	5573
2189	1220
2189	6063
2189	4396
2189	5916
2189	2298
2190	241
2190	9566
2190	1777
2190	7938
2190	7074
2190	5552
2190	3463
2190	674
2190	5661
2190	7310
2191	4130
2191	7196
2191	2639
2191	8199
2191	6914
2191	9369
2191	5065
2191	8987
2191	5642
2191	3299
2192	6895
2192	762
2192	4860
2192	3106
2192	5041
2192	7506
2192	638
2192	5196
2192	8400
2192	115
2193	8874
2193	3804
2193	3103
2193	6418
2193	7776
2193	3279
2193	1961
2193	6160
2193	5126
2193	5461
2194	5907
2194	1820
2194	7049
2194	5950
2194	9310
2194	7172
2194	8527
2194	1453
2194	1249
2194	242
2195	6862
2195	6388
2195	9448
2195	8553
2195	3046
2195	9545
2195	2060
2195	7239
2195	7348
2195	3297
2196	2425
2196	2981
2196	8758
2196	946
2196	3151
2196	2689
2196	924
2196	8274
2196	6252
2196	8011
2197	2068
2197	6104
2197	6932
2197	7749
2197	1343
2197	3487
2197	2254
2197	1101
2197	5349
2197	9562
2198	640
2198	5449
2198	1762
2198	6693
2198	7562
2198	3553
2198	7682
2198	8890
2198	1883
2198	6522
2199	4412
2199	2440
2199	9759
2199	673
2199	2389
2199	6509
2199	9113
2199	574
2199	403
2199	9531
2200	4265
2200	3366
2200	3050
2200	2219
2200	2601
2200	1674
2200	2515
2200	3747
2200	5006
2200	7070
2201	5742
2201	995
2201	7976
2201	2677
2201	3374
2201	2322
2201	8592
2201	7185
2201	4335
2201	3350
2202	3673
2202	2710
2202	6965
2202	343
2202	9300
2202	2707
2202	1771
2202	3042
2202	6995
2202	9462
2203	1051
2203	2501
2203	1536
2203	5735
2203	2022
2203	2521
2203	7224
2203	4317
2203	9862
2203	5726
2204	9339
2204	9455
2204	3225
2204	7579
2204	6549
2204	3680
2204	4370
2204	2364
2204	5164
2204	5052
2205	6055
2205	9361
2205	4808
2205	1757
2205	4548
2205	424
2205	7109
2205	8587
2205	3618
2205	2022
2206	835
2206	4436
2206	9107
2206	4867
2206	3271
2206	2054
2206	3564
2206	1168
2206	9931
2206	6339
2207	3724
2207	8472
2207	3988
2207	63
2207	907
2207	6970
2207	2551
2207	7387
2207	5782
2207	5168
2208	996
2208	6573
2208	8020
2208	4081
2208	2568
2208	258
2208	3461
2208	6381
2208	7090
2208	5316
2209	5584
2209	3236
2209	9511
2209	6293
2209	958
2209	4566
2209	2217
2209	706
2209	442
2209	4826
2210	9633
2210	6868
2210	4413
2210	7653
2210	2714
2210	5579
2210	5305
2210	6155
2210	9282
2210	1579
2211	1527
2211	7012
2211	9193
2211	814
2211	5184
2211	1847
2211	1742
2211	1655
2211	3876
2211	9263
2212	3540
2212	6952
2212	4385
2212	626
2212	1429
2212	9995
2212	3043
2212	5749
2212	3830
2212	7124
2213	2374
2213	1098
2213	7899
2213	2474
2213	4171
2213	6434
2213	8632
2213	9153
2213	6906
2213	7567
2214	3738
2214	7125
2214	1771
2214	4750
2214	1459
2214	6851
2214	7930
2214	2829
2214	6428
2214	8020
2215	1933
2215	1156
2215	865
2215	3435
2215	3957
2215	612
2215	5259
2215	6056
2215	9920
2215	3520
2216	4482
2216	4377
2216	3275
2216	8739
2216	4615
2216	6251
2216	8426
2216	5891
2216	4815
2216	8809
2217	1985
2217	221
2217	9689
2217	5192
2217	3191
2217	9066
2217	9751
2217	2711
2217	7420
2217	1592
2218	2344
2218	7879
2218	4933
2218	1416
2218	443
2218	6589
2218	3567
2218	676
2218	3625
2218	232
2219	5129
2219	540
2219	9481
2219	3569
2219	519
2219	3642
2219	135
2219	9385
2219	124
2219	3391
2220	6273
2220	8103
2220	7576
2220	5105
2220	1392
2220	1348
2220	1875
2220	3194
2220	2780
2220	5799
2221	7101
2221	6596
2221	4583
2221	4068
2221	5124
2221	7865
2221	962
2221	3843
2221	2268
2221	6916
2222	688
2222	2719
2222	322
2222	6166
2222	342
2222	8386
2222	2476
2222	5739
2222	5347
2222	4610
2223	9526
2223	6182
2223	3747
2223	810
2223	6843
2223	4385
2223	4322
2223	7547
2223	6437
2223	2051
2224	8239
2224	1349
2224	595
2224	7384
2224	8628
2224	2284
2224	3096
2224	6087
2224	6400
2224	3044
2225	862
2225	5525
2225	3738
2225	2006
2225	3621
2225	761
2225	8048
2225	353
2225	3637
2225	8304
2226	4822
2226	1227
2226	623
2226	9418
2226	744
2226	7224
2226	2954
2226	9697
2226	8805
2226	986
2227	6058
2227	3144
2227	4088
2227	4496
2227	5285
2227	9482
2227	4958
2227	5915
2227	8072
2227	7052
2228	2644
2228	849
2228	2370
2228	3057
2228	3808
2228	260
2228	5297
2228	3032
2228	1366
2228	3746
2229	7035
2229	4395
2229	3100
2229	3794
2229	2643
2229	6635
2229	7950
2229	2874
2229	9513
2229	321
2230	9753
2230	5333
2230	8063
2230	5364
2230	1231
2230	2638
2230	6211
2230	9024
2230	7080
2230	7304
2231	3112
2231	4197
2231	6194
2231	3515
2231	2233
2231	8200
2231	5471
2231	8385
2231	4976
2231	1757
2232	3319
2232	6070
2232	2981
2232	2931
2232	4934
2232	9123
2232	7956
2232	3876
2232	8775
2232	3866
2233	6578
2233	5003
2233	8103
2233	5426
2233	6929
2233	5199
2233	1130
2233	4380
2233	1811
2233	9407
2234	8138
2234	3377
2234	3923
2234	3041
2234	6059
2234	171
2234	8690
2234	1641
2234	8770
2234	7941
2235	1651
2235	3206
2235	6500
2235	5279
2235	3394
2235	9819
2235	3412
2235	6861
2235	9168
2235	6617
2236	7458
2236	9009
2236	1621
2236	520
2236	2971
2236	1135
2236	7357
2236	1929
2236	9627
2236	9461
2237	7872
2237	5694
2237	7108
2237	7912
2237	1346
2237	5511
2237	6310
2237	6763
2237	3548
2237	2317
2238	5632
2238	7447
2238	9786
2238	6521
2238	3495
2238	5322
2238	7194
2238	3967
2238	8929
2238	6596
2239	9795
2239	1680
2239	6129
2239	4312
2239	7272
2239	7046
2239	8702
2239	318
2239	7442
2239	8052
2240	9669
2240	6821
2240	1589
2240	1896
2240	1981
2240	8025
2240	8781
2240	6031
2240	2097
2240	8643
2241	4101
2241	5635
2241	5205
2241	9084
2241	7986
2241	547
2241	7715
2241	8209
2241	6548
2241	6230
2242	1520
2242	1723
2242	27
2242	5859
2242	5332
2242	3339
2242	8402
2242	7575
2242	287
2242	7844
2243	3275
2243	6923
2243	1065
2243	9180
2243	6545
2243	9587
2243	3092
2243	3283
2243	509
2243	5415
2244	9828
2244	7378
2244	8534
2244	6250
2244	7551
2244	6277
2244	2055
2244	5660
2244	7440
2244	2763
2245	5574
2245	76
2245	7888
2245	4355
2245	2206
2245	5011
2245	3321
2245	9671
2245	7003
2245	3297
2246	8785
2246	2520
2246	9074
2246	9112
2246	1647
2246	66
2246	1939
2246	7982
2246	9728
2246	8939
2247	3730
2247	394
2247	5841
2247	7815
2247	9599
2247	472
2247	5507
2247	6559
2247	3208
2247	1033
2248	2382
2248	5166
2248	1613
2248	8432
2248	9597
2248	9130
2248	540
2248	6649
2248	4791
2248	7357
2249	1330
2249	9124
2249	406
2249	5826
2249	759
2249	7784
2249	7142
2249	8601
2249	4884
2249	3668
2250	1010
2250	7326
2250	4405
2250	8279
2250	3863
2250	3610
2250	9060
2250	4601
2250	1595
2250	2040
2251	6155
2251	5214
2251	1535
2251	3121
2251	9019
2251	9837
2251	8077
2251	9930
2251	4452
2251	699
2252	3127
2252	7248
2252	8031
2252	5767
2252	7216
2252	502
2252	9469
2252	1574
2252	8524
2252	7860
2253	3857
2253	3180
2253	9714
2253	5516
2253	5182
2253	6361
2253	8121
2253	4581
2253	3589
2253	6071
2254	8048
2254	2815
2254	2081
2254	4090
2254	7908
2254	1378
2254	371
2254	7530
2254	6827
2254	4878
2255	123
2255	801
2255	4990
2255	9629
2255	8391
2255	9823
2255	442
2255	2937
2255	5203
2255	3936
2256	3033
2256	5363
2256	724
2256	4884
2256	9174
2256	4647
2256	5665
2256	2937
2256	3241
2256	7684
2257	3987
2257	173
2257	7206
2257	6583
2257	6611
2257	3663
2257	661
2257	8998
2257	1956
2257	7342
2258	9213
2258	8359
2258	7255
2258	1011
2258	9204
2258	4477
2258	7943
2258	651
2258	594
2258	8372
2259	7453
2259	6302
2259	6722
2259	3020
2259	1290
2259	9056
2259	1341
2259	5504
2259	170
2259	8715
2260	5721
2260	8085
2260	5923
2260	8473
2260	6396
2260	1713
2260	5188
2260	4409
2260	7068
2260	8823
2261	6767
2261	4909
2261	8804
2261	2363
2261	4636
2261	1467
2261	2645
2261	9670
2261	2546
2261	2653
2262	4090
2262	1315
2262	6006
2262	7469
2262	7893
2262	4276
2262	8786
2262	7774
2262	6289
2262	9614
2263	37
2263	8275
2263	118
2263	2920
2263	5118
2263	4362
2263	6259
2263	9143
2263	6886
2263	2104
2264	8792
2264	830
2264	787
2264	327
2264	2102
2264	9043
2264	7081
2264	8303
2264	2686
2264	2232
2265	6854
2265	7231
2265	4301
2265	8853
2265	7781
2265	3592
2265	2558
2265	8360
2265	1731
2265	6050
2266	9718
2266	5940
2266	2715
2266	3972
2266	5062
2266	9403
2266	9346
2266	5676
2266	491
2266	3394
2267	5296
2267	3706
2267	5210
2267	5018
2267	172
2267	8433
2267	6487
2267	4069
2267	6847
2267	1821
2268	6539
2268	8484
2268	9347
2268	2796
2268	4936
2268	5447
2268	4153
2268	5063
2268	8435
2268	1435
2269	2661
2269	3428
2269	533
2269	4706
2269	1654
2269	2700
2269	1053
2269	1746
2269	9678
2269	2236
2270	5757
2270	4453
2270	4122
2270	6504
2270	816
2270	1820
2270	4278
2270	9066
2270	3984
2270	3668
2271	4612
2271	8542
2271	4376
2271	8398
2271	7960
2271	223
2271	6835
2271	5756
2271	6772
2271	3944
2272	4295
2272	8450
2272	9664
2272	2274
2272	8072
2272	6077
2272	8210
2272	7849
2272	5962
2272	9221
2273	1574
2273	8190
2273	5729
2273	2306
2273	5680
2273	1012
2273	2933
2273	2439
2273	4200
2273	4310
2274	1279
2274	4275
2274	1216
2274	7604
2274	6110
2274	7066
2274	3203
2274	7061
2274	9912
2274	5405
2275	4268
2275	2304
2275	1805
2275	9165
2275	8479
2275	3764
2275	64
2275	7846
2275	8441
2275	9389
2276	9264
2276	9678
2276	9007
2276	3640
2276	9374
2276	8601
2276	2158
2276	3498
2276	3018
2276	4228
2277	1937
2277	8530
2277	2865
2277	8134
2277	7633
2277	7493
2277	4908
2277	4185
2277	6691
2277	9498
2278	6599
2278	1310
2278	8868
2278	9734
2278	4253
2278	7818
2278	7322
2278	3567
2278	8467
2278	6714
2279	967
2279	7190
2279	7534
2279	5201
2279	4367
2279	9665
2279	4840
2279	4697
2279	3629
2279	4633
2280	3975
2280	4744
2280	4390
2280	6337
2280	1926
2280	9149
2280	8924
2280	9703
2280	1551
2280	401
2281	4652
2281	7218
2281	1331
2281	2096
2281	8267
2281	9381
2281	6772
2281	5470
2281	8002
2281	3653
2282	6815
2282	4375
2282	8396
2282	5277
2282	8227
2282	8676
2282	5425
2282	7494
2282	722
2282	5526
2283	8839
2283	6695
2283	929
2283	7520
2283	497
2283	7042
2283	2862
2283	1078
2283	3976
2283	687
2284	5605
2284	7951
2284	7543
2284	2679
2284	4915
2284	3592
2284	624
2284	4386
2284	2426
2284	7357
2285	1433
2285	3606
2285	2134
2285	7053
2285	2623
2285	467
2285	7090
2285	4544
2285	8855
2285	5812
2286	7272
2286	5263
2286	7310
2286	6139
2286	3982
2286	2607
2286	5544
2286	274
2286	1120
2286	9648
2287	8829
2287	1390
2287	211
2287	7372
2287	8937
2287	2968
2287	994
2287	8081
2287	4427
2287	3959
2288	7187
2288	1938
2288	3417
2288	3974
2288	7637
2288	553
2288	778
2288	5799
2288	4190
2288	3230
2289	6273
2289	5420
2289	5364
2289	7203
2289	4718
2289	7922
2289	3268
2289	6729
2289	5465
2289	5419
2290	3921
2290	5638
2290	4419
2290	1726
2290	7287
2290	625
2290	6944
2290	1412
2290	4688
2290	4714
2291	8597
2291	4860
2291	809
2291	4551
2291	758
2291	245
2291	2853
2291	4661
2291	2142
2291	5802
2292	636
2292	9328
2292	4900
2292	8513
2292	2188
2292	8578
2292	3439
2292	5117
2292	3510
2292	4769
2293	7639
2293	5442
2293	7245
2293	3463
2293	8277
2293	8479
2293	9608
2293	292
2293	7713
2293	644
2294	4675
2294	3571
2294	6111
2294	9466
2294	7427
2294	7601
2294	5162
2294	9724
2294	8114
2294	2130
2295	6830
2295	2712
2295	1471
2295	331
2295	4820
2295	8684
2295	5227
2295	5969
2295	7763
2295	5059
2296	6776
2296	2548
2296	6222
2296	3056
2296	8190
2296	6292
2296	9569
2296	9177
2296	8659
2296	6978
2297	7580
2297	6043
2297	2763
2297	9411
2297	4292
2297	409
2297	1548
2297	1459
2297	5234
2297	8149
2298	3610
2298	89
2298	1322
2298	3294
2298	6502
2298	1114
2298	7141
2298	1094
2298	1593
2298	9496
2299	4591
2299	6002
2299	9632
2299	1956
2299	3169
2299	2112
2299	6432
2299	4768
2299	6342
2299	4338
2300	9341
2300	149
2300	7113
2300	7843
2300	4081
2300	4562
2300	5015
2300	6190
2300	1179
2300	5425
2301	4969
2301	5483
2301	7866
2301	5592
2301	5093
2301	2411
2301	4834
2301	9782
2301	1223
2301	1769
2302	98
2302	9831
2302	3122
2302	6735
2302	2815
2302	9317
2302	9618
2302	5517
2302	6326
2302	3033
2303	9820
2303	9355
2303	6085
2303	9605
2303	6201
2303	1960
2303	6949
2303	3478
2303	9100
2303	6828
2304	367
2304	2557
2304	1055
2304	9307
2304	6477
2304	2474
2304	9721
2304	1767
2304	9384
2304	6258
2305	7115
2305	9393
2305	3557
2305	5434
2305	5130
2305	8311
2305	3562
2305	7627
2305	6407
2305	8954
2306	1237
2306	7161
2306	135
2306	2275
2306	3537
2306	5243
2306	2581
2306	1113
2306	397
2306	2187
2307	1009
2307	8765
2307	5184
2307	5745
2307	6364
2307	6055
2307	5257
2307	6646
2307	3419
2307	3061
2308	1938
2308	6051
2308	220
2308	7038
2308	8990
2308	5476
2308	2141
2308	2431
2308	9346
2308	3700
2309	1261
2309	4841
2309	8466
2309	3073
2309	4022
2309	363
2309	6428
2309	4810
2309	3657
2309	4101
2310	2574
2310	8440
2310	7672
2310	6327
2310	6843
2310	1257
2310	4121
2310	3483
2310	2743
2310	3054
2311	1851
2311	410
2311	3597
2311	2976
2311	2913
2311	6564
2311	506
2311	6161
2311	7241
2311	5604
2312	3198
2312	3095
2312	7974
2312	5692
2312	2362
2312	8637
2312	4860
2312	1918
2312	8000
2312	9109
2313	3492
2313	6856
2313	5517
2313	8938
2313	6884
2313	3
2313	254
2313	4704
2313	5306
2313	3594
2314	2506
2314	6709
2314	8261
2314	6369
2314	5083
2314	2976
2314	5464
2314	7750
2314	2776
2314	8038
2315	5032
2315	2384
2315	1175
2315	736
2315	9435
2315	7203
2315	636
2315	8595
2315	745
2315	2208
2316	786
2316	3929
2316	6213
2316	2705
2316	1996
2316	9805
2316	3086
2316	1214
2316	8793
2316	4669
2317	2895
2317	4922
2317	5085
2317	8171
2317	6207
2317	2151
2317	7269
2317	3713
2317	1707
2317	1390
2318	4438
2318	8535
2318	6046
2318	7465
2318	7587
2318	7940
2318	4327
2318	8830
2318	6090
2318	5218
2319	4922
2319	8877
2319	9902
2319	7092
2319	2593
2319	3304
2319	7482
2319	5100
2319	2913
2319	1346
2320	9306
2320	9942
2320	7309
2320	8968
2320	2635
2320	3133
2320	3141
2320	2282
2320	9619
2320	5471
2321	6728
2321	1900
2321	4951
2321	9317
2321	7940
2321	3071
2321	6987
2321	7328
2321	3100
2321	6043
2322	3454
2322	7221
2322	692
2322	2409
2322	4189
2322	7741
2322	8562
2322	4215
2322	8733
2322	1198
2323	4631
2323	9437
2323	2304
2323	9881
2323	2208
2323	5032
2323	220
2323	2132
2323	1068
2323	5252
2324	4530
2324	4817
2324	7855
2324	973
2324	2058
2324	9029
2324	6946
2324	8473
2324	3534
2324	7751
2325	9946
2325	8949
2325	3378
2325	6179
2325	7528
2325	4683
2325	6863
2325	8973
2325	6922
2325	9819
2326	8271
2326	6142
2326	6372
2326	2497
2326	1186
2326	1256
2326	9145
2326	5434
2326	6897
2326	5717
2327	5743
2327	1489
2327	5887
2327	7885
2327	1159
2327	4766
2327	3197
2327	8047
2327	2914
2327	2913
2328	7176
2328	5754
2328	1733
2328	3919
2328	8179
2328	9731
2328	9107
2328	6142
2328	4664
2328	8247
2329	7825
2329	2186
2329	8488
2329	3553
2329	8247
2329	295
2329	3449
2329	1196
2329	443
2329	7781
2330	3984
2330	7750
2330	5750
2330	2576
2330	4261
2330	7814
2330	4631
2330	7226
2330	5727
2330	9317
2331	3205
2331	3079
2331	1451
2331	3594
2331	8341
2331	12
2331	4675
2331	5100
2331	5076
2331	5671
2332	2074
2332	4906
2332	7318
2332	3333
2332	1000
2332	8179
2332	9554
2332	5908
2332	9366
2332	6744
2333	834
2333	7787
2333	7549
2333	9250
2333	3352
2333	8205
2333	4753
2333	1621
2333	2432
2333	2556
2334	2073
2334	2108
2334	4704
2334	9048
2334	6417
2334	2848
2334	5419
2334	7120
2334	7344
2334	2493
2335	4420
2335	3594
2335	7627
2335	5356
2335	7224
2335	2098
2335	3443
2335	3971
2335	8577
2335	1067
2336	3363
2336	2574
2336	1076
2336	8687
2336	4059
2336	1124
2336	9427
2336	8527
2336	2082
2336	3004
2337	2932
2337	9153
2337	3027
2337	2018
2337	9043
2337	9617
2337	6662
2337	7900
2337	4617
2337	2707
2338	1405
2338	1839
2338	9366
2338	6926
2338	4475
2338	4137
2338	808
2338	2130
2338	768
2338	1856
2339	9246
2339	2152
2339	22
2339	3883
2339	7915
2339	3759
2339	3738
2339	738
2339	4841
2339	2897
2340	7283
2340	6268
2340	3443
2340	6279
2340	2839
2340	4517
2340	8604
2340	630
2340	4567
2340	2534
2341	8683
2341	6579
2341	2793
2341	3070
2341	9708
2341	4496
2341	7235
2341	6931
2341	6256
2341	6204
2342	771
2342	2849
2342	7343
2342	1400
2342	4573
2342	5866
2342	7850
2342	116
2342	6937
2342	5431
2343	9122
2343	1349
2343	150
2343	9971
2343	9291
2343	6844
2343	3449
2343	1375
2343	4649
2343	815
2344	5811
2344	4771
2344	2809
2344	5291
2344	3186
2344	7862
2344	8928
2344	8059
2344	609
2344	9875
2345	2388
2345	7778
2345	6435
2345	3894
2345	9242
2345	3128
2345	3368
2345	2655
2345	4875
2345	3040
2346	8278
2346	6231
2346	9163
2346	9016
2346	3209
2346	4914
2346	3857
2346	9351
2346	1358
2346	654
2347	2169
2347	4090
2347	9002
2347	8930
2347	139
2347	4920
2347	6655
2347	9603
2347	4858
2347	8997
2348	5906
2348	574
2348	7366
2348	1228
2348	4063
2348	6093
2348	2809
2348	6260
2348	8633
2348	6899
2349	2684
2349	9002
2349	1858
2349	1596
2349	9863
2349	9606
2349	8182
2349	1980
2349	4908
2349	3143
2350	1263
2350	1991
2350	24
2350	2023
2350	2940
2350	2734
2350	4532
2350	9714
2350	1141
2350	8692
2351	499
2351	2571
2351	7423
2351	7166
2351	5522
2351	5195
2351	9789
2351	9443
2351	6322
2351	2844
2352	288
2352	9064
2352	7989
2352	250
2352	2282
2352	4794
2352	9234
2352	541
2352	1529
2352	4387
2353	2602
2353	6840
2353	9027
2353	4791
2353	7993
2353	1224
2353	60
2353	2851
2353	2080
2353	4051
2354	5190
2354	9297
2354	5528
2354	4621
2354	2122
2354	4135
2354	9565
2354	1847
2354	3783
2354	1046
2355	5318
2355	1026
2355	2768
2355	3051
2355	2199
2355	7308
2355	5829
2355	3879
2355	3565
2355	4341
2356	5692
2356	4088
2356	481
2356	4037
2356	9012
2356	7587
2356	2240
2356	3008
2356	2779
2356	4382
2357	6290
2357	4016
2357	1951
2357	350
2357	2096
2357	6317
2357	5033
2357	5072
2357	4430
2357	7042
2358	3122
2358	7235
2358	6492
2358	766
2358	4685
2358	1855
2358	8436
2358	9197
2358	4452
2358	7511
2359	4458
2359	919
2359	844
2359	2441
2359	795
2359	2823
2359	8345
2359	5699
2359	2471
2359	9925
2360	7003
2360	523
2360	2463
2360	8445
2360	419
2360	1680
2360	5630
2360	2349
2360	9604
2360	9441
2361	3098
2361	9475
2361	7033
2361	5278
2361	6753
2361	9435
2361	5730
2361	5729
2361	8459
2361	347
2362	148
2362	3812
2362	4320
2362	1646
2362	3975
2362	7518
2362	8319
2362	7178
2362	4175
2362	7842
2363	2369
2363	2946
2363	1110
2363	3204
2363	7510
2363	7495
2363	8881
2363	1270
2363	5895
2363	8415
2364	2023
2364	2747
2364	5440
2364	3200
2364	9503
2364	2101
2364	8620
2364	2883
2364	8038
2364	2211
2365	7935
2365	8642
2365	6994
2365	1267
2365	9178
2365	7425
2365	8356
2365	1428
2365	4920
2365	3468
2366	576
2366	4527
2366	5796
2366	3129
2366	5493
2366	8830
2366	8833
2366	8104
2366	6917
2366	2255
2367	6273
2367	3963
2367	7693
2367	3957
2367	8820
2367	7845
2367	1213
2367	4156
2367	9787
2367	5367
2368	775
2368	8574
2368	5414
2368	4418
2368	1551
2368	7376
2368	7582
2368	6330
2368	5528
2368	2396
2369	3439
2369	2979
2369	4524
2369	6263
2369	1194
2369	8661
2369	6188
2369	7741
2369	7211
2369	2903
2370	7344
2370	7879
2370	5111
2370	1491
2370	6750
2370	8284
2370	7814
2370	475
2370	5262
2370	9938
2371	4364
2371	163
2371	2848
2371	3301
2371	8835
2371	7461
2371	4315
2371	128
2371	905
2371	7130
2372	1468
2372	9050
2372	6924
2372	3371
2372	5786
2372	8051
2372	2176
2372	9405
2372	970
2372	4024
2373	7851
2373	6743
2373	6116
2373	1135
2373	3985
2373	6249
2373	2092
2373	7231
2373	9836
2373	9728
2374	3074
2374	7510
2374	4007
2374	2374
2374	4099
2374	6594
2374	161
2374	2360
2374	5739
2374	6030
2375	4737
2375	4444
2375	1134
2375	4937
2375	7428
2375	2057
2375	7972
2375	3655
2375	7330
2375	9800
2376	8525
2376	8342
2376	9079
2376	378
2376	3631
2376	3215
2376	7155
2376	9798
2376	1640
2376	178
2377	908
2377	8560
2377	8664
2377	9621
2377	8801
2377	2181
2377	791
2377	1574
2377	9235
2377	3216
2378	7039
2378	6267
2378	6201
2378	5275
2378	630
2378	9447
2378	8261
2378	6262
2378	2344
2378	6170
2379	2531
2379	7087
2379	5675
2379	1825
2379	8975
2379	9373
2379	8642
2379	8916
2379	3597
2379	163
2380	6515
2380	8803
2380	8184
2380	6982
2380	2531
2380	1957
2380	5421
2380	441
2380	3185
2380	7761
2381	8552
2381	6675
2381	9001
2381	4613
2381	5342
2381	9470
2381	7978
2381	3567
2381	2538
2381	6424
2382	8942
2382	9978
2382	4226
2382	5869
2382	4896
2382	9382
2382	4543
2382	2289
2382	9712
2382	5623
2383	2150
2383	3510
2383	7789
2383	1043
2383	3060
2383	4655
2383	2208
2383	9125
2383	8948
2383	6494
2384	8929
2384	4981
2384	5371
2384	795
2384	621
2384	897
2384	1519
2384	35
2384	6141
2384	4027
2385	7833
2385	711
2385	6759
2385	9369
2385	9552
2385	7206
2385	1531
2385	1502
2385	1444
2385	4854
2386	2881
2386	4027
2386	3615
2386	9458
2386	2835
2386	2611
2386	9182
2386	2937
2386	5811
2386	5798
2387	681
2387	2574
2387	9627
2387	8571
2387	6495
2387	301
2387	3778
2387	3804
2387	9776
2387	5144
2388	8128
2388	4405
2388	2249
2388	5760
2388	5674
2388	82
2388	1918
2388	8259
2388	6919
2388	6619
2389	5714
2389	9446
2389	8030
2389	4320
2389	5418
2389	3315
2389	2277
2389	7637
2389	8754
2389	5077
2390	948
2390	9825
2390	7206
2390	4683
2390	8778
2390	7724
2390	5300
2390	3573
2390	4749
2390	7388
2391	1676
2391	6373
2391	5770
2391	5377
2391	6708
2391	6141
2391	8305
2391	8713
2391	5664
2391	5901
2392	2215
2392	6076
2392	9301
2392	5101
2392	6196
2392	5566
2392	5518
2392	2593
2392	2088
2392	3351
2393	2001
2393	7594
2393	732
2393	7605
2393	4158
2393	8607
2393	2771
2393	3067
2393	6629
2393	1535
2394	7303
2394	4142
2394	2706
2394	1924
2394	1123
2394	8439
2394	5651
2394	5943
2394	3774
2394	9567
2395	4388
2395	914
2395	6163
2395	358
2395	6988
2395	8045
2395	4988
2395	8628
2395	2642
2395	1487
2396	4803
2396	7288
2396	6241
2396	8188
2396	2666
2396	1150
2396	6835
2396	2044
2396	5188
2396	3042
2397	5279
2397	5098
2397	5723
2397	3367
2397	1841
2397	2414
2397	3537
2397	3824
2397	9521
2397	1118
2398	8126
2398	4375
2398	8321
2398	7279
2398	3580
2398	8934
2398	5191
2398	6507
2398	8587
2398	6988
2399	5951
2399	7833
2399	4266
2399	8066
2399	1487
2399	9675
2399	6327
2399	8353
2399	1289
2399	8411
2400	503
2400	211
2400	8234
2400	6452
2400	600
2400	8014
2400	7504
2400	4577
2400	4760
2400	6337
2401	8855
2401	8516
2401	2570
2401	8238
2401	7950
2401	5355
2401	7823
2401	3156
2401	8883
2401	4932
2402	4087
2402	4265
2402	1122
2402	2425
2402	1411
2402	2736
2402	3611
2402	7851
2402	1335
2402	1536
2403	7340
2403	1954
2403	7184
2403	2803
2403	2736
2403	3408
2403	4745
2403	8407
2403	6067
2403	1266
2404	4781
2404	6449
2404	3308
2404	4800
2404	8410
2404	6112
2404	2727
2404	3034
2404	3698
2404	8871
2405	1482
2405	1773
2405	2874
2405	8445
2405	2307
2405	7748
2405	1885
2405	7346
2405	7538
2405	3499
2406	2802
2406	1102
2406	1399
2406	8764
2406	7648
2406	3035
2406	7402
2406	5236
2406	501
2406	9144
2407	4747
2407	5975
2407	8036
2407	2186
2407	3995
2407	5041
2407	6931
2407	4214
2407	6139
2407	1178
2408	1660
2408	4223
2408	3107
2408	2356
2408	647
2408	6764
2408	1422
2408	936
2408	5881
2408	8291
2409	683
2409	7683
2409	1756
2409	5614
2409	7903
2409	3758
2409	489
2409	6509
2409	5307
2409	1924
2410	1781
2410	6705
2410	7493
2410	2106
2410	7877
2410	7280
2410	909
2410	4067
2410	798
2410	4409
2411	9808
2411	7267
2411	2863
2411	2422
2411	8014
2411	5292
2411	682
2411	4277
2411	6228
2411	1084
2412	8729
2412	6201
2412	2989
2412	113
2412	1524
2412	4537
2412	4470
2412	8831
2412	1067
2412	1931
2413	1533
2413	8534
2413	1086
2413	8572
2413	3381
2413	5314
2413	5081
2413	3767
2413	8295
2413	8208
2414	5692
2414	8006
2414	4607
2414	306
2414	9028
2414	5777
2414	3871
2414	8714
2414	7719
2414	4955
2415	4876
2415	2267
2415	4104
2415	7387
2415	3795
2415	4846
2415	8255
2415	5127
2415	7499
2415	2643
2416	4567
2416	6199
2416	6139
2416	3076
2416	7581
2416	7970
2416	2890
2416	8477
2416	9366
2416	2613
2417	2920
2417	5821
2417	1194
2417	4959
2417	3138
2417	6128
2417	6306
2417	9684
2417	401
2417	1270
2418	6673
2418	8313
2418	6026
2418	4137
2418	4460
2418	5264
2418	3701
2418	7803
2418	818
2418	1683
2419	4219
2419	292
2419	8482
2419	2622
2419	6953
2419	8328
2419	7323
2419	5903
2419	3185
2419	2267
2420	4844
2420	178
2420	3364
2420	3423
2420	6917
2420	1615
2420	2592
2420	8388
2420	5530
2420	6301
2421	7390
2421	1447
2421	7324
2421	5646
2421	7028
2421	6432
2421	4478
2421	4584
2421	9717
2421	9411
2422	5482
2422	524
2422	8242
2422	6822
2422	9883
2422	962
2422	2627
2422	8914
2422	9530
2422	1263
2423	9088
2423	7517
2423	4581
2423	2278
2423	3962
2423	9000
2423	595
2423	3853
2423	2191
2423	9670
2424	7481
2424	4229
2424	7274
2424	7624
2424	8880
2424	1574
2424	4982
2424	1438
2424	1102
2424	8648
2425	1652
2425	2166
2425	4727
2425	6907
2425	2415
2425	5340
2425	3253
2425	4145
2425	6889
2425	2787
2426	8535
2426	7958
2426	5525
2426	5774
2426	125
2426	2807
2426	322
2426	8020
2426	4385
2426	7601
2427	971
2427	3975
2427	165
2427	1529
2427	6117
2427	6571
2427	1169
2427	3454
2427	8194
2427	8460
2428	3296
2428	3252
2428	7295
2428	176
2428	1083
2428	6969
2428	9771
2428	5798
2428	682
2428	4192
2429	1767
2429	8762
2429	3674
2429	4207
2429	2589
2429	9177
2429	9408
2429	4710
2429	96
2429	3481
2430	440
2430	2861
2430	269
2430	8876
2430	7461
2430	3786
2430	8215
2430	6664
2430	4205
2430	5164
2431	8515
2431	2548
2431	5386
2431	1237
2431	8216
2431	3145
2431	5488
2431	4772
2431	9625
2431	2334
2432	8395
2432	799
2432	5242
2432	2904
2432	2750
2432	5586
2432	5109
2432	4655
2432	9622
2432	2354
2433	6410
2433	3472
2433	5290
2433	1017
2433	3276
2433	8237
2433	6174
2433	5602
2433	8456
2433	7197
2434	3414
2434	6507
2434	2632
2434	8901
2434	3495
2434	5395
2434	446
2434	7409
2434	4971
2434	9568
2435	5716
2435	7080
2435	1627
2435	8294
2435	8264
2435	7198
2435	8268
2435	8253
2435	2014
2435	3460
2436	7200
2436	8972
2436	2863
2436	4619
2436	6757
2436	192
2436	7231
2436	5396
2436	7007
2436	8411
2437	4330
2437	9488
2437	4930
2437	5932
2437	2051
2437	3437
2437	2839
2437	7071
2437	2618
2437	5916
2438	4883
2438	508
2438	6568
2438	9844
2438	6477
2438	3341
2438	2316
2438	9876
2438	9241
2438	9672
2439	4061
2439	7168
2439	170
2439	8499
2439	6731
2439	5964
2439	1564
2439	4457
2439	1096
2439	943
2440	7552
2440	6295
2440	4499
2440	8969
2440	8036
2440	7364
2440	9371
2440	6262
2440	2103
2440	2273
2441	740
2441	6147
2441	72
2441	7904
2441	8942
2441	6972
2441	8866
2441	1424
2441	5947
2441	7187
2442	9853
2442	3898
2442	7795
2442	9311
2442	9488
2442	624
2442	9200
2442	5200
2442	6917
2442	2493
2443	2188
2443	3953
2443	7883
2443	310
2443	3690
2443	6702
2443	1756
2443	2864
2443	5962
2443	9185
2444	7790
2444	8243
2444	9375
2444	4210
2444	9442
2444	354
2444	1762
2444	4562
2444	7268
2444	3999
2445	3633
2445	1236
2445	2071
2445	1929
2445	48
2445	5226
2445	3483
2445	5910
2445	6329
2445	113
2446	8741
2446	6611
2446	1498
2446	3890
2446	1957
2446	5493
2446	5893
2446	4045
2446	9187
2446	3342
2447	8022
2447	272
2447	317
2447	1175
2447	3314
2447	3529
2447	9693
2447	3095
2447	1683
2447	1751
2448	778
2448	1157
2448	2247
2448	7449
2448	2778
2448	207
2448	3405
2448	1110
2448	7190
2448	4015
2449	1923
2449	3713
2449	1300
2449	6454
2449	42
2449	9960
2449	7337
2449	9114
2449	8374
2449	2573
2450	8235
2450	9444
2450	1427
2450	6641
2450	2604
2450	8626
2450	3487
2450	8516
2450	2343
2450	1859
2451	8207
2451	5983
2451	5048
2451	2657
2451	3695
2451	5627
2451	4649
2451	567
2451	983
2451	3
2452	2707
2452	8486
2452	1129
2452	2429
2452	3824
2452	3007
2452	6595
2452	2613
2452	4431
2452	5544
2453	8594
2453	4170
2453	6270
2453	3463
2453	7406
2453	3534
2453	7218
2453	5873
2453	6235
2453	5887
2454	6210
2454	2469
2454	3575
2454	99
2454	4499
2454	1033
2454	7667
2454	2910
2454	6839
2454	105
2455	511
2455	2033
2455	1324
2455	1765
2455	7642
2455	8978
2455	633
2455	8023
2455	3287
2455	8647
2456	1680
2456	8654
2456	6151
2456	2442
2456	4339
2456	3395
2456	2721
2456	2256
2456	4631
2456	6246
2457	9402
2457	7526
2457	1407
2457	6177
2457	5580
2457	3328
2457	1649
2457	3929
2457	5445
2457	6833
2458	6963
2458	2783
2458	4694
2458	1842
2458	4193
2458	198
2458	5476
2458	9797
2458	2277
2458	8743
2459	9428
2459	5491
2459	1441
2459	8857
2459	6283
2459	3298
2459	168
2459	639
2459	7073
2459	3744
2460	4158
2460	8170
2460	1029
2460	9397
2460	4669
2460	5959
2460	1497
2460	5108
2460	676
2460	484
2461	4202
2461	9790
2461	3706
2461	8968
2461	1670
2461	3652
2461	8318
2461	6363
2461	3768
2461	869
2462	9915
2462	2640
2462	8049
2462	1582
2462	974
2462	5260
2462	3653
2462	6134
2462	6615
2462	1128
2463	7284
2463	7322
2463	3515
2463	5905
2463	1870
2463	8804
2463	7999
2463	7078
2463	6916
2463	7472
2464	9285
2464	1885
2464	4322
2464	5688
2464	1597
2464	4656
2464	3415
2464	2210
2464	3753
2464	619
2465	3604
2465	8822
2465	5360
2465	1743
2465	827
2465	3014
2465	2825
2465	6793
2465	5589
2465	2715
2466	9961
2466	8331
2466	202
2466	3661
2466	648
2466	4198
2466	7039
2466	169
2466	8259
2466	5337
2467	5999
2467	7310
2467	8654
2467	533
2467	3658
2467	5213
2467	2679
2467	1589
2467	2142
2467	7908
2468	4106
2468	627
2468	103
2468	1403
2468	2278
2468	3609
2468	7644
2468	9263
2468	6034
2468	42
2469	4496
2469	4579
2469	9771
2469	4959
2469	2743
2469	6940
2469	7814
2469	2487
2469	5465
2469	433
2470	3564
2470	7334
2470	5485
2470	6881
2470	5699
2470	1124
2470	7791
2470	7390
2470	1389
2470	6317
2471	9234
2471	4547
2471	4833
2471	6956
2471	2895
2471	6690
2471	2565
2471	742
2471	5837
2471	7696
2472	7553
2472	2453
2472	7442
2472	8045
2472	2210
2472	308
2472	2128
2472	1410
2472	3733
2472	7799
2473	6231
2473	7351
2473	6251
2473	270
2473	6116
2473	4848
2473	8557
2473	3138
2473	976
2473	7660
2474	6709
2474	5714
2474	1563
2474	3857
2474	232
2474	8262
2474	4168
2474	6167
2474	6307
2474	6747
2475	2715
2475	4450
2475	2303
2475	1090
2475	5823
2475	5217
2475	7067
2475	7298
2475	3082
2475	9219
2476	4752
2476	7616
2476	7024
2476	7236
2476	2566
2476	4314
2476	5291
2476	2603
2476	1949
2476	413
2477	502
2477	5154
2477	1377
2477	9330
2477	8054
2477	6405
2477	1453
2477	837
2477	6810
2477	1566
2478	8996
2478	6044
2478	9117
2478	8015
2478	5336
2478	2582
2478	9555
2478	5144
2478	8178
2478	7438
2479	7780
2479	2452
2479	9808
2479	9684
2479	3556
2479	128
2479	9598
2479	7042
2479	5231
2479	1102
2480	6385
2480	3054
2480	678
2480	17
2480	1748
2480	8253
2480	8814
2480	5877
2480	6635
2480	7963
2481	2395
2481	2094
2481	5641
2481	5857
2481	6143
2481	8610
2481	1178
2481	5069
2481	4223
2481	5929
2482	9627
2482	6375
2482	5800
2482	1941
2482	4664
2482	2961
2482	3642
2482	9312
2482	9712
2482	5775
2483	4749
2483	5937
2483	3686
2483	2684
2483	6717
2483	500
2483	8314
2483	2946
2483	6171
2483	3757
2484	1473
2484	8026
2484	6
2484	6248
2484	5019
2484	9223
2484	1402
2484	4941
2484	4946
2484	1238
2485	5191
2485	1225
2485	5429
2485	5189
2485	3393
2485	9701
2485	892
2485	7584
2485	908
2485	2817
2486	6272
2486	7785
2486	3357
2486	5792
2486	5169
2486	5720
2486	8105
2486	6599
2486	9189
2486	2425
2487	333
2487	2442
2487	7559
2487	5905
2487	7925
2487	4501
2487	4593
2487	7560
2487	9946
2487	6837
2488	6166
2488	5080
2488	2294
2488	8509
2488	5020
2488	3348
2488	4254
2488	7433
2488	1728
2488	5892
2489	4504
2489	2229
2489	1776
2489	6364
2489	5880
2489	1277
2489	8812
2489	779
2489	7637
2489	6681
2490	5099
2490	2563
2490	657
2490	4428
2490	8396
2490	9072
2490	3727
2490	1148
2490	6097
2490	7468
2491	5692
2491	2520
2491	5391
2491	4713
2491	5705
2491	3592
2491	8024
2491	123
2491	3482
2491	9433
2492	9579
2492	7739
2492	5825
2492	2771
2492	754
2492	1381
2492	891
2492	6170
2492	8622
2492	5698
2493	1636
2493	1501
2493	2071
2493	2715
2493	9474
2493	3905
2493	5778
2493	8810
2493	6180
2493	1989
2494	3503
2494	1307
2494	4412
2494	5944
2494	1458
2494	7429
2494	5976
2494	7960
2494	9893
2494	586
2495	3230
2495	1930
2495	3346
2495	9973
2495	8880
2495	8960
2495	6447
2495	7693
2495	518
2495	2398
2496	1958
2496	71
2496	8602
2496	553
2496	1916
2496	3262
2496	3587
2496	4177
2496	1648
2496	6175
2497	1127
2497	7870
2497	1454
2497	5477
2497	1267
2497	3651
2497	5916
2497	6642
2497	5402
2497	2953
2498	7312
2498	9004
2498	6631
2498	2754
2498	2119
2498	5379
2498	5635
2498	8417
2498	7090
2498	7985
2499	6073
2499	3646
2499	8282
2499	1664
2499	9104
2499	943
2499	4739
2499	9174
2499	1134
2499	72
2500	956
2500	312
2500	3614
2500	211
2500	4863
2500	7537
2500	2334
2500	7273
2500	1887
2500	4465
2501	6941
2501	8571
2501	5877
2501	4461
2501	1558
2501	5013
2501	1050
2501	4322
2501	1823
2501	1917
2502	9437
2502	7455
2502	4024
2502	3479
2502	6978
2502	6462
2502	5603
2502	4360
2502	6498
2502	9570
2503	6309
2503	7936
2503	2577
2503	6330
2503	2678
2503	4923
2503	6931
2503	9005
2503	30
2503	6629
2504	8175
2504	7469
2504	528
2504	6925
2504	9555
2504	9919
2504	3175
2504	1544
2504	5949
2504	9004
2505	5243
2505	7353
2505	4846
2505	8420
2505	8576
2505	5147
2505	8588
2505	1103
2505	1675
2505	9427
2506	4671
2506	297
2506	3001
2506	5223
2506	8243
2506	529
2506	4550
2506	1563
2506	7611
2506	3153
2507	564
2507	3446
2507	4204
2507	6763
2507	696
2507	9237
2507	4110
2507	1478
2507	6485
2507	3688
2508	5009
2508	239
2508	8355
2508	1529
2508	4302
2508	5130
2508	8957
2508	6319
2508	2564
2508	8834
2509	2203
2509	7542
2509	1604
2509	9289
2509	1843
2509	4813
2509	2092
2509	8358
2509	6050
2509	3163
2510	9464
2510	3049
2510	1079
2510	1338
2510	5694
2510	2244
2510	2819
2510	4263
2510	5207
2510	2774
2511	9057
2511	73
2511	1912
2511	5771
2511	5659
2511	8065
2511	3052
2511	6383
2511	4801
2511	9766
2512	1427
2512	3437
2512	2749
2512	2360
2512	2034
2512	3273
2512	7173
2512	4074
2512	2864
2512	2595
2513	5677
2513	5077
2513	1205
2513	6622
2513	5177
2513	3961
2513	3784
2513	2019
2513	7579
2513	696
2514	9042
2514	2449
2514	7844
2514	4742
2514	4981
2514	5405
2514	1401
2514	5864
2514	358
2514	525
2515	5943
2515	4416
2515	562
2515	4008
2515	2938
2515	7711
2515	5531
2515	3069
2515	3693
2515	717
2516	312
2516	9189
2516	4080
2516	8958
2516	7742
2516	1776
2516	4049
2516	968
2516	7761
2516	5921
2517	7158
2517	1241
2517	3754
2517	9224
2517	5894
2517	3697
2517	1291
2517	8105
2517	2572
2517	2332
2518	3940
2518	8770
2518	1624
2518	8621
2518	6214
2518	8583
2518	9178
2518	9669
2518	407
2518	7462
2519	2957
2519	9218
2519	2457
2519	676
2519	5765
2519	5598
2519	9251
2519	9049
2519	7488
2519	7086
2520	1643
2520	7626
2520	2191
2520	7424
2520	7728
2520	1000
2520	8830
2520	4607
2520	2582
2520	2977
2521	2512
2521	3479
2521	6632
2521	1850
2521	7715
2521	8222
2521	222
2521	678
2521	5564
2521	3122
2522	4400
2522	1307
2522	5778
2522	5487
2522	2392
2522	3282
2522	6492
2522	2068
2522	6512
2522	9249
2523	5839
2523	8321
2523	9055
2523	6659
2523	140
2523	7803
2523	9113
2523	4880
2523	1847
2523	6695
2524	9465
2524	4122
2524	8043
2524	2823
2524	8718
2524	3037
2524	2687
2524	1291
2524	2522
2524	5575
2525	7989
2525	1895
2525	5707
2525	7161
2525	519
2525	2285
2525	8957
2525	3061
2525	4596
2525	8946
2526	4322
2526	7094
2526	2715
2526	3622
2526	9751
2526	8999
2526	5876
2526	7297
2526	1411
2526	3332
2527	4687
2527	5673
2527	8511
2527	8279
2527	5288
2527	3038
2527	7238
2527	1561
2527	6399
2527	2981
2528	4419
2528	57
2528	6615
2528	7431
2528	7079
2528	1818
2528	1192
2528	7455
2528	1052
2528	1207
2529	9701
2529	1454
2529	310
2529	2645
2529	2798
2529	1259
2529	5589
2529	8989
2529	4345
2529	938
2530	9453
2530	249
2530	997
2530	26
2530	3308
2530	8489
2530	9151
2530	1615
2530	5276
2530	8621
2531	584
2531	6846
2531	4109
2531	5246
2531	1357
2531	2771
2531	3930
2531	9511
2531	4701
2531	8332
2532	7647
2532	7939
2532	482
2532	1923
2532	7448
2532	2741
2532	9304
2532	6443
2532	7480
2532	1406
2533	9643
2533	8047
2533	4386
2533	4789
2533	7504
2533	3968
2533	2183
2533	5800
2533	5121
2533	218
2534	2798
2534	9385
2534	5095
2534	1983
2534	2364
2534	3732
2534	2115
2534	6430
2534	6473
2534	6755
2535	8299
2535	2568
2535	1118
2535	1403
2535	8438
2535	3323
2535	2299
2535	9499
2535	1456
2535	2839
2536	4530
2536	6341
2536	4437
2536	7058
2536	7518
2536	5109
2536	5577
2536	5792
2536	3647
2536	1417
2537	9915
2537	7571
2537	5969
2537	6022
2537	6203
2537	1505
2537	2943
2537	6391
2537	7174
2537	446
2538	3958
2538	6111
2538	6848
2538	9384
2538	7812
2538	3978
2538	1226
2538	6406
2538	6561
2538	3975
2539	2029
2539	5001
2539	3160
2539	5529
2539	9434
2539	9999
2539	6745
2539	6408
2539	754
2539	9999
2540	7488
2540	8985
2540	807
2540	1560
2540	2820
2540	6781
2540	3490
2540	7012
2540	6574
2540	7210
2541	3708
2541	3023
2541	2406
2541	1906
2541	8334
2541	1945
2541	6156
2541	6892
2541	5337
2541	4902
2542	2081
2542	9660
2542	2155
2542	2570
2542	2943
2542	376
2542	1177
2542	3862
2542	2057
2542	4634
2543	5178
2543	8058
2543	7152
2543	4282
2543	5064
2543	4832
2543	5193
2543	5417
2543	1065
2543	6272
2544	7809
2544	6631
2544	1659
2544	6427
2544	2597
2544	1092
2544	3343
2544	995
2544	4548
2544	6957
2545	6263
2545	7029
2545	9521
2545	7055
2545	8175
2545	335
2545	9040
2545	6345
2545	7015
2545	6084
2546	5243
2546	4016
2546	3446
2546	9176
2546	9937
2546	1235
2546	8760
2546	9895
2546	8348
2546	3919
2547	9496
2547	3421
2547	9405
2547	2715
2547	2104
2547	1791
2547	4134
2547	6205
2547	3937
2547	983
2548	6001
2548	8077
2548	6702
2548	2051
2548	2231
2548	2418
2548	9537
2548	3611
2548	4757
2548	9110
2549	6151
2549	9741
2549	7619
2549	2597
2549	4131
2549	6800
2549	1337
2549	849
2549	2546
2549	3856
2550	6098
2550	2864
2550	2927
2550	7371
2550	5637
2550	5511
2550	8706
2550	7936
2550	2561
2550	4355
2551	1486
2551	235
2551	4709
2551	7278
2551	4043
2551	2791
2551	6781
2551	8213
2551	9716
2551	6813
2552	2915
2552	9274
2552	5962
2552	2513
2552	6606
2552	3895
2552	3770
2552	1238
2552	5637
2552	6497
2553	6810
2553	3796
2553	9012
2553	1993
2553	6502
2553	2199
2553	1544
2553	4421
2553	9556
2553	9502
2554	7510
2554	4480
2554	1842
2554	5745
2554	8425
2554	5103
2554	801
2554	5022
2554	3029
2554	4856
2555	4524
2555	5126
2555	3645
2555	2367
2555	8584
2555	2042
2555	1263
2555	6150
2555	2817
2555	4916
2556	5539
2556	1065
2556	9796
2556	7912
2556	1140
2556	5129
2556	9820
2556	1318
2556	3196
2556	9500
2557	1991
2557	2779
2557	9042
2557	6204
2557	5615
2557	233
2557	7555
2557	971
2557	2286
2557	453
2558	5652
2558	2655
2558	104
2558	5115
2558	1441
2558	2374
2558	9400
2558	6294
2558	2143
2558	972
2559	6613
2559	7977
2559	3250
2559	9151
2559	2872
2559	3530
2559	3050
2559	9955
2559	8105
2559	8973
2560	8881
2560	1589
2560	7990
2560	8277
2560	1268
2560	763
2560	8426
2560	5825
2560	3107
2560	4813
2561	541
2561	913
2561	9527
2561	6649
2561	3827
2561	4506
2561	9339
2561	8260
2561	6965
2561	393
2562	1474
2562	9349
2562	9092
2562	1404
2562	6563
2562	7264
2562	1528
2562	8070
2562	1944
2562	1521
2563	2254
2563	9948
2563	4041
2563	4571
2563	6917
2563	2335
2563	1155
2563	8132
2563	4978
2563	490
2564	8946
2564	4784
2564	5787
2564	621
2564	2773
2564	9196
2564	5532
2564	4043
2564	6925
2564	8051
2565	3692
2565	3615
2565	3303
2565	9952
2565	2112
2565	6558
2565	6417
2565	9063
2565	6518
2565	3478
2566	6699
2566	3448
2566	6380
2566	5934
2566	1457
2566	9520
2566	6258
2566	297
2566	9436
2566	7075
2567	2843
2567	2245
2567	5483
2567	4467
2567	7316
2567	3995
2567	2451
2567	7615
2567	1785
2567	6432
2568	9301
2568	6177
2568	8986
2568	789
2568	2862
2568	8595
2568	7536
2568	4935
2568	8414
2568	4213
2569	1524
2569	6062
2569	5112
2569	7662
2569	5849
2569	5908
2569	8011
2569	8798
2569	4332
2569	9979
2570	5898
2570	313
2570	4427
2570	8075
2570	956
2570	7759
2570	169
2570	1709
2570	2056
2570	8677
2571	8331
2571	2171
2571	6303
2571	2403
2571	4971
2571	8902
2571	4720
2571	5117
2571	6855
2571	3228
2572	349
2572	1904
2572	1144
2572	4886
2572	331
2572	2009
2572	9737
2572	3139
2572	9824
2572	7825
2573	9869
2573	3691
2573	534
2573	8697
2573	9010
2573	5798
2573	9241
2573	6714
2573	772
2573	8811
2574	5626
2574	5688
2574	3051
2574	5138
2574	4525
2574	2979
2574	9845
2574	2806
2574	44
2574	8249
2575	7646
2575	2468
2575	2644
2575	7285
2575	1829
2575	3220
2575	4979
2575	7979
2575	8633
2575	8724
2576	9260
2576	1530
2576	2229
2576	7517
2576	374
2576	1070
2576	3325
2576	4388
2576	484
2576	7327
2577	3344
2577	3176
2577	6119
2577	5755
2577	4079
2577	7234
2577	1465
2577	3093
2577	516
2577	1778
2578	9027
2578	3819
2578	8658
2578	8911
2578	7868
2578	4152
2578	4847
2578	3887
2578	7142
2578	2757
2579	1828
2579	17
2579	9443
2579	2397
2579	2492
2579	1599
2579	1031
2579	4494
2579	1527
2579	7794
2580	2809
2580	4639
2580	6904
2580	7055
2580	1935
2580	3656
2580	6705
2580	9978
2580	4100
2580	7709
2581	4857
2581	8081
2581	8349
2581	7846
2581	6316
2581	5973
2581	7845
2581	2947
2581	4570
2581	4532
2582	9365
2582	974
2582	197
2582	494
2582	9828
2582	1027
2582	3663
2582	1648
2582	5253
2582	8273
2583	2995
2583	3507
2583	80
2583	5082
2583	4681
2583	2929
2583	7297
2583	1026
2583	9885
2583	1508
2584	2523
2584	5351
2584	6606
2584	6274
2584	1833
2584	4104
2584	4846
2584	1419
2584	4830
2584	2782
2585	9585
2585	3935
2585	5235
2585	6228
2585	8783
2585	6415
2585	1312
2585	2110
2585	7804
2585	6102
2586	8029
2586	5261
2586	2996
2586	3086
2586	3496
2586	854
2586	9067
2586	1541
2586	8848
2586	7668
2587	9683
2587	320
2587	3785
2587	2837
2587	6559
2587	5068
2587	6780
2587	8427
2587	8499
2587	8774
2588	3753
2588	5793
2588	5141
2588	7248
2588	8305
2588	8387
2588	7422
2588	6329
2588	9233
2588	8530
2589	6497
2589	1268
2589	5516
2589	6756
2589	6162
2589	505
2589	9744
2589	8130
2589	1445
2589	4821
2590	8877
2590	9443
2590	4817
2590	225
2590	1869
2590	468
2590	6202
2590	3981
2590	2880
2590	8529
2591	1731
2591	4896
2591	6850
2591	5777
2591	5061
2591	2083
2591	5390
2591	4106
2591	1224
2591	3084
2592	4401
2592	3069
2592	6244
2592	3876
2592	2950
2592	4221
2592	3959
2592	6314
2592	2020
2592	3885
2593	4461
2593	6455
2593	6297
2593	354
2593	5490
2593	741
2593	5072
2593	7
2593	3733
2593	2045
2594	6545
2594	4377
2594	1439
2594	3132
2594	3225
2594	3140
2594	5792
2594	2883
2594	4662
2594	1865
2595	7542
2595	4795
2595	7267
2595	1322
2595	7858
2595	474
2595	8975
2595	9290
2595	186
2595	5113
2596	935
2596	5376
2596	9243
2596	2582
2596	903
2596	2872
2596	1288
2596	9636
2596	996
2596	5657
2597	4987
2597	2647
2597	1806
2597	1505
2597	1858
2597	8532
2597	879
2597	4057
2597	7123
2597	1659
2598	8186
2598	464
2598	8448
2598	559
2598	8305
2598	8801
2598	1860
2598	9852
2598	5342
2598	8044
2599	2531
2599	4610
2599	4743
2599	8179
2599	4921
2599	2035
2599	7931
2599	5602
2599	3595
2599	6005
2600	1975
2600	9918
2600	9502
2600	9593
2600	5523
2600	4562
2600	5232
2600	6628
2600	9447
2600	2499
2601	9918
2601	5034
2601	7595
2601	1904
2601	4174
2601	6277
2601	1092
2601	2181
2601	8223
2601	7136
2602	1965
2602	4508
2602	9416
2602	9342
2602	3885
2602	2861
2602	4696
2602	4946
2602	3228
2602	2297
2603	9203
2603	9753
2603	1483
2603	1875
2603	8015
2603	4214
2603	5554
2603	9565
2603	6324
2603	6631
2604	3143
2604	9359
2604	7437
2604	5650
2604	8420
2604	7235
2604	8293
2604	3562
2604	6625
2604	8993
2605	9474
2605	2505
2605	4374
2605	6064
2605	7452
2605	5360
2605	5028
2605	4622
2605	9280
2605	3751
2606	5386
2606	2788
2606	8062
2606	7348
2606	9814
2606	4992
2606	8314
2606	6178
2606	4871
2606	7711
2607	5745
2607	9218
2607	9789
2607	8977
2607	8566
2607	6163
2607	5657
2607	5082
2607	2976
2607	2195
2608	3661
2608	6330
2608	2132
2608	2752
2608	8427
2608	3081
2608	8284
2608	7661
2608	2244
2608	4304
2609	6920
2609	686
2609	6509
2609	7388
2609	9119
2609	8785
2609	7176
2609	8968
2609	2811
2609	8372
2610	6083
2610	1655
2610	8317
2610	6497
2610	6713
2610	2290
2610	3968
2610	8296
2610	2709
2610	9628
2611	3874
2611	7952
2611	2512
2611	3680
2611	6430
2611	2679
2611	7779
2611	8725
2611	1174
2611	9639
2612	1230
2612	6637
2612	6822
2612	4181
2612	3781
2612	3094
2612	6581
2612	5432
2612	1990
2612	8217
2613	3431
2613	5567
2613	4673
2613	8747
2613	9517
2613	1966
2613	5451
2613	30
2613	3310
2613	1928
2614	3911
2614	4449
2614	7811
2614	1395
2614	3229
2614	7285
2614	2605
2614	5519
2614	8170
2614	9343
2615	5447
2615	6303
2615	6754
2615	8771
2615	5222
2615	9742
2615	3547
2615	4541
2615	2461
2615	8131
2616	1162
2616	7018
2616	676
2616	751
2616	6703
2616	238
2616	5546
2616	609
2616	6657
2616	4131
2617	536
2617	3257
2617	8453
2617	6920
2617	3421
2617	4429
2617	3999
2617	3962
2617	3457
2617	8504
2618	7256
2618	5689
2618	748
2618	3648
2618	5532
2618	6187
2618	8277
2618	866
2618	8581
2618	3870
2619	6583
2619	8536
2619	7271
2619	5653
2619	6596
2619	5789
2619	2736
2619	9896
2619	9901
2619	6073
2620	6789
2620	8340
2620	9990
2620	1071
2620	6442
2620	2090
2620	5837
2620	2529
2620	2979
2620	7756
2621	1373
2621	7547
2621	7681
2621	746
2621	2686
2621	1714
2621	2482
2621	5280
2621	9023
2621	5708
2622	9314
2622	9736
2622	1322
2622	4710
2622	4308
2622	3964
2622	7205
2622	2907
2622	231
2622	5157
2623	1819
2623	5695
2623	5827
2623	8771
2623	1392
2623	2273
2623	1856
2623	9452
2623	9149
2623	8208
2624	9662
2624	2242
2624	165
2624	9162
2624	5653
2624	9769
2624	756
2624	8638
2624	2478
2624	489
2625	1584
2625	7670
2625	4923
2625	6945
2625	2812
2625	5237
2625	9376
2625	7312
2625	1951
2625	2457
2626	3068
2626	5685
2626	2178
2626	4774
2626	9083
2626	8168
2626	9706
2626	8637
2626	8359
2626	5899
2627	5456
2627	4246
2627	3466
2627	4602
2627	9370
2627	4492
2627	330
2627	3214
2627	3018
2627	4704
2628	2444
2628	3765
2628	6393
2628	5078
2628	9877
2628	7860
2628	1792
2628	5667
2628	589
2628	4811
2629	781
2629	9590
2629	246
2629	3256
2629	1950
2629	1979
2629	6537
2629	8919
2629	86
2629	2438
2630	572
2630	1970
2630	1317
2630	3344
2630	2496
2630	3252
2630	4312
2630	49
2630	4107
2630	5264
2631	5972
2631	5864
2631	5461
2631	7066
2631	1112
2631	3151
2631	6282
2631	7523
2631	5459
2631	3695
2632	3893
2632	2896
2632	2713
2632	1562
2632	5725
2632	8740
2632	8299
2632	5315
2632	7987
2632	45
2633	9297
2633	6855
2633	2956
2633	9109
2633	4761
2633	6475
2633	4301
2633	1384
2633	972
2633	4938
2634	3975
2634	1650
2634	1402
2634	7880
2634	2434
2634	5778
2634	9855
2634	8849
2634	306
2634	5702
2635	8163
2635	7192
2635	9778
2635	8512
2635	6678
2635	803
2635	5985
2635	3972
2635	5121
2635	9992
2636	7786
2636	3978
2636	5735
2636	4179
2636	7007
2636	7152
2636	5158
2636	1256
2636	6377
2636	3661
2637	4337
2637	6850
2637	4199
2637	757
2637	9221
2637	5852
2637	7861
2637	3155
2637	152
2637	265
2638	8904
2638	490
2638	6828
2638	7979
2638	2602
2638	8795
2638	1712
2638	9678
2638	9290
2638	6069
2639	3474
2639	7259
2639	3911
2639	7647
2639	3000
2639	8542
2639	4988
2639	3494
2639	696
2639	1282
2640	717
2640	510
2640	1970
2640	2851
2640	4586
2640	4755
2640	9873
2640	5017
2640	1257
2640	3035
2641	9110
2641	5
2641	3497
2641	9213
2641	6524
2641	443
2641	2952
2641	215
2641	7301
2641	8282
2642	3990
2642	3867
2642	3505
2642	2233
2642	3438
2642	3375
2642	5755
2642	4648
2642	8700
2642	4942
2643	5653
2643	6782
2643	5893
2643	1949
2643	3063
2643	5223
2643	241
2643	5692
2643	563
2643	9697
2644	742
2644	7477
2644	752
2644	6042
2644	4899
2644	3342
2644	3285
2644	6177
2644	1821
2644	6045
2645	4366
2645	6983
2645	5445
2645	8969
2645	5086
2645	6362
2645	2183
2645	8722
2645	6613
2645	4626
2646	485
2646	1894
2646	3480
2646	2829
2646	699
2646	9365
2646	6522
2646	3087
2646	8589
2646	3617
2647	2667
2647	5824
2647	8294
2647	7638
2647	9342
2647	1995
2647	3160
2647	3985
2647	9254
2647	3176
2648	2828
2648	4559
2648	79
2648	7468
2648	1529
2648	6132
2648	3175
2648	4837
2648	760
2648	6768
2649	9907
2649	459
2649	7646
2649	7616
2649	5102
2649	9372
2649	7412
2649	1620
2649	6689
2649	5884
2650	8784
2650	1972
2650	8132
2650	9464
2650	5409
2650	321
2650	266
2650	4242
2650	8273
2650	4459
2651	695
2651	4283
2651	4243
2651	4290
2651	9323
2651	1629
2651	3404
2651	3086
2651	7016
2651	3711
2652	9967
2652	472
2652	9827
2652	5452
2652	6411
2652	2211
2652	7946
2652	149
2652	8994
2652	7566
2653	2397
2653	7452
2653	3007
2653	5178
2653	4131
2653	7617
2653	2787
2653	3273
2653	5426
2653	317
2654	1729
2654	9556
2654	4185
2654	6366
2654	5010
2654	312
2654	1958
2654	8207
2654	5778
2654	7744
2655	858
2655	6711
2655	2323
2655	436
2655	1295
2655	6704
2655	8870
2655	240
2655	6446
2655	7530
2656	8713
2656	7912
2656	507
2656	9454
2656	2393
2656	4528
2656	9221
2656	297
2656	5630
2656	5887
2657	3621
2657	890
2657	3631
2657	3682
2657	9449
2657	7555
2657	7147
2657	3199
2657	2563
2657	965
2658	1788
2658	4342
2658	7366
2658	4862
2658	3443
2658	7628
2658	767
2658	1039
2658	9692
2658	2495
2659	7229
2659	3155
2659	4358
2659	8771
2659	7352
2659	9285
2659	2651
2659	1540
2659	9659
2659	6357
2660	1960
2660	9298
2660	2808
2660	9654
2660	4383
2660	3565
2660	5015
2660	4400
2660	4123
2660	4890
2661	3226
2661	3509
2661	5356
2661	8774
2661	8688
2661	118
2661	2300
2661	4258
2661	4657
2661	5672
2662	5430
2662	7092
2662	2424
2662	512
2662	1655
2662	4242
2662	8050
2662	4537
2662	3822
2662	9239
2663	5547
2663	9258
2663	4072
2663	1962
2663	7166
2663	6693
2663	4629
2663	9662
2663	3528
2663	7764
2664	2479
2664	9975
2664	5121
2664	2082
2664	6586
2664	1308
2664	923
2664	7299
2664	8778
2664	5802
2665	3058
2665	2956
2665	756
2665	1660
2665	1149
2665	2343
2665	3719
2665	4520
2665	8566
2665	3599
2666	2791
2666	3816
2666	8983
2666	6928
2666	2515
2666	2704
2666	5006
2666	7084
2666	7673
2666	8717
2667	6618
2667	1461
2667	7515
2667	6038
2667	765
2667	8444
2667	5030
2667	3452
2667	8173
2667	86
2668	3822
2668	9842
2668	4619
2668	4367
2668	4346
2668	8145
2668	2620
2668	2961
2668	3889
2668	2919
2669	7569
2669	7386
2669	7968
2669	5181
2669	3175
2669	2102
2669	8091
2669	1037
2669	5779
2669	6516
2670	7700
2670	2082
2670	5434
2670	6223
2670	6478
2670	3050
2670	7539
2670	5193
2670	2508
2670	4729
2671	2474
2671	7260
2671	9114
2671	4657
2671	6485
2671	8379
2671	3560
2671	8509
2671	772
2671	2577
2672	2976
2672	3195
2672	1224
2672	6923
2672	9309
2672	1861
2672	9246
2672	6272
2672	5665
2672	5665
2673	7957
2673	1802
2673	9080
2673	4947
2673	9733
2673	7720
2673	1039
2673	720
2673	4502
2673	9566
2674	7304
2674	8344
2674	876
2674	3636
2674	9370
2674	6731
2674	8153
2674	5698
2674	4939
2674	6238
2675	1258
2675	2574
2675	9575
2675	3722
2675	956
2675	501
2675	1163
2675	5592
2675	2605
2675	1205
2676	1295
2676	1486
2676	5689
2676	8046
2676	3040
2676	3844
2676	4543
2676	9398
2676	9859
2676	885
2677	4846
2677	1555
2677	8126
2677	9964
2677	8334
2677	9227
2677	4953
2677	5878
2677	9893
2677	5673
2678	9063
2678	190
2678	8598
2678	1336
2678	5949
2678	5058
2678	1669
2678	2688
2678	7091
2678	6210
2679	4281
2679	4514
2679	7401
2679	3298
2679	9827
2679	2952
2679	4705
2679	5938
2679	7447
2679	5822
2680	2934
2680	2247
2680	6739
2680	5404
2680	1339
2680	1671
2680	6017
2680	1440
2680	2389
2680	1585
2681	5847
2681	3878
2681	7249
2681	5344
2681	679
2681	6294
2681	1400
2681	1390
2681	7387
2681	7622
2682	9295
2682	7933
2682	9215
2682	4271
2682	519
2682	7076
2682	6146
2682	481
2682	7423
2682	4463
2683	3310
2683	3952
2683	5090
2683	6827
2683	64
2683	6494
2683	2619
2683	8387
2683	3543
2683	6838
2684	3042
2684	2849
2684	137
2684	4890
2684	1742
2684	5159
2684	4362
2684	7600
2684	685
2684	6555
2685	8633
2685	268
2685	8726
2685	423
2685	4900
2685	711
2685	5499
2685	8839
2685	3803
2685	7460
2686	2060
2686	7317
2686	399
2686	7182
2686	8266
2686	9811
2686	503
2686	178
2686	9375
2686	4958
2687	1194
2687	7027
2687	7614
2687	9100
2687	4752
2687	5989
2687	2281
2687	8648
2687	9277
2687	3789
2688	1926
2688	5865
2688	4170
2688	3105
2688	5396
2688	7057
2688	49
2688	4724
2688	3084
2688	8070
2689	6845
2689	2954
2689	1204
2689	9932
2689	6575
2689	6733
2689	7146
2689	6413
2689	3703
2689	3433
2690	7182
2690	5122
2690	7557
2690	1033
2690	6282
2690	6064
2690	6234
2690	6834
2690	3161
2690	530
2691	2055
2691	3716
2691	5665
2691	4555
2691	8592
2691	3252
2691	8946
2691	4399
2691	4817
2691	7382
2692	3889
2692	5377
2692	3903
2692	176
2692	7625
2692	4246
2692	7634
2692	7894
2692	7014
2692	4920
2693	7154
2693	3929
2693	8080
2693	8744
2693	8323
2693	9932
2693	2445
2693	4470
2693	9062
2693	4148
2694	2982
2694	9443
2694	9430
2694	4359
2694	866
2694	6492
2694	4570
2694	4134
2694	4136
2694	6279
2695	3324
2695	1304
2695	7915
2695	1663
2695	3043
2695	1
2695	5303
2695	4366
2695	456
2695	4851
2696	5066
2696	8023
2696	3563
2696	1728
2696	4188
2696	1438
2696	8293
2696	458
2696	5951
2696	4691
2697	7858
2697	6515
2697	7757
2697	6253
2697	7393
2697	7346
2697	6637
2697	7132
2697	1541
2697	7607
2698	5633
2698	4768
2698	8453
2698	2277
2698	290
2698	8672
2698	57
2698	1386
2698	7129
2698	6739
2699	6480
2699	3095
2699	166
2699	1275
2699	8816
2699	9913
2699	8857
2699	3774
2699	5205
2699	6699
2700	4777
2700	7994
2700	8450
2700	663
2700	2137
2700	5102
2700	446
2700	6734
2700	9320
2700	2113
2701	3260
2701	9443
2701	1571
2701	6949
2701	9570
2701	3070
2701	2328
2701	9575
2701	3234
2701	5045
2702	5147
2702	5194
2702	4543
2702	1216
2702	953
2702	8044
2702	8157
2702	7313
2702	8989
2702	8334
2703	7911
2703	2221
2703	8713
2703	9959
2703	8914
2703	3485
2703	3198
2703	6714
2703	3553
2703	8433
2704	8811
2704	3542
2704	6441
2704	9575
2704	6584
2704	2194
2704	2020
2704	4856
2704	7107
2704	2000
2705	1849
2705	8275
2705	770
2705	6051
2705	4445
2705	5268
2705	5017
2705	8374
2705	6740
2705	2922
2706	118
2706	9545
2706	4356
2706	196
2706	8301
2706	1762
2706	7176
2706	2481
2706	9546
2706	9711
2707	272
2707	1557
2707	3952
2707	4959
2707	9705
2707	6380
2707	85
2707	3531
2707	5125
2707	4370
2708	6393
2708	6417
2708	149
2708	6987
2708	642
2708	5719
2708	1782
2708	2485
2708	5773
2708	5324
2709	9481
2709	6582
2709	4330
2709	7993
2709	1808
2709	3423
2709	9029
2709	2213
2709	1281
2709	854
2710	3299
2710	7693
2710	2944
2710	4478
2710	4856
2710	5325
2710	9296
2710	4611
2710	5172
2710	3802
2711	7895
2711	6744
2711	4555
2711	5915
2711	6691
2711	1452
2711	4022
2711	112
2711	1271
2711	9162
2712	9442
2712	1302
2712	2375
2712	1606
2712	6651
2712	9285
2712	895
2712	6110
2712	544
2712	8140
2713	168
2713	2917
2713	4504
2713	4878
2713	9348
2713	2891
2713	1606
2713	3742
2713	6204
2713	3774
2714	4449
2714	462
2714	5961
2714	1509
2714	7546
2714	8196
2714	9088
2714	233
2714	5300
2714	8248
2715	5357
2715	4551
2715	4624
2715	1687
2715	7439
2715	2307
2715	8195
2715	793
2715	401
2715	3553
2716	7261
2716	5185
2716	9299
2716	5696
2716	7757
2716	1503
2716	4804
2716	7847
2716	5922
2716	5172
2717	3091
2717	699
2717	9849
2717	8792
2717	8987
2717	7969
2717	5171
2717	8977
2717	8327
2717	8152
2718	862
2718	3681
2718	5668
2718	9372
2718	1788
2718	3740
2718	9792
2718	6683
2718	520
2718	6315
2719	3680
2719	9012
2719	7381
2719	9689
2719	9617
2719	1625
2719	1497
2719	3412
2719	9946
2719	1632
2720	9626
2720	6141
2720	7041
2720	2345
2720	2695
2720	422
2720	1187
2720	3843
2720	1872
2720	3974
2721	2690
2721	6470
2721	2009
2721	6920
2721	6586
2721	3401
2721	3793
2721	8919
2721	1
2721	3768
2722	5270
2722	1637
2722	1700
2722	841
2722	9199
2722	322
2722	2603
2722	5031
2722	8504
2722	6694
2723	2604
2723	3191
2723	5461
2723	6731
2723	9591
2723	4769
2723	6175
2723	2165
2723	4367
2723	6720
2724	9215
2724	8106
2724	6876
2724	3626
2724	8488
2724	5138
2724	2723
2724	3893
2724	5913
2724	9144
2725	4508
2725	7057
2725	5921
2725	2571
2725	2300
2725	1323
2725	8730
2725	400
2725	5479
2725	75
2726	6068
2726	1446
2726	2827
2726	4844
2726	9517
2726	1935
2726	1293
2726	5244
2726	8923
2726	9498
2727	1565
2727	8102
2727	7755
2727	8925
2727	9646
2727	7231
2727	8619
2727	9591
2727	8610
2727	1422
2728	5391
2728	6871
2728	1851
2728	3056
2728	1913
2728	6649
2728	4150
2728	1720
2728	6334
2728	5315
2729	5387
2729	36
2729	3288
2729	7186
2729	2316
2729	1165
2729	7539
2729	3190
2729	4995
2729	9429
2730	9647
2730	7628
2730	7076
2730	982
2730	1216
2730	4013
2730	5951
2730	2617
2730	5562
2730	214
2731	2341
2731	907
2731	2380
2731	5052
2731	6578
2731	2862
2731	3600
2731	7488
2731	7470
2731	6768
2732	365
2732	5580
2732	6218
2732	7892
2732	313
2732	5177
2732	4234
2732	1462
2732	3386
2732	4439
2733	4621
2733	5419
2733	7269
2733	6250
2733	9941
2733	3317
2733	8826
2733	1170
2733	9841
2733	7619
2734	7398
2734	4593
2734	5954
2734	2427
2734	5386
2734	4877
2734	5142
2734	8483
2734	9574
2734	7415
2735	7365
2735	7325
2735	1453
2735	6822
2735	9619
2735	1586
2735	9740
2735	3330
2735	994
2735	4109
2736	2711
2736	779
2736	9027
2736	9464
2736	7572
2736	1650
2736	6977
2736	7804
2736	647
2736	4461
2737	1097
2737	514
2737	6249
2737	6724
2737	752
2737	9694
2737	2388
2737	6624
2737	1631
2737	2473
2738	3182
2738	8757
2738	1324
2738	7926
2738	836
2738	7068
2738	5983
2738	2186
2738	1402
2738	1943
2739	5725
2739	7286
2739	2512
2739	4791
2739	1945
2739	1734
2739	8555
2739	5142
2739	462
2739	3333
2740	3963
2740	2223
2740	3388
2740	417
2740	8455
2740	4778
2740	6919
2740	6708
2740	4037
2740	4025
2741	7005
2741	4445
2741	1978
2741	3660
2741	7896
2741	8593
2741	4567
2741	6907
2741	9151
2741	6171
2742	1889
2742	4072
2742	4161
2742	5264
2742	3693
2742	806
2742	3639
2742	3038
2742	7653
2742	7263
2743	8313
2743	1877
2743	3324
2743	8700
2743	933
2743	1127
2743	6698
2743	4175
2743	3849
2743	2703
2744	9031
2744	4470
2744	8917
2744	6857
2744	2380
2744	9511
2744	7075
2744	5768
2744	7689
2744	4450
2745	2411
2745	3173
2745	8095
2745	2243
2745	9779
2745	4453
2745	3186
2745	8344
2745	4860
2745	3892
2746	8891
2746	9747
2746	8707
2746	363
2746	1431
2746	7807
2746	5024
2746	7665
2746	2248
2746	9084
2747	9960
2747	9076
2747	9400
2747	9183
2747	7165
2747	2226
2747	4214
2747	5197
2747	9020
2747	6411
2748	1776
2748	9266
2748	7163
2748	7798
2748	6503
2748	9509
2748	8965
2748	7105
2748	922
2748	9926
2749	8284
2749	4292
2749	1164
2749	5240
2749	9463
2749	2687
2749	2758
2749	8231
2749	5149
2749	7665
2750	3952
2750	7249
2750	8687
2750	2486
2750	479
2750	9698
2750	9875
2750	7454
2750	6052
2750	5832
2751	214
2751	9442
2751	8865
2751	5115
2751	567
2751	8265
2751	94
2751	8345
2751	7327
2751	2914
2752	6431
2752	6692
2752	4092
2752	4069
2752	7298
2752	3559
2752	7868
2752	906
2752	4110
2752	6534
2753	9612
2753	3731
2753	5100
2753	1450
2753	7339
2753	9684
2753	3664
2753	366
2753	1497
2753	3384
2754	7845
2754	1244
2754	9643
2754	1049
2754	5445
2754	7941
2754	9370
2754	7939
2754	848
2754	3119
2755	1971
2755	1317
2755	6317
2755	7963
2755	9438
2755	2763
2755	2291
2755	7562
2755	7812
2755	8324
2756	5371
2756	5496
2756	888
2756	2710
2756	4965
2756	7306
2756	2106
2756	5573
2756	1836
2756	2949
2757	4388
2757	1351
2757	6695
2757	1341
2757	6527
2757	3335
2757	5843
2757	1148
2757	8566
2757	6856
2758	7064
2758	3548
2758	4695
2758	8164
2758	2807
2758	1162
2758	5347
2758	6919
2758	8199
2758	5985
2759	319
2759	5559
2759	2395
2759	4893
2759	8394
2759	2739
2759	9215
2759	4
2759	2535
2759	2242
2760	5401
2760	8406
2760	8255
2760	6456
2760	819
2760	2258
2760	1032
2760	128
2760	7352
2760	1389
2761	920
2761	6043
2761	4357
2761	4939
2761	5599
2761	1435
2761	7081
2761	4089
2761	1252
2761	5837
2762	9813
2762	5941
2762	4257
2762	6185
2762	7662
2762	5823
2762	8241
2762	7200
2762	5729
2762	8579
2763	2844
2763	4688
2763	1861
2763	6104
2763	1770
2763	6694
2763	7510
2763	8177
2763	4465
2763	6059
2764	115
2764	2611
2764	1182
2764	3999
2764	49
2764	8612
2764	3267
2764	1616
2764	2011
2764	9431
2765	5339
2765	9238
2765	6843
2765	2918
2765	3745
2765	7523
2765	5078
2765	6353
2765	127
2765	7699
2766	3048
2766	1111
2766	3316
2766	1728
2766	8930
2766	9656
2766	2429
2766	7385
2766	2287
2766	6574
2767	5186
2767	3799
2767	5468
2767	7479
2767	7125
2767	8492
2767	9012
2767	475
2767	1179
2767	3000
2768	2938
2768	5901
2768	192
2768	2570
2768	5246
2768	3009
2768	9747
2768	8295
2768	8624
2768	2891
2769	2352
2769	6738
2769	4476
2769	134
2769	1190
2769	7789
2769	1239
2769	2754
2769	9724
2769	8607
2770	2201
2770	4927
2770	1128
2770	1011
2770	9447
2770	6472
2770	3303
2770	4352
2770	312
2770	4748
2771	6066
2771	2466
2771	7175
2771	6703
2771	8775
2771	2634
2771	8267
2771	6956
2771	3348
2771	5991
2772	3441
2772	2886
2772	4502
2772	661
2772	714
2772	6000
2772	8298
2772	7230
2772	5652
2772	891
2773	5111
2773	3485
2773	3851
2773	2461
2773	6780
2773	245
2773	7546
2773	8200
2773	1935
2773	8997
2774	7083
2774	5723
2774	6690
2774	2778
2774	7398
2774	9893
2774	615
2774	5373
2774	5163
2774	1791
2775	6184
2775	1470
2775	9346
2775	2713
2775	7829
2775	1339
2775	6381
2775	5617
2775	1872
2775	4660
2776	992
2776	6514
2776	9491
2776	9247
2776	4666
2776	4573
2776	9117
2776	7741
2776	8866
2776	6786
2777	5302
2777	3922
2777	8852
2777	595
2777	8196
2777	8125
2777	8616
2777	2319
2777	5405
2777	9227
2778	2798
2778	178
2778	519
2778	5637
2778	5043
2778	8264
2778	5671
2778	2970
2778	1709
2778	5293
2779	2261
2779	8738
2779	1660
2779	7565
2779	7313
2779	3083
2779	2110
2779	3061
2779	9377
2779	3007
2780	3973
2780	6505
2780	2638
2780	4789
2780	722
2780	5567
2780	3315
2780	2948
2780	566
2780	6544
2781	1609
2781	4592
2781	4527
2781	9539
2781	4915
2781	2317
2781	2037
2781	6783
2781	7534
2781	7855
2782	3827
2782	303
2782	8773
2782	5893
2782	676
2782	5308
2782	4898
2782	2361
2782	3989
2782	9356
2783	3264
2783	195
2783	9286
2783	129
2783	927
2783	3350
2783	8377
2783	9323
2783	8446
2783	7854
2784	5767
2784	8617
2784	1092
2784	8459
2784	2951
2784	1129
2784	2904
2784	2580
2784	2819
2784	9428
2785	5319
2785	2254
2785	8819
2785	6299
2785	6392
2785	6248
2785	8100
2785	3472
2785	707
2785	2620
2786	6893
2786	6107
2786	5725
2786	4593
2786	3858
2786	6212
2786	1844
2786	9371
2786	7631
2786	4907
2787	4954
2787	1321
2787	6603
2787	4372
2787	1583
2787	9510
2787	7885
2787	8391
2787	3630
2787	639
2788	2666
2788	7985
2788	3066
2788	6651
2788	4589
2788	1917
2788	8018
2788	2081
2788	7766
2788	5533
2789	4342
2789	491
2789	1439
2789	752
2789	4213
2789	9351
2789	9661
2789	8106
2789	719
2789	8291
2790	3445
2790	1811
2790	3391
2790	3610
2790	667
2790	2458
2790	5085
2790	7699
2790	9398
2790	7743
2791	9024
2791	7191
2791	4410
2791	1436
2791	690
2791	3915
2791	2035
2791	436
2791	7475
2791	4334
2792	2088
2792	2683
2792	4599
2792	6952
2792	2616
2792	3169
2792	7703
2792	9926
2792	6708
2792	3355
2793	2479
2793	1242
2793	3616
2793	5378
2793	6456
2793	4268
2793	9338
2793	6601
2793	2747
2793	7253
2794	8092
2794	5373
2794	6511
2794	8424
2794	589
2794	4003
2794	7944
2794	2905
2794	1798
2794	4215
2795	1102
2795	3362
2795	851
2795	8293
2795	8002
2795	8319
2795	5283
2795	9788
2795	9908
2795	5996
2796	4272
2796	7181
2796	1339
2796	525
2796	8800
2796	4477
2796	5742
2796	7413
2796	9237
2796	2928
2797	8722
2797	9918
2797	413
2797	3978
2797	4196
2797	3351
2797	4826
2797	5217
2797	8745
2797	3517
2798	8468
2798	8253
2798	1321
2798	18
2798	9884
2798	4152
2798	3308
2798	3045
2798	8290
2798	3342
2799	4753
2799	1777
2799	1617
2799	9520
2799	2748
2799	2228
2799	3513
2799	2319
2799	6227
2799	7270
2800	8687
2800	7126
2800	9354
2800	4263
2800	9779
2800	804
2800	321
2800	654
2800	3908
2800	4833
2801	8393
2801	3390
2801	3459
2801	3833
2801	2247
2801	4695
2801	7136
2801	5957
2801	2902
2801	399
2802	5603
2802	5353
2802	1916
2802	7664
2802	3564
2802	6095
2802	3084
2802	1966
2802	5735
2802	6003
2803	1124
2803	9012
2803	2365
2803	2233
2803	6252
2803	5771
2803	2665
2803	1905
2803	8482
2803	733
2804	4633
2804	6536
2804	185
2804	5480
2804	9109
2804	229
2804	5144
2804	8738
2804	8490
2804	6441
2805	31
2805	9432
2805	1716
2805	8086
2805	7122
2805	3918
2805	8093
2805	5200
2805	9013
2805	9012
2806	9934
2806	8342
2806	2696
2806	5603
2806	5211
2806	7258
2806	7395
2806	7614
2806	1223
2806	8299
2807	6088
2807	8462
2807	8185
2807	7022
2807	5985
2807	536
2807	9625
2807	3292
2807	3691
2807	5420
2808	7841
2808	4805
2808	2281
2808	3255
2808	6465
2808	870
2808	3050
2808	9097
2808	2803
2808	3939
2809	8338
2809	4969
2809	6659
2809	8078
2809	1599
2809	2872
2809	7993
2809	1846
2809	5791
2809	3139
2810	4795
2810	7825
2810	6143
2810	1337
2810	4402
2810	4395
2810	8700
2810	5257
2810	847
2810	2541
2811	2888
2811	4712
2811	6642
2811	7130
2811	5151
2811	4004
2811	881
2811	6286
2811	8469
2811	3272
2812	944
2812	1246
2812	5122
2812	7930
2812	7762
2812	3347
2812	8222
2812	8313
2812	6979
2812	6997
2813	2967
2813	5366
2813	1545
2813	5776
2813	7232
2813	9431
2813	3833
2813	3929
2813	2225
2813	5263
2814	8881
2814	270
2814	33
2814	4094
2814	5093
2814	9366
2814	9420
2814	4815
2814	1257
2814	704
2815	876
2815	5574
2815	776
2815	8884
2815	3292
2815	7587
2815	2165
2815	7486
2815	7320
2815	3009
2816	436
2816	6737
2816	817
2816	3321
2816	4645
2816	290
2816	4841
2816	9443
2816	1320
2816	6193
2817	2417
2817	7377
2817	1987
2817	3164
2817	1411
2817	8083
2817	1296
2817	5686
2817	2169
2817	7069
2818	1554
2818	9263
2818	2823
2818	1806
2818	9932
2818	8380
2818	743
2818	4248
2818	3032
2818	7690
2819	2554
2819	4396
2819	2795
2819	5015
2819	5428
2819	8220
2819	4871
2819	6091
2819	9377
2819	3792
2820	8202
2820	1554
2820	250
2820	7966
2820	8330
2820	8018
2820	4135
2820	1014
2820	9228
2820	8203
2821	2370
2821	4701
2821	705
2821	2825
2821	6970
2821	2685
2821	799
2821	691
2821	8583
2821	4567
2822	2026
2822	9376
2822	8405
2822	1749
2822	6571
2822	270
2822	636
2822	6387
2822	7932
2822	5170
2823	6732
2823	6925
2823	1416
2823	116
2823	3074
2823	1146
2823	9639
2823	7226
2823	3785
2823	7954
2824	7904
2824	607
2824	3766
2824	5646
2824	1526
2824	5137
2824	9898
2824	2943
2824	5808
2824	1612
2825	5069
2825	4822
2825	780
2825	1126
2825	6337
2825	3850
2825	2389
2825	7230
2825	8029
2825	8700
2826	2140
2826	560
2826	8097
2826	8079
2826	7871
2826	4953
2826	4984
2826	7627
2826	1909
2826	5234
2827	3553
2827	4745
2827	3643
2827	821
2827	9824
2827	1151
2827	6491
2827	6398
2827	4149
2827	7372
2828	9270
2828	7354
2828	1982
2828	9766
2828	379
2828	1958
2828	703
2828	7594
2828	6792
2828	7556
2829	2658
2829	2308
2829	1053
2829	6601
2829	4976
2829	7685
2829	9915
2829	6764
2829	2386
2829	1723
2830	9159
2830	7516
2830	6007
2830	2044
2830	8734
2830	2643
2830	7960
2830	8669
2830	1457
2830	2858
2831	56
2831	8255
2831	837
2831	6253
2831	1245
2831	5381
2831	3278
2831	2774
2831	5291
2831	2101
2832	929
2832	146
2832	8339
2832	3196
2832	7727
2832	9648
2832	5106
2832	7181
2832	2596
2832	140
2833	5532
2833	6641
2833	1919
2833	4549
2833	6536
2833	6986
2833	8025
2833	9474
2833	2543
2833	6617
2834	3730
2834	8942
2834	3234
2834	5355
2834	3192
2834	2159
2834	6868
2834	5291
2834	6651
2834	1125
2835	7496
2835	218
2835	4366
2835	9823
2835	5187
2835	673
2835	5696
2835	6460
2835	1813
2835	1804
2836	4402
2836	7125
2836	9038
2836	734
2836	7018
2836	7936
2836	2014
2836	6328
2836	7378
2836	4552
2837	7805
2837	3428
2837	4568
2837	2023
2837	225
2837	7366
2837	56
2837	6361
2837	4860
2837	9325
2838	143
2838	2652
2838	5700
2838	8317
2838	7420
2838	6405
2838	6131
2838	9387
2838	9069
2838	3797
2839	9338
2839	7371
2839	7447
2839	9868
2839	8521
2839	4556
2839	2690
2839	7508
2839	468
2839	2273
2840	5407
2840	8966
2840	1621
2840	4165
2840	339
2840	3947
2840	5513
2840	8819
2840	4249
2840	2765
2841	4438
2841	3155
2841	1761
2841	6918
2841	6641
2841	3321
2841	4814
2841	5778
2841	7776
2841	4153
2842	5342
2842	8806
2842	711
2842	6572
2842	1369
2842	6025
2842	8726
2842	1503
2842	5522
2842	153
2843	25
2843	779
2843	1815
2843	7719
2843	8571
2843	7833
2843	4143
2843	8428
2843	1314
2843	7590
2844	6180
2844	3367
2844	8366
2844	457
2844	7654
2844	6729
2844	1285
2844	1483
2844	983
2844	3372
2845	8371
2845	6022
2845	1806
2845	1413
2845	6942
2845	2679
2845	6893
2845	30
2845	1220
2845	4467
2846	2041
2846	5352
2846	1684
2846	204
2846	82
2846	9968
2846	2449
2846	7566
2846	2095
2846	1413
2847	5891
2847	3423
2847	969
2847	8865
2847	4176
2847	4888
2847	8825
2847	126
2847	4075
2847	7118
2848	3525
2848	5834
2848	9132
2848	5243
2848	7626
2848	7468
2848	9077
2848	7289
2848	689
2848	1294
2849	7156
2849	2830
2849	1262
2849	6994
2849	4033
2849	5197
2849	2171
2849	7481
2849	5116
2849	1120
2850	5940
2850	5360
2850	3009
2850	6569
2850	7601
2850	8812
2850	3827
2850	1348
2850	8222
2850	4904
2851	8634
2851	7699
2851	3109
2851	4608
2851	2866
2851	4278
2851	1325
2851	3404
2851	3971
2851	6716
2852	9801
2852	8462
2852	9445
2852	4281
2852	6877
2852	8268
2852	9587
2852	1111
2852	4716
2852	3296
2853	3060
2853	1513
2853	9468
2853	3016
2853	6581
2853	9641
2853	3528
2853	6860
2853	1457
2853	38
2854	6568
2854	6688
2854	7464
2854	9279
2854	5775
2854	3354
2854	6145
2854	425
2854	6071
2854	415
2855	9785
2855	1352
2855	9563
2855	9733
2855	49
2855	2690
2855	4587
2855	650
2855	363
2855	4515
2856	5951
2856	2033
2856	5846
2856	989
2856	5702
2856	9677
2856	131
2856	5536
2856	4943
2856	2911
2857	4560
2857	156
2857	6879
2857	8234
2857	5500
2857	7051
2857	2868
2857	1870
2857	1115
2857	1580
2858	229
2858	2235
2858	3176
2858	3217
2858	8250
2858	6456
2858	9425
2858	9410
2858	2339
2858	6458
2859	5012
2859	5246
2859	9801
2859	2372
2859	2518
2859	8058
2859	3771
2859	733
2859	8541
2859	5812
2860	5512
2860	5521
2860	3677
2860	1297
2860	2441
2860	8497
2860	7693
2860	8913
2860	6852
2860	7265
2861	3166
2861	3979
2861	4448
2861	9696
2861	8563
2861	2762
2861	9301
2861	1561
2861	6304
2861	6386
2862	5570
2862	4279
2862	4684
2862	1855
2862	984
2862	6006
2862	2195
2862	134
2862	7442
2862	2614
2863	86
2863	3798
2863	8232
2863	1676
2863	8719
2863	4217
2863	28
2863	5664
2863	1710
2863	9943
2864	2766
2864	4648
2864	6141
2864	29
2864	2354
2864	2137
2864	8761
2864	2312
2864	6460
2864	448
2865	5408
2865	1554
2865	7560
2865	3238
2865	1412
2865	5416
2865	3653
2865	4715
2865	6123
2865	6088
2866	8503
2866	8736
2866	7924
2866	7703
2866	6311
2866	3294
2866	1508
2866	2052
2866	7150
2866	9261
2867	564
2867	7426
2867	8653
2867	628
2867	1182
2867	6013
2867	2949
2867	5913
2867	4730
2867	7219
2868	6012
2868	7761
2868	8180
2868	2010
2868	1666
2868	6083
2868	5508
2868	7288
2868	2879
2868	3177
2869	2702
2869	9859
2869	1413
2869	1677
2869	1786
2869	2100
2869	3867
2869	684
2869	3044
2869	376
2870	5307
2870	8673
2870	3344
2870	8195
2870	2617
2870	306
2870	9377
2870	6999
2870	4393
2870	1467
2871	1864
2871	5452
2871	1136
2871	7191
2871	3781
2871	8806
2871	9569
2871	7812
2871	9344
2871	5532
2872	1409
2872	1503
2872	8559
2872	3852
2872	5215
2872	100
2872	6730
2872	7506
2872	4244
2872	3065
2873	1608
2873	5460
2873	5353
2873	3451
2873	6688
2873	3656
2873	6527
2873	150
2873	5695
2873	7288
2874	899
2874	6035
2874	1480
2874	4676
2874	8591
2874	6468
2874	2683
2874	1599
2874	9394
2874	5206
2875	6558
2875	1786
2875	7384
2875	3837
2875	6078
2875	6650
2875	6518
2875	8755
2875	4003
2875	2251
2876	8902
2876	6492
2876	1313
2876	7816
2876	5220
2876	8561
2876	255
2876	1115
2876	1763
2876	2747
2877	5851
2877	8713
2877	2055
2877	7466
2877	1022
2877	4909
2877	7427
2877	3011
2877	7723
2877	432
2878	3956
2878	6041
2878	4374
2878	3678
2878	6768
2878	4872
2878	6125
2878	2489
2878	6334
2878	9383
2879	8436
2879	6746
2879	4347
2879	1448
2879	4727
2879	6279
2879	6474
2879	510
2879	9951
2879	782
2880	3228
2880	6875
2880	2528
2880	9607
2880	4070
2880	4552
2880	1556
2880	5940
2880	8821
2880	9157
2881	2619
2881	2822
2881	5330
2881	6489
2881	3857
2881	65
2881	508
2881	5522
2881	1191
2881	6061
2882	6922
2882	980
2882	9649
2882	4744
2882	8436
2882	5225
2882	3777
2882	6108
2882	3697
2882	101
2883	8090
2883	1506
2883	2134
2883	2686
2883	2643
2883	1310
2883	3229
2883	2210
2883	1065
2883	8992
2884	9
2884	7754
2884	8380
2884	2408
2884	8262
2884	944
2884	851
2884	4709
2884	6299
2884	8810
2885	1058
2885	681
2885	2478
2885	1458
2885	1929
2885	5855
2885	7394
2885	629
2885	2072
2885	4910
2886	1044
2886	4687
2886	9743
2886	803
2886	1363
2886	3956
2886	4954
2886	4968
2886	3058
2886	5183
2887	4471
2887	521
2887	2942
2887	7209
2887	2901
2887	2861
2887	8274
2887	4571
2887	5298
2887	6260
2888	6041
2888	1648
2888	3515
2888	8733
2888	2495
2888	8170
2888	6875
2888	6746
2888	1574
2888	3962
2889	4170
2889	721
2889	3662
2889	79
2889	228
2889	6279
2889	162
2889	5594
2889	6523
2889	5539
2890	2417
2890	4374
2890	5527
2890	2888
2890	9739
2890	7325
2890	3280
2890	6386
2890	4286
2890	9698
2891	1655
2891	7030
2891	667
2891	4312
2891	6429
2891	9881
2891	89
2891	4328
2891	713
2891	1232
2892	5666
2892	6686
2892	895
2892	9934
2892	2920
2892	8958
2892	5703
2892	2943
2892	2975
2892	8849
2893	7591
2893	9525
2893	301
2893	8118
2893	4297
2893	9913
2893	843
2893	8483
2893	6241
2893	2583
2894	9205
2894	7201
2894	9408
2894	4397
2894	1806
2894	4887
2894	1792
2894	7354
2894	5998
2894	8385
2895	6932
2895	6270
2895	7876
2895	8792
2895	7388
2895	4364
2895	5642
2895	9561
2895	263
2895	1969
2896	2007
2896	4015
2896	3540
2896	7027
2896	8497
2896	1185
2896	7254
2896	1108
2896	7718
2896	7156
2897	4733
2897	9885
2897	8297
2897	8566
2897	6280
2897	5940
2897	4479
2897	92
2897	3800
2897	5714
2898	9465
2898	4287
2898	3327
2898	1330
2898	3643
2898	7690
2898	4867
2898	7110
2898	3033
2898	9772
2899	9484
2899	3780
2899	9718
2899	5711
2899	5060
2899	8630
2899	724
2899	4251
2899	1343
2899	3582
2900	6614
2900	2753
2900	6226
2900	9691
2900	3483
2900	5351
2900	2119
2900	706
2900	9094
2900	821
2901	6337
2901	2433
2901	2716
2901	4467
2901	6833
2901	9912
2901	2429
2901	1876
2901	8320
2901	7766
2902	4475
2902	2717
2902	6851
2902	651
2902	9951
2902	7483
2902	6725
2902	8134
2902	3302
2902	1167
2903	8625
2903	7675
2903	310
2903	6992
2903	9378
2903	9849
2903	8166
2903	4256
2903	2949
2903	8897
2904	1466
2904	8411
2904	5941
2904	686
2904	1120
2904	9414
2904	4533
2904	8305
2904	5032
2904	9841
2905	1047
2905	3246
2905	4722
2905	8172
2905	9102
2905	5128
2905	194
2905	9585
2905	1224
2905	9741
2906	3755
2906	954
2906	6937
2906	6379
2906	6068
2906	6322
2906	9984
2906	9698
2906	1140
2906	538
2907	7121
2907	2044
2907	6297
2907	7583
2907	9751
2907	8961
2907	6881
2907	6007
2907	5965
2907	4446
2908	1193
2908	6333
2908	3195
2908	5138
2908	4824
2908	5060
2908	4050
2908	343
2908	6587
2908	9196
2909	8500
2909	7570
2909	9065
2909	2988
2909	3516
2909	8268
2909	5302
2909	8905
2909	6083
2909	471
2910	1059
2910	3345
2910	2439
2910	3272
2910	1724
2910	3669
2910	8353
2910	5893
2910	7253
2910	720
2911	7844
2911	3464
2911	8535
2911	7705
2911	8433
2911	4927
2911	4095
2911	4089
2911	4825
2911	8271
2912	7775
2912	8980
2912	620
2912	8373
2912	8377
2912	7484
2912	1484
2912	9320
2912	8458
2912	8903
2913	251
2913	7640
2913	5458
2913	8348
2913	6207
2913	6162
2913	8520
2913	2398
2913	7247
2913	3699
2914	6066
2914	7516
2914	907
2914	1670
2914	5266
2914	9966
2914	6793
2914	5156
2914	9020
2914	2856
2915	2325
2915	59
2915	8204
2915	9961
2915	4908
2915	5876
2915	9432
2915	7094
2915	4299
2915	9225
2916	5343
2916	4399
2916	9528
2916	4355
2916	9692
2916	4889
2916	922
2916	1555
2916	9693
2916	9046
2917	6556
2917	8431
2917	7859
2917	7070
2917	3626
2917	1664
2917	4642
2917	4939
2917	7176
2917	3544
2918	3779
2918	9897
2918	4831
2918	1136
2918	6955
2918	7478
2918	1109
2918	2120
2918	4579
2918	7128
2919	4125
2919	1216
2919	2115
2919	954
2919	1552
2919	5846
2919	1530
2919	2194
2919	4730
2919	62
2920	1763
2920	2363
2920	6621
2920	8150
2920	7319
2920	3459
2920	8438
2920	5344
2920	8498
2920	5200
2921	8875
2921	1535
2921	6243
2921	4308
2921	4208
2921	8325
2921	7454
2921	4364
2921	8912
2921	8959
2922	8431
2922	5373
2922	5387
2922	2781
2922	7644
2922	4120
2922	9654
2922	2523
2922	434
2922	9826
2923	3514
2923	9557
2923	3241
2923	3918
2923	7758
2923	7865
2923	7288
2923	3796
2923	8507
2923	1224
2924	1030
2924	9320
2924	6468
2924	890
2924	7658
2924	3125
2924	688
2924	8956
2924	1195
2924	2469
2925	6691
2925	7857
2925	9946
2925	2664
2925	4651
2925	1811
2925	8657
2925	2219
2925	23
2925	1282
2926	5095
2926	9149
2926	1819
2926	6173
2926	7127
2926	1753
2926	6687
2926	7896
2926	6345
2926	432
2927	1127
2927	4855
2927	2431
2927	5225
2927	9981
2927	7470
2927	7589
2927	5219
2927	7648
2927	4777
2928	6854
2928	4700
2928	8420
2928	2609
2928	8912
2928	6334
2928	7262
2928	397
2928	6650
2928	5521
2929	9678
2929	3247
2929	9356
2929	3568
2929	7310
2929	1473
2929	9251
2929	3525
2929	2754
2929	6989
2930	7840
2930	92
2930	8738
2930	8396
2930	1840
2930	2728
2930	5526
2930	2938
2930	7936
2930	957
2931	5745
2931	9713
2931	2854
2931	7563
2931	2185
2931	5066
2931	66
2931	7512
2931	8620
2931	705
2932	469
2932	4067
2932	9427
2932	4876
2932	1928
2932	5920
2932	4929
2932	4422
2932	2776
2932	3061
2933	6560
2933	9946
2933	3947
2933	6477
2933	128
2933	9170
2933	4156
2933	5802
2933	9122
2933	5309
2934	8455
2934	8471
2934	373
2934	6495
2934	3299
2934	1981
2934	4912
2934	7097
2934	4583
2934	7690
2935	1560
2935	2247
2935	613
2935	6083
2935	15
2935	3565
2935	8819
2935	4640
2935	4897
2935	1634
2936	4488
2936	7783
2936	2430
2936	1079
2936	8071
2936	1748
2936	2617
2936	8800
2936	6051
2936	4636
2937	6211
2937	7888
2937	1873
2937	1290
2937	9542
2937	5982
2937	628
2937	8576
2937	7613
2937	9101
2938	4540
2938	4900
2938	2914
2938	2674
2938	2628
2938	9388
2938	4153
2938	8296
2938	3776
2938	7857
2939	4853
2939	3552
2939	3545
2939	4619
2939	7206
2939	210
2939	575
2939	8673
2939	5832
2939	5012
2940	2073
2940	3987
2940	7794
2940	3340
2940	5847
2940	4446
2940	6857
2940	3749
2940	7964
2940	3941
2941	2456
2941	8869
2941	9434
2941	4052
2941	5796
2941	3021
2941	5865
2941	5031
2941	9438
2941	3969
2942	7821
2942	783
2942	9923
2942	7015
2942	1871
2942	2070
2942	9320
2942	8835
2942	3620
2942	3981
2943	3844
2943	1014
2943	1245
2943	1235
2943	8594
2943	5415
2943	2394
2943	228
2943	3819
2943	7635
2944	9870
2944	8820
2944	6879
2944	6105
2944	8312
2944	6792
2944	4531
2944	7777
2944	313
2944	4368
2945	9076
2945	9139
2945	7824
2945	7192
2945	9674
2945	2948
2945	7232
2945	1634
2945	7819
2945	1554
2946	2548
2946	7742
2946	2976
2946	4065
2946	96
2946	9410
2946	1467
2946	7179
2946	3519
2946	612
2947	4074
2947	4164
2947	6032
2947	3814
2947	5286
2947	9298
2947	4535
2947	9314
2947	9735
2947	1118
2948	7429
2948	4073
2948	4191
2948	3489
2948	5754
2948	1178
2948	8593
2948	1609
2948	1964
2948	4897
2949	8539
2949	7047
2949	2955
2949	8143
2949	527
2949	3850
2949	7123
2949	9293
2949	2551
2949	4932
2950	9769
2950	7289
2950	6139
2950	7683
2950	9366
2950	2802
2950	3534
2950	1487
2950	1560
2950	5387
2951	5991
2951	4256
2951	9839
2951	4880
2951	6440
2951	3380
2951	8866
2951	1301
2951	9457
2951	3584
2952	470
2952	2939
2952	1745
2952	5036
2952	3203
2952	7043
2952	6762
2952	6247
2952	3277
2952	8751
2953	4989
2953	2345
2953	3311
2953	4862
2953	6596
2953	2596
2953	1540
2953	6321
2953	8548
2953	654
2954	5307
2954	6820
2954	567
2954	1392
2954	9275
2954	8864
2954	6128
2954	6070
2954	5750
2954	663
2955	285
2955	5080
2955	8630
2955	4329
2955	3868
2955	4086
2955	7011
2955	1775
2955	3947
2955	5217
2956	2655
2956	3105
2956	830
2956	5447
2956	1035
2956	607
2956	8113
2956	402
2956	5845
2956	992
2957	5749
2957	3275
2957	4472
2957	3551
2957	8233
2957	9938
2957	9959
2957	4005
2957	5686
2957	79
2958	6119
2958	4375
2958	6621
2958	3151
2958	610
2958	5114
2958	5915
2958	9760
2958	6879
2958	5753
2959	653
2959	2765
2959	6008
2959	3360
2959	416
2959	5808
2959	6423
2959	4958
2959	4562
2959	2889
2960	802
2960	3008
2960	3639
2960	5656
2960	5097
2960	5503
2960	7189
2960	8102
2960	1079
2960	8298
2961	9334
2961	9444
2961	3424
2961	3583
2961	9400
2961	268
2961	5319
2961	1435
2961	825
2961	1773
2962	694
2962	4088
2962	4547
2962	2047
2962	811
2962	2744
2962	1639
2962	4634
2962	9501
2962	3469
2963	9332
2963	115
2963	8466
2963	1887
2963	9763
2963	2145
2963	7640
2963	182
2963	5822
2963	5453
2964	9406
2964	4633
2964	64
2964	4466
2964	342
2964	4684
2964	4596
2964	8662
2964	5240
2964	5317
2965	9251
2965	6081
2965	2023
2965	6952
2965	4696
2965	7826
2965	4795
2965	3990
2965	9982
2965	2759
2966	6587
2966	4351
2966	5470
2966	4291
2966	4463
2966	6461
2966	7835
2966	8455
2966	6304
2966	8119
2967	312
2967	861
2967	7498
2967	8581
2967	2140
2967	3610
2967	4978
2967	6225
2967	6117
2967	7232
2968	8558
2968	3202
2968	3525
2968	2207
2968	1335
2968	6297
2968	7768
2968	2675
2968	1956
2968	4080
2969	6392
2969	5114
2969	2732
2969	9148
2969	4140
2969	8875
2969	162
2969	710
2969	4332
2969	8038
2970	3435
2970	866
2970	2818
2970	921
2970	3440
2970	8301
2970	1851
2970	1369
2970	7800
2970	5845
2971	7146
2971	500
2971	6084
2971	3503
2971	4884
2971	6958
2971	1397
2971	1166
2971	5142
2971	6776
2972	9427
2972	2848
2972	3582
2972	7460
2972	5637
2972	2757
2972	9469
2972	3977
2972	1816
2972	325
2973	7726
2973	393
2973	9711
2973	8117
2973	1334
2973	8132
2973	2624
2973	1174
2973	3126
2973	3914
2974	4343
2974	4644
2974	2359
2974	7000
2974	647
2974	8061
2974	2871
2974	9891
2974	8702
2974	3630
2975	3602
2975	1450
2975	8090
2975	6366
2975	222
2975	5446
2975	2232
2975	7398
2975	1050
2975	5548
2976	5725
2976	4855
2976	6374
2976	9281
2976	6859
2976	5054
2976	4163
2976	8317
2976	5920
2976	2666
2977	7810
2977	5520
2977	4320
2977	6265
2977	4932
2977	872
2977	6631
2977	9453
2977	8542
2977	2940
2978	5887
2978	5384
2978	1677
2978	5642
2978	5609
2978	1029
2978	2683
2978	57
2978	6408
2978	9002
2979	7842
2979	3276
2979	3207
2979	3255
2979	8636
2979	3055
2979	373
2979	2490
2979	6337
2979	6776
2980	2439
2980	9603
2980	5263
2980	1398
2980	9115
2980	6510
2980	4865
2980	7710
2980	1742
2980	2192
2981	6729
2981	6623
2981	7809
2981	7436
2981	4319
2981	1491
2981	5966
2981	2558
2981	6828
2981	5699
2982	6134
2982	2860
2982	2400
2982	1529
2982	4860
2982	3791
2982	8222
2982	1544
2982	1115
2982	3139
2983	9481
2983	3551
2983	5782
2983	3454
2983	8637
2983	1830
2983	4078
2983	6455
2983	6038
2983	8720
2984	5500
2984	1012
2984	4503
2984	4443
2984	7335
2984	4822
2984	6951
2984	9609
2984	599
2984	9006
2985	692
2985	6633
2985	1404
2985	5249
2985	6147
2985	2634
2985	4695
2985	6678
2985	3611
2985	8012
2986	8740
2986	8343
2986	2122
2986	6567
2986	1121
2986	6819
2986	9103
2986	6764
2986	5203
2986	2351
2987	5027
2987	4153
2987	342
2987	9511
2987	4945
2987	4387
2987	1214
2987	6790
2987	1635
2987	2289
2988	6649
2988	7435
2988	6541
2988	7153
2988	3087
2988	6781
2988	9737
2988	3851
2988	9953
2988	202
2989	8747
2989	9362
2989	4313
2989	2187
2989	5581
2989	1216
2989	9668
2989	7502
2989	3192
2989	2504
2990	907
2990	3230
2990	320
2990	1192
2990	4753
2990	8729
2990	8033
2990	3639
2990	8848
2990	5616
2991	5273
2991	8488
2991	5885
2991	2862
2991	7038
2991	6980
2991	6325
2991	5731
2991	2831
2991	3612
2992	5346
2992	5390
2992	170
2992	7757
2992	7983
2992	797
2992	183
2992	1677
2992	1484
2992	7953
2993	901
2993	9957
2993	7808
2993	9490
2993	8172
2993	6567
2993	7618
2993	5897
2993	9566
2993	4992
2994	4060
2994	7000
2994	43
2994	112
2994	140
2994	3185
2994	2543
2994	1220
2994	1932
2994	2819
2995	9995
2995	2702
2995	6710
2995	2606
2995	1274
2995	5309
2995	9634
2995	7428
2995	4707
2995	3757
2996	6321
2996	8028
2996	7472
2996	8028
2996	1436
2996	5837
2996	483
2996	7103
2996	5349
2996	8505
2997	6816
2997	9959
2997	4338
2997	5992
2997	3996
2997	1571
2997	4881
2997	2789
2997	5082
2997	2978
2998	2223
2998	2387
2998	5968
2998	8828
2998	5934
2998	4884
2998	8967
2998	640
2998	1187
2998	4951
2999	5100
2999	1690
2999	4464
2999	1334
2999	4837
2999	3620
2999	8585
2999	5474
2999	572
2999	2215
3000	6163
3000	6589
3000	1344
3000	8330
3000	1468
3000	6526
3000	5527
3000	5219
3000	4795
3000	5056
3001	6733
3001	5921
3001	7407
3001	535
3001	6466
3001	6196
3001	3138
3001	9416
3001	5526
3001	6810
3002	7743
3002	5988
3002	5887
3002	3868
3002	8855
3002	5979
3002	8973
3002	5397
3002	7305
3002	245
3003	3610
3003	2883
3003	4820
3003	17
3003	3078
3003	1163
3003	4651
3003	9912
3003	4096
3003	8872
3004	8753
3004	6659
3004	6941
3004	2422
3004	4379
3004	5798
3004	3302
3004	5471
3004	8849
3004	8745
3005	6347
3005	9096
3005	3683
3005	6578
3005	8945
3005	9473
3005	9715
3005	6773
3005	3565
3005	645
3006	859
3006	8749
3006	7102
3006	8703
3006	5615
3006	4422
3006	8403
3006	9903
3006	5994
3006	4571
3007	5699
3007	6345
3007	22
3007	8548
3007	7919
3007	6134
3007	2391
3007	6783
3007	4830
3007	1831
3008	840
3008	8331
3008	9275
3008	7964
3008	1694
3008	7230
3008	6356
3008	4195
3008	8746
3008	2907
3009	8685
3009	3131
3009	2527
3009	4087
3009	1090
3009	7161
3009	2461
3009	2697
3009	2622
3009	8535
3010	1257
3010	7827
3010	6249
3010	5286
3010	2776
3010	5936
3010	7781
3010	7020
3010	4775
3010	9821
3011	1136
3011	4112
3011	555
3011	3480
3011	3954
3011	1541
3011	3645
3011	778
3011	872
3011	9234
3012	3034
3012	1905
3012	9016
3012	1208
3012	536
3012	4488
3012	4183
3012	283
3012	635
3012	8386
3013	9467
3013	5558
3013	9962
3013	3918
3013	6999
3013	1499
3013	9177
3013	1882
3013	5316
3013	6299
3014	6176
3014	6642
3014	9768
3014	4725
3014	8944
3014	7050
3014	3816
3014	9375
3014	2711
3014	3281
3015	4459
3015	855
3015	7287
3015	1089
3015	6080
3015	7873
3015	7250
3015	64
3015	6675
3015	3553
3016	6981
3016	9969
3016	9335
3016	5601
3016	3302
3016	1227
3016	1741
3016	9788
3016	1374
3016	5196
3017	2810
3017	2057
3017	1337
3017	7796
3017	4075
3017	8254
3017	3432
3017	7974
3017	1965
3017	1901
3018	8528
3018	1449
3018	4815
3018	3674
3018	6760
3018	7438
3018	459
3018	6460
3018	60
3018	9549
3019	2945
3019	2584
3019	7944
3019	1564
3019	3481
3019	2313
3019	3217
3019	340
3019	9500
3019	3364
3020	2076
3020	2626
3020	1568
3020	7590
3020	854
3020	7790
3020	1004
3020	3214
3020	5238
3020	8605
3021	5834
3021	5870
3021	5172
3021	6571
3021	9625
3021	2059
3021	8557
3021	4370
3021	3448
3021	8991
3022	3347
3022	1011
3022	3368
3022	9994
3022	1806
3022	8698
3022	5199
3022	3768
3022	9588
3022	4441
3023	2139
3023	6845
3023	7704
3023	4802
3023	6694
3023	887
3023	5764
3023	7392
3023	9046
3023	2583
3024	376
3024	3129
3024	6003
3024	6942
3024	9979
3024	8096
3024	6301
3024	316
3024	1009
3024	5461
3025	4129
3025	6295
3025	4576
3025	3505
3025	5893
3025	6818
3025	1548
3025	8640
3025	7796
3025	3124
3026	7048
3026	2290
3026	996
3026	3821
3026	3927
3026	261
3026	670
3026	93
3026	106
3026	9933
3027	8364
3027	4956
3027	486
3027	544
3027	1246
3027	1685
3027	8816
3027	7139
3027	6825
3027	9010
3028	5408
3028	4230
3028	5125
3028	6979
3028	7246
3028	5757
3028	7127
3028	2655
3028	171
3028	7458
3029	1993
3029	1219
3029	156
3029	3046
3029	1860
3029	4295
3029	4815
3029	6065
3029	6612
3029	1544
3030	8215
3030	3882
3030	3939
3030	7114
3030	2559
3030	7741
3030	7999
3030	6992
3030	1686
3030	6045
3031	7737
3031	3093
3031	8257
3031	4819
3031	618
3031	5850
3031	6656
3031	9474
3031	4538
3031	8483
3032	3635
3032	5341
3032	2402
3032	2572
3032	3485
3032	7403
3032	5539
3032	4796
3032	2252
3032	2950
3033	4566
3033	3009
3033	7498
3033	3297
3033	9442
3033	9283
3033	2498
3033	390
3033	6984
3033	8388
3034	7901
3034	8162
3034	8332
3034	5667
3034	6792
3034	6594
3034	6456
3034	3646
3034	5402
3034	1310
3035	795
3035	3792
3035	1911
3035	6702
3035	935
3035	1875
3035	3110
3035	5421
3035	8564
3035	9774
3036	4020
3036	9679
3036	5778
3036	7591
3036	8796
3036	9698
3036	6840
3036	9610
3036	9689
3036	4965
3037	2558
3037	2829
3037	916
3037	3034
3037	5618
3037	4239
3037	9878
3037	9702
3037	1562
3037	7036
3038	3335
3038	4844
3038	5665
3038	5845
3038	5030
3038	8884
3038	8840
3038	7025
3038	3191
3038	7551
3039	7302
3039	4763
3039	8274
3039	3431
3039	6713
3039	4529
3039	2332
3039	5991
3039	6296
3039	6683
3040	4677
3040	3421
3040	4147
3040	403
3040	1460
3040	9367
3040	2075
3040	7056
3040	8311
3040	1139
3041	800
3041	9423
3041	4582
3041	5385
3041	4389
3041	355
3041	8508
3041	8869
3041	5279
3041	5150
3042	59
3042	1371
3042	906
3042	9270
3042	2237
3042	769
3042	1836
3042	9670
3042	2916
3042	9215
3043	7822
3043	8904
3043	1321
3043	1515
3043	7103
3043	276
3043	5882
3043	1741
3043	5738
3043	4982
3044	9220
3044	4586
3044	7931
3044	9601
3044	9242
3044	5306
3044	4882
3044	3318
3044	819
3044	7117
3045	3735
3045	1890
3045	2890
3045	1285
3045	6691
3045	4766
3045	2761
3045	2098
3045	9034
3045	6406
3046	1049
3046	8097
3046	5762
3046	3903
3046	9929
3046	8626
3046	810
3046	4284
3046	1102
3046	2384
3047	2023
3047	3919
3047	485
3047	2649
3047	9509
3047	8660
3047	8288
3047	9113
3047	1527
3047	7644
3048	7386
3048	7333
3048	9550
3048	3842
3048	9783
3048	3270
3048	2124
3048	9332
3048	7480
3048	2905
3049	379
3049	7112
3049	1060
3049	2646
3049	6599
3049	4821
3049	2038
3049	6009
3049	8117
3049	5143
3050	6607
3050	2532
3050	787
3050	9692
3050	4304
3050	8594
3050	9500
3050	432
3050	267
3050	9194
3051	3891
3051	3509
3051	5374
3051	9994
3051	7645
3051	3813
3051	8812
3051	6567
3051	1306
3051	6456
3052	3806
3052	5313
3052	9914
3052	9175
3052	8610
3052	7797
3052	3806
3052	8428
3052	3879
3052	9289
3053	760
3053	9244
3053	9526
3053	217
3053	9145
3053	6496
3053	7968
3053	4638
3053	7490
3053	753
3054	8597
3054	9517
3054	2018
3054	624
3054	2252
3054	657
3054	3276
3054	1496
3054	5674
3054	2156
3055	5683
3055	757
3055	2532
3055	4443
3055	1776
3055	8639
3055	8553
3055	9593
3055	2690
3055	5193
3056	2539
3056	9485
3056	8692
3056	9494
3056	6465
3056	4525
3056	3411
3056	8400
3056	7234
3056	990
3057	5807
3057	3059
3057	9085
3057	6599
3057	5460
3057	3446
3057	2132
3057	4608
3057	5403
3057	9134
3058	1133
3058	3783
3058	6180
3058	1417
3058	440
3058	7736
3058	8208
3058	3509
3058	4436
3058	5455
3059	1751
3059	6555
3059	9338
3059	8545
3059	3182
3059	2921
3059	3498
3059	824
3059	3894
3059	5954
3060	4970
3060	5391
3060	1567
3060	5910
3060	7921
3060	681
3060	6470
3060	7314
3060	4179
3060	6471
3061	3158
3061	956
3061	4083
3061	5265
3061	6263
3061	4461
3061	967
3061	9957
3061	9636
3061	3569
3062	5780
3062	4007
3062	4489
3062	4871
3062	4872
3062	2470
3062	3520
3062	5198
3062	7718
3062	8327
3063	1636
3063	9296
3063	9547
3063	8612
3063	8583
3063	3050
3063	8042
3063	1294
3063	3227
3063	6357
3064	984
3064	8470
3064	5118
3064	660
3064	9831
3064	941
3064	7310
3064	753
3064	2886
3064	6043
3065	5045
3065	951
3065	633
3065	5061
3065	2478
3065	7640
3065	9381
3065	7356
3065	8714
3065	5566
3066	4082
3066	3946
3066	453
3066	7193
3066	2543
3066	6305
3066	7385
3066	1479
3066	3692
3066	1156
3067	4364
3067	518
3067	8709
3067	3323
3067	4207
3067	8901
3067	1462
3067	5048
3067	7888
3067	4721
3068	5444
3068	7573
3068	1939
3068	285
3068	5018
3068	6925
3068	7667
3068	6115
3068	9210
3068	1188
3069	6013
3069	8574
3069	4685
3069	9873
3069	260
3069	3986
3069	648
3069	210
3069	5871
3069	4492
3070	4544
3070	8033
3070	4999
3070	7747
3070	8847
3070	5968
3070	3127
3070	31
3070	9552
3070	9179
3071	2296
3071	5095
3071	4607
3071	6594
3071	9258
3071	8366
3071	7828
3071	7943
3071	8254
3071	9522
3072	1511
3072	9868
3072	300
3072	9365
3072	3790
3072	4414
3072	8607
3072	1901
3072	3745
3072	2715
3073	3453
3073	2220
3073	8110
3073	1345
3073	7304
3073	6584
3073	5615
3073	8817
3073	3924
3073	7814
3074	2509
3074	7551
3074	1942
3074	8678
3074	8021
3074	443
3074	1025
3074	6472
3074	8081
3074	4963
3075	307
3075	1333
3075	7243
3075	1157
3075	6152
3075	6666
3075	3439
3075	2198
3075	8730
3075	1236
3076	9182
3076	6659
3076	5043
3076	1790
3076	2174
3076	1950
3076	418
3076	9460
3076	9330
3076	7968
3077	8088
3077	5311
3077	1102
3077	5897
3077	4630
3077	4643
3077	6995
3077	905
3077	9478
3077	6334
3078	9505
3078	36
3078	9173
3078	5009
3078	6425
3078	2986
3078	221
3078	2386
3078	5817
3078	7249
3079	5566
3079	8294
3079	3674
3079	93
3079	592
3079	6282
3079	1642
3079	8404
3079	3516
3079	4898
3080	4409
3080	3968
3080	4662
3080	8194
3080	8089
3080	9570
3080	2551
3080	3915
3080	503
3080	8771
3081	8127
3081	5683
3081	2628
3081	3562
3081	7353
3081	2945
3081	9707
3081	6835
3081	3229
3081	4312
3082	3015
3082	1902
3082	5532
3082	5632
3082	6416
3082	4195
3082	7010
3082	8087
3082	2326
3082	3317
3083	6735
3083	1911
3083	7933
3083	405
3083	1609
3083	7273
3083	3650
3083	9984
3083	3517
3083	4351
3084	8380
3084	166
3084	1595
3084	5938
3084	4054
3084	7150
3084	7475
3084	8481
3084	1498
3084	979
3085	9199
3085	9875
3085	266
3085	3109
3085	7289
3085	3619
3085	9295
3085	9637
3085	7960
3085	2493
3086	698
3086	4055
3086	267
3086	7038
3086	1275
3086	3897
3086	198
3086	2110
3086	7765
3086	8060
3087	2319
3087	3690
3087	2279
3087	9014
3087	2526
3087	4126
3087	6771
3087	1793
3087	3662
3087	474
3088	9266
3088	9910
3088	1657
3088	8407
3088	1077
3088	8893
3088	1095
3088	3051
3088	8937
3088	1689
3089	3911
3089	3552
3089	6174
3089	864
3089	1995
3089	4695
3089	7593
3089	6167
3089	8042
3089	3756
3090	6626
3090	4652
3090	6267
3090	2934
3090	1221
3090	1596
3090	4893
3090	7828
3090	6583
3090	698
3091	9569
3091	9450
3091	4693
3091	6217
3091	4281
3091	7404
3091	341
3091	5742
3091	9969
3091	2076
3092	4976
3092	5384
3092	3227
3092	4416
3092	7560
3092	9071
3092	3801
3092	8692
3092	8403
3092	4089
3093	8684
3093	7929
3093	5533
3093	9038
3093	7435
3093	8387
3093	3020
3093	8634
3093	790
3093	943
3094	7579
3094	903
3094	1735
3094	2412
3094	867
3094	5658
3094	3494
3094	1355
3094	1925
3094	343
3095	1492
3095	1023
3095	2255
3095	2548
3095	2832
3095	662
3095	2727
3095	7051
3095	5863
3095	4584
3096	4373
3096	8574
3096	925
3096	7549
3096	182
3096	2111
3096	5360
3096	2242
3096	3920
3096	1164
3097	679
3097	3765
3097	4094
3097	7024
3097	549
3097	6886
3097	3560
3097	7072
3097	910
3097	5527
3098	2821
3098	9052
3098	1988
3098	3979
3098	3801
3098	3159
3098	1273
3098	2838
3098	9353
3098	7321
3099	6580
3099	9603
3099	5177
3099	6736
3099	3381
3099	8002
3099	4350
3099	7569
3099	5298
3099	7212
3100	2997
3100	6332
3100	2211
3100	5235
3100	8203
3100	2897
3100	2206
3100	3513
3100	1767
3100	9409
3101	7794
3101	5802
3101	7343
3101	3577
3101	4855
3101	9614
3101	6526
3101	8054
3101	5477
3101	3677
3102	6377
3102	2347
3102	8781
3102	4003
3102	7876
3102	8014
3102	4913
3102	3109
3102	8828
3102	2614
3103	3748
3103	2661
3103	3909
3103	9741
3103	6732
3103	3882
3103	501
3103	6540
3103	9548
3103	8603
3104	9626
3104	6377
3104	8658
3104	5798
3104	3848
3104	8180
3104	3670
3104	2865
3104	8523
3104	9443
3105	3095
3105	2441
3105	7544
3105	9538
3105	1108
3105	5274
3105	8979
3105	6130
3105	269
3105	181
3106	9129
3106	1275
3106	5226
3106	9659
3106	636
3106	8245
3106	7636
3106	6000
3106	1168
3106	4101
3107	3691
3107	9631
3107	2163
3107	6231
3107	5116
3107	5704
3107	5195
3107	3456
3107	2877
3107	3881
3108	3618
3108	4205
3108	2201
3108	1871
3108	7504
3108	6165
3108	365
3108	5522
3108	9534
3108	2142
3109	8579
3109	9493
3109	2892
3109	6013
3109	1312
3109	791
3109	4158
3109	7884
3109	2408
3109	5445
3110	9507
3110	4616
3110	6528
3110	8947
3110	9264
3110	9915
3110	623
3110	9542
3110	4990
3110	8387
3111	8346
3111	4302
3111	2559
3111	5801
3111	9737
3111	6754
3111	9371
3111	522
3111	4164
3111	8478
3112	4305
3112	5490
3112	257
3112	4147
3112	5126
3112	1230
3112	9078
3112	1499
3112	3112
3112	9383
3113	8021
3113	9799
3113	3482
3113	941
3113	8982
3113	5148
3113	5179
3113	8621
3113	5536
3113	4765
3114	2126
3114	8459
3114	4238
3114	8244
3114	451
3114	950
3114	7378
3114	4946
3114	5971
3114	5198
3115	9511
3115	4657
3115	9854
3115	4884
3115	6870
3115	4181
3115	2108
3115	1308
3115	6473
3115	4193
3116	5696
3116	6642
3116	6350
3116	6983
3116	7776
3116	7638
3116	4192
3116	9587
3116	8210
3116	6462
3117	7182
3117	927
3117	414
3117	4452
3117	7269
3117	4466
3117	6912
3117	4100
3117	6700
3117	7850
3118	4077
3118	2676
3118	3472
3118	4749
3118	9139
3118	1858
3118	5375
3118	6525
3118	6307
3118	9830
3119	1470
3119	4730
3119	3426
3119	6471
3119	59
3119	9007
3119	7301
3119	8448
3119	4880
3119	1359
3120	354
3120	6700
3120	2289
3120	7496
3120	1015
3120	3004
3120	5610
3120	6105
3120	84
3120	1213
3121	5250
3121	4402
3121	5045
3121	7745
3121	1852
3121	5731
3121	4066
3121	5077
3121	1811
3121	6104
3122	477
3122	9778
3122	8568
3122	1949
3122	2838
3122	9737
3122	8438
3122	6860
3122	9539
3122	2663
3123	3090
3123	4173
3123	3542
3123	6322
3123	8234
3123	9754
3123	4507
3123	7456
3123	813
3123	5326
3124	4196
3124	5287
3124	4814
3124	4564
3124	1444
3124	4389
3124	9810
3124	4593
3124	5795
3124	4113
3125	4163
3125	2501
3125	8850
3125	1168
3125	3557
3125	1419
3125	4161
3125	3392
3125	3040
3125	1116
3126	749
3126	8097
3126	5530
3126	4009
3126	9162
3126	1747
3126	3940
3126	6675
3126	3428
3126	6562
3127	1059
3127	8996
3127	8169
3127	3316
3127	7092
3127	5403
3127	4625
3127	5778
3127	9290
3127	4707
3128	2353
3128	5327
3128	3619
3128	7681
3128	3985
3128	7248
3128	9981
3128	8728
3128	6921
3128	9090
3129	6837
3129	8171
3129	7126
3129	7756
3129	9795
3129	4402
3129	3756
3129	4151
3129	8058
3129	3835
3130	7686
3130	8048
3130	48
3130	3215
3130	6344
3130	6303
3130	1428
3130	8932
3130	651
3130	1048
3131	1470
3131	9716
3131	9503
3131	6124
3131	3383
3131	6729
3131	3219
3131	9976
3131	5443
3131	4723
3132	5343
3132	1130
3132	8925
3132	6006
3132	2596
3132	9716
3132	3925
3132	2257
3132	1320
3132	8589
3133	5542
3133	2241
3133	1425
3133	1715
3133	6919
3133	7728
3133	4467
3133	8628
3133	95
3133	9091
3134	683
3134	253
3134	4419
3134	1956
3134	5167
3134	9605
3134	9690
3134	440
3134	3232
3134	4340
3135	7681
3135	3210
3135	1460
3135	2326
3135	4169
3135	7875
3135	1400
3135	6748
3135	1978
3135	6862
3136	4526
3136	7181
3136	7629
3136	6004
3136	5445
3136	6778
3136	196
3136	8005
3136	2625
3136	7887
3137	1459
3137	1853
3137	226
3137	4149
3137	2299
3137	6234
3137	4097
3137	3267
3137	5561
3137	3794
3138	2470
3138	568
3138	875
3138	9139
3138	720
3138	9717
3138	4095
3138	1579
3138	7288
3138	3386
3139	4813
3139	2908
3139	4961
3139	5045
3139	6334
3139	210
3139	8691
3139	1319
3139	8810
3139	5715
3140	4248
3140	7776
3140	5486
3140	2277
3140	219
3140	5332
3140	2752
3140	8943
3140	2967
3140	4938
3141	5246
3141	5273
3141	7386
3141	5953
3141	3690
3141	9188
3141	700
3141	4658
3141	8667
3141	3008
3142	3413
3142	8082
3142	1406
3142	39
3142	2448
3142	5145
3142	2309
3142	453
3142	67
3142	4635
3143	8387
3143	717
3143	7073
3143	3831
3143	8103
3143	3727
3143	2375
3143	8225
3143	9572
3143	4813
3144	5465
3144	4065
3144	7414
3144	4331
3144	7417
3144	8010
3144	5812
3144	1920
3144	2745
3144	2849
3145	8239
3145	4220
3145	6556
3145	7483
3145	7368
3145	2263
3145	2783
3145	1498
3145	2879
3145	574
3146	2115
3146	2721
3146	3651
3146	7505
3146	6759
3146	2752
3146	8476
3146	8381
3146	3181
3146	2263
3147	5266
3147	4717
3147	7473
3147	1034
3147	5909
3147	7235
3147	5908
3147	1072
3147	6762
3147	1501
3148	1500
3148	8885
3148	8745
3148	5579
3148	5109
3148	9306
3148	2254
3148	8780
3148	3358
3148	5498
3149	3972
3149	9946
3149	9118
3149	8451
3149	2917
3149	7411
3149	7007
3149	4181
3149	9072
3149	9295
3150	2039
3150	4001
3150	2317
3150	2042
3150	5922
3150	8847
3150	8823
3150	7527
3150	2686
3150	9469
3151	8060
3151	8656
3151	7247
3151	2707
3151	4558
3151	9780
3151	7532
3151	2214
3151	3584
3151	1741
3152	7824
3152	3139
3152	8485
3152	3695
3152	7709
3152	6778
3152	4623
3152	3221
3152	6358
3152	4756
3153	4011
3153	2063
3153	4067
3153	1785
3153	6048
3153	2398
3153	2445
3153	2166
3153	773
3153	2672
3154	164
3154	1799
3154	4385
3154	4386
3154	8816
3154	8964
3154	7844
3154	2048
3154	4871
3154	8230
3155	4495
3155	1818
3155	317
3155	7525
3155	158
3155	755
3155	9578
3155	4767
3155	7827
3155	4123
3156	9
3156	9921
3156	8222
3156	3077
3156	8952
3156	765
3156	7158
3156	5582
3156	79
3156	2208
3157	2460
3157	9370
3157	273
3157	5181
3157	1607
3157	7569
3157	8279
3157	2617
3157	2711
3157	6332
3158	6418
3158	7686
3158	9721
3158	6797
3158	2787
3158	4872
3158	7426
3158	8639
3158	7893
3158	3966
3159	6036
3159	5326
3159	5745
3159	4175
3159	742
3159	9260
3159	7661
3159	8374
3159	9477
3159	2122
3160	1283
3160	2201
3160	9995
3160	5792
3160	9282
3160	4039
3160	4619
3160	6712
3160	9701
3160	7064
3161	5363
3161	250
3161	8195
3161	6623
3161	8187
3161	89
3161	2782
3161	9764
3161	4717
3161	9662
3162	7843
3162	8158
3162	5814
3162	1450
3162	5871
3162	1883
3162	7957
3162	6380
3162	1816
3162	9768
3163	9427
3163	1825
3163	9512
3163	4608
3163	4050
3163	3602
3163	6071
3163	5915
3163	7913
3163	2161
3164	3255
3164	4071
3164	462
3164	7428
3164	3981
3164	2802
3164	6726
3164	4675
3164	6557
3164	4631
3165	6493
3165	1785
3165	8340
3165	2117
3165	8749
3165	8923
3165	3687
3165	2382
3165	2142
3165	1915
3166	7342
3166	9013
3166	901
3166	7945
3166	2542
3166	2298
3166	2797
3166	5799
3166	7695
3166	3080
3167	7265
3167	4266
3167	1853
3167	3056
3167	5960
3167	914
3167	6586
3167	3957
3167	6208
3167	119
3168	4127
3168	5477
3168	1661
3168	5932
3168	984
3168	8298
3168	3358
3168	4721
3168	6092
3168	4475
3169	9386
3169	970
3169	5203
3169	9300
3169	6071
3169	6562
3169	1636
3169	6771
3169	9390
3169	1249
3170	2899
3170	3781
3170	6777
3170	1247
3170	1646
3170	1779
3170	9676
3170	3755
3170	2839
3170	9939
3171	85
3171	6963
3171	1226
3171	3325
3171	4731
3171	280
3171	9317
3171	7582
3171	3899
3171	5850
3172	8708
3172	738
3172	4613
3172	7720
3172	2114
3172	4621
3172	3072
3172	7440
3172	2889
3172	1730
3173	3583
3173	6811
3173	3196
3173	318
3173	4058
3173	4632
3173	1515
3173	8090
3173	6043
3173	2728
3174	9289
3174	8318
3174	8827
3174	7187
3174	2661
3174	8543
3174	3684
3174	2121
3174	3803
3174	43
3175	3744
3175	8649
3175	6516
3175	5108
3175	3011
3175	7996
3175	4946
3175	1690
3175	7135
3175	9952
3176	9178
3176	7110
3176	8742
3176	7982
3176	1436
3176	7643
3176	9569
3176	7226
3176	335
3176	6203
3177	3269
3177	1430
3177	6028
3177	8088
3177	9271
3177	1253
3177	7862
3177	7381
3177	1373
3177	3825
3178	6980
3178	8328
3178	5173
3178	4077
3178	2593
3178	5717
3178	9658
3178	6439
3178	405
3178	8047
3179	1190
3179	4043
3179	5406
3179	4618
3179	7499
3179	7609
3179	3047
3179	674
3179	6702
3179	2470
3180	5292
3180	7291
3180	3980
3180	4130
3180	712
3180	4203
3180	468
3180	5635
3180	7638
3180	9901
3181	5271
3181	7929
3181	7978
3181	1010
3181	7117
3181	5483
3181	3475
3181	7232
3181	5766
3181	4656
3182	8725
3182	5093
3182	1222
3182	5344
3182	5552
3182	8946
3182	5305
3182	8147
3182	4094
3182	4916
3183	2866
3183	6313
3183	4806
3183	223
3183	8356
3183	9832
3183	9012
3183	9468
3183	9320
3183	4367
3184	653
3184	5015
3184	2037
3184	8813
3184	5945
3184	3098
3184	4106
3184	9827
3184	1126
3184	8816
3185	8869
3185	1974
3185	8019
3185	3749
3185	8612
3185	1967
3185	9724
3185	3976
3185	7760
3185	7520
3186	2828
3186	5317
3186	7656
3186	3731
3186	2669
3186	3732
3186	4780
3186	8025
3186	4198
3186	6539
3187	9714
3187	8331
3187	9117
3187	9984
3187	7298
3187	1945
3187	1051
3187	5185
3187	8219
3187	9023
3188	1940
3188	3555
3188	3474
3188	382
3188	8797
3188	4682
3188	8585
3188	628
3188	5796
3188	5240
3189	6107
3189	8214
3189	2951
3189	9255
3189	6612
3189	4151
3189	467
3189	3970
3189	3780
3189	9638
3190	3565
3190	2589
3190	2215
3190	6999
3190	7112
3190	200
3190	8257
3190	5578
3190	4601
3190	3036
3191	836
3191	9475
3191	6928
3191	7226
3191	1254
3191	3050
3191	5516
3191	7866
3191	841
3191	9198
3192	7251
3192	8051
3192	2135
3192	1862
3192	3972
3192	2596
3192	3276
3192	973
3192	2703
3192	9153
3193	5836
3193	1832
3193	3567
3193	7639
3193	4500
3193	7631
3193	8373
3193	2352
3193	3206
3193	1649
3194	2619
3194	6380
3194	9681
3194	2562
3194	4622
3194	5782
3194	3030
3194	1008
3194	8503
3194	3799
3195	5853
3195	5015
3195	2179
3195	5034
3195	8511
3195	6142
3195	227
3195	9005
3195	9030
3195	4149
3196	381
3196	4876
3196	2183
3196	6898
3196	9493
3196	3582
3196	6558
3196	1976
3196	5206
3196	3956
3197	9419
3197	1690
3197	4873
3197	1561
3197	6139
3197	1217
3197	5270
3197	842
3197	5428
3197	3368
3198	397
3198	6332
3198	747
3198	7788
3198	6789
3198	7281
3198	2669
3198	7540
3198	254
3198	4514
3199	1176
3199	932
3199	2446
3199	437
3199	7442
3199	80
3199	6855
3199	7296
3199	3611
3199	8683
3200	3490
3200	2598
3200	3054
3200	1701
3200	2460
3200	3971
3200	3419
3200	1912
3200	4456
3200	2717
3201	379
3201	1248
3201	5423
3201	5316
3201	517
3201	4758
3201	3272
3201	3369
3201	1763
3201	8306
3202	5768
3202	1668
3202	8862
3202	7178
3202	148
3202	1390
3202	3240
3202	8162
3202	7782
3202	99
3203	5409
3203	4213
3203	2584
3203	4398
3203	4274
3203	510
3203	3489
3203	729
3203	6737
3203	8570
3204	462
3204	8314
3204	6041
3204	4650
3204	4805
3204	4532
3204	6531
3204	7414
3204	580
3204	2470
3205	9374
3205	2758
3205	3687
3205	1058
3205	3699
3205	6390
3205	2459
3205	5310
3205	9664
3205	4319
3206	1483
3206	4140
3206	2926
3206	321
3206	4763
3206	8311
3206	3711
3206	7747
3206	1859
3206	4818
3207	714
3207	5252
3207	2786
3207	8958
3207	1821
3207	7308
3207	119
3207	3989
3207	9443
3207	2874
3208	3880
3208	6145
3208	5436
3208	1008
3208	8372
3208	8473
3208	969
3208	6184
3208	6678
3208	1746
3209	5080
3209	8086
3209	2237
3209	6297
3209	4181
3209	8594
3209	6153
3209	6582
3209	9670
3209	7281
3210	3596
3210	2546
3210	6458
3210	424
3210	1801
3210	9444
3210	6865
3210	3966
3210	1319
3210	7758
3211	3909
3211	3273
3211	9293
3211	8201
3211	9569
3211	1921
3211	4633
3211	5696
3211	9729
3211	8328
3212	24
3212	7100
3212	6842
3212	9191
3212	8392
3212	8425
3212	485
3212	1281
3212	841
3212	4532
3213	4589
3213	8728
3213	9186
3213	3058
3213	4283
3213	9507
3213	9367
3213	7293
3213	2688
3213	4188
3214	465
3214	2328
3214	5413
3214	2686
3214	8581
3214	5238
3214	776
3214	7486
3214	8336
3214	2800
3215	8320
3215	6325
3215	9026
3215	3955
3215	9370
3215	5895
3215	4931
3215	856
3215	7532
3215	9993
3216	6881
3216	792
3216	7764
3216	7865
3216	6243
3216	4753
3216	7438
3216	6463
3216	7832
3216	3222
3217	9491
3217	2344
3217	2463
3217	8267
3217	7452
3217	8976
3217	9247
3217	3183
3217	7923
3217	121
3218	7981
3218	8181
3218	967
3218	4776
3218	1519
3218	5120
3218	6807
3218	7446
3218	5946
3218	9251
3219	4906
3219	1334
3219	4617
3219	7121
3219	2607
3219	8391
3219	4198
3219	3136
3219	4985
3219	3749
3220	2944
3220	2877
3220	3658
3220	3349
3220	2069
3220	9263
3220	1005
3220	3434
3220	1086
3220	4881
3221	1879
3221	2283
3221	3237
3221	8621
3221	8046
3221	5511
3221	7862
3221	655
3221	3046
3221	2860
3222	8345
3222	2711
3222	2472
3222	1566
3222	3498
3222	674
3222	175
3222	2154
3222	5706
3222	3449
3223	4380
3223	5097
3223	7476
3223	3116
3223	16
3223	2666
3223	2739
3223	8132
3223	9258
3223	6669
3224	9270
3224	3936
3224	7062
3224	9953
3224	5007
3224	8960
3224	7790
3224	6015
3224	1642
3224	4887
3225	2788
3225	5811
3225	1268
3225	4025
3225	1719
3225	5966
3225	539
3225	1167
3225	8824
3225	5450
3226	6166
3226	4444
3226	1697
3226	700
3226	931
3226	1497
3226	9649
3226	8697
3226	6688
3226	5094
3227	1035
3227	4799
3227	8670
3227	9951
3227	7655
3227	8980
3227	36
3227	2121
3227	6433
3227	3101
3228	4425
3228	435
3228	6245
3228	7832
3228	1630
3228	5025
3228	4655
3228	9326
3228	5
3228	7744
3229	4599
3229	9911
3229	7281
3229	4226
3229	5816
3229	2295
3229	9223
3229	2145
3229	2603
3229	8708
3230	2859
3230	2768
3230	5818
3230	8664
3230	7275
3230	2909
3230	52
3230	589
3230	5744
3230	2510
3231	5334
3231	4639
3231	4617
3231	933
3231	5434
3231	207
3231	5452
3231	8886
3231	5509
3231	8316
3232	6335
3232	5569
3232	990
3232	9634
3232	7208
3232	7831
3232	4895
3232	5791
3232	2971
3232	9340
3233	8865
3233	5525
3233	4045
3233	7845
3233	7129
3233	5868
3233	3614
3233	7266
3233	2201
3233	7216
3234	5594
3234	7691
3234	5321
3234	8473
3234	5138
3234	8924
3234	3321
3234	4747
3234	4861
3234	1294
3235	6306
3235	101
3235	2054
3235	9994
3235	9418
3235	7018
3235	6206
3235	7680
3235	1597
3235	4170
3236	5327
3236	7585
3236	1132
3236	5544
3236	5902
3236	7002
3236	220
3236	8769
3236	1114
3236	4432
3237	3590
3237	6186
3237	9194
3237	5487
3237	3021
3237	5967
3237	2405
3237	594
3237	6514
3237	6738
3238	5073
3238	5252
3238	6513
3238	33
3238	2554
3238	6188
3238	385
3238	1762
3238	6010
3238	9057
3239	5337
3239	6356
3239	8975
3239	7699
3239	6918
3239	7874
3239	1331
3239	1792
3239	8384
3239	4339
3240	1783
3240	7426
3240	4558
3240	9860
3240	5710
3240	3890
3240	4331
3240	1066
3240	4294
3240	8334
3241	605
3241	1582
3241	1237
3241	6457
3241	2176
3241	4639
3241	4925
3241	6023
3241	3689
3241	3448
3242	3621
3242	8072
3242	8020
3242	5930
3242	8742
3242	8437
3242	354
3242	3615
3242	7901
3242	8882
3243	3652
3243	5221
3243	3683
3243	5697
3243	2770
3243	9400
3243	471
3243	1817
3243	8726
3243	8655
3244	3735
3244	7486
3244	9168
3244	1188
3244	6731
3244	2335
3244	1599
3244	8467
3244	5695
3244	1926
3245	8015
3245	3198
3245	1317
3245	5289
3245	1145
3245	1871
3245	2896
3245	5421
3245	2941
3245	611
3246	1672
3246	268
3246	2391
3246	5658
3246	2140
3246	3696
3246	3142
3246	7168
3246	5974
3246	9759
3247	1543
3247	3899
3247	4987
3247	3444
3247	332
3247	7835
3247	4772
3247	347
3247	6185
3247	6
3248	5719
3248	558
3248	8820
3248	4285
3248	6402
3248	9312
3248	6657
3248	3108
3248	1383
3248	8216
3249	2893
3249	7314
3249	7318
3249	4184
3249	4369
3249	1198
3249	8622
3249	7745
3249	1625
3249	3804
3250	524
3250	233
3250	7504
3250	8233
3250	7827
3250	8727
3250	2096
3250	6848
3250	2427
3250	1785
3251	37
3251	3757
3251	1127
3251	994
3251	1103
3251	6532
3251	4794
3251	7676
3251	5679
3251	8382
3252	8989
3252	7532
3252	8380
3252	3093
3252	2445
3252	7288
3252	6337
3252	7480
3252	621
3252	440
3253	4018
3253	7514
3253	9539
3253	8197
3253	8505
3253	788
3253	4612
3253	1714
3253	8083
3253	7573
3254	7013
3254	8656
3254	4917
3254	7043
3254	6566
3254	1604
3254	5137
3254	6162
3254	3387
3254	7129
3255	1602
3255	9867
3255	4086
3255	2663
3255	9198
3255	66
3255	5971
3255	418
3255	9444
3255	4365
3256	5714
3256	2924
3256	6733
3256	2998
3256	5099
3256	6009
3256	4633
3256	4835
3256	9607
3256	4578
3257	1388
3257	8040
3257	6748
3257	5379
3257	7072
3257	5781
3257	178
3257	7376
3257	432
3257	5350
3258	6754
3258	9776
3258	3368
3258	7686
3258	9538
3258	7805
3258	5454
3258	8701
3258	5130
3258	2158
3259	4917
3259	4477
3259	2236
3259	7760
3259	5175
3259	7172
3259	243
3259	7619
3259	6501
3259	7225
3260	7006
3260	647
3260	7380
3260	4323
3260	5609
3260	168
3260	9304
3260	9661
3260	9540
3260	5072
3261	2608
3261	7057
3261	5232
3261	5052
3261	3243
3261	5134
3261	4591
3261	682
3261	1693
3261	9534
3262	1567
3262	2127
3262	174
3262	6794
3262	6718
3262	2656
3262	996
3262	7271
3262	1580
3262	2066
3263	2272
3263	5848
3263	1389
3263	3540
3263	9549
3263	8917
3263	9099
3263	437
3263	8133
3263	8008
3264	558
3264	5958
3264	7873
3264	9651
3264	6953
3264	6904
3264	9210
3264	3986
3264	4824
3264	8293
3265	3775
3265	1806
3265	5012
3265	4610
3265	5092
3265	1248
3265	7446
3265	7433
3265	2688
3265	1179
3266	4693
3266	1654
3266	2515
3266	5974
3266	6244
3266	7500
3266	7347
3266	7181
3266	6258
3266	3258
3267	5482
3267	8974
3267	8897
3267	6852
3267	8107
3267	5777
3267	1973
3267	50
3267	3382
3267	5690
3268	7103
3268	4416
3268	2199
3268	1108
3268	9538
3268	8043
3268	5123
3268	5421
3268	7204
3268	5439
3269	942
3269	7684
3269	3612
3269	2318
3269	1431
3269	4855
3269	9208
3269	43
3269	2435
3269	2278
3270	9162
3270	2556
3270	4817
3270	1606
3270	888
3270	8660
3270	1190
3270	5950
3270	5829
3270	5070
3271	6507
3271	5254
3271	9675
3271	5991
3271	3037
3271	9378
3271	8857
3271	3726
3271	2595
3271	1979
3272	1921
3272	3448
3272	6944
3272	6910
3272	5399
3272	2851
3272	5260
3272	2736
3272	161
3272	496
3273	2988
3273	1122
3273	9264
3273	3351
3273	9793
3273	5179
3273	7441
3273	790
3273	4878
3273	2748
3274	7283
3274	8683
3274	9094
3274	4157
3274	7821
3274	6537
3274	8773
3274	8039
3274	4658
3274	4185
3275	172
3275	9836
3275	9468
3275	8661
3275	9120
3275	2067
3275	2387
3275	6598
3275	4704
3275	5780
3276	9953
3276	3202
3276	5201
3276	4709
3276	9308
3276	9266
3276	6040
3276	7692
3276	4057
3276	9161
3277	1679
3277	1305
3277	8351
3277	1270
3277	5086
3277	8952
3277	1878
3277	2827
3277	6874
3277	57
3278	3145
3278	1571
3278	2495
3278	6300
3278	5580
3278	1434
3278	4970
3278	3963
3278	7075
3278	8492
3279	4369
3279	7505
3279	3181
3279	1689
3279	2229
3279	3712
3279	7636
3279	2802
3279	8297
3279	5089
3280	2909
3280	2151
3280	5148
3280	9967
3280	8039
3280	5104
3280	6898
3280	9380
3280	8164
3280	8886
3281	3515
3281	2169
3281	5945
3281	291
3281	7571
3281	892
3281	1825
3281	9696
3281	1343
3281	9306
3282	2903
3282	6906
3282	5235
3282	5896
3282	9819
3282	2489
3282	2284
3282	7093
3282	3963
3282	6644
3283	8979
3283	5407
3283	5084
3283	1562
3283	8821
3283	5533
3283	4128
3283	4599
3283	9963
3283	4537
3284	8130
3284	9905
3284	8826
3284	2813
3284	5534
3284	2355
3284	2477
3284	844
3284	8286
3284	3052
3285	4858
3285	1277
3285	4204
3285	6759
3285	7593
3285	3845
3285	9428
3285	9477
3285	9229
3285	2854
3286	1853
3286	8270
3286	5862
3286	8298
3286	2481
3286	7690
3286	6169
3286	1531
3286	1643
3286	2506
3287	6571
3287	6517
3287	3237
3287	3925
3287	4120
3287	5242
3287	2355
3287	83
3287	9110
3287	1958
3288	5636
3288	857
3288	9851
3288	8626
3288	512
3288	5598
3288	1039
3288	4838
3288	1640
3288	1789
3289	4486
3289	4477
3289	5000
3289	5243
3289	5054
3289	2501
3289	8901
3289	3137
3289	2674
3289	4072
3290	6136
3290	295
3290	4831
3290	6991
3290	5921
3290	4877
3290	3252
3290	9999
3290	304
3290	9338
3291	6071
3291	7376
3291	7986
3291	1737
3291	8117
3291	5318
3291	4100
3291	1919
3291	854
3291	3348
3292	4902
3292	2451
3292	3648
3292	344
3292	5307
3292	4274
3292	6926
3292	7662
3292	4684
3292	2432
3293	692
3293	1193
3293	2089
3293	9796
3293	3409
3293	3218
3293	7353
3293	9693
3293	8109
3293	2168
3294	427
3294	9357
3294	3746
3294	1542
3294	5274
3294	6672
3294	3633
3294	3664
3294	3781
3294	645
3295	5684
3295	6340
3295	3502
3295	5652
3295	1594
3295	5965
3295	5102
3295	5690
3295	203
3295	8678
3296	1302
3296	8980
3296	3687
3296	3918
3296	58
3296	308
3296	6023
3296	7927
3296	1454
3296	7351
3297	9542
3297	119
3297	9981
3297	1673
3297	8290
3297	854
3297	2494
3297	9562
3297	358
3297	8065
3298	9967
3298	5277
3298	2341
3298	4375
3298	2570
3298	1005
3298	2423
3298	2496
3298	1624
3298	9800
3299	8279
3299	5893
3299	8726
3299	4581
3299	5039
3299	6126
3299	9001
3299	9518
3299	8487
3299	6003
3300	9005
3300	7648
3300	6813
3300	740
3300	1670
3300	5692
3300	6020
3300	2083
3300	3734
3300	589
3301	6839
3301	123
3301	6274
3301	7935
3301	241
3301	5326
3301	1892
3301	3719
3301	346
3301	449
3302	5134
3302	2739
3302	5870
3302	7724
3302	6285
3302	1640
3302	28
3302	4916
3302	7536
3302	3618
3303	8457
3303	9586
3303	2233
3303	4969
3303	4329
3303	624
3303	3212
3303	3633
3303	6275
3303	7070
3304	7205
3304	2074
3304	8235
3304	5127
3304	4806
3304	4762
3304	1648
3304	145
3304	2714
3304	2525
3305	6492
3305	5625
3305	6368
3305	7380
3305	8725
3305	5824
3305	6289
3305	2845
3305	5332
3305	5183
3306	2883
3306	6184
3306	9341
3306	2211
3306	5743
3306	6870
3306	5999
3306	2874
3306	8
3306	953
3307	2252
3307	7975
3307	5717
3307	8211
3307	4419
3307	1136
3307	4482
3307	4491
3307	3452
3307	1985
3308	8095
3308	7183
3308	9841
3308	6463
3308	757
3308	1866
3308	855
3308	372
3308	3147
3308	7998
3309	5456
3309	2714
3309	999
3309	296
3309	1672
3309	1168
3309	5419
3309	4636
3309	6618
3309	5732
3310	1096
3310	5913
3310	9630
3310	4705
3310	7405
3310	6938
3310	7385
3310	472
3310	9335
3310	781
3311	6095
3311	1195
3311	2314
3311	334
3311	6159
3311	671
3311	2921
3311	7246
3311	1594
3311	222
3312	4253
3312	2717
3312	398
3312	1443
3312	9595
3312	5374
3312	1958
3312	2043
3312	9263
3312	8887
3313	2635
3313	2404
3313	8367
3313	6452
3313	8897
3313	3416
3313	3033
3313	557
3313	6382
3313	5731
3314	2831
3314	656
3314	610
3314	7481
3314	3914
3314	3566
3314	1252
3314	893
3314	6680
3314	5665
3315	3837
3315	8152
3315	364
3315	2293
3315	7732
3315	7580
3315	5717
3315	2778
3315	6029
3315	7818
3316	6567
3316	9397
3316	5426
3316	5141
3316	1464
3316	3514
3316	47
3316	6961
3316	5737
3316	7607
3317	428
3317	5508
3317	2050
3317	8314
3317	8290
3317	7528
3317	8629
3317	9557
3317	74
3317	4617
3318	3949
3318	1885
3318	9649
3318	5135
3318	8275
3318	3270
3318	7405
3318	3612
3318	5124
3318	4948
3319	8714
3319	2650
3319	9657
3319	3055
3319	3552
3319	4990
3319	8877
3319	8897
3319	5836
3319	3276
3320	1203
3320	4007
3320	7526
3320	2417
3320	2004
3320	9426
3320	3876
3320	2493
3320	4605
3320	9927
3321	1886
3321	4510
3321	8294
3321	5810
3321	6816
3321	2645
3321	6948
3321	757
3321	4023
3321	8914
3322	9023
3322	753
3322	6972
3322	3361
3322	9985
3322	457
3322	443
3322	59
3322	9438
3322	5649
3323	4608
3323	5812
3323	8674
3323	7502
3323	9700
3323	9330
3323	2795
3323	1215
3323	6818
3323	3758
3324	2328
3324	5881
3324	7196
3324	2178
3324	8149
3324	2414
3324	3388
3324	2582
3324	4377
3324	7162
3325	3332
3325	7119
3325	8508
3325	2094
3325	4572
3325	226
3325	8270
3325	8033
3325	4363
3325	758
3326	3938
3326	6190
3326	757
3326	6238
3326	555
3326	4200
3326	8541
3326	3108
3326	8952
3326	9743
3327	644
3327	8853
3327	9394
3327	1139
3327	8048
3327	8701
3327	2925
3327	4259
3327	7547
3327	3339
3328	1852
3328	8439
3328	2410
3328	5123
3328	4236
3328	1544
3328	8592
3328	6461
3328	6839
3328	3220
3329	4228
3329	1392
3329	5335
3329	3772
3329	6306
3329	9304
3329	4534
3329	1690
3329	2521
3329	5024
3330	3915
3330	7203
3330	999
3330	3806
3330	1458
3330	9383
3330	1857
3330	406
3330	9904
3330	3514
3331	4187
3331	5481
3331	8613
3331	3207
3331	2557
3331	4221
3331	7695
3331	2140
3331	2131
3331	934
3332	5991
3332	9480
3332	2805
3332	5956
3332	2121
3332	4860
3332	4440
3332	8625
3332	1436
3332	2376
3333	8682
3333	6006
3333	8693
3333	7693
3333	1246
3333	8506
3333	3183
3333	5546
3333	1726
3333	8748
3334	6334
3334	4508
3334	384
3334	9311
3334	824
3334	6155
3334	4399
3334	9045
3334	9247
3334	8896
3335	7981
3335	782
3335	8703
3335	5980
3335	4416
3335	8706
3335	9896
3335	5617
3335	7431
3335	3660
3336	6028
3336	9058
3336	6278
3336	718
3336	4778
3336	1492
3336	9124
3336	5674
3336	4929
3336	2812
3337	3831
3337	2047
3337	6008
3337	7031
3337	8316
3337	3764
3337	781
3337	9264
3337	8694
3337	5770
3338	5597
3338	2390
3338	680
3338	654
3338	9046
3338	8180
3338	5230
3338	876
3338	2540
3338	5468
3339	174
3339	9156
3339	8152
3339	8599
3339	5709
3339	7815
3339	5207
3339	9860
3339	7414
3339	3443
3340	8807
3340	4597
3340	501
3340	4719
3340	5410
3340	3205
3340	1908
3340	132
3340	6258
3340	7765
3341	7938
3341	8730
3341	2757
3341	267
3341	6361
3341	7490
3341	9282
3341	1183
3341	3405
3341	4280
3342	5642
3342	4633
3342	7427
3342	4778
3342	8650
3342	6497
3342	1236
3342	9295
3342	9394
3342	4561
3343	9188
3343	9315
3343	9431
3343	4136
3343	7029
3343	4112
3343	9980
3343	3113
3343	9502
3343	1493
3344	703
3344	3091
3344	5954
3344	5458
3344	9049
3344	4815
3344	6173
3344	3725
3344	379
3344	5235
3345	6269
3345	3744
3345	5034
3345	136
3345	7282
3345	7895
3345	5399
3345	8515
3345	9574
3345	4412
3346	6082
3346	8621
3346	7992
3346	9760
3346	8757
3346	8308
3346	1615
3346	7257
3346	7650
3346	3245
3347	7069
3347	1623
3347	8958
3347	4041
3347	4493
3347	6577
3347	6634
3347	6551
3347	8002
3347	6215
3348	5079
3348	1084
3348	817
3348	9933
3348	1359
3348	2621
3348	2048
3348	9454
3348	7602
3348	8038
3349	8800
3349	5439
3349	1675
3349	9771
3349	4789
3349	9452
3349	6140
3349	4411
3349	6787
3349	4393
3350	7261
3350	5224
3350	6546
3350	5206
3350	3097
3350	6983
3350	4409
3350	633
3350	1038
3350	1023
3351	4042
3351	3244
3351	248
3351	3122
3351	1373
3351	5510
3351	1009
3351	2342
3351	7465
3351	3713
3352	8854
3352	8931
3352	4085
3352	8002
3352	680
3352	7925
3352	5170
3352	5801
3352	457
3352	6984
3353	7483
3353	6072
3353	6642
3353	1289
3353	3135
3353	5831
3353	6864
3353	2725
3353	3562
3353	235
3354	5389
3354	1884
3354	8382
3354	2832
3354	6982
3354	39
3354	6747
3354	3815
3354	477
3354	6569
3355	4073
3355	1048
3355	7006
3355	5383
3355	2981
3355	7469
3355	9544
3355	951
3355	3990
3355	6768
3356	8815
3356	7246
3356	69
3356	4410
3356	7630
3356	7237
3356	7278
3356	1789
3356	8830
3356	1483
3357	7724
3357	7649
3357	775
3357	3541
3357	8260
3357	8340
3357	7639
3357	5163
3357	2664
3357	325
3358	740
3358	8994
3358	2730
3358	8195
3358	5282
3358	2473
3358	2215
3358	333
3358	8193
3358	3566
3359	9406
3359	3788
3359	5762
3359	9629
3359	4839
3359	8269
3359	4914
3359	5171
3359	848
3359	2664
3360	9846
3360	2062
3360	440
3360	2554
3360	2232
3360	7077
3360	296
3360	5370
3360	6115
3360	4569
3361	284
3361	628
3361	5173
3361	2878
3361	7702
3361	6479
3361	8159
3361	6087
3361	9262
3361	7025
3362	7910
3362	144
3362	2956
3362	845
3362	3165
3362	7460
3362	8700
3362	2408
3362	1724
3362	2831
3363	1053
3363	3595
3363	6794
3363	3008
3363	2536
3363	826
3363	8211
3363	7455
3363	8406
3363	6662
3364	2662
3364	8631
3364	7671
3364	2051
3364	6041
3364	6983
3364	9733
3364	9815
3364	5537
3364	4187
3365	2527
3365	8887
3365	1478
3365	3310
3365	3312
3365	3760
3365	9887
3365	3000
3365	730
3365	9535
3366	9425
3366	6496
3366	1423
3366	2944
3366	2873
3366	4046
3366	5012
3366	3986
3366	6631
3366	9083
3367	6778
3367	75
3367	5273
3367	6377
3367	888
3367	4288
3367	7299
3367	6436
3367	9275
3367	8504
3368	2060
3368	2454
3368	6943
3368	3023
3368	162
3368	4211
3368	7439
3368	5627
3368	2687
3368	4638
3369	5435
3369	2411
3369	728
3369	8375
3369	7390
3369	9661
3369	8472
3369	4301
3369	9757
3369	3949
3370	935
3370	4626
3370	423
3370	6024
3370	8472
3370	2359
3370	3984
3370	9644
3370	6522
3370	3510
3371	7517
3371	9363
3371	1161
3371	4573
3371	7357
3371	2905
3371	312
3371	379
3371	7249
3371	7695
3372	6661
3372	6141
3372	8400
3372	5547
3372	5212
3372	3925
3372	103
3372	2392
3372	4210
3372	9250
3373	3249
3373	8386
3373	8962
3373	2303
3373	735
3373	3341
3373	3372
3373	3288
3373	999
3373	2653
3374	4750
3374	9201
3374	4752
3374	18
3374	6110
3374	8010
3374	5929
3374	4238
3374	8055
3374	6144
3375	8617
3375	3714
3375	6187
3375	1159
3375	9097
3375	6006
3375	7882
3375	1398
3375	1827
3375	1790
3376	3365
3376	6186
3376	4570
3376	8949
3376	6103
3376	867
3376	825
3376	8123
3376	2671
3376	1588
3377	8024
3377	2851
3377	6061
3377	2487
3377	3511
3377	424
3377	4035
3377	543
3377	8343
3377	8178
3378	9031
3378	4488
3378	408
3378	2392
3378	2686
3378	8889
3378	117
3378	8225
3378	235
3378	572
3379	3999
3379	556
3379	5337
3379	6592
3379	4573
3379	8016
3379	3458
3379	3699
3379	5256
3379	7941
3380	7728
3380	2746
3380	5521
3380	4163
3380	1542
3380	6385
3380	3167
3380	5346
3380	777
3380	7183
3381	6596
3381	1636
3381	8099
3381	8857
3381	8330
3381	1995
3381	3416
3381	8534
3381	7854
3381	6222
3382	9244
3382	427
3382	3830
3382	8377
3382	7525
3382	8165
3382	8801
3382	1298
3382	2918
3382	204
3383	2454
3383	9597
3383	308
3383	8502
3383	785
3383	9914
3383	3144
3383	9846
3383	8024
3383	3613
3384	3432
3384	3492
3384	6402
3384	9665
3384	6302
3384	8259
3384	2033
3384	8772
3384	451
3384	9220
3385	4233
3385	1994
3385	2626
3385	4822
3385	2463
3385	7200
3385	4870
3385	1777
3385	8532
3385	9264
3386	1256
3386	6092
3386	3649
3386	2359
3386	4588
3386	6883
3386	5634
3386	9172
3386	373
3386	5453
3387	4183
3387	7465
3387	4567
3387	3322
3387	5666
3387	7951
3387	4659
3387	8411
3387	2513
3387	8106
3388	9897
3388	827
3388	2740
3388	9809
3388	2985
3388	1424
3388	1947
3388	2790
3388	4777
3388	8357
3389	8837
3389	3459
3389	1580
3389	1597
3389	7648
3389	9042
3389	7002
3389	6701
3389	2043
3389	1298
3390	4944
3390	9534
3390	3781
3390	1405
3390	6841
3390	515
3390	1552
3390	3799
3390	5721
3390	9271
3391	5215
3391	1417
3391	581
3391	4834
3391	1051
3391	430
3391	606
3391	9175
3391	5650
3391	5149
3392	3126
3392	3884
3392	5766
3392	5032
3392	6431
3392	4000
3392	8902
3392	5784
3392	315
3392	3234
3393	5814
3393	1826
3393	6298
3393	4751
3393	674
3393	1204
3393	709
3393	2416
3393	5828
3393	7508
3394	5283
3394	8480
3394	3730
3394	8701
3394	9179
3394	9652
3394	8435
3394	4800
3394	7366
3394	1851
3395	8159
3395	9883
3395	6962
3395	6758
3395	5874
3395	5413
3395	7023
3395	1181
3395	4172
3395	859
3396	1101
3396	3514
3396	9094
3396	8858
3396	9141
3396	1774
3396	7748
3396	9452
3396	4684
3396	8568
3397	9627
3397	3700
3397	8294
3397	6530
3397	8013
3397	2811
3397	1213
3397	7483
3397	1865
3397	6463
3398	7030
3398	873
3398	3218
3398	5328
3398	8460
3398	9717
3398	9504
3398	641
3398	4304
3398	6499
3399	180
3399	295
3399	9135
3399	8076
3399	444
3399	9168
3399	5919
3399	7003
3399	5310
3399	1861
3400	4631
3400	563
3400	6757
3400	5704
3400	4671
3400	603
3400	1079
3400	3343
3400	127
3400	6731
3401	2840
3401	8398
3401	9421
3401	3336
3401	8357
3401	517
3401	5196
3401	878
3401	3585
3401	2166
3402	1783
3402	3943
3402	4032
3402	8650
3402	7811
3402	7252
3402	9633
3402	7964
3402	9674
3402	8668
3403	2826
3403	7397
3403	152
3403	578
3403	4409
3403	5521
3403	7713
3403	7960
3403	3176
3403	9181
3404	1896
3404	4651
3404	9856
3404	8981
3404	1470
3404	2022
3404	161
3404	5332
3404	1409
3404	1857
3405	6951
3405	9492
3405	3101
3405	1502
3405	375
3405	6193
3405	798
3405	7457
3405	746
3405	4795
3406	9340
3406	5604
3406	5650
3406	1603
3406	1853
3406	3857
3406	222
3406	4480
3406	3276
3406	9136
3407	3632
3407	1980
3407	1095
3407	9850
3407	3428
3407	5339
3407	4590
3407	206
3407	6915
3407	725
3408	8635
3408	3617
3408	452
3408	5742
3408	97
3408	4974
3408	8252
3408	4089
3408	8697
3408	5281
3409	2
3409	8427
3409	75
3409	1590
3409	4957
3409	1480
3409	7491
3409	9431
3409	5216
3409	9956
3410	373
3410	6638
3410	3472
3410	3055
3410	3872
3410	697
3410	9911
3410	5882
3410	261
3410	6173
3411	8949
3411	7953
3411	7023
3411	2713
3411	8815
3411	2591
3411	6742
3411	5315
3411	9429
3411	501
3412	5886
3412	8638
3412	6531
3412	2025
3412	5225
3412	8279
3412	5785
3412	9099
3412	970
3412	1402
3413	8522
3413	4752
3413	620
3413	5036
3413	8835
3413	626
3413	2960
3413	783
3413	1171
3413	3277
3414	861
3414	5818
3414	6515
3414	8639
3414	5419
3414	1008
3414	2188
3414	6619
3414	9879
3414	8919
3415	1616
3415	243
3415	5356
3415	3259
3415	8888
3415	6973
3415	2622
3415	9924
3415	8020
3415	2761
3416	6413
3416	8875
3416	7266
3416	4328
3416	6771
3416	9229
3416	6562
3416	3641
3416	5985
3416	5578
3417	308
3417	3593
3417	2903
3417	1593
3417	68
3417	2678
3417	5011
3417	8947
3417	1601
3417	1021
3418	2912
3418	3392
3418	4581
3418	2801
3418	7741
3418	9908
3418	9546
3418	836
3418	8037
3418	4178
3419	4687
3419	4680
3419	2808
3419	5929
3419	5596
3419	6231
3419	2010
3419	3422
3419	3855
3419	6349
3420	7275
3420	6325
3420	6243
3420	9137
3420	1281
3420	4547
3420	7756
3420	4060
3420	6536
3420	6083
3421	7458
3421	9544
3421	4337
3421	7501
3421	6627
3421	3106
3421	321
3421	7911
3421	9824
3421	7642
3422	1230
3422	7672
3422	2386
3422	2599
3422	620
3422	958
3422	1842
3422	2379
3422	3534
3422	9125
3423	4074
3423	4047
3423	6843
3423	2888
3423	1305
3423	5914
3423	5619
3423	2471
3423	8369
3423	79
3424	5546
3424	3802
3424	1460
3424	3037
3424	2015
3424	5479
3424	5069
3424	478
3424	1195
3424	2518
3425	1774
3425	3688
3425	7963
3425	9820
3425	4662
3425	3322
3425	9536
3425	280
3425	4191
3425	1260
3426	6065
3426	1189
3426	7185
3426	9828
3426	5180
3426	3949
3426	9709
3426	8974
3426	9036
3426	6278
3427	7382
3427	2773
3427	6687
3427	6504
3427	3774
3427	8914
3427	3501
3427	3113
3427	8675
3427	8471
3428	734
3428	862
3428	3687
3428	6596
3428	1842
3428	424
3428	9132
3428	7121
3428	4136
3428	5376
3429	4633
3429	5863
3429	3292
3429	9489
3429	7588
3429	5609
3429	4007
3429	7610
3429	2346
3429	223
3430	3606
3430	5480
3430	7329
3430	9896
3430	3322
3430	6838
3430	3169
3430	2558
3430	1537
3430	71
3431	3811
3431	6409
3431	8244
3431	8572
3431	9955
3431	8638
3431	149
3431	9604
3431	6936
3431	3661
3432	7587
3432	6297
3432	184
3432	911
3432	6656
3432	3686
3432	5488
3432	2159
3432	4091
3432	3199
3433	3047
3433	4465
3433	8554
3433	9496
3433	6946
3433	5599
3433	426
3433	3353
3433	461
3433	4301
3434	3156
3434	3247
3434	6012
3434	6029
3434	6178
3434	8007
3434	3732
3434	3566
3434	3816
3434	2910
3435	4733
3435	9134
3435	2423
3435	3893
3435	2566
3435	834
3435	6997
3435	8340
3435	8562
3435	6370
3436	7377
3436	357
3436	2229
3436	945
3436	2060
3436	587
3436	922
3436	9482
3436	7557
3436	474
3437	9615
3437	6912
3437	9929
3437	4812
3437	9680
3437	3741
3437	1164
3437	9787
3437	1910
3437	4401
3438	6579
3438	3789
3438	7131
3438	8871
3438	6060
3438	3739
3438	2362
3438	5918
3438	9343
3438	3680
3439	8567
3439	9046
3439	1451
3439	7399
3439	6482
3439	2734
3439	5614
3439	2261
3439	8409
3439	9966
3440	8912
3440	1488
3440	8147
3440	4665
3440	4787
3440	6891
3440	9504
3440	6181
3440	5398
3440	3990
3441	1418
3441	4690
3441	3279
3441	9667
3441	8104
3441	5207
3441	7283
3441	8310
3441	4344
3441	3228
3442	9119
3442	1352
3442	5321
3442	3291
3442	3794
3442	7253
3442	4516
3442	1494
3442	9491
3442	103
3443	7581
3443	5263
3443	6889
3443	1690
3443	5920
3443	441
3443	328
3443	3160
3443	6764
3443	5454
3444	4675
3444	9842
3444	9565
3444	334
3444	130
3444	7270
3444	1562
3444	9585
3444	8866
3444	6188
3445	7210
3445	4792
3445	889
3445	925
3445	1993
3445	3506
3445	5446
3445	294
3445	5487
3445	4620
3446	2297
3446	8131
3446	1775
3446	9572
3446	2372
3446	7876
3446	1830
3446	7411
3446	8565
3446	702
3447	4620
3447	3289
3447	3449
3447	4244
3447	849
3447	4844
3447	528
3447	7080
3447	9755
3447	3871
3448	3333
3448	664
3448	6495
3448	9606
3448	755
3448	1423
3448	9888
3448	4376
3448	7298
3448	201
3449	2852
3449	6242
3449	2276
3449	5654
3449	4956
3449	1150
3449	7088
3449	7211
3449	1157
3449	3278
3450	1636
3450	2882
3450	6664
3450	6671
3450	3106
3450	691
3450	311
3450	9244
3450	6831
3450	7557
3451	8185
3451	674
3451	7399
3451	6160
3451	8004
3451	8877
3451	1164
3451	2473
3451	5114
3451	1876
3452	863
3452	4666
3452	1015
3452	202
3452	7069
3452	4403
3452	2873
3452	1445
3452	802
3452	8978
3453	6108
3453	1220
3453	885
3453	5029
3453	1039
3453	1074
3453	2563
3453	6878
3453	8340
3453	8686
3454	2050
3454	5004
3454	7142
3454	136
3454	8371
3454	6539
3454	2194
3454	5509
3454	9659
3454	8561
3455	5940
3455	7909
3455	5782
3455	2639
3455	9855
3455	6435
3455	4816
3455	4801
3455	9680
3455	5636
3456	6692
3456	2960
3456	9932
3456	2191
3456	58
3456	7110
3456	7421
3456	6938
3456	9361
3456	3194
3457	1721
3457	6435
3457	3461
3457	8705
3457	5315
3457	8482
3457	8863
3457	2311
3457	6480
3457	7659
3458	6178
3458	4139
3458	8382
3458	5629
3458	1142
3458	6308
3458	3111
3458	9020
3458	6265
3458	2747
3459	9870
3459	9210
3459	4909
3459	8249
3459	9086
3459	2261
3459	356
3459	9301
3459	5618
3459	2495
3460	1663
3460	1205
3460	4488
3460	6536
3460	8098
3460	4762
3460	8499
3460	2150
3460	1577
3460	4253
3461	8002
3461	9911
3461	6036
3461	3198
3461	6991
3461	8397
3461	7932
3461	6595
3461	6043
3461	2268
3462	6754
3462	2715
3462	6004
3462	1425
3462	9377
3462	6440
3462	7855
3462	346
3462	9222
3462	7351
3463	3705
3463	1601
3463	9715
3463	5467
3463	6868
3463	3617
3463	4834
3463	4193
3463	1588
3463	9287
3464	3553
3464	6898
3464	7084
3464	6428
3464	1067
3464	2223
3464	7842
3464	3690
3464	4620
3464	3330
3465	6842
3465	6406
3465	887
3465	4610
3465	8697
3465	6827
3465	9826
3465	156
3465	3070
3465	6199
3466	7780
3466	6761
3466	4712
3466	900
3466	3316
3466	7772
3466	6114
3466	5726
3466	7514
3466	2487
3467	5314
3467	3059
3467	557
3467	2449
3467	74
3467	3255
3467	4341
3467	7555
3467	1544
3467	9988
3468	23
3468	9531
3468	8467
3468	8944
3468	5629
3468	4205
3468	152
3468	4431
3468	8653
3468	9195
3469	5534
3469	5915
3469	9595
3469	1754
3469	8938
3469	1206
3469	2149
3469	9460
3469	4641
3469	4718
3470	5400
3470	9987
3470	4707
3470	7243
3470	4904
3470	2086
3470	7412
3470	6561
3470	364
3470	307
3471	2244
3471	4516
3471	815
3471	5252
3471	3989
3471	4929
3471	1350
3471	887
3471	6967
3471	171
3472	7606
3472	9878
3472	3502
3472	9740
3472	7972
3472	2085
3472	7988
3472	8906
3472	3453
3472	3558
3473	4130
3473	8781
3473	5687
3473	7223
3473	6904
3473	6567
3473	9050
3473	2757
3473	8964
3473	7153
3474	1893
3474	1932
3474	2478
3474	3085
3474	8386
3474	3380
3474	8423
3474	5732
3474	7386
3474	473
3475	4439
3475	790
3475	6829
3475	8701
3475	5571
3475	3723
3475	6496
3475	4341
3475	4130
3475	1452
3476	1613
3476	3619
3476	8162
3476	4607
3476	2256
3476	7346
3476	7026
3476	4288
3476	9264
3476	4415
3477	1613
3477	5518
3477	7021
3477	3487
3477	1717
3477	6006
3477	9757
3477	4355
3477	9608
3477	1408
3478	7122
3478	6856
3478	3078
3478	8093
3478	4312
3478	8767
3478	7363
3478	4863
3478	9313
3478	1444
3479	8812
3479	9008
3479	5955
3479	1479
3479	4566
3479	5907
3479	3674
3479	1030
3479	5575
3479	9056
3480	8305
3480	8074
3480	1215
3480	5216
3480	3138
3480	6039
3480	6277
3480	6471
3480	3829
3480	1637
3481	4064
3481	373
3481	7432
3481	5252
3481	7451
3481	4381
3481	5577
3481	1531
3481	2125
3481	7936
3482	2377
3482	1192
3482	8012
3482	6215
3482	4336
3482	9565
3482	5541
3482	6087
3482	4545
3482	9112
3483	4153
3483	8713
3483	3704
3483	1265
3483	5488
3483	7202
3483	2013
3483	8264
3483	526
3483	3707
3484	8461
3484	8734
3484	1648
3484	4918
3484	3841
3484	1824
3484	6173
3484	5117
3484	3241
3484	692
3485	2325
3485	5889
3485	3205
3485	172
3485	3133
3485	1742
3485	5257
3485	9152
3485	1488
3485	4428
3486	3443
3486	3886
3486	4433
3486	4458
3486	1710
3486	6600
3486	8558
3486	4137
3486	4575
3486	6975
3487	4414
3487	9966
3487	8492
3487	9873
3487	6771
3487	8431
3487	3274
3487	4756
3487	8810
3487	9201
3488	9288
3488	5232
3488	3359
3488	3624
3488	4702
3488	7914
3488	3625
3488	9278
3488	9309
3488	4687
3489	9062
3489	7079
3489	5066
3489	6779
3489	9534
3489	7671
3489	989
3489	185
3489	6201
3489	9746
3490	6829
3490	3159
3490	5439
3490	5936
3490	5933
3490	659
3490	2024
3490	6523
3490	6184
3490	8704
3491	7948
3491	4583
3491	9358
3491	6545
3491	8741
3491	55
3491	6220
3491	9314
3491	3427
3491	9696
3492	3482
3492	955
3492	6942
3492	3516
3492	7546
3492	9823
3492	7984
3492	3216
3492	750
3492	3230
3493	8622
3493	7270
3493	6816
3493	3493
3493	5163
3493	4345
3493	3610
3493	1143
3493	6810
3493	9584
3494	3247
3494	3268
3494	9965
3494	9732
3494	4388
3494	45
3494	6702
3494	7337
3494	9828
3494	8710
3495	7469
3495	7647
3495	5246
3495	4463
3495	1812
3495	6257
3495	9641
3495	1799
3495	5142
3495	4953
3496	8546
3496	2096
3496	6502
3496	8957
3496	2181
3496	7071
3496	4112
3496	901
3496	2719
3496	7068
3497	4621
3497	2908
3497	5696
3497	4164
3497	8112
3497	8243
3497	992
3497	9100
3497	2062
3497	4062
3498	2833
3498	3437
3498	6891
3498	5135
3498	7268
3498	6764
3498	6584
3498	3675
3498	7907
3498	4290
3499	8418
3499	9284
3499	154
3499	7422
3499	9804
3499	69
3499	9921
3499	3242
3499	7805
3499	8382
3500	5023
3500	3625
3500	3350
3500	8780
3500	9394
3500	2500
3500	3510
3500	7442
3500	8880
3500	9042
3501	4645
3501	343
3501	1058
3501	3029
3501	5940
3501	6191
3501	8363
3501	1361
3501	2560
3501	8046
3502	4687
3502	5655
3502	977
3502	6353
3502	3498
3502	2014
3502	9020
3502	4087
3502	5634
3502	4827
3503	50
3503	6133
3503	1798
3503	7311
3503	4893
3503	3346
3503	6799
3503	9822
3503	5690
3503	558
3504	5586
3504	7762
3504	8766
3504	2419
3504	7081
3504	4102
3504	6477
3504	8994
3504	233
3504	2272
3505	9379
3505	6995
3505	5818
3505	9695
3505	8833
3505	4698
3505	4153
3505	7920
3505	3154
3505	6036
3506	1195
3506	1825
3506	2462
3506	4998
3506	6557
3506	7041
3506	7690
3506	421
3506	3831
3506	5865
3507	5669
3507	9843
3507	1935
3507	2767
3507	7728
3507	7278
3507	4268
3507	3422
3507	1028
3507	912
3508	1853
3508	9036
3508	1577
3508	4861
3508	2357
3508	6707
3508	5262
3508	4494
3508	72
3508	8796
3509	2060
3509	6553
3509	8828
3509	5024
3509	4275
3509	3188
3509	682
3509	4813
3509	5220
3509	8615
3510	2846
3510	259
3510	6411
3510	9843
3510	8725
3510	7777
3510	1433
3510	4683
3510	7823
3510	3805
3511	7046
3511	4869
3511	203
3511	1064
3511	1466
3511	3548
3511	5206
3511	6514
3511	5934
3511	3761
3512	9561
3512	7335
3512	6978
3512	6223
3512	1241
3512	2256
3512	6829
3512	6450
3512	9952
3512	8756
3513	8990
3513	6557
3513	9585
3513	742
3513	6066
3513	6079
3513	8983
3513	380
3513	27
3513	8271
3514	4668
3514	7942
3514	716
3514	6521
3514	6454
3514	9331
3514	298
3514	2675
3514	8399
3514	1685
3515	7404
3515	5677
3515	2740
3515	8950
3515	8969
3515	1644
3515	2205
3515	9746
3515	7409
3515	4491
3516	7715
3516	4030
3516	2891
3516	1622
3516	7867
3516	7742
3516	9216
3516	1189
3516	7714
3516	2041
3517	925
3517	7622
3517	1117
3517	5790
3517	6193
3517	7314
3517	630
3517	8976
3517	6789
3517	2996
3518	8005
3518	3541
3518	4956
3518	480
3518	5089
3518	7979
3518	252
3518	9803
3518	2840
3518	7540
3519	6783
3519	5318
3519	3898
3519	4308
3519	4509
3519	8098
3519	6688
3519	1115
3519	7467
3519	9284
3520	6528
3520	6292
3520	6134
3520	954
3520	778
3520	355
3520	5988
3520	3097
3520	7948
3520	1081
3521	2919
3521	6408
3521	8931
3521	608
3521	9584
3521	1745
3521	4032
3521	4631
3521	623
3521	8262
3522	2130
3522	9514
3522	423
3522	2553
3522	1613
3522	3598
3522	5436
3522	257
3522	538
3522	2861
3523	131
3523	9857
3523	2405
3523	7676
3523	1405
3523	8109
3523	3759
3523	985
3523	8106
3523	7644
3524	1042
3524	1517
3524	1847
3524	5903
3524	3505
3524	6597
3524	6171
3524	1025
3524	95
3524	3797
3525	9588
3525	112
3525	25
3525	3223
3525	1468
3525	9478
3525	4949
3525	638
3525	4841
3525	78
3526	2084
3526	1352
3526	7682
3526	8294
3526	2557
3526	6858
3526	8026
3526	6421
3526	6403
3526	9947
3527	2548
3527	8578
3527	4050
3527	1774
3527	676
3527	939
3527	4157
3527	4540
3527	7402
3527	3330
3528	723
3528	2301
3528	7477
3528	9401
3528	9044
3528	9863
3528	154
3528	3362
3528	2607
3528	1102
3529	9871
3529	8861
3529	1518
3529	6693
3529	6052
3529	8385
3529	6720
3529	5504
3529	1320
3529	6537
3530	1307
3530	8478
3530	1433
3530	2361
3530	7789
3530	200
3530	5267
3530	9594
3530	405
3530	4585
3531	5254
3531	3887
3531	629
3531	1017
3531	2671
3531	5609
3531	9309
3531	9732
3531	8982
3531	9315
3532	2115
3532	2927
3532	9627
3532	5335
3532	9015
3532	2627
3532	885
3532	6674
3532	4499
3532	8813
3533	1447
3533	4192
3533	9351
3533	3149
3533	5242
3533	5681
3533	1660
3533	1010
3533	5994
3533	6308
3534	6735
3534	1348
3534	77
3534	7475
3534	1746
3534	5616
3534	6955
3534	6227
3534	395
3534	1957
3535	4516
3535	8498
3535	3376
3535	7544
3535	9000
3535	4281
3535	7151
3535	6059
3535	3978
3535	9249
3536	8815
3536	4091
3536	2700
3536	2683
3536	2990
3536	7117
3536	5674
3536	900
3536	3201
3536	8591
3537	9890
3537	7521
3537	8182
3537	8839
3537	9761
3537	4019
3537	860
3537	9459
3537	534
3537	8289
3538	7818
3538	5352
3538	2011
3538	9632
3538	8254
3538	9714
3538	2873
3538	1419
3538	4974
3538	5418
3539	3913
3539	6157
3539	5479
3539	4574
3539	6944
3539	6745
3539	680
3539	9266
3539	8348
3539	1200
3540	959
3540	5699
3540	1747
3540	8200
3540	8040
3540	9039
3540	2527
3540	9636
3540	9479
3540	3703
3541	260
3541	7443
3541	2056
3541	4427
3541	2010
3541	6822
3541	5706
3541	4257
3541	128
3541	1336
3542	4699
3542	4812
3542	2484
3542	3659
3542	3137
3542	4886
3542	9018
3542	6828
3542	4001
3542	4138
3543	3679
3543	8685
3543	171
3543	4082
3543	8341
3543	5752
3543	5715
3543	3529
3543	6646
3543	1801
3544	9540
3544	3794
3544	2969
3544	5332
3544	9939
3544	2718
3544	2042
3544	262
3544	7434
3544	3534
3545	9561
3545	9919
3545	6033
3545	7952
3545	2340
3545	1067
3545	1545
3545	4935
3545	9625
3545	1393
3546	8926
3546	1192
3546	1327
3546	1777
3546	2011
3546	9589
3546	91
3546	3249
3546	4484
3546	8264
3547	3494
3547	343
3547	3575
3547	3588
3547	6655
3547	2884
3547	3590
3547	3660
3547	3916
3547	2286
3548	6615
3548	2395
3548	395
3548	9826
3548	3849
3548	9424
3548	9996
3548	6881
3548	683
3548	5329
3549	8496
3549	7863
3549	4596
3549	2550
3549	4096
3549	7294
3549	1237
3549	1372
3549	4132
3549	6113
3550	739
3550	9220
3550	7002
3550	7522
3550	8170
3550	8914
3550	8924
3550	4496
3550	6598
3550	2783
3551	8369
3551	8395
3551	4280
3551	687
3551	9366
3551	5533
3551	4613
3551	4328
3551	907
3551	3751
3552	6353
3552	6249
3552	826
3552	4416
3552	1097
3552	597
3552	751
3552	9007
3552	5378
3552	9740
3553	4306
3553	7467
3553	3241
3553	405
3553	4362
3553	1050
3553	6464
3553	7489
3553	1916
3553	6606
3554	5756
3554	1260
3554	9757
3554	6354
3554	3424
3554	8514
3554	2001
3554	828
3554	8683
3554	4180
3555	523
3555	8539
3555	274
3555	6599
3555	2485
3555	9877
3555	2189
3555	2356
3555	6799
3555	6280
3556	6609
3556	9418
3556	3412
3556	7724
3556	7523
3556	3178
3556	1317
3556	7503
3556	5583
3556	2074
3557	8047
3557	5990
3557	3769
3557	5770
3557	7411
3557	2465
3557	5247
3557	2102
3557	9812
3557	5586
3558	7501
3558	6090
3558	8585
3558	4735
3558	7492
3558	7011
3558	4459
3558	703
3558	3581
3558	4520
3559	505
3559	3125
3559	2578
3559	1273
3559	4385
3559	4603
3559	8863
3559	5088
3559	2475
3559	3011
3560	8539
3560	4178
3560	303
3560	2353
3560	9242
3560	5448
3560	9925
3560	843
3560	8306
3560	2227
3561	2685
3561	2949
3561	7105
3561	6501
3561	6327
3561	1794
3561	8179
3561	4074
3561	8614
3561	2474
3562	2267
3562	1938
3562	7126
3562	271
3562	7539
3562	1297
3562	2490
3562	3244
3562	8315
3562	3249
3563	7244
3563	6613
3563	7018
3563	6699
3563	4252
3563	8424
3563	2854
3563	1580
3563	1894
3563	4243
3564	8449
3564	5090
3564	8138
3564	5912
3564	3162
3564	3121
3564	3766
3564	6749
3564	6316
3564	634
3565	2318
3565	3132
3565	2486
3565	130
3565	9633
3565	1923
3565	9750
3565	3073
3565	7112
3565	3871
3566	9910
3566	3762
3566	5831
3566	1126
3566	8875
3566	449
3566	1532
3566	2215
3566	4238
3566	7158
3567	6006
3567	713
3567	5883
3567	6628
3567	6602
3567	4359
3567	9333
3567	3465
3567	9748
3567	7248
3568	5615
3568	831
3568	8902
3568	8565
3568	2366
3568	4337
3568	7954
3568	7668
3568	1131
3568	8977
3569	8056
3569	5745
3569	7405
3569	6444
3569	7289
3569	1879
3569	1070
3569	6007
3569	5495
3569	3541
3570	3468
3570	4038
3570	4806
3570	5153
3570	2433
3570	1168
3570	3354
3570	2628
3570	7550
3570	9537
3571	6191
3571	9901
3571	9355
3571	5838
3571	6293
3571	4042
3571	5130
3571	2184
3571	7660
3571	4067
3572	4375
3572	3225
3572	1733
3572	132
3572	6681
3572	7839
3572	9141
3572	6018
3572	2415
3572	541
3573	8894
3573	39
3573	7965
3573	4325
3573	8662
3573	6570
3573	617
3573	7922
3573	7489
3573	3049
3574	3177
3574	3891
3574	7291
3574	5835
3574	9298
3574	9944
3574	4340
3574	1155
3574	3167
3574	6644
3575	165
3575	7553
3575	3681
3575	7612
3575	1154
3575	2385
3575	2296
3575	66
3575	7592
3575	694
3576	7044
3576	2003
3576	2117
3576	4897
3576	6521
3576	8640
3576	593
3576	6778
3576	1193
3576	8501
3577	2291
3577	8074
3577	5240
3577	1285
3577	9119
3577	6023
3577	9943
3577	6345
3577	7911
3577	4532
3578	7374
3578	542
3578	4213
3578	7825
3578	5021
3578	5349
3578	4277
3578	934
3578	3073
3578	8191
3579	6382
3579	8817
3579	7467
3579	3857
3579	3602
3579	2536
3579	4809
3579	1450
3579	1403
3579	1536
3580	7909
3580	9663
3580	5210
3580	434
3580	4381
3580	2423
3580	682
3580	6042
3580	6418
3580	5378
3581	8464
3581	7608
3581	7342
3581	6417
3581	8950
3581	9124
3581	7581
3581	1506
3581	6812
3581	2826
3582	3206
3582	1685
3582	1803
3582	4353
3582	4047
3582	9333
3582	7094
3582	1861
3582	3886
3582	9457
3583	1699
3583	7740
3583	9249
3583	131
3583	750
3583	4875
3583	6600
3583	1784
3583	4552
3583	3423
3584	6986
3584	3413
3584	730
3584	4083
3584	1524
3584	8646
3584	4429
3584	7782
3584	477
3584	2954
3585	1289
3585	5712
3585	6690
3585	7064
3585	9894
3585	20
3585	6071
3585	3015
3585	5796
3585	7480
3586	3811
3586	5397
3586	8580
3586	2867
3586	1355
3586	6966
3586	7893
3586	9627
3586	9596
3586	5830
3587	3599
3587	7182
3587	1114
3587	1153
3587	8984
3587	7765
3587	2134
3587	3195
3587	9616
3587	5185
3588	7555
3588	7253
3588	7390
3588	994
3588	3928
3588	5092
3588	3850
3588	5268
3588	55
3588	655
3589	7866
3589	7867
3589	719
3589	6053
3589	4488
3589	6841
3589	5535
3589	8847
3589	1431
3589	2051
3590	833
3590	2281
3590	391
3590	9558
3590	7193
3590	1888
3590	1816
3590	7490
3590	3554
3590	5985
3591	664
3591	4079
3591	7608
3591	5178
3591	3306
3591	9935
3591	8897
3591	3092
3591	5817
3591	3583
3592	3551
3592	3703
3592	4273
3592	1752
3592	5116
3592	7630
3592	9520
3592	8235
3592	4562
3592	4885
3593	7275
3593	6193
3593	8355
3593	2526
3593	6188
3593	2882
3593	627
3593	6186
3593	1279
3593	1147
3594	6069
3594	3385
3594	7549
3594	8377
3594	6714
3594	6941
3594	5601
3594	1373
3594	1956
3594	5014
3595	5604
3595	3336
3595	8941
3595	739
3595	9882
3595	3095
3595	3810
3595	3785
3595	7662
3595	5741
3596	8925
3596	1381
3596	9284
3596	9879
3596	9991
3596	1036
3596	3085
3596	810
3596	1357
3596	1164
3597	9752
3597	9540
3597	7309
3597	3010
3597	1558
3597	1375
3597	3531
3597	6427
3597	4698
3597	2853
3598	3925
3598	7345
3598	0
3598	9100
3598	7188
3598	1806
3598	7742
3598	4541
3598	6706
3598	281
3599	4558
3599	1838
3599	5503
3599	5586
3599	8385
3599	2917
3599	4922
3599	4185
3599	1149
3599	9472
3600	6015
3600	5860
3600	8664
3600	1279
3600	8577
3600	4323
3600	5907
3600	5029
3600	4163
3600	7633
3601	2655
3601	7779
3601	5522
3601	4814
3601	1712
3601	1564
3601	6333
3601	9802
3601	1423
3601	8726
3602	8721
3602	4312
3602	9853
3602	5220
3602	2968
3602	1434
3602	7759
3602	2466
3602	5287
3602	5101
3603	1482
3603	9640
3603	4871
3603	9132
3603	764
3603	2728
3603	7079
3603	8459
3603	8005
3603	4452
3604	1482
3604	5586
3604	1941
3604	4041
3604	322
3604	1486
3604	2541
3604	9866
3604	5595
3604	1948
3605	7550
3605	558
3605	2759
3605	3273
3605	2018
3605	6089
3605	8866
3605	968
3605	3982
3605	8686
3606	9368
3606	7543
3606	300
3606	4297
3606	147
3606	9009
3606	5542
3606	2853
3606	652
3606	6686
3607	9569
3607	2193
3607	9361
3607	3670
3607	1866
3607	9177
3607	3426
3607	5947
3607	6147
3607	4003
3608	6005
3608	6680
3608	1808
3608	401
3608	8937
3608	4862
3608	977
3608	261
3608	7029
3608	6385
3609	7692
3609	6504
3609	1150
3609	9392
3609	9180
3609	2812
3609	8780
3609	3791
3609	1659
3609	7766
3610	5023
3610	631
3610	3068
3610	574
3610	2742
3610	9495
3610	2481
3610	282
3610	4920
3610	8378
3611	4317
3611	8519
3611	5866
3611	931
3611	6572
3611	620
3611	22
3611	2839
3611	2416
3611	1701
3612	8673
3612	7847
3612	3437
3612	1369
3612	6567
3612	4102
3612	7397
3612	8134
3612	3918
3612	9021
3613	2490
3613	4940
3613	2980
3613	4601
3613	385
3613	9540
3613	2221
3613	9085
3613	5826
3613	4586
3614	8357
3614	3865
3614	3810
3614	9177
3614	861
3614	2367
3614	1844
3614	2540
3614	4179
3614	5155
3615	863
3615	7547
3615	3005
3615	4929
3615	4043
3615	3544
3615	2588
3615	9816
3615	5273
3615	9
3616	4940
3616	8977
3616	1206
3616	7902
3616	6412
3616	1799
3616	3718
3616	8279
3616	2655
3616	9507
3617	579
3617	1340
3617	3829
3617	2903
3617	4738
3617	6412
3617	2732
3617	2066
3617	5414
3617	2544
3618	8666
3618	9813
3618	8254
3618	9523
3618	1360
3618	7804
3618	4517
3618	2137
3618	6860
3618	1384
3619	4708
3619	4423
3619	9439
3619	8876
3619	3236
3619	2246
3619	952
3619	9763
3619	9416
3619	4001
3620	4691
3620	910
3620	4410
3620	9533
3620	3639
3620	4884
3620	3117
3620	5157
3620	8857
3620	5972
3621	4387
3621	8951
3621	3278
3621	3110
3621	9947
3621	651
3621	4301
3621	3616
3621	500
3621	1834
3622	7942
3622	7487
3622	2795
3622	4722
3622	4568
3622	4181
3622	1842
3622	4828
3622	354
3622	5983
3623	4118
3623	5751
3623	1917
3623	5867
3623	8742
3623	4797
3623	9365
3623	9435
3623	2273
3623	5883
3624	4889
3624	4155
3624	404
3624	9719
3624	3602
3624	4859
3624	9186
3624	5188
3624	4835
3624	3855
3625	2440
3625	3589
3625	5559
3625	8009
3625	4819
3625	8537
3625	8262
3625	6250
3625	1099
3625	7488
3626	7990
3626	5296
3626	6798
3626	4532
3626	9293
3626	4022
3626	2577
3626	4654
3626	3274
3626	2133
3627	2022
3627	378
3627	943
3627	7078
3627	380
3627	2923
3627	3644
3627	5844
3627	5868
3627	5618
3628	4985
3628	8911
3628	3121
3628	3211
3628	590
3628	8974
3628	9696
3628	1151
3628	6924
3628	8311
3629	8609
3629	2250
3629	5099
3629	7414
3629	363
3629	8757
3629	336
3629	7994
3629	8138
3629	8273
3630	9775
3630	5883
3630	9074
3630	4094
3630	7776
3630	1011
3630	2058
3630	3899
3630	499
3630	4830
3631	2163
3631	1200
3631	9450
3631	3488
3631	1255
3631	5014
3631	3084
3631	4058
3631	7761
3631	5693
3632	6326
3632	1605
3632	6305
3632	1017
3632	4566
3632	1430
3632	8261
3632	9834
3632	2834
3632	5508
3633	2229
3633	2400
3633	4427
3633	9486
3633	2539
3633	2693
3633	862
3633	7162
3633	3965
3633	4580
3634	3681
3634	9668
3634	461
3634	9795
3634	3084
3634	6103
3634	5644
3634	3444
3634	5373
3634	3951
3635	7443
3635	5515
3635	1542
3635	4168
3635	9500
3635	8417
3635	7877
3635	6220
3635	4576
3635	3887
3636	2006
3636	6494
3636	4763
3636	3609
3636	9370
3636	4154
3636	7870
3636	8508
3636	9954
3636	1677
3637	7727
3637	4788
3637	925
3637	1130
3637	7147
3637	3471
3637	9419
3637	9797
3637	4151
3637	9327
3638	4397
3638	4029
3638	6183
3638	531
3638	439
3638	2246
3638	1124
3638	597
3638	9848
3638	9529
3639	3247
3639	8472
3639	3408
3639	5807
3639	3300
3639	4548
3639	4184
3639	4783
3639	4329
3639	8969
3640	6045
3640	3235
3640	9575
3640	1244
3640	4409
3640	8382
3640	5091
3640	6772
3640	7769
3640	5241
3641	7233
3641	9716
3641	7220
3641	5800
3641	8524
3641	3453
3641	7197
3641	5611
3641	4793
3641	9959
3642	5356
3642	9342
3642	9864
3642	618
3642	724
3642	4441
3642	172
3642	3203
3642	3258
3642	7607
3643	9558
3643	7242
3643	5907
3643	8559
3643	5846
3643	7942
3643	8001
3643	6017
3643	7801
3643	9792
3644	5820
3644	5960
3644	4143
3644	5380
3644	5152
3644	6501
3644	5465
3644	7032
3644	9903
3644	2655
3645	7095
3645	2792
3645	2885
3645	4383
3645	114
3645	8440
3645	5280
3645	6110
3645	7666
3645	2299
3646	1442
3646	8846
3646	6497
3646	679
3646	5500
3646	8416
3646	6443
3646	7036
3646	825
3646	5151
3647	3441
3647	3937
3647	6935
3647	261
3647	5812
3647	5667
3647	5665
3647	2256
3647	2578
3647	4226
3648	173
3648	9383
3648	5708
3648	9328
3648	5689
3648	4761
3648	4615
3648	4951
3648	5496
3648	5100
3649	1792
3649	1274
3649	9613
3649	7508
3649	6732
3649	9620
3649	395
3649	6623
3649	5465
3649	2583
3650	3183
3650	306
3650	7983
3650	4294
3650	3207
3650	5039
3650	3514
3650	2072
3650	8792
3650	9632
3651	672
3651	2030
3651	1267
3651	7435
3651	9197
3651	9839
3651	5485
3651	2983
3651	6211
3651	795
3652	5988
3652	5350
3652	3409
3652	798
3652	1769
3652	1514
3652	3060
3652	9062
3652	7491
3652	6366
3653	9918
3653	9476
3653	712
3653	9339
3653	8947
3653	1065
3653	4056
3653	1165
3653	8061
3653	4303
3654	5878
3654	2834
3654	8040
3654	9016
3654	2424
3654	8241
3654	585
3654	551
3654	3878
3654	3723
3655	6765
3655	3993
3655	3278
3655	5008
3655	5285
3655	4282
3655	8817
3655	4331
3655	2945
3655	5385
3656	5038
3656	1649
3656	9935
3656	3821
3656	2014
3656	486
3656	437
3656	6962
3656	1615
3656	3854
3657	4305
3657	8711
3657	8459
3657	8700
3657	243
3657	554
3657	7940
3657	4600
3657	3249
3657	1826
3658	2497
3658	7342
3658	5563
3658	1364
3658	986
3658	112
3658	5643
3658	6050
3658	766
3658	3488
3659	7090
3659	9011
3659	6497
3659	8906
3659	485
3659	5905
3659	4954
3659	8855
3659	2687
3659	3578
3660	6758
3660	1737
3660	6417
3660	7931
3660	5319
3660	9257
3660	7744
3660	9949
3660	4438
3660	4036
3661	8526
3661	6534
3661	1409
3661	6479
3661	3184
3661	8764
3661	7072
3661	724
3661	3368
3661	3387
3662	3369
3662	8650
3662	387
3662	2033
3662	715
3662	8989
3662	2861
3662	8898
3662	2806
3662	1114
3663	1377
3663	4454
3663	2017
3663	3862
3663	9742
3663	4351
3663	2681
3663	9021
3663	9473
3663	9625
3664	4028
3664	1783
3664	1987
3664	1242
3664	4307
3664	3909
3664	674
3664	6513
3664	5190
3664	1288
3665	6101
3665	9682
3665	9218
3665	2225
3665	6858
3665	4773
3665	1397
3665	1995
3665	491
3665	9444
3666	6392
3666	4589
3666	2271
3666	5020
3666	9013
3666	2281
3666	8684
3666	8211
3666	4624
3666	2595
3667	6497
3667	8192
3667	3149
3667	8459
3667	2551
3667	5948
3667	5287
3667	3963
3667	2006
3667	6869
3668	9954
3668	1755
3668	2971
3668	9094
3668	2135
3668	4353
3668	7082
3668	8346
3668	9169
3668	3347
3669	6681
3669	3906
3669	1634
3669	3938
3669	8145
3669	7820
3669	5
3669	7188
3669	5777
3669	1655
3670	5541
3670	6479
3670	9253
3670	3826
3670	7701
3670	8191
3670	1652
3670	4957
3670	5161
3670	195
3671	4159
3671	5145
3671	4219
3671	9107
3671	527
3671	4502
3671	9859
3671	5750
3671	9913
3671	7911
3672	916
3672	2993
3672	7982
3672	4471
3672	6293
3672	4364
3672	1500
3672	4329
3672	4205
3672	3808
3673	1121
3673	4609
3673	2460
3673	7816
3673	8330
3673	5490
3673	7496
3673	5815
3673	8031
3673	3131
3674	7673
3674	2778
3674	3690
3674	901
3674	5940
3674	4692
3674	9548
3674	6356
3674	5820
3674	8626
3675	7883
3675	4397
3675	9393
3675	2838
3675	5886
3675	4830
3675	3451
3675	9079
3675	5296
3675	386
3676	1509
3676	7084
3676	9800
3676	154
3676	7637
3676	5485
3676	7429
3676	7103
3676	6756
3676	3329
3677	9395
3677	1009
3677	2129
3677	7001
3677	369
3677	147
3677	4809
3677	9894
3677	3817
3677	4111
3678	2063
3678	3778
3678	7477
3678	2101
3678	9023
3678	1849
3678	2951
3678	4649
3678	2669
3678	2408
3679	3949
3679	4641
3679	4282
3679	2933
3679	825
3679	7422
3679	1484
3679	1802
3679	2669
3679	2934
3680	465
3680	2219
3680	1672
3680	6811
3680	3818
3680	1550
3680	1772
3680	5743
3680	2988
3680	5317
3681	5970
3681	3451
3681	4164
3681	3632
3681	5097
3681	4348
3681	2342
3681	3237
3681	5184
3681	135
3682	6216
3682	8599
3682	8598
3682	7918
3682	2241
3682	260
3682	907
3682	5911
3682	9398
3682	2053
3683	4682
3683	9803
3683	5877
3683	9730
3683	8309
3683	6979
3683	2597
3683	6821
3683	9347
3683	3711
3684	315
3684	3201
3684	7184
3684	3845
3684	6573
3684	1052
3684	581
3684	7191
3684	742
3684	5860
3685	7062
3685	9746
3685	3652
3685	3618
3685	7926
3685	9631
3685	3363
3685	8659
3685	9702
3685	1564
3686	9121
3686	1528
3686	8930
3686	4040
3686	8740
3686	8616
3686	9060
3686	2709
3686	5283
3686	3114
3687	6607
3687	7694
3687	7886
3687	9449
3687	5912
3687	5046
3687	4036
3687	3470
3687	8108
3687	1047
3688	6233
3688	8363
3688	7940
3688	3805
3688	1934
3688	736
3688	272
3688	3803
3688	735
3688	4441
3689	2416
3689	8004
3689	2918
3689	7222
3689	8010
3689	4524
3689	7227
3689	2124
3689	7037
3689	3666
3690	9676
3690	1413
3690	4156
3690	9147
3690	249
3690	3891
3690	938
3690	1021
3690	58
3690	6466
3691	2340
3691	6985
3691	7531
3691	5089
3691	3949
3691	1363
3691	287
3691	1797
3691	5555
3691	6782
3692	7729
3692	6260
3692	1073
3692	7088
3692	1242
3692	88
3692	4675
3692	358
3692	9109
3692	7301
3693	9634
3693	9601
3693	9187
3693	6957
3693	5981
3693	4187
3693	421
3693	9261
3693	4660
3693	3190
3694	9151
3694	4655
3694	3536
3694	8355
3694	6943
3694	9312
3694	2785
3694	3929
3694	7437
3694	8127
3695	6368
3695	1045
3695	2807
3695	2522
3695	4465
3695	7210
3695	3118
3695	2313
3695	9884
3695	1594
3696	5350
3696	2512
3696	5713
3696	6785
3696	638
3696	6158
3696	9451
3696	7185
3696	9404
3696	2398
3697	683
3697	9243
3697	8447
3697	6794
3697	8681
3697	6549
3697	286
3697	1179
3697	8504
3697	5341
3698	8179
3698	9080
3698	508
3698	5996
3698	4738
3698	4823
3698	5735
3698	1410
3698	8538
3698	27
3699	4581
3699	5137
3699	6165
3699	7967
3699	8830
3699	6214
3699	6699
3699	2178
3699	696
3699	6891
3700	8467
3700	682
3700	6871
3700	3685
3700	869
3700	6879
3700	9387
3700	8946
3700	9674
3700	8338
3701	4332
3701	4554
3701	925
3701	5615
3701	3188
3701	260
3701	5527
3701	3944
3701	5823
3701	8879
3702	2843
3702	6824
3702	4004
3702	6033
3702	7440
3702	2548
3702	7268
3702	2723
3702	9002
3702	2124
3703	4871
3703	8118
3703	2087
3703	6505
3703	2384
3703	9734
3703	76
3703	5120
3703	6977
3703	4967
3704	5600
3704	4256
3704	755
3704	5208
3704	2063
3704	3845
3704	8055
3704	5391
3704	7177
3704	7046
3705	4680
3705	3523
3705	6001
3705	4996
3705	8928
3705	8582
3705	5569
3705	8693
3705	2531
3705	1068
3706	6389
3706	6992
3706	264
3706	4037
3706	5424
3706	9097
3706	9019
3706	3672
3706	7406
3706	7708
3707	6912
3707	8538
3707	898
3707	4847
3707	2194
3707	9025
3707	983
3707	5228
3707	4718
3707	2734
3708	6968
3708	4948
3708	6140
3708	4850
3708	5156
3708	5929
3708	8560
3708	5322
3708	7451
3708	4439
3709	7797
3709	9760
3709	4224
3709	8734
3709	2531
3709	7092
3709	5049
3709	3260
3709	3913
3709	7381
3710	1480
3710	6325
3710	3498
3710	5516
3710	4954
3710	9046
3710	8836
3710	6114
3710	9038
3710	411
3711	2839
3711	1253
3711	9087
3711	7974
3711	8205
3711	5687
3711	4669
3711	9480
3711	4803
3711	3556
3712	3161
3712	5475
3712	8683
3712	8640
3712	7638
3712	3009
3712	1308
3712	6200
3712	1389
3712	4511
3713	6521
3713	2492
3713	2465
3713	7001
3713	17
3713	466
3713	7039
3713	770
3713	766
3713	6705
3714	4450
3714	4471
3714	2917
3714	445
3714	2355
3714	5680
3714	7656
3714	2605
3714	4636
3714	2789
3715	6858
3715	6604
3715	1100
3715	5364
3715	3190
3715	7354
3715	5157
3715	5037
3715	9734
3715	2314
3716	4523
3716	5791
3716	8898
3716	989
3716	2347
3716	1158
3716	4660
3716	4625
3716	6955
3716	6680
3717	7991
3717	4319
3717	5665
3717	5801
3717	3603
3717	6464
3717	4904
3717	4720
3717	1245
3717	7400
3718	8568
3718	4056
3718	4789
3718	2073
3718	7058
3718	2258
3718	1708
3718	4974
3718	1826
3718	4543
3719	9199
3719	8571
3719	459
3719	5403
3719	1574
3719	4694
3719	1193
3719	6398
3719	1604
3719	4947
3720	8188
3720	8959
3720	5288
3720	9599
3720	7822
3720	8887
3720	6592
3720	6876
3720	4376
3720	4313
3721	4854
3721	2167
3721	5017
3721	3551
3721	4929
3721	7903
3721	860
3721	938
3721	4030
3721	3294
3722	4654
3722	9368
3722	9079
3722	910
3722	4741
3722	8003
3722	5383
3722	2665
3722	5306
3722	4208
3723	6198
3723	7276
3723	8830
3723	6240
3723	432
3723	6698
3723	440
3723	3442
3723	8610
3723	5993
3724	119
3724	3130
3724	1762
3724	6815
3724	5284
3724	1575
3724	2042
3724	4131
3724	6873
3724	9075
3725	6614
3725	3463
3725	3757
3725	8558
3725	2810
3725	3509
3725	2610
3725	263
3725	9314
3725	7804
3726	7598
3726	5816
3726	9040
3726	4488
3726	8944
3726	6608
3726	8374
3726	8642
3726	8824
3726	2190
3727	1549
3727	5445
3727	6933
3727	6022
3727	5293
3727	8820
3727	2359
3727	6873
3727	542
3727	7625
3728	9442
3728	9593
3728	6799
3728	9923
3728	3262
3728	3100
3728	9264
3728	1613
3728	8064
3728	9726
3729	7555
3729	5361
3729	7126
3729	2678
3729	2994
3729	6238
3729	625
3729	2597
3729	1737
3729	6251
3730	5037
3730	1504
3730	7825
3730	4465
3730	4664
3730	4616
3730	3867
3730	456
3730	9943
3730	4367
3731	195
3731	9353
3731	8468
3731	7410
3731	9242
3731	7271
3731	7553
3731	8094
3731	188
3731	6012
3732	5226
3732	1154
3732	2794
3732	2924
3732	5917
3732	2315
3732	2109
3732	1676
3732	5600
3732	5976
3733	3050
3733	1572
3733	5670
3733	7533
3733	9036
3733	992
3733	4806
3733	7920
3733	4708
3733	1367
3734	6562
3734	4624
3734	8754
3734	8730
3734	2769
3734	3604
3734	7330
3734	6541
3734	5236
3734	5643
3735	4479
3735	7530
3735	7510
3735	3562
3735	2382
3735	6384
3735	2291
3735	5756
3735	840
3735	4456
3736	2067
3736	3618
3736	3082
3736	6604
3736	1465
3736	5444
3736	3021
3736	3624
3736	3776
3736	588
3737	5290
3737	3120
3737	9841
3737	9582
3737	6095
3737	9042
3737	9834
3737	8427
3737	1412
3737	8134
3738	5552
3738	1109
3738	8291
3738	7407
3738	92
3738	6673
3738	5462
3738	3693
3738	6397
3738	5426
3739	6207
3739	9070
3739	9716
3739	7901
3739	9064
3739	2909
3739	335
3739	639
3739	4599
3739	3211
3740	9343
3740	280
3740	9043
3740	5461
3740	239
3740	2518
3740	2627
3740	3926
3740	7760
3740	431
3741	8406
3741	4245
3741	3635
3741	6331
3741	9109
3741	4640
3741	6661
3741	815
3741	3376
3741	738
3742	7703
3742	9009
3742	4857
3742	8314
3742	4277
3742	6399
3742	1048
3742	8792
3742	1775
3742	3429
3743	2167
3743	6114
3743	2289
3743	1437
3743	9136
3743	8625
3743	3424
3743	5569
3743	9666
3743	8288
3744	8194
3744	8640
3744	403
3744	5600
3744	795
3744	5096
3744	6171
3744	240
3744	154
3744	2600
3745	1106
3745	5872
3745	5423
3745	1692
3745	5934
3745	9917
3745	5979
3745	8559
3745	4940
3745	2829
3746	1013
3746	9997
3746	3546
3746	3923
3746	187
3746	9017
3746	7249
3746	8406
3746	150
3746	5953
3747	6181
3747	2610
3747	6443
3747	621
3747	5026
3747	7836
3747	6013
3747	2117
3747	6615
3747	628
3748	8518
3748	6311
3748	487
3748	2274
3748	8889
3748	8091
3748	5079
3748	3834
3748	1407
3748	9344
3749	9746
3749	8271
3749	2460
3749	4238
3749	3949
3749	6970
3749	7085
3749	1728
3749	1837
3749	9500
3750	4804
3750	2138
3750	4294
3750	334
3750	2955
3750	8345
3750	2091
3750	1890
3750	8945
3750	7651
3751	5076
3751	9674
3751	2323
3751	2371
3751	5524
3751	9544
3751	959
3751	3766
3751	3398
3751	4889
3752	8866
3752	1374
3752	4770
3752	6458
3752	9771
3752	2098
3752	6708
3752	7487
3752	9095
3752	1304
3753	2974
3753	7746
3753	2129
3753	6773
3753	4886
3753	4755
3753	4612
3753	9523
3753	2501
3753	1351
3754	3486
3754	8637
3754	9731
3754	5575
3754	8650
3754	9621
3754	1089
3754	1560
3754	6686
3754	5644
3755	4690
3755	4197
3755	8200
3755	8031
3755	4023
3755	6400
3755	2362
3755	9685
3755	788
3755	9132
3756	7583
3756	3400
3756	1565
3756	3574
3756	1529
3756	4824
3756	1176
3756	6313
3756	9974
3756	7147
3757	873
3757	5495
3757	9993
3757	1284
3757	4674
3757	476
3757	7305
3757	7412
3757	1106
3757	910
3758	1727
3758	7332
3758	7194
3758	7619
3758	7468
3758	692
3758	6385
3758	7801
3758	6842
3758	2545
3759	6430
3759	3369
3759	2318
3759	6025
3759	622
3759	7164
3759	7559
3759	2778
3759	5535
3759	9742
3760	9280
3760	236
3760	982
3760	6106
3760	2482
3760	1502
3760	3978
3760	3254
3760	229
3760	1001
3761	8815
3761	807
3761	9768
3761	6010
3761	9985
3761	3147
3761	3948
3761	8067
3761	8168
3761	8536
3762	5187
3762	7610
3762	7275
3762	3762
3762	3470
3762	5479
3762	183
3762	7365
3762	6119
3762	1429
3763	444
3763	3041
3763	5952
3763	8492
3763	2815
3763	1423
3763	4776
3763	4126
3763	3586
3763	3117
3764	4318
3764	6179
3764	9353
3764	4362
3764	3804
3764	5548
3764	8084
3764	3959
3764	9681
3764	3526
3765	5360
3765	4614
3765	2367
3765	2410
3765	482
3765	5326
3765	8717
3765	3771
3765	6728
3765	3946
3766	6377
3766	6219
3766	4607
3766	8312
3766	852
3766	5079
3766	9037
3766	1646
3766	758
3766	9821
3767	4099
3767	3390
3767	577
3767	3716
3767	9064
3767	3477
3767	2124
3767	1884
3767	7401
3767	4062
3768	3702
3768	8640
3768	3622
3768	525
3768	7686
3768	3095
3768	2726
3768	8203
3768	6113
3768	2658
3769	6630
3769	7796
3769	5196
3769	6053
3769	9324
3769	9170
3769	2633
3769	4317
3769	1696
3769	9461
3770	3186
3770	8961
3770	6323
3770	2395
3770	890
3770	5453
3770	5439
3770	8600
3770	8224
3770	8998
3771	5583
3771	9316
3771	6376
3771	7667
3771	8022
3771	8626
3771	2891
3771	1950
3771	4300
3771	2559
3772	3692
3772	5514
3772	5376
3772	3765
3772	5171
3772	2118
3772	1751
3772	1084
3772	7219
3772	4706
3773	1445
3773	6287
3773	6218
3773	6076
3773	6037
3773	3280
3773	8291
3773	5797
3773	6780
3773	3807
3774	3748
3774	1864
3774	8762
3774	57
3774	9338
3774	1098
3774	8996
3774	3111
3774	2166
3774	3961
3775	8481
3775	6491
3775	2526
3775	5275
3775	688
3775	6830
3775	8449
3775	6365
3775	8329
3775	6953
3776	5898
3776	2607
3776	9013
3776	2248
3776	9474
3776	1854
3776	8303
3776	3390
3776	6076
3776	8362
3777	7582
3777	6367
3777	3556
3777	9485
3777	4175
3777	1554
3777	5530
3777	3696
3777	5798
3777	8052
3778	9134
3778	1135
3778	4476
3778	4386
3778	8249
3778	2317
3778	892
3778	1110
3778	8126
3778	3771
3779	7271
3779	1839
3779	8288
3779	4930
3779	1796
3779	8575
3779	2836
3779	4475
3779	5057
3779	4361
3780	9172
3780	3923
3780	9049
3780	7551
3780	6824
3780	8469
3780	6334
3780	473
3780	3888
3780	9857
3781	1930
3781	6091
3781	8610
3781	6763
3781	2230
3781	1935
3781	4290
3781	5052
3781	5033
3781	5961
3782	4229
3782	8417
3782	4501
3782	632
3782	4180
3782	5864
3782	181
3782	8745
3782	9238
3782	5694
3783	9415
3783	2768
3783	4726
3783	5843
3783	6512
3783	3069
3783	2642
3783	8654
3783	5198
3783	4589
3784	597
3784	918
3784	7181
3784	5328
3784	5768
3784	6299
3784	3695
3784	2011
3784	705
3784	4887
3785	6723
3785	4822
3785	9335
3785	8460
3785	115
3785	63
3785	9900
3785	2843
3785	2539
3785	2629
3786	1317
3786	4190
3786	8748
3786	5706
3786	5720
3786	5707
3786	527
3786	2886
3786	7797
3786	7340
3787	7422
3787	2856
3787	6410
3787	5263
3787	7224
3787	8757
3787	2215
3787	4630
3787	8528
3787	6856
3788	9086
3788	4976
3788	2417
3788	2141
3788	4267
3788	8853
3788	9035
3788	7837
3788	2447
3788	1730
3789	6900
3789	2261
3789	1064
3789	3795
3789	9889
3789	1913
3789	358
3789	2546
3789	8545
3789	1300
3790	2803
3790	8829
3790	2857
3790	1193
3790	9175
3790	2297
3790	321
3790	2280
3790	4442
3790	7344
3791	8208
3791	8887
3791	6855
3791	6734
3791	1496
3791	495
3791	8578
3791	6507
3791	9132
3791	9251
3792	4074
3792	1868
3792	5691
3792	2751
3792	296
3792	1190
3792	6376
3792	2287
3792	4416
3792	8777
3793	7417
3793	236
3793	9843
3793	1120
3793	6645
3793	4411
3793	2748
3793	252
3793	4135
3793	9077
3794	1790
3794	6750
3794	2400
3794	4404
3794	1060
3794	4380
3794	6597
3794	2105
3794	9129
3794	847
3795	5265
3795	1738
3795	7996
3795	5892
3795	7037
3795	1223
3795	9380
3795	3219
3795	4762
3795	5479
3796	319
3796	687
3796	2317
3796	6864
3796	5900
3796	1979
3796	581
3796	7088
3796	4507
3796	7717
3797	8751
3797	7835
3797	896
3797	7486
3797	9161
3797	245
3797	7944
3797	1278
3797	8469
3797	3918
3798	9073
3798	9324
3798	2130
3798	3514
3798	4385
3798	2668
3798	2612
3798	5728
3798	1117
3798	9480
3799	1613
3799	2631
3799	5195
3799	4120
3799	6639
3799	3709
3799	1076
3799	8129
3799	6349
3799	7355
3800	2115
3800	3486
3800	6653
3800	1577
3800	916
3800	1308
3800	6396
3800	2942
3800	8929
3800	768
3801	1136
3801	8774
3801	8605
3801	3499
3801	1987
3801	9993
3801	8761
3801	3273
3801	7708
3801	1135
3802	8749
3802	6519
3802	9682
3802	9313
3802	5607
3802	7849
3802	471
3802	8408
3802	6671
3802	3185
3803	3386
3803	9226
3803	2585
3803	2851
3803	4448
3803	1954
3803	3630
3803	373
3803	9138
3803	3836
3804	6266
3804	200
3804	9840
3804	4863
3804	28
3804	9526
3804	9604
3804	4040
3804	107
3804	8861
3805	7946
3805	937
3805	4888
3805	988
3805	7406
3805	5232
3805	9681
3805	4443
3805	5810
3805	5962
3806	7922
3806	4201
3806	5019
3806	3608
3806	9743
3806	3526
3806	1924
3806	8714
3806	9725
3806	3130
3807	2094
3807	3428
3807	135
3807	5243
3807	3169
3807	2938
3807	455
3807	3054
3807	8236
3807	9493
3808	8873
3808	2832
3808	2742
3808	7554
3808	4672
3808	4269
3808	9026
3808	2055
3808	8024
3808	5037
3809	1552
3809	265
3809	9935
3809	919
3809	7298
3809	1632
3809	2576
3809	5344
3809	7887
3809	9651
3810	5563
3810	4864
3810	2232
3810	8124
3810	564
3810	1362
3810	7159
3810	6667
3810	6618
3810	9969
3811	8178
3811	8639
3811	8105
3811	6062
3811	1313
3811	1458
3811	5806
3811	3963
3811	167
3811	4108
3812	9409
3812	4286
3812	1545
3812	1459
3812	5693
3812	665
3812	25
3812	6071
3812	6872
3812	1690
3813	1257
3813	2705
3813	7418
3813	9885
3813	9445
3813	4567
3813	4274
3813	2814
3813	9993
3813	3169
3814	6052
3814	4209
3814	8255
3814	6573
3814	8002
3814	4990
3814	178
3814	8890
3814	4477
3814	1013
3815	685
3815	5372
3815	7007
3815	7881
3815	9029
3815	2828
3815	5906
3815	7233
3815	6557
3815	2943
3816	9527
3816	1530
3816	8523
3816	1967
3816	1007
3816	6342
3816	4140
3816	3573
3816	9261
3816	4463
3817	8596
3817	6724
3817	9863
3817	8886
3817	3422
3817	1982
3817	8082
3817	1313
3817	6352
3817	879
3818	7444
3818	3519
3818	4465
3818	4614
3818	2140
3818	7597
3818	7507
3818	477
3818	7387
3818	1932
3819	292
3819	6644
3819	8997
3819	3441
3819	6921
3819	5398
3819	9633
3819	9071
3819	4896
3819	8372
3820	560
3820	279
3820	7047
3820	5875
3820	5184
3820	286
3820	5570
3820	2154
3820	199
3820	470
3821	1951
3821	112
3821	5857
3821	4916
3821	242
3821	4592
3821	9696
3821	3625
3821	8264
3821	3686
3822	7377
3822	4758
3822	7437
3822	5785
3822	3593
3822	2905
3822	4225
3822	2881
3822	2656
3822	8534
3823	814
3823	8825
3823	9166
3823	6288
3823	35
3823	2445
3823	5714
3823	6576
3823	2101
3823	8776
3824	6103
3824	3083
3824	5433
3824	2406
3824	9899
3824	615
3824	3812
3824	7041
3824	5331
3824	5733
3825	6856
3825	9459
3825	6641
3825	6452
3825	9912
3825	2073
3825	8226
3825	7574
3825	540
3825	6006
3826	7352
3826	9250
3826	9574
3826	4251
3826	6154
3826	5627
3826	2471
3826	632
3826	6356
3826	7768
3827	6364
3827	2675
3827	2595
3827	4556
3827	3926
3827	2060
3827	2916
3827	8130
3827	6407
3827	1079
3828	7391
3828	4995
3828	2260
3828	1446
3828	4865
3828	9343
3828	8118
3828	7076
3828	6641
3828	6752
3829	3111
3829	2143
3829	736
3829	4502
3829	9198
3829	6291
3829	2811
3829	940
3829	6426
3829	3516
3830	3681
3830	6263
3830	9048
3830	1151
3830	9593
3830	1444
3830	6046
3830	7509
3830	3500
3830	6488
3831	7307
3831	4403
3831	880
3831	8334
3831	8510
3831	5882
3831	7359
3831	2300
3831	1119
3831	5143
3832	2271
3832	4191
3832	6563
3832	5062
3832	1667
3832	3038
3832	4185
3832	2083
3832	7822
3832	7405
3833	618
3833	5786
3833	8056
3833	1171
3833	8431
3833	5564
3833	4368
3833	8911
3833	4101
3833	5800
3834	7568
3834	4166
3834	935
3834	3204
3834	1368
3834	7707
3834	3939
3834	711
3834	2727
3834	9977
3835	1475
3835	5030
3835	9945
3835	4202
3835	3271
3835	3443
3835	725
3835	8716
3835	2277
3835	1085
3836	7007
3836	7759
3836	8863
3836	8048
3836	8042
3836	9869
3836	6624
3836	6197
3836	2723
3836	5153
3837	5331
3837	212
3837	4880
3837	2915
3837	9230
3837	3566
3837	4568
3837	8463
3837	1600
3837	571
3838	8040
3838	8006
3838	9377
3838	8364
3838	6922
3838	1660
3838	7991
3838	4935
3838	4192
3838	5779
3839	3829
3839	7960
3839	5698
3839	2618
3839	2231
3839	3036
3839	1681
3839	9454
3839	5685
3839	7377
3840	6770
3840	5137
3840	4540
3840	2145
3840	5955
3840	9716
3840	5103
3840	5011
3840	9391
3840	8891
3841	850
3841	833
3841	392
3841	8805
3841	4408
3841	5671
3841	2132
3841	5074
3841	1694
3841	4759
3842	4854
3842	3689
3842	6720
3842	8135
3842	2369
3842	5631
3842	1629
3842	9529
3842	6412
3842	4483
3843	3680
3843	712
3843	9344
3843	7943
3843	88
3843	4942
3843	7621
3843	4759
3843	897
3843	1053
3844	4675
3844	2452
3844	8381
3844	1333
3844	5832
3844	4912
3844	2626
3844	7895
3844	1318
3844	7434
3845	4544
3845	1713
3845	7709
3845	1577
3845	8195
3845	9347
3845	341
3845	3726
3845	7616
3845	3189
3846	2133
3846	2166
3846	3615
3846	8250
3846	4890
3846	1640
3846	8840
3846	618
3846	5879
3846	4170
3847	3102
3847	7532
3847	2878
3847	8405
3847	1295
3847	3244
3847	239
3847	9688
3847	8147
3847	707
3848	4802
3848	8005
3848	7518
3848	2400
3848	9828
3848	3190
3848	1525
3848	8002
3848	6688
3848	4378
3849	5529
3849	6065
3849	4570
3849	4322
3849	8290
3849	5043
3849	1204
3849	5503
3849	3385
3849	4058
3850	5962
3850	3402
3850	1018
3850	1523
3850	6378
3850	7580
3850	3411
3850	4266
3850	4882
3850	5599
3851	9889
3851	5386
3851	2401
3851	5090
3851	3127
3851	4787
3851	910
3851	5366
3851	9672
3851	3566
3852	300
3852	1380
3852	4818
3852	6599
3852	2213
3852	1954
3852	9242
3852	2230
3852	5401
3852	1784
3853	9916
3853	517
3853	2855
3853	1405
3853	4001
3853	3094
3853	1367
3853	6017
3853	5009
3853	5085
3854	4853
3854	8816
3854	9901
3854	6358
3854	2320
3854	5294
3854	5957
3854	1081
3854	6623
3854	5402
3855	9949
3855	829
3855	8114
3855	1060
3855	6930
3855	1527
3855	8557
3855	1237
3855	3480
3855	8039
3856	9481
3856	1341
3856	2738
3856	1380
3856	6968
3856	6107
3856	9431
3856	6871
3856	269
3856	713
3857	2903
3857	6518
3857	6982
3857	3093
3857	5643
3857	8931
3857	898
3857	8394
3857	1248
3857	6786
3858	1984
3858	8641
3858	1291
3858	3066
3858	4216
3858	1998
3858	5962
3858	7391
3858	6286
3858	9283
3859	7454
3859	5850
3859	5728
3859	2324
3859	8940
3859	8193
3859	2106
3859	4371
3859	8933
3859	5675
3860	3890
3860	2028
3860	8687
3860	8697
3860	1573
3860	7242
3860	2066
3860	183
3860	8884
3860	3665
3861	6182
3861	5076
3861	9468
3861	4862
3861	4934
3861	7775
3861	6205
3861	6623
3861	4898
3861	7479
3862	1357
3862	2622
3862	4902
3862	6900
3862	4057
3862	9590
3862	1728
3862	3323
3862	3266
3862	5615
3863	2162
3863	2065
3863	968
3863	3987
3863	7627
3863	5799
3863	8738
3863	838
3863	5298
3863	1966
3864	7425
3864	9827
3864	9802
3864	3134
3864	1858
3864	9469
3864	3190
3864	1395
3864	5348
3864	8970
3865	7739
3865	4004
3865	6882
3865	1652
3865	2879
3865	9421
3865	9381
3865	8194
3865	2627
3865	1143
3866	4094
3866	8654
3866	6185
3866	9542
3866	2095
3866	8641
3866	7353
3866	3811
3866	5825
3866	6506
3867	2349
3867	6265
3867	2557
3867	6983
3867	5562
3867	5120
3867	9585
3867	1135
3867	3941
3867	4400
3868	8253
3868	8691
3868	5222
3868	535
3868	4924
3868	4478
3868	839
3868	5711
3868	9948
3868	2136
3869	8177
3869	3380
3869	1665
3869	4828
3869	191
3869	1901
3869	6485
3869	9358
3869	8158
3869	264
3870	133
3870	5072
3870	8770
3870	7956
3870	6363
3870	2933
3870	1531
3870	3946
3870	5074
3870	7561
3871	8448
3871	7770
3871	8806
3871	7194
3871	4215
3871	1512
3871	1519
3871	3303
3871	2087
3871	9908
3872	6858
3872	4558
3872	5696
3872	6330
3872	795
3872	7339
3872	8627
3872	2132
3872	808
3872	9738
3873	3806
3873	9683
3873	7235
3873	974
3873	5612
3873	3063
3873	5738
3873	6805
3873	5507
3873	8124
3874	7296
3874	8155
3874	3784
3874	798
3874	5760
3874	4449
3874	1668
3874	8436
3874	1366
3874	8472
3875	2381
3875	6348
3875	1688
3875	634
3875	1497
3875	6551
3875	5898
3875	1865
3875	8983
3875	9785
3876	8372
3876	6191
3876	5654
3876	5342
3876	1283
3876	5161
3876	1441
3876	3892
3876	4313
3876	434
3877	1839
3877	8115
3877	9073
3877	5048
3877	6497
3877	2472
3877	6685
3877	7701
3877	2034
3877	5017
3878	1221
3878	1856
3878	8193
3878	812
3878	5871
3878	1944
3878	3104
3878	8163
3878	8038
3878	3072
3879	425
3879	5525
3879	1733
3879	3854
3879	3955
3879	1796
3879	5430
3879	6711
3879	507
3879	6240
3880	6935
3880	4175
3880	882
3880	7990
3880	4172
3880	6392
3880	8058
3880	6220
3880	531
3880	2491
3881	5147
3881	2088
3881	2551
3881	2896
3881	75
3881	7147
3881	1989
3881	5401
3881	8723
3881	3159
3882	7446
3882	7453
3882	5949
3882	8266
3882	3687
3882	1377
3882	8184
3882	3290
3882	5107
3882	3215
3883	9136
3883	5156
3883	1065
3883	6458
3883	984
3883	2504
3883	8682
3883	8621
3883	1142
3883	4768
3884	8744
3884	6373
3884	1288
3884	6526
3884	6183
3884	433
3884	2743
3884	9560
3884	4001
3884	3107
3885	4682
3885	9153
3885	3852
3885	4485
3885	6416
3885	487
3885	1744
3885	8971
3885	2588
3885	9636
3886	8851
3886	2855
3886	7285
3886	2660
3886	275
3886	6089
3886	4662
3886	1008
3886	7523
3886	9061
3887	3416
3887	6753
3887	6802
3887	7250
3887	416
3887	54
3887	6231
3887	2534
3887	1433
3887	5587
3888	4526
3888	6177
3888	5297
3888	2297
3888	8228
3888	7342
3888	7623
3888	3898
3888	3670
3888	4499
3889	4041
3889	3820
3889	1794
3889	5397
3889	7200
3889	2016
3889	5703
3889	3087
3889	2528
3889	6149
3890	4198
3890	3127
3890	4980
3890	898
3890	5166
3890	4181
3890	1857
3890	6109
3890	9697
3890	2348
3891	3801
3891	7612
3891	3066
3891	8859
3891	309
3891	1087
3891	9989
3891	320
3891	1619
3891	4035
3892	4758
3892	976
3892	9397
3892	1935
3892	5648
3892	9867
3892	9896
3892	5710
3892	1406
3892	6027
3893	7847
3893	3470
3893	5750
3893	451
3893	8401
3893	212
3893	1586
3893	6372
3893	4157
3893	6691
3894	9617
3894	2746
3894	9241
3894	6078
3894	4339
3894	1604
3894	7065
3894	6542
3894	1150
3894	3921
3895	9528
3895	1285
3895	2071
3895	5881
3895	1359
3895	5378
3895	6614
3895	5905
3895	1858
3895	9212
3896	1021
3896	7140
3896	9337
3896	7274
3896	6639
3896	7247
3896	6702
3896	5025
3896	2268
3896	5741
3897	5635
3897	2676
3897	9424
3897	2770
3897	3515
3897	3115
3897	3762
3897	5829
3897	8920
3897	9841
3898	3490
3898	8995
3898	7612
3898	7414
3898	9331
3898	7493
3898	9909
3898	758
3898	1976
3898	8383
3899	4473
3899	3480
3899	5969
3899	9971
3899	3550
3899	1409
3899	9455
3899	4588
3899	3393
3899	7488
3900	8340
3900	6333
3900	8991
3900	340
3900	2303
3900	8544
3900	9361
3900	9503
3900	9243
3900	2583
3901	8889
3901	1824
3901	3955
3901	3345
3901	3747
3901	8162
3901	239
3901	1331
3901	8209
3901	3498
3902	5990
3902	1112
3902	1753
3902	9637
3902	5365
3902	1312
3902	2491
3902	812
3902	8638
3902	6140
3903	4815
3903	3155
3903	714
3903	5008
3903	6246
3903	3362
3903	513
3903	6147
3903	5980
3903	4155
3904	696
3904	5132
3904	5623
3904	6492
3904	1559
3904	3188
3904	6652
3904	6186
3904	511
3904	6471
3905	4962
3905	9439
3905	2195
3905	8656
3905	6079
3905	6974
3905	1053
3905	5121
3905	9064
3905	2831
3906	1449
3906	1820
3906	4397
3906	352
3906	6899
3906	4084
3906	1416
3906	1565
3906	3793
3906	9421
3907	5593
3907	240
3907	6277
3907	7884
3907	7919
3907	7201
3907	8191
3907	5605
3907	703
3907	6654
3908	5992
3908	2072
3908	2408
3908	1765
3908	690
3908	8342
3908	6622
3908	2363
3908	4875
3908	6224
3909	6661
3909	1120
3909	512
3909	4868
3909	1039
3909	8371
3909	2241
3909	2551
3909	7482
3909	1718
3910	5137
3910	1427
3910	6426
3910	8951
3910	4885
3910	5724
3910	9176
3910	2859
3910	831
3910	7443
3911	2627
3911	7334
3911	1555
3911	3545
3911	9544
3911	3076
3911	6246
3911	2249
3911	4500
3911	9914
3912	3748
3912	9511
3912	9557
3912	7270
3912	6225
3912	1098
3912	2827
3912	5206
3912	2141
3912	1040
3913	8146
3913	3267
3913	1535
3913	9716
3913	459
3913	8981
3913	3074
3913	8698
3913	9529
3913	974
3914	6337
3914	235
3914	5355
3914	9573
3914	9011
3914	8903
3914	4182
3914	7227
3914	8644
3914	9282
3915	1648
3915	6384
3915	6737
3915	1030
3915	1178
3915	1853
3915	1032
3915	732
3915	6983
3915	1411
3916	5091
3916	8429
3916	1545
3916	7173
3916	3881
3916	6791
3916	4069
3916	4437
3916	116
3916	5567
3917	1715
3917	3433
3917	6829
3917	3230
3917	844
3917	9379
3917	4334
3917	5401
3917	9559
3917	5765
3918	9734
3918	3066
3918	6398
3918	1951
3918	8143
3918	4443
3918	1659
3918	4982
3918	9362
3918	6487
3919	2010
3919	1246
3919	1372
3919	1343
3919	1184
3919	1331
3919	93
3919	7314
3919	6696
3919	5229
3920	8274
3920	8034
3920	5142
3920	2483
3920	9248
3920	2883
3920	9290
3920	9306
3920	3327
3920	690
3921	2950
3921	6229
3921	9377
3921	5691
3921	803
3921	7659
3921	6960
3921	6462
3921	2972
3921	7327
3922	3514
3922	2012
3922	5358
3922	2472
3922	9733
3922	8596
3922	3509
3922	8450
3922	54
3922	3502
3923	6704
3923	9956
3923	8156
3923	9553
3923	2900
3923	3038
3923	4936
3923	2143
3923	9018
3923	5596
3924	2348
3924	6602
3924	6585
3924	5414
3924	7811
3924	3385
3924	8857
3924	4984
3924	2859
3924	2890
3925	3630
3925	6390
3925	4880
3925	7256
3925	5605
3925	4508
3925	1573
3925	9012
3925	4249
3925	6437
3926	4756
3926	6465
3926	3039
3926	8183
3926	3887
3926	9745
3926	2424
3926	6289
3926	1262
3926	8701
3927	595
3927	8259
3927	2055
3927	889
3927	5303
3927	8679
3927	5486
3927	8138
3927	6458
3927	9190
3928	3302
3928	9517
3928	3044
3928	8990
3928	9338
3928	674
3928	8558
3928	9170
3928	3582
3928	6335
3929	2102
3929	8745
3929	3700
3929	9387
3929	8500
3929	5343
3929	931
3929	5470
3929	7518
3929	9143
3930	5322
3930	8913
3930	8082
3930	5980
3930	612
3930	2687
3930	4372
3930	1830
3930	3104
3930	4978
3931	741
3931	14
3931	3704
3931	547
3931	3953
3931	7127
3931	6093
3931	7412
3931	7652
3931	7231
3932	2145
3932	5368
3932	8049
3932	2991
3932	8020
3932	869
3932	7711
3932	7898
3932	8125
3932	2110
3933	490
3933	9282
3933	8020
3933	6592
3933	4741
3933	3124
3933	5044
3933	6383
3933	3806
3933	881
3934	2902
3934	3643
3934	2673
3934	1366
3934	6528
3934	6897
3934	7984
3934	2417
3934	6362
3934	4683
3935	8483
3935	6097
3935	5363
3935	7087
3935	8925
3935	890
3935	2079
3935	8244
3935	5730
3935	6098
3936	1051
3936	6680
3936	1399
3936	5221
3936	2797
3936	5089
3936	2836
3936	7680
3936	920
3936	8584
3937	3582
3937	6011
3937	6334
3937	5345
3937	5310
3937	6846
3937	4994
3937	8792
3937	5537
3937	486
3938	8449
3938	7323
3938	5098
3938	6180
3938	6000
3938	2775
3938	8669
3938	7992
3938	1988
3938	8056
3939	1203
3939	2294
3939	751
3939	433
3939	3180
3939	7255
3939	8995
3939	1867
3939	9870
3939	3440
3940	8111
3940	901
3940	6196
3940	7041
3940	6044
3940	7686
3940	3123
3940	479
3940	1326
3940	8929
3941	5684
3941	5350
3941	8321
3941	2003
3941	9896
3941	3907
3941	1319
3941	8410
3941	8379
3941	9197
3942	7035
3942	4919
3942	6377
3942	219
3942	3877
3942	3259
3942	1031
3942	2529
3942	6847
3942	7674
3943	1059
3943	8367
3943	1652
3943	9743
3943	6033
3943	7032
3943	8939
3943	4468
3943	2302
3943	5671
3944	7813
3944	2637
3944	6702
3944	9845
3944	4342
3944	7591
3944	2742
3944	523
3944	5724
3944	8125
3945	7305
3945	5362
3945	5155
3945	8352
3945	2201
3945	9315
3945	4107
3945	3098
3945	4484
3945	2807
3946	7305
3946	6810
3946	3681
3946	8714
3946	8902
3946	801
3946	8101
3946	2001
3946	7634
3946	9579
3947	1680
3947	7406
3947	8349
3947	5769
3947	3361
3947	1768
3947	6555
3947	150
3947	3660
3947	6057
3948	4618
3948	6790
3948	3355
3948	5803
3948	7655
3948	2296
3948	5819
3948	7611
3948	7668
3948	5406
3949	1746
3949	4768
3949	3965
3949	5937
3949	6271
3949	6830
3949	8334
3949	9777
3949	7361
3949	6966
3950	469
3950	3852
3950	9464
3950	7251
3950	4335
3950	9645
3950	9717
3950	3084
3950	1714
3950	983
3951	8953
3951	8849
3951	2223
3951	1698
3951	5374
3951	9387
3951	6918
3951	2250
3951	9524
3951	592
3952	1112
3952	2253
3952	5665
3952	8661
3952	8594
3952	393
3952	6315
3952	527
3952	4051
3952	8162
3953	8254
3953	7950
3953	2845
3953	1492
3953	6308
3953	928
3953	6494
3953	4998
3953	6203
3953	3444
3954	8726
3954	3323
3954	603
3954	4402
3954	1573
3954	1102
3954	1347
3954	505
3954	9787
3954	2402
3955	2733
3955	8808
3955	7662
3955	7730
3955	1898
3955	488
3955	4993
3955	8956
3955	2893
3955	9111
3956	5687
3956	5322
3956	2454
3956	9426
3956	4140
3956	8870
3956	5906
3956	8844
3956	8037
3956	5878
3957	1889
3957	9155
3957	594
3957	1714
3957	6968
3957	8990
3957	5819
3957	3726
3957	8207
3957	4507
3958	7052
3958	8707
3958	7200
3958	4473
3958	1887
3958	7592
3958	8250
3958	1709
3958	2653
3958	3643
3959	8050
3959	7278
3959	2272
3959	3899
3959	9287
3959	5628
3959	9513
3959	5165
3959	2668
3959	4292
3960	9547
3960	4044
3960	6238
3960	1614
3960	4879
3960	5864
3960	4917
3960	3765
3960	1832
3960	4932
3961	4988
3961	2359
3961	2454
3961	126
3961	816
3961	4897
3961	8188
3961	2418
3961	5048
3961	4620
3962	5396
3962	8650
3962	1919
3962	53
3962	1521
3962	1344
3962	4161
3962	6803
3962	3898
3962	2284
3963	6038
3963	2654
3963	3359
3963	4744
3963	6181
3963	476
3963	370
3963	8381
3963	3824
3963	9022
3964	4761
3964	230
3964	1162
3964	2500
3964	8665
3964	4666
3964	8121
3964	6133
3964	680
3964	6842
3965	2724
3965	9390
3965	5660
3965	4721
3965	4907
3965	2763
3965	8624
3965	1584
3965	334
3965	8777
3966	5996
3966	7587
3966	4695
3966	9623
3966	2392
3966	2683
3966	4214
3966	5506
3966	3103
3966	8581
3967	6032
3967	6152
3967	886
3967	8682
3967	7851
3967	950
3967	3492
3967	5484
3967	9186
3967	9990
3968	8761
3968	9855
3968	9841
3968	6579
3968	3395
3968	9016
3968	2729
3968	360
3968	1931
3968	2919
3969	2894
3969	8007
3969	8838
3969	4451
3969	5499
3969	6962
3969	6246
3969	7078
3969	6652
3969	1580
3970	6101
3970	5237
3970	9704
3970	6491
3970	5609
3970	7387
3970	8703
3970	6141
3970	1177
3970	458
3971	8917
3971	8815
3971	833
3971	7516
3971	5607
3971	5558
3971	4527
3971	5942
3971	7607
3971	2321
3972	6682
3972	6007
3972	5532
3972	6208
3972	8730
3972	1589
3972	7855
3972	4502
3972	5598
3972	4368
3973	7705
3973	4832
3973	6074
3973	8142
3973	3367
3973	6363
3973	4178
3973	5896
3973	6273
3973	3242
3974	4139
3974	5824
3974	4057
3974	2558
3974	6578
3974	7005
3974	1166
3974	1438
3974	9059
3974	7944
3975	1090
3975	449
3975	2327
3975	4461
3975	7834
3975	1468
3975	9056
3975	9110
3975	8373
3975	6588
3976	4093
3976	8478
3976	3072
3976	487
3976	629
3976	6484
3976	5571
3976	8769
3976	6728
3976	2422
3977	4556
3977	2912
3977	7146
3977	1894
3977	6968
3977	2084
3977	3672
3977	5455
3977	2942
3977	6550
3978	5213
3978	8007
3978	2464
3978	419
3978	1410
3978	682
3978	5044
3978	7812
3978	331
3978	4706
3979	5330
3979	6446
3979	7573
3979	5527
3979	717
3979	6517
3979	9959
3979	7012
3979	4719
3979	7608
3980	4121
3980	7278
3980	1033
3980	227
3980	6865
3980	4089
3980	7934
3980	6079
3980	2981
3980	5616
3981	1475
3981	2620
3981	9571
3981	2083
3981	7427
3981	7639
3981	320
3981	6965
3981	8023
3981	4256
3982	4783
3982	598
3982	8893
3982	9901
3982	2703
3982	8964
3982	3763
3982	3073
3982	3813
3982	2238
3983	5562
3983	2899
3983	1444
3983	3846
3983	9262
3983	436
3983	6136
3983	2803
3983	3143
3983	3207
3984	778
3984	3257
3984	3825
3984	741
3984	3485
3984	6299
3984	9326
3984	463
3984	3336
3984	2697
3985	746
3985	3991
3985	2286
3985	9519
3985	9345
3985	713
3985	3525
3985	1169
3985	5075
3985	8568
3986	4760
3986	5191
3986	3981
3986	5472
3986	3925
3986	8631
3986	431
3986	3722
3986	6574
3986	1148
3987	2899
3987	872
3987	1238
3987	932
3987	2968
3987	8127
3987	4566
3987	6947
3987	2574
3987	6995
3988	9706
3988	8466
3988	9036
3988	2344
3988	7037
3988	1035
3988	3808
3988	3338
3988	3166
3988	905
3989	2909
3989	5811
3989	1572
3989	7614
3989	497
3989	4368
3989	9676
3989	1447
3989	5446
3989	2147
3990	5106
3990	713
3990	1860
3990	2249
3990	6854
3990	7909
3990	6346
3990	4803
3990	1584
3990	500
3991	7633
3991	112
3991	3822
3991	6907
3991	6666
3991	3393
3991	5844
3991	9348
3991	2604
3991	8781
3992	7751
3992	477
3992	3924
3992	9133
3992	8424
3992	9003
3992	3120
3992	684
3992	1814
3992	4844
3993	7468
3993	1478
3993	5627
3993	8157
3993	4523
3993	9139
3993	6596
3993	6461
3993	909
3993	4989
3994	3677
3994	8207
3994	4608
3994	7324
3994	2498
3994	5371
3994	3673
3994	7949
3994	6406
3994	5491
3995	501
3995	9480
3995	6940
3995	192
3995	3578
3995	508
3995	2007
3995	6706
3995	7384
3995	9110
3996	3643
3996	8703
3996	8976
3996	1022
3996	5578
3996	330
3996	3788
3996	7098
3996	696
3996	734
3997	5962
3997	7262
3997	7373
3997	3683
3997	7609
3997	5520
3997	1619
3997	2823
3997	7338
3997	8733
3998	4519
3998	6714
3998	119
3998	5095
3998	1578
3998	1452
3998	870
3998	4048
3998	4178
3998	3647
3999	5126
3999	6746
3999	7772
3999	1016
3999	9466
3999	3399
3999	696
3999	1199
3999	6119
3999	4603
4000	9933
4000	1504
4000	9336
4000	4287
4000	5681
4000	9440
4000	4850
4000	6523
4000	9421
4000	2462
4001	4868
4001	7903
4001	9341
4001	7039
4001	7264
4001	5307
4001	1607
4001	5527
4001	5115
4001	9793
4002	527
4002	7961
4002	1841
4002	2977
4002	3898
4002	1029
4002	8409
4002	6011
4002	465
4002	5302
4003	5614
4003	5886
4003	9217
4003	2642
4003	4349
4003	6547
4003	4118
4003	1891
4003	451
4003	1087
4004	5830
4004	7212
4004	420
4004	8239
4004	8326
4004	9293
4004	7455
4004	1547
4004	1804
4004	4478
4005	7282
4005	5653
4005	2440
4005	2679
4005	3957
4005	8735
4005	9723
4005	2248
4005	5379
4005	4324
4006	1239
4006	7383
4006	7504
4006	4169
4006	2230
4006	812
4006	6760
4006	1578
4006	5766
4006	3436
4007	6566
4007	9520
4007	1191
4007	171
4007	6814
4007	1594
4007	7382
4007	2346
4007	9379
4007	9801
4008	8290
4008	2931
4008	3625
4008	534
4008	5787
4008	7017
4008	698
4008	4533
4008	4710
4008	4458
4009	9082
4009	6464
4009	3288
4009	853
4009	7192
4009	7520
4009	3864
4009	4555
4009	7026
4009	7920
4010	4890
4010	7026
4010	6579
4010	8600
4010	6763
4010	5853
4010	7785
4010	9400
4010	7583
4010	340
4011	9425
4011	8765
4011	7062
4011	7400
4011	5706
4011	8278
4011	8296
4011	2576
4011	5409
4011	9885
4012	6950
4012	2223
4012	741
4012	7694
4012	8918
4012	1128
4012	7047
4012	6774
4012	4331
4012	3188
4013	6109
4013	1212
4013	3508
4013	3562
4013	8286
4013	9927
4013	7348
4013	6770
4013	3257
4013	7749
4014	1785
4014	3743
4014	7946
4014	8482
4014	2403
4014	6861
4014	1764
4014	9002
4014	6619
4014	648
4015	4074
4015	3197
4015	2747
4015	3297
4015	6441
4015	837
4015	1394
4015	8109
4015	1084
4015	3394
4016	6428
4016	400
4016	7995
4016	2898
4016	9188
4016	6661
4016	1608
4016	887
4016	2448
4016	4056
4017	4044
4017	6636
4017	2181
4017	8383
4017	4648
4017	691
4017	9468
4017	7387
4017	4799
4017	563
4018	1384
4018	5539
4018	2771
4018	5000
4018	5992
4018	9845
4018	643
4018	1033
4018	8654
4018	6469
4019	9862
4019	1927
4019	6400
4019	2311
4019	985
4019	3482
4019	909
4019	5119
4019	6406
4019	9257
4020	6032
4020	2827
4020	736
4020	7173
4020	1465
4020	1437
4020	354
4020	8978
4020	2026
4020	2975
4021	14
4021	8892
4021	3046
4021	4347
4021	6696
4021	6443
4021	2315
4021	5602
4021	1515
4021	2284
4022	8354
4022	980
4022	1347
4022	79
4022	5888
4022	9145
4022	6856
4022	4150
4022	967
4022	7905
4023	5051
4023	8445
4023	8972
4023	7595
4023	8883
4023	7936
4023	6336
4023	8743
4023	3236
4023	6795
4024	5076
4024	9437
4024	9869
4024	3607
4024	4507
4024	2478
4024	6299
4024	9121
4024	3816
4024	2448
4025	3189
4025	2411
4025	3642
4025	1646
4025	1065
4025	7175
4025	9032
4025	6893
4025	2062
4025	1286
4026	8818
4026	5919
4026	9800
4026	1416
4026	9753
4026	5673
4026	2921
4026	9241
4026	2536
4026	4966
4027	8099
4027	8480
4027	3491
4027	3057
4027	3428
4027	4807
4027	5103
4027	1931
4027	1619
4027	9717
4028	4335
4028	9481
4028	7668
4028	8633
4028	8937
4028	9988
4028	9994
4028	9601
4028	252
4028	1228
4029	522
4029	6784
4029	5799
4029	7863
4029	2702
4029	6769
4029	966
4029	4098
4029	3841
4029	1224
4030	2005
4030	5468
4030	6726
4030	5874
4030	123
4030	92
4030	952
4030	4563
4030	8819
4030	9135
4031	1118
4031	9409
4031	494
4031	3577
4031	1741
4031	1571
4031	822
4031	5711
4031	6869
4031	9163
4032	9256
4032	2443
4032	2468
4032	8256
4032	1897
4032	8349
4032	1090
4032	3961
4032	2631
4032	6674
4033	6970
4033	1854
4033	2536
4033	1695
4033	5203
4033	7060
4033	1647
4033	3529
4033	7689
4033	8821
4034	533
4034	3514
4034	4752
4034	1166
4034	186
4034	4532
4034	6575
4034	8574
4034	753
4034	5408
4035	7345
4035	6642
4035	8205
4035	2883
4035	7772
4035	3566
4035	8317
4035	8941
4035	1063
4035	9283
4036	5824
4036	4074
4036	1407
4036	4492
4036	182
4036	9375
4036	8552
4036	3392
4036	9555
4036	6865
4037	844
4037	6124
4037	6160
4037	6529
4037	1632
4037	4590
4037	519
4037	1306
4037	4305
4037	4339
4038	4051
4038	2777
4038	8719
4038	2735
4038	2189
4038	1571
4038	2468
4038	8839
4038	5323
4038	3355
4039	5860
4039	5069
4039	784
4039	8922
4039	4686
4039	5283
4039	1788
4039	7381
4039	4268
4039	604
4040	1680
4040	5190
4040	8221
4040	4750
4040	4053
4040	6825
4040	4708
4040	5749
4040	2868
4040	8111
4041	222
4041	430
4041	2890
4041	5878
4041	7437
4041	7079
4041	324
4041	849
4041	914
4041	8961
4042	8514
4042	7773
4042	7947
4042	4623
4042	3145
4042	7842
4042	650
4042	6065
4042	2878
4042	9297
4043	1787
4043	8384
4043	6397
4043	2716
4043	7988
4043	2783
4043	825
4043	1079
4043	1214
4043	9954
4044	1632
4044	9885
4044	9333
4044	5098
4044	574
4044	2885
4044	6794
4044	2050
4044	8264
4044	232
4045	459
4045	5275
4045	4708
4045	994
4045	9807
4045	4916
4045	2576
4045	5941
4045	8069
4045	9872
4046	6220
4046	6136
4046	7396
4046	8166
4046	2449
4046	9844
4046	8813
4046	5700
4046	1749
4046	73
4047	5023
4047	5173
4047	8208
4047	1721
4047	8754
4047	7646
4047	3708
4047	907
4047	6497
4047	1339
4048	4951
4048	905
4048	1593
4048	4912
4048	3179
4048	1624
4048	5252
4048	4153
4048	2866
4048	6899
4049	5783
4049	1892
4049	6932
4049	6321
4049	6042
4049	2374
4049	8457
4049	2029
4049	4622
4049	4281
4050	5265
4050	2640
4050	4931
4050	542
4050	8056
4050	4181
4050	8979
4050	2041
4050	7854
4050	6757
4051	3979
4051	4850
4051	6367
4051	9723
4051	1567
4051	5242
4051	2474
4051	977
4051	8238
4051	7356
4052	1285
4052	7892
4052	4913
4052	4727
4052	5818
4052	187
4052	1996
4052	2058
4052	5662
4052	6383
4053	6240
4053	7008
4053	341
4053	4409
4053	3372
4053	1843
4053	9659
4053	3616
4053	1623
4053	8026
4054	1091
4054	8903
4054	5197
4054	5598
4054	6150
4054	612
4054	1931
4054	5721
4054	8418
4054	2112
4055	3192
4055	684
4055	6995
4055	809
4055	6532
4055	1491
4055	1637
4055	5816
4055	7175
4055	3610
4056	7815
4056	2293
4056	7006
4056	681
4056	6811
4056	2048
4056	1092
4056	8271
4056	6394
4056	3956
4057	7860
4057	3523
4057	9300
4057	3062
4057	1697
4057	7915
4057	7093
4057	5077
4057	8575
4057	4391
4058	8994
4058	8863
4058	6115
4058	665
4058	9790
4058	2793
4058	1701
4058	5188
4058	780
4058	7444
4059	7426
4059	5411
4059	1559
4059	423
4059	4737
4059	4909
4059	5710
4059	3808
4059	5951
4059	9488
4060	6771
4060	6416
4060	2753
4060	5140
4060	662
4060	4162
4060	169
4060	8305
4060	7165
4060	4459
4061	1153
4061	2164
4061	7630
4061	5498
4061	4401
4061	5300
4061	6159
4061	7469
4061	8797
4061	5510
4062	1519
4062	6704
4062	4352
4062	2584
4062	3515
4062	2533
4062	7971
4062	5870
4062	1462
4062	5705
4063	645
4063	9661
4063	721
4063	2662
4063	6403
4063	3093
4063	7764
4063	5878
4063	7228
4063	4292
4064	4683
4064	8077
4064	5743
4064	4740
4064	5325
4064	6596
4064	8369
4064	9102
4064	2916
4064	8196
4065	4767
4065	3961
4065	4567
4065	6835
4065	9470
4065	6273
4065	6077
4065	9699
4065	2573
4065	5052
4066	3929
4066	1407
4066	5870
4066	9960
4066	37
4066	5751
4066	9921
4066	6583
4066	5453
4066	1514
4067	3596
4067	7770
4067	1123
4067	9061
4067	4226
4067	2362
4067	9213
4067	5479
4067	1818
4067	1677
4068	6394
4068	9547
4068	8406
4068	8576
4068	1372
4068	1624
4068	8117
4068	3851
4068	8510
4068	6958
4069	9015
4069	2918
4069	1510
4069	87
4069	8560
4069	8035
4069	5853
4069	3022
4069	5994
4069	5356
4070	6156
4070	1082
4070	1664
4070	6119
4070	8307
4070	9332
4070	3146
4070	4337
4070	3395
4070	9704
4071	8984
4071	6497
4071	9076
4071	1139
4071	3984
4071	7926
4071	4156
4071	3005
4071	4132
4071	3805
4072	4566
4072	2407
4072	6585
4072	7843
4072	3337
4072	2014
4072	1264
4072	9547
4072	1090
4072	2062
4073	1896
4073	7162
4073	6159
4073	8853
4073	288
4073	3402
4073	1327
4073	2775
4073	5129
4073	3293
4074	6071
4074	7988
4074	5509
4074	1030
4074	7205
4074	4853
4074	3839
4074	8833
4074	3440
4074	3279
4075	1614
4075	2073
4075	9217
4075	4177
4075	1346
4075	8959
4075	3780
4075	9812
4075	4896
4075	2190
4076	9218
4076	7121
4076	2050
4076	1067
4076	3096
4076	934
4076	4740
4076	8622
4076	9654
4076	7026
4077	6849
4077	8312
4077	2415
4077	4926
4077	1520
4077	7913
4077	7437
4077	5175
4077	9876
4077	6020
4078	3754
4078	2287
4078	7129
4078	3893
4078	4433
4078	7882
4078	8310
4078	6997
4078	6991
4078	6136
4079	4275
4079	7513
4079	7208
4079	6351
4079	5800
4079	9421
4079	3681
4079	5014
4079	2900
4079	839
4080	8693
4080	3898
4080	2409
4080	4632
4080	2385
4080	160
4080	5248
4080	1047
4080	2723
4080	5613
4081	150
4081	683
4081	7391
4081	507
4081	1541
4081	55
4081	2340
4081	11
4081	2403
4081	7358
4082	8309
4082	5871
4082	3311
4082	8690
4082	9564
4082	477
4082	1807
4082	5433
4082	8667
4082	6884
4083	5778
4083	2785
4083	1332
4083	9166
4083	9604
4083	1803
4083	9406
4083	4531
4083	4171
4083	2787
4084	5943
4084	8672
4084	9291
4084	1975
4084	8235
4084	2726
4084	6916
4084	3365
4084	9292
4084	905
4085	418
4085	5327
4085	3317
4085	3799
4085	3833
4085	7158
4085	3919
4085	6927
4085	5054
4085	9915
4086	9725
4086	9694
4086	4865
4086	8259
4086	9201
4086	9652
4086	206
4086	7422
4086	3060
4086	8240
4087	6958
4087	5655
4087	8542
4087	1320
4087	6487
4087	5560
4087	9688
4087	693
4087	3855
4087	5524
4088	5489
4088	147
4088	5677
4088	3098
4088	672
4088	4707
4088	5541
4088	4714
4088	8170
4088	2652
4089	8734
4089	9548
4089	4967
4089	8306
4089	1525
4089	9389
4089	6449
4089	4521
4089	2127
4089	2924
4090	7270
4090	8098
4090	2886
4090	9533
4090	5352
4090	9721
4090	4470
4090	3367
4090	4063
4090	9106
4091	4400
4091	4002
4091	5824
4091	8652
4091	2654
4091	552
4091	8940
4091	7466
4091	1824
4091	8497
4092	1796
4092	4090
4092	5295
4092	6028
4092	1229
4092	7546
4092	9271
4092	3089
4092	8806
4092	6518
4093	1771
4093	8066
4093	7621
4093	1585
4093	5097
4093	3776
4093	5419
4093	9951
4093	1331
4093	4461
4094	8405
4094	6342
4094	5846
4094	6766
4094	466
4094	4184
4094	8825
4094	6968
4094	9454
4094	7313
4095	5807
4095	1471
4095	9284
4095	1068
4095	3315
4095	6994
4095	1405
4095	2778
4095	5920
4095	16
4096	3146
4096	9171
4096	3658
4096	8933
4096	7332
4096	9832
4096	6798
4096	1178
4096	2050
4096	1399
4097	950
4097	4652
4097	3136
4097	386
4097	8888
4097	6637
4097	3737
4097	5205
4097	4122
4097	35
4098	3208
4098	811
4098	3453
4098	232
4098	691
4098	7603
4098	8567
4098	4418
4098	4788
4098	4990
4099	5409
4099	6700
4099	7904
4099	3591
4099	6137
4099	1450
4099	6941
4099	9663
4099	5424
4099	8106
4100	6675
4100	5641
4100	427
4100	2987
4100	5249
4100	2018
4100	2752
4100	9719
4100	8048
4100	5589
4101	7670
4101	7129
4101	1068
4101	794
4101	931
4101	6456
4101	5408
4101	6420
4101	4060
4101	5495
4102	494
4102	1997
4102	4220
4102	7558
4102	6311
4102	497
4102	1416
4102	165
4102	3544
4102	3959
4103	5291
4103	3759
4103	3734
4103	5664
4103	6148
4103	8757
4103	4387
4103	1825
4103	239
4103	4605
4104	4684
4104	8142
4104	7094
4104	343
4104	3170
4104	5876
4104	9792
4104	4504
4104	716
4104	5631
4105	100
4105	6619
4105	6163
4105	9240
4105	9893
4105	3811
4105	1552
4105	8672
4105	401
4105	8296
4106	8080
4106	8189
4106	4974
4106	9278
4106	6053
4106	1010
4106	9224
4106	8756
4106	4252
4106	1037
4107	8449
4107	8854
4107	1005
4107	3578
4107	2279
4107	7710
4107	871
4107	9368
4107	3635
4107	9428
4108	3913
4108	8877
4108	2224
4108	878
4108	7415
4108	2983
4108	7302
4108	2030
4108	8153
4108	5121
4109	3570
4109	7182
4109	2100
4109	4966
4109	5494
4109	1279
4109	9885
4109	7097
4109	8896
4109	1799
4110	6916
4110	9482
4110	4851
4110	4916
4110	2726
4110	6373
4110	5175
4110	3329
4110	5794
4110	2770
4111	554
4111	1761
4111	7425
4111	417
4111	6112
4111	1135
4111	4202
4111	7792
4111	1729
4111	4206
4112	5649
4112	525
4112	3537
4112	2396
4112	5221
4112	3867
4112	193
4112	4915
4112	160
4112	7291
4113	5571
4113	7830
4113	9009
4113	1072
4113	2366
4113	3352
4113	7947
4113	5796
4113	9692
4113	2747
4114	4460
4114	7087
4114	8796
4114	4912
4114	9955
4114	7459
4114	242
4114	2688
4114	8338
4114	9799
4115	5980
4115	5283
4115	3454
4115	3934
4115	9047
4115	4925
4115	2050
4115	4607
4115	8269
4115	8197
4116	951
4116	8282
4116	5358
4116	7413
4116	2605
4116	9349
4116	4205
4116	3470
4116	4251
4116	1141
4117	6052
4117	223
4117	8930
4117	9440
4117	6194
4117	3964
4117	3403
4117	3494
4117	5804
4117	1230
4118	8872
4118	5897
4118	1780
4118	8728
4118	5048
4118	1234
4118	3856
4118	2405
4118	6201
4118	9294
4119	9645
4119	5777
4119	4746
4119	934
4119	7443
4119	6435
4119	225
4119	8060
4119	555
4119	6820
4120	431
4120	9375
4120	4274
4120	6205
4120	6658
4120	7830
4120	7160
4120	9688
4120	2396
4120	7786
4121	8735
4121	7820
4121	6998
4121	4610
4121	7226
4121	1291
4121	4705
4121	7892
4121	9602
4121	8783
4122	8078
4122	398
4122	5626
4122	3886
4122	2402
4122	5188
4122	7142
4122	3036
4122	1108
4122	612
4123	8572
4123	7205
4123	377
4123	4616
4123	4655
4123	9295
4123	4447
4123	7420
4123	768
4123	1346
4124	8832
4124	684
4124	5294
4124	8280
4124	1376
4124	403
4124	3283
4124	3768
4124	936
4124	5875
4125	3817
4125	6075
4125	6135
4125	6468
4125	4760
4125	6349
4125	2395
4125	1391
4125	6295
4125	921
4126	4964
4126	1279
4126	510
4126	894
4126	2862
4126	3681
4126	6401
4126	1761
4126	3160
4126	3108
4127	5578
4127	940
4127	9423
4127	4871
4127	9135
4127	2980
4127	6369
4127	8274
4127	3304
4127	8820
4128	5503
4128	2269
4128	8830
4128	3267
4128	6868
4128	2063
4128	7628
4128	7533
4128	705
4128	4908
4129	1119
4129	185
4129	3452
4129	5626
4129	571
4129	4805
4129	7471
4129	2562
4129	6608
4129	7428
4130	7184
4130	2241
4130	6052
4130	8464
4130	1147
4130	327
4130	4053
4130	388
4130	3497
4130	2495
4131	7386
4131	6374
4131	3532
4131	1217
4131	1139
4131	3096
4131	4939
4131	1456
4131	7416
4131	6577
4132	2429
4132	2434
4132	5682
4132	8181
4132	2685
4132	9209
4132	7206
4132	7813
4132	887
4132	3666
4133	1731
4133	3767
4133	65
4133	3718
4133	7582
4133	6337
4133	1476
4133	5791
4133	2877
4133	5461
4134	7875
4134	287
4134	3255
4134	150
4134	3957
4134	5757
4134	3348
4134	4656
4134	7401
4134	4778
4135	5769
4135	3352
4135	15
4135	5244
4135	2221
4135	3647
4135	8504
4135	9352
4135	3591
4135	8981
4136	1671
4136	1174
4136	9280
4136	2728
4136	7938
4136	5761
4136	7316
4136	3394
4136	5706
4136	6870
4137	6739
4137	6695
4137	4671
4137	8299
4137	2255
4137	7847
4137	197
4137	5831
4137	5226
4137	8696
4138	2577
4138	640
4138	9845
4138	6993
4138	9206
4138	1084
4138	5985
4138	8848
4138	2117
4138	4019
4139	7510
4139	3022
4139	4866
4139	3802
4139	5437
4139	1147
4139	2949
4139	4586
4139	8931
4139	7915
4140	2922
4140	1352
4140	5363
4140	5319
4140	6741
4140	2246
4140	8529
4140	8842
4140	2830
4140	2985
4141	5970
4141	1370
4141	4200
4141	9883
4141	1063
4141	3273
4141	7747
4141	5103
4141	4688
4141	9846
4142	5178
4142	766
4142	5060
4142	6245
4142	4540
4142	4842
4142	3790
4142	9043
4142	662
4142	1309
4143	8745
4143	4655
4143	2787
4143	2918
4143	6951
4143	5334
4143	4532
4143	6688
4143	2715
4143	3687
4144	1816
4144	4673
4144	487
4144	3222
4144	5303
4144	8693
4144	3562
4144	8269
4144	2568
4144	3363
4145	7738
4145	3072
4145	5008
4145	8854
4145	1009
4145	8096
4145	1578
4145	7660
4145	6872
4145	4484
4146	2966
4146	6439
4146	6517
4146	5465
4146	1120
4146	1880
4146	1126
4146	8364
4146	6632
4146	8566
4147	5699
4147	7079
4147	2590
4147	7358
4147	6653
4147	6060
4147	4404
4147	914
4147	7599
4147	66
4148	6656
4148	6431
4148	6623
4148	2333
4148	2930
4148	1708
4148	4794
4148	1468
4148	1808
4148	8931
4149	995
4149	8658
4149	5383
4149	8025
4149	6297
4149	755
4149	1686
4149	4040
4149	1723
4149	2377
4150	2333
4150	5055
4150	1782
4150	1007
4150	336
4150	6752
4150	5858
4150	4755
4150	6144
4150	2848
4151	67
4151	5487
4151	5391
4151	1296
4151	6666
4151	4412
4151	8402
4151	2865
4151	8326
4151	4568
4152	1114
4152	4840
4152	7994
4152	9705
4152	4835
4152	828
4152	3497
4152	6807
4152	9848
4152	9234
4153	5666
4153	9180
4153	1632
4153	4194
4153	1677
4153	725
4153	9040
4153	6864
4153	7487
4153	7276
4154	5672
4154	4507
4154	1773
4154	344
4154	2390
4154	7100
4154	2161
4154	1241
4154	1175
4154	5421
4155	8794
4155	8488
4155	247
4155	8759
4155	6079
4155	6912
4155	3898
4155	3423
4155	7136
4155	64
4156	9698
4156	6761
4156	4218
4156	5
4156	4984
4156	1798
4156	4853
4156	7676
4156	5603
4156	3083
4157	6154
4157	4518
4157	9366
4157	3341
4157	5573
4157	5691
4157	268
4157	2199
4157	9994
4157	8989
4158	1857
4158	5628
4158	9147
4158	9837
4158	1899
4158	8223
4158	6636
4158	9304
4158	3127
4158	4242
4159	4932
4159	1984
4159	6534
4159	6483
4159	1215
4159	202
4159	674
4159	1836
4159	7586
4159	8414
4160	5742
4160	5378
4160	8517
4160	9607
4160	9891
4160	5431
4160	6462
4160	8372
4160	57
4160	2973
4161	539
4161	8268
4161	2383
4161	7108
4161	712
4161	6559
4161	2662
4161	4109
4161	2348
4161	3746
4162	9074
4162	7391
4162	8891
4162	6229
4162	4957
4162	2294
4162	3913
4162	5475
4162	1860
4162	1665
4163	5360
4163	3062
4163	5479
4163	8350
4163	3190
4163	3099
4163	4527
4163	4571
4163	3925
4163	6363
4164	295
4164	2969
4164	8051
4164	1437
4164	5180
4164	8965
4164	9107
4164	8980
4164	9004
4164	6848
4165	495
4165	314
4165	9836
4165	8891
4165	3692
4165	1376
4165	1015
4165	3247
4165	9925
4165	4997
4166	3939
4166	1493
4166	8884
4166	3265
4166	3887
4166	308
4166	8754
4166	5593
4166	4338
4166	9736
4167	1937
4167	7021
4167	510
4167	3120
4167	171
4167	7450
4167	9370
4167	1131
4167	7957
4167	4015
4168	7245
4168	6845
4168	6334
4168	2165
4168	6591
4168	5667
4168	2582
4168	2943
4168	2135
4168	5384
4169	7805
4169	5488
4169	9920
4169	9307
4169	6696
4169	2047
4169	6030
4169	9976
4169	7248
4169	2866
4170	47
4170	4564
4170	6231
4170	8336
4170	3640
4170	6066
4170	1409
4170	3067
4170	8761
4170	625
4171	4523
4171	416
4171	4303
4171	8043
4171	3583
4171	3064
4171	7830
4171	2407
4171	6611
4171	2808
4172	3347
4172	3941
4172	2357
4172	7646
4172	1672
4172	7511
4172	9953
4172	2778
4172	4379
4172	6530
4173	6533
4173	8449
4173	4773
4173	8208
4173	2608
4173	8677
4173	9363
4173	1793
4173	5900
4173	6757
4174	9470
4174	9464
4174	3303
4174	1016
4174	604
4174	6615
4174	508
4174	8222
4174	2378
4174	5005
4175	9245
4175	9195
4175	707
4175	4805
4175	3343
4175	6068
4175	5419
4175	6040
4175	4942
4175	5345
4176	2771
4176	9352
4176	476
4176	2265
4176	2622
4176	7402
4176	1253
4176	9305
4176	5650
4176	9164
4177	95
4177	8250
4177	6876
4177	4888
4177	937
4177	3880
4177	2860
4177	3758
4177	5170
4177	7456
4178	9276
4178	2642
4178	9469
4178	916
4178	5963
4178	914
4178	9876
4178	73
4178	502
4178	2568
4179	9533
4179	9108
4179	1823
4179	2256
4179	3710
4179	2301
4179	2264
4179	4282
4179	6893
4179	8424
4180	6472
4180	9075
4180	5943
4180	4551
4180	1092
4180	8246
4180	6923
4180	2557
4180	8403
4180	6906
4181	7104
4181	599
4181	6294
4181	3181
4181	6999
4181	6684
4181	344
4181	9883
4181	2112
4181	4434
4182	5331
4182	6160
4182	1724
4182	4961
4182	2948
4182	8385
4182	754
4182	8120
4182	5326
4182	8508
4183	5754
4183	2036
4183	2318
4183	6824
4183	7409
4183	9715
4183	2955
4183	333
4183	2113
4183	718
4184	9623
4184	9424
4184	8257
4184	1538
4184	4023
4184	7931
4184	3672
4184	8392
4184	7678
4184	6809
4185	3013
4185	1400
4185	2360
4185	2920
4185	1728
4185	7600
4185	3791
4185	3751
4185	3289
4185	7008
4186	8213
4186	4080
4186	7402
4186	6659
4186	2566
4186	8800
4186	8320
4186	9434
4186	6410
4186	4898
4187	7197
4187	1433
4187	2332
4187	3655
4187	3022
4187	7401
4187	7917
4187	3186
4187	4406
4187	3529
4188	2568
4188	1972
4188	4637
4188	1264
4188	3803
4188	3476
4188	1052
4188	8708
4188	1894
4188	3856
4189	3532
4189	2475
4189	9379
4189	2786
4189	1233
4189	2735
4189	6193
4189	7337
4189	3344
4189	2749
4190	1445
4190	7341
4190	2073
4190	2759
4190	3749
4190	87
4190	1079
4190	3219
4190	8339
4190	5972
4191	3214
4191	8513
4191	7864
4191	2729
4191	96
4191	1877
4191	7710
4191	3028
4191	5327
4191	954
4192	564
4192	666
4192	1079
4192	8358
4192	7117
4192	5657
4192	9193
4192	9931
4192	1417
4192	4482
4193	3566
4193	3465
4193	1233
4193	8580
4193	1528
4193	7545
4193	2870
4193	7204
4193	1866
4193	5711
4194	3026
4194	3891
4194	8321
4194	6652
4194	2661
4194	4260
4194	1972
4194	6900
4194	3969
4194	6072
4195	1210
4195	3796
4195	7561
4195	4770
4195	1837
4195	3949
4195	7439
4195	9634
4195	7984
4195	9512
4196	2368
4196	9609
4196	1738
4196	5248
4196	8271
4196	8183
4196	2172
4196	1238
4196	674
4196	1366
4197	5263
4197	2020
4197	5363
4197	3399
4197	7190
4197	8017
4197	902
4197	3878
4197	5879
4197	6143
4198	4580
4198	2107
4198	3264
4198	4753
4198	4165
4198	7242
4198	8330
4198	9659
4198	9679
4198	7837
4199	4680
4199	9983
4199	9756
4199	1616
4199	4978
4199	8573
4199	6621
4199	1890
4199	1663
4199	466
4200	9415
4200	3366
4200	9981
4200	9118
4200	1561
4200	5356
4200	5500
4200	2521
4200	341
4200	1877
4201	8944
4201	8747
4201	3165
4201	8018
4201	4659
4201	9048
4201	4719
4201	6282
4201	3151
4201	5898
4202	1325
4202	335
4202	8142
4202	8098
4202	2429
4202	4400
4202	1896
4202	3405
4202	9728
4202	2726
4203	2121
4203	598
4203	5105
4203	2903
4203	7491
4203	8999
4203	4847
4203	5979
4203	963
4203	2104
4204	5252
4204	9757
4204	6417
4204	5012
4204	29
4204	3474
4204	6875
4204	5975
4204	4020
4204	5628
4205	2432
4205	7842
4205	112
4205	7345
4205	9777
4205	8713
4205	674
4205	9406
4205	8293
4205	6005
4206	5992
4206	9011
4206	3762
4206	108
4206	6619
4206	5093
4206	3396
4206	2095
4206	6437
4206	8987
4207	9928
4207	7289
4207	9277
4207	6718
4207	6062
4207	4927
4207	6250
4207	39
4207	1783
4207	8762
4208	7442
4208	9240
4208	4463
4208	6882
4208	7869
4208	7088
4208	4846
4208	8761
4208	5435
4208	9851
4209	6193
4209	4381
4209	5901
4209	279
4209	27
4209	9445
4209	9755
4209	2138
4209	4188
4209	8503
4210	1297
4210	8259
4210	597
4210	828
4210	9495
4210	6026
4210	5518
4210	4944
4210	9963
4210	3340
4211	2494
4211	8925
4211	2472
4211	347
4211	5344
4211	638
4211	1938
4211	1120
4211	6565
4211	2566
4212	1510
4212	8367
4212	727
4212	5808
4212	8037
4212	8425
4212	6627
4212	5322
4212	7403
4212	9338
4213	3113
4213	7898
4213	8859
4213	738
4213	2205
4213	7873
4213	7529
4213	5276
4213	2660
4213	1986
4214	9400
4214	1006
4214	2845
4214	4442
4214	9026
4214	6482
4214	6259
4214	8409
4214	547
4214	8097
4215	4041
4215	8735
4215	103
4215	2771
4215	1113
4215	3868
4215	8448
4215	8227
4215	5768
4215	5436
4216	9499
4216	5296
4216	3566
4216	4896
4216	6060
4216	9600
4216	8468
4216	8357
4216	4670
4216	327
4217	3498
4217	6657
4217	3183
4217	283
4217	2936
4217	738
4217	6714
4217	5590
4217	5087
4217	9792
4218	9191
4218	6791
4218	9346
4218	9660
4218	1114
4218	817
4218	7062
4218	5509
4218	7821
4218	109
4219	6328
4219	4875
4219	7773
4219	3980
4219	4091
4219	3014
4219	1038
4219	3582
4219	7998
4219	9001
4220	9345
4220	7753
4220	50
4220	7727
4220	5611
4220	5467
4220	6842
4220	6654
4220	5220
4220	9062
4221	4105
4221	186
4221	5777
4221	7622
4221	5015
4221	6539
4221	8447
4221	5027
4221	7513
4221	1357
4222	9490
4222	7450
4222	9399
4222	6132
4222	6428
4222	3859
4222	5888
4222	8930
4222	1740
4222	8247
4223	124
4223	960
4223	1549
4223	793
4223	6753
4223	8797
4223	4383
4223	9360
4223	2628
4223	3509
4224	2641
4224	7301
4224	3462
4224	1017
4224	3267
4224	6887
4224	9659
4224	6720
4224	8542
4224	5648
4225	6112
4225	2621
4225	9343
4225	5166
4225	1788
4225	9837
4225	5121
4225	3343
4225	3432
4225	2927
4226	1888
4226	9307
4226	3354
4226	5949
4226	2600
4226	5320
4226	7835
4226	4701
4226	1175
4226	662
4227	8357
4227	9498
4227	5740
4227	4761
4227	273
4227	1273
4227	4000
4227	6688
4227	2773
4227	1054
4228	2614
4228	3531
4228	9526
4228	1733
4228	8279
4228	3557
4228	9673
4228	5761
4228	2264
4228	1053
4229	9713
4229	3999
4229	3277
4229	7980
4229	5075
4229	8325
4229	6919
4229	6934
4229	3782
4229	9866
4230	139
4230	9382
4230	1071
4230	3518
4230	679
4230	5285
4230	3251
4230	5790
4230	792
4230	5001
4231	199
4231	2698
4231	8922
4231	2505
4231	538
4231	8416
4231	9184
4231	4662
4231	5317
4231	4181
4232	5971
4232	4530
4232	3588
4232	5142
4232	7604
4232	2205
4232	5928
4232	6623
4232	5355
4232	4205
4233	128
4233	525
4233	7121
4233	2472
4233	1036
4233	8084
4233	4606
4233	9290
4233	4994
4233	1754
4234	3986
4234	3432
4234	4669
4234	9806
4234	1561
4234	3740
4234	6545
4234	6869
4234	2980
4234	6114
4235	2744
4235	3125
4235	9101
4235	5334
4235	8873
4235	9757
4235	1288
4235	680
4235	5544
4235	8237
4236	9162
4236	3644
4236	7978
4236	446
4236	7407
4236	7856
4236	7655
4236	2584
4236	8346
4236	2918
4237	7694
4237	1436
4237	1419
4237	4314
4237	9232
4237	3551
4237	5267
4237	149
4237	1252
4237	2916
4238	4917
4238	9741
4238	4147
4238	756
4238	530
4238	3938
4238	6846
4238	613
4238	1183
4238	6822
4239	131
4239	6095
4239	8919
4239	2120
4239	1492
4239	7281
4239	9624
4239	3134
4239	3271
4239	6788
4240	3092
4240	9312
4240	6988
4240	21
4240	3883
4240	9467
4240	7124
4240	5751
4240	8441
4240	7648
4241	3064
4241	8399
4241	6993
4241	3651
4241	5511
4241	3294
4241	9207
4241	6564
4241	7745
4241	9177
4242	2495
4242	389
4242	14
4242	8007
4242	1865
4242	5386
4242	3445
4242	270
4242	7785
4242	6132
4243	2357
4243	1226
4243	75
4243	696
4243	6394
4243	4300
4243	7477
4243	7528
4243	1011
4243	7988
4244	3069
4244	4412
4244	246
4244	1490
4244	5902
4244	1109
4244	9674
4244	6664
4244	3878
4244	5259
4245	2181
4245	7313
4245	9591
4245	4747
4245	7969
4245	3454
4245	1332
4245	8144
4245	3244
4245	322
4246	7162
4246	3437
4246	1879
4246	9605
4246	2154
4246	8835
4246	4163
4246	1614
4246	7698
4246	4214
4247	8891
4247	8555
4247	1362
4247	5543
4247	8098
4247	4471
4247	6224
4247	1189
4247	5738
4247	2137
4248	6553
4248	513
4248	4336
4248	9357
4248	2862
4248	4356
4248	961
4248	662
4248	4124
4248	3287
4249	8593
4249	6780
4249	2039
4249	6381
4249	7138
4249	5038
4249	2586
4249	7461
4249	4513
4249	7807
4250	6234
4250	3567
4250	4705
4250	2793
4250	2561
4250	3840
4250	1383
4250	2640
4250	8663
4250	6961
4251	9685
4251	3119
4251	9661
4251	4615
4251	7833
4251	7356
4251	7315
4251	5370
4251	844
4251	8331
4252	1405
4252	7532
4252	2293
4252	8656
4252	6407
4252	422
4252	8447
4252	7986
4252	7720
4252	3075
4253	6475
4253	7149
4253	1800
4253	2562
4253	9265
4253	4700
4253	4298
4253	7702
4253	1430
4253	6188
4254	4995
4254	6988
4254	7929
4254	1911
4254	3671
4254	7581
4254	9530
4254	7060
4254	9991
4254	6667
4255	2563
4255	5912
4255	4809
4255	4842
4255	9137
4255	4837
4255	1002
4255	7201
4255	6399
4255	2491
4256	1348
4256	1969
4256	2155
4256	498
4256	9214
4256	3272
4256	2035
4256	1448
4256	3581
4256	3317
4257	779
4257	205
4257	1127
4257	5982
4257	2465
4257	4414
4257	1785
4257	4424
4257	9253
4257	5445
4258	6920
4258	8725
4258	122
4258	1937
4258	7245
4258	8691
4258	3664
4258	482
4258	3741
4258	6260
4259	5309
4259	2677
4259	919
4259	84
4259	6199
4259	7279
4259	9495
4259	1067
4259	284
4259	3021
4260	9360
4260	5761
4260	3219
4260	2995
4260	2487
4260	3663
4260	8935
4260	6661
4260	9499
4260	7384
4261	5983
4261	3684
4261	6338
4261	6936
4261	8054
4261	92
4261	7314
4261	2256
4261	9964
4261	1403
4262	9968
4262	3144
4262	9112
4262	703
4262	1696
4262	3130
4262	7010
4262	2597
4262	8105
4262	1738
4263	6418
4263	1711
4263	5869
4263	4759
4263	2148
4263	305
4263	2092
4263	4711
4263	2660
4263	9360
4264	7452
4264	2093
4264	9090
4264	8613
4264	6040
4264	3664
4264	5512
4264	629
4264	2558
4264	7556
4265	8386
4265	1033
4265	3328
4265	8137
4265	8103
4265	9943
4265	9102
4265	6962
4265	3414
4265	5386
4266	4913
4266	3172
4266	4388
4266	9595
4266	9634
4266	1443
4266	2267
4266	6064
4266	7553
4266	7696
4267	3641
4267	4065
4267	7134
4267	3701
4267	264
4267	2677
4267	3196
4267	4441
4267	9545
4267	4699
4268	4516
4268	6795
4268	4224
4268	1427
4268	8416
4268	8649
4268	9481
4268	3850
4268	3964
4268	7051
4269	91
4269	2893
4269	8343
4269	1249
4269	4406
4269	9961
4269	6244
4269	3235
4269	2907
4269	8783
4270	5449
4270	6911
4270	8933
4270	5446
4270	8203
4270	7514
4270	7712
4270	5719
4270	807
4270	6002
4271	6295
4271	5525
4271	5509
4271	6849
4271	8949
4271	4227
4271	5091
4271	9331
4271	4911
4271	4807
4272	5078
4272	3336
4272	4507
4272	5392
4272	3040
4272	330
4272	1594
4272	1596
4272	7175
4272	6084
4273	6657
4273	8147
4273	3671
4273	1475
4273	3686
4273	699
4273	3132
4273	928
4273	9765
4273	7389
4274	6054
4274	7143
4274	1837
4274	9240
4274	8622
4274	5299
4274	6190
4274	4686
4274	5680
4274	8110
4275	8529
4275	515
4275	8592
4275	2731
4275	7933
4275	3413
4275	2424
4275	6639
4275	7495
4275	8409
4276	2090
4276	287
4276	5837
4276	126
4276	3084
4276	346
4276	4933
4276	6091
4276	995
4276	4212
4277	869
4277	6080
4277	7990
4277	9042
4277	4605
4277	9103
4277	2039
4277	1100
4277	9637
4277	3688
4278	8647
4278	9469
4278	3213
4278	3381
4278	3729
4278	7280
4278	1727
4278	6548
4278	1950
4278	8656
4279	4016
4279	9435
4279	9184
4279	9250
4279	5898
4279	2233
4279	9912
4279	6286
4279	2097
4279	4751
4280	4837
4280	3206
4280	3721
4280	2931
4280	2225
4280	6860
4280	4528
4280	2552
4280	7111
4280	4458
4281	272
4281	3935
4281	1721
4281	4783
4281	3580
4281	7143
4281	741
4281	6568
4281	2228
4281	8779
4282	4633
4282	8526
4282	5943
4282	9628
4282	1769
4282	4223
4282	2901
4282	943
4282	7745
4282	1339
4283	8239
4283	8063
4283	1691
4283	8494
4283	3238
4283	685
4283	5586
4283	7821
4283	9596
4283	4124
4284	2004
4284	1594
4284	9896
4284	1403
4284	1752
4284	673
4284	1302
4284	2694
4284	6470
4284	8131
4285	4154
4285	9441
4285	8091
4285	14
4285	1880
4285	4184
4285	5835
4285	8416
4285	5256
4285	6798
4286	3001
4286	2927
4286	3943
4286	7773
4286	7137
4286	8816
4286	1367
4286	1864
4286	2932
4286	3887
4287	7471
4287	8333
4287	6127
4287	3463
4287	7648
4287	1379
4287	945
4287	6447
4287	9402
4287	5902
4288	4265
4288	7164
4288	9621
4288	4188
4288	7607
4288	6473
4288	3816
4288	9384
4288	5664
4288	4183
4289	533
4289	1662
4289	6909
4289	825
4289	468
4289	2306
4289	3554
4289	2289
4289	4644
4289	1743
4290	5800
4290	3207
4290	797
4290	4172
4290	1232
4290	571
4290	1389
4290	7557
4290	1779
4290	5312
4291	8971
4291	8735
4291	1277
4291	9656
4291	8645
4291	2610
4291	9427
4291	3623
4291	7015
4291	2723
4292	9087
4292	5523
4292	4350
4292	9941
4292	6952
4292	9472
4292	3105
4292	4823
4292	8617
4292	7650
4293	2000
4293	1498
4293	366
4293	7865
4293	2582
4293	1854
4293	3805
4293	6644
4293	4278
4293	2338
4294	8568
4294	19
4294	9439
4294	2447
4294	5523
4294	4233
4294	7584
4294	3080
4294	5640
4294	6357
4295	4534
4295	7944
4295	9045
4295	8160
4295	7351
4295	5798
4295	4357
4295	6612
4295	9689
4295	6338
4296	4524
4296	6662
4296	2201
4296	9627
4296	6590
4296	2840
4296	6934
4296	676
4296	5933
4296	2266
4297	7588
4297	8131
4297	3757
4297	745
4297	3283
4297	1659
4297	6892
4297	8977
4297	8014
4297	5015
4298	5358
4298	8507
4298	7705
4298	2498
4298	8295
4298	1235
4298	8689
4298	1136
4298	7903
4298	3960
4299	8484
4299	7889
4299	3539
4299	4819
4299	5407
4299	1365
4299	4489
4299	2225
4299	6959
4299	9617
4300	763
4300	8190
4300	910
4300	3515
4300	4622
4300	8758
4300	1257
4300	2746
4300	9109
4300	3504
4301	8849
4301	9564
4301	1772
4301	3317
4301	9336
4301	9041
4301	6281
4301	1465
4301	596
4301	8447
4302	7996
4302	5419
4302	5862
4302	7098
4302	2218
4302	8858
4302	7887
4302	5775
4302	2449
4302	2786
4303	8183
4303	2302
4303	8285
4303	3027
4303	1003
4303	3199
4303	4151
4303	6364
4303	5115
4303	4897
4304	1160
4304	9676
4304	6733
4304	4515
4304	1610
4304	706
4304	1088
4304	9124
4304	3910
4304	8787
4305	4029
4305	5396
4305	5769
4305	379
4305	5629
4305	488
4305	7624
4305	5352
4305	817
4305	2103
4306	4554
4306	8622
4306	2961
4306	5819
4306	3755
4306	4528
4306	7270
4306	4376
4306	1668
4306	3049
4307	801
4307	3588
4307	2466
4307	1419
4307	6711
4307	8901
4307	4684
4307	7404
4307	6877
4307	1620
4308	3960
4308	7943
4308	7507
4308	8310
4308	1354
4308	2824
4308	4505
4308	4711
4308	226
4308	2228
4309	3319
4309	5263
4309	4398
4309	8225
4309	6576
4309	1776
4309	5878
4309	9137
4309	9562
4309	3523
4310	7484
4310	9428
4310	3905
4310	7416
4310	2815
4310	4021
4310	8291
4310	1365
4310	8397
4310	7155
4311	2912
4311	1229
4311	8321
4311	4188
4311	4969
4311	4035
4311	2341
4311	8018
4311	9946
4311	9596
4312	2534
4312	267
4312	6601
4312	7838
4312	7746
4312	6925
4312	5075
4312	1812
4312	1235
4312	7966
4313	9669
4313	9133
4313	202
4313	3602
4313	6782
4313	1435
4313	5382
4313	7624
4313	9290
4313	9572
4314	2189
4314	2258
4314	550
4314	168
4314	8038
4314	3246
4314	1614
4314	5460
4314	6003
4314	113
4315	1028
4315	1993
4315	3446
4315	2435
4315	4605
4315	9099
4315	7362
4315	2549
4315	3769
4315	4977
4316	1405
4316	2573
4316	5144
4316	3058
4316	8985
4316	2989
4316	560
4316	5670
4316	2125
4316	607
4317	3527
4317	3005
4317	1359
4317	9617
4317	6035
4317	6775
4317	4800
4317	588
4317	3471
4317	1737
4318	5004
4318	7686
4318	1150
4318	1067
4318	5016
4318	8781
4318	8231
4318	805
4318	3753
4318	9439
4319	1312
4319	1069
4319	4122
4319	4802
4319	8602
4319	5245
4319	5297
4319	7674
4319	866
4319	548
4320	4917
4320	1876
4320	1825
4320	2519
4320	7381
4320	5683
4320	2269
4320	5655
4320	5975
4320	9539
4321	5832
4321	7542
4321	6465
4321	8066
4321	6086
4321	3055
4321	6265
4321	2685
4321	3040
4321	506
4322	8612
4322	7620
4322	6531
4322	5113
4322	9168
4322	5065
4322	2921
4322	3171
4322	3209
4322	5434
4323	7301
4323	4191
4323	4193
4323	3810
4323	1719
4323	517
4323	6713
4323	7815
4323	208
4323	5907
4324	4442
4324	6223
4324	9618
4324	1975
4324	8611
4324	5544
4324	1407
4324	5664
4324	1945
4324	3868
4325	5057
4325	4966
4325	4080
4325	6878
4325	4792
4325	184
4325	5702
4325	8354
4325	7513
4325	1350
4326	1232
4326	5406
4326	9463
4326	8454
4326	8137
4326	3749
4326	1828
4326	1760
4326	9209
4326	2980
4327	3959
4327	5222
4327	678
4327	1364
4327	6387
4327	8000
4327	3211
4327	2888
4327	412
4327	6837
4328	958
4328	8126
4328	4783
4328	5294
4328	3505
4328	9400
4328	115
4328	5236
4328	7369
4328	7892
4329	6739
4329	3667
4329	8998
4329	9768
4329	4922
4329	1315
4329	9505
4329	36
4329	3197
4329	7540
4330	2529
4330	2394
4330	7763
4330	6353
4330	1123
4330	2311
4330	502
4330	3674
4330	5410
4330	1425
4331	553
4331	532
4331	7259
4331	5475
4331	8091
4331	3719
4331	2137
4331	2772
4331	6354
4331	1763
4332	9798
4332	8832
4332	5180
4332	7644
4332	8109
4332	7769
4332	5433
4332	5274
4332	6078
4332	5049
4333	5346
4333	9261
4333	5754
4333	6605
4333	4819
4333	2094
4333	261
4333	3445
4333	6986
4333	6602
4334	2454
4334	4498
4334	9583
4334	9779
4334	8861
4334	144
4334	5779
4334	2263
4334	7033
4334	3751
4335	3204
4335	3788
4335	221
4335	2029
4335	3004
4335	87
4335	4711
4335	702
4335	261
4335	7120
4336	3752
4336	5386
4336	3687
4336	8833
4336	7040
4336	2667
4336	3895
4336	3562
4336	1888
4336	6359
4337	4605
4337	3087
4337	4413
4337	6708
4337	2162
4337	7432
4337	5471
4337	7451
4337	9296
4337	1014
4338	6840
4338	6443
4338	8698
4338	3967
4338	1748
4338	6007
4338	3444
4338	2444
4338	1890
4338	6556
4339	9067
4339	6552
4339	1587
4339	6105
4339	8656
4339	756
4339	4391
4339	341
4339	1069
4339	8294
4340	3583
4340	8376
4340	4664
4340	2516
4340	2274
4340	2878
4340	987
4340	1663
4340	8315
4340	2825
4341	7616
4341	9071
4341	4845
4341	4438
4341	7340
4341	8193
4341	8336
4341	5905
4341	1994
4341	2783
4342	9964
4342	6227
4342	9344
4342	6138
4342	5460
4342	6527
4342	3948
4342	5709
4342	5496
4342	3831
4343	7354
4343	5591
4343	6052
4343	7266
4343	4838
4343	6089
4343	1820
4343	3956
4343	285
4343	3072
4344	7595
4344	2810
4344	4959
4344	9875
4344	764
4344	4923
4344	5757
4344	4253
4344	3921
4344	8903
4345	498
4345	1552
4345	9792
4345	6533
4345	9750
4345	4901
4345	738
4345	4594
4345	2975
4345	3303
4346	2809
4346	4987
4346	7470
4346	2971
4346	6380
4346	3889
4346	6944
4346	21
4346	4284
4346	5385
4347	9826
4347	1403
4347	4969
4347	6620
4347	8003
4347	7896
4347	9313
4347	7091
4347	9569
4347	179
4348	9209
4348	6306
4348	4047
4348	9186
4348	3747
4348	4611
4348	1705
4348	6839
4348	6669
4348	9112
4349	94
4349	2616
4349	5779
4349	4452
4349	3215
4349	7538
4349	8000
4349	4201
4349	89
4349	3854
4350	3319
4350	1136
4350	6419
4350	6663
4350	2544
4350	5216
4350	1185
4350	3971
4350	250
4350	6826
4351	832
4351	1022
4351	8974
4351	2161
4351	2758
4351	6974
4351	8911
4351	3982
4351	5615
4351	1453
4352	4125
4352	9631
4352	5865
4352	226
4352	7705
4352	9846
4352	2216
4352	3128
4352	712
4352	9925
4353	278
4353	1120
4353	5712
4353	571
4353	7847
4353	4615
4353	5280
4353	7413
4353	3629
4353	4244
4354	8842
4354	2736
4354	4817
4354	8559
4354	3122
4354	9586
4354	5088
4354	3034
4354	5429
4354	7105
4355	290
4355	7220
4355	5946
4355	2641
4355	1639
4355	7789
4355	5258
4355	3054
4355	9687
4355	4186
4356	1924
4356	4624
4356	1828
4356	3076
4356	7380
4356	2299
4356	8729
4356	8447
4356	751
4356	3910
4357	1211
4357	3280
4357	8046
4357	7420
4357	4834
4357	4497
4357	8757
4357	8534
4357	7143
4357	8380
4358	7313
4358	5609
4358	9257
4358	7937
4358	3359
4358	2250
4358	8988
4358	6214
4358	6044
4358	9985
4359	2092
4359	243
4359	1862
4359	528
4359	524
4359	730
4359	9950
4359	4799
4359	3814
4359	47
4360	6708
4360	2366
4360	8249
4360	7795
4360	3210
4360	7222
4360	5926
4360	9356
4360	2510
4360	7768
4361	4561
4361	6020
4361	6938
4361	8348
4361	841
4361	5095
4361	3613
4361	303
4361	2441
4361	8441
4362	4922
4362	6603
4362	2465
4362	7434
4362	5241
4362	6726
4362	3291
4362	8171
4362	7446
4362	6978
4363	5568
4363	4991
4363	5036
4363	4020
4363	352
4363	1081
4363	2291
4363	8242
4363	5620
4363	3248
4364	6111
4364	4116
4364	7731
4364	7507
4364	9347
4364	1884
4364	6644
4364	4888
4364	2884
4364	1559
4365	9862
4365	1419
4365	7462
4365	3011
4365	7487
4365	8089
4365	2092
4365	323
4365	3533
4365	9725
4366	1615
4366	6502
4366	579
4366	8909
4366	4103
4366	5726
4366	7678
4366	5081
4366	5581
4366	9543
4367	268
4367	4306
4367	1371
4367	5088
4367	9786
4367	1554
4367	5678
4367	1953
4367	2812
4367	6605
4368	1179
4368	7116
4368	9365
4368	8770
4368	8017
4368	6483
4368	8352
4368	7179
4368	5250
4368	6582
4369	5073
4369	9110
4369	1439
4369	586
4369	3430
4369	220
4369	7638
4369	2344
4369	1953
4369	3253
4370	871
4370	6072
4370	5639
4370	1061
4370	9925
4370	6329
4370	2898
4370	3777
4370	8777
4370	6761
4371	4819
4371	6285
4371	1571
4371	4852
4371	8923
4371	6652
4371	2714
4371	1076
4371	4662
4371	6992
4372	8767
4372	1446
4372	4157
4372	5577
4372	7141
4372	4920
4372	5711
4372	8625
4372	430
4372	6875
4373	8952
4373	4619
4373	3877
4373	2188
4373	3049
4373	1229
4373	9292
4373	7251
4373	3672
4373	7612
4374	7396
4374	6449
4374	9201
4374	5010
4374	3288
4374	4923
4374	8399
4374	5759
4374	3335
4374	5916
4375	7481
4375	1356
4375	2662
4375	2988
4375	6924
4375	8278
4375	8417
4375	9244
4375	1168
4375	893
4376	7614
4376	2392
4376	153
4376	9652
4376	905
4376	6425
4376	5161
4376	4701
4376	6750
4376	432
4377	850
4377	3787
4377	3145
4377	6609
4377	6159
4377	5595
4377	167
4377	1433
4377	6570
4377	3216
4378	3338
4378	2484
4378	1538
4378	3599
4378	7366
4378	6875
4378	1954
4378	6103
4378	6577
4378	8333
4379	6387
4379	8447
4379	591
4379	3711
4379	4061
4379	6532
4379	5367
4379	991
4379	6306
4379	4937
4380	2653
4380	713
4380	3440
4380	6681
4380	9726
4380	8494
4380	6370
4380	4949
4380	6536
4380	4459
4381	9126
4381	7975
4381	4436
4381	6713
4381	1304
4381	3013
4381	7182
4381	1589
4381	8409
4381	6908
4382	8995
4382	2766
4382	5631
4382	9103
4382	8758
4382	2868
4382	2691
4382	6123
4382	5234
4382	2184
4383	6711
4383	2929
4383	2545
4383	1239
4383	9782
4383	7590
4383	1194
4383	4316
4383	9985
4383	1880
4384	1390
4384	6695
4384	6349
4384	8024
4384	9483
4384	6430
4384	5752
4384	9068
4384	9490
4384	4021
4385	3089
4385	4175
4385	4674
4385	6561
4385	5839
4385	3394
4385	7653
4385	4975
4385	95
4385	2726
4386	1360
4386	1185
4386	7393
4386	9865
4386	2845
4386	2929
4386	840
4386	7848
4386	8914
4386	115
4387	579
4387	4055
4387	7226
4387	935
4387	6159
4387	8293
4387	7946
4387	881
4387	8278
4387	2583
4388	5750
4388	4077
4388	5429
4388	2751
4388	5387
4388	8046
4388	8614
4388	1729
4388	8886
4388	4331
4389	7699
4389	2214
4389	6747
4389	1231
4389	5244
4389	6478
4389	2346
4389	63
4389	1123
4389	1198
4390	9489
4390	3510
4390	165
4390	809
4390	7407
4390	3661
4390	9937
4390	1348
4390	8136
4390	9253
4391	9288
4391	6232
4391	3728
4391	851
4391	2369
4391	7176
4391	4847
4391	3404
4391	876
4391	749
4392	3448
4392	2241
4392	12
4392	8913
4392	1737
4392	6543
4392	2595
4392	1272
4392	5857
4392	5312
4393	2921
4393	2741
4393	9998
4393	2136
4393	2655
4393	5280
4393	4542
4393	1670
4393	801
4393	7083
4394	7590
4394	3344
4394	4296
4394	510
4394	149
4394	7553
4394	6767
4394	110
4394	6133
4394	9542
4395	3936
4395	6986
4395	5449
4395	3093
4395	1907
4395	7444
4395	3948
4395	6182
4395	5900
4395	2850
4396	355
4396	569
4396	5686
4396	5313
4396	9499
4396	4709
4396	9582
4396	6704
4396	1212
4396	9967
4397	4281
4397	4505
4397	7346
4397	9681
4397	1541
4397	3100
4397	2549
4397	1560
4397	6286
4397	7199
4398	6606
4398	5918
4398	4990
4398	7245
4398	4067
4398	2862
4398	1537
4398	6033
4398	6314
4398	5288
4399	8400
4399	9581
4399	5213
4399	3082
4399	7400
4399	7828
4399	5743
4399	6001
4399	6691
4399	4407
4400	3916
4400	8162
4400	5247
4400	2069
4400	1845
4400	354
4400	6014
4400	8029
4400	8003
4400	2851
4401	3268
4401	8675
4401	6024
4401	9274
4401	8546
4401	8931
4401	8338
4401	5713
4401	2012
4401	8240
4402	7016
4402	9308
4402	4276
4402	1793
4402	4018
4402	6717
4402	8513
4402	5062
4402	7273
4402	6260
4403	7209
4403	2450
4403	6913
4403	4109
4403	515
4403	6822
4403	4938
4403	6063
4403	6406
4403	342
4404	7347
4404	7592
4404	4388
4404	8918
4404	1147
4404	5620
4404	6381
4404	4811
4404	4881
4404	5468
4405	8318
4405	7542
4405	4113
4405	326
4405	7252
4405	695
4405	7984
4405	3923
4405	7424
4405	2408
4406	8311
4406	6083
4406	6927
4406	2277
4406	1103
4406	1619
4406	4435
4406	7223
4406	9173
4406	166
4407	8282
4407	834
4407	2665
4407	2743
4407	3957
4407	6503
4407	2847
4407	1683
4407	9531
4407	2868
4408	821
4408	5767
4408	7044
4408	707
4408	9541
4408	7751
4408	7525
4408	8654
4408	3106
4408	8775
4409	9838
4409	5387
4409	4844
4409	2738
4409	8120
4409	2467
4409	8717
4409	5372
4409	9634
4409	3031
4410	3518
4410	3839
4410	5824
4410	2174
4410	3921
4410	2109
4410	1533
4410	8728
4410	2185
4410	7416
4411	1381
4411	4665
4411	4991
4411	9677
4411	7
4411	8401
4411	966
4411	4950
4411	253
4411	5956
4412	3865
4412	8922
4412	1469
4412	1036
4412	2908
4412	181
4412	9076
4412	677
4412	877
4412	6040
4413	7594
4413	8386
4413	8613
4413	7500
4413	1652
4413	9140
4413	2912
4413	9470
4413	6462
4413	3683
4414	6463
4414	1241
4414	2818
4414	1907
4414	1284
4414	6946
4414	1434
4414	406
4414	8307
4414	3981
4415	2246
4415	4090
4415	7643
4415	9738
4415	9191
4415	731
4415	2216
4415	5584
4415	8958
4415	2705
4416	5743
4416	9346
4416	6265
4416	7246
4416	1369
4416	7859
4416	8084
4416	4833
4416	8947
4416	8097
4417	8617
4417	9522
4417	8569
4417	7291
4417	2477
4417	8875
4417	4542
4417	1409
4417	4353
4417	975
4418	1913
4418	5491
4418	8346
4418	3723
4418	5499
4418	6830
4418	4882
4418	7282
4418	1688
4418	8975
4419	457
4419	2443
4419	48
4419	8201
4419	48
4419	554
4419	7085
4419	7233
4419	1327
4419	4436
4420	8798
4420	4527
4420	1121
4420	4465
4420	3461
4420	3057
4420	7199
4420	734
4420	1188
4420	3966
4421	4890
4421	8550
4421	8545
4421	6556
4421	8540
4421	4501
4421	3838
4421	9544
4421	2891
4421	1961
4422	4952
4422	2557
4422	4654
4422	3384
4422	5510
4422	8103
4422	7321
4422	5067
4422	4623
4422	8989
4423	7219
4423	7941
4423	8753
4423	9958
4423	9098
4423	5321
4423	3598
4423	8703
4423	9763
4423	2047
4424	1351
4424	8249
4424	1599
4424	6026
4424	2530
4424	2670
4424	4202
4424	9884
4424	8526
4424	9671
4425	441
4425	2687
4425	8871
4425	5247
4425	7284
4425	7440
4425	8152
4425	1288
4425	8242
4425	5253
4426	6860
4426	5753
4426	2333
4426	7080
4426	9481
4426	7228
4426	2185
4426	7889
4426	3291
4426	7327
4427	2841
4427	2667
4427	4883
4427	6414
4427	4473
4427	2249
4427	8068
4427	8516
4427	5976
4427	3833
4428	1880
4428	138
4428	2469
4428	9828
4428	3140
4428	1297
4428	1835
4428	3774
4428	933
4428	5165
4429	1330
4429	2994
4429	7394
4429	4512
4429	6307
4429	4878
4429	921
4429	5536
4429	3283
4429	3245
4430	3419
4430	6614
4430	4189
4430	7557
4430	6214
4430	3228
4430	4720
4430	731
4430	7480
4430	7651
4431	9481
4431	4351
4431	184
4431	822
4431	7319
4431	7799
4431	8491
4431	4482
4431	6176
4431	5007
4432	7860
4432	8865
4432	221
4432	9657
4432	7771
4432	509
4432	4208
4432	8510
4432	4545
4432	9306
4433	4987
4433	4932
4433	7923
4433	2730
4433	9702
4433	756
4433	5026
4433	5738
4433	647
4433	1179
4434	5796
4434	9501
4434	3051
4434	9482
4434	5502
4434	3643
4434	3387
4434	4142
4434	9106
4434	591
4435	1143
4435	4299
4435	3880
4435	9100
4435	3130
4435	6964
4435	7041
4435	6616
4435	5379
4435	8149
4436	4899
4436	5736
4436	3527
4436	6754
4436	9972
4436	6367
4436	2923
4436	6826
4436	5890
4436	2163
4437	53
4437	7788
4437	5743
4437	1878
4437	6873
4437	6840
4437	6275
4437	346
4437	9429
4437	3413
4438	3885
4438	5188
4438	7595
4438	4121
4438	2804
4438	5744
4438	6319
4438	5821
4438	8116
4438	9289
4439	7485
4439	3547
4439	1014
4439	5614
4439	1378
4439	2364
4439	7688
4439	990
4439	1985
4439	4124
4440	7281
4440	8546
4440	1584
4440	6045
4440	4127
4440	2556
4440	6684
4440	8917
4440	9443
4440	9804
4441	632
4441	8157
4441	890
4441	1819
4441	8505
4441	694
4441	7998
4441	528
4441	9127
4441	5158
4442	4840
4442	9953
4442	9808
4442	9068
4442	2321
4442	1950
4442	7254
4442	4186
4442	2759
4442	627
4443	3822
4443	8497
4443	6924
4443	4668
4443	2457
4443	8281
4443	9990
4443	8799
4443	2650
4443	9131
4444	8471
4444	1819
4444	287
4444	1608
4444	6736
4444	5572
4444	3790
4444	930
4444	7691
4444	6856
4445	4485
4445	3323
4445	7135
4445	7988
4445	3819
4445	4531
4445	161
4445	660
4445	5972
4445	4311
4446	7394
4446	9621
4446	1888
4446	5904
4446	4839
4446	7533
4446	2094
4446	6454
4446	6909
4446	6847
4447	283
4447	8266
4447	3384
4447	2336
4447	1202
4447	4965
4447	6807
4447	6582
4447	273
4447	8348
4448	7488
4448	9436
4448	4209
4448	9486
4448	4803
4448	841
4448	6142
4448	278
4448	6510
4448	8241
4449	4671
4449	2375
4449	4898
4449	3797
4449	1045
4449	1886
4449	9558
4449	139
4449	8517
4449	415
4450	2265
4450	7794
4450	8264
4450	5355
4450	8930
4450	8368
4450	6689
4450	6396
4450	3484
4450	6891
4451	9533
4451	2044
4451	134
4451	1950
4451	3406
4451	4604
4451	8262
4451	43
4451	2534
4451	4531
4452	9855
4452	3624
4452	3049
4452	7302
4452	2892
4452	1937
4452	1043
4452	5689
4452	9150
4452	7130
4453	9556
4453	2940
4453	2022
4453	2501
4453	3646
4453	4548
4453	2292
4453	6399
4453	8147
4453	6841
4454	4872
4454	8853
4454	57
4454	5824
4454	5575
4454	7842
4454	4698
4454	1023
4454	7369
4454	2308
4455	2014
4455	8588
4455	3856
4455	3616
4455	1537
4455	7775
4455	8848
4455	3858
4455	6307
4455	162
4456	9358
4456	2543
4456	6523
4456	7176
4456	1465
4456	9976
4456	7748
4456	8530
4456	4409
4456	2138
4457	6570
4457	6632
4457	662
4457	74
4457	7478
4457	1989
4457	2653
4457	2444
4457	6082
4457	3441
4458	4110
4458	52
4458	2299
4458	1846
4458	6842
4458	2054
4458	2342
4458	9689
4458	3465
4458	6625
4459	1092
4459	8948
4459	4590
4459	5053
4459	9573
4459	4039
4459	1401
4459	4429
4459	3358
4459	8017
4460	8963
4460	9297
4460	4591
4460	5297
4460	5635
4460	4515
4460	6609
4460	3441
4460	3641
4460	9116
4461	9609
4461	1065
4461	6784
4461	105
4461	7582
4461	264
4461	5761
4461	892
4461	5104
4461	6327
4462	3142
4462	9125
4462	338
4462	8170
4462	520
4462	390
4462	7757
4462	5721
4462	3278
4462	502
4463	3065
4463	4111
4463	7627
4463	1732
4463	7419
4463	9872
4463	6697
4463	9334
4463	7539
4463	6044
4464	4562
4464	7105
4464	4692
4464	9751
4464	659
4464	7602
4464	1340
4464	7063
4464	61
4464	946
4465	5473
4465	494
4465	6500
4465	1449
4465	3527
4465	3211
4465	1504
4465	1716
4465	6401
4465	2024
4466	5459
4466	346
4466	7285
4466	3961
4466	6061
4466	5951
4466	894
4466	6567
4466	4772
4466	853
4467	1638
4467	2938
4467	4038
4467	5329
4467	2539
4467	148
4467	7888
4467	9143
4467	257
4467	6656
4468	8152
4468	4064
4468	6849
4468	6232
4468	6877
4468	311
4468	7567
4468	2475
4468	9372
4468	1938
4469	7550
4469	1078
4469	948
4469	8383
4469	6993
4469	4225
4469	1490
4469	2916
4469	1586
4469	8822
4470	9497
4470	6755
4470	8370
4470	5591
4470	5835
4470	9872
4470	2809
4470	2960
4470	1540
4470	6619
4471	1944
4471	6757
4471	4494
4471	3534
4471	9570
4471	801
4471	4931
4471	8182
4471	3358
4471	733
4472	5628
4472	2361
4472	7032
4472	3866
4472	2755
4472	9265
4472	6632
4472	3316
4472	4267
4472	3120
4473	9302
4473	2485
4473	226
4473	3665
4473	5816
4473	8777
4473	6503
4473	1825
4473	9665
4473	4801
4474	5152
4474	7027
4474	546
4474	4872
4474	8685
4474	1201
4474	9761
4474	8722
4474	9580
4474	1513
4475	5736
4475	9623
4475	7426
4475	6622
4475	1604
4475	650
4475	9714
4475	907
4475	2237
4475	1211
4476	7576
4476	7080
4476	7328
4476	8123
4476	774
4476	4283
4476	3894
4476	3239
4476	6744
4476	830
4477	4176
4477	7826
4477	6001
4477	7943
4477	9088
4477	6989
4477	9514
4477	1226
4477	9567
4477	7912
4478	6918
4478	6724
4478	2511
4478	5488
4478	6576
4478	7114
4478	8845
4478	2546
4478	6945
4478	2213
4479	2870
4479	6690
4479	4496
4479	2952
4479	659
4479	5937
4479	8819
4479	3546
4479	1635
4479	7430
4480	2584
4480	1426
4480	2098
4480	9929
4480	7531
4480	7055
4480	9560
4480	6572
4480	4725
4480	1730
4481	4511
4481	3170
4481	734
4481	7698
4481	8588
4481	223
4481	79
4481	5806
4481	3035
4481	5068
4482	2562
4482	9884
4482	4434
4482	608
4482	1444
4482	1951
4482	6841
4482	7367
4482	8365
4482	8544
4483	8232
4483	9407
4483	9464
4483	8789
4483	2107
4483	4999
4483	8385
4483	1018
4483	6730
4483	542
4484	6766
4484	8207
4484	167
4484	1907
4484	3909
4484	3304
4484	2542
4484	6196
4484	1438
4484	504
4485	8156
4485	9107
4485	5838
4485	2588
4485	5231
4485	4798
4485	1232
4485	1666
4485	9859
4485	5792
4486	9333
4486	8010
4486	95
4486	3509
4486	2919
4486	8348
4486	9368
4486	3870
4486	2198
4486	9218
4487	2319
4487	8652
4487	3203
4487	2495
4487	4172
4487	5351
4487	9573
4487	9140
4487	8873
4487	5687
4488	581
4488	3223
4488	4362
4488	3102
4488	996
4488	9338
4488	7889
4488	2799
4488	2604
4488	2535
4489	2146
4489	8712
4489	9485
4489	7103
4489	9843
4489	64
4489	5450
4489	1265
4489	4589
4489	9265
4490	7897
4490	8409
4490	323
4490	7421
4490	396
4490	2439
4490	3509
4490	8484
4490	2598
4490	8073
4491	7697
4491	6409
4491	7137
4491	1039
4491	5547
4491	5927
4491	9529
4491	7028
4491	8778
4491	9409
4492	4964
4492	5680
4492	5657
4492	4736
4492	8587
4492	5584
4492	6907
4492	2991
4492	9715
4492	6717
4493	5807
4493	8972
4493	1720
4493	2031
4493	6916
4493	5341
4493	2895
4493	7462
4493	9856
4493	1638
4494	1010
4494	5059
4494	475
4494	3753
4494	3715
4494	5973
4494	972
4494	3022
4494	6940
4494	2921
4495	616
4495	5586
4495	2516
4495	6522
4495	704
4495	3568
4495	4010
4495	2497
4495	8139
4495	3264
4496	9
4496	8440
4496	80
4496	5600
4496	1716
4496	3227
4496	54
4496	9685
4496	7303
4496	6505
4497	2294
4497	1263
4497	4302
4497	3455
4497	2307
4497	4628
4497	6995
4497	5104
4497	1179
4497	6760
4498	6069
4498	5792
4498	7847
4498	8639
4498	4358
4498	8558
4498	6458
4498	5059
4498	5617
4498	3369
4499	9414
4499	7226
4499	8499
4499	1927
4499	4140
4499	8372
4499	5785
4499	7093
4499	625
4499	8593
4500	9493
4500	3586
4500	3283
4500	9641
4500	2694
4500	2530
4500	7529
4500	5717
4500	1806
4500	1115
4501	9833
4501	5466
4501	4813
4501	479
4501	902
4501	6231
4501	5144
4501	8591
4501	6069
4501	4602
4502	891
4502	6274
4502	4970
4502	1839
4502	5257
4502	2918
4502	3807
4502	1026
4502	7993
4502	6835
4503	8071
4503	5133
4503	6531
4503	1144
4503	2345
4503	9493
4503	8736
4503	4597
4503	6680
4503	1447
4504	5032
4504	4152
4504	3997
4504	5987
4504	1756
4504	7549
4504	6611
4504	657
4504	994
4504	9342
4505	2767
4505	4673
4505	5039
4505	1810
4505	2430
4505	1402
4505	6721
4505	9220
4505	3677
4505	3235
4506	9508
4506	2312
4506	9757
4506	8549
4506	933
4506	1308
4506	7906
4506	729
4506	2216
4506	2700
4507	6366
4507	5285
4507	645
4507	328
4507	4052
4507	5350
4507	1840
4507	3319
4507	6984
4507	3113
4508	9221
4508	9211
4508	2048
4508	1387
4508	8933
4508	1149
4508	162
4508	1668
4508	1967
4508	5224
4509	34
4509	1198
4509	7608
4509	7156
4509	1751
4509	5047
4509	6282
4509	8587
4509	9338
4509	6965
4510	4269
4510	9831
4510	8686
4510	2908
4510	1132
4510	5412
4510	2512
4510	3346
4510	1436
4510	3856
4511	4395
4511	964
4511	2911
4511	65
4511	5130
4511	8634
4511	2139
4511	7736
4511	5352
4511	3886
4512	5494
4512	608
4512	2361
4512	3194
4512	6520
4512	6670
4512	9960
4512	6374
4512	3023
4512	6855
4513	1363
4513	2802
4513	7089
4513	3968
4513	3368
4513	5471
4513	7623
4513	5025
4513	2700
4513	7074
4514	7297
4514	8077
4514	7915
4514	821
4514	9191
4514	4090
4514	6914
4514	5694
4514	5322
4514	9199
4515	8339
4515	7496
4515	3423
4515	3486
4515	360
4515	3017
4515	5017
4515	4356
4515	7211
4515	3306
4516	6282
4516	5310
4516	2678
4516	9468
4516	93
4516	6237
4516	4939
4516	8673
4516	2957
4516	1227
4517	8605
4517	6593
4517	7353
4517	3442
4517	2556
4517	6181
4517	1727
4517	6521
4517	4238
4517	6060
4518	5387
4518	8870
4518	9992
4518	3430
4518	3665
4518	4426
4518	698
4518	9619
4518	7428
4518	9086
4519	8490
4519	816
4519	2250
4519	1120
4519	1909
4519	6635
4519	4646
4519	1729
4519	71
4519	3196
4520	256
4520	1394
4520	1629
4520	4705
4520	2221
4520	6768
4520	7692
4520	6
4520	1827
4520	2344
4521	54
4521	7453
4521	9510
4521	6636
4521	5525
4521	3455
4521	6638
4521	9666
4521	8407
4521	6949
4522	3290
4522	479
4522	709
4522	3885
4522	8189
4522	7465
4522	5441
4522	1831
4522	822
4522	5587
4523	1034
4523	3749
4523	9615
4523	1901
4523	9754
4523	5133
4523	699
4523	244
4523	8241
4523	321
4524	5205
4524	7683
4524	5074
4524	7690
4524	9879
4524	3672
4524	6615
4524	8437
4524	8494
4524	9439
4525	8834
4525	7251
4525	3312
4525	6765
4525	1283
4525	3226
4525	6101
4525	1430
4525	6481
4525	6600
4526	2752
4526	3069
4526	881
4526	9178
4526	8699
4526	2856
4526	3054
4526	1657
4526	5272
4526	9036
4527	2640
4527	5627
4527	8084
4527	4736
4527	1759
4527	8288
4527	5793
4527	4379
4527	34
4527	2750
4528	7223
4528	9633
4528	5366
4528	5166
4528	5270
4528	3614
4528	407
4528	9828
4528	7399
4528	4661
4529	8126
4529	1214
4529	675
4529	6487
4529	8639
4529	3774
4529	1426
4529	3152
4529	6376
4529	165
4530	1391
4530	8552
4530	3104
4530	6319
4530	9787
4530	3973
4530	5063
4530	212
4530	2949
4530	6301
4531	5115
4531	4763
4531	2945
4531	8995
4531	2840
4531	4850
4531	6251
4531	6543
4531	6647
4531	3235
4532	8423
4532	9963
4532	600
4532	698
4532	5303
4532	7942
4532	6547
4532	2391
4532	6626
4532	7534
4533	5652
4533	3819
4533	7535
4533	9791
4533	3022
4533	4290
4533	4567
4533	7629
4533	743
4533	1966
4534	6492
4534	4989
4534	5703
4534	8377
4534	7792
4534	4935
4534	3646
4534	3084
4534	3754
4534	177
4535	6203
4535	7894
4535	6382
4535	1346
4535	1781
4535	6081
4535	9926
4535	6500
4535	2624
4535	392
4536	428
4536	9507
4536	7980
4536	6450
4536	9192
4536	2022
4536	6225
4536	8943
4536	7027
4536	2603
4537	1977
4537	4618
4537	4630
4537	147
4537	7291
4537	7272
4537	3261
4537	3077
4537	8279
4537	3712
4538	1770
4538	3562
4538	2576
4538	6606
4538	729
4538	3843
4538	9350
4538	5109
4538	1670
4538	8757
4539	2529
4539	8609
4539	1801
4539	8616
4539	3609
4539	3722
4539	6609
4539	959
4539	805
4539	6439
4540	8195
4540	2438
4540	8859
4540	4247
4540	9136
4540	5642
4540	8436
4540	2999
4540	7680
4540	7884
4541	6668
4541	6934
4541	1594
4541	8601
4541	8177
4541	4860
4541	8121
4541	5809
4541	3845
4541	656
4542	36
4542	545
4542	8549
4542	697
4542	5677
4542	3580
4542	8472
4542	6114
4542	7385
4542	1793
4543	5141
4543	4607
4543	8959
4543	7747
4543	7357
4543	3245
4543	802
4543	9649
4543	480
4543	5931
4544	8325
4544	9410
4544	8665
4544	5740
4544	5070
4544	1354
4544	6572
4544	9827
4544	1217
4544	6539
4545	2649
4545	7376
4545	4345
4545	7674
4545	2929
4545	4548
4545	3941
4545	8904
4545	8445
4545	5879
4546	9409
4546	7884
4546	2044
4546	6060
4546	4404
4546	8031
4546	6615
4546	1774
4546	8716
4546	5035
4547	8619
4547	2567
4547	2453
4547	5167
4547	6218
4547	8861
4547	8131
4547	959
4547	6747
4547	7476
4548	215
4548	8905
4548	6026
4548	2830
4548	1775
4548	6489
4548	3603
4548	8300
4548	8855
4548	8280
4549	6370
4549	1388
4549	6807
4549	6289
4549	8313
4549	2124
4549	3220
4549	5196
4549	1810
4549	5734
4550	7374
4550	5668
4550	7379
4550	4773
4550	798
4550	4547
4550	6452
4550	2069
4550	3140
4550	4162
4551	7984
4551	4968
4551	266
4551	6602
4551	444
4551	6371
4551	687
4551	9311
4551	3613
4551	553
4552	3464
4552	1562
4552	3900
4552	6052
4552	3922
4552	9706
4552	7098
4552	6855
4552	1453
4552	1537
4553	2704
4553	9315
4553	2625
4553	7650
4553	7860
4553	5282
4553	913
4553	7679
4553	5359
4553	4602
4554	7939
4554	4947
4554	9607
4554	99
4554	4490
4554	3629
4554	1285
4554	7209
4554	1447
4554	1048
4555	2608
4555	9956
4555	7407
4555	3608
4555	6530
4555	815
4555	3500
4555	6812
4555	960
4555	3691
4556	3762
4556	6091
4556	7006
4556	428
4556	9301
4556	4088
4556	6181
4556	128
4556	1523
4556	9323
4557	2039
4557	4486
4557	1932
4557	9088
4557	8433
4557	8065
4557	7664
4557	7718
4557	1617
4557	7156
4558	8617
4558	9160
4558	1294
4558	7447
4558	4027
4558	2867
4558	6132
4558	845
4558	1156
4558	1087
4559	7773
4559	338
4559	5025
4559	7494
4559	4223
4559	9288
4559	5302
4559	5103
4559	2070
4559	4000
4560	2909
4560	7913
4560	9705
4560	7438
4560	7049
4560	8068
4560	5683
4560	2311
4560	4801
4560	3739
4561	9925
4561	9076
4561	143
4561	4171
4561	6276
4561	5329
4561	6371
4561	700
4561	719
4561	155
4562	8671
4562	680
4562	3912
4562	5685
4562	7221
4562	1568
4562	5116
4562	3060
4562	8023
4562	9234
4563	2339
4563	9435
4563	896
4563	152
4563	7489
4563	6053
4563	241
4563	5611
4563	3696
4563	8744
4564	3739
4564	7461
4564	6261
4564	1812
4564	9660
4564	6198
4564	6799
4564	6018
4564	6078
4564	4429
4565	9731
4565	5082
4565	7543
4565	1194
4565	2395
4565	2320
4565	9840
4565	7415
4565	2406
4565	3550
4566	3230
4566	4574
4566	9613
4566	2130
4566	2171
4566	3585
4566	1688
4566	1031
4566	120
4566	7147
4567	8216
4567	2436
4567	4175
4567	9265
4567	7132
4567	3132
4567	1383
4567	3942
4567	6227
4567	6968
4568	8852
4568	7616
4568	9558
4568	4820
4568	8329
4568	8036
4568	1757
4568	9273
4568	3505
4568	3377
4569	548
4569	5507
4569	7185
4569	2888
4569	6672
4569	1580
4569	2736
4569	6308
4569	3419
4569	9403
4570	9589
4570	409
4570	5978
4570	6459
4570	5878
4570	5078
4570	6635
4570	2988
4570	2195
4570	4805
4571	9124
4571	5035
4571	124
4571	2974
4571	5322
4571	7451
4571	1749
4571	3244
4571	843
4571	4272
4572	9232
4572	4194
4572	8245
4572	6031
4572	9539
4572	8553
4572	5928
4572	7890
4572	1234
4572	8403
4573	8653
4573	1984
4573	7962
4573	775
4573	9935
4573	850
4573	9187
4573	9304
4573	7099
4573	5190
4574	1245
4574	9907
4574	5224
4574	4418
4574	9544
4574	9182
4574	5935
4574	1728
4574	7275
4574	2342
4575	2584
4575	6589
4575	1527
4575	4837
4575	1160
4575	1449
4575	2484
4575	8187
4575	1904
4575	538
4576	3901
4576	3210
4576	7738
4576	6631
4576	9840
4576	9079
4576	9362
4576	2112
4576	6373
4576	7285
4577	5100
4577	2026
4577	1093
4577	2060
4577	3841
4577	2923
4577	9244
4577	5784
4577	2892
4577	1272
4578	5088
4578	9654
4578	1830
4578	1614
4578	3852
4578	5517
4578	6626
4578	9376
4578	4583
4578	2359
4579	1321
4579	6931
4579	8943
4579	6988
4579	6490
4579	4408
4579	5561
4579	5424
4579	2672
4579	2900
4580	4955
4580	6647
4580	4747
4580	5013
4580	2733
4580	2391
4580	6670
4580	4669
4580	8501
4580	5189
4581	8831
4581	2070
4581	7352
4581	4270
4581	4368
4581	4790
4581	1471
4581	1179
4581	6038
4581	1297
4582	8398
4582	8305
4582	2921
4582	6922
4582	2629
4582	9420
4582	8047
4582	3147
4582	2666
4582	1100
4583	2168
4583	5060
4583	3431
4583	7593
4583	4716
4583	9970
4583	4339
4583	8450
4583	6184
4583	991
4584	5846
4584	3293
4584	4843
4584	1212
4584	7921
4584	7079
4584	7431
4584	5373
4584	509
4584	3821
4585	5502
4585	7089
4585	1195
4585	2834
4585	1392
4585	3186
4585	8219
4585	6054
4585	5374
4585	2069
4586	3868
4586	5057
4586	7664
4586	9391
4586	3761
4586	7862
4586	2417
4586	8665
4586	1710
4586	4502
4587	7895
4587	6588
4587	7452
4587	8283
4587	1677
4587	6211
4587	2720
4587	8725
4587	1670
4587	4819
4588	7346
4588	6822
4588	6605
4588	5750
4588	6268
4588	1873
4588	1300
4588	3729
4588	4211
4588	7053
4589	9638
4589	798
4589	9392
4589	419
4589	1014
4589	366
4589	3155
4589	5698
4589	4714
4589	8961
4590	5638
4590	7903
4590	4510
4590	7264
4590	4414
4590	6951
4590	5277
4590	3180
4590	8598
4590	7018
4591	3344
4591	6797
4591	468
4591	1845
4591	848
4591	7564
4591	6237
4591	1384
4591	4027
4591	658
4592	2633
4592	4207
4592	1790
4592	6450
4592	8308
4592	2628
4592	8737
4592	9770
4592	5154
4592	6315
4593	2843
4593	4846
4593	4115
4593	5334
4593	4477
4593	8737
4593	4551
4593	937
4593	7671
4593	3391
4594	3857
4594	6854
4594	4822
4594	4098
4594	5520
4594	1086
4594	138
4594	7895
4594	7972
4594	1110
4595	9461
4595	4490
4595	2590
4595	734
4595	7748
4595	6541
4595	3354
4595	4448
4595	8631
4595	9541
4596	1095
4596	3329
4596	7845
4596	5859
4596	1676
4596	9698
4596	6229
4596	5794
4596	9352
4596	2991
4597	3521
4597	9405
4597	7556
4597	2159
4597	5960
4597	3552
4597	9633
4597	6645
4597	6846
4597	4089
4598	4099
4598	17
4598	7418
4598	2023
4598	1506
4598	2366
4598	1065
4598	7476
4598	6112
4598	2590
4599	4237
4599	3695
4599	224
4599	2809
4599	5933
4599	9943
4599	5592
4599	9022
4599	728
4599	5884
4600	946
4600	9707
4600	6269
4600	8660
4600	8235
4600	6264
4600	5932
4600	5405
4600	3048
4600	440
4601	622
4601	462
4601	4287
4601	9961
4601	8178
4601	7806
4601	1452
4601	5539
4601	4160
4601	2943
4602	309
4602	1785
4602	5134
4602	7213
4602	3281
4602	1511
4602	2268
4602	1207
4602	8339
4602	3625
4603	9046
4603	37
4603	7826
4603	2045
4603	3994
4603	718
4603	7310
4603	6730
4603	6075
4603	9192
4604	1578
4604	9629
4604	6904
4604	5843
4604	5544
4604	8010
4604	2531
4604	306
4604	5343
4604	927
4605	8039
4605	4632
4605	2876
4605	2977
4605	2699
4605	4299
4605	1599
4605	1108
4605	2721
4605	5430
4606	2510
4606	633
4606	5081
4606	9185
4606	7798
4606	9239
4606	6584
4606	9681
4606	6017
4606	5230
4607	7725
4607	980
4607	9136
4607	8812
4607	6057
4607	5839
4607	8987
4607	4597
4607	1202
4607	2921
4608	3255
4608	669
4608	3596
4608	5555
4608	2982
4608	2815
4608	5553
4608	3440
4608	2583
4608	2045
4609	6647
4609	8120
4609	4219
4609	9821
4609	2354
4609	4964
4609	867
4609	9614
4609	6096
4609	9922
4610	6745
4610	8751
4610	1971
4610	8822
4610	6100
4610	528
4610	9965
4610	5254
4610	7225
4610	2126
4611	3823
4611	8848
4611	3830
4611	9076
4611	7790
4611	9763
4611	8037
4611	6876
4611	9809
4611	5180
4612	5856
4612	5649
4612	7937
4612	5280
4612	3897
4612	9607
4612	2936
4612	9473
4612	8779
4612	9060
4613	3101
4613	6216
4613	6751
4613	5100
4613	1643
4613	5463
4613	7870
4613	2397
4613	1871
4613	6150
4614	2293
4614	3230
4614	1878
4614	6504
4614	4053
4614	1962
4614	9096
4614	2205
4614	7426
4614	3526
4615	2877
4615	867
4615	9585
4615	7984
4615	5208
4615	3159
4615	7699
4615	6398
4615	8390
4615	2817
4616	9692
4616	7562
4616	2908
4616	72
4616	6013
4616	8469
4616	3711
4616	9038
4616	5071
4616	5705
4617	1196
4617	9620
4617	8574
4617	7612
4617	5056
4617	916
4617	6663
4617	5077
4617	5220
4617	837
4618	5748
4618	993
4618	4780
4618	3233
4618	9145
4618	5009
4618	9467
4618	362
4618	371
4618	5900
4619	7805
4619	5974
4619	7213
4619	1409
4619	8225
4619	9417
4619	6146
4619	3731
4619	9922
4619	5603
4620	6899
4620	6608
4620	6458
4620	3560
4620	1678
4620	2440
4620	4629
4620	3075
4620	4338
4620	5448
4621	7787
4621	2831
4621	5014
4621	1467
4621	4733
4621	7229
4621	9619
4621	4803
4621	6981
4621	2251
4622	4034
4622	9451
4622	4030
4622	4834
4622	4323
4622	7159
4622	2776
4622	2544
4622	9547
4622	4936
4623	4796
4623	1821
4623	5258
4623	8022
4623	5758
4623	6833
4623	9413
4623	5972
4623	4302
4623	5430
4624	393
4624	5576
4624	8270
4624	3212
4624	5834
4624	2352
4624	4744
4624	356
4624	8837
4624	4137
4625	1331
4625	7866
4625	9771
4625	3418
4625	1478
4625	3748
4625	5913
4625	5358
4625	2261
4625	4645
4626	5890
4626	8549
4626	8206
4626	7944
4626	9127
4626	1502
4626	8293
4626	928
4626	450
4626	4253
4627	9238
4627	2465
4627	6978
4627	2697
4627	2596
4627	1951
4627	8300
4627	285
4627	8354
4627	1333
4628	2598
4628	5483
4628	8625
4628	531
4628	3396
4628	1292
4628	3596
4628	8153
4628	9978
4628	9888
4629	2784
4629	880
4629	9970
4629	2325
4629	2287
4629	107
4629	5319
4629	9154
4629	9031
4629	632
4630	3133
4630	6837
4630	5908
4630	231
4630	4661
4630	6372
4630	5943
4630	7815
4630	707
4630	9191
4631	410
4631	8200
4631	3660
4631	8950
4631	8814
4631	1409
4631	8953
4631	5158
4631	5580
4631	1904
4632	46
4632	5052
4632	8550
4632	8214
4632	806
4632	4220
4632	1796
4632	5074
4632	325
4632	2143
4633	9741
4633	6927
4633	1939
4633	4301
4633	6550
4633	7264
4633	9685
4633	2154
4633	4206
4633	8438
4634	329
4634	5412
4634	3051
4634	7849
4634	8027
4634	2397
4634	8938
4634	7818
4634	9412
4634	6737
4635	9023
4635	6916
4635	5537
4635	5712
4635	8197
4635	6668
4635	3949
4635	5201
4635	885
4635	612
4636	3853
4636	3734
4636	6505
4636	166
4636	5351
4636	4794
4636	9059
4636	4720
4636	6453
4636	4266
4637	6474
4637	9331
4637	9025
4637	8522
4637	8260
4637	6782
4637	6242
4637	6230
4637	2468
4637	646
4638	9330
4638	388
4638	353
4638	2427
4638	8144
4638	5066
4638	2659
4638	8095
4638	5474
4638	6662
4639	1961
4639	510
4639	6894
4639	6877
4639	6332
4639	5992
4639	8811
4639	2638
4639	7873
4639	3719
4640	6577
4640	8720
4640	3372
4640	7750
4640	9886
4640	92
4640	8614
4640	8386
4640	3682
4640	6252
4641	5258
4641	7078
4641	1597
4641	2080
4641	6526
4641	1860
4641	2801
4641	7254
4641	4304
4641	5343
4642	4519
4642	7966
4642	7434
4642	8356
4642	3567
4642	6993
4642	8563
4642	6658
4642	9469
4642	5047
4643	3188
4643	9008
4643	2297
4643	8511
4643	8652
4643	4705
4643	4023
4643	4612
4643	2293
4643	8373
4644	8715
4644	4609
4644	7280
4644	3560
4644	5776
4644	9105
4644	6681
4644	6535
4644	1063
4644	4889
4645	8693
4645	1342
4645	7561
4645	2725
4645	8657
4645	923
4645	5231
4645	7221
4645	6840
4645	9569
4646	4701
4646	2246
4646	3549
4646	5179
4646	1092
4646	7689
4646	8240
4646	1731
4646	2478
4646	4075
4647	5961
4647	2243
4647	2690
4647	4815
4647	231
4647	3327
4647	2970
4647	7184
4647	8630
4647	4995
4648	8572
4648	2054
4648	3066
4648	7353
4648	2307
4648	9662
4648	2260
4648	2858
4648	5855
4648	746
4649	5207
4649	339
4649	3269
4649	358
4649	7886
4649	5424
4649	5376
4649	3730
4649	2770
4649	104
4650	3400
4650	7534
4650	5869
4650	4247
4650	536
4650	9951
4650	5078
4650	4309
4650	5188
4650	3323
4651	2947
4651	7142
4651	5145
4651	7053
4651	4191
4651	9301
4651	1282
4651	4555
4651	6238
4651	4193
4652	9252
4652	1424
4652	7172
4652	9767
4652	8546
4652	2231
4652	7228
4652	2033
4652	6572
4652	5328
4653	8075
4653	9292
4653	4714
4653	5469
4653	355
4653	619
4653	8639
4653	2625
4653	4751
4653	211
4654	9296
4654	2873
4654	9758
4654	9988
4654	3153
4654	2249
4654	103
4654	4214
4654	3384
4654	8660
4655	1266
4655	6365
4655	3025
4655	5858
4655	6221
4655	9754
4655	2995
4655	5613
4655	417
4655	6274
4656	6544
4656	5298
4656	7888
4656	6057
4656	2092
4656	1557
4656	9220
4656	3793
4656	6166
4656	8817
4657	1887
4657	5477
4657	1763
4657	2102
4657	4829
4657	9188
4657	5871
4657	5385
4657	7754
4657	8391
4658	7411
4658	4983
4658	3832
4658	2953
4658	3202
4658	4529
4658	176
4658	5479
4658	2747
4658	6523
4659	9401
4659	9142
4659	207
4659	3270
4659	337
4659	1896
4659	8885
4659	1740
4659	2812
4659	6124
4660	3394
4660	1926
4660	9195
4660	8048
4660	4112
4660	8016
4660	228
4660	487
4660	8188
4660	6450
4661	2811
4661	6030
4661	7214
4661	8466
4661	2551
4661	5506
4661	952
4661	4693
4661	1821
4661	4620
4662	3918
4662	5358
4662	445
4662	5742
4662	538
4662	6464
4662	5136
4662	6254
4662	1958
4662	7191
4663	4243
4663	3353
4663	311
4663	8994
4663	2121
4663	9601
4663	2118
4663	1049
4663	1494
4663	7781
4664	8779
4664	6314
4664	9202
4664	394
4664	2000
4664	9656
4664	9784
4664	312
4664	1857
4664	9259
4665	5168
4665	5493
4665	7971
4665	9200
4665	6490
4665	7665
4665	1645
4665	7944
4665	6844
4665	3740
4666	5106
4666	4680
4666	8802
4666	6198
4666	4559
4666	9613
4666	2785
4666	668
4666	5581
4666	8230
4667	7645
4667	2320
4667	4791
4667	3716
4667	4400
4667	6451
4667	1948
4667	4859
4667	9355
4667	2106
4668	3132
4668	3494
4668	873
4668	2348
4668	1656
4668	4664
4668	978
4668	5119
4668	9831
4668	5528
4669	8065
4669	1461
4669	4903
4669	4457
4669	8684
4669	4750
4669	9457
4669	7562
4669	6181
4669	4136
4670	3741
4670	318
4670	2751
4670	7891
4670	4079
4670	4455
4670	3495
4670	1733
4670	5985
4670	7340
4671	4123
4671	3839
4671	7726
4671	1657
4671	9808
4671	8158
4671	833
4671	421
4671	6519
4671	9640
4672	8356
4672	2452
4672	6793
4672	3665
4672	2033
4672	7879
4672	5355
4672	8512
4672	3586
4672	9391
4673	1898
4673	1508
4673	3045
4673	6284
4673	2490
4673	5423
4673	6398
4673	4996
4673	5541
4673	4530
4674	7113
4674	529
4674	7042
4674	7754
4674	7362
4674	4973
4674	8450
4674	3740
4674	2773
4674	8480
4675	5220
4675	2215
4675	7351
4675	3891
4675	4460
4675	4356
4675	5836
4675	7733
4675	1065
4675	3939
4676	2432
4676	394
4676	194
4676	7877
4676	8520
4676	3333
4676	8912
4676	4310
4676	2328
4676	6838
4677	4553
4677	4919
4677	7657
4677	7464
4677	896
4677	6148
4677	7705
4677	8230
4677	2775
4677	9994
4678	7109
4678	3735
4678	63
4678	2087
4678	9606
4678	5838
4678	4734
4678	6559
4678	3710
4678	8974
4679	1867
4679	5066
4679	3543
4679	7266
4679	2341
4679	4438
4679	5745
4679	9746
4679	1714
4679	6132
4680	5245
4680	1279
4680	7147
4680	8176
4680	2440
4680	1166
4680	9828
4680	7275
4680	894
4680	7847
4681	5789
4681	3063
4681	6986
4681	6435
4681	36
4681	5546
4681	4433
4681	3279
4681	3304
4681	3931
4682	4485
4682	1803
4682	8846
4682	1888
4682	3613
4682	6043
4682	357
4682	8459
4682	2452
4682	8598
4683	8691
4683	9418
4683	6141
4683	9428
4683	8849
4683	358
4683	3559
4683	6602
4683	1145
4683	5940
4684	4992
4684	4972
4684	1860
4684	2556
4684	5343
4684	3878
4684	258
4684	9629
4684	723
4684	7377
4685	2122
4685	4782
4685	1139
4685	2793
4685	4929
4685	8224
4685	3758
4685	7536
4685	5790
4685	9162
4686	422
4686	5496
4686	1986
4686	8141
4686	4276
4686	8986
4686	3030
4686	1830
4686	4179
4686	9268
4687	7609
4687	5003
4687	866
4687	6197
4687	6679
4687	2089
4687	8489
4687	8309
4687	8875
4687	7976
4688	8047
4688	3492
4688	308
4688	207
4688	310
4688	4105
4688	8467
4688	6215
4688	5086
4688	3916
4689	2161
4689	6763
4689	9545
4689	9024
4689	5063
4689	1514
4689	4606
4689	814
4689	2225
4689	2049
4690	2786
4690	7695
4690	3391
4690	844
4690	4871
4690	5325
4690	7331
4690	4111
4690	1437
4690	7888
4691	9876
4691	5229
4691	3427
4691	9271
4691	1914
4691	3006
4691	9928
4691	3903
4691	7227
4691	4585
4692	8184
4692	1619
4692	2252
4692	7980
4692	4443
4692	7605
4692	1184
4692	4614
4692	6375
4692	9842
4693	2685
4693	5844
4693	4183
4693	7236
4693	5232
4693	6497
4693	8528
4693	3861
4693	2660
4693	9303
4694	5306
4694	4949
4694	9394
4694	6642
4694	3813
4694	7268
4694	7507
4694	4472
4694	1822
4694	9977
4695	1664
4695	7382
4695	1683
4695	5190
4695	2559
4695	8908
4695	8587
4695	2332
4695	395
4695	2001
4696	5557
4696	8749
4696	9639
4696	7893
4696	1769
4696	7774
4696	6214
4696	8625
4696	6573
4696	1958
4697	3410
4697	9166
4697	6576
4697	5498
4697	3135
4697	3468
4697	454
4697	7984
4697	6076
4697	8971
4698	2080
4698	3025
4698	4280
4698	9617
4698	147
4698	8409
4698	7991
4698	6829
4698	8043
4698	8017
4699	103
4699	9359
4699	5878
4699	4258
4699	3332
4699	7863
4699	2560
4699	3185
4699	6268
4699	8851
4700	2069
4700	9558
4700	32
4700	8478
4700	6984
4700	243
4700	7494
4700	6528
4700	3425
4700	9063
4701	4038
4701	1471
4701	625
4701	9574
4701	4808
4701	7515
4701	2543
4701	3720
4701	8010
4701	6604
4702	9318
4702	3513
4702	6788
4702	892
4702	618
4702	7978
4702	3316
4702	3903
4702	6996
4702	818
4703	9171
4703	9602
4703	2028
4703	3318
4703	914
4703	5232
4703	8434
4703	6175
4703	8261
4703	537
4704	5261
4704	5885
4704	7152
4704	6034
4704	108
4704	8357
4704	72
4704	5692
4704	1446
4704	789
4705	1738
4705	1674
4705	73
4705	4176
4705	3080
4705	2860
4705	7723
4705	7115
4705	5025
4705	6773
4706	5947
4706	1753
4706	7152
4706	2033
4706	3276
4706	5492
4706	9326
4706	7777
4706	1051
4706	4340
4707	3980
4707	1723
4707	4388
4707	8578
4707	6913
4707	7357
4707	4215
4707	1498
4707	1451
4707	4680
4708	2617
4708	6252
4708	2257
4708	1644
4708	9168
4708	8771
4708	3386
4708	1416
4708	1953
4708	4765
4709	3931
4709	9375
4709	6897
4709	5990
4709	8268
4709	3430
4709	5260
4709	9593
4709	7891
4709	4298
4710	56
4710	62
4710	2368
4710	9424
4710	6677
4710	7594
4710	1182
4710	6779
4710	3923
4710	7685
4711	4338
4711	7164
4711	5674
4711	9645
4711	3450
4711	2144
4711	2734
4711	4714
4711	4984
4711	4098
4712	8672
4712	7683
4712	2821
4712	1067
4712	7504
4712	5151
4712	1544
4712	6335
4712	8853
4712	6191
4713	8080
4713	7921
4713	2945
4713	1102
4713	3485
4713	5814
4713	8791
4713	3048
4713	6558
4713	1725
4714	4564
4714	5117
4714	9773
4714	1716
4714	9770
4714	5327
4714	6420
4714	7527
4714	2805
4714	3080
4715	9220
4715	9321
4715	3856
4715	3146
4715	5191
4715	3797
4715	1941
4715	6556
4715	7225
4715	8076
4716	2723
4716	5468
4716	3335
4716	7279
4716	3733
4716	65
4716	7381
4716	2696
4716	5270
4716	4044
4717	2019
4717	7243
4717	6112
4717	3366
4717	1322
4717	5562
4717	4336
4717	7533
4717	488
4717	2162
4718	2392
4718	1569
4718	728
4718	3777
4718	5640
4718	414
4718	6164
4718	4211
4718	7147
4718	6922
4719	4068
4719	5620
4719	6719
4719	1973
4719	9628
4719	2322
4719	9885
4719	1244
4719	8583
4719	8657
4720	2073
4720	5529
4720	5365
4720	599
4720	1160
4720	9629
4720	2118
4720	6438
4720	8365
4720	9164
4721	7141
4721	8125
4721	1788
4721	7178
4721	6543
4721	7587
4721	4604
4721	7165
4721	4005
4721	4238
4722	4906
4722	2013
4722	7505
4722	1613
4722	310
4722	1078
4722	606
4722	6570
4722	8871
4722	9586
4723	838
4723	1928
4723	1735
4723	1392
4723	5162
4723	8731
4723	8818
4723	2061
4723	5503
4723	301
4724	8503
4724	4177
4724	2225
4724	8651
4724	5548
4724	4256
4724	6193
4724	9070
4724	8465
4724	5430
4725	929
4725	7292
4725	2470
4725	4037
4725	5081
4725	4593
4725	2060
4725	3452
4725	5433
4725	4975
4726	6180
4726	8137
4726	9916
4726	1448
4726	1045
4726	9216
4726	1232
4726	8493
4726	9537
4726	7739
4727	1492
4727	7048
4727	9987
4727	4144
4727	8745
4727	3535
4727	9161
4727	5870
4727	5021
4727	2009
4728	660
4728	4632
4728	7958
4728	9671
4728	1747
4728	3265
4728	5364
4728	4177
4728	940
4728	6984
4729	4002
4729	30
4729	9282
4729	2795
4729	7876
4729	3681
4729	4933
4729	6944
4729	2542
4729	9574
4730	568
4730	6658
4730	8690
4730	4404
4730	8557
4730	2041
4730	3869
4730	2174
4730	925
4730	5137
4731	7797
4731	2915
4731	1369
4731	1949
4731	1136
4731	3749
4731	4400
4731	9018
4731	4623
4731	5794
4732	1976
4732	2594
4732	9238
4732	8635
4732	1619
4732	4483
4732	2651
4732	559
4732	9708
4732	8230
4733	1743
4733	5122
4733	8583
4733	7446
4733	1396
4733	1841
4733	9067
4733	331
4733	8344
4733	4165
4734	3604
4734	6694
4734	7740
4734	1793
4734	5563
4734	4383
4734	9152
4734	1337
4734	1416
4734	6628
4735	8542
4735	9239
4735	5649
4735	4044
4735	1956
4735	7008
4735	6123
4735	6934
4735	7153
4735	8488
4736	4399
4736	5066
4736	494
4736	5223
4736	158
4736	5441
4736	4349
4736	8067
4736	661
4736	3332
4737	1053
4737	4502
4737	3381
4737	8654
4737	760
4737	9480
4737	988
4737	6476
4737	6890
4737	4988
4738	2244
4738	7578
4738	8800
4738	4378
4738	3597
4738	3899
4738	7049
4738	1992
4738	8723
4738	3710
4739	1540
4739	7608
4739	6717
4739	3654
4739	5155
4739	2489
4739	1678
4739	9083
4739	3829
4739	6652
4740	8320
4740	1709
4740	5267
4740	5111
4740	3291
4740	8438
4740	4447
4740	7472
4740	2657
4740	139
4741	2277
4741	5208
4741	6444
4741	84
4741	5680
4741	8681
4741	9934
4741	5221
4741	2036
4741	7150
4742	2931
4742	1886
4742	7533
4742	432
4742	845
4742	9378
4742	6523
4742	2004
4742	5356
4742	5940
4743	7149
4743	1440
4743	4989
4743	3088
4743	5323
4743	3898
4743	2352
4743	2045
4743	4176
4743	8995
4744	7830
4744	8693
4744	3142
4744	1207
4744	636
4744	757
4744	9660
4744	292
4744	6125
4744	1332
4745	6463
4745	9779
4745	35
4745	30
4745	9884
4745	8822
4745	5052
4745	761
4745	1291
4745	7372
4746	5074
4746	3887
4746	1143
4746	9582
4746	887
4746	9735
4746	5943
4746	6743
4746	4452
4746	2254
4747	2332
4747	1117
4747	4262
4747	5529
4747	8334
4747	2847
4747	374
4747	5812
4747	5020
4747	6965
4748	9915
4748	4063
4748	9739
4748	1729
4748	4364
4748	8895
4748	2278
4748	7043
4748	3101
4748	4832
4749	5918
4749	1488
4749	9192
4749	7663
4749	9919
4749	9118
4749	3334
4749	2424
4749	3596
4749	1989
4750	3480
4750	6261
4750	8923
4750	9355
4750	5605
4750	7882
4750	6239
4750	2739
4750	7368
4750	6344
4751	9363
4751	109
4751	8725
4751	2972
4751	2365
4751	9761
4751	540
4751	5335
4751	5009
4751	6797
4752	9840
4752	8226
4752	2525
4752	6712
4752	4442
4752	5628
4752	790
4752	8817
4752	5493
4752	6113
4753	5256
4753	111
4753	7906
4753	7579
4753	4625
4753	2585
4753	9522
4753	3944
4753	9579
4753	8384
4754	1692
4754	8305
4754	2094
4754	925
4754	458
4754	5203
4754	1195
4754	2910
4754	1333
4754	3957
4755	2343
4755	775
4755	7614
4755	7909
4755	8639
4755	9862
4755	254
4755	9034
4755	2690
4755	9702
4756	6396
4756	3978
4756	9195
4756	1521
4756	9380
4756	9827
4756	7262
4756	3579
4756	3596
4756	1394
4757	3302
4757	844
4757	8791
4757	2882
4757	7066
4757	4701
4757	7985
4757	2457
4757	7323
4757	1860
4758	4474
4758	5971
4758	5932
4758	4499
4758	6497
4758	1376
4758	1145
4758	2844
4758	3399
4758	4597
4759	1827
4759	3613
4759	6724
4759	139
4759	7358
4759	6778
4759	808
4759	5231
4759	1183
4759	9592
4760	2839
4760	1841
4760	3471
4760	2440
4760	3258
4760	6158
4760	4028
4760	6217
4760	1222
4760	7224
4761	3169
4761	604
4761	2829
4761	9461
4761	3258
4761	1030
4761	3489
4761	7058
4761	3719
4761	6753
4762	9723
4762	3327
4762	2079
4762	6639
4762	5262
4762	7830
4762	3264
4762	3631
4762	9326
4762	2701
4763	1489
4763	8143
4763	6557
4763	6940
4763	2745
4763	3408
4763	9410
4763	4045
4763	7806
4763	933
4764	7499
4764	4940
4764	7034
4764	6445
4764	8146
4764	6048
4764	8010
4764	7445
4764	7088
4764	739
4765	4053
4765	7868
4765	8250
4765	1255
4765	2528
4765	1714
4765	4962
4765	2900
4765	4622
4765	4020
4766	4483
4766	3343
4766	8381
4766	1232
4766	6879
4766	3421
4766	2634
4766	7568
4766	5904
4766	5433
4767	9703
4767	3833
4767	6676
4767	5200
4767	4559
4767	6063
4767	6228
4767	301
4767	6077
4767	4362
4768	356
4768	9294
4768	2990
4768	2297
4768	6911
4768	8983
4768	243
4768	6615
4768	9407
4768	3234
4769	3310
4769	2870
4769	7468
4769	3836
4769	3705
4769	3404
4769	1692
4769	1347
4769	5553
4769	6110
4770	9215
4770	2914
4770	9649
4770	8571
4770	358
4770	1128
4770	1894
4770	1757
4770	8605
4770	6988
4771	8675
4771	3492
4771	9341
4771	3487
4771	2780
4771	4182
4771	1029
4771	2432
4771	5071
4771	3992
4772	7689
4772	2391
4772	1287
4772	1858
4772	2651
4772	1253
4772	8413
4772	3368
4772	3809
4772	6211
4773	555
4773	5101
4773	3822
4773	3169
4773	4546
4773	432
4773	9492
4773	3559
4773	2797
4773	1687
4774	7282
4774	4734
4774	7783
4774	9575
4774	5573
4774	2925
4774	8203
4774	5855
4774	6744
4774	9875
4775	6058
4775	8120
4775	7818
4775	9871
4775	7193
4775	1860
4775	846
4775	3974
4775	2068
4775	5784
4776	5241
4776	4381
4776	8768
4776	5725
4776	6554
4776	4689
4776	6006
4776	5618
4776	7175
4776	1197
4777	196
4777	8767
4777	6405
4777	1409
4777	8070
4777	8726
4777	2496
4777	9611
4777	9014
4777	3187
4778	983
4778	4320
4778	7542
4778	9760
4778	6185
4778	3340
4778	9209
4778	8092
4778	17
4778	9840
4779	1239
4779	9929
4779	6462
4779	6436
4779	2080
4779	9017
4779	3096
4779	436
4779	4816
4779	6062
4780	7956
4780	1583
4780	3478
4780	1980
4780	2063
4780	4344
4780	1645
4780	4514
4780	2369
4780	9742
4781	8905
4781	4209
4781	2848
4781	9901
4781	2239
4781	265
4781	8417
4781	6659
4781	5506
4781	6249
4782	5882
4782	2221
4782	9808
4782	8930
4782	1126
4782	2926
4782	7267
4782	308
4782	2032
4782	7528
4783	7892
4783	9019
4783	1856
4783	1651
4783	3332
4783	3599
4783	3676
4783	8199
4783	9390
4783	1877
4784	9445
4784	9392
4784	1256
4784	2835
4784	8624
4784	7705
4784	6553
4784	5091
4784	6085
4784	4628
4785	9182
4785	9549
4785	1574
4785	8484
4785	1548
4785	1004
4785	7104
4785	2029
4785	4458
4785	147
4786	5947
4786	6398
4786	2516
4786	6435
4786	520
4786	3722
4786	9492
4786	3504
4786	6099
4786	6270
4787	3943
4787	2160
4787	5961
4787	7993
4787	4999
4787	5321
4787	3752
4787	1379
4787	9487
4787	2376
4788	657
4788	9924
4788	7333
4788	8710
4788	1542
4788	9996
4788	113
4788	3424
4788	3457
4788	9551
4789	2323
4789	3804
4789	3656
4789	8441
4789	333
4789	2660
4789	5160
4789	4969
4789	7432
4789	8994
4790	1189
4790	9803
4790	1811
4790	510
4790	1514
4790	283
4790	8845
4790	2005
4790	9044
4790	8789
4791	3505
4791	4317
4791	8557
4791	1953
4791	8794
4791	1791
4791	3336
4791	1311
4791	7894
4791	6231
4792	43
4792	3966
4792	9203
4792	244
4792	5925
4792	6711
4792	3139
4792	7004
4792	2473
4792	8553
4793	2065
4793	7466
4793	3452
4793	3964
4793	8857
4793	5262
4793	7579
4793	8282
4793	9050
4793	4554
4794	5447
4794	3264
4794	5736
4794	6049
4794	6553
4794	5695
4794	258
4794	1043
4794	4831
4794	5185
4795	8554
4795	6486
4795	5223
4795	6996
4795	339
4795	9864
4795	678
4795	8504
4795	7525
4795	1351
4796	6460
4796	7803
4796	8989
4796	8955
4796	9056
4796	2268
4796	9579
4796	7609
4796	9867
4796	5563
4797	3021
4797	6420
4797	8837
4797	1376
4797	1602
4797	2094
4797	8318
4797	9854
4797	5664
4797	1695
4798	7441
4798	5350
4798	6870
4798	7173
4798	260
4798	1170
4798	4782
4798	5337
4798	6736
4798	6037
4799	213
4799	6388
4799	1257
4799	7544
4799	534
4799	8339
4799	2847
4799	1367
4799	6279
4799	2090
4800	5892
4800	2629
4800	9348
4800	2239
4800	1905
4800	378
4800	709
4800	3348
4800	1276
4800	1408
4801	6059
4801	3931
4801	2753
4801	902
4801	2410
4801	3375
4801	7254
4801	7402
4801	764
4801	6646
4802	3928
4802	1723
4802	1678
4802	4859
4802	7324
4802	116
4802	6220
4802	5373
4802	3709
4802	670
4803	5350
4803	997
4803	4683
4803	9130
4803	8105
4803	4551
4803	1559
4803	3751
4803	8797
4803	6119
4804	6839
4804	7162
4804	763
4804	3296
4804	6482
4804	389
4804	7839
4804	5480
4804	7254
4804	5493
4805	8655
4805	7426
4805	4950
4805	7111
4805	5789
4805	2972
4805	8917
4805	8787
4805	4729
4805	8019
4806	8488
4806	9577
4806	354
4806	4864
4806	8906
4806	1915
4806	908
4806	1580
4806	6854
4806	6359
4807	3018
4807	1516
4807	5375
4807	587
4807	5303
4807	2430
4807	3110
4807	1468
4807	3345
4807	5484
4808	8088
4808	1622
4808	7340
4808	2770
4808	458
4808	413
4808	8240
4808	6897
4808	7714
4808	4048
4809	1098
4809	2039
4809	6963
4809	2452
4809	356
4809	1006
4809	9150
4809	9723
4809	7678
4809	5866
4810	4244
4810	7927
4810	3837
4810	6434
4810	235
4810	6671
4810	8644
4810	1264
4810	9845
4810	6846
4811	1385
4811	458
4811	867
4811	211
4811	721
4811	611
4811	1565
4811	4820
4811	9900
4811	3441
4812	6462
4812	8478
4812	5365
4812	562
4812	6359
4812	3443
4812	7105
4812	9243
4812	9103
4812	6130
4813	2149
4813	4881
4813	4902
4813	8174
4813	7254
4813	2961
4813	3059
4813	789
4813	1335
4813	7475
4814	32
4814	9628
4814	3322
4814	1182
4814	7620
4814	4633
4814	2832
4814	7517
4814	4977
4814	6467
4815	9372
4815	683
4815	4841
4815	9854
4815	363
4815	1803
4815	3525
4815	9022
4815	5145
4815	2757
4816	8059
4816	3434
4816	9789
4816	6627
4816	7145
4816	9113
4816	4471
4816	3691
4816	2581
4816	4709
4817	7763
4817	9689
4817	8719
4817	3820
4817	1620
4817	7310
4817	7545
4817	7231
4817	8436
4817	6895
4818	7229
4818	1575
4818	4956
4818	7091
4818	1580
4818	6453
4818	46
4818	5234
4818	4945
4818	6656
4819	9269
4819	7933
4819	1834
4819	7376
4819	6382
4819	1498
4819	6422
4819	6721
4819	9697
4819	846
4820	4374
4820	3018
4820	4178
4820	7571
4820	9767
4820	1543
4820	8966
4820	7425
4820	7661
4820	3745
4821	7166
4821	7792
4821	8860
4821	2277
4821	894
4821	4357
4821	9182
4821	3932
4821	6524
4821	9664
4822	3479
4822	9693
4822	2741
4822	6771
4822	9413
4822	3175
4822	6325
4822	2995
4822	1713
4822	3431
4823	4647
4823	7154
4823	580
4823	3209
4823	3954
4823	7192
4823	7887
4823	8064
4823	7983
4823	5130
4824	1251
4824	7438
4824	6076
4824	9229
4824	3416
4824	9736
4824	9758
4824	5825
4824	2236
4824	1309
4825	7685
4825	5361
4825	16
4825	2215
4825	7747
4825	523
4825	5166
4825	398
4825	7644
4825	7857
4826	8773
4826	9405
4826	5063
4826	7011
4826	5389
4826	7467
4826	8909
4826	1234
4826	8471
4826	5689
4827	2014
4827	997
4827	7176
4827	9932
4827	4579
4827	5536
4827	1176
4827	3415
4827	932
4827	8082
4828	4705
4828	4459
4828	3698
4828	2586
4828	9046
4828	1284
4828	9457
4828	7065
4828	2523
4828	892
4829	575
4829	2216
4829	872
4829	8456
4829	1116
4829	490
4829	7885
4829	2071
4829	8934
4829	1212
4830	3203
4830	9915
4830	1460
4830	1290
4830	3729
4830	2593
4830	5762
4830	4533
4830	366
4830	1919
4831	310
4831	2309
4831	9959
4831	950
4831	645
4831	1897
4831	5091
4831	3463
4831	2664
4831	1336
4832	4325
4832	3505
4832	5306
4832	7439
4832	9662
4832	5709
4832	7328
4832	2933
4832	7665
4832	9410
4833	3957
4833	4824
4833	3851
4833	1243
4833	5504
4833	6645
4833	1510
4833	3742
4833	313
4833	457
4834	415
4834	5248
4834	9552
4834	5840
4834	82
4834	9107
4834	8865
4834	2922
4834	9902
4834	635
4835	2655
4835	1745
4835	272
4835	8599
4835	4418
4835	1715
4835	8269
4835	7692
4835	8652
4835	8157
4836	8791
4836	1750
4836	1767
4836	9569
4836	8146
4836	4771
4836	9930
4836	7589
4836	3614
4836	6581
4837	1225
4837	6947
4837	7233
4837	8403
4837	8174
4837	116
4837	4184
4837	3258
4837	5518
4837	5722
4838	317
4838	6484
4838	4981
4838	381
4838	6265
4838	5712
4838	3371
4838	4570
4838	5294
4838	1042
4839	8369
4839	5776
4839	6266
4839	4664
4839	7156
4839	8016
4839	8338
4839	8816
4839	7231
4839	8772
4840	779
4840	7130
4840	8874
4840	9931
4840	2405
4840	4142
4840	7578
4840	432
4840	6211
4840	7550
4841	5487
4841	1091
4841	5410
4841	2921
4841	2411
4841	3076
4841	6914
4841	2537
4841	3399
4841	4620
4842	653
4842	9513
4842	9082
4842	2976
4842	1012
4842	8429
4842	9022
4842	7156
4842	7042
4842	7283
4843	8426
4843	7158
4843	4430
4843	5000
4843	8999
4843	7472
4843	738
4843	1621
4843	2760
4843	94
4844	4027
4844	7005
4844	9959
4844	5746
4844	5576
4844	5149
4844	9747
4844	4215
4844	3132
4844	6073
4845	659
4845	2646
4845	9564
4845	532
4845	3395
4845	8111
4845	9347
4845	1582
4845	8301
4845	3718
4846	2521
4846	8433
4846	368
4846	2044
4846	6653
4846	7533
4846	3029
4846	7287
4846	390
4846	661
4847	3305
4847	8979
4847	2609
4847	9230
4847	9165
4847	8188
4847	7702
4847	7013
4847	5241
4847	9646
4848	6550
4848	8532
4848	3083
4848	7298
4848	3304
4848	5541
4848	143
4848	8210
4848	8689
4848	8138
4849	9074
4849	574
4849	2224
4849	7042
4849	5635
4849	7154
4849	2616
4849	4062
4849	5011
4849	776
4850	7956
4850	6682
4850	2286
4850	4204
4850	6189
4850	2894
4850	8171
4850	8891
4850	3846
4850	3183
4851	7842
4851	7402
4851	3293
4851	7789
4851	5641
4851	6464
4851	2427
4851	3148
4851	8058
4851	9939
4852	8128
4852	9478
4852	9160
4852	4233
4852	1343
4852	3562
4852	4074
4852	1779
4852	8901
4852	4866
4853	8132
4853	6428
4853	4977
4853	8735
4853	3842
4853	4026
4853	8867
4853	6394
4853	6966
4853	3681
4854	6854
4854	4128
4854	4706
4854	7926
4854	8386
4854	1549
4854	5404
4854	4258
4854	4472
4854	6354
4855	7724
4855	8942
4855	1087
4855	1212
4855	360
4855	3058
4855	5427
4855	5790
4855	3609
4855	9633
4856	7905
4856	5580
4856	2709
4856	4492
4856	1357
4856	817
4856	8182
4856	6700
4856	6740
4856	2350
4857	5897
4857	4734
4857	7859
4857	5407
4857	3633
4857	9931
4857	3586
4857	7798
4857	6992
4857	610
4858	8133
4858	3464
4858	7916
4858	3071
4858	7725
4858	8610
4858	9411
4858	5764
4858	2490
4858	9523
4859	5679
4859	6671
4859	4222
4859	2516
4859	3108
4859	7053
4859	2832
4859	1547
4859	5897
4859	9441
4860	7237
4860	2304
4860	6549
4860	7821
4860	6118
4860	264
4860	3116
4860	803
4860	4596
4860	1163
4861	9566
4861	6302
4861	3314
4861	9268
4861	3380
4861	5802
4861	7184
4861	7769
4861	1313
4861	9799
4862	3709
4862	1695
4862	6289
4862	5374
4862	6059
4862	9304
4862	427
4862	6610
4862	1902
4862	8636
4863	7352
4863	9729
4863	9929
4863	2895
4863	7231
4863	2149
4863	9129
4863	6400
4863	3636
4863	9430
4864	4690
4864	2295
4864	4452
4864	5233
4864	1498
4864	1512
4864	5731
4864	3206
4864	1877
4864	4183
4865	1011
4865	196
4865	9328
4865	3923
4865	2508
4865	249
4865	1710
4865	3135
4865	4646
4865	1166
4866	7306
4866	414
4866	9536
4866	8029
4866	343
4866	3750
4866	1657
4866	3487
4866	6310
4866	9301
4867	4832
4867	8519
4867	6056
4867	4422
4867	846
4867	3190
4867	7210
4867	9768
4867	4985
4867	2779
4868	3378
4868	5336
4868	5173
4868	7401
4868	4341
4868	3756
4868	3533
4868	4619
4868	9418
4868	7099
4869	2116
4869	3868
4869	7776
4869	6338
4869	9053
4869	4268
4869	566
4869	1757
4869	767
4869	7
4870	3781
4870	7568
4870	1762
4870	7542
4870	5768
4870	6758
4870	1639
4870	6301
4870	1600
4870	1264
4871	9334
4871	943
4871	9824
4871	8646
4871	4551
4871	4263
4871	2694
4871	9173
4871	9120
4871	396
4872	9302
4872	5370
4872	9426
4872	6104
4872	8978
4872	3326
4872	6972
4872	9181
4872	9247
4872	8210
4873	1512
4873	3669
4873	6527
4873	8853
4873	8185
4873	8914
4873	4545
4873	6044
4873	825
4873	270
4874	2746
4874	3009
4874	1323
4874	1224
4874	7922
4874	2694
4874	4417
4874	4987
4874	3209
4874	7105
4875	7127
4875	6007
4875	6327
4875	7150
4875	4355
4875	8310
4875	5979
4875	5896
4875	9682
4875	2347
4876	9556
4876	145
4876	9593
4876	4433
4876	8663
4876	9856
4876	492
4876	9682
4876	9693
4876	8798
4877	9714
4877	9741
4877	2015
4877	9311
4877	5131
4877	9607
4877	9759
4877	957
4877	9051
4877	590
4878	2367
4878	7389
4878	1725
4878	2322
4878	6553
4878	4134
4878	4366
4878	8421
4878	5444
4878	3199
4879	6425
4879	3182
4879	2717
4879	6187
4879	5255
4879	1860
4879	3786
4879	539
4879	4231
4879	4338
4880	5246
4880	2127
4880	3428
4880	2852
4880	1407
4880	4582
4880	7623
4880	7521
4880	4282
4880	1975
4881	3808
4881	9484
4881	2905
4881	2126
4881	749
4881	8350
4881	1142
4881	7354
4881	2560
4881	3678
4882	3906
4882	2285
4882	3112
4882	1476
4882	7819
4882	8798
4882	3841
4882	8862
4882	5501
4882	6393
4883	4336
4883	4014
4883	9413
4883	3580
4883	1020
4883	7604
4883	9421
4883	6140
4883	9140
4883	8910
4884	8944
4884	1166
4884	3268
4884	9238
4884	8948
4884	758
4884	7120
4884	320
4884	1494
4884	3104
4885	1057
4885	7138
4885	3110
4885	2581
4885	1726
4885	9919
4885	3945
4885	9056
4885	2770
4885	5268
4886	7868
4886	203
4886	647
4886	1464
4886	197
4886	38
4886	7237
4886	8940
4886	4618
4886	4296
4887	8432
4887	2247
4887	1744
4887	8271
4887	2898
4887	5451
4887	4658
4887	558
4887	7712
4887	1803
4888	603
4888	9610
4888	1362
4888	8926
4888	5848
4888	980
4888	7655
4888	3407
4888	3575
4888	7289
4889	2543
4889	5801
4889	1428
4889	9607
4889	2361
4889	1781
4889	9637
4889	402
4889	8261
4889	3586
4890	6301
4890	9148
4890	2190
4890	7674
4890	2676
4890	6990
4890	9361
4890	8186
4890	2547
4890	8428
4891	7424
4891	2156
4891	7216
4891	1968
4891	657
4891	6858
4891	4902
4891	5308
4891	1292
4891	7257
4892	3727
4892	2630
4892	9432
4892	5924
4892	205
4892	2476
4892	247
4892	4059
4892	2474
4892	7739
4893	1770
4893	8461
4893	9907
4893	7639
4893	3255
4893	9528
4893	4024
4893	9499
4893	8086
4893	2813
4894	9208
4894	6849
4894	224
4894	1901
4894	3470
4894	4597
4894	9383
4894	9637
4894	2421
4894	2231
4895	6222
4895	9820
4895	5231
4895	2127
4895	8464
4895	4145
4895	7844
4895	1203
4895	6806
4895	6001
4896	9341
4896	9523
4896	8917
4896	1659
4896	243
4896	5136
4896	4153
4896	6795
4896	7877
4896	2647
4897	8306
4897	2729
4897	7664
4897	6959
4897	4964
4897	2063
4897	4786
4897	2202
4897	7542
4897	3265
4898	5439
4898	3808
4898	4567
4898	9382
4898	224
4898	1743
4898	4985
4898	3028
4898	1910
4898	3919
4899	5973
4899	6197
4899	2135
4899	7107
4899	7555
4899	6388
4899	1179
4899	8338
4899	4635
4899	7641
4900	3001
4900	3871
4900	2853
4900	4708
4900	1536
4900	3436
4900	7098
4900	3324
4900	1833
4900	1976
4901	5303
4901	5747
4901	7249
4901	4114
4901	493
4901	2984
4901	5604
4901	7075
4901	4043
4901	2348
4902	6207
4902	9553
4902	6350
4902	6
4902	5250
4902	5980
4902	6207
4902	2465
4902	4066
4902	2824
4903	1808
4903	194
4903	8149
4903	7227
4903	3692
4903	410
4903	6384
4903	6288
4903	9121
4903	5804
4904	754
4904	3894
4904	2020
4904	19
4904	4735
4904	4083
4904	857
4904	2476
4904	4661
4904	4958
4905	8585
4905	1066
4905	1299
4905	8208
4905	710
4905	4779
4905	9132
4905	6769
4905	3509
4905	9939
4906	9882
4906	5967
4906	9292
4906	2295
4906	8842
4906	1011
4906	8928
4906	4526
4906	2856
4906	2002
4907	7531
4907	9284
4907	7533
4907	2969
4907	58
4907	2324
4907	1682
4907	5265
4907	5966
4907	6019
4908	9627
4908	8214
4908	1605
4908	7245
4908	6746
4908	2703
4908	3567
4908	8689
4908	4020
4908	3716
4909	4612
4909	5829
4909	8355
4909	1252
4909	2366
4909	5814
4909	1672
4909	3154
4909	2826
4909	9541
4910	6347
4910	2186
4910	6531
4910	4134
4910	2214
4910	1305
4910	208
4910	6578
4910	1607
4910	9807
4911	7418
4911	6283
4911	1485
4911	153
4911	5544
4911	1781
4911	3219
4911	1725
4911	9929
4911	6225
4912	7841
4912	1475
4912	8054
4912	70
4912	9937
4912	7445
4912	9899
4912	3988
4912	8461
4912	7809
4913	400
4913	5145
4913	5895
4913	4214
4913	9328
4913	5177
4913	9124
4913	2162
4913	9961
4913	3880
4914	5353
4914	7947
4914	7838
4914	8724
4914	8254
4914	2468
4914	8792
4914	6462
4914	6875
4914	8524
4915	5139
4915	1380
4915	9520
4915	5975
4915	4982
4915	3112
4915	2950
4915	8573
4915	681
4915	4760
4916	8619
4916	6862
4916	7495
4916	5234
4916	3894
4916	2799
4916	5798
4916	7091
4916	8035
4916	1177
4917	1285
4917	8504
4917	2580
4917	9766
4917	6463
4917	4982
4917	638
4917	7864
4917	6894
4917	7635
4918	6737
4918	493
4918	7535
4918	1473
4918	8689
4918	2029
4918	8693
4918	7833
4918	4560
4918	2389
4919	8046
4919	6472
4919	420
4919	2702
4919	9698
4919	8453
4919	5907
4919	2954
4919	6807
4919	6770
4920	5421
4920	2565
4920	1751
4920	4534
4920	3183
4920	2670
4920	2807
4920	8487
4920	3325
4920	8409
4921	6392
4921	7615
4921	3091
4921	8327
4921	5333
4921	8395
4921	5560
4921	2506
4921	2469
4921	9148
4922	834
4922	406
4922	5594
4922	7988
4922	7703
4922	1975
4922	7921
4922	9562
4922	2984
4922	1002
4923	1114
4923	3322
4923	9510
4923	647
4923	5687
4923	3478
4923	4137
4923	5260
4923	6902
4923	7198
4924	9389
4924	7229
4924	1426
4924	1674
4924	2258
4924	4946
4924	298
4924	7899
4924	1526
4924	9077
4925	4252
4925	8222
4925	1540
4925	393
4925	9207
4925	4051
4925	7033
4925	3976
4925	5680
4925	4197
4926	9097
4926	7076
4926	6349
4926	4872
4926	5854
4926	7771
4926	2221
4926	5774
4926	9171
4926	5574
4927	3904
4927	5137
4927	9181
4927	5351
4927	2342
4927	9631
4927	355
4927	4612
4927	2262
4927	7712
4928	4473
4928	6848
4928	4129
4928	4718
4928	4697
4928	5992
4928	9031
4928	6784
4928	8675
4928	195
4929	5660
4929	8435
4929	4
4929	7876
4929	3045
4929	3882
4929	6934
4929	174
4929	9722
4929	4383
4930	6690
4930	2399
4930	167
4930	3374
4930	1388
4930	4449
4930	9504
4930	4087
4930	4970
4930	661
4931	2753
4931	2698
4931	6697
4931	4981
4931	6762
4931	2637
4931	6933
4931	2195
4931	5541
4931	5590
4932	725
4932	3125
4932	9461
4932	7754
4932	6600
4932	4350
4932	461
4932	7002
4932	8780
4932	2283
4933	2794
4933	1426
4933	4606
4933	9006
4933	5638
4933	7339
4933	6054
4933	6106
4933	9691
4933	6471
4934	9065
4934	1543
4934	9262
4934	9127
4934	4526
4934	610
4934	9874
4934	7600
4934	8746
4934	3875
4935	8844
4935	8967
4935	2225
4935	7140
4935	5303
4935	9895
4935	2275
4935	4289
4935	7927
4935	9676
4936	6783
4936	7459
4936	7346
4936	7208
4936	4851
4936	8837
4936	3921
4936	8
4936	6866
4936	9975
4937	1981
4937	929
4937	9347
4937	7967
4937	7444
4937	2774
4937	164
4937	9691
4937	6042
4937	3201
4938	5393
4938	4004
4938	7211
4938	2945
4938	5163
4938	4015
4938	3614
4938	3395
4938	8694
4938	5948
4939	7389
4939	671
4939	7038
4939	7302
4939	6865
4939	9134
4939	8117
4939	331
4939	976
4939	4149
4940	770
4940	4319
4940	643
4940	9664
4940	8539
4940	348
4940	4129
4940	4500
4940	3659
4940	747
4941	8659
4941	6080
4941	8715
4941	3033
4941	2346
4941	5052
4941	3094
4941	7049
4941	6422
4941	1413
4942	182
4942	9493
4942	8109
4942	8528
4942	4965
4942	6576
4942	9712
4942	1072
4942	7016
4942	695
4943	4774
4943	5459
4943	1108
4943	5772
4943	9156
4943	9526
4943	2077
4943	4560
4943	1304
4943	1666
4944	8779
4944	1083
4944	7025
4944	9883
4944	8888
4944	8836
4944	9394
4944	963
4944	5651
4944	1255
4945	6290
4945	794
4945	6357
4945	5664
4945	4165
4945	7740
4945	7251
4945	6348
4945	6133
4945	826
4946	2215
4946	8033
4946	6106
4946	6588
4946	714
4946	4065
4946	7926
4946	7656
4946	1430
4946	2168
4947	428
4947	2899
4947	2522
4947	727
4947	9365
4947	1730
4947	4344
4947	8719
4947	6731
4947	9456
4948	1656
4948	5925
4948	2329
4948	4136
4948	1814
4948	2189
4948	268
4948	1400
4948	8233
4948	2462
4949	6312
4949	3959
4949	2438
4949	800
4949	1326
4949	6942
4949	6086
4949	6084
4949	4402
4949	9247
4950	7937
4950	7468
4950	2423
4950	6299
4950	8449
4950	3322
4950	1889
4950	3109
4950	8869
4950	643
4951	8355
4951	5632
4951	1711
4951	5475
4951	8581
4951	8205
4951	7668
4951	9849
4951	1865
4951	8866
4952	945
4952	4984
4952	4302
4952	9374
4952	7601
4952	3741
4952	412
4952	5096
4952	8056
4952	717
4953	8418
4953	7833
4953	9328
4953	7637
4953	3612
4953	8981
4953	1683
4953	9256
4953	4387
4953	4796
4954	7597
4954	8128
4954	8252
4954	3088
4954	4308
4954	9748
4954	1393
4954	13
4954	2089
4954	939
4955	6488
4955	8387
4955	6274
4955	5782
4955	9263
4955	3022
4955	2509
4955	6705
4955	8524
4955	2395
4956	3649
4956	984
4956	8699
4956	3624
4956	5651
4956	2640
4956	4532
4956	2460
4956	1455
4956	3175
4957	3688
4957	8727
4957	3136
4957	1628
4957	8045
4957	4344
4957	7992
4957	342
4957	1967
4957	7682
4958	2463
4958	263
4958	7400
4958	3551
4958	5005
4958	5440
4958	6953
4958	5980
4958	4052
4958	399
4959	9843
4959	8527
4959	6434
4959	624
4959	689
4959	2235
4959	1616
4959	6359
4959	3221
4959	7514
4960	4141
4960	5748
4960	3284
4960	1708
4960	420
4960	6281
4960	1906
4960	1952
4960	8782
4960	8553
4961	9562
4961	4962
4961	5694
4961	454
4961	5820
4961	1973
4961	9795
4961	1590
4961	8315
4961	7640
4962	2724
4962	2780
4962	5496
4962	152
4962	2624
4962	3471
4962	1156
4962	9923
4962	3952
4962	7027
4963	6210
4963	25
4963	3617
4963	3278
4963	2973
4963	8442
4963	191
4963	5371
4963	755
4963	6466
4964	2364
4964	4357
4964	5068
4964	2991
4964	9737
4964	6783
4964	8746
4964	2729
4964	1154
4964	8547
4965	6044
4965	4360
4965	5938
4965	1112
4965	9412
4965	9745
4965	9112
4965	9634
4965	6616
4965	6502
4966	8355
4966	9725
4966	746
4966	5136
4966	7803
4966	1800
4966	2557
4966	3575
4966	1343
4966	3959
4967	4373
4967	6302
4967	6193
4967	9600
4967	6850
4967	8469
4967	6478
4967	2263
4967	4806
4967	1109
4968	5830
4968	4087
4968	9592
4968	2924
4968	4736
4968	7882
4968	942
4968	2288
4968	2227
4968	2053
4969	1140
4969	4272
4969	2578
4969	9420
4969	726
4969	2640
4969	619
4969	8497
4969	638
4969	3898
4970	6615
4970	1792
4970	3305
4970	5171
4970	1952
4970	519
4970	4258
4970	8169
4970	1306
4970	5073
4971	8023
4971	902
4971	806
4971	3838
4971	397
4971	2055
4971	8776
4971	1945
4971	7334
4971	4768
4972	7862
4972	4803
4972	8075
4972	3071
4972	3863
4972	4000
4972	6498
4972	7614
4972	3918
4972	28
4973	9471
4973	216
4973	4544
4973	4498
4973	1035
4973	1961
4973	887
4973	6788
4973	1612
4973	6668
4974	5953
4974	9457
4974	9567
4974	3287
4974	9629
4974	6173
4974	838
4974	4333
4974	7602
4974	6959
4975	8560
4975	1639
4975	3059
4975	5407
4975	8791
4975	9990
4975	137
4975	8941
4975	808
4975	97
4976	3008
4976	2600
4976	2490
4976	8927
4976	5857
4976	462
4976	8908
4976	4172
4976	1131
4976	7045
4977	3817
4977	3323
4977	542
4977	7758
4977	4193
4977	4467
4977	6439
4977	698
4977	3184
4977	8430
4978	7413
4978	4937
4978	2768
4978	5046
4978	6472
4978	8234
4978	5170
4978	5179
4978	9149
4978	8390
4979	9882
4979	4293
4979	7007
4979	2966
4979	6437
4979	9407
4979	4895
4979	1655
4979	5910
4979	8293
4980	5246
4980	2077
4980	4233
4980	7554
4980	8174
4980	9221
4980	6095
4980	4511
4980	7219
4980	5692
4981	372
4981	648
4981	4373
4981	9717
4981	9994
4981	4882
4981	6047
4981	4790
4981	2748
4981	1180
4982	4819
4982	1683
4982	2515
4982	4569
4982	6416
4982	7672
4982	8006
4982	3896
4982	278
4982	884
4983	2413
4983	2355
4983	2550
4983	7108
4983	3810
4983	3067
4983	5266
4983	8786
4983	2046
4983	2502
4984	7684
4984	8251
4984	5648
4984	1130
4984	5396
4984	777
4984	9297
4984	7997
4984	6229
4984	3074
4985	3446
4985	4857
4985	4899
4985	598
4985	7208
4985	8692
4985	4905
4985	1865
4985	6796
4985	9200
4986	6858
4986	576
4986	7123
4986	453
4986	2609
4986	4459
4986	2764
4986	7931
4986	4834
4986	3317
4987	2773
4987	7858
4987	8403
4987	519
4987	1661
4987	7328
4987	421
4987	3644
4987	2948
4987	4803
4988	1624
4988	9041
4988	3628
4988	4193
4988	5074
4988	154
4988	6404
4988	8888
4988	6820
4988	6135
4989	4412
4989	9706
4989	5559
4989	5976
4989	634
4989	9657
4989	1514
4989	8992
4989	8977
4989	6608
4990	585
4990	1331
4990	3436
4990	3889
4990	9159
4990	4005
4990	5979
4990	5363
4990	8311
4990	2190
4991	9773
4991	2909
4991	4769
4991	7724
4991	7910
4991	1207
4991	7917
4991	7722
4991	3271
4991	9906
4992	1922
4992	8117
4992	4293
4992	5593
4992	8948
4992	5680
4992	2110
4992	5902
4992	9828
4992	6347
4993	603
4993	5199
4993	1408
4993	7305
4993	7868
4993	8412
4993	9066
4993	461
4993	132
4993	7730
4994	1788
4994	2444
4994	1249
4994	9500
4994	53
4994	5100
4994	7254
4994	6676
4994	9798
4994	2388
4995	3573
4995	3379
4995	5199
4995	135
4995	4275
4995	9747
4995	5792
4995	4909
4995	3063
4995	7657
4996	4070
4996	2113
4996	2043
4996	4964
4996	7762
4996	9780
4996	6839
4996	2578
4996	720
4996	5564
4997	6192
4997	7353
4997	7719
4997	8063
4997	1676
4997	5470
4997	3695
4997	1411
4997	5371
4997	408
4998	3415
4998	4442
4998	9583
4998	4535
4998	3926
4998	6121
4998	6571
4998	5335
4998	5202
4998	2337
4999	5296
4999	4716
4999	4298
4999	2846
4999	5064
4999	6692
4999	6145
4999	6761
4999	2729
4999	613
5000	9071
5000	9810
5000	1822
5000	978
5000	2616
5000	5107
5000	6277
5000	7550
5000	5637
5000	1265
5001	4207
5001	1306
5001	6392
5001	8533
5001	9046
5001	8590
5001	7333
5001	5788
5001	1791
5001	8641
5002	9385
5002	4766
5002	9035
5002	3774
5002	4021
5002	6527
5002	4011
5002	2080
5002	5313
5002	868
5003	723
5003	3140
5003	5321
5003	9608
5003	4188
5003	485
5003	1425
5003	1634
5003	2723
5003	4240
5004	8986
5004	5875
5004	1698
5004	7125
5004	1302
5004	799
5004	7347
5004	7692
5004	4823
5004	7180
5005	3069
5005	3133
5005	6133
5005	4105
5005	5243
5005	1597
5005	3392
5005	5345
5005	1715
5005	6789
5006	4414
5006	376
5006	2700
5006	9042
5006	2054
5006	6413
5006	2813
5006	5484
5006	1536
5006	9938
5007	4128
5007	3807
5007	3772
5007	611
5007	7232
5007	7060
5007	8483
5007	4335
5007	6726
5007	1744
5008	8242
5008	6313
5008	4839
5008	9604
5008	9711
5008	42
5008	340
5008	5036
5008	1557
5008	5104
5009	1434
5009	4702
5009	6297
5009	1627
5009	6487
5009	5406
5009	1344
5009	4595
5009	5633
5009	5658
5010	5682
5010	4985
5010	8803
5010	9218
5010	4044
5010	5975
5010	3718
5010	1182
5010	7293
5010	2275
5011	3085
5011	2879
5011	8246
5011	3890
5011	3882
5011	9773
5011	6455
5011	8383
5011	7013
5011	5207
5012	3287
5012	3753
5012	7472
5012	8949
5012	5404
5012	220
5012	4023
5012	8396
5012	3790
5012	6876
5013	9316
5013	963
5013	1342
5013	4956
5013	7500
5013	7969
5013	8255
5013	7189
5013	3081
5013	2129
5014	9262
5014	9721
5014	7699
5014	2071
5014	617
5014	8233
5014	5572
5014	9086
5014	8120
5014	3056
5015	6929
5015	739
5015	4018
5015	1315
5015	5894
5015	2276
5015	6586
5015	9567
5015	5559
5015	411
5016	7879
5016	5289
5016	954
5016	8777
5016	9629
5016	4446
5016	9106
5016	5579
5016	8641
5016	9
5017	8369
5017	7676
5017	8878
5017	7075
5017	6055
5017	5949
5017	1963
5017	5569
5017	5108
5017	4763
5018	5797
5018	572
5018	7007
5018	7819
5018	4677
5018	4799
5018	1450
5018	7864
5018	749
5018	3812
5019	5191
5019	2186
5019	4792
5019	2083
5019	5111
5019	1465
5019	9613
5019	7999
5019	2440
5019	5777
5020	5629
5020	8602
5020	6865
5020	1937
5020	7366
5020	3125
5020	6941
5020	8972
5020	5908
5020	3156
5021	3774
5021	3948
5021	2325
5021	1281
5021	1673
5021	9740
5021	2752
5021	3281
5021	5116
5021	4137
5022	5505
5022	3323
5022	4594
5022	1807
5022	9351
5022	4101
5022	1844
5022	5195
5022	6824
5022	300
5023	5785
5023	7354
5023	386
5023	273
5023	3967
5023	1342
5023	7467
5023	2450
5023	943
5023	9912
5024	2190
5024	6415
5024	5903
5024	8745
5024	752
5024	9329
5024	8555
5024	453
5024	6864
5024	6313
5025	8034
5025	9080
5025	5655
5025	2281
5025	6921
5025	6020
5025	5743
5025	1500
5025	3292
5025	6397
5026	857
5026	8265
5026	1380
5026	9095
5026	6973
5026	3087
5026	5116
5026	1544
5026	696
5026	6362
5027	5560
5027	7367
5027	7267
5027	374
5027	6291
5027	9283
5027	7708
5027	2596
5027	8323
5027	5942
5028	1342
5028	2256
5028	186
5028	1156
5028	3134
5028	9167
5028	1861
5028	7129
5028	1851
5028	4081
5029	460
5029	2413
5029	3752
5029	1300
5029	608
5029	3452
5029	5641
5029	8129
5029	7010
5029	4909
5030	3196
5030	8855
5030	78
5030	2450
5030	5427
5030	2231
5030	4544
5030	8706
5030	7026
5030	5234
5031	7121
5031	9383
5031	2643
5031	9819
5031	9378
5031	7235
5031	5967
5031	509
5031	1737
5031	9441
5032	4214
5032	745
5032	8178
5032	7587
5032	2454
5032	8270
5032	5983
5032	3993
5032	8027
5032	961
5033	966
5033	5183
5033	8770
5033	6210
5033	1853
5033	8868
5033	5562
5033	4083
5033	2773
5033	2835
5034	8305
5034	5158
5034	165
5034	6747
5034	6001
5034	7710
5034	9414
5034	3987
5034	8686
5034	9896
5035	8613
5035	4613
5035	9442
5035	8687
5035	3526
5035	2536
5035	1993
5035	4601
5035	2391
5035	2765
5036	8959
5036	5486
5036	9750
5036	9280
5036	7966
5036	1904
5036	9161
5036	5885
5036	7467
5036	9855
5037	7693
5037	9998
5037	6206
5037	3155
5037	8851
5037	4203
5037	9173
5037	5281
5037	1632
5037	806
5038	8859
5038	1813
5038	4310
5038	4942
5038	7021
5038	8766
5038	5118
5038	9501
5038	2151
5038	6729
5039	2699
5039	859
5039	7239
5039	1689
5039	2533
5039	2535
5039	8561
5039	4612
5039	7936
5039	2542
5040	9122
5040	6910
5040	387
5040	1751
5040	9516
5040	7288
5040	7454
5040	823
5040	6117
5040	4255
5041	7650
5041	6282
5041	6619
5041	5958
5041	1877
5041	2320
5041	5322
5041	6368
5041	9847
5041	2098
5042	8807
5042	6817
5042	930
5042	6389
5042	2568
5042	47
5042	7871
5042	2818
5042	829
5042	8493
5043	6725
5043	4864
5043	9816
5043	7641
5043	3566
5043	238
5043	927
5043	9756
5043	6569
5043	3113
5044	9379
5044	9411
5044	2391
5044	3045
5044	6016
5044	9787
5044	6572
5044	5210
5044	78
5044	5673
5045	5480
5045	2085
5045	5431
5045	1914
5045	8382
5045	436
5045	3056
5045	7826
5045	9636
5045	2592
5046	8426
5046	8965
5046	974
5046	6553
5046	1635
5046	7753
5046	8611
5046	9174
5046	7258
5046	9940
5047	6418
5047	8792
5047	1933
5047	6843
5047	9171
5047	1945
5047	4589
5047	9051
5047	2603
5047	6476
5048	5335
5048	3673
5048	3732
5048	1565
5048	2642
5048	8786
5048	8940
5048	3393
5048	3656
5048	4458
5049	1953
5049	1444
5049	4311
5049	4840
5049	5635
5049	5512
5049	9182
5049	9328
5049	6187
5049	1658
5050	1796
5050	8124
5050	2425
5050	6549
5050	2227
5050	5158
5050	7700
5050	152
5050	1089
5050	6659
5051	3386
5051	3527
5051	2498
5051	2471
5051	4307
5051	988
5051	1451
5051	8782
5051	537
5051	5359
5052	700
5052	3656
5052	9661
5052	2377
5052	6592
5052	6554
5052	679
5052	8833
5052	4877
5052	2177
5053	9460
5053	1701
5053	4604
5053	6787
5053	7483
5053	7671
5053	4511
5053	7617
5053	8756
5053	4094
5054	3190
5054	7575
5054	9898
5054	9922
5054	6378
5054	5679
5054	3397
5054	5240
5054	747
5054	3133
5055	5282
5055	3790
5055	3442
5055	601
5055	4336
5055	4425
5055	5045
5055	777
5055	8672
5055	5523
5056	8532
5056	6296
5056	7532
5056	5106
5056	7079
5056	745
5056	7254
5056	8712
5056	2191
5056	1533
5057	6655
5057	459
5057	822
5057	3801
5057	2621
5057	258
5057	8720
5057	1957
5057	5716
5057	4319
5058	9804
5058	3126
5058	7612
5058	4019
5058	389
5058	8628
5058	2121
5058	521
5058	6851
5058	9090
5059	9908
5059	2769
5059	1346
5059	8143
5059	9879
5059	9990
5059	4700
5059	2640
5059	329
5059	1129
5060	6762
5060	5439
5060	5997
5060	1001
5060	5585
5060	2261
5060	3825
5060	9460
5060	3113
5060	5255
5061	3048
5061	2564
5061	3368
5061	4896
5061	1637
5061	2339
5061	6945
5061	1328
5061	9135
5061	2269
5062	7361
5062	1793
5062	8326
5062	7809
5062	587
5062	6703
5062	6324
5062	222
5062	5783
5062	1426
5063	335
5063	6345
5063	4027
5063	5200
5063	5856
5063	2375
5063	5381
5063	5854
5063	9805
5063	1702
5064	4188
5064	6595
5064	1056
5064	8988
5064	9467
5064	5415
5064	8091
5064	521
5064	1412
5064	1498
5065	6069
5065	1477
5065	6631
5065	5555
5065	1706
5065	2531
5065	945
5065	6312
5065	5696
5065	9353
5066	6675
5066	1726
5066	5967
5066	8285
5066	9538
5066	847
5066	2313
5066	3394
5066	1039
5066	5776
5067	8122
5067	6903
5067	5966
5067	7259
5067	5266
5067	3306
5067	3164
5067	546
5067	5157
5067	6096
5068	4735
5068	8024
5068	4478
5068	7840
5068	5525
5068	2883
5068	5203
5068	4538
5068	6999
5068	7477
5069	956
5069	1775
5069	9582
5069	8083
5069	4652
5069	3469
5069	1420
5069	4204
5069	6288
5069	3311
5070	9761
5070	6130
5070	2857
5070	1546
5070	2714
5070	7524
5070	1812
5070	6590
5070	8548
5070	4219
5071	9249
5071	9737
5071	2976
5071	5134
5071	7692
5071	9128
5071	9274
5071	3563
5071	299
5071	7902
5072	5564
5072	5031
5072	9673
5072	1772
5072	4182
5072	4126
5072	5204
5072	1343
5072	4821
5072	6073
5073	6344
5073	3263
5073	520
5073	7914
5073	9129
5073	7488
5073	1869
5073	406
5073	4760
5073	6972
5074	478
5074	9579
5074	2924
5074	5187
5074	5868
5074	4741
5074	2898
5074	1648
5074	9531
5074	6302
5075	5503
5075	2552
5075	7582
5075	8509
5075	1246
5075	3859
5075	4311
5075	942
5075	9224
5075	6006
5076	1587
5076	3862
5076	4351
5076	6282
5076	1675
5076	4323
5076	5155
5076	6804
5076	7007
5076	148
5077	5750
5077	5085
5077	1102
5077	2424
5077	2968
5077	3889
5077	6462
5077	869
5077	4483
5077	1320
5078	1423
5078	126
5078	9692
5078	1859
5078	8038
5078	872
5078	6687
5078	5021
5078	937
5078	2923
5079	8883
5079	7025
5079	9160
5079	1852
5079	687
5079	7244
5079	8585
5079	1597
5079	2187
5079	9832
5080	1774
5080	1603
5080	2391
5080	2930
5080	6826
5080	5998
5080	4110
5080	3046
5080	1369
5080	1699
5081	4059
5081	8411
5081	7457
5081	7772
5081	8218
5081	3685
5081	5156
5081	9766
5081	2502
5081	6046
5082	6979
5082	9517
5082	242
5082	6757
5082	3880
5082	2726
5082	6588
5082	729
5082	3694
5082	910
5083	3892
5083	8926
5083	6622
5083	4803
5083	1616
5083	4281
5083	856
5083	1121
5083	3229
5083	9063
5084	3924
5084	9693
5084	7630
5084	4393
5084	8940
5084	457
5084	2719
5084	4173
5084	8960
5084	4971
5085	4260
5085	6657
5085	8373
5085	6325
5085	3539
5085	2365
5085	7275
5085	4798
5085	6580
5085	1604
5086	3846
5086	7672
5086	560
5086	6896
5086	260
5086	6721
5086	5451
5086	6570
5086	661
5086	4510
5087	1628
5087	5196
5087	4854
5087	5063
5087	6234
5087	5074
5087	3210
5087	5081
5087	4988
5087	4031
5088	9964
5088	2670
5088	1302
5088	3355
5088	6567
5088	9963
5088	5579
5088	467
5088	1154
5088	9138
5089	9887
5089	3251
5089	6114
5089	9521
5089	1267
5089	7940
5089	1645
5089	7979
5089	9062
5089	6200
5090	7387
5090	1362
5090	8176
5090	7186
5090	3554
5090	7043
5090	3889
5090	2292
5090	8860
5090	2158
5091	2971
5091	3104
5091	5532
5091	4622
5091	8010
5091	2672
5091	9318
5091	7569
5091	9552
5091	1470
5092	5587
5092	2327
5092	8335
5092	3736
5092	9220
5092	95
5092	1368
5092	3405
5092	8365
5092	5130
5093	5544
5093	4516
5093	7434
5093	8316
5093	5728
5093	4167
5093	9522
5093	1476
5093	2295
5093	9866
5094	7114
5094	9242
5094	9308
5094	5547
5094	5261
5094	4355
5094	4956
5094	2965
5094	4499
5094	4659
5095	1155
5095	4241
5095	1292
5095	5747
5095	7423
5095	4760
5095	7078
5095	7126
5095	8538
5095	1842
5096	2456
5096	5797
5096	6673
5096	8548
5096	6921
5096	8833
5096	2988
5096	8121
5096	213
5096	6709
5097	3619
5097	1126
5097	2961
5097	2189
5097	6981
5097	6156
5097	1533
5097	8225
5097	6358
5097	4866
5098	8345
5098	3613
5098	6681
5098	3756
5098	6618
5098	1225
5098	9964
5098	2697
5098	5752
5098	2732
5099	9438
5099	5731
5099	9889
5099	2309
5099	2304
5099	7297
5099	7743
5099	293
5099	6131
5099	8036
5100	7611
5100	2191
5100	9905
5100	2091
5100	5433
5100	5603
5100	9100
5100	8406
5100	853
5100	6576
5101	7443
5101	935
5101	7344
5101	6817
5101	5132
5101	1814
5101	7237
5101	6377
5101	7209
5101	7807
5102	2499
5102	3950
5102	3054
5102	6201
5102	4848
5102	2986
5102	6428
5102	8086
5102	4940
5102	476
5103	684
5103	9545
5103	5739
5103	1216
5103	6281
5103	9522
5103	6900
5103	978
5103	9159
5103	5312
5104	5871
5104	187
5104	6591
5104	3255
5104	392
5104	7640
5104	7830
5104	6196
5104	880
5104	540
5105	3910
5105	400
5105	794
5105	8386
5105	8086
5105	6095
5105	3912
5105	1725
5105	4039
5105	2507
5106	4788
5106	8170
5106	9058
5106	3029
5106	9342
5106	7946
5106	6676
5106	55
5106	6149
5106	5605
5107	8431
5107	1017
5107	4387
5107	2120
5107	8173
5107	9054
5107	2716
5107	9062
5107	4487
5107	3841
5108	3690
5108	1252
5108	4901
5108	6454
5108	1247
5108	4938
5108	8028
5108	7
5108	9890
5108	6473
5109	2262
5109	1799
5109	1940
5109	3019
5109	6177
5109	4621
5109	9630
5109	2795
5109	8773
5109	5438
5110	7152
5110	9973
5110	5672
5110	6576
5110	3178
5110	7548
5110	3213
5110	5208
5110	1451
5110	3395
5111	5530
5111	5094
5111	5980
5111	1783
5111	6638
5111	2691
5111	4362
5111	5483
5111	4895
5111	1978
5112	9968
5112	5083
5112	194
5112	403
5112	9364
5112	5892
5112	687
5112	5258
5112	9369
5112	2907
5113	2052
5113	6428
5113	5609
5113	6816
5113	4865
5113	1621
5113	7148
5113	5548
5113	2781
5113	7513
5114	8174
5114	5338
5114	5348
5114	1690
5114	7655
5114	2539
5114	538
5114	2321
5114	6337
5114	8842
5115	2772
5115	6502
5115	8309
5115	9954
5115	8340
5115	599
5115	8939
5115	384
5115	9992
5115	4142
5116	5332
5116	1516
5116	7437
5116	4508
5116	5851
5116	6662
5116	2437
5116	4100
5116	9498
5116	7507
5117	3027
5117	3846
5117	2419
5117	6634
5117	470
5117	8993
5117	1761
5117	3572
5117	7261
5117	4804
5118	5213
5118	6105
5118	7796
5118	9736
5118	8030
5118	6787
5118	5715
5118	5037
5118	646
5118	1582
5119	1514
5119	8580
5119	8566
5119	2833
5119	2076
5119	637
5119	4564
5119	2709
5119	9658
5119	3734
5120	8090
5120	3335
5120	9368
5120	7537
5120	4731
5120	727
5120	1839
5120	6615
5120	8592
5120	7540
5121	1294
5121	1270
5121	2474
5121	3541
5121	9748
5121	2419
5121	4396
5121	6593
5121	136
5121	2494
5122	4420
5122	542
5122	5921
5122	5462
5122	1370
5122	799
5122	674
5122	8271
5122	261
5122	3172
5123	7266
5123	9622
5123	774
5123	8583
5123	269
5123	9967
5123	2930
5123	9001
5123	2634
5123	6984
5124	7812
5124	4447
5124	398
5124	4901
5124	6379
5124	5071
5124	2948
5124	4949
5124	2200
5124	2164
5125	7341
5125	3223
5125	9162
5125	8005
5125	1161
5125	8864
5125	866
5125	8875
5125	4755
5125	1487
5126	6657
5126	4879
5126	1812
5126	5322
5126	9712
5126	3945
5126	1896
5126	6841
5126	3597
5126	2971
5127	6716
5127	7226
5127	8647
5127	7839
5127	8627
5127	7079
5127	105
5127	955
5127	3768
5127	4431
5128	3012
5128	9283
5128	6881
5128	1702
5128	2545
5128	2503
5128	329
5128	5722
5128	8305
5128	4760
5129	7191
5129	4206
5129	8701
5129	1703
5129	6852
5129	1912
5129	3181
5129	6893
5129	7643
5129	5350
5130	7164
5130	9374
5130	5365
5130	7786
5130	4862
5130	6391
5130	4376
5130	7575
5130	9419
5130	7029
5131	8347
5131	5472
5131	7391
5131	9883
5131	141
5131	4475
5131	3308
5131	7202
5131	2011
5131	9159
5132	4375
5132	8100
5132	6109
5132	7263
5132	5431
5132	2211
5132	7216
5132	6530
5132	7207
5132	1264
5133	5810
5133	9085
5133	5084
5133	4074
5133	8772
5133	271
5133	302
5133	5223
5133	2509
5133	1492
5134	7818
5134	9840
5134	1592
5134	741
5134	3931
5134	7710
5134	8558
5134	712
5134	3869
5134	9511
5135	834
5135	2684
5135	1188
5135	7460
5135	4813
5135	4069
5135	4677
5135	8574
5135	6189
5135	9851
5136	3854
5136	1798
5136	26
5136	1325
5136	1953
5136	5751
5136	8473
5136	2327
5136	4258
5136	7289
5137	8382
5137	5942
5137	226
5137	1819
5137	6060
5137	5258
5137	5595
5137	7655
5137	9772
5137	1032
5138	3341
5138	9340
5138	4643
5138	2204
5138	4577
5138	4884
5138	4148
5138	3073
5138	9911
5138	1662
5139	4182
5139	736
5139	1281
5139	3208
5139	6547
5139	7939
5139	5164
5139	2952
5139	5045
5139	5216
5140	8126
5140	2360
5140	4350
5140	5540
5140	5184
5140	6614
5140	6100
5140	7632
5140	286
5140	1972
5141	3092
5141	373
5141	3424
5141	4718
5141	1642
5141	8699
5141	2027
5141	8800
5141	7483
5141	1312
5142	3877
5142	552
5142	3448
5142	5787
5142	6009
5142	9168
5142	959
5142	6062
5142	9546
5142	3232
5143	9090
5143	3005
5143	6499
5143	8132
5143	3200
5143	7303
5143	6886
5143	1008
5143	516
5143	4880
5144	5396
5144	9779
5144	4015
5144	7558
5144	5502
5144	211
5144	5079
5144	6545
5144	6179
5144	1730
5145	836
5145	9092
5145	9366
5145	3061
5145	9826
5145	3274
5145	8840
5145	3465
5145	6121
5145	2284
5146	2458
5146	1720
5146	5192
5146	6477
5146	6215
5146	3106
5146	8444
5146	1293
5146	3945
5146	3917
5147	6694
5147	9506
5147	6624
5147	5896
5147	4894
5147	693
5147	3909
5147	1800
5147	7549
5147	1193
5148	7668
5148	977
5148	6974
5148	635
5148	7509
5148	2702
5148	2757
5148	8630
5148	9405
5148	6487
5149	1332
5149	4383
5149	5365
5149	9539
5149	6862
5149	4711
5149	1618
5149	1405
5149	9659
5149	5653
5150	9510
5150	7683
5150	1854
5150	7885
5150	5658
5150	5345
5150	4754
5150	6213
5150	9838
5150	3791
5151	8949
5151	3467
5151	1738
5151	9444
5151	5506
5151	6749
5151	7377
5151	4838
5151	5113
5151	8063
5152	4987
5152	6449
5152	4098
5152	8928
5152	9776
5152	2158
5152	2648
5152	587
5152	8840
5152	3154
5153	7432
5153	280
5153	8572
5153	8479
5153	7871
5153	5028
5153	4513
5153	7150
5153	4482
5153	143
5154	2888
5154	1418
5154	3622
5154	605
5154	7939
5154	7509
5154	1015
5154	8918
5154	7403
5154	9860
5155	5291
5155	6677
5155	9590
5155	2540
5155	8193
5155	1047
5155	600
5155	999
5155	4521
5155	9736
5156	9883
5156	8609
5156	6498
5156	8613
5156	7332
5156	8340
5156	560
5156	1195
5156	6939
5156	450
5157	7881
5157	6059
5157	210
5157	1664
5157	3005
5157	7245
5157	3988
5157	327
5157	7145
5157	8548
5158	5782
5158	3157
5158	1695
5158	6710
5158	4858
5158	1857
5158	791
5158	9724
5158	7245
5158	9770
5159	8951
5159	4189
5159	7556
5159	7827
5159	8670
5159	8726
5159	5474
5159	3714
5159	3951
5159	713
5160	1451
5160	6246
5160	6821
5160	3448
5160	9535
5160	8450
5160	4681
5160	9132
5160	5107
5160	4347
5161	3532
5161	5137
5161	2587
5161	7111
5161	8924
5161	9422
5161	5108
5161	7211
5161	6197
5161	9847
5162	734
5162	2575
5162	1101
5162	7496
5162	5767
5162	5731
5162	4978
5162	7810
5162	6992
5162	9332
5163	4899
5163	3729
5163	926
5163	6741
5163	6238
5163	3713
5163	9953
5163	2770
5163	9923
5163	6248
5164	6608
5164	5400
5164	223
5164	349
5164	1825
5164	8702
5164	8084
5164	9009
5164	1923
5164	2388
5165	1134
5165	2726
5165	4692
5165	3867
5165	3288
5165	3986
5165	6316
5165	8985
5165	9003
5165	2136
5166	3852
5166	6486
5166	8859
5166	2335
5166	4512
5166	5569
5166	2792
5166	1386
5166	8606
5166	3999
5167	2711
5167	2760
5167	3512
5167	5992
5167	1767
5167	9862
5167	3406
5167	7819
5167	3927
5167	5888
5168	3080
5168	3715
5168	8717
5168	6040
5168	4789
5168	2725
5168	6219
5168	7321
5168	1718
5168	7621
5169	5921
5169	4067
5169	246
5169	6961
5169	9442
5169	3770
5169	584
5169	556
5169	7253
5169	4108
5170	5167
5170	8517
5170	4975
5170	2284
5170	3848
5170	2834
5170	5109
5170	4927
5170	2237
5170	3081
5171	4760
5171	9884
5171	6911
5171	6016
5171	2580
5171	3445
5171	9637
5171	1497
5171	9085
5171	4060
5172	2224
5172	5501
5172	2411
5172	118
5172	3989
5172	3451
5172	2234
5172	1486
5172	7198
5172	5530
5173	4694
5173	3267
5173	7206
5173	6283
5173	1569
5173	3052
5173	7118
5173	6882
5173	3061
5173	8600
5174	5699
5174	263
5174	5036
5174	2711
5174	7917
5174	5691
5174	5070
5174	6639
5174	1416
5174	9569
5175	7353
5175	67
5175	8541
5175	6304
5175	209
5175	5307
5175	9083
5175	4889
5175	2828
5175	8397
5176	4347
5176	4143
5176	161
5176	3147
5176	4802
5176	4551
5176	5109
5176	1264
5176	8445
5176	8160
5177	160
5177	5243
5177	8687
5177	5940
5177	9068
5177	1974
5177	7781
5177	1555
5177	2555
5177	7186
5178	757
5178	3260
5178	9028
5178	6059
5178	5892
5178	8195
5178	3880
5178	9922
5178	7884
5178	6455
5179	2352
5179	1207
5179	5065
5179	9352
5179	3763
5179	5818
5179	1165
5179	9836
5179	3869
5179	3713
5180	3563
5180	4874
5180	9952
5180	7643
5180	3285
5180	9474
5180	7294
5180	4436
5180	982
5180	3309
5181	4068
5181	230
5181	9665
5181	5109
5181	2381
5181	7534
5181	8958
5181	738
5181	8964
5181	5660
5182	9775
5182	9167
5182	8358
5182	7311
5182	5695
5182	4878
5182	8614
5182	8564
5182	3980
5182	3942
5183	3324
5183	8656
5183	4529
5183	5965
5183	7479
5183	3774
5183	9435
5183	522
5183	1699
5183	517
5184	1743
5184	3144
5184	6256
5184	5733
5184	8732
5184	1182
5184	623
5184	6145
5184	175
5184	3242
5185	4813
5185	4048
5185	7141
5185	5691
5185	9230
5185	1789
5185	2871
5185	6989
5185	7687
5185	5006
5186	3723
5186	9047
5186	8591
5186	5098
5186	2096
5186	2208
5186	5266
5186	8290
5186	2762
5186	1870
5187	2875
5187	8101
5187	7615
5187	3304
5187	2600
5187	3202
5187	1386
5187	3293
5187	9333
5187	9502
5188	6025
5188	7769
5188	4464
5188	8483
5188	5475
5188	8112
5188	3901
5188	8491
5188	750
5188	6495
5189	6919
5189	4566
5189	2063
5189	7090
5189	6366
5189	6554
5189	8577
5189	1720
5189	8134
5189	7083
5190	8516
5190	7614
5190	6459
5190	3591
5190	1673
5190	5903
5190	2875
5190	6733
5190	4114
5190	6863
5191	7683
5191	1761
5191	224
5191	9821
5191	5967
5191	9309
5191	3084
5191	7135
5191	9974
5191	7493
5192	243
5192	211
5192	4746
5192	7788
5192	4483
5192	5911
5192	709
5192	6163
5192	1951
5192	7351
5193	7972
5193	904
5193	9549
5193	3184
5193	6116
5193	7389
5193	5722
5193	775
5193	8796
5193	1582
5194	5789
5194	1669
5194	3934
5194	5787
5194	6848
5194	220
5194	4403
5194	1227
5194	5125
5194	3400
5195	4735
5195	2512
5195	465
5195	4364
5195	1866
5195	5047
5195	946
5195	33
5195	9574
5195	4759
5196	5427
5196	8560
5196	4110
5196	8162
5196	5436
5196	8366
5196	2977
5196	9353
5196	2099
5196	5884
5197	3049
5197	8942
5197	9776
5197	3034
5197	1387
5197	4662
5197	6026
5197	7643
5197	154
5197	5309
5198	4382
5198	4837
5198	7329
5198	3249
5198	8329
5198	224
5198	4131
5198	6337
5198	3710
5198	4024
5199	2150
5199	4367
5199	4282
5199	9049
5199	1974
5199	4395
5199	6650
5199	1920
5199	6478
5199	2702
5200	7391
5200	6171
5200	4667
5200	7188
5200	9764
5200	9501
5200	6443
5200	3068
5200	5127
5200	7946
5201	5737
5201	6773
5201	9524
5201	1221
5201	6735
5201	2269
5201	6918
5201	1626
5201	2520
5201	5967
5202	6288
5202	5117
5202	2901
5202	3684
5202	8580
5202	6008
5202	6574
5202	4999
5202	8126
5202	8443
5203	2351
5203	8852
5203	5447
5203	4113
5203	1391
5203	8834
5203	3755
5203	5948
5203	8526
5203	4475
5204	711
5204	7847
5204	9299
5204	6549
5204	6907
5204	1081
5204	7274
5204	9138
5204	6450
5204	6372
5205	7732
5205	167
5205	8409
5205	5253
5205	5446
5205	4632
5205	2861
5205	9774
5205	7000
5205	6210
5206	3126
5206	7483
5206	1682
5206	4351
5206	6320
5206	8603
5206	2929
5206	6871
5206	3747
5206	1411
5207	3863
5207	9733
5207	2733
5207	8200
5207	9797
5207	8708
5207	5540
5207	7428
5207	9140
5207	6923
5208	9313
5208	8802
5208	6909
5208	113
5208	6752
5208	5721
5208	605
5208	6893
5208	3463
5208	2296
5209	9699
5209	6042
5209	8881
5209	6571
5209	1349
5209	1597
5209	6990
5209	2910
5209	4060
5209	6826
5210	2032
5210	3778
5210	8268
5210	5977
5210	8188
5210	9005
5210	5695
5210	4628
5210	6456
5210	6317
5211	1916
5211	9462
5211	4662
5211	1018
5211	7470
5211	6402
5211	7693
5211	3971
5211	5539
5211	3349
5212	2418
5212	2719
5212	29
5212	6710
5212	1044
5212	1469
5212	7479
5212	1983
5212	8517
5212	6115
5213	2298
5213	8513
5213	8511
5213	4595
5213	7087
5213	7942
5213	6605
5213	1740
5213	3755
5213	9707
5214	9358
5214	9292
5214	501
5214	2583
5214	3107
5214	2242
5214	9609
5214	6832
5214	7272
5214	672
5215	4749
5215	5633
5215	4922
5215	3300
5215	1838
5215	5410
5215	6865
5215	406
5215	8014
5215	8525
5216	8325
5216	3889
5216	3686
5216	2525
5216	6298
5216	1515
5216	534
5216	4729
5216	4925
5216	1382
5217	7785
5217	6823
5217	6474
5217	6042
5217	5870
5217	2334
5217	7733
5217	2025
5217	8342
5217	5891
5218	1783
5218	2630
5218	1373
5218	3755
5218	7725
5218	5167
5218	3925
5218	541
5218	3043
5218	9935
5219	5076
5219	3611
5219	4914
5219	126
5219	5084
5219	9313
5219	9254
5219	6183
5219	4381
5219	2889
5220	7696
5220	8121
5220	8502
5220	732
5220	318
5220	3041
5220	8970
5220	6282
5220	5010
5220	7968
5221	8525
5221	5062
5221	2831
5221	1139
5221	4802
5221	2651
5221	2189
5221	1223
5221	1892
5221	7417
5222	856
5222	2501
5222	6359
5222	9213
5222	4019
5222	7194
5222	7716
5222	7366
5222	9887
5222	999
5223	6470
5223	7581
5223	172
5223	1254
5223	1012
5223	897
5223	277
5223	3957
5223	755
5223	2434
5224	4826
5224	5576
5224	6247
5224	5851
5224	864
5224	106
5224	5750
5224	7219
5224	1973
5224	8186
5225	905
5225	3629
5225	2682
5225	1795
5225	510
5225	994
5225	3391
5225	7008
5225	8640
5225	5928
5226	115
5226	6828
5226	2102
5226	3168
5226	4544
5226	4098
5226	7291
5226	2936
5226	733
5226	8040
5227	25
5227	2579
5227	3036
5227	4791
5227	7094
5227	8610
5227	2139
5227	8748
5227	6298
5227	1341
5228	5428
5228	3757
5228	4172
5228	4021
5228	6746
5228	5603
5228	7737
5228	8830
5228	3165
5228	5681
5229	3084
5229	9841
5229	3869
5229	7718
5229	6948
5229	598
5229	6349
5229	6456
5229	6486
5229	8452
5230	6657
5230	7761
5230	5507
5230	8215
5230	4660
5230	140
5230	1848
5230	3667
5230	5063
5230	9238
5231	5202
5231	0
5231	1580
5231	4973
5231	52
5231	4293
5231	5248
5231	3343
5231	6942
5231	4158
5232	5171
5232	7690
5232	5457
5232	5320
5232	5053
5232	8510
5232	1704
5232	6532
5232	8837
5232	7596
5233	4733
5233	7945
5233	1243
5233	242
5233	524
5233	7066
5233	2402
5233	4598
5233	378
5233	887
5234	1030
5234	4034
5234	3397
5234	5565
5234	2393
5234	332
5234	5583
5234	408
5234	956
5234	9038
5235	7921
5235	5051
5235	4446
5235	8396
5235	2891
5235	7718
5235	546
5235	7869
5235	3133
5235	6072
5236	9707
5236	9303
5236	4229
5236	3467
5236	3229
5236	9146
5236	9740
5236	5042
5236	6988
5236	9344
5237	5419
5237	3102
5237	5936
5237	7278
5237	779
5237	1250
5237	5056
5237	9792
5237	7379
5237	975
5238	2937
5238	5688
5238	9711
5238	6227
5238	8097
5238	5698
5238	8030
5238	1966
5238	5459
5238	643
5239	9773
5239	9470
5239	324
5239	9298
5239	9
5239	9161
5239	6986
5239	1135
5239	2633
5239	2185
5240	7962
5240	170
5240	5864
5240	3272
5240	6317
5240	22
5240	4446
5240	4776
5240	3506
5240	8122
5241	3632
5241	6888
5241	8869
5241	8832
5241	5370
5241	1284
5241	5983
5241	4361
5241	9886
5241	1830
5242	6905
5242	9068
5242	2692
5242	3121
5242	8611
5242	3261
5242	2305
5242	3953
5242	2101
5242	9293
5243	2600
5243	8651
5243	896
5243	3059
5243	863
5243	1692
5243	4453
5243	2647
5243	4758
5243	1078
5244	7485
5244	65
5244	4249
5244	7643
5244	4677
5244	2405
5244	7662
5244	1786
5244	8458
5244	1911
5245	8507
5245	3147
5245	1256
5245	9709
5245	3852
5245	3363
5245	6415
5245	136
5245	9589
5245	1442
5246	5037
5246	8756
5246	4463
5246	4749
5246	1182
5246	9494
5246	7998
5246	9461
5246	3174
5246	3564
5247	5144
5247	4169
5247	5572
5247	9100
5247	9235
5247	5116
5247	8050
5247	7621
5247	485
5247	1082
5248	1707
5248	5235
5248	9751
5248	5098
5248	5065
5248	614
5248	2853
5248	3579
5248	7446
5248	6828
5249	8020
5249	9444
5249	4595
5249	5373
5249	2271
5249	8630
5249	7460
5249	822
5249	5343
5249	6275
5250	8922
5250	5267
5250	6534
5250	7764
5250	656
5250	2178
5250	5757
5250	2878
5250	7784
5250	2390
5251	8060
5251	9348
5251	9660
5251	345
5251	6615
5251	4714
5251	3859
5251	6213
5251	3368
5251	5041
5252	7901
5252	1802
5252	4362
5252	5814
5252	3407
5252	2731
5252	1800
5252	7116
5252	7870
5252	6864
5253	7543
5253	804
5253	3992
5253	7992
5253	1822
5253	9001
5253	3253
5253	796
5253	6297
5253	4542
5254	591
5254	1014
5254	452
5254	3012
5254	3855
5254	7081
5254	4795
5254	3947
5254	1565
5254	4037
5255	1110
5255	7674
5255	5155
5255	8503
5255	8128
5255	8029
5255	8172
5255	2959
5255	984
5255	2413
5256	168
5256	7774
5256	9321
5256	3114
5256	7616
5256	6832
5256	4590
5256	402
5256	3646
5256	1651
5257	8110
5257	6448
5257	8485
5257	4713
5257	1351
5257	3590
5257	3831
5257	981
5257	8761
5257	617
5258	8708
5258	9563
5258	1225
5258	9589
5258	6836
5258	8059
5258	9282
5258	9043
5258	2587
5258	3670
5259	5923
5259	8190
5259	6335
5259	2585
5259	1312
5259	9467
5259	7699
5259	8167
5259	5570
5259	4150
5260	3886
5260	2947
5260	2070
5260	1116
5260	8699
5260	4908
5260	679
5260	3612
5260	8669
5260	1880
5261	7120
5261	6967
5261	9802
5261	3563
5261	6296
5261	2735
5261	6639
5261	5571
5261	5212
5261	6027
5262	6521
5262	85
5262	7265
5262	5505
5262	3243
5262	1794
5262	8355
5262	2043
5262	5929
5262	7827
5263	1311
5263	5536
5263	2490
5263	3358
5263	3456
5263	4282
5263	1639
5263	7253
5263	5537
5263	8688
5264	232
5264	495
5264	7736
5264	9469
5264	7769
5264	7680
5264	1207
5264	5444
5264	6005
5264	4630
5265	495
5265	475
5265	260
5265	9223
5265	1302
5265	4312
5265	4593
5265	38
5265	8518
5265	2717
5266	9459
5266	2712
5266	6458
5266	2351
5266	3909
5266	3970
5266	1158
5266	8569
5266	2519
5266	4950
5267	3031
5267	6606
5267	5425
5267	654
5267	9255
5267	431
5267	4977
5267	5778
5267	293
5267	4229
5268	5653
5268	7744
5268	7031
5268	5951
5268	9494
5268	8934
5268	7651
5268	1639
5268	6215
5268	9300
5269	3605
5269	3097
5269	8380
5269	50
5269	3666
5269	3993
5269	9657
5269	2173
5269	8184
5269	1640
5270	2826
5270	8969
5270	9465
5270	1898
5270	7479
5270	8954
5270	970
5270	8612
5270	7074
5270	3318
5271	5190
5271	8170
5271	4225
5271	4638
5271	9912
5271	1735
5271	2453
5271	3392
5271	736
5271	2294
5272	3429
5272	8671
5272	8006
5272	7725
5272	1582
5272	5773
5272	849
5272	2462
5272	3826
5272	9938
5273	8590
5273	3003
5273	8689
5273	5138
5273	2678
5273	4477
5273	4820
5273	9247
5273	4251
5273	8906
5274	7813
5274	7508
5274	9252
5274	513
5274	7264
5274	5571
5274	6490
5274	8394
5274	3153
5274	8700
5275	9630
5275	2274
5275	1691
5275	3439
5275	3175
5275	4640
5275	594
5275	6465
5275	3940
5275	7039
5276	2023
5276	9679
5276	5417
5276	16
5276	1651
5276	2223
5276	6385
5276	8533
5276	3050
5276	4719
5277	6740
5277	7247
5277	1984
5277	9721
5277	3565
5277	8122
5277	7896
5277	7932
5277	9511
5277	8750
5278	7228
5278	6484
5278	818
5278	1495
5278	7596
5278	7789
5278	5594
5278	4976
5278	7744
5278	2272
5279	9616
5279	5980
5279	2527
5279	4684
5279	3792
5279	8936
5279	7769
5279	4673
5279	8407
5279	1682
5280	620
5280	3480
5280	9332
5280	6716
5280	9072
5280	4627
5280	8392
5280	642
5280	5326
5280	3738
5281	4515
5281	992
5281	1395
5281	1133
5281	998
5281	6110
5281	4162
5281	1370
5281	9586
5281	7182
5282	4599
5282	8111
5282	4126
5282	1059
5282	4961
5282	4838
5282	8018
5282	6127
5282	2303
5282	6188
5283	2868
5283	6368
5283	1754
5283	1302
5283	2433
5283	4467
5283	4991
5283	7211
5283	7139
5283	1025
5284	8920
5284	418
5284	7530
5284	3242
5284	4339
5284	9050
5284	5585
5284	5625
5284	8129
5284	3764
5285	7310
5285	3792
5285	2503
5285	9544
5285	1442
5285	8686
5285	7778
5285	6407
5285	7509
5285	3250
5286	8078
5286	6769
5286	7016
5286	7374
5286	2188
5286	6666
5286	4294
5286	7071
5286	8823
5286	9426
5287	3012
5287	4760
5287	841
5287	5794
5287	6037
5287	9172
5287	295
5287	6242
5287	163
5287	8027
5288	8077
5288	9675
5288	7287
5288	1348
5288	4229
5288	347
5288	4010
5288	3831
5288	1222
5288	9408
5289	1957
5289	1280
5289	5197
5289	9600
5289	6072
5289	2927
5289	4768
5289	2193
5289	3951
5289	7643
5290	8111
5290	2437
5290	3172
5290	5143
5290	9598
5290	413
5290	2725
5290	3395
5290	9345
5290	2383
5291	9375
5291	6339
5291	5158
5291	746
5291	8895
5291	9274
5291	4084
5291	5865
5291	3568
5291	9231
5292	7848
5292	5220
5292	8806
5292	6864
5292	3152
5292	287
5292	89
5292	1252
5292	2007
5292	8833
5293	4863
5293	4539
5293	637
5293	2337
5293	6576
5293	9935
5293	6371
5293	6524
5293	5507
5293	2415
5294	5704
5294	1129
5294	6523
5294	9347
5294	5397
5294	6637
5294	7919
5294	591
5294	6869
5294	4471
5295	8241
5295	9450
5295	1679
5295	6270
5295	9652
5295	887
5295	5364
5295	1255
5295	8360
5295	1802
5296	4014
5296	1596
5296	2054
5296	708
5296	6673
5296	8774
5296	4225
5296	5673
5296	9629
5296	8086
5297	902
5297	9998
5297	6601
5297	5021
5297	9726
5297	3686
5297	5496
5297	7610
5297	5254
5297	2497
5298	6614
5298	6884
5298	3209
5298	2942
5298	5439
5298	2801
5298	6447
5298	3015
5298	1092
5298	2295
5299	82
5299	3046
5299	475
5299	7272
5299	7746
5299	6458
5299	7544
5299	1421
5299	2837
5299	4172
5300	954
5300	8627
5300	2442
5300	804
5300	4374
5300	8708
5300	6785
5300	3712
5300	8781
5300	1010
5301	9324
5301	8672
5301	2590
5301	2034
5301	7232
5301	3926
5301	7428
5301	6348
5301	4830
5301	1716
5302	3025
5302	1656
5302	71
5302	3851
5302	3642
5302	1831
5302	8983
5302	5704
5302	6475
5302	647
5303	2742
5303	3209
5303	6249
5303	4966
5303	5859
5303	2012
5303	8081
5303	5953
5303	9422
5303	4777
5304	9087
5304	4208
5304	757
5304	2332
5304	2014
5304	6018
5304	2326
5304	5719
5304	8392
5304	2187
5305	5929
5305	6909
5305	7923
5305	3566
5305	2570
5305	4172
5305	6565
5305	5346
5305	2751
5305	9197
5306	9772
5306	1566
5306	472
5306	5725
5306	6003
5306	7801
5306	769
5306	9451
5306	8031
5306	8036
5307	5443
5307	7601
5307	3562
5307	6605
5307	968
5307	6791
5307	509
5307	7701
5307	2116
5307	6731
5308	8631
5308	4419
5308	4613
5308	5631
5308	4624
5308	8699
5308	2857
5308	3091
5308	6609
5308	2028
5309	7183
5309	1585
5309	7580
5309	5858
5309	5563
5309	1055
5309	3409
5309	4802
5309	6307
5309	1357
5310	3219
5310	3303
5310	6798
5310	4058
5310	2774
5310	6517
5310	1682
5310	9282
5310	4905
5310	3876
5311	7811
5311	927
5311	4320
5311	2916
5311	1530
5311	5416
5311	5525
5311	8788
5311	5391
5311	1613
5312	1820
5312	1998
5312	8412
5312	4747
5312	1560
5312	5879
5312	7906
5312	9903
5312	7135
5312	5795
5313	7331
5313	7435
5313	2248
5313	8597
5313	4630
5313	99
5313	1619
5313	2024
5313	9570
5313	8571
5314	2913
5314	327
5314	8030
5314	1
5314	5234
5314	339
5314	6476
5314	2594
5314	1935
5314	856
5315	8672
5315	5095
5315	1306
5315	8482
5315	7354
5315	6258
5315	7490
5315	5072
5315	8013
5315	4480
5316	3798
5316	3036
5316	9000
5316	6182
5316	9177
5316	3302
5316	2783
5316	4430
5316	3942
5316	5649
5317	2679
5317	8318
5317	2531
5317	7242
5317	9839
5317	1080
5317	497
5317	4150
5317	1959
5317	6313
5318	9766
5318	6881
5318	1015
5318	8224
5318	6097
5318	5848
5318	7407
5318	4256
5318	3128
5318	3893
5319	2740
5319	6282
5319	5592
5319	7063
5319	9699
5319	8066
5319	3727
5319	3631
5319	4126
5319	5273
5320	125
5320	6640
5320	7272
5320	2193
5320	179
5320	6913
5320	1468
5320	6738
5320	3186
5320	6877
5321	3797
5321	6839
5321	7446
5321	7362
5321	445
5321	8362
5321	8669
5321	5440
5321	2823
5321	791
5322	8904
5322	5607
5322	8581
5322	7464
5322	2484
5322	9702
5322	6933
5322	5304
5322	172
5322	5673
5323	932
5323	5711
5323	1658
5323	7042
5323	15
5323	9560
5323	1508
5323	7610
5323	3283
5323	491
5324	9012
5324	6979
5324	9153
5324	4673
5324	7758
5324	2094
5324	6765
5324	2311
5324	1226
5324	8674
5325	863
5325	9239
5325	4950
5325	2302
5325	3065
5325	7345
5325	3971
5325	2985
5325	1681
5325	5820
5326	3661
5326	3808
5326	9521
5326	7227
5326	2109
5326	5039
5326	7112
5326	2541
5326	6439
5326	5456
5327	7932
5327	7416
5327	4808
5327	8007
5327	8535
5327	8129
5327	3328
5327	3703
5327	6702
5327	7394
5328	2467
5328	5188
5328	7254
5328	1423
5328	9827
5328	4455
5328	5901
5328	5228
5328	5870
5328	7090
5329	8607
5329	426
5329	396
5329	5964
5329	8890
5329	8247
5329	3211
5329	9564
5329	5888
5329	9851
5330	1813
5330	8574
5330	1906
5330	4305
5330	107
5330	7514
5330	1840
5330	1687
5330	2268
5330	7232
5331	2292
5331	703
5331	3043
5331	2027
5331	4248
5331	2683
5331	4244
5331	6924
5331	8227
5331	6021
5332	2430
5332	1822
5332	406
5332	9367
5332	5356
5332	5294
5332	8735
5332	1128
5332	6341
5332	3873
5333	6238
5333	4762
5333	6653
5333	7249
5333	2577
5333	6471
5333	6386
5333	6987
5333	9511
5333	4633
5334	648
5334	3221
5334	1942
5334	9697
5334	9393
5334	2242
5334	6756
5334	8066
5334	5805
5334	3173
5335	178
5335	9906
5335	5583
5335	5971
5335	4145
5335	4899
5335	6489
5335	148
5335	5428
5335	9257
5336	1562
5336	6547
5336	8310
5336	1323
5336	3771
5336	2740
5336	427
5336	5056
5336	6621
5336	6881
5337	290
5337	4460
5337	5863
5337	9834
5337	7626
5337	429
5337	3716
5337	8860
5337	101
5337	4965
5338	8814
5338	4043
5338	9636
5338	7178
5338	2593
5338	2032
5338	8677
5338	4316
5338	3796
5338	9152
5339	6352
5339	3466
5339	4881
5339	9413
5339	787
5339	9570
5339	8161
5339	7260
5339	5113
5339	96
5340	781
5340	3010
5340	7150
5340	52
5340	9812
5340	9210
5340	1037
5340	7814
5340	1463
5340	1093
5341	7714
5341	8028
5341	8692
5341	7403
5341	1984
5341	6689
5341	2967
5341	5417
5341	2560
5341	2078
5342	495
5342	6603
5342	7365
5342	534
5342	184
5342	6001
5342	9802
5342	5500
5342	8469
5342	9988
5343	4190
5343	2777
5343	9842
5343	639
5343	4025
5343	5229
5343	1050
5343	518
5343	2092
5343	4716
5344	3572
5344	4529
5344	5818
5344	5161
5344	5572
5344	5097
5344	2018
5344	37
5344	5955
5344	28
5345	290
5345	6935
5345	6091
5345	6493
5345	5779
5345	4836
5345	6774
5345	5400
5345	5341
5345	2506
5346	465
5346	5126
5346	6659
5346	5823
5346	3625
5346	4942
5346	5828
5346	9315
5346	2877
5346	5332
5347	651
5347	2350
5347	7521
5347	8769
5347	5171
5347	4756
5347	4346
5347	1255
5347	9125
5347	8152
5348	7480
5348	9805
5348	8591
5348	6426
5348	8552
5348	4190
5348	9104
5348	8757
5348	4344
5348	2087
5349	6027
5349	9878
5349	5643
5349	6317
5349	1183
5349	3816
5349	7450
5349	732
5349	5637
5349	7172
5350	954
5350	6428
5350	1560
5350	6154
5350	5111
5350	4432
5350	6099
5350	2780
5350	4967
5350	9249
5351	2235
5351	2022
5351	2448
5351	1014
5351	7077
5351	4847
5351	3551
5351	5040
5351	4091
5351	4449
5352	1819
5352	3491
5352	9349
5352	2478
5352	4758
5352	2128
5352	804
5352	901
5352	2046
5352	7059
5353	4041
5353	6665
5353	3702
5353	7547
5353	6103
5353	9903
5353	875
5353	8551
5353	7834
5353	2909
5354	314
5354	56
5354	4963
5354	7775
5354	9498
5354	5953
5354	8104
5354	4084
5354	2298
5354	9290
5355	7311
5355	6211
5355	6429
5355	4589
5355	4010
5355	8906
5355	4925
5355	3546
5355	6776
5355	7375
5356	1395
5356	1018
5356	6949
5356	2961
5356	1439
5356	5192
5356	9098
5356	9673
5356	572
5356	8794
5357	1830
5357	4932
5357	8686
5357	9904
5357	5779
5357	7424
5357	3306
5357	7845
5357	6338
5357	6001
5358	8266
5358	8419
5358	7376
5358	4629
5358	5633
5358	3404
5358	6174
5358	4745
5358	1313
5358	7827
5359	6541
5359	7044
5359	3966
5359	8010
5359	8512
5359	271
5359	3762
5359	3341
5359	3864
5359	3360
5360	4961
5360	2516
5360	5809
5360	930
5360	1119
5360	2901
5360	5689
5360	3055
5360	7748
5360	6802
5361	5809
5361	1640
5361	2458
5361	271
5361	8488
5361	9227
5361	2437
5361	5936
5361	8520
5361	7376
5362	2857
5362	3973
5362	3265
5362	1184
5362	6632
5362	7707
5362	2630
5362	5245
5362	1679
5362	6130
5363	6811
5363	2724
5363	3123
5363	3030
5363	4293
5363	69
5363	6650
5363	272
5363	6535
5363	1284
5364	2950
5364	7282
5364	6205
5364	1235
5364	7910
5364	7971
5364	2644
5364	219
5364	2326
5364	6139
5365	7902
5365	5451
5365	6723
5365	8704
5365	2644
5365	8009
5365	6010
5365	5770
5365	9951
5365	4707
5366	289
5366	2228
5366	8994
5366	407
5366	5911
5366	5370
5366	6935
5366	6742
5366	9249
5366	8652
5367	4300
5367	7580
5367	5892
5367	3753
5367	8151
5367	8158
5367	9116
5367	372
5367	6438
5367	857
5368	196
5368	6074
5368	780
5368	1436
5368	7692
5368	8768
5368	3214
5368	2403
5368	2736
5368	8995
5369	2402
5369	7616
5369	8456
5369	8580
5369	6400
5369	7120
5369	2652
5369	7315
5369	8946
5369	6743
5370	8355
5370	3867
5370	423
5370	3959
5370	4444
5370	7565
5370	5669
5370	4467
5370	8916
5370	1812
5371	8618
5371	9659
5371	4246
5371	8669
5371	6972
5371	7439
5371	5404
5371	7723
5371	7873
5371	8151
5372	1406
5372	8790
5372	3808
5372	9323
5372	4980
5372	7664
5372	8264
5372	2200
5372	3208
5372	5199
5373	9283
5373	5300
5373	7335
5373	1213
5373	6464
5373	5793
5373	7201
5373	1804
5373	2531
5373	8593
5374	1255
5374	9447
5374	3854
5374	2703
5374	6386
5374	1217
5374	7381
5374	1910
5374	9231
5374	4720
5375	8476
5375	7409
5375	3715
5375	9880
5375	4718
5375	8064
5375	6964
5375	9153
5375	4011
5375	9814
5376	5609
5376	48
5376	345
5376	9617
5376	3975
5376	3855
5376	533
5376	5902
5376	3794
5376	1905
5377	7442
5377	2354
5377	5879
5377	5719
5377	6242
5377	2454
5377	399
5377	8475
5377	8527
5377	3721
5378	2934
5378	3008
5378	942
5378	5664
5378	1920
5378	7466
5378	1008
5378	6014
5378	9624
5378	4706
5379	5199
5379	3577
5379	3669
5379	8956
5379	3296
5379	5912
5379	2772
5379	7188
5379	403
5379	1589
5380	7560
5380	8388
5380	657
5380	1897
5380	5393
5380	3564
5380	2904
5380	2424
5380	7720
5380	1915
5381	9300
5381	5824
5381	4921
5381	2857
5381	1237
5381	127
5381	1461
5381	5609
5381	4434
5381	9246
5382	6915
5382	8024
5382	1941
5382	9325
5382	3559
5382	7303
5382	5627
5382	912
5382	8713
5382	9754
5383	7095
5383	7952
5383	8760
5383	1640
5383	8687
5383	1221
5383	5742
5383	4195
5383	3301
5383	2454
5384	8735
5384	8219
5384	7987
5384	1833
5384	974
5384	9274
5384	4997
5384	9254
5384	668
5384	618
5385	8942
5385	2188
5385	5275
5385	2779
5385	827
5385	6212
5385	1513
5385	2980
5385	3359
5385	4746
5386	2124
5386	3391
5386	1137
5386	7801
5386	6176
5386	5401
5386	7269
5386	4208
5386	354
5386	7543
5387	1992
5387	7729
5387	7158
5387	6743
5387	4244
5387	1690
5387	2589
5387	9145
5387	8043
5387	426
5388	8091
5388	2171
5388	6065
5388	5456
5388	7943
5388	7028
5388	5797
5388	3614
5388	2095
5388	5116
5389	9028
5389	6904
5389	5926
5389	6453
5389	5142
5389	5832
5389	5131
5389	3905
5389	1334
5389	4470
5390	1578
5390	4094
5390	5961
5390	6122
5390	9138
5390	6973
5390	5235
5390	1763
5390	4473
5390	7711
5391	7481
5391	6611
5391	9141
5391	8949
5391	6377
5391	8406
5391	72
5391	2151
5391	623
5391	7800
5392	1933
5392	8768
5392	2821
5392	9367
5392	697
5392	419
5392	2407
5392	684
5392	8717
5392	5779
5393	3397
5393	2233
5393	9900
5393	4768
5393	5903
5393	6773
5393	6429
5393	4172
5393	7314
5393	7021
5394	7690
5394	7090
5394	4383
5394	5208
5394	8129
5394	5066
5394	8706
5394	88
5394	9332
5394	7163
5395	7791
5395	2837
5395	4776
5395	903
5395	6513
5395	1641
5395	8099
5395	8627
5395	3755
5395	8699
5396	2895
5396	1348
5396	4541
5396	2323
5396	2039
5396	2852
5396	1257
5396	1867
5396	1474
5396	2371
5397	8020
5397	7255
5397	8466
5397	371
5397	2803
5397	8709
5397	3623
5397	734
5397	3601
5397	8629
5398	6837
5398	51
5398	8090
5398	359
5398	3666
5398	482
5398	9178
5398	9254
5398	2339
5398	2871
5399	5448
5399	5615
5399	7383
5399	8869
5399	247
5399	1558
5399	3660
5399	6174
5399	3045
5399	925
5400	5988
5400	1080
5400	9251
5400	8807
5400	252
5400	5595
5400	6106
5400	9113
5400	4142
5400	1602
5401	7870
5401	7136
5401	9265
5401	8510
5401	5065
5401	6094
5401	2465
5401	1642
5401	2014
5401	8591
5402	2053
5402	6192
5402	8645
5402	2939
5402	8592
5402	6020
5402	7115
5402	8188
5402	2169
5402	5670
5403	4842
5403	911
5403	8008
5403	1551
5403	2897
5403	1694
5403	2190
5403	8739
5403	3875
5403	5762
5404	3929
5404	5571
5404	1199
5404	892
5404	6611
5404	4186
5404	1503
5404	2208
5404	8428
5404	2808
5405	3161
5405	8363
5405	1497
5405	4434
5405	3136
5405	9190
5405	4607
5405	2055
5405	6339
5405	9791
5406	1803
5406	7832
5406	2589
5406	1234
5406	2350
5406	5822
5406	3272
5406	8138
5406	1494
5406	512
5407	5405
5407	2295
5407	7261
5407	1234
5407	3485
5407	6051
5407	6271
5407	8537
5407	5380
5407	7281
5408	412
5408	1903
5408	2105
5408	6374
5408	7723
5408	197
5408	1513
5408	9883
5408	3168
5408	1338
5409	301
5409	4629
5409	3791
5409	5488
5409	8264
5409	9854
5409	9005
5409	2596
5409	4125
5409	8857
5410	9503
5410	4577
5410	4085
5410	6056
5410	4632
5410	4448
5410	3987
5410	2325
5410	1573
5410	6873
5411	3196
5411	9492
5411	9535
5411	1075
5411	3581
5411	2674
5411	7551
5411	6732
5411	6251
5411	4229
5412	6571
5412	6660
5412	2770
5412	8302
5412	1279
5412	146
5412	1704
5412	6959
5412	7205
5412	3980
5413	2257
5413	1478
5413	908
5413	4202
5413	2016
5413	157
5413	8739
5413	1427
5413	935
5413	4112
5414	8899
5414	5914
5414	9503
5414	3141
5414	6694
5414	615
5414	3265
5414	2313
5414	153
5414	9491
5415	9839
5415	5382
5415	5720
5415	7631
5415	2788
5415	6075
5415	876
5415	4492
5415	6768
5415	7370
5416	292
5416	7083
5416	6889
5416	8091
5416	1272
5416	1629
5416	2545
5416	7377
5416	3399
5416	4440
5417	1009
5417	1386
5417	7777
5417	9072
5417	4222
5417	9899
5417	7978
5417	6156
5417	4160
5417	3028
5418	1197
5418	776
5418	7525
5418	2417
5418	4192
5418	4665
5418	9985
5418	1679
5418	5032
5418	597
5419	6164
5419	9495
5419	5569
5419	4492
5419	9128
5419	3645
5419	5344
5419	9136
5419	1861
5419	1233
5420	3187
5420	9111
5420	6967
5420	9722
5420	4125
5420	8415
5420	5619
5420	4330
5420	3566
5420	9205
5421	181
5421	1987
5421	9804
5421	9148
5421	5170
5421	5300
5421	5201
5421	3051
5421	7667
5421	8318
5422	6282
5422	6408
5422	4894
5422	2404
5422	5832
5422	1885
5422	998
5422	9249
5422	7434
5422	3044
5423	834
5423	6486
5423	7878
5423	1723
5423	8769
5423	3713
5423	1017
5423	2891
5423	6839
5423	6934
5424	7684
5424	357
5424	8896
5424	8965
5424	8821
5424	7452
5424	6269
5424	9781
5424	2310
5424	7768
5425	8706
5425	5081
5425	6243
5425	221
5425	463
5425	4039
5425	8832
5425	8640
5425	8250
5425	6367
5426	8197
5426	2585
5426	2449
5426	4993
5426	1300
5426	4533
5426	5049
5426	8036
5426	5407
5426	9864
5427	6670
5427	2956
5427	7678
5427	3972
5427	6646
5427	2096
5427	1611
5427	2836
5427	9932
5427	9309
5428	3912
5428	4353
5428	6807
5428	8044
5428	9130
5428	866
5428	8635
5428	4913
5428	4296
5428	8105
5429	710
5429	2680
5429	9619
5429	5012
5429	9860
5429	5594
5429	1574
5429	1182
5429	3191
5429	4446
5430	1757
5430	6323
5430	3251
5430	4295
5430	1218
5430	5536
5430	8949
5430	4646
5430	2358
5430	5345
5431	7725
5431	6606
5431	8763
5431	3769
5431	7832
5431	2525
5431	9363
5431	3042
5431	320
5431	331
5432	6995
5432	3947
5432	9555
5432	7589
5432	167
5432	116
5432	2518
5432	51
5432	723
5432	6633
5433	9676
5433	9828
5433	8951
5433	4098
5433	9128
5433	9044
5433	6571
5433	897
5433	3252
5433	8635
5434	2987
5434	2828
5434	353
5434	7388
5434	7751
5434	7734
5434	5828
5434	4411
5434	7501
5434	9760
5435	481
5435	961
5435	2421
5435	8171
5435	1859
5435	8633
5435	7477
5435	5533
5435	167
5435	1743
5436	4210
5436	9484
5436	3838
5436	6470
5436	6809
5436	161
5436	9129
5436	3965
5436	3108
5436	7572
5437	7378
5437	9701
5437	285
5437	5712
5437	1043
5437	316
5437	457
5437	1611
5437	5371
5437	1083
5438	4298
5438	4949
5438	324
5438	8487
5438	1001
5438	2560
5438	3193
5438	9087
5438	2623
5438	7807
5439	8043
5439	559
5439	1450
5439	1239
5439	8529
5439	7776
5439	8613
5439	6679
5439	4362
5439	2706
5440	6107
5440	2934
5440	9923
5440	9415
5440	8746
5440	3246
5440	8790
5440	3743
5440	9807
5440	4670
5441	9172
5441	6036
5441	2377
5441	8592
5441	987
5441	3453
5441	3868
5441	4318
5441	4334
5441	1951
5442	9611
5442	2667
5442	2983
5442	9324
5442	5991
5442	6543
5442	6424
5442	6971
5442	7051
5442	3338
5443	1476
5443	1041
5443	6902
5443	8319
5443	8637
5443	2003
5443	5387
5443	1583
5443	7423
5443	454
5444	8763
5444	9425
5444	4311
5444	8479
5444	51
5444	4362
5444	242
5444	210
5444	5821
5444	3041
5445	9249
5445	3048
5445	4831
5445	1810
5445	2061
5445	9157
5445	9561
5445	2645
5445	4718
5445	4111
5446	5702
5446	6259
5446	2364
5446	7715
5446	3447
5446	8940
5446	9168
5446	8727
5446	4103
5446	1256
5447	6720
5447	421
5447	1675
5447	7440
5447	2897
5447	7027
5447	7543
5447	9512
5447	3838
5447	6856
5448	9501
5448	5713
5448	2366
5448	8455
5448	7223
5448	4746
5448	4465
5448	7397
5448	8178
5448	9232
5449	8603
5449	1712
5449	5037
5449	2329
5449	2508
5449	8712
5449	6993
5449	7201
5449	5404
5449	7587
5450	4925
5450	894
5450	3954
5450	4872
5450	6472
5450	9109
5450	1172
5450	2823
5450	9026
5450	1254
5451	4790
5451	9099
5451	417
5451	6842
5451	5276
5451	6844
5451	4944
5451	1465
5451	4895
5451	3610
5452	3411
5452	625
5452	5624
5452	930
5452	5434
5452	5946
5452	9517
5452	748
5452	8145
5452	8716
5453	8043
5453	1308
5453	8870
5453	7019
5453	1727
5453	1103
5453	2465
5453	2273
5453	1050
5453	70
5454	3933
5454	4316
5454	1399
5454	5254
5454	7182
5454	8068
5454	9100
5454	4990
5454	7094
5454	8970
5455	2343
5455	5544
5455	3659
5455	9878
5455	4615
5455	2539
5455	7816
5455	163
5455	9200
5455	4531
5456	9018
5456	6767
5456	9236
5456	8032
5456	203
5456	9823
5456	5262
5456	9065
5456	6990
5456	5908
5457	4900
5457	5098
5457	6304
5457	6637
5457	184
5457	1730
5457	606
5457	793
5457	3023
5457	8396
5458	9971
5458	4606
5458	2292
5458	7513
5458	7382
5458	3347
5458	7408
5458	8720
5458	5019
5458	3908
5459	1387
5459	132
5459	1080
5459	2431
5459	4913
5459	520
5459	244
5459	446
5459	9472
5459	4485
5460	2933
5460	9612
5460	5355
5460	9805
5460	9754
5460	6222
5460	8349
5460	7167
5460	6911
5460	2458
5461	6689
5461	4871
5461	9212
5461	457
5461	5213
5461	2092
5461	1371
5461	3933
5461	4083
5461	3399
5462	2502
5462	5041
5462	7419
5462	5907
5462	1151
5462	7517
5462	3053
5462	8887
5462	7014
5462	6745
5463	3480
5463	2148
5463	7618
5463	1577
5463	9186
5463	5757
5463	4234
5463	5572
5463	1343
5463	3329
5464	1285
5464	7229
5464	54
5464	3220
5464	230
5464	938
5464	9319
5464	6143
5464	5028
5464	7564
5465	7438
5465	752
5465	8650
5465	6434
5465	8982
5465	5202
5465	9217
5465	7870
5465	3589
5465	6991
5466	1407
5466	6344
5466	8007
5466	4076
5466	4671
5466	3994
5466	7213
5466	7747
5466	4175
5466	1380
5467	4964
5467	5289
5467	6896
5467	3822
5467	3232
5467	2258
5467	2984
5467	459
5467	438
5467	6347
5468	5601
5468	1484
5468	9093
5468	5367
5468	7078
5468	2543
5468	3855
5468	375
5468	6070
5468	2071
5469	8393
5469	2076
5469	5395
5469	578
5469	8778
5469	2849
5469	9462
5469	9384
5469	775
5469	1995
5470	4077
5470	6429
5470	2637
5470	9568
5470	6117
5470	1381
5470	9937
5470	2401
5470	4278
5470	7955
5471	3812
5471	1087
5471	9444
5471	360
5471	8001
5471	9053
5471	1600
5471	3010
5471	6638
5471	1445
5472	951
5472	1100
5472	8509
5472	1425
5472	2664
5472	2824
5472	8578
5472	3404
5472	9976
5472	5458
5473	7437
5473	8302
5473	3257
5473	4875
5473	6200
5473	6607
5473	9046
5473	9313
5473	8479
5473	6942
5474	9134
5474	6108
5474	225
5474	6148
5474	345
5474	8249
5474	2994
5474	2340
5474	7953
5474	4045
5475	6745
5475	7758
5475	4282
5475	9394
5475	2710
5475	1700
5475	7152
5475	7924
5475	4096
5475	2122
5476	3983
5476	2849
5476	4498
5476	4067
5476	3229
5476	9453
5476	9095
5476	7922
5476	6414
5476	2274
5477	4829
5477	1171
5477	5789
5477	122
5477	1836
5477	5309
5477	8699
5477	3992
5477	3834
5477	8078
5478	6394
5478	2938
5478	4454
5478	9520
5478	2471
5478	8286
5478	2300
5478	2118
5478	8604
5478	4279
5479	7262
5479	4785
5479	6297
5479	4778
5479	3329
5479	1878
5479	6794
5479	1853
5479	242
5479	4338
5480	2761
5480	8745
5480	4484
5480	5564
5480	8295
5480	3908
5480	472
5480	2942
5480	989
5480	8666
5481	7330
5481	2371
5481	9516
5481	9042
5481	2144
5481	2688
5481	811
5481	9280
5481	9264
5481	1646
5482	3574
5482	1865
5482	7051
5482	2887
5482	9673
5482	8091
5482	4856
5482	6622
5482	8433
5482	9886
5483	2926
5483	6953
5483	9222
5483	42
5483	386
5483	4420
5483	9554
5483	6954
5483	7789
5483	5097
5484	6264
5484	5497
5484	8823
5484	1754
5484	8867
5484	5512
5484	6274
5484	4615
5484	5393
5484	6001
5485	8547
5485	3437
5485	197
5485	1029
5485	1714
5485	6407
5485	3041
5485	8796
5485	1451
5485	2015
5486	1498
5486	8728
5486	9412
5486	7710
5486	3932
5486	897
5486	254
5486	2162
5486	9050
5486	1138
5487	6224
5487	3796
5487	5812
5487	6892
5487	1184
5487	6013
5487	3951
5487	2658
5487	3871
5487	9927
5488	7305
5488	7745
5488	2606
5488	4027
5488	555
5488	3332
5488	8301
5488	7283
5488	7557
5488	7295
5489	7804
5489	4254
5489	5102
5489	8225
5489	5541
5489	2901
5489	5657
5489	9405
5489	1157
5489	3889
5490	5603
5490	9242
5490	8903
5490	5359
5490	244
5490	9086
5490	4175
5490	7152
5490	3803
5490	3878
5491	1777
5491	9427
5491	996
5491	9157
5491	8835
5491	6720
5491	7083
5491	3819
5491	6199
5491	6715
5492	201
5492	6254
5492	1627
5492	9579
5492	3290
5492	6433
5492	3721
5492	3743
5492	5122
5492	2341
5493	9969
5493	1377
5493	6436
5493	1196
5493	3333
5493	5731
5493	8377
5493	9667
5493	8201
5493	7234
5494	5444
5494	6219
5494	2973
5494	7435
5494	4226
5494	5992
5494	5955
5494	4792
5494	7813
5494	5429
5495	9775
5495	2230
5495	4612
5495	2102
5495	1747
5495	1593
5495	4232
5495	2742
5495	2575
5495	6789
5496	2213
5496	161
5496	9961
5496	4828
5496	84
5496	8422
5496	1942
5496	8012
5496	7929
5496	1113
5497	5638
5497	1862
5497	3424
5497	7813
5497	9240
5497	1452
5497	4999
5497	2805
5497	5090
5497	7341
5498	4700
5498	5838
5498	3884
5498	5831
5498	3253
5498	8006
5498	282
5498	3011
5498	2491
5498	3824
5499	5561
5499	4915
5499	699
5499	3015
5499	6311
5499	4162
5499	7458
5499	8572
5499	5377
5499	6483
5500	8214
5500	7070
5500	224
5500	4992
5500	2263
5500	6792
5500	8577
5500	2110
5500	2140
5500	928
5501	794
5501	6764
5501	8488
5501	6736
5501	1952
5501	685
5501	9771
5501	8717
5501	6014
5501	5500
5502	7193
5502	913
5502	9963
5502	3790
5502	9152
5502	7167
5502	2609
5502	1007
5502	6016
5502	317
5503	3376
5503	7065
5503	9964
5503	3894
5503	6767
5503	1279
5503	6545
5503	7375
5503	580
5503	638
5504	1621
5504	1080
5504	3253
5504	4537
5504	4408
5504	6730
5504	1085
5504	8313
5504	7578
5504	1441
5505	6935
5505	8455
5505	1832
5505	7453
5505	8088
5505	193
5505	4981
5505	4364
5505	1293
5505	5956
5506	8812
5506	7269
5506	5647
5506	6726
5506	7808
5506	8805
5506	8055
5506	6025
5506	4200
5506	7471
5507	8654
5507	3715
5507	4607
5507	8490
5507	7716
5507	5034
5507	1679
5507	8521
5507	9885
5507	3187
5508	3250
5508	1051
5508	2203
5508	2729
5508	8342
5508	5734
5508	8912
5508	5086
5508	8881
5508	6204
5509	7854
5509	4347
5509	3712
5509	1562
5509	3580
5509	5044
5509	2765
5509	726
5509	927
5509	5725
5510	3172
5510	2447
5510	346
5510	8377
5510	5620
5510	1959
5510	5391
5510	2831
5510	2020
5510	3591
5511	7454
5511	9992
5511	9509
5511	8737
5511	3186
5511	7598
5511	5118
5511	7820
5511	9666
5511	2317
5512	6989
5512	7203
5512	1008
5512	4099
5512	3135
5512	3998
5512	9041
5512	1659
5512	5015
5512	8959
5513	6890
5513	505
5513	2977
5513	1301
5513	4408
5513	290
5513	4778
5513	930
5513	3150
5513	4194
5514	5902
5514	8568
5514	4319
5514	4587
5514	2179
5514	4944
5514	5318
5514	5845
5514	6515
5514	7585
5515	6254
5515	6336
5515	3396
5515	5484
5515	4407
5515	4067
5515	8643
5515	5671
5515	9962
5515	4893
5516	8215
5516	2132
5516	9382
5516	713
5516	3120
5516	6396
5516	2957
5516	5407
5516	9845
5516	8286
5517	4755
5517	2883
5517	6090
5517	8470
5517	7981
5517	4609
5517	4082
5517	4839
5517	5419
5517	2221
5518	2864
5518	180
5518	8252
5518	6550
5518	8421
5518	8749
5518	137
5518	2742
5518	4167
5518	1513
5519	4783
5519	6649
5519	6077
5519	1158
5519	3094
5519	694
5519	2517
5519	3904
5519	1379
5519	6347
5520	1811
5520	6488
5520	6675
5520	8976
5520	3117
5520	9026
5520	8621
5520	3184
5520	481
5520	8368
5521	6940
5521	8070
5521	1675
5521	3121
5521	8705
5521	3197
5521	1651
5521	7252
5521	6436
5521	6680
5522	7949
5522	2227
5522	9183
5522	6892
5522	2301
5522	7502
5522	933
5522	3548
5522	9159
5522	9892
5523	1507
5523	5129
5523	560
5523	448
5523	9847
5523	1395
5523	2719
5523	5756
5523	7118
5523	5568
5524	2963
5524	4827
5524	9071
5524	5539
5524	3430
5524	4995
5524	3558
5524	5271
5524	2227
5524	8296
5525	3483
5525	1163
5525	9984
5525	6055
5525	1570
5525	8994
5525	1671
5525	1597
5525	824
5525	7879
5526	3998
5526	3585
5526	5402
5526	5624
5526	3922
5526	3508
5526	2897
5526	1164
5526	5800
5526	9980
5527	79
5527	9672
5527	7298
5527	1231
5527	7635
5527	7030
5527	5228
5527	6084
5527	7399
5527	7762
5528	9590
5528	6990
5528	305
5528	8002
5528	923
5528	153
5528	707
5528	6225
5528	7992
5528	5974
5529	8541
5529	2836
5529	2991
5529	8965
5529	6359
5529	7947
5529	8434
5529	9079
5529	9903
5529	3352
5530	3788
5530	7540
5530	2386
5530	7782
5530	6177
5530	9493
5530	78
5530	1047
5530	4113
5530	6546
5531	3960
5531	8243
5531	9127
5531	7564
5531	1207
5531	2314
5531	4404
5531	6343
5531	9999
5531	1600
5532	4914
5532	9427
5532	7079
5532	3804
5532	6599
5532	7912
5532	6690
5532	2196
5532	4533
5532	1024
5533	9132
5533	426
5533	7423
5533	8685
5533	5067
5533	7734
5533	962
5533	5558
5533	8780
5533	6436
5534	940
5534	6585
5534	3676
5534	9376
5534	8477
5534	122
5534	4887
5534	9421
5534	8443
5534	6956
5535	2947
5535	8693
5535	107
5535	2936
5535	7214
5535	3354
5535	7291
5535	3421
5535	1585
5535	6760
5536	7655
5536	2426
5536	6933
5536	448
5536	4741
5536	5435
5536	5115
5536	6584
5536	1835
5536	1877
5537	6947
5537	6086
5537	6933
5537	6677
5537	2451
5537	1601
5537	4147
5537	724
5537	3452
5537	3465
5538	4208
5538	3497
5538	4663
5538	811
5538	3440
5538	7899
5538	6948
5538	6471
5538	4122
5538	7704
5539	4999
5539	1847
5539	8908
5539	5351
5539	1341
5539	831
5539	8460
5539	5745
5539	7137
5539	1877
5540	2974
5540	2391
5540	249
5540	8247
5540	7810
5540	1361
5540	5429
5540	1121
5540	5706
5540	1604
5541	3271
5541	7251
5541	6695
5541	947
5541	4215
5541	8410
5541	9323
5541	9542
5541	3254
5541	1672
5542	3777
5542	3981
5542	8663
5542	9332
5542	9636
5542	4244
5542	3811
5542	827
5542	3497
5542	8862
5543	1141
5543	8259
5543	2505
5543	5653
5543	668
5543	7754
5543	6272
5543	8004
5543	1350
5543	139
5544	1053
5544	3940
5544	971
5544	418
5544	8961
5544	4907
5544	5935
5544	6800
5544	7438
5544	4868
5545	5581
5545	6410
5545	4476
5545	7007
5545	1084
5545	737
5545	9955
5545	251
5545	6469
5545	8464
5546	9921
5546	6662
5546	5844
5546	240
5546	1074
5546	2737
5546	2671
5546	164
5546	8000
5546	305
5547	742
5547	7464
5547	7299
5547	7830
5547	9893
5547	9511
5547	4424
5547	2419
5547	9133
5547	695
5548	8580
5548	8005
5548	3831
5548	3837
5548	7004
5548	5290
5548	9348
5548	5780
5548	5588
5548	9004
5549	9948
5549	7387
5549	2007
5549	4452
5549	7713
5549	6583
5549	5626
5549	256
5549	4228
5549	5077
5550	9231
5550	7496
5550	3775
5550	5092
5550	1421
5550	9224
5550	2136
5550	3843
5550	2423
5550	3898
5551	7260
5551	8614
5551	8220
5551	7443
5551	233
5551	260
5551	1344
5551	2673
5551	3582
5551	6330
5552	5279
5552	3658
5552	5591
5552	5705
5552	9868
5552	8054
5552	9531
5552	3064
5552	7857
5552	7549
5553	9970
5553	3100
5553	2092
5553	2694
5553	1383
5553	2235
5553	2946
5553	7940
5553	9202
5553	7849
5554	9853
5554	5456
5554	513
5554	7667
5554	3665
5554	6315
5554	9849
5554	3116
5554	6569
5554	8864
5555	9545
5555	8248
5555	6729
5555	3224
5555	552
5555	8826
5555	7095
5555	3898
5555	2220
5555	9536
5556	5287
5556	2506
5556	5341
5556	7940
5556	7911
5556	758
5556	6654
5556	4049
5556	102
5556	5930
5557	9761
5557	2069
5557	6339
5557	5469
5557	3697
5557	914
5557	8873
5557	7373
5557	6718
5557	3255
5558	3132
5558	5895
5558	1844
5558	4534
5558	2189
5558	9376
5558	4465
5558	5721
5558	2016
5558	1186
5559	5359
5559	2996
5559	5251
5559	5344
5559	2606
5559	124
5559	8359
5559	6881
5559	5310
5559	7777
5560	3206
5560	1519
5560	8747
5560	5790
5560	2450
5560	2701
5560	6985
5560	8730
5560	3122
5560	9909
5561	5123
5561	8841
5561	9518
5561	4561
5561	129
5561	2229
5561	5594
5561	6913
5561	7732
5561	8648
5562	4313
5562	6642
5562	2228
5562	1971
5562	4307
5562	870
5562	2369
5562	8109
5562	4215
5562	3173
5563	4891
5563	4016
5563	5045
5563	3338
5563	9153
5563	3014
5563	3752
5563	5138
5563	814
5563	3822
5564	6517
5564	160
5564	570
5564	7035
5564	6736
5564	7689
5564	5084
5564	8336
5564	3791
5564	7492
5565	4673
5565	7795
5565	5158
5565	322
5565	8473
5565	547
5565	215
5565	4887
5565	2160
5565	7548
5566	4353
5566	7489
5566	8855
5566	7721
5566	6343
5566	1340
5566	3534
5566	5491
5566	761
5566	8759
5567	734
5567	2759
5567	8042
5567	5604
5567	277
5567	5182
5567	8165
5567	8983
5567	9142
5567	9024
5568	8838
5568	7381
5568	4734
5568	8117
5568	2297
5568	3340
5568	6250
5568	1455
5568	8284
5568	1574
5569	3518
5569	8669
5569	3979
5569	6846
5569	6068
5569	1537
5569	779
5569	7841
5569	7813
5569	3179
5570	306
5570	3533
5570	3711
5570	8239
5570	6049
5570	1484
5570	7498
5570	3071
5570	3086
5570	6737
5571	8414
5571	4995
5571	3166
5571	6396
5571	2980
5571	4936
5571	5283
5571	2212
5571	1295
5571	9462
5572	5205
5572	9585
5572	1703
5572	7716
5572	6618
5572	3044
5572	130
5572	117
5572	2397
5572	2316
5573	7804
5573	3904
5573	8368
5573	2806
5573	2797
5573	8073
5573	8458
5573	7055
5573	9240
5573	4656
5574	3896
5574	6179
5574	6125
5574	9475
5574	4529
5574	132
5574	2132
5574	2860
5574	8093
5574	3703
5575	393
5575	3114
5575	6106
5575	2641
5575	9456
5575	7499
5575	997
5575	9992
5575	4916
5575	1635
5576	6036
5576	9387
5576	5846
5576	8442
5576	5311
5576	4017
5576	5661
5576	176
5576	9816
5576	9281
5577	3265
5577	9836
5577	6014
5577	6960
5577	5427
5577	3492
5577	2090
5577	8954
5577	1496
5577	8523
5578	8659
5578	714
5578	9030
5578	860
5578	934
5578	1815
5578	8942
5578	2679
5578	4553
5578	4553
5579	9686
5579	3041
5579	4063
5579	8575
5579	1769
5579	697
5579	6786
5579	2457
5579	2919
5579	862
5580	8986
5580	5151
5580	5623
5580	7177
5580	7059
5580	5843
5580	8061
5580	1971
5580	5240
5580	7299
5581	3734
5581	1159
5581	9545
5581	5471
5581	6769
5581	2228
5581	7575
5581	3400
5581	6945
5581	4078
5582	2374
5582	6138
5582	9368
5582	4392
5582	418
5582	9961
5582	1080
5582	5215
5582	5884
5582	6021
5583	6613
5583	386
5583	2526
5583	114
5583	3193
5583	3816
5583	6102
5583	2397
5583	4716
5583	1590
5584	5920
5584	6860
5584	8987
5584	9763
5584	7725
5584	4897
5584	3292
5584	2847
5584	5933
5584	1015
5585	512
5585	8393
5585	6041
5585	5020
5585	8352
5585	5835
5585	8802
5585	5191
5585	3846
5585	3387
5586	9831
5586	3792
5586	7214
5586	6176
5586	7949
5586	591
5586	2308
5586	7531
5586	7992
5586	442
5587	8581
5587	4406
5587	6002
5587	6147
5587	7345
5587	533
5587	8152
5587	9948
5587	1942
5587	4153
5588	616
5588	9822
5588	485
5588	1692
5588	2633
5588	4518
5588	1136
5588	6517
5588	5335
5588	246
5589	7100
5589	3533
5589	3206
5589	4817
5589	8280
5589	7349
5589	3716
5589	4514
5589	595
5589	1677
5590	7677
5590	9957
5590	890
5590	9232
5590	914
5590	5844
5590	8748
5590	8458
5590	4302
5590	6971
5591	2658
5591	3510
5591	1134
5591	3019
5591	8594
5591	4448
5591	1978
5591	543
5591	4347
5591	5539
5592	5673
5592	9822
5592	6169
5592	9928
5592	2349
5592	9568
5592	2299
5592	7845
5592	8097
5592	5202
5593	6973
5593	9094
5593	5255
5593	1620
5593	840
5593	1481
5593	7308
5593	1537
5593	3227
5593	7576
5594	7251
5594	9176
5594	4204
5594	5546
5594	4551
5594	4550
5594	6792
5594	3462
5594	9254
5594	5187
5595	7791
5595	2512
5595	1160
5595	2444
5595	1265
5595	1299
5595	6551
5595	189
5595	4827
5595	4794
5596	9245
5596	7791
5596	1054
5596	7442
5596	4204
5596	5173
5596	6407
5596	4143
5596	657
5596	213
5597	7714
5597	8078
5597	5964
5597	3547
5597	4071
5597	499
5597	3562
5597	8601
5597	4954
5597	9235
5598	4366
5598	2921
5598	1461
5598	3780
5598	5397
5598	8260
5598	3053
5598	222
5598	1788
5598	1621
5599	9002
5599	8635
5599	9767
5599	6336
5599	2450
5599	7969
5599	957
5599	7735
5599	3792
5599	1045
5600	1969
5600	9268
5600	1005
5600	9695
5600	707
5600	5589
5600	8440
5600	2844
5600	2090
5600	8586
5601	6741
5601	5582
5601	8870
5601	4558
5601	1384
5601	2138
5601	2233
5601	3568
5601	6333
5601	3380
5602	2887
5602	4210
5602	5029
5602	5534
5602	1752
5602	4924
5602	3699
5602	7386
5602	8142
5602	5029
5603	1946
5603	5699
5603	2245
5603	5211
5603	5423
5603	3834
5603	6298
5603	6662
5603	3913
5603	2636
5604	8813
5604	4212
5604	3509
5604	4021
5604	601
5604	9863
5604	6124
5604	1799
5604	7206
5604	4852
5605	461
5605	6214
5605	7035
5605	4323
5605	5146
5605	6047
5605	4523
5605	9558
5605	7325
5605	4108
5606	8032
5606	7886
5606	4921
5606	4851
5606	9810
5606	6365
5606	5873
5606	1792
5606	6778
5606	652
5607	400
5607	2184
5607	4410
5607	1587
5607	560
5607	9767
5607	8449
5607	3718
5607	4831
5607	3414
5608	9951
5608	6874
5608	8310
5608	7211
5608	6812
5608	4835
5608	542
5608	4530
5608	4300
5608	7237
5609	8566
5609	941
5609	8642
5609	8487
5609	4546
5609	8788
5609	684
5609	186
5609	2594
5609	5748
5610	7343
5610	200
5610	4160
5610	6443
5610	3207
5610	3088
5610	4936
5610	5389
5610	8997
5610	4182
5611	5525
5611	2424
5611	1285
5611	93
5611	7452
5611	8834
5611	9557
5611	5409
5611	7540
5611	5067
5612	4133
5612	2521
5612	6853
5612	5135
5612	6460
5612	3883
5612	2270
5612	7232
5612	7883
5612	2179
5613	2568
5613	6774
5613	893
5613	8662
5613	8831
5613	6905
5613	434
5613	6035
5613	6782
5613	8753
5614	3894
5614	1660
5614	3560
5614	6459
5614	3150
5614	6651
5614	9569
5614	5901
5614	9359
5614	5315
5615	6404
5615	9560
5615	4329
5615	2449
5615	7005
5615	8409
5615	3059
5615	6246
5615	6433
5615	11
5616	1304
5616	8895
5616	8059
5616	97
5616	5177
5616	4464
5616	5547
5616	3492
5616	1229
5616	4577
5617	4970
5617	1567
5617	3
5617	3960
5617	5722
5617	3483
5617	8913
5617	6155
5617	5846
5617	750
5618	5351
5618	167
5618	8791
5618	1684
5618	3998
5618	4298
5618	743
5618	9265
5618	7033
5618	8757
5619	1672
5619	9775
5619	880
5619	7134
5619	4951
5619	4588
5619	1782
5619	5257
5619	78
5619	1157
5620	1940
5620	5976
5620	8078
5620	3553
5620	8913
5620	4502
5620	1869
5620	4098
5620	9653
5620	8352
5621	5574
5621	9170
5621	981
5621	9688
5621	9255
5621	963
5621	8705
5621	4158
5621	5220
5621	4228
5622	9990
5622	858
5622	6306
5622	7557
5622	6917
5622	4835
5622	2164
5622	1661
5622	8341
5622	8189
5623	931
5623	4893
5623	8316
5623	9461
5623	35
5623	9261
5623	468
5623	4127
5623	7080
5623	8811
5624	2462
5624	9520
5624	6676
5624	692
5624	3039
5624	4506
5624	5157
5624	8304
5624	6091
5624	722
5625	153
5625	878
5625	6027
5625	5321
5625	3411
5625	6937
5625	4194
5625	9244
5625	166
5625	3366
5626	7987
5626	5707
5626	7664
5626	4102
5626	2391
5626	3798
5626	2343
5626	8049
5626	7169
5626	7497
5627	5258
5627	8884
5627	7626
5627	6357
5627	3419
5627	7944
5627	6237
5627	871
5627	1513
5627	828
5628	8303
5628	795
5628	3788
5628	145
5628	3282
5628	282
5628	7140
5628	1060
5628	7187
5628	6400
5629	1581
5629	8271
5629	1885
5629	2111
5629	2238
5629	3463
5629	2016
5629	6732
5629	4193
5629	688
5630	6548
5630	2730
5630	6993
5630	622
5630	6098
5630	6258
5630	3134
5630	5004
5630	1384
5630	6323
5631	2338
5631	8397
5631	9260
5631	9739
5631	4428
5631	3446
5631	9170
5631	8833
5631	4635
5631	1157
5632	9913
5632	1644
5632	5707
5632	9720
5632	7200
5632	9338
5632	8347
5632	102
5632	6931
5632	6407
5633	180
5633	4517
5633	6698
5633	6016
5633	8042
5633	6765
5633	7764
5633	3105
5633	7598
5633	1692
5634	5004
5634	4137
5634	3302
5634	6725
5634	82
5634	9113
5634	9187
5634	5316
5634	4835
5634	7622
5635	2858
5635	514
5635	6064
5635	3503
5635	2085
5635	544
5635	8355
5635	8812
5635	1978
5635	2016
5636	1253
5636	6675
5636	3868
5636	7620
5636	9859
5636	69
5636	5820
5636	8126
5636	8417
5636	219
5637	617
5637	3747
5637	201
5637	7
5637	6965
5637	23
5637	494
5637	678
5637	9545
5637	7172
5638	2589
5638	683
5638	1038
5638	1885
5638	3267
5638	9811
5638	2192
5638	7727
5638	7588
5638	8665
5639	1618
5639	9394
5639	3453
5639	5838
5639	7299
5639	511
5639	3576
5639	3194
5639	5502
5639	749
5640	6461
5640	5566
5640	8241
5640	5597
5640	1425
5640	1553
5640	8217
5640	7214
5640	7961
5640	2554
5641	8042
5641	8892
5641	9606
5641	8944
5641	1636
5641	7353
5641	8801
5641	8525
5641	8745
5641	4681
5642	4446
5642	4198
5642	8807
5642	6851
5642	6199
5642	1797
5642	8805
5642	9164
5642	8212
5642	8759
5643	1877
5643	7101
5643	2663
5643	6544
5643	8636
5643	1901
5643	6282
5643	9582
5643	2661
5643	9239
5644	6152
5644	4930
5644	6168
5644	5741
5644	1883
5644	4965
5644	2033
5644	113
5644	9069
5644	6012
5645	50
5645	6626
5645	4594
5645	8231
5645	4681
5645	4514
5645	8962
5645	8344
5645	8855
5645	1697
5646	6749
5646	7674
5646	2047
5646	7684
5646	2114
5646	7495
5646	818
5646	4595
5646	2670
5646	9983
5647	5039
5647	7631
5647	7761
5647	3399
5647	7688
5647	7641
5647	424
5647	5138
5647	9410
5647	2176
5648	8456
5648	8589
5648	695
5648	3943
5648	9544
5648	5481
5648	2233
5648	5438
5648	7699
5648	7795
5649	1586
5649	5683
5649	568
5649	4148
5649	5008
5649	5146
5649	2407
5649	9648
5649	1363
5649	5774
5650	6796
5650	9206
5650	5457
5650	4739
5650	6124
5650	2290
5650	2257
5650	8165
5650	7640
5650	6652
5651	2269
5651	2550
5651	55
5651	2415
5651	4100
5651	2762
5651	5812
5651	3132
5651	8311
5651	241
5652	7351
5652	1816
5652	454
5652	8274
5652	3979
5652	580
5652	3567
5652	2079
5652	4499
5652	266
5653	7223
5653	1278
5653	9695
5653	7845
5653	7971
5653	1116
5653	922
5653	5746
5653	3724
5653	4372
5654	8503
5654	5038
5654	1393
5654	2879
5654	7411
5654	1392
5654	6747
5654	6025
5654	5214
5654	1656
5655	9845
5655	3698
5655	9226
5655	8534
5655	5740
5655	3777
5655	5173
5655	4982
5655	5251
5655	3117
5656	9177
5656	1956
5656	6303
5656	1126
5656	1556
5656	9792
5656	1065
5656	3164
5656	6989
5656	5291
5657	9042
5657	9465
5657	6027
5657	7022
5657	8293
5657	1114
5657	8806
5657	2276
5657	2002
5657	8938
5658	973
5658	2219
5658	9744
5658	4895
5658	4118
5658	2138
5658	7058
5658	4968
5658	7748
5658	6166
5659	8608
5659	2604
5659	1346
5659	5233
5659	4277
5659	8579
5659	1865
5659	328
5659	488
5659	6966
5660	1554
5660	2547
5660	8475
5660	9894
5660	6129
5660	6040
5660	5528
5660	9638
5660	4393
5660	9189
5661	7441
5661	1783
5661	7242
5661	2561
5661	1860
5661	1275
5661	8478
5661	6097
5661	9055
5661	8406
5662	7608
5662	7003
5662	3924
5662	4229
5662	2998
5662	1515
5662	4192
5662	6729
5662	7859
5662	4498
5663	6605
5663	2548
5663	4532
5663	6070
5663	1766
5663	7809
5663	7438
5663	5688
5663	985
5663	822
5664	9292
5664	9769
5664	7823
5664	2450
5664	9611
5664	6194
5664	4745
5664	5516
5664	9692
5664	2704
5665	1790
5665	1072
5665	7791
5665	8624
5665	6656
5665	3047
5665	5709
5665	5568
5665	464
5665	9143
5666	3280
5666	6625
5666	433
5666	5304
5666	9236
5666	8830
5666	734
5666	7065
5666	745
5666	4788
5667	9644
5667	6233
5667	4363
5667	1266
5667	3028
5667	7522
5667	8259
5667	3367
5667	9010
5667	5073
5668	7680
5668	3990
5668	4393
5668	5154
5668	6435
5668	2087
5668	2970
5668	8939
5668	3277
5668	6367
5669	6913
5669	8436
5669	4523
5669	4523
5669	1172
5669	2322
5669	5824
5669	4691
5669	2145
5669	2037
5670	586
5670	4099
5670	6192
5670	4480
5670	4501
5670	3241
5670	2798
5670	8668
5670	3303
5670	1519
5671	8934
5671	5269
5671	8971
5671	617
5671	5928
5671	9805
5671	3784
5671	4525
5671	9526
5671	4380
5672	9547
5672	9956
5672	8105
5672	3025
5672	964
5672	5626
5672	7503
5672	5231
5672	6025
5672	3901
5673	5150
5673	9249
5673	7135
5673	2626
5673	7674
5673	8134
5673	2102
5673	7834
5673	7316
5673	1108
5674	777
5674	8413
5674	5899
5674	9951
5674	4050
5674	8811
5674	2886
5674	340
5674	7450
5674	8729
5675	986
5675	6092
5675	1302
5675	6629
5675	2937
5675	3791
5675	7394
5675	1334
5675	9838
5675	4515
5676	9041
5676	5110
5676	3555
5676	6993
5676	1825
5676	3839
5676	618
5676	333
5676	6112
5676	9873
5677	5525
5677	9372
5677	967
5677	5660
5677	4495
5677	1779
5677	8836
5677	3248
5677	9112
5677	6766
5678	4474
5678	4764
5678	3652
5678	7628
5678	1533
5678	9616
5678	9251
5678	4633
5678	161
5678	4947
5679	2363
5679	2109
5679	3597
5679	8637
5679	2257
5679	6565
5679	7054
5679	3575
5679	1598
5679	8040
5680	8472
5680	7985
5680	7823
5680	3651
5680	7136
5680	9054
5680	8061
5680	7238
5680	9256
5680	4891
5681	1574
5681	4003
5681	1972
5681	1252
5681	2289
5681	9578
5681	7185
5681	7521
5681	3237
5681	3161
5682	931
5682	6431
5682	5897
5682	8700
5682	1173
5682	3380
5682	3109
5682	3627
5682	2721
5682	4374
5683	6001
5683	1851
5683	2687
5683	5897
5683	4590
5683	6721
5683	2303
5683	8488
5683	6911
5683	8624
5684	9147
5684	1462
5684	5808
5684	423
5684	4930
5684	2482
5684	3635
5684	403
5684	6216
5684	9433
5685	5985
5685	6136
5685	6435
5685	2231
5685	9739
5685	6520
5685	5887
5685	3486
5685	8592
5685	3723
5686	4781
5686	8932
5686	6967
5686	3994
5686	9897
5686	9956
5686	2951
5686	3773
5686	3579
5686	9939
5687	8866
5687	7656
5687	4093
5687	7275
5687	238
5687	4959
5687	5369
5687	9962
5687	9580
5687	1775
5688	4440
5688	3854
5688	9504
5688	499
5688	2734
5688	5471
5688	2618
5688	9473
5688	6061
5688	7542
5689	9206
5689	2093
5689	70
5689	693
5689	6119
5689	8432
5689	8691
5689	3028
5689	9722
5689	804
5690	3710
5690	5227
5690	1555
5690	5759
5690	1747
5690	3823
5690	137
5690	1831
5690	7369
5690	1670
5691	8739
5691	3782
5691	1941
5691	4113
5691	5744
5691	6503
5691	2929
5691	9506
5691	9402
5691	2486
5692	7322
5692	6851
5692	8103
5692	4847
5692	7847
5692	2988
5692	6042
5692	9835
5692	6952
5692	5091
5693	5371
5693	1995
5693	8032
5693	1358
5693	4374
5693	4890
5693	6371
5693	3030
5693	1516
5693	9543
5694	728
5694	6782
5694	3494
5694	2230
5694	2006
5694	7081
5694	2064
5694	9275
5694	8513
5694	9455
5695	7674
5695	9843
5695	6511
5695	6320
5695	7413
5695	9505
5695	6981
5695	1084
5695	4832
5695	3413
5696	5005
5696	7669
5696	419
5696	464
5696	9076
5696	7119
5696	1704
5696	8991
5696	1724
5696	6874
5697	9322
5697	7976
5697	6651
5697	496
5697	4760
5697	5374
5697	2538
5697	1021
5697	5269
5697	4288
5698	8331
5698	3445
5698	321
5698	9328
5698	6829
5698	3943
5698	7239
5698	6338
5698	2100
5698	3840
5699	5778
5699	6985
5699	6490
5699	2268
5699	3770
5699	6486
5699	4747
5699	7841
5699	5839
5699	4425
5700	9366
5700	4427
5700	2129
5700	3773
5700	9138
5700	3475
5700	3085
5700	3218
5700	4713
5700	495
5701	2214
5701	9646
5701	8167
5701	4750
5701	8167
5701	3844
5701	6856
5701	5705
5701	9968
5701	960
5702	7354
5702	1263
5702	6501
5702	6236
5702	7868
5702	1903
5702	7226
5702	2917
5702	4190
5702	5450
5703	5472
5703	786
5703	4801
5703	1373
5703	4371
5703	2085
5703	3785
5703	9936
5703	1324
5703	2368
5704	4772
5704	2152
5704	1753
5704	835
5704	2284
5704	2154
5704	5965
5704	5684
5704	7187
5704	4661
5705	2106
5705	9751
5705	9230
5705	1717
5705	2658
5705	3488
5705	2644
5705	3717
5705	5329
5705	8462
5706	4678
5706	9058
5706	7964
5706	9959
5706	83
5706	5762
5706	9190
5706	5416
5706	7954
5706	8786
5707	8582
5707	3495
5707	7734
5707	2701
5707	1521
5707	800
5707	4086
5707	9261
5707	2081
5707	6494
5708	6461
5708	9306
5708	3712
5708	4563
5708	1083
5708	2831
5708	9897
5708	8653
5708	8462
5708	7546
5709	8421
5709	1088
5709	5095
5709	1258
5709	3712
5709	1042
5709	9300
5709	834
5709	3993
5709	6978
5710	123
5710	4082
5710	9092
5710	5678
5710	8560
5710	3571
5710	5876
5710	3475
5710	3854
5710	430
5711	3532
5711	55
5711	8589
5711	18
5711	8337
5711	4488
5711	1912
5711	3139
5711	5871
5711	4557
5712	6637
5712	9141
5712	2776
5712	3463
5712	767
5712	7988
5712	8638
5712	3994
5712	1803
5712	7899
5713	7285
5713	3932
5713	9274
5713	1245
5713	6615
5713	6533
5713	468
5713	8158
5713	3147
5713	2541
5714	7284
5714	5799
5714	873
5714	9364
5714	3540
5714	779
5714	4243
5714	3626
5714	2672
5714	6859
5715	8482
5715	1164
5715	8955
5715	3693
5715	5302
5715	1943
5715	3333
5715	2837
5715	3514
5715	7830
5716	8122
5716	684
5716	9361
5716	7384
5716	579
5716	2812
5716	351
5716	476
5716	4175
5716	2927
5717	6816
5717	9308
5717	8559
5717	2793
5717	9805
5717	6218
5717	5860
5717	2426
5717	3041
5717	1631
5718	2432
5718	1882
5718	3016
5718	3860
5718	2902
5718	6546
5718	4918
5718	854
5718	7160
5718	1323
5719	4995
5719	6793
5719	7460
5719	8786
5719	2192
5719	1059
5719	5866
5719	1811
5719	4846
5719	3042
5720	522
5720	4402
5720	1117
5720	6292
5720	3855
5720	7405
5720	9177
5720	6787
5720	2247
5720	6401
5721	9005
5721	255
5721	9919
5721	8789
5721	5755
5721	4988
5721	7051
5721	3884
5721	2937
5721	5220
5722	6323
5722	2730
5722	7690
5722	7805
5722	2130
5722	7787
5722	6180
5722	2335
5722	6948
5722	3554
5723	1833
5723	3930
5723	9332
5723	1185
5723	896
5723	6305
5723	2323
5723	9072
5723	8295
5723	8541
5724	4968
5724	5097
5724	5956
5724	6203
5724	740
5724	3251
5724	1650
5724	8184
5724	324
5724	1035
5725	1964
5725	4883
5725	8166
5725	5098
5725	7365
5725	3570
5725	9900
5725	7373
5725	4965
5725	2204
5726	8257
5726	8260
5726	3800
5726	6869
5726	3401
5726	2150
5726	8318
5726	428
5726	3433
5726	8374
5727	8854
5727	6619
5727	7211
5727	1987
5727	5869
5727	6114
5727	5101
5727	2970
5727	8679
5727	7254
5728	3163
5728	4663
5728	8934
5728	3882
5728	6095
5728	5353
5728	6976
5728	6638
5728	2294
5728	4302
5729	880
5729	8035
5729	5826
5729	1906
5729	3467
5729	9628
5729	9498
5729	9646
5729	6157
5729	8147
5730	3382
5730	245
5730	1223
5730	3501
5730	5900
5730	5009
5730	8145
5730	2334
5730	8277
5730	3316
5731	2719
5731	9637
5731	6565
5731	6274
5731	3087
5731	4226
5731	8037
5731	1720
5731	1292
5731	8380
5732	8866
5732	9048
5732	5668
5732	5453
5732	7503
5732	5441
5732	8577
5732	5106
5732	9829
5732	7163
5733	5573
5733	4490
5733	5118
5733	5210
5733	4895
5733	5145
5733	3689
5733	9811
5733	3239
5733	9105
5734	7504
5734	5718
5734	1971
5734	319
5734	2980
5734	1948
5734	6744
5734	9673
5734	9189
5734	5435
5735	5403
5735	2461
5735	4079
5735	3944
5735	9080
5735	1262
5735	3788
5735	9762
5735	2020
5735	1353
5736	8623
5736	276
5736	7863
5736	7414
5736	5451
5736	8296
5736	5676
5736	1691
5736	5731
5736	7946
5737	7161
5737	3170
5737	9866
5737	3180
5737	5296
5737	2507
5737	8375
5737	9706
5737	6376
5737	6483
5738	6479
5738	3962
5738	2130
5738	6501
5738	4703
5738	9316
5738	7316
5738	9529
5738	4061
5738	4154
5739	9615
5739	2891
5739	1625
5739	3528
5739	8022
5739	3224
5739	1032
5739	9983
5739	3500
5739	3578
5740	3549
5740	7205
5740	2838
5740	2739
5740	8993
5740	9355
5740	2176
5740	7790
5740	299
5740	7771
5741	9279
5741	5718
5741	8203
5741	4192
5741	4870
5741	7300
5741	5851
5741	8175
5741	7664
5741	3693
5742	8210
5742	7615
5742	1250
5742	6101
5742	878
5742	8287
5742	6846
5742	1195
5742	1059
5742	6361
5743	1576
5743	740
5743	1056
5743	4420
5743	8924
5743	9810
5743	4710
5743	8436
5743	8654
5743	997
5744	9201
5744	8158
5744	2375
5744	7129
5744	2842
5744	8297
5744	2926
5744	4303
5744	4059
5744	6510
5745	6547
5745	5440
5745	4632
5745	3225
5745	596
5745	3456
5745	6457
5745	3592
5745	4222
5745	8593
5746	6661
5746	1581
5746	9996
5746	3103
5746	5382
5746	3451
5746	6149
5746	7375
5746	6083
5746	2844
5747	7993
5747	5737
5747	7230
5747	1020
5747	3772
5747	4822
5747	980
5747	7418
5747	5986
5747	5399
5748	4066
5748	9664
5748	2153
5748	8140
5748	4686
5748	3263
5748	1160
5748	7253
5748	1521
5748	8351
5749	8849
5749	3623
5749	5701
5749	1144
5749	8388
5749	9057
5749	9057
5749	3127
5749	7951
5749	8475
5750	1040
5750	8579
5750	1897
5750	7220
5750	8299
5750	4529
5750	1239
5750	4525
5750	601
5750	8175
5751	190
5751	5308
5751	3982
5751	6311
5751	6676
5751	555
5751	2289
5751	7270
5751	8831
5751	7094
5752	2665
5752	8513
5752	6030
5752	240
5752	9161
5752	8955
5752	5340
5752	6209
5752	4879
5752	1288
5753	4740
5753	2810
5753	338
5753	4210
5753	3721
5753	4674
5753	8631
5753	2983
5753	1112
5753	3764
5754	3653
5754	3740
5754	203
5754	6656
5754	9486
5754	7976
5754	4235
5754	9649
5754	3639
5754	9644
5755	332
5755	2827
5755	256
5755	2266
5755	9311
5755	2487
5755	2123
5755	5736
5755	3891
5755	1527
5756	4382
5756	3538
5756	9950
5756	138
5756	8480
5756	6184
5756	5665
5756	4979
5756	1708
5756	9229
5757	2521
5757	7948
5757	650
5757	3885
5757	730
5757	7066
5757	211
5757	6520
5757	3935
5757	743
5758	9696
5758	9597
5758	2369
5758	489
5758	2834
5758	8449
5758	6215
5758	3138
5758	5381
5758	283
5759	190
5759	6853
5759	8222
5759	6560
5759	241
5759	9206
5759	9637
5759	9245
5759	1405
5759	1556
5760	8812
5760	1839
5760	3920
5760	5016
5760	2499
5760	4587
5760	2016
5760	5414
5760	2829
5760	6337
5761	238
5761	5376
5761	5389
5761	8620
5761	5204
5761	8595
5761	596
5761	8715
5761	3841
5761	9167
5762	2016
5762	950
5762	8528
5762	8472
5762	6517
5762	4266
5762	286
5762	5127
5762	3300
5762	601
5763	4774
5763	7887
5763	5419
5763	9508
5763	166
5763	710
5763	24
5763	1396
5763	9802
5763	6100
5764	9667
5764	5980
5764	3781
5764	4645
5764	4047
5764	1371
5764	3790
5764	3423
5764	9145
5764	1770
5765	3352
5765	8038
5765	4331
5765	5451
5765	4053
5765	3095
5765	7934
5765	195
5765	1526
5765	7566
5766	8780
5766	5359
5766	3067
5766	7148
5766	1656
5766	35
5766	6502
5766	2507
5766	8406
5766	8019
5767	5731
5767	3859
5767	1298
5767	2170
5767	5623
5767	9749
5767	7808
5767	873
5767	6229
5767	2437
5768	2475
5768	628
5768	7449
5768	7957
5768	901
5768	7930
5768	3694
5768	7953
5768	8311
5768	2278
5769	4697
5769	3391
5769	4681
5769	3946
5769	604
5769	7386
5769	963
5769	6341
5769	6314
5769	7064
5770	1902
5770	4314
5770	3950
5770	7016
5770	9453
5770	8499
5770	682
5770	2527
5770	5597
5770	6757
5771	1216
5771	5528
5771	4049
5771	2669
5771	7880
5771	2404
5771	9806
5771	735
5771	5941
5771	3896
5772	4493
5772	5650
5772	2688
5772	3187
5772	7361
5772	1701
5772	8942
5772	3526
5772	488
5772	1716
5773	6716
5773	3839
5773	125
5773	4747
5773	7507
5773	9307
5773	8528
5773	70
5773	9187
5773	2310
5774	8080
5774	3316
5774	5067
5774	6797
5774	8848
5774	4748
5774	2267
5774	8254
5774	8934
5774	8431
5775	5809
5775	2028
5775	588
5775	9562
5775	2724
5775	7519
5775	7868
5775	2912
5775	5878
5775	6922
5776	2550
5776	3457
5776	1218
5776	7928
5776	8845
5776	9203
5776	9791
5776	5832
5776	1737
5776	7366
5777	6781
5777	8625
5777	2729
5777	1614
5777	9993
5777	5643
5777	2309
5777	9805
5777	1120
5777	3107
5778	7042
5778	4679
5778	8493
5778	2522
5778	457
5778	951
5778	6216
5778	3097
5778	7252
5778	2965
5779	6401
5779	6998
5779	888
5779	6676
5779	9441
5779	6025
5779	1489
5779	4410
5779	8631
5779	6456
5780	9480
5780	924
5780	8459
5780	5337
5780	4495
5780	1868
5780	6862
5780	6029
5780	7152
5780	1398
5781	8859
5781	5166
5781	3966
5781	6437
5781	9587
5781	7072
5781	5414
5781	3651
5781	871
5781	1149
5782	343
5782	9030
5782	9793
5782	5144
5782	6838
5782	8101
5782	9139
5782	6573
5782	7312
5782	7074
5783	4799
5783	6932
5783	9702
5783	9821
5783	4105
5783	408
5783	1427
5783	6946
5783	4461
5783	2765
5784	694
5784	4305
5784	5494
5784	8088
5784	3089
5784	5430
5784	9646
5784	6424
5784	2027
5784	1905
5785	4808
5785	340
5785	7343
5785	8172
5785	9487
5785	3432
5785	3535
5785	6220
5785	5670
5785	1759
5786	7743
5786	6915
5786	1612
5786	5008
5786	2929
5786	2317
5786	2349
5786	7999
5786	8723
5786	9678
5787	712
5787	2806
5787	8941
5787	8665
5787	8638
5787	2493
5787	3343
5787	4270
5787	1246
5787	535
5788	3520
5788	5147
5788	2372
5788	704
5788	5789
5788	3250
5788	5661
5788	7610
5788	8701
5788	6947
5789	8715
5789	676
5789	2358
5789	5989
5789	6188
5789	8724
5789	7982
5789	3290
5789	5261
5789	5838
5790	6926
5790	9072
5790	627
5790	3422
5790	2641
5790	2603
5790	4068
5790	1707
5790	3679
5790	5427
5791	5137
5791	4361
5791	1225
5791	4209
5791	8126
5791	7258
5791	7093
5791	131
5791	9294
5791	5069
5792	2822
5792	861
5792	3059
5792	1551
5792	1614
5792	199
5792	1528
5792	2850
5792	738
5792	2103
5793	638
5793	1896
5793	1333
5793	297
5793	2767
5793	7968
5793	4215
5793	8474
5793	8830
5793	5555
5794	7694
5794	3312
5794	9979
5794	7576
5794	2986
5794	2003
5794	8776
5794	6620
5794	1411
5794	2158
5795	3635
5795	4206
5795	718
5795	9310
5795	8007
5795	7440
5795	2425
5795	8215
5795	2215
5795	4917
5796	9544
5796	4057
5796	2413
5796	4778
5796	5525
5796	7061
5796	2013
5796	9953
5796	2333
5796	4221
5797	6359
5797	7034
5797	9659
5797	386
5797	1817
5797	8753
5797	9773
5797	4596
5797	7560
5797	9659
5798	1141
5798	3380
5798	2560
5798	5619
5798	8876
5798	7502
5798	83
5798	3995
5798	5382
5798	2609
5799	165
5799	3049
5799	3436
5799	7859
5799	9984
5799	2094
5799	167
5799	8789
5799	8387
5799	4205
5800	4426
5800	159
5800	5936
5800	9401
5800	9038
5800	8707
5800	4912
5800	7988
5800	6601
5800	1329
5801	7044
5801	8963
5801	7605
5801	2121
5801	4506
5801	7489
5801	5144
5801	8578
5801	9535
5801	8356
5802	4737
5802	7838
5802	1447
5802	9966
5802	6069
5802	5023
5802	7402
5802	2198
5802	9934
5802	505
5803	6744
5803	8293
5803	2387
5803	5123
5803	3324
5803	4923
5803	2902
5803	9081
5803	9436
5803	3114
5804	6516
5804	5221
5804	7828
5804	6134
5804	2340
5804	6017
5804	7321
5804	4137
5804	9702
5804	1602
5805	8440
5805	9832
5805	7666
5805	7942
5805	471
5805	9637
5805	4390
5805	1457
5805	2279
5805	9954
5806	5886
5806	8089
5806	8738
5806	5651
5806	9901
5806	4208
5806	5008
5806	6293
5806	9008
5806	3719
5807	7908
5807	8337
5807	8904
5807	5285
5807	3603
5807	1500
5807	8695
5807	5542
5807	3364
5807	8365
5808	8818
5808	5520
5808	3473
5808	5742
5808	6427
5808	8962
5808	8834
5808	8459
5808	1426
5808	3556
5809	4942
5809	2833
5809	8244
5809	408
5809	1218
5809	555
5809	4733
5809	2502
5809	4162
5809	7873
5810	2120
5810	8350
5810	1647
5810	7158
5810	3828
5810	3086
5810	2388
5810	3002
5810	8215
5810	8209
5811	8924
5811	3657
5811	2154
5811	8728
5811	1507
5811	3583
5811	5149
5811	98
5811	2397
5811	4072
5812	8854
5812	8576
5812	5208
5812	5371
5812	9534
5812	2659
5812	7252
5812	8505
5812	3396
5812	4425
5813	674
5813	4695
5813	2306
5813	4203
5813	8082
5813	569
5813	8444
5813	4100
5813	6830
5813	767
5814	687
5814	4641
5814	3170
5814	4335
5814	1696
5814	8118
5814	4277
5814	8312
5814	3175
5814	8467
5815	7099
5815	2658
5815	8730
5815	1751
5815	6501
5815	2981
5815	2805
5815	2299
5815	3154
5815	6715
5816	8229
5816	5137
5816	3254
5816	3679
5816	7281
5816	4466
5816	7176
5816	7759
5816	8242
5816	5896
5817	3636
5817	8468
5817	5202
5817	7298
5817	8853
5817	8421
5817	2105
5817	2929
5817	3892
5817	844
5818	826
5818	643
5818	8296
5818	543
5818	6803
5818	5419
5818	1231
5818	7190
5818	1704
5818	3681
5819	9417
5819	5163
5819	8438
5819	8398
5819	6782
5819	925
5819	7014
5819	3313
5819	1956
5819	775
5820	9616
5820	2283
5820	6457
5820	3110
5820	6915
5820	7895
5820	8125
5820	4542
5820	655
5820	3213
5821	1177
5821	8685
5821	7943
5821	6372
5821	6533
5821	6114
5821	2258
5821	2267
5821	3140
5821	6948
5822	1072
5822	9124
5822	3824
5822	1844
5822	6986
5822	1638
5822	1499
5822	7577
5822	9292
5822	2765
5823	1223
5823	4465
5823	3095
5823	2539
5823	9049
5823	6581
5823	2557
5823	5816
5823	7479
5823	4384
5824	8589
5824	3805
5824	3290
5824	7755
5824	1188
5824	8977
5824	5396
5824	340
5824	1761
5824	1700
5825	1753
5825	5543
5825	4029
5825	7448
5825	797
5825	5550
5825	5057
5825	3347
5825	9090
5825	2292
5826	9204
5826	6612
5826	8513
5826	4995
5826	9229
5826	8195
5826	6064
5826	9342
5826	1442
5826	2023
5827	3489
5827	8258
5827	894
5827	7663
5827	3898
5827	2710
5827	7823
5827	3766
5827	6374
5827	4472
5828	1046
5828	2977
5828	2629
5828	7154
5828	1695
5828	1456
5828	2128
5828	3150
5828	6550
5828	5254
5829	3573
5829	5163
5829	6555
5829	4391
5829	3251
5829	5035
5829	6042
5829	4847
5829	1396
5829	5036
5830	7963
5830	8212
5830	1511
5830	5881
5830	5267
5830	9817
5830	9393
5830	3907
5830	1254
5830	8029
5831	8600
5831	3626
5831	2002
5831	4442
5831	1639
5831	6900
5831	4601
5831	6705
5831	5938
5831	9346
5832	468
5832	5670
5832	4066
5832	3441
5832	1481
5832	792
5832	5578
5832	4685
5832	4048
5832	6241
5833	5895
5833	2404
5833	1891
5833	2061
5833	2156
5833	3597
5833	6203
5833	3202
5833	591
5833	1247
5834	1534
5834	4335
5834	653
5834	6185
5834	6657
5834	4276
5834	3745
5834	7659
5834	1653
5834	484
5835	5326
5835	3540
5835	5694
5835	6083
5835	9626
5835	4633
5835	339
5835	407
5835	1621
5835	2892
5836	9209
5836	4486
5836	3335
5836	8269
5836	2735
5836	3230
5836	1937
5836	4039
5836	8191
5836	2630
5837	4733
5837	529
5837	9728
5837	306
5837	489
5837	881
5837	6891
5837	7682
5837	4575
5837	971
5838	1902
5838	5942
5838	9665
5838	165
5838	5716
5838	1975
5838	7276
5838	7960
5838	4594
5838	4006
5839	2847
5839	8473
5839	2832
5839	232
5839	8105
5839	712
5839	1358
5839	1190
5839	9031
5839	8974
5840	896
5840	5121
5840	8480
5840	1393
5840	4427
5840	1646
5840	4869
5840	7187
5840	3463
5840	870
5841	9318
5841	9252
5841	7537
5841	3421
5841	8552
5841	1689
5841	4426
5841	2148
5841	1034
5841	7141
5842	5977
5842	6976
5842	4056
5842	9974
5842	841
5842	4710
5842	7900
5842	9370
5842	8368
5842	250
5843	3441
5843	2553
5843	1759
5843	1440
5843	2368
5843	2223
5843	4743
5843	310
5843	4931
5843	1255
5844	939
5844	5994
5844	1245
5844	4245
5844	2284
5844	6417
5844	6891
5844	1166
5844	9030
5844	7440
5845	8490
5845	1189
5845	1737
5845	1815
5845	131
5845	3635
5845	3613
5845	6332
5845	2225
5845	5683
5846	8268
5846	9142
5846	858
5846	4264
5846	7191
5846	5034
5846	2672
5846	8166
5846	3823
5846	4189
5847	1067
5847	5179
5847	5855
5847	3986
5847	4264
5847	5277
5847	3946
5847	7747
5847	9818
5847	1480
5848	2106
5848	7208
5848	2968
5848	7026
5848	5165
5848	7641
5848	1690
5848	3883
5848	4526
5848	7397
5849	9428
5849	8584
5849	7097
5849	4876
5849	7587
5849	7520
5849	4376
5849	8931
5849	6016
5849	6177
5850	1882
5850	6261
5850	9715
5850	9056
5850	1421
5850	3503
5850	2287
5850	1817
5850	1704
5850	2801
5851	8018
5851	7092
5851	5141
5851	2789
5851	0
5851	4355
5851	1133
5851	6046
5851	5470
5851	5774
5852	6624
5852	5159
5852	3233
5852	17
5852	5309
5852	8801
5852	2361
5852	9009
5852	3482
5852	2854
5853	4767
5853	2716
5853	6046
5853	3184
5853	9186
5853	5934
5853	1510
5853	7167
5853	434
5853	4589
5854	6712
5854	4751
5854	5754
5854	8488
5854	839
5854	6447
5854	5991
5854	1598
5854	9382
5854	1779
5855	2696
5855	6306
5855	9770
5855	5513
5855	8716
5855	421
5855	549
5855	1142
5855	7347
5855	3297
5856	7
5856	7494
5856	9086
5856	9290
5856	920
5856	6657
5856	7745
5856	9036
5856	7889
5856	3262
5857	6695
5857	6128
5857	6939
5857	7351
5857	5616
5857	8328
5857	6809
5857	9928
5857	4400
5857	1182
5858	5310
5858	4266
5858	1226
5858	8272
5858	9308
5858	5319
5858	5262
5858	3179
5858	4489
5858	7211
5859	773
5859	8635
5859	752
5859	7255
5859	5783
5859	3979
5859	9899
5859	2428
5859	8750
5859	2095
5860	9523
5860	5742
5860	4896
5860	2136
5860	4170
5860	466
5860	6252
5860	9927
5860	4512
5860	1759
5861	1948
5861	4986
5861	3585
5861	5338
5861	4172
5861	6279
5861	886
5861	6558
5861	8640
5861	5544
5862	6854
5862	5327
5862	7754
5862	7954
5862	5812
5862	991
5862	2783
5862	2847
5862	5296
5862	8570
5863	6690
5863	3821
5863	2098
5863	9692
5863	8728
5863	3623
5863	7012
5863	1714
5863	8540
5863	183
5864	6609
5864	8148
5864	3251
5864	5114
5864	5280
5864	3747
5864	5175
5864	5693
5864	3497
5864	8156
5865	2871
5865	7257
5865	9137
5865	8446
5865	1948
5865	4731
5865	224
5865	2772
5865	8111
5865	1379
5866	6298
5866	4390
5866	7216
5866	4537
5866	6755
5866	5557
5866	6325
5866	6720
5866	5457
5866	3136
5867	5847
5867	5509
5867	8400
5867	5131
5867	9796
5867	5018
5867	8477
5867	1002
5867	5982
5867	1074
5868	5256
5868	2735
5868	3655
5868	7671
5868	3865
5868	6997
5868	6456
5868	3343
5868	7127
5868	3410
5869	7057
5869	9377
5869	2363
5869	1864
5869	4712
5869	4839
5869	4122
5869	4177
5869	8819
5869	4710
5870	6643
5870	5109
5870	5947
5870	3308
5870	5976
5870	3160
5870	5615
5870	161
5870	7997
5870	7029
5871	4887
5871	2378
5871	9898
5871	1462
5871	231
5871	8259
5871	3610
5871	1960
5871	5334
5871	317
5872	3319
5872	7926
5872	3420
5872	7590
5872	2684
5872	1530
5872	5667
5872	2114
5872	658
5872	7744
5873	7350
5873	6213
5873	5915
5873	2575
5873	2292
5873	2107
5873	7806
5873	7760
5873	2461
5873	6817
5874	6133
5874	9685
5874	9825
5874	4114
5874	9564
5874	9609
5874	4636
5874	206
5874	3038
5874	8821
5875	6106
5875	5148
5875	5525
5875	3680
5875	4006
5875	1976
5875	4777
5875	1820
5875	166
5875	1479
5876	1524
5876	2384
5876	5975
5876	3183
5876	834
5876	141
5876	5303
5876	6974
5876	7730
5876	8360
5877	9899
5877	6045
5877	4368
5877	5681
5877	3519
5877	8069
5877	2424
5877	6717
5877	214
5877	9769
5878	2877
5878	2090
5878	8441
5878	5671
5878	5867
5878	2461
5878	9387
5878	7121
5878	1242
5878	7062
5879	8989
5879	1972
5879	1193
5879	9740
5879	4044
5879	3083
5879	3189
5879	1903
5879	9984
5879	3679
5880	3515
5880	9756
5880	4195
5880	9209
5880	6016
5880	4262
5880	435
5880	9367
5880	5116
5880	3753
5881	5979
5881	6778
5881	7205
5881	1690
5881	7411
5881	593
5881	1939
5881	1268
5881	7349
5881	6528
5882	7981
5882	3540
5882	8784
5882	4978
5882	3053
5882	4204
5882	9455
5882	5513
5882	9883
5882	5535
5883	6097
5883	5786
5883	7326
5883	8368
5883	215
5883	7660
5883	1840
5883	48
5883	6551
5883	5914
5884	8643
5884	2622
5884	1609
5884	5272
5884	885
5884	5128
5884	8983
5884	9522
5884	851
5884	5620
5885	1376
5885	4948
5885	5263
5885	9027
5885	5301
5885	3853
5885	861
5885	9760
5885	4738
5885	3091
5886	4152
5886	5629
5886	3027
5886	2800
5886	4043
5886	5933
5886	3660
5886	8280
5886	9391
5886	7569
5887	4183
5887	8838
5887	9853
5887	7385
5887	8098
5887	639
5887	4825
5887	3113
5887	9799
5887	6020
5888	7456
5888	4345
5888	2394
5888	3334
5888	8131
5888	4654
5888	403
5888	3183
5888	8359
5888	9766
5889	925
5889	2177
5889	5405
5889	1155
5889	808
5889	6783
5889	9190
5889	7671
5889	7916
5889	8743
5890	9110
5890	3999
5890	5476
5890	265
5890	8761
5890	5109
5890	9378
5890	321
5890	7467
5890	7239
5891	6753
5891	4561
5891	6146
5891	9530
5891	4180
5891	6716
5891	781
5891	2410
5891	3237
5891	715
5892	516
5892	1635
5892	1886
5892	8840
5892	6692
5892	3848
5892	167
5892	8862
5892	1379
5892	2957
5893	468
5893	4562
5893	1555
5893	4217
5893	4473
5893	6403
5893	4193
5893	6129
5893	5773
5893	2143
5894	7303
5894	1355
5894	6664
5894	7163
5894	3584
5894	3236
5894	9665
5894	6422
5894	5841
5894	6085
5895	5822
5895	9406
5895	3782
5895	285
5895	9643
5895	4351
5895	11
5895	4632
5895	1235
5895	6096
5896	1283
5896	9046
5896	5187
5896	4004
5896	6223
5896	8972
5896	434
5896	8622
5896	8714
5896	9885
5897	6988
5897	9307
5897	4808
5897	5842
5897	8223
5897	8787
5897	1406
5897	6216
5897	4259
5897	1966
5898	1771
5898	5080
5898	6755
5898	7714
5898	8228
5898	5086
5898	5316
5898	4761
5898	8141
5898	1201
5899	814
5899	274
5899	6891
5899	3674
5899	8396
5899	9672
5899	5259
5899	4801
5899	543
5899	8240
5900	5266
5900	1555
5900	8176
5900	8852
5900	8721
5900	3984
5900	2677
5900	5248
5900	867
5900	7809
5901	8608
5901	759
5901	7061
5901	2444
5901	582
5901	5568
5901	8039
5901	5885
5901	8698
5901	4358
5902	3889
5902	8383
5902	8243
5902	4530
5902	9723
5902	7547
5902	3947
5902	2503
5902	5691
5902	3058
5903	7121
5903	2094
5903	4451
5903	9421
5903	5290
5903	5199
5903	2971
5903	5385
5903	2455
5903	6849
5904	5048
5904	1571
5904	5983
5904	4090
5904	1149
5904	5925
5904	2488
5904	525
5904	45
5904	5246
5905	7214
5905	6339
5905	4838
5905	605
5905	3606
5905	1549
5905	4931
5905	16
5905	751
5905	7715
5906	8568
5906	9063
5906	4940
5906	2706
5906	5017
5906	7273
5906	759
5906	4007
5906	6805
5906	867
5907	5556
5907	6213
5907	6546
5907	3345
5907	1550
5907	9580
5907	5671
5907	38
5907	7954
5907	4578
5908	9213
5908	8885
5908	6607
5908	7051
5908	5860
5908	4352
5908	5038
5908	2553
5908	9018
5908	3625
5909	1736
5909	2054
5909	2330
5909	6881
5909	512
5909	5935
5909	7344
5909	475
5909	7388
5909	6194
5910	2762
5910	2107
5910	8774
5910	8857
5910	4482
5910	6141
5910	1871
5910	8425
5910	2237
5910	1123
5911	1465
5911	6208
5911	8966
5911	6494
5911	6135
5911	7309
5911	430
5911	98
5911	3284
5911	9370
5912	64
5912	9923
5912	5020
5912	4618
5912	1352
5912	7587
5912	8814
5912	302
5912	6152
5912	7266
5913	4077
5913	8330
5913	2860
5913	9800
5913	7249
5913	8712
5913	5783
5913	269
5913	6441
5913	325
5914	4065
5914	4050
5914	6258
5914	1347
5914	6329
5914	6427
5914	2761
5914	9493
5914	4340
5914	3864
5915	7717
5915	4976
5915	4674
5915	6478
5915	6162
5915	8342
5915	182
5915	789
5915	735
5915	1445
5916	6112
5916	8088
5916	7100
5916	8138
5916	6659
5916	2174
5916	8451
5916	7288
5916	2947
5916	5889
5917	5743
5917	9148
5917	4346
5917	3185
5917	9103
5917	44
5917	2931
5917	6563
5917	2030
5917	740
5918	1351
5918	4024
5918	7246
5918	763
5918	7926
5918	9714
5918	4941
5918	8278
5918	6581
5918	7789
5919	7507
5919	8831
5919	4539
5919	8523
5919	4351
5919	694
5919	7348
5919	2943
5919	1556
5919	5173
5920	9791
5920	3501
5920	1427
5920	2294
5920	130
5920	5683
5920	9304
5920	9258
5920	2821
5920	3925
5921	7050
5921	771
5921	175
5921	5324
5921	7052
5921	2700
5921	6179
5921	779
5921	1407
5921	3870
5922	1038
5922	5524
5922	8457
5922	2690
5922	904
5922	3329
5922	6218
5922	9828
5922	3288
5922	5804
5923	8678
5923	9145
5923	3261
5923	9007
5923	719
5923	4461
5923	3264
5923	9709
5923	271
5923	1550
5924	7278
5924	2331
5924	7374
5924	6906
5924	8668
5924	8007
5924	9238
5924	752
5924	1129
5924	2124
5925	475
5925	4260
5925	1634
5925	576
5925	2392
5925	9244
5925	7406
5925	4152
5925	5116
5925	3001
5926	1959
5926	9742
5926	8576
5926	5002
5926	9471
5926	1681
5926	9441
5926	8128
5926	7990
5926	8566
5927	8
5927	5318
5927	9740
5927	6061
5927	2081
5927	3565
5927	7618
5927	7982
5927	618
5927	5898
5928	7095
5928	8739
5928	1576
5928	1222
5928	3958
5928	7567
5928	9298
5928	1152
5928	660
5928	6818
5929	3442
5929	4103
5929	373
5929	5281
5929	9535
5929	9417
5929	4194
5929	6995
5929	2583
5929	3763
5930	8786
5930	7006
5930	5819
5930	305
5930	1994
5930	4322
5930	3715
5930	9217
5930	1976
5930	3328
5931	9563
5931	2133
5931	7788
5931	1096
5931	9743
5931	8981
5931	549
5931	9928
5931	3545
5931	3628
5932	132
5932	7982
5932	8756
5932	3666
5932	9833
5932	471
5932	7578
5932	3516
5932	5019
5932	6199
5933	2129
5933	7525
5933	1818
5933	8618
5933	3582
5933	5694
5933	5517
5933	2745
5933	9289
5933	5602
5934	8787
5934	2113
5934	8599
5934	7353
5934	6780
5934	2477
5934	6140
5934	7264
5934	5796
5934	1097
5935	1811
5935	1572
5935	6035
5935	869
5935	438
5935	9677
5935	1905
5935	4268
5935	312
5935	6678
5936	624
5936	804
5936	8371
5936	6687
5936	222
5936	4202
5936	2259
5936	529
5936	6556
5936	9
5937	4667
5937	342
5937	5486
5937	4691
5937	240
5937	8262
5937	3914
5937	8513
5937	8055
5937	4066
5938	1425
5938	9287
5938	9310
5938	8836
5938	767
5938	673
5938	2380
5938	6948
5938	1184
5938	4529
5939	1087
5939	5379
5939	8171
5939	9691
5939	8676
5939	1018
5939	7076
5939	2721
5939	5163
5939	5843
5940	9982
5940	8123
5940	2223
5940	8448
5940	4792
5940	6612
5940	7902
5940	5135
5940	9270
5940	6814
5941	2613
5941	4996
5941	6169
5941	6506
5941	1944
5941	5391
5941	4293
5941	3325
5941	3542
5941	5674
5942	2462
5942	2582
5942	6568
5942	9969
5942	3591
5942	2306
5942	980
5942	7115
5942	7003
5942	7071
5943	9225
5943	4050
5943	2192
5943	1462
5943	3353
5943	3700
5943	8182
5943	5478
5943	9748
5943	6053
5944	1052
5944	4815
5944	6085
5944	5842
5944	7959
5944	4095
5944	8887
5944	9511
5944	7868
5944	2984
5945	1237
5945	3685
5945	3632
5945	1937
5945	9508
5945	3231
5945	7134
5945	289
5945	1741
5945	3815
5946	978
5946	7871
5946	4160
5946	4334
5946	4346
5946	1689
5946	9923
5946	5229
5946	3876
5946	5257
5947	6902
5947	1089
5947	4415
5947	3504
5947	8183
5947	2507
5947	4403
5947	6938
5947	9777
5947	5138
5948	2173
5948	8459
5948	9082
5948	2935
5948	6488
5948	4184
5948	7711
5948	2467
5948	145
5948	4159
5949	4480
5949	6677
5949	2065
5949	6389
5949	6309
5949	4023
5949	5895
5949	9535
5949	9102
5949	6754
5950	2903
5950	4075
5950	9378
5950	237
5950	2654
5950	4765
5950	3025
5950	9776
5950	6650
5950	7407
5951	6744
5951	3793
5951	7858
5951	6479
5951	4452
5951	9795
5951	2617
5951	3403
5951	1900
5951	6134
5952	4392
5952	9323
5952	416
5952	2631
5952	467
5952	9355
5952	3834
5952	5799
5952	6790
5952	7340
5953	9886
5953	4331
5953	2242
5953	5305
5953	6570
5953	5583
5953	5913
5953	8137
5953	1457
5953	5894
5954	8035
5954	716
5954	429
5954	6991
5954	6745
5954	6537
5954	5956
5954	9542
5954	9342
5954	5792
5955	2057
5955	7186
5955	2448
5955	3093
5955	3081
5955	9689
5955	3827
5955	1047
5955	2899
5955	5132
5956	2458
5956	5994
5956	3741
5956	6891
5956	6879
5956	1458
5956	7194
5956	1606
5956	6329
5956	437
5957	377
5957	2075
5957	793
5957	491
5957	3992
5957	9286
5957	5163
5957	4377
5957	9246
5957	1714
5958	835
5958	9964
5958	916
5958	7482
5958	7170
5958	9313
5958	8526
5958	4987
5958	4922
5958	7938
5959	8261
5959	5884
5959	6324
5959	1518
5959	864
5959	4111
5959	525
5959	9232
5959	8795
5959	1611
5960	5359
5960	1293
5960	2850
5960	1118
5960	3269
5960	2711
5960	9398
5960	6441
5960	2911
5960	2027
5961	8667
5961	4007
5961	3807
5961	4955
5961	7093
5961	7632
5961	7410
5961	4234
5961	3552
5961	454
5962	6249
5962	4693
5962	6337
5962	6444
5962	6071
5962	9240
5962	4903
5962	7646
5962	3948
5962	9481
5963	7470
5963	9603
5963	5798
5963	324
5963	3746
5963	3924
5963	9406
5963	2532
5963	6166
5963	796
5964	5544
5964	5649
5964	4125
5964	4872
5964	6286
5964	1305
5964	3929
5964	464
5964	9242
5964	4626
5965	825
5965	8590
5965	1773
5965	8976
5965	7609
5965	6834
5965	4001
5965	1474
5965	5103
5965	5684
5966	2514
5966	8896
5966	3493
5966	8477
5966	7246
5966	397
5966	725
5966	1051
5966	3344
5966	8077
5967	1728
5967	7248
5967	7520
5967	2880
5967	8466
5967	1703
5967	1346
5967	8098
5967	8734
5967	6542
5968	4797
5968	6834
5968	7513
5968	160
5968	3425
5968	7217
5968	1541
5968	7159
5968	9434
5968	7180
5969	872
5969	6504
5969	6057
5969	4998
5969	7847
5969	2324
5969	2447
5969	2501
5969	9179
5969	1477
5970	9124
5970	1822
5970	634
5970	7688
5970	2562
5970	2932
5970	2478
5970	5323
5970	2207
5970	6446
5971	770
5971	3489
5971	7175
5971	2431
5971	5325
5971	6568
5971	6330
5971	6123
5971	6713
5971	7013
5972	629
5972	4036
5972	9154
5972	4501
5972	4599
5972	8079
5972	1952
5972	7418
5972	9962
5972	4001
5973	5733
5973	7025
5973	7652
5973	8020
5973	5133
5973	7546
5973	8506
5973	7849
5973	8328
5973	394
5974	1820
5974	548
5974	4934
5974	779
5974	5361
5974	1021
5974	6496
5974	3237
5974	3900
5974	411
5975	1080
5975	5443
5975	5868
5975	6696
5975	6549
5975	5559
5975	6274
5975	7982
5975	1786
5975	821
5976	4419
5976	9392
5976	4741
5976	5390
5976	5681
5976	8609
5976	4654
5976	5893
5976	8414
5976	6
5977	5364
5977	9034
5977	7235
5977	6488
5977	4608
5977	6679
5977	19
5977	2880
5977	7236
5977	8915
5978	364
5978	2745
5978	9457
5978	3419
5978	3442
5978	116
5978	4590
5978	4679
5978	9174
5978	968
5979	1682
5979	7656
5979	4331
5979	471
5979	4388
5979	5647
5979	780
5979	285
5979	2539
5979	2040
5980	6776
5980	9252
5980	6615
5980	1951
5980	4273
5980	5257
5980	908
5980	8789
5980	9760
5980	740
5981	9606
5981	9223
5981	4500
5981	6632
5981	905
5981	8568
5981	3155
5981	4419
5981	9091
5981	516
5982	7977
5982	905
5982	6020
5982	6529
5982	9362
5982	6140
5982	107
5982	5551
5982	4846
5982	4242
5983	8407
5983	8574
5983	7053
5983	9495
5983	4450
5983	532
5983	838
5983	4495
5983	1689
5983	7416
5984	5924
5984	5743
5984	3529
5984	4390
5984	8204
5984	9395
5984	3958
5984	5104
5984	1871
5984	7040
5985	6888
5985	4894
5985	9066
5985	1128
5985	5727
5985	4765
5985	8195
5985	1800
5985	7797
5985	2593
5986	7420
5986	421
5986	6370
5986	541
5986	2457
5986	8717
5986	7879
5986	6369
5986	5232
5986	558
5987	5751
5987	1725
5987	1463
5987	2098
5987	9321
5987	6453
5987	8754
5987	1144
5987	3804
5987	1574
5988	7413
5988	4667
5988	1491
5988	8677
5988	2998
5988	7221
5988	2753
5988	704
5988	3656
5988	7461
5989	7317
5989	7934
5989	8155
5989	2087
5989	1868
5989	4675
5989	3647
5989	127
5989	3951
5989	9089
5990	3603
5990	4410
5990	4482
5990	523
5990	7914
5990	583
5990	5286
5990	2590
5990	3144
5990	870
5991	3991
5991	9545
5991	3485
5991	3847
5991	951
5991	6820
5991	3198
5991	684
5991	42
5991	2859
5992	9463
5992	4946
5992	3253
5992	5490
5992	9039
5992	3751
5992	7474
5992	4661
5992	5462
5992	394
5993	4825
5993	3221
5993	5846
5993	158
5993	6668
5993	7492
5993	4346
5993	6535
5993	2552
5993	7414
5994	8862
5994	1673
5994	4641
5994	2887
5994	921
5994	8018
5994	5064
5994	94
5994	7622
5994	2573
5995	7649
5995	8305
5995	4060
5995	8280
5995	5839
5995	4432
5995	8564
5995	8566
5995	9146
5995	9662
5996	8812
5996	1045
5996	4669
5996	4369
5996	9608
5996	6562
5996	4775
5996	2416
5996	6585
5996	587
5997	9806
5997	8415
5997	608
5997	5854
5997	4320
5997	3207
5997	4226
5997	3757
5997	5932
5997	3801
5998	3530
5998	6442
5998	1202
5998	7398
5998	5093
5998	8047
5998	5701
5998	3321
5998	9872
5998	3833
5999	7227
5999	2273
5999	9807
5999	6499
5999	9338
5999	1466
5999	6104
5999	2884
5999	1916
5999	7964
6000	8970
6000	4263
6000	4939
6000	5897
6000	5888
6000	8604
6000	180
6000	1133
6000	1290
6000	6530
6001	3616
6001	6295
6001	9609
6001	9186
6001	9658
6001	1623
6001	9465
6001	1408
6001	7994
6001	9280
6002	7866
6002	3185
6002	4548
6002	7220
6002	5192
6002	2871
6002	7134
6002	7585
6002	4500
6002	7512
6003	6385
6003	4091
6003	1706
6003	8630
6003	3058
6003	1960
6003	8702
6003	7044
6003	7466
6003	2958
6004	9287
6004	2136
6004	6535
6004	834
6004	597
6004	3387
6004	879
6004	8569
6004	9005
6004	4825
6005	307
6005	9874
6005	3407
6005	6010
6005	69
6005	6198
6005	3774
6005	7025
6005	6624
6005	3657
6006	415
6006	9694
6006	6957
6006	9895
6006	7396
6006	1422
6006	5021
6006	5694
6006	9449
6006	3120
6007	2594
6007	4124
6007	3753
6007	4747
6007	6234
6007	1269
6007	9440
6007	4922
6007	1118
6007	1789
6008	1073
6008	6873
6008	6029
6008	3954
6008	3124
6008	6930
6008	2960
6008	4930
6008	1773
6008	6656
6009	6927
6009	7931
6009	1790
6009	1853
6009	9762
6009	364
6009	491
6009	1194
6009	678
6009	3573
6010	5018
6010	5374
6010	4159
6010	3454
6010	1660
6010	9870
6010	8955
6010	1044
6010	824
6010	9968
6011	8981
6011	5618
6011	2675
6011	1456
6011	2684
6011	5783
6011	5440
6011	6103
6011	2038
6011	588
6012	3855
6012	3061
6012	1619
6012	7190
6012	5444
6012	6968
6012	123
6012	3170
6012	7301
6012	7034
6013	3262
6013	1200
6013	409
6013	1757
6013	4781
6013	4676
6013	5202
6013	9030
6013	475
6013	3371
6014	6158
6014	1238
6014	2520
6014	318
6014	3861
6014	9579
6014	5229
6014	6416
6014	5397
6014	1906
6015	5147
6015	5386
6015	9116
6015	6820
6015	717
6015	7631
6015	1292
6015	7356
6015	6428
6015	2994
6016	8449
6016	9945
6016	6435
6016	728
6016	1766
6016	8721
6016	5635
6016	1280
6016	3549
6016	1508
6017	2346
6017	6462
6017	7357
6017	9379
6017	4681
6017	4116
6017	5416
6017	9168
6017	4346
6017	8573
6018	2983
6018	3709
6018	3213
6018	884
6018	9523
6018	6234
6018	330
6018	7816
6018	1370
6018	9628
6019	2392
6019	7331
6019	7199
6019	4502
6019	8119
6019	6545
6019	5178
6019	1384
6019	1042
6019	6013
6020	7826
6020	3152
6020	6169
6020	6611
6020	5389
6020	9955
6020	6962
6020	854
6020	5924
6020	4920
6021	4469
6021	3371
6021	6788
6021	682
6021	1437
6021	6726
6021	6573
6021	6671
6021	146
6021	5548
6022	3526
6022	6679
6022	3293
6022	1330
6022	8467
6022	1872
6022	7732
6022	4319
6022	8665
6022	5892
6023	6186
6023	4497
6023	3684
6023	1817
6023	2286
6023	1377
6023	9229
6023	7858
6023	5139
6023	7869
6024	1143
6024	9864
6024	4086
6024	5635
6024	8244
6024	7037
6024	4523
6024	5480
6024	2525
6024	1345
6025	758
6025	8474
6025	458
6025	4832
6025	2435
6025	5400
6025	6334
6025	9278
6025	4651
6025	8144
6026	7399
6026	6958
6026	2426
6026	2152
6026	3713
6026	663
6026	6854
6026	4496
6026	8968
6026	2649
6027	809
6027	2074
6027	7759
6027	3523
6027	2673
6027	1282
6027	2837
6027	5980
6027	2505
6027	195
6028	8554
6028	3725
6028	9398
6028	8132
6028	96
6028	4886
6028	4887
6028	7862
6028	4792
6028	8313
6029	2580
6029	8991
6029	7979
6029	1377
6029	5403
6029	7273
6029	7471
6029	3078
6029	5771
6029	361
6030	2578
6030	4281
6030	295
6030	3964
6030	3623
6030	8859
6030	9277
6030	66
6030	8719
6030	730
6031	1747
6031	485
6031	4100
6031	1977
6031	8169
6031	994
6031	2423
6031	8622
6031	6573
6031	7613
6032	9474
6032	7720
6032	2260
6032	2700
6032	98
6032	1731
6032	3296
6032	5642
6032	6631
6032	5463
6033	500
6033	1365
6033	9306
6033	9881
6033	1299
6033	8950
6033	6042
6033	4763
6033	7878
6033	8944
6034	3180
6034	1289
6034	593
6034	3935
6034	680
6034	2340
6034	6698
6034	7959
6034	4710
6034	8429
6035	6091
6035	690
6035	4099
6035	3146
6035	4829
6035	3954
6035	9691
6035	864
6035	2142
6035	6851
6036	9743
6036	4556
6036	8953
6036	4918
6036	6914
6036	8769
6036	2776
6036	439
6036	656
6036	4328
6037	3662
6037	1582
6037	1305
6037	7858
6037	5506
6037	6733
6037	3145
6037	1422
6037	8810
6037	544
6038	6191
6038	1508
6038	95
6038	4074
6038	6404
6038	5637
6038	286
6038	6191
6038	5407
6038	3981
6039	9418
6039	3626
6039	209
6039	2729
6039	170
6039	2815
6039	7314
6039	7313
6039	6689
6039	7910
6040	3732
6040	6273
6040	4734
6040	9171
6040	8075
6040	7468
6040	1881
6040	3731
6040	7620
6040	4180
6041	2043
6041	711
6041	7356
6041	5298
6041	9033
6041	3572
6041	6357
6041	6374
6041	4421
6041	1575
6042	6272
6042	8047
6042	9580
6042	3006
6042	8317
6042	6223
6042	4470
6042	8271
6042	4905
6042	6297
6043	4259
6043	7490
6043	3925
6043	987
6043	9205
6043	1290
6043	4943
6043	3394
6043	7263
6043	3042
6044	6024
6044	7407
6044	1308
6044	370
6044	1829
6044	7506
6044	2177
6044	8526
6044	2127
6044	8141
6045	7841
6045	9158
6045	5640
6045	5012
6045	5739
6045	4360
6045	8526
6045	8593
6045	7043
6045	5228
6046	2138
6046	6883
6046	9886
6046	1914
6046	3991
6046	304
6046	8291
6046	2942
6046	7123
6046	2723
6047	3522
6047	8979
6047	649
6047	2035
6047	3443
6047	1850
6047	7156
6047	1768
6047	1818
6047	1005
6048	4567
6048	7565
6048	267
6048	7794
6048	2212
6048	2455
6048	8407
6048	5973
6048	5352
6048	6374
6049	8015
6049	8396
6049	8656
6049	1586
6049	7541
6049	6477
6049	8409
6049	4908
6049	3087
6049	1145
6050	6403
6050	9724
6050	6003
6050	4353
6050	1723
6050	1556
6050	1088
6050	6103
6050	8288
6050	6213
6051	60
6051	8288
6051	2973
6051	1219
6051	126
6051	671
6051	3888
6051	3637
6051	7428
6051	3445
6052	1796
6052	7113
6052	2875
6052	3014
6052	1288
6052	7081
6052	7943
6052	3552
6052	1821
6052	8077
6053	7250
6053	3144
6053	9701
6053	2654
6053	1243
6053	5481
6053	3562
6053	6854
6053	2901
6053	6789
6054	7931
6054	798
6054	2445
6054	3882
6054	9984
6054	5062
6054	2443
6054	6688
6054	4709
6054	5426
6055	6416
6055	8759
6055	4555
6055	361
6055	2847
6055	3733
6055	5455
6055	8852
6055	6156
6055	1323
6056	8429
6056	8433
6056	9381
6056	405
6056	2726
6056	7742
6056	8976
6056	9191
6056	8125
6056	5357
6057	4066
6057	4792
6057	2132
6057	2950
6057	1837
6057	5683
6057	1889
6057	4639
6057	3946
6057	9318
6058	5139
6058	6483
6058	4404
6058	9093
6058	7911
6058	2463
6058	2431
6058	7449
6058	9129
6058	1615
6059	587
6059	6786
6059	342
6059	9612
6059	5948
6059	9185
6059	2801
6059	3985
6059	1604
6059	7477
6060	8441
6060	9282
6060	8421
6060	8694
6060	1267
6060	1711
6060	2100
6060	2473
6060	3114
6060	7483
6061	1570
6061	5505
6061	2369
6061	577
6061	9696
6061	6935
6061	5939
6061	4817
6061	1820
6061	4947
6062	8902
6062	5516
6062	1119
6062	2134
6062	8764
6062	3813
6062	9795
6062	3768
6062	3849
6062	7778
6063	8186
6063	2640
6063	3906
6063	9320
6063	4385
6063	499
6063	2148
6063	7260
6063	9888
6063	6688
6064	1788
6064	2719
6064	8951
6064	191
6064	9856
6064	494
6064	1403
6064	6792
6064	5829
6064	2921
6065	4181
6065	8470
6065	5361
6065	2549
6065	5853
6065	4060
6065	2052
6065	2857
6065	7028
6065	5107
6066	1968
6066	4488
6066	1558
6066	228
6066	5806
6066	8442
6066	8433
6066	9096
6066	5731
6066	4099
6067	5053
6067	7952
6067	9143
6067	1539
6067	5700
6067	5575
6067	7145
6067	5574
6067	7801
6067	2003
6068	5327
6068	6826
6068	498
6068	1335
6068	375
6068	9178
6068	9413
6068	5920
6068	8435
6068	2761
6069	282
6069	4105
6069	5070
6069	188
6069	4077
6069	160
6069	3844
6069	6935
6069	9772
6069	3353
6070	2579
6070	839
6070	6396
6070	1682
6070	6119
6070	9014
6070	9379
6070	5879
6070	833
6070	717
6071	5050
6071	3631
6071	1357
6071	7637
6071	4889
6071	8424
6071	626
6071	7064
6071	3200
6071	4706
6072	7087
6072	3710
6072	9076
6072	6365
6072	9637
6072	1627
6072	4888
6072	7744
6072	2919
6072	8251
6073	7148
6073	8258
6073	5434
6073	9820
6073	935
6073	1536
6073	2275
6073	4920
6073	7034
6073	5373
6074	1463
6074	5883
6074	8160
6074	5524
6074	5502
6074	3346
6074	6837
6074	2207
6074	4353
6074	6750
6075	2457
6075	1875
6075	6420
6075	9992
6075	8451
6075	7093
6075	697
6075	2675
6075	4497
6075	9767
6076	2674
6076	7451
6076	4861
6076	3859
6076	4387
6076	5668
6076	6083
6076	8760
6076	4809
6076	1421
6077	4464
6077	6355
6077	1665
6077	196
6077	8338
6077	989
6077	9590
6077	5466
6077	5477
6077	3181
6078	4126
6078	4730
6078	3788
6078	1848
6078	9252
6078	1347
6078	5826
6078	9338
6078	474
6078	9080
6079	9348
6079	6314
6079	349
6079	3623
6079	5603
6079	8448
6079	3019
6079	793
6079	331
6079	3483
6080	17
6080	4661
6080	5535
6080	7348
6080	9566
6080	4188
6080	9429
6080	9239
6080	6184
6080	6298
6081	8285
6081	6614
6081	183
6081	4584
6081	809
6081	675
6081	6522
6081	5526
6081	7143
6081	4090
6082	8046
6082	5635
6082	4412
6082	2161
6082	4637
6082	9094
6082	8997
6082	2014
6082	5788
6082	5729
6083	4469
6083	4169
6083	1611
6083	8738
6083	3938
6083	7798
6083	3760
6083	4883
6083	1821
6083	3120
6084	2838
6084	6963
6084	7541
6084	5449
6084	8939
6084	1383
6084	848
6084	1412
6084	3405
6084	8481
6085	5052
6085	427
6085	9428
6085	1517
6085	328
6085	9504
6085	8117
6085	9732
6085	8316
6085	6032
6086	2250
6086	7344
6086	8287
6086	383
6086	7859
6086	3798
6086	179
6086	5641
6086	5792
6086	9409
6087	8328
6087	4414
6087	2044
6087	4487
6087	3274
6087	2965
6087	6998
6087	6046
6087	8950
6087	6387
6088	4903
6088	5952
6088	5497
6088	7828
6088	3692
6088	2892
6088	2286
6088	9253
6088	8755
6088	9000
6089	2714
6089	47
6089	8228
6089	1197
6089	7698
6089	8349
6089	8670
6089	4034
6089	6674
6089	3742
6090	4181
6090	2314
6090	737
6090	6725
6090	3077
6090	9242
6090	5144
6090	7024
6090	8131
6090	363
6091	8954
6091	8411
6091	3872
6091	641
6091	2972
6091	2952
6091	7576
6091	6108
6091	1825
6091	4306
6092	8081
6092	9242
6092	5747
6092	6256
6092	9712
6092	1765
6092	9729
6092	7983
6092	5181
6092	2659
6093	7791
6093	3183
6093	4017
6093	4770
6093	7211
6093	6916
6093	8455
6093	7086
6093	2196
6093	1078
6094	492
6094	8933
6094	1039
6094	1831
6094	9102
6094	1838
6094	5912
6094	2801
6094	8792
6094	9098
6095	6115
6095	391
6095	309
6095	459
6095	9443
6095	7210
6095	7081
6095	8183
6095	8070
6095	7025
6096	5908
6096	5639
6096	8456
6096	9970
6096	7956
6096	5864
6096	7355
6096	8997
6096	7332
6096	6816
6097	8553
6097	1769
6097	8
6097	1745
6097	7060
6097	2944
6097	4566
6097	4564
6097	6434
6097	8461
6098	2863
6098	5390
6098	7497
6098	7536
6098	2614
6098	9757
6098	1586
6098	9278
6098	1961
6098	6643
6099	890
6099	3476
6099	5198
6099	1651
6099	7645
6099	3103
6099	7271
6099	600
6099	378
6099	1800
6100	4089
6100	8023
6100	1042
6100	388
6100	6127
6100	5876
6100	9153
6100	5003
6100	4574
6100	573
6101	3145
6101	2914
6101	3802
6101	7776
6101	8728
6101	1600
6101	366
6101	7186
6101	2652
6101	4638
6102	9138
6102	4014
6102	4324
6102	7425
6102	5631
6102	9482
6102	6437
6102	6461
6102	6159
6102	6917
6103	7474
6103	2024
6103	75
6103	7109
6103	4755
6103	8143
6103	4732
6103	9227
6103	62
6103	7715
6104	3274
6104	9901
6104	508
6104	703
6104	1009
6104	2247
6104	5312
6104	5040
6104	6753
6104	632
6105	4472
6105	1120
6105	1389
6105	5689
6105	895
6105	3838
6105	3309
6105	8365
6105	475
6105	680
6106	2551
6106	3414
6106	9087
6106	1208
6106	6271
6106	8180
6106	7824
6106	9624
6106	8768
6106	4054
6107	8893
6107	7205
6107	9557
6107	7971
6107	4364
6107	3677
6107	7583
6107	572
6107	636
6107	6182
6108	2186
6108	2726
6108	802
6108	5612
6108	6132
6108	2794
6108	4614
6108	7298
6108	3666
6108	1231
6109	2918
6109	7824
6109	3120
6109	7937
6109	7649
6109	7408
6109	8551
6109	2815
6109	7818
6109	416
6110	1263
6110	4198
6110	3363
6110	9130
6110	3369
6110	2511
6110	8211
6110	4386
6110	4974
6110	1254
6111	23
6111	500
6111	729
6111	2504
6111	4510
6111	3573
6111	6408
6111	9128
6111	9397
6111	2764
6112	187
6112	7777
6112	9871
6112	6115
6112	5189
6112	1709
6112	9450
6112	2334
6112	1434
6112	7178
6113	7378
6113	4889
6113	8653
6113	2253
6113	8247
6113	9259
6113	9182
6113	6790
6113	5857
6113	1934
6114	9991
6114	9378
6114	9272
6114	1401
6114	4134
6114	137
6114	7685
6114	5101
6114	4667
6114	1514
6115	9125
6115	8584
6115	8944
6115	7458
6115	1500
6115	6757
6115	4550
6115	1018
6115	9184
6115	5926
6116	2852
6116	5223
6116	4734
6116	3206
6116	7732
6116	7902
6116	5896
6116	523
6116	9439
6116	2555
6117	8048
6117	5166
6117	9117
6117	5144
6117	7458
6117	6534
6117	1423
6117	5196
6117	570
6117	8926
6118	9220
6118	7104
6118	6603
6118	8487
6118	9094
6118	5572
6118	790
6118	4110
6118	9505
6118	6128
6119	9652
6119	8868
6119	6354
6119	5382
6119	9022
6119	9346
6119	2582
6119	1675
6119	3810
6119	3083
6120	6498
6120	2092
6120	3136
6120	9491
6120	2533
6120	2838
6120	1484
6120	2116
6120	4322
6120	2449
6121	9933
6121	7071
6121	4030
6121	4876
6121	9073
6121	736
6121	997
6121	4337
6121	5524
6121	4334
6122	6048
6122	1071
6122	6356
6122	5162
6122	334
6122	6236
6122	2816
6122	614
6122	8710
6122	3476
6123	9923
6123	7597
6123	6305
6123	399
6123	5928
6123	6319
6123	5130
6123	5845
6123	8567
6123	1713
6124	3144
6124	3795
6124	7970
6124	5182
6124	8625
6124	6998
6124	2073
6124	9710
6124	7325
6124	4935
6125	3480
6125	9059
6125	1009
6125	3320
6125	4962
6125	5648
6125	735
6125	9580
6125	812
6125	1690
6126	5265
6126	5682
6126	2472
6126	1153
6126	1764
6126	2223
6126	6703
6126	8569
6126	5713
6126	9699
6127	2312
6127	3845
6127	737
6127	3974
6127	9777
6127	1509
6127	9898
6127	8624
6127	6894
6127	1143
6128	7148
6128	7507
6128	2746
6128	4143
6128	1611
6128	5520
6128	315
6128	9962
6128	1370
6128	9548
6129	6828
6129	3375
6129	23
6129	5654
6129	7451
6129	4467
6129	2478
6129	1672
6129	6870
6129	8108
6130	9521
6130	4011
6130	7667
6130	1358
6130	866
6130	4918
6130	5077
6130	8804
6130	2949
6130	1143
6131	5075
6131	8605
6131	463
6131	4756
6131	2651
6131	6734
6131	9789
6131	9693
6131	1454
6131	7361
6132	8712
6132	6648
6132	1799
6132	630
6132	4368
6132	6603
6132	842
6132	8818
6132	1085
6132	6311
6133	6166
6133	4592
6133	8410
6133	461
6133	1042
6133	1531
6133	2818
6133	5558
6133	961
6133	5181
6134	4385
6134	7187
6134	3332
6134	9780
6134	3630
6134	7074
6134	815
6134	8317
6134	417
6134	693
6135	5025
6135	4729
6135	7640
6135	4599
6135	621
6135	5488
6135	9063
6135	9681
6135	6885
6135	392
6136	4287
6136	7173
6136	4192
6136	6925
6136	3741
6136	7312
6136	5586
6136	1281
6136	3638
6136	1827
6137	2870
6137	4025
6137	6019
6137	6305
6137	3061
6137	9182
6137	3844
6137	6090
6137	1192
6137	5665
6138	253
6138	9197
6138	9801
6138	1125
6138	1042
6138	6161
6138	2461
6138	7963
6138	3846
6138	5528
6139	6047
6139	199
6139	5771
6139	589
6139	9672
6139	3601
6139	6721
6139	4748
6139	9227
6139	7974
6140	9205
6140	9094
6140	7091
6140	470
6140	6480
6140	6114
6140	5966
6140	4328
6140	8269
6140	1675
6141	1971
6141	144
6141	2544
6141	738
6141	3715
6141	9198
6141	9978
6141	8574
6141	5681
6141	9991
6142	8327
6142	4856
6142	314
6142	3528
6142	9320
6142	1947
6142	4013
6142	4399
6142	4423
6142	9963
6143	2742
6143	6151
6143	7669
6143	466
6143	3148
6143	6042
6143	6958
6143	1019
6143	1919
6143	5222
6144	91
6144	3587
6144	9535
6144	4585
6144	8902
6144	4712
6144	4165
6144	3370
6144	8352
6144	7766
6145	7923
6145	8295
6145	9403
6145	7243
6145	8608
6145	3748
6145	6317
6145	9478
6145	7030
6145	7744
6146	3473
6146	9283
6146	3319
6146	5348
6146	3201
6146	9376
6146	6584
6146	6825
6146	6578
6146	3556
6147	9690
6147	1792
6147	1820
6147	5594
6147	1745
6147	9920
6147	5399
6147	516
6147	118
6147	5390
6148	9536
6148	6334
6148	8032
6148	3912
6148	2366
6148	4159
6148	3055
6148	7890
6148	631
6148	5419
6149	5576
6149	9600
6149	7435
6149	484
6149	7771
6149	8561
6149	859
6149	8147
6149	443
6149	105
6150	2486
6150	1510
6150	9646
6150	1691
6150	2015
6150	5921
6150	8864
6150	939
6150	4951
6150	214
6151	6827
6151	3059
6151	6061
6151	9279
6151	5286
6151	1536
6151	6771
6151	5777
6151	6456
6151	5310
6152	6004
6152	3919
6152	3549
6152	5331
6152	7966
6152	7848
6152	344
6152	1742
6152	3610
6152	7163
6153	415
6153	3591
6153	9011
6153	8937
6153	1679
6153	6541
6153	1550
6153	8335
6153	1100
6153	8168
6154	4870
6154	5388
6154	1594
6154	7678
6154	8096
6154	4561
6154	9039
6154	3792
6154	642
6154	9830
6155	2124
6155	7034
6155	9119
6155	5875
6155	1492
6155	307
6155	6125
6155	7692
6155	3794
6155	4089
6156	6671
6156	647
6156	9281
6156	3182
6156	3083
6156	1190
6156	5262
6156	3922
6156	650
6156	9704
6157	496
6157	4328
6157	8617
6157	4581
6157	8905
6157	70
6157	2386
6157	8252
6157	9630
6157	1930
6158	5817
6158	8481
6158	9071
6158	6614
6158	6849
6158	9976
6158	8657
6158	4500
6158	2478
6158	7451
6159	3968
6159	5960
6159	9975
6159	9542
6159	2840
6159	8453
6159	5385
6159	8222
6159	8338
6159	81
6160	4100
6160	7867
6160	7546
6160	6097
6160	2112
6160	268
6160	4358
6160	2715
6160	9726
6160	8279
6161	1887
6161	2296
6161	5099
6161	2161
6161	5479
6161	2028
6161	7570
6161	5372
6161	6450
6161	2412
6162	977
6162	1836
6162	7352
6162	1526
6162	2872
6162	6550
6162	3228
6162	5054
6162	4928
6162	6011
6163	9771
6163	1935
6163	2900
6163	4358
6163	3920
6163	2087
6163	2771
6163	962
6163	6325
6163	1409
6164	9982
6164	2583
6164	8763
6164	7963
6164	9066
6164	8228
6164	8649
6164	7480
6164	8103
6164	6210
6165	9539
6165	7177
6165	6756
6165	4537
6165	3314
6165	8540
6165	7846
6165	7351
6165	1165
6165	8658
6166	8288
6166	7195
6166	9129
6166	8340
6166	4194
6166	3105
6166	1292
6166	8715
6166	1945
6166	4521
6167	4343
6167	8478
6167	9863
6167	5937
6167	8936
6167	4098
6167	1609
6167	8880
6167	1728
6167	1434
6168	6631
6168	3059
6168	6024
6168	3557
6168	7207
6168	5041
6168	3254
6168	7529
6168	771
6168	937
6169	2179
6169	6662
6169	3051
6169	3589
6169	9095
6169	3464
6169	7535
6169	8753
6169	126
6169	1680
6170	8166
6170	5800
6170	9880
6170	752
6170	9776
6170	8381
6170	4380
6170	5373
6170	1200
6170	5411
6171	2042
6171	3453
6171	9148
6171	1627
6171	7218
6171	8599
6171	4007
6171	6222
6171	6776
6171	6451
6172	2497
6172	9029
6172	9665
6172	9987
6172	8553
6172	5585
6172	9124
6172	8501
6172	3320
6172	5413
6173	1441
6173	2785
6173	9271
6173	8603
6173	1628
6173	6254
6173	9337
6173	158
6173	4578
6173	6938
6174	5757
6174	44
6174	8474
6174	1213
6174	116
6174	9073
6174	2033
6174	1144
6174	4883
6174	6613
6175	4758
6175	9575
6175	6032
6175	2130
6175	5218
6175	110
6175	8816
6175	9283
6175	5792
6175	2818
6176	778
6176	3828
6176	418
6176	1726
6176	8118
6176	8204
6176	659
6176	5287
6176	5778
6176	3871
6177	4913
6177	4829
6177	4024
6177	5550
6177	4633
6177	9195
6177	2931
6177	2347
6177	9286
6177	395
6178	7692
6178	1688
6178	2605
6178	360
6178	3427
6178	4135
6178	7893
6178	3758
6178	517
6178	6398
6179	33
6179	5844
6179	8457
6179	8897
6179	39
6179	6229
6179	161
6179	2680
6179	1308
6179	2165
6180	2741
6180	2929
6180	5514
6180	2584
6180	4396
6180	4507
6180	2482
6180	9537
6180	7362
6180	6185
6181	1994
6181	5404
6181	1487
6181	1563
6181	1086
6181	1758
6181	309
6181	4547
6181	2684
6181	2144
6182	1773
6182	4973
6182	9265
6182	6472
6182	6417
6182	2423
6182	9786
6182	2226
6182	125
6182	5180
6183	6739
6183	5047
6183	2507
6183	5189
6183	4842
6183	9519
6183	9941
6183	9100
6183	9748
6183	8525
6184	2822
6184	9389
6184	5037
6184	5600
6184	854
6184	8710
6184	6336
6184	2008
6184	688
6184	5808
6185	3992
6185	9306
6185	1066
6185	1366
6185	5136
6185	9206
6185	1803
6185	8791
6185	5913
6185	3083
6186	8240
6186	5044
6186	8483
6186	453
6186	2963
6186	8485
6186	3624
6186	635
6186	6133
6186	3139
6187	2290
6187	1990
6187	7539
6187	2581
6187	2023
6187	1348
6187	8459
6187	6447
6187	276
6187	6636
6188	4583
6188	6128
6188	6717
6188	893
6188	3909
6188	1237
6188	1689
6188	3694
6188	7089
6188	683
6189	8979
6189	2738
6189	3248
6189	8147
6189	9249
6189	7197
6189	8557
6189	1942
6189	637
6189	848
6190	7428
6190	4254
6190	3227
6190	6285
6190	886
6190	1290
6190	7043
6190	4810
6190	5744
6190	8027
6191	1213
6191	7672
6191	2035
6191	427
6191	9414
6191	4850
6191	9040
6191	7393
6191	5709
6191	1796
6192	1165
6192	8081
6192	2946
6192	4984
6192	7668
6192	8464
6192	1024
6192	4233
6192	4816
6192	6182
6193	9040
6193	7355
6193	2741
6193	6684
6193	7775
6193	8286
6193	7987
6193	5901
6193	3408
6193	1370
6194	6142
6194	1831
6194	463
6194	8478
6194	9390
6194	1453
6194	280
6194	6899
6194	6436
6194	9253
6195	384
6195	6370
6195	3895
6195	2074
6195	40
6195	7842
6195	5928
6195	2623
6195	6419
6195	9659
6196	9180
6196	6264
6196	2210
6196	6684
6196	1017
6196	7454
6196	5661
6196	9964
6196	5738
6196	841
6197	4898
6197	1791
6197	6272
6197	9189
6197	9652
6197	932
6197	9999
6197	3268
6197	4355
6197	5992
6198	3775
6198	4266
6198	1161
6198	5976
6198	3493
6198	9658
6198	8585
6198	306
6198	1653
6198	2387
6199	8791
6199	4216
6199	5084
6199	7293
6199	5925
6199	4733
6199	1735
6199	6605
6199	6827
6199	3691
6200	5721
6200	3625
6200	3554
6200	4265
6200	2897
6200	5853
6200	564
6200	2554
6200	7349
6200	1201
6201	8436
6201	3270
6201	2352
6201	4062
6201	8014
6201	854
6201	3753
6201	1955
6201	8746
6201	1897
6202	7366
6202	7200
6202	1988
6202	3811
6202	6673
6202	7713
6202	3398
6202	4388
6202	6730
6202	28
6203	2569
6203	1206
6203	467
6203	6251
6203	4636
6203	7289
6203	4053
6203	4625
6203	7354
6203	6338
6204	6681
6204	1887
6204	5295
6204	2324
6204	6123
6204	2164
6204	9819
6204	7459
6204	8027
6204	5914
6205	4388
6205	6081
6205	3484
6205	5443
6205	6537
6205	7963
6205	8680
6205	34
6205	9587
6205	5763
6206	2703
6206	3673
6206	646
6206	865
6206	87
6206	6863
6206	353
6206	5235
6206	7446
6206	8050
6207	6038
6207	6647
6207	3497
6207	2779
6207	4157
6207	9079
6207	2892
6207	7196
6207	625
6207	9112
6208	1752
6208	4166
6208	4593
6208	1249
6208	7345
6208	8115
6208	9417
6208	4766
6208	4253
6208	7547
6209	412
6209	913
6209	577
6209	3931
6209	5314
6209	3697
6209	6822
6209	160
6209	5216
6209	398
6210	1589
6210	118
6210	6121
6210	6411
6210	5878
6210	3699
6210	4400
6210	4817
6210	4520
6210	7059
6211	6928
6211	1340
6211	7991
6211	5811
6211	3256
6211	1428
6211	90
6211	5568
6211	157
6211	1227
6212	5693
6212	395
6212	8696
6212	434
6212	4587
6212	1148
6212	1589
6212	5750
6212	4329
6212	9786
6213	1743
6213	9843
6213	3099
6213	5378
6213	3948
6213	1352
6213	8333
6213	9643
6213	3786
6213	1426
6214	5835
6214	3416
6214	4136
6214	2948
6214	9260
6214	3695
6214	7794
6214	7496
6214	9903
6214	5161
6215	3066
6215	7250
6215	3325
6215	6335
6215	3282
6215	4780
6215	3424
6215	4285
6215	4661
6215	5862
6216	5355
6216	4441
6216	3002
6216	6667
6216	879
6216	5044
6216	3426
6216	5790
6216	4381
6216	2482
6217	4437
6217	2443
6217	8360
6217	4881
6217	6792
6217	4380
6217	3858
6217	746
6217	653
6217	6832
6218	1814
6218	101
6218	7271
6218	9329
6218	6599
6218	9792
6218	6886
6218	8400
6218	9807
6218	2527
6219	377
6219	5503
6219	9809
6219	9314
6219	7497
6219	7985
6219	3785
6219	1290
6219	8897
6219	3983
6220	941
6220	6105
6220	5696
6220	9596
6220	7497
6220	2248
6220	2516
6220	3675
6220	492
6220	4713
6221	4918
6221	7912
6221	1528
6221	6279
6221	6105
6221	9440
6221	3118
6221	7066
6221	5775
6221	2789
6222	8313
6222	1780
6222	807
6222	9832
6222	1131
6222	4707
6222	162
6222	9876
6222	3822
6222	8979
6223	4764
6223	3482
6223	1144
6223	3265
6223	7454
6223	3071
6223	8713
6223	7784
6223	1260
6223	7065
6224	7350
6224	391
6224	5220
6224	2375
6224	6734
6224	1857
6224	6381
6224	8135
6224	6565
6224	3813
6225	4186
6225	8356
6225	5425
6225	9938
6225	4802
6225	9275
6225	4932
6225	5504
6225	8377
6225	1816
6226	7971
6226	4074
6226	8574
6226	3628
6226	4569
6226	4618
6226	2410
6226	8056
6226	567
6226	8151
6227	4178
6227	3673
6227	4282
6227	3335
6227	8637
6227	3775
6227	3407
6227	1487
6227	6259
6227	311
6228	3045
6228	6596
6228	2384
6228	162
6228	6290
6228	6538
6228	7997
6228	9006
6228	8511
6228	2685
6229	4689
6229	8129
6229	6205
6229	5647
6229	8602
6229	8139
6229	7094
6229	9128
6229	5952
6229	1478
6230	2404
6230	2254
6230	8033
6230	4341
6230	1247
6230	2115
6230	1063
6230	404
6230	4471
6230	9712
6231	8706
6231	7831
6231	427
6231	9420
6231	1709
6231	4479
6231	6780
6231	9378
6231	7936
6231	6874
6232	5453
6232	1412
6232	4312
6232	5588
6232	8982
6232	1308
6232	1569
6232	5152
6232	2487
6232	1626
6233	9181
6233	2709
6233	2317
6233	7090
6233	6928
6233	4869
6233	7725
6233	2487
6233	5211
6233	6797
6234	395
6234	2430
6234	899
6234	2629
6234	7581
6234	2354
6234	7537
6234	2715
6234	6080
6234	8054
6235	6628
6235	8758
6235	429
6235	2292
6235	5377
6235	7760
6235	3064
6235	7132
6235	8816
6235	5955
6236	8696
6236	4583
6236	55
6236	7768
6236	2226
6236	4815
6236	7198
6236	136
6236	6644
6236	8988
6237	4718
6237	8087
6237	5028
6237	4110
6237	1587
6237	3441
6237	3865
6237	3408
6237	9284
6237	8014
6238	2047
6238	4001
6238	3621
6238	6800
6238	5094
6238	1948
6238	6390
6238	4643
6238	8587
6238	7003
6239	9880
6239	9443
6239	9320
6239	8465
6239	824
6239	9717
6239	9596
6239	2224
6239	3157
6239	457
6240	7813
6240	2555
6240	1139
6240	4001
6240	9512
6240	8961
6240	1523
6240	6966
6240	6276
6240	2380
6241	1360
6241	9706
6241	3958
6241	345
6241	7320
6241	2777
6241	9668
6241	3540
6241	4477
6241	4044
6242	1175
6242	7318
6242	8797
6242	6211
6242	9006
6242	8503
6242	3884
6242	644
6242	1471
6242	172
6243	3990
6243	777
6243	8893
6243	4012
6243	6649
6243	6259
6243	4278
6243	1531
6243	845
6243	2443
6244	74
6244	1552
6244	2836
6244	780
6244	9301
6244	9710
6244	2662
6244	6552
6244	4925
6244	979
6245	6867
6245	6704
6245	8575
6245	7579
6245	3054
6245	5448
6245	2520
6245	2800
6245	5533
6245	166
6246	5515
6246	1548
6246	1903
6246	6056
6246	1946
6246	6623
6246	3097
6246	2995
6246	2211
6246	2338
6247	3482
6247	3618
6247	6372
6247	1171
6247	5643
6247	7758
6247	1548
6247	8849
6247	2113
6247	2699
6248	218
6248	12
6248	8517
6248	83
6248	7782
6248	322
6248	2766
6248	9695
6248	7298
6248	2904
6249	4061
6249	8296
6249	5135
6249	990
6249	9115
6249	9458
6249	4871
6249	6735
6249	5716
6249	5591
6250	768
6250	9827
6250	1992
6250	7034
6250	6138
6250	3976
6250	6539
6250	572
6250	8882
6250	7165
6251	1419
6251	2698
6251	6714
6251	2178
6251	4463
6251	9471
6251	5735
6251	7195
6251	5235
6251	3899
6252	7077
6252	2202
6252	2219
6252	3199
6252	9817
6252	588
6252	2373
6252	85
6252	6983
6252	5711
6253	3291
6253	4580
6253	1065
6253	7707
6253	8570
6253	8806
6253	7699
6253	1921
6253	2712
6253	2535
6254	7279
6254	6233
6254	9318
6254	2804
6254	1195
6254	5537
6254	9456
6254	7812
6254	4240
6254	3967
6255	6648
6255	6661
6255	9618
6255	3812
6255	5752
6255	965
6255	6725
6255	8155
6255	5304
6255	217
6256	3449
6256	4346
6256	2188
6256	8385
6256	6589
6256	6657
6256	1505
6256	5161
6256	3742
6256	8310
6257	3239
6257	7988
6257	6343
6257	8926
6257	2865
6257	3573
6257	6851
6257	8864
6257	7521
6257	9295
6258	6197
6258	9134
6258	5220
6258	7985
6258	5522
6258	4079
6258	2096
6258	7227
6258	1835
6258	1437
6259	3746
6259	2517
6259	4388
6259	5787
6259	207
6259	2073
6259	6403
6259	2474
6259	5659
6259	3767
6260	3231
6260	8349
6260	2647
6260	1601
6260	5197
6260	1582
6260	8277
6260	1932
6260	9550
6260	2675
6261	7709
6261	4539
6261	1752
6261	7028
6261	1962
6261	5852
6261	6486
6261	3384
6261	4047
6261	2217
6262	3195
6262	9580
6262	4601
6262	6001
6262	9650
6262	2828
6262	1855
6262	6090
6262	5815
6262	4191
6263	2053
6263	7102
6263	9623
6263	5937
6263	4855
6263	3077
6263	3661
6263	5901
6263	4622
6263	1532
6264	9531
6264	6969
6264	4410
6264	2471
6264	3174
6264	913
6264	2959
6264	5608
6264	8865
6264	4862
6265	9747
6265	4446
6265	9129
6265	4085
6265	8818
6265	9919
6265	7778
6265	4428
6265	2270
6265	953
6266	694
6266	6424
6266	9875
6266	7391
6266	8866
6266	5139
6266	5580
6266	2419
6266	7459
6266	955
6267	7482
6267	270
6267	7832
6267	5790
6267	4448
6267	208
6267	3859
6267	7365
6267	7770
6267	3590
6268	9397
6268	1366
6268	1149
6268	3263
6268	3916
6268	5204
6268	9598
6268	5602
6268	7030
6268	2794
6269	4054
6269	7432
6269	4856
6269	2810
6269	4403
6269	340
6269	827
6269	9481
6269	9248
6269	6764
6270	3441
6270	2397
6270	640
6270	5935
6270	1040
6270	521
6270	6099
6270	4312
6270	4679
6270	1614
6271	7355
6271	3493
6271	7644
6271	7515
6271	9906
6271	251
6271	7243
6271	3682
6271	5641
6271	5786
6272	1016
6272	4148
6272	3651
6272	6830
6272	5871
6272	6065
6272	6964
6272	9558
6272	2978
6272	754
6273	9077
6273	5413
6273	7282
6273	1096
6273	6991
6273	1827
6273	2451
6273	7357
6273	5505
6273	3462
6274	2864
6274	8536
6274	9099
6274	5628
6274	757
6274	1952
6274	4613
6274	8145
6274	2287
6274	2238
6275	9119
6275	4908
6275	6178
6275	9983
6275	2857
6275	4637
6275	342
6275	619
6275	9146
6275	5443
6276	1302
6276	7655
6276	3553
6276	5982
6276	9467
6276	4215
6276	6920
6276	9021
6276	725
6276	13
6277	9126
6277	5224
6277	5589
6277	5958
6277	6494
6277	2054
6277	7419
6277	8035
6277	6803
6277	3520
6278	7823
6278	8819
6278	4532
6278	1856
6278	3164
6278	8163
6278	6718
6278	9260
6278	669
6278	6390
6279	2095
6279	577
6279	2537
6279	3281
6279	2802
6279	7143
6279	1146
6279	9235
6279	4056
6279	1861
6280	85
6280	6659
6280	9330
6280	8542
6280	5465
6280	802
6280	4475
6280	753
6280	5553
6280	5439
6281	779
6281	7906
6281	2605
6281	9189
6281	2811
6281	2551
6281	3973
6281	7729
6281	1298
6281	8613
6282	1108
6282	6044
6282	200
6282	9553
6282	3231
6282	4848
6282	5585
6282	7914
6282	6535
6282	3662
6283	8716
6283	9794
6283	8953
6283	7343
6283	8409
6283	8135
6283	8470
6283	7665
6283	7787
6283	2660
6284	57
6284	6085
6284	4407
6284	4772
6284	189
6284	814
6284	5758
6284	6198
6284	5930
6284	9294
6285	5766
6285	7077
6285	2845
6285	6668
6285	1325
6285	4041
6285	1287
6285	1036
6285	8916
6285	659
6286	1612
6286	150
6286	83
6286	9224
6286	4925
6286	4376
6286	1135
6286	917
6286	6129
6286	9322
6287	766
6287	3523
6287	2513
6287	4079
6287	7759
6287	8375
6287	5706
6287	6079
6287	6869
6287	2097
6288	6410
6288	7073
6288	6419
6288	4658
6288	9780
6288	8607
6288	6777
6288	2031
6288	854
6288	7059
6289	125
6289	4235
6289	5953
6289	9751
6289	2511
6289	3589
6289	4692
6289	7510
6289	9207
6289	5673
6290	6550
6290	2176
6290	7143
6290	22
6290	365
6290	9130
6290	4608
6290	7721
6290	9545
6290	7251
6291	4277
6291	2922
6291	6603
6291	1528
6291	8181
6291	6029
6291	8713
6291	1385
6291	371
6291	5174
6292	6044
6292	5259
6292	7634
6292	9666
6292	233
6292	8154
6292	8855
6292	7246
6292	3779
6292	8720
6293	5526
6293	2288
6293	8569
6293	2512
6293	9570
6293	8155
6293	7630
6293	506
6293	6436
6293	8049
6294	4731
6294	3213
6294	9654
6294	7404
6294	9299
6294	6223
6294	2548
6294	8355
6294	5984
6294	97
6295	9835
6295	5517
6295	6742
6295	5334
6295	5299
6295	9529
6295	7692
6295	425
6295	4702
6295	9307
6296	8450
6296	7907
6296	7866
6296	8323
6296	1257
6296	8364
6296	3948
6296	6086
6296	4631
6296	1274
6297	4325
6297	4072
6297	5692
6297	3843
6297	2715
6297	8943
6297	20
6297	3218
6297	6287
6297	2699
6298	2665
6298	7027
6298	6552
6298	316
6298	5362
6298	228
6298	5281
6298	504
6298	810
6298	9496
6299	8243
6299	570
6299	2581
6299	1787
6299	8009
6299	1237
6299	8630
6299	8067
6299	6499
6299	1665
6300	4410
6300	7483
6300	276
6300	3839
6300	4968
6300	3814
6300	7549
6300	4615
6300	2868
6300	5324
6301	2421
6301	2740
6301	3416
6301	5044
6301	2952
6301	4257
6301	7346
6301	9971
6301	2788
6301	6043
6302	187
6302	8256
6302	7829
6302	5246
6302	1944
6302	7944
6302	8717
6302	2915
6302	6293
6302	7362
6303	186
6303	2358
6303	3578
6303	6241
6303	2842
6303	6689
6303	9236
6303	2054
6303	9125
6303	9775
6304	6150
6304	1160
6304	5017
6304	69
6304	2445
6304	2745
6304	2158
6304	8523
6304	7691
6304	6357
6305	1273
6305	8455
6305	4555
6305	1678
6305	955
6305	7569
6305	2036
6305	5444
6305	132
6305	1993
6306	6187
6306	5586
6306	5281
6306	8682
6306	9675
6306	9756
6306	2716
6306	6323
6306	8999
6306	5022
6307	2096
6307	2234
6307	2470
6307	6582
6307	651
6307	1120
6307	6692
6307	8320
6307	5296
6307	8293
6308	5718
6308	3825
6308	2685
6308	2141
6308	5076
6308	3554
6308	1569
6308	9043
6308	3245
6308	1167
6309	1884
6309	8187
6309	2632
6309	8857
6309	2792
6309	7453
6309	2592
6309	9564
6309	9654
6309	6569
6310	819
6310	2363
6310	8284
6310	2100
6310	3002
6310	1381
6310	3954
6310	8238
6310	4740
6310	4324
6311	5051
6311	4381
6311	4711
6311	7385
6311	58
6311	3664
6311	3084
6311	3533
6311	8765
6311	4424
6312	9756
6312	1937
6312	5693
6312	7599
6312	1186
6312	5468
6312	2848
6312	2161
6312	3847
6312	6096
6313	3518
6313	534
6313	2148
6313	4371
6313	2879
6313	3662
6313	3310
6313	4404
6313	254
6313	5265
6314	3302
6314	9894
6314	164
6314	8647
6314	4579
6314	2867
6314	7856
6314	557
6314	7453
6314	9643
6315	5029
6315	5932
6315	7581
6315	2309
6315	4312
6315	8756
6315	8264
6315	8312
6315	8428
6315	6228
6316	1937
6316	611
6316	8370
6316	9373
6316	6260
6316	8548
6316	8353
6316	3136
6316	3539
6316	9239
6317	9936
6317	1835
6317	2630
6317	899
6317	4541
6317	2743
6317	8513
6317	2647
6317	6974
6317	7368
6318	2745
6318	2272
6318	6163
6318	3349
6318	1688
6318	2023
6318	4936
6318	5464
6318	6725
6318	3379
6319	3900
6319	9012
6319	1792
6319	4395
6319	1995
6319	2743
6319	38
6319	8522
6319	7718
6319	3273
6320	3017
6320	866
6320	156
6320	2840
6320	8312
6320	434
6320	9226
6320	9130
6320	4753
6320	7572
6321	1031
6321	1798
6321	3158
6321	9658
6321	8452
6321	5948
6321	4560
6321	9188
6321	2018
6321	4529
6322	9228
6322	4291
6322	2027
6322	6553
6322	2773
6322	4684
6322	8974
6322	323
6322	8874
6322	5152
6323	3912
6323	5949
6323	6934
6323	5944
6323	7947
6323	25
6323	1040
6323	708
6323	7613
6323	6161
6324	1275
6324	4486
6324	2733
6324	8845
6324	3989
6324	717
6324	2800
6324	9550
6324	8966
6324	7727
6325	8509
6325	8190
6325	1179
6325	6424
6325	6514
6325	1892
6325	6785
6325	1050
6325	7381
6325	4806
6326	6268
6326	581
6326	1647
6326	2584
6326	3614
6326	8937
6326	6609
6326	3776
6326	3085
6326	9871
6327	7441
6327	2620
6327	8923
6327	3909
6327	4752
6327	2884
6327	1156
6327	2255
6327	2502
6327	6445
6328	4641
6328	3096
6328	5939
6328	1188
6328	9881
6328	3373
6328	3392
6328	8958
6328	7775
6328	5953
6329	4703
6329	51
6329	1437
6329	709
6329	8035
6329	6939
6329	3468
6329	4864
6329	3368
6329	4149
6330	182
6330	6201
6330	5447
6330	5862
6330	602
6330	4612
6330	3380
6330	2535
6330	3455
6330	1001
6331	6325
6331	4544
6331	3357
6331	3179
6331	8654
6331	7751
6331	8665
6331	511
6331	4969
6331	5017
6332	7345
6332	4725
6332	4431
6332	8923
6332	937
6332	5151
6332	3854
6332	9826
6332	7271
6332	812
6333	2323
6333	4347
6333	1585
6333	4876
6333	1989
6333	1826
6333	5716
6333	5292
6333	4185
6333	5929
6334	8906
6334	1854
6334	9996
6334	2567
6334	3120
6334	7001
6334	4398
6334	3718
6334	2995
6334	6605
6335	5707
6335	1278
6335	605
6335	2125
6335	9213
6335	3386
6335	8830
6335	6510
6335	1342
6335	3053
6336	3255
6336	3666
6336	411
6336	8999
6336	1763
6336	696
6336	2198
6336	9696
6336	7864
6336	1909
6337	5103
6337	1456
6337	2508
6337	9139
6337	2019
6337	6550
6337	9430
6337	8816
6337	4155
6337	7689
6338	2080
6338	36
6338	6088
6338	1201
6338	7212
6338	7396
6338	8733
6338	7492
6338	6940
6338	3361
6339	9877
6339	7020
6339	2072
6339	3314
6339	3304
6339	8717
6339	261
6339	8395
6339	7241
6339	8525
6340	5670
6340	8999
6340	4705
6340	6488
6340	2900
6340	5199
6340	63
6340	1591
6340	5322
6340	7595
6341	7290
6341	8695
6341	296
6341	4846
6341	8475
6341	1216
6341	6715
6341	649
6341	5325
6341	1978
6342	1826
6342	9973
6342	8003
6342	5041
6342	7596
6342	9459
6342	936
6342	2574
6342	4700
6342	3372
6343	9022
6343	674
6343	1609
6343	3709
6343	5707
6343	8117
6343	2297
6343	719
6343	7494
6343	8740
6344	4781
6344	2024
6344	224
6344	6558
6344	5421
6344	1187
6344	875
6344	3097
6344	1852
6344	1477
6345	4736
6345	3444
6345	4024
6345	9040
6345	9701
6345	586
6345	5424
6345	8470
6345	7265
6345	4782
6346	3128
6346	4804
6346	2564
6346	3144
6346	8535
6346	7527
6346	1377
6346	3112
6346	9711
6346	4796
6347	3513
6347	2522
6347	7754
6347	3870
6347	4127
6347	1164
6347	4157
6347	5742
6347	7354
6347	8536
6348	8300
6348	5578
6348	3527
6348	1588
6348	5589
6348	16
6348	5499
6348	3423
6348	6883
6348	443
6349	9738
6349	166
6349	5938
6349	8013
6349	9123
6349	8662
6349	5906
6349	1544
6349	4697
6349	173
6350	5612
6350	6001
6350	5399
6350	44
6350	837
6350	2941
6350	152
6350	2295
6350	6978
6350	5498
6351	3792
6351	6893
6351	7403
6351	1322
6351	5371
6351	8860
6351	9962
6351	4437
6351	9254
6351	7334
6352	9354
6352	7070
6352	3769
6352	3996
6352	4718
6352	2288
6352	5769
6352	4174
6352	4155
6352	5469
6353	4550
6353	2639
6353	2993
6353	64
6353	287
6353	8937
6353	3548
6353	2655
6353	8634
6353	5571
6354	2458
6354	1708
6354	5275
6354	7929
6354	5223
6354	9196
6354	3412
6354	8258
6354	3729
6354	2849
6355	2771
6355	2692
6355	403
6355	3589
6355	3632
6355	9133
6355	7236
6355	5306
6355	6087
6355	2506
6356	5272
6356	7648
6356	310
6356	2095
6356	7900
6356	1885
6356	4521
6356	4353
6356	4320
6356	5766
6357	3670
6357	7085
6357	2371
6357	3164
6357	9884
6357	709
6357	778
6357	3206
6357	3653
6357	3106
6358	5659
6358	4898
6358	2916
6358	3628
6358	3489
6358	7762
6358	8118
6358	3178
6358	6947
6358	3305
6359	2268
6359	225
6359	6119
6359	5960
6359	6007
6359	2209
6359	5887
6359	7226
6359	7577
6359	6160
6360	7570
6360	6154
6360	3715
6360	128
6360	4560
6360	4014
6360	9865
6360	2883
6360	3
6360	8900
6361	4703
6361	7522
6361	9402
6361	9319
6361	3655
6361	2120
6361	9939
6361	2317
6361	5157
6361	7492
6362	1361
6362	208
6362	3756
6362	4008
6362	2264
6362	8380
6362	5434
6362	9311
6362	7967
6362	4096
6363	7144
6363	4704
6363	6991
6363	6644
6363	9991
6363	4310
6363	3843
6363	4066
6363	1243
6363	6843
6364	2114
6364	4938
6364	9965
6364	4329
6364	6897
6364	2332
6364	8791
6364	355
6364	8952
6364	1161
6365	5890
6365	9102
6365	5161
6365	5533
6365	3054
6365	6455
6365	72
6365	7175
6365	5301
6365	5087
6366	6296
6366	6409
6366	272
6366	2127
6366	1537
6366	8147
6366	7507
6366	9198
6366	652
6366	3799
6367	1408
6367	5853
6367	6067
6367	7200
6367	3527
6367	4324
6367	6224
6367	1308
6367	319
6367	1242
6368	5873
6368	481
6368	8035
6368	7756
6368	3708
6368	3902
6368	5931
6368	522
6368	4470
6368	8168
6369	6473
6369	7245
6369	7503
6369	4676
6369	7415
6369	1651
6369	179
6369	6567
6369	7493
6369	1434
6370	4664
6370	8641
6370	6463
6370	3912
6370	7979
6370	6189
6370	9148
6370	4189
6370	3936
6370	5664
6371	5074
6371	6714
6371	7619
6371	393
6371	42
6371	3810
6371	9418
6371	6404
6371	570
6371	4948
6372	8817
6372	4742
6372	8196
6372	5460
6372	8357
6372	6520
6372	5183
6372	1056
6372	2624
6372	2953
6373	8028
6373	1422
6373	103
6373	9285
6373	8465
6373	3453
6373	172
6373	4954
6373	5127
6373	6014
6374	622
6374	525
6374	1668
6374	7584
6374	2822
6374	4409
6374	7737
6374	1692
6374	6660
6374	9753
6375	8770
6375	3437
6375	2169
6375	2941
6375	1631
6375	2098
6375	5048
6375	8062
6375	7375
6375	5509
6376	8447
6376	4772
6376	6902
6376	9255
6376	2743
6376	9839
6376	6500
6376	7221
6376	1702
6376	4487
6377	899
6377	4596
6377	3646
6377	5621
6377	9824
6377	3661
6377	9234
6377	6243
6377	5301
6377	8698
6378	5299
6378	2985
6378	7649
6378	5408
6378	6073
6378	4302
6378	245
6378	9937
6378	7053
6378	9095
6379	5406
6379	7189
6379	6452
6379	2428
6379	6282
6379	8256
6379	3951
6379	61
6379	8292
6379	3228
6380	6936
6380	5702
6380	2609
6380	3889
6380	6842
6380	489
6380	8796
6380	3447
6380	7628
6380	1176
6381	6013
6381	7719
6381	9482
6381	9995
6381	4264
6381	4110
6381	9818
6381	7518
6381	396
6381	8036
6382	9280
6382	2268
6382	7252
6382	1198
6382	7393
6382	1935
6382	610
6382	3147
6382	2045
6382	1131
6383	4933
6383	9955
6383	8494
6383	2238
6383	9278
6383	4509
6383	2008
6383	2528
6383	1798
6383	1177
6384	5068
6384	8929
6384	6920
6384	6520
6384	6217
6384	3560
6384	2858
6384	4998
6384	4016
6384	9395
6385	1496
6385	5245
6385	6296
6385	5864
6385	3043
6385	1050
6385	2222
6385	4152
6385	4316
6385	988
6386	2998
6386	3864
6386	6389
6386	3767
6386	9413
6386	1174
6386	2142
6386	75
6386	2546
6386	1535
6387	5754
6387	1207
6387	6389
6387	8371
6387	5833
6387	9179
6387	2948
6387	1253
6387	8071
6387	2416
6388	2044
6388	3563
6388	1213
6388	5137
6388	9785
6388	7228
6388	3579
6388	3169
6388	5084
6388	2880
6389	7622
6389	1894
6389	289
6389	7347
6389	8913
6389	4326
6389	2868
6389	3253
6389	7952
6389	2895
6390	1351
6390	7914
6390	396
6390	7237
6390	5049
6390	2406
6390	4649
6390	648
6390	1604
6390	1703
6391	4210
6391	6150
6391	2699
6391	7054
6391	4993
6391	4999
6391	5163
6391	2500
6391	2940
6391	9283
6392	4049
6392	7308
6392	7753
6392	5459
6392	8134
6392	1573
6392	5523
6392	9685
6392	9879
6392	463
6393	5709
6393	2689
6393	5898
6393	9817
6393	9165
6393	2055
6393	8446
6393	2378
6393	930
6393	3799
6394	2801
6394	5412
6394	6743
6394	3162
6394	4080
6394	4183
6394	3540
6394	2941
6394	2983
6394	8348
6395	7257
6395	2704
6395	9912
6395	6865
6395	822
6395	676
6395	2441
6395	4354
6395	5844
6395	3991
6396	1528
6396	6212
6396	3920
6396	5831
6396	5721
6396	3074
6396	4699
6396	6733
6396	2302
6396	9428
6397	1545
6397	4889
6397	992
6397	2953
6397	9912
6397	2102
6397	1088
6397	3191
6397	8967
6397	3235
6398	1192
6398	1609
6398	951
6398	1442
6398	958
6398	5820
6398	4907
6398	7406
6398	8129
6398	8780
6399	2924
6399	9196
6399	1623
6399	8821
6399	5083
6399	6845
6399	5288
6399	4828
6399	4015
6399	8393
6400	3554
6400	9138
6400	8322
6400	7777
6400	3196
6400	3900
6400	7481
6400	1351
6400	5974
6400	8418
6401	4289
6401	2202
6401	8511
6401	7677
6401	3796
6401	1180
6401	2104
6401	8294
6401	4600
6401	4727
6402	1092
6402	4993
6402	9846
6402	5681
6402	2115
6402	2032
6402	8678
6402	7451
6402	1286
6402	6519
6403	969
6403	45
6403	3679
6403	4845
6403	110
6403	9375
6403	4230
6403	3890
6403	3923
6403	9176
6404	9751
6404	6115
6404	6070
6404	2922
6404	9762
6404	6894
6404	7978
6404	5592
6404	5022
6404	7488
6405	5287
6405	963
6405	6164
6405	6841
6405	1756
6405	679
6405	6722
6405	3231
6405	2681
6405	7617
6406	6661
6406	8016
6406	6283
6406	9538
6406	6889
6406	3039
6406	7346
6406	9158
6406	4320
6406	9832
6407	7020
6407	3661
6407	2579
6407	2207
6407	3931
6407	4612
6407	3511
6407	904
6407	4699
6407	2624
6408	8614
6408	4825
6408	7385
6408	1497
6408	8689
6408	6660
6408	1997
6408	3541
6408	5247
6408	8336
6409	9660
6409	7159
6409	8664
6409	4699
6409	4909
6409	2095
6409	6175
6409	4044
6409	3441
6409	6537
6410	8920
6410	1866
6410	4427
6410	1938
6410	9807
6410	6087
6410	8817
6410	5832
6410	9901
6410	3123
6411	8059
6411	3495
6411	4617
6411	6758
6411	4305
6411	5931
6411	5264
6411	7455
6411	1
6411	6042
6412	4917
6412	3975
6412	4191
6412	3551
6412	3272
6412	3464
6412	7965
6412	1018
6412	3625
6412	8295
6413	9187
6413	7451
6413	9702
6413	8494
6413	1156
6413	6778
6413	1462
6413	5060
6413	8865
6413	8777
6414	3177
6414	9074
6414	7382
6414	3267
6414	919
6414	9260
6414	6006
6414	6589
6414	7557
6414	6050
6415	7304
6415	7672
6415	8582
6415	987
6415	8890
6415	6176
6415	5414
6415	7984
6415	4037
6415	9770
6416	3997
6416	1771
6416	188
6416	5234
6416	7007
6416	9100
6416	8638
6416	847
6416	8471
6416	5958
6417	516
6417	7048
6417	1162
6417	5952
6417	2481
6417	4867
6417	7093
6417	7011
6417	811
6417	4493
6418	5696
6418	800
6418	1705
6418	9792
6418	4136
6418	9598
6418	58
6418	6776
6418	6671
6418	7088
6419	8497
6419	5251
6419	6474
6419	2657
6419	8837
6419	3452
6419	866
6419	7712
6419	6136
6419	6313
6420	6525
6420	9796
6420	3331
6420	4782
6420	6348
6420	1298
6420	8577
6420	5552
6420	8389
6420	8160
6421	3914
6421	5013
6421	1681
6421	8336
6421	6650
6421	5173
6421	7353
6421	8843
6421	9802
6421	2523
6422	4157
6422	6739
6422	7615
6422	8580
6422	2075
6422	6654
6422	3559
6422	3900
6422	2398
6422	5037
6423	6187
6423	5547
6423	6543
6423	3719
6423	8229
6423	173
6423	8203
6423	5761
6423	7896
6423	9145
6424	8475
6424	2897
6424	9099
6424	4171
6424	6790
6424	1284
6424	1749
6424	7266
6424	9314
6424	8593
6425	1701
6425	3387
6425	1532
6425	7661
6425	5520
6425	3671
6425	9684
6425	5469
6425	3418
6425	5993
6426	981
6426	7026
6426	5227
6426	9525
6426	7524
6426	5983
6426	7567
6426	5881
6426	3770
6426	7064
6427	6476
6427	5486
6427	2096
6427	1118
6427	1549
6427	4699
6427	5551
6427	1124
6427	1822
6427	6255
6428	8985
6428	4995
6428	6213
6428	3345
6428	1434
6428	5345
6428	5781
6428	1107
6428	5459
6428	4797
6429	7326
6429	123
6429	2453
6429	4661
6429	4967
6429	4579
6429	1362
6429	1959
6429	2406
6429	206
6430	4697
6430	1937
6430	769
6430	7244
6430	6253
6430	2229
6430	7825
6430	2522
6430	6295
6430	7253
6431	1105
6431	2477
6431	4319
6431	8590
6431	2755
6431	782
6431	8944
6431	6620
6431	3326
6431	4559
6432	937
6432	3660
6432	2515
6432	7709
6432	9890
6432	6117
6432	8808
6432	3943
6432	7120
6432	3697
6433	2426
6433	1286
6433	6518
6433	3675
6433	1701
6433	1257
6433	7460
6433	4123
6433	1733
6433	8446
6434	8278
6434	9855
6434	7709
6434	9354
6434	6553
6434	3678
6434	4363
6434	8647
6434	9697
6434	683
6435	1646
6435	7312
6435	5220
6435	1138
6435	7838
6435	3549
6435	2578
6435	5344
6435	1611
6435	7369
6436	7647
6436	2572
6436	5967
6436	7351
6436	5682
6436	3346
6436	2364
6436	2739
6436	9033
6436	7911
6437	9189
6437	6257
6437	8419
6437	4504
6437	7299
6437	6222
6437	5751
6437	7582
6437	7748
6437	4056
6438	2724
6438	3170
6438	2943
6438	5963
6438	6604
6438	4877
6438	3422
6438	3969
6438	9277
6438	8364
6439	5653
6439	8157
6439	3230
6439	1655
6439	1838
6439	2603
6439	3650
6439	7285
6439	5785
6439	4257
6440	879
6440	8114
6440	7690
6440	1269
6440	1541
6440	1207
6440	7164
6440	3415
6440	3687
6440	5405
6441	7342
6441	5144
6441	1498
6441	17
6441	6094
6441	5785
6441	5741
6441	6045
6441	8821
6441	4895
6442	6917
6442	5856
6442	9853
6442	6879
6442	7295
6442	8968
6442	4247
6442	1740
6442	820
6442	7326
6443	6455
6443	8276
6443	2492
6443	9109
6443	9821
6443	5824
6443	1781
6443	8388
6443	8756
6443	7649
6444	5977
6444	9460
6444	9972
6444	8434
6444	3654
6444	3135
6444	6569
6444	9093
6444	5776
6444	8059
6445	8038
6445	186
6445	3539
6445	5158
6445	9340
6445	102
6445	1965
6445	29
6445	6925
6445	4531
6446	4020
6446	4004
6446	654
6446	4827
6446	9919
6446	2880
6446	3106
6446	8411
6446	1990
6446	3333
6447	4951
6447	5487
6447	9692
6447	8914
6447	8161
6447	8555
6447	4670
6447	400
6447	942
6447	5923
6448	4962
6448	6636
6448	9660
6448	8406
6448	3514
6448	6850
6448	1151
6448	441
6448	9090
6448	6829
6449	8557
6449	6834
6449	3628
6449	2249
6449	7670
6449	2579
6449	8872
6449	6829
6449	3409
6449	2297
6450	7212
6450	4376
6450	9859
6450	4714
6450	5568
6450	7026
6450	3661
6450	534
6450	7943
6450	7240
6451	2425
6451	1430
6451	1608
6451	79
6451	1669
6451	9203
6451	1503
6451	2317
6451	5416
6451	4042
6452	8717
6452	2914
6452	6716
6452	3951
6452	1003
6452	6481
6452	5600
6452	6664
6452	1186
6452	5295
6453	9155
6453	8565
6453	5376
6453	1949
6453	7143
6453	5998
6453	5012
6453	7122
6453	1401
6453	4423
6454	7376
6454	7980
6454	4535
6454	2996
6454	5016
6454	2572
6454	3218
6454	2284
6454	3981
6454	6914
6455	6914
6455	8261
6455	2037
6455	232
6455	5680
6455	5569
6455	1809
6455	7733
6455	2280
6455	5516
6456	1922
6456	493
6456	9287
6456	9351
6456	2938
6456	3567
6456	2953
6456	4474
6456	453
6456	7263
6457	8067
6457	9216
6457	8335
6457	9770
6457	8862
6457	9810
6457	2591
6457	8905
6457	4326
6457	1135
6458	492
6458	7324
6458	4256
6458	5079
6458	7187
6458	8679
6458	5569
6458	5074
6458	607
6458	2431
6459	5916
6459	8761
6459	2358
6459	587
6459	3673
6459	9440
6459	8455
6459	5782
6459	6382
6459	9624
6460	7755
6460	9184
6460	5945
6460	2571
6460	748
6460	2039
6460	6657
6460	4894
6460	6059
6460	3947
6461	9999
6461	3285
6461	7111
6461	9708
6461	8068
6461	7030
6461	9813
6461	257
6461	5154
6461	8018
6462	813
6462	2728
6462	2589
6462	3464
6462	3684
6462	8425
6462	9186
6462	9409
6462	9415
6462	2777
6463	7560
6463	6961
6463	585
6463	7822
6463	3183
6463	5644
6463	2880
6463	5306
6463	2191
6463	2258
6464	3696
6464	9943
6464	1620
6464	7403
6464	1854
6464	7144
6464	393
6464	5456
6464	6944
6464	3334
6465	6756
6465	926
6465	2489
6465	2677
6465	5475
6465	8883
6465	5009
6465	8829
6465	2121
6465	7221
6466	162
6466	8599
6466	6837
6466	9308
6466	9819
6466	6306
6466	1895
6466	7401
6466	908
6466	5285
6467	5946
6467	7978
6467	4966
6467	9541
6467	7625
6467	9137
6467	9214
6467	4061
6467	8058
6467	4998
6468	5183
6468	4516
6468	1868
6468	9788
6468	6843
6468	1400
6468	6521
6468	2519
6468	4016
6468	4255
6469	3018
6469	5906
6469	8393
6469	2050
6469	7079
6469	3062
6469	4650
6469	9481
6469	2204
6469	7271
6470	2118
6470	2452
6470	7655
6470	1197
6470	2064
6470	3892
6470	8271
6470	2907
6470	5826
6470	7427
6471	9375
6471	5192
6471	714
6471	8973
6471	3049
6471	6045
6471	4377
6471	8932
6471	3575
6471	6818
6472	5056
6472	7508
6472	4780
6472	5065
6472	3578
6472	293
6472	7253
6472	4921
6472	7815
6472	8083
6473	7971
6473	785
6473	690
6473	4077
6473	5676
6473	8146
6473	8481
6473	6329
6473	4670
6473	9970
6474	2713
6474	41
6474	1439
6474	7118
6474	5771
6474	317
6474	5922
6474	1713
6474	2182
6474	7530
6475	9741
6475	7288
6475	1845
6475	1528
6475	8035
6475	9117
6475	3027
6475	9570
6475	5601
6475	8289
6476	48
6476	3484
6476	8186
6476	1261
6476	8417
6476	814
6476	7110
6476	3259
6476	2365
6476	8619
6477	658
6477	7
6477	6826
6477	699
6477	3212
6477	1510
6477	1506
6477	7410
6477	3634
6477	7203
6478	1712
6478	279
6478	8520
6478	7737
6478	4562
6478	2047
6478	8328
6478	1445
6478	2115
6478	7451
6479	1964
6479	5143
6479	9065
6479	243
6479	5855
6479	2766
6479	2699
6479	7185
6479	2178
6479	9065
6480	991
6480	3300
6480	949
6480	968
6480	2849
6480	2909
6480	3703
6480	4254
6480	7501
6480	4633
6481	8199
6481	5362
6481	8774
6481	7160
6481	4504
6481	2542
6481	5213
6481	5579
6481	5047
6481	1551
6482	3763
6482	9678
6482	7572
6482	1415
6482	6844
6482	8412
6482	4799
6482	4411
6482	2656
6482	114
6483	461
6483	1478
6483	1162
6483	4846
6483	7518
6483	1055
6483	547
6483	9876
6483	4192
6483	1549
6484	245
6484	8488
6484	9651
6484	196
6484	7205
6484	4436
6484	5875
6484	4616
6484	6925
6484	7732
6485	7853
6485	5675
6485	6501
6485	54
6485	7676
6485	8466
6485	673
6485	8130
6485	2455
6485	3234
6486	9442
6486	3188
6486	9462
6486	3023
6486	4386
6486	8405
6486	7104
6486	4469
6486	9196
6486	8122
6487	4486
6487	5320
6487	5330
6487	8769
6487	5014
6487	7726
6487	9977
6487	8728
6487	6108
6487	2452
6488	3378
6488	5331
6488	7802
6488	2338
6488	4979
6488	2753
6488	3873
6488	5580
6488	1148
6488	4705
6489	984
6489	2454
6489	5293
6489	1048
6489	2505
6489	3552
6489	3309
6489	4652
6489	1497
6489	9524
6490	7693
6490	8764
6490	2215
6490	983
6490	785
6490	6941
6490	775
6490	5539
6490	8780
6490	8402
6491	3122
6491	2359
6491	2753
6491	7034
6491	1209
6491	2078
6491	3406
6491	8281
6491	4509
6491	5663
6492	5240
6492	8052
6492	4790
6492	9353
6492	8083
6492	6021
6492	8141
6492	9371
6492	3532
6492	4844
6493	1696
6493	5358
6493	8588
6493	4323
6493	8253
6493	6307
6493	9936
6493	8751
6493	1086
6493	2936
6494	9979
6494	7376
6494	1941
6494	6562
6494	3814
6494	210
6494	3478
6494	1921
6494	2395
6494	1937
6495	6300
6495	9644
6495	914
6495	5218
6495	940
6495	5398
6495	1447
6495	3553
6495	8670
6495	3008
6496	8741
6496	8557
6496	5877
6496	6658
6496	6206
6496	2890
6496	8472
6496	1919
6496	5561
6496	5966
6497	1653
6497	9833
6497	873
6497	2609
6497	9994
6497	3482
6497	4332
6497	15
6497	5898
6497	8445
6498	4280
6498	9026
6498	10
6498	6156
6498	5207
6498	6836
6498	2621
6498	8380
6498	3491
6498	7160
6499	3289
6499	1662
6499	7860
6499	4504
6499	2940
6499	9331
6499	2031
6499	6759
6499	8247
6499	2302
6500	3828
6500	9024
6500	1927
6500	2912
6500	2653
6500	188
6500	7475
6500	7196
6500	2744
6500	4056
6501	5
6501	3389
6501	180
6501	4261
6501	8148
6501	7757
6501	9781
6501	7980
6501	4932
6501	6341
6502	9766
6502	2932
6502	1573
6502	2616
6502	5250
6502	3113
6502	4004
6502	3130
6502	8282
6502	5358
6503	8487
6503	175
6503	8181
6503	2264
6503	9600
6503	8895
6503	4697
6503	6472
6503	3094
6503	271
6504	2325
6504	5240
6504	608
6504	5066
6504	313
6504	6512
6504	3513
6504	3268
6504	1546
6504	1944
6505	4288
6505	8079
6505	7606
6505	6439
6505	5069
6505	112
6505	4179
6505	7642
6505	620
6505	3503
6506	6414
6506	4282
6506	7175
6506	3575
6506	6213
6506	9337
6506	3436
6506	3734
6506	2649
6506	7435
6507	113
6507	5193
6507	1381
6507	545
6507	8861
6507	9231
6507	194
6507	1340
6507	3583
6507	7707
6508	1074
6508	4549
6508	7576
6508	7174
6508	4009
6508	5031
6508	526
6508	2897
6508	1476
6508	9146
6509	6806
6509	9333
6509	7843
6509	9927
6509	9557
6509	6859
6509	8359
6509	9759
6509	8899
6509	8415
6510	7863
6510	8293
6510	996
6510	8972
6510	9098
6510	1516
6510	2106
6510	6957
6510	2302
6510	4264
6511	7463
6511	8017
6511	3925
6511	6633
6511	2524
6511	6240
6511	8057
6511	6668
6511	7389
6511	4569
6512	9628
6512	120
6512	9022
6512	530
6512	1613
6512	6477
6512	3130
6512	4865
6512	6510
6512	2548
6513	4878
6513	5672
6513	6648
6513	745
6513	4313
6513	9246
6513	7204
6513	7442
6513	914
6513	9824
6514	6818
6514	867
6514	1659
6514	7953
6514	8850
6514	445
6514	7629
6514	3595
6514	3070
6514	8935
6515	5853
6515	9037
6515	2275
6515	8257
6515	2177
6515	1517
6515	9744
6515	7829
6515	6026
6515	2601
6516	5452
6516	9233
6516	1515
6516	4308
6516	6158
6516	454
6516	5290
6516	6992
6516	8965
6516	6982
6517	7342
6517	3337
6517	4826
6517	3757
6517	3224
6517	4024
6517	5402
6517	3769
6517	5908
6517	2209
6518	2772
6518	9434
6518	4502
6518	8819
6518	8795
6518	6693
6518	7591
6518	1285
6518	2201
6518	8712
6519	6339
6519	1682
6519	4850
6519	6170
6519	7872
6519	5495
6519	9541
6519	6526
6519	5972
6519	9500
6520	8956
6520	5228
6520	789
6520	7795
6520	9819
6520	471
6520	9590
6520	9941
6520	88
6520	9960
6521	4101
6521	1682
6521	5946
6521	5564
6521	537
6521	1934
6521	1268
6521	8784
6521	3950
6521	4350
6522	5040
6522	390
6522	5902
6522	61
6522	2660
6522	7529
6522	8762
6522	1904
6522	9199
6522	7109
6523	3747
6523	960
6523	8779
6523	5371
6523	5094
6523	6479
6523	9208
6523	9611
6523	8748
6523	7029
6524	699
6524	397
6524	2364
6524	351
6524	457
6524	4075
6524	3673
6524	2141
6524	6669
6524	9656
6525	7273
6525	116
6525	5598
6525	4188
6525	4260
6525	7092
6525	1884
6525	9764
6525	579
6525	1347
6526	2666
6526	9170
6526	399
6526	875
6526	6723
6526	980
6526	1334
6526	4705
6526	2041
6526	5048
6527	2196
6527	1015
6527	5657
6527	8030
6527	1824
6527	9948
6527	4793
6527	4644
6527	668
6527	9864
6528	6743
6528	4946
6528	483
6528	3061
6528	4603
6528	6646
6528	6289
6528	4513
6528	9254
6528	3124
6529	4349
6529	8479
6529	7850
6529	7195
6529	5297
6529	8716
6529	6932
6529	2470
6529	3896
6529	1129
6530	8488
6530	3525
6530	3839
6530	3328
6530	5272
6530	505
6530	1947
6530	247
6530	9902
6530	4924
6531	7427
6531	4761
6531	2890
6531	4670
6531	9127
6531	591
6531	9008
6531	9459
6531	547
6531	7711
6532	9031
6532	7629
6532	4823
6532	3953
6532	4305
6532	6663
6532	2568
6532	7505
6532	6874
6532	8928
6533	6286
6533	605
6533	8553
6533	3833
6533	4440
6533	1299
6533	2212
6533	1332
6533	7708
6533	422
6534	6124
6534	6845
6534	2956
6534	6336
6534	3390
6534	3632
6534	4132
6534	4241
6534	9691
6534	7288
6535	6270
6535	6372
6535	1423
6535	1520
6535	3738
6535	6889
6535	4555
6535	6079
6535	2650
6535	2422
6536	4014
6536	4610
6536	2147
6536	2126
6536	8147
6536	5557
6536	5990
6536	9954
6536	9911
6536	2595
6537	8647
6537	4154
6537	8653
6537	5045
6537	6462
6537	4845
6537	6669
6537	7781
6537	6560
6537	2859
6538	9082
6538	8633
6538	4249
6538	5990
6538	9683
6538	3364
6538	8139
6538	1046
6538	2151
6538	414
6539	4485
6539	2462
6539	3272
6539	6420
6539	9609
6539	7844
6539	2296
6539	6316
6539	8149
6539	7792
6540	24
6540	858
6540	8212
6540	2740
6540	892
6540	4205
6540	7916
6540	4377
6540	4896
6540	4881
6541	9870
6541	3991
6541	1709
6541	7887
6541	1828
6541	8307
6541	6015
6541	8582
6541	6883
6541	5347
6542	832
6542	3797
6542	1759
6542	8939
6542	2874
6542	8330
6542	5701
6542	4096
6542	1598
6542	4609
6543	9510
6543	1647
6543	3208
6543	4961
6543	3506
6543	3896
6543	4259
6543	700
6543	2096
6543	1940
6544	1272
6544	7811
6544	9419
6544	86
6544	5670
6544	1105
6544	8155
6544	5462
6544	3602
6544	1707
6545	2224
6545	8380
6545	8895
6545	7492
6545	3136
6545	4355
6545	4123
6545	1485
6545	3168
6545	7878
6546	2109
6546	8873
6546	3835
6546	8838
6546	5791
6546	145
6546	5949
6546	9898
6546	3550
6546	434
6547	1563
6547	520
6547	4928
6547	8139
6547	8299
6547	2689
6547	9969
6547	2642
6547	2060
6547	519
6548	7834
6548	8091
6548	5580
6548	793
6548	3781
6548	8219
6548	1961
6548	8436
6548	6067
6548	265
6549	9001
6549	3042
6549	5674
6549	4406
6549	7675
6549	3939
6549	7093
6549	3561
6549	4816
6549	2386
6550	9886
6550	2441
6550	9624
6550	155
6550	4925
6550	985
6550	2806
6550	1481
6550	5757
6550	7036
6551	3901
6551	1883
6551	2686
6551	162
6551	4372
6551	8231
6551	2465
6551	5052
6551	8386
6551	2122
6552	730
6552	5656
6552	5323
6552	201
6552	2663
6552	8939
6552	3621
6552	3526
6552	2490
6552	8580
6553	6589
6553	6888
6553	9544
6553	2109
6553	3226
6553	6645
6553	3248
6553	5527
6553	6939
6553	4659
6554	921
6554	2203
6554	8018
6554	8407
6554	5925
6554	7012
6554	7362
6554	5256
6554	9954
6554	1658
6555	8868
6555	386
6555	7539
6555	9738
6555	8349
6555	2772
6555	2206
6555	8742
6555	2536
6555	9307
6556	1534
6556	2997
6556	3755
6556	6108
6556	9726
6556	6631
6556	188
6556	2779
6556	8100
6556	4948
6557	3378
6557	3723
6557	2099
6557	2443
6557	5275
6557	4155
6557	2103
6557	5820
6557	1180
6557	1532
6558	6581
6558	7710
6558	2617
6558	9522
6558	4252
6558	9103
6558	962
6558	1591
6558	1113
6558	277
6559	4559
6559	2887
6559	6973
6559	3818
6559	1941
6559	4242
6559	8491
6559	1993
6559	7882
6559	3737
6560	9015
6560	3512
6560	3166
6560	7251
6560	1854
6560	1965
6560	7622
6560	7431
6560	4846
6560	2327
6561	9889
6561	8538
6561	7359
6561	9618
6561	2054
6561	1184
6561	4004
6561	5486
6561	9928
6561	3797
6562	3993
6562	7310
6562	4175
6562	4921
6562	6211
6562	6443
6562	1258
6562	4771
6562	7902
6562	5266
6563	2552
6563	9513
6563	3395
6563	3343
6563	4903
6563	4874
6563	4373
6563	9938
6563	7273
6563	7603
6564	1597
6564	8507
6564	2379
6564	6802
6564	7976
6564	509
6564	3497
6564	4993
6564	2446
6564	9333
6565	3918
6565	9295
6565	9547
6565	4972
6565	6291
6565	6193
6565	3054
6565	2838
6565	7899
6565	6501
6566	7876
6566	6847
6566	7439
6566	8856
6566	6382
6566	6076
6566	6051
6566	5380
6566	4167
6566	2737
6567	7330
6567	4032
6567	3940
6567	1693
6567	119
6567	5706
6567	4542
6567	2717
6567	7574
6567	1928
6568	912
6568	9825
6568	1063
6568	756
6568	2107
6568	411
6568	3681
6568	1431
6568	9299
6568	4946
6569	9093
6569	6851
6569	7215
6569	6905
6569	5130
6569	4525
6569	1864
6569	3489
6569	9006
6569	9362
6570	3449
6570	8312
6570	3148
6570	4131
6570	4996
6570	5023
6570	9914
6570	9873
6570	265
6570	7144
6571	3850
6571	9914
6571	4845
6571	8517
6571	523
6571	1351
6571	4685
6571	5097
6571	7150
6571	1093
6572	1763
6572	6907
6572	8927
6572	3306
6572	4265
6572	4702
6572	6507
6572	1925
6572	611
6572	2696
6573	4557
6573	901
6573	4536
6573	2910
6573	1843
6573	5827
6573	7622
6573	7043
6573	3779
6573	9068
6574	1830
6574	716
6574	9404
6574	6282
6574	6731
6574	7408
6574	9136
6574	6544
6574	8235
6574	8041
6575	3016
6575	1701
6575	529
6575	2706
6575	5081
6575	7699
6575	1357
6575	6756
6575	6217
6575	6686
6576	1666
6576	2423
6576	9818
6576	5746
6576	3139
6576	9307
6576	1706
6576	914
6576	304
6576	5756
6577	6932
6577	1808
6577	2078
6577	367
6577	7098
6577	4100
6577	8748
6577	8816
6577	5281
6577	5783
6578	5158
6578	4233
6578	8531
6578	7722
6578	2146
6578	944
6578	1503
6578	6279
6578	1906
6578	2666
6579	9906
6579	8492
6579	8536
6579	2986
6579	4449
6579	7410
6579	965
6579	2838
6579	1411
6579	785
6580	9152
6580	7091
6580	2768
6580	7392
6580	7035
6580	8161
6580	3928
6580	5587
6580	9546
6580	8166
6581	1177
6581	390
6581	9014
6581	6521
6581	2127
6581	4022
6581	9932
6581	9790
6581	6699
6581	7583
6582	3008
6582	9154
6582	2992
6582	6537
6582	8230
6582	4211
6582	9488
6582	8287
6582	549
6582	104
6583	7850
6583	7990
6583	5091
6583	8522
6583	6311
6583	3225
6583	9474
6583	8895
6583	5381
6583	7942
6584	2774
6584	4091
6584	2640
6584	4172
6584	9743
6584	5459
6584	6549
6584	1226
6584	7759
6584	6465
6585	4132
6585	9933
6585	887
6585	8191
6585	9348
6585	601
6585	7943
6585	9165
6585	1297
6585	5652
6586	2524
6586	1869
6586	9414
6586	8468
6586	7664
6586	9958
6586	8431
6586	6385
6586	4496
6586	7572
6587	3549
6587	9144
6587	2796
6587	3978
6587	7077
6587	4680
6587	3826
6587	8835
6587	4782
6587	527
6588	1953
6588	7716
6588	545
6588	1661
6588	7606
6588	9354
6588	7803
6588	1622
6588	4470
6588	7074
6589	3280
6589	154
6589	8569
6589	2407
6589	4046
6589	3742
6589	4718
6589	6172
6589	7368
6589	6658
6590	7944
6590	2089
6590	2591
6590	772
6590	503
6590	6643
6590	5497
6590	1959
6590	2942
6590	2977
6591	5978
6591	8556
6591	1583
6591	6983
6591	5851
6591	3733
6591	1627
6591	6498
6591	1202
6591	7072
6592	2685
6592	3096
6592	4131
6592	9899
6592	1439
6592	4836
6592	294
6592	7480
6592	5404
6592	2938
6593	6721
6593	6318
6593	1783
6593	8841
6593	7017
6593	7628
6593	4327
6593	8431
6593	3854
6593	8856
6594	5138
6594	3039
6594	603
6594	8096
6594	926
6594	7565
6594	9491
6594	6500
6594	4188
6594	1725
6595	8276
6595	263
6595	5429
6595	1944
6595	474
6595	8050
6595	5932
6595	8515
6595	1485
6595	3841
6596	1184
6596	6827
6596	8858
6596	444
6596	7190
6596	8324
6596	5345
6596	2171
6596	418
6596	2577
6597	2585
6597	4405
6597	527
6597	1375
6597	6979
6597	7577
6597	8922
6597	3077
6597	6293
6597	5311
6598	1900
6598	5090
6598	9516
6598	5468
6598	5007
6598	8659
6598	6195
6598	2171
6598	3892
6598	2858
6599	1672
6599	6229
6599	236
6599	6915
6599	4043
6599	9288
6599	215
6599	1371
6599	7959
6599	2635
6600	7616
6600	4550
6600	1350
6600	5813
6600	3871
6600	5416
6600	260
6600	2072
6600	8612
6600	9714
6601	4483
6601	785
6601	6163
6601	4186
6601	2583
6601	1554
6601	8440
6601	3663
6601	8413
6601	6617
6602	4561
6602	1116
6602	2520
6602	2508
6602	8643
6602	9903
6602	5899
6602	5296
6602	6255
6602	3946
6603	6981
6603	1114
6603	3187
6603	6522
6603	1812
6603	270
6603	2583
6603	5381
6603	4167
6603	4145
6604	7346
6604	3641
6604	9630
6604	3581
6604	5113
6604	971
6604	4104
6604	7382
6604	6087
6604	8577
6605	6452
6605	9343
6605	7586
6605	5322
6605	5617
6605	8572
6605	3308
6605	8963
6605	5643
6605	1873
6606	1381
6606	6693
6606	5501
6606	7755
6606	1552
6606	532
6606	4745
6606	78
6606	6993
6606	5184
6607	6367
6607	4610
6607	1423
6607	4064
6607	7666
6607	7303
6607	6168
6607	4580
6607	7633
6607	9382
6608	2049
6608	4317
6608	4445
6608	1787
6608	1865
6608	1240
6608	5145
6608	3693
6608	6529
6608	3415
6609	8207
6609	2664
6609	2390
6609	6692
6609	3529
6609	3188
6609	8098
6609	7420
6609	963
6609	4350
6610	5266
6610	1628
6610	1852
6610	7259
6610	9660
6610	4610
6610	2279
6610	9423
6610	6733
6610	3044
6611	4955
6611	6105
6611	7621
6611	9029
6611	5064
6611	2218
6611	5622
6611	3410
6611	7336
6611	785
6612	3582
6612	7289
6612	2413
6612	494
6612	7028
6612	1123
6612	5438
6612	4323
6612	6228
6612	191
6613	6487
6613	2622
6613	8520
6613	9861
6613	6669
6613	7335
6613	3004
6613	804
6613	7218
6613	4672
6614	229
6614	3968
6614	3587
6614	363
6614	6399
6614	1110
6614	7564
6614	7001
6614	7931
6614	3965
6615	9428
6615	2881
6615	51
6615	9791
6615	8688
6615	354
6615	45
6615	5970
6615	4983
6615	6739
6616	2391
6616	3106
6616	6243
6616	5561
6616	374
6616	7514
6616	4676
6616	3968
6616	16
6616	5486
6617	7292
6617	1054
6617	5905
6617	368
6617	4692
6617	9764
6617	1638
6617	5733
6617	7351
6617	1559
6618	9073
6618	9662
6618	2368
6618	4212
6618	9664
6618	8560
6618	249
6618	3845
6618	5033
6618	7393
6619	9429
6619	6204
6619	3233
6619	2090
6619	7646
6619	8948
6619	1014
6619	916
6619	120
6619	3022
6620	5016
6620	1164
6620	6656
6620	7114
6620	7405
6620	4465
6620	7822
6620	4521
6620	7953
6620	9648
6621	4072
6621	5814
6621	2172
6621	2603
6621	9377
6621	6277
6621	6173
6621	1573
6621	745
6621	7513
6622	5515
6622	984
6622	5343
6622	6984
6622	1596
6622	7490
6622	3816
6622	8451
6622	4235
6622	1483
6623	8977
6623	5104
6623	3887
6623	4390
6623	6996
6623	6901
6623	1831
6623	2704
6623	9664
6623	8572
6624	6809
6624	2069
6624	7171
6624	1897
6624	250
6624	1040
6624	551
6624	4544
6624	228
6624	8478
6625	5857
6625	6856
6625	5829
6625	8406
6625	5361
6625	8228
6625	1749
6625	370
6625	3841
6625	6279
6626	4384
6626	9924
6626	1956
6626	5116
6626	7226
6626	2707
6626	4962
6626	4625
6626	8741
6626	5308
6627	1063
6627	9839
6627	8959
6627	2710
6627	4238
6627	388
6627	1158
6627	6464
6627	8690
6627	5358
6628	8525
6628	5284
6628	2708
6628	9674
6628	2744
6628	1906
6628	3826
6628	7358
6628	6953
6628	5387
6629	9071
6629	389
6629	9963
6629	4764
6629	1579
6629	9181
6629	5396
6629	3103
6629	3578
6629	7531
6630	8271
6630	6718
6630	1639
6630	5276
6630	7651
6630	5233
6630	2336
6630	8221
6630	4156
6630	1958
6631	7390
6631	3420
6631	938
6631	2350
6631	8637
6631	9015
6631	8554
6631	1908
6631	988
6631	2872
6632	9505
6632	757
6632	5372
6632	9943
6632	7164
6632	5824
6632	1541
6632	9303
6632	794
6632	4276
6633	7735
6633	8855
6633	6820
6633	2944
6633	9940
6633	1593
6633	3498
6633	6131
6633	3992
6633	4400
6634	1283
6634	3920
6634	3735
6634	9556
6634	7896
6634	2971
6634	6379
6634	3524
6634	1921
6634	4144
6635	484
6635	3863
6635	2235
6635	5720
6635	3341
6635	6676
6635	7590
6635	5385
6635	4789
6635	5684
6636	3449
6636	490
6636	1955
6636	9568
6636	1986
6636	3511
6636	117
6636	1634
6636	6748
6636	9946
6637	8919
6637	4598
6637	9717
6637	9613
6637	65
6637	8964
6637	1269
6637	2418
6637	2104
6637	7624
6638	5322
6638	8252
6638	5378
6638	4906
6638	6681
6638	4411
6638	6201
6638	7214
6638	4506
6638	2116
6639	5383
6639	8361
6639	2862
6639	5884
6639	297
6639	4469
6639	5536
6639	7007
6639	9830
6639	917
6640	6559
6640	5174
6640	150
6640	8406
6640	1782
6640	8070
6640	8570
6640	6748
6640	67
6640	6665
6641	567
6641	1501
6641	7819
6641	6340
6641	7726
6641	4514
6641	992
6641	1452
6641	5456
6641	7430
6642	4983
6642	2390
6642	1005
6642	35
6642	3326
6642	199
6642	5133
6642	7397
6642	9900
6642	9446
6643	8983
6643	577
6643	9119
6643	2682
6643	7596
6643	3961
6643	6311
6643	6690
6643	388
6643	3683
6644	7177
6644	6194
6644	8708
6644	9459
6644	5666
6644	2028
6644	8986
6644	5180
6644	4530
6644	3568
6645	5705
6645	1005
6645	4450
6645	4474
6645	3083
6645	8121
6645	580
6645	9095
6645	8086
6645	8965
6646	170
6646	3304
6646	8177
6646	3605
6646	1506
6646	9653
6646	2197
6646	8116
6646	4281
6646	5488
6647	9100
6647	831
6647	1148
6647	8921
6647	8997
6647	2998
6647	1118
6647	7715
6647	4184
6647	9131
6648	8461
6648	4785
6648	7244
6648	9640
6648	6996
6648	2303
6648	5580
6648	9945
6648	4320
6648	8799
6649	2605
6649	121
6649	3658
6649	469
6649	4285
6649	5283
6649	4963
6649	8997
6649	2808
6649	1228
6650	3278
6650	5589
6650	7735
6650	9477
6650	473
6650	8693
6650	7779
6650	2678
6650	7298
6650	2115
6651	6006
6651	3528
6651	2748
6651	8891
6651	1488
6651	1226
6651	2562
6651	2626
6651	1358
6651	1487
6652	5258
6652	9779
6652	539
6652	9531
6652	4409
6652	3804
6652	9194
6652	6401
6652	6761
6652	167
6653	2616
6653	8557
6653	1015
6653	5737
6653	5762
6653	1639
6653	1203
6653	2632
6653	65
6653	7704
6654	9655
6654	6862
6654	5976
6654	3766
6654	4047
6654	8234
6654	9661
6654	3777
6654	9288
6654	8292
6655	6951
6655	2813
6655	1610
6655	260
6655	2079
6655	7993
6655	5314
6655	590
6655	725
6655	310
6656	6137
6656	8549
6656	7169
6656	1671
6656	8689
6656	9576
6656	222
6656	9164
6656	3549
6656	1261
6657	9516
6657	2533
6657	3160
6657	8857
6657	2604
6657	7760
6657	7475
6657	7195
6657	6989
6657	459
6658	8170
6658	8210
6658	532
6658	7847
6658	8015
6658	8509
6658	1589
6658	6830
6658	6520
6658	489
6659	2719
6659	5373
6659	3113
6659	7530
6659	559
6659	6331
6659	5079
6659	3262
6659	4833
6659	4210
6660	259
6660	3535
6660	7087
6660	797
6660	4332
6660	4365
6660	4036
6660	2829
6660	7292
6660	3048
6661	6469
6661	4714
6661	1334
6661	9573
6661	3639
6661	4175
6661	4486
6661	7823
6661	5994
6661	7507
6662	1086
6662	6539
6662	7808
6662	8530
6662	2818
6662	1451
6662	9611
6662	1840
6662	4551
6662	7203
6663	4980
6663	4061
6663	8344
6663	4456
6663	1495
6663	8538
6663	2897
6663	2542
6663	1199
6663	2814
6664	1861
6664	5611
6664	1173
6664	6238
6664	1675
6664	8971
6664	7102
6664	4259
6664	9699
6664	3230
6665	9352
6665	2168
6665	6112
6665	1653
6665	8351
6665	9746
6665	7539
6665	2926
6665	9777
6665	9615
6666	689
6666	812
6666	1412
6666	7912
6666	3185
6666	7097
6666	4413
6666	9457
6666	4018
6666	3283
6667	2790
6667	2352
6667	9939
6667	7501
6667	4477
6667	6589
6667	4920
6667	9232
6667	5596
6667	4447
6668	1996
6668	3618
6668	2316
6668	9031
6668	9474
6668	6205
6668	6831
6668	2595
6668	1232
6668	2388
6669	9124
6669	8009
6669	1731
6669	267
6669	1229
6669	3375
6669	1190
6669	7125
6669	8578
6669	7780
6670	9578
6670	1673
6670	49
6670	6405
6670	7019
6670	7947
6670	1098
6670	9514
6670	9670
6670	7719
6671	2584
6671	1767
6671	2476
6671	6523
6671	5962
6671	6558
6671	4580
6671	3809
6671	8896
6671	3199
6672	7513
6672	7807
6672	6344
6672	5011
6672	862
6672	2311
6672	8796
6672	189
6672	2118
6672	8282
6673	8674
6673	1004
6673	7004
6673	9595
6673	1958
6673	1068
6673	4117
6673	9276
6673	630
6673	4193
6674	7702
6674	9138
6674	9265
6674	3587
6674	9097
6674	7576
6674	5848
6674	8794
6674	6364
6674	6937
6675	1243
6675	4606
6675	669
6675	2397
6675	3253
6675	2788
6675	3511
6675	8073
6675	149
6675	3852
6676	1954
6676	2814
6676	2848
6676	7941
6676	7320
6676	3072
6676	8940
6676	3561
6676	7470
6676	8979
6677	5023
6677	6088
6677	4169
6677	6566
6677	4327
6677	7314
6677	1152
6677	3896
6677	8759
6677	4609
6678	4879
6678	5571
6678	5660
6678	9890
6678	796
6678	3222
6678	8167
6678	5187
6678	1024
6678	3223
6679	2949
6679	4208
6679	5751
6679	4383
6679	245
6679	8857
6679	9578
6679	8787
6679	8397
6679	7466
6680	5491
6680	8435
6680	8234
6680	5025
6680	8887
6680	4891
6680	9006
6680	3236
6680	178
6680	525
6681	7299
6681	9570
6681	5531
6681	5869
6681	4509
6681	8580
6681	6047
6681	260
6681	2265
6681	5362
6682	7641
6682	64
6682	7611
6682	1271
6682	4162
6682	9103
6682	2520
6682	1811
6682	6810
6682	5144
6683	2570
6683	3533
6683	1281
6683	151
6683	8800
6683	1591
6683	1949
6683	6875
6683	2761
6683	700
6684	9115
6684	7687
6684	2312
6684	2099
6684	6453
6684	6759
6684	5439
6684	2801
6684	2503
6684	5919
6685	4591
6685	5155
6685	323
6685	282
6685	954
6685	5380
6685	5347
6685	4729
6685	4050
6685	9781
6686	9157
6686	9701
6686	5550
6686	2164
6686	7936
6686	1881
6686	2672
6686	6998
6686	8766
6686	3833
6687	1727
6687	9786
6687	1731
6687	2900
6687	1024
6687	5649
6687	4974
6687	1639
6687	7096
6687	3975
6688	5293
6688	4983
6688	1047
6688	4558
6688	8072
6688	3948
6688	9450
6688	9517
6688	1586
6688	9807
6689	32
6689	7720
6689	333
6689	3500
6689	7997
6689	3463
6689	8387
6689	985
6689	4430
6689	2595
6690	7067
6690	8179
6690	6021
6690	7390
6690	4813
6690	723
6690	1949
6690	9952
6690	3816
6690	255
6691	3822
6691	193
6691	4255
6691	8188
6691	1952
6691	5005
6691	3938
6691	4653
6691	4075
6691	2453
6692	3145
6692	5279
6692	7596
6692	3396
6692	8193
6692	4906
6692	7050
6692	2233
6692	4972
6692	6979
6693	6426
6693	6921
6693	8358
6693	4166
6693	2547
6693	3968
6693	7814
6693	536
6693	8816
6693	7621
6694	7073
6694	3397
6694	555
6694	6558
6694	2978
6694	7044
6694	757
6694	2718
6694	5454
6694	3487
6695	4097
6695	7408
6695	8063
6695	5295
6695	1450
6695	2240
6695	43
6695	8418
6695	5281
6695	3148
6696	813
6696	410
6696	6797
6696	5863
6696	7541
6696	2452
6696	3696
6696	6077
6696	628
6696	2902
6697	1425
6697	3563
6697	3773
6697	5191
6697	2903
6697	1837
6697	5614
6697	4336
6697	8897
6697	2481
6698	1135
6698	9588
6698	2379
6698	92
6698	2003
6698	6103
6698	4441
6698	5608
6698	1904
6698	672
6699	3243
6699	8732
6699	7715
6699	5359
6699	9025
6699	8258
6699	4273
6699	5907
6699	8296
6699	556
6700	7241
6700	8507
6700	2712
6700	6142
6700	223
6700	595
6700	3542
6700	5451
6700	2899
6700	7138
6701	6475
6701	1744
6701	957
6701	7233
6701	2531
6701	2125
6701	9113
6701	1903
6701	2572
6701	4898
6702	8348
6702	9158
6702	6811
6702	1974
6702	8335
6702	7681
6702	4206
6702	5766
6702	1160
6702	2373
6703	5770
6703	4866
6703	2595
6703	310
6703	3167
6703	6204
6703	4526
6703	8604
6703	3857
6703	7417
6704	7835
6704	7012
6704	5662
6704	7264
6704	7361
6704	6603
6704	696
6704	5612
6704	5755
6704	4998
6705	8873
6705	9589
6705	7514
6705	947
6705	999
6705	2285
6705	6163
6705	6486
6705	8691
6705	6794
6706	8804
6706	5574
6706	3809
6706	6361
6706	5556
6706	9439
6706	4805
6706	7238
6706	4234
6706	576
6707	2472
6707	2040
6707	8523
6707	2599
6707	8787
6707	4502
6707	766
6707	1880
6707	1814
6707	4295
6708	6343
6708	108
6708	5367
6708	1181
6708	2361
6708	6345
6708	2386
6708	145
6708	6666
6708	1200
6709	1964
6709	1355
6709	9109
6709	8104
6709	9638
6709	6661
6709	5545
6709	8017
6709	6944
6709	3556
6710	2959
6710	2911
6710	8035
6710	1996
6710	251
6710	2574
6710	9722
6710	6357
6710	8938
6710	9448
6711	3626
6711	6729
6711	5571
6711	7618
6711	326
6711	9963
6711	3990
6711	6647
6711	1836
6711	6652
6712	3206
6712	6634
6712	4149
6712	3388
6712	5851
6712	7856
6712	6896
6712	8709
6712	5619
6712	9023
6713	922
6713	131
6713	9210
6713	5053
6713	2019
6713	611
6713	667
6713	6336
6713	5448
6713	9392
6714	7349
6714	1193
6714	3718
6714	5617
6714	4150
6714	8288
6714	5400
6714	6443
6714	1357
6714	3152
6715	7973
6715	1897
6715	441
6715	7858
6715	3533
6715	4146
6715	4310
6715	501
6715	4279
6715	590
6716	329
6716	267
6716	2250
6716	7644
6716	2428
6716	792
6716	7165
6716	2224
6716	3625
6716	5275
6717	3609
6717	1643
6717	7728
6717	3290
6717	4221
6717	1370
6717	6911
6717	7097
6717	9227
6717	5081
6718	8855
6718	737
6718	2368
6718	4463
6718	9117
6718	6545
6718	9467
6718	7583
6718	6745
6718	3631
6719	4354
6719	7052
6719	3966
6719	5595
6719	2300
6719	4272
6719	1555
6719	6074
6719	1781
6719	5481
6720	8863
6720	2613
6720	5456
6720	1470
6720	9607
6720	8669
6720	466
6720	7852
6720	1701
6720	4398
6721	5287
6721	4775
6721	3635
6721	3010
6721	3574
6721	5981
6721	5201
6721	3218
6721	6020
6721	8458
6722	5258
6722	5122
6722	9053
6722	1822
6722	4707
6722	5924
6722	805
6722	6970
6722	3695
6722	7181
6723	8480
6723	3610
6723	7281
6723	219
6723	7438
6723	7952
6723	9155
6723	5160
6723	1356
6723	6092
6724	8566
6724	1352
6724	5332
6724	2663
6724	866
6724	4316
6724	3680
6724	130
6724	5925
6724	9498
6725	8458
6725	3557
6725	3732
6725	1178
6725	5377
6725	516
6725	3043
6725	8199
6725	397
6725	3480
6726	636
6726	4104
6726	842
6726	684
6726	4876
6726	8706
6726	4094
6726	7184
6726	5538
6726	4256
6727	8378
6727	3363
6727	667
6727	8627
6727	7014
6727	5436
6727	763
6727	5960
6727	8373
6727	8444
6728	578
6728	452
6728	2273
6728	5077
6728	1535
6728	174
6728	2243
6728	9166
6728	329
6728	2153
6729	4209
6729	7254
6729	255
6729	6967
6729	6722
6729	3993
6729	6208
6729	3914
6729	8622
6729	6861
6730	2802
6730	1572
6730	4004
6730	3250
6730	2932
6730	2298
6730	2669
6730	7587
6730	4818
6730	192
6731	1281
6731	8318
6731	2796
6731	5647
6731	3985
6731	7112
6731	496
6731	8470
6731	6067
6731	1347
6732	3697
6732	8291
6732	4014
6732	394
6732	3752
6732	8783
6732	9201
6732	5856
6732	8686
6732	9183
6733	4457
6733	5110
6733	7601
6733	5085
6733	573
6733	8905
6733	7310
6733	7473
6733	7078
6733	1241
6734	8392
6734	2613
6734	3503
6734	8852
6734	1471
6734	9318
6734	5415
6734	357
6734	7118
6734	7343
6735	7885
6735	4107
6735	7093
6735	5925
6735	201
6735	4785
6735	6775
6735	2485
6735	8244
6735	8842
6736	849
6736	6725
6736	4550
6736	7642
6736	6177
6736	9309
6736	5022
6736	5119
6736	8717
6736	8161
6737	7825
6737	8977
6737	9108
6737	8257
6737	1509
6737	8324
6737	954
6737	4153
6737	9651
6737	3920
6738	5112
6738	4396
6738	9082
6738	9890
6738	4792
6738	6219
6738	7738
6738	2559
6738	399
6738	318
6739	4859
6739	2768
6739	3768
6739	4148
6739	6908
6739	0
6739	2132
6739	2065
6739	1086
6739	522
6740	7608
6740	3685
6740	7088
6740	3239
6740	612
6740	4600
6740	6846
6740	3281
6740	1109
6740	7791
6741	7385
6741	816
6741	7315
6741	1022
6741	2841
6741	1578
6741	2653
6741	949
6741	1884
6741	6355
6742	1696
6742	8049
6742	9269
6742	9436
6742	8757
6742	5775
6742	4820
6742	9378
6742	921
6742	4814
6743	8708
6743	4883
6743	1108
6743	4020
6743	1203
6743	513
6743	832
6743	9720
6743	3065
6743	2176
6744	7042
6744	2535
6744	7155
6744	304
6744	5319
6744	9155
6744	5165
6744	3453
6744	6234
6744	4142
6745	9383
6745	5147
6745	3265
6745	6257
6745	5598
6745	6862
6745	1389
6745	6062
6745	1594
6745	5086
6746	8874
6746	9030
6746	6025
6746	9173
6746	8059
6746	9401
6746	1476
6746	5405
6746	1997
6746	1657
6747	3578
6747	3849
6747	7679
6747	9638
6747	8262
6747	7560
6747	9923
6747	3215
6747	730
6747	9604
6748	8225
6748	3799
6748	8692
6748	5708
6748	7775
6748	2836
6748	1568
6748	1774
6748	1851
6748	6748
6749	4776
6749	624
6749	1314
6749	930
6749	3364
6749	5307
6749	5051
6749	7409
6749	3871
6749	8038
6750	7496
6750	7889
6750	5636
6750	6734
6750	4835
6750	5140
6750	1752
6750	5374
6750	1077
6750	1417
6751	3990
6751	4121
6751	585
6751	2454
6751	3739
6751	5850
6751	3249
6751	2583
6751	4222
6751	4279
6752	874
6752	6122
6752	1074
6752	5394
6752	9083
6752	5377
6752	3977
6752	1695
6752	4582
6752	1336
6753	231
6753	5198
6753	1576
6753	7560
6753	6304
6753	5774
6753	9852
6753	1912
6753	8117
6753	1070
6754	9337
6754	7022
6754	5245
6754	8202
6754	198
6754	4966
6754	1604
6754	8309
6754	2470
6754	1959
6755	9300
6755	4989
6755	644
6755	9599
6755	6109
6755	1206
6755	1467
6755	5024
6755	3590
6755	4630
6756	7983
6756	1654
6756	8032
6756	1192
6756	670
6756	1642
6756	4686
6756	5474
6756	1716
6756	2001
6757	3626
6757	3193
6757	6383
6757	9278
6757	3345
6757	4074
6757	41
6757	9135
6757	5989
6757	9136
6758	3370
6758	4376
6758	8622
6758	8488
6758	1332
6758	6332
6758	1231
6758	3018
6758	2666
6758	1517
6759	1841
6759	2952
6759	162
6759	9586
6759	703
6759	4830
6759	3006
6759	519
6759	2618
6759	3407
6760	803
6760	5677
6760	8421
6760	7063
6760	5302
6760	4540
6760	963
6760	4726
6760	4425
6760	5430
6761	2005
6761	5713
6761	5855
6761	7264
6761	6321
6761	4062
6761	3468
6761	1274
6761	3695
6761	2624
6762	6761
6762	4185
6762	8722
6762	7502
6762	7750
6762	3008
6762	7317
6762	1094
6762	8623
6762	7683
6763	2718
6763	8773
6763	3787
6763	1618
6763	9727
6763	1065
6763	1646
6763	6216
6763	4942
6763	4160
6764	48
6764	7476
6764	7093
6764	2188
6764	2513
6764	2106
6764	3774
6764	8294
6764	2732
6764	5396
6765	4012
6765	3232
6765	3149
6765	6975
6765	8732
6765	2890
6765	3241
6765	1816
6765	1157
6765	3110
6766	4911
6766	6147
6766	8442
6766	8406
6766	1623
6766	5022
6766	315
6766	1028
6766	7465
6766	5308
6767	1279
6767	2243
6767	8456
6767	2637
6767	6483
6767	1177
6767	71
6767	137
6767	779
6767	2635
6768	6451
6768	6006
6768	5577
6768	7355
6768	125
6768	5306
6768	4910
6768	5176
6768	1711
6768	7665
6769	6748
6769	4388
6769	2782
6769	142
6769	2888
6769	7305
6769	4366
6769	7288
6769	1343
6769	1434
6770	5137
6770	6152
6770	2522
6770	7353
6770	7568
6770	4114
6770	3312
6770	4315
6770	530
6770	3254
6771	8489
6771	5572
6771	204
6771	1753
6771	53
6771	3115
6771	6807
6771	3997
6771	6212
6771	1207
6772	6926
6772	5030
6772	2791
6772	7661
6772	495
6772	8991
6772	184
6772	4305
6772	2685
6772	1305
6773	5384
6773	8
6773	5845
6773	1206
6773	1675
6773	1992
6773	2263
6773	3648
6773	9457
6773	3987
6774	5567
6774	9501
6774	3323
6774	4950
6774	8764
6774	8351
6774	9108
6774	5515
6774	9057
6774	6473
6775	5346
6775	9469
6775	3106
6775	3234
6775	7240
6775	1599
6775	4481
6775	8368
6775	7915
6775	943
6776	6191
6776	2891
6776	9106
6776	9496
6776	6310
6776	5638
6776	7500
6776	3303
6776	9340
6776	9568
6777	2078
6777	4733
6777	4147
6777	6787
6777	4446
6777	4718
6777	8237
6777	2590
6777	7530
6777	9423
6778	9846
6778	4787
6778	8157
6778	3285
6778	9139
6778	3265
6778	1920
6778	6335
6778	6155
6778	1984
6779	6464
6779	4892
6779	5151
6779	9135
6779	2378
6779	9920
6779	1696
6779	1078
6779	3941
6779	3772
6780	9305
6780	6815
6780	5670
6780	2862
6780	5355
6780	1496
6780	9849
6780	7801
6780	6226
6780	1931
6781	9600
6781	6919
6781	3134
6781	8118
6781	4151
6781	4746
6781	462
6781	4191
6781	5805
6781	2248
6782	1236
6782	4548
6782	2593
6782	8570
6782	2308
6782	1882
6782	3315
6782	4279
6782	1544
6782	2538
6783	6965
6783	1607
6783	6565
6783	6475
6783	9776
6783	8185
6783	9258
6783	1149
6783	1458
6783	6697
6784	8964
6784	1104
6784	6490
6784	9984
6784	6923
6784	1246
6784	9775
6784	3649
6784	4966
6784	5076
6785	3144
6785	3487
6785	8947
6785	5177
6785	4155
6785	937
6785	8196
6785	8251
6785	3875
6785	4232
6786	4627
6786	1668
6786	5661
6786	2904
6786	4987
6786	6635
6786	5332
6786	4745
6786	8910
6786	8471
6787	1299
6787	6025
6787	9115
6787	7080
6787	1761
6787	465
6787	3961
6787	848
6787	3462
6787	5678
6788	576
6788	7806
6788	8153
6788	1675
6788	3990
6788	1008
6788	3675
6788	9138
6788	3045
6788	4945
6789	3083
6789	84
6789	3087
6789	6858
6789	744
6789	5645
6789	7696
6789	4990
6789	8100
6789	624
6790	7920
6790	1460
6790	7799
6790	2930
6790	9785
6790	8813
6790	9839
6790	4952
6790	5693
6790	142
6791	7116
6791	4676
6791	7126
6791	8227
6791	9331
6791	9715
6791	8257
6791	3186
6791	7823
6791	4836
6792	6036
6792	9222
6792	343
6792	5912
6792	8018
6792	124
6792	15
6792	6776
6792	1119
6792	6370
6793	7921
6793	510
6793	8261
6793	9149
6793	2117
6793	2311
6793	4112
6793	1168
6793	4907
6793	6707
6794	5224
6794	8215
6794	5610
6794	9537
6794	8189
6794	31
6794	9823
6794	8315
6794	3398
6794	1891
6795	9103
6795	8382
6795	8838
6795	1035
6795	8793
6795	2010
6795	1855
6795	3509
6795	8206
6795	2545
6796	1269
6796	2484
6796	2236
6796	5363
6796	6924
6796	1991
6796	1717
6796	4766
6796	6610
6796	5974
6797	9667
6797	5955
6797	1404
6797	821
6797	9999
6797	4617
6797	4700
6797	4986
6797	2229
6797	7910
6798	5985
6798	9189
6798	7212
6798	5445
6798	5108
6798	7367
6798	95
6798	8652
6798	4018
6798	9433
6799	9665
6799	8997
6799	9165
6799	3702
6799	5822
6799	9022
6799	2152
6799	1542
6799	9982
6799	6487
6800	3934
6800	1728
6800	1837
6800	6308
6800	9981
6800	4941
6800	9727
6800	1223
6800	3875
6800	4319
6801	1950
6801	94
6801	7229
6801	644
6801	263
6801	2354
6801	9267
6801	6506
6801	4684
6801	7496
6802	1395
6802	9207
6802	5396
6802	6776
6802	8653
6802	2532
6802	7324
6802	9530
6802	4448
6802	5991
6803	9351
6803	1763
6803	2995
6803	4717
6803	9788
6803	230
6803	7927
6803	5680
6803	5593
6803	5427
6804	7776
6804	487
6804	5078
6804	5663
6804	7449
6804	1068
6804	3281
6804	8695
6804	6365
6804	980
6805	6131
6805	7151
6805	7717
6805	9988
6805	1831
6805	2683
6805	569
6805	5934
6805	6855
6805	225
6806	1538
6806	679
6806	2243
6806	8474
6806	814
6806	2988
6806	1942
6806	1800
6806	6971
6806	3939
6807	3604
6807	1899
6807	3846
6807	627
6807	8432
6807	4313
6807	5368
6807	9923
6807	5137
6807	2185
6808	5198
6808	8628
6808	6222
6808	3978
6808	3122
6808	7481
6808	2642
6808	5109
6808	6394
6808	1681
6809	9381
6809	1890
6809	2722
6809	1500
6809	7406
6809	9298
6809	7938
6809	3216
6809	6696
6809	2140
6810	9884
6810	810
6810	2020
6810	529
6810	3294
6810	6482
6810	7498
6810	2086
6810	2666
6810	7257
6811	5873
6811	6497
6811	6388
6811	4420
6811	2524
6811	9309
6811	5382
6811	1086
6811	1260
6811	6222
6812	3794
6812	7206
6812	8382
6812	424
6812	8187
6812	598
6812	335
6812	442
6812	3784
6812	2364
6813	7594
6813	9082
6813	9102
6813	883
6813	9175
6813	841
6813	8833
6813	9747
6813	1881
6813	2776
6814	1086
6814	3873
6814	2086
6814	871
6814	0
6814	938
6814	9190
6814	9558
6814	5258
6814	4667
6815	2754
6815	1345
6815	5745
6815	4792
6815	1370
6815	237
6815	4178
6815	7620
6815	8492
6815	4232
6816	4062
6816	5028
6816	9512
6816	1554
6816	8457
6816	5602
6816	9542
6816	1151
6816	8622
6816	4175
6817	9196
6817	4128
6817	5309
6817	9425
6817	5231
6817	438
6817	3163
6817	9528
6817	6109
6817	9457
6818	1075
6818	2635
6818	3367
6818	6037
6818	8708
6818	3077
6818	776
6818	1829
6818	8648
6818	1598
6819	2959
6819	8666
6819	3543
6819	8779
6819	7092
6819	1931
6819	8007
6819	8394
6819	6376
6819	6994
6820	9504
6820	4315
6820	2929
6820	7260
6820	8623
6820	8814
6820	3754
6820	1304
6820	369
6820	5569
6821	5473
6821	672
6821	1117
6821	9184
6821	9912
6821	3232
6821	9540
6821	41
6821	4478
6821	47
6822	3570
6822	2092
6822	9533
6822	2541
6822	8524
6822	2740
6822	9255
6822	5888
6822	63
6822	2990
6823	1893
6823	2326
6823	4326
6823	5702
6823	8380
6823	3308
6823	6592
6823	120
6823	6670
6823	1879
6824	4696
6824	1985
6824	1861
6824	7680
6824	8823
6824	258
6824	9608
6824	1361
6824	7870
6824	4975
6825	7627
6825	5110
6825	9721
6825	8919
6825	6496
6825	6036
6825	2792
6825	3522
6825	1905
6825	1631
6826	5867
6826	6118
6826	5686
6826	904
6826	7985
6826	2833
6826	3291
6826	93
6826	6929
6826	4357
6827	7437
6827	5826
6827	341
6827	929
6827	8591
6827	8320
6827	7626
6827	3708
6827	2200
6827	941
6828	4972
6828	68
6828	5286
6828	1916
6828	883
6828	2042
6828	358
6828	1424
6828	2554
6828	6656
6829	1481
6829	9806
6829	2274
6829	3732
6829	7063
6829	1723
6829	5914
6829	5578
6829	7875
6829	33
6830	2417
6830	3507
6830	7101
6830	2914
6830	9240
6830	59
6830	6087
6830	9542
6830	9432
6830	783
6831	3098
6831	5764
6831	6972
6831	5262
6831	9898
6831	6579
6831	3106
6831	1681
6831	6122
6831	7610
6832	1859
6832	3350
6832	3436
6832	299
6832	2413
6832	1865
6832	2372
6832	3417
6832	6369
6832	4053
6833	7524
6833	3159
6833	5594
6833	8597
6833	3928
6833	2977
6833	4428
6833	1130
6833	4718
6833	9226
6834	4046
6834	5898
6834	8734
6834	8423
6834	7581
6834	3142
6834	3844
6834	2052
6834	4329
6834	78
6835	3038
6835	5732
6835	2706
6835	96
6835	611
6835	927
6835	3168
6835	5730
6835	6954
6835	7058
6836	2001
6836	1354
6836	9541
6836	6467
6836	4965
6836	97
6836	4429
6836	2766
6836	7322
6836	9687
6837	2610
6837	2430
6837	7529
6837	570
6837	2427
6837	6867
6837	3256
6837	2747
6837	5021
6837	7688
6838	6752
6838	9434
6838	5452
6838	7695
6838	4512
6838	4924
6838	7469
6838	1754
6838	3898
6838	5019
6839	4681
6839	5234
6839	5547
6839	6113
6839	9428
6839	4846
6839	8234
6839	4957
6839	2697
6839	1871
6840	3823
6840	3819
6840	7117
6840	5870
6840	747
6840	680
6840	313
6840	8013
6840	5146
6840	45
6841	64
6841	1290
6841	6246
6841	9674
6841	671
6841	2825
6841	2291
6841	6373
6841	8677
6841	6219
6842	6441
6842	198
6842	3439
6842	3394
6842	6599
6842	6667
6842	4952
6842	4154
6842	6936
6842	8909
6843	1244
6843	5863
6843	8246
6843	6130
6843	7200
6843	401
6843	4650
6843	7949
6843	7026
6843	8306
6844	7657
6844	7432
6844	4962
6844	1183
6844	843
6844	1527
6844	6908
6844	419
6844	7102
6844	7100
6845	6257
6845	9873
6845	7625
6845	3988
6845	4484
6845	6420
6845	466
6845	2177
6845	7514
6845	529
6846	7064
6846	8530
6846	7966
6846	6774
6846	6976
6846	8177
6846	3102
6846	2588
6846	5754
6846	5215
6847	6150
6847	9789
6847	7333
6847	1012
6847	7345
6847	7187
6847	7952
6847	2269
6847	5206
6847	8310
6848	3871
6848	9130
6848	8008
6848	2464
6848	9876
6848	5543
6848	1958
6848	7525
6848	816
6848	2371
6849	9214
6849	3548
6849	9401
6849	8055
6849	3982
6849	6397
6849	1869
6849	2310
6849	5294
6849	9760
6850	1571
6850	8500
6850	9227
6850	3075
6850	1113
6850	1951
6850	6003
6850	6146
6850	9584
6850	7890
6851	6534
6851	9144
6851	2041
6851	4737
6851	1986
6851	8076
6851	9163
6851	2219
6851	7571
6851	6349
6852	7818
6852	1974
6852	279
6852	7689
6852	4623
6852	8243
6852	261
6852	1243
6852	4765
6852	3842
6853	1808
6853	3180
6853	909
6853	935
6853	4573
6853	8429
6853	2070
6853	3872
6853	3764
6853	1622
6854	4446
6854	8991
6854	1838
6854	7100
6854	9558
6854	2283
6854	7019
6854	9268
6854	4713
6854	4956
6855	7400
6855	5413
6855	655
6855	5211
6855	6049
6855	3622
6855	2276
6855	6594
6855	2497
6855	8565
6856	7322
6856	8496
6856	3963
6856	3455
6856	4516
6856	4409
6856	8348
6856	2802
6856	2729
6856	344
6857	6548
6857	1202
6857	2416
6857	89
6857	7824
6857	3932
6857	5282
6857	8773
6857	13
6857	2653
6858	9031
6858	5474
6858	1397
6858	2906
6858	7913
6858	8553
6858	854
6858	5306
6858	5782
6858	5002
6859	7425
6859	4856
6859	7926
6859	1556
6859	137
6859	5456
6859	3742
6859	4377
6859	3591
6859	1136
6860	4144
6860	5271
6860	395
6860	5033
6860	1242
6860	4803
6860	7506
6860	7199
6860	6300
6860	9887
6861	6137
6861	7831
6861	7037
6861	7024
6861	2946
6861	5357
6861	1728
6861	813
6861	4152
6861	3113
6862	1315
6862	9596
6862	4880
6862	2159
6862	6623
6862	791
6862	3626
6862	3151
6862	1886
6862	6221
6863	8071
6863	9000
6863	4102
6863	8859
6863	5576
6863	2065
6863	3122
6863	2000
6863	5621
6863	5828
6864	4285
6864	9264
6864	6510
6864	6191
6864	3863
6864	5030
6864	525
6864	2696
6864	113
6864	8910
6865	1752
6865	580
6865	6914
6865	5418
6865	1241
6865	3282
6865	8762
6865	2490
6865	5609
6865	2285
6866	8127
6866	8870
6866	8462
6866	9505
6866	58
6866	9832
6866	1306
6866	4374
6866	8345
6866	7646
6867	1443
6867	9954
6867	6227
6867	2162
6867	3118
6867	1857
6867	3868
6867	9540
6867	3941
6867	3056
6868	7504
6868	6055
6868	456
6868	3893
6868	7960
6868	3119
6868	7551
6868	9050
6868	9697
6868	8688
6869	3268
6869	5862
6869	9900
6869	561
6869	7389
6869	1178
6869	143
6869	1496
6869	3939
6869	9745
6870	9712
6870	4040
6870	1925
6870	5798
6870	2911
6870	3273
6870	9514
6870	2433
6870	8147
6870	8713
6871	4304
6871	6523
6871	7490
6871	5287
6871	4276
6871	165
6871	2550
6871	9515
6871	5815
6871	7525
6872	14
6872	7039
6872	1057
6872	7055
6872	1678
6872	7491
6872	2222
6872	7042
6872	530
6872	3108
6873	5390
6873	2025
6873	6879
6873	9705
6873	4759
6873	2773
6873	7383
6873	9427
6873	8934
6873	8339
6874	9584
6874	8022
6874	4445
6874	2052
6874	3931
6874	4729
6874	9866
6874	7948
6874	3617
6874	8810
6875	934
6875	6195
6875	9702
6875	7862
6875	6064
6875	5986
6875	4503
6875	822
6875	648
6875	4102
6876	808
6876	9578
6876	3462
6876	6788
6876	3133
6876	4834
6876	2470
6876	6790
6876	5134
6876	5553
6877	9996
6877	7163
6877	931
6877	1678
6877	6550
6877	140
6877	5283
6877	5717
6877	3093
6877	6302
6878	1928
6878	5322
6878	1288
6878	6679
6878	4366
6878	5331
6878	245
6878	2528
6878	6847
6878	290
6879	1031
6879	9124
6879	6012
6879	5785
6879	9386
6879	5375
6879	9228
6879	646
6879	6611
6879	2435
6880	5486
6880	1879
6880	66
6880	918
6880	4440
6880	9501
6880	9715
6880	614
6880	1362
6880	7763
6881	2727
6881	9234
6881	9956
6881	385
6881	2319
6881	703
6881	8686
6881	8874
6881	3446
6881	9413
6882	7018
6882	6203
6882	6208
6882	2551
6882	5868
6882	7775
6882	5283
6882	4025
6882	7962
6882	6592
6883	8629
6883	7786
6883	7713
6883	6149
6883	6570
6883	7785
6883	9433
6883	8490
6883	2006
6883	3392
6884	124
6884	8195
6884	9338
6884	4650
6884	753
6884	7229
6884	6941
6884	2129
6884	9238
6884	4004
6885	4821
6885	998
6885	8810
6885	9032
6885	8747
6885	1211
6885	5962
6885	5341
6885	5320
6885	1898
6886	2814
6886	238
6886	7641
6886	1907
6886	3988
6886	5884
6886	8436
6886	5617
6886	4831
6886	9854
6887	5177
6887	5350
6887	2548
6887	1610
6887	9379
6887	6207
6887	5553
6887	1656
6887	2989
6887	2544
6888	7798
6888	4439
6888	2269
6888	2013
6888	5108
6888	1072
6888	8308
6888	3830
6888	4286
6888	2919
6889	8025
6889	6654
6889	5539
6889	632
6889	9765
6889	8323
6889	4011
6889	5924
6889	1314
6889	7020
6890	141
6890	2391
6890	9670
6890	5610
6890	2188
6890	8349
6890	9637
6890	2191
6890	7865
6890	3542
6891	687
6891	1814
6891	8183
6891	2906
6891	2406
6891	9655
6891	1100
6891	5794
6891	8558
6891	7991
6892	8625
6892	8483
6892	3828
6892	9717
6892	8326
6892	9883
6892	1653
6892	1678
6892	5671
6892	883
6893	6179
6893	6627
6893	5957
6893	4256
6893	1253
6893	4746
6893	8772
6893	9042
6893	5860
6893	3723
6894	1049
6894	2987
6894	9480
6894	7359
6894	3959
6894	668
6894	2839
6894	8635
6894	3481
6894	2966
6895	4548
6895	2107
6895	912
6895	6351
6895	9835
6895	972
6895	1716
6895	1528
6895	2043
6895	679
6896	6258
6896	573
6896	5390
6896	9978
6896	4330
6896	8526
6896	6602
6896	7956
6896	5619
6896	2670
6897	8827
6897	7672
6897	6789
6897	3804
6897	4682
6897	1160
6897	899
6897	8848
6897	2394
6897	6174
6898	2456
6898	6250
6898	9207
6898	7805
6898	257
6898	6314
6898	8416
6898	688
6898	2984
6898	2613
6899	2305
6899	333
6899	9668
6899	4199
6899	7204
6899	7589
6899	1338
6899	5320
6899	9736
6899	3178
6900	6759
6900	9292
6900	9491
6900	6363
6900	2562
6900	8721
6900	6770
6900	4269
6900	4673
6900	9079
6901	8196
6901	7487
6901	777
6901	6531
6901	1182
6901	9836
6901	9948
6901	2897
6901	9456
6901	5905
6902	4429
6902	5676
6902	2124
6902	1202
6902	5130
6902	3598
6902	5905
6902	3763
6902	7640
6902	1056
6903	3968
6903	8855
6903	7306
6903	7834
6903	4040
6903	9250
6903	2556
6903	9931
6903	1233
6903	2500
6904	9
6904	7059
6904	3142
6904	9342
6904	4882
6904	7257
6904	5119
6904	8702
6904	3752
6904	5656
6905	9039
6905	411
6905	602
6905	3130
6905	1180
6905	4265
6905	4606
6905	5539
6905	6534
6905	1971
6906	8517
6906	285
6906	9420
6906	9550
6906	2507
6906	710
6906	9927
6906	174
6906	6570
6906	6296
6907	755
6907	5105
6907	8732
6907	238
6907	1460
6907	7803
6907	1956
6907	2901
6907	2573
6907	9350
6908	3846
6908	2514
6908	1465
6908	6146
6908	7526
6908	2678
6908	8001
6908	6513
6908	5375
6908	8203
6909	7625
6909	9005
6909	8168
6909	1256
6909	3692
6909	4178
6909	1237
6909	2009
6909	8108
6909	7346
6910	4397
6910	896
6910	1466
6910	2867
6910	7304
6910	4213
6910	3072
6910	9106
6910	2743
6910	3946
6911	9846
6911	5600
6911	8386
6911	8538
6911	4490
6911	4080
6911	4616
6911	3841
6911	2473
6911	5464
6912	373
6912	2552
6912	6206
6912	2659
6912	1955
6912	7244
6912	961
6912	3316
6912	810
6912	5163
6913	9400
6913	4937
6913	4357
6913	7757
6913	810
6913	9168
6913	4703
6913	9786
6913	9905
6913	9736
6914	51
6914	9403
6914	4579
6914	804
6914	4555
6914	7827
6914	1045
6914	1643
6914	5702
6914	3548
6915	4316
6915	8032
6915	3890
6915	1470
6915	4668
6915	9138
6915	8797
6915	3211
6915	2608
6915	7516
6916	695
6916	8629
6916	3357
6916	5476
6916	5357
6916	8993
6916	1790
6916	1362
6916	5159
6916	824
6917	4318
6917	7942
6917	3127
6917	791
6917	7113
6917	6652
6917	9810
6917	7002
6917	3053
6917	3106
6918	9936
6918	3957
6918	3229
6918	5595
6918	6703
6918	401
6918	5619
6918	3933
6918	9521
6918	5605
6919	3603
6919	9931
6919	5387
6919	1521
6919	6420
6919	6739
6919	7487
6919	7371
6919	2559
6919	1069
6920	6068
6920	2901
6920	7206
6920	7876
6920	6986
6920	9758
6920	8402
6920	8269
6920	7904
6920	7067
6921	6952
6921	9970
6921	1302
6921	8807
6921	9258
6921	1657
6921	7386
6921	4524
6921	7002
6921	5456
6922	3013
6922	4363
6922	3490
6922	7654
6922	7294
6922	8209
6922	4625
6922	3754
6922	8800
6922	1684
6923	2322
6923	9720
6923	9374
6923	4950
6923	2052
6923	7504
6923	4357
6923	4237
6923	8577
6923	4265
6924	1474
6924	2238
6924	7179
6924	8318
6924	7195
6924	5610
6924	1648
6924	2238
6924	5562
6924	1925
6925	4365
6925	428
6925	8013
6925	2784
6925	2769
6925	891
6925	4025
6925	138
6925	1415
6925	2614
6926	5490
6926	5085
6926	6360
6926	2704
6926	2653
6926	5238
6926	5085
6926	9837
6926	2306
6926	2623
6927	6743
6927	8162
6927	5106
6927	7938
6927	5288
6927	6044
6927	9435
6927	3551
6927	5370
6927	3848
6928	3312
6928	7128
6928	7865
6928	2195
6928	1976
6928	3037
6928	6367
6928	8689
6928	2391
6928	1697
6929	3814
6929	1147
6929	6465
6929	7532
6929	2019
6929	7682
6929	592
6929	4194
6929	4462
6929	4023
6930	3379
6930	5287
6930	2585
6930	9628
6930	6980
6930	979
6930	9757
6930	5206
6930	4542
6930	6937
6931	5610
6931	3675
6931	6061
6931	3485
6931	1507
6931	7456
6931	8664
6931	8421
6931	3134
6931	1035
6932	1417
6932	7402
6932	3949
6932	409
6932	7085
6932	7248
6932	5710
6932	4707
6932	4813
6932	2029
6933	6528
6933	721
6933	7965
6933	87
6933	4443
6933	5214
6933	3674
6933	9363
6933	8850
6933	6735
6934	7819
6934	3645
6934	5510
6934	6336
6934	7562
6934	5906
6934	1089
6934	4212
6934	6602
6934	5700
6935	6099
6935	7498
6935	8225
6935	9787
6935	9258
6935	3973
6935	448
6935	6357
6935	2365
6935	9327
6936	6558
6936	7111
6936	3699
6936	9884
6936	3114
6936	2974
6936	8053
6936	8410
6936	3712
6936	6550
6937	8899
6937	7015
6937	3208
6937	7355
6937	2968
6937	1416
6937	203
6937	9774
6937	2259
6937	2245
6938	6291
6938	4576
6938	5266
6938	2337
6938	8304
6938	1135
6938	4442
6938	6447
6938	7859
6938	7897
6939	4225
6939	4402
6939	1361
6939	8301
6939	1090
6939	6436
6939	7862
6939	9819
6939	4157
6939	4916
6940	297
6940	9503
6940	6272
6940	7422
6940	274
6940	1568
6940	8948
6940	2899
6940	5346
6940	5152
6941	1700
6941	3392
6941	4607
6941	2246
6941	5781
6941	593
6941	2401
6941	486
6941	7957
6941	9467
6942	3365
6942	1014
6942	6269
6942	4524
6942	8992
6942	8235
6942	2881
6942	7982
6942	2231
6942	8297
6943	4971
6943	7401
6943	786
6943	7529
6943	74
6943	9866
6943	8386
6943	5563
6943	9858
6943	5629
6944	3006
6944	4630
6944	3011
6944	7147
6944	8915
6944	5685
6944	3033
6944	6208
6944	7725
6944	9986
6945	2385
6945	3955
6945	1859
6945	6753
6945	8042
6945	8041
6945	4104
6945	7347
6945	7683
6945	9664
6946	9829
6946	4669
6946	4630
6946	1127
6946	6342
6946	483
6946	6917
6946	1892
6946	2882
6946	3890
6947	7947
6947	6322
6947	2464
6947	4631
6947	4551
6947	1387
6947	4785
6947	4189
6947	2205
6947	3385
6948	5181
6948	6640
6948	7758
6948	9767
6948	3544
6948	1994
6948	6371
6948	985
6948	6378
6948	2597
6949	8915
6949	9405
6949	8845
6949	6396
6949	6879
6949	4878
6949	5176
6949	3282
6949	6787
6949	7952
6950	4667
6950	6398
6950	9898
6950	3551
6950	2184
6950	7218
6950	1989
6950	3322
6950	7187
6950	1908
6951	8272
6951	976
6951	2744
6951	8934
6951	9624
6951	1217
6951	5138
6951	3945
6951	7605
6951	9457
6952	3959
6952	6179
6952	4849
6952	4724
6952	6588
6952	9519
6952	5526
6952	4120
6952	2023
6952	7448
6953	5420
6953	4594
6953	4277
6953	8219
6953	3858
6953	5067
6953	1811
6953	7381
6953	1196
6953	3913
6954	5344
6954	8796
6954	4297
6954	3089
6954	5684
6954	7439
6954	1701
6954	5278
6954	5480
6954	9924
6955	7630
6955	9081
6955	8090
6955	9700
6955	5457
6955	4693
6955	2556
6955	741
6955	6030
6955	7232
6956	8801
6956	4990
6956	4194
6956	3476
6956	4363
6956	6717
6956	5583
6956	1051
6956	9552
6956	158
6957	6201
6957	234
6957	9427
6957	2197
6957	7529
6957	6868
6957	990
6957	4726
6957	8598
6957	5433
6958	831
6958	1308
6958	3601
6958	7727
6958	2534
6958	9661
6958	4269
6958	1399
6958	4359
6958	488
6959	1977
6959	9656
6959	3872
6959	3204
6959	8928
6959	4730
6959	9348
6959	6708
6959	8984
6959	9391
6960	9052
6960	437
6960	5459
6960	5548
6960	2296
6960	3997
6960	3891
6960	1818
6960	7514
6960	2196
6961	3046
6961	5688
6961	8244
6961	2202
6961	5287
6961	7209
6961	952
6961	4343
6961	5758
6961	1515
6962	797
6962	6350
6962	1701
6962	623
6962	9401
6962	2772
6962	1493
6962	8788
6962	245
6962	5779
6963	2240
6963	3503
6963	4504
6963	14
6963	176
6963	9857
6963	9464
6963	5169
6963	5277
6963	5461
6964	3843
6964	6032
6964	9090
6964	1123
6964	5142
6964	4414
6964	1687
6964	8750
6964	5256
6964	1597
6965	6035
6965	9148
6965	6482
6965	9041
6965	6936
6965	5243
6965	117
6965	6325
6965	9557
6965	8503
6966	2605
6966	5276
6966	9987
6966	9312
6966	9889
6966	3438
6966	2729
6966	6730
6966	2600
6966	5628
6967	6082
6967	3080
6967	6457
6967	9308
6967	7322
6967	9075
6967	1361
6967	2185
6967	7014
6967	2756
6968	9685
6968	786
6968	7314
6968	1714
6968	2113
6968	5177
6968	5912
6968	4565
6968	5691
6968	6482
6969	293
6969	3757
6969	4698
6969	5091
6969	4137
6969	8444
6969	2210
6969	3582
6969	1420
6969	7746
6970	755
6970	4056
6970	9223
6970	8658
6970	5595
6970	1730
6970	1344
6970	739
6970	9246
6970	806
6971	2950
6971	7670
6971	8939
6971	5382
6971	448
6971	7642
6971	5575
6971	9936
6971	8248
6971	3591
6972	4377
6972	9395
6972	1960
6972	63
6972	5474
6972	2358
6972	4621
6972	3671
6972	2107
6972	8891
6973	6888
6973	5219
6973	658
6973	858
6973	2637
6973	7009
6973	7076
6973	6076
6973	2536
6973	6666
6974	6536
6974	7241
6974	3532
6974	6632
6974	2873
6974	432
6974	3304
6974	8377
6974	4925
6974	5876
6975	4189
6975	1427
6975	1838
6975	3355
6975	890
6975	4534
6975	5476
6975	9494
6975	5658
6975	6319
6976	9430
6976	1558
6976	2177
6976	5064
6976	2735
6976	7423
6976	4890
6976	8590
6976	4564
6976	8670
6977	953
6977	680
6977	4796
6977	4616
6977	8441
6977	8040
6977	6619
6977	4314
6977	4854
6977	4206
6978	9061
6978	6494
6978	5395
6978	7379
6978	2312
6978	2941
6978	1208
6978	9017
6978	1351
6978	9600
6979	911
6979	5922
6979	9395
6979	368
6979	857
6979	8261
6979	4469
6979	7000
6979	9355
6979	7715
6980	646
6980	9966
6980	5518
6980	9400
6980	3143
6980	8433
6980	8132
6980	2342
6980	1163
6980	5995
6981	9569
6981	6026
6981	4894
6981	2388
6981	6361
6981	7290
6981	4808
6981	8330
6981	1705
6981	1396
6982	8274
6982	9529
6982	603
6982	9998
6982	8376
6982	894
6982	77
6982	699
6982	5685
6982	1494
6983	1951
6983	6749
6983	5496
6983	8293
6983	8196
6983	7334
6983	7506
6983	6255
6983	6686
6983	5802
6984	7909
6984	3711
6984	9160
6984	7110
6984	821
6984	8401
6984	6420
6984	6252
6984	533
6984	7290
6985	1306
6985	4407
6985	2216
6985	6381
6985	1675
6985	622
6985	2670
6985	7398
6985	9852
6985	933
6986	3613
6986	517
6986	1747
6986	1805
6986	982
6986	5633
6986	7950
6986	414
6986	320
6986	7817
6987	3018
6987	6928
6987	1453
6987	2855
6987	9714
6987	9619
6987	5375
6987	7897
6987	9628
6987	2829
6988	8706
6988	12
6988	5915
6988	68
6988	8764
6988	1776
6988	2919
6988	8967
6988	378
6988	7851
6989	1119
6989	6093
6989	3855
6989	3723
6989	1684
6989	3042
6989	7682
6989	6586
6989	236
6989	3729
6990	8414
6990	8450
6990	2750
6990	3249
6990	4119
6990	7123
6990	4432
6990	6016
6990	7627
6990	1486
6991	1755
6991	3565
6991	2707
6991	6354
6991	5616
6991	7874
6991	7523
6991	7310
6991	3448
6991	151
6992	3208
6992	8971
6992	6221
6992	7510
6992	5243
6992	3451
6992	3124
6992	6167
6992	7277
6992	7496
6993	272
6993	6003
6993	86
6993	7951
6993	5014
6993	5191
6993	671
6993	5323
6993	9927
6993	7802
6994	6790
6994	7729
6994	5999
6994	9611
6994	5527
6994	8005
6994	2297
6994	785
6994	6840
6994	5735
6995	8380
6995	3610
6995	2457
6995	84
6995	9630
6995	5844
6995	8989
6995	6378
6995	8687
6995	422
6996	7667
6996	5369
6996	8729
6996	652
6996	3666
6996	5063
6996	9581
6996	735
6996	6684
6996	9494
6997	2936
6997	3910
6997	1865
6997	1080
6997	1371
6997	8946
6997	632
6997	1228
6997	1645
6997	3199
6998	4467
6998	5997
6998	1549
6998	340
6998	3431
6998	8326
6998	6794
6998	5687
6998	9111
6998	5845
6999	5665
6999	1393
6999	7216
6999	586
6999	1073
6999	7922
6999	9054
6999	5414
6999	2301
6999	8657
7000	5098
7000	3034
7000	3985
7000	3861
7000	1800
7000	6299
7000	7468
7000	6234
7000	644
7000	2555
7001	1089
7001	4571
7001	9440
7001	3123
7001	7043
7001	8981
7001	9723
7001	7438
7001	9237
7001	1740
7002	1099
7002	7542
7002	4653
7002	3773
7002	8152
7002	8437
7002	591
7002	2006
7002	7399
7002	2184
7003	6332
7003	7818
7003	6779
7003	6854
7003	5303
7003	2419
7003	4069
7003	3088
7003	723
7003	1928
7004	3242
7004	22
7004	8214
7004	497
7004	9579
7004	7238
7004	697
7004	8902
7004	3973
7004	4034
7005	1791
7005	6190
7005	4177
7005	6855
7005	9674
7005	630
7005	2255
7005	588
7005	9291
7005	8901
7006	6008
7006	5425
7006	4524
7006	5582
7006	2982
7006	5956
7006	5962
7006	7913
7006	4896
7006	7028
7007	7063
7007	7880
7007	1597
7007	9971
7007	3687
7007	8134
7007	2431
7007	6632
7007	493
7007	6870
7008	2952
7008	7537
7008	7750
7008	9141
7008	8132
7008	3850
7008	7876
7008	7326
7008	8560
7008	2355
7009	9463
7009	2838
7009	3992
7009	2008
7009	8083
7009	2407
7009	155
7009	8911
7009	8270
7009	4162
7010	592
7010	5202
7010	4879
7010	1982
7010	7725
7010	7606
7010	1319
7010	5837
7010	545
7010	7418
7011	382
7011	3096
7011	7702
7011	1612
7011	3711
7011	8036
7011	8989
7011	8055
7011	5396
7011	1404
7012	2057
7012	5101
7012	75
7012	7198
7012	1727
7012	6580
7012	2959
7012	6013
7012	2734
7012	4026
7013	196
7013	5427
7013	9496
7013	3487
7013	587
7013	4981
7013	5438
7013	7786
7013	9783
7013	4008
7014	1632
7014	6070
7014	2010
7014	8510
7014	8679
7014	9222
7014	7765
7014	9961
7014	3138
7014	7960
7015	7438
7015	3938
7015	754
7015	2952
7015	9193
7015	555
7015	2228
7015	7313
7015	265
7015	5604
7016	5698
7016	8399
7016	5794
7016	3541
7016	8880
7016	9621
7016	5539
7016	438
7016	7055
7016	145
7017	7441
7017	6196
7017	3055
7017	6113
7017	412
7017	3172
7017	9472
7017	1881
7017	6230
7017	734
7018	2770
7018	2184
7018	7000
7018	997
7018	9369
7018	2467
7018	7220
7018	3727
7018	1133
7018	1273
7019	6037
7019	3267
7019	8079
7019	3154
7019	5482
7019	8326
7019	2936
7019	8242
7019	8251
7019	9607
7020	1841
7020	1706
7020	7902
7020	6981
7020	3744
7020	6365
7020	7394
7020	5533
7020	843
7020	4820
7021	170
7021	3034
7021	6837
7021	8193
7021	6102
7021	9814
7021	5479
7021	1776
7021	5514
7021	8495
7022	6441
7022	7892
7022	2556
7022	7116
7022	5216
7022	7301
7022	8742
7022	1719
7022	4524
7022	3628
7023	727
7023	9225
7023	5827
7023	3441
7023	89
7023	7784
7023	7940
7023	5312
7023	1001
7023	4638
7024	9957
7024	656
7024	424
7024	3593
7024	4474
7024	7650
7024	6143
7024	9383
7024	3837
7024	7999
7025	6378
7025	9640
7025	1309
7025	92
7025	789
7025	3807
7025	5030
7025	4844
7025	8816
7025	9438
7026	7738
7026	2024
7026	3491
7026	4273
7026	9974
7026	2710
7026	2771
7026	9398
7026	6500
7026	7333
7027	5132
7027	1799
7027	639
7027	5734
7027	6154
7027	1201
7027	3870
7027	7394
7027	2304
7027	9967
7028	8900
7028	1661
7028	695
7028	1371
7028	5516
7028	6735
7028	1551
7028	6857
7028	3769
7028	8308
7029	1860
7029	6812
7029	5731
7029	335
7029	4981
7029	41
7029	14
7029	3197
7029	6464
7029	672
7030	8281
7030	1550
7030	3718
7030	499
7030	6817
7030	9174
7030	5983
7030	5881
7030	106
7030	5665
7031	713
7031	8248
7031	6556
7031	6354
7031	5810
7031	2234
7031	1482
7031	9494
7031	9431
7031	5906
7032	8088
7032	1394
7032	3397
7032	6991
7032	8537
7032	5462
7032	117
7032	2721
7032	201
7032	7879
7033	2040
7033	4338
7033	9829
7033	859
7033	4550
7033	268
7033	2612
7033	4336
7033	322
7033	1189
7034	2099
7034	184
7034	5242
7034	6599
7034	5540
7034	4164
7034	6137
7034	9512
7034	2590
7034	2508
7035	5878
7035	699
7035	3282
7035	1565
7035	1449
7035	8168
7035	8766
7035	2624
7035	2988
7035	3661
7036	2893
7036	6919
7036	4116
7036	3014
7036	7728
7036	8381
7036	226
7036	4328
7036	9142
7036	1286
7037	830
7037	795
7037	9099
7037	4389
7037	2409
7037	8610
7037	6969
7037	2548
7037	1649
7037	8443
7038	8652
7038	7526
7038	3710
7038	1939
7038	2000
7038	1712
7038	4536
7038	4224
7038	2424
7038	9285
7039	5493
7039	2467
7039	9919
7039	5340
7039	9934
7039	5092
7039	7138
7039	5312
7039	6716
7039	1290
7040	6776
7040	4481
7040	9475
7040	9163
7040	460
7040	7669
7040	4036
7040	6866
7040	7073
7040	289
7041	3939
7041	3840
7041	406
7041	4321
7041	3919
7041	129
7041	9212
7041	9231
7041	4899
7041	3005
7042	7690
7042	3794
7042	2723
7042	2341
7042	4774
7042	8030
7042	7910
7042	3442
7042	6651
7042	1487
7043	5330
7043	9210
7043	6049
7043	2453
7043	3837
7043	848
7043	7144
7043	7196
7043	6287
7043	3081
7044	5538
7044	8263
7044	5414
7044	3003
7044	2900
7044	9546
7044	1214
7044	3237
7044	145
7044	4922
7045	8527
7045	270
7045	878
7045	272
7045	2979
7045	7337
7045	9671
7045	5284
7045	2909
7045	281
7046	7866
7046	5001
7046	6011
7046	5562
7046	1408
7046	8404
7046	5967
7046	7454
7046	5186
7046	4135
7047	4834
7047	2914
7047	4718
7047	837
7047	5974
7047	3774
7047	8746
7047	2017
7047	3581
7047	3930
7048	2518
7048	2238
7048	6636
7048	5195
7048	2924
7048	3719
7048	6344
7048	7220
7048	5557
7048	787
7049	8681
7049	8470
7049	8624
7049	2206
7049	8196
7049	6447
7049	2944
7049	525
7049	6524
7049	4486
7050	8853
7050	3241
7050	4893
7050	2353
7050	2600
7050	7868
7050	5877
7050	2660
7050	5725
7050	2632
7051	6356
7051	4458
7051	6228
7051	5512
7051	1951
7051	506
7051	4376
7051	2963
7051	3232
7051	2383
7052	5546
7052	104
7052	9838
7052	3044
7052	3556
7052	5
7052	8959
7052	1634
7052	5862
7052	1065
7053	3147
7053	488
7053	3693
7053	8890
7053	1898
7053	5653
7053	8764
7053	3008
7053	9685
7053	1803
7054	4082
7054	3152
7054	4377
7054	2899
7054	2209
7054	4590
7054	3966
7054	1341
7054	9805
7054	7571
7055	1549
7055	4599
7055	8546
7055	919
7055	6094
7055	9894
7055	2592
7055	1
7055	1396
7055	3970
7056	2312
7056	7252
7056	1160
7056	7631
7056	7028
7056	6523
7056	4978
7056	3415
7056	2567
7056	3103
7057	8454
7057	9752
7057	9005
7057	2957
7057	2272
7057	7562
7057	5208
7057	1880
7057	5534
7057	64
7058	6691
7058	9567
7058	9111
7058	3356
7058	6988
7058	3617
7058	8170
7058	2446
7058	426
7058	4563
7059	8887
7059	8122
7059	895
7059	8157
7059	2034
7059	9626
7059	8181
7059	3805
7059	7229
7059	6292
7060	2068
7060	4377
7060	1423
7060	3627
7060	5501
7060	6413
7060	36
7060	9466
7060	8603
7060	8449
7061	3016
7061	9212
7061	8785
7061	294
7061	863
7061	6643
7061	3592
7061	9879
7061	5375
7061	1589
7062	3129
7062	3478
7062	69
7062	7925
7062	2502
7062	3280
7062	3836
7062	7942
7062	119
7062	37
7063	9001
7063	3073
7063	3999
7063	7653
7063	1003
7063	1529
7063	763
7063	7569
7063	6608
7063	4853
7064	2033
7064	5583
7064	3849
7064	8688
7064	1190
7064	4889
7064	446
7064	6875
7064	9360
7064	3042
7065	1820
7065	1715
7065	751
7065	3612
7065	7770
7065	7288
7065	1035
7065	9552
7065	5463
7065	4844
7066	1410
7066	8810
7066	601
7066	2142
7066	1177
7066	8504
7066	4688
7066	6294
7066	5657
7066	979
7067	4864
7067	1239
7067	6149
7067	5964
7067	9929
7067	1576
7067	3114
7067	4635
7067	1432
7067	879
7068	5915
7068	4568
7068	7942
7068	4218
7068	6105
7068	863
7068	7851
7068	4691
7068	2444
7068	7090
7069	5981
7069	8314
7069	195
7069	9112
7069	4957
7069	7550
7069	5084
7069	7909
7069	5410
7069	9338
7070	2503
7070	4826
7070	7519
7070	9776
7070	780
7070	8175
7070	1938
7070	9707
7070	998
7070	2791
7071	2957
7071	3038
7071	8383
7071	5193
7071	3233
7071	8631
7071	8576
7071	1024
7071	9060
7071	8745
7072	8749
7072	4867
7072	1646
7072	1997
7072	8532
7072	3356
7072	2817
7072	2239
7072	41
7072	5480
7073	1832
7073	1184
7073	218
7073	6352
7073	9473
7073	3007
7073	5981
7073	6197
7073	7179
7073	7391
7074	933
7074	7632
7074	7248
7074	1477
7074	4502
7074	317
7074	757
7074	3975
7074	5189
7074	6704
7075	7799
7075	1278
7075	480
7075	7929
7075	4817
7075	3404
7075	5747
7075	36
7075	8393
7075	6797
7076	2338
7076	1087
7076	2309
7076	4879
7076	3832
7076	7396
7076	1360
7076	9091
7076	9781
7076	4616
7077	6827
7077	575
7077	4213
7077	6
7077	851
7077	5107
7077	5183
7077	6486
7077	8560
7077	3110
7078	1203
7078	6050
7078	7903
7078	7833
7078	6749
7078	2590
7078	4006
7078	1899
7078	4391
7078	2120
7079	175
7079	8768
7079	4842
7079	1068
7079	5832
7079	7321
7079	3513
7079	6879
7079	1408
7079	2317
7080	6835
7080	3776
7080	4133
7080	2602
7080	6339
7080	3649
7080	397
7080	2050
7080	7836
7080	2058
7081	1562
7081	9430
7081	208
7081	9094
7081	9437
7081	9143
7081	9399
7081	6306
7081	8178
7081	687
7082	2527
7082	1216
7082	4451
7082	1028
7082	6688
7082	8619
7082	7585
7082	1681
7082	5322
7082	9885
7083	7887
7083	5082
7083	387
7083	9654
7083	9989
7083	6687
7083	232
7083	2389
7083	496
7083	5036
7084	7105
7084	453
7084	6385
7084	8278
7084	182
7084	3881
7084	6142
7084	4302
7084	2859
7084	4933
7085	4912
7085	155
7085	6145
7085	2978
7085	9888
7085	3692
7085	1668
7085	8516
7085	726
7085	5021
7086	5938
7086	6115
7086	7938
7086	2943
7086	3070
7086	5038
7086	4392
7086	9077
7086	1846
7086	45
7087	6512
7087	5813
7087	8691
7087	4697
7087	5048
7087	6379
7087	5857
7087	4139
7087	8711
7087	2229
7088	1401
7088	4046
7088	9243
7088	1033
7088	4979
7088	9710
7088	735
7088	4380
7088	1822
7088	4360
7089	582
7089	8815
7089	2764
7089	3402
7089	7387
7089	8696
7089	8616
7089	977
7089	9719
7089	8239
7090	6126
7090	5218
7090	7014
7090	5101
7090	9456
7090	6509
7090	9833
7090	9659
7090	3795
7090	9319
7091	5325
7091	3950
7091	9921
7091	7552
7091	6182
7091	7933
7091	1019
7091	6443
7091	3714
7091	728
7092	6312
7092	4499
7092	5838
7092	9811
7092	9963
7092	4551
7092	3231
7092	2651
7092	8547
7092	1870
7093	3625
7093	6913
7093	6066
7093	9598
7093	1776
7093	8899
7093	192
7093	9891
7093	6211
7093	4615
7094	1911
7094	3922
7094	5242
7094	1753
7094	8745
7094	6728
7094	1365
7094	5965
7094	1781
7094	6134
7095	9693
7095	8641
7095	7768
7095	9108
7095	4029
7095	2447
7095	5532
7095	4750
7095	9471
7095	7238
7096	1709
7096	1914
7096	3612
7096	5226
7096	2301
7096	1958
7096	6975
7096	3000
7096	9519
7096	5583
7097	4442
7097	2740
7097	1845
7097	4594
7097	3897
7097	8548
7097	1177
7097	32
7097	6499
7097	3133
7098	46
7098	433
7098	5964
7098	5635
7098	4444
7098	3376
7098	8437
7098	1990
7098	3520
7098	9938
7099	8476
7099	170
7099	6682
7099	1647
7099	5156
7099	3945
7099	8584
7099	7459
7099	3039
7099	8270
7100	7949
7100	1276
7100	1579
7100	3750
7100	9727
7100	6616
7100	3690
7100	2961
7100	9689
7100	8848
7101	6520
7101	8255
7101	3625
7101	3745
7101	8437
7101	5430
7101	3150
7101	388
7101	4530
7101	4497
7102	8261
7102	8125
7102	6430
7102	9027
7102	8031
7102	2631
7102	8458
7102	2956
7102	4480
7102	5979
7103	8946
7103	5773
7103	5333
7103	8875
7103	9671
7103	5695
7103	7061
7103	1485
7103	2515
7103	1725
7104	7702
7104	7573
7104	6269
7104	7768
7104	639
7104	2438
7104	2679
7104	5149
7104	8044
7104	6565
7105	5353
7105	8045
7105	9344
7105	7261
7105	1607
7105	954
7105	5834
7105	3747
7105	4367
7105	6334
7106	3692
7106	9873
7106	3795
7106	8149
7106	3991
7106	1372
7106	6528
7106	3894
7106	9749
7106	7252
7107	8205
7107	8085
7107	2012
7107	5825
7107	3006
7107	4162
7107	9793
7107	4826
7107	4265
7107	9127
7108	5509
7108	8835
7108	7517
7108	1372
7108	6075
7108	8982
7108	9789
7108	6785
7108	3626
7108	8366
7109	9484
7109	8188
7109	2534
7109	102
7109	2951
7109	7098
7109	4655
7109	8699
7109	6864
7109	7764
7110	5043
7110	2138
7110	2252
7110	8805
7110	740
7110	687
7110	1524
7110	211
7110	346
7110	5435
7111	5453
7111	540
7111	8632
7111	7421
7111	283
7111	6757
7111	4533
7111	4739
7111	7552
7111	6752
7112	3449
7112	6289
7112	2382
7112	8354
7112	8218
7112	4023
7112	1061
7112	2774
7112	341
7112	2357
7113	8456
7113	3588
7113	7665
7113	2992
7113	9613
7113	2427
7113	8352
7113	7646
7113	4691
7113	8149
7114	1104
7114	5806
7114	6987
7114	2408
7114	3704
7114	1487
7114	9849
7114	7447
7114	6036
7114	2017
7115	5871
7115	758
7115	3402
7115	4366
7115	6833
7115	3761
7115	781
7115	3533
7115	4806
7115	2765
7116	7668
7116	3492
7116	7861
7116	328
7116	6630
7116	1678
7116	5305
7116	8959
7116	9948
7116	9957
7117	8194
7117	9937
7117	2634
7117	7463
7117	7003
7117	2353
7117	8764
7117	6116
7117	2209
7117	1751
7118	6295
7118	6359
7118	9898
7118	9535
7118	3886
7118	8495
7118	4727
7118	3362
7118	9129
7118	8236
7119	5884
7119	4581
7119	6168
7119	3791
7119	804
7119	5597
7119	6883
7119	1683
7119	7833
7119	2357
7120	1109
7120	2168
7120	2897
7120	9304
7120	6094
7120	6495
7120	9296
7120	4569
7120	6093
7120	3146
7121	7518
7121	7165
7121	8692
7121	1069
7121	7823
7121	7522
7121	9921
7121	9340
7121	1899
7121	3871
7122	8145
7122	1736
7122	7657
7122	1348
7122	8242
7122	4723
7122	612
7122	1686
7122	6479
7122	3656
7123	518
7123	9034
7123	3080
7123	5668
7123	7163
7123	696
7123	1680
7123	2439
7123	2580
7123	9989
7124	1823
7124	5801
7124	1952
7124	3544
7124	314
7124	1822
7124	9922
7124	5592
7124	3542
7124	7781
7125	4598
7125	580
7125	9306
7125	7726
7125	3409
7125	4723
7125	6985
7125	12
7125	6831
7125	9505
7126	1333
7126	1234
7126	8718
7126	7752
7126	1107
7126	5300
7126	6775
7126	4050
7126	8840
7126	9016
7127	6044
7127	290
7127	4862
7127	967
7127	2573
7127	7864
7127	6458
7127	4958
7127	9598
7127	4753
7128	8488
7128	2325
7128	4262
7128	4068
7128	442
7128	7660
7128	1407
7128	6748
7128	2855
7128	7873
7129	9437
7129	6867
7129	9851
7129	3028
7129	5814
7129	7685
7129	3114
7129	408
7129	2820
7129	9501
7130	4295
7130	3198
7130	750
7130	2508
7130	5783
7130	9465
7130	4138
7130	1281
7130	5739
7130	8695
7131	7065
7131	8002
7131	2712
7131	1179
7131	5508
7131	1530
7131	2913
7131	6248
7131	3757
7131	2569
7132	3004
7132	1758
7132	5635
7132	9988
7132	423
7132	449
7132	5134
7132	6788
7132	709
7132	4897
7133	4712
7133	1579
7133	7159
7133	695
7133	8348
7133	7845
7133	6935
7133	5962
7133	8954
7133	9410
7134	1470
7134	5456
7134	1202
7134	3729
7134	7720
7134	9355
7134	9657
7134	955
7134	8253
7134	3744
7135	7301
7135	2804
7135	9767
7135	7227
7135	6401
7135	3600
7135	5524
7135	241
7135	6527
7135	7870
7136	3937
7136	2812
7136	2535
7136	7804
7136	6895
7136	6366
7136	6941
7136	2830
7136	9680
7136	7552
7137	1091
7137	2990
7137	1636
7137	7605
7137	502
7137	2132
7137	2727
7137	8463
7137	8390
7137	1130
7138	2575
7138	8936
7138	6325
7138	5312
7138	6004
7138	9427
7138	6076
7138	1474
7138	6811
7138	3892
7139	5563
7139	620
7139	854
7139	3889
7139	8195
7139	7814
7139	6001
7139	3015
7139	5688
7139	9934
7140	7676
7140	6782
7140	8515
7140	5091
7140	5156
7140	2161
7140	7051
7140	8423
7140	6247
7140	2467
7141	8075
7141	8564
7141	5479
7141	5392
7141	3811
7141	8833
7141	8045
7141	3976
7141	1206
7141	868
7142	3821
7142	6399
7142	6568
7142	6178
7142	9150
7142	9158
7142	3050
7142	384
7142	822
7142	1362
7143	7511
7143	3056
7143	2801
7143	4446
7143	1377
7143	3326
7143	4342
7143	6459
7143	5578
7143	4028
7144	4068
7144	1930
7144	9740
7144	7151
7144	1534
7144	4630
7144	6012
7144	2300
7144	5318
7144	9582
7145	9035
7145	5890
7145	6283
7145	2615
7145	5957
7145	9332
7145	1511
7145	6655
7145	2031
7145	9220
7146	4209
7146	9207
7146	7227
7146	8921
7146	7343
7146	4688
7146	9200
7146	8110
7146	8678
7146	3574
7147	8146
7147	3520
7147	3285
7147	8080
7147	1214
7147	5576
7147	6365
7147	5321
7147	9183
7147	1215
7148	796
7148	7281
7148	6102
7148	3071
7148	6196
7148	9191
7148	1063
7148	1298
7148	3449
7148	3833
7149	1783
7149	3559
7149	4367
7149	1911
7149	8578
7149	4599
7149	2390
7149	2061
7149	5113
7149	9279
7150	6139
7150	9598
7150	1357
7150	6235
7150	1901
7150	5235
7150	5041
7150	7382
7150	2200
7150	7361
7151	9739
7151	4849
7151	8799
7151	4592
7151	9516
7151	9604
7151	7079
7151	1495
7151	2378
7151	413
7152	4196
7152	5244
7152	44
7152	5502
7152	9457
7152	2235
7152	8994
7152	5669
7152	3333
7152	4145
7153	4835
7153	112
7153	6706
7153	3057
7153	6166
7153	2220
7153	503
7153	8882
7153	760
7153	4175
7154	5400
7154	1992
7154	4098
7154	1474
7154	8652
7154	6480
7154	4972
7154	614
7154	293
7154	2741
7155	974
7155	8048
7155	8437
7155	1346
7155	259
7155	1643
7155	4265
7155	2065
7155	2435
7155	7609
7156	2669
7156	3292
7156	4353
7156	9371
7156	1824
7156	3043
7156	9190
7156	9141
7156	1337
7156	2975
7157	3861
7157	3285
7157	4791
7157	3084
7157	9608
7157	8313
7157	3352
7157	2411
7157	4587
7157	9327
7158	4437
7158	1954
7158	3518
7158	1886
7158	8700
7158	3446
7158	5830
7158	8918
7158	9426
7158	8813
7159	7148
7159	4830
7159	5141
7159	6373
7159	4755
7159	2615
7159	9370
7159	4193
7159	1904
7159	1395
7160	3372
7160	9225
7160	2114
7160	4445
7160	4762
7160	5123
7160	3028
7160	539
7160	9603
7160	6327
7161	1068
7161	9942
7161	2397
7161	8074
7161	4668
7161	5441
7161	5374
7161	9386
7161	4530
7161	7792
7162	6837
7162	2303
7162	6955
7162	3452
7162	2468
7162	287
7162	4473
7162	6495
7162	3961
7162	1362
7163	4252
7163	2212
7163	1752
7163	7308
7163	6010
7163	4862
7163	6870
7163	2069
7163	1724
7163	8912
7164	2545
7164	4797
7164	6132
7164	4802
7164	871
7164	3393
7164	9708
7164	8263
7164	9304
7164	9335
7165	8169
7165	4508
7165	8641
7165	7708
7165	1904
7165	8261
7165	586
7165	3108
7165	513
7165	8267
7166	6678
7166	6642
7166	5488
7166	4416
7166	2039
7166	5973
7166	7966
7166	7308
7166	8042
7166	5434
7167	1474
7167	8250
7167	6369
7167	5290
7167	6910
7167	5615
7167	8476
7167	7460
7167	3906
7167	6717
7168	5134
7168	4435
7168	4440
7168	6284
7168	9786
7168	6860
7168	4175
7168	6818
7168	6825
7168	7198
7169	7425
7169	8964
7169	406
7169	1776
7169	4936
7169	3156
7169	2698
7169	2177
7169	8083
7169	1424
7170	198
7170	5233
7170	1740
7170	9445
7170	1741
7170	9148
7170	7166
7170	2364
7170	2084
7170	9113
7171	2073
7171	8655
7171	7929
7171	2023
7171	2482
7171	934
7171	7786
7171	2935
7171	4149
7171	3456
7172	6030
7172	1339
7172	1841
7172	7083
7172	240
7172	6870
7172	6696
7172	9093
7172	8552
7172	4419
7173	492
7173	5968
7173	9063
7173	6629
7173	8863
7173	8750
7173	3987
7173	97
7173	3132
7173	2446
7174	7500
7174	9300
7174	904
7174	5293
7174	7868
7174	9461
7174	90
7174	6757
7174	961
7174	8931
7175	4048
7175	6469
7175	6662
7175	4893
7175	2315
7175	4727
7175	1810
7175	4182
7175	6032
7175	5922
7176	6365
7176	6888
7176	415
7176	5087
7176	3969
7176	7259
7176	1385
7176	6855
7176	7531
7176	9720
7177	6318
7177	4903
7177	7804
7177	6836
7177	9153
7177	9065
7177	2880
7177	6110
7177	6913
7177	8022
7178	514
7178	3338
7178	8007
7178	9230
7178	6298
7178	719
7178	6260
7178	1718
7178	5230
7178	3908
7179	3930
7179	170
7179	511
7179	2548
7179	7283
7179	7488
7179	1493
7179	1939
7179	3441
7179	6321
7180	3368
7180	8836
7180	7420
7180	8418
7180	7323
7180	3814
7180	233
7180	3592
7180	8504
7180	5843
7181	4526
7181	9015
7181	3751
7181	8522
7181	7714
7181	5664
7181	9295
7181	1545
7181	3242
7181	6967
7182	2570
7182	7165
7182	1607
7182	7654
7182	1935
7182	8565
7182	5041
7182	9739
7182	4414
7182	6062
7183	5570
7183	7321
7183	7249
7183	728
7183	9929
7183	6584
7183	5137
7183	5630
7183	8519
7183	2226
7184	2395
7184	3113
7184	755
7184	4132
7184	6666
7184	2704
7184	8057
7184	2677
7184	5386
7184	8298
7185	2078
7185	575
7185	5378
7185	7081
7185	5479
7185	7617
7185	7658
7185	901
7185	9583
7185	8881
7186	7737
7186	4180
7186	1457
7186	7920
7186	4261
7186	5930
7186	1298
7186	267
7186	5977
7186	5822
7187	7598
7187	9107
7187	5553
7187	6007
7187	5193
7187	4073
7187	6001
7187	2339
7187	5133
7187	2723
7188	6632
7188	3270
7188	634
7188	3763
7188	9932
7188	3627
7188	3527
7188	4848
7188	9098
7188	1998
7189	2800
7189	6108
7189	5047
7189	7600
7189	5708
7189	8535
7189	5683
7189	669
7189	1403
7189	4753
7190	1984
7190	3618
7190	9639
7190	4915
7190	2926
7190	1911
7190	3858
7190	970
7190	2406
7190	7070
7191	9449
7191	4099
7191	3405
7191	2503
7191	612
7191	3772
7191	4781
7191	5339
7191	1026
7191	2076
7192	8804
7192	6404
7192	8650
7192	2303
7192	8178
7192	3254
7192	438
7192	2635
7192	591
7192	660
7193	6627
7193	1054
7193	2235
7193	1076
7193	386
7193	2894
7193	6627
7193	8404
7193	6731
7193	953
7194	6565
7194	8101
7194	9197
7194	8845
7194	4848
7194	6587
7194	243
7194	2854
7194	7960
7194	8504
7195	5003
7195	9732
7195	2603
7195	8751
7195	5891
7195	6616
7195	1114
7195	9331
7195	2073
7195	6569
7196	480
7196	9373
7196	7486
7196	6979
7196	6472
7196	1087
7196	1911
7196	1007
7196	3349
7196	588
7197	999
7197	2398
7197	5297
7197	2645
7197	3115
7197	6884
7197	935
7197	8766
7197	234
7197	4479
7198	4335
7198	4263
7198	8689
7198	4679
7198	4011
7198	3831
7198	548
7198	8146
7198	6468
7198	438
7199	148
7199	7306
7199	9918
7199	8311
7199	1082
7199	7317
7199	4488
7199	161
7199	7144
7199	7790
7200	9071
7200	5467
7200	5693
7200	6561
7200	8008
7200	2852
7200	4326
7200	789
7200	2805
7200	5742
7201	4135
7201	7689
7201	8066
7201	5138
7201	993
7201	9747
7201	5840
7201	7570
7201	2306
7201	8374
7202	3734
7202	3599
7202	6221
7202	9527
7202	8115
7202	4455
7202	5071
7202	6476
7202	7743
7202	8866
7203	1011
7203	2256
7203	3389
7203	7606
7203	5295
7203	2884
7203	6334
7203	8726
7203	6079
7203	3550
7204	8242
7204	3669
7204	1430
7204	8095
7204	2342
7204	5752
7204	3164
7204	1525
7204	4508
7204	5741
7205	5158
7205	5520
7205	3950
7205	432
7205	9152
7205	8163
7205	5212
7205	711
7205	4843
7205	2792
7206	980
7206	4193
7206	9750
7206	2
7206	8048
7206	7393
7206	3672
7206	5887
7206	9120
7206	7776
7207	506
7207	1529
7207	106
7207	8801
7207	9463
7207	4189
7207	6937
7207	5920
7207	3641
7207	9926
7208	5825
7208	9966
7208	7913
7208	8016
7208	1353
7208	1663
7208	8660
7208	9823
7208	2183
7208	3009
7209	7980
7209	5333
7209	599
7209	4695
7209	3094
7209	3176
7209	312
7209	1021
7209	8344
7209	4489
7210	8026
7210	1214
7210	3393
7210	9576
7210	9987
7210	5890
7210	3667
7210	795
7210	138
7210	6419
7211	4113
7211	4770
7211	4253
7211	5955
7211	9192
7211	1662
7211	9723
7211	783
7211	9120
7211	9350
7212	8127
7212	7274
7212	3699
7212	3160
7212	4666
7212	8583
7212	1802
7212	4980
7212	5830
7212	8455
7213	6619
7213	3993
7213	4419
7213	2896
7213	3152
7213	1205
7213	3558
7213	6988
7213	3306
7213	4539
7214	7407
7214	2035
7214	6220
7214	1939
7214	5234
7214	743
7214	4293
7214	1234
7214	6534
7214	8420
7215	3207
7215	8301
7215	9299
7215	1165
7215	5250
7215	2510
7215	6229
7215	9660
7215	4388
7215	4086
7216	1900
7216	6111
7216	9430
7216	3769
7216	7266
7216	5332
7216	8721
7216	3585
7216	422
7216	3798
7217	7616
7217	9771
7217	4808
7217	2655
7217	1676
7217	2702
7217	3249
7217	1138
7217	9784
7217	4392
7218	286
7218	6822
7218	3009
7218	2258
7218	8964
7218	6307
7218	9049
7218	5930
7218	559
7218	8788
7219	4863
7219	718
7219	9401
7219	3536
7219	8207
7219	3322
7219	7512
7219	5541
7219	1354
7219	791
7220	658
7220	4189
7220	4569
7220	8499
7220	6893
7220	1793
7220	642
7220	1239
7220	7835
7220	6584
7221	5179
7221	7703
7221	7409
7221	2899
7221	3093
7221	5215
7221	5042
7221	3702
7221	472
7221	2375
7222	3756
7222	5414
7222	8289
7222	2651
7222	2460
7222	1296
7222	6062
7222	3823
7222	8762
7222	4594
7223	3677
7223	1104
7223	9467
7223	5003
7223	359
7223	4710
7223	1637
7223	5356
7223	2372
7223	4550
7224	2406
7224	4300
7224	1293
7224	3168
7224	703
7224	6924
7224	9519
7224	8054
7224	4147
7224	5596
7225	1295
7225	43
7225	8380
7225	2090
7225	4150
7225	9687
7225	2048
7225	8002
7225	6637
7225	2818
7226	5437
7226	4853
7226	9276
7226	516
7226	3065
7226	8746
7226	2912
7226	3494
7226	7887
7226	343
7227	5587
7227	4189
7227	8070
7227	2216
7227	5162
7227	2309
7227	9720
7227	5043
7227	717
7227	7840
7228	6540
7228	3426
7228	7769
7228	8057
7228	5307
7228	9000
7228	3304
7228	3077
7228	4741
7228	5334
7229	2891
7229	6852
7229	5796
7229	6906
7229	8753
7229	578
7229	3942
7229	8873
7229	5579
7229	1328
7230	513
7230	4731
7230	9254
7230	2259
7230	2589
7230	8916
7230	7045
7230	9815
7230	7159
7230	7671
7231	4253
7231	2412
7231	7696
7231	9488
7231	1019
7231	8943
7231	2567
7231	2403
7231	5013
7231	6535
7232	7582
7232	359
7232	7612
7232	8325
7232	7811
7232	1833
7232	4320
7232	4877
7232	842
7232	7421
7233	6279
7233	8387
7233	9524
7233	3312
7233	9559
7233	7983
7233	8119
7233	7057
7233	3210
7233	8796
7234	1983
7234	356
7234	8008
7234	2401
7234	4901
7234	7444
7234	9166
7234	6373
7234	4481
7234	3983
7235	7979
7235	8512
7235	9457
7235	6911
7235	579
7235	7257
7235	7864
7235	8830
7235	8847
7235	621
7236	3055
7236	1650
7236	8954
7236	437
7236	369
7236	5728
7236	3642
7236	4211
7236	3499
7236	2836
7237	9290
7237	8805
7237	7217
7237	485
7237	1371
7237	218
7237	2781
7237	7789
7237	3048
7237	8728
7238	3835
7238	9192
7238	6348
7238	7151
7238	7123
7238	8936
7238	8963
7238	5063
7238	211
7238	9818
7239	9217
7239	471
7239	6442
7239	529
7239	9844
7239	9532
7239	9125
7239	7026
7239	2792
7239	4999
7240	2647
7240	582
7240	6548
7240	2911
7240	7805
7240	945
7240	700
7240	4860
7240	5357
7240	4200
7241	8074
7241	7421
7241	4274
7241	2960
7241	5981
7241	5415
7241	897
7241	9218
7241	5591
7241	732
7242	9616
7242	6874
7242	890
7242	878
7242	1980
7242	5698
7242	2414
7242	25
7242	6826
7242	26
7243	1399
7243	7879
7243	5963
7243	3957
7243	8983
7243	6512
7243	9597
7243	4967
7243	3426
7243	4434
7244	436
7244	803
7244	3176
7244	2461
7244	3248
7244	7773
7244	2440
7244	8373
7244	2205
7244	2480
7245	5284
7245	2287
7245	6087
7245	6898
7245	1143
7245	489
7245	3560
7245	3433
7245	6989
7245	4273
7246	691
7246	7089
7246	7686
7246	8731
7246	7724
7246	8520
7246	6522
7246	3491
7246	8010
7246	7689
7247	2511
7247	9912
7247	1060
7247	3360
7247	2752
7247	8088
7247	7315
7247	8931
7247	8891
7247	2198
7248	2255
7248	8113
7248	1320
7248	6855
7248	3010
7248	9726
7248	7975
7248	8016
7248	268
7248	851
7249	4399
7249	8123
7249	1568
7249	5202
7249	8696
7249	8252
7249	7546
7249	7903
7249	1290
7249	2675
7250	1422
7250	1474
7250	5685
7250	5542
7250	4001
7250	9702
7250	7169
7250	5407
7250	2459
7250	816
7251	9070
7251	4126
7251	7659
7251	1904
7251	8611
7251	496
7251	7931
7251	5229
7251	1805
7251	7049
7252	5012
7252	7628
7252	1289
7252	8471
7252	7804
7252	5348
7252	1827
7252	9592
7252	4751
7252	1513
7253	798
7253	2102
7253	6563
7253	7097
7253	8247
7253	9740
7253	9400
7253	9309
7253	3800
7253	6453
7254	6973
7254	5938
7254	3345
7254	5328
7254	6011
7254	1508
7254	9997
7254	1787
7254	7409
7254	3407
7255	9696
7255	7760
7255	8470
7255	436
7255	4495
7255	3700
7255	4570
7255	4415
7255	9978
7255	7526
7256	4099
7256	405
7256	8180
7256	4230
7256	478
7256	4334
7256	3028
7256	1463
7256	3270
7256	186
7257	6092
7257	5424
7257	1253
7257	9172
7257	2123
7257	7390
7257	2887
7257	5773
7257	7011
7257	4914
7258	3804
7258	1124
7258	4116
7258	9130
7258	5220
7258	5453
7258	8698
7258	5526
7258	375
7258	2891
7259	6514
7259	6732
7259	3537
7259	4509
7259	1363
7259	1531
7259	8389
7259	711
7259	5933
7259	4698
7260	3390
7260	6299
7260	4812
7260	2681
7260	4799
7260	8761
7260	6535
7260	9680
7260	887
7260	4836
7261	9182
7261	811
7261	1739
7261	3242
7261	92
7261	3962
7261	5178
7261	5178
7261	6399
7261	2058
7262	7477
7262	7839
7262	8069
7262	5377
7262	4171
7262	4071
7262	6320
7262	9762
7262	1135
7262	5424
7263	922
7263	2181
7263	2285
7263	5308
7263	4344
7263	9871
7263	9249
7263	6925
7263	902
7263	6749
7264	1153
7264	8315
7264	4962
7264	5885
7264	4685
7264	2501
7264	6874
7264	8440
7264	3935
7264	8546
7265	4655
7265	6136
7265	7300
7265	459
7265	7986
7265	622
7265	3032
7265	2502
7265	7268
7265	4477
7266	6426
7266	751
7266	8074
7266	4409
7266	5414
7266	5766
7266	5201
7266	8427
7266	3993
7266	8733
7267	3022
7267	1039
7267	4348
7267	7642
7267	4180
7267	7408
7267	9481
7267	9835
7267	5471
7267	7931
7268	4640
7268	471
7268	1726
7268	8914
7268	9927
7268	9002
7268	3344
7268	2674
7268	1174
7268	1595
7269	9604
7269	1685
7269	3690
7269	5860
7269	2982
7269	4643
7269	6573
7269	9736
7269	9186
7269	1663
7270	1822
7270	5938
7270	5704
7270	5548
7270	6910
7270	338
7270	7724
7270	6983
7270	3583
7270	3110
7271	8632
7271	9426
7271	6494
7271	6595
7271	2366
7271	1334
7271	5659
7271	7873
7271	7771
7271	2731
7272	8677
7272	6201
7272	2049
7272	6261
7272	8229
7272	592
7272	5861
7272	2595
7272	4168
7272	8040
7273	6714
7273	453
7273	4770
7273	3927
7273	209
7273	6622
7273	2613
7273	8494
7273	8759
7273	1548
7274	9
7274	5096
7274	7814
7274	9062
7274	6956
7274	2356
7274	108
7274	7296
7274	1769
7274	8451
7275	5891
7275	3823
7275	9862
7275	8580
7275	3109
7275	9044
7275	2798
7275	3351
7275	8567
7275	5955
7276	8741
7276	4205
7276	3890
7276	5344
7276	1809
7276	2800
7276	8273
7276	8899
7276	4453
7276	4526
7277	3751
7277	5509
7277	6795
7277	4290
7277	584
7277	7964
7277	662
7277	7298
7277	5993
7277	7307
7278	3427
7278	6590
7278	5074
7278	7084
7278	4367
7278	9247
7278	5231
7278	8367
7278	7265
7278	2032
7279	1339
7279	2647
7279	6955
7279	5688
7279	5763
7279	9980
7279	9562
7279	5949
7279	1947
7279	4720
7280	1778
7280	8078
7280	7369
7280	5317
7280	7391
7280	8444
7280	4464
7280	7932
7280	3055
7280	6689
7281	4622
7281	9731
7281	5549
7281	1066
7281	7567
7281	6630
7281	1895
7281	4289
7281	1700
7281	1925
7282	3559
7282	704
7282	4888
7282	1205
7282	5410
7282	1862
7282	1538
7282	7349
7282	552
7282	233
7283	3203
7283	4973
7283	9664
7283	9422
7283	6082
7283	9491
7283	1476
7283	1534
7283	4764
7283	3343
7284	3539
7284	7552
7284	8554
7284	2790
7284	466
7284	3990
7284	6043
7284	9771
7284	6181
7284	2593
7285	5105
7285	1941
7285	4259
7285	4177
7285	6942
7285	4697
7285	5506
7285	7526
7285	7856
7285	8353
7286	3367
7286	5831
7286	2558
7286	8437
7286	491
7286	6373
7286	4614
7286	8537
7286	3116
7286	5786
7287	199
7287	4139
7287	9152
7287	78
7287	769
7287	2871
7287	4307
7287	7736
7287	4666
7287	7108
7288	7419
7288	5807
7288	6205
7288	9563
7288	7505
7288	4261
7288	4821
7288	7718
7288	5607
7288	7066
7289	9340
7289	7274
7289	1800
7289	2624
7289	7654
7289	3831
7289	7485
7289	6386
7289	9306
7289	2394
7290	5635
7290	3180
7290	3397
7290	2121
7290	8433
7290	7877
7290	4852
7290	3616
7290	8770
7290	9659
7291	6579
7291	191
7291	5137
7291	2331
7291	8227
7291	7564
7291	3803
7291	1486
7291	8776
7291	4947
7292	4914
7292	1531
7292	4087
7292	3579
7292	5640
7292	3283
7292	6137
7292	4293
7292	4978
7292	9416
7293	4652
7293	8436
7293	4063
7293	2418
7293	4444
7293	1623
7293	6306
7293	2172
7293	6887
7293	5045
7294	7440
7294	9347
7294	8560
7294	568
7294	4715
7294	4504
7294	8113
7294	3099
7294	6391
7294	1185
7295	272
7295	8437
7295	9857
7295	9989
7295	171
7295	8925
7295	7321
7295	3713
7295	6142
7295	2471
7296	1660
7296	7590
7296	9789
7296	758
7296	9333
7296	1991
7296	8116
7296	9086
7296	8033
7296	7009
7297	2421
7297	7063
7297	7430
7297	9840
7297	9970
7297	3752
7297	9710
7297	5769
7297	557
7297	8632
7298	3439
7298	9915
7298	172
7298	9627
7298	536
7298	9255
7298	6331
7298	3128
7298	5317
7298	6734
7299	7000
7299	6583
7299	5057
7299	9713
7299	1062
7299	1973
7299	5143
7299	9652
7299	7213
7299	8315
7300	9460
7300	8252
7300	5852
7300	6806
7300	8585
7300	3227
7300	8328
7300	5851
7300	8618
7300	5063
7301	2890
7301	515
7301	9535
7301	820
7301	9810
7301	3993
7301	1246
7301	7304
7301	7436
7301	6357
7302	3242
7302	9473
7302	8913
7302	2759
7302	240
7302	8590
7302	7764
7302	9364
7302	3592
7302	9164
7303	9362
7303	1632
7303	8578
7303	3912
7303	2490
7303	5248
7303	7871
7303	8849
7303	93
7303	3624
7304	4153
7304	2456
7304	3963
7304	1978
7304	4361
7304	1649
7304	9000
7304	5719
7304	4253
7304	2791
7305	118
7305	583
7305	7576
7305	5460
7305	2466
7305	8411
7305	7022
7305	321
7305	2228
7305	3269
7306	3353
7306	5425
7306	7737
7306	1501
7306	4826
7306	4835
7306	9026
7306	777
7306	5959
7306	6995
7307	1989
7307	3229
7307	3331
7307	3569
7307	1895
7307	2638
7307	9359
7307	3347
7307	6764
7307	7690
7308	204
7308	1917
7308	4764
7308	5048
7308	1261
7308	191
7308	7321
7308	9637
7308	1334
7308	7116
7309	4791
7309	2456
7309	44
7309	940
7309	6748
7309	8493
7309	7397
7309	9598
7309	7535
7309	9130
7310	5392
7310	7067
7310	5628
7310	7699
7310	6755
7310	912
7310	443
7310	5454
7310	8972
7310	3520
7311	4306
7311	728
7311	8545
7311	6503
7311	3627
7311	5716
7311	2999
7311	1592
7311	6527
7311	5665
7312	609
7312	5377
7312	6617
7312	7453
7312	424
7312	4086
7312	7993
7312	7171
7312	8609
7312	5277
7313	5389
7313	9397
7313	1020
7313	4706
7313	6600
7313	4463
7313	7415
7313	5732
7313	8282
7313	2636
7314	8995
7314	2032
7314	648
7314	1675
7314	2370
7314	7216
7314	8029
7314	9041
7314	8121
7314	325
7315	4302
7315	4688
7315	3587
7315	482
7315	2683
7315	3274
7315	256
7315	4743
7315	8595
7315	2357
7316	3121
7316	2213
7316	1948
7316	1995
7316	9988
7316	3511
7316	9328
7316	6862
7316	3300
7316	2589
7317	8476
7317	7194
7317	345
7317	1398
7317	785
7317	6692
7317	227
7317	9349
7317	3529
7317	4373
7318	6973
7318	1501
7318	7198
7318	2860
7318	8126
7318	4340
7318	1472
7318	400
7318	7380
7318	6557
7319	8019
7319	2728
7319	8884
7319	8437
7319	4126
7319	6388
7319	9382
7319	6019
7319	2884
7319	1813
7320	2781
7320	6010
7320	3682
7320	7009
7320	1148
7320	4612
7320	2784
7320	5235
7320	3866
7320	1008
7321	959
7321	666
7321	3096
7321	8996
7321	633
7321	7068
7321	5366
7321	1111
7321	6381
7321	2852
7322	4840
7322	7328
7322	94
7322	2864
7322	9145
7322	2688
7322	2996
7322	5454
7322	6841
7322	2239
7323	6683
7323	9506
7323	4189
7323	1421
7323	9099
7323	2379
7323	2964
7323	476
7323	720
7323	5126
7324	9364
7324	6290
7324	7617
7324	5667
7324	621
7324	1443
7324	440
7324	9288
7324	5572
7324	7187
7325	4451
7325	8214
7325	7857
7325	5493
7325	1757
7325	7568
7325	803
7325	909
7325	328
7325	6936
7326	7989
7326	522
7326	1139
7326	5874
7326	4108
7326	6107
7326	9287
7326	5784
7326	3041
7326	3542
7327	5538
7327	3491
7327	6429
7327	1311
7327	6934
7327	3425
7327	4332
7327	5375
7327	2783
7327	9570
7328	2290
7328	3951
7328	5166
7328	7621
7328	3267
7328	4794
7328	4694
7328	7541
7328	1755
7328	3918
7329	4402
7329	5473
7329	4053
7329	8885
7329	5878
7329	8907
7329	2812
7329	6990
7329	5065
7329	2308
7330	2094
7330	8805
7330	453
7330	5694
7330	4638
7330	4449
7330	2214
7330	1863
7330	6666
7330	9828
7331	5792
7331	4709
7331	6476
7331	7911
7331	4832
7331	434
7331	6606
7331	1166
7331	263
7331	6868
7332	363
7332	4630
7332	4767
7332	5307
7332	9849
7332	7771
7332	2769
7332	2814
7332	9012
7332	162
7333	2270
7333	9713
7333	5170
7333	1474
7333	5756
7333	4853
7333	4379
7333	2098
7333	3371
7333	9359
7334	3104
7334	8075
7334	1111
7334	9536
7334	6981
7334	9085
7334	9155
7334	6937
7334	9147
7334	4526
7335	9300
7335	4018
7335	6879
7335	1432
7335	8426
7335	1183
7335	484
7335	9749
7335	3932
7335	5684
7336	8176
7336	5499
7336	7639
7336	8145
7336	4310
7336	5439
7336	1247
7336	8622
7336	9739
7336	9855
7337	6207
7337	8646
7337	335
7337	4670
7337	2577
7337	8760
7337	1508
7337	4289
7337	1014
7337	9433
7338	4802
7338	6546
7338	8084
7338	8786
7338	6859
7338	8495
7338	1364
7338	380
7338	8697
7338	7967
7339	423
7339	4731
7339	6209
7339	7469
7339	8110
7339	8672
7339	9908
7339	2287
7339	409
7339	2405
7340	1323
7340	9152
7340	498
7340	8467
7340	3129
7340	6176
7340	898
7340	1590
7340	1117
7340	5325
7341	411
7341	6996
7341	5318
7341	8354
7341	5680
7341	3650
7341	5271
7341	4374
7341	1027
7341	8438
7342	8813
7342	5518
7342	8517
7342	8194
7342	9434
7342	8834
7342	4135
7342	1865
7342	4390
7342	8909
7343	3111
7343	9884
7343	2069
7343	2138
7343	303
7343	7055
7343	8238
7343	8166
7343	4076
7343	8971
7344	5295
7344	6526
7344	4220
7344	111
7344	8362
7344	3126
7344	2066
7344	263
7344	3383
7344	5644
7345	3839
7345	8236
7345	6328
7345	9533
7345	5361
7345	5286
7345	4776
7345	5005
7345	1347
7345	472
7346	207
7346	6561
7346	472
7346	5533
7346	3007
7346	7731
7346	830
7346	9932
7346	1901
7346	3164
7347	3775
7347	7471
7347	3266
7347	2954
7347	6546
7347	6216
7347	5423
7347	976
7347	3990
7347	1648
7348	3663
7348	5667
7348	6075
7348	1680
7348	1136
7348	6403
7348	4266
7348	1997
7348	5854
7348	7575
7349	8018
7349	1707
7349	5405
7349	8078
7349	8380
7349	2617
7349	1892
7349	1126
7349	2165
7349	5624
7350	3056
7350	128
7350	6211
7350	7710
7350	7098
7350	6729
7350	8215
7350	2058
7350	1814
7350	4054
7351	6895
7351	7504
7351	3676
7351	447
7351	2294
7351	9824
7351	8331
7351	2727
7351	683
7351	6328
7352	302
7352	4748
7352	9132
7352	7864
7352	7245
7352	3183
7352	4112
7352	4192
7352	9423
7352	7822
7353	8646
7353	1682
7353	9001
7353	4026
7353	4482
7353	6160
7353	1544
7353	1641
7353	9321
7353	8842
7354	9177
7354	1284
7354	9778
7354	1443
7354	1087
7354	8639
7354	6962
7354	5941
7354	3760
7354	9836
7355	1463
7355	3039
7355	8662
7355	6083
7355	4489
7355	9779
7355	4743
7355	8499
7355	379
7355	9309
7356	7312
7356	7208
7356	2114
7356	2552
7356	1316
7356	5973
7356	2846
7356	7245
7356	7741
7356	1494
7357	43
7357	9972
7357	8044
7357	6682
7357	7878
7357	8671
7357	2441
7357	1118
7357	9821
7357	2362
7358	8864
7358	8160
7358	6525
7358	2669
7358	3371
7358	5362
7358	5941
7358	6401
7358	7982
7358	6945
7359	5352
7359	8635
7359	8040
7359	7923
7359	7957
7359	9254
7359	8290
7359	8
7359	8382
7359	2679
7360	1090
7360	301
7360	9793
7360	3526
7360	9210
7360	9798
7360	6363
7360	7425
7360	2422
7360	9618
7361	5578
7361	1734
7361	7620
7361	3879
7361	3618
7361	7895
7361	8159
7361	4944
7361	2962
7361	9625
7362	6660
7362	5864
7362	1546
7362	2048
7362	139
7362	7463
7362	5903
7362	8583
7362	8554
7362	1485
7363	8827
7363	5582
7363	3482
7363	543
7363	2602
7363	3794
7363	7323
7363	2051
7363	7397
7363	6036
7364	2807
7364	6826
7364	6135
7364	4267
7364	7811
7364	8206
7364	1696
7364	1088
7364	3844
7364	7767
7365	1581
7365	5924
7365	2676
7365	8118
7365	917
7365	7611
7365	8630
7365	258
7365	1554
7365	1029
7366	5308
7366	2698
7366	617
7366	3947
7366	9006
7366	9500
7366	177
7366	4246
7366	4634
7366	1206
7367	7442
7367	6915
7367	4762
7367	4292
7367	3447
7367	2422
7367	6693
7367	1820
7367	5660
7367	2779
7368	6395
7368	2312
7368	6573
7368	1346
7368	8361
7368	6095
7368	989
7368	8013
7368	640
7368	1331
7369	7400
7369	5978
7369	2599
7369	1577
7369	2963
7369	3473
7369	5244
7369	7031
7369	9318
7369	8429
7370	1084
7370	9019
7370	651
7370	4949
7370	2576
7370	7198
7370	1335
7370	5943
7370	3797
7370	2303
7371	9511
7371	4113
7371	8523
7371	4344
7371	5136
7371	6289
7371	6618
7371	8085
7371	5343
7371	9071
7372	6210
7372	8818
7372	216
7372	8379
7372	4656
7372	5065
7372	5689
7372	4910
7372	560
7372	7168
7373	76
7373	9610
7373	3395
7373	5891
7373	4924
7373	7200
7373	6502
7373	9812
7373	1204
7373	1024
7374	5660
7374	6338
7374	3460
7374	3256
7374	2791
7374	4338
7374	1452
7374	1576
7374	4077
7374	3284
7375	2188
7375	1405
7375	2995
7375	7118
7375	1016
7375	7345
7375	4244
7375	6526
7375	8819
7375	3420
7376	7531
7376	1820
7376	4421
7376	348
7376	8712
7376	377
7376	7815
7376	2202
7376	4366
7376	6786
7377	9854
7377	8543
7377	1342
7377	9517
7377	1495
7377	2832
7377	2954
7377	6599
7377	2681
7377	5137
7378	9186
7378	6275
7378	8375
7378	6478
7378	5265
7378	4820
7378	208
7378	3585
7378	6943
7378	9081
7379	4371
7379	7118
7379	5998
7379	2354
7379	4770
7379	218
7379	1804
7379	7381
7379	6649
7379	9310
7380	7693
7380	3954
7380	2483
7380	9527
7380	7161
7380	7577
7380	1657
7380	1802
7380	1782
7380	4822
7381	2344
7381	2194
7381	8688
7381	3432
7381	1799
7381	5702
7381	4287
7381	5783
7381	4337
7381	2743
7382	5271
7382	5889
7382	4415
7382	4481
7382	7764
7382	9779
7382	9018
7382	1561
7382	1857
7382	622
7383	9690
7383	9871
7383	5377
7383	761
7383	9484
7383	2307
7383	8564
7383	9144
7383	2807
7383	7237
7384	3229
7384	9240
7384	3192
7384	6801
7384	5728
7384	6538
7384	7112
7384	4491
7384	1916
7384	5869
7385	7289
7385	2836
7385	6446
7385	704
7385	3640
7385	5474
7385	467
7385	4964
7385	5889
7385	5166
7386	5994
7386	8571
7386	4356
7386	8236
7386	8697
7386	8738
7386	7267
7386	2351
7386	5520
7386	4285
7387	6931
7387	8125
7387	4374
7387	3660
7387	8372
7387	6700
7387	4809
7387	1892
7387	6716
7387	8058
7388	9065
7388	3112
7388	6600
7388	9936
7388	6022
7388	1477
7388	9763
7388	4982
7388	5840
7388	6838
7389	9652
7389	687
7389	795
7389	4298
7389	6397
7389	3222
7389	3459
7389	2597
7389	2685
7389	3540
7390	56
7390	54
7390	8323
7390	3708
7390	7889
7390	3193
7390	6228
7390	4870
7390	9187
7390	3209
7391	3349
7391	6908
7391	2101
7391	6827
7391	1371
7391	1631
7391	7088
7391	8767
7391	3475
7391	1985
7392	3629
7392	1670
7392	2540
7392	4409
7392	7254
7392	3365
7392	9483
7392	8677
7392	9400
7392	9012
7393	7756
7393	8010
7393	2995
7393	7228
7393	5013
7393	9723
7393	8341
7393	1455
7393	1839
7393	8014
7394	3055
7394	7938
7394	1388
7394	9417
7394	9509
7394	2559
7394	2438
7394	7257
7394	7650
7394	9943
7395	7502
7395	3035
7395	8184
7395	9076
7395	2845
7395	5587
7395	9236
7395	1252
7395	7374
7395	5775
7396	924
7396	5007
7396	3160
7396	6848
7396	3026
7396	3545
7396	9645
7396	2104
7396	9184
7396	7119
7397	8411
7397	5310
7397	2240
7397	6033
7397	9834
7397	370
7397	8937
7397	771
7397	655
7397	8764
7398	9733
7398	3898
7398	2265
7398	723
7398	5294
7398	3015
7398	7506
7398	8856
7398	1033
7398	4140
7399	676
7399	6725
7399	9316
7399	3325
7399	9787
7399	8391
7399	1619
7399	4524
7399	1104
7399	1630
7400	5914
7400	8353
7400	9574
7400	9268
7400	6901
7400	2896
7400	5459
7400	2932
7400	217
7400	5125
7401	344
7401	6353
7401	9059
7401	2460
7401	6923
7401	810
7401	5610
7401	6711
7401	4978
7401	6310
7402	3178
7402	7069
7402	1589
7402	838
7402	850
7402	8738
7402	7960
7402	7710
7402	2320
7402	5329
7403	546
7403	4955
7403	749
7403	3242
7403	356
7403	3372
7403	2444
7403	5296
7403	4483
7403	6130
7404	4491
7404	4220
7404	5390
7404	5091
7404	6957
7404	4986
7404	6391
7404	1058
7404	9505
7404	5679
7405	7041
7405	9326
7405	8039
7405	5542
7405	4958
7405	4977
7405	3390
7405	27
7405	2255
7405	3307
7406	1671
7406	3528
7406	9952
7406	8712
7406	3917
7406	88
7406	4874
7406	9476
7406	8409
7406	1156
7407	8052
7407	7803
7407	4899
7407	105
7407	9191
7407	4456
7407	9482
7407	5823
7407	2455
7407	7094
7408	5955
7408	1607
7408	8036
7408	4098
7408	7889
7408	9168
7408	7001
7408	9004
7408	2843
7408	2126
7409	8552
7409	6298
7409	2424
7409	3393
7409	3804
7409	5947
7409	7388
7409	4259
7409	537
7409	5676
7410	3151
7410	5944
7410	7881
7410	2733
7410	2614
7410	6135
7410	6919
7410	4949
7410	6140
7410	7630
7411	1405
7411	5645
7411	5669
7411	8784
7411	424
7411	3468
7411	7081
7411	2229
7411	2897
7411	9133
7412	8321
7412	3602
7412	5729
7412	6017
7412	7781
7412	4053
7412	8246
7412	636
7412	3464
7412	2316
7413	5518
7413	1714
7413	6939
7413	8076
7413	887
7413	2214
7413	7503
7413	1817
7413	7547
7413	4183
7414	7953
7414	328
7414	9224
7414	326
7414	6442
7414	925
7414	5674
7414	3422
7414	1271
7414	9316
7415	6420
7415	1542
7415	9805
7415	229
7415	4129
7415	850
7415	3258
7415	5846
7415	6104
7415	8403
7416	8567
7416	9716
7416	9574
7416	1645
7416	1958
7416	9927
7416	8498
7416	5143
7416	1241
7416	1946
7417	9729
7417	4589
7417	6406
7417	4300
7417	3049
7417	8157
7417	6552
7417	6077
7417	8166
7417	7782
7418	2657
7418	2132
7418	5977
7418	7575
7418	6903
7418	6134
7418	5575
7418	1190
7418	5263
7418	4465
7419	1095
7419	411
7419	1423
7419	284
7419	5544
7419	8723
7419	5680
7419	2361
7419	9404
7419	2426
7420	5
7420	4283
7420	3820
7420	3694
7420	2130
7420	8021
7420	3853
7420	1550
7420	7161
7420	4231
7421	1189
7421	2203
7421	3967
7421	6202
7421	6928
7421	741
7421	9912
7421	109
7421	968
7421	6566
7422	9786
7422	9027
7422	6323
7422	7109
7422	7405
7422	7165
7422	9427
7422	6302
7422	1722
7422	7263
7423	8669
7423	8734
7423	9083
7423	5695
7423	136
7423	5719
7423	648
7423	6553
7423	5138
7423	6018
7424	5025
7424	2820
7424	7067
7424	7901
7424	6408
7424	6035
7424	2354
7424	6808
7424	6607
7424	5045
7425	222
7425	6024
7425	2164
7425	1425
7425	7078
7425	7781
7425	1572
7425	2099
7425	4845
7425	8589
7426	8557
7426	1994
7426	9930
7426	7003
7426	7389
7426	8998
7426	2479
7426	3290
7426	58
7426	7935
7427	9682
7427	4415
7427	5204
7427	1570
7427	7246
7427	6701
7427	1916
7427	9797
7427	4598
7427	6741
7428	56
7428	1976
7428	4113
7428	4262
7428	786
7428	2881
7428	1944
7428	7289
7428	4325
7428	3669
7429	3995
7429	9574
7429	4888
7429	8038
7429	4844
7429	8582
7429	2280
7429	3048
7429	7155
7429	4229
7430	4738
7430	4140
7430	360
7430	1017
7430	172
7430	6382
7430	4733
7430	197
7430	4687
7430	69
7431	9773
7431	8132
7431	1215
7431	8403
7431	1937
7431	5584
7431	2599
7431	6018
7431	4236
7431	7694
7432	1690
7432	460
7432	5418
7432	9420
7432	6137
7432	4018
7432	7590
7432	4410
7432	2782
7432	2365
7433	8972
7433	5258
7433	457
7433	8499
7433	9905
7433	3714
7433	129
7433	6479
7433	7619
7433	4044
7434	8180
7434	2377
7434	7678
7434	5428
7434	7409
7434	4588
7434	7038
7434	3213
7434	3387
7434	8441
7435	9217
7435	118
7435	7088
7435	1702
7435	5614
7435	8585
7435	9294
7435	7517
7435	1624
7435	3452
7436	5792
7436	1208
7436	9698
7436	8158
7436	1739
7436	5598
7436	9078
7436	1067
7436	6458
7436	7114
7437	5811
7437	220
7437	6432
7437	6298
7437	1367
7437	3177
7437	6609
7437	6406
7437	6378
7437	6869
7438	647
7438	3647
7438	6863
7438	1584
7438	9828
7438	6642
7438	6439
7438	1346
7438	4781
7438	8195
7439	3142
7439	8223
7439	2962
7439	9138
7439	6793
7439	609
7439	725
7439	4916
7439	7435
7439	7426
7440	2331
7440	6273
7440	1123
7440	5287
7440	5744
7440	7070
7440	9415
7440	7609
7440	7487
7440	9719
7441	4196
7441	3577
7441	3220
7441	9808
7441	5088
7441	1732
7441	7994
7441	9398
7441	2231
7441	5878
7442	2512
7442	2302
7442	2016
7442	8431
7442	7414
7442	4660
7442	5677
7442	1990
7442	2559
7442	1009
7443	5431
7443	1924
7443	9659
7443	3685
7443	6187
7443	8595
7443	577
7443	7509
7443	9833
7443	9450
7444	9111
7444	1272
7444	2903
7444	4931
7444	1177
7444	4572
7444	1177
7444	6318
7444	9188
7444	3089
7445	3874
7445	952
7445	1837
7445	7627
7445	6802
7445	6191
7445	9262
7445	8293
7445	4339
7445	491
7446	4908
7446	5866
7446	2921
7446	202
7446	2083
7446	5479
7446	9955
7446	4317
7446	5762
7446	8780
7447	2840
7447	3067
7447	5843
7447	9861
7447	228
7447	9292
7447	3709
7447	7375
7447	1727
7447	9401
7448	7276
7448	4851
7448	4806
7448	5786
7448	8292
7448	849
7448	6543
7448	9328
7448	9712
7448	7369
7449	6219
7449	9374
7449	74
7449	64
7449	7999
7449	3326
7449	8303
7449	4379
7449	8172
7449	3039
7450	9035
7450	8392
7450	6939
7450	3887
7450	6281
7450	1897
7450	5944
7450	7636
7450	6966
7450	3532
7451	1049
7451	8700
7451	4791
7451	5464
7451	6679
7451	6963
7451	899
7451	4809
7451	9291
7451	1156
7452	7291
7452	1539
7452	9601
7452	6540
7452	9492
7452	11
7452	4542
7452	3955
7452	1334
7452	3843
7453	5139
7453	5852
7453	2895
7453	4141
7453	7711
7453	6992
7453	4778
7453	3450
7453	5678
7453	9122
7454	9080
7454	3854
7454	653
7454	3039
7454	1874
7454	4758
7454	2624
7454	2897
7454	6959
7454	1986
7455	2951
7455	1202
7455	5045
7455	7835
7455	9119
7455	6648
7455	599
7455	1944
7455	3464
7455	6075
7456	8627
7456	7145
7456	946
7456	9355
7456	3683
7456	978
7456	2587
7456	7677
7456	5256
7456	85
7457	1274
7457	5180
7457	3292
7457	6782
7457	390
7457	4702
7457	7987
7457	8498
7457	8940
7457	1729
7458	6374
7458	6643
7458	3769
7458	3596
7458	9530
7458	876
7458	708
7458	4605
7458	9298
7458	9493
7459	669
7459	2443
7459	1620
7459	9743
7459	8939
7459	1770
7459	5383
7459	1271
7459	7175
7459	9027
7460	7024
7460	2757
7460	2193
7460	9169
7460	5615
7460	521
7460	3102
7460	9042
7460	4040
7460	6081
7461	9640
7461	1962
7461	2668
7461	6030
7461	5652
7461	8372
7461	1957
7461	9676
7461	2795
7461	1056
7462	2066
7462	8224
7462	3198
7462	6782
7462	3316
7462	5426
7462	456
7462	5855
7462	9302
7462	41
7463	4582
7463	8922
7463	8570
7463	1916
7463	5420
7463	3136
7463	6274
7463	9531
7463	6798
7463	2899
7464	7244
7464	6840
7464	5992
7464	3716
7464	975
7464	858
7464	2668
7464	3675
7464	5228
7464	5462
7465	5518
7465	4833
7465	9307
7465	3297
7465	3680
7465	5085
7465	2329
7465	3622
7465	1895
7465	7630
7466	5777
7466	5112
7466	8730
7466	5261
7466	4607
7466	6258
7466	3660
7466	3703
7466	871
7466	1349
7467	3340
7467	6085
7467	5075
7467	4795
7467	4092
7467	1114
7467	4182
7467	6075
7467	9855
7467	4430
7468	6884
7468	6404
7468	4913
7468	887
7468	3483
7468	6214
7468	3139
7468	2987
7468	2374
7468	89
7469	7939
7469	8174
7469	1477
7469	671
7469	8000
7469	8535
7469	5822
7469	4831
7469	372
7469	6792
7470	3745
7470	2854
7470	9140
7470	5797
7470	807
7470	2486
7470	8400
7470	6764
7470	282
7470	9324
7471	1439
7471	9071
7471	9398
7471	1474
7471	7426
7471	7291
7471	7068
7471	1817
7471	8770
7471	1004
7472	7794
7472	9463
7472	9106
7472	7374
7472	5441
7472	7967
7472	2767
7472	5371
7472	3985
7472	5798
7473	7383
7473	60
7473	7511
7473	6634
7473	2065
7473	4323
7473	9269
7473	1105
7473	4685
7473	9543
7474	5284
7474	5629
7474	8179
7474	796
7474	469
7474	5628
7474	6462
7474	5472
7474	7801
7474	9933
7475	7370
7475	5049
7475	8939
7475	6000
7475	6967
7475	1297
7475	4252
7475	4945
7475	4224
7475	2110
7476	7154
7476	4101
7476	4903
7476	5767
7476	4643
7476	2707
7476	8402
7476	3431
7476	3183
7476	5271
7477	878
7477	6433
7477	8108
7477	3348
7477	8175
7477	6366
7477	2813
7477	9353
7477	6322
7477	8114
7478	8622
7478	2628
7478	2381
7478	1685
7478	6827
7478	1409
7478	3131
7478	3448
7478	4981
7478	110
7479	2865
7479	7647
7479	9419
7479	5719
7479	5782
7479	5121
7479	2961
7479	612
7479	8129
7479	1108
7480	4017
7480	5078
7480	8719
7480	3268
7480	9951
7480	582
7480	342
7480	9713
7480	1650
7480	4552
7481	7443
7481	7780
7481	3178
7481	8204
7481	5060
7481	2093
7481	5333
7481	29
7481	2577
7481	8712
7482	2912
7482	1081
7482	8131
7482	3953
7482	5535
7482	3617
7482	3673
7482	5272
7482	2866
7482	3348
7483	3583
7483	3111
7483	9002
7483	7806
7483	2848
7483	9929
7483	2747
7483	4116
7483	9224
7483	5294
7484	371
7484	618
7484	5016
7484	2098
7484	3014
7484	7905
7484	1439
7484	2421
7484	2985
7484	4840
7485	3001
7485	9849
7485	9597
7485	8552
7485	7003
7485	2671
7485	6246
7485	2300
7485	1957
7485	2843
7486	591
7486	3684
7486	2280
7486	5016
7486	9222
7486	4570
7486	7810
7486	6573
7486	730
7486	5469
7487	485
7487	5083
7487	8362
7487	8888
7487	3930
7487	2176
7487	889
7487	6407
7487	2595
7487	7132
7488	1039
7488	7146
7488	6934
7488	2495
7488	8587
7488	1330
7488	619
7488	7614
7488	9771
7488	1305
7489	8903
7489	1427
7489	2980
7489	5662
7489	3068
7489	7869
7489	3340
7489	2557
7489	8741
7489	3308
7490	5415
7490	4408
7490	2544
7490	9840
7490	1129
7490	3989
7490	1488
7490	9993
7490	5222
7490	114
7491	2856
7491	9621
7491	6049
7491	5841
7491	5932
7491	6842
7491	1663
7491	3276
7491	9576
7491	405
7492	2732
7492	61
7492	5853
7492	4202
7492	4158
7492	2497
7492	815
7492	9608
7492	8632
7492	5660
7493	5942
7493	3988
7493	1854
7493	7015
7493	9929
7493	6404
7493	9267
7493	9466
7493	5667
7493	1204
7494	2514
7494	4153
7494	4799
7494	2421
7494	2348
7494	5067
7494	5079
7494	6512
7494	2752
7494	6548
7495	6989
7495	6289
7495	8301
7495	2768
7495	2445
7495	4284
7495	2963
7495	8811
7495	4555
7495	5361
7496	4487
7496	8463
7496	8315
7496	749
7496	7641
7496	6169
7496	8686
7496	3126
7496	3183
7496	190
7497	1921
7497	8064
7497	1940
7497	3192
7497	512
7497	7025
7497	512
7497	8453
7497	6079
7497	5825
7498	4229
7498	7540
7498	1122
7498	2358
7498	2022
7498	6639
7498	8487
7498	4051
7498	2496
7498	9062
7499	6910
7499	4752
7499	1415
7499	7142
7499	9014
7499	9463
7499	884
7499	2166
7499	9971
7499	1752
7500	9978
7500	7180
7500	3122
7500	3849
7500	8839
7500	8145
7500	6478
7500	3869
7500	741
7500	905
7501	9766
7501	9824
7501	5359
7501	4648
7501	7866
7501	9588
7501	4196
7501	2350
7501	4028
7501	9662
7502	7586
7502	3097
7502	7335
7502	5244
7502	431
7502	8059
7502	3064
7502	8707
7502	8231
7502	856
7503	4151
7503	914
7503	1248
7503	3049
7503	5817
7503	3830
7503	3005
7503	9187
7503	4061
7503	8466
7504	1001
7504	2931
7504	3032
7504	6237
7504	6133
7504	7835
7504	6008
7504	8588
7504	7910
7504	2326
7505	372
7505	2718
7505	281
7505	8093
7505	8691
7505	6121
7505	5723
7505	9385
7505	9653
7505	94
7506	3500
7506	5243
7506	441
7506	3790
7506	5760
7506	1129
7506	4495
7506	1739
7506	2553
7506	8409
7507	9573
7507	2967
7507	5711
7507	5814
7507	3254
7507	6567
7507	4150
7507	1896
7507	7490
7507	817
7508	2142
7508	8647
7508	2297
7508	3265
7508	8897
7508	4457
7508	3323
7508	5288
7508	6739
7508	7138
7509	7065
7509	5275
7509	2698
7509	5442
7509	7618
7509	2243
7509	5366
7509	500
7509	9335
7509	4919
7510	4655
7510	7935
7510	4449
7510	8812
7510	1175
7510	9220
7510	8085
7510	2607
7510	1571
7510	7641
7511	2254
7511	4980
7511	1313
7511	3927
7511	9425
7511	4645
7511	6539
7511	7414
7511	9009
7511	5265
7512	8005
7512	598
7512	3770
7512	8758
7512	3050
7512	8330
7512	7244
7512	8881
7512	152
7512	2308
7513	9095
7513	4029
7513	1447
7513	8006
7513	3003
7513	838
7513	6308
7513	7123
7513	2668
7513	7964
7514	353
7514	6114
7514	1194
7514	7733
7514	8968
7514	7807
7514	4749
7514	7401
7514	4841
7514	6812
7515	371
7515	3714
7515	7873
7515	6251
7515	1209
7515	6829
7515	1633
7515	4022
7515	58
7515	6097
7516	6419
7516	7543
7516	3749
7516	7875
7516	4650
7516	6907
7516	7515
7516	5972
7516	3717
7516	7738
7517	5796
7517	2372
7517	3280
7517	9149
7517	2487
7517	7195
7517	3568
7517	7722
7517	1274
7517	2561
7518	3311
7518	8328
7518	677
7518	4028
7518	6300
7518	9536
7518	7665
7518	1689
7518	5962
7518	5328
7519	2887
7519	7406
7519	4955
7519	2729
7519	2127
7519	1895
7519	6716
7519	4383
7519	4565
7519	1445
7520	6079
7520	8520
7520	5364
7520	6359
7520	6744
7520	3538
7520	5892
7520	923
7520	8816
7520	7194
7521	5714
7521	5192
7521	5452
7521	613
7521	2343
7521	8739
7521	5728
7521	9985
7521	8851
7521	4892
7522	2829
7522	9799
7522	6997
7522	9075
7522	2513
7522	320
7522	5681
7522	3290
7522	2311
7522	881
7523	3970
7523	7137
7523	9628
7523	5093
7523	2885
7523	2902
7523	5601
7523	1735
7523	2056
7523	4857
7524	4023
7524	7097
7524	6013
7524	6265
7524	6192
7524	4801
7524	1871
7524	6845
7524	6281
7524	7356
7525	9279
7525	1353
7525	9387
7525	9479
7525	7794
7525	3248
7525	91
7525	3345
7525	287
7525	7809
7526	4737
7526	4790
7526	6608
7526	546
7526	2842
7526	3284
7526	5533
7526	1743
7526	6835
7526	6554
7527	5327
7527	2601
7527	2740
7527	6097
7527	3592
7527	7725
7527	1307
7527	5741
7527	3459
7527	1923
7528	7276
7528	9476
7528	3301
7528	6611
7528	9608
7528	1928
7528	7110
7528	6292
7528	575
7528	3782
7529	569
7529	415
7529	5387
7529	8202
7529	811
7529	670
7529	9170
7529	9218
7529	2700
7529	2944
7530	3770
7530	2324
7530	1191
7530	7427
7530	3937
7530	5157
7530	4815
7530	8989
7530	2195
7530	5458
7531	6103
7531	5444
7531	9890
7531	4460
7531	3983
7531	9630
7531	2483
7531	4055
7531	5275
7531	2018
7532	8157
7532	945
7532	2308
7532	2315
7532	6892
7532	1158
7532	1007
7532	1696
7532	5864
7532	2174
7533	7062
7533	5024
7533	9193
7533	648
7533	6499
7533	402
7533	5518
7533	3269
7533	5874
7533	9967
7534	2844
7534	8885
7534	6956
7534	7594
7534	3028
7534	2356
7534	8733
7534	3832
7534	8826
7534	7072
7535	4143
7535	8591
7535	1871
7535	3908
7535	9569
7535	7309
7535	2390
7535	8267
7535	4739
7535	1025
7536	9957
7536	3102
7536	9919
7536	4713
7536	6172
7536	6790
7536	9303
7536	8684
7536	3706
7536	1703
7537	5488
7537	1299
7537	4067
7537	5817
7537	5647
7537	732
7537	9384
7537	9636
7537	3519
7537	3757
7538	696
7538	9509
7538	7060
7538	9960
7538	7472
7538	3771
7538	3220
7538	4148
7538	4598
7538	5098
7539	3042
7539	7008
7539	5947
7539	3292
7539	7993
7539	4713
7539	6649
7539	238
7539	7918
7539	2834
7540	3050
7540	5238
7540	2341
7540	6269
7540	9311
7540	2830
7540	4980
7540	8754
7540	4118
7540	301
7541	230
7541	4141
7541	7608
7541	6411
7541	1077
7541	963
7541	9667
7541	5863
7541	9506
7541	3025
7542	6933
7542	1304
7542	7696
7542	2882
7542	3046
7542	1144
7542	8281
7542	1842
7542	7950
7542	9097
7543	4596
7543	3790
7543	3150
7543	4560
7543	2042
7543	2578
7543	930
7543	63
7543	3303
7543	6195
7544	3663
7544	9400
7544	3517
7544	609
7544	2845
7544	6995
7544	4849
7544	405
7544	6770
7544	9022
7545	678
7545	2489
7545	3955
7545	3584
7545	6200
7545	6378
7545	6704
7545	2666
7545	8201
7545	285
7546	422
7546	9542
7546	4449
7546	1256
7546	4942
7546	3112
7546	2251
7546	5550
7546	2007
7546	3872
7547	7588
7547	9690
7547	3597
7547	1626
7547	7425
7547	2772
7547	6824
7547	6355
7547	6149
7547	1160
7548	6686
7548	4368
7548	8715
7548	8320
7548	7892
7548	9512
7548	7081
7548	6676
7548	3043
7548	163
7549	286
7549	5230
7549	7740
7549	6529
7549	3331
7549	4787
7549	1411
7549	5078
7549	8422
7549	9080
7550	2339
7550	147
7550	6124
7550	2321
7550	4234
7550	808
7550	8164
7550	2204
7550	1375
7550	9009
7551	8742
7551	7416
7551	9761
7551	7979
7551	1704
7551	7375
7551	8445
7551	8298
7551	9967
7551	589
7552	4599
7552	6672
7552	4861
7552	6489
7552	2055
7552	7585
7552	1181
7552	1244
7552	8685
7552	538
7553	4323
7553	1228
7553	4668
7553	8291
7553	2750
7553	1237
7553	3890
7553	8106
7553	5421
7553	8312
7554	6986
7554	8582
7554	258
7554	9838
7554	4142
7554	3347
7554	9167
7554	3642
7554	9333
7554	9847
7555	1722
7555	599
7555	576
7555	1711
7555	8523
7555	4054
7555	1563
7555	4845
7555	5033
7555	4495
7556	3648
7556	5237
7556	941
7556	7526
7556	1166
7556	1665
7556	4762
7556	9825
7556	1993
7556	9211
7557	5686
7557	8216
7557	1213
7557	2950
7557	1099
7557	3619
7557	4400
7557	8227
7557	6183
7557	8635
7558	4580
7558	883
7558	2752
7558	9760
7558	1438
7558	2210
7558	1784
7558	3788
7558	4089
7558	1490
7559	6539
7559	3102
7559	1343
7559	1763
7559	7367
7559	5125
7559	2455
7559	7446
7559	6564
7559	4692
7560	9617
7560	1785
7560	4303
7560	723
7560	2540
7560	4423
7560	7994
7560	3600
7560	61
7560	7780
7561	4079
7561	8806
7561	4402
7561	1883
7561	2322
7561	9683
7561	6451
7561	9533
7561	6335
7561	7093
7562	9288
7562	6451
7562	326
7562	7724
7562	6803
7562	7421
7562	8247
7562	4943
7562	4086
7562	2992
7563	7541
7563	4488
7563	3395
7563	4526
7563	6515
7563	9116
7563	652
7563	3469
7563	6613
7563	7815
7564	8450
7564	1920
7564	3369
7564	1529
7564	4208
7564	9680
7564	1118
7564	9932
7564	7041
7564	7487
7565	5231
7565	4195
7565	5833
7565	7467
7565	4128
7565	6647
7565	7776
7565	8829
7565	579
7565	4714
7566	7478
7566	5390
7566	1032
7566	3456
7566	5955
7566	2472
7566	2481
7566	6759
7566	9329
7566	4524
7567	5942
7567	2001
7567	2856
7567	3500
7567	164
7567	3144
7567	4014
7567	5553
7567	47
7567	9302
7568	8465
7568	3044
7568	3406
7568	5709
7568	3100
7568	573
7568	475
7568	4169
7568	7848
7568	4987
7569	6274
7569	4660
7569	4342
7569	8109
7569	6502
7569	4973
7569	4919
7569	9991
7569	3544
7569	1968
7570	9497
7570	1331
7570	9089
7570	9472
7570	228
7570	2416
7570	8669
7570	4248
7570	6138
7570	6793
7571	9170
7571	8332
7571	7323
7571	578
7571	2861
7571	2791
7571	950
7571	1797
7571	2391
7571	5174
7572	2328
7572	1472
7572	7444
7572	4386
7572	5872
7572	9199
7572	3142
7572	754
7572	7838
7572	3227
7573	294
7573	4086
7573	890
7573	4309
7573	5628
7573	1741
7573	5193
7573	6443
7573	4300
7573	3418
7574	2500
7574	6027
7574	9208
7574	4649
7574	3726
7574	7296
7574	7938
7574	2024
7574	6977
7574	609
7575	659
7575	7109
7575	8157
7575	1866
7575	8791
7575	5708
7575	1480
7575	121
7575	1363
7575	1746
7576	953
7576	3080
7576	3997
7576	280
7576	5812
7576	990
7576	1065
7576	1149
7576	4911
7576	9872
7577	9942
7577	2185
7577	2469
7577	2730
7577	9271
7577	7148
7577	5931
7577	6094
7577	3866
7577	4053
7578	1209
7578	5455
7578	1265
7578	9102
7578	620
7578	7239
7578	5474
7578	4680
7578	4521
7578	2690
7579	9146
7579	4647
7579	2403
7579	4960
7579	3447
7579	526
7579	3814
7579	4359
7579	1513
7579	9737
7580	9664
7580	1359
7580	3868
7580	1816
7580	1118
7580	7066
7580	9770
7580	3599
7580	2845
7580	4472
7581	7915
7581	7591
7581	4111
7581	5966
7581	605
7581	6544
7581	4879
7581	7615
7581	7750
7581	6867
7582	6788
7582	7479
7582	3792
7582	7072
7582	9400
7582	7905
7582	6411
7582	8965
7582	6871
7582	1439
7583	8686
7583	8924
7583	5141
7583	484
7583	721
7583	5853
7583	9138
7583	7090
7583	2307
7583	126
7584	8862
7584	3542
7584	8663
7584	9285
7584	5793
7584	7130
7584	307
7584	662
7584	8481
7584	1427
7585	7804
7585	3064
7585	3169
7585	3037
7585	6390
7585	8777
7585	9148
7585	3376
7585	2471
7585	7593
7586	8360
7586	5044
7586	8116
7586	8451
7586	7154
7586	5129
7586	5316
7586	1011
7586	6376
7586	541
7587	2217
7587	2189
7587	7960
7587	8689
7587	3999
7587	3914
7587	6754
7587	4051
7587	8328
7587	9248
7588	6935
7588	818
7588	3809
7588	7465
7588	4723
7588	1012
7588	948
7588	3958
7588	9076
7588	7555
7589	1472
7589	6819
7589	6979
7589	7365
7589	3038
7589	4845
7589	429
7589	1190
7589	5377
7589	4082
7590	7135
7590	9505
7590	9795
7590	9068
7590	2334
7590	6260
7590	383
7590	4628
7590	3899
7590	5316
7591	3627
7591	5624
7591	2677
7591	6762
7591	2
7591	9262
7591	9664
7591	5819
7591	3641
7591	2337
7592	2209
7592	3994
7592	7056
7592	7549
7592	6665
7592	9733
7592	9098
7592	4231
7592	7433
7592	4527
7593	1373
7593	5394
7593	3999
7593	8145
7593	2778
7593	5547
7593	2457
7593	6430
7593	969
7593	7450
7594	2116
7594	945
7594	3404
7594	3768
7594	9747
7594	2354
7594	7818
7594	26
7594	1824
7594	6447
7595	2558
7595	8171
7595	8668
7595	8009
7595	5087
7595	1822
7595	2366
7595	4861
7595	8987
7595	1816
7596	9808
7596	847
7596	2756
7596	3148
7596	8349
7596	2329
7596	1743
7596	9867
7596	4470
7596	842
7597	1264
7597	2643
7597	5785
7597	130
7597	9043
7597	2710
7597	7456
7597	2086
7597	3626
7597	9370
7598	3279
7598	7564
7598	8318
7598	7664
7598	3040
7598	188
7598	6158
7598	9134
7598	3535
7598	8832
7599	8971
7599	2513
7599	8413
7599	3868
7599	5749
7599	294
7599	7106
7599	9610
7599	900
7599	1348
7600	1862
7600	5456
7600	7437
7600	6450
7600	2775
7600	6511
7600	4529
7600	4646
7600	7999
7600	1449
7601	2645
7601	1713
7601	4059
7601	939
7601	5311
7601	850
7601	1262
7601	7035
7601	1967
7601	1663
7602	6238
7602	2918
7602	5767
7602	3096
7602	1189
7602	1795
7602	1253
7602	9826
7602	2972
7602	8934
7603	6375
7603	9814
7603	6501
7603	4735
7603	8365
7603	4136
7603	3517
7603	9697
7603	4676
7603	752
7604	4676
7604	3451
7604	1199
7604	7719
7604	5707
7604	6112
7604	7760
7604	3353
7604	2776
7604	9163
7605	7340
7605	3041
7605	691
7605	4250
7605	3332
7605	9206
7605	1022
7605	9119
7605	4353
7605	268
7606	4507
7606	1329
7606	7320
7606	5261
7606	3348
7606	7872
7606	9072
7606	1022
7606	7281
7606	9819
7607	8078
7607	8810
7607	3359
7607	6019
7607	753
7607	3795
7607	102
7607	5501
7607	9471
7607	3772
7608	541
7608	7518
7608	6193
7608	2587
7608	7822
7608	2058
7608	571
7608	8796
7608	650
7608	7414
7609	5582
7609	3387
7609	8544
7609	3007
7609	1942
7609	8904
7609	1282
7609	3333
7609	6091
7609	9274
7610	7564
7610	6348
7610	9961
7610	2453
7610	2060
7610	2829
7610	9264
7610	1316
7610	5910
7610	6398
7611	1107
7611	4087
7611	9508
7611	2547
7611	3967
7611	4176
7611	1278
7611	4493
7611	1784
7611	922
7612	3917
7612	5560
7612	7410
7612	1954
7612	2993
7612	4827
7612	3863
7612	4793
7612	2454
7612	9101
7613	3062
7613	8898
7613	6188
7613	9299
7613	8124
7613	3992
7613	1783
7613	2648
7613	7019
7613	4453
7614	5955
7614	7463
7614	4615
7614	6128
7614	4975
7614	7765
7614	1833
7614	9867
7614	8379
7614	457
7615	9913
7615	6073
7615	2975
7615	8896
7615	8733
7615	9795
7615	7388
7615	1818
7615	7398
7615	1148
7616	4452
7616	5231
7616	4995
7616	8944
7616	973
7616	4557
7616	4240
7616	2057
7616	1052
7616	2754
7617	6478
7617	5106
7617	6574
7617	7632
7617	1001
7617	4795
7617	6696
7617	2594
7617	7737
7617	5821
7618	2123
7618	3013
7618	6828
7618	2267
7618	7865
7618	9193
7618	5235
7618	7546
7618	6011
7618	2425
7619	7946
7619	9182
7619	6035
7619	8617
7619	8297
7619	7128
7619	6306
7619	9108
7619	6497
7619	2509
7620	1126
7620	2372
7620	5844
7620	9251
7620	1476
7620	5079
7620	6095
7620	2956
7620	7259
7620	5232
7621	3752
7621	1103
7621	6648
7621	8919
7621	8902
7621	460
7621	2055
7621	9434
7621	3421
7621	2861
7622	3600
7622	887
7622	1113
7622	1812
7622	2234
7622	5170
7622	5269
7622	8988
7622	2191
7622	9375
7623	4841
7623	2352
7623	458
7623	963
7623	4165
7623	6538
7623	9998
7623	8881
7623	916
7623	8499
7624	3479
7624	3029
7624	3987
7624	6979
7624	8111
7624	1062
7624	4584
7624	4673
7624	4329
7624	1428
7625	7952
7625	1949
7625	9789
7625	460
7625	254
7625	2440
7625	1507
7625	9293
7625	659
7625	3844
7626	5866
7626	2950
7626	6281
7626	5804
7626	1512
7626	4600
7626	4476
7626	6909
7626	4457
7626	7042
7627	9
7627	9842
7627	5648
7627	9983
7627	9509
7627	729
7627	8952
7627	2389
7627	4411
7627	2661
7628	3333
7628	574
7628	9393
7628	3261
7628	8320
7628	1396
7628	5242
7628	9214
7628	4174
7628	4734
7629	6907
7629	2767
7629	1137
7629	6185
7629	2301
7629	870
7629	1642
7629	1838
7629	2761
7629	3807
7630	9147
7630	7903
7630	2724
7630	4687
7630	5441
7630	1698
7630	16
7630	7430
7630	1051
7630	9295
7631	3382
7631	1717
7631	204
7631	3948
7631	9863
7631	3821
7631	9523
7631	7859
7631	6239
7631	8452
7632	7226
7632	2333
7632	4034
7632	6329
7632	3561
7632	2796
7632	1319
7632	9676
7632	8289
7632	6520
7633	264
7633	5959
7633	3181
7633	5658
7633	4230
7633	8505
7633	4081
7633	7211
7633	9166
7633	8349
7634	403
7634	428
7634	3682
7634	7483
7634	2477
7634	6120
7634	9459
7634	2099
7634	3453
7634	3731
7635	2284
7635	6434
7635	3101
7635	8086
7635	1486
7635	5557
7635	8447
7635	2660
7635	1247
7635	6683
7636	3421
7636	5579
7636	4986
7636	6934
7636	8448
7636	4640
7636	3117
7636	5704
7636	2793
7636	6864
7637	3199
7637	6636
7637	5415
7637	8446
7637	6835
7637	4089
7637	4625
7637	3004
7637	8907
7637	7163
7638	2284
7638	6537
7638	7749
7638	7293
7638	9134
7638	6
7638	2217
7638	9554
7638	7904
7638	373
7639	7357
7639	12
7639	8263
7639	2579
7639	9338
7639	6476
7639	761
7639	382
7639	5739
7639	80
7640	6777
7640	4525
7640	7864
7640	3489
7640	9210
7640	1825
7640	1305
7640	5042
7640	5754
7640	6513
7641	2191
7641	8588
7641	4786
7641	5923
7641	5025
7641	2620
7641	846
7641	7114
7641	8322
7641	7354
7642	9239
7642	2103
7642	3828
7642	6043
7642	7389
7642	2481
7642	5981
7642	5269
7642	5283
7642	2028
7643	8705
7643	20
7643	8530
7643	2158
7643	1592
7643	5322
7643	9786
7643	7808
7643	3080
7643	4771
7644	3208
7644	2442
7644	9668
7644	1815
7644	7383
7644	1446
7644	5143
7644	4783
7644	3327
7644	7209
7645	9642
7645	4651
7645	7848
7645	1295
7645	9066
7645	2816
7645	8870
7645	5677
7645	2298
7645	6248
7646	8093
7646	703
7646	853
7646	8908
7646	881
7646	2017
7646	8881
7646	2564
7646	7589
7646	4885
7647	6130
7647	8811
7647	9583
7647	4474
7647	5518
7647	4755
7647	7239
7647	5006
7647	5138
7647	9553
7648	1955
7648	1187
7648	8421
7648	8101
7648	7533
7648	5084
7648	5404
7648	6768
7648	109
7648	7528
7649	2073
7649	2143
7649	3123
7649	2963
7649	6835
7649	4921
7649	9622
7649	6185
7649	7707
7649	3766
7650	8808
7650	1598
7650	4048
7650	2126
7650	9366
7650	4274
7650	9053
7650	564
7650	1652
7650	7651
7651	4552
7651	9230
7651	7071
7651	7887
7651	5777
7651	776
7651	9294
7651	9797
7651	321
7651	492
7652	4661
7652	3621
7652	5286
7652	2167
7652	3665
7652	114
7652	1355
7652	7084
7652	823
7652	6518
7653	9143
7653	1882
7653	4231
7653	2668
7653	4563
7653	8830
7653	3804
7653	9385
7653	4342
7653	8725
7654	824
7654	3757
7654	5103
7654	111
7654	2099
7654	6357
7654	1806
7654	3648
7654	2203
7654	6724
7655	4440
7655	9059
7655	1699
7655	4784
7655	816
7655	1918
7655	1255
7655	8356
7655	963
7655	697
7656	9010
7656	5034
7656	1407
7656	6211
7656	6537
7656	6981
7656	8528
7656	9740
7656	7089
7656	5335
7657	5090
7657	6234
7657	9717
7657	6570
7657	7773
7657	8337
7657	1224
7657	945
7657	5180
7657	2815
7658	1708
7658	3805
7658	6457
7658	2514
7658	6870
7658	9899
7658	5294
7658	2360
7658	1119
7658	4254
7659	121
7659	9081
7659	8820
7659	2068
7659	864
7659	402
7659	3925
7659	2831
7659	262
7659	2957
7660	5500
7660	7533
7660	5748
7660	2797
7660	1040
7660	2556
7660	5019
7660	5806
7660	3844
7660	9213
7661	8843
7661	6252
7661	3540
7661	6610
7661	6901
7661	3765
7661	7874
7661	480
7661	5288
7661	6058
7662	3508
7662	191
7662	5542
7662	7040
7662	7823
7662	5532
7662	7417
7662	3049
7662	4305
7662	7832
7663	3167
7663	7457
7663	6922
7663	2126
7663	3600
7663	192
7663	4460
7663	1202
7663	7435
7663	5127
7664	2649
7664	4548
7664	9908
7664	3453
7664	1912
7664	7247
7664	6276
7664	3943
7664	9296
7664	4897
7665	6437
7665	3310
7665	6667
7665	2315
7665	612
7665	7384
7665	6415
7665	3457
7665	3947
7665	4800
7666	9778
7666	4501
7666	9329
7666	1924
7666	363
7666	3381
7666	3067
7666	8080
7666	8940
7666	6753
7667	2186
7667	4951
7667	5409
7667	4572
7667	277
7667	8384
7667	5094
7667	7186
7667	4132
7667	5679
7668	3606
7668	8773
7668	496
7668	5334
7668	1419
7668	2595
7668	9967
7668	1011
7668	3038
7668	7202
7669	9435
7669	2646
7669	8875
7669	9381
7669	5291
7669	2463
7669	9339
7669	1116
7669	2130
7669	8429
7670	9913
7670	9725
7670	5334
7670	9705
7670	7557
7670	569
7670	671
7670	9303
7670	9890
7670	1955
7671	2749
7671	7847
7671	969
7671	9041
7671	1166
7671	7261
7671	112
7671	6907
7671	352
7671	3998
7672	3750
7672	9658
7672	4420
7672	7613
7672	6428
7672	7870
7672	2935
7672	4267
7672	6444
7672	475
7673	3083
7673	3488
7673	8828
7673	4418
7673	9691
7673	9686
7673	4021
7673	2230
7673	3481
7673	5173
7674	9401
7674	2042
7674	6299
7674	4003
7674	807
7674	988
7674	4058
7674	1300
7674	3739
7674	7989
7675	4280
7675	8981
7675	755
7675	6051
7675	3129
7675	1144
7675	637
7675	9634
7675	9865
7675	8831
7676	2844
7676	7475
7676	366
7676	2383
7676	2188
7676	6997
7676	1756
7676	6857
7676	4656
7676	3351
7677	2100
7677	5332
7677	2448
7677	4914
7677	7836
7677	8082
7677	3840
7677	4950
7677	5381
7677	6101
7678	901
7678	2416
7678	4064
7678	7747
7678	6849
7678	1614
7678	5278
7678	6422
7678	4379
7678	1765
7679	3829
7679	6855
7679	5172
7679	1110
7679	2888
7679	51
7679	9907
7679	3343
7679	8901
7679	1653
7680	1809
7680	390
7680	969
7680	5908
7680	3274
7680	3535
7680	3857
7680	3160
7680	5639
7680	3064
7681	2110
7681	552
7681	7693
7681	6993
7681	1591
7681	9217
7681	7795
7681	3324
7681	4847
7681	6901
7682	3893
7682	6495
7682	1640
7682	5478
7682	1987
7682	7455
7682	5619
7682	5934
7682	7360
7682	3404
7683	7803
7683	7110
7683	5208
7683	5567
7683	9319
7683	4560
7683	3086
7683	3650
7683	6919
7683	2031
7684	2210
7684	8860
7684	9215
7684	6033
7684	4152
7684	5975
7684	8821
7684	5818
7684	6446
7684	1566
7685	5298
7685	840
7685	3560
7685	4490
7685	5284
7685	9417
7685	7460
7685	929
7685	43
7685	42
7686	2328
7686	449
7686	7561
7686	2108
7686	8202
7686	8782
7686	2068
7686	7615
7686	5348
7686	4118
7687	5367
7687	7562
7687	6336
7687	5837
7687	1348
7687	9230
7687	1960
7687	6230
7687	9087
7687	2127
7688	2532
7688	4766
7688	5121
7688	2921
7688	7238
7688	4592
7688	9606
7688	3100
7688	5933
7688	7829
7689	5214
7689	7709
7689	9573
7689	3299
7689	3834
7689	6249
7689	1423
7689	1456
7689	141
7689	5481
7690	8702
7690	6721
7690	409
7690	2253
7690	2528
7690	2540
7690	8364
7690	7340
7690	8138
7690	719
7691	4195
7691	9591
7691	6863
7691	6762
7691	3662
7691	4165
7691	5682
7691	5787
7691	3592
7691	7405
7692	8870
7692	4276
7692	5091
7692	703
7692	233
7692	6825
7692	8201
7692	9550
7692	3456
7692	6004
7693	9957
7693	5230
7693	7783
7693	5117
7693	8057
7693	7705
7693	799
7693	1550
7693	6572
7693	9368
7694	4149
7694	5944
7694	4838
7694	3875
7694	9467
7694	8502
7694	1458
7694	3534
7694	9498
7694	5937
7695	563
7695	7698
7695	4995
7695	5672
7695	9189
7695	9816
7695	8165
7695	5722
7695	3311
7695	1870
7696	156
7696	4306
7696	5015
7696	4876
7696	6821
7696	57
7696	1005
7696	1885
7696	6961
7696	6242
7697	7521
7697	1805
7697	5585
7697	7898
7697	5158
7697	7900
7697	6785
7697	584
7697	5491
7697	7883
7698	3672
7698	9944
7698	5609
7698	8760
7698	2626
7698	8967
7698	1619
7698	3432
7698	5061
7698	2074
7699	5264
7699	2074
7699	3229
7699	3606
7699	4175
7699	6720
7699	3729
7699	1820
7699	3920
7699	813
7700	8950
7700	7807
7700	776
7700	1722
7700	8739
7700	91
7700	1963
7700	9115
7700	3620
7700	8346
7701	8626
7701	4226
7701	9472
7701	7592
7701	672
7701	9707
7701	3146
7701	2282
7701	8858
7701	698
7702	1844
7702	637
7702	7288
7702	1414
7702	6496
7702	8837
7702	9611
7702	4271
7702	3415
7702	2307
7703	8957
7703	7295
7703	7985
7703	7413
7703	3430
7703	427
7703	5953
7703	1365
7703	9569
7703	5835
7704	9902
7704	25
7704	6830
7704	2976
7704	3366
7704	3281
7704	1082
7704	5906
7704	13
7704	9611
7705	5788
7705	2732
7705	2111
7705	5203
7705	3823
7705	6348
7705	6221
7705	7638
7705	9654
7705	4370
7706	2346
7706	5961
7706	3292
7706	3463
7706	1072
7706	6465
7706	1038
7706	3279
7706	7381
7706	5711
7707	7649
7707	393
7707	9759
7707	5682
7707	1915
7707	7943
7707	1011
7707	1263
7707	8057
7707	2320
7708	931
7708	5719
7708	4172
7708	5717
7708	9052
7708	5444
7708	570
7708	4476
7708	577
7708	9819
7709	1508
7709	346
7709	4579
7709	8670
7709	2806
7709	4232
7709	9528
7709	8661
7709	3265
7709	8969
7710	7719
7710	187
7710	8934
7710	5135
7710	3856
7710	2327
7710	6889
7710	8148
7710	8199
7710	2897
7711	1792
7711	8219
7711	5198
7711	8479
7711	4547
7711	99
7711	8713
7711	2904
7711	3800
7711	9707
7712	9687
7712	7744
7712	6773
7712	2174
7712	1686
7712	1132
7712	808
7712	7170
7712	7106
7712	838
7713	7396
7713	9980
7713	9380
7713	4163
7713	1306
7713	5027
7713	6609
7713	2083
7713	6107
7713	1243
7714	6466
7714	5938
7714	1497
7714	5695
7714	3110
7714	3580
7714	1362
7714	7096
7714	8742
7714	4784
7715	458
7715	9189
7715	4363
7715	2688
7715	6646
7715	7794
7715	780
7715	9363
7715	2622
7715	2517
7716	6912
7716	815
7716	3547
7716	3458
7716	615
7716	6113
7716	6082
7716	8081
7716	3385
7716	6307
7717	1065
7717	4966
7717	1410
7717	8622
7717	8950
7717	7700
7717	6899
7717	9852
7717	8935
7717	2077
7718	7103
7718	5724
7718	2249
7718	8271
7718	5713
7718	4016
7718	5511
7718	2457
7718	585
7718	9742
7719	7870
7719	9607
7719	1296
7719	3294
7719	4127
7719	4413
7719	9802
7719	789
7719	3986
7719	8822
7720	2114
7720	6783
7720	3326
7720	6133
7720	8128
7720	9990
7720	4242
7720	9649
7720	1340
7720	928
7721	7609
7721	5610
7721	9983
7721	7826
7721	1616
7721	4862
7721	8179
7721	8835
7721	4346
7721	7317
7722	4544
7722	6031
7722	6261
7722	6514
7722	1456
7722	891
7722	7036
7722	817
7722	9671
7722	6205
7723	4703
7723	4632
7723	322
7723	2989
7723	394
7723	3561
7723	9245
7723	1147
7723	3610
7723	1866
7724	4718
7724	1861
7724	3194
7724	2625
7724	2841
7724	7774
7724	8492
7724	2391
7724	3768
7724	7497
7725	9528
7725	7580
7725	7781
7725	2115
7725	581
7725	6779
7725	2598
7725	4189
7725	533
7725	2162
7726	5473
7726	3115
7726	8709
7726	1911
7726	180
7726	3931
7726	1403
7726	7203
7726	6004
7726	9086
7727	9305
7727	7401
7727	617
7727	7628
7727	3669
7727	3873
7727	8258
7727	6870
7727	992
7727	1895
7728	8028
7728	7620
7728	4411
7728	3172
7728	8129
7728	153
7728	8557
7728	1930
7728	4337
7728	9468
7729	4817
7729	7713
7729	4651
7729	1250
7729	5917
7729	5857
7729	8855
7729	9189
7729	2683
7729	1504
7730	1697
7730	572
7730	236
7730	8896
7730	8742
7730	631
7730	9638
7730	3084
7730	817
7730	4157
7731	790
7731	6732
7731	7277
7731	9865
7731	9288
7731	9385
7731	2666
7731	2017
7731	3976
7731	2465
7732	8552
7732	3772
7732	6342
7732	6103
7732	4503
7732	2591
7732	433
7732	1183
7732	1613
7732	4659
7733	6482
7733	5036
7733	438
7733	8041
7733	8599
7733	4210
7733	4629
7733	6623
7733	7451
7733	8949
7734	9940
7734	1218
7734	6168
7734	2680
7734	3518
7734	4857
7734	3216
7734	3606
7734	3516
7734	6619
7735	7852
7735	5104
7735	8057
7735	1411
7735	7627
7735	1972
7735	1543
7735	6435
7735	7539
7735	5125
7736	994
7736	2206
7736	6638
7736	9727
7736	7507
7736	4406
7736	4290
7736	9200
7736	5579
7736	2183
7737	8712
7737	7095
7737	5482
7737	9752
7737	8820
7737	4907
7737	9308
7737	3074
7737	567
7737	3923
7738	1504
7738	1152
7738	8922
7738	4728
7738	6261
7738	8672
7738	2451
7738	2035
7738	6732
7738	4795
7739	1110
7739	2206
7739	8709
7739	1777
7739	8156
7739	8337
7739	5442
7739	6816
7739	5597
7739	1915
7740	3425
7740	2548
7740	7677
7740	817
7740	6506
7740	5373
7740	3492
7740	8652
7740	193
7740	7138
7741	5773
7741	741
7741	6677
7741	9043
7741	45
7741	787
7741	4284
7741	7122
7741	2017
7741	7310
7742	6663
7742	9884
7742	7797
7742	7552
7742	6424
7742	3491
7742	2984
7742	5864
7742	6480
7742	130
7743	6888
7743	1886
7743	8781
7743	1262
7743	1413
7743	8009
7743	4398
7743	7307
7743	1973
7743	7705
7744	581
7744	2449
7744	5435
7744	981
7744	1877
7744	5643
7744	5339
7744	5268
7744	4226
7744	6956
7745	1724
7745	7830
7745	543
7745	3468
7745	3320
7745	7884
7745	4279
7745	3076
7745	4686
7745	8798
7746	1404
7746	1616
7746	4462
7746	8964
7746	9177
7746	9347
7746	2386
7746	5422
7746	3556
7746	8514
7747	2158
7747	9851
7747	9283
7747	5738
7747	7884
7747	2650
7747	4186
7747	791
7747	6605
7747	1755
7748	2734
7748	4717
7748	2203
7748	6739
7748	2098
7748	6220
7748	8237
7748	8194
7748	5810
7748	6297
7749	2723
7749	1914
7749	6853
7749	3672
7749	8703
7749	673
7749	7792
7749	7056
7749	1347
7749	9954
7750	9150
7750	3800
7750	9330
7750	6930
7750	4092
7750	8221
7750	3376
7750	9380
7750	2909
7750	6268
7751	4735
7751	8989
7751	3037
7751	2141
7751	282
7751	5848
7751	7323
7751	8541
7751	1624
7751	6164
7752	8093
7752	6358
7752	2395
7752	3357
7752	9982
7752	5069
7752	2021
7752	6934
7752	8737
7752	9584
7753	4556
7753	8466
7753	5658
7753	7831
7753	9093
7753	8953
7753	7881
7753	2745
7753	7125
7753	9678
7754	6411
7754	4000
7754	4834
7754	4026
7754	422
7754	6866
7754	7471
7754	7336
7754	9309
7754	9814
7755	6463
7755	9519
7755	6071
7755	8899
7755	4481
7755	4773
7755	115
7755	7896
7755	2342
7755	4273
7756	8131
7756	2133
7756	8141
7756	8350
7756	603
7756	1110
7756	6971
7756	2200
7756	7875
7756	7035
7757	8941
7757	6001
7757	1236
7757	3916
7757	6077
7757	5123
7757	8741
7757	2073
7757	8880
7757	2901
7758	7035
7758	2331
7758	2246
7758	7050
7758	7037
7758	960
7758	927
7758	2137
7758	9435
7758	5207
7759	7105
7759	1990
7759	2801
7759	3886
7759	4457
7759	7978
7759	821
7759	3260
7759	3646
7759	2969
7760	4163
7760	714
7760	5363
7760	6434
7760	9354
7760	9921
7760	551
7760	7381
7760	7235
7760	5304
7761	5823
7761	8476
7761	1680
7761	7434
7761	6579
7761	7613
7761	5579
7761	3596
7761	3707
7761	9643
7762	4865
7762	8490
7762	4420
7762	6957
7762	8244
7762	1872
7762	7976
7762	1989
7762	5368
7762	9240
7763	8303
7763	5242
7763	8732
7763	6640
7763	4815
7763	9899
7763	7527
7763	3059
7763	6607
7763	711
7764	7167
7764	8677
7764	8769
7764	3855
7764	6419
7764	6486
7764	3730
7764	8290
7764	8223
7764	5808
7765	5294
7765	675
7765	6453
7765	1948
7765	86
7765	2835
7765	3942
7765	4012
7765	5922
7765	9176
7766	4708
7766	6903
7766	9141
7766	8211
7766	3068
7766	4596
7766	8809
7766	9116
7766	4070
7766	4791
7767	9021
7767	1652
7767	2106
7767	1434
7767	3228
7767	460
7767	1124
7767	4121
7767	8890
7767	6678
7768	6098
7768	1458
7768	533
7768	8067
7768	4407
7768	4240
7768	3876
7768	9101
7768	4302
7768	4806
7769	7045
7769	7718
7769	2834
7769	1186
7769	6720
7769	9117
7769	8441
7769	1488
7769	7113
7769	1240
7770	5064
7770	8517
7770	742
7770	5147
7770	2328
7770	7407
7770	8931
7770	4407
7770	3119
7770	4412
7771	2265
7771	6308
7771	3692
7771	4066
7771	8798
7771	1545
7771	212
7771	8414
7771	9212
7771	6776
7772	7709
7772	973
7772	7063
7772	6636
7772	1112
7772	7410
7772	3270
7772	2228
7772	4241
7772	8978
7773	8142
7773	8935
7773	6243
7773	7859
7773	636
7773	2399
7773	9892
7773	6000
7773	5602
7773	4043
7774	6240
7774	3928
7774	707
7774	2090
7774	4916
7774	1635
7774	9805
7774	972
7774	8942
7774	7066
7775	6304
7775	5442
7775	8388
7775	3021
7775	9263
7775	3774
7775	1573
7775	811
7775	8810
7775	5478
7776	524
7776	9359
7776	1806
7776	5354
7776	2841
7776	5687
7776	535
7776	8644
7776	100
7776	2722
7777	3266
7777	3292
7777	5498
7777	8683
7777	8817
7777	1204
7777	9454
7777	6434
7777	9454
7777	1825
7778	1175
7778	711
7778	6824
7778	2930
7778	5925
7778	319
7778	8711
7778	2331
7778	9335
7778	2886
7779	8629
7779	7685
7779	1869
7779	9201
7779	453
7779	779
7779	9775
7779	8342
7779	4639
7779	324
7780	3168
7780	3595
7780	3388
7780	2193
7780	3034
7780	7454
7780	71
7780	67
7780	5381
7780	8094
7781	752
7781	7801
7781	2048
7781	8257
7781	2242
7781	958
7781	2937
7781	235
7781	4296
7781	7121
7782	3641
7782	3760
7782	6730
7782	6727
7782	7971
7782	2998
7782	7990
7782	9882
7782	5290
7782	156
7783	7285
7783	3849
7783	3756
7783	3760
7783	3889
7783	9493
7783	6579
7783	8843
7783	175
7783	8357
7784	2073
7784	4644
7784	9262
7784	2642
7784	6349
7784	5524
7784	2023
7784	4306
7784	595
7784	6354
7785	8993
7785	4310
7785	3676
7785	9566
7785	9331
7785	6120
7785	5794
7785	2165
7785	6139
7785	1769
7786	4955
7786	635
7786	1545
7786	2071
7786	6274
7786	5385
7786	2788
7786	3308
7786	283
7786	4728
7787	806
7787	6570
7787	3539
7787	4542
7787	2474
7787	9257
7787	2206
7787	1016
7787	7682
7787	8830
7788	5442
7788	9450
7788	6106
7788	2635
7788	3457
7788	3335
7788	117
7788	6515
7788	8384
7788	3347
7789	9956
7789	8447
7789	256
7789	1135
7789	7210
7789	5551
7789	1746
7789	1624
7789	2888
7789	7570
7790	9897
7790	8910
7790	8959
7790	6009
7790	4164
7790	3718
7790	9277
7790	1171
7790	3835
7790	6779
7791	6250
7791	1525
7791	8095
7791	778
7791	9949
7791	145
7791	878
7791	6211
7791	120
7791	9389
7792	3149
7792	4761
7792	9566
7792	8474
7792	3819
7792	6668
7792	2020
7792	5366
7792	908
7792	1997
7793	4099
7793	4186
7793	8807
7793	8118
7793	2537
7793	2127
7793	7519
7793	8462
7793	4038
7793	7275
7794	2285
7794	3359
7794	2072
7794	435
7794	161
7794	1070
7794	9755
7794	6356
7794	7151
7794	1273
7795	4226
7795	5139
7795	6398
7795	529
7795	9157
7795	7510
7795	6023
7795	9320
7795	770
7795	2180
7796	4271
7796	9681
7796	5721
7796	8178
7796	3511
7796	6048
7796	7035
7796	9145
7796	5192
7796	9405
7797	2209
7797	7492
7797	9356
7797	5064
7797	3102
7797	5403
7797	4011
7797	3585
7797	7188
7797	7540
7798	2032
7798	8647
7798	3408
7798	2565
7798	7386
7798	4614
7798	3892
7798	7678
7798	211
7798	9832
7799	3111
7799	2048
7799	2637
7799	5033
7799	970
7799	9970
7799	8560
7799	2067
7799	2324
7799	8184
7800	6120
7800	9526
7800	5114
7800	1020
7800	4107
7800	534
7800	7611
7800	4711
7800	2043
7800	4349
7801	1426
7801	6859
7801	3423
7801	7959
7801	7625
7801	1447
7801	9098
7801	5342
7801	421
7801	2905
7802	2031
7802	8503
7802	1078
7802	6930
7802	8452
7802	8476
7802	7375
7802	4102
7802	8562
7802	1567
7803	812
7803	378
7803	1472
7803	433
7803	7362
7803	8237
7803	7772
7803	8843
7803	7699
7803	5739
7804	7191
7804	1393
7804	3870
7804	6701
7804	5167
7804	7859
7804	6810
7804	5611
7804	5003
7804	6460
7805	5040
7805	9560
7805	9376
7805	2487
7805	6710
7805	4580
7805	3436
7805	7041
7805	7174
7805	9198
7806	2418
7806	8636
7806	9499
7806	8409
7806	5104
7806	9631
7806	5863
7806	9993
7806	1661
7806	1665
7807	3857
7807	6181
7807	8184
7807	2213
7807	3303
7807	8976
7807	9721
7807	3808
7807	4524
7807	9281
7808	1148
7808	8885
7808	9197
7808	8254
7808	1048
7808	8809
7808	1003
7808	9942
7808	2859
7808	9569
7809	7237
7809	876
7809	6178
7809	8061
7809	7883
7809	5468
7809	9043
7809	8615
7809	3553
7809	1354
7810	3601
7810	3790
7810	55
7810	4509
7810	3490
7810	6414
7810	7055
7810	7557
7810	4864
7810	6726
7811	8261
7811	198
7811	8814
7811	1562
7811	4971
7811	8741
7811	760
7811	7358
7811	9659
7811	2145
7812	1590
7812	2269
7812	3670
7812	2809
7812	2275
7812	2068
7812	5648
7812	7443
7812	9758
7812	8895
7813	594
7813	2336
7813	7410
7813	4687
7813	6014
7813	2555
7813	8152
7813	2846
7813	3971
7813	606
7814	5362
7814	7220
7814	8600
7814	8940
7814	6190
7814	2828
7814	450
7814	912
7814	9388
7814	9929
7815	7154
7815	7867
7815	972
7815	2514
7815	7680
7815	3715
7815	3817
7815	1760
7815	1592
7815	2416
7816	2911
7816	1641
7816	6942
7816	8752
7816	1344
7816	8711
7816	8892
7816	2998
7816	7678
7816	6086
7817	9675
7817	5075
7817	9746
7817	31
7817	3374
7817	9455
7817	116
7817	7117
7817	4259
7817	6318
7818	7616
7818	9846
7818	4371
7818	6703
7818	1401
7818	473
7818	2858
7818	6630
7818	6144
7818	8931
7819	8369
7819	4643
7819	7361
7819	7455
7819	2457
7819	1366
7819	8135
7819	645
7819	8956
7819	2099
7820	5168
7820	7935
7820	6274
7820	4616
7820	6460
7820	2623
7820	9378
7820	8069
7820	2622
7820	4674
7821	7994
7821	3404
7821	4130
7821	2452
7821	6718
7821	6062
7821	5064
7821	8934
7821	1862
7821	2789
7822	1312
7822	2992
7822	7856
7822	4014
7822	2138
7822	8861
7822	5564
7822	2105
7822	6129
7822	3870
7823	6686
7823	4527
7823	8981
7823	5504
7823	7948
7823	8346
7823	7583
7823	67
7823	6550
7823	6938
7824	7334
7824	1031
7824	2526
7824	6272
7824	989
7824	3570
7824	5872
7824	7175
7824	1130
7824	2109
7825	6772
7825	4861
7825	4082
7825	1737
7825	8941
7825	2993
7825	8659
7825	8577
7825	7717
7825	600
7826	7937
7826	4793
7826	2534
7826	3202
7826	1808
7826	6888
7826	483
7826	5651
7826	1019
7826	326
7827	598
7827	228
7827	3407
7827	9510
7827	1164
7827	9825
7827	4869
7827	1137
7827	5345
7827	7962
7828	6071
7828	8563
7828	4392
7828	6327
7828	5710
7828	5589
7828	1545
7828	2146
7828	2831
7828	4054
7829	4658
7829	6158
7829	5829
7829	1809
7829	1480
7829	1415
7829	3726
7829	8794
7829	5167
7829	3277
7830	272
7830	7844
7830	2373
7830	7303
7830	3723
7830	9299
7830	8008
7830	29
7830	5403
7830	1168
7831	1535
7831	4449
7831	2112
7831	5825
7831	8865
7831	7153
7831	3137
7831	8195
7831	2399
7831	8585
7832	2979
7832	6711
7832	4934
7832	1957
7832	9114
7832	4069
7832	6546
7832	1459
7832	3852
7832	8525
7833	5112
7833	9940
7833	1403
7833	4590
7833	4319
7833	9513
7833	9494
7833	6576
7833	1698
7833	2548
7834	5947
7834	6442
7834	6603
7834	980
7834	3728
7834	6300
7834	7780
7834	5537
7834	8860
7834	5296
7835	3739
7835	1888
7835	152
7835	14
7835	5392
7835	1555
7835	4078
7835	7508
7835	1038
7835	2895
7836	9514
7836	538
7836	1441
7836	4137
7836	2539
7836	5249
7836	1208
7836	3406
7836	7120
7836	2498
7837	6001
7837	6120
7837	8563
7837	8268
7837	4580
7837	3483
7837	1620
7837	5015
7837	1514
7837	4893
7838	1735
7838	2804
7838	2000
7838	595
7838	1733
7838	2204
7838	9668
7838	8381
7838	5545
7838	870
7839	5029
7839	6636
7839	4450
7839	2431
7839	5085
7839	4332
7839	2992
7839	4918
7839	9242
7839	8568
7840	3053
7840	859
7840	4928
7840	5479
7840	6213
7840	5774
7840	3699
7840	8827
7840	1481
7840	8110
7841	6089
7841	1187
7841	6879
7841	344
7841	5011
7841	9777
7841	5400
7841	3565
7841	2367
7841	1551
7842	441
7842	9436
7842	4815
7842	5992
7842	9056
7842	3828
7842	1163
7842	4257
7842	3859
7842	1141
7843	1840
7843	3304
7843	6582
7843	2925
7843	2449
7843	2213
7843	6369
7843	6811
7843	1321
7843	1174
7844	5171
7844	1060
7844	7211
7844	4677
7844	2621
7844	6931
7844	8088
7844	1251
7844	231
7844	8772
7845	5676
7845	3551
7845	6867
7845	934
7845	8571
7845	645
7845	4107
7845	692
7845	2387
7845	8996
7846	1128
7846	2580
7846	3654
7846	354
7846	9805
7846	1790
7846	116
7846	6709
7846	8830
7846	2411
7847	4806
7847	8261
7847	430
7847	4052
7847	2832
7847	5983
7847	7058
7847	5935
7847	4544
7847	8303
7848	160
7848	4199
7848	6778
7848	1897
7848	127
7848	4690
7848	1966
7848	9763
7848	7300
7848	8661
7849	4186
7849	7442
7849	3965
7849	9713
7849	7951
7849	2627
7849	1055
7849	3185
7849	3781
7849	2903
7850	8843
7850	2588
7850	7255
7850	552
7850	9007
7850	4019
7850	116
7850	2543
7850	6734
7850	7573
7851	4229
7851	3824
7851	9485
7851	9041
7851	2139
7851	6478
7851	6124
7851	4984
7851	1215
7851	1194
7852	9920
7852	3934
7852	6810
7852	8353
7852	7226
7852	641
7852	3141
7852	4647
7852	7770
7852	4251
7853	9659
7853	7080
7853	2293
7853	6392
7853	2889
7853	4491
7853	2728
7853	682
7853	7584
7853	3951
7854	5942
7854	4478
7854	2332
7854	2101
7854	4492
7854	1537
7854	3064
7854	4753
7854	7248
7854	3030
7855	4871
7855	9552
7855	1862
7855	1477
7855	3729
7855	3192
7855	803
7855	1649
7855	610
7855	5816
7856	498
7856	8602
7856	7163
7856	6632
7856	8218
7856	9045
7856	180
7856	4138
7856	1153
7856	3424
7857	2014
7857	5166
7857	2648
7857	7484
7857	2032
7857	7889
7857	1311
7857	999
7857	7967
7857	4165
7858	1374
7858	9656
7858	1829
7858	828
7858	872
7858	6916
7858	6061
7858	1785
7858	8584
7858	9546
7859	2498
7859	8207
7859	3296
7859	8259
7859	6229
7859	753
7859	3886
7859	3132
7859	2239
7859	2642
7860	4053
7860	6922
7860	5227
7860	4520
7860	2860
7860	9176
7860	6213
7860	2025
7860	9811
7860	9463
7861	6180
7861	822
7861	9193
7861	5398
7861	2674
7861	5122
7861	6639
7861	582
7861	5841
7861	236
7862	7426
7862	7076
7862	890
7862	252
7862	5921
7862	3248
7862	34
7862	5675
7862	7842
7862	4724
7863	7698
7863	7065
7863	8303
7863	7834
7863	1168
7863	6479
7863	3783
7863	4954
7863	918
7863	8613
7864	213
7864	8949
7864	1657
7864	591
7864	8855
7864	2765
7864	932
7864	6041
7864	4645
7864	6043
7865	469
7865	4597
7865	2552
7865	9468
7865	2389
7865	3682
7865	1578
7865	3385
7865	4331
7865	3629
7866	6368
7866	3648
7866	3583
7866	1323
7866	5465
7866	4703
7866	1124
7866	7881
7866	8240
7866	5810
7867	9284
7867	3643
7867	3018
7867	1683
7867	7811
7867	7673
7867	303
7867	210
7867	4840
7867	8801
7868	4493
7868	8867
7868	7305
7868	4777
7868	9794
7868	5585
7868	8248
7868	682
7868	9786
7868	5536
7869	7047
7869	3765
7869	9401
7869	7573
7869	3426
7869	2801
7869	825
7869	1371
7869	3769
7869	3526
7870	4073
7870	3160
7870	2589
7870	8722
7870	4936
7870	9715
7870	9990
7870	2899
7870	6839
7870	2458
7871	6879
7871	7090
7871	6738
7871	2573
7871	1924
7871	4913
7871	3643
7871	8125
7871	3277
7871	9950
7872	2329
7872	1513
7872	484
7872	6199
7872	6410
7872	2130
7872	6652
7872	1990
7872	9945
7872	373
7873	9755
7873	2225
7873	7528
7873	5072
7873	7338
7873	3386
7873	8375
7873	1109
7873	9500
7873	2019
7874	59
7874	7079
7874	1500
7874	5927
7874	3135
7874	4985
7874	7647
7874	2680
7874	3399
7874	8193
7875	9782
7875	8362
7875	8263
7875	2695
7875	7573
7875	3291
7875	2400
7875	1482
7875	7064
7875	1955
7876	861
7876	6454
7876	4385
7876	1885
7876	4560
7876	6716
7876	9180
7876	8455
7876	6241
7876	9679
7877	8731
7877	7167
7877	8170
7877	7762
7877	5175
7877	7407
7877	6221
7877	4904
7877	7668
7877	5746
7878	4828
7878	3821
7878	2845
7878	3802
7878	3171
7878	5952
7878	3705
7878	2219
7878	7195
7878	5376
7879	494
7879	7346
7879	5959
7879	8558
7879	7075
7879	8972
7879	1094
7879	9057
7879	3311
7879	8963
7880	6769
7880	3002
7880	4887
7880	96
7880	4758
7880	6338
7880	7603
7880	1947
7880	8976
7880	7225
7881	6570
7881	6717
7881	8822
7881	6153
7881	3432
7881	1760
7881	9303
7881	7668
7881	7059
7881	2885
7882	8150
7882	7657
7882	1976
7882	4759
7882	6397
7882	6521
7882	849
7882	4032
7882	4779
7882	1627
7883	867
7883	1358
7883	9514
7883	938
7883	5429
7883	8579
7883	8028
7883	6229
7883	8243
7883	9268
7884	3079
7884	9888
7884	5825
7884	1319
7884	7340
7884	2874
7884	8354
7884	6473
7884	7873
7884	2207
7885	171
7885	4527
7885	5762
7885	2574
7885	908
7885	5721
7885	9645
7885	6106
7885	8929
7885	5842
7886	4354
7886	7067
7886	649
7886	5564
7886	7942
7886	3386
7886	5694
7886	8273
7886	3023
7886	8113
7887	486
7887	4717
7887	5019
7887	2065
7887	3910
7887	2603
7887	4912
7887	7953
7887	2696
7887	1356
7888	1023
7888	8983
7888	4503
7888	9952
7888	2273
7888	8934
7888	7548
7888	4581
7888	3864
7888	1172
7889	4244
7889	8931
7889	4681
7889	6581
7889	8313
7889	2929
7889	1608
7889	4830
7889	2556
7889	5086
7890	9355
7890	1919
7890	3934
7890	8421
7890	9547
7890	1120
7890	1439
7890	9979
7890	948
7890	4917
7891	1656
7891	1617
7891	2601
7891	3922
7891	4065
7891	3119
7891	8992
7891	3354
7891	4959
7891	8883
7892	5195
7892	4687
7892	4553
7892	7757
7892	3102
7892	7638
7892	6059
7892	2624
7892	3951
7892	7245
7893	4620
7893	8530
7893	7642
7893	6975
7893	4777
7893	2181
7893	1727
7893	2853
7893	1882
7893	8080
7894	3347
7894	2598
7894	1789
7894	5567
7894	3368
7894	4035
7894	4170
7894	4768
7894	7768
7894	4774
7895	4934
7895	619
7895	7719
7895	1933
7895	3928
7895	3767
7895	6007
7895	3904
7895	7241
7895	1514
7896	2985
7896	9919
7896	8736
7896	6510
7896	9155
7896	7276
7896	2078
7896	6214
7896	8465
7896	4366
7897	9706
7897	1271
7897	5261
7897	4938
7897	9058
7897	640
7897	4374
7897	270
7897	4744
7897	1204
7898	5643
7898	7273
7898	9718
7898	257
7898	8089
7898	507
7898	654
7898	8962
7898	5809
7898	5814
7899	2940
7899	1315
7899	6760
7899	6767
7899	2795
7899	3648
7899	2307
7899	8175
7899	2425
7899	2176
7900	7441
7900	8193
7900	4604
7900	8431
7900	6326
7900	7239
7900	1745
7900	3306
7900	3592
7900	2454
7901	7415
7901	8342
7901	5054
7901	8448
7901	9034
7901	2654
7901	6741
7901	1662
7901	1591
7901	3004
7902	8476
7902	9434
7902	8983
7902	9540
7902	9855
7902	887
7902	1222
7902	4120
7902	4960
7902	9978
7903	7241
7903	7048
7903	3050
7903	7406
7903	7137
7903	4507
7903	7497
7903	8822
7903	5298
7903	527
7904	8335
7904	9014
7904	7767
7904	2813
7904	2803
7904	831
7904	4997
7904	9997
7904	1366
7904	2050
7905	3137
7905	3329
7905	2450
7905	1984
7905	3917
7905	6338
7905	7848
7905	1968
7905	6918
7905	1561
7906	7275
7906	8471
7906	726
7906	7882
7906	534
7906	4276
7906	6954
7906	1351
7906	9690
7906	489
7907	3287
7907	7069
7907	3677
7907	9581
7907	8571
7907	2779
7907	8866
7907	9622
7907	4440
7907	5031
7908	3285
7908	1598
7908	6554
7908	1309
7908	6338
7908	165
7908	4733
7908	8941
7908	3892
7908	8987
7909	6170
7909	5093
7909	6613
7909	7308
7909	5423
7909	6336
7909	9219
7909	729
7909	1274
7909	350
7910	2870
7910	4741
7910	7811
7910	2229
7910	456
7910	7759
7910	1846
7910	5625
7910	9985
7910	2621
7911	7292
7911	2893
7911	7950
7911	6394
7911	2815
7911	1150
7911	6196
7911	8500
7911	159
7911	9527
7912	8945
7912	1117
7912	7990
7912	4121
7912	5284
7912	7562
7912	8589
7912	6595
7912	7338
7912	126
7913	1304
7913	6669
7913	579
7913	4998
7913	9982
7913	1902
7913	1314
7913	7869
7913	8989
7913	714
7914	6095
7914	9120
7914	1690
7914	1602
7914	3565
7914	5927
7914	6516
7914	7186
7914	2758
7914	3593
7915	313
7915	220
7915	3573
7915	2170
7915	7004
7915	9060
7915	6507
7915	5134
7915	3611
7915	180
7916	402
7916	260
7916	5026
7916	720
7916	5421
7916	6781
7916	334
7916	5320
7916	53
7916	278
7917	7471
7917	6489
7917	9663
7917	4789
7917	3745
7917	423
7917	4049
7917	1009
7917	8485
7917	1080
7918	1678
7918	549
7918	1994
7918	5474
7918	1682
7918	8165
7918	8358
7918	5885
7918	8629
7918	7353
7919	7767
7919	7603
7919	7299
7919	9249
7919	9057
7919	3761
7919	8852
7919	1312
7919	5942
7919	6304
7920	4027
7920	4812
7920	6441
7920	9715
7920	3126
7920	1524
7920	6025
7920	3006
7920	8882
7920	2632
7921	1082
7921	5895
7921	6515
7921	9952
7921	1565
7921	7608
7921	6522
7921	4905
7921	6507
7921	8062
7922	6970
7922	2626
7922	1768
7922	8796
7922	8496
7922	538
7922	4416
7922	2955
7922	7258
7922	4941
7923	2717
7923	8915
7923	4925
7923	1729
7923	7514
7923	1960
7923	1619
7923	9694
7923	5806
7923	4740
7924	9987
7924	3998
7924	5078
7924	4019
7924	7531
7924	6268
7924	70
7924	5165
7924	2425
7924	7616
7925	2586
7925	2341
7925	3985
7925	731
7925	1159
7925	9421
7925	5767
7925	8611
7925	2171
7925	3746
7926	8587
7926	2891
7926	1994
7926	5282
7926	9500
7926	5878
7926	834
7926	1844
7926	3930
7926	2053
7927	1310
7927	2036
7927	9629
7927	3568
7927	8245
7927	6819
7927	9991
7927	0
7927	8870
7927	2325
7928	381
7928	7834
7928	5100
7928	7491
7928	3400
7928	5561
7928	5468
7928	4221
7928	3759
7928	4807
7929	2512
7929	7773
7929	6582
7929	5535
7929	659
7929	2043
7929	6942
7929	6020
7929	9425
7929	3204
7930	3340
7930	2773
7930	5436
7930	9039
7930	7195
7930	3968
7930	7557
7930	1230
7930	2628
7930	2642
7931	6030
7931	9029
7931	7432
7931	202
7931	5198
7931	6746
7931	2124
7931	5260
7931	6380
7931	7528
7932	2050
7932	1300
7932	3828
7932	7574
7932	5434
7932	8846
7932	379
7932	1609
7932	4858
7932	5586
7933	1053
7933	9846
7933	2564
7933	7531
7933	8197
7933	3420
7933	9079
7933	3055
7933	5059
7933	166
7934	5926
7934	1958
7934	4008
7934	6065
7934	9861
7934	9535
7934	9061
7934	8077
7934	3636
7934	4848
7935	3896
7935	7145
7935	120
7935	3634
7935	5041
7935	6648
7935	7568
7935	3954
7935	3279
7935	4356
7936	8997
7936	4956
7936	2841
7936	2974
7936	9025
7936	3307
7936	809
7936	7543
7936	862
7936	2669
7937	1034
7937	2718
7937	6508
7937	5960
7937	572
7937	4773
7937	4614
7937	1290
7937	9500
7937	7536
7938	7793
7938	9797
7938	195
7938	6649
7938	6818
7938	3421
7938	6700
7938	6245
7938	6125
7938	1383
7939	6580
7939	2562
7939	6324
7939	1116
7939	3111
7939	7046
7939	2196
7939	3465
7939	3482
7939	5695
7940	4230
7940	6973
7940	435
7940	4103
7940	5715
7940	5149
7940	7322
7940	9590
7940	1301
7940	2419
7941	6671
7941	5444
7941	847
7941	3702
7941	1685
7941	7882
7941	6650
7941	238
7941	2173
7941	6872
7942	5695
7942	7456
7942	9651
7942	2662
7942	1113
7942	9847
7942	6708
7942	7509
7942	18
7942	4677
7943	2006
7943	436
7943	9667
7943	3973
7943	7978
7943	1077
7943	6872
7943	6994
7943	775
7943	785
7944	6299
7944	6873
7944	5737
7944	2221
7944	5485
7944	7011
7944	8631
7944	4237
7944	5351
7944	5809
7945	37
7945	9837
7945	3019
7945	12
7945	4976
7945	5271
7945	2028
7945	3246
7945	4803
7945	852
7946	1239
7946	5918
7946	7851
7946	2473
7946	9401
7946	7633
7946	2249
7946	1004
7946	404
7946	9809
7947	8267
7947	4903
7947	2325
7947	8881
7947	6574
7947	691
7947	5200
7947	6047
7947	648
7947	6271
7948	215
7948	347
7948	2850
7948	2073
7948	4701
7948	1007
7948	1588
7948	135
7948	4192
7948	7601
7949	9640
7949	6730
7949	3574
7949	1861
7949	9716
7949	5386
7949	472
7949	9655
7949	2592
7949	4337
7950	9480
7950	9652
7950	3618
7950	2412
7950	1671
7950	52
7950	9027
7950	1619
7950	1430
7950	6208
7951	5991
7951	8361
7951	4096
7951	2159
7951	7163
7951	1214
7951	1145
7951	1148
7951	8702
7951	7388
7952	6635
7952	1315
7952	5750
7952	6606
7952	2497
7952	3732
7952	2223
7952	2564
7952	6410
7952	2858
7953	2089
7953	7294
7953	557
7953	5449
7953	2717
7953	2982
7953	5603
7953	4096
7953	1672
7953	6813
7954	2639
7954	6116
7954	8283
7954	5283
7954	4737
7954	8582
7954	1712
7954	6886
7954	6976
7954	8464
7955	5743
7955	1972
7955	330
7955	8954
7955	8665
7955	8778
7955	1346
7955	3040
7955	1092
7955	3413
7956	1770
7956	3975
7956	1414
7956	4702
7956	9797
7956	5381
7956	9661
7956	6750
7956	8995
7956	2894
7957	1311
7957	4227
7957	4421
7957	1652
7957	7060
7957	5074
7957	1744
7957	1065
7957	2887
7957	5443
7958	1147
7958	6420
7958	553
7958	9017
7958	6080
7958	8142
7958	1831
7958	3736
7958	1020
7958	4424
7959	3769
7959	7420
7959	9386
7959	3737
7959	74
7959	8996
7959	5337
7959	6352
7959	3325
7959	4279
7960	5722
7960	7138
7960	3435
7960	2945
7960	5835
7960	6341
7960	5136
7960	6530
7960	2910
7960	2450
7961	3995
7961	2563
7961	2910
7961	2085
7961	4366
7961	3602
7961	3029
7961	9813
7961	130
7961	7257
7962	3061
7962	7122
7962	837
7962	9971
7962	7
7962	9107
7962	1738
7962	3348
7962	293
7962	4741
7963	3310
7963	4706
7963	3601
7963	9298
7963	6122
7963	6259
7963	917
7963	7442
7963	846
7963	2003
7964	7432
7964	8207
7964	4156
7964	10
7964	1222
7964	3002
7964	1730
7964	1115
7964	7638
7964	3753
7965	9701
7965	1836
7965	9289
7965	4956
7965	5144
7965	4209
7965	9835
7965	5540
7965	2836
7965	8940
7966	7658
7966	5716
7966	9746
7966	9414
7966	1706
7966	1812
7966	3116
7966	9242
7966	2922
7966	606
7967	961
7967	8692
7967	8415
7967	9264
7967	8985
7967	1214
7967	7551
7967	90
7967	9060
7967	7393
7968	1536
7968	7253
7968	5331
7968	7001
7968	5077
7968	8219
7968	8537
7968	7800
7968	4585
7968	695
7969	608
7969	1559
7969	6339
7969	4775
7969	40
7969	1819
7969	6052
7969	88
7969	9618
7969	1305
7970	1766
7970	3662
7970	5738
7970	5288
7970	4726
7970	1019
7970	7754
7970	7249
7970	3038
7970	6798
7971	8045
7971	2357
7971	6041
7971	8781
7971	4102
7971	5210
7971	9740
7971	2805
7971	2179
7971	2635
7972	4692
7972	3870
7972	8753
7972	1177
7972	3258
7972	8921
7972	6335
7972	2946
7972	7832
7972	6937
7973	636
7973	5012
7973	5650
7973	4314
7973	3588
7973	505
7973	7143
7973	9082
7973	6286
7973	8986
7974	6144
7974	9241
7974	1349
7974	9157
7974	6827
7974	7801
7974	7463
7974	1948
7974	9520
7974	2779
7975	9398
7975	8635
7975	2743
7975	1367
7975	2313
7975	4326
7975	6291
7975	2509
7975	1879
7975	6535
7976	3222
7976	9603
7976	594
7976	2726
7976	5637
7976	8654
7976	59
7976	2205
7976	6223
7976	9205
7977	4366
7977	5115
7977	6421
7977	2439
7977	6583
7977	9493
7977	4516
7977	2592
7977	5336
7977	5563
7978	5189
7978	2203
7978	4315
7978	3608
7978	3305
7978	7435
7978	9388
7978	3492
7978	9368
7978	6939
7979	4864
7979	8896
7979	2414
7979	5376
7979	8109
7979	9124
7979	4702
7979	9884
7979	7206
7979	5648
7980	4211
7980	6020
7980	6905
7980	6495
7980	9572
7980	2375
7980	6526
7980	5745
7980	1729
7980	5387
7981	4360
7981	8135
7981	8796
7981	5131
7981	6878
7981	5430
7981	1327
7981	8
7981	6420
7981	3772
7982	7335
7982	8633
7982	1992
7982	3427
7982	8320
7982	4073
7982	423
7982	3120
7982	4464
7982	137
7983	2313
7983	9223
7983	448
7983	4074
7983	4378
7983	4232
7983	155
7983	9880
7983	773
7983	8833
7984	3837
7984	4151
7984	1970
7984	310
7984	6194
7984	2812
7984	8463
7984	3994
7984	2520
7984	7192
7985	4126
7985	3954
7985	6981
7985	2141
7985	7356
7985	7855
7985	3991
7985	4727
7985	4697
7985	1843
7986	8588
7986	2963
7986	7983
7986	2149
7986	9923
7986	1521
7986	2205
7986	9430
7986	1093
7986	1125
7987	2190
7987	7176
7987	5469
7987	3535
7987	227
7987	1581
7987	3863
7987	6431
7987	4150
7987	4059
7988	779
7988	2527
7988	8802
7988	559
7988	4968
7988	6682
7988	1047
7988	5344
7988	5527
7988	1062
7989	6017
7989	5324
7989	5716
7989	6955
7989	386
7989	6415
7989	8981
7989	8173
7989	2788
7989	2377
7990	5608
7990	4475
7990	4423
7990	9843
7990	1302
7990	5586
7990	4336
7990	9809
7990	2576
7990	9537
7991	6407
7991	8438
7991	8152
7991	2396
7991	2067
7991	9860
7991	8786
7991	8495
7991	6020
7991	2593
7992	3758
7992	8006
7992	2816
7992	9371
7992	5670
7992	1251
7992	575
7992	3165
7992	7816
7992	8957
7993	9585
7993	1325
7993	4885
7993	7867
7993	112
7993	5690
7993	7242
7993	6796
7993	4936
7993	6380
7994	883
7994	7827
7994	2356
7994	4132
7994	5918
7994	4670
7994	3126
7994	2513
7994	6482
7994	3461
7995	4991
7995	6968
7995	4166
7995	5151
7995	5166
7995	6690
7995	7398
7995	3787
7995	8993
7995	8024
7996	9840
7996	4341
7996	9288
7996	9214
7996	4946
7996	5026
7996	7490
7996	943
7996	2942
7996	4542
7997	2879
7997	1192
7997	6168
7997	3875
7997	8409
7997	7237
7997	2046
7997	3496
7997	3669
7997	8063
7998	5413
7998	3690
7998	8067
7998	2066
7998	8794
7998	1877
7998	4052
7998	440
7998	7183
7998	1234
7999	6872
7999	4554
7999	7027
7999	1319
7999	3306
7999	7460
7999	3295
7999	7076
7999	6893
7999	338
8000	1347
8000	118
8000	7888
8000	5338
8000	3005
8000	4015
8000	5643
8000	199
8000	9358
8000	8777
8001	5910
8001	8773
8001	8718
8001	6508
8001	9284
8001	1169
8001	1958
8001	5238
8001	6122
8001	2404
8002	8738
8002	5691
8002	995
8002	8493
8002	4322
8002	6179
8002	2697
8002	702
8002	7416
8002	7387
8003	9508
8003	8990
8003	9596
8003	9790
8003	6830
8003	2408
8003	6582
8003	3110
8003	2733
8003	8929
8004	6369
8004	1969
8004	7501
8004	9874
8004	4177
8004	3707
8004	9156
8004	2321
8004	182
8004	6025
8005	2929
8005	3184
8005	2271
8005	9633
8005	6288
8005	2431
8005	8420
8005	7735
8005	7263
8005	7582
8006	8582
8006	3544
8006	3638
8006	3779
8006	4043
8006	2770
8006	5586
8006	9134
8006	8560
8006	9472
8007	9054
8007	8280
8007	1959
8007	2519
8007	8543
8007	1252
8007	5180
8007	9592
8007	7604
8007	990
8008	5849
8008	9714
8008	4735
8008	5631
8008	849
8008	7169
8008	1277
8008	5309
8008	6162
8008	8301
8009	3581
8009	9948
8009	7238
8009	9925
8009	1589
8009	85
8009	4158
8009	4709
8009	9874
8009	7254
8010	1880
8010	7401
8010	5148
8010	3436
8010	8083
8010	9765
8010	3198
8010	5297
8010	2517
8010	6584
8011	3131
8011	3068
8011	924
8011	5574
8011	3934
8011	5358
8011	1241
8011	3763
8011	8803
8011	5885
8012	1004
8012	2037
8012	5562
8012	3951
8012	2299
8012	5226
8012	5767
8012	8805
8012	946
8012	5241
8013	6161
8013	7665
8013	8442
8013	2438
8013	4451
8013	823
8013	7192
8013	4029
8013	8917
8013	4928
8014	9718
8014	2059
8014	5168
8014	182
8014	2335
8014	1646
8014	1752
8014	7259
8014	683
8014	4713
8015	2467
8015	5995
8015	9458
8015	293
8015	1095
8015	2168
8015	4761
8015	7867
8015	1860
8015	5712
8016	5200
8016	7097
8016	1380
8016	1365
8016	1043
8016	4059
8016	9880
8016	4855
8016	3830
8016	6839
8017	1842
8017	3804
8017	5494
8017	169
8017	2754
8017	470
8017	5966
8017	6935
8017	9000
8017	7855
8018	6125
8018	9684
8018	5345
8018	6514
8018	5319
8018	2124
8018	5678
8018	908
8018	5705
8018	4259
8019	3229
8019	8125
8019	7009
8019	817
8019	161
8019	4539
8019	536
8019	663
8019	9791
8019	1113
8020	9844
8020	7567
8020	2911
8020	2455
8020	5749
8020	1777
8020	7648
8020	2070
8020	732
8020	5386
8021	7860
8021	3902
8021	8642
8021	8716
8021	4074
8021	2386
8021	2057
8021	459
8021	9261
8021	1772
8022	8620
8022	4419
8022	3329
8022	7584
8022	7065
8022	3299
8022	6593
8022	5643
8022	8142
8022	4090
8023	8189
8023	8139
8023	7624
8023	3721
8023	3081
8023	4676
8023	7597
8023	256
8023	3281
8023	5545
8024	7320
8024	1592
8024	1825
8024	2794
8024	6585
8024	1038
8024	3427
8024	5592
8024	3719
8024	3270
8025	1878
8025	8406
8025	2584
8025	7959
8025	3941
8025	2934
8025	7552
8025	2437
8025	2905
8025	669
8026	6388
8026	5958
8026	3260
8026	7058
8026	8365
8026	6034
8026	7334
8026	3606
8026	4831
8026	2369
8027	5597
8027	756
8027	4112
8027	3653
8027	861
8027	732
8027	925
8027	2460
8027	6541
8027	7492
8028	2589
8028	1682
8028	8525
8028	2485
8028	1135
8028	1002
8028	5680
8028	143
8028	3278
8028	604
8029	5300
8029	9034
8029	6628
8029	8879
8029	2297
8029	9747
8029	1743
8029	5578
8029	5051
8029	4868
8030	7124
8030	801
8030	6324
8030	7111
8030	5886
8030	2514
8030	1665
8030	3017
8030	5071
8030	610
8031	5308
8031	5311
8031	7924
8031	3248
8031	6685
8031	8900
8031	659
8031	3149
8031	5166
8031	8485
8032	1589
8032	2391
8032	2213
8032	6759
8032	680
8032	5336
8032	3972
8032	6355
8032	4293
8032	4442
8033	30
8033	9549
8033	6121
8033	1598
8033	7963
8033	7023
8033	261
8033	3827
8033	8975
8033	505
8034	8685
8034	4662
8034	6239
8034	5636
8034	9331
8034	2733
8034	6147
8034	1154
8034	3926
8034	7339
8035	8592
8035	5774
8035	391
8035	7507
8035	1093
8035	3196
8035	2620
8035	5215
8035	3011
8035	732
8036	3092
8036	7444
8036	7827
8036	7471
8036	4799
8036	2559
8036	4775
8036	9406
8036	9224
8036	6550
8037	9371
8037	8843
8037	5508
8037	2517
8037	8232
8037	2195
8037	9600
8037	192
8037	9358
8037	5173
8038	642
8038	7982
8038	6097
8038	6955
8038	3878
8038	3857
8038	1177
8038	1089
8038	8282
8038	8548
8039	6427
8039	4608
8039	4396
8039	3571
8039	1026
8039	9349
8039	8457
8039	4307
8039	4204
8039	3216
8040	9092
8040	4302
8040	9403
8040	2787
8040	1477
8040	4393
8040	4130
8040	6304
8040	8069
8040	9074
8041	9281
8041	596
8041	5402
8041	7073
8041	5893
8041	9867
8041	2564
8041	1593
8041	9334
8041	1209
8042	8885
8042	7219
8042	6814
8042	6367
8042	2033
8042	9795
8042	838
8042	8790
8042	100
8042	9266
8043	6268
8043	5083
8043	6973
8043	6890
8043	4077
8043	8079
8043	8895
8043	6273
8043	4541
8043	8876
8044	7373
8044	451
8044	8332
8044	8054
8044	603
8044	5012
8044	7071
8044	994
8044	1626
8044	2849
8045	6952
8045	3504
8045	7205
8045	8243
8045	322
8045	8433
8045	5664
8045	7380
8045	2658
8045	4709
8046	4730
8046	7559
8046	5440
8046	8987
8046	4242
8046	5056
8046	6861
8046	1237
8046	2913
8046	7319
8047	2542
8047	2063
8047	301
8047	1698
8047	922
8047	9683
8047	7337
8047	5992
8047	2749
8047	9519
8048	6220
8048	6449
8048	2447
8048	2738
8048	8902
8048	5169
8048	4970
8048	7291
8048	2624
8048	3418
8049	8525
8049	951
8049	667
8049	6602
8049	7743
8049	6868
8049	3955
8049	9459
8049	8743
8049	9834
8050	770
8050	3094
8050	5894
8050	4020
8050	6847
8050	4694
8050	1501
8050	5983
8050	1694
8050	4638
8051	1445
8051	9528
8051	5261
8051	3028
8051	46
8051	212
8051	1272
8051	4077
8051	2066
8051	4816
8052	2827
8052	8812
8052	3230
8052	1452
8052	7864
8052	724
8052	1341
8052	9693
8052	8626
8052	7694
8053	6731
8053	3389
8053	5257
8053	2439
8053	3352
8053	9369
8053	8652
8053	1201
8053	6106
8053	2494
8054	8636
8054	7983
8054	5769
8054	1765
8054	2197
8054	1731
8054	5264
8054	9809
8054	8824
8054	5355
8055	5769
8055	5906
8055	788
8055	7662
8055	6223
8055	2466
8055	8157
8055	8786
8055	4876
8055	1075
8056	4543
8056	8935
8056	2230
8056	2465
8056	9735
8056	7235
8056	2829
8056	9523
8056	4985
8056	4582
8057	7014
8057	4401
8057	6408
8057	1128
8057	8919
8057	7256
8057	7883
8057	8145
8057	9050
8057	4901
8058	4798
8058	3872
8058	5700
8058	3178
8058	3430
8058	3191
8058	4919
8058	8814
8058	4755
8058	194
8059	8991
8059	9972
8059	4513
8059	8572
8059	221
8059	7986
8059	6057
8059	7942
8059	3132
8059	8080
8060	1212
8060	9084
8060	6924
8060	1740
8060	4295
8060	2671
8060	2843
8060	4374
8060	1670
8060	6230
8061	7394
8061	938
8061	1848
8061	4594
8061	8768
8061	7176
8061	2208
8061	4232
8061	7563
8061	9170
8062	6697
8062	4158
8062	3915
8062	1420
8062	3528
8062	8335
8062	1452
8062	2564
8062	6214
8062	801
8063	6399
8063	2402
8063	7034
8063	9960
8063	7955
8063	5254
8063	2891
8063	6456
8063	5930
8063	4768
8064	2214
8064	1892
8064	3945
8064	2788
8064	4345
8064	994
8064	4010
8064	4910
8064	1586
8064	1648
8065	547
8065	1043
8065	1062
8065	4976
8065	3182
8065	8233
8065	3502
8065	3577
8065	645
8065	4158
8066	4357
8066	5429
8066	1125
8066	1208
8066	9596
8066	6231
8066	2602
8066	8143
8066	8095
8066	9813
8067	6695
8067	1767
8067	2574
8067	7537
8067	4371
8067	4255
8067	6153
8067	1869
8067	5257
8067	5786
8068	7902
8068	4233
8068	9957
8068	3158
8068	5603
8068	4510
8068	3348
8068	5140
8068	1999
8068	4047
8069	4428
8069	3972
8069	8272
8069	5821
8069	4891
8069	7358
8069	5248
8069	8037
8069	226
8069	7084
8070	3018
8070	9050
8070	6022
8070	4972
8070	2677
8070	5944
8070	3282
8070	7552
8070	5899
8070	5546
8071	7775
8071	6886
8071	9327
8071	5662
8071	9265
8071	4205
8071	947
8071	4942
8071	2140
8071	6005
8072	2900
8072	3792
8072	4651
8072	9726
8072	7005
8072	1518
8072	9103
8072	5971
8072	7577
8072	7788
8073	180
8073	8466
8073	4135
8073	3179
8073	4544
8073	4234
8073	3057
8073	4599
8073	7095
8073	2065
8074	686
8074	9071
8074	4463
8074	7336
8074	9647
8074	429
8074	4637
8074	5452
8074	5560
8074	5414
8075	4944
8075	9974
8075	2418
8075	6618
8075	7063
8075	747
8075	2435
8075	8056
8075	7107
8075	8091
8076	5353
8076	1005
8076	6812
8076	220
8076	2298
8076	8032
8076	683
8076	5420
8076	2849
8076	190
8077	2590
8077	8705
8077	8501
8077	6474
8077	9328
8077	5317
8077	6089
8077	6137
8077	2866
8077	8752
8078	4829
8078	9968
8078	359
8078	6960
8078	5479
8078	4349
8078	5802
8078	1240
8078	8921
8078	6829
8079	6506
8079	8974
8079	101
8079	7362
8079	4839
8079	8295
8079	9102
8079	5202
8079	7752
8079	9616
8080	425
8080	5887
8080	7651
8080	8070
8080	6596
8080	910
8080	6825
8080	8561
8080	4553
8080	7864
8081	4773
8081	2305
8081	6083
8081	2856
8081	4097
8081	958
8081	8579
8081	4713
8081	3731
8081	2873
8082	188
8082	1649
8082	9583
8082	758
8082	1244
8082	4482
8082	219
8082	2329
8082	2399
8082	7924
8083	9297
8083	9610
8083	9476
8083	9970
8083	5424
8083	8653
8083	854
8083	5889
8083	6365
8083	4226
8084	9635
8084	5207
8084	621
8084	8288
8084	626
8084	1141
8084	8048
8084	4583
8084	5098
8084	7025
8085	6852
8085	9582
8085	8122
8085	3811
8085	2525
8085	6115
8085	6259
8085	5875
8085	1292
8085	4421
8086	3920
8086	9783
8086	7094
8086	98
8086	5133
8086	859
8086	2465
8086	9337
8086	5596
8086	4822
8087	4294
8087	8861
8087	2102
8087	6478
8087	5230
8087	5750
8087	9129
8087	7199
8087	804
8087	2524
8088	1047
8088	2639
8088	8622
8088	9879
8088	6450
8088	7748
8088	6743
8088	3887
8088	1038
8088	1757
8089	4119
8089	5888
8089	6645
8089	4094
8089	479
8089	5605
8089	4607
8089	6282
8089	3109
8089	4845
8090	5178
8090	4889
8090	7944
8090	4684
8090	6025
8090	5594
8090	1562
8090	8193
8090	362
8090	7846
8091	9368
8091	6976
8091	139
8091	5054
8091	7877
8091	8039
8091	9621
8091	1419
8091	6346
8091	8165
8092	5671
8092	5499
8092	4759
8092	9156
8092	91
8092	2558
8092	8669
8092	226
8092	3988
8092	3276
8093	1746
8093	2882
8093	5028
8093	2055
8093	8238
8093	3812
8093	5804
8093	7641
8093	6718
8093	5363
8094	835
8094	1578
8094	5867
8094	1665
8094	1589
8094	8310
8094	3864
8094	9773
8094	6318
8094	5651
8095	3405
8095	2252
8095	1583
8095	7836
8095	6152
8095	9804
8095	107
8095	2778
8095	5613
8095	847
8096	3263
8096	2403
8096	8279
8096	6785
8096	2011
8096	1935
8096	3311
8096	603
8096	4002
8096	386
8097	4133
8097	2667
8097	645
8097	7805
8097	5060
8097	7409
8097	4332
8097	5713
8097	3934
8097	4044
8098	6954
8098	1534
8098	7262
8098	2474
8098	6101
8098	2792
8098	9548
8098	8269
8098	8329
8098	8295
8099	4894
8099	5380
8099	4946
8099	6562
8099	8578
8099	1272
8099	9049
8099	7950
8099	3423
8099	5224
8100	3820
8100	8835
8100	4681
8100	6184
8100	2693
8100	1562
8100	6579
8100	4367
8100	763
8100	9736
8101	6800
8101	265
8101	2824
8101	2930
8101	6241
8101	941
8101	9867
8101	1253
8101	9108
8101	2104
8102	6706
8102	5008
8102	2832
8102	4242
8102	2519
8102	1882
8102	8331
8102	6884
8102	5649
8102	2575
8103	5895
8103	9710
8103	5146
8103	7410
8103	5100
8103	1727
8103	4107
8103	4089
8103	4795
8103	2554
8104	4884
8104	8624
8104	1273
8104	9167
8104	2105
8104	8032
8104	3196
8104	3751
8104	7704
8104	1407
8105	321
8105	9983
8105	2602
8105	4648
8105	6962
8105	6535
8105	5734
8105	8682
8105	1048
8105	3890
8106	2914
8106	2198
8106	2142
8106	9408
8106	8172
8106	9375
8106	2955
8106	3596
8106	5307
8106	8185
8107	8030
8107	9494
8107	2543
8107	4043
8107	8760
8107	8048
8107	9608
8107	8399
8107	5486
8107	5095
8108	4230
8108	4900
8108	9586
8108	7561
8108	4452
8108	7437
8108	7107
8108	3664
8108	2690
8108	9661
8109	6115
8109	7829
8109	396
8109	9005
8109	6094
8109	5475
8109	1670
8109	4305
8109	7099
8109	2030
8110	584
8110	1437
8110	3192
8110	1025
8110	986
8110	8473
8110	3992
8110	3835
8110	3982
8110	2597
8111	4494
8111	2245
8111	6967
8111	1022
8111	7127
8111	2408
8111	7642
8111	8857
8111	6744
8111	7686
8112	945
8112	5839
8112	2207
8112	2420
8112	2246
8112	8061
8112	5204
8112	3160
8112	3889
8112	6749
8113	2548
8113	9694
8113	3565
8113	8749
8113	4180
8113	6496
8113	7245
8113	7162
8113	9618
8113	3733
8114	5723
8114	6295
8114	549
8114	5754
8114	9751
8114	5251
8114	9436
8114	8022
8114	7803
8114	4576
8115	2328
8115	6944
8115	9733
8115	5618
8115	5178
8115	9011
8115	9698
8115	6749
8115	6210
8115	1421
8116	3282
8116	4661
8116	6066
8116	3365
8116	8162
8116	661
8116	5319
8116	6586
8116	8281
8116	7031
8117	723
8117	8694
8117	9168
8117	6061
8117	7632
8117	578
8117	4993
8117	5664
8117	2404
8117	8694
8118	9897
8118	2626
8118	6260
8118	1214
8118	6996
8118	738
8118	5157
8118	717
8118	7036
8118	5760
8119	6034
8119	5710
8119	5115
8119	7590
8119	5398
8119	8503
8119	6732
8119	5480
8119	9870
8119	2602
8120	4374
8120	7451
8120	4674
8120	5576
8120	6265
8120	6979
8120	5584
8120	6214
8120	4083
8120	8745
8121	8955
8121	5830
8121	4239
8121	3384
8121	6871
8121	3151
8121	5119
8121	2898
8121	7158
8121	3966
8122	9767
8122	4622
8122	8640
8122	5811
8122	6484
8122	1943
8122	1155
8122	4227
8122	6914
8122	3109
8123	1809
8123	9887
8123	6849
8123	9887
8123	5962
8123	1620
8123	2246
8123	5430
8123	4119
8123	7914
8124	7699
8124	4450
8124	3454
8124	5938
8124	3663
8124	455
8124	875
8124	2326
8124	9119
8124	9240
8125	499
8125	2558
8125	6119
8125	2333
8125	8338
8125	2318
8125	4565
8125	5640
8125	6809
8125	5658
8126	6723
8126	6151
8126	5662
8126	328
8126	1360
8126	212
8126	9676
8126	9955
8126	5275
8126	21
8127	4169
8127	6035
8127	2933
8127	6488
8127	5946
8127	5077
8127	6094
8127	6790
8127	5732
8127	1915
8128	786
8128	3454
8128	182
8128	6641
8128	6705
8128	8321
8128	6708
8128	2750
8128	1332
8128	5721
8129	1765
8129	3568
8129	2817
8129	6067
8129	2675
8129	8781
8129	3729
8129	4485
8129	6217
8129	947
8130	1359
8130	6430
8130	2576
8130	3401
8130	9676
8130	2637
8130	4096
8130	9013
8130	3404
8130	8773
8131	7244
8131	6373
8131	6497
8131	5266
8131	2785
8131	6583
8131	1534
8131	709
8131	2998
8131	5182
8132	7330
8132	5936
8132	7186
8132	5433
8132	3776
8132	3734
8132	9908
8132	8353
8132	7950
8132	6700
8133	8809
8133	2165
8133	6074
8133	2494
8133	1707
8133	9101
8133	4893
8133	9363
8133	6860
8133	3890
8134	98
8134	2517
8134	2752
8134	6790
8134	8557
8134	8589
8134	1763
8134	813
8134	9070
8134	4241
8135	3572
8135	5612
8135	8210
8135	5280
8135	8347
8135	7797
8135	3445
8135	6354
8135	3508
8135	4564
8136	1297
8136	9561
8136	5641
8136	7092
8136	8740
8136	6111
8136	2014
8136	5381
8136	2102
8136	8570
8137	4998
8137	857
8137	5120
8137	369
8137	2352
8137	2294
8137	5055
8137	2075
8137	5829
8137	3038
8138	5799
8138	9740
8138	1531
8138	489
8138	3146
8138	3420
8138	1801
8138	6398
8138	1078
8138	340
8139	8977
8139	2997
8139	6592
8139	2907
8139	6774
8139	587
8139	2014
8139	8083
8139	5804
8139	8498
8140	958
8140	1384
8140	6985
8140	6530
8140	7936
8140	5314
8140	7891
8140	275
8140	986
8140	1195
8141	9127
8141	8261
8141	6289
8141	7699
8141	4857
8141	1304
8141	7510
8141	9400
8141	825
8141	3091
8142	7593
8142	8256
8142	8787
8142	8412
8142	8711
8142	1454
8142	8036
8142	5507
8142	1682
8142	7963
8143	8750
8143	4049
8143	777
8143	6118
8143	5757
8143	4553
8143	9266
8143	1833
8143	2826
8143	572
8144	3449
8144	5904
8144	5698
8144	6367
8144	8489
8144	3618
8144	9262
8144	6076
8144	3457
8144	2757
8145	9480
8145	3536
8145	2919
8145	2140
8145	1972
8145	6756
8145	8341
8145	961
8145	5165
8145	4613
8146	9848
8146	9524
8146	6207
8146	8712
8146	9641
8146	5225
8146	5929
8146	292
8146	972
8146	3372
8147	3032
8147	7958
8147	1203
8147	7037
8147	2640
8147	9278
8147	9738
8147	5555
8147	8793
8147	522
8148	7408
8148	8547
8148	862
8148	9007
8148	193
8148	6789
8148	7308
8148	9583
8148	9744
8148	4713
8149	4091
8149	2619
8149	5248
8149	8635
8149	6750
8149	9801
8149	8918
8149	8148
8149	1007
8149	514
8150	4777
8150	1641
8150	2247
8150	2430
8150	4401
8150	6608
8150	3221
8150	6361
8150	8392
8150	982
8151	7164
8151	9394
8151	1952
8151	5652
8151	6628
8151	2658
8151	4976
8151	658
8151	764
8151	6550
8152	4341
8152	9099
8152	6407
8152	7988
8152	6658
8152	7981
8152	541
8152	9145
8152	8952
8152	4506
8153	7286
8153	1218
8153	3780
8153	9118
8153	2325
8153	85
8153	4395
8153	5086
8153	8956
8153	2359
8154	4418
8154	7805
8154	4477
8154	8401
8154	5317
8154	3366
8154	4301
8154	1412
8154	4519
8154	7518
8155	7950
8155	9511
8155	1680
8155	6299
8155	353
8155	5248
8155	5412
8155	5749
8155	5908
8155	5646
8156	4299
8156	5474
8156	4129
8156	6350
8156	6240
8156	4875
8156	3771
8156	6959
8156	6210
8156	4432
8157	7862
8157	5482
8157	8142
8157	1783
8157	3117
8157	2961
8157	542
8157	2027
8157	9200
8157	1892
8158	2525
8158	4336
8158	5167
8158	757
8158	1230
8158	7466
8158	5738
8158	362
8158	5746
8158	3576
8159	6179
8159	2586
8159	9021
8159	8814
8159	257
8159	5728
8159	5153
8159	3715
8159	3227
8159	6921
8160	6469
8160	1971
8160	8649
8160	6776
8160	7057
8160	8620
8160	4930
8160	7110
8160	779
8160	1843
8161	9593
8161	4682
8161	8460
8161	4309
8161	5773
8161	416
8161	161
8161	3527
8161	4102
8161	4273
8162	6198
8162	9998
8162	1099
8162	4735
8162	8278
8162	5149
8162	3521
8162	9961
8162	7204
8162	2098
8163	7474
8163	5262
8163	4296
8163	4489
8163	2356
8163	4559
8163	4282
8163	780
8163	8324
8163	1500
8164	3578
8164	7402
8164	5876
8164	2943
8164	6714
8164	4728
8164	113
8164	2625
8164	6130
8164	6710
8165	5663
8165	5111
8165	8142
8165	4360
8165	8002
8165	7267
8165	4795
8165	2505
8165	7530
8165	1459
8166	1979
8166	1972
8166	457
8166	681
8166	7573
8166	7438
8166	245
8166	6726
8166	8369
8166	3229
8167	1393
8167	7222
8167	2018
8167	9169
8167	7947
8167	5879
8167	3889
8167	30
8167	5179
8167	3609
8168	4341
8168	5017
8168	8907
8168	7745
8168	4633
8168	5111
8168	9591
8168	2358
8168	7289
8168	7578
8169	8120
8169	1209
8169	1803
8169	4775
8169	7222
8169	9112
8169	7904
8169	6346
8169	8247
8169	351
8170	859
8170	1069
8170	1851
8170	9956
8170	5676
8170	8819
8170	5377
8170	3086
8170	6477
8170	1172
8171	5664
8171	2810
8171	7461
8171	9504
8171	8257
8171	7119
8171	4207
8171	2555
8171	7370
8171	6462
8172	9448
8172	786
8172	6572
8172	4535
8172	3053
8172	7140
8172	7617
8172	8008
8172	3149
8172	944
8173	4584
8173	3382
8173	9327
8173	4423
8173	4956
8173	5237
8173	5794
8173	563
8173	3032
8173	1685
8174	8777
8174	2064
8174	6217
8174	4392
8174	2471
8174	6219
8174	7942
8174	8776
8174	7330
8174	2834
8175	5611
8175	876
8175	617
8175	648
8175	8787
8175	4809
8175	8061
8175	2692
8175	9013
8175	5343
8176	7273
8176	3649
8176	9931
8176	7274
8176	1739
8176	172
8176	6602
8176	334
8176	4904
8176	1960
8177	8929
8177	3874
8177	7650
8177	6251
8177	3870
8177	7836
8177	5687
8177	1435
8177	2856
8177	8897
8178	9753
8178	9200
8178	6100
8178	8819
8178	4156
8178	5613
8178	7806
8178	4846
8178	322
8178	5188
8179	8068
8179	7078
8179	5634
8179	7425
8179	1685
8179	5410
8179	8155
8179	7127
8179	57
8179	4841
8180	1847
8180	5072
8180	9564
8180	3123
8180	3389
8180	2329
8180	1660
8180	784
8180	3589
8180	7149
8181	4948
8181	7215
8181	8944
8181	4201
8181	6509
8181	38
8181	997
8181	424
8181	7465
8181	5676
8182	3155
8182	5472
8182	6189
8182	7168
8182	6280
8182	4492
8182	1660
8182	697
8182	7233
8182	2855
8183	2716
8183	6826
8183	8690
8183	3513
8183	3506
8183	1762
8183	7812
8183	9593
8183	7876
8183	9036
8184	3838
8184	4429
8184	5743
8184	8339
8184	4999
8184	200
8184	7115
8184	9708
8184	5437
8184	953
8185	3023
8185	2986
8185	2749
8185	36
8185	2374
8185	7938
8185	4462
8185	9985
8185	4964
8185	7201
8186	1575
8186	6742
8186	4520
8186	3608
8186	3470
8186	3333
8186	3022
8186	9995
8186	5098
8186	1124
8187	0
8187	931
8187	2193
8187	2401
8187	2974
8187	546
8187	9031
8187	5200
8187	6561
8187	1928
8188	4488
8188	4127
8188	228
8188	4257
8188	8505
8188	2671
8188	2587
8188	9326
8188	184
8188	7605
8189	7715
8189	7555
8189	3069
8189	7976
8189	6909
8189	3164
8189	1670
8189	7053
8189	6118
8189	6771
8190	9750
8190	7527
8190	3551
8190	4162
8190	8593
8190	7616
8190	8406
8190	9517
8190	9676
8190	7523
8191	2695
8191	1815
8191	2954
8191	5130
8191	5592
8191	9715
8191	7743
8191	8439
8191	298
8191	9068
8192	2492
8192	2035
8192	7301
8192	2397
8192	7055
8192	2293
8192	7029
8192	7314
8192	1079
8192	7829
8193	6579
8193	1451
8193	787
8193	14
8193	4273
8193	8379
8193	1671
8193	5643
8193	8110
8193	7337
8194	1944
8194	1272
8194	2402
8194	5636
8194	6941
8194	1697
8194	6165
8194	2529
8194	8062
8194	5615
8195	8151
8195	5115
8195	7107
8195	5387
8195	4542
8195	9565
8195	8316
8195	3043
8195	2119
8195	1610
8196	3401
8196	5917
8196	6403
8196	7931
8196	8402
8196	500
8196	8656
8196	4165
8196	2157
8196	1831
8197	6616
8197	6659
8197	1837
8197	9286
8197	588
8197	8486
8197	2149
8197	7380
8197	3265
8197	4593
8198	1724
8198	5660
8198	6577
8198	6496
8198	214
8198	5785
8198	2678
8198	4183
8198	3093
8198	7415
8199	3702
8199	6016
8199	5312
8199	8495
8199	629
8199	3387
8199	5736
8199	8288
8199	8652
8199	7908
8200	5779
8200	39
8200	3118
8200	8258
8200	4543
8200	7088
8200	6773
8200	1336
8200	7853
8200	4114
8201	5618
8201	5431
8201	3228
8201	6543
8201	5271
8201	5293
8201	5290
8201	7586
8201	9150
8201	7755
8202	9489
8202	6121
8202	3806
8202	9868
8202	333
8202	2074
8202	6750
8202	8332
8202	1539
8202	121
8203	6760
8203	1608
8203	7081
8203	5029
8203	1945
8203	7987
8203	4968
8203	3470
8203	2158
8203	3241
8204	873
8204	668
8204	9774
8204	6235
8204	3026
8204	6700
8204	17
8204	7553
8204	819
8204	7326
8205	3036
8205	4765
8205	802
8205	4934
8205	1814
8205	5767
8205	3657
8205	5265
8205	7599
8205	3170
8206	3519
8206	3224
8206	4388
8206	3338
8206	3250
8206	985
8206	6224
8206	2579
8206	7847
8206	3911
8207	3948
8207	6473
8207	5772
8207	9543
8207	9432
8207	4424
8207	3290
8207	8405
8207	9245
8207	6047
8208	8071
8208	4463
8208	1340
8208	8316
8208	3263
8208	6329
8208	954
8208	6523
8208	3484
8208	2494
8209	7780
8209	1498
8209	8927
8209	9289
8209	4939
8209	6617
8209	2174
8209	1244
8209	749
8209	2226
8210	4640
8210	1771
8210	4259
8210	3112
8210	713
8210	4601
8210	8509
8210	9980
8210	5497
8210	7205
8211	730
8211	8951
8211	625
8211	8514
8211	8398
8211	2136
8211	2587
8211	4467
8211	6242
8211	1959
8212	2706
8212	4661
8212	7338
8212	3405
8212	6142
8212	1611
8212	196
8212	6976
8212	4277
8212	9235
8213	9924
8213	3016
8213	3216
8213	2950
8213	8646
8213	2706
8213	1463
8213	8510
8213	8693
8213	1725
8214	9194
8214	8161
8214	2786
8214	2608
8214	8232
8214	610
8214	3473
8214	5936
8214	6253
8214	1973
8215	1789
8215	9560
8215	9225
8215	6295
8215	9687
8215	3919
8215	3068
8215	2173
8215	3306
8215	2422
8216	3703
8216	3816
8216	2287
8216	1157
8216	1380
8216	1837
8216	1202
8216	1106
8216	3440
8216	6926
8217	1539
8217	4044
8217	3382
8217	1652
8217	5440
8217	7355
8217	1544
8217	1871
8217	2072
8217	6622
8218	5247
8218	3706
8218	7931
8218	7850
8218	7525
8218	2196
8218	7268
8218	7170
8218	4216
8218	9500
8219	8131
8219	8754
8219	2099
8219	7136
8219	1153
8219	9072
8219	7762
8219	658
8219	7418
8219	7563
8220	596
8220	7094
8220	9404
8220	5688
8220	1523
8220	5217
8220	2745
8220	5405
8220	2378
8220	4411
8221	4381
8221	5014
8221	6908
8221	2785
8221	3612
8221	7994
8221	3841
8221	292
8221	5126
8221	835
8222	9933
8222	1769
8222	1729
8222	2732
8222	9019
8222	3851
8222	34
8222	7559
8222	8281
8222	7945
8223	878
8223	818
8223	6915
8223	5543
8223	3731
8223	9819
8223	6238
8223	2894
8223	8228
8223	7125
8224	1586
8224	3050
8224	4655
8224	6488
8224	1679
8224	7073
8224	9242
8224	5476
8224	1003
8224	7425
8225	7120
8225	8739
8225	3108
8225	4150
8225	9457
8225	3501
8225	8135
8225	1069
8225	2169
8225	6815
8226	4739
8226	3523
8226	5951
8226	9681
8226	7749
8226	6491
8226	6528
8226	2362
8226	4620
8226	9697
8227	7796
8227	296
8227	6448
8227	729
8227	1026
8227	8569
8227	4149
8227	9458
8227	7508
8227	5467
8228	913
8228	8166
8228	5857
8228	3406
8228	973
8228	6408
8228	6733
8228	1623
8228	3806
8228	1272
8229	7531
8229	6720
8229	2700
8229	962
8229	1155
8229	5545
8229	7812
8229	9584
8229	2904
8229	9128
8230	6438
8230	5042
8230	8979
8230	543
8230	8241
8230	1309
8230	9211
8230	3982
8230	2481
8230	3504
8231	6700
8231	988
8231	4794
8231	7162
8231	6160
8231	5987
8231	3565
8231	6774
8231	7763
8231	1115
8232	3067
8232	2918
8232	4157
8232	7085
8232	343
8232	5608
8232	317
8232	8543
8232	8655
8232	3235
8233	621
8233	6689
8233	8019
8233	2084
8233	2598
8233	9922
8233	8959
8233	1332
8233	475
8233	5462
8234	2613
8234	6092
8234	4514
8234	6343
8234	9844
8234	2601
8234	6517
8234	6677
8234	5917
8234	4495
8235	5575
8235	459
8235	3133
8235	965
8235	3715
8235	4435
8235	9619
8235	2513
8235	2626
8235	5685
8236	8525
8236	736
8236	5021
8236	5492
8236	8829
8236	6196
8236	6193
8236	1275
8236	8914
8236	2460
8237	8216
8237	2211
8237	9972
8237	5271
8237	7189
8237	8043
8237	3029
8237	5076
8237	8163
8237	6098
8238	8964
8238	5018
8238	8199
8238	8041
8238	8992
8238	1765
8238	592
8238	3442
8238	8267
8238	9608
8239	7136
8239	3778
8239	6880
8239	4735
8239	572
8239	3331
8239	9410
8239	8765
8239	6990
8239	1172
8240	2780
8240	1180
8240	3986
8240	2100
8240	6770
8240	1821
8240	311
8240	854
8240	8629
8240	2529
8241	1831
8241	8012
8241	4190
8241	8944
8241	4555
8241	9566
8241	4862
8241	931
8241	7796
8241	4303
8242	611
8242	8238
8242	9575
8242	7388
8242	96
8242	6317
8242	2427
8242	6749
8242	1991
8242	2422
8243	7067
8243	7599
8243	658
8243	8802
8243	6869
8243	6776
8243	801
8243	9207
8243	1020
8243	7600
8244	7568
8244	5209
8244	3517
8244	9578
8244	5801
8244	6856
8244	9017
8244	4970
8244	8712
8244	684
8245	8289
8245	484
8245	7703
8245	7747
8245	359
8245	7685
8245	6870
8245	6562
8245	207
8245	50
8246	5541
8246	5078
8246	6422
8246	2202
8246	538
8246	2248
8246	639
8246	7666
8246	8358
8246	6518
8247	8933
8247	7200
8247	4486
8247	4718
8247	9857
8247	2904
8247	8752
8247	7707
8247	3690
8247	3489
8248	2646
8248	8862
8248	3239
8248	3978
8248	7744
8248	1634
8248	9354
8248	3976
8248	6164
8248	7897
8249	4276
8249	3113
8249	7818
8249	3834
8249	5866
8249	4800
8249	4879
8249	9429
8249	1840
8249	3523
8250	1068
8250	8118
8250	2684
8250	7640
8250	9847
8250	6057
8250	3411
8250	5931
8250	839
8250	4280
8251	617
8251	7625
8251	9566
8251	2291
8251	2137
8251	6480
8251	916
8251	9055
8251	9613
8251	4709
8252	3045
8252	3244
8252	7290
8252	5547
8252	7156
8252	7821
8252	5992
8252	6430
8252	9534
8252	405
8253	5264
8253	4370
8253	2930
8253	8800
8253	5599
8253	780
8253	2448
8253	8394
8253	724
8253	9825
8254	3029
8254	9409
8254	7702
8254	8087
8254	8235
8254	1404
8254	8445
8254	7931
8254	3567
8254	4499
8255	4134
8255	5090
8255	6658
8255	6728
8255	4250
8255	3008
8255	217
8255	8356
8255	6179
8255	566
8256	4453
8256	1084
8256	4506
8256	1377
8256	4733
8256	4975
8256	1381
8256	1742
8256	1879
8256	3368
8257	9354
8257	8773
8257	2690
8257	7635
8257	6185
8257	2453
8257	809
8257	3496
8257	2454
8257	3455
8258	1999
8258	7688
8258	8623
8258	884
8258	3115
8258	1830
8258	1080
8258	1685
8258	8619
8258	2561
8259	337
8259	5273
8259	7521
8259	3568
8259	9248
8259	7856
8259	6579
8259	6454
8259	5596
8259	2463
8260	7982
8260	8655
8260	2780
8260	6293
8260	6085
8260	9877
8260	6044
8260	7465
8260	8129
8260	3471
8261	9623
8261	4972
8261	4425
8261	1814
8261	7764
8261	9004
8261	3578
8261	9523
8261	278
8261	5609
8262	5831
8262	3883
8262	9237
8262	7977
8262	8891
8262	2775
8262	4657
8262	7012
8262	190
8262	9167
8263	8079
8263	6012
8263	7497
8263	7486
8263	2890
8263	3228
8263	1770
8263	6786
8263	6106
8263	6741
8264	8281
8264	7188
8264	1470
8264	4399
8264	1076
8264	6631
8264	6217
8264	2542
8264	9851
8264	5989
8265	1318
8265	1289
8265	2470
8265	6495
8265	9740
8265	8117
8265	2263
8265	5041
8265	2273
8265	6210
8266	6601
8266	3319
8266	2941
8266	6538
8266	3433
8266	4309
8266	9667
8266	1401
8266	3556
8266	8836
8267	6167
8267	57
8267	8881
8267	4472
8267	1606
8267	5515
8267	6359
8267	4234
8267	8657
8267	2386
8268	5314
8268	3417
8268	5385
8268	6149
8268	5487
8268	4450
8268	9823
8268	9196
8268	2956
8268	4973
8269	8232
8269	887
8269	4527
8269	3949
8269	260
8269	2896
8269	1579
8269	387
8269	6223
8269	9129
8270	9265
8270	7076
8270	5227
8270	8567
8270	3937
8270	366
8270	4530
8270	1571
8270	5911
8270	7431
8271	8532
8271	5757
8271	8075
8271	1079
8271	1933
8271	2148
8271	9665
8271	3424
8271	6799
8271	2202
8272	7210
8272	3703
8272	8542
8272	1053
8272	7410
8272	8562
8272	8473
8272	9806
8272	8842
8272	8123
8273	9065
8273	6417
8273	4335
8273	7326
8273	703
8273	81
8273	3566
8273	7852
8273	244
8273	4271
8274	7489
8274	9001
8274	9742
8274	7382
8274	3459
8274	44
8274	1137
8274	4398
8274	2335
8274	5332
8275	787
8275	7504
8275	8818
8275	7398
8275	2681
8275	6624
8275	8844
8275	8113
8275	2613
8275	1910
8276	7310
8276	4701
8276	6847
8276	8216
8276	2333
8276	3783
8276	202
8276	6011
8276	1741
8276	3826
8277	5086
8277	7102
8277	3084
8277	2416
8277	8840
8277	7366
8277	3550
8277	5112
8277	8045
8277	9016
8278	4384
8278	3745
8278	5753
8278	5347
8278	2140
8278	2931
8278	6758
8278	5674
8278	9746
8278	999
8279	7717
8279	2613
8279	7746
8279	6495
8279	5976
8279	1005
8279	588
8279	3585
8279	9045
8279	6667
8280	8038
8280	9701
8280	2787
8280	845
8280	8394
8280	6224
8280	2606
8280	8506
8280	3187
8280	8328
8281	8053
8281	1423
8281	3461
8281	9496
8281	1549
8281	8213
8281	7723
8281	2698
8281	2558
8281	2266
8282	1300
8282	5424
8282	9989
8282	5552
8282	5900
8282	195
8282	5000
8282	2317
8282	289
8282	8919
8283	8757
8283	2947
8283	1380
8283	8807
8283	5161
8283	4545
8283	5066
8283	5853
8283	4685
8283	5071
8284	6528
8284	5718
8284	2229
8284	7705
8284	8807
8284	5653
8284	7025
8284	342
8284	1594
8284	4210
8285	4118
8285	9893
8285	8800
8285	6530
8285	5
8285	6051
8285	6886
8285	6480
8285	6871
8285	6451
8286	743
8286	1789
8286	5081
8286	1316
8286	3647
8286	2217
8286	72
8286	3712
8286	3537
8286	9707
8287	6009
8287	6706
8287	1007
8287	6870
8287	9512
8287	8446
8287	9062
8287	3772
8287	643
8287	3757
8288	2625
8288	1153
8288	1583
8288	9109
8288	4671
8288	3349
8288	4725
8288	4592
8288	6510
8288	9494
8289	1470
8289	9538
8289	8413
8289	3154
8289	4351
8289	4457
8289	4243
8289	8182
8289	1448
8289	8688
8290	8386
8290	8512
8290	8343
8290	7379
8290	5006
8290	4422
8290	3916
8290	3664
8290	6723
8290	7060
8291	9224
8291	3461
8291	5789
8291	8201
8291	9563
8291	159
8291	3281
8291	4113
8291	8963
8291	9873
8292	9175
8292	6135
8292	5693
8292	2220
8292	3240
8292	1328
8292	4723
8292	1883
8292	395
8292	6916
8293	4215
8293	7007
8293	3976
8293	6444
8293	2722
8293	1972
8293	6054
8293	9545
8293	9831
8293	3426
8294	5719
8294	6199
8294	3819
8294	1712
8294	1907
8294	8501
8294	210
8294	308
8294	3145
8294	7561
8295	6050
8295	7122
8295	574
8295	1912
8295	6039
8295	6667
8295	4856
8295	2452
8295	4382
8295	7713
8296	8841
8296	405
8296	531
8296	3920
8296	2972
8296	1425
8296	8174
8296	3273
8296	8411
8296	4680
8297	5656
8297	2111
8297	4702
8297	3441
8297	4688
8297	9640
8297	6258
8297	2052
8297	3772
8297	9339
8298	471
8298	931
8298	7900
8298	9848
8298	4119
8298	2463
8298	4741
8298	7333
8298	2206
8298	1141
8299	7589
8299	1164
8299	8870
8299	9299
8299	6477
8299	8883
8299	4967
8299	2649
8299	6751
8299	1083
8300	2475
8300	4292
8300	9999
8300	1371
8300	7633
8300	5856
8300	3486
8300	997
8300	1301
8300	5081
8301	2431
8301	6841
8301	6560
8301	3865
8301	6729
8301	7730
8301	1220
8301	8008
8301	1128
8301	6090
8302	2326
8302	4370
8302	1951
8302	7524
8302	9827
8302	8555
8302	750
8302	2292
8302	8844
8302	6096
8303	4266
8303	1745
8303	7
8303	2950
8303	963
8303	9608
8303	7721
8303	4012
8303	8687
8303	9499
8304	4511
8304	4222
8304	1448
8304	4626
8304	1702
8304	2133
8304	751
8304	3473
8304	7878
8304	5572
8305	8965
8305	3560
8305	8364
8305	9124
8305	8757
8305	6598
8305	3846
8305	2777
8305	303
8305	2433
8306	3876
8306	5772
8306	1893
8306	847
8306	4248
8306	8158
8306	4325
8306	9434
8306	5954
8306	4708
8307	8875
8307	7594
8307	1093
8307	7227
8307	7050
8307	4314
8307	5811
8307	4438
8307	6263
8307	2113
8308	4929
8308	2567
8308	2642
8308	7270
8308	1886
8308	3458
8308	2054
8308	184
8308	6203
8308	9659
8309	4479
8309	2077
8309	3626
8309	5800
8309	9289
8309	8234
8309	731
8309	7074
8309	6409
8309	3376
8310	1060
8310	8137
8310	6274
8310	8154
8310	2596
8310	2949
8310	8311
8310	2218
8310	777
8310	6979
8311	5706
8311	4986
8311	5418
8311	6689
8311	238
8311	9707
8311	1529
8311	1194
8311	4055
8311	3144
8312	5361
8312	7880
8312	2841
8312	5332
8312	5710
8312	858
8312	1372
8312	7831
8312	484
8312	9533
8313	5753
8313	9455
8313	4129
8313	9506
8313	1560
8313	4987
8313	593
8313	2190
8313	5088
8313	9598
8314	7658
8314	5195
8314	6131
8314	5252
8314	8637
8314	7260
8314	1431
8314	8405
8314	922
8314	4035
8315	1746
8315	9442
8315	5264
8315	9443
8315	2825
8315	6873
8315	3422
8315	9473
8315	180
8315	1693
8316	4534
8316	5147
8316	5808
8316	9739
8316	6281
8316	2686
8316	1665
8316	8133
8316	206
8316	3292
8317	5568
8317	224
8317	2107
8317	1621
8317	9737
8317	9380
8317	7557
8317	4620
8317	4380
8317	9343
8318	6658
8318	4154
8318	86
8318	1373
8318	793
8318	6685
8318	993
8318	8552
8318	1258
8318	3856
8319	8890
8319	6365
8319	2246
8319	3346
8319	1737
8319	2307
8319	7537
8319	1745
8319	927
8319	2178
8320	8673
8320	2714
8320	4806
8320	6446
8320	9939
8320	8383
8320	2665
8320	7544
8320	3668
8320	4236
8321	3268
8321	2728
8321	4537
8321	5011
8321	2034
8321	948
8321	5329
8321	753
8321	8810
8321	2577
8322	9225
8322	5971
8322	298
8322	6155
8322	99
8322	1907
8322	4785
8322	7268
8322	1950
8322	2800
8323	5664
8323	1424
8323	4926
8323	3285
8323	3568
8323	5465
8323	3989
8323	1781
8323	4614
8323	79
8324	2635
8324	9352
8324	5488
8324	8907
8324	8164
8324	9729
8324	4043
8324	5078
8324	9071
8324	9670
8325	8151
8325	7148
8325	6951
8325	1774
8325	6427
8325	6034
8325	6692
8325	3433
8325	8390
8325	4187
8326	6914
8326	9824
8326	2643
8326	9399
8326	3249
8326	1523
8326	659
8326	1932
8326	8697
8326	7009
8327	8299
8327	1554
8327	4956
8327	9946
8327	7051
8327	5953
8327	7352
8327	1644
8327	2113
8327	6294
8328	1180
8328	7664
8328	2466
8328	4909
8328	5803
8328	6079
8328	2033
8328	1850
8328	1083
8328	5769
8329	8998
8329	5198
8329	1566
8329	8141
8329	2536
8329	1460
8329	657
8329	8668
8329	5850
8329	8512
8330	2317
8330	6212
8330	3181
8330	9180
8330	205
8330	9087
8330	8695
8330	5189
8330	4975
8330	6522
8331	4688
8331	3351
8331	6804
8331	9909
8331	9558
8331	9400
8331	4991
8331	7787
8331	9379
8331	8119
8332	6469
8332	6338
8332	1128
8332	4394
8332	661
8332	6130
8332	5710
8332	8789
8332	8543
8332	2732
8333	8807
8333	3028
8333	4176
8333	7637
8333	3523
8333	652
8333	1712
8333	2491
8333	7793
8333	3092
8334	392
8334	1666
8334	9673
8334	242
8334	9075
8334	7507
8334	9744
8334	9775
8334	3363
8334	6816
8335	7446
8335	2468
8335	8218
8335	1696
8335	944
8335	1903
8335	4657
8335	2074
8335	3368
8335	922
8336	8536
8336	1309
8336	7813
8336	9028
8336	6209
8336	4792
8336	7152
8336	1853
8336	5151
8336	5271
8337	8769
8337	4357
8337	2800
8337	702
8337	5581
8337	8636
8337	21
8337	8890
8337	5072
8337	2371
8338	5269
8338	2493
8338	4512
8338	2639
8338	5074
8338	2252
8338	174
8338	4519
8338	6219
8338	6663
8339	6867
8339	4468
8339	4968
8339	9407
8339	3554
8339	9835
8339	7470
8339	9532
8339	4232
8339	8663
8340	1195
8340	6743
8340	8535
8340	684
8340	6172
8340	1651
8340	6090
8340	8069
8340	7140
8340	6966
8341	2372
8341	5565
8341	3181
8341	4235
8341	980
8341	908
8341	8752
8341	7153
8341	8323
8341	9419
8342	5617
8342	962
8342	6535
8342	5068
8342	1094
8342	9505
8342	2049
8342	6731
8342	6796
8342	1642
8343	760
8343	6261
8343	7696
8343	6522
8343	7104
8343	148
8343	6187
8343	5979
8343	4714
8343	1615
8344	8661
8344	8290
8344	4711
8344	8462
8344	2046
8344	3952
8344	6002
8344	49
8344	9888
8344	6835
8345	2955
8345	284
8345	8034
8345	7239
8345	7817
8345	2289
8345	2419
8345	221
8345	4180
8345	2097
8346	6488
8346	6474
8346	3939
8346	8558
8346	8651
8346	8298
8346	412
8346	1587
8346	69
8346	3123
8347	606
8347	5932
8347	3140
8347	8237
8347	7605
8347	5563
8347	7891
8347	9756
8347	5236
8347	9367
8348	5992
8348	2133
8348	981
8348	728
8348	4909
8348	553
8348	9764
8348	9121
8348	4537
8348	5918
8349	9872
8349	366
8349	6293
8349	3046
8349	9654
8349	6836
8349	669
8349	3715
8349	8463
8349	6443
8350	1378
8350	5522
8350	6171
8350	1251
8350	5325
8350	2692
8350	5272
8350	854
8350	4154
8350	1570
8351	9957
8351	266
8351	364
8351	7895
8351	9994
8351	9443
8351	2275
8351	4618
8351	6566
8351	3297
8352	5379
8352	8393
8352	3196
8352	6255
8352	6602
8352	5088
8352	3048
8352	5585
8352	1578
8352	9653
8353	7834
8353	9161
8353	7738
8353	4688
8353	9705
8353	4598
8353	7768
8353	3239
8353	5237
8353	4170
8354	9577
8354	3303
8354	1370
8354	4871
8354	7373
8354	9823
8354	7579
8354	8108
8354	3108
8354	1437
8355	4099
8355	97
8355	7197
8355	622
8355	2445
8355	5116
8355	8673
8355	9669
8355	3849
8355	8097
8356	9941
8356	4322
8356	7033
8356	8301
8356	1656
8356	4601
8356	7721
8356	5138
8356	300
8356	8575
8357	1988
8357	67
8357	2191
8357	3250
8357	7847
8357	6575
8357	1579
8357	9120
8357	9370
8357	7074
8358	4676
8358	7579
8358	9981
8358	6232
8358	3517
8358	8197
8358	229
8358	4198
8358	2546
8358	5542
8359	1474
8359	4991
8359	9693
8359	2579
8359	6097
8359	56
8359	877
8359	5309
8359	1492
8359	4706
8360	6431
8360	437
8360	3457
8360	7776
8360	4593
8360	3986
8360	3236
8360	4823
8360	9225
8360	6075
8361	3554
8361	9909
8361	6279
8361	1387
8361	8292
8361	1924
8361	1597
8361	9283
8361	7725
8361	4567
8362	6220
8362	7268
8362	5629
8362	1573
8362	1890
8362	4348
8362	641
8362	6525
8362	8975
8362	6175
8363	2217
8363	1149
8363	5307
8363	3019
8363	8430
8363	1156
8363	301
8363	6776
8363	2009
8363	7488
8364	9543
8364	283
8364	3179
8364	5944
8364	6909
8364	1709
8364	2569
8364	429
8364	5860
8364	5686
8365	6480
8365	7715
8365	4058
8365	5499
8365	776
8365	2633
8365	6076
8365	2979
8365	6413
8365	5869
8366	1642
8366	6665
8366	2906
8366	278
8366	7993
8366	3752
8366	7321
8366	9838
8366	1404
8366	7848
8367	4066
8367	8293
8367	7289
8367	1994
8367	5930
8367	1086
8367	8652
8367	8951
8367	7933
8367	7604
8368	7917
8368	8872
8368	1870
8368	2508
8368	420
8368	2029
8368	2510
8368	7536
8368	9643
8368	4401
8369	8946
8369	248
8369	5804
8369	9405
8369	7608
8369	2947
8369	2855
8369	6474
8369	9028
8369	8901
8370	900
8370	1420
8370	9149
8370	1337
8370	5713
8370	9879
8370	9725
8370	5689
8370	4904
8370	6334
8371	3705
8371	5818
8371	9935
8371	3808
8371	3679
8371	1717
8371	4019
8371	9560
8371	3026
8371	6098
8372	5497
8372	609
8372	3335
8372	6907
8372	8377
8372	6213
8372	7954
8372	5717
8372	5325
8372	299
8373	5404
8373	1869
8373	8830
8373	5893
8373	5445
8373	8352
8373	7230
8373	5891
8373	423
8373	7695
8374	8855
8374	350
8374	9223
8374	4124
8374	4638
8374	5441
8374	8967
8374	8916
8374	5230
8374	1424
8375	5405
8375	6981
8375	1280
8375	1629
8375	1055
8375	2486
8375	3667
8375	6227
8375	71
8375	6131
8376	4480
8376	8943
8376	779
8376	3821
8376	3968
8376	6557
8376	2787
8376	7467
8376	180
8376	1660
8377	3420
8377	9406
8377	8696
8377	2887
8377	4450
8377	23
8377	8477
8377	621
8377	6320
8377	7467
8378	4687
8378	3297
8378	6237
8378	1493
8378	4426
8378	7521
8378	4357
8378	693
8378	1545
8378	9309
8379	4500
8379	336
8379	5106
8379	5586
8379	5117
8379	6848
8379	2350
8379	5067
8379	142
8379	2620
8380	2396
8380	1901
8380	4531
8380	4530
8380	3966
8380	7875
8380	9241
8380	7811
8380	3750
8380	5556
8381	2783
8381	4577
8381	82
8381	6981
8381	5665
8381	9229
8381	1246
8381	7175
8381	1172
8381	8096
8382	6119
8382	6934
8382	1715
8382	3582
8382	3990
8382	8151
8382	8724
8382	9800
8382	6711
8382	4959
8383	4207
8383	3441
8383	6318
8383	2711
8383	9797
8383	1172
8383	790
8383	1609
8383	4375
8383	5586
8384	9581
8384	8002
8384	4704
8384	7160
8384	7633
8384	5936
8384	9832
8384	7169
8384	4451
8384	4125
8385	4489
8385	3200
8385	3732
8385	6317
8385	4765
8385	4587
8385	2851
8385	2488
8385	6619
8385	9697
8386	2070
8386	5381
8386	816
8386	2613
8386	9004
8386	1056
8386	6499
8386	180
8386	4320
8386	9459
8387	6009
8387	2893
8387	8348
8387	7771
8387	492
8387	2436
8387	2896
8387	3495
8387	4323
8387	4930
8388	5082
8388	2656
8388	1153
8388	170
8388	4673
8388	4812
8388	1696
8388	485
8388	8103
8388	6459
8389	6434
8389	788
8389	46
8389	9506
8389	6938
8389	104
8389	9164
8389	6806
8389	6914
8389	2543
8390	3980
8390	5298
8390	8969
8390	2648
8390	7907
8390	207
8390	8398
8390	5834
8390	8478
8390	9226
8391	7373
8391	6102
8391	6988
8391	7596
8391	4312
8391	5563
8391	2858
8391	3223
8391	819
8391	3678
8392	6650
8392	3203
8392	4596
8392	7764
8392	6034
8392	1190
8392	9918
8392	5638
8392	985
8392	1252
8393	1721
8393	4445
8393	1164
8393	5114
8393	5047
8393	7838
8393	8184
8393	2105
8393	9587
8393	4941
8394	2343
8394	2010
8394	597
8394	9261
8394	3022
8394	889
8394	3715
8394	800
8394	6810
8394	4250
8395	1965
8395	1789
8395	8424
8395	6431
8395	4842
8395	767
8395	4778
8395	6262
8395	1418
8395	4896
8396	7783
8396	178
8396	9577
8396	9985
8396	6412
8396	5492
8396	5137
8396	1539
8396	7973
8396	3277
8397	6661
8397	1237
8397	7461
8397	4906
8397	4535
8397	614
8397	524
8397	6092
8397	7203
8397	9384
8398	6392
8398	8254
8398	8274
8398	6503
8398	1667
8398	3994
8398	226
8398	994
8398	6154
8398	9942
8399	8773
8399	861
8399	1802
8399	8432
8399	5385
8399	6779
8399	250
8399	3288
8399	5006
8399	9418
8400	3512
8400	6591
8400	8926
8400	1816
8400	6444
8400	8320
8400	1584
8400	3818
8400	9349
8400	5244
8401	3107
8401	4569
8401	1327
8401	1170
8401	808
8401	8730
8401	4261
8401	3794
8401	2868
8401	1038
8402	8878
8402	5544
8402	1079
8402	9695
8402	4845
8402	2125
8402	3511
8402	1484
8402	7726
8402	6044
8403	3997
8403	7457
8403	9582
8403	2459
8403	7973
8403	6223
8403	823
8403	4266
8403	4920
8403	4483
8404	9514
8404	1205
8404	917
8404	9339
8404	5371
8404	9987
8404	1670
8404	6523
8404	3367
8404	2105
8405	7438
8405	6414
8405	9836
8405	4470
8405	5160
8405	3462
8405	5642
8405	1145
8405	413
8405	9221
8406	1757
8406	6468
8406	9733
8406	8777
8406	5873
8406	9315
8406	3848
8406	2428
8406	6681
8406	5959
8407	3519
8407	8638
8407	9862
8407	5254
8407	4003
8407	2971
8407	6528
8407	3059
8407	3695
8407	6593
8408	1602
8408	4487
8408	3434
8408	9338
8408	1749
8408	847
8408	9603
8408	5947
8408	1180
8408	6560
8409	5356
8409	6406
8409	5003
8409	6841
8409	7586
8409	9605
8409	6665
8409	4698
8409	8771
8409	9861
8410	3840
8410	8903
8410	6285
8410	7680
8410	5764
8410	757
8410	9541
8410	8164
8410	6153
8410	278
8411	5150
8411	2459
8411	6876
8411	1999
8411	4188
8411	2445
8411	301
8411	5394
8411	679
8411	5136
8412	8164
8412	9280
8412	3309
8412	8263
8412	2699
8412	4550
8412	4973
8412	4514
8412	5169
8412	1989
8413	6928
8413	2378
8413	4525
8413	6007
8413	1728
8413	6857
8413	7073
8413	4351
8413	2307
8413	201
8414	4828
8414	4091
8414	9010
8414	8422
8414	246
8414	6060
8414	4935
8414	6394
8414	1626
8414	284
8415	6927
8415	9353
8415	8604
8415	5099
8415	3209
8415	6318
8415	149
8415	5435
8415	5900
8415	3520
8416	8122
8416	6494
8416	4328
8416	239
8416	2885
8416	3560
8416	8553
8416	9473
8416	1282
8416	4887
8417	267
8417	2174
8417	952
8417	6156
8417	986
8417	9983
8417	622
8417	5635
8417	7752
8417	8798
8418	2576
8418	2714
8418	4990
8418	142
8418	9348
8418	61
8418	7608
8418	7365
8418	7392
8418	9549
8419	7146
8419	2388
8419	9477
8419	8307
8419	6951
8419	2938
8419	9167
8419	6083
8419	836
8419	3404
8420	8715
8420	8412
8420	5276
8420	6474
8420	947
8420	8498
8420	254
8420	8103
8420	9950
8420	5467
8421	5748
8421	3545
8421	6637
8421	675
8421	2592
8421	5097
8421	3405
8421	2414
8421	4252
8421	2876
8422	7928
8422	5703
8422	4585
8422	5213
8422	964
8422	2796
8422	1130
8422	7253
8422	6509
8422	6406
8423	8586
8423	6877
8423	7674
8423	3497
8423	6353
8423	4002
8423	7045
8423	1257
8423	9509
8423	7447
8424	822
8424	6571
8424	4407
8424	4656
8424	8524
8424	2747
8424	7984
8424	3259
8424	4150
8424	8231
8425	8964
8425	1495
8425	6819
8425	5416
8425	8711
8425	5007
8425	7402
8425	1782
8425	1946
8425	192
8426	2599
8426	6291
8426	7341
8426	1036
8426	3134
8426	5127
8426	7840
8426	3754
8426	9071
8426	248
8427	5101
8427	25
8427	756
8427	3149
8427	3701
8427	6246
8427	3776
8427	4279
8427	4405
8427	8363
8428	4856
8428	1521
8428	578
8428	417
8428	2862
8428	7843
8428	4005
8428	8717
8428	9163
8428	1073
8429	2546
8429	8137
8429	4535
8429	2040
8429	2670
8429	2911
8429	1741
8429	7409
8429	3094
8429	3317
8430	8504
8430	7409
8430	9987
8430	3281
8430	8900
8430	292
8430	5595
8430	7260
8430	7210
8430	6206
8431	1601
8431	825
8431	2133
8431	545
8431	6440
8431	8561
8431	4185
8431	8958
8431	7698
8431	4277
8432	910
8432	8527
8432	1448
8432	3325
8432	120
8432	6132
8432	2075
8432	3934
8432	5802
8432	4646
8433	8981
8433	3328
8433	4398
8433	649
8433	7594
8433	6155
8433	7351
8433	6470
8433	4684
8433	2894
8434	1644
8434	5975
8434	4013
8434	951
8434	9799
8434	3682
8434	1101
8434	516
8434	2990
8434	8318
8435	4675
8435	9337
8435	4304
8435	2605
8435	3842
8435	8398
8435	3483
8435	4702
8435	4054
8435	1563
8436	9085
8436	2652
8436	9614
8436	9982
8436	3387
8436	4192
8436	6774
8436	2239
8436	9258
8436	5175
8437	6500
8437	1295
8437	2842
8437	5419
8437	1914
8437	3657
8437	9030
8437	8252
8437	9660
8437	8682
8438	5586
8438	2049
8438	9566
8438	2847
8438	3768
8438	2096
8438	159
8438	5861
8438	4171
8438	2696
8439	1744
8439	7433
8439	539
8439	496
8439	9424
8439	790
8439	6568
8439	5390
8439	4745
8439	3398
8440	1643
8440	3346
8440	1191
8440	8911
8440	8658
8440	8344
8440	9341
8440	5263
8440	5672
8440	8553
8441	8380
8441	8534
8441	2478
8441	4108
8441	7211
8441	4747
8441	3768
8441	2357
8441	8284
8441	1878
8442	6740
8442	1336
8442	45
8442	255
8442	4272
8442	2165
8442	5351
8442	220
8442	9494
8442	666
8443	9654
8443	4937
8443	4502
8443	9778
8443	5733
8443	8512
8443	7091
8443	858
8443	2202
8443	1732
8444	5218
8444	177
8444	8356
8444	916
8444	432
8444	662
8444	4974
8444	5506
8444	2791
8444	504
8445	6052
8445	9308
8445	7704
8445	6629
8445	7363
8445	8250
8445	3319
8445	4138
8445	3873
8445	6302
8446	3649
8446	8556
8446	9675
8446	8663
8446	6516
8446	6583
8446	306
8446	4910
8446	6713
8446	8059
8447	3651
8447	9628
8447	9492
8447	4054
8447	5846
8447	3725
8447	9832
8447	6645
8447	6335
8447	3156
8448	51
8448	9239
8448	1253
8448	2300
8448	226
8448	9764
8448	2265
8448	3303
8448	7432
8448	8234
8449	1314
8449	6599
8449	239
8449	6140
8449	8547
8449	2344
8449	9592
8449	11
8449	9427
8449	3726
8450	4818
8450	5231
8450	3422
8450	7351
8450	9016
8450	8204
8450	870
8450	3749
8450	2784
8450	9061
8451	3715
8451	2286
8451	6310
8451	9110
8451	3687
8451	9329
8451	6897
8451	4152
8451	6858
8451	8749
8452	3497
8452	9737
8452	2810
8452	3771
8452	8050
8452	1540
8452	3826
8452	9693
8452	7346
8452	3144
8453	6139
8453	7079
8453	4897
8453	903
8453	6191
8453	3128
8453	2785
8453	474
8453	9484
8453	6183
8454	5005
8454	3307
8454	3409
8454	7083
8454	6416
8454	1791
8454	7293
8454	2143
8454	2436
8454	6558
8455	4299
8455	2852
8455	7095
8455	6068
8455	4540
8455	4757
8455	835
8455	2817
8455	3236
8455	3668
8456	8268
8456	9762
8456	7098
8456	376
8456	7209
8456	6991
8456	2544
8456	7242
8456	9185
8456	4638
8457	8148
8457	652
8457	2638
8457	6261
8457	5583
8457	2859
8457	8589
8457	9241
8457	4799
8457	3047
8458	7883
8458	1664
8458	2837
8458	1351
8458	1075
8458	5174
8458	7139
8458	412
8458	190
8458	7771
8459	3463
8459	5932
8459	305
8459	9878
8459	1916
8459	9476
8459	5889
8459	8266
8459	9828
8459	1638
8460	5828
8460	5700
8460	9508
8460	2150
8460	8834
8460	2948
8460	3169
8460	7455
8460	8230
8460	8527
8461	2645
8461	3836
8461	4956
8461	2990
8461	8659
8461	5062
8461	8662
8461	3095
8461	5943
8461	3049
8462	8465
8462	1705
8462	7916
8462	7660
8462	7926
8462	8274
8462	1487
8462	4736
8462	33
8462	7076
8463	4029
8463	2129
8463	99
8463	8139
8463	9679
8463	1480
8463	4025
8463	9931
8463	3788
8463	6752
8464	9884
8464	611
8464	9870
8464	5018
8464	8475
8464	8639
8464	9
8464	7024
8464	9508
8464	1412
8465	8226
8465	5341
8465	806
8465	7823
8465	8312
8465	3674
8465	2385
8465	8966
8465	7475
8465	9625
8466	1012
8466	3747
8466	9984
8466	6161
8466	8306
8466	2107
8466	1345
8466	7268
8466	6537
8466	6899
8467	5268
8467	7817
8467	2404
8467	5003
8467	9772
8467	3867
8467	1657
8467	956
8467	7629
8467	9810
8468	5939
8468	9006
8468	1690
8468	6531
8468	7025
8468	5419
8468	3308
8468	1526
8468	678
8468	7885
8469	7734
8469	8151
8469	1881
8469	346
8469	1411
8469	3160
8469	4803
8469	5501
8469	567
8469	2084
8470	973
8470	3930
8470	8160
8470	3705
8470	9913
8470	2565
8470	1536
8470	4066
8470	8893
8470	7189
8471	4317
8471	3832
8471	2125
8471	3437
8471	8676
8471	1991
8471	5711
8471	3261
8471	3982
8471	8133
8472	9327
8472	2883
8472	30
8472	2254
8472	8257
8472	2337
8472	307
8472	784
8472	7416
8472	7928
8473	6036
8473	8175
8473	4747
8473	7032
8473	9484
8473	4813
8473	680
8473	5035
8473	7945
8473	2572
8474	8019
8474	242
8474	5512
8474	2620
8474	792
8474	1044
8474	4407
8474	9813
8474	8008
8474	1864
8475	2097
8475	8217
8475	772
8475	3704
8475	1671
8475	995
8475	5130
8475	3123
8475	9554
8475	1895
8476	5592
8476	7484
8476	823
8476	1981
8476	2131
8476	9395
8476	7276
8476	7597
8476	4304
8476	415
8477	4411
8477	8503
8477	8945
8477	5973
8477	8411
8477	8115
8477	3208
8477	2020
8477	3024
8477	4280
8478	1839
8478	5305
8478	9053
8478	9049
8478	9942
8478	1033
8478	4851
8478	8184
8478	6385
8478	8367
8479	7472
8479	4965
8479	5206
8479	2018
8479	4241
8479	129
8479	3316
8479	4222
8479	7470
8479	3687
8480	6901
8480	111
8480	7286
8480	1249
8480	4224
8480	6890
8480	1175
8480	1695
8480	6592
8480	5112
8481	8219
8481	3216
8481	4945
8481	8795
8481	7854
8481	2010
8481	852
8481	1286
8481	8148
8481	2646
8482	3964
8482	7658
8482	7996
8482	5790
8482	6902
8482	7802
8482	6977
8482	9744
8482	3069
8482	7421
8483	3060
8483	4317
8483	4837
8483	9921
8483	7304
8483	9627
8483	9961
8483	1234
8483	2070
8483	9219
8484	7872
8484	6562
8484	619
8484	7182
8484	6050
8484	6190
8484	7685
8484	3209
8484	8116
8484	8518
8485	1091
8485	6864
8485	2754
8485	867
8485	1962
8485	6124
8485	156
8485	6144
8485	6052
8485	5603
8486	7308
8486	9244
8486	7479
8486	3904
8486	5257
8486	2502
8486	639
8486	5387
8486	9826
8486	2604
8487	9080
8487	8050
8487	1432
8487	8571
8487	5957
8487	4022
8487	803
8487	5522
8487	7142
8487	260
8488	1275
8488	2428
8488	3463
8488	9086
8488	3658
8488	1878
8488	2306
8488	2824
8488	18
8488	3898
8489	1066
8489	1742
8489	4390
8489	3389
8489	3932
8489	2199
8489	5852
8489	5972
8489	849
8489	6073
8490	591
8490	599
8490	2789
8490	4880
8490	3805
8490	7175
8490	8520
8490	2250
8490	1071
8490	7335
8491	5209
8491	3854
8491	2256
8491	8607
8491	8703
8491	3885
8491	7526
8491	2692
8491	1458
8491	8632
8492	2512
8492	4982
8492	2316
8492	44
8492	2380
8492	3341
8492	9323
8492	7377
8492	369
8492	4510
8493	7684
8493	8996
8493	5612
8493	6547
8493	2730
8493	2723
8493	6258
8493	1856
8493	9876
8493	4734
8494	7963
8494	2703
8494	4858
8494	3834
8494	5107
8494	5021
8494	2988
8494	2004
8494	7209
8494	5369
8495	6127
8495	5175
8495	7879
8495	2965
8495	9312
8495	4131
8495	4356
8495	1737
8495	7516
8495	9225
8496	8414
8496	5546
8496	9147
8496	2
8496	5141
8496	6122
8496	8420
8496	2580
8496	3531
8496	1501
8497	1461
8497	8036
8497	9027
8497	6129
8497	7536
8497	7202
8497	4544
8497	2992
8497	5110
8497	754
8498	4342
8498	1762
8498	3103
8498	110
8498	2740
8498	9283
8498	5449
8498	965
8498	107
8498	8430
8499	7239
8499	8678
8499	8652
8499	8862
8499	4405
8499	330
8499	3811
8499	3057
8499	472
8499	2304
8500	1531
8500	9758
8500	4249
8500	1584
8500	1745
8500	418
8500	3386
8500	9678
8500	488
8500	5087
8501	7032
8501	7528
8501	2724
8501	6940
8501	46
8501	5182
8501	5891
8501	2404
8501	2603
8501	9580
8502	8086
8502	5758
8502	5445
8502	9247
8502	1748
8502	4161
8502	9460
8502	4327
8502	5535
8502	8386
8503	8235
8503	3331
8503	4079
8503	6461
8503	8731
8503	2652
8503	7483
8503	3125
8503	9794
8503	3673
8504	2340
8504	1408
8504	1168
8504	6779
8504	1804
8504	7039
8504	5175
8504	7084
8504	3299
8504	797
8505	3866
8505	5050
8505	2246
8505	8601
8505	6629
8505	9496
8505	4689
8505	8772
8505	7062
8505	8892
8506	1124
8506	1276
8506	1185
8506	9527
8506	1464
8506	4007
8506	6642
8506	1130
8506	8166
8506	1801
8507	486
8507	2421
8507	9579
8507	9936
8507	9406
8507	709
8507	3425
8507	7915
8507	5863
8507	108
8508	4661
8508	8998
8508	9478
8508	1197
8508	8689
8508	8218
8508	5522
8508	634
8508	5351
8508	8515
8509	4554
8509	7041
8509	9582
8509	4308
8509	5555
8509	1187
8509	5775
8509	5102
8509	6507
8509	2685
8510	3567
8510	8089
8510	2006
8510	3236
8510	7789
8510	5811
8510	1508
8510	3963
8510	6560
8510	8766
8511	329
8511	2508
8511	3351
8511	9821
8511	4272
8511	3201
8511	7069
8511	861
8511	8596
8511	8813
8512	25
8512	4504
8512	8886
8512	2253
8512	3174
8512	595
8512	5922
8512	8812
8512	484
8512	4456
8513	2433
8513	3152
8513	8832
8513	973
8513	1917
8513	8767
8513	6344
8513	1337
8513	3193
8513	3955
8514	3401
8514	4537
8514	4546
8514	6651
8514	5266
8514	7596
8514	8893
8514	6523
8514	1650
8514	8129
8515	9788
8515	1843
8515	6499
8515	1499
8515	6158
8515	6827
8515	4036
8515	7728
8515	579
8515	5256
8516	5070
8516	1511
8516	3448
8516	4777
8516	8679
8516	1289
8516	4175
8516	3410
8516	7513
8516	6622
8517	9279
8517	3042
8517	2595
8517	2290
8517	6457
8517	69
8517	2137
8517	7025
8517	2270
8517	5882
8518	2159
8518	4026
8518	2981
8518	2845
8518	9893
8518	3139
8518	7885
8518	5263
8518	826
8518	4929
8519	7879
8519	6388
8519	7955
8519	2705
8519	7941
8519	8924
8519	4223
8519	6060
8519	8838
8519	2918
8520	2527
8520	7201
8520	1625
8520	202
8520	5669
8520	3319
8520	4569
8520	5396
8520	6442
8520	1504
8521	6626
8521	7128
8521	9370
8521	7658
8521	8233
8521	511
8521	7399
8521	3685
8521	2286
8521	7651
8522	9913
8522	7906
8522	3711
8522	4644
8522	4013
8522	7794
8522	7571
8522	8268
8522	3280
8522	8896
8523	1223
8523	6097
8523	6449
8523	7692
8523	163
8523	1276
8523	7627
8523	1284
8523	8188
8523	2457
8524	627
8524	9528
8524	7883
8524	3223
8524	5575
8524	499
8524	7876
8524	3707
8524	115
8524	312
8525	4189
8525	1736
8525	8758
8525	6806
8525	940
8525	1086
8525	5488
8525	7335
8525	5012
8525	6373
8526	3198
8526	6590
8526	8478
8526	2188
8526	7986
8526	6608
8526	935
8526	3050
8526	7146
8526	4036
8527	2791
8527	34
8527	4681
8527	3378
8527	6413
8527	1321
8527	4873
8527	3971
8527	3782
8527	78
8528	2110
8528	6908
8528	8509
8528	8961
8528	5159
8528	4415
8528	3852
8528	9286
8528	4604
8528	3422
8529	9270
8529	5620
8529	9399
8529	2862
8529	4665
8529	1242
8529	6417
8529	2106
8529	7111
8529	9814
8530	24
8530	4542
8530	9617
8530	8314
8530	8359
8530	3525
8530	1853
8530	9857
8530	7307
8530	6344
8531	1835
8531	6221
8531	9922
8531	7845
8531	6939
8531	8810
8531	5032
8531	4744
8531	6071
8531	5999
8532	2390
8532	5391
8532	7243
8532	4745
8532	121
8532	8631
8532	6354
8532	6275
8532	9895
8532	674
8533	1662
8533	2240
8533	9254
8533	3275
8533	8527
8533	9953
8533	7527
8533	9919
8533	8886
8533	4023
8534	7041
8534	5605
8534	2321
8534	9291
8534	874
8534	7382
8534	7696
8534	8325
8534	2326
8534	3752
8535	8472
8535	493
8535	568
8535	222
8535	4415
8535	954
8535	4531
8535	7818
8535	8962
8535	4473
8536	2296
8536	5973
8536	272
8536	2377
8536	7760
8536	5520
8536	834
8536	932
8536	1611
8536	5094
8537	9699
8537	7830
8537	9345
8537	8169
8537	4773
8537	3245
8537	4297
8537	5139
8537	5757
8537	1634
8538	2624
8538	6222
8538	1990
8538	796
8538	3107
8538	1452
8538	530
8538	4719
8538	2272
8538	2066
8539	5766
8539	4602
8539	1987
8539	1102
8539	455
8539	6696
8539	9641
8539	2795
8539	8420
8539	3995
8540	7830
8540	7071
8540	6608
8540	4652
8540	911
8540	624
8540	3820
8540	2564
8540	2793
8540	5680
8541	3520
8541	5470
8541	5321
8541	8054
8541	5858
8541	8576
8541	5650
8541	2162
8541	5453
8541	23
8542	1445
8542	4227
8542	2183
8542	2516
8542	9018
8542	7457
8542	4507
8542	641
8542	4936
8542	2358
8543	3634
8543	9531
8543	4301
8543	2980
8543	1323
8543	1288
8543	6136
8543	9428
8543	380
8543	1732
8544	9456
8544	7194
8544	3650
8544	8119
8544	9647
8544	2724
8544	7721
8544	8599
8544	9281
8544	9031
8545	2759
8545	7993
8545	639
8545	7753
8545	1764
8545	4121
8545	8160
8545	6082
8545	4867
8545	4048
8546	9967
8546	7919
8546	9559
8546	7582
8546	4535
8546	9681
8546	5548
8546	4820
8546	2787
8546	1854
8547	8977
8547	6571
8547	9708
8547	234
8547	3078
8547	7547
8547	647
8547	7958
8547	4549
8547	8863
8548	5275
8548	9200
8548	7698
8548	1175
8548	4195
8548	4743
8548	561
8548	3051
8548	1428
8548	3036
8549	6344
8549	1908
8549	8520
8549	7641
8549	6245
8549	3555
8549	8575
8549	2288
8549	4596
8549	2341
8550	243
8550	6702
8550	1375
8550	8183
8550	3715
8550	9040
8550	9436
8550	1180
8550	9541
8550	5667
8551	8384
8551	1030
8551	4327
8551	7086
8551	4018
8551	4922
8551	9137
8551	9603
8551	3666
8551	7850
8552	61
8552	5194
8552	6643
8552	5254
8552	5392
8552	7308
8552	6265
8552	3763
8552	287
8552	385
8553	7552
8553	8949
8553	9274
8553	6984
8553	2032
8553	175
8553	7683
8553	4048
8553	9448
8553	7710
8554	214
8554	8052
8554	3095
8554	1145
8554	9847
8554	9873
8554	3850
8554	8257
8554	1361
8554	585
8555	6181
8555	2439
8555	758
8555	410
8555	9264
8555	1971
8555	4168
8555	1194
8555	1192
8555	7201
8556	4845
8556	2903
8556	8703
8556	7564
8556	9459
8556	9847
8556	6073
8556	9384
8556	4866
8556	3256
8557	6067
8557	480
8557	3725
8557	2927
8557	9685
8557	9630
8557	9120
8557	7111
8557	9742
8557	1936
8558	7718
8558	790
8558	3610
8558	3272
8558	8512
8558	3354
8558	6395
8558	8714
8558	6924
8558	2970
8559	4068
8559	3542
8559	7984
8559	4408
8559	8677
8559	4200
8559	3098
8559	6627
8559	931
8559	8615
8560	2885
8560	9262
8560	37
8560	8907
8560	7411
8560	8306
8560	7132
8560	9140
8560	8051
8560	7057
8561	3493
8561	2068
8561	5648
8561	575
8561	3416
8561	2081
8561	2047
8561	4593
8561	5739
8561	9715
8562	40
8562	7525
8562	5731
8562	7939
8562	5213
8562	8796
8562	3767
8562	5478
8562	4831
8562	6264
8563	4374
8563	6127
8563	8121
8563	7676
8563	9952
8563	7636
8563	371
8563	3806
8563	1543
8563	1361
8564	3002
8564	1258
8564	5620
8564	6812
8564	3725
8564	1956
8564	1424
8564	8498
8564	7092
8564	8523
8565	5397
8565	6035
8565	5893
8565	5139
8565	3157
8565	620
8565	9512
8565	5578
8565	8535
8565	5418
8566	9213
8566	3848
8566	1242
8566	5071
8566	7629
8566	6895
8566	8920
8566	9020
8566	2794
8566	9428
8567	6481
8567	1300
8567	7778
8567	6296
8567	7319
8567	5203
8567	8179
8567	4916
8567	645
8567	9773
8568	4070
8568	8373
8568	2406
8568	8158
8568	148
8568	1647
8568	5086
8568	8798
8568	8562
8568	9662
8569	1865
8569	5049
8569	9016
8569	2332
8569	5454
8569	5272
8569	7761
8569	3157
8569	1826
8569	6870
8570	8677
8570	6855
8570	166
8570	3067
8570	630
8570	8462
8570	3805
8570	2505
8570	8284
8570	5298
8571	795
8571	2705
8571	349
8571	2889
8571	7982
8571	2095
8571	6088
8571	7549
8571	3550
8571	6562
8572	2157
8572	5473
8572	6145
8572	346
8572	9340
8572	4203
8572	7765
8572	5280
8572	5131
8572	778
8573	4927
8573	6583
8573	5165
8573	2667
8573	655
8573	1056
8573	6712
8573	3488
8573	4837
8573	5800
8574	3293
8574	4225
8574	9948
8574	6131
8574	8016
8574	1297
8574	1816
8574	9791
8574	2812
8574	4656
8575	3302
8575	4466
8575	4744
8575	5728
8575	592
8575	7368
8575	2741
8575	4700
8575	8224
8575	7660
8576	2096
8576	3305
8576	3119
8576	6387
8576	7914
8576	6662
8576	7782
8576	4798
8576	4721
8576	6474
8577	9561
8577	9435
8577	6453
8577	8117
8577	4418
8577	707
8577	1550
8577	2768
8577	2587
8577	3867
8578	4125
8578	3498
8578	1995
8578	9888
8578	3099
8578	1300
8578	7518
8578	2316
8578	8288
8578	7199
8579	3480
8579	5924
8579	1106
8579	8310
8579	7311
8579	8650
8579	683
8579	8005
8579	3869
8579	4842
8580	1857
8580	5257
8580	4418
8580	3073
8580	9736
8580	6617
8580	3902
8580	3461
8580	2895
8580	4734
8581	473
8581	7173
8581	5919
8581	4101
8581	5595
8581	9539
8581	5420
8581	7901
8581	5091
8581	9035
8582	4803
8582	5481
8582	5244
8582	7030
8582	1513
8582	6502
8582	9031
8582	6492
8582	1454
8582	5651
8583	4253
8583	9249
8583	4887
8583	4407
8583	6837
8583	8310
8583	1855
8583	2432
8583	1100
8583	254
8584	9778
8584	472
8584	5135
8584	3694
8584	9959
8584	40
8584	4862
8584	418
8584	4566
8584	7309
8585	6702
8585	5483
8585	9111
8585	7834
8585	9090
8585	2270
8585	7606
8585	7489
8585	3183
8585	43
8586	1695
8586	8162
8586	4425
8586	9952
8586	9913
8586	6662
8586	2337
8586	7270
8586	8329
8586	6069
8587	2911
8587	6963
8587	5733
8587	6064
8587	1514
8587	1415
8587	1110
8587	9474
8587	2304
8587	1108
8588	3966
8588	9815
8588	7494
8588	5748
8588	7911
8588	9606
8588	9060
8588	6396
8588	7829
8588	1294
8589	7368
8589	5977
8589	8580
8589	9623
8589	8770
8589	7642
8589	6461
8589	3932
8589	4667
8589	1438
8590	6326
8590	7171
8590	3732
8590	3753
8590	4315
8590	8917
8590	6540
8590	994
8590	4877
8590	7818
8591	7765
8591	1294
8591	6215
8591	4345
8591	8894
8591	9681
8591	6512
8591	7356
8591	1009
8591	9134
8592	3245
8592	7661
8592	2688
8592	3047
8592	3969
8592	6260
8592	5818
8592	1304
8592	5496
8592	9667
8593	8440
8593	2245
8593	8106
8593	7500
8593	474
8593	2693
8593	4452
8593	75
8593	580
8593	5096
8594	7560
8594	3801
8594	8467
8594	5446
8594	9496
8594	3028
8594	5663
8594	7748
8594	8714
8594	220
8595	4598
8595	9369
8595	1355
8595	2234
8595	1700
8595	7613
8595	6419
8595	8848
8595	1734
8595	2508
8596	2074
8596	383
8596	8
8596	1814
8596	3814
8596	2935
8596	6176
8596	3242
8596	8271
8596	9955
8597	3740
8597	9272
8597	696
8597	9157
8597	2581
8597	5338
8597	5062
8597	9810
8597	9578
8597	3723
8598	4795
8598	2775
8598	6298
8598	2552
8598	8761
8598	3420
8598	1759
8598	3149
8598	1881
8598	4722
8599	7890
8599	5529
8599	4441
8599	6481
8599	8282
8599	5767
8599	2838
8599	8571
8599	1400
8599	761
8600	5820
8600	4019
8600	954
8600	1849
8600	1639
8600	3325
8600	1663
8600	357
8600	1820
8600	2583
8601	6013
8601	7795
8601	9455
8601	7621
8601	9447
8601	6299
8601	3409
8601	9055
8601	5897
8601	3020
8602	3232
8602	5047
8602	7610
8602	3633
8602	4332
8602	9516
8602	6612
8602	9980
8602	5467
8602	9288
8603	295
8603	4528
8603	1970
8603	9961
8603	1229
8603	2767
8603	6824
8603	2261
8603	9262
8603	535
8604	6923
8604	9976
8604	461
8604	7646
8604	2470
8604	5444
8604	1405
8604	2434
8604	914
8604	1957
8605	7908
8605	4663
8605	3988
8605	1871
8605	3041
8605	6896
8605	347
8605	2397
8605	3167
8605	7717
8606	8909
8606	1898
8606	3297
8606	6984
8606	2155
8606	5480
8606	5221
8606	5030
8606	6718
8606	5749
8607	6406
8607	4851
8607	5574
8607	2621
8607	5412
8607	4920
8607	1885
8607	64
8607	9393
8607	3753
8608	229
8608	1972
8608	9981
8608	6244
8608	2447
8608	1493
8608	2334
8608	5264
8608	347
8608	9812
8609	1629
8609	8264
8609	5718
8609	8200
8609	5415
8609	4228
8609	8586
8609	615
8609	8889
8609	3140
8610	1304
8610	1706
8610	7835
8610	6772
8610	8582
8610	4977
8610	5850
8610	1750
8610	6147
8610	1968
8611	5346
8611	4053
8611	9839
8611	836
8611	8647
8611	8378
8611	9811
8611	8657
8611	3934
8611	8433
8612	8974
8612	6186
8612	2794
8612	5253
8612	1436
8612	8994
8612	1131
8612	6196
8612	3362
8612	4086
8613	3443
8613	6547
8613	4607
8613	2641
8613	7330
8613	9238
8613	6733
8613	2350
8613	1816
8613	7458
8614	4413
8614	3388
8614	4132
8614	4701
8614	7824
8614	5072
8614	9523
8614	8578
8614	1148
8614	2009
8615	8208
8615	567
8615	585
8615	1727
8615	4093
8615	1199
8615	7057
8615	9863
8615	2714
8615	4455
8616	971
8616	2479
8616	2779
8616	5702
8616	1291
8616	1080
8616	7371
8616	6686
8616	6017
8616	5671
8617	9103
8617	3036
8617	73
8617	3861
8617	8840
8617	6752
8617	6593
8617	867
8617	5079
8617	8809
8618	6990
8618	1047
8618	9008
8618	2389
8618	9947
8618	3334
8618	2021
8618	1379
8618	7373
8618	6923
8619	9302
8619	1395
8619	7734
8619	647
8619	5097
8619	7138
8619	9976
8619	5270
8619	8701
8619	6370
8620	7083
8620	8013
8620	5615
8620	5675
8620	9055
8620	891
8620	990
8620	5921
8620	1664
8620	221
8621	3662
8621	7338
8621	3462
8621	5797
8621	1275
8621	8428
8621	6689
8621	6834
8621	2355
8621	9015
8622	1467
8622	2576
8622	6218
8622	8436
8622	3655
8622	4963
8622	610
8622	6336
8622	229
8622	2555
8623	3812
8623	4078
8623	1883
8623	9191
8623	1508
8623	5311
8623	2598
8623	6636
8623	3730
8623	5289
8624	668
8624	1408
8624	5879
8624	2473
8624	4653
8624	2100
8624	4460
8624	2560
8624	6214
8624	5751
8625	7434
8625	425
8625	9960
8625	5761
8625	986
8625	8164
8625	9574
8625	8748
8625	2204
8625	1621
8626	2905
8626	5279
8626	9710
8626	6656
8626	5379
8626	3356
8626	6314
8626	5869
8626	8225
8626	8742
8627	8715
8627	7477
8627	6088
8627	2156
8627	8321
8627	9183
8627	8290
8627	9835
8627	5864
8627	8502
8628	4774
8628	6094
8628	5630
8628	2320
8628	6207
8628	2832
8628	2117
8628	4834
8628	1805
8628	6341
8629	9811
8629	2384
8629	720
8629	5450
8629	1126
8629	5565
8629	2973
8629	2326
8629	4959
8629	2405
8630	4296
8630	5957
8630	6997
8630	8929
8630	3923
8630	4061
8630	413
8630	9105
8630	7961
8630	1623
8631	9803
8631	4671
8631	3260
8631	9979
8631	8706
8631	628
8631	3897
8631	4113
8631	9565
8631	2078
8632	5500
8632	4326
8632	2338
8632	6751
8632	6622
8632	5062
8632	4843
8632	181
8632	9167
8632	8416
8633	7216
8633	4635
8633	5011
8633	644
8633	8417
8633	7592
8633	3981
8633	5457
8633	2593
8633	7085
8634	8701
8634	496
8634	8037
8634	5447
8634	9694
8634	2263
8634	3138
8634	3474
8634	254
8634	1143
8635	4125
8635	5291
8635	2877
8635	7068
8635	6739
8635	3930
8635	5964
8635	1324
8635	1037
8635	4048
8636	1191
8636	1196
8636	6118
8636	2333
8636	2004
8636	5037
8636	7238
8636	4944
8636	6338
8636	2618
8637	8552
8637	7730
8637	2188
8637	3886
8637	101
8637	2627
8637	5629
8637	5145
8637	1281
8637	7656
8638	2337
8638	44
8638	4157
8638	3933
8638	1421
8638	69
8638	7351
8638	9217
8638	7932
8638	8698
8639	1424
8639	8580
8639	9070
8639	8819
8639	8999
8639	5074
8639	2716
8639	889
8639	7171
8639	4614
8640	6645
8640	914
8640	6554
8640	4763
8640	6216
8640	260
8640	4801
8640	6559
8640	7199
8640	1510
8641	6216
8641	5127
8641	2802
8641	8346
8641	1308
8641	4817
8641	592
8641	5860
8641	470
8641	8901
8642	3186
8642	5220
8642	7483
8642	1525
8642	8856
8642	9475
8642	8836
8642	2352
8642	8175
8642	18
8643	4408
8643	9081
8643	3143
8643	5464
8643	430
8643	7414
8643	3834
8643	4510
8643	8720
8643	5079
8644	3789
8644	8592
8644	4615
8644	7756
8644	2958
8644	1165
8644	9484
8644	7239
8644	2514
8644	6543
8645	4898
8645	7981
8645	6614
8645	5796
8645	889
8645	445
8645	1699
8645	719
8645	1732
8645	348
8646	5292
8646	7918
8646	6807
8646	1209
8646	6391
8646	863
8646	9425
8646	3977
8646	9002
8646	489
8647	6310
8647	23
8647	1167
8647	8302
8647	2614
8647	1823
8647	7950
8647	2812
8647	8998
8647	7460
8648	2974
8648	7973
8648	372
8648	4619
8648	3783
8648	4036
8648	8377
8648	623
8648	1415
8648	3241
8649	5768
8649	9029
8649	2221
8649	1741
8649	9234
8649	6233
8649	562
8649	8676
8649	602
8649	8457
8650	5984
8650	9050
8650	7770
8650	6794
8650	6735
8650	1723
8650	751
8650	3492
8650	5099
8650	393
8651	1001
8651	9728
8651	3143
8651	9090
8651	1143
8651	1480
8651	2477
8651	2292
8651	8085
8651	6165
8652	3029
8652	4765
8652	5848
8652	2783
8652	3789
8652	7058
8652	9481
8652	3055
8652	3109
8652	134
8653	1689
8653	4733
8653	5363
8653	8021
8653	4733
8653	9284
8653	2061
8653	5459
8653	3835
8653	9973
8654	6814
8654	5039
8654	6128
8654	162
8654	9894
8654	6414
8654	1489
8654	9551
8654	6889
8654	9998
8655	7162
8655	7608
8655	1033
8655	1216
8655	1620
8655	2747
8655	5317
8655	5674
8655	8474
8655	9659
8656	3963
8656	9963
8656	5205
8656	5064
8656	9124
8656	7091
8656	7428
8656	1986
8656	5594
8656	7193
8657	4224
8657	587
8657	3054
8657	6453
8657	8760
8657	9951
8657	1671
8657	6355
8657	7519
8657	9297
8658	4309
8658	1174
8658	7298
8658	6157
8658	9549
8658	891
8658	5673
8658	5477
8658	3735
8658	2049
8659	5550
8659	3450
8659	3081
8659	7408
8659	676
8659	9485
8659	4105
8659	9671
8659	9439
8659	5864
8660	1916
8660	8025
8660	2850
8660	786
8660	2115
8660	7563
8660	7045
8660	5048
8660	9188
8660	6593
8661	9398
8661	2685
8661	6422
8661	6439
8661	9928
8661	9169
8661	8680
8661	9917
8661	1755
8661	7548
8662	8470
8662	884
8662	8295
8662	9459
8662	2226
8662	4900
8662	7862
8662	7324
8662	8755
8662	3797
8663	497
8663	5213
8663	3517
8663	5698
8663	2628
8663	4742
8663	2916
8663	2733
8663	928
8663	2071
8664	7100
8664	6293
8664	4718
8664	8706
8664	8728
8664	857
8664	1337
8664	5800
8664	5314
8664	3221
8665	1960
8665	2767
8665	4930
8665	836
8665	1421
8665	7747
8665	9095
8665	2295
8665	8629
8665	5296
8666	9558
8666	3545
8666	6397
8666	758
8666	8880
8666	3482
8666	4182
8666	3273
8666	4957
8666	5459
8667	1158
8667	2237
8667	1586
8667	2701
8667	1264
8667	1640
8667	1498
8667	5061
8667	4076
8667	4493
8668	6215
8668	2548
8668	9888
8668	3740
8668	8045
8668	491
8668	7633
8668	4945
8668	1546
8668	9459
8669	6320
8669	6578
8669	7738
8669	54
8669	5767
8669	3291
8669	8205
8669	4882
8669	3321
8669	5583
8670	8863
8670	7419
8670	81
8670	7729
8670	7928
8670	9326
8670	3570
8670	9685
8670	3807
8670	952
8671	3961
8671	8252
8671	1892
8671	7703
8671	9616
8671	787
8671	279
8671	5921
8671	9736
8671	1171
8672	6766
8672	1008
8672	1239
8672	6275
8672	994
8672	5599
8672	525
8672	5932
8672	8268
8672	7246
8673	9986
8673	9136
8673	2551
8673	9722
8673	1166
8673	198
8673	2756
8673	1220
8673	9701
8673	8001
8674	5315
8674	1601
8674	8225
8674	9973
8674	4497
8674	6006
8674	9037
8674	6067
8674	1444
8674	2093
8675	3392
8675	5745
8675	4182
8675	8976
8675	3701
8675	8904
8675	8950
8675	5229
8675	5238
8675	3079
8676	2429
8676	993
8676	9742
8676	308
8676	4072
8676	776
8676	2333
8676	6777
8676	4399
8676	3499
8677	5697
8677	9639
8677	8010
8677	7861
8677	7613
8677	4162
8677	4341
8677	2360
8677	2885
8677	3450
8678	9258
8678	6552
8678	1102
8678	2377
8678	8155
8678	3002
8678	1169
8678	2109
8678	9188
8678	5520
8679	8660
8679	7497
8679	9869
8679	1836
8679	7719
8679	2838
8679	697
8679	3263
8679	5383
8679	2349
8680	2302
8680	8413
8680	2510
8680	31
8680	9889
8680	39
8680	6543
8680	5639
8680	4261
8680	7616
8681	3060
8681	7871
8681	2646
8681	7132
8681	7835
8681	2599
8681	7834
8681	7628
8681	7239
8681	6549
8682	333
8682	1166
8682	479
8682	8655
8682	9941
8682	9023
8682	9842
8682	343
8682	8036
8682	5831
8683	5646
8683	4783
8683	9997
8683	4806
8683	7316
8683	7393
8683	1697
8683	1841
8683	4948
8683	7250
8684	9283
8684	8864
8684	3754
8684	5886
8684	1901
8684	1964
8684	1575
8684	917
8684	3416
8684	5167
8685	4046
8685	9053
8685	2057
8685	7623
8685	3434
8685	7886
8685	3663
8685	6029
8685	2552
8685	1101
8686	7044
8686	4539
8686	5531
8686	5812
8686	8391
8686	3725
8686	2893
8686	5139
8686	1051
8686	6898
8687	6834
8687	5853
8687	7672
8687	3886
8687	2554
8687	5014
8687	2492
8687	7155
8687	3475
8687	193
8688	6502
8688	9368
8688	3094
8688	7345
8688	4263
8688	6179
8688	5928
8688	7548
8688	8214
8688	3654
8689	6895
8689	4224
8689	7217
8689	6089
8689	6506
8689	3644
8689	6231
8689	2557
8689	6981
8689	9721
8690	6783
8690	6691
8690	17
8690	4350
8690	7860
8690	7510
8690	880
8690	9554
8690	948
8690	3135
8691	6641
8691	8656
8691	1099
8691	4438
8691	6164
8691	3759
8691	9473
8691	6411
8691	9708
8691	69
8692	5429
8692	7916
8692	4914
8692	4150
8692	8513
8692	9503
8692	4946
8692	135
8692	7319
8692	1703
8693	9416
8693	3809
8693	7193
8693	3852
8693	663
8693	9274
8693	7317
8693	2416
8693	6951
8693	5888
8694	5671
8694	3926
8694	8135
8694	5075
8694	1157
8694	1834
8694	1031
8694	3943
8694	687
8694	4206
8695	2705
8695	3562
8695	655
8695	2458
8695	8502
8695	8291
8695	162
8695	969
8695	9601
8695	5453
8696	3725
8696	2001
8696	4610
8696	9686
8696	8453
8696	2460
8696	7686
8696	8005
8696	5309
8696	748
8697	1730
8697	4265
8697	5067
8697	8807
8697	7660
8697	2252
8697	7416
8697	8713
8697	1075
8697	5997
8698	3442
8698	9024
8698	1773
8698	3386
8698	6657
8698	6350
8698	5172
8698	7857
8698	7029
8698	7219
8699	7492
8699	3930
8699	5642
8699	9160
8699	7723
8699	3950
8699	1169
8699	6618
8699	3234
8699	8536
8700	2104
8700	3134
8700	3521
8700	7325
8700	9952
8700	6446
8700	5632
8700	6220
8700	5505
8700	9878
8701	4894
8701	1300
8701	3994
8701	6458
8701	7749
8701	3592
8701	7324
8701	7059
8701	5770
8701	8665
8702	634
8702	8869
8702	6114
8702	6110
8702	8763
8702	5376
8702	2885
8702	2154
8702	2328
8702	723
8703	4492
8703	7686
8703	9003
8703	4575
8703	9402
8703	5494
8703	6705
8703	3576
8703	9582
8703	2595
8704	7907
8704	6105
8704	8500
8704	2550
8704	526
8704	1357
8704	9470
8704	5994
8704	2183
8704	4573
8705	1757
8705	2586
8705	3935
8705	8796
8705	9989
8705	6299
8705	7382
8705	9463
8705	6451
8705	3676
8706	9873
8706	6779
8706	529
8706	4677
8706	3453
8706	5706
8706	1178
8706	5468
8706	1164
8706	2138
8707	2180
8707	8794
8707	6889
8707	5830
8707	9871
8707	7943
8707	2905
8707	9011
8707	2259
8707	7229
8708	5889
8708	8806
8708	8344
8708	3905
8708	1639
8708	6967
8708	3425
8708	586
8708	5224
8708	6306
8709	9976
8709	8241
8709	326
8709	9877
8709	8209
8709	5290
8709	5316
8709	1949
8709	2167
8709	3121
8710	7450
8710	6504
8710	8032
8710	6933
8710	2433
8710	9123
8710	5686
8710	8715
8710	4797
8710	885
8711	4267
8711	3879
8711	3127
8711	6878
8711	6217
8711	6181
8711	9677
8711	9687
8711	7515
8711	3975
8712	9952
8712	4126
8712	3116
8712	4695
8712	4636
8712	6265
8712	776
8712	2873
8712	3895
8712	8976
8713	3227
8713	7661
8713	1461
8713	1637
8713	8602
8713	4409
8713	5159
8713	6473
8713	8379
8713	2996
8714	1705
8714	5617
8714	8574
8714	5562
8714	2051
8714	171
8714	181
8714	3838
8714	6980
8714	1949
8715	6613
8715	5708
8715	6495
8715	5434
8715	3352
8715	6841
8715	9891
8715	1620
8715	1625
8715	2949
8716	5269
8716	1900
8716	5967
8716	7382
8716	2811
8716	9381
8716	2526
8716	452
8716	4629
8716	2524
8717	263
8717	8136
8717	8561
8717	1981
8717	374
8717	9048
8717	8357
8717	7284
8717	7028
8717	3778
8718	9786
8718	756
8718	8351
8718	4846
8718	1922
8718	6085
8718	3158
8718	7205
8718	6822
8718	9352
8719	6748
8719	169
8719	4056
8719	6518
8719	5704
8719	6834
8719	752
8719	6900
8719	4428
8719	781
8720	7071
8720	3471
8720	628
8720	6708
8720	8788
8720	5246
8720	7728
8720	7961
8720	4670
8720	5953
8721	3598
8721	6172
8721	8962
8721	1437
8721	6065
8721	9475
8721	9465
8721	7222
8721	640
8721	4818
8722	8273
8722	3824
8722	6156
8722	9434
8722	41
8722	3498
8722	5886
8722	9599
8722	9287
8722	666
8723	1769
8723	3325
8723	9156
8723	7665
8723	7517
8723	3973
8723	1760
8723	2930
8723	7701
8723	7759
8724	2267
8724	7234
8724	2817
8724	2231
8724	8226
8724	5969
8724	9013
8724	5219
8724	1097
8724	2664
8725	1201
8725	5724
8725	4470
8725	4208
8725	2363
8725	4524
8725	9926
8725	9173
8725	6614
8725	3942
8726	3528
8726	9322
8726	8434
8726	1386
8726	532
8726	814
8726	1365
8726	1194
8726	3356
8726	4314
8727	4825
8727	1770
8727	7366
8727	120
8727	9580
8727	5222
8727	8197
8727	5010
8727	8307
8727	6847
8728	9305
8728	4402
8728	2850
8728	2741
8728	1330
8728	9083
8728	3805
8728	8677
8728	2893
8728	4619
8729	4675
8729	7810
8729	6399
8729	1877
8729	5435
8729	8363
8729	7669
8729	4991
8729	6927
8729	9131
8730	2372
8730	6567
8730	2023
8730	1371
8730	3063
8730	418
8730	6271
8730	4729
8730	9545
8730	2434
8731	6201
8731	6077
8731	4354
8731	3811
8731	8042
8731	3124
8731	5905
8731	5091
8731	3148
8731	8376
8732	7814
8732	2946
8732	3643
8732	5071
8732	2347
8732	8477
8732	1398
8732	5885
8732	3750
8732	3085
8733	1157
8733	6062
8733	3436
8733	9370
8733	9916
8733	5044
8733	8450
8733	2977
8733	8840
8733	4389
8734	2627
8734	5368
8734	1848
8734	9494
8734	191
8734	1710
8734	9568
8734	6944
8734	1022
8734	1856
8735	6816
8735	9002
8735	5453
8735	4678
8735	7105
8735	9450
8735	1164
8735	6532
8735	8776
8735	2369
8736	5170
8736	740
8736	8633
8736	2293
8736	7117
8736	1967
8736	17
8736	6223
8736	5099
8736	1489
8737	5931
8737	177
8737	5779
8737	7744
8737	3773
8737	2622
8737	6232
8737	8183
8737	7536
8737	2887
8738	360
8738	2209
8738	9220
8738	2446
8738	4606
8738	88
8738	5703
8738	8794
8738	8989
8738	7197
8739	7293
8739	3633
8739	4048
8739	2488
8739	5160
8739	6202
8739	3604
8739	6353
8739	4184
8739	1099
8740	9661
8740	6458
8740	1356
8740	6688
8740	3859
8740	401
8740	9428
8740	8455
8740	5913
8740	5005
8741	2450
8741	463
8741	9563
8741	3205
8741	4293
8741	1153
8741	1867
8741	9867
8741	852
8741	933
8742	4221
8742	4822
8742	5768
8742	6936
8742	389
8742	9751
8742	6271
8742	3306
8742	5018
8742	7811
8743	6787
8743	6490
8743	6273
8743	8545
8743	4186
8743	1429
8743	7038
8743	3738
8743	2107
8743	1029
8744	3708
8744	5472
8744	7320
8744	5307
8744	7063
8744	8273
8744	2980
8744	273
8744	965
8744	4160
8745	1991
8745	2647
8745	4389
8745	4088
8745	6780
8745	1840
8745	6383
8745	9487
8745	5569
8745	6849
8746	9632
8746	5937
8746	6529
8746	1541
8746	1759
8746	2168
8746	168
8746	4546
8746	4767
8746	6336
8747	4986
8747	207
8747	1352
8747	259
8747	7865
8747	6639
8747	2230
8747	5528
8747	4326
8747	6184
8748	4884
8748	3331
8748	7247
8748	1667
8748	2927
8748	8296
8748	614
8748	3360
8748	7013
8748	3452
8749	5758
8749	4924
8749	6529
8749	5648
8749	2915
8749	7354
8749	1042
8749	8601
8749	8809
8749	2722
8750	6619
8750	9599
8750	961
8750	749
8750	9011
8750	2710
8750	7720
8750	256
8750	2825
8750	5734
8751	6316
8751	8737
8751	3092
8751	9906
8751	5652
8751	6942
8751	9470
8751	9788
8751	6479
8751	3280
8752	9314
8752	4808
8752	8630
8752	3373
8752	9616
8752	4087
8752	2517
8752	4479
8752	4864
8752	167
8753	5681
8753	3798
8753	1960
8753	8727
8753	4690
8753	2509
8753	4542
8753	3951
8753	9840
8753	4995
8754	2563
8754	7698
8754	6041
8754	7815
8754	8939
8754	5060
8754	5921
8754	516
8754	7707
8754	165
8755	4917
8755	4867
8755	3834
8755	8521
8755	1633
8755	107
8755	621
8755	4345
8755	1341
8755	9333
8756	4560
8756	7922
8756	8187
8756	8079
8756	7287
8756	3946
8756	2526
8756	6747
8756	41
8756	3743
8757	4046
8757	5049
8757	1916
8757	9010
8757	472
8757	1060
8757	6921
8757	3788
8757	3453
8757	8655
8758	7708
8758	5675
8758	8889
8758	5778
8758	8323
8758	9486
8758	5943
8758	4006
8758	3713
8758	7301
8759	5601
8759	4472
8759	8463
8759	8852
8759	9667
8759	3927
8759	5603
8759	9902
8759	2289
8759	4731
8760	7310
8760	6294
8760	2049
8760	2729
8760	1938
8760	3652
8760	9002
8760	8844
8760	5562
8760	7502
8761	6761
8761	779
8761	1432
8761	7460
8761	4654
8761	5485
8761	7915
8761	9771
8761	6347
8761	1850
8762	5586
8762	9062
8762	8723
8762	3325
8762	6697
8762	9189
8762	2819
8762	3304
8762	1963
8762	1568
8763	8999
8763	9591
8763	4632
8763	1329
8763	5034
8763	6337
8763	7630
8763	5436
8763	8398
8763	9100
8764	2454
8764	7112
8764	3320
8764	3616
8764	5503
8764	530
8764	4196
8764	3496
8764	7307
8764	3920
8765	6077
8765	2384
8765	3463
8765	5835
8765	7946
8765	2468
8765	3342
8765	7384
8765	4693
8765	4225
8766	3196
8766	4416
8766	3549
8766	6504
8766	6948
8766	2142
8766	9810
8766	1790
8766	7133
8766	1093
8767	2198
8767	3670
8767	6605
8767	3545
8767	3138
8767	5385
8767	513
8767	2050
8767	3302
8767	72
8768	770
8768	829
8768	834
8768	9826
8768	9024
8768	4066
8768	5629
8768	1703
8768	1967
8768	2376
8769	9527
8769	7022
8769	8759
8769	1003
8769	2448
8769	6512
8769	792
8769	5603
8769	6164
8769	7332
8770	8306
8770	1060
8770	7924
8770	6824
8770	4191
8770	2256
8770	5793
8770	1350
8770	426
8770	413
8771	8029
8771	2194
8771	9230
8771	2076
8771	8523
8771	6919
8771	6925
8771	3940
8771	4927
8771	4560
8772	5810
8772	480
8772	6613
8772	4041
8772	1169
8772	7418
8772	3054
8772	4272
8772	8404
8772	255
8773	7340
8773	2288
8773	2684
8773	5581
8773	3265
8773	6861
8773	3817
8773	5963
8773	7247
8773	4606
8774	4884
8774	4537
8774	9267
8774	9537
8774	6948
8774	4641
8774	981
8774	3970
8774	7732
8774	2365
8775	2760
8775	4324
8775	6846
8775	7563
8775	78
8775	2101
8775	3635
8775	579
8775	4635
8775	2538
8776	1948
8776	8048
8776	2428
8776	6821
8776	2985
8776	238
8776	9904
8776	778
8776	4058
8776	9683
8777	914
8777	901
8777	1034
8777	1284
8777	4350
8777	923
8777	3601
8777	8084
8777	2033
8777	6299
8778	8402
8778	5170
8778	4454
8778	8458
8778	1634
8778	9609
8778	865
8778	9566
8778	6879
8778	4242
8779	1314
8779	1584
8779	5681
8779	7809
8779	1893
8779	5842
8779	4543
8779	2310
8779	9924
8779	1929
8780	210
8780	5702
8780	5272
8780	2596
8780	5032
8780	2758
8780	2135
8780	297
8780	8051
8780	7860
8781	7832
8781	2089
8781	2196
8781	6139
8781	3839
8781	695
8781	9170
8781	1477
8781	5760
8781	7484
8782	6601
8782	3756
8782	1593
8782	2260
8782	5901
8782	1165
8782	7785
8782	1578
8782	1441
8782	2606
8783	3750
8783	7980
8783	2307
8783	9368
8783	5686
8783	4485
8783	9183
8783	9656
8783	9802
8783	4956
8784	280
8784	6630
8784	453
8784	8897
8784	1637
8784	6750
8784	3247
8784	4732
8784	6370
8784	7058
8785	4014
8785	2480
8785	9188
8785	3879
8785	8373
8785	7080
8785	4354
8785	5987
8785	4861
8785	971
8786	2308
8786	4672
8786	5492
8786	6077
8786	9125
8786	8653
8786	8100
8786	9993
8786	620
8786	1752
8787	4070
8787	385
8787	3162
8787	7411
8787	6447
8787	4497
8787	4526
8787	258
8787	5498
8787	4732
8788	1607
8788	954
8788	8345
8788	6548
8788	3059
8788	8713
8788	8007
8788	9527
8788	5807
8788	1532
8789	26
8789	4961
8789	1465
8789	3843
8789	8110
8789	5640
8789	9423
8789	9652
8789	4041
8789	6091
8790	3078
8790	5293
8790	4570
8790	8268
8790	8796
8790	8968
8790	9670
8790	1004
8790	6631
8790	2950
8791	9825
8791	6369
8791	8385
8791	8227
8791	7465
8791	8449
8791	4410
8791	6610
8791	3733
8791	8786
8792	4804
8792	6828
8792	2289
8792	6600
8792	6536
8792	5807
8792	1252
8792	1469
8792	3206
8792	4898
8793	5793
8793	5934
8793	8129
8793	6383
8793	4133
8793	9880
8793	4114
8793	5924
8793	3977
8793	5317
8794	2171
8794	7560
8794	3656
8794	2532
8794	3882
8794	1048
8794	2514
8794	6911
8794	3628
8794	6629
8795	5059
8795	3906
8795	1971
8795	9212
8795	6429
8795	8705
8795	7479
8795	3356
8795	9033
8795	8839
8796	2397
8796	2804
8796	5112
8796	1425
8796	3744
8796	4425
8796	5458
8796	5426
8796	5230
8796	6201
8797	6296
8797	856
8797	4462
8797	8802
8797	5721
8797	8814
8797	2714
8797	8382
8797	3157
8797	9069
8798	6554
8798	1577
8798	7388
8798	3163
8798	3779
8798	3841
8798	6906
8798	1928
8798	2077
8798	2774
8799	2504
8799	1640
8799	1182
8799	8604
8799	8522
8799	3613
8799	3552
8799	8615
8799	326
8799	3011
8800	8104
8800	8237
8800	2956
8800	75
8800	719
8800	5468
8800	8492
8800	7394
8800	7638
8800	1926
8801	6172
8801	7944
8801	8644
8801	5660
8801	6105
8801	2646
8801	8540
8801	1873
8801	7863
8801	8530
8802	9236
8802	6413
8802	8991
8802	1558
8802	8704
8802	1516
8802	5525
8802	7646
8802	1414
8802	9943
8803	1062
8803	7309
8803	2183
8803	8652
8803	103
8803	2719
8803	5749
8803	4424
8803	1659
8803	315
8804	3480
8804	5817
8804	1702
8804	7588
8804	2365
8804	3474
8804	1747
8804	9113
8804	6938
8804	9245
8805	7038
8805	9788
8805	3816
8805	6244
8805	4021
8805	6411
8805	6139
8805	3586
8805	8823
8805	1037
8806	2777
8806	1039
8806	6252
8806	322
8806	7571
8806	9183
8806	6655
8806	8267
8806	8413
8806	3409
8807	4377
8807	1978
8807	6386
8807	3235
8807	901
8807	8295
8807	1067
8807	4570
8807	3474
8807	2403
8808	5008
8808	1888
8808	2786
8808	3148
8808	2825
8808	4934
8808	4992
8808	9094
8808	1349
8808	4509
8809	9795
8809	76
8809	3992
8809	9829
8809	1440
8809	4258
8809	3943
8809	2739
8809	4396
8809	3491
8810	3713
8810	6610
8810	4980
8810	5877
8810	6035
8810	876
8810	3940
8810	8347
8810	1716
8810	9223
8811	9903
8811	6699
8811	7777
8811	1077
8811	8901
8811	8391
8811	9474
8811	5222
8811	1549
8811	6620
8812	3034
8812	4208
8812	1030
8812	8052
8812	6090
8812	72
8812	4873
8812	9656
8812	3934
8812	6988
8813	9932
8813	4132
8813	3004
8813	4169
8813	6064
8813	6051
8813	3385
8813	3450
8813	8891
8813	5346
8814	5761
8814	9588
8814	1095
8814	4182
8814	3037
8814	2200
8814	1799
8814	2309
8814	1070
8814	4760
8815	1723
8815	3489
8815	4353
8815	3865
8815	3296
8815	1037
8815	6464
8815	4412
8815	43
8815	6107
8816	4350
8816	9304
8816	7578
8816	8595
8816	528
8816	147
8816	9297
8816	5178
8816	7954
8816	2674
8817	6967
8817	1734
8817	1060
8817	3776
8817	1991
8817	3321
8817	699
8817	8097
8817	5724
8817	5454
8818	1757
8818	4857
8818	582
8818	3617
8818	1574
8818	758
8818	9149
8818	9724
8818	4714
8818	4441
8819	4307
8819	4462
8819	4377
8819	9288
8819	8788
8819	2631
8819	5422
8819	6652
8819	8841
8819	8913
8820	4054
8820	3802
8820	7491
8820	3753
8820	5135
8820	3578
8820	4926
8820	1803
8820	29
8820	4556
8821	8124
8821	7100
8821	4830
8821	6187
8821	257
8821	9318
8821	5391
8821	3894
8821	6226
8821	364
8822	8959
8822	8849
8822	4251
8822	462
8822	214
8822	8076
8822	458
8822	856
8822	456
8822	8609
8823	9358
8823	9096
8823	2541
8823	4334
8823	6545
8823	5178
8823	3472
8823	4294
8823	5265
8823	7599
8824	6096
8824	9716
8824	421
8824	5746
8824	9842
8824	6394
8824	6926
8824	9651
8824	211
8824	9314
8825	3240
8825	9197
8825	7901
8825	6449
8825	4503
8825	5539
8825	6011
8825	154
8825	4502
8825	7612
8826	2122
8826	1131
8826	3384
8826	9135
8826	7806
8826	1905
8826	8121
8826	3609
8826	7819
8826	5359
8827	4505
8827	4800
8827	3456
8827	7535
8827	115
8827	4531
8827	9195
8827	1541
8827	2819
8827	9548
8828	8974
8828	903
8828	6730
8828	993
8828	3926
8828	8081
8828	5364
8828	9899
8828	5340
8828	7053
8829	7115
8829	1403
8829	3746
8829	4891
8829	1230
8829	925
8829	3210
8829	6406
8829	4130
8829	5833
8830	5469
8830	6217
8830	5818
8830	5830
8830	1746
8830	9695
8830	4323
8830	6219
8830	1561
8830	1083
8831	6441
8831	5721
8831	3589
8831	7729
8831	4871
8831	1611
8831	120
8831	4820
8831	7938
8831	3157
8832	1701
8832	1656
8832	3933
8832	3604
8832	9886
8832	3624
8832	3405
8832	1757
8832	3435
8832	1776
8833	7991
8833	5999
8833	1356
8833	2924
8833	1540
8833	7322
8833	3901
8833	2801
8833	3092
8833	508
8834	7246
8834	9308
8834	3902
8834	1114
8834	540
8834	4183
8834	3350
8834	870
8834	9963
8834	5308
8835	7906
8835	1096
8835	895
8835	1806
8835	5677
8835	5933
8835	9836
8835	4740
8835	1202
8835	8695
8836	6295
8836	7056
8836	8639
8836	3228
8836	8967
8836	1154
8836	1286
8836	5165
8836	2088
8836	4827
8837	6573
8837	877
8837	3955
8837	6514
8837	6584
8837	1231
8837	3758
8837	2420
8837	4113
8837	3793
8838	1965
8838	8952
8838	93
8838	2601
8838	3
8838	8377
8838	6273
8838	3657
8838	2516
8838	8180
8839	7689
8839	4510
8839	2504
8839	7314
8839	1360
8839	4285
8839	5711
8839	2018
8839	5958
8839	8135
8840	597
8840	5778
8840	6597
8840	9120
8840	4170
8840	7891
8840	9938
8840	606
8840	6395
8840	9187
8841	798
8841	9330
8841	6955
8841	8954
8841	7730
8841	229
8841	4900
8841	3460
8841	791
8841	2761
8842	1397
8842	7513
8842	8126
8842	8661
8842	4017
8842	5233
8842	3686
8842	2801
8842	6316
8842	6626
8843	178
8843	5378
8843	1536
8843	880
8843	4265
8843	4194
8843	9875
8843	1617
8843	2659
8843	9532
8844	9302
8844	9650
8844	3421
8844	7481
8844	8750
8844	249
8844	3873
8844	3219
8844	4118
8844	5045
8845	3740
8845	8356
8845	6536
8845	2918
8845	537
8845	6488
8845	7424
8845	4876
8845	3938
8845	6449
8846	1724
8846	5745
8846	6468
8846	4280
8846	6869
8846	8233
8846	1878
8846	6016
8846	2585
8846	3643
8847	7616
8847	1210
8847	4904
8847	6925
8847	2991
8847	5752
8847	7500
8847	3364
8847	3567
8847	6446
8848	387
8848	2729
8848	1461
8848	5481
8848	7609
8848	5023
8848	8548
8848	4527
8848	4931
8848	612
8849	4610
8849	2464
8849	1800
8849	314
8849	6873
8849	7624
8849	8667
8849	410
8849	37
8849	5349
8850	9166
8850	99
8850	23
8850	4897
8850	3136
8850	1958
8850	601
8850	9872
8850	7892
8850	5956
8851	5054
8851	4028
8851	2399
8851	971
8851	9730
8851	7588
8851	1647
8851	8708
8851	385
8851	3660
8852	2648
8852	2922
8852	7130
8852	590
8852	5003
8852	4339
8852	6523
8852	4320
8852	1226
8852	1914
8853	6606
8853	1243
8853	6215
8853	0
8853	4617
8853	6768
8853	3711
8853	7601
8853	3048
8853	2747
8854	5244
8854	9189
8854	4921
8854	3409
8854	1710
8854	3970
8854	7963
8854	2459
8854	2240
8854	1110
8855	2815
8855	9207
8855	2462
8855	753
8855	1081
8855	1072
8855	2484
8855	7721
8855	5787
8855	8649
8856	5706
8856	5517
8856	8417
8856	436
8856	6174
8856	8671
8856	3206
8856	7629
8856	3576
8856	3853
8857	8012
8857	5589
8857	1742
8857	7344
8857	8006
8857	8756
8857	8552
8857	4276
8857	1450
8857	79
8858	9164
8858	888
8858	468
8858	849
8858	6178
8858	8059
8858	9905
8858	5304
8858	9734
8858	1120
8859	9883
8859	4269
8859	3800
8859	6727
8859	6028
8859	4622
8859	7276
8859	7903
8859	5696
8859	6926
8860	1970
8860	1250
8860	8206
8860	6192
8860	2792
8860	8005
8860	4572
8860	6909
8860	8361
8860	5664
8861	9713
8861	4831
8861	2320
8861	9595
8861	5916
8861	3214
8861	861
8861	2514
8861	8310
8861	1360
8862	9700
8862	7796
8862	9525
8862	437
8862	94
8862	7057
8862	9693
8862	2794
8862	3872
8862	4864
8863	310
8863	4969
8863	3014
8863	8510
8863	6170
8863	3089
8863	6130
8863	9301
8863	7999
8863	7368
8864	4459
8864	6905
8864	3701
8864	3357
8864	6302
8864	4568
8864	7095
8864	7954
8864	9052
8864	7462
8865	5116
8865	8362
8865	2756
8865	157
8865	1265
8865	9387
8865	6924
8865	8208
8865	4114
8865	3208
8866	5136
8866	6714
8866	7061
8866	9653
8866	4817
8866	1979
8866	3231
8866	3552
8866	461
8866	9683
8867	4489
8867	5020
8867	6629
8867	8308
8867	8053
8867	9698
8867	1547
8867	6689
8867	3205
8867	6097
8868	4550
8868	1561
8868	1297
8868	8049
8868	6213
8868	7716
8868	3307
8868	124
8868	5230
8868	5280
8869	5598
8869	6005
8869	5239
8869	7937
8869	6735
8869	3439
8869	8602
8869	5856
8869	1320
8869	7407
8870	1483
8870	4556
8870	9585
8870	1237
8870	1994
8870	851
8870	3973
8870	4138
8870	3183
8870	8081
8871	4753
8871	6008
8871	290
8871	9877
8871	7221
8871	6127
8871	3976
8871	114
8871	453
8871	334
8872	5340
8872	4804
8872	4771
8872	7981
8872	7209
8872	6273
8872	7912
8872	8656
8872	3890
8872	5958
8873	8730
8873	2187
8873	7571
8873	8544
8873	6107
8873	1492
8873	7713
8873	2563
8873	6652
8873	4736
8874	4750
8874	2476
8874	4362
8874	8027
8874	9673
8874	9781
8874	6952
8874	2154
8874	4825
8874	3797
8875	6157
8875	4465
8875	9124
8875	9434
8875	7617
8875	7334
8875	409
8875	5093
8875	9943
8875	3060
8876	256
8876	4374
8876	6293
8876	4948
8876	8133
8876	6396
8876	147
8876	8291
8876	9700
8876	2493
8877	880
8877	8429
8877	6166
8877	8216
8877	6269
8877	4242
8877	9634
8877	1243
8877	8694
8877	7731
8878	5576
8878	4605
8878	3914
8878	9531
8878	5684
8878	8920
8878	5324
8878	2046
8878	2343
8878	6345
8879	6155
8879	4416
8879	7344
8879	1978
8879	2673
8879	4765
8879	7894
8879	4582
8879	8958
8879	9950
8880	2554
8880	9534
8880	6522
8880	2760
8880	7123
8880	973
8880	4590
8880	2086
8880	4943
8880	7986
8881	286
8881	5732
8881	9990
8881	9535
8881	5672
8881	6666
8881	1549
8881	814
8881	6133
8881	138
8882	400
8882	2984
8882	9307
8882	4906
8882	7478
8882	6642
8882	657
8882	7232
8882	7767
8882	1749
8883	6310
8883	7580
8883	1543
8883	2892
8883	6836
8883	7285
8883	5052
8883	2942
8883	2646
8883	2618
8884	4702
8884	6144
8884	6432
8884	4858
8884	5840
8884	1980
8884	8631
8884	6798
8884	2153
8884	2576
8885	6503
8885	212
8885	2805
8885	3511
8885	6687
8885	1987
8885	6233
8885	6658
8885	8773
8885	7040
8886	5865
8886	4482
8886	811
8886	8586
8886	9157
8886	4664
8886	793
8886	4609
8886	1539
8886	603
8887	6449
8887	8001
8887	6464
8887	6518
8887	6173
8887	6307
8887	2833
8887	8647
8887	7073
8887	9516
8888	1375
8888	478
8888	8875
8888	374
8888	2195
8888	1608
8888	3580
8888	8054
8888	4138
8888	2345
8889	8172
8889	6973
8889	5524
8889	8298
8889	2309
8889	6412
8889	2439
8889	3085
8889	5241
8889	4915
8890	8778
8890	1454
8890	4112
8890	465
8890	3963
8890	2518
8890	3834
8890	3251
8890	7292
8890	5890
8891	5576
8891	6628
8891	6416
8891	4038
8891	6093
8891	7242
8891	5676
8891	4870
8891	5817
8891	1461
8892	1655
8892	1964
8892	8060
8892	3351
8892	4017
8892	7111
8892	4337
8892	9391
8892	3925
8892	9325
8893	7749
8893	603
8893	1166
8893	3899
8893	4579
8893	9561
8893	5503
8893	8639
8893	7864
8893	8544
8894	9189
8894	3087
8894	8804
8894	8298
8894	4042
8894	8013
8894	4612
8894	6496
8894	6020
8894	1034
8895	2460
8895	6790
8895	8780
8895	7851
8895	5064
8895	5743
8895	6059
8895	7974
8895	2842
8895	7953
8896	8331
8896	3610
8896	7469
8896	264
8896	5333
8896	3335
8896	42
8896	8491
8896	9020
8896	1010
8897	4470
8897	1781
8897	2695
8897	85
8897	6435
8897	9950
8897	9649
8897	908
8897	4465
8897	2376
8898	8503
8898	5842
8898	3021
8898	9038
8898	8657
8898	4586
8898	9552
8898	3547
8898	4510
8898	4051
8899	6044
8899	9941
8899	9915
8899	1788
8899	8784
8899	3111
8899	7116
8899	8358
8899	5971
8899	8871
8900	5936
8900	1129
8900	4518
8900	4208
8900	1809
8900	3746
8900	6567
8900	8418
8900	2313
8900	2135
8901	7198
8901	5530
8901	649
8901	8035
8901	5621
8901	6479
8901	8737
8901	7163
8901	4351
8901	9878
8902	4768
8902	6713
8902	3701
8902	9195
8902	7261
8902	8968
8902	7647
8902	9531
8902	2345
8902	440
8903	2323
8903	4550
8903	6259
8903	3327
8903	7267
8903	3377
8903	1961
8903	944
8903	5662
8903	299
8904	5039
8904	4886
8904	8196
8904	1721
8904	10
8904	8541
8904	1522
8904	9490
8904	9866
8904	7442
8905	3451
8905	2579
8905	2158
8905	9639
8905	321
8905	5944
8905	3158
8905	4011
8905	1404
8905	9276
8906	8327
8906	7018
8906	2813
8906	5850
8906	1175
8906	8387
8906	1637
8906	1764
8906	1293
8906	5101
8907	2043
8907	1336
8907	8434
8907	7833
8907	451
8907	8136
8907	3624
8907	9692
8907	3871
8907	8989
8908	9088
8908	9593
8908	4936
8908	6762
8908	8219
8908	4155
8908	5282
8908	9165
8908	713
8908	5035
8909	6597
8909	6398
8909	8390
8909	4445
8909	1362
8909	8923
8909	4653
8909	415
8909	3648
8909	8993
8910	2295
8910	6368
8910	8907
8910	7277
8910	9192
8910	8622
8910	6793
8910	6260
8910	7096
8910	7088
8911	2946
8911	3889
8911	1998
8911	9853
8911	7872
8911	7982
8911	20
8911	4449
8911	6482
8911	5530
8912	7399
8912	4331
8912	4090
8912	2513
8912	8865
8912	6125
8912	7766
8912	4953
8912	384
8912	4621
8913	6003
8913	3418
8913	7479
8913	6875
8913	3694
8913	1033
8913	7896
8913	4471
8913	2356
8913	6637
8914	1738
8914	3562
8914	5821
8914	7153
8914	8444
8914	2542
8914	2056
8914	8081
8914	517
8914	6726
8915	2395
8915	4489
8915	5453
8915	6578
8915	3711
8915	7363
8915	345
8915	8110
8915	9362
8915	9509
8916	9212
8916	4326
8916	6735
8916	1452
8916	6740
8916	1745
8916	6700
8916	2726
8916	2943
8916	9028
8917	2436
8917	2497
8917	9558
8917	6873
8917	592
8917	8616
8917	1615
8917	8073
8917	4585
8917	6732
8918	8521
8918	5733
8918	6449
8918	2937
8918	6925
8918	7282
8918	110
8918	6648
8918	6551
8918	6469
8919	3236
8919	4558
8919	4980
8919	3190
8919	6926
8919	6181
8919	8716
8919	7908
8919	2092
8919	5200
8920	5940
8920	1011
8920	7163
8920	7923
8920	9729
8920	4791
8920	7897
8920	7770
8920	9107
8920	1652
8921	7454
8921	3871
8921	4119
8921	4612
8921	6346
8921	3560
8921	8515
8921	8199
8921	121
8921	3977
8922	433
8922	7811
8922	5129
8922	7876
8922	9352
8922	7491
8922	6135
8922	356
8922	5092
8922	4402
8923	6538
8923	9306
8923	550
8923	302
8923	9608
8923	2536
8923	9238
8923	6201
8923	190
8923	1252
8924	3982
8924	3392
8924	3228
8924	4205
8924	9014
8924	3365
8924	7112
8924	3904
8924	7019
8924	1314
8925	9750
8925	2467
8925	1274
8925	4042
8925	752
8925	9546
8925	7922
8925	2384
8925	443
8925	1816
8926	4400
8926	4770
8926	1796
8926	7529
8926	417
8926	9147
8926	7561
8926	7276
8926	6579
8926	4390
8927	3450
8927	631
8927	5109
8927	9443
8927	8589
8927	7071
8927	5184
8927	4937
8927	8219
8927	8360
8928	6729
8928	3417
8928	4961
8928	7634
8928	8807
8928	2673
8928	5715
8928	5448
8928	3009
8928	3325
8929	6728
8929	2285
8929	5229
8929	9459
8929	325
8929	7792
8929	7373
8929	3068
8929	5597
8929	9568
8930	4038
8930	6528
8930	6119
8930	8660
8930	9399
8930	3155
8930	6053
8930	5467
8930	1715
8930	7814
8931	6977
8931	7672
8931	603
8931	7435
8931	1103
8931	539
8931	4287
8931	9288
8931	8276
8931	35
8932	8685
8932	5902
8932	7324
8932	2190
8932	9215
8932	8127
8932	6110
8932	2291
8932	8538
8932	2166
8933	1742
8933	9788
8933	5199
8933	4056
8933	9711
8933	8847
8933	3148
8933	902
8933	8083
8933	140
8934	3564
8934	5712
8934	6673
8934	2754
8934	1585
8934	9124
8934	2674
8934	9942
8934	5165
8934	3610
8935	6022
8935	7571
8935	7279
8935	538
8935	7526
8935	82
8935	9152
8935	4384
8935	8201
8935	8309
8936	6385
8936	1707
8936	2412
8936	709
8936	9369
8936	9502
8936	4752
8936	7046
8936	8774
8936	6941
8937	714
8937	4497
8937	4343
8937	5933
8937	2366
8937	3718
8937	7789
8937	2813
8937	5127
8937	3803
8938	8417
8938	1598
8938	3533
8938	3039
8938	9551
8938	2348
8938	2659
8938	7382
8938	1724
8938	8874
8939	8346
8939	1015
8939	5718
8939	2283
8939	739
8939	4787
8939	1349
8939	3230
8939	3686
8939	1322
8940	8779
8940	2784
8940	2802
8940	2159
8940	1949
8940	6822
8940	4488
8940	5646
8940	7354
8940	6499
8941	9947
8941	1353
8941	642
8941	9642
8941	2198
8941	2228
8941	3140
8941	3519
8941	5335
8941	8582
8942	9330
8942	2363
8942	5770
8942	5722
8942	2143
8942	9191
8942	5460
8942	8536
8942	4974
8942	794
8943	5205
8943	7418
8943	1560
8943	219
8943	4002
8943	4810
8943	1815
8943	9064
8943	7377
8943	8021
8944	1979
8944	4002
8944	2297
8944	146
8944	4272
8944	2329
8944	3418
8944	1071
8944	3851
8944	6456
8945	9338
8945	7560
8945	3979
8945	9621
8945	7326
8945	3891
8945	53
8945	1554
8945	2588
8945	980
8946	692
8946	1286
8946	1216
8946	3307
8946	4363
8946	6140
8946	8575
8946	561
8946	5219
8946	5433
8947	6013
8947	9786
8947	8469
8947	1830
8947	6740
8947	5434
8947	294
8947	7240
8947	8540
8947	9674
8948	5345
8948	5674
8948	4527
8948	9259
8948	1166
8948	7183
8948	6006
8948	6441
8948	278
8948	3651
8949	8596
8949	1652
8949	6739
8949	8989
8949	2425
8949	953
8949	8436
8949	7421
8949	5782
8949	5387
8950	4681
8950	3119
8950	871
8950	5070
8950	2385
8950	5460
8950	2629
8950	6726
8950	1426
8950	7765
8951	2645
8951	4137
8951	1068
8951	8375
8951	8919
8951	39
8951	1839
8951	2514
8951	9269
8951	4556
8952	8102
8952	8127
8952	7598
8952	1957
8952	3128
8952	8905
8952	925
8952	8842
8952	8748
8952	203
8953	9993
8953	6613
8953	6546
8953	7168
8953	5328
8953	6314
8953	9420
8953	1537
8953	2425
8953	8252
8954	6029
8954	9180
8954	7022
8954	5275
8954	8971
8954	4660
8954	8116
8954	4102
8954	8850
8954	122
8955	1954
8955	3792
8955	8691
8955	3286
8955	3771
8955	2486
8955	5942
8955	7036
8955	2044
8955	8575
8956	8674
8956	7160
8956	9157
8956	248
8956	3595
8956	8372
8956	1742
8956	1774
8956	16
8956	2637
8957	7846
8957	6195
8957	9010
8957	4980
8957	2374
8957	5235
8957	3146
8957	9017
8957	7749
8957	2224
8958	1801
8958	1732
8958	9303
8958	2706
8958	187
8958	39
8958	9590
8958	5042
8958	2694
8958	5475
8959	4039
8959	9554
8959	3823
8959	6895
8959	4790
8959	7395
8959	8897
8959	2039
8959	2582
8959	8146
8960	6483
8960	996
8960	3062
8960	9571
8960	6384
8960	392
8960	4063
8960	9233
8960	1898
8960	4067
8961	6431
8961	8410
8961	1196
8961	6342
8961	7535
8961	9481
8961	4738
8961	1907
8961	8090
8961	7694
8962	8245
8962	4994
8962	8429
8962	3112
8962	5803
8962	7647
8962	2694
8962	6581
8962	4807
8962	3661
8963	4700
8963	1327
8963	2930
8963	2638
8963	4326
8963	9159
8963	3380
8963	2616
8963	8849
8963	7117
8964	3403
8964	1996
8964	2083
8964	29
8964	8887
8964	8194
8964	8423
8964	4062
8964	7336
8964	6401
8965	4484
8965	789
8965	8381
8965	4110
8965	1647
8965	9636
8965	1069
8965	119
8965	3830
8965	4410
8966	6106
8966	8359
8966	2497
8966	3054
8966	6517
8966	6194
8966	9237
8966	8751
8966	345
8966	5917
8967	5517
8967	3285
8967	305
8967	8856
8967	9911
8967	359
8967	1964
8967	9136
8967	3785
8967	9407
8968	4035
8968	2297
8968	3008
8968	6196
8968	7076
8968	2682
8968	2313
8968	4781
8968	6376
8968	9136
8969	9579
8969	8209
8969	19
8969	9939
8969	1388
8969	7355
8969	2971
8969	9838
8969	6176
8969	7228
8970	3405
8970	7470
8970	4430
8970	6549
8970	8575
8970	1907
8970	4352
8970	5448
8970	3783
8970	2243
8971	2484
8971	5212
8971	8439
8971	8523
8971	1823
8971	7010
8971	2296
8971	8417
8971	1294
8971	1396
8972	2515
8972	5513
8972	6979
8972	8283
8972	8201
8972	2346
8972	4051
8972	9023
8972	8848
8972	6914
8973	3138
8973	4596
8973	4556
8973	6857
8973	1407
8973	752
8973	5367
8973	6679
8973	8687
8973	3315
8974	7345
8974	8306
8974	7302
8974	5977
8974	8423
8974	9227
8974	2174
8974	3817
8974	668
8974	2580
8975	1579
8975	88
8975	5088
8975	7379
8975	9217
8975	6882
8975	3829
8975	2941
8975	449
8975	3553
8976	3167
8976	4891
8976	8864
8976	2342
8976	4764
8976	4961
8976	9053
8976	8908
8976	455
8976	6569
8977	4193
8977	7682
8977	3568
8977	7614
8977	8514
8977	663
8977	9814
8977	3937
8977	9483
8977	2960
8978	1013
8978	8670
8978	2857
8978	8459
8978	9763
8978	9921
8978	5396
8978	6961
8978	678
8978	1139
8979	7151
8979	6033
8979	1781
8979	6961
8979	6460
8979	3392
8979	1812
8979	9245
8979	7260
8979	8260
8980	9256
8980	3466
8980	532
8980	5247
8980	4521
8980	2618
8980	3343
8980	8102
8980	6378
8980	7507
8981	3583
8981	5727
8981	7953
8981	6389
8981	4367
8981	3416
8981	9772
8981	3042
8981	5238
8981	1592
8982	8789
8982	8902
8982	756
8982	5514
8982	7349
8982	2147
8982	4619
8982	4793
8982	8782
8982	4557
8983	3346
8983	5587
8983	3155
8983	1519
8983	4471
8983	225
8983	2825
8983	4360
8983	7201
8983	9022
8984	6536
8984	1348
8984	767
8984	2574
8984	1020
8984	6353
8984	7256
8984	3527
8984	9782
8984	6236
8985	9392
8985	3634
8985	8220
8985	4879
8985	961
8985	5091
8985	5494
8985	7016
8985	626
8985	3940
8986	3535
8986	5846
8986	259
8986	7109
8986	4160
8986	6362
8986	4281
8986	6487
8986	5921
8986	5492
8987	5379
8987	7643
8987	9602
8987	9796
8987	7451
8987	7866
8987	5121
8987	8156
8987	8516
8987	1350
8988	9110
8988	6882
8988	8289
8988	1589
8988	6247
8988	2014
8988	562
8988	7068
8988	818
8988	1951
8989	9723
8989	5268
8989	2195
8989	1188
8989	9296
8989	5105
8989	3813
8989	3073
8989	9570
8989	4376
8990	1835
8990	6755
8990	7767
8990	2944
8990	9260
8990	9553
8990	2503
8990	7129
8990	4712
8990	3354
8991	388
8991	3130
8991	8746
8991	1970
8991	8515
8991	2497
8991	3835
8991	7027
8991	3228
8991	9397
8992	7246
8992	7351
8992	2879
8992	5090
8992	7232
8992	5244
8992	6035
8992	8363
8992	6490
8992	2941
8993	682
8993	9209
8993	6507
8993	3046
8993	3003
8993	4380
8993	634
8993	5409
8993	471
8993	3566
8994	4246
8994	7290
8994	5400
8994	983
8994	5564
8994	8160
8994	3187
8994	7512
8994	345
8994	7332
8995	7872
8995	4848
8995	6513
8995	6179
8995	5326
8995	4441
8995	1041
8995	274
8995	7881
8995	3365
8996	9719
8996	7528
8996	4546
8996	9228
8996	7720
8996	5899
8996	6754
8996	2504
8996	1104
8996	7610
8997	7086
8997	209
8997	2633
8997	1496
8997	2706
8997	1433
8997	6189
8997	3475
8997	2433
8997	1979
8998	7719
8998	7270
8998	9409
8998	7184
8998	3862
8998	622
8998	8572
8998	4123
8998	8288
8998	4025
8999	9349
8999	9262
8999	396
8999	3507
8999	9483
8999	7565
8999	735
8999	8730
8999	7951
8999	4758
9000	5904
9000	8998
9000	157
9000	7998
9000	3686
9000	2111
9000	8623
9000	5201
9000	3015
9000	2937
9001	1256
9001	4404
9001	2908
9001	1789
9001	4329
9001	6570
9001	4875
9001	5674
9001	3282
9001	3471
9002	5242
9002	8901
9002	7598
9002	4569
9002	5394
9002	3530
9002	2834
9002	197
9002	772
9002	7090
9003	7984
9003	6397
9003	5394
9003	7283
9003	1920
9003	6569
9003	6769
9003	8390
9003	2424
9003	895
9004	1606
9004	5511
9004	441
9004	7276
9004	3044
9004	8968
9004	2341
9004	3300
9004	3130
9004	4157
9005	4277
9005	9960
9005	5914
9005	3349
9005	2710
9005	8150
9005	2140
9005	9006
9005	6471
9005	2107
9006	6531
9006	2664
9006	4567
9006	7722
9006	4072
9006	2187
9006	4580
9006	3569
9006	4579
9006	9823
9007	4830
9007	2176
9007	6878
9007	8514
9007	1798
9007	7147
9007	3966
9007	4183
9007	8679
9007	1851
9008	4016
9008	2177
9008	3853
9008	8216
9008	5704
9008	6130
9008	51
9008	186
9008	5195
9008	436
9009	7092
9009	9896
9009	955
9009	3805
9009	3252
9009	14
9009	3226
9009	5255
9009	2105
9009	1599
9010	5366
9010	8973
9010	7272
9010	4098
9010	930
9010	3646
9010	2575
9010	87
9010	9904
9010	8261
9011	8768
9011	4927
9011	5257
9011	4587
9011	726
9011	9914
9011	7977
9011	6187
9011	6881
9011	6823
9012	7885
9012	3509
9012	9783
9012	3143
9012	4218
9012	3200
9012	2249
9012	9713
9012	4546
9012	9067
9013	1373
9013	5103
9013	9261
9013	50
9013	5533
9013	8180
9013	3870
9013	4430
9013	4596
9013	7598
9014	7932
9014	6485
9014	1406
9014	5674
9014	8572
9014	3314
9014	6440
9014	399
9014	8929
9014	5568
9015	5037
9015	4061
9015	7868
9015	5784
9015	2085
9015	2796
9015	5140
9015	1360
9015	7499
9015	8739
9016	3085
9016	5500
9016	8612
9016	9450
9016	8735
9016	6391
9016	3866
9016	9491
9016	7282
9016	8433
9017	6526
9017	7387
9017	5165
9017	3203
9017	8619
9017	6004
9017	7877
9017	7351
9017	3438
9017	5276
9018	844
9018	6619
9018	5673
9018	3904
9018	2344
9018	1140
9018	6956
9018	9987
9018	8524
9018	5574
9019	2227
9019	9276
9019	5432
9019	831
9019	7780
9019	4715
9019	2666
9019	7829
9019	9892
9019	7150
9020	733
9020	2778
9020	6372
9020	962
9020	2908
9020	8345
9020	8794
9020	7543
9020	9694
9020	5961
9021	6467
9021	9563
9021	4893
9021	8153
9021	331
9021	8879
9021	7748
9021	7526
9021	1718
9021	9872
9022	9270
9022	1777
9022	8925
9022	1707
9022	6174
9022	5626
9022	5461
9022	6774
9022	9249
9022	3011
9023	601
9023	8425
9023	850
9023	1539
9023	9892
9023	5030
9023	1408
9023	2899
9023	5121
9023	884
9024	9251
9024	7545
9024	2336
9024	5665
9024	9446
9024	7021
9024	9227
9024	8740
9024	3777
9024	1132
9025	1014
9025	9093
9025	3042
9025	8361
9025	309
9025	3402
9025	2863
9025	1012
9025	2405
9025	3950
9026	5780
9026	4538
9026	66
9026	3433
9026	1107
9026	2849
9026	4578
9026	3584
9026	7272
9026	5125
9027	1388
9027	3422
9027	1892
9027	7665
9027	2971
9027	701
9027	2928
9027	5210
9027	1153
9027	4159
9028	7314
9028	9886
9028	5238
9028	649
9028	8916
9028	348
9028	6871
9028	4950
9028	9527
9028	2238
9029	6350
9029	6787
9029	5272
9029	5622
9029	4939
9029	6176
9029	8645
9029	3309
9029	4261
9029	3459
9030	9398
9030	5921
9030	7281
9030	2053
9030	1420
9030	3787
9030	9540
9030	4713
9030	6634
9030	9468
9031	2773
9031	8815
9031	3768
9031	240
9031	4472
9031	7338
9031	857
9031	1881
9031	2764
9031	2732
9032	6598
9032	7610
9032	9236
9032	4334
9032	1887
9032	1724
9032	1884
9032	3584
9032	9222
9032	4723
9033	5103
9033	3857
9033	5175
9033	2875
9033	5936
9033	8743
9033	3503
9033	5435
9033	2476
9033	8537
9034	9759
9034	5460
9034	7824
9034	3262
9034	4946
9034	2250
9034	481
9034	8898
9034	691
9034	3327
9035	9453
9035	88
9035	7890
9035	5275
9035	3277
9035	9432
9035	3897
9035	3287
9035	6305
9035	4972
9036	5132
9036	3025
9036	818
9036	7812
9036	4393
9036	9724
9036	7550
9036	7623
9036	8283
9036	5151
9037	2370
9037	2278
9037	7694
9037	42
9037	7509
9037	7524
9037	9679
9037	2907
9037	1577
9037	61
9038	1700
9038	9834
9038	3354
9038	5103
9038	1850
9038	9608
9038	9171
9038	2828
9038	9509
9038	8150
9039	5871
9039	9473
9039	3369
9039	2155
9039	1645
9039	2023
9039	692
9039	5498
9039	576
9039	8605
9040	8779
9040	6367
9040	3109
9040	3363
9040	2010
9040	170
9040	8082
9040	1611
9040	2240
9040	8139
9041	9630
9041	9053
9041	2740
9041	4213
9041	2148
9041	8547
9041	8301
9041	8200
9041	6738
9041	1902
9042	5303
9042	216
9042	7520
9042	5047
9042	7391
9042	3773
9042	4516
9042	1050
9042	4113
9042	1225
9043	4030
9043	326
9043	395
9043	9050
9043	6186
9043	5027
9043	7729
9043	8454
9043	3852
9043	2164
9044	7469
9044	2109
9044	4272
9044	4557
9044	8165
9044	9244
9044	3290
9044	5500
9044	1593
9044	8348
9045	838
9045	5801
9045	5026
9045	7847
9045	9351
9045	7876
9045	239
9045	4202
9045	4667
9045	3144
9046	185
9046	5788
9046	1016
9046	9661
9046	5943
9046	6487
9046	5401
9046	394
9046	1178
9046	5513
9047	8225
9047	7278
9047	9840
9047	2703
9047	1099
9047	6228
9047	9243
9047	1850
9047	5656
9047	5640
9048	3817
9048	6153
9048	2030
9048	8619
9048	5254
9048	5805
9048	4041
9048	2564
9048	607
9048	8839
9049	232
9049	5608
9049	1172
9049	7420
9049	9890
9049	7998
9049	1549
9049	7168
9049	6093
9049	9292
9050	4860
9050	1178
9050	5600
9050	6043
9050	8261
9050	3053
9050	1938
9050	6722
9050	7210
9050	4675
9051	994
9051	3753
9051	9385
9051	7693
9051	9239
9051	1006
9051	7608
9051	4120
9051	5879
9051	2053
9052	1631
9052	9789
9052	5545
9052	737
9052	376
9052	2123
9052	7736
9052	6590
9052	6944
9052	9432
9053	4280
9053	7045
9053	1684
9053	9431
9053	8476
9053	8077
9053	1713
9053	1222
9053	2110
9053	3514
9054	9679
9054	2697
9054	1647
9054	510
9054	6508
9054	2016
9054	5077
9054	1552
9054	3037
9054	7863
9055	2402
9055	3119
9055	7123
9055	1320
9055	5775
9055	1121
9055	7663
9055	2213
9055	5066
9055	3352
9056	4139
9056	9197
9056	4588
9056	8455
9056	7551
9056	7948
9056	4282
9056	6315
9056	9671
9056	9983
9057	9487
9057	6041
9057	9095
9057	5170
9057	3847
9057	503
9057	9483
9057	4698
9057	340
9057	9269
9058	9297
9058	6466
9058	8430
9058	2209
9058	9126
9058	4814
9058	2189
9058	3440
9058	7171
9058	6657
9059	4982
9059	6824
9059	6149
9059	4002
9059	5074
9059	8405
9059	5593
9059	1981
9059	5775
9059	2686
9060	1045
9060	3344
9060	3818
9060	7388
9060	6870
9060	3315
9060	4368
9060	5211
9060	7608
9060	2954
9061	6264
9061	9875
9061	7603
9061	5646
9061	7526
9061	2404
9061	6890
9061	4771
9061	1049
9061	387
9062	5173
9062	9738
9062	2137
9062	4152
9062	7766
9062	4789
9062	6579
9062	7910
9062	6325
9062	6265
9063	7287
9063	8880
9063	695
9063	7593
9063	2153
9063	1004
9063	8790
9063	8361
9063	7392
9063	147
9064	245
9064	3544
9064	2561
9064	8201
9064	5914
9064	5852
9064	91
9064	8867
9064	6533
9064	1377
9065	5382
9065	761
9065	8257
9065	4712
9065	3702
9065	9735
9065	4512
9065	5731
9065	3020
9065	7283
9066	2721
9066	9937
9066	2391
9066	742
9066	4468
9066	6503
9066	6008
9066	8398
9066	8530
9066	6855
9067	7368
9067	1981
9067	2859
9067	4002
9067	278
9067	8597
9067	7320
9067	381
9067	8904
9067	3342
9068	4096
9068	4992
9068	9189
9068	1799
9068	2586
9068	4985
9068	3053
9068	2459
9068	279
9068	3
9069	6377
9069	9927
9069	2428
9069	1969
9069	2411
9069	8692
9069	4469
9069	2363
9069	7833
9069	9409
9070	764
9070	6478
9070	4468
9070	1112
9070	8225
9070	5432
9070	4664
9070	4932
9070	860
9070	3451
9071	8174
9071	5395
9071	8375
9071	7949
9071	7455
9071	253
9071	7269
9071	433
9071	5175
9071	3671
9072	1098
9072	8266
9072	7225
9072	5970
9072	3963
9072	346
9072	1296
9072	9117
9072	1721
9072	8500
9073	1535
9073	7013
9073	7450
9073	6165
9073	1014
9073	8505
9073	6352
9073	9772
9073	1008
9073	1524
9074	3062
9074	6712
9074	7955
9074	5471
9074	3482
9074	119
9074	5844
9074	6594
9074	4492
9074	8256
9075	3668
9075	6777
9075	1385
9075	8948
9075	8620
9075	141
9075	1751
9075	9022
9075	5129
9075	4313
9076	3724
9076	3015
9076	9278
9076	2687
9076	4251
9076	8794
9076	3085
9076	7958
9076	8887
9076	7974
9077	4548
9077	7884
9077	3407
9077	3353
9077	2158
9077	6451
9077	626
9077	2562
9077	5407
9077	3868
9078	7170
9078	5614
9078	7898
9078	6020
9078	7743
9078	3856
9078	4372
9078	621
9078	331
9078	6586
9079	6793
9079	2430
9079	4485
9079	1175
9079	790
9079	45
9079	2095
9079	2453
9079	9730
9079	3782
9080	7636
9080	4754
9080	3932
9080	4880
9080	7751
9080	4466
9080	1956
9080	7381
9080	1312
9080	7241
9081	7858
9081	8884
9081	4999
9081	4660
9081	1034
9081	5639
9081	4249
9081	2214
9081	8649
9081	9263
9082	8513
9082	6390
9082	6522
9082	1060
9082	7635
9082	3895
9082	9208
9082	9465
9082	3717
9082	7836
9083	7547
9083	3910
9083	6985
9083	5623
9083	3792
9083	5284
9083	6303
9083	5623
9083	9831
9083	5898
9084	3981
9084	7036
9084	7676
9084	7307
9084	3852
9084	9416
9084	4114
9084	4237
9084	3922
9084	733
9085	7086
9085	112
9085	3535
9085	9466
9085	93
9085	2923
9085	834
9085	5252
9085	1533
9085	1573
9086	2231
9086	8212
9086	5146
9086	6872
9086	1452
9086	8661
9086	1986
9086	6030
9086	8320
9086	1948
9087	1708
9087	775
9087	5709
9087	3190
9087	8268
9087	3784
9087	866
9087	6262
9087	1516
9087	192
9088	2298
9088	3347
9088	9333
9088	2638
9088	2612
9088	929
9088	676
9088	9945
9088	1121
9088	4068
9089	9798
9089	7633
9089	4345
9089	7679
9089	8321
9089	1598
9089	5073
9089	9519
9089	9761
9089	9094
9090	7998
9090	9509
9090	6810
9090	2587
9090	159
9090	4899
9090	2134
9090	6211
9090	4478
9090	3324
9091	2456
9091	8303
9091	1723
9091	6770
9091	8709
9091	3404
9091	9535
9091	4403
9091	1358
9091	7207
9092	1950
9092	7145
9092	9830
9092	4627
9092	9335
9092	8099
9092	7739
9092	7580
9092	4944
9092	327
9093	274
9093	5759
9093	5934
9093	6898
9093	7507
9093	1955
9093	5814
9093	5166
9093	8640
9093	5377
9094	7693
9094	2898
9094	6500
9094	1296
9094	5068
9094	8832
9094	8218
9094	6898
9094	908
9094	1364
9095	9035
9095	2250
9095	4371
9095	4336
9095	5474
9095	3890
9095	2602
9095	3956
9095	880
9095	1237
9096	6346
9096	6933
9096	1537
9096	2808
9096	6095
9096	8602
9096	1545
9096	5495
9096	584
9096	2276
9097	8058
9097	8783
9097	1749
9097	9814
9097	7276
9097	1257
9097	8821
9097	5097
9097	4349
9097	5995
9098	8226
9098	863
9098	3381
9098	818
9098	6930
9098	5488
9098	8768
9098	9121
9098	4920
9098	1701
9099	5725
9099	685
9099	4255
9099	8195
9099	367
9099	1007
9099	5239
9099	2701
9099	2815
9099	827
9100	4444
9100	5019
9100	4473
9100	3304
9100	5883
9100	782
9100	4782
9100	661
9100	1054
9100	8854
9101	5043
9101	7887
9101	1618
9101	7328
9101	8760
9101	3875
9101	9857
9101	3529
9101	3486
9101	1294
9102	520
9102	2460
9102	8013
9102	7371
9102	3514
9102	1526
9102	6599
9102	1704
9102	9051
9102	462
9103	3664
9103	9560
9103	9403
9103	5908
9103	1789
9103	1045
9103	2420
9103	9584
9103	3153
9103	8151
9104	6227
9104	2069
9104	9451
9104	1735
9104	8994
9104	7619
9104	3613
9104	9731
9104	7258
9104	3498
9105	764
9105	1652
9105	3249
9105	465
9105	2948
9105	3973
9105	818
9105	7638
9105	1801
9105	9071
9106	6368
9106	1902
9106	7906
9106	8504
9106	2636
9106	8586
9106	5012
9106	6856
9106	9531
9106	880
9107	6682
9107	1578
9107	5979
9107	1568
9107	946
9107	2616
9107	846
9107	6353
9107	7964
9107	4993
9108	1341
9108	1723
9108	8323
9108	7986
9108	1022
9108	4699
9108	8967
9108	5133
9108	4213
9108	2963
9109	3503
9109	1115
9109	1622
9109	8753
9109	7021
9109	8725
9109	3470
9109	9788
9109	3870
9109	4733
9110	8991
9110	9299
9110	3165
9110	7191
9110	9305
9110	7798
9110	2597
9110	6783
9110	4177
9110	8908
9111	5075
9111	917
9111	4023
9111	1127
9111	7994
9111	1850
9111	1885
9111	7470
9111	2134
9111	1156
9112	5489
9112	7897
9112	5592
9112	9623
9112	1590
9112	6249
9112	6171
9112	7607
9112	4761
9112	8150
9113	7616
9113	6776
9113	4057
9113	2258
9113	873
9113	191
9113	6010
9113	2035
9113	6749
9113	4579
9114	998
9114	3298
9114	4354
9114	5674
9114	2136
9114	3919
9114	7999
9114	3599
9114	9195
9114	6624
9115	9819
9115	8130
9115	7605
9115	2494
9115	2039
9115	1535
9115	5249
9115	2342
9115	2213
9115	8416
9116	7373
9116	2633
9116	4610
9116	8320
9116	3818
9116	6967
9116	9532
9116	3725
9116	7863
9116	1821
9117	6095
9117	2708
9117	5451
9117	1869
9117	1125
9117	2861
9117	9842
9117	2872
9117	9405
9117	9151
9118	6598
9118	9635
9118	135
9118	4204
9118	6650
9118	7736
9118	7386
9118	7483
9118	5275
9118	6297
9119	2810
9119	305
9119	4597
9119	8516
9119	6739
9119	4788
9119	7618
9119	5120
9119	3854
9119	6829
9120	4717
9120	9472
9120	3598
9120	1221
9120	3364
9120	4420
9120	9009
9120	3261
9120	9154
9120	7890
9121	7693
9121	3476
9121	8136
9121	7992
9121	98
9121	1539
9121	5112
9121	6616
9121	1430
9121	9029
9122	1057
9122	6609
9122	16
9122	9251
9122	2603
9122	3818
9122	982
9122	939
9122	2696
9122	959
9123	8502
9123	3201
9123	7782
9123	114
9123	4624
9123	3433
9123	6405
9123	2491
9123	4833
9123	322
9124	1239
9124	8691
9124	5343
9124	2239
9124	260
9124	8485
9124	2953
9124	9919
9124	9282
9124	3141
9125	3640
9125	5678
9125	7307
9125	8361
9125	9242
9125	2162
9125	3595
9125	8185
9125	9289
9125	8391
9126	1472
9126	3412
9126	3860
9126	1488
9126	4931
9126	2234
9126	1143
9126	2425
9126	1238
9126	1881
9127	1018
9127	6510
9127	577
9127	9385
9127	7197
9127	4160
9127	3487
9127	4543
9127	7304
9127	978
9128	2512
9128	8736
9128	7486
9128	4517
9128	5281
9128	2019
9128	2465
9128	6440
9128	4702
9128	2407
9129	9690
9129	8765
9129	7966
9129	4829
9129	2629
9129	5315
9129	3561
9129	1722
9129	7950
9129	6505
9130	5320
9130	6230
9130	3805
9130	7225
9130	7583
9130	1538
9130	6841
9130	5563
9130	7270
9130	1979
9131	2355
9131	5259
9131	5809
9131	7381
9131	9523
9131	3315
9131	1859
9131	7203
9131	2524
9131	98
9132	7637
9132	7721
9132	8977
9132	1364
9132	4010
9132	7526
9132	9571
9132	9581
9132	6816
9132	8147
9133	5117
9133	2312
9133	5142
9133	9092
9133	6143
9133	154
9133	353
9133	7247
9133	5506
9133	4367
9134	6984
9134	2159
9134	7949
9134	8966
9134	8327
9134	9837
9134	5364
9134	6962
9134	3399
9134	1219
9135	2002
9135	1096
9135	8203
9135	8452
9135	7933
9135	8789
9135	5694
9135	6040
9135	6337
9135	1579
9136	5358
9136	5585
9136	3713
9136	522
9136	7895
9136	9068
9136	3772
9136	7139
9136	9454
9136	6293
9137	2332
9137	4548
9137	3150
9137	4977
9137	3363
9137	4526
9137	6747
9137	7955
9137	8762
9137	8123
9138	7858
9138	5559
9138	3395
9138	4808
9138	1292
9138	594
9138	4137
9138	4351
9138	4541
9138	2428
9139	9775
9139	3837
9139	9636
9139	6539
9139	2011
9139	5147
9139	8285
9139	1076
9139	8672
9139	3135
9140	5962
9140	4830
9140	3549
9140	895
9140	7381
9140	240
9140	4908
9140	5386
9140	1414
9140	3795
9141	1213
9141	9999
9141	8038
9141	8181
9141	5096
9141	714
9141	6121
9141	3677
9141	4683
9141	8907
9142	4311
9142	4325
9142	8545
9142	8153
9142	1722
9142	6668
9142	6118
9142	7272
9142	6071
9142	9238
9143	6461
9143	2211
9143	6409
9143	7684
9143	3170
9143	3449
9143	8530
9143	6720
9143	4154
9143	5151
9144	4074
9144	2928
9144	5750
9144	6616
9144	2084
9144	3696
9144	2196
9144	4759
9144	4907
9144	7504
9145	1488
9145	1787
9145	2482
9145	5665
9145	1947
9145	9119
9145	6836
9145	7449
9145	4555
9145	6046
9146	9230
9146	8456
9146	2659
9146	4606
9146	9905
9146	5089
9146	2598
9146	1556
9146	6189
9146	2923
9147	6926
9147	1242
9147	594
9147	3038
9147	1411
9147	6282
9147	8781
9147	1571
9147	8159
9147	4436
9148	7628
9148	5340
9148	3137
9148	7014
9148	9146
9148	9745
9148	710
9148	3829
9148	5764
9148	580
9149	2016
9149	2866
9149	3857
9149	938
9149	8059
9149	6102
9149	9030
9149	2489
9149	2464
9149	4732
9150	4261
9150	8605
9150	7334
9150	2473
9150	4115
9150	4580
9150	983
9150	2788
9150	9335
9150	1396
9151	8115
9151	759
9151	774
9151	6423
9151	6246
9151	6042
9151	1617
9151	8954
9151	857
9151	5074
9152	4737
9152	8237
9152	2693
9152	7376
9152	6155
9152	4400
9152	2092
9152	3573
9152	2214
9152	6332
9153	3565
9153	3983
9153	1021
9153	9254
9153	7370
9153	5795
9153	5688
9153	552
9153	4725
9153	3635
9154	3230
9154	9765
9154	2773
9154	4130
9154	9232
9154	2340
9154	3377
9154	3267
9154	7993
9154	4472
9155	3254
9155	2285
9155	5698
9155	3176
9155	1831
9155	8244
9155	5127
9155	2761
9155	3472
9155	710
9156	7574
9156	6366
9156	272
9156	9806
9156	895
9156	7273
9156	2152
9156	6620
9156	9112
9156	2251
9157	5007
9157	5213
9157	1878
9157	9913
9157	5827
9157	4066
9157	2303
9157	1130
9157	4951
9157	1901
9158	2355
9158	3019
9158	7801
9158	1449
9158	9451
9158	5027
9158	1505
9158	1044
9158	6783
9158	7993
9159	9210
9159	2695
9159	6447
9159	8145
9159	859
9159	5678
9159	2713
9159	5486
9159	2881
9159	3584
9160	2258
9160	9777
9160	8570
9160	7308
9160	8744
9160	6019
9160	5089
9160	8407
9160	4945
9160	1014
9161	6425
9161	1788
9161	539
9161	8562
9161	6712
9161	1333
9161	5537
9161	5164
9161	3628
9161	6261
9162	4890
9162	8036
9162	472
9162	5647
9162	314
9162	8588
9162	5612
9162	4963
9162	3042
9162	4969
9163	9735
9163	1378
9163	8237
9163	499
9163	4733
9163	8834
9163	1479
9163	9429
9163	9051
9163	8315
9164	4144
9164	4512
9164	3568
9164	5887
9164	8955
9164	1660
9164	8412
9164	4072
9164	5259
9164	5520
9165	1269
9165	6144
9165	7498
9165	8468
9165	7846
9165	7436
9165	1545
9165	1178
9165	4315
9165	3661
9166	9862
9166	5451
9166	281
9166	5518
9166	4014
9166	2575
9166	7974
9166	1956
9166	1281
9166	7007
9167	6865
9167	2639
9167	5488
9167	7400
9167	9466
9167	5314
9167	8346
9167	5479
9167	2730
9167	3743
9168	7933
9168	8027
9168	2920
9168	4185
9168	3841
9168	9414
9168	8994
9168	1003
9168	7267
9168	98
9169	9716
9169	1337
9169	6222
9169	7776
9169	1084
9169	2110
9169	2371
9169	3247
9169	9600
9169	9693
9170	9031
9170	3678
9170	6599
9170	4455
9170	6275
9170	4326
9170	835
9170	6961
9170	594
9170	8797
9171	3457
9171	7721
9171	6454
9171	2512
9171	466
9171	8321
9171	8673
9171	6599
9171	9323
9171	8855
9172	9018
9172	1435
9172	2841
9172	8062
9172	6967
9172	5286
9172	3984
9172	531
9172	2463
9172	936
9173	8086
9173	548
9173	4538
9173	1444
9173	8313
9173	5728
9173	7000
9173	8159
9173	6186
9173	1512
9174	2429
9174	5206
9174	8745
9174	9808
9174	9496
9174	4119
9174	7657
9174	519
9174	8197
9174	4231
9175	9158
9175	9924
9175	4596
9175	6758
9175	6027
9175	8407
9175	5170
9175	983
9175	2406
9175	899
9176	1845
9176	253
9176	3450
9176	7618
9176	2492
9176	4867
9176	5137
9176	9269
9176	1900
9176	1747
9177	1050
9177	1694
9177	7572
9177	9945
9177	9669
9177	9353
9177	6344
9177	9113
9177	9596
9177	4469
9178	1409
9178	932
9178	7076
9178	3481
9178	2142
9178	6266
9178	9996
9178	4735
9178	4329
9178	9303
9179	7661
9179	5518
9179	3278
9179	3347
9179	2544
9179	5211
9179	8807
9179	5244
9179	8990
9179	2064
9180	6214
9180	3582
9180	6091
9180	5868
9180	7337
9180	8048
9180	5602
9180	8905
9180	6003
9180	8851
9181	9454
9181	4584
9181	2472
9181	1044
9181	255
9181	579
9181	1706
9181	5633
9181	6216
9181	2958
9182	926
9182	4725
9182	8033
9182	7690
9182	9549
9182	2756
9182	7858
9182	8488
9182	4312
9182	2720
9183	8294
9183	335
9183	2350
9183	9714
9183	7787
9183	2045
9183	6292
9183	2697
9183	1981
9183	5154
9184	1726
9184	555
9184	6026
9184	5797
9184	7941
9184	4102
9184	7919
9184	3328
9184	4423
9184	5553
9185	3639
9185	897
9185	2269
9185	7263
9185	6701
9185	6888
9185	2457
9185	3792
9185	5385
9185	6367
9186	2026
9186	4317
9186	4280
9186	5844
9186	6458
9186	3714
9186	5259
9186	5381
9186	7492
9186	9615
9187	3907
9187	4719
9187	871
9187	7934
9187	5712
9187	1724
9187	881
9187	5460
9187	4778
9187	9824
9188	7345
9188	3974
9188	7708
9188	5506
9188	7450
9188	7398
9188	797
9188	3468
9188	7415
9188	462
9189	2671
9189	5793
9189	4138
9189	853
9189	9889
9189	6705
9189	9744
9189	6878
9189	6635
9189	2644
9190	9978
9190	7049
9190	1548
9190	8263
9190	7941
9190	8395
9190	3828
9190	596
9190	4800
9190	7473
9191	5227
9191	5059
9191	3664
9191	6285
9191	1114
9191	6148
9191	9359
9191	5361
9191	6389
9191	9283
9192	3239
9192	1127
9192	5398
9192	7445
9192	6501
9192	194
9192	3686
9192	116
9192	6870
9192	9040
9193	880
9193	8753
9193	5770
9193	8070
9193	5940
9193	790
9193	9285
9193	5993
9193	3602
9193	1075
9194	827
9194	5638
9194	9257
9194	3645
9194	9928
9194	2845
9194	8612
9194	8069
9194	7024
9194	3368
9195	5615
9195	4437
9195	8320
9195	2506
9195	8160
9195	9481
9195	1233
9195	1504
9195	9078
9195	7061
9196	2628
9196	9425
9196	169
9196	5064
9196	1045
9196	3015
9196	3768
9196	3965
9196	3596
9196	8868
9197	4541
9197	2509
9197	8641
9197	3913
9197	8423
9197	2641
9197	5737
9197	4875
9197	8042
9197	9216
9198	6651
9198	9292
9198	2787
9198	9054
9198	955
9198	3758
9198	3787
9198	7278
9198	4576
9198	9542
9199	6938
9199	3454
9199	1199
9199	67
9199	7925
9199	7575
9199	1113
9199	6031
9199	2796
9199	5382
9200	3118
9200	9915
9200	855
9200	9682
9200	2380
9200	296
9200	74
9200	1301
9200	2510
9200	6214
9201	2708
9201	7154
9201	8057
9201	8188
9201	9727
9201	7511
9201	8997
9201	9773
9201	5786
9201	3015
9202	1854
9202	6174
9202	2297
9202	3516
9202	5749
9202	4925
9202	2219
9202	361
9202	900
9202	5348
9203	677
9203	3448
9203	8828
9203	6820
9203	7999
9203	92
9203	5784
9203	673
9203	4602
9203	9235
9204	5659
9204	6222
9204	1817
9204	8572
9204	987
9204	536
9204	1081
9204	8762
9204	9718
9204	7076
9205	8800
9205	9026
9205	359
9205	7386
9205	9595
9205	7811
9205	9483
9205	8252
9205	9101
9205	5486
9206	6791
9206	5962
9206	5388
9206	4699
9206	3251
9206	9473
9206	3484
9206	1365
9206	7928
9206	6128
9207	8477
9207	353
9207	3320
9207	3941
9207	1543
9207	3890
9207	5884
9207	3930
9207	1391
9207	3656
9208	7143
9208	4746
9208	8272
9208	3817
9208	7115
9208	4097
9208	5607
9208	3149
9208	673
9208	2168
9209	2060
9209	6575
9209	2853
9209	2405
9209	4224
9209	4371
9209	9156
9209	1540
9209	6189
9209	801
9210	7378
9210	8652
9210	8706
9210	1350
9210	6155
9210	4782
9210	9803
9210	8206
9210	62
9210	9683
9211	6866
9211	3388
9211	5777
9211	589
9211	2207
9211	9482
9211	6137
9211	8180
9211	792
9211	2047
9212	3715
9212	311
9212	3492
9212	2744
9212	6214
9212	7330
9212	6044
9212	8446
9212	5645
9212	1247
9213	2001
9213	9185
9213	7319
9213	9872
9213	622
9213	4724
9213	8964
9213	5382
9213	9444
9213	868
9214	8847
9214	5159
9214	6103
9214	1199
9214	186
9214	9102
9214	8572
9214	5411
9214	61
9214	8510
9215	3059
9215	5797
9215	4902
9215	4160
9215	8752
9215	358
9215	4994
9215	9671
9215	390
9215	3238
9216	9357
9216	2174
9216	8091
9216	4417
9216	517
9216	9927
9216	7989
9216	5924
9216	9552
9216	6192
9217	2535
9217	6993
9217	6291
9217	6700
9217	4191
9217	4601
9217	4729
9217	727
9217	5794
9217	8583
9218	3751
9218	5408
9218	4494
9218	3638
9218	3841
9218	372
9218	1792
9218	5548
9218	3657
9218	1612
9219	5150
9219	4386
9219	4294
9219	3532
9219	9393
9219	9257
9219	2811
9219	2525
9219	3300
9219	248
9220	3754
9220	5152
9220	8186
9220	956
9220	5099
9220	9929
9220	3467
9220	1768
9220	4968
9220	5128
9221	2951
9221	672
9221	2893
9221	3501
9221	9728
9221	641
9221	5124
9221	1730
9221	1149
9221	2933
9222	4043
9222	6847
9222	2734
9222	5524
9222	4269
9222	2469
9222	488
9222	18
9222	792
9222	8763
9223	3657
9223	2755
9223	9994
9223	249
9223	6479
9223	8618
9223	1389
9223	6006
9223	9266
9223	1929
9224	1760
9224	5515
9224	2296
9224	112
9224	2863
9224	8107
9224	8367
9224	7902
9224	8030
9224	8558
9225	1934
9225	6309
9225	9372
9225	4633
9225	126
9225	3812
9225	8931
9225	849
9225	8595
9225	4952
9226	1978
9226	1357
9226	6490
9226	3669
9226	3306
9226	4993
9226	6736
9226	4213
9226	767
9226	8868
9227	6116
9227	9349
9227	2767
9227	2368
9227	387
9227	1144
9227	9895
9227	3324
9227	3171
9227	9260
9228	4753
9228	1456
9228	7368
9228	6289
9228	6324
9228	9854
9228	9971
9228	1325
9228	361
9228	7799
9229	5646
9229	4442
9229	810
9229	7823
9229	5133
9229	2366
9229	2658
9229	8795
9229	6682
9229	7634
9230	3692
9230	5578
9230	8368
9230	2678
9230	6074
9230	3998
9230	638
9230	7767
9230	5082
9230	1181
9231	4662
9231	1109
9231	6035
9231	9031
9231	8315
9231	9953
9231	6264
9231	9456
9231	3065
9231	9220
9232	1044
9232	7232
9232	3638
9232	8532
9232	2842
9232	3501
9232	1073
9232	2944
9232	2481
9232	4551
9233	5039
9233	2284
9233	8425
9233	7551
9233	4798
9233	5767
9233	7634
9233	2998
9233	5215
9233	7910
9234	2684
9234	8787
9234	5360
9234	1949
9234	3596
9234	2661
9234	8379
9234	269
9234	8613
9234	7672
9235	9358
9235	7585
9235	8633
9235	9036
9235	5057
9235	1415
9235	289
9235	1663
9235	9320
9235	5578
9236	1533
9236	150
9236	8195
9236	3912
9236	1830
9236	4587
9236	9162
9236	2371
9236	1664
9236	2292
9237	8365
9237	4138
9237	4733
9237	8695
9237	6457
9237	5167
9237	7650
9237	8148
9237	3395
9237	9574
9238	8990
9238	5577
9238	862
9238	5766
9238	1860
9238	4929
9238	2036
9238	3475
9238	5952
9238	3059
9239	3726
9239	1171
9239	7743
9239	8726
9239	6185
9239	7131
9239	8856
9239	8165
9239	5456
9239	6295
9240	4533
9240	1553
9240	9347
9240	5468
9240	7625
9240	4125
9240	3127
9240	5660
9240	3716
9240	5552
9241	7629
9241	3845
9241	1986
9241	5556
9241	9976
9241	1710
9241	7612
9241	3193
9241	7043
9241	8790
9242	9730
9242	6385
9242	2760
9242	2530
9242	9549
9242	8811
9242	7481
9242	8898
9242	5662
9242	9178
9243	9567
9243	8771
9243	3899
9243	1998
9243	4768
9243	9923
9243	9257
9243	6846
9243	313
9243	1759
9244	9463
9244	9080
9244	2313
9244	1003
9244	4775
9244	5869
9244	1918
9244	6113
9244	7297
9244	9097
9245	9070
9245	5213
9245	4247
9245	2491
9245	4531
9245	4294
9245	3535
9245	1893
9245	2082
9245	4508
9246	351
9246	8096
9246	5015
9246	6821
9246	7986
9246	6532
9246	5705
9246	4398
9246	734
9246	7517
9247	7032
9247	3119
9247	5822
9247	3767
9247	8557
9247	3415
9247	5478
9247	7264
9247	1104
9247	1975
9248	9029
9248	7884
9248	7850
9248	3418
9248	8730
9248	4068
9248	964
9248	1575
9248	6580
9248	2905
9249	9060
9249	9650
9249	6692
9249	6865
9249	6518
9249	2640
9249	5626
9249	9341
9249	9940
9249	7795
9250	1118
9250	8967
9250	4447
9250	7631
9250	5444
9250	7928
9250	796
9250	2997
9250	6608
9250	888
9251	4486
9251	5465
9251	8336
9251	104
9251	118
9251	5608
9251	7979
9251	2553
9251	4182
9251	9971
9252	4870
9252	4472
9252	1548
9252	9207
9252	7989
9252	9266
9252	2300
9252	4825
9252	5046
9252	60
9253	2753
9253	4395
9253	8943
9253	8388
9253	8416
9253	9203
9253	5408
9253	8696
9253	2915
9253	9119
9254	6689
9254	2876
9254	3757
9254	8209
9254	5984
9254	2563
9254	7802
9254	7079
9254	381
9254	6467
9255	9763
9255	8818
9255	932
9255	6791
9255	4424
9255	6611
9255	3153
9255	687
9255	8699
9255	2390
9256	9381
9256	2918
9256	8701
9256	8264
9256	3736
9256	4033
9256	3298
9256	9544
9256	8356
9256	3832
9257	6562
9257	128
9257	1260
9257	4257
9257	7688
9257	3554
9257	3756
9257	8222
9257	7758
9257	1881
9258	3325
9258	7075
9258	8244
9258	2998
9258	6501
9258	1097
9258	7114
9258	8562
9258	5876
9258	9895
9259	5746
9259	2415
9259	4631
9259	9331
9259	5864
9259	4396
9259	1694
9259	5555
9259	8493
9259	8866
9260	9158
9260	4309
9260	5842
9260	9012
9260	6777
9260	7403
9260	8676
9260	4472
9260	8686
9260	7882
9261	1079
9261	4897
9261	4532
9261	232
9261	4623
9261	6324
9261	9373
9261	8952
9261	3088
9261	8296
9262	5761
9262	7374
9262	221
9262	3787
9262	7306
9262	7868
9262	2276
9262	9631
9262	4655
9262	2694
9263	5875
9263	4716
9263	6835
9263	4146
9263	4233
9263	4990
9263	2392
9263	9269
9263	9331
9263	8980
9264	538
9264	5031
9264	9044
9264	2284
9264	6709
9264	3045
9264	5474
9264	6455
9264	4870
9264	9900
9265	3646
9265	6612
9265	2376
9265	3566
9265	9978
9265	1020
9265	7366
9265	3570
9265	7936
9265	775
9266	3002
9266	1969
9266	9004
9266	5413
9266	3900
9266	9027
9266	9508
9266	8397
9266	4155
9266	829
9267	3777
9267	9222
9267	3951
9267	6779
9267	2669
9267	2701
9267	3040
9267	9795
9267	2803
9267	4980
9268	689
9268	9915
9268	5537
9268	1981
9268	987
9268	4120
9268	6801
9268	618
9268	6201
9268	4023
9269	6540
9269	9395
9269	1041
9269	965
9269	5398
9269	9242
9269	4344
9269	969
9269	5640
9269	7093
9270	5612
9270	7153
9270	2369
9270	5410
9270	6671
9270	7585
9270	2324
9270	723
9270	7570
9270	5362
9271	2620
9271	9841
9271	1826
9271	8343
9271	4471
9271	8086
9271	1302
9271	7211
9271	7436
9271	2
9272	4935
9272	8173
9272	5465
9272	8985
9272	4731
9272	9883
9272	982
9272	3503
9272	9847
9272	1134
9273	8743
9273	9814
9273	4034
9273	194
9273	1385
9273	1000
9273	3377
9273	2000
9273	990
9273	9143
9274	6004
9274	9257
9274	1314
9274	5298
9274	716
9274	7605
9274	8809
9274	6545
9274	670
9274	1774
9275	4884
9275	8059
9275	6655
9275	4494
9275	1062
9275	3608
9275	137
9275	18
9275	516
9275	8890
9276	303
9276	2768
9276	2468
9276	5893
9276	3349
9276	6975
9276	8323
9276	1883
9276	586
9276	1375
9277	9153
9277	2763
9277	1820
9277	9734
9277	9251
9277	8667
9277	7380
9277	4964
9277	2523
9277	6185
9278	2883
9278	4949
9278	5803
9278	2885
9278	6500
9278	140
9278	7438
9278	521
9278	1272
9278	8220
9279	2153
9279	9483
9279	5785
9279	5332
9279	4364
9279	2058
9279	1847
9279	6989
9279	6238
9279	5923
9280	1748
9280	3283
9280	6642
9280	3903
9280	6904
9280	3206
9280	5659
9280	6197
9280	5515
9280	1121
9281	2322
9281	9178
9281	6675
9281	9812
9281	5407
9281	3570
9281	9813
9281	8131
9281	8260
9281	4460
9282	8206
9282	2698
9282	1450
9282	5336
9282	3933
9282	649
9282	8793
9282	2825
9282	2591
9282	3580
9283	5122
9283	6554
9283	833
9283	8426
9283	1847
9283	1734
9283	1123
9283	9459
9283	4571
9283	2376
9284	7692
9284	6474
9284	802
9284	2898
9284	8844
9284	5846
9284	6783
9284	2287
9284	9652
9284	4532
9285	1640
9285	7221
9285	2682
9285	264
9285	9910
9285	2737
9285	4664
9285	6523
9285	960
9285	9687
9286	9033
9286	6412
9286	477
9286	8258
9286	7498
9286	5125
9286	2755
9286	4243
9286	6983
9286	6959
9287	1539
9287	1319
9287	4090
9287	4549
9287	8175
9287	1406
9287	2879
9287	5916
9287	79
9287	6263
9288	8020
9288	4849
9288	3935
9288	1304
9288	7728
9288	8992
9288	3249
9288	7283
9288	810
9288	1909
9289	9552
9289	6520
9289	5834
9289	7806
9289	8850
9289	7722
9289	8846
9289	927
9289	7476
9289	9018
9290	6621
9290	226
9290	1016
9290	3171
9290	9959
9290	7923
9290	4710
9290	2686
9290	3730
9290	9209
9291	1643
9291	1189
9291	4254
9291	894
9291	1674
9291	6563
9291	567
9291	8302
9291	4268
9291	7307
9292	2102
9292	6196
9292	9
9292	1261
9292	2676
9292	6037
9292	987
9292	2235
9292	8879
9292	4052
9293	5989
9293	8788
9293	4482
9293	5356
9293	4717
9293	221
9293	7908
9293	1014
9293	8406
9293	9466
9294	5240
9294	2174
9294	3478
9294	2132
9294	9291
9294	6978
9294	9211
9294	3894
9294	2406
9294	1751
9295	9563
9295	7006
9295	6121
9295	3940
9295	9269
9295	8513
9295	6386
9295	9280
9295	3115
9295	1918
9296	5673
9296	3821
9296	7384
9296	1441
9296	975
9296	4194
9296	6605
9296	7398
9296	298
9296	2438
9297	7019
9297	6176
9297	850
9297	6738
9297	5544
9297	7090
9297	9226
9297	9014
9297	6744
9297	3742
9298	9334
9298	3617
9298	1125
9298	4723
9298	633
9298	8510
9298	342
9298	7539
9298	818
9298	5479
9299	2741
9299	742
9299	4543
9299	8659
9299	9383
9299	1201
9299	8832
9299	2039
9299	4559
9299	9639
9300	6429
9300	4776
9300	2365
9300	9228
9300	8482
9300	2863
9300	9838
9300	661
9300	7459
9300	1080
9301	1044
9301	2769
9301	81
9301	4892
9301	6713
9301	697
9301	5136
9301	5232
9301	4560
9301	4391
9302	7970
9302	9126
9302	1619
9302	2681
9302	5263
9302	7174
9302	7621
9302	2241
9302	2617
9302	6695
9303	5384
9303	9126
9303	909
9303	8078
9303	1296
9303	7649
9303	3523
9303	2918
9303	947
9303	9253
9304	8538
9304	5514
9304	4464
9304	5594
9304	792
9304	3481
9304	120
9304	6611
9304	6074
9304	9509
9305	7084
9305	1015
9305	3618
9305	5310
9305	3890
9305	270
9305	8393
9305	1563
9305	7213
9305	529
9306	2473
9306	3125
9306	3823
9306	8283
9306	5379
9306	3167
9306	3710
9306	6021
9306	8006
9306	3662
9307	9893
9307	8519
9307	9915
9307	1648
9307	3978
9307	2915
9307	6278
9307	7537
9307	1947
9307	7686
9308	3834
9308	9094
9308	2177
9308	533
9308	5382
9308	2746
9308	3810
9308	740
9308	9959
9308	6946
9309	9270
9309	5126
9309	4891
9309	5794
9309	299
9309	5557
9309	1491
9309	1444
9309	7091
9309	8084
9310	1736
9310	280
9310	7676
9310	1070
9310	5072
9310	5576
9310	3450
9310	3607
9310	1549
9310	261
9311	5246
9311	4635
9311	3749
9311	2960
9311	1242
9311	6067
9311	5715
9311	5362
9311	405
9311	5766
9312	8979
9312	2364
9312	6114
9312	1280
9312	3739
9312	8826
9312	1128
9312	3476
9312	3373
9312	3231
9313	5981
9313	3635
9313	6047
9313	944
9313	9190
9313	2501
9313	1872
9313	6229
9313	4088
9313	4469
9314	2729
9314	918
9314	7966
9314	30
9314	8050
9314	355
9314	2287
9314	2088
9314	447
9314	5547
9315	3975
9315	705
9315	3631
9315	6533
9315	2880
9315	9141
9315	5957
9315	534
9315	4962
9315	9359
9316	6701
9316	7026
9316	8467
9316	5076
9316	469
9316	7725
9316	7991
9316	7647
9316	4845
9316	4845
9317	6511
9317	9845
9317	9652
9317	8867
9317	3502
9317	8323
9317	3060
9317	2832
9317	87
9317	6064
9318	874
9318	2866
9318	7915
9318	2515
9318	9834
9318	1172
9318	7301
9318	9779
9318	4711
9318	2442
9319	784
9319	3782
9319	386
9319	7298
9319	8078
9319	7281
9319	6231
9319	2281
9319	8328
9319	5787
9320	7808
9320	4261
9320	656
9320	179
9320	9268
9320	4953
9320	1438
9320	416
9320	5513
9320	1256
9321	9237
9321	8579
9321	1871
9321	4038
9321	150
9321	4998
9321	4051
9321	9504
9321	2178
9321	2015
9322	2839
9322	6775
9322	7031
9322	7242
9322	2406
9322	5076
9322	3770
9322	9123
9322	5239
9322	9875
9323	4191
9323	5281
9323	9847
9323	8889
9323	507
9323	1510
9323	7811
9323	9664
9323	9262
9323	923
9324	6890
9324	8823
9324	2361
9324	8640
9324	3580
9324	414
9324	4302
9324	1211
9324	271
9324	6634
9325	5740
9325	1468
9325	3579
9325	468
9325	3288
9325	6266
9325	2930
9325	8335
9325	7702
9325	90
9326	7380
9326	5123
9326	210
9326	5214
9326	147
9326	8484
9326	9031
9326	2506
9326	8478
9326	6755
9327	3788
9327	5437
9327	3710
9327	5920
9327	9353
9327	4731
9327	9708
9327	2005
9327	1747
9327	8366
9328	9677
9328	2136
9328	1116
9328	5107
9328	3760
9328	1909
9328	8502
9328	5730
9328	9182
9328	9573
9329	8038
9329	847
9329	1161
9329	427
9329	5822
9329	1545
9329	919
9329	6406
9329	8592
9329	3862
9330	6358
9330	5129
9330	8752
9330	7977
9330	5829
9330	1813
9330	2849
9330	5896
9330	3742
9330	4100
9331	9183
9331	1412
9331	2534
9331	5353
9331	6183
9331	7850
9331	2728
9331	8559
9331	1654
9331	9280
9332	9917
9332	7967
9332	1485
9332	4423
9332	7181
9332	4734
9332	8123
9332	9602
9332	8439
9332	9679
9333	672
9333	8618
9333	9845
9333	2324
9333	5239
9333	1275
9333	7048
9333	8747
9333	7616
9333	5988
9334	433
9334	2024
9334	9487
9334	4875
9334	5106
9334	2171
9334	4160
9334	9964
9334	6271
9334	2826
9335	9297
9335	8916
9335	6916
9335	9965
9335	3331
9335	3245
9335	9323
9335	8025
9335	9577
9335	3112
9336	1684
9336	270
9336	1092
9336	9700
9336	2390
9336	6972
9336	1646
9336	1028
9336	1323
9336	8860
9337	8574
9337	4123
9337	1877
9337	4988
9337	7597
9337	4586
9337	2803
9337	3839
9337	8262
9337	4262
9338	4108
9338	6988
9338	2049
9338	8382
9338	9014
9338	442
9338	1866
9338	913
9338	6448
9338	8564
9339	8265
9339	6289
9339	5633
9339	2355
9339	5767
9339	1506
9339	6177
9339	8532
9339	889
9339	3472
9340	4725
9340	3513
9340	5809
9340	4739
9340	1524
9340	7999
9340	4562
9340	4201
9340	2314
9340	5118
9341	8998
9341	5629
9341	13
9341	3687
9341	4244
9341	8964
9341	9066
9341	5942
9341	8930
9341	2942
9342	2440
9342	5667
9342	1884
9342	5496
9342	8734
9342	9920
9342	9894
9342	2760
9342	8359
9342	7299
9343	2661
9343	7999
9343	6627
9343	4064
9343	554
9343	7030
9343	9214
9343	9541
9343	6397
9343	7576
9344	4731
9344	7840
9344	1019
9344	4469
9344	966
9344	1814
9344	9773
9344	2313
9344	507
9344	9380
9345	9289
9345	3220
9345	6114
9345	6520
9345	5556
9345	9049
9345	147
9345	6962
9345	6186
9345	6438
9346	7925
9346	3706
9346	7704
9346	2867
9346	5927
9346	3745
9346	7510
9346	3995
9346	3743
9346	9291
9347	5603
9347	2062
9347	876
9347	250
9347	9468
9347	2570
9347	8603
9347	477
9347	527
9347	5660
9348	4700
9348	9639
9348	1722
9348	9731
9348	1281
9348	524
9348	5452
9348	2030
9348	365
9348	5543
9349	6254
9349	2770
9349	6513
9349	4570
9349	3167
9349	5989
9349	7359
9349	5730
9349	5859
9349	8780
9350	5862
9350	2848
9350	2690
9350	3874
9350	3943
9350	6073
9350	2285
9350	9217
9350	1849
9350	6006
9351	936
9351	2209
9351	8940
9351	6395
9351	5080
9351	2759
9351	9525
9351	9181
9351	3253
9351	3307
9352	3121
9352	5757
9352	6427
9352	9640
9352	4554
9352	2863
9352	2060
9352	3746
9352	8003
9352	6154
9353	9710
9353	5837
9353	128
9353	956
9353	9744
9353	8142
9353	8722
9353	3454
9353	7416
9353	3241
9354	3012
9354	1114
9354	3824
9354	2597
9354	4241
9354	1372
9354	4830
9354	2312
9354	7318
9354	6543
9355	757
9355	1055
9355	7116
9355	9059
9355	1723
9355	5909
9355	6259
9355	3558
9355	8668
9355	7186
9356	9724
9356	9469
9356	5312
9356	4309
9356	1357
9356	3217
9356	8965
9356	4469
9356	3296
9356	178
9357	2169
9357	7625
9357	6638
9357	6953
9357	8376
9357	9244
9357	2511
9357	7351
9357	5803
9357	4135
9358	3965
9358	9542
9358	2775
9358	7958
9358	5638
9358	7975
9358	2150
9358	1533
9358	7116
9358	1792
9359	8641
9359	8089
9359	19
9359	1969
9359	5329
9359	4419
9359	3468
9359	4853
9359	2500
9359	5346
9360	952
9360	6546
9360	335
9360	5276
9360	7665
9360	6851
9360	5144
9360	1633
9360	8603
9360	7902
9361	3205
9361	1566
9361	7009
9361	7806
9361	5570
9361	6009
9361	5396
9361	9077
9361	8254
9361	1853
9362	6232
9362	1775
9362	7880
9362	594
9362	254
9362	2536
9362	1423
9362	7372
9362	8099
9362	8321
9363	2776
9363	2148
9363	8457
9363	5792
9363	9102
9363	7577
9363	5826
9363	5416
9363	8114
9363	6081
9364	8951
9364	3728
9364	1130
9364	2485
9364	2823
9364	7274
9364	8964
9364	6615
9364	9057
9364	2213
9365	2367
9365	6638
9365	5036
9365	6516
9365	5683
9365	719
9365	7178
9365	6409
9365	6750
9365	5834
9366	9792
9366	8381
9366	2202
9366	5945
9366	6504
9366	4511
9366	8455
9366	5344
9366	3689
9366	3128
9367	7300
9367	5273
9367	836
9367	6424
9367	5948
9367	9032
9367	6262
9367	214
9367	459
9367	349
9368	7992
9368	8014
9368	8343
9368	8447
9368	6227
9368	578
9368	912
9368	5059
9368	8977
9368	3694
9369	9337
9369	2212
9369	7381
9369	1706
9369	2803
9369	9363
9369	5046
9369	2199
9369	657
9369	4613
9370	173
9370	1078
9370	4707
9370	3824
9370	6523
9370	704
9370	4010
9370	3826
9370	5728
9370	1077
9371	4390
9371	301
9371	6343
9371	9377
9371	8583
9371	6085
9371	3929
9371	5550
9371	4119
9371	8857
9372	5081
9372	7488
9372	5976
9372	7731
9372	9295
9372	3489
9372	3812
9372	506
9372	9866
9372	1448
9373	3679
9373	2103
9373	4846
9373	7585
9373	4982
9373	6845
9373	4750
9373	7092
9373	8484
9373	7878
9374	9110
9374	6498
9374	6659
9374	3748
9374	7283
9374	2503
9374	4501
9374	5653
9374	1464
9374	4775
9375	7509
9375	4284
9375	5610
9375	8864
9375	1451
9375	2824
9375	4887
9375	8067
9375	2854
9375	4852
9376	336
9376	9750
9376	3442
9376	9629
9376	525
9376	2435
9376	9822
9376	332
9376	3507
9376	6211
9377	9022
9377	1173
9377	6729
9377	1840
9377	8065
9377	4703
9377	5703
9377	813
9377	4834
9377	8055
9378	6308
9378	5373
9378	4279
9378	3479
9378	9187
9378	7373
9378	3668
9378	3203
9378	5330
9378	194
9379	3075
9379	1537
9379	1819
9379	7695
9379	1820
9379	337
9379	6842
9379	9493
9379	8026
9379	1634
9380	7176
9380	6222
9380	8601
9380	791
9380	4195
9380	1257
9380	6940
9380	8383
9380	9068
9380	4149
9381	7046
9381	5894
9381	2621
9381	5779
9381	6603
9381	740
9381	9087
9381	5039
9381	9970
9381	2594
9382	3495
9382	6497
9382	1731
9382	8149
9382	8789
9382	2749
9382	4983
9382	5668
9382	1472
9382	5069
9383	4910
9383	2382
9383	1120
9383	5547
9383	959
9383	3279
9383	4062
9383	5790
9383	3504
9383	7808
9384	3841
9384	8410
9384	8200
9384	1185
9384	7335
9384	6400
9384	4396
9384	5092
9384	8552
9384	4357
9385	5441
9385	4287
9385	6152
9385	9091
9385	1952
9385	8423
9385	1653
9385	9459
9385	2852
9385	5281
9386	7661
9386	1771
9386	2459
9386	1786
9386	9694
9386	2871
9386	3953
9386	2660
9386	3778
9386	956
9387	9780
9387	3897
9387	6699
9387	3905
9387	2815
9387	2743
9387	2899
9387	2728
9387	4917
9387	7492
9388	9470
9388	8355
9388	62
9388	815
9388	7853
9388	198
9388	3626
9388	6820
9388	8702
9388	8874
9389	8804
9389	6219
9389	3416
9389	6498
9389	9657
9389	1579
9389	8994
9389	9291
9389	6346
9389	7886
9390	828
9390	1658
9390	7369
9390	3153
9390	7961
9390	7353
9390	5032
9390	5663
9390	1055
9390	2589
9391	5411
9391	4237
9391	9155
9391	1073
9391	7015
9391	1841
9391	9526
9391	9915
9391	1657
9391	334
9392	7019
9392	5436
9392	6352
9392	1403
9392	9208
9392	7787
9392	8257
9392	9461
9392	6582
9392	9368
9393	3781
9393	2557
9393	8966
9393	1207
9393	9879
9393	3979
9393	4806
9393	2941
9393	1103
9393	8516
9394	4001
9394	1161
9394	1619
9394	7686
9394	7175
9394	4213
9394	8170
9394	6809
9394	1069
9394	6271
9395	6845
9395	2650
9395	5126
9395	1923
9395	1956
9395	3589
9395	4040
9395	3810
9395	6163
9395	6651
9396	9987
9396	9893
9396	1190
9396	4430
9396	3713
9396	6415
9396	6686
9396	9738
9396	3889
9396	4683
9397	7195
9397	1183
9397	2318
9397	7943
9397	7826
9397	6292
9397	6690
9397	502
9397	9887
9397	6394
9398	25
9398	8650
9398	2269
9398	6752
9398	763
9398	2187
9398	1114
9398	1644
9398	3265
9398	8223
9399	2937
9399	8210
9399	5456
9399	1817
9399	2932
9399	6616
9399	8439
9399	3157
9399	158
9399	7232
9400	3130
9400	8880
9400	1924
9400	9137
9400	9633
9400	849
9400	1497
9400	7613
9400	1665
9400	6234
9401	6293
9401	9234
9401	5045
9401	6149
9401	9057
9401	3848
9401	2677
9401	3833
9401	1982
9401	859
9402	9212
9402	1653
9402	2628
9402	2386
9402	1392
9402	3157
9402	9854
9402	4429
9402	6663
9402	5135
9403	7138
9403	1877
9403	2499
9403	1067
9403	5983
9403	4696
9403	3818
9403	7728
9403	4096
9403	2351
9404	2717
9404	7512
9404	4360
9404	362
9404	8037
9404	3496
9404	7683
9404	6809
9404	7191
9404	145
9405	6805
9405	5207
9405	7687
9405	5254
9405	7194
9405	2639
9405	5434
9405	6081
9405	4050
9405	1569
9406	2021
9406	575
9406	6746
9406	6450
9406	6985
9406	3564
9406	7245
9406	47
9406	4057
9406	4163
9407	1680
9407	140
9407	7190
9407	3220
9407	3585
9407	1071
9407	7959
9407	7559
9407	7423
9407	2473
9408	6450
9408	2044
9408	3487
9408	6880
9408	5350
9408	2682
9408	7950
9408	3819
9408	9258
9408	4375
9409	3162
9409	887
9409	1256
9409	6890
9409	6311
9409	3753
9409	337
9409	2589
9409	6668
9409	3373
9410	8508
9410	77
9410	7314
9410	1864
9410	3528
9410	808
9410	3930
9410	9894
9410	4827
9410	2065
9411	89
9411	9650
9411	7197
9411	6155
9411	1846
9411	9770
9411	702
9411	6848
9411	8029
9411	9921
9412	8596
9412	4254
9412	1938
9412	8459
9412	3366
9412	777
9412	2877
9412	7153
9412	8378
9412	693
9413	1662
9413	5840
9413	1020
9413	1384
9413	3970
9413	5431
9413	741
9413	7923
9413	8275
9413	5443
9414	6167
9414	270
9414	8667
9414	9810
9414	6628
9414	4409
9414	7782
9414	6910
9414	819
9414	5889
9415	2809
9415	9898
9415	4009
9415	454
9415	2629
9415	209
9415	4248
9415	4357
9415	6233
9415	7691
9416	4414
9416	5513
9416	5845
9416	1378
9416	1230
9416	4878
9416	2154
9416	5597
9416	2922
9416	7729
9417	7522
9417	182
9417	3285
9417	2714
9417	9030
9417	9165
9417	6017
9417	5318
9417	3289
9417	5976
9418	5227
9418	1338
9418	8254
9418	1942
9418	9215
9418	4728
9418	3220
9418	2027
9418	2390
9418	5889
9419	2871
9419	2112
9419	8434
9419	7702
9419	8420
9419	1541
9419	69
9419	2368
9419	1724
9419	5828
9420	8900
9420	1140
9420	1403
9420	4365
9420	1861
9420	421
9420	7443
9420	2434
9420	3646
9420	9769
9421	1071
9421	8249
9421	148
9421	3565
9421	2373
9421	6923
9421	4949
9421	2788
9421	4393
9421	156
9422	1644
9422	9025
9422	8238
9422	762
9422	9356
9422	9267
9422	5037
9422	4540
9422	5297
9422	4431
9423	7036
9423	5767
9423	9780
9423	3986
9423	4364
9423	8999
9423	9235
9423	1363
9423	9709
9423	9147
9424	7497
9424	7240
9424	1199
9424	6268
9424	1540
9424	7269
9424	2577
9424	5979
9424	33
9424	9539
9425	9851
9425	7113
9425	2212
9425	54
9425	3225
9425	4313
9425	7918
9425	5178
9425	8269
9425	8896
9426	3172
9426	2001
9426	3367
9426	9748
9426	2212
9426	3772
9426	7781
9426	6467
9426	3220
9426	4182
9427	3537
9427	4608
9427	4870
9427	8032
9427	5092
9427	5347
9427	6918
9427	1255
9427	8044
9427	3368
9428	2208
9428	8982
9428	1010
9428	4606
9428	2281
9428	2951
9428	7308
9428	1158
9428	8517
9428	4173
9429	760
9429	6508
9429	8027
9429	312
9429	4213
9429	2195
9429	3084
9429	9918
9429	1030
9429	8732
9430	4529
9430	8547
9430	2618
9430	5158
9430	9001
9430	3858
9430	557
9430	5632
9430	7796
9430	9423
9431	4691
9431	427
9431	3218
9431	7347
9431	6336
9431	2763
9431	7310
9431	9700
9431	2270
9431	9752
9432	4854
9432	2778
9432	9324
9432	9709
9432	1480
9432	566
9432	1167
9432	5018
9432	9483
9432	1933
9433	8639
9433	9093
9433	1786
9433	280
9433	8628
9433	6034
9433	4597
9433	4034
9433	1546
9433	9499
9434	8035
9434	2741
9434	8110
9434	7348
9434	3398
9434	2473
9434	8659
9434	7518
9434	2893
9434	9761
9435	7909
9435	7015
9435	2891
9435	8732
9435	8312
9435	834
9435	2744
9435	9555
9435	5274
9435	2250
9436	543
9436	3883
9436	4854
9436	5814
9436	9208
9436	5518
9436	4182
9436	3861
9436	6109
9436	844
9437	163
9437	2437
9437	2873
9437	4487
9437	4476
9437	9340
9437	4546
9437	4411
9437	2142
9437	5734
9438	4382
9438	4819
9438	8759
9438	6847
9438	2190
9438	4806
9438	5385
9438	1727
9438	7595
9438	5495
9439	7662
9439	233
9439	8431
9439	5282
9439	2654
9439	665
9439	2899
9439	8565
9439	5919
9439	3268
9440	7317
9440	5443
9440	1337
9440	84
9440	5594
9440	8402
9440	2310
9440	454
9440	6973
9440	3865
9441	9990
9441	7404
9441	9078
9441	1
9441	5813
9441	7149
9441	5846
9441	6690
9441	9661
9441	4741
9442	8883
9442	5581
9442	2987
9442	3228
9442	3027
9442	1316
9442	2048
9442	7655
9442	7459
9442	4295
9443	2111
9443	1688
9443	4800
9443	1565
9443	7829
9443	9488
9443	1957
9443	3875
9443	9406
9443	3231
9444	5194
9444	482
9444	5493
9444	2529
9444	6933
9444	9889
9444	2297
9444	5257
9444	6798
9444	5769
9445	806
9445	9813
9445	1980
9445	7039
9445	3007
9445	9747
9445	8412
9445	8952
9445	3567
9445	8463
9446	8201
9446	6931
9446	4057
9446	7087
9446	2084
9446	4422
9446	4920
9446	6821
9446	8684
9446	7279
9447	734
9447	7847
9447	258
9447	4271
9447	5134
9447	4023
9447	6026
9447	8932
9447	9747
9447	4477
9448	7270
9448	3991
9448	7574
9448	9269
9448	2420
9448	452
9448	4137
9448	806
9448	4590
9448	5226
9449	3728
9449	3432
9449	3037
9449	9788
9449	4752
9449	3985
9449	2262
9449	3916
9449	3731
9449	3412
9450	5092
9450	8138
9450	398
9450	3008
9450	9567
9450	747
9450	2079
9450	4280
9450	6553
9450	1314
9451	4908
9451	5460
9451	6352
9451	3977
9451	3071
9451	3464
9451	865
9451	4417
9451	8759
9451	4668
9452	3623
9452	9485
9452	3842
9452	4954
9452	9576
9452	6624
9452	4553
9452	3397
9452	3164
9452	7972
9453	6940
9453	7325
9453	7881
9453	5311
9453	6293
9453	3070
9453	5815
9453	5108
9453	1388
9453	235
9454	758
9454	7364
9454	3462
9454	5621
9454	4339
9454	2982
9454	4580
9454	2251
9454	1202
9454	1142
9455	4331
9455	8552
9455	781
9455	9552
9455	5377
9455	2946
9455	4227
9455	8006
9455	2494
9455	9934
9456	8507
9456	3454
9456	8985
9456	3774
9456	1439
9456	8043
9456	8689
9456	5922
9456	3617
9456	974
9457	7291
9457	1937
9457	5716
9457	7061
9457	3760
9457	7561
9457	7023
9457	7267
9457	4030
9457	3016
9458	2383
9458	598
9458	1569
9458	5679
9458	6062
9458	7273
9458	4394
9458	7249
9458	295
9458	9330
9459	505
9459	4508
9459	6274
9459	8570
9459	5310
9459	9651
9459	5249
9459	3659
9459	735
9459	1058
9460	4663
9460	2029
9460	7680
9460	4831
9460	7413
9460	3353
9460	6543
9460	3115
9460	8352
9460	8218
9461	3567
9461	787
9461	1780
9461	96
9461	7346
9461	4330
9461	591
9461	6855
9461	1544
9461	2641
9462	7179
9462	787
9462	9444
9462	3456
9462	822
9462	5707
9462	6824
9462	177
9462	5717
9462	6260
9463	6844
9463	5553
9463	1266
9463	8495
9463	7635
9463	3621
9463	5776
9463	6700
9463	7815
9463	6836
9464	8093
9464	8027
9464	2068
9464	2138
9464	7978
9464	6650
9464	9293
9464	2227
9464	1851
9464	6332
9465	503
9465	8183
9465	1559
9465	2909
9465	8649
9465	3651
9465	4607
9465	3039
9465	3762
9465	8450
9466	8393
9466	5241
9466	1353
9466	8478
9466	8495
9466	8693
9466	317
9466	3173
9466	9120
9466	4871
9467	6825
9467	4025
9467	5307
9467	821
9467	6690
9467	8964
9467	2420
9467	6714
9467	767
9467	3119
9468	4418
9468	7078
9468	8979
9468	6583
9468	4414
9468	7663
9468	2696
9468	382
9468	9680
9468	6646
9469	496
9469	3489
9469	3357
9469	4232
9469	107
9469	2873
9469	1786
9469	3851
9469	5514
9469	4986
9470	8298
9470	4261
9470	809
9470	9183
9470	6016
9470	953
9470	311
9470	8343
9470	4318
9470	2488
9471	8849
9471	1395
9471	9360
9471	7669
9471	6421
9471	4309
9471	8156
9471	5671
9471	86
9471	7700
9472	6101
9472	3418
9472	4660
9472	2796
9472	2834
9472	8355
9472	4850
9472	8598
9472	6308
9472	2763
9473	4912
9473	5178
9473	4477
9473	88
9473	7872
9473	3594
9473	8494
9473	6706
9473	4464
9473	1104
9474	9180
9474	7698
9474	1162
9474	3207
9474	60
9474	8727
9474	6626
9474	7069
9474	7197
9474	6742
9475	9797
9475	957
9475	9073
9475	2594
9475	2021
9475	4346
9475	8868
9475	879
9475	6147
9475	4841
9476	5789
9476	2174
9476	564
9476	9615
9476	2673
9476	4892
9476	6311
9476	8930
9476	5802
9476	8817
9477	7008
9477	6274
9477	9534
9477	3940
9477	9910
9477	8899
9477	7958
9477	6895
9477	6394
9477	4062
9478	5994
9478	5837
9478	4842
9478	5582
9478	8399
9478	9158
9478	6223
9478	2900
9478	8618
9478	7410
9479	961
9479	9492
9479	4043
9479	1289
9479	1417
9479	4776
9479	6401
9479	8591
9479	8033
9479	9825
9480	8787
9480	5414
9480	6716
9480	8364
9480	2199
9480	9344
9480	9232
9480	1346
9480	3838
9480	2743
9481	8375
9481	90
9481	5456
9481	2027
9481	7735
9481	5861
9481	7587
9481	8620
9481	6416
9481	6798
9482	9415
9482	9945
9482	5101
9482	5711
9482	7175
9482	7131
9482	2839
9482	9303
9482	8611
9482	6446
9483	6075
9483	6411
9483	5708
9483	5370
9483	9582
9483	9854
9483	6059
9483	4201
9483	7417
9483	8891
9484	149
9484	2761
9484	8499
9484	3352
9484	8511
9484	899
9484	2570
9484	5578
9484	155
9484	9703
9485	2499
9485	235
9485	6056
9485	9379
9485	4573
9485	1382
9485	299
9485	7906
9485	8032
9485	2178
9486	4328
9486	4508
9486	2714
9486	1259
9486	4580
9486	5086
9486	6344
9486	9212
9486	5965
9486	8769
9487	1575
9487	2135
9487	7883
9487	7880
9487	9995
9487	5231
9487	8044
9487	1000
9487	7697
9487	2569
9488	7162
9488	5488
9488	6526
9488	3984
9488	5574
9488	2270
9488	5707
9488	2066
9488	2646
9488	8499
9489	3396
9489	1048
9489	9005
9489	8671
9489	6380
9489	9636
9489	2827
9489	408
9489	7493
9489	3148
9490	6492
9490	8094
9490	3695
9490	2943
9490	8291
9490	4872
9490	2623
9490	6592
9490	4580
9490	1109
9491	2834
9491	2505
9491	4793
9491	9093
9491	6767
9491	8276
9491	6101
9491	2969
9491	8659
9491	4896
9492	6765
9492	6725
9492	8576
9492	450
9492	7639
9492	4504
9492	2436
9492	3006
9492	4899
9492	6899
9493	3283
9493	258
9493	5161
9493	260
9493	5361
9493	3498
9493	1044
9493	318
9493	6641
9493	3288
9494	3644
9494	3440
9494	9496
9494	6796
9494	2769
9494	5114
9494	9
9494	178
9494	3934
9494	6414
9495	1932
9495	7248
9495	8521
9495	6879
9495	6585
9495	4377
9495	4267
9495	2057
9495	8219
9495	2807
9496	3231
9496	3575
9496	6682
9496	6065
9496	6736
9496	6929
9496	728
9496	9285
9496	7757
9496	3518
9497	2247
9497	8937
9497	8432
9497	8107
9497	4750
9497	7930
9497	4832
9497	2333
9497	2597
9497	4268
9498	4528
9498	949
9498	6300
9498	1995
9498	711
9498	5364
9498	2464
9498	5036
9498	9542
9498	3338
9499	5083
9499	3941
9499	6356
9499	3465
9499	4161
9499	7768
9499	7098
9499	1545
9499	9959
9499	8311
9500	9209
9500	7258
9500	3343
9500	5096
9500	9354
9500	4722
9500	7148
9500	6161
9500	2732
9500	6667
9501	8578
9501	5963
9501	4595
9501	5872
9501	6846
9501	8878
9501	6393
9501	7433
9501	1699
9501	6353
9502	6218
9502	1318
9502	3193
9502	1679
9502	5468
9502	248
9502	8620
9502	9452
9502	5694
9502	3795
9503	8652
9503	9428
9503	399
9503	1169
9503	5454
9503	4373
9503	2255
9503	1374
9503	9995
9503	269
9504	7330
9504	2739
9504	2133
9504	1054
9504	4209
9504	1936
9504	1646
9504	9747
9504	7629
9504	7801
9505	7956
9505	6108
9505	7284
9505	7398
9505	7235
9505	1123
9505	2109
9505	7092
9505	7636
9505	5282
9506	4632
9506	9835
9506	942
9506	232
9506	2938
9506	5675
9506	7892
9506	4469
9506	5656
9506	7604
9507	1009
9507	5045
9507	1755
9507	5994
9507	8890
9507	6269
9507	1703
9507	5852
9507	9844
9507	3602
9508	898
9508	801
9508	5992
9508	8671
9508	1934
9508	6658
9508	5293
9508	8197
9508	4547
9508	1331
9509	4919
9509	3230
9509	3443
9509	6283
9509	7405
9509	641
9509	1937
9509	647
9509	4267
9509	2606
9510	9385
9510	997
9510	4587
9510	101
9510	4248
9510	8467
9510	8051
9510	6336
9510	1348
9510	3806
9511	8263
9511	3833
9511	77
9511	8404
9511	8942
9511	3536
9511	6913
9511	3679
9511	2963
9511	2025
9512	3614
9512	7510
9512	2814
9512	6350
9512	4498
9512	9351
9512	7902
9512	3116
9512	7847
9512	3925
9513	6109
9513	3759
9513	8745
9513	2081
9513	3258
9513	7614
9513	4616
9513	1606
9513	6801
9513	758
9514	5318
9514	8492
9514	556
9514	4864
9514	4123
9514	1210
9514	778
9514	8855
9514	3219
9514	3398
9515	2059
9515	630
9515	2981
9515	726
9515	7707
9515	3371
9515	2397
9515	3010
9515	9746
9515	6231
9516	4680
9516	7403
9516	3135
9516	8563
9516	4942
9516	7459
9516	923
9516	3708
9516	9004
9516	2396
9517	7699
9517	3772
9517	5284
9517	7600
9517	8343
9517	2685
9517	9818
9517	1840
9517	2578
9517	8987
9518	1152
9518	1428
9518	5101
9518	8823
9518	8398
9518	2343
9518	6298
9518	7440
9518	8066
9518	4817
9519	9784
9519	6863
9519	1206
9519	939
9519	8117
9519	8983
9519	7886
9519	3950
9519	4644
9519	1265
9520	938
9520	7981
9520	5141
9520	2922
9520	7563
9520	8585
9520	72
9520	4025
9520	8117
9520	4737
9521	7690
9521	358
9521	4009
9521	7255
9521	1190
9521	7656
9521	8452
9521	8910
9521	5754
9521	4834
9522	2358
9522	8048
9522	5869
9522	1702
9522	9392
9522	6570
9522	2464
9522	9524
9522	6261
9522	213
9523	982
9523	7929
9523	7620
9523	5295
9523	8218
9523	4368
9523	5445
9523	5184
9523	7514
9523	6437
9524	1383
9524	8191
9524	6186
9524	8542
9524	3372
9524	9155
9524	7298
9524	5281
9524	5949
9524	9668
9525	1861
9525	214
9525	3370
9525	5293
9525	2736
9525	4466
9525	5091
9525	1137
9525	3989
9525	1740
9526	3953
9526	9698
9526	329
9526	1470
9526	1496
9526	6883
9526	5769
9526	5865
9526	3281
9526	8077
9527	9376
9527	2269
9527	8016
9527	5676
9527	1538
9527	2947
9527	8507
9527	4062
9527	7620
9527	8505
9528	257
9528	2738
9528	2690
9528	6292
9528	9972
9528	7996
9528	3504
9528	6861
9528	5788
9528	4458
9529	691
9529	5700
9529	9113
9529	5246
9529	6775
9529	9808
9529	597
9529	9231
9529	4549
9529	5932
9530	8919
9530	2597
9530	1975
9530	8765
9530	4645
9530	472
9530	7189
9530	6034
9530	4993
9530	4327
9531	7424
9531	4972
9531	6350
9531	2842
9531	9805
9531	1010
9531	7253
9531	5161
9531	5968
9531	5249
9532	5764
9532	1191
9532	2876
9532	9389
9532	8988
9532	3277
9532	3424
9532	2577
9532	7399
9532	9877
9533	199
9533	9470
9533	219
9533	6961
9533	8575
9533	8382
9533	5535
9533	4726
9533	8849
9533	4685
9534	3461
9534	3952
9534	771
9534	1299
9534	7338
9534	3441
9534	9300
9534	7582
9534	7908
9534	219
9535	4259
9535	7589
9535	8408
9535	1908
9535	8459
9535	2224
9535	9805
9535	9570
9535	9554
9535	190
9536	486
9536	8385
9536	3436
9536	9471
9536	4576
9536	2955
9536	6345
9536	120
9536	4329
9536	7442
9537	9970
9537	2794
9537	5891
9537	7917
9537	1864
9537	7143
9537	9194
9537	1437
9537	4679
9537	7615
9538	4822
9538	5804
9538	7556
9538	1090
9538	414
9538	8565
9538	1669
9538	2457
9538	657
9538	7282
9539	7015
9539	3807
9539	6345
9539	146
9539	3784
9539	12
9539	5354
9539	5502
9539	8720
9539	1592
9540	3276
9540	4538
9540	3608
9540	3211
9540	7365
9540	5987
9540	9381
9540	3634
9540	6942
9540	9089
9541	2254
9541	8699
9541	6632
9541	800
9541	5062
9541	9592
9541	4998
9541	353
9541	6149
9541	1746
9542	7214
9542	1800
9542	1108
9542	7800
9542	4417
9542	8214
9542	1868
9542	1087
9542	8671
9542	7184
9543	1254
9543	6421
9543	994
9543	2344
9543	3680
9543	6063
9543	9889
9543	4043
9543	1506
9543	9933
9544	6573
9544	8938
9544	6115
9544	6777
9544	7718
9544	3998
9544	3088
9544	6619
9544	4101
9544	2522
9545	7040
9545	5465
9545	1139
9545	1888
9545	3954
9545	9601
9545	6141
9545	4025
9545	8757
9545	4855
9546	5501
9546	9210
9546	975
9546	1472
9546	7203
9546	7580
9546	1179
9546	6099
9546	1028
9546	47
9547	9664
9547	5305
9547	5346
9547	5636
9547	6563
9547	8936
9547	642
9547	8239
9547	5125
9547	4600
9548	9556
9548	9292
9548	7136
9548	6818
9548	7867
9548	1540
9548	6862
9548	4740
9548	7868
9548	7081
9549	3923
9549	5368
9549	2317
9549	160
9549	7642
9549	9615
9549	1044
9549	2768
9549	1649
9549	100
9550	9701
9550	1538
9550	7996
9550	9400
9550	8570
9550	3850
9550	4892
9550	1453
9550	231
9550	8097
9551	7915
9551	4393
9551	4267
9551	2542
9551	2129
9551	8654
9551	6164
9551	8811
9551	4573
9551	2065
9552	1334
9552	1691
9552	3950
9552	1038
9552	6984
9552	1160
9552	2834
9552	4996
9552	3592
9552	8064
9553	2600
9553	3174
9553	920
9553	9851
9553	5281
9553	8160
9553	7027
9553	2720
9553	8538
9553	3290
9554	321
9554	5004
9554	8647
9554	8869
9554	2727
9554	7820
9554	2320
9554	2366
9554	8236
9554	3166
9555	3023
9555	1553
9555	7719
9555	1185
9555	6839
9555	8216
9555	3479
9555	7339
9555	6067
9555	505
9556	3788
9556	1369
9556	9790
9556	719
9556	4880
9556	4825
9556	729
9556	4856
9556	353
9556	1662
9557	2858
9557	8890
9557	8435
9557	3122
9557	7812
9557	4714
9557	458
9557	9190
9557	7489
9557	2772
9558	9913
9558	9434
9558	2670
9558	1382
9558	4086
9558	6054
9558	7693
9558	3295
9558	6613
9558	2429
9559	4226
9559	725
9559	9684
9559	9413
9559	5324
9559	4589
9559	8631
9559	322
9559	8510
9559	9646
9560	3628
9560	1464
9560	7702
9560	9556
9560	6337
9560	8329
9560	9496
9560	3133
9560	5977
9560	9002
9561	2233
9561	2028
9561	4333
9561	1334
9561	5501
9561	9064
9561	969
9561	2942
9561	6303
9561	9999
9562	285
9562	5339
9562	6558
9562	21
9562	1020
9562	3660
9562	5388
9562	7707
9562	2344
9562	3460
9563	3110
9563	6819
9563	3891
9563	7400
9563	2863
9563	5122
9563	2215
9563	5935
9563	1686
9563	483
9564	7148
9564	3742
9564	9068
9564	886
9564	4338
9564	1228
9564	5645
9564	629
9564	4463
9564	8692
9565	8326
9565	3873
9565	4621
9565	2410
9565	9644
9565	980
9565	8732
9565	2133
9565	379
9565	6819
9566	4261
9566	6222
9566	8196
9566	8211
9566	2513
9566	1672
9566	2998
9566	1663
9566	5053
9566	5735
9567	691
9567	61
9567	3962
9567	2128
9567	8182
9567	3356
9567	4485
9567	238
9567	8827
9567	7988
9568	8884
9568	3697
9568	706
9568	1452
9568	5708
9568	3936
9568	3986
9568	194
9568	6847
9568	3917
9569	3998
9569	4806
9569	9927
9569	5560
9569	9931
9569	3700
9569	5699
9569	3974
9569	9542
9569	435
9570	5550
9570	6235
9570	9460
9570	413
9570	773
9570	191
9570	3975
9570	9218
9570	8438
9570	6217
9571	3659
9571	7681
9571	4974
9571	8407
9571	7262
9571	371
9571	3714
9571	9306
9571	4437
9571	2170
9572	480
9572	5040
9572	8468
9572	4909
9572	3475
9572	107
9572	3646
9572	4159
9572	8187
9572	1177
9573	85
9573	7697
9573	8630
9573	4735
9573	4971
9573	1605
9573	3191
9573	6753
9573	9936
9573	837
9574	1346
9574	546
9574	9250
9574	5393
9574	4530
9574	6537
9574	9731
9574	3321
9574	2368
9574	8947
9575	5309
9575	5745
9575	5348
9575	629
9575	3469
9575	4198
9575	105
9575	4756
9575	5871
9575	5542
9576	2123
9576	7787
9576	3583
9576	4488
9576	4122
9576	3571
9576	8865
9576	5643
9576	6899
9576	987
9577	4652
9577	7351
9577	8532
9577	1125
9577	2768
9577	2258
9577	2467
9577	9960
9577	5067
9577	8110
9578	4731
9578	9408
9578	6605
9578	2965
9578	7723
9578	9020
9578	7957
9578	7187
9578	6234
9578	2677
9579	4749
9579	1190
9579	8021
9579	823
9579	4006
9579	7472
9579	9681
9579	2540
9579	7480
9579	4868
9580	2087
9580	3141
9580	4298
9580	9640
9580	2328
9580	4709
9580	7479
9580	1556
9580	7413
9580	9961
9581	5252
9581	5843
9581	3761
9581	8895
9581	481
9581	1439
9581	2598
9581	3020
9581	9202
9581	3734
9582	7503
9582	328
9582	1853
9582	5573
9582	6044
9582	9268
9582	376
9582	825
9582	5303
9582	6839
9583	9353
9583	7340
9583	777
9583	8904
9583	7858
9583	509
9583	3280
9583	6687
9583	5002
9583	1937
9584	9236
9584	5717
9584	2045
9584	9312
9584	7444
9584	3427
9584	3916
9584	1104
9584	3925
9584	4777
9585	7925
9585	8992
9585	4122
9585	4630
9585	747
9585	503
9585	7676
9585	8031
9585	1124
9585	5551
9586	7950
9586	1406
9586	9181
9586	3310
9586	351
9586	4878
9586	3560
9586	4542
9586	1105
9586	7633
9587	5503
9587	6701
9587	6595
9587	4775
9587	4339
9587	8379
9587	9749
9587	4695
9587	6381
9587	6243
9588	7197
9588	7136
9588	514
9588	2195
9588	2284
9588	19
9588	509
9588	8408
9588	8101
9588	4845
9589	5463
9589	1457
9589	8474
9589	8569
9589	6282
9589	5548
9589	7486
9589	5125
9589	5943
9589	9745
9590	1807
9590	7474
9590	349
9590	6047
9590	2517
9590	8857
9590	3347
9590	3184
9590	3856
9590	4985
9591	6823
9591	8136
9591	8869
9591	4975
9591	9587
9591	901
9591	9282
9591	4329
9591	4102
9591	5461
9592	3450
9592	1215
9592	9175
9592	4617
9592	7345
9592	7840
9592	4072
9592	8599
9592	6001
9592	6430
9593	236
9593	3189
9593	2144
9593	8721
9593	9660
9593	6110
9593	9054
9593	1803
9593	7604
9593	6337
9594	9398
9594	4710
9594	4580
9594	2700
9594	6536
9594	7190
9594	949
9594	5471
9594	8473
9594	5618
9595	497
9595	4209
9595	1778
9595	1751
9595	914
9595	1069
9595	5423
9595	1323
9595	9787
9595	314
9596	9559
9596	9933
9596	3565
9596	2213
9596	79
9596	3394
9596	7820
9596	3783
9596	286
9596	3869
9597	5442
9597	5871
9597	1980
9597	8613
9597	4588
9597	2755
9597	5940
9597	3682
9597	7596
9597	1259
9598	7214
9598	355
9598	3967
9598	4892
9598	5036
9598	1626
9598	7856
9598	4377
9598	119
9598	6910
9599	6335
9599	6994
9599	8796
9599	6486
9599	6948
9599	495
9599	813
9599	5229
9599	2152
9599	994
9600	7847
9600	1669
9600	7999
9600	4251
9600	8202
9600	9830
9600	4943
9600	559
9600	2154
9600	1044
9601	8553
9601	807
9601	5855
9601	2281
9601	2617
9601	3818
9601	6190
9601	5886
9601	2690
9601	5043
9602	6195
9602	2653
9602	4714
9602	7546
9602	437
9602	8298
9602	9239
9602	4594
9602	5719
9602	2693
9603	5516
9603	411
9603	934
9603	6253
9603	4508
9603	956
9603	2329
9603	9600
9603	2158
9603	7607
9604	2250
9604	2571
9604	5227
9604	5212
9604	7720
9604	2037
9604	9724
9604	1020
9604	4604
9604	9435
9605	6210
9605	3047
9605	150
9605	9090
9605	9630
9605	9597
9605	3882
9605	5777
9605	7872
9605	4554
9606	5173
9606	280
9606	2200
9606	5262
9606	6158
9606	5963
9606	4533
9606	1166
9606	7961
9606	9555
9607	6273
9607	7168
9607	4788
9607	5712
9607	1343
9607	3676
9607	7417
9607	469
9607	758
9607	4198
9608	5225
9608	44
9608	438
9608	8912
9608	9375
9608	8833
9608	5267
9608	1417
9608	9945
9608	5899
9609	5328
9609	8319
9609	9635
9609	2648
9609	9462
9609	5791
9609	8507
9609	3334
9609	4632
9609	6961
9610	4306
9610	3507
9610	7897
9610	279
9610	7221
9610	5526
9610	1628
9610	596
9610	1941
9610	6234
9611	7740
9611	8091
9611	3904
9611	1099
9611	6322
9611	153
9611	9634
9611	3481
9611	4712
9611	4852
9612	8078
9612	7470
9612	4042
9612	4696
9612	1361
9612	8225
9612	2407
9612	3501
9612	983
9612	4451
9613	7181
9613	5578
9613	221
9613	8906
9613	8329
9613	7517
9613	4299
9613	2277
9613	8576
9613	1494
9614	2610
9614	9370
9614	6858
9614	4051
9614	5580
9614	5020
9614	1447
9614	8535
9614	2085
9614	4851
9615	3366
9615	3218
9615	5511
9615	2271
9615	2020
9615	304
9615	2091
9615	4263
9615	1083
9615	8689
9616	1841
9616	8318
9616	5668
9616	9027
9616	8020
9616	4368
9616	912
9616	8269
9616	7670
9616	8538
9617	5756
9617	6926
9617	9716
9617	3263
9617	1455
9617	513
9617	7599
9617	9151
9617	3746
9617	8260
9618	8958
9618	2258
9618	1757
9618	4421
9618	9415
9618	3481
9618	6002
9618	2142
9618	9540
9618	4563
9619	8744
9619	1060
9619	8725
9619	6047
9619	5201
9619	4441
9619	2886
9619	8989
9619	4315
9619	5755
9620	1520
9620	4521
9620	9655
9620	4919
9620	4581
9620	7799
9620	9418
9620	7760
9620	453
9620	6149
9621	2027
9621	2825
9621	3003
9621	983
9621	9516
9621	4420
9621	3544
9621	6883
9621	1268
9621	1119
9622	437
9622	7885
9622	7065
9622	1072
9622	9939
9622	2030
9622	9676
9622	9119
9622	6740
9622	6170
9623	2310
9623	2827
9623	8229
9623	6208
9623	9377
9623	2286
9623	2663
9623	4628
9623	3821
9623	4836
9624	8505
9624	4077
9624	4496
9624	9036
9624	4120
9624	9449
9624	5961
9624	1638
9624	7211
9624	8493
9625	8662
9625	1586
9625	4506
9625	4938
9625	6923
9625	3824
9625	9521
9625	8335
9625	6636
9625	3474
9626	9337
9626	9608
9626	1376
9626	1975
9626	6020
9626	9151
9626	6267
9626	5330
9626	3260
9626	7760
9627	2032
9627	8795
9627	1168
9627	8772
9627	6555
9627	3205
9627	14
9627	8236
9627	6346
9627	5689
9628	1149
9628	7410
9628	137
9628	8331
9628	6029
9628	8093
9628	1498
9628	2424
9628	9116
9628	1875
9629	2706
9629	6301
9629	8813
9629	456
9629	4637
9629	3801
9629	1546
9629	1996
9629	692
9629	6566
9630	4508
9630	3110
9630	8913
9630	1093
9630	3
9630	9587
9630	2149
9630	5244
9630	8008
9630	8354
9631	3511
9631	6024
9631	2304
9631	510
9631	5507
9631	1763
9631	1794
9631	6581
9631	1191
9631	4827
9632	9569
9632	2223
9632	914
9632	4359
9632	2554
9632	2117
9632	5166
9632	5965
9632	6648
9632	9317
9633	827
9633	9903
9633	8653
9633	6114
9633	545
9633	1811
9633	1054
9633	9370
9633	7830
9633	9993
9634	141
9634	3464
9634	1659
9634	637
9634	3585
9634	1623
9634	7324
9634	7820
9634	3445
9634	9168
9635	5973
9635	6692
9635	6127
9635	4899
9635	1443
9635	8334
9635	2028
9635	3654
9635	8534
9635	1914
9636	4325
9636	7156
9636	2454
9636	8536
9636	6101
9636	2765
9636	2119
9636	6855
9636	6241
9636	5216
9637	3384
9637	276
9637	6044
9637	4281
9637	5570
9637	1470
9637	3280
9637	878
9637	8658
9637	8290
9638	6402
9638	3667
9638	9195
9638	1208
9638	2625
9638	7975
9638	4135
9638	4604
9638	7380
9638	6849
9639	1843
9639	5265
9639	9256
9639	45
9639	9901
9639	7337
9639	1434
9639	6495
9639	9426
9639	398
9640	153
9640	7016
9640	2321
9640	6119
9640	5356
9640	7400
9640	4615
9640	9686
9640	5509
9640	327
9641	2839
9641	4372
9641	4736
9641	8795
9641	5972
9641	8729
9641	1810
9641	2927
9641	6310
9641	793
9642	1387
9642	6699
9642	4298
9642	9909
9642	7184
9642	5866
9642	7797
9642	4457
9642	4002
9642	9577
9643	117
9643	1847
9643	5653
9643	5910
9643	2414
9643	802
9643	8991
9643	9724
9643	7626
9643	1494
9644	1323
9644	1061
9644	8696
9644	1104
9644	2886
9644	5386
9644	3282
9644	1162
9644	2518
9644	2273
9645	6677
9645	3395
9645	8127
9645	4309
9645	7371
9645	5037
9645	3030
9645	7443
9645	2254
9645	9472
9646	4485
9646	6151
9646	3860
9646	1396
9646	5171
9646	6866
9646	6340
9646	191
9646	6366
9646	9574
9647	2746
9647	1407
9647	8538
9647	8966
9647	9604
9647	3046
9647	7247
9647	9976
9647	3502
9647	9417
9648	8091
9648	3763
9648	2686
9648	4084
9648	2159
9648	8189
9648	8968
9648	9219
9648	1242
9648	8096
9649	9440
9649	7889
9649	9454
9649	3172
9649	7533
9649	803
9649	806
9649	341
9649	1894
9649	1411
9650	7215
9650	7869
9650	719
9650	3439
9650	4536
9650	5998
9650	6955
9650	4833
9650	7360
9650	6578
9651	1164
9651	1839
9651	1190
9651	3954
9651	3322
9651	7353
9651	4354
9651	4889
9651	9612
9651	3037
9652	6074
9652	8469
9652	2068
9652	2634
9652	4203
9652	9911
9652	2232
9652	8102
9652	550
9652	8226
9653	6634
9653	3773
9653	3873
9653	2588
9653	313
9653	527
9653	3785
9653	8549
9653	6509
9653	8686
9654	9022
9654	9602
9654	1791
9654	5215
9654	6276
9654	607
9654	9258
9654	5508
9654	3100
9654	733
9655	2094
9655	2478
9655	2756
9655	4371
9655	3864
9655	814
9655	8109
9655	6984
9655	1862
9655	8935
9656	2744
9656	8130
9656	6645
9656	6318
9656	4317
9656	2723
9656	7049
9656	7848
9656	4684
9656	227
9657	2258
9657	9068
9657	6281
9657	2737
9657	903
9657	8441
9657	122
9657	4291
9657	7085
9657	846
9658	8504
9658	6843
9658	3555
9658	1567
9658	575
9658	1971
9658	1457
9658	2942
9658	2671
9658	9604
9659	4428
9659	5794
9659	598
9659	2505
9659	3679
9659	4344
9659	4599
9659	2773
9659	367
9659	2182
9660	3205
9660	1234
9660	7840
9660	7689
9660	6816
9660	6815
9660	4619
9660	6363
9660	6339
9660	9426
9661	6410
9661	3019
9661	6030
9661	6009
9661	6266
9661	9786
9661	7478
9661	6422
9661	9122
9661	5282
9662	6752
9662	2226
9662	7532
9662	6793
9662	5450
9662	3424
9662	4335
9662	5910
9662	8856
9662	4685
9663	514
9663	5926
9663	5248
9663	9628
9663	4415
9663	79
9663	2638
9663	7620
9663	8557
9663	1333
9664	5968
9664	3483
9664	2139
9664	2837
9664	6174
9664	2018
9664	2466
9664	9803
9664	5939
9664	9689
9665	3972
9665	3978
9665	7041
9665	3117
9665	7623
9665	5137
9665	6721
9665	7275
9665	8462
9665	5468
9666	2232
9666	2152
9666	5977
9666	6119
9666	3449
9666	5674
9666	4805
9666	4410
9666	6599
9666	4375
9667	3128
9667	3256
9667	2778
9667	1762
9667	7619
9667	7391
9667	7269
9667	7891
9667	3581
9667	9117
9668	2649
9668	1876
9668	8364
9668	1911
9668	5394
9668	4312
9668	447
9668	7725
9668	7397
9668	9862
9669	6848
9669	9996
9669	7624
9669	4842
9669	4530
9669	5516
9669	8010
9669	2330
9669	7342
9669	8344
9670	8907
9670	9015
9670	2490
9670	8196
9670	2502
9670	2323
9670	1444
9670	8751
9670	2577
9670	5803
9671	71
9671	4540
9671	7724
9671	7592
9671	7352
9671	9574
9671	6876
9671	2883
9671	7550
9671	6448
9672	1047
9672	8386
9672	444
9672	1495
9672	7445
9672	679
9672	6295
9672	6410
9672	7340
9672	2289
9673	8219
9673	3120
9673	3340
9673	3017
9673	6004
9673	123
9673	1965
9673	4464
9673	5942
9673	7857
9674	7652
9674	2570
9674	7561
9674	2595
9674	8807
9674	9862
9674	1907
9674	2851
9674	9082
9674	1150
9675	4982
9675	7449
9675	7270
9675	6750
9675	9053
9675	4435
9675	8537
9675	3406
9675	600
9675	3579
9676	5486
9676	8618
9676	3604
9676	9136
9676	5540
9676	1670
9676	987
9676	6365
9676	1600
9676	6643
9677	4505
9677	8891
9677	5353
9677	9889
9677	7888
9677	868
9677	5782
9677	3380
9677	222
9677	4554
9678	5927
9678	997
9678	6620
9678	959
9678	4013
9678	4396
9678	4178
9678	4151
9678	898
9678	5856
9679	3116
9679	1327
9679	8433
9679	5745
9679	841
9679	6440
9679	4605
9679	1186
9679	1833
9679	1433
9680	2914
9680	3355
9680	7584
9680	8729
9680	2918
9680	425
9680	5759
9680	5774
9680	6846
9680	7426
9681	7456
9681	4986
9681	4011
9681	2725
9681	9901
9681	5877
9681	6784
9681	5278
9681	9507
9681	4008
9682	4555
9682	2754
9682	6094
9682	8411
9682	3384
9682	3787
9682	1597
9682	6781
9682	9840
9682	3895
9683	837
9683	4603
9683	1999
9683	9492
9683	4984
9683	1442
9683	4623
9683	7448
9683	8602
9683	3939
9684	7718
9684	3740
9684	5576
9684	2385
9684	5560
9684	2870
9684	8200
9684	3869
9684	3826
9684	5392
9685	4255
9685	6998
9685	7204
9685	8248
9685	6267
9685	7351
9685	9124
9685	3436
9685	448
9685	465
9686	3128
9686	9844
9686	8188
9686	6273
9686	2409
9686	6313
9686	8658
9686	6624
9686	4611
9686	4636
9687	3468
9687	7597
9687	800
9687	5584
9687	1252
9687	9495
9687	6262
9687	2635
9687	1485
9687	6169
9688	1296
9688	9414
9688	8784
9688	114
9688	2308
9688	4108
9688	5814
9688	5808
9688	2819
9688	8294
9689	2877
9689	9828
9689	5539
9689	1229
9689	7245
9689	883
9689	6090
9689	869
9689	448
9689	8617
9690	2221
9690	3543
9690	5188
9690	7732
9690	2886
9690	2135
9690	1001
9690	1656
9690	3021
9690	7941
9691	4716
9691	7296
9691	2940
9691	1165
9691	5456
9691	1335
9691	2412
9691	1457
9691	2957
9691	4057
9692	9447
9692	970
9692	6740
9692	1987
9692	6795
9692	6939
9692	3419
9692	3511
9692	2550
9692	8421
9693	9933
9693	103
9693	2187
9693	4266
9693	5947
9693	7728
9693	2711
9693	2859
9693	1355
9693	7517
9694	9489
9694	2425
9694	559
9694	2162
9694	8558
9694	3645
9694	6818
9694	3325
9694	5765
9694	9947
9695	898
9695	8141
9695	5940
9695	5308
9695	5063
9695	1846
9695	3249
9695	6915
9695	1662
9695	6936
9696	2669
9696	9628
9696	2671
9696	2201
9696	5624
9696	6163
9696	4427
9696	1515
9696	3844
9696	2839
9697	4256
9697	5617
9697	4458
9697	8133
9697	1082
9697	3762
9697	7271
9697	9507
9697	3740
9697	3564
9698	3178
9698	1410
9698	2867
9698	5513
9698	3431
9698	5942
9698	1451
9698	1330
9698	1763
9698	9328
9699	1683
9699	5287
9699	1836
9699	1465
9699	2210
9699	3977
9699	4877
9699	5929
9699	4552
9699	3637
9700	4203
9700	4014
9700	6345
9700	3236
9700	3023
9700	6201
9700	2379
9700	5822
9700	6616
9700	194
9701	5625
9701	1865
9701	7596
9701	4394
9701	5413
9701	1548
9701	1363
9701	1778
9701	9030
9701	2725
9702	4716
9702	7475
9702	300
9702	5705
9702	3648
9702	3752
9702	1702
9702	6560
9702	5374
9702	4320
9703	6422
9703	4917
9703	6120
9703	4836
9703	5290
9703	4219
9703	1880
9703	122
9703	9346
9703	9219
9704	8518
9704	4797
9704	411
9704	5262
9704	222
9704	5440
9704	7892
9704	4892
9704	5260
9704	4061
9705	4181
9705	8181
9705	9999
9705	4606
9705	5938
9705	8189
9705	4152
9705	36
9705	8846
9705	6007
9706	1436
9706	631
9706	2209
9706	9467
9706	3456
9706	7292
9706	9017
9706	4634
9706	4115
9706	7059
9707	125
9707	1237
9707	8862
9707	7408
9707	8337
9707	4496
9707	1006
9707	1328
9707	2446
9707	1543
9708	890
9708	1589
9708	9124
9708	8631
9708	4493
9708	997
9708	2144
9708	3698
9708	6866
9708	4569
9709	7861
9709	7705
9709	6354
9709	3326
9709	3329
9709	2680
9709	638
9709	839
9709	9973
9709	2315
9710	8334
9710	5142
9710	4657
9710	9951
9710	1323
9710	8883
9710	1670
9710	6273
9710	4319
9710	4939
9711	5012
9711	1520
9711	1887
9711	7654
9711	529
9711	8835
9711	5280
9711	4902
9711	406
9711	7068
9712	3572
9712	8268
9712	5775
9712	5953
9712	1536
9712	7018
9712	5327
9712	2347
9712	5305
9712	4592
9713	3052
9713	8209
9713	1934
9713	966
9713	1456
9713	3650
9713	8347
9713	7079
9713	9684
9713	3275
9714	7226
9714	3836
9714	1471
9714	489
9714	9568
9714	3694
9714	7208
9714	1786
9714	5163
9714	6183
9715	5197
9715	8651
9715	9705
9715	4751
9715	1330
9715	8557
9715	9932
9715	4561
9715	1629
9715	8440
9716	5488
9716	4568
9716	9548
9716	5608
9716	3974
9716	6937
9716	7374
9716	9921
9716	7065
9716	3215
9717	2318
9717	3379
9717	8017
9717	9402
9717	3998
9717	3621
9717	3515
9717	5752
9717	4305
9717	6494
9718	5862
9718	1088
9718	7491
9718	7015
9718	6451
9718	6422
9718	2532
9718	8301
9718	5299
9718	8982
9719	9487
9719	1194
9719	3851
9719	4972
9719	6407
9719	4963
9719	1604
9719	8197
9719	9181
9719	6772
9720	9317
9720	5505
9720	2569
9720	8131
9720	8932
9720	8106
9720	9784
9720	8420
9720	6039
9720	794
9721	9931
9721	4514
9721	7952
9721	415
9721	7875
9721	2793
9721	1153
9721	9850
9721	9722
9721	7422
9722	4496
9722	5525
9722	7476
9722	9830
9722	1088
9722	8333
9722	7008
9722	8279
9722	8806
9722	6745
9723	3816
9723	7869
9723	9043
9723	9035
9723	1117
9723	9992
9723	8020
9723	937
9723	2537
9723	9984
9724	192
9724	5160
9724	1265
9724	2458
9724	9535
9724	9747
9724	560
9724	8753
9724	2611
9724	9165
9725	2162
9725	5673
9725	9614
9725	6159
9725	9428
9725	6485
9725	4458
9725	4340
9725	1037
9725	2363
9726	2002
9726	7758
9726	2109
9726	82
9726	5090
9726	2178
9726	4719
9726	6057
9726	4069
9726	3189
9727	2367
9727	882
9727	1926
9727	3820
9727	5827
9727	1325
9727	4324
9727	4515
9727	4345
9727	2946
9728	7323
9728	8224
9728	82
9728	8953
9728	2492
9728	1775
9728	8621
9728	7592
9728	9609
9728	2294
9729	5106
9729	545
9729	5115
9729	5212
9729	447
9729	8427
9729	206
9729	5752
9729	2610
9729	2942
9730	7542
9730	8611
9730	4170
9730	3711
9730	9205
9730	4145
9730	3936
9730	4360
9730	2510
9730	135
9731	6376
9731	9575
9731	7889
9731	8408
9731	4288
9731	674
9731	1182
9731	7761
9731	4197
9731	632
9732	9696
9732	4412
9732	443
9732	3282
9732	4585
9732	2740
9732	5933
9732	8186
9732	3452
9732	7905
9733	5900
9733	3468
9733	8201
9733	1160
9733	8621
9733	4210
9733	5978
9733	9935
9733	5581
9733	2836
9734	1425
9734	3951
9734	4155
9734	3723
9734	6739
9734	751
9734	6997
9734	66
9734	2858
9734	7527
9735	4885
9735	8061
9735	6162
9735	3753
9735	4422
9735	6490
9735	1683
9735	3965
9735	9722
9735	1912
9736	1910
9736	2669
9736	8292
9736	5184
9736	7361
9736	867
9736	7246
9736	6845
9736	9876
9736	3537
9737	9533
9737	3550
9737	4212
9737	7643
9737	4417
9737	1591
9737	8610
9737	6723
9737	6473
9737	6921
9738	822
9738	3896
9738	5282
9738	1473
9738	6925
9738	7723
9738	5006
9738	8009
9738	6942
9738	1800
9739	6761
9739	1673
9739	5426
9739	6085
9739	1281
9739	8356
9739	8550
9739	5411
9739	1568
9739	5167
9740	1878
9740	7998
9740	3079
9740	2860
9740	3245
9740	737
9740	5581
9740	454
9740	2688
9740	4836
9741	3003
9741	1117
9741	2983
9741	1302
9741	6489
9741	6140
9741	4265
9741	4079
9741	3046
9741	9401
9742	8891
9742	1374
9742	4518
9742	7880
9742	6593
9742	2779
9742	7016
9742	9619
9742	430
9742	7397
9743	9194
9743	3020
9743	669
9743	2704
9743	5676
9743	4461
9743	5817
9743	9362
9743	6748
9743	1315
9744	1483
9744	2849
9744	4903
9744	9409
9744	9513
9744	7675
9744	9001
9744	1354
9744	6736
9744	6451
9745	8410
9745	7412
9745	1491
9745	2014
9745	8664
9745	9602
9745	8822
9745	3554
9745	2127
9745	989
9746	477
9746	1414
9746	8953
9746	420
9746	3253
9746	9300
9746	1205
9746	7609
9746	3243
9746	5825
9747	1643
9747	7529
9747	3884
9747	6517
9747	1065
9747	7103
9747	8315
9747	716
9747	3647
9747	814
9748	9128
9748	7767
9748	9048
9748	8308
9748	4452
9748	1397
9748	4155
9748	1530
9748	7870
9748	7790
9749	7426
9749	683
9749	6315
9749	7962
9749	7092
9749	8410
9749	2736
9749	5491
9749	7152
9749	9815
9750	3982
9750	8735
9750	3637
9750	6798
9750	6794
9750	5492
9750	121
9750	5765
9750	2472
9750	5036
9751	4193
9751	6256
9751	760
9751	3582
9751	3322
9751	3418
9751	6653
9751	3394
9751	2472
9751	7593
9752	2439
9752	982
9752	9551
9752	8616
9752	9373
9752	3334
9752	3627
9752	7325
9752	1023
9752	8445
9753	1425
9753	3522
9753	4750
9753	6915
9753	2032
9753	6428
9753	2787
9753	419
9753	2829
9753	7135
9754	2947
9754	8453
9754	1921
9754	23
9754	8113
9754	462
9754	3779
9754	7499
9754	4033
9754	355
9755	4476
9755	4064
9755	2452
9755	5303
9755	5607
9755	9342
9755	1582
9755	9388
9755	1060
9755	1834
9756	9725
9756	592
9756	251
9756	5104
9756	4909
9756	8525
9756	2473
9756	6641
9756	2055
9756	2650
9757	5656
9757	4626
9757	6965
9757	3715
9757	1723
9757	1290
9757	3407
9757	8567
9757	9171
9757	6711
9758	5379
9758	8376
9758	9552
9758	3938
9758	6168
9758	2800
9758	9036
9758	5564
9758	8477
9758	8399
9759	9851
9759	8565
9759	4244
9759	4735
9759	5938
9759	147
9759	2097
9759	359
9759	1600
9759	4492
9760	5716
9760	3497
9760	743
9760	8618
9760	7189
9760	7112
9760	5054
9760	9180
9760	5244
9760	120
9761	5612
9761	3339
9761	6193
9761	4681
9761	9013
9761	7503
9761	2003
9761	223
9761	5129
9761	2204
9762	2491
9762	4108
9762	5257
9762	8068
9762	8570
9762	5797
9762	7104
9762	4301
9762	3232
9762	4825
9763	995
9763	2183
9763	4993
9763	8959
9763	6907
9763	4405
9763	1925
9763	3810
9763	8440
9763	143
9764	2882
9764	4516
9764	841
9764	1750
9764	357
9764	6055
9764	9069
9764	3942
9764	4430
9764	7335
9765	1130
9765	7997
9765	1906
9765	4901
9765	6662
9765	5757
9765	3135
9765	3913
9765	7237
9765	8455
9766	6670
9766	5655
9766	3360
9766	5398
9766	4257
9766	2077
9766	1059
9766	4014
9766	9907
9766	5324
9767	6068
9767	4190
9767	4726
9767	7228
9767	740
9767	6741
9767	9273
9767	1641
9767	9291
9767	9334
9768	509
9768	1605
9768	426
9768	5574
9768	8480
9768	296
9768	7719
9768	676
9768	5025
9768	3189
9769	5974
9769	4704
9769	5584
9769	8256
9769	208
9769	8636
9769	6763
9769	1639
9769	1658
9769	4057
9770	4398
9770	6720
9770	201
9770	4839
9770	7661
9770	8554
9770	3791
9770	3644
9770	7823
9770	7518
9771	6791
9771	1444
9771	3340
9771	9551
9771	570
9771	5885
9771	8216
9771	2194
9771	4750
9771	6240
9772	3854
9772	841
9772	1874
9772	859
9772	3202
9772	3696
9772	9844
9772	5061
9772	87
9772	4113
9773	2980
9773	8288
9773	9250
9773	3060
9773	1751
9773	8612
9773	5156
9773	7017
9773	2289
9773	9235
9774	9595
9774	9488
9774	8443
9774	8806
9774	3550
9774	7592
9774	1534
9774	988
9774	5599
9774	2210
9775	5022
9775	8293
9775	3443
9775	984
9775	8551
9775	1885
9775	5607
9775	7086
9775	2843
9775	5560
9776	8592
9776	2810
9776	8501
9776	5294
9776	1490
9776	1769
9776	8495
9776	8587
9776	3593
9776	9402
9777	6908
9777	5626
9777	5189
9777	1491
9777	9739
9777	4506
9777	6282
9777	6725
9777	9928
9777	8921
9778	5858
9778	4075
9778	4235
9778	6365
9778	40
9778	4343
9778	4385
9778	2909
9778	2400
9778	1122
9779	2742
9779	6721
9779	6554
9779	7500
9779	3566
9779	7202
9779	6695
9779	4195
9779	4969
9779	1268
9780	4932
9780	6603
9780	8125
9780	2872
9780	438
9780	8033
9780	8106
9780	5514
9780	6878
9780	3662
9781	2827
9781	7686
9781	9593
9781	9713
9781	6569
9781	1238
9781	7848
9781	900
9781	3698
9781	7052
9782	5862
9782	1121
9782	331
9782	5654
9782	11
9782	5249
9782	2146
9782	1669
9782	2547
9782	5620
9783	2463
9783	4453
9783	457
9783	2904
9783	2731
9783	3405
9783	3639
9783	8974
9783	662
9783	5236
9784	7032
9784	161
9784	3074
9784	981
9784	6988
9784	3658
9784	8779
9784	7332
9784	550
9784	7287
9785	8188
9785	178
9785	1006
9785	4735
9785	2873
9785	3930
9785	4817
9785	6562
9785	9699
9785	6956
9786	1445
9786	4552
9786	6428
9786	5270
9786	2218
9786	2636
9786	5489
9786	6193
9786	5094
9786	7710
9787	234
9787	1870
9787	672
9787	854
9787	7261
9787	2843
9787	1200
9787	2245
9787	5994
9787	34
9788	9663
9788	2279
9788	3471
9788	9471
9788	4214
9788	9385
9788	3202
9788	3422
9788	4147
9788	8410
9789	2242
9789	9128
9789	6736
9789	1239
9789	324
9789	1309
9789	5916
9789	8553
9789	2593
9789	5606
9790	1543
9790	7690
9790	996
9790	9532
9790	7479
9790	8293
9790	5787
9790	3483
9790	1280
9790	4866
9791	6495
9791	1382
9791	5998
9791	2386
9791	4698
9791	6810
9791	4042
9791	8005
9791	7065
9791	722
9792	2261
9792	16
9792	1643
9792	6631
9792	4731
9792	6187
9792	6820
9792	9784
9792	5153
9792	6591
9793	4331
9793	5248
9793	8758
9793	5882
9793	9734
9793	1219
9793	391
9793	1329
9793	4225
9793	1309
9794	8117
9794	4424
9794	2621
9794	9769
9794	8620
9794	7409
9794	1771
9794	314
9794	2328
9794	3446
9795	2826
9795	215
9795	4669
9795	3814
9795	4734
9795	7702
9795	3562
9795	8073
9795	8680
9795	5863
9796	1930
9796	6342
9796	4749
9796	1443
9796	1302
9796	796
9796	5480
9796	4275
9796	4581
9796	9720
9797	163
9797	8517
9797	4545
9797	7448
9797	2868
9797	3751
9797	7426
9797	9332
9797	7411
9797	9293
9798	5616
9798	2148
9798	2527
9798	3123
9798	3972
9798	3994
9798	5037
9798	5245
9798	3570
9798	1501
9799	6526
9799	4018
9799	1722
9799	4804
9799	9862
9799	9030
9799	907
9799	3506
9799	5470
9799	9832
9800	199
9800	2822
9800	5158
9800	3427
9800	5141
9800	5714
9800	2070
9800	8793
9800	3182
9800	8821
9801	7403
9801	3467
9801	1761
9801	8068
9801	3766
9801	2958
9801	7785
9801	8468
9801	4261
9801	9029
9802	3585
9802	63
9802	7436
9802	6094
9802	8422
9802	3166
9802	5359
9802	4757
9802	5496
9802	4781
9803	5670
9803	5089
9803	2836
9803	3560
9803	3436
9803	4830
9803	3653
9803	5591
9803	7219
9803	7991
9804	5500
9804	4319
9804	4236
9804	9775
9804	5192
9804	506
9804	9955
9804	3769
9804	2614
9804	6994
9805	5615
9805	115
9805	5932
9805	8003
9805	1184
9805	7408
9805	1847
9805	6516
9805	7826
9805	4460
9806	647
9806	2952
9806	8826
9806	1998
9806	9774
9806	8850
9806	6753
9806	974
9806	9850
9806	8523
9807	8971
9807	7702
9807	5787
9807	2381
9807	3176
9807	6377
9807	3313
9807	9005
9807	9042
9807	6855
9808	6096
9808	2931
9808	9387
9808	1173
9808	554
9808	5822
9808	4771
9808	8498
9808	649
9808	871
9809	4251
9809	4771
9809	8665
9809	8646
9809	64
9809	3086
9809	8196
9809	4391
9809	1876
9809	2628
9810	9311
9810	7725
9810	3901
9810	214
9810	1097
9810	1953
9810	5226
9810	8815
9810	6380
9810	6638
9811	274
9811	5473
9811	6076
9811	1762
9811	3996
9811	1564
9811	8152
9811	4795
9811	3399
9811	6604
9812	9995
9812	2774
9812	8581
9812	5303
9812	198
9812	3012
9812	6741
9812	7068
9812	5188
9812	6892
9813	643
9813	675
9813	7870
9813	1298
9813	6443
9813	6561
9813	7541
9813	2994
9813	1262
9813	7461
9814	9339
9814	7748
9814	6337
9814	8145
9814	6723
9814	9137
9814	7366
9814	7342
9814	6047
9814	5973
9815	7216
9815	8587
9815	6496
9815	8629
9815	3971
9815	7712
9815	6545
9815	6368
9815	8014
9815	7311
9816	3626
9816	8110
9816	143
9816	7238
9816	8422
9816	8375
9816	1410
9816	1206
9816	6661
9816	1085
9817	28
9817	4112
9817	8659
9817	7533
9817	2562
9817	7852
9817	9840
9817	8715
9817	753
9817	229
9818	8636
9818	394
9818	8165
9818	9664
9818	5559
9818	8105
9818	2633
9818	6469
9818	7531
9818	739
9819	4367
9819	7966
9819	6603
9819	7820
9819	9443
9819	4517
9819	7482
9819	3227
9819	824
9819	1947
9820	3189
9820	6978
9820	1407
9820	8767
9820	5025
9820	3652
9820	3120
9820	1241
9820	2184
9820	4834
9821	2831
9821	3926
9821	5397
9821	2685
9821	1961
9821	6136
9821	7042
9821	6007
9821	3663
9821	1139
9822	2018
9822	5685
9822	6216
9822	4777
9822	9732
9822	2864
9822	6424
9822	767
9822	1601
9822	8321
9823	7369
9823	3606
9823	9695
9823	2648
9823	5777
9823	3861
9823	8772
9823	9563
9823	4839
9823	1544
9824	6982
9824	9807
9824	6029
9824	4652
9824	1200
9824	9275
9824	3353
9824	7498
9824	673
9824	4483
9825	8452
9825	7018
9825	4910
9825	876
9825	2789
9825	1275
9825	3765
9825	9322
9825	2193
9825	5154
9826	7290
9826	6386
9826	6630
9826	7563
9826	381
9826	2223
9826	599
9826	5606
9826	6297
9826	3301
9827	2856
9827	4063
9827	7814
9827	1865
9827	7649
9827	324
9827	9500
9827	7970
9827	9386
9827	532
9828	4567
9828	678
9828	7472
9828	5746
9828	1145
9828	4667
9828	3366
9828	3106
9828	683
9828	5669
9829	4282
9829	1476
9829	7932
9829	3359
9829	6732
9829	6968
9829	1071
9829	5899
9829	3241
9829	4937
9830	3089
9830	9308
9830	3169
9830	2119
9830	2827
9830	2947
9830	4865
9830	4173
9830	4541
9830	7729
9831	2052
9831	828
9831	1072
9831	5297
9831	6697
9831	3984
9831	7932
9831	5891
9831	2182
9831	2319
9832	2361
9832	1445
9832	4672
9832	3688
9832	2267
9832	1687
9832	751
9832	9485
9832	3172
9832	9488
9833	5187
9833	8600
9833	1447
9833	4540
9833	4282
9833	1733
9833	3509
9833	6067
9833	9269
9833	9980
9834	506
9834	522
9834	1650
9834	9171
9834	7940
9834	5209
9834	2265
9834	1100
9834	369
9834	1341
9835	2783
9835	7688
9835	9150
9835	5378
9835	3384
9835	1067
9835	5586
9835	2543
9835	6526
9835	1969
9836	2767
9836	6633
9836	3648
9836	711
9836	9978
9836	5934
9836	4115
9836	7273
9836	2263
9836	2472
9837	5190
9837	4390
9837	5433
9837	4869
9837	6266
9837	8936
9837	5908
9837	4659
9837	409
9837	3561
9838	6755
9838	4467
9838	7172
9838	4843
9838	6148
9838	9651
9838	7217
9838	4016
9838	8252
9838	5270
9839	5860
9839	9825
9839	2381
9839	9231
9839	8474
9839	6896
9839	4338
9839	3229
9839	8817
9839	893
9840	7446
9840	5660
9840	2462
9840	8428
9840	5854
9840	709
9840	1295
9840	8029
9840	8736
9840	4762
9841	420
9841	1295
9841	4105
9841	4559
9841	5131
9841	3291
9841	8335
9841	9779
9841	1614
9841	9409
9842	9591
9842	9512
9842	1302
9842	183
9842	8163
9842	344
9842	8237
9842	9259
9842	6492
9842	3705
9843	4046
9843	6001
9843	3092
9843	1371
9843	4018
9843	2800
9843	9533
9843	5265
9843	7602
9843	2628
9844	4982
9844	6915
9844	7100
9844	8394
9844	3982
9844	671
9844	9813
9844	5757
9844	7721
9844	9400
9845	5516
9845	725
9845	9211
9845	6727
9845	6206
9845	9834
9845	3766
9845	313
9845	2745
9845	1429
9846	9290
9846	704
9846	4678
9846	7916
9846	11
9846	8937
9846	9815
9846	9617
9846	2942
9846	5904
9847	6185
9847	8843
9847	1990
9847	9379
9847	2258
9847	7773
9847	5945
9847	594
9847	5732
9847	2499
9848	6553
9848	3619
9848	9703
9848	5346
9848	2453
9848	301
9848	4087
9848	2490
9848	4191
9848	8412
9849	9245
9849	1531
9849	7582
9849	1017
9849	2413
9849	8346
9849	9639
9849	5125
9849	6200
9849	3050
9850	9494
9850	1996
9850	4959
9850	6645
9850	1759
9850	6446
9850	9060
9850	5352
9850	7847
9850	462
9851	3349
9851	846
9851	6168
9851	9495
9851	4508
9851	2475
9851	2281
9851	6569
9851	8853
9851	2717
9852	9703
9852	2268
9852	4300
9852	1740
9852	6250
9852	7340
9852	653
9852	5756
9852	943
9852	2691
9853	3213
9853	9491
9853	2891
9853	1106
9853	8447
9853	9764
9853	2045
9853	5068
9853	4488
9853	8222
9854	6724
9854	6065
9854	8666
9854	4725
9854	7120
9854	62
9854	8974
9854	4676
9854	8161
9854	2981
9855	7689
9855	5402
9855	6646
9855	8338
9855	8540
9855	7363
9855	5671
9855	6476
9855	5385
9855	1967
9856	1941
9856	2974
9856	6852
9856	4936
9856	3843
9856	1859
9856	934
9856	3255
9856	7651
9856	3079
9857	4625
9857	6220
9857	6321
9857	7149
9857	5804
9857	6148
9857	7211
9857	1449
9857	5874
9857	6697
9858	4837
9858	9364
9858	400
9858	2617
9858	7609
9858	9629
9858	4179
9858	1212
9858	6878
9858	5175
9859	3599
9859	8087
9859	9353
9859	8414
9859	4023
9859	6963
9859	5724
9859	9430
9859	8083
9859	4652
9860	1167
9860	168
9860	9483
9860	276
9860	782
9860	9891
9860	9443
9860	9901
9860	6598
9860	6787
9861	6361
9861	4002
9861	1738
9861	4752
9861	561
9861	3024
9861	8983
9861	7521
9861	586
9861	9826
9862	461
9862	6057
9862	5831
9862	669
9862	9924
9862	1218
9862	5189
9862	1354
9862	3154
9862	9873
9863	1218
9863	7171
9863	1892
9863	7174
9863	8349
9863	8462
9863	4075
9863	8379
9863	5051
9863	4884
9864	7882
9864	9682
9864	8921
9864	8055
9864	4183
9864	7707
9864	6587
9864	32
9864	3744
9864	3035
9865	1938
9865	7911
9865	7349
9865	9215
9865	2270
9865	2127
9865	2844
9865	3492
9865	7119
9865	1529
9866	1787
9866	999
9866	1584
9866	3688
9866	325
9866	8679
9866	7771
9866	2644
9866	1917
9866	1788
9867	2428
9867	3131
9867	2641
9867	8197
9867	9505
9867	164
9867	4230
9867	657
9867	5961
9867	8321
9868	647
9868	8812
9868	4653
9868	1137
9868	5801
9868	6850
9868	39
9868	1746
9868	6520
9868	8673
9869	7675
9869	9491
9869	2518
9869	7996
9869	9488
9869	7010
9869	2849
9869	641
9869	813
9869	1552
9870	6758
9870	1602
9870	6744
9870	3046
9870	4636
9870	8738
9870	6626
9870	6869
9870	5732
9870	2269
9871	7195
9871	126
9871	894
9871	735
9871	2609
9871	9409
9871	2278
9871	615
9871	8769
9871	5984
9872	4349
9872	7083
9872	6784
9872	2500
9872	4257
9872	9551
9872	9607
9872	73
9872	5297
9872	1504
9873	3767
9873	5104
9873	6639
9873	6802
9873	8663
9873	9749
9873	4970
9873	9441
9873	3263
9873	32
9874	4596
9874	872
9874	7006
9874	4075
9874	5502
9874	9111
9874	2113
9874	7507
9874	5059
9874	9573
9875	8712
9875	66
9875	8040
9875	5835
9875	1369
9875	8109
9875	9911
9875	2470
9875	6726
9875	797
9876	986
9876	8373
9876	9986
9876	5127
9876	5696
9876	995
9876	4031
9876	460
9876	2773
9876	1069
9877	8702
9877	665
9877	8144
9877	4157
9877	7229
9877	9358
9877	5049
9877	2915
9877	137
9877	4747
9878	7688
9878	1906
9878	119
9878	5066
9878	6356
9878	1776
9878	1257
9878	6502
9878	5038
9878	2984
9879	616
9879	8616
9879	2597
9879	2578
9879	4245
9879	4793
9879	2749
9879	3043
9879	3855
9879	903
9880	4846
9880	2669
9880	758
9880	1458
9880	2288
9880	6959
9880	8237
9880	6690
9880	2703
9880	7749
9881	1715
9881	6444
9881	3563
9881	4349
9881	9142
9881	4750
9881	4654
9881	8785
9881	2303
9881	855
9882	1775
9882	3590
9882	2908
9882	6044
9882	809
9882	7431
9882	1967
9882	1118
9882	7187
9882	4995
9883	7157
9883	4269
9883	5151
9883	3185
9883	3787
9883	7998
9883	7015
9883	4179
9883	8891
9883	32
9884	4519
9884	2514
9884	4119
9884	3447
9884	6778
9884	5042
9884	5393
9884	355
9884	8798
9884	3569
9885	9973
9885	8810
9885	2775
9885	6916
9885	5470
9885	6693
9885	1267
9885	6345
9885	3861
9885	6775
9886	6331
9886	702
9886	4143
9886	3472
9886	1605
9886	3465
9886	8274
9886	2023
9886	9331
9886	142
9887	2485
9887	8581
9887	1614
9887	9927
9887	4286
9887	8301
9887	2101
9887	8583
9887	6848
9887	1955
9888	5837
9888	1858
9888	4830
9888	3733
9888	9636
9888	196
9888	2790
9888	7177
9888	6995
9888	9491
9889	2983
9889	9054
9889	4331
9889	6812
9889	3434
9889	5603
9889	9198
9889	4656
9889	9175
9889	9888
9890	3348
9890	2260
9890	8943
9890	8490
9890	9158
9890	1334
9890	6119
9890	3763
9890	457
9890	636
9891	6088
9891	8185
9891	4603
9891	273
9891	2584
9891	5597
9891	7517
9891	5209
9891	6991
9891	2972
9892	7489
9892	231
9892	1501
9892	6446
9892	8850
9892	4801
9892	6423
9892	4895
9892	1706
9892	4903
9893	7199
9893	814
9893	3344
9893	5186
9893	2172
9893	7222
9893	6739
9893	397
9893	4703
9893	2287
9894	7761
9894	5508
9894	8057
9894	4342
9894	7761
9894	5600
9894	9156
9894	522
9894	9174
9894	37
9895	3846
9895	126
9895	5430
9895	5237
9895	46
9895	1488
9895	1834
9895	6698
9895	6398
9895	4828
9896	4132
9896	3663
9896	3701
9896	5152
9896	3788
9896	932
9896	2521
9896	860
9896	7967
9896	3796
9897	9021
9897	5329
9897	9698
9897	5118
9897	8165
9897	7264
9897	3666
9897	9150
9897	8059
9897	4540
9898	866
9898	8272
9898	2833
9898	4185
9898	3171
9898	8551
9898	2773
9898	2371
9898	511
9898	6045
9899	9663
9899	1573
9899	8964
9899	5352
9899	5602
9899	5664
9899	2204
9899	1945
9899	7441
9899	7624
9900	2874
9900	3995
9900	1284
9900	2221
9900	541
9900	2345
9900	7412
9900	1272
9900	9137
9900	6284
9901	6401
9901	9749
9901	4667
9901	1403
9901	8620
9901	7055
9901	4546
9901	9628
9901	3573
9901	6933
9902	2974
9902	7725
9902	734
9902	5584
9902	1056
9902	9289
9902	1978
9902	4543
9902	884
9902	3593
9903	1777
9903	1873
9903	7482
9903	5322
9903	1460
9903	558
9903	6713
9903	4829
9903	7920
9903	9110
9904	2642
9904	9592
9904	3375
9904	6285
9904	4775
9904	9425
9904	8810
9904	1523
9904	8664
9904	8804
9905	3719
9905	360
9905	4423
9905	2389
9905	4661
9905	7194
9905	2009
9905	3421
9905	1133
9905	54
9906	4603
9906	5443
9906	1239
9906	3674
9906	7653
9906	7223
9906	3161
9906	6384
9906	1042
9906	5126
9907	3606
9907	1027
9907	4632
9907	36
9907	9381
9907	7107
9907	3070
9907	2156
9907	3815
9907	9760
9908	2527
9908	8271
9908	7603
9908	4284
9908	3225
9908	2315
9908	6291
9908	354
9908	8240
9908	5505
9909	852
9909	5694
9909	3253
9909	3812
9909	4202
9909	4514
9909	2074
9909	1422
9909	6714
9909	6121
9910	6684
9910	8759
9910	7047
9910	2626
9910	6011
9910	6492
9910	530
9910	3185
9910	272
9910	6890
9911	3859
9911	5328
9911	6382
9911	9203
9911	2167
9911	8571
9911	731
9911	9650
9911	3919
9911	847
9912	8280
9912	9863
9912	6749
9912	1419
9912	4877
9912	7967
9912	8197
9912	8743
9912	359
9912	1263
9913	1610
9913	1187
9913	8577
9913	3911
9913	1862
9913	9130
9913	6769
9913	4568
9913	7544
9913	6644
9914	7365
9914	5967
9914	6250
9914	3325
9914	4184
9914	8205
9914	5125
9914	2368
9914	8584
9914	288
9915	7657
9915	9952
9915	1882
9915	1569
9915	3646
9915	9092
9915	5835
9915	1139
9915	3530
9915	4539
9916	1136
9916	7195
9916	1068
9916	5518
9916	2493
9916	205
9916	4259
9916	6574
9916	7216
9916	2948
9917	9363
9917	8434
9917	7833
9917	1451
9917	8733
9917	4979
9917	4092
9917	3910
9917	4734
9917	2322
9918	32
9918	8203
9918	1274
9918	732
9918	6747
9918	2420
9918	933
9918	4723
9918	6876
9918	6667
9919	8104
9919	7956
9919	4525
9919	8817
9919	3483
9919	1173
9919	2330
9919	3092
9919	5319
9919	3832
9920	2060
9920	675
9920	51
9920	8633
9920	5285
9920	8682
9920	1649
9920	96
9920	2865
9920	4064
9921	3572
9921	9666
9921	8953
9921	161
9921	2892
9921	7511
9921	5830
9921	6171
9921	8054
9921	467
9922	1225
9922	2690
9922	1350
9922	3991
9922	7839
9922	1110
9922	9251
9922	8924
9922	2342
9922	1815
9923	4764
9923	1074
9923	1346
9923	5628
9923	1441
9923	9569
9923	9496
9923	3011
9923	4270
9923	7407
9924	9589
9924	5316
9924	8845
9924	2853
9924	6295
9924	699
9924	3405
9924	4106
9924	104
9924	1278
9925	8668
9925	749
9925	4335
9925	5311
9925	3860
9925	9055
9925	5424
9925	3977
9925	3604
9925	75
9926	9939
9926	484
9926	7886
9926	651
9926	1185
9926	2674
9926	5886
9926	4596
9926	758
9926	1917
9927	9647
9927	5595
9927	3423
9927	5545
9927	3518
9927	8508
9927	5289
9927	6016
9927	5174
9927	6780
9928	4409
9928	3477
9928	6752
9928	1523
9928	1217
9928	1387
9928	4648
9928	7395
9928	3898
9928	8392
9929	6382
9929	5824
9929	2523
9929	3827
9929	9965
9929	1563
9929	9083
9929	4268
9929	1520
9929	8864
9930	1600
9930	5890
9930	2355
9930	1122
9930	9937
9930	7215
9930	7571
9930	7695
9930	8352
9930	624
9931	7422
9931	1572
9931	1900
9931	3433
9931	9289
9931	6848
9931	4828
9931	5170
9931	2164
9931	8034
9932	7591
9932	4309
9932	6442
9932	3499
9932	2580
9932	6572
9932	2796
9932	7823
9932	9213
9932	3122
9933	3110
9933	5696
9933	3171
9933	1902
9933	1449
9933	8228
9933	2660
9933	4953
9933	6612
9933	7225
9934	1388
9934	8680
9934	9049
9934	2142
9934	256
9934	1648
9934	2632
9934	5726
9934	6272
9934	9399
9935	3878
9935	1355
9935	5161
9935	4165
9935	2325
9935	2913
9935	8814
9935	2374
9935	9112
9935	8356
9936	4930
9936	1760
9936	3940
9936	6989
9936	7992
9936	195
9936	6298
9936	466
9936	2063
9936	4778
9937	6333
9937	3355
9937	1458
9937	803
9937	6810
9937	7062
9937	6149
9937	2406
9937	6795
9937	5887
9938	2112
9938	7372
9938	2406
9938	8759
9938	8334
9938	5319
9938	1039
9938	7309
9938	8177
9938	6621
9939	6653
9939	4139
9939	6908
9939	1126
9939	3307
9939	8713
9939	7879
9939	3340
9939	5510
9939	4757
9940	4876
9940	6822
9940	9084
9940	7209
9940	2416
9940	2585
9940	4737
9940	4813
9940	2806
9940	3903
9941	4917
9941	7232
9941	3350
9941	1372
9941	5509
9941	9107
9941	9544
9941	5401
9941	3149
9941	7713
9942	1699
9942	7704
9942	2921
9942	2452
9942	6847
9942	9557
9942	6259
9942	3595
9942	4241
9942	8658
9943	6071
9943	4014
9943	1895
9943	9158
9943	6867
9943	649
9943	6480
9943	7886
9943	6885
9943	2532
9944	3772
9944	3564
9944	7035
9944	8140
9944	6022
9944	4357
9944	789
9944	1087
9944	6886
9944	8459
9945	5160
9945	2647
9945	8368
9945	1516
9945	1834
9945	7054
9945	5762
9945	6680
9945	8132
9945	8347
9946	1965
9946	1648
9946	4770
9946	7682
9946	3178
9946	2172
9946	645
9946	7894
9946	5413
9946	5180
9947	2524
9947	649
9947	7099
9947	2471
9947	7222
9947	7333
9947	7801
9947	2986
9947	7671
9947	7752
9948	4294
9948	6687
9948	597
9948	9570
9948	6408
9948	8905
9948	9480
9948	6575
9948	8000
9948	4646
9949	3025
9949	4349
9949	9608
9949	4356
9949	3298
9949	3696
9949	8174
9949	8277
9949	7328
9949	369
9950	665
9950	2754
9950	8982
9950	2238
9950	1587
9950	1823
9950	1876
9950	971
9950	6426
9950	2079
9951	5996
9951	4621
9951	1586
9951	3136
9951	9382
9951	7190
9951	2759
9951	6492
9951	1030
9951	916
9952	9095
9952	652
9952	5339
9952	1947
9952	2885
9952	356
9952	1025
9952	2269
9952	2494
9952	7145
9953	3501
9953	6044
9953	8839
9953	1389
9953	6979
9953	141
9953	4037
9953	5941
9953	1449
9953	9277
9954	292
9954	2503
9954	8869
9954	7738
9954	9533
9954	8968
9954	4821
9954	6917
9954	4777
9954	1826
9955	6022
9955	767
9955	4458
9955	2704
9955	4124
9955	2459
9955	4652
9955	4059
9955	6531
9955	9765
9956	6356
9956	5498
9956	5938
9956	8893
9956	8297
9956	376
9956	149
9956	717
9956	8849
9956	826
9957	1960
9957	8672
9957	3842
9957	7093
9957	9766
9957	4262
9957	8169
9957	7214
9957	7113
9957	9203
9958	842
9958	9063
9958	373
9958	5113
9958	2992
9958	1226
9958	7726
9958	270
9958	6232
9958	560
9959	8027
9959	4118
9959	5265
9959	1378
9959	4237
9959	7995
9959	2573
9959	9609
9959	8118
9959	5708
9960	5621
9960	8603
9960	9571
9960	5916
9960	9720
9960	98
9960	592
9960	854
9960	4127
9960	9463
9961	2402
9961	5469
9961	1780
9961	7013
9961	7448
9961	6612
9961	5124
9961	7756
9961	8984
9961	9396
9962	9533
9962	127
9962	4530
9962	6612
9962	7203
9962	7658
9962	481
9962	1567
9962	2845
9962	7195
9963	2031
9963	3944
9963	9034
9963	4987
9963	9454
9963	5190
9963	242
9963	7780
9963	6779
9963	4950
9964	4776
9964	2843
9964	3510
9964	2300
9964	8850
9964	8639
9964	6562
9964	7765
9964	7511
9964	6547
9965	945
9965	4324
9965	4341
9965	7124
9965	4391
9965	4205
9965	4097
9965	2201
9965	7858
9965	9413
9966	8398
9966	9702
9966	1909
9966	6144
9966	5005
9966	9086
9966	9506
9966	2428
9966	1883
9966	829
9967	6259
9967	9102
9967	7132
9967	9309
9967	2772
9967	5876
9967	6584
9967	5939
9967	318
9967	4553
9968	6600
9968	4513
9968	3622
9968	1067
9968	4409
9968	3676
9968	2528
9968	7122
9968	5953
9968	265
9969	4575
9969	3793
9969	4435
9969	2409
9969	7822
9969	3136
9969	8336
9969	5981
9969	8691
9969	3187
9970	9515
9970	2495
9970	6072
9970	1076
9970	1640
9970	8425
9970	2140
9970	1371
9970	34
9970	7785
9971	5892
9971	4546
9971	8362
9971	299
9971	2448
9971	2033
9971	4561
9971	4162
9971	1284
9971	4937
9972	5443
9972	625
9972	7489
9972	5643
9972	2265
9972	134
9972	2936
9972	5497
9972	7299
9972	1198
9973	5073
9973	3750
9973	6580
9973	355
9973	5572
9973	3090
9973	8450
9973	3739
9973	4103
9973	993
9974	9622
9974	5802
9974	5078
9974	1937
9974	8704
9974	7645
9974	6266
9974	5862
9974	7384
9974	8235
9975	318
9975	5259
9975	4179
9975	8947
9975	8548
9975	9472
9975	5354
9975	8611
9975	1370
9975	3586
9976	5189
9976	145
9976	4403
9976	5329
9976	7724
9976	163
9976	6168
9976	2893
9976	2420
9976	2935
9977	2289
9977	1227
9977	2828
9977	8017
9977	3003
9977	550
9977	2773
9977	1423
9977	2879
9977	9744
9978	1166
9978	4515
9978	9939
9978	9002
9978	2325
9978	2146
9978	2686
9978	7709
9978	1371
9978	9048
9979	2337
9979	4329
9979	2636
9979	606
9979	4439
9979	8154
9979	4489
9979	1538
9979	9263
9979	5027
9980	4583
9980	4690
9980	3360
9980	3571
9980	8798
9980	4855
9980	8677
9980	7822
9980	5861
9980	8888
9981	8558
9981	6551
9981	8932
9981	2103
9981	4138
9981	2064
9981	466
9981	6894
9981	8098
9981	6463
9982	2265
9982	1188
9982	6292
9982	566
9982	8209
9982	7256
9982	3601
9982	3072
9982	2525
9982	162
9983	5139
9983	3107
9983	4655
9983	6258
9983	5485
9983	9095
9983	5849
9983	7199
9983	8083
9983	7554
9984	6945
9984	1744
9984	2849
9984	8270
9984	8646
9984	4812
9984	4083
9984	4263
9984	478
9984	514
9985	9719
9985	7229
9985	8070
9985	1456
9985	5475
9985	1191
9985	732
9985	4854
9985	1434
9985	9118
9986	619
9986	9070
9986	3076
9986	1363
9986	5411
9986	1372
9986	8317
9986	1820
9986	5147
9986	3203
9987	8129
9987	1688
9987	7952
9987	4978
9987	6585
9987	9772
9987	7389
9987	8858
9987	2854
9987	2745
9988	2455
9988	8073
9988	3125
9988	7138
9988	1127
9988	6893
9988	2028
9988	9795
9988	9316
9988	2235
9989	5136
9989	7411
9989	6402
9989	7739
9989	4219
9989	2055
9989	2765
9989	8936
9989	8891
9989	5935
9990	4937
9990	386
9990	9678
9990	5048
9990	9285
9990	137
9990	2589
9990	3234
9990	9075
9990	5601
9991	800
9991	4522
9991	4233
9991	3992
9991	5682
9991	5373
9991	9907
9991	5757
9991	5270
9991	5148
9992	8899
9992	2617
9992	9947
9992	7345
9992	611
9992	5826
9992	7363
9992	1731
9992	7208
9992	6887
9993	1452
9993	8303
9993	4200
9993	9035
9993	9852
9993	3740
9993	8569
9993	6027
9993	1953
9993	1626
9994	7650
9994	7391
9994	2828
9994	5548
9994	832
9994	891
9994	2797
9994	1277
9994	2336
9994	2220
9995	5687
9995	3025
9995	8793
9995	3446
9995	7144
9995	5627
9995	5476
9995	2361
9995	2963
9995	9629
9996	3793
9996	2209
9996	393
9996	1662
9996	2696
9996	8910
9996	4894
9996	2373
9996	661
9996	8791
9997	5654
9997	4926
9997	8215
9997	2452
9997	8769
9997	9152
9997	6882
9997	3492
9997	974
9997	8137
9998	2602
9998	260
9998	2801
9998	8488
9998	1977
9998	7177
9998	7596
9998	6552
9998	9887
9998	6943
9999	5503
9999	9808
9999	8124
9999	1589
9999	279
9999	7958
9999	8202
9999	5902
9999	7572
9999	9823
