case,repeat,stage,sample,threads,trips,distance,dependent_steps,independent_steps,after_post,streams,prediction_ns,actual_ns,c_dep_ns,c_ind_ns,sigma_wait_ns,sigma_post_ns,launch_ns,sync_samples
large_arrays,0,seeded-sync,0,7,1000000,64,0,0,0,1,69706192.500000000,24770912,22.201719500,0.000000000,250.000000000,80.000000000,361333.000000000,0
large_arrays,0,learned-sync,0,7,1000000,64,0,0,0,1,37816233.036929861,24770912,22.201719500,0.000000000,57.881650707,48.889972422,361333.000000000,4
large_arrays,0,seeded-sync,1,7,1000000,64,0,0,0,1,69706192.500000000,26762619,22.201719500,0.000000000,250.000000000,80.000000000,361333.000000000,0
large_arrays,0,learned-sync,1,7,1000000,64,0,0,0,1,37816233.036929861,26762619,22.201719500,0.000000000,57.881650707,48.889972422,361333.000000000,4
large_arrays,0,seeded-sync,2,7,1000000,64,0,0,0,1,69706192.500000000,25232080,22.201719500,0.000000000,250.000000000,80.000000000,361333.000000000,0
large_arrays,0,learned-sync,2,7,1000000,64,0,0,0,1,37816233.036929861,25232080,22.201719500,0.000000000,57.881650707,48.889972422,361333.000000000,4
large_arrays,0,seeded-sync,3,7,1000000,64,0,0,0,1,69706192.500000000,24865599,22.201719500,0.000000000,250.000000000,80.000000000,361333.000000000,0
large_arrays,0,learned-sync,3,7,1000000,64,0,0,0,1,37816233.036929861,24865599,22.201719500,0.000000000,57.881650707,48.889972422,361333.000000000,4
large_arrays,0,seeded-sync,4,7,1000000,64,0,0,0,1,69706192.500000000,24188607,22.201719500,0.000000000,250.000000000,80.000000000,361333.000000000,0
large_arrays,0,learned-sync,4,7,1000000,64,0,0,0,1,37816233.036929861,24188607,22.201719500,0.000000000,57.881650707,48.889972422,361333.000000000,4
large_arrays,0,seeded-sync,5,7,1000000,64,0,0,0,1,69706192.500000000,25532478,22.201719500,0.000000000,250.000000000,80.000000000,361333.000000000,0
large_arrays,0,learned-sync,5,7,1000000,64,0,0,0,1,37816233.036929861,25532478,22.201719500,0.000000000,57.881650707,48.889972422,361333.000000000,4
large_arrays,0,seeded-sync,6,7,1000000,64,0,0,0,1,69706192.500000000,25786523,22.201719500,0.000000000,250.000000000,80.000000000,361333.000000000,0
large_arrays,0,learned-sync,6,7,1000000,64,0,0,0,1,37816233.036929861,25786523,22.201719500,0.000000000,57.881650707,48.889972422,361333.000000000,4
tiny_chain,2,seeded-sync,0,8,257,1,0,0,0,1,450490.062500000,612641,22.537208171,0.000000000,250.000000000,80.000000000,433808.000000000,0
tiny_chain,2,learned-sync,0,8,257,1,0,0,0,1,681452.102720743,612641,22.537208171,0.000000000,7277.014465332,51.835238327,433808.000000000,4
tiny_chain,2,seeded-sync,1,8,257,1,0,0,0,1,450490.062500000,564261,22.537208171,0.000000000,250.000000000,80.000000000,433808.000000000,0
tiny_chain,2,learned-sync,1,8,257,1,0,0,0,1,681452.102720743,564261,22.537208171,0.000000000,7277.014465332,51.835238327,433808.000000000,4
tiny_chain,2,seeded-sync,2,8,257,1,0,0,0,1,450490.062500000,633500,22.537208171,0.000000000,250.000000000,80.000000000,433808.000000000,0
tiny_chain,2,learned-sync,2,8,257,1,0,0,0,1,681452.102720743,633500,22.537208171,0.000000000,7277.014465332,51.835238327,433808.000000000,4
tiny_chain,2,seeded-sync,3,8,257,1,0,0,0,1,450490.062500000,635142,22.537208171,0.000000000,250.000000000,80.000000000,433808.000000000,0
tiny_chain,2,learned-sync,3,8,257,1,0,0,0,1,681452.102720743,635142,22.537208171,0.000000000,7277.014465332,51.835238327,433808.000000000,4
tiny_chain,2,seeded-sync,4,8,257,1,0,0,0,1,450490.062500000,559512,22.537208171,0.000000000,250.000000000,80.000000000,433808.000000000,0
tiny_chain,2,learned-sync,4,8,257,1,0,0,0,1,681452.102720743,559512,22.537208171,0.000000000,7277.014465332,51.835238327,433808.000000000,4
tiny_chain,2,seeded-sync,5,8,257,1,0,0,0,1,450490.062500000,623101,22.537208171,0.000000000,250.000000000,80.000000000,433808.000000000,0
tiny_chain,2,learned-sync,5,8,257,1,0,0,0,1,681452.102720743,623101,22.537208171,0.000000000,7277.014465332,51.835238327,433808.000000000,4
tiny_chain,2,seeded-sync,6,8,257,1,0,0,0,1,450490.062500000,588917,22.537208171,0.000000000,250.000000000,80.000000000,433808.000000000,0
tiny_chain,2,learned-sync,6,8,257,1,0,0,0,1,681452.102720743,588917,22.537208171,0.000000000,7277.014465332,51.835238327,433808.000000000,4
long_four_chains,1,seeded-sync,0,7,200000,4,0,0,0,1,14288572.281250000,13077860,22.465996406,0.000000000,250.000000000,80.000000000,366613.000000000,0
long_four_chains,1,learned-sync,0,7,200000,4,0,0,0,1,11405066.767410580,13077860,22.465996406,0.000000000,161.544893085,67.534432344,366613.000000000,4
long_four_chains,1,seeded-sync,1,7,200000,4,0,0,0,1,14288572.281250000,10089675,22.465996406,0.000000000,250.000000000,80.000000000,366613.000000000,0
long_four_chains,1,learned-sync,1,7,200000,4,0,0,0,1,11405066.767410580,10089675,22.465996406,0.000000000,161.544893085,67.534432344,366613.000000000,4
long_four_chains,1,seeded-sync,2,7,200000,4,0,0,0,1,14288572.281250000,9777574,22.465996406,0.000000000,250.000000000,80.000000000,366613.000000000,0
long_four_chains,1,learned-sync,2,7,200000,4,0,0,0,1,11405066.767410580,9777574,22.465996406,0.000000000,161.544893085,67.534432344,366613.000000000,4
long_four_chains,1,seeded-sync,3,7,200000,4,0,0,0,1,14288572.281250000,9081250,22.465996406,0.000000000,250.000000000,80.000000000,366613.000000000,0
long_four_chains,1,learned-sync,3,7,200000,4,0,0,0,1,11405066.767410580,9081250,22.465996406,0.000000000,161.544893085,67.534432344,366613.000000000,4
long_four_chains,1,seeded-sync,4,7,200000,4,0,0,0,1,14288572.281250000,9382513,22.465996406,0.000000000,250.000000000,80.000000000,366613.000000000,0
long_four_chains,1,learned-sync,4,7,200000,4,0,0,0,1,11405066.767410580,9382513,22.465996406,0.000000000,161.544893085,67.534432344,366613.000000000,4
long_four_chains,1,seeded-sync,5,7,200000,4,0,0,0,1,14288572.281250000,9361571,22.465996406,0.000000000,250.000000000,80.000000000,366613.000000000,0
long_four_chains,1,learned-sync,5,7,200000,4,0,0,0,1,11405066.767410580,9361571,22.465996406,0.000000000,161.544893085,67.534432344,366613.000000000,4
long_four_chains,1,seeded-sync,6,7,200000,4,0,0,0,1,14288572.281250000,9181964,22.465996406,0.000000000,250.000000000,80.000000000,366613.000000000,0
long_four_chains,1,learned-sync,6,7,200000,4,0,0,0,1,11405066.767410580,9181964,22.465996406,0.000000000,161.544893085,67.534432344,366613.000000000,4
two_streams,2,seeded-sync,0,2,32768,4,0,0,0,2,11774481.281250000,3454313,23.400246620,0.000000000,250.000000000,80.000000000,194262.000000000,0
two_streams,2,learned-sync,0,2,32768,4,0,0,0,2,2841353.421851155,3454313,23.400246620,0.000000000,26.882806539,30.499766111,194262.000000000,4
two_streams,2,seeded-sync,1,2,32768,4,0,0,0,2,11774481.281250000,3473759,23.400246620,0.000000000,250.000000000,80.000000000,194262.000000000,0
two_streams,2,learned-sync,1,2,32768,4,0,0,0,2,2841353.421851155,3473759,23.400246620,0.000000000,26.882806539,30.499766111,194262.000000000,4
two_streams,2,seeded-sync,2,2,32768,4,0,0,0,2,11774481.281250000,3497814,23.400246620,0.000000000,250.000000000,80.000000000,194262.000000000,0
two_streams,2,learned-sync,2,2,32768,4,0,0,0,2,2841353.421851155,3497814,23.400246620,0.000000000,26.882806539,30.499766111,194262.000000000,4
two_streams,2,seeded-sync,3,2,32768,4,0,0,0,2,11774481.281250000,3837016,23.400246620,0.000000000,250.000000000,80.000000000,194262.000000000,0
two_streams,2,learned-sync,3,2,32768,4,0,0,0,2,2841353.421851155,3837016,23.400246620,0.000000000,26.882806539,30.499766111,194262.000000000,4
two_streams,2,seeded-sync,4,2,32768,4,0,0,0,2,11774481.281250000,3697140,23.400246620,0.000000000,250.000000000,80.000000000,194262.000000000,0
two_streams,2,learned-sync,4,2,32768,4,0,0,0,2,2841353.421851155,3697140,23.400246620,0.000000000,26.882806539,30.499766111,194262.000000000,4
two_streams,2,seeded-sync,5,2,32768,4,0,0,0,2,11774481.281250000,3738828,23.400246620,0.000000000,250.000000000,80.000000000,194262.000000000,0
two_streams,2,learned-sync,5,2,32768,4,0,0,0,2,2841353.421851155,3738828,23.400246620,0.000000000,26.882806539,30.499766111,194262.000000000,4
two_streams,2,seeded-sync,6,2,32768,4,0,0,0,2,11774481.281250000,3495169,23.400246620,0.000000000,250.000000000,80.000000000,194262.000000000,0
two_streams,2,learned-sync,6,2,32768,4,0,0,0,2,2841353.421851155,3495169,23.400246620,0.000000000,26.882806539,30.499766111,194262.000000000,4
long_four_chains,1,seeded-sync,0,4,200000,4,0,0,0,1,21177656.031250000,6142394,22.297125156,0.000000000,250.000000000,80.000000000,218231.000000000,0
long_four_chains,1,learned-sync,0,4,200000,4,0,0,0,1,8532825.851228822,6142394,22.297125156,0.000000000,35.624666321,41.478730078,218231.000000000,4
long_four_chains,1,seeded-sync,1,4,200000,4,0,0,0,1,21177656.031250000,6514081,22.297125156,0.000000000,250.000000000,80.000000000,218231.000000000,0
long_four_chains,1,learned-sync,1,4,200000,4,0,0,0,1,8532825.851228822,6514081,22.297125156,0.000000000,35.624666321,41.478730078,218231.000000000,4
long_four_chains,1,seeded-sync,2,4,200000,4,0,0,0,1,21177656.031250000,7716456,22.297125156,0.000000000,250.000000000,80.000000000,218231.000000000,0
long_four_chains,1,learned-sync,2,4,200000,4,0,0,0,1,8532825.851228822,7716456,22.297125156,0.000000000,35.624666321,41.478730078,218231.000000000,4
long_four_chains,1,seeded-sync,3,4,200000,4,0,0,0,1,21177656.031250000,7700907,22.297125156,0.000000000,250.000000000,80.000000000,218231.000000000,0
long_four_chains,1,learned-sync,3,4,200000,4,0,0,0,1,8532825.851228822,7700907,22.297125156,0.000000000,35.624666321,41.478730078,218231.000000000,4
long_four_chains,1,seeded-sync,4,4,200000,4,0,0,0,1,21177656.031250000,6648126,22.297125156,0.000000000,250.000000000,80.000000000,218231.000000000,0
long_four_chains,1,learned-sync,4,4,200000,4,0,0,0,1,8532825.851228822,6648126,22.297125156,0.000000000,35.624666321,41.478730078,218231.000000000,4
long_four_chains,1,seeded-sync,5,4,200000,4,0,0,0,1,21177656.031250000,6207775,22.297125156,0.000000000,250.000000000,80.000000000,218231.000000000,0
long_four_chains,1,learned-sync,5,4,200000,4,0,0,0,1,8532825.851228822,6207775,22.297125156,0.000000000,35.624666321,41.478730078,218231.000000000,4
long_four_chains,1,seeded-sync,6,4,200000,4,0,0,0,1,21177656.031250000,7306787,22.297125156,0.000000000,250.000000000,80.000000000,218231.000000000,0
long_four_chains,1,learned-sync,6,4,200000,4,0,0,0,1,8532825.851228822,7306787,22.297125156,0.000000000,35.624666321,41.478730078,218231.000000000,4
two_streams,2,seeded-sync,0,7,32768,4,0,0,0,2,4260821.500000000,2776651,23.455276489,0.000000000,250.000000000,80.000000000,402119.000000000,0
two_streams,2,learned-sync,0,7,32768,4,0,0,0,2,2916611.338345277,2776651,23.455276489,0.000000000,130.040296228,56.408853531,402119.000000000,4
two_streams,2,seeded-sync,1,7,32768,4,0,0,0,2,4260821.500000000,2469228,23.455276489,0.000000000,250.000000000,80.000000000,402119.000000000,0
two_streams,2,learned-sync,1,7,32768,4,0,0,0,2,2916611.338345277,2469228,23.455276489,0.000000000,130.040296228,56.408853531,402119.000000000,4
two_streams,2,seeded-sync,2,7,32768,4,0,0,0,2,4260821.500000000,5979457,23.455276489,0.000000000,250.000000000,80.000000000,402119.000000000,0
two_streams,2,learned-sync,2,7,32768,4,0,0,0,2,2916611.338345277,5979457,23.455276489,0.000000000,130.040296228,56.408853531,402119.000000000,4
two_streams,2,seeded-sync,3,7,32768,4,0,0,0,2,4260821.500000000,3379243,23.455276489,0.000000000,250.000000000,80.000000000,402119.000000000,0
two_streams,2,learned-sync,3,7,32768,4,0,0,0,2,2916611.338345277,3379243,23.455276489,0.000000000,130.040296228,56.408853531,402119.000000000,4
two_streams,2,seeded-sync,4,7,32768,4,0,0,0,2,4260821.500000000,2625720,23.455276489,0.000000000,250.000000000,80.000000000,402119.000000000,0
two_streams,2,learned-sync,4,7,32768,4,0,0,0,2,2916611.338345277,2625720,23.455276489,0.000000000,130.040296228,56.408853531,402119.000000000,4
two_streams,2,seeded-sync,5,7,32768,4,0,0,0,2,4260821.500000000,2595492,23.455276489,0.000000000,250.000000000,80.000000000,402119.000000000,0
two_streams,2,learned-sync,5,7,32768,4,0,0,0,2,2916611.338345277,2595492,23.455276489,0.000000000,130.040296228,56.408853531,402119.000000000,4
two_streams,2,seeded-sync,6,7,32768,4,0,0,0,2,4260821.500000000,2649902,23.455276489,0.000000000,250.000000000,80.000000000,402119.000000000,0
two_streams,2,learned-sync,6,7,32768,4,0,0,0,2,2916611.338345277,2649902,23.455276489,0.000000000,130.040296228,56.408853531,402119.000000000,4
short_many_chains,1,seeded-sync,0,7,20000,64,0,0,0,1,1826139.859375000,990715,23.606742969,0.000000000,250.000000000,80.000000000,410865.000000000,0
short_many_chains,1,learned-sync,0,7,20000,64,0,0,0,1,1908415.676033893,990715,23.606742969,0.000000000,305.620925242,53.166974219,410865.000000000,4
short_many_chains,1,seeded-sync,1,7,20000,64,0,0,0,1,1826139.859375000,1018861,23.606742969,0.000000000,250.000000000,80.000000000,410865.000000000,0
short_many_chains,1,learned-sync,1,7,20000,64,0,0,0,1,1908415.676033893,1018861,23.606742969,0.000000000,305.620925242,53.166974219,410865.000000000,4
short_many_chains,1,seeded-sync,2,7,20000,64,0,0,0,1,1826139.859375000,1037037,23.606742969,0.000000000,250.000000000,80.000000000,410865.000000000,0
short_many_chains,1,learned-sync,2,7,20000,64,0,0,0,1,1908415.676033893,1037037,23.606742969,0.000000000,305.620925242,53.166974219,410865.000000000,4
short_many_chains,1,seeded-sync,3,7,20000,64,0,0,0,1,1826139.859375000,1059483,23.606742969,0.000000000,250.000000000,80.000000000,410865.000000000,0
short_many_chains,1,learned-sync,3,7,20000,64,0,0,0,1,1908415.676033893,1059483,23.606742969,0.000000000,305.620925242,53.166974219,410865.000000000,4
short_many_chains,1,seeded-sync,4,7,20000,64,0,0,0,1,1826139.859375000,994021,23.606742969,0.000000000,250.000000000,80.000000000,410865.000000000,0
short_many_chains,1,learned-sync,4,7,20000,64,0,0,0,1,1908415.676033893,994021,23.606742969,0.000000000,305.620925242,53.166974219,410865.000000000,4
short_many_chains,1,seeded-sync,5,7,20000,64,0,0,0,1,1826139.859375000,1009484,23.606742969,0.000000000,250.000000000,80.000000000,410865.000000000,0
short_many_chains,1,learned-sync,5,7,20000,64,0,0,0,1,1908415.676033893,1009484,23.606742969,0.000000000,305.620925242,53.166974219,410865.000000000,4
short_many_chains,1,seeded-sync,6,7,20000,64,0,0,0,1,1826139.859375000,1291325,23.606742969,0.000000000,250.000000000,80.000000000,410865.000000000,0
short_many_chains,1,learned-sync,6,7,20000,64,0,0,0,1,1908415.676033893,1291325,23.606742969,0.000000000,305.620925242,53.166974219,410865.000000000,4
large_arrays,1,seeded-sync,0,7,1000000,64,0,0,0,1,69896793.734375000,29096878,22.408360734,0.000000000,250.000000000,80.000000000,345293.000000000,0
large_arrays,1,learned-sync,0,7,1000000,64,0,0,0,1,38542983.644626096,29096878,22.408360734,0.000000000,61.922199302,48.602446922,345293.000000000,4
large_arrays,1,seeded-sync,1,7,1000000,64,0,0,0,1,69896793.734375000,35772360,22.408360734,0.000000000,250.000000000,80.000000000,345293.000000000,0
large_arrays,1,learned-sync,1,7,1000000,64,0,0,0,1,38542983.644626096,35772360,22.408360734,0.000000000,61.922199302,48.602446922,345293.000000000,4
large_arrays,1,seeded-sync,2,7,1000000,64,0,0,0,1,69896793.734375000,32076873,22.408360734,0.000000000,250.000000000,80.000000000,345293.000000000,0
large_arrays,1,learned-sync,2,7,1000000,64,0,0,0,1,38542983.644626096,32076873,22.408360734,0.000000000,61.922199302,48.602446922,345293.000000000,4
large_arrays,1,seeded-sync,3,7,1000000,64,0,0,0,1,69896793.734375000,25894117,22.408360734,0.000000000,250.000000000,80.000000000,345293.000000000,0
large_arrays,1,learned-sync,3,7,1000000,64,0,0,0,1,38542983.644626096,25894117,22.408360734,0.000000000,61.922199302,48.602446922,345293.000000000,4
large_arrays,1,seeded-sync,4,7,1000000,64,0,0,0,1,69896793.734375000,25259703,22.408360734,0.000000000,250.000000000,80.000000000,345293.000000000,0
large_arrays,1,learned-sync,4,7,1000000,64,0,0,0,1,38542983.644626096,25259703,22.408360734,0.000000000,61.922199302,48.602446922,345293.000000000,4
large_arrays,1,seeded-sync,5,7,1000000,64,0,0,0,1,69896793.734375000,29526907,22.408360734,0.000000000,250.000000000,80.000000000,345293.000000000,0
large_arrays,1,learned-sync,5,7,1000000,64,0,0,0,1,38542983.644626096,29526907,22.408360734,0.000000000,61.922199302,48.602446922,345293.000000000,4
large_arrays,1,seeded-sync,6,7,1000000,64,0,0,0,1,69896793.734375000,29931905,22.408360734,0.000000000,250.000000000,80.000000000,345293.000000000,0
large_arrays,1,learned-sync,6,7,1000000,64,0,0,0,1,38542983.644626096,29931905,22.408360734,0.000000000,61.922199302,48.602446922,345293.000000000,4
tiny_chain,2,seeded-sync,0,2,257,1,0,0,0,1,205140.859375000,185816,22.096729086,0.000000000,250.000000000,80.000000000,156892.000000000,0
tiny_chain,2,learned-sync,0,2,257,1,0,0,0,1,203187.766113756,185816,22.096729086,0.000000000,263.828735352,51.031006809,156892.000000000,4
tiny_chain,2,seeded-sync,1,2,257,1,0,0,0,1,205140.859375000,180146,22.096729086,0.000000000,250.000000000,80.000000000,156892.000000000,0
tiny_chain,2,learned-sync,1,2,257,1,0,0,0,1,203187.766113756,180146,22.096729086,0.000000000,263.828735352,51.031006809,156892.000000000,4
tiny_chain,2,seeded-sync,2,2,257,1,0,0,0,1,205140.859375000,247070,22.096729086,0.000000000,250.000000000,80.000000000,156892.000000000,0
tiny_chain,2,learned-sync,2,2,257,1,0,0,0,1,203187.766113756,247070,22.096729086,0.000000000,263.828735352,51.031006809,156892.000000000,4
tiny_chain,2,seeded-sync,3,2,257,1,0,0,0,1,205140.859375000,186678,22.096729086,0.000000000,250.000000000,80.000000000,156892.000000000,0
tiny_chain,2,learned-sync,3,2,257,1,0,0,0,1,203187.766113756,186678,22.096729086,0.000000000,263.828735352,51.031006809,156892.000000000,4
tiny_chain,2,seeded-sync,4,2,257,1,0,0,0,1,205140.859375000,188151,22.096729086,0.000000000,250.000000000,80.000000000,156892.000000000,0
tiny_chain,2,learned-sync,4,2,257,1,0,0,0,1,203187.766113756,188151,22.096729086,0.000000000,263.828735352,51.031006809,156892.000000000,4
tiny_chain,2,seeded-sync,5,2,257,1,0,0,0,1,205140.859375000,179925,22.096729086,0.000000000,250.000000000,80.000000000,156892.000000000,0
tiny_chain,2,learned-sync,5,2,257,1,0,0,0,1,203187.766113756,179925,22.096729086,0.000000000,263.828735352,51.031006809,156892.000000000,4
tiny_chain,2,seeded-sync,6,2,257,1,0,0,0,1,205140.859375000,195294,22.096729086,0.000000000,250.000000000,80.000000000,156892.000000000,0
tiny_chain,2,learned-sync,6,2,257,1,0,0,0,1,203187.766113756,195294,22.096729086,0.000000000,263.828735352,51.031006809,156892.000000000,4
tiny_chain,2,seeded-sync,0,4,257,1,0,0,0,1,249950.468750000,250136,21.927893969,0.000000000,250.000000000,80.000000000,222865.000000000,0
tiny_chain,2,learned-sync,0,4,257,1,0,0,0,1,316843.181738946,250136,21.927893969,0.000000000,1306.339721680,52.778939689,222865.000000000,4
tiny_chain,2,seeded-sync,1,4,257,1,0,0,0,1,249950.468750000,298967,21.927893969,0.000000000,250.000000000,80.000000000,222865.000000000,0
tiny_chain,2,learned-sync,1,4,257,1,0,0,0,1,316843.181738946,298967,21.927893969,0.000000000,1306.339721680,52.778939689,222865.000000000,4
tiny_chain,2,seeded-sync,2,4,257,1,0,0,0,1,249950.468750000,336005,21.927893969,0.000000000,250.000000000,80.000000000,222865.000000000,0
tiny_chain,2,learned-sync,2,4,257,1,0,0,0,1,316843.181738946,336005,21.927893969,0.000000000,1306.339721680,52.778939689,222865.000000000,4
tiny_chain,2,seeded-sync,3,4,257,1,0,0,0,1,249950.468750000,305819,21.927893969,0.000000000,250.000000000,80.000000000,222865.000000000,0
tiny_chain,2,learned-sync,3,4,257,1,0,0,0,1,316843.181738946,305819,21.927893969,0.000000000,1306.339721680,52.778939689,222865.000000000,4
tiny_chain,2,seeded-sync,4,4,257,1,0,0,0,1,249950.468750000,285101,21.927893969,0.000000000,250.000000000,80.000000000,222865.000000000,0
tiny_chain,2,learned-sync,4,4,257,1,0,0,0,1,316843.181738946,285101,21.927893969,0.000000000,1306.339721680,52.778939689,222865.000000000,4
tiny_chain,2,seeded-sync,5,4,257,1,0,0,0,1,249950.468750000,304748,21.927893969,0.000000000,250.000000000,80.000000000,222865.000000000,0
tiny_chain,2,learned-sync,5,4,257,1,0,0,0,1,316843.181738946,304748,21.927893969,0.000000000,1306.339721680,52.778939689,222865.000000000,4
tiny_chain,2,seeded-sync,6,4,257,1,0,0,0,1,249950.468750000,298557,21.927893969,0.000000000,250.000000000,80.000000000,222865.000000000,0
tiny_chain,2,learned-sync,6,4,257,1,0,0,0,1,316843.181738946,298557,21.927893969,0.000000000,1306.339721680,52.778939689,222865.000000000,4
short_chain,1,seeded-sync,0,7,20000,1,0,0,0,1,1930134.796875000,6156997,28.205839844,0.000000000,250.000000000,80.000000000,422878.000000000,0
short_chain,1,learned-sync,0,7,20000,1,0,0,0,1,5722031.993819156,6156997,28.205839844,0.000000000,1602.188924290,54.577064844,422878.000000000,4
short_chain,1,seeded-sync,1,7,20000,1,0,0,0,1,1930134.796875000,6658902,28.205839844,0.000000000,250.000000000,80.000000000,422878.000000000,0
short_chain,1,learned-sync,1,7,20000,1,0,0,0,1,5722031.993819156,6658902,28.205839844,0.000000000,1602.188924290,54.577064844,422878.000000000,4
short_chain,1,seeded-sync,2,7,20000,1,0,0,0,1,1930134.796875000,3887047,28.205839844,0.000000000,250.000000000,80.000000000,422878.000000000,0
short_chain,1,learned-sync,2,7,20000,1,0,0,0,1,5722031.993819156,3887047,28.205839844,0.000000000,1602.188924290,54.577064844,422878.000000000,4
short_chain,1,seeded-sync,3,7,20000,1,0,0,0,1,1930134.796875000,4153105,28.205839844,0.000000000,250.000000000,80.000000000,422878.000000000,0
short_chain,1,learned-sync,3,7,20000,1,0,0,0,1,5722031.993819156,4153105,28.205839844,0.000000000,1602.188924290,54.577064844,422878.000000000,4
short_chain,1,seeded-sync,4,7,20000,1,0,0,0,1,1930134.796875000,4729058,28.205839844,0.000000000,250.000000000,80.000000000,422878.000000000,0
short_chain,1,learned-sync,4,7,20000,1,0,0,0,1,5722031.993819156,4729058,28.205839844,0.000000000,1602.188924290,54.577064844,422878.000000000,4
short_chain,1,seeded-sync,5,7,20000,1,0,0,0,1,1930134.796875000,4067925,28.205839844,0.000000000,250.000000000,80.000000000,422878.000000000,0
short_chain,1,learned-sync,5,7,20000,1,0,0,0,1,5722031.993819156,4067925,28.205839844,0.000000000,1602.188924290,54.577064844,422878.000000000,4
short_chain,1,seeded-sync,6,7,20000,1,0,0,0,1,1930134.796875000,4343064,28.205839844,0.000000000,250.000000000,80.000000000,422878.000000000,0
short_chain,1,learned-sync,6,7,20000,1,0,0,0,1,5722031.993819156,4343064,28.205839844,0.000000000,1602.188924290,54.577064844,422878.000000000,4
long_chain,0,seeded-sync,0,2,200000,1,0,0,0,1,37573205.718750000,24051602,22.142878594,0.000000000,250.000000000,80.000000000,144630.000000000,0
long_chain,0,learned-sync,0,2,200000,1,0,0,0,1,19355761.400258645,24051602,22.142878594,0.000000000,102.847392284,44.978164531,144630.000000000,4
long_chain,0,seeded-sync,1,2,200000,1,0,0,0,1,37573205.718750000,24335691,22.142878594,0.000000000,250.000000000,80.000000000,144630.000000000,0
long_chain,0,learned-sync,1,2,200000,1,0,0,0,1,19355761.400258645,24335691,22.142878594,0.000000000,102.847392284,44.978164531,144630.000000000,4
long_chain,0,seeded-sync,2,2,200000,1,0,0,0,1,37573205.718750000,34304196,22.142878594,0.000000000,250.000000000,80.000000000,144630.000000000,0
long_chain,0,learned-sync,2,2,200000,1,0,0,0,1,19355761.400258645,34304196,22.142878594,0.000000000,102.847392284,44.978164531,144630.000000000,4
long_chain,0,seeded-sync,3,2,200000,1,0,0,0,1,37573205.718750000,29597409,22.142878594,0.000000000,250.000000000,80.000000000,144630.000000000,0
long_chain,0,learned-sync,3,2,200000,1,0,0,0,1,19355761.400258645,29597409,22.142878594,0.000000000,102.847392284,44.978164531,144630.000000000,4
long_chain,0,seeded-sync,4,2,200000,1,0,0,0,1,37573205.718750000,24216088,22.142878594,0.000000000,250.000000000,80.000000000,144630.000000000,0
long_chain,0,learned-sync,4,2,200000,1,0,0,0,1,19355761.400258645,24216088,22.142878594,0.000000000,102.847392284,44.978164531,144630.000000000,4
long_chain,0,seeded-sync,5,2,200000,1,0,0,0,1,37573205.718750000,24196652,22.142878594,0.000000000,250.000000000,80.000000000,144630.000000000,0
long_chain,0,learned-sync,5,2,200000,1,0,0,0,1,19355761.400258645,24196652,22.142878594,0.000000000,102.847392284,44.978164531,144630.000000000,4
long_chain,0,seeded-sync,6,2,200000,1,0,0,0,1,37573205.718750000,24226597,22.142878594,0.000000000,250.000000000,80.000000000,144630.000000000,0
long_chain,0,learned-sync,6,2,200000,1,0,0,0,1,19355761.400258645,24226597,22.142878594,0.000000000,102.847392284,44.978164531,144630.000000000,4
uneven,2,seeded-sync,0,4,8193,3,4,8,0,1,1389870.611720752,746340,42.229862764,70.940627670,250.000000000,80.000000000,222354.000000000,0
uneven,2,learned-sync,0,4,8193,3,4,8,0,1,983671.013523803,746340,42.229862764,70.940627670,79.768170024,51.988980685,222354.000000000,4
uneven,2,seeded-sync,1,4,8193,3,4,8,0,1,1389870.611720752,792967,42.229862764,70.940627670,250.000000000,80.000000000,222354.000000000,0
uneven,2,learned-sync,1,4,8193,3,4,8,0,1,983671.013523803,792967,42.229862764,70.940627670,79.768170024,51.988980685,222354.000000000,4
uneven,2,seeded-sync,2,4,8193,3,4,8,0,1,1389870.611720752,720763,42.229862764,70.940627670,250.000000000,80.000000000,222354.000000000,0
uneven,2,learned-sync,2,4,8193,3,4,8,0,1,983671.013523803,720763,42.229862764,70.940627670,79.768170024,51.988980685,222354.000000000,4
uneven,2,seeded-sync,3,4,8193,3,4,8,0,1,1389870.611720752,720642,42.229862764,70.940627670,250.000000000,80.000000000,222354.000000000,0
uneven,2,learned-sync,3,4,8193,3,4,8,0,1,983671.013523803,720642,42.229862764,70.940627670,79.768170024,51.988980685,222354.000000000,4
uneven,2,seeded-sync,4,4,8193,3,4,8,0,1,1389870.611720752,760646,42.229862764,70.940627670,250.000000000,80.000000000,222354.000000000,0
uneven,2,learned-sync,4,4,8193,3,4,8,0,1,983671.013523803,760646,42.229862764,70.940627670,79.768170024,51.988980685,222354.000000000,4
uneven,2,seeded-sync,5,4,8193,3,4,8,0,1,1389870.611720752,807554,42.229862764,70.940627670,250.000000000,80.000000000,222354.000000000,0
uneven,2,learned-sync,5,4,8193,3,4,8,0,1,983671.013523803,807554,42.229862764,70.940627670,79.768170024,51.988980685,222354.000000000,4
uneven,2,seeded-sync,6,4,8193,3,4,8,0,1,1389870.611720752,729579,42.229862764,70.940627670,250.000000000,80.000000000,222354.000000000,0
uneven,2,learned-sync,6,4,8193,3,4,8,0,1,983671.013523803,729579,42.229862764,70.940627670,79.768170024,51.988980685,222354.000000000,4
tiny_chain,1,seeded-sync,0,5,257,1,0,0,0,1,337893.421875000,343049,22.048334144,0.000000000,250.000000000,80.000000000,315067.000000000,0
tiny_chain,1,learned-sync,0,5,257,1,0,0,0,1,447037.854134051,343049,22.048334144,0.000000000,2379.992126465,48.939263132,315067.000000000,4
tiny_chain,1,seeded-sync,1,5,257,1,0,0,0,1,337893.421875000,349140,22.048334144,0.000000000,250.000000000,80.000000000,315067.000000000,0
tiny_chain,1,learned-sync,1,5,257,1,0,0,0,1,447037.854134051,349140,22.048334144,0.000000000,2379.992126465,48.939263132,315067.000000000,4
tiny_chain,1,seeded-sync,2,5,257,1,0,0,0,1,337893.421875000,368406,22.048334144,0.000000000,250.000000000,80.000000000,315067.000000000,0
tiny_chain,1,learned-sync,2,5,257,1,0,0,0,1,447037.854134051,368406,22.048334144,0.000000000,2379.992126465,48.939263132,315067.000000000,4
tiny_chain,1,seeded-sync,3,5,257,1,0,0,0,1,337893.421875000,376181,22.048334144,0.000000000,250.000000000,80.000000000,315067.000000000,0
tiny_chain,1,learned-sync,3,5,257,1,0,0,0,1,447037.854134051,376181,22.048334144,0.000000000,2379.992126465,48.939263132,315067.000000000,4
tiny_chain,1,seeded-sync,4,5,257,1,0,0,0,1,337893.421875000,360541,22.048334144,0.000000000,250.000000000,80.000000000,315067.000000000,0
tiny_chain,1,learned-sync,4,5,257,1,0,0,0,1,447037.854134051,360541,22.048334144,0.000000000,2379.992126465,48.939263132,315067.000000000,4
tiny_chain,1,seeded-sync,5,5,257,1,0,0,0,1,337893.421875000,349090,22.048334144,0.000000000,250.000000000,80.000000000,315067.000000000,0
tiny_chain,1,learned-sync,5,5,257,1,0,0,0,1,447037.854134051,349090,22.048334144,0.000000000,2379.992126465,48.939263132,315067.000000000,4
tiny_chain,1,seeded-sync,6,5,257,1,0,0,0,1,337893.421875000,382718,22.048334144,0.000000000,250.000000000,80.000000000,315067.000000000,0
tiny_chain,1,learned-sync,6,5,257,1,0,0,0,1,447037.854134051,382718,22.048334144,0.000000000,2379.992126465,48.939263132,315067.000000000,4
independent_before,1,seeded-sync,0,4,32768,4,0,16,0,1,4613029.062500000,2064424,22.662840366,116.578138351,250.000000000,80.000000000,212045.000000000,0
independent_before,1,learned-sync,0,4,32768,4,0,16,0,1,2460835.576026660,2064424,22.662840366,116.578138351,36.345557910,30.935510635,212045.000000000,4
independent_before,1,seeded-sync,1,4,32768,4,0,16,0,1,4613029.062500000,1890371,22.662840366,116.578138351,250.000000000,80.000000000,212045.000000000,0
independent_before,1,learned-sync,1,4,32768,4,0,16,0,1,2460835.576026660,1890371,22.662840366,116.578138351,36.345557910,30.935510635,212045.000000000,4
independent_before,1,seeded-sync,2,4,32768,4,0,16,0,1,4613029.062500000,2148861,22.662840366,116.578138351,250.000000000,80.000000000,212045.000000000,0
independent_before,1,learned-sync,2,4,32768,4,0,16,0,1,2460835.576026660,2148861,22.662840366,116.578138351,36.345557910,30.935510635,212045.000000000,4
independent_before,1,seeded-sync,3,4,32768,4,0,16,0,1,4613029.062500000,2189938,22.662840366,116.578138351,250.000000000,80.000000000,212045.000000000,0
independent_before,1,learned-sync,3,4,32768,4,0,16,0,1,2460835.576026660,2189938,22.662840366,116.578138351,36.345557910,30.935510635,212045.000000000,4
independent_before,1,seeded-sync,4,4,32768,4,0,16,0,1,4613029.062500000,2082349,22.662840366,116.578138351,250.000000000,80.000000000,212045.000000000,0
independent_before,1,learned-sync,4,4,32768,4,0,16,0,1,2460835.576026660,2082349,22.662840366,116.578138351,36.345557910,30.935510635,212045.000000000,4
independent_before,1,seeded-sync,5,4,32768,4,0,16,0,1,4613029.062500000,2009352,22.662840366,116.578138351,250.000000000,80.000000000,212045.000000000,0
independent_before,1,learned-sync,5,4,32768,4,0,16,0,1,2460835.576026660,2009352,22.662840366,116.578138351,36.345557910,30.935510635,212045.000000000,4
independent_before,1,seeded-sync,6,4,32768,4,0,16,0,1,4613029.062500000,2082759,22.662840366,116.578138351,250.000000000,80.000000000,212045.000000000,0
independent_before,1,learned-sync,6,4,32768,4,0,16,0,1,2460835.576026660,2082759,22.662840366,116.578138351,36.345557910,30.935510635,212045.000000000,4
short_chain,0,seeded-sync,0,4,20000,1,0,0,0,1,2361941.265625000,3311057,22.857613281,0.000000000,250.000000000,80.000000000,254789.000000000,0
short_chain,0,learned-sync,0,4,20000,1,0,0,0,1,3645752.884703024,3311057,22.857613281,0.000000000,530.632562097,56.129761719,254789.000000000,4
short_chain,0,seeded-sync,1,4,20000,1,0,0,0,1,2361941.265625000,3212723,22.857613281,0.000000000,250.000000000,80.000000000,254789.000000000,0
short_chain,0,learned-sync,1,4,20000,1,0,0,0,1,3645752.884703024,3212723,22.857613281,0.000000000,530.632562097,56.129761719,254789.000000000,4
short_chain,0,seeded-sync,2,4,20000,1,0,0,0,1,2361941.265625000,3529684,22.857613281,0.000000000,250.000000000,80.000000000,254789.000000000,0
short_chain,0,learned-sync,2,4,20000,1,0,0,0,1,3645752.884703024,3529684,22.857613281,0.000000000,530.632562097,56.129761719,254789.000000000,4
short_chain,0,seeded-sync,3,4,20000,1,0,0,0,1,2361941.265625000,3184511,22.857613281,0.000000000,250.000000000,80.000000000,254789.000000000,0
short_chain,0,learned-sync,3,4,20000,1,0,0,0,1,3645752.884703024,3184511,22.857613281,0.000000000,530.632562097,56.129761719,254789.000000000,4
short_chain,0,seeded-sync,4,4,20000,1,0,0,0,1,2361941.265625000,3244762,22.857613281,0.000000000,250.000000000,80.000000000,254789.000000000,0
short_chain,0,learned-sync,4,4,20000,1,0,0,0,1,3645752.884703024,3244762,22.857613281,0.000000000,530.632562097,56.129761719,254789.000000000,4
short_chain,0,seeded-sync,5,4,20000,1,0,0,0,1,2361941.265625000,3223332,22.857613281,0.000000000,250.000000000,80.000000000,254789.000000000,0
short_chain,0,learned-sync,5,4,20000,1,0,0,0,1,3645752.884703024,3223332,22.857613281,0.000000000,530.632562097,56.129761719,254789.000000000,4
short_chain,0,seeded-sync,6,4,20000,1,0,0,0,1,2361941.265625000,3379900,22.857613281,0.000000000,250.000000000,80.000000000,254789.000000000,0
short_chain,0,learned-sync,6,4,20000,1,0,0,0,1,3645752.884703024,3379900,22.857613281,0.000000000,530.632562097,56.129761719,254789.000000000,4
long_four_chains,2,seeded-sync,0,2,200000,4,0,0,0,1,37699550.187500000,11508663,22.617990938,0.000000000,250.000000000,80.000000000,175952.000000000,0
long_four_chains,2,learned-sync,0,2,200000,4,0,0,0,1,10423981.432691310,11508663,22.617990938,0.000000000,27.259314405,29.984998047,175952.000000000,4
long_four_chains,2,seeded-sync,1,2,200000,4,0,0,0,1,37699550.187500000,11011146,22.617990938,0.000000000,250.000000000,80.000000000,175952.000000000,0
long_four_chains,2,learned-sync,1,2,200000,4,0,0,0,1,10423981.432691310,11011146,22.617990938,0.000000000,27.259314405,29.984998047,175952.000000000,4
long_four_chains,2,seeded-sync,2,2,200000,4,0,0,0,1,37699550.187500000,12015221,22.617990938,0.000000000,250.000000000,80.000000000,175952.000000000,0
long_four_chains,2,learned-sync,2,2,200000,4,0,0,0,1,10423981.432691310,12015221,22.617990938,0.000000000,27.259314405,29.984998047,175952.000000000,4
long_four_chains,2,seeded-sync,3,2,200000,4,0,0,0,1,37699550.187500000,11698972,22.617990938,0.000000000,250.000000000,80.000000000,175952.000000000,0
long_four_chains,2,learned-sync,3,2,200000,4,0,0,0,1,10423981.432691310,11698972,22.617990938,0.000000000,27.259314405,29.984998047,175952.000000000,4
long_four_chains,2,seeded-sync,4,2,200000,4,0,0,0,1,37699550.187500000,11642141,22.617990938,0.000000000,250.000000000,80.000000000,175952.000000000,0
long_four_chains,2,learned-sync,4,2,200000,4,0,0,0,1,10423981.432691310,11642141,22.617990938,0.000000000,27.259314405,29.984998047,175952.000000000,4
long_four_chains,2,seeded-sync,5,2,200000,4,0,0,0,1,37699550.187500000,10929785,22.617990938,0.000000000,250.000000000,80.000000000,175952.000000000,0
long_four_chains,2,learned-sync,5,2,200000,4,0,0,0,1,10423981.432691310,10929785,22.617990938,0.000000000,27.259314405,29.984998047,175952.000000000,4
long_four_chains,2,seeded-sync,6,2,200000,4,0,0,0,1,37699550.187500000,10615495,22.617990938,0.000000000,250.000000000,80.000000000,175952.000000000,0
long_four_chains,2,learned-sync,6,2,200000,4,0,0,0,1,10423981.432691310,10615495,22.617990938,0.000000000,27.259314405,29.984998047,175952.000000000,4
independent_before,2,seeded-sync,0,5,32768,4,0,16,0,1,3951202.536169052,2102315,22.326806545,117.363860130,250.000000000,80.000000000,287575.000000000,0
independent_before,2,learned-sync,0,5,32768,4,0,16,0,1,2588446.619268395,2102315,22.326806545,117.363860130,73.387866637,48.684773445,287575.000000000,4
independent_before,2,seeded-sync,1,5,32768,4,0,16,0,1,3951202.536169052,2286087,22.326806545,117.363860130,250.000000000,80.000000000,287575.000000000,0
independent_before,2,learned-sync,1,5,32768,4,0,16,0,1,2588446.619268395,2286087,22.326806545,117.363860130,73.387866637,48.684773445,287575.000000000,4
independent_before,2,seeded-sync,2,5,32768,4,0,16,0,1,3951202.536169052,2171604,22.326806545,117.363860130,250.000000000,80.000000000,287575.000000000,0
independent_before,2,learned-sync,2,5,32768,4,0,16,0,1,2588446.619268395,2171604,22.326806545,117.363860130,73.387866637,48.684773445,287575.000000000,4
independent_before,2,seeded-sync,3,5,32768,4,0,16,0,1,3951202.536169052,2112555,22.326806545,117.363860130,250.000000000,80.000000000,287575.000000000,0
independent_before,2,learned-sync,3,5,32768,4,0,16,0,1,2588446.619268395,2112555,22.326806545,117.363860130,73.387866637,48.684773445,287575.000000000,4
independent_before,2,seeded-sync,4,5,32768,4,0,16,0,1,3951202.536169052,2091064,22.326806545,117.363860130,250.000000000,80.000000000,287575.000000000,0
independent_before,2,learned-sync,4,5,32768,4,0,16,0,1,2588446.619268395,2091064,22.326806545,117.363860130,73.387866637,48.684773445,287575.000000000,4
independent_before,2,seeded-sync,5,5,32768,4,0,16,0,1,3951202.536169052,2107845,22.326806545,117.363860130,250.000000000,80.000000000,287575.000000000,0
independent_before,2,learned-sync,5,5,32768,4,0,16,0,1,2588446.619268395,2107845,22.326806545,117.363860130,73.387866637,48.684773445,287575.000000000,4
independent_before,2,seeded-sync,6,5,32768,4,0,16,0,1,3951202.536169052,2284514,22.326806545,117.363860130,250.000000000,80.000000000,287575.000000000,0
independent_before,2,learned-sync,6,5,32768,4,0,16,0,1,2588446.619268395,2284514,22.326806545,117.363860130,73.387866637,48.684773445,287575.000000000,4
short_chain,0,seeded-sync,0,8,20000,1,0,0,0,1,1680765.765625000,4860512,21.839738281,0.000000000,250.000000000,80.000000000,418971.000000000,0
short_chain,0,learned-sync,0,8,20000,1,0,0,0,1,4764528.146588385,4860512,21.839738281,0.000000000,1510.297707073,53.207245313,418971.000000000,4
short_chain,0,seeded-sync,1,8,20000,1,0,0,0,1,1680765.765625000,5550717,21.839738281,0.000000000,250.000000000,80.000000000,418971.000000000,0
short_chain,0,learned-sync,1,8,20000,1,0,0,0,1,4764528.146588385,5550717,21.839738281,0.000000000,1510.297707073,53.207245313,418971.000000000,4
short_chain,0,seeded-sync,2,8,20000,1,0,0,0,1,1680765.765625000,4931306,21.839738281,0.000000000,250.000000000,80.000000000,418971.000000000,0
short_chain,0,learned-sync,2,8,20000,1,0,0,0,1,4764528.146588385,4931306,21.839738281,0.000000000,1510.297707073,53.207245313,418971.000000000,4
short_chain,0,seeded-sync,3,8,20000,1,0,0,0,1,1680765.765625000,4825661,21.839738281,0.000000000,250.000000000,80.000000000,418971.000000000,0
short_chain,0,learned-sync,3,8,20000,1,0,0,0,1,4764528.146588385,4825661,21.839738281,0.000000000,1510.297707073,53.207245313,418971.000000000,4
short_chain,0,seeded-sync,4,8,20000,1,0,0,0,1,1680765.765625000,4675142,21.839738281,0.000000000,250.000000000,80.000000000,418971.000000000,0
short_chain,0,learned-sync,4,8,20000,1,0,0,0,1,4764528.146588385,4675142,21.839738281,0.000000000,1510.297707073,53.207245313,418971.000000000,4
short_chain,0,seeded-sync,5,8,20000,1,0,0,0,1,1680765.765625000,4355992,21.839738281,0.000000000,250.000000000,80.000000000,418971.000000000,0
short_chain,0,learned-sync,5,8,20000,1,0,0,0,1,4764528.146588385,4355992,21.839738281,0.000000000,1510.297707073,53.207245313,418971.000000000,4
short_chain,0,seeded-sync,6,8,20000,1,0,0,0,1,1680765.765625000,4354470,21.839738281,0.000000000,250.000000000,80.000000000,418971.000000000,0
short_chain,0,learned-sync,6,8,20000,1,0,0,0,1,4764528.146588385,4354470,21.839738281,0.000000000,1510.297707073,53.207245313,418971.000000000,4
independent_before,2,seeded-sync,0,6,32768,4,0,16,0,1,3573153.325626373,2009324,22.656772137,118.527502060,250.000000000,80.000000000,380879.000000000,0
independent_before,2,learned-sync,0,6,32768,4,0,16,0,1,2563531.466246126,2009324,22.656772137,118.527502060,96.883774398,48.271505833,380879.000000000,4
independent_before,2,seeded-sync,1,6,32768,4,0,16,0,1,3573153.325626373,2015343,22.656772137,118.527502060,250.000000000,80.000000000,380879.000000000,0
independent_before,2,learned-sync,1,6,32768,4,0,16,0,1,2563531.466246126,2015343,22.656772137,118.527502060,96.883774398,48.271505833,380879.000000000,4
independent_before,2,seeded-sync,2,6,32768,4,0,16,0,1,3573153.325626373,1849314,22.656772137,118.527502060,250.000000000,80.000000000,380879.000000000,0
independent_before,2,learned-sync,2,6,32768,4,0,16,0,1,2563531.466246126,1849314,22.656772137,118.527502060,96.883774398,48.271505833,380879.000000000,4
independent_before,2,seeded-sync,3,6,32768,4,0,16,0,1,3573153.325626373,1968165,22.656772137,118.527502060,250.000000000,80.000000000,380879.000000000,0
independent_before,2,learned-sync,3,6,32768,4,0,16,0,1,2563531.466246126,1968165,22.656772137,118.527502060,96.883774398,48.271505833,380879.000000000,4
independent_before,2,seeded-sync,4,6,32768,4,0,16,0,1,3573153.325626373,2020233,22.656772137,118.527502060,250.000000000,80.000000000,380879.000000000,0
independent_before,2,learned-sync,4,6,32768,4,0,16,0,1,2563531.466246126,2020233,22.656772137,118.527502060,96.883774398,48.271505833,380879.000000000,4
independent_before,2,seeded-sync,5,6,32768,4,0,16,0,1,3573153.325626373,1917551,22.656772137,118.527502060,250.000000000,80.000000000,380879.000000000,0
independent_before,2,learned-sync,5,6,32768,4,0,16,0,1,2563531.466246126,1917551,22.656772137,118.527502060,96.883774398,48.271505833,380879.000000000,4
independent_before,2,seeded-sync,6,6,32768,4,0,16,0,1,3573153.325626373,1992611,22.656772137,118.527502060,250.000000000,80.000000000,380879.000000000,0
independent_before,2,learned-sync,6,6,32768,4,0,16,0,1,2563531.466246126,1992611,22.656772137,118.527502060,96.883774398,48.271505833,380879.000000000,4
short_four_chains,1,seeded-sync,0,4,20000,4,0,0,0,1,2324811.968750000,918140,23.555148438,0.000000000,250.000000000,80.000000000,203709.000000000,0
short_four_chains,1,learned-sync,0,4,20000,4,0,0,0,1,1017349.464863285,918140,23.555148438,0.000000000,32.730488285,35.777010938,203709.000000000,4
short_four_chains,1,seeded-sync,1,4,20000,4,0,0,0,1,2324811.968750000,757000,23.555148438,0.000000000,250.000000000,80.000000000,203709.000000000,0
short_four_chains,1,learned-sync,1,4,20000,4,0,0,0,1,1017349.464863285,757000,23.555148438,0.000000000,32.730488285,35.777010938,203709.000000000,4
short_four_chains,1,seeded-sync,2,4,20000,4,0,0,0,1,2324811.968750000,1097343,23.555148438,0.000000000,250.000000000,80.000000000,203709.000000000,0
short_four_chains,1,learned-sync,2,4,20000,4,0,0,0,1,1017349.464863285,1097343,23.555148438,0.000000000,32.730488285,35.777010938,203709.000000000,4
short_four_chains,1,seeded-sync,3,4,20000,4,0,0,0,1,2324811.968750000,1048382,23.555148438,0.000000000,250.000000000,80.000000000,203709.000000000,0
short_four_chains,1,learned-sync,3,4,20000,4,0,0,0,1,1017349.464863285,1048382,23.555148438,0.000000000,32.730488285,35.777010938,203709.000000000,4
short_four_chains,1,seeded-sync,4,4,20000,4,0,0,0,1,2324811.968750000,823093,23.555148438,0.000000000,250.000000000,80.000000000,203709.000000000,0
short_four_chains,1,learned-sync,4,4,20000,4,0,0,0,1,1017349.464863285,823093,23.555148438,0.000000000,32.730488285,35.777010938,203709.000000000,4
short_four_chains,1,seeded-sync,5,4,20000,4,0,0,0,1,2324811.968750000,795582,23.555148438,0.000000000,250.000000000,80.000000000,203709.000000000,0
short_four_chains,1,learned-sync,5,4,20000,4,0,0,0,1,1017349.464863285,795582,23.555148438,0.000000000,32.730488285,35.777010938,203709.000000000,4
short_four_chains,1,seeded-sync,6,4,20000,4,0,0,0,1,2324811.968750000,1012627,23.555148438,0.000000000,250.000000000,80.000000000,203709.000000000,0
short_four_chains,1,learned-sync,6,4,20000,4,0,0,0,1,1017349.464863285,1012627,23.555148438,0.000000000,32.730488285,35.777010938,203709.000000000,4
short_four_chains,1,seeded-sync,0,6,20000,4,0,0,0,1,1893810.000000000,1015149,22.142850000,0.000000000,250.000000000,80.000000000,350733.000000000,0
short_four_chains,1,learned-sync,0,6,20000,4,0,0,0,1,1292320.673902002,1015149,22.142850000,0.000000000,100.058287439,49.530996875,350733.000000000,4
short_four_chains,1,seeded-sync,1,6,20000,4,0,0,0,1,1893810.000000000,1070663,22.142850000,0.000000000,250.000000000,80.000000000,350733.000000000,0
short_four_chains,1,learned-sync,1,6,20000,4,0,0,0,1,1292320.673902002,1070663,22.142850000,0.000000000,100.058287439,49.530996875,350733.000000000,4
short_four_chains,1,seeded-sync,2,6,20000,4,0,0,0,1,1893810.000000000,1449650,22.142850000,0.000000000,250.000000000,80.000000000,350733.000000000,0
short_four_chains,1,learned-sync,2,6,20000,4,0,0,0,1,1292320.673902002,1449650,22.142850000,0.000000000,100.058287439,49.530996875,350733.000000000,4
short_four_chains,1,seeded-sync,3,6,20000,4,0,0,0,1,1893810.000000000,1120697,22.142850000,0.000000000,250.000000000,80.000000000,350733.000000000,0
short_four_chains,1,learned-sync,3,6,20000,4,0,0,0,1,1292320.673902002,1120697,22.142850000,0.000000000,100.058287439,49.530996875,350733.000000000,4
short_four_chains,1,seeded-sync,4,6,20000,4,0,0,0,1,1893810.000000000,1228498,22.142850000,0.000000000,250.000000000,80.000000000,350733.000000000,0
short_four_chains,1,learned-sync,4,6,20000,4,0,0,0,1,1292320.673902002,1228498,22.142850000,0.000000000,100.058287439,49.530996875,350733.000000000,4
short_four_chains,1,seeded-sync,5,6,20000,4,0,0,0,1,1893810.000000000,1033104,22.142850000,0.000000000,250.000000000,80.000000000,350733.000000000,0
short_four_chains,1,learned-sync,5,6,20000,4,0,0,0,1,1292320.673902002,1033104,22.142850000,0.000000000,100.058287439,49.530996875,350733.000000000,4
short_four_chains,1,seeded-sync,6,6,20000,4,0,0,0,1,1893810.000000000,1040077,22.142850000,0.000000000,250.000000000,80.000000000,350733.000000000,0
short_four_chains,1,learned-sync,6,6,20000,4,0,0,0,1,1292320.673902002,1040077,22.142850000,0.000000000,100.058287439,49.530996875,350733.000000000,4
short_many_chains,2,seeded-sync,0,3,20000,64,0,0,0,1,2838483.796875000,1045668,22.569289844,0.000000000,250.000000000,80.000000000,186988.000000000,0
short_many_chains,2,learned-sync,0,3,20000,64,0,0,0,1,1220659.827783704,1045668,22.569289844,0.000000000,45.257633803,42.080903906,186988.000000000,4
short_many_chains,2,seeded-sync,1,3,20000,64,0,0,0,1,2838483.796875000,1025770,22.569289844,0.000000000,250.000000000,80.000000000,186988.000000000,0
short_many_chains,2,learned-sync,1,3,20000,64,0,0,0,1,1220659.827783704,1025770,22.569289844,0.000000000,45.257633803,42.080903906,186988.000000000,4
short_many_chains,2,seeded-sync,2,3,20000,64,0,0,0,1,2838483.796875000,1161533,22.569289844,0.000000000,250.000000000,80.000000000,186988.000000000,0
short_many_chains,2,learned-sync,2,3,20000,64,0,0,0,1,1220659.827783704,1161533,22.569289844,0.000000000,45.257633803,42.080903906,186988.000000000,4
short_many_chains,2,seeded-sync,3,3,20000,64,0,0,0,1,2838483.796875000,1233136,22.569289844,0.000000000,250.000000000,80.000000000,186988.000000000,0
short_many_chains,2,learned-sync,3,3,20000,64,0,0,0,1,1220659.827783704,1233136,22.569289844,0.000000000,45.257633803,42.080903906,186988.000000000,4
short_many_chains,2,seeded-sync,4,3,20000,64,0,0,0,1,2838483.796875000,1193257,22.569289844,0.000000000,250.000000000,80.000000000,186988.000000000,0
short_many_chains,2,learned-sync,4,3,20000,64,0,0,0,1,1220659.827783704,1193257,22.569289844,0.000000000,45.257633803,42.080903906,186988.000000000,4
short_many_chains,2,seeded-sync,5,3,20000,64,0,0,0,1,2838483.796875000,1065895,22.569289844,0.000000000,250.000000000,80.000000000,186988.000000000,0
short_many_chains,2,learned-sync,5,3,20000,64,0,0,0,1,1220659.827783704,1065895,22.569289844,0.000000000,45.257633803,42.080903906,186988.000000000,4
short_many_chains,2,seeded-sync,6,3,20000,64,0,0,0,1,2838483.796875000,1025840,22.569289844,0.000000000,250.000000000,80.000000000,186988.000000000,0
short_many_chains,2,learned-sync,6,3,20000,64,0,0,0,1,1220659.827783704,1025840,22.569289844,0.000000000,45.257633803,42.080903906,186988.000000000,4
dependent_compute,0,seeded-sync,0,4,32768,1,16,0,0,1,6740659.093750000,8138052,116.777224541,0.000000000,250.000000000,80.000000000,210743.000000000,0
dependent_compute,0,learned-sync,0,4,32768,1,16,0,0,1,10670754.397372570,8138052,116.777224541,0.000000000,756.730115284,53.017846584,210743.000000000,4
dependent_compute,0,seeded-sync,1,4,32768,1,16,0,0,1,6740659.093750000,7841066,116.777224541,0.000000000,250.000000000,80.000000000,210743.000000000,0
dependent_compute,0,learned-sync,1,4,32768,1,16,0,0,1,10670754.397372570,7841066,116.777224541,0.000000000,756.730115284,53.017846584,210743.000000000,4
dependent_compute,0,seeded-sync,2,4,32768,1,16,0,0,1,6740659.093750000,8275853,116.777224541,0.000000000,250.000000000,80.000000000,210743.000000000,0
dependent_compute,0,learned-sync,2,4,32768,1,16,0,0,1,10670754.397372570,8275853,116.777224541,0.000000000,756.730115284,53.017846584,210743.000000000,4
dependent_compute,0,seeded-sync,3,4,32768,1,16,0,0,1,6740659.093750000,7832647,116.777224541,0.000000000,250.000000000,80.000000000,210743.000000000,0
dependent_compute,0,learned-sync,3,4,32768,1,16,0,0,1,10670754.397372570,7832647,116.777224541,0.000000000,756.730115284,53.017846584,210743.000000000,4
dependent_compute,0,seeded-sync,4,4,32768,1,16,0,0,1,6740659.093750000,8311094,116.777224541,0.000000000,250.000000000,80.000000000,210743.000000000,0
dependent_compute,0,learned-sync,4,4,32768,1,16,0,0,1,10670754.397372570,8311094,116.777224541,0.000000000,756.730115284,53.017846584,210743.000000000,4
dependent_compute,0,seeded-sync,5,4,32768,1,16,0,0,1,6740659.093750000,7948463,116.777224541,0.000000000,250.000000000,80.000000000,210743.000000000,0
dependent_compute,0,learned-sync,5,4,32768,1,16,0,0,1,10670754.397372570,7948463,116.777224541,0.000000000,756.730115284,53.017846584,210743.000000000,4
dependent_compute,0,seeded-sync,6,4,32768,1,16,0,0,1,6740659.093750000,8481329,116.777224541,0.000000000,250.000000000,80.000000000,210743.000000000,0
dependent_compute,0,learned-sync,6,4,32768,1,16,0,0,1,10670754.397372570,8481329,116.777224541,0.000000000,756.730115284,53.017846584,210743.000000000,4
long_four_chains,0,seeded-sync,0,7,200000,4,0,0,0,1,14244833.640625000,9646376,22.285328203,0.000000000,250.000000000,80.000000000,359008.000000000,0
long_four_chains,0,learned-sync,0,7,200000,4,0,0,0,1,11615682.797197264,9646376,22.285328203,0.000000000,167.671346864,70.310213984,359008.000000000,4
long_four_chains,0,seeded-sync,1,7,200000,4,0,0,0,1,14244833.640625000,9348669,22.285328203,0.000000000,250.000000000,80.000000000,359008.000000000,0
long_four_chains,0,learned-sync,1,7,200000,4,0,0,0,1,11615682.797197264,9348669,22.285328203,0.000000000,167.671346864,70.310213984,359008.000000000,4
long_four_chains,0,seeded-sync,2,7,200000,4,0,0,0,1,14244833.640625000,9711395,22.285328203,0.000000000,250.000000000,80.000000000,359008.000000000,0
long_four_chains,0,learned-sync,2,7,200000,4,0,0,0,1,11615682.797197264,9711395,22.285328203,0.000000000,167.671346864,70.310213984,359008.000000000,4
long_four_chains,0,seeded-sync,3,7,200000,4,0,0,0,1,14244833.640625000,10363202,22.285328203,0.000000000,250.000000000,80.000000000,359008.000000000,0
long_four_chains,0,learned-sync,3,7,200000,4,0,0,0,1,11615682.797197264,10363202,22.285328203,0.000000000,167.671346864,70.310213984,359008.000000000,4
long_four_chains,0,seeded-sync,4,7,200000,4,0,0,0,1,14244833.640625000,9747421,22.285328203,0.000000000,250.000000000,80.000000000,359008.000000000,0
long_four_chains,0,learned-sync,4,7,200000,4,0,0,0,1,11615682.797197264,9747421,22.285328203,0.000000000,167.671346864,70.310213984,359008.000000000,4
long_four_chains,0,seeded-sync,5,7,200000,4,0,0,0,1,14244833.640625000,9540908,22.285328203,0.000000000,250.000000000,80.000000000,359008.000000000,0
long_four_chains,0,learned-sync,5,7,200000,4,0,0,0,1,11615682.797197264,9540908,22.285328203,0.000000000,167.671346864,70.310213984,359008.000000000,4
long_four_chains,0,seeded-sync,6,7,200000,4,0,0,0,1,14244833.640625000,10180952,22.285328203,0.000000000,250.000000000,80.000000000,359008.000000000,0
long_four_chains,0,learned-sync,6,7,200000,4,0,0,0,1,11615682.797197264,10180952,22.285328203,0.000000000,167.671346864,70.310213984,359008.000000000,4
dependent_compute,2,seeded-sync,0,7,32768,1,16,0,0,1,5750529.906250000,8741670,117.462643623,0.000000000,250.000000000,80.000000000,356454.000000000,0
dependent_compute,2,learned-sync,0,7,32768,1,16,0,0,1,11822028.279239228,8741670,117.462643623,0.000000000,1575.010589446,51.763945580,356454.000000000,4
dependent_compute,2,seeded-sync,1,7,32768,1,16,0,0,1,5750529.906250000,9054933,117.462643623,0.000000000,250.000000000,80.000000000,356454.000000000,0
dependent_compute,2,learned-sync,1,7,32768,1,16,0,0,1,11822028.279239228,9054933,117.462643623,0.000000000,1575.010589446,51.763945580,356454.000000000,4
dependent_compute,2,seeded-sync,2,7,32768,1,16,0,0,1,5750529.906250000,8746639,117.462643623,0.000000000,250.000000000,80.000000000,356454.000000000,0
dependent_compute,2,learned-sync,2,7,32768,1,16,0,0,1,11822028.279239228,8746639,117.462643623,0.000000000,1575.010589446,51.763945580,356454.000000000,4
dependent_compute,2,seeded-sync,3,7,32768,1,16,0,0,1,5750529.906250000,9598285,117.462643623,0.000000000,250.000000000,80.000000000,356454.000000000,0
dependent_compute,2,learned-sync,3,7,32768,1,16,0,0,1,11822028.279239228,9598285,117.462643623,0.000000000,1575.010589446,51.763945580,356454.000000000,4
dependent_compute,2,seeded-sync,4,7,32768,1,16,0,0,1,5750529.906250000,10234771,117.462643623,0.000000000,250.000000000,80.000000000,356454.000000000,0
dependent_compute,2,learned-sync,4,7,32768,1,16,0,0,1,11822028.279239228,10234771,117.462643623,0.000000000,1575.010589446,51.763945580,356454.000000000,4
dependent_compute,2,seeded-sync,5,7,32768,1,16,0,0,1,5750529.906250000,9134240,117.462643623,0.000000000,250.000000000,80.000000000,356454.000000000,0
dependent_compute,2,learned-sync,5,7,32768,1,16,0,0,1,11822028.279239228,9134240,117.462643623,0.000000000,1575.010589446,51.763945580,356454.000000000,4
dependent_compute,2,seeded-sync,6,7,32768,1,16,0,0,1,5750529.906250000,10004072,117.462643623,0.000000000,250.000000000,80.000000000,356454.000000000,0
dependent_compute,2,learned-sync,6,7,32768,1,16,0,0,1,11822028.279239228,10004072,117.462643623,0.000000000,1575.010589446,51.763945580,356454.000000000,4
two_streams,1,seeded-sync,0,8,32768,4,0,0,0,2,3981782.171875000,2357285,23.360509396,0.000000000,250.000000000,80.000000000,512945.000000000,0
two_streams,1,learned-sync,0,8,32768,4,0,0,0,2,2602855.848422382,2357285,23.360509396,0.000000000,114.448031757,47.226001024,512945.000000000,4
two_streams,1,seeded-sync,1,8,32768,4,0,0,0,2,3981782.171875000,2343163,23.360509396,0.000000000,250.000000000,80.000000000,512945.000000000,0
two_streams,1,learned-sync,1,8,32768,4,0,0,0,2,2602855.848422382,2343163,23.360509396,0.000000000,114.448031757,47.226001024,512945.000000000,4
two_streams,1,seeded-sync,2,8,32768,4,0,0,0,2,3981782.171875000,2361172,23.360509396,0.000000000,250.000000000,80.000000000,512945.000000000,0
two_streams,1,learned-sync,2,8,32768,4,0,0,0,2,2602855.848422382,2361172,23.360509396,0.000000000,114.448031757,47.226001024,512945.000000000,4
two_streams,1,seeded-sync,3,8,32768,4,0,0,0,2,3981782.171875000,2461128,23.360509396,0.000000000,250.000000000,80.000000000,512945.000000000,0
two_streams,1,learned-sync,3,8,32768,4,0,0,0,2,2602855.848422382,2461128,23.360509396,0.000000000,114.448031757,47.226001024,512945.000000000,4
two_streams,1,seeded-sync,4,8,32768,4,0,0,0,2,3981782.171875000,2662762,23.360509396,0.000000000,250.000000000,80.000000000,512945.000000000,0
two_streams,1,learned-sync,4,8,32768,4,0,0,0,2,2602855.848422382,2662762,23.360509396,0.000000000,114.448031757,47.226001024,512945.000000000,4
two_streams,1,seeded-sync,5,8,32768,4,0,0,0,2,3981782.171875000,2687174,23.360509396,0.000000000,250.000000000,80.000000000,512945.000000000,0
two_streams,1,learned-sync,5,8,32768,4,0,0,0,2,2602855.848422382,2687174,23.360509396,0.000000000,114.448031757,47.226001024,512945.000000000,4
two_streams,1,seeded-sync,6,8,32768,4,0,0,0,2,3981782.171875000,2665094,23.360509396,0.000000000,250.000000000,80.000000000,512945.000000000,0
two_streams,1,learned-sync,6,8,32768,4,0,0,0,2,2602855.848422382,2665094,23.360509396,0.000000000,114.448031757,47.226001024,512945.000000000,4
independent_after,2,seeded-sync,0,5,32768,4,0,16,1,1,4062197.669173241,2412278,23.946527004,120.844808102,250.000000000,80.000000000,322681.000000000,0
independent_after,2,learned-sync,0,5,32768,4,0,16,1,1,2917103.945111302,2412278,23.946527004,120.844808102,105.711121105,49.572106838,322681.000000000,4
independent_after,2,seeded-sync,1,5,32768,4,0,16,1,1,4062197.669173241,2417561,23.946527004,120.844808102,250.000000000,80.000000000,322681.000000000,0
independent_after,2,learned-sync,1,5,32768,4,0,16,1,1,2917103.945111302,2417561,23.946527004,120.844808102,105.711121105,49.572106838,322681.000000000,4
independent_after,2,seeded-sync,2,5,32768,4,0,16,1,1,4062197.669173241,2291058,23.946527004,120.844808102,250.000000000,80.000000000,322681.000000000,0
independent_after,2,learned-sync,2,5,32768,4,0,16,1,1,2917103.945111302,2291058,23.946527004,120.844808102,105.711121105,49.572106838,322681.000000000,4
independent_after,2,seeded-sync,3,5,32768,4,0,16,1,1,4062197.669173241,2271139,23.946527004,120.844808102,250.000000000,80.000000000,322681.000000000,0
independent_after,2,learned-sync,3,5,32768,4,0,16,1,1,2917103.945111302,2271139,23.946527004,120.844808102,105.711121105,49.572106838,322681.000000000,4
independent_after,2,seeded-sync,4,5,32768,4,0,16,1,1,4062197.669173241,2388717,23.946527004,120.844808102,250.000000000,80.000000000,322681.000000000,0
independent_after,2,learned-sync,4,5,32768,4,0,16,1,1,2917103.945111302,2388717,23.946527004,120.844808102,105.711121105,49.572106838,322681.000000000,4
independent_after,2,seeded-sync,5,5,32768,4,0,16,1,1,4062197.669173241,2689859,23.946527004,120.844808102,250.000000000,80.000000000,322681.000000000,0
independent_after,2,learned-sync,5,5,32768,4,0,16,1,1,2917103.945111302,2689859,23.946527004,120.844808102,105.711121105,49.572106838,322681.000000000,4
independent_after,2,seeded-sync,6,5,32768,4,0,16,1,1,4062197.669173241,3122114,23.946527004,120.844808102,250.000000000,80.000000000,322681.000000000,0
independent_after,2,learned-sync,6,5,32768,4,0,16,1,1,2917103.945111302,3122114,23.946527004,120.844808102,105.711121105,49.572106838,322681.000000000,4
large_arrays,1,seeded-sync,0,3,1000000,64,0,0,0,1,132757057.859375000,42920542,22.531637859,0.000000000,250.000000000,80.000000000,225200.000000000,0
large_arrays,1,learned-sync,0,3,1000000,64,0,0,0,1,47514838.698040634,42920542,22.531637859,0.000000000,35.682365843,38.591488125,225200.000000000,4
large_arrays,1,seeded-sync,1,3,1000000,64,0,0,0,1,132757057.859375000,42634083,22.531637859,0.000000000,250.000000000,80.000000000,225200.000000000,0
large_arrays,1,learned-sync,1,3,1000000,64,0,0,0,1,47514838.698040634,42634083,22.531637859,0.000000000,35.682365843,38.591488125,225200.000000000,4
large_arrays,1,seeded-sync,2,3,1000000,64,0,0,0,1,132757057.859375000,42997455,22.531637859,0.000000000,250.000000000,80.000000000,225200.000000000,0
large_arrays,1,learned-sync,2,3,1000000,64,0,0,0,1,47514838.698040634,42997455,22.531637859,0.000000000,35.682365843,38.591488125,225200.000000000,4
large_arrays,1,seeded-sync,3,3,1000000,64,0,0,0,1,132757057.859375000,52832025,22.531637859,0.000000000,250.000000000,80.000000000,225200.000000000,0
large_arrays,1,learned-sync,3,3,1000000,64,0,0,0,1,47514838.698040634,52832025,22.531637859,0.000000000,35.682365843,38.591488125,225200.000000000,4
large_arrays,1,seeded-sync,4,3,1000000,64,0,0,0,1,132757057.859375000,49736485,22.531637859,0.000000000,250.000000000,80.000000000,225200.000000000,0
large_arrays,1,learned-sync,4,3,1000000,64,0,0,0,1,47514838.698040634,49736485,22.531637859,0.000000000,35.682365843,38.591488125,225200.000000000,4
large_arrays,1,seeded-sync,5,3,1000000,64,0,0,0,1,132757057.859375000,43619542,22.531637859,0.000000000,250.000000000,80.000000000,225200.000000000,0
large_arrays,1,learned-sync,5,3,1000000,64,0,0,0,1,47514838.698040634,43619542,22.531637859,0.000000000,35.682365843,38.591488125,225200.000000000,4
large_arrays,1,seeded-sync,6,3,1000000,64,0,0,0,1,132757057.859375000,42778433,22.531637859,0.000000000,250.000000000,80.000000000,225200.000000000,0
large_arrays,1,learned-sync,6,3,1000000,64,0,0,0,1,47514838.698040634,42778433,22.531637859,0.000000000,35.682365843,38.591488125,225200.000000000,4
independent_before,1,seeded-sync,0,6,32768,4,0,16,0,1,3528721.943740845,1887695,22.268441200,117.306236267,250.000000000,80.000000000,355843.000000000,0
independent_before,1,learned-sync,0,6,32768,4,0,16,0,1,2474982.227796617,1887695,22.268441200,117.306236267,89.742569493,47.335475922,355843.000000000,4
independent_before,1,seeded-sync,1,6,32768,4,0,16,0,1,3528721.943740845,2090964,22.268441200,117.306236267,250.000000000,80.000000000,355843.000000000,0
independent_before,1,learned-sync,1,6,32768,4,0,16,0,1,2474982.227796617,2090964,22.268441200,117.306236267,89.742569493,47.335475922,355843.000000000,4
independent_before,1,seeded-sync,2,6,32768,4,0,16,0,1,3528721.943740845,1946345,22.268441200,117.306236267,250.000000000,80.000000000,355843.000000000,0
independent_before,1,learned-sync,2,6,32768,4,0,16,0,1,2474982.227796617,1946345,22.268441200,117.306236267,89.742569493,47.335475922,355843.000000000,4
independent_before,1,seeded-sync,3,6,32768,4,0,16,0,1,3528721.943740845,2054406,22.268441200,117.306236267,250.000000000,80.000000000,355843.000000000,0
independent_before,1,learned-sync,3,6,32768,4,0,16,0,1,2474982.227796617,2054406,22.268441200,117.306236267,89.742569493,47.335475922,355843.000000000,4
independent_before,1,seeded-sync,4,6,32768,4,0,16,0,1,3528721.943740845,2422133,22.268441200,117.306236267,250.000000000,80.000000000,355843.000000000,0
independent_before,1,learned-sync,4,6,32768,4,0,16,0,1,2474982.227796617,2422133,22.268441200,117.306236267,89.742569493,47.335475922,355843.000000000,4
independent_before,1,seeded-sync,5,6,32768,4,0,16,0,1,3528721.943740845,2002369,22.268441200,117.306236267,250.000000000,80.000000000,355843.000000000,0
independent_before,1,learned-sync,5,6,32768,4,0,16,0,1,2474982.227796617,2002369,22.268441200,117.306236267,89.742569493,47.335475922,355843.000000000,4
independent_before,1,seeded-sync,6,6,32768,4,0,16,0,1,3528721.943740845,1980767,22.268441200,117.306236267,250.000000000,80.000000000,355843.000000000,0
independent_before,1,learned-sync,6,6,32768,4,0,16,0,1,2474982.227796617,1980767,22.268441200,117.306236267,89.742569493,47.335475922,355843.000000000,4
short_chain,2,seeded-sync,0,8,20000,1,0,0,0,1,1725175.187500000,4482010,22.989259375,0.000000000,250.000000000,80.000000000,440390.000000000,0
short_chain,2,learned-sync,0,8,20000,1,0,0,0,1,4607820.841472737,4482010,22.989259375,0.000000000,1430.731781902,52.326479688,440390.000000000,4
short_chain,2,seeded-sync,1,8,20000,1,0,0,0,1,1725175.187500000,4644159,22.989259375,0.000000000,250.000000000,80.000000000,440390.000000000,0
short_chain,2,learned-sync,1,8,20000,1,0,0,0,1,4607820.841472737,4644159,22.989259375,0.000000000,1430.731781902,52.326479688,440390.000000000,4
short_chain,2,seeded-sync,2,8,20000,1,0,0,0,1,1725175.187500000,4116026,22.989259375,0.000000000,250.000000000,80.000000000,440390.000000000,0
short_chain,2,learned-sync,2,8,20000,1,0,0,0,1,4607820.841472737,4116026,22.989259375,0.000000000,1430.731781902,52.326479688,440390.000000000,4
short_chain,2,seeded-sync,3,8,20000,1,0,0,0,1,1725175.187500000,4667402,22.989259375,0.000000000,250.000000000,80.000000000,440390.000000000,0
short_chain,2,learned-sync,3,8,20000,1,0,0,0,1,4607820.841472737,4667402,22.989259375,0.000000000,1430.731781902,52.326479688,440390.000000000,4
short_chain,2,seeded-sync,4,8,20000,1,0,0,0,1,1725175.187500000,4566544,22.989259375,0.000000000,250.000000000,80.000000000,440390.000000000,0
short_chain,2,learned-sync,4,8,20000,1,0,0,0,1,4607820.841472737,4566544,22.989259375,0.000000000,1430.731781902,52.326479688,440390.000000000,4
short_chain,2,seeded-sync,5,8,20000,1,0,0,0,1,1725175.187500000,4470191,22.989259375,0.000000000,250.000000000,80.000000000,440390.000000000,0
short_chain,2,learned-sync,5,8,20000,1,0,0,0,1,4607820.841472737,4470191,22.989259375,0.000000000,1430.731781902,52.326479688,440390.000000000,4
short_chain,2,seeded-sync,6,8,20000,1,0,0,0,1,1725175.187500000,4346890,22.989259375,0.000000000,250.000000000,80.000000000,440390.000000000,0
short_chain,2,learned-sync,6,8,20000,1,0,0,0,1,4607820.841472737,4346890,22.989259375,0.000000000,1430.731781902,52.326479688,440390.000000000,4
independent_before,0,seeded-sync,0,2,32768,4,0,16,0,1,8307825.546875000,3388040,23.176807404,120.873286247,250.000000000,80.000000000,161260.000000000,0
independent_before,0,learned-sync,0,2,32768,4,0,16,0,1,3826320.198631692,3388040,23.176807404,120.873286247,29.056347096,27.414273739,161260.000000000,4
independent_before,0,seeded-sync,1,2,32768,4,0,16,0,1,8307825.546875000,3749092,23.176807404,120.873286247,250.000000000,80.000000000,161260.000000000,0
independent_before,0,learned-sync,1,2,32768,4,0,16,0,1,3826320.198631692,3749092,23.176807404,120.873286247,29.056347096,27.414273739,161260.000000000,4
independent_before,0,seeded-sync,2,2,32768,4,0,16,0,1,8307825.546875000,3844019,23.176807404,120.873286247,250.000000000,80.000000000,161260.000000000,0
independent_before,0,learned-sync,2,2,32768,4,0,16,0,1,3826320.198631692,3844019,23.176807404,120.873286247,29.056347096,27.414273739,161260.000000000,4
independent_before,0,seeded-sync,3,2,32768,4,0,16,0,1,8307825.546875000,3763138,23.176807404,120.873286247,250.000000000,80.000000000,161260.000000000,0
independent_before,0,learned-sync,3,2,32768,4,0,16,0,1,3826320.198631692,3763138,23.176807404,120.873286247,29.056347096,27.414273739,161260.000000000,4
independent_before,0,seeded-sync,4,2,32768,4,0,16,0,1,8307825.546875000,3583524,23.176807404,120.873286247,250.000000000,80.000000000,161260.000000000,0
independent_before,0,learned-sync,4,2,32768,4,0,16,0,1,3826320.198631692,3583524,23.176807404,120.873286247,29.056347096,27.414273739,161260.000000000,4
independent_before,0,seeded-sync,5,2,32768,4,0,16,0,1,8307825.546875000,4065912,23.176807404,120.873286247,250.000000000,80.000000000,161260.000000000,0
independent_before,0,learned-sync,5,2,32768,4,0,16,0,1,3826320.198631692,4065912,23.176807404,120.873286247,29.056347096,27.414273739,161260.000000000,4
independent_before,0,seeded-sync,6,2,32768,4,0,16,0,1,8307825.546875000,3820525,23.176807404,120.873286247,250.000000000,80.000000000,161260.000000000,0
independent_before,0,learned-sync,6,2,32768,4,0,16,0,1,3826320.198631692,3820525,23.176807404,120.873286247,29.056347096,27.414273739,161260.000000000,4
short_many_chains,2,seeded-sync,0,7,20000,64,0,0,0,1,1807866.218750000,967993,23.275660937,0.000000000,250.000000000,80.000000000,399213.000000000,0
short_many_chains,2,learned-sync,0,7,20000,64,0,0,0,1,1347748.930089376,967993,23.275660937,0.000000000,121.057103826,47.950142969,399213.000000000,4
short_many_chains,2,seeded-sync,1,7,20000,64,0,0,0,1,1807866.218750000,1134116,23.275660937,0.000000000,250.000000000,80.000000000,399213.000000000,0
short_many_chains,2,learned-sync,1,7,20000,64,0,0,0,1,1347748.930089376,1134116,23.275660937,0.000000000,121.057103826,47.950142969,399213.000000000,4
short_many_chains,2,seeded-sync,2,7,20000,64,0,0,0,1,1807866.218750000,993692,23.275660937,0.000000000,250.000000000,80.000000000,399213.000000000,0
short_many_chains,2,learned-sync,2,7,20000,64,0,0,0,1,1347748.930089376,993692,23.275660937,0.000000000,121.057103826,47.950142969,399213.000000000,4
short_many_chains,2,seeded-sync,3,7,20000,64,0,0,0,1,1807866.218750000,931134,23.275660937,0.000000000,250.000000000,80.000000000,399213.000000000,0
short_many_chains,2,learned-sync,3,7,20000,64,0,0,0,1,1347748.930089376,931134,23.275660937,0.000000000,121.057103826,47.950142969,399213.000000000,4
short_many_chains,2,seeded-sync,4,7,20000,64,0,0,0,1,1807866.218750000,968053,23.275660937,0.000000000,250.000000000,80.000000000,399213.000000000,0
short_many_chains,2,learned-sync,4,7,20000,64,0,0,0,1,1347748.930089376,968053,23.275660937,0.000000000,121.057103826,47.950142969,399213.000000000,4
short_many_chains,2,seeded-sync,5,7,20000,64,0,0,0,1,1807866.218750000,966299,23.275660937,0.000000000,250.000000000,80.000000000,399213.000000000,0
short_many_chains,2,learned-sync,5,7,20000,64,0,0,0,1,1347748.930089376,966299,23.275660937,0.000000000,121.057103826,47.950142969,399213.000000000,4
short_many_chains,2,seeded-sync,6,7,20000,64,0,0,0,1,1807866.218750000,1021062,23.275660937,0.000000000,250.000000000,80.000000000,399213.000000000,0
short_many_chains,2,learned-sync,6,7,20000,64,0,0,0,1,1347748.930089376,1021062,23.275660937,0.000000000,121.057103826,47.950142969,399213.000000000,4
two_streams,2,seeded-sync,0,6,32768,4,0,0,0,2,4830755.390625000,2370444,25.463451862,0.000000000,250.000000000,80.000000000,391449.000000000,0
two_streams,2,learned-sync,0,6,32768,4,0,0,0,2,2498725.330155275,2370444,25.463451862,0.000000000,67.225285851,49.297044754,391449.000000000,4
two_streams,2,seeded-sync,1,6,32768,4,0,0,0,2,4830755.390625000,2470471,25.463451862,0.000000000,250.000000000,80.000000000,391449.000000000,0
two_streams,2,learned-sync,1,6,32768,4,0,0,0,2,2498725.330155275,2470471,25.463451862,0.000000000,67.225285851,49.297044754,391449.000000000,4
two_streams,2,seeded-sync,2,6,32768,4,0,0,0,2,4830755.390625000,2380223,25.463451862,0.000000000,250.000000000,80.000000000,391449.000000000,0
two_streams,2,learned-sync,2,6,32768,4,0,0,0,2,2498725.330155275,2380223,25.463451862,0.000000000,67.225285851,49.297044754,391449.000000000,4
two_streams,2,seeded-sync,3,6,32768,4,0,0,0,2,4830755.390625000,2435596,25.463451862,0.000000000,250.000000000,80.000000000,391449.000000000,0
two_streams,2,learned-sync,3,6,32768,4,0,0,0,2,2498725.330155275,2435596,25.463451862,0.000000000,67.225285851,49.297044754,391449.000000000,4
two_streams,2,seeded-sync,4,6,32768,4,0,0,0,2,4830755.390625000,2464005,25.463451862,0.000000000,250.000000000,80.000000000,391449.000000000,0
two_streams,2,learned-sync,4,6,32768,4,0,0,0,2,2498725.330155275,2464005,25.463451862,0.000000000,67.225285851,49.297044754,391449.000000000,4
two_streams,2,seeded-sync,5,6,32768,4,0,0,0,2,4830755.390625000,2318591,25.463451862,0.000000000,250.000000000,80.000000000,391449.000000000,0
two_streams,2,learned-sync,5,6,32768,4,0,0,0,2,2498725.330155275,2318591,25.463451862,0.000000000,67.225285851,49.297044754,391449.000000000,4
two_streams,2,seeded-sync,6,6,32768,4,0,0,0,2,4830755.390625000,2361153,25.463451862,0.000000000,250.000000000,80.000000000,391449.000000000,0
two_streams,2,learned-sync,6,6,32768,4,0,0,0,2,2498725.330155275,2361153,25.463451862,0.000000000,67.225285851,49.297044754,391449.000000000,4
tiny_chain,0,seeded-sync,0,6,257,1,0,0,0,1,352867.171875000,465386,22.576544261,0.000000000,250.000000000,80.000000000,332875.000000000,0
tiny_chain,0,learned-sync,0,6,257,1,0,0,0,1,514947.812902310,465386,22.576544261,0.000000000,4048.669555664,50.647677529,332875.000000000,4
tiny_chain,0,seeded-sync,1,6,257,1,0,0,0,1,352867.171875000,498428,22.576544261,0.000000000,250.000000000,80.000000000,332875.000000000,0
tiny_chain,0,learned-sync,1,6,257,1,0,0,0,1,514947.812902310,498428,22.576544261,0.000000000,4048.669555664,50.647677529,332875.000000000,4
tiny_chain,0,seeded-sync,2,6,257,1,0,0,0,1,352867.171875000,512242,22.576544261,0.000000000,250.000000000,80.000000000,332875.000000000,0
tiny_chain,0,learned-sync,2,6,257,1,0,0,0,1,514947.812902310,512242,22.576544261,0.000000000,4048.669555664,50.647677529,332875.000000000,4
tiny_chain,0,seeded-sync,3,6,257,1,0,0,0,1,352867.171875000,460619,22.576544261,0.000000000,250.000000000,80.000000000,332875.000000000,0
tiny_chain,0,learned-sync,3,6,257,1,0,0,0,1,514947.812902310,460619,22.576544261,0.000000000,4048.669555664,50.647677529,332875.000000000,4
tiny_chain,0,seeded-sync,4,6,257,1,0,0,0,1,352867.171875000,467531,22.576544261,0.000000000,250.000000000,80.000000000,332875.000000000,0
tiny_chain,0,learned-sync,4,6,257,1,0,0,0,1,514947.812902310,467531,22.576544261,0.000000000,4048.669555664,50.647677529,332875.000000000,4
tiny_chain,0,seeded-sync,5,6,257,1,0,0,0,1,352867.171875000,456250,22.576544261,0.000000000,250.000000000,80.000000000,332875.000000000,0
tiny_chain,0,learned-sync,5,6,257,1,0,0,0,1,514947.812902310,456250,22.576544261,0.000000000,4048.669555664,50.647677529,332875.000000000,4
tiny_chain,0,seeded-sync,6,6,257,1,0,0,0,1,352867.171875000,439278,22.576544261,0.000000000,250.000000000,80.000000000,332875.000000000,0
tiny_chain,0,learned-sync,6,6,257,1,0,0,0,1,514947.812902310,439278,22.576544261,0.000000000,4048.669555664,50.647677529,332875.000000000,4
independent_after,0,seeded-sync,0,7,32768,4,0,16,1,1,3225978.453027725,2418211,23.654552937,117.859261513,250.000000000,80.000000000,353989.000000000,0
independent_after,0,learned-sync,0,7,32768,4,0,16,1,1,2557701.731317937,2418211,23.654552937,117.859261513,132.391456706,54.875369072,353989.000000000,4
independent_after,0,seeded-sync,1,7,32768,4,0,16,1,1,3225978.453027725,2157728,23.654552937,117.859261513,250.000000000,80.000000000,353989.000000000,0
independent_after,0,learned-sync,1,7,32768,4,0,16,1,1,2557701.731317937,2157728,23.654552937,117.859261513,132.391456706,54.875369072,353989.000000000,4
independent_after,0,seeded-sync,2,7,32768,4,0,16,1,1,3225978.453027725,2023348,23.654552937,117.859261513,250.000000000,80.000000000,353989.000000000,0
independent_after,0,learned-sync,2,7,32768,4,0,16,1,1,2557701.731317937,2023348,23.654552937,117.859261513,132.391456706,54.875369072,353989.000000000,4
independent_after,0,seeded-sync,3,7,32768,4,0,16,1,1,3225978.453027725,2094265,23.654552937,117.859261513,250.000000000,80.000000000,353989.000000000,0
independent_after,0,learned-sync,3,7,32768,4,0,16,1,1,2557701.731317937,2094265,23.654552937,117.859261513,132.391456706,54.875369072,353989.000000000,4
independent_after,0,seeded-sync,4,7,32768,4,0,16,1,1,3225978.453027725,2189161,23.654552937,117.859261513,250.000000000,80.000000000,353989.000000000,0
independent_after,0,learned-sync,4,7,32768,4,0,16,1,1,2557701.731317937,2189161,23.654552937,117.859261513,132.391456706,54.875369072,353989.000000000,4
independent_after,0,seeded-sync,5,7,32768,4,0,16,1,1,3225978.453027725,2325020,23.654552937,117.859261513,250.000000000,80.000000000,353989.000000000,0
independent_after,0,learned-sync,5,7,32768,4,0,16,1,1,2557701.731317937,2325020,23.654552937,117.859261513,132.391456706,54.875369072,353989.000000000,4
independent_after,0,seeded-sync,6,7,32768,4,0,16,1,1,3225978.453027725,2080745,23.654552937,117.859261513,250.000000000,80.000000000,353989.000000000,0
independent_after,0,learned-sync,6,7,32768,4,0,16,1,1,2557701.731317937,2080745,23.654552937,117.859261513,132.391456706,54.875369072,353989.000000000,4
independent_before,0,seeded-sync,0,6,32768,4,0,16,0,1,3507046.203824043,2033958,22.610767365,117.278392315,250.000000000,80.000000000,323102.000000000,0
independent_before,0,learned-sync,0,6,32768,4,0,16,0,1,2396742.236675746,2033958,22.610767365,117.278392315,81.612347966,45.109737873,323102.000000000,4
independent_before,0,seeded-sync,1,6,32768,4,0,16,0,1,3507046.203824043,2142561,22.610767365,117.278392315,250.000000000,80.000000000,323102.000000000,0
independent_before,0,learned-sync,1,6,32768,4,0,16,0,1,2396742.236675746,2142561,22.610767365,117.278392315,81.612347966,45.109737873,323102.000000000,4
independent_before,0,seeded-sync,2,6,32768,4,0,16,0,1,3507046.203824043,2103667,22.610767365,117.278392315,250.000000000,80.000000000,323102.000000000,0
independent_before,0,learned-sync,2,6,32768,4,0,16,0,1,2396742.236675746,2103667,22.610767365,117.278392315,81.612347966,45.109737873,323102.000000000,4
independent_before,0,seeded-sync,3,6,32768,4,0,16,0,1,3507046.203824043,2005364,22.610767365,117.278392315,250.000000000,80.000000000,323102.000000000,0
independent_before,0,learned-sync,3,6,32768,4,0,16,0,1,2396742.236675746,2005364,22.610767365,117.278392315,81.612347966,45.109737873,323102.000000000,4
independent_before,0,seeded-sync,4,6,32768,4,0,16,0,1,3507046.203824043,2030000,22.610767365,117.278392315,250.000000000,80.000000000,323102.000000000,0
independent_before,0,learned-sync,4,6,32768,4,0,16,0,1,2396742.236675746,2030000,22.610767365,117.278392315,81.612347966,45.109737873,323102.000000000,4
independent_before,0,seeded-sync,5,6,32768,4,0,16,0,1,3507046.203824043,2051851,22.610767365,117.278392315,250.000000000,80.000000000,323102.000000000,0
independent_before,0,learned-sync,5,6,32768,4,0,16,0,1,2396742.236675746,2051851,22.610767365,117.278392315,81.612347966,45.109737873,323102.000000000,4
independent_before,0,seeded-sync,6,6,32768,4,0,16,0,1,3507046.203824043,1821973,22.610767365,117.278392315,250.000000000,80.000000000,323102.000000000,0
independent_before,0,learned-sync,6,6,32768,4,0,16,0,1,2396742.236675746,1821973,22.610767365,117.278392315,81.612347966,45.109737873,323102.000000000,4
independent_after,2,seeded-sync,0,3,32768,4,0,16,1,1,5857042.363303185,3019273,23.049142838,120.996159554,250.000000000,80.000000000,175537.000000000,0
independent_after,2,learned-sync,0,3,32768,4,0,16,1,1,3409495.821271407,3019273,23.049142838,120.996159554,58.756192486,47.171067238,175537.000000000,4
independent_after,2,seeded-sync,1,3,32768,4,0,16,1,1,5857042.363303185,3140558,23.049142838,120.996159554,250.000000000,80.000000000,175537.000000000,0
independent_after,2,learned-sync,1,3,32768,4,0,16,1,1,3409495.821271407,3140558,23.049142838,120.996159554,58.756192486,47.171067238,175537.000000000,4
independent_after,2,seeded-sync,2,3,32768,4,0,16,1,1,5857042.363303185,3025635,23.049142838,120.996159554,250.000000000,80.000000000,175537.000000000,0
independent_after,2,learned-sync,2,3,32768,4,0,16,1,1,3409495.821271407,3025635,23.049142838,120.996159554,58.756192486,47.171067238,175537.000000000,4
independent_after,2,seeded-sync,3,3,32768,4,0,16,1,1,5857042.363303185,3726660,23.049142838,120.996159554,250.000000000,80.000000000,175537.000000000,0
independent_after,2,learned-sync,3,3,32768,4,0,16,1,1,3409495.821271407,3726660,23.049142838,120.996159554,58.756192486,47.171067238,175537.000000000,4
independent_after,2,seeded-sync,4,3,32768,4,0,16,1,1,5857042.363303185,3188989,23.049142838,120.996159554,250.000000000,80.000000000,175537.000000000,0
independent_after,2,learned-sync,4,3,32768,4,0,16,1,1,3409495.821271407,3188989,23.049142838,120.996159554,58.756192486,47.171067238,175537.000000000,4
independent_after,2,seeded-sync,5,3,32768,4,0,16,1,1,5857042.363303185,2942270,23.049142838,120.996159554,250.000000000,80.000000000,175537.000000000,0
independent_after,2,learned-sync,5,3,32768,4,0,16,1,1,3409495.821271407,2942270,23.049142838,120.996159554,58.756192486,47.171067238,175537.000000000,4
independent_after,2,seeded-sync,6,3,32768,4,0,16,1,1,5857042.363303185,3063936,23.049142838,120.996159554,250.000000000,80.000000000,175537.000000000,0
independent_after,2,learned-sync,6,3,32768,4,0,16,1,1,3409495.821271407,3063936,23.049142838,120.996159554,58.756192486,47.171067238,175537.000000000,4
tiny_chain,0,seeded-sync,0,4,257,1,0,0,0,1,241920.937500000,255316,21.828550584,0.000000000,250.000000000,80.000000000,214861.000000000,0
tiny_chain,0,learned-sync,0,4,257,1,0,0,0,1,307777.942859932,255316,21.828550584,0.000000000,1288.107971191,55.076726654,214861.000000000,4
tiny_chain,0,seeded-sync,1,4,257,1,0,0,0,1,241920.937500000,256357,21.828550584,0.000000000,250.000000000,80.000000000,214861.000000000,0
tiny_chain,0,learned-sync,1,4,257,1,0,0,0,1,307777.942859932,256357,21.828550584,0.000000000,1288.107971191,55.076726654,214861.000000000,4
tiny_chain,0,seeded-sync,2,4,257,1,0,0,0,1,241920.937500000,263350,21.828550584,0.000000000,250.000000000,80.000000000,214861.000000000,0
tiny_chain,0,learned-sync,2,4,257,1,0,0,0,1,307777.942859932,263350,21.828550584,0.000000000,1288.107971191,55.076726654,214861.000000000,4
tiny_chain,0,seeded-sync,3,4,257,1,0,0,0,1,241920.937500000,294669,21.828550584,0.000000000,250.000000000,80.000000000,214861.000000000,0
tiny_chain,0,learned-sync,3,4,257,1,0,0,0,1,307777.942859932,294669,21.828550584,0.000000000,1288.107971191,55.076726654,214861.000000000,4
tiny_chain,0,seeded-sync,4,4,257,1,0,0,0,1,241920.937500000,254875,21.828550584,0.000000000,250.000000000,80.000000000,214861.000000000,0
tiny_chain,0,learned-sync,4,4,257,1,0,0,0,1,307777.942859932,254875,21.828550584,0.000000000,1288.107971191,55.076726654,214861.000000000,4
tiny_chain,0,seeded-sync,5,4,257,1,0,0,0,1,241920.937500000,384526,21.828550584,0.000000000,250.000000000,80.000000000,214861.000000000,0
tiny_chain,0,learned-sync,5,4,257,1,0,0,0,1,307777.942859932,384526,21.828550584,0.000000000,1288.107971191,55.076726654,214861.000000000,4
tiny_chain,0,seeded-sync,6,4,257,1,0,0,0,1,241920.937500000,328171,21.828550584,0.000000000,250.000000000,80.000000000,214861.000000000,0
tiny_chain,0,learned-sync,6,4,257,1,0,0,0,1,307777.942859932,328171,21.828550584,0.000000000,1288.107971191,55.076726654,214861.000000000,4
independent_before,0,seeded-sync,0,8,32768,4,0,16,0,1,2972484.466796875,1605957,22.397767544,116.993510723,250.000000000,80.000000000,407669.000000000,0
independent_before,0,learned-sync,0,8,32768,4,0,16,0,1,2129173.928978357,1605957,22.397767544,116.993510723,83.869675463,40.243962765,407669.000000000,4
independent_before,0,seeded-sync,1,8,32768,4,0,16,0,1,2972484.466796875,1613475,22.397767544,116.993510723,250.000000000,80.000000000,407669.000000000,0
independent_before,0,learned-sync,1,8,32768,4,0,16,0,1,2129173.928978357,1613475,22.397767544,116.993510723,83.869675463,40.243962765,407669.000000000,4
independent_before,0,seeded-sync,2,8,32768,4,0,16,0,1,2972484.466796875,1666534,22.397767544,116.993510723,250.000000000,80.000000000,407669.000000000,0
independent_before,0,learned-sync,2,8,32768,4,0,16,0,1,2129173.928978357,1666534,22.397767544,116.993510723,83.869675463,40.243962765,407669.000000000,4
independent_before,0,seeded-sync,3,8,32768,4,0,16,0,1,2972484.466796875,1681301,22.397767544,116.993510723,250.000000000,80.000000000,407669.000000000,0
independent_before,0,learned-sync,3,8,32768,4,0,16,0,1,2129173.928978357,1681301,22.397767544,116.993510723,83.869675463,40.243962765,407669.000000000,4
independent_before,0,seeded-sync,4,8,32768,4,0,16,0,1,2972484.466796875,1970985,22.397767544,116.993510723,250.000000000,80.000000000,407669.000000000,0
independent_before,0,learned-sync,4,8,32768,4,0,16,0,1,2129173.928978357,1970985,22.397767544,116.993510723,83.869675463,40.243962765,407669.000000000,4
independent_before,0,seeded-sync,5,8,32768,4,0,16,0,1,2972484.466796875,1679407,22.397767544,116.993510723,250.000000000,80.000000000,407669.000000000,0
independent_before,0,learned-sync,5,8,32768,4,0,16,0,1,2129173.928978357,1679407,22.397767544,116.993510723,83.869675463,40.243962765,407669.000000000,4
independent_before,0,seeded-sync,6,8,32768,4,0,16,0,1,2972484.466796875,1695993,22.397767544,116.993510723,250.000000000,80.000000000,407669.000000000,0
independent_before,0,learned-sync,6,8,32768,4,0,16,0,1,2129173.928978357,1695993,22.397767544,116.993510723,83.869675463,40.243962765,407669.000000000,4
short_many_chains,1,seeded-sync,0,4,20000,64,0,0,0,1,2331768.203125000,813465,23.226160156,0.000000000,250.000000000,80.000000000,217245.000000000,0
short_many_chains,1,learned-sync,0,4,20000,64,0,0,0,1,1033017.960097312,813465,23.226160156,0.000000000,34.036568582,36.213382813,217245.000000000,4
short_many_chains,1,seeded-sync,1,4,20000,64,0,0,0,1,2331768.203125000,804919,23.226160156,0.000000000,250.000000000,80.000000000,217245.000000000,0
short_many_chains,1,learned-sync,1,4,20000,64,0,0,0,1,1033017.960097312,804919,23.226160156,0.000000000,34.036568582,36.213382813,217245.000000000,4
short_many_chains,1,seeded-sync,2,4,20000,64,0,0,0,1,2331768.203125000,882166,23.226160156,0.000000000,250.000000000,80.000000000,217245.000000000,0
short_many_chains,1,learned-sync,2,4,20000,64,0,0,0,1,1033017.960097312,882166,23.226160156,0.000000000,34.036568582,36.213382813,217245.000000000,4
short_many_chains,1,seeded-sync,3,4,20000,64,0,0,0,1,2331768.203125000,784150,23.226160156,0.000000000,250.000000000,80.000000000,217245.000000000,0
short_many_chains,1,learned-sync,3,4,20000,64,0,0,0,1,1033017.960097312,784150,23.226160156,0.000000000,34.036568582,36.213382813,217245.000000000,4
short_many_chains,1,seeded-sync,4,4,20000,64,0,0,0,1,2331768.203125000,850454,23.226160156,0.000000000,250.000000000,80.000000000,217245.000000000,0
short_many_chains,1,learned-sync,4,4,20000,64,0,0,0,1,1033017.960097312,850454,23.226160156,0.000000000,34.036568582,36.213382813,217245.000000000,4
short_many_chains,1,seeded-sync,5,4,20000,64,0,0,0,1,2331768.203125000,848750,23.226160156,0.000000000,250.000000000,80.000000000,217245.000000000,0
short_many_chains,1,learned-sync,5,4,20000,64,0,0,0,1,1033017.960097312,848750,23.226160156,0.000000000,34.036568582,36.213382813,217245.000000000,4
short_many_chains,1,seeded-sync,6,4,20000,64,0,0,0,1,2331768.203125000,849231,23.226160156,0.000000000,250.000000000,80.000000000,217245.000000000,0
short_many_chains,1,learned-sync,6,4,20000,64,0,0,0,1,1033017.960097312,849231,23.226160156,0.000000000,34.036568582,36.213382813,217245.000000000,4
long_four_chains,0,seeded-sync,0,4,200000,4,0,0,0,1,21234215.875000000,6218010,22.493639375,0.000000000,250.000000000,80.000000000,235488.000000000,0
long_four_chains,0,learned-sync,0,4,200000,4,0,0,0,1,8549965.523932900,6218010,22.493639375,0.000000000,35.125495401,41.189497578,235488.000000000,4
long_four_chains,0,seeded-sync,1,4,200000,4,0,0,0,1,21234215.875000000,6218731,22.493639375,0.000000000,250.000000000,80.000000000,235488.000000000,0
long_four_chains,0,learned-sync,1,4,200000,4,0,0,0,1,8549965.523932900,6218731,22.493639375,0.000000000,35.125495401,41.189497578,235488.000000000,4
long_four_chains,0,seeded-sync,2,4,200000,4,0,0,0,1,21234215.875000000,8604024,22.493639375,0.000000000,250.000000000,80.000000000,235488.000000000,0
long_four_chains,0,learned-sync,2,4,200000,4,0,0,0,1,8549965.523932900,8604024,22.493639375,0.000000000,35.125495401,41.189497578,235488.000000000,4
long_four_chains,0,seeded-sync,3,4,200000,4,0,0,0,1,21234215.875000000,8502115,22.493639375,0.000000000,250.000000000,80.000000000,235488.000000000,0
long_four_chains,0,learned-sync,3,4,200000,4,0,0,0,1,8549965.523932900,8502115,22.493639375,0.000000000,35.125495401,41.189497578,235488.000000000,4
long_four_chains,0,seeded-sync,4,4,200000,4,0,0,0,1,21234215.875000000,6120827,22.493639375,0.000000000,250.000000000,80.000000000,235488.000000000,0
long_four_chains,0,learned-sync,4,4,200000,4,0,0,0,1,8549965.523932900,6120827,22.493639375,0.000000000,35.125495401,41.189497578,235488.000000000,4
long_four_chains,0,seeded-sync,5,4,200000,4,0,0,0,1,21234215.875000000,6112002,22.493639375,0.000000000,250.000000000,80.000000000,235488.000000000,0
long_four_chains,0,learned-sync,5,4,200000,4,0,0,0,1,8549965.523932900,6112002,22.493639375,0.000000000,35.125495401,41.189497578,235488.000000000,4
long_four_chains,0,seeded-sync,6,4,200000,4,0,0,0,1,21234215.875000000,7294004,22.493639375,0.000000000,250.000000000,80.000000000,235488.000000000,0
long_four_chains,0,learned-sync,6,4,200000,4,0,0,0,1,8549965.523932900,7294004,22.493639375,0.000000000,35.125495401,41.189497578,235488.000000000,4
dependent_compute,1,seeded-sync,0,7,32768,1,16,0,0,1,5864839.015625000,9094632,118.832581043,0.000000000,250.000000000,80.000000000,425873.000000000,0
dependent_compute,1,learned-sync,0,7,32768,1,16,0,0,1,12443710.890636379,9094632,118.832581043,0.000000000,1682.526884423,52.614481449,425873.000000000,4
dependent_compute,1,seeded-sync,1,7,32768,1,16,0,0,1,5864839.015625000,9791825,118.832581043,0.000000000,250.000000000,80.000000000,425873.000000000,0
dependent_compute,1,learned-sync,1,7,32768,1,16,0,0,1,12443710.890636379,9791825,118.832581043,0.000000000,1682.526884423,52.614481449,425873.000000000,4
dependent_compute,1,seeded-sync,2,7,32768,1,16,0,0,1,5864839.015625000,9675549,118.832581043,0.000000000,250.000000000,80.000000000,425873.000000000,0
dependent_compute,1,learned-sync,2,7,32768,1,16,0,0,1,12443710.890636379,9675549,118.832581043,0.000000000,1682.526884423,52.614481449,425873.000000000,4
dependent_compute,1,seeded-sync,3,7,32768,1,16,0,0,1,5864839.015625000,9319113,118.832581043,0.000000000,250.000000000,80.000000000,425873.000000000,0
dependent_compute,1,learned-sync,3,7,32768,1,16,0,0,1,12443710.890636379,9319113,118.832581043,0.000000000,1682.526884423,52.614481449,425873.000000000,4
dependent_compute,1,seeded-sync,4,7,32768,1,16,0,0,1,5864839.015625000,9922450,118.832581043,0.000000000,250.000000000,80.000000000,425873.000000000,0
dependent_compute,1,learned-sync,4,7,32768,1,16,0,0,1,12443710.890636379,9922450,118.832581043,0.000000000,1682.526884423,52.614481449,425873.000000000,4
dependent_compute,1,seeded-sync,5,7,32768,1,16,0,0,1,5864839.015625000,8932105,118.832581043,0.000000000,250.000000000,80.000000000,425873.000000000,0
dependent_compute,1,learned-sync,5,7,32768,1,16,0,0,1,12443710.890636379,8932105,118.832581043,0.000000000,1682.526884423,52.614481449,425873.000000000,4
dependent_compute,1,seeded-sync,6,7,32768,1,16,0,0,1,5864839.015625000,9803636,118.832581043,0.000000000,250.000000000,80.000000000,425873.000000000,0
dependent_compute,1,learned-sync,6,7,32768,1,16,0,0,1,12443710.890636379,9803636,118.832581043,0.000000000,1682.526884423,52.614481449,425873.000000000,4
uneven,0,seeded-sync,0,8,8193,3,4,8,0,1,1269988.041639967,1186169,50.034038203,69.864552819,250.000000000,80.000000000,450198.000000000,0
uneven,0,learned-sync,0,8,8193,3,4,8,0,1,1525761.109490604,1186169,50.034038203,69.864552819,510.855175900,68.679524442,450198.000000000,4
uneven,0,seeded-sync,1,8,8193,3,4,8,0,1,1269988.041639967,1102480,50.034038203,69.864552819,250.000000000,80.000000000,450198.000000000,0
uneven,0,learned-sync,1,8,8193,3,4,8,0,1,1525761.109490604,1102480,50.034038203,69.864552819,510.855175900,68.679524442,450198.000000000,4
uneven,0,seeded-sync,2,8,8193,3,4,8,0,1,1269988.041639967,1079020,50.034038203,69.864552819,250.000000000,80.000000000,450198.000000000,0
uneven,0,learned-sync,2,8,8193,3,4,8,0,1,1525761.109490604,1079020,50.034038203,69.864552819,510.855175900,68.679524442,450198.000000000,4
uneven,0,seeded-sync,3,8,8193,3,4,8,0,1,1269988.041639967,1068606,50.034038203,69.864552819,250.000000000,80.000000000,450198.000000000,0
uneven,0,learned-sync,3,8,8193,3,4,8,0,1,1525761.109490604,1068606,50.034038203,69.864552819,510.855175900,68.679524442,450198.000000000,4
uneven,0,seeded-sync,4,8,8193,3,4,8,0,1,1269988.041639967,1048647,50.034038203,69.864552819,250.000000000,80.000000000,450198.000000000,0
uneven,0,learned-sync,4,8,8193,3,4,8,0,1,1525761.109490604,1048647,50.034038203,69.864552819,510.855175900,68.679524442,450198.000000000,4
uneven,0,seeded-sync,5,8,8193,3,4,8,0,1,1269988.041639967,1207844,50.034038203,69.864552819,250.000000000,80.000000000,450198.000000000,0
uneven,0,learned-sync,5,8,8193,3,4,8,0,1,1525761.109490604,1207844,50.034038203,69.864552819,510.855175900,68.679524442,450198.000000000,4
uneven,0,seeded-sync,6,8,8193,3,4,8,0,1,1269988.041639967,1022830,50.034038203,69.864552819,250.000000000,80.000000000,450198.000000000,0
uneven,0,learned-sync,6,8,8193,3,4,8,0,1,1525761.109490604,1022830,50.034038203,69.864552819,510.855175900,68.679524442,450198.000000000,4
long_chain,1,seeded-sync,0,7,200000,1,0,0,0,1,14310751.515625000,37073421,22.664807578,0.000000000,250.000000000,80.000000000,349030.000000000,0
long_chain,1,learned-sync,0,7,200000,1,0,0,0,1,37888815.326950528,37073421,22.664807578,0.000000000,1102.831987363,52.383741719,349030.000000000,4
long_chain,1,seeded-sync,1,7,200000,1,0,0,0,1,14310751.515625000,37639096,22.664807578,0.000000000,250.000000000,80.000000000,349030.000000000,0
long_chain,1,learned-sync,1,7,200000,1,0,0,0,1,37888815.326950528,37639096,22.664807578,0.000000000,1102.831987363,52.383741719,349030.000000000,4
long_chain,1,seeded-sync,2,7,200000,1,0,0,0,1,14310751.515625000,35299986,22.664807578,0.000000000,250.000000000,80.000000000,349030.000000000,0
long_chain,1,learned-sync,2,7,200000,1,0,0,0,1,37888815.326950528,35299986,22.664807578,0.000000000,1102.831987363,52.383741719,349030.000000000,4
long_chain,1,seeded-sync,3,7,200000,1,0,0,0,1,14310751.515625000,36536017,22.664807578,0.000000000,250.000000000,80.000000000,349030.000000000,0
long_chain,1,learned-sync,3,7,200000,1,0,0,0,1,37888815.326950528,36536017,22.664807578,0.000000000,1102.831987363,52.383741719,349030.000000000,4
long_chain,1,seeded-sync,4,7,200000,1,0,0,0,1,14310751.515625000,37845369,22.664807578,0.000000000,250.000000000,80.000000000,349030.000000000,0
long_chain,1,learned-sync,4,7,200000,1,0,0,0,1,37888815.326950528,37845369,22.664807578,0.000000000,1102.831987363,52.383741719,349030.000000000,4
long_chain,1,seeded-sync,5,7,200000,1,0,0,0,1,14310751.515625000,36877263,22.664807578,0.000000000,250.000000000,80.000000000,349030.000000000,0
long_chain,1,learned-sync,5,7,200000,1,0,0,0,1,37888815.326950528,36877263,22.664807578,0.000000000,1102.831987363,52.383741719,349030.000000000,4
long_chain,1,seeded-sync,6,7,200000,1,0,0,0,1,14310751.515625000,36962760,22.664807578,0.000000000,250.000000000,80.000000000,349030.000000000,0
long_chain,1,learned-sync,6,7,200000,1,0,0,0,1,37888815.326950528,36962760,22.664807578,0.000000000,1102.831987363,52.383741719,349030.000000000,4
two_streams,2,seeded-sync,0,4,32768,4,0,0,0,2,6417780.390625000,1957345,22.952831745,0.000000000,250.000000000,80.000000000,258942.000000000,0
two_streams,2,learned-sync,0,4,32768,4,0,0,0,2,2050789.252408799,1957345,22.952831745,0.000000000,30.706282524,32.753731012,258942.000000000,4
two_streams,2,seeded-sync,1,4,32768,4,0,0,0,2,6417780.390625000,1876495,22.952831745,0.000000000,250.000000000,80.000000000,258942.000000000,0
two_streams,2,learned-sync,1,4,32768,4,0,0,0,2,2050789.252408799,1876495,22.952831745,0.000000000,30.706282524,32.753731012,258942.000000000,4
two_streams,2,seeded-sync,2,4,32768,4,0,0,0,2,6417780.390625000,2392225,22.952831745,0.000000000,250.000000000,80.000000000,258942.000000000,0
two_streams,2,learned-sync,2,4,32768,4,0,0,0,2,2050789.252408799,2392225,22.952831745,0.000000000,30.706282524,32.753731012,258942.000000000,4
two_streams,2,seeded-sync,3,4,32768,4,0,0,0,2,6417780.390625000,2183275,22.952831745,0.000000000,250.000000000,80.000000000,258942.000000000,0
two_streams,2,learned-sync,3,4,32768,4,0,0,0,2,2050789.252408799,2183275,22.952831745,0.000000000,30.706282524,32.753731012,258942.000000000,4
two_streams,2,seeded-sync,4,4,32768,4,0,0,0,2,6417780.390625000,2170372,22.952831745,0.000000000,250.000000000,80.000000000,258942.000000000,0
two_streams,2,learned-sync,4,4,32768,4,0,0,0,2,2050789.252408799,2170372,22.952831745,0.000000000,30.706282524,32.753731012,258942.000000000,4
two_streams,2,seeded-sync,5,4,32768,4,0,0,0,2,6417780.390625000,2270839,22.952831745,0.000000000,250.000000000,80.000000000,258942.000000000,0
two_streams,2,learned-sync,5,4,32768,4,0,0,0,2,2050789.252408799,2270839,22.952831745,0.000000000,30.706282524,32.753731012,258942.000000000,4
two_streams,2,seeded-sync,6,4,32768,4,0,0,0,2,6417780.390625000,2387406,22.952831745,0.000000000,250.000000000,80.000000000,258942.000000000,0
two_streams,2,learned-sync,6,4,32768,4,0,0,0,2,2050789.252408799,2387406,22.952831745,0.000000000,30.706282524,32.753731012,258942.000000000,4
large_arrays,2,seeded-sync,0,5,1000000,64,0,0,0,1,88671050.281250000,30150859,22.379006281,0.000000000,250.000000000,80.000000000,292044.000000000,0
large_arrays,2,learned-sync,0,5,1000000,64,0,0,0,1,44994242.280673958,30150859,22.379006281,0.000000000,66.046585856,45.569374141,292044.000000000,4
large_arrays,2,seeded-sync,1,5,1000000,64,0,0,0,1,88671050.281250000,30462781,22.379006281,0.000000000,250.000000000,80.000000000,292044.000000000,0
large_arrays,2,learned-sync,1,5,1000000,64,0,0,0,1,44994242.280673958,30462781,22.379006281,0.000000000,66.046585856,45.569374141,292044.000000000,4
large_arrays,2,seeded-sync,2,5,1000000,64,0,0,0,1,88671050.281250000,28939051,22.379006281,0.000000000,250.000000000,80.000000000,292044.000000000,0
large_arrays,2,learned-sync,2,5,1000000,64,0,0,0,1,44994242.280673958,28939051,22.379006281,0.000000000,66.046585856,45.569374141,292044.000000000,4
large_arrays,2,seeded-sync,3,5,1000000,64,0,0,0,1,88671050.281250000,30383147,22.379006281,0.000000000,250.000000000,80.000000000,292044.000000000,0
large_arrays,2,learned-sync,3,5,1000000,64,0,0,0,1,44994242.280673958,30383147,22.379006281,0.000000000,66.046585856,45.569374141,292044.000000000,4
large_arrays,2,seeded-sync,4,5,1000000,64,0,0,0,1,88671050.281250000,30035676,22.379006281,0.000000000,250.000000000,80.000000000,292044.000000000,0
large_arrays,2,learned-sync,4,5,1000000,64,0,0,0,1,44994242.280673958,30035676,22.379006281,0.000000000,66.046585856,45.569374141,292044.000000000,4
large_arrays,2,seeded-sync,5,5,1000000,64,0,0,0,1,88671050.281250000,30417247,22.379006281,0.000000000,250.000000000,80.000000000,292044.000000000,0
large_arrays,2,learned-sync,5,5,1000000,64,0,0,0,1,44994242.280673958,30417247,22.379006281,0.000000000,66.046585856,45.569374141,292044.000000000,4
large_arrays,2,seeded-sync,6,5,1000000,64,0,0,0,1,88671050.281250000,36660334,22.379006281,0.000000000,250.000000000,80.000000000,292044.000000000,0
large_arrays,2,learned-sync,6,5,1000000,64,0,0,0,1,44994242.280673958,36660334,22.379006281,0.000000000,66.046585856,45.569374141,292044.000000000,4
independent_after,0,seeded-sync,0,8,32768,4,0,16,1,1,3005626.906250000,1602594,22.366844654,116.194126129,250.000000000,80.000000000,445099.000000000,0
independent_after,0,learned-sync,0,8,32768,4,0,16,1,1,2236664.556197351,1602594,22.366844654,116.194126129,99.448332202,42.816719055,445099.000000000,4
independent_after,0,seeded-sync,1,8,32768,4,0,16,1,1,3005626.906250000,1621329,22.366844654,116.194126129,250.000000000,80.000000000,445099.000000000,0
independent_after,0,learned-sync,1,8,32768,4,0,16,1,1,2236664.556197351,1621329,22.366844654,116.194126129,99.448332202,42.816719055,445099.000000000,4
independent_after,0,seeded-sync,2,8,32768,4,0,16,1,1,3005626.906250000,1642509,22.366844654,116.194126129,250.000000000,80.000000000,445099.000000000,0
independent_after,0,learned-sync,2,8,32768,4,0,16,1,1,2236664.556197351,1642509,22.366844654,116.194126129,99.448332202,42.816719055,445099.000000000,4
independent_after,0,seeded-sync,3,8,32768,4,0,16,1,1,3005626.906250000,1701078,22.366844654,116.194126129,250.000000000,80.000000000,445099.000000000,0
independent_after,0,learned-sync,3,8,32768,4,0,16,1,1,2236664.556197351,1701078,22.366844654,116.194126129,99.448332202,42.816719055,445099.000000000,4
independent_after,0,seeded-sync,4,8,32768,4,0,16,1,1,3005626.906250000,1591063,22.366844654,116.194126129,250.000000000,80.000000000,445099.000000000,0
independent_after,0,learned-sync,4,8,32768,4,0,16,1,1,2236664.556197351,1591063,22.366844654,116.194126129,99.448332202,42.816719055,445099.000000000,4
independent_after,0,seeded-sync,5,8,32768,4,0,16,1,1,3005626.906250000,1575745,22.366844654,116.194126129,250.000000000,80.000000000,445099.000000000,0
independent_after,0,learned-sync,5,8,32768,4,0,16,1,1,2236664.556197351,1575745,22.366844654,116.194126129,99.448332202,42.816719055,445099.000000000,4
independent_after,0,seeded-sync,6,8,32768,4,0,16,1,1,3005626.906250000,1910857,22.366844654,116.194126129,250.000000000,80.000000000,445099.000000000,0
independent_after,0,learned-sync,6,8,32768,4,0,16,1,1,2236664.556197351,1910857,22.366844654,116.194126129,99.448332202,42.816719055,445099.000000000,4
short_chain,1,seeded-sync,0,8,20000,1,0,0,0,1,1684153.218750000,4130162,22.055710937,0.000000000,250.000000000,80.000000000,418039.000000000,0
short_chain,1,learned-sync,0,8,20000,1,0,0,0,1,4501127.804260917,4130162,22.055710937,0.000000000,1405.105962329,51.683871875,418039.000000000,4
short_chain,1,seeded-sync,1,8,20000,1,0,0,0,1,1684153.218750000,4879337,22.055710937,0.000000000,250.000000000,80.000000000,418039.000000000,0
short_chain,1,learned-sync,1,8,20000,1,0,0,0,1,4501127.804260917,4879337,22.055710937,0.000000000,1405.105962329,51.683871875,418039.000000000,4
short_chain,1,seeded-sync,2,8,20000,1,0,0,0,1,1684153.218750000,4243683,22.055710937,0.000000000,250.000000000,80.000000000,418039.000000000,0
short_chain,1,learned-sync,2,8,20000,1,0,0,0,1,4501127.804260917,4243683,22.055710937,0.000000000,1405.105962329,51.683871875,418039.000000000,4
short_chain,1,seeded-sync,3,8,20000,1,0,0,0,1,1684153.218750000,4377308,22.055710937,0.000000000,250.000000000,80.000000000,418039.000000000,0
short_chain,1,learned-sync,3,8,20000,1,0,0,0,1,4501127.804260917,4377308,22.055710937,0.000000000,1405.105962329,51.683871875,418039.000000000,4
short_chain,1,seeded-sync,4,8,20000,1,0,0,0,1,1684153.218750000,4000901,22.055710937,0.000000000,250.000000000,80.000000000,418039.000000000,0
short_chain,1,learned-sync,4,8,20000,1,0,0,0,1,4501127.804260917,4000901,22.055710937,0.000000000,1405.105962329,51.683871875,418039.000000000,4
short_chain,1,seeded-sync,5,8,20000,1,0,0,0,1,1684153.218750000,4723361,22.055710937,0.000000000,250.000000000,80.000000000,418039.000000000,0
short_chain,1,learned-sync,5,8,20000,1,0,0,0,1,4501127.804260917,4723361,22.055710937,0.000000000,1405.105962329,51.683871875,418039.000000000,4
short_chain,1,seeded-sync,6,8,20000,1,0,0,0,1,1684153.218750000,4241078,22.055710937,0.000000000,250.000000000,80.000000000,418039.000000000,0
short_chain,1,learned-sync,6,8,20000,1,0,0,0,1,4501127.804260917,4241078,22.055710937,0.000000000,1405.105962329,51.683871875,418039.000000000,4
short_four_chains,0,seeded-sync,0,3,20000,4,0,0,0,1,2853511.218750000,1368037,23.152310937,0.000000000,250.000000000,80.000000000,190355.000000000,0
short_four_chains,0,learned-sync,0,3,20000,4,0,0,0,1,1416835.659538577,1368037,23.152310937,0.000000000,64.757918771,49.751521875,190355.000000000,4
short_four_chains,0,seeded-sync,1,3,20000,4,0,0,0,1,2853511.218750000,1238306,23.152310937,0.000000000,250.000000000,80.000000000,190355.000000000,0
short_four_chains,0,learned-sync,1,3,20000,4,0,0,0,1,1416835.659538577,1238306,23.152310937,0.000000000,64.757918771,49.751521875,190355.000000000,4
short_four_chains,0,seeded-sync,2,3,20000,4,0,0,0,1,2853511.218750000,1274935,23.152310937,0.000000000,250.000000000,80.000000000,190355.000000000,0
short_four_chains,0,learned-sync,2,3,20000,4,0,0,0,1,1416835.659538577,1274935,23.152310937,0.000000000,64.757918771,49.751521875,190355.000000000,4
short_four_chains,0,seeded-sync,3,3,20000,4,0,0,0,1,2853511.218750000,1461142,23.152310937,0.000000000,250.000000000,80.000000000,190355.000000000,0
short_four_chains,0,learned-sync,3,3,20000,4,0,0,0,1,1416835.659538577,1461142,23.152310937,0.000000000,64.757918771,49.751521875,190355.000000000,4
short_four_chains,0,seeded-sync,4,3,20000,4,0,0,0,1,2853511.218750000,1324356,23.152310937,0.000000000,250.000000000,80.000000000,190355.000000000,0
short_four_chains,0,learned-sync,4,3,20000,4,0,0,0,1,1416835.659538577,1324356,23.152310937,0.000000000,64.757918771,49.751521875,190355.000000000,4
short_four_chains,0,seeded-sync,5,3,20000,4,0,0,0,1,2853511.218750000,1251661,23.152310937,0.000000000,250.000000000,80.000000000,190355.000000000,0
short_four_chains,0,learned-sync,5,3,20000,4,0,0,0,1,1416835.659538577,1251661,23.152310937,0.000000000,64.757918771,49.751521875,190355.000000000,4
short_four_chains,0,seeded-sync,6,3,20000,4,0,0,0,1,2853511.218750000,1235772,23.152310937,0.000000000,250.000000000,80.000000000,190355.000000000,0
short_four_chains,0,learned-sync,6,3,20000,4,0,0,0,1,1416835.659538577,1235772,23.152310937,0.000000000,64.757918771,49.751521875,190355.000000000,4
two_streams,1,seeded-sync,0,2,32768,4,0,0,0,2,11766752.593750000,3977758,22.660235405,0.000000000,250.000000000,80.000000000,210782.000000000,0
two_streams,1,learned-sync,0,2,32768,4,0,0,0,2,2700052.794952158,3977758,22.660235405,0.000000000,26.200691164,27.105589390,210782.000000000,4
two_streams,1,seeded-sync,1,2,32768,4,0,0,0,2,11766752.593750000,3456757,22.660235405,0.000000000,250.000000000,80.000000000,210782.000000000,0
two_streams,1,learned-sync,1,2,32768,4,0,0,0,2,2700052.794952158,3456757,22.660235405,0.000000000,26.200691164,27.105589390,210782.000000000,4
two_streams,1,seeded-sync,2,2,32768,4,0,0,0,2,11766752.593750000,3553267,22.660235405,0.000000000,250.000000000,80.000000000,210782.000000000,0
two_streams,1,learned-sync,2,2,32768,4,0,0,0,2,2700052.794952158,3553267,22.660235405,0.000000000,26.200691164,27.105589390,210782.000000000,4
two_streams,1,seeded-sync,3,2,32768,4,0,0,0,2,11766752.593750000,4128188,22.660235405,0.000000000,250.000000000,80.000000000,210782.000000000,0
two_streams,1,learned-sync,3,2,32768,4,0,0,0,2,2700052.794952158,4128188,22.660235405,0.000000000,26.200691164,27.105589390,210782.000000000,4
two_streams,1,seeded-sync,4,2,32768,4,0,0,0,2,11766752.593750000,3709228,22.660235405,0.000000000,250.000000000,80.000000000,210782.000000000,0
two_streams,1,learned-sync,4,2,32768,4,0,0,0,2,2700052.794952158,3709228,22.660235405,0.000000000,26.200691164,27.105589390,210782.000000000,4
two_streams,1,seeded-sync,5,2,32768,4,0,0,0,2,11766752.593750000,3613980,22.660235405,0.000000000,250.000000000,80.000000000,210782.000000000,0
two_streams,1,learned-sync,5,2,32768,4,0,0,0,2,2700052.794952158,3613980,22.660235405,0.000000000,26.200691164,27.105589390,210782.000000000,4
two_streams,1,seeded-sync,6,2,32768,4,0,0,0,2,11766752.593750000,3617567,22.660235405,0.000000000,250.000000000,80.000000000,210782.000000000,0
two_streams,1,learned-sync,6,2,32768,4,0,0,0,2,2700052.794952158,3617567,22.660235405,0.000000000,26.200691164,27.105589390,210782.000000000,4
uneven,0,seeded-sync,0,3,8193,3,4,8,0,1,1630503.182291667,676510,42.713780056,66.657335149,250.000000000,80.000000000,197278.000000000,0
uneven,0,learned-sync,0,3,8193,3,4,8,0,1,897233.247458791,676510,42.713780056,66.657335149,30.684958791,30.816346653,197278.000000000,4
uneven,0,seeded-sync,1,3,8193,3,4,8,0,1,1630503.182291667,679696,42.713780056,66.657335149,250.000000000,80.000000000,197278.000000000,0
uneven,0,learned-sync,1,3,8193,3,4,8,0,1,897233.247458791,679696,42.713780056,66.657335149,30.684958791,30.816346653,197278.000000000,4
uneven,0,seeded-sync,2,3,8193,3,4,8,0,1,1630503.182291667,663837,42.713780056,66.657335149,250.000000000,80.000000000,197278.000000000,0
uneven,0,learned-sync,2,3,8193,3,4,8,0,1,897233.247458791,663837,42.713780056,66.657335149,30.684958791,30.816346653,197278.000000000,4
uneven,0,seeded-sync,3,3,8193,3,4,8,0,1,1630503.182291667,633630,42.713780056,66.657335149,250.000000000,80.000000000,197278.000000000,0
uneven,0,learned-sync,3,3,8193,3,4,8,0,1,897233.247458791,633630,42.713780056,66.657335149,30.684958791,30.816346653,197278.000000000,4
uneven,0,seeded-sync,4,3,8193,3,4,8,0,1,1630503.182291667,638790,42.713780056,66.657335149,250.000000000,80.000000000,197278.000000000,0
uneven,0,learned-sync,4,3,8193,3,4,8,0,1,897233.247458791,638790,42.713780056,66.657335149,30.684958791,30.816346653,197278.000000000,4
uneven,0,seeded-sync,5,3,8193,3,4,8,0,1,1630503.182291667,702498,42.713780056,66.657335149,250.000000000,80.000000000,197278.000000000,0
uneven,0,learned-sync,5,3,8193,3,4,8,0,1,897233.247458791,702498,42.713780056,66.657335149,30.684958791,30.816346653,197278.000000000,4
uneven,0,seeded-sync,6,3,8193,3,4,8,0,1,1630503.182291667,682982,42.713780056,66.657335149,250.000000000,80.000000000,197278.000000000,0
uneven,0,learned-sync,6,3,8193,3,4,8,0,1,897233.247458791,682982,42.713780056,66.657335149,30.684958791,30.816346653,197278.000000000,4
two_streams,1,seeded-sync,0,3,32768,4,0,0,0,2,8163896.156250000,3479991,22.294590950,0.000000000,250.000000000,80.000000000,224167.000000000,0
two_streams,1,learned-sync,0,3,32768,4,0,0,0,2,3053414.221630628,3479991,22.294590950,0.000000000,48.880604236,47.187237263,224167.000000000,4
two_streams,1,seeded-sync,1,3,32768,4,0,0,0,2,8163896.156250000,3506490,22.294590950,0.000000000,250.000000000,80.000000000,224167.000000000,0
two_streams,1,learned-sync,1,3,32768,4,0,0,0,2,3053414.221630628,3506490,22.294590950,0.000000000,48.880604236,47.187237263,224167.000000000,4
two_streams,1,seeded-sync,2,3,32768,4,0,0,0,2,8163896.156250000,3727642,22.294590950,0.000000000,250.000000000,80.000000000,224167.000000000,0
two_streams,1,learned-sync,2,3,32768,4,0,0,0,2,3053414.221630628,3727642,22.294590950,0.000000000,48.880604236,47.187237263,224167.000000000,4
two_streams,1,seeded-sync,3,3,32768,4,0,0,0,2,8163896.156250000,4154788,22.294590950,0.000000000,250.000000000,80.000000000,224167.000000000,0
two_streams,1,learned-sync,3,3,32768,4,0,0,0,2,3053414.221630628,4154788,22.294590950,0.000000000,48.880604236,47.187237263,224167.000000000,4
two_streams,1,seeded-sync,4,3,32768,4,0,0,0,2,8163896.156250000,3703156,22.294590950,0.000000000,250.000000000,80.000000000,224167.000000000,0
two_streams,1,learned-sync,4,3,32768,4,0,0,0,2,3053414.221630628,3703156,22.294590950,0.000000000,48.880604236,47.187237263,224167.000000000,4
two_streams,1,seeded-sync,5,3,32768,4,0,0,0,2,8163896.156250000,3482986,22.294590950,0.000000000,250.000000000,80.000000000,224167.000000000,0
two_streams,1,learned-sync,5,3,32768,4,0,0,0,2,3053414.221630628,3482986,22.294590950,0.000000000,48.880604236,47.187237263,224167.000000000,4
two_streams,1,seeded-sync,6,3,32768,4,0,0,0,2,8163896.156250000,3729305,22.294590950,0.000000000,250.000000000,80.000000000,224167.000000000,0
two_streams,1,learned-sync,6,3,32768,4,0,0,0,2,3053414.221630628,3729305,22.294590950,0.000000000,48.880604236,47.187237263,224167.000000000,4
independent_after,0,seeded-sync,0,3,32768,4,0,16,1,1,5860205.765098095,3577809,22.508713245,116.545294285,250.000000000,80.000000000,245026.000000000,0
independent_after,0,learned-sync,0,3,32768,4,0,16,1,1,3379294.493457946,3577809,22.508713245,116.545294285,56.113245960,46.759474754,245026.000000000,4
independent_after,0,seeded-sync,1,3,32768,4,0,16,1,1,5860205.765098095,3078388,22.508713245,116.545294285,250.000000000,80.000000000,245026.000000000,0
independent_after,0,learned-sync,1,3,32768,4,0,16,1,1,3379294.493457946,3078388,22.508713245,116.545294285,56.113245960,46.759474754,245026.000000000,4
independent_after,0,seeded-sync,2,3,32768,4,0,16,1,1,5860205.765098095,3228742,22.508713245,116.545294285,250.000000000,80.000000000,245026.000000000,0
independent_after,0,learned-sync,2,3,32768,4,0,16,1,1,3379294.493457946,3228742,22.508713245,116.545294285,56.113245960,46.759474754,245026.000000000,4
independent_after,0,seeded-sync,3,3,32768,4,0,16,1,1,5860205.765098095,3420968,22.508713245,116.545294285,250.000000000,80.000000000,245026.000000000,0
independent_after,0,learned-sync,3,3,32768,4,0,16,1,1,3379294.493457946,3420968,22.508713245,116.545294285,56.113245960,46.759474754,245026.000000000,4
independent_after,0,seeded-sync,4,3,32768,4,0,16,1,1,5860205.765098095,3248374,22.508713245,116.545294285,250.000000000,80.000000000,245026.000000000,0
independent_after,0,learned-sync,4,3,32768,4,0,16,1,1,3379294.493457946,3248374,22.508713245,116.545294285,56.113245960,46.759474754,245026.000000000,4
independent_after,0,seeded-sync,5,3,32768,4,0,16,1,1,5860205.765098095,3036986,22.508713245,116.545294285,250.000000000,80.000000000,245026.000000000,0
independent_after,0,learned-sync,5,3,32768,4,0,16,1,1,3379294.493457946,3036986,22.508713245,116.545294285,56.113245960,46.759474754,245026.000000000,4
independent_after,0,seeded-sync,6,3,32768,4,0,16,1,1,5860205.765098095,2998033,22.508713245,116.545294285,250.000000000,80.000000000,245026.000000000,0
independent_after,0,learned-sync,6,3,32768,4,0,16,1,1,3379294.493457946,2998033,22.508713245,116.545294285,56.113245960,46.759474754,245026.000000000,4
short_many_chains,2,seeded-sync,0,5,20000,64,0,0,0,1,2055776.203125000,983933,22.630460156,0.000000000,250.000000000,80.000000000,283167.000000000,0
short_many_chains,2,learned-sync,0,5,20000,64,0,0,0,1,1166815.861737560,983933,22.630460156,0.000000000,62.505799809,45.254114844,283167.000000000,4
short_many_chains,2,seeded-sync,1,5,20000,64,0,0,0,1,2055776.203125000,900967,22.630460156,0.000000000,250.000000000,80.000000000,283167.000000000,0
short_many_chains,2,learned-sync,1,5,20000,64,0,0,0,1,1166815.861737560,900967,22.630460156,0.000000000,62.505799809,45.254114844,283167.000000000,4
short_many_chains,2,seeded-sync,2,5,20000,64,0,0,0,1,2055776.203125000,875215,22.630460156,0.000000000,250.000000000,80.000000000,283167.000000000,0
short_many_chains,2,learned-sync,2,5,20000,64,0,0,0,1,1166815.861737560,875215,22.630460156,0.000000000,62.505799809,45.254114844,283167.000000000,4
short_many_chains,2,seeded-sync,3,5,20000,64,0,0,0,1,2055776.203125000,857417,22.630460156,0.000000000,250.000000000,80.000000000,283167.000000000,0
short_many_chains,2,learned-sync,3,5,20000,64,0,0,0,1,1166815.861737560,857417,22.630460156,0.000000000,62.505799809,45.254114844,283167.000000000,4
short_many_chains,2,seeded-sync,4,5,20000,64,0,0,0,1,2055776.203125000,848981,22.630460156,0.000000000,250.000000000,80.000000000,283167.000000000,0
short_many_chains,2,learned-sync,4,5,20000,64,0,0,0,1,1166815.861737560,848981,22.630460156,0.000000000,62.505799809,45.254114844,283167.000000000,4
short_many_chains,2,seeded-sync,5,5,20000,64,0,0,0,1,2055776.203125000,880991,22.630460156,0.000000000,250.000000000,80.000000000,283167.000000000,0
short_many_chains,2,learned-sync,5,5,20000,64,0,0,0,1,1166815.861737560,880991,22.630460156,0.000000000,62.505799809,45.254114844,283167.000000000,4
short_many_chains,2,seeded-sync,6,5,20000,64,0,0,0,1,2055776.203125000,975496,22.630460156,0.000000000,250.000000000,80.000000000,283167.000000000,0
short_many_chains,2,learned-sync,6,5,20000,64,0,0,0,1,1166815.861737560,975496,22.630460156,0.000000000,62.505799809,45.254114844,283167.000000000,4
short_many_chains,0,seeded-sync,0,2,20000,64,0,0,0,1,3900511.125000000,1135982,22.487006250,0.000000000,250.000000000,80.000000000,150771.000000000,0
short_many_chains,0,learned-sync,0,2,20000,64,0,0,0,1,1150726.944108648,1135982,22.487006250,0.000000000,26.528282692,28.493299219,150771.000000000,4
short_many_chains,0,seeded-sync,1,2,20000,64,0,0,0,1,3900511.125000000,1431139,22.487006250,0.000000000,250.000000000,80.000000000,150771.000000000,0
short_many_chains,0,learned-sync,1,2,20000,64,0,0,0,1,1150726.944108648,1431139,22.487006250,0.000000000,26.528282692,28.493299219,150771.000000000,4
short_many_chains,0,seeded-sync,2,2,20000,64,0,0,0,1,3900511.125000000,1325558,22.487006250,0.000000000,250.000000000,80.000000000,150771.000000000,0
short_many_chains,0,learned-sync,2,2,20000,64,0,0,0,1,1150726.944108648,1325558,22.487006250,0.000000000,26.528282692,28.493299219,150771.000000000,4
short_many_chains,0,seeded-sync,3,2,20000,64,0,0,0,1,3900511.125000000,1298158,22.487006250,0.000000000,250.000000000,80.000000000,150771.000000000,0
short_many_chains,0,learned-sync,3,2,20000,64,0,0,0,1,1150726.944108648,1298158,22.487006250,0.000000000,26.528282692,28.493299219,150771.000000000,4
short_many_chains,0,seeded-sync,4,2,20000,64,0,0,0,1,3900511.125000000,1279123,22.487006250,0.000000000,250.000000000,80.000000000,150771.000000000,0
short_many_chains,0,learned-sync,4,2,20000,64,0,0,0,1,1150726.944108648,1279123,22.487006250,0.000000000,26.528282692,28.493299219,150771.000000000,4
short_many_chains,0,seeded-sync,5,2,20000,64,0,0,0,1,3900511.125000000,1153738,22.487006250,0.000000000,250.000000000,80.000000000,150771.000000000,0
short_many_chains,0,learned-sync,5,2,20000,64,0,0,0,1,1150726.944108648,1153738,22.487006250,0.000000000,26.528282692,28.493299219,150771.000000000,4
short_many_chains,0,seeded-sync,6,2,20000,64,0,0,0,1,3900511.125000000,1142498,22.487006250,0.000000000,250.000000000,80.000000000,150771.000000000,0
short_many_chains,0,learned-sync,6,2,20000,64,0,0,0,1,1150726.944108648,1142498,22.487006250,0.000000000,26.528282692,28.493299219,150771.000000000,4
tiny_chain,2,seeded-sync,0,3,257,1,0,0,0,1,208799.718750000,224277,22.041707198,0.000000000,250.000000000,80.000000000,174755.000000000,0
tiny_chain,2,learned-sync,0,3,257,1,0,0,0,1,244728.846427472,224277,22.041707198,0.000000000,696.383728027,51.396826362,174755.000000000,4
tiny_chain,2,seeded-sync,1,3,257,1,0,0,0,1,208799.718750000,217295,22.041707198,0.000000000,250.000000000,80.000000000,174755.000000000,0
tiny_chain,2,learned-sync,1,3,257,1,0,0,0,1,244728.846427472,217295,22.041707198,0.000000000,696.383728027,51.396826362,174755.000000000,4
tiny_chain,2,seeded-sync,2,3,257,1,0,0,0,1,208799.718750000,238404,22.041707198,0.000000000,250.000000000,80.000000000,174755.000000000,0
tiny_chain,2,learned-sync,2,3,257,1,0,0,0,1,244728.846427472,238404,22.041707198,0.000000000,696.383728027,51.396826362,174755.000000000,4
tiny_chain,2,seeded-sync,3,3,257,1,0,0,0,1,208799.718750000,219959,22.041707198,0.000000000,250.000000000,80.000000000,174755.000000000,0
tiny_chain,2,learned-sync,3,3,257,1,0,0,0,1,244728.846427472,219959,22.041707198,0.000000000,696.383728027,51.396826362,174755.000000000,4
tiny_chain,2,seeded-sync,4,3,257,1,0,0,0,1,208799.718750000,221162,22.041707198,0.000000000,250.000000000,80.000000000,174755.000000000,0
tiny_chain,2,learned-sync,4,3,257,1,0,0,0,1,244728.846427472,221162,22.041707198,0.000000000,696.383728027,51.396826362,174755.000000000,4
tiny_chain,2,seeded-sync,5,3,257,1,0,0,0,1,208799.718750000,216242,22.041707198,0.000000000,250.000000000,80.000000000,174755.000000000,0
tiny_chain,2,learned-sync,5,3,257,1,0,0,0,1,244728.846427472,216242,22.041707198,0.000000000,696.383728027,51.396826362,174755.000000000,4
tiny_chain,2,seeded-sync,6,3,257,1,0,0,0,1,208799.718750000,235058,22.041707198,0.000000000,250.000000000,80.000000000,174755.000000000,0
tiny_chain,2,learned-sync,6,3,257,1,0,0,0,1,244728.846427472,235058,22.041707198,0.000000000,696.383728027,51.396826362,174755.000000000,4
short_many_chains,1,seeded-sync,0,3,20000,64,0,0,0,1,2843467.125000000,1056768,22.778856250,0.000000000,250.000000000,80.000000000,187780.000000000,0
short_many_chains,1,learned-sync,0,3,20000,64,0,0,0,1,1217941.891768307,1056768,22.778856250,0.000000000,44.146113657,42.037292188,187780.000000000,4
short_many_chains,1,seeded-sync,1,3,20000,64,0,0,0,1,2843467.125000000,997939,22.778856250,0.000000000,250.000000000,80.000000000,187780.000000000,0
short_many_chains,1,learned-sync,1,3,20000,64,0,0,0,1,1217941.891768307,997939,22.778856250,0.000000000,44.146113657,42.037292188,187780.000000000,4
short_many_chains,1,seeded-sync,2,3,20000,64,0,0,0,1,2843467.125000000,1311733,22.778856250,0.000000000,250.000000000,80.000000000,187780.000000000,0
short_many_chains,1,learned-sync,2,3,20000,64,0,0,0,1,1217941.891768307,1311733,22.778856250,0.000000000,44.146113657,42.037292188,187780.000000000,4
short_many_chains,1,seeded-sync,3,3,20000,64,0,0,0,1,2843467.125000000,1206246,22.778856250,0.000000000,250.000000000,80.000000000,187780.000000000,0
short_many_chains,1,learned-sync,3,3,20000,64,0,0,0,1,1217941.891768307,1206246,22.778856250,0.000000000,44.146113657,42.037292188,187780.000000000,4
short_many_chains,1,seeded-sync,4,3,20000,64,0,0,0,1,2843467.125000000,1147707,22.778856250,0.000000000,250.000000000,80.000000000,187780.000000000,0
short_many_chains,1,learned-sync,4,3,20000,64,0,0,0,1,1217941.891768307,1147707,22.778856250,0.000000000,44.146113657,42.037292188,187780.000000000,4
short_many_chains,1,seeded-sync,5,3,20000,64,0,0,0,1,2843467.125000000,1038474,22.778856250,0.000000000,250.000000000,80.000000000,187780.000000000,0
short_many_chains,1,learned-sync,5,3,20000,64,0,0,0,1,1217941.891768307,1038474,22.778856250,0.000000000,44.146113657,42.037292188,187780.000000000,4
short_many_chains,1,seeded-sync,6,3,20000,64,0,0,0,1,2843467.125000000,1109677,22.778856250,0.000000000,250.000000000,80.000000000,187780.000000000,0
short_many_chains,1,learned-sync,6,3,20000,64,0,0,0,1,1217941.891768307,1109677,22.778856250,0.000000000,44.146113657,42.037292188,187780.000000000,4
large_arrays,2,seeded-sync,0,7,1000000,64,0,0,0,1,69789020.390625000,26512980,22.248400391,0.000000000,250.000000000,80.000000000,397480.000000000,0
large_arrays,2,learned-sync,0,7,1000000,64,0,0,0,1,38867660.433337316,26512980,22.248400391,0.000000000,64.228333004,49.323445984,397480.000000000,4
large_arrays,2,seeded-sync,1,7,1000000,64,0,0,0,1,69789020.390625000,28363552,22.248400391,0.000000000,250.000000000,80.000000000,397480.000000000,0
large_arrays,2,learned-sync,1,7,1000000,64,0,0,0,1,38867660.433337316,28363552,22.248400391,0.000000000,64.228333004,49.323445984,397480.000000000,4
large_arrays,2,seeded-sync,2,7,1000000,64,0,0,0,1,69789020.390625000,26760476,22.248400391,0.000000000,250.000000000,80.000000000,397480.000000000,0
large_arrays,2,learned-sync,2,7,1000000,64,0,0,0,1,38867660.433337316,26760476,22.248400391,0.000000000,64.228333004,49.323445984,397480.000000000,4
large_arrays,2,seeded-sync,3,7,1000000,64,0,0,0,1,69789020.390625000,25904748,22.248400391,0.000000000,250.000000000,80.000000000,397480.000000000,0
large_arrays,2,learned-sync,3,7,1000000,64,0,0,0,1,38867660.433337316,25904748,22.248400391,0.000000000,64.228333004,49.323445984,397480.000000000,4
large_arrays,2,seeded-sync,4,7,1000000,64,0,0,0,1,69789020.390625000,25161734,22.248400391,0.000000000,250.000000000,80.000000000,397480.000000000,0
large_arrays,2,learned-sync,4,7,1000000,64,0,0,0,1,38867660.433337316,25161734,22.248400391,0.000000000,64.228333004,49.323445984,397480.000000000,4
large_arrays,2,seeded-sync,5,7,1000000,64,0,0,0,1,69789020.390625000,25219832,22.248400391,0.000000000,250.000000000,80.000000000,397480.000000000,0
large_arrays,2,learned-sync,5,7,1000000,64,0,0,0,1,38867660.433337316,25219832,22.248400391,0.000000000,64.228333004,49.323445984,397480.000000000,4
large_arrays,2,seeded-sync,6,7,1000000,64,0,0,0,1,69789020.390625000,24789149,22.248400391,0.000000000,250.000000000,80.000000000,397480.000000000,0
large_arrays,2,learned-sync,6,7,1000000,64,0,0,0,1,38867660.433337316,24789149,22.248400391,0.000000000,64.228333004,49.323445984,397480.000000000,4
tiny_chain,2,seeded-sync,0,6,257,1,0,0,0,1,351751.343750000,444308,25.234800584,0.000000000,250.000000000,80.000000000,331076.000000000,0
tiny_chain,2,learned-sync,0,6,257,1,0,0,0,1,503062.118816687,444308,25.234800584,0.000000000,3798.998291016,49.856943093,331076.000000000,4
tiny_chain,2,seeded-sync,1,6,257,1,0,0,0,1,351751.343750000,415645,25.234800584,0.000000000,250.000000000,80.000000000,331076.000000000,0
tiny_chain,2,learned-sync,1,6,257,1,0,0,0,1,503062.118816687,415645,25.234800584,0.000000000,3798.998291016,49.856943093,331076.000000000,4
tiny_chain,2,seeded-sync,2,6,257,1,0,0,0,1,351751.343750000,470466,25.234800584,0.000000000,250.000000000,80.000000000,331076.000000000,0
tiny_chain,2,learned-sync,2,6,257,1,0,0,0,1,503062.118816687,470466,25.234800584,0.000000000,3798.998291016,49.856943093,331076.000000000,4
tiny_chain,2,seeded-sync,3,6,257,1,0,0,0,1,351751.343750000,428578,25.234800584,0.000000000,250.000000000,80.000000000,331076.000000000,0
tiny_chain,2,learned-sync,3,6,257,1,0,0,0,1,503062.118816687,428578,25.234800584,0.000000000,3798.998291016,49.856943093,331076.000000000,4
tiny_chain,2,seeded-sync,4,6,257,1,0,0,0,1,351751.343750000,437645,25.234800584,0.000000000,250.000000000,80.000000000,331076.000000000,0
tiny_chain,2,learned-sync,4,6,257,1,0,0,0,1,503062.118816687,437645,25.234800584,0.000000000,3798.998291016,49.856943093,331076.000000000,4
tiny_chain,2,seeded-sync,5,6,257,1,0,0,0,1,351751.343750000,412899,25.234800584,0.000000000,250.000000000,80.000000000,331076.000000000,0
tiny_chain,2,learned-sync,5,6,257,1,0,0,0,1,503062.118816687,412899,25.234800584,0.000000000,3798.998291016,49.856943093,331076.000000000,4
tiny_chain,2,seeded-sync,6,6,257,1,0,0,0,1,351751.343750000,438467,25.234800584,0.000000000,250.000000000,80.000000000,331076.000000000,0
tiny_chain,2,learned-sync,6,6,257,1,0,0,0,1,503062.118816687,438467,25.234800584,0.000000000,3798.998291016,49.856943093,331076.000000000,4
large_arrays,1,seeded-sync,0,4,1000000,64,0,0,0,1,104985987.250000000,30919311,22.266829250,0.000000000,250.000000000,80.000000000,219158.000000000,0
large_arrays,1,learned-sync,0,4,1000000,64,0,0,0,1,43206125.880766369,30919311,22.266829250,0.000000000,38.140497117,44.740057406,219158.000000000,4
large_arrays,1,seeded-sync,1,4,1000000,64,0,0,0,1,104985987.250000000,31322473,22.266829250,0.000000000,250.000000000,80.000000000,219158.000000000,0
large_arrays,1,learned-sync,1,4,1000000,64,0,0,0,1,43206125.880766369,31322473,22.266829250,0.000000000,38.140497117,44.740057406,219158.000000000,4
large_arrays,1,seeded-sync,2,4,1000000,64,0,0,0,1,104985987.250000000,37829640,22.266829250,0.000000000,250.000000000,80.000000000,219158.000000000,0
large_arrays,1,learned-sync,2,4,1000000,64,0,0,0,1,43206125.880766369,37829640,22.266829250,0.000000000,38.140497117,44.740057406,219158.000000000,4
large_arrays,1,seeded-sync,3,4,1000000,64,0,0,0,1,104985987.250000000,33963241,22.266829250,0.000000000,250.000000000,80.000000000,219158.000000000,0
large_arrays,1,learned-sync,3,4,1000000,64,0,0,0,1,43206125.880766369,33963241,22.266829250,0.000000000,38.140497117,44.740057406,219158.000000000,4
large_arrays,1,seeded-sync,4,4,1000000,64,0,0,0,1,104985987.250000000,31953072,22.266829250,0.000000000,250.000000000,80.000000000,219158.000000000,0
large_arrays,1,learned-sync,4,4,1000000,64,0,0,0,1,43206125.880766369,31953072,22.266829250,0.000000000,38.140497117,44.740057406,219158.000000000,4
large_arrays,1,seeded-sync,5,4,1000000,64,0,0,0,1,104985987.250000000,31211181,22.266829250,0.000000000,250.000000000,80.000000000,219158.000000000,0
large_arrays,1,learned-sync,5,4,1000000,64,0,0,0,1,43206125.880766369,31211181,22.266829250,0.000000000,38.140497117,44.740057406,219158.000000000,4
large_arrays,1,seeded-sync,6,4,1000000,64,0,0,0,1,104985987.250000000,37832086,22.266829250,0.000000000,250.000000000,80.000000000,219158.000000000,0
large_arrays,1,learned-sync,6,4,1000000,64,0,0,0,1,43206125.880766369,37832086,22.266829250,0.000000000,38.140497117,44.740057406,219158.000000000,4
long_many_chains,0,seeded-sync,0,8,200000,64,0,0,0,1,13123399.515625000,4461399,22.266787578,0.000000000,250.000000000,80.000000000,420042.000000000,0
long_many_chains,0,learned-sync,0,8,200000,64,0,0,0,1,7087096.097308013,4461399,22.266787578,0.000000000,39.033647877,49.514215391,420042.000000000,4
long_many_chains,0,seeded-sync,1,8,200000,64,0,0,0,1,13123399.515625000,4263103,22.266787578,0.000000000,250.000000000,80.000000000,420042.000000000,0
long_many_chains,0,learned-sync,1,8,200000,64,0,0,0,1,7087096.097308013,4263103,22.266787578,0.000000000,39.033647877,49.514215391,420042.000000000,4
long_many_chains,0,seeded-sync,2,8,200000,64,0,0,0,1,13123399.515625000,4231420,22.266787578,0.000000000,250.000000000,80.000000000,420042.000000000,0
long_many_chains,0,learned-sync,2,8,200000,64,0,0,0,1,7087096.097308013,4231420,22.266787578,0.000000000,39.033647877,49.514215391,420042.000000000,4
long_many_chains,0,seeded-sync,3,8,200000,64,0,0,0,1,13123399.515625000,4253562,22.266787578,0.000000000,250.000000000,80.000000000,420042.000000000,0
long_many_chains,0,learned-sync,3,8,200000,64,0,0,0,1,7087096.097308013,4253562,22.266787578,0.000000000,39.033647877,49.514215391,420042.000000000,4
long_many_chains,0,seeded-sync,4,8,200000,64,0,0,0,1,13123399.515625000,4351935,22.266787578,0.000000000,250.000000000,80.000000000,420042.000000000,0
long_many_chains,0,learned-sync,4,8,200000,64,0,0,0,1,7087096.097308013,4351935,22.266787578,0.000000000,39.033647877,49.514215391,420042.000000000,4
long_many_chains,0,seeded-sync,5,8,200000,64,0,0,0,1,13123399.515625000,4507304,22.266787578,0.000000000,250.000000000,80.000000000,420042.000000000,0
long_many_chains,0,learned-sync,5,8,200000,64,0,0,0,1,7087096.097308013,4507304,22.266787578,0.000000000,39.033647877,49.514215391,420042.000000000,4
long_many_chains,0,seeded-sync,6,8,200000,64,0,0,0,1,13123399.515625000,4239886,22.266787578,0.000000000,250.000000000,80.000000000,420042.000000000,0
long_many_chains,0,learned-sync,6,8,200000,64,0,0,0,1,7087096.097308013,4239886,22.266787578,0.000000000,39.033647877,49.514215391,420042.000000000,4
independent_before,1,seeded-sync,0,8,32768,4,0,16,0,1,3031511.130859375,1958248,23.004787922,117.671689510,250.000000000,80.000000000,444027.000000000,0
independent_before,1,learned-sync,0,8,32768,4,0,16,0,1,2517094.809381342,1958248,23.004787922,117.671689510,149.122668935,55.287408829,444027.000000000,4
independent_before,1,seeded-sync,1,8,32768,4,0,16,0,1,3031511.130859375,1819447,23.004787922,117.671689510,250.000000000,80.000000000,444027.000000000,0
independent_before,1,learned-sync,1,8,32768,4,0,16,0,1,2517094.809381342,1819447,23.004787922,117.671689510,149.122668935,55.287408829,444027.000000000,4
independent_before,1,seeded-sync,2,8,32768,4,0,16,0,1,3031511.130859375,1701750,23.004787922,117.671689510,250.000000000,80.000000000,444027.000000000,0
independent_before,1,learned-sync,2,8,32768,4,0,16,0,1,2517094.809381342,1701750,23.004787922,117.671689510,149.122668935,55.287408829,444027.000000000,4
independent_before,1,seeded-sync,3,8,32768,4,0,16,0,1,3031511.130859375,1726114,23.004787922,117.671689510,250.000000000,80.000000000,444027.000000000,0
independent_before,1,learned-sync,3,8,32768,4,0,16,0,1,2517094.809381342,1726114,23.004787922,117.671689510,149.122668935,55.287408829,444027.000000000,4
independent_before,1,seeded-sync,4,8,32768,4,0,16,0,1,3031511.130859375,1716627,23.004787922,117.671689510,250.000000000,80.000000000,444027.000000000,0
independent_before,1,learned-sync,4,8,32768,4,0,16,0,1,2517094.809381342,1716627,23.004787922,117.671689510,149.122668935,55.287408829,444027.000000000,4
independent_before,1,seeded-sync,5,8,32768,4,0,16,0,1,3031511.130859375,1693143,23.004787922,117.671689510,250.000000000,80.000000000,444027.000000000,0
independent_before,1,learned-sync,5,8,32768,4,0,16,0,1,2517094.809381342,1693143,23.004787922,117.671689510,149.122668935,55.287408829,444027.000000000,4
independent_before,1,seeded-sync,6,8,32768,4,0,16,0,1,3031511.130859375,1956914,23.004787922,117.671689510,250.000000000,80.000000000,444027.000000000,0
independent_before,1,learned-sync,6,8,32768,4,0,16,0,1,2517094.809381342,1956914,23.004787922,117.671689510,149.122668935,55.287408829,444027.000000000,4
independent_after,2,seeded-sync,0,4,32768,4,0,16,1,1,4662563.757812500,1847311,22.662983894,121.058239937,250.000000000,80.000000000,224874.000000000,0
independent_after,2,learned-sync,0,4,32768,4,0,16,1,1,2526677.712029113,1847311,22.662983894,121.058239937,36.930779114,32.340943813,224874.000000000,4
independent_after,2,seeded-sync,1,4,32768,4,0,16,1,1,4662563.757812500,1845006,22.662983894,121.058239937,250.000000000,80.000000000,224874.000000000,0
independent_after,2,learned-sync,1,4,32768,4,0,16,1,1,2526677.712029113,1845006,22.662983894,121.058239937,36.930779114,32.340943813,224874.000000000,4
independent_after,2,seeded-sync,2,4,32768,4,0,16,1,1,4662563.757812500,2340363,22.662983894,121.058239937,250.000000000,80.000000000,224874.000000000,0
independent_after,2,learned-sync,2,4,32768,4,0,16,1,1,2526677.712029113,2340363,22.662983894,121.058239937,36.930779114,32.340943813,224874.000000000,4
independent_after,2,seeded-sync,3,4,32768,4,0,16,1,1,4662563.757812500,1936556,22.662983894,121.058239937,250.000000000,80.000000000,224874.000000000,0
independent_after,2,learned-sync,3,4,32768,4,0,16,1,1,2526677.712029113,1936556,22.662983894,121.058239937,36.930779114,32.340943813,224874.000000000,4
independent_after,2,seeded-sync,4,4,32768,4,0,16,1,1,4662563.757812500,1925356,22.662983894,121.058239937,250.000000000,80.000000000,224874.000000000,0
independent_after,2,learned-sync,4,4,32768,4,0,16,1,1,2526677.712029113,1925356,22.662983894,121.058239937,36.930779114,32.340943813,224874.000000000,4
independent_after,2,seeded-sync,5,4,32768,4,0,16,1,1,4662563.757812500,1929368,22.662983894,121.058239937,250.000000000,80.000000000,224874.000000000,0
independent_after,2,learned-sync,5,4,32768,4,0,16,1,1,2526677.712029113,1929368,22.662983894,121.058239937,36.930779114,32.340943813,224874.000000000,4
independent_after,2,seeded-sync,6,4,32768,4,0,16,1,1,4662563.757812500,2376526,22.662983894,121.058239937,250.000000000,80.000000000,224874.000000000,0
independent_after,2,learned-sync,6,4,32768,4,0,16,1,1,2526677.712029113,2376526,22.662983894,121.058239937,36.930779114,32.340943813,224874.000000000,4
short_chain,0,seeded-sync,0,6,20000,1,0,0,0,1,1876549.187500000,4487116,22.197509375,0.000000000,250.000000000,80.000000000,332379.000000000,0
short_chain,0,learned-sync,0,6,20000,1,0,0,0,1,4105014.667931614,4487116,22.197509375,0.000000000,948.055612937,50.350350000,332379.000000000,4
short_chain,0,seeded-sync,1,6,20000,1,0,0,0,1,1876549.187500000,3727071,22.197509375,0.000000000,250.000000000,80.000000000,332379.000000000,0
short_chain,0,learned-sync,1,6,20000,1,0,0,0,1,4105014.667931614,3727071,22.197509375,0.000000000,948.055612937,50.350350000,332379.000000000,4
short_chain,0,seeded-sync,2,6,20000,1,0,0,0,1,1876549.187500000,3848694,22.197509375,0.000000000,250.000000000,80.000000000,332379.000000000,0
short_chain,0,learned-sync,2,6,20000,1,0,0,0,1,4105014.667931614,3848694,22.197509375,0.000000000,948.055612937,50.350350000,332379.000000000,4
short_chain,0,seeded-sync,3,6,20000,1,0,0,0,1,1876549.187500000,3721044,22.197509375,0.000000000,250.000000000,80.000000000,332379.000000000,0
short_chain,0,learned-sync,3,6,20000,1,0,0,0,1,4105014.667931614,3721044,22.197509375,0.000000000,948.055612937,50.350350000,332379.000000000,4
short_chain,0,seeded-sync,4,6,20000,1,0,0,0,1,1876549.187500000,3850958,22.197509375,0.000000000,250.000000000,80.000000000,332379.000000000,0
short_chain,0,learned-sync,4,6,20000,1,0,0,0,1,4105014.667931614,3850958,22.197509375,0.000000000,948.055612937,50.350350000,332379.000000000,4
short_chain,0,seeded-sync,5,6,20000,1,0,0,0,1,1876549.187500000,3724786,22.197509375,0.000000000,250.000000000,80.000000000,332379.000000000,0
short_chain,0,learned-sync,5,6,20000,1,0,0,0,1,4105014.667931614,3724786,22.197509375,0.000000000,948.055612937,50.350350000,332379.000000000,4
short_chain,0,seeded-sync,6,6,20000,1,0,0,0,1,1876549.187500000,3716801,22.197509375,0.000000000,250.000000000,80.000000000,332379.000000000,0
short_chain,0,learned-sync,6,6,20000,1,0,0,0,1,4105014.667931614,3716801,22.197509375,0.000000000,948.055612937,50.350350000,332379.000000000,4
two_streams,2,seeded-sync,0,8,32768,4,0,0,0,2,3935806.437500000,2544810,22.894239426,0.000000000,250.000000000,80.000000000,482248.000000000,0
two_streams,2,learned-sync,0,8,32768,4,0,0,0,2,2481714.520120216,2544810,22.894239426,0.000000000,106.328713966,46.169831276,482248.000000000,4
two_streams,2,seeded-sync,1,8,32768,4,0,0,0,2,3935806.437500000,2201029,22.894239426,0.000000000,250.000000000,80.000000000,482248.000000000,0
two_streams,2,learned-sync,1,8,32768,4,0,0,0,2,2481714.520120216,2201029,22.894239426,0.000000000,106.328713966,46.169831276,482248.000000000,4
two_streams,2,seeded-sync,2,8,32768,4,0,0,0,2,3935806.437500000,2282621,22.894239426,0.000000000,250.000000000,80.000000000,482248.000000000,0
two_streams,2,learned-sync,2,8,32768,4,0,0,0,2,2481714.520120216,2282621,22.894239426,0.000000000,106.328713966,46.169831276,482248.000000000,4
two_streams,2,seeded-sync,3,8,32768,4,0,0,0,2,3935806.437500000,2247175,22.894239426,0.000000000,250.000000000,80.000000000,482248.000000000,0
two_streams,2,learned-sync,3,8,32768,4,0,0,0,2,2481714.520120216,2247175,22.894239426,0.000000000,106.328713966,46.169831276,482248.000000000,4
two_streams,2,seeded-sync,4,8,32768,4,0,0,0,2,3935806.437500000,2310903,22.894239426,0.000000000,250.000000000,80.000000000,482248.000000000,0
two_streams,2,learned-sync,4,8,32768,4,0,0,0,2,2481714.520120216,2310903,22.894239426,0.000000000,106.328713966,46.169831276,482248.000000000,4
two_streams,2,seeded-sync,5,8,32768,4,0,0,0,2,3935806.437500000,2295375,22.894239426,0.000000000,250.000000000,80.000000000,482248.000000000,0
two_streams,2,learned-sync,5,8,32768,4,0,0,0,2,2481714.520120216,2295375,22.894239426,0.000000000,106.328713966,46.169831276,482248.000000000,4
two_streams,2,seeded-sync,6,8,32768,4,0,0,0,2,3935806.437500000,2466053,22.894239426,0.000000000,250.000000000,80.000000000,482248.000000000,0
two_streams,2,learned-sync,6,8,32768,4,0,0,0,2,2481714.520120216,2466053,22.894239426,0.000000000,106.328713966,46.169831276,482248.000000000,4
short_many_chains,1,seeded-sync,0,5,20000,64,0,0,0,1,2062667.468750000,907670,22.355323438,0.000000000,250.000000000,80.000000000,295561.000000000,0
short_many_chains,1,learned-sync,0,5,20000,64,0,0,0,1,1203295.643815209,907670,22.355323438,0.000000000,68.691167204,46.465876562,295561.000000000,4
short_many_chains,1,seeded-sync,1,5,20000,64,0,0,0,1,2062667.468750000,864490,22.355323438,0.000000000,250.000000000,80.000000000,295561.000000000,0
short_many_chains,1,learned-sync,1,5,20000,64,0,0,0,1,1203295.643815209,864490,22.355323438,0.000000000,68.691167204,46.465876562,295561.000000000,4
short_many_chains,1,seeded-sync,2,5,20000,64,0,0,0,1,2062667.468750000,860283,22.355323438,0.000000000,250.000000000,80.000000000,295561.000000000,0
short_many_chains,1,learned-sync,2,5,20000,64,0,0,0,1,1203295.643815209,860283,22.355323438,0.000000000,68.691167204,46.465876562,295561.000000000,4
short_many_chains,1,seeded-sync,3,5,20000,64,0,0,0,1,2062667.468750000,946482,22.355323438,0.000000000,250.000000000,80.000000000,295561.000000000,0
short_many_chains,1,learned-sync,3,5,20000,64,0,0,0,1,1203295.643815209,946482,22.355323438,0.000000000,68.691167204,46.465876562,295561.000000000,4
short_many_chains,1,seeded-sync,4,5,20000,64,0,0,0,1,2062667.468750000,901899,22.355323438,0.000000000,250.000000000,80.000000000,295561.000000000,0
short_many_chains,1,learned-sync,4,5,20000,64,0,0,0,1,1203295.643815209,901899,22.355323438,0.000000000,68.691167204,46.465876562,295561.000000000,4
short_many_chains,1,seeded-sync,5,5,20000,64,0,0,0,1,2062667.468750000,1122341,22.355323438,0.000000000,250.000000000,80.000000000,295561.000000000,0
short_many_chains,1,learned-sync,5,5,20000,64,0,0,0,1,1203295.643815209,1122341,22.355323438,0.000000000,68.691167204,46.465876562,295561.000000000,4
short_many_chains,1,seeded-sync,6,5,20000,64,0,0,0,1,2062667.468750000,1031892,22.355323438,0.000000000,250.000000000,80.000000000,295561.000000000,0
short_many_chains,1,learned-sync,6,5,20000,64,0,0,0,1,1203295.643815209,1031892,22.355323438,0.000000000,68.691167204,46.465876562,295561.000000000,4
short_four_chains,2,seeded-sync,0,5,20000,4,0,0,0,1,2068629.046875000,1032022,22.633402344,0.000000000,250.000000000,80.000000000,295961.000000000,0
short_four_chains,2,learned-sync,0,5,20000,4,0,0,0,1,1293460.257024530,1032022,22.633402344,0.000000000,83.661124412,52.546678125,295961.000000000,4
short_four_chains,2,seeded-sync,1,5,20000,4,0,0,0,1,2068629.046875000,1135004,22.633402344,0.000000000,250.000000000,80.000000000,295961.000000000,0
short_four_chains,2,learned-sync,1,5,20000,4,0,0,0,1,1293460.257024530,1135004,22.633402344,0.000000000,83.661124412,52.546678125,295961.000000000,4
short_four_chains,2,seeded-sync,2,5,20000,4,0,0,0,1,2068629.046875000,1028265,22.633402344,0.000000000,250.000000000,80.000000000,295961.000000000,0
short_four_chains,2,learned-sync,2,5,20000,4,0,0,0,1,1293460.257024530,1028265,22.633402344,0.000000000,83.661124412,52.546678125,295961.000000000,4
short_four_chains,2,seeded-sync,3,5,20000,4,0,0,0,1,2068629.046875000,1035600,22.633402344,0.000000000,250.000000000,80.000000000,295961.000000000,0
short_four_chains,2,learned-sync,3,5,20000,4,0,0,0,1,1293460.257024530,1035600,22.633402344,0.000000000,83.661124412,52.546678125,295961.000000000,4
short_four_chains,2,seeded-sync,4,5,20000,4,0,0,0,1,2068629.046875000,1329511,22.633402344,0.000000000,250.000000000,80.000000000,295961.000000000,0
short_four_chains,2,learned-sync,4,5,20000,4,0,0,0,1,1293460.257024530,1329511,22.633402344,0.000000000,83.661124412,52.546678125,295961.000000000,4
short_four_chains,2,seeded-sync,5,5,20000,4,0,0,0,1,2068629.046875000,1112061,22.633402344,0.000000000,250.000000000,80.000000000,295961.000000000,0
short_four_chains,2,learned-sync,5,5,20000,4,0,0,0,1,1293460.257024530,1112061,22.633402344,0.000000000,83.661124412,52.546678125,295961.000000000,4
short_four_chains,2,seeded-sync,6,5,20000,4,0,0,0,1,2068629.046875000,1180428,22.633402344,0.000000000,250.000000000,80.000000000,295961.000000000,0
short_four_chains,2,learned-sync,6,5,20000,4,0,0,0,1,1293460.257024530,1180428,22.633402344,0.000000000,83.661124412,52.546678125,295961.000000000,4
long_four_chains,0,seeded-sync,0,6,200000,4,0,0,0,1,15785999.000000000,6965628,22.333475000,0.000000000,250.000000000,80.000000000,319084.000000000,0
long_four_chains,0,learned-sync,0,6,200000,4,0,0,0,1,8714492.622814452,6965628,22.333475000,0.000000000,67.540013925,50.319037578,319084.000000000,4
long_four_chains,0,seeded-sync,1,6,200000,4,0,0,0,1,15785999.000000000,6813473,22.333475000,0.000000000,250.000000000,80.000000000,319084.000000000,0
long_four_chains,0,learned-sync,1,6,200000,4,0,0,0,1,8714492.622814452,6813473,22.333475000,0.000000000,67.540013925,50.319037578,319084.000000000,4
long_four_chains,0,seeded-sync,2,6,200000,4,0,0,0,1,15785999.000000000,7662129,22.333475000,0.000000000,250.000000000,80.000000000,319084.000000000,0
long_four_chains,0,learned-sync,2,6,200000,4,0,0,0,1,8714492.622814452,7662129,22.333475000,0.000000000,67.540013925,50.319037578,319084.000000000,4
long_four_chains,0,seeded-sync,3,6,200000,4,0,0,0,1,15785999.000000000,7338754,22.333475000,0.000000000,250.000000000,80.000000000,319084.000000000,0
long_four_chains,0,learned-sync,3,6,200000,4,0,0,0,1,8714492.622814452,7338754,22.333475000,0.000000000,67.540013925,50.319037578,319084.000000000,4
long_four_chains,0,seeded-sync,4,6,200000,4,0,0,0,1,15785999.000000000,7363456,22.333475000,0.000000000,250.000000000,80.000000000,319084.000000000,0
long_four_chains,0,learned-sync,4,6,200000,4,0,0,0,1,8714492.622814452,7363456,22.333475000,0.000000000,67.540013925,50.319037578,319084.000000000,4
long_four_chains,0,seeded-sync,5,6,200000,4,0,0,0,1,15785999.000000000,6135897,22.333475000,0.000000000,250.000000000,80.000000000,319084.000000000,0
long_four_chains,0,learned-sync,5,6,200000,4,0,0,0,1,8714492.622814452,6135897,22.333475000,0.000000000,67.540013925,50.319037578,319084.000000000,4
long_four_chains,0,seeded-sync,6,6,200000,4,0,0,0,1,15785999.000000000,6246803,22.333475000,0.000000000,250.000000000,80.000000000,319084.000000000,0
long_four_chains,0,learned-sync,6,6,200000,4,0,0,0,1,8714492.622814452,6246803,22.333475000,0.000000000,67.540013925,50.319037578,319084.000000000,4
tiny_chain,0,seeded-sync,0,8,257,1,0,0,0,1,438676.125000000,631117,22.058852140,0.000000000,250.000000000,80.000000000,422117.000000000,0
tiny_chain,0,learned-sync,0,8,257,1,0,0,0,1,676103.955444098,631117,22.058852140,0.000000000,7474.679992676,50.102748054,422117.000000000,4
tiny_chain,0,seeded-sync,1,8,257,1,0,0,0,1,438676.125000000,605597,22.058852140,0.000000000,250.000000000,80.000000000,422117.000000000,0
tiny_chain,0,learned-sync,1,8,257,1,0,0,0,1,676103.955444098,605597,22.058852140,0.000000000,7474.679992676,50.102748054,422117.000000000,4
tiny_chain,0,seeded-sync,2,8,257,1,0,0,0,1,438676.125000000,604748,22.058852140,0.000000000,250.000000000,80.000000000,422117.000000000,0
tiny_chain,0,learned-sync,2,8,257,1,0,0,0,1,676103.955444098,604748,22.058852140,0.000000000,7474.679992676,50.102748054,422117.000000000,4
tiny_chain,0,seeded-sync,3,8,257,1,0,0,0,1,438676.125000000,600217,22.058852140,0.000000000,250.000000000,80.000000000,422117.000000000,0
tiny_chain,0,learned-sync,3,8,257,1,0,0,0,1,676103.955444098,600217,22.058852140,0.000000000,7474.679992676,50.102748054,422117.000000000,4
tiny_chain,0,seeded-sync,4,8,257,1,0,0,0,1,438676.125000000,616689,22.058852140,0.000000000,250.000000000,80.000000000,422117.000000000,0
tiny_chain,0,learned-sync,4,8,257,1,0,0,0,1,676103.955444098,616689,22.058852140,0.000000000,7474.679992676,50.102748054,422117.000000000,4
tiny_chain,0,seeded-sync,5,8,257,1,0,0,0,1,438676.125000000,602811,22.058852140,0.000000000,250.000000000,80.000000000,422117.000000000,0
tiny_chain,0,learned-sync,5,8,257,1,0,0,0,1,676103.955444098,602811,22.058852140,0.000000000,7474.679992676,50.102748054,422117.000000000,4
tiny_chain,0,seeded-sync,6,8,257,1,0,0,0,1,438676.125000000,581454,22.058852140,0.000000000,250.000000000,80.000000000,422117.000000000,0
tiny_chain,0,learned-sync,6,8,257,1,0,0,0,1,676103.955444098,581454,22.058852140,0.000000000,7474.679992676,50.102748054,422117.000000000,4
dependent_compute,0,seeded-sync,0,5,32768,1,16,0,0,1,6346164.109375000,8468491,118.923373699,0.000000000,250.000000000,80.000000000,286463.000000000,0
dependent_compute,0,learned-sync,0,5,32768,1,16,0,0,1,11273318.536202900,8468491,118.923373699,0.000000000,1030.843332755,50.934883118,286463.000000000,4
dependent_compute,0,seeded-sync,1,5,32768,1,16,0,0,1,6346164.109375000,8739746,118.923373699,0.000000000,250.000000000,80.000000000,286463.000000000,0
dependent_compute,0,learned-sync,1,5,32768,1,16,0,0,1,11273318.536202900,8739746,118.923373699,0.000000000,1030.843332755,50.934883118,286463.000000000,4
dependent_compute,0,seeded-sync,2,5,32768,1,16,0,0,1,6346164.109375000,8352946,118.923373699,0.000000000,250.000000000,80.000000000,286463.000000000,0
dependent_compute,0,learned-sync,2,5,32768,1,16,0,0,1,11273318.536202900,8352946,118.923373699,0.000000000,1030.843332755,50.934883118,286463.000000000,4
dependent_compute,0,seeded-sync,3,5,32768,1,16,0,0,1,6346164.109375000,8765945,118.923373699,0.000000000,250.000000000,80.000000000,286463.000000000,0
dependent_compute,0,learned-sync,3,5,32768,1,16,0,0,1,11273318.536202900,8765945,118.923373699,0.000000000,1030.843332755,50.934883118,286463.000000000,4
dependent_compute,0,seeded-sync,4,5,32768,1,16,0,0,1,6346164.109375000,8794428,118.923373699,0.000000000,250.000000000,80.000000000,286463.000000000,0
dependent_compute,0,learned-sync,4,5,32768,1,16,0,0,1,11273318.536202900,8794428,118.923373699,0.000000000,1030.843332755,50.934883118,286463.000000000,4
dependent_compute,0,seeded-sync,5,5,32768,1,16,0,0,1,6346164.109375000,8226721,118.923373699,0.000000000,250.000000000,80.000000000,286463.000000000,0
dependent_compute,0,learned-sync,5,5,32768,1,16,0,0,1,11273318.536202900,8226721,118.923373699,0.000000000,1030.843332755,50.934883118,286463.000000000,4
dependent_compute,0,seeded-sync,6,5,32768,1,16,0,0,1,6346164.109375000,9117450,118.923373699,0.000000000,250.000000000,80.000000000,286463.000000000,0
dependent_compute,0,learned-sync,6,5,32768,1,16,0,0,1,11273318.536202900,9117450,118.923373699,0.000000000,1030.843332755,50.934883118,286463.000000000,4
two_streams,2,seeded-sync,0,5,32768,4,0,0,0,2,5451870.375000000,2824103,23.380718231,0.000000000,250.000000000,80.000000000,360091.000000000,0
two_streams,2,learned-sync,0,5,32768,4,0,0,0,2,2655989.778972806,2824103,23.380718231,0.000000000,67.869104381,48.835152864,360091.000000000,4
two_streams,2,seeded-sync,1,5,32768,4,0,0,0,2,5451870.375000000,2707824,23.380718231,0.000000000,250.000000000,80.000000000,360091.000000000,0
two_streams,2,learned-sync,1,5,32768,4,0,0,0,2,2655989.778972806,2707824,23.380718231,0.000000000,67.869104381,48.835152864,360091.000000000,4
two_streams,2,seeded-sync,2,5,32768,4,0,0,0,2,5451870.375000000,2819030,23.380718231,0.000000000,250.000000000,80.000000000,360091.000000000,0
two_streams,2,learned-sync,2,5,32768,4,0,0,0,2,2655989.778972806,2819030,23.380718231,0.000000000,67.869104381,48.835152864,360091.000000000,4
two_streams,2,seeded-sync,3,5,32768,4,0,0,0,2,5451870.375000000,2732900,23.380718231,0.000000000,250.000000000,80.000000000,360091.000000000,0
two_streams,2,learned-sync,3,5,32768,4,0,0,0,2,2655989.778972806,2732900,23.380718231,0.000000000,67.869104381,48.835152864,360091.000000000,4
two_streams,2,seeded-sync,4,5,32768,4,0,0,0,2,5451870.375000000,2633795,23.380718231,0.000000000,250.000000000,80.000000000,360091.000000000,0
two_streams,2,learned-sync,4,5,32768,4,0,0,0,2,2655989.778972806,2633795,23.380718231,0.000000000,67.869104381,48.835152864,360091.000000000,4
two_streams,2,seeded-sync,5,5,32768,4,0,0,0,2,5451870.375000000,2586472,23.380718231,0.000000000,250.000000000,80.000000000,360091.000000000,0
two_streams,2,learned-sync,5,5,32768,4,0,0,0,2,2655989.778972806,2586472,23.380718231,0.000000000,67.869104381,48.835152864,360091.000000000,4
two_streams,2,seeded-sync,6,5,32768,4,0,0,0,2,5451870.375000000,2920403,23.380718231,0.000000000,250.000000000,80.000000000,360091.000000000,0
two_streams,2,learned-sync,6,5,32768,4,0,0,0,2,2655989.778972806,2920403,23.380718231,0.000000000,67.869104381,48.835152864,360091.000000000,4
dependent_compute,0,seeded-sync,0,3,32768,1,16,0,0,1,7667880.187500000,7694880,117.003576279,0.000000000,250.000000000,80.000000000,229317.000000000,0
dependent_compute,0,learned-sync,0,3,32768,1,16,0,0,1,9896722.163203752,7694880,117.003576279,0.000000000,482.626761013,51.423589230,229317.000000000,4
dependent_compute,0,seeded-sync,1,3,32768,1,16,0,0,1,7667880.187500000,7662420,117.003576279,0.000000000,250.000000000,80.000000000,229317.000000000,0
dependent_compute,0,learned-sync,1,3,32768,1,16,0,0,1,9896722.163203752,7662420,117.003576279,0.000000000,482.626761013,51.423589230,229317.000000000,4
dependent_compute,0,seeded-sync,2,3,32768,1,16,0,0,1,7667880.187500000,7814703,117.003576279,0.000000000,250.000000000,80.000000000,229317.000000000,0
dependent_compute,0,learned-sync,2,3,32768,1,16,0,0,1,9896722.163203752,7814703,117.003576279,0.000000000,482.626761013,51.423589230,229317.000000000,4
dependent_compute,0,seeded-sync,3,3,32768,1,16,0,0,1,7667880.187500000,7851392,117.003576279,0.000000000,250.000000000,80.000000000,229317.000000000,0
dependent_compute,0,learned-sync,3,3,32768,1,16,0,0,1,9896722.163203752,7851392,117.003576279,0.000000000,482.626761013,51.423589230,229317.000000000,4
dependent_compute,0,seeded-sync,4,3,32768,1,16,0,0,1,7667880.187500000,7510317,117.003576279,0.000000000,250.000000000,80.000000000,229317.000000000,0
dependent_compute,0,learned-sync,4,3,32768,1,16,0,0,1,9896722.163203752,7510317,117.003576279,0.000000000,482.626761013,51.423589230,229317.000000000,4
dependent_compute,0,seeded-sync,5,3,32768,1,16,0,0,1,7667880.187500000,7753389,117.003576279,0.000000000,250.000000000,80.000000000,229317.000000000,0
dependent_compute,0,learned-sync,5,3,32768,1,16,0,0,1,9896722.163203752,7753389,117.003576279,0.000000000,482.626761013,51.423589230,229317.000000000,4
dependent_compute,0,seeded-sync,6,3,32768,1,16,0,0,1,7667880.187500000,7589864,117.003576279,0.000000000,250.000000000,80.000000000,229317.000000000,0
dependent_compute,0,learned-sync,6,3,32768,1,16,0,0,1,9896722.163203752,7589864,117.003576279,0.000000000,482.626761013,51.423589230,229317.000000000,4
large_arrays,0,seeded-sync,0,2,1000000,64,0,0,0,1,187403274.703125000,51481029,22.198643703,0.000000000,250.000000000,80.000000000,204631.000000000,0
large_arrays,0,learned-sync,0,2,1000000,64,0,0,0,1,50137559.524650082,51481029,22.198643703,0.000000000,26.369666799,29.098902844,204631.000000000,4
large_arrays,0,seeded-sync,1,2,1000000,64,0,0,0,1,187403274.703125000,53008564,22.198643703,0.000000000,250.000000000,80.000000000,204631.000000000,0
large_arrays,0,learned-sync,1,2,1000000,64,0,0,0,1,50137559.524650082,53008564,22.198643703,0.000000000,26.369666799,29.098902844,204631.000000000,4
large_arrays,0,seeded-sync,2,2,1000000,64,0,0,0,1,187403274.703125000,50606731,22.198643703,0.000000000,250.000000000,80.000000000,204631.000000000,0
large_arrays,0,learned-sync,2,2,1000000,64,0,0,0,1,50137559.524650082,50606731,22.198643703,0.000000000,26.369666799,29.098902844,204631.000000000,4
large_arrays,0,seeded-sync,3,2,1000000,64,0,0,0,1,187403274.703125000,58574274,22.198643703,0.000000000,250.000000000,80.000000000,204631.000000000,0
large_arrays,0,learned-sync,3,2,1000000,64,0,0,0,1,50137559.524650082,58574274,22.198643703,0.000000000,26.369666799,29.098902844,204631.000000000,4
large_arrays,0,seeded-sync,4,2,1000000,64,0,0,0,1,187403274.703125000,60297843,22.198643703,0.000000000,250.000000000,80.000000000,204631.000000000,0
large_arrays,0,learned-sync,4,2,1000000,64,0,0,0,1,50137559.524650082,60297843,22.198643703,0.000000000,26.369666799,29.098902844,204631.000000000,4
large_arrays,0,seeded-sync,5,2,1000000,64,0,0,0,1,187403274.703125000,58667478,22.198643703,0.000000000,250.000000000,80.000000000,204631.000000000,0
large_arrays,0,learned-sync,5,2,1000000,64,0,0,0,1,50137559.524650082,58667478,22.198643703,0.000000000,26.369666799,29.098902844,204631.000000000,4
large_arrays,0,seeded-sync,6,2,1000000,64,0,0,0,1,187403274.703125000,54641350,22.198643703,0.000000000,250.000000000,80.000000000,204631.000000000,0
large_arrays,0,learned-sync,6,2,1000000,64,0,0,0,1,50137559.524650082,54641350,22.198643703,0.000000000,26.369666799,29.098902844,204631.000000000,4
uneven,0,seeded-sync,0,7,8193,3,4,8,0,1,1179252.712139937,946683,42.665932427,66.371244889,250.000000000,80.000000000,365540.000000000,0
uneven,0,learned-sync,0,7,8193,3,4,8,0,1,1283476.263182558,946683,42.665932427,66.371244889,354.139959173,64.863927285,365540.000000000,4
uneven,0,seeded-sync,1,7,8193,3,4,8,0,1,1179252.712139937,953906,42.665932427,66.371244889,250.000000000,80.000000000,365540.000000000,0
uneven,0,learned-sync,1,7,8193,3,4,8,0,1,1283476.263182558,953906,42.665932427,66.371244889,354.139959173,64.863927285,365540.000000000,4
uneven,0,seeded-sync,2,7,8193,3,4,8,0,1,1179252.712139937,944368,42.665932427,66.371244889,250.000000000,80.000000000,365540.000000000,0
uneven,0,learned-sync,2,7,8193,3,4,8,0,1,1283476.263182558,944368,42.665932427,66.371244889,354.139959173,64.863927285,365540.000000000,4
uneven,0,seeded-sync,3,7,8193,3,4,8,0,1,1179252.712139937,939249,42.665932427,66.371244889,250.000000000,80.000000000,365540.000000000,0
uneven,0,learned-sync,3,7,8193,3,4,8,0,1,1283476.263182558,939249,42.665932427,66.371244889,354.139959173,64.863927285,365540.000000000,4
uneven,0,seeded-sync,4,7,8193,3,4,8,0,1,1179252.712139937,1004861,42.665932427,66.371244889,250.000000000,80.000000000,365540.000000000,0
uneven,0,learned-sync,4,7,8193,3,4,8,0,1,1283476.263182558,1004861,42.665932427,66.371244889,354.139959173,64.863927285,365540.000000000,4
uneven,0,seeded-sync,5,7,8193,3,4,8,0,1,1179252.712139937,1055065,42.665932427,66.371244889,250.000000000,80.000000000,365540.000000000,0
uneven,0,learned-sync,5,7,8193,3,4,8,0,1,1283476.263182558,1055065,42.665932427,66.371244889,354.139959173,64.863927285,365540.000000000,4
uneven,0,seeded-sync,6,7,8193,3,4,8,0,1,1179252.712139937,930473,42.665932427,66.371244889,250.000000000,80.000000000,365540.000000000,0
uneven,0,learned-sync,6,7,8193,3,4,8,0,1,1283476.263182558,930473,42.665932427,66.371244889,354.139959173,64.863927285,365540.000000000,4
short_four_chains,1,seeded-sync,0,3,20000,4,0,0,0,1,2845419.515625000,1366706,22.170925781,0.000000000,250.000000000,80.000000000,201891.000000000,0
short_four_chains,1,learned-sync,0,3,20000,4,0,0,0,1,1374410.063116280,1366706,22.170925781,0.000000000,59.812902424,49.546711719,201891.000000000,4
short_four_chains,1,seeded-sync,1,3,20000,4,0,0,0,1,2845419.515625000,1329476,22.170925781,0.000000000,250.000000000,80.000000000,201891.000000000,0
short_four_chains,1,learned-sync,1,3,20000,4,0,0,0,1,1374410.063116280,1329476,22.170925781,0.000000000,59.812902424,49.546711719,201891.000000000,4
short_four_chains,1,seeded-sync,2,3,20000,4,0,0,0,1,2845419.515625000,1462794,22.170925781,0.000000000,250.000000000,80.000000000,201891.000000000,0
short_four_chains,1,learned-sync,2,3,20000,4,0,0,0,1,1374410.063116280,1462794,22.170925781,0.000000000,59.812902424,49.546711719,201891.000000000,4
short_four_chains,1,seeded-sync,3,3,20000,4,0,0,0,1,2845419.515625000,1446860,22.170925781,0.000000000,250.000000000,80.000000000,201891.000000000,0
short_four_chains,1,learned-sync,3,3,20000,4,0,0,0,1,1374410.063116280,1446860,22.170925781,0.000000000,59.812902424,49.546711719,201891.000000000,4
short_four_chains,1,seeded-sync,4,3,20000,4,0,0,0,1,2845419.515625000,1416744,22.170925781,0.000000000,250.000000000,80.000000000,201891.000000000,0
short_four_chains,1,learned-sync,4,3,20000,4,0,0,0,1,1374410.063116280,1416744,22.170925781,0.000000000,59.812902424,49.546711719,201891.000000000,4
short_four_chains,1,seeded-sync,5,3,20000,4,0,0,0,1,2845419.515625000,1350585,22.170925781,0.000000000,250.000000000,80.000000000,201891.000000000,0
short_four_chains,1,learned-sync,5,3,20000,4,0,0,0,1,1374410.063116280,1350585,22.170925781,0.000000000,59.812902424,49.546711719,201891.000000000,4
short_four_chains,1,seeded-sync,6,3,20000,4,0,0,0,1,2845419.515625000,1241432,22.170925781,0.000000000,250.000000000,80.000000000,201891.000000000,0
short_four_chains,1,learned-sync,6,3,20000,4,0,0,0,1,1374410.063116280,1241432,22.170925781,0.000000000,59.812902424,49.546711719,201891.000000000,4
short_four_chains,2,seeded-sync,0,3,20000,4,0,0,0,1,2824088.718750000,1327612,22.019835938,0.000000000,250.000000000,80.000000000,183582.000000000,0
short_four_chains,2,learned-sync,0,3,20000,4,0,0,0,1,1328005.387879889,1327612,22.019835938,0.000000000,56.508417308,49.090303125,183582.000000000,4
short_four_chains,2,seeded-sync,1,3,20000,4,0,0,0,1,2824088.718750000,1376281,22.019835938,0.000000000,250.000000000,80.000000000,183582.000000000,0
short_four_chains,2,learned-sync,1,3,20000,4,0,0,0,1,1328005.387879889,1376281,22.019835938,0.000000000,56.508417308,49.090303125,183582.000000000,4
short_four_chains,2,seeded-sync,2,3,20000,4,0,0,0,1,2824088.718750000,1298058,22.019835938,0.000000000,250.000000000,80.000000000,183582.000000000,0
short_four_chains,2,learned-sync,2,3,20000,4,0,0,0,1,1328005.387879889,1298058,22.019835938,0.000000000,56.508417308,49.090303125,183582.000000000,4
short_four_chains,2,seeded-sync,3,3,20000,4,0,0,0,1,2824088.718750000,1503866,22.019835938,0.000000000,250.000000000,80.000000000,183582.000000000,0
short_four_chains,2,learned-sync,3,3,20000,4,0,0,0,1,1328005.387879889,1503866,22.019835938,0.000000000,56.508417308,49.090303125,183582.000000000,4
short_four_chains,2,seeded-sync,4,3,20000,4,0,0,0,1,2824088.718750000,1403338,22.019835938,0.000000000,250.000000000,80.000000000,183582.000000000,0
short_four_chains,2,learned-sync,4,3,20000,4,0,0,0,1,1328005.387879889,1403338,22.019835938,0.000000000,56.508417308,49.090303125,183582.000000000,4
short_four_chains,2,seeded-sync,5,3,20000,4,0,0,0,1,2824088.718750000,1250709,22.019835938,0.000000000,250.000000000,80.000000000,183582.000000000,0
short_four_chains,2,learned-sync,5,3,20000,4,0,0,0,1,1328005.387879889,1250709,22.019835938,0.000000000,56.508417308,49.090303125,183582.000000000,4
short_four_chains,2,seeded-sync,6,3,20000,4,0,0,0,1,2824088.718750000,1263713,22.019835938,0.000000000,250.000000000,80.000000000,183582.000000000,0
short_four_chains,2,learned-sync,6,3,20000,4,0,0,0,1,1328005.387879889,1263713,22.019835938,0.000000000,56.508417308,49.090303125,183582.000000000,4
tiny_chain,1,seeded-sync,0,7,257,1,0,0,0,1,400628.609375000,518004,21.850620136,0.000000000,250.000000000,80.000000000,382803.000000000,0
tiny_chain,1,learned-sync,0,7,257,1,0,0,0,1,591883.221538143,518004,21.850620136,0.000000000,5448.572998047,50.470573930,382803.000000000,4
tiny_chain,1,seeded-sync,1,7,257,1,0,0,0,1,400628.609375000,499605,21.850620136,0.000000000,250.000000000,80.000000000,382803.000000000,0
tiny_chain,1,learned-sync,1,7,257,1,0,0,0,1,591883.221538143,499605,21.850620136,0.000000000,5448.572998047,50.470573930,382803.000000000,4
tiny_chain,1,seeded-sync,2,7,257,1,0,0,0,1,400628.609375000,489387,21.850620136,0.000000000,250.000000000,80.000000000,382803.000000000,0
tiny_chain,1,learned-sync,2,7,257,1,0,0,0,1,591883.221538143,489387,21.850620136,0.000000000,5448.572998047,50.470573930,382803.000000000,4
tiny_chain,1,seeded-sync,3,7,257,1,0,0,0,1,400628.609375000,493584,21.850620136,0.000000000,250.000000000,80.000000000,382803.000000000,0
tiny_chain,1,learned-sync,3,7,257,1,0,0,0,1,591883.221538143,493584,21.850620136,0.000000000,5448.572998047,50.470573930,382803.000000000,4
tiny_chain,1,seeded-sync,4,7,257,1,0,0,0,1,400628.609375000,477359,21.850620136,0.000000000,250.000000000,80.000000000,382803.000000000,0
tiny_chain,1,learned-sync,4,7,257,1,0,0,0,1,591883.221538143,477359,21.850620136,0.000000000,5448.572998047,50.470573930,382803.000000000,4
tiny_chain,1,seeded-sync,5,7,257,1,0,0,0,1,400628.609375000,478687,21.850620136,0.000000000,250.000000000,80.000000000,382803.000000000,0
tiny_chain,1,learned-sync,5,7,257,1,0,0,0,1,591883.221538143,478687,21.850620136,0.000000000,5448.572998047,50.470573930,382803.000000000,4
tiny_chain,1,seeded-sync,6,7,257,1,0,0,0,1,400628.609375000,494145,21.850620136,0.000000000,250.000000000,80.000000000,382803.000000000,0
tiny_chain,1,learned-sync,6,7,257,1,0,0,0,1,591883.221538143,494145,21.850620136,0.000000000,5448.572998047,50.470573930,382803.000000000,4
large_arrays,1,seeded-sync,0,5,1000000,64,0,0,0,1,88579452.515625000,30597526,22.282388516,0.000000000,250.000000000,80.000000000,297064.000000000,0
large_arrays,1,learned-sync,0,5,1000000,64,0,0,0,1,40581742.872892469,30597526,22.282388516,0.000000000,45.156085349,44.855366438,297064.000000000,4
large_arrays,1,seeded-sync,1,5,1000000,64,0,0,0,1,88579452.515625000,31211733,22.282388516,0.000000000,250.000000000,80.000000000,297064.000000000,0
large_arrays,1,learned-sync,1,5,1000000,64,0,0,0,1,40581742.872892469,31211733,22.282388516,0.000000000,45.156085349,44.855366438,297064.000000000,4
large_arrays,1,seeded-sync,2,5,1000000,64,0,0,0,1,88579452.515625000,30607605,22.282388516,0.000000000,250.000000000,80.000000000,297064.000000000,0
large_arrays,1,learned-sync,2,5,1000000,64,0,0,0,1,40581742.872892469,30607605,22.282388516,0.000000000,45.156085349,44.855366438,297064.000000000,4
large_arrays,1,seeded-sync,3,5,1000000,64,0,0,0,1,88579452.515625000,29720780,22.282388516,0.000000000,250.000000000,80.000000000,297064.000000000,0
large_arrays,1,learned-sync,3,5,1000000,64,0,0,0,1,40581742.872892469,29720780,22.282388516,0.000000000,45.156085349,44.855366438,297064.000000000,4
large_arrays,1,seeded-sync,4,5,1000000,64,0,0,0,1,88579452.515625000,29964303,22.282388516,0.000000000,250.000000000,80.000000000,297064.000000000,0
large_arrays,1,learned-sync,4,5,1000000,64,0,0,0,1,40581742.872892469,29964303,22.282388516,0.000000000,45.156085349,44.855366438,297064.000000000,4
large_arrays,1,seeded-sync,5,5,1000000,64,0,0,0,1,88579452.515625000,29646592,22.282388516,0.000000000,250.000000000,80.000000000,297064.000000000,0
large_arrays,1,learned-sync,5,5,1000000,64,0,0,0,1,40581742.872892469,29646592,22.282388516,0.000000000,45.156085349,44.855366438,297064.000000000,4
large_arrays,1,seeded-sync,6,5,1000000,64,0,0,0,1,88579452.515625000,35911716,22.282388516,0.000000000,250.000000000,80.000000000,297064.000000000,0
large_arrays,1,learned-sync,6,5,1000000,64,0,0,0,1,40581742.872892469,35911716,22.282388516,0.000000000,45.156085349,44.855366438,297064.000000000,4
dependent_compute,1,seeded-sync,0,3,32768,1,16,0,0,1,7668370.046875000,7835909,118.092011929,0.000000000,250.000000000,80.000000000,194141.000000000,0
dependent_compute,1,learned-sync,0,3,32768,1,16,0,0,1,9767167.493065963,7835909,118.092011929,0.000000000,471.209416581,50.935364723,194141.000000000,4
dependent_compute,1,seeded-sync,1,3,32768,1,16,0,0,1,7668370.046875000,8006325,118.092011929,0.000000000,250.000000000,80.000000000,194141.000000000,0
dependent_compute,1,learned-sync,1,3,32768,1,16,0,0,1,9767167.493065963,8006325,118.092011929,0.000000000,471.209416581,50.935364723,194141.000000000,4
dependent_compute,1,seeded-sync,2,3,32768,1,16,0,0,1,7668370.046875000,7634057,118.092011929,0.000000000,250.000000000,80.000000000,194141.000000000,0
dependent_compute,1,learned-sync,2,3,32768,1,16,0,0,1,9767167.493065963,7634057,118.092011929,0.000000000,471.209416581,50.935364723,194141.000000000,4
dependent_compute,1,seeded-sync,3,3,32768,1,16,0,0,1,7668370.046875000,7911473,118.092011929,0.000000000,250.000000000,80.000000000,194141.000000000,0
dependent_compute,1,learned-sync,3,3,32768,1,16,0,0,1,9767167.493065963,7911473,118.092011929,0.000000000,471.209416581,50.935364723,194141.000000000,4
dependent_compute,1,seeded-sync,4,3,32768,1,16,0,0,1,7668370.046875000,7595756,118.092011929,0.000000000,250.000000000,80.000000000,194141.000000000,0
dependent_compute,1,learned-sync,4,3,32768,1,16,0,0,1,9767167.493065963,7595756,118.092011929,0.000000000,471.209416581,50.935364723,194141.000000000,4
dependent_compute,1,seeded-sync,5,3,32768,1,16,0,0,1,7668370.046875000,7920701,118.092011929,0.000000000,250.000000000,80.000000000,194141.000000000,0
dependent_compute,1,learned-sync,5,3,32768,1,16,0,0,1,9767167.493065963,7920701,118.092011929,0.000000000,471.209416581,50.935364723,194141.000000000,4
dependent_compute,1,seeded-sync,6,3,32768,1,16,0,0,1,7668370.046875000,7523766,118.092011929,0.000000000,250.000000000,80.000000000,194141.000000000,0
dependent_compute,1,learned-sync,6,3,32768,1,16,0,0,1,9767167.493065963,7523766,118.092011929,0.000000000,471.209416581,50.935364723,194141.000000000,4
long_many_chains,0,seeded-sync,0,7,200000,64,0,0,0,1,14211670.343750000,5447736,22.180976719,0.000000000,250.000000000,80.000000000,346715.000000000,0
long_many_chains,0,learned-sync,0,7,200000,64,0,0,0,1,7991314.162961822,5447736,22.180976719,0.000000000,64.057442288,48.234445547,346715.000000000,4
long_many_chains,0,seeded-sync,1,7,200000,64,0,0,0,1,14211670.343750000,5872692,22.180976719,0.000000000,250.000000000,80.000000000,346715.000000000,0
long_many_chains,0,learned-sync,1,7,200000,64,0,0,0,1,7991314.162961822,5872692,22.180976719,0.000000000,64.057442288,48.234445547,346715.000000000,4
long_many_chains,0,seeded-sync,2,7,200000,64,0,0,0,1,14211670.343750000,5381828,22.180976719,0.000000000,250.000000000,80.000000000,346715.000000000,0
long_many_chains,0,learned-sync,2,7,200000,64,0,0,0,1,7991314.162961822,5381828,22.180976719,0.000000000,64.057442288,48.234445547,346715.000000000,4
long_many_chains,0,seeded-sync,3,7,200000,64,0,0,0,1,14211670.343750000,5567839,22.180976719,0.000000000,250.000000000,80.000000000,346715.000000000,0
long_many_chains,0,learned-sync,3,7,200000,64,0,0,0,1,7991314.162961822,5567839,22.180976719,0.000000000,64.057442288,48.234445547,346715.000000000,4
long_many_chains,0,seeded-sync,4,7,200000,64,0,0,0,1,14211670.343750000,5204207,22.180976719,0.000000000,250.000000000,80.000000000,346715.000000000,0
long_many_chains,0,learned-sync,4,7,200000,64,0,0,0,1,7991314.162961822,5204207,22.180976719,0.000000000,64.057442288,48.234445547,346715.000000000,4
long_many_chains,0,seeded-sync,5,7,200000,64,0,0,0,1,14211670.343750000,5845987,22.180976719,0.000000000,250.000000000,80.000000000,346715.000000000,0
long_many_chains,0,learned-sync,5,7,200000,64,0,0,0,1,7991314.162961822,5845987,22.180976719,0.000000000,64.057442288,48.234445547,346715.000000000,4
long_many_chains,0,seeded-sync,6,7,200000,64,0,0,0,1,14211670.343750000,5541443,22.180976719,0.000000000,250.000000000,80.000000000,346715.000000000,0
long_many_chains,0,learned-sync,6,7,200000,64,0,0,0,1,7991314.162961822,5541443,22.180976719,0.000000000,64.057442288,48.234445547,346715.000000000,4
short_chain,1,seeded-sync,0,2,20000,1,0,0,0,1,3978474.562500000,2533277,23.571428125,0.000000000,250.000000000,80.000000000,207046.000000000,0
short_chain,1,learned-sync,0,2,20000,1,0,0,0,1,2461718.978318056,2533277,23.571428125,0.000000000,126.816011113,51.508430469,207046.000000000,4
short_chain,1,seeded-sync,1,2,20000,1,0,0,0,1,3978474.562500000,2553205,23.571428125,0.000000000,250.000000000,80.000000000,207046.000000000,0
short_chain,1,learned-sync,1,2,20000,1,0,0,0,1,2461718.978318056,2553205,23.571428125,0.000000000,126.816011113,51.508430469,207046.000000000,4
short_chain,1,seeded-sync,2,2,20000,1,0,0,0,1,3978474.562500000,2577279,23.571428125,0.000000000,250.000000000,80.000000000,207046.000000000,0
short_chain,1,learned-sync,2,2,20000,1,0,0,0,1,2461718.978318056,2577279,23.571428125,0.000000000,126.816011113,51.508430469,207046.000000000,4
short_chain,1,seeded-sync,3,2,20000,1,0,0,0,1,3978474.562500000,3196954,23.571428125,0.000000000,250.000000000,80.000000000,207046.000000000,0
short_chain,1,learned-sync,3,2,20000,1,0,0,0,1,2461718.978318056,3196954,23.571428125,0.000000000,126.816011113,51.508430469,207046.000000000,4
short_chain,1,seeded-sync,4,2,20000,1,0,0,0,1,3978474.562500000,2599300,23.571428125,0.000000000,250.000000000,80.000000000,207046.000000000,0
short_chain,1,learned-sync,4,2,20000,1,0,0,0,1,2461718.978318056,2599300,23.571428125,0.000000000,126.816011113,51.508430469,207046.000000000,4
short_chain,1,seeded-sync,5,2,20000,1,0,0,0,1,3978474.562500000,2593259,23.571428125,0.000000000,250.000000000,80.000000000,207046.000000000,0
short_chain,1,learned-sync,5,2,20000,1,0,0,0,1,2461718.978318056,2593259,23.571428125,0.000000000,126.816011113,51.508430469,207046.000000000,4
short_chain,1,seeded-sync,6,2,20000,1,0,0,0,1,3978474.562500000,2492842,23.571428125,0.000000000,250.000000000,80.000000000,207046.000000000,0
short_chain,1,learned-sync,6,2,20000,1,0,0,0,1,2461718.978318056,2492842,23.571428125,0.000000000,126.816011113,51.508430469,207046.000000000,4
short_many_chains,1,seeded-sync,0,2,20000,64,0,0,0,1,3905277.578125000,1193993,22.365178906,0.000000000,250.000000000,80.000000000,157974.000000000,0
short_many_chains,1,learned-sync,0,2,20000,64,0,0,0,1,1168299.168940610,1193993,22.365178906,0.000000000,26.249908300,30.052250781,157974.000000000,4
short_many_chains,1,seeded-sync,1,2,20000,64,0,0,0,1,3905277.578125000,1236964,22.365178906,0.000000000,250.000000000,80.000000000,157974.000000000,0
short_many_chains,1,learned-sync,1,2,20000,64,0,0,0,1,1168299.168940610,1236964,22.365178906,0.000000000,26.249908300,30.052250781,157974.000000000,4
short_many_chains,1,seeded-sync,2,2,20000,64,0,0,0,1,3905277.578125000,1162826,22.365178906,0.000000000,250.000000000,80.000000000,157974.000000000,0
short_many_chains,1,learned-sync,2,2,20000,64,0,0,0,1,1168299.168940610,1162826,22.365178906,0.000000000,26.249908300,30.052250781,157974.000000000,4
short_many_chains,1,seeded-sync,3,2,20000,64,0,0,0,1,3905277.578125000,1310260,22.365178906,0.000000000,250.000000000,80.000000000,157974.000000000,0
short_many_chains,1,learned-sync,3,2,20000,64,0,0,0,1,1168299.168940610,1310260,22.365178906,0.000000000,26.249908300,30.052250781,157974.000000000,4
short_many_chains,1,seeded-sync,4,2,20000,64,0,0,0,1,3905277.578125000,1267190,22.365178906,0.000000000,250.000000000,80.000000000,157974.000000000,0
short_many_chains,1,learned-sync,4,2,20000,64,0,0,0,1,1168299.168940610,1267190,22.365178906,0.000000000,26.249908300,30.052250781,157974.000000000,4
short_many_chains,1,seeded-sync,5,2,20000,64,0,0,0,1,3905277.578125000,1139493,22.365178906,0.000000000,250.000000000,80.000000000,157974.000000000,0
short_many_chains,1,learned-sync,5,2,20000,64,0,0,0,1,1168299.168940610,1139493,22.365178906,0.000000000,26.249908300,30.052250781,157974.000000000,4
short_many_chains,1,seeded-sync,6,2,20000,64,0,0,0,1,3905277.578125000,1170129,22.365178906,0.000000000,250.000000000,80.000000000,157974.000000000,0
short_many_chains,1,learned-sync,6,2,20000,64,0,0,0,1,1168299.168940610,1170129,22.365178906,0.000000000,26.249908300,30.052250781,157974.000000000,4
independent_before,2,seeded-sync,0,2,32768,4,0,16,0,1,8269780.218750000,3389432,22.890280724,116.845184326,250.000000000,80.000000000,198600.000000000,0
independent_before,2,learned-sync,0,2,32768,4,0,16,0,1,3801551.640708934,3389432,22.890280724,116.845184326,29.500041967,27.780928612,198600.000000000,4
independent_before,2,seeded-sync,1,2,32768,4,0,16,0,1,8269780.218750000,3565951,22.890280724,116.845184326,250.000000000,80.000000000,198600.000000000,0
independent_before,2,learned-sync,1,2,32768,4,0,16,0,1,3801551.640708934,3565951,22.890280724,116.845184326,29.500041967,27.780928612,198600.000000000,4
independent_before,2,seeded-sync,2,2,32768,4,0,16,0,1,8269780.218750000,3396515,22.890280724,116.845184326,250.000000000,80.000000000,198600.000000000,0
independent_before,2,learned-sync,2,2,32768,4,0,16,0,1,3801551.640708934,3396515,22.890280724,116.845184326,29.500041967,27.780928612,198600.000000000,4
independent_before,2,seeded-sync,3,2,32768,4,0,16,0,1,8269780.218750000,3648845,22.890280724,116.845184326,250.000000000,80.000000000,198600.000000000,0
independent_before,2,learned-sync,3,2,32768,4,0,16,0,1,3801551.640708934,3648845,22.890280724,116.845184326,29.500041967,27.780928612,198600.000000000,4
independent_before,2,seeded-sync,4,2,32768,4,0,16,0,1,8269780.218750000,3661298,22.890280724,116.845184326,250.000000000,80.000000000,198600.000000000,0
independent_before,2,learned-sync,4,2,32768,4,0,16,0,1,3801551.640708934,3661298,22.890280724,116.845184326,29.500041967,27.780928612,198600.000000000,4
independent_before,2,seeded-sync,5,2,32768,4,0,16,0,1,8269780.218750000,3586374,22.890280724,116.845184326,250.000000000,80.000000000,198600.000000000,0
independent_before,2,learned-sync,5,2,32768,4,0,16,0,1,3801551.640708934,3586374,22.890280724,116.845184326,29.500041967,27.780928612,198600.000000000,4
independent_before,2,seeded-sync,6,2,32768,4,0,16,0,1,8269780.218750000,3636427,22.890280724,116.845184326,250.000000000,80.000000000,198600.000000000,0
independent_before,2,learned-sync,6,2,32768,4,0,16,0,1,3801551.640708934,3636427,22.890280724,116.845184326,29.500041967,27.780928612,198600.000000000,4
dependent_compute,2,seeded-sync,0,3,32768,1,16,0,0,1,7598170.578125000,7822338,116.544023991,0.000000000,250.000000000,80.000000000,174666.000000000,0
dependent_compute,2,learned-sync,0,3,32768,1,16,0,0,1,9757400.703049224,7822338,116.544023991,0.000000000,477.119258229,50.558131218,174666.000000000,4
dependent_compute,2,seeded-sync,1,3,32768,1,16,0,0,1,7598170.578125000,7724155,116.544023991,0.000000000,250.000000000,80.000000000,174666.000000000,0
dependent_compute,2,learned-sync,1,3,32768,1,16,0,0,1,9757400.703049224,7724155,116.544023991,0.000000000,477.119258229,50.558131218,174666.000000000,4
dependent_compute,2,seeded-sync,2,3,32768,1,16,0,0,1,7598170.578125000,7545523,116.544023991,0.000000000,250.000000000,80.000000000,174666.000000000,0
dependent_compute,2,learned-sync,2,3,32768,1,16,0,0,1,9757400.703049224,7545523,116.544023991,0.000000000,477.119258229,50.558131218,174666.000000000,4
dependent_compute,2,seeded-sync,3,3,32768,1,16,0,0,1,7598170.578125000,7925650,116.544023991,0.000000000,250.000000000,80.000000000,174666.000000000,0
dependent_compute,2,learned-sync,3,3,32768,1,16,0,0,1,9757400.703049224,7925650,116.544023991,0.000000000,477.119258229,50.558131218,174666.000000000,4
dependent_compute,2,seeded-sync,4,3,32768,1,16,0,0,1,7598170.578125000,7572282,116.544023991,0.000000000,250.000000000,80.000000000,174666.000000000,0
dependent_compute,2,learned-sync,4,3,32768,1,16,0,0,1,9757400.703049224,7572282,116.544023991,0.000000000,477.119258229,50.558131218,174666.000000000,4
dependent_compute,2,seeded-sync,5,3,32768,1,16,0,0,1,7598170.578125000,7745565,116.544023991,0.000000000,250.000000000,80.000000000,174666.000000000,0
dependent_compute,2,learned-sync,5,3,32768,1,16,0,0,1,9757400.703049224,7745565,116.544023991,0.000000000,477.119258229,50.558131218,174666.000000000,4
dependent_compute,2,seeded-sync,6,3,32768,1,16,0,0,1,7598170.578125000,7627665,116.544023991,0.000000000,250.000000000,80.000000000,174666.000000000,0
dependent_compute,2,learned-sync,6,3,32768,1,16,0,0,1,9757400.703049224,7627665,116.544023991,0.000000000,477.119258229,50.558131218,174666.000000000,4
two_streams,0,seeded-sync,0,7,32768,4,0,0,0,2,4240634.375000000,2385873,22.703472137,0.000000000,250.000000000,80.000000000,406567.000000000,0
two_streams,0,learned-sync,0,7,32768,4,0,0,0,2,2653874.672050974,2385873,22.703472137,0.000000000,106.767834695,53.778971910,406567.000000000,4
two_streams,0,seeded-sync,1,7,32768,4,0,0,0,2,4240634.375000000,2355597,22.703472137,0.000000000,250.000000000,80.000000000,406567.000000000,0
two_streams,0,learned-sync,1,7,32768,4,0,0,0,2,2653874.672050974,2355597,22.703472137,0.000000000,106.767834695,53.778971910,406567.000000000,4
two_streams,0,seeded-sync,2,7,32768,4,0,0,0,2,4240634.375000000,2337597,22.703472137,0.000000000,250.000000000,80.000000000,406567.000000000,0
two_streams,0,learned-sync,2,7,32768,4,0,0,0,2,2653874.672050974,2337597,22.703472137,0.000000000,106.767834695,53.778971910,406567.000000000,4
two_streams,0,seeded-sync,3,7,32768,4,0,0,0,2,4240634.375000000,2375714,22.703472137,0.000000000,250.000000000,80.000000000,406567.000000000,0
two_streams,0,learned-sync,3,7,32768,4,0,0,0,2,2653874.672050974,2375714,22.703472137,0.000000000,106.767834695,53.778971910,406567.000000000,4
two_streams,0,seeded-sync,4,7,32768,4,0,0,0,2,4240634.375000000,3515587,22.703472137,0.000000000,250.000000000,80.000000000,406567.000000000,0
two_streams,0,learned-sync,4,7,32768,4,0,0,0,2,2653874.672050974,3515587,22.703472137,0.000000000,106.767834695,53.778971910,406567.000000000,4
two_streams,0,seeded-sync,5,7,32768,4,0,0,0,2,4240634.375000000,2532756,22.703472137,0.000000000,250.000000000,80.000000000,406567.000000000,0
two_streams,0,learned-sync,5,7,32768,4,0,0,0,2,2653874.672050974,2532756,22.703472137,0.000000000,106.767834695,53.778971910,406567.000000000,4
two_streams,0,seeded-sync,6,7,32768,4,0,0,0,2,4240634.375000000,2394490,22.703472137,0.000000000,250.000000000,80.000000000,406567.000000000,0
two_streams,0,learned-sync,6,7,32768,4,0,0,0,2,2653874.672050974,2394490,22.703472137,0.000000000,106.767834695,53.778971910,406567.000000000,4
independent_after,1,seeded-sync,0,3,32768,4,0,16,1,1,5850621.152965069,3093962,23.447046757,118.896395206,250.000000000,80.000000000,179013.000000000,0
independent_after,1,learned-sync,0,3,32768,4,0,16,1,1,3473625.113332015,3093962,23.447046757,118.896395206,63.881549204,48.504604816,179013.000000000,4
independent_after,1,seeded-sync,1,3,32768,4,0,16,1,1,5850621.152965069,2999175,23.447046757,118.896395206,250.000000000,80.000000000,179013.000000000,0
independent_after,1,learned-sync,1,3,32768,4,0,16,1,1,3473625.113332015,2999175,23.447046757,118.896395206,63.881549204,48.504604816,179013.000000000,4
independent_after,1,seeded-sync,2,3,32768,4,0,16,1,1,5850621.152965069,2990910,23.447046757,118.896395206,250.000000000,80.000000000,179013.000000000,0
independent_after,1,learned-sync,2,3,32768,4,0,16,1,1,3473625.113332015,2990910,23.447046757,118.896395206,63.881549204,48.504604816,179013.000000000,4
independent_after,1,seeded-sync,3,3,32768,4,0,16,1,1,5850621.152965069,3624510,23.447046757,118.896395206,250.000000000,80.000000000,179013.000000000,0
independent_after,1,learned-sync,3,3,32768,4,0,16,1,1,3473625.113332015,3624510,23.447046757,118.896395206,63.881549204,48.504604816,179013.000000000,4
independent_after,1,seeded-sync,4,3,32768,4,0,16,1,1,5850621.152965069,3147362,23.447046757,118.896395206,250.000000000,80.000000000,179013.000000000,0
independent_after,1,learned-sync,4,3,32768,4,0,16,1,1,3473625.113332015,3147362,23.447046757,118.896395206,63.881549204,48.504604816,179013.000000000,4
independent_after,1,seeded-sync,5,3,32768,4,0,16,1,1,5850621.152965069,3016257,23.447046757,118.896395206,250.000000000,80.000000000,179013.000000000,0
independent_after,1,learned-sync,5,3,32768,4,0,16,1,1,3473625.113332015,3016257,23.447046757,118.896395206,63.881549204,48.504604816,179013.000000000,4
independent_after,1,seeded-sync,6,3,32768,4,0,16,1,1,5850621.152965069,3012069,23.447046757,118.896395206,250.000000000,80.000000000,179013.000000000,0
independent_after,1,learned-sync,6,3,32768,4,0,16,1,1,3473625.113332015,3012069,23.447046757,118.896395206,63.881549204,48.504604816,179013.000000000,4
long_four_chains,2,seeded-sync,0,8,200000,4,0,0,0,1,13227248.781250000,7422112,22.854458906,0.000000000,250.000000000,80.000000000,406357.000000000,0
long_four_chains,2,learned-sync,0,8,200000,4,0,0,0,1,9886064.649731629,7422112,22.854458906,0.000000000,143.057275755,53.295358984,406357.000000000,4
long_four_chains,2,seeded-sync,1,8,200000,4,0,0,0,1,13227248.781250000,7310054,22.854458906,0.000000000,250.000000000,80.000000000,406357.000000000,0
long_four_chains,2,learned-sync,1,8,200000,4,0,0,0,1,9886064.649731629,7310054,22.854458906,0.000000000,143.057275755,53.295358984,406357.000000000,4
long_four_chains,2,seeded-sync,2,8,200000,4,0,0,0,1,13227248.781250000,7253819,22.854458906,0.000000000,250.000000000,80.000000000,406357.000000000,0
long_four_chains,2,learned-sync,2,8,200000,4,0,0,0,1,9886064.649731629,7253819,22.854458906,0.000000000,143.057275755,53.295358984,406357.000000000,4
long_four_chains,2,seeded-sync,3,8,200000,4,0,0,0,1,13227248.781250000,7321496,22.854458906,0.000000000,250.000000000,80.000000000,406357.000000000,0
long_four_chains,2,learned-sync,3,8,200000,4,0,0,0,1,9886064.649731629,7321496,22.854458906,0.000000000,143.057275755,53.295358984,406357.000000000,4
long_four_chains,2,seeded-sync,4,8,200000,4,0,0,0,1,13227248.781250000,7541703,22.854458906,0.000000000,250.000000000,80.000000000,406357.000000000,0
long_four_chains,2,learned-sync,4,8,200000,4,0,0,0,1,9886064.649731629,7541703,22.854458906,0.000000000,143.057275755,53.295358984,406357.000000000,4
long_four_chains,2,seeded-sync,5,8,200000,4,0,0,0,1,13227248.781250000,7987867,22.854458906,0.000000000,250.000000000,80.000000000,406357.000000000,0
long_four_chains,2,learned-sync,5,8,200000,4,0,0,0,1,9886064.649731629,7987867,22.854458906,0.000000000,143.057275755,53.295358984,406357.000000000,4
long_four_chains,2,seeded-sync,6,8,200000,4,0,0,0,1,13227248.781250000,7145978,22.854458906,0.000000000,250.000000000,80.000000000,406357.000000000,0
long_four_chains,2,learned-sync,6,8,200000,4,0,0,0,1,9886064.649731629,7145978,22.854458906,0.000000000,143.057275755,53.295358984,406357.000000000,4
independent_after,1,seeded-sync,0,7,32768,4,0,16,1,1,3323079.437618256,2035701,23.915600777,119.505346298,250.000000000,80.000000000,434829.000000000,0
independent_after,1,learned-sync,0,7,32768,4,0,16,1,1,2711519.150175024,2035701,23.915600777,119.505346298,143.223031567,56.157513618,434829.000000000,4
independent_after,1,seeded-sync,1,7,32768,4,0,16,1,1,3323079.437618256,3201521,23.915600777,119.505346298,250.000000000,80.000000000,434829.000000000,0
independent_after,1,learned-sync,1,7,32768,4,0,16,1,1,2711519.150175024,3201521,23.915600777,119.505346298,143.223031567,56.157513618,434829.000000000,4
independent_after,1,seeded-sync,2,7,32768,4,0,16,1,1,3323079.437618256,2079824,23.915600777,119.505346298,250.000000000,80.000000000,434829.000000000,0
independent_after,1,learned-sync,2,7,32768,4,0,16,1,1,2711519.150175024,2079824,23.915600777,119.505346298,143.223031567,56.157513618,434829.000000000,4
independent_after,1,seeded-sync,3,7,32768,4,0,16,1,1,3323079.437618256,2234346,23.915600777,119.505346298,250.000000000,80.000000000,434829.000000000,0
independent_after,1,learned-sync,3,7,32768,4,0,16,1,1,2711519.150175024,2234346,23.915600777,119.505346298,143.223031567,56.157513618,434829.000000000,4
independent_after,1,seeded-sync,4,7,32768,4,0,16,1,1,3323079.437618256,2083997,23.915600777,119.505346298,250.000000000,80.000000000,434829.000000000,0
independent_after,1,learned-sync,4,7,32768,4,0,16,1,1,2711519.150175024,2083997,23.915600777,119.505346298,143.223031567,56.157513618,434829.000000000,4
independent_after,1,seeded-sync,5,7,32768,4,0,16,1,1,3323079.437618256,1997588,23.915600777,119.505346298,250.000000000,80.000000000,434829.000000000,0
independent_after,1,learned-sync,5,7,32768,4,0,16,1,1,2711519.150175024,1997588,23.915600777,119.505346298,143.223031567,56.157513618,434829.000000000,4
independent_after,1,seeded-sync,6,7,32768,4,0,16,1,1,3323079.437618256,2340909,23.915600777,119.505346298,250.000000000,80.000000000,434829.000000000,0
independent_after,1,learned-sync,6,7,32768,4,0,16,1,1,2711519.150175024,2340909,23.915600777,119.505346298,143.223031567,56.157513618,434829.000000000,4
short_chain,2,seeded-sync,0,4,20000,1,0,0,0,1,2351420.000000000,3185447,22.553450000,0.000000000,250.000000000,80.000000000,250351.000000000,0
short_chain,2,learned-sync,0,4,20000,1,0,0,0,1,3622253.163655449,3185447,22.553450000,0.000000000,528.888996794,55.277635938,250351.000000000,4
short_chain,2,seeded-sync,1,4,20000,1,0,0,0,1,2351420.000000000,3146680,22.553450000,0.000000000,250.000000000,80.000000000,250351.000000000,0
short_chain,2,learned-sync,1,4,20000,1,0,0,0,1,3622253.163655449,3146680,22.553450000,0.000000000,528.888996794,55.277635938,250351.000000000,4
short_chain,2,seeded-sync,2,4,20000,1,0,0,0,1,2351420.000000000,3396806,22.553450000,0.000000000,250.000000000,80.000000000,250351.000000000,0
short_chain,2,learned-sync,2,4,20000,1,0,0,0,1,3622253.163655449,3396806,22.553450000,0.000000000,528.888996794,55.277635938,250351.000000000,4
short_chain,2,seeded-sync,3,4,20000,1,0,0,0,1,2351420.000000000,3175784,22.553450000,0.000000000,250.000000000,80.000000000,250351.000000000,0
short_chain,2,learned-sync,3,4,20000,1,0,0,0,1,3622253.163655449,3175784,22.553450000,0.000000000,528.888996794,55.277635938,250351.000000000,4
short_chain,2,seeded-sync,4,4,20000,1,0,0,0,1,2351420.000000000,3736908,22.553450000,0.000000000,250.000000000,80.000000000,250351.000000000,0
short_chain,2,learned-sync,4,4,20000,1,0,0,0,1,3622253.163655449,3736908,22.553450000,0.000000000,528.888996794,55.277635938,250351.000000000,4
short_chain,2,seeded-sync,5,4,20000,1,0,0,0,1,2351420.000000000,3412095,22.553450000,0.000000000,250.000000000,80.000000000,250351.000000000,0
short_chain,2,learned-sync,5,4,20000,1,0,0,0,1,3622253.163655449,3412095,22.553450000,0.000000000,528.888996794,55.277635938,250351.000000000,4
short_chain,2,seeded-sync,6,4,20000,1,0,0,0,1,2351420.000000000,3436479,22.553450000,0.000000000,250.000000000,80.000000000,250351.000000000,0
short_chain,2,learned-sync,6,4,20000,1,0,0,0,1,3622253.163655449,3436479,22.553450000,0.000000000,528.888996794,55.277635938,250351.000000000,4
large_arrays,0,seeded-sync,0,3,1000000,64,0,0,0,1,132738867.296875000,42642363,22.529057297,0.000000000,250.000000000,80.000000000,209590.000000000,0
large_arrays,0,learned-sync,0,3,1000000,64,0,0,0,1,48832787.205290206,42642363,22.529057297,0.000000000,38.042306161,40.239957000,209590.000000000,4
large_arrays,0,seeded-sync,1,3,1000000,64,0,0,0,1,132738867.296875000,42665584,22.529057297,0.000000000,250.000000000,80.000000000,209590.000000000,0
large_arrays,0,learned-sync,1,3,1000000,64,0,0,0,1,48832787.205290206,42665584,22.529057297,0.000000000,38.042306161,40.239957000,209590.000000000,4
large_arrays,0,seeded-sync,2,3,1000000,64,0,0,0,1,132738867.296875000,42817694,22.529057297,0.000000000,250.000000000,80.000000000,209590.000000000,0
large_arrays,0,learned-sync,2,3,1000000,64,0,0,0,1,48832787.205290206,42817694,22.529057297,0.000000000,38.042306161,40.239957000,209590.000000000,4
large_arrays,0,seeded-sync,3,3,1000000,64,0,0,0,1,132738867.296875000,51736701,22.529057297,0.000000000,250.000000000,80.000000000,209590.000000000,0
large_arrays,0,learned-sync,3,3,1000000,64,0,0,0,1,48832787.205290206,51736701,22.529057297,0.000000000,38.042306161,40.239957000,209590.000000000,4
large_arrays,0,seeded-sync,4,3,1000000,64,0,0,0,1,132738867.296875000,49296492,22.529057297,0.000000000,250.000000000,80.000000000,209590.000000000,0
large_arrays,0,learned-sync,4,3,1000000,64,0,0,0,1,48832787.205290206,49296492,22.529057297,0.000000000,38.042306161,40.239957000,209590.000000000,4
large_arrays,0,seeded-sync,5,3,1000000,64,0,0,0,1,132738867.296875000,42706387,22.529057297,0.000000000,250.000000000,80.000000000,209590.000000000,0
large_arrays,0,learned-sync,5,3,1000000,64,0,0,0,1,48832787.205290206,42706387,22.529057297,0.000000000,38.042306161,40.239957000,209590.000000000,4
large_arrays,0,seeded-sync,6,3,1000000,64,0,0,0,1,132738867.296875000,43277336,22.529057297,0.000000000,250.000000000,80.000000000,209590.000000000,0
large_arrays,0,learned-sync,6,3,1000000,64,0,0,0,1,48832787.205290206,43277336,22.529057297,0.000000000,38.042306161,40.239957000,209590.000000000,4
long_chain,2,seeded-sync,0,3,200000,1,0,0,0,1,26720615.859375000,26252070,22.676154297,0.000000000,250.000000000,80.000000000,185275.000000000,0
long_chain,2,learned-sync,0,3,200000,1,0,0,0,1,27018921.383782256,26252070,22.676154297,0.000000000,283.114286275,51.360274219,185275.000000000,4
long_chain,2,seeded-sync,1,3,200000,1,0,0,0,1,26720615.859375000,26598360,22.676154297,0.000000000,250.000000000,80.000000000,185275.000000000,0
long_chain,2,learned-sync,1,3,200000,1,0,0,0,1,27018921.383782256,26598360,22.676154297,0.000000000,283.114286275,51.360274219,185275.000000000,4
long_chain,2,seeded-sync,2,3,200000,1,0,0,0,1,26720615.859375000,28866211,22.676154297,0.000000000,250.000000000,80.000000000,185275.000000000,0
long_chain,2,learned-sync,2,3,200000,1,0,0,0,1,27018921.383782256,28866211,22.676154297,0.000000000,283.114286275,51.360274219,185275.000000000,4
long_chain,2,seeded-sync,3,3,200000,1,0,0,0,1,26720615.859375000,29405649,22.676154297,0.000000000,250.000000000,80.000000000,185275.000000000,0
long_chain,2,learned-sync,3,3,200000,1,0,0,0,1,27018921.383782256,29405649,22.676154297,0.000000000,283.114286275,51.360274219,185275.000000000,4
long_chain,2,seeded-sync,4,3,200000,1,0,0,0,1,26720615.859375000,27907638,22.676154297,0.000000000,250.000000000,80.000000000,185275.000000000,0
long_chain,2,learned-sync,4,3,200000,1,0,0,0,1,27018921.383782256,27907638,22.676154297,0.000000000,283.114286275,51.360274219,185275.000000000,4
long_chain,2,seeded-sync,5,3,200000,1,0,0,0,1,26720615.859375000,26881830,22.676154297,0.000000000,250.000000000,80.000000000,185275.000000000,0
long_chain,2,learned-sync,5,3,200000,1,0,0,0,1,27018921.383782256,26881830,22.676154297,0.000000000,283.114286275,51.360274219,185275.000000000,4
long_chain,2,seeded-sync,6,3,200000,1,0,0,0,1,26720615.859375000,28150713,22.676154297,0.000000000,250.000000000,80.000000000,185275.000000000,0
long_chain,2,learned-sync,6,3,200000,1,0,0,0,1,27018921.383782256,28150713,22.676154297,0.000000000,283.114286275,51.360274219,185275.000000000,4
independent_before,0,seeded-sync,0,5,32768,4,0,16,0,1,3972184.654765129,2311144,22.583205223,117.285350323,250.000000000,80.000000000,300670.000000000,0
independent_before,0,learned-sync,0,5,32768,4,0,16,0,1,2704868.111985822,2311144,22.583205223,117.285350323,88.078422583,48.556221485,300670.000000000,4
independent_before,0,seeded-sync,1,5,32768,4,0,16,0,1,3972184.654765129,2303559,22.583205223,117.285350323,250.000000000,80.000000000,300670.000000000,0
independent_before,0,learned-sync,1,5,32768,4,0,16,0,1,2704868.111985822,2303559,22.583205223,117.285350323,88.078422583,48.556221485,300670.000000000,4
independent_before,0,seeded-sync,2,5,32768,4,0,16,0,1,3972184.654765129,2302807,22.583205223,117.285350323,250.000000000,80.000000000,300670.000000000,0
independent_before,0,learned-sync,2,5,32768,4,0,16,0,1,2704868.111985822,2302807,22.583205223,117.285350323,88.078422583,48.556221485,300670.000000000,4
independent_before,0,seeded-sync,3,5,32768,4,0,16,0,1,3972184.654765129,2475399,22.583205223,117.285350323,250.000000000,80.000000000,300670.000000000,0
independent_before,0,learned-sync,3,5,32768,4,0,16,0,1,2704868.111985822,2475399,22.583205223,117.285350323,88.078422583,48.556221485,300670.000000000,4
independent_before,0,seeded-sync,4,5,32768,4,0,16,0,1,3972184.654765129,2116201,22.583205223,117.285350323,250.000000000,80.000000000,300670.000000000,0
independent_before,0,learned-sync,4,5,32768,4,0,16,0,1,2704868.111985822,2116201,22.583205223,117.285350323,88.078422583,48.556221485,300670.000000000,4
independent_before,0,seeded-sync,5,5,32768,4,0,16,0,1,3972184.654765129,2231114,22.583205223,117.285350323,250.000000000,80.000000000,300670.000000000,0
independent_before,0,learned-sync,5,5,32768,4,0,16,0,1,2704868.111985822,2231114,22.583205223,117.285350323,88.078422583,48.556221485,300670.000000000,4
independent_before,0,seeded-sync,6,5,32768,4,0,16,0,1,3972184.654765129,2213071,22.583205223,117.285350323,250.000000000,80.000000000,300670.000000000,0
independent_before,0,learned-sync,6,5,32768,4,0,16,0,1,2704868.111985822,2213071,22.583205223,117.285350323,88.078422583,48.556221485,300670.000000000,4
dependent_compute,0,seeded-sync,0,8,32768,1,16,0,0,1,5584221.109375000,9025756,116.521609783,0.000000000,250.000000000,80.000000000,414361.000000000,0
dependent_compute,0,learned-sync,0,8,32768,1,16,0,0,1,13012743.045295548,9025756,116.521609783,0.000000000,2088.643614383,54.960373878,414361.000000000,4
dependent_compute,0,seeded-sync,1,8,32768,1,16,0,0,1,5584221.109375000,9578446,116.521609783,0.000000000,250.000000000,80.000000000,414361.000000000,0
dependent_compute,0,learned-sync,1,8,32768,1,16,0,0,1,13012743.045295548,9578446,116.521609783,0.000000000,2088.643614383,54.960373878,414361.000000000,4
dependent_compute,0,seeded-sync,2,8,32768,1,16,0,0,1,5584221.109375000,9933462,116.521609783,0.000000000,250.000000000,80.000000000,414361.000000000,0
dependent_compute,0,learned-sync,2,8,32768,1,16,0,0,1,13012743.045295548,9933462,116.521609783,0.000000000,2088.643614383,54.960373878,414361.000000000,4
dependent_compute,0,seeded-sync,3,8,32768,1,16,0,0,1,5584221.109375000,8931091,116.521609783,0.000000000,250.000000000,80.000000000,414361.000000000,0
dependent_compute,0,learned-sync,3,8,32768,1,16,0,0,1,13012743.045295548,8931091,116.521609783,0.000000000,2088.643614383,54.960373878,414361.000000000,4
dependent_compute,0,seeded-sync,4,8,32768,1,16,0,0,1,5584221.109375000,10179889,116.521609783,0.000000000,250.000000000,80.000000000,414361.000000000,0
dependent_compute,0,learned-sync,4,8,32768,1,16,0,0,1,13012743.045295548,10179889,116.521609783,0.000000000,2088.643614383,54.960373878,414361.000000000,4
dependent_compute,0,seeded-sync,5,8,32768,1,16,0,0,1,5584221.109375000,9115635,116.521609783,0.000000000,250.000000000,80.000000000,414361.000000000,0
dependent_compute,0,learned-sync,5,8,32768,1,16,0,0,1,13012743.045295548,9115635,116.521609783,0.000000000,2088.643614383,54.960373878,414361.000000000,4
dependent_compute,0,seeded-sync,6,8,32768,1,16,0,0,1,5584221.109375000,8833919,116.521609783,0.000000000,250.000000000,80.000000000,414361.000000000,0
dependent_compute,0,learned-sync,6,8,32768,1,16,0,0,1,13012743.045295548,8833919,116.521609783,0.000000000,2088.643614383,54.960373878,414361.000000000,4
short_many_chains,2,seeded-sync,0,2,20000,64,0,0,0,1,3916547.703125000,1203390,22.083585156,0.000000000,250.000000000,80.000000000,174876.000000000,0
short_many_chains,2,learned-sync,0,2,20000,64,0,0,0,1,1178278.119983949,1203390,22.083585156,0.000000000,26.861659655,29.311382031,174876.000000000,4
short_many_chains,2,seeded-sync,1,2,20000,64,0,0,0,1,3916547.703125000,1130515,22.083585156,0.000000000,250.000000000,80.000000000,174876.000000000,0
short_many_chains,2,learned-sync,1,2,20000,64,0,0,0,1,1178278.119983949,1130515,22.083585156,0.000000000,26.861659655,29.311382031,174876.000000000,4
short_many_chains,2,seeded-sync,2,2,20000,64,0,0,0,1,3916547.703125000,1166212,22.083585156,0.000000000,250.000000000,80.000000000,174876.000000000,0
short_many_chains,2,learned-sync,2,2,20000,64,0,0,0,1,1178278.119983949,1166212,22.083585156,0.000000000,26.861659655,29.311382031,174876.000000000,4
short_many_chains,2,seeded-sync,3,2,20000,64,0,0,0,1,3916547.703125000,1437647,22.083585156,0.000000000,250.000000000,80.000000000,174876.000000000,0
short_many_chains,2,learned-sync,3,2,20000,64,0,0,0,1,1178278.119983949,1437647,22.083585156,0.000000000,26.861659655,29.311382031,174876.000000000,4
short_many_chains,2,seeded-sync,4,2,20000,64,0,0,0,1,3916547.703125000,1289812,22.083585156,0.000000000,250.000000000,80.000000000,174876.000000000,0
short_many_chains,2,learned-sync,4,2,20000,64,0,0,0,1,1178278.119983949,1289812,22.083585156,0.000000000,26.861659655,29.311382031,174876.000000000,4
short_many_chains,2,seeded-sync,5,2,20000,64,0,0,0,1,3916547.703125000,1305060,22.083585156,0.000000000,250.000000000,80.000000000,174876.000000000,0
short_many_chains,2,learned-sync,5,2,20000,64,0,0,0,1,1178278.119983949,1305060,22.083585156,0.000000000,26.861659655,29.311382031,174876.000000000,4
short_many_chains,2,seeded-sync,6,2,20000,64,0,0,0,1,3916547.703125000,1258653,22.083585156,0.000000000,250.000000000,80.000000000,174876.000000000,0
short_many_chains,2,learned-sync,6,2,20000,64,0,0,0,1,1178278.119983949,1258653,22.083585156,0.000000000,26.861659655,29.311382031,174876.000000000,4
short_four_chains,1,seeded-sync,0,2,20000,4,0,0,0,1,3936053.265625000,1141646,23.220663281,0.000000000,250.000000000,80.000000000,171640.000000000,0
short_four_chains,1,learned-sync,0,2,20000,4,0,0,0,1,1187396.958990236,1141646,23.220663281,0.000000000,27.096682618,28.037686719,171640.000000000,4
short_four_chains,1,seeded-sync,1,2,20000,4,0,0,0,1,3936053.265625000,1151374,23.220663281,0.000000000,250.000000000,80.000000000,171640.000000000,0
short_four_chains,1,learned-sync,1,2,20000,4,0,0,0,1,1187396.958990236,1151374,23.220663281,0.000000000,27.096682618,28.037686719,171640.000000000,4
short_four_chains,1,seeded-sync,2,2,20000,4,0,0,0,1,3936053.265625000,1163256,23.220663281,0.000000000,250.000000000,80.000000000,171640.000000000,0
short_four_chains,1,learned-sync,2,2,20000,4,0,0,0,1,1187396.958990236,1163256,23.220663281,0.000000000,27.096682618,28.037686719,171640.000000000,4
short_four_chains,1,seeded-sync,3,2,20000,4,0,0,0,1,3936053.265625000,1273350,23.220663281,0.000000000,250.000000000,80.000000000,171640.000000000,0
short_four_chains,1,learned-sync,3,2,20000,4,0,0,0,1,1187396.958990236,1273350,23.220663281,0.000000000,27.096682618,28.037686719,171640.000000000,4
short_four_chains,1,seeded-sync,4,2,20000,4,0,0,0,1,3936053.265625000,1290883,23.220663281,0.000000000,250.000000000,80.000000000,171640.000000000,0
short_four_chains,1,learned-sync,4,2,20000,4,0,0,0,1,1187396.958990236,1290883,23.220663281,0.000000000,27.096682618,28.037686719,171640.000000000,4
short_four_chains,1,seeded-sync,5,2,20000,4,0,0,0,1,3936053.265625000,1139401,23.220663281,0.000000000,250.000000000,80.000000000,171640.000000000,0
short_four_chains,1,learned-sync,5,2,20000,4,0,0,0,1,1187396.958990236,1139401,23.220663281,0.000000000,27.096682618,28.037686719,171640.000000000,4
short_four_chains,1,seeded-sync,6,2,20000,4,0,0,0,1,3936053.265625000,1144752,23.220663281,0.000000000,250.000000000,80.000000000,171640.000000000,0
short_four_chains,1,learned-sync,6,2,20000,4,0,0,0,1,1187396.958990236,1144752,23.220663281,0.000000000,27.096682618,28.037686719,171640.000000000,4
uneven,1,seeded-sync,0,6,8193,3,4,8,0,1,1224803.783351642,775889,42.540198187,67.467744950,250.000000000,80.000000000,333331.000000000,0
uneven,1,learned-sync,0,6,8193,3,4,8,0,1,1047665.565068091,775889,42.540198187,67.467744950,150.453561889,49.869850787,333331.000000000,4
uneven,1,seeded-sync,1,6,8193,3,4,8,0,1,1224803.783351642,813805,42.540198187,67.467744950,250.000000000,80.000000000,333331.000000000,0
uneven,1,learned-sync,1,6,8193,3,4,8,0,1,1047665.565068091,813805,42.540198187,67.467744950,150.453561889,49.869850787,333331.000000000,4
uneven,1,seeded-sync,2,6,8193,3,4,8,0,1,1224803.783351642,796358,42.540198187,67.467744950,250.000000000,80.000000000,333331.000000000,0
uneven,1,learned-sync,2,6,8193,3,4,8,0,1,1047665.565068091,796358,42.540198187,67.467744950,150.453561889,49.869850787,333331.000000000,4
uneven,1,seeded-sync,3,6,8193,3,4,8,0,1,1224803.783351642,791584,42.540198187,67.467744950,250.000000000,80.000000000,333331.000000000,0
uneven,1,learned-sync,3,6,8193,3,4,8,0,1,1047665.565068091,791584,42.540198187,67.467744950,150.453561889,49.869850787,333331.000000000,4
uneven,1,seeded-sync,4,6,8193,3,4,8,0,1,1224803.783351642,792736,42.540198187,67.467744950,250.000000000,80.000000000,333331.000000000,0
uneven,1,learned-sync,4,6,8193,3,4,8,0,1,1047665.565068091,792736,42.540198187,67.467744950,150.453561889,49.869850787,333331.000000000,4
uneven,1,seeded-sync,5,6,8193,3,4,8,0,1,1224803.783351642,803476,42.540198187,67.467744950,250.000000000,80.000000000,333331.000000000,0
uneven,1,learned-sync,5,6,8193,3,4,8,0,1,1047665.565068091,803476,42.540198187,67.467744950,150.453561889,49.869850787,333331.000000000,4
uneven,1,seeded-sync,6,6,8193,3,4,8,0,1,1224803.783351642,860391,42.540198187,67.467744950,250.000000000,80.000000000,333331.000000000,0
uneven,1,learned-sync,6,6,8193,3,4,8,0,1,1047665.565068091,860391,42.540198187,67.467744950,150.453561889,49.869850787,333331.000000000,4
short_chain,0,seeded-sync,0,7,20000,1,0,0,0,1,1773093.421875000,3995038,21.970821094,0.000000000,250.000000000,80.000000000,390537.000000000,0
short_chain,0,learned-sync,0,7,20000,1,0,0,0,1,4579595.494759295,3995038,21.970821094,0.000000000,1259.748403045,52.232728125,390537.000000000,4
short_chain,0,seeded-sync,1,7,20000,1,0,0,0,1,1773093.421875000,3969832,21.970821094,0.000000000,250.000000000,80.000000000,390537.000000000,0
short_chain,0,learned-sync,1,7,20000,1,0,0,0,1,4579595.494759295,3969832,21.970821094,0.000000000,1259.748403045,52.232728125,390537.000000000,4
short_chain,0,seeded-sync,2,7,20000,1,0,0,0,1,1773093.421875000,4643908,21.970821094,0.000000000,250.000000000,80.000000000,390537.000000000,0
short_chain,0,learned-sync,2,7,20000,1,0,0,0,1,4579595.494759295,4643908,21.970821094,0.000000000,1259.748403045,52.232728125,390537.000000000,4
short_chain,0,seeded-sync,3,7,20000,1,0,0,0,1,1773093.421875000,4728463,21.970821094,0.000000000,250.000000000,80.000000000,390537.000000000,0
short_chain,0,learned-sync,3,7,20000,1,0,0,0,1,4579595.494759295,4728463,21.970821094,0.000000000,1259.748403045,52.232728125,390537.000000000,4
short_chain,0,seeded-sync,4,7,20000,1,0,0,0,1,1773093.421875000,4162142,21.970821094,0.000000000,250.000000000,80.000000000,390537.000000000,0
short_chain,0,learned-sync,4,7,20000,1,0,0,0,1,4579595.494759295,4162142,21.970821094,0.000000000,1259.748403045,52.232728125,390537.000000000,4
short_chain,0,seeded-sync,5,7,20000,1,0,0,0,1,1773093.421875000,5221942,21.970821094,0.000000000,250.000000000,80.000000000,390537.000000000,0
short_chain,0,learned-sync,5,7,20000,1,0,0,0,1,4579595.494759295,5221942,21.970821094,0.000000000,1259.748403045,52.232728125,390537.000000000,4
short_chain,0,seeded-sync,6,7,20000,1,0,0,0,1,1773093.421875000,28896237,21.970821094,0.000000000,250.000000000,80.000000000,390537.000000000,0
short_chain,0,learned-sync,6,7,20000,1,0,0,0,1,4579595.494759295,28896237,21.970821094,0.000000000,1259.748403045,52.232728125,390537.000000000,4
short_many_chains,1,seeded-sync,0,8,20000,64,0,0,0,1,1808362.671875000,819035,24.493233594,0.000000000,250.000000000,80.000000000,493498.000000000,0
short_many_chains,1,learned-sync,0,8,20000,64,0,0,0,1,1165340.976929299,819035,24.493233594,0.000000000,31.834762647,40.956559375,493498.000000000,4
short_many_chains,1,seeded-sync,1,8,20000,64,0,0,0,1,1808362.671875000,908021,24.493233594,0.000000000,250.000000000,80.000000000,493498.000000000,0
short_many_chains,1,learned-sync,1,8,20000,64,0,0,0,1,1165340.976929299,908021,24.493233594,0.000000000,31.834762647,40.956559375,493498.000000000,4
short_many_chains,1,seeded-sync,2,8,20000,64,0,0,0,1,1808362.671875000,885379,24.493233594,0.000000000,250.000000000,80.000000000,493498.000000000,0
short_many_chains,1,learned-sync,2,8,20000,64,0,0,0,1,1165340.976929299,885379,24.493233594,0.000000000,31.834762647,40.956559375,493498.000000000,4
short_many_chains,1,seeded-sync,3,8,20000,64,0,0,0,1,1808362.671875000,872665,24.493233594,0.000000000,250.000000000,80.000000000,493498.000000000,0
short_many_chains,1,learned-sync,3,8,20000,64,0,0,0,1,1165340.976929299,872665,24.493233594,0.000000000,31.834762647,40.956559375,493498.000000000,4
short_many_chains,1,seeded-sync,4,8,20000,64,0,0,0,1,1808362.671875000,855775,24.493233594,0.000000000,250.000000000,80.000000000,493498.000000000,0
short_many_chains,1,learned-sync,4,8,20000,64,0,0,0,1,1165340.976929299,855775,24.493233594,0.000000000,31.834762647,40.956559375,493498.000000000,4
short_many_chains,1,seeded-sync,5,8,20000,64,0,0,0,1,1808362.671875000,863057,24.493233594,0.000000000,250.000000000,80.000000000,493498.000000000,0
short_many_chains,1,learned-sync,5,8,20000,64,0,0,0,1,1165340.976929299,863057,24.493233594,0.000000000,31.834762647,40.956559375,493498.000000000,4
short_many_chains,1,seeded-sync,6,8,20000,64,0,0,0,1,1808362.671875000,828984,24.493233594,0.000000000,250.000000000,80.000000000,493498.000000000,0
short_many_chains,1,learned-sync,6,8,20000,64,0,0,0,1,1165340.976929299,828984,24.493233594,0.000000000,31.834762647,40.956559375,493498.000000000,4
long_four_chains,0,seeded-sync,0,8,200000,4,0,0,0,1,13304425.578125000,7021575,23.185842891,0.000000000,250.000000000,80.000000000,417257.000000000,0
long_four_chains,0,learned-sync,0,8,200000,4,0,0,0,1,9530855.723158173,7021575,23.185842891,0.000000000,126.899441348,52.157764453,417257.000000000,4
long_four_chains,0,seeded-sync,1,8,200000,4,0,0,0,1,13304425.578125000,6965561,23.185842891,0.000000000,250.000000000,80.000000000,417257.000000000,0
long_four_chains,0,learned-sync,1,8,200000,4,0,0,0,1,9530855.723158173,6965561,23.185842891,0.000000000,126.899441348,52.157764453,417257.000000000,4
long_four_chains,0,seeded-sync,2,8,200000,4,0,0,0,1,13304425.578125000,7066679,23.185842891,0.000000000,250.000000000,80.000000000,417257.000000000,0
long_four_chains,0,learned-sync,2,8,200000,4,0,0,0,1,9530855.723158173,7066679,23.185842891,0.000000000,126.899441348,52.157764453,417257.000000000,4
long_four_chains,0,seeded-sync,3,8,200000,4,0,0,0,1,13304425.578125000,7876697,23.185842891,0.000000000,250.000000000,80.000000000,417257.000000000,0
long_four_chains,0,learned-sync,3,8,200000,4,0,0,0,1,9530855.723158173,7876697,23.185842891,0.000000000,126.899441348,52.157764453,417257.000000000,4
long_four_chains,0,seeded-sync,4,8,200000,4,0,0,0,1,13304425.578125000,7095033,23.185842891,0.000000000,250.000000000,80.000000000,417257.000000000,0
long_four_chains,0,learned-sync,4,8,200000,4,0,0,0,1,9530855.723158173,7095033,23.185842891,0.000000000,126.899441348,52.157764453,417257.000000000,4
long_four_chains,0,seeded-sync,5,8,200000,4,0,0,0,1,13304425.578125000,7431537,23.185842891,0.000000000,250.000000000,80.000000000,417257.000000000,0
long_four_chains,0,learned-sync,5,8,200000,4,0,0,0,1,9530855.723158173,7431537,23.185842891,0.000000000,126.899441348,52.157764453,417257.000000000,4
long_four_chains,0,seeded-sync,6,8,200000,4,0,0,0,1,13304425.578125000,6993994,23.185842891,0.000000000,250.000000000,80.000000000,417257.000000000,0
long_four_chains,0,learned-sync,6,8,200000,4,0,0,0,1,9530855.723158173,6993994,23.185842891,0.000000000,126.899441348,52.157764453,417257.000000000,4
large_arrays,2,seeded-sync,0,2,1000000,64,0,0,0,1,187882438.281250000,52891923,22.691022281,0.000000000,250.000000000,80.000000000,191416.000000000,0
large_arrays,2,learned-sync,0,2,1000000,64,0,0,0,1,51734538.260390170,52891923,22.691022281,0.000000000,26.704670396,30.999529563,191416.000000000,4
large_arrays,2,seeded-sync,1,2,1000000,64,0,0,0,1,187882438.281250000,52674808,22.691022281,0.000000000,250.000000000,80.000000000,191416.000000000,0
large_arrays,2,learned-sync,1,2,1000000,64,0,0,0,1,51734538.260390170,52674808,22.691022281,0.000000000,26.704670396,30.999529563,191416.000000000,4
large_arrays,2,seeded-sync,2,2,1000000,64,0,0,0,1,187882438.281250000,56584820,22.691022281,0.000000000,250.000000000,80.000000000,191416.000000000,0
large_arrays,2,learned-sync,2,2,1000000,64,0,0,0,1,51734538.260390170,56584820,22.691022281,0.000000000,26.704670396,30.999529563,191416.000000000,4
large_arrays,2,seeded-sync,3,2,1000000,64,0,0,0,1,187882438.281250000,59016903,22.691022281,0.000000000,250.000000000,80.000000000,191416.000000000,0
large_arrays,2,learned-sync,3,2,1000000,64,0,0,0,1,51734538.260390170,59016903,22.691022281,0.000000000,26.704670396,30.999529563,191416.000000000,4
large_arrays,2,seeded-sync,4,2,1000000,64,0,0,0,1,187882438.281250000,58435029,22.691022281,0.000000000,250.000000000,80.000000000,191416.000000000,0
large_arrays,2,learned-sync,4,2,1000000,64,0,0,0,1,51734538.260390170,58435029,22.691022281,0.000000000,26.704670396,30.999529563,191416.000000000,4
large_arrays,2,seeded-sync,5,2,1000000,64,0,0,0,1,187882438.281250000,51949544,22.691022281,0.000000000,250.000000000,80.000000000,191416.000000000,0
large_arrays,2,learned-sync,5,2,1000000,64,0,0,0,1,51734538.260390170,51949544,22.691022281,0.000000000,26.704670396,30.999529563,191416.000000000,4
large_arrays,2,seeded-sync,6,2,1000000,64,0,0,0,1,187882438.281250000,55279575,22.691022281,0.000000000,250.000000000,80.000000000,191416.000000000,0
large_arrays,2,learned-sync,6,2,1000000,64,0,0,0,1,51734538.260390170,55279575,22.691022281,0.000000000,26.704670396,30.999529563,191416.000000000,4
large_arrays,0,seeded-sync,0,8,1000000,64,0,0,0,1,63835504.671875000,19931835,22.161224672,0.000000000,250.000000000,80.000000000,424280.000000000,0
large_arrays,0,learned-sync,0,8,1000000,64,0,0,0,1,33711168.820682392,19931835,22.161224672,0.000000000,38.784470065,50.220843125,424280.000000000,4
large_arrays,0,seeded-sync,1,8,1000000,64,0,0,0,1,63835504.671875000,20020640,22.161224672,0.000000000,250.000000000,80.000000000,424280.000000000,0
large_arrays,0,learned-sync,1,8,1000000,64,0,0,0,1,33711168.820682392,20020640,22.161224672,0.000000000,38.784470065,50.220843125,424280.000000000,4
large_arrays,0,seeded-sync,2,8,1000000,64,0,0,0,1,63835504.671875000,20154269,22.161224672,0.000000000,250.000000000,80.000000000,424280.000000000,0
large_arrays,0,learned-sync,2,8,1000000,64,0,0,0,1,33711168.820682392,20154269,22.161224672,0.000000000,38.784470065,50.220843125,424280.000000000,4
large_arrays,0,seeded-sync,3,8,1000000,64,0,0,0,1,63835504.671875000,20159087,22.161224672,0.000000000,250.000000000,80.000000000,424280.000000000,0
large_arrays,0,learned-sync,3,8,1000000,64,0,0,0,1,33711168.820682392,20159087,22.161224672,0.000000000,38.784470065,50.220843125,424280.000000000,4
large_arrays,0,seeded-sync,4,8,1000000,64,0,0,0,1,63835504.671875000,19649219,22.161224672,0.000000000,250.000000000,80.000000000,424280.000000000,0
large_arrays,0,learned-sync,4,8,1000000,64,0,0,0,1,33711168.820682392,19649219,22.161224672,0.000000000,38.784470065,50.220843125,424280.000000000,4
large_arrays,0,seeded-sync,5,8,1000000,64,0,0,0,1,63835504.671875000,19802895,22.161224672,0.000000000,250.000000000,80.000000000,424280.000000000,0
large_arrays,0,learned-sync,5,8,1000000,64,0,0,0,1,33711168.820682392,19802895,22.161224672,0.000000000,38.784470065,50.220843125,424280.000000000,4
large_arrays,0,seeded-sync,6,8,1000000,64,0,0,0,1,63835504.671875000,20285242,22.161224672,0.000000000,250.000000000,80.000000000,424280.000000000,0
large_arrays,0,learned-sync,6,8,1000000,64,0,0,0,1,33711168.820682392,20285242,22.161224672,0.000000000,38.784470065,50.220843125,424280.000000000,4
dependent_compute,0,seeded-sync,0,6,32768,1,16,0,0,1,5959612.562500000,8732396,116.806291580,0.000000000,250.000000000,80.000000000,329644.000000000,0
dependent_compute,0,learned-sync,0,6,32768,1,16,0,0,1,11494940.064170375,8732396,116.806291580,0.000000000,1291.903661172,51.521366596,329644.000000000,4
dependent_compute,0,seeded-sync,1,6,32768,1,16,0,0,1,5959612.562500000,8724591,116.806291580,0.000000000,250.000000000,80.000000000,329644.000000000,0
dependent_compute,0,learned-sync,1,6,32768,1,16,0,0,1,11494940.064170375,8724591,116.806291580,0.000000000,1291.903661172,51.521366596,329644.000000000,4
dependent_compute,0,seeded-sync,2,6,32768,1,16,0,0,1,5959612.562500000,8960204,116.806291580,0.000000000,250.000000000,80.000000000,329644.000000000,0
dependent_compute,0,learned-sync,2,6,32768,1,16,0,0,1,11494940.064170375,8960204,116.806291580,0.000000000,1291.903661172,51.521366596,329644.000000000,4
dependent_compute,0,seeded-sync,3,6,32768,1,16,0,0,1,5959612.562500000,8868683,116.806291580,0.000000000,250.000000000,80.000000000,329644.000000000,0
dependent_compute,0,learned-sync,3,6,32768,1,16,0,0,1,11494940.064170375,8868683,116.806291580,0.000000000,1291.903661172,51.521366596,329644.000000000,4
dependent_compute,0,seeded-sync,4,6,32768,1,16,0,0,1,5959612.562500000,8564147,116.806291580,0.000000000,250.000000000,80.000000000,329644.000000000,0
dependent_compute,0,learned-sync,4,6,32768,1,16,0,0,1,11494940.064170375,8564147,116.806291580,0.000000000,1291.903661172,51.521366596,329644.000000000,4
dependent_compute,0,seeded-sync,5,6,32768,1,16,0,0,1,5959612.562500000,8687586,116.806291580,0.000000000,250.000000000,80.000000000,329644.000000000,0
dependent_compute,0,learned-sync,5,6,32768,1,16,0,0,1,11494940.064170375,8687586,116.806291580,0.000000000,1291.903661172,51.521366596,329644.000000000,4
dependent_compute,0,seeded-sync,6,6,32768,1,16,0,0,1,5959612.562500000,8342193,116.806291580,0.000000000,250.000000000,80.000000000,329644.000000000,0
dependent_compute,0,learned-sync,6,6,32768,1,16,0,0,1,11494940.064170375,8342193,116.806291580,0.000000000,1291.903661172,51.521366596,329644.000000000,4
two_streams,1,seeded-sync,0,7,32768,4,0,0,0,2,4250158.312500000,2430146,22.546213150,0.000000000,250.000000000,80.000000000,421244.000000000,0
two_streams,1,learned-sync,0,7,32768,4,0,0,0,2,2630676.134680451,2430146,22.546213150,0.000000000,103.851881781,53.200427294,421244.000000000,4
two_streams,1,seeded-sync,1,7,32768,4,0,0,0,2,4250158.312500000,2469248,22.546213150,0.000000000,250.000000000,80.000000000,421244.000000000,0
two_streams,1,learned-sync,1,7,32768,4,0,0,0,2,2630676.134680451,2469248,22.546213150,0.000000000,103.851881781,53.200427294,421244.000000000,4
two_streams,1,seeded-sync,2,7,32768,4,0,0,0,2,4250158.312500000,2389429,22.546213150,0.000000000,250.000000000,80.000000000,421244.000000000,0
two_streams,1,learned-sync,2,7,32768,4,0,0,0,2,2630676.134680451,2389429,22.546213150,0.000000000,103.851881781,53.200427294,421244.000000000,4
two_streams,1,seeded-sync,3,7,32768,4,0,0,0,2,4250158.312500000,2361087,22.546213150,0.000000000,250.000000000,80.000000000,421244.000000000,0
two_streams,1,learned-sync,3,7,32768,4,0,0,0,2,2630676.134680451,2361087,22.546213150,0.000000000,103.851881781,53.200427294,421244.000000000,4
two_streams,1,seeded-sync,4,7,32768,4,0,0,0,2,4250158.312500000,2650534,22.546213150,0.000000000,250.000000000,80.000000000,421244.000000000,0
two_streams,1,learned-sync,4,7,32768,4,0,0,0,2,2630676.134680451,2650534,22.546213150,0.000000000,103.851881781,53.200427294,421244.000000000,4
two_streams,1,seeded-sync,5,7,32768,4,0,0,0,2,4250158.312500000,2552679,22.546213150,0.000000000,250.000000000,80.000000000,421244.000000000,0
two_streams,1,learned-sync,5,7,32768,4,0,0,0,2,2630676.134680451,2552679,22.546213150,0.000000000,103.851881781,53.200427294,421244.000000000,4
two_streams,1,seeded-sync,6,7,32768,4,0,0,0,2,4250158.312500000,2503762,22.546213150,0.000000000,250.000000000,80.000000000,421244.000000000,0
two_streams,1,learned-sync,6,7,32768,4,0,0,0,2,2630676.134680451,2503762,22.546213150,0.000000000,103.851881781,53.200427294,421244.000000000,4
long_four_chains,0,seeded-sync,0,3,200000,4,0,0,0,1,26635587.796875000,11928622,22.291643984,0.000000000,250.000000000,80.000000000,177149.000000000,0
long_four_chains,0,learned-sync,0,3,200000,4,0,0,0,1,11967013.982479349,11928622,22.291643984,0.000000000,59.642173781,50.330319141,177149.000000000,4
long_four_chains,0,seeded-sync,1,3,200000,4,0,0,0,1,26635587.796875000,11750750,22.291643984,0.000000000,250.000000000,80.000000000,177149.000000000,0
long_four_chains,0,learned-sync,1,3,200000,4,0,0,0,1,11967013.982479349,11750750,22.291643984,0.000000000,59.642173781,50.330319141,177149.000000000,4
long_four_chains,0,seeded-sync,2,3,200000,4,0,0,0,1,26635587.796875000,11531674,22.291643984,0.000000000,250.000000000,80.000000000,177149.000000000,0
long_four_chains,0,learned-sync,2,3,200000,4,0,0,0,1,11967013.982479349,11531674,22.291643984,0.000000000,59.642173781,50.330319141,177149.000000000,4
long_four_chains,0,seeded-sync,3,3,200000,4,0,0,0,1,26635587.796875000,13342810,22.291643984,0.000000000,250.000000000,80.000000000,177149.000000000,0
long_four_chains,0,learned-sync,3,3,200000,4,0,0,0,1,11967013.982479349,13342810,22.291643984,0.000000000,59.642173781,50.330319141,177149.000000000,4
long_four_chains,0,seeded-sync,4,3,200000,4,0,0,0,1,26635587.796875000,12776847,22.291643984,0.000000000,250.000000000,80.000000000,177149.000000000,0
long_four_chains,0,learned-sync,4,3,200000,4,0,0,0,1,11967013.982479349,12776847,22.291643984,0.000000000,59.642173781,50.330319141,177149.000000000,4
long_four_chains,0,seeded-sync,5,3,200000,4,0,0,0,1,26635587.796875000,12384144,22.291643984,0.000000000,250.000000000,80.000000000,177149.000000000,0
long_four_chains,0,learned-sync,5,3,200000,4,0,0,0,1,11967013.982479349,12384144,22.291643984,0.000000000,59.642173781,50.330319141,177149.000000000,4
long_four_chains,0,seeded-sync,6,3,200000,4,0,0,0,1,26635587.796875000,11524679,22.291643984,0.000000000,250.000000000,80.000000000,177149.000000000,0
long_four_chains,0,learned-sync,6,3,200000,4,0,0,0,1,11967013.982479349,11524679,22.291643984,0.000000000,59.642173781,50.330319141,177149.000000000,4
uneven,0,seeded-sync,0,2,8193,3,4,8,0,1,2164169.147599323,1226780,43.520535823,67.263948645,250.000000000,80.000000000,180015.000000000,0
uneven,0,learned-sync,0,2,8193,3,4,8,0,1,1259974.120887991,1226780,43.520535823,67.263948645,55.568645070,53.734497055,180015.000000000,4
uneven,0,seeded-sync,1,2,8193,3,4,8,0,1,2164169.147599323,1409495,43.520535823,67.263948645,250.000000000,80.000000000,180015.000000000,0
uneven,0,learned-sync,1,2,8193,3,4,8,0,1,1259974.120887991,1409495,43.520535823,67.263948645,55.568645070,53.734497055,180015.000000000,4
uneven,0,seeded-sync,2,2,8193,3,4,8,0,1,2164169.147599323,1136185,43.520535823,67.263948645,250.000000000,80.000000000,180015.000000000,0
uneven,0,learned-sync,2,2,8193,3,4,8,0,1,1259974.120887991,1136185,43.520535823,67.263948645,55.568645070,53.734497055,180015.000000000,4
uneven,0,seeded-sync,3,2,8193,3,4,8,0,1,2164169.147599323,1072357,43.520535823,67.263948645,250.000000000,80.000000000,180015.000000000,0
uneven,0,learned-sync,3,2,8193,3,4,8,0,1,1259974.120887991,1072357,43.520535823,67.263948645,55.568645070,53.734497055,180015.000000000,4
uneven,0,seeded-sync,4,2,8193,3,4,8,0,1,2164169.147599323,1070573,43.520535823,67.263948645,250.000000000,80.000000000,180015.000000000,0
uneven,0,learned-sync,4,2,8193,3,4,8,0,1,1259974.120887991,1070573,43.520535823,67.263948645,55.568645070,53.734497055,180015.000000000,4
uneven,0,seeded-sync,5,2,8193,3,4,8,0,1,2164169.147599323,1202800,43.520535823,67.263948645,250.000000000,80.000000000,180015.000000000,0
uneven,0,learned-sync,5,2,8193,3,4,8,0,1,1259974.120887991,1202800,43.520535823,67.263948645,55.568645070,53.734497055,180015.000000000,4
uneven,0,seeded-sync,6,2,8193,3,4,8,0,1,2164169.147599323,1073498,43.520535823,67.263948645,250.000000000,80.000000000,180015.000000000,0
uneven,0,learned-sync,6,2,8193,3,4,8,0,1,1259974.120887991,1073498,43.520535823,67.263948645,55.568645070,53.734497055,180015.000000000,4
large_arrays,2,seeded-sync,0,8,1000000,64,0,0,0,1,64251372.796875000,19745066,22.555682797,0.000000000,250.000000000,80.000000000,445690.000000000,0
large_arrays,2,learned-sync,0,8,1000000,64,0,0,0,1,34333444.904983670,19745066,22.555682797,0.000000000,39.351160068,51.305416797,445690.000000000,4
large_arrays,2,seeded-sync,1,8,1000000,64,0,0,0,1,64251372.796875000,20598225,22.555682797,0.000000000,250.000000000,80.000000000,445690.000000000,0
large_arrays,2,learned-sync,1,8,1000000,64,0,0,0,1,34333444.904983670,20598225,22.555682797,0.000000000,39.351160068,51.305416797,445690.000000000,4
large_arrays,2,seeded-sync,2,8,1000000,64,0,0,0,1,64251372.796875000,20177021,22.555682797,0.000000000,250.000000000,80.000000000,445690.000000000,0
large_arrays,2,learned-sync,2,8,1000000,64,0,0,0,1,34333444.904983670,20177021,22.555682797,0.000000000,39.351160068,51.305416797,445690.000000000,4
large_arrays,2,seeded-sync,3,8,1000000,64,0,0,0,1,64251372.796875000,20689346,22.555682797,0.000000000,250.000000000,80.000000000,445690.000000000,0
large_arrays,2,learned-sync,3,8,1000000,64,0,0,0,1,34333444.904983670,20689346,22.555682797,0.000000000,39.351160068,51.305416797,445690.000000000,4
large_arrays,2,seeded-sync,4,8,1000000,64,0,0,0,1,64251372.796875000,19686016,22.555682797,0.000000000,250.000000000,80.000000000,445690.000000000,0
large_arrays,2,learned-sync,4,8,1000000,64,0,0,0,1,34333444.904983670,19686016,22.555682797,0.000000000,39.351160068,51.305416797,445690.000000000,4
large_arrays,2,seeded-sync,5,8,1000000,64,0,0,0,1,64251372.796875000,20044514,22.555682797,0.000000000,250.000000000,80.000000000,445690.000000000,0
large_arrays,2,learned-sync,5,8,1000000,64,0,0,0,1,34333444.904983670,20044514,22.555682797,0.000000000,39.351160068,51.305416797,445690.000000000,4
large_arrays,2,seeded-sync,6,8,1000000,64,0,0,0,1,64251372.796875000,19649448,22.555682797,0.000000000,250.000000000,80.000000000,445690.000000000,0
large_arrays,2,learned-sync,6,8,1000000,64,0,0,0,1,34333444.904983670,19649448,22.555682797,0.000000000,39.351160068,51.305416797,445690.000000000,4
independent_before,2,seeded-sync,0,7,32768,4,0,16,0,1,3294398.237583160,2000153,24.750139236,121.235513687,250.000000000,80.000000000,370701.000000000,0
independent_before,2,learned-sync,0,7,32768,4,0,16,0,1,2571327.594772032,2000153,24.750139236,121.235513687,120.513869071,55.049855232,370701.000000000,4
independent_before,2,seeded-sync,1,7,32768,4,0,16,0,1,3294398.237583160,1886272,24.750139236,121.235513687,250.000000000,80.000000000,370701.000000000,0
independent_before,2,learned-sync,1,7,32768,4,0,16,0,1,2571327.594772032,1886272,24.750139236,121.235513687,120.513869071,55.049855232,370701.000000000,4
independent_before,2,seeded-sync,2,7,32768,4,0,16,0,1,3294398.237583160,1947887,24.750139236,121.235513687,250.000000000,80.000000000,370701.000000000,0
independent_before,2,learned-sync,2,7,32768,4,0,16,0,1,2571327.594772032,1947887,24.750139236,121.235513687,120.513869071,55.049855232,370701.000000000,4
independent_before,2,seeded-sync,3,7,32768,4,0,16,0,1,3294398.237583160,1923301,24.750139236,121.235513687,250.000000000,80.000000000,370701.000000000,0
independent_before,2,learned-sync,3,7,32768,4,0,16,0,1,2571327.594772032,1923301,24.750139236,121.235513687,120.513869071,55.049855232,370701.000000000,4
independent_before,2,seeded-sync,4,7,32768,4,0,16,0,1,3294398.237583160,2026664,24.750139236,121.235513687,250.000000000,80.000000000,370701.000000000,0
independent_before,2,learned-sync,4,7,32768,4,0,16,0,1,2571327.594772032,2026664,24.750139236,121.235513687,120.513869071,55.049855232,370701.000000000,4
independent_before,2,seeded-sync,5,7,32768,4,0,16,0,1,3294398.237583160,1877597,24.750139236,121.235513687,250.000000000,80.000000000,370701.000000000,0
independent_before,2,learned-sync,5,7,32768,4,0,16,0,1,2571327.594772032,1877597,24.750139236,121.235513687,120.513869071,55.049855232,370701.000000000,4
independent_before,2,seeded-sync,6,7,32768,4,0,16,0,1,3294398.237583160,1943620,24.750139236,121.235513687,250.000000000,80.000000000,370701.000000000,0
independent_before,2,learned-sync,6,7,32768,4,0,16,0,1,2571327.594772032,1943620,24.750139236,121.235513687,120.513869071,55.049855232,370701.000000000,4
long_many_chains,0,seeded-sync,0,2,200000,64,0,0,0,1,37683113.718750000,10358749,22.392663594,0.000000000,250.000000000,80.000000000,204581.000000000,0
long_many_chains,0,learned-sync,0,2,200000,64,0,0,0,1,10239898.783748301,10358749,22.392663594,0.000000000,26.286210884,29.281639766,204581.000000000,4
long_many_chains,0,seeded-sync,1,2,200000,64,0,0,0,1,37683113.718750000,11406039,22.392663594,0.000000000,250.000000000,80.000000000,204581.000000000,0
long_many_chains,0,learned-sync,1,2,200000,64,0,0,0,1,10239898.783748301,11406039,22.392663594,0.000000000,26.286210884,29.281639766,204581.000000000,4
long_many_chains,0,seeded-sync,2,2,200000,64,0,0,0,1,37683113.718750000,10188010,22.392663594,0.000000000,250.000000000,80.000000000,204581.000000000,0
long_many_chains,0,learned-sync,2,2,200000,64,0,0,0,1,10239898.783748301,10188010,22.392663594,0.000000000,26.286210884,29.281639766,204581.000000000,4
long_many_chains,0,seeded-sync,3,2,200000,64,0,0,0,1,37683113.718750000,12554989,22.392663594,0.000000000,250.000000000,80.000000000,204581.000000000,0
long_many_chains,0,learned-sync,3,2,200000,64,0,0,0,1,10239898.783748301,12554989,22.392663594,0.000000000,26.286210884,29.281639766,204581.000000000,4
long_many_chains,0,seeded-sync,4,2,200000,64,0,0,0,1,37683113.718750000,13011448,22.392663594,0.000000000,250.000000000,80.000000000,204581.000000000,0
long_many_chains,0,learned-sync,4,2,200000,64,0,0,0,1,10239898.783748301,13011448,22.392663594,0.000000000,26.286210884,29.281639766,204581.000000000,4
long_many_chains,0,seeded-sync,5,2,200000,64,0,0,0,1,37683113.718750000,10465427,22.392663594,0.000000000,250.000000000,80.000000000,204581.000000000,0
long_many_chains,0,learned-sync,5,2,200000,64,0,0,0,1,10239898.783748301,10465427,22.392663594,0.000000000,26.286210884,29.281639766,204581.000000000,4
long_many_chains,0,seeded-sync,6,2,200000,64,0,0,0,1,37683113.718750000,10323844,22.392663594,0.000000000,250.000000000,80.000000000,204581.000000000,0
long_many_chains,0,learned-sync,6,2,200000,64,0,0,0,1,10239898.783748301,10323844,22.392663594,0.000000000,26.286210884,29.281639766,204581.000000000,4
tiny_chain,1,seeded-sync,0,6,257,1,0,0,0,1,421656.921875000,476677,22.096972276,0.000000000,250.000000000,80.000000000,401788.000000000,0
tiny_chain,1,learned-sync,0,6,257,1,0,0,0,1,578525.590523924,476677,22.096972276,0.000000000,3925.293945312,52.814627918,401788.000000000,4
tiny_chain,1,seeded-sync,1,6,257,1,0,0,0,1,421656.921875000,480186,22.096972276,0.000000000,250.000000000,80.000000000,401788.000000000,0
tiny_chain,1,learned-sync,1,6,257,1,0,0,0,1,578525.590523924,480186,22.096972276,0.000000000,3925.293945312,52.814627918,401788.000000000,4
tiny_chain,1,seeded-sync,2,6,257,1,0,0,0,1,421656.921875000,454515,22.096972276,0.000000000,250.000000000,80.000000000,401788.000000000,0
tiny_chain,1,learned-sync,2,6,257,1,0,0,0,1,578525.590523924,454515,22.096972276,0.000000000,3925.293945312,52.814627918,401788.000000000,4
tiny_chain,1,seeded-sync,3,6,257,1,0,0,0,1,421656.921875000,482198,22.096972276,0.000000000,250.000000000,80.000000000,401788.000000000,0
tiny_chain,1,learned-sync,3,6,257,1,0,0,0,1,578525.590523924,482198,22.096972276,0.000000000,3925.293945312,52.814627918,401788.000000000,4
tiny_chain,1,seeded-sync,4,6,257,1,0,0,0,1,421656.921875000,439599,22.096972276,0.000000000,250.000000000,80.000000000,401788.000000000,0
tiny_chain,1,learned-sync,4,6,257,1,0,0,0,1,578525.590523924,439599,22.096972276,0.000000000,3925.293945312,52.814627918,401788.000000000,4
tiny_chain,1,seeded-sync,5,6,257,1,0,0,0,1,421656.921875000,443596,22.096972276,0.000000000,250.000000000,80.000000000,401788.000000000,0
tiny_chain,1,learned-sync,5,6,257,1,0,0,0,1,578525.590523924,443596,22.096972276,0.000000000,3925.293945312,52.814627918,401788.000000000,4
tiny_chain,1,seeded-sync,6,6,257,1,0,0,0,1,421656.921875000,474854,22.096972276,0.000000000,250.000000000,80.000000000,401788.000000000,0
tiny_chain,1,learned-sync,6,6,257,1,0,0,0,1,578525.590523924,474854,22.096972276,0.000000000,3925.293945312,52.814627918,401788.000000000,4
independent_before,2,seeded-sync,0,8,32768,4,0,16,0,1,3129638.564453125,1982459,22.461250305,119.227859974,250.000000000,80.000000000,553591.000000000,0
independent_before,2,learned-sync,0,8,32768,4,0,16,0,1,2335472.882739535,1982459,22.461250305,119.227859974,93.452979070,42.658915043,553591.000000000,4
independent_before,2,seeded-sync,1,8,32768,4,0,16,0,1,3129638.564453125,1926198,22.461250305,119.227859974,250.000000000,80.000000000,553591.000000000,0
independent_before,2,learned-sync,1,8,32768,4,0,16,0,1,2335472.882739535,1926198,22.461250305,119.227859974,93.452979070,42.658915043,553591.000000000,4
independent_before,2,seeded-sync,2,8,32768,4,0,16,0,1,3129638.564453125,2214854,22.461250305,119.227859974,250.000000000,80.000000000,553591.000000000,0
independent_before,2,learned-sync,2,8,32768,4,0,16,0,1,2335472.882739535,2214854,22.461250305,119.227859974,93.452979070,42.658915043,553591.000000000,4
independent_before,2,seeded-sync,3,8,32768,4,0,16,0,1,3129638.564453125,1792097,22.461250305,119.227859974,250.000000000,80.000000000,553591.000000000,0
independent_before,2,learned-sync,3,8,32768,4,0,16,0,1,2335472.882739535,1792097,22.461250305,119.227859974,93.452979070,42.658915043,553591.000000000,4
independent_before,2,seeded-sync,4,8,32768,4,0,16,0,1,3129638.564453125,2174755,22.461250305,119.227859974,250.000000000,80.000000000,553591.000000000,0
independent_before,2,learned-sync,4,8,32768,4,0,16,0,1,2335472.882739535,2174755,22.461250305,119.227859974,93.452979070,42.658915043,553591.000000000,4
independent_before,2,seeded-sync,5,8,32768,4,0,16,0,1,3129638.564453125,1853727,22.461250305,119.227859974,250.000000000,80.000000000,553591.000000000,0
independent_before,2,learned-sync,5,8,32768,4,0,16,0,1,2335472.882739535,1853727,22.461250305,119.227859974,93.452979070,42.658915043,553591.000000000,4
independent_before,2,seeded-sync,6,8,32768,4,0,16,0,1,3129638.564453125,1778972,22.461250305,119.227859974,250.000000000,80.000000000,553591.000000000,0
independent_before,2,learned-sync,6,8,32768,4,0,16,0,1,2335472.882739535,1778972,22.461250305,119.227859974,93.452979070,42.658915043,553591.000000000,4
two_streams,1,seeded-sync,0,5,32768,4,0,0,0,2,5326186.125000000,2468836,20.536838531,0.000000000,250.000000000,80.000000000,327595.000000000,0
two_streams,1,learned-sync,0,5,32768,4,0,0,0,2,2256207.369696712,2468836,20.536838531,0.000000000,53.668293039,42.125210524,327595.000000000,4
two_streams,1,seeded-sync,1,5,32768,4,0,0,0,2,5326186.125000000,2263679,20.536838531,0.000000000,250.000000000,80.000000000,327595.000000000,0
two_streams,1,learned-sync,1,5,32768,4,0,0,0,2,2256207.369696712,2263679,20.536838531,0.000000000,53.668293039,42.125210524,327595.000000000,4
two_streams,1,seeded-sync,2,5,32768,4,0,0,0,2,5326186.125000000,2325137,20.536838531,0.000000000,250.000000000,80.000000000,327595.000000000,0
two_streams,1,learned-sync,2,5,32768,4,0,0,0,2,2256207.369696712,2325137,20.536838531,0.000000000,53.668293039,42.125210524,327595.000000000,4
two_streams,1,seeded-sync,3,5,32768,4,0,0,0,2,5326186.125000000,2663724,20.536838531,0.000000000,250.000000000,80.000000000,327595.000000000,0
two_streams,1,learned-sync,3,5,32768,4,0,0,0,2,2256207.369696712,2663724,20.536838531,0.000000000,53.668293039,42.125210524,327595.000000000,4
two_streams,1,seeded-sync,4,5,32768,4,0,0,0,2,5326186.125000000,2405981,20.536838531,0.000000000,250.000000000,80.000000000,327595.000000000,0
two_streams,1,learned-sync,4,5,32768,4,0,0,0,2,2256207.369696712,2405981,20.536838531,0.000000000,53.668293039,42.125210524,327595.000000000,4
two_streams,1,seeded-sync,5,5,32768,4,0,0,0,2,5326186.125000000,2494192,20.536838531,0.000000000,250.000000000,80.000000000,327595.000000000,0
two_streams,1,learned-sync,5,5,32768,4,0,0,0,2,2256207.369696712,2494192,20.536838531,0.000000000,53.668293039,42.125210524,327595.000000000,4
two_streams,1,seeded-sync,6,5,32768,4,0,0,0,2,5326186.125000000,2641049,20.536838531,0.000000000,250.000000000,80.000000000,327595.000000000,0
two_streams,1,learned-sync,6,5,32768,4,0,0,0,2,2256207.369696712,2641049,20.536838531,0.000000000,53.668293039,42.125210524,327595.000000000,4
long_four_chains,2,seeded-sync,0,5,200000,4,0,0,0,1,17548782.078125000,7513790,20.408040391,0.000000000,250.000000000,80.000000000,267174.000000000,0
long_four_chains,2,learned-sync,0,5,200000,4,0,0,0,1,8861221.165079989,7513790,20.408040391,0.000000000,64.593068736,48.217908438,267174.000000000,4
long_four_chains,2,seeded-sync,1,5,200000,4,0,0,0,1,17548782.078125000,7287089,20.408040391,0.000000000,250.000000000,80.000000000,267174.000000000,0
long_four_chains,2,learned-sync,1,5,200000,4,0,0,0,1,8861221.165079989,7287089,20.408040391,0.000000000,64.593068736,48.217908438,267174.000000000,4
long_four_chains,2,seeded-sync,2,5,200000,4,0,0,0,1,17548782.078125000,7122436,20.408040391,0.000000000,250.000000000,80.000000000,267174.000000000,0
long_four_chains,2,learned-sync,2,5,200000,4,0,0,0,1,8861221.165079989,7122436,20.408040391,0.000000000,64.593068736,48.217908438,267174.000000000,4
long_four_chains,2,seeded-sync,3,5,200000,4,0,0,0,1,17548782.078125000,7594920,20.408040391,0.000000000,250.000000000,80.000000000,267174.000000000,0
long_four_chains,2,learned-sync,3,5,200000,4,0,0,0,1,8861221.165079989,7594920,20.408040391,0.000000000,64.593068736,48.217908438,267174.000000000,4
long_four_chains,2,seeded-sync,4,5,200000,4,0,0,0,1,17548782.078125000,7049937,20.408040391,0.000000000,250.000000000,80.000000000,267174.000000000,0
long_four_chains,2,learned-sync,4,5,200000,4,0,0,0,1,8861221.165079989,7049937,20.408040391,0.000000000,64.593068736,48.217908438,267174.000000000,4
long_four_chains,2,seeded-sync,5,5,200000,4,0,0,0,1,17548782.078125000,7542022,20.408040391,0.000000000,250.000000000,80.000000000,267174.000000000,0
long_four_chains,2,learned-sync,5,5,200000,4,0,0,0,1,8861221.165079989,7542022,20.408040391,0.000000000,64.593068736,48.217908438,267174.000000000,4
long_four_chains,2,seeded-sync,6,5,200000,4,0,0,0,1,17548782.078125000,8209983,20.408040391,0.000000000,250.000000000,80.000000000,267174.000000000,0
long_four_chains,2,learned-sync,6,5,200000,4,0,0,0,1,8861221.165079989,8209983,20.408040391,0.000000000,64.593068736,48.217908438,267174.000000000,4
independent_after,1,seeded-sync,0,4,32768,4,0,16,1,1,4505283.238281250,1886493,21.001425266,109.690128803,250.000000000,80.000000000,215167.000000000,0
independent_after,1,learned-sync,0,4,32768,4,0,16,1,1,2346021.157336368,1886493,21.001425266,109.690128803,33.629992618,32.788210392,215167.000000000,4
independent_after,1,seeded-sync,1,4,32768,4,0,16,1,1,4505283.238281250,1726594,21.001425266,109.690128803,250.000000000,80.000000000,215167.000000000,0
independent_after,1,learned-sync,1,4,32768,4,0,16,1,1,2346021.157336368,1726594,21.001425266,109.690128803,33.629992618,32.788210392,215167.000000000,4
independent_after,1,seeded-sync,2,4,32768,4,0,16,1,1,4505283.238281250,2256543,21.001425266,109.690128803,250.000000000,80.000000000,215167.000000000,0
independent_after,1,learned-sync,2,4,32768,4,0,16,1,1,2346021.157336368,2256543,21.001425266,109.690128803,33.629992618,32.788210392,215167.000000000,4
independent_after,1,seeded-sync,3,4,32768,4,0,16,1,1,4505283.238281250,1881543,21.001425266,109.690128803,250.000000000,80.000000000,215167.000000000,0
independent_after,1,learned-sync,3,4,32768,4,0,16,1,1,2346021.157336368,1881543,21.001425266,109.690128803,33.629992618,32.788210392,215167.000000000,4
independent_after,1,seeded-sync,4,4,32768,4,0,16,1,1,4505283.238281250,1862817,21.001425266,109.690128803,250.000000000,80.000000000,215167.000000000,0
independent_after,1,learned-sync,4,4,32768,4,0,16,1,1,2346021.157336368,1862817,21.001425266,109.690128803,33.629992618,32.788210392,215167.000000000,4
independent_after,1,seeded-sync,5,4,32768,4,0,16,1,1,4505283.238281250,1664631,21.001425266,109.690128803,250.000000000,80.000000000,215167.000000000,0
independent_after,1,learned-sync,5,4,32768,4,0,16,1,1,2346021.157336368,1664631,21.001425266,109.690128803,33.629992618,32.788210392,215167.000000000,4
independent_after,1,seeded-sync,6,4,32768,4,0,16,1,1,4505283.238281250,1963940,21.001425266,109.690128803,250.000000000,80.000000000,215167.000000000,0
independent_after,1,learned-sync,6,4,32768,4,0,16,1,1,2346021.157336368,1963940,21.001425266,109.690128803,33.629992618,32.788210392,215167.000000000,4
two_streams,0,seeded-sync,0,6,32768,4,0,0,0,2,4669874.531250000,2762229,21.249650002,0.000000000,250.000000000,80.000000000,368646.000000000,0
two_streams,0,learned-sync,0,6,32768,4,0,0,0,2,2275035.318911774,2762229,21.249650002,0.000000000,65.747750961,45.024931908,368646.000000000,4
two_streams,0,seeded-sync,1,6,32768,4,0,0,0,2,4669874.531250000,2599620,21.249650002,0.000000000,250.000000000,80.000000000,368646.000000000,0
two_streams,0,learned-sync,1,6,32768,4,0,0,0,2,2275035.318911774,2599620,21.249650002,0.000000000,65.747750961,45.024931908,368646.000000000,4
two_streams,0,seeded-sync,2,6,32768,4,0,0,0,2,4669874.531250000,2425278,21.249650002,0.000000000,250.000000000,80.000000000,368646.000000000,0
two_streams,0,learned-sync,2,6,32768,4,0,0,0,2,2275035.318911774,2425278,21.249650002,0.000000000,65.747750961,45.024931908,368646.000000000,4
two_streams,0,seeded-sync,3,6,32768,4,0,0,0,2,4669874.531250000,1967108,21.249650002,0.000000000,250.000000000,80.000000000,368646.000000000,0
two_streams,0,learned-sync,3,6,32768,4,0,0,0,2,2275035.318911774,1967108,21.249650002,0.000000000,65.747750961,45.024931908,368646.000000000,4
two_streams,0,seeded-sync,4,6,32768,4,0,0,0,2,4669874.531250000,2109796,21.249650002,0.000000000,250.000000000,80.000000000,368646.000000000,0
two_streams,0,learned-sync,4,6,32768,4,0,0,0,2,2275035.318911774,2109796,21.249650002,0.000000000,65.747750961,45.024931908,368646.000000000,4
two_streams,0,seeded-sync,5,6,32768,4,0,0,0,2,4669874.531250000,2155439,21.249650002,0.000000000,250.000000000,80.000000000,368646.000000000,0
two_streams,0,learned-sync,5,6,32768,4,0,0,0,2,2275035.318911774,2155439,21.249650002,0.000000000,65.747750961,45.024931908,368646.000000000,4
two_streams,0,seeded-sync,6,6,32768,4,0,0,0,2,4669874.531250000,2152472,21.249650002,0.000000000,250.000000000,80.000000000,368646.000000000,0
two_streams,0,learned-sync,6,6,32768,4,0,0,0,2,2275035.318911774,2152472,21.249650002,0.000000000,65.747750961,45.024931908,368646.000000000,4
dependent_compute,2,seeded-sync,0,6,32768,1,16,0,0,1,5674944.750000000,8087825,108.925285339,0.000000000,250.000000000,80.000000000,303221.000000000,0
dependent_compute,2,learned-sync,0,6,32768,1,16,0,0,1,10645741.126169764,8087825,108.925285339,0.000000000,1192.450136093,47.618772030,303221.000000000,4
dependent_compute,2,seeded-sync,1,6,32768,1,16,0,0,1,5674944.750000000,7702839,108.925285339,0.000000000,250.000000000,80.000000000,303221.000000000,0
dependent_compute,2,learned-sync,1,6,32768,1,16,0,0,1,10645741.126169764,7702839,108.925285339,0.000000000,1192.450136093,47.618772030,303221.000000000,4
dependent_compute,2,seeded-sync,2,6,32768,1,16,0,0,1,5674944.750000000,8589896,108.925285339,0.000000000,250.000000000,80.000000000,303221.000000000,0
dependent_compute,2,learned-sync,2,6,32768,1,16,0,0,1,10645741.126169764,8589896,108.925285339,0.000000000,1192.450136093,47.618772030,303221.000000000,4
dependent_compute,2,seeded-sync,3,6,32768,1,16,0,0,1,5674944.750000000,7818674,108.925285339,0.000000000,250.000000000,80.000000000,303221.000000000,0
dependent_compute,2,learned-sync,3,6,32768,1,16,0,0,1,10645741.126169764,7818674,108.925285339,0.000000000,1192.450136093,47.618772030,303221.000000000,4
dependent_compute,2,seeded-sync,4,6,32768,1,16,0,0,1,5674944.750000000,8153463,108.925285339,0.000000000,250.000000000,80.000000000,303221.000000000,0
dependent_compute,2,learned-sync,4,6,32768,1,16,0,0,1,10645741.126169764,8153463,108.925285339,0.000000000,1192.450136093,47.618772030,303221.000000000,4
dependent_compute,2,seeded-sync,5,6,32768,1,16,0,0,1,5674944.750000000,8047488,108.925285339,0.000000000,250.000000000,80.000000000,303221.000000000,0
dependent_compute,2,learned-sync,5,6,32768,1,16,0,0,1,10645741.126169764,8047488,108.925285339,0.000000000,1192.450136093,47.618772030,303221.000000000,4
dependent_compute,2,seeded-sync,6,6,32768,1,16,0,0,1,5674944.750000000,8115346,108.925285339,0.000000000,250.000000000,80.000000000,303221.000000000,0
dependent_compute,2,learned-sync,6,6,32768,1,16,0,0,1,10645741.126169764,8115346,108.925285339,0.000000000,1192.450136093,47.618772030,303221.000000000,4
long_four_chains,0,seeded-sync,0,5,200000,4,0,0,0,1,17523191.718750000,7613959,20.350893594,0.000000000,250.000000000,80.000000000,253013.000000000,0
long_four_chains,0,learned-sync,0,5,200000,4,0,0,0,1,8929654.349211235,7613959,20.350893594,0.000000000,66.479482793,48.682082969,253013.000000000,4
long_four_chains,0,seeded-sync,1,5,200000,4,0,0,0,1,17523191.718750000,7194756,20.350893594,0.000000000,250.000000000,80.000000000,253013.000000000,0
long_four_chains,0,learned-sync,1,5,200000,4,0,0,0,1,8929654.349211235,7194756,20.350893594,0.000000000,66.479482793,48.682082969,253013.000000000,4
long_four_chains,0,seeded-sync,2,5,200000,4,0,0,0,1,17523191.718750000,7891538,20.350893594,0.000000000,250.000000000,80.000000000,253013.000000000,0
long_four_chains,0,learned-sync,2,5,200000,4,0,0,0,1,8929654.349211235,7891538,20.350893594,0.000000000,66.479482793,48.682082969,253013.000000000,4
long_four_chains,0,seeded-sync,3,5,200000,4,0,0,0,1,17523191.718750000,9410459,20.350893594,0.000000000,250.000000000,80.000000000,253013.000000000,0
long_four_chains,0,learned-sync,3,5,200000,4,0,0,0,1,8929654.349211235,9410459,20.350893594,0.000000000,66.479482793,48.682082969,253013.000000000,4
long_four_chains,0,seeded-sync,4,5,200000,4,0,0,0,1,17523191.718750000,7603847,20.350893594,0.000000000,250.000000000,80.000000000,253013.000000000,0
long_four_chains,0,learned-sync,4,5,200000,4,0,0,0,1,8929654.349211235,7603847,20.350893594,0.000000000,66.479482793,48.682082969,253013.000000000,4
long_four_chains,0,seeded-sync,5,5,200000,4,0,0,0,1,17523191.718750000,7773930,20.350893594,0.000000000,250.000000000,80.000000000,253013.000000000,0
long_four_chains,0,learned-sync,5,5,200000,4,0,0,0,1,8929654.349211235,7773930,20.350893594,0.000000000,66.479482793,48.682082969,253013.000000000,4
long_four_chains,0,seeded-sync,6,5,200000,4,0,0,0,1,17523191.718750000,9021702,20.350893594,0.000000000,250.000000000,80.000000000,253013.000000000,0
long_four_chains,0,learned-sync,6,5,200000,4,0,0,0,1,8929654.349211235,9021702,20.350893594,0.000000000,66.479482793,48.682082969,253013.000000000,4
independent_after,1,seeded-sync,0,6,32768,4,0,16,1,1,3406992.276122093,1800703,20.876144409,108.175901890,250.000000000,80.000000000,329606.000000000,0
independent_after,1,learned-sync,0,6,32768,4,0,16,1,1,2208765.095565929,1800703,20.876144409,108.175901890,69.397304873,41.227524757,329606.000000000,4
independent_after,1,seeded-sync,1,6,32768,4,0,16,1,1,3406992.276122093,1808228,20.876144409,108.175901890,250.000000000,80.000000000,329606.000000000,0
independent_after,1,learned-sync,1,6,32768,4,0,16,1,1,2208765.095565929,1808228,20.876144409,108.175901890,69.397304873,41.227524757,329606.000000000,4
independent_after,1,seeded-sync,2,6,32768,4,0,16,1,1,3406992.276122093,1696436,20.876144409,108.175901890,250.000000000,80.000000000,329606.000000000,0
independent_after,1,learned-sync,2,6,32768,4,0,16,1,1,2208765.095565929,1696436,20.876144409,108.175901890,69.397304873,41.227524757,329606.000000000,4
independent_after,1,seeded-sync,3,6,32768,4,0,16,1,1,3406992.276122093,1991243,20.876144409,108.175901890,250.000000000,80.000000000,329606.000000000,0
independent_after,1,learned-sync,3,6,32768,4,0,16,1,1,2208765.095565929,1991243,20.876144409,108.175901890,69.397304873,41.227524757,329606.000000000,4
independent_after,1,seeded-sync,4,6,32768,4,0,16,1,1,3406992.276122093,1847233,20.876144409,108.175901890,250.000000000,80.000000000,329606.000000000,0
independent_after,1,learned-sync,4,6,32768,4,0,16,1,1,2208765.095565929,1847233,20.876144409,108.175901890,69.397304873,41.227524757,329606.000000000,4
independent_after,1,seeded-sync,5,6,32768,4,0,16,1,1,3406992.276122093,1882608,20.876144409,108.175901890,250.000000000,80.000000000,329606.000000000,0
independent_after,1,learned-sync,5,6,32768,4,0,16,1,1,2208765.095565929,1882608,20.876144409,108.175901890,69.397304873,41.227524757,329606.000000000,4
independent_after,1,seeded-sync,6,6,32768,4,0,16,1,1,3406992.276122093,1910279,20.876144409,108.175901890,250.000000000,80.000000000,329606.000000000,0
independent_after,1,learned-sync,6,6,32768,4,0,16,1,1,2208765.095565929,1910279,20.876144409,108.175901890,69.397304873,41.227524757,329606.000000000,4
short_four_chains,2,seeded-sync,0,4,20000,4,0,0,0,1,2287426.000000000,793231,21.287500000,0.000000000,250.000000000,80.000000000,211676.000000000,0
short_four_chains,2,learned-sync,0,4,20000,4,0,0,0,1,955298.684547066,793231,21.287500000,0.000000000,29.540015816,34.034521094,211676.000000000,4
short_four_chains,2,seeded-sync,1,4,20000,4,0,0,0,1,2287426.000000000,805049,21.287500000,0.000000000,250.000000000,80.000000000,211676.000000000,0
short_four_chains,2,learned-sync,1,4,20000,4,0,0,0,1,955298.684547066,805049,21.287500000,0.000000000,29.540015816,34.034521094,211676.000000000,4
short_four_chains,2,seeded-sync,2,4,20000,4,0,0,0,1,2287426.000000000,835952,21.287500000,0.000000000,250.000000000,80.000000000,211676.000000000,0
short_four_chains,2,learned-sync,2,4,20000,4,0,0,0,1,955298.684547066,835952,21.287500000,0.000000000,29.540015816,34.034521094,211676.000000000,4
short_four_chains,2,seeded-sync,3,4,20000,4,0,0,0,1,2287426.000000000,838285,21.287500000,0.000000000,250.000000000,80.000000000,211676.000000000,0
short_four_chains,2,learned-sync,3,4,20000,4,0,0,0,1,955298.684547066,838285,21.287500000,0.000000000,29.540015816,34.034521094,211676.000000000,4
short_four_chains,2,seeded-sync,4,4,20000,4,0,0,0,1,2287426.000000000,729787,21.287500000,0.000000000,250.000000000,80.000000000,211676.000000000,0
short_four_chains,2,learned-sync,4,4,20000,4,0,0,0,1,955298.684547066,729787,21.287500000,0.000000000,29.540015816,34.034521094,211676.000000000,4
short_four_chains,2,seeded-sync,5,4,20000,4,0,0,0,1,2287426.000000000,708758,21.287500000,0.000000000,250.000000000,80.000000000,211676.000000000,0
short_four_chains,2,learned-sync,5,4,20000,4,0,0,0,1,955298.684547066,708758,21.287500000,0.000000000,29.540015816,34.034521094,211676.000000000,4
short_four_chains,2,seeded-sync,6,4,20000,4,0,0,0,1,2287426.000000000,789997,21.287500000,0.000000000,250.000000000,80.000000000,211676.000000000,0
short_four_chains,2,learned-sync,6,4,20000,4,0,0,0,1,955298.684547066,789997,21.287500000,0.000000000,29.540015816,34.034521094,211676.000000000,4
uneven,2,seeded-sync,0,5,8193,3,4,8,0,1,1238026.370350452,651955,39.751600070,61.925876129,250.000000000,80.000000000,269975.000000000,0
uneven,2,learned-sync,0,5,8193,3,4,8,0,1,984518.814978313,651955,39.751600070,61.925876129,125.407856380,49.920053704,269975.000000000,4
uneven,2,seeded-sync,1,5,8193,3,4,8,0,1,1238026.370350452,847684,39.751600070,61.925876129,250.000000000,80.000000000,269975.000000000,0
uneven,2,learned-sync,1,5,8193,3,4,8,0,1,984518.814978313,847684,39.751600070,61.925876129,125.407856380,49.920053704,269975.000000000,4
uneven,2,seeded-sync,2,5,8193,3,4,8,0,1,1238026.370350452,738274,39.751600070,61.925876129,250.000000000,80.000000000,269975.000000000,0
uneven,2,learned-sync,2,5,8193,3,4,8,0,1,984518.814978313,738274,39.751600070,61.925876129,125.407856380,49.920053704,269975.000000000,4
uneven,2,seeded-sync,3,5,8193,3,4,8,0,1,1238026.370350452,948564,39.751600070,61.925876129,250.000000000,80.000000000,269975.000000000,0
uneven,2,learned-sync,3,5,8193,3,4,8,0,1,984518.814978313,948564,39.751600070,61.925876129,125.407856380,49.920053704,269975.000000000,4
uneven,2,seeded-sync,4,5,8193,3,4,8,0,1,1238026.370350452,695114,39.751600070,61.925876129,250.000000000,80.000000000,269975.000000000,0
uneven,2,learned-sync,4,5,8193,3,4,8,0,1,984518.814978313,695114,39.751600070,61.925876129,125.407856380,49.920053704,269975.000000000,4
uneven,2,seeded-sync,5,5,8193,3,4,8,0,1,1238026.370350452,681949,39.751600070,61.925876129,250.000000000,80.000000000,269975.000000000,0
uneven,2,learned-sync,5,5,8193,3,4,8,0,1,984518.814978313,681949,39.751600070,61.925876129,125.407856380,49.920053704,269975.000000000,4
uneven,2,seeded-sync,6,5,8193,3,4,8,0,1,1238026.370350452,771702,39.751600070,61.925876129,250.000000000,80.000000000,269975.000000000,0
uneven,2,learned-sync,6,5,8193,3,4,8,0,1,984518.814978313,771702,39.751600070,61.925876129,125.407856380,49.920053704,269975.000000000,4
short_four_chains,2,seeded-sync,0,8,20000,4,0,0,0,1,1605130.296875000,1081040,20.222964844,0.000000000,250.000000000,80.000000000,375671.000000000,0
short_four_chains,2,learned-sync,0,8,20000,4,0,0,0,1,1297225.962642138,1081040,20.222964844,0.000000000,156.882315526,49.955950781,375671.000000000,4
short_four_chains,2,seeded-sync,1,8,20000,4,0,0,0,1,1605130.296875000,1010224,20.222964844,0.000000000,250.000000000,80.000000000,375671.000000000,0
short_four_chains,2,learned-sync,1,8,20000,4,0,0,0,1,1297225.962642138,1010224,20.222964844,0.000000000,156.882315526,49.955950781,375671.000000000,4
short_four_chains,2,seeded-sync,2,8,20000,4,0,0,0,1,1605130.296875000,1087441,20.222964844,0.000000000,250.000000000,80.000000000,375671.000000000,0
short_four_chains,2,learned-sync,2,8,20000,4,0,0,0,1,1297225.962642138,1087441,20.222964844,0.000000000,156.882315526,49.955950781,375671.000000000,4
short_four_chains,2,seeded-sync,3,8,20000,4,0,0,0,1,1605130.296875000,1192843,20.222964844,0.000000000,250.000000000,80.000000000,375671.000000000,0
short_four_chains,2,learned-sync,3,8,20000,4,0,0,0,1,1297225.962642138,1192843,20.222964844,0.000000000,156.882315526,49.955950781,375671.000000000,4
short_four_chains,2,seeded-sync,4,8,20000,4,0,0,0,1,1605130.296875000,1047932,20.222964844,0.000000000,250.000000000,80.000000000,375671.000000000,0
short_four_chains,2,learned-sync,4,8,20000,4,0,0,0,1,1297225.962642138,1047932,20.222964844,0.000000000,156.882315526,49.955950781,375671.000000000,4
short_four_chains,2,seeded-sync,5,8,20000,4,0,0,0,1,1605130.296875000,1059467,20.222964844,0.000000000,250.000000000,80.000000000,375671.000000000,0
short_four_chains,2,learned-sync,5,8,20000,4,0,0,0,1,1297225.962642138,1059467,20.222964844,0.000000000,156.882315526,49.955950781,375671.000000000,4
short_four_chains,2,seeded-sync,6,8,20000,4,0,0,0,1,1605130.296875000,1070268,20.222964844,0.000000000,250.000000000,80.000000000,375671.000000000,0
short_four_chains,2,learned-sync,6,8,20000,4,0,0,0,1,1297225.962642138,1070268,20.222964844,0.000000000,156.882315526,49.955950781,375671.000000000,4
short_many_chains,0,seeded-sync,0,7,20000,64,0,0,0,1,1689551.531250000,815270,20.560226563,0.000000000,250.000000000,80.000000000,335207.000000000,0
short_many_chains,0,learned-sync,0,7,20000,64,0,0,0,1,1166493.730500497,815270,20.560226563,0.000000000,104.694128242,42.290546094,335207.000000000,4
short_many_chains,0,seeded-sync,1,7,20000,64,0,0,0,1,1689551.531250000,833537,20.560226563,0.000000000,250.000000000,80.000000000,335207.000000000,0
short_many_chains,0,learned-sync,1,7,20000,64,0,0,0,1,1166493.730500497,833537,20.560226563,0.000000000,104.694128242,42.290546094,335207.000000000,4
short_many_chains,0,seeded-sync,2,7,20000,64,0,0,0,1,1689551.531250000,1036985,20.560226563,0.000000000,250.000000000,80.000000000,335207.000000000,0
short_many_chains,0,learned-sync,2,7,20000,64,0,0,0,1,1166493.730500497,1036985,20.560226563,0.000000000,104.694128242,42.290546094,335207.000000000,4
short_many_chains,0,seeded-sync,3,7,20000,64,0,0,0,1,1689551.531250000,879723,20.560226563,0.000000000,250.000000000,80.000000000,335207.000000000,0
short_many_chains,0,learned-sync,3,7,20000,64,0,0,0,1,1166493.730500497,879723,20.560226563,0.000000000,104.694128242,42.290546094,335207.000000000,4
short_many_chains,0,seeded-sync,4,7,20000,64,0,0,0,1,1689551.531250000,871374,20.560226563,0.000000000,250.000000000,80.000000000,335207.000000000,0
short_many_chains,0,learned-sync,4,7,20000,64,0,0,0,1,1166493.730500497,871374,20.560226563,0.000000000,104.694128242,42.290546094,335207.000000000,4
short_many_chains,0,seeded-sync,5,7,20000,64,0,0,0,1,1689551.531250000,981018,20.560226563,0.000000000,250.000000000,80.000000000,335207.000000000,0
short_many_chains,0,learned-sync,5,7,20000,64,0,0,0,1,1166493.730500497,981018,20.560226563,0.000000000,104.694128242,42.290546094,335207.000000000,4
short_many_chains,0,seeded-sync,6,7,20000,64,0,0,0,1,1689551.531250000,946306,20.560226563,0.000000000,250.000000000,80.000000000,335207.000000000,0
short_many_chains,0,learned-sync,6,7,20000,64,0,0,0,1,1166493.730500497,946306,20.560226563,0.000000000,104.694128242,42.290546094,335207.000000000,4
short_four_chains,2,seeded-sync,0,6,20000,4,0,0,0,1,1796702.078125000,883385,20.523153906,0.000000000,250.000000000,80.000000000,286019.000000000,0
short_four_chains,2,learned-sync,0,6,20000,4,0,0,0,1,1113968.006381190,883385,20.523153906,0.000000000,81.730243705,43.490490625,286019.000000000,4
short_four_chains,2,seeded-sync,1,6,20000,4,0,0,0,1,1796702.078125000,903611,20.523153906,0.000000000,250.000000000,80.000000000,286019.000000000,0
short_four_chains,2,learned-sync,1,6,20000,4,0,0,0,1,1113968.006381190,903611,20.523153906,0.000000000,81.730243705,43.490490625,286019.000000000,4
short_four_chains,2,seeded-sync,2,6,20000,4,0,0,0,1,1796702.078125000,1237357,20.523153906,0.000000000,250.000000000,80.000000000,286019.000000000,0
short_four_chains,2,learned-sync,2,6,20000,4,0,0,0,1,1113968.006381190,1237357,20.523153906,0.000000000,81.730243705,43.490490625,286019.000000000,4
short_four_chains,2,seeded-sync,3,6,20000,4,0,0,0,1,1796702.078125000,851088,20.523153906,0.000000000,250.000000000,80.000000000,286019.000000000,0
short_four_chains,2,learned-sync,3,6,20000,4,0,0,0,1,1113968.006381190,851088,20.523153906,0.000000000,81.730243705,43.490490625,286019.000000000,4
short_four_chains,2,seeded-sync,4,6,20000,4,0,0,0,1,1796702.078125000,953559,20.523153906,0.000000000,250.000000000,80.000000000,286019.000000000,0
short_four_chains,2,learned-sync,4,6,20000,4,0,0,0,1,1113968.006381190,953559,20.523153906,0.000000000,81.730243705,43.490490625,286019.000000000,4
short_four_chains,2,seeded-sync,5,6,20000,4,0,0,0,1,1796702.078125000,910920,20.523153906,0.000000000,250.000000000,80.000000000,286019.000000000,0
short_four_chains,2,learned-sync,5,6,20000,4,0,0,0,1,1113968.006381190,910920,20.523153906,0.000000000,81.730243705,43.490490625,286019.000000000,4
short_four_chains,2,seeded-sync,6,6,20000,4,0,0,0,1,1796702.078125000,857746,20.523153906,0.000000000,250.000000000,80.000000000,286019.000000000,0
short_four_chains,2,learned-sync,6,6,20000,4,0,0,0,1,1113968.006381190,857746,20.523153906,0.000000000,81.730243705,43.490490625,286019.000000000,4
dependent_compute,1,seeded-sync,0,2,32768,1,16,0,0,1,9153494.406250000,7386081,108.758557320,0.000000000,250.000000000,80.000000000,182974.000000000,0
dependent_compute,1,learned-sync,0,2,32768,1,16,0,0,1,7892569.638513261,7386081,108.758557320,0.000000000,206.542651524,46.496608257,182974.000000000,4
dependent_compute,1,seeded-sync,1,2,32768,1,16,0,0,1,9153494.406250000,7252707,108.758557320,0.000000000,250.000000000,80.000000000,182974.000000000,0
dependent_compute,1,learned-sync,1,2,32768,1,16,0,0,1,7892569.638513261,7252707,108.758557320,0.000000000,206.542651524,46.496608257,182974.000000000,4
dependent_compute,1,seeded-sync,2,2,32768,1,16,0,0,1,9153494.406250000,7409344,108.758557320,0.000000000,250.000000000,80.000000000,182974.000000000,0
dependent_compute,1,learned-sync,2,2,32768,1,16,0,0,1,7892569.638513261,7409344,108.758557320,0.000000000,206.542651524,46.496608257,182974.000000000,4
dependent_compute,1,seeded-sync,3,2,32768,1,16,0,0,1,9153494.406250000,7948706,108.758557320,0.000000000,250.000000000,80.000000000,182974.000000000,0
dependent_compute,1,learned-sync,3,2,32768,1,16,0,0,1,7892569.638513261,7948706,108.758557320,0.000000000,206.542651524,46.496608257,182974.000000000,4
dependent_compute,1,seeded-sync,4,2,32768,1,16,0,0,1,9153494.406250000,5659929,108.758557320,0.000000000,250.000000000,80.000000000,182974.000000000,0
dependent_compute,1,learned-sync,4,2,32768,1,16,0,0,1,7892569.638513261,5659929,108.758557320,0.000000000,206.542651524,46.496608257,182974.000000000,4
dependent_compute,1,seeded-sync,5,2,32768,1,16,0,0,1,9153494.406250000,6899233,108.758557320,0.000000000,250.000000000,80.000000000,182974.000000000,0
dependent_compute,1,learned-sync,5,2,32768,1,16,0,0,1,7892569.638513261,6899233,108.758557320,0.000000000,206.542651524,46.496608257,182974.000000000,4
dependent_compute,1,seeded-sync,6,2,32768,1,16,0,0,1,9153494.406250000,7071730,108.758557320,0.000000000,250.000000000,80.000000000,182974.000000000,0
dependent_compute,1,learned-sync,6,2,32768,1,16,0,0,1,7892569.638513261,7071730,108.758557320,0.000000000,206.542651524,46.496608257,182974.000000000,4
independent_after,0,seeded-sync,0,2,32768,4,0,16,1,1,8035878.046875000,3503395,20.860514641,108.750103951,250.000000000,80.000000000,163839.000000000,0
independent_after,0,learned-sync,0,2,32768,4,0,16,1,1,3502379.640183395,3503395,20.860514641,108.750103951,27.448997947,25.848218441,163839.000000000,4
independent_after,0,seeded-sync,1,2,32768,4,0,16,1,1,8035878.046875000,3411302,20.860514641,108.750103951,250.000000000,80.000000000,163839.000000000,0
independent_after,0,learned-sync,1,2,32768,4,0,16,1,1,3502379.640183395,3411302,20.860514641,108.750103951,27.448997947,25.848218441,163839.000000000,4
independent_after,0,seeded-sync,2,2,32768,4,0,16,1,1,8035878.046875000,3247987,20.860514641,108.750103951,250.000000000,80.000000000,163839.000000000,0
independent_after,0,learned-sync,2,2,32768,4,0,16,1,1,3502379.640183395,3247987,20.860514641,108.750103951,27.448997947,25.848218441,163839.000000000,4
independent_after,0,seeded-sync,3,2,32768,4,0,16,1,1,8035878.046875000,3558572,20.860514641,108.750103951,250.000000000,80.000000000,163839.000000000,0
independent_after,0,learned-sync,3,2,32768,4,0,16,1,1,3502379.640183395,3558572,20.860514641,108.750103951,27.448997947,25.848218441,163839.000000000,4
independent_after,0,seeded-sync,4,2,32768,4,0,16,1,1,8035878.046875000,3519642,20.860514641,108.750103951,250.000000000,80.000000000,163839.000000000,0
independent_after,0,learned-sync,4,2,32768,4,0,16,1,1,3502379.640183395,3519642,20.860514641,108.750103951,27.448997947,25.848218441,163839.000000000,4
independent_after,0,seeded-sync,5,2,32768,4,0,16,1,1,8035878.046875000,3256389,20.860514641,108.750103951,250.000000000,80.000000000,163839.000000000,0
independent_after,0,learned-sync,5,2,32768,4,0,16,1,1,3502379.640183395,3256389,20.860514641,108.750103951,27.448997947,25.848218441,163839.000000000,4
independent_after,0,seeded-sync,6,2,32768,4,0,16,1,1,8035878.046875000,3277135,20.860514641,108.750103951,250.000000000,80.000000000,163839.000000000,0
independent_after,0,learned-sync,6,2,32768,4,0,16,1,1,3502379.640183395,3277135,20.860514641,108.750103951,27.448997947,25.848218441,163839.000000000,4
long_many_chains,1,seeded-sync,0,2,200000,64,0,0,0,1,37282870.703125000,9963554,20.693793516,0.000000000,250.000000000,80.000000000,144112.000000000,0
long_many_chains,1,learned-sync,0,2,200000,64,0,0,0,1,9962168.951782070,9963554,20.693793516,0.000000000,26.406940455,30.386042031,144112.000000000,4
long_many_chains,1,seeded-sync,1,2,200000,64,0,0,0,1,37282870.703125000,9755145,20.693793516,0.000000000,250.000000000,80.000000000,144112.000000000,0
long_many_chains,1,learned-sync,1,2,200000,64,0,0,0,1,9962168.951782070,9755145,20.693793516,0.000000000,26.406940455,30.386042031,144112.000000000,4
long_many_chains,1,seeded-sync,2,2,200000,64,0,0,0,1,37282870.703125000,9748974,20.693793516,0.000000000,250.000000000,80.000000000,144112.000000000,0
long_many_chains,1,learned-sync,2,2,200000,64,0,0,0,1,9962168.951782070,9748974,20.693793516,0.000000000,26.406940455,30.386042031,144112.000000000,4
long_many_chains,1,seeded-sync,3,2,200000,64,0,0,0,1,37282870.703125000,11400746,20.693793516,0.000000000,250.000000000,80.000000000,144112.000000000,0
long_many_chains,1,learned-sync,3,2,200000,64,0,0,0,1,9962168.951782070,11400746,20.693793516,0.000000000,26.406940455,30.386042031,144112.000000000,4
long_many_chains,1,seeded-sync,4,2,200000,64,0,0,0,1,37282870.703125000,11728518,20.693793516,0.000000000,250.000000000,80.000000000,144112.000000000,0
long_many_chains,1,learned-sync,4,2,200000,64,0,0,0,1,9962168.951782070,11728518,20.693793516,0.000000000,26.406940455,30.386042031,144112.000000000,4
long_many_chains,1,seeded-sync,5,2,200000,64,0,0,0,1,37282870.703125000,9492177,20.693793516,0.000000000,250.000000000,80.000000000,144112.000000000,0
long_many_chains,1,learned-sync,5,2,200000,64,0,0,0,1,9962168.951782070,9492177,20.693793516,0.000000000,26.406940455,30.386042031,144112.000000000,4
long_many_chains,1,seeded-sync,6,2,200000,64,0,0,0,1,37282870.703125000,10727917,20.693793516,0.000000000,250.000000000,80.000000000,144112.000000000,0
long_many_chains,1,learned-sync,6,2,200000,64,0,0,0,1,9962168.951782070,10727917,20.693793516,0.000000000,26.406940455,30.386042031,144112.000000000,4
short_four_chains,1,seeded-sync,0,8,20000,4,0,0,0,1,1643174.265625000,1055490,20.346263281,0.000000000,250.000000000,80.000000000,411249.000000000,0
short_four_chains,1,learned-sync,0,8,20000,4,0,0,0,1,1307937.916353192,1055490,20.346263281,0.000000000,148.887393885,47.018066406,411249.000000000,4
short_four_chains,1,seeded-sync,1,8,20000,4,0,0,0,1,1643174.265625000,1115304,20.346263281,0.000000000,250.000000000,80.000000000,411249.000000000,0
short_four_chains,1,learned-sync,1,8,20000,4,0,0,0,1,1307937.916353192,1115304,20.346263281,0.000000000,148.887393885,47.018066406,411249.000000000,4
short_four_chains,1,seeded-sync,2,8,20000,4,0,0,0,1,1643174.265625000,1080480,20.346263281,0.000000000,250.000000000,80.000000000,411249.000000000,0
short_four_chains,1,learned-sync,2,8,20000,4,0,0,0,1,1307937.916353192,1080480,20.346263281,0.000000000,148.887393885,47.018066406,411249.000000000,4
short_four_chains,1,seeded-sync,3,8,20000,4,0,0,0,1,1643174.265625000,1106736,20.346263281,0.000000000,250.000000000,80.000000000,411249.000000000,0
short_four_chains,1,learned-sync,3,8,20000,4,0,0,0,1,1307937.916353192,1106736,20.346263281,0.000000000,148.887393885,47.018066406,411249.000000000,4
short_four_chains,1,seeded-sync,4,8,20000,4,0,0,0,1,1643174.265625000,1067633,20.346263281,0.000000000,250.000000000,80.000000000,411249.000000000,0
short_four_chains,1,learned-sync,4,8,20000,4,0,0,0,1,1307937.916353192,1067633,20.346263281,0.000000000,148.887393885,47.018066406,411249.000000000,4
short_four_chains,1,seeded-sync,5,8,20000,4,0,0,0,1,1643174.265625000,1212900,20.346263281,0.000000000,250.000000000,80.000000000,411249.000000000,0
short_four_chains,1,learned-sync,5,8,20000,4,0,0,0,1,1307937.916353192,1212900,20.346263281,0.000000000,148.887393885,47.018066406,411249.000000000,4
short_four_chains,1,seeded-sync,6,8,20000,4,0,0,0,1,1643174.265625000,1064903,20.346263281,0.000000000,250.000000000,80.000000000,411249.000000000,0
short_four_chains,1,learned-sync,6,8,20000,4,0,0,0,1,1307937.916353192,1064903,20.346263281,0.000000000,148.887393885,47.018066406,411249.000000000,4
short_chain,2,seeded-sync,0,5,20000,1,0,0,0,1,2021032.437500000,3282131,20.792921875,0.000000000,250.000000000,80.000000000,285174.000000000,0
short_chain,2,learned-sync,0,5,20000,1,0,0,0,1,3391315.267503062,3282131,20.792921875,0.000000000,626.681265313,45.889442188,285174.000000000,4
short_chain,2,seeded-sync,1,5,20000,1,0,0,0,1,2021032.437500000,3331778,20.792921875,0.000000000,250.000000000,80.000000000,285174.000000000,0
short_chain,2,learned-sync,1,5,20000,1,0,0,0,1,3391315.267503062,3331778,20.792921875,0.000000000,626.681265313,45.889442188,285174.000000000,4
short_chain,2,seeded-sync,2,5,20000,1,0,0,0,1,2021032.437500000,3182607,20.792921875,0.000000000,250.000000000,80.000000000,285174.000000000,0
short_chain,2,learned-sync,2,5,20000,1,0,0,0,1,3391315.267503062,3182607,20.792921875,0.000000000,626.681265313,45.889442188,285174.000000000,4
short_chain,2,seeded-sync,3,5,20000,1,0,0,0,1,2021032.437500000,3118387,20.792921875,0.000000000,250.000000000,80.000000000,285174.000000000,0
short_chain,2,learned-sync,3,5,20000,1,0,0,0,1,3391315.267503062,3118387,20.792921875,0.000000000,626.681265313,45.889442188,285174.000000000,4
short_chain,2,seeded-sync,4,5,20000,1,0,0,0,1,2021032.437500000,3551775,20.792921875,0.000000000,250.000000000,80.000000000,285174.000000000,0
short_chain,2,learned-sync,4,5,20000,1,0,0,0,1,3391315.267503062,3551775,20.792921875,0.000000000,626.681265313,45.889442188,285174.000000000,4
short_chain,2,seeded-sync,5,5,20000,1,0,0,0,1,2021032.437500000,3175784,20.792921875,0.000000000,250.000000000,80.000000000,285174.000000000,0
short_chain,2,learned-sync,5,5,20000,1,0,0,0,1,3391315.267503062,3175784,20.792921875,0.000000000,626.681265313,45.889442188,285174.000000000,4
short_chain,2,seeded-sync,6,5,20000,1,0,0,0,1,2021032.437500000,3426602,20.792921875,0.000000000,250.000000000,80.000000000,285174.000000000,0
short_chain,2,learned-sync,6,5,20000,1,0,0,0,1,3391315.267503062,3426602,20.792921875,0.000000000,626.681265313,45.889442188,285174.000000000,4
large_arrays,2,seeded-sync,0,3,1000000,64,0,0,0,1,130559700.328125000,39365043,20.370695328,0.000000000,250.000000000,80.000000000,188785.000000000,0
large_arrays,2,learned-sync,0,3,1000000,64,0,0,0,1,44331798.553293586,39365043,20.370695328,0.000000000,33.313154401,38.003657641,188785.000000000,4
large_arrays,2,seeded-sync,1,3,1000000,64,0,0,0,1,130559700.328125000,40257313,20.370695328,0.000000000,250.000000000,80.000000000,188785.000000000,0
large_arrays,2,learned-sync,1,3,1000000,64,0,0,0,1,44331798.553293586,40257313,20.370695328,0.000000000,33.313154401,38.003657641,188785.000000000,4
large_arrays,2,seeded-sync,2,3,1000000,64,0,0,0,1,130559700.328125000,40570174,20.370695328,0.000000000,250.000000000,80.000000000,188785.000000000,0
large_arrays,2,learned-sync,2,3,1000000,64,0,0,0,1,44331798.553293586,40570174,20.370695328,0.000000000,33.313154401,38.003657641,188785.000000000,4
large_arrays,2,seeded-sync,3,3,1000000,64,0,0,0,1,130559700.328125000,48303769,20.370695328,0.000000000,250.000000000,80.000000000,188785.000000000,0
large_arrays,2,learned-sync,3,3,1000000,64,0,0,0,1,44331798.553293586,48303769,20.370695328,0.000000000,33.313154401,38.003657641,188785.000000000,4
large_arrays,2,seeded-sync,4,3,1000000,64,0,0,0,1,130559700.328125000,46211295,20.370695328,0.000000000,250.000000000,80.000000000,188785.000000000,0
large_arrays,2,learned-sync,4,3,1000000,64,0,0,0,1,44331798.553293586,46211295,20.370695328,0.000000000,33.313154401,38.003657641,188785.000000000,4
large_arrays,2,seeded-sync,5,3,1000000,64,0,0,0,1,130559700.328125000,39358025,20.370695328,0.000000000,250.000000000,80.000000000,188785.000000000,0
large_arrays,2,learned-sync,5,3,1000000,64,0,0,0,1,44331798.553293586,39358025,20.370695328,0.000000000,33.313154401,38.003657641,188785.000000000,4
large_arrays,2,seeded-sync,6,3,1000000,64,0,0,0,1,130559700.328125000,39667926,20.370695328,0.000000000,250.000000000,80.000000000,188785.000000000,0
large_arrays,2,learned-sync,6,3,1000000,64,0,0,0,1,44331798.553293586,39667926,20.370695328,0.000000000,33.313154401,38.003657641,188785.000000000,4
short_chain,1,seeded-sync,0,4,20000,1,0,0,0,1,2270569.968750000,2911515,20.488348438,0.000000000,250.000000000,80.000000000,210803.000000000,0
short_chain,1,learned-sync,0,4,20000,1,0,0,0,1,3094647.584478052,2911515,20.488348438,0.000000000,445.994162208,48.821360938,210803.000000000,4
short_chain,1,seeded-sync,1,4,20000,1,0,0,0,1,2270569.968750000,2984881,20.488348438,0.000000000,250.000000000,80.000000000,210803.000000000,0
short_chain,1,learned-sync,1,4,20000,1,0,0,0,1,3094647.584478052,2984881,20.488348438,0.000000000,445.994162208,48.821360938,210803.000000000,4
short_chain,1,seeded-sync,2,4,20000,1,0,0,0,1,2270569.968750000,3112398,20.488348438,0.000000000,250.000000000,80.000000000,210803.000000000,0
short_chain,1,learned-sync,2,4,20000,1,0,0,0,1,3094647.584478052,3112398,20.488348438,0.000000000,445.994162208,48.821360938,210803.000000000,4
short_chain,1,seeded-sync,3,4,20000,1,0,0,0,1,2270569.968750000,3019004,20.488348438,0.000000000,250.000000000,80.000000000,210803.000000000,0
short_chain,1,learned-sync,3,4,20000,1,0,0,0,1,3094647.584478052,3019004,20.488348438,0.000000000,445.994162208,48.821360938,210803.000000000,4
short_chain,1,seeded-sync,4,4,20000,1,0,0,0,1,2270569.968750000,2886572,20.488348438,0.000000000,250.000000000,80.000000000,210803.000000000,0
short_chain,1,learned-sync,4,4,20000,1,0,0,0,1,3094647.584478052,2886572,20.488348438,0.000000000,445.994162208,48.821360938,210803.000000000,4
short_chain,1,seeded-sync,5,4,20000,1,0,0,0,1,2270569.968750000,3081705,20.488348438,0.000000000,250.000000000,80.000000000,210803.000000000,0
short_chain,1,learned-sync,5,4,20000,1,0,0,0,1,3094647.584478052,3081705,20.488348438,0.000000000,445.994162208,48.821360938,210803.000000000,4
short_chain,1,seeded-sync,6,4,20000,1,0,0,0,1,2270569.968750000,3136124,20.488348438,0.000000000,250.000000000,80.000000000,210803.000000000,0
short_chain,1,learned-sync,6,4,20000,1,0,0,0,1,3094647.584478052,3136124,20.488348438,0.000000000,445.994162208,48.821360938,210803.000000000,4
two_streams,0,seeded-sync,0,4,32768,4,0,0,0,2,6327112.359375000,1795510,20.634166241,0.000000000,250.000000000,80.000000000,244252.000000000,0
two_streams,0,learned-sync,0,4,32768,4,0,0,0,2,1880176.397438881,1795510,20.634166241,0.000000000,27.819813191,30.760755539,244252.000000000,4
two_streams,0,seeded-sync,1,4,32768,4,0,0,0,2,6327112.359375000,2336072,20.634166241,0.000000000,250.000000000,80.000000000,244252.000000000,0
two_streams,0,learned-sync,1,4,32768,4,0,0,0,2,1880176.397438881,2336072,20.634166241,0.000000000,27.819813191,30.760755539,244252.000000000,4
two_streams,0,seeded-sync,2,4,32768,4,0,0,0,2,6327112.359375000,2229952,20.634166241,0.000000000,250.000000000,80.000000000,244252.000000000,0
two_streams,0,learned-sync,2,4,32768,4,0,0,0,2,1880176.397438881,2229952,20.634166241,0.000000000,27.819813191,30.760755539,244252.000000000,4
two_streams,0,seeded-sync,3,4,32768,4,0,0,0,2,6327112.359375000,1836486,20.634166241,0.000000000,250.000000000,80.000000000,244252.000000000,0
two_streams,0,learned-sync,3,4,32768,4,0,0,0,2,1880176.397438881,1836486,20.634166241,0.000000000,27.819813191,30.760755539,244252.000000000,4
two_streams,0,seeded-sync,4,4,32768,4,0,0,0,2,6327112.359375000,1979833,20.634166241,0.000000000,250.000000000,80.000000000,244252.000000000,0
two_streams,0,learned-sync,4,4,32768,4,0,0,0,2,1880176.397438881,1979833,20.634166241,0.000000000,27.819813191,30.760755539,244252.000000000,4
two_streams,0,seeded-sync,5,4,32768,4,0,0,0,2,6327112.359375000,1795852,20.634166241,0.000000000,250.000000000,80.000000000,244252.000000000,0
two_streams,0,learned-sync,5,4,32768,4,0,0,0,2,1880176.397438881,1795852,20.634166241,0.000000000,27.819813191,30.760755539,244252.000000000,4
two_streams,0,seeded-sync,6,4,32768,4,0,0,0,2,6327112.359375000,1953314,20.634166241,0.000000000,250.000000000,80.000000000,244252.000000000,0
two_streams,0,learned-sync,6,4,32768,4,0,0,0,2,1880176.397438881,1953314,20.634166241,0.000000000,27.819813191,30.760755539,244252.000000000,4
tiny_chain,0,seeded-sync,0,2,257,1,0,0,0,1,192911.718750000,179653,20.096181907,0.000000000,250.000000000,80.000000000,145177.000000000,0
tiny_chain,0,learned-sync,0,2,257,1,0,0,0,1,189994.987840704,179653,20.096181907,0.000000000,262.070373535,45.319309339,145177.000000000,4
tiny_chain,0,seeded-sync,1,2,257,1,0,0,0,1,192911.718750000,167686,20.096181907,0.000000000,250.000000000,80.000000000,145177.000000000,0
tiny_chain,0,learned-sync,1,2,257,1,0,0,0,1,189994.987840704,167686,20.096181907,0.000000000,262.070373535,45.319309339,145177.000000000,4
tiny_chain,0,seeded-sync,2,2,257,1,0,0,0,1,192911.718750000,176824,20.096181907,0.000000000,250.000000000,80.000000000,145177.000000000,0
tiny_chain,0,learned-sync,2,2,257,1,0,0,0,1,189994.987840704,176824,20.096181907,0.000000000,262.070373535,45.319309339,145177.000000000,4
tiny_chain,0,seeded-sync,3,2,257,1,0,0,0,1,192911.718750000,170221,20.096181907,0.000000000,250.000000000,80.000000000,145177.000000000,0
tiny_chain,0,learned-sync,3,2,257,1,0,0,0,1,189994.987840704,170221,20.096181907,0.000000000,262.070373535,45.319309339,145177.000000000,4
tiny_chain,0,seeded-sync,4,2,257,1,0,0,0,1,192911.718750000,171507,20.096181907,0.000000000,250.000000000,80.000000000,145177.000000000,0
tiny_chain,0,learned-sync,4,2,257,1,0,0,0,1,189994.987840704,171507,20.096181907,0.000000000,262.070373535,45.319309339,145177.000000000,4
tiny_chain,0,seeded-sync,5,2,257,1,0,0,0,1,192911.718750000,163398,20.096181907,0.000000000,250.000000000,80.000000000,145177.000000000,0
tiny_chain,0,learned-sync,5,2,257,1,0,0,0,1,189994.987840704,163398,20.096181907,0.000000000,262.070373535,45.319309339,145177.000000000,4
tiny_chain,0,seeded-sync,6,2,257,1,0,0,0,1,192911.718750000,180130,20.096181907,0.000000000,250.000000000,80.000000000,145177.000000000,0
tiny_chain,0,learned-sync,6,2,257,1,0,0,0,1,189994.987840704,180130,20.096181907,0.000000000,262.070373535,45.319309339,145177.000000000,4
independent_before,2,seeded-sync,0,4,32768,4,0,16,0,1,4470193.523437500,1686921,21.064744473,107.781369209,250.000000000,80.000000000,193639.000000000,0
independent_before,2,learned-sync,0,4,32768,4,0,16,0,1,2255155.954524211,1686921,21.064744473,107.781369209,31.712336711,27.897335052,193639.000000000,4
independent_before,2,seeded-sync,1,4,32768,4,0,16,0,1,4470193.523437500,1950522,21.064744473,107.781369209,250.000000000,80.000000000,193639.000000000,0
independent_before,2,learned-sync,1,4,32768,4,0,16,0,1,2255155.954524211,1950522,21.064744473,107.781369209,31.712336711,27.897335052,193639.000000000,4
independent_before,2,seeded-sync,2,4,32768,4,0,16,0,1,4470193.523437500,1889688,21.064744473,107.781369209,250.000000000,80.000000000,193639.000000000,0
independent_before,2,learned-sync,2,4,32768,4,0,16,0,1,2255155.954524211,1889688,21.064744473,107.781369209,31.712336711,27.897335052,193639.000000000,4
independent_before,2,seeded-sync,3,4,32768,4,0,16,0,1,4470193.523437500,1869531,21.064744473,107.781369209,250.000000000,80.000000000,193639.000000000,0
independent_before,2,learned-sync,3,4,32768,4,0,16,0,1,2255155.954524211,1869531,21.064744473,107.781369209,31.712336711,27.897335052,193639.000000000,4
independent_before,2,seeded-sync,4,4,32768,4,0,16,0,1,4470193.523437500,1747348,21.064744473,107.781369209,250.000000000,80.000000000,193639.000000000,0
independent_before,2,learned-sync,4,4,32768,4,0,16,0,1,2255155.954524211,1747348,21.064744473,107.781369209,31.712336711,27.897335052,193639.000000000,4
independent_before,2,seeded-sync,5,4,32768,4,0,16,0,1,4470193.523437500,1706502,21.064744473,107.781369209,250.000000000,80.000000000,193639.000000000,0
independent_before,2,learned-sync,5,4,32768,4,0,16,0,1,2255155.954524211,1706502,21.064744473,107.781369209,31.712336711,27.897335052,193639.000000000,4
independent_before,2,seeded-sync,6,4,32768,4,0,16,0,1,4470193.523437500,1811829,21.064744473,107.781369209,250.000000000,80.000000000,193639.000000000,0
independent_before,2,learned-sync,6,4,32768,4,0,16,0,1,2255155.954524211,1811829,21.064744473,107.781369209,31.712336711,27.897335052,193639.000000000,4
independent_before,1,seeded-sync,0,5,32768,4,0,16,0,1,3820423.582805634,2118511,20.546587944,107.253889084,250.000000000,80.000000000,281391.000000000,0
independent_before,1,learned-sync,0,5,32768,4,0,16,0,1,2507403.930590424,2118511,20.546587944,107.253889084,85.744691678,43.916636944,281391.000000000,4
independent_before,1,seeded-sync,1,5,32768,4,0,16,0,1,3820423.582805634,2085989,20.546587944,107.253889084,250.000000000,80.000000000,281391.000000000,0
independent_before,1,learned-sync,1,5,32768,4,0,16,0,1,2507403.930590424,2085989,20.546587944,107.253889084,85.744691678,43.916636944,281391.000000000,4
independent_before,1,seeded-sync,2,5,32768,4,0,16,0,1,3820423.582805634,2142108,20.546587944,107.253889084,250.000000000,80.000000000,281391.000000000,0
independent_before,1,learned-sync,2,5,32768,4,0,16,0,1,2507403.930590424,2142108,20.546587944,107.253889084,85.744691678,43.916636944,281391.000000000,4
independent_before,1,seeded-sync,3,5,32768,4,0,16,0,1,3820423.582805634,2212893,20.546587944,107.253889084,250.000000000,80.000000000,281391.000000000,0
independent_before,1,learned-sync,3,5,32768,4,0,16,0,1,2507403.930590424,2212893,20.546587944,107.253889084,85.744691678,43.916636944,281391.000000000,4
independent_before,1,seeded-sync,4,5,32768,4,0,16,0,1,3820423.582805634,2207016,20.546587944,107.253889084,250.000000000,80.000000000,281391.000000000,0
independent_before,1,learned-sync,4,5,32768,4,0,16,0,1,2507403.930590424,2207016,20.546587944,107.253889084,85.744691678,43.916636944,281391.000000000,4
independent_before,1,seeded-sync,5,5,32768,4,0,16,0,1,3820423.582805634,2175259,20.546587944,107.253889084,250.000000000,80.000000000,281391.000000000,0
independent_before,1,learned-sync,5,5,32768,4,0,16,0,1,2507403.930590424,2175259,20.546587944,107.253889084,85.744691678,43.916636944,281391.000000000,4
independent_before,1,seeded-sync,6,5,32768,4,0,16,0,1,3820423.582805634,2250950,20.546587944,107.253889084,250.000000000,80.000000000,281391.000000000,0
independent_before,1,learned-sync,6,5,32768,4,0,16,0,1,2507403.930590424,2250950,20.546587944,107.253889084,85.744691678,43.916636944,281391.000000000,4
short_many_chains,0,seeded-sync,0,3,20000,64,0,0,0,1,2811937.156250000,961798,20.509957812,0.000000000,250.000000000,80.000000000,201628.000000000,0
short_many_chains,0,learned-sync,0,3,20000,64,0,0,0,1,1130543.437468445,961798,20.509957812,0.000000000,38.932023099,38.871528906,201628.000000000,4
short_many_chains,0,seeded-sync,1,3,20000,64,0,0,0,1,2811937.156250000,1038877,20.509957812,0.000000000,250.000000000,80.000000000,201628.000000000,0
short_many_chains,0,learned-sync,1,3,20000,64,0,0,0,1,1130543.437468445,1038877,20.509957812,0.000000000,38.932023099,38.871528906,201628.000000000,4
short_many_chains,0,seeded-sync,2,3,20000,64,0,0,0,1,2811937.156250000,1223388,20.509957812,0.000000000,250.000000000,80.000000000,201628.000000000,0
short_many_chains,0,learned-sync,2,3,20000,64,0,0,0,1,1130543.437468445,1223388,20.509957812,0.000000000,38.932023099,38.871528906,201628.000000000,4
short_many_chains,0,seeded-sync,3,3,20000,64,0,0,0,1,2811937.156250000,1094172,20.509957812,0.000000000,250.000000000,80.000000000,201628.000000000,0
short_many_chains,0,learned-sync,3,3,20000,64,0,0,0,1,1130543.437468445,1094172,20.509957812,0.000000000,38.932023099,38.871528906,201628.000000000,4
short_many_chains,0,seeded-sync,4,3,20000,64,0,0,0,1,2811937.156250000,1061354,20.509957812,0.000000000,250.000000000,80.000000000,201628.000000000,0
short_many_chains,0,learned-sync,4,3,20000,64,0,0,0,1,1130543.437468445,1061354,20.509957812,0.000000000,38.932023099,38.871528906,201628.000000000,4
short_many_chains,0,seeded-sync,5,3,20000,64,0,0,0,1,2811937.156250000,999497,20.509957812,0.000000000,250.000000000,80.000000000,201628.000000000,0
short_many_chains,0,learned-sync,5,3,20000,64,0,0,0,1,1130543.437468445,999497,20.509957812,0.000000000,38.932023099,38.871528906,201628.000000000,4
short_many_chains,0,seeded-sync,6,3,20000,64,0,0,0,1,2811937.156250000,1000535,20.509957812,0.000000000,250.000000000,80.000000000,201628.000000000,0
short_many_chains,0,learned-sync,6,3,20000,64,0,0,0,1,1130543.437468445,1000535,20.509957812,0.000000000,38.932023099,38.871528906,201628.000000000,4
long_many_chains,0,seeded-sync,0,3,200000,64,0,0,0,1,26234183.515625000,8190740,20.348602578,0.000000000,250.000000000,80.000000000,164353.000000000,0
long_many_chains,0,learned-sync,0,3,200000,64,0,0,0,1,9076515.944437101,8190740,20.348602578,0.000000000,34.237697860,38.398575391,164353.000000000,4
long_many_chains,0,seeded-sync,1,3,200000,64,0,0,0,1,26234183.515625000,8125821,20.348602578,0.000000000,250.000000000,80.000000000,164353.000000000,0
long_many_chains,0,learned-sync,1,3,200000,64,0,0,0,1,9076515.944437101,8125821,20.348602578,0.000000000,34.237697860,38.398575391,164353.000000000,4
long_many_chains,0,seeded-sync,2,3,200000,64,0,0,0,1,26234183.515625000,8196059,20.348602578,0.000000000,250.000000000,80.000000000,164353.000000000,0
long_many_chains,0,learned-sync,2,3,200000,64,0,0,0,1,9076515.944437101,8196059,20.348602578,0.000000000,34.237697860,38.398575391,164353.000000000,4
long_many_chains,0,seeded-sync,3,3,200000,64,0,0,0,1,26234183.515625000,9751402,20.348602578,0.000000000,250.000000000,80.000000000,164353.000000000,0
long_many_chains,0,learned-sync,3,3,200000,64,0,0,0,1,9076515.944437101,9751402,20.348602578,0.000000000,34.237697860,38.398575391,164353.000000000,4
long_many_chains,0,seeded-sync,4,3,200000,64,0,0,0,1,26234183.515625000,9191872,20.348602578,0.000000000,250.000000000,80.000000000,164353.000000000,0
long_many_chains,0,learned-sync,4,3,200000,64,0,0,0,1,9076515.944437101,9191872,20.348602578,0.000000000,34.237697860,38.398575391,164353.000000000,4
long_many_chains,0,seeded-sync,5,3,200000,64,0,0,0,1,26234183.515625000,7952908,20.348602578,0.000000000,250.000000000,80.000000000,164353.000000000,0
long_many_chains,0,learned-sync,5,3,200000,64,0,0,0,1,9076515.944437101,7952908,20.348602578,0.000000000,34.237697860,38.398575391,164353.000000000,4
long_many_chains,0,seeded-sync,6,3,200000,64,0,0,0,1,26234183.515625000,8223183,20.348602578,0.000000000,250.000000000,80.000000000,164353.000000000,0
long_many_chains,0,learned-sync,6,3,200000,64,0,0,0,1,9076515.944437101,8223183,20.348602578,0.000000000,34.237697860,38.398575391,164353.000000000,4
uneven,2,seeded-sync,0,2,8193,3,4,8,0,1,2090061.583617494,1081049,40.640012816,62.964109987,250.000000000,80.000000000,147124.000000000,0
uneven,2,learned-sync,0,2,8193,3,4,8,0,1,1153992.557743450,1081049,40.640012816,62.964109987,54.344774496,47.178528927,147124.000000000,4
uneven,2,seeded-sync,1,2,8193,3,4,8,0,1,2090061.583617494,1241976,40.640012816,62.964109987,250.000000000,80.000000000,147124.000000000,0
uneven,2,learned-sync,1,2,8193,3,4,8,0,1,1153992.557743450,1241976,40.640012816,62.964109987,54.344774496,47.178528927,147124.000000000,4
uneven,2,seeded-sync,2,2,8193,3,4,8,0,1,2090061.583617494,1013273,40.640012816,62.964109987,250.000000000,80.000000000,147124.000000000,0
uneven,2,learned-sync,2,2,8193,3,4,8,0,1,1153992.557743450,1013273,40.640012816,62.964109987,54.344774496,47.178528927,147124.000000000,4
uneven,2,seeded-sync,3,2,8193,3,4,8,0,1,2090061.583617494,977447,40.640012816,62.964109987,250.000000000,80.000000000,147124.000000000,0
uneven,2,learned-sync,3,2,8193,3,4,8,0,1,1153992.557743450,977447,40.640012816,62.964109987,54.344774496,47.178528927,147124.000000000,4
uneven,2,seeded-sync,4,2,8193,3,4,8,0,1,2090061.583617494,980275,40.640012816,62.964109987,250.000000000,80.000000000,147124.000000000,0
uneven,2,learned-sync,4,2,8193,3,4,8,0,1,1153992.557743450,980275,40.640012816,62.964109987,54.344774496,47.178528927,147124.000000000,4
uneven,2,seeded-sync,5,2,8193,3,4,8,0,1,2090061.583617494,1108591,40.640012816,62.964109987,250.000000000,80.000000000,147124.000000000,0
uneven,2,learned-sync,5,2,8193,3,4,8,0,1,1153992.557743450,1108591,40.640012816,62.964109987,54.344774496,47.178528927,147124.000000000,4
uneven,2,seeded-sync,6,2,8193,3,4,8,0,1,2090061.583617494,990414,40.640012816,62.964109987,250.000000000,80.000000000,147124.000000000,0
uneven,2,learned-sync,6,2,8193,3,4,8,0,1,1153992.557743450,990414,40.640012816,62.964109987,54.344774496,47.178528927,147124.000000000,4
long_many_chains,2,seeded-sync,0,6,200000,64,0,0,0,1,15478899.234375000,5378132,20.921331172,0.000000000,250.000000000,80.000000000,294413.000000000,0
long_many_chains,2,learned-sync,0,6,200000,64,0,0,0,1,7361398.352429706,5378132,20.921331172,0.000000000,44.762571523,41.717272422,294413.000000000,4
long_many_chains,2,seeded-sync,1,6,200000,64,0,0,0,1,15478899.234375000,5091112,20.921331172,0.000000000,250.000000000,80.000000000,294413.000000000,0
long_many_chains,2,learned-sync,1,6,200000,64,0,0,0,1,7361398.352429706,5091112,20.921331172,0.000000000,44.762571523,41.717272422,294413.000000000,4
long_many_chains,2,seeded-sync,2,6,200000,64,0,0,0,1,15478899.234375000,5483624,20.921331172,0.000000000,250.000000000,80.000000000,294413.000000000,0
long_many_chains,2,learned-sync,2,6,200000,64,0,0,0,1,7361398.352429706,5483624,20.921331172,0.000000000,44.762571523,41.717272422,294413.000000000,4
long_many_chains,2,seeded-sync,3,6,200000,64,0,0,0,1,15478899.234375000,6119681,20.921331172,0.000000000,250.000000000,80.000000000,294413.000000000,0
long_many_chains,2,learned-sync,3,6,200000,64,0,0,0,1,7361398.352429706,6119681,20.921331172,0.000000000,44.762571523,41.717272422,294413.000000000,4
long_many_chains,2,seeded-sync,4,6,200000,64,0,0,0,1,15478899.234375000,5277975,20.921331172,0.000000000,250.000000000,80.000000000,294413.000000000,0
long_many_chains,2,learned-sync,4,6,200000,64,0,0,0,1,7361398.352429706,5277975,20.921331172,0.000000000,44.762571523,41.717272422,294413.000000000,4
long_many_chains,2,seeded-sync,5,6,200000,64,0,0,0,1,15478899.234375000,5691370,20.921331172,0.000000000,250.000000000,80.000000000,294413.000000000,0
long_many_chains,2,learned-sync,5,6,200000,64,0,0,0,1,7361398.352429706,5691370,20.921331172,0.000000000,44.762571523,41.717272422,294413.000000000,4
long_many_chains,2,seeded-sync,6,6,200000,64,0,0,0,1,15478899.234375000,5518508,20.921331172,0.000000000,250.000000000,80.000000000,294413.000000000,0
long_many_chains,2,learned-sync,6,6,200000,64,0,0,0,1,7361398.352429706,5518508,20.921331172,0.000000000,44.762571523,41.717272422,294413.000000000,4
long_four_chains,2,seeded-sync,0,4,200000,4,0,0,0,1,20832519.156250000,8656055,20.651555781,0.000000000,250.000000000,80.000000000,202208.000000000,0
long_four_chains,2,learned-sync,0,4,200000,4,0,0,0,1,8297978.424343253,8656055,20.651555781,0.000000000,33.623562002,45.685623359,202208.000000000,4
long_four_chains,2,seeded-sync,1,4,200000,4,0,0,0,1,20832519.156250000,6227691,20.651555781,0.000000000,250.000000000,80.000000000,202208.000000000,0
long_four_chains,2,learned-sync,1,4,200000,4,0,0,0,1,8297978.424343253,6227691,20.651555781,0.000000000,33.623562002,45.685623359,202208.000000000,4
long_four_chains,2,seeded-sync,2,4,200000,4,0,0,0,1,20832519.156250000,7115630,20.651555781,0.000000000,250.000000000,80.000000000,202208.000000000,0
long_four_chains,2,learned-sync,2,4,200000,4,0,0,0,1,8297978.424343253,7115630,20.651555781,0.000000000,33.623562002,45.685623359,202208.000000000,4
long_four_chains,2,seeded-sync,3,4,200000,4,0,0,0,1,20832519.156250000,7343349,20.651555781,0.000000000,250.000000000,80.000000000,202208.000000000,0
long_four_chains,2,learned-sync,3,4,200000,4,0,0,0,1,8297978.424343253,7343349,20.651555781,0.000000000,33.623562002,45.685623359,202208.000000000,4
long_four_chains,2,seeded-sync,4,4,200000,4,0,0,0,1,20832519.156250000,5324179,20.651555781,0.000000000,250.000000000,80.000000000,202208.000000000,0
long_four_chains,2,learned-sync,4,4,200000,4,0,0,0,1,8297978.424343253,5324179,20.651555781,0.000000000,33.623562002,45.685623359,202208.000000000,4
long_four_chains,2,seeded-sync,5,4,200000,4,0,0,0,1,20832519.156250000,5689731,20.651555781,0.000000000,250.000000000,80.000000000,202208.000000000,0
long_four_chains,2,learned-sync,5,4,200000,4,0,0,0,1,8297978.424343253,5689731,20.651555781,0.000000000,33.623562002,45.685623359,202208.000000000,4
long_four_chains,2,seeded-sync,6,4,200000,4,0,0,0,1,20832519.156250000,6740572,20.651555781,0.000000000,250.000000000,80.000000000,202208.000000000,0
long_four_chains,2,learned-sync,6,4,200000,4,0,0,0,1,8297978.424343253,6740572,20.651555781,0.000000000,33.623562002,45.685623359,202208.000000000,4
long_chain,0,seeded-sync,0,5,200000,1,0,0,0,1,17582911.187500000,28796892,20.489185938,0.000000000,250.000000000,80.000000000,285074.000000000,0
long_chain,0,learned-sync,0,5,200000,1,0,0,0,1,30945948.693962533,28796892,20.489185938,0.000000000,617.032312662,47.043625000,285074.000000000,4
long_chain,0,seeded-sync,1,5,200000,1,0,0,0,1,17582911.187500000,28842526,20.489185938,0.000000000,250.000000000,80.000000000,285074.000000000,0
long_chain,0,learned-sync,1,5,200000,1,0,0,0,1,30945948.693962533,28842526,20.489185938,0.000000000,617.032312662,47.043625000,285074.000000000,4
long_chain,0,seeded-sync,2,5,200000,1,0,0,0,1,17582911.187500000,28243317,20.489185938,0.000000000,250.000000000,80.000000000,285074.000000000,0
long_chain,0,learned-sync,2,5,200000,1,0,0,0,1,30945948.693962533,28243317,20.489185938,0.000000000,617.032312662,47.043625000,285074.000000000,4
long_chain,0,seeded-sync,3,5,200000,1,0,0,0,1,17582911.187500000,29001900,20.489185938,0.000000000,250.000000000,80.000000000,285074.000000000,0
long_chain,0,learned-sync,3,5,200000,1,0,0,0,1,30945948.693962533,29001900,20.489185938,0.000000000,617.032312662,47.043625000,285074.000000000,4
long_chain,0,seeded-sync,4,5,200000,1,0,0,0,1,17582911.187500000,29872187,20.489185938,0.000000000,250.000000000,80.000000000,285074.000000000,0
long_chain,0,learned-sync,4,5,200000,1,0,0,0,1,30945948.693962533,29872187,20.489185938,0.000000000,617.032312662,47.043625000,285074.000000000,4
long_chain,0,seeded-sync,5,5,200000,1,0,0,0,1,17582911.187500000,30000419,20.489185938,0.000000000,250.000000000,80.000000000,285074.000000000,0
long_chain,0,learned-sync,5,5,200000,1,0,0,0,1,30945948.693962533,30000419,20.489185938,0.000000000,617.032312662,47.043625000,285074.000000000,4
long_chain,0,seeded-sync,6,5,200000,1,0,0,0,1,17582911.187500000,29843515,20.489185938,0.000000000,250.000000000,80.000000000,285074.000000000,0
long_chain,0,learned-sync,6,5,200000,1,0,0,0,1,30945948.693962533,29843515,20.489185938,0.000000000,617.032312662,47.043625000,285074.000000000,4
long_many_chains,2,seeded-sync,0,7,200000,64,0,0,0,1,14133737.343750000,5341461,21.850686719,0.000000000,250.000000000,80.000000000,334840.000000000,0
long_many_chains,2,learned-sync,0,7,200000,64,0,0,0,1,7533391.507057695,5341461,21.850686719,0.000000000,54.177753365,44.814762500,334840.000000000,4
long_many_chains,2,seeded-sync,1,7,200000,64,0,0,0,1,14133737.343750000,4696461,21.850686719,0.000000000,250.000000000,80.000000000,334840.000000000,0
long_many_chains,2,learned-sync,1,7,200000,64,0,0,0,1,7533391.507057695,4696461,21.850686719,0.000000000,54.177753365,44.814762500,334840.000000000,4
long_many_chains,2,seeded-sync,2,7,200000,64,0,0,0,1,14133737.343750000,5153019,21.850686719,0.000000000,250.000000000,80.000000000,334840.000000000,0
long_many_chains,2,learned-sync,2,7,200000,64,0,0,0,1,7533391.507057695,5153019,21.850686719,0.000000000,54.177753365,44.814762500,334840.000000000,4
long_many_chains,2,seeded-sync,3,7,200000,64,0,0,0,1,14133737.343750000,5435643,21.850686719,0.000000000,250.000000000,80.000000000,334840.000000000,0
long_many_chains,2,learned-sync,3,7,200000,64,0,0,0,1,7533391.507057695,5435643,21.850686719,0.000000000,54.177753365,44.814762500,334840.000000000,4
long_many_chains,2,seeded-sync,4,7,200000,64,0,0,0,1,14133737.343750000,4920763,21.850686719,0.000000000,250.000000000,80.000000000,334840.000000000,0
long_many_chains,2,learned-sync,4,7,200000,64,0,0,0,1,7533391.507057695,4920763,21.850686719,0.000000000,54.177753365,44.814762500,334840.000000000,4
long_many_chains,2,seeded-sync,5,7,200000,64,0,0,0,1,14133737.343750000,5596411,21.850686719,0.000000000,250.000000000,80.000000000,334840.000000000,0
long_many_chains,2,learned-sync,5,7,200000,64,0,0,0,1,7533391.507057695,5596411,21.850686719,0.000000000,54.177753365,44.814762500,334840.000000000,4
long_many_chains,2,seeded-sync,6,7,200000,64,0,0,0,1,14133737.343750000,5362918,21.850686719,0.000000000,250.000000000,80.000000000,334840.000000000,0
long_many_chains,2,learned-sync,6,7,200000,64,0,0,0,1,7533391.507057695,5362918,21.850686719,0.000000000,54.177753365,44.814762500,334840.000000000,4
short_chain,2,seeded-sync,0,7,20000,1,0,0,0,1,1710291.812500000,3736544,20.692140625,0.000000000,250.000000000,80.000000000,353309.000000000,0
short_chain,2,learned-sync,0,7,20000,1,0,0,0,1,4087604.414755106,3736544,20.692140625,0.000000000,1111.778453766,50.031414062,353309.000000000,4
short_chain,2,seeded-sync,1,7,20000,1,0,0,0,1,1710291.812500000,3555422,20.692140625,0.000000000,250.000000000,80.000000000,353309.000000000,0
short_chain,2,learned-sync,1,7,20000,1,0,0,0,1,4087604.414755106,3555422,20.692140625,0.000000000,1111.778453766,50.031414062,353309.000000000,4
short_chain,2,seeded-sync,2,7,20000,1,0,0,0,1,1710291.812500000,3568601,20.692140625,0.000000000,250.000000000,80.000000000,353309.000000000,0
short_chain,2,learned-sync,2,7,20000,1,0,0,0,1,4087604.414755106,3568601,20.692140625,0.000000000,1111.778453766,50.031414062,353309.000000000,4
short_chain,2,seeded-sync,3,7,20000,1,0,0,0,1,1710291.812500000,3942307,20.692140625,0.000000000,250.000000000,80.000000000,353309.000000000,0
short_chain,2,learned-sync,3,7,20000,1,0,0,0,1,4087604.414755106,3942307,20.692140625,0.000000000,1111.778453766,50.031414062,353309.000000000,4
short_chain,2,seeded-sync,4,7,20000,1,0,0,0,1,1710291.812500000,3920596,20.692140625,0.000000000,250.000000000,80.000000000,353309.000000000,0
short_chain,2,learned-sync,4,7,20000,1,0,0,0,1,4087604.414755106,3920596,20.692140625,0.000000000,1111.778453766,50.031414062,353309.000000000,4
short_chain,2,seeded-sync,5,7,20000,1,0,0,0,1,1710291.812500000,4416538,20.692140625,0.000000000,250.000000000,80.000000000,353309.000000000,0
short_chain,2,learned-sync,5,7,20000,1,0,0,0,1,4087604.414755106,4416538,20.692140625,0.000000000,1111.778453766,50.031414062,353309.000000000,4
short_chain,2,seeded-sync,6,7,20000,1,0,0,0,1,1710291.812500000,3660329,20.692140625,0.000000000,250.000000000,80.000000000,353309.000000000,0
short_chain,2,learned-sync,6,7,20000,1,0,0,0,1,4087604.414755106,3660329,20.692140625,0.000000000,1111.778453766,50.031414062,353309.000000000,4
tiny_chain,0,seeded-sync,0,7,257,1,0,0,0,1,449980.734375000,487947,20.220756323,0.000000000,250.000000000,80.000000000,432574.000000000,0
tiny_chain,0,learned-sync,0,7,257,1,0,0,0,1,637436.210877177,487947,20.220756323,0.000000000,5347.825805664,48.538424125,432574.000000000,4
tiny_chain,0,seeded-sync,1,7,257,1,0,0,0,1,449980.734375000,534500,20.220756323,0.000000000,250.000000000,80.000000000,432574.000000000,0
tiny_chain,0,learned-sync,1,7,257,1,0,0,0,1,637436.210877177,534500,20.220756323,0.000000000,5347.825805664,48.538424125,432574.000000000,4
tiny_chain,0,seeded-sync,2,7,257,1,0,0,0,1,449980.734375000,571754,20.220756323,0.000000000,250.000000000,80.000000000,432574.000000000,0
tiny_chain,0,learned-sync,2,7,257,1,0,0,0,1,637436.210877177,571754,20.220756323,0.000000000,5347.825805664,48.538424125,432574.000000000,4
tiny_chain,0,seeded-sync,3,7,257,1,0,0,0,1,449980.734375000,507448,20.220756323,0.000000000,250.000000000,80.000000000,432574.000000000,0
tiny_chain,0,learned-sync,3,7,257,1,0,0,0,1,637436.210877177,507448,20.220756323,0.000000000,5347.825805664,48.538424125,432574.000000000,4
tiny_chain,0,seeded-sync,4,7,257,1,0,0,0,1,449980.734375000,456406,20.220756323,0.000000000,250.000000000,80.000000000,432574.000000000,0
tiny_chain,0,learned-sync,4,7,257,1,0,0,0,1,637436.210877177,456406,20.220756323,0.000000000,5347.825805664,48.538424125,432574.000000000,4
tiny_chain,0,seeded-sync,5,7,257,1,0,0,0,1,449980.734375000,473955,20.220756323,0.000000000,250.000000000,80.000000000,432574.000000000,0
tiny_chain,0,learned-sync,5,7,257,1,0,0,0,1,637436.210877177,473955,20.220756323,0.000000000,5347.825805664,48.538424125,432574.000000000,4
tiny_chain,0,seeded-sync,6,7,257,1,0,0,0,1,449980.734375000,490009,20.220756323,0.000000000,250.000000000,80.000000000,432574.000000000,0
tiny_chain,0,learned-sync,6,7,257,1,0,0,0,1,637436.210877177,490009,20.220756323,0.000000000,5347.825805664,48.538424125,432574.000000000,4
independent_after,2,seeded-sync,0,7,32768,4,0,16,1,1,3107532.162628174,1799115,21.809978962,108.817337036,250.000000000,80.000000000,338320.000000000,0
independent_after,2,learned-sync,0,7,32768,4,0,16,1,1,2465505.670975231,1799115,21.809978962,108.817337036,140.192708651,52.680744648,338320.000000000,4
independent_after,2,seeded-sync,1,7,32768,4,0,16,1,1,3107532.162628174,1992917,21.809978962,108.817337036,250.000000000,80.000000000,338320.000000000,0
independent_after,2,learned-sync,1,7,32768,4,0,16,1,1,2465505.670975231,1992917,21.809978962,108.817337036,140.192708651,52.680744648,338320.000000000,4
independent_after,2,seeded-sync,2,7,32768,4,0,16,1,1,3107532.162628174,2017510,21.809978962,108.817337036,250.000000000,80.000000000,338320.000000000,0
independent_after,2,learned-sync,2,7,32768,4,0,16,1,1,2465505.670975231,2017510,21.809978962,108.817337036,140.192708651,52.680744648,338320.000000000,4
independent_after,2,seeded-sync,3,7,32768,4,0,16,1,1,3107532.162628174,2176213,21.809978962,108.817337036,250.000000000,80.000000000,338320.000000000,0
independent_after,2,learned-sync,3,7,32768,4,0,16,1,1,2465505.670975231,2176213,21.809978962,108.817337036,140.192708651,52.680744648,338320.000000000,4
independent_after,2,seeded-sync,4,7,32768,4,0,16,1,1,3107532.162628174,2608318,21.809978962,108.817337036,250.000000000,80.000000000,338320.000000000,0
independent_after,2,learned-sync,4,7,32768,4,0,16,1,1,2465505.670975231,2608318,21.809978962,108.817337036,140.192708651,52.680744648,338320.000000000,4
independent_after,2,seeded-sync,5,7,32768,4,0,16,1,1,3107532.162628174,1880083,21.809978962,108.817337036,250.000000000,80.000000000,338320.000000000,0
independent_after,2,learned-sync,5,7,32768,4,0,16,1,1,2465505.670975231,1880083,21.809978962,108.817337036,140.192708651,52.680744648,338320.000000000,4
independent_after,2,seeded-sync,6,7,32768,4,0,16,1,1,3107532.162628174,1903951,21.809978962,108.817337036,250.000000000,80.000000000,338320.000000000,0
independent_after,2,learned-sync,6,7,32768,4,0,16,1,1,2465505.670975231,1903951,21.809978962,108.817337036,140.192708651,52.680744648,338320.000000000,4
short_many_chains,2,seeded-sync,0,8,20000,64,0,0,0,1,1606356.453125000,779528,20.378822656,0.000000000,250.000000000,80.000000000,373780.000000000,0
short_many_chains,2,learned-sync,0,8,20000,64,0,0,0,1,941306.413654946,779528,20.378822656,0.000000000,28.603464681,35.376519531,373780.000000000,4
short_many_chains,2,seeded-sync,1,8,20000,64,0,0,0,1,1606356.453125000,682492,20.378822656,0.000000000,250.000000000,80.000000000,373780.000000000,0
short_many_chains,2,learned-sync,1,8,20000,64,0,0,0,1,941306.413654946,682492,20.378822656,0.000000000,28.603464681,35.376519531,373780.000000000,4
short_many_chains,2,seeded-sync,2,8,20000,64,0,0,0,1,1606356.453125000,709914,20.378822656,0.000000000,250.000000000,80.000000000,373780.000000000,0
short_many_chains,2,learned-sync,2,8,20000,64,0,0,0,1,941306.413654946,709914,20.378822656,0.000000000,28.603464681,35.376519531,373780.000000000,4
short_many_chains,2,seeded-sync,3,8,20000,64,0,0,0,1,1606356.453125000,749763,20.378822656,0.000000000,250.000000000,80.000000000,373780.000000000,0
short_many_chains,2,learned-sync,3,8,20000,64,0,0,0,1,941306.413654946,749763,20.378822656,0.000000000,28.603464681,35.376519531,373780.000000000,4
short_many_chains,2,seeded-sync,4,8,20000,64,0,0,0,1,1606356.453125000,903087,20.378822656,0.000000000,250.000000000,80.000000000,373780.000000000,0
short_many_chains,2,learned-sync,4,8,20000,64,0,0,0,1,941306.413654946,903087,20.378822656,0.000000000,28.603464681,35.376519531,373780.000000000,4
short_many_chains,2,seeded-sync,5,8,20000,64,0,0,0,1,1606356.453125000,763428,20.378822656,0.000000000,250.000000000,80.000000000,373780.000000000,0
short_many_chains,2,learned-sync,5,8,20000,64,0,0,0,1,941306.413654946,763428,20.378822656,0.000000000,28.603464681,35.376519531,373780.000000000,4
short_many_chains,2,seeded-sync,6,8,20000,64,0,0,0,1,1606356.453125000,752002,20.378822656,0.000000000,250.000000000,80.000000000,373780.000000000,0
short_many_chains,2,learned-sync,6,8,20000,64,0,0,0,1,941306.413654946,752002,20.378822656,0.000000000,28.603464681,35.376519531,373780.000000000,4
uneven,0,seeded-sync,0,5,8193,3,4,8,0,1,1215188.766254348,764010,39.827669199,62.157823371,250.000000000,80.000000000,246134.000000000,0
uneven,0,learned-sync,0,5,8193,3,4,8,0,1,969497.392282934,764010,39.827669199,62.157823371,128.556984509,51.539797693,246134.000000000,4
uneven,0,seeded-sync,1,5,8193,3,4,8,0,1,1215188.766254348,741818,39.827669199,62.157823371,250.000000000,80.000000000,246134.000000000,0
uneven,0,learned-sync,1,5,8193,3,4,8,0,1,969497.392282934,741818,39.827669199,62.157823371,128.556984509,51.539797693,246134.000000000,4
uneven,0,seeded-sync,2,5,8193,3,4,8,0,1,1215188.766254348,758359,39.827669199,62.157823371,250.000000000,80.000000000,246134.000000000,0
uneven,0,learned-sync,2,5,8193,3,4,8,0,1,969497.392282934,758359,39.827669199,62.157823371,128.556984509,51.539797693,246134.000000000,4
uneven,0,seeded-sync,3,5,8193,3,4,8,0,1,1215188.766254348,710407,39.827669199,62.157823371,250.000000000,80.000000000,246134.000000000,0
uneven,0,learned-sync,3,5,8193,3,4,8,0,1,969497.392282934,710407,39.827669199,62.157823371,128.556984509,51.539797693,246134.000000000,4
uneven,0,seeded-sync,4,5,8193,3,4,8,0,1,1215188.766254348,729889,39.827669199,62.157823371,250.000000000,80.000000000,246134.000000000,0
uneven,0,learned-sync,4,5,8193,3,4,8,0,1,969497.392282934,729889,39.827669199,62.157823371,128.556984509,51.539797693,246134.000000000,4
uneven,0,seeded-sync,5,5,8193,3,4,8,0,1,1215188.766254348,671893,39.827669199,62.157823371,250.000000000,80.000000000,246134.000000000,0
uneven,0,learned-sync,5,5,8193,3,4,8,0,1,969497.392282934,671893,39.827669199,62.157823371,128.556984509,51.539797693,246134.000000000,4
uneven,0,seeded-sync,6,5,8193,3,4,8,0,1,1215188.766254348,662713,39.827669199,62.157823371,250.000000000,80.000000000,246134.000000000,0
uneven,0,learned-sync,6,5,8193,3,4,8,0,1,969497.392282934,662713,39.827669199,62.157823371,128.556984509,51.539797693,246134.000000000,4
dependent_compute,2,seeded-sync,0,4,32768,1,16,0,0,1,6403718.546875000,7251039,107.190324306,0.000000000,250.000000000,80.000000000,187946.000000000,0
dependent_compute,2,learned-sync,0,4,32768,1,16,0,0,1,9645184.435206700,7251039,107.190324306,0.000000000,677.584576804,48.102177143,187946.000000000,4
dependent_compute,2,seeded-sync,1,4,32768,1,16,0,0,1,6403718.546875000,7250965,107.190324306,0.000000000,250.000000000,80.000000000,187946.000000000,0
dependent_compute,2,learned-sync,1,4,32768,1,16,0,0,1,9645184.435206700,7250965,107.190324306,0.000000000,677.584576804,48.102177143,187946.000000000,4
dependent_compute,2,seeded-sync,2,4,32768,1,16,0,0,1,6403718.546875000,7601299,107.190324306,0.000000000,250.000000000,80.000000000,187946.000000000,0
dependent_compute,2,learned-sync,2,4,32768,1,16,0,0,1,9645184.435206700,7601299,107.190324306,0.000000000,677.584576804,48.102177143,187946.000000000,4
dependent_compute,2,seeded-sync,3,4,32768,1,16,0,0,1,6403718.546875000,7235501,107.190324306,0.000000000,250.000000000,80.000000000,187946.000000000,0
dependent_compute,2,learned-sync,3,4,32768,1,16,0,0,1,9645184.435206700,7235501,107.190324306,0.000000000,677.584576804,48.102177143,187946.000000000,4
dependent_compute,2,seeded-sync,4,4,32768,1,16,0,0,1,6403718.546875000,7498536,107.190324306,0.000000000,250.000000000,80.000000000,187946.000000000,0
dependent_compute,2,learned-sync,4,4,32768,1,16,0,0,1,9645184.435206700,7498536,107.190324306,0.000000000,677.584576804,48.102177143,187946.000000000,4
dependent_compute,2,seeded-sync,5,4,32768,1,16,0,0,1,6403718.546875000,7289653,107.190324306,0.000000000,250.000000000,80.000000000,187946.000000000,0
dependent_compute,2,learned-sync,5,4,32768,1,16,0,0,1,9645184.435206700,7289653,107.190324306,0.000000000,677.584576804,48.102177143,187946.000000000,4
dependent_compute,2,seeded-sync,6,4,32768,1,16,0,0,1,6403718.546875000,7976368,107.190324306,0.000000000,250.000000000,80.000000000,187946.000000000,0
dependent_compute,2,learned-sync,6,4,32768,1,16,0,0,1,9645184.435206700,7976368,107.190324306,0.000000000,677.584576804,48.102177143,187946.000000000,4
independent_before,0,seeded-sync,0,7,32768,4,0,16,0,1,3074242.636502266,1952924,21.029689789,108.323315144,250.000000000,80.000000000,332912.000000000,0
independent_before,0,learned-sync,0,7,32768,4,0,16,0,1,2233078.381657159,1952924,21.029689789,108.323315144,100.718564011,49.622261524,332912.000000000,4
independent_before,0,seeded-sync,1,7,32768,4,0,16,0,1,3074242.636502266,1756901,21.029689789,108.323315144,250.000000000,80.000000000,332912.000000000,0
independent_before,0,learned-sync,1,7,32768,4,0,16,0,1,2233078.381657159,1756901,21.029689789,108.323315144,100.718564011,49.622261524,332912.000000000,4
independent_before,0,seeded-sync,2,7,32768,4,0,16,0,1,3074242.636502266,1716318,21.029689789,108.323315144,250.000000000,80.000000000,332912.000000000,0
independent_before,0,learned-sync,2,7,32768,4,0,16,0,1,2233078.381657159,1716318,21.029689789,108.323315144,100.718564011,49.622261524,332912.000000000,4
independent_before,0,seeded-sync,3,7,32768,4,0,16,0,1,3074242.636502266,1736466,21.029689789,108.323315144,250.000000000,80.000000000,332912.000000000,0
independent_before,0,learned-sync,3,7,32768,4,0,16,0,1,2233078.381657159,1736466,21.029689789,108.323315144,100.718564011,49.622261524,332912.000000000,4
independent_before,0,seeded-sync,4,7,32768,4,0,16,0,1,3074242.636502266,1697693,21.029689789,108.323315144,250.000000000,80.000000000,332912.000000000,0
independent_before,0,learned-sync,4,7,32768,4,0,16,0,1,2233078.381657159,1697693,21.029689789,108.323315144,100.718564011,49.622261524,332912.000000000,4
independent_before,0,seeded-sync,5,7,32768,4,0,16,0,1,3074242.636502266,1713369,21.029689789,108.323315144,250.000000000,80.000000000,332912.000000000,0
independent_before,0,learned-sync,5,7,32768,4,0,16,0,1,2233078.381657159,1713369,21.029689789,108.323315144,100.718564011,49.622261524,332912.000000000,4
independent_before,0,seeded-sync,6,7,32768,4,0,16,0,1,3074242.636502266,1772222,21.029689789,108.323315144,250.000000000,80.000000000,332912.000000000,0
independent_before,0,learned-sync,6,7,32768,4,0,16,0,1,2233078.381657159,1772222,21.029689789,108.323315144,100.718564011,49.622261524,332912.000000000,4
uneven,1,seeded-sync,0,3,8193,3,4,8,0,1,1566074.895833333,623821,39.424443885,62.568812553,250.000000000,80.000000000,170965.000000000,0
uneven,1,learned-sync,0,3,8193,3,4,8,0,1,819223.037936890,623821,39.424443885,62.568812553,27.886895223,28.641168528,170965.000000000,4
uneven,1,seeded-sync,1,3,8193,3,4,8,0,1,1566074.895833333,633322,39.424443885,62.568812553,250.000000000,80.000000000,170965.000000000,0
uneven,1,learned-sync,1,3,8193,3,4,8,0,1,819223.037936890,633322,39.424443885,62.568812553,27.886895223,28.641168528,170965.000000000,4
uneven,1,seeded-sync,2,3,8193,3,4,8,0,1,1566074.895833333,613760,39.424443885,62.568812553,250.000000000,80.000000000,170965.000000000,0
uneven,1,learned-sync,2,3,8193,3,4,8,0,1,819223.037936890,613760,39.424443885,62.568812553,27.886895223,28.641168528,170965.000000000,4
uneven,1,seeded-sync,3,3,8193,3,4,8,0,1,1566074.895833333,576520,39.424443885,62.568812553,250.000000000,80.000000000,170965.000000000,0
uneven,1,learned-sync,3,3,8193,3,4,8,0,1,819223.037936890,576520,39.424443885,62.568812553,27.886895223,28.641168528,170965.000000000,4
uneven,1,seeded-sync,4,3,8193,3,4,8,0,1,1566074.895833333,574472,39.424443885,62.568812553,250.000000000,80.000000000,170965.000000000,0
uneven,1,learned-sync,4,3,8193,3,4,8,0,1,819223.037936890,574472,39.424443885,62.568812553,27.886895223,28.641168528,170965.000000000,4
uneven,1,seeded-sync,5,3,8193,3,4,8,0,1,1566074.895833333,647952,39.424443885,62.568812553,250.000000000,80.000000000,170965.000000000,0
uneven,1,learned-sync,5,3,8193,3,4,8,0,1,819223.037936890,647952,39.424443885,62.568812553,27.886895223,28.641168528,170965.000000000,4
uneven,1,seeded-sync,6,3,8193,3,4,8,0,1,1566074.895833333,680316,39.424443885,62.568812553,250.000000000,80.000000000,170965.000000000,0
uneven,1,learned-sync,6,3,8193,3,4,8,0,1,819223.037936890,680316,39.424443885,62.568812553,27.886895223,28.641168528,170965.000000000,4
tiny_chain,2,seeded-sync,0,5,257,1,0,0,0,1,306455.625000000,329421,56.274805447,0.000000000,250.000000000,80.000000000,274833.000000000,0
tiny_chain,2,learned-sync,0,5,257,1,0,0,0,1,407455.422241686,329421,56.274805447,0.000000000,2226.731079102,45.572714008,274833.000000000,4
tiny_chain,2,seeded-sync,1,5,257,1,0,0,0,1,306455.625000000,344235,56.274805447,0.000000000,250.000000000,80.000000000,274833.000000000,0
tiny_chain,2,learned-sync,1,5,257,1,0,0,0,1,407455.422241686,344235,56.274805447,0.000000000,2226.731079102,45.572714008,274833.000000000,4
tiny_chain,2,seeded-sync,2,5,257,1,0,0,0,1,306455.625000000,333941,56.274805447,0.000000000,250.000000000,80.000000000,274833.000000000,0
tiny_chain,2,learned-sync,2,5,257,1,0,0,0,1,407455.422241686,333941,56.274805447,0.000000000,2226.731079102,45.572714008,274833.000000000,4
tiny_chain,2,seeded-sync,3,5,257,1,0,0,0,1,306455.625000000,316252,56.274805447,0.000000000,250.000000000,80.000000000,274833.000000000,0
tiny_chain,2,learned-sync,3,5,257,1,0,0,0,1,407455.422241686,316252,56.274805447,0.000000000,2226.731079102,45.572714008,274833.000000000,4
tiny_chain,2,seeded-sync,4,5,257,1,0,0,0,1,306455.625000000,298702,56.274805447,0.000000000,250.000000000,80.000000000,274833.000000000,0
tiny_chain,2,learned-sync,4,5,257,1,0,0,0,1,407455.422241686,298702,56.274805447,0.000000000,2226.731079102,45.572714008,274833.000000000,4
tiny_chain,2,seeded-sync,5,5,257,1,0,0,0,1,306455.625000000,308253,56.274805447,0.000000000,250.000000000,80.000000000,274833.000000000,0
tiny_chain,2,learned-sync,5,5,257,1,0,0,0,1,407455.422241686,308253,56.274805447,0.000000000,2226.731079102,45.572714008,274833.000000000,4
tiny_chain,2,seeded-sync,6,5,257,1,0,0,0,1,306455.625000000,367892,56.274805447,0.000000000,250.000000000,80.000000000,274833.000000000,0
tiny_chain,2,learned-sync,6,5,257,1,0,0,0,1,407455.422241686,367892,56.274805447,0.000000000,2226.731079102,45.572714008,274833.000000000,4
short_chain,1,seeded-sync,0,6,20000,1,0,0,0,1,1816175.875000000,3389894,20.233243750,0.000000000,250.000000000,80.000000000,311291.000000000,0
short_chain,1,learned-sync,0,6,20000,1,0,0,0,1,3714542.349597040,3389894,20.233243750,0.000000000,851.982079573,47.413983594,311291.000000000,4
short_chain,1,seeded-sync,1,6,20000,1,0,0,0,1,1816175.875000000,3638094,20.233243750,0.000000000,250.000000000,80.000000000,311291.000000000,0
short_chain,1,learned-sync,1,6,20000,1,0,0,0,1,3714542.349597040,3638094,20.233243750,0.000000000,851.982079573,47.413983594,311291.000000000,4
short_chain,1,seeded-sync,2,6,20000,1,0,0,0,1,1816175.875000000,3531251,20.233243750,0.000000000,250.000000000,80.000000000,311291.000000000,0
short_chain,1,learned-sync,2,6,20000,1,0,0,0,1,3714542.349597040,3531251,20.233243750,0.000000000,851.982079573,47.413983594,311291.000000000,4
short_chain,1,seeded-sync,3,6,20000,1,0,0,0,1,1816175.875000000,3679269,20.233243750,0.000000000,250.000000000,80.000000000,311291.000000000,0
short_chain,1,learned-sync,3,6,20000,1,0,0,0,1,3714542.349597040,3679269,20.233243750,0.000000000,851.982079573,47.413983594,311291.000000000,4
short_chain,1,seeded-sync,4,6,20000,1,0,0,0,1,1816175.875000000,3620609,20.233243750,0.000000000,250.000000000,80.000000000,311291.000000000,0
short_chain,1,learned-sync,4,6,20000,1,0,0,0,1,3714542.349597040,3620609,20.233243750,0.000000000,851.982079573,47.413983594,311291.000000000,4
short_chain,1,seeded-sync,5,6,20000,1,0,0,0,1,1816175.875000000,3478119,20.233243750,0.000000000,250.000000000,80.000000000,311291.000000000,0
short_chain,1,learned-sync,5,6,20000,1,0,0,0,1,3714542.349597040,3478119,20.233243750,0.000000000,851.982079573,47.413983594,311291.000000000,4
short_chain,1,seeded-sync,6,6,20000,1,0,0,0,1,1816175.875000000,3967409,20.233243750,0.000000000,250.000000000,80.000000000,311291.000000000,0
short_chain,1,learned-sync,6,6,20000,1,0,0,0,1,3714542.349597040,3967409,20.233243750,0.000000000,851.982079573,47.413983594,311291.000000000,4
two_streams,0,seeded-sync,0,3,32768,4,0,0,0,2,8132957.718750000,3447678,21.150046349,0.000000000,250.000000000,80.000000000,230733.000000000,0
two_streams,0,learned-sync,0,3,32768,4,0,0,0,2,2881576.264211021,3447678,21.150046349,0.000000000,46.126177216,43.491992950,230733.000000000,4
two_streams,0,seeded-sync,1,3,32768,4,0,0,0,2,8132957.718750000,3690270,21.150046349,0.000000000,250.000000000,80.000000000,230733.000000000,0
two_streams,0,learned-sync,1,3,32768,4,0,0,0,2,2881576.264211021,3690270,21.150046349,0.000000000,46.126177216,43.491992950,230733.000000000,4
two_streams,0,seeded-sync,2,3,32768,4,0,0,0,2,8132957.718750000,3548451,21.150046349,0.000000000,250.000000000,80.000000000,230733.000000000,0
two_streams,0,learned-sync,2,3,32768,4,0,0,0,2,2881576.264211021,3548451,21.150046349,0.000000000,46.126177216,43.491992950,230733.000000000,4
two_streams,0,seeded-sync,3,3,32768,4,0,0,0,2,8132957.718750000,3890344,21.150046349,0.000000000,250.000000000,80.000000000,230733.000000000,0
two_streams,0,learned-sync,3,3,32768,4,0,0,0,2,2881576.264211021,3890344,21.150046349,0.000000000,46.126177216,43.491992950,230733.000000000,4
two_streams,0,seeded-sync,4,3,32768,4,0,0,0,2,8132957.718750000,3588063,21.150046349,0.000000000,250.000000000,80.000000000,230733.000000000,0
two_streams,0,learned-sync,4,3,32768,4,0,0,0,2,2881576.264211021,3588063,21.150046349,0.000000000,46.126177216,43.491992950,230733.000000000,4
two_streams,0,seeded-sync,5,3,32768,4,0,0,0,2,8132957.718750000,3551454,21.150046349,0.000000000,250.000000000,80.000000000,230733.000000000,0
two_streams,0,learned-sync,5,3,32768,4,0,0,0,2,2881576.264211021,3551454,21.150046349,0.000000000,46.126177216,43.491992950,230733.000000000,4
two_streams,0,seeded-sync,6,3,32768,4,0,0,0,2,8132957.718750000,3579320,21.150046349,0.000000000,250.000000000,80.000000000,230733.000000000,0
two_streams,0,learned-sync,6,3,32768,4,0,0,0,2,2881576.264211021,3579320,21.150046349,0.000000000,46.126177216,43.491992950,230733.000000000,4
uneven,2,seeded-sync,0,8,8193,3,4,8,0,1,1370768.702856097,955102,43.146334905,65.667103396,250.000000000,80.000000000,611712.000000000,0
uneven,2,learned-sync,0,8,8193,3,4,8,0,1,1556071.331510759,955102,43.146334905,65.667103396,447.401373626,63.381678720,611712.000000000,4
uneven,2,seeded-sync,1,8,8193,3,4,8,0,1,1370768.702856097,1113881,43.146334905,65.667103396,250.000000000,80.000000000,611712.000000000,0
uneven,2,learned-sync,1,8,8193,3,4,8,0,1,1556071.331510759,1113881,43.146334905,65.667103396,447.401373626,63.381678720,611712.000000000,4
uneven,2,seeded-sync,2,8,8193,3,4,8,0,1,1370768.702856097,955854,43.146334905,65.667103396,250.000000000,80.000000000,611712.000000000,0
uneven,2,learned-sync,2,8,8193,3,4,8,0,1,1556071.331510759,955854,43.146334905,65.667103396,447.401373626,63.381678720,611712.000000000,4
uneven,2,seeded-sync,3,8,8193,3,4,8,0,1,1370768.702856097,1169258,43.146334905,65.667103396,250.000000000,80.000000000,611712.000000000,0
uneven,2,learned-sync,3,8,8193,3,4,8,0,1,1556071.331510759,1169258,43.146334905,65.667103396,447.401373626,63.381678720,611712.000000000,4
uneven,2,seeded-sync,4,8,8193,3,4,8,0,1,1370768.702856097,1105110,43.146334905,65.667103396,250.000000000,80.000000000,611712.000000000,0
uneven,2,learned-sync,4,8,8193,3,4,8,0,1,1556071.331510759,1105110,43.146334905,65.667103396,447.401373626,63.381678720,611712.000000000,4
uneven,2,seeded-sync,5,8,8193,3,4,8,0,1,1370768.702856097,1087294,43.146334905,65.667103396,250.000000000,80.000000000,611712.000000000,0
uneven,2,learned-sync,5,8,8193,3,4,8,0,1,1556071.331510759,1087294,43.146334905,65.667103396,447.401373626,63.381678720,611712.000000000,4
uneven,2,seeded-sync,6,8,8193,3,4,8,0,1,1370768.702856097,1025082,43.146334905,65.667103396,250.000000000,80.000000000,611712.000000000,0
uneven,2,learned-sync,6,8,8193,3,4,8,0,1,1556071.331510759,1025082,43.146334905,65.667103396,447.401373626,63.381678720,611712.000000000,4
uneven,1,seeded-sync,0,2,8193,3,4,8,0,1,2096664.383057564,1173483,40.938190376,65.781740129,250.000000000,80.000000000,139740.000000000,0
uneven,1,learned-sync,0,2,8193,3,4,8,0,1,1166150.924341886,1173483,40.938190376,65.781740129,49.781293880,53.098018125,139740.000000000,4
uneven,1,seeded-sync,1,2,8193,3,4,8,0,1,2096664.383057564,1115047,40.938190376,65.781740129,250.000000000,80.000000000,139740.000000000,0
uneven,1,learned-sync,1,2,8193,3,4,8,0,1,1166150.924341886,1115047,40.938190376,65.781740129,49.781293880,53.098018125,139740.000000000,4
uneven,1,seeded-sync,2,2,8193,3,4,8,0,1,2096664.383057564,990193,40.938190376,65.781740129,250.000000000,80.000000000,139740.000000000,0
uneven,1,learned-sync,2,2,8193,3,4,8,0,1,1166150.924341886,990193,40.938190376,65.781740129,49.781293880,53.098018125,139740.000000000,4
uneven,1,seeded-sync,3,2,8193,3,4,8,0,1,2096664.383057564,1273458,40.938190376,65.781740129,250.000000000,80.000000000,139740.000000000,0
uneven,1,learned-sync,3,2,8193,3,4,8,0,1,1166150.924341886,1273458,40.938190376,65.781740129,49.781293880,53.098018125,139740.000000000,4
uneven,1,seeded-sync,4,2,8193,3,4,8,0,1,2096664.383057564,1036242,40.938190376,65.781740129,250.000000000,80.000000000,139740.000000000,0
uneven,1,learned-sync,4,2,8193,3,4,8,0,1,1166150.924341886,1036242,40.938190376,65.781740129,49.781293880,53.098018125,139740.000000000,4
uneven,1,seeded-sync,5,2,8193,3,4,8,0,1,2096664.383057564,1260775,40.938190376,65.781740129,250.000000000,80.000000000,139740.000000000,0
uneven,1,learned-sync,5,2,8193,3,4,8,0,1,1166150.924341886,1260775,40.938190376,65.781740129,49.781293880,53.098018125,139740.000000000,4
uneven,1,seeded-sync,6,2,8193,3,4,8,0,1,2096664.383057564,1179169,40.938190376,65.781740129,250.000000000,80.000000000,139740.000000000,0
uneven,1,learned-sync,6,2,8193,3,4,8,0,1,1166150.924341886,1179169,40.938190376,65.781740129,49.781293880,53.098018125,139740.000000000,4
short_four_chains,0,seeded-sync,0,7,20000,4,0,0,0,1,1688818.000000000,1300881,20.758150000,0.000000000,250.000000000,80.000000000,330515.000000000,0
short_four_chains,0,learned-sync,0,7,20000,4,0,0,0,1,1600736.373462423,1300881,20.758150000,0.000000000,236.925513228,62.255163281,330515.000000000,4
short_four_chains,0,seeded-sync,1,7,20000,4,0,0,0,1,1688818.000000000,1340443,20.758150000,0.000000000,250.000000000,80.000000000,330515.000000000,0
short_four_chains,0,learned-sync,1,7,20000,4,0,0,0,1,1600736.373462423,1340443,20.758150000,0.000000000,236.925513228,62.255163281,330515.000000000,4
short_four_chains,0,seeded-sync,2,7,20000,4,0,0,0,1,1688818.000000000,1334163,20.758150000,0.000000000,250.000000000,80.000000000,330515.000000000,0
short_four_chains,0,learned-sync,2,7,20000,4,0,0,0,1,1600736.373462423,1334163,20.758150000,0.000000000,236.925513228,62.255163281,330515.000000000,4
short_four_chains,0,seeded-sync,3,7,20000,4,0,0,0,1,1688818.000000000,1265643,20.758150000,0.000000000,250.000000000,80.000000000,330515.000000000,0
short_four_chains,0,learned-sync,3,7,20000,4,0,0,0,1,1600736.373462423,1265643,20.758150000,0.000000000,236.925513228,62.255163281,330515.000000000,4
short_four_chains,0,seeded-sync,4,7,20000,4,0,0,0,1,1688818.000000000,1478210,20.758150000,0.000000000,250.000000000,80.000000000,330515.000000000,0
short_four_chains,0,learned-sync,4,7,20000,4,0,0,0,1,1600736.373462423,1478210,20.758150000,0.000000000,236.925513228,62.255163281,330515.000000000,4
short_four_chains,0,seeded-sync,5,7,20000,4,0,0,0,1,1688818.000000000,1331628,20.758150000,0.000000000,250.000000000,80.000000000,330515.000000000,0
short_four_chains,0,learned-sync,5,7,20000,4,0,0,0,1,1600736.373462423,1331628,20.758150000,0.000000000,236.925513228,62.255163281,330515.000000000,4
short_four_chains,0,seeded-sync,6,7,20000,4,0,0,0,1,1688818.000000000,1596690,20.758150000,0.000000000,250.000000000,80.000000000,330515.000000000,0
short_four_chains,0,learned-sync,6,7,20000,4,0,0,0,1,1600736.373462423,1596690,20.758150000,0.000000000,236.925513228,62.255163281,330515.000000000,4
uneven,0,seeded-sync,0,4,8193,3,4,8,0,1,1372264.622036342,757541,41.255227404,70.970006789,250.000000000,80.000000000,212673.000000000,0
uneven,0,learned-sync,0,4,8193,3,4,8,0,1,974923.705188455,757541,41.255227404,70.970006789,87.394885150,48.685682519,212673.000000000,4
uneven,0,seeded-sync,1,4,8193,3,4,8,0,1,1372264.622036342,723056,41.255227404,70.970006789,250.000000000,80.000000000,212673.000000000,0
uneven,0,learned-sync,1,4,8193,3,4,8,0,1,974923.705188455,723056,41.255227404,70.970006789,87.394885150,48.685682519,212673.000000000,4
uneven,0,seeded-sync,2,4,8193,3,4,8,0,1,1372264.622036342,636490,41.255227404,70.970006789,250.000000000,80.000000000,212673.000000000,0
uneven,0,learned-sync,2,4,8193,3,4,8,0,1,974923.705188455,636490,41.255227404,70.970006789,87.394885150,48.685682519,212673.000000000,4
uneven,0,seeded-sync,3,4,8193,3,4,8,0,1,1372264.622036342,781966,41.255227404,70.970006789,250.000000000,80.000000000,212673.000000000,0
uneven,0,learned-sync,3,4,8193,3,4,8,0,1,974923.705188455,781966,41.255227404,70.970006789,87.394885150,48.685682519,212673.000000000,4
uneven,0,seeded-sync,4,4,8193,3,4,8,0,1,1372264.622036342,761298,41.255227404,70.970006789,250.000000000,80.000000000,212673.000000000,0
uneven,0,learned-sync,4,4,8193,3,4,8,0,1,974923.705188455,761298,41.255227404,70.970006789,87.394885150,48.685682519,212673.000000000,4
uneven,0,seeded-sync,5,4,8193,3,4,8,0,1,1372264.622036342,817589,41.255227404,70.970006789,250.000000000,80.000000000,212673.000000000,0
uneven,0,learned-sync,5,4,8193,3,4,8,0,1,974923.705188455,817589,41.255227404,70.970006789,87.394885150,48.685682519,212673.000000000,4
uneven,0,seeded-sync,6,4,8193,3,4,8,0,1,1372264.622036342,668064,41.255227404,70.970006789,250.000000000,80.000000000,212673.000000000,0
uneven,0,learned-sync,6,4,8193,3,4,8,0,1,974923.705188455,668064,41.255227404,70.970006789,87.394885150,48.685682519,212673.000000000,4
large_arrays,0,seeded-sync,0,4,1000000,64,0,0,0,1,103097205.984375000,29052702,20.387576984,0.000000000,250.000000000,80.000000000,209629.000000000,0
large_arrays,0,learned-sync,0,4,1000000,64,0,0,0,1,39722970.331350714,29052702,20.387576984,0.000000000,35.498736763,41.004320625,209629.000000000,4
large_arrays,0,seeded-sync,1,4,1000000,64,0,0,0,1,103097205.984375000,29749363,20.387576984,0.000000000,250.000000000,80.000000000,209629.000000000,0
large_arrays,0,learned-sync,1,4,1000000,64,0,0,0,1,39722970.331350714,29749363,20.387576984,0.000000000,35.498736763,41.004320625,209629.000000000,4
large_arrays,0,seeded-sync,2,4,1000000,64,0,0,0,1,103097205.984375000,35321102,20.387576984,0.000000000,250.000000000,80.000000000,209629.000000000,0
large_arrays,0,learned-sync,2,4,1000000,64,0,0,0,1,39722970.331350714,35321102,20.387576984,0.000000000,35.498736763,41.004320625,209629.000000000,4
large_arrays,0,seeded-sync,3,4,1000000,64,0,0,0,1,103097205.984375000,30676960,20.387576984,0.000000000,250.000000000,80.000000000,209629.000000000,0
large_arrays,0,learned-sync,3,4,1000000,64,0,0,0,1,39722970.331350714,30676960,20.387576984,0.000000000,35.498736763,41.004320625,209629.000000000,4
large_arrays,0,seeded-sync,4,4,1000000,64,0,0,0,1,103097205.984375000,28508562,20.387576984,0.000000000,250.000000000,80.000000000,209629.000000000,0
large_arrays,0,learned-sync,4,4,1000000,64,0,0,0,1,39722970.331350714,28508562,20.387576984,0.000000000,35.498736763,41.004320625,209629.000000000,4
large_arrays,0,seeded-sync,5,4,1000000,64,0,0,0,1,103097205.984375000,29425802,20.387576984,0.000000000,250.000000000,80.000000000,209629.000000000,0
large_arrays,0,learned-sync,5,4,1000000,64,0,0,0,1,39722970.331350714,29425802,20.387576984,0.000000000,35.498736763,41.004320625,209629.000000000,4
large_arrays,0,seeded-sync,6,4,1000000,64,0,0,0,1,103097205.984375000,35528388,20.387576984,0.000000000,250.000000000,80.000000000,209629.000000000,0
large_arrays,0,learned-sync,6,4,1000000,64,0,0,0,1,39722970.331350714,35528388,20.387576984,0.000000000,35.498736763,41.004320625,209629.000000000,4
two_streams,2,seeded-sync,0,3,32768,4,0,0,0,2,8098429.531250000,3222844,20.612839699,0.000000000,250.000000000,80.000000000,213808.000000000,0
two_streams,2,learned-sync,0,3,32768,4,0,0,0,2,2833023.716117970,3222844,20.612839699,0.000000000,45.981524119,42.994681358,213808.000000000,4
two_streams,2,seeded-sync,1,3,32768,4,0,0,0,2,8098429.531250000,3248883,20.612839699,0.000000000,250.000000000,80.000000000,213808.000000000,0
two_streams,2,learned-sync,1,3,32768,4,0,0,0,2,2833023.716117970,3248883,20.612839699,0.000000000,45.981524119,42.994681358,213808.000000000,4
two_streams,2,seeded-sync,2,3,32768,4,0,0,0,2,8098429.531250000,3202040,20.612839699,0.000000000,250.000000000,80.000000000,213808.000000000,0
two_streams,2,learned-sync,2,3,32768,4,0,0,0,2,2833023.716117970,3202040,20.612839699,0.000000000,45.981524119,42.994681358,213808.000000000,4
two_streams,2,seeded-sync,3,3,32768,4,0,0,0,2,8098429.531250000,3680698,20.612839699,0.000000000,250.000000000,80.000000000,213808.000000000,0
two_streams,2,learned-sync,3,3,32768,4,0,0,0,2,2833023.716117970,3680698,20.612839699,0.000000000,45.981524119,42.994681358,213808.000000000,4
two_streams,2,seeded-sync,4,3,32768,4,0,0,0,2,8098429.531250000,3312456,20.612839699,0.000000000,250.000000000,80.000000000,213808.000000000,0
two_streams,2,learned-sync,4,3,32768,4,0,0,0,2,2833023.716117970,3312456,20.612839699,0.000000000,45.981524119,42.994681358,213808.000000000,4
two_streams,2,seeded-sync,5,3,32768,4,0,0,0,2,8098429.531250000,3186519,20.612839699,0.000000000,250.000000000,80.000000000,213808.000000000,0
two_streams,2,learned-sync,5,3,32768,4,0,0,0,2,2833023.716117970,3186519,20.612839699,0.000000000,45.981524119,42.994681358,213808.000000000,4
two_streams,2,seeded-sync,6,3,32768,4,0,0,0,2,8098429.531250000,3224754,20.612839699,0.000000000,250.000000000,80.000000000,213808.000000000,0
two_streams,2,learned-sync,6,3,32768,4,0,0,0,2,2833023.716117970,3224754,20.612839699,0.000000000,45.981524119,42.994681358,213808.000000000,4
two_streams,0,seeded-sync,0,8,32768,4,0,0,0,2,3807294.656250000,3191189,20.754536629,0.000000000,250.000000000,80.000000000,423850.000000000,0
two_streams,0,learned-sync,0,8,32768,4,0,0,0,2,2585894.235356928,3191189,20.754536629,0.000000000,135.858403803,45.044865131,423850.000000000,4
two_streams,0,seeded-sync,1,8,32768,4,0,0,0,2,3807294.656250000,2190553,20.754536629,0.000000000,250.000000000,80.000000000,423850.000000000,0
two_streams,0,learned-sync,1,8,32768,4,0,0,0,2,2585894.235356928,2190553,20.754536629,0.000000000,135.858403803,45.044865131,423850.000000000,4
two_streams,0,seeded-sync,2,8,32768,4,0,0,0,2,3807294.656250000,2169252,20.754536629,0.000000000,250.000000000,80.000000000,423850.000000000,0
two_streams,0,learned-sync,2,8,32768,4,0,0,0,2,2585894.235356928,2169252,20.754536629,0.000000000,135.858403803,45.044865131,423850.000000000,4
two_streams,0,seeded-sync,3,8,32768,4,0,0,0,2,3807294.656250000,3011205,20.754536629,0.000000000,250.000000000,80.000000000,423850.000000000,0
two_streams,0,learned-sync,3,8,32768,4,0,0,0,2,2585894.235356928,3011205,20.754536629,0.000000000,135.858403803,45.044865131,423850.000000000,4
two_streams,0,seeded-sync,4,8,32768,4,0,0,0,2,3807294.656250000,2284917,20.754536629,0.000000000,250.000000000,80.000000000,423850.000000000,0
two_streams,0,learned-sync,4,8,32768,4,0,0,0,2,2585894.235356928,2284917,20.754536629,0.000000000,135.858403803,45.044865131,423850.000000000,4
two_streams,0,seeded-sync,5,8,32768,4,0,0,0,2,3807294.656250000,2204966,20.754536629,0.000000000,250.000000000,80.000000000,423850.000000000,0
two_streams,0,learned-sync,5,8,32768,4,0,0,0,2,2585894.235356928,2204966,20.754536629,0.000000000,135.858403803,45.044865131,423850.000000000,4
two_streams,0,seeded-sync,6,8,32768,4,0,0,0,2,3807294.656250000,2320400,20.754536629,0.000000000,250.000000000,80.000000000,423850.000000000,0
two_streams,0,learned-sync,6,8,32768,4,0,0,0,2,2585894.235356928,2320400,20.754536629,0.000000000,135.858403803,45.044865131,423850.000000000,4
short_four_chains,1,seeded-sync,0,7,20000,4,0,0,0,1,1717722.125000000,1399082,20.998456250,0.000000000,250.000000000,80.000000000,354613.000000000,0
short_four_chains,1,learned-sync,0,7,20000,4,0,0,0,1,1519142.419715112,1399082,20.998456250,0.000000000,196.250548547,64.267399219,354613.000000000,4
short_four_chains,1,seeded-sync,1,7,20000,4,0,0,0,1,1717722.125000000,1279552,20.998456250,0.000000000,250.000000000,80.000000000,354613.000000000,0
short_four_chains,1,learned-sync,1,7,20000,4,0,0,0,1,1519142.419715112,1279552,20.998456250,0.000000000,196.250548547,64.267399219,354613.000000000,4
short_four_chains,1,seeded-sync,2,7,20000,4,0,0,0,1,1717722.125000000,1351396,20.998456250,0.000000000,250.000000000,80.000000000,354613.000000000,0
short_four_chains,1,learned-sync,2,7,20000,4,0,0,0,1,1519142.419715112,1351396,20.998456250,0.000000000,196.250548547,64.267399219,354613.000000000,4
short_four_chains,1,seeded-sync,3,7,20000,4,0,0,0,1,1717722.125000000,1228291,20.998456250,0.000000000,250.000000000,80.000000000,354613.000000000,0
short_four_chains,1,learned-sync,3,7,20000,4,0,0,0,1,1519142.419715112,1228291,20.998456250,0.000000000,196.250548547,64.267399219,354613.000000000,4
short_four_chains,1,seeded-sync,4,7,20000,4,0,0,0,1,1717722.125000000,1213598,20.998456250,0.000000000,250.000000000,80.000000000,354613.000000000,0
short_four_chains,1,learned-sync,4,7,20000,4,0,0,0,1,1519142.419715112,1213598,20.998456250,0.000000000,196.250548547,64.267399219,354613.000000000,4
short_four_chains,1,seeded-sync,5,7,20000,4,0,0,0,1,1717722.125000000,1516622,20.998456250,0.000000000,250.000000000,80.000000000,354613.000000000,0
short_four_chains,1,learned-sync,5,7,20000,4,0,0,0,1,1519142.419715112,1516622,20.998456250,0.000000000,196.250548547,64.267399219,354613.000000000,4
short_four_chains,1,seeded-sync,6,7,20000,4,0,0,0,1,1717722.125000000,1602590,20.998456250,0.000000000,250.000000000,80.000000000,354613.000000000,0
short_four_chains,1,learned-sync,6,7,20000,4,0,0,0,1,1519142.419715112,1602590,20.998456250,0.000000000,196.250548547,64.267399219,354613.000000000,4
short_four_chains,1,seeded-sync,0,5,20000,4,0,0,0,1,2042163.015625000,1036921,20.806600781,0.000000000,250.000000000,80.000000000,306031.000000000,0
short_four_chains,1,learned-sync,0,5,20000,4,0,0,0,1,1361385.695837292,1036921,20.806600781,0.000000000,108.201827866,51.603842188,306031.000000000,4
short_four_chains,1,seeded-sync,1,5,20000,4,0,0,0,1,2042163.015625000,1228843,20.806600781,0.000000000,250.000000000,80.000000000,306031.000000000,0
short_four_chains,1,learned-sync,1,5,20000,4,0,0,0,1,1361385.695837292,1228843,20.806600781,0.000000000,108.201827866,51.603842188,306031.000000000,4
short_four_chains,1,seeded-sync,2,5,20000,4,0,0,0,1,2042163.015625000,1142406,20.806600781,0.000000000,250.000000000,80.000000000,306031.000000000,0
short_four_chains,1,learned-sync,2,5,20000,4,0,0,0,1,1361385.695837292,1142406,20.806600781,0.000000000,108.201827866,51.603842188,306031.000000000,4
short_four_chains,1,seeded-sync,3,5,20000,4,0,0,0,1,2042163.015625000,1087175,20.806600781,0.000000000,250.000000000,80.000000000,306031.000000000,0
short_four_chains,1,learned-sync,3,5,20000,4,0,0,0,1,1361385.695837292,1087175,20.806600781,0.000000000,108.201827866,51.603842188,306031.000000000,4
short_four_chains,1,seeded-sync,4,5,20000,4,0,0,0,1,2042163.015625000,1182925,20.806600781,0.000000000,250.000000000,80.000000000,306031.000000000,0
short_four_chains,1,learned-sync,4,5,20000,4,0,0,0,1,1361385.695837292,1182925,20.806600781,0.000000000,108.201827866,51.603842188,306031.000000000,4
short_four_chains,1,seeded-sync,5,5,20000,4,0,0,0,1,2042163.015625000,1043119,20.806600781,0.000000000,250.000000000,80.000000000,306031.000000000,0
short_four_chains,1,learned-sync,5,5,20000,4,0,0,0,1,1361385.695837292,1043119,20.806600781,0.000000000,108.201827866,51.603842188,306031.000000000,4
short_four_chains,1,seeded-sync,6,5,20000,4,0,0,0,1,2042163.015625000,1311928,20.806600781,0.000000000,250.000000000,80.000000000,306031.000000000,0
short_four_chains,1,learned-sync,6,5,20000,4,0,0,0,1,1361385.695837292,1311928,20.806600781,0.000000000,108.201827866,51.603842188,306031.000000000,4
long_chain,1,seeded-sync,0,4,200000,1,0,0,0,1,20806973.625000000,26527927,20.528968125,0.000000000,250.000000000,80.000000000,201180.000000000,0
long_chain,1,learned-sync,0,4,200000,1,0,0,0,1,28065353.100294210,26527927,20.528968125,0.000000000,426.166801850,49.000787656,201180.000000000,4
long_chain,1,seeded-sync,1,4,200000,1,0,0,0,1,20806973.625000000,27209069,20.528968125,0.000000000,250.000000000,80.000000000,201180.000000000,0
long_chain,1,learned-sync,1,4,200000,1,0,0,0,1,28065353.100294210,27209069,20.528968125,0.000000000,426.166801850,49.000787656,201180.000000000,4
long_chain,1,seeded-sync,2,4,200000,1,0,0,0,1,20806973.625000000,28667186,20.528968125,0.000000000,250.000000000,80.000000000,201180.000000000,0
long_chain,1,learned-sync,2,4,200000,1,0,0,0,1,28065353.100294210,28667186,20.528968125,0.000000000,426.166801850,49.000787656,201180.000000000,4
long_chain,1,seeded-sync,3,4,200000,1,0,0,0,1,20806973.625000000,26825129,20.528968125,0.000000000,250.000000000,80.000000000,201180.000000000,0
long_chain,1,learned-sync,3,4,200000,1,0,0,0,1,28065353.100294210,26825129,20.528968125,0.000000000,426.166801850,49.000787656,201180.000000000,4
long_chain,1,seeded-sync,4,4,200000,1,0,0,0,1,20806973.625000000,26415042,20.528968125,0.000000000,250.000000000,80.000000000,201180.000000000,0
long_chain,1,learned-sync,4,4,200000,1,0,0,0,1,28065353.100294210,26415042,20.528968125,0.000000000,426.166801850,49.000787656,201180.000000000,4
long_chain,1,seeded-sync,5,4,200000,1,0,0,0,1,20806973.625000000,26278340,20.528968125,0.000000000,250.000000000,80.000000000,201180.000000000,0
long_chain,1,learned-sync,5,4,200000,1,0,0,0,1,28065353.100294210,26278340,20.528968125,0.000000000,426.166801850,49.000787656,201180.000000000,4
long_chain,1,seeded-sync,6,4,200000,1,0,0,0,1,20806973.625000000,30310676,20.528968125,0.000000000,250.000000000,80.000000000,201180.000000000,0
long_chain,1,learned-sync,6,4,200000,1,0,0,0,1,28065353.100294210,30310676,20.528968125,0.000000000,426.166801850,49.000787656,201180.000000000,4
short_four_chains,2,seeded-sync,0,7,20000,4,0,0,0,1,1697817.578125000,1163721,20.246128906,0.000000000,250.000000000,80.000000000,349755.000000000,0
short_four_chains,2,learned-sync,0,7,20000,4,0,0,0,1,1462992.918923266,1163721,20.246128906,0.000000000,185.498619255,62.337399219,349755.000000000,4
short_four_chains,2,seeded-sync,1,7,20000,4,0,0,0,1,1697817.578125000,1263604,20.246128906,0.000000000,250.000000000,80.000000000,349755.000000000,0
short_four_chains,2,learned-sync,1,7,20000,4,0,0,0,1,1462992.918923266,1263604,20.246128906,0.000000000,185.498619255,62.337399219,349755.000000000,4
short_four_chains,2,seeded-sync,2,7,20000,4,0,0,0,1,1697817.578125000,1445887,20.246128906,0.000000000,250.000000000,80.000000000,349755.000000000,0
short_four_chains,2,learned-sync,2,7,20000,4,0,0,0,1,1462992.918923266,1445887,20.246128906,0.000000000,185.498619255,62.337399219,349755.000000000,4
short_four_chains,2,seeded-sync,3,7,20000,4,0,0,0,1,1697817.578125000,1360098,20.246128906,0.000000000,250.000000000,80.000000000,349755.000000000,0
short_four_chains,2,learned-sync,3,7,20000,4,0,0,0,1,1462992.918923266,1360098,20.246128906,0.000000000,185.498619255,62.337399219,349755.000000000,4
short_four_chains,2,seeded-sync,4,7,20000,4,0,0,0,1,1697817.578125000,1335930,20.246128906,0.000000000,250.000000000,80.000000000,349755.000000000,0
short_four_chains,2,learned-sync,4,7,20000,4,0,0,0,1,1462992.918923266,1335930,20.246128906,0.000000000,185.498619255,62.337399219,349755.000000000,4
short_four_chains,2,seeded-sync,5,7,20000,4,0,0,0,1,1697817.578125000,1209282,20.246128906,0.000000000,250.000000000,80.000000000,349755.000000000,0
short_four_chains,2,learned-sync,5,7,20000,4,0,0,0,1,1462992.918923266,1209282,20.246128906,0.000000000,185.498619255,62.337399219,349755.000000000,4
short_four_chains,2,seeded-sync,6,7,20000,4,0,0,0,1,1697817.578125000,1256476,20.246128906,0.000000000,250.000000000,80.000000000,349755.000000000,0
short_four_chains,2,learned-sync,6,7,20000,4,0,0,0,1,1462992.918923266,1256476,20.246128906,0.000000000,185.498619255,62.337399219,349755.000000000,4
short_many_chains,1,seeded-sync,0,6,20000,64,0,0,0,1,1797590.359375000,900709,20.788417969,0.000000000,250.000000000,80.000000000,281602.000000000,0
short_many_chains,1,learned-sync,0,6,20000,64,0,0,0,1,1082021.507154472,900709,20.788417969,0.000000000,72.722765192,42.649504687,281602.000000000,4
short_many_chains,1,seeded-sync,1,6,20000,64,0,0,0,1,1797590.359375000,827320,20.788417969,0.000000000,250.000000000,80.000000000,281602.000000000,0
short_many_chains,1,learned-sync,1,6,20000,64,0,0,0,1,1082021.507154472,827320,20.788417969,0.000000000,72.722765192,42.649504687,281602.000000000,4
short_many_chains,1,seeded-sync,2,6,20000,64,0,0,0,1,1797590.359375000,928010,20.788417969,0.000000000,250.000000000,80.000000000,281602.000000000,0
short_many_chains,1,learned-sync,2,6,20000,64,0,0,0,1,1082021.507154472,928010,20.788417969,0.000000000,72.722765192,42.649504687,281602.000000000,4
short_many_chains,1,seeded-sync,3,6,20000,64,0,0,0,1,1797590.359375000,860896,20.788417969,0.000000000,250.000000000,80.000000000,281602.000000000,0
short_many_chains,1,learned-sync,3,6,20000,64,0,0,0,1,1082021.507154472,860896,20.788417969,0.000000000,72.722765192,42.649504687,281602.000000000,4
short_many_chains,1,seeded-sync,4,6,20000,64,0,0,0,1,1797590.359375000,777636,20.788417969,0.000000000,250.000000000,80.000000000,281602.000000000,0
short_many_chains,1,learned-sync,4,6,20000,64,0,0,0,1,1082021.507154472,777636,20.788417969,0.000000000,72.722765192,42.649504687,281602.000000000,4
short_many_chains,1,seeded-sync,5,6,20000,64,0,0,0,1,1797590.359375000,837321,20.788417969,0.000000000,250.000000000,80.000000000,281602.000000000,0
short_many_chains,1,learned-sync,5,6,20000,64,0,0,0,1,1082021.507154472,837321,20.788417969,0.000000000,72.722765192,42.649504687,281602.000000000,4
short_many_chains,1,seeded-sync,6,6,20000,64,0,0,0,1,1797590.359375000,849168,20.788417969,0.000000000,250.000000000,80.000000000,281602.000000000,0
short_many_chains,1,learned-sync,6,6,20000,64,0,0,0,1,1082021.507154472,849168,20.788417969,0.000000000,72.722765192,42.649504687,281602.000000000,4
short_many_chains,2,seeded-sync,0,6,20000,64,0,0,0,1,1853843.343750000,914731,21.594867188,0.000000000,250.000000000,80.000000000,321726.000000000,0
short_many_chains,2,learned-sync,0,6,20000,64,0,0,0,1,1190859.872369252,914731,21.594867188,0.000000000,87.839828859,43.304900781,321726.000000000,4
short_many_chains,2,seeded-sync,1,6,20000,64,0,0,0,1,1853843.343750000,845623,21.594867188,0.000000000,250.000000000,80.000000000,321726.000000000,0
short_many_chains,2,learned-sync,1,6,20000,64,0,0,0,1,1190859.872369252,845623,21.594867188,0.000000000,87.839828859,43.304900781,321726.000000000,4
short_many_chains,2,seeded-sync,2,6,20000,64,0,0,0,1,1853843.343750000,851859,21.594867188,0.000000000,250.000000000,80.000000000,321726.000000000,0
short_many_chains,2,learned-sync,2,6,20000,64,0,0,0,1,1190859.872369252,851859,21.594867188,0.000000000,87.839828859,43.304900781,321726.000000000,4
short_many_chains,2,seeded-sync,3,6,20000,64,0,0,0,1,1853843.343750000,839130,21.594867188,0.000000000,250.000000000,80.000000000,321726.000000000,0
short_many_chains,2,learned-sync,3,6,20000,64,0,0,0,1,1190859.872369252,839130,21.594867188,0.000000000,87.839828859,43.304900781,321726.000000000,4
short_many_chains,2,seeded-sync,4,6,20000,64,0,0,0,1,1853843.343750000,905299,21.594867188,0.000000000,250.000000000,80.000000000,321726.000000000,0
short_many_chains,2,learned-sync,4,6,20000,64,0,0,0,1,1190859.872369252,905299,21.594867188,0.000000000,87.839828859,43.304900781,321726.000000000,4
short_many_chains,2,seeded-sync,5,6,20000,64,0,0,0,1,1853843.343750000,875066,21.594867188,0.000000000,250.000000000,80.000000000,321726.000000000,0
short_many_chains,2,learned-sync,5,6,20000,64,0,0,0,1,1190859.872369252,875066,21.594867188,0.000000000,87.839828859,43.304900781,321726.000000000,4
short_many_chains,2,seeded-sync,6,6,20000,64,0,0,0,1,1853843.343750000,853667,21.594867188,0.000000000,250.000000000,80.000000000,321726.000000000,0
short_many_chains,2,learned-sync,6,6,20000,64,0,0,0,1,1190859.872369252,853667,21.594867188,0.000000000,87.839828859,43.304900781,321726.000000000,4
long_chain,1,seeded-sync,0,6,200000,1,0,0,0,1,15457845.593750000,31617880,20.897932969,0.000000000,250.000000000,80.000000000,278039.000000000,0
long_chain,1,learned-sync,0,6,200000,1,0,0,0,1,33102819.417301778,31617880,20.897932969,0.000000000,812.180548950,47.158078984,278039.000000000,4
long_chain,1,seeded-sync,1,6,200000,1,0,0,0,1,15457845.593750000,31073033,20.897932969,0.000000000,250.000000000,80.000000000,278039.000000000,0
long_chain,1,learned-sync,1,6,200000,1,0,0,0,1,33102819.417301778,31073033,20.897932969,0.000000000,812.180548950,47.158078984,278039.000000000,4
long_chain,1,seeded-sync,2,6,200000,1,0,0,0,1,15457845.593750000,31878418,20.897932969,0.000000000,250.000000000,80.000000000,278039.000000000,0
long_chain,1,learned-sync,2,6,200000,1,0,0,0,1,33102819.417301778,31878418,20.897932969,0.000000000,812.180548950,47.158078984,278039.000000000,4
long_chain,1,seeded-sync,3,6,200000,1,0,0,0,1,15457845.593750000,32226189,20.897932969,0.000000000,250.000000000,80.000000000,278039.000000000,0
long_chain,1,learned-sync,3,6,200000,1,0,0,0,1,33102819.417301778,32226189,20.897932969,0.000000000,812.180548950,47.158078984,278039.000000000,4
long_chain,1,seeded-sync,4,6,200000,1,0,0,0,1,15457845.593750000,31187156,20.897932969,0.000000000,250.000000000,80.000000000,278039.000000000,0
long_chain,1,learned-sync,4,6,200000,1,0,0,0,1,33102819.417301778,31187156,20.897932969,0.000000000,812.180548950,47.158078984,278039.000000000,4
long_chain,1,seeded-sync,5,6,200000,1,0,0,0,1,15457845.593750000,32239795,20.897932969,0.000000000,250.000000000,80.000000000,278039.000000000,0
long_chain,1,learned-sync,5,6,200000,1,0,0,0,1,33102819.417301778,32239795,20.897932969,0.000000000,812.180548950,47.158078984,278039.000000000,4
long_chain,1,seeded-sync,6,6,200000,1,0,0,0,1,15457845.593750000,33375495,20.897932969,0.000000000,250.000000000,80.000000000,278039.000000000,0
long_chain,1,learned-sync,6,6,200000,1,0,0,0,1,33102819.417301778,33375495,20.897932969,0.000000000,812.180548950,47.158078984,278039.000000000,4
tiny_chain,1,seeded-sync,0,8,257,1,0,0,0,1,448666.609375000,559292,20.208596790,0.000000000,250.000000000,80.000000000,432583.000000000,0
tiny_chain,1,learned-sync,0,8,257,1,0,0,0,1,681484.657418455,559292,20.208596790,0.000000000,7336.253417969,48.838946984,432583.000000000,4
tiny_chain,1,seeded-sync,1,8,257,1,0,0,0,1,448666.609375000,621310,20.208596790,0.000000000,250.000000000,80.000000000,432583.000000000,0
tiny_chain,1,learned-sync,1,8,257,1,0,0,0,1,681484.657418455,621310,20.208596790,0.000000000,7336.253417969,48.838946984,432583.000000000,4
tiny_chain,1,seeded-sync,2,8,257,1,0,0,0,1,448666.609375000,535872,20.208596790,0.000000000,250.000000000,80.000000000,432583.000000000,0
tiny_chain,1,learned-sync,2,8,257,1,0,0,0,1,681484.657418455,535872,20.208596790,0.000000000,7336.253417969,48.838946984,432583.000000000,4
tiny_chain,1,seeded-sync,3,8,257,1,0,0,0,1,448666.609375000,549795,20.208596790,0.000000000,250.000000000,80.000000000,432583.000000000,0
tiny_chain,1,learned-sync,3,8,257,1,0,0,0,1,681484.657418455,549795,20.208596790,0.000000000,7336.253417969,48.838946984,432583.000000000,4
tiny_chain,1,seeded-sync,4,8,257,1,0,0,0,1,448666.609375000,536690,20.208596790,0.000000000,250.000000000,80.000000000,432583.000000000,0
tiny_chain,1,learned-sync,4,8,257,1,0,0,0,1,681484.657418455,536690,20.208596790,0.000000000,7336.253417969,48.838946984,432583.000000000,4
tiny_chain,1,seeded-sync,5,8,257,1,0,0,0,1,448666.609375000,552357,20.208596790,0.000000000,250.000000000,80.000000000,432583.000000000,0
tiny_chain,1,learned-sync,5,8,257,1,0,0,0,1,681484.657418455,552357,20.208596790,0.000000000,7336.253417969,48.838946984,432583.000000000,4
tiny_chain,1,seeded-sync,6,8,257,1,0,0,0,1,448666.609375000,1239368,20.208596790,0.000000000,250.000000000,80.000000000,432583.000000000,0
tiny_chain,1,learned-sync,6,8,257,1,0,0,0,1,681484.657418455,1239368,20.208596790,0.000000000,7336.253417969,48.838946984,432583.000000000,4
tiny_chain,0,seeded-sync,0,5,257,1,0,0,0,1,309068.171875000,355302,44.031797179,0.000000000,250.000000000,80.000000000,280592.000000000,0
tiny_chain,0,learned-sync,0,5,257,1,0,0,0,1,447165.252610500,355302,44.031797179,0.000000000,2938.545654297,47.167436770,280592.000000000,4
tiny_chain,0,seeded-sync,1,5,257,1,0,0,0,1,309068.171875000,366772,44.031797179,0.000000000,250.000000000,80.000000000,280592.000000000,0
tiny_chain,0,learned-sync,1,5,257,1,0,0,0,1,447165.252610500,366772,44.031797179,0.000000000,2938.545654297,47.167436770,280592.000000000,4
tiny_chain,0,seeded-sync,2,5,257,1,0,0,0,1,309068.171875000,342426,44.031797179,0.000000000,250.000000000,80.000000000,280592.000000000,0
tiny_chain,0,learned-sync,2,5,257,1,0,0,0,1,447165.252610500,342426,44.031797179,0.000000000,2938.545654297,47.167436770,280592.000000000,4
tiny_chain,0,seeded-sync,3,5,257,1,0,0,0,1,309068.171875000,362750,44.031797179,0.000000000,250.000000000,80.000000000,280592.000000000,0
tiny_chain,0,learned-sync,3,5,257,1,0,0,0,1,447165.252610500,362750,44.031797179,0.000000000,2938.545654297,47.167436770,280592.000000000,4
tiny_chain,0,seeded-sync,4,5,257,1,0,0,0,1,309068.171875000,335685,44.031797179,0.000000000,250.000000000,80.000000000,280592.000000000,0
tiny_chain,0,learned-sync,4,5,257,1,0,0,0,1,447165.252610500,335685,44.031797179,0.000000000,2938.545654297,47.167436770,280592.000000000,4
tiny_chain,0,seeded-sync,5,5,257,1,0,0,0,1,309068.171875000,378748,44.031797179,0.000000000,250.000000000,80.000000000,280592.000000000,0
tiny_chain,0,learned-sync,5,5,257,1,0,0,0,1,447165.252610500,378748,44.031797179,0.000000000,2938.545654297,47.167436770,280592.000000000,4
tiny_chain,0,seeded-sync,6,5,257,1,0,0,0,1,309068.171875000,383404,44.031797179,0.000000000,250.000000000,80.000000000,280592.000000000,0
tiny_chain,0,learned-sync,6,5,257,1,0,0,0,1,447165.252610500,383404,44.031797179,0.000000000,2938.545654297,47.167436770,280592.000000000,4
long_chain,2,seeded-sync,0,5,200000,1,0,0,0,1,17639692.750000000,28743603,20.904838750,0.000000000,250.000000000,80.000000000,258725.000000000,0
long_chain,2,learned-sync,0,5,200000,1,0,0,0,1,30519095.281856921,28743603,20.904838750,0.000000000,605.456159625,46.528903672,258725.000000000,4
long_chain,2,seeded-sync,1,5,200000,1,0,0,0,1,17639692.750000000,28449008,20.904838750,0.000000000,250.000000000,80.000000000,258725.000000000,0
long_chain,2,learned-sync,1,5,200000,1,0,0,0,1,30519095.281856921,28449008,20.904838750,0.000000000,605.456159625,46.528903672,258725.000000000,4
long_chain,2,seeded-sync,2,5,200000,1,0,0,0,1,17639692.750000000,29022126,20.904838750,0.000000000,250.000000000,80.000000000,258725.000000000,0
long_chain,2,learned-sync,2,5,200000,1,0,0,0,1,30519095.281856921,29022126,20.904838750,0.000000000,605.456159625,46.528903672,258725.000000000,4
long_chain,2,seeded-sync,3,5,200000,1,0,0,0,1,17639692.750000000,28622894,20.904838750,0.000000000,250.000000000,80.000000000,258725.000000000,0
long_chain,2,learned-sync,3,5,200000,1,0,0,0,1,30519095.281856921,28622894,20.904838750,0.000000000,605.456159625,46.528903672,258725.000000000,4
long_chain,2,seeded-sync,4,5,200000,1,0,0,0,1,17639692.750000000,30603978,20.904838750,0.000000000,250.000000000,80.000000000,258725.000000000,0
long_chain,2,learned-sync,4,5,200000,1,0,0,0,1,30519095.281856921,30603978,20.904838750,0.000000000,605.456159625,46.528903672,258725.000000000,4
long_chain,2,seeded-sync,5,5,200000,1,0,0,0,1,17639692.750000000,29399076,20.904838750,0.000000000,250.000000000,80.000000000,258725.000000000,0
long_chain,2,learned-sync,5,5,200000,1,0,0,0,1,30519095.281856921,29399076,20.904838750,0.000000000,605.456159625,46.528903672,258725.000000000,4
long_chain,2,seeded-sync,6,5,200000,1,0,0,0,1,17639692.750000000,28981151,20.904838750,0.000000000,250.000000000,80.000000000,258725.000000000,0
long_chain,2,learned-sync,6,5,200000,1,0,0,0,1,30519095.281856921,28981151,20.904838750,0.000000000,605.456159625,46.528903672,258725.000000000,4
short_four_chains,0,seeded-sync,0,8,20000,4,0,0,0,1,1649560.796875000,1054416,20.709689844,0.000000000,250.000000000,80.000000000,410367.000000000,0
short_four_chains,0,learned-sync,0,8,20000,4,0,0,0,1,1330971.339498759,1054416,20.709689844,0.000000000,154.600872518,47.963344531,410367.000000000,4
short_four_chains,0,seeded-sync,1,8,20000,4,0,0,0,1,1649560.796875000,1179709,20.709689844,0.000000000,250.000000000,80.000000000,410367.000000000,0
short_four_chains,0,learned-sync,1,8,20000,4,0,0,0,1,1330971.339498759,1179709,20.709689844,0.000000000,154.600872518,47.963344531,410367.000000000,4
short_four_chains,0,seeded-sync,2,8,20000,4,0,0,0,1,1649560.796875000,1095540,20.709689844,0.000000000,250.000000000,80.000000000,410367.000000000,0
short_four_chains,0,learned-sync,2,8,20000,4,0,0,0,1,1330971.339498759,1095540,20.709689844,0.000000000,154.600872518,47.963344531,410367.000000000,4
short_four_chains,0,seeded-sync,3,8,20000,4,0,0,0,1,1649560.796875000,1031622,20.709689844,0.000000000,250.000000000,80.000000000,410367.000000000,0
short_four_chains,0,learned-sync,3,8,20000,4,0,0,0,1,1330971.339498759,1031622,20.709689844,0.000000000,154.600872518,47.963344531,410367.000000000,4
short_four_chains,0,seeded-sync,4,8,20000,4,0,0,0,1,1649560.796875000,1356393,20.709689844,0.000000000,250.000000000,80.000000000,410367.000000000,0
short_four_chains,0,learned-sync,4,8,20000,4,0,0,0,1,1330971.339498759,1356393,20.709689844,0.000000000,154.600872518,47.963344531,410367.000000000,4
short_four_chains,0,seeded-sync,5,8,20000,4,0,0,0,1,1649560.796875000,1061803,20.709689844,0.000000000,250.000000000,80.000000000,410367.000000000,0
short_four_chains,0,learned-sync,5,8,20000,4,0,0,0,1,1330971.339498759,1061803,20.709689844,0.000000000,154.600872518,47.963344531,410367.000000000,4
short_four_chains,0,seeded-sync,6,8,20000,4,0,0,0,1,1649560.796875000,1182263,20.709689844,0.000000000,250.000000000,80.000000000,410367.000000000,0
short_four_chains,0,learned-sync,6,8,20000,4,0,0,0,1,1330971.339498759,1182263,20.709689844,0.000000000,154.600872518,47.963344531,410367.000000000,4
long_chain,2,seeded-sync,0,7,200000,1,0,0,0,1,13922329.156250000,33593565,20.798970781,0.000000000,250.000000000,80.000000000,333775.000000000,0
long_chain,2,learned-sync,0,7,200000,1,0,0,0,1,35830206.711787507,33593565,20.798970781,0.000000000,1048.706620564,48.053758672,333775.000000000,4
long_chain,2,seeded-sync,1,7,200000,1,0,0,0,1,13922329.156250000,33623571,20.798970781,0.000000000,250.000000000,80.000000000,333775.000000000,0
long_chain,2,learned-sync,1,7,200000,1,0,0,0,1,35830206.711787507,33623571,20.798970781,0.000000000,1048.706620564,48.053758672,333775.000000000,4
long_chain,2,seeded-sync,2,7,200000,1,0,0,0,1,13922329.156250000,37309672,20.798970781,0.000000000,250.000000000,80.000000000,333775.000000000,0
long_chain,2,learned-sync,2,7,200000,1,0,0,0,1,35830206.711787507,37309672,20.798970781,0.000000000,1048.706620564,48.053758672,333775.000000000,4
long_chain,2,seeded-sync,3,7,200000,1,0,0,0,1,13922329.156250000,32851813,20.798970781,0.000000000,250.000000000,80.000000000,333775.000000000,0
long_chain,2,learned-sync,3,7,200000,1,0,0,0,1,35830206.711787507,32851813,20.798970781,0.000000000,1048.706620564,48.053758672,333775.000000000,4
long_chain,2,seeded-sync,4,7,200000,1,0,0,0,1,13922329.156250000,33049152,20.798970781,0.000000000,250.000000000,80.000000000,333775.000000000,0
long_chain,2,learned-sync,4,7,200000,1,0,0,0,1,35830206.711787507,33049152,20.798970781,0.000000000,1048.706620564,48.053758672,333775.000000000,4
long_chain,2,seeded-sync,5,7,200000,1,0,0,0,1,13922329.156250000,35188361,20.798970781,0.000000000,250.000000000,80.000000000,333775.000000000,0
long_chain,2,learned-sync,5,7,200000,1,0,0,0,1,35830206.711787507,35188361,20.798970781,0.000000000,1048.706620564,48.053758672,333775.000000000,4
long_chain,2,seeded-sync,6,7,200000,1,0,0,0,1,13922329.156250000,33296696,20.798970781,0.000000000,250.000000000,80.000000000,333775.000000000,0
long_chain,2,learned-sync,6,7,200000,1,0,0,0,1,35830206.711787507,33296696,20.798970781,0.000000000,1048.706620564,48.053758672,333775.000000000,4
dependent_compute,0,seeded-sync,0,2,32768,1,16,0,0,1,9084598.031250000,6969398,107.964447975,0.000000000,250.000000000,80.000000000,140099.000000000,0
dependent_compute,0,learned-sync,0,2,32768,1,16,0,0,1,7765192.473376653,6969398,107.964447975,0.000000000,203.665503307,45.804372311,140099.000000000,4
dependent_compute,0,seeded-sync,1,2,32768,1,16,0,0,1,9084598.031250000,7030779,107.964447975,0.000000000,250.000000000,80.000000000,140099.000000000,0
dependent_compute,0,learned-sync,1,2,32768,1,16,0,0,1,7765192.473376653,7030779,107.964447975,0.000000000,203.665503307,45.804372311,140099.000000000,4
dependent_compute,0,seeded-sync,2,2,32768,1,16,0,0,1,9084598.031250000,7002568,107.964447975,0.000000000,250.000000000,80.000000000,140099.000000000,0
dependent_compute,0,learned-sync,2,2,32768,1,16,0,0,1,7765192.473376653,7002568,107.964447975,0.000000000,203.665503307,45.804372311,140099.000000000,4
dependent_compute,0,seeded-sync,3,2,32768,1,16,0,0,1,9084598.031250000,7292940,107.964447975,0.000000000,250.000000000,80.000000000,140099.000000000,0
dependent_compute,0,learned-sync,3,2,32768,1,16,0,0,1,7765192.473376653,7292940,107.964447975,0.000000000,203.665503307,45.804372311,140099.000000000,4
dependent_compute,0,seeded-sync,4,2,32768,1,16,0,0,1,9084598.031250000,6869834,107.964447975,0.000000000,250.000000000,80.000000000,140099.000000000,0
dependent_compute,0,learned-sync,4,2,32768,1,16,0,0,1,7765192.473376653,6869834,107.964447975,0.000000000,203.665503307,45.804372311,140099.000000000,4
dependent_compute,0,seeded-sync,5,2,32768,1,16,0,0,1,9084598.031250000,6836700,107.964447975,0.000000000,250.000000000,80.000000000,140099.000000000,0
dependent_compute,0,learned-sync,5,2,32768,1,16,0,0,1,7765192.473376653,6836700,107.964447975,0.000000000,203.665503307,45.804372311,140099.000000000,4
dependent_compute,0,seeded-sync,6,2,32768,1,16,0,0,1,9084598.031250000,6834983,107.964447975,0.000000000,250.000000000,80.000000000,140099.000000000,0
dependent_compute,0,learned-sync,6,2,32768,1,16,0,0,1,7765192.473376653,6834983,107.964447975,0.000000000,203.665503307,45.804372311,140099.000000000,4
short_chain,2,seeded-sync,0,6,20000,1,0,0,0,1,1820984.937500000,3795119,20.986546875,0.000000000,250.000000000,80.000000000,301034.000000000,0
short_chain,2,learned-sync,0,6,20000,1,0,0,0,1,3993912.750428176,3795119,20.986546875,0.000000000,933.198091936,48.549902344,301034.000000000,4
short_chain,2,seeded-sync,1,6,20000,1,0,0,0,1,1820984.937500000,3523158,20.986546875,0.000000000,250.000000000,80.000000000,301034.000000000,0
short_chain,2,learned-sync,1,6,20000,1,0,0,0,1,3993912.750428176,3523158,20.986546875,0.000000000,933.198091936,48.549902344,301034.000000000,4
short_chain,2,seeded-sync,2,6,20000,1,0,0,0,1,1820984.937500000,3762389,20.986546875,0.000000000,250.000000000,80.000000000,301034.000000000,0
short_chain,2,learned-sync,2,6,20000,1,0,0,0,1,3993912.750428176,3762389,20.986546875,0.000000000,933.198091936,48.549902344,301034.000000000,4
short_chain,2,seeded-sync,3,6,20000,1,0,0,0,1,1820984.937500000,3518430,20.986546875,0.000000000,250.000000000,80.000000000,301034.000000000,0
short_chain,2,learned-sync,3,6,20000,1,0,0,0,1,3993912.750428176,3518430,20.986546875,0.000000000,933.198091936,48.549902344,301034.000000000,4
short_chain,2,seeded-sync,4,6,20000,1,0,0,0,1,1820984.937500000,3866898,20.986546875,0.000000000,250.000000000,80.000000000,301034.000000000,0
short_chain,2,learned-sync,4,6,20000,1,0,0,0,1,3993912.750428176,3866898,20.986546875,0.000000000,933.198091936,48.549902344,301034.000000000,4
short_chain,2,seeded-sync,5,6,20000,1,0,0,0,1,1820984.937500000,3598604,20.986546875,0.000000000,250.000000000,80.000000000,301034.000000000,0
short_chain,2,learned-sync,5,6,20000,1,0,0,0,1,3993912.750428176,3598604,20.986546875,0.000000000,933.198091936,48.549902344,301034.000000000,4
short_chain,2,seeded-sync,6,6,20000,1,0,0,0,1,1820984.937500000,3594224,20.986546875,0.000000000,250.000000000,80.000000000,301034.000000000,0
short_chain,2,learned-sync,6,6,20000,1,0,0,0,1,3993912.750428176,3594224,20.986546875,0.000000000,933.198091936,48.549902344,301034.000000000,4
dependent_compute,0,seeded-sync,0,7,32768,1,16,0,0,1,5411932.406250000,8310432,107.754315376,0.000000000,250.000000000,80.000000000,335979.000000000,0
dependent_compute,0,learned-sync,0,7,32768,1,16,0,0,1,10943872.442785155,8310432,107.754315376,0.000000000,1463.413878197,48.119662285,335979.000000000,4
dependent_compute,0,seeded-sync,1,7,32768,1,16,0,0,1,5411932.406250000,8115733,107.754315376,0.000000000,250.000000000,80.000000000,335979.000000000,0
dependent_compute,0,learned-sync,1,7,32768,1,16,0,0,1,10943872.442785155,8115733,107.754315376,0.000000000,1463.413878197,48.119662285,335979.000000000,4
dependent_compute,0,seeded-sync,2,7,32768,1,16,0,0,1,5411932.406250000,8574722,107.754315376,0.000000000,250.000000000,80.000000000,335979.000000000,0
dependent_compute,0,learned-sync,2,7,32768,1,16,0,0,1,10943872.442785155,8574722,107.754315376,0.000000000,1463.413878197,48.119662285,335979.000000000,4
dependent_compute,0,seeded-sync,3,7,32768,1,16,0,0,1,5411932.406250000,8127469,107.754315376,0.000000000,250.000000000,80.000000000,335979.000000000,0
dependent_compute,0,learned-sync,3,7,32768,1,16,0,0,1,10943872.442785155,8127469,107.754315376,0.000000000,1463.413878197,48.119662285,335979.000000000,4
dependent_compute,0,seeded-sync,4,7,32768,1,16,0,0,1,5411932.406250000,8779747,107.754315376,0.000000000,250.000000000,80.000000000,335979.000000000,0
dependent_compute,0,learned-sync,4,7,32768,1,16,0,0,1,10943872.442785155,8779747,107.754315376,0.000000000,1463.413878197,48.119662285,335979.000000000,4
dependent_compute,0,seeded-sync,5,7,32768,1,16,0,0,1,5411932.406250000,8229109,107.754315376,0.000000000,250.000000000,80.000000000,335979.000000000,0
dependent_compute,0,learned-sync,5,7,32768,1,16,0,0,1,10943872.442785155,8229109,107.754315376,0.000000000,1463.413878197,48.119662285,335979.000000000,4
dependent_compute,0,seeded-sync,6,7,32768,1,16,0,0,1,5411932.406250000,9215617,107.754315376,0.000000000,250.000000000,80.000000000,335979.000000000,0
dependent_compute,0,learned-sync,6,7,32768,1,16,0,0,1,10943872.442785155,9215617,107.754315376,0.000000000,1463.413878197,48.119662285,335979.000000000,4
short_chain,0,seeded-sync,0,5,20000,1,0,0,0,1,2047264.234375000,3741670,22.082911719,0.000000000,250.000000000,80.000000000,285606.000000000,0
short_chain,0,learned-sync,0,5,20000,1,0,0,0,1,24667531.214136802,3741670,22.082911719,0.000000000,5935.633184003,49.433560938,285606.000000000,4
short_chain,0,seeded-sync,1,5,20000,1,0,0,0,1,2047264.234375000,3780242,22.082911719,0.000000000,250.000000000,80.000000000,285606.000000000,0
short_chain,0,learned-sync,1,5,20000,1,0,0,0,1,24667531.214136802,3780242,22.082911719,0.000000000,5935.633184003,49.433560938,285606.000000000,4
short_chain,0,seeded-sync,2,5,20000,1,0,0,0,1,2047264.234375000,3374869,22.082911719,0.000000000,250.000000000,80.000000000,285606.000000000,0
short_chain,0,learned-sync,2,5,20000,1,0,0,0,1,24667531.214136802,3374869,22.082911719,0.000000000,5935.633184003,49.433560938,285606.000000000,4
short_chain,0,seeded-sync,3,5,20000,1,0,0,0,1,2047264.234375000,3134135,22.082911719,0.000000000,250.000000000,80.000000000,285606.000000000,0
short_chain,0,learned-sync,3,5,20000,1,0,0,0,1,24667531.214136802,3134135,22.082911719,0.000000000,5935.633184003,49.433560938,285606.000000000,4
short_chain,0,seeded-sync,4,5,20000,1,0,0,0,1,2047264.234375000,3460026,22.082911719,0.000000000,250.000000000,80.000000000,285606.000000000,0
short_chain,0,learned-sync,4,5,20000,1,0,0,0,1,24667531.214136802,3460026,22.082911719,0.000000000,5935.633184003,49.433560938,285606.000000000,4
short_chain,0,seeded-sync,5,5,20000,1,0,0,0,1,2047264.234375000,3972255,22.082911719,0.000000000,250.000000000,80.000000000,285606.000000000,0
short_chain,0,learned-sync,5,5,20000,1,0,0,0,1,24667531.214136802,3972255,22.082911719,0.000000000,5935.633184003,49.433560938,285606.000000000,4
short_chain,0,seeded-sync,6,5,20000,1,0,0,0,1,2047264.234375000,3440593,22.082911719,0.000000000,250.000000000,80.000000000,285606.000000000,0
short_chain,0,learned-sync,6,5,20000,1,0,0,0,1,24667531.214136802,3440593,22.082911719,0.000000000,5935.633184003,49.433560938,285606.000000000,4
independent_after,0,seeded-sync,0,4,32768,4,0,16,1,1,4490448.156250000,1938979,21.131734848,109.576595306,250.000000000,80.000000000,196992.000000000,0
independent_after,0,learned-sync,0,4,32768,4,0,16,1,1,2314256.116701066,1938979,21.131734848,109.576595306,33.812013567,30.539544106,196992.000000000,4
independent_after,0,seeded-sync,1,4,32768,4,0,16,1,1,4490448.156250000,1787097,21.131734848,109.576595306,250.000000000,80.000000000,196992.000000000,0
independent_after,0,learned-sync,1,4,32768,4,0,16,1,1,2314256.116701066,1787097,21.131734848,109.576595306,33.812013567,30.539544106,196992.000000000,4
independent_after,0,seeded-sync,2,4,32768,4,0,16,1,1,4490448.156250000,1976457,21.131734848,109.576595306,250.000000000,80.000000000,196992.000000000,0
independent_after,0,learned-sync,2,4,32768,4,0,16,1,1,2314256.116701066,1976457,21.131734848,109.576595306,33.812013567,30.539544106,196992.000000000,4
independent_after,0,seeded-sync,3,4,32768,4,0,16,1,1,4490448.156250000,1835909,21.131734848,109.576595306,250.000000000,80.000000000,196992.000000000,0
independent_after,0,learned-sync,3,4,32768,4,0,16,1,1,2314256.116701066,1835909,21.131734848,109.576595306,33.812013567,30.539544106,196992.000000000,4
independent_after,0,seeded-sync,4,4,32768,4,0,16,1,1,4490448.156250000,1730506,21.131734848,109.576595306,250.000000000,80.000000000,196992.000000000,0
independent_after,0,learned-sync,4,4,32768,4,0,16,1,1,2314256.116701066,1730506,21.131734848,109.576595306,33.812013567,30.539544106,196992.000000000,4
independent_after,0,seeded-sync,5,4,32768,4,0,16,1,1,4490448.156250000,1675119,21.131734848,109.576595306,250.000000000,80.000000000,196992.000000000,0
independent_after,0,learned-sync,5,4,32768,4,0,16,1,1,2314256.116701066,1675119,21.131734848,109.576595306,33.812013567,30.539544106,196992.000000000,4
independent_after,0,seeded-sync,6,4,32768,4,0,16,1,1,4490448.156250000,1938555,21.131734848,109.576595306,250.000000000,80.000000000,196992.000000000,0
independent_after,0,learned-sync,6,4,32768,4,0,16,1,1,2314256.116701066,1938555,21.131734848,109.576595306,33.812013567,30.539544106,196992.000000000,4
large_arrays,0,seeded-sync,0,5,1000000,64,0,0,0,1,86823307.250000000,27912733,20.546913250,0.000000000,250.000000000,80.000000000,276394.000000000,0
large_arrays,0,learned-sync,0,5,1000000,64,0,0,0,1,37886999.920838334,27912733,20.546913250,0.000000000,43.668131901,41.650331453,276394.000000000,4
large_arrays,0,seeded-sync,1,5,1000000,64,0,0,0,1,86823307.250000000,28020994,20.546913250,0.000000000,250.000000000,80.000000000,276394.000000000,0
large_arrays,0,learned-sync,1,5,1000000,64,0,0,0,1,37886999.920838334,28020994,20.546913250,0.000000000,43.668131901,41.650331453,276394.000000000,4
large_arrays,0,seeded-sync,2,5,1000000,64,0,0,0,1,86823307.250000000,27759243,20.546913250,0.000000000,250.000000000,80.000000000,276394.000000000,0
large_arrays,0,learned-sync,2,5,1000000,64,0,0,0,1,37886999.920838334,27759243,20.546913250,0.000000000,43.668131901,41.650331453,276394.000000000,4
large_arrays,0,seeded-sync,3,5,1000000,64,0,0,0,1,86823307.250000000,28640898,20.546913250,0.000000000,250.000000000,80.000000000,276394.000000000,0
large_arrays,0,learned-sync,3,5,1000000,64,0,0,0,1,37886999.920838334,28640898,20.546913250,0.000000000,43.668131901,41.650331453,276394.000000000,4
large_arrays,0,seeded-sync,4,5,1000000,64,0,0,0,1,86823307.250000000,29335628,20.546913250,0.000000000,250.000000000,80.000000000,276394.000000000,0
large_arrays,0,learned-sync,4,5,1000000,64,0,0,0,1,37886999.920838334,29335628,20.546913250,0.000000000,43.668131901,41.650331453,276394.000000000,4
large_arrays,0,seeded-sync,5,5,1000000,64,0,0,0,1,86823307.250000000,28655320,20.546913250,0.000000000,250.000000000,80.000000000,276394.000000000,0
large_arrays,0,learned-sync,5,5,1000000,64,0,0,0,1,37886999.920838334,28655320,20.546913250,0.000000000,43.668131901,41.650331453,276394.000000000,4
large_arrays,0,seeded-sync,6,5,1000000,64,0,0,0,1,86823307.250000000,34451219,20.546913250,0.000000000,250.000000000,80.000000000,276394.000000000,0
large_arrays,0,learned-sync,6,5,1000000,64,0,0,0,1,37886999.920838334,34451219,20.546913250,0.000000000,43.668131901,41.650331453,276394.000000000,4
dependent_compute,2,seeded-sync,0,5,32768,1,16,0,0,1,5960355.312500000,7755985,107.485849380,0.000000000,250.000000000,80.000000000,275439.000000000,0
dependent_compute,2,learned-sync,0,5,32768,1,16,0,0,1,10238879.189573815,7755985,107.485849380,0.000000000,936.231941149,46.579147816,275439.000000000,4
dependent_compute,2,seeded-sync,1,5,32768,1,16,0,0,1,5960355.312500000,7809189,107.485849380,0.000000000,250.000000000,80.000000000,275439.000000000,0
dependent_compute,2,learned-sync,1,5,32768,1,16,0,0,1,10238879.189573815,7809189,107.485849380,0.000000000,936.231941149,46.579147816,275439.000000000,4
dependent_compute,2,seeded-sync,2,5,32768,1,16,0,0,1,5960355.312500000,7732190,107.485849380,0.000000000,250.000000000,80.000000000,275439.000000000,0
dependent_compute,2,learned-sync,2,5,32768,1,16,0,0,1,10238879.189573815,7732190,107.485849380,0.000000000,936.231941149,46.579147816,275439.000000000,4
dependent_compute,2,seeded-sync,3,5,32768,1,16,0,0,1,5960355.312500000,7599283,107.485849380,0.000000000,250.000000000,80.000000000,275439.000000000,0
dependent_compute,2,learned-sync,3,5,32768,1,16,0,0,1,10238879.189573815,7599283,107.485849380,0.000000000,936.231941149,46.579147816,275439.000000000,4
dependent_compute,2,seeded-sync,4,5,32768,1,16,0,0,1,5960355.312500000,7540333,107.485849380,0.000000000,250.000000000,80.000000000,275439.000000000,0
dependent_compute,2,learned-sync,4,5,32768,1,16,0,0,1,10238879.189573815,7540333,107.485849380,0.000000000,936.231941149,46.579147816,275439.000000000,4
dependent_compute,2,seeded-sync,5,5,32768,1,16,0,0,1,5960355.312500000,7677822,107.485849380,0.000000000,250.000000000,80.000000000,275439.000000000,0
dependent_compute,2,learned-sync,5,5,32768,1,16,0,0,1,10238879.189573815,7677822,107.485849380,0.000000000,936.231941149,46.579147816,275439.000000000,4
dependent_compute,2,seeded-sync,6,5,32768,1,16,0,0,1,5960355.312500000,7733798,107.485849380,0.000000000,250.000000000,80.000000000,275439.000000000,0
dependent_compute,2,learned-sync,6,5,32768,1,16,0,0,1,10238879.189573815,7733798,107.485849380,0.000000000,936.231941149,46.579147816,275439.000000000,4
short_many_chains,0,seeded-sync,0,6,20000,64,0,0,0,1,1835371.546875000,829413,20.888527344,0.000000000,250.000000000,80.000000000,317381.000000000,0
short_many_chains,0,learned-sync,0,6,20000,64,0,0,0,1,1111605.400795062,829413,20.888527344,0.000000000,69.920661743,42.992911719,317381.000000000,4
short_many_chains,0,seeded-sync,1,6,20000,64,0,0,0,1,1835371.546875000,822103,20.888527344,0.000000000,250.000000000,80.000000000,317381.000000000,0
short_many_chains,0,learned-sync,1,6,20000,64,0,0,0,1,1111605.400795062,822103,20.888527344,0.000000000,69.920661743,42.992911719,317381.000000000,4
short_many_chains,0,seeded-sync,2,6,20000,64,0,0,0,1,1835371.546875000,918522,20.888527344,0.000000000,250.000000000,80.000000000,317381.000000000,0
short_many_chains,0,learned-sync,2,6,20000,64,0,0,0,1,1111605.400795062,918522,20.888527344,0.000000000,69.920661743,42.992911719,317381.000000000,4
short_many_chains,0,seeded-sync,3,6,20000,64,0,0,0,1,1835371.546875000,961560,20.888527344,0.000000000,250.000000000,80.000000000,317381.000000000,0
short_many_chains,0,learned-sync,3,6,20000,64,0,0,0,1,1111605.400795062,961560,20.888527344,0.000000000,69.920661743,42.992911719,317381.000000000,4
short_many_chains,0,seeded-sync,4,6,20000,64,0,0,0,1,1835371.546875000,808865,20.888527344,0.000000000,250.000000000,80.000000000,317381.000000000,0
short_many_chains,0,learned-sync,4,6,20000,64,0,0,0,1,1111605.400795062,808865,20.888527344,0.000000000,69.920661743,42.992911719,317381.000000000,4
short_many_chains,0,seeded-sync,5,6,20000,64,0,0,0,1,1835371.546875000,817319,20.888527344,0.000000000,250.000000000,80.000000000,317381.000000000,0
short_many_chains,0,learned-sync,5,6,20000,64,0,0,0,1,1111605.400795062,817319,20.888527344,0.000000000,69.920661743,42.992911719,317381.000000000,4
short_many_chains,0,seeded-sync,6,6,20000,64,0,0,0,1,1835371.546875000,891794,20.888527344,0.000000000,250.000000000,80.000000000,317381.000000000,0
short_many_chains,0,learned-sync,6,6,20000,64,0,0,0,1,1111605.400795062,891794,20.888527344,0.000000000,69.920661743,42.992911719,317381.000000000,4
independent_after,2,seeded-sync,0,6,32768,4,0,16,1,1,3390465.316928864,1831804,21.217847824,107.897268295,250.000000000,80.000000000,303404.000000000,0
independent_after,2,learned-sync,0,6,32768,4,0,16,1,1,2237127.034397215,1831804,21.217847824,107.897268295,76.475160904,42.368068218,303404.000000000,4
independent_after,2,seeded-sync,1,6,32768,4,0,16,1,1,3390465.316928864,1868722,21.217847824,107.897268295,250.000000000,80.000000000,303404.000000000,0
independent_after,2,learned-sync,1,6,32768,4,0,16,1,1,2237127.034397215,1868722,21.217847824,107.897268295,76.475160904,42.368068218,303404.000000000,4
independent_after,2,seeded-sync,2,6,32768,4,0,16,1,1,3390465.316928864,1855672,21.217847824,107.897268295,250.000000000,80.000000000,303404.000000000,0
independent_after,2,learned-sync,2,6,32768,4,0,16,1,1,2237127.034397215,1855672,21.217847824,107.897268295,76.475160904,42.368068218,303404.000000000,4
independent_after,2,seeded-sync,3,6,32768,4,0,16,1,1,3390465.316928864,1826128,21.217847824,107.897268295,250.000000000,80.000000000,303404.000000000,0
independent_after,2,learned-sync,3,6,32768,4,0,16,1,1,2237127.034397215,1826128,21.217847824,107.897268295,76.475160904,42.368068218,303404.000000000,4
independent_after,2,seeded-sync,4,6,32768,4,0,16,1,1,3390465.316928864,1845452,21.217847824,107.897268295,250.000000000,80.000000000,303404.000000000,0
independent_after,2,learned-sync,4,6,32768,4,0,16,1,1,2237127.034397215,1845452,21.217847824,107.897268295,76.475160904,42.368068218,303404.000000000,4
independent_after,2,seeded-sync,5,6,32768,4,0,16,1,1,3390465.316928864,1915788,21.217847824,107.897268295,250.000000000,80.000000000,303404.000000000,0
independent_after,2,learned-sync,5,6,32768,4,0,16,1,1,2237127.034397215,1915788,21.217847824,107.897268295,76.475160904,42.368068218,303404.000000000,4
independent_after,2,seeded-sync,6,6,32768,4,0,16,1,1,3390465.316928864,1821022,21.217847824,107.897268295,250.000000000,80.000000000,303404.000000000,0
independent_after,2,learned-sync,6,6,32768,4,0,16,1,1,2237127.034397215,1821022,21.217847824,107.897268295,76.475160904,42.368068218,303404.000000000,4
short_chain,2,seeded-sync,0,3,20000,1,0,0,0,1,2774116.796875000,2635521,20.438139844,0.000000000,250.000000000,80.000000000,165244.000000000,0
short_chain,2,learned-sync,0,3,20000,1,0,0,0,1,2650676.547350030,2635521,20.438139844,0.000000000,265.266536764,46.218351562,165244.000000000,4
short_chain,2,seeded-sync,1,3,20000,1,0,0,0,1,2774116.796875000,2793266,20.438139844,0.000000000,250.000000000,80.000000000,165244.000000000,0
short_chain,2,learned-sync,1,3,20000,1,0,0,0,1,2650676.547350030,2793266,20.438139844,0.000000000,265.266536764,46.218351562,165244.000000000,4
short_chain,2,seeded-sync,2,3,20000,1,0,0,0,1,2774116.796875000,2830358,20.438139844,0.000000000,250.000000000,80.000000000,165244.000000000,0
short_chain,2,learned-sync,2,3,20000,1,0,0,0,1,2650676.547350030,2830358,20.438139844,0.000000000,265.266536764,46.218351562,165244.000000000,4
short_chain,2,seeded-sync,3,3,20000,1,0,0,0,1,2774116.796875000,3147937,20.438139844,0.000000000,250.000000000,80.000000000,165244.000000000,0
short_chain,2,learned-sync,3,3,20000,1,0,0,0,1,2650676.547350030,3147937,20.438139844,0.000000000,265.266536764,46.218351562,165244.000000000,4
short_chain,2,seeded-sync,4,3,20000,1,0,0,0,1,2774116.796875000,2692883,20.438139844,0.000000000,250.000000000,80.000000000,165244.000000000,0
short_chain,2,learned-sync,4,3,20000,1,0,0,0,1,2650676.547350030,2692883,20.438139844,0.000000000,265.266536764,46.218351562,165244.000000000,4
short_chain,2,seeded-sync,5,3,20000,1,0,0,0,1,2774116.796875000,2787064,20.438139844,0.000000000,250.000000000,80.000000000,165244.000000000,0
short_chain,2,learned-sync,5,3,20000,1,0,0,0,1,2650676.547350030,2787064,20.438139844,0.000000000,265.266536764,46.218351562,165244.000000000,4
short_chain,2,seeded-sync,6,3,20000,1,0,0,0,1,2774116.796875000,2871092,20.438139844,0.000000000,250.000000000,80.000000000,165244.000000000,0
short_chain,2,learned-sync,6,3,20000,1,0,0,0,1,2650676.547350030,2871092,20.438139844,0.000000000,265.266536764,46.218351562,165244.000000000,4
independent_before,2,seeded-sync,0,3,32768,4,0,16,0,1,5630524.508324623,2867942,20.573973656,107.274973869,250.000000000,80.000000000,180002.000000000,0
independent_before,2,learned-sync,0,3,32768,4,0,16,0,1,3110497.171263551,2867942,20.573973656,107.274973869,57.420386133,41.871261120,180002.000000000,4
independent_before,2,seeded-sync,1,3,32768,4,0,16,0,1,5630524.508324623,2943296,20.573973656,107.274973869,250.000000000,80.000000000,180002.000000000,0
independent_before,2,learned-sync,1,3,32768,4,0,16,0,1,3110497.171263551,2943296,20.573973656,107.274973869,57.420386133,41.871261120,180002.000000000,4
independent_before,2,seeded-sync,2,3,32768,4,0,16,0,1,5630524.508324623,2762844,20.573973656,107.274973869,250.000000000,80.000000000,180002.000000000,0
independent_before,2,learned-sync,2,3,32768,4,0,16,0,1,3110497.171263551,2762844,20.573973656,107.274973869,57.420386133,41.871261120,180002.000000000,4
independent_before,2,seeded-sync,3,3,32768,4,0,16,0,1,5630524.508324623,3006110,20.573973656,107.274973869,250.000000000,80.000000000,180002.000000000,0
independent_before,2,learned-sync,3,3,32768,4,0,16,0,1,3110497.171263551,3006110,20.573973656,107.274973869,57.420386133,41.871261120,180002.000000000,4
independent_before,2,seeded-sync,4,3,32768,4,0,16,0,1,5630524.508324623,3089897,20.573973656,107.274973869,250.000000000,80.000000000,180002.000000000,0
independent_before,2,learned-sync,4,3,32768,4,0,16,0,1,3110497.171263551,3089897,20.573973656,107.274973869,57.420386133,41.871261120,180002.000000000,4
independent_before,2,seeded-sync,5,3,32768,4,0,16,0,1,5630524.508324623,2956580,20.573973656,107.274973869,250.000000000,80.000000000,180002.000000000,0
independent_before,2,learned-sync,5,3,32768,4,0,16,0,1,3110497.171263551,2956580,20.573973656,107.274973869,57.420386133,41.871261120,180002.000000000,4
independent_before,2,seeded-sync,6,3,32768,4,0,16,0,1,5630524.508324623,2928832,20.573973656,107.274973869,250.000000000,80.000000000,180002.000000000,0
independent_before,2,learned-sync,6,3,32768,4,0,16,0,1,3110497.171263551,2928832,20.573973656,107.274973869,57.420386133,41.871261120,180002.000000000,4
large_arrays,1,seeded-sync,0,2,1000000,64,0,0,0,1,185534375.734375000,51279319,20.372242734,0.000000000,250.000000000,80.000000000,162133.000000000,0
large_arrays,1,learned-sync,0,2,1000000,64,0,0,0,1,47709374.400160111,51279319,20.372242734,0.000000000,25.390922972,28.959074359,162133.000000000,4
large_arrays,1,seeded-sync,1,2,1000000,64,0,0,0,1,185534375.734375000,49903087,20.372242734,0.000000000,250.000000000,80.000000000,162133.000000000,0
large_arrays,1,learned-sync,1,2,1000000,64,0,0,0,1,47709374.400160111,49903087,20.372242734,0.000000000,25.390922972,28.959074359,162133.000000000,4
large_arrays,1,seeded-sync,2,2,1000000,64,0,0,0,1,185534375.734375000,54263731,20.372242734,0.000000000,250.000000000,80.000000000,162133.000000000,0
large_arrays,1,learned-sync,2,2,1000000,64,0,0,0,1,47709374.400160111,54263731,20.372242734,0.000000000,25.390922972,28.959074359,162133.000000000,4
large_arrays,1,seeded-sync,3,2,1000000,64,0,0,0,1,185534375.734375000,54627556,20.372242734,0.000000000,250.000000000,80.000000000,162133.000000000,0
large_arrays,1,learned-sync,3,2,1000000,64,0,0,0,1,47709374.400160111,54627556,20.372242734,0.000000000,25.390922972,28.959074359,162133.000000000,4
large_arrays,1,seeded-sync,4,2,1000000,64,0,0,0,1,185534375.734375000,53448617,20.372242734,0.000000000,250.000000000,80.000000000,162133.000000000,0
large_arrays,1,learned-sync,4,2,1000000,64,0,0,0,1,47709374.400160111,53448617,20.372242734,0.000000000,25.390922972,28.959074359,162133.000000000,4
large_arrays,1,seeded-sync,5,2,1000000,64,0,0,0,1,185534375.734375000,49358415,20.372242734,0.000000000,250.000000000,80.000000000,162133.000000000,0
large_arrays,1,learned-sync,5,2,1000000,64,0,0,0,1,47709374.400160111,49358415,20.372242734,0.000000000,25.390922972,28.959074359,162133.000000000,4
large_arrays,1,seeded-sync,6,2,1000000,64,0,0,0,1,185534375.734375000,50702202,20.372242734,0.000000000,250.000000000,80.000000000,162133.000000000,0
large_arrays,1,learned-sync,6,2,1000000,64,0,0,0,1,47709374.400160111,50702202,20.372242734,0.000000000,25.390922972,28.959074359,162133.000000000,4
long_chain,1,seeded-sync,0,2,200000,1,0,0,0,1,37254106.406250000,22072496,20.359457031,0.000000000,250.000000000,80.000000000,182215.000000000,0
long_chain,1,learned-sync,0,2,200000,1,0,0,0,1,18681770.755418353,22072496,20.359457031,0.000000000,100.807711695,43.468931797,182215.000000000,4
long_chain,1,seeded-sync,1,2,200000,1,0,0,0,1,37254106.406250000,21770443,20.359457031,0.000000000,250.000000000,80.000000000,182215.000000000,0
long_chain,1,learned-sync,1,2,200000,1,0,0,0,1,18681770.755418353,21770443,20.359457031,0.000000000,100.807711695,43.468931797,182215.000000000,4
long_chain,1,seeded-sync,2,2,200000,1,0,0,0,1,37254106.406250000,22040169,20.359457031,0.000000000,250.000000000,80.000000000,182215.000000000,0
long_chain,1,learned-sync,2,2,200000,1,0,0,0,1,18681770.755418353,22040169,20.359457031,0.000000000,100.807711695,43.468931797,182215.000000000,4
long_chain,1,seeded-sync,3,2,200000,1,0,0,0,1,37254106.406250000,24518436,20.359457031,0.000000000,250.000000000,80.000000000,182215.000000000,0
long_chain,1,learned-sync,3,2,200000,1,0,0,0,1,18681770.755418353,24518436,20.359457031,0.000000000,100.807711695,43.468931797,182215.000000000,4
long_chain,1,seeded-sync,4,2,200000,1,0,0,0,1,37254106.406250000,22151197,20.359457031,0.000000000,250.000000000,80.000000000,182215.000000000,0
long_chain,1,learned-sync,4,2,200000,1,0,0,0,1,18681770.755418353,22151197,20.359457031,0.000000000,100.807711695,43.468931797,182215.000000000,4
long_chain,1,seeded-sync,5,2,200000,1,0,0,0,1,37254106.406250000,22804456,20.359457031,0.000000000,250.000000000,80.000000000,182215.000000000,0
long_chain,1,learned-sync,5,2,200000,1,0,0,0,1,18681770.755418353,22804456,20.359457031,0.000000000,100.807711695,43.468931797,182215.000000000,4
long_chain,1,seeded-sync,6,2,200000,1,0,0,0,1,37254106.406250000,22572676,20.359457031,0.000000000,250.000000000,80.000000000,182215.000000000,0
long_chain,1,learned-sync,6,2,200000,1,0,0,0,1,18681770.755418353,22572676,20.359457031,0.000000000,100.807711695,43.468931797,182215.000000000,4
long_chain,0,seeded-sync,0,6,200000,1,0,0,0,1,15525828.140625000,31904729,21.035025703,0.000000000,250.000000000,80.000000000,318603.000000000,0
long_chain,0,learned-sync,0,6,200000,1,0,0,0,1,35004550.668179780,31904729,21.035025703,0.000000000,866.671623358,47.678365469,318603.000000000,4
long_chain,0,seeded-sync,1,6,200000,1,0,0,0,1,15525828.140625000,30755530,21.035025703,0.000000000,250.000000000,80.000000000,318603.000000000,0
long_chain,0,learned-sync,1,6,200000,1,0,0,0,1,35004550.668179780,30755530,21.035025703,0.000000000,866.671623358,47.678365469,318603.000000000,4
long_chain,0,seeded-sync,2,6,200000,1,0,0,0,1,15525828.140625000,32123607,21.035025703,0.000000000,250.000000000,80.000000000,318603.000000000,0
long_chain,0,learned-sync,2,6,200000,1,0,0,0,1,35004550.668179780,32123607,21.035025703,0.000000000,866.671623358,47.678365469,318603.000000000,4
long_chain,0,seeded-sync,3,6,200000,1,0,0,0,1,15525828.140625000,31962303,21.035025703,0.000000000,250.000000000,80.000000000,318603.000000000,0
long_chain,0,learned-sync,3,6,200000,1,0,0,0,1,35004550.668179780,31962303,21.035025703,0.000000000,866.671623358,47.678365469,318603.000000000,4
long_chain,0,seeded-sync,4,6,200000,1,0,0,0,1,15525828.140625000,31098463,21.035025703,0.000000000,250.000000000,80.000000000,318603.000000000,0
long_chain,0,learned-sync,4,6,200000,1,0,0,0,1,35004550.668179780,31098463,21.035025703,0.000000000,866.671623358,47.678365469,318603.000000000,4
long_chain,0,seeded-sync,5,6,200000,1,0,0,0,1,15525828.140625000,30356388,21.035025703,0.000000000,250.000000000,80.000000000,318603.000000000,0
long_chain,0,learned-sync,5,6,200000,1,0,0,0,1,35004550.668179780,30356388,21.035025703,0.000000000,866.671623358,47.678365469,318603.000000000,4
long_chain,0,seeded-sync,6,6,200000,1,0,0,0,1,15525828.140625000,30885766,21.035025703,0.000000000,250.000000000,80.000000000,318603.000000000,0
long_chain,0,learned-sync,6,6,200000,1,0,0,0,1,35004550.668179780,30885766,21.035025703,0.000000000,866.671623358,47.678365469,318603.000000000,4
tiny_chain,1,seeded-sync,0,2,257,1,0,0,0,1,200938.562500000,189172,20.313472763,0.000000000,250.000000000,80.000000000,153148.000000000,0
tiny_chain,1,learned-sync,0,2,257,1,0,0,0,1,195293.942489683,189172,20.313472763,0.000000000,240.047973633,46.195282101,153148.000000000,4
tiny_chain,1,seeded-sync,1,2,257,1,0,0,0,1,200938.562500000,215093,20.313472763,0.000000000,250.000000000,80.000000000,153148.000000000,0
tiny_chain,1,learned-sync,1,2,257,1,0,0,0,1,195293.942489683,215093,20.313472763,0.000000000,240.047973633,46.195282101,153148.000000000,4
tiny_chain,1,seeded-sync,2,2,257,1,0,0,0,1,200938.562500000,205114,20.313472763,0.000000000,250.000000000,80.000000000,153148.000000000,0
tiny_chain,1,learned-sync,2,2,257,1,0,0,0,1,195293.942489683,205114,20.313472763,0.000000000,240.047973633,46.195282101,153148.000000000,4
tiny_chain,1,seeded-sync,3,2,257,1,0,0,0,1,200938.562500000,185385,20.313472763,0.000000000,250.000000000,80.000000000,153148.000000000,0
tiny_chain,1,learned-sync,3,2,257,1,0,0,0,1,195293.942489683,185385,20.313472763,0.000000000,240.047973633,46.195282101,153148.000000000,4
tiny_chain,1,seeded-sync,4,2,257,1,0,0,0,1,200938.562500000,178789,20.313472763,0.000000000,250.000000000,80.000000000,153148.000000000,0
tiny_chain,1,learned-sync,4,2,257,1,0,0,0,1,195293.942489683,178789,20.313472763,0.000000000,240.047973633,46.195282101,153148.000000000,4
tiny_chain,1,seeded-sync,5,2,257,1,0,0,0,1,200938.562500000,166768,20.313472763,0.000000000,250.000000000,80.000000000,153148.000000000,0
tiny_chain,1,learned-sync,5,2,257,1,0,0,0,1,195293.942489683,166768,20.313472763,0.000000000,240.047973633,46.195282101,153148.000000000,4
tiny_chain,1,seeded-sync,6,2,257,1,0,0,0,1,200938.562500000,178358,20.313472763,0.000000000,250.000000000,80.000000000,153148.000000000,0
tiny_chain,1,learned-sync,6,2,257,1,0,0,0,1,195293.942489683,178358,20.313472763,0.000000000,240.047973633,46.195282101,153148.000000000,4
tiny_chain,1,seeded-sync,0,3,257,1,0,0,0,1,246973.281250000,209675,20.226775292,0.000000000,250.000000000,80.000000000,213395.000000000,0
tiny_chain,1,learned-sync,0,3,257,1,0,0,0,1,278782.565235895,209675,20.226775292,0.000000000,652.039062500,47.836332685,213395.000000000,4
tiny_chain,1,seeded-sync,1,3,257,1,0,0,0,1,246973.281250000,219161,20.226775292,0.000000000,250.000000000,80.000000000,213395.000000000,0
tiny_chain,1,learned-sync,1,3,257,1,0,0,0,1,278782.565235895,219161,20.226775292,0.000000000,652.039062500,47.836332685,213395.000000000,4
tiny_chain,1,seeded-sync,2,3,257,1,0,0,0,1,246973.281250000,221889,20.226775292,0.000000000,250.000000000,80.000000000,213395.000000000,0
tiny_chain,1,learned-sync,2,3,257,1,0,0,0,1,278782.565235895,221889,20.226775292,0.000000000,652.039062500,47.836332685,213395.000000000,4
tiny_chain,1,seeded-sync,3,3,257,1,0,0,0,1,246973.281250000,206699,20.226775292,0.000000000,250.000000000,80.000000000,213395.000000000,0
tiny_chain,1,learned-sync,3,3,257,1,0,0,0,1,278782.565235895,206699,20.226775292,0.000000000,652.039062500,47.836332685,213395.000000000,4
tiny_chain,1,seeded-sync,4,3,257,1,0,0,0,1,246973.281250000,211006,20.226775292,0.000000000,250.000000000,80.000000000,213395.000000000,0
tiny_chain,1,learned-sync,4,3,257,1,0,0,0,1,278782.565235895,211006,20.226775292,0.000000000,652.039062500,47.836332685,213395.000000000,4
tiny_chain,1,seeded-sync,5,3,257,1,0,0,0,1,246973.281250000,199812,20.226775292,0.000000000,250.000000000,80.000000000,213395.000000000,0
tiny_chain,1,learned-sync,5,3,257,1,0,0,0,1,278782.565235895,199812,20.226775292,0.000000000,652.039062500,47.836332685,213395.000000000,4
tiny_chain,1,seeded-sync,6,3,257,1,0,0,0,1,246973.281250000,211732,20.226775292,0.000000000,250.000000000,80.000000000,213395.000000000,0
tiny_chain,1,learned-sync,6,3,257,1,0,0,0,1,278782.565235895,211732,20.226775292,0.000000000,652.039062500,47.836332685,213395.000000000,4
long_many_chains,0,seeded-sync,0,6,200000,64,0,0,0,1,15398806.562500000,5264099,20.385317812,0.000000000,250.000000000,80.000000000,321523.000000000,0
long_many_chains,0,learned-sync,0,6,200000,64,0,0,0,1,7195385.231883907,5264099,20.385317812,0.000000000,41.962905083,41.939376953,321523.000000000,4
long_many_chains,0,seeded-sync,1,6,200000,64,0,0,0,1,15398806.562500000,5122706,20.385317812,0.000000000,250.000000000,80.000000000,321523.000000000,0
long_many_chains,0,learned-sync,1,6,200000,64,0,0,0,1,7195385.231883907,5122706,20.385317812,0.000000000,41.962905083,41.939376953,321523.000000000,4
long_many_chains,0,seeded-sync,2,6,200000,64,0,0,0,1,15398806.562500000,5122449,20.385317812,0.000000000,250.000000000,80.000000000,321523.000000000,0
long_many_chains,0,learned-sync,2,6,200000,64,0,0,0,1,7195385.231883907,5122449,20.385317812,0.000000000,41.962905083,41.939376953,321523.000000000,4
long_many_chains,0,seeded-sync,3,6,200000,64,0,0,0,1,15398806.562500000,5556776,20.385317812,0.000000000,250.000000000,80.000000000,321523.000000000,0
long_many_chains,0,learned-sync,3,6,200000,64,0,0,0,1,7195385.231883907,5556776,20.385317812,0.000000000,41.962905083,41.939376953,321523.000000000,4
long_many_chains,0,seeded-sync,4,6,200000,64,0,0,0,1,15398806.562500000,5444302,20.385317812,0.000000000,250.000000000,80.000000000,321523.000000000,0
long_many_chains,0,learned-sync,4,6,200000,64,0,0,0,1,7195385.231883907,5444302,20.385317812,0.000000000,41.962905083,41.939376953,321523.000000000,4
long_many_chains,0,seeded-sync,5,6,200000,64,0,0,0,1,15398806.562500000,5400037,20.385317812,0.000000000,250.000000000,80.000000000,321523.000000000,0
long_many_chains,0,learned-sync,5,6,200000,64,0,0,0,1,7195385.231883907,5400037,20.385317812,0.000000000,41.962905083,41.939376953,321523.000000000,4
long_many_chains,0,seeded-sync,6,6,200000,64,0,0,0,1,15398806.562500000,5521510,20.385317812,0.000000000,250.000000000,80.000000000,321523.000000000,0
long_many_chains,0,learned-sync,6,6,200000,64,0,0,0,1,7195385.231883907,5521510,20.385317812,0.000000000,41.962905083,41.939376953,321523.000000000,4
short_many_chains,0,seeded-sync,0,8,20000,64,0,0,0,1,1627496.625000000,735514,21.166731250,0.000000000,250.000000000,80.000000000,379162.000000000,0
short_many_chains,0,learned-sync,0,8,20000,64,0,0,0,1,961025.320525682,735514,21.166731250,0.000000000,28.032741492,35.378736719,379162.000000000,4
short_many_chains,0,seeded-sync,1,8,20000,64,0,0,0,1,1627496.625000000,797588,21.166731250,0.000000000,250.000000000,80.000000000,379162.000000000,0
short_many_chains,0,learned-sync,1,8,20000,64,0,0,0,1,961025.320525682,797588,21.166731250,0.000000000,28.032741492,35.378736719,379162.000000000,4
short_many_chains,0,seeded-sync,2,8,20000,64,0,0,0,1,1627496.625000000,779624,21.166731250,0.000000000,250.000000000,80.000000000,379162.000000000,0
short_many_chains,0,learned-sync,2,8,20000,64,0,0,0,1,961025.320525682,779624,21.166731250,0.000000000,28.032741492,35.378736719,379162.000000000,4
short_many_chains,0,seeded-sync,3,8,20000,64,0,0,0,1,1627496.625000000,754442,21.166731250,0.000000000,250.000000000,80.000000000,379162.000000000,0
short_many_chains,0,learned-sync,3,8,20000,64,0,0,0,1,961025.320525682,754442,21.166731250,0.000000000,28.032741492,35.378736719,379162.000000000,4
short_many_chains,0,seeded-sync,4,8,20000,64,0,0,0,1,1627496.625000000,815367,21.166731250,0.000000000,250.000000000,80.000000000,379162.000000000,0
short_many_chains,0,learned-sync,4,8,20000,64,0,0,0,1,961025.320525682,815367,21.166731250,0.000000000,28.032741492,35.378736719,379162.000000000,4
short_many_chains,0,seeded-sync,5,8,20000,64,0,0,0,1,1627496.625000000,754272,21.166731250,0.000000000,250.000000000,80.000000000,379162.000000000,0
short_many_chains,0,learned-sync,5,8,20000,64,0,0,0,1,961025.320525682,754272,21.166731250,0.000000000,28.032741492,35.378736719,379162.000000000,4
short_many_chains,0,seeded-sync,6,8,20000,64,0,0,0,1,1627496.625000000,905668,21.166731250,0.000000000,250.000000000,80.000000000,379162.000000000,0
short_many_chains,0,learned-sync,6,8,20000,64,0,0,0,1,961025.320525682,905668,21.166731250,0.000000000,28.032741492,35.378736719,379162.000000000,4
short_four_chains,2,seeded-sync,0,2,20000,4,0,0,0,1,3870006.093750000,1141643,20.932854687,0.000000000,250.000000000,80.000000000,151349.000000000,0
short_four_chains,2,learned-sync,0,2,20000,4,0,0,0,1,1097384.749957804,1141643,20.932854687,0.000000000,25.164041402,27.573824219,151349.000000000,4
short_four_chains,2,seeded-sync,1,2,20000,4,0,0,0,1,3870006.093750000,1142838,20.932854687,0.000000000,250.000000000,80.000000000,151349.000000000,0
short_four_chains,2,learned-sync,1,2,20000,4,0,0,0,1,1097384.749957804,1142838,20.932854687,0.000000000,25.164041402,27.573824219,151349.000000000,4
short_four_chains,2,seeded-sync,2,2,20000,4,0,0,0,1,3870006.093750000,1104619,20.932854687,0.000000000,250.000000000,80.000000000,151349.000000000,0
short_four_chains,2,learned-sync,2,2,20000,4,0,0,0,1,1097384.749957804,1104619,20.932854687,0.000000000,25.164041402,27.573824219,151349.000000000,4
short_four_chains,2,seeded-sync,3,2,20000,4,0,0,0,1,3870006.093750000,1306056,20.932854687,0.000000000,250.000000000,80.000000000,151349.000000000,0
short_four_chains,2,learned-sync,3,2,20000,4,0,0,0,1,1097384.749957804,1306056,20.932854687,0.000000000,25.164041402,27.573824219,151349.000000000,4
short_four_chains,2,seeded-sync,4,2,20000,4,0,0,0,1,3870006.093750000,1227906,20.932854687,0.000000000,250.000000000,80.000000000,151349.000000000,0
short_four_chains,2,learned-sync,4,2,20000,4,0,0,0,1,1097384.749957804,1227906,20.932854687,0.000000000,25.164041402,27.573824219,151349.000000000,4
short_four_chains,2,seeded-sync,5,2,20000,4,0,0,0,1,3870006.093750000,1068320,20.932854687,0.000000000,250.000000000,80.000000000,151349.000000000,0
short_four_chains,2,learned-sync,5,2,20000,4,0,0,0,1,1097384.749957804,1068320,20.932854687,0.000000000,25.164041402,27.573824219,151349.000000000,4
short_four_chains,2,seeded-sync,6,2,20000,4,0,0,0,1,3870006.093750000,1072682,20.932854687,0.000000000,250.000000000,80.000000000,151349.000000000,0
short_four_chains,2,learned-sync,6,2,20000,4,0,0,0,1,1097384.749957804,1072682,20.932854687,0.000000000,25.164041402,27.573824219,151349.000000000,4
large_arrays,2,seeded-sync,0,4,1000000,64,0,0,0,1,103681233.546875000,29283304,20.947460547,0.000000000,250.000000000,80.000000000,233773.000000000,0
large_arrays,2,learned-sync,0,4,1000000,64,0,0,0,1,39606299.328328758,29283304,20.947460547,0.000000000,34.734143595,38.966119531,233773.000000000,4
large_arrays,2,seeded-sync,1,4,1000000,64,0,0,0,1,103681233.546875000,28850493,20.947460547,0.000000000,250.000000000,80.000000000,233773.000000000,0
large_arrays,2,learned-sync,1,4,1000000,64,0,0,0,1,39606299.328328758,28850493,20.947460547,0.000000000,34.734143595,38.966119531,233773.000000000,4
large_arrays,2,seeded-sync,2,4,1000000,64,0,0,0,1,103681233.546875000,35398455,20.947460547,0.000000000,250.000000000,80.000000000,233773.000000000,0
large_arrays,2,learned-sync,2,4,1000000,64,0,0,0,1,39606299.328328758,35398455,20.947460547,0.000000000,34.734143595,38.966119531,233773.000000000,4
large_arrays,2,seeded-sync,3,4,1000000,64,0,0,0,1,103681233.546875000,32557741,20.947460547,0.000000000,250.000000000,80.000000000,233773.000000000,0
large_arrays,2,learned-sync,3,4,1000000,64,0,0,0,1,39606299.328328758,32557741,20.947460547,0.000000000,34.734143595,38.966119531,233773.000000000,4
large_arrays,2,seeded-sync,4,4,1000000,64,0,0,0,1,103681233.546875000,28944472,20.947460547,0.000000000,250.000000000,80.000000000,233773.000000000,0
large_arrays,2,learned-sync,4,4,1000000,64,0,0,0,1,39606299.328328758,28944472,20.947460547,0.000000000,34.734143595,38.966119531,233773.000000000,4
large_arrays,2,seeded-sync,5,4,1000000,64,0,0,0,1,103681233.546875000,27786384,20.947460547,0.000000000,250.000000000,80.000000000,233773.000000000,0
large_arrays,2,learned-sync,5,4,1000000,64,0,0,0,1,39606299.328328758,27786384,20.947460547,0.000000000,34.734143595,38.966119531,233773.000000000,4
large_arrays,2,seeded-sync,6,4,1000000,64,0,0,0,1,103681233.546875000,35524447,20.947460547,0.000000000,250.000000000,80.000000000,233773.000000000,0
large_arrays,2,learned-sync,6,4,1000000,64,0,0,0,1,39606299.328328758,35524447,20.947460547,0.000000000,34.734143595,38.966119531,233773.000000000,4
independent_before,1,seeded-sync,0,7,32768,4,0,16,0,1,3078008.346990585,1758555,20.985406876,110.420447350,250.000000000,80.000000000,328310.000000000,0
independent_before,1,learned-sync,0,7,32768,4,0,16,0,1,2348961.382770889,1758555,20.985406876,110.420447350,123.327010972,50.960267067,328310.000000000,4
independent_before,1,seeded-sync,1,7,32768,4,0,16,0,1,3078008.346990585,1714683,20.985406876,110.420447350,250.000000000,80.000000000,328310.000000000,0
independent_before,1,learned-sync,1,7,32768,4,0,16,0,1,2348961.382770889,1714683,20.985406876,110.420447350,123.327010972,50.960267067,328310.000000000,4
independent_before,1,seeded-sync,2,7,32768,4,0,16,0,1,3078008.346990585,1785453,20.985406876,110.420447350,250.000000000,80.000000000,328310.000000000,0
independent_before,1,learned-sync,2,7,32768,4,0,16,0,1,2348961.382770889,1785453,20.985406876,110.420447350,123.327010972,50.960267067,328310.000000000,4
independent_before,1,seeded-sync,3,7,32768,4,0,16,0,1,3078008.346990585,1709701,20.985406876,110.420447350,250.000000000,80.000000000,328310.000000000,0
independent_before,1,learned-sync,3,7,32768,4,0,16,0,1,2348961.382770889,1709701,20.985406876,110.420447350,123.327010972,50.960267067,328310.000000000,4
independent_before,1,seeded-sync,4,7,32768,4,0,16,0,1,3078008.346990585,1810667,20.985406876,110.420447350,250.000000000,80.000000000,328310.000000000,0
independent_before,1,learned-sync,4,7,32768,4,0,16,0,1,2348961.382770889,1810667,20.985406876,110.420447350,123.327010972,50.960267067,328310.000000000,4
independent_before,1,seeded-sync,5,7,32768,4,0,16,0,1,3078008.346990585,2129789,20.985406876,110.420447350,250.000000000,80.000000000,328310.000000000,0
independent_before,1,learned-sync,5,7,32768,4,0,16,0,1,2348961.382770889,2129789,20.985406876,110.420447350,123.327010972,50.960267067,328310.000000000,4
independent_before,1,seeded-sync,6,7,32768,4,0,16,0,1,3078008.346990585,1892278,20.985406876,110.420447350,250.000000000,80.000000000,328310.000000000,0
independent_before,1,learned-sync,6,7,32768,4,0,16,0,1,2348961.382770889,1892278,20.985406876,110.420447350,123.327010972,50.960267067,328310.000000000,4
short_many_chains,0,seeded-sync,0,5,20000,64,0,0,0,1,1995972.000000000,762180,20.420150000,0.000000000,250.000000000,80.000000000,267569.000000000,0
short_many_chains,0,learned-sync,0,5,20000,64,0,0,0,1,1081621.669246589,762180,20.420150000,0.000000000,59.540321999,41.872095312,267569.000000000,4
short_many_chains,0,seeded-sync,1,5,20000,64,0,0,0,1,1995972.000000000,811312,20.420150000,0.000000000,250.000000000,80.000000000,267569.000000000,0
short_many_chains,0,learned-sync,1,5,20000,64,0,0,0,1,1081621.669246589,811312,20.420150000,0.000000000,59.540321999,41.872095312,267569.000000000,4
short_many_chains,0,seeded-sync,2,5,20000,64,0,0,0,1,1995972.000000000,796462,20.420150000,0.000000000,250.000000000,80.000000000,267569.000000000,0
short_many_chains,0,learned-sync,2,5,20000,64,0,0,0,1,1081621.669246589,796462,20.420150000,0.000000000,59.540321999,41.872095312,267569.000000000,4
short_many_chains,0,seeded-sync,3,5,20000,64,0,0,0,1,1995972.000000000,824905,20.420150000,0.000000000,250.000000000,80.000000000,267569.000000000,0
short_many_chains,0,learned-sync,3,5,20000,64,0,0,0,1,1081621.669246589,824905,20.420150000,0.000000000,59.540321999,41.872095312,267569.000000000,4
short_many_chains,0,seeded-sync,4,5,20000,64,0,0,0,1,1995972.000000000,892202,20.420150000,0.000000000,250.000000000,80.000000000,267569.000000000,0
short_many_chains,0,learned-sync,4,5,20000,64,0,0,0,1,1081621.669246589,892202,20.420150000,0.000000000,59.540321999,41.872095312,267569.000000000,4
short_many_chains,0,seeded-sync,5,5,20000,64,0,0,0,1,1995972.000000000,1004870,20.420150000,0.000000000,250.000000000,80.000000000,267569.000000000,0
short_many_chains,0,learned-sync,5,5,20000,64,0,0,0,1,1081621.669246589,1004870,20.420150000,0.000000000,59.540321999,41.872095312,267569.000000000,4
short_many_chains,0,seeded-sync,6,5,20000,64,0,0,0,1,1995972.000000000,977750,20.420150000,0.000000000,250.000000000,80.000000000,267569.000000000,0
short_many_chains,0,learned-sync,6,5,20000,64,0,0,0,1,1081621.669246589,977750,20.420150000,0.000000000,59.540321999,41.872095312,267569.000000000,4
short_chain,0,seeded-sync,0,2,20000,1,0,0,0,1,3877295.171875000,2415859,21.101258594,0.000000000,250.000000000,80.000000000,155270.000000000,0
short_chain,0,learned-sync,0,2,20000,1,0,0,0,1,2174037.884949326,2415859,21.101258594,0.000000000,113.176148651,46.498122656,155270.000000000,4
short_chain,0,seeded-sync,1,2,20000,1,0,0,0,1,3877295.171875000,2405411,21.101258594,0.000000000,250.000000000,80.000000000,155270.000000000,0
short_chain,0,learned-sync,1,2,20000,1,0,0,0,1,2174037.884949326,2405411,21.101258594,0.000000000,113.176148651,46.498122656,155270.000000000,4
short_chain,0,seeded-sync,2,2,20000,1,0,0,0,1,3877295.171875000,2348539,21.101258594,0.000000000,250.000000000,80.000000000,155270.000000000,0
short_chain,0,learned-sync,2,2,20000,1,0,0,0,1,2174037.884949326,2348539,21.101258594,0.000000000,113.176148651,46.498122656,155270.000000000,4
short_chain,0,seeded-sync,3,2,20000,1,0,0,0,1,3877295.171875000,2465162,21.101258594,0.000000000,250.000000000,80.000000000,155270.000000000,0
short_chain,0,learned-sync,3,2,20000,1,0,0,0,1,2174037.884949326,2465162,21.101258594,0.000000000,113.176148651,46.498122656,155270.000000000,4
short_chain,0,seeded-sync,4,2,20000,1,0,0,0,1,3877295.171875000,2485825,21.101258594,0.000000000,250.000000000,80.000000000,155270.000000000,0
short_chain,0,learned-sync,4,2,20000,1,0,0,0,1,2174037.884949326,2485825,21.101258594,0.000000000,113.176148651,46.498122656,155270.000000000,4
short_chain,0,seeded-sync,5,2,20000,1,0,0,0,1,3877295.171875000,2366574,21.101258594,0.000000000,250.000000000,80.000000000,155270.000000000,0
short_chain,0,learned-sync,5,2,20000,1,0,0,0,1,2174037.884949326,2366574,21.101258594,0.000000000,113.176148651,46.498122656,155270.000000000,4
short_chain,0,seeded-sync,6,2,20000,1,0,0,0,1,3877295.171875000,2389910,21.101258594,0.000000000,250.000000000,80.000000000,155270.000000000,0
short_chain,0,learned-sync,6,2,20000,1,0,0,0,1,2174037.884949326,2389910,21.101258594,0.000000000,113.176148651,46.498122656,155270.000000000,4
long_chain,1,seeded-sync,0,5,200000,1,0,0,0,1,17548656.859375000,29053368,20.416734297,0.000000000,250.000000000,80.000000000,265310.000000000,0
long_chain,1,learned-sync,0,5,200000,1,0,0,0,1,31660449.442352835,29053368,20.416734297,0.000000000,635.461764184,47.333050391,265310.000000000,4
long_chain,1,seeded-sync,1,5,200000,1,0,0,0,1,17548656.859375000,29093372,20.416734297,0.000000000,250.000000000,80.000000000,265310.000000000,0
long_chain,1,learned-sync,1,5,200000,1,0,0,0,1,31660449.442352835,29093372,20.416734297,0.000000000,635.461764184,47.333050391,265310.000000000,4
long_chain,1,seeded-sync,2,5,200000,1,0,0,0,1,17548656.859375000,29352323,20.416734297,0.000000000,250.000000000,80.000000000,265310.000000000,0
long_chain,1,learned-sync,2,5,200000,1,0,0,0,1,31660449.442352835,29352323,20.416734297,0.000000000,635.461764184,47.333050391,265310.000000000,4
long_chain,1,seeded-sync,3,5,200000,1,0,0,0,1,17548656.859375000,28970388,20.416734297,0.000000000,250.000000000,80.000000000,265310.000000000,0
long_chain,1,learned-sync,3,5,200000,1,0,0,0,1,31660449.442352835,28970388,20.416734297,0.000000000,635.461764184,47.333050391,265310.000000000,4
long_chain,1,seeded-sync,4,5,200000,1,0,0,0,1,17548656.859375000,28470303,20.416734297,0.000000000,250.000000000,80.000000000,265310.000000000,0
long_chain,1,learned-sync,4,5,200000,1,0,0,0,1,31660449.442352835,28470303,20.416734297,0.000000000,635.461764184,47.333050391,265310.000000000,4
long_chain,1,seeded-sync,5,5,200000,1,0,0,0,1,17548656.859375000,29785924,20.416734297,0.000000000,250.000000000,80.000000000,265310.000000000,0
long_chain,1,learned-sync,5,5,200000,1,0,0,0,1,31660449.442352835,29785924,20.416734297,0.000000000,635.461764184,47.333050391,265310.000000000,4
long_chain,1,seeded-sync,6,5,200000,1,0,0,0,1,17548656.859375000,29913634,20.416734297,0.000000000,250.000000000,80.000000000,265310.000000000,0
long_chain,1,learned-sync,6,5,200000,1,0,0,0,1,31660449.442352835,29913634,20.416734297,0.000000000,635.461764184,47.333050391,265310.000000000,4
long_many_chains,1,seeded-sync,0,8,200000,64,0,0,0,1,12729688.609375000,4222908,20.476508047,0.000000000,250.000000000,80.000000000,384387.000000000,0
long_many_chains,1,learned-sync,0,8,200000,64,0,0,0,1,6463677.708780560,4222908,20.476508047,0.000000000,34.996800695,44.362763281,384387.000000000,4
long_many_chains,1,seeded-sync,1,8,200000,64,0,0,0,1,12729688.609375000,4070319,20.476508047,0.000000000,250.000000000,80.000000000,384387.000000000,0
long_many_chains,1,learned-sync,1,8,200000,64,0,0,0,1,6463677.708780560,4070319,20.476508047,0.000000000,34.996800695,44.362763281,384387.000000000,4
long_many_chains,1,seeded-sync,2,8,200000,64,0,0,0,1,12729688.609375000,3761543,20.476508047,0.000000000,250.000000000,80.000000000,384387.000000000,0
long_many_chains,1,learned-sync,2,8,200000,64,0,0,0,1,6463677.708780560,3761543,20.476508047,0.000000000,34.996800695,44.362763281,384387.000000000,4
long_many_chains,1,seeded-sync,3,8,200000,64,0,0,0,1,12729688.609375000,4114658,20.476508047,0.000000000,250.000000000,80.000000000,384387.000000000,0
long_many_chains,1,learned-sync,3,8,200000,64,0,0,0,1,6463677.708780560,4114658,20.476508047,0.000000000,34.996800695,44.362763281,384387.000000000,4
long_many_chains,1,seeded-sync,4,8,200000,64,0,0,0,1,12729688.609375000,4011332,20.476508047,0.000000000,250.000000000,80.000000000,384387.000000000,0
long_many_chains,1,learned-sync,4,8,200000,64,0,0,0,1,6463677.708780560,4011332,20.476508047,0.000000000,34.996800695,44.362763281,384387.000000000,4
long_many_chains,1,seeded-sync,5,8,200000,64,0,0,0,1,12729688.609375000,3908915,20.476508047,0.000000000,250.000000000,80.000000000,384387.000000000,0
long_many_chains,1,learned-sync,5,8,200000,64,0,0,0,1,6463677.708780560,3908915,20.476508047,0.000000000,34.996800695,44.362763281,384387.000000000,4
long_many_chains,1,seeded-sync,6,8,200000,64,0,0,0,1,12729688.609375000,4670570,20.476508047,0.000000000,250.000000000,80.000000000,384387.000000000,0
long_many_chains,1,learned-sync,6,8,200000,64,0,0,0,1,6463677.708780560,4670570,20.476508047,0.000000000,34.996800695,44.362763281,384387.000000000,4
long_many_chains,2,seeded-sync,0,5,200000,64,0,0,0,1,17732940.593750000,7609606,21.294852969,0.000000000,250.000000000,80.000000000,273970.000000000,0
long_many_chains,2,learned-sync,0,5,200000,64,0,0,0,1,12050194.811033532,7609606,21.294852969,0.000000000,145.510139338,42.421216094,273970.000000000,4
long_many_chains,2,seeded-sync,1,5,200000,64,0,0,0,1,17732940.593750000,6042478,21.294852969,0.000000000,250.000000000,80.000000000,273970.000000000,0
long_many_chains,2,learned-sync,1,5,200000,64,0,0,0,1,12050194.811033532,6042478,21.294852969,0.000000000,145.510139338,42.421216094,273970.000000000,4
long_many_chains,2,seeded-sync,2,5,200000,64,0,0,0,1,17732940.593750000,6038970,21.294852969,0.000000000,250.000000000,80.000000000,273970.000000000,0
long_many_chains,2,learned-sync,2,5,200000,64,0,0,0,1,12050194.811033532,6038970,21.294852969,0.000000000,145.510139338,42.421216094,273970.000000000,4
long_many_chains,2,seeded-sync,3,5,200000,64,0,0,0,1,17732940.593750000,5584144,21.294852969,0.000000000,250.000000000,80.000000000,273970.000000000,0
long_many_chains,2,learned-sync,3,5,200000,64,0,0,0,1,12050194.811033532,5584144,21.294852969,0.000000000,145.510139338,42.421216094,273970.000000000,4
long_many_chains,2,seeded-sync,4,5,200000,64,0,0,0,1,17732940.593750000,6126822,21.294852969,0.000000000,250.000000000,80.000000000,273970.000000000,0
long_many_chains,2,learned-sync,4,5,200000,64,0,0,0,1,12050194.811033532,6126822,21.294852969,0.000000000,145.510139338,42.421216094,273970.000000000,4
long_many_chains,2,seeded-sync,5,5,200000,64,0,0,0,1,17732940.593750000,5470741,21.294852969,0.000000000,250.000000000,80.000000000,273970.000000000,0
long_many_chains,2,learned-sync,5,5,200000,64,0,0,0,1,12050194.811033532,5470741,21.294852969,0.000000000,145.510139338,42.421216094,273970.000000000,4
long_many_chains,2,seeded-sync,6,5,200000,64,0,0,0,1,17732940.593750000,6892616,21.294852969,0.000000000,250.000000000,80.000000000,273970.000000000,0
long_many_chains,2,learned-sync,6,5,200000,64,0,0,0,1,12050194.811033532,6892616,21.294852969,0.000000000,145.510139338,42.421216094,273970.000000000,4
dependent_compute,1,seeded-sync,0,8,32768,1,16,0,0,1,5277583.500000000,10774975,108.451828003,0.000000000,250.000000000,80.000000000,372154.000000000,0
dependent_compute,1,learned-sync,0,8,32768,1,16,0,0,1,11413621.317704003,10774975,108.451828003,0.000000000,1779.276007015,48.780100822,372154.000000000,4
dependent_compute,1,seeded-sync,1,8,32768,1,16,0,0,1,5277583.500000000,8912567,108.451828003,0.000000000,250.000000000,80.000000000,372154.000000000,0
dependent_compute,1,learned-sync,1,8,32768,1,16,0,0,1,11413621.317704003,8912567,108.451828003,0.000000000,1779.276007015,48.780100822,372154.000000000,4
dependent_compute,1,seeded-sync,2,8,32768,1,16,0,0,1,5277583.500000000,8624212,108.451828003,0.000000000,250.000000000,80.000000000,372154.000000000,0
dependent_compute,1,learned-sync,2,8,32768,1,16,0,0,1,11413621.317704003,8624212,108.451828003,0.000000000,1779.276007015,48.780100822,372154.000000000,4
dependent_compute,1,seeded-sync,3,8,32768,1,16,0,0,1,5277583.500000000,10533570,108.451828003,0.000000000,250.000000000,80.000000000,372154.000000000,0
dependent_compute,1,learned-sync,3,8,32768,1,16,0,0,1,11413621.317704003,10533570,108.451828003,0.000000000,1779.276007015,48.780100822,372154.000000000,4
dependent_compute,1,seeded-sync,4,8,32768,1,16,0,0,1,5277583.500000000,10041870,108.451828003,0.000000000,250.000000000,80.000000000,372154.000000000,0
dependent_compute,1,learned-sync,4,8,32768,1,16,0,0,1,11413621.317704003,10041870,108.451828003,0.000000000,1779.276007015,48.780100822,372154.000000000,4
dependent_compute,1,seeded-sync,5,8,32768,1,16,0,0,1,5277583.500000000,9325648,108.451828003,0.000000000,250.000000000,80.000000000,372154.000000000,0
dependent_compute,1,learned-sync,5,8,32768,1,16,0,0,1,11413621.317704003,9325648,108.451828003,0.000000000,1779.276007015,48.780100822,372154.000000000,4
dependent_compute,1,seeded-sync,6,8,32768,1,16,0,0,1,5277583.500000000,9009570,108.451828003,0.000000000,250.000000000,80.000000000,372154.000000000,0
dependent_compute,1,learned-sync,6,8,32768,1,16,0,0,1,11413621.317704003,9009570,108.451828003,0.000000000,1779.276007015,48.780100822,372154.000000000,4
long_chain,1,seeded-sync,0,3,200000,1,0,0,0,1,26318019.562500000,25067360,20.766682813,0.000000000,250.000000000,80.000000000,164573.000000000,0
long_chain,1,learned-sync,0,3,200000,1,0,0,0,1,24568131.001229618,25067360,20.766682813,0.000000000,256.517511025,47.234291797,164573.000000000,4
long_chain,1,seeded-sync,1,3,200000,1,0,0,0,1,26318019.562500000,25260504,20.766682813,0.000000000,250.000000000,80.000000000,164573.000000000,0
long_chain,1,learned-sync,1,3,200000,1,0,0,0,1,24568131.001229618,25260504,20.766682813,0.000000000,256.517511025,47.234291797,164573.000000000,4
long_chain,1,seeded-sync,2,3,200000,1,0,0,0,1,26318019.562500000,24847986,20.766682813,0.000000000,250.000000000,80.000000000,164573.000000000,0
long_chain,1,learned-sync,2,3,200000,1,0,0,0,1,24568131.001229618,24847986,20.766682813,0.000000000,256.517511025,47.234291797,164573.000000000,4
long_chain,1,seeded-sync,3,3,200000,1,0,0,0,1,26318019.562500000,26034849,20.766682813,0.000000000,250.000000000,80.000000000,164573.000000000,0
long_chain,1,learned-sync,3,3,200000,1,0,0,0,1,24568131.001229618,26034849,20.766682813,0.000000000,256.517511025,47.234291797,164573.000000000,4
long_chain,1,seeded-sync,4,3,200000,1,0,0,0,1,26318019.562500000,23779144,20.766682813,0.000000000,250.000000000,80.000000000,164573.000000000,0
long_chain,1,learned-sync,4,3,200000,1,0,0,0,1,24568131.001229618,23779144,20.766682813,0.000000000,256.517511025,47.234291797,164573.000000000,4
long_chain,1,seeded-sync,5,3,200000,1,0,0,0,1,26318019.562500000,23865873,20.766682813,0.000000000,250.000000000,80.000000000,164573.000000000,0
long_chain,1,learned-sync,5,3,200000,1,0,0,0,1,24568131.001229618,23865873,20.766682813,0.000000000,256.517511025,47.234291797,164573.000000000,4
long_chain,1,seeded-sync,6,3,200000,1,0,0,0,1,26318019.562500000,24607263,20.766682813,0.000000000,250.000000000,80.000000000,164573.000000000,0
long_chain,1,learned-sync,6,3,200000,1,0,0,0,1,24568131.001229618,24607263,20.766682813,0.000000000,256.517511025,47.234291797,164573.000000000,4
long_many_chains,2,seeded-sync,0,3,200000,64,0,0,0,1,26240192.812500000,8563054,20.305729062,0.000000000,250.000000000,80.000000000,178937.000000000,0
long_many_chains,2,learned-sync,0,3,200000,64,0,0,0,1,9161636.426276993,8563054,20.305729062,0.000000000,34.734662436,39.088272656,178937.000000000,4
long_many_chains,2,seeded-sync,1,3,200000,64,0,0,0,1,26240192.812500000,8282105,20.305729062,0.000000000,250.000000000,80.000000000,178937.000000000,0
long_many_chains,2,learned-sync,1,3,200000,64,0,0,0,1,9161636.426276993,8282105,20.305729062,0.000000000,34.734662436,39.088272656,178937.000000000,4
long_many_chains,2,seeded-sync,2,3,200000,64,0,0,0,1,26240192.812500000,7939238,20.305729062,0.000000000,250.000000000,80.000000000,178937.000000000,0
long_many_chains,2,learned-sync,2,3,200000,64,0,0,0,1,9161636.426276993,7939238,20.305729062,0.000000000,34.734662436,39.088272656,178937.000000000,4
long_many_chains,2,seeded-sync,3,3,200000,64,0,0,0,1,26240192.812500000,10114203,20.305729062,0.000000000,250.000000000,80.000000000,178937.000000000,0
long_many_chains,2,learned-sync,3,3,200000,64,0,0,0,1,9161636.426276993,10114203,20.305729062,0.000000000,34.734662436,39.088272656,178937.000000000,4
long_many_chains,2,seeded-sync,4,3,200000,64,0,0,0,1,26240192.812500000,9691291,20.305729062,0.000000000,250.000000000,80.000000000,178937.000000000,0
long_many_chains,2,learned-sync,4,3,200000,64,0,0,0,1,9161636.426276993,9691291,20.305729062,0.000000000,34.734662436,39.088272656,178937.000000000,4
long_many_chains,2,seeded-sync,5,3,200000,64,0,0,0,1,26240192.812500000,8032858,20.305729062,0.000000000,250.000000000,80.000000000,178937.000000000,0
long_many_chains,2,learned-sync,5,3,200000,64,0,0,0,1,9161636.426276993,8032858,20.305729062,0.000000000,34.734662436,39.088272656,178937.000000000,4
long_many_chains,2,seeded-sync,6,3,200000,64,0,0,0,1,26240192.812500000,8040029,20.305729062,0.000000000,250.000000000,80.000000000,178937.000000000,0
long_many_chains,2,learned-sync,6,3,200000,64,0,0,0,1,9161636.426276993,8040029,20.305729062,0.000000000,34.734662436,39.088272656,178937.000000000,4
tiny_chain,1,seeded-sync,0,4,257,1,0,0,0,1,224965.250000000,241994,22.880350195,0.000000000,250.000000000,80.000000000,197635.000000000,0
tiny_chain,1,learned-sync,0,4,257,1,0,0,0,1,282488.928940354,241994,22.880350195,0.000000000,1165.339233398,49.640442607,197635.000000000,4
tiny_chain,1,seeded-sync,1,4,257,1,0,0,0,1,224965.250000000,244195,22.880350195,0.000000000,250.000000000,80.000000000,197635.000000000,0
tiny_chain,1,learned-sync,1,4,257,1,0,0,0,1,282488.928940354,244195,22.880350195,0.000000000,1165.339233398,49.640442607,197635.000000000,4
tiny_chain,1,seeded-sync,2,4,257,1,0,0,0,1,224965.250000000,270794,22.880350195,0.000000000,250.000000000,80.000000000,197635.000000000,0
tiny_chain,1,learned-sync,2,4,257,1,0,0,0,1,282488.928940354,270794,22.880350195,0.000000000,1165.339233398,49.640442607,197635.000000000,4
tiny_chain,1,seeded-sync,3,4,257,1,0,0,0,1,224965.250000000,244700,22.880350195,0.000000000,250.000000000,80.000000000,197635.000000000,0
tiny_chain,1,learned-sync,3,4,257,1,0,0,0,1,282488.928940354,244700,22.880350195,0.000000000,1165.339233398,49.640442607,197635.000000000,4
tiny_chain,1,seeded-sync,4,4,257,1,0,0,0,1,224965.250000000,240973,22.880350195,0.000000000,250.000000000,80.000000000,197635.000000000,0
tiny_chain,1,learned-sync,4,4,257,1,0,0,0,1,282488.928940354,240973,22.880350195,0.000000000,1165.339233398,49.640442607,197635.000000000,4
tiny_chain,1,seeded-sync,5,4,257,1,0,0,0,1,224965.250000000,230063,22.880350195,0.000000000,250.000000000,80.000000000,197635.000000000,0
tiny_chain,1,learned-sync,5,4,257,1,0,0,0,1,282488.928940354,230063,22.880350195,0.000000000,1165.339233398,49.640442607,197635.000000000,4
tiny_chain,1,seeded-sync,6,4,257,1,0,0,0,1,224965.250000000,261508,22.880350195,0.000000000,250.000000000,80.000000000,197635.000000000,0
tiny_chain,1,learned-sync,6,4,257,1,0,0,0,1,282488.928940354,261508,22.880350195,0.000000000,1165.339233398,49.640442607,197635.000000000,4
uneven,1,seeded-sync,0,8,8193,3,4,8,0,1,1141404.908300149,965991,38.981249237,61.848325171,250.000000000,80.000000000,420387.000000000,0
uneven,1,learned-sync,0,8,8193,3,4,8,0,1,1326620.554239164,965991,38.981249237,61.848325171,445.025682998,65.672508162,420387.000000000,4
uneven,1,seeded-sync,1,8,8193,3,4,8,0,1,1141404.908300149,1127565,38.981249237,61.848325171,250.000000000,80.000000000,420387.000000000,0
uneven,1,learned-sync,1,8,8193,3,4,8,0,1,1326620.554239164,1127565,38.981249237,61.848325171,445.025682998,65.672508162,420387.000000000,4
uneven,1,seeded-sync,2,8,8193,3,4,8,0,1,1141404.908300149,955856,38.981249237,61.848325171,250.000000000,80.000000000,420387.000000000,0
uneven,1,learned-sync,2,8,8193,3,4,8,0,1,1326620.554239164,955856,38.981249237,61.848325171,445.025682998,65.672508162,420387.000000000,4
uneven,1,seeded-sync,3,8,8193,3,4,8,0,1,1141404.908300149,922335,38.981249237,61.848325171,250.000000000,80.000000000,420387.000000000,0
uneven,1,learned-sync,3,8,8193,3,4,8,0,1,1326620.554239164,922335,38.981249237,61.848325171,445.025682998,65.672508162,420387.000000000,4
uneven,1,seeded-sync,4,8,8193,3,4,8,0,1,1141404.908300149,943100,38.981249237,61.848325171,250.000000000,80.000000000,420387.000000000,0
uneven,1,learned-sync,4,8,8193,3,4,8,0,1,1326620.554239164,943100,38.981249237,61.848325171,445.025682998,65.672508162,420387.000000000,4
uneven,1,seeded-sync,5,8,8193,3,4,8,0,1,1141404.908300149,989179,38.981249237,61.848325171,250.000000000,80.000000000,420387.000000000,0
uneven,1,learned-sync,5,8,8193,3,4,8,0,1,1326620.554239164,989179,38.981249237,61.848325171,445.025682998,65.672508162,420387.000000000,4
uneven,1,seeded-sync,6,8,8193,3,4,8,0,1,1141404.908300149,981754,38.981249237,61.848325171,250.000000000,80.000000000,420387.000000000,0
uneven,1,learned-sync,6,8,8193,3,4,8,0,1,1326620.554239164,981754,38.981249237,61.848325171,445.025682998,65.672508162,420387.000000000,4
long_many_chains,2,seeded-sync,0,2,200000,64,0,0,0,1,37230375.234375000,9397249,20.462176172,0.000000000,250.000000000,80.000000000,137940.000000000,0
long_many_chains,2,learned-sync,0,2,200000,64,0,0,0,1,9586619.802794393,9397249,20.462176172,0.000000000,25.403261153,28.159184531,137940.000000000,4
long_many_chains,2,seeded-sync,1,2,200000,64,0,0,0,1,37230375.234375000,9984482,20.462176172,0.000000000,250.000000000,80.000000000,137940.000000000,0
long_many_chains,2,learned-sync,1,2,200000,64,0,0,0,1,9586619.802794393,9984482,20.462176172,0.000000000,25.403261153,28.159184531,137940.000000000,4
long_many_chains,2,seeded-sync,2,2,200000,64,0,0,0,1,37230375.234375000,10283941,20.462176172,0.000000000,250.000000000,80.000000000,137940.000000000,0
long_many_chains,2,learned-sync,2,2,200000,64,0,0,0,1,9586619.802794393,10283941,20.462176172,0.000000000,25.403261153,28.159184531,137940.000000000,4
long_many_chains,2,seeded-sync,3,2,200000,64,0,0,0,1,37230375.234375000,10766756,20.462176172,0.000000000,250.000000000,80.000000000,137940.000000000,0
long_many_chains,2,learned-sync,3,2,200000,64,0,0,0,1,9586619.802794393,10766756,20.462176172,0.000000000,25.403261153,28.159184531,137940.000000000,4
long_many_chains,2,seeded-sync,4,2,200000,64,0,0,0,1,37230375.234375000,10826982,20.462176172,0.000000000,250.000000000,80.000000000,137940.000000000,0
long_many_chains,2,learned-sync,4,2,200000,64,0,0,0,1,9586619.802794393,10826982,20.462176172,0.000000000,25.403261153,28.159184531,137940.000000000,4
long_many_chains,2,seeded-sync,5,2,200000,64,0,0,0,1,37230375.234375000,10143288,20.462176172,0.000000000,250.000000000,80.000000000,137940.000000000,0
long_many_chains,2,learned-sync,5,2,200000,64,0,0,0,1,9586619.802794393,10143288,20.462176172,0.000000000,25.403261153,28.159184531,137940.000000000,4
long_many_chains,2,seeded-sync,6,2,200000,64,0,0,0,1,37230375.234375000,9935706,20.462176172,0.000000000,250.000000000,80.000000000,137940.000000000,0
long_many_chains,2,learned-sync,6,2,200000,64,0,0,0,1,9586619.802794393,9935706,20.462176172,0.000000000,25.403261153,28.159184531,137940.000000000,4
independent_before,1,seeded-sync,0,3,32768,4,0,16,0,1,5649932.069521904,3034716,20.814887047,108.271065712,250.000000000,80.000000000,180635.000000000,0
independent_before,1,learned-sync,0,3,32768,4,0,16,0,1,3068523.669517341,3034716,20.814887047,108.271065712,51.664755429,42.007459164,180635.000000000,4
independent_before,1,seeded-sync,1,3,32768,4,0,16,0,1,5649932.069521904,2743926,20.814887047,108.271065712,250.000000000,80.000000000,180635.000000000,0
independent_before,1,learned-sync,1,3,32768,4,0,16,0,1,3068523.669517341,2743926,20.814887047,108.271065712,51.664755429,42.007459164,180635.000000000,4
independent_before,1,seeded-sync,2,3,32768,4,0,16,0,1,5649932.069521904,2778246,20.814887047,108.271065712,250.000000000,80.000000000,180635.000000000,0
independent_before,1,learned-sync,2,3,32768,4,0,16,0,1,3068523.669517341,2778246,20.814887047,108.271065712,51.664755429,42.007459164,180635.000000000,4
independent_before,1,seeded-sync,3,3,32768,4,0,16,0,1,5649932.069521904,3099236,20.814887047,108.271065712,250.000000000,80.000000000,180635.000000000,0
independent_before,1,learned-sync,3,3,32768,4,0,16,0,1,3068523.669517341,3099236,20.814887047,108.271065712,51.664755429,42.007459164,180635.000000000,4
independent_before,1,seeded-sync,4,3,32768,4,0,16,0,1,5649932.069521904,2827323,20.814887047,108.271065712,250.000000000,80.000000000,180635.000000000,0
independent_before,1,learned-sync,4,3,32768,4,0,16,0,1,3068523.669517341,2827323,20.814887047,108.271065712,51.664755429,42.007459164,180635.000000000,4
independent_before,1,seeded-sync,5,3,32768,4,0,16,0,1,5649932.069521904,2868826,20.814887047,108.271065712,250.000000000,80.000000000,180635.000000000,0
independent_before,1,learned-sync,5,3,32768,4,0,16,0,1,3068523.669517341,2868826,20.814887047,108.271065712,51.664755429,42.007459164,180635.000000000,4
independent_before,1,seeded-sync,6,3,32768,4,0,16,0,1,5649932.069521904,3048355,20.814887047,108.271065712,250.000000000,80.000000000,180635.000000000,0
independent_before,1,learned-sync,6,3,32768,4,0,16,0,1,3068523.669517341,3048355,20.814887047,108.271065712,51.664755429,42.007459164,180635.000000000,4
long_many_chains,1,seeded-sync,0,3,200000,64,0,0,0,1,26342946.484375000,8271470,20.788607422,0.000000000,250.000000000,80.000000000,185115.000000000,0
long_many_chains,1,learned-sync,0,3,200000,64,0,0,0,1,9187612.337901343,8271470,20.788607422,0.000000000,35.012430540,37.658843906,185115.000000000,4
long_many_chains,1,seeded-sync,1,3,200000,64,0,0,0,1,26342946.484375000,8462153,20.788607422,0.000000000,250.000000000,80.000000000,185115.000000000,0
long_many_chains,1,learned-sync,1,3,200000,64,0,0,0,1,9187612.337901343,8462153,20.788607422,0.000000000,35.012430540,37.658843906,185115.000000000,4
long_many_chains,1,seeded-sync,2,3,200000,64,0,0,0,1,26342946.484375000,8518816,20.788607422,0.000000000,250.000000000,80.000000000,185115.000000000,0
long_many_chains,1,learned-sync,2,3,200000,64,0,0,0,1,9187612.337901343,8518816,20.788607422,0.000000000,35.012430540,37.658843906,185115.000000000,4
long_many_chains,1,seeded-sync,3,3,200000,64,0,0,0,1,26342946.484375000,9729440,20.788607422,0.000000000,250.000000000,80.000000000,185115.000000000,0
long_many_chains,1,learned-sync,3,3,200000,64,0,0,0,1,9187612.337901343,9729440,20.788607422,0.000000000,35.012430540,37.658843906,185115.000000000,4
long_many_chains,1,seeded-sync,4,3,200000,64,0,0,0,1,26342946.484375000,9174069,20.788607422,0.000000000,250.000000000,80.000000000,185115.000000000,0
long_many_chains,1,learned-sync,4,3,200000,64,0,0,0,1,9187612.337901343,9174069,20.788607422,0.000000000,35.012430540,37.658843906,185115.000000000,4
long_many_chains,1,seeded-sync,5,3,200000,64,0,0,0,1,26342946.484375000,8336022,20.788607422,0.000000000,250.000000000,80.000000000,185115.000000000,0
long_many_chains,1,learned-sync,5,3,200000,64,0,0,0,1,9187612.337901343,8336022,20.788607422,0.000000000,35.012430540,37.658843906,185115.000000000,4
long_many_chains,1,seeded-sync,6,3,200000,64,0,0,0,1,26342946.484375000,8151696,20.788607422,0.000000000,250.000000000,80.000000000,185115.000000000,0
long_many_chains,1,learned-sync,6,3,200000,64,0,0,0,1,9187612.337901343,8151696,20.788607422,0.000000000,35.012430540,37.658843906,185115.000000000,4
long_four_chains,1,seeded-sync,0,3,200000,4,0,0,0,1,26277978.531250000,10686768,20.484062656,0.000000000,250.000000000,80.000000000,181056.000000000,0
long_four_chains,1,learned-sync,0,3,200000,4,0,0,0,1,10797996.423506044,10686768,20.484062656,0.000000000,50.625084689,47.176344687,181056.000000000,4
long_four_chains,1,seeded-sync,1,3,200000,4,0,0,0,1,26277978.531250000,10777084,20.484062656,0.000000000,250.000000000,80.000000000,181056.000000000,0
long_four_chains,1,learned-sync,1,3,200000,4,0,0,0,1,10797996.423506044,10777084,20.484062656,0.000000000,50.625084689,47.176344687,181056.000000000,4
long_four_chains,1,seeded-sync,2,3,200000,4,0,0,0,1,26277978.531250000,10759082,20.484062656,0.000000000,250.000000000,80.000000000,181056.000000000,0
long_four_chains,1,learned-sync,2,3,200000,4,0,0,0,1,10797996.423506044,10759082,20.484062656,0.000000000,50.625084689,47.176344687,181056.000000000,4
long_four_chains,1,seeded-sync,3,3,200000,4,0,0,0,1,26277978.531250000,13121238,20.484062656,0.000000000,250.000000000,80.000000000,181056.000000000,0
long_four_chains,1,learned-sync,3,3,200000,4,0,0,0,1,10797996.423506044,13121238,20.484062656,0.000000000,50.625084689,47.176344687,181056.000000000,4
long_four_chains,1,seeded-sync,4,3,200000,4,0,0,0,1,26277978.531250000,12192420,20.484062656,0.000000000,250.000000000,80.000000000,181056.000000000,0
long_four_chains,1,learned-sync,4,3,200000,4,0,0,0,1,10797996.423506044,12192420,20.484062656,0.000000000,50.625084689,47.176344687,181056.000000000,4
long_four_chains,1,seeded-sync,5,3,200000,4,0,0,0,1,26277978.531250000,10538433,20.484062656,0.000000000,250.000000000,80.000000000,181056.000000000,0
long_four_chains,1,learned-sync,5,3,200000,4,0,0,0,1,10797996.423506044,10538433,20.484062656,0.000000000,50.625084689,47.176344687,181056.000000000,4
long_four_chains,1,seeded-sync,6,3,200000,4,0,0,0,1,26277978.531250000,10500625,20.484062656,0.000000000,250.000000000,80.000000000,181056.000000000,0
long_four_chains,1,learned-sync,6,3,200000,4,0,0,0,1,10797996.423506044,10500625,20.484062656,0.000000000,50.625084689,47.176344687,181056.000000000,4
uneven,1,seeded-sync,0,4,8193,3,4,8,0,1,1386054.244484621,701340,43.126130920,66.914521161,250.000000000,80.000000000,219444.000000000,0
uneven,1,learned-sync,0,4,8193,3,4,8,0,1,978310.462283676,701340,43.126130920,66.914521161,80.219167811,50.784354785,219444.000000000,4
uneven,1,seeded-sync,1,4,8193,3,4,8,0,1,1386054.244484621,694324,43.126130920,66.914521161,250.000000000,80.000000000,219444.000000000,0
uneven,1,learned-sync,1,4,8193,3,4,8,0,1,978310.462283676,694324,43.126130920,66.914521161,80.219167811,50.784354785,219444.000000000,4
uneven,1,seeded-sync,2,4,8193,3,4,8,0,1,1386054.244484621,651892,43.126130920,66.914521161,250.000000000,80.000000000,219444.000000000,0
uneven,1,learned-sync,2,4,8193,3,4,8,0,1,978310.462283676,651892,43.126130920,66.914521161,80.219167811,50.784354785,219444.000000000,4
uneven,1,seeded-sync,3,4,8193,3,4,8,0,1,1386054.244484621,666912,43.126130920,66.914521161,250.000000000,80.000000000,219444.000000000,0
uneven,1,learned-sync,3,4,8193,3,4,8,0,1,978310.462283676,666912,43.126130920,66.914521161,80.219167811,50.784354785,219444.000000000,4
uneven,1,seeded-sync,4,4,8193,3,4,8,0,1,1386054.244484621,700058,43.126130920,66.914521161,250.000000000,80.000000000,219444.000000000,0
uneven,1,learned-sync,4,4,8193,3,4,8,0,1,978310.462283676,700058,43.126130920,66.914521161,80.219167811,50.784354785,219444.000000000,4
uneven,1,seeded-sync,5,4,8193,3,4,8,0,1,1386054.244484621,690411,43.126130920,66.914521161,250.000000000,80.000000000,219444.000000000,0
uneven,1,learned-sync,5,4,8193,3,4,8,0,1,978310.462283676,690411,43.126130920,66.914521161,80.219167811,50.784354785,219444.000000000,4
uneven,1,seeded-sync,6,4,8193,3,4,8,0,1,1386054.244484621,700120,43.126130920,66.914521161,250.000000000,80.000000000,219444.000000000,0
uneven,1,learned-sync,6,4,8193,3,4,8,0,1,978310.462283676,700120,43.126130920,66.914521161,80.219167811,50.784354785,219444.000000000,4
tiny_chain,0,seeded-sync,0,3,257,1,0,0,0,1,208018.828125000,208590,20.789214494,0.000000000,250.000000000,80.000000000,174296.000000000,0
tiny_chain,0,learned-sync,0,3,257,1,0,0,0,1,238500.498630153,208590,20.789214494,0.000000000,637.401611328,47.036417802,174296.000000000,4
tiny_chain,0,seeded-sync,1,3,257,1,0,0,0,1,208018.828125000,206055,20.789214494,0.000000000,250.000000000,80.000000000,174296.000000000,0
tiny_chain,0,learned-sync,1,3,257,1,0,0,0,1,238500.498630153,206055,20.789214494,0.000000000,637.401611328,47.036417802,174296.000000000,4
tiny_chain,0,seeded-sync,2,3,257,1,0,0,0,1,208018.828125000,233666,20.789214494,0.000000000,250.000000000,80.000000000,174296.000000000,0
tiny_chain,0,learned-sync,2,3,257,1,0,0,0,1,238500.498630153,233666,20.789214494,0.000000000,637.401611328,47.036417802,174296.000000000,4
tiny_chain,0,seeded-sync,3,3,257,1,0,0,0,1,208018.828125000,248251,20.789214494,0.000000000,250.000000000,80.000000000,174296.000000000,0
tiny_chain,0,learned-sync,3,3,257,1,0,0,0,1,238500.498630153,248251,20.789214494,0.000000000,637.401611328,47.036417802,174296.000000000,4
tiny_chain,0,seeded-sync,4,3,257,1,0,0,0,1,208018.828125000,214563,20.789214494,0.000000000,250.000000000,80.000000000,174296.000000000,0
tiny_chain,0,learned-sync,4,3,257,1,0,0,0,1,238500.498630153,214563,20.789214494,0.000000000,637.401611328,47.036417802,174296.000000000,4
tiny_chain,0,seeded-sync,5,3,257,1,0,0,0,1,208018.828125000,207944,20.789214494,0.000000000,250.000000000,80.000000000,174296.000000000,0
tiny_chain,0,learned-sync,5,3,257,1,0,0,0,1,238500.498630153,207944,20.789214494,0.000000000,637.401611328,47.036417802,174296.000000000,4
tiny_chain,0,seeded-sync,6,3,257,1,0,0,0,1,208018.828125000,224428,20.789214494,0.000000000,250.000000000,80.000000000,174296.000000000,0
tiny_chain,0,learned-sync,6,3,257,1,0,0,0,1,238500.498630153,224428,20.789214494,0.000000000,637.401611328,47.036417802,174296.000000000,4
dependent_compute,1,seeded-sync,0,5,32768,1,16,0,0,1,6159098.000000000,7768610,113.320800781,0.000000000,250.000000000,80.000000000,282982.000000000,0
dependent_compute,1,learned-sync,0,5,32768,1,16,0,0,1,10683197.184064670,7768610,113.320800781,0.000000000,970.671583167,49.609036922,282982.000000000,4
dependent_compute,1,seeded-sync,1,5,32768,1,16,0,0,1,6159098.000000000,8194450,113.320800781,0.000000000,250.000000000,80.000000000,282982.000000000,0
dependent_compute,1,learned-sync,1,5,32768,1,16,0,0,1,10683197.184064670,8194450,113.320800781,0.000000000,970.671583167,49.609036922,282982.000000000,4
dependent_compute,1,seeded-sync,2,5,32768,1,16,0,0,1,6159098.000000000,7860006,113.320800781,0.000000000,250.000000000,80.000000000,282982.000000000,0
dependent_compute,1,learned-sync,2,5,32768,1,16,0,0,1,10683197.184064670,7860006,113.320800781,0.000000000,970.671583167,49.609036922,282982.000000000,4
dependent_compute,1,seeded-sync,3,5,32768,1,16,0,0,1,6159098.000000000,8193718,113.320800781,0.000000000,250.000000000,80.000000000,282982.000000000,0
dependent_compute,1,learned-sync,3,5,32768,1,16,0,0,1,10683197.184064670,8193718,113.320800781,0.000000000,970.671583167,49.609036922,282982.000000000,4
dependent_compute,1,seeded-sync,4,5,32768,1,16,0,0,1,6159098.000000000,7899286,113.320800781,0.000000000,250.000000000,80.000000000,282982.000000000,0
dependent_compute,1,learned-sync,4,5,32768,1,16,0,0,1,10683197.184064670,7899286,113.320800781,0.000000000,970.671583167,49.609036922,282982.000000000,4
dependent_compute,1,seeded-sync,5,5,32768,1,16,0,0,1,6159098.000000000,8483689,113.320800781,0.000000000,250.000000000,80.000000000,282982.000000000,0
dependent_compute,1,learned-sync,5,5,32768,1,16,0,0,1,10683197.184064670,8483689,113.320800781,0.000000000,970.671583167,49.609036922,282982.000000000,4
dependent_compute,1,seeded-sync,6,5,32768,1,16,0,0,1,6159098.000000000,8014733,113.320800781,0.000000000,250.000000000,80.000000000,282982.000000000,0
dependent_compute,1,learned-sync,6,5,32768,1,16,0,0,1,10683197.184064670,8014733,113.320800781,0.000000000,970.671583167,49.609036922,282982.000000000,4
long_chain,2,seeded-sync,0,8,200000,1,0,0,0,1,12878082.765625000,41477780,21.083368828,0.000000000,250.000000000,80.000000000,411409.000000000,0
long_chain,2,learned-sync,0,8,200000,1,0,0,0,1,42705178.982817300,41477780,21.083368828,0.000000000,1472.425038375,50.658810313,411409.000000000,4
long_chain,2,seeded-sync,1,8,200000,1,0,0,0,1,12878082.765625000,42735521,21.083368828,0.000000000,250.000000000,80.000000000,411409.000000000,0
long_chain,2,learned-sync,1,8,200000,1,0,0,0,1,42705178.982817300,42735521,21.083368828,0.000000000,1472.425038375,50.658810313,411409.000000000,4
long_chain,2,seeded-sync,2,8,200000,1,0,0,0,1,12878082.765625000,48301669,21.083368828,0.000000000,250.000000000,80.000000000,411409.000000000,0
long_chain,2,learned-sync,2,8,200000,1,0,0,0,1,42705178.982817300,48301669,21.083368828,0.000000000,1472.425038375,50.658810313,411409.000000000,4
long_chain,2,seeded-sync,3,8,200000,1,0,0,0,1,12878082.765625000,38906472,21.083368828,0.000000000,250.000000000,80.000000000,411409.000000000,0
long_chain,2,learned-sync,3,8,200000,1,0,0,0,1,42705178.982817300,38906472,21.083368828,0.000000000,1472.425038375,50.658810313,411409.000000000,4
long_chain,2,seeded-sync,4,8,200000,1,0,0,0,1,12878082.765625000,39585496,21.083368828,0.000000000,250.000000000,80.000000000,411409.000000000,0
long_chain,2,learned-sync,4,8,200000,1,0,0,0,1,42705178.982817300,39585496,21.083368828,0.000000000,1472.425038375,50.658810313,411409.000000000,4
long_chain,2,seeded-sync,5,8,200000,1,0,0,0,1,12878082.765625000,37615674,21.083368828,0.000000000,250.000000000,80.000000000,411409.000000000,0
long_chain,2,learned-sync,5,8,200000,1,0,0,0,1,42705178.982817300,37615674,21.083368828,0.000000000,1472.425038375,50.658810313,411409.000000000,4
long_chain,2,seeded-sync,6,8,200000,1,0,0,0,1,12878082.765625000,36662336,21.083368828,0.000000000,250.000000000,80.000000000,411409.000000000,0
long_chain,2,learned-sync,6,8,200000,1,0,0,0,1,42705178.982817300,36662336,21.083368828,0.000000000,1472.425038375,50.658810313,411409.000000000,4
short_chain,1,seeded-sync,0,3,20000,1,0,0,0,1,2800549.046875000,2756493,21.732052344,0.000000000,250.000000000,80.000000000,165798.000000000,0
short_chain,1,learned-sync,0,3,20000,1,0,0,0,1,2804138.039036741,2756493,21.732052344,0.000000000,281.813163314,48.725158594,165798.000000000,4
short_chain,1,seeded-sync,1,3,20000,1,0,0,0,1,2800549.046875000,2800443,21.732052344,0.000000000,250.000000000,80.000000000,165798.000000000,0
short_chain,1,learned-sync,1,3,20000,1,0,0,0,1,2804138.039036741,2800443,21.732052344,0.000000000,281.813163314,48.725158594,165798.000000000,4
short_chain,1,seeded-sync,2,3,20000,1,0,0,0,1,2800549.046875000,2803606,21.732052344,0.000000000,250.000000000,80.000000000,165798.000000000,0
short_chain,1,learned-sync,2,3,20000,1,0,0,0,1,2804138.039036741,2803606,21.732052344,0.000000000,281.813163314,48.725158594,165798.000000000,4
short_chain,1,seeded-sync,3,3,20000,1,0,0,0,1,2800549.046875000,2951524,21.732052344,0.000000000,250.000000000,80.000000000,165798.000000000,0
short_chain,1,learned-sync,3,3,20000,1,0,0,0,1,2804138.039036741,2951524,21.732052344,0.000000000,281.813163314,48.725158594,165798.000000000,4
short_chain,1,seeded-sync,4,3,20000,1,0,0,0,1,2800549.046875000,2730487,21.732052344,0.000000000,250.000000000,80.000000000,165798.000000000,0
short_chain,1,learned-sync,4,3,20000,1,0,0,0,1,2804138.039036741,2730487,21.732052344,0.000000000,281.813163314,48.725158594,165798.000000000,4
short_chain,1,seeded-sync,5,3,20000,1,0,0,0,1,2800549.046875000,2696809,21.732052344,0.000000000,250.000000000,80.000000000,165798.000000000,0
short_chain,1,learned-sync,5,3,20000,1,0,0,0,1,2804138.039036741,2696809,21.732052344,0.000000000,281.813163314,48.725158594,165798.000000000,4
short_chain,1,seeded-sync,6,3,20000,1,0,0,0,1,2800549.046875000,2696011,21.732052344,0.000000000,250.000000000,80.000000000,165798.000000000,0
short_chain,1,learned-sync,6,3,20000,1,0,0,0,1,2804138.039036741,2696011,21.732052344,0.000000000,281.813163314,48.725158594,165798.000000000,4
short_chain,1,seeded-sync,0,5,20000,1,0,0,0,1,2027205.875000000,3536498,21.571543750,0.000000000,250.000000000,80.000000000,275775.000000000,0
short_chain,1,learned-sync,0,5,20000,1,0,0,0,1,3440905.457140982,3536498,21.571543750,0.000000000,635.129454910,48.295440625,275775.000000000,4
short_chain,1,seeded-sync,1,5,20000,1,0,0,0,1,2027205.875000000,3276920,21.571543750,0.000000000,250.000000000,80.000000000,275775.000000000,0
short_chain,1,learned-sync,1,5,20000,1,0,0,0,1,3440905.457140982,3276920,21.571543750,0.000000000,635.129454910,48.295440625,275775.000000000,4
short_chain,1,seeded-sync,2,5,20000,1,0,0,0,1,2027205.875000000,3269438,21.571543750,0.000000000,250.000000000,80.000000000,275775.000000000,0
short_chain,1,learned-sync,2,5,20000,1,0,0,0,1,3440905.457140982,3269438,21.571543750,0.000000000,635.129454910,48.295440625,275775.000000000,4
short_chain,1,seeded-sync,3,5,20000,1,0,0,0,1,2027205.875000000,3320757,21.571543750,0.000000000,250.000000000,80.000000000,275775.000000000,0
short_chain,1,learned-sync,3,5,20000,1,0,0,0,1,3440905.457140982,3320757,21.571543750,0.000000000,635.129454910,48.295440625,275775.000000000,4
short_chain,1,seeded-sync,4,5,20000,1,0,0,0,1,2027205.875000000,3246412,21.571543750,0.000000000,250.000000000,80.000000000,275775.000000000,0
short_chain,1,learned-sync,4,5,20000,1,0,0,0,1,3440905.457140982,3246412,21.571543750,0.000000000,635.129454910,48.295440625,275775.000000000,4
short_chain,1,seeded-sync,5,5,20000,1,0,0,0,1,2027205.875000000,3261197,21.571543750,0.000000000,250.000000000,80.000000000,275775.000000000,0
short_chain,1,learned-sync,5,5,20000,1,0,0,0,1,3440905.457140982,3261197,21.571543750,0.000000000,635.129454910,48.295440625,275775.000000000,4
short_chain,1,seeded-sync,6,5,20000,1,0,0,0,1,2027205.875000000,3671076,21.571543750,0.000000000,250.000000000,80.000000000,275775.000000000,0
short_chain,1,learned-sync,6,5,20000,1,0,0,0,1,3440905.457140982,3671076,21.571543750,0.000000000,635.129454910,48.295440625,275775.000000000,4
long_four_chains,1,seeded-sync,0,2,200000,4,0,0,0,1,37383177.609375000,11024385,21.130003047,0.000000000,250.000000000,80.000000000,157177.000000000,0
long_four_chains,1,learned-sync,0,2,200000,4,0,0,0,1,9927384.243684720,11024385,21.130003047,0.000000000,26.328873609,29.113192734,157177.000000000,4
long_four_chains,1,seeded-sync,1,2,200000,4,0,0,0,1,37383177.609375000,11347468,21.130003047,0.000000000,250.000000000,80.000000000,157177.000000000,0
long_four_chains,1,learned-sync,1,2,200000,4,0,0,0,1,9927384.243684720,11347468,21.130003047,0.000000000,26.328873609,29.113192734,157177.000000000,4
long_four_chains,1,seeded-sync,2,2,200000,4,0,0,0,1,37383177.609375000,10306764,21.130003047,0.000000000,250.000000000,80.000000000,157177.000000000,0
long_four_chains,1,learned-sync,2,2,200000,4,0,0,0,1,9927384.243684720,10306764,21.130003047,0.000000000,26.328873609,29.113192734,157177.000000000,4
long_four_chains,1,seeded-sync,3,2,200000,4,0,0,0,1,37383177.609375000,13002561,21.130003047,0.000000000,250.000000000,80.000000000,157177.000000000,0
long_four_chains,1,learned-sync,3,2,200000,4,0,0,0,1,9927384.243684720,13002561,21.130003047,0.000000000,26.328873609,29.113192734,157177.000000000,4
long_four_chains,1,seeded-sync,4,2,200000,4,0,0,0,1,37383177.609375000,12361114,21.130003047,0.000000000,250.000000000,80.000000000,157177.000000000,0
long_four_chains,1,learned-sync,4,2,200000,4,0,0,0,1,9927384.243684720,12361114,21.130003047,0.000000000,26.328873609,29.113192734,157177.000000000,4
long_four_chains,1,seeded-sync,5,2,200000,4,0,0,0,1,37383177.609375000,11676762,21.130003047,0.000000000,250.000000000,80.000000000,157177.000000000,0
long_four_chains,1,learned-sync,5,2,200000,4,0,0,0,1,9927384.243684720,11676762,21.130003047,0.000000000,26.328873609,29.113192734,157177.000000000,4
long_four_chains,1,seeded-sync,6,2,200000,4,0,0,0,1,37383177.609375000,10094781,21.130003047,0.000000000,250.000000000,80.000000000,157177.000000000,0
long_four_chains,1,learned-sync,6,2,200000,4,0,0,0,1,9927384.243684720,10094781,21.130003047,0.000000000,26.328873609,29.113192734,157177.000000000,4
independent_after,1,seeded-sync,0,8,32768,4,0,16,1,1,3202178.988281250,1700921,22.734170914,113.803631783,250.000000000,80.000000000,639406.000000000,0
independent_after,1,learned-sync,0,8,32768,4,0,16,1,1,2483604.622288373,1700921,22.734170914,113.803631783,109.521920496,45.044884682,639406.000000000,4
independent_after,1,seeded-sync,1,8,32768,4,0,16,1,1,3202178.988281250,1616209,22.734170914,113.803631783,250.000000000,80.000000000,639406.000000000,0
independent_after,1,learned-sync,1,8,32768,4,0,16,1,1,2483604.622288373,1616209,22.734170914,113.803631783,109.521920496,45.044884682,639406.000000000,4
independent_after,1,seeded-sync,2,8,32768,4,0,16,1,1,3202178.988281250,1631381,22.734170914,113.803631783,250.000000000,80.000000000,639406.000000000,0
independent_after,1,learned-sync,2,8,32768,4,0,16,1,1,2483604.622288373,1631381,22.734170914,113.803631783,109.521920496,45.044884682,639406.000000000,4
independent_after,1,seeded-sync,3,8,32768,4,0,16,1,1,3202178.988281250,1632122,22.734170914,113.803631783,250.000000000,80.000000000,639406.000000000,0
independent_after,1,learned-sync,3,8,32768,4,0,16,1,1,2483604.622288373,1632122,22.734170914,113.803631783,109.521920496,45.044884682,639406.000000000,4
independent_after,1,seeded-sync,4,8,32768,4,0,16,1,1,3202178.988281250,1759495,22.734170914,113.803631783,250.000000000,80.000000000,639406.000000000,0
independent_after,1,learned-sync,4,8,32768,4,0,16,1,1,2483604.622288373,1759495,22.734170914,113.803631783,109.521920496,45.044884682,639406.000000000,4
independent_after,1,seeded-sync,5,8,32768,4,0,16,1,1,3202178.988281250,1552945,22.734170914,113.803631783,250.000000000,80.000000000,639406.000000000,0
independent_after,1,learned-sync,5,8,32768,4,0,16,1,1,2483604.622288373,1552945,22.734170914,113.803631783,109.521920496,45.044884682,639406.000000000,4
independent_after,1,seeded-sync,6,8,32768,4,0,16,1,1,3202178.988281250,1638759,22.734170914,113.803631783,250.000000000,80.000000000,639406.000000000,0
independent_after,1,learned-sync,6,8,32768,4,0,16,1,1,2483604.622288373,1638759,22.734170914,113.803631783,109.521920496,45.044884682,639406.000000000,4
independent_after,0,seeded-sync,0,6,32768,4,0,16,1,1,3461979.434118271,1993494,21.668766022,113.518364906,250.000000000,80.000000000,329440.000000000,0
independent_after,0,learned-sync,0,6,32768,4,0,16,1,1,2417591.490446624,1993494,21.668766022,113.518364906,93.134139223,45.656057835,329440.000000000,4
independent_after,0,seeded-sync,1,6,32768,4,0,16,1,1,3461979.434118271,1873793,21.668766022,113.518364906,250.000000000,80.000000000,329440.000000000,0
independent_after,0,learned-sync,1,6,32768,4,0,16,1,1,2417591.490446624,1873793,21.668766022,113.518364906,93.134139223,45.656057835,329440.000000000,4
independent_after,0,seeded-sync,2,6,32768,4,0,16,1,1,3461979.434118271,1959843,21.668766022,113.518364906,250.000000000,80.000000000,329440.000000000,0
independent_after,0,learned-sync,2,6,32768,4,0,16,1,1,2417591.490446624,1959843,21.668766022,113.518364906,93.134139223,45.656057835,329440.000000000,4
independent_after,0,seeded-sync,3,6,32768,4,0,16,1,1,3461979.434118271,1891272,21.668766022,113.518364906,250.000000000,80.000000000,329440.000000000,0
independent_after,0,learned-sync,3,6,32768,4,0,16,1,1,2417591.490446624,1891272,21.668766022,113.518364906,93.134139223,45.656057835,329440.000000000,4
independent_after,0,seeded-sync,4,6,32768,4,0,16,1,1,3461979.434118271,1992925,21.668766022,113.518364906,250.000000000,80.000000000,329440.000000000,0
independent_after,0,learned-sync,4,6,32768,4,0,16,1,1,2417591.490446624,1992925,21.668766022,113.518364906,93.134139223,45.656057835,329440.000000000,4
independent_after,0,seeded-sync,5,6,32768,4,0,16,1,1,3461979.434118271,2142654,21.668766022,113.518364906,250.000000000,80.000000000,329440.000000000,0
independent_after,0,learned-sync,5,6,32768,4,0,16,1,1,2417591.490446624,2142654,21.668766022,113.518364906,93.134139223,45.656057835,329440.000000000,4
independent_after,0,seeded-sync,6,6,32768,4,0,16,1,1,3461979.434118271,2249178,21.668766022,113.518364906,250.000000000,80.000000000,329440.000000000,0
independent_after,0,learned-sync,6,6,32768,4,0,16,1,1,2417591.490446624,2249178,21.668766022,113.518364906,93.134139223,45.656057835,329440.000000000,4
short_chain,0,seeded-sync,0,3,20000,1,0,0,0,1,2865403.046875000,2709608,21.867052344,0.000000000,250.000000000,80.000000000,227952.000000000,0
short_chain,0,learned-sync,0,3,20000,1,0,0,0,1,2908181.226983557,2709608,21.867052344,0.000000000,287.702044477,48.714361719,227952.000000000,4
short_chain,0,seeded-sync,1,3,20000,1,0,0,0,1,2865403.046875000,2969793,21.867052344,0.000000000,250.000000000,80.000000000,227952.000000000,0
short_chain,0,learned-sync,1,3,20000,1,0,0,0,1,2908181.226983557,2969793,21.867052344,0.000000000,287.702044477,48.714361719,227952.000000000,4
short_chain,0,seeded-sync,2,3,20000,1,0,0,0,1,2865403.046875000,2764231,21.867052344,0.000000000,250.000000000,80.000000000,227952.000000000,0
short_chain,0,learned-sync,2,3,20000,1,0,0,0,1,2908181.226983557,2764231,21.867052344,0.000000000,287.702044477,48.714361719,227952.000000000,4
short_chain,0,seeded-sync,3,3,20000,1,0,0,0,1,2865403.046875000,3664572,21.867052344,0.000000000,250.000000000,80.000000000,227952.000000000,0
short_chain,0,learned-sync,3,3,20000,1,0,0,0,1,2908181.226983557,3664572,21.867052344,0.000000000,287.702044477,48.714361719,227952.000000000,4
short_chain,0,seeded-sync,4,3,20000,1,0,0,0,1,2865403.046875000,2865103,21.867052344,0.000000000,250.000000000,80.000000000,227952.000000000,0
short_chain,0,learned-sync,4,3,20000,1,0,0,0,1,2908181.226983557,2865103,21.867052344,0.000000000,287.702044477,48.714361719,227952.000000000,4
short_chain,0,seeded-sync,5,3,20000,1,0,0,0,1,2865403.046875000,2711752,21.867052344,0.000000000,250.000000000,80.000000000,227952.000000000,0
short_chain,0,learned-sync,5,3,20000,1,0,0,0,1,2908181.226983557,2711752,21.867052344,0.000000000,287.702044477,48.714361719,227952.000000000,4
short_chain,0,seeded-sync,6,3,20000,1,0,0,0,1,2865403.046875000,2811842,21.867052344,0.000000000,250.000000000,80.000000000,227952.000000000,0
short_chain,0,learned-sync,6,3,20000,1,0,0,0,1,2908181.226983557,2811842,21.867052344,0.000000000,287.702044477,48.714361719,227952.000000000,4
dependent_compute,1,seeded-sync,0,6,32768,1,16,0,0,1,5777510.281250000,8620488,111.448464394,0.000000000,250.000000000,80.000000000,323107.000000000,0
dependent_compute,1,learned-sync,0,6,32768,1,16,0,0,1,12233661.859928943,8620488,111.448464394,0.000000000,1461.516333602,50.496038914,323107.000000000,4
dependent_compute,1,seeded-sync,1,6,32768,1,16,0,0,1,5777510.281250000,8040463,111.448464394,0.000000000,250.000000000,80.000000000,323107.000000000,0
dependent_compute,1,learned-sync,1,6,32768,1,16,0,0,1,12233661.859928943,8040463,111.448464394,0.000000000,1461.516333602,50.496038914,323107.000000000,4
dependent_compute,1,seeded-sync,2,6,32768,1,16,0,0,1,5777510.281250000,8171308,111.448464394,0.000000000,250.000000000,80.000000000,323107.000000000,0
dependent_compute,1,learned-sync,2,6,32768,1,16,0,0,1,12233661.859928943,8171308,111.448464394,0.000000000,1461.516333602,50.496038914,323107.000000000,4
dependent_compute,1,seeded-sync,3,6,32768,1,16,0,0,1,5777510.281250000,8030095,111.448464394,0.000000000,250.000000000,80.000000000,323107.000000000,0
dependent_compute,1,learned-sync,3,6,32768,1,16,0,0,1,12233661.859928943,8030095,111.448464394,0.000000000,1461.516333602,50.496038914,323107.000000000,4
dependent_compute,1,seeded-sync,4,6,32768,1,16,0,0,1,5777510.281250000,8331455,111.448464394,0.000000000,250.000000000,80.000000000,323107.000000000,0
dependent_compute,1,learned-sync,4,6,32768,1,16,0,0,1,12233661.859928943,8331455,111.448464394,0.000000000,1461.516333602,50.496038914,323107.000000000,4
dependent_compute,1,seeded-sync,5,6,32768,1,16,0,0,1,5777510.281250000,10075135,111.448464394,0.000000000,250.000000000,80.000000000,323107.000000000,0
dependent_compute,1,learned-sync,5,6,32768,1,16,0,0,1,12233661.859928943,10075135,111.448464394,0.000000000,1461.516333602,50.496038914,323107.000000000,4
dependent_compute,1,seeded-sync,6,6,32768,1,16,0,0,1,5777510.281250000,9327755,111.448464394,0.000000000,250.000000000,80.000000000,323107.000000000,0
dependent_compute,1,learned-sync,6,6,32768,1,16,0,0,1,12233661.859928943,9327755,111.448464394,0.000000000,1461.516333602,50.496038914,323107.000000000,4
long_chain,0,seeded-sync,0,7,200000,1,0,0,0,1,14056590.000000000,34355754,21.372695000,0.000000000,250.000000000,80.000000000,353291.000000000,0
long_chain,0,learned-sync,0,7,200000,1,0,0,0,1,37186408.500556968,34355754,21.372695000,0.000000000,1089.253445877,50.274011094,353291.000000000,4
long_chain,0,seeded-sync,1,7,200000,1,0,0,0,1,14056590.000000000,34100943,21.372695000,0.000000000,250.000000000,80.000000000,353291.000000000,0
long_chain,0,learned-sync,1,7,200000,1,0,0,0,1,37186408.500556968,34100943,21.372695000,0.000000000,1089.253445877,50.274011094,353291.000000000,4
long_chain,0,seeded-sync,2,7,200000,1,0,0,0,1,14056590.000000000,34249764,21.372695000,0.000000000,250.000000000,80.000000000,353291.000000000,0
long_chain,0,learned-sync,2,7,200000,1,0,0,0,1,37186408.500556968,34249764,21.372695000,0.000000000,1089.253445877,50.274011094,353291.000000000,4
long_chain,0,seeded-sync,3,7,200000,1,0,0,0,1,14056590.000000000,33978289,21.372695000,0.000000000,250.000000000,80.000000000,353291.000000000,0
long_chain,0,learned-sync,3,7,200000,1,0,0,0,1,37186408.500556968,33978289,21.372695000,0.000000000,1089.253445877,50.274011094,353291.000000000,4
long_chain,0,seeded-sync,4,7,200000,1,0,0,0,1,14056590.000000000,34326394,21.372695000,0.000000000,250.000000000,80.000000000,353291.000000000,0
long_chain,0,learned-sync,4,7,200000,1,0,0,0,1,37186408.500556968,34326394,21.372695000,0.000000000,1089.253445877,50.274011094,353291.000000000,4
long_chain,0,seeded-sync,5,7,200000,1,0,0,0,1,14056590.000000000,33885888,21.372695000,0.000000000,250.000000000,80.000000000,353291.000000000,0
long_chain,0,learned-sync,5,7,200000,1,0,0,0,1,37186408.500556968,33885888,21.372695000,0.000000000,1089.253445877,50.274011094,353291.000000000,4
long_chain,0,seeded-sync,6,7,200000,1,0,0,0,1,14056590.000000000,34459470,21.372695000,0.000000000,250.000000000,80.000000000,353291.000000000,0
long_chain,0,learned-sync,6,7,200000,1,0,0,0,1,37186408.500556968,34459470,21.372695000,0.000000000,1089.253445877,50.274011094,353291.000000000,4
long_many_chains,1,seeded-sync,0,5,200000,64,0,0,0,1,17752778.968750000,6616667,21.399544844,0.000000000,250.000000000,80.000000000,272870.000000000,0
long_many_chains,1,learned-sync,0,5,200000,64,0,0,0,1,7974641.200682219,6616667,21.399544844,0.000000000,42.377982986,43.168572812,272870.000000000,4
long_many_chains,1,seeded-sync,1,5,200000,64,0,0,0,1,17752778.968750000,6078674,21.399544844,0.000000000,250.000000000,80.000000000,272870.000000000,0
long_many_chains,1,learned-sync,1,5,200000,64,0,0,0,1,7974641.200682219,6078674,21.399544844,0.000000000,42.377982986,43.168572812,272870.000000000,4
long_many_chains,1,seeded-sync,2,5,200000,64,0,0,0,1,17752778.968750000,6513720,21.399544844,0.000000000,250.000000000,80.000000000,272870.000000000,0
long_many_chains,1,learned-sync,2,5,200000,64,0,0,0,1,7974641.200682219,6513720,21.399544844,0.000000000,42.377982986,43.168572812,272870.000000000,4
long_many_chains,1,seeded-sync,3,5,200000,64,0,0,0,1,17752778.968750000,6170412,21.399544844,0.000000000,250.000000000,80.000000000,272870.000000000,0
long_many_chains,1,learned-sync,3,5,200000,64,0,0,0,1,7974641.200682219,6170412,21.399544844,0.000000000,42.377982986,43.168572812,272870.000000000,4
long_many_chains,1,seeded-sync,4,5,200000,64,0,0,0,1,17752778.968750000,6184648,21.399544844,0.000000000,250.000000000,80.000000000,272870.000000000,0
long_many_chains,1,learned-sync,4,5,200000,64,0,0,0,1,7974641.200682219,6184648,21.399544844,0.000000000,42.377982986,43.168572812,272870.000000000,4
long_many_chains,1,seeded-sync,5,5,200000,64,0,0,0,1,17752778.968750000,6079842,21.399544844,0.000000000,250.000000000,80.000000000,272870.000000000,0
long_many_chains,1,learned-sync,5,5,200000,64,0,0,0,1,7974641.200682219,6079842,21.399544844,0.000000000,42.377982986,43.168572812,272870.000000000,4
long_many_chains,1,seeded-sync,6,5,200000,64,0,0,0,1,17752778.968750000,7350599,21.399544844,0.000000000,250.000000000,80.000000000,272870.000000000,0
long_many_chains,1,learned-sync,6,5,200000,64,0,0,0,1,7974641.200682219,7350599,21.399544844,0.000000000,42.377982986,43.168572812,272870.000000000,4
uneven,2,seeded-sync,0,7,8193,3,4,8,0,1,1182589.906471225,1046002,41.594257293,65.984762145,250.000000000,80.000000000,378110.000000000,0
uneven,2,learned-sync,0,7,8193,3,4,8,0,1,1464908.061035535,1046002,41.594257293,65.984762145,509.696974206,61.394532680,378110.000000000,4
uneven,2,seeded-sync,1,7,8193,3,4,8,0,1,1182589.906471225,960557,41.594257293,65.984762145,250.000000000,80.000000000,378110.000000000,0
uneven,2,learned-sync,1,7,8193,3,4,8,0,1,1464908.061035535,960557,41.594257293,65.984762145,509.696974206,61.394532680,378110.000000000,4
uneven,2,seeded-sync,2,7,8193,3,4,8,0,1,1182589.906471225,930362,41.594257293,65.984762145,250.000000000,80.000000000,378110.000000000,0
uneven,2,learned-sync,2,7,8193,3,4,8,0,1,1464908.061035535,930362,41.594257293,65.984762145,509.696974206,61.394532680,378110.000000000,4
uneven,2,seeded-sync,3,7,8193,3,4,8,0,1,1182589.906471225,929492,41.594257293,65.984762145,250.000000000,80.000000000,378110.000000000,0
uneven,2,learned-sync,3,7,8193,3,4,8,0,1,1464908.061035535,929492,41.594257293,65.984762145,509.696974206,61.394532680,378110.000000000,4
uneven,2,seeded-sync,4,7,8193,3,4,8,0,1,1182589.906471225,1156425,41.594257293,65.984762145,250.000000000,80.000000000,378110.000000000,0
uneven,2,learned-sync,4,7,8193,3,4,8,0,1,1464908.061035535,1156425,41.594257293,65.984762145,509.696974206,61.394532680,378110.000000000,4
uneven,2,seeded-sync,5,7,8193,3,4,8,0,1,1182589.906471225,1053481,41.594257293,65.984762145,250.000000000,80.000000000,378110.000000000,0
uneven,2,learned-sync,5,7,8193,3,4,8,0,1,1464908.061035535,1053481,41.594257293,65.984762145,509.696974206,61.394532680,378110.000000000,4
uneven,2,seeded-sync,6,7,8193,3,4,8,0,1,1182589.906471225,951329,41.594257293,65.984762145,250.000000000,80.000000000,378110.000000000,0
uneven,2,learned-sync,6,7,8193,3,4,8,0,1,1464908.061035535,951329,41.594257293,65.984762145,509.696974206,61.394532680,378110.000000000,4
long_chain,0,seeded-sync,0,4,200000,1,0,0,0,1,20941498.390625000,28107001,21.199291953,0.000000000,250.000000000,80.000000000,201640.000000000,0
long_chain,0,learned-sync,0,4,200000,1,0,0,0,1,28587566.093096793,28107001,21.199291953,0.000000000,432.763012174,50.158341875,201640.000000000,4
long_chain,0,seeded-sync,1,4,200000,1,0,0,0,1,20941498.390625000,27784786,21.199291953,0.000000000,250.000000000,80.000000000,201640.000000000,0
long_chain,0,learned-sync,1,4,200000,1,0,0,0,1,28587566.093096793,27784786,21.199291953,0.000000000,432.763012174,50.158341875,201640.000000000,4
long_chain,0,seeded-sync,2,4,200000,1,0,0,0,1,20941498.390625000,28640118,21.199291953,0.000000000,250.000000000,80.000000000,201640.000000000,0
long_chain,0,learned-sync,2,4,200000,1,0,0,0,1,28587566.093096793,28640118,21.199291953,0.000000000,432.763012174,50.158341875,201640.000000000,4
long_chain,0,seeded-sync,3,4,200000,1,0,0,0,1,20941498.390625000,29596998,21.199291953,0.000000000,250.000000000,80.000000000,201640.000000000,0
long_chain,0,learned-sync,3,4,200000,1,0,0,0,1,28587566.093096793,29596998,21.199291953,0.000000000,432.763012174,50.158341875,201640.000000000,4
long_chain,0,seeded-sync,4,4,200000,1,0,0,0,1,20941498.390625000,28120625,21.199291953,0.000000000,250.000000000,80.000000000,201640.000000000,0
long_chain,0,learned-sync,4,4,200000,1,0,0,0,1,28587566.093096793,28120625,21.199291953,0.000000000,432.763012174,50.158341875,201640.000000000,4
long_chain,0,seeded-sync,5,4,200000,1,0,0,0,1,20941498.390625000,27327888,21.199291953,0.000000000,250.000000000,80.000000000,201640.000000000,0
long_chain,0,learned-sync,5,4,200000,1,0,0,0,1,28587566.093096793,27327888,21.199291953,0.000000000,432.763012174,50.158341875,201640.000000000,4
long_chain,0,seeded-sync,6,4,200000,1,0,0,0,1,20941498.390625000,30047892,21.199291953,0.000000000,250.000000000,80.000000000,201640.000000000,0
long_chain,0,learned-sync,6,4,200000,1,0,0,0,1,28587566.093096793,30047892,21.199291953,0.000000000,432.763012174,50.158341875,201640.000000000,4
independent_before,1,seeded-sync,0,2,32768,4,0,16,0,1,8155389.046875000,3293393,21.516825676,113.013409615,250.000000000,80.000000000,191994.000000000,0
independent_before,1,learned-sync,0,2,32768,4,0,16,0,1,3642081.681852605,3293393,21.516825676,113.013409615,27.399520052,27.130059719,191994.000000000,4
independent_before,1,seeded-sync,1,2,32768,4,0,16,0,1,8155389.046875000,3329596,21.516825676,113.013409615,250.000000000,80.000000000,191994.000000000,0
independent_before,1,learned-sync,1,2,32768,4,0,16,0,1,3642081.681852605,3329596,21.516825676,113.013409615,27.399520052,27.130059719,191994.000000000,4
independent_before,1,seeded-sync,2,2,32768,4,0,16,0,1,8155389.046875000,3407454,21.516825676,113.013409615,250.000000000,80.000000000,191994.000000000,0
independent_before,1,learned-sync,2,2,32768,4,0,16,0,1,3642081.681852605,3407454,21.516825676,113.013409615,27.399520052,27.130059719,191994.000000000,4
independent_before,1,seeded-sync,3,2,32768,4,0,16,0,1,8155389.046875000,3531151,21.516825676,113.013409615,250.000000000,80.000000000,191994.000000000,0
independent_before,1,learned-sync,3,2,32768,4,0,16,0,1,3642081.681852605,3531151,21.516825676,113.013409615,27.399520052,27.130059719,191994.000000000,4
independent_before,1,seeded-sync,4,2,32768,4,0,16,0,1,8155389.046875000,3462789,21.516825676,113.013409615,250.000000000,80.000000000,191994.000000000,0
independent_before,1,learned-sync,4,2,32768,4,0,16,0,1,3642081.681852605,3462789,21.516825676,113.013409615,27.399520052,27.130059719,191994.000000000,4
independent_before,1,seeded-sync,5,2,32768,4,0,16,0,1,8155389.046875000,3198892,21.516825676,113.013409615,250.000000000,80.000000000,191994.000000000,0
independent_before,1,learned-sync,5,2,32768,4,0,16,0,1,3642081.681852605,3198892,21.516825676,113.013409615,27.399520052,27.130059719,191994.000000000,4
independent_before,1,seeded-sync,6,2,32768,4,0,16,0,1,8155389.046875000,3271242,21.516825676,113.013409615,250.000000000,80.000000000,191994.000000000,0
independent_before,1,learned-sync,6,2,32768,4,0,16,0,1,3642081.681852605,3271242,21.516825676,113.013409615,27.399520052,27.130059719,191994.000000000,4
dependent_compute,2,seeded-sync,0,2,32768,1,16,0,0,1,9168594.312500000,7310013,110.120248795,0.000000000,250.000000000,80.000000000,153454.000000000,0
dependent_compute,2,learned-sync,0,2,32768,1,16,0,0,1,7958138.454468530,7310013,110.120248795,0.000000000,208.612062059,47.507575512,153454.000000000,4
dependent_compute,2,seeded-sync,1,2,32768,1,16,0,0,1,9168594.312500000,7295324,110.120248795,0.000000000,250.000000000,80.000000000,153454.000000000,0
dependent_compute,2,learned-sync,1,2,32768,1,16,0,0,1,7958138.454468530,7295324,110.120248795,0.000000000,208.612062059,47.507575512,153454.000000000,4
dependent_compute,2,seeded-sync,2,2,32768,1,16,0,0,1,9168594.312500000,7103263,110.120248795,0.000000000,250.000000000,80.000000000,153454.000000000,0
dependent_compute,2,learned-sync,2,2,32768,1,16,0,0,1,7958138.454468530,7103263,110.120248795,0.000000000,208.612062059,47.507575512,153454.000000000,4
dependent_compute,2,seeded-sync,3,2,32768,1,16,0,0,1,9168594.312500000,7405198,110.120248795,0.000000000,250.000000000,80.000000000,153454.000000000,0
dependent_compute,2,learned-sync,3,2,32768,1,16,0,0,1,7958138.454468530,7405198,110.120248795,0.000000000,208.612062059,47.507575512,153454.000000000,4
dependent_compute,2,seeded-sync,4,2,32768,1,16,0,0,1,9168594.312500000,6872540,110.120248795,0.000000000,250.000000000,80.000000000,153454.000000000,0
dependent_compute,2,learned-sync,4,2,32768,1,16,0,0,1,7958138.454468530,6872540,110.120248795,0.000000000,208.612062059,47.507575512,153454.000000000,4
dependent_compute,2,seeded-sync,5,2,32768,1,16,0,0,1,9168594.312500000,7032405,110.120248795,0.000000000,250.000000000,80.000000000,153454.000000000,0
dependent_compute,2,learned-sync,5,2,32768,1,16,0,0,1,7958138.454468530,7032405,110.120248795,0.000000000,208.612062059,47.507575512,153454.000000000,4
dependent_compute,2,seeded-sync,6,2,32768,1,16,0,0,1,9168594.312500000,7024657,110.120248795,0.000000000,250.000000000,80.000000000,153454.000000000,0
dependent_compute,2,learned-sync,6,2,32768,1,16,0,0,1,7958138.454468530,7024657,110.120248795,0.000000000,208.612062059,47.507575512,153454.000000000,4
long_many_chains,1,seeded-sync,0,6,200000,64,0,0,0,1,15521084.906250000,5103247,21.117729531,0.000000000,250.000000000,80.000000000,297319.000000000,0
long_many_chains,1,learned-sync,0,6,200000,64,0,0,0,1,7327555.630807901,5103247,21.117729531,0.000000000,41.445624162,42.753413594,297319.000000000,4
long_many_chains,1,seeded-sync,1,6,200000,64,0,0,0,1,15521084.906250000,5287788,21.117729531,0.000000000,250.000000000,80.000000000,297319.000000000,0
long_many_chains,1,learned-sync,1,6,200000,64,0,0,0,1,7327555.630807901,5287788,21.117729531,0.000000000,41.445624162,42.753413594,297319.000000000,4
long_many_chains,1,seeded-sync,2,6,200000,64,0,0,0,1,15521084.906250000,5379784,21.117729531,0.000000000,250.000000000,80.000000000,297319.000000000,0
long_many_chains,1,learned-sync,2,6,200000,64,0,0,0,1,7327555.630807901,5379784,21.117729531,0.000000000,41.445624162,42.753413594,297319.000000000,4
long_many_chains,1,seeded-sync,3,6,200000,64,0,0,0,1,15521084.906250000,5890334,21.117729531,0.000000000,250.000000000,80.000000000,297319.000000000,0
long_many_chains,1,learned-sync,3,6,200000,64,0,0,0,1,7327555.630807901,5890334,21.117729531,0.000000000,41.445624162,42.753413594,297319.000000000,4
long_many_chains,1,seeded-sync,4,6,200000,64,0,0,0,1,15521084.906250000,5827775,21.117729531,0.000000000,250.000000000,80.000000000,297319.000000000,0
long_many_chains,1,learned-sync,4,6,200000,64,0,0,0,1,7327555.630807901,5827775,21.117729531,0.000000000,41.445624162,42.753413594,297319.000000000,4
long_many_chains,1,seeded-sync,5,6,200000,64,0,0,0,1,15521084.906250000,5631038,21.117729531,0.000000000,250.000000000,80.000000000,297319.000000000,0
long_many_chains,1,learned-sync,5,6,200000,64,0,0,0,1,7327555.630807901,5631038,21.117729531,0.000000000,41.445624162,42.753413594,297319.000000000,4
long_many_chains,1,seeded-sync,6,6,200000,64,0,0,0,1,15521084.906250000,5560994,21.117729531,0.000000000,250.000000000,80.000000000,297319.000000000,0
long_many_chains,1,learned-sync,6,6,200000,64,0,0,0,1,7327555.630807901,5560994,21.117729531,0.000000000,41.445624162,42.753413594,297319.000000000,4
long_four_chains,2,seeded-sync,0,7,200000,4,0,0,0,1,14052073.765625000,8999659,21.419523828,0.000000000,250.000000000,80.000000000,339409.000000000,0
long_four_chains,2,learned-sync,0,7,200000,4,0,0,0,1,10833980.492458720,8999659,21.419523828,0.000000000,153.625627200,63.743360859,339409.000000000,4
long_four_chains,2,seeded-sync,1,7,200000,4,0,0,0,1,14052073.765625000,8988235,21.419523828,0.000000000,250.000000000,80.000000000,339409.000000000,0
long_four_chains,2,learned-sync,1,7,200000,4,0,0,0,1,10833980.492458720,8988235,21.419523828,0.000000000,153.625627200,63.743360859,339409.000000000,4
long_four_chains,2,seeded-sync,2,7,200000,4,0,0,0,1,14052073.765625000,8660526,21.419523828,0.000000000,250.000000000,80.000000000,339409.000000000,0
long_four_chains,2,learned-sync,2,7,200000,4,0,0,0,1,10833980.492458720,8660526,21.419523828,0.000000000,153.625627200,63.743360859,339409.000000000,4
long_four_chains,2,seeded-sync,3,7,200000,4,0,0,0,1,14052073.765625000,8708316,21.419523828,0.000000000,250.000000000,80.000000000,339409.000000000,0
long_four_chains,2,learned-sync,3,7,200000,4,0,0,0,1,10833980.492458720,8708316,21.419523828,0.000000000,153.625627200,63.743360859,339409.000000000,4
long_four_chains,2,seeded-sync,4,7,200000,4,0,0,0,1,14052073.765625000,8980707,21.419523828,0.000000000,250.000000000,80.000000000,339409.000000000,0
long_four_chains,2,learned-sync,4,7,200000,4,0,0,0,1,10833980.492458720,8980707,21.419523828,0.000000000,153.625627200,63.743360859,339409.000000000,4
long_four_chains,2,seeded-sync,5,7,200000,4,0,0,0,1,14052073.765625000,9399027,21.419523828,0.000000000,250.000000000,80.000000000,339409.000000000,0
long_four_chains,2,learned-sync,5,7,200000,4,0,0,0,1,10833980.492458720,9399027,21.419523828,0.000000000,153.625627200,63.743360859,339409.000000000,4
long_four_chains,2,seeded-sync,6,7,200000,4,0,0,0,1,14052073.765625000,9212075,21.419523828,0.000000000,250.000000000,80.000000000,339409.000000000,0
long_four_chains,2,learned-sync,6,7,200000,4,0,0,0,1,10833980.492458720,9212075,21.419523828,0.000000000,153.625627200,63.743360859,339409.000000000,4
short_four_chains,0,seeded-sync,0,6,20000,4,0,0,0,1,1856419.062500000,977287,21.667903125,0.000000000,250.000000000,80.000000000,322841.000000000,0
short_four_chains,0,learned-sync,0,6,20000,4,0,0,0,1,1245519.292065494,977287,21.667903125,0.000000000,98.925288964,47.841426563,322841.000000000,4
short_four_chains,0,seeded-sync,1,6,20000,4,0,0,0,1,1856419.062500000,943309,21.667903125,0.000000000,250.000000000,80.000000000,322841.000000000,0
short_four_chains,0,learned-sync,1,6,20000,4,0,0,0,1,1245519.292065494,943309,21.667903125,0.000000000,98.925288964,47.841426563,322841.000000000,4
short_four_chains,0,seeded-sync,2,6,20000,4,0,0,0,1,1856419.062500000,988198,21.667903125,0.000000000,250.000000000,80.000000000,322841.000000000,0
short_four_chains,0,learned-sync,2,6,20000,4,0,0,0,1,1245519.292065494,988198,21.667903125,0.000000000,98.925288964,47.841426563,322841.000000000,4
short_four_chains,0,seeded-sync,3,6,20000,4,0,0,0,1,1856419.062500000,1049210,21.667903125,0.000000000,250.000000000,80.000000000,322841.000000000,0
short_four_chains,0,learned-sync,3,6,20000,4,0,0,0,1,1245519.292065494,1049210,21.667903125,0.000000000,98.925288964,47.841426563,322841.000000000,4
short_four_chains,0,seeded-sync,4,6,20000,4,0,0,0,1,1856419.062500000,896149,21.667903125,0.000000000,250.000000000,80.000000000,322841.000000000,0
short_four_chains,0,learned-sync,4,6,20000,4,0,0,0,1,1245519.292065494,896149,21.667903125,0.000000000,98.925288964,47.841426563,322841.000000000,4
short_four_chains,0,seeded-sync,5,6,20000,4,0,0,0,1,1856419.062500000,957561,21.667903125,0.000000000,250.000000000,80.000000000,322841.000000000,0
short_four_chains,0,learned-sync,5,6,20000,4,0,0,0,1,1245519.292065494,957561,21.667903125,0.000000000,98.925288964,47.841426563,322841.000000000,4
short_four_chains,0,seeded-sync,6,6,20000,4,0,0,0,1,1856419.062500000,966240,21.667903125,0.000000000,250.000000000,80.000000000,322841.000000000,0
short_four_chains,0,learned-sync,6,6,20000,4,0,0,0,1,1245519.292065494,966240,21.667903125,0.000000000,98.925288964,47.841426563,322841.000000000,4
independent_after,1,seeded-sync,0,2,32768,4,0,16,1,1,8165459.929687500,3209094,22.924955845,112.113462925,250.000000000,80.000000000,170668.000000000,0
independent_after,1,learned-sync,0,2,32768,4,0,16,1,1,3721281.863851140,3209094,22.924955845,112.113462925,29.838175570,28.910721779,170668.000000000,4
independent_after,1,seeded-sync,1,2,32768,4,0,16,1,1,8165459.929687500,3547730,22.924955845,112.113462925,250.000000000,80.000000000,170668.000000000,0
independent_after,1,learned-sync,1,2,32768,4,0,16,1,1,3721281.863851140,3547730,22.924955845,112.113462925,29.838175570,28.910721779,170668.000000000,4
independent_after,1,seeded-sync,2,2,32768,4,0,16,1,1,8165459.929687500,3266636,22.924955845,112.113462925,250.000000000,80.000000000,170668.000000000,0
independent_after,1,learned-sync,2,2,32768,4,0,16,1,1,3721281.863851140,3266636,22.924955845,112.113462925,29.838175570,28.910721779,170668.000000000,4
independent_after,1,seeded-sync,3,2,32768,4,0,16,1,1,8165459.929687500,3496838,22.924955845,112.113462925,250.000000000,80.000000000,170668.000000000,0
independent_after,1,learned-sync,3,2,32768,4,0,16,1,1,3721281.863851140,3496838,22.924955845,112.113462925,29.838175570,28.910721779,170668.000000000,4
independent_after,1,seeded-sync,4,2,32768,4,0,16,1,1,8165459.929687500,3465300,22.924955845,112.113462925,250.000000000,80.000000000,170668.000000000,0
independent_after,1,learned-sync,4,2,32768,4,0,16,1,1,3721281.863851140,3465300,22.924955845,112.113462925,29.838175570,28.910721779,170668.000000000,4
independent_after,1,seeded-sync,5,2,32768,4,0,16,1,1,8165459.929687500,3284858,22.924955845,112.113462925,250.000000000,80.000000000,170668.000000000,0
independent_after,1,learned-sync,5,2,32768,4,0,16,1,1,3721281.863851140,3284858,22.924955845,112.113462925,29.838175570,28.910721779,170668.000000000,4
independent_after,1,seeded-sync,6,2,32768,4,0,16,1,1,8165459.929687500,3544795,22.924955845,112.113462925,250.000000000,80.000000000,170668.000000000,0
independent_after,1,learned-sync,6,2,32768,4,0,16,1,1,3721281.863851140,3544795,22.924955845,112.113462925,29.838175570,28.910721779,170668.000000000,4
short_chain,2,seeded-sync,0,2,20000,1,0,0,0,1,3877568.562500000,2450941,21.123128125,0.000000000,250.000000000,80.000000000,155106.000000000,0
short_chain,2,learned-sync,0,2,20000,1,0,0,0,1,2229038.136177122,2450941,21.123128125,0.000000000,116.116104243,49.030853125,155106.000000000,4
short_chain,2,seeded-sync,1,2,20000,1,0,0,0,1,3877568.562500000,2429949,21.123128125,0.000000000,250.000000000,80.000000000,155106.000000000,0
short_chain,2,learned-sync,1,2,20000,1,0,0,0,1,2229038.136177122,2429949,21.123128125,0.000000000,116.116104243,49.030853125,155106.000000000,4
short_chain,2,seeded-sync,2,2,20000,1,0,0,0,1,3877568.562500000,2432541,21.123128125,0.000000000,250.000000000,80.000000000,155106.000000000,0
short_chain,2,learned-sync,2,2,20000,1,0,0,0,1,2229038.136177122,2432541,21.123128125,0.000000000,116.116104243,49.030853125,155106.000000000,4
short_chain,2,seeded-sync,3,2,20000,1,0,0,0,1,3877568.562500000,2768997,21.123128125,0.000000000,250.000000000,80.000000000,155106.000000000,0
short_chain,2,learned-sync,3,2,20000,1,0,0,0,1,2229038.136177122,2768997,21.123128125,0.000000000,116.116104243,49.030853125,155106.000000000,4
short_chain,2,seeded-sync,4,2,20000,1,0,0,0,1,3877568.562500000,2400942,21.123128125,0.000000000,250.000000000,80.000000000,155106.000000000,0
short_chain,2,learned-sync,4,2,20000,1,0,0,0,1,2229038.136177122,2400942,21.123128125,0.000000000,116.116104243,49.030853125,155106.000000000,4
short_chain,2,seeded-sync,5,2,20000,1,0,0,0,1,3877568.562500000,2422590,21.123128125,0.000000000,250.000000000,80.000000000,155106.000000000,0
short_chain,2,learned-sync,5,2,20000,1,0,0,0,1,2229038.136177122,2422590,21.123128125,0.000000000,116.116104243,49.030853125,155106.000000000,4
short_chain,2,seeded-sync,6,2,20000,1,0,0,0,1,3877568.562500000,2458793,21.123128125,0.000000000,250.000000000,80.000000000,155106.000000000,0
short_chain,2,learned-sync,6,2,20000,1,0,0,0,1,2229038.136177122,2458793,21.123128125,0.000000000,116.116104243,49.030853125,155106.000000000,4
two_streams,0,seeded-sync,0,2,32768,4,0,0,0,2,11695634.046875000,3698450,21.338807583,0.000000000,250.000000000,80.000000000,182964.000000000,0
two_streams,0,learned-sync,0,2,32768,4,0,0,0,2,2643502.644549849,3698450,21.338807583,0.000000000,25.403324962,28.347547770,182964.000000000,4
two_streams,0,seeded-sync,1,2,32768,4,0,0,0,2,11695634.046875000,3507766,21.338807583,0.000000000,250.000000000,80.000000000,182964.000000000,0
two_streams,0,learned-sync,1,2,32768,4,0,0,0,2,2643502.644549849,3507766,21.338807583,0.000000000,25.403324962,28.347547770,182964.000000000,4
two_streams,0,seeded-sync,2,2,32768,4,0,0,0,2,11695634.046875000,3297039,21.338807583,0.000000000,250.000000000,80.000000000,182964.000000000,0
two_streams,0,learned-sync,2,2,32768,4,0,0,0,2,2643502.644549849,3297039,21.338807583,0.000000000,25.403324962,28.347547770,182964.000000000,4
two_streams,0,seeded-sync,3,2,32768,4,0,0,0,2,11695634.046875000,3684217,21.338807583,0.000000000,250.000000000,80.000000000,182964.000000000,0
two_streams,0,learned-sync,3,2,32768,4,0,0,0,2,2643502.644549849,3684217,21.338807583,0.000000000,25.403324962,28.347547770,182964.000000000,4
two_streams,0,seeded-sync,4,2,32768,4,0,0,0,2,11695634.046875000,3500160,21.338807583,0.000000000,250.000000000,80.000000000,182964.000000000,0
two_streams,0,learned-sync,4,2,32768,4,0,0,0,2,2643502.644549849,3500160,21.338807583,0.000000000,25.403324962,28.347547770,182964.000000000,4
two_streams,0,seeded-sync,5,2,32768,4,0,0,0,2,11695634.046875000,3382568,21.338807583,0.000000000,250.000000000,80.000000000,182964.000000000,0
two_streams,0,learned-sync,5,2,32768,4,0,0,0,2,2643502.644549849,3382568,21.338807583,0.000000000,25.403324962,28.347547770,182964.000000000,4
two_streams,0,seeded-sync,6,2,32768,4,0,0,0,2,11695634.046875000,3288257,21.338807583,0.000000000,250.000000000,80.000000000,182964.000000000,0
two_streams,0,learned-sync,6,2,32768,4,0,0,0,2,2643502.644549849,3288257,21.338807583,0.000000000,25.403324962,28.347547770,182964.000000000,4
long_four_chains,0,seeded-sync,0,2,200000,4,0,0,0,1,37429878.390625000,9836468,21.423281953,0.000000000,250.000000000,80.000000000,145222.000000000,0
long_four_chains,0,learned-sync,0,2,200000,4,0,0,0,1,9800466.655806866,9836468,21.423281953,0.000000000,25.425559683,28.280322969,145222.000000000,4
long_four_chains,0,seeded-sync,1,2,200000,4,0,0,0,1,37429878.390625000,10587694,21.423281953,0.000000000,250.000000000,80.000000000,145222.000000000,0
long_four_chains,0,learned-sync,1,2,200000,4,0,0,0,1,9800466.655806866,10587694,21.423281953,0.000000000,25.425559683,28.280322969,145222.000000000,4
long_four_chains,0,seeded-sync,2,2,200000,4,0,0,0,1,37429878.390625000,10761468,21.423281953,0.000000000,250.000000000,80.000000000,145222.000000000,0
long_four_chains,0,learned-sync,2,2,200000,4,0,0,0,1,9800466.655806866,10761468,21.423281953,0.000000000,25.425559683,28.280322969,145222.000000000,4
long_four_chains,0,seeded-sync,3,2,200000,4,0,0,0,1,37429878.390625000,11758956,21.423281953,0.000000000,250.000000000,80.000000000,145222.000000000,0
long_four_chains,0,learned-sync,3,2,200000,4,0,0,0,1,9800466.655806866,11758956,21.423281953,0.000000000,25.425559683,28.280322969,145222.000000000,4
long_four_chains,0,seeded-sync,4,2,200000,4,0,0,0,1,37429878.390625000,11478513,21.423281953,0.000000000,250.000000000,80.000000000,145222.000000000,0
long_four_chains,0,learned-sync,4,2,200000,4,0,0,0,1,9800466.655806866,11478513,21.423281953,0.000000000,25.425559683,28.280322969,145222.000000000,4
long_four_chains,0,seeded-sync,5,2,200000,4,0,0,0,1,37429878.390625000,10532602,21.423281953,0.000000000,250.000000000,80.000000000,145222.000000000,0
long_four_chains,0,learned-sync,5,2,200000,4,0,0,0,1,9800466.655806866,10532602,21.423281953,0.000000000,25.425559683,28.280322969,145222.000000000,4
long_four_chains,0,seeded-sync,6,2,200000,4,0,0,0,1,37429878.390625000,10442594,21.423281953,0.000000000,250.000000000,80.000000000,145222.000000000,0
long_four_chains,0,learned-sync,6,2,200000,4,0,0,0,1,9800466.655806866,10442594,21.423281953,0.000000000,25.425559683,28.280322969,145222.000000000,4
long_four_chains,1,seeded-sync,0,8,200000,4,0,0,0,1,13158177.375000000,7076027,22.423946875,0.000000000,250.000000000,80.000000000,423388.000000000,0
long_four_chains,1,learned-sync,0,8,200000,4,0,0,0,1,9391434.523639888,7076027,22.423946875,0.000000000,127.898842274,51.431443672,423388.000000000,4
long_four_chains,1,seeded-sync,1,8,200000,4,0,0,0,1,13158177.375000000,7627172,22.423946875,0.000000000,250.000000000,80.000000000,423388.000000000,0
long_four_chains,1,learned-sync,1,8,200000,4,0,0,0,1,9391434.523639888,7627172,22.423946875,0.000000000,127.898842274,51.431443672,423388.000000000,4
long_four_chains,1,seeded-sync,2,8,200000,4,0,0,0,1,13158177.375000000,7051140,22.423946875,0.000000000,250.000000000,80.000000000,423388.000000000,0
long_four_chains,1,learned-sync,2,8,200000,4,0,0,0,1,9391434.523639888,7051140,22.423946875,0.000000000,127.898842274,51.431443672,423388.000000000,4
long_four_chains,1,seeded-sync,3,8,200000,4,0,0,0,1,13158177.375000000,7128865,22.423946875,0.000000000,250.000000000,80.000000000,423388.000000000,0
long_four_chains,1,learned-sync,3,8,200000,4,0,0,0,1,9391434.523639888,7128865,22.423946875,0.000000000,127.898842274,51.431443672,423388.000000000,4
long_four_chains,1,seeded-sync,4,8,200000,4,0,0,0,1,13158177.375000000,6912481,22.423946875,0.000000000,250.000000000,80.000000000,423388.000000000,0
long_four_chains,1,learned-sync,4,8,200000,4,0,0,0,1,9391434.523639888,6912481,22.423946875,0.000000000,127.898842274,51.431443672,423388.000000000,4
long_four_chains,1,seeded-sync,5,8,200000,4,0,0,0,1,13158177.375000000,7225905,22.423946875,0.000000000,250.000000000,80.000000000,423388.000000000,0
long_four_chains,1,learned-sync,5,8,200000,4,0,0,0,1,9391434.523639888,7225905,22.423946875,0.000000000,127.898842274,51.431443672,423388.000000000,4
long_four_chains,1,seeded-sync,6,8,200000,4,0,0,0,1,13158177.375000000,7195689,22.423946875,0.000000000,250.000000000,80.000000000,423388.000000000,0
long_four_chains,1,learned-sync,6,8,200000,4,0,0,0,1,9391434.523639888,7195689,22.423946875,0.000000000,127.898842274,51.431443672,423388.000000000,4
uneven,1,seeded-sync,0,7,8193,3,4,8,0,1,1193667.783879913,953365,42.434137755,68.110071097,250.000000000,80.000000000,379818.000000000,0
uneven,1,learned-sync,0,7,8193,3,4,8,0,1,1294148.190964643,953365,42.434137755,68.110071097,350.618189103,65.189161098,379818.000000000,4
uneven,1,seeded-sync,1,7,8193,3,4,8,0,1,1193667.783879913,952273,42.434137755,68.110071097,250.000000000,80.000000000,379818.000000000,0
uneven,1,learned-sync,1,7,8193,3,4,8,0,1,1294148.190964643,952273,42.434137755,68.110071097,350.618189103,65.189161098,379818.000000000,4
uneven,1,seeded-sync,2,7,8193,3,4,8,0,1,1193667.783879913,984423,42.434137755,68.110071097,250.000000000,80.000000000,379818.000000000,0
uneven,1,learned-sync,2,7,8193,3,4,8,0,1,1294148.190964643,984423,42.434137755,68.110071097,350.618189103,65.189161098,379818.000000000,4
uneven,1,seeded-sync,3,7,8193,3,4,8,0,1,1193667.783879913,963013,42.434137755,68.110071097,250.000000000,80.000000000,379818.000000000,0
uneven,1,learned-sync,3,7,8193,3,4,8,0,1,1294148.190964643,963013,42.434137755,68.110071097,350.618189103,65.189161098,379818.000000000,4
uneven,1,seeded-sync,4,7,8193,3,4,8,0,1,1193667.783879913,962292,42.434137755,68.110071097,250.000000000,80.000000000,379818.000000000,0
uneven,1,learned-sync,4,7,8193,3,4,8,0,1,1294148.190964643,962292,42.434137755,68.110071097,350.618189103,65.189161098,379818.000000000,4
uneven,1,seeded-sync,5,7,8193,3,4,8,0,1,1193667.783879913,942936,42.434137755,68.110071097,250.000000000,80.000000000,379818.000000000,0
uneven,1,learned-sync,5,7,8193,3,4,8,0,1,1294148.190964643,942936,42.434137755,68.110071097,350.618189103,65.189161098,379818.000000000,4
uneven,1,seeded-sync,6,7,8193,3,4,8,0,1,1193667.783879913,965358,42.434137755,68.110071097,250.000000000,80.000000000,379818.000000000,0
uneven,1,learned-sync,6,7,8193,3,4,8,0,1,1294148.190964643,965358,42.434137755,68.110071097,350.618189103,65.189161098,379818.000000000,4
long_chain,0,seeded-sync,0,3,200000,1,0,0,0,1,26746363.328125000,26598227,22.770826641,0.000000000,250.000000000,80.000000000,192088.000000000,0
long_chain,0,learned-sync,0,3,200000,1,0,0,0,1,26582896.209522609,26598227,22.770826641,0.000000000,276.127437356,51.420568125,192088.000000000,4
long_chain,0,seeded-sync,1,3,200000,1,0,0,0,1,26746363.328125000,26920899,22.770826641,0.000000000,250.000000000,80.000000000,192088.000000000,0
long_chain,0,learned-sync,1,3,200000,1,0,0,0,1,26582896.209522609,26920899,22.770826641,0.000000000,276.127437356,51.420568125,192088.000000000,4
long_chain,0,seeded-sync,2,3,200000,1,0,0,0,1,26746363.328125000,28120292,22.770826641,0.000000000,250.000000000,80.000000000,192088.000000000,0
long_chain,0,learned-sync,2,3,200000,1,0,0,0,1,26582896.209522609,28120292,22.770826641,0.000000000,276.127437356,51.420568125,192088.000000000,4
long_chain,0,seeded-sync,3,3,200000,1,0,0,0,1,26746363.328125000,27900101,22.770826641,0.000000000,250.000000000,80.000000000,192088.000000000,0
long_chain,0,learned-sync,3,3,200000,1,0,0,0,1,26582896.209522609,27900101,22.770826641,0.000000000,276.127437356,51.420568125,192088.000000000,4
long_chain,0,seeded-sync,4,3,200000,1,0,0,0,1,26746363.328125000,27039379,22.770826641,0.000000000,250.000000000,80.000000000,192088.000000000,0
long_chain,0,learned-sync,4,3,200000,1,0,0,0,1,26582896.209522609,27039379,22.770826641,0.000000000,276.127437356,51.420568125,192088.000000000,4
long_chain,0,seeded-sync,5,3,200000,1,0,0,0,1,26746363.328125000,26598629,22.770826641,0.000000000,250.000000000,80.000000000,192088.000000000,0
long_chain,0,learned-sync,5,3,200000,1,0,0,0,1,26582896.209522609,26598629,22.770826641,0.000000000,276.127437356,51.420568125,192088.000000000,4
long_chain,0,seeded-sync,6,3,200000,1,0,0,0,1,26746363.328125000,28494098,22.770826641,0.000000000,250.000000000,80.000000000,192088.000000000,0
long_chain,0,learned-sync,6,3,200000,1,0,0,0,1,26582896.209522609,28494098,22.770826641,0.000000000,276.127437356,51.420568125,192088.000000000,4
long_chain,2,seeded-sync,0,4,200000,1,0,0,0,1,21338027.406250000,28766756,23.155712031,0.000000000,250.000000000,80.000000000,206885.000000000,0
long_chain,2,learned-sync,0,4,200000,1,0,0,0,1,30998724.255897820,28766756,23.155712031,0.000000000,470.242341290,52.971595703,206885.000000000,4
long_chain,2,seeded-sync,1,4,200000,1,0,0,0,1,21338027.406250000,28367071,23.155712031,0.000000000,250.000000000,80.000000000,206885.000000000,0
long_chain,2,learned-sync,1,4,200000,1,0,0,0,1,30998724.255897820,28367071,23.155712031,0.000000000,470.242341290,52.971595703,206885.000000000,4
long_chain,2,seeded-sync,2,4,200000,1,0,0,0,1,21338027.406250000,30097373,23.155712031,0.000000000,250.000000000,80.000000000,206885.000000000,0
long_chain,2,learned-sync,2,4,200000,1,0,0,0,1,30998724.255897820,30097373,23.155712031,0.000000000,470.242341290,52.971595703,206885.000000000,4
long_chain,2,seeded-sync,3,4,200000,1,0,0,0,1,21338027.406250000,28233432,23.155712031,0.000000000,250.000000000,80.000000000,206885.000000000,0
long_chain,2,learned-sync,3,4,200000,1,0,0,0,1,30998724.255897820,28233432,23.155712031,0.000000000,470.242341290,52.971595703,206885.000000000,4
long_chain,2,seeded-sync,4,4,200000,1,0,0,0,1,21338027.406250000,29476745,23.155712031,0.000000000,250.000000000,80.000000000,206885.000000000,0
long_chain,2,learned-sync,4,4,200000,1,0,0,0,1,30998724.255897820,29476745,23.155712031,0.000000000,470.242341290,52.971595703,206885.000000000,4
long_chain,2,seeded-sync,5,4,200000,1,0,0,0,1,21338027.406250000,30192063,23.155712031,0.000000000,250.000000000,80.000000000,206885.000000000,0
long_chain,2,learned-sync,5,4,200000,1,0,0,0,1,30998724.255897820,30192063,23.155712031,0.000000000,470.242341290,52.971595703,206885.000000000,4
long_chain,2,seeded-sync,6,4,200000,1,0,0,0,1,21338027.406250000,30216686,23.155712031,0.000000000,250.000000000,80.000000000,206885.000000000,0
long_chain,2,learned-sync,6,4,200000,1,0,0,0,1,30998724.255897820,30216686,23.155712031,0.000000000,470.242341290,52.971595703,206885.000000000,4
large_arrays,1,seeded-sync,0,6,1000000,64,0,0,0,1,77791693.687500000,27039168,22.465606688,0.000000000,250.000000000,80.000000000,325977.000000000,0
large_arrays,1,learned-sync,0,6,1000000,64,0,0,0,1,37871399.386680283,27039168,22.465606688,0.000000000,44.654103988,45.824609250,325977.000000000,4
large_arrays,1,seeded-sync,1,6,1000000,64,0,0,0,1,77791693.687500000,28523973,22.465606688,0.000000000,250.000000000,80.000000000,325977.000000000,0
large_arrays,1,learned-sync,1,6,1000000,64,0,0,0,1,37871399.386680283,28523973,22.465606688,0.000000000,44.654103988,45.824609250,325977.000000000,4
large_arrays,1,seeded-sync,2,6,1000000,64,0,0,0,1,77791693.687500000,27148683,22.465606688,0.000000000,250.000000000,80.000000000,325977.000000000,0
large_arrays,1,learned-sync,2,6,1000000,64,0,0,0,1,37871399.386680283,27148683,22.465606688,0.000000000,44.654103988,45.824609250,325977.000000000,4
large_arrays,1,seeded-sync,3,6,1000000,64,0,0,0,1,77791693.687500000,26558964,22.465606688,0.000000000,250.000000000,80.000000000,325977.000000000,0
large_arrays,1,learned-sync,3,6,1000000,64,0,0,0,1,37871399.386680283,26558964,22.465606688,0.000000000,44.654103988,45.824609250,325977.000000000,4
large_arrays,1,seeded-sync,4,6,1000000,64,0,0,0,1,77791693.687500000,27376216,22.465606688,0.000000000,250.000000000,80.000000000,325977.000000000,0
large_arrays,1,learned-sync,4,6,1000000,64,0,0,0,1,37871399.386680283,27376216,22.465606688,0.000000000,44.654103988,45.824609250,325977.000000000,4
large_arrays,1,seeded-sync,5,6,1000000,64,0,0,0,1,77791693.687500000,27704845,22.465606688,0.000000000,250.000000000,80.000000000,325977.000000000,0
large_arrays,1,learned-sync,5,6,1000000,64,0,0,0,1,37871399.386680283,27704845,22.465606688,0.000000000,44.654103988,45.824609250,325977.000000000,4
large_arrays,1,seeded-sync,6,6,1000000,64,0,0,0,1,77791693.687500000,28212068,22.465606688,0.000000000,250.000000000,80.000000000,325977.000000000,0
large_arrays,1,learned-sync,6,6,1000000,64,0,0,0,1,37871399.386680283,28212068,22.465606688,0.000000000,44.654103988,45.824609250,325977.000000000,4
long_many_chains,1,seeded-sync,0,7,200000,64,0,0,0,1,14273036.437500000,5143658,22.464162188,0.000000000,250.000000000,80.000000000,351444.000000000,0
long_many_chains,1,learned-sync,0,7,200000,64,0,0,0,1,7743212.876804133,5143658,22.464162188,0.000000000,54.526820614,46.933925547,351444.000000000,4
long_many_chains,1,seeded-sync,1,7,200000,64,0,0,0,1,14273036.437500000,5245964,22.464162188,0.000000000,250.000000000,80.000000000,351444.000000000,0
long_many_chains,1,learned-sync,1,7,200000,64,0,0,0,1,7743212.876804133,5245964,22.464162188,0.000000000,54.526820614,46.933925547,351444.000000000,4
long_many_chains,1,seeded-sync,2,7,200000,64,0,0,0,1,14273036.437500000,5506948,22.464162188,0.000000000,250.000000000,80.000000000,351444.000000000,0
long_many_chains,1,learned-sync,2,7,200000,64,0,0,0,1,7743212.876804133,5506948,22.464162188,0.000000000,54.526820614,46.933925547,351444.000000000,4
long_many_chains,1,seeded-sync,3,7,200000,64,0,0,0,1,14273036.437500000,5556426,22.464162188,0.000000000,250.000000000,80.000000000,351444.000000000,0
long_many_chains,1,learned-sync,3,7,200000,64,0,0,0,1,7743212.876804133,5556426,22.464162188,0.000000000,54.526820614,46.933925547,351444.000000000,4
long_many_chains,1,seeded-sync,4,7,200000,64,0,0,0,1,14273036.437500000,5828843,22.464162188,0.000000000,250.000000000,80.000000000,351444.000000000,0
long_many_chains,1,learned-sync,4,7,200000,64,0,0,0,1,7743212.876804133,5828843,22.464162188,0.000000000,54.526820614,46.933925547,351444.000000000,4
long_many_chains,1,seeded-sync,5,7,200000,64,0,0,0,1,14273036.437500000,5250213,22.464162188,0.000000000,250.000000000,80.000000000,351444.000000000,0
long_many_chains,1,learned-sync,5,7,200000,64,0,0,0,1,7743212.876804133,5250213,22.464162188,0.000000000,54.526820614,46.933925547,351444.000000000,4
long_many_chains,1,seeded-sync,6,7,200000,64,0,0,0,1,14273036.437500000,5160610,22.464162188,0.000000000,250.000000000,80.000000000,351444.000000000,0
long_many_chains,1,learned-sync,6,7,200000,64,0,0,0,1,7743212.876804133,5160610,22.464162188,0.000000000,54.526820614,46.933925547,351444.000000000,4
two_streams,0,seeded-sync,0,5,32768,4,0,0,0,2,5414392.203125000,2445934,22.906561375,0.000000000,250.000000000,80.000000000,338150.000000000,0
two_streams,0,learned-sync,0,5,32768,4,0,0,0,2,2564247.751674092,2445934,22.906561375,0.000000000,65.029340034,47.535166264,338150.000000000,4
two_streams,0,seeded-sync,1,5,32768,4,0,0,0,2,5414392.203125000,2711609,22.906561375,0.000000000,250.000000000,80.000000000,338150.000000000,0
two_streams,0,learned-sync,1,5,32768,4,0,0,0,2,2564247.751674092,2711609,22.906561375,0.000000000,65.029340034,47.535166264,338150.000000000,4
two_streams,0,seeded-sync,2,5,32768,4,0,0,0,2,5414392.203125000,2517929,22.906561375,0.000000000,250.000000000,80.000000000,338150.000000000,0
two_streams,0,learned-sync,2,5,32768,4,0,0,0,2,2564247.751674092,2517929,22.906561375,0.000000000,65.029340034,47.535166264,338150.000000000,4
two_streams,0,seeded-sync,3,5,32768,4,0,0,0,2,5414392.203125000,2419946,22.906561375,0.000000000,250.000000000,80.000000000,338150.000000000,0
two_streams,0,learned-sync,3,5,32768,4,0,0,0,2,2564247.751674092,2419946,22.906561375,0.000000000,65.029340034,47.535166264,338150.000000000,4
two_streams,0,seeded-sync,4,5,32768,4,0,0,0,2,5414392.203125000,2476471,22.906561375,0.000000000,250.000000000,80.000000000,338150.000000000,0
two_streams,0,learned-sync,4,5,32768,4,0,0,0,2,2564247.751674092,2476471,22.906561375,0.000000000,65.029340034,47.535166264,338150.000000000,4
two_streams,0,seeded-sync,5,5,32768,4,0,0,0,2,5414392.203125000,2503261,22.906561375,0.000000000,250.000000000,80.000000000,338150.000000000,0
two_streams,0,learned-sync,5,5,32768,4,0,0,0,2,2564247.751674092,2503261,22.906561375,0.000000000,65.029340034,47.535166264,338150.000000000,4
two_streams,0,seeded-sync,6,5,32768,4,0,0,0,2,5414392.203125000,2904518,22.906561375,0.000000000,250.000000000,80.000000000,338150.000000000,0
two_streams,0,learned-sync,6,5,32768,4,0,0,0,2,2564247.751674092,2904518,22.906561375,0.000000000,65.029340034,47.535166264,338150.000000000,4
long_chain,2,seeded-sync,0,2,200000,1,0,0,0,1,37620119.515625000,23954555,22.192157578,0.000000000,250.000000000,80.000000000,181688.000000000,0
long_chain,2,learned-sync,0,2,200000,1,0,0,0,1,21171890.701494798,23954555,22.192157578,0.000000000,116.262364593,49.255347266,181688.000000000,4
long_chain,2,seeded-sync,1,2,200000,1,0,0,0,1,37620119.515625000,23525266,22.192157578,0.000000000,250.000000000,80.000000000,181688.000000000,0
long_chain,2,learned-sync,1,2,200000,1,0,0,0,1,21171890.701494798,23525266,22.192157578,0.000000000,116.262364593,49.255347266,181688.000000000,4
long_chain,2,seeded-sync,2,2,200000,1,0,0,0,1,37620119.515625000,23783696,22.192157578,0.000000000,250.000000000,80.000000000,181688.000000000,0
long_chain,2,learned-sync,2,2,200000,1,0,0,0,1,21171890.701494798,23783696,22.192157578,0.000000000,116.262364593,49.255347266,181688.000000000,4
long_chain,2,seeded-sync,3,2,200000,1,0,0,0,1,37620119.515625000,25986579,22.192157578,0.000000000,250.000000000,80.000000000,181688.000000000,0
long_chain,2,learned-sync,3,2,200000,1,0,0,0,1,21171890.701494798,25986579,22.192157578,0.000000000,116.262364593,49.255347266,181688.000000000,4
long_chain,2,seeded-sync,4,2,200000,1,0,0,0,1,37620119.515625000,23557996,22.192157578,0.000000000,250.000000000,80.000000000,181688.000000000,0
long_chain,2,learned-sync,4,2,200000,1,0,0,0,1,21171890.701494798,23557996,22.192157578,0.000000000,116.262364593,49.255347266,181688.000000000,4
long_chain,2,seeded-sync,5,2,200000,1,0,0,0,1,37620119.515625000,24701196,22.192157578,0.000000000,250.000000000,80.000000000,181688.000000000,0
long_chain,2,learned-sync,5,2,200000,1,0,0,0,1,21171890.701494798,24701196,22.192157578,0.000000000,116.262364593,49.255347266,181688.000000000,4
long_chain,2,seeded-sync,6,2,200000,1,0,0,0,1,37620119.515625000,24693210,22.192157578,0.000000000,250.000000000,80.000000000,181688.000000000,0
long_chain,2,learned-sync,6,2,200000,1,0,0,0,1,21171890.701494798,24693210,22.192157578,0.000000000,116.262364593,49.255347266,181688.000000000,4
independent_after,2,seeded-sync,0,2,32768,4,0,16,1,1,8220312.250000000,3410992,22.592567921,116.782896996,250.000000000,80.000000000,159908.000000000,0
independent_after,2,learned-sync,0,2,32768,4,0,16,1,1,3811324.506980794,3410992,22.592567921,116.782896996,30.159740397,30.737003803,159908.000000000,4
independent_after,2,seeded-sync,1,2,32768,4,0,16,1,1,8220312.250000000,3554820,22.592567921,116.782896996,250.000000000,80.000000000,159908.000000000,0
independent_after,2,learned-sync,1,2,32768,4,0,16,1,1,3811324.506980794,3554820,22.592567921,116.782896996,30.159740397,30.737003803,159908.000000000,4
independent_after,2,seeded-sync,2,2,32768,4,0,16,1,1,8220312.250000000,3453741,22.592567921,116.782896996,250.000000000,80.000000000,159908.000000000,0
independent_after,2,learned-sync,2,2,32768,4,0,16,1,1,3811324.506980794,3453741,22.592567921,116.782896996,30.159740397,30.737003803,159908.000000000,4
independent_after,2,seeded-sync,3,2,32768,4,0,16,1,1,8220312.250000000,3863975,22.592567921,116.782896996,250.000000000,80.000000000,159908.000000000,0
independent_after,2,learned-sync,3,2,32768,4,0,16,1,1,3811324.506980794,3863975,22.592567921,116.782896996,30.159740397,30.737003803,159908.000000000,4
independent_after,2,seeded-sync,4,2,32768,4,0,16,1,1,8220312.250000000,3674442,22.592567921,116.782896996,250.000000000,80.000000000,159908.000000000,0
independent_after,2,learned-sync,4,2,32768,4,0,16,1,1,3811324.506980794,3674442,22.592567921,116.782896996,30.159740397,30.737003803,159908.000000000,4
independent_after,2,seeded-sync,5,2,32768,4,0,16,1,1,8220312.250000000,3720297,22.592567921,116.782896996,250.000000000,80.000000000,159908.000000000,0
independent_after,2,learned-sync,5,2,32768,4,0,16,1,1,3811324.506980794,3720297,22.592567921,116.782896996,30.159740397,30.737003803,159908.000000000,4
independent_after,2,seeded-sync,6,2,32768,4,0,16,1,1,8220312.250000000,3561822,22.592567921,116.782896996,250.000000000,80.000000000,159908.000000000,0
independent_after,2,learned-sync,6,2,32768,4,0,16,1,1,3811324.506980794,3561822,22.592567921,116.782896996,30.159740397,30.737003803,159908.000000000,4
dependent_compute,2,seeded-sync,0,8,32768,1,16,0,0,1,5584594.484375000,9873507,116.707870007,0.000000000,250.000000000,80.000000000,408631.000000000,0
dependent_compute,2,learned-sync,0,8,32768,1,16,0,0,1,12213368.767969918,9873507,116.707870007,0.000000000,1896.409384346,51.943712234,408631.000000000,4
dependent_compute,2,seeded-sync,1,8,32768,1,16,0,0,1,5584594.484375000,9106646,116.707870007,0.000000000,250.000000000,80.000000000,408631.000000000,0
dependent_compute,2,learned-sync,1,8,32768,1,16,0,0,1,12213368.767969918,9106646,116.707870007,0.000000000,1896.409384346,51.943712234,408631.000000000,4
dependent_compute,2,seeded-sync,2,8,32768,1,16,0,0,1,5584594.484375000,9031853,116.707870007,0.000000000,250.000000000,80.000000000,408631.000000000,0
dependent_compute,2,learned-sync,2,8,32768,1,16,0,0,1,12213368.767969918,9031853,116.707870007,0.000000000,1896.409384346,51.943712234,408631.000000000,4
dependent_compute,2,seeded-sync,3,8,32768,1,16,0,0,1,5584594.484375000,8790158,116.707870007,0.000000000,250.000000000,80.000000000,408631.000000000,0
dependent_compute,2,learned-sync,3,8,32768,1,16,0,0,1,12213368.767969918,8790158,116.707870007,0.000000000,1896.409384346,51.943712234,408631.000000000,4
dependent_compute,2,seeded-sync,4,8,32768,1,16,0,0,1,5584594.484375000,10275002,116.707870007,0.000000000,250.000000000,80.000000000,408631.000000000,0
dependent_compute,2,learned-sync,4,8,32768,1,16,0,0,1,12213368.767969918,10275002,116.707870007,0.000000000,1896.409384346,51.943712234,408631.000000000,4
dependent_compute,2,seeded-sync,5,8,32768,1,16,0,0,1,5584594.484375000,9393616,116.707870007,0.000000000,250.000000000,80.000000000,408631.000000000,0
dependent_compute,2,learned-sync,5,8,32768,1,16,0,0,1,12213368.767969918,9393616,116.707870007,0.000000000,1896.409384346,51.943712234,408631.000000000,4
dependent_compute,2,seeded-sync,6,8,32768,1,16,0,0,1,5584594.484375000,8842054,116.707870007,0.000000000,250.000000000,80.000000000,408631.000000000,0
dependent_compute,2,learned-sync,6,8,32768,1,16,0,0,1,12213368.767969918,8842054,116.707870007,0.000000000,1896.409384346,51.943712234,408631.000000000,4
independent_after,2,seeded-sync,0,8,32768,4,0,16,1,1,3041473.689453125,1660973,23.613664627,119.356964588,250.000000000,80.000000000,427135.000000000,0
independent_after,2,learned-sync,0,8,32768,4,0,16,1,1,2206602.339454842,1660973,23.613664627,119.356964588,85.503128434,40.670858383,427135.000000000,4
independent_after,2,seeded-sync,1,8,32768,4,0,16,1,1,3041473.689453125,1722237,23.613664627,119.356964588,250.000000000,80.000000000,427135.000000000,0
independent_after,2,learned-sync,1,8,32768,4,0,16,1,1,2206602.339454842,1722237,23.613664627,119.356964588,85.503128434,40.670858383,427135.000000000,4
independent_after,2,seeded-sync,2,8,32768,4,0,16,1,1,3041473.689453125,1659470,23.613664627,119.356964588,250.000000000,80.000000000,427135.000000000,0
independent_after,2,learned-sync,2,8,32768,4,0,16,1,1,2206602.339454842,1659470,23.613664627,119.356964588,85.503128434,40.670858383,427135.000000000,4
independent_after,2,seeded-sync,3,8,32768,4,0,16,1,1,3041473.689453125,1586665,23.613664627,119.356964588,250.000000000,80.000000000,427135.000000000,0
independent_after,2,learned-sync,3,8,32768,4,0,16,1,1,2206602.339454842,1586665,23.613664627,119.356964588,85.503128434,40.670858383,427135.000000000,4
independent_after,2,seeded-sync,4,8,32768,4,0,16,1,1,3041473.689453125,1561147,23.613664627,119.356964588,250.000000000,80.000000000,427135.000000000,0
independent_after,2,learned-sync,4,8,32768,4,0,16,1,1,2206602.339454842,1561147,23.613664627,119.356964588,85.503128434,40.670858383,427135.000000000,4
independent_after,2,seeded-sync,5,8,32768,4,0,16,1,1,3041473.689453125,1764015,23.613664627,119.356964588,250.000000000,80.000000000,427135.000000000,0
independent_after,2,learned-sync,5,8,32768,4,0,16,1,1,2206602.339454842,1764015,23.613664627,119.356964588,85.503128434,40.670858383,427135.000000000,4
independent_after,2,seeded-sync,6,8,32768,4,0,16,1,1,3041473.689453125,1645464,23.613664627,119.356964588,250.000000000,80.000000000,427135.000000000,0
independent_after,2,learned-sync,6,8,32768,4,0,16,1,1,2206602.339454842,1645464,23.613664627,119.356964588,85.503128434,40.670858383,427135.000000000,4
short_many_chains,0,seeded-sync,0,4,20000,64,0,0,0,1,2347595.593750000,773009,24.407779687,0.000000000,250.000000000,80.000000000,209440.000000000,0
short_many_chains,0,learned-sync,0,4,20000,64,0,0,0,1,1062111.128573936,773009,24.407779687,0.000000000,33.655008527,39.248098437,209440.000000000,4
short_many_chains,0,seeded-sync,1,4,20000,64,0,0,0,1,2347595.593750000,823034,24.407779687,0.000000000,250.000000000,80.000000000,209440.000000000,0
short_many_chains,0,learned-sync,1,4,20000,64,0,0,0,1,1062111.128573936,823034,24.407779687,0.000000000,33.655008527,39.248098437,209440.000000000,4
short_many_chains,0,seeded-sync,2,4,20000,64,0,0,0,1,2347595.593750000,960807,24.407779687,0.000000000,250.000000000,80.000000000,209440.000000000,0
short_many_chains,0,learned-sync,2,4,20000,64,0,0,0,1,1062111.128573936,960807,24.407779687,0.000000000,33.655008527,39.248098437,209440.000000000,4
short_many_chains,0,seeded-sync,3,4,20000,64,0,0,0,1,2347595.593750000,789981,24.407779687,0.000000000,250.000000000,80.000000000,209440.000000000,0
short_many_chains,0,learned-sync,3,4,20000,64,0,0,0,1,1062111.128573936,789981,24.407779687,0.000000000,33.655008527,39.248098437,209440.000000000,4
short_many_chains,0,seeded-sync,4,4,20000,64,0,0,0,1,2347595.593750000,828493,24.407779687,0.000000000,250.000000000,80.000000000,209440.000000000,0
short_many_chains,0,learned-sync,4,4,20000,64,0,0,0,1,1062111.128573936,828493,24.407779687,0.000000000,33.655008527,39.248098437,209440.000000000,4
short_many_chains,0,seeded-sync,5,4,20000,64,0,0,0,1,2347595.593750000,917819,24.407779687,0.000000000,250.000000000,80.000000000,209440.000000000,0
short_many_chains,0,learned-sync,5,4,20000,64,0,0,0,1,1062111.128573936,917819,24.407779687,0.000000000,33.655008527,39.248098437,209440.000000000,4
short_many_chains,0,seeded-sync,6,4,20000,64,0,0,0,1,2347595.593750000,974946,24.407779687,0.000000000,250.000000000,80.000000000,209440.000000000,0
short_many_chains,0,learned-sync,6,4,20000,64,0,0,0,1,1062111.128573936,974946,24.407779687,0.000000000,33.655008527,39.248098437,209440.000000000,4
two_streams,1,seeded-sync,0,4,32768,4,0,0,0,2,6410568.796875000,2043104,22.622369289,0.000000000,250.000000000,80.000000000,262559.000000000,0
two_streams,1,learned-sync,0,4,32768,4,0,0,0,2,2041985.705961574,2043104,22.622369289,0.000000000,30.843215162,32.519633293,262559.000000000,4
two_streams,1,seeded-sync,1,4,32768,4,0,0,0,2,6410568.796875000,2017212,22.622369289,0.000000000,250.000000000,80.000000000,262559.000000000,0
two_streams,1,learned-sync,1,4,32768,4,0,0,0,2,2041985.705961574,2017212,22.622369289,0.000000000,30.843215162,32.519633293,262559.000000000,4
two_streams,1,seeded-sync,2,4,32768,4,0,0,0,2,6410568.796875000,2240146,22.622369289,0.000000000,250.000000000,80.000000000,262559.000000000,0
two_streams,1,learned-sync,2,4,32768,4,0,0,0,2,2041985.705961574,2240146,22.622369289,0.000000000,30.843215162,32.519633293,262559.000000000,4
two_streams,1,seeded-sync,3,4,32768,4,0,0,0,2,6410568.796875000,1993497,22.622369289,0.000000000,250.000000000,80.000000000,262559.000000000,0
two_streams,1,learned-sync,3,4,32768,4,0,0,0,2,2041985.705961574,1993497,22.622369289,0.000000000,30.843215162,32.519633293,262559.000000000,4
two_streams,1,seeded-sync,4,4,32768,4,0,0,0,2,6410568.796875000,2030100,22.622369289,0.000000000,250.000000000,80.000000000,262559.000000000,0
two_streams,1,learned-sync,4,4,32768,4,0,0,0,2,2041985.705961574,2030100,22.622369289,0.000000000,30.843215162,32.519633293,262559.000000000,4
two_streams,1,seeded-sync,5,4,32768,4,0,0,0,2,6410568.796875000,2133307,22.622369289,0.000000000,250.000000000,80.000000000,262559.000000000,0
two_streams,1,learned-sync,5,4,32768,4,0,0,0,2,2041985.705961574,2133307,22.622369289,0.000000000,30.843215162,32.519633293,262559.000000000,4
two_streams,1,seeded-sync,6,4,32768,4,0,0,0,2,6410568.796875000,2341780,22.622369289,0.000000000,250.000000000,80.000000000,262559.000000000,0
two_streams,1,learned-sync,6,4,32768,4,0,0,0,2,2041985.705961574,2341780,22.622369289,0.000000000,30.843215162,32.519633293,262559.000000000,4
long_many_chains,2,seeded-sync,0,4,200000,64,0,0,0,1,21255949.875000000,6310481,22.730344375,0.000000000,250.000000000,80.000000000,209881.000000000,0
long_many_chains,2,learned-sync,0,4,200000,64,0,0,0,1,8908634.984426267,6310481,22.730344375,0.000000000,38.832522735,44.221179453,209881.000000000,4
long_many_chains,2,seeded-sync,1,4,200000,64,0,0,0,1,21255949.875000000,6795143,22.730344375,0.000000000,250.000000000,80.000000000,209881.000000000,0
long_many_chains,2,learned-sync,1,4,200000,64,0,0,0,1,8908634.984426267,6795143,22.730344375,0.000000000,38.832522735,44.221179453,209881.000000000,4
long_many_chains,2,seeded-sync,2,4,200000,64,0,0,0,1,21255949.875000000,8227361,22.730344375,0.000000000,250.000000000,80.000000000,209881.000000000,0
long_many_chains,2,learned-sync,2,4,200000,64,0,0,0,1,8908634.984426267,8227361,22.730344375,0.000000000,38.832522735,44.221179453,209881.000000000,4
long_many_chains,2,seeded-sync,3,4,200000,64,0,0,0,1,21255949.875000000,7401941,22.730344375,0.000000000,250.000000000,80.000000000,209881.000000000,0
long_many_chains,2,learned-sync,3,4,200000,64,0,0,0,1,8908634.984426267,7401941,22.730344375,0.000000000,38.832522735,44.221179453,209881.000000000,4
long_many_chains,2,seeded-sync,4,4,200000,64,0,0,0,1,21255949.875000000,6286096,22.730344375,0.000000000,250.000000000,80.000000000,209881.000000000,0
long_many_chains,2,learned-sync,4,4,200000,64,0,0,0,1,8908634.984426267,6286096,22.730344375,0.000000000,38.832522735,44.221179453,209881.000000000,4
long_many_chains,2,seeded-sync,5,4,200000,64,0,0,0,1,21255949.875000000,6834405,22.730344375,0.000000000,250.000000000,80.000000000,209881.000000000,0
long_many_chains,2,learned-sync,5,4,200000,64,0,0,0,1,8908634.984426267,6834405,22.730344375,0.000000000,38.832522735,44.221179453,209881.000000000,4
long_many_chains,2,seeded-sync,6,4,200000,64,0,0,0,1,21255949.875000000,7968699,22.730344375,0.000000000,250.000000000,80.000000000,209881.000000000,0
long_many_chains,2,learned-sync,6,4,200000,64,0,0,0,1,8908634.984426267,7968699,22.730344375,0.000000000,38.832522735,44.221179453,209881.000000000,4
long_many_chains,2,seeded-sync,0,8,200000,64,0,0,0,1,13160159.453125000,4294337,22.471277266,0.000000000,250.000000000,80.000000000,415904.000000000,0
long_many_chains,2,learned-sync,0,8,200000,64,0,0,0,1,7149786.125383873,4294337,22.471277266,0.000000000,39.300585093,50.284481797,415904.000000000,4
long_many_chains,2,seeded-sync,1,8,200000,64,0,0,0,1,13160159.453125000,4566975,22.471277266,0.000000000,250.000000000,80.000000000,415904.000000000,0
long_many_chains,2,learned-sync,1,8,200000,64,0,0,0,1,7149786.125383873,4566975,22.471277266,0.000000000,39.300585093,50.284481797,415904.000000000,4
long_many_chains,2,seeded-sync,2,8,200000,64,0,0,0,1,13160159.453125000,4365599,22.471277266,0.000000000,250.000000000,80.000000000,415904.000000000,0
long_many_chains,2,learned-sync,2,8,200000,64,0,0,0,1,7149786.125383873,4365599,22.471277266,0.000000000,39.300585093,50.284481797,415904.000000000,4
long_many_chains,2,seeded-sync,3,8,200000,64,0,0,0,1,13160159.453125000,4464573,22.471277266,0.000000000,250.000000000,80.000000000,415904.000000000,0
long_many_chains,2,learned-sync,3,8,200000,64,0,0,0,1,7149786.125383873,4464573,22.471277266,0.000000000,39.300585093,50.284481797,415904.000000000,4
long_many_chains,2,seeded-sync,4,8,200000,64,0,0,0,1,13160159.453125000,4334291,22.471277266,0.000000000,250.000000000,80.000000000,415904.000000000,0
long_many_chains,2,learned-sync,4,8,200000,64,0,0,0,1,7149786.125383873,4334291,22.471277266,0.000000000,39.300585093,50.284481797,415904.000000000,4
long_many_chains,2,seeded-sync,5,8,200000,64,0,0,0,1,13160159.453125000,4468131,22.471277266,0.000000000,250.000000000,80.000000000,415904.000000000,0
long_many_chains,2,learned-sync,5,8,200000,64,0,0,0,1,7149786.125383873,4468131,22.471277266,0.000000000,39.300585093,50.284481797,415904.000000000,4
long_many_chains,2,seeded-sync,6,8,200000,64,0,0,0,1,13160159.453125000,4332698,22.471277266,0.000000000,250.000000000,80.000000000,415904.000000000,0
long_many_chains,2,learned-sync,6,8,200000,64,0,0,0,1,7149786.125383873,4332698,22.471277266,0.000000000,39.300585093,50.284481797,415904.000000000,4
large_arrays,0,seeded-sync,0,6,1000000,64,0,0,0,1,77718512.187500000,28577152,22.400530187,0.000000000,250.000000000,80.000000000,317872.000000000,0
large_arrays,0,learned-sync,0,6,1000000,64,0,0,0,1,37266074.007712513,28577152,22.400530187,0.000000000,41.665374021,45.620482328,317872.000000000,4
large_arrays,0,seeded-sync,1,6,1000000,64,0,0,0,1,77718512.187500000,28108730,22.400530187,0.000000000,250.000000000,80.000000000,317872.000000000,0
large_arrays,0,learned-sync,1,6,1000000,64,0,0,0,1,37266074.007712513,28108730,22.400530187,0.000000000,41.665374021,45.620482328,317872.000000000,4
large_arrays,0,seeded-sync,2,6,1000000,64,0,0,0,1,77718512.187500000,26957237,22.400530187,0.000000000,250.000000000,80.000000000,317872.000000000,0
large_arrays,0,learned-sync,2,6,1000000,64,0,0,0,1,37266074.007712513,26957237,22.400530187,0.000000000,41.665374021,45.620482328,317872.000000000,4
large_arrays,0,seeded-sync,3,6,1000000,64,0,0,0,1,77718512.187500000,25900698,22.400530187,0.000000000,250.000000000,80.000000000,317872.000000000,0
large_arrays,0,learned-sync,3,6,1000000,64,0,0,0,1,37266074.007712513,25900698,22.400530187,0.000000000,41.665374021,45.620482328,317872.000000000,4
large_arrays,0,seeded-sync,4,6,1000000,64,0,0,0,1,77718512.187500000,28283488,22.400530187,0.000000000,250.000000000,80.000000000,317872.000000000,0
large_arrays,0,learned-sync,4,6,1000000,64,0,0,0,1,37266074.007712513,28283488,22.400530187,0.000000000,41.665374021,45.620482328,317872.000000000,4
large_arrays,0,seeded-sync,5,6,1000000,64,0,0,0,1,77718512.187500000,28925028,22.400530187,0.000000000,250.000000000,80.000000000,317872.000000000,0
large_arrays,0,learned-sync,5,6,1000000,64,0,0,0,1,37266074.007712513,28925028,22.400530187,0.000000000,41.665374021,45.620482328,317872.000000000,4
large_arrays,0,seeded-sync,6,6,1000000,64,0,0,0,1,77718512.187500000,28377671,22.400530187,0.000000000,250.000000000,80.000000000,317872.000000000,0
large_arrays,0,learned-sync,6,6,1000000,64,0,0,0,1,37266074.007712513,28377671,22.400530187,0.000000000,41.665374021,45.620482328,317872.000000000,4
long_four_chains,2,seeded-sync,0,3,200000,4,0,0,0,1,26707649.640625000,11097739,22.521003203,0.000000000,250.000000000,80.000000000,203339.000000000,0
long_four_chains,2,learned-sync,0,3,200000,4,0,0,0,1,12056539.102383340,11097739,22.521003203,0.000000000,59.533802317,50.700638438,203339.000000000,4
long_four_chains,2,seeded-sync,1,3,200000,4,0,0,0,1,26707649.640625000,11027083,22.521003203,0.000000000,250.000000000,80.000000000,203339.000000000,0
long_four_chains,2,learned-sync,1,3,200000,4,0,0,0,1,12056539.102383340,11027083,22.521003203,0.000000000,59.533802317,50.700638438,203339.000000000,4
long_four_chains,2,seeded-sync,2,3,200000,4,0,0,0,1,26707649.640625000,11157317,22.521003203,0.000000000,250.000000000,80.000000000,203339.000000000,0
long_four_chains,2,learned-sync,2,3,200000,4,0,0,0,1,12056539.102383340,11157317,22.521003203,0.000000000,59.533802317,50.700638438,203339.000000000,4
long_four_chains,2,seeded-sync,3,3,200000,4,0,0,0,1,26707649.640625000,12957598,22.521003203,0.000000000,250.000000000,80.000000000,203339.000000000,0
long_four_chains,2,learned-sync,3,3,200000,4,0,0,0,1,12056539.102383340,12957598,22.521003203,0.000000000,59.533802317,50.700638438,203339.000000000,4
long_four_chains,2,seeded-sync,4,3,200000,4,0,0,0,1,26707649.640625000,12598278,22.521003203,0.000000000,250.000000000,80.000000000,203339.000000000,0
long_four_chains,2,learned-sync,4,3,200000,4,0,0,0,1,12056539.102383340,12598278,22.521003203,0.000000000,59.533802317,50.700638438,203339.000000000,4
long_four_chains,2,seeded-sync,5,3,200000,4,0,0,0,1,26707649.640625000,12005666,22.521003203,0.000000000,250.000000000,80.000000000,203339.000000000,0
long_four_chains,2,learned-sync,5,3,200000,4,0,0,0,1,12056539.102383340,12005666,22.521003203,0.000000000,59.533802317,50.700638438,203339.000000000,4
long_four_chains,2,seeded-sync,6,3,200000,4,0,0,0,1,26707649.640625000,11773412,22.521003203,0.000000000,250.000000000,80.000000000,203339.000000000,0
long_four_chains,2,learned-sync,6,3,200000,4,0,0,0,1,12056539.102383340,11773412,22.521003203,0.000000000,59.533802317,50.700638438,203339.000000000,4
long_four_chains,1,seeded-sync,0,5,200000,4,0,0,0,1,17984448.671875000,7412081,22.684088359,0.000000000,250.000000000,80.000000000,247631.000000000,0
long_four_chains,1,learned-sync,0,5,200000,4,0,0,0,1,9564270.146173548,7412081,22.684088359,0.000000000,70.288185686,49.207351172,247631.000000000,4
long_four_chains,1,seeded-sync,1,5,200000,4,0,0,0,1,17984448.671875000,7922377,22.684088359,0.000000000,250.000000000,80.000000000,247631.000000000,0
long_four_chains,1,learned-sync,1,5,200000,4,0,0,0,1,9564270.146173548,7922377,22.684088359,0.000000000,70.288185686,49.207351172,247631.000000000,4
long_four_chains,1,seeded-sync,2,5,200000,4,0,0,0,1,17984448.671875000,7923957,22.684088359,0.000000000,250.000000000,80.000000000,247631.000000000,0
long_four_chains,1,learned-sync,2,5,200000,4,0,0,0,1,9564270.146173548,7923957,22.684088359,0.000000000,70.288185686,49.207351172,247631.000000000,4
long_four_chains,1,seeded-sync,3,5,200000,4,0,0,0,1,17984448.671875000,8117578,22.684088359,0.000000000,250.000000000,80.000000000,247631.000000000,0
long_four_chains,1,learned-sync,3,5,200000,4,0,0,0,1,9564270.146173548,8117578,22.684088359,0.000000000,70.288185686,49.207351172,247631.000000000,4
long_four_chains,1,seeded-sync,4,5,200000,4,0,0,0,1,17984448.671875000,8443878,22.684088359,0.000000000,250.000000000,80.000000000,247631.000000000,0
long_four_chains,1,learned-sync,4,5,200000,4,0,0,0,1,9564270.146173548,8443878,22.684088359,0.000000000,70.288185686,49.207351172,247631.000000000,4
long_four_chains,1,seeded-sync,5,5,200000,4,0,0,0,1,17984448.671875000,32282623,22.684088359,0.000000000,250.000000000,80.000000000,247631.000000000,0
long_four_chains,1,learned-sync,5,5,200000,4,0,0,0,1,9564270.146173548,32282623,22.684088359,0.000000000,70.288185686,49.207351172,247631.000000000,4
long_four_chains,1,seeded-sync,6,5,200000,4,0,0,0,1,17984448.671875000,14551668,22.684088359,0.000000000,250.000000000,80.000000000,247631.000000000,0
long_four_chains,1,learned-sync,6,5,200000,4,0,0,0,1,9564270.146173548,14551668,22.684088359,0.000000000,70.288185686,49.207351172,247631.000000000,4
short_four_chains,0,seeded-sync,0,5,20000,4,0,0,0,1,2036432.453125000,925099,21.243322656,0.000000000,250.000000000,80.000000000,291566.000000000,0
short_four_chains,0,learned-sync,0,5,20000,4,0,0,0,1,1212938.296388028,925099,21.243322656,0.000000000,76.405641285,47.720819531,291566.000000000,4
short_four_chains,0,seeded-sync,1,5,20000,4,0,0,0,1,2036432.453125000,947875,21.243322656,0.000000000,250.000000000,80.000000000,291566.000000000,0
short_four_chains,0,learned-sync,1,5,20000,4,0,0,0,1,1212938.296388028,947875,21.243322656,0.000000000,76.405641285,47.720819531,291566.000000000,4
short_four_chains,0,seeded-sync,2,5,20000,4,0,0,0,1,2036432.453125000,1014641,21.243322656,0.000000000,250.000000000,80.000000000,291566.000000000,0
short_four_chains,0,learned-sync,2,5,20000,4,0,0,0,1,1212938.296388028,1014641,21.243322656,0.000000000,76.405641285,47.720819531,291566.000000000,4
short_four_chains,0,seeded-sync,3,5,20000,4,0,0,0,1,2036432.453125000,1039057,21.243322656,0.000000000,250.000000000,80.000000000,291566.000000000,0
short_four_chains,0,learned-sync,3,5,20000,4,0,0,0,1,1212938.296388028,1039057,21.243322656,0.000000000,76.405641285,47.720819531,291566.000000000,4
short_four_chains,0,seeded-sync,4,5,20000,4,0,0,0,1,2036432.453125000,984917,21.243322656,0.000000000,250.000000000,80.000000000,291566.000000000,0
short_four_chains,0,learned-sync,4,5,20000,4,0,0,0,1,1212938.296388028,984917,21.243322656,0.000000000,76.405641285,47.720819531,291566.000000000,4
short_four_chains,0,seeded-sync,5,5,20000,4,0,0,0,1,2036432.453125000,985712,21.243322656,0.000000000,250.000000000,80.000000000,291566.000000000,0
short_four_chains,0,learned-sync,5,5,20000,4,0,0,0,1,1212938.296388028,985712,21.243322656,0.000000000,76.405641285,47.720819531,291566.000000000,4
short_four_chains,0,seeded-sync,6,5,20000,4,0,0,0,1,2036432.453125000,1114056,21.243322656,0.000000000,250.000000000,80.000000000,291566.000000000,0
short_four_chains,0,learned-sync,6,5,20000,4,0,0,0,1,1212938.296388028,1114056,21.243322656,0.000000000,76.405641285,47.720819531,291566.000000000,4
long_chain,1,seeded-sync,0,8,200000,1,0,0,0,1,12794406.187500000,35054269,20.843260938,0.000000000,250.000000000,80.000000000,375754.000000000,0
long_chain,1,learned-sync,0,8,200000,1,0,0,0,1,39429291.843763337,35054269,20.843260938,0.000000000,1346.265731719,49.129694531,375754.000000000,4
long_chain,1,seeded-sync,1,8,200000,1,0,0,0,1,12794406.187500000,35207746,20.843260938,0.000000000,250.000000000,80.000000000,375754.000000000,0
long_chain,1,learned-sync,1,8,200000,1,0,0,0,1,39429291.843763337,35207746,20.843260938,0.000000000,1346.265731719,49.129694531,375754.000000000,4
long_chain,1,seeded-sync,2,8,200000,1,0,0,0,1,12794406.187500000,35782281,20.843260938,0.000000000,250.000000000,80.000000000,375754.000000000,0
long_chain,1,learned-sync,2,8,200000,1,0,0,0,1,39429291.843763337,35782281,20.843260938,0.000000000,1346.265731719,49.129694531,375754.000000000,4
long_chain,1,seeded-sync,3,8,200000,1,0,0,0,1,12794406.187500000,41067982,20.843260938,0.000000000,250.000000000,80.000000000,375754.000000000,0
long_chain,1,learned-sync,3,8,200000,1,0,0,0,1,39429291.843763337,41067982,20.843260938,0.000000000,1346.265731719,49.129694531,375754.000000000,4
long_chain,1,seeded-sync,4,8,200000,1,0,0,0,1,12794406.187500000,36952399,20.843260938,0.000000000,250.000000000,80.000000000,375754.000000000,0
long_chain,1,learned-sync,4,8,200000,1,0,0,0,1,39429291.843763337,36952399,20.843260938,0.000000000,1346.265731719,49.129694531,375754.000000000,4
long_chain,1,seeded-sync,5,8,200000,1,0,0,0,1,12794406.187500000,36958019,20.843260938,0.000000000,250.000000000,80.000000000,375754.000000000,0
long_chain,1,learned-sync,5,8,200000,1,0,0,0,1,39429291.843763337,36958019,20.843260938,0.000000000,1346.265731719,49.129694531,375754.000000000,4
long_chain,1,seeded-sync,6,8,200000,1,0,0,0,1,12794406.187500000,35635634,20.843260938,0.000000000,250.000000000,80.000000000,375754.000000000,0
long_chain,1,learned-sync,6,8,200000,1,0,0,0,1,39429291.843763337,35635634,20.843260938,0.000000000,1346.265731719,49.129694531,375754.000000000,4
long_four_chains,2,seeded-sync,0,6,200000,4,0,0,0,1,15456291.125000000,6943424,20.834375625,0.000000000,250.000000000,80.000000000,289196.000000000,0
long_four_chains,2,learned-sync,0,6,200000,4,0,0,0,1,8187086.659379278,6943424,20.834375625,0.000000000,65.592091451,46.336136016,289196.000000000,4
long_four_chains,2,seeded-sync,1,6,200000,4,0,0,0,1,15456291.125000000,6613662,20.834375625,0.000000000,250.000000000,80.000000000,289196.000000000,0
long_four_chains,2,learned-sync,1,6,200000,4,0,0,0,1,8187086.659379278,6613662,20.834375625,0.000000000,65.592091451,46.336136016,289196.000000000,4
long_four_chains,2,seeded-sync,2,6,200000,4,0,0,0,1,15456291.125000000,6896670,20.834375625,0.000000000,250.000000000,80.000000000,289196.000000000,0
long_four_chains,2,learned-sync,2,6,200000,4,0,0,0,1,8187086.659379278,6896670,20.834375625,0.000000000,65.592091451,46.336136016,289196.000000000,4
long_four_chains,2,seeded-sync,3,6,200000,4,0,0,0,1,15456291.125000000,6054647,20.834375625,0.000000000,250.000000000,80.000000000,289196.000000000,0
long_four_chains,2,learned-sync,3,6,200000,4,0,0,0,1,8187086.659379278,6054647,20.834375625,0.000000000,65.592091451,46.336136016,289196.000000000,4
long_four_chains,2,seeded-sync,4,6,200000,4,0,0,0,1,15456291.125000000,6678325,20.834375625,0.000000000,250.000000000,80.000000000,289196.000000000,0
long_four_chains,2,learned-sync,4,6,200000,4,0,0,0,1,8187086.659379278,6678325,20.834375625,0.000000000,65.592091451,46.336136016,289196.000000000,4
long_four_chains,2,seeded-sync,5,6,200000,4,0,0,0,1,15456291.125000000,7096280,20.834375625,0.000000000,250.000000000,80.000000000,289196.000000000,0
long_four_chains,2,learned-sync,5,6,200000,4,0,0,0,1,8187086.659379278,7096280,20.834375625,0.000000000,65.592091451,46.336136016,289196.000000000,4
long_four_chains,2,seeded-sync,6,6,200000,4,0,0,0,1,15456291.125000000,8468837,20.834375625,0.000000000,250.000000000,80.000000000,289196.000000000,0
long_four_chains,2,learned-sync,6,6,200000,4,0,0,0,1,8187086.659379278,8468837,20.834375625,0.000000000,65.592091451,46.336136016,289196.000000000,4
long_many_chains,0,seeded-sync,0,5,200000,64,0,0,0,1,17769565.781250000,5959701,21.512643906,0.000000000,250.000000000,80.000000000,267037.000000000,0
long_many_chains,0,learned-sync,0,5,200000,64,0,0,0,1,7975120.939493638,5959701,21.512643906,0.000000000,43.432284659,41.706594297,267037.000000000,4
long_many_chains,0,seeded-sync,1,5,200000,64,0,0,0,1,17769565.781250000,5977644,21.512643906,0.000000000,250.000000000,80.000000000,267037.000000000,0
long_many_chains,0,learned-sync,1,5,200000,64,0,0,0,1,7975120.939493638,5977644,21.512643906,0.000000000,43.432284659,41.706594297,267037.000000000,4
long_many_chains,0,seeded-sync,2,5,200000,64,0,0,0,1,17769565.781250000,5682208,21.512643906,0.000000000,250.000000000,80.000000000,267037.000000000,0
long_many_chains,0,learned-sync,2,5,200000,64,0,0,0,1,7975120.939493638,5682208,21.512643906,0.000000000,43.432284659,41.706594297,267037.000000000,4
long_many_chains,0,seeded-sync,3,5,200000,64,0,0,0,1,17769565.781250000,5819387,21.512643906,0.000000000,250.000000000,80.000000000,267037.000000000,0
long_many_chains,0,learned-sync,3,5,200000,64,0,0,0,1,7975120.939493638,5819387,21.512643906,0.000000000,43.432284659,41.706594297,267037.000000000,4
long_many_chains,0,seeded-sync,4,5,200000,64,0,0,0,1,17769565.781250000,5743767,21.512643906,0.000000000,250.000000000,80.000000000,267037.000000000,0
long_many_chains,0,learned-sync,4,5,200000,64,0,0,0,1,7975120.939493638,5743767,21.512643906,0.000000000,43.432284659,41.706594297,267037.000000000,4
long_many_chains,0,seeded-sync,5,5,200000,64,0,0,0,1,17769565.781250000,6079810,21.512643906,0.000000000,250.000000000,80.000000000,267037.000000000,0
long_many_chains,0,learned-sync,5,5,200000,64,0,0,0,1,7975120.939493638,6079810,21.512643906,0.000000000,43.432284659,41.706594297,267037.000000000,4
long_many_chains,0,seeded-sync,6,5,200000,64,0,0,0,1,17769565.781250000,7235953,21.512643906,0.000000000,250.000000000,80.000000000,267037.000000000,0
long_many_chains,0,learned-sync,6,5,200000,64,0,0,0,1,7975120.939493638,7235953,21.512643906,0.000000000,43.432284659,41.706594297,267037.000000000,4
two_streams,1,seeded-sync,0,6,32768,4,0,0,0,2,4643195.187500000,1910325,21.181035995,0.000000000,250.000000000,80.000000000,344215.000000000,0
two_streams,1,learned-sync,0,6,32768,4,0,0,0,2,2110361.435959816,1910325,21.181035995,0.000000000,54.987303614,43.153143883,344215.000000000,4
two_streams,1,seeded-sync,1,6,32768,4,0,0,0,2,4643195.187500000,1946022,21.181035995,0.000000000,250.000000000,80.000000000,344215.000000000,0
two_streams,1,learned-sync,1,6,32768,4,0,0,0,2,2110361.435959816,1946022,21.181035995,0.000000000,54.987303614,43.153143883,344215.000000000,4
two_streams,1,seeded-sync,2,6,32768,4,0,0,0,2,4643195.187500000,1914439,21.181035995,0.000000000,250.000000000,80.000000000,344215.000000000,0
two_streams,1,learned-sync,2,6,32768,4,0,0,0,2,2110361.435959816,1914439,21.181035995,0.000000000,54.987303614,43.153143883,344215.000000000,4
two_streams,1,seeded-sync,3,6,32768,4,0,0,0,2,4643195.187500000,2171548,21.181035995,0.000000000,250.000000000,80.000000000,344215.000000000,0
two_streams,1,learned-sync,3,6,32768,4,0,0,0,2,2110361.435959816,2171548,21.181035995,0.000000000,54.987303614,43.153143883,344215.000000000,4
two_streams,1,seeded-sync,4,6,32768,4,0,0,0,2,4643195.187500000,2076156,21.181035995,0.000000000,250.000000000,80.000000000,344215.000000000,0
two_streams,1,learned-sync,4,6,32768,4,0,0,0,2,2110361.435959816,2076156,21.181035995,0.000000000,54.987303614,43.153143883,344215.000000000,4
two_streams,1,seeded-sync,5,6,32768,4,0,0,0,2,4643195.187500000,2214831,21.181035995,0.000000000,250.000000000,80.000000000,344215.000000000,0
two_streams,1,learned-sync,5,6,32768,4,0,0,0,2,2110361.435959816,2214831,21.181035995,0.000000000,54.987303614,43.153143883,344215.000000000,4
two_streams,1,seeded-sync,6,6,32768,4,0,0,0,2,4643195.187500000,2120845,21.181035995,0.000000000,250.000000000,80.000000000,344215.000000000,0
two_streams,1,learned-sync,6,6,32768,4,0,0,0,2,2110361.435959816,2120845,21.181035995,0.000000000,54.987303614,43.153143883,344215.000000000,4
tiny_chain,2,seeded-sync,0,7,257,1,0,0,0,1,411936.609375000,476023,20.239725195,0.000000000,250.000000000,80.000000000,394525.000000000,0
tiny_chain,2,learned-sync,0,7,257,1,0,0,0,1,597261.493200161,476023,20.239725195,0.000000000,5292.516113281,46.264530642,394525.000000000,4
tiny_chain,2,seeded-sync,1,7,257,1,0,0,0,1,411936.609375000,494486,20.239725195,0.000000000,250.000000000,80.000000000,394525.000000000,0
tiny_chain,2,learned-sync,1,7,257,1,0,0,0,1,597261.493200161,494486,20.239725195,0.000000000,5292.516113281,46.264530642,394525.000000000,4
tiny_chain,2,seeded-sync,2,7,257,1,0,0,0,1,411936.609375000,475503,20.239725195,0.000000000,250.000000000,80.000000000,394525.000000000,0
tiny_chain,2,learned-sync,2,7,257,1,0,0,0,1,597261.493200161,475503,20.239725195,0.000000000,5292.516113281,46.264530642,394525.000000000,4
tiny_chain,2,seeded-sync,3,7,257,1,0,0,0,1,411936.609375000,481321,20.239725195,0.000000000,250.000000000,80.000000000,394525.000000000,0
tiny_chain,2,learned-sync,3,7,257,1,0,0,0,1,597261.493200161,481321,20.239725195,0.000000000,5292.516113281,46.264530642,394525.000000000,4
tiny_chain,2,seeded-sync,4,7,257,1,0,0,0,1,411936.609375000,474934,20.239725195,0.000000000,250.000000000,80.000000000,394525.000000000,0
tiny_chain,2,learned-sync,4,7,257,1,0,0,0,1,597261.493200161,474934,20.239725195,0.000000000,5292.516113281,46.264530642,394525.000000000,4
tiny_chain,2,seeded-sync,5,7,257,1,0,0,0,1,411936.609375000,465827,20.239725195,0.000000000,250.000000000,80.000000000,394525.000000000,0
tiny_chain,2,learned-sync,5,7,257,1,0,0,0,1,597261.493200161,465827,20.239725195,0.000000000,5292.516113281,46.264530642,394525.000000000,4
tiny_chain,2,seeded-sync,6,7,257,1,0,0,0,1,411936.609375000,470646,20.239725195,0.000000000,250.000000000,80.000000000,394525.000000000,0
tiny_chain,2,learned-sync,6,7,257,1,0,0,0,1,597261.493200161,470646,20.239725195,0.000000000,5292.516113281,46.264530642,394525.000000000,4
uneven,1,seeded-sync,0,5,8193,3,4,8,0,1,1291855.492878830,645876,42.863885329,73.747822074,250.000000000,80.000000000,278929.000000000,0
uneven,1,learned-sync,0,5,8193,3,4,8,0,1,1078474.510520284,645876,42.863885329,73.747822074,141.963186813,57.847074103,278929.000000000,4
uneven,1,seeded-sync,1,5,8193,3,4,8,0,1,1291855.492878830,679131,42.863885329,73.747822074,250.000000000,80.000000000,278929.000000000,0
uneven,1,learned-sync,1,5,8193,3,4,8,0,1,1078474.510520284,679131,42.863885329,73.747822074,141.963186813,57.847074103,278929.000000000,4
uneven,1,seeded-sync,2,5,8193,3,4,8,0,1,1291855.492878830,690601,42.863885329,73.747822074,250.000000000,80.000000000,278929.000000000,0
uneven,1,learned-sync,2,5,8193,3,4,8,0,1,1078474.510520284,690601,42.863885329,73.747822074,141.963186813,57.847074103,278929.000000000,4
uneven,1,seeded-sync,3,5,8193,3,4,8,0,1,1291855.492878830,728833,42.863885329,73.747822074,250.000000000,80.000000000,278929.000000000,0
uneven,1,learned-sync,3,5,8193,3,4,8,0,1,1078474.510520284,728833,42.863885329,73.747822074,141.963186813,57.847074103,278929.000000000,4
uneven,1,seeded-sync,4,5,8193,3,4,8,0,1,1291855.492878830,653599,42.863885329,73.747822074,250.000000000,80.000000000,278929.000000000,0
uneven,1,learned-sync,4,5,8193,3,4,8,0,1,1078474.510520284,653599,42.863885329,73.747822074,141.963186813,57.847074103,278929.000000000,4
uneven,1,seeded-sync,5,5,8193,3,4,8,0,1,1291855.492878830,670654,42.863885329,73.747822074,250.000000000,80.000000000,278929.000000000,0
uneven,1,learned-sync,5,5,8193,3,4,8,0,1,1078474.510520284,670654,42.863885329,73.747822074,141.963186813,57.847074103,278929.000000000,4
uneven,1,seeded-sync,6,5,8193,3,4,8,0,1,1291855.492878830,653976,42.863885329,73.747822074,250.000000000,80.000000000,278929.000000000,0
uneven,1,learned-sync,6,5,8193,3,4,8,0,1,1078474.510520284,653976,42.863885329,73.747822074,141.963186813,57.847074103,278929.000000000,4
independent_after,1,seeded-sync,0,5,32768,4,0,16,1,1,3845308.004980087,2014139,21.193830967,108.895262718,250.000000000,80.000000000,274309.000000000,0
independent_after,1,learned-sync,0,5,32768,4,0,16,1,1,2566706.942222445,2014139,21.193830967,108.895262718,90.320587669,44.592280388,274309.000000000,4
independent_after,1,seeded-sync,1,5,32768,4,0,16,1,1,3845308.004980087,2159589,21.193830967,108.895262718,250.000000000,80.000000000,274309.000000000,0
independent_after,1,learned-sync,1,5,32768,4,0,16,1,1,2566706.942222445,2159589,21.193830967,108.895262718,90.320587669,44.592280388,274309.000000000,4
independent_after,1,seeded-sync,2,5,32768,4,0,16,1,1,3845308.004980087,2037262,21.193830967,108.895262718,250.000000000,80.000000000,274309.000000000,0
independent_after,1,learned-sync,2,5,32768,4,0,16,1,1,2566706.942222445,2037262,21.193830967,108.895262718,90.320587669,44.592280388,274309.000000000,4
independent_after,1,seeded-sync,3,5,32768,4,0,16,1,1,3845308.004980087,2008940,21.193830967,108.895262718,250.000000000,80.000000000,274309.000000000,0
independent_after,1,learned-sync,3,5,32768,4,0,16,1,1,2566706.942222445,2008940,21.193830967,108.895262718,90.320587669,44.592280388,274309.000000000,4
independent_after,1,seeded-sync,4,5,32768,4,0,16,1,1,3845308.004980087,1920454,21.193830967,108.895262718,250.000000000,80.000000000,274309.000000000,0
independent_after,1,learned-sync,4,5,32768,4,0,16,1,1,2566706.942222445,1920454,21.193830967,108.895262718,90.320587669,44.592280388,274309.000000000,4
independent_after,1,seeded-sync,5,5,32768,4,0,16,1,1,3845308.004980087,2312722,21.193830967,108.895262718,250.000000000,80.000000000,274309.000000000,0
independent_after,1,learned-sync,5,5,32768,4,0,16,1,1,2566706.942222445,2312722,21.193830967,108.895262718,90.320587669,44.592280388,274309.000000000,4
independent_after,1,seeded-sync,6,5,32768,4,0,16,1,1,3845308.004980087,2330609,21.193830967,108.895262718,250.000000000,80.000000000,274309.000000000,0
independent_after,1,learned-sync,6,5,32768,4,0,16,1,1,2566706.942222445,2330609,21.193830967,108.895262718,90.320587669,44.592280388,274309.000000000,4
independent_after,0,seeded-sync,0,5,32768,4,0,16,1,1,3833657.052700996,2234824,21.290840626,108.334877491,250.000000000,80.000000000,263152.000000000,0
independent_after,0,learned-sync,0,5,32768,4,0,16,1,1,2397037.844540202,2234824,21.290840626,108.334877491,66.377519438,44.425164700,263152.000000000,4
independent_after,0,seeded-sync,1,5,32768,4,0,16,1,1,3833657.052700996,2165404,21.290840626,108.334877491,250.000000000,80.000000000,263152.000000000,0
independent_after,0,learned-sync,1,5,32768,4,0,16,1,1,2397037.844540202,2165404,21.290840626,108.334877491,66.377519438,44.425164700,263152.000000000,4
independent_after,0,seeded-sync,2,5,32768,4,0,16,1,1,3833657.052700996,1901748,21.290840626,108.334877491,250.000000000,80.000000000,263152.000000000,0
independent_after,0,learned-sync,2,5,32768,4,0,16,1,1,2397037.844540202,1901748,21.290840626,108.334877491,66.377519438,44.425164700,263152.000000000,4
independent_after,0,seeded-sync,3,5,32768,4,0,16,1,1,3833657.052700996,1952285,21.290840626,108.334877491,250.000000000,80.000000000,263152.000000000,0
independent_after,0,learned-sync,3,5,32768,4,0,16,1,1,2397037.844540202,1952285,21.290840626,108.334877491,66.377519438,44.425164700,263152.000000000,4
independent_after,0,seeded-sync,4,5,32768,4,0,16,1,1,3833657.052700996,1885152,21.290840626,108.334877491,250.000000000,80.000000000,263152.000000000,0
independent_after,0,learned-sync,4,5,32768,4,0,16,1,1,2397037.844540202,1885152,21.290840626,108.334877491,66.377519438,44.425164700,263152.000000000,4
independent_after,0,seeded-sync,5,5,32768,4,0,16,1,1,3833657.052700996,1934992,21.290840626,108.334877491,250.000000000,80.000000000,263152.000000000,0
independent_after,0,learned-sync,5,5,32768,4,0,16,1,1,2397037.844540202,1934992,21.290840626,108.334877491,66.377519438,44.425164700,263152.000000000,4
independent_after,0,seeded-sync,6,5,32768,4,0,16,1,1,3833657.052700996,2187637,21.290840626,108.334877491,250.000000000,80.000000000,263152.000000000,0
independent_after,0,learned-sync,6,5,32768,4,0,16,1,1,2397037.844540202,2187637,21.290840626,108.334877491,66.377519438,44.425164700,263152.000000000,4
dependent_compute,1,seeded-sync,0,4,32768,1,16,0,0,1,6517645.765625000,7227285,110.033409595,0.000000000,250.000000000,80.000000000,208711.000000000,0
dependent_compute,1,learned-sync,0,4,32768,1,16,0,0,1,9820511.202669725,7227285,110.033409595,0.000000000,684.748178903,48.433637142,208711.000000000,4
dependent_compute,1,seeded-sync,1,4,32768,1,16,0,0,1,6517645.765625000,7424396,110.033409595,0.000000000,250.000000000,80.000000000,208711.000000000,0
dependent_compute,1,learned-sync,1,4,32768,1,16,0,0,1,9820511.202669725,7424396,110.033409595,0.000000000,684.748178903,48.433637142,208711.000000000,4
dependent_compute,1,seeded-sync,2,4,32768,1,16,0,0,1,6517645.765625000,7418418,110.033409595,0.000000000,250.000000000,80.000000000,208711.000000000,0
dependent_compute,1,learned-sync,2,4,32768,1,16,0,0,1,9820511.202669725,7418418,110.033409595,0.000000000,684.748178903,48.433637142,208711.000000000,4
dependent_compute,1,seeded-sync,3,4,32768,1,16,0,0,1,6517645.765625000,7209626,110.033409595,0.000000000,250.000000000,80.000000000,208711.000000000,0
dependent_compute,1,learned-sync,3,4,32768,1,16,0,0,1,9820511.202669725,7209626,110.033409595,0.000000000,684.748178903,48.433637142,208711.000000000,4
dependent_compute,1,seeded-sync,4,4,32768,1,16,0,0,1,6517645.765625000,7254505,110.033409595,0.000000000,250.000000000,80.000000000,208711.000000000,0
dependent_compute,1,learned-sync,4,4,32768,1,16,0,0,1,9820511.202669725,7254505,110.033409595,0.000000000,684.748178903,48.433637142,208711.000000000,4
dependent_compute,1,seeded-sync,5,4,32768,1,16,0,0,1,6517645.765625000,7806569,110.033409595,0.000000000,250.000000000,80.000000000,208711.000000000,0
dependent_compute,1,learned-sync,5,4,32768,1,16,0,0,1,9820511.202669725,7806569,110.033409595,0.000000000,684.748178903,48.433637142,208711.000000000,4
dependent_compute,1,seeded-sync,6,4,32768,1,16,0,0,1,6517645.765625000,7491922,110.033409595,0.000000000,250.000000000,80.000000000,208711.000000000,0
dependent_compute,1,learned-sync,6,4,32768,1,16,0,0,1,9820511.202669725,7491922,110.033409595,0.000000000,684.748178903,48.433637142,208711.000000000,4
independent_before,0,seeded-sync,0,4,32768,4,0,16,0,1,4480915.484375000,1746955,20.551028728,106.740280151,250.000000000,80.000000000,229723.000000000,0
independent_before,0,learned-sync,0,4,32768,4,0,16,0,1,2245652.655618590,1746955,20.551028728,106.740280151,31.175149841,25.965618134,229723.000000000,4
independent_before,0,seeded-sync,1,4,32768,4,0,16,0,1,4480915.484375000,1700348,20.551028728,106.740280151,250.000000000,80.000000000,229723.000000000,0
independent_before,0,learned-sync,1,4,32768,4,0,16,0,1,2245652.655618590,1700348,20.551028728,106.740280151,31.175149841,25.965618134,229723.000000000,4
independent_before,0,seeded-sync,2,4,32768,4,0,16,0,1,4480915.484375000,1890442,20.551028728,106.740280151,250.000000000,80.000000000,229723.000000000,0
independent_before,0,learned-sync,2,4,32768,4,0,16,0,1,2245652.655618590,1890442,20.551028728,106.740280151,31.175149841,25.965618134,229723.000000000,4
independent_before,0,seeded-sync,3,4,32768,4,0,16,0,1,4480915.484375000,1829626,20.551028728,106.740280151,250.000000000,80.000000000,229723.000000000,0
independent_before,0,learned-sync,3,4,32768,4,0,16,0,1,2245652.655618590,1829626,20.551028728,106.740280151,31.175149841,25.965618134,229723.000000000,4
independent_before,0,seeded-sync,4,4,32768,4,0,16,0,1,4480915.484375000,1736072,20.551028728,106.740280151,250.000000000,80.000000000,229723.000000000,0
independent_before,0,learned-sync,4,4,32768,4,0,16,0,1,2245652.655618590,1736072,20.551028728,106.740280151,31.175149841,25.965618134,229723.000000000,4
independent_before,0,seeded-sync,5,4,32768,4,0,16,0,1,4480915.484375000,1742023,20.551028728,106.740280151,250.000000000,80.000000000,229723.000000000,0
independent_before,0,learned-sync,5,4,32768,4,0,16,0,1,2245652.655618590,1742023,20.551028728,106.740280151,31.175149841,25.965618134,229723.000000000,4
independent_before,0,seeded-sync,6,4,32768,4,0,16,0,1,4480915.484375000,1949053,20.551028728,106.740280151,250.000000000,80.000000000,229723.000000000,0
independent_before,0,learned-sync,6,4,32768,4,0,16,0,1,2245652.655618590,1949053,20.551028728,106.740280151,31.175149841,25.965618134,229723.000000000,4
long_many_chains,1,seeded-sync,0,4,200000,64,0,0,0,1,20800228.781250000,6001170,20.414353906,0.000000000,250.000000000,80.000000000,217358.000000000,0
long_many_chains,1,learned-sync,0,4,200000,64,0,0,0,1,7932100.227639094,6001170,20.414353906,0.000000000,35.272284084,37.365144844,217358.000000000,4
long_many_chains,1,seeded-sync,1,4,200000,64,0,0,0,1,20800228.781250000,6044902,20.414353906,0.000000000,250.000000000,80.000000000,217358.000000000,0
long_many_chains,1,learned-sync,1,4,200000,64,0,0,0,1,7932100.227639094,6044902,20.414353906,0.000000000,35.272284084,37.365144844,217358.000000000,4
long_many_chains,1,seeded-sync,2,4,200000,64,0,0,0,1,20800228.781250000,7382931,20.414353906,0.000000000,250.000000000,80.000000000,217358.000000000,0
long_many_chains,1,learned-sync,2,4,200000,64,0,0,0,1,7932100.227639094,7382931,20.414353906,0.000000000,35.272284084,37.365144844,217358.000000000,4
long_many_chains,1,seeded-sync,3,4,200000,64,0,0,0,1,20800228.781250000,6481408,20.414353906,0.000000000,250.000000000,80.000000000,217358.000000000,0
long_many_chains,1,learned-sync,3,4,200000,64,0,0,0,1,7932100.227639094,6481408,20.414353906,0.000000000,35.272284084,37.365144844,217358.000000000,4
long_many_chains,1,seeded-sync,4,4,200000,64,0,0,0,1,20800228.781250000,6067761,20.414353906,0.000000000,250.000000000,80.000000000,217358.000000000,0
long_many_chains,1,learned-sync,4,4,200000,64,0,0,0,1,7932100.227639094,6067761,20.414353906,0.000000000,35.272284084,37.365144844,217358.000000000,4
long_many_chains,1,seeded-sync,5,4,200000,64,0,0,0,1,20800228.781250000,5871182,20.414353906,0.000000000,250.000000000,80.000000000,217358.000000000,0
long_many_chains,1,learned-sync,5,4,200000,64,0,0,0,1,7932100.227639094,5871182,20.414353906,0.000000000,35.272284084,37.365144844,217358.000000000,4
long_many_chains,1,seeded-sync,6,4,200000,64,0,0,0,1,20800228.781250000,7277007,20.414353906,0.000000000,250.000000000,80.000000000,217358.000000000,0
long_many_chains,1,learned-sync,6,4,200000,64,0,0,0,1,7932100.227639094,7277007,20.414353906,0.000000000,35.272284084,37.365144844,217358.000000000,4
long_many_chains,0,seeded-sync,0,4,200000,64,0,0,0,1,20821338.984375000,6245897,20.609429922,0.000000000,250.000000000,80.000000000,199453.000000000,0
long_many_chains,0,learned-sync,0,4,200000,64,0,0,0,1,8166391.411695492,6245897,20.609429922,0.000000000,35.364354015,41.536694531,199453.000000000,4
long_many_chains,0,seeded-sync,1,4,200000,64,0,0,0,1,20821338.984375000,6154419,20.609429922,0.000000000,250.000000000,80.000000000,199453.000000000,0
long_many_chains,0,learned-sync,1,4,200000,64,0,0,0,1,8166391.411695492,6154419,20.609429922,0.000000000,35.364354015,41.536694531,199453.000000000,4
long_many_chains,0,seeded-sync,2,4,200000,64,0,0,0,1,20821338.984375000,7498785,20.609429922,0.000000000,250.000000000,80.000000000,199453.000000000,0
long_many_chains,0,learned-sync,2,4,200000,64,0,0,0,1,8166391.411695492,7498785,20.609429922,0.000000000,35.364354015,41.536694531,199453.000000000,4
long_many_chains,0,seeded-sync,3,4,200000,64,0,0,0,1,20821338.984375000,6837856,20.609429922,0.000000000,250.000000000,80.000000000,199453.000000000,0
long_many_chains,0,learned-sync,3,4,200000,64,0,0,0,1,8166391.411695492,6837856,20.609429922,0.000000000,35.364354015,41.536694531,199453.000000000,4
long_many_chains,0,seeded-sync,4,4,200000,64,0,0,0,1,20821338.984375000,6158230,20.609429922,0.000000000,250.000000000,80.000000000,199453.000000000,0
long_many_chains,0,learned-sync,4,4,200000,64,0,0,0,1,8166391.411695492,6158230,20.609429922,0.000000000,35.364354015,41.536694531,199453.000000000,4
long_many_chains,0,seeded-sync,5,4,200000,64,0,0,0,1,20821338.984375000,5921032,20.609429922,0.000000000,250.000000000,80.000000000,199453.000000000,0
long_many_chains,0,learned-sync,5,4,200000,64,0,0,0,1,8166391.411695492,5921032,20.609429922,0.000000000,35.364354015,41.536694531,199453.000000000,4
long_many_chains,0,seeded-sync,6,4,200000,64,0,0,0,1,20821338.984375000,7366134,20.609429922,0.000000000,250.000000000,80.000000000,199453.000000000,0
long_many_chains,0,learned-sync,6,4,200000,64,0,0,0,1,8166391.411695492,7366134,20.609429922,0.000000000,35.364354015,41.536694531,199453.000000000,4
large_arrays,2,seeded-sync,0,6,1000000,64,0,0,0,1,75951190.781250000,25211114,20.510737781,0.000000000,250.000000000,80.000000000,440343.000000000,0
large_arrays,2,learned-sync,0,6,1000000,64,0,0,0,1,36090129.173301525,25211114,20.510737781,0.000000000,48.491157684,42.342951000,440343.000000000,4
large_arrays,2,seeded-sync,1,6,1000000,64,0,0,0,1,75951190.781250000,24724795,20.510737781,0.000000000,250.000000000,80.000000000,440343.000000000,0
large_arrays,2,learned-sync,1,6,1000000,64,0,0,0,1,36090129.173301525,24724795,20.510737781,0.000000000,48.491157684,42.342951000,440343.000000000,4
large_arrays,2,seeded-sync,2,6,1000000,64,0,0,0,1,75951190.781250000,24581677,20.510737781,0.000000000,250.000000000,80.000000000,440343.000000000,0
large_arrays,2,learned-sync,2,6,1000000,64,0,0,0,1,36090129.173301525,24581677,20.510737781,0.000000000,48.491157684,42.342951000,440343.000000000,4
large_arrays,2,seeded-sync,3,6,1000000,64,0,0,0,1,75951190.781250000,25667464,20.510737781,0.000000000,250.000000000,80.000000000,440343.000000000,0
large_arrays,2,learned-sync,3,6,1000000,64,0,0,0,1,36090129.173301525,25667464,20.510737781,0.000000000,48.491157684,42.342951000,440343.000000000,4
large_arrays,2,seeded-sync,4,6,1000000,64,0,0,0,1,75951190.781250000,25849558,20.510737781,0.000000000,250.000000000,80.000000000,440343.000000000,0
large_arrays,2,learned-sync,4,6,1000000,64,0,0,0,1,36090129.173301525,25849558,20.510737781,0.000000000,48.491157684,42.342951000,440343.000000000,4
large_arrays,2,seeded-sync,5,6,1000000,64,0,0,0,1,75951190.781250000,26111894,20.510737781,0.000000000,250.000000000,80.000000000,440343.000000000,0
large_arrays,2,learned-sync,5,6,1000000,64,0,0,0,1,36090129.173301525,26111894,20.510737781,0.000000000,48.491157684,42.342951000,440343.000000000,4
large_arrays,2,seeded-sync,6,6,1000000,64,0,0,0,1,75951190.781250000,23523254,20.510737781,0.000000000,250.000000000,80.000000000,440343.000000000,0
large_arrays,2,learned-sync,6,6,1000000,64,0,0,0,1,36090129.173301525,23523254,20.510737781,0.000000000,48.491157684,42.342951000,440343.000000000,4
short_four_chains,0,seeded-sync,0,4,20000,4,0,0,0,1,2279701.078125000,706021,20.891603906,0.000000000,250.000000000,80.000000000,211869.000000000,0
short_four_chains,0,learned-sync,0,4,20000,4,0,0,0,1,948801.677206535,706021,20.891603906,0.000000000,30.224081535,33.596038281,211869.000000000,4
short_four_chains,0,seeded-sync,1,4,20000,4,0,0,0,1,2279701.078125000,700409,20.891603906,0.000000000,250.000000000,80.000000000,211869.000000000,0
short_four_chains,0,learned-sync,1,4,20000,4,0,0,0,1,948801.677206535,700409,20.891603906,0.000000000,30.224081535,33.596038281,211869.000000000,4
short_four_chains,0,seeded-sync,2,4,20000,4,0,0,0,1,2279701.078125000,766431,20.891603906,0.000000000,250.000000000,80.000000000,211869.000000000,0
short_four_chains,0,learned-sync,2,4,20000,4,0,0,0,1,948801.677206535,766431,20.891603906,0.000000000,30.224081535,33.596038281,211869.000000000,4
short_four_chains,0,seeded-sync,3,4,20000,4,0,0,0,1,2279701.078125000,734582,20.891603906,0.000000000,250.000000000,80.000000000,211869.000000000,0
short_four_chains,0,learned-sync,3,4,20000,4,0,0,0,1,948801.677206535,734582,20.891603906,0.000000000,30.224081535,33.596038281,211869.000000000,4
short_four_chains,0,seeded-sync,4,4,20000,4,0,0,0,1,2279701.078125000,678965,20.891603906,0.000000000,250.000000000,80.000000000,211869.000000000,0
short_four_chains,0,learned-sync,4,4,20000,4,0,0,0,1,948801.677206535,678965,20.891603906,0.000000000,30.224081535,33.596038281,211869.000000000,4
short_four_chains,0,seeded-sync,5,4,20000,4,0,0,0,1,2279701.078125000,702448,20.891603906,0.000000000,250.000000000,80.000000000,211869.000000000,0
short_four_chains,0,learned-sync,5,4,20000,4,0,0,0,1,948801.677206535,702448,20.891603906,0.000000000,30.224081535,33.596038281,211869.000000000,4
short_four_chains,0,seeded-sync,6,4,20000,4,0,0,0,1,2279701.078125000,832095,20.891603906,0.000000000,250.000000000,80.000000000,211869.000000000,0
short_four_chains,0,learned-sync,6,4,20000,4,0,0,0,1,948801.677206535,832095,20.891603906,0.000000000,30.224081535,33.596038281,211869.000000000,4
long_four_chains,1,seeded-sync,0,6,200000,4,0,0,0,1,15410894.890625000,6653429,20.474734453,0.000000000,250.000000000,80.000000000,315728.000000000,0
long_four_chains,1,learned-sync,0,6,200000,4,0,0,0,1,7661273.977365594,6653429,20.474734453,0.000000000,55.000807360,42.515214922,315728.000000000,4
long_four_chains,1,seeded-sync,1,6,200000,4,0,0,0,1,15410894.890625000,6294357,20.474734453,0.000000000,250.000000000,80.000000000,315728.000000000,0
long_four_chains,1,learned-sync,1,6,200000,4,0,0,0,1,7661273.977365594,6294357,20.474734453,0.000000000,55.000807360,42.515214922,315728.000000000,4
long_four_chains,1,seeded-sync,2,6,200000,4,0,0,0,1,15410894.890625000,7874846,20.474734453,0.000000000,250.000000000,80.000000000,315728.000000000,0
long_four_chains,1,learned-sync,2,6,200000,4,0,0,0,1,7661273.977365594,7874846,20.474734453,0.000000000,55.000807360,42.515214922,315728.000000000,4
long_four_chains,1,seeded-sync,3,6,200000,4,0,0,0,1,15410894.890625000,6430318,20.474734453,0.000000000,250.000000000,80.000000000,315728.000000000,0
long_four_chains,1,learned-sync,3,6,200000,4,0,0,0,1,7661273.977365594,6430318,20.474734453,0.000000000,55.000807360,42.515214922,315728.000000000,4
long_four_chains,1,seeded-sync,4,6,200000,4,0,0,0,1,15410894.890625000,6662088,20.474734453,0.000000000,250.000000000,80.000000000,315728.000000000,0
long_four_chains,1,learned-sync,4,6,200000,4,0,0,0,1,7661273.977365594,6662088,20.474734453,0.000000000,55.000807360,42.515214922,315728.000000000,4
long_four_chains,1,seeded-sync,5,6,200000,4,0,0,0,1,15410894.890625000,6495256,20.474734453,0.000000000,250.000000000,80.000000000,315728.000000000,0
long_four_chains,1,learned-sync,5,6,200000,4,0,0,0,1,7661273.977365594,6495256,20.474734453,0.000000000,55.000807360,42.515214922,315728.000000000,4
long_four_chains,1,seeded-sync,6,6,200000,4,0,0,0,1,15410894.890625000,6200871,20.474734453,0.000000000,250.000000000,80.000000000,315728.000000000,0
long_four_chains,1,learned-sync,6,6,200000,4,0,0,0,1,7661273.977365594,6200871,20.474734453,0.000000000,55.000807360,42.515214922,315728.000000000,4
large_arrays,1,seeded-sync,0,8,1000000,64,0,0,0,1,62643028.703125000,18762483,21.019607703,0.000000000,250.000000000,80.000000000,373421.000000000,0
large_arrays,1,learned-sync,0,8,1000000,64,0,0,0,1,31643458.141925834,18762483,21.019607703,0.000000000,35.879068854,46.124366656,373421.000000000,4
large_arrays,1,seeded-sync,1,8,1000000,64,0,0,0,1,62643028.703125000,18256411,21.019607703,0.000000000,250.000000000,80.000000000,373421.000000000,0
large_arrays,1,learned-sync,1,8,1000000,64,0,0,0,1,31643458.141925834,18256411,21.019607703,0.000000000,35.879068854,46.124366656,373421.000000000,4
large_arrays,1,seeded-sync,2,8,1000000,64,0,0,0,1,62643028.703125000,18498716,21.019607703,0.000000000,250.000000000,80.000000000,373421.000000000,0
large_arrays,1,learned-sync,2,8,1000000,64,0,0,0,1,31643458.141925834,18498716,21.019607703,0.000000000,35.879068854,46.124366656,373421.000000000,4
large_arrays,1,seeded-sync,3,8,1000000,64,0,0,0,1,62643028.703125000,18786076,21.019607703,0.000000000,250.000000000,80.000000000,373421.000000000,0
large_arrays,1,learned-sync,3,8,1000000,64,0,0,0,1,31643458.141925834,18786076,21.019607703,0.000000000,35.879068854,46.124366656,373421.000000000,4
large_arrays,1,seeded-sync,4,8,1000000,64,0,0,0,1,62643028.703125000,18702549,21.019607703,0.000000000,250.000000000,80.000000000,373421.000000000,0
large_arrays,1,learned-sync,4,8,1000000,64,0,0,0,1,31643458.141925834,18702549,21.019607703,0.000000000,35.879068854,46.124366656,373421.000000000,4
large_arrays,1,seeded-sync,5,8,1000000,64,0,0,0,1,62643028.703125000,18300539,21.019607703,0.000000000,250.000000000,80.000000000,373421.000000000,0
large_arrays,1,learned-sync,5,8,1000000,64,0,0,0,1,31643458.141925834,18300539,21.019607703,0.000000000,35.879068854,46.124366656,373421.000000000,4
large_arrays,1,seeded-sync,6,8,1000000,64,0,0,0,1,62643028.703125000,18268258,21.019607703,0.000000000,250.000000000,80.000000000,373421.000000000,0
large_arrays,1,learned-sync,6,8,1000000,64,0,0,0,1,31643458.141925834,18268258,21.019607703,0.000000000,35.879068854,46.124366656,373421.000000000,4
long_chain,2,seeded-sync,0,6,200000,1,0,0,0,1,15402812.984375000,33224726,20.561974922,0.000000000,250.000000000,80.000000000,290198.000000000,0
long_chain,2,learned-sync,0,6,200000,1,0,0,0,1,32413944.296773721,33224726,20.561974922,0.000000000,793.204460710,47.119272187,290198.000000000,4
long_chain,2,seeded-sync,1,6,200000,1,0,0,0,1,15402812.984375000,31759848,20.561974922,0.000000000,250.000000000,80.000000000,290198.000000000,0
long_chain,2,learned-sync,1,6,200000,1,0,0,0,1,32413944.296773721,31759848,20.561974922,0.000000000,793.204460710,47.119272187,290198.000000000,4
long_chain,2,seeded-sync,2,6,200000,1,0,0,0,1,15402812.984375000,33382938,20.561974922,0.000000000,250.000000000,80.000000000,290198.000000000,0
long_chain,2,learned-sync,2,6,200000,1,0,0,0,1,32413944.296773721,33382938,20.561974922,0.000000000,793.204460710,47.119272187,290198.000000000,4
long_chain,2,seeded-sync,3,6,200000,1,0,0,0,1,15402812.984375000,30558719,20.561974922,0.000000000,250.000000000,80.000000000,290198.000000000,0
long_chain,2,learned-sync,3,6,200000,1,0,0,0,1,32413944.296773721,30558719,20.561974922,0.000000000,793.204460710,47.119272187,290198.000000000,4
long_chain,2,seeded-sync,4,6,200000,1,0,0,0,1,15402812.984375000,35893874,20.561974922,0.000000000,250.000000000,80.000000000,290198.000000000,0
long_chain,2,learned-sync,4,6,200000,1,0,0,0,1,32413944.296773721,35893874,20.561974922,0.000000000,793.204460710,47.119272187,290198.000000000,4
long_chain,2,seeded-sync,5,6,200000,1,0,0,0,1,15402812.984375000,34465500,20.561974922,0.000000000,250.000000000,80.000000000,290198.000000000,0
long_chain,2,learned-sync,5,6,200000,1,0,0,0,1,32413944.296773721,34465500,20.561974922,0.000000000,793.204460710,47.119272187,290198.000000000,4
long_chain,2,seeded-sync,6,6,200000,1,0,0,0,1,15402812.984375000,32626642,20.561974922,0.000000000,250.000000000,80.000000000,290198.000000000,0
long_chain,2,learned-sync,6,6,200000,1,0,0,0,1,32413944.296773721,32626642,20.561974922,0.000000000,793.204460710,47.119272187,290198.000000000,4
short_four_chains,0,seeded-sync,0,2,20000,4,0,0,0,1,3903470.953125000,1084529,21.511447656,0.000000000,250.000000000,80.000000000,173242.000000000,0
short_four_chains,0,learned-sync,0,2,20000,4,0,0,0,1,1113175.683450753,1084529,21.511447656,0.000000000,24.912037876,26.058435156,173242.000000000,4
short_four_chains,0,seeded-sync,1,2,20000,4,0,0,0,1,3903470.953125000,1088185,21.511447656,0.000000000,250.000000000,80.000000000,173242.000000000,0
short_four_chains,0,learned-sync,1,2,20000,4,0,0,0,1,1113175.683450753,1088185,21.511447656,0.000000000,24.912037876,26.058435156,173242.000000000,4
short_four_chains,0,seeded-sync,2,2,20000,4,0,0,0,1,3903470.953125000,1162325,21.511447656,0.000000000,250.000000000,80.000000000,173242.000000000,0
short_four_chains,0,learned-sync,2,2,20000,4,0,0,0,1,1113175.683450753,1162325,21.511447656,0.000000000,24.912037876,26.058435156,173242.000000000,4
short_four_chains,0,seeded-sync,3,2,20000,4,0,0,0,1,3903470.953125000,1367105,21.511447656,0.000000000,250.000000000,80.000000000,173242.000000000,0
short_four_chains,0,learned-sync,3,2,20000,4,0,0,0,1,1113175.683450753,1367105,21.511447656,0.000000000,24.912037876,26.058435156,173242.000000000,4
short_four_chains,0,seeded-sync,4,2,20000,4,0,0,0,1,3903470.953125000,1357829,21.511447656,0.000000000,250.000000000,80.000000000,173242.000000000,0
short_four_chains,0,learned-sync,4,2,20000,4,0,0,0,1,1113175.683450753,1357829,21.511447656,0.000000000,24.912037876,26.058435156,173242.000000000,4
short_four_chains,0,seeded-sync,5,2,20000,4,0,0,0,1,3903470.953125000,1123469,21.511447656,0.000000000,250.000000000,80.000000000,173242.000000000,0
short_four_chains,0,learned-sync,5,2,20000,4,0,0,0,1,1113175.683450753,1123469,21.511447656,0.000000000,24.912037876,26.058435156,173242.000000000,4
short_four_chains,0,seeded-sync,6,2,20000,4,0,0,0,1,3903470.953125000,1173089,21.511447656,0.000000000,250.000000000,80.000000000,173242.000000000,0
short_four_chains,0,learned-sync,6,2,20000,4,0,0,0,1,1113175.683450753,1173089,21.511447656,0.000000000,24.912037876,26.058435156,173242.000000000,4
independent_before,0,seeded-sync,0,3,32768,4,0,16,0,1,5619226.087448597,2975733,20.790037632,106.856095791,250.000000000,80.000000000,166199.000000000,0
independent_before,0,learned-sync,0,3,32768,4,0,16,0,1,3105776.244323028,2975733,20.790037632,106.856095791,58.316076715,41.577739716,166199.000000000,4
independent_before,0,seeded-sync,1,3,32768,4,0,16,0,1,5619226.087448597,3102047,20.790037632,106.856095791,250.000000000,80.000000000,166199.000000000,0
independent_before,0,learned-sync,1,3,32768,4,0,16,0,1,3105776.244323028,3102047,20.790037632,106.856095791,58.316076715,41.577739716,166199.000000000,4
independent_before,0,seeded-sync,2,3,32768,4,0,16,0,1,5619226.087448597,2749529,20.790037632,106.856095791,250.000000000,80.000000000,166199.000000000,0
independent_before,0,learned-sync,2,3,32768,4,0,16,0,1,3105776.244323028,2749529,20.790037632,106.856095791,58.316076715,41.577739716,166199.000000000,4
independent_before,0,seeded-sync,3,3,32768,4,0,16,0,1,5619226.087448597,3145274,20.790037632,106.856095791,250.000000000,80.000000000,166199.000000000,0
independent_before,0,learned-sync,3,3,32768,4,0,16,0,1,3105776.244323028,3145274,20.790037632,106.856095791,58.316076715,41.577739716,166199.000000000,4
independent_before,0,seeded-sync,4,3,32768,4,0,16,0,1,5619226.087448597,3094728,20.790037632,106.856095791,250.000000000,80.000000000,166199.000000000,0
independent_before,0,learned-sync,4,3,32768,4,0,16,0,1,3105776.244323028,3094728,20.790037632,106.856095791,58.316076715,41.577739716,166199.000000000,4
independent_before,0,seeded-sync,5,3,32768,4,0,16,0,1,5619226.087448597,2929264,20.790037632,106.856095791,250.000000000,80.000000000,166199.000000000,0
independent_before,0,learned-sync,5,3,32768,4,0,16,0,1,3105776.244323028,2929264,20.790037632,106.856095791,58.316076715,41.577739716,166199.000000000,4
independent_before,0,seeded-sync,6,3,32768,4,0,16,0,1,5619226.087448597,2962288,20.790037632,106.856095791,250.000000000,80.000000000,166199.000000000,0
independent_before,0,learned-sync,6,3,32768,4,0,16,0,1,3105776.244323028,2962288,20.790037632,106.856095791,58.316076715,41.577739716,166199.000000000,4
short_many_chains,2,seeded-sync,0,4,20000,64,0,0,0,1,2273383.203125000,790998,21.286960156,0.000000000,250.000000000,80.000000000,197644.000000000,0
short_many_chains,2,learned-sync,0,4,20000,64,0,0,0,1,969292.264853782,790998,21.286960156,0.000000000,33.186719377,35.995092969,197644.000000000,4
short_many_chains,2,seeded-sync,1,4,20000,64,0,0,0,1,2273383.203125000,749634,21.286960156,0.000000000,250.000000000,80.000000000,197644.000000000,0
short_many_chains,2,learned-sync,1,4,20000,64,0,0,0,1,969292.264853782,749634,21.286960156,0.000000000,33.186719377,35.995092969,197644.000000000,4
short_many_chains,2,seeded-sync,2,4,20000,64,0,0,0,1,2273383.203125000,897906,21.286960156,0.000000000,250.000000000,80.000000000,197644.000000000,0
short_many_chains,2,learned-sync,2,4,20000,64,0,0,0,1,969292.264853782,897906,21.286960156,0.000000000,33.186719377,35.995092969,197644.000000000,4
short_many_chains,2,seeded-sync,3,4,20000,64,0,0,0,1,2273383.203125000,785405,21.286960156,0.000000000,250.000000000,80.000000000,197644.000000000,0
short_many_chains,2,learned-sync,3,4,20000,64,0,0,0,1,969292.264853782,785405,21.286960156,0.000000000,33.186719377,35.995092969,197644.000000000,4
short_many_chains,2,seeded-sync,4,4,20000,64,0,0,0,1,2273383.203125000,764824,21.286960156,0.000000000,250.000000000,80.000000000,197644.000000000,0
short_many_chains,2,learned-sync,4,4,20000,64,0,0,0,1,969292.264853782,764824,21.286960156,0.000000000,33.186719377,35.995092969,197644.000000000,4
short_many_chains,2,seeded-sync,5,4,20000,64,0,0,0,1,2273383.203125000,777029,21.286960156,0.000000000,250.000000000,80.000000000,197644.000000000,0
short_many_chains,2,learned-sync,5,4,20000,64,0,0,0,1,969292.264853782,777029,21.286960156,0.000000000,33.186719377,35.995092969,197644.000000000,4
short_many_chains,2,seeded-sync,6,4,20000,64,0,0,0,1,2273383.203125000,893774,21.286960156,0.000000000,250.000000000,80.000000000,197644.000000000,0
short_many_chains,2,learned-sync,6,4,20000,64,0,0,0,1,969292.264853782,893774,21.286960156,0.000000000,33.186719377,35.995092969,197644.000000000,4
uneven,2,seeded-sync,0,3,8193,3,4,8,0,1,1594908.406250000,642340,40.974385527,67.555571448,250.000000000,80.000000000,173481.000000000,0
uneven,2,learned-sync,0,3,8193,3,4,8,0,1,852371.876654075,642340,40.974385527,67.555571448,28.652695742,29.455495545,173481.000000000,4
uneven,2,seeded-sync,1,3,8193,3,4,8,0,1,1594908.406250000,657530,40.974385527,67.555571448,250.000000000,80.000000000,173481.000000000,0
uneven,2,learned-sync,1,3,8193,3,4,8,0,1,852371.876654075,657530,40.974385527,67.555571448,28.652695742,29.455495545,173481.000000000,4
uneven,2,seeded-sync,2,3,8193,3,4,8,0,1,1594908.406250000,708739,40.974385527,67.555571448,250.000000000,80.000000000,173481.000000000,0
uneven,2,learned-sync,2,3,8193,3,4,8,0,1,852371.876654075,708739,40.974385527,67.555571448,28.652695742,29.455495545,173481.000000000,4
uneven,2,seeded-sync,3,3,8193,3,4,8,0,1,1594908.406250000,648971,40.974385527,67.555571448,250.000000000,80.000000000,173481.000000000,0
uneven,2,learned-sync,3,3,8193,3,4,8,0,1,852371.876654075,648971,40.974385527,67.555571448,28.652695742,29.455495545,173481.000000000,4
uneven,2,seeded-sync,4,3,8193,3,4,8,0,1,1594908.406250000,716894,40.974385527,67.555571448,250.000000000,80.000000000,173481.000000000,0
uneven,2,learned-sync,4,3,8193,3,4,8,0,1,852371.876654075,716894,40.974385527,67.555571448,28.652695742,29.455495545,173481.000000000,4
uneven,2,seeded-sync,5,3,8193,3,4,8,0,1,1594908.406250000,657411,40.974385527,67.555571448,250.000000000,80.000000000,173481.000000000,0
uneven,2,learned-sync,5,3,8193,3,4,8,0,1,852371.876654075,657411,40.974385527,67.555571448,28.652695742,29.455495545,173481.000000000,4
uneven,2,seeded-sync,6,3,8193,3,4,8,0,1,1594908.406250000,635866,40.974385527,67.555571448,250.000000000,80.000000000,173481.000000000,0
uneven,2,learned-sync,6,3,8193,3,4,8,0,1,852371.876654075,635866,40.974385527,67.555571448,28.652695742,29.455495545,173481.000000000,4
long_chain,0,seeded-sync,0,8,200000,1,0,0,0,1,12748274.046875000,35313740,20.570720234,0.000000000,250.000000000,80.000000000,384130.000000000,0
long_chain,0,learned-sync,0,8,200000,1,0,0,0,1,37200335.912911355,35313740,20.570720234,0.000000000,1259.865790891,48.216683750,384130.000000000,4
long_chain,0,seeded-sync,1,8,200000,1,0,0,0,1,12748274.046875000,34604182,20.570720234,0.000000000,250.000000000,80.000000000,384130.000000000,0
long_chain,0,learned-sync,1,8,200000,1,0,0,0,1,37200335.912911355,34604182,20.570720234,0.000000000,1259.865790891,48.216683750,384130.000000000,4
long_chain,0,seeded-sync,2,8,200000,1,0,0,0,1,12748274.046875000,36391426,20.570720234,0.000000000,250.000000000,80.000000000,384130.000000000,0
long_chain,0,learned-sync,2,8,200000,1,0,0,0,1,37200335.912911355,36391426,20.570720234,0.000000000,1259.865790891,48.216683750,384130.000000000,4
long_chain,0,seeded-sync,3,8,200000,1,0,0,0,1,12748274.046875000,36626646,20.570720234,0.000000000,250.000000000,80.000000000,384130.000000000,0
long_chain,0,learned-sync,3,8,200000,1,0,0,0,1,37200335.912911355,36626646,20.570720234,0.000000000,1259.865790891,48.216683750,384130.000000000,4
long_chain,0,seeded-sync,4,8,200000,1,0,0,0,1,12748274.046875000,36605928,20.570720234,0.000000000,250.000000000,80.000000000,384130.000000000,0
long_chain,0,learned-sync,4,8,200000,1,0,0,0,1,37200335.912911355,36605928,20.570720234,0.000000000,1259.865790891,48.216683750,384130.000000000,4
long_chain,0,seeded-sync,5,8,200000,1,0,0,0,1,12748274.046875000,35115027,20.570720234,0.000000000,250.000000000,80.000000000,384130.000000000,0
long_chain,0,learned-sync,5,8,200000,1,0,0,0,1,37200335.912911355,35115027,20.570720234,0.000000000,1259.865790891,48.216683750,384130.000000000,4
long_chain,0,seeded-sync,6,8,200000,1,0,0,0,1,12748274.046875000,35352973,20.570720234,0.000000000,250.000000000,80.000000000,384130.000000000,0
long_chain,0,learned-sync,6,8,200000,1,0,0,0,1,37200335.912911355,35352973,20.570720234,0.000000000,1259.865790891,48.216683750,384130.000000000,4
