case,budget,variant,repeat,kind,iteration,left,right,backend,order,parents,time_ns,prediction_ns
tiny,2,after,0,native,0,1,1,1,0,1,2535,3441
tiny,2,after,0,native,1,1,1,1,0,1,2695,3531
tiny,2,after,0,native,2,1,1,1,0,1,2594,3480
tiny,2,after,0,native,3,1,1,1,0,1,2645,3531
tiny,2,after,0,native,4,1,1,1,0,1,2805,3571
tiny,2,after,0,native,5,1,1,1,0,1,16610,17205
tiny,2,after,0,native,6,1,1,1,0,1,2675,3289
tiny,2,after,0,native,7,1,1,1,0,1,2595,3220
tiny,2,after,0,native,8,1,1,1,0,1,2604,3259
tiny,2,after,0,native,9,1,1,1,0,1,2655,3290
tiny,2,after,0,native,10,1,1,1,0,1,2645,3290
tiny,2,after,0,native,11,1,1,1,0,1,2565,3229
tiny,2,after,0,native,12,1,1,1,0,1,2845,3380
tiny,2,after,0,native,13,1,1,1,0,1,5991,6393
tiny,2,after,0,native,14,1,1,1,0,1,2685,3116
tiny,2,after,0,fixed_winner,0,1,1,1,0,1,1703,0
tiny,2,after,0,fixed_winner,1,1,1,1,0,1,1733,0
tiny,2,after,0,fixed_winner,2,1,1,1,0,1,1723,0
tiny,2,after,0,fixed_winner,3,1,1,1,0,1,1864,0
tiny,2,after,0,fixed_winner,4,1,1,1,0,1,1753,0
tiny,2,after,0,fixed_winner,5,1,1,1,0,1,1723,0
tiny,2,after,0,fixed_winner,6,1,1,1,0,1,1733,0
tiny,2,after,0,fixed_winner,7,1,1,1,0,1,1723,0
tiny,2,after,0,fixed_winner,8,1,1,1,0,1,1723,0
tiny,2,after,0,fixed_winner,9,1,1,1,0,1,1724,0
tiny,2,after,0,fixed_winner,10,1,1,1,0,1,1733,0
tiny,2,after,0,fixed_winner,11,1,1,1,0,1,1824,0
tiny,2,after,0,fixed_winner,12,1,1,1,0,1,1723,0
tiny,2,after,0,fixed_winner,13,1,1,1,0,1,1713,0
tiny,2,after,0,fixed_winner,14,1,1,1,0,1,1713,0
tiny,2,before,0,native,0,1,1,1,0,1,2605,3300
tiny,2,before,0,native,1,1,1,1,0,1,2685,3320
tiny,2,before,0,native,2,1,1,1,0,1,2655,3340
tiny,2,before,0,native,3,1,1,1,0,1,2605,3300
tiny,2,before,0,native,4,1,1,1,0,1,2806,3349
tiny,2,before,0,native,5,1,1,1,0,1,139099,138099
tiny,2,before,0,native,6,1,1,1,0,1,3817,3669
tiny,2,before,0,native,7,1,1,1,0,1,3456,3488
tiny,2,before,0,native,8,1,1,1,0,1,3566,3518
tiny,2,before,0,native,9,1,1,1,0,1,3476,3438
tiny,2,before,0,native,10,1,1,1,0,1,3536,3418
tiny,2,before,0,native,11,1,1,1,0,1,3526,3478
tiny,2,before,0,native,12,1,1,1,0,1,3607,3458
tiny,2,before,0,native,13,1,1,1,0,1,3627,3498
tiny,2,before,0,native,14,1,1,1,0,1,3456,3408
tiny,2,before,0,fixed_winner,0,1,1,1,0,1,2264,0
tiny,2,before,0,fixed_winner,1,1,1,1,0,1,2355,0
tiny,2,before,0,fixed_winner,2,1,1,1,0,1,2595,0
tiny,2,before,0,fixed_winner,3,1,1,1,0,1,2615,0
tiny,2,before,0,fixed_winner,4,1,1,1,0,1,2415,0
tiny,2,before,0,fixed_winner,5,1,1,1,0,1,2454,0
tiny,2,before,0,fixed_winner,6,1,1,1,0,1,2455,0
tiny,2,before,0,fixed_winner,7,1,1,1,0,1,2314,0
tiny,2,before,0,fixed_winner,8,1,1,1,0,1,2474,0
tiny,2,before,0,fixed_winner,9,1,1,1,0,1,2504,0
tiny,2,before,0,fixed_winner,10,1,1,1,0,1,2575,0
tiny,2,before,0,fixed_winner,11,1,1,1,0,1,2705,0
tiny,2,before,0,fixed_winner,12,1,1,1,0,1,2615,0
tiny,2,before,0,fixed_winner,13,1,1,1,0,1,2855,0
tiny,2,before,0,fixed_winner,14,1,1,1,0,1,2454,0
tiny,2,before,1,native,0,1,1,1,0,1,2515,3212
tiny,2,before,1,native,1,1,1,1,0,1,2645,3311
tiny,2,before,1,native,2,1,1,1,0,1,2645,3322
tiny,2,before,1,native,3,1,1,1,0,1,2524,3201
tiny,2,before,1,native,4,1,1,1,0,1,2705,3262
tiny,2,before,1,native,5,1,1,1,0,1,19596,20046
tiny,2,before,1,native,6,1,1,1,0,1,2575,3105
tiny,2,before,1,native,7,1,1,1,0,1,2594,3114
tiny,2,before,1,native,8,1,1,1,0,1,2555,3085
tiny,2,before,1,native,9,1,1,1,0,1,2595,3115
tiny,2,before,1,native,10,1,1,1,0,1,2554,3094
tiny,2,before,1,native,11,1,1,1,0,1,2535,3064
tiny,2,before,1,native,12,1,1,1,0,1,2725,3125
tiny,2,before,1,native,13,1,1,1,0,1,2564,3084
tiny,2,before,1,native,14,1,1,1,0,1,2535,3064
tiny,2,before,1,fixed_winner,0,1,1,1,0,1,1773,0
tiny,2,before,1,fixed_winner,1,1,1,1,0,1,1783,0
tiny,2,before,1,fixed_winner,2,1,1,1,0,1,1813,0
tiny,2,before,1,fixed_winner,3,1,1,1,0,1,1914,0
tiny,2,before,1,fixed_winner,4,1,1,1,0,1,1824,0
tiny,2,before,1,fixed_winner,5,1,1,1,0,1,1723,0
tiny,2,before,1,fixed_winner,6,1,1,1,0,1,1714,0
tiny,2,before,1,fixed_winner,7,1,1,1,0,1,1763,0
tiny,2,before,1,fixed_winner,8,1,1,1,0,1,1713,0
tiny,2,before,1,fixed_winner,9,1,1,1,0,1,1753,0
tiny,2,before,1,fixed_winner,10,1,1,1,0,1,1774,0
tiny,2,before,1,fixed_winner,11,1,1,1,0,1,1913,0
tiny,2,before,1,fixed_winner,12,1,1,1,0,1,1723,0
tiny,2,before,1,fixed_winner,13,1,1,1,0,1,1814,0
tiny,2,before,1,fixed_winner,14,1,1,1,0,1,1713,0
tiny,2,after,1,native,0,1,1,1,0,1,2564,3246
tiny,2,after,1,native,1,1,1,1,0,1,2695,3327
tiny,2,after,1,native,2,1,1,1,0,1,2585,3257
tiny,2,after,1,native,3,1,1,1,0,1,2595,3246
tiny,2,after,1,native,4,1,1,1,0,1,2725,3257
tiny,2,after,1,native,5,1,1,1,0,1,21069,21491
tiny,2,after,1,native,6,1,1,1,0,1,2655,3168
tiny,2,after,1,native,7,1,1,1,0,1,2565,3087
tiny,2,after,1,native,8,1,1,1,0,1,2585,3068
tiny,2,after,1,native,9,1,1,1,0,1,2555,3058
tiny,2,after,1,native,10,1,1,1,0,1,2575,3097
tiny,2,after,1,native,11,1,1,1,0,1,2535,3047
tiny,2,after,1,native,12,1,1,1,0,1,2675,3068
tiny,2,after,1,native,13,1,1,1,0,1,2544,3047
tiny,2,after,1,native,14,1,1,1,0,1,2605,3108
tiny,2,after,1,fixed_winner,0,1,1,1,0,1,1743,0
tiny,2,after,1,fixed_winner,1,1,1,1,0,1,1763,0
tiny,2,after,1,fixed_winner,2,1,1,1,0,1,1764,0
tiny,2,after,1,fixed_winner,3,1,1,1,0,1,1894,0
tiny,2,after,1,fixed_winner,4,1,1,1,0,1,1773,0
tiny,2,after,1,fixed_winner,5,1,1,1,0,1,1764,0
tiny,2,after,1,fixed_winner,6,1,1,1,0,1,1753,0
tiny,2,after,1,fixed_winner,7,1,1,1,0,1,1743,0
tiny,2,after,1,fixed_winner,8,1,1,1,0,1,1763,0
tiny,2,after,1,fixed_winner,9,1,1,1,0,1,1743,0
tiny,2,after,1,fixed_winner,10,1,1,1,0,1,1753,0
tiny,2,after,1,fixed_winner,11,1,1,1,0,1,1853,0
tiny,2,after,1,fixed_winner,12,1,1,1,0,1,1754,0
tiny,2,after,1,fixed_winner,13,1,1,1,0,1,1743,0
tiny,2,after,1,fixed_winner,14,1,1,1,0,1,1764,0
tiny,2,after,2,native,0,1,1,1,0,1,2525,3216
tiny,2,after,2,native,1,1,1,1,0,1,2665,3306
tiny,2,after,2,native,2,1,1,1,0,1,2615,3286
tiny,2,after,2,native,3,1,1,1,0,1,2575,3235
tiny,2,after,2,native,4,1,1,1,0,1,2705,3236
tiny,2,after,2,native,5,1,1,1,0,1,19847,20208
tiny,2,after,2,native,6,1,1,1,0,1,2605,3066
tiny,2,after,2,native,7,1,1,1,0,1,2515,2997
tiny,2,after,2,native,8,1,1,1,0,1,2504,2966
tiny,2,after,2,native,9,1,1,1,0,1,2514,2986
tiny,2,after,2,native,10,1,1,1,0,1,2515,2976
tiny,2,after,2,native,11,1,1,1,0,1,2525,3006
tiny,2,after,2,native,12,1,1,1,0,1,2675,3037
tiny,2,after,2,native,13,1,1,1,0,1,2484,2966
tiny,2,after,2,native,14,1,1,1,0,1,2515,2986
tiny,2,after,2,fixed_winner,0,1,1,1,0,1,1714,0
tiny,2,after,2,fixed_winner,1,1,1,1,0,1,1734,0
tiny,2,after,2,fixed_winner,2,1,1,1,0,1,1723,0
tiny,2,after,2,fixed_winner,3,1,1,1,0,1,1854,0
tiny,2,after,2,fixed_winner,4,1,1,1,0,1,1743,0
tiny,2,after,2,fixed_winner,5,1,1,1,0,1,1713,0
tiny,2,after,2,fixed_winner,6,1,1,1,0,1,1723,0
tiny,2,after,2,fixed_winner,7,1,1,1,0,1,1723,0
tiny,2,after,2,fixed_winner,8,1,1,1,0,1,1713,0
tiny,2,after,2,fixed_winner,9,1,1,1,0,1,1723,0
tiny,2,after,2,fixed_winner,10,1,1,1,0,1,1723,0
tiny,2,after,2,fixed_winner,11,1,1,1,0,1,1834,0
tiny,2,after,2,fixed_winner,12,1,1,1,0,1,1723,0
tiny,2,after,2,fixed_winner,13,1,1,1,0,1,1713,0
tiny,2,after,2,fixed_winner,14,1,1,1,0,1,1713,0
tiny,2,before,2,native,0,1,1,1,0,1,2525,3631
tiny,2,before,2,native,1,1,1,1,0,1,2635,3671
tiny,2,before,2,native,2,1,1,1,0,1,2535,3621
tiny,2,before,2,native,3,1,1,1,0,1,2585,3680
tiny,2,before,2,native,4,1,1,1,0,1,2715,3631
tiny,2,before,2,native,5,1,1,1,0,1,16971,17756
tiny,2,before,2,native,6,1,1,1,0,1,2624,3449
tiny,2,before,2,native,7,1,1,1,0,1,2515,3380
tiny,2,before,2,native,8,1,1,1,0,1,2585,3450
tiny,2,before,2,native,9,1,1,1,0,1,2504,3359
tiny,2,before,2,native,10,1,1,1,0,1,2545,3399
tiny,2,before,2,native,11,1,1,1,0,1,2535,3400
tiny,2,before,2,native,12,1,1,1,0,1,2635,3370
tiny,2,before,2,native,13,1,1,1,0,1,6041,6694
tiny,2,before,2,native,14,1,1,1,0,1,2624,3267
tiny,2,before,2,fixed_winner,0,1,1,1,0,1,1683,0
tiny,2,before,2,fixed_winner,1,1,1,1,0,1,1703,0
tiny,2,before,2,fixed_winner,2,1,1,1,0,1,1693,0
tiny,2,before,2,fixed_winner,3,1,1,1,0,1,1853,0
tiny,2,before,2,fixed_winner,4,1,1,1,0,1,1703,0
tiny,2,before,2,fixed_winner,5,1,1,1,0,1,1693,0
tiny,2,before,2,fixed_winner,6,1,1,1,0,1,1694,0
tiny,2,before,2,fixed_winner,7,1,1,1,0,1,1693,0
tiny,2,before,2,fixed_winner,8,1,1,1,0,1,1693,0
tiny,2,before,2,fixed_winner,9,1,1,1,0,1,1693,0
tiny,2,before,2,fixed_winner,10,1,1,1,0,1,1693,0
tiny,2,before,2,fixed_winner,11,1,1,1,0,1,1803,0
tiny,2,before,2,fixed_winner,12,1,1,1,0,1,1713,0
tiny,2,before,2,fixed_winner,13,1,1,1,0,1,1693,0
tiny,2,before,2,fixed_winner,14,1,1,1,0,1,1683,0
tiny,2,before,3,native,0,1,1,1,0,1,3396,3928
tiny,2,before,3,native,1,1,1,1,0,1,3927,4118
tiny,2,before,3,native,2,1,1,1,0,1,3928,4119
tiny,2,before,3,native,3,1,1,1,0,1,3747,3898
tiny,2,before,3,native,4,1,1,1,0,1,3907,3878
tiny,2,before,3,native,5,1,1,1,0,1,28774,28519
tiny,2,before,3,native,6,1,1,1,0,1,3928,4003
tiny,2,before,3,native,7,1,1,1,0,1,3566,3792
tiny,2,before,3,native,8,1,1,1,0,1,3607,3772
tiny,2,before,3,native,9,1,1,1,0,1,3747,3852
tiny,2,before,3,native,10,1,1,1,0,1,3857,3852
tiny,2,before,3,native,11,1,1,1,0,1,4058,3872
tiny,2,before,3,native,12,1,1,1,0,1,4198,4033
tiny,2,before,3,native,13,1,1,1,0,1,2515,3421
tiny,2,before,3,native,14,1,1,1,0,1,2535,3452
tiny,2,before,3,fixed_winner,0,1,1,1,0,1,1683,0
tiny,2,before,3,fixed_winner,1,1,1,1,0,1,1713,0
tiny,2,before,3,fixed_winner,2,1,1,1,0,1,1703,0
tiny,2,before,3,fixed_winner,3,1,1,1,0,1,1843,0
tiny,2,before,3,fixed_winner,4,1,1,1,0,1,1704,0
tiny,2,before,3,fixed_winner,5,1,1,1,0,1,1703,0
tiny,2,before,3,fixed_winner,6,1,1,1,0,1,1693,0
tiny,2,before,3,fixed_winner,7,1,1,1,0,1,1693,0
tiny,2,before,3,fixed_winner,8,1,1,1,0,1,1693,0
tiny,2,before,3,fixed_winner,9,1,1,1,0,1,1683,0
tiny,2,before,3,fixed_winner,10,1,1,1,0,1,1693,0
tiny,2,before,3,fixed_winner,11,1,1,1,0,1,1814,0
tiny,2,before,3,fixed_winner,12,1,1,1,0,1,1693,0
tiny,2,before,3,fixed_winner,13,1,1,1,0,1,1703,0
tiny,2,before,3,fixed_winner,14,1,1,1,0,1,1703,0
tiny,2,after,3,native,0,1,1,1,0,1,2565,3211
tiny,2,after,3,native,1,1,1,1,0,1,2655,3271
tiny,2,after,3,native,2,1,1,1,0,1,2605,3251
tiny,2,after,3,native,3,1,1,1,0,1,4228,3631
tiny,2,after,3,native,4,1,1,1,0,1,4278,3772
tiny,2,after,3,native,5,1,1,1,0,1,20278,20668
tiny,2,after,3,native,6,1,1,1,0,1,2715,3205
tiny,2,after,3,native,7,1,1,1,0,1,2585,3074
tiny,2,after,3,native,8,1,1,1,0,1,2585,3095
tiny,2,after,3,native,9,1,1,1,0,1,2544,3054
tiny,2,after,3,native,10,1,1,1,0,1,2565,3084
tiny,2,after,3,native,11,1,1,1,0,1,2615,3125
tiny,2,after,3,native,12,1,1,1,0,1,2695,3095
tiny,2,after,3,native,13,1,1,1,0,1,2575,3084
tiny,2,after,3,native,14,1,1,1,0,1,2635,3145
tiny,2,after,3,fixed_winner,0,1,1,1,0,1,1744,0
tiny,2,after,3,fixed_winner,1,1,1,1,0,1,1764,0
tiny,2,after,3,fixed_winner,2,1,1,1,0,1,1763,0
tiny,2,after,3,fixed_winner,3,1,1,1,0,1,1893,0
tiny,2,after,3,fixed_winner,4,1,1,1,0,1,1774,0
tiny,2,after,3,fixed_winner,5,1,1,1,0,1,1753,0
tiny,2,after,3,fixed_winner,6,1,1,1,0,1,1754,0
tiny,2,after,3,fixed_winner,7,1,1,1,0,1,1743,0
tiny,2,after,3,fixed_winner,8,1,1,1,0,1,1754,0
tiny,2,after,3,fixed_winner,9,1,1,1,0,1,1743,0
tiny,2,after,3,fixed_winner,10,1,1,1,0,1,1754,0
tiny,2,after,3,fixed_winner,11,1,1,1,0,1,1863,0
tiny,2,after,3,fixed_winner,12,1,1,1,0,1,1753,0
tiny,2,after,3,fixed_winner,13,1,1,1,0,1,1753,0
tiny,2,after,3,fixed_winner,14,1,1,1,0,1,1753,0
tiny,2,after,4,native,0,1,1,1,0,1,2565,3277
tiny,2,after,4,native,1,1,1,1,0,1,2655,3338
tiny,2,after,4,native,2,1,1,1,0,1,2545,3248
tiny,2,after,4,native,3,1,1,1,0,1,2574,3257
tiny,2,after,4,native,4,1,1,1,0,1,2735,3328
tiny,2,after,4,native,5,1,1,1,0,1,19416,19905
tiny,2,after,4,native,6,1,1,1,0,1,2735,3255
tiny,2,after,4,native,7,1,1,1,0,1,2595,3135
tiny,2,after,4,native,8,1,1,1,0,1,2595,3134
tiny,2,after,4,native,9,1,1,1,0,1,2555,3105
tiny,2,after,4,native,10,1,1,1,0,1,2615,3155
tiny,2,after,4,native,11,1,1,1,0,1,2595,3154
tiny,2,after,4,native,12,1,1,1,0,1,2655,3094
tiny,2,after,4,native,13,1,1,1,0,1,2545,3104
tiny,2,after,4,native,14,1,1,1,0,1,2554,3104
tiny,2,after,4,fixed_winner,0,1,1,1,0,1,1723,0
tiny,2,after,4,fixed_winner,1,1,1,1,0,1,1723,0
tiny,2,after,4,fixed_winner,2,1,1,1,0,1,1724,0
tiny,2,after,4,fixed_winner,3,1,1,1,0,1,1873,0
tiny,2,after,4,fixed_winner,4,1,1,1,0,1,1753,0
tiny,2,after,4,fixed_winner,5,1,1,1,0,1,1733,0
tiny,2,after,4,fixed_winner,6,1,1,1,0,1,1713,0
tiny,2,after,4,fixed_winner,7,1,1,1,0,1,1733,0
tiny,2,after,4,fixed_winner,8,1,1,1,0,1,1743,0
tiny,2,after,4,fixed_winner,9,1,1,1,0,1,1753,0
tiny,2,after,4,fixed_winner,10,1,1,1,0,1,1723,0
tiny,2,after,4,fixed_winner,11,1,1,1,0,1,1844,0
tiny,2,after,4,fixed_winner,12,1,1,1,0,1,1713,0
tiny,2,after,4,fixed_winner,13,1,1,1,0,1,1724,0
tiny,2,after,4,fixed_winner,14,1,1,1,0,1,1723,0
tiny,2,before,4,native,0,1,1,1,0,1,2585,3753
tiny,2,before,4,native,1,1,1,1,0,1,2675,3812
tiny,2,before,4,native,2,1,1,1,0,1,2665,3813
tiny,2,before,4,native,3,1,1,1,0,1,2604,3762
tiny,2,before,4,native,4,1,1,1,0,1,2725,3762
tiny,2,before,4,native,5,1,1,1,0,1,2575,3723
tiny,2,before,4,native,6,1,1,1,0,1,2554,3732
tiny,2,before,4,native,7,1,1,1,0,1,2535,3712
tiny,2,before,4,native,8,1,1,1,0,1,2625,3783
tiny,2,before,4,native,9,1,1,1,0,1,2585,3743
tiny,2,before,4,native,10,1,1,1,0,1,2554,3722
tiny,2,before,4,native,11,1,1,1,0,1,2555,3722
tiny,2,before,4,native,12,1,1,1,0,1,2755,3793
tiny,2,before,4,native,13,1,1,1,0,1,16641,17262
tiny,2,before,4,native,14,1,1,1,0,1,12263,12644
tiny,2,before,4,fixed_winner,0,1,1,1,0,1,1713,0
tiny,2,before,4,fixed_winner,1,1,1,1,0,1,1743,0
tiny,2,before,4,fixed_winner,2,1,1,1,0,1,1734,0
tiny,2,before,4,fixed_winner,3,1,1,1,0,1,1913,0
tiny,2,before,4,fixed_winner,4,1,1,1,0,1,1753,0
tiny,2,before,4,fixed_winner,5,1,1,1,0,1,1734,0
tiny,2,before,4,fixed_winner,6,1,1,1,0,1,1723,0
tiny,2,before,4,fixed_winner,7,1,1,1,0,1,1724,0
tiny,2,before,4,fixed_winner,8,1,1,1,0,1,1733,0
tiny,2,before,4,fixed_winner,9,1,1,1,0,1,1724,0
tiny,2,before,4,fixed_winner,10,1,1,1,0,1,1733,0
tiny,2,before,4,fixed_winner,11,1,1,1,0,1,1854,0
tiny,2,before,4,fixed_winner,12,1,1,1,0,1,1733,0
tiny,2,before,4,fixed_winner,13,1,1,1,0,1,1723,0
tiny,2,before,4,fixed_winner,14,1,1,1,0,1,1723,0
tiny,4,after,0,native,0,1,1,1,0,1,2535,3183
tiny,4,after,0,native,1,1,1,1,0,1,2705,3283
tiny,4,after,0,native,2,1,1,1,0,1,2585,3213
tiny,4,after,0,native,3,1,1,1,0,1,2525,3172
tiny,4,after,0,native,4,1,1,1,0,1,2725,3213
tiny,4,after,0,native,5,1,1,1,0,1,18855,19217
tiny,4,after,0,native,6,1,1,1,0,1,2665,3107
tiny,4,after,0,native,7,1,1,1,0,1,2575,3028
tiny,4,after,0,native,8,1,1,1,0,1,2605,3057
tiny,4,after,0,native,9,1,1,1,0,1,2585,3038
tiny,4,after,0,native,10,1,1,1,0,1,2545,2987
tiny,4,after,0,native,11,1,1,1,0,1,2545,3007
tiny,4,after,0,native,12,1,1,1,0,1,2645,2978
tiny,4,after,0,native,13,1,1,1,0,1,5971,6287
tiny,4,after,0,native,14,1,1,1,0,1,2575,2891
tiny,4,after,0,fixed_winner,0,1,1,1,1,1,1683,0
tiny,4,after,0,fixed_winner,1,1,1,1,1,1,1703,0
tiny,4,after,0,fixed_winner,2,1,1,1,1,1,1693,0
tiny,4,after,0,fixed_winner,3,1,1,1,1,1,1824,0
tiny,4,after,0,fixed_winner,4,1,1,1,1,1,1703,0
tiny,4,after,0,fixed_winner,5,1,1,1,1,1,1703,0
tiny,4,after,0,fixed_winner,6,1,1,1,1,1,1693,0
tiny,4,after,0,fixed_winner,7,1,1,1,1,1,1703,0
tiny,4,after,0,fixed_winner,8,1,1,1,1,1,1693,0
tiny,4,after,0,fixed_winner,9,1,1,1,1,1,1693,0
tiny,4,after,0,fixed_winner,10,1,1,1,1,1,1694,0
tiny,4,after,0,fixed_winner,11,1,1,1,1,1,1793,0
tiny,4,after,0,fixed_winner,12,1,1,1,1,1,1694,0
tiny,4,after,0,fixed_winner,13,1,1,1,1,1,1683,0
tiny,4,after,0,fixed_winner,14,1,1,1,1,1,1693,0
tiny,4,before,0,native,0,1,1,1,0,1,2515,3175
tiny,4,before,0,native,1,1,1,1,0,1,2625,3255
tiny,4,before,0,native,2,1,1,1,0,1,2555,3195
tiny,4,before,0,native,3,1,1,1,0,1,2535,3184
tiny,4,before,0,native,4,1,1,1,0,1,2655,3175
tiny,4,before,0,native,5,1,1,1,0,1,22753,23060
tiny,4,before,0,native,6,1,1,1,0,1,2595,3023
tiny,4,before,0,native,7,1,1,1,0,1,2535,2982
tiny,4,before,0,native,8,1,1,1,0,1,2494,2932
tiny,4,before,0,native,9,1,1,1,0,1,2535,2972
tiny,4,before,0,native,10,1,1,1,0,1,2605,3013
tiny,4,before,0,native,11,1,1,1,0,1,2525,2973
tiny,4,before,0,native,12,1,1,1,0,1,2614,2942
tiny,4,before,0,native,13,1,1,1,0,1,2525,2962
tiny,4,before,0,native,14,1,1,1,0,1,2595,3033
tiny,4,before,0,fixed_winner,0,1,1,1,1,1,1694,0
tiny,4,before,0,fixed_winner,1,1,1,1,1,1,1703,0
tiny,4,before,0,fixed_winner,2,1,1,1,1,1,1723,0
tiny,4,before,0,fixed_winner,3,1,1,1,1,1,1884,0
tiny,4,before,0,fixed_winner,4,1,1,1,1,1,1733,0
tiny,4,before,0,fixed_winner,5,1,1,1,1,1,1723,0
tiny,4,before,0,fixed_winner,6,1,1,1,1,1,1723,0
tiny,4,before,0,fixed_winner,7,1,1,1,1,1,1723,0
tiny,4,before,0,fixed_winner,8,1,1,1,1,1,1723,0
tiny,4,before,0,fixed_winner,9,1,1,1,1,1,1723,0
tiny,4,before,0,fixed_winner,10,1,1,1,1,1,1723,0
tiny,4,before,0,fixed_winner,11,1,1,1,1,1,1863,0
tiny,4,before,0,fixed_winner,12,1,1,1,1,1,1724,0
tiny,4,before,0,fixed_winner,13,1,1,1,1,1,1723,0
tiny,4,before,0,fixed_winner,14,1,1,1,1,1,1724,0
tiny,4,before,1,native,0,1,1,1,0,1,2495,3203
tiny,4,before,1,native,1,1,1,1,0,1,2655,3323
tiny,4,before,1,native,2,1,1,1,0,1,2495,3183
tiny,4,before,1,native,3,1,1,1,0,1,2535,3214
tiny,4,before,1,native,4,1,1,1,0,1,2645,3203
tiny,4,before,1,native,5,1,1,1,0,1,22041,22385
tiny,4,before,1,native,6,1,1,1,0,1,2655,3079
tiny,4,before,1,native,7,1,1,1,0,1,2524,2968
tiny,4,before,1,native,8,1,1,1,0,1,2485,2918
tiny,4,before,1,native,9,1,1,1,0,1,2535,2979
tiny,4,before,1,native,10,1,1,1,0,1,2445,2889
tiny,4,before,1,native,11,1,1,1,0,1,2485,2939
tiny,4,before,1,native,12,1,1,1,0,1,2655,2949
tiny,4,before,1,native,13,1,1,1,0,1,2525,2938
tiny,4,before,1,native,14,1,1,1,0,1,2445,2888
tiny,4,before,1,fixed_winner,0,1,1,1,1,1,1683,0
tiny,4,before,1,fixed_winner,1,1,1,1,1,1,1693,0
tiny,4,before,1,fixed_winner,2,1,1,1,1,1,1683,0
tiny,4,before,1,fixed_winner,3,1,1,1,1,1,1863,0
tiny,4,before,1,fixed_winner,4,1,1,1,1,1,1733,0
tiny,4,before,1,fixed_winner,5,1,1,1,1,1,1713,0
tiny,4,before,1,fixed_winner,6,1,1,1,1,1,1723,0
tiny,4,before,1,fixed_winner,7,1,1,1,1,1,1713,0
tiny,4,before,1,fixed_winner,8,1,1,1,1,1,1713,0
tiny,4,before,1,fixed_winner,9,1,1,1,1,1,1713,0
tiny,4,before,1,fixed_winner,10,1,1,1,1,1,1713,0
tiny,4,before,1,fixed_winner,11,1,1,1,1,1,1834,0
tiny,4,before,1,fixed_winner,12,1,1,1,1,1,1713,0
tiny,4,before,1,fixed_winner,13,1,1,1,1,1,1714,0
tiny,4,before,1,fixed_winner,14,1,1,1,1,1,1713,0
tiny,4,after,1,native,0,1,1,1,0,1,2524,3221
tiny,4,after,1,native,1,1,1,1,0,1,2695,3331
tiny,4,after,1,native,2,1,1,1,0,1,2575,3251
tiny,4,after,1,native,3,1,1,1,0,1,2595,3252
tiny,4,after,1,native,4,1,1,1,0,1,2755,3281
tiny,4,after,1,native,5,1,1,1,0,1,22562,22902
tiny,4,after,1,native,6,1,1,1,0,1,2695,3144
tiny,4,after,1,native,7,1,1,1,0,1,2585,3035
tiny,4,after,1,native,8,1,1,1,0,1,2604,3034
tiny,4,after,1,native,9,1,1,1,0,1,2555,3004
tiny,4,after,1,native,10,1,1,1,0,1,2625,3075
tiny,4,after,1,native,11,1,1,1,0,1,2584,3044
tiny,4,after,1,native,12,1,1,1,0,1,2705,3044
tiny,4,after,1,native,13,1,1,1,0,1,2605,3035
tiny,4,after,1,native,14,1,1,1,0,1,2605,3024
tiny,4,after,1,fixed_winner,0,1,1,1,1,1,1713,0
tiny,4,after,1,fixed_winner,1,1,1,1,1,1,1733,0
tiny,4,after,1,fixed_winner,2,1,1,1,1,1,1734,0
tiny,4,after,1,fixed_winner,3,1,1,1,1,1,1873,0
tiny,4,after,1,fixed_winner,4,1,1,1,1,1,1753,0
tiny,4,after,1,fixed_winner,5,1,1,1,1,1,1733,0
tiny,4,after,1,fixed_winner,6,1,1,1,1,1,1723,0
tiny,4,after,1,fixed_winner,7,1,1,1,1,1,1723,0
tiny,4,after,1,fixed_winner,8,1,1,1,1,1,1723,0
tiny,4,after,1,fixed_winner,9,1,1,1,1,1,1733,0
tiny,4,after,1,fixed_winner,10,1,1,1,1,1,1723,0
tiny,4,after,1,fixed_winner,11,1,1,1,1,1,1844,0
tiny,4,after,1,fixed_winner,12,1,1,1,1,1,1723,0
tiny,4,after,1,fixed_winner,13,1,1,1,1,1,1734,0
tiny,4,after,1,fixed_winner,14,1,1,1,1,1,1723,0
tiny,4,before,2,native,0,1,1,1,0,1,2515,3218
tiny,4,before,2,native,1,1,1,1,0,1,16922,3258
tiny,4,before,2,native,2,1,1,1,0,1,3016,3478
tiny,4,before,2,native,3,1,1,1,0,1,2595,3247
tiny,4,before,2,native,4,1,1,1,0,1,2695,3228
tiny,4,before,2,native,5,1,1,1,0,1,21720,22058
tiny,4,before,2,native,6,1,1,1,0,1,2735,3183
tiny,4,before,2,native,7,1,1,1,0,1,2635,3073
tiny,4,before,2,native,8,1,1,1,0,1,2554,3032
tiny,4,before,2,native,9,1,1,1,0,1,2585,3062
tiny,4,before,2,native,10,1,1,1,0,1,2515,3003
tiny,4,before,2,native,11,1,1,1,0,1,2535,3023
tiny,4,before,2,native,12,1,1,1,0,1,2695,3042
tiny,4,before,2,native,13,1,1,1,0,1,2545,3033
tiny,4,before,2,native,14,1,1,1,0,1,2535,3023
tiny,4,before,2,fixed_winner,0,1,1,1,1,1,1724,0
tiny,4,before,2,fixed_winner,1,1,1,1,1,1,1714,0
tiny,4,before,2,fixed_winner,2,1,1,1,1,1,1743,0
tiny,4,before,2,fixed_winner,3,1,1,1,1,1,1914,0
tiny,4,before,2,fixed_winner,4,1,1,1,1,1,1774,0
tiny,4,before,2,fixed_winner,5,1,1,1,1,1,1753,0
tiny,4,before,2,fixed_winner,6,1,1,1,1,1,1734,0
tiny,4,before,2,fixed_winner,7,1,1,1,1,1,1743,0
tiny,4,before,2,fixed_winner,8,1,1,1,1,1,1754,0
tiny,4,before,2,fixed_winner,9,1,1,1,1,1,1733,0
tiny,4,before,2,fixed_winner,10,1,1,1,1,1,1724,0
tiny,4,before,2,fixed_winner,11,1,1,1,1,1,1863,0
tiny,4,before,2,fixed_winner,12,1,1,1,1,1,1763,0
tiny,4,before,2,fixed_winner,13,1,1,1,1,1,1734,0
tiny,4,before,2,fixed_winner,14,1,1,1,1,1,1733,0
tiny,4,after,2,native,0,1,1,1,0,1,2565,3925
tiny,4,after,2,native,1,1,1,1,0,1,2775,4075
tiny,4,after,2,native,2,1,1,1,0,1,2604,3954
tiny,4,after,2,native,3,1,1,1,0,1,2665,3995
tiny,4,after,2,native,4,1,1,1,0,1,2755,3984
tiny,4,after,2,native,5,1,1,1,0,1,2605,3925
tiny,4,after,2,native,6,1,1,1,0,1,2595,3944
tiny,4,after,2,native,7,1,1,1,0,1,2635,3975
tiny,4,after,2,native,8,1,1,1,0,1,2655,3985
tiny,4,after,2,native,9,1,1,1,0,1,2645,3974
tiny,4,after,2,native,10,1,1,1,0,1,2555,3905
tiny,4,after,2,native,11,1,1,1,0,1,2584,3934
tiny,4,after,2,native,12,1,1,1,0,1,2715,3945
tiny,4,after,2,native,13,1,1,1,0,1,18525,19422
tiny,4,after,2,native,14,1,1,1,0,1,2625,3563
tiny,4,after,2,fixed_winner,0,1,1,1,1,1,1713,0
tiny,4,after,2,fixed_winner,1,1,1,1,1,1,1753,0
tiny,4,after,2,fixed_winner,2,1,1,1,1,1,1743,0
tiny,4,after,2,fixed_winner,3,1,1,1,1,1,1894,0
tiny,4,after,2,fixed_winner,4,1,1,1,1,1,1733,0
tiny,4,after,2,fixed_winner,5,1,1,1,1,1,1734,0
tiny,4,after,2,fixed_winner,6,1,1,1,1,1,1723,0
tiny,4,after,2,fixed_winner,7,1,1,1,1,1,1734,0
tiny,4,after,2,fixed_winner,8,1,1,1,1,1,1723,0
tiny,4,after,2,fixed_winner,9,1,1,1,1,1,1734,0
tiny,4,after,2,fixed_winner,10,1,1,1,1,1,1723,0
tiny,4,after,2,fixed_winner,11,1,1,1,1,1,1824,0
tiny,4,after,2,fixed_winner,12,1,1,1,1,1,1713,0
tiny,4,after,2,fixed_winner,13,1,1,1,1,1,1723,0
tiny,4,after,2,fixed_winner,14,1,1,1,1,1,1723,0
tiny,4,after,3,native,0,1,1,1,0,1,2595,3525
tiny,4,after,3,native,1,1,1,1,0,1,2705,3625
tiny,4,after,3,native,2,1,1,1,0,1,2665,3545
tiny,4,after,3,native,3,1,1,1,0,1,2544,3464
tiny,4,after,3,native,4,1,1,1,0,1,2765,3544
tiny,4,after,3,native,5,1,1,1,0,1,2665,3554
tiny,4,after,3,native,6,1,1,1,0,1,2585,3484
tiny,4,after,3,native,7,1,1,1,0,1,2625,3535
tiny,4,after,3,native,8,1,1,1,0,1,2544,3464
tiny,4,after,3,native,9,1,1,1,0,1,2564,3484
tiny,4,after,3,native,10,1,1,1,0,1,2585,3494
tiny,4,after,3,native,11,1,1,1,0,1,2595,3515
tiny,4,after,3,native,12,1,1,1,0,1,2675,3474
tiny,4,after,3,native,13,1,1,1,0,1,19166,19640
tiny,4,after,3,native,14,1,1,1,0,1,2735,3270
tiny,4,after,3,fixed_winner,0,1,1,1,1,1,1714,0
tiny,4,after,3,fixed_winner,1,1,1,1,1,1,1774,0
tiny,4,after,3,fixed_winner,2,1,1,1,1,1,1733,0
tiny,4,after,3,fixed_winner,3,1,1,1,1,1,1883,0
tiny,4,after,3,fixed_winner,4,1,1,1,1,1,1734,0
tiny,4,after,3,fixed_winner,5,1,1,1,1,1,1713,0
tiny,4,after,3,fixed_winner,6,1,1,1,1,1,1724,0
tiny,4,after,3,fixed_winner,7,1,1,1,1,1,1713,0
tiny,4,after,3,fixed_winner,8,1,1,1,1,1,1734,0
tiny,4,after,3,fixed_winner,9,1,1,1,1,1,1723,0
tiny,4,after,3,fixed_winner,10,1,1,1,1,1,1734,0
tiny,4,after,3,fixed_winner,11,1,1,1,1,1,1823,0
tiny,4,after,3,fixed_winner,12,1,1,1,1,1,1723,0
tiny,4,after,3,fixed_winner,13,1,1,1,1,1,1723,0
tiny,4,after,3,fixed_winner,14,1,1,1,1,1,1733,0
tiny,4,before,3,native,0,1,1,1,0,1,2585,3282
tiny,4,before,3,native,1,1,1,1,0,1,2685,3332
tiny,4,before,3,native,2,1,1,1,0,1,2594,3251
tiny,4,before,3,native,3,1,1,1,0,1,2555,3222
tiny,4,before,3,native,4,1,1,1,0,1,2725,3251
tiny,4,before,3,native,5,1,1,1,0,1,21220,21589
tiny,4,before,3,native,6,1,1,1,0,1,2695,3135
tiny,4,before,3,native,7,1,1,1,0,1,2605,3054
tiny,4,before,3,native,8,1,1,1,0,1,2595,3024
tiny,4,before,3,native,9,1,1,1,0,1,2665,3125
tiny,4,before,3,native,10,1,1,1,0,1,2524,3004
tiny,4,before,3,native,11,1,1,1,0,1,2565,3024
tiny,4,before,3,native,12,1,1,1,0,1,2685,3015
tiny,4,before,3,native,13,1,1,1,0,1,2555,3014
tiny,4,before,3,native,14,1,1,1,0,1,2595,3044
tiny,4,before,3,fixed_winner,0,1,1,1,1,1,1734,0
tiny,4,before,3,fixed_winner,1,1,1,1,1,1,1804,0
tiny,4,before,3,fixed_winner,2,1,1,1,1,1,1723,0
tiny,4,before,3,fixed_winner,3,1,1,1,1,1,1903,0
tiny,4,before,3,fixed_winner,4,1,1,1,1,1,1774,0
tiny,4,before,3,fixed_winner,5,1,1,1,1,1,1753,0
tiny,4,before,3,fixed_winner,6,1,1,1,1,1,1754,0
tiny,4,before,3,fixed_winner,7,1,1,1,1,1,1763,0
tiny,4,before,3,fixed_winner,8,1,1,1,1,1,1753,0
tiny,4,before,3,fixed_winner,9,1,1,1,1,1,1753,0
tiny,4,before,3,fixed_winner,10,1,1,1,1,1,1753,0
tiny,4,before,3,fixed_winner,11,1,1,1,1,1,1884,0
tiny,4,before,3,fixed_winner,12,1,1,1,1,1,1763,0
tiny,4,before,3,fixed_winner,13,1,1,1,1,1,1753,0
tiny,4,before,3,fixed_winner,14,1,1,1,1,1,1753,0
tiny,4,after,4,native,0,1,1,1,0,1,2534,3240
tiny,4,after,4,native,1,1,1,1,0,1,2825,3481
tiny,4,after,4,native,2,1,1,1,0,1,2635,3320
tiny,4,after,4,native,3,1,1,1,0,1,2635,3311
tiny,4,after,4,native,4,1,1,1,0,1,2785,3340
tiny,4,after,4,native,5,1,1,1,0,1,23254,23611
tiny,4,after,4,native,6,1,1,1,0,1,2755,3213
tiny,4,after,4,native,7,1,1,1,0,1,2575,3042
tiny,4,after,4,native,8,1,1,1,0,1,2685,3153
tiny,4,after,4,native,9,1,1,1,0,1,2655,3112
tiny,4,after,4,native,10,1,1,1,0,1,2655,3123
tiny,4,after,4,native,11,1,1,1,0,1,2645,3102
tiny,4,after,4,native,12,1,1,1,0,1,2805,3153
tiny,4,after,4,native,13,1,1,1,0,1,2635,3092
tiny,4,after,4,native,14,1,1,1,0,1,2605,3073
tiny,4,after,4,fixed_winner,0,1,1,1,1,1,1733,0
tiny,4,after,4,fixed_winner,1,1,1,1,1,1,1773,0
tiny,4,after,4,fixed_winner,2,1,1,1,1,1,1724,0
tiny,4,after,4,fixed_winner,3,1,1,1,1,1,1924,0
tiny,4,after,4,fixed_winner,4,1,1,1,1,1,1733,0
tiny,4,after,4,fixed_winner,5,1,1,1,1,1,1744,0
tiny,4,after,4,fixed_winner,6,1,1,1,1,1,1713,0
tiny,4,after,4,fixed_winner,7,1,1,1,1,1,1714,0
tiny,4,after,4,fixed_winner,8,1,1,1,1,1,1743,0
tiny,4,after,4,fixed_winner,9,1,1,1,1,1,1703,0
tiny,4,after,4,fixed_winner,10,1,1,1,1,1,1713,0
tiny,4,after,4,fixed_winner,11,1,1,1,1,1,1854,0
tiny,4,after,4,fixed_winner,12,1,1,1,1,1,1723,0
tiny,4,after,4,fixed_winner,13,1,1,1,1,1,1723,0
tiny,4,after,4,fixed_winner,14,1,1,1,1,1,1723,0
tiny,4,before,4,native,0,1,1,1,0,1,2475,3526
tiny,4,before,4,native,1,1,1,1,0,1,2675,3645
tiny,4,before,4,native,2,1,1,1,0,1,2595,3616
tiny,4,before,4,native,3,1,1,1,0,1,2645,3675
tiny,4,before,4,native,4,1,1,1,0,1,2705,3595
tiny,4,before,4,native,5,1,1,1,0,1,21901,22599
tiny,4,before,4,native,6,1,1,1,0,1,2725,3513
tiny,4,before,4,native,7,1,1,1,0,1,2545,3353
tiny,4,before,4,native,8,1,1,1,0,1,2625,3433
tiny,4,before,4,native,9,1,1,1,0,1,2635,3452
tiny,4,before,4,native,10,1,1,1,0,1,2485,3303
tiny,4,before,4,native,11,1,1,1,0,1,2625,3423
tiny,4,before,4,native,12,1,1,1,0,1,2685,3352
tiny,4,before,4,native,13,1,1,1,0,1,2645,3453
tiny,4,before,4,native,14,1,1,1,0,1,2534,3362
tiny,4,before,4,fixed_winner,0,1,1,1,1,1,1723,0
tiny,4,before,4,fixed_winner,1,1,1,1,1,1,1734,0
tiny,4,before,4,fixed_winner,2,1,1,1,1,1,1713,0
tiny,4,before,4,fixed_winner,3,1,1,1,1,1,1903,0
tiny,4,before,4,fixed_winner,4,1,1,1,1,1,1764,0
tiny,4,before,4,fixed_winner,5,1,1,1,1,1,1743,0
tiny,4,before,4,fixed_winner,6,1,1,1,1,1,1744,0
tiny,4,before,4,fixed_winner,7,1,1,1,1,1,1763,0
tiny,4,before,4,fixed_winner,8,1,1,1,1,1,1754,0
tiny,4,before,4,fixed_winner,9,1,1,1,1,1,1753,0
tiny,4,before,4,fixed_winner,10,1,1,1,1,1,1743,0
tiny,4,before,4,fixed_winner,11,1,1,1,1,1,1894,0
tiny,4,before,4,fixed_winner,12,1,1,1,1,1,1743,0
tiny,4,before,4,fixed_winner,13,1,1,1,1,1,1744,0
tiny,4,before,4,fixed_winner,14,1,1,1,1,1,1753,0
tiny,6,before,0,native,0,1,1,1,0,1,2575,3311
tiny,6,before,0,native,1,1,1,1,0,1,2695,3390
tiny,6,before,0,native,2,1,1,1,0,1,2555,3270
tiny,6,before,0,native,3,1,1,1,0,1,2635,3370
tiny,6,before,0,native,4,1,1,1,0,1,2825,3411
tiny,6,before,0,native,5,1,1,1,0,1,19125,19524
tiny,6,before,0,native,6,1,1,1,0,1,2735,3204
tiny,6,before,0,native,7,1,1,1,0,1,2665,3134
tiny,6,before,0,native,8,1,1,1,0,1,2594,3073
tiny,6,before,0,native,9,1,1,1,0,1,2595,3084
tiny,6,before,0,native,10,1,1,1,0,1,2635,3124
tiny,6,before,0,native,11,1,1,1,0,1,2665,3143
tiny,6,before,0,native,12,1,1,1,0,1,2685,3054
tiny,6,before,0,native,13,1,1,1,0,1,2625,3103
tiny,6,before,0,native,14,1,1,1,0,1,2635,3114
tiny,6,before,0,fixed_winner,0,1,1,1,1,1,1714,0
tiny,6,before,0,fixed_winner,1,1,1,1,1,1,1764,0
tiny,6,before,0,fixed_winner,2,1,1,1,1,1,1753,0
tiny,6,before,0,fixed_winner,3,1,1,1,1,1,1923,0
tiny,6,before,0,fixed_winner,4,1,1,1,1,1,1763,0
tiny,6,before,0,fixed_winner,5,1,1,1,1,1,1753,0
tiny,6,before,0,fixed_winner,6,1,1,1,1,1,1753,0
tiny,6,before,0,fixed_winner,7,1,1,1,1,1,1743,0
tiny,6,before,0,fixed_winner,8,1,1,1,1,1,1753,0
tiny,6,before,0,fixed_winner,9,1,1,1,1,1,1743,0
tiny,6,before,0,fixed_winner,10,1,1,1,1,1,1743,0
tiny,6,before,0,fixed_winner,11,1,1,1,1,1,1884,0
tiny,6,before,0,fixed_winner,12,1,1,1,1,1,1743,0
tiny,6,before,0,fixed_winner,13,1,1,1,1,1,1743,0
tiny,6,before,0,fixed_winner,14,1,1,1,1,1,1743,0
tiny,6,after,0,native,0,1,1,1,0,1,2614,3523
tiny,6,after,0,native,1,1,1,1,0,1,2796,3644
tiny,6,after,0,native,2,1,1,1,0,1,2695,3563
tiny,6,after,0,native,3,1,1,1,0,1,2655,3553
tiny,6,after,0,native,4,1,1,1,0,1,2705,3453
tiny,6,after,0,native,5,1,1,1,0,1,2685,3553
tiny,6,after,0,native,6,1,1,1,0,1,2615,3513
tiny,6,after,0,native,7,1,1,1,0,1,2605,3504
tiny,6,after,0,native,8,1,1,1,0,1,2645,3543
tiny,6,after,0,native,9,1,1,1,0,1,2625,3514
tiny,6,after,0,native,10,1,1,1,0,1,2594,3493
tiny,6,after,0,native,11,1,1,1,0,1,2635,3534
tiny,6,after,0,native,12,1,1,1,0,1,2735,3504
tiny,6,after,0,native,13,1,1,1,0,1,17072,17536
tiny,6,after,0,native,14,1,1,1,0,1,2745,3250
tiny,6,after,0,fixed_winner,0,1,1,1,1,1,1763,0
tiny,6,after,0,fixed_winner,1,1,1,1,1,1,1763,0
tiny,6,after,0,fixed_winner,2,1,1,1,1,1,1783,0
tiny,6,after,0,fixed_winner,3,1,1,1,1,1,1944,0
tiny,6,after,0,fixed_winner,4,1,1,1,1,1,1774,0
tiny,6,after,0,fixed_winner,5,1,1,1,1,1,1763,0
tiny,6,after,0,fixed_winner,6,1,1,1,1,1,1764,0
tiny,6,after,0,fixed_winner,7,1,1,1,1,1,1763,0
tiny,6,after,0,fixed_winner,8,1,1,1,1,1,1753,0
tiny,6,after,0,fixed_winner,9,1,1,1,1,1,1753,0
tiny,6,after,0,fixed_winner,10,1,1,1,1,1,1803,0
tiny,6,after,0,fixed_winner,11,1,1,1,1,1,1874,0
tiny,6,after,0,fixed_winner,12,1,1,1,1,1,1743,0
tiny,6,after,0,fixed_winner,13,1,1,1,1,1,1763,0
tiny,6,after,0,fixed_winner,14,1,1,1,1,1,1754,0
tiny,6,before,1,native,0,1,1,1,0,1,2575,3304
tiny,6,before,1,native,1,1,1,1,0,1,2685,3374
tiny,6,before,1,native,2,1,1,1,0,1,2605,3314
tiny,6,before,1,native,3,1,1,1,0,1,2545,3253
tiny,6,before,1,native,4,1,1,1,0,1,2755,3344
tiny,6,before,1,native,5,1,1,1,0,1,20428,20787
tiny,6,before,1,native,6,1,1,1,0,1,2685,3165
tiny,6,before,1,native,7,1,1,1,0,1,2544,3054
tiny,6,before,1,native,8,1,1,1,0,1,2575,3075
tiny,6,before,1,native,9,1,1,1,0,1,2595,3105
tiny,6,before,1,native,10,1,1,1,0,1,2564,3074
tiny,6,before,1,native,11,1,1,1,0,1,2585,3105
tiny,6,before,1,native,12,1,1,1,0,1,2635,3025
tiny,6,before,1,native,13,1,1,1,0,1,2565,3084
tiny,6,before,1,native,14,1,1,1,0,1,2555,3075
tiny,6,before,1,fixed_winner,0,1,1,1,1,1,1733,0
tiny,6,before,1,fixed_winner,1,1,1,1,1,1,1724,0
tiny,6,before,1,fixed_winner,2,1,1,1,1,1,1743,0
tiny,6,before,1,fixed_winner,3,1,1,1,1,1,1913,0
tiny,6,before,1,fixed_winner,4,1,1,1,1,1,1763,0
tiny,6,before,1,fixed_winner,5,1,1,1,1,1,1753,0
tiny,6,before,1,fixed_winner,6,1,1,1,1,1,1743,0
tiny,6,before,1,fixed_winner,7,1,1,1,1,1,1744,0
tiny,6,before,1,fixed_winner,8,1,1,1,1,1,1763,0
tiny,6,before,1,fixed_winner,9,1,1,1,1,1,1744,0
tiny,6,before,1,fixed_winner,10,1,1,1,1,1,1753,0
tiny,6,before,1,fixed_winner,11,1,1,1,1,1,1873,0
tiny,6,before,1,fixed_winner,12,1,1,1,1,1,1744,0
tiny,6,before,1,fixed_winner,13,1,1,1,1,1,1753,0
tiny,6,before,1,fixed_winner,14,1,1,1,1,1,1754,0
tiny,6,after,1,native,0,1,1,1,0,1,2525,3533
tiny,6,after,1,native,1,1,1,1,0,1,2645,3613
tiny,6,after,1,native,2,1,1,1,0,1,2585,3562
tiny,6,after,1,native,3,1,1,1,0,1,2545,3542
tiny,6,after,1,native,4,1,1,1,0,1,2675,3543
tiny,6,after,1,native,5,1,1,1,0,1,17021,17727
tiny,6,after,1,native,6,1,1,1,0,1,2675,3431
tiny,6,after,1,native,7,1,1,1,0,1,2585,3361
tiny,6,after,1,native,8,1,1,1,0,1,2535,3321
tiny,6,after,1,native,9,1,1,1,0,1,2514,3290
tiny,6,after,1,native,10,1,1,1,0,1,2555,3330
tiny,6,after,1,native,11,1,1,1,0,1,2515,3281
tiny,6,after,1,native,12,1,1,1,0,1,2665,3330
tiny,6,after,1,native,13,1,1,1,0,1,6141,6708
tiny,6,after,1,native,14,1,1,1,0,1,2605,3172
tiny,6,after,1,fixed_winner,0,1,1,1,1,1,1703,0
tiny,6,after,1,fixed_winner,1,1,1,1,1,1,1753,0
tiny,6,after,1,fixed_winner,2,1,1,1,1,1,1753,0
tiny,6,after,1,fixed_winner,3,1,1,1,1,1,1884,0
tiny,6,after,1,fixed_winner,4,1,1,1,1,1,1723,0
tiny,6,after,1,fixed_winner,5,1,1,1,1,1,1713,0
tiny,6,after,1,fixed_winner,6,1,1,1,1,1,1713,0
tiny,6,after,1,fixed_winner,7,1,1,1,1,1,1703,0
tiny,6,after,1,fixed_winner,8,1,1,1,1,1,1703,0
tiny,6,after,1,fixed_winner,9,1,1,1,1,1,1714,0
tiny,6,after,1,fixed_winner,10,1,1,1,1,1,1703,0
tiny,6,after,1,fixed_winner,11,1,1,1,1,1,1804,0
tiny,6,after,1,fixed_winner,12,1,1,1,1,1,1733,0
tiny,6,after,1,fixed_winner,13,1,1,1,1,1,1713,0
tiny,6,after,1,fixed_winner,14,1,1,1,1,1,1713,0
tiny,6,before,2,native,0,1,1,1,0,1,2585,3560
tiny,6,before,2,native,1,1,1,1,0,1,2735,3620
tiny,6,before,2,native,2,1,1,1,0,1,2615,3570
tiny,6,before,2,native,3,1,1,1,0,1,2605,3571
tiny,6,before,2,native,4,1,1,1,0,1,2725,3540
tiny,6,before,2,native,5,1,1,1,0,1,2644,3600
tiny,6,before,2,native,6,1,1,1,0,1,2605,3591
tiny,6,before,2,native,7,1,1,1,0,1,2595,3551
tiny,6,before,2,native,8,1,1,1,0,1,2625,3580
tiny,6,before,2,native,9,1,1,1,0,1,2575,3551
tiny,6,before,2,native,10,1,1,1,0,1,2594,3570
tiny,6,before,2,native,11,1,1,1,0,1,2545,3520
tiny,6,before,2,native,12,1,1,1,0,1,2715,3561
tiny,6,before,2,native,13,1,1,1,0,1,20829,20443
tiny,6,before,2,native,14,1,1,1,0,1,3928,3602
tiny,6,before,2,fixed_winner,0,1,1,1,1,1,2735,0
tiny,6,before,2,fixed_winner,1,1,1,1,1,1,2735,0
tiny,6,before,2,fixed_winner,2,1,1,1,1,1,2695,0
tiny,6,before,2,fixed_winner,3,1,1,1,1,1,2856,0
tiny,6,before,2,fixed_winner,4,1,1,1,1,1,2334,0
tiny,6,before,2,fixed_winner,5,1,1,1,1,1,2635,0
tiny,6,before,2,fixed_winner,6,1,1,1,1,1,2735,0
tiny,6,before,2,fixed_winner,7,1,1,1,1,1,2635,0
tiny,6,before,2,fixed_winner,8,1,1,1,1,1,2846,0
tiny,6,before,2,fixed_winner,9,1,1,1,1,1,2755,0
tiny,6,before,2,fixed_winner,10,1,1,1,1,1,2745,0
tiny,6,before,2,fixed_winner,11,1,1,1,1,1,2905,0
tiny,6,before,2,fixed_winner,12,1,1,1,1,1,2635,0
tiny,6,before,2,fixed_winner,13,1,1,1,1,1,2766,0
tiny,6,before,2,fixed_winner,14,1,1,1,1,1,2665,0
tiny,6,after,2,native,0,1,1,1,0,1,2535,3223
tiny,6,after,2,native,1,1,1,1,0,1,2675,3302
tiny,6,after,2,native,2,1,1,1,0,1,2615,3272
tiny,6,after,2,native,3,1,1,1,0,1,2535,3193
tiny,6,after,2,native,4,1,1,1,0,1,2705,3233
tiny,6,after,2,native,5,1,1,1,0,1,17112,17517
tiny,6,after,2,native,6,1,1,1,0,1,2675,3111
tiny,6,after,2,native,7,1,1,1,0,1,2565,3021
tiny,6,after,2,native,8,1,1,1,0,1,2554,3020
tiny,6,after,2,native,9,1,1,1,0,1,2585,3051
tiny,6,after,2,native,10,1,1,1,0,1,2515,3001
tiny,6,after,2,native,11,1,1,1,0,1,2564,3030
tiny,6,after,2,native,12,1,1,1,0,1,2665,3010
tiny,6,after,2,native,13,1,1,1,0,1,6342,6639
tiny,6,after,2,native,14,1,1,1,0,1,2615,2931
tiny,6,after,2,fixed_winner,0,1,1,1,1,1,1733,0
tiny,6,after,2,fixed_winner,1,1,1,1,1,1,1743,0
tiny,6,after,2,fixed_winner,2,1,1,1,1,1,1763,0
tiny,6,after,2,fixed_winner,3,1,1,1,1,1,1874,0
tiny,6,after,2,fixed_winner,4,1,1,1,1,1,1783,0
tiny,6,after,2,fixed_winner,5,1,1,1,1,1,1763,0
tiny,6,after,2,fixed_winner,6,1,1,1,1,1,1733,0
tiny,6,after,2,fixed_winner,7,1,1,1,1,1,1733,0
tiny,6,after,2,fixed_winner,8,1,1,1,1,1,1743,0
tiny,6,after,2,fixed_winner,9,1,1,1,1,1,1733,0
tiny,6,after,2,fixed_winner,10,1,1,1,1,1,1734,0
tiny,6,after,2,fixed_winner,11,1,1,1,1,1,1853,0
tiny,6,after,2,fixed_winner,12,1,1,1,1,1,1723,0
tiny,6,after,2,fixed_winner,13,1,1,1,1,1,1733,0
tiny,6,after,2,fixed_winner,14,1,1,1,1,1,1733,0
tiny,6,before,3,native,0,1,1,1,0,1,2515,3203
tiny,6,before,3,native,1,1,1,1,0,1,2675,3293
tiny,6,before,3,native,2,1,1,1,0,1,2615,3273
tiny,6,before,3,native,3,1,1,1,0,1,2555,3212
tiny,6,before,3,native,4,1,1,1,0,1,2685,3223
tiny,6,before,3,native,5,1,1,1,0,1,20478,20841
tiny,6,before,3,native,6,1,1,1,0,1,2695,3159
tiny,6,before,3,native,7,1,1,1,0,1,2565,3028
tiny,6,before,3,native,8,1,1,1,0,1,2535,3009
tiny,6,before,3,native,9,1,1,1,0,1,2545,2999
tiny,6,before,3,native,10,1,1,1,0,1,2554,2998
tiny,6,before,3,native,11,1,1,1,0,1,2535,3008
tiny,6,before,3,native,12,1,1,1,0,1,2655,2999
tiny,6,before,3,native,13,1,1,1,0,1,2565,3039
tiny,6,before,3,native,14,1,1,1,0,1,2564,3028
tiny,6,before,3,fixed_winner,0,1,1,1,1,1,1743,0
tiny,6,before,3,fixed_winner,1,1,1,1,1,1,1753,0
tiny,6,before,3,fixed_winner,2,1,1,1,1,1,1733,0
tiny,6,before,3,fixed_winner,3,1,1,1,1,1,1884,0
tiny,6,before,3,fixed_winner,4,1,1,1,1,1,1753,0
tiny,6,before,3,fixed_winner,5,1,1,1,1,1,1754,0
tiny,6,before,3,fixed_winner,6,1,1,1,1,1,1743,0
tiny,6,before,3,fixed_winner,7,1,1,1,1,1,1743,0
tiny,6,before,3,fixed_winner,8,1,1,1,1,1,1753,0
tiny,6,before,3,fixed_winner,9,1,1,1,1,1,1753,0
tiny,6,before,3,fixed_winner,10,1,1,1,1,1,1743,0
tiny,6,before,3,fixed_winner,11,1,1,1,1,1,1883,0
tiny,6,before,3,fixed_winner,12,1,1,1,1,1,1754,0
tiny,6,before,3,fixed_winner,13,1,1,1,1,1,1753,0
tiny,6,before,3,fixed_winner,14,1,1,1,1,1,1753,0
tiny,6,after,3,native,0,1,1,1,1,1,2485,3855
tiny,6,after,3,native,1,1,1,1,1,1,2725,4014
tiny,6,after,3,native,2,1,1,1,1,1,2565,3904
tiny,6,after,3,native,3,1,1,1,1,1,2565,3905
tiny,6,after,3,native,4,1,1,1,1,1,2645,3854
tiny,6,after,3,native,5,1,1,1,1,1,2505,3855
tiny,6,after,3,native,6,1,1,1,1,1,2505,3865
tiny,6,after,3,native,7,1,1,1,1,1,2534,3894
tiny,6,after,3,native,8,1,1,1,1,1,2534,3894
tiny,6,after,3,native,9,1,1,1,1,1,2495,3854
tiny,6,after,3,native,10,1,1,1,1,1,2575,3915
tiny,6,after,3,native,11,1,1,1,1,1,2525,3875
tiny,6,after,3,native,12,1,1,1,1,1,2645,3864
tiny,6,after,3,native,13,1,1,1,1,1,17072,17837
tiny,6,after,3,native,14,1,1,1,1,1,2625,3461
tiny,6,after,3,fixed_winner,0,1,1,1,1,1,1683,0
tiny,6,after,3,fixed_winner,1,1,1,1,1,1,1703,0
tiny,6,after,3,fixed_winner,2,1,1,1,1,1,1723,0
tiny,6,after,3,fixed_winner,3,1,1,1,1,1,1873,0
tiny,6,after,3,fixed_winner,4,1,1,1,1,1,1743,0
tiny,6,after,3,fixed_winner,5,1,1,1,1,1,1693,0
tiny,6,after,3,fixed_winner,6,1,1,1,1,1,1704,0
tiny,6,after,3,fixed_winner,7,1,1,1,1,1,1703,0
tiny,6,after,3,fixed_winner,8,1,1,1,1,1,1703,0
tiny,6,after,3,fixed_winner,9,1,1,1,1,1,1693,0
tiny,6,after,3,fixed_winner,10,1,1,1,1,1,1703,0
tiny,6,after,3,fixed_winner,11,1,1,1,1,1,1803,0
tiny,6,after,3,fixed_winner,12,1,1,1,1,1,1693,0
tiny,6,after,3,fixed_winner,13,1,1,1,1,1,1723,0
tiny,6,after,3,fixed_winner,14,1,1,1,1,1,1693,0
tiny,6,before,4,native,0,1,1,1,1,1,2465,3739
tiny,6,before,4,native,1,1,1,1,1,1,2625,3850
tiny,6,before,4,native,2,1,1,1,1,1,2535,3810
tiny,6,before,4,native,3,1,1,1,1,1,2525,3779
tiny,6,before,4,native,4,1,1,1,1,1,2705,3820
tiny,6,before,4,native,5,1,1,1,1,1,16691,17236
tiny,6,before,4,native,6,1,1,1,1,1,2645,3311
tiny,6,before,4,native,7,1,1,1,1,1,2515,3200
tiny,6,before,4,native,8,1,1,1,1,1,2524,3190
tiny,6,before,4,native,9,1,1,1,1,1,2585,3241
tiny,6,before,4,native,10,1,1,1,1,1,2535,3201
tiny,6,before,4,native,11,1,1,1,1,1,2515,3210
tiny,6,before,4,native,12,1,1,1,1,1,2645,3170
tiny,6,before,4,native,13,1,1,1,1,1,2585,3231
tiny,6,before,4,native,14,1,1,1,1,1,2525,3210
tiny,6,before,4,fixed_winner,0,1,1,1,1,1,1683,0
tiny,6,before,4,fixed_winner,1,1,1,1,1,1,1683,0
tiny,6,before,4,fixed_winner,2,1,1,1,1,1,1733,0
tiny,6,before,4,fixed_winner,3,1,1,1,1,1,1853,0
tiny,6,before,4,fixed_winner,4,1,1,1,1,1,1734,0
tiny,6,before,4,fixed_winner,5,1,1,1,1,1,1713,0
tiny,6,before,4,fixed_winner,6,1,1,1,1,1,1714,0
tiny,6,before,4,fixed_winner,7,1,1,1,1,1,1723,0
tiny,6,before,4,fixed_winner,8,1,1,1,1,1,1724,0
tiny,6,before,4,fixed_winner,9,1,1,1,1,1,1713,0
tiny,6,before,4,fixed_winner,10,1,1,1,1,1,1714,0
tiny,6,before,4,fixed_winner,11,1,1,1,1,1,1843,0
tiny,6,before,4,fixed_winner,12,1,1,1,1,1,1723,0
tiny,6,before,4,fixed_winner,13,1,1,1,1,1,1723,0
tiny,6,before,4,fixed_winner,14,1,1,1,1,1,1713,0
tiny,6,after,4,native,0,1,1,1,0,1,2525,3159
tiny,6,after,4,native,1,1,1,1,0,1,2725,3270
tiny,6,after,4,native,2,1,1,1,0,1,2645,3260
tiny,6,after,4,native,3,1,1,1,0,1,2575,3199
tiny,6,after,4,native,4,1,1,1,0,1,2695,3200
tiny,6,after,4,native,5,1,1,1,0,1,17382,17733
tiny,6,after,4,native,6,1,1,1,0,1,2705,3126
tiny,6,after,4,native,7,1,1,1,0,1,2595,3036
tiny,6,after,4,native,8,1,1,1,0,1,2565,3006
tiny,6,after,4,native,9,1,1,1,0,1,2554,2985
tiny,6,after,4,native,10,1,1,1,0,1,2635,3066
tiny,6,after,4,native,11,1,1,1,0,1,2605,3046
tiny,6,after,4,native,12,1,1,1,0,1,2705,3035
tiny,6,after,4,native,13,1,1,1,0,1,6542,6818
tiny,6,after,4,native,14,1,1,1,0,1,2605,2911
tiny,6,after,4,fixed_winner,0,1,1,1,1,1,1723,0
tiny,6,after,4,fixed_winner,1,1,1,1,1,1,1763,0
tiny,6,after,4,fixed_winner,2,1,1,1,1,1,1764,0
tiny,6,after,4,fixed_winner,3,1,1,1,1,1,1863,0
tiny,6,after,4,fixed_winner,4,1,1,1,1,1,1743,0
tiny,6,after,4,fixed_winner,5,1,1,1,1,1,1723,0
tiny,6,after,4,fixed_winner,6,1,1,1,1,1,1723,0
tiny,6,after,4,fixed_winner,7,1,1,1,1,1,1723,0
tiny,6,after,4,fixed_winner,8,1,1,1,1,1,1723,0
tiny,6,after,4,fixed_winner,9,1,1,1,1,1,1723,0
tiny,6,after,4,fixed_winner,10,1,1,1,1,1,1724,0
tiny,6,after,4,fixed_winner,11,1,1,1,1,1,1833,0
tiny,6,after,4,fixed_winner,12,1,1,1,1,1,1723,0
tiny,6,after,4,fixed_winner,13,1,1,1,1,1,1733,0
tiny,6,after,4,fixed_winner,14,1,1,1,1,1,1723,0
tiny,8,before,0,native,0,1,1,1,0,1,2514,3730
tiny,8,before,0,native,1,1,1,1,0,1,2645,3810
tiny,8,before,0,native,2,1,1,1,0,1,2565,3770
tiny,8,before,0,native,3,1,1,1,0,1,2575,3751
tiny,8,before,0,native,4,1,1,1,0,1,2715,3760
tiny,8,before,0,native,5,1,1,1,0,1,18886,19687
tiny,8,before,0,native,6,1,1,1,0,1,2595,3466
tiny,8,before,0,native,7,1,1,1,0,1,2515,3406
tiny,8,before,0,native,8,1,1,1,0,1,2545,3427
tiny,8,before,0,native,9,1,1,1,0,1,2515,3416
tiny,8,before,0,native,10,1,1,1,0,1,2554,3446
tiny,8,before,0,native,11,1,1,1,0,1,2515,3396
tiny,8,before,0,native,12,1,1,1,0,1,2625,3397
tiny,8,before,0,native,13,1,1,1,0,1,6032,6646
tiny,8,before,0,native,14,1,1,1,0,1,2555,3201
tiny,8,before,0,fixed_winner,0,1,1,1,1,1,1724,0
tiny,8,before,0,fixed_winner,1,1,1,1,1,1,1724,0
tiny,8,before,0,fixed_winner,2,1,1,1,1,1,1743,0
tiny,8,before,0,fixed_winner,3,1,1,1,1,1,1893,0
tiny,8,before,0,fixed_winner,4,1,1,1,1,1,1734,0
tiny,8,before,0,fixed_winner,5,1,1,1,1,1,1733,0
tiny,8,before,0,fixed_winner,6,1,1,1,1,1,1714,0
tiny,8,before,0,fixed_winner,7,1,1,1,1,1,1733,0
tiny,8,before,0,fixed_winner,8,1,1,1,1,1,1714,0
tiny,8,before,0,fixed_winner,9,1,1,1,1,1,1743,0
tiny,8,before,0,fixed_winner,10,1,1,1,1,1,1724,0
tiny,8,before,0,fixed_winner,11,1,1,1,1,1,1853,0
tiny,8,before,0,fixed_winner,12,1,1,1,1,1,1723,0
tiny,8,before,0,fixed_winner,13,1,1,1,1,1,1713,0
tiny,8,before,0,fixed_winner,14,1,1,1,1,1,1723,0
tiny,8,after,0,native,0,1,1,1,0,1,2455,3166
tiny,8,after,0,native,1,1,1,1,0,1,2595,3246
tiny,8,after,0,native,2,1,1,1,0,1,2564,3246
tiny,8,after,0,native,3,1,1,1,0,1,2515,3187
tiny,8,after,0,native,4,1,1,1,0,1,2675,3226
tiny,8,after,0,native,5,1,1,1,0,1,22472,22955
tiny,8,after,0,native,6,1,1,1,0,1,2705,3219
tiny,8,after,0,native,7,1,1,1,0,1,2524,3078
tiny,8,after,0,native,8,1,1,1,0,1,2525,3048
tiny,8,after,0,native,9,1,1,1,0,1,2535,3069
tiny,8,after,0,native,10,1,1,1,0,1,2515,3069
tiny,8,after,0,native,11,1,1,1,0,1,2514,3068
tiny,8,after,0,native,12,1,1,1,0,1,2645,3088
tiny,8,after,0,native,13,1,1,1,0,1,2505,3069
tiny,8,after,0,native,14,1,1,1,0,1,2505,3049
tiny,8,after,0,fixed_winner,0,1,1,1,1,1,1693,0
tiny,8,after,0,fixed_winner,1,1,1,1,1,1,1703,0
tiny,8,after,0,fixed_winner,2,1,1,1,1,1,1703,0
tiny,8,after,0,fixed_winner,3,1,1,1,1,1,1864,0
tiny,8,after,0,fixed_winner,4,1,1,1,1,1,1713,0
tiny,8,after,0,fixed_winner,5,1,1,1,1,1,1704,0
tiny,8,after,0,fixed_winner,6,1,1,1,1,1,1703,0
tiny,8,after,0,fixed_winner,7,1,1,1,1,1,1693,0
tiny,8,after,0,fixed_winner,8,1,1,1,1,1,1723,0
tiny,8,after,0,fixed_winner,9,1,1,1,1,1,1693,0
tiny,8,after,0,fixed_winner,10,1,1,1,1,1,1693,0
tiny,8,after,0,fixed_winner,11,1,1,1,1,1,1813,0
tiny,8,after,0,fixed_winner,12,1,1,1,1,1,1693,0
tiny,8,after,0,fixed_winner,13,1,1,1,1,1,1693,0
tiny,8,after,0,fixed_winner,14,1,1,1,1,1,1703,0
tiny,8,after,1,native,0,1,1,1,0,1,2565,3287
tiny,8,after,1,native,1,1,1,1,0,1,2755,3418
tiny,8,after,1,native,2,1,1,1,0,1,2575,3268
tiny,8,after,1,native,3,1,1,1,0,1,2595,3297
tiny,8,after,1,native,4,1,1,1,0,1,2725,3298
tiny,8,after,1,native,5,1,1,1,0,1,21820,22196
tiny,8,after,1,native,6,1,1,1,0,1,2635,3101
tiny,8,after,1,native,7,1,1,1,0,1,2595,3091
tiny,8,after,1,native,8,1,1,1,0,1,19166,3060
tiny,8,after,1,native,9,1,1,1,0,1,8455,8751
tiny,8,after,1,native,10,1,1,1,0,1,2645,3101
tiny,8,after,1,native,11,1,1,1,0,1,2645,3121
tiny,8,after,1,native,12,1,1,1,0,1,2674,3020
tiny,8,after,1,native,13,1,1,1,0,1,2555,3040
tiny,8,after,1,native,14,1,1,1,0,1,2545,3031
tiny,8,after,1,fixed_winner,0,1,1,1,1,1,1723,0
tiny,8,after,1,fixed_winner,1,1,1,1,1,1,1763,0
tiny,8,after,1,fixed_winner,2,1,1,1,1,1,1753,0
tiny,8,after,1,fixed_winner,3,1,1,1,1,1,1894,0
tiny,8,after,1,fixed_winner,4,1,1,1,1,1,1784,0
tiny,8,after,1,fixed_winner,5,1,1,1,1,1,1743,0
tiny,8,after,1,fixed_winner,6,1,1,1,1,1,1724,0
tiny,8,after,1,fixed_winner,7,1,1,1,1,1,1723,0
tiny,8,after,1,fixed_winner,8,1,1,1,1,1,1724,0
tiny,8,after,1,fixed_winner,9,1,1,1,1,1,1723,0
tiny,8,after,1,fixed_winner,10,1,1,1,1,1,1754,0
tiny,8,after,1,fixed_winner,11,1,1,1,1,1,6622,0
tiny,8,after,1,fixed_winner,12,1,1,1,1,1,1763,0
tiny,8,after,1,fixed_winner,13,1,1,1,1,1,1763,0
tiny,8,after,1,fixed_winner,14,1,1,1,1,1,1753,0
tiny,8,before,1,native,0,1,1,1,0,1,4729,5743
tiny,8,before,1,native,1,1,1,1,0,1,4929,5883
tiny,8,before,1,native,2,1,1,1,0,1,4778,5782
tiny,8,before,1,native,3,1,1,1,0,1,4779,5773
tiny,8,before,1,native,4,1,1,1,0,1,4869,5742
tiny,8,before,1,native,5,1,1,1,0,1,4809,5803
tiny,8,before,1,native,6,1,1,1,0,1,4809,5792
tiny,8,before,1,native,7,1,1,1,0,1,4709,5703
tiny,8,before,1,native,8,1,1,1,0,1,4719,5733
tiny,8,before,1,native,9,1,1,1,0,1,4678,5692
tiny,8,before,1,native,10,1,1,1,0,1,4739,5762
tiny,8,before,1,native,11,1,1,1,0,1,4779,5783
tiny,8,before,1,native,12,1,1,1,0,1,4860,5762
tiny,8,before,1,native,13,1,1,1,0,1,19677,20246
tiny,8,before,1,native,14,1,1,1,0,1,4829,5439
tiny,8,before,1,fixed_winner,0,1,1,1,1,1,1723,0
tiny,8,before,1,fixed_winner,1,1,1,1,1,1,1713,0
tiny,8,before,1,fixed_winner,2,1,1,1,1,1,1943,0
tiny,8,before,1,fixed_winner,3,1,1,1,1,1,1943,0
tiny,8,before,1,fixed_winner,4,1,1,1,1,1,1743,0
tiny,8,before,1,fixed_winner,5,1,1,1,1,1,1693,0
tiny,8,before,1,fixed_winner,6,1,1,1,1,1,1713,0
tiny,8,before,1,fixed_winner,7,1,1,1,1,1,1743,0
tiny,8,before,1,fixed_winner,8,1,1,1,1,1,1713,0
tiny,8,before,1,fixed_winner,9,1,1,1,1,1,1743,0
tiny,8,before,1,fixed_winner,10,1,1,1,1,1,1723,0
tiny,8,before,1,fixed_winner,11,1,1,1,1,1,1834,0
tiny,8,before,1,fixed_winner,12,1,1,1,1,1,1743,0
tiny,8,before,1,fixed_winner,13,1,1,1,1,1,1713,0
tiny,8,before,1,fixed_winner,14,1,1,1,1,1,1723,0
tiny,8,after,2,native,0,1,1,1,0,1,2595,3286
tiny,8,after,2,native,1,1,1,1,0,1,2585,3225
tiny,8,after,2,native,2,1,1,1,0,1,2655,3325
tiny,8,after,2,native,3,1,1,1,0,1,2585,3225
tiny,8,after,2,native,4,1,1,1,0,1,2675,3236
tiny,8,after,2,native,5,1,1,1,0,1,22953,23314
tiny,8,after,2,native,6,1,1,1,0,1,2665,3116
tiny,8,after,2,native,7,1,1,1,0,1,2595,3067
tiny,8,after,2,native,8,1,1,1,0,1,2524,2986
tiny,8,after,2,native,9,1,1,1,0,1,2585,3056
tiny,8,after,2,native,10,1,1,1,0,1,2525,2977
tiny,8,after,2,native,11,1,1,1,0,1,2515,2976
tiny,8,after,2,native,12,1,1,1,0,1,2725,3066
tiny,8,after,2,native,13,1,1,1,0,1,2515,2977
tiny,8,after,2,native,14,1,1,1,0,1,2545,3017
tiny,8,after,2,fixed_winner,0,1,1,1,1,1,1714,0
tiny,8,after,2,fixed_winner,1,1,1,1,1,1,1764,0
tiny,8,after,2,fixed_winner,2,1,1,1,1,1,1723,0
tiny,8,after,2,fixed_winner,3,1,1,1,1,1,1864,0
tiny,8,after,2,fixed_winner,4,1,1,1,1,1,1744,0
tiny,8,after,2,fixed_winner,5,1,1,1,1,1,1723,0
tiny,8,after,2,fixed_winner,6,1,1,1,1,1,1723,0
tiny,8,after,2,fixed_winner,7,1,1,1,1,1,1723,0
tiny,8,after,2,fixed_winner,8,1,1,1,1,1,1723,0
tiny,8,after,2,fixed_winner,9,1,1,1,1,1,1723,0
tiny,8,after,2,fixed_winner,10,1,1,1,1,1,1713,0
tiny,8,after,2,fixed_winner,11,1,1,1,1,1,1833,0
tiny,8,after,2,fixed_winner,12,1,1,1,1,1,1724,0
tiny,8,after,2,fixed_winner,13,1,1,1,1,1,1723,0
tiny,8,after,2,fixed_winner,14,1,1,1,1,1,1724,0
tiny,8,before,2,native,0,1,1,1,0,1,2555,3625
tiny,8,before,2,native,1,1,1,1,0,1,2615,3635
tiny,8,before,2,native,2,1,1,1,0,1,2595,3625
tiny,8,before,2,native,3,1,1,1,0,1,2524,3584
tiny,8,before,2,native,4,1,1,1,0,1,2665,3584
tiny,8,before,2,native,5,1,1,1,0,1,2565,3615
tiny,8,before,2,native,6,1,1,1,0,1,2504,3584
tiny,8,before,2,native,7,1,1,1,0,1,2504,3584
tiny,8,before,2,native,8,1,1,1,0,1,2555,3605
tiny,8,before,2,native,9,1,1,1,0,1,2535,3605
tiny,8,before,2,native,10,1,1,1,0,1,2534,3614
tiny,8,before,2,native,11,1,1,1,0,1,2525,3594
tiny,8,before,2,native,12,1,1,1,0,1,2625,3575
tiny,8,before,2,native,13,1,1,1,0,1,18425,18991
tiny,8,before,2,native,14,1,1,1,0,1,2595,3222
tiny,8,before,2,fixed_winner,0,1,1,1,1,1,1733,0
tiny,8,before,2,fixed_winner,1,1,1,1,1,1,1753,0
tiny,8,before,2,fixed_winner,2,1,1,1,1,1,1713,0
tiny,8,before,2,fixed_winner,3,1,1,1,1,1,1904,0
tiny,8,before,2,fixed_winner,4,1,1,1,1,1,1753,0
tiny,8,before,2,fixed_winner,5,1,1,1,1,1,1713,0
tiny,8,before,2,fixed_winner,6,1,1,1,1,1,1713,0
tiny,8,before,2,fixed_winner,7,1,1,1,1,1,1713,0
tiny,8,before,2,fixed_winner,8,1,1,1,1,1,1713,0
tiny,8,before,2,fixed_winner,9,1,1,1,1,1,1704,0
tiny,8,before,2,fixed_winner,10,1,1,1,1,1,1713,0
tiny,8,before,2,fixed_winner,11,1,1,1,1,1,1834,0
tiny,8,before,2,fixed_winner,12,1,1,1,1,1,1723,0
tiny,8,before,2,fixed_winner,13,1,1,1,1,1,1713,0
tiny,8,before,2,fixed_winner,14,1,1,1,1,1,1703,0
tiny,8,after,3,native,0,1,1,1,0,1,2655,3364
tiny,8,after,3,native,1,1,1,1,0,1,2766,3443
tiny,8,after,3,native,2,1,1,1,0,1,2725,3404
tiny,8,after,3,native,3,1,1,1,0,1,2655,3343
tiny,8,after,3,native,4,1,1,1,0,1,2815,3384
tiny,8,after,3,native,5,1,1,1,0,1,22722,23109
tiny,8,after,3,native,6,1,1,1,0,1,2665,3102
tiny,8,after,3,native,7,1,1,1,0,1,2635,3092
tiny,8,after,3,native,8,1,1,1,0,1,2705,3152
tiny,8,after,3,native,9,1,1,1,0,1,2615,3062
tiny,8,after,3,native,10,1,1,1,0,1,2635,3092
tiny,8,after,3,native,11,1,1,1,0,1,2544,2991
tiny,8,after,3,native,12,1,1,1,0,1,2675,3011
tiny,8,after,3,native,13,1,1,1,0,1,2575,3032
tiny,8,after,3,native,14,1,1,1,0,1,2635,3061
tiny,8,after,3,fixed_winner,0,1,1,1,1,1,1683,0
tiny,8,after,3,fixed_winner,1,1,1,1,1,1,1723,0
tiny,8,after,3,fixed_winner,2,1,1,1,1,1,1723,0
tiny,8,after,3,fixed_winner,3,1,1,1,1,1,1833,0
tiny,8,after,3,fixed_winner,4,1,1,1,1,1,1714,0
tiny,8,after,3,fixed_winner,5,1,1,1,1,1,1703,0
tiny,8,after,3,fixed_winner,6,1,1,1,1,1,1683,0
tiny,8,after,3,fixed_winner,7,1,1,1,1,1,1703,0
tiny,8,after,3,fixed_winner,8,1,1,1,1,1,1693,0
tiny,8,after,3,fixed_winner,9,1,1,1,1,1,1684,0
tiny,8,after,3,fixed_winner,10,1,1,1,1,1,1683,0
tiny,8,after,3,fixed_winner,11,1,1,1,1,1,1804,0
tiny,8,after,3,fixed_winner,12,1,1,1,1,1,1693,0
tiny,8,after,3,fixed_winner,13,1,1,1,1,1,1684,0
tiny,8,after,3,fixed_winner,14,1,1,1,1,1,1703,0
tiny,8,before,3,native,0,1,1,1,0,1,2585,3337
tiny,8,before,3,native,1,1,1,1,0,1,2655,3357
tiny,8,before,3,native,2,1,1,1,0,1,2605,3338
tiny,8,before,3,native,3,1,1,1,0,1,2575,3297
tiny,8,before,3,native,4,1,1,1,0,1,2655,3257
tiny,8,before,3,native,5,1,1,1,0,1,23534,23955
tiny,8,before,3,native,6,1,1,1,0,1,2685,3136
tiny,8,before,3,native,7,1,1,1,0,1,2585,3075
tiny,8,before,3,native,8,1,1,1,0,1,2545,3026
tiny,8,before,3,native,9,1,1,1,0,1,2575,3055
tiny,8,before,3,native,10,1,1,1,0,1,2534,3035
tiny,8,before,3,native,11,1,1,1,0,1,2525,3005
tiny,8,before,3,native,12,1,1,1,0,1,2715,3086
tiny,8,before,3,native,13,1,1,1,0,1,2534,3025
tiny,8,before,3,native,14,1,1,1,0,1,2615,3096
tiny,8,before,3,fixed_winner,0,1,1,1,1,1,1734,0
tiny,8,before,3,fixed_winner,1,1,1,1,1,1,1733,0
tiny,8,before,3,fixed_winner,2,1,1,1,1,1,1753,0
tiny,8,before,3,fixed_winner,3,1,1,1,1,1,1904,0
tiny,8,before,3,fixed_winner,4,1,1,1,1,1,1754,0
tiny,8,before,3,fixed_winner,5,1,1,1,1,1,1743,0
tiny,8,before,3,fixed_winner,6,1,1,1,1,1,1734,0
tiny,8,before,3,fixed_winner,7,1,1,1,1,1,1743,0
tiny,8,before,3,fixed_winner,8,1,1,1,1,1,1744,0
tiny,8,before,3,fixed_winner,9,1,1,1,1,1,1743,0
tiny,8,before,3,fixed_winner,10,1,1,1,1,1,1764,0
tiny,8,before,3,fixed_winner,11,1,1,1,1,1,1874,0
tiny,8,before,3,fixed_winner,12,1,1,1,1,1,1733,0
tiny,8,before,3,fixed_winner,13,1,1,1,1,1,1734,0
tiny,8,before,3,fixed_winner,14,1,1,1,1,1,1753,0
tiny,8,before,4,native,0,1,1,1,0,1,2505,3510
tiny,8,before,4,native,1,1,1,1,0,1,2625,3581
tiny,8,before,4,native,2,1,1,1,0,1,2565,3530
tiny,8,before,4,native,3,1,1,1,0,1,2535,3521
tiny,8,before,4,native,4,1,1,1,0,1,2705,3541
tiny,8,before,4,native,5,1,1,1,0,1,2555,3530
tiny,8,before,4,native,6,1,1,1,0,1,2565,3551
tiny,8,before,4,native,7,1,1,1,0,1,2535,3521
tiny,8,before,4,native,8,1,1,1,0,1,2564,3540
tiny,8,before,4,native,9,1,1,1,0,1,2575,3540
tiny,8,before,4,native,10,1,1,1,0,1,2535,3521
tiny,8,before,4,native,11,1,1,1,0,1,2535,3531
tiny,8,before,4,native,12,1,1,1,0,1,2645,3510
tiny,8,before,4,native,13,1,1,1,0,1,19096,19631
tiny,8,before,4,native,14,1,1,1,0,1,2595,3210
tiny,8,before,4,fixed_winner,0,1,1,1,1,1,1723,0
tiny,8,before,4,fixed_winner,1,1,1,1,1,1,1743,0
tiny,8,before,4,fixed_winner,2,1,1,1,1,1,1733,0
tiny,8,before,4,fixed_winner,3,1,1,1,1,1,1933,0
tiny,8,before,4,fixed_winner,4,1,1,1,1,1,1773,0
tiny,8,before,4,fixed_winner,5,1,1,1,1,1,1773,0
tiny,8,before,4,fixed_winner,6,1,1,1,1,1,1763,0
tiny,8,before,4,fixed_winner,7,1,1,1,1,1,1764,0
tiny,8,before,4,fixed_winner,8,1,1,1,1,1,1753,0
tiny,8,before,4,fixed_winner,9,1,1,1,1,1,1754,0
tiny,8,before,4,fixed_winner,10,1,1,1,1,1,1743,0
tiny,8,before,4,fixed_winner,11,1,1,1,1,1,1874,0
tiny,8,before,4,fixed_winner,12,1,1,1,1,1,1763,0
tiny,8,before,4,fixed_winner,13,1,1,1,1,1,1753,0
tiny,8,before,4,fixed_winner,14,1,1,1,1,1,1754,0
tiny,8,after,4,native,0,1,1,1,0,1,2565,3171
tiny,8,after,4,native,1,1,1,1,0,1,2675,3210
tiny,8,after,4,native,2,1,1,1,0,1,2675,3241
tiny,8,after,4,native,3,1,1,1,0,1,2624,3190
tiny,8,after,4,native,4,1,1,1,0,1,2775,3231
tiny,8,after,4,native,5,1,1,1,0,1,19336,19659
tiny,8,after,4,native,6,1,1,1,0,1,2675,3088
tiny,8,after,4,native,7,1,1,1,0,1,2605,3019
tiny,8,after,4,native,8,1,1,1,0,1,2564,2968
tiny,8,after,4,native,9,1,1,1,0,1,2565,2978
tiny,8,after,4,native,10,1,1,1,0,1,2585,2999
tiny,8,after,4,native,11,1,1,1,0,1,2624,3028
tiny,8,after,4,native,12,1,1,1,0,1,2685,2998
tiny,8,after,4,native,13,1,1,1,0,1,6242,6497
tiny,8,after,4,native,14,1,1,1,0,1,2604,2879
tiny,8,after,4,fixed_winner,0,1,1,1,1,1,1733,0
tiny,8,after,4,fixed_winner,1,1,1,1,1,1,1733,0
tiny,8,after,4,fixed_winner,2,1,1,1,1,1,1763,0
tiny,8,after,4,fixed_winner,3,1,1,1,1,1,1874,0
tiny,8,after,4,fixed_winner,4,1,1,1,1,1,1753,0
tiny,8,after,4,fixed_winner,5,1,1,1,1,1,1754,0
tiny,8,after,4,fixed_winner,6,1,1,1,1,1,1723,0
tiny,8,after,4,fixed_winner,7,1,1,1,1,1,1734,0
tiny,8,after,4,fixed_winner,8,1,1,1,1,1,1763,0
tiny,8,after,4,fixed_winner,9,1,1,1,1,1,1723,0
tiny,8,after,4,fixed_winner,10,1,1,1,1,1,1753,0
tiny,8,after,4,fixed_winner,11,1,1,1,1,1,1823,0
tiny,8,after,4,fixed_winner,12,1,1,1,1,1,1734,0
tiny,8,after,4,fixed_winner,13,1,1,1,1,1,1733,0
tiny,8,after,4,fixed_winner,14,1,1,1,1,1,1764,0
chunk_edge,2,after,0,native,0,1,1,1,1,1,13014,13769
chunk_edge,2,after,0,native,1,1,1,1,1,1,13074,13778
chunk_edge,2,after,0,native,2,1,1,1,1,1,13064,13769
chunk_edge,2,after,0,native,3,1,1,1,1,1,13034,13768
chunk_edge,2,after,0,native,4,1,1,1,1,1,13225,13789
chunk_edge,2,after,0,native,5,1,1,1,1,1,31228,31663
chunk_edge,2,after,0,native,6,1,1,1,1,1,13185,13700
chunk_edge,2,after,0,native,7,1,1,1,1,1,13065,13560
chunk_edge,2,after,0,native,8,1,1,1,1,1,13024,13529
chunk_edge,2,after,0,native,9,1,1,1,1,1,13024,13520
chunk_edge,2,after,0,native,10,1,1,1,1,1,13045,13550
chunk_edge,2,after,0,native,11,1,1,1,1,1,13034,13549
chunk_edge,2,after,0,native,12,1,1,1,1,1,13195,13560
chunk_edge,2,after,0,native,13,1,1,1,1,1,13054,13549
chunk_edge,2,after,0,native,14,1,1,1,1,1,13024,13540
chunk_edge,2,after,0,fixed_winner,0,1,1,1,1,1,12203,0
chunk_edge,2,after,0,fixed_winner,1,1,1,1,1,1,12203,0
chunk_edge,2,after,0,fixed_winner,2,1,1,1,1,1,12203,0
chunk_edge,2,after,0,fixed_winner,3,1,1,1,1,1,12333,0
chunk_edge,2,after,0,fixed_winner,4,1,1,1,1,1,12213,0
chunk_edge,2,after,0,fixed_winner,5,1,1,1,1,1,24496,0
chunk_edge,2,after,0,fixed_winner,6,1,1,1,1,1,13876,0
chunk_edge,2,after,0,fixed_winner,7,1,1,1,1,1,12192,0
chunk_edge,2,after,0,fixed_winner,8,1,1,1,1,1,12203,0
chunk_edge,2,after,0,fixed_winner,9,1,1,1,1,1,12173,0
chunk_edge,2,after,0,fixed_winner,10,1,1,1,1,1,12192,0
chunk_edge,2,after,0,fixed_winner,11,1,1,1,1,1,12363,0
chunk_edge,2,after,0,fixed_winner,12,1,1,1,1,1,12213,0
chunk_edge,2,after,0,fixed_winner,13,1,1,1,1,1,12192,0
chunk_edge,2,after,0,fixed_winner,14,1,1,1,1,1,12183,0
chunk_edge,2,before,0,native,0,1,1,1,1,1,13074,13849
chunk_edge,2,before,0,native,1,1,1,1,1,1,13104,13849
chunk_edge,2,before,0,native,2,1,1,1,1,1,13104,13810
chunk_edge,2,before,0,native,3,1,1,1,1,1,13024,13789
chunk_edge,2,before,0,native,4,1,1,1,1,1,13215,13810
chunk_edge,2,before,0,native,5,1,1,1,1,1,30016,30449
chunk_edge,2,before,0,native,6,1,1,1,1,1,13145,13698
chunk_edge,2,before,0,native,7,1,1,1,1,1,13064,13638
chunk_edge,2,before,0,native,8,1,1,1,1,1,13035,13608
chunk_edge,2,before,0,native,9,1,1,1,1,1,13054,13617
chunk_edge,2,before,0,native,10,1,1,1,1,1,13034,13598
chunk_edge,2,before,0,native,11,1,1,1,1,1,13054,13627
chunk_edge,2,before,0,native,12,1,1,1,1,1,13174,13618
chunk_edge,2,before,0,native,13,1,1,1,1,1,13054,13617
chunk_edge,2,before,0,native,14,1,1,1,1,1,13064,13607
chunk_edge,2,before,0,fixed_winner,0,1,1,1,1,1,12223,0
chunk_edge,2,before,0,fixed_winner,1,1,1,1,1,1,12233,0
chunk_edge,2,before,0,fixed_winner,2,1,1,1,1,1,12223,0
chunk_edge,2,before,0,fixed_winner,3,1,1,1,1,1,12363,0
chunk_edge,2,before,0,fixed_winner,4,1,1,1,1,1,12233,0
chunk_edge,2,before,0,fixed_winner,5,1,1,1,1,1,12223,0
chunk_edge,2,before,0,fixed_winner,6,1,1,1,1,1,12222,0
chunk_edge,2,before,0,fixed_winner,7,1,1,1,1,1,12223,0
chunk_edge,2,before,0,fixed_winner,8,1,1,1,1,1,12213,0
chunk_edge,2,before,0,fixed_winner,9,1,1,1,1,1,12223,0
chunk_edge,2,before,0,fixed_winner,10,1,1,1,1,1,12213,0
chunk_edge,2,before,0,fixed_winner,11,1,1,1,1,1,12333,0
chunk_edge,2,before,0,fixed_winner,12,1,1,1,1,1,12233,0
chunk_edge,2,before,0,fixed_winner,13,1,1,1,1,1,12213,0
chunk_edge,2,before,0,fixed_winner,14,1,1,1,1,1,12242,0
chunk_edge,2,after,1,native,0,1,1,1,1,1,12995,13624
chunk_edge,2,after,1,native,1,1,1,1,1,1,13145,13704
chunk_edge,2,after,1,native,2,1,1,1,1,1,13105,13693
chunk_edge,2,after,1,native,3,1,1,1,1,1,13034,13654
chunk_edge,2,after,1,native,4,1,1,1,1,1,13214,13673
chunk_edge,2,after,1,native,5,1,1,1,1,1,27942,28289
chunk_edge,2,after,1,native,6,1,1,1,1,1,13094,13491
chunk_edge,2,after,1,native,7,1,1,1,1,1,13065,13491
chunk_edge,2,after,1,native,8,1,1,1,1,1,13044,13481
chunk_edge,2,after,1,native,9,1,1,1,1,1,13035,13462
chunk_edge,2,after,1,native,10,1,1,1,1,1,13034,13461
chunk_edge,2,after,1,native,11,1,1,1,1,1,13074,13502
chunk_edge,2,after,1,native,12,1,1,1,1,1,13164,13481
chunk_edge,2,after,1,native,13,1,1,1,1,1,16641,16925
chunk_edge,2,after,1,native,14,1,1,1,1,1,13074,13368
chunk_edge,2,after,1,fixed_winner,0,1,1,1,1,1,12213,0
chunk_edge,2,after,1,fixed_winner,1,1,1,1,1,1,12223,0
chunk_edge,2,after,1,fixed_winner,2,1,1,1,1,1,12233,0
chunk_edge,2,after,1,fixed_winner,3,1,1,1,1,1,12353,0
chunk_edge,2,after,1,fixed_winner,4,1,1,1,1,1,12233,0
chunk_edge,2,after,1,fixed_winner,5,1,1,1,1,1,12233,0
chunk_edge,2,after,1,fixed_winner,6,1,1,1,1,1,12213,0
chunk_edge,2,after,1,fixed_winner,7,1,1,1,1,1,12233,0
chunk_edge,2,after,1,fixed_winner,8,1,1,1,1,1,12223,0
chunk_edge,2,after,1,fixed_winner,9,1,1,1,1,1,12232,0
chunk_edge,2,after,1,fixed_winner,10,1,1,1,1,1,12223,0
chunk_edge,2,after,1,fixed_winner,11,1,1,1,1,1,12323,0
chunk_edge,2,after,1,fixed_winner,12,1,1,1,1,1,12233,0
chunk_edge,2,after,1,fixed_winner,13,1,1,1,1,1,12223,0
chunk_edge,2,after,1,fixed_winner,14,1,1,1,1,1,12243,0
chunk_edge,2,before,1,native,0,1,1,1,1,1,13035,16730
chunk_edge,2,before,1,native,1,1,1,1,1,1,13155,16830
chunk_edge,2,before,1,native,2,1,1,1,1,1,13074,16759
chunk_edge,2,before,1,native,3,1,1,1,1,1,13045,16750
chunk_edge,2,before,1,native,4,1,1,1,1,1,13234,16759
chunk_edge,2,before,1,native,5,1,1,1,1,1,27381,30755
chunk_edge,2,before,1,native,6,1,1,1,1,1,13154,16579
chunk_edge,2,before,1,native,7,1,1,1,1,1,13074,16508
chunk_edge,2,before,1,native,8,1,1,1,1,1,13024,16479
chunk_edge,2,before,1,native,9,1,1,1,1,1,13055,16509
chunk_edge,2,before,1,native,10,1,1,1,1,1,13024,16488
chunk_edge,2,before,1,native,11,1,1,1,1,1,13065,16509
chunk_edge,2,before,1,native,12,1,1,1,1,1,13174,16498
chunk_edge,2,before,1,native,13,1,1,1,1,1,16581,19805
chunk_edge,2,before,1,native,14,1,1,1,1,1,13065,16319
chunk_edge,2,before,1,fixed_winner,0,1,1,1,1,1,12213,0
chunk_edge,2,before,1,fixed_winner,1,1,1,1,1,1,12203,0
chunk_edge,2,before,1,fixed_winner,2,1,1,1,1,1,12213,0
chunk_edge,2,before,1,fixed_winner,3,1,1,1,1,1,12363,0
chunk_edge,2,before,1,fixed_winner,4,1,1,1,1,1,12223,0
chunk_edge,2,before,1,fixed_winner,5,1,1,1,1,1,12193,0
chunk_edge,2,before,1,fixed_winner,6,1,1,1,1,1,12213,0
chunk_edge,2,before,1,fixed_winner,7,1,1,1,1,1,12203,0
chunk_edge,2,before,1,fixed_winner,8,1,1,1,1,1,12182,0
chunk_edge,2,before,1,fixed_winner,9,1,1,1,1,1,12203,0
chunk_edge,2,before,1,fixed_winner,10,1,1,1,1,1,12182,0
chunk_edge,2,before,1,fixed_winner,11,1,1,1,1,1,12323,0
chunk_edge,2,before,1,fixed_winner,12,1,1,1,1,1,12193,0
chunk_edge,2,before,1,fixed_winner,13,1,1,1,1,1,12192,0
chunk_edge,2,before,1,fixed_winner,14,1,1,1,1,1,12213,0
chunk_edge,2,before,2,native,0,1,1,1,1,1,13094,20982
chunk_edge,2,before,2,native,1,1,1,1,1,1,13185,21033
chunk_edge,2,before,2,native,2,1,1,1,1,1,13104,20962
chunk_edge,2,before,2,native,3,1,1,1,1,1,13184,21032
chunk_edge,2,before,2,native,4,1,1,1,1,1,13275,20983
chunk_edge,2,before,2,native,5,1,1,1,1,1,13104,20963
chunk_edge,2,before,2,native,6,1,1,1,1,1,13085,20963
chunk_edge,2,before,2,native,7,1,1,1,1,1,13024,20892
chunk_edge,2,before,2,native,8,1,1,1,1,1,13095,20973
chunk_edge,2,before,2,native,9,1,1,1,1,1,13084,20952
chunk_edge,2,before,2,native,10,1,1,1,1,1,13024,20903
chunk_edge,2,before,2,native,11,1,1,1,1,1,13195,21042
chunk_edge,2,before,2,native,12,1,1,1,1,1,13215,20953
chunk_edge,2,before,2,native,13,1,1,1,1,1,27862,35112
chunk_edge,2,before,2,native,14,1,1,1,1,1,13135,20495
chunk_edge,2,before,2,fixed_winner,0,1,1,1,1,1,12183,0
chunk_edge,2,before,2,fixed_winner,1,1,1,1,1,1,12213,0
chunk_edge,2,before,2,fixed_winner,2,1,1,1,1,1,12183,0
chunk_edge,2,before,2,fixed_winner,3,1,1,1,1,1,12343,0
chunk_edge,2,before,2,fixed_winner,4,1,1,1,1,1,12203,0
chunk_edge,2,before,2,fixed_winner,5,1,1,1,1,1,12203,0
chunk_edge,2,before,2,fixed_winner,6,1,1,1,1,1,12183,0
chunk_edge,2,before,2,fixed_winner,7,1,1,1,1,1,12183,0
chunk_edge,2,before,2,fixed_winner,8,1,1,1,1,1,12193,0
chunk_edge,2,before,2,fixed_winner,9,1,1,1,1,1,12173,0
chunk_edge,2,before,2,fixed_winner,10,1,1,1,1,1,12193,0
chunk_edge,2,before,2,fixed_winner,11,1,1,1,1,1,12323,0
chunk_edge,2,before,2,fixed_winner,12,1,1,1,1,1,12193,0
chunk_edge,2,before,2,fixed_winner,13,1,1,1,1,1,12183,0
chunk_edge,2,before,2,fixed_winner,14,1,1,1,1,1,12173,0
chunk_edge,2,after,2,native,0,1,1,1,1,1,12984,17012
chunk_edge,2,after,2,native,1,1,1,1,1,1,13225,17163
chunk_edge,2,after,2,native,2,1,1,1,1,1,13174,17183
chunk_edge,2,after,2,native,3,1,1,1,1,1,13124,17132
chunk_edge,2,after,2,native,4,1,1,1,1,1,13255,17133
chunk_edge,2,after,2,native,5,1,1,1,1,1,27321,30894
chunk_edge,2,after,2,native,6,1,1,1,1,1,13215,16878
chunk_edge,2,after,2,native,7,1,1,1,1,1,13114,16788
chunk_edge,2,after,2,native,8,1,1,1,1,1,13085,16768
chunk_edge,2,after,2,native,9,1,1,1,1,1,13104,16767
chunk_edge,2,after,2,native,10,1,1,1,1,1,13025,16718
chunk_edge,2,after,2,native,11,1,1,1,1,1,13044,16727
chunk_edge,2,after,2,native,12,1,1,1,1,1,13255,16818
chunk_edge,2,after,2,native,13,1,1,1,1,1,16701,20131
chunk_edge,2,after,2,native,14,1,1,1,1,1,13105,16555
chunk_edge,2,after,2,fixed_winner,0,1,1,1,1,1,12203,0
chunk_edge,2,after,2,fixed_winner,1,1,1,1,1,1,12263,0
chunk_edge,2,after,2,fixed_winner,2,1,1,1,1,1,12223,0
chunk_edge,2,after,2,fixed_winner,3,1,1,1,1,1,12373,0
chunk_edge,2,after,2,fixed_winner,4,1,1,1,1,1,12243,0
chunk_edge,2,after,2,fixed_winner,5,1,1,1,1,1,12213,0
chunk_edge,2,after,2,fixed_winner,6,1,1,1,1,1,12243,0
chunk_edge,2,after,2,fixed_winner,7,1,1,1,1,1,12212,0
chunk_edge,2,after,2,fixed_winner,8,1,1,1,1,1,12223,0
chunk_edge,2,after,2,fixed_winner,9,1,1,1,1,1,12243,0
chunk_edge,2,after,2,fixed_winner,10,1,1,1,1,1,12222,0
chunk_edge,2,after,2,fixed_winner,11,1,1,1,1,1,12363,0
chunk_edge,2,after,2,fixed_winner,12,1,1,1,1,1,12213,0
chunk_edge,2,after,2,fixed_winner,13,1,1,1,1,1,12243,0
chunk_edge,2,after,2,fixed_winner,14,1,1,1,1,1,12213,0
chunk_edge,2,after,3,native,0,1,1,1,1,1,13065,13747
chunk_edge,2,after,3,native,1,1,1,1,1,1,13254,13907
chunk_edge,2,after,3,native,2,1,1,1,1,1,13175,13827
chunk_edge,2,after,3,native,3,1,1,1,1,1,13074,13757
chunk_edge,2,after,3,native,4,1,1,1,1,1,13214,13746
chunk_edge,2,after,3,native,5,1,1,1,1,1,36729,30869
chunk_edge,2,after,3,native,6,1,1,1,1,1,13214,13707
chunk_edge,2,after,3,native,7,1,1,1,1,1,13204,13707
chunk_edge,2,after,3,native,8,1,1,1,1,1,13095,13587
chunk_edge,2,after,3,native,9,1,1,1,1,1,13074,13566
chunk_edge,2,after,3,native,10,1,1,1,1,1,13005,13497
chunk_edge,2,after,3,native,11,1,1,1,1,1,12994,13486
chunk_edge,2,after,3,native,12,1,1,1,1,1,13185,13557
chunk_edge,2,after,3,native,13,1,1,1,1,1,13094,13586
chunk_edge,2,after,3,native,14,1,1,1,1,1,13014,13527
chunk_edge,2,after,3,fixed_winner,0,1,1,1,1,1,12213,0
chunk_edge,2,after,3,fixed_winner,1,1,1,1,1,1,12233,0
chunk_edge,2,after,3,fixed_winner,2,1,1,1,1,1,12222,0
chunk_edge,2,after,3,fixed_winner,3,1,1,1,1,1,12393,0
chunk_edge,2,after,3,fixed_winner,4,1,1,1,1,1,12253,0
chunk_edge,2,after,3,fixed_winner,5,1,1,1,1,1,12213,0
chunk_edge,2,after,3,fixed_winner,6,1,1,1,1,1,12222,0
chunk_edge,2,after,3,fixed_winner,7,1,1,1,1,1,12213,0
chunk_edge,2,after,3,fixed_winner,8,1,1,1,1,1,12222,0
chunk_edge,2,after,3,fixed_winner,9,1,1,1,1,1,12213,0
chunk_edge,2,after,3,fixed_winner,10,1,1,1,1,1,12223,0
chunk_edge,2,after,3,fixed_winner,11,1,1,1,1,1,12363,0
chunk_edge,2,after,3,fixed_winner,12,1,1,1,1,1,12223,0
chunk_edge,2,after,3,fixed_winner,13,1,1,1,1,1,12233,0
chunk_edge,2,after,3,fixed_winner,14,1,1,1,1,1,12212,0
chunk_edge,2,before,3,native,0,1,1,1,1,1,13004,14209
chunk_edge,2,before,3,native,1,1,1,1,1,1,13165,14329
chunk_edge,2,before,3,native,2,1,1,1,1,1,13084,14299
chunk_edge,2,before,3,native,3,1,1,1,1,1,13055,14270
chunk_edge,2,before,3,native,4,1,1,1,1,1,13234,14269
chunk_edge,2,before,3,native,5,1,1,1,1,1,29616,30107
chunk_edge,2,before,3,native,6,1,1,1,1,1,13135,13777
chunk_edge,2,before,3,native,7,1,1,1,1,1,13094,13726
chunk_edge,2,before,3,native,8,1,1,1,1,1,13045,13697
chunk_edge,2,before,3,native,9,1,1,1,1,1,13044,13676
chunk_edge,2,before,3,native,10,1,1,1,1,1,13034,13697
chunk_edge,2,before,3,native,11,1,1,1,1,1,13075,13697
chunk_edge,2,before,3,native,12,1,1,1,1,1,13184,13686
chunk_edge,2,before,3,native,13,1,1,1,1,1,13095,13737
chunk_edge,2,before,3,native,14,1,1,1,1,1,13044,13686
chunk_edge,2,before,3,fixed_winner,0,1,1,1,1,1,12232,0
chunk_edge,2,before,3,fixed_winner,1,1,1,1,1,1,12242,0
chunk_edge,2,before,3,fixed_winner,2,1,1,1,1,1,12243,0
chunk_edge,2,before,3,fixed_winner,3,1,1,1,1,1,12373,0
chunk_edge,2,before,3,fixed_winner,4,1,1,1,1,1,12263,0
chunk_edge,2,before,3,fixed_winner,5,1,1,1,1,1,12222,0
chunk_edge,2,before,3,fixed_winner,6,1,1,1,1,1,12223,0
chunk_edge,2,before,3,fixed_winner,7,1,1,1,1,1,12233,0
chunk_edge,2,before,3,fixed_winner,8,1,1,1,1,1,12213,0
chunk_edge,2,before,3,fixed_winner,9,1,1,1,1,1,12233,0
chunk_edge,2,before,3,fixed_winner,10,1,1,1,1,1,12212,0
chunk_edge,2,before,3,fixed_winner,11,1,1,1,1,1,12363,0
chunk_edge,2,before,3,fixed_winner,12,1,1,1,1,1,12243,0
chunk_edge,2,before,3,fixed_winner,13,1,1,1,1,1,12233,0
chunk_edge,2,before,3,fixed_winner,14,1,1,1,1,1,12233,0
chunk_edge,2,before,4,native,0,1,1,1,1,1,12994,14091
chunk_edge,2,before,4,native,1,1,1,1,1,1,13104,14180
chunk_edge,2,before,4,native,2,1,1,1,1,1,12974,14051
chunk_edge,2,before,4,native,3,1,1,1,1,1,12994,14100
chunk_edge,2,before,4,native,4,1,1,1,1,1,13154,14100
chunk_edge,2,before,4,native,5,1,1,1,1,1,28614,29429
chunk_edge,2,before,4,native,6,1,1,1,1,1,13044,13950
chunk_edge,2,before,4,native,7,1,1,1,1,1,13064,13979
chunk_edge,2,before,4,native,8,1,1,1,1,1,13034,13950
chunk_edge,2,before,4,native,9,1,1,1,1,1,13025,13930
chunk_edge,2,before,4,native,10,1,1,1,1,1,12984,13899
chunk_edge,2,before,4,native,11,1,1,1,1,1,13064,13970
chunk_edge,2,before,4,native,12,1,1,1,1,1,13185,13950
chunk_edge,2,before,4,native,13,1,1,1,1,1,16471,17249
chunk_edge,2,before,4,native,14,1,1,1,1,1,13034,13802
chunk_edge,2,before,4,fixed_winner,0,1,1,1,1,1,12193,0
chunk_edge,2,before,4,fixed_winner,1,1,1,1,1,1,12193,0
chunk_edge,2,before,4,fixed_winner,2,1,1,1,1,1,12203,0
chunk_edge,2,before,4,fixed_winner,3,1,1,1,1,1,12343,0
chunk_edge,2,before,4,fixed_winner,4,1,1,1,1,1,12223,0
chunk_edge,2,before,4,fixed_winner,5,1,1,1,1,1,12193,0
chunk_edge,2,before,4,fixed_winner,6,1,1,1,1,1,12182,0
chunk_edge,2,before,4,fixed_winner,7,1,1,1,1,1,12193,0
chunk_edge,2,before,4,fixed_winner,8,1,1,1,1,1,12172,0
chunk_edge,2,before,4,fixed_winner,9,1,1,1,1,1,12193,0
chunk_edge,2,before,4,fixed_winner,10,1,1,1,1,1,12182,0
chunk_edge,2,before,4,fixed_winner,11,1,1,1,1,1,12313,0
chunk_edge,2,before,4,fixed_winner,12,1,1,1,1,1,12193,0
chunk_edge,2,before,4,fixed_winner,13,1,1,1,1,1,12192,0
chunk_edge,2,before,4,fixed_winner,14,1,1,1,1,1,12203,0
chunk_edge,2,after,4,native,0,1,1,1,1,1,13034,13724
chunk_edge,2,after,4,native,1,1,1,1,1,1,13095,13765
chunk_edge,2,after,4,native,2,1,1,1,1,1,13085,13775
chunk_edge,2,after,4,native,3,1,1,1,1,1,13064,13765
chunk_edge,2,after,4,native,4,1,1,1,1,1,13225,13745
chunk_edge,2,after,4,native,5,1,1,1,1,1,31930,32305
chunk_edge,2,after,4,native,6,1,1,1,1,1,13175,13710
chunk_edge,2,after,4,native,7,1,1,1,1,1,13094,13640
chunk_edge,2,after,4,native,8,1,1,1,1,1,13044,13609
chunk_edge,2,after,4,native,9,1,1,1,1,1,13054,13610
chunk_edge,2,after,4,native,10,1,1,1,1,1,13015,13590
chunk_edge,2,after,4,native,11,1,1,1,1,1,13034,13589
chunk_edge,2,after,4,native,12,1,1,1,1,1,13215,13630
chunk_edge,2,after,4,native,13,1,1,1,1,1,13054,13599
chunk_edge,2,after,4,native,14,1,1,1,1,1,13075,13630
chunk_edge,2,after,4,fixed_winner,0,1,1,1,1,1,12193,0
chunk_edge,2,after,4,fixed_winner,1,1,1,1,1,1,12203,0
chunk_edge,2,after,4,fixed_winner,2,1,1,1,1,1,12203,0
chunk_edge,2,after,4,fixed_winner,3,1,1,1,1,1,12343,0
chunk_edge,2,after,4,fixed_winner,4,1,1,1,1,1,12233,0
chunk_edge,2,after,4,fixed_winner,5,1,1,1,1,1,12193,0
chunk_edge,2,after,4,fixed_winner,6,1,1,1,1,1,12192,0
chunk_edge,2,after,4,fixed_winner,7,1,1,1,1,1,12203,0
chunk_edge,2,after,4,fixed_winner,8,1,1,1,1,1,12183,0
chunk_edge,2,after,4,fixed_winner,9,1,1,1,1,1,12203,0
chunk_edge,2,after,4,fixed_winner,10,1,1,1,1,1,12183,0
chunk_edge,2,after,4,fixed_winner,11,1,1,1,1,1,12323,0
chunk_edge,2,after,4,fixed_winner,12,1,1,1,1,1,12183,0
chunk_edge,2,after,4,fixed_winner,13,1,1,1,1,1,12193,0
chunk_edge,2,after,4,fixed_winner,14,1,1,1,1,1,12182,0
chunk_edge,4,after,0,native,0,1,1,1,1,1,13064,14211
chunk_edge,4,after,0,native,1,1,1,1,1,1,13155,14261
chunk_edge,4,after,0,native,2,1,1,1,1,1,13114,14222
chunk_edge,4,after,0,native,3,1,1,1,1,1,13094,14211
chunk_edge,4,after,0,native,4,1,1,1,1,1,13165,14132
chunk_edge,4,after,0,native,5,1,1,1,1,1,34444,35213
chunk_edge,4,after,0,native,6,1,1,1,1,1,13134,14083
chunk_edge,4,after,0,native,7,1,1,1,1,1,13085,14014
chunk_edge,4,after,0,native,8,1,1,1,1,1,13014,13953
chunk_edge,4,after,0,native,9,1,1,1,1,1,13114,14034
chunk_edge,4,after,0,native,10,1,1,1,1,1,13946,13993
chunk_edge,4,after,0,native,11,1,1,1,1,1,15238,14394
chunk_edge,4,after,0,native,12,1,1,1,1,1,13285,14054
chunk_edge,4,after,0,native,13,1,1,1,1,1,13074,13993
chunk_edge,4,after,0,native,14,1,1,1,1,1,13075,13994
chunk_edge,4,after,0,fixed_winner,0,1,1,1,1,1,12173,0
chunk_edge,4,after,0,fixed_winner,1,1,1,1,1,1,12193,0
chunk_edge,4,after,0,fixed_winner,2,1,1,1,1,1,12203,0
chunk_edge,4,after,0,fixed_winner,3,1,1,1,1,1,12333,0
chunk_edge,4,after,0,fixed_winner,4,1,1,1,1,1,12203,0
chunk_edge,4,after,0,fixed_winner,5,1,1,1,1,1,12173,0
chunk_edge,4,after,0,fixed_winner,6,1,1,1,1,1,12182,0
chunk_edge,4,after,0,fixed_winner,7,1,1,1,1,1,12193,0
chunk_edge,4,after,0,fixed_winner,8,1,1,1,1,1,12172,0
chunk_edge,4,after,0,fixed_winner,9,1,1,1,1,1,12203,0
chunk_edge,4,after,0,fixed_winner,10,1,1,1,1,1,12203,0
chunk_edge,4,after,0,fixed_winner,11,1,1,1,1,1,12312,0
chunk_edge,4,after,0,fixed_winner,12,1,1,1,1,1,12203,0
chunk_edge,4,after,0,fixed_winner,13,1,1,1,1,1,12173,0
chunk_edge,4,after,0,fixed_winner,14,1,1,1,1,1,12193,0
chunk_edge,4,before,0,native,0,1,1,1,1,1,13034,13736
chunk_edge,4,before,0,native,1,1,1,1,1,1,13105,13796
chunk_edge,4,before,0,native,2,1,1,1,1,1,13064,13735
chunk_edge,4,before,0,native,3,1,1,1,1,1,13024,13706
chunk_edge,4,before,0,native,4,1,1,1,1,1,13224,13735
chunk_edge,4,before,0,native,5,1,1,1,1,1,32411,32770
chunk_edge,4,before,0,native,6,1,1,1,1,1,13185,13654
chunk_edge,4,before,0,native,7,1,1,1,1,1,13074,13524
chunk_edge,4,before,0,native,8,1,1,1,1,1,13065,13524
chunk_edge,4,before,0,native,9,1,1,1,1,1,13044,13493
chunk_edge,4,before,0,native,10,1,1,1,1,1,13014,13474
chunk_edge,4,before,0,native,11,1,1,1,1,1,13065,13514
chunk_edge,4,before,0,native,12,1,1,1,1,1,13174,13483
chunk_edge,4,before,0,native,13,1,1,1,1,1,13035,13473
chunk_edge,4,before,0,native,14,1,1,1,1,1,13044,13493
chunk_edge,4,before,0,fixed_winner,0,1,1,1,1,1,12203,0
chunk_edge,4,before,0,fixed_winner,1,1,1,1,1,1,12193,0
chunk_edge,4,before,0,fixed_winner,2,1,1,1,1,1,12213,0
chunk_edge,4,before,0,fixed_winner,3,1,1,1,1,1,12323,0
chunk_edge,4,before,0,fixed_winner,4,1,1,1,1,1,12213,0
chunk_edge,4,before,0,fixed_winner,5,1,1,1,1,1,12193,0
chunk_edge,4,before,0,fixed_winner,6,1,1,1,1,1,12182,0
chunk_edge,4,before,0,fixed_winner,7,1,1,1,1,1,12193,0
chunk_edge,4,before,0,fixed_winner,8,1,1,1,1,1,12182,0
chunk_edge,4,before,0,fixed_winner,9,1,1,1,1,1,12193,0
chunk_edge,4,before,0,fixed_winner,10,1,1,1,1,1,12172,0
chunk_edge,4,before,0,fixed_winner,11,1,1,1,1,1,12333,0
chunk_edge,4,before,0,fixed_winner,12,1,1,1,1,1,12193,0
chunk_edge,4,before,0,fixed_winner,13,1,1,1,1,1,12182,0
chunk_edge,4,before,0,fixed_winner,14,1,1,1,1,1,12193,0
chunk_edge,4,after,1,native,0,1,1,1,1,1,13104,13785
chunk_edge,4,after,1,native,1,1,1,1,1,1,13054,13725
chunk_edge,4,after,1,native,2,1,1,1,1,1,13104,13765
chunk_edge,4,after,1,native,3,1,1,1,1,1,23354,13766
chunk_edge,4,after,1,native,4,1,1,1,1,1,20007,13946
chunk_edge,4,after,1,native,5,1,1,1,1,1,46768,46022
chunk_edge,4,after,1,native,6,1,1,1,1,1,13325,13782
chunk_edge,4,after,1,native,7,1,1,1,1,1,13115,13582
chunk_edge,4,after,1,native,8,1,1,1,1,1,13074,13591
chunk_edge,4,after,1,native,9,1,1,1,1,1,13065,13542
chunk_edge,4,after,1,native,10,1,1,1,1,1,13084,13601
chunk_edge,4,after,1,native,11,1,1,1,1,1,13095,13592
chunk_edge,4,after,1,native,12,1,1,1,1,1,13224,13571
chunk_edge,4,after,1,native,13,1,1,1,1,1,13124,13571
chunk_edge,4,after,1,native,14,1,1,1,1,1,13094,13612
chunk_edge,4,after,1,fixed_winner,0,1,1,1,1,1,12213,0
chunk_edge,4,after,1,fixed_winner,1,1,1,1,1,1,12243,0
chunk_edge,4,after,1,fixed_winner,2,1,1,1,1,1,12233,0
chunk_edge,4,after,1,fixed_winner,3,1,1,1,1,1,12373,0
chunk_edge,4,after,1,fixed_winner,4,1,1,1,1,1,12243,0
chunk_edge,4,after,1,fixed_winner,5,1,1,1,1,1,12213,0
chunk_edge,4,after,1,fixed_winner,6,1,1,1,1,1,12233,0
chunk_edge,4,after,1,fixed_winner,7,1,1,1,1,1,12222,0
chunk_edge,4,after,1,fixed_winner,8,1,1,1,1,1,12213,0
chunk_edge,4,after,1,fixed_winner,9,1,1,1,1,1,12213,0
chunk_edge,4,after,1,fixed_winner,10,1,1,1,1,1,12202,0
chunk_edge,4,after,1,fixed_winner,11,1,1,1,1,1,12363,0
chunk_edge,4,after,1,fixed_winner,12,1,1,1,1,1,12203,0
chunk_edge,4,after,1,fixed_winner,13,1,1,1,1,1,12232,0
chunk_edge,4,after,1,fixed_winner,14,1,1,1,1,1,12203,0
chunk_edge,4,before,1,native,0,1,1,1,1,1,13104,19556
chunk_edge,4,before,1,native,1,1,1,1,1,1,13235,19626
chunk_edge,4,before,1,native,2,1,1,1,1,1,13135,19536
chunk_edge,4,before,1,native,3,1,1,1,1,1,13094,19516
chunk_edge,4,before,1,native,4,1,1,1,1,1,13274,19525
chunk_edge,4,before,1,native,5,1,1,1,1,1,30437,36461
chunk_edge,4,before,1,native,6,1,1,1,1,1,13154,19268
chunk_edge,4,before,1,native,7,1,1,1,1,1,13075,19189
chunk_edge,4,before,1,native,8,1,1,1,1,1,13064,19168
chunk_edge,4,before,1,native,9,1,1,1,1,1,13104,19229
chunk_edge,4,before,1,native,10,1,1,1,1,1,13114,19218
chunk_edge,4,before,1,native,11,1,1,1,1,1,13054,19189
chunk_edge,4,before,1,native,12,1,1,1,1,1,13225,19169
chunk_edge,4,before,1,native,13,1,1,1,1,1,17282,23153
chunk_edge,4,before,1,native,14,1,1,1,1,1,13134,19024
chunk_edge,4,before,1,fixed_winner,0,1,1,1,1,1,12233,0
chunk_edge,4,before,1,fixed_winner,1,1,1,1,1,1,12233,0
chunk_edge,4,before,1,fixed_winner,2,1,1,1,1,1,12233,0
chunk_edge,4,before,1,fixed_winner,3,1,1,1,1,1,12393,0
chunk_edge,4,before,1,fixed_winner,4,1,1,1,1,1,12252,0
chunk_edge,4,before,1,fixed_winner,5,1,1,1,1,1,12233,0
chunk_edge,4,before,1,fixed_winner,6,1,1,1,1,1,12223,0
chunk_edge,4,before,1,fixed_winner,7,1,1,1,1,1,12233,0
chunk_edge,4,before,1,fixed_winner,8,1,1,1,1,1,12223,0
chunk_edge,4,before,1,fixed_winner,9,1,1,1,1,1,12232,0
chunk_edge,4,before,1,fixed_winner,10,1,1,1,1,1,12213,0
chunk_edge,4,before,1,fixed_winner,11,1,1,1,1,1,12353,0
chunk_edge,4,before,1,fixed_winner,12,1,1,1,1,1,12242,0
chunk_edge,4,before,1,fixed_winner,13,1,1,1,1,1,12213,0
chunk_edge,4,before,1,fixed_winner,14,1,1,1,1,1,12233,0
chunk_edge,4,before,2,native,0,1,1,1,1,1,13135,16854
chunk_edge,4,before,2,native,1,1,1,1,1,1,13234,16873
chunk_edge,4,before,2,native,2,1,1,1,1,1,13175,16854
chunk_edge,4,before,2,native,3,1,1,1,1,1,13144,16813
chunk_edge,4,before,2,native,4,1,1,1,1,1,13274,16803
chunk_edge,4,before,2,native,5,1,1,1,1,1,30186,33508
chunk_edge,4,before,2,native,6,1,1,1,1,1,13235,16607
chunk_edge,4,before,2,native,7,1,1,1,1,1,13094,16537
chunk_edge,4,before,2,native,8,1,1,1,1,1,13164,16576
chunk_edge,4,before,2,native,9,1,1,1,1,1,13105,16527
chunk_edge,4,before,2,native,10,1,1,1,1,1,13174,16566
chunk_edge,4,before,2,native,11,1,1,1,1,1,13125,16547
chunk_edge,4,before,2,native,12,1,1,1,1,1,13255,16526
chunk_edge,4,before,2,native,13,1,1,1,1,1,16691,19900
chunk_edge,4,before,2,native,14,1,1,1,1,1,13165,16384
chunk_edge,4,before,2,fixed_winner,0,1,1,1,1,1,12293,0
chunk_edge,4,before,2,fixed_winner,1,1,1,1,1,1,12323,0
chunk_edge,4,before,2,fixed_winner,2,1,1,1,1,1,12293,0
chunk_edge,4,before,2,fixed_winner,3,1,1,1,1,1,12463,0
chunk_edge,4,before,2,fixed_winner,4,1,1,1,1,1,12313,0
chunk_edge,4,before,2,fixed_winner,5,1,1,1,1,1,12313,0
chunk_edge,4,before,2,fixed_winner,6,1,1,1,1,1,12293,0
chunk_edge,4,before,2,fixed_winner,7,1,1,1,1,1,12313,0
chunk_edge,4,before,2,fixed_winner,8,1,1,1,1,1,12303,0
chunk_edge,4,before,2,fixed_winner,9,1,1,1,1,1,12313,0
chunk_edge,4,before,2,fixed_winner,10,1,1,1,1,1,12302,0
chunk_edge,4,before,2,fixed_winner,11,1,1,1,1,1,12413,0
chunk_edge,4,before,2,fixed_winner,12,1,1,1,1,1,12323,0
chunk_edge,4,before,2,fixed_winner,13,1,1,1,1,1,12283,0
chunk_edge,4,before,2,fixed_winner,14,1,1,1,1,1,12303,0
chunk_edge,4,after,2,native,0,1,1,1,1,1,13134,13852
chunk_edge,4,after,2,native,1,1,1,1,1,1,13184,13831
chunk_edge,4,after,2,native,2,1,1,1,1,1,13145,13782
chunk_edge,4,after,2,native,3,1,1,1,1,1,13094,13781
chunk_edge,4,after,2,native,4,1,1,1,1,1,13265,13821
chunk_edge,4,after,2,native,5,1,1,1,1,1,32551,32889
chunk_edge,4,after,2,native,6,1,1,1,1,1,13245,13622
chunk_edge,4,after,2,native,7,1,1,1,1,1,13145,13553
chunk_edge,4,after,2,native,8,1,1,1,1,1,13144,13573
chunk_edge,4,after,2,native,9,1,1,1,1,1,13124,13552
chunk_edge,4,after,2,native,10,1,1,1,1,1,13125,13513
chunk_edge,4,after,2,native,11,1,1,1,1,1,13084,13502
chunk_edge,4,after,2,native,12,1,1,1,1,1,13245,13543
chunk_edge,4,after,2,native,13,1,1,1,1,1,13145,13553
chunk_edge,4,after,2,native,14,1,1,1,1,1,13124,13532
chunk_edge,4,after,2,fixed_winner,0,1,1,1,1,1,12263,0
chunk_edge,4,after,2,fixed_winner,1,1,1,1,1,1,12273,0
chunk_edge,4,after,2,fixed_winner,2,1,1,1,1,1,12263,0
chunk_edge,4,after,2,fixed_winner,3,1,1,1,1,1,12423,0
chunk_edge,4,after,2,fixed_winner,4,1,1,1,1,1,12292,0
chunk_edge,4,after,2,fixed_winner,5,1,1,1,1,1,12293,0
chunk_edge,4,after,2,fixed_winner,6,1,1,1,1,1,12253,0
chunk_edge,4,after,2,fixed_winner,7,1,1,1,1,1,12263,0
chunk_edge,4,after,2,fixed_winner,8,1,1,1,1,1,12252,0
chunk_edge,4,after,2,fixed_winner,9,1,1,1,1,1,12263,0
chunk_edge,4,after,2,fixed_winner,10,1,1,1,1,1,12263,0
chunk_edge,4,after,2,fixed_winner,11,1,1,1,1,1,12393,0
chunk_edge,4,after,2,fixed_winner,12,1,1,1,1,1,12263,0
chunk_edge,4,after,2,fixed_winner,13,1,1,1,1,1,12253,0
chunk_edge,4,after,2,fixed_winner,14,1,1,1,1,1,12273,0
chunk_edge,4,after,3,native,0,1,1,1,1,1,13034,20885
chunk_edge,4,after,3,native,1,1,1,1,1,1,13185,20986
chunk_edge,4,after,3,native,2,1,1,1,1,1,13064,20915
chunk_edge,4,after,3,native,3,1,1,1,1,1,13075,20916
chunk_edge,4,after,3,native,4,1,1,1,1,1,13245,20935
chunk_edge,4,after,3,native,5,1,1,1,1,1,13034,20885
chunk_edge,4,after,3,native,6,1,1,1,1,1,31128,20865
chunk_edge,4,after,3,native,7,1,1,1,1,1,13365,21166
chunk_edge,4,after,3,native,8,1,1,1,1,1,13075,20896
chunk_edge,4,after,3,native,9,1,1,1,1,1,13104,20955
chunk_edge,4,after,3,native,10,1,1,1,1,1,13034,20896
chunk_edge,4,after,3,native,11,1,1,1,1,1,12984,20855
chunk_edge,4,after,3,native,12,1,1,1,1,1,13184,20895
chunk_edge,4,after,3,native,13,1,1,1,1,1,31077,38436
chunk_edge,4,after,3,native,14,1,1,1,1,1,13074,20584
chunk_edge,4,after,3,fixed_winner,0,1,1,1,1,1,12223,0
chunk_edge,4,after,3,fixed_winner,1,1,1,1,1,1,12243,0
chunk_edge,4,after,3,fixed_winner,2,1,1,1,1,1,12223,0
chunk_edge,4,after,3,fixed_winner,3,1,1,1,1,1,12373,0
chunk_edge,4,after,3,fixed_winner,4,1,1,1,1,1,12243,0
chunk_edge,4,after,3,fixed_winner,5,1,1,1,1,1,12213,0
chunk_edge,4,after,3,fixed_winner,6,1,1,1,1,1,12213,0
chunk_edge,4,after,3,fixed_winner,7,1,1,1,1,1,12212,0
chunk_edge,4,after,3,fixed_winner,8,1,1,1,1,1,12213,0
chunk_edge,4,after,3,fixed_winner,9,1,1,1,1,1,12233,0
chunk_edge,4,after,3,fixed_winner,10,1,1,1,1,1,12213,0
chunk_edge,4,after,3,fixed_winner,11,1,1,1,1,1,12353,0
chunk_edge,4,after,3,fixed_winner,12,1,1,1,1,1,12213,0
chunk_edge,4,after,3,fixed_winner,13,1,1,1,1,1,12242,0
chunk_edge,4,after,3,fixed_winner,14,1,1,1,1,1,12213,0
chunk_edge,4,before,3,native,0,1,1,1,1,1,13045,13837
chunk_edge,4,before,3,native,1,1,1,1,1,1,13124,13857
chunk_edge,4,before,3,native,2,1,1,1,1,1,13075,13838
chunk_edge,4,before,3,native,3,1,1,1,1,1,13064,13827
chunk_edge,4,before,3,native,4,1,1,1,1,1,13285,13888
chunk_edge,4,before,3,native,5,1,1,1,1,1,13114,13868
chunk_edge,4,before,3,native,6,1,1,1,1,1,13094,13867
chunk_edge,4,before,3,native,7,1,1,1,1,1,13074,13838
chunk_edge,4,before,3,native,8,1,1,1,1,1,13095,13858
chunk_edge,4,before,3,native,9,1,1,1,1,1,13074,13837
chunk_edge,4,before,3,native,10,1,1,1,1,1,13135,13878
chunk_edge,4,before,3,native,11,1,1,1,1,1,13084,13847
chunk_edge,4,before,3,native,12,1,1,1,1,1,13305,13898
chunk_edge,4,before,3,native,13,1,1,1,1,1,31288,31566
chunk_edge,4,before,3,native,14,1,1,1,1,1,13094,13493
chunk_edge,4,before,3,fixed_winner,0,1,1,1,1,1,12233,0
chunk_edge,4,before,3,fixed_winner,1,1,1,1,1,1,12273,0
chunk_edge,4,before,3,fixed_winner,2,1,1,1,1,1,12233,0
chunk_edge,4,before,3,fixed_winner,3,1,1,1,1,1,12403,0
chunk_edge,4,before,3,fixed_winner,4,1,1,1,1,1,12263,0
chunk_edge,4,before,3,fixed_winner,5,1,1,1,1,1,12252,0
chunk_edge,4,before,3,fixed_winner,6,1,1,1,1,1,12243,0
chunk_edge,4,before,3,fixed_winner,7,1,1,1,1,1,12233,0
chunk_edge,4,before,3,fixed_winner,8,1,1,1,1,1,12243,0
chunk_edge,4,before,3,fixed_winner,9,1,1,1,1,1,12233,0
chunk_edge,4,before,3,fixed_winner,10,1,1,1,1,1,12474,0
chunk_edge,4,before,3,fixed_winner,11,1,1,1,1,1,12403,0
chunk_edge,4,before,3,fixed_winner,12,1,1,1,1,1,12263,0
chunk_edge,4,before,3,fixed_winner,13,1,1,1,1,1,12232,0
chunk_edge,4,before,3,fixed_winner,14,1,1,1,1,1,12233,0
chunk_edge,4,before,4,native,0,1,1,1,1,1,13124,13840
chunk_edge,4,before,4,native,1,1,1,1,1,1,13135,13801
chunk_edge,4,before,4,native,2,1,1,1,1,1,13134,13840
chunk_edge,4,before,4,native,3,1,1,1,1,1,13045,13770
chunk_edge,4,before,4,native,4,1,1,1,1,1,13214,13780
chunk_edge,4,before,4,native,5,1,1,1,1,1,33001,33316
chunk_edge,4,before,4,native,6,1,1,1,1,1,13145,13610
chunk_edge,4,before,4,native,7,1,1,1,1,1,13084,13550
chunk_edge,4,before,4,native,8,1,1,1,1,1,13075,13549
chunk_edge,4,before,4,native,9,1,1,1,1,1,13084,13529
chunk_edge,4,before,4,native,10,1,1,1,1,1,13045,13520
chunk_edge,4,before,4,native,11,1,1,1,1,1,13064,13519
chunk_edge,4,before,4,native,12,1,1,1,1,1,13225,13550
chunk_edge,4,before,4,native,13,1,1,1,1,1,13034,13499
chunk_edge,4,before,4,native,14,1,1,1,1,1,13034,13500
chunk_edge,4,before,4,fixed_winner,0,1,1,1,1,1,12202,0
chunk_edge,4,before,4,fixed_winner,1,1,1,1,1,1,12202,0
chunk_edge,4,before,4,fixed_winner,2,1,1,1,1,1,12233,0
chunk_edge,4,before,4,fixed_winner,3,1,1,1,1,1,12343,0
chunk_edge,4,before,4,fixed_winner,4,1,1,1,1,1,12213,0
chunk_edge,4,before,4,fixed_winner,5,1,1,1,1,1,12213,0
chunk_edge,4,before,4,fixed_winner,6,1,1,1,1,1,12203,0
chunk_edge,4,before,4,fixed_winner,7,1,1,1,1,1,12213,0
chunk_edge,4,before,4,fixed_winner,8,1,1,1,1,1,12193,0
chunk_edge,4,before,4,fixed_winner,9,1,1,1,1,1,12212,0
chunk_edge,4,before,4,fixed_winner,10,1,1,1,1,1,12203,0
chunk_edge,4,before,4,fixed_winner,11,1,1,1,1,1,12333,0
chunk_edge,4,before,4,fixed_winner,12,1,1,1,1,1,12212,0
chunk_edge,4,before,4,fixed_winner,13,1,1,1,1,1,12203,0
chunk_edge,4,before,4,fixed_winner,14,1,1,1,1,1,12212,0
chunk_edge,4,after,4,native,0,1,1,1,1,1,13034,16669
chunk_edge,4,after,4,native,1,1,1,1,1,1,13074,16649
chunk_edge,4,after,4,native,2,1,1,1,1,1,13064,16689
chunk_edge,4,after,4,native,3,1,1,1,1,1,13054,16668
chunk_edge,4,after,4,native,4,1,1,1,1,1,13155,16639
chunk_edge,4,after,4,native,5,1,1,1,1,1,29204,32463
chunk_edge,4,after,4,native,6,1,1,1,1,1,13124,16473
chunk_edge,4,after,4,native,7,1,1,1,1,1,13035,16414
chunk_edge,4,after,4,native,8,1,1,1,1,1,13024,16413
chunk_edge,4,after,4,native,9,1,1,1,1,1,13004,16394
chunk_edge,4,after,4,native,10,1,1,1,1,1,13084,16453
chunk_edge,4,after,4,native,11,1,1,1,1,1,13044,16404
chunk_edge,4,after,4,native,12,1,1,1,1,1,13134,16393
chunk_edge,4,after,4,native,13,1,1,1,1,1,16521,19714
chunk_edge,4,after,4,native,14,1,1,1,1,1,13054,16258
chunk_edge,4,after,4,fixed_winner,0,1,1,1,1,1,12183,0
chunk_edge,4,after,4,fixed_winner,1,1,1,1,1,1,12223,0
chunk_edge,4,after,4,fixed_winner,2,1,1,1,1,1,12193,0
chunk_edge,4,after,4,fixed_winner,3,1,1,1,1,1,12353,0
chunk_edge,4,after,4,fixed_winner,4,1,1,1,1,1,12222,0
chunk_edge,4,after,4,fixed_winner,5,1,1,1,1,1,12193,0
chunk_edge,4,after,4,fixed_winner,6,1,1,1,1,1,12202,0
chunk_edge,4,after,4,fixed_winner,7,1,1,1,1,1,12193,0
chunk_edge,4,after,4,fixed_winner,8,1,1,1,1,1,12193,0
chunk_edge,4,after,4,fixed_winner,9,1,1,1,1,1,12183,0
chunk_edge,4,after,4,fixed_winner,10,1,1,1,1,1,12203,0
chunk_edge,4,after,4,fixed_winner,11,1,1,1,1,1,12333,0
chunk_edge,4,after,4,fixed_winner,12,1,1,1,1,1,12193,0
chunk_edge,4,after,4,fixed_winner,13,1,1,1,1,1,12203,0
chunk_edge,4,after,4,fixed_winner,14,1,1,1,1,1,12182,0
chunk_edge,6,after,0,native,0,1,1,1,1,1,13014,13769
chunk_edge,6,after,0,native,1,1,1,1,1,1,13145,13849
chunk_edge,6,after,0,native,2,1,1,1,1,1,13114,13849
chunk_edge,6,after,0,native,3,1,1,1,1,1,13035,13779
chunk_edge,6,after,0,native,4,1,1,1,1,1,13245,13829
chunk_edge,6,after,0,native,5,1,1,1,1,1,30597,30987
chunk_edge,6,after,0,native,6,1,1,1,1,1,13135,13635
chunk_edge,6,after,0,native,7,1,1,1,1,1,13094,13595
chunk_edge,6,after,0,native,8,1,1,1,1,1,13025,13525
chunk_edge,6,after,0,native,9,1,1,1,1,1,52728,13574
chunk_edge,6,after,0,native,10,1,1,1,1,1,13465,13865
chunk_edge,6,after,0,native,11,1,1,1,1,1,13075,13575
chunk_edge,6,after,0,native,12,1,1,1,1,1,13184,13554
chunk_edge,6,after,0,native,13,1,1,1,1,1,13134,13574
chunk_edge,6,after,0,native,14,1,1,1,1,1,13084,13585
chunk_edge,6,after,0,fixed_winner,0,1,1,1,1,1,12203,0
chunk_edge,6,after,0,fixed_winner,1,1,1,1,1,1,12253,0
chunk_edge,6,after,0,fixed_winner,2,1,1,1,1,1,12223,0
chunk_edge,6,after,0,fixed_winner,3,1,1,1,1,1,12373,0
chunk_edge,6,after,0,fixed_winner,4,1,1,1,1,1,12262,0
chunk_edge,6,after,0,fixed_winner,5,1,1,1,1,1,12223,0
chunk_edge,6,after,0,fixed_winner,6,1,1,1,1,1,12223,0
chunk_edge,6,after,0,fixed_winner,7,1,1,1,1,1,12233,0
chunk_edge,6,after,0,fixed_winner,8,1,1,1,1,1,12233,0
chunk_edge,6,after,0,fixed_winner,9,1,1,1,1,1,12223,0
chunk_edge,6,after,0,fixed_winner,10,1,1,1,1,1,12233,0
chunk_edge,6,after,0,fixed_winner,11,1,1,1,1,1,12353,0
chunk_edge,6,after,0,fixed_winner,12,1,1,1,1,1,12223,0
chunk_edge,6,after,0,fixed_winner,13,1,1,1,1,1,12243,0
chunk_edge,6,after,0,fixed_winner,14,1,1,1,1,1,12213,0
chunk_edge,6,before,0,native,0,1,1,1,1,1,13045,13784
chunk_edge,6,before,0,native,1,1,1,1,1,1,13135,13804
chunk_edge,6,before,0,native,2,1,1,1,1,1,13104,13793
chunk_edge,6,before,0,native,3,1,1,1,1,1,13105,13804
chunk_edge,6,before,0,native,4,1,1,1,1,1,13254,13763
chunk_edge,6,before,0,native,5,1,1,1,1,1,30768,31104
chunk_edge,6,before,0,native,6,1,1,1,1,1,13165,13621
chunk_edge,6,before,0,native,7,1,1,1,1,1,13064,13541
chunk_edge,6,before,0,native,8,1,1,1,1,1,13095,13551
chunk_edge,6,before,0,native,9,1,1,1,1,1,13054,13520
chunk_edge,6,before,0,native,10,1,1,1,1,1,13054,13521
chunk_edge,6,before,0,native,11,1,1,1,1,1,13075,13540
chunk_edge,6,before,0,native,12,1,1,1,1,1,13204,13520
chunk_edge,6,before,0,native,13,1,1,1,1,1,13104,13560
chunk_edge,6,before,0,native,14,1,1,1,1,1,13054,13521
chunk_edge,6,before,0,fixed_winner,0,1,1,1,1,1,12193,0
chunk_edge,6,before,0,fixed_winner,1,1,1,1,1,1,12223,0
chunk_edge,6,before,0,fixed_winner,2,1,1,1,1,1,12183,0
chunk_edge,6,before,0,fixed_winner,3,1,1,1,1,1,12343,0
chunk_edge,6,before,0,fixed_winner,4,1,1,1,1,1,12213,0
chunk_edge,6,before,0,fixed_winner,5,1,1,1,1,1,12203,0
chunk_edge,6,before,0,fixed_winner,6,1,1,1,1,1,12202,0
chunk_edge,6,before,0,fixed_winner,7,1,1,1,1,1,12193,0
chunk_edge,6,before,0,fixed_winner,8,1,1,1,1,1,12212,0
chunk_edge,6,before,0,fixed_winner,9,1,1,1,1,1,12183,0
chunk_edge,6,before,0,fixed_winner,10,1,1,1,1,1,12203,0
chunk_edge,6,before,0,fixed_winner,11,1,1,1,1,1,12313,0
chunk_edge,6,before,0,fixed_winner,12,1,1,1,1,1,12203,0
chunk_edge,6,before,0,fixed_winner,13,1,1,1,1,1,12203,0
chunk_edge,6,before,0,fixed_winner,14,1,1,1,1,1,12193,0
chunk_edge,6,after,1,native,0,1,1,1,1,1,13094,13771
chunk_edge,6,after,1,native,1,1,1,1,1,1,13144,13791
chunk_edge,6,after,1,native,2,1,1,1,1,1,13054,13712
chunk_edge,6,after,1,native,3,1,1,1,1,1,13054,13711
chunk_edge,6,after,1,native,4,1,1,1,1,1,13145,13682
chunk_edge,6,after,1,native,5,1,1,1,1,1,29875,30225
chunk_edge,6,after,1,native,6,1,1,1,1,1,13214,13625
chunk_edge,6,after,1,native,7,1,1,1,1,1,13084,13524
chunk_edge,6,after,1,native,8,1,1,1,1,1,13095,13515
chunk_edge,6,after,1,native,9,1,1,1,1,1,13054,13474
chunk_edge,6,after,1,native,10,1,1,1,1,1,13095,13515
chunk_edge,6,after,1,native,11,1,1,1,1,1,13034,13474
chunk_edge,6,after,1,native,12,1,1,1,1,1,13175,13475
chunk_edge,6,after,1,native,13,1,1,1,1,1,13104,13534
chunk_edge,6,after,1,native,14,1,1,1,1,1,13115,13545
chunk_edge,6,after,1,fixed_winner,0,1,1,1,1,1,12212,0
chunk_edge,6,after,1,fixed_winner,1,1,1,1,1,1,12262,0
chunk_edge,6,after,1,fixed_winner,2,1,1,1,1,1,12223,0
chunk_edge,6,after,1,fixed_winner,3,1,1,1,1,1,12403,0
chunk_edge,6,after,1,fixed_winner,4,1,1,1,1,1,12233,0
chunk_edge,6,after,1,fixed_winner,5,1,1,1,1,1,12222,0
chunk_edge,6,after,1,fixed_winner,6,1,1,1,1,1,12223,0
chunk_edge,6,after,1,fixed_winner,7,1,1,1,1,1,12223,0
chunk_edge,6,after,1,fixed_winner,8,1,1,1,1,1,12243,0
chunk_edge,6,after,1,fixed_winner,9,1,1,1,1,1,12223,0
chunk_edge,6,after,1,fixed_winner,10,1,1,1,1,1,12253,0
chunk_edge,6,after,1,fixed_winner,11,1,1,1,1,1,12353,0
chunk_edge,6,after,1,fixed_winner,12,1,1,1,1,1,12233,0
chunk_edge,6,after,1,fixed_winner,13,1,1,1,1,1,12233,0
chunk_edge,6,after,1,fixed_winner,14,1,1,1,1,1,12233,0
chunk_edge,6,before,1,native,0,1,1,1,1,1,13014,16565
chunk_edge,6,before,1,native,1,1,1,1,1,1,13175,16656
chunk_edge,6,before,1,native,2,1,1,1,1,1,13114,16635
chunk_edge,6,before,1,native,3,1,1,1,1,1,13085,16606
chunk_edge,6,before,1,native,4,1,1,1,1,1,13235,16616
chunk_edge,6,before,1,native,5,1,1,1,1,1,13074,16575
chunk_edge,6,before,1,native,6,1,1,1,1,1,13105,16626
chunk_edge,6,before,1,native,7,1,1,1,1,1,13114,16615
chunk_edge,6,before,1,native,8,1,1,1,1,1,13084,16606
chunk_edge,6,before,1,native,9,1,1,1,1,1,13104,16635
chunk_edge,6,before,1,native,10,1,1,1,1,1,13074,16606
chunk_edge,6,before,1,native,11,1,1,1,1,1,13085,16605
chunk_edge,6,before,1,native,12,1,1,1,1,1,13215,16606
chunk_edge,6,before,1,native,13,1,1,1,1,1,27601,30650
chunk_edge,6,before,1,native,14,1,1,1,1,1,13144,16323
chunk_edge,6,before,1,fixed_winner,0,1,1,1,1,1,12243,0
chunk_edge,6,before,1,fixed_winner,1,1,1,1,1,1,12243,0
chunk_edge,6,before,1,fixed_winner,2,1,1,1,1,1,12243,0
chunk_edge,6,before,1,fixed_winner,3,1,1,1,1,1,12473,0
chunk_edge,6,before,1,fixed_winner,4,1,1,1,1,1,12273,0
chunk_edge,6,before,1,fixed_winner,5,1,1,1,1,1,12253,0
chunk_edge,6,before,1,fixed_winner,6,1,1,1,1,1,12223,0
chunk_edge,6,before,1,fixed_winner,7,1,1,1,1,1,12242,0
chunk_edge,6,before,1,fixed_winner,8,1,1,1,1,1,19467,0
chunk_edge,6,before,1,fixed_winner,9,1,1,1,1,1,12303,0
chunk_edge,6,before,1,fixed_winner,10,1,1,1,1,1,12253,0
chunk_edge,6,before,1,fixed_winner,11,1,1,1,1,1,12414,0
chunk_edge,6,before,1,fixed_winner,12,1,1,1,1,1,12243,0
chunk_edge,6,before,1,fixed_winner,13,1,1,1,1,1,12233,0
chunk_edge,6,before,1,fixed_winner,14,1,1,1,1,1,12222,0
chunk_edge,6,before,2,native,0,1,1,1,1,1,13064,15375
chunk_edge,6,before,2,native,1,1,1,1,1,1,13115,15396
chunk_edge,6,before,2,native,2,1,1,1,1,1,13064,15385
chunk_edge,6,before,2,native,3,1,1,1,1,1,13035,15356
chunk_edge,6,before,2,native,4,1,1,1,1,1,13214,15345
chunk_edge,6,before,2,native,5,1,1,1,1,1,27822,29752
chunk_edge,6,before,2,native,6,1,1,1,1,1,13094,15154
chunk_edge,6,before,2,native,7,1,1,1,1,1,13025,15105
chunk_edge,6,before,2,native,8,1,1,1,1,1,13044,15134
chunk_edge,6,before,2,native,9,1,1,1,1,1,13055,15135
chunk_edge,6,before,2,native,10,1,1,1,1,1,13024,15104
chunk_edge,6,before,2,native,11,1,1,1,1,1,13024,15105
chunk_edge,6,before,2,native,12,1,1,1,1,1,13115,15065
chunk_edge,6,before,2,native,13,1,1,1,1,1,16831,18688
chunk_edge,6,before,2,native,14,1,1,1,1,1,13134,15021
chunk_edge,6,before,2,fixed_winner,0,1,1,1,1,1,12223,0
chunk_edge,6,before,2,fixed_winner,1,1,1,1,1,1,12243,0
chunk_edge,6,before,2,fixed_winner,2,1,1,1,1,1,12222,0
chunk_edge,6,before,2,fixed_winner,3,1,1,1,1,1,12393,0
chunk_edge,6,before,2,fixed_winner,4,1,1,1,1,1,12253,0
chunk_edge,6,before,2,fixed_winner,5,1,1,1,1,1,12222,0
chunk_edge,6,before,2,fixed_winner,6,1,1,1,1,1,12233,0
chunk_edge,6,before,2,fixed_winner,7,1,1,1,1,1,12223,0
chunk_edge,6,before,2,fixed_winner,8,1,1,1,1,1,12222,0
chunk_edge,6,before,2,fixed_winner,9,1,1,1,1,1,12233,0
chunk_edge,6,before,2,fixed_winner,10,1,1,1,1,1,12223,0
chunk_edge,6,before,2,fixed_winner,11,1,1,1,1,1,12373,0
chunk_edge,6,before,2,fixed_winner,12,1,1,1,1,1,12223,0
chunk_edge,6,before,2,fixed_winner,13,1,1,1,1,1,12243,0
chunk_edge,6,before,2,fixed_winner,14,1,1,1,1,1,12233,0
chunk_edge,6,after,2,native,0,1,1,1,1,1,13045,13918
chunk_edge,6,after,2,native,1,1,1,1,1,1,13175,13999
chunk_edge,6,after,2,native,2,1,1,1,1,1,13064,13938
chunk_edge,6,after,2,native,3,1,1,1,1,1,13064,13938
chunk_edge,6,after,2,native,4,1,1,1,1,1,13245,13948
chunk_edge,6,after,2,native,5,1,1,1,1,1,13074,13928
chunk_edge,6,after,2,native,6,1,1,1,1,1,13115,13929
chunk_edge,6,after,2,native,7,1,1,1,1,1,13064,13938
chunk_edge,6,after,2,native,8,1,1,1,1,1,13085,13959
chunk_edge,6,after,2,native,9,1,1,1,1,1,13054,13918
chunk_edge,6,after,2,native,10,1,1,1,1,1,13024,13908
chunk_edge,6,after,2,native,11,1,1,1,1,1,13085,13928
chunk_edge,6,after,2,native,12,1,1,1,1,1,13164,13928
chunk_edge,6,after,2,native,13,1,1,1,1,1,29565,29896
chunk_edge,6,after,2,native,14,1,1,1,1,1,13185,13606
chunk_edge,6,after,2,fixed_winner,0,1,1,1,1,1,12243,0
chunk_edge,6,after,2,fixed_winner,1,1,1,1,1,1,12223,0
chunk_edge,6,after,2,fixed_winner,2,1,1,1,1,1,12253,0
chunk_edge,6,after,2,fixed_winner,3,1,1,1,1,1,12393,0
chunk_edge,6,after,2,fixed_winner,4,1,1,1,1,1,12232,0
chunk_edge,6,after,2,fixed_winner,5,1,1,1,1,1,12223,0
chunk_edge,6,after,2,fixed_winner,6,1,1,1,1,1,12213,0
chunk_edge,6,after,2,fixed_winner,7,1,1,1,1,1,12243,0
chunk_edge,6,after,2,fixed_winner,8,1,1,1,1,1,12213,0
chunk_edge,6,after,2,fixed_winner,9,1,1,1,1,1,12222,0
chunk_edge,6,after,2,fixed_winner,10,1,1,1,1,1,12213,0
chunk_edge,6,after,2,fixed_winner,11,1,1,1,1,1,12343,0
chunk_edge,6,after,2,fixed_winner,12,1,1,1,1,1,12233,0
chunk_edge,6,after,2,fixed_winner,13,1,1,1,1,1,12223,0
chunk_edge,6,after,2,fixed_winner,14,1,1,1,1,1,12253,0
chunk_edge,6,before,3,native,0,1,1,1,1,1,13034,16698
chunk_edge,6,before,3,native,1,1,1,1,1,1,13134,16718
chunk_edge,6,before,3,native,2,1,1,1,1,1,13044,16698
chunk_edge,6,before,3,native,3,1,1,1,1,1,13105,16719
chunk_edge,6,before,3,native,4,1,1,1,1,1,13204,16698
chunk_edge,6,before,3,native,5,1,1,1,1,1,13095,16708
chunk_edge,6,before,3,native,6,1,1,1,1,1,13034,16669
chunk_edge,6,before,3,native,7,1,1,1,1,1,13065,16709
chunk_edge,6,before,3,native,8,1,1,1,1,1,13044,16688
chunk_edge,6,before,3,native,9,1,1,1,1,1,13075,16719
chunk_edge,6,before,3,native,10,1,1,1,1,1,13074,16708
chunk_edge,6,before,3,native,11,1,1,1,1,1,13075,16709
chunk_edge,6,before,3,native,12,1,1,1,1,1,13174,16668
chunk_edge,6,before,3,native,13,1,1,1,1,1,27281,30341
chunk_edge,6,before,3,native,14,1,1,1,1,1,13144,16364
chunk_edge,6,before,3,fixed_winner,0,1,1,1,1,1,12222,0
chunk_edge,6,before,3,fixed_winner,1,1,1,1,1,1,12243,0
chunk_edge,6,before,3,fixed_winner,2,1,1,1,1,1,12233,0
chunk_edge,6,before,3,fixed_winner,3,1,1,1,1,1,12383,0
chunk_edge,6,before,3,fixed_winner,4,1,1,1,1,1,12263,0
chunk_edge,6,before,3,fixed_winner,5,1,1,1,1,1,12213,0
chunk_edge,6,before,3,fixed_winner,6,1,1,1,1,1,12233,0
chunk_edge,6,before,3,fixed_winner,7,1,1,1,1,1,12232,0
chunk_edge,6,before,3,fixed_winner,8,1,1,1,1,1,12233,0
chunk_edge,6,before,3,fixed_winner,9,1,1,1,1,1,12243,0
chunk_edge,6,before,3,fixed_winner,10,1,1,1,1,1,12233,0
chunk_edge,6,before,3,fixed_winner,11,1,1,1,1,1,12353,0
chunk_edge,6,before,3,fixed_winner,12,1,1,1,1,1,12223,0
chunk_edge,6,before,3,fixed_winner,13,1,1,1,1,1,12242,0
chunk_edge,6,before,3,fixed_winner,14,1,1,1,1,1,12223,0
chunk_edge,6,after,3,native,0,1,1,1,1,1,12984,13762
chunk_edge,6,after,3,native,1,1,1,1,1,1,13084,13832
chunk_edge,6,after,3,native,2,1,1,1,1,1,13064,13802
chunk_edge,6,after,3,native,3,1,1,1,1,1,12995,13743
chunk_edge,6,after,3,native,4,1,1,1,1,1,13224,13792
chunk_edge,6,after,3,native,5,1,1,1,1,1,30888,31300
chunk_edge,6,after,3,native,6,1,1,1,1,1,13154,13687
chunk_edge,6,after,3,native,7,1,1,1,1,1,13065,13608
chunk_edge,6,after,3,native,8,1,1,1,1,1,13034,13587
chunk_edge,6,after,3,native,9,1,1,1,1,1,13044,13578
chunk_edge,6,after,3,native,10,1,1,1,1,1,13015,13568
chunk_edge,6,after,3,native,11,1,1,1,1,1,13014,13557
chunk_edge,6,after,3,native,12,1,1,1,1,1,13185,13588
chunk_edge,6,after,3,native,13,1,1,1,1,1,13054,13577
chunk_edge,6,after,3,native,14,1,1,1,1,1,13044,13578
chunk_edge,6,after,3,fixed_winner,0,1,1,1,1,1,12223,0
chunk_edge,6,after,3,fixed_winner,1,1,1,1,1,1,12223,0
chunk_edge,6,after,3,fixed_winner,2,1,1,1,1,1,12233,0
chunk_edge,6,after,3,fixed_winner,3,1,1,1,1,1,12373,0
chunk_edge,6,after,3,fixed_winner,4,1,1,1,1,1,12243,0
chunk_edge,6,after,3,fixed_winner,5,1,1,1,1,1,12223,0
chunk_edge,6,after,3,fixed_winner,6,1,1,1,1,1,12213,0
chunk_edge,6,after,3,fixed_winner,7,1,1,1,1,1,12212,0
chunk_edge,6,after,3,fixed_winner,8,1,1,1,1,1,12213,0
chunk_edge,6,after,3,fixed_winner,9,1,1,1,1,1,12223,0
chunk_edge,6,after,3,fixed_winner,10,1,1,1,1,1,12203,0
chunk_edge,6,after,3,fixed_winner,11,1,1,1,1,1,12343,0
chunk_edge,6,after,3,fixed_winner,12,1,1,1,1,1,12213,0
chunk_edge,6,after,3,fixed_winner,13,1,1,1,1,1,12222,0
chunk_edge,6,after,3,fixed_winner,14,1,1,1,1,1,12223,0
chunk_edge,6,after,4,native,0,1,1,1,1,1,13154,13820
chunk_edge,6,after,4,native,1,1,1,1,1,1,13135,13821
chunk_edge,6,after,4,native,2,1,1,1,1,1,13104,13790
chunk_edge,6,after,4,native,3,1,1,1,1,1,13065,13761
chunk_edge,6,after,4,native,4,1,1,1,1,1,13274,13810
chunk_edge,6,after,4,native,5,1,1,1,1,1,30176,30530
chunk_edge,6,after,4,native,6,1,1,1,1,1,13145,13599
chunk_edge,6,after,4,native,7,1,1,1,1,1,13064,13499
chunk_edge,6,after,4,native,8,1,1,1,1,1,13075,13529
chunk_edge,6,after,4,native,9,1,1,1,1,1,13064,13528
chunk_edge,6,after,4,native,10,1,1,1,1,1,13055,13539
chunk_edge,6,after,4,native,11,1,1,1,1,1,13084,13528
chunk_edge,6,after,4,native,12,1,1,1,1,1,13195,13529
chunk_edge,6,after,4,native,13,1,1,1,1,1,13074,13528
chunk_edge,6,after,4,native,14,1,1,1,1,1,13105,13569
chunk_edge,6,after,4,fixed_winner,0,1,1,1,1,1,12223,0
chunk_edge,6,after,4,fixed_winner,1,1,1,1,1,1,12243,0
chunk_edge,6,after,4,fixed_winner,2,1,1,1,1,1,12223,0
chunk_edge,6,after,4,fixed_winner,3,1,1,1,1,1,12373,0
chunk_edge,6,after,4,fixed_winner,4,1,1,1,1,1,12272,0
chunk_edge,6,after,4,fixed_winner,5,1,1,1,1,1,12223,0
chunk_edge,6,after,4,fixed_winner,6,1,1,1,1,1,12213,0
chunk_edge,6,after,4,fixed_winner,7,1,1,1,1,1,12212,0
chunk_edge,6,after,4,fixed_winner,8,1,1,1,1,1,12223,0
chunk_edge,6,after,4,fixed_winner,9,1,1,1,1,1,12213,0
chunk_edge,6,after,4,fixed_winner,10,1,1,1,1,1,12203,0
chunk_edge,6,after,4,fixed_winner,11,1,1,1,1,1,12373,0
chunk_edge,6,after,4,fixed_winner,12,1,1,1,1,1,12213,0
chunk_edge,6,after,4,fixed_winner,13,1,1,1,1,1,12222,0
chunk_edge,6,after,4,fixed_winner,14,1,1,1,1,1,12233,0
chunk_edge,6,before,4,native,0,1,1,1,0,1,13104,20731
chunk_edge,6,before,4,native,1,1,1,1,0,1,13195,20751
chunk_edge,6,before,4,native,2,1,1,1,0,1,13104,20700
chunk_edge,6,before,4,native,3,1,1,1,0,1,13114,20690
chunk_edge,6,before,4,native,4,1,1,1,0,1,13235,20701
chunk_edge,6,before,4,native,5,1,1,1,0,1,27491,33785
chunk_edge,6,before,4,native,6,1,1,1,0,1,13145,19499
chunk_edge,6,before,4,native,7,1,1,1,0,1,13004,19378
chunk_edge,6,before,4,native,8,1,1,1,0,1,13025,19409
chunk_edge,6,before,4,native,9,1,1,1,0,1,13064,19428
chunk_edge,6,before,4,native,10,1,1,1,0,1,13134,19519
chunk_edge,6,before,4,native,11,1,1,1,0,1,13074,19448
chunk_edge,6,before,4,native,12,1,1,1,0,1,13174,19418
chunk_edge,6,before,4,native,13,1,1,1,0,1,16540,21979
chunk_edge,6,before,4,native,14,1,1,1,0,1,13085,18542
chunk_edge,6,before,4,fixed_winner,0,1,1,1,1,1,12173,0
chunk_edge,6,before,4,fixed_winner,1,1,1,1,1,1,12213,0
chunk_edge,6,before,4,fixed_winner,2,1,1,1,1,1,12183,0
chunk_edge,6,before,4,fixed_winner,3,1,1,1,1,1,12373,0
chunk_edge,6,before,4,fixed_winner,4,1,1,1,1,1,12213,0
chunk_edge,6,before,4,fixed_winner,5,1,1,1,1,1,12183,0
chunk_edge,6,before,4,fixed_winner,6,1,1,1,1,1,12203,0
chunk_edge,6,before,4,fixed_winner,7,1,1,1,1,1,12202,0
chunk_edge,6,before,4,fixed_winner,8,1,1,1,1,1,12193,0
chunk_edge,6,before,4,fixed_winner,9,1,1,1,1,1,12182,0
chunk_edge,6,before,4,fixed_winner,10,1,1,1,1,1,12183,0
chunk_edge,6,before,4,fixed_winner,11,1,1,1,1,1,12333,0
chunk_edge,6,before,4,fixed_winner,12,1,1,1,1,1,12192,0
chunk_edge,6,before,4,fixed_winner,13,1,1,1,1,1,12193,0
chunk_edge,6,before,4,fixed_winner,14,1,1,1,1,1,23173,0
chunk_edge,8,before,0,native,0,1,1,1,1,1,14137,14130
chunk_edge,8,before,0,native,1,1,1,1,1,1,19196,14691
chunk_edge,8,before,0,native,2,1,1,1,1,1,13274,14360
chunk_edge,8,before,0,native,3,1,1,1,1,1,13064,14190
chunk_edge,8,before,0,native,4,1,1,1,1,1,13215,14171
chunk_edge,8,before,0,native,5,1,1,1,1,1,33372,34220
chunk_edge,8,before,0,native,6,1,1,1,1,1,13165,14152
chunk_edge,8,before,0,native,7,1,1,1,1,1,13064,14053
chunk_edge,8,before,0,native,8,1,1,1,1,1,13014,14012
chunk_edge,8,before,0,native,9,1,1,1,1,1,13044,14032
chunk_edge,8,before,0,native,10,1,1,1,1,1,12994,14003
chunk_edge,8,before,0,native,11,1,1,1,1,1,13124,14102
chunk_edge,8,before,0,native,12,1,1,1,1,1,13185,14023
chunk_edge,8,before,0,native,13,1,1,1,1,1,13094,14062
chunk_edge,8,before,0,native,14,1,1,1,1,1,13065,14053
chunk_edge,8,before,0,fixed_winner,0,1,1,1,1,1,12223,0
chunk_edge,8,before,0,fixed_winner,1,1,1,1,1,1,12223,0
chunk_edge,8,before,0,fixed_winner,2,1,1,1,1,1,12233,0
chunk_edge,8,before,0,fixed_winner,3,1,1,1,1,1,12374,0
chunk_edge,8,before,0,fixed_winner,4,1,1,1,1,1,12263,0
chunk_edge,8,before,0,fixed_winner,5,1,1,1,1,1,12223,0
chunk_edge,8,before,0,fixed_winner,6,1,1,1,1,1,12232,0
chunk_edge,8,before,0,fixed_winner,7,1,1,1,1,1,12223,0
chunk_edge,8,before,0,fixed_winner,8,1,1,1,1,1,12223,0
chunk_edge,8,before,0,fixed_winner,9,1,1,1,1,1,12243,0
chunk_edge,8,before,0,fixed_winner,10,1,1,1,1,1,12213,0
chunk_edge,8,before,0,fixed_winner,11,1,1,1,1,1,12383,0
chunk_edge,8,before,0,fixed_winner,12,1,1,1,1,1,12222,0
chunk_edge,8,before,0,fixed_winner,13,1,1,1,1,1,12233,0
chunk_edge,8,before,0,fixed_winner,14,1,1,1,1,1,12233,0
chunk_edge,8,after,0,native,0,1,1,1,1,1,13084,13825
chunk_edge,8,after,0,native,1,1,1,1,1,1,13185,13866
chunk_edge,8,after,0,native,2,1,1,1,1,1,13184,13875
chunk_edge,8,after,0,native,3,1,1,1,1,1,13154,13875
chunk_edge,8,after,0,native,4,1,1,1,1,1,13275,13826
chunk_edge,8,after,0,native,5,1,1,1,1,1,33673,34049
chunk_edge,8,after,0,native,6,1,1,1,1,1,13205,13701
chunk_edge,8,after,0,native,7,1,1,1,1,1,13165,13651
chunk_edge,8,after,0,native,8,1,1,1,1,1,13164,13661
chunk_edge,8,after,0,native,9,1,1,1,1,1,13104,13600
chunk_edge,8,after,0,native,10,1,1,1,1,1,13135,13631
chunk_edge,8,after,0,native,11,1,1,1,1,1,13134,13630
chunk_edge,8,after,0,native,12,1,1,1,1,1,13255,13611
chunk_edge,8,after,0,native,13,1,1,1,1,1,13155,13641
chunk_edge,8,after,0,native,14,1,1,1,1,1,13124,13620
chunk_edge,8,after,0,fixed_winner,0,1,1,1,1,1,12253,0
chunk_edge,8,after,0,fixed_winner,1,1,1,1,1,1,12273,0
chunk_edge,8,after,0,fixed_winner,2,1,1,1,1,1,12283,0
chunk_edge,8,after,0,fixed_winner,3,1,1,1,1,1,12403,0
chunk_edge,8,after,0,fixed_winner,4,1,1,1,1,1,12283,0
chunk_edge,8,after,0,fixed_winner,5,1,1,1,1,1,12253,0
chunk_edge,8,after,0,fixed_winner,6,1,1,1,1,1,12263,0
chunk_edge,8,after,0,fixed_winner,7,1,1,1,1,1,12263,0
chunk_edge,8,after,0,fixed_winner,8,1,1,1,1,1,12252,0
chunk_edge,8,after,0,fixed_winner,9,1,1,1,1,1,12263,0
chunk_edge,8,after,0,fixed_winner,10,1,1,1,1,1,12253,0
chunk_edge,8,after,0,fixed_winner,11,1,1,1,1,1,12433,0
chunk_edge,8,after,0,fixed_winner,12,1,1,1,1,1,12263,0
chunk_edge,8,after,0,fixed_winner,13,1,1,1,1,1,12253,0
chunk_edge,8,after,0,fixed_winner,14,1,1,1,1,1,12263,0
chunk_edge,8,before,1,native,0,1,1,1,1,1,13134,17838
chunk_edge,8,before,1,native,1,1,1,1,1,1,13235,17899
chunk_edge,8,before,1,native,2,1,1,1,1,1,13174,17859
chunk_edge,8,before,1,native,3,1,1,1,1,1,13204,17878
chunk_edge,8,before,1,native,4,1,1,1,1,1,13325,17829
chunk_edge,8,before,1,native,5,1,1,1,1,1,30096,34523
chunk_edge,8,before,1,native,6,1,1,1,1,1,13245,17722
chunk_edge,8,before,1,native,7,1,1,1,1,1,13184,17681
chunk_edge,8,before,1,native,8,1,1,1,1,1,13154,17651
chunk_edge,8,before,1,native,9,1,1,1,1,1,13165,17652
chunk_edge,8,before,1,native,10,1,1,1,1,1,13164,17641
chunk_edge,8,before,1,native,11,1,1,1,1,1,13135,17631
chunk_edge,8,before,1,native,12,1,1,1,1,1,13275,17652
chunk_edge,8,before,1,native,13,1,1,1,1,1,16891,21223
chunk_edge,8,before,1,native,14,1,1,1,1,1,13194,17566
chunk_edge,8,before,1,fixed_winner,0,1,1,1,1,1,12273,0
chunk_edge,8,before,1,fixed_winner,1,1,1,1,1,1,12313,0
chunk_edge,8,before,1,fixed_winner,2,1,1,1,1,1,12293,0
chunk_edge,8,before,1,fixed_winner,3,1,1,1,1,1,12483,0
chunk_edge,8,before,1,fixed_winner,4,1,1,1,1,1,12323,0
chunk_edge,8,before,1,fixed_winner,5,1,1,1,1,1,12293,0
chunk_edge,8,before,1,fixed_winner,6,1,1,1,1,1,12293,0
chunk_edge,8,before,1,fixed_winner,7,1,1,1,1,1,12293,0
chunk_edge,8,before,1,fixed_winner,8,1,1,1,1,1,12303,0
chunk_edge,8,before,1,fixed_winner,9,1,1,1,1,1,12283,0
chunk_edge,8,before,1,fixed_winner,10,1,1,1,1,1,12303,0
chunk_edge,8,before,1,fixed_winner,11,1,1,1,1,1,12434,0
chunk_edge,8,before,1,fixed_winner,12,1,1,1,1,1,12293,0
chunk_edge,8,before,1,fixed_winner,13,1,1,1,1,1,12303,0
chunk_edge,8,before,1,fixed_winner,14,1,1,1,1,1,12293,0
chunk_edge,8,after,1,native,0,1,1,1,1,1,13104,14100
chunk_edge,8,after,1,native,1,1,1,1,1,1,13165,14130
chunk_edge,8,after,1,native,2,1,1,1,1,1,13185,14169
chunk_edge,8,after,1,native,3,1,1,1,1,1,13165,14150
chunk_edge,8,after,1,native,4,1,1,1,1,1,13295,14140
chunk_edge,8,after,1,native,5,1,1,1,1,1,13104,14109
chunk_edge,8,after,1,native,6,1,1,1,1,1,13135,14110
chunk_edge,8,after,1,native,7,1,1,1,1,1,13084,14080
chunk_edge,8,after,1,native,8,1,1,1,1,1,13124,14089
chunk_edge,8,after,1,native,9,1,1,1,1,1,13104,14100
chunk_edge,8,after,1,native,10,1,1,1,1,1,13154,14149
chunk_edge,8,after,1,native,11,1,1,1,1,1,13095,14090
chunk_edge,8,after,1,native,12,1,1,1,1,1,13234,14089
chunk_edge,8,after,1,native,13,1,1,1,1,1,34283,34871
chunk_edge,8,after,1,native,14,1,1,1,1,1,13255,13973
chunk_edge,8,after,1,fixed_winner,0,1,1,1,1,1,12263,0
chunk_edge,8,after,1,fixed_winner,1,1,1,1,1,1,12283,0
chunk_edge,8,after,1,fixed_winner,2,1,1,1,1,1,12263,0
chunk_edge,8,after,1,fixed_winner,3,1,1,1,1,1,12483,0
chunk_edge,8,after,1,fixed_winner,4,1,1,1,1,1,12283,0
chunk_edge,8,after,1,fixed_winner,5,1,1,1,1,1,12283,0
chunk_edge,8,after,1,fixed_winner,6,1,1,1,1,1,12262,0
chunk_edge,8,after,1,fixed_winner,7,1,1,1,1,1,12263,0
chunk_edge,8,after,1,fixed_winner,8,1,1,1,1,1,12273,0
chunk_edge,8,after,1,fixed_winner,9,1,1,1,1,1,12262,0
chunk_edge,8,after,1,fixed_winner,10,1,1,1,1,1,12273,0
chunk_edge,8,after,1,fixed_winner,11,1,1,1,1,1,12393,0
chunk_edge,8,after,1,fixed_winner,12,1,1,1,1,1,12273,0
chunk_edge,8,after,1,fixed_winner,13,1,1,1,1,1,12273,0
chunk_edge,8,after,1,fixed_winner,14,1,1,1,1,1,12272,0
chunk_edge,8,after,2,native,0,1,1,1,1,1,13084,13816
chunk_edge,8,after,2,native,1,1,1,1,1,1,13185,13867
chunk_edge,8,after,2,native,2,1,1,1,1,1,16630,13826
chunk_edge,8,after,2,native,3,1,1,1,1,1,19987,14358
chunk_edge,8,after,2,native,4,1,1,1,1,1,19486,14307
chunk_edge,8,after,2,native,5,1,1,1,1,1,15068,14408
chunk_edge,8,after,2,native,6,1,1,1,1,1,13135,13847
chunk_edge,8,after,2,native,7,1,1,1,1,1,13074,13796
chunk_edge,8,after,2,native,8,1,1,1,1,1,13075,13797
chunk_edge,8,after,2,native,9,1,1,1,1,1,13034,13766
chunk_edge,8,after,2,native,10,1,1,1,1,1,13065,13797
chunk_edge,8,after,2,native,11,1,1,1,1,1,13064,13806
chunk_edge,8,after,2,native,12,1,1,1,1,1,13195,13767
chunk_edge,8,after,2,native,13,1,1,1,1,1,38141,38536
chunk_edge,8,after,2,native,14,1,1,1,1,1,13254,13819
chunk_edge,8,after,2,fixed_winner,0,1,1,1,1,1,12272,0
chunk_edge,8,after,2,fixed_winner,1,1,1,1,1,1,12253,0
chunk_edge,8,after,2,fixed_winner,2,1,1,1,1,1,12272,0
chunk_edge,8,after,2,fixed_winner,3,1,1,1,1,1,12423,0
chunk_edge,8,after,2,fixed_winner,4,1,1,1,1,1,14758,0
chunk_edge,8,after,2,fixed_winner,5,1,1,1,1,1,16891,0
chunk_edge,8,after,2,fixed_winner,6,1,1,1,1,1,17422,0
chunk_edge,8,after,2,fixed_winner,7,1,1,1,1,1,17132,0
chunk_edge,8,after,2,fixed_winner,8,1,1,1,1,1,17833,0
chunk_edge,8,after,2,fixed_winner,9,1,1,1,1,1,18184,0
chunk_edge,8,after,2,fixed_winner,10,1,1,1,1,1,19116,0
chunk_edge,8,after,2,fixed_winner,11,1,1,1,1,1,17072,0
chunk_edge,8,after,2,fixed_winner,12,1,1,1,1,1,17263,0
chunk_edge,8,after,2,fixed_winner,13,1,1,1,1,1,17323,0
chunk_edge,8,after,2,fixed_winner,14,1,1,1,1,1,16551,0
chunk_edge,8,before,2,native,0,1,1,1,1,1,13125,14461
chunk_edge,8,before,2,native,1,1,1,1,1,1,13284,14580
chunk_edge,8,before,2,native,2,1,1,1,1,1,13185,14501
chunk_edge,8,before,2,native,3,1,1,1,1,1,13165,14501
chunk_edge,8,before,2,native,4,1,1,1,1,1,13325,14490
chunk_edge,8,before,2,native,5,1,1,1,1,1,31909,32490
chunk_edge,8,before,2,native,6,1,1,1,1,1,13285,13976
chunk_edge,8,before,2,native,7,1,1,1,1,1,13174,13855
chunk_edge,8,before,2,native,8,1,1,1,1,1,13225,13906
chunk_edge,8,before,2,native,9,1,1,1,1,1,13185,13876
chunk_edge,8,before,2,native,10,1,1,1,1,1,13174,13845
chunk_edge,8,before,2,native,11,1,1,1,1,1,13174,13875
chunk_edge,8,before,2,native,12,1,1,1,1,1,13335,13866
chunk_edge,8,before,2,native,13,1,1,1,1,1,13175,13836
chunk_edge,8,before,2,native,14,1,1,1,1,1,13224,13875
chunk_edge,8,before,2,fixed_winner,0,1,1,1,1,1,12373,0
chunk_edge,8,before,2,fixed_winner,1,1,1,1,1,1,12383,0
chunk_edge,8,before,2,fixed_winner,2,1,1,1,1,1,12383,0
chunk_edge,8,before,2,fixed_winner,3,1,1,1,1,1,12533,0
chunk_edge,8,before,2,fixed_winner,4,1,1,1,1,1,12393,0
chunk_edge,8,before,2,fixed_winner,5,1,1,1,1,1,12383,0
chunk_edge,8,before,2,fixed_winner,6,1,1,1,1,1,12363,0
chunk_edge,8,before,2,fixed_winner,7,1,1,1,1,1,12383,0
chunk_edge,8,before,2,fixed_winner,8,1,1,1,1,1,12373,0
chunk_edge,8,before,2,fixed_winner,9,1,1,1,1,1,12383,0
chunk_edge,8,before,2,fixed_winner,10,1,1,1,1,1,12373,0
chunk_edge,8,before,2,fixed_winner,11,1,1,1,1,1,12503,0
chunk_edge,8,before,2,fixed_winner,12,1,1,1,1,1,12373,0
chunk_edge,8,before,2,fixed_winner,13,1,1,1,1,1,12373,0
chunk_edge,8,before,2,fixed_winner,14,1,1,1,1,1,12383,0
chunk_edge,8,before,3,native,0,1,1,1,1,1,13085,13845
chunk_edge,8,before,3,native,1,1,1,1,1,1,13175,13885
chunk_edge,8,before,3,native,2,1,1,1,1,1,13114,13844
chunk_edge,8,before,3,native,3,1,1,1,1,1,13145,13865
chunk_edge,8,before,3,native,4,1,1,1,1,1,13244,13844
chunk_edge,8,before,3,native,5,1,1,1,1,1,34455,34945
chunk_edge,8,before,3,native,6,1,1,1,1,1,13225,13826
chunk_edge,8,before,3,native,7,1,1,1,1,1,13165,13776
chunk_edge,8,before,3,native,8,1,1,1,1,1,13204,13795
chunk_edge,8,before,3,native,9,1,1,1,1,1,13095,13726
chunk_edge,8,before,3,native,10,1,1,1,1,1,13094,13695
chunk_edge,8,before,3,native,11,1,1,1,1,1,13145,13756
chunk_edge,8,before,3,native,12,1,1,1,1,1,13285,13735
chunk_edge,8,before,3,native,13,1,1,1,1,1,16911,17241
chunk_edge,8,before,3,native,14,1,1,1,1,1,13255,13584
chunk_edge,8,before,3,fixed_winner,0,1,1,1,1,1,12363,0
chunk_edge,8,before,3,fixed_winner,1,1,1,1,1,1,12353,0
chunk_edge,8,before,3,fixed_winner,2,1,1,1,1,1,12363,0
chunk_edge,8,before,3,fixed_winner,3,1,1,1,1,1,12493,0
chunk_edge,8,before,3,fixed_winner,4,1,1,1,1,1,12393,0
chunk_edge,8,before,3,fixed_winner,5,1,1,1,1,1,12373,0
chunk_edge,8,before,3,fixed_winner,6,1,1,1,1,1,12353,0
chunk_edge,8,before,3,fixed_winner,7,1,1,1,1,1,12373,0
chunk_edge,8,before,3,fixed_winner,8,1,1,1,1,1,12333,0
chunk_edge,8,before,3,fixed_winner,9,1,1,1,1,1,12363,0
chunk_edge,8,before,3,fixed_winner,10,1,1,1,1,1,12343,0
chunk_edge,8,before,3,fixed_winner,11,1,1,1,1,1,12493,0
chunk_edge,8,before,3,fixed_winner,12,1,1,1,1,1,12363,0
chunk_edge,8,before,3,fixed_winner,13,1,1,1,1,1,12333,0
chunk_edge,8,before,3,fixed_winner,14,1,1,1,1,1,12353,0
chunk_edge,8,after,3,native,0,1,1,1,1,1,13135,15120
chunk_edge,8,after,3,native,1,1,1,1,1,1,13225,15170
chunk_edge,8,after,3,native,2,1,1,1,1,1,13174,15119
chunk_edge,8,after,3,native,3,1,1,1,1,1,13204,15169
chunk_edge,8,after,3,native,4,1,1,1,1,1,13324,15129
chunk_edge,8,after,3,native,5,1,1,1,1,1,41598,38385
chunk_edge,8,after,3,native,6,1,1,1,1,1,19025,15052
chunk_edge,8,after,3,native,7,1,1,1,1,1,15129,15201
chunk_edge,8,after,3,native,8,1,1,1,1,1,16571,14421
chunk_edge,8,after,3,native,9,1,1,1,1,1,13806,14741
chunk_edge,8,after,3,native,10,1,1,1,1,1,13185,14411
chunk_edge,8,after,3,native,11,1,1,1,1,1,13175,14400
chunk_edge,8,after,3,native,12,1,1,1,1,1,13345,14380
chunk_edge,8,after,3,native,13,1,1,1,1,1,18514,19403
chunk_edge,8,after,3,native,14,1,1,1,1,1,13916,14223
chunk_edge,8,after,3,fixed_winner,0,1,1,1,1,1,17262,0
chunk_edge,8,after,3,fixed_winner,1,1,1,1,1,1,14757,0
chunk_edge,8,after,3,fixed_winner,2,1,1,1,1,1,13895,0
chunk_edge,8,after,3,fixed_winner,3,1,1,1,1,1,17182,0
chunk_edge,8,after,3,fixed_winner,4,1,1,1,1,1,15739,0
chunk_edge,8,after,3,fixed_winner,5,1,1,1,1,1,12393,0
chunk_edge,8,after,3,fixed_winner,6,1,1,1,1,1,12343,0
chunk_edge,8,after,3,fixed_winner,7,1,1,1,1,1,12333,0
chunk_edge,8,after,3,fixed_winner,8,1,1,1,1,1,12343,0
chunk_edge,8,after,3,fixed_winner,9,1,1,1,1,1,12333,0
chunk_edge,8,after,3,fixed_winner,10,1,1,1,1,1,12343,0
chunk_edge,8,after,3,fixed_winner,11,1,1,1,1,1,12473,0
chunk_edge,8,after,3,fixed_winner,12,1,1,1,1,1,12343,0
chunk_edge,8,after,3,fixed_winner,13,1,1,1,1,1,12343,0
chunk_edge,8,after,3,fixed_winner,14,1,1,1,1,1,12353,0
chunk_edge,8,before,4,native,0,1,1,1,1,1,16551,14453
chunk_edge,8,before,4,native,1,1,1,1,1,1,13345,14103
chunk_edge,8,before,4,native,2,1,1,1,1,1,13225,13993
chunk_edge,8,before,4,native,3,1,1,1,1,1,13215,14023
chunk_edge,8,before,4,native,4,1,1,1,1,1,13345,13992
chunk_edge,8,before,4,native,5,1,1,1,1,1,34775,35358
chunk_edge,8,before,4,native,6,1,1,1,1,1,13385,14069
chunk_edge,8,before,4,native,7,1,1,1,1,1,13225,13899
chunk_edge,8,before,4,native,8,1,1,1,1,1,13255,13929
chunk_edge,8,before,4,native,9,1,1,1,1,1,13244,13938
chunk_edge,8,before,4,native,10,1,1,1,1,1,13194,13898
chunk_edge,8,before,4,native,11,1,1,1,1,1,13205,13889
chunk_edge,8,before,4,native,12,1,1,1,1,1,13365,13919
chunk_edge,8,before,4,native,13,1,1,1,1,1,17482,17917
chunk_edge,8,before,4,native,14,1,1,1,1,1,13194,13699
chunk_edge,8,before,4,fixed_winner,0,1,1,1,1,1,12363,0
chunk_edge,8,before,4,fixed_winner,1,1,1,1,1,1,12393,0
chunk_edge,8,before,4,fixed_winner,2,1,1,1,1,1,12363,0
chunk_edge,8,before,4,fixed_winner,3,1,1,1,1,1,12533,0
chunk_edge,8,before,4,fixed_winner,4,1,1,1,1,1,12393,0
chunk_edge,8,before,4,fixed_winner,5,1,1,1,1,1,12373,0
chunk_edge,8,before,4,fixed_winner,6,1,1,1,1,1,12373,0
chunk_edge,8,before,4,fixed_winner,7,1,1,1,1,1,12373,0
chunk_edge,8,before,4,fixed_winner,8,1,1,1,1,1,12383,0
chunk_edge,8,before,4,fixed_winner,9,1,1,1,1,1,12353,0
chunk_edge,8,before,4,fixed_winner,10,1,1,1,1,1,12363,0
chunk_edge,8,before,4,fixed_winner,11,1,1,1,1,1,12484,0
chunk_edge,8,before,4,fixed_winner,12,1,1,1,1,1,12374,0
chunk_edge,8,before,4,fixed_winner,13,1,1,1,1,1,12383,0
chunk_edge,8,before,4,fixed_winner,14,1,1,1,1,1,12363,0
chunk_edge,8,after,4,native,0,1,1,1,1,1,13465,14416
chunk_edge,8,after,4,native,1,1,1,1,1,1,13646,14495
chunk_edge,8,after,4,native,2,1,1,1,1,1,13455,14395
chunk_edge,8,after,4,native,3,1,1,1,1,1,13505,14436
chunk_edge,8,after,4,native,4,1,1,1,1,1,13635,14425
chunk_edge,8,after,4,native,5,1,1,1,1,1,35316,36067
chunk_edge,8,after,4,native,6,1,1,1,1,1,13565,14396
chunk_edge,8,after,4,native,7,1,1,1,1,1,13445,14267
chunk_edge,8,after,4,native,8,1,1,1,1,1,13475,14287
chunk_edge,8,after,4,native,9,1,1,1,1,1,13505,14326
chunk_edge,8,after,4,native,10,1,1,1,1,1,13505,14306
chunk_edge,8,after,4,native,11,1,1,1,1,1,13425,14257
chunk_edge,8,after,4,native,12,1,1,1,1,1,13636,14316
chunk_edge,8,after,4,native,13,1,1,1,1,1,17192,17833
chunk_edge,8,after,4,native,14,1,1,1,1,1,13465,14097
chunk_edge,8,after,4,fixed_winner,0,1,1,1,1,1,12684,0
chunk_edge,8,after,4,fixed_winner,1,1,1,1,1,1,12664,0
chunk_edge,8,after,4,fixed_winner,2,1,1,1,1,1,12664,0
chunk_edge,8,after,4,fixed_winner,3,1,1,1,1,1,12824,0
chunk_edge,8,after,4,fixed_winner,4,1,1,1,1,1,12683,0
chunk_edge,8,after,4,fixed_winner,5,1,1,1,1,1,12634,0
chunk_edge,8,after,4,fixed_winner,6,1,1,1,1,1,12663,0
chunk_edge,8,after,4,fixed_winner,7,1,1,1,1,1,12624,0
chunk_edge,8,after,4,fixed_winner,8,1,1,1,1,1,12644,0
chunk_edge,8,after,4,fixed_winner,9,1,1,1,1,1,12633,0
chunk_edge,8,after,4,fixed_winner,10,1,1,1,1,1,12644,0
chunk_edge,8,after,4,fixed_winner,11,1,1,1,1,1,12774,0
chunk_edge,8,after,4,fixed_winner,12,1,1,1,1,1,12653,0
chunk_edge,8,after,4,fixed_winner,13,1,1,1,1,1,12654,0
chunk_edge,8,after,4,fixed_winner,14,1,1,1,1,1,12633,0
short,2,after,0,native,0,1,1,1,0,1,58649,46216
short,2,after,0,native,1,1,1,1,0,1,46066,46537
short,2,after,0,native,2,1,1,1,0,1,45685,46285
short,2,after,0,native,3,1,1,1,0,1,45615,46246
short,2,after,0,native,4,1,1,1,0,1,45484,46215
short,2,after,0,native,5,1,1,1,0,1,63178,65427
short,2,after,0,native,6,1,1,1,0,1,45796,46150
short,2,after,0,native,7,1,1,1,0,1,45675,46050
short,2,after,0,native,8,1,1,1,0,1,53700,46040
short,2,after,0,native,9,1,1,1,0,1,45866,46161
short,2,after,0,native,10,1,1,1,0,1,45665,46050
short,2,after,0,native,11,1,1,1,0,1,45675,46050
short,2,after,0,native,12,1,1,1,0,1,45735,45990
short,2,after,0,native,13,1,1,1,0,1,45615,46000
short,2,after,0,native,14,1,1,1,0,1,45605,45990
short,2,after,0,fixed_winner,0,1,1,1,0,1,44213,0
short,2,after,0,fixed_winner,1,1,1,1,0,1,43571,0
short,2,after,0,fixed_winner,2,1,1,1,0,1,44223,0
short,2,after,0,fixed_winner,3,1,1,1,0,1,43732,0
short,2,after,0,fixed_winner,4,1,1,1,0,1,44222,0
short,2,after,0,fixed_winner,5,1,1,1,0,1,43571,0
short,2,after,0,fixed_winner,6,1,1,1,0,1,44203,0
short,2,after,0,fixed_winner,7,1,1,1,0,1,44233,0
short,2,after,0,fixed_winner,8,1,1,1,0,1,44212,0
short,2,after,0,fixed_winner,9,1,1,1,0,1,50384,0
short,2,after,0,fixed_winner,10,1,1,1,0,1,42349,0
short,2,after,0,fixed_winner,11,1,1,1,0,1,44132,0
short,2,after,0,fixed_winner,12,1,1,1,0,1,44212,0
short,2,after,0,fixed_winner,13,1,1,1,0,1,43571,0
short,2,after,0,fixed_winner,14,1,1,1,0,1,44212,0
short,2,before,0,native,0,1,1,1,1,1,43010,51072
short,2,before,0,native,1,1,1,1,1,1,45013,51071
short,2,before,0,native,2,1,1,1,1,1,45665,51092
short,2,before,0,native,3,1,1,1,1,1,46988,51132
short,2,before,0,native,4,1,1,1,1,1,47098,51102
short,2,before,0,native,5,1,1,1,1,1,66745,70604
short,2,before,0,native,6,1,1,1,1,1,45154,51027
short,2,before,0,native,7,1,1,1,1,1,49532,50907
short,2,before,0,native,8,1,1,1,1,1,45876,50987
short,2,before,0,native,9,1,1,1,1,1,43681,50866
short,2,before,0,native,10,1,1,1,1,1,75371,50907
short,2,before,0,native,11,1,1,1,1,1,47268,51127
short,2,before,0,native,12,1,1,1,1,1,47088,50886
short,2,before,0,native,13,1,1,1,1,1,45625,50857
short,2,before,0,native,14,1,1,1,1,1,46937,50867
short,2,before,0,fixed_winner,0,1,1,1,0,1,41979,0
short,2,before,0,fixed_winner,1,1,1,1,0,1,51746,0
short,2,before,0,fixed_winner,2,1,1,1,0,1,43882,0
short,2,before,0,fixed_winner,3,1,1,1,0,1,44072,0
short,2,before,0,fixed_winner,4,1,1,1,0,1,41928,0
short,2,before,0,fixed_winner,5,1,1,1,0,1,43821,0
short,2,before,0,fixed_winner,6,1,1,1,0,1,41898,0
short,2,before,0,fixed_winner,7,1,1,1,0,1,42539,0
short,2,before,0,fixed_winner,8,1,1,1,0,1,43842,0
short,2,before,0,fixed_winner,9,1,1,1,0,1,43832,0
short,2,before,0,fixed_winner,10,1,1,1,0,1,41898,0
short,2,before,0,fixed_winner,11,1,1,1,0,1,43992,0
short,2,before,0,fixed_winner,12,1,1,1,0,1,41898,0
short,2,before,0,fixed_winner,13,1,1,1,0,1,41898,0
short,2,before,0,fixed_winner,14,1,1,1,0,1,41898,0
short,2,after,1,native,0,1,1,1,0,1,46907,51347
short,2,after,1,native,1,1,1,1,0,1,45665,51368
short,2,after,1,native,2,1,1,1,0,1,46927,51347
short,2,after,1,native,3,1,1,1,0,1,46868,51318
short,2,after,1,native,4,1,1,1,0,1,45795,51397
short,2,after,1,native,5,1,1,1,0,1,64640,68739
short,2,after,1,native,6,1,1,1,0,1,45726,51207
short,2,after,1,native,7,1,1,1,0,1,46917,51136
short,2,after,1,native,8,1,1,1,0,1,45615,51127
short,2,after,1,native,9,1,1,1,0,1,45585,51106
short,2,after,1,native,10,1,1,1,0,1,45645,51146
short,2,after,1,native,11,1,1,1,0,1,45625,51136
short,2,after,1,native,12,1,1,1,0,1,46497,51127
short,2,after,1,native,13,1,1,1,0,1,45084,51096
short,2,after,1,native,14,1,1,1,0,1,45054,51097
short,2,after,1,fixed_winner,0,1,1,1,0,1,45444,0
short,2,after,1,fixed_winner,1,1,1,1,0,1,55704,0
short,2,after,1,fixed_winner,2,1,1,1,0,1,44433,0
short,2,after,1,fixed_winner,3,1,1,1,0,1,45675,0
short,2,after,1,fixed_winner,4,1,1,1,0,1,45515,0
short,2,after,1,fixed_winner,5,1,1,1,0,1,44233,0
short,2,after,1,fixed_winner,6,1,1,1,0,1,44203,0
short,2,after,1,fixed_winner,7,1,1,1,0,1,43531,0
short,2,after,1,fixed_winner,8,1,1,1,0,1,44202,0
short,2,after,1,fixed_winner,9,1,1,1,0,1,45475,0
short,2,after,1,fixed_winner,10,1,1,1,0,1,45465,0
short,2,after,1,fixed_winner,11,1,1,1,0,1,45615,0
short,2,after,1,fixed_winner,12,1,1,1,0,1,44222,0
short,2,after,1,fixed_winner,13,1,1,1,0,1,44443,0
short,2,after,1,fixed_winner,14,1,1,1,0,1,44463,0
short,2,before,1,native,0,1,1,1,1,1,43852,66443
short,2,before,1,native,1,1,1,1,1,1,45775,66453
short,2,before,1,native,2,1,1,1,1,1,45645,66332
short,2,before,1,native,3,1,1,1,1,1,45404,66352
short,2,before,1,native,4,1,1,1,1,1,45866,66383
short,2,before,1,native,5,1,1,1,1,1,64921,84975
short,2,before,1,native,6,1,1,1,1,1,46306,66360
short,2,before,1,native,7,1,1,1,1,1,43701,65949
short,2,before,1,native,8,1,1,1,1,1,45565,66020
short,2,before,1,native,9,1,1,1,1,1,45595,65940
short,2,before,1,native,10,1,1,1,1,1,45695,66020
short,2,before,1,native,11,1,1,1,1,1,44954,65959
short,2,before,1,native,12,1,1,1,1,1,43792,65929
short,2,before,1,native,13,1,1,1,1,1,51065,71221
short,2,before,1,native,14,1,1,1,1,1,43741,65711
short,2,before,1,fixed_winner,0,1,1,1,0,1,42038,0
short,2,before,1,fixed_winner,1,1,1,1,0,1,42278,0
short,2,before,1,fixed_winner,2,1,1,1,0,1,42269,0
short,2,before,1,fixed_winner,3,1,1,1,0,1,41788,0
short,2,before,1,fixed_winner,4,1,1,1,0,1,41638,0
short,2,before,1,fixed_winner,5,1,1,1,0,1,41989,0
short,2,before,1,fixed_winner,6,1,1,1,0,1,54792,0
short,2,before,1,fixed_winner,7,1,1,1,0,1,42439,0
short,2,before,1,fixed_winner,8,1,1,1,0,1,42268,0
short,2,before,1,fixed_winner,9,1,1,1,0,1,51856,0
short,2,before,1,fixed_winner,10,1,1,1,0,1,42089,0
short,2,before,1,fixed_winner,11,1,1,1,0,1,41818,0
short,2,before,1,fixed_winner,12,1,1,1,0,1,41617,0
short,2,before,1,fixed_winner,13,1,1,1,0,1,41998,0
short,2,before,1,fixed_winner,14,1,1,1,0,1,42018,0
short,2,after,2,native,0,1,1,1,0,1,45635,47451
short,2,after,2,native,1,1,1,1,0,1,45715,47482
short,2,after,2,native,2,1,1,1,0,1,45655,47422
short,2,after,2,native,3,1,1,1,0,1,45605,47412
short,2,after,2,native,4,1,1,1,0,1,45775,47432
short,2,after,2,native,5,1,1,1,0,1,58730,61427
short,2,after,2,native,6,1,1,1,0,1,45745,46269
short,2,after,2,native,7,1,1,1,0,1,45615,46169
short,2,after,2,native,8,1,1,1,0,1,45615,46178
short,2,after,2,native,9,1,1,1,0,1,45624,46178
short,2,after,2,native,10,1,1,1,0,1,45585,46139
short,2,after,2,native,11,1,1,1,0,1,45615,46169
short,2,after,2,native,12,1,1,1,0,1,45485,46169
short,2,after,2,native,13,1,1,1,0,1,45615,46168
short,2,after,2,native,14,1,1,1,0,1,45605,46169
short,2,after,2,fixed_winner,0,1,1,1,0,1,44433,0
short,2,after,2,fixed_winner,1,1,1,1,0,1,44473,0
short,2,after,2,fixed_winner,2,1,1,1,0,1,44753,0
short,2,after,2,fixed_winner,3,1,1,1,0,1,44644,0
short,2,after,2,fixed_winner,4,1,1,1,0,1,44453,0
short,2,after,2,fixed_winner,5,1,1,1,0,1,44462,0
short,2,after,2,fixed_winner,6,1,1,1,0,1,70291,0
short,2,after,2,fixed_winner,7,1,1,1,0,1,44593,0
short,2,after,2,fixed_winner,8,1,1,1,0,1,44483,0
short,2,after,2,fixed_winner,9,1,1,1,0,1,43801,0
short,2,after,2,fixed_winner,10,1,1,1,0,1,43801,0
short,2,after,2,fixed_winner,11,1,1,1,0,1,44663,0
short,2,after,2,fixed_winner,12,1,1,1,0,1,44443,0
short,2,after,2,fixed_winner,13,1,1,1,0,1,43811,0
short,2,after,2,fixed_winner,14,1,1,1,0,1,44453,0
short,2,before,2,native,0,1,1,1,0,1,43111,56442
short,2,before,2,native,1,1,1,1,0,1,42649,56522
short,2,before,2,native,2,1,1,1,0,1,43160,56422
short,2,before,2,native,3,1,1,1,0,1,42439,56392
short,2,before,2,native,4,1,1,1,0,1,43331,56472
short,2,before,2,native,5,1,1,1,0,1,57217,70068
short,2,before,2,native,6,1,1,1,0,1,43241,56182
short,2,before,2,native,7,1,1,1,0,1,42530,56122
short,2,before,2,native,8,1,1,1,0,1,42520,56102
short,2,before,2,native,9,1,1,1,0,1,42489,56082
short,2,before,2,native,10,1,1,1,0,1,43160,56072
short,2,before,2,native,11,1,1,1,0,1,43131,56072
short,2,before,2,native,12,1,1,1,0,1,42650,56132
short,2,before,2,native,13,1,1,1,0,1,46677,59343
short,2,before,2,native,14,1,1,1,0,1,42489,55846
short,2,before,2,fixed_winner,0,1,1,1,0,1,41627,0
short,2,before,2,fixed_winner,1,1,1,1,0,1,42259,0
short,2,before,2,fixed_winner,2,1,1,1,0,1,43561,0
short,2,before,2,fixed_winner,3,1,1,1,0,1,53790,0
short,2,before,2,fixed_winner,4,1,1,1,0,1,41708,0
short,2,before,2,fixed_winner,5,1,1,1,0,1,41628,0
short,2,before,2,fixed_winner,6,1,1,1,0,1,42269,0
short,2,before,2,fixed_winner,7,1,1,1,0,1,47118,0
short,2,before,2,fixed_winner,8,1,1,1,0,1,41657,0
short,2,before,2,fixed_winner,9,1,1,1,0,1,42269,0
short,2,before,2,fixed_winner,10,1,1,1,0,1,43541,0
short,2,before,2,fixed_winner,11,1,1,1,0,1,42449,0
short,2,before,2,fixed_winner,12,1,1,1,0,1,41638,0
short,2,before,2,fixed_winner,13,1,1,1,0,1,43541,0
short,2,before,2,fixed_winner,14,1,1,1,0,1,43551,0
short,2,after,3,native,0,1,1,1,0,1,45034,46030
short,2,after,3,native,1,1,1,1,0,1,45194,46121
short,2,after,3,native,2,1,1,1,0,1,44402,46010
short,2,after,3,native,3,1,1,1,0,1,45034,46011
short,2,after,3,native,4,1,1,1,0,1,48801,45980
short,2,after,3,native,5,1,1,1,0,1,45204,46101
short,2,after,3,native,6,1,1,1,0,1,45054,46011
short,2,after,3,native,7,1,1,1,0,1,45034,46010
short,2,after,3,native,8,1,1,1,0,1,45094,46071
short,2,after,3,native,9,1,1,1,0,1,45124,46081
short,2,after,3,native,10,1,1,1,0,1,45094,46070
short,2,after,3,native,11,1,1,1,0,1,45033,46010
short,2,after,3,native,12,1,1,1,0,1,45254,46101
short,2,after,3,native,13,1,1,1,0,1,60022,60442
short,2,after,3,native,14,1,1,1,0,1,45114,45615
short,2,after,3,fixed_winner,0,1,1,1,0,1,44202,0
short,2,after,3,fixed_winner,1,1,1,1,0,1,44202,0
short,2,after,3,fixed_winner,2,1,1,1,0,1,44473,0
short,2,after,3,fixed_winner,3,1,1,1,0,1,44373,0
short,2,after,3,fixed_winner,4,1,1,1,0,1,44233,0
short,2,after,3,fixed_winner,5,1,1,1,0,1,79609,0
short,2,after,3,fixed_winner,6,1,1,1,0,1,44453,0
short,2,after,3,fixed_winner,7,1,1,1,0,1,44222,0
short,2,after,3,fixed_winner,8,1,1,1,0,1,44192,0
short,2,after,3,fixed_winner,9,1,1,1,0,1,43571,0
short,2,after,3,fixed_winner,10,1,1,1,0,1,43922,0
short,2,after,3,fixed_winner,11,1,1,1,0,1,43732,0
short,2,after,3,fixed_winner,12,1,1,1,0,1,44233,0
short,2,after,3,fixed_winner,13,1,1,1,0,1,43561,0
short,2,after,3,fixed_winner,14,1,1,1,0,1,44202,0
short,2,before,3,native,0,1,1,1,0,1,43151,53504
short,2,before,3,native,1,1,1,1,0,1,43270,53534
short,2,before,3,native,2,1,1,1,0,1,42579,53503
short,2,before,3,native,3,1,1,1,0,1,42890,53464
short,2,before,3,native,4,1,1,1,0,1,43340,53493
short,2,before,3,native,5,1,1,1,0,1,42940,53514
short,2,before,3,native,6,1,1,1,0,1,42499,53453
short,2,before,3,native,7,1,1,1,0,1,43160,53473
short,2,before,3,native,8,1,1,1,0,1,42529,53503
short,2,before,3,native,9,1,1,1,0,1,42829,53764
short,2,before,3,native,10,1,1,1,0,1,42910,53494
short,2,before,3,native,11,1,1,1,0,1,43210,53533
short,2,before,3,native,12,1,1,1,0,1,43320,53504
short,2,before,3,native,13,1,1,1,0,1,58509,68381
short,2,before,3,native,14,1,1,1,0,1,43221,52962
short,2,before,3,fixed_winner,0,1,1,1,0,1,42038,0
short,2,before,3,fixed_winner,1,1,1,1,0,1,55163,0
short,2,before,3,fixed_winner,2,1,1,1,0,1,51266,0
short,2,before,3,fixed_winner,3,1,1,1,0,1,42769,0
short,2,before,3,fixed_winner,4,1,1,1,0,1,42038,0
short,2,before,3,fixed_winner,5,1,1,1,0,1,42018,0
short,2,before,3,fixed_winner,6,1,1,1,0,1,42259,0
short,2,before,3,fixed_winner,7,1,1,1,0,1,42278,0
short,2,before,3,fixed_winner,8,1,1,1,0,1,41998,0
short,2,before,3,fixed_winner,9,1,1,1,0,1,42009,0
short,2,before,3,fixed_winner,10,1,1,1,0,1,42259,0
short,2,before,3,fixed_winner,11,1,1,1,0,1,42129,0
short,2,before,3,fixed_winner,12,1,1,1,0,1,41638,0
short,2,before,3,fixed_winner,13,1,1,1,0,1,42249,0
short,2,before,3,fixed_winner,14,1,1,1,0,1,42279,0
short,2,after,4,native,0,1,1,1,0,1,45284,45714
short,2,after,4,native,1,1,1,1,0,1,45475,45835
short,2,after,4,native,2,1,1,1,0,1,44734,45795
short,2,after,4,native,3,1,1,1,0,1,45334,45734
short,2,after,4,native,4,1,1,1,0,1,45495,45764
short,2,after,4,native,5,1,1,1,0,1,60162,60238
short,2,after,4,native,6,1,1,1,0,1,45435,45580
short,2,after,4,native,7,1,1,1,0,1,45094,45541
short,2,after,4,native,8,1,1,1,0,1,45064,45500
short,2,after,4,native,9,1,1,1,0,1,45054,45491
short,2,after,4,native,10,1,1,1,0,1,45084,45541
short,2,after,4,native,11,1,1,1,0,1,45094,45530
short,2,after,4,native,12,1,1,1,0,1,45154,45501
short,2,after,4,native,13,1,1,1,0,1,74549,61882
short,2,after,4,native,14,1,1,1,0,1,44903,45692
short,2,after,4,fixed_winner,0,1,1,1,0,1,56505,0
short,2,after,4,fixed_winner,1,1,1,1,0,1,48260,0
short,2,after,4,fixed_winner,2,1,1,1,0,1,44262,0
short,2,after,4,fixed_winner,3,1,1,1,0,1,44443,0
short,2,after,4,fixed_winner,4,1,1,1,0,1,44273,0
short,2,after,4,fixed_winner,5,1,1,1,0,1,43581,0
short,2,after,4,fixed_winner,6,1,1,1,0,1,44222,0
short,2,after,4,fixed_winner,7,1,1,1,0,1,44222,0
short,2,after,4,fixed_winner,8,1,1,1,0,1,43562,0
short,2,after,4,fixed_winner,9,1,1,1,0,1,43972,0
short,2,after,4,fixed_winner,10,1,1,1,0,1,44223,0
short,2,after,4,fixed_winner,11,1,1,1,0,1,43681,0
short,2,after,4,fixed_winner,12,1,1,1,0,1,44252,0
short,2,after,4,fixed_winner,13,1,1,1,0,1,44222,0
short,2,after,4,fixed_winner,14,1,1,1,0,1,43571,0
short,2,before,4,native,0,1,1,1,0,1,42870,44670
short,2,before,4,native,1,1,1,1,0,1,43210,44689
short,2,before,4,native,2,1,1,1,0,1,42509,44689
short,2,before,4,native,3,1,1,1,0,1,43150,44649
short,2,before,4,native,4,1,1,1,0,1,43300,44689
short,2,before,4,native,5,1,1,1,0,1,61354,62633
short,2,before,4,native,6,1,1,1,0,1,43231,44640
short,2,before,4,native,7,1,1,1,0,1,43190,44579
short,2,before,4,native,8,1,1,1,0,1,42499,44559
short,2,before,4,native,9,1,1,1,0,1,42509,44539
short,2,before,4,native,10,1,1,1,0,1,42520,44580
short,2,before,4,native,11,1,1,1,0,1,42489,44540
short,2,before,4,native,12,1,1,1,0,1,43040,44580
short,2,before,4,native,13,1,1,1,0,1,46316,48135
short,2,before,4,native,14,1,1,1,0,1,43201,44428
short,2,before,4,fixed_winner,0,1,1,1,0,1,41618,0
short,2,before,4,fixed_winner,1,1,1,1,0,1,41647,0
short,2,before,4,fixed_winner,2,1,1,1,0,1,41648,0
short,2,before,4,fixed_winner,3,1,1,1,0,1,42669,0
short,2,before,4,fixed_winner,4,1,1,1,0,1,42309,0
short,2,before,4,fixed_winner,5,1,1,1,0,1,42319,0
short,2,before,4,fixed_winner,6,1,1,1,0,1,41888,0
short,2,before,4,fixed_winner,7,1,1,1,0,1,43942,0
short,2,before,4,fixed_winner,8,1,1,1,0,1,42279,0
short,2,before,4,fixed_winner,9,1,1,1,0,1,42259,0
short,2,before,4,fixed_winner,10,1,1,1,0,1,42269,0
short,2,before,4,fixed_winner,11,1,1,1,0,1,42409,0
short,2,before,4,fixed_winner,12,1,1,1,0,1,42289,0
short,2,before,4,fixed_winner,13,1,1,1,0,1,42279,0
short,2,before,4,fixed_winner,14,1,1,1,0,1,42249,0
short,4,before,0,native,0,1,1,1,0,1,42850,44847
short,4,before,0,native,1,1,1,1,0,1,43060,44978
short,4,before,0,native,2,1,1,1,0,1,43240,44948
short,4,before,0,native,3,1,1,1,0,1,43191,44908
short,4,before,0,native,4,1,1,1,0,1,42720,44937
short,4,before,0,native,5,1,1,1,0,1,59050,61063
short,4,before,0,native,6,1,1,1,0,1,42619,44723
short,4,before,0,native,7,1,1,1,0,1,43180,44633
short,4,before,0,native,8,1,1,1,0,1,42549,44673
short,4,before,0,native,9,1,1,1,0,1,43180,44673
short,4,before,0,native,10,1,1,1,0,1,43201,44683
short,4,before,0,native,11,1,1,1,0,1,42539,44673
short,4,before,0,native,12,1,1,1,0,1,43331,44663
short,4,before,0,native,13,1,1,1,0,1,46156,48072
short,4,before,0,native,14,1,1,1,0,1,43211,44505
short,4,before,0,fixed_winner,0,1,1,1,1,1,41638,0
short,4,before,0,fixed_winner,1,1,1,1,1,1,44392,0
short,4,before,0,fixed_winner,2,1,1,1,1,1,44232,0
short,4,before,0,fixed_winner,3,1,1,1,1,1,54551,0
short,4,before,0,fixed_winner,4,1,1,1,1,1,42369,0
short,4,before,0,fixed_winner,5,1,1,1,1,1,44392,0
short,4,before,0,fixed_winner,6,1,1,1,1,1,43972,0
short,4,before,0,fixed_winner,7,1,1,1,1,1,43972,0
short,4,before,0,fixed_winner,8,1,1,1,1,1,44222,0
short,4,before,0,fixed_winner,9,1,1,1,1,1,44243,0
short,4,before,0,fixed_winner,10,1,1,1,1,1,44223,0
short,4,before,0,fixed_winner,11,1,1,1,1,1,44373,0
short,4,before,0,fixed_winner,12,1,1,1,1,1,44423,0
short,4,before,0,fixed_winner,13,1,1,1,1,1,44223,0
short,4,before,0,fixed_winner,14,1,1,1,1,1,44233,0
short,4,after,0,native,0,1,1,1,0,1,45064,55910
short,4,after,0,native,1,1,1,1,0,1,45124,55919
short,4,after,0,native,2,1,1,1,0,1,45074,55910
short,4,after,0,native,3,1,1,1,0,1,45054,55880
short,4,after,0,native,4,1,1,1,0,1,45194,55909
short,4,after,0,native,5,1,1,1,0,1,64680,75155
short,4,after,0,native,6,1,1,1,0,1,45215,55829
short,4,after,0,native,7,1,1,1,0,1,45054,55699
short,4,after,0,native,8,1,1,1,0,1,45094,55719
short,4,after,0,native,9,1,1,1,0,1,45074,55698
short,4,after,0,native,10,1,1,1,0,1,45034,55679
short,4,after,0,native,11,1,1,1,0,1,45054,55678
short,4,after,0,native,12,1,1,1,0,1,45205,55719
short,4,after,0,native,13,1,1,1,0,1,45064,55699
short,4,after,0,native,14,1,1,1,0,1,45064,55698
short,4,after,0,fixed_winner,0,1,1,1,1,1,41999,0
short,4,after,0,fixed_winner,1,1,1,1,1,1,43972,0
short,4,after,0,fixed_winner,2,1,1,1,1,1,55002,0
short,4,after,0,fixed_winner,3,1,1,1,1,1,44553,0
short,4,after,0,fixed_winner,4,1,1,1,1,1,72244,0
short,4,after,0,fixed_winner,5,1,1,1,1,1,44363,0
short,4,after,0,fixed_winner,6,1,1,1,1,1,42278,0
short,4,after,0,fixed_winner,7,1,1,1,1,1,44202,0
short,4,after,0,fixed_winner,8,1,1,1,1,1,42278,0
short,4,after,0,fixed_winner,9,1,1,1,1,1,42268,0
short,4,after,0,fixed_winner,10,1,1,1,1,1,42269,0
short,4,after,0,fixed_winner,11,1,1,1,1,1,42179,0
short,4,after,0,fixed_winner,12,1,1,1,1,1,42279,0
short,4,after,0,fixed_winner,13,1,1,1,1,1,42269,0
short,4,after,0,fixed_winner,14,1,1,1,1,1,42259,0
short,4,after,1,native,0,1,1,1,0,1,45024,44933
short,4,after,1,native,1,1,1,1,0,1,45114,44953
short,4,after,1,native,2,1,1,1,0,1,45064,44922
short,4,after,1,native,3,1,1,1,0,1,45084,44972
short,4,after,1,native,4,1,1,1,0,1,44523,44902
short,4,after,1,native,5,1,1,1,0,1,63458,63311
short,4,after,1,native,6,1,1,1,0,1,45184,44856
short,4,after,1,native,7,1,1,1,0,1,45114,44776
short,4,after,1,native,8,1,1,1,0,1,45044,44727
short,4,after,1,native,9,1,1,1,0,1,45044,44726
short,4,after,1,native,10,1,1,1,0,1,45084,44767
short,4,after,1,native,11,1,1,1,0,1,45034,44727
short,4,after,1,native,12,1,1,1,0,1,45154,44736
short,4,after,1,native,13,1,1,1,0,1,45074,44737
short,4,after,1,native,14,1,1,1,0,1,45084,44777
short,4,after,1,fixed_winner,0,1,1,1,1,1,41998,0
short,4,after,1,fixed_winner,1,1,1,1,1,1,43952,0
short,4,after,1,fixed_winner,2,1,1,1,1,1,53099,0
short,4,after,1,fixed_winner,3,1,1,1,1,1,44293,0
short,4,after,1,fixed_winner,4,1,1,1,1,1,42299,0
short,4,after,1,fixed_winner,5,1,1,1,1,1,42268,0
short,4,after,1,fixed_winner,6,1,1,1,1,1,42268,0
short,4,after,1,fixed_winner,7,1,1,1,1,1,42259,0
short,4,after,1,fixed_winner,8,1,1,1,1,1,42289,0
short,4,after,1,fixed_winner,9,1,1,1,1,1,42269,0
short,4,after,1,fixed_winner,10,1,1,1,1,1,42259,0
short,4,after,1,fixed_winner,11,1,1,1,1,1,42399,0
short,4,after,1,fixed_winner,12,1,1,1,1,1,42269,0
short,4,after,1,fixed_winner,13,1,1,1,1,1,42269,0
short,4,after,1,fixed_winner,14,1,1,1,1,1,44213,0
short,4,before,1,native,0,1,1,1,0,1,43171,56354
short,4,before,1,native,1,1,1,1,0,1,43050,56455
short,4,before,1,native,2,1,1,1,0,1,42569,56385
short,4,before,1,native,3,1,1,1,0,1,43201,56365
short,4,before,1,native,4,1,1,1,0,1,43341,56355
short,4,before,1,native,5,1,1,1,0,1,60663,73456
short,4,before,1,native,6,1,1,1,0,1,42639,56163
short,4,before,1,native,7,1,1,1,0,1,43170,56064
short,4,before,1,native,8,1,1,1,0,1,43150,56054
short,4,before,1,native,9,1,1,1,0,1,42529,56094
short,4,before,1,native,10,1,1,1,0,1,42549,56084
short,4,before,1,native,11,1,1,1,0,1,42469,56034
short,4,before,1,native,12,1,1,1,0,1,43060,56103
short,4,before,1,native,13,1,1,1,0,1,46576,59876
short,4,before,1,native,14,1,1,1,0,1,42569,55919
short,4,before,1,fixed_winner,0,1,1,1,1,1,43601,0
short,4,before,1,fixed_winner,1,1,1,1,1,1,42319,0
short,4,before,1,fixed_winner,2,1,1,1,1,1,44203,0
short,4,before,1,fixed_winner,3,1,1,1,1,1,54582,0
short,4,before,1,fixed_winner,4,1,1,1,1,1,42379,0
short,4,before,1,fixed_winner,5,1,1,1,1,1,42049,0
short,4,before,1,fixed_winner,6,1,1,1,1,1,44243,0
short,4,before,1,fixed_winner,7,1,1,1,1,1,43972,0
short,4,before,1,fixed_winner,8,1,1,1,1,1,44223,0
short,4,before,1,fixed_winner,9,1,1,1,1,1,44222,0
short,4,before,1,fixed_winner,10,1,1,1,1,1,44242,0
short,4,before,1,fixed_winner,11,1,1,1,1,1,44072,0
short,4,before,1,fixed_winner,12,1,1,1,1,1,43972,0
short,4,before,1,fixed_winner,13,1,1,1,1,1,44112,0
short,4,before,1,fixed_winner,14,1,1,1,1,1,44223,0
short,4,after,2,native,0,1,1,1,0,1,59972,47015
short,4,after,2,native,1,1,1,1,0,1,46056,47466
short,4,after,2,native,2,1,1,1,0,1,45424,47104
short,4,after,2,native,3,1,1,1,0,1,45385,47065
short,4,after,2,native,4,1,1,1,0,1,45505,47034
short,4,after,2,native,5,1,1,1,0,1,71093,67639
short,4,after,2,native,6,1,1,1,0,1,52137,47791
short,4,after,2,native,7,1,1,1,0,1,49732,47120
short,4,after,2,native,8,1,1,1,0,1,82474,47100
short,4,after,2,native,9,1,1,1,0,1,46176,47411
short,4,after,2,native,10,1,1,1,0,1,45084,46869
short,4,after,2,native,11,1,1,1,0,1,45195,46869
short,4,after,2,native,12,1,1,1,0,1,45275,46890
short,4,after,2,native,13,1,1,1,0,1,52178,53777
short,4,after,2,native,14,1,1,1,0,1,45204,46753
short,4,after,2,fixed_winner,0,1,1,1,1,1,42579,0
short,4,after,2,fixed_winner,1,1,1,1,1,1,43612,0
short,4,after,2,fixed_winner,2,1,1,1,1,1,42319,0
short,4,after,2,fixed_winner,3,1,1,1,1,1,41807,0
short,4,after,2,fixed_winner,4,1,1,1,1,1,44242,0
short,4,after,2,fixed_winner,5,1,1,1,1,1,42309,0
short,4,after,2,fixed_winner,6,1,1,1,1,1,42299,0
short,4,after,2,fixed_winner,7,1,1,1,1,1,42309,0
short,4,after,2,fixed_winner,8,1,1,1,1,1,42299,0
short,4,after,2,fixed_winner,9,1,1,1,1,1,60292,0
short,4,after,2,fixed_winner,10,1,1,1,1,1,44423,0
short,4,after,2,fixed_winner,11,1,1,1,1,1,44393,0
short,4,after,2,fixed_winner,12,1,1,1,1,1,44222,0
short,4,after,2,fixed_winner,13,1,1,1,1,1,42299,0
short,4,after,2,fixed_winner,14,1,1,1,1,1,42308,0
short,4,before,2,native,0,1,1,1,0,1,42920,45372
short,4,before,2,native,1,1,1,1,0,1,42599,45392
short,4,before,2,native,2,1,1,1,0,1,43190,45381
short,4,before,2,native,3,1,1,1,0,1,43180,45362
short,4,before,2,native,4,1,1,1,0,1,43070,45382
short,4,before,2,native,5,1,1,1,0,1,60493,62326
short,4,before,2,native,6,1,1,1,0,1,43000,45174
short,4,before,2,native,7,1,1,1,0,1,42579,45143
short,4,before,2,native,8,1,1,1,0,1,42539,45134
short,4,before,2,native,9,1,1,1,0,1,53509,45113
short,4,before,2,native,10,1,1,1,0,1,68718,45695
short,4,before,2,native,11,1,1,1,0,1,55323,45745
short,4,before,2,native,12,1,1,1,0,1,50805,45334
short,4,before,2,native,13,1,1,1,0,1,55754,51207
short,4,before,2,native,14,1,1,1,0,1,50664,45647
short,4,before,2,fixed_winner,0,1,1,1,1,1,41998,0
short,4,before,2,fixed_winner,1,1,1,1,1,1,53530,0
short,4,before,2,fixed_winner,2,1,1,1,1,1,42078,0
short,4,before,2,fixed_winner,3,1,1,1,1,1,42489,0
short,4,before,2,fixed_winner,4,1,1,1,1,1,44162,0
short,4,before,2,fixed_winner,5,1,1,1,1,1,43922,0
short,4,before,2,fixed_winner,6,1,1,1,1,1,43931,0
short,4,before,2,fixed_winner,7,1,1,1,1,1,44202,0
short,4,before,2,fixed_winner,8,1,1,1,1,1,47879,0
short,4,before,2,fixed_winner,9,1,1,1,1,1,42589,0
short,4,before,2,fixed_winner,10,1,1,1,1,1,42018,0
short,4,before,2,fixed_winner,11,1,1,1,1,1,42119,0
short,4,before,2,fixed_winner,12,1,1,1,1,1,44233,0
short,4,before,2,fixed_winner,13,1,1,1,1,1,44182,0
short,4,before,2,fixed_winner,14,1,1,1,1,1,44212,0
short,4,before,3,native,0,1,1,1,0,1,42850,44706
short,4,before,3,native,1,1,1,1,0,1,42950,44776
short,4,before,3,native,2,1,1,1,0,1,43160,44735
short,4,before,3,native,3,1,1,1,0,1,43160,44746
short,4,before,3,native,4,1,1,1,0,1,43291,44736
short,4,before,3,native,5,1,1,1,0,1,62226,64118
short,4,before,3,native,6,1,1,1,0,1,43241,44560
short,4,before,3,native,7,1,1,1,0,1,43200,44530
short,4,before,3,native,8,1,1,1,0,1,43150,44511
short,4,before,3,native,9,1,1,1,0,1,42900,44501
short,4,before,3,native,10,1,1,1,0,1,42489,44470
short,4,before,3,native,11,1,1,1,0,1,42589,44541
short,4,before,3,native,12,1,1,1,0,1,42639,44501
short,4,before,3,native,13,1,1,1,0,1,42519,44511
short,4,before,3,native,14,1,1,1,0,1,49081,44481
short,4,before,3,fixed_winner,0,1,1,1,1,1,42339,0
short,4,before,3,fixed_winner,1,1,1,1,1,1,42299,0
short,4,before,3,fixed_winner,2,1,1,1,1,1,42269,0
short,4,before,3,fixed_winner,3,1,1,1,1,1,52788,0
short,4,before,3,fixed_winner,4,1,1,1,1,1,42349,0
short,4,before,3,fixed_winner,5,1,1,1,1,1,44102,0
short,4,before,3,fixed_winner,6,1,1,1,1,1,43922,0
short,4,before,3,fixed_winner,7,1,1,1,1,1,44202,0
short,4,before,3,fixed_winner,8,1,1,1,1,1,43922,0
short,4,before,3,fixed_winner,9,1,1,1,1,1,44182,0
short,4,before,3,fixed_winner,10,1,1,1,1,1,43942,0
short,4,before,3,fixed_winner,11,1,1,1,1,1,44312,0
short,4,before,3,fixed_winner,12,1,1,1,1,1,44102,0
short,4,before,3,fixed_winner,13,1,1,1,1,1,44353,0
short,4,before,3,fixed_winner,14,1,1,1,1,1,43932,0
short,4,after,3,native,0,1,1,1,0,1,45084,45920
short,4,after,3,native,1,1,1,1,0,1,45225,46001
short,4,after,3,native,2,1,1,1,0,1,45214,45991
short,4,after,3,native,3,1,1,1,0,1,45114,45911
short,4,after,3,native,4,1,1,1,0,1,45254,45911
short,4,after,3,native,5,1,1,1,0,1,61605,62310
short,4,after,3,native,6,1,1,1,0,1,45835,46069
short,4,after,3,native,7,1,1,1,0,1,45094,45668
short,4,after,3,native,8,1,1,1,0,1,45205,45779
short,4,after,3,native,9,1,1,1,0,1,44503,45719
short,4,after,3,native,10,1,1,1,0,1,44503,45709
short,4,after,3,native,11,1,1,1,0,1,45144,45728
short,4,after,3,native,12,1,1,1,0,1,45295,45729
short,4,after,3,native,13,1,1,1,0,1,49913,50271
short,4,after,3,native,14,1,1,1,0,1,45204,45602
short,4,after,3,fixed_winner,0,1,1,1,1,1,42309,0
short,4,after,3,fixed_winner,1,1,1,1,1,1,44252,0
short,4,after,3,fixed_winner,2,1,1,1,1,1,51997,0
short,4,after,3,fixed_winner,3,1,1,1,1,1,44443,0
short,4,after,3,fixed_winner,4,1,1,1,1,1,42349,0
short,4,after,3,fixed_winner,5,1,1,1,1,1,42018,0
short,4,after,3,fixed_winner,6,1,1,1,1,1,42049,0
short,4,after,3,fixed_winner,7,1,1,1,1,1,42289,0
short,4,after,3,fixed_winner,8,1,1,1,1,1,42038,0
short,4,after,3,fixed_winner,9,1,1,1,1,1,42038,0
short,4,after,3,fixed_winner,10,1,1,1,1,1,42298,0
short,4,after,3,fixed_winner,11,1,1,1,1,1,42429,0
short,4,after,3,fixed_winner,12,1,1,1,1,1,42299,0
short,4,after,3,fixed_winner,13,1,1,1,1,1,42298,0
short,4,after,3,fixed_winner,14,1,1,1,1,1,42038,0
short,4,after,4,native,0,1,1,1,0,1,45845,46599
short,4,after,4,native,1,1,1,1,0,1,46025,46718
short,4,after,4,native,2,1,1,1,0,1,45946,46639
short,4,after,4,native,3,1,1,1,0,1,45875,46598
short,4,after,4,native,4,1,1,1,0,1,45375,46609
short,4,after,4,native,5,1,1,1,0,1,63458,63912
short,4,after,4,native,6,1,1,1,0,1,45354,46509
short,4,after,4,native,7,1,1,1,0,1,46006,46490
short,4,after,4,native,8,1,1,1,0,1,45605,46470
short,4,after,4,native,9,1,1,1,0,1,51426,47451
short,4,after,4,native,10,1,1,1,0,1,45545,46560
short,4,after,4,native,11,1,1,1,0,1,45414,46459
short,4,after,4,native,12,1,1,1,0,1,45645,46520
short,4,after,4,native,13,1,1,1,0,1,51335,52175
short,4,after,4,native,14,1,1,1,0,1,45465,46364
short,4,after,4,fixed_winner,0,1,1,1,1,1,42288,0
short,4,after,4,fixed_winner,1,1,1,1,1,1,42809,0
short,4,after,4,fixed_winner,2,1,1,1,1,1,44253,0
short,4,after,4,fixed_winner,3,1,1,1,1,1,42680,0
short,4,after,4,fixed_winner,4,1,1,1,1,1,42570,0
short,4,after,4,fixed_winner,5,1,1,1,1,1,42279,0
short,4,after,4,fixed_winner,6,1,1,1,1,1,42288,0
short,4,after,4,fixed_winner,7,1,1,1,1,1,42599,0
short,4,after,4,fixed_winner,8,1,1,1,1,1,42519,0
short,4,after,4,fixed_winner,9,1,1,1,1,1,42799,0
short,4,after,4,fixed_winner,10,1,1,1,1,1,42780,0
short,4,after,4,fixed_winner,11,1,1,1,1,1,44904,0
short,4,after,4,fixed_winner,12,1,1,1,1,1,42790,0
short,4,after,4,fixed_winner,13,1,1,1,1,1,42519,0
short,4,after,4,fixed_winner,14,1,1,1,1,1,42799,0
short,4,before,4,native,0,1,1,1,0,1,43421,45593
short,4,before,4,native,1,1,1,1,0,1,43090,45593
short,4,before,4,native,2,1,1,1,0,1,43110,45633
short,4,before,4,native,3,1,1,1,0,1,43682,45553
short,4,before,4,native,4,1,1,1,0,1,43211,45602
short,4,before,4,native,5,1,1,1,0,1,63087,65263
short,4,before,4,native,6,1,1,1,0,1,43170,45436
short,4,before,4,native,7,1,1,1,0,1,43140,45396
short,4,before,4,native,8,1,1,1,0,1,43431,45316
short,4,before,4,native,9,1,1,1,0,1,43100,45376
short,4,before,4,native,10,1,1,1,0,1,42880,45286
short,4,before,4,native,11,1,1,1,0,1,42789,45315
short,4,before,4,native,12,1,1,1,0,1,48711,45346
short,4,before,4,native,13,1,1,1,0,1,43271,45386
short,4,before,4,native,14,1,1,1,0,1,42820,45335
short,4,before,4,fixed_winner,0,1,1,1,1,1,43841,0
short,4,before,4,fixed_winner,1,1,1,1,1,1,42540,0
short,4,before,4,fixed_winner,2,1,1,1,1,1,44383,0
short,4,before,4,fixed_winner,3,1,1,1,1,1,53109,0
short,4,before,4,fixed_winner,4,1,1,1,1,1,42610,0
short,4,before,4,fixed_winner,5,1,1,1,1,1,44473,0
short,4,before,4,fixed_winner,6,1,1,1,1,1,44473,0
short,4,before,4,fixed_winner,7,1,1,1,1,1,44483,0
short,4,before,4,fixed_winner,8,1,1,1,1,1,43842,0
short,4,before,4,fixed_winner,9,1,1,1,1,1,44483,0
short,4,before,4,fixed_winner,10,1,1,1,1,1,44222,0
short,4,before,4,fixed_winner,11,1,1,1,1,1,44643,0
short,4,before,4,fixed_winner,12,1,1,1,1,1,44232,0
short,4,before,4,fixed_winner,13,1,1,1,1,1,43952,0
short,4,before,4,fixed_winner,14,1,1,1,1,1,43841,0
short,6,after,0,native,0,1,1,1,0,1,45595,45655
short,6,after,0,native,1,1,1,1,0,1,45745,45756
short,6,after,0,native,2,1,1,1,0,1,45595,45656
short,6,after,0,native,3,1,1,1,0,1,45605,45666
short,6,after,0,native,4,1,1,1,0,1,45144,45715
short,6,after,0,native,5,1,1,1,0,1,60412,62413
short,6,after,0,native,6,1,1,1,0,1,45766,45561
short,6,after,0,native,7,1,1,1,0,1,45635,45481
short,6,after,0,native,8,1,1,1,0,1,45575,45391
short,6,after,0,native,9,1,1,1,0,1,45645,45472
short,6,after,0,native,10,1,1,1,0,1,45635,45462
short,6,after,0,native,11,1,1,1,0,1,45575,45512
short,6,after,0,native,12,1,1,1,0,1,45495,45471
short,6,after,0,native,13,1,1,1,0,1,45044,45412
short,6,after,0,native,14,1,1,1,0,1,45294,45422
short,6,after,0,fixed_winner,0,1,1,1,1,1,42539,0
short,6,after,0,fixed_winner,1,1,1,1,1,1,42539,0
short,6,after,0,fixed_winner,2,1,1,1,1,1,53740,0
short,6,after,0,fixed_winner,3,1,1,1,1,1,44453,0
short,6,after,0,fixed_winner,4,1,1,1,1,1,42569,0
short,6,after,0,fixed_winner,5,1,1,1,1,1,42539,0
short,6,after,0,fixed_winner,6,1,1,1,1,1,42550,0
short,6,after,0,fixed_winner,7,1,1,1,1,1,42539,0
short,6,after,0,fixed_winner,8,1,1,1,1,1,42569,0
short,6,after,0,fixed_winner,9,1,1,1,1,1,42529,0
short,6,after,0,fixed_winner,10,1,1,1,1,1,42560,0
short,6,after,0,fixed_winner,11,1,1,1,1,1,42670,0
short,6,after,0,fixed_winner,12,1,1,1,1,1,42379,0
short,6,after,0,fixed_winner,13,1,1,1,1,1,42308,0
short,6,after,0,fixed_winner,14,1,1,1,1,1,42289,0
short,6,before,0,native,0,1,1,1,0,1,43901,56264
short,6,before,0,native,1,1,1,1,0,1,43411,56345
short,6,before,0,native,2,1,1,1,0,1,44002,56324
short,6,before,0,native,3,1,1,1,0,1,43942,56294
short,6,before,0,native,4,1,1,1,0,1,43652,56274
short,6,before,0,native,5,1,1,1,0,1,58919,71143
short,6,before,0,native,6,1,1,1,0,1,43190,56086
short,6,before,0,native,7,1,1,1,0,1,43692,56006
short,6,before,0,native,8,1,1,1,0,1,43742,56035
short,6,before,0,native,9,1,1,1,0,1,43040,55975
short,6,before,0,native,10,1,1,1,0,1,43411,55976
short,6,before,0,native,11,1,1,1,0,1,43451,55975
short,6,before,0,native,12,1,1,1,0,1,43802,56006
short,6,before,0,native,13,1,1,1,0,1,47398,59722
short,6,before,0,native,14,1,1,1,0,1,43692,55765
short,6,before,0,fixed_winner,0,1,1,1,1,1,42799,0
short,6,before,0,fixed_winner,1,1,1,1,1,1,44913,0
short,6,before,0,fixed_winner,2,1,1,1,1,1,55764,0
short,6,before,0,fixed_winner,3,1,1,1,1,1,44623,0
short,6,before,0,fixed_winner,4,1,1,1,1,1,44593,0
short,6,before,0,fixed_winner,5,1,1,1,1,1,43842,0
short,6,before,0,fixed_winner,6,1,1,1,1,1,44232,0
short,6,before,0,fixed_winner,7,1,1,1,1,1,44222,0
short,6,before,0,fixed_winner,8,1,1,1,1,1,44223,0
short,6,before,0,fixed_winner,9,1,1,1,1,1,44493,0
short,6,before,0,fixed_winner,10,1,1,1,1,1,44242,0
short,6,before,0,fixed_winner,11,1,1,1,1,1,44613,0
short,6,before,0,fixed_winner,12,1,1,1,1,1,44503,0
short,6,before,0,fixed_winner,13,1,1,1,1,1,44222,0
short,6,before,0,fixed_winner,14,1,1,1,1,1,44242,0
short,6,after,1,native,0,1,1,1,0,1,45585,46800
short,6,after,1,native,1,1,1,1,0,1,45795,46951
short,6,after,1,native,2,1,1,1,0,1,45665,46811
short,6,after,1,native,3,1,1,1,0,1,45655,46851
short,6,after,1,native,4,1,1,1,0,1,45775,46861
short,6,after,1,native,5,1,1,1,0,1,60804,61568
short,6,after,1,native,6,1,1,1,0,1,45685,46530
short,6,after,1,native,7,1,1,1,0,1,45615,46450
short,6,after,1,native,8,1,1,1,0,1,45575,46460
short,6,after,1,native,9,1,1,1,0,1,45635,46489
short,6,after,1,native,10,1,1,1,0,1,45696,46539
short,6,after,1,native,11,1,1,1,0,1,45625,46489
short,6,after,1,native,12,1,1,1,0,1,45705,46460
short,6,after,1,native,13,1,1,1,0,1,49533,50071
short,6,after,1,native,14,1,1,1,0,1,45023,46233
short,6,after,1,fixed_winner,0,1,1,1,1,1,42799,0
short,6,after,1,fixed_winner,1,1,1,1,1,1,44482,0
short,6,after,1,fixed_winner,2,1,1,1,1,1,43070,0
short,6,after,1,fixed_winner,3,1,1,1,1,1,44663,0
short,6,after,1,fixed_winner,4,1,1,1,1,1,42810,0
short,6,after,1,fixed_winner,5,1,1,1,1,1,42529,0
short,6,after,1,fixed_winner,6,1,1,1,1,1,42790,0
short,6,after,1,fixed_winner,7,1,1,1,1,1,44483,0
short,6,after,1,fixed_winner,8,1,1,1,1,1,42810,0
short,6,after,1,fixed_winner,9,1,1,1,1,1,42529,0
short,6,after,1,fixed_winner,10,1,1,1,1,1,42539,0
short,6,after,1,fixed_winner,11,1,1,1,1,1,42679,0
short,6,after,1,fixed_winner,12,1,1,1,1,1,42790,0
short,6,after,1,fixed_winner,13,1,1,1,1,1,42810,0
short,6,after,1,fixed_winner,14,1,1,1,1,1,42779,0
short,6,before,1,native,0,1,1,1,0,1,43371,45305
short,6,before,1,native,1,1,1,1,0,1,43481,45375
short,6,before,1,native,2,1,1,1,0,1,43421,45324
short,6,before,1,native,3,1,1,1,0,1,43170,45334
short,6,before,1,native,4,1,1,1,0,1,43300,45335
short,6,before,1,native,5,1,1,1,0,1,43461,45345
short,6,before,1,native,6,1,1,1,0,1,43391,45325
short,6,before,1,native,7,1,1,1,0,1,42790,45344
short,6,before,1,native,8,1,1,1,0,1,43371,45294
short,6,before,1,native,9,1,1,1,0,1,43351,45265
short,6,before,1,native,10,1,1,1,0,1,43361,45284
short,6,before,1,native,11,1,1,1,0,1,43391,45314
short,6,before,1,native,12,1,1,1,0,1,43491,45295
short,6,before,1,native,13,1,1,1,0,1,60793,62446
short,6,before,1,native,14,1,1,1,0,1,42700,44894
short,6,before,1,fixed_winner,0,1,1,1,1,1,42249,0
short,6,before,1,fixed_winner,1,1,1,1,1,1,44383,0
short,6,before,1,fixed_winner,2,1,1,1,1,1,54541,0
short,6,before,1,fixed_winner,3,1,1,1,1,1,42600,0
short,6,before,1,fixed_winner,4,1,1,1,1,1,42279,0
short,6,before,1,fixed_winner,5,1,1,1,1,1,43962,0
short,6,before,1,fixed_winner,6,1,1,1,1,1,43922,0
short,6,before,1,fixed_winner,7,1,1,1,1,1,44192,0
short,6,before,1,fixed_winner,8,1,1,1,1,1,53399,0
short,6,before,1,fixed_winner,9,1,1,1,1,1,42429,0
short,6,before,1,fixed_winner,10,1,1,1,1,1,43711,0
short,6,before,1,fixed_winner,11,1,1,1,1,1,44362,0
short,6,before,1,fixed_winner,12,1,1,1,1,1,44092,0
short,6,before,1,fixed_winner,13,1,1,1,1,1,43932,0
short,6,before,1,fixed_winner,14,1,1,1,1,1,43931,0
short,6,after,2,native,0,1,1,1,0,1,43681,56258
short,6,after,2,native,1,1,1,1,0,1,45464,55947
short,6,after,2,native,2,1,1,1,0,1,45364,55907
short,6,after,2,native,3,1,1,1,0,1,45345,55898
short,6,after,2,native,4,1,1,1,0,1,45464,55877
short,6,after,2,native,5,1,1,1,0,1,61665,71834
short,6,after,2,native,6,1,1,1,0,1,45455,55774
short,6,after,2,native,7,1,1,1,0,1,45344,55653
short,6,after,2,native,8,1,1,1,0,1,45344,55653
short,6,after,2,native,9,1,1,1,0,1,45354,55674
short,6,after,2,native,10,1,1,1,0,1,45355,55654
short,6,after,2,native,11,1,1,1,0,1,45345,55633
short,6,after,2,native,12,1,1,1,0,1,44793,55633
short,6,after,2,native,13,1,1,1,0,1,49252,59323
short,6,after,2,native,14,1,1,1,0,1,45414,55505
short,6,after,2,fixed_winner,0,1,1,1,1,1,42279,0
short,6,after,2,fixed_winner,1,1,1,1,1,1,53730,0
short,6,after,2,fixed_winner,2,1,1,1,1,1,44382,0
short,6,after,2,fixed_winner,3,1,1,1,1,1,44112,0
short,6,after,2,fixed_winner,4,1,1,1,1,1,42308,0
short,6,after,2,fixed_winner,5,1,1,1,1,1,42068,0
short,6,after,2,fixed_winner,6,1,1,1,1,1,42028,0
short,6,after,2,fixed_winner,7,1,1,1,1,1,42299,0
short,6,after,2,fixed_winner,8,1,1,1,1,1,42028,0
short,6,after,2,fixed_winner,9,1,1,1,1,1,42289,0
short,6,after,2,fixed_winner,10,1,1,1,1,1,42299,0
short,6,after,2,fixed_winner,11,1,1,1,1,1,68117,0
short,6,after,2,fixed_winner,12,1,1,1,1,1,44462,0
short,6,after,2,fixed_winner,13,1,1,1,1,1,44242,0
short,6,after,2,fixed_winner,14,1,1,1,1,1,42309,0
short,6,before,2,native,0,1,1,1,0,1,42580,55042
short,6,before,2,native,1,1,1,1,0,1,42559,54993
short,6,before,2,native,2,1,1,1,0,1,42529,54952
short,6,before,2,native,3,1,1,1,0,1,42569,55002
short,6,before,2,native,4,1,1,1,0,1,42729,55033
short,6,before,2,native,5,1,1,1,0,1,42620,55013
short,6,before,2,native,6,1,1,1,0,1,42940,55013
short,6,before,2,native,7,1,1,1,0,1,43130,54923
short,6,before,2,native,8,1,1,1,0,1,47899,56085
short,6,before,2,native,9,1,1,1,0,1,45304,55133
short,6,before,2,native,10,1,1,1,0,1,43200,55003
short,6,before,2,native,11,1,1,1,0,1,42419,54873
short,6,before,2,native,12,1,1,1,0,1,43361,55023
short,6,before,2,native,13,1,1,1,0,1,59301,70907
short,6,before,2,native,14,1,1,1,0,1,43160,54607
short,6,before,2,fixed_winner,0,1,1,1,1,1,77404,0
short,6,before,2,fixed_winner,1,1,1,1,1,1,42580,0
short,6,before,2,fixed_winner,2,1,1,1,1,1,50725,0
short,6,before,2,fixed_winner,3,1,1,1,1,1,42519,0
short,6,before,2,fixed_winner,4,1,1,1,1,1,44123,0
short,6,before,2,fixed_winner,5,1,1,1,1,1,43952,0
short,6,before,2,fixed_winner,6,1,1,1,1,1,43932,0
short,6,before,2,fixed_winner,7,1,1,1,1,1,42018,0
short,6,before,2,fixed_winner,8,1,1,1,1,1,44363,0
short,6,before,2,fixed_winner,9,1,1,1,1,1,44193,0
short,6,before,2,fixed_winner,10,1,1,1,1,1,44213,0
short,6,before,2,fixed_winner,11,1,1,1,1,1,44292,0
short,6,before,2,fixed_winner,12,1,1,1,1,1,43932,0
short,6,before,2,fixed_winner,13,1,1,1,1,1,44223,0
short,6,before,2,fixed_winner,14,1,1,1,1,1,43932,0
short,6,before,3,native,0,1,1,1,0,1,42860,50628
short,6,before,3,native,1,1,1,1,0,1,45224,50708
short,6,before,3,native,2,1,1,1,0,1,42519,50628
short,6,before,3,native,3,1,1,1,0,1,43191,50668
short,6,before,3,native,4,1,1,1,0,1,43301,50618
short,6,before,3,native,5,1,1,1,0,1,86491,93112
short,6,before,3,native,6,1,1,1,0,1,43371,50503
short,6,before,3,native,7,1,1,1,0,1,43180,50372
short,6,before,3,native,8,1,1,1,0,1,42509,50332
short,6,before,3,native,9,1,1,1,0,1,43210,50392
short,6,before,3,native,10,1,1,1,0,1,47839,50413
short,6,before,3,native,11,1,1,1,0,1,42680,50443
short,6,before,3,native,12,1,1,1,0,1,43330,50382
short,6,before,3,native,13,1,1,1,0,1,47208,54375
short,6,before,3,native,14,1,1,1,0,1,42599,50177
short,6,before,3,fixed_winner,0,1,1,1,1,1,42279,0
short,6,before,3,fixed_winner,1,1,1,1,1,1,50975,0
short,6,before,3,fixed_winner,2,1,1,1,1,1,41778,0
short,6,before,3,fixed_winner,3,1,1,1,1,1,42479,0
short,6,before,3,fixed_winner,4,1,1,1,1,1,42288,0
short,6,before,3,fixed_winner,5,1,1,1,1,1,42269,0
short,6,before,3,fixed_winner,6,1,1,1,1,1,42008,0
short,6,before,3,fixed_winner,7,1,1,1,1,1,42258,0
short,6,before,3,fixed_winner,8,1,1,1,1,1,42259,0
short,6,before,3,fixed_winner,9,1,1,1,1,1,42249,0
short,6,before,3,fixed_winner,10,1,1,1,1,1,42269,0
short,6,before,3,fixed_winner,11,1,1,1,1,1,42128,0
short,6,before,3,fixed_winner,12,1,1,1,1,1,42008,0
short,6,before,3,fixed_winner,13,1,1,1,1,1,42259,0
short,6,before,3,fixed_winner,14,1,1,1,1,1,42248,0
short,6,after,3,native,0,1,1,1,0,1,45044,45973
short,6,after,3,native,1,1,1,1,0,1,45164,46034
short,6,after,3,native,2,1,1,1,0,1,45124,46023
short,6,after,3,native,3,1,1,1,0,1,45073,46003
short,6,after,3,native,4,1,1,1,0,1,45204,46004
short,6,after,3,native,5,1,1,1,0,1,60202,60730
short,6,after,3,native,6,1,1,1,0,1,44513,45762
short,6,after,3,native,7,1,1,1,0,1,45084,45722
short,6,after,3,native,8,1,1,1,0,1,45124,45751
short,6,after,3,native,9,1,1,1,0,1,45104,45712
short,6,after,3,native,10,1,1,1,0,1,45054,45692
short,6,after,3,native,11,1,1,1,0,1,45074,45701
short,6,after,3,native,12,1,1,1,0,1,45205,45702
short,6,after,3,native,13,1,1,1,0,1,48831,49246
short,6,after,3,native,14,1,1,1,0,1,45124,45529
short,6,after,3,fixed_winner,0,1,1,1,1,1,65051,0
short,6,after,3,fixed_winner,1,1,1,1,1,1,42629,0
short,6,after,3,fixed_winner,2,1,1,1,1,1,51746,0
short,6,after,3,fixed_winner,3,1,1,1,1,1,44212,0
short,6,after,3,fixed_winner,4,1,1,1,1,1,42068,0
short,6,after,3,fixed_winner,5,1,1,1,1,1,42309,0
short,6,after,3,fixed_winner,6,1,1,1,1,1,42289,0
short,6,after,3,fixed_winner,7,1,1,1,1,1,44223,0
short,6,after,3,fixed_winner,8,1,1,1,1,1,42299,0
short,6,after,3,fixed_winner,9,1,1,1,1,1,42279,0
short,6,after,3,fixed_winner,10,1,1,1,1,1,42299,0
short,6,after,3,fixed_winner,11,1,1,1,1,1,42409,0
short,6,after,3,fixed_winner,12,1,1,1,1,1,42289,0
short,6,after,3,fixed_winner,13,1,1,1,1,1,42289,0
short,6,after,3,fixed_winner,14,1,1,1,1,1,42028,0
short,6,before,4,native,0,1,1,1,0,1,49502,55931
short,6,before,4,native,1,1,1,1,0,1,43231,56101
short,6,before,4,native,2,1,1,1,0,1,43712,55981
short,6,before,4,native,3,1,1,1,0,1,43030,55981
short,6,before,4,native,4,1,1,1,0,1,43561,55981
short,6,before,4,native,5,1,1,1,0,1,58699,71253
short,6,before,4,native,6,1,1,1,0,1,43771,55814
short,6,before,4,native,7,1,1,1,0,1,43691,55775
short,6,before,4,native,8,1,1,1,0,1,42780,55725
short,6,before,4,native,9,1,1,1,0,1,42739,55714
short,6,before,4,native,10,1,1,1,0,1,42770,55735
short,6,before,4,native,11,1,1,1,0,1,42789,55764
short,6,before,4,native,12,1,1,1,0,1,42900,55735
short,6,before,4,native,13,1,1,1,0,1,46436,59194
short,6,before,4,native,14,1,1,1,0,1,43431,55558
short,6,before,4,fixed_winner,0,1,1,1,1,1,42529,0
short,6,before,4,fixed_winner,1,1,1,1,1,1,44493,0
short,6,before,4,fixed_winner,2,1,1,1,1,1,44443,0
short,6,before,4,fixed_winner,3,1,1,1,1,1,44363,0
short,6,before,4,fixed_winner,4,1,1,1,1,1,76001,0
short,6,before,4,fixed_winner,5,1,1,1,1,1,44794,0
short,6,before,4,fixed_winner,6,1,1,1,1,1,42550,0
short,6,before,4,fixed_winner,7,1,1,1,1,1,44493,0
short,6,before,4,fixed_winner,8,1,1,1,1,1,43932,0
short,6,before,4,fixed_winner,9,1,1,1,1,1,44192,0
short,6,before,4,fixed_winner,10,1,1,1,1,1,43942,0
short,6,before,4,fixed_winner,11,1,1,1,1,1,44362,0
short,6,before,4,fixed_winner,12,1,1,1,1,1,44122,0
short,6,before,4,fixed_winner,13,1,1,1,1,1,44223,0
short,6,before,4,fixed_winner,14,1,1,1,1,1,43932,0
short,6,after,4,native,0,1,1,1,0,1,45615,57037
short,6,after,4,native,1,1,1,1,0,1,45485,57088
short,6,after,4,native,2,1,1,1,0,1,53880,57028
short,6,after,4,native,3,1,1,1,0,1,45755,57098
short,6,after,4,native,4,1,1,1,0,1,45755,57028
short,6,after,4,native,5,1,1,1,0,1,61745,72761
short,6,after,4,native,6,1,1,1,0,1,45705,56801
short,6,after,4,native,7,1,1,1,0,1,45615,56741
short,6,after,4,native,8,1,1,1,0,1,45374,56740
short,6,after,4,native,9,1,1,1,0,1,45344,56731
short,6,after,4,native,10,1,1,1,0,1,45355,56741
short,6,after,4,native,11,1,1,1,0,1,45335,56700
short,6,after,4,native,12,1,1,1,0,1,45194,56710
short,6,after,4,native,13,1,1,1,0,1,48791,59929
short,6,after,4,native,14,1,1,1,0,1,45344,56482
short,6,after,4,fixed_winner,0,1,1,1,1,1,42509,0
short,6,after,4,fixed_winner,1,1,1,1,1,1,44202,0
short,6,after,4,fixed_winner,2,1,1,1,1,1,62296,0
short,6,after,4,fixed_winner,3,1,1,1,1,1,46657,0
short,6,after,4,fixed_winner,4,1,1,1,1,1,42329,0
short,6,after,4,fixed_winner,5,1,1,1,1,1,42559,0
short,6,after,4,fixed_winner,6,1,1,1,1,1,42530,0
short,6,after,4,fixed_winner,7,1,1,1,1,1,47519,0
short,6,after,4,fixed_winner,8,1,1,1,1,1,44213,0
short,6,after,4,fixed_winner,9,1,1,1,1,1,44192,0
short,6,after,4,fixed_winner,10,1,1,1,1,1,43932,0
short,6,after,4,fixed_winner,11,1,1,1,1,1,42399,0
short,6,after,4,fixed_winner,12,1,1,1,1,1,42288,0
short,6,after,4,fixed_winner,13,1,1,1,1,1,42269,0
short,6,after,4,fixed_winner,14,1,1,1,1,1,42249,0
short,8,after,0,native,0,1,1,1,0,1,45615,46226
short,8,after,0,native,1,1,1,1,0,1,45806,46316
short,8,after,0,native,2,1,1,1,0,1,45695,46276
short,8,after,0,native,3,1,1,1,0,1,45635,46225
short,8,after,0,native,4,1,1,1,0,1,45836,46266
short,8,after,0,native,5,1,1,1,0,1,45685,46245
short,8,after,0,native,6,1,1,1,0,1,45655,46245
short,8,after,0,native,7,1,1,1,0,1,57498,46285
short,8,after,0,native,8,1,1,1,0,1,45976,46506
short,8,after,0,native,9,1,1,1,0,1,45194,46246
short,8,after,0,native,10,1,1,1,0,1,45064,46205
short,8,after,0,native,11,1,1,1,0,1,45114,46226
short,8,after,0,native,12,1,1,1,0,1,45345,46316
short,8,after,0,native,13,1,1,1,0,1,67316,63428
short,8,after,0,native,14,1,1,1,0,1,46657,45995
short,8,after,0,fixed_winner,0,1,1,1,0,1,45495,0
short,8,after,0,fixed_winner,1,1,1,1,0,1,55764,0
short,8,after,0,fixed_winner,2,1,1,1,0,1,44423,0
short,8,after,0,fixed_winner,3,1,1,1,0,1,41828,0
short,8,after,0,fixed_winner,4,1,1,1,0,1,43601,0
short,8,after,0,fixed_winner,5,1,1,1,0,1,43581,0
short,8,after,0,fixed_winner,6,1,1,1,0,1,43591,0
short,8,after,0,fixed_winner,7,1,1,1,0,1,43571,0
short,8,after,0,fixed_winner,8,1,1,1,0,1,43581,0
short,8,after,0,fixed_winner,9,1,1,1,0,1,43591,0
short,8,after,0,fixed_winner,10,1,1,1,0,1,43572,0
short,8,after,0,fixed_winner,11,1,1,1,0,1,43701,0
short,8,after,0,fixed_winner,12,1,1,1,0,1,44222,0
short,8,after,0,fixed_winner,13,1,1,1,0,1,43601,0
short,8,after,0,fixed_winner,14,1,1,1,0,1,43581,0
short,8,before,0,native,0,1,1,1,0,1,43391,72788
short,8,before,0,native,1,1,1,1,0,1,43100,72868
short,8,before,0,native,2,1,1,1,0,1,43040,72807
short,8,before,0,native,3,1,1,1,0,1,43050,72818
short,8,before,0,native,4,1,1,1,0,1,43832,72798
short,8,before,0,native,5,1,1,1,0,1,61424,90499
short,8,before,0,native,6,1,1,1,0,1,43121,72626
short,8,before,0,native,7,1,1,1,0,1,43741,72625
short,8,before,0,native,8,1,1,1,0,1,43020,72546
short,8,before,0,native,9,1,1,1,0,1,65993,72636
short,8,before,0,native,10,1,1,1,0,1,44002,72776
short,8,before,0,native,11,1,1,1,0,1,43100,72616
short,8,before,0,native,12,1,1,1,0,1,43220,72635
short,8,before,0,native,13,1,1,1,0,1,50003,77413
short,8,before,0,native,14,1,1,1,0,1,45004,72424
short,8,before,0,fixed_winner,0,1,1,1,0,1,41858,0
short,8,before,0,fixed_winner,1,1,1,1,0,1,42509,0
short,8,before,0,fixed_winner,2,1,1,1,0,1,53199,0
short,8,before,0,fixed_winner,3,1,1,1,0,1,42118,0
short,8,before,0,fixed_winner,4,1,1,1,0,1,43822,0
short,8,before,0,fixed_winner,5,1,1,1,0,1,42539,0
short,8,before,0,fixed_winner,6,1,1,1,0,1,51856,0
short,8,before,0,fixed_winner,7,1,1,1,0,1,194158,0
short,8,before,0,fixed_winner,8,1,1,1,0,1,73707,0
short,8,before,0,fixed_winner,9,1,1,1,0,1,64020,0
short,8,before,0,fixed_winner,10,1,1,1,0,1,52939,0
short,8,before,0,fixed_winner,11,1,1,1,0,1,51676,0
short,8,before,0,fixed_winner,12,1,1,1,0,1,43100,0
short,8,before,0,fixed_winner,13,1,1,1,0,1,42760,0
short,8,before,0,fixed_winner,14,1,1,1,0,1,42760,0
short,8,after,1,native,0,1,1,1,0,1,45314,45955
short,8,after,1,native,1,1,1,1,0,1,45264,46076
short,8,after,1,native,2,1,1,1,0,1,45354,45965
short,8,after,1,native,3,1,1,1,0,1,43431,45986
short,8,after,1,native,4,1,1,1,0,1,45485,45976
short,8,after,1,native,5,1,1,1,0,1,79318,67466
short,8,after,1,native,6,1,1,1,0,1,45786,45875
short,8,after,1,native,7,1,1,1,0,1,44953,45734
short,8,after,1,native,8,1,1,1,0,1,45635,45755
short,8,after,1,native,9,1,1,1,0,1,45635,45775
short,8,after,1,native,10,1,1,1,0,1,45615,45755
short,8,after,1,native,11,1,1,1,0,1,45575,45705
short,8,after,1,native,12,1,1,1,0,1,45705,45704
short,8,after,1,native,13,1,1,1,0,1,45605,45724
short,8,after,1,native,14,1,1,1,0,1,57597,45754
short,8,after,1,fixed_winner,0,1,1,1,0,1,44723,0
short,8,after,1,fixed_winner,1,1,1,1,0,1,44743,0
short,8,after,1,fixed_winner,2,1,1,1,0,1,44713,0
short,8,after,1,fixed_winner,3,1,1,1,0,1,44883,0
short,8,after,1,fixed_winner,4,1,1,1,0,1,44062,0
short,8,after,1,fixed_winner,5,1,1,1,0,1,43541,0
short,8,after,1,fixed_winner,6,1,1,1,0,1,43541,0
short,8,after,1,fixed_winner,7,1,1,1,0,1,43551,0
short,8,after,1,fixed_winner,8,1,1,1,0,1,43531,0
short,8,after,1,fixed_winner,9,1,1,1,0,1,43551,0
short,8,after,1,fixed_winner,10,1,1,1,0,1,43551,0
short,8,after,1,fixed_winner,11,1,1,1,0,1,43672,0
short,8,after,1,fixed_winner,12,1,1,1,0,1,43561,0
short,8,after,1,fixed_winner,13,1,1,1,0,1,44182,0
short,8,after,1,fixed_winner,14,1,1,1,0,1,44193,0
short,8,before,1,native,0,1,1,1,0,1,42759,55279
short,8,before,1,native,1,1,1,1,0,1,58529,56632
short,8,before,1,native,2,1,1,1,0,1,43451,55490
short,8,before,1,native,3,1,1,1,0,1,43250,55319
short,8,before,1,native,4,1,1,1,0,1,43551,55250
short,8,before,1,native,5,1,1,1,0,1,62186,74261
short,8,before,1,native,6,1,1,1,0,1,43511,55085
short,8,before,1,native,7,1,1,1,0,1,43271,55015
short,8,before,1,native,8,1,1,1,0,1,42499,54974
short,8,before,1,native,9,1,1,1,0,1,43181,55035
short,8,before,1,native,10,1,1,1,0,1,42539,55024
short,8,before,1,native,11,1,1,1,0,1,42520,55014
short,8,before,1,native,12,1,1,1,0,1,42640,54995
short,8,before,1,native,13,1,1,1,0,1,46858,58720
short,8,before,1,native,14,1,1,1,0,1,43220,54873
short,8,before,1,fixed_winner,0,1,1,1,0,1,41767,0
short,8,before,1,fixed_winner,1,1,1,1,0,1,42099,0
short,8,before,1,fixed_winner,2,1,1,1,0,1,52899,0
short,8,before,1,fixed_winner,3,1,1,1,0,1,42028,0
short,8,before,1,fixed_winner,4,1,1,1,0,1,42339,0
short,8,before,1,fixed_winner,5,1,1,1,0,1,42099,0
short,8,before,1,fixed_winner,6,1,1,1,0,1,41708,0
short,8,before,1,fixed_winner,7,1,1,1,0,1,50694,0
short,8,before,1,fixed_winner,8,1,1,1,0,1,42539,0
short,8,before,1,fixed_winner,9,1,1,1,0,1,42630,0
short,8,before,1,fixed_winner,10,1,1,1,0,1,41948,0
short,8,before,1,fixed_winner,11,1,1,1,0,1,42439,0
short,8,before,1,fixed_winner,12,1,1,1,0,1,42038,0
short,8,before,1,fixed_winner,13,1,1,1,0,1,41999,0
short,8,before,1,fixed_winner,14,1,1,1,0,1,41948,0
short,8,before,2,native,0,1,1,1,0,1,42860,44789
short,8,before,2,native,1,1,1,1,0,1,42609,44868
short,8,before,2,native,2,1,1,1,0,1,42950,44838
short,8,before,2,native,3,1,1,1,0,1,42520,44809
short,8,before,2,native,4,1,1,1,0,1,43111,44849
short,8,before,2,native,5,1,1,1,0,1,63679,65019
short,8,before,2,native,6,1,1,1,0,1,42720,44771
short,8,before,2,native,7,1,1,1,0,1,42559,44670
short,8,before,2,native,8,1,1,1,0,1,42529,44650
short,8,before,2,native,9,1,1,1,0,1,42509,44640
short,8,before,2,native,10,1,1,1,0,1,42520,44621
short,8,before,2,native,11,1,1,1,0,1,42520,44631
short,8,before,2,native,12,1,1,1,0,1,43010,44631
short,8,before,2,native,13,1,1,1,0,1,42559,44651
short,8,before,2,native,14,1,1,1,0,1,42529,44651
short,8,before,2,fixed_winner,0,1,1,1,0,1,42038,0
short,8,before,2,fixed_winner,1,1,1,1,0,1,42038,0
short,8,before,2,fixed_winner,2,1,1,1,0,1,42308,0
short,8,before,2,fixed_winner,3,1,1,1,0,1,53209,0
short,8,before,2,fixed_winner,4,1,1,1,0,1,42459,0
short,8,before,2,fixed_winner,5,1,1,1,0,1,41667,0
short,8,before,2,fixed_winner,6,1,1,1,0,1,42028,0
short,8,before,2,fixed_winner,7,1,1,1,0,1,41647,0
short,8,before,2,fixed_winner,8,1,1,1,0,1,41658,0
short,8,before,2,fixed_winner,9,1,1,1,0,1,42289,0
short,8,before,2,fixed_winner,10,1,1,1,0,1,42298,0
short,8,before,2,fixed_winner,11,1,1,1,0,1,42419,0
short,8,before,2,fixed_winner,12,1,1,1,0,1,41648,0
short,8,before,2,fixed_winner,13,1,1,1,0,1,42029,0
short,8,before,2,fixed_winner,14,1,1,1,0,1,42018,0
short,8,after,2,native,0,1,1,1,0,1,45755,46058
short,8,after,2,native,1,1,1,1,0,1,45225,45796
short,8,after,2,native,2,1,1,1,0,1,45385,45727
short,8,after,2,native,3,1,1,1,0,1,45334,45716
short,8,after,2,native,4,1,1,1,0,1,45445,45687
short,8,after,2,native,5,1,1,1,0,1,66464,66568
short,8,after,2,native,6,1,1,1,0,1,45375,45689
short,8,after,2,native,7,1,1,1,0,1,44462,45568
short,8,after,2,native,8,1,1,1,0,1,45054,45519
short,8,after,2,native,9,1,1,1,0,1,45074,45528
short,8,after,2,native,10,1,1,1,0,1,45084,45549
short,8,after,2,native,11,1,1,1,0,1,45024,45519
short,8,after,2,native,12,1,1,1,0,1,44613,45598
short,8,after,2,native,13,1,1,1,0,1,45104,45579
short,8,after,2,native,14,1,1,1,0,1,45044,45519
short,8,after,2,fixed_winner,0,1,1,1,0,1,44192,0
short,8,after,2,fixed_winner,1,1,1,1,0,1,53199,0
short,8,after,2,fixed_winner,2,1,1,1,0,1,44393,0
short,8,after,2,fixed_winner,3,1,1,1,0,1,44363,0
short,8,after,2,fixed_winner,4,1,1,1,0,1,44213,0
short,8,after,2,fixed_winner,5,1,1,1,0,1,44183,0
short,8,after,2,fixed_winner,6,1,1,1,0,1,43531,0
short,8,after,2,fixed_winner,7,1,1,1,0,1,43551,0
short,8,after,2,fixed_winner,8,1,1,1,0,1,44202,0
short,8,after,2,fixed_winner,9,1,1,1,0,1,44192,0
short,8,after,2,fixed_winner,10,1,1,1,0,1,43552,0
short,8,after,2,fixed_winner,11,1,1,1,0,1,43661,0
short,8,after,2,fixed_winner,12,1,1,1,0,1,44192,0
short,8,after,2,fixed_winner,13,1,1,1,0,1,44192,0
short,8,after,2,fixed_winner,14,1,1,1,0,1,44173,0
short,8,after,3,native,0,1,1,1,0,1,45114,57432
short,8,after,3,native,1,1,1,1,0,1,44934,57472
short,8,after,3,native,2,1,1,1,0,1,45645,57703
short,8,after,3,native,3,1,1,1,0,1,44423,57372
short,8,after,3,native,4,1,1,1,0,1,45184,57371
short,8,after,3,native,5,1,1,1,0,1,63047,73856
short,8,after,3,native,6,1,1,1,0,1,43231,56063
short,8,after,3,native,7,1,1,1,0,1,45034,55953
short,8,after,3,native,8,1,1,1,0,1,45064,55983
short,8,after,3,native,9,1,1,1,0,1,45104,56022
short,8,after,3,native,10,1,1,1,0,1,45024,55933
short,8,after,3,native,11,1,1,1,0,1,45064,56002
short,8,after,3,native,12,1,1,1,0,1,45144,55942
short,8,after,3,native,13,1,1,1,0,1,45094,56023
short,8,after,3,native,14,1,1,1,0,1,45044,55983
short,8,after,3,fixed_winner,0,1,1,1,0,1,44182,0
short,8,after,3,fixed_winner,1,1,1,1,0,1,43581,0
short,8,after,3,fixed_winner,2,1,1,1,0,1,51025,0
short,8,after,3,fixed_winner,3,1,1,1,0,1,44402,0
short,8,after,3,fixed_winner,4,1,1,1,0,1,44242,0
short,8,after,3,fixed_winner,5,1,1,1,0,1,43561,0
short,8,after,3,fixed_winner,6,1,1,1,0,1,43551,0
short,8,after,3,fixed_winner,7,1,1,1,0,1,43561,0
short,8,after,3,fixed_winner,8,1,1,1,0,1,73246,0
short,8,after,3,fixed_winner,9,1,1,1,0,1,44392,0
short,8,after,3,fixed_winner,10,1,1,1,0,1,44212,0
short,8,after,3,fixed_winner,11,1,1,1,0,1,44372,0
short,8,after,3,fixed_winner,12,1,1,1,0,1,43581,0
short,8,after,3,fixed_winner,13,1,1,1,0,1,43571,0
short,8,after,3,fixed_winner,14,1,1,1,0,1,43581,0
short,8,before,3,native,0,1,1,1,0,1,73306,47885
short,8,before,3,native,1,1,1,1,0,1,44132,48536
short,8,before,3,native,2,1,1,1,0,1,43220,47914
short,8,before,3,native,3,1,1,1,0,1,42519,47895
short,8,before,3,native,4,1,1,1,0,1,43070,47885
short,8,before,3,native,5,1,1,1,0,1,43201,47905
short,8,before,3,native,6,1,1,1,0,1,46136,47905
short,8,before,3,native,7,1,1,1,0,1,42760,48035
short,8,before,3,native,8,1,1,1,0,1,43220,47964
short,8,before,3,native,9,1,1,1,0,1,43180,47895
short,8,before,3,native,10,1,1,1,0,1,42639,47975
short,8,before,3,native,11,1,1,1,0,1,42880,47885
short,8,before,3,native,12,1,1,1,0,1,42689,47934
short,8,before,3,native,13,1,1,1,0,1,61184,65943
short,8,before,3,native,14,1,1,1,0,1,42669,47559
short,8,before,3,fixed_winner,0,1,1,1,0,1,42038,0
short,8,before,3,fixed_winner,1,1,1,1,0,1,42299,0
short,8,before,3,fixed_winner,2,1,1,1,0,1,50113,0
short,8,before,3,fixed_winner,3,1,1,1,0,1,42379,0
short,8,before,3,fixed_winner,4,1,1,1,0,1,42329,0
short,8,before,3,fixed_winner,5,1,1,1,0,1,42059,0
short,8,before,3,fixed_winner,6,1,1,1,0,1,42048,0
short,8,before,3,fixed_winner,7,1,1,1,0,1,42289,0
short,8,before,3,fixed_winner,8,1,1,1,0,1,42309,0
short,8,before,3,fixed_winner,9,1,1,1,0,1,42029,0
short,8,before,3,fixed_winner,10,1,1,1,0,1,42028,0
short,8,before,3,fixed_winner,11,1,1,1,0,1,42148,0
short,8,before,3,fixed_winner,12,1,1,1,0,1,41647,0
short,8,before,3,fixed_winner,13,1,1,1,0,1,42298,0
short,8,before,3,fixed_winner,14,1,1,1,0,1,42289,0
short,8,before,4,native,0,1,1,1,0,1,42930,55158
short,8,before,4,native,1,1,1,1,0,1,42639,55208
short,8,before,4,native,2,1,1,1,0,1,42950,55157
short,8,before,4,native,3,1,1,1,0,1,70281,55157
short,8,before,4,native,4,1,1,1,0,1,43772,55388
short,8,before,4,native,5,1,1,1,0,1,42540,55118
short,8,before,4,native,6,1,1,1,0,1,42540,55138
short,8,before,4,native,7,1,1,1,0,1,42880,55088
short,8,before,4,native,8,1,1,1,0,1,42559,55158
short,8,before,4,native,9,1,1,1,0,1,43210,55157
short,8,before,4,native,10,1,1,1,0,1,42920,55148
short,8,before,4,native,11,1,1,1,0,1,42539,55147
short,8,before,4,native,12,1,1,1,0,1,42630,55108
short,8,before,4,native,13,1,1,1,0,1,61194,72887
short,8,before,4,native,14,1,1,1,0,1,42619,54783
short,8,before,4,fixed_winner,0,1,1,1,0,1,41648,0
short,8,before,4,fixed_winner,1,1,1,1,0,1,42048,0
short,8,before,4,fixed_winner,2,1,1,1,0,1,42279,0
short,8,before,4,fixed_winner,3,1,1,1,0,1,51896,0
short,8,before,4,fixed_winner,4,1,1,1,0,1,46787,0
short,8,before,4,fixed_winner,5,1,1,1,0,1,59261,0
short,8,before,4,fixed_winner,6,1,1,1,0,1,52207,0
short,8,before,4,fixed_winner,7,1,1,1,0,1,41848,0
short,8,before,4,fixed_winner,8,1,1,1,0,1,42089,0
short,8,before,4,fixed_winner,9,1,1,1,0,1,42018,0
short,8,before,4,fixed_winner,10,1,1,1,0,1,42298,0
short,8,before,4,fixed_winner,11,1,1,1,0,1,42148,0
short,8,before,4,fixed_winner,12,1,1,1,0,1,41657,0
short,8,before,4,fixed_winner,13,1,1,1,0,1,42299,0
short,8,before,4,fixed_winner,14,1,1,1,0,1,42018,0
short,8,after,4,native,0,1,1,1,0,1,44993,45745
short,8,after,4,native,1,1,1,1,0,1,45154,45836
short,8,after,4,native,2,1,1,1,0,1,45094,45815
short,8,after,4,native,3,1,1,1,0,1,45063,45765
short,8,after,4,native,4,1,1,1,0,1,45194,45776
short,8,after,4,native,5,1,1,1,0,1,65682,66767
short,8,after,4,native,6,1,1,1,0,1,45184,45707
short,8,after,4,native,7,1,1,1,0,1,45064,45617
short,8,after,4,native,8,1,1,1,0,1,45064,45578
short,8,after,4,native,9,1,1,1,0,1,45044,45607
short,8,after,4,native,10,1,1,1,0,1,45054,45598
short,8,after,4,native,11,1,1,1,0,1,45064,45608
short,8,after,4,native,12,1,1,1,0,1,44973,45657
short,8,after,4,native,13,1,1,1,0,1,49923,50289
short,8,after,4,native,14,1,1,1,0,1,45174,45460
short,8,after,4,fixed_winner,0,1,1,1,0,1,53099,0
short,8,after,4,fixed_winner,1,1,1,1,0,1,44252,0
short,8,after,4,fixed_winner,2,1,1,1,0,1,44212,0
short,8,after,4,fixed_winner,3,1,1,1,0,1,43751,0
short,8,after,4,fixed_winner,4,1,1,1,0,1,43551,0
short,8,after,4,fixed_winner,5,1,1,1,0,1,43571,0
short,8,after,4,fixed_winner,6,1,1,1,0,1,44182,0
short,8,after,4,fixed_winner,7,1,1,1,0,1,44192,0
short,8,after,4,fixed_winner,8,1,1,1,0,1,43551,0
short,8,after,4,fixed_winner,9,1,1,1,0,1,43541,0
short,8,after,4,fixed_winner,10,1,1,1,0,1,43531,0
short,8,after,4,fixed_winner,11,1,1,1,0,1,44322,0
short,8,after,4,fixed_winner,12,1,1,1,0,1,43541,0
short,8,after,4,fixed_winner,13,1,1,1,0,1,43552,0
short,8,after,4,fixed_winner,14,1,1,1,0,1,44192,0
balanced_compute,2,before,0,native,0,1,1,1,0,2,2662298,2693520
balanced_compute,2,before,0,native,1,1,1,1,0,2,2802099,2693331
balanced_compute,2,before,0,native,2,1,1,1,0,2,2708173,2694061
balanced_compute,2,before,0,native,3,1,1,1,0,2,2721488,2693861
balanced_compute,2,before,0,native,4,1,1,1,0,2,2687656,2693650
balanced_compute,2,before,0,native,5,1,1,1,0,2,2687926,2693320
balanced_compute,2,before,0,native,6,1,1,1,0,2,2758588,2693320
balanced_compute,2,before,0,native,7,1,1,1,0,2,2650506,2693431
balanced_compute,2,before,0,native,8,1,1,1,0,2,2693867,2693470
balanced_compute,2,before,0,native,9,1,1,1,0,2,2841682,2693230
balanced_compute,2,before,0,native,10,1,1,1,0,2,2859996,2693570
balanced_compute,2,before,0,native,11,1,1,1,0,2,2730735,2693470
balanced_compute,2,before,0,native,12,1,1,1,0,2,2719144,2693721
balanced_compute,2,before,0,native,13,1,1,1,0,2,2704626,2693691
balanced_compute,2,before,0,native,14,1,1,1,0,2,2693256,2693550
balanced_compute,2,before,0,fixed_winner,0,1,1,0,0,2,2764373,0
balanced_compute,2,before,0,fixed_winner,1,1,1,0,0,2,2794785,0
balanced_compute,2,before,0,fixed_winner,2,1,1,0,0,2,2839228,0
balanced_compute,2,before,0,fixed_winner,3,1,1,0,0,2,2615727,0
balanced_compute,2,before,0,fixed_winner,4,1,1,0,0,2,2613362,0
balanced_compute,2,before,0,fixed_winner,5,1,1,0,0,2,2570657,0
balanced_compute,2,before,0,fixed_winner,6,1,1,0,0,2,2827350,0
balanced_compute,2,before,0,fixed_winner,7,1,1,0,0,2,2604981,0
balanced_compute,2,before,0,fixed_winner,8,1,1,0,0,2,2568784,0
balanced_compute,2,before,0,fixed_winner,9,1,1,0,0,2,2597117,0
balanced_compute,2,before,0,fixed_winner,10,1,1,0,0,2,2617730,0
balanced_compute,2,before,0,fixed_winner,11,1,1,0,0,2,2557643,0
balanced_compute,2,before,0,fixed_winner,12,1,1,0,0,2,2596871,0
balanced_compute,2,before,0,fixed_winner,13,1,1,0,0,2,2596145,0
balanced_compute,2,before,0,fixed_winner,14,1,1,0,0,2,2567461,0
balanced_compute,2,after,0,native,0,1,1,1,0,2,2738034,2691823
balanced_compute,2,after,0,native,1,1,1,1,0,2,2863513,2691292
balanced_compute,2,after,0,native,2,1,1,1,0,2,2771176,2691321
balanced_compute,2,after,0,native,3,1,1,1,0,2,2663229,2691472
balanced_compute,2,after,0,native,4,1,1,1,0,2,2709752,2691642
balanced_compute,2,after,0,native,5,1,1,1,0,2,2862220,2691311
balanced_compute,2,after,0,native,6,1,1,1,0,2,2886615,2691862
balanced_compute,2,after,0,native,7,1,1,1,0,2,2670713,2691762
balanced_compute,2,after,0,native,8,1,1,1,0,2,2843636,2691712
balanced_compute,2,after,0,native,9,1,1,1,0,2,2753909,2692814
balanced_compute,2,after,0,native,10,1,1,1,0,2,2701862,2692133
balanced_compute,2,after,0,native,11,1,1,1,0,2,2671375,2692002
balanced_compute,2,after,0,native,12,1,1,1,0,2,2699628,2691672
balanced_compute,2,after,0,native,13,1,1,1,0,2,2757485,2716210
balanced_compute,2,after,0,native,14,1,1,1,0,2,2781806,2691343
balanced_compute,2,after,0,fixed_winner,0,1,1,0,0,2,3035578,0
balanced_compute,2,after,0,fixed_winner,1,1,1,0,0,2,2821765,0
balanced_compute,2,after,0,fixed_winner,2,1,1,0,0,2,2819972,0
balanced_compute,2,after,0,fixed_winner,3,1,1,0,0,2,2815394,0
balanced_compute,2,after,0,fixed_winner,4,1,1,0,0,2,2600402,0
balanced_compute,2,after,0,fixed_winner,5,1,1,0,0,2,2854652,0
balanced_compute,2,after,0,fixed_winner,6,1,1,0,0,2,2589878,0
balanced_compute,2,after,0,fixed_winner,7,1,1,0,0,2,2766963,0
balanced_compute,2,after,0,fixed_winner,8,1,1,0,0,2,2577069,0
balanced_compute,2,after,0,fixed_winner,9,1,1,0,0,2,2648527,0
balanced_compute,2,after,0,fixed_winner,10,1,1,0,0,2,2854341,0
balanced_compute,2,after,0,fixed_winner,11,1,1,0,0,2,2931730,0
balanced_compute,2,after,0,fixed_winner,12,1,1,0,0,2,2810068,0
balanced_compute,2,after,0,fixed_winner,13,1,1,0,0,2,2628034,0
balanced_compute,2,after,0,fixed_winner,14,1,1,0,0,2,2683277,0
balanced_compute,2,before,1,native,0,1,1,1,0,2,2728221,2754633
balanced_compute,2,before,1,native,1,1,1,1,0,2,2774267,2754011
balanced_compute,2,before,1,native,2,1,1,1,0,2,3244252,2754602
balanced_compute,2,before,1,native,3,1,1,1,0,2,2738069,2755464
balanced_compute,2,before,1,native,4,1,1,1,0,2,2691893,2754763
balanced_compute,2,before,1,native,5,1,1,1,0,2,2741185,2775802
balanced_compute,2,before,1,native,6,1,1,1,0,2,2697083,2753901
balanced_compute,2,before,1,native,7,1,1,1,0,2,2718692,2753751
balanced_compute,2,before,1,native,8,1,1,1,0,2,2668700,2754022
balanced_compute,2,before,1,native,9,1,1,1,0,2,2705508,2754011
balanced_compute,2,before,1,native,10,1,1,1,0,2,2695108,2753951
balanced_compute,2,before,1,native,11,1,1,1,0,2,2661076,2754152
balanced_compute,2,before,1,native,12,1,1,1,0,2,2689479,2753640
balanced_compute,2,before,1,native,13,1,1,1,0,2,2991522,2753560
balanced_compute,2,before,1,native,14,1,1,1,0,2,2734883,2754272
balanced_compute,2,before,1,fixed_winner,0,1,1,0,0,2,2628976,0
balanced_compute,2,before,1,fixed_winner,1,1,1,0,0,2,2593981,0
balanced_compute,2,before,1,fixed_winner,2,1,1,0,0,2,2587880,0
balanced_compute,2,before,1,fixed_winner,3,1,1,0,0,2,2644805,0
balanced_compute,2,before,1,fixed_winner,4,1,1,0,0,2,2600684,0
balanced_compute,2,before,1,fixed_winner,5,1,1,0,0,2,2743088,0
balanced_compute,2,before,1,fixed_winner,6,1,1,0,0,2,2675983,0
balanced_compute,2,before,1,fixed_winner,7,1,1,0,0,2,2587018,0
balanced_compute,2,before,1,fixed_winner,8,1,1,0,0,2,2639236,0
balanced_compute,2,before,1,fixed_winner,9,1,1,0,0,2,2607496,0
balanced_compute,2,before,1,fixed_winner,10,1,1,0,0,2,2568783,0
balanced_compute,2,before,1,fixed_winner,11,1,1,0,0,2,2661767,0
balanced_compute,2,before,1,fixed_winner,12,1,1,0,0,2,2578192,0
balanced_compute,2,before,1,fixed_winner,13,1,1,0,0,2,2633344,0
balanced_compute,2,before,1,fixed_winner,14,1,1,0,0,2,2636400,0
balanced_compute,2,after,1,native,0,1,1,1,1,2,2705489,2698626
balanced_compute,2,after,1,native,1,1,1,1,1,2,2691874,2698275
balanced_compute,2,after,1,native,2,1,1,1,1,2,2650276,2698005
balanced_compute,2,after,1,native,3,1,1,1,1,2,2779997,2698356
balanced_compute,2,after,1,native,4,1,1,1,1,2,2868046,2699036
balanced_compute,2,after,1,native,5,1,1,1,1,2,2870250,2698225
balanced_compute,2,after,1,native,6,1,1,1,1,2,2837283,2698165
balanced_compute,2,after,1,native,7,1,1,1,1,2,2691042,2698355
balanced_compute,2,after,1,native,8,1,1,1,1,2,2951136,2698205
balanced_compute,2,after,1,native,9,1,1,1,1,2,2719735,2698155
balanced_compute,2,after,1,native,10,1,1,1,1,2,2779552,2697894
balanced_compute,2,after,1,native,11,1,1,1,1,2,2944569,2698014
balanced_compute,2,after,1,native,12,1,1,1,1,2,2694548,2698866
balanced_compute,2,after,1,native,13,1,1,1,1,2,2971319,2698004
balanced_compute,2,after,1,native,14,1,1,1,1,2,2719930,2698125
balanced_compute,2,after,1,fixed_winner,0,1,1,0,0,2,2579223,0
balanced_compute,2,after,1,fixed_winner,1,1,1,0,0,2,2886070,0
balanced_compute,2,after,1,fixed_winner,2,1,1,0,0,2,2832235,0
balanced_compute,2,after,1,fixed_winner,3,1,1,0,0,2,2583511,0
balanced_compute,2,after,1,fixed_winner,4,1,1,0,0,2,2572571,0
balanced_compute,2,after,1,fixed_winner,5,1,1,0,0,2,2613432,0
balanced_compute,2,after,1,fixed_winner,6,1,1,0,0,2,2630835,0
balanced_compute,2,after,1,fixed_winner,7,1,1,0,0,2,2581487,0
balanced_compute,2,after,1,fixed_winner,8,1,1,0,0,2,2592883,0
balanced_compute,2,after,1,fixed_winner,9,1,1,0,0,2,2603784,0
balanced_compute,2,after,1,fixed_winner,10,1,1,0,0,2,2574475,0
balanced_compute,2,after,1,fixed_winner,11,1,1,0,0,2,2580656,0
balanced_compute,2,after,1,fixed_winner,12,1,1,0,0,2,2677151,0
balanced_compute,2,after,1,fixed_winner,13,1,1,0,0,2,2588796,0
balanced_compute,2,after,1,fixed_winner,14,1,1,0,0,2,2817718,0
balanced_compute,2,after,2,native,0,1,1,1,0,2,2682947,2894609
balanced_compute,2,after,2,native,1,1,1,1,0,2,2697273,2894750
balanced_compute,2,after,2,native,2,1,1,1,0,2,2671716,2894650
balanced_compute,2,after,2,native,3,1,1,1,0,2,2731797,2894739
balanced_compute,2,after,2,native,4,1,1,1,0,2,2852854,2894650
balanced_compute,2,after,2,native,5,1,1,1,0,2,2751303,2920498
balanced_compute,2,after,2,native,6,1,1,1,0,2,2782482,2894489
balanced_compute,2,after,2,native,7,1,1,1,0,2,2858874,2894319
balanced_compute,2,after,2,native,8,1,1,1,0,2,2787441,2894640
balanced_compute,2,after,2,native,9,1,1,1,0,2,2734483,2894589
balanced_compute,2,after,2,native,10,1,1,1,0,2,2732719,2894640
balanced_compute,2,after,2,native,11,1,1,1,0,2,2686854,2894740
balanced_compute,2,after,2,native,12,1,1,1,0,2,2705789,2894810
balanced_compute,2,after,2,native,13,1,1,1,0,2,2704457,2894389
balanced_compute,2,after,2,native,14,1,1,1,0,2,2691112,2894349
balanced_compute,2,after,2,fixed_winner,0,1,1,0,0,2,3043448,0
balanced_compute,2,after,2,fixed_winner,1,1,1,0,0,2,2807428,0
balanced_compute,2,after,2,fixed_winner,2,1,1,0,0,2,2639656,0
balanced_compute,2,after,2,fixed_winner,3,1,1,0,0,2,2597097,0
balanced_compute,2,after,2,fixed_winner,4,1,1,0,0,2,2650526,0
balanced_compute,2,after,2,fixed_winner,5,1,1,0,0,2,2623516,0
balanced_compute,2,after,2,fixed_winner,6,1,1,0,0,2,2606134,0
balanced_compute,2,after,2,fixed_winner,7,1,1,0,0,2,2608478,0
balanced_compute,2,after,2,fixed_winner,8,1,1,0,0,2,2655045,0
balanced_compute,2,after,2,fixed_winner,9,1,1,0,0,2,2616984,0
balanced_compute,2,after,2,fixed_winner,10,1,1,0,0,2,2581638,0
balanced_compute,2,after,2,fixed_winner,11,1,1,0,0,2,2600062,0
balanced_compute,2,after,2,fixed_winner,12,1,1,0,0,2,2647821,0
balanced_compute,2,after,2,fixed_winner,13,1,1,0,0,2,2593710,0
balanced_compute,2,after,2,fixed_winner,14,1,1,0,0,2,2741335,0
balanced_compute,2,before,2,native,0,1,1,1,0,2,2735244,2726309
balanced_compute,2,before,2,native,1,1,1,1,0,2,2796097,2726009
balanced_compute,2,before,2,native,2,1,1,1,0,2,2778420,2725427
balanced_compute,2,before,2,native,3,1,1,1,0,2,2807864,2725417
balanced_compute,2,before,2,native,4,1,1,1,0,2,2856630,2725949
balanced_compute,2,before,2,native,5,1,1,1,0,2,2870150,2725378
balanced_compute,2,before,2,native,6,1,1,1,0,2,2666836,2725408
balanced_compute,2,before,2,native,7,1,1,1,0,2,2847187,2725889
balanced_compute,2,before,2,native,8,1,1,1,0,2,2890683,2725298
balanced_compute,2,before,2,native,9,1,1,1,0,2,2709295,2725778
balanced_compute,2,before,2,native,10,1,1,1,0,2,2662258,2725759
balanced_compute,2,before,2,native,11,1,1,1,0,2,2859495,2725588
balanced_compute,2,before,2,native,12,1,1,1,0,2,2741255,2725889
balanced_compute,2,before,2,native,13,1,1,1,0,2,2686593,2725939
balanced_compute,2,before,2,native,14,1,1,1,0,2,2763607,2725357
balanced_compute,2,before,2,fixed_winner,0,1,1,0,0,2,2727405,0
balanced_compute,2,before,2,fixed_winner,1,1,1,0,0,2,2598189,0
balanced_compute,2,before,2,fixed_winner,2,1,1,0,0,2,2802459,0
balanced_compute,2,before,2,fixed_winner,3,1,1,0,0,2,2645657,0
balanced_compute,2,before,2,fixed_winner,4,1,1,0,0,2,2620631,0
balanced_compute,2,before,2,fixed_winner,5,1,1,0,0,2,2696792,0
balanced_compute,2,before,2,fixed_winner,6,1,1,0,0,2,2611453,0
balanced_compute,2,before,2,fixed_winner,7,1,1,0,0,2,2604310,0
balanced_compute,2,before,2,fixed_winner,8,1,1,0,0,2,2590765,0
balanced_compute,2,before,2,fixed_winner,9,1,1,0,0,2,2656838,0
balanced_compute,2,before,2,fixed_winner,10,1,1,0,0,2,2587128,0
balanced_compute,2,before,2,fixed_winner,11,1,1,0,0,2,2601485,0
balanced_compute,2,before,2,fixed_winner,12,1,1,0,0,2,2787692,0
balanced_compute,2,before,2,fixed_winner,13,1,1,0,0,2,2777637,0
balanced_compute,2,before,2,fixed_winner,14,1,1,0,0,2,2730846,0
balanced_compute,2,before,3,native,0,1,1,1,1,2,2927933,2706091
balanced_compute,2,before,3,native,1,1,1,1,1,2,2952529,2706412
balanced_compute,2,before,3,native,2,1,1,1,1,2,2718723,2706883
balanced_compute,2,before,3,native,3,1,1,1,1,2,2680242,2706663
balanced_compute,2,before,3,native,4,1,1,1,1,2,2690871,2706623
balanced_compute,2,before,3,native,5,1,1,1,1,2,2721308,2706552
balanced_compute,2,before,3,native,6,1,1,1,1,2,2678709,2706352
balanced_compute,2,before,3,native,7,1,1,1,1,2,2682826,2706282
balanced_compute,2,before,3,native,8,1,1,1,1,2,2686173,2706433
balanced_compute,2,before,3,native,9,1,1,1,1,2,2695910,2706382
balanced_compute,2,before,3,native,10,1,1,1,1,2,2670403,2706492
balanced_compute,2,before,3,native,11,1,1,1,1,2,2691342,2706582
balanced_compute,2,before,3,native,12,1,1,1,1,2,2808881,2706372
balanced_compute,2,before,3,native,13,1,1,1,1,2,3067107,2706903
balanced_compute,2,before,3,native,14,1,1,1,1,2,2879197,2706984
balanced_compute,2,before,3,fixed_winner,0,1,1,0,0,2,2597157,0
balanced_compute,2,before,3,fixed_winner,1,1,1,0,0,2,2583852,0
balanced_compute,2,before,3,fixed_winner,2,1,1,0,0,2,2595013,0
balanced_compute,2,before,3,fixed_winner,3,1,1,0,0,2,2601615,0
balanced_compute,2,before,3,fixed_winner,4,1,1,0,0,2,2676575,0
balanced_compute,2,before,3,fixed_winner,5,1,1,0,0,2,2608778,0
balanced_compute,2,before,3,fixed_winner,6,1,1,0,0,2,2622694,0
balanced_compute,2,before,3,fixed_winner,7,1,1,0,0,2,2577510,0
balanced_compute,2,before,3,fixed_winner,8,1,1,0,0,2,2584944,0
balanced_compute,2,before,3,fixed_winner,9,1,1,0,0,2,2588901,0
balanced_compute,2,before,3,fixed_winner,10,1,1,0,0,2,2767263,0
balanced_compute,2,before,3,fixed_winner,11,1,1,0,0,2,2703885,0
balanced_compute,2,before,3,fixed_winner,12,1,1,0,0,2,2784946,0
balanced_compute,2,before,3,fixed_winner,13,1,1,0,0,2,2814196,0
balanced_compute,2,before,3,fixed_winner,14,1,1,0,0,2,2586793,0
balanced_compute,2,after,3,native,0,1,1,1,0,2,2671085,2698337
balanced_compute,2,after,3,native,1,1,1,1,0,2,2990630,2698157
balanced_compute,2,after,3,native,2,1,1,1,0,2,2697193,2698157
balanced_compute,2,after,3,native,3,1,1,1,0,2,2701871,2698287
balanced_compute,2,after,3,native,4,1,1,1,0,2,2710407,2698007
balanced_compute,2,after,3,native,5,1,1,1,0,2,2694398,2698297
balanced_compute,2,after,3,native,6,1,1,1,0,2,2690652,2698137
balanced_compute,2,after,3,native,7,1,1,1,0,2,2845600,2697866
balanced_compute,2,after,3,native,8,1,1,1,0,2,2704036,2698708
balanced_compute,2,after,3,native,9,1,1,1,0,2,2716699,2698137
balanced_compute,2,after,3,native,10,1,1,1,0,2,2697764,2698588
balanced_compute,2,after,3,native,11,1,1,1,0,2,2672947,2698708
balanced_compute,2,after,3,native,12,1,1,1,0,2,2721769,2697966
balanced_compute,2,after,3,native,13,1,1,1,0,2,2703464,2697697
balanced_compute,2,after,3,native,14,1,1,1,0,2,2699888,2698338
balanced_compute,2,after,3,fixed_winner,0,1,1,0,0,2,2570607,0
balanced_compute,2,after,3,fixed_winner,1,1,1,0,0,2,2621542,0
balanced_compute,2,after,3,fixed_winner,2,1,1,0,0,2,2600593,0
balanced_compute,2,after,3,fixed_winner,3,1,1,0,0,2,2608758,0
balanced_compute,2,after,3,fixed_winner,4,1,1,0,0,2,2576939,0
balanced_compute,2,after,3,fixed_winner,5,1,1,0,0,2,2911933,0
balanced_compute,2,after,3,fixed_winner,6,1,1,0,0,2,2822947,0
balanced_compute,2,after,3,fixed_winner,7,1,1,0,0,2,2569104,0
balanced_compute,2,after,3,fixed_winner,8,1,1,0,0,2,2575526,0
balanced_compute,2,after,3,fixed_winner,9,1,1,0,0,2,2579694,0
balanced_compute,2,after,3,fixed_winner,10,1,1,0,0,2,3026416,0
balanced_compute,2,after,3,fixed_winner,11,1,1,0,0,2,2778986,0
balanced_compute,2,after,3,fixed_winner,12,1,1,0,0,2,2584633,0
balanced_compute,2,after,3,fixed_winner,13,1,1,0,0,2,2594471,0
balanced_compute,2,after,3,fixed_winner,14,1,1,0,0,2,2574525,0
balanced_compute,2,before,4,native,0,1,1,1,0,2,2729223,2730774
balanced_compute,2,before,4,native,1,1,1,1,0,2,2741596,2730803
balanced_compute,2,before,4,native,2,1,1,1,0,2,2733450,2730984
balanced_compute,2,before,4,native,3,1,1,1,0,2,2700029,2730683
balanced_compute,2,before,4,native,4,1,1,1,0,2,2680402,2730763
balanced_compute,2,before,4,native,5,1,1,1,0,2,2782612,2731153
balanced_compute,2,before,4,native,6,1,1,1,0,2,2792310,2731004
balanced_compute,2,before,4,native,7,1,1,1,0,2,2747296,2734219
balanced_compute,2,before,4,native,8,1,1,1,0,2,2712211,2732386
balanced_compute,2,before,4,native,9,1,1,1,0,2,2881546,2730703
balanced_compute,2,before,4,native,10,1,1,1,0,2,2855187,2730924
balanced_compute,2,before,4,native,11,1,1,1,0,2,2801778,2730493
balanced_compute,2,before,4,native,12,1,1,1,0,2,3243941,2730974
balanced_compute,2,before,4,native,13,1,1,1,0,2,2758927,2789771
balanced_compute,2,before,4,native,14,1,1,1,0,2,2730255,2730661
balanced_compute,2,before,4,fixed_winner,0,1,1,0,0,2,2853955,0
balanced_compute,2,before,4,fixed_winner,1,1,1,0,0,2,2843425,0
balanced_compute,2,before,4,fixed_winner,2,1,1,0,0,2,2576558,0
balanced_compute,2,before,4,fixed_winner,3,1,1,0,0,2,2568273,0
balanced_compute,2,before,4,fixed_winner,4,1,1,0,0,2,2663830,0
balanced_compute,2,before,4,fixed_winner,5,1,1,0,0,2,2593841,0
balanced_compute,2,before,4,fixed_winner,6,1,1,0,0,2,2579043,0
balanced_compute,2,before,4,fixed_winner,7,1,1,0,0,2,2587329,0
balanced_compute,2,before,4,fixed_winner,8,1,1,0,0,2,2608218,0
balanced_compute,2,before,4,fixed_winner,9,1,1,0,0,2,2600162,0
balanced_compute,2,before,4,fixed_winner,10,1,1,0,0,2,3256866,0
balanced_compute,2,before,4,fixed_winner,11,1,1,0,0,2,2779937,0
balanced_compute,2,before,4,fixed_winner,12,1,1,0,0,2,2752726,0
balanced_compute,2,before,4,fixed_winner,13,1,1,0,0,2,2750302,0
balanced_compute,2,before,4,fixed_winner,14,1,1,0,0,2,2809983,0
balanced_compute,2,after,4,native,0,1,1,1,0,2,2758677,2706695
balanced_compute,2,after,4,native,1,1,1,1,0,2,2844086,2705974
balanced_compute,2,after,4,native,2,1,1,1,0,2,2678969,2706054
balanced_compute,2,after,4,native,3,1,1,1,0,2,2811926,2706495
balanced_compute,2,after,4,native,4,1,1,1,0,2,2925699,2705824
balanced_compute,2,after,4,native,5,1,1,1,0,2,2928093,2706014
balanced_compute,2,after,4,native,6,1,1,1,0,2,2999246,2706205
balanced_compute,2,after,4,native,7,1,1,1,0,2,2666296,2706685
balanced_compute,2,after,4,native,8,1,1,1,0,2,2843636,2706485
balanced_compute,2,after,4,native,9,1,1,1,0,2,2745934,2706504
balanced_compute,2,after,4,native,10,1,1,1,0,2,2839558,2705904
balanced_compute,2,after,4,native,11,1,1,1,0,2,2834168,2705794
balanced_compute,2,after,4,native,12,1,1,1,0,2,3170284,2705724
balanced_compute,2,after,4,native,13,1,1,1,0,2,2825963,2706375
balanced_compute,2,after,4,native,14,1,1,1,0,2,2820783,2705974
balanced_compute,2,after,4,fixed_winner,0,1,1,0,0,2,2589803,0
balanced_compute,2,after,4,fixed_winner,1,1,1,0,0,2,2781851,0
balanced_compute,2,after,4,fixed_winner,2,1,1,0,0,2,2568804,0
balanced_compute,2,after,4,fixed_winner,3,1,1,0,0,2,2589843,0
balanced_compute,2,after,4,fixed_winner,4,1,1,0,0,2,2609249,0
balanced_compute,2,after,4,fixed_winner,5,1,1,0,0,2,2703435,0
balanced_compute,2,after,4,fixed_winner,6,1,1,0,0,2,2585966,0
balanced_compute,2,after,4,fixed_winner,7,1,1,0,0,2,2657169,0
balanced_compute,2,after,4,fixed_winner,8,1,1,0,0,2,2566059,0
balanced_compute,2,after,4,fixed_winner,9,1,1,0,0,2,2582059,0
balanced_compute,2,after,4,fixed_winner,10,1,1,0,0,2,2723322,0
balanced_compute,2,after,4,fixed_winner,11,1,1,0,0,2,2571338,0
balanced_compute,2,after,4,fixed_winner,12,1,1,0,0,2,2851186,0
balanced_compute,2,after,4,fixed_winner,13,1,1,0,0,2,2850683,0
balanced_compute,2,after,4,fixed_winner,14,1,1,0,0,2,2794624,0
balanced_compute,4,before,0,native,0,2,1,1,1,2,2622003,2605187
balanced_compute,4,before,0,native,1,2,1,1,1,2,3206231,2604957
balanced_compute,4,before,0,native,2,2,1,1,1,2,2711239,2605358
balanced_compute,4,before,0,native,3,2,1,1,1,2,3414178,2604967
balanced_compute,4,before,0,native,4,2,1,1,1,2,2654604,2605298
balanced_compute,4,before,0,native,5,2,1,1,1,2,2699868,2633348
balanced_compute,4,before,0,native,6,2,1,1,1,2,2572461,2604845
balanced_compute,4,before,0,native,7,2,1,1,1,2,3441880,2604874
balanced_compute,4,before,0,native,8,2,1,1,1,2,2695299,2605396
balanced_compute,4,before,0,native,9,2,1,1,1,2,2589683,2604864
balanced_compute,4,before,0,native,10,2,1,1,1,2,2796858,2604735
balanced_compute,4,before,0,native,11,2,1,1,1,2,2838877,2605466
balanced_compute,4,before,0,native,12,2,1,1,1,2,3183668,2604694
balanced_compute,4,before,0,native,13,2,1,1,1,2,2626572,2605075
balanced_compute,4,before,0,native,14,2,1,1,1,2,2615602,2604834
balanced_compute,4,before,0,fixed_winner,0,3,3,1,1,1,2005425,0
balanced_compute,4,before,0,fixed_winner,1,3,3,1,1,1,1889679,0
balanced_compute,4,before,0,fixed_winner,2,3,3,1,1,1,1888738,0
balanced_compute,4,before,0,fixed_winner,3,3,3,1,1,1,1967765,0
balanced_compute,4,before,0,fixed_winner,4,3,3,1,1,1,1996448,0
balanced_compute,4,before,0,fixed_winner,5,3,3,1,1,1,2133954,0
balanced_compute,4,before,0,fixed_winner,6,3,3,1,1,1,2087658,0
balanced_compute,4,before,0,fixed_winner,7,3,3,1,1,1,2105241,0
balanced_compute,4,before,0,fixed_winner,8,3,3,1,1,1,2142800,0
balanced_compute,4,before,0,fixed_winner,9,3,3,1,1,1,1886714,0
balanced_compute,4,before,0,fixed_winner,10,3,3,1,1,1,2202021,0
balanced_compute,4,before,0,fixed_winner,11,3,3,1,1,1,2071708,0
balanced_compute,4,before,0,fixed_winner,12,3,3,1,1,1,1873839,0
balanced_compute,4,before,0,fixed_winner,13,3,3,1,1,1,1928130,0
balanced_compute,4,before,0,fixed_winner,14,3,3,1,1,1,1940975,0
balanced_compute,4,after,0,native,0,3,3,1,0,1,1905278,1820349
balanced_compute,4,after,0,native,1,3,3,1,0,1,2123405,1820389
balanced_compute,4,after,0,native,2,3,3,1,0,1,1975649,1820230
balanced_compute,4,after,0,native,3,3,3,1,0,1,2236424,1819909
balanced_compute,4,after,0,native,4,3,3,1,0,1,2160945,1820700
balanced_compute,4,after,0,native,5,3,3,1,0,1,2001558,1828313
balanced_compute,4,after,0,native,6,3,3,1,0,1,1935985,1819266
balanced_compute,4,after,0,native,7,3,3,1,0,1,1955923,1818696
balanced_compute,4,after,0,native,8,3,3,1,0,1,1956173,1818595
balanced_compute,4,after,0,native,9,3,3,1,0,1,2160363,1818555
balanced_compute,4,after,0,native,10,3,3,1,0,1,2029740,1818906
balanced_compute,4,after,0,native,11,3,3,1,0,1,1856768,1818876
balanced_compute,4,after,0,native,12,3,3,1,0,1,2304672,1818465
balanced_compute,4,after,0,native,13,3,3,1,0,1,2152107,1818715
balanced_compute,4,after,0,native,14,3,3,1,0,1,1886654,1818786
balanced_compute,4,after,0,fixed_winner,0,3,3,1,1,1,2040400,0
balanced_compute,4,after,0,fixed_winner,1,3,3,1,1,1,1925145,0
balanced_compute,4,after,0,fixed_winner,2,3,3,1,1,1,2018068,0
balanced_compute,4,after,0,fixed_winner,3,3,3,1,1,1,1850396,0
balanced_compute,4,after,0,fixed_winner,4,3,3,1,1,1,1854674,0
balanced_compute,4,after,0,fixed_winner,5,3,3,1,1,1,1817715,0
balanced_compute,4,after,0,fixed_winner,6,3,3,1,1,1,1834316,0
balanced_compute,4,after,0,fixed_winner,7,3,3,1,1,1,1837071,0
balanced_compute,4,after,0,fixed_winner,8,3,3,1,1,1,1846329,0
balanced_compute,4,after,0,fixed_winner,9,3,3,1,1,1,2216908,0
balanced_compute,4,after,0,fixed_winner,10,3,3,1,1,1,1859894,0
balanced_compute,4,after,0,fixed_winner,11,3,3,1,1,1,1979035,0
balanced_compute,4,after,0,fixed_winner,12,3,3,1,1,1,2137931,0
balanced_compute,4,after,0,fixed_winner,13,3,3,1,1,1,2253396,0
balanced_compute,4,after,0,fixed_winner,14,3,3,1,1,1,1978745,0
balanced_compute,4,before,1,native,0,2,1,1,1,2,2588821,2606699
balanced_compute,4,before,1,native,1,2,1,1,1,2,2624438,2607359
balanced_compute,4,before,1,native,2,2,1,1,1,2,2909619,2606748
balanced_compute,4,before,1,native,3,2,1,1,1,2,2632492,2607310
balanced_compute,4,before,1,native,4,2,1,1,1,2,2798512,2607099
balanced_compute,4,before,1,native,5,2,1,1,1,2,2645858,2631987
balanced_compute,4,before,1,native,6,2,1,1,1,2,2597898,2607081
balanced_compute,4,before,1,native,7,2,1,1,1,2,2684679,2606790
balanced_compute,4,before,1,native,8,2,1,1,1,2,3034271,2607311
balanced_compute,4,before,1,native,9,2,1,1,1,2,2646849,2608022
balanced_compute,4,before,1,native,10,2,1,1,1,2,2840910,2607190
balanced_compute,4,before,1,native,11,2,1,1,1,2,2801637,2606719
balanced_compute,4,before,1,native,12,2,1,1,1,2,2892968,2606970
balanced_compute,4,before,1,native,13,2,1,1,1,2,2596546,2606709
balanced_compute,4,before,1,native,14,2,1,1,1,2,2637372,2606850
balanced_compute,4,before,1,fixed_winner,0,3,3,1,1,1,1972523,0
balanced_compute,4,before,1,fixed_winner,1,3,3,1,1,1,2115720,0
balanced_compute,4,before,1,fixed_winner,2,3,3,1,1,1,2226005,0
balanced_compute,4,before,1,fixed_winner,3,3,3,1,1,1,1846910,0
balanced_compute,4,before,1,fixed_winner,4,3,3,1,1,1,1822303,0
balanced_compute,4,before,1,fixed_winner,5,3,3,1,1,1,1866636,0
balanced_compute,4,before,1,fixed_winner,6,3,3,1,1,1,1982482,0
balanced_compute,4,before,1,fixed_winner,7,3,3,1,1,1,2068582,0
balanced_compute,4,before,1,fixed_winner,8,3,3,1,1,1,1842121,0
balanced_compute,4,before,1,fixed_winner,9,3,3,1,1,1,1915808,0
balanced_compute,4,before,1,fixed_winner,10,3,3,1,1,1,2273484,0
balanced_compute,4,before,1,fixed_winner,11,3,3,1,1,1,2266321,0
balanced_compute,4,before,1,fixed_winner,12,3,3,1,1,1,2141498,0
balanced_compute,4,before,1,fixed_winner,13,3,3,1,1,1,1857198,0
balanced_compute,4,before,1,fixed_winner,14,3,3,1,1,1,2038977,0
balanced_compute,4,after,1,native,0,3,3,1,0,1,2046771,1797122
balanced_compute,4,after,1,native,1,3,3,1,0,1,2060317,1797293
balanced_compute,4,after,1,native,2,3,3,1,0,1,1846684,1797373
balanced_compute,4,after,1,native,3,3,3,1,0,1,1826963,1797002
balanced_compute,4,after,1,native,4,3,3,1,0,1,1845577,1797102
balanced_compute,4,after,1,native,5,3,3,1,0,1,2007088,1802753
balanced_compute,4,after,1,native,6,3,3,1,0,1,1989475,1795881
balanced_compute,4,after,1,native,7,3,3,1,0,1,1848918,1795670
balanced_compute,4,after,1,native,8,3,3,1,0,1,1985162,1795499
balanced_compute,4,after,1,native,9,3,3,1,0,1,1963922,1795449
balanced_compute,4,after,1,native,10,3,3,1,0,1,2174610,1795369
balanced_compute,4,after,1,native,11,3,3,1,0,1,2241364,1795479
balanced_compute,4,after,1,native,12,3,3,1,0,1,2263260,1795871
balanced_compute,4,after,1,native,13,3,3,1,0,1,1853412,1795770
balanced_compute,4,after,1,native,14,3,3,1,0,1,2172711,1795550
balanced_compute,4,after,1,fixed_winner,0,3,3,1,1,1,1945152,0
balanced_compute,4,after,1,fixed_winner,1,3,3,1,1,1,1950498,0
balanced_compute,4,after,1,fixed_winner,2,3,3,1,1,1,2041106,0
balanced_compute,4,after,1,fixed_winner,3,3,3,1,1,1,2077674,0
balanced_compute,4,after,1,fixed_winner,4,3,3,1,1,1,1843263,0
balanced_compute,4,after,1,fixed_winner,5,3,3,1,1,1,2070816,0
balanced_compute,4,after,1,fixed_winner,6,3,3,1,1,1,1865394,0
balanced_compute,4,after,1,fixed_winner,7,3,3,1,1,1,1837291,0
balanced_compute,4,after,1,fixed_winner,8,3,3,1,1,1,2475851,0
balanced_compute,4,after,1,fixed_winner,9,3,3,1,1,1,1880743,0
balanced_compute,4,after,1,fixed_winner,10,3,3,1,1,1,2025993,0
balanced_compute,4,after,1,fixed_winner,11,3,3,1,1,1,2048870,0
balanced_compute,4,after,1,fixed_winner,12,3,3,1,1,1,1859448,0
balanced_compute,4,after,1,fixed_winner,13,3,3,1,1,1,2005945,0
balanced_compute,4,after,1,fixed_winner,14,3,3,1,1,1,1854499,0
balanced_compute,4,before,2,native,0,2,1,1,1,2,2619478,2594174
balanced_compute,4,before,2,native,1,2,1,1,1,2,2906244,2594294
balanced_compute,4,before,2,native,2,2,1,1,1,2,2622252,2594484
balanced_compute,4,before,2,native,3,2,1,1,1,2,2623326,2595396
balanced_compute,4,before,2,native,4,2,1,1,1,2,2666031,2594725
balanced_compute,4,before,2,native,5,2,1,1,1,2,2764308,2622826
balanced_compute,4,before,2,native,6,2,1,1,1,2,2661269,2595566
balanced_compute,4,before,2,native,7,2,1,1,1,2,2798481,2595125
balanced_compute,4,before,2,native,8,2,1,1,1,2,2907822,2595576
balanced_compute,4,before,2,native,9,2,1,1,1,2,2646092,2594985
balanced_compute,4,before,2,native,10,2,1,1,1,2,2614208,2594675
balanced_compute,4,before,2,native,11,2,1,1,1,2,2671215,2594615
balanced_compute,4,before,2,native,12,2,1,1,1,2,3031395,2594835
balanced_compute,4,before,2,native,13,2,1,1,1,2,2692073,2608106
balanced_compute,4,before,2,native,14,2,1,1,1,2,2654363,2595202
balanced_compute,4,before,2,fixed_winner,0,3,3,1,1,1,2097215,0
balanced_compute,4,before,2,fixed_winner,1,3,3,1,1,1,1866516,0
balanced_compute,4,before,2,fixed_winner,2,3,3,1,1,1,1900239,0
balanced_compute,4,before,2,fixed_winner,3,3,3,1,1,1,2101433,0
balanced_compute,4,before,2,fixed_winner,4,3,3,1,1,1,1895390,0
balanced_compute,4,before,2,fixed_winner,5,3,3,1,1,1,2432961,0
balanced_compute,4,before,2,fixed_winner,6,3,3,1,1,1,1938811,0
balanced_compute,4,before,2,fixed_winner,7,3,3,1,1,1,2543015,0
balanced_compute,4,before,2,fixed_winner,8,3,3,1,1,1,1970781,0
balanced_compute,4,before,2,fixed_winner,9,3,3,1,1,1,1888137,0
balanced_compute,4,before,2,fixed_winner,10,3,3,1,1,1,1905108,0
balanced_compute,4,before,2,fixed_winner,11,3,3,1,1,1,1893456,0
balanced_compute,4,before,2,fixed_winner,12,3,3,1,1,1,2228340,0
balanced_compute,4,before,2,fixed_winner,13,3,3,1,1,1,2068392,0
balanced_compute,4,before,2,fixed_winner,14,3,3,1,1,1,1976972,0
balanced_compute,4,after,2,native,0,3,3,1,0,1,1834837,1793865
balanced_compute,4,after,2,native,1,3,3,1,0,1,1943129,1793513
balanced_compute,4,after,2,native,2,3,3,1,0,1,1844395,1793433
balanced_compute,4,after,2,native,3,3,3,1,0,1,1942538,1793383
balanced_compute,4,after,2,native,4,3,3,1,0,1,2151967,1793293
balanced_compute,4,after,2,native,5,3,3,1,0,1,2324329,1818727
balanced_compute,4,after,2,native,6,3,3,1,0,1,1904688,1790234
balanced_compute,4,after,2,native,7,3,3,1,0,1,1936606,1789973
balanced_compute,4,after,2,native,8,3,3,1,0,1,1941215,1789643
balanced_compute,4,after,2,native,9,3,3,1,0,1,1939482,1789893
balanced_compute,4,after,2,native,10,3,3,1,0,1,2219042,1789532
balanced_compute,4,after,2,native,11,3,3,1,0,1,2042073,1789813
balanced_compute,4,after,2,native,12,3,3,1,0,1,2513230,1789542
balanced_compute,4,after,2,native,13,3,3,1,0,1,2240483,1790073
balanced_compute,4,after,2,native,14,3,3,1,0,1,1847992,1790113
balanced_compute,4,after,2,fixed_winner,0,3,3,1,1,1,2166244,0
balanced_compute,4,after,2,fixed_winner,1,3,3,1,1,1,1918734,0
balanced_compute,4,after,2,fixed_winner,2,3,3,1,1,1,1867318,0
balanced_compute,4,after,2,fixed_winner,3,3,3,1,1,1,1843833,0
balanced_compute,4,after,2,fixed_winner,4,3,3,1,1,1,1939793,0
balanced_compute,4,after,2,fixed_winner,5,3,3,1,1,1,1924073,0
balanced_compute,4,after,2,fixed_winner,6,3,3,1,1,1,1861457,0
balanced_compute,4,after,2,fixed_winner,7,3,3,1,1,1,1950402,0
balanced_compute,4,after,2,fixed_winner,8,3,3,1,1,1,2198875,0
balanced_compute,4,after,2,fixed_winner,9,3,3,1,1,1,2225565,0
balanced_compute,4,after,2,fixed_winner,10,3,3,1,1,1,1985838,0
balanced_compute,4,after,2,fixed_winner,11,3,3,1,1,1,1973556,0
balanced_compute,4,after,2,fixed_winner,12,3,3,1,1,1,1844334,0
balanced_compute,4,after,2,fixed_winner,13,3,3,1,1,1,2035812,0
balanced_compute,4,after,2,fixed_winner,14,3,3,1,1,1,2085583,0
balanced_compute,4,before,3,native,0,2,1,1,1,2,2603970,2590019
balanced_compute,4,before,3,native,1,2,1,1,1,2,2807418,2590150
balanced_compute,4,before,3,native,2,2,1,1,1,2,2904600,2589838
balanced_compute,4,before,3,native,3,2,1,1,1,2,3264039,2590210
balanced_compute,4,before,3,native,4,2,1,1,1,2,2945485,2590530
balanced_compute,4,before,3,native,5,2,1,1,1,2,2843816,2613916
balanced_compute,4,before,3,native,6,2,1,1,1,2,2646328,2590211
balanced_compute,4,before,3,native,7,2,1,1,1,2,2712792,2590532
balanced_compute,4,before,3,native,8,2,1,1,1,2,2862721,2590572
balanced_compute,4,before,3,native,9,2,1,1,1,2,2630048,2589910
balanced_compute,4,before,3,native,10,2,1,1,1,2,2677416,2590131
balanced_compute,4,before,3,native,11,2,1,1,1,2,2653792,2590172
balanced_compute,4,before,3,native,12,2,1,1,1,2,2920639,2590101
balanced_compute,4,before,3,native,13,2,1,1,1,2,2626852,2590262
balanced_compute,4,before,3,native,14,2,1,1,1,2,2817707,2590041
balanced_compute,4,before,3,fixed_winner,0,3,3,1,1,1,1954289,0
balanced_compute,4,before,3,fixed_winner,1,3,3,1,1,1,1833906,0
balanced_compute,4,before,3,fixed_winner,2,3,3,1,1,1,1859072,0
balanced_compute,4,before,3,fixed_winner,3,3,3,1,1,1,1848983,0
balanced_compute,4,before,3,fixed_winner,4,3,3,1,1,1,1967484,0
balanced_compute,4,before,3,fixed_winner,5,3,3,1,1,1,1829607,0
balanced_compute,4,before,3,fixed_winner,6,3,3,1,1,1,1874090,0
balanced_compute,4,before,3,fixed_winner,7,3,3,1,1,1,1845627,0
balanced_compute,4,before,3,fixed_winner,8,3,3,1,1,1,2322165,0
balanced_compute,4,before,3,fixed_winner,9,3,3,1,1,1,2028107,0
balanced_compute,4,before,3,fixed_winner,10,3,3,1,1,1,2035751,0
balanced_compute,4,before,3,fixed_winner,11,3,3,1,1,1,1858631,0
balanced_compute,4,before,3,fixed_winner,12,3,3,1,1,1,1978374,0
balanced_compute,4,before,3,fixed_winner,13,3,3,1,1,1,1965541,0
balanced_compute,4,before,3,fixed_winner,14,3,3,1,1,1,1936597,0
balanced_compute,4,after,3,native,0,3,3,1,0,1,1856568,1788364
balanced_compute,4,after,3,native,1,3,3,1,0,1,1934763,1788094
balanced_compute,4,after,3,native,2,3,3,1,0,1,2074143,1788264
balanced_compute,4,after,3,native,3,3,3,1,0,1,2180171,1788645
balanced_compute,4,after,3,native,4,3,3,1,0,1,2160103,1788495
balanced_compute,4,after,3,native,5,3,3,1,0,1,1888868,1815006
balanced_compute,4,after,3,native,6,3,3,1,0,1,1987362,1785501
balanced_compute,4,after,3,native,7,3,3,1,0,1,1868380,1785260
balanced_compute,4,after,3,native,8,3,3,1,0,1,2208112,1785380
balanced_compute,4,after,3,native,9,3,3,1,0,1,2221297,1785441
balanced_compute,4,after,3,native,10,3,3,1,0,1,1845867,1785451
balanced_compute,4,after,3,native,11,3,3,1,0,1,1842712,1785631
balanced_compute,4,after,3,native,12,3,3,1,0,1,1842892,1785181
balanced_compute,4,after,3,native,13,3,3,1,0,1,2014151,1785511
balanced_compute,4,after,3,native,14,3,3,1,0,1,1993001,1785271
balanced_compute,4,after,3,fixed_winner,0,3,3,1,1,1,2054516,0
balanced_compute,4,after,3,fixed_winner,1,3,3,1,1,1,1997199,0
balanced_compute,4,after,3,fixed_winner,2,3,3,1,1,1,1874491,0
balanced_compute,4,after,3,fixed_winner,3,3,3,1,1,1,1991900,0
balanced_compute,4,after,3,fixed_winner,4,3,3,1,1,1,1844095,0
balanced_compute,4,after,3,fixed_winner,5,3,3,1,1,1,1970800,0
balanced_compute,4,after,3,fixed_winner,6,3,3,1,1,1,1957715,0
balanced_compute,4,after,3,fixed_winner,7,3,3,1,1,1,2111803,0
balanced_compute,4,after,3,fixed_winner,8,3,3,1,1,1,2234121,0
balanced_compute,4,after,3,fixed_winner,9,3,3,1,1,1,2195254,0
balanced_compute,4,after,3,fixed_winner,10,3,3,1,1,1,1975514,0
balanced_compute,4,after,3,fixed_winner,11,3,3,1,1,1,2224333,0
balanced_compute,4,after,3,fixed_winner,12,3,3,1,1,1,2030923,0
balanced_compute,4,after,3,fixed_winner,13,3,3,1,1,1,2027606,0
balanced_compute,4,after,3,fixed_winner,14,3,3,1,1,1,1988323,0
balanced_compute,4,after,4,native,0,3,3,1,0,1,2116181,1783569
balanced_compute,4,after,4,native,1,3,3,1,0,1,1873719,1783779
balanced_compute,4,after,4,native,2,3,3,1,0,1,1842641,1783458
balanced_compute,4,after,4,native,3,3,3,1,0,1,1979577,1783608
balanced_compute,4,after,4,native,4,3,3,1,0,1,2221286,1783839
balanced_compute,4,after,4,native,5,3,3,1,0,1,2078311,1807395
balanced_compute,4,after,4,native,6,3,3,1,0,1,1994865,1780254
balanced_compute,4,after,4,native,7,3,3,1,0,1,2173998,1780375
balanced_compute,4,after,4,native,8,3,3,1,0,1,1997480,1780335
balanced_compute,4,after,4,native,9,3,3,1,0,1,1905739,1781166
balanced_compute,4,after,4,native,10,3,3,1,0,1,2186752,1781056
balanced_compute,4,after,4,native,11,3,3,1,0,1,2066929,1780615
balanced_compute,4,after,4,native,12,3,3,1,0,1,2042584,1780244
balanced_compute,4,after,4,native,13,3,3,1,0,1,1855565,1780224
balanced_compute,4,after,4,native,14,3,3,1,0,1,1866456,1780444
balanced_compute,4,after,4,fixed_winner,0,3,3,1,1,1,2035882,0
balanced_compute,4,after,4,fixed_winner,1,3,3,1,1,1,2275758,0
balanced_compute,4,after,4,fixed_winner,2,3,3,1,1,1,2021405,0
balanced_compute,4,after,4,fixed_winner,3,3,3,1,1,1,2235893,0
balanced_compute,4,after,4,fixed_winner,4,3,3,1,1,1,2059966,0
balanced_compute,4,after,4,fixed_winner,5,3,3,1,1,1,2005796,0
balanced_compute,4,after,4,fixed_winner,6,3,3,1,1,1,1878518,0
balanced_compute,4,after,4,fixed_winner,7,3,3,1,1,1,2055709,0
balanced_compute,4,after,4,fixed_winner,8,3,3,1,1,1,1865233,0
balanced_compute,4,after,4,fixed_winner,9,3,3,1,1,1,1853512,0
balanced_compute,4,after,4,fixed_winner,10,3,3,1,1,1,1958748,0
balanced_compute,4,after,4,fixed_winner,11,3,3,1,1,1,2004183,0
balanced_compute,4,after,4,fixed_winner,12,3,3,1,1,1,1833394,0
balanced_compute,4,after,4,fixed_winner,13,3,3,1,1,1,2024680,0
balanced_compute,4,after,4,fixed_winner,14,3,3,1,1,1,2074214,0
balanced_compute,4,before,4,native,0,2,1,1,1,2,2672197,2642599
balanced_compute,4,before,4,native,1,2,1,1,1,2,2653732,2642409
balanced_compute,4,before,4,native,2,2,1,1,1,2,2589072,2641357
balanced_compute,4,before,4,native,3,2,1,1,1,2,2583331,2641037
balanced_compute,4,before,4,native,4,2,1,1,1,2,2674130,2641999
balanced_compute,4,before,4,native,5,2,1,1,1,2,2641148,2667091
balanced_compute,4,before,4,native,6,2,1,1,1,2,2838657,2641203
balanced_compute,4,before,4,native,7,2,1,1,1,2,2624748,2640962
balanced_compute,4,before,4,native,8,2,1,1,1,2,2614128,2640972
balanced_compute,4,before,4,native,9,2,1,1,1,2,2771451,2640862
balanced_compute,4,before,4,native,10,2,1,1,1,2,2648042,2641112
balanced_compute,4,before,4,native,11,2,1,1,1,2,2820323,2641132
balanced_compute,4,before,4,native,12,2,1,1,1,2,2854926,2641935
balanced_compute,4,before,4,native,13,2,1,1,1,2,2844308,2641944
balanced_compute,4,before,4,native,14,2,1,1,1,2,2858604,2641994
balanced_compute,4,before,4,fixed_winner,0,3,3,1,1,1,1854684,0
balanced_compute,4,before,4,fixed_winner,1,3,3,1,1,1,1943409,0
balanced_compute,4,before,4,fixed_winner,2,3,3,1,1,1,1968376,0
balanced_compute,4,before,4,fixed_winner,3,3,3,1,1,1,1958136,0
balanced_compute,4,before,4,fixed_winner,4,3,3,1,1,1,2211709,0
balanced_compute,4,before,4,fixed_winner,5,3,3,1,1,1,2003731,0
balanced_compute,4,before,4,fixed_winner,6,3,3,1,1,1,2139554,0
balanced_compute,4,before,4,fixed_winner,7,3,3,1,1,1,1925576,0
balanced_compute,4,before,4,fixed_winner,8,3,3,1,1,1,1950212,0
balanced_compute,4,before,4,fixed_winner,9,3,3,1,1,1,2279495,0
balanced_compute,4,before,4,fixed_winner,10,3,3,1,1,1,2110751,0
balanced_compute,4,before,4,fixed_winner,11,3,3,1,1,1,1888116,0
balanced_compute,4,before,4,fixed_winner,12,3,3,1,1,1,2014371,0
balanced_compute,4,before,4,fixed_winner,13,3,3,1,1,1,2012338,0
balanced_compute,4,before,4,fixed_winner,14,3,3,1,1,1,1860224,0
balanced_compute,6,after,0,native,0,5,5,1,0,1,1209042,1209581
balanced_compute,6,after,0,native,1,5,5,1,0,1,1199133,1209582
balanced_compute,6,after,0,native,2,5,5,1,0,1,1231984,1209380
balanced_compute,6,after,0,native,3,5,5,1,0,1,1255959,1209651
balanced_compute,6,after,0,native,4,5,5,1,0,1,1244488,1209612
balanced_compute,6,after,0,native,5,5,5,1,0,1,1437878,1225520
balanced_compute,6,after,0,native,6,5,5,1,0,1,1249527,1206474
balanced_compute,6,after,0,native,7,5,5,1,0,1,1245970,1206194
balanced_compute,6,after,0,native,8,5,5,1,0,1,1219320,1206263
balanced_compute,6,after,0,native,9,5,5,1,0,1,1374360,1206053
balanced_compute,6,after,0,native,10,5,5,1,0,1,1228508,1206173
balanced_compute,6,after,0,native,11,5,5,1,0,1,1231534,1206073
balanced_compute,6,after,0,native,12,5,5,1,0,1,1258504,1206344
balanced_compute,6,after,0,native,13,5,5,1,0,1,1253244,1205993
balanced_compute,6,after,0,native,14,5,5,1,0,1,1214983,1206183
balanced_compute,6,after,0,fixed_winner,0,5,5,1,1,1,1237344,0
balanced_compute,6,after,0,fixed_winner,1,5,5,1,1,1,1221876,0
balanced_compute,6,after,0,fixed_winner,2,5,5,1,1,1,1504992,0
balanced_compute,6,after,0,fixed_winner,3,5,5,1,1,1,1220654,0
balanced_compute,6,after,0,fixed_winner,4,5,5,1,1,1,1236783,0
balanced_compute,6,after,0,fixed_winner,5,5,5,1,1,1,1233267,0
balanced_compute,6,after,0,fixed_winner,6,5,5,1,1,1,1232866,0
balanced_compute,6,after,0,fixed_winner,7,5,5,1,1,1,1211957,0
balanced_compute,6,after,0,fixed_winner,8,5,5,1,1,1,1361216,0
balanced_compute,6,after,0,fixed_winner,9,5,5,1,1,1,1518718,0
balanced_compute,6,after,0,fixed_winner,10,5,5,1,1,1,1215734,0
balanced_compute,6,after,0,fixed_winner,11,5,5,1,1,1,1211446,0
balanced_compute,6,after,0,fixed_winner,12,5,5,1,1,1,1242654,0
balanced_compute,6,after,0,fixed_winner,13,5,5,1,1,1,1346638,0
balanced_compute,6,after,0,fixed_winner,14,5,5,1,1,1,1219992,0
balanced_compute,6,before,0,native,0,2,1,1,1,2,2590374,2602539
balanced_compute,6,before,0,native,1,2,1,1,1,2,2814456,2602600
balanced_compute,6,before,0,native,2,2,1,1,1,2,3080321,2602630
balanced_compute,6,before,0,native,3,2,1,1,1,2,2619068,2602710
balanced_compute,6,before,0,native,4,2,1,1,1,2,2831704,2602640
balanced_compute,6,before,0,native,5,2,1,1,1,2,2853158,2623549
balanced_compute,6,before,0,native,6,2,1,1,1,2,2624723,2603101
balanced_compute,6,before,0,native,7,2,1,1,1,2,2843405,2603011
balanced_compute,6,before,0,native,8,2,1,1,1,2,2777453,2602801
balanced_compute,6,before,0,native,9,2,1,1,1,2,2698666,2604373
balanced_compute,6,before,0,native,10,2,1,1,1,2,2810244,2603522
balanced_compute,6,before,0,native,11,2,1,1,1,2,2676019,2604464
balanced_compute,6,before,0,native,12,2,1,1,1,2,2955058,2603682
balanced_compute,6,before,0,native,13,2,1,1,1,2,2740008,2613977
balanced_compute,6,before,0,native,14,2,1,1,1,2,2678644,2603617
balanced_compute,6,before,0,fixed_winner,0,5,5,1,1,1,1591554,0
balanced_compute,6,before,0,fixed_winner,1,5,5,1,1,1,1796085,0
balanced_compute,6,before,0,fixed_winner,2,5,5,1,1,1,1800102,0
balanced_compute,6,before,0,fixed_winner,3,5,5,1,1,1,1859283,0
balanced_compute,6,before,0,fixed_winner,4,5,5,1,1,1,1503891,0
balanced_compute,6,before,0,fixed_winner,5,5,5,1,1,1,1517316,0
balanced_compute,6,before,0,fixed_winner,6,5,5,1,1,1,1491328,0
balanced_compute,6,before,0,fixed_winner,7,5,5,1,1,1,1556388,0
balanced_compute,6,before,0,fixed_winner,8,5,5,1,1,1,1491678,0
balanced_compute,6,before,0,fixed_winner,9,5,5,1,1,1,1498075,0
balanced_compute,6,before,0,fixed_winner,10,5,5,1,1,1,1528722,0
balanced_compute,6,before,0,fixed_winner,11,5,5,1,1,1,1672353,0
balanced_compute,6,before,0,fixed_winner,12,5,5,1,1,1,1748117,0
balanced_compute,6,before,0,fixed_winner,13,5,5,1,1,1,1661454,0
balanced_compute,6,before,0,fixed_winner,14,5,5,1,1,1,1513785,0
balanced_compute,6,after,1,native,0,5,5,1,0,1,1564083,1295785
balanced_compute,6,after,1,native,1,5,5,1,0,1,1500625,1295585
balanced_compute,6,after,1,native,2,5,5,1,0,1,1525210,1295265
balanced_compute,6,after,1,native,3,5,5,1,0,1,1404535,1295094
balanced_compute,6,after,1,native,4,5,5,1,0,1,1422118,1295345
balanced_compute,6,after,1,native,5,5,5,1,0,1,1356506,1312193
balanced_compute,6,after,1,native,6,5,5,1,0,1,1652408,1289351
balanced_compute,6,after,1,native,7,5,5,1,0,1,1508239,1289431
balanced_compute,6,after,1,native,8,5,5,1,0,1,1238156,1289171
balanced_compute,6,after,1,native,9,5,5,1,0,1,1232826,1288990
balanced_compute,6,after,1,native,10,5,5,1,0,1,1219020,1288890
balanced_compute,6,after,1,native,11,5,5,1,0,1,1403083,1288850
balanced_compute,6,after,1,native,12,5,5,1,0,1,1216135,1289041
balanced_compute,6,after,1,native,13,5,5,1,0,1,1231834,1288760
balanced_compute,6,after,1,native,14,5,5,1,0,1,1256390,1289020
balanced_compute,6,after,1,fixed_winner,0,5,5,1,1,1,1235391,0
balanced_compute,6,after,1,fixed_winner,1,5,5,1,1,1,1221004,0
balanced_compute,6,after,1,fixed_winner,2,5,5,1,1,1,1234910,0
balanced_compute,6,after,1,fixed_winner,3,5,5,1,1,1,1247694,0
balanced_compute,6,after,1,fixed_winner,4,5,5,1,1,1,1242184,0
balanced_compute,6,after,1,fixed_winner,5,5,5,1,1,1,1219651,0
balanced_compute,6,after,1,fixed_winner,6,5,5,1,1,1,1248505,0
balanced_compute,6,after,1,fixed_winner,7,5,5,1,1,1,1212488,0
balanced_compute,6,after,1,fixed_winner,8,5,5,1,1,1,1246381,0
balanced_compute,6,after,1,fixed_winner,9,5,5,1,1,1,1576135,0
balanced_compute,6,after,1,fixed_winner,10,5,5,1,1,1,1454168,0
balanced_compute,6,after,1,fixed_winner,11,5,5,1,1,1,1252323,0
balanced_compute,6,after,1,fixed_winner,12,5,5,1,1,1,1210174,0
balanced_compute,6,after,1,fixed_winner,13,5,5,1,1,1,1503510,0
balanced_compute,6,after,1,fixed_winner,14,5,5,1,1,1,1392103,0
balanced_compute,6,before,1,native,0,2,1,1,1,2,2844477,2585629
balanced_compute,6,before,1,native,1,2,1,1,1,2,2676495,2585638
balanced_compute,6,before,1,native,2,2,1,1,1,2,2679100,2586079
balanced_compute,6,before,1,native,3,2,1,1,1,2,2696171,2586490
balanced_compute,6,before,1,native,4,2,1,1,1,2,2651808,2586150
balanced_compute,6,before,1,native,5,2,1,1,1,2,2629066,2607493
balanced_compute,6,before,1,native,6,2,1,1,1,2,2594702,2585471
balanced_compute,6,before,1,native,7,2,1,1,1,2,2608688,2585532
balanced_compute,6,before,1,native,8,2,1,1,1,2,2649244,2585852
balanced_compute,6,before,1,native,9,2,1,1,1,2,2818269,2585611
balanced_compute,6,before,1,native,10,2,1,1,1,2,2618126,2586353
balanced_compute,6,before,1,native,11,2,1,1,1,2,2891515,2586202
balanced_compute,6,before,1,native,12,2,1,1,1,2,2618286,2585621
balanced_compute,6,before,1,native,13,2,1,1,1,2,2603128,2585592
balanced_compute,6,before,1,native,14,2,1,1,1,2,2809422,2585541
balanced_compute,6,before,1,fixed_winner,0,5,5,1,1,1,1193132,0
balanced_compute,6,before,1,fixed_winner,1,5,5,1,1,1,1217076,0
balanced_compute,6,before,1,fixed_winner,2,5,5,1,1,1,1200666,0
balanced_compute,6,before,1,fixed_winner,3,5,5,1,1,1,1214903,0
balanced_compute,6,before,1,fixed_winner,4,5,5,1,1,1,1231664,0
balanced_compute,6,before,1,fixed_winner,5,5,5,1,1,1,1770176,0
balanced_compute,6,before,1,fixed_winner,6,5,5,1,1,1,1304570,0
balanced_compute,6,before,1,fixed_winner,7,5,5,1,1,1,1416608,0
balanced_compute,6,before,1,fixed_winner,8,5,5,1,1,1,1237394,0
balanced_compute,6,before,1,fixed_winner,9,5,5,1,1,1,1204823,0
balanced_compute,6,before,1,fixed_winner,10,5,5,1,1,1,1199654,0
balanced_compute,6,before,1,fixed_winner,11,5,5,1,1,1,1195286,0
balanced_compute,6,before,1,fixed_winner,12,5,5,1,1,1,1222807,0
balanced_compute,6,before,1,fixed_winner,13,5,5,1,1,1,1213430,0
balanced_compute,6,before,1,fixed_winner,14,5,5,1,1,1,1197740,0
balanced_compute,6,before,2,native,0,2,1,1,1,2,2624738,2577268
balanced_compute,6,before,2,native,1,2,1,1,1,2,2802359,2576747
balanced_compute,6,before,2,native,2,2,1,1,1,2,2629507,2576967
balanced_compute,6,before,2,native,3,2,1,1,1,2,2661566,2577348
balanced_compute,6,before,2,native,4,2,1,1,1,2,2826134,2577377
balanced_compute,6,before,2,native,5,2,1,1,1,2,2647160,2609178
balanced_compute,6,before,2,native,6,2,1,1,1,2,2688737,2576938
balanced_compute,6,before,2,native,7,2,1,1,1,2,2652360,2577228
balanced_compute,6,before,2,native,8,2,1,1,1,2,2598609,2576948
balanced_compute,6,before,2,native,9,2,1,1,1,2,2828538,2576598
balanced_compute,6,before,2,native,10,2,1,1,1,2,2830541,2577279
balanced_compute,6,before,2,native,11,2,1,1,1,2,2863853,2576718
balanced_compute,6,before,2,native,12,2,1,1,1,2,2845746,2576727
balanced_compute,6,before,2,native,13,2,1,1,1,2,2667421,2589000
balanced_compute,6,before,2,native,14,2,1,1,1,2,2853955,2577077
balanced_compute,6,before,2,fixed_winner,0,5,5,1,1,1,1340677,0
balanced_compute,6,before,2,fixed_winner,1,5,5,1,1,1,1208841,0
balanced_compute,6,before,2,fixed_winner,2,5,5,1,1,1,1243506,0
balanced_compute,6,before,2,fixed_winner,3,5,5,1,1,1,1213320,0
balanced_compute,6,before,2,fixed_winner,4,5,5,1,1,1,1203672,0
balanced_compute,6,before,2,fixed_winner,5,5,5,1,1,1,1246130,0
balanced_compute,6,before,2,fixed_winner,6,5,5,1,1,1,1211607,0
balanced_compute,6,before,2,fixed_winner,7,5,5,1,1,1,1207058,0
balanced_compute,6,before,2,fixed_winner,8,5,5,1,1,1,1238406,0
balanced_compute,6,before,2,fixed_winner,9,5,5,1,1,1,1204583,0
balanced_compute,6,before,2,fixed_winner,10,5,5,1,1,1,1216235,0
balanced_compute,6,before,2,fixed_winner,11,5,5,1,1,1,1224731,0
balanced_compute,6,before,2,fixed_winner,12,5,5,1,1,1,1357849,0
balanced_compute,6,before,2,fixed_winner,13,5,5,1,1,1,1220031,0
balanced_compute,6,before,2,fixed_winner,14,5,5,1,1,1,1233076,0
balanced_compute,6,after,2,native,0,5,5,1,1,1,1490055,1257021
balanced_compute,6,after,2,native,1,5,5,1,1,1,1244242,1257211
balanced_compute,6,after,2,native,2,5,5,1,1,1,1234900,1256720
balanced_compute,6,after,2,native,3,5,5,1,1,1,1217618,1256500
balanced_compute,6,after,2,native,4,5,5,1,1,1,1244873,1256340
balanced_compute,6,after,2,native,5,5,5,1,1,1,1260623,1278048
balanced_compute,6,after,2,native,6,5,5,1,1,1,1248465,1253031
balanced_compute,6,after,2,native,7,5,5,1,1,1,1249332,1252831
balanced_compute,6,after,2,native,8,5,5,1,1,1,1218815,1252961
balanced_compute,6,after,2,native,9,5,5,1,1,1,1429177,1252901
balanced_compute,6,after,2,native,10,5,5,1,1,1,1289552,1253312
balanced_compute,6,after,2,native,11,5,5,1,1,1,1312415,1252861
balanced_compute,6,after,2,native,12,5,5,1,1,1,1594715,1252961
balanced_compute,6,after,2,native,13,5,5,1,1,1,1232941,1253282
balanced_compute,6,after,2,native,14,5,5,1,1,1,1232371,1253061
balanced_compute,6,after,2,fixed_winner,0,5,5,1,1,1,1565646,0
balanced_compute,6,after,2,fixed_winner,1,5,5,1,1,1,1281111,0
balanced_compute,6,after,2,fixed_winner,2,5,5,1,1,1,1218214,0
balanced_compute,6,after,2,fixed_winner,3,5,5,1,1,1,1359707,0
balanced_compute,6,after,2,fixed_winner,4,5,5,1,1,1,1242304,0
balanced_compute,6,after,2,fixed_winner,5,5,5,1,1,1,1213490,0
balanced_compute,6,after,2,fixed_winner,6,5,5,1,1,1,1227976,0
balanced_compute,6,after,2,fixed_winner,7,5,5,1,1,1,1221099,0
balanced_compute,6,after,2,fixed_winner,8,5,5,1,1,1,1232159,0
balanced_compute,6,after,2,fixed_winner,9,5,5,1,1,1,1226655,0
balanced_compute,6,after,2,fixed_winner,10,5,5,1,1,1,1225572,0
balanced_compute,6,after,2,fixed_winner,11,5,5,1,1,1,1227176,0
balanced_compute,6,after,2,fixed_winner,12,5,5,1,1,1,1930651,0
balanced_compute,6,after,2,fixed_winner,13,5,5,1,1,1,1486308,0
balanced_compute,6,after,2,fixed_winner,14,5,5,1,1,1,1520727,0
balanced_compute,6,after,3,native,0,5,5,1,0,1,1232596,1256400
balanced_compute,6,after,3,native,1,5,5,1,0,1,1242694,1256521
balanced_compute,6,after,3,native,2,5,5,1,0,1,1491687,1256641
balanced_compute,6,after,3,native,3,5,5,1,0,1,1217127,1256541
balanced_compute,6,after,3,native,4,5,5,1,0,1,1196748,1256450
balanced_compute,6,after,3,native,5,5,5,1,0,1,1236332,1274082
balanced_compute,6,after,3,native,6,5,5,1,0,1,1198112,1252962
balanced_compute,6,after,3,native,7,5,5,1,0,1,1256369,1252682
balanced_compute,6,after,3,native,8,5,5,1,0,1,1216105,1252772
balanced_compute,6,after,3,native,9,5,5,1,0,1,1521013,1252872
balanced_compute,6,after,3,native,10,5,5,1,0,1,1207409,1252873
balanced_compute,6,after,3,native,11,5,5,1,0,1,1245369,1252903
balanced_compute,6,after,3,native,12,5,5,1,0,1,1197380,1252752
balanced_compute,6,after,3,native,13,5,5,1,0,1,1192641,1252772
balanced_compute,6,after,3,native,14,5,5,1,0,1,1224370,1252732
balanced_compute,6,after,3,fixed_winner,0,5,5,1,1,1,1576556,0
balanced_compute,6,after,3,fixed_winner,1,5,5,1,1,1,1483213,0
balanced_compute,6,after,3,fixed_winner,2,5,5,1,1,1,1479245,0
balanced_compute,6,after,3,fixed_winner,3,5,5,1,1,1,1243235,0
balanced_compute,6,after,3,fixed_winner,4,5,5,1,1,1,1329877,0
balanced_compute,6,after,3,fixed_winner,5,5,5,1,1,1,1240790,0
balanced_compute,6,after,3,fixed_winner,6,5,5,1,1,1,1222737,0
balanced_compute,6,after,3,fixed_winner,7,5,5,1,1,1,1220613,0
balanced_compute,6,after,3,fixed_winner,8,5,5,1,1,1,1223399,0
balanced_compute,6,after,3,fixed_winner,9,5,5,1,1,1,1275705,0
balanced_compute,6,after,3,fixed_winner,10,5,5,1,1,1,1214692,0
balanced_compute,6,after,3,fixed_winner,11,5,5,1,1,1,1378768,0
balanced_compute,6,after,3,fixed_winner,12,5,5,1,1,1,1209462,0
balanced_compute,6,after,3,fixed_winner,13,5,5,1,1,1,1217377,0
balanced_compute,6,after,3,fixed_winner,14,5,5,1,1,1,1219160,0
balanced_compute,6,before,3,native,0,2,1,1,1,2,2601715,2630916
balanced_compute,6,before,3,native,1,2,1,1,1,2,2798151,2630576
balanced_compute,6,before,3,native,2,2,1,1,1,2,2675272,2630796
balanced_compute,6,before,3,native,3,2,1,1,1,2,2646619,2630956
balanced_compute,6,before,3,native,4,2,1,1,1,2,2760621,2630887
balanced_compute,6,before,3,native,5,2,1,1,1,2,3266640,2662626
balanced_compute,6,before,3,native,6,2,1,1,1,2,2636965,2631398
balanced_compute,6,before,3,native,7,2,1,1,1,2,2625029,2630957
balanced_compute,6,before,3,native,8,2,1,1,1,2,2857692,2630517
balanced_compute,6,before,3,native,9,2,1,1,1,2,3047175,2630847
balanced_compute,6,before,3,native,10,2,1,1,1,2,2631811,2630456
balanced_compute,6,before,3,native,11,2,1,1,1,2,2786209,2630406
balanced_compute,6,before,3,native,12,2,1,1,1,2,2663690,2630938
balanced_compute,6,before,3,native,13,2,1,1,1,2,2853424,2631238
balanced_compute,6,before,3,native,14,2,1,1,1,2,2591076,2630407
balanced_compute,6,before,3,fixed_winner,0,5,5,1,1,1,1250068,0
balanced_compute,6,before,3,fixed_winner,1,5,5,1,1,1,1200626,0
balanced_compute,6,before,3,fixed_winner,2,5,5,1,1,1,1213330,0
balanced_compute,6,before,3,fixed_winner,3,5,5,1,1,1,1220483,0
balanced_compute,6,before,3,fixed_winner,4,5,5,1,1,1,1202209,0
balanced_compute,6,before,3,fixed_winner,5,5,5,1,1,1,1198362,0
balanced_compute,6,before,3,fixed_winner,6,5,5,1,1,1,1470097,0
balanced_compute,6,before,3,fixed_winner,7,5,5,1,1,1,1490756,0
balanced_compute,6,before,3,fixed_winner,8,5,5,1,1,1,1272380,0
balanced_compute,6,before,3,fixed_winner,9,5,5,1,1,1,1232676,0
balanced_compute,6,before,3,fixed_winner,10,5,5,1,1,1,1220723,0
balanced_compute,6,before,3,fixed_winner,11,5,5,1,1,1,1205505,0
balanced_compute,6,before,3,fixed_winner,12,5,5,1,1,1,1207779,0
balanced_compute,6,before,3,fixed_winner,13,5,5,1,1,1,1210244,0
balanced_compute,6,before,3,fixed_winner,14,5,5,1,1,1,1219642,0
balanced_compute,6,before,4,native,0,2,1,1,1,2,2790747,2628546
balanced_compute,6,before,4,native,1,2,1,1,1,2,2688758,2627956
balanced_compute,6,before,4,native,2,2,1,1,1,2,2854912,2628276
balanced_compute,6,before,4,native,3,2,1,1,1,2,2802519,2628206
balanced_compute,6,before,4,native,4,2,1,1,1,2,2630765,2628105
balanced_compute,6,before,4,native,5,2,1,1,1,2,2626502,2650362
balanced_compute,6,before,4,native,6,2,1,1,1,2,2588982,2627870
balanced_compute,6,before,4,native,7,2,1,1,1,2,2671045,2627781
balanced_compute,6,before,4,native,8,2,1,1,1,2,3418666,2629083
balanced_compute,6,before,4,native,9,2,1,1,1,2,2670152,2628632
balanced_compute,6,before,4,native,10,2,1,1,1,2,3210424,2628251
balanced_compute,6,before,4,native,11,2,1,1,1,2,2674421,2628001
balanced_compute,6,before,4,native,12,2,1,1,1,2,2662824,2627650
balanced_compute,6,before,4,native,13,2,1,1,1,2,2651037,2627980
balanced_compute,6,before,4,native,14,2,1,1,1,2,2810820,2627910
balanced_compute,6,before,4,fixed_winner,0,5,5,1,1,1,2135426,0
balanced_compute,6,before,4,fixed_winner,1,5,5,1,1,1,1764746,0
balanced_compute,6,before,4,fixed_winner,2,5,5,1,1,1,1281056,0
balanced_compute,6,before,4,fixed_winner,3,5,5,1,1,1,1502028,0
balanced_compute,6,before,4,fixed_winner,4,5,5,1,1,1,1242243,0
balanced_compute,6,before,4,fixed_winner,5,5,5,1,1,1,1235230,0
balanced_compute,6,before,4,fixed_winner,6,5,5,1,1,1,1306664,0
balanced_compute,6,before,4,fixed_winner,7,5,5,1,1,1,1244768,0
balanced_compute,6,before,4,fixed_winner,8,5,5,1,1,1,1238427,0
balanced_compute,6,before,4,fixed_winner,9,5,5,1,1,1,1211125,0
balanced_compute,6,before,4,fixed_winner,10,5,5,1,1,1,1627882,0
balanced_compute,6,before,4,fixed_winner,11,5,5,1,1,1,1290573,0
balanced_compute,6,before,4,fixed_winner,12,5,5,1,1,1,1289922,0
balanced_compute,6,before,4,fixed_winner,13,5,5,1,1,1,1274002,0
balanced_compute,6,before,4,fixed_winner,14,5,5,1,1,1,1230672,0
balanced_compute,6,after,4,native,0,5,5,1,0,1,1728064,1316186
balanced_compute,6,after,4,native,1,5,5,1,0,1,1490980,1316857
balanced_compute,6,after,4,native,2,5,5,1,0,1,1978835,1316446
balanced_compute,6,after,4,native,3,5,5,1,0,1,1721486,1317538
balanced_compute,6,after,4,native,4,5,5,1,0,1,1568902,1316727
balanced_compute,6,after,4,native,5,5,5,1,0,1,1694185,1326621
balanced_compute,6,after,4,native,6,5,5,1,0,1,1532997,1314828
balanced_compute,6,after,4,native,7,5,5,1,0,1,1520379,1314538
balanced_compute,6,after,4,native,8,5,5,1,0,1,1785936,1314559
balanced_compute,6,after,4,native,9,5,5,1,0,1,1818604,1314629
balanced_compute,6,after,4,native,10,5,5,1,0,1,1511107,1314518
balanced_compute,6,after,4,native,11,5,5,1,0,1,1784634,1314518
balanced_compute,6,after,4,native,12,5,5,1,0,1,1750360,1316242
balanced_compute,6,after,4,native,13,5,5,1,0,1,1878820,1317083
balanced_compute,6,after,4,native,14,5,5,1,0,1,1954450,1315730
balanced_compute,6,after,4,fixed_winner,0,5,5,1,1,1,2045680,0
balanced_compute,6,after,4,fixed_winner,1,5,5,1,1,1,1713130,0
balanced_compute,6,after,4,fixed_winner,2,5,5,1,1,1,1750960,0
balanced_compute,6,after,4,fixed_winner,3,5,5,1,1,1,1703769,0
balanced_compute,6,after,4,fixed_winner,4,5,5,1,1,1,1700760,0
balanced_compute,6,after,4,fixed_winner,5,5,5,1,1,1,1667896,0
balanced_compute,6,after,4,fixed_winner,6,5,5,1,1,1,1646085,0
balanced_compute,6,after,4,fixed_winner,7,5,5,1,1,1,1667716,0
balanced_compute,6,after,4,fixed_winner,8,5,5,1,1,1,1793660,0
balanced_compute,6,after,4,fixed_winner,9,5,5,1,1,1,1793770,0
balanced_compute,6,after,4,fixed_winner,10,5,5,1,1,1,1644893,0
balanced_compute,6,after,4,fixed_winner,11,5,5,1,1,1,1795574,0
balanced_compute,6,after,4,fixed_winner,12,5,5,1,1,1,1778509,0
balanced_compute,6,after,4,fixed_winner,13,5,5,1,1,1,1504165,0
balanced_compute,6,after,4,fixed_winner,14,5,5,1,1,1,1560888,0
balanced_compute,8,before,0,native,0,3,3,1,0,1,2277922,2443594
balanced_compute,8,before,0,native,1,3,3,1,0,1,2200680,2443273
balanced_compute,8,before,0,native,2,3,3,1,0,1,2387387,2443183
balanced_compute,8,before,0,native,3,3,3,1,0,1,2212229,2442942
balanced_compute,8,before,0,native,4,3,3,1,0,1,1950953,2443233
balanced_compute,8,before,0,native,5,3,3,1,0,1,2031293,2460602
balanced_compute,8,before,0,native,6,3,3,1,0,1,2164146,2435465
balanced_compute,8,before,0,native,7,3,3,1,0,1,2131905,2435625
balanced_compute,8,before,0,native,8,3,3,1,0,1,1958398,2435415
balanced_compute,8,before,0,native,9,3,3,1,0,1,2392745,2435756
balanced_compute,8,before,0,native,10,3,3,1,0,1,2113095,2435345
balanced_compute,8,before,0,native,11,3,3,1,0,1,2094711,2436147
balanced_compute,8,before,0,native,12,3,3,1,0,1,2323723,2435356
balanced_compute,8,before,0,native,13,3,3,1,0,1,1979432,2435415
balanced_compute,8,before,0,native,14,3,3,1,0,1,2006697,2435446
balanced_compute,8,before,0,fixed_winner,0,5,6,1,0,1,1215865,0
balanced_compute,8,before,0,fixed_winner,1,5,6,1,0,1,1200245,0
balanced_compute,8,before,0,fixed_winner,2,5,6,1,0,1,1209192,0
balanced_compute,8,before,0,fixed_winner,3,5,6,1,0,1,1233297,0
balanced_compute,8,before,0,fixed_winner,4,5,6,1,0,1,1210935,0
balanced_compute,8,before,0,fixed_winner,5,5,6,1,0,1,1218509,0
balanced_compute,8,before,0,fixed_winner,6,5,6,1,0,1,1194024,0
balanced_compute,8,before,0,fixed_winner,7,5,6,1,0,1,1209903,0
balanced_compute,8,before,0,fixed_winner,8,5,6,1,0,1,1219682,0
balanced_compute,8,before,0,fixed_winner,9,5,6,1,0,1,1202790,0
balanced_compute,8,before,0,fixed_winner,10,5,6,1,0,1,1201657,0
balanced_compute,8,before,0,fixed_winner,11,5,6,1,0,1,1769917,0
balanced_compute,8,before,0,fixed_winner,12,5,6,1,0,1,1703262,0
balanced_compute,8,before,0,fixed_winner,13,5,6,1,0,1,1222557,0
balanced_compute,8,before,0,fixed_winner,14,5,6,1,0,1,1253715,0
balanced_compute,8,after,0,native,0,7,7,1,0,1,1396030,997366
balanced_compute,8,after,0,native,1,7,7,1,0,1,1399386,997386
balanced_compute,8,after,0,native,2,7,7,1,0,1,1397072,997316
balanced_compute,8,after,0,native,3,7,7,1,0,1,1404947,997396
balanced_compute,8,after,0,native,4,7,7,1,0,1,1411118,997386
balanced_compute,8,after,0,native,5,7,7,1,0,1,1454329,1014203
balanced_compute,8,after,0,native,6,7,7,1,0,1,1393915,990649
balanced_compute,8,after,0,native,7,7,7,1,0,1,1406880,990439
balanced_compute,8,after,0,native,8,7,7,1,0,1,1397111,990619
balanced_compute,8,after,0,native,9,7,7,1,0,1,1404295,990479
balanced_compute,8,after,0,native,10,7,7,1,0,1,1405467,990118
balanced_compute,8,after,0,native,11,7,7,1,0,1,1405558,990249
balanced_compute,8,after,0,native,12,7,7,1,0,1,1413722,990068
balanced_compute,8,after,0,native,13,7,7,1,0,1,1426106,989958
balanced_compute,8,after,0,native,14,7,7,1,0,1,1396170,990038
balanced_compute,8,after,0,fixed_winner,0,5,6,1,0,1,1202659,0
balanced_compute,8,after,0,fixed_winner,1,5,6,1,0,1,1195646,0
balanced_compute,8,after,0,fixed_winner,2,5,6,1,0,1,1213981,0
balanced_compute,8,after,0,fixed_winner,3,5,6,1,0,1,1191188,0
balanced_compute,8,after,0,fixed_winner,4,5,6,1,0,1,1167905,0
balanced_compute,8,after,0,fixed_winner,5,5,6,1,0,1,1696790,0
balanced_compute,8,after,0,fixed_winner,6,5,6,1,0,1,1423912,0
balanced_compute,8,after,0,fixed_winner,7,5,6,1,0,1,1207309,0
balanced_compute,8,after,0,fixed_winner,8,5,6,1,0,1,1194104,0
balanced_compute,8,after,0,fixed_winner,9,5,6,1,0,1,1199033,0
balanced_compute,8,after,0,fixed_winner,10,5,6,1,0,1,1170630,0
balanced_compute,8,after,0,fixed_winner,11,5,6,1,0,1,1182021,0
balanced_compute,8,after,0,fixed_winner,12,5,6,1,0,1,1185518,0
balanced_compute,8,after,0,fixed_winner,13,5,6,1,0,1,1196368,0
balanced_compute,8,after,0,fixed_winner,14,5,6,1,0,1,1200225,0
balanced_compute,8,after,1,native,0,7,7,1,0,1,1373848,999428
balanced_compute,8,after,1,native,1,7,7,1,0,1,1378067,999157
balanced_compute,8,after,1,native,2,7,7,1,0,1,1496257,999207
balanced_compute,8,after,1,native,3,7,7,1,0,1,1374640,999849
balanced_compute,8,after,1,native,4,7,7,1,0,1,1407471,999559
balanced_compute,8,after,1,native,5,7,7,1,0,1,1408453,1020494
balanced_compute,8,after,1,native,6,7,7,1,0,1,1378507,993323
balanced_compute,8,after,1,native,7,7,7,1,0,1,1415957,993263
balanced_compute,8,after,1,native,8,7,7,1,0,1,1388095,993293
balanced_compute,8,after,1,native,9,7,7,1,0,1,1383847,993092
balanced_compute,8,after,1,native,10,7,7,1,0,1,1402512,993534
balanced_compute,8,after,1,native,11,7,7,1,0,1,1391060,993343
balanced_compute,8,after,1,native,12,7,7,1,0,1,1540469,993103
balanced_compute,8,after,1,native,13,7,7,1,0,1,1452625,995047
balanced_compute,8,after,1,native,14,7,7,1,0,1,1414684,993444
balanced_compute,8,after,1,fixed_winner,0,5,6,1,0,1,1410817,0
balanced_compute,8,after,1,fixed_winner,1,5,6,1,0,1,1184145,0
balanced_compute,8,after,1,fixed_winner,2,5,6,1,0,1,1203311,0
balanced_compute,8,after,1,fixed_winner,3,5,6,1,0,1,1376575,0
balanced_compute,8,after,1,fixed_winner,4,5,6,1,0,1,1931536,0
balanced_compute,8,after,1,fixed_winner,5,5,6,1,0,1,1194234,0
balanced_compute,8,after,1,fixed_winner,6,5,6,1,0,1,1461011,0
balanced_compute,8,after,1,fixed_winner,7,5,6,1,0,1,1199223,0
balanced_compute,8,after,1,fixed_winner,8,5,6,1,0,1,1428771,0
balanced_compute,8,after,1,fixed_winner,9,5,6,1,0,1,1357057,0
balanced_compute,8,after,1,fixed_winner,10,5,6,1,0,1,1249657,0
balanced_compute,8,after,1,fixed_winner,11,5,6,1,0,1,1411549,0
balanced_compute,8,after,1,fixed_winner,12,5,6,1,0,1,1182832,0
balanced_compute,8,after,1,fixed_winner,13,5,6,1,0,1,1187131,0
balanced_compute,8,after,1,fixed_winner,14,5,6,1,0,1,1778011,0
balanced_compute,8,before,1,native,0,3,3,1,0,1,2160363,1952586
balanced_compute,8,before,1,native,1,3,3,1,0,1,2320742,1952587
balanced_compute,8,before,1,native,2,3,3,1,0,1,2059014,1953357
balanced_compute,8,before,1,native,3,3,3,1,0,1,2379050,1952456
balanced_compute,8,before,1,native,4,3,3,1,0,1,2252796,1952526
balanced_compute,8,before,1,native,5,3,3,1,0,1,2050870,1974075
balanced_compute,8,before,1,native,6,3,3,1,0,1,2331823,1947126
balanced_compute,8,before,1,native,7,3,3,1,0,1,1958467,1946654
balanced_compute,8,before,1,native,8,3,3,1,0,1,2304733,1946454
balanced_compute,8,before,1,native,9,3,3,1,0,1,2113716,1946975
balanced_compute,8,before,1,native,10,3,3,1,0,1,2165884,1946705
balanced_compute,8,before,1,native,11,3,3,1,0,1,2105731,1946775
balanced_compute,8,before,1,native,12,3,3,1,0,1,2059886,1946845
balanced_compute,8,before,1,native,13,3,3,1,0,1,2119808,1946494
balanced_compute,8,before,1,native,14,3,3,1,0,1,2153301,1946564
balanced_compute,8,before,1,fixed_winner,0,5,6,1,0,1,1184996,0
balanced_compute,8,before,1,fixed_winner,1,5,6,1,0,1,1463546,0
balanced_compute,8,before,1,fixed_winner,2,5,6,1,0,1,1187411,0
balanced_compute,8,before,1,fixed_winner,3,5,6,1,0,1,1215243,0
balanced_compute,8,before,1,fixed_winner,4,5,6,1,0,1,1196348,0
balanced_compute,8,before,1,fixed_winner,5,5,6,1,0,1,1204493,0
balanced_compute,8,before,1,fixed_winner,6,5,6,1,0,1,1450371,0
balanced_compute,8,before,1,fixed_winner,7,5,6,1,0,1,1485854,0
balanced_compute,8,before,1,fixed_winner,8,5,6,1,0,1,1547306,0
balanced_compute,8,before,1,fixed_winner,9,5,6,1,0,1,1240851,0
balanced_compute,8,before,1,fixed_winner,10,5,6,1,0,1,1170850,0
balanced_compute,8,before,1,fixed_winner,11,5,6,1,0,1,1181411,0
balanced_compute,8,before,1,fixed_winner,12,5,6,1,0,1,1202570,0
balanced_compute,8,before,1,fixed_winner,13,5,6,1,0,1,1180719,0
balanced_compute,8,before,1,fixed_winner,14,5,6,1,0,1,1191278,0
balanced_compute,8,after,2,native,0,7,7,1,0,1,1411198,1017182
balanced_compute,8,after,2,native,1,7,7,1,0,1,1401561,1017322
balanced_compute,8,after,2,native,2,7,7,1,0,1,1410206,1017773
balanced_compute,8,after,2,native,3,7,7,1,0,1,1390720,1017462
balanced_compute,8,after,2,native,4,7,7,1,0,1,1392022,1017332
balanced_compute,8,after,2,native,5,7,7,1,0,1,1412991,1032771
balanced_compute,8,after,2,native,6,7,7,1,0,1,1336098,1011261
balanced_compute,8,after,2,native,7,7,7,1,0,1,1402261,1011341
balanced_compute,8,after,2,native,8,7,7,1,0,1,1398163,1011111
balanced_compute,8,after,2,native,9,7,7,1,0,1,1390359,1011101
balanced_compute,8,after,2,native,10,7,7,1,0,1,1377195,1011020
balanced_compute,8,after,2,native,11,7,7,1,0,1,1568749,1011191
balanced_compute,8,after,2,native,12,7,7,1,0,1,1458630,1012503
balanced_compute,8,after,2,native,13,7,7,1,0,1,1424193,1011592
balanced_compute,8,after,2,native,14,7,7,1,0,1,1404095,1011602
balanced_compute,8,after,2,fixed_winner,0,5,6,1,0,1,1204103,0
balanced_compute,8,after,2,fixed_winner,1,5,6,1,0,1,1197300,0
balanced_compute,8,after,2,fixed_winner,2,5,6,1,0,1,1193884,0
balanced_compute,8,after,2,fixed_winner,3,5,6,1,0,1,1857138,0
balanced_compute,8,after,2,fixed_winner,4,5,6,1,0,1,1285504,0
balanced_compute,8,after,2,fixed_winner,5,5,6,1,0,1,1450511,0
balanced_compute,8,after,2,fixed_winner,6,5,6,1,0,1,1477081,0
balanced_compute,8,after,2,fixed_winner,7,5,6,1,0,1,1197850,0
balanced_compute,8,after,2,fixed_winner,8,5,6,1,0,1,1192992,0
balanced_compute,8,after,2,fixed_winner,9,5,6,1,0,1,1428551,0
balanced_compute,8,after,2,fixed_winner,10,5,6,1,0,1,1204473,0
balanced_compute,8,after,2,fixed_winner,11,5,6,1,0,1,1211537,0
balanced_compute,8,after,2,fixed_winner,12,5,6,1,0,1,1206016,0
balanced_compute,8,after,2,fixed_winner,13,5,6,1,0,1,1197581,0
balanced_compute,8,after,2,fixed_winner,14,5,6,1,0,1,1601042,0
balanced_compute,8,before,2,native,0,3,3,1,0,1,2140086,1952390
balanced_compute,8,before,2,native,1,3,3,1,0,1,2168889,1952360
balanced_compute,8,before,2,native,2,3,3,1,0,1,2081286,1952269
balanced_compute,8,before,2,native,3,3,3,1,0,1,2320442,1951999
balanced_compute,8,before,2,native,4,3,3,1,0,1,2339637,1952450
balanced_compute,8,before,2,native,5,3,3,1,0,1,2104479,1972406
balanced_compute,8,before,2,native,6,3,3,1,0,1,2159763,1946357
balanced_compute,8,before,2,native,7,3,3,1,0,1,2157659,1946247
balanced_compute,8,before,2,native,8,3,3,1,0,1,2119247,1946447
balanced_compute,8,before,2,native,9,3,3,1,0,1,2384280,1946258
balanced_compute,8,before,2,native,10,3,3,1,0,1,2146637,1946869
balanced_compute,8,before,2,native,11,3,3,1,0,1,2108918,1946167
balanced_compute,8,before,2,native,12,3,3,1,0,1,1967094,1946137
balanced_compute,8,before,2,native,13,3,3,1,0,1,1976831,1946468
balanced_compute,8,before,2,native,14,3,3,1,0,1,2147159,1946387
balanced_compute,8,before,2,fixed_winner,0,5,6,1,0,1,1448527,0
balanced_compute,8,before,2,fixed_winner,1,5,6,1,0,1,1716677,0
balanced_compute,8,before,2,fixed_winner,2,5,6,1,0,1,1282729,0
balanced_compute,8,before,2,fixed_winner,3,5,6,1,0,1,1205055,0
balanced_compute,8,before,2,fixed_winner,4,5,6,1,0,1,1172283,0
balanced_compute,8,before,2,fixed_winner,5,5,6,1,0,1,1177322,0
balanced_compute,8,before,2,fixed_winner,6,5,6,1,0,1,1214482,0
balanced_compute,8,before,2,fixed_winner,7,5,6,1,0,1,1216956,0
balanced_compute,8,before,2,fixed_winner,8,5,6,1,0,1,1588178,0
balanced_compute,8,before,2,fixed_winner,9,5,6,1,0,1,1453206,0
balanced_compute,8,before,2,fixed_winner,10,5,6,1,0,1,1670949,0
balanced_compute,8,before,2,fixed_winner,11,5,6,1,0,1,1229994,0
balanced_compute,8,before,2,fixed_winner,12,5,6,1,0,1,1194144,0
balanced_compute,8,before,2,fixed_winner,13,5,6,1,0,1,1399867,0
balanced_compute,8,before,2,fixed_winner,14,5,6,1,0,1,1217938,0
balanced_compute,8,before,3,native,0,3,3,1,0,1,2357541,1933629
balanced_compute,8,before,3,native,1,3,3,1,0,1,1985377,1933749
balanced_compute,8,before,3,native,2,3,3,1,0,1,1957426,1933598
balanced_compute,8,before,3,native,3,3,3,1,0,1,2049377,1933478
balanced_compute,8,before,3,native,4,3,3,1,0,1,2343224,1933608
balanced_compute,8,before,3,native,5,3,3,1,0,1,2176293,1960628
balanced_compute,8,before,3,native,6,3,3,1,0,1,2185099,1927697
balanced_compute,8,before,3,native,7,3,3,1,0,1,2296417,1928097
balanced_compute,8,before,3,native,8,3,3,1,0,1,2083259,1927496
balanced_compute,8,before,3,native,9,3,3,1,0,1,2046642,1927546
balanced_compute,8,before,3,native,10,3,3,1,0,1,2287410,1927437
balanced_compute,8,before,3,native,11,3,3,1,0,1,2116531,1927706
balanced_compute,8,before,3,native,12,3,3,1,0,1,2189087,1927456
balanced_compute,8,before,3,native,13,3,3,1,0,1,2099510,1927676
balanced_compute,8,before,3,native,14,3,3,1,0,1,2349512,1927807
balanced_compute,8,before,3,fixed_winner,0,5,6,1,0,1,1230191,0
balanced_compute,8,before,3,fixed_winner,1,5,6,1,0,1,1204262,0
balanced_compute,8,before,3,fixed_winner,2,5,6,1,0,1,1548684,0
balanced_compute,8,before,3,fixed_winner,3,5,6,1,0,1,1700356,0
balanced_compute,8,before,3,fixed_winner,4,5,6,1,0,1,1522586,0
balanced_compute,8,before,3,fixed_winner,5,5,6,1,0,1,1684057,0
balanced_compute,8,before,3,fixed_winner,6,5,6,1,0,1,1643120,0
balanced_compute,8,before,3,fixed_winner,7,5,6,1,0,1,1203481,0
balanced_compute,8,before,3,fixed_winner,8,5,6,1,0,1,1193413,0
balanced_compute,8,before,3,fixed_winner,9,5,6,1,0,1,1213650,0
balanced_compute,8,before,3,fixed_winner,10,5,6,1,0,1,1188694,0
balanced_compute,8,before,3,fixed_winner,11,5,6,1,0,1,1210806,0
balanced_compute,8,before,3,fixed_winner,12,5,6,1,0,1,1458286,0
balanced_compute,8,before,3,fixed_winner,13,5,6,1,0,1,1715555,0
balanced_compute,8,before,3,fixed_winner,14,5,6,1,0,1,1674619,0
balanced_compute,8,after,3,native,0,7,7,1,0,1,1481553,1104698
balanced_compute,8,after,3,native,1,7,7,1,0,1,1412961,1104318
balanced_compute,8,after,3,native,2,7,7,1,0,1,1418973,1104428
balanced_compute,8,after,3,native,3,7,7,1,0,1,1432357,1104137
balanced_compute,8,after,3,native,4,7,7,1,0,1,1428010,1104537
balanced_compute,8,after,3,native,5,7,7,1,0,1,1440834,1127599
balanced_compute,8,after,3,native,6,7,7,1,0,1,1436676,1096872
balanced_compute,8,after,3,native,7,7,7,1,0,1,1403174,1096692
balanced_compute,8,after,3,native,8,7,7,1,0,1,1402522,1096642
balanced_compute,8,after,3,native,9,7,7,1,0,1,1433790,1096512
balanced_compute,8,after,3,native,10,7,7,1,0,1,1445572,1096742
balanced_compute,8,after,3,native,11,7,7,1,0,1,1437367,1097013
balanced_compute,8,after,3,native,12,7,7,1,0,1,1431045,1097173
balanced_compute,8,after,3,native,13,7,7,1,0,1,1432629,1096842
balanced_compute,8,after,3,native,14,7,7,1,0,1,1446614,1096933
balanced_compute,8,after,3,fixed_winner,0,5,6,1,0,1,1636636,0
balanced_compute,8,after,3,fixed_winner,1,5,6,1,0,1,1681963,0
balanced_compute,8,after,3,fixed_winner,2,5,6,1,0,1,1291635,0
balanced_compute,8,after,3,fixed_winner,3,5,6,1,0,1,1218048,0
balanced_compute,8,after,3,fixed_winner,4,5,6,1,0,1,1214622,0
balanced_compute,8,after,3,fixed_winner,5,5,6,1,0,1,1433642,0
balanced_compute,8,after,3,fixed_winner,6,5,6,1,0,1,1754727,0
balanced_compute,8,after,3,fixed_winner,7,5,6,1,0,1,1490175,0
balanced_compute,8,after,3,fixed_winner,8,5,6,1,0,1,1196208,0
balanced_compute,8,after,3,fixed_winner,9,5,6,1,0,1,1232315,0
balanced_compute,8,after,3,fixed_winner,10,5,6,1,0,1,1204814,0
balanced_compute,8,after,3,fixed_winner,11,5,6,1,0,1,1210514,0
balanced_compute,8,after,3,fixed_winner,12,5,6,1,0,1,1198543,0
balanced_compute,8,after,3,fixed_winner,13,5,6,1,0,1,1210263,0
balanced_compute,8,after,3,fixed_winner,14,5,6,1,0,1,1193984,0
balanced_compute,8,after,4,native,0,7,7,1,0,1,1480397,1005060
balanced_compute,8,after,4,native,1,7,7,1,0,1,1404807,1005040
balanced_compute,8,after,4,native,2,7,7,1,0,1,1396680,1005141
balanced_compute,8,after,4,native,3,7,7,1,0,1,1394406,1004800
balanced_compute,8,after,4,native,4,7,7,1,0,1,1411389,1004780
balanced_compute,8,after,4,native,5,7,7,1,0,1,1420004,1027268
balanced_compute,8,after,4,native,6,7,7,1,0,1,1401371,998825
balanced_compute,8,after,4,native,7,7,7,1,0,1,1388315,999036
balanced_compute,8,after,4,native,8,7,7,1,0,1,1401129,998695
balanced_compute,8,after,4,native,9,7,7,1,0,1,1400759,998815
balanced_compute,8,after,4,native,10,7,7,1,0,1,1391852,998765
balanced_compute,8,after,4,native,11,7,7,1,0,1,1519269,998585
balanced_compute,8,after,4,native,12,7,7,1,0,1,1417069,999917
balanced_compute,8,after,4,native,13,7,7,1,0,1,1405397,998996
balanced_compute,8,after,4,native,14,7,7,1,0,1,1392904,998886
balanced_compute,8,after,4,fixed_winner,0,5,6,1,0,1,1201889,0
balanced_compute,8,after,4,fixed_winner,1,5,6,1,0,1,1169798,0
balanced_compute,8,after,4,fixed_winner,2,5,6,1,0,1,1510493,0
balanced_compute,8,after,4,fixed_winner,3,5,6,1,0,1,1179497,0
balanced_compute,8,after,4,fixed_winner,4,5,6,1,0,1,1215714,0
balanced_compute,8,after,4,fixed_winner,5,5,6,1,0,1,1193713,0
balanced_compute,8,after,4,fixed_winner,6,5,6,1,0,1,1234438,0
balanced_compute,8,after,4,fixed_winner,7,5,6,1,0,1,1210314,0
balanced_compute,8,after,4,fixed_winner,8,5,6,1,0,1,1195166,0
balanced_compute,8,after,4,fixed_winner,9,5,6,1,0,1,1233928,0
balanced_compute,8,after,4,fixed_winner,10,5,6,1,0,1,1209713,0
balanced_compute,8,after,4,fixed_winner,11,5,6,1,0,1,1191770,0
balanced_compute,8,after,4,fixed_winner,12,5,6,1,0,1,1230541,0
balanced_compute,8,after,4,fixed_winner,13,5,6,1,0,1,1202750,0
balanced_compute,8,after,4,fixed_winner,14,5,6,1,0,1,1489174,0
balanced_compute,8,before,4,native,0,3,3,1,0,1,1952401,1921873
balanced_compute,8,before,4,native,1,3,3,1,0,1,2072985,1921462
balanced_compute,8,before,4,native,2,3,3,1,0,1,2270939,1921061
balanced_compute,8,before,4,native,3,3,3,1,0,1,2155443,1921482
balanced_compute,8,before,4,native,4,3,3,1,0,1,1962930,1921292
balanced_compute,8,before,4,native,5,3,3,1,0,1,2084196,1947273
balanced_compute,8,before,4,native,6,3,3,1,0,1,2267979,1915233
balanced_compute,8,before,4,native,7,3,3,1,0,1,2116692,1915493
balanced_compute,8,before,4,native,8,3,3,1,0,1,2103913,1915363
balanced_compute,8,before,4,native,9,3,3,1,0,1,2423749,1915423
balanced_compute,8,before,4,native,10,3,3,1,0,1,1964043,1916265
balanced_compute,8,before,4,native,11,3,3,1,0,1,2250146,1915593
balanced_compute,8,before,4,native,12,3,3,1,0,1,1970320,1915774
balanced_compute,8,before,4,native,13,3,3,1,0,1,2177319,1915834
balanced_compute,8,before,4,native,14,3,3,1,0,1,2137100,1915493
balanced_compute,8,before,4,fixed_winner,0,5,6,1,0,1,1209813,0
balanced_compute,8,before,4,fixed_winner,1,5,6,1,0,1,1206607,0
balanced_compute,8,before,4,fixed_winner,2,5,6,1,0,1,1202128,0
balanced_compute,8,before,4,fixed_winner,3,5,6,1,0,1,1196799,0
balanced_compute,8,before,4,fixed_winner,4,5,6,1,0,1,1223900,0
balanced_compute,8,before,4,fixed_winner,5,5,6,1,0,1,1180338,0
balanced_compute,8,before,4,fixed_winner,6,5,6,1,0,1,1205976,0
balanced_compute,8,before,4,fixed_winner,7,5,6,1,0,1,1355285,0
balanced_compute,8,before,4,fixed_winner,8,5,6,1,0,1,1217467,0
balanced_compute,8,before,4,fixed_winner,9,5,6,1,0,1,1230772,0
balanced_compute,8,before,4,fixed_winner,10,5,6,1,0,1,1491147,0
balanced_compute,8,before,4,fixed_winner,11,5,6,1,0,1,1197570,0
balanced_compute,8,before,4,fixed_winner,12,5,6,1,0,1,1205475,0
balanced_compute,8,before,4,fixed_winner,13,5,6,1,0,1,1190427,0
balanced_compute,8,before,4,fixed_winner,14,5,6,1,0,1,1181320,0
trip_skew,2,after,0,native,0,1,1,1,0,1,4355031,4384419
trip_skew,2,after,0,native,1,1,1,1,0,1,4750816,4384248
trip_skew,2,after,0,native,2,1,1,1,0,1,4330845,4384869
trip_skew,2,after,0,native,3,1,1,1,0,1,4352756,4384258
trip_skew,2,after,0,native,4,1,1,1,0,1,4539744,4384308
trip_skew,2,after,0,native,5,1,1,1,0,1,4346034,4384800
trip_skew,2,after,0,native,6,1,1,1,0,1,4351203,4384419
trip_skew,2,after,0,native,7,1,1,1,0,1,4340603,4384418
trip_skew,2,after,0,native,8,1,1,1,0,1,4414040,4384438
trip_skew,2,after,0,native,9,1,1,1,0,1,4354219,4384889
trip_skew,2,after,0,native,10,1,1,1,0,1,4329323,4384339
trip_skew,2,after,0,native,11,1,1,1,0,1,4375218,4384488
trip_skew,2,after,0,native,12,1,1,1,0,1,4380628,4385291
trip_skew,2,after,0,native,13,1,1,1,0,1,4337518,4384439
trip_skew,2,after,0,native,14,1,1,1,0,1,4384095,4384319
trip_skew,2,after,0,fixed_winner,0,1,1,0,0,2,4325405,0
trip_skew,2,after,0,fixed_winner,1,1,1,0,0,2,4539194,0
trip_skew,2,after,0,fixed_winner,2,1,1,0,0,2,4542640,0
trip_skew,2,after,0,fixed_winner,3,1,1,0,0,2,4349450,0
trip_skew,2,after,0,fixed_winner,4,1,1,0,0,2,4323091,0
trip_skew,2,after,0,fixed_winner,5,1,1,0,0,2,4493488,0
trip_skew,2,after,0,fixed_winner,6,1,1,0,0,2,4270212,0
trip_skew,2,after,0,fixed_winner,7,1,1,0,0,2,4295490,0
trip_skew,2,after,0,fixed_winner,8,1,1,0,0,2,4266175,0
trip_skew,2,after,0,fixed_winner,9,1,1,0,0,2,4301380,0
trip_skew,2,after,0,fixed_winner,10,1,1,0,0,2,4338901,0
trip_skew,2,after,0,fixed_winner,11,1,1,0,0,2,4303605,0
trip_skew,2,after,0,fixed_winner,12,1,1,0,0,2,4259923,0
trip_skew,2,after,0,fixed_winner,13,1,1,0,0,2,4271625,0
trip_skew,2,after,0,fixed_winner,14,1,1,0,0,2,4514157,0
trip_skew,2,before,0,native,0,1,1,1,0,1,4341165,4401737
trip_skew,2,before,0,native,1,1,1,1,0,1,4348358,4401406
trip_skew,2,before,0,native,2,1,1,1,0,1,4348588,4401256
trip_skew,2,before,0,native,3,1,1,1,0,1,4345603,4402007
trip_skew,2,before,0,native,4,1,1,1,0,1,4344501,4401256
trip_skew,2,before,0,native,5,1,1,1,0,1,4377643,4426777
trip_skew,2,before,0,native,6,1,1,1,0,1,4816531,4400888
trip_skew,2,before,0,native,7,1,1,1,0,1,4332228,4401800
trip_skew,2,before,0,native,8,1,1,1,0,1,4362795,4401088
trip_skew,2,before,0,native,9,1,1,1,0,1,4380107,4401039
trip_skew,2,before,0,native,10,1,1,1,0,1,4338379,4401790
trip_skew,2,before,0,native,11,1,1,1,0,1,4342297,4401199
trip_skew,2,before,0,native,12,1,1,1,0,1,4338149,4400959
trip_skew,2,before,0,native,13,1,1,1,0,1,4445208,4414112
trip_skew,2,before,0,native,14,1,1,1,0,1,4337518,4402241
trip_skew,2,before,0,fixed_winner,0,1,1,0,0,2,4296121,0
trip_skew,2,before,0,fixed_winner,1,1,1,0,0,2,4269000,0
trip_skew,2,before,0,fixed_winner,2,1,1,0,0,2,4338600,0
trip_skew,2,before,0,fixed_winner,3,1,1,0,0,2,4294327,0
trip_skew,2,before,0,fixed_winner,4,1,1,0,0,2,4273850,0
trip_skew,2,before,0,fixed_winner,5,1,1,0,0,2,4341005,0
trip_skew,2,before,0,fixed_winner,6,1,1,0,0,2,4259803,0
trip_skew,2,before,0,fixed_winner,7,1,1,0,0,2,4272436,0
trip_skew,2,before,0,fixed_winner,8,1,1,0,0,2,4362214,0
trip_skew,2,before,0,fixed_winner,9,1,1,0,0,2,4394975,0
trip_skew,2,before,0,fixed_winner,10,1,1,0,0,2,4452452,0
trip_skew,2,before,0,fixed_winner,11,1,1,0,0,2,4285301,0
trip_skew,2,before,0,fixed_winner,12,1,1,0,0,2,4363947,0
trip_skew,2,before,0,fixed_winner,13,1,1,0,0,2,4276704,0
trip_skew,2,before,0,fixed_winner,14,1,1,0,0,2,4283036,0
trip_skew,2,before,1,native,0,1,1,1,0,1,4401838,4567947
trip_skew,2,before,1,native,1,1,1,1,0,1,4333420,4568428
trip_skew,2,before,1,native,2,1,1,1,0,1,4369287,4567657
trip_skew,2,before,1,native,3,1,1,1,0,1,4573268,4568208
trip_skew,2,before,1,native,4,1,1,1,0,1,4355752,4569129
trip_skew,2,before,1,native,5,1,1,1,0,1,4341235,4567707
trip_skew,2,before,1,native,6,1,1,1,0,1,4336416,4567466
trip_skew,2,before,1,native,7,1,1,1,0,1,4433946,4567446
trip_skew,2,before,1,native,8,1,1,1,0,1,4339401,4568528
trip_skew,2,before,1,native,9,1,1,1,0,1,4334262,4567476
trip_skew,2,before,1,native,10,1,1,1,0,1,4746259,4567447
trip_skew,2,before,1,native,11,1,1,1,0,1,4345392,4568308
trip_skew,2,before,1,native,12,1,1,1,0,1,4336647,4567806
trip_skew,2,before,1,native,13,1,1,1,0,1,4428127,4597985
trip_skew,2,before,1,native,14,1,1,1,0,1,4408550,4568189
trip_skew,2,before,1,fixed_winner,0,1,1,0,0,2,4352542,0
trip_skew,2,before,1,fixed_winner,1,1,1,0,0,2,4309329,0
trip_skew,2,before,1,fixed_winner,2,1,1,0,0,2,4394434,0
trip_skew,2,before,1,fixed_winner,3,1,1,0,0,2,4368883,0
trip_skew,2,before,1,fixed_winner,4,1,1,0,0,2,4395389,0
trip_skew,2,before,1,fixed_winner,5,1,1,0,0,2,4520719,0
trip_skew,2,before,1,fixed_winner,6,1,1,0,0,2,4764693,0
trip_skew,2,before,1,fixed_winner,7,1,1,0,0,2,4513556,0
trip_skew,2,before,1,fixed_winner,8,1,1,0,0,2,4290931,0
trip_skew,2,before,1,fixed_winner,9,1,1,0,0,2,4442450,0
trip_skew,2,before,1,fixed_winner,10,1,1,0,0,2,4877316,0
trip_skew,2,before,1,fixed_winner,11,1,1,0,0,2,4320185,0
trip_skew,2,before,1,fixed_winner,12,1,1,0,0,2,4555155,0
trip_skew,2,before,1,fixed_winner,13,1,1,0,0,2,4317960,0
trip_skew,2,before,1,fixed_winner,14,1,1,0,0,2,4346224,0
trip_skew,2,after,1,native,0,1,1,1,0,1,4331527,4422212
trip_skew,2,after,1,native,1,1,1,1,0,1,4546709,4422132
trip_skew,2,after,1,native,2,1,1,1,0,1,4376701,4422973
trip_skew,2,after,1,native,3,1,1,1,0,1,4329854,4422441
trip_skew,2,after,1,native,4,1,1,1,0,1,4575270,4422201
trip_skew,2,after,1,native,5,1,1,1,0,1,4352626,4423294
trip_skew,2,after,1,native,6,1,1,1,0,1,4334202,4422382
trip_skew,2,after,1,native,7,1,1,1,0,1,4346134,4422212
trip_skew,2,after,1,native,8,1,1,1,0,1,4363336,4422242
trip_skew,2,after,1,native,9,1,1,1,0,1,4338800,4422852
trip_skew,2,after,1,native,10,1,1,1,0,1,4340293,4422462
trip_skew,2,after,1,native,11,1,1,1,0,1,4459465,4422231
trip_skew,2,after,1,native,12,1,1,1,0,1,4369708,4424034
trip_skew,2,after,1,native,13,1,1,1,0,1,4339582,4423013
trip_skew,2,after,1,native,14,1,1,1,0,1,4451038,4422362
trip_skew,2,after,1,fixed_winner,0,1,1,0,0,2,4884226,0
trip_skew,2,after,1,fixed_winner,1,1,1,0,0,2,4317681,0
trip_skew,2,after,1,fixed_winner,2,1,1,0,0,2,4394434,0
trip_skew,2,after,1,fixed_winner,3,1,1,0,0,2,4320255,0
trip_skew,2,after,1,fixed_winner,4,1,1,0,0,2,4301701,0
trip_skew,2,after,1,fixed_winner,5,1,1,0,0,2,4294858,0
trip_skew,2,after,1,fixed_winner,6,1,1,0,0,2,4691717,0
trip_skew,2,after,1,fixed_winner,7,1,1,0,0,2,4353487,0
trip_skew,2,after,1,fixed_winner,8,1,1,0,0,2,4560383,0
trip_skew,2,after,1,fixed_winner,9,1,1,0,0,2,4263781,0
trip_skew,2,after,1,fixed_winner,10,1,1,0,0,2,4356934,0
trip_skew,2,after,1,fixed_winner,11,1,1,0,0,2,4315347,0
trip_skew,2,after,1,fixed_winner,12,1,1,0,0,2,4391699,0
trip_skew,2,after,1,fixed_winner,13,1,1,0,0,2,4304527,0
trip_skew,2,after,1,fixed_winner,14,1,1,0,0,2,4281654,0
trip_skew,2,after,2,native,0,1,1,1,0,1,4339692,4427640
trip_skew,2,after,2,native,1,1,1,1,0,1,4347767,4427860
trip_skew,2,after,2,native,2,1,1,1,0,1,4363486,4427881
trip_skew,2,after,2,native,3,1,1,1,0,1,4338079,4428281
trip_skew,2,after,2,native,4,1,1,1,0,1,4358597,4427710
trip_skew,2,after,2,native,5,1,1,1,0,1,4554732,4455534
trip_skew,2,after,2,native,6,1,1,1,0,1,4344851,4428093
trip_skew,2,after,2,native,7,1,1,1,0,1,4362084,4427411
trip_skew,2,after,2,native,8,1,1,1,0,1,4428035,4427421
trip_skew,2,after,2,native,9,1,1,1,0,1,4424870,4429495
trip_skew,2,after,2,native,10,1,1,1,0,1,4349400,4427732
trip_skew,2,after,2,native,11,1,1,1,0,1,4333390,4427552
trip_skew,2,after,2,native,12,1,1,1,0,1,4417406,4427591
trip_skew,2,after,2,native,13,1,1,1,0,1,4339462,4429585
trip_skew,2,after,2,native,14,1,1,1,0,1,4364388,4427582
trip_skew,2,after,2,fixed_winner,0,1,1,0,0,2,4285090,0
trip_skew,2,after,2,fixed_winner,1,1,1,0,0,2,4363717,0
trip_skew,2,after,2,fixed_winner,2,1,1,0,0,2,4374322,0
trip_skew,2,after,2,fixed_winner,3,1,1,0,0,2,4556030,0
trip_skew,2,after,2,fixed_winner,4,1,1,0,0,2,4344616,0
trip_skew,2,after,2,fixed_winner,5,1,1,0,0,2,4512498,0
trip_skew,2,after,2,fixed_winner,6,1,1,0,0,2,4493498,0
trip_skew,2,after,2,fixed_winner,7,1,1,0,0,2,4450088,0
trip_skew,2,after,2,fixed_winner,8,1,1,0,0,2,4293275,0
trip_skew,2,after,2,fixed_winner,9,1,1,0,0,2,4269681,0
trip_skew,2,after,2,fixed_winner,10,1,1,0,0,2,4269662,0
trip_skew,2,after,2,fixed_winner,11,1,1,0,0,2,4348568,0
trip_skew,2,after,2,fixed_winner,12,1,1,0,0,2,4303194,0
trip_skew,2,after,2,fixed_winner,13,1,1,0,0,2,4276174,0
trip_skew,2,after,2,fixed_winner,14,1,1,0,0,2,4339231,0
trip_skew,2,before,2,native,0,1,1,1,0,1,4391158,4435161
trip_skew,2,before,2,native,1,1,1,1,0,1,4346975,4435843
trip_skew,2,before,2,native,2,1,1,1,0,1,4334102,4435212
trip_skew,2,before,2,native,3,1,1,1,0,1,4697520,4435182
trip_skew,2,before,2,native,4,1,1,1,0,1,4348257,4436364
trip_skew,2,before,2,native,5,1,1,1,0,1,4338058,4435181
trip_skew,2,before,2,native,6,1,1,1,0,1,4517884,4435352
trip_skew,2,before,2,native,7,1,1,1,0,1,4503166,4437115
trip_skew,2,before,2,native,8,1,1,1,0,1,4345353,4435292
trip_skew,2,before,2,native,9,1,1,1,0,1,4369738,4435111
trip_skew,2,before,2,native,10,1,1,1,0,1,4758550,4434951
trip_skew,2,before,2,native,11,1,1,1,0,1,4347466,4437546
trip_skew,2,before,2,native,12,1,1,1,0,1,4364878,4435923
trip_skew,2,before,2,native,13,1,1,1,0,1,4408360,4465576
trip_skew,2,before,2,native,14,1,1,1,0,1,4340053,4434618
trip_skew,2,before,2,fixed_winner,0,1,1,0,0,2,4519882,0
trip_skew,2,before,2,fixed_winner,1,1,1,0,0,2,4276394,0
trip_skew,2,before,2,fixed_winner,2,1,1,0,0,2,4328151,0
trip_skew,2,before,2,fixed_winner,3,1,1,0,0,2,4274681,0
trip_skew,2,before,2,fixed_winner,4,1,1,0,0,2,4277967,0
trip_skew,2,before,2,fixed_winner,5,1,1,0,0,2,4324414,0
trip_skew,2,before,2,fixed_winner,6,1,1,0,0,2,4249945,0
trip_skew,2,before,2,fixed_winner,7,1,1,0,0,2,4427155,0
trip_skew,2,before,2,fixed_winner,8,1,1,0,0,2,4617544,0
trip_skew,2,before,2,fixed_winner,9,1,1,0,0,2,4488314,0
trip_skew,2,before,2,fixed_winner,10,1,1,0,0,2,4280422,0
trip_skew,2,before,2,fixed_winner,11,1,1,0,0,2,4268980,0
trip_skew,2,before,2,fixed_winner,12,1,1,0,0,2,4323922,0
trip_skew,2,before,2,fixed_winner,13,1,1,0,0,2,4254824,0
trip_skew,2,before,2,fixed_winner,14,1,1,0,0,2,4286343,0
trip_skew,2,after,3,native,0,1,1,1,0,1,4368074,4521256
trip_skew,2,after,3,native,1,1,1,1,0,1,4704481,4521216
trip_skew,2,after,3,native,2,1,1,1,0,1,4355301,4521968
trip_skew,2,after,3,native,3,1,1,1,0,1,4348328,4521306
trip_skew,2,after,3,native,4,1,1,1,0,1,4638199,4521437
trip_skew,2,after,3,native,5,1,1,1,0,1,4384335,4551908
trip_skew,2,after,3,native,6,1,1,1,0,1,4330765,4521792
trip_skew,2,after,3,native,7,1,1,1,0,1,4346154,4521471
trip_skew,2,after,3,native,8,1,1,1,0,1,4680837,4521442
trip_skew,2,after,3,native,9,1,1,1,0,1,4359518,4522784
trip_skew,2,after,3,native,10,1,1,1,0,1,4337779,4521611
trip_skew,2,after,3,native,11,1,1,1,0,1,4793647,4522022
trip_skew,2,after,3,native,12,1,1,1,0,1,4335384,4522804
trip_skew,2,after,3,native,13,1,1,1,0,1,4334141,4521602
trip_skew,2,after,3,native,14,1,1,1,0,1,4392741,4521551
trip_skew,2,after,3,fixed_winner,0,1,1,0,0,2,4562542,0
trip_skew,2,after,3,fixed_winner,1,1,1,0,0,2,4360535,0
trip_skew,2,after,3,fixed_winner,2,1,1,0,0,2,4378960,0
trip_skew,2,after,3,fixed_winner,3,1,1,0,0,2,4378383,0
trip_skew,2,after,3,fixed_winner,4,1,1,0,0,2,4323567,0
trip_skew,2,after,3,fixed_winner,5,1,1,0,0,2,4475765,0
trip_skew,2,after,3,fixed_winner,6,1,1,0,0,2,4534715,0
trip_skew,2,after,3,fixed_winner,7,1,1,0,0,2,4305608,0
trip_skew,2,after,3,fixed_winner,8,1,1,0,0,2,4300634,0
trip_skew,2,after,3,fixed_winner,9,1,1,0,0,2,5003828,0
trip_skew,2,after,3,fixed_winner,10,1,1,0,0,2,4382276,0
trip_skew,2,after,3,fixed_winner,11,1,1,0,0,2,4322224,0
trip_skew,2,after,3,fixed_winner,12,1,1,0,0,2,4531039,0
trip_skew,2,after,3,fixed_winner,13,1,1,0,0,2,4324413,0
trip_skew,2,after,3,fixed_winner,14,1,1,0,0,2,4481546,0
trip_skew,2,before,3,native,0,1,1,1,0,2,4535422,4613047
trip_skew,2,before,3,native,1,1,1,1,0,2,4399899,4612997
trip_skew,2,before,3,native,2,1,1,1,0,2,4475815,4611815
trip_skew,2,before,3,native,3,1,1,1,0,2,4457491,4611064
trip_skew,2,before,3,native,4,1,1,1,0,2,4539839,4615271
trip_skew,2,before,3,native,5,1,1,1,0,2,4637672,4642247
trip_skew,2,before,3,native,6,1,1,1,0,2,4402009,4611249
trip_skew,2,before,3,native,7,1,1,1,0,2,5308576,4611309
trip_skew,2,before,3,native,8,1,1,1,0,2,4536869,4613283
trip_skew,2,before,3,native,9,1,1,1,0,2,4594756,4611780
trip_skew,2,before,3,native,10,1,1,1,0,2,4496354,4611219
trip_skew,2,before,3,native,11,1,1,1,0,2,4479102,4612812
trip_skew,2,before,3,native,12,1,1,1,0,2,4464625,4612972
trip_skew,2,before,3,native,13,1,1,1,0,2,5146543,4611218
trip_skew,2,before,3,native,14,1,1,1,0,2,4600328,4612892
trip_skew,2,before,3,fixed_winner,0,1,1,0,0,2,4539725,0
trip_skew,2,before,3,fixed_winner,1,1,1,0,0,2,4450800,0
trip_skew,2,before,3,fixed_winner,2,1,1,0,0,2,4965305,0
trip_skew,2,before,3,fixed_winner,3,1,1,0,0,2,4332789,0
trip_skew,2,before,3,fixed_winner,4,1,1,0,0,2,4715913,0
trip_skew,2,before,3,fixed_winner,5,1,1,0,0,2,4533432,0
trip_skew,2,before,3,fixed_winner,6,1,1,0,0,2,4632708,0
trip_skew,2,before,3,fixed_winner,7,1,1,0,0,2,4458343,0
trip_skew,2,before,3,fixed_winner,8,1,1,0,0,2,4576914,0
trip_skew,2,before,3,fixed_winner,9,1,1,0,0,2,4342938,0
trip_skew,2,before,3,fixed_winner,10,1,1,0,0,2,4310327,0
trip_skew,2,before,3,fixed_winner,11,1,1,0,0,2,4373024,0
trip_skew,2,before,3,fixed_winner,12,1,1,0,0,2,4577905,0
trip_skew,2,before,3,fixed_winner,13,1,1,0,0,2,4341535,0
trip_skew,2,before,3,fixed_winner,14,1,1,0,0,2,4348147,0
trip_skew,2,before,4,native,0,1,1,1,0,2,4507303,4447012
trip_skew,2,before,4,native,1,1,1,1,0,2,4505520,4444558
trip_skew,2,before,4,native,2,1,1,1,0,2,4521531,4444227
trip_skew,2,before,4,native,3,1,1,1,0,2,4568468,4444508
trip_skew,2,before,4,native,4,1,1,1,0,2,4671780,4444558
trip_skew,2,before,4,native,5,1,1,1,0,2,4530247,4452172
trip_skew,2,before,4,native,6,1,1,1,0,2,4377733,4443887
trip_skew,2,before,4,native,7,1,1,1,0,2,4372613,4444297
trip_skew,2,before,4,native,8,1,1,1,0,2,4382672,4444167
trip_skew,2,before,4,native,9,1,1,1,0,2,4495792,4443966
trip_skew,2,before,4,native,10,1,1,1,0,2,4484682,4444647
trip_skew,2,before,4,native,11,1,1,1,0,2,4402098,4444157
trip_skew,2,before,4,native,12,1,1,1,0,2,4910595,4444006
trip_skew,2,before,4,native,13,1,1,1,0,2,4385507,4444217
trip_skew,2,before,4,native,14,1,1,1,0,2,4412578,4444427
trip_skew,2,before,4,fixed_winner,0,1,1,0,0,2,4276734,0
trip_skew,2,before,4,fixed_winner,1,1,1,0,0,2,4351614,0
trip_skew,2,before,4,fixed_winner,2,1,1,0,0,2,4326788,0
trip_skew,2,before,4,fixed_winner,3,1,1,0,0,2,4293225,0
trip_skew,2,before,4,fixed_winner,4,1,1,0,0,2,4300649,0
trip_skew,2,before,4,fixed_winner,5,1,1,0,0,2,4513295,0
trip_skew,2,before,4,fixed_winner,6,1,1,0,0,2,4286383,0
trip_skew,2,before,4,fixed_winner,7,1,1,0,0,2,4624342,0
trip_skew,2,before,4,fixed_winner,8,1,1,0,0,2,4479933,0
trip_skew,2,before,4,fixed_winner,9,1,1,0,0,2,4415032,0
trip_skew,2,before,4,fixed_winner,10,1,1,0,0,2,4274761,0
trip_skew,2,before,4,fixed_winner,11,1,1,0,0,2,4332969,0
trip_skew,2,before,4,fixed_winner,12,1,1,0,0,2,4266365,0
trip_skew,2,before,4,fixed_winner,13,1,1,0,0,2,4271976,0
trip_skew,2,before,4,fixed_winner,14,1,1,0,0,2,4531840,0
trip_skew,2,after,4,native,0,1,1,1,0,2,4380949,4414368
trip_skew,2,after,4,native,1,1,1,1,0,2,4585880,4415650
trip_skew,2,after,4,native,2,1,1,1,0,2,4391659,4415720
trip_skew,2,after,4,native,3,1,1,1,0,2,4750743,4414588
trip_skew,2,after,4,native,4,1,1,1,0,2,4838196,4415169
trip_skew,2,after,4,native,5,1,1,1,0,2,4577029,4414448
trip_skew,2,after,4,native,6,1,1,1,0,2,4694067,4414948
trip_skew,2,after,4,native,7,1,1,1,0,2,4547293,4414438
trip_skew,2,after,4,native,8,1,1,1,0,2,4424089,4414628
trip_skew,2,after,4,native,9,1,1,1,0,2,4887817,4414588
trip_skew,2,after,4,native,10,1,1,1,0,2,4460136,4417825
trip_skew,2,after,4,native,11,1,1,1,0,2,4436983,4416331
trip_skew,2,after,4,native,12,1,1,1,0,2,4473701,4416391
trip_skew,2,after,4,native,13,1,1,1,0,2,4424901,4415379
trip_skew,2,after,4,native,14,1,1,1,0,2,4468306,4414508
trip_skew,2,after,4,fixed_winner,0,1,1,0,0,2,4319945,0
trip_skew,2,after,4,fixed_winner,1,1,1,0,0,2,4272336,0
trip_skew,2,after,4,fixed_winner,2,1,1,0,0,2,4484862,0
trip_skew,2,after,4,fixed_winner,3,1,1,0,0,2,4570201,0
trip_skew,2,after,4,fixed_winner,4,1,1,0,0,2,4288988,0
trip_skew,2,after,4,fixed_winner,5,1,1,0,0,2,4310798,0
trip_skew,2,after,4,fixed_winner,6,1,1,0,0,2,4262759,0
trip_skew,2,after,4,fixed_winner,7,1,1,0,0,2,4311569,0
trip_skew,2,after,4,fixed_winner,8,1,1,0,0,2,4613893,0
trip_skew,2,after,4,fixed_winner,9,1,1,0,0,2,4513957,0
trip_skew,2,after,4,fixed_winner,10,1,1,0,0,2,4562577,0
trip_skew,2,after,4,fixed_winner,11,1,1,0,0,2,4393071,0
trip_skew,2,after,4,fixed_winner,12,1,1,0,0,2,4537039,0
trip_skew,2,after,4,fixed_winner,13,1,1,0,0,2,4470340,0
trip_skew,2,after,4,fixed_winner,14,1,1,0,0,2,4309852,0
trip_skew,4,after,0,native,0,3,3,1,0,1,1797858,1623783
trip_skew,4,after,0,native,1,3,3,1,0,1,1861326,1623152
trip_skew,4,after,0,native,2,3,3,1,0,1,1846029,1622891
trip_skew,4,after,0,native,3,3,3,1,0,1,1952656,1622791
trip_skew,4,after,0,native,4,3,3,1,0,1,1921178,1623022
trip_skew,4,after,0,native,5,3,3,1,0,1,1914686,1647411
trip_skew,4,after,0,native,6,3,3,1,0,1,1850427,1619289
trip_skew,4,after,0,native,7,3,3,1,0,1,1750961,1619278
trip_skew,4,after,0,native,8,3,3,1,0,1,1763364,1619508
trip_skew,4,after,0,native,9,3,3,1,0,1,1761962,1619628
trip_skew,4,after,0,native,10,3,3,1,0,1,1750751,1619349
trip_skew,4,after,0,native,11,3,3,1,0,1,1739660,1619599
trip_skew,4,after,0,native,12,3,3,1,0,1,1772431,1619368
trip_skew,4,after,0,native,13,3,3,1,0,1,2016685,1619078
trip_skew,4,after,0,native,14,3,3,1,0,1,2596316,1619558
trip_skew,4,after,0,fixed_winner,0,3,3,1,1,1,1790875,0
trip_skew,4,after,0,fixed_winner,1,3,3,1,1,1,2049507,0
trip_skew,4,after,0,fixed_winner,2,3,3,1,1,1,1749017,0
trip_skew,4,after,0,fixed_winner,3,3,3,1,1,1,1874561,0
trip_skew,4,after,0,fixed_winner,4,3,3,1,1,1,1868690,0
trip_skew,4,after,0,fixed_winner,5,3,3,1,1,1,1739750,0
trip_skew,4,after,0,fixed_winner,6,3,3,1,1,1,1726325,0
trip_skew,4,after,0,fixed_winner,7,3,3,1,1,1,1743507,0
trip_skew,4,after,0,fixed_winner,8,3,3,1,1,1,1981480,0
trip_skew,4,after,0,fixed_winner,9,3,3,1,1,1,3030123,0
trip_skew,4,after,0,fixed_winner,10,3,3,1,1,1,1908605,0
trip_skew,4,after,0,fixed_winner,11,3,3,1,1,1,1815953,0
trip_skew,4,after,0,fixed_winner,12,3,3,1,1,1,2001928,0
trip_skew,4,after,0,fixed_winner,13,3,3,1,1,1,1918513,0
trip_skew,4,after,0,fixed_winner,14,3,3,1,1,1,1764376,0
trip_skew,4,before,0,native,0,2,1,1,0,2,2782652,2483277
trip_skew,4,before,0,native,1,2,1,1,0,2,2879893,2483227
trip_skew,4,before,0,native,2,2,1,1,0,2,2511397,2483348
trip_skew,4,before,0,native,3,2,1,1,0,2,2766171,2482946
trip_skew,4,before,0,native,4,2,1,1,0,2,2780498,2483298
trip_skew,4,before,0,native,5,2,1,1,0,2,2813610,2508251
trip_skew,4,before,0,native,6,2,1,1,0,2,2847533,2479828
trip_skew,4,before,0,native,7,2,1,1,0,2,2506458,2480048
trip_skew,4,before,0,native,8,2,1,1,0,2,2747827,2479888
trip_skew,4,before,0,native,9,2,1,1,0,2,2761684,2480258
trip_skew,4,before,0,native,10,2,1,1,0,2,2747207,2479807
trip_skew,4,before,0,native,11,2,1,1,0,2,3050461,2479798
trip_skew,4,before,0,native,12,2,1,1,0,2,2689849,2481450
trip_skew,4,before,0,native,13,2,1,1,0,2,2698856,2480188
trip_skew,4,before,0,native,14,2,1,1,0,2,2544088,2479848
trip_skew,4,before,0,fixed_winner,0,3,3,1,1,1,1731755,0
trip_skew,4,before,0,fixed_winner,1,3,3,1,1,1,1945092,0
trip_skew,4,before,0,fixed_winner,2,3,3,1,1,1,1901341,0
trip_skew,4,before,0,fixed_winner,3,3,3,1,1,1,1854935,0
trip_skew,4,before,0,fixed_winner,4,3,3,1,1,1,1811633,0
trip_skew,4,before,0,fixed_winner,5,3,3,1,1,1,1777700,0
trip_skew,4,before,0,fixed_winner,6,3,3,1,1,1,1970300,0
trip_skew,4,before,0,fixed_winner,7,3,3,1,1,1,1752905,0
trip_skew,4,before,0,fixed_winner,8,3,3,1,1,1,1933070,0
trip_skew,4,before,0,fixed_winner,9,3,3,1,1,1,2136329,0
trip_skew,4,before,0,fixed_winner,10,3,3,1,1,1,1854335,0
trip_skew,4,before,0,fixed_winner,11,3,3,1,1,1,2002848,0
trip_skew,4,before,0,fixed_winner,12,3,3,1,1,1,1792298,0
trip_skew,4,before,0,fixed_winner,13,3,3,1,1,1,2674160,0
trip_skew,4,before,0,fixed_winner,14,3,3,1,1,1,2283382,0
trip_skew,4,after,1,native,0,3,3,1,0,1,1753406,1770556
trip_skew,4,after,1,native,1,3,3,1,0,1,2927863,1769795
trip_skew,4,after,1,native,2,3,3,1,0,1,1909025,1771188
trip_skew,4,after,1,native,3,3,3,1,0,1,2096314,1770396
trip_skew,4,after,1,native,4,3,3,1,0,1,2174309,1770978
trip_skew,4,after,1,native,5,3,3,1,0,1,1789733,1796793
trip_skew,4,after,1,native,6,3,3,1,0,1,1815080,1765685
trip_skew,4,after,1,native,7,3,3,1,0,1,1804441,1765795
trip_skew,4,after,1,native,8,3,3,1,0,1,2021214,1765906
trip_skew,4,after,1,native,9,3,3,1,0,1,1755870,1766246
trip_skew,4,after,1,native,10,3,3,1,0,1,1922170,1765746
trip_skew,4,after,1,native,11,3,3,1,0,1,1791086,1766176
trip_skew,4,after,1,native,12,3,3,1,0,1,1837752,1765926
trip_skew,4,after,1,native,13,3,3,1,0,1,1759457,1765826
trip_skew,4,after,1,native,14,3,3,1,0,1,1769576,1765955
trip_skew,4,after,1,fixed_winner,0,3,3,1,1,1,1824217,0
trip_skew,4,after,1,fixed_winner,1,3,3,1,1,1,1851027,0
trip_skew,4,after,1,fixed_winner,2,3,3,1,1,1,1987181,0
trip_skew,4,after,1,fixed_winner,3,3,3,1,1,1,1764677,0
trip_skew,4,after,1,fixed_winner,4,3,3,1,1,1,1907632,0
trip_skew,4,after,1,fixed_winner,5,3,3,1,1,1,2443360,0
trip_skew,4,after,1,fixed_winner,6,3,3,1,1,1,1800392,0
trip_skew,4,after,1,fixed_winner,7,3,3,1,1,1,1927539,0
trip_skew,4,after,1,fixed_winner,8,3,3,1,1,1,1922160,0
trip_skew,4,after,1,fixed_winner,9,3,3,1,1,1,1842842,0
trip_skew,4,after,1,fixed_winner,10,3,3,1,1,1,1844976,0
trip_skew,4,after,1,fixed_winner,11,3,3,1,1,1,1960200,0
trip_skew,4,after,1,fixed_winner,12,3,3,1,1,1,1942928,0
trip_skew,4,after,1,fixed_winner,13,3,3,1,1,1,1906892,0
trip_skew,4,after,1,fixed_winner,14,3,3,1,1,1,1867017,0
trip_skew,4,before,1,native,0,2,1,1,0,2,2865917,2389838
trip_skew,4,before,1,native,1,2,1,1,0,2,2602246,2389137
trip_skew,4,before,1,native,2,2,1,1,0,2,2772944,2389437
trip_skew,4,before,1,native,3,2,1,1,0,2,2608858,2389047
trip_skew,4,before,1,native,4,2,1,1,0,2,2663149,2388796
trip_skew,4,before,1,native,5,2,1,1,0,2,2831443,2410764
trip_skew,4,before,1,native,6,2,1,1,0,2,2573222,2386288
trip_skew,4,before,1,native,7,2,1,1,0,2,2807408,2386498
trip_skew,4,before,1,native,8,2,1,1,0,2,2762895,2386018
trip_skew,4,before,1,native,9,2,1,1,0,2,2820352,2386368
trip_skew,4,before,1,native,10,2,1,1,0,2,2714205,2386148
trip_skew,4,before,1,native,11,2,1,1,0,2,2740664,2386208
trip_skew,4,before,1,native,12,2,1,1,0,2,2558985,2386398
trip_skew,4,before,1,native,13,2,1,1,0,2,2602947,2386478
trip_skew,4,before,1,native,14,2,1,1,0,2,3088090,2386488
trip_skew,4,before,1,fixed_winner,0,3,3,1,1,1,1899959,0
trip_skew,4,before,1,fixed_winner,1,3,3,1,1,1,1858110,0
trip_skew,4,before,1,fixed_winner,2,3,3,1,1,1,1956834,0
trip_skew,4,before,1,fixed_winner,3,3,3,1,1,1,1766030,0
trip_skew,4,before,1,fixed_winner,4,3,3,1,1,1,1753766,0
trip_skew,4,before,1,fixed_winner,5,3,3,1,1,1,1799501,0
trip_skew,4,before,1,fixed_winner,6,3,3,1,1,1,1764506,0
trip_skew,4,before,1,fixed_winner,7,3,3,1,1,1,1959960,0
trip_skew,4,before,1,fixed_winner,8,3,3,1,1,1,1918272,0
trip_skew,4,before,1,fixed_winner,9,3,3,1,1,1,1914275,0
trip_skew,4,before,1,fixed_winner,10,3,3,1,1,1,1864823,0
trip_skew,4,before,1,fixed_winner,11,3,3,1,1,1,1891333,0
trip_skew,4,before,1,fixed_winner,12,3,3,1,1,1,1968906,0
trip_skew,4,before,1,fixed_winner,13,3,3,1,1,1,1951645,0
trip_skew,4,before,1,fixed_winner,14,3,3,1,1,1,1730612,0
trip_skew,4,after,2,native,0,3,3,1,0,1,1826341,1647869
trip_skew,4,after,2,native,1,3,3,1,0,1,2084192,1647730
trip_skew,4,after,2,native,2,3,3,1,0,1,1742305,1647820
trip_skew,4,after,2,native,3,3,3,1,0,1,1747815,1648090
trip_skew,4,after,2,native,4,3,3,1,0,1,1865935,1647660
trip_skew,4,after,2,native,5,3,3,1,0,1,1922110,1667614
trip_skew,4,after,2,native,6,3,3,1,0,1,1758815,1644612
trip_skew,4,after,2,native,7,3,3,1,0,1,1810122,1644272
trip_skew,4,after,2,native,8,3,3,1,0,1,1802777,1644191
trip_skew,4,after,2,native,9,3,3,1,0,1,2103708,1644231
trip_skew,4,after,2,native,10,3,3,1,0,1,1752002,1645383
trip_skew,4,after,2,native,11,3,3,1,0,1,1745230,1644903
trip_skew,4,after,2,native,12,3,3,1,0,1,1901081,1644302
trip_skew,4,after,2,native,13,3,3,1,0,1,1892324,1644191
trip_skew,4,after,2,native,14,3,3,1,0,1,1838184,1644271
trip_skew,4,after,2,fixed_winner,0,3,3,1,1,1,1879791,0
trip_skew,4,after,2,fixed_winner,1,3,3,1,1,1,1828405,0
trip_skew,4,after,2,fixed_winner,2,3,3,1,1,1,1820461,0
trip_skew,4,after,2,fixed_winner,3,3,3,1,1,1,1783962,0
trip_skew,4,after,2,fixed_winner,4,3,3,1,1,1,2005064,0
trip_skew,4,after,2,fixed_winner,5,3,3,1,1,1,2125088,0
trip_skew,4,after,2,fixed_winner,6,3,3,1,1,1,1896632,0
trip_skew,4,after,2,fixed_winner,7,3,3,1,1,1,1857790,0
trip_skew,4,after,2,fixed_winner,8,3,3,1,1,1,2013420,0
trip_skew,4,after,2,fixed_winner,9,3,3,1,1,1,1996969,0
trip_skew,4,after,2,fixed_winner,10,3,3,1,1,1,2941588,0
trip_skew,4,after,2,fixed_winner,11,3,3,1,1,1,2104148,0
trip_skew,4,after,2,fixed_winner,12,3,3,1,1,1,1809510,0
trip_skew,4,after,2,fixed_winner,13,3,3,1,1,1,1944291,0
trip_skew,4,after,2,fixed_winner,14,3,3,1,1,1,1934082,0
trip_skew,4,before,2,native,0,2,1,1,0,2,2523360,2431176
trip_skew,4,before,2,native,1,2,1,1,0,2,2768606,2430305
trip_skew,4,before,2,native,2,2,1,1,0,2,2758467,2430516
trip_skew,4,before,2,native,3,2,1,1,0,2,3212603,2430305
trip_skew,4,before,2,native,4,2,1,1,0,2,2532005,2430255
trip_skew,4,before,2,native,5,2,1,1,0,2,2600864,2451381
trip_skew,4,before,2,native,6,2,1,1,0,2,2728602,2427507
trip_skew,4,before,2,native,7,2,1,1,0,2,2707913,2427027
trip_skew,4,before,2,native,8,2,1,1,0,2,2658430,2427087
trip_skew,4,before,2,native,9,2,1,1,0,2,2760441,2427016
trip_skew,4,before,2,native,10,2,1,1,0,2,2933733,2427057
trip_skew,4,before,2,native,11,2,1,1,0,2,2542245,2426976
trip_skew,4,before,2,native,12,2,1,1,0,2,2644104,2427097
trip_skew,4,before,2,native,13,2,1,1,0,2,2716388,2426906
trip_skew,4,before,2,native,14,2,1,1,0,2,2745453,2427146
trip_skew,4,before,2,fixed_winner,0,3,3,1,1,1,1725744,0
trip_skew,4,before,2,fixed_winner,1,3,3,1,1,1,1758655,0
trip_skew,4,before,2,fixed_winner,2,3,3,1,1,1,2277040,0
trip_skew,4,before,2,fixed_winner,3,3,3,1,1,1,1814309,0
trip_skew,4,before,2,fixed_winner,4,3,3,1,1,1,1757503,0
trip_skew,4,before,2,fixed_winner,5,3,3,1,1,1,1901952,0
trip_skew,4,before,2,fixed_winner,6,3,3,1,1,1,1886022,0
trip_skew,4,before,2,fixed_winner,7,3,3,1,1,1,1859874,0
trip_skew,4,before,2,fixed_winner,8,3,3,1,1,1,1878559,0
trip_skew,4,before,2,fixed_winner,9,3,3,1,1,1,2222769,0
trip_skew,4,before,2,fixed_winner,10,3,3,1,1,1,1815361,0
trip_skew,4,before,2,fixed_winner,11,3,3,1,1,1,1913003,0
trip_skew,4,before,2,fixed_winner,12,3,3,1,1,1,1926016,0
trip_skew,4,before,2,fixed_winner,13,3,3,1,1,1,1875312,0
trip_skew,4,before,2,fixed_winner,14,3,3,1,1,1,1757393,0
trip_skew,4,before,3,native,0,2,1,1,0,2,2710959,2461039
trip_skew,4,before,3,native,1,2,1,1,0,2,2700118,2460518
trip_skew,4,before,3,native,2,2,1,1,0,2,2525484,2460568
trip_skew,4,before,3,native,3,2,1,1,0,2,2813910,2460909
trip_skew,4,before,3,native,4,2,1,1,0,2,2731617,2461099
trip_skew,4,before,3,native,5,2,1,1,0,2,2713163,2486944
trip_skew,4,before,3,native,6,2,1,1,0,2,2685751,2457809
trip_skew,4,before,3,native,7,2,1,1,0,2,2686302,2457589
trip_skew,4,before,3,native,8,2,1,1,0,2,2720246,2458121
trip_skew,4,before,3,native,9,2,1,1,0,2,2701952,2457719
trip_skew,4,before,3,native,10,2,1,1,0,2,2722350,2458040
trip_skew,4,before,3,native,11,2,1,1,0,2,2878982,2457560
trip_skew,4,before,3,native,12,2,1,1,0,2,2685932,2458150
trip_skew,4,before,3,native,13,2,1,1,0,2,2781169,2457639
trip_skew,4,before,3,native,14,2,1,1,0,2,2580706,2458350
trip_skew,4,before,3,fixed_winner,0,3,3,1,1,1,2625600,0
trip_skew,4,before,3,fixed_winner,1,3,3,1,1,1,1735943,0
trip_skew,4,before,3,fixed_winner,2,3,3,1,1,1,1819860,0
trip_skew,4,before,3,fixed_winner,3,3,3,1,1,1,1840037,0
trip_skew,4,before,3,fixed_winner,4,3,3,1,1,1,2652009,0
trip_skew,4,before,3,fixed_winner,5,3,3,1,1,1,1721616,0
trip_skew,4,before,3,fixed_winner,6,3,3,1,1,1,1805833,0
trip_skew,4,before,3,fixed_winner,7,3,3,1,1,1,1898555,0
trip_skew,4,before,3,fixed_winner,8,3,3,1,1,1,1742315,0
trip_skew,4,before,3,fixed_winner,9,3,3,1,1,1,1725193,0
trip_skew,4,before,3,fixed_winner,10,3,3,1,1,1,1727638,0
trip_skew,4,before,3,fixed_winner,11,3,3,1,1,1,1730011,0
trip_skew,4,before,3,fixed_winner,12,3,3,1,1,1,1733458,0
trip_skew,4,before,3,fixed_winner,13,3,3,1,1,1,1723400,0
trip_skew,4,before,3,fixed_winner,14,3,3,1,1,1,2083410,0
trip_skew,4,after,3,native,0,3,3,1,0,1,1762583,1660176
trip_skew,4,after,3,native,1,3,3,1,0,1,1720574,1660407
trip_skew,4,after,3,native,2,3,3,1,0,1,1710214,1660046
trip_skew,4,after,3,native,3,3,3,1,0,1,1779364,1660126
trip_skew,4,after,3,native,4,3,3,1,0,1,1748506,1660166
trip_skew,4,after,3,native,5,3,3,1,0,1,1784774,1681960
trip_skew,4,after,3,native,6,3,3,1,0,1,2183767,1657013
trip_skew,4,after,3,native,7,3,3,1,0,1,1776307,1657003
trip_skew,4,after,3,native,8,3,3,1,0,1,1869783,1656422
trip_skew,4,after,3,native,9,3,3,1,0,1,1770928,1656362
trip_skew,4,after,3,native,10,3,3,1,0,1,1761761,1656443
trip_skew,4,after,3,native,11,3,3,1,0,1,1754518,1656242
trip_skew,4,after,3,native,12,3,3,1,0,1,1763915,1656272
trip_skew,4,after,3,native,13,3,3,1,0,1,1836540,1656934
trip_skew,4,after,3,native,14,3,3,1,0,1,1776879,1656773
trip_skew,4,after,3,fixed_winner,0,3,3,1,1,1,1960482,0
trip_skew,4,after,3,fixed_winner,1,3,3,1,1,1,1846930,0
trip_skew,4,after,3,fixed_winner,2,3,3,1,1,1,1889149,0
trip_skew,4,after,3,fixed_winner,3,3,3,1,1,1,1888507,0
trip_skew,4,after,3,fixed_winner,4,3,3,1,1,1,2027345,0
trip_skew,4,after,3,fixed_winner,5,3,3,1,1,1,1949451,0
trip_skew,4,after,3,fixed_winner,6,3,3,1,1,1,1891473,0
trip_skew,4,after,3,fixed_winner,7,3,3,1,1,1,1865314,0
trip_skew,4,after,3,fixed_winner,8,3,3,1,1,1,2036268,0
trip_skew,4,after,3,fixed_winner,9,3,3,1,1,1,1781511,0
trip_skew,4,after,3,fixed_winner,10,3,3,1,1,1,1941526,0
trip_skew,4,after,3,fixed_winner,11,3,3,1,1,1,1902944,0
trip_skew,4,after,3,fixed_winner,12,3,3,1,1,1,1769566,0
trip_skew,4,after,3,fixed_winner,13,3,3,1,1,1,1757352,0
trip_skew,4,after,3,fixed_winner,14,3,3,1,1,1,1781077,0
trip_skew,4,after,4,native,0,3,3,1,0,1,1861096,1669541
trip_skew,4,after,4,native,1,3,3,1,0,1,1769014,1668970
trip_skew,4,after,4,native,2,3,3,1,0,1,1753275,1669000
trip_skew,4,after,4,native,3,3,3,1,0,1,1755910,1668960
trip_skew,4,after,4,native,4,3,3,1,0,1,1743647,1668810
trip_skew,4,after,4,native,5,3,3,1,0,1,1798700,1698093
trip_skew,4,after,4,native,6,3,3,1,0,1,1771899,1665913
trip_skew,4,after,4,native,7,3,3,1,0,1,1790544,1665883
trip_skew,4,after,4,native,8,3,3,1,0,1,2027932,1666053
trip_skew,4,after,4,native,9,3,3,1,0,1,1762718,1666284
trip_skew,4,after,4,native,10,3,3,1,0,1,1828034,1665722
trip_skew,4,after,4,native,11,3,3,1,0,1,1759507,1666033
trip_skew,4,after,4,native,12,3,3,1,0,1,1796325,1665522
trip_skew,4,after,4,native,13,3,3,1,0,1,1777080,1665552
trip_skew,4,after,4,native,14,3,3,1,0,1,1816062,1665612
trip_skew,4,after,4,fixed_winner,0,3,3,1,1,1,1939281,0
trip_skew,4,after,4,fixed_winner,1,3,3,1,1,1,1829206,0
trip_skew,4,after,4,fixed_winner,2,3,3,1,1,1,2439793,0
trip_skew,4,after,4,fixed_winner,3,3,3,1,1,1,1967905,0
trip_skew,4,after,4,fixed_winner,4,3,3,1,1,1,2098548,0
trip_skew,4,after,4,fixed_winner,5,3,3,1,1,1,1818006,0
trip_skew,4,after,4,fixed_winner,6,3,3,1,1,1,2024660,0
trip_skew,4,after,4,fixed_winner,7,3,3,1,1,1,1755539,0
trip_skew,4,after,4,fixed_winner,8,3,3,1,1,1,1951218,0
trip_skew,4,after,4,fixed_winner,9,3,3,1,1,1,1864653,0
trip_skew,4,after,4,fixed_winner,10,3,3,1,1,1,2000861,0
trip_skew,4,after,4,fixed_winner,11,3,3,1,1,1,2440636,0
trip_skew,4,after,4,fixed_winner,12,3,3,1,1,1,1777941,0
trip_skew,4,after,4,fixed_winner,13,3,3,1,1,1,1951700,0
trip_skew,4,after,4,fixed_winner,14,3,3,1,1,1,1942116,0
trip_skew,4,before,4,native,0,2,1,1,0,1,2527798,2762974
trip_skew,4,before,4,native,1,2,1,1,0,1,2850218,2763074
trip_skew,4,before,4,native,2,2,1,1,0,1,2780509,2763094
trip_skew,4,before,4,native,3,2,1,1,0,1,2744241,2763635
trip_skew,4,before,4,native,4,2,1,1,0,1,2822366,2763135
trip_skew,4,before,4,native,5,2,1,1,0,1,2617975,2789194
trip_skew,4,before,4,native,6,2,1,1,0,1,2571026,2758757
trip_skew,4,before,4,native,7,2,1,1,0,1,2823599,2758847
trip_skew,4,before,4,native,8,2,1,1,0,1,2718913,2759238
trip_skew,4,before,4,native,9,2,1,1,0,1,2762444,2758837
trip_skew,4,before,4,native,10,2,1,1,0,1,2840981,2758507
trip_skew,4,before,4,native,11,2,1,1,0,1,2561901,2758487
trip_skew,4,before,4,native,12,2,1,1,0,1,2619288,2758407
trip_skew,4,before,4,native,13,2,1,1,0,1,4289248,2759298
trip_skew,4,before,4,native,14,2,1,1,0,1,2697944,2759038
trip_skew,4,before,4,fixed_winner,0,3,3,1,1,1,1768553,0
trip_skew,4,before,4,fixed_winner,1,3,3,1,1,1,1916569,0
trip_skew,4,before,4,fixed_winner,2,3,3,1,1,1,1924744,0
trip_skew,4,before,4,fixed_winner,3,3,3,1,1,1,1888557,0
trip_skew,4,before,4,fixed_winner,4,3,3,1,1,1,1869062,0
trip_skew,4,before,4,fixed_winner,5,3,3,1,1,1,1974708,0
trip_skew,4,before,4,fixed_winner,6,3,3,1,1,1,2052843,0
trip_skew,4,before,4,fixed_winner,7,3,3,1,1,1,1971151,0
trip_skew,4,before,4,fixed_winner,8,3,3,1,1,1,2036382,0
trip_skew,4,before,4,fixed_winner,9,3,3,1,1,1,1828105,0
trip_skew,4,before,4,fixed_winner,10,3,3,1,1,1,1890150,0
trip_skew,4,before,4,fixed_winner,11,3,3,1,1,1,1757222,0
trip_skew,4,before,4,fixed_winner,12,3,3,1,1,1,1924224,0
trip_skew,4,before,4,fixed_winner,13,3,3,1,1,1,2106339,0
trip_skew,4,before,4,fixed_winner,14,3,3,1,1,1,1790077,0
trip_skew,6,after,0,native,0,5,5,1,0,1,1167023,1127396
trip_skew,6,after,0,native,1,5,5,1,0,1,2097406,1127616
trip_skew,6,after,0,native,2,5,5,1,0,1,2023379,1127846
trip_skew,6,after,0,native,3,5,5,1,0,1,1303277,1127777
trip_skew,6,after,0,native,4,5,5,1,0,1,1157816,1128097
trip_skew,6,after,0,native,5,5,5,1,0,1,1248315,1147416
trip_skew,6,after,0,native,6,5,5,1,0,1,1179016,1124673
trip_skew,6,after,0,native,7,5,5,1,0,1,1158568,1124203
trip_skew,6,after,0,native,8,5,5,1,0,1,1155872,1124243
trip_skew,6,after,0,native,9,5,5,1,0,1,1196428,1123962
trip_skew,6,after,0,native,10,5,5,1,0,1,1864001,1124564
trip_skew,6,after,0,native,11,5,5,1,0,1,2043766,1125055
trip_skew,6,after,0,native,12,5,5,1,0,1,1210154,1124643
trip_skew,6,after,0,native,13,5,5,1,0,1,1180919,1124133
trip_skew,6,after,0,native,14,5,5,1,0,1,1168647,1124193
trip_skew,6,after,0,fixed_winner,0,5,5,1,0,1,1815271,0
trip_skew,6,after,0,fixed_winner,1,5,5,1,0,1,1156063,0
trip_skew,6,after,0,fixed_winner,2,5,5,1,0,1,1162165,0
trip_skew,6,after,0,fixed_winner,3,5,5,1,0,1,1182662,0
trip_skew,6,after,0,fixed_winner,4,5,5,1,0,1,1177423,0
trip_skew,6,after,0,fixed_winner,5,5,5,1,0,1,1167694,0
trip_skew,6,after,0,fixed_winner,6,5,5,1,0,1,1153107,0
trip_skew,6,after,0,fixed_winner,7,5,5,1,0,1,1395659,0
trip_skew,6,after,0,fixed_winner,8,5,5,1,0,1,2003472,0
trip_skew,6,after,0,fixed_winner,9,5,5,1,0,1,1340817,0
trip_skew,6,after,0,fixed_winner,10,5,5,1,0,1,1980008,0
trip_skew,6,after,0,fixed_winner,11,5,5,1,0,1,1262361,0
trip_skew,6,after,0,fixed_winner,12,5,5,1,0,1,1246191,0
trip_skew,6,after,0,fixed_winner,13,5,5,1,0,1,1165701,0
trip_skew,6,after,0,fixed_winner,14,5,5,1,0,1,1187661,0
trip_skew,6,before,0,native,0,4,1,1,0,1,1632881,1411012
trip_skew,6,before,0,native,1,4,1,1,0,1,1675039,1410752
trip_skew,6,before,0,native,2,4,1,1,0,1,1654803,1410371
trip_skew,6,before,0,native,3,4,1,1,0,1,2608738,1410592
trip_skew,6,before,0,native,4,4,1,1,0,1,1725233,1410702
trip_skew,6,before,0,native,5,4,1,1,0,1,1652387,1435331
trip_skew,6,before,0,native,6,4,1,1,0,1,1775727,1407490
trip_skew,6,before,0,native,7,4,1,1,0,1,1634434,1407289
trip_skew,6,before,0,native,8,4,1,1,0,1,1549235,1407189
trip_skew,6,before,0,native,9,4,1,1,0,1,1442576,1407440
trip_skew,6,before,0,native,10,4,1,1,0,1,1612343,1407159
trip_skew,6,before,0,native,11,4,1,1,0,1,1631869,1407188
trip_skew,6,before,0,native,12,4,1,1,0,1,2505196,1407500
trip_skew,6,before,0,native,13,4,1,1,0,1,1723940,1417959
trip_skew,6,before,0,native,14,4,1,1,0,1,1606332,1406849
trip_skew,6,before,0,fixed_winner,0,5,5,1,0,1,1184846,0
trip_skew,6,before,0,fixed_winner,1,5,5,1,0,1,2025852,0
trip_skew,6,before,0,fixed_winner,2,5,5,1,0,1,1462113,0
trip_skew,6,before,0,fixed_winner,3,5,5,1,0,1,1246552,0
trip_skew,6,before,0,fixed_winner,4,5,5,1,0,1,1231965,0
trip_skew,6,before,0,fixed_winner,5,5,5,1,0,1,1154641,0
trip_skew,6,before,0,fixed_winner,6,5,5,1,0,1,1155733,0
trip_skew,6,before,0,fixed_winner,7,5,5,1,0,1,1158257,0
trip_skew,6,before,0,fixed_winner,8,5,5,1,0,1,1308887,0
trip_skew,6,before,0,fixed_winner,9,5,5,1,0,1,2047233,0
trip_skew,6,before,0,fixed_winner,10,5,5,1,0,1,1324086,0
trip_skew,6,before,0,fixed_winner,11,5,5,1,0,1,1166332,0
trip_skew,6,before,0,fixed_winner,12,5,5,1,0,1,1157937,0
trip_skew,6,before,0,fixed_winner,13,5,5,1,0,1,1155341,0
trip_skew,6,before,0,fixed_winner,14,5,5,1,0,1,1155441,0
trip_skew,6,before,1,native,0,4,1,1,0,2,1604579,1383914
trip_skew,6,before,1,native,1,4,1,1,0,2,1674749,1383884
trip_skew,6,before,1,native,2,4,1,1,0,2,1728108,1383844
trip_skew,6,before,1,native,3,4,1,1,0,2,1474586,1384115
trip_skew,6,before,1,native,4,4,1,1,0,2,1440723,1384134
trip_skew,6,before,1,native,5,4,1,1,0,2,1611372,1405892
trip_skew,6,before,1,native,6,4,1,1,0,2,1590282,1381446
trip_skew,6,before,1,native,7,4,1,1,0,2,1672445,1381417
trip_skew,6,before,1,native,8,4,1,1,0,2,1621379,1381005
trip_skew,6,before,1,native,9,4,1,1,0,2,1733058,1381035
trip_skew,6,before,1,native,10,4,1,1,0,2,2423603,1380905
trip_skew,6,before,1,native,11,4,1,1,0,2,1698493,1381386
trip_skew,6,before,1,native,12,4,1,1,0,2,1664520,1381046
trip_skew,6,before,1,native,13,4,1,1,0,2,1460610,1381026
trip_skew,6,before,1,native,14,4,1,1,0,2,1523537,1380895
trip_skew,6,before,1,fixed_winner,0,5,5,1,0,1,1150032,0
trip_skew,6,before,1,fixed_winner,1,5,5,1,0,1,1165060,0
trip_skew,6,before,1,fixed_winner,2,5,5,1,0,1,1152396,0
trip_skew,6,before,1,fixed_winner,3,5,5,1,0,1,1250799,0
trip_skew,6,before,1,fixed_winner,4,5,5,1,0,1,1164338,0
trip_skew,6,before,1,fixed_winner,5,5,5,1,0,1,1153648,0
trip_skew,6,before,1,fixed_winner,6,5,5,1,0,1,1151414,0
trip_skew,6,before,1,fixed_winner,7,5,5,1,0,1,1147027,0
trip_skew,6,before,1,fixed_winner,8,5,5,1,0,1,1134673,0
trip_skew,6,before,1,fixed_winner,9,5,5,1,0,1,1687824,0
trip_skew,6,before,1,fixed_winner,10,5,5,1,0,1,1432207,0
trip_skew,6,before,1,fixed_winner,11,5,5,1,0,1,2014432,0
trip_skew,6,before,1,fixed_winner,12,5,5,1,0,1,1328424,0
trip_skew,6,before,1,fixed_winner,13,5,5,1,0,1,1167965,0
trip_skew,6,before,1,fixed_winner,14,5,5,1,0,1,1140444,0
trip_skew,6,after,1,native,0,5,5,1,0,1,1152066,1142900
trip_skew,6,after,1,native,1,5,5,1,0,1,1145343,1142710
trip_skew,6,after,1,native,2,5,5,1,0,1,1140825,1143141
trip_skew,6,after,1,native,3,5,5,1,0,1,1141386,1142900
trip_skew,6,after,1,native,4,5,5,1,0,1,1162966,1143120
trip_skew,6,after,1,native,5,5,5,1,0,1,1203851,1159256
trip_skew,6,after,1,native,6,5,5,1,0,1,1704360,1139690
trip_skew,6,after,1,native,7,5,5,1,0,1,2107398,1140151
trip_skew,6,after,1,native,8,5,5,1,0,1,1259155,1140000
trip_skew,6,after,1,native,9,5,5,1,0,1,1347249,1139800
trip_skew,6,after,1,native,10,5,5,1,0,1,1158187,1139589
trip_skew,6,after,1,native,11,5,5,1,0,1,1205695,1139780
trip_skew,6,after,1,native,12,5,5,1,0,1,1142838,1139599
trip_skew,6,after,1,native,13,5,5,1,0,1,1165241,1139509
trip_skew,6,after,1,native,14,5,5,1,0,1,1160702,1139569
trip_skew,6,after,1,fixed_winner,0,5,5,1,0,1,2022356,0
trip_skew,6,after,1,fixed_winner,1,5,5,1,0,1,2056269,0
trip_skew,6,after,1,fixed_winner,2,5,5,1,0,1,2051200,0
trip_skew,6,after,1,fixed_winner,3,5,5,1,0,1,2023188,0
trip_skew,6,after,1,fixed_winner,4,5,5,1,0,1,1357027,0
trip_skew,6,after,1,fixed_winner,5,5,5,1,0,1,2034078,0
trip_skew,6,after,1,fixed_winner,6,5,5,1,0,1,2055217,0
trip_skew,6,after,1,fixed_winner,7,5,5,1,0,1,1242985,0
trip_skew,6,after,1,fixed_winner,8,5,5,1,0,1,2004413,0
trip_skew,6,after,1,fixed_winner,9,5,5,1,0,1,1311152,0
trip_skew,6,after,1,fixed_winner,10,5,5,1,0,1,1152346,0
trip_skew,6,after,1,fixed_winner,11,5,5,1,0,1,1143450,0
trip_skew,6,after,1,fixed_winner,12,5,5,1,0,1,1154521,0
trip_skew,6,after,1,fixed_winner,13,5,5,1,0,1,1353521,0
trip_skew,6,after,1,fixed_winner,14,5,5,1,0,1,1183924,0
trip_skew,6,before,2,native,0,4,1,1,0,2,1533926,1385999
trip_skew,6,before,2,native,1,4,1,1,0,2,1419023,1385999
trip_skew,6,before,2,native,2,4,1,1,0,2,1430594,1385820
trip_skew,6,before,2,native,3,4,1,1,0,2,1546931,1386140
trip_skew,6,before,2,native,4,4,1,1,0,2,1420556,1385869
trip_skew,6,before,2,native,5,4,1,1,0,2,1461432,1402281
trip_skew,6,before,2,native,6,4,1,1,0,2,2057982,1382755
trip_skew,6,before,2,native,7,4,1,1,0,2,1600381,1383096
trip_skew,6,before,2,native,8,4,1,1,0,2,1465018,1383196
trip_skew,6,before,2,native,9,4,1,1,0,2,1449850,1382886
trip_skew,6,before,2,native,10,4,1,1,0,2,1405317,1382895
trip_skew,6,before,2,native,11,4,1,1,0,2,1594790,1382845
trip_skew,6,before,2,native,12,4,1,1,0,2,1461642,1382925
trip_skew,6,before,2,native,13,4,1,1,0,2,1426717,1382986
trip_skew,6,before,2,native,14,4,1,1,0,2,1550888,1383206
trip_skew,6,before,2,fixed_winner,0,5,5,1,0,1,1246201,0
trip_skew,6,before,2,fixed_winner,1,5,5,1,0,1,1371404,0
trip_skew,6,before,2,fixed_winner,2,5,5,1,0,1,1142528,0
trip_skew,6,before,2,fixed_winner,3,5,5,1,0,1,1148639,0
trip_skew,6,before,2,fixed_winner,4,5,5,1,0,1,1148419,0
trip_skew,6,before,2,fixed_winner,5,5,5,1,0,1,1857910,0
trip_skew,6,before,2,fixed_winner,6,5,5,1,0,1,2053584,0
trip_skew,6,before,2,fixed_winner,7,5,5,1,0,1,1280134,0
trip_skew,6,before,2,fixed_winner,8,5,5,1,0,1,1162946,0
trip_skew,6,before,2,fixed_winner,9,5,5,1,0,1,1343943,0
trip_skew,6,before,2,fixed_winner,10,5,5,1,0,1,1146526,0
trip_skew,6,before,2,fixed_winner,11,5,5,1,0,1,1174907,0
trip_skew,6,before,2,fixed_winner,12,5,5,1,0,1,1148580,0
trip_skew,6,before,2,fixed_winner,13,5,5,1,0,1,1374319,0
trip_skew,6,before,2,fixed_winner,14,5,5,1,0,1,2181389,0
trip_skew,6,after,2,native,0,5,5,1,0,1,1189124,1159403
trip_skew,6,after,2,native,1,5,5,1,0,1,1157235,1159092
trip_skew,6,after,2,native,2,5,5,1,0,1,1184727,1158852
trip_skew,6,after,2,native,3,5,5,1,0,1,1161623,1158952
trip_skew,6,after,2,native,4,5,5,1,0,1,1311373,1159312
trip_skew,6,after,2,native,5,5,5,1,0,1,1213830,1185536
trip_skew,6,after,2,native,6,5,5,1,0,1,1148078,1155621
trip_skew,6,after,2,native,7,5,5,1,0,1,1153938,1155660
trip_skew,6,after,2,native,8,5,5,1,0,1,1153348,1155700
trip_skew,6,after,2,native,9,5,5,1,0,1,2052863,1156111
trip_skew,6,after,2,native,10,5,5,1,0,1,1330888,1155560
trip_skew,6,after,2,native,11,5,5,1,0,1,1188514,1155290
trip_skew,6,after,2,native,12,5,5,1,0,1,1163537,1155620
trip_skew,6,after,2,native,13,5,5,1,0,1,1159840,1155571
trip_skew,6,after,2,native,14,5,5,1,0,1,1343512,1155700
trip_skew,6,after,2,fixed_winner,0,5,5,1,0,1,1148379,0
trip_skew,6,after,2,fixed_winner,1,5,5,1,0,1,1158146,0
trip_skew,6,after,2,fixed_winner,2,5,5,1,0,1,1176702,0
trip_skew,6,after,2,fixed_winner,3,5,5,1,0,1,1143229,0
trip_skew,6,after,2,fixed_winner,4,5,5,1,0,1,1156453,0
trip_skew,6,after,2,fixed_winner,5,5,5,1,0,1,1136096,0
trip_skew,6,after,2,fixed_winner,6,5,5,1,0,1,1141977,0
trip_skew,6,after,2,fixed_winner,7,5,5,1,0,1,1165881,0
trip_skew,6,after,2,fixed_winner,8,5,5,1,0,1,1145083,0
trip_skew,6,after,2,fixed_winner,9,5,5,1,0,1,1163437,0
trip_skew,6,after,2,fixed_winner,10,5,5,1,0,1,1463806,0
trip_skew,6,after,2,fixed_winner,11,5,5,1,0,1,1165661,0
trip_skew,6,after,2,fixed_winner,12,5,5,1,0,1,1154269,0
trip_skew,6,after,2,fixed_winner,13,5,5,1,0,1,1149391,0
trip_skew,6,after,2,fixed_winner,14,5,5,1,0,1,1149000,0
trip_skew,6,after,3,native,0,5,5,1,0,1,1367707,1105139
trip_skew,6,after,3,native,1,5,5,1,0,1,1140804,1104808
trip_skew,6,after,3,native,2,5,5,1,0,1,1125766,1104488
trip_skew,6,after,3,native,3,5,5,1,0,1,1169488,1104558
trip_skew,6,after,3,native,4,5,5,1,0,1,2031604,1104929
trip_skew,6,after,3,native,5,5,5,1,0,1,1358620,1112477
trip_skew,6,after,3,native,6,5,5,1,0,1,1129243,1103480
trip_skew,6,after,3,native,7,5,5,1,0,1,1463896,1103030
trip_skew,6,after,3,native,8,5,5,1,0,1,2074834,1104292
trip_skew,6,after,3,native,9,5,5,1,0,1,2077579,1104232
trip_skew,6,after,3,native,10,5,5,1,0,1,2178838,1104111
trip_skew,6,after,3,native,11,5,5,1,0,1,2087578,1104322
trip_skew,6,after,3,native,12,5,5,1,0,1,2034529,1104382
trip_skew,6,after,3,native,13,5,5,1,0,1,2029098,1103941
trip_skew,6,after,3,native,14,5,5,1,0,1,2143362,1104162
trip_skew,6,after,3,fixed_winner,0,5,5,1,0,1,2009101,0
trip_skew,6,after,3,fixed_winner,1,5,5,1,0,1,2106673,0
trip_skew,6,after,3,fixed_winner,2,5,5,1,0,1,2036409,0
trip_skew,6,after,3,fixed_winner,3,5,5,1,0,1,2244694,0
trip_skew,6,after,3,fixed_winner,4,5,5,1,0,1,1712309,0
trip_skew,6,after,3,fixed_winner,5,5,5,1,0,1,1625396,0
trip_skew,6,after,3,fixed_winner,6,5,5,1,0,1,2049457,0
trip_skew,6,after,3,fixed_winner,7,5,5,1,0,1,2075966,0
trip_skew,6,after,3,fixed_winner,8,5,5,1,0,1,2033317,0
trip_skew,6,after,3,fixed_winner,9,5,5,1,0,1,1804511,0
trip_skew,6,after,3,fixed_winner,10,5,5,1,0,1,2103757,0
trip_skew,6,after,3,fixed_winner,11,5,5,1,0,1,2275828,0
trip_skew,6,after,3,fixed_winner,12,5,5,1,0,1,1688023,0
trip_skew,6,after,3,fixed_winner,13,5,5,1,0,1,2053174,0
trip_skew,6,after,3,fixed_winner,14,5,5,1,0,1,2122943,0
trip_skew,6,before,3,native,0,4,1,1,0,2,1590391,1398540
trip_skew,6,before,3,native,1,4,1,1,0,2,2519362,1398981
trip_skew,6,before,3,native,2,4,1,1,0,2,1516083,1398581
trip_skew,6,before,3,native,3,4,1,1,0,2,1449739,1398400
trip_skew,6,before,3,native,4,4,1,1,0,2,1633011,1398470
trip_skew,6,before,3,native,5,4,1,1,0,2,1475658,1414475
trip_skew,6,before,3,native,6,4,1,1,0,2,1567850,1395129
trip_skew,6,before,3,native,7,4,1,1,0,2,1534278,1395298
trip_skew,6,before,3,native,8,4,1,1,0,2,1720113,1395609
trip_skew,6,before,3,native,9,4,1,1,0,2,2433162,1395459
trip_skew,6,before,3,native,10,4,1,1,0,2,1621650,1395620
trip_skew,6,before,3,native,11,4,1,1,0,2,1432839,1395148
trip_skew,6,before,3,native,12,4,1,1,0,2,1424904,1395139
trip_skew,6,before,3,native,13,4,1,1,0,2,1559915,1395288
trip_skew,6,before,3,native,14,4,1,1,0,2,1625337,1395219
trip_skew,6,before,3,fixed_winner,0,5,5,1,0,1,1989035,0
trip_skew,6,before,3,fixed_winner,1,5,5,1,0,1,1297086,0
trip_skew,6,before,3,fixed_winner,2,5,5,1,0,1,1139021,0
trip_skew,6,before,3,fixed_winner,3,5,5,1,0,1,1129804,0
trip_skew,6,before,3,fixed_winner,4,5,5,1,0,1,1162836,0
trip_skew,6,before,3,fixed_winner,5,5,5,1,0,1,1148770,0
trip_skew,6,before,3,fixed_winner,6,5,5,1,0,1,1286896,0
trip_skew,6,before,3,fixed_winner,7,5,5,1,0,1,2049437,0
trip_skew,6,before,3,fixed_winner,8,5,5,1,0,1,1988463,0
trip_skew,6,before,3,fixed_winner,9,5,5,1,0,1,1274594,0
trip_skew,6,before,3,fixed_winner,10,5,5,1,0,1,1143479,0
trip_skew,6,before,3,fixed_winner,11,5,5,1,0,1,1177343,0
trip_skew,6,before,3,fixed_winner,12,5,5,1,0,1,1133521,0
trip_skew,6,before,3,fixed_winner,13,5,5,1,0,1,1266389,0
trip_skew,6,before,3,fixed_winner,14,5,5,1,0,1,1156383,0
trip_skew,6,before,4,native,0,4,1,1,0,2,1574102,1392118
trip_skew,6,before,4,native,1,4,1,1,0,2,2426829,1392279
trip_skew,6,before,4,native,2,4,1,1,0,2,1601813,1393170
trip_skew,6,before,4,native,3,4,1,1,0,2,1605149,1392419
trip_skew,6,before,4,native,4,4,1,1,0,2,1456122,1392539
trip_skew,6,before,4,native,5,4,1,1,0,2,1441805,1409235
trip_skew,6,before,4,native,6,4,1,1,0,2,1544286,1389519
trip_skew,6,before,4,native,7,4,1,1,0,2,1600000,1389989
trip_skew,6,before,4,native,8,4,1,1,0,2,1459658,1389839
trip_skew,6,before,4,native,9,4,1,1,0,2,1666584,1389699
trip_skew,6,before,4,native,10,4,1,1,0,2,1893817,1389839
trip_skew,6,before,4,native,11,4,1,1,0,2,1427368,1389418
trip_skew,6,before,4,native,12,4,1,1,0,2,2442599,1389488
trip_skew,6,before,4,native,13,4,1,1,0,2,2420127,1389849
trip_skew,6,before,4,native,14,4,1,1,0,2,1575564,1390049
trip_skew,6,before,4,fixed_winner,0,5,5,1,0,1,1130445,0
trip_skew,6,before,4,fixed_winner,1,5,5,1,0,1,1170449,0
trip_skew,6,before,4,fixed_winner,2,5,5,1,0,1,1192552,0
trip_skew,6,before,4,fixed_winner,3,5,5,1,0,1,1139201,0
trip_skew,6,before,4,fixed_winner,4,5,5,1,0,1,1139452,0
trip_skew,6,before,4,fixed_winner,5,5,5,1,0,1,1243786,0
trip_skew,6,before,4,fixed_winner,6,5,5,1,0,1,1140814,0
trip_skew,6,before,4,fixed_winner,7,5,5,1,0,1,1416908,0
trip_skew,6,before,4,fixed_winner,8,5,5,1,0,1,2004783,0
trip_skew,6,before,4,fixed_winner,9,5,5,1,0,1,1341299,0
trip_skew,6,before,4,fixed_winner,10,5,5,1,0,1,1131858,0
trip_skew,6,before,4,fixed_winner,11,5,5,1,0,1,1160922,0
trip_skew,6,before,4,fixed_winner,12,5,5,1,0,1,1167755,0
trip_skew,6,before,4,fixed_winner,13,5,5,1,0,1,2008150,0
trip_skew,6,before,4,fixed_winner,14,5,5,1,0,1,1286667,0
trip_skew,6,after,4,native,0,5,5,1,0,1,1173395,1168132
trip_skew,6,after,4,native,1,5,5,1,0,1,1161062,1168131
trip_skew,6,after,4,native,2,5,5,1,0,1,1139362,1168162
trip_skew,6,after,4,native,3,5,5,1,0,1,1280916,1167911
trip_skew,6,after,4,native,4,5,5,1,0,1,2150906,1168182
trip_skew,6,after,4,native,5,5,5,1,0,1,1334385,1193111
trip_skew,6,after,4,native,6,5,5,1,0,1,1146405,1165018
trip_skew,6,after,4,native,7,5,5,1,0,1,1169939,1164739
trip_skew,6,after,4,native,8,5,5,1,0,1,1142648,1165039
trip_skew,6,after,4,native,9,5,5,1,0,1,1148429,1165831
trip_skew,6,after,4,native,10,5,5,1,0,1,1163066,1164688
trip_skew,6,after,4,native,11,5,5,1,0,1,1153519,1165179
trip_skew,6,after,4,native,12,5,5,1,0,1,2044046,1164838
trip_skew,6,after,4,native,13,5,5,1,0,1,2047833,1165119
trip_skew,6,after,4,native,14,5,5,1,0,1,2052603,1165230
trip_skew,6,after,4,fixed_winner,0,5,5,1,0,1,1155723,0
trip_skew,6,after,4,fixed_winner,1,5,5,1,0,1,1144271,0
trip_skew,6,after,4,fixed_winner,2,5,5,1,0,1,1143490,0
trip_skew,6,after,4,fixed_winner,3,5,5,1,0,1,1489523,0
trip_skew,6,after,4,fixed_winner,4,5,5,1,0,1,1166412,0
trip_skew,6,after,4,fixed_winner,5,5,5,1,0,1,1149140,0
trip_skew,6,after,4,fixed_winner,6,5,5,1,0,1,1325768,0
trip_skew,6,after,4,fixed_winner,7,5,5,1,0,1,1132931,0
trip_skew,6,after,4,fixed_winner,8,5,5,1,0,1,1155612,0
trip_skew,6,after,4,fixed_winner,9,5,5,1,0,1,1145533,0
trip_skew,6,after,4,fixed_winner,10,5,5,1,0,1,1157516,0
trip_skew,6,after,4,fixed_winner,11,5,5,1,0,1,1143049,0
trip_skew,6,after,4,fixed_winner,12,5,5,1,0,1,1148929,0
trip_skew,6,after,4,fixed_winner,13,5,5,1,0,1,1146746,0
trip_skew,6,after,4,fixed_winner,14,5,5,1,0,1,1404556,0
trip_skew,8,after,0,native,0,7,7,1,0,1,1598907,999421
trip_skew,8,after,0,native,1,7,7,1,0,1,1596192,999691
trip_skew,8,after,0,native,2,7,7,1,0,1,1583890,999691
trip_skew,8,after,0,native,3,7,7,1,0,1,1611931,999401
trip_skew,8,after,0,native,4,7,7,1,0,1,1728208,999741
trip_skew,8,after,0,native,5,7,7,1,0,1,1673437,1027678
trip_skew,8,after,0,native,6,7,7,1,0,1,1602154,996140
trip_skew,8,after,0,native,7,7,7,1,0,1,1631979,995298
trip_skew,8,after,0,native,8,7,7,1,0,1,1593468,995337
trip_skew,8,after,0,native,9,7,7,1,0,1,1612542,995748
trip_skew,8,after,0,native,10,7,7,1,0,1,1591144,995558
trip_skew,8,after,0,native,11,7,7,1,0,1,1649362,995658
trip_skew,8,after,0,native,12,7,7,1,0,1,1651075,995458
trip_skew,8,after,0,native,13,7,7,1,0,1,1683485,996029
trip_skew,8,after,0,native,14,7,7,1,0,1,1596654,995868
trip_skew,8,after,0,fixed_winner,0,6,5,1,1,1,1108224,0
trip_skew,8,after,0,fixed_winner,1,6,5,1,1,1,1065654,0
trip_skew,8,after,0,fixed_winner,2,6,5,1,1,1,1082316,0
trip_skew,8,after,0,fixed_winner,3,6,5,1,1,1,1224601,0
trip_skew,8,after,0,fixed_winner,4,6,5,1,1,1,1066826,0
trip_skew,8,after,0,fixed_winner,5,6,5,1,1,1,1072578,0
trip_skew,8,after,0,fixed_winner,6,6,5,1,1,1,1061757,0
trip_skew,8,after,0,fixed_winner,7,6,5,1,1,1,1054985,0
trip_skew,8,after,0,fixed_winner,8,6,5,1,1,1,1786137,0
trip_skew,8,after,0,fixed_winner,9,6,5,1,1,1,1238256,0
trip_skew,8,after,0,fixed_winner,10,6,5,1,1,1,1326270,0
trip_skew,8,after,0,fixed_winner,11,6,5,1,1,1,1823055,0
trip_skew,8,after,0,fixed_winner,12,6,5,1,1,1,1800483,0
trip_skew,8,after,0,fixed_winner,13,6,5,1,1,1,1495285,0
trip_skew,8,after,0,fixed_winner,14,6,5,1,1,1,1837953,0
trip_skew,8,before,0,native,0,6,1,1,0,2,1831581,1143500
trip_skew,8,before,0,native,1,6,1,1,0,2,1790304,1143479
trip_skew,8,before,0,native,2,6,1,1,0,2,1274252,1143640
trip_skew,8,before,0,native,3,6,1,1,0,2,1250298,1143499
trip_skew,8,before,0,native,4,6,1,1,0,2,1210174,1143450
trip_skew,8,before,0,native,5,6,1,1,0,2,1790965,1162466
trip_skew,8,before,0,native,6,6,1,1,0,2,1836199,1140675
trip_skew,8,before,0,native,7,6,1,1,0,2,1207418,1140746
trip_skew,8,before,0,native,8,6,1,1,0,2,1193102,1140816
trip_skew,8,before,0,native,9,6,1,1,0,2,1772271,1140585
trip_skew,8,before,0,native,10,6,1,1,0,2,1787138,1140706
trip_skew,8,before,0,native,11,6,1,1,0,2,1781227,1140816
trip_skew,8,before,0,native,12,6,1,1,0,2,1818536,1140695
trip_skew,8,before,0,native,13,6,1,1,0,2,1326661,1141147
trip_skew,8,before,0,native,14,6,1,1,0,2,1785655,1140725
trip_skew,8,before,0,fixed_winner,0,6,5,1,1,1,1060906,0
trip_skew,8,before,0,fixed_winner,1,6,5,1,1,1,1044305,0
trip_skew,8,before,0,fixed_winner,2,6,5,1,1,1,1048653,0
trip_skew,8,before,0,fixed_winner,3,6,5,1,1,1,1867397,0
trip_skew,8,before,0,fixed_winner,4,6,5,1,1,1,1864563,0
trip_skew,8,before,0,fixed_winner,5,6,5,1,1,1,1059082,0
trip_skew,8,before,0,fixed_winner,6,6,5,1,1,1,1055736,0
trip_skew,8,before,0,fixed_winner,7,6,5,1,1,1,1051037,0
trip_skew,8,before,0,fixed_winner,8,6,5,1,1,1,1054043,0
trip_skew,8,before,0,fixed_winner,9,6,5,1,1,1,1063901,0
trip_skew,8,before,0,fixed_winner,10,6,5,1,1,1,1055135,0
trip_skew,8,before,0,fixed_winner,11,6,5,1,1,1,1053762,0
trip_skew,8,before,0,fixed_winner,12,6,5,1,1,1,1080463,0
trip_skew,8,before,0,fixed_winner,13,6,5,1,1,1,1299871,0
trip_skew,8,before,0,fixed_winner,14,6,5,1,1,1,1054503,0
trip_skew,8,before,1,native,0,6,1,1,0,2,1820289,1082221
trip_skew,8,before,1,native,1,6,1,1,0,2,1844765,1082291
trip_skew,8,before,1,native,2,6,1,1,0,2,1807826,1082361
trip_skew,8,before,1,native,3,6,1,1,0,2,1811343,1082220
trip_skew,8,before,1,native,4,6,1,1,0,2,1781237,1082161
trip_skew,8,before,1,native,5,6,1,1,0,2,1846248,1105003
trip_skew,8,before,1,native,6,6,1,1,0,2,1787859,1079495
trip_skew,8,before,1,native,7,6,1,1,0,2,1197891,1079244
trip_skew,8,before,1,native,8,6,1,1,0,2,1788631,1079605
trip_skew,8,before,1,native,9,6,1,1,0,2,1757835,1079194
trip_skew,8,before,1,native,10,6,1,1,0,2,1771308,1079284
trip_skew,8,before,1,native,11,6,1,1,0,2,1885932,1079756
trip_skew,8,before,1,native,12,6,1,1,0,2,1867288,1079645
trip_skew,8,before,1,native,13,6,1,1,0,2,1849504,1079796
trip_skew,8,before,1,native,14,6,1,1,0,2,1234870,1079925
trip_skew,8,before,1,fixed_winner,0,6,5,1,1,1,1097153,0
trip_skew,8,before,1,fixed_winner,1,6,5,1,1,1,1915277,0
trip_skew,8,before,1,fixed_winner,2,6,5,1,1,1,1240386,0
trip_skew,8,before,1,fixed_winner,3,6,5,1,1,1,1294344,0
trip_skew,8,before,1,fixed_winner,4,6,5,1,1,1,1886223,0
trip_skew,8,before,1,fixed_winner,5,6,5,1,1,1,1114435,0
trip_skew,8,before,1,fixed_winner,6,6,5,1,1,1,1065885,0
trip_skew,8,before,1,fixed_winner,7,6,5,1,1,1,1812767,0
trip_skew,8,before,1,fixed_winner,8,6,5,1,1,1,1874858,0
trip_skew,8,before,1,fixed_winner,9,6,5,1,1,1,1068894,0
trip_skew,8,before,1,fixed_winner,10,6,5,1,1,1,1211827,0
trip_skew,8,before,1,fixed_winner,11,6,5,1,1,1,1133281,0
trip_skew,8,before,1,fixed_winner,12,6,5,1,1,1,1857799,0
trip_skew,8,before,1,fixed_winner,13,6,5,1,1,1,1210194,0
trip_skew,8,before,1,fixed_winner,14,6,5,1,1,1,1075152,0
trip_skew,8,after,1,native,0,7,7,1,0,1,1648380,980020
trip_skew,8,after,1,native,1,7,7,1,0,1,1650414,979779
trip_skew,8,after,1,native,2,7,7,1,0,1,1685439,979389
trip_skew,8,after,1,native,3,7,7,1,0,1,1761892,979980
trip_skew,8,after,1,native,4,7,7,1,0,1,1675711,980601
trip_skew,8,after,1,native,5,7,7,1,0,1,1696760,1008409
trip_skew,8,after,1,native,6,7,7,1,0,1,1644923,977301
trip_skew,8,after,1,native,7,7,7,1,0,1,1638522,976660
trip_skew,8,after,1,native,8,7,7,1,0,1,1760067,976089
trip_skew,8,after,1,native,9,7,7,1,0,1,1681422,976128
trip_skew,8,after,1,native,10,7,7,1,0,1,1644823,976069
trip_skew,8,after,1,native,11,7,7,1,0,1,1699404,975888
trip_skew,8,after,1,native,12,7,7,1,0,1,1733639,977391
trip_skew,8,after,1,native,13,7,7,1,0,1,1608666,977591
trip_skew,8,after,1,native,14,7,7,1,0,1,1682433,976560
trip_skew,8,after,1,fixed_winner,0,6,5,1,1,1,1946892,0
trip_skew,8,after,1,fixed_winner,1,6,5,1,1,1,2034524,0
trip_skew,8,after,1,fixed_winner,2,6,5,1,1,1,2017201,0
trip_skew,8,after,1,fixed_winner,3,6,5,1,1,1,1749518,0
trip_skew,8,after,1,fixed_winner,4,6,5,1,1,1,1981884,0
trip_skew,8,after,1,fixed_winner,5,6,5,1,1,1,1955242,0
trip_skew,8,after,1,fixed_winner,6,6,5,1,1,1,1876294,0
trip_skew,8,after,1,fixed_winner,7,6,5,1,1,1,2006297,0
trip_skew,8,after,1,fixed_winner,8,6,5,1,1,1,1960250,0
trip_skew,8,after,1,fixed_winner,9,6,5,1,1,1,1902503,0
trip_skew,8,after,1,fixed_winner,10,6,5,1,1,1,2106764,0
trip_skew,8,after,1,fixed_winner,11,6,5,1,1,1,2023119,0
trip_skew,8,after,1,fixed_winner,12,6,5,1,1,1,2007628,0
trip_skew,8,after,1,fixed_winner,13,6,5,1,1,1,1989144,0
trip_skew,8,after,1,fixed_winner,14,6,5,1,1,1,1926279,0
trip_skew,8,after,2,native,0,7,7,1,0,1,1692799,1008379
trip_skew,8,after,2,native,1,7,7,1,0,1,1821485,1008399
trip_skew,8,after,2,native,2,7,7,1,0,1,1748363,1008329
trip_skew,8,after,2,native,3,7,7,1,0,1,1757903,1008309
trip_skew,8,after,2,native,4,7,7,1,0,1,1799735,1008950
trip_skew,8,after,2,native,5,7,7,1,0,1,2208903,1049158
trip_skew,8,after,2,native,6,7,7,1,0,1,1829657,1006649
trip_skew,8,after,2,native,7,7,7,1,0,1,1719960,1005127
trip_skew,8,after,2,native,8,7,7,1,0,1,1768588,1004315
trip_skew,8,after,2,native,9,7,7,1,0,1,1776858,1005137
trip_skew,8,after,2,native,10,7,7,1,0,1,2290366,1004706
trip_skew,8,after,2,native,11,7,7,1,0,1,2604521,1006639
trip_skew,8,after,2,native,12,7,7,1,0,1,1854001,1009224
trip_skew,8,after,2,native,13,7,7,1,0,1,2206551,1008012
trip_skew,8,after,2,native,14,7,7,1,0,1,1866304,1007120
trip_skew,8,after,2,fixed_winner,0,6,5,1,1,1,2337910,0
trip_skew,8,after,2,fixed_winner,1,6,5,1,1,1,2150648,0
trip_skew,8,after,2,fixed_winner,2,6,5,1,1,1,2107736,0
trip_skew,8,after,2,fixed_winner,3,6,5,1,1,1,2044639,0
trip_skew,8,after,2,fixed_winner,4,6,5,1,1,1,2500952,0
trip_skew,8,after,2,fixed_winner,5,6,5,1,1,1,2919280,0
trip_skew,8,after,2,fixed_winner,6,6,5,1,1,1,2123014,0
trip_skew,8,after,2,fixed_winner,7,6,5,1,1,1,2021591,0
trip_skew,8,after,2,fixed_winner,8,6,5,1,1,1,3044262,0
trip_skew,8,after,2,fixed_winner,9,6,5,1,1,1,2773046,0
trip_skew,8,after,2,fixed_winner,10,6,5,1,1,1,2219773,0
trip_skew,8,after,2,fixed_winner,11,6,5,1,1,1,4322970,0
trip_skew,8,after,2,fixed_winner,12,6,5,1,1,1,2701532,0
trip_skew,8,after,2,fixed_winner,13,6,5,1,1,1,2886794,0
trip_skew,8,after,2,fixed_winner,14,6,5,1,1,1,2101340,0
trip_skew,8,before,2,native,0,6,1,1,0,2,2037975,1180749
trip_skew,8,before,2,native,1,6,1,1,0,2,2012308,1179818
trip_skew,8,before,2,native,2,6,1,1,0,2,2009015,1178525
trip_skew,8,before,2,native,3,6,1,1,0,2,1611321,1180128
trip_skew,8,before,2,native,4,6,1,1,0,2,1528387,1178254
trip_skew,8,before,2,native,5,6,1,1,0,2,1886274,1201978
trip_skew,8,before,2,native,6,6,1,1,0,2,1940873,1176020
trip_skew,8,before,2,native,7,6,1,1,0,2,1782620,1179335
trip_skew,8,before,2,native,8,6,1,1,0,2,1927211,1177582
trip_skew,8,before,2,native,9,6,1,1,0,2,1961391,1178234
trip_skew,8,before,2,native,10,6,1,1,0,2,1984115,1177191
trip_skew,8,before,2,native,11,6,1,1,0,2,1977753,1177652
trip_skew,8,before,2,native,12,6,1,1,0,2,1935736,1176790
trip_skew,8,before,2,native,13,6,1,1,0,2,1978895,1176941
trip_skew,8,before,2,native,14,6,1,1,0,2,1913440,1178263
trip_skew,8,before,2,fixed_winner,0,6,5,1,1,1,1934868,0
trip_skew,8,before,2,fixed_winner,1,6,5,1,1,1,1973615,0
trip_skew,8,before,2,fixed_winner,2,6,5,1,1,1,1746963,0
trip_skew,8,before,2,fixed_winner,3,6,5,1,1,1,1951855,0
trip_skew,8,before,2,fixed_winner,4,6,5,1,1,1,1940324,0
trip_skew,8,before,2,fixed_winner,5,6,5,1,1,1,1893957,0
trip_skew,8,before,2,fixed_winner,6,6,5,1,1,1,1920747,0
trip_skew,8,before,2,fixed_winner,7,6,5,1,1,1,1908364,0
trip_skew,8,before,2,fixed_winner,8,6,5,1,1,1,1903244,0
trip_skew,8,before,2,fixed_winner,9,6,5,1,1,1,1962123,0
trip_skew,8,before,2,fixed_winner,10,6,5,1,1,1,1994295,0
trip_skew,8,before,2,fixed_winner,11,6,5,1,1,1,1984215,0
trip_skew,8,before,2,fixed_winner,12,6,5,1,1,1,1872468,0
trip_skew,8,before,2,fixed_winner,13,6,5,1,1,1,2564416,0
trip_skew,8,before,2,fixed_winner,14,6,5,1,1,1,1925686,0
trip_skew,8,after,3,native,0,7,7,1,0,1,1685629,1330873
trip_skew,8,after,3,native,1,7,7,1,0,1,1702020,1330823
trip_skew,8,after,3,native,2,7,7,1,0,1,1803549,1331594
trip_skew,8,after,3,native,3,7,7,1,0,1,1665031,1330313
trip_skew,8,after,3,native,4,7,7,1,0,1,1652848,1330543
trip_skew,8,after,3,native,5,7,7,1,0,1,1700717,1352282
trip_skew,8,after,3,native,6,7,7,1,0,1,1699485,1323068
trip_skew,8,after,3,native,7,7,7,1,0,1,1737385,1322587
trip_skew,8,after,3,native,8,7,7,1,0,1,1687934,1322416
trip_skew,8,after,3,native,9,7,7,1,0,1,1689537,1322647
trip_skew,8,after,3,native,10,7,7,1,0,1,1691530,1322858
trip_skew,8,after,3,native,11,7,7,1,0,1,1720164,1322857
trip_skew,8,after,3,native,12,7,7,1,0,1,1779274,1323779
trip_skew,8,after,3,native,13,7,7,1,0,1,1749417,1324521
trip_skew,8,after,3,native,14,7,7,1,0,1,1778101,1323949
trip_skew,8,after,3,fixed_winner,0,6,5,1,1,1,1590842,0
trip_skew,8,after,3,fixed_winner,1,6,5,1,1,1,1584672,0
trip_skew,8,after,3,fixed_winner,2,6,5,1,1,1,1386803,0
trip_skew,8,after,3,fixed_winner,3,6,5,1,1,1,2172452,0
trip_skew,8,after,3,fixed_winner,4,6,5,1,1,1,1968901,0
trip_skew,8,after,3,fixed_winner,5,6,5,1,1,1,1946345,0
trip_skew,8,after,3,fixed_winner,6,6,5,1,1,1,1883935,0
trip_skew,8,after,3,fixed_winner,7,6,5,1,1,1,1381045,0
trip_skew,8,after,3,fixed_winner,8,6,5,1,1,1,1899558,0
trip_skew,8,after,3,fixed_winner,9,6,5,1,1,1,1432949,0
trip_skew,8,after,3,fixed_winner,10,6,5,1,1,1,1842021,0
trip_skew,8,after,3,fixed_winner,11,6,5,1,1,1,1455892,0
trip_skew,8,after,3,fixed_winner,12,6,5,1,1,1,1829026,0
trip_skew,8,after,3,fixed_winner,13,6,5,1,1,1,1266308,0
trip_skew,8,after,3,fixed_winner,14,6,5,1,1,1,1154571,0
trip_skew,8,before,3,native,0,6,1,1,0,2,1210404,1105174
trip_skew,8,before,3,native,1,6,1,1,0,2,1866576,1104954
trip_skew,8,before,3,native,2,6,1,1,0,2,1875915,1104863
trip_skew,8,before,3,native,3,6,1,1,0,2,1827803,1106576
trip_skew,8,before,3,native,4,6,1,1,0,2,1831040,1105565
trip_skew,8,before,3,native,5,6,1,1,0,2,1873910,1125531
trip_skew,8,before,3,native,6,6,1,1,0,2,1785395,1101406
trip_skew,8,before,3,native,7,6,1,1,0,2,1270727,1101906
trip_skew,8,before,3,native,8,6,1,1,0,2,1206858,1101596
trip_skew,8,before,3,native,9,6,1,1,0,2,1839746,1101486
trip_skew,8,before,3,native,10,6,1,1,0,2,1769846,1101265
trip_skew,8,before,3,native,11,6,1,1,0,2,1283581,1101455
trip_skew,8,before,3,native,12,6,1,1,0,2,1804010,1101166
trip_skew,8,before,3,native,13,6,1,1,0,2,1832542,1101486
trip_skew,8,before,3,native,14,6,1,1,0,2,1767401,1101286
trip_skew,8,before,3,fixed_winner,0,6,5,1,1,1,1160842,0
trip_skew,8,before,3,fixed_winner,1,6,5,1,1,1,1103434,0
trip_skew,8,before,3,fixed_winner,2,6,5,1,1,1,1066787,0
trip_skew,8,before,3,fixed_winner,3,6,5,1,1,1,1051999,0
trip_skew,8,before,3,fixed_winner,4,6,5,1,1,1,1059453,0
trip_skew,8,before,3,fixed_winner,5,6,5,1,1,1,1065664,0
trip_skew,8,before,3,fixed_winner,6,6,5,1,1,1,1062499,0
trip_skew,8,before,3,fixed_winner,7,6,5,1,1,1,1062278,0
trip_skew,8,before,3,fixed_winner,8,6,5,1,1,1,1075953,0
trip_skew,8,before,3,fixed_winner,9,6,5,1,1,1,1060034,0
trip_skew,8,before,3,fixed_winner,10,6,5,1,1,1,1058001,0
trip_skew,8,before,3,fixed_winner,11,6,5,1,1,1,1087305,0
trip_skew,8,before,3,fixed_winner,12,6,5,1,1,1,2122904,0
trip_skew,8,before,3,fixed_winner,13,6,5,1,1,1,1954009,0
trip_skew,8,before,3,fixed_winner,14,6,5,1,1,1,1241342,0
trip_skew,8,before,4,native,0,6,1,1,0,2,1834887,1109529
trip_skew,8,before,4,native,1,6,1,1,0,2,1206006,1108797
trip_skew,8,before,4,native,2,6,1,1,0,2,1815861,1108667
trip_skew,8,before,4,native,3,6,1,1,0,2,1428961,1108878
trip_skew,8,before,4,native,4,6,1,1,0,2,1220653,1108838
trip_skew,8,before,4,native,5,6,1,1,0,2,1808498,1129391
trip_skew,8,before,4,native,6,6,1,1,0,2,1180869,1105566
trip_skew,8,before,4,native,7,6,1,1,0,2,1198262,1105557
trip_skew,8,before,4,native,8,6,1,1,0,2,1846198,1105857
trip_skew,8,before,4,native,9,6,1,1,0,2,1862739,1107210
trip_skew,8,before,4,native,10,6,1,1,0,2,1849364,1106548
trip_skew,8,before,4,native,11,6,1,1,0,2,1833655,1106458
trip_skew,8,before,4,native,12,6,1,1,0,2,1799622,1105826
trip_skew,8,before,4,native,13,6,1,1,0,2,1812555,1105837
trip_skew,8,before,4,native,14,6,1,1,0,2,1321962,1105627
trip_skew,8,before,4,fixed_winner,0,6,5,1,1,1,1780546,0
trip_skew,8,before,4,fixed_winner,1,6,5,1,1,1,1219822,0
trip_skew,8,before,4,fixed_winner,2,6,5,1,1,1,1044335,0
trip_skew,8,before,4,fixed_winner,3,6,5,1,1,1,1070774,0
trip_skew,8,before,4,fixed_winner,4,6,5,1,1,1,1059974,0
trip_skew,8,before,4,fixed_winner,5,6,5,1,1,1,1071896,0
trip_skew,8,before,4,fixed_winner,6,6,5,1,1,1,1042672,0
trip_skew,8,before,4,fixed_winner,7,6,5,1,1,1,1064783,0
trip_skew,8,before,4,fixed_winner,8,6,5,1,1,1,1202760,0
trip_skew,8,before,4,fixed_winner,9,6,5,1,1,1,1872888,0
trip_skew,8,before,4,fixed_winner,10,6,5,1,1,1,1497809,0
trip_skew,8,before,4,fixed_winner,11,6,5,1,1,1,1043433,0
trip_skew,8,before,4,fixed_winner,12,6,5,1,1,1,1082827,0
trip_skew,8,before,4,fixed_winner,13,6,5,1,1,1,1063610,0
trip_skew,8,before,4,fixed_winner,14,6,5,1,1,1,1067948,0
trip_skew,8,after,4,native,0,7,7,1,0,1,1633462,981951
trip_skew,8,after,4,native,1,7,7,1,0,1,1628553,982050
trip_skew,8,after,4,native,2,7,7,1,0,1,1745541,981991
trip_skew,8,after,4,native,3,7,7,1,0,1,1693594,982391
trip_skew,8,after,4,native,4,7,7,1,0,1,1726936,982191
trip_skew,8,after,4,native,5,7,7,1,0,1,1742495,1010383
trip_skew,8,after,4,native,6,7,7,1,0,1,1641357,978293
trip_skew,8,after,4,native,7,7,7,1,0,1,1659601,977903
trip_skew,8,after,4,native,8,7,7,1,0,1,1654030,977893
trip_skew,8,after,4,native,9,7,7,1,0,1,1620568,977783
trip_skew,8,after,4,native,10,7,7,1,0,1,1683907,977953
trip_skew,8,after,4,native,11,7,7,1,0,1,1603205,978464
trip_skew,8,after,4,native,12,7,7,1,0,1,1665321,978063
trip_skew,8,after,4,native,13,7,7,1,0,1,1672875,978194
trip_skew,8,after,4,native,14,7,7,1,0,1,1629896,978123
trip_skew,8,after,4,fixed_winner,0,6,5,1,1,1,1730463,0
trip_skew,8,after,4,fixed_winner,1,6,5,1,1,1,1255689,0
trip_skew,8,after,4,fixed_winner,2,6,5,1,1,1,1127961,0
trip_skew,8,after,4,fixed_winner,3,6,5,1,1,1,1219311,0
trip_skew,8,after,4,fixed_winner,4,6,5,1,1,1,1855345,0
trip_skew,8,after,4,fixed_winner,5,6,5,1,1,1,1243205,0
trip_skew,8,after,4,fixed_winner,6,6,5,1,1,1,1121669,0
trip_skew,8,after,4,fixed_winner,7,6,5,1,1,1,1051167,0
trip_skew,8,after,4,fixed_winner,8,6,5,1,1,1,1049554,0
trip_skew,8,after,4,fixed_winner,9,6,5,1,1,1,1054724,0
trip_skew,8,after,4,fixed_winner,10,6,5,1,1,1,1974517,0
trip_skew,8,after,4,fixed_winner,11,6,5,1,1,1,1492840,0
trip_skew,8,after,4,fixed_winner,12,6,5,1,1,1,1836931,0
trip_skew,8,after,4,fixed_winner,13,6,5,1,1,1,1275315,0
trip_skew,8,after,4,fixed_winner,14,6,5,1,1,1,1791256,0
work_skew,2,before,0,native,0,1,1,1,0,2,6333185,6295802
work_skew,2,before,0,native,1,1,1,1,0,2,6289342,6297586
work_skew,2,before,0,native,2,1,1,1,0,2,6414496,6295552
work_skew,2,before,0,native,3,1,1,1,0,2,6267462,6295853
work_skew,2,before,0,native,4,1,1,1,0,2,6235412,6298016
work_skew,2,before,0,native,5,1,1,1,0,2,6335088,6296684
work_skew,2,before,0,native,6,1,1,1,0,2,6254969,6297175
work_skew,2,before,0,native,7,1,1,1,0,2,6261972,6296083
work_skew,2,before,0,native,8,1,1,1,0,2,6466222,6295542
work_skew,2,before,0,native,9,1,1,1,0,2,6214403,6296183
work_skew,2,before,0,native,10,1,1,1,0,2,6548214,6295772
work_skew,2,before,0,native,11,1,1,1,0,2,6251242,6296754
work_skew,2,before,0,native,12,1,1,1,0,2,6338935,6296003
work_skew,2,before,0,native,13,1,1,1,0,2,6235863,6295963
work_skew,2,before,0,native,14,1,1,1,0,2,6322444,6295653
work_skew,2,before,0,fixed_winner,0,1,1,1,0,1,6326532,0
work_skew,2,before,0,fixed_winner,1,1,1,1,0,1,6250420,0
work_skew,2,before,0,fixed_winner,2,1,1,1,0,1,6611993,0
work_skew,2,before,0,fixed_winner,3,1,1,1,0,1,6291176,0
work_skew,2,before,0,fixed_winner,4,1,1,1,0,1,6603778,0
work_skew,2,before,0,fixed_winner,5,1,1,1,0,1,6417101,0
work_skew,2,before,0,fixed_winner,6,1,1,1,0,1,6296506,0
work_skew,2,before,0,fixed_winner,7,1,1,1,0,1,6340448,0
work_skew,2,before,0,fixed_winner,8,1,1,1,0,1,6265638,0
work_skew,2,before,0,fixed_winner,9,1,1,1,0,1,6589341,0
work_skew,2,before,0,fixed_winner,10,1,1,1,0,1,6334276,0
work_skew,2,before,0,fixed_winner,11,1,1,1,0,1,6380523,0
work_skew,2,before,0,fixed_winner,12,1,1,1,0,1,6360335,0
work_skew,2,before,0,fixed_winner,13,1,1,1,0,1,6345017,0
work_skew,2,before,0,fixed_winner,14,1,1,1,0,1,6612054,0
work_skew,2,after,0,native,0,1,1,1,0,2,6211087,6321335
work_skew,2,after,0,native,1,1,1,1,0,2,6802168,6321275
work_skew,2,after,0,native,2,1,1,1,0,2,6242386,6321896
work_skew,2,after,0,native,3,1,1,1,0,2,6385732,6321195
work_skew,2,after,0,native,4,1,1,1,0,2,6257213,6321154
work_skew,2,after,0,native,5,1,1,1,0,2,6255209,6321054
work_skew,2,after,0,native,6,1,1,1,0,2,6262603,6321355
work_skew,2,after,0,native,7,1,1,1,0,2,6384780,6321405
work_skew,2,after,0,native,8,1,1,1,0,2,6242576,6320964
work_skew,2,after,0,native,9,1,1,1,0,2,6285465,6321345
work_skew,2,after,0,native,10,1,1,1,0,2,6508451,6321305
work_skew,2,after,0,native,11,1,1,1,0,2,6382576,6321435
work_skew,2,after,0,native,12,1,1,1,0,2,6403716,6320714
work_skew,2,after,0,native,13,1,1,2,0,2,6409006,6493026
work_skew,2,after,0,native,14,1,1,2,0,2,6366747,6277762
work_skew,2,after,0,fixed_winner,0,1,1,1,0,1,6602798,0
work_skew,2,after,0,fixed_winner,1,1,1,1,0,1,6248597,0
work_skew,2,after,0,fixed_winner,2,1,1,1,0,1,6561870,0
work_skew,2,after,0,fixed_winner,3,1,1,1,0,1,6285266,0
work_skew,2,after,0,fixed_winner,4,1,1,1,0,1,6319549,0
work_skew,2,after,0,fixed_winner,5,1,1,1,0,1,6304812,0
work_skew,2,after,0,fixed_winner,6,1,1,1,0,1,6275657,0
work_skew,2,after,0,fixed_winner,7,1,1,1,0,1,6276699,0
work_skew,2,after,0,fixed_winner,8,1,1,1,0,1,6270788,0
work_skew,2,after,0,fixed_winner,9,1,1,1,0,1,6591103,0
work_skew,2,after,0,fixed_winner,10,1,1,1,0,1,6295765,0
work_skew,2,after,0,fixed_winner,11,1,1,1,0,1,6281398,0
work_skew,2,after,0,fixed_winner,12,1,1,1,0,1,6381741,0
work_skew,2,after,0,fixed_winner,13,1,1,1,0,1,6291537,0
work_skew,2,after,0,fixed_winner,14,1,1,1,0,1,6351249,0
work_skew,2,before,1,native,0,1,1,1,0,2,6395751,6246546
work_skew,2,before,1,native,1,1,1,1,0,2,6591486,6246106
work_skew,2,before,1,native,2,1,1,1,0,2,6325229,6248320
work_skew,2,before,1,native,3,1,1,1,0,2,6382676,6247318
work_skew,2,before,1,native,4,1,1,1,0,2,6265338,6248780
work_skew,2,before,1,native,5,1,1,1,0,2,6275366,6247588
work_skew,2,before,1,native,6,1,1,1,0,2,6518890,6246626
work_skew,2,before,1,native,7,1,1,1,0,2,6404968,6246506
work_skew,2,before,1,native,8,1,1,1,0,2,6312857,6246386
work_skew,2,before,1,native,9,1,1,1,0,2,6258846,6248410
work_skew,2,before,1,native,10,1,1,1,0,2,6492343,6247167
work_skew,2,before,1,native,11,1,1,1,0,2,6224150,6247138
work_skew,2,before,1,native,12,1,1,1,0,2,6243718,6247087
work_skew,2,before,1,native,13,1,1,1,0,2,6273654,6270456
work_skew,2,before,1,native,14,1,1,1,0,2,6310712,6246571
work_skew,2,before,1,fixed_winner,0,1,1,1,0,1,6339216,0
work_skew,2,before,1,fixed_winner,1,1,1,1,0,1,6260259,0
work_skew,2,before,1,fixed_winner,2,1,1,1,0,1,6443950,0
work_skew,2,before,1,fixed_winner,3,1,1,1,0,1,6247024,0
work_skew,2,before,1,fixed_winner,4,1,1,1,0,1,6279133,0
work_skew,2,before,1,fixed_winner,5,1,1,1,0,1,6663380,0
work_skew,2,before,1,fixed_winner,6,1,1,1,0,1,6262543,0
work_skew,2,before,1,fixed_winner,7,1,1,1,0,1,6295233,0
work_skew,2,before,1,fixed_winner,8,1,1,1,0,1,6278442,0
work_skew,2,before,1,fixed_winner,9,1,1,1,0,1,6247114,0
work_skew,2,before,1,fixed_winner,10,1,1,1,0,1,6271149,0
work_skew,2,before,1,fixed_winner,11,1,1,1,0,1,6251262,0
work_skew,2,before,1,fixed_winner,12,1,1,1,0,1,6272722,0
work_skew,2,before,1,fixed_winner,13,1,1,1,0,1,6279615,0
work_skew,2,before,1,fixed_winner,14,1,1,1,0,1,6247816,0
work_skew,2,after,1,native,0,1,1,1,0,2,6284434,6235808
work_skew,2,after,1,native,1,1,1,1,0,2,6518570,6232553
work_skew,2,after,1,native,2,1,1,1,0,2,6212800,6232763
work_skew,2,after,1,native,3,1,1,1,0,2,6270507,6232742
work_skew,2,after,1,native,4,1,1,1,0,2,6432845,6232242
work_skew,2,after,1,native,5,1,1,1,0,2,6484962,6233213
work_skew,2,after,1,native,6,1,1,1,0,2,6363937,6232853
work_skew,2,after,1,native,7,1,1,1,0,2,6437213,6232913
work_skew,2,after,1,native,8,1,1,1,0,2,6334702,6232342
work_skew,2,after,1,native,9,1,1,1,0,2,6221782,6232803
work_skew,2,after,1,native,10,1,1,1,0,2,6356303,6232221
work_skew,2,after,1,native,11,1,1,1,0,2,6493679,6232602
work_skew,2,after,1,native,12,1,1,1,0,2,6240572,6233183
work_skew,2,after,1,native,13,1,1,1,0,2,6930266,6232271
work_skew,2,after,1,native,14,1,1,1,0,2,6265298,6234475
work_skew,2,after,1,fixed_winner,0,1,1,1,0,1,6306405,0
work_skew,2,after,1,fixed_winner,1,1,1,1,0,1,6250290,0
work_skew,2,after,1,fixed_winner,2,1,1,1,0,1,6293080,0
work_skew,2,after,1,fixed_winner,3,1,1,1,0,1,6608588,0
work_skew,2,after,1,fixed_winner,4,1,1,1,0,1,6317194,0
work_skew,2,after,1,fixed_winner,5,1,1,1,0,1,6732268,0
work_skew,2,after,1,fixed_winner,6,1,1,1,0,1,6254298,0
work_skew,2,after,1,fixed_winner,7,1,1,1,0,1,6241664,0
work_skew,2,after,1,fixed_winner,8,1,1,1,0,1,6293410,0
work_skew,2,after,1,fixed_winner,9,1,1,1,0,1,6287810,0
work_skew,2,after,1,fixed_winner,10,1,1,1,0,1,6273754,0
work_skew,2,after,1,fixed_winner,11,1,1,1,0,1,6260148,0
work_skew,2,after,1,fixed_winner,12,1,1,1,0,1,6246643,0
work_skew,2,after,1,fixed_winner,13,1,1,1,0,1,6378188,0
work_skew,2,after,1,fixed_winner,14,1,1,1,0,1,6257744,0
work_skew,2,after,2,native,0,1,1,1,0,2,6187513,6681812
work_skew,2,after,2,native,1,1,1,1,0,2,6467505,6682874
work_skew,2,after,2,native,2,1,1,1,0,2,6451264,6683917
work_skew,2,after,2,native,3,1,1,1,0,2,6250059,6682874
work_skew,2,after,2,native,4,1,1,1,0,2,6204564,6682744
work_skew,2,after,2,native,5,1,1,1,0,2,6227878,6682744
work_skew,2,after,2,native,6,1,1,1,0,2,6293371,6682523
work_skew,2,after,2,native,7,1,1,1,0,2,6194737,6682964
work_skew,2,after,2,native,8,1,1,1,0,2,6626290,6682724
work_skew,2,after,2,native,9,1,1,1,0,2,6200888,6682163
work_skew,2,after,2,native,10,1,1,1,0,2,6305182,6682003
work_skew,2,after,2,native,11,1,1,1,0,2,6455442,6682844
work_skew,2,after,2,native,12,1,1,1,0,2,6192923,6682764
work_skew,2,after,2,native,13,1,1,1,0,2,6499845,6682614
work_skew,2,after,2,native,14,1,1,1,0,2,6307888,6682644
work_skew,2,after,2,fixed_winner,0,1,1,1,0,1,6362800,0
work_skew,2,after,2,fixed_winner,1,1,1,1,0,1,6278914,0
work_skew,2,after,2,fixed_winner,2,1,1,1,0,1,6313858,0
work_skew,2,after,2,fixed_winner,3,1,1,1,0,1,6530521,0
work_skew,2,after,2,fixed_winner,4,1,1,1,0,1,6316964,0
work_skew,2,after,2,fixed_winner,5,1,1,1,0,1,6615937,0
work_skew,2,after,2,fixed_winner,6,1,1,1,0,1,6246843,0
work_skew,2,after,2,fixed_winner,7,1,1,1,0,1,6294472,0
work_skew,2,after,2,fixed_winner,8,1,1,1,0,1,6258715,0
work_skew,2,after,2,fixed_winner,9,1,1,1,0,1,6268333,0
work_skew,2,after,2,fixed_winner,10,1,1,1,0,1,6367879,0
work_skew,2,after,2,fixed_winner,11,1,1,1,0,1,6302287,0
work_skew,2,after,2,fixed_winner,12,1,1,1,0,1,6266330,0
work_skew,2,after,2,fixed_winner,13,1,1,1,0,1,6250531,0
work_skew,2,after,2,fixed_winner,14,1,1,1,0,1,6292198,0
work_skew,2,before,2,native,0,1,1,1,0,2,6209564,6238013
work_skew,2,before,2,native,1,1,1,1,0,2,6201008,6237812
work_skew,2,before,2,native,2,1,1,1,0,2,6226866,6237953
work_skew,2,before,2,native,3,1,1,1,0,2,6223220,6239476
work_skew,2,before,2,native,4,1,1,1,0,2,6301896,6238664
work_skew,2,before,2,native,5,1,1,1,0,2,6321943,6239075
work_skew,2,before,2,native,6,1,1,1,0,2,6453914,6238153
work_skew,2,before,2,native,7,1,1,1,0,2,6221712,6238153
work_skew,2,before,2,native,8,1,1,1,0,2,6732348,6238133
work_skew,2,before,2,native,9,1,1,1,0,2,6466462,6238343
work_skew,2,before,2,native,10,1,1,1,0,2,6230533,6238293
work_skew,2,before,2,native,11,1,1,1,0,2,6519631,6238163
work_skew,2,before,2,native,12,1,1,1,0,2,6217650,6238573
work_skew,2,before,2,native,13,1,1,1,0,2,6414837,6261708
work_skew,2,before,2,native,14,1,1,1,0,2,6416660,6237644
work_skew,2,before,2,fixed_winner,0,1,1,1,0,1,6292288,0
work_skew,2,before,2,fixed_winner,1,1,1,1,0,1,6309791,0
work_skew,2,before,2,fixed_winner,2,1,1,1,0,1,6289132,0
work_skew,2,before,2,fixed_winner,3,1,1,1,0,1,6464739,0
work_skew,2,before,2,fixed_winner,4,1,1,1,0,1,6248827,0
work_skew,2,before,2,fixed_winner,5,1,1,1,0,1,6273453,0
work_skew,2,before,2,fixed_winner,6,1,1,1,0,1,6497110,0
work_skew,2,before,2,fixed_winner,7,1,1,1,0,1,6316424,0
work_skew,2,before,2,fixed_winner,8,1,1,1,0,1,6556326,0
work_skew,2,before,2,fixed_winner,9,1,1,1,0,1,6286287,0
work_skew,2,before,2,fixed_winner,10,1,1,1,0,1,6615864,0
work_skew,2,before,2,fixed_winner,11,1,1,1,0,1,6649013,0
work_skew,2,before,2,fixed_winner,12,1,1,1,0,1,6285546,0
work_skew,2,before,2,fixed_winner,13,1,1,1,0,1,6440484,0
work_skew,2,before,2,fixed_winner,14,1,1,1,0,1,6283172,0
work_skew,2,before,3,native,0,1,1,1,0,2,6278252,6282639
work_skew,2,before,3,native,1,1,1,1,0,2,6240592,6282488
work_skew,2,before,3,native,2,1,1,1,0,2,6430877,6282257
work_skew,2,before,3,native,3,1,1,1,0,2,6219863,6282298
work_skew,2,before,3,native,4,1,1,1,0,2,6207370,6282098
work_skew,2,before,3,native,5,1,1,1,0,2,6441256,6307503
work_skew,2,before,3,native,6,1,1,1,0,2,6238398,6282657
work_skew,2,before,3,native,7,1,1,1,0,2,6226876,6281926
work_skew,2,before,3,native,8,1,1,1,0,2,6253395,6282607
work_skew,2,before,3,native,9,1,1,1,0,2,6229822,6282527
work_skew,2,before,3,native,10,1,1,1,0,2,6522867,6282257
work_skew,2,before,3,native,11,1,1,1,0,2,6535872,6282306
work_skew,2,before,3,native,12,1,1,1,0,2,6649403,6282336
work_skew,2,before,3,native,13,1,1,1,0,2,6246633,6282598
work_skew,2,before,3,native,14,1,1,1,0,2,6357941,6281666
work_skew,2,before,3,fixed_winner,0,1,1,1,0,1,6270778,0
work_skew,2,before,3,fixed_winner,1,1,1,1,0,1,6319048,0
work_skew,2,before,3,fixed_winner,2,1,1,1,0,1,6266250,0
work_skew,2,before,3,fixed_winner,3,1,1,1,0,1,6252534,0
work_skew,2,before,3,fixed_winner,4,1,1,1,0,1,6334347,0
work_skew,2,before,3,fixed_winner,5,1,1,1,0,1,6312757,0
work_skew,2,before,3,fixed_winner,6,1,1,1,0,1,6553334,0
work_skew,2,before,3,fixed_winner,7,1,1,1,0,1,6256272,0
work_skew,2,before,3,fixed_winner,8,1,1,1,0,1,6281919,0
work_skew,2,before,3,fixed_winner,9,1,1,1,0,1,6575405,0
work_skew,2,before,3,fixed_winner,10,1,1,1,0,1,6254397,0
work_skew,2,before,3,fixed_winner,11,1,1,1,0,1,6399088,0
work_skew,2,before,3,fixed_winner,12,1,1,1,0,1,6267512,0
work_skew,2,before,3,fixed_winner,13,1,1,1,0,1,6382202,0
work_skew,2,before,3,fixed_winner,14,1,1,1,0,1,6269556,0
work_skew,2,after,3,native,0,1,1,1,0,2,6397794,6259905
work_skew,2,after,3,native,1,1,1,1,0,2,6503191,6258784
work_skew,2,after,3,native,2,1,1,1,0,2,6237476,6257080
work_skew,2,after,3,native,3,1,1,1,0,2,6281092,6257021
work_skew,2,after,3,native,4,1,1,1,0,2,6310968,6257060
work_skew,2,after,3,native,5,1,1,1,0,2,6486480,6281122
work_skew,2,after,3,native,6,1,1,1,0,2,6231796,6258149
work_skew,2,after,3,native,7,1,1,1,0,2,6221867,6256817
work_skew,2,after,3,native,8,1,1,1,0,2,6231019,6256666
work_skew,2,after,3,native,9,1,1,1,0,2,6284498,6256486
work_skew,2,after,3,native,10,1,1,1,0,2,6447156,6256366
work_skew,2,after,3,native,11,1,1,1,0,2,6203883,6257147
work_skew,2,after,3,native,12,1,1,1,0,2,6439152,6256446
work_skew,2,after,3,native,13,1,1,1,0,2,6276249,6256656
work_skew,2,after,3,native,14,1,1,1,0,2,6222769,6256776
work_skew,2,after,3,fixed_winner,0,1,1,1,0,1,6312545,0
work_skew,2,after,3,fixed_winner,1,1,1,1,0,1,6254377,0
work_skew,2,after,3,fixed_winner,2,1,1,1,0,1,6630016,0
work_skew,2,after,3,fixed_winner,3,1,1,1,0,1,6255169,0
work_skew,2,after,3,fixed_winner,4,1,1,1,0,1,6244420,0
work_skew,2,after,3,fixed_winner,5,1,1,1,0,1,6744390,0
work_skew,2,after,3,fixed_winner,6,1,1,1,0,1,6274034,0
work_skew,2,after,3,fixed_winner,7,1,1,1,0,1,6725251,0
work_skew,2,after,3,fixed_winner,8,1,1,1,0,1,6319539,0
work_skew,2,after,3,fixed_winner,9,1,1,1,0,1,6264817,0
work_skew,2,after,3,fixed_winner,10,1,1,1,0,1,6246763,0
work_skew,2,after,3,fixed_winner,11,1,1,1,0,1,6319398,0
work_skew,2,after,3,fixed_winner,12,1,1,1,0,1,6279585,0
work_skew,2,after,3,fixed_winner,13,1,1,1,0,1,6307887,0
work_skew,2,after,3,fixed_winner,14,1,1,1,0,1,6451389,0
work_skew,2,before,4,native,0,1,1,1,0,2,6232046,6220809
work_skew,2,before,4,native,1,1,1,1,0,2,6417401,6219677
work_skew,2,before,4,native,2,1,1,1,0,2,6222658,6220518
work_skew,2,before,4,native,3,1,1,1,0,2,6396863,6220187
work_skew,2,before,4,native,4,1,1,1,0,2,6217539,6220237
work_skew,2,before,4,native,5,1,1,1,0,2,6205166,6220387
work_skew,2,before,4,native,6,1,1,1,0,2,6255099,6220087
work_skew,2,before,4,native,7,1,1,1,0,2,6168438,6219576
work_skew,2,before,4,native,8,1,1,1,0,2,6448305,6219636
work_skew,2,before,4,native,9,1,1,1,0,2,6264500,6219696
work_skew,2,before,4,native,10,1,1,1,0,2,6397294,6219747
work_skew,2,before,4,native,11,1,1,1,0,2,6306394,6219416
work_skew,2,before,4,native,12,1,1,1,0,2,6393407,6219325
work_skew,2,before,4,native,13,1,1,1,0,2,6286708,6219966
work_skew,2,before,4,native,14,1,1,1,0,2,6419445,6220127
work_skew,2,before,4,fixed_winner,0,1,1,1,0,1,6389069,0
work_skew,2,before,4,fixed_winner,1,1,1,1,0,1,6270638,0
work_skew,2,before,4,fixed_winner,2,1,1,1,0,1,6253746,0
work_skew,2,before,4,fixed_winner,3,1,1,1,0,1,6378560,0
work_skew,2,before,4,fixed_winner,4,1,1,1,0,1,6270307,0
work_skew,2,before,4,fixed_winner,5,1,1,1,0,1,6332062,0
work_skew,2,before,4,fixed_winner,6,1,1,1,0,1,6244188,0
work_skew,2,before,4,fixed_winner,7,1,1,1,0,1,6268684,0
work_skew,2,before,4,fixed_winner,8,1,1,1,0,1,6390291,0
work_skew,2,before,4,fixed_winner,9,1,1,1,0,1,6308247,0
work_skew,2,before,4,fixed_winner,10,1,1,1,0,1,6312606,0
work_skew,2,before,4,fixed_winner,11,1,1,1,0,1,6250691,0
work_skew,2,before,4,fixed_winner,12,1,1,1,0,1,6278773,0
work_skew,2,before,4,fixed_winner,13,1,1,1,0,1,6260058,0
work_skew,2,before,4,fixed_winner,14,1,1,1,0,1,6266660,0
work_skew,2,after,4,native,0,1,1,1,0,2,6259678,6218380
work_skew,2,after,4,native,1,1,1,1,0,2,6220024,6217929
work_skew,2,after,4,native,2,1,1,1,0,2,6284344,6218029
work_skew,2,after,4,native,3,1,1,1,0,2,6216928,6217840
work_skew,2,after,4,native,4,1,1,1,0,2,6457160,6217759
work_skew,2,after,4,native,5,1,1,1,0,2,6503697,6220093
work_skew,2,after,4,native,6,1,1,1,0,2,6372547,6220585
work_skew,2,after,4,native,7,1,1,1,0,2,6306013,6220885
work_skew,2,after,4,native,8,1,1,1,0,2,6253296,6220364
work_skew,2,after,4,native,9,1,1,1,0,2,6380849,6219051
work_skew,2,after,4,native,10,1,1,1,0,2,6273549,6220494
work_skew,2,after,4,native,11,1,1,1,0,2,6374462,6221025
work_skew,2,after,4,native,12,1,1,1,0,2,6249844,6220324
work_skew,2,after,4,native,13,1,1,1,0,2,6285200,6219994
work_skew,2,after,4,native,14,1,1,1,0,2,6345262,6217569
work_skew,2,after,4,fixed_winner,0,1,1,1,0,1,6301586,0
work_skew,2,after,4,fixed_winner,1,1,1,1,0,1,6508202,0
work_skew,2,after,4,fixed_winner,2,1,1,1,0,1,6267552,0
work_skew,2,after,4,fixed_winner,3,1,1,1,0,1,6368290,0
work_skew,2,after,4,fixed_winner,4,1,1,1,0,1,6260689,0
work_skew,2,after,4,fixed_winner,5,1,1,1,0,1,6376555,0
work_skew,2,after,4,fixed_winner,6,1,1,1,0,1,6269215,0
work_skew,2,after,4,fixed_winner,7,1,1,1,0,1,6281278,0
work_skew,2,after,4,fixed_winner,8,1,1,1,0,1,6567390,0
work_skew,2,after,4,fixed_winner,9,1,1,1,0,1,6254067,0
work_skew,2,after,4,fixed_winner,10,1,1,1,0,1,6278452,0
work_skew,2,after,4,fixed_winner,11,1,1,1,0,1,6255059,0
work_skew,2,after,4,fixed_winner,12,1,1,1,0,1,6252574,0
work_skew,2,after,4,fixed_winner,13,1,1,1,0,1,6309490,0
work_skew,2,after,4,fixed_winner,14,1,1,1,0,1,6265919,0
work_skew,4,before,0,native,0,2,1,1,0,2,4470426,3447467
work_skew,4,before,0,native,1,2,1,1,0,2,3931091,3446435
work_skew,4,before,0,native,2,2,1,1,0,2,4141242,3446515
work_skew,4,before,0,native,3,2,1,1,0,2,3493276,3446014
work_skew,4,before,0,native,4,2,1,1,0,2,3920561,3445043
work_skew,4,before,0,native,5,2,1,1,0,2,4038451,3470377
work_skew,4,before,0,native,6,2,1,1,0,2,3521183,3445420
work_skew,4,before,0,native,7,2,1,1,0,2,3734759,3443136
work_skew,4,before,0,native,8,2,1,1,0,2,3923437,3443417
work_skew,4,before,0,native,9,2,1,1,0,2,3534683,3445100
work_skew,4,before,0,native,10,2,1,1,0,2,3817591,3444549
work_skew,4,before,0,native,11,2,1,1,0,2,3667671,3443928
work_skew,4,before,0,native,12,2,1,1,0,2,3603601,3443386
work_skew,4,before,0,native,13,2,1,1,0,2,4021619,3442455
work_skew,4,before,0,native,14,2,1,1,0,2,3560140,3441753
work_skew,4,before,0,fixed_winner,0,3,3,1,0,1,2341110,0
work_skew,4,before,0,fixed_winner,1,3,3,1,0,1,2452497,0
work_skew,4,before,0,fixed_winner,2,3,3,1,0,1,2362130,0
work_skew,4,before,0,fixed_winner,3,3,3,1,0,1,3072772,0
work_skew,4,before,0,fixed_winner,4,3,3,1,0,1,2430527,0
work_skew,4,before,0,fixed_winner,5,3,3,1,0,1,2444422,0
work_skew,4,before,0,fixed_winner,6,3,3,1,0,1,2480439,0
work_skew,4,before,0,fixed_winner,7,3,3,1,0,1,2547083,0
work_skew,4,before,0,fixed_winner,8,3,3,1,0,1,2546528,0
work_skew,4,before,0,fixed_winner,9,3,3,1,0,1,2490674,0
work_skew,4,before,0,fixed_winner,10,3,3,1,0,1,2399960,0
work_skew,4,before,0,fixed_winner,11,3,3,1,0,1,2568508,0
work_skew,4,before,0,fixed_winner,12,3,3,1,0,1,2412913,0
work_skew,4,before,0,fixed_winner,13,3,3,1,0,1,2474142,0
work_skew,4,before,0,fixed_winner,14,3,3,1,0,1,2555970,0
work_skew,4,after,0,native,0,3,3,1,0,1,2589993,2311231
work_skew,4,after,0,native,1,3,3,1,0,1,2320552,2311762
work_skew,4,after,0,native,2,3,3,1,0,1,2365696,2311652
work_skew,4,after,0,native,3,3,3,1,0,1,2399368,2311582
work_skew,4,after,0,native,4,3,3,1,0,1,2346190,2311412
work_skew,4,after,0,native,5,3,3,1,0,1,2463197,2337978
work_skew,4,after,0,native,6,3,3,1,0,1,2495968,2307561
work_skew,4,after,0,native,7,3,3,1,0,1,2410068,2307711
work_skew,4,after,0,native,8,3,3,1,0,1,2404879,2307672
work_skew,4,after,0,native,9,3,3,1,0,1,2607406,2307821
work_skew,4,after,0,native,10,3,3,1,0,1,2415799,2307922
work_skew,4,after,0,native,11,3,3,1,0,1,2452027,2308022
work_skew,4,after,0,native,12,3,3,1,0,1,2602386,2307771
work_skew,4,after,0,native,13,3,3,1,0,1,2367529,2307691
work_skew,4,after,0,native,14,3,3,1,0,1,2372458,2307702
work_skew,4,after,0,fixed_winner,0,3,3,1,0,1,2435125,0
work_skew,4,after,0,fixed_winner,1,3,3,1,0,1,2542324,0
work_skew,4,after,0,fixed_winner,2,3,3,1,0,1,2377267,0
work_skew,4,after,0,fixed_winner,3,3,3,1,0,1,2365986,0
work_skew,4,after,0,fixed_winner,4,3,3,1,0,1,2348474,0
work_skew,4,after,0,fixed_winner,5,3,3,1,0,1,2310713,0
work_skew,4,after,0,fixed_winner,6,3,3,1,0,1,2374953,0
work_skew,4,after,0,fixed_winner,7,3,3,1,0,1,2349245,0
work_skew,4,after,0,fixed_winner,8,3,3,1,0,1,2385242,0
work_skew,4,after,0,fixed_winner,9,3,3,1,0,1,2369503,0
work_skew,4,after,0,fixed_winner,10,3,3,1,0,1,2510145,0
work_skew,4,after,0,fixed_winner,11,3,3,1,0,1,2473036,0
work_skew,4,after,0,fixed_winner,12,3,3,1,0,1,2370946,0
work_skew,4,after,0,fixed_winner,13,3,3,1,0,1,2363121,0
work_skew,4,after,0,fixed_winner,14,3,3,1,0,1,2596265,0
work_skew,4,after,1,native,0,3,3,1,0,1,2411281,2289196
work_skew,4,after,1,native,1,3,3,1,0,1,2378289,2288936
work_skew,4,after,1,native,2,3,3,1,0,1,2802880,2288745
work_skew,4,after,1,native,3,3,3,1,0,1,2372588,2289036
work_skew,4,after,1,native,4,3,3,1,0,1,2564205,2288826
work_skew,4,after,1,native,5,3,3,1,0,1,2457366,2310093
work_skew,4,after,1,native,6,3,3,1,0,1,2381154,2285738
work_skew,4,after,1,native,7,3,3,1,0,1,2366166,2285948
work_skew,4,after,1,native,8,3,3,1,0,1,2618301,2285607
work_skew,4,after,1,native,9,3,3,1,0,1,2413079,2285948
work_skew,4,after,1,native,10,3,3,1,0,1,2464610,2285748
work_skew,4,after,1,native,11,3,3,1,0,1,2469309,2285677
work_skew,4,after,1,native,12,3,3,1,0,1,2592558,2285578
work_skew,4,after,1,native,13,3,3,1,0,1,2375905,2285758
work_skew,4,after,1,native,14,3,3,1,0,1,2378881,2285697
work_skew,4,after,1,fixed_winner,0,3,3,1,0,1,2454651,0
work_skew,4,after,1,fixed_winner,1,3,3,1,0,1,2545490,0
work_skew,4,after,1,fixed_winner,2,3,3,1,0,1,2363081,0
work_skew,4,after,1,fixed_winner,3,3,3,1,0,1,2477854,0
work_skew,4,after,1,fixed_winner,4,3,3,1,0,1,2334878,0
work_skew,4,after,1,fixed_winner,5,3,3,1,0,1,2445604,0
work_skew,4,after,1,fixed_winner,6,3,3,1,0,1,2363422,0
work_skew,4,after,1,fixed_winner,7,3,3,1,0,1,2355877,0
work_skew,4,after,1,fixed_winner,8,3,3,1,0,1,2906583,0
work_skew,4,after,1,fixed_winner,9,3,3,1,0,1,2573663,0
work_skew,4,after,1,fixed_winner,10,3,3,1,0,1,2359885,0
work_skew,4,after,1,fixed_winner,11,3,3,1,0,1,2372468,0
work_skew,4,after,1,fixed_winner,12,3,3,1,0,1,2368791,0
work_skew,4,after,1,fixed_winner,13,3,3,1,0,1,2584698,0
work_skew,4,after,1,fixed_winner,14,3,3,1,0,1,2527642,0
work_skew,4,before,1,native,0,2,1,1,0,2,3414529,3424869
work_skew,4,before,1,native,1,2,1,1,0,2,3502643,3424289
work_skew,4,before,1,native,2,2,1,1,0,2,3360503,3424319
work_skew,4,before,1,native,3,2,1,1,0,2,3583298,3424419
work_skew,4,before,1,native,4,2,1,1,0,2,3342374,3424309
work_skew,4,before,1,native,5,2,1,1,0,2,3465063,3450692
work_skew,4,before,1,native,6,2,1,1,0,2,3528997,3421758
work_skew,4,before,1,native,7,2,1,1,0,2,3477015,3421728
work_skew,4,before,1,native,8,2,1,1,0,2,3322342,3422349
work_skew,4,before,1,native,9,2,1,1,0,2,3307530,3421958
work_skew,4,before,1,native,10,2,1,1,0,2,3541486,3422008
work_skew,4,before,1,native,11,2,1,1,0,2,3571360,3422009
work_skew,4,before,1,native,12,2,1,1,0,2,3520386,3422450
work_skew,4,before,1,native,13,2,1,1,0,2,3433113,3421488
work_skew,4,before,1,native,14,2,1,1,0,2,3522870,3421418
work_skew,4,before,1,fixed_winner,0,3,3,1,0,1,2566570,0
work_skew,4,before,1,fixed_winner,1,3,3,1,0,1,2402013,0
work_skew,4,before,1,fixed_winner,2,3,3,1,0,1,2542094,0
work_skew,4,before,1,fixed_winner,3,3,3,1,0,1,2469489,0
work_skew,4,before,1,fixed_winner,4,3,3,1,0,1,2482663,0
work_skew,4,before,1,fixed_winner,5,3,3,1,0,1,2590855,0
work_skew,4,before,1,fixed_winner,6,3,3,1,0,1,2362409,0
work_skew,4,before,1,fixed_winner,7,3,3,1,0,1,2384060,0
work_skew,4,before,1,fixed_winner,8,3,3,1,0,1,2373921,0
work_skew,4,before,1,fixed_winner,9,3,3,1,0,1,2600744,0
work_skew,4,before,1,fixed_winner,10,3,3,1,0,1,2397846,0
work_skew,4,before,1,fixed_winner,11,3,3,1,0,1,2472585,0
work_skew,4,before,1,fixed_winner,12,3,3,1,0,1,2529340,0
work_skew,4,before,1,fixed_winner,13,3,3,1,0,1,2400320,0
work_skew,4,before,1,fixed_winner,14,3,3,1,0,1,2520414,0
work_skew,4,before,2,native,0,2,1,1,0,2,3354843,3330283
work_skew,4,before,2,native,1,2,1,1,0,2,4023989,3331926
work_skew,4,before,2,native,2,2,1,1,0,2,3351788,3331204
work_skew,4,before,2,native,3,2,1,1,0,2,3418406,3330112
work_skew,4,before,2,native,4,2,1,1,0,2,3610419,3329572
work_skew,4,before,2,native,5,2,1,1,0,2,3457950,3352698
work_skew,4,before,2,native,6,2,1,1,0,2,3466075,3328252
work_skew,4,before,2,native,7,2,1,1,0,2,3321846,3327170
work_skew,4,before,2,native,8,2,1,1,0,2,3372760,3326800
work_skew,4,before,2,native,9,2,1,1,0,2,3386463,3327481
work_skew,4,before,2,native,10,2,1,1,0,2,3420645,3327361
work_skew,4,before,2,native,11,2,1,1,0,2,3544311,3327411
work_skew,4,before,2,native,12,2,1,1,0,2,3319417,3326989
work_skew,4,before,2,native,13,2,1,1,0,2,3544300,3326960
work_skew,4,before,2,native,14,2,1,1,0,2,3313726,3326830
work_skew,4,before,2,fixed_winner,0,3,3,1,0,1,2486060,0
work_skew,4,before,2,fixed_winner,1,3,3,1,0,1,2559366,0
work_skew,4,before,2,fixed_winner,2,3,3,1,0,1,2438596,0
work_skew,4,before,2,fixed_winner,3,3,3,1,0,1,2461629,0
work_skew,4,before,2,fixed_winner,4,3,3,1,0,1,2343224,0
work_skew,4,before,2,fixed_winner,5,3,3,1,0,1,2354935,0
work_skew,4,before,2,fixed_winner,6,3,3,1,0,1,2890523,0
work_skew,4,before,2,fixed_winner,7,3,3,1,0,1,2348804,0
work_skew,4,before,2,fixed_winner,8,3,3,1,0,1,2513772,0
work_skew,4,before,2,fixed_winner,9,3,3,1,0,1,2405921,0
work_skew,4,before,2,fixed_winner,10,3,3,1,0,1,2457506,0
work_skew,4,before,2,fixed_winner,11,3,3,1,0,1,2999846,0
work_skew,4,before,2,fixed_winner,12,3,3,1,0,1,2336902,0
work_skew,4,before,2,fixed_winner,13,3,3,1,0,1,2608197,0
work_skew,4,before,2,fixed_winner,14,3,3,1,0,1,2366688,0
work_skew,4,after,2,native,0,3,3,1,0,1,2751213,2316084
work_skew,4,after,2,native,1,3,3,1,0,1,2304762,2315813
work_skew,4,after,2,native,2,3,3,1,0,1,2383079,2315693
work_skew,4,after,2,native,3,3,3,1,0,1,2423834,2315452
work_skew,4,after,2,native,4,3,3,1,0,1,2371527,2315672
work_skew,4,after,2,native,5,3,3,1,0,1,2399919,2340643
work_skew,4,after,2,native,6,3,3,1,0,1,2603950,2311960
work_skew,4,after,2,native,7,3,3,1,0,1,2871638,2312360
work_skew,4,after,2,native,8,3,3,1,0,1,2620099,2312320
work_skew,4,after,2,native,9,3,3,1,0,1,2409598,2312340
work_skew,4,after,2,native,10,3,3,1,0,1,2403987,2312370
work_skew,4,after,2,native,11,3,3,1,0,1,2371256,2311979
work_skew,4,after,2,native,12,3,3,1,0,1,2612245,2311999
work_skew,4,after,2,native,13,3,3,1,0,1,2581347,2321409
work_skew,4,after,2,native,14,3,3,1,0,1,2412363,2311281
work_skew,4,after,2,fixed_winner,0,3,3,1,0,1,2386304,0
work_skew,4,after,2,fixed_winner,1,3,3,1,0,1,2457136,0
work_skew,4,after,2,fixed_winner,2,3,3,1,0,1,2322084,0
work_skew,4,after,2,fixed_winner,3,3,3,1,0,1,2399228,0
work_skew,4,after,2,fixed_winner,4,3,3,1,0,1,2374492,0
work_skew,4,after,2,fixed_winner,5,3,3,1,0,1,2797370,0
work_skew,4,after,2,fixed_winner,6,3,3,1,0,1,2389730,0
work_skew,4,after,2,fixed_winner,7,3,3,1,0,1,2565477,0
work_skew,4,after,2,fixed_winner,8,3,3,1,0,1,2363953,0
work_skew,4,after,2,fixed_winner,9,3,3,1,0,1,2379972,0
work_skew,4,after,2,fixed_winner,10,3,3,1,0,1,2614349,0
work_skew,4,after,2,fixed_winner,11,3,3,1,0,1,2474909,0
work_skew,4,after,2,fixed_winner,12,3,3,1,0,1,2396413,0
work_skew,4,after,2,fixed_winner,13,3,3,1,0,1,2396473,0
work_skew,4,after,2,fixed_winner,14,3,3,1,0,1,2593270,0
work_skew,4,before,3,native,0,2,1,1,0,2,3445737,3417507
work_skew,4,before,3,native,1,2,1,1,0,2,3460154,3417076
work_skew,4,before,3,native,2,2,1,1,0,2,3544241,3417387
work_skew,4,before,3,native,3,2,1,1,0,2,3414018,3417007
work_skew,4,before,3,native,4,2,1,1,0,2,3625318,3417527
work_skew,4,before,3,native,5,2,1,1,0,2,3514339,3454591
work_skew,4,before,3,native,6,2,1,1,0,2,3387098,3418243
work_skew,4,before,3,native,7,2,1,1,0,2,3487144,3415648
work_skew,4,before,3,native,8,2,1,1,0,2,3730754,3415528
work_skew,4,before,3,native,9,2,1,1,0,2,3411527,3415418
work_skew,4,before,3,native,10,2,1,1,0,2,3335562,3416019
work_skew,4,before,3,native,11,2,1,1,0,2,3583423,3415588
work_skew,4,before,3,native,12,2,1,1,0,2,3451057,3415608
work_skew,4,before,3,native,13,2,1,1,0,2,3645449,3415148
work_skew,4,before,3,native,14,2,1,1,0,2,3407065,3416771
work_skew,4,before,3,fixed_winner,0,3,3,1,0,1,2355487,0
work_skew,4,before,3,fixed_winner,1,3,3,1,0,1,2381556,0
work_skew,4,before,3,fixed_winner,2,3,3,1,0,1,2443089,0
work_skew,4,before,3,fixed_winner,3,3,3,1,0,1,2385623,0
work_skew,4,before,3,fixed_winner,4,3,3,1,0,1,2351790,0
work_skew,4,before,3,fixed_winner,5,3,3,1,0,1,2651267,0
work_skew,4,before,3,fixed_winner,6,3,3,1,0,1,2382326,0
work_skew,4,before,3,fixed_winner,7,3,3,1,0,1,2518170,0
work_skew,4,before,3,fixed_winner,8,3,3,1,0,1,2373330,0
work_skew,4,before,3,fixed_winner,9,3,3,1,0,1,2363531,0
work_skew,4,before,3,fixed_winner,10,3,3,1,0,1,2360586,0
work_skew,4,before,3,fixed_winner,11,3,3,1,0,1,2657959,0
work_skew,4,before,3,fixed_winner,12,3,3,1,0,1,2512699,0
work_skew,4,before,3,fixed_winner,13,3,3,1,0,1,2354726,0
work_skew,4,before,3,fixed_winner,14,3,3,1,0,1,2834048,0
work_skew,4,after,3,native,0,3,3,1,0,1,2429915,2298143
work_skew,4,after,3,native,1,3,3,1,0,1,2510285,2297822
work_skew,4,after,3,native,2,3,3,1,0,1,2553225,2297833
work_skew,4,after,3,native,3,3,3,1,0,1,2387175,2297973
work_skew,4,after,3,native,4,3,3,1,0,1,2506428,2297672
work_skew,4,after,3,native,5,3,3,1,0,1,2730775,2322239
work_skew,4,after,3,native,6,3,3,1,0,1,2441898,2294286
work_skew,4,after,3,native,7,3,3,1,0,1,2448039,2294416
work_skew,4,after,3,native,8,3,3,1,0,1,2393618,2294617
work_skew,4,after,3,native,9,3,3,1,0,1,2450394,2294257
work_skew,4,after,3,native,10,3,3,1,0,1,2307557,2294436
work_skew,4,after,3,native,11,3,3,1,0,1,2535321,2294416
work_skew,4,after,3,native,12,3,3,1,0,1,2458147,2294456
work_skew,4,after,3,native,13,3,3,1,0,1,2569245,2294317
work_skew,4,after,3,native,14,3,3,1,0,1,2457647,2294717
work_skew,4,after,3,fixed_winner,0,3,3,1,0,1,2355977,0
work_skew,4,after,3,fixed_winner,1,3,3,1,0,1,2509083,0
work_skew,4,after,3,fixed_winner,2,3,3,1,0,1,2361178,0
work_skew,4,after,3,fixed_winner,3,3,3,1,0,1,2322685,0
work_skew,4,after,3,fixed_winner,4,3,3,1,0,1,2376396,0
work_skew,4,after,3,fixed_winner,5,3,3,1,0,1,2534901,0
work_skew,4,after,3,fixed_winner,6,3,3,1,0,1,2550470,0
work_skew,4,after,3,fixed_winner,7,3,3,1,0,1,2405961,0
work_skew,4,after,3,fixed_winner,8,3,3,1,0,1,2431849,0
work_skew,4,after,3,fixed_winner,9,3,3,1,0,1,2357300,0
work_skew,4,after,3,fixed_winner,10,3,3,1,0,1,2426509,0
work_skew,4,after,3,fixed_winner,11,3,3,1,0,1,2603719,0
work_skew,4,after,3,fixed_winner,12,3,3,1,0,1,2365905,0
work_skew,4,after,3,fixed_winner,13,3,3,1,0,1,2541974,0
work_skew,4,after,3,fixed_winner,14,3,3,1,0,1,2367308,0
work_skew,4,after,4,native,0,3,3,1,0,1,2608368,2319461
work_skew,4,after,4,native,1,3,3,1,0,1,2309331,2319733
work_skew,4,after,4,native,2,3,3,1,0,1,2511337,2320053
work_skew,4,after,4,native,3,3,3,1,0,1,2611794,2319592
work_skew,4,after,4,native,4,3,3,1,0,1,2444678,2319351
work_skew,4,after,4,native,5,3,3,1,0,1,2567727,2353789
work_skew,4,after,4,native,6,3,3,1,0,1,2602737,2316268
work_skew,4,after,4,native,7,3,3,1,0,1,2365360,2316800
work_skew,4,after,4,native,8,3,3,1,0,1,2597909,2316398
work_skew,4,after,4,native,9,3,3,1,0,1,2666404,2316179
work_skew,4,after,4,native,10,3,3,1,0,1,2505226,2316558
work_skew,4,after,4,native,11,3,3,1,0,1,2703214,2316349
work_skew,4,after,4,native,12,3,3,1,0,1,2393367,2316319
work_skew,4,after,4,native,13,3,3,1,0,1,2453018,2316278
work_skew,4,after,4,native,14,3,3,1,0,1,2380503,2316469
work_skew,4,after,4,fixed_winner,0,3,3,1,0,1,2428523,0
work_skew,4,after,4,fixed_winner,1,3,3,1,0,1,2513511,0
work_skew,4,after,4,fixed_winner,2,3,3,1,0,1,2647120,0
work_skew,4,after,4,fixed_winner,3,3,3,1,0,1,2395391,0
work_skew,4,after,4,fixed_winner,4,3,3,1,0,1,2595313,0
work_skew,4,after,4,fixed_winner,5,3,3,1,0,1,2596846,0
work_skew,4,after,4,fixed_winner,6,3,3,1,0,1,2416750,0
work_skew,4,after,4,fixed_winner,7,3,3,1,0,1,2377317,0
work_skew,4,after,4,fixed_winner,8,3,3,1,0,1,2395230,0
work_skew,4,after,4,fixed_winner,9,3,3,1,0,1,2559466,0
work_skew,4,after,4,fixed_winner,10,3,3,1,0,1,2457507,0
work_skew,4,after,4,fixed_winner,11,3,3,1,0,1,2463047,0
work_skew,4,after,4,fixed_winner,12,3,3,1,0,1,2498553,0
work_skew,4,after,4,fixed_winner,13,3,3,1,0,1,2344186,0
work_skew,4,after,4,fixed_winner,14,3,3,1,0,1,2496348,0
work_skew,4,before,4,native,0,2,1,1,0,2,3651695,3447201
work_skew,4,before,4,native,1,2,1,1,0,2,3393766,3447111
work_skew,4,before,4,native,2,2,1,1,0,2,3517601,3446950
work_skew,4,before,4,native,3,2,1,1,0,2,3599348,3447332
work_skew,4,before,4,native,4,2,1,1,0,2,3379092,3447411
work_skew,4,before,4,native,5,2,1,1,0,2,3551250,3489270
work_skew,4,before,4,native,6,2,1,1,0,2,3404921,3445317
work_skew,4,before,4,native,7,2,1,1,0,2,3496797,3444216
work_skew,4,before,4,native,8,2,1,1,0,2,3438723,3443936
work_skew,4,before,4,native,9,2,1,1,0,2,3925763,3443554
work_skew,4,before,4,native,10,2,1,1,0,2,3551403,3443474
work_skew,4,before,4,native,11,2,1,1,0,2,3510584,3443645
work_skew,4,before,4,native,12,2,1,1,0,2,3764686,3444076
work_skew,4,before,4,native,13,2,1,1,0,2,3457444,3443585
work_skew,4,before,4,native,14,2,1,1,0,2,3463946,3443213
work_skew,4,before,4,fixed_winner,0,3,3,1,0,1,2325275,0
work_skew,4,before,4,fixed_winner,1,3,3,1,0,1,2431343,0
work_skew,4,before,4,fixed_winner,2,3,3,1,0,1,2356634,0
work_skew,4,before,4,fixed_winner,3,3,3,1,0,1,2465442,0
work_skew,4,before,4,fixed_winner,4,3,3,1,0,1,2347732,0
work_skew,4,before,4,fixed_winner,5,3,3,1,0,1,2644009,0
work_skew,4,before,4,fixed_winner,6,3,3,1,0,1,2338009,0
work_skew,4,before,4,fixed_winner,7,3,3,1,0,1,2518650,0
work_skew,4,before,4,fixed_winner,8,3,3,1,0,1,2511858,0
work_skew,4,before,4,fixed_winner,9,3,3,1,0,1,2576022,0
work_skew,4,before,4,fixed_winner,10,3,3,1,0,1,2373355,0
work_skew,4,before,4,fixed_winner,11,3,3,1,0,1,2766858,0
work_skew,4,before,4,fixed_winner,12,3,3,1,0,1,2415910,0
work_skew,4,before,4,fixed_winner,13,3,3,1,0,1,2349976,0
work_skew,4,before,4,fixed_winner,14,3,3,1,0,1,2404874,0
work_skew,6,after,0,native,0,5,5,1,0,1,1629125,1528794
work_skew,6,after,0,native,1,5,5,1,0,1,1682273,1528434
work_skew,6,after,0,native,2,5,5,1,0,1,1555266,1528664
work_skew,6,after,0,native,3,5,5,1,0,1,1644713,1528665
work_skew,6,after,0,native,4,5,5,1,0,1,1638511,1528605
work_skew,6,after,0,native,5,5,5,1,0,1,1692131,1550446
work_skew,6,after,0,native,6,5,5,1,0,1,1806254,1523236
work_skew,6,after,0,native,7,5,5,1,0,1,1713210,1522925
work_skew,6,after,0,native,8,5,5,1,0,1,1560106,1522725
work_skew,6,after,0,native,9,5,5,1,0,1,1548434,1522684
work_skew,6,after,0,native,10,5,5,1,0,1,1658149,1522584
work_skew,6,after,0,native,11,5,5,1,0,1,1720725,1522644
work_skew,6,after,0,native,12,5,5,1,0,1,1589029,1522745
work_skew,6,after,0,native,13,5,5,1,0,1,1581656,1522443
work_skew,6,after,0,native,14,5,5,1,0,1,1895690,1522654
work_skew,6,after,0,fixed_winner,0,5,5,1,1,1,1565164,0
work_skew,6,after,0,fixed_winner,1,5,5,1,1,1,1547573,0
work_skew,6,after,0,fixed_winner,2,5,5,1,1,1,1549286,0
work_skew,6,after,0,fixed_winner,3,5,5,1,1,1,1561618,0
work_skew,6,after,0,fixed_winner,4,5,5,1,1,1,1970219,0
work_skew,6,after,0,fixed_winner,5,5,5,1,1,1,1608466,0
work_skew,6,after,0,fixed_winner,6,5,5,1,1,1,1546620,0
work_skew,6,after,0,fixed_winner,7,5,5,1,1,1,1585352,0
work_skew,6,after,0,fixed_winner,8,5,5,1,1,1,1572628,0
work_skew,6,after,0,fixed_winner,9,5,5,1,1,1,1577868,0
work_skew,6,after,0,fixed_winner,10,5,5,1,1,1,1536381,0
work_skew,6,after,0,fixed_winner,11,5,5,1,1,1,1529168,0
work_skew,6,after,0,fixed_winner,12,5,5,1,1,1,1562910,0
work_skew,6,after,0,fixed_winner,13,5,5,1,1,1,1843373,0
work_skew,6,after,0,fixed_winner,14,5,5,1,1,1,1750190,0
work_skew,6,before,0,native,0,4,1,1,0,2,1874762,1914552
work_skew,6,before,0,native,1,4,1,1,0,2,1838063,1914493
work_skew,6,before,0,native,2,4,1,1,0,2,2282962,1914322
work_skew,6,before,0,native,3,4,1,1,0,2,2325390,1914793
work_skew,6,before,0,native,4,4,1,1,0,2,2101754,1914302
work_skew,6,before,0,native,5,4,1,1,0,2,2407934,1934067
work_skew,6,before,0,native,6,4,1,1,0,2,2168930,1911935
work_skew,6,before,0,native,7,4,1,1,0,2,2049046,1911254
work_skew,6,before,0,native,8,4,1,1,0,2,2000736,1911445
work_skew,6,before,0,native,9,4,1,1,0,2,2584873,1911264
work_skew,6,before,0,native,10,4,1,1,0,2,1855917,1911454
work_skew,6,before,0,native,11,4,1,1,0,2,2181433,1911384
work_skew,6,before,0,native,12,4,1,1,0,2,2339744,1911605
work_skew,6,before,0,native,13,4,1,1,0,2,2151741,1911494
work_skew,6,before,0,native,14,4,1,1,0,2,2014230,1911485
work_skew,6,before,0,fixed_winner,0,5,5,1,1,1,1542382,0
work_skew,6,before,0,fixed_winner,1,5,5,1,1,1,1580404,0
work_skew,6,before,0,fixed_winner,2,5,5,1,1,1,1578149,0
work_skew,6,before,0,fixed_winner,3,5,5,1,1,1,1559074,0
work_skew,6,before,0,fixed_winner,4,5,5,1,1,1,1908234,0
work_skew,6,before,0,fixed_winner,5,5,5,1,1,1,1837572,0
work_skew,6,before,0,fixed_winner,6,5,5,1,1,1,1571386,0
work_skew,6,before,0,fixed_winner,7,5,5,1,1,1,1571627,0
work_skew,6,before,0,fixed_winner,8,5,5,1,1,1,1581315,0
work_skew,6,before,0,fixed_winner,9,5,5,1,1,1,1535940,0
work_skew,6,before,0,fixed_winner,10,5,5,1,1,1,1567279,0
work_skew,6,before,0,fixed_winner,11,5,5,1,1,1,1563582,0
work_skew,6,before,0,fixed_winner,12,5,5,1,1,1,1735933,0
work_skew,6,before,0,fixed_winner,13,5,5,1,1,1,1617141,0
work_skew,6,before,0,fixed_winner,14,5,5,1,1,1,1527976,0
work_skew,6,before,1,native,0,4,1,1,0,2,2387907,1881823
work_skew,6,before,1,native,1,4,1,1,0,2,2217894,1882254
work_skew,6,before,1,native,2,4,1,1,0,2,2167568,1882093
work_skew,6,before,1,native,3,4,1,1,0,2,2164359,1882294
work_skew,6,before,1,native,4,4,1,1,0,2,1936736,1882384
work_skew,6,before,1,native,5,4,1,1,0,2,2205397,1901795
work_skew,6,before,1,native,6,4,1,1,0,2,2041768,1879604
work_skew,6,before,1,native,7,4,1,1,0,2,2260264,1880185
work_skew,6,before,1,native,8,4,1,1,0,2,1849329,1879133
work_skew,6,before,1,native,9,4,1,1,0,2,2211664,1878071
work_skew,6,before,1,native,10,4,1,1,0,2,1859442,1878151
work_skew,6,before,1,native,11,4,1,1,0,2,1863390,1878091
work_skew,6,before,1,native,12,4,1,1,0,2,2001026,1877871
work_skew,6,before,1,native,13,4,1,1,0,2,1964990,1878381
work_skew,6,before,1,native,14,4,1,1,0,2,1962004,1878301
work_skew,6,before,1,fixed_winner,0,5,5,1,1,1,1534508,0
work_skew,6,before,1,fixed_winner,1,5,5,1,1,1,1571141,0
work_skew,6,before,1,fixed_winner,2,5,5,1,1,1,1547818,0
work_skew,6,before,1,fixed_winner,3,5,5,1,1,1,1590687,0
work_skew,6,before,1,fixed_winner,4,5,5,1,1,1,1562741,0
work_skew,6,before,1,fixed_winner,5,5,5,1,1,1,1546219,0
work_skew,6,before,1,fixed_winner,6,5,5,1,1,1,1727422,0
work_skew,6,before,1,fixed_winner,7,5,5,1,1,1,1579797,0
work_skew,6,before,1,fixed_winner,8,5,5,1,1,1,1570770,0
work_skew,6,before,1,fixed_winner,9,5,5,1,1,1,1535464,0
work_skew,6,before,1,fixed_winner,10,5,5,1,1,1,1585363,0
work_skew,6,before,1,fixed_winner,11,5,5,1,1,1,1580789,0
work_skew,6,before,1,fixed_winner,12,5,5,1,1,1,1584741,0
work_skew,6,before,1,fixed_winner,13,5,5,1,1,1,1551033,0
work_skew,6,before,1,fixed_winner,14,5,5,1,1,1,1612122,0
work_skew,6,after,1,native,0,5,5,1,0,1,1546430,1523608
work_skew,6,after,1,native,1,5,5,1,0,1,1667965,1523198
work_skew,6,after,1,native,2,5,5,1,0,1,1642195,1523578
work_skew,6,after,1,native,3,5,5,1,0,1,1633668,1523408
work_skew,6,after,1,native,4,5,5,1,0,1,1663638,1523398
work_skew,6,after,1,native,5,5,5,1,0,1,1555727,1545315
work_skew,6,after,1,native,6,5,5,1,0,1,1584486,1519427
work_skew,6,after,1,native,7,5,5,1,0,1,1645239,1519558
work_skew,6,after,1,native,8,5,5,1,0,1,1673286,1519848
work_skew,6,after,1,native,9,5,5,1,0,1,1528577,1519417
work_skew,6,after,1,native,10,5,5,1,0,1,1757538,1519447
work_skew,6,after,1,native,11,5,5,1,0,1,1701494,1519417
work_skew,6,after,1,native,12,5,5,1,0,1,1663538,1519688
work_skew,6,after,1,native,13,5,5,1,0,1,1744890,1519497
work_skew,6,after,1,native,14,5,5,1,0,1,1561899,1519637
work_skew,6,after,1,fixed_winner,0,5,5,1,1,1,1678126,0
work_skew,6,after,1,fixed_winner,1,5,5,1,1,1,1653407,0
work_skew,6,after,1,fixed_winner,2,5,5,1,1,1,1643022,0
work_skew,6,after,1,fixed_winner,3,5,5,1,1,1,1589285,0
work_skew,6,after,1,fixed_winner,4,5,5,1,1,1,1593633,0
work_skew,6,after,1,fixed_winner,5,5,5,1,1,1,1586319,0
work_skew,6,after,1,fixed_winner,6,5,5,1,1,1,1572829,0
work_skew,6,after,1,fixed_winner,7,5,5,1,1,1,1539292,0
work_skew,6,after,1,fixed_winner,8,5,5,1,1,1,1766705,0
work_skew,6,after,1,fixed_winner,9,5,5,1,1,1,1563432,0
work_skew,6,after,1,fixed_winner,10,5,5,1,1,1,1615183,0
work_skew,6,after,1,fixed_winner,11,5,5,1,1,1,1653087,0
work_skew,6,after,1,fixed_winner,12,5,5,1,1,1,1663830,0
work_skew,6,after,1,fixed_winner,13,5,5,1,1,1,1598862,0
work_skew,6,after,1,fixed_winner,14,5,5,1,1,1,1562941,0
work_skew,6,after,2,native,0,5,5,1,0,1,2061179,1569162
work_skew,6,after,2,native,1,5,5,1,0,1,1988488,1569182
work_skew,6,after,2,native,2,5,5,1,0,1,2041858,1569032
work_skew,6,after,2,native,3,5,5,1,0,1,1987410,1569263
work_skew,6,after,2,native,4,5,5,1,0,1,2012404,1571066
work_skew,6,after,2,native,5,5,5,1,0,1,1944224,1595969
work_skew,6,after,2,native,6,5,5,1,0,1,2017809,1567406
work_skew,6,after,2,native,7,5,5,1,0,1,2466288,1569100
work_skew,6,after,2,native,8,5,5,1,0,1,1946735,1566395
work_skew,6,after,2,native,9,5,5,1,0,1,1825009,1565012
work_skew,6,after,2,native,10,5,5,1,0,1,1819744,1565332
work_skew,6,after,2,native,11,5,5,1,0,1,1838529,1564661
work_skew,6,after,2,native,12,5,5,1,0,1,1582091,1564311
work_skew,6,after,2,native,13,5,5,1,0,1,2044027,1564290
work_skew,6,after,2,native,14,5,5,1,0,1,2051701,1565152
work_skew,6,after,2,fixed_winner,0,5,5,1,1,1,1636457,0
work_skew,6,after,2,fixed_winner,1,5,5,1,1,1,1653208,0
work_skew,6,after,2,fixed_winner,2,5,5,1,1,1,1857049,0
work_skew,6,after,2,fixed_winner,3,5,5,1,1,1,2152354,0
work_skew,6,after,2,fixed_winner,4,5,5,1,1,1,1905814,0
work_skew,6,after,2,fixed_winner,5,5,5,1,1,1,1783703,0
work_skew,6,after,2,fixed_winner,6,5,5,1,1,1,1652176,0
work_skew,6,after,2,fixed_winner,7,5,5,1,1,1,1629715,0
work_skew,6,after,2,fixed_winner,8,5,5,1,1,1,1646906,0
work_skew,6,after,2,fixed_winner,9,5,5,1,1,1,1644423,0
work_skew,6,after,2,fixed_winner,10,5,5,1,1,1,1649352,0
work_skew,6,after,2,fixed_winner,11,5,5,1,1,1,2025943,0
work_skew,6,after,2,fixed_winner,12,5,5,1,1,1,1878279,0
work_skew,6,after,2,fixed_winner,13,5,5,1,1,1,1701133,0
work_skew,6,after,2,fixed_winner,14,5,5,1,1,1,1850632,0
work_skew,6,before,2,native,0,4,1,1,0,2,2346562,2174418
work_skew,6,before,2,native,1,4,1,1,0,2,2815231,2173317
work_skew,6,before,2,native,2,4,1,1,0,2,5016719,2174198
work_skew,6,before,2,native,3,4,1,1,0,2,3946420,2177394
work_skew,6,before,2,native,4,4,1,1,0,2,3565651,2175971
work_skew,6,before,2,native,5,4,1,1,0,2,2308519,2197829
work_skew,6,before,2,native,6,4,1,1,0,2,2110545,2167663
work_skew,6,before,2,native,7,4,1,1,0,2,2083555,2167582
work_skew,6,before,2,native,8,4,1,1,0,2,2359585,2167051
work_skew,6,before,2,native,9,4,1,1,0,2,2256622,2167553
work_skew,6,before,2,native,10,4,1,1,0,2,2143741,2167362
work_skew,6,before,2,native,11,4,1,1,0,2,1999405,2168083
work_skew,6,before,2,native,12,4,1,1,0,2,2340388,2167171
work_skew,6,before,2,native,13,4,1,1,0,2,2821664,2207993
work_skew,6,before,2,native,14,4,1,1,0,2,4033483,2170824
work_skew,6,before,2,fixed_winner,0,5,5,1,1,1,1949442,0
work_skew,6,before,2,fixed_winner,1,5,5,1,1,1,2211629,0
work_skew,6,before,2,fixed_winner,2,5,5,1,1,1,1881233,0
work_skew,6,before,2,fixed_winner,3,5,5,1,1,1,1930825,0
work_skew,6,before,2,fixed_winner,4,5,5,1,1,1,1952406,0
work_skew,6,before,2,fixed_winner,5,5,5,1,1,1,1911329,0
work_skew,6,before,2,fixed_winner,6,5,5,1,1,1,1663769,0
work_skew,6,before,2,fixed_winner,7,5,5,1,1,1,1953047,0
work_skew,6,before,2,fixed_winner,8,5,5,1,1,1,2077244,0
work_skew,6,before,2,fixed_winner,9,5,5,1,1,1,1669895,0
work_skew,6,before,2,fixed_winner,10,5,5,1,1,1,1649667,0
work_skew,6,before,2,fixed_winner,11,5,5,1,1,1,1846434,0
work_skew,6,before,2,fixed_winner,12,5,5,1,1,1,1751577,0
work_skew,6,before,2,fixed_winner,13,5,5,1,1,1,1665657,0
work_skew,6,before,2,fixed_winner,14,5,5,1,1,1,1674343,0
work_skew,6,before,3,native,0,4,1,1,0,2,2144514,1877726
work_skew,6,before,3,native,1,4,1,1,0,2,1965029,1878157
work_skew,6,before,3,native,2,4,1,1,0,2,2088860,1877786
work_skew,6,before,3,native,3,4,1,1,0,2,1876685,1878277
work_skew,6,before,3,native,4,4,1,1,0,2,1872076,1877886
work_skew,6,before,3,native,5,4,1,1,0,2,1860505,1898713
work_skew,6,before,3,native,6,4,1,1,0,2,1984796,1876392
work_skew,6,before,3,native,7,4,1,1,0,2,2077820,1876391
work_skew,6,before,3,native,8,4,1,1,0,2,1876915,1876372
work_skew,6,before,3,native,9,4,1,1,0,2,2071518,1876462
work_skew,6,before,3,native,10,4,1,1,0,2,2014192,1877103
work_skew,6,before,3,native,11,4,1,1,0,2,2398176,1876632
work_skew,6,before,3,native,12,4,1,1,0,2,2065351,1876943
work_skew,6,before,3,native,13,4,1,1,0,2,2090829,1876442
work_skew,6,before,3,native,14,4,1,1,0,2,2029318,1876542
work_skew,6,before,3,fixed_winner,0,5,5,1,1,1,1569553,0
work_skew,6,before,3,fixed_winner,1,5,5,1,1,1,1560756,0
work_skew,6,before,3,fixed_winner,2,5,5,1,1,1,1646977,0
work_skew,6,before,3,fixed_winner,3,5,5,1,1,1,1656445,0
work_skew,6,before,3,fixed_winner,4,5,5,1,1,1,1617202,0
work_skew,6,before,3,fixed_winner,5,5,5,1,1,1,1571937,0
work_skew,6,before,3,fixed_winner,6,5,5,1,1,1,1595121,0
work_skew,6,before,3,fixed_winner,7,5,5,1,1,1,1613776,0
work_skew,6,before,3,fixed_winner,8,5,5,1,1,1,1642709,0
work_skew,6,before,3,fixed_winner,9,5,5,1,1,1,1661875,0
work_skew,6,before,3,fixed_winner,10,5,5,1,1,1,1602344,0
work_skew,6,before,3,fixed_winner,11,5,5,1,1,1,1630136,0
work_skew,6,before,3,fixed_winner,12,5,5,1,1,1,1959629,0
work_skew,6,before,3,fixed_winner,13,5,5,1,1,1,1608856,0
work_skew,6,before,3,fixed_winner,14,5,5,1,1,1,1583479,0
work_skew,6,after,3,native,0,5,5,1,0,1,1966347,1573891
work_skew,6,after,3,native,1,5,5,1,0,1,1900243,1574112
work_skew,6,after,3,native,2,5,5,1,0,1,1889148,1574222
work_skew,6,after,3,native,3,5,5,1,0,1,1924615,1574221
work_skew,6,after,3,native,4,5,5,1,0,1,2441684,1574823
work_skew,6,after,3,native,5,5,5,1,0,1,1867693,1603442
work_skew,6,after,3,native,6,5,5,1,0,1,1967024,1571021
work_skew,6,after,3,native,7,5,5,1,0,1,1961909,1570521
work_skew,6,after,3,native,8,5,5,1,0,1,1942342,1570370
work_skew,6,after,3,native,9,5,5,1,0,1,1932038,1570620
work_skew,6,after,3,native,10,5,5,1,0,1,1865690,1570310
work_skew,6,after,3,native,11,5,5,1,0,1,1807090,1570420
work_skew,6,after,3,native,12,5,5,1,0,1,1897349,1570721
work_skew,6,after,3,native,13,5,5,1,0,1,1889639,1570300
work_skew,6,after,3,native,14,5,5,1,0,1,1824217,1570270
work_skew,6,after,3,fixed_winner,0,5,5,1,1,1,2568532,0
work_skew,6,after,3,fixed_winner,1,5,5,1,1,1,2057969,0
work_skew,6,after,3,fixed_winner,2,5,5,1,1,1,1879615,0
work_skew,6,after,3,fixed_winner,3,5,5,1,1,1,1865294,0
work_skew,6,after,3,fixed_winner,4,5,5,1,1,1,1789452,0
work_skew,6,after,3,fixed_winner,5,5,5,1,1,1,1985818,0
work_skew,6,after,3,fixed_winner,6,5,5,1,1,1,1827654,0
work_skew,6,after,3,fixed_winner,7,5,5,1,1,1,2647029,0
work_skew,6,after,3,fixed_winner,8,5,5,1,1,1,2075475,0
work_skew,6,after,3,fixed_winner,9,5,5,1,1,1,1882887,0
work_skew,6,after,3,fixed_winner,10,5,5,1,1,1,1879340,0
work_skew,6,after,3,fixed_winner,11,5,5,1,1,1,1828531,0
work_skew,6,after,3,fixed_winner,12,5,5,1,1,1,1970635,0
work_skew,6,after,3,fixed_winner,13,5,5,1,1,1,1905279,0
work_skew,6,after,3,fixed_winner,14,5,5,1,1,1,2293937,0
work_skew,6,before,4,native,0,4,1,1,0,2,2305233,1954246
work_skew,6,before,4,native,1,4,1,1,0,2,2231315,1952503
work_skew,6,before,4,native,2,4,1,1,0,2,2205788,1954205
work_skew,6,before,4,native,3,4,1,1,0,2,2372174,1953304
work_skew,6,before,4,native,4,4,1,1,0,2,2251106,1954105
work_skew,6,before,4,native,5,4,1,1,0,2,2334567,1977612
work_skew,6,before,4,native,6,4,1,1,0,2,2174209,1949709
work_skew,6,before,4,native,7,4,1,1,0,2,2292800,1950881
work_skew,6,before,4,native,8,4,1,1,0,2,2126276,1949379
work_skew,6,before,4,native,9,4,1,1,0,2,2566574,1950250
work_skew,6,before,4,native,10,4,1,1,0,2,2164707,1950250
work_skew,6,before,4,native,11,4,1,1,0,2,2092732,1949810
work_skew,6,before,4,native,12,4,1,1,0,2,2318646,1950932
work_skew,6,before,4,native,13,4,1,1,0,2,1985347,1949489
work_skew,6,before,4,native,14,4,1,1,0,2,2260260,1948828
work_skew,6,before,4,fixed_winner,0,5,5,1,1,1,1870884,0
work_skew,6,before,4,fixed_winner,1,5,5,1,1,1,1886609,0
work_skew,6,before,4,fixed_winner,2,5,5,1,1,1,1920091,0
work_skew,6,before,4,fixed_winner,3,5,5,1,1,1,2128560,0
work_skew,6,before,4,fixed_winner,4,5,5,1,1,1,1895219,0
work_skew,6,before,4,fixed_winner,5,5,5,1,1,1,1974221,0
work_skew,6,before,4,fixed_winner,6,5,5,1,1,1,1836350,0
work_skew,6,before,4,fixed_winner,7,5,5,1,1,1,1825615,0
work_skew,6,before,4,fixed_winner,8,5,5,1,1,1,1893411,0
work_skew,6,before,4,fixed_winner,9,5,5,1,1,1,1976310,0
work_skew,6,before,4,fixed_winner,10,5,5,1,1,1,1849773,0
work_skew,6,before,4,fixed_winner,11,5,5,1,1,1,2028454,0
work_skew,6,before,4,fixed_winner,12,5,5,1,1,1,1932103,0
work_skew,6,before,4,fixed_winner,13,5,5,1,1,1,1948278,0
work_skew,6,before,4,fixed_winner,14,5,5,1,1,1,1935414,0
work_skew,6,after,4,native,0,5,5,1,0,1,2210537,1616086
work_skew,6,after,4,native,1,5,5,1,0,1,1868595,1616196
work_skew,6,after,4,native,2,5,5,1,0,1,1648099,1616276
work_skew,6,after,4,native,3,5,5,1,0,1,1977688,1616126
work_skew,6,after,4,native,4,5,5,1,0,1,1861407,1618410
work_skew,6,after,4,native,5,5,5,1,0,1,1761029,1627764
work_skew,6,after,4,native,6,5,5,1,0,1,1909055,1615440
work_skew,6,after,4,native,7,5,5,1,0,1,1880001,1615701
work_skew,6,after,4,native,8,5,5,1,0,1,1786136,1615160
work_skew,6,after,4,native,9,5,5,1,0,1,1821120,1615009
work_skew,6,after,4,native,10,5,5,1,0,1,1819920,1615000
work_skew,6,after,4,native,11,5,5,1,0,1,1807897,1614909
work_skew,6,after,4,native,12,5,5,1,0,1,1816322,1615210
work_skew,6,after,4,native,13,5,5,1,0,1,1851176,1615030
work_skew,6,after,4,native,14,5,5,1,0,1,1759178,1614759
work_skew,6,after,4,fixed_winner,0,5,5,1,1,1,1814578,0
work_skew,6,after,4,fixed_winner,1,5,5,1,1,1,1605009,0
work_skew,6,after,4,fixed_winner,2,5,5,1,1,1,1625286,0
work_skew,6,after,4,fixed_winner,3,5,5,1,1,1,1796135,0
work_skew,6,after,4,fixed_winner,4,5,5,1,1,1,1655303,0
work_skew,6,after,4,fixed_winner,5,5,5,1,1,1,1862609,0
work_skew,6,after,4,fixed_winner,6,5,5,1,1,1,1706568,0
work_skew,6,after,4,fixed_winner,7,5,5,1,1,1,1753715,0
work_skew,6,after,4,fixed_winner,8,5,5,1,1,1,1628634,0
work_skew,6,after,4,fixed_winner,9,5,5,1,1,1,1637750,0
work_skew,6,after,4,fixed_winner,10,5,5,1,1,1,1793773,0
work_skew,6,after,4,fixed_winner,11,5,5,1,1,1,1835949,0
work_skew,6,after,4,fixed_winner,12,5,5,1,1,1,1799409,0
work_skew,6,after,4,fixed_winner,13,5,5,1,1,1,1949260,0
work_skew,6,after,4,fixed_winner,14,5,5,1,1,1,1944672,0
work_skew,8,after,0,native,0,7,7,1,0,1,1578048,1258250
work_skew,8,after,0,native,1,7,7,1,0,1,1534027,1258079
work_skew,8,after,0,native,2,7,7,1,0,1,1576146,1257989
work_skew,8,after,0,native,3,7,7,1,0,1,1598737,1258089
work_skew,8,after,0,native,4,7,7,1,0,1,1603707,1258530
work_skew,8,after,0,native,5,7,7,1,0,1,1620238,1286943
work_skew,8,after,0,native,6,7,7,1,0,1,1555667,1253912
work_skew,8,after,0,native,7,7,7,1,0,1,1575284,1253852
work_skew,8,after,0,native,8,7,7,1,0,1,1566767,1254423
work_skew,8,after,0,native,9,7,7,1,0,1,1515071,1254042
work_skew,8,after,0,native,10,7,7,1,0,1,1577327,1253912
work_skew,8,after,0,native,11,7,7,1,0,1,1558953,1254423
work_skew,8,after,0,native,12,7,7,1,0,1,1542853,1254292
work_skew,8,after,0,native,13,7,7,1,0,1,1736725,1253962
work_skew,8,after,0,native,14,7,7,1,0,1,1597425,1254413
work_skew,8,after,0,fixed_winner,0,6,4,1,1,1,1728649,0
work_skew,8,after,0,fixed_winner,1,6,4,1,1,1,1535189,0
work_skew,8,after,0,fixed_winner,2,6,4,1,1,1,1453036,0
work_skew,8,after,0,fixed_winner,3,6,4,1,1,1,1983745,0
work_skew,8,after,0,fixed_winner,4,6,4,1,1,1,1438869,0
work_skew,8,after,0,fixed_winner,5,6,4,1,1,1,1732346,0
work_skew,8,after,0,fixed_winner,6,6,4,1,1,1,1760046,0
work_skew,8,after,0,fixed_winner,7,6,4,1,1,1,1683506,0
work_skew,8,after,0,fixed_winner,8,6,4,1,1,1,1677103,0
work_skew,8,after,0,fixed_winner,9,6,4,1,1,1,1434251,0
work_skew,8,after,0,fixed_winner,10,6,4,1,1,1,1764045,0
work_skew,8,after,0,fixed_winner,11,6,4,1,1,1,1704935,0
work_skew,8,after,0,fixed_winner,12,6,4,1,1,1,1665852,0
work_skew,8,after,0,fixed_winner,13,6,4,1,1,1,1686521,0
work_skew,8,after,0,fixed_winner,14,6,4,1,1,1,1506907,0
work_skew,8,before,0,native,0,6,1,1,0,2,1550486,1364831
work_skew,8,before,0,native,1,6,1,1,0,2,1556460,1364961
work_skew,8,before,0,native,2,6,1,1,0,2,1576815,1364921
work_skew,8,before,0,native,3,6,1,1,0,2,1580304,1365221
work_skew,8,before,0,native,4,6,1,1,0,2,1421016,1364971
work_skew,8,before,0,native,5,6,1,1,0,2,1596043,1381889
work_skew,8,before,0,native,6,6,1,1,0,2,1557239,1362313
work_skew,8,before,0,native,7,6,1,1,0,2,1579862,1362223
work_skew,8,before,0,native,8,6,1,1,0,2,1628074,1361883
work_skew,8,before,0,native,9,6,1,1,0,2,1533174,1362133
work_skew,8,before,0,native,10,6,1,1,0,2,1575454,1361972
work_skew,8,before,0,native,11,6,1,1,0,2,1533888,1361942
work_skew,8,before,0,native,12,6,1,1,0,2,1575714,1362373
work_skew,8,before,0,native,13,6,1,1,0,2,1590213,1371819
work_skew,8,before,0,native,14,6,1,1,0,2,1503545,1361160
work_skew,8,before,0,fixed_winner,0,6,4,1,1,1,1681011,0
work_skew,8,before,0,fixed_winner,1,6,4,1,1,1,1382475,0
work_skew,8,before,0,fixed_winner,2,6,4,1,1,1,1386632,0
work_skew,8,before,0,fixed_winner,3,6,4,1,1,1,1665692,0
work_skew,8,before,0,fixed_winner,4,6,4,1,1,1,1707550,0
work_skew,8,before,0,fixed_winner,5,6,4,1,1,1,1692912,0
work_skew,8,before,0,fixed_winner,6,6,4,1,1,1,1381893,0
work_skew,8,before,0,fixed_winner,7,6,4,1,1,1,1402562,0
work_skew,8,before,0,fixed_winner,8,6,4,1,1,1,1388837,0
work_skew,8,before,0,fixed_winner,9,6,4,1,1,1,1414454,0
work_skew,8,before,0,fixed_winner,10,6,4,1,1,1,1396150,0
work_skew,8,before,0,fixed_winner,11,6,4,1,1,1,1685559,0
work_skew,8,before,0,fixed_winner,12,6,4,1,1,1,1696490,0
work_skew,8,before,0,fixed_winner,13,6,4,1,1,1,1559444,0
work_skew,8,before,0,fixed_winner,14,6,4,1,1,1,1476570,0
work_skew,8,before,1,native,0,6,1,1,0,2,1417890,1387291
work_skew,8,before,1,native,1,6,1,1,0,2,1427448,1387361
work_skew,8,before,1,native,2,6,1,1,0,2,1439841,1387070
work_skew,8,before,1,native,3,6,1,1,0,2,1594780,1387160
work_skew,8,before,1,native,4,6,1,1,0,2,1565135,1387151
work_skew,8,before,1,native,5,6,1,1,0,2,1574983,1407164
work_skew,8,before,1,native,6,6,1,1,0,2,1565265,1384111
work_skew,8,before,1,native,7,6,1,1,0,2,1675602,1383921
work_skew,8,before,1,native,8,6,1,1,0,2,1640904,1384161
work_skew,8,before,1,native,9,6,1,1,0,2,1552728,1383910
work_skew,8,before,1,native,10,6,1,1,0,2,1566821,1384141
work_skew,8,before,1,native,11,6,1,1,0,2,1437547,1384391
work_skew,8,before,1,native,12,6,1,1,0,2,1412741,1383931
work_skew,8,before,1,native,13,6,1,1,0,2,1579592,1384081
work_skew,8,before,1,native,14,6,1,1,0,2,1550328,1384010
work_skew,8,before,1,fixed_winner,0,6,4,1,1,1,1585332,0
work_skew,8,before,1,fixed_winner,1,6,4,1,1,1,1397753,0
work_skew,8,before,1,fixed_winner,2,6,4,1,1,1,1377425,0
work_skew,8,before,1,fixed_winner,3,6,4,1,1,1,1717670,0
work_skew,8,before,1,fixed_winner,4,6,4,1,1,1,1401279,0
work_skew,8,before,1,fixed_winner,5,6,4,1,1,1,1438328,0
work_skew,8,before,1,fixed_winner,6,6,4,1,1,1,1693684,0
work_skew,8,before,1,fixed_winner,7,6,4,1,1,1,1597775,0
work_skew,8,before,1,fixed_winner,8,6,4,1,1,1,1390990,0
work_skew,8,before,1,fixed_winner,9,6,4,1,1,1,1398144,0
work_skew,8,before,1,fixed_winner,10,6,4,1,1,1,1414274,0
work_skew,8,before,1,fixed_winner,11,6,4,1,1,1,1401520,0
work_skew,8,before,1,fixed_winner,12,6,4,1,1,1,1410327,0
work_skew,8,before,1,fixed_winner,13,6,4,1,1,1,1676903,0
work_skew,8,before,1,fixed_winner,14,6,4,1,1,1,1456262,0
work_skew,8,after,1,native,0,7,7,1,0,1,1545208,1263630
work_skew,8,after,1,native,1,7,7,1,0,1,1521344,1263460
work_skew,8,after,1,native,2,7,7,1,0,1,1568581,1263380
work_skew,8,after,1,native,3,7,7,1,0,1,1535219,1263960
work_skew,8,after,1,native,4,7,7,1,0,1,1564083,1263299
work_skew,8,after,1,native,5,7,7,1,0,1,1566037,1287297
work_skew,8,after,1,native,6,7,7,1,0,1,1533336,1260016
work_skew,8,after,1,native,7,7,7,1,0,1,1529088,1259826
work_skew,8,after,1,native,8,7,7,1,0,1,1643650,1259526
work_skew,8,after,1,native,9,7,7,1,0,1,1514953,1260267
work_skew,8,after,1,native,10,7,7,1,0,1,1533145,1260016
work_skew,8,after,1,native,11,7,7,1,0,1,1466862,1259686
work_skew,8,after,1,native,12,7,7,1,0,1,1517466,1260237
work_skew,8,after,1,native,13,7,7,1,0,1,1560716,1267794
work_skew,8,after,1,native,14,7,7,1,0,1,1526402,1258456
work_skew,8,after,1,fixed_winner,0,6,4,1,1,1,1750961,0
work_skew,8,after,1,fixed_winner,1,6,4,1,1,1,1589560,0
work_skew,8,after,1,fixed_winner,2,6,4,1,1,1,1376002,0
work_skew,8,after,1,fixed_winner,3,6,4,1,1,1,1397112,0
work_skew,8,after,1,fixed_winner,4,6,4,1,1,1,1382905,0
work_skew,8,after,1,fixed_winner,5,6,4,1,1,1,1380853,0
work_skew,8,after,1,fixed_winner,6,6,4,1,1,1,1394916,0
work_skew,8,after,1,fixed_winner,7,6,4,1,1,1,1643230,0
work_skew,8,after,1,fixed_winner,8,6,4,1,1,1,1772773,0
work_skew,8,after,1,fixed_winner,9,6,4,1,1,1,1417208,0
work_skew,8,after,1,fixed_winner,10,6,4,1,1,1,1675150,0
work_skew,8,after,1,fixed_winner,11,6,4,1,1,1,1415077,0
work_skew,8,after,1,fixed_winner,12,6,4,1,1,1,1404254,0
work_skew,8,after,1,fixed_winner,13,6,4,1,1,1,1404876,0
work_skew,8,after,1,fixed_winner,14,6,4,1,1,1,1390350,0
work_skew,8,before,2,native,0,6,1,1,0,2,1550502,1362708
work_skew,8,before,2,native,1,6,1,1,0,2,1561364,1362658
work_skew,8,before,2,native,2,6,1,1,0,2,1564123,1362748
work_skew,8,before,2,native,3,6,1,1,0,2,1902353,1362499
work_skew,8,before,2,native,4,6,1,1,0,2,1577812,1362919
work_skew,8,before,2,native,5,6,1,1,0,2,1570762,1383510
work_skew,8,before,2,native,6,6,1,1,0,2,1553092,1360117
work_skew,8,before,2,native,7,6,1,1,0,2,1558964,1359936
work_skew,8,before,2,native,8,6,1,1,0,2,1585633,1359937
work_skew,8,before,2,native,9,6,1,1,0,2,1564639,1359916
work_skew,8,before,2,native,10,6,1,1,0,2,1499277,1360457
work_skew,8,before,2,native,11,6,1,1,0,2,1564328,1359967
work_skew,8,before,2,native,12,6,1,1,0,2,1706587,1359866
work_skew,8,before,2,native,13,6,1,1,0,2,1611653,1360247
work_skew,8,before,2,native,14,6,1,1,0,2,1580529,1360077
work_skew,8,before,2,fixed_winner,0,6,4,1,1,1,1450030,0
work_skew,8,before,2,fixed_winner,1,6,4,1,1,1,1747183,0
work_skew,8,before,2,fixed_winner,2,6,4,1,1,1,1458087,0
work_skew,8,before,2,fixed_winner,3,6,4,1,1,1,1423141,0
work_skew,8,before,2,fixed_winner,4,6,4,1,1,1,1420155,0
work_skew,8,before,2,fixed_winner,5,6,4,1,1,1,1435904,0
work_skew,8,before,2,fixed_winner,6,6,4,1,1,1,1399948,0
work_skew,8,before,2,fixed_winner,7,6,4,1,1,1,1423366,0
work_skew,8,before,2,fixed_winner,8,6,4,1,1,1,1405082,0
work_skew,8,before,2,fixed_winner,9,6,4,1,1,1,1408614,0
work_skew,8,before,2,fixed_winner,10,6,4,1,1,1,1440283,0
work_skew,8,before,2,fixed_winner,11,6,4,1,1,1,1833205,0
work_skew,8,before,2,fixed_winner,12,6,4,1,1,1,1838143,0
work_skew,8,before,2,fixed_winner,13,6,4,1,1,1,1725813,0
work_skew,8,before,2,fixed_winner,14,6,4,1,1,1,1798018,0
work_skew,8,after,2,native,0,7,7,1,0,1,1495865,1227468
work_skew,8,after,2,native,1,7,7,1,0,1,1533466,1227288
work_skew,8,after,2,native,2,7,7,1,0,1,1544656,1227768
work_skew,8,after,2,native,3,7,7,1,0,1,1554435,1227407
work_skew,8,after,2,native,4,7,7,1,0,1,1526483,1227549
work_skew,8,after,2,native,5,7,7,1,0,1,1573951,1256915
work_skew,8,after,2,native,6,7,7,1,0,1,1589911,1223854
work_skew,8,after,2,native,7,7,7,1,0,1,1545268,1224044
work_skew,8,after,2,native,8,7,7,1,0,1,1550838,1224315
work_skew,8,after,2,native,9,7,7,1,0,1,1542703,1223854
work_skew,8,after,2,native,10,7,7,1,0,1,1546240,1223885
work_skew,8,after,2,native,11,7,7,1,0,1,1530320,1224165
work_skew,8,after,2,native,12,7,7,1,0,1,1538235,1223764
work_skew,8,after,2,native,13,7,7,1,0,1,1557250,1229385
work_skew,8,after,2,native,14,7,7,1,0,1,1549535,1222993
work_skew,8,after,2,fixed_winner,0,6,4,1,1,1,1713881,0
work_skew,8,after,2,fixed_winner,1,6,4,1,1,1,1730393,0
work_skew,8,after,2,fixed_winner,2,6,4,1,1,1,1690839,0
work_skew,8,after,2,fixed_winner,3,6,4,1,1,1,1695186,0
work_skew,8,after,2,fixed_winner,4,6,4,1,1,1,1892084,0
work_skew,8,after,2,fixed_winner,5,6,4,1,1,1,1616079,0
work_skew,8,after,2,fixed_winner,6,6,4,1,1,1,1791196,0
work_skew,8,after,2,fixed_winner,7,6,4,1,1,1,1701128,0
work_skew,8,after,2,fixed_winner,8,6,4,1,1,1,1648460,0
work_skew,8,after,2,fixed_winner,9,6,4,1,1,1,1738835,0
work_skew,8,after,2,fixed_winner,10,6,4,1,1,1,1652722,0
work_skew,8,after,2,fixed_winner,11,6,4,1,1,1,1526734,0
work_skew,8,after,2,fixed_winner,12,6,4,1,1,1,1553523,0
work_skew,8,after,2,fixed_winner,13,6,4,1,1,1,1842482,0
work_skew,8,after,2,fixed_winner,14,6,4,1,1,1,1742345,0
work_skew,8,before,3,native,0,6,1,1,0,2,1477912,1430279
work_skew,8,before,3,native,1,6,1,1,0,2,1598502,1430039
work_skew,8,before,3,native,2,6,1,1,0,2,1568366,1430179
work_skew,8,before,3,native,3,6,1,1,0,2,1425625,1430329
work_skew,8,before,3,native,4,6,1,1,0,2,1644573,1430079
work_skew,8,before,3,native,5,6,1,1,0,2,1462905,1450440
work_skew,8,before,3,native,6,6,1,1,0,2,2114268,1426666
work_skew,8,before,3,native,7,6,1,1,0,2,1589500,1427168
work_skew,8,before,3,native,8,6,1,1,0,2,1613535,1426726
work_skew,8,before,3,native,9,6,1,1,0,2,1541260,1427067
work_skew,8,before,3,native,10,6,1,1,0,2,1443949,1426747
work_skew,8,before,3,native,11,6,1,1,0,2,1624986,1426696
work_skew,8,before,3,native,12,6,1,1,0,2,1542623,1426797
work_skew,8,before,3,native,13,6,1,1,0,2,1606642,1426767
work_skew,8,before,3,native,14,6,1,1,0,2,1420426,1426786
work_skew,8,before,3,fixed_winner,0,6,4,1,1,1,1719362,0
work_skew,8,before,3,fixed_winner,1,6,4,1,1,1,1689967,0
work_skew,8,before,3,fixed_winner,2,6,4,1,1,1,1587657,0
work_skew,8,before,3,fixed_winner,3,6,4,1,1,1,1404456,0
work_skew,8,before,3,fixed_winner,4,6,4,1,1,1,1737385,0
work_skew,8,before,3,fixed_winner,5,6,4,1,1,1,1684317,0
work_skew,8,before,3,fixed_winner,6,6,4,1,1,1,1444961,0
work_skew,8,before,3,fixed_winner,7,6,4,1,1,1,1530420,0
work_skew,8,before,3,fixed_winner,8,6,4,1,1,1,1670821,0
work_skew,8,before,3,fixed_winner,9,6,4,1,1,1,1583179,0
work_skew,8,before,3,fixed_winner,10,6,4,1,1,1,1532013,0
work_skew,8,before,3,fixed_winner,11,6,4,1,1,1,1691791,0
work_skew,8,before,3,fixed_winner,12,6,4,1,1,1,1745231,0
work_skew,8,before,3,fixed_winner,13,6,4,1,1,1,1843132,0
work_skew,8,before,3,fixed_winner,14,6,4,1,1,1,1418111,0
work_skew,8,after,3,native,0,7,7,1,0,1,1527023,1238207
work_skew,8,after,3,native,1,7,7,1,0,1,1520582,1238287
work_skew,8,after,3,native,2,7,7,1,0,1,1536722,1238417
work_skew,8,after,3,native,3,7,7,1,0,1,1539297,1238538
work_skew,8,after,3,native,4,7,7,1,0,1,1565625,1238517
work_skew,8,after,3,native,5,7,7,1,0,1,1530289,1245497
work_skew,8,after,3,native,6,7,7,1,0,1,1557821,1236720
work_skew,8,after,3,native,7,7,7,1,0,1,1625086,1236610
work_skew,8,after,3,native,8,7,7,1,0,1,1552221,1236781
work_skew,8,after,3,native,9,7,7,1,0,1,1542523,1236520
work_skew,8,after,3,native,10,7,7,1,0,1,1553843,1236991
work_skew,8,after,3,native,11,7,7,1,0,1,1523327,1236470
work_skew,8,after,3,native,12,7,7,1,0,1,1530861,1236340
work_skew,8,after,3,native,13,7,7,1,0,1,1525030,1236680
work_skew,8,after,3,native,14,7,7,1,0,1,1564504,1236670
work_skew,8,after,3,fixed_winner,0,6,4,1,1,1,1733488,0
work_skew,8,after,3,fixed_winner,1,6,4,1,1,1,1393746,0
work_skew,8,after,3,fixed_winner,2,6,4,1,1,1,1404095,0
work_skew,8,after,3,fixed_winner,3,6,4,1,1,1,1399115,0
work_skew,8,after,3,fixed_winner,4,6,4,1,1,1,1726372,0
work_skew,8,after,3,fixed_winner,5,6,4,1,1,1,1765532,0
work_skew,8,after,3,fixed_winner,6,6,4,1,1,1,1786207,0
work_skew,8,after,3,fixed_winner,7,6,4,1,1,1,1445522,0
work_skew,8,after,3,fixed_winner,8,6,4,1,1,1,1397453,0
work_skew,8,after,3,fixed_winner,9,6,4,1,1,1,1415937,0
work_skew,8,after,3,fixed_winner,10,6,4,1,1,1,1399346,0
work_skew,8,after,3,fixed_winner,11,6,4,1,1,1,1430243,0
work_skew,8,after,3,fixed_winner,12,6,4,1,1,1,1728650,0
work_skew,8,after,3,fixed_winner,13,6,4,1,1,1,1412381,0
work_skew,8,after,3,fixed_winner,14,6,4,1,1,1,1564544,0
work_skew,8,after,4,native,0,7,7,1,0,1,1533877,1254432
work_skew,8,after,4,native,1,7,7,1,0,1,1543846,1254671
work_skew,8,after,4,native,2,7,7,1,0,1,1535730,1254412
work_skew,8,after,4,native,3,7,7,1,0,1,1536562,1254372
work_skew,8,after,4,native,4,7,7,1,0,1,1585483,1254712
work_skew,8,after,4,native,5,7,7,1,0,1,1556238,1282324
work_skew,8,after,4,native,6,7,7,1,0,1,1534137,1250124
work_skew,8,after,4,native,7,7,7,1,0,1,1715265,1250335
work_skew,8,after,4,native,8,7,7,1,0,1,1503690,1250505
work_skew,8,after,4,native,9,7,7,1,0,1,1563862,1250345
work_skew,8,after,4,native,10,7,7,1,0,1,1541330,1250024
work_skew,8,after,4,native,11,7,7,1,0,1,1570935,1250254
work_skew,8,after,4,native,12,7,7,1,0,1,1543935,1249904
work_skew,8,after,4,native,13,7,7,1,0,1,1552391,1249843
work_skew,8,after,4,native,14,7,7,1,0,1,1546269,1250355
work_skew,8,after,4,fixed_winner,0,6,4,1,1,1,1728159,0
work_skew,8,after,4,fixed_winner,1,6,4,1,1,1,1646997,0
work_skew,8,after,4,fixed_winner,2,6,4,1,1,1,1674839,0
work_skew,8,after,4,fixed_winner,3,6,4,1,1,1,1624174,0
work_skew,8,after,4,fixed_winner,4,6,4,1,1,1,1576757,0
work_skew,8,after,4,fixed_winner,5,6,4,1,1,1,1706899,0
work_skew,8,after,4,fixed_winner,6,6,4,1,1,1,1688715,0
work_skew,8,after,4,fixed_winner,7,6,4,1,1,1,1747384,0
work_skew,8,after,4,fixed_winner,8,6,4,1,1,1,1689587,0
work_skew,8,after,4,fixed_winner,9,6,4,1,1,1,1688375,0
work_skew,8,after,4,fixed_winner,10,6,4,1,1,1,1685048,0
work_skew,8,after,4,fixed_winner,11,6,4,1,1,1,1736464,0
work_skew,8,after,4,fixed_winner,12,6,4,1,1,1,1750551,0
work_skew,8,after,4,fixed_winner,13,6,4,1,1,1,1762791,0
work_skew,8,after,4,fixed_winner,14,6,4,1,1,1,1683387,0
work_skew,8,before,4,native,0,6,1,1,0,2,1586665,1425214
work_skew,8,before,4,native,1,6,1,1,0,2,1569694,1424664
work_skew,8,before,4,native,2,6,1,1,0,2,1558191,1424704
work_skew,8,before,4,native,3,6,1,1,0,2,1542157,1424634
work_skew,8,before,4,native,4,6,1,1,0,2,1555372,1424833
work_skew,8,before,4,native,5,6,1,1,0,2,1616499,1443707
work_skew,8,before,4,native,6,6,1,1,0,2,1620594,1421035
work_skew,8,before,4,native,7,6,1,1,0,2,1909476,1420865
work_skew,8,before,4,native,8,6,1,1,0,2,1711192,1424320
work_skew,8,before,4,native,9,6,1,1,0,2,1642209,1421896
work_skew,8,before,4,native,10,6,1,1,0,2,1613695,1421346
work_skew,8,before,4,native,11,6,1,1,0,2,1570654,1420915
work_skew,8,before,4,native,12,6,1,1,0,2,1656186,1421376
work_skew,8,before,4,native,13,6,1,1,0,2,1577684,1420964
work_skew,8,before,4,native,14,6,1,1,0,2,1640070,1421065
work_skew,8,before,4,fixed_winner,0,6,4,1,1,1,1850205,0
work_skew,8,before,4,fixed_winner,1,6,4,1,1,1,1741994,0
work_skew,8,before,4,fixed_winner,2,6,4,1,1,1,1700175,0
work_skew,8,before,4,fixed_winner,3,6,4,1,1,1,1681703,0
work_skew,8,before,4,fixed_winner,4,6,4,1,1,1,1811532,0
work_skew,8,before,4,fixed_winner,5,6,4,1,1,1,1913816,0
work_skew,8,before,4,fixed_winner,6,6,4,1,1,1,1841329,0
work_skew,8,before,4,fixed_winner,7,6,4,1,1,1,1727527,0
work_skew,8,before,4,fixed_winner,8,6,4,1,1,1,1718541,0
work_skew,8,before,4,fixed_winner,9,6,4,1,1,1,1638902,0
work_skew,8,before,4,fixed_winner,10,6,4,1,1,1,1817595,0
work_skew,8,before,4,fixed_winner,11,6,4,1,1,1,1809801,0
work_skew,8,before,4,fixed_winner,12,6,4,1,1,1,1739599,0
work_skew,8,before,4,fixed_winner,13,6,4,1,1,1,1777901,0
work_skew,8,before,4,fixed_winner,14,6,4,1,1,1,1740481,0
work_skew_reversed,2,before,0,native,0,1,1,1,1,2,6112243,6353668
work_skew_reversed,2,before,0,native,1,1,1,1,1,2,6076867,6354048
work_skew_reversed,2,before,0,native,2,1,1,1,1,2,6083369,6353418
work_skew_reversed,2,before,0,native,3,1,1,1,1,2,6128613,6353307
work_skew_reversed,2,before,0,native,4,1,1,1,1,2,6083971,6354289
work_skew_reversed,2,before,0,native,5,1,1,1,1,2,6373008,6353377
work_skew_reversed,2,before,0,native,6,1,1,1,1,2,6181673,6354449
work_skew_reversed,2,before,0,native,7,1,1,1,1,2,6409316,6354299
work_skew_reversed,2,before,0,native,8,1,1,1,1,2,6310993,6353949
work_skew_reversed,2,before,0,native,9,1,1,1,1,2,6175260,6355771
work_skew_reversed,2,before,0,native,10,1,1,1,1,2,6280396,6353598
work_skew_reversed,2,before,0,native,11,1,1,1,1,2,6190454,6353317
work_skew_reversed,2,before,0,native,12,1,1,1,1,2,6191175,6354178
work_skew_reversed,2,before,0,native,13,1,1,1,1,2,6124375,6353507
work_skew_reversed,2,before,0,native,14,1,1,1,1,2,6218165,6353497
work_skew_reversed,2,before,0,fixed_winner,0,1,1,0,0,2,6249869,0
work_skew_reversed,2,before,0,fixed_winner,1,1,1,0,0,2,6312345,0
work_skew_reversed,2,before,0,fixed_winner,2,1,1,0,0,2,6273478,0
work_skew_reversed,2,before,0,fixed_winner,3,1,1,0,0,2,6079287,0
work_skew_reversed,2,before,0,fixed_winner,4,1,1,0,0,2,6337833,0
work_skew_reversed,2,before,0,fixed_winner,5,1,1,0,0,2,6221957,0
work_skew_reversed,2,before,0,fixed_winner,6,1,1,0,0,2,6067139,0
work_skew_reversed,2,before,0,fixed_winner,7,1,1,0,0,2,6056900,0
work_skew_reversed,2,before,0,fixed_winner,8,1,1,0,0,2,6029279,0
work_skew_reversed,2,before,0,fixed_winner,9,1,1,0,0,2,6049896,0
work_skew_reversed,2,before,0,fixed_winner,10,1,1,0,0,2,6170030,0
work_skew_reversed,2,before,0,fixed_winner,11,1,1,0,0,2,6297528,0
work_skew_reversed,2,before,0,fixed_winner,12,1,1,0,0,2,6108446,0
work_skew_reversed,2,before,0,fixed_winner,13,1,1,0,0,2,6153770,0
work_skew_reversed,2,before,0,fixed_winner,14,1,1,0,0,2,6327653,0
work_skew_reversed,2,after,0,native,0,1,1,1,1,2,6221547,6137021
work_skew_reversed,2,after,0,native,1,1,1,1,1,2,6129691,6137001
work_skew_reversed,2,after,0,native,2,1,1,1,1,2,6423938,6135748
work_skew_reversed,2,after,0,native,3,1,1,1,1,2,6218691,6137181
work_skew_reversed,2,after,0,native,4,1,1,1,1,2,6629396,6137241
work_skew_reversed,2,after,0,native,5,1,1,1,1,2,6133523,6163944
work_skew_reversed,2,after,0,native,6,1,1,1,1,2,6166753,6136994
work_skew_reversed,2,after,0,native,7,1,1,1,1,2,6224111,6139018
work_skew_reversed,2,after,0,native,8,1,1,1,1,2,6150886,6136723
work_skew_reversed,2,after,0,native,9,1,1,1,1,2,6121428,6136432
work_skew_reversed,2,after,0,native,10,1,1,1,1,2,6182805,6137073
work_skew_reversed,2,after,0,native,11,1,1,1,1,2,6624829,6136442
work_skew_reversed,2,after,0,native,12,1,1,1,1,2,6103026,6137605
work_skew_reversed,2,after,0,native,13,1,1,1,1,2,6137851,6135280
work_skew_reversed,2,after,0,native,14,1,1,1,1,2,6123103,6135280
work_skew_reversed,2,after,0,fixed_winner,0,1,1,0,0,2,6068181,0
work_skew_reversed,2,after,0,fixed_winner,1,1,1,0,0,2,6081936,0
work_skew_reversed,2,after,0,fixed_winner,2,1,1,0,0,2,6047061,0
work_skew_reversed,2,after,0,fixed_winner,3,1,1,0,0,2,6056189,0
work_skew_reversed,2,after,0,fixed_winner,4,1,1,0,0,2,6039507,0
work_skew_reversed,2,after,0,fixed_winner,5,1,1,0,0,2,6045960,0
work_skew_reversed,2,after,0,fixed_winner,6,1,1,0,0,2,6075514,0
work_skew_reversed,2,after,0,fixed_winner,7,1,1,0,0,2,6061318,0
work_skew_reversed,2,after,0,fixed_winner,8,1,1,0,0,2,6380533,0
work_skew_reversed,2,after,0,fixed_winner,9,1,1,0,0,2,6018028,0
work_skew_reversed,2,after,0,fixed_winner,10,1,1,0,0,2,6092907,0
work_skew_reversed,2,after,0,fixed_winner,11,1,1,0,0,2,6220184,0
work_skew_reversed,2,after,0,fixed_winner,12,1,1,0,0,2,6189407,0
work_skew_reversed,2,after,0,fixed_winner,13,1,1,0,0,2,6051199,0
work_skew_reversed,2,after,0,fixed_winner,14,1,1,0,0,2,5997028,0
work_skew_reversed,2,before,1,native,0,1,1,1,1,2,6228598,6154751
work_skew_reversed,2,before,1,native,1,1,1,1,1,2,6426940,6154501
work_skew_reversed,2,before,1,native,2,1,1,1,1,2,6213752,6154040
work_skew_reversed,2,before,1,native,3,1,1,1,1,2,6334055,6154380
work_skew_reversed,2,before,1,native,4,1,1,1,1,2,6104569,6154421
work_skew_reversed,2,before,1,native,5,1,1,1,1,2,6238879,6154541
work_skew_reversed,2,before,1,native,6,1,1,1,1,2,6595714,6154130
work_skew_reversed,2,before,1,native,7,1,1,1,1,2,6240201,6154570
work_skew_reversed,2,before,1,native,8,1,1,1,1,2,6244014,6154240
work_skew_reversed,2,before,1,native,9,1,1,1,1,2,6049611,6154160
work_skew_reversed,2,before,1,native,10,1,1,1,1,2,6053383,6154010
work_skew_reversed,2,before,1,native,11,1,1,1,1,2,6095131,6154260
work_skew_reversed,2,before,1,native,12,1,1,1,1,2,6063893,6154481
work_skew_reversed,2,before,1,native,13,1,1,1,1,2,6419986,6154240
work_skew_reversed,2,before,1,native,14,1,1,1,1,2,6087858,6154210
work_skew_reversed,2,before,1,fixed_winner,0,1,1,0,0,2,6223209,0
work_skew_reversed,2,before,1,fixed_winner,1,1,1,0,0,2,6517367,0
work_skew_reversed,2,before,1,fixed_winner,2,1,1,0,0,2,6587734,0
work_skew_reversed,2,before,1,fixed_winner,3,1,1,0,0,2,6416384,0
work_skew_reversed,2,before,1,fixed_winner,4,1,1,0,0,2,6684398,0
work_skew_reversed,2,before,1,fixed_winner,5,1,1,0,0,2,6828489,0
work_skew_reversed,2,before,1,fixed_winner,6,1,1,0,0,2,6705323,0
work_skew_reversed,2,before,1,fixed_winner,7,1,1,0,0,2,6450107,0
work_skew_reversed,2,before,1,fixed_winner,8,1,1,0,0,2,6343033,0
work_skew_reversed,2,before,1,fixed_winner,9,1,1,0,0,2,6365545,0
work_skew_reversed,2,before,1,fixed_winner,10,1,1,0,0,2,6492150,0
work_skew_reversed,2,before,1,fixed_winner,11,1,1,0,0,2,7177036,0
work_skew_reversed,2,before,1,fixed_winner,12,1,1,0,0,2,6926104,0
work_skew_reversed,2,before,1,fixed_winner,13,1,1,0,0,2,6630212,0
work_skew_reversed,2,before,1,fixed_winner,14,1,1,0,0,2,6956936,0
work_skew_reversed,2,after,1,native,0,1,1,1,1,2,6221847,6578516
work_skew_reversed,2,after,1,native,1,1,1,1,1,2,6204385,6579087
work_skew_reversed,2,after,1,native,2,1,1,1,1,2,6230343,6578566
work_skew_reversed,2,after,1,native,3,1,1,1,1,2,6146005,6579257
work_skew_reversed,2,after,1,native,4,1,1,1,1,2,6155523,6577905
work_skew_reversed,2,after,1,native,5,1,1,1,1,2,6440063,6578516
work_skew_reversed,2,after,1,native,6,1,1,1,1,2,6286778,6579418
work_skew_reversed,2,after,1,native,7,1,1,1,1,2,6392765,6578606
work_skew_reversed,2,after,1,native,8,1,1,1,1,2,6131960,6578466
work_skew_reversed,2,after,1,native,9,1,1,1,1,2,6203022,6578345
work_skew_reversed,2,after,1,native,10,1,1,1,1,2,6274916,6578375
work_skew_reversed,2,after,1,native,11,1,1,1,1,2,6187242,6580189
work_skew_reversed,2,after,1,native,12,1,1,1,1,2,7023049,6578827
work_skew_reversed,2,after,1,native,13,1,1,1,1,2,6153730,6579648
work_skew_reversed,2,after,1,native,14,1,1,1,1,2,6162537,6579578
work_skew_reversed,2,after,1,fixed_winner,0,1,1,0,0,2,6308443,0
work_skew_reversed,2,after,1,fixed_winner,1,1,1,0,0,2,6257980,0
work_skew_reversed,2,after,1,fixed_winner,2,1,1,0,0,2,6119316,0
work_skew_reversed,2,after,1,fixed_winner,3,1,1,0,0,2,6111512,0
work_skew_reversed,2,after,1,fixed_winner,4,1,1,0,0,2,6091725,0
work_skew_reversed,2,after,1,fixed_winner,5,1,1,0,0,2,6108626,0
work_skew_reversed,2,after,1,fixed_winner,6,1,1,0,0,2,6016315,0
work_skew_reversed,2,after,1,fixed_winner,7,1,1,0,0,2,6100662,0
work_skew_reversed,2,after,1,fixed_winner,8,1,1,0,0,2,6068671,0
work_skew_reversed,2,after,1,fixed_winner,9,1,1,0,0,2,6678432,0
work_skew_reversed,2,after,1,fixed_winner,10,1,1,0,0,2,6289744,0
work_skew_reversed,2,after,1,fixed_winner,11,1,1,0,0,2,6229577,0
work_skew_reversed,2,after,1,fixed_winner,12,1,1,0,0,2,6124576,0
work_skew_reversed,2,after,1,fixed_winner,13,1,1,0,0,2,6056389,0
work_skew_reversed,2,after,1,fixed_winner,14,1,1,0,0,2,6158489,0
work_skew_reversed,2,after,2,native,0,1,1,1,1,2,6089310,6152047
work_skew_reversed,2,after,2,native,1,1,1,1,1,2,6405598,6151796
work_skew_reversed,2,after,2,native,2,1,1,1,1,2,6195589,6154882
work_skew_reversed,2,after,2,native,3,1,1,1,1,2,6233248,6154280
work_skew_reversed,2,after,2,native,4,1,1,1,1,2,6286337,6153529
work_skew_reversed,2,after,2,native,5,1,1,1,1,2,6375141,6182816
work_skew_reversed,2,after,2,native,6,1,1,1,1,2,6478351,6189228
work_skew_reversed,2,after,2,native,7,1,1,1,1,2,6248672,6154404
work_skew_reversed,2,after,2,native,8,1,1,1,1,2,6369140,6153802
work_skew_reversed,2,after,2,native,9,1,1,1,1,2,6425657,6154714
work_skew_reversed,2,after,2,native,10,1,1,1,1,2,6159413,6154233
work_skew_reversed,2,after,2,native,11,1,1,1,1,2,6325701,6155285
work_skew_reversed,2,after,2,native,12,1,1,1,1,2,6171673,6154985
work_skew_reversed,2,after,2,native,13,1,1,1,1,2,6427709,6153412
work_skew_reversed,2,after,2,native,14,1,1,1,1,2,6280167,6155155
work_skew_reversed,2,after,2,fixed_winner,0,1,1,0,0,2,6171904,0
work_skew_reversed,2,after,2,fixed_winner,1,1,1,0,0,2,6747185,0
work_skew_reversed,2,after,2,fixed_winner,2,1,1,0,0,2,6130326,0
work_skew_reversed,2,after,2,fixed_winner,3,1,1,0,0,2,6194061,0
work_skew_reversed,2,after,2,fixed_winner,4,1,1,0,0,2,6376249,0
work_skew_reversed,2,after,2,fixed_winner,5,1,1,0,0,2,6116155,0
work_skew_reversed,2,after,2,fixed_winner,6,1,1,0,0,2,6304015,0
work_skew_reversed,2,after,2,fixed_winner,7,1,1,0,0,2,6331571,0
work_skew_reversed,2,after,2,fixed_winner,8,1,1,0,0,2,6130282,0
work_skew_reversed,2,after,2,fixed_winner,9,1,1,0,0,2,6368415,0
work_skew_reversed,2,after,2,fixed_winner,10,1,1,0,0,2,6310563,0
work_skew_reversed,2,after,2,fixed_winner,11,1,1,0,0,2,6093037,0
work_skew_reversed,2,after,2,fixed_winner,12,1,1,0,0,2,6055827,0
work_skew_reversed,2,after,2,fixed_winner,13,1,1,0,0,2,6093378,0
work_skew_reversed,2,after,2,fixed_winner,14,1,1,0,0,2,6054054,0
work_skew_reversed,2,before,2,native,0,1,1,1,1,2,6176232,6216702
work_skew_reversed,2,before,2,native,1,1,1,1,1,2,6138925,6218054
work_skew_reversed,2,before,2,native,2,1,1,1,1,2,6240772,6216751
work_skew_reversed,2,before,2,native,3,1,1,1,1,2,6554457,6216771
work_skew_reversed,2,before,2,native,4,1,1,1,1,2,6179697,6217734
work_skew_reversed,2,before,2,native,5,1,1,1,1,2,6820562,6217022
work_skew_reversed,2,before,2,native,6,1,1,1,1,2,6502792,6219636
work_skew_reversed,2,before,2,native,7,1,1,1,1,2,6630536,6221731
work_skew_reversed,2,before,2,native,8,1,1,1,1,2,6283073,6220959
work_skew_reversed,2,before,2,native,9,1,1,1,1,2,7029100,6218754
work_skew_reversed,2,before,2,native,10,1,1,1,1,2,6614396,6220017
work_skew_reversed,2,before,2,native,11,1,1,1,1,2,6314281,6246206
work_skew_reversed,2,before,2,native,12,1,1,1,1,2,6604077,6220799
work_skew_reversed,2,before,2,native,13,1,1,1,1,2,6397544,6222522
work_skew_reversed,2,before,2,native,14,1,1,1,1,2,6655887,6221630
work_skew_reversed,2,before,2,fixed_winner,0,1,1,0,0,2,6211799,0
work_skew_reversed,2,before,2,fixed_winner,1,1,1,0,0,2,6095332,0
work_skew_reversed,2,before,2,fixed_winner,2,1,1,0,0,2,6076937,0
work_skew_reversed,2,before,2,fixed_winner,3,1,1,0,0,2,6217689,0
work_skew_reversed,2,before,2,fixed_winner,4,1,1,0,0,2,6336029,0
work_skew_reversed,2,before,2,fixed_winner,5,1,1,0,0,2,6256452,0
work_skew_reversed,2,before,2,fixed_winner,6,1,1,0,0,2,6261703,0
work_skew_reversed,2,before,2,fixed_winner,7,1,1,0,0,2,6274464,0
work_skew_reversed,2,before,2,fixed_winner,8,1,1,0,0,2,6023999,0
work_skew_reversed,2,before,2,fixed_winner,9,1,1,0,0,2,6080143,0
work_skew_reversed,2,before,2,fixed_winner,10,1,1,0,0,2,6037584,0
work_skew_reversed,2,before,2,fixed_winner,11,1,1,0,0,2,6382897,0
work_skew_reversed,2,before,2,fixed_winner,12,1,1,0,0,2,6181982,0
work_skew_reversed,2,before,2,fixed_winner,13,1,1,0,0,2,6011605,0
work_skew_reversed,2,before,2,fixed_winner,14,1,1,0,0,2,6065798,0
work_skew_reversed,2,after,3,native,0,1,1,1,1,2,6280427,6154684
work_skew_reversed,2,after,3,native,1,1,1,1,1,2,6124396,6154294
work_skew_reversed,2,after,3,native,2,1,1,1,1,2,6082919,6154624
work_skew_reversed,2,after,3,native,3,1,1,1,1,2,6153589,6154354
work_skew_reversed,2,after,3,native,4,1,1,1,1,2,6084420,6154244
work_skew_reversed,2,after,3,native,5,1,1,1,1,2,6199456,6174943
work_skew_reversed,2,after,3,native,6,1,1,1,1,2,6364644,6153664
work_skew_reversed,2,after,3,native,7,1,1,1,1,2,6218180,6156269
work_skew_reversed,2,after,3,native,8,1,1,1,1,2,6303328,6156229
work_skew_reversed,2,after,3,native,9,1,1,1,1,2,6093508,6154806
work_skew_reversed,2,after,3,native,10,1,1,1,1,2,6365545,6154135
work_skew_reversed,2,after,3,native,11,1,1,1,1,2,6100581,6153563
work_skew_reversed,2,after,3,native,12,1,1,1,1,2,6338995,6154335
work_skew_reversed,2,after,3,native,13,1,1,1,1,2,6167385,6153854
work_skew_reversed,2,after,3,native,14,1,1,1,1,2,6125297,6155007
work_skew_reversed,2,after,3,fixed_winner,0,1,1,0,0,2,6390710,0
work_skew_reversed,2,after,3,fixed_winner,1,1,1,0,0,2,6268965,0
work_skew_reversed,2,after,3,fixed_winner,2,1,1,0,0,2,6057672,0
work_skew_reversed,2,after,3,fixed_winner,3,1,1,0,0,2,6337743,0
work_skew_reversed,2,after,3,fixed_winner,4,1,1,0,0,2,6035190,0
work_skew_reversed,2,after,3,fixed_winner,5,1,1,0,0,2,6038225,0
work_skew_reversed,2,after,3,fixed_winner,6,1,1,0,0,2,6014561,0
work_skew_reversed,2,after,3,fixed_winner,7,1,1,0,0,2,6054004,0
work_skew_reversed,2,after,3,fixed_winner,8,1,1,0,0,2,6115469,0
work_skew_reversed,2,after,3,fixed_winner,9,1,1,0,0,2,6039247,0
work_skew_reversed,2,after,3,fixed_winner,10,1,1,0,0,2,6045018,0
work_skew_reversed,2,after,3,fixed_winner,11,1,1,0,0,2,6059696,0
work_skew_reversed,2,after,3,fixed_winner,12,1,1,0,0,2,6043535,0
work_skew_reversed,2,after,3,fixed_winner,13,1,1,0,0,2,6094219,0
work_skew_reversed,2,after,3,fixed_winner,14,1,1,0,0,2,6025000,0
work_skew_reversed,2,before,3,native,0,1,1,1,1,2,6242295,6210377
work_skew_reversed,2,before,3,native,1,1,1,1,1,2,6439825,6210497
work_skew_reversed,2,before,3,native,2,1,1,1,1,2,6110329,6210648
work_skew_reversed,2,before,3,native,3,1,1,1,1,2,6165272,6210588
work_skew_reversed,2,before,3,native,4,1,1,1,1,2,6297768,6210187
work_skew_reversed,2,before,3,native,5,1,1,1,1,2,6195378,6210097
work_skew_reversed,2,before,3,native,6,1,1,1,1,2,6141858,6210177
work_skew_reversed,2,before,3,native,7,1,1,1,1,2,6236545,6210137
work_skew_reversed,2,before,3,native,8,1,1,1,1,2,6093418,6210558
work_skew_reversed,2,before,3,native,9,1,1,1,1,2,6122762,6210438
work_skew_reversed,2,before,3,native,10,1,1,1,1,2,6343053,6210457
work_skew_reversed,2,before,3,native,11,1,1,1,1,2,6113936,6210648
work_skew_reversed,2,before,3,native,12,1,1,1,1,2,6514041,6210477
work_skew_reversed,2,before,3,native,13,1,1,1,1,2,6227608,6211489
work_skew_reversed,2,before,3,native,14,1,1,1,1,2,6196158,6212792
work_skew_reversed,2,before,3,fixed_winner,0,1,1,0,0,2,6168359,0
work_skew_reversed,2,before,3,fixed_winner,1,1,1,0,0,2,6365663,0
work_skew_reversed,2,before,3,fixed_winner,2,1,1,0,0,2,6228540,0
work_skew_reversed,2,before,3,fixed_winner,3,1,1,0,0,2,6116020,0
work_skew_reversed,2,before,3,fixed_winner,4,1,1,0,0,2,6478134,0
work_skew_reversed,2,before,3,fixed_winner,5,1,1,0,0,2,6273975,0
work_skew_reversed,2,before,3,fixed_winner,6,1,1,0,0,2,6103186,0
work_skew_reversed,2,before,3,fixed_winner,7,1,1,0,0,2,6358751,0
work_skew_reversed,2,before,3,fixed_winner,8,1,1,0,0,2,6101182,0
work_skew_reversed,2,before,3,fixed_winner,9,1,1,0,0,2,6337774,0
work_skew_reversed,2,before,3,fixed_winner,10,1,1,0,0,2,6081335,0
work_skew_reversed,2,before,3,fixed_winner,11,1,1,0,0,2,6216848,0
work_skew_reversed,2,before,3,fixed_winner,12,1,1,0,0,2,6460369,0
work_skew_reversed,2,before,3,fixed_winner,13,1,1,0,0,2,6251252,0
work_skew_reversed,2,before,3,fixed_winner,14,1,1,0,0,2,6156325,0
work_skew_reversed,2,before,4,native,0,1,1,1,1,2,6088369,6146847
work_skew_reversed,2,before,4,native,1,1,1,1,1,2,6280047,6146426
work_skew_reversed,2,before,4,native,2,1,1,1,1,2,6128208,6146767
work_skew_reversed,2,before,4,native,3,1,1,1,1,2,6318260,6147448
work_skew_reversed,2,before,4,native,4,1,1,1,1,2,6244401,6147087
work_skew_reversed,2,before,4,native,5,1,1,1,1,2,6247129,6146717
work_skew_reversed,2,before,4,native,6,1,1,1,1,2,6239114,6146617
work_skew_reversed,2,before,4,native,7,1,1,1,1,2,6308669,6146156
work_skew_reversed,2,before,4,native,8,1,1,1,1,2,6258811,6146426
work_skew_reversed,2,before,4,native,9,1,1,1,1,2,6461377,6146716
work_skew_reversed,2,before,4,native,10,1,1,1,1,2,6276209,6148921
work_skew_reversed,2,before,4,native,11,1,1,1,1,2,6129907,6146587
work_skew_reversed,2,before,4,native,12,1,1,1,1,2,6107743,6146827
work_skew_reversed,2,before,4,native,13,1,1,1,1,2,6145875,6146827
work_skew_reversed,2,before,4,native,14,1,1,1,1,2,6085934,6146487
work_skew_reversed,2,before,4,fixed_winner,0,1,1,0,0,2,6221802,0
work_skew_reversed,2,before,4,fixed_winner,1,1,1,0,0,2,6050488,0
work_skew_reversed,2,before,4,fixed_winner,2,1,1,0,0,2,6010183,0
work_skew_reversed,2,before,4,fixed_winner,3,1,1,0,0,2,6059585,0
work_skew_reversed,2,before,4,fixed_winner,4,1,1,0,0,2,6040379,0
work_skew_reversed,2,before,4,fixed_winner,5,1,1,0,0,2,6052782,0
work_skew_reversed,2,before,4,fixed_winner,6,1,1,0,0,2,6038466,0
work_skew_reversed,2,before,4,fixed_winner,7,1,1,0,0,2,6082547,0
work_skew_reversed,2,before,4,fixed_winner,8,1,1,0,0,2,6055568,0
work_skew_reversed,2,before,4,fixed_winner,9,1,1,0,0,2,6281619,0
work_skew_reversed,2,before,4,fixed_winner,10,1,1,0,0,2,6357610,0
work_skew_reversed,2,before,4,fixed_winner,11,1,1,0,0,2,6095612,0
work_skew_reversed,2,before,4,fixed_winner,12,1,1,0,0,2,6076015,0
work_skew_reversed,2,before,4,fixed_winner,13,1,1,0,0,2,6031142,0
work_skew_reversed,2,before,4,fixed_winner,14,1,1,0,0,2,6132641,0
work_skew_reversed,2,after,4,native,0,1,1,1,1,2,6123705,6321099
work_skew_reversed,2,after,4,native,1,1,1,1,1,2,6285843,6320779
work_skew_reversed,2,after,4,native,2,1,1,1,1,2,6255783,6322993
work_skew_reversed,2,after,4,native,3,1,1,1,1,2,6233509,6321050
work_skew_reversed,2,after,4,native,4,1,1,1,1,2,6260980,6320519
work_skew_reversed,2,after,4,native,5,1,1,1,1,2,6519794,6320929
work_skew_reversed,2,after,4,native,6,1,1,1,1,2,6043764,6320378
work_skew_reversed,2,after,4,native,7,1,1,1,1,2,6230964,6320588
work_skew_reversed,2,after,4,native,8,1,1,1,1,2,6463097,6320769
work_skew_reversed,2,after,4,native,9,1,1,1,1,2,6080694,6321460
work_skew_reversed,2,after,4,native,10,1,1,1,1,2,6294944,6320478
work_skew_reversed,2,after,4,native,11,1,1,1,1,2,6295011,6320098
work_skew_reversed,2,after,4,native,12,1,1,1,1,2,6315632,6320338
work_skew_reversed,2,after,4,native,13,1,1,1,1,2,6373219,6320378
work_skew_reversed,2,after,4,native,14,1,1,1,1,2,6149283,6320478
work_skew_reversed,2,after,4,fixed_winner,0,1,1,0,0,2,6057571,0
work_skew_reversed,2,after,4,fixed_winner,1,1,1,0,0,2,6036913,0
work_skew_reversed,2,after,4,fixed_winner,2,1,1,0,0,2,6271570,0
work_skew_reversed,2,after,4,fixed_winner,3,1,1,0,0,2,6250200,0
work_skew_reversed,2,after,4,fixed_winner,4,1,1,0,0,2,6055197,0
work_skew_reversed,2,after,4,fixed_winner,5,1,1,0,0,2,6371075,0
work_skew_reversed,2,after,4,fixed_winner,6,1,1,0,0,2,6309511,0
work_skew_reversed,2,after,4,fixed_winner,7,1,1,0,0,2,6307184,0
work_skew_reversed,2,after,4,fixed_winner,8,1,1,0,0,2,6282642,0
work_skew_reversed,2,after,4,fixed_winner,9,1,1,0,0,2,6174318,0
work_skew_reversed,2,after,4,fixed_winner,10,1,1,0,0,2,6028678,0
work_skew_reversed,2,after,4,fixed_winner,11,1,1,0,0,2,6492762,0
work_skew_reversed,2,after,4,fixed_winner,12,1,1,0,0,2,6061017,0
work_skew_reversed,2,after,4,fixed_winner,13,1,1,0,0,2,6074503,0
work_skew_reversed,2,after,4,fixed_winner,14,1,1,0,0,2,6067830,0
work_skew_reversed,4,after,0,native,0,3,3,1,1,1,2376707,2290460
work_skew_reversed,4,after,0,native,1,3,3,1,1,1,2374858,2290190
work_skew_reversed,4,after,0,native,2,3,3,1,1,1,2469454,2290110
work_skew_reversed,4,after,0,native,3,3,3,1,1,1,2722385,2289849
work_skew_reversed,4,after,0,native,4,3,3,1,1,1,2377488,2290210
work_skew_reversed,4,after,0,native,5,3,3,1,1,1,2534615,2313024
work_skew_reversed,4,after,0,native,6,3,3,1,1,1,2555579,2286144
work_skew_reversed,4,after,0,native,7,3,3,1,1,1,2392666,2286444
work_skew_reversed,4,after,0,native,8,3,3,1,1,1,2381896,2286163
work_skew_reversed,4,after,0,native,9,3,3,1,1,1,2507730,2286564
work_skew_reversed,4,after,0,native,10,3,3,1,1,1,2389530,2286575
work_skew_reversed,4,after,0,native,11,3,3,1,1,1,2391018,2286464
work_skew_reversed,4,after,0,native,12,3,3,1,1,1,2443966,2286334
work_skew_reversed,4,after,0,native,13,3,3,1,1,1,2516496,2286134
work_skew_reversed,4,after,0,native,14,3,3,1,1,1,2392505,2286444
work_skew_reversed,4,after,0,fixed_winner,0,3,3,1,1,1,2542250,0
work_skew_reversed,4,after,0,fixed_winner,1,3,3,1,1,1,2364479,0
work_skew_reversed,4,after,0,fixed_winner,2,3,3,1,1,1,2516326,0
work_skew_reversed,4,after,0,fixed_winner,3,3,3,1,1,1,2554137,0
work_skew_reversed,4,after,0,fixed_winner,4,3,3,1,1,1,2378285,0
work_skew_reversed,4,after,0,fixed_winner,5,3,3,1,1,1,2549748,0
work_skew_reversed,4,after,0,fixed_winner,6,3,3,1,1,1,2377628,0
work_skew_reversed,4,after,0,fixed_winner,7,3,3,1,1,1,2399795,0
work_skew_reversed,4,after,0,fixed_winner,8,3,3,1,1,1,2380118,0
work_skew_reversed,4,after,0,fixed_winner,9,3,3,1,1,1,2529330,0
work_skew_reversed,4,after,0,fixed_winner,10,3,3,1,1,1,2557733,0
work_skew_reversed,4,after,0,fixed_winner,11,3,3,1,1,1,2416440,0
work_skew_reversed,4,after,0,fixed_winner,12,3,3,1,1,1,2418785,0
work_skew_reversed,4,after,0,fixed_winner,13,3,3,1,1,1,2414566,0
work_skew_reversed,4,after,0,fixed_winner,14,3,3,1,1,1,2513406,0
work_skew_reversed,4,before,0,native,0,1,2,1,1,2,3359164,3272150
work_skew_reversed,4,before,0,native,1,1,2,1,1,2,3474296,3272802
work_skew_reversed,4,before,0,native,2,1,2,1,1,2,3513373,3272971
work_skew_reversed,4,before,0,native,3,1,2,1,1,2,4193352,3272361
work_skew_reversed,4,before,0,native,4,1,2,1,1,2,3560713,3273843
work_skew_reversed,4,before,0,native,5,1,2,1,1,2,3856803,3302210
work_skew_reversed,4,before,0,native,6,1,2,1,1,2,3905954,3272474
work_skew_reversed,4,before,0,native,7,1,2,1,1,2,3962277,3271703
work_skew_reversed,4,before,0,native,8,1,2,1,1,2,3599855,3270971
work_skew_reversed,4,before,0,native,9,1,2,1,1,2,3398898,3270461
work_skew_reversed,4,before,0,native,10,1,2,1,1,2,3580388,3269349
work_skew_reversed,4,before,0,native,11,1,2,1,1,2,3855151,3269939
work_skew_reversed,4,before,0,native,12,1,2,1,1,2,3837076,3269278
work_skew_reversed,4,before,0,native,13,1,2,1,1,2,3540292,3270130
work_skew_reversed,4,before,0,native,14,1,2,1,1,2,3463169,3270441
work_skew_reversed,4,before,0,fixed_winner,0,3,3,1,1,1,2467420,0
work_skew_reversed,4,before,0,fixed_winner,1,3,3,1,1,1,2462226,0
work_skew_reversed,4,before,0,fixed_winner,2,3,3,1,1,1,2674130,0
work_skew_reversed,4,before,0,fixed_winner,3,3,3,1,1,1,2730473,0
work_skew_reversed,4,before,0,fixed_winner,4,3,3,1,1,1,2382504,0
work_skew_reversed,4,before,0,fixed_winner,5,3,3,1,1,1,2523073,0
work_skew_reversed,4,before,0,fixed_winner,6,3,3,1,1,1,2431493,0
work_skew_reversed,4,before,0,fixed_winner,7,3,3,1,1,1,2381159,0
work_skew_reversed,4,before,0,fixed_winner,8,3,3,1,1,1,2658562,0
work_skew_reversed,4,before,0,fixed_winner,9,3,3,1,1,1,2555279,0
work_skew_reversed,4,before,0,fixed_winner,10,3,3,1,1,1,2587348,0
work_skew_reversed,4,before,0,fixed_winner,11,3,3,1,1,1,2417691,0
work_skew_reversed,4,before,0,fixed_winner,12,3,3,1,1,1,2363834,0
work_skew_reversed,4,before,0,fixed_winner,13,3,3,1,1,1,2422500,0
work_skew_reversed,4,before,0,fixed_winner,14,3,3,1,1,1,2803381,0
work_skew_reversed,4,before,1,native,0,1,2,1,1,2,3592250,3358086
work_skew_reversed,4,before,1,native,1,1,2,1,1,2,3359017,3357705
work_skew_reversed,4,before,1,native,2,1,2,1,1,2,3496482,3357565
work_skew_reversed,4,before,1,native,3,1,2,1,1,2,3662689,3357695
work_skew_reversed,4,before,1,native,4,1,2,1,1,2,3504358,3358066
work_skew_reversed,4,before,1,native,5,1,2,1,1,2,3650007,3383028
work_skew_reversed,4,before,1,native,6,1,2,1,1,2,3334214,3354865
work_skew_reversed,4,before,1,native,7,1,2,1,1,2,3476619,3354906
work_skew_reversed,4,before,1,native,8,1,2,1,1,2,3602539,3355577
work_skew_reversed,4,before,1,native,9,1,2,1,1,2,3404355,3354765
work_skew_reversed,4,before,1,native,10,1,2,1,1,2,3458935,3354986
work_skew_reversed,4,before,1,native,11,1,2,1,1,2,3617629,3355297
work_skew_reversed,4,before,1,native,12,1,2,1,1,2,3396962,3354955
work_skew_reversed,4,before,1,native,13,1,2,1,1,2,3473543,3355026
work_skew_reversed,4,before,1,native,14,1,2,1,1,2,3581842,3355116
work_skew_reversed,4,before,1,fixed_winner,0,3,3,1,1,1,2574356,0
work_skew_reversed,4,before,1,fixed_winner,1,3,3,1,1,1,2441876,0
work_skew_reversed,4,before,1,fixed_winner,2,3,3,1,1,1,2561372,0
work_skew_reversed,4,before,1,fixed_winner,3,3,3,1,1,1,2537413,0
work_skew_reversed,4,before,1,fixed_winner,4,3,3,1,1,1,2536596,0
work_skew_reversed,4,before,1,fixed_winner,5,3,3,1,1,1,2470351,0
work_skew_reversed,4,before,1,fixed_winner,6,3,3,1,1,1,2430566,0
work_skew_reversed,4,before,1,fixed_winner,7,3,3,1,1,1,2383647,0
work_skew_reversed,4,before,1,fixed_winner,8,3,3,1,1,1,2438804,0
work_skew_reversed,4,before,1,fixed_winner,9,3,3,1,1,1,2824020,0
work_skew_reversed,4,before,1,fixed_winner,10,3,3,1,1,1,2400170,0
work_skew_reversed,4,before,1,fixed_winner,11,3,3,1,1,1,2424856,0
work_skew_reversed,4,before,1,fixed_winner,12,3,3,1,1,1,2386354,0
work_skew_reversed,4,before,1,fixed_winner,13,3,3,1,1,1,2668108,0
work_skew_reversed,4,before,1,fixed_winner,14,3,3,1,1,1,2453518,0
work_skew_reversed,4,after,1,native,0,3,3,1,1,1,2387296,2272145
work_skew_reversed,4,after,1,native,1,3,3,1,1,1,2409523,2272446
work_skew_reversed,4,after,1,native,2,3,3,1,1,1,2341932,2272736
work_skew_reversed,4,after,1,native,3,3,3,1,1,1,2583556,2272286
work_skew_reversed,4,after,1,native,4,3,3,1,1,1,2395085,2272055
work_skew_reversed,4,after,1,native,5,3,3,1,1,1,2688823,2297709
work_skew_reversed,4,after,1,native,6,3,3,1,1,1,2522392,2268675
work_skew_reversed,4,after,1,native,7,3,3,1,1,1,2605637,2268926
work_skew_reversed,4,after,1,native,8,3,3,1,1,1,2443205,2268806
work_skew_reversed,4,after,1,native,9,3,3,1,1,1,3099092,2268705
work_skew_reversed,4,after,1,native,10,3,3,1,1,1,2588060,2269076
work_skew_reversed,4,after,1,native,11,3,3,1,1,1,2500692,2269247
work_skew_reversed,4,after,1,native,12,3,3,1,1,1,2568739,2268846
work_skew_reversed,4,after,1,native,13,3,3,1,1,1,2482693,2268685
work_skew_reversed,4,after,1,native,14,3,3,1,1,1,2381169,2269216
work_skew_reversed,4,after,1,fixed_winner,0,3,3,1,1,1,2431162,0
work_skew_reversed,4,after,1,fixed_winner,1,3,3,1,1,1,2534821,0
work_skew_reversed,4,after,1,fixed_winner,2,3,3,1,1,1,2471718,0
work_skew_reversed,4,after,1,fixed_winner,3,3,3,1,1,1,2357585,0
work_skew_reversed,4,after,1,fixed_winner,4,3,3,1,1,1,2561646,0
work_skew_reversed,4,after,1,fixed_winner,5,3,3,1,1,1,2428798,0
work_skew_reversed,4,after,1,fixed_winner,6,3,3,1,1,1,2513186,0
work_skew_reversed,4,after,1,fixed_winner,7,3,3,1,1,1,2363757,0
work_skew_reversed,4,after,1,fixed_winner,8,3,3,1,1,1,2600688,0
work_skew_reversed,4,after,1,fixed_winner,9,3,3,1,1,1,2362314,0
work_skew_reversed,4,after,1,fixed_winner,10,3,3,1,1,1,2538843,0
work_skew_reversed,4,after,1,fixed_winner,11,3,3,1,1,1,2498919,0
work_skew_reversed,4,after,1,fixed_winner,12,3,3,1,1,1,2562607,0
work_skew_reversed,4,after,1,fixed_winner,13,3,3,1,1,1,2442063,0
work_skew_reversed,4,after,1,fixed_winner,14,3,3,1,1,1,2795411,0
work_skew_reversed,4,before,2,native,0,1,2,1,1,2,3537924,3250461
work_skew_reversed,4,before,2,native,1,1,2,1,1,2,3532442,3248738
work_skew_reversed,4,before,2,native,2,1,2,1,1,2,3586961,3248477
work_skew_reversed,4,before,2,native,3,1,2,1,1,2,3663633,3248428
work_skew_reversed,4,before,2,native,4,1,2,1,1,2,3399321,3248607
work_skew_reversed,4,before,2,native,5,1,2,1,1,2,3359386,3272382
work_skew_reversed,4,before,2,native,6,1,2,1,1,2,3359015,3245301
work_skew_reversed,4,before,2,native,7,1,2,1,1,2,3418155,3245221
work_skew_reversed,4,before,2,native,8,1,2,1,1,2,3665695,3244971
work_skew_reversed,4,before,2,native,9,1,2,1,1,2,3329752,3245191
work_skew_reversed,4,before,2,native,10,1,2,1,1,2,3621004,3245401
work_skew_reversed,4,before,2,native,11,1,2,1,1,2,3434976,3244860
work_skew_reversed,4,before,2,native,12,1,2,1,1,2,3580899,3244991
work_skew_reversed,4,before,2,native,13,1,2,1,1,2,3563377,3245492
work_skew_reversed,4,before,2,native,14,1,2,1,1,2,3480542,3245241
work_skew_reversed,4,before,2,fixed_winner,0,3,3,1,1,1,2590012,0
work_skew_reversed,4,before,2,fixed_winner,1,3,3,1,1,1,2355848,0
work_skew_reversed,4,before,2,fixed_winner,2,3,3,1,1,1,2483405,0
work_skew_reversed,4,before,2,fixed_winner,3,3,3,1,1,1,2390953,0
work_skew_reversed,4,before,2,fixed_winner,4,3,3,1,1,1,2343234,0
work_skew_reversed,4,before,2,fixed_winner,5,3,3,1,1,1,2375534,0
work_skew_reversed,4,before,2,fixed_winner,6,3,3,1,1,1,2371186,0
work_skew_reversed,4,before,2,fixed_winner,7,3,3,1,1,1,2346870,0
work_skew_reversed,4,before,2,fixed_winner,8,3,3,1,1,1,2383960,0
work_skew_reversed,4,before,2,fixed_winner,9,3,3,1,1,1,2392476,0
work_skew_reversed,4,before,2,fixed_winner,10,3,3,1,1,1,2398879,0
work_skew_reversed,4,before,2,fixed_winner,11,3,3,1,1,1,2525773,0
work_skew_reversed,4,before,2,fixed_winner,12,3,3,1,1,1,2381357,0
work_skew_reversed,4,before,2,fixed_winner,13,3,3,1,1,1,2483824,0
work_skew_reversed,4,before,2,fixed_winner,14,3,3,1,1,1,2586036,0
work_skew_reversed,4,after,2,native,0,3,3,1,1,1,2457043,2275398
work_skew_reversed,4,after,2,native,1,3,3,1,1,1,2526008,2275269
work_skew_reversed,4,after,2,native,2,3,3,1,1,1,2376292,2275178
work_skew_reversed,4,after,2,native,3,3,3,1,1,1,2455156,2275178
work_skew_reversed,4,after,2,native,4,3,3,1,1,1,2726334,2275318
work_skew_reversed,4,after,2,native,5,3,3,1,1,1,2613176,2298010
work_skew_reversed,4,after,2,native,6,3,3,1,1,1,2396298,2272092
work_skew_reversed,4,after,2,native,7,3,3,1,1,1,2596003,2272102
work_skew_reversed,4,after,2,native,8,3,3,1,1,1,2363178,2272011
work_skew_reversed,4,after,2,native,9,3,3,1,1,1,2525343,2271711
work_skew_reversed,4,after,2,native,10,3,3,1,1,1,2529180,2272542
work_skew_reversed,4,after,2,native,11,3,3,1,1,1,2419759,2272432
work_skew_reversed,4,after,2,native,12,3,3,1,1,1,2547381,2272082
work_skew_reversed,4,after,2,native,13,3,3,1,1,1,2434964,2271891
work_skew_reversed,4,after,2,native,14,3,3,1,1,1,2408686,2272302
work_skew_reversed,4,after,2,fixed_winner,0,3,3,1,1,1,2421423,0
work_skew_reversed,4,after,2,fixed_winner,1,3,3,1,1,1,2515501,0
work_skew_reversed,4,after,2,fixed_winner,2,3,3,1,1,1,2569766,0
work_skew_reversed,4,after,2,fixed_winner,3,3,3,1,1,1,2650666,0
work_skew_reversed,4,after,2,fixed_winner,4,3,3,1,1,1,2470361,0
work_skew_reversed,4,after,2,fixed_winner,5,3,3,1,1,1,2484747,0
work_skew_reversed,4,after,2,fixed_winner,6,3,3,1,1,1,2409871,0
work_skew_reversed,4,after,2,fixed_winner,7,3,3,1,1,1,2493080,0
work_skew_reversed,4,after,2,fixed_winner,8,3,3,1,1,1,2766345,0
work_skew_reversed,4,after,2,fixed_winner,9,3,3,1,1,1,2396650,0
work_skew_reversed,4,after,2,fixed_winner,10,3,3,1,1,1,2533804,0
work_skew_reversed,4,after,2,fixed_winner,11,3,3,1,1,1,2632928,0
work_skew_reversed,4,after,2,fixed_winner,12,3,3,1,1,1,2517048,0
work_skew_reversed,4,after,2,fixed_winner,13,3,3,1,1,1,2365580,0
work_skew_reversed,4,after,2,fixed_winner,14,3,3,1,1,1,2684019,0
work_skew_reversed,4,after,3,native,0,3,3,1,1,1,2398096,2328339
work_skew_reversed,4,after,3,native,1,3,3,1,1,1,2419546,2328379
work_skew_reversed,4,after,3,native,2,3,3,1,1,1,2357441,2328349
work_skew_reversed,4,after,3,native,3,3,3,1,1,1,2914299,2328460
work_skew_reversed,4,after,3,native,4,3,3,1,1,1,2538266,2328930
work_skew_reversed,4,after,3,native,5,3,3,1,1,1,2560749,2352175
work_skew_reversed,4,after,3,native,6,3,3,1,1,1,2417072,2325274
work_skew_reversed,4,after,3,native,7,3,3,1,1,1,2410839,2325325
work_skew_reversed,4,after,3,native,8,3,3,1,1,1,2370036,2325294
work_skew_reversed,4,after,3,native,9,3,3,1,1,1,2877158,2325025
work_skew_reversed,4,after,3,native,10,3,3,1,1,1,2545501,2326307
work_skew_reversed,4,after,3,native,11,3,3,1,1,1,2452102,2326227
work_skew_reversed,4,after,3,native,12,3,3,1,1,1,2396687,2325726
work_skew_reversed,4,after,3,native,13,3,3,1,1,1,2539510,2325314
work_skew_reversed,4,after,3,native,14,3,3,1,1,1,2383198,2325475
work_skew_reversed,4,after,3,fixed_winner,0,3,3,1,1,1,2438500,0
work_skew_reversed,4,after,3,fixed_winner,1,3,3,1,1,1,2680192,0
work_skew_reversed,4,after,3,fixed_winner,2,3,3,1,1,1,2403025,0
work_skew_reversed,4,after,3,fixed_winner,3,3,3,1,1,1,2392093,0
work_skew_reversed,4,after,3,fixed_winner,4,3,3,1,1,1,2506147,0
work_skew_reversed,4,after,3,fixed_winner,5,3,3,1,1,1,2386915,0
work_skew_reversed,4,after,3,fixed_winner,6,3,3,1,1,1,2370325,0
work_skew_reversed,4,after,3,fixed_winner,7,3,3,1,1,1,2381757,0
work_skew_reversed,4,after,3,fixed_winner,8,3,3,1,1,1,2710758,0
work_skew_reversed,4,after,3,fixed_winner,9,3,3,1,1,1,2542414,0
work_skew_reversed,4,after,3,fixed_winner,10,3,3,1,1,1,2580036,0
work_skew_reversed,4,after,3,fixed_winner,11,3,3,1,1,1,2428994,0
work_skew_reversed,4,after,3,fixed_winner,12,3,3,1,1,1,2569094,0
work_skew_reversed,4,after,3,fixed_winner,13,3,3,1,1,1,2499855,0
work_skew_reversed,4,after,3,fixed_winner,14,3,3,1,1,1,2528968,0
work_skew_reversed,4,before,3,native,0,1,2,1,1,2,3373361,3313803
work_skew_reversed,4,before,3,native,1,1,2,1,1,2,3687338,3347635
work_skew_reversed,4,before,3,native,2,1,2,1,1,2,3554469,3313562
work_skew_reversed,4,before,3,native,3,1,2,1,1,2,3358635,3313382
work_skew_reversed,4,before,3,native,4,1,2,1,1,2,3508564,3313202
work_skew_reversed,4,before,3,native,5,1,2,1,1,2,3565069,3333900
work_skew_reversed,4,before,3,native,6,1,2,1,1,2,3785730,3309385
work_skew_reversed,4,before,3,native,7,1,2,1,1,2,3436300,3309686
work_skew_reversed,4,before,3,native,8,1,2,1,1,2,3513483,3309355
work_skew_reversed,4,before,3,native,9,1,2,1,1,2,3616244,3309815
work_skew_reversed,4,before,3,native,10,1,2,1,1,2,3449053,3309725
work_skew_reversed,4,before,3,native,11,1,2,1,1,2,3580448,3309315
work_skew_reversed,4,before,3,native,12,1,2,1,1,2,3359186,3310096
work_skew_reversed,4,before,3,native,13,1,2,1,1,2,3439034,3309394
work_skew_reversed,4,before,3,native,14,1,2,1,1,2,3541084,3309274
work_skew_reversed,4,before,3,fixed_winner,0,3,3,1,1,1,2436548,0
work_skew_reversed,4,before,3,fixed_winner,1,3,3,1,1,1,2383890,0
work_skew_reversed,4,before,3,fixed_winner,2,3,3,1,1,1,2490528,0
work_skew_reversed,4,before,3,fixed_winner,3,3,3,1,1,1,2380158,0
work_skew_reversed,4,before,3,fixed_winner,4,3,3,1,1,1,2505566,0
work_skew_reversed,4,before,3,fixed_winner,5,3,3,1,1,1,2410068,0
work_skew_reversed,4,before,3,fixed_winner,6,3,3,1,1,1,2369724,0
work_skew_reversed,4,before,3,fixed_winner,7,3,3,1,1,1,2401252,0
work_skew_reversed,4,before,3,fixed_winner,8,3,3,1,1,1,2521236,0
work_skew_reversed,4,before,3,fixed_winner,9,3,3,1,1,1,2383579,0
work_skew_reversed,4,before,3,fixed_winner,10,3,3,1,1,1,2333766,0
work_skew_reversed,4,before,3,fixed_winner,11,3,3,1,1,1,2384190,0
work_skew_reversed,4,before,3,fixed_winner,12,3,3,1,1,1,2360846,0
work_skew_reversed,4,before,3,fixed_winner,13,3,3,1,1,1,2385437,0
work_skew_reversed,4,before,3,fixed_winner,14,3,3,1,1,1,2772924,0
work_skew_reversed,4,before,4,native,0,1,2,1,1,2,3376638,3323204
work_skew_reversed,4,before,4,native,1,1,2,1,1,2,3603569,3322172
work_skew_reversed,4,before,4,native,2,1,2,1,1,2,3718676,3321750
work_skew_reversed,4,before,4,native,3,1,2,1,1,2,3591229,3321550
work_skew_reversed,4,before,4,native,4,1,2,1,1,2,3546034,3321851
work_skew_reversed,4,before,4,native,5,1,2,1,1,2,3605274,3348089
work_skew_reversed,4,before,4,native,6,1,2,1,1,2,3456367,3319755
work_skew_reversed,4,before,4,native,7,1,2,1,1,2,3566056,3319064
work_skew_reversed,4,before,4,native,8,1,2,1,1,2,3599877,3318814
work_skew_reversed,4,before,4,native,9,1,2,1,1,2,3408698,3319094
work_skew_reversed,4,before,4,native,10,1,2,1,1,2,3560522,3318814
work_skew_reversed,4,before,4,native,11,1,2,1,1,2,3382364,3318594
work_skew_reversed,4,before,4,native,12,1,2,1,1,2,3654130,3318814
work_skew_reversed,4,before,4,native,13,1,2,1,1,2,3508644,3319024
work_skew_reversed,4,before,4,native,14,1,2,1,1,2,3555522,3318694
work_skew_reversed,4,before,4,fixed_winner,0,3,3,1,1,1,2404667,0
work_skew_reversed,4,before,4,fixed_winner,1,3,3,1,1,1,2479699,0
work_skew_reversed,4,before,4,fixed_winner,2,3,3,1,1,1,2555840,0
work_skew_reversed,4,before,4,fixed_winner,3,3,3,1,1,1,2384821,0
work_skew_reversed,4,before,4,fixed_winner,4,3,3,1,1,1,2379101,0
work_skew_reversed,4,before,4,fixed_winner,5,3,3,1,1,1,2660815,0
work_skew_reversed,4,before,4,fixed_winner,6,3,3,1,1,1,2394179,0
work_skew_reversed,4,before,4,fixed_winner,7,3,3,1,1,1,2363847,0
work_skew_reversed,4,before,4,fixed_winner,8,3,3,1,1,1,2432133,0
work_skew_reversed,4,before,4,fixed_winner,9,3,3,1,1,1,2779749,0
work_skew_reversed,4,before,4,fixed_winner,10,3,3,1,1,1,2338615,0
work_skew_reversed,4,before,4,fixed_winner,11,3,3,1,1,1,2389089,0
work_skew_reversed,4,before,4,fixed_winner,12,3,3,1,1,1,2384190,0
work_skew_reversed,4,before,4,fixed_winner,13,3,3,1,1,1,2384661,0
work_skew_reversed,4,before,4,fixed_winner,14,3,3,1,1,1,2401532,0
work_skew_reversed,4,after,4,native,0,3,3,1,1,1,2382257,2258526
work_skew_reversed,4,after,4,native,1,3,3,1,1,1,2379541,2258566
work_skew_reversed,4,after,4,native,2,3,3,1,1,1,2401272,2258656
work_skew_reversed,4,after,4,native,3,3,3,1,1,1,2380313,2258746
work_skew_reversed,4,after,4,native,4,3,3,1,1,1,2932571,2258526
work_skew_reversed,4,after,4,native,5,3,3,1,1,1,2427531,2287678
work_skew_reversed,4,after,4,native,6,3,3,1,1,1,2403527,2255619
work_skew_reversed,4,after,4,native,7,3,3,1,1,1,2565468,2255979
work_skew_reversed,4,after,4,native,8,3,3,1,1,1,2363002,2256020
work_skew_reversed,4,after,4,native,9,3,3,1,1,1,2501377,2255599
work_skew_reversed,4,after,4,native,10,3,3,1,1,1,2537826,2255289
work_skew_reversed,4,after,4,native,11,3,3,1,1,1,2353123,2255359
work_skew_reversed,4,after,4,native,12,3,3,1,1,1,2562262,2255289
work_skew_reversed,4,after,4,native,13,3,3,1,1,1,2423573,2255669
work_skew_reversed,4,after,4,native,14,3,3,1,1,1,2468227,2255248
work_skew_reversed,4,after,4,fixed_winner,0,3,3,1,1,1,2362890,0
work_skew_reversed,4,after,4,fixed_winner,1,3,3,1,1,1,2503192,0
work_skew_reversed,4,after,4,fixed_winner,2,3,3,1,1,1,2560078,0
work_skew_reversed,4,after,4,fixed_winner,3,3,3,1,1,1,2572832,0
work_skew_reversed,4,after,4,fixed_winner,4,3,3,1,1,1,2366977,0
work_skew_reversed,4,after,4,fixed_winner,5,3,3,1,1,1,2377929,0
work_skew_reversed,4,after,4,fixed_winner,6,3,3,1,1,1,2428623,0
work_skew_reversed,4,after,4,fixed_winner,7,3,3,1,1,1,2380573,0
work_skew_reversed,4,after,4,fixed_winner,8,3,3,1,1,1,2459812,0
work_skew_reversed,4,after,4,fixed_winner,9,3,3,1,1,1,2710387,0
work_skew_reversed,4,after,4,fixed_winner,10,3,3,1,1,1,2357229,0
work_skew_reversed,4,after,4,fixed_winner,11,3,3,1,1,1,2388037,0
work_skew_reversed,4,after,4,fixed_winner,12,3,3,1,1,1,2601625,0
work_skew_reversed,4,after,4,fixed_winner,13,3,3,1,1,1,2605712,0
work_skew_reversed,4,after,4,fixed_winner,14,3,3,1,1,1,2386073,0
work_skew_reversed,6,after,0,native,0,5,5,1,1,1,1673658,1507184
work_skew_reversed,6,after,0,native,1,5,5,1,1,1,1786536,1507153
work_skew_reversed,6,after,0,native,2,5,5,1,1,1,1558553,1507133
work_skew_reversed,6,after,0,native,3,5,5,1,1,1,1603908,1506743
work_skew_reversed,6,after,0,native,4,5,5,1,1,1,1667694,1507023
work_skew_reversed,6,after,0,native,5,5,5,1,1,1,1731826,1524398
work_skew_reversed,6,after,0,native,6,5,5,1,1,1,1588709,1503259
work_skew_reversed,6,after,0,native,7,5,5,1,1,1,1590472,1502979
work_skew_reversed,6,after,0,native,8,5,5,1,1,1,1579972,1503079
work_skew_reversed,6,after,0,native,9,5,5,1,1,1,1592435,1503459
work_skew_reversed,6,after,0,native,10,5,5,1,1,1,1775027,1502948
work_skew_reversed,6,after,0,native,11,5,5,1,1,1,1837512,1503189
work_skew_reversed,6,after,0,native,12,5,5,1,1,1,1825759,1503209
work_skew_reversed,6,after,0,native,13,5,5,1,1,1,1557522,1503109
work_skew_reversed,6,after,0,native,14,5,5,1,1,1,1578329,1503209
work_skew_reversed,6,after,0,fixed_winner,0,5,5,1,1,1,1796085,0
work_skew_reversed,6,after,0,fixed_winner,1,5,5,1,1,1,1585157,0
work_skew_reversed,6,after,0,fixed_winner,2,5,5,1,1,1,1703523,0
work_skew_reversed,6,after,0,fixed_winner,3,5,5,1,1,1,1579972,0
work_skew_reversed,6,after,0,fixed_winner,4,5,5,1,1,1,1572012,0
work_skew_reversed,6,after,0,fixed_winner,5,5,5,1,1,1,1650454,0
work_skew_reversed,6,after,0,fixed_winner,6,5,5,1,1,1,1559789,0
work_skew_reversed,6,after,0,fixed_winner,7,5,5,1,1,1,1567850,0
work_skew_reversed,6,after,0,fixed_winner,8,5,5,1,1,1,1924148,0
work_skew_reversed,6,after,0,fixed_winner,9,5,5,1,1,1,1825951,0
work_skew_reversed,6,after,0,fixed_winner,10,5,5,1,1,1,1648140,0
work_skew_reversed,6,after,0,fixed_winner,11,5,5,1,1,1,1549265,0
work_skew_reversed,6,after,0,fixed_winner,12,5,5,1,1,1,1570770,0
work_skew_reversed,6,after,0,fixed_winner,13,5,5,1,1,1,1571011,0
work_skew_reversed,6,after,0,fixed_winner,14,5,5,1,1,1,1651345,0
work_skew_reversed,6,before,0,native,0,1,4,1,1,2,2001071,1785641
work_skew_reversed,6,before,0,native,1,1,4,1,1,2,2063227,1785552
work_skew_reversed,6,before,0,native,2,1,4,1,1,2,1921078,1786122
work_skew_reversed,6,before,0,native,3,1,4,1,1,2,1844194,1785551
work_skew_reversed,6,before,0,native,4,1,4,1,1,2,1893862,1785522
work_skew_reversed,6,before,0,native,5,1,4,1,1,2,2205733,1804427
work_skew_reversed,6,before,0,native,6,1,4,1,1,2,2189918,1782737
work_skew_reversed,6,before,0,native,7,1,4,1,1,2,1950783,1782636
work_skew_reversed,6,before,0,native,8,1,4,1,1,2,1963087,1782736
work_skew_reversed,6,before,0,native,9,1,4,1,1,2,2320541,1782817
work_skew_reversed,6,before,0,native,10,1,4,1,1,2,2038537,1783177
work_skew_reversed,6,before,0,native,11,1,4,1,1,2,1991885,1782687
work_skew_reversed,6,before,0,native,12,1,4,1,1,2,1991945,1782816
work_skew_reversed,6,before,0,native,13,1,4,1,1,2,1983975,1783047
work_skew_reversed,6,before,0,native,14,1,4,1,1,2,1836851,1782606
work_skew_reversed,6,before,0,fixed_winner,0,5,5,1,1,1,1578850,0
work_skew_reversed,6,before,0,fixed_winner,1,5,5,1,1,1,1568852,0
work_skew_reversed,6,before,0,fixed_winner,2,5,5,1,1,1,1797192,0
work_skew_reversed,6,before,0,fixed_winner,3,5,5,1,1,1,1545043,0
work_skew_reversed,6,before,0,fixed_winner,4,5,5,1,1,1,1737922,0
work_skew_reversed,6,before,0,fixed_winner,5,5,5,1,1,1,1660101,0
work_skew_reversed,6,before,0,fixed_winner,6,5,5,1,1,1,1562976,0
work_skew_reversed,6,before,0,fixed_winner,7,5,5,1,1,1,1676330,0
work_skew_reversed,6,before,0,fixed_winner,8,5,5,1,1,1,1727868,0
work_skew_reversed,6,before,0,fixed_winner,9,5,5,1,1,1,1580704,0
work_skew_reversed,6,before,0,fixed_winner,10,5,5,1,1,1,1544343,0
work_skew_reversed,6,before,0,fixed_winner,11,5,5,1,1,1,1719182,0
work_skew_reversed,6,before,0,fixed_winner,12,5,5,1,1,1,1565279,0
work_skew_reversed,6,before,0,fixed_winner,13,5,5,1,1,1,1865395,0
work_skew_reversed,6,before,0,fixed_winner,14,5,5,1,1,1,1747439,0
work_skew_reversed,6,before,1,native,0,1,4,1,1,2,1911014,1789624
work_skew_reversed,6,before,1,native,1,1,4,1,1,2,2020628,1789715
work_skew_reversed,6,before,1,native,2,1,4,1,1,2,2036938,1789935
work_skew_reversed,6,before,1,native,3,1,4,1,1,2,1964549,1790115
work_skew_reversed,6,before,1,native,4,1,4,1,1,2,2192367,1789624
work_skew_reversed,6,before,1,native,5,1,4,1,1,2,2123434,1812383
work_skew_reversed,6,before,1,native,6,1,4,1,1,2,2035205,1787086
work_skew_reversed,6,before,1,native,7,1,4,1,1,2,1972578,1786896
work_skew_reversed,6,before,1,native,8,1,4,1,1,2,1984401,1786855
work_skew_reversed,6,before,1,native,9,1,4,1,1,2,1961288,1787166
work_skew_reversed,6,before,1,native,10,1,4,1,1,2,2052722,1787517
work_skew_reversed,6,before,1,native,11,1,4,1,1,2,2223460,1786806
work_skew_reversed,6,before,1,native,12,1,4,1,1,2,2164867,1786936
work_skew_reversed,6,before,1,native,13,1,4,1,1,2,2240868,1786916
work_skew_reversed,6,before,1,native,14,1,4,1,1,2,1962921,1787407
work_skew_reversed,6,before,1,fixed_winner,0,5,5,1,1,1,1563186,0
work_skew_reversed,6,before,1,fixed_winner,1,5,5,1,1,1,1533155,0
work_skew_reversed,6,before,1,fixed_winner,2,5,5,1,1,1,1592781,0
work_skew_reversed,6,before,1,fixed_winner,3,5,5,1,1,1,1805112,0
work_skew_reversed,6,before,1,fixed_winner,4,5,5,1,1,1,1574443,0
work_skew_reversed,6,before,1,fixed_winner,5,5,5,1,1,1,1539326,0
work_skew_reversed,6,before,1,fixed_winner,6,5,5,1,1,1,1568927,0
work_skew_reversed,6,before,1,fixed_winner,7,5,5,1,1,1,1768789,0
work_skew_reversed,6,before,1,fixed_winner,8,5,5,1,1,1,1579061,0
work_skew_reversed,6,before,1,fixed_winner,9,5,5,1,1,1,1543034,0
work_skew_reversed,6,before,1,fixed_winner,10,5,5,1,1,1,1640485,0
work_skew_reversed,6,before,1,fixed_winner,11,5,5,1,1,1,1828711,0
work_skew_reversed,6,before,1,fixed_winner,12,5,5,1,1,1,1592631,0
work_skew_reversed,6,before,1,fixed_winner,13,5,5,1,1,1,1585548,0
work_skew_reversed,6,before,1,fixed_winner,14,5,5,1,1,1,1643035,0
work_skew_reversed,6,after,1,native,0,5,5,1,1,1,2232077,1531033
work_skew_reversed,6,after,1,native,1,5,5,1,1,1,1931846,1532707
work_skew_reversed,6,after,1,native,2,5,5,1,1,1,1864950,1531304
work_skew_reversed,6,after,1,native,3,5,5,1,1,1,1888011,1531595
work_skew_reversed,6,after,1,native,4,5,5,1,1,1,1877657,1531024
work_skew_reversed,6,after,1,native,5,5,5,1,1,1,1832708,1558065
work_skew_reversed,6,after,1,native,6,5,5,1,1,1,1591173,1527349
work_skew_reversed,6,after,1,native,7,5,5,1,1,1,1624495,1527269
work_skew_reversed,6,after,1,native,8,5,5,1,1,1,2005470,1527178
work_skew_reversed,6,after,1,native,9,5,5,1,1,1,1860320,1527909
work_skew_reversed,6,after,1,native,10,5,5,1,1,1,1649602,1528010
work_skew_reversed,6,after,1,native,11,5,5,1,1,1,1661438,1527629
work_skew_reversed,6,after,1,native,12,5,5,1,1,1,1824098,1527559
work_skew_reversed,6,after,1,native,13,5,5,1,1,1,1787589,1527329
work_skew_reversed,6,after,1,native,14,5,5,1,1,1,1854063,1527209
work_skew_reversed,6,after,1,fixed_winner,0,5,5,1,1,1,1687038,0
work_skew_reversed,6,after,1,fixed_winner,1,5,5,1,1,1,1560922,0
work_skew_reversed,6,after,1,fixed_winner,2,5,5,1,1,1,1808318,0
work_skew_reversed,6,after,1,fixed_winner,3,5,5,1,1,1,1767411,0
work_skew_reversed,6,after,1,fixed_winner,4,5,5,1,1,1,1772751,0
work_skew_reversed,6,after,1,fixed_winner,5,5,5,1,1,1,1912703,0
work_skew_reversed,6,after,1,fixed_winner,6,5,5,1,1,1,1820079,0
work_skew_reversed,6,after,1,fixed_winner,7,5,5,1,1,1,1792077,0
work_skew_reversed,6,after,1,fixed_winner,8,5,5,1,1,1,1644473,0
work_skew_reversed,6,after,1,fixed_winner,9,5,5,1,1,1,1676752,0
work_skew_reversed,6,after,1,fixed_winner,10,5,5,1,1,1,1700479,0
work_skew_reversed,6,after,1,fixed_winner,11,5,5,1,1,1,1725865,0
work_skew_reversed,6,after,1,fixed_winner,12,5,5,1,1,1,1569654,0
work_skew_reversed,6,after,1,fixed_winner,13,5,5,1,1,1,1892353,0
work_skew_reversed,6,after,1,fixed_winner,14,5,5,1,1,1,1743419,0
work_skew_reversed,6,after,2,native,0,5,5,1,1,1,1564504,1501454
work_skew_reversed,6,after,2,native,1,5,5,1,1,1,1581034,1501504
work_skew_reversed,6,after,2,native,2,5,5,1,1,1,1540589,1501264
work_skew_reversed,6,after,2,native,3,5,5,1,1,1,1615919,1501123
work_skew_reversed,6,after,2,native,4,5,5,1,1,1,1584451,1501243
work_skew_reversed,6,after,2,native,5,5,5,1,1,1,1665803,1523657
work_skew_reversed,6,after,2,native,6,5,5,1,1,1,1815040,1496206
work_skew_reversed,6,after,2,native,7,5,5,1,1,1,1558192,1496377
work_skew_reversed,6,after,2,native,8,5,5,1,1,1,1566437,1496577
work_skew_reversed,6,after,2,native,9,5,5,1,1,1,1567429,1496286
work_skew_reversed,6,after,2,native,10,5,5,1,1,1,1561779,1496657
work_skew_reversed,6,after,2,native,11,5,5,1,1,1,1718240,1496277
work_skew_reversed,6,after,2,native,12,5,5,1,1,1,1563592,1496316
work_skew_reversed,6,after,2,native,13,5,5,1,1,1,1594259,1496206
work_skew_reversed,6,after,2,native,14,5,5,1,1,1,1593388,1496617
work_skew_reversed,6,after,2,fixed_winner,0,5,5,1,1,1,1661234,0
work_skew_reversed,6,after,2,fixed_winner,1,5,5,1,1,1,1681080,0
work_skew_reversed,6,after,2,fixed_winner,2,5,5,1,1,1,1717769,0
work_skew_reversed,6,after,2,fixed_winner,3,5,5,1,1,1,1869569,0
work_skew_reversed,6,after,2,fixed_winner,4,5,5,1,1,1,1784647,0
work_skew_reversed,6,after,2,fixed_winner,5,5,5,1,1,1,1791186,0
work_skew_reversed,6,after,2,fixed_winner,6,5,5,1,1,1,1563010,0
work_skew_reversed,6,after,2,fixed_winner,7,5,5,1,1,1,1611872,0
work_skew_reversed,6,after,2,fixed_winner,8,5,5,1,1,1,1663397,0
work_skew_reversed,6,after,2,fixed_winner,9,5,5,1,1,1,1714653,0
work_skew_reversed,6,after,2,fixed_winner,10,5,5,1,1,1,1577278,0
work_skew_reversed,6,after,2,fixed_winner,11,5,5,1,1,1,1601122,0
work_skew_reversed,6,after,2,fixed_winner,12,5,5,1,1,1,2136871,0
work_skew_reversed,6,after,2,fixed_winner,13,5,5,1,1,1,1809398,0
work_skew_reversed,6,after,2,fixed_winner,14,5,5,1,1,1,1674559,0
work_skew_reversed,6,before,2,native,0,1,4,1,1,2,2011852,1845486
work_skew_reversed,6,before,2,native,1,1,4,1,1,2,1842576,1845416
work_skew_reversed,6,before,2,native,2,1,4,1,1,2,1994294,1845216
work_skew_reversed,6,before,2,native,3,1,4,1,1,2,2419641,1845306
work_skew_reversed,6,before,2,native,4,1,4,1,1,2,2090258,1845576
work_skew_reversed,6,before,2,native,5,1,4,1,1,2,1848452,1863024
work_skew_reversed,6,before,2,native,6,1,4,1,1,2,2070701,1841675
work_skew_reversed,6,before,2,native,7,1,4,1,1,2,1984060,1841804
work_skew_reversed,6,before,2,native,8,1,4,1,1,2,2003020,1842136
work_skew_reversed,6,before,2,native,9,1,4,1,1,2,1924689,1841704
work_skew_reversed,6,before,2,native,10,1,4,1,1,2,2385367,1841835
work_skew_reversed,6,before,2,native,11,1,4,1,1,2,2385522,1842726
work_skew_reversed,6,before,2,native,12,1,4,1,1,2,2187725,1841734
work_skew_reversed,6,before,2,native,13,1,4,1,1,2,2093178,1841745
work_skew_reversed,6,before,2,native,14,1,4,1,1,2,1827664,1841715
work_skew_reversed,6,before,2,fixed_winner,0,5,5,1,1,1,1564563,0
work_skew_reversed,6,before,2,fixed_winner,1,5,5,1,1,1,1545062,0
work_skew_reversed,6,before,2,fixed_winner,2,5,5,1,1,1,1730208,0
work_skew_reversed,6,before,2,fixed_winner,3,5,5,1,1,1,1702200,0
work_skew_reversed,6,before,2,fixed_winner,4,5,5,1,1,1,1536681,0
work_skew_reversed,6,before,2,fixed_winner,5,5,5,1,1,1,1530490,0
work_skew_reversed,6,before,2,fixed_winner,6,5,5,1,1,1,1652177,0
work_skew_reversed,6,before,2,fixed_winner,7,5,5,1,1,1,1572643,0
work_skew_reversed,6,before,2,fixed_winner,8,5,5,1,1,1,1534418,0
work_skew_reversed,6,before,2,fixed_winner,9,5,5,1,1,1,1544201,0
work_skew_reversed,6,before,2,fixed_winner,10,5,5,1,1,1,1687062,0
work_skew_reversed,6,before,2,fixed_winner,11,5,5,1,1,1,1556358,0
work_skew_reversed,6,before,2,fixed_winner,12,5,5,1,1,1,1529072,0
work_skew_reversed,6,before,2,fixed_winner,13,5,5,1,1,1,1671482,0
work_skew_reversed,6,before,2,fixed_winner,14,5,5,1,1,1,1553794,0
work_skew_reversed,6,after,3,native,0,5,5,1,1,1,1570454,1527021
work_skew_reversed,6,after,3,native,1,5,5,1,1,1,1558262,1527241
work_skew_reversed,6,after,3,native,2,5,5,1,1,1,1533954,1526811
work_skew_reversed,6,after,3,native,3,5,5,1,1,1,1548848,1526840
work_skew_reversed,6,after,3,native,4,5,5,1,1,1,1751692,1526820
work_skew_reversed,6,after,3,native,5,5,5,1,1,1,1588739,1553924
work_skew_reversed,6,after,3,native,6,5,5,1,1,1,1559721,1522847
work_skew_reversed,6,after,3,native,7,5,5,1,1,1,1583389,1522726
work_skew_reversed,6,after,3,native,8,5,5,1,1,1,1643715,1523567
work_skew_reversed,6,after,3,native,9,5,5,1,1,1,1722317,1522836
work_skew_reversed,6,after,3,native,10,5,5,1,1,1,1544958,1522896
work_skew_reversed,6,after,3,native,11,5,5,1,1,1,1624022,1522836
work_skew_reversed,6,after,3,native,12,5,5,1,1,1,1642182,1522817
work_skew_reversed,6,after,3,native,13,5,5,1,1,1,1722197,1522736
work_skew_reversed,6,after,3,native,14,5,5,1,1,1,1551559,1522807
work_skew_reversed,6,after,3,fixed_winner,0,5,5,1,1,1,1606572,0
work_skew_reversed,6,after,3,fixed_winner,1,5,5,1,1,1,1572719,0
work_skew_reversed,6,after,3,fixed_winner,2,5,5,1,1,1,1805793,0
work_skew_reversed,6,after,3,fixed_winner,3,5,5,1,1,1,1693444,0
work_skew_reversed,6,after,3,fixed_winner,4,5,5,1,1,1,1578480,0
work_skew_reversed,6,after,3,fixed_winner,5,5,5,1,1,1,1695028,0
work_skew_reversed,6,after,3,fixed_winner,6,5,5,1,1,1,1811913,0
work_skew_reversed,6,after,3,fixed_winner,7,5,5,1,1,1,1802378,0
work_skew_reversed,6,after,3,fixed_winner,8,5,5,1,1,1,1626068,0
work_skew_reversed,6,after,3,fixed_winner,9,5,5,1,1,1,1561047,0
work_skew_reversed,6,after,3,fixed_winner,10,5,5,1,1,1,1555647,0
work_skew_reversed,6,after,3,fixed_winner,11,5,5,1,1,1,1557920,0
work_skew_reversed,6,after,3,fixed_winner,12,5,5,1,1,1,1653651,0
work_skew_reversed,6,after,3,fixed_winner,13,5,5,1,1,1,1738237,0
work_skew_reversed,6,after,3,fixed_winner,14,5,5,1,1,1,1808186,0
work_skew_reversed,6,before,3,native,0,1,4,1,1,2,2271295,1803015
work_skew_reversed,6,before,3,native,1,1,4,1,1,2,2052112,1803005
work_skew_reversed,6,before,3,native,2,1,4,1,1,2,1818326,1802936
work_skew_reversed,6,before,3,native,3,1,4,1,1,2,2027606,1802815
work_skew_reversed,6,before,3,native,4,1,4,1,1,2,1967014,1802905
work_skew_reversed,6,before,3,native,5,1,4,1,1,2,2002319,1821223
work_skew_reversed,6,before,3,native,6,1,4,1,1,2,1916429,1800345
work_skew_reversed,6,before,3,native,7,1,4,1,1,2,2106112,1800204
work_skew_reversed,6,before,3,native,8,1,4,1,1,2,1862389,1800845
work_skew_reversed,6,before,3,native,9,1,4,1,1,2,1857593,1800375
work_skew_reversed,6,before,3,native,10,1,4,1,1,2,2032611,1800635
work_skew_reversed,6,before,3,native,11,1,4,1,1,2,1860725,1800344
work_skew_reversed,6,before,3,native,12,1,4,1,1,2,1835748,1800274
work_skew_reversed,6,before,3,native,13,1,4,1,1,2,2048119,1800114
work_skew_reversed,6,before,3,native,14,1,4,1,1,2,2207396,1800445
work_skew_reversed,6,before,3,fixed_winner,0,5,5,1,1,1,1555637,0
work_skew_reversed,6,before,3,fixed_winner,1,5,5,1,1,1,1568306,0
work_skew_reversed,6,before,3,fixed_winner,2,5,5,1,1,1,1655317,0
work_skew_reversed,6,before,3,fixed_winner,3,5,5,1,1,1,1705026,0
work_skew_reversed,6,before,3,fixed_winner,4,5,5,1,1,1,1567454,0
work_skew_reversed,6,before,3,fixed_winner,5,5,5,1,1,1,1559940,0
work_skew_reversed,6,before,3,fixed_winner,6,5,5,1,1,1,1647137,0
work_skew_reversed,6,before,3,fixed_winner,7,5,5,1,1,1,1572559,0
work_skew_reversed,6,before,3,fixed_winner,8,5,5,1,1,1,1566968,0
work_skew_reversed,6,before,3,fixed_winner,9,5,5,1,1,1,1546300,0
work_skew_reversed,6,before,3,fixed_winner,10,5,5,1,1,1,1604538,0
work_skew_reversed,6,before,3,fixed_winner,11,5,5,1,1,1,1582256,0
work_skew_reversed,6,before,3,fixed_winner,12,5,5,1,1,1,1939842,0
work_skew_reversed,6,before,3,fixed_winner,13,5,5,1,1,1,1816904,0
work_skew_reversed,6,before,3,fixed_winner,14,5,5,1,1,1,1606747,0
work_skew_reversed,6,after,4,native,0,5,5,1,1,1,1598967,1500307
work_skew_reversed,6,after,4,native,1,5,5,1,1,1,1642210,1500518
work_skew_reversed,6,after,4,native,2,5,5,1,1,1,1748506,1500198
work_skew_reversed,6,after,4,native,3,5,5,1,1,1,1569853,1500448
work_skew_reversed,6,after,4,native,4,5,5,1,1,1,1566708,1499957
work_skew_reversed,6,after,4,native,5,5,5,1,1,1,1605590,1524201
work_skew_reversed,6,after,4,native,6,5,5,1,1,1,1988323,1497130
work_skew_reversed,6,after,4,native,7,5,5,1,1,1,1713900,1496901
work_skew_reversed,6,after,4,native,8,5,5,1,1,1,1944192,1497070
work_skew_reversed,6,after,4,native,9,5,5,1,1,1,1580694,1497140
work_skew_reversed,6,after,4,native,10,5,5,1,1,1,1563812,1496980
work_skew_reversed,6,after,4,native,11,5,5,1,1,1,1566648,1497100
work_skew_reversed,6,after,4,native,12,5,5,1,1,1,1565565,1497271
work_skew_reversed,6,after,4,native,13,5,5,1,1,1,1584931,1497181
work_skew_reversed,6,after,4,native,14,5,5,1,1,1,1560917,1496890
work_skew_reversed,6,after,4,fixed_winner,0,5,5,1,1,1,1585733,0
work_skew_reversed,6,after,4,fixed_winner,1,5,5,1,1,1,1580212,0
work_skew_reversed,6,after,4,fixed_winner,2,5,5,1,1,1,1645226,0
work_skew_reversed,6,after,4,fixed_winner,3,5,5,1,1,1,1719131,0
work_skew_reversed,6,after,4,fixed_winner,4,5,5,1,1,1,2262031,0
work_skew_reversed,6,after,4,fixed_winner,5,5,5,1,1,1,1858160,0
work_skew_reversed,6,after,4,fixed_winner,6,5,5,1,1,1,1593829,0
work_skew_reversed,6,after,4,fixed_winner,7,5,5,1,1,1,1560386,0
work_skew_reversed,6,after,4,fixed_winner,8,5,5,1,1,1,1702049,0
work_skew_reversed,6,after,4,fixed_winner,9,5,5,1,1,1,1652549,0
work_skew_reversed,6,after,4,fixed_winner,10,5,5,1,1,1,1574562,0
work_skew_reversed,6,after,4,fixed_winner,11,5,5,1,1,1,1706418,0
work_skew_reversed,6,after,4,fixed_winner,12,5,5,1,1,1,1740791,0
work_skew_reversed,6,after,4,fixed_winner,13,5,5,1,1,1,1600803,0
work_skew_reversed,6,after,4,fixed_winner,14,5,5,1,1,1,1583880,0
work_skew_reversed,6,before,4,native,0,1,4,1,1,2,1845447,1806644
work_skew_reversed,6,before,4,native,1,1,4,1,1,2,1851237,1806895
work_skew_reversed,6,before,4,native,2,1,4,1,1,2,1923302,1806624
work_skew_reversed,6,before,4,native,3,1,4,1,1,2,1931918,1806795
work_skew_reversed,6,before,4,native,4,1,4,1,1,2,1813146,1806624
work_skew_reversed,6,before,4,native,5,1,4,1,1,2,2006278,1823434
work_skew_reversed,6,before,4,native,6,1,4,1,1,2,1908865,1805330
work_skew_reversed,6,before,4,native,7,1,4,1,1,2,1835939,1804219
work_skew_reversed,6,before,4,native,8,1,4,1,1,2,2008560,1804288
work_skew_reversed,6,before,4,native,9,1,4,1,1,2,2067816,1803777
work_skew_reversed,6,before,4,native,10,1,4,1,1,2,2039323,1803908
work_skew_reversed,6,before,4,native,11,1,4,1,1,2,2028282,1804148
work_skew_reversed,6,before,4,native,12,1,4,1,1,2,2174179,1804228
work_skew_reversed,6,before,4,native,13,1,4,1,1,2,1902423,1804519
work_skew_reversed,6,before,4,native,14,1,4,1,1,2,1852550,1803938
work_skew_reversed,6,before,4,fixed_winner,0,5,5,1,1,1,1616536,0
work_skew_reversed,6,before,4,fixed_winner,1,5,5,1,1,1,1756962,0
work_skew_reversed,6,before,4,fixed_winner,2,5,5,1,1,1,1565245,0
work_skew_reversed,6,before,4,fixed_winner,3,5,5,1,1,1,1552722,0
work_skew_reversed,6,before,4,fixed_winner,4,5,5,1,1,1,1559038,0
work_skew_reversed,6,before,4,fixed_winner,5,5,5,1,1,1,1682629,0
work_skew_reversed,6,before,4,fixed_winner,6,5,5,1,1,1,1709784,0
work_skew_reversed,6,before,4,fixed_winner,7,5,5,1,1,1,1633382,0
work_skew_reversed,6,before,4,fixed_winner,8,5,5,1,1,1,1572984,0
work_skew_reversed,6,before,4,fixed_winner,9,5,5,1,1,1,1643065,0
work_skew_reversed,6,before,4,fixed_winner,10,5,5,1,1,1,1833825,0
work_skew_reversed,6,before,4,fixed_winner,11,5,5,1,1,1,1724281,0
work_skew_reversed,6,before,4,fixed_winner,12,5,5,1,1,1,1633813,0
work_skew_reversed,6,before,4,fixed_winner,13,5,5,1,1,1,1576481,0
work_skew_reversed,6,before,4,fixed_winner,14,5,5,1,1,1,1647823,0
work_skew_reversed,8,before,0,native,0,1,6,1,1,2,1581067,1413889
work_skew_reversed,8,before,0,native,1,1,6,1,1,2,1661223,1413748
work_skew_reversed,8,before,0,native,2,1,6,1,1,2,1636658,1414420
work_skew_reversed,8,before,0,native,3,1,6,1,1,2,1645306,1415101
work_skew_reversed,8,before,0,native,4,1,6,1,1,2,1627901,1414290
work_skew_reversed,8,before,0,native,5,1,6,1,1,2,1697742,1442557
work_skew_reversed,8,before,0,native,6,1,6,1,1,2,1583217,1410166
work_skew_reversed,8,before,0,native,7,1,6,1,1,2,1554525,1410206
work_skew_reversed,8,before,0,native,8,1,6,1,1,2,1550689,1410467
work_skew_reversed,8,before,0,native,9,1,6,1,1,2,1866656,1409995
work_skew_reversed,8,before,0,native,10,1,6,1,1,2,1591604,1410377
work_skew_reversed,8,before,0,native,11,1,6,1,1,2,1568552,1409976
work_skew_reversed,8,before,0,native,12,1,6,1,1,2,1602783,1409856
work_skew_reversed,8,before,0,native,13,1,6,1,1,2,1561861,1420391
work_skew_reversed,8,before,0,native,14,1,6,1,1,2,1599960,1408560
work_skew_reversed,8,before,0,fixed_winner,0,3,7,1,1,1,1532035,0
work_skew_reversed,8,before,0,fixed_winner,1,3,7,1,1,1,1636357,0
work_skew_reversed,8,before,0,fixed_winner,2,3,7,1,1,1,1509643,0
work_skew_reversed,8,before,0,fixed_winner,3,3,7,1,1,1,1482260,0
work_skew_reversed,8,before,0,fixed_winner,4,3,7,1,1,1,1519791,0
work_skew_reversed,8,before,0,fixed_winner,5,3,7,1,1,1,1512866,0
work_skew_reversed,8,before,0,fixed_winner,6,3,7,1,1,1,1534909,0
work_skew_reversed,8,before,0,fixed_winner,7,3,7,1,1,1,1709676,0
work_skew_reversed,8,before,0,fixed_winner,8,3,7,1,1,1,1568650,0
work_skew_reversed,8,before,0,fixed_winner,9,3,7,1,1,1,1515975,0
work_skew_reversed,8,before,0,fixed_winner,10,3,7,1,1,1,1499151,0
work_skew_reversed,8,before,0,fixed_winner,11,3,7,1,1,1,1529630,0
work_skew_reversed,8,before,0,fixed_winner,12,3,7,1,1,1,1516884,0
work_skew_reversed,8,before,0,fixed_winner,13,3,7,1,1,1,1532213,0
work_skew_reversed,8,before,0,fixed_winner,14,3,7,1,1,1,1519571,0
work_skew_reversed,8,after,0,native,0,7,7,1,1,1,1523718,1247235
work_skew_reversed,8,after,0,native,1,7,7,1,1,1,1514039,1247044
work_skew_reversed,8,after,0,native,2,7,7,1,1,1,1540138,1247265
work_skew_reversed,8,after,0,native,3,7,7,1,1,1,1551049,1247325
work_skew_reversed,8,after,0,native,4,7,7,1,1,1,1533446,1247325
work_skew_reversed,8,after,0,native,5,7,7,1,1,1,1632901,1271405
work_skew_reversed,8,after,0,native,6,7,7,1,1,1,1538545,1244245
work_skew_reversed,8,after,0,native,7,7,7,1,1,1,1549756,1243884
work_skew_reversed,8,after,0,native,8,7,7,1,1,1,1528246,1243864
work_skew_reversed,8,after,0,native,9,7,7,1,1,1,1548784,1244105
work_skew_reversed,8,after,0,native,10,7,7,1,1,1,1731720,1243754
work_skew_reversed,8,after,0,native,11,7,7,1,1,1,1581165,1244264
work_skew_reversed,8,after,0,native,12,7,7,1,1,1,1497454,1244465
work_skew_reversed,8,after,0,native,13,7,7,1,1,1,1687402,1244154
work_skew_reversed,8,after,0,native,14,7,7,1,1,1,1546400,1244225
work_skew_reversed,8,after,0,fixed_winner,0,3,7,1,1,1,1528166,0
work_skew_reversed,8,after,0,fixed_winner,1,3,7,1,1,1,1509166,0
work_skew_reversed,8,after,0,fixed_winner,2,3,7,1,1,1,1516394,0
work_skew_reversed,8,after,0,fixed_winner,3,3,7,1,1,1,1522039,0
work_skew_reversed,8,after,0,fixed_winner,4,3,7,1,1,1,1521930,0
work_skew_reversed,8,after,0,fixed_winner,5,3,7,1,1,1,1497293,0
work_skew_reversed,8,after,0,fixed_winner,6,3,7,1,1,1,1504076,0
work_skew_reversed,8,after,0,fixed_winner,7,3,7,1,1,1,1510393,0
work_skew_reversed,8,after,0,fixed_winner,8,3,7,1,1,1,1502508,0
work_skew_reversed,8,after,0,fixed_winner,9,3,7,1,1,1,1719767,0
work_skew_reversed,8,after,0,fixed_winner,10,3,7,1,1,1,1514555,0
work_skew_reversed,8,after,0,fixed_winner,11,3,7,1,1,1,1518448,0
work_skew_reversed,8,after,0,fixed_winner,12,3,7,1,1,1,1524584,0
work_skew_reversed,8,after,0,fixed_winner,13,3,7,1,1,1,1499046,0
work_skew_reversed,8,after,0,fixed_winner,14,3,7,1,1,1,1513078,0
work_skew_reversed,8,after,1,native,0,7,7,1,1,1,1540869,1216358
work_skew_reversed,8,after,1,native,1,7,7,1,1,1,1527571,1216418
work_skew_reversed,8,after,1,native,2,7,7,1,1,1,1729043,1216819
work_skew_reversed,8,after,1,native,3,7,7,1,1,1,1545588,1216939
work_skew_reversed,8,after,1,native,4,7,7,1,1,1,1560006,1216538
work_skew_reversed,8,after,1,native,5,7,7,1,1,1,1590391,1240807
work_skew_reversed,8,after,1,native,6,7,7,1,1,1,1573701,1212534
work_skew_reversed,8,after,1,native,7,7,7,1,1,1,1530270,1212104
work_skew_reversed,8,after,1,native,8,7,7,1,1,1,1562870,1212184
work_skew_reversed,8,after,1,native,9,7,7,1,1,1,1564914,1212685
work_skew_reversed,8,after,1,native,10,7,7,1,1,1,1555016,1212043
work_skew_reversed,8,after,1,native,11,7,7,1,1,1,1648487,1212424
work_skew_reversed,8,after,1,native,12,7,7,1,1,1,1536655,1212685
work_skew_reversed,8,after,1,native,13,7,7,1,1,1,1555788,1220651
work_skew_reversed,8,after,1,native,14,7,7,1,1,1,1559004,1211003
work_skew_reversed,8,after,1,fixed_winner,0,3,7,1,1,1,1645155,0
work_skew_reversed,8,after,1,fixed_winner,1,3,7,1,1,1,1541040,0
work_skew_reversed,8,after,1,fixed_winner,2,3,7,1,1,1,1518287,0
work_skew_reversed,8,after,1,fixed_winner,3,3,7,1,1,1,1499301,0
work_skew_reversed,8,after,1,fixed_winner,4,3,7,1,1,1,1497856,0
work_skew_reversed,8,after,1,fixed_winner,5,3,7,1,1,1,1519800,0
work_skew_reversed,8,after,1,fixed_winner,6,3,7,1,1,1,1505397,0
work_skew_reversed,8,after,1,fixed_winner,7,3,7,1,1,1,1505735,0
work_skew_reversed,8,after,1,fixed_winner,8,3,7,1,1,1,1541938,0
work_skew_reversed,8,after,1,fixed_winner,9,3,7,1,1,1,1633793,0
work_skew_reversed,8,after,1,fixed_winner,10,3,7,1,1,1,1546243,0
work_skew_reversed,8,after,1,fixed_winner,11,3,7,1,1,1,1509762,0
work_skew_reversed,8,after,1,fixed_winner,12,3,7,1,1,1,1527752,0
work_skew_reversed,8,after,1,fixed_winner,13,3,7,1,1,1,1519263,0
work_skew_reversed,8,after,1,fixed_winner,14,3,7,1,1,1,1502168,0
work_skew_reversed,8,before,1,native,0,1,6,1,1,2,1598277,1330070
work_skew_reversed,8,before,1,native,1,1,6,1,1,2,1581090,1329969
work_skew_reversed,8,before,1,native,2,1,6,1,1,2,1595366,1329990
work_skew_reversed,8,before,1,native,3,1,6,1,1,2,1584396,1330110
work_skew_reversed,8,before,1,native,4,1,6,1,1,2,1771554,1329990
work_skew_reversed,8,before,1,native,5,1,6,1,1,2,1598617,1348687
work_skew_reversed,8,before,1,native,6,1,6,1,1,2,1517446,1327067
work_skew_reversed,8,before,1,native,7,1,6,1,1,2,1592416,1326977
work_skew_reversed,8,before,1,native,8,1,6,1,1,2,1453777,1326846
work_skew_reversed,8,before,1,native,9,1,6,1,1,2,1481544,1326877
work_skew_reversed,8,before,1,native,10,1,6,1,1,2,1522881,1327017
work_skew_reversed,8,before,1,native,11,1,6,1,1,2,1453587,1327207
work_skew_reversed,8,before,1,native,12,1,6,1,1,2,1570324,1327207
work_skew_reversed,8,before,1,native,13,1,6,1,1,2,1521273,1327037
work_skew_reversed,8,before,1,native,14,1,6,1,1,2,1594960,1327127
work_skew_reversed,8,before,1,fixed_winner,0,3,7,1,1,1,1503781,0
work_skew_reversed,8,before,1,fixed_winner,1,3,7,1,1,1,1516630,0
work_skew_reversed,8,before,1,fixed_winner,2,3,7,1,1,1,1590883,0
work_skew_reversed,8,before,1,fixed_winner,3,3,7,1,1,1,1532644,0
work_skew_reversed,8,before,1,fixed_winner,4,3,7,1,1,1,1521484,0
work_skew_reversed,8,before,1,fixed_winner,5,3,7,1,1,1,1509556,0
work_skew_reversed,8,before,1,fixed_winner,6,3,7,1,1,1,1514275,0
work_skew_reversed,8,before,1,fixed_winner,7,3,7,1,1,1,1515182,0
work_skew_reversed,8,before,1,fixed_winner,8,3,7,1,1,1,1534262,0
work_skew_reversed,8,before,1,fixed_winner,9,3,7,1,1,1,1497960,0
work_skew_reversed,8,before,1,fixed_winner,10,3,7,1,1,1,1489793,0
work_skew_reversed,8,before,1,fixed_winner,11,3,7,1,1,1,1951120,0
work_skew_reversed,8,before,1,fixed_winner,12,3,7,1,1,1,1536687,0
work_skew_reversed,8,before,1,fixed_winner,13,3,7,1,1,1,1506516,0
work_skew_reversed,8,before,1,fixed_winner,14,3,7,1,1,1,1498781,0
work_skew_reversed,8,before,2,native,0,1,6,1,1,2,1472413,1357651
work_skew_reversed,8,before,2,native,1,1,6,1,1,2,1584449,1357731
work_skew_reversed,8,before,2,native,2,1,6,1,1,2,1607124,1357701
work_skew_reversed,8,before,2,native,3,1,6,1,1,2,1466802,1357770
work_skew_reversed,8,before,2,native,4,1,6,1,1,2,1475007,1357540
work_skew_reversed,8,before,2,native,5,1,6,1,1,2,1628658,1386775
work_skew_reversed,8,before,2,native,6,1,6,1,1,2,1548679,1354805
work_skew_reversed,8,before,2,native,7,1,6,1,1,2,1604086,1354755
work_skew_reversed,8,before,2,native,8,1,6,1,1,2,1592205,1354925
work_skew_reversed,8,before,2,native,9,1,6,1,1,2,1567471,1354856
work_skew_reversed,8,before,2,native,10,1,6,1,1,2,1627391,1354676
work_skew_reversed,8,before,2,native,11,1,6,1,1,2,1515934,1354926
work_skew_reversed,8,before,2,native,12,1,6,1,1,2,1580528,1354705
work_skew_reversed,8,before,2,native,13,1,6,1,1,2,1550732,1354745
work_skew_reversed,8,before,2,native,14,1,6,1,1,2,1568858,1354755
work_skew_reversed,8,before,2,fixed_winner,0,3,7,1,1,1,1503821,0
work_skew_reversed,8,before,2,fixed_winner,1,3,7,1,1,1,1525029,0
work_skew_reversed,8,before,2,fixed_winner,2,3,7,1,1,1,1517528,0
work_skew_reversed,8,before,2,fixed_winner,3,3,7,1,1,1,1506856,0
work_skew_reversed,8,before,2,fixed_winner,4,3,7,1,1,1,1535869,0
work_skew_reversed,8,before,2,fixed_winner,5,3,7,1,1,1,1484746,0
work_skew_reversed,8,before,2,fixed_winner,6,3,7,1,1,1,1481018,0
work_skew_reversed,8,before,2,fixed_winner,7,3,7,1,1,1,1523848,0
work_skew_reversed,8,before,2,fixed_winner,8,3,7,1,1,1,1503019,0
work_skew_reversed,8,before,2,fixed_winner,9,3,7,1,1,1,1520820,0
work_skew_reversed,8,before,2,fixed_winner,10,3,7,1,1,1,1488354,0
work_skew_reversed,8,before,2,fixed_winner,11,3,7,1,1,1,1498651,0
work_skew_reversed,8,before,2,fixed_winner,12,3,7,1,1,1,1510050,0
work_skew_reversed,8,before,2,fixed_winner,13,3,7,1,1,1,1494225,0
work_skew_reversed,8,before,2,fixed_winner,14,3,7,1,1,1,1537103,0
work_skew_reversed,8,after,2,native,0,7,7,1,1,1,1588909,1234235
work_skew_reversed,8,after,2,native,1,7,7,1,1,1,1530670,1234336
work_skew_reversed,8,after,2,native,2,7,7,1,1,1,1542422,1234727
work_skew_reversed,8,after,2,native,3,7,7,1,1,1,1505214,1234085
work_skew_reversed,8,after,2,native,4,7,7,1,1,1,1521453,1234336
work_skew_reversed,8,after,2,native,5,7,7,1,1,1,1553443,1263594
work_skew_reversed,8,after,2,native,6,7,7,1,1,1,1524569,1230102
work_skew_reversed,8,after,2,native,7,7,7,1,1,1,1552431,1230021
work_skew_reversed,8,after,2,native,8,7,7,1,1,1,1507687,1230212
work_skew_reversed,8,after,2,native,9,7,7,1,1,1,1570585,1229991
work_skew_reversed,8,after,2,native,10,7,7,1,1,1,1528917,1229961
work_skew_reversed,8,after,2,native,11,7,7,1,1,1,1560125,1230152
work_skew_reversed,8,after,2,native,12,7,7,1,1,1,1530230,1229992
work_skew_reversed,8,after,2,native,13,7,7,1,1,1,1520171,1230011
work_skew_reversed,8,after,2,native,14,7,7,1,1,1,1534578,1230061
work_skew_reversed,8,after,2,fixed_winner,0,3,7,1,1,1,1503610,0
work_skew_reversed,8,after,2,fixed_winner,1,3,7,1,1,1,1524204,0
work_skew_reversed,8,after,2,fixed_winner,2,3,7,1,1,1,1522461,0
work_skew_reversed,8,after,2,fixed_winner,3,3,7,1,1,1,1502102,0
work_skew_reversed,8,after,2,fixed_winner,4,3,7,1,1,1,1523022,0
work_skew_reversed,8,after,2,fixed_winner,5,3,7,1,1,1,1505895,0
work_skew_reversed,8,after,2,fixed_winner,6,3,7,1,1,1,1509205,0
work_skew_reversed,8,after,2,fixed_winner,7,3,7,1,1,1,1522591,0
work_skew_reversed,8,after,2,fixed_winner,8,3,7,1,1,1,1751266,0
work_skew_reversed,8,after,2,fixed_winner,9,3,7,1,1,1,1511720,0
work_skew_reversed,8,after,2,fixed_winner,10,3,7,1,1,1,1475252,0
work_skew_reversed,8,after,2,fixed_winner,11,3,7,1,1,1,1542012,0
work_skew_reversed,8,after,2,fixed_winner,12,3,7,1,1,1,1518769,0
work_skew_reversed,8,after,2,fixed_winner,13,3,7,1,1,1,1515798,0
work_skew_reversed,8,after,2,fixed_winner,14,3,7,1,1,1,1521218,0
work_skew_reversed,8,before,3,native,0,1,6,1,1,2,1575124,1383657
work_skew_reversed,8,before,3,native,1,1,6,1,1,2,1540418,1383848
work_skew_reversed,8,before,3,native,2,1,6,1,1,2,2095964,1383817
work_skew_reversed,8,before,3,native,3,1,6,1,1,2,1836049,1384318
work_skew_reversed,8,before,3,native,4,1,6,1,1,2,1579682,1383948
work_skew_reversed,8,before,3,native,5,1,6,1,1,2,1667644,1403957
work_skew_reversed,8,before,3,native,6,1,6,1,1,2,1580585,1380983
work_skew_reversed,8,before,3,native,7,1,6,1,1,2,1583647,1381184
work_skew_reversed,8,before,3,native,8,1,6,1,1,2,1475960,1381064
work_skew_reversed,8,before,3,native,9,1,6,1,1,2,1434822,1381134
work_skew_reversed,8,before,3,native,10,1,6,1,1,2,1597991,1381003
work_skew_reversed,8,before,3,native,11,1,6,1,1,2,1844549,1380974
work_skew_reversed,8,before,3,native,12,1,6,1,1,2,1590734,1381625
work_skew_reversed,8,before,3,native,13,1,6,1,1,2,1559209,1382016
work_skew_reversed,8,before,3,native,14,1,6,1,1,2,1544631,1381214
work_skew_reversed,8,before,3,fixed_winner,0,3,7,1,1,1,1531432,0
work_skew_reversed,8,before,3,fixed_winner,1,3,7,1,1,1,1513508,0
work_skew_reversed,8,before,3,fixed_winner,2,3,7,1,1,1,1503991,0
work_skew_reversed,8,before,3,fixed_winner,3,3,7,1,1,1,1492991,0
work_skew_reversed,8,before,3,fixed_winner,4,3,7,1,1,1,1498109,0
work_skew_reversed,8,before,3,fixed_winner,5,3,7,1,1,1,1516273,0
work_skew_reversed,8,before,3,fixed_winner,6,3,7,1,1,1,1519250,0
work_skew_reversed,8,before,3,fixed_winner,7,3,7,1,1,1,1525767,0
work_skew_reversed,8,before,3,fixed_winner,8,3,7,1,1,1,1526498,0
work_skew_reversed,8,before,3,fixed_winner,9,3,7,1,1,1,1997531,0
work_skew_reversed,8,before,3,fixed_winner,10,3,7,1,1,1,1511415,0
work_skew_reversed,8,before,3,fixed_winner,11,3,7,1,1,1,1491167,0
work_skew_reversed,8,before,3,fixed_winner,12,3,7,1,1,1,1508520,0
work_skew_reversed,8,before,3,fixed_winner,13,3,7,1,1,1,1500375,0
work_skew_reversed,8,before,3,fixed_winner,14,3,7,1,1,1,1509601,0
work_skew_reversed,8,after,3,native,0,7,7,1,1,1,1505534,1186123
work_skew_reversed,8,after,3,native,1,7,7,1,1,1,1587677,1185762
work_skew_reversed,8,after,3,native,2,7,7,1,1,1,1578598,1185843
work_skew_reversed,8,after,3,native,3,7,7,1,1,1,1525340,1185783
work_skew_reversed,8,after,3,native,4,7,7,1,1,1,1895336,1185703
work_skew_reversed,8,after,3,native,5,7,7,1,1,1,1583844,1220845
work_skew_reversed,8,after,3,native,6,7,7,1,1,1,1693960,1182833
work_skew_reversed,8,after,3,native,7,7,7,1,1,1,1596343,1182864
work_skew_reversed,8,after,3,native,8,7,7,1,1,1,1559028,1182964
work_skew_reversed,8,after,3,native,9,7,7,1,1,1,1586104,1182743
work_skew_reversed,8,after,3,native,10,7,7,1,1,1,1580714,1181942
work_skew_reversed,8,after,3,native,11,7,7,1,1,1,1574151,1181902
work_skew_reversed,8,after,3,native,12,7,7,1,1,1,1569563,1181832
work_skew_reversed,8,after,3,native,13,7,7,1,1,1,1806079,1181882
work_skew_reversed,8,after,3,native,14,7,7,1,1,1,1583312,1182634
work_skew_reversed,8,after,3,fixed_winner,0,3,7,1,1,1,1568681,0
work_skew_reversed,8,after,3,fixed_winner,1,3,7,1,1,1,1567939,0
work_skew_reversed,8,after,3,fixed_winner,2,3,7,1,1,1,1836290,0
work_skew_reversed,8,after,3,fixed_winner,3,3,7,1,1,1,1670222,0
work_skew_reversed,8,after,3,fixed_winner,4,3,7,1,1,1,1629520,0
work_skew_reversed,8,after,3,fixed_winner,5,3,7,1,1,1,1550042,0
work_skew_reversed,8,after,3,fixed_winner,6,3,7,1,1,1,1554405,0
work_skew_reversed,8,after,3,fixed_winner,7,3,7,1,1,1,1557218,0
work_skew_reversed,8,after,3,fixed_winner,8,3,7,1,1,1,1643852,0
work_skew_reversed,8,after,3,fixed_winner,9,3,7,1,1,1,1527955,0
work_skew_reversed,8,after,3,fixed_winner,10,3,7,1,1,1,1587816,0
work_skew_reversed,8,after,3,fixed_winner,11,3,7,1,1,1,2162717,0
work_skew_reversed,8,after,3,fixed_winner,12,3,7,1,1,1,1529500,0
work_skew_reversed,8,after,3,fixed_winner,13,3,7,1,1,1,1672272,0
work_skew_reversed,8,after,3,fixed_winner,14,3,7,1,1,1,1579142,0
work_skew_reversed,8,after,4,native,0,7,7,1,1,1,1493381,1295553
work_skew_reversed,8,after,4,native,1,7,7,1,1,1,1539447,1295774
work_skew_reversed,8,after,4,native,2,7,7,1,1,1,1560686,1295964
work_skew_reversed,8,after,4,native,3,7,7,1,1,1,1573741,1295754
work_skew_reversed,8,after,4,native,4,7,7,1,1,1,1546029,1295764
work_skew_reversed,8,after,4,native,5,7,7,1,1,1,1607494,1325427
work_skew_reversed,8,after,4,native,6,7,7,1,1,1,1585593,1290793
work_skew_reversed,8,after,4,native,7,7,7,1,1,1,1557401,1290822
work_skew_reversed,8,after,4,native,8,7,7,1,1,1,1561648,1291223
work_skew_reversed,8,after,4,native,9,7,7,1,1,1,1534457,1290843
work_skew_reversed,8,after,4,native,10,7,7,1,1,1,1892234,1291053
work_skew_reversed,8,after,4,native,11,7,7,1,1,1,1553193,1291574
work_skew_reversed,8,after,4,native,12,7,7,1,1,1,1523207,1291073
work_skew_reversed,8,after,4,native,13,7,7,1,1,1,1563923,1300329
work_skew_reversed,8,after,4,native,14,7,7,1,1,1,1559404,1289078
work_skew_reversed,8,after,4,fixed_winner,0,3,7,1,1,1,1651365,0
work_skew_reversed,8,after,4,fixed_winner,1,3,7,1,1,1,1546271,0
work_skew_reversed,8,after,4,fixed_winner,2,3,7,1,1,1,1533314,0
work_skew_reversed,8,after,4,fixed_winner,3,3,7,1,1,1,1514590,0
work_skew_reversed,8,after,4,fixed_winner,4,3,7,1,1,1,1538154,0
work_skew_reversed,8,after,4,fixed_winner,5,3,7,1,1,1,1548003,0
work_skew_reversed,8,after,4,fixed_winner,6,3,7,1,1,1,1525000,0
work_skew_reversed,8,after,4,fixed_winner,7,3,7,1,1,1,1545979,0
work_skew_reversed,8,after,4,fixed_winner,8,3,7,1,1,1,1543554,0
work_skew_reversed,8,after,4,fixed_winner,9,3,7,1,1,1,1553013,0
work_skew_reversed,8,after,4,fixed_winner,10,3,7,1,1,1,1765457,0
work_skew_reversed,8,after,4,fixed_winner,11,3,7,1,1,1,1578419,0
work_skew_reversed,8,after,4,fixed_winner,12,3,7,1,1,1,1537845,0
work_skew_reversed,8,after,4,fixed_winner,13,3,7,1,1,1,1540678,0
work_skew_reversed,8,after,4,fixed_winner,14,3,7,1,1,1,1542864,0
work_skew_reversed,8,before,4,native,0,1,6,1,1,2,1480241,1388912
work_skew_reversed,8,before,4,native,1,1,6,1,1,2,1538811,1388842
work_skew_reversed,8,before,4,native,2,1,6,1,1,2,1517781,1389032
work_skew_reversed,8,before,4,native,3,1,6,1,1,2,1601482,1410512
work_skew_reversed,8,before,4,native,4,1,6,1,1,2,1568637,1388901
work_skew_reversed,8,before,4,native,5,1,6,1,1,2,1569632,1407727
work_skew_reversed,8,before,4,native,6,1,6,1,1,2,1479878,1385766
work_skew_reversed,8,before,4,native,7,1,6,1,1,2,1598802,1385807
work_skew_reversed,8,before,4,native,8,1,6,1,1,2,1549361,1385696
work_skew_reversed,8,before,4,native,9,1,6,1,1,2,1444715,1385857
work_skew_reversed,8,before,4,native,10,1,6,1,1,2,1589756,1385627
work_skew_reversed,8,before,4,native,11,1,6,1,1,2,1414154,1385797
work_skew_reversed,8,before,4,native,12,1,6,1,1,2,1478112,1385716
work_skew_reversed,8,before,4,native,13,1,6,1,1,2,1499461,1385766
work_skew_reversed,8,before,4,native,14,1,6,1,1,2,1549948,1385677
work_skew_reversed,8,before,4,fixed_winner,0,3,7,1,1,1,1517677,0
work_skew_reversed,8,before,4,fixed_winner,1,3,7,1,1,1,1495144,0
work_skew_reversed,8,before,4,fixed_winner,2,3,7,1,1,1,1544206,0
work_skew_reversed,8,before,4,fixed_winner,3,3,7,1,1,1,1470463,0
work_skew_reversed,8,before,4,fixed_winner,4,3,7,1,1,1,1525987,0
work_skew_reversed,8,before,4,fixed_winner,5,3,7,1,1,1,1503850,0
work_skew_reversed,8,before,4,fixed_winner,6,3,7,1,1,1,1498369,0
work_skew_reversed,8,before,4,fixed_winner,7,3,7,1,1,1,1486510,0
work_skew_reversed,8,before,4,fixed_winner,8,3,7,1,1,1,1502999,0
work_skew_reversed,8,before,4,fixed_winner,9,3,7,1,1,1,1577378,0
work_skew_reversed,8,before,4,fixed_winner,10,3,7,1,1,1,1500925,0
work_skew_reversed,8,before,4,fixed_winner,11,3,7,1,1,1,1506083,0
work_skew_reversed,8,before,4,fixed_winner,12,3,7,1,1,1,1563583,0
work_skew_reversed,8,before,4,fixed_winner,13,3,7,1,1,1,1520602,0
work_skew_reversed,8,before,4,fixed_winner,14,3,7,1,1,1,1536832,0
large_arrays,2,before,0,native,0,1,1,1,0,2,6117067,6085546
large_arrays,2,before,0,native,1,1,1,1,0,2,6167992,6087810
large_arrays,2,before,0,native,2,1,1,1,0,2,5898819,6087640
large_arrays,2,before,0,native,3,1,1,1,0,2,6070126,6089103
large_arrays,2,before,0,native,4,1,1,1,0,2,5985367,6090816
large_arrays,2,before,0,native,5,1,1,1,0,2,6162325,6088101
large_arrays,2,before,0,native,6,1,1,1,0,2,5988012,6090606
large_arrays,2,before,0,native,7,1,1,1,0,2,6039128,6087740
large_arrays,2,before,0,native,8,1,1,1,0,2,5984906,6087199
large_arrays,2,before,0,native,9,1,1,1,0,2,6172024,6086838
large_arrays,2,before,0,native,10,1,1,1,0,2,6227005,6087930
large_arrays,2,before,0,native,11,1,1,1,0,2,6151246,6085907
large_arrays,2,before,0,native,12,1,1,1,0,2,6208484,6086437
large_arrays,2,before,0,native,13,1,1,1,0,2,6115159,6085556
large_arrays,2,before,0,native,14,1,1,1,0,2,6016806,6086047
large_arrays,2,before,0,fixed_winner,0,1,1,0,0,2,6093849,0
large_arrays,2,before,0,fixed_winner,1,1,1,0,0,2,5908794,0
large_arrays,2,before,0,fixed_winner,2,1,1,0,0,2,6011996,0
large_arrays,2,before,0,fixed_winner,3,1,1,0,0,2,5858050,0
large_arrays,2,before,0,fixed_winner,4,1,1,0,0,2,5941991,0
large_arrays,2,before,0,fixed_winner,5,1,1,0,0,2,5844800,0
large_arrays,2,before,0,fixed_winner,6,1,1,0,0,2,6108676,0
large_arrays,2,before,0,fixed_winner,7,1,1,0,0,2,6035690,0
large_arrays,2,before,0,fixed_winner,8,1,1,0,0,2,6065977,0
large_arrays,2,before,0,fixed_winner,9,1,1,0,0,2,5926206,0
large_arrays,2,before,0,fixed_winner,10,1,1,0,0,2,5919484,0
large_arrays,2,before,0,fixed_winner,11,1,1,0,0,2,5907782,0
large_arrays,2,before,0,fixed_winner,12,1,1,0,0,2,5959829,0
large_arrays,2,before,0,fixed_winner,13,1,1,0,0,2,6111793,0
large_arrays,2,before,0,fixed_winner,14,1,1,0,0,2,6885257,0
large_arrays,2,after,0,native,0,1,1,1,0,2,6362113,5874077
large_arrays,2,after,0,native,1,1,1,1,0,2,6027275,5874658
large_arrays,2,after,0,native,2,1,1,1,0,2,6148466,5873496
large_arrays,2,after,0,native,3,1,1,1,0,2,5898720,5874779
large_arrays,2,after,0,native,4,1,1,1,0,2,6274143,5872344
large_arrays,2,after,0,native,5,1,1,1,0,2,6499390,5874920
large_arrays,2,after,0,native,6,1,1,1,0,2,6268454,5874749
large_arrays,2,after,0,native,7,1,1,1,0,2,6266234,5874238
large_arrays,2,after,0,native,8,1,1,1,0,2,6143251,5874659
large_arrays,2,after,0,native,9,1,1,1,0,2,6120558,5873817
large_arrays,2,after,0,native,10,1,1,1,0,2,7038288,5873637
large_arrays,2,after,0,native,11,1,1,1,0,2,5980658,5874559
large_arrays,2,after,0,native,12,1,1,1,0,2,6848324,5872835
large_arrays,2,after,0,native,13,1,1,1,0,2,6082958,5874388
large_arrays,2,after,0,native,14,1,1,1,0,2,6008469,5872735
large_arrays,2,after,0,fixed_winner,0,1,1,0,0,2,5990045,0
large_arrays,2,after,0,fixed_winner,1,1,1,0,0,2,6054766,0
large_arrays,2,after,0,fixed_winner,2,1,1,0,0,2,5925440,0
large_arrays,2,after,0,fixed_winner,3,1,1,0,0,2,5994007,0
large_arrays,2,after,0,fixed_winner,4,1,1,0,0,2,6082928,0
large_arrays,2,after,0,fixed_winner,5,1,1,0,0,2,6152598,0
large_arrays,2,after,0,fixed_winner,6,1,1,0,0,2,5959418,0
large_arrays,2,after,0,fixed_winner,7,1,1,0,0,2,5782709,0
large_arrays,2,after,0,fixed_winner,8,1,1,0,0,2,5885330,0
large_arrays,2,after,0,fixed_winner,9,1,1,0,0,2,6040519,0
large_arrays,2,after,0,fixed_winner,10,1,1,0,0,2,6095953,0
large_arrays,2,after,0,fixed_winner,11,1,1,0,0,2,5972513,0
large_arrays,2,after,0,fixed_winner,12,1,1,0,0,2,5964588,0
large_arrays,2,after,0,fixed_winner,13,1,1,0,0,2,5885881,0
large_arrays,2,after,0,fixed_winner,14,1,1,0,0,2,6379205,0
large_arrays,2,before,1,native,0,1,1,1,0,2,5919654,5978956
large_arrays,2,before,1,native,1,1,1,1,0,2,6223278,5977214
large_arrays,2,before,1,native,2,1,1,1,0,2,6105857,5977264
large_arrays,2,before,1,native,3,1,1,1,0,2,6228474,5976462
large_arrays,2,before,1,native,4,1,1,1,0,2,6359193,5978546
large_arrays,2,before,1,native,5,1,1,1,0,2,6123184,5978095
large_arrays,2,before,1,native,6,1,1,1,0,2,6039303,5976813
large_arrays,2,before,1,native,7,1,1,1,0,2,6180069,5975701
large_arrays,2,before,1,native,8,1,1,1,0,2,6108506,5976141
large_arrays,2,before,1,native,9,1,1,1,0,2,6145875,5975400
large_arrays,2,before,1,native,10,1,1,1,0,2,6062911,5976732
large_arrays,2,before,1,native,11,1,1,1,0,2,6071101,5977484
large_arrays,2,before,1,native,12,1,1,1,0,2,6100140,5976773
large_arrays,2,before,1,native,13,1,1,1,0,2,5891772,5977294
large_arrays,2,before,1,native,14,1,1,1,0,2,6077904,5975440
large_arrays,2,before,1,fixed_winner,0,1,1,0,0,2,5843392,0
large_arrays,2,before,1,fixed_winner,1,1,1,0,0,2,5913493,0
large_arrays,2,before,1,fixed_winner,2,1,1,0,0,2,5814498,0
large_arrays,2,before,1,fixed_winner,3,1,1,0,0,2,5997878,0
large_arrays,2,before,1,fixed_winner,4,1,1,0,0,2,5880623,0
large_arrays,2,before,1,fixed_winner,5,1,1,0,0,2,6306079,0
large_arrays,2,before,1,fixed_winner,6,1,1,0,0,2,6044772,0
large_arrays,2,before,1,fixed_winner,7,1,1,0,0,2,6044477,0
large_arrays,2,before,1,fixed_winner,8,1,1,0,0,2,5973174,0
large_arrays,2,before,1,fixed_winner,9,1,1,0,0,2,6032269,0
large_arrays,2,before,1,fixed_winner,10,1,1,0,0,2,5858526,0
large_arrays,2,before,1,fixed_winner,11,1,1,0,0,2,5923752,0
large_arrays,2,before,1,fixed_winner,12,1,1,0,0,2,6020351,0
large_arrays,2,before,1,fixed_winner,13,1,1,0,0,2,6155795,0
large_arrays,2,before,1,fixed_winner,14,1,1,0,0,2,5948347,0
large_arrays,2,after,1,native,0,1,1,1,0,2,6213339,6073441
large_arrays,2,after,1,native,1,1,1,1,0,2,6025814,6074683
large_arrays,2,after,1,native,2,1,1,1,0,2,6725204,6073301
large_arrays,2,after,1,native,3,1,1,1,0,2,6080082,6074843
large_arrays,2,after,1,native,4,1,1,1,0,2,6759508,6073491
large_arrays,2,after,1,native,5,1,1,1,0,2,5945163,6075315
large_arrays,2,after,1,native,6,1,1,1,0,2,6039617,6074633
large_arrays,2,after,1,native,7,1,1,1,0,2,6169890,6074382
large_arrays,2,after,1,native,8,1,1,1,0,2,5868410,6074082
large_arrays,2,after,1,native,9,1,1,1,0,2,6074082,6073331
large_arrays,2,after,1,native,10,1,1,1,0,2,5883377,6073351
large_arrays,2,after,1,native,11,1,1,1,0,2,6018597,6073000
large_arrays,2,after,1,native,12,1,1,1,0,2,5983355,6075886
large_arrays,2,after,1,native,13,1,1,1,0,2,6120197,6075825
large_arrays,2,after,1,native,14,1,1,1,0,2,6065666,6080444
large_arrays,2,after,1,fixed_winner,0,1,1,0,0,2,6703083,0
large_arrays,2,after,1,fixed_winner,1,1,1,0,0,2,6266409,0
large_arrays,2,after,1,fixed_winner,2,1,1,0,0,2,6212451,0
large_arrays,2,after,1,fixed_winner,3,1,1,0,0,2,5956513,0
large_arrays,2,after,1,fixed_winner,4,1,1,0,0,2,6128673,0
large_arrays,2,after,1,fixed_winner,5,1,1,0,0,2,6031601,0
large_arrays,2,after,1,fixed_winner,6,1,1,0,0,2,6280848,0
large_arrays,2,after,1,fixed_winner,7,1,1,0,0,2,5977140,0
large_arrays,2,after,1,fixed_winner,8,1,1,0,0,2,6534931,0
large_arrays,2,after,1,fixed_winner,9,1,1,0,0,2,5963645,0
large_arrays,2,after,1,fixed_winner,10,1,1,0,0,2,6025010,0
large_arrays,2,after,1,fixed_winner,11,1,1,0,0,2,6067971,0
large_arrays,2,after,1,fixed_winner,12,1,1,0,0,2,6029529,0
large_arrays,2,after,1,fixed_winner,13,1,1,0,0,2,5974236,0
large_arrays,2,after,1,fixed_winner,14,1,1,0,0,2,6115789,0
large_arrays,2,before,2,native,0,1,1,1,0,2,6207581,6002762
large_arrays,2,before,2,native,1,1,1,1,0,2,6303680,6000768
large_arrays,2,before,2,native,2,1,1,1,0,2,6000100,6001619
large_arrays,2,before,2,native,3,1,1,1,0,2,6334026,6000448
large_arrays,2,before,2,native,4,1,1,1,0,2,6103472,6002802
large_arrays,2,before,2,native,5,1,1,1,0,2,6319830,6001218
large_arrays,2,before,2,native,6,1,1,1,0,2,6009817,6002862
large_arrays,2,before,2,native,7,1,1,1,0,2,6063762,6001068
large_arrays,2,before,2,native,8,1,1,1,0,2,6199280,6002070
large_arrays,2,before,2,native,9,1,1,1,0,2,6056584,6002621
large_arrays,2,before,2,native,10,1,1,1,0,2,5999854,6001719
large_arrays,2,before,2,native,11,1,1,1,0,2,6163303,6001520
large_arrays,2,before,2,native,12,1,1,1,0,2,6168045,6000447
large_arrays,2,before,2,native,13,1,1,1,0,2,6056466,6002842
large_arrays,2,before,2,native,14,1,1,1,0,2,6098793,6000407
large_arrays,2,before,2,fixed_winner,0,1,1,0,0,2,5813041,0
large_arrays,2,before,2,fixed_winner,1,1,1,0,0,2,6052893,0
large_arrays,2,before,2,fixed_winner,2,1,1,0,0,2,5910507,0
large_arrays,2,before,2,fixed_winner,3,1,1,0,0,2,6119587,0
large_arrays,2,before,2,fixed_winner,4,1,1,0,0,2,6129424,0
large_arrays,2,before,2,fixed_winner,5,1,1,0,0,2,6077944,0
large_arrays,2,before,2,fixed_winner,6,1,1,0,0,2,6074628,0
large_arrays,2,before,2,fixed_winner,7,1,1,0,0,2,6917137,0
large_arrays,2,before,2,fixed_winner,8,1,1,0,0,2,6173031,0
large_arrays,2,before,2,fixed_winner,9,1,1,0,0,2,6076441,0
large_arrays,2,before,2,fixed_winner,10,1,1,0,0,2,6051660,0
large_arrays,2,before,2,fixed_winner,11,1,1,0,0,2,6007758,0
large_arrays,2,before,2,fixed_winner,12,1,1,0,0,2,5966892,0
large_arrays,2,before,2,fixed_winner,13,1,1,0,0,2,5987180,0
large_arrays,2,before,2,fixed_winner,14,1,1,0,0,2,6030146,0
large_arrays,2,after,2,native,0,1,1,1,0,2,6347281,6041906
large_arrays,2,after,2,native,1,1,1,1,0,2,6141135,6041445
large_arrays,2,after,2,native,2,1,1,1,0,2,6131179,6040814
large_arrays,2,after,2,native,3,1,1,1,0,2,6018999,6040003
large_arrays,2,after,2,native,4,1,1,1,0,2,7436179,6040654
large_arrays,2,after,2,native,5,1,1,1,0,2,6008979,6042186
large_arrays,2,after,2,native,6,1,1,1,0,2,5932369,6042106
large_arrays,2,after,2,native,7,1,1,1,0,2,6065384,6039692
large_arrays,2,after,2,native,8,1,1,1,0,2,6166004,6041586
large_arrays,2,after,2,native,9,1,1,1,0,2,6465722,6039291
large_arrays,2,after,2,native,10,1,1,1,0,2,6060736,6041175
large_arrays,2,after,2,native,11,1,1,1,0,2,6247505,6039021
large_arrays,2,after,2,native,12,1,1,1,0,2,6178977,6041766
large_arrays,2,after,2,native,13,1,1,1,0,2,6296556,6062692
large_arrays,2,after,2,native,14,1,1,1,0,2,6307508,6041363
large_arrays,2,after,2,fixed_winner,0,1,1,0,0,2,6010023,0
large_arrays,2,after,2,fixed_winner,1,1,1,0,0,2,5936715,0
large_arrays,2,after,2,fixed_winner,2,1,1,0,0,2,5915887,0
large_arrays,2,after,2,fixed_winner,3,1,1,0,0,2,6213952,0
large_arrays,2,after,2,fixed_winner,4,1,1,0,0,2,6205217,0
large_arrays,2,after,2,fixed_winner,5,1,1,0,0,2,6047872,0
large_arrays,2,after,2,fixed_winner,6,1,1,0,0,2,6434865,0
large_arrays,2,after,2,fixed_winner,7,1,1,0,0,2,6169991,0
large_arrays,2,after,2,fixed_winner,8,1,1,0,0,2,6182943,0
large_arrays,2,after,2,fixed_winner,9,1,1,0,0,2,5956142,0
large_arrays,2,after,2,fixed_winner,10,1,1,0,0,2,6087848,0
large_arrays,2,after,2,fixed_winner,11,1,1,0,0,2,5990877,0
large_arrays,2,after,2,fixed_winner,12,1,1,0,0,2,6100352,0
large_arrays,2,after,2,fixed_winner,13,1,1,0,0,2,6114276,0
large_arrays,2,after,2,fixed_winner,14,1,1,0,0,2,6001767,0
large_arrays,2,before,3,native,0,1,1,1,0,2,5995496,6085116
large_arrays,2,before,3,native,1,1,1,1,0,2,6073452,6084105
large_arrays,2,before,3,native,2,1,1,1,0,2,5941946,6085106
large_arrays,2,before,3,native,3,1,1,1,0,2,6082016,6085096
large_arrays,2,before,3,native,4,1,1,1,0,2,6207021,6084205
large_arrays,2,before,3,native,5,1,1,1,0,2,5952235,6084725
large_arrays,2,before,3,native,6,1,1,1,0,2,6496699,6082181
large_arrays,2,before,3,native,7,1,1,1,0,2,6098766,6084795
large_arrays,2,before,3,native,8,1,1,1,0,2,6182946,6082691
large_arrays,2,before,3,native,9,1,1,1,0,2,6057379,6083403
large_arrays,2,before,3,native,10,1,1,1,0,2,6057101,6081910
large_arrays,2,before,3,native,11,1,1,1,0,2,6165222,6083403
large_arrays,2,before,3,native,12,1,1,1,0,2,6192314,6081970
large_arrays,2,before,3,native,13,1,1,1,0,2,6050538,6083203
large_arrays,2,before,3,native,14,1,1,1,0,2,6172005,6082121
large_arrays,2,before,3,fixed_winner,0,1,1,0,0,2,5873106,0
large_arrays,2,before,3,fixed_winner,1,1,1,0,0,2,6558395,0
large_arrays,2,before,3,fixed_winner,2,1,1,0,0,2,6049986,0
large_arrays,2,before,3,fixed_winner,3,1,1,0,0,2,6097545,0
large_arrays,2,before,3,fixed_winner,4,1,1,0,0,2,5933570,0
large_arrays,2,before,3,fixed_winner,5,1,1,0,0,2,5978866,0
large_arrays,2,before,3,fixed_winner,6,1,1,0,0,2,5875901,0
large_arrays,2,before,3,fixed_winner,7,1,1,0,0,2,5867587,0
large_arrays,2,before,3,fixed_winner,8,1,1,0,0,2,5858240,0
large_arrays,2,before,3,fixed_winner,9,1,1,0,0,2,6010463,0
large_arrays,2,before,3,fixed_winner,10,1,1,0,0,2,6101613,0
large_arrays,2,before,3,fixed_winner,11,1,1,0,0,2,6051270,0
large_arrays,2,before,3,fixed_winner,12,1,1,0,0,2,5997620,0
large_arrays,2,before,3,fixed_winner,13,1,1,0,0,2,5983773,0
large_arrays,2,before,3,fixed_winner,14,1,1,0,0,2,5901731,0
large_arrays,2,after,3,native,0,1,1,1,0,2,5933359,5948866
large_arrays,2,after,3,native,1,1,1,1,0,2,6030220,5946502
large_arrays,2,after,3,native,2,1,1,1,0,2,6105891,5948705
large_arrays,2,after,3,native,3,1,1,1,0,2,6253035,5946311
large_arrays,2,after,3,native,4,1,1,1,0,2,5986824,5951261
large_arrays,2,after,3,native,5,1,1,1,0,2,6055032,5948565
large_arrays,2,after,3,native,6,1,1,1,0,2,6087632,5948856
large_arrays,2,after,3,native,7,1,1,1,0,2,6208356,5946111
large_arrays,2,after,3,native,8,1,1,1,0,2,5949280,5948055
large_arrays,2,after,3,native,9,1,1,1,0,2,6145075,5946571
large_arrays,2,after,3,native,10,1,1,1,0,2,6003555,5948245
large_arrays,2,after,3,native,11,1,1,1,0,2,6321708,5946021
large_arrays,2,after,3,native,12,1,1,1,0,2,6019375,5948616
large_arrays,2,after,3,native,13,1,1,1,0,2,7867682,5946161
large_arrays,2,after,3,native,14,1,1,1,0,2,6002699,5949237
large_arrays,2,after,3,fixed_winner,0,1,1,0,0,2,6070796,0
large_arrays,2,after,3,fixed_winner,1,1,1,0,0,2,5848612,0
large_arrays,2,after,3,fixed_winner,2,1,1,0,0,2,5868799,0
large_arrays,2,after,3,fixed_winner,3,1,1,0,0,2,6161816,0
large_arrays,2,after,3,fixed_winner,4,1,1,0,0,2,5901951,0
large_arrays,2,after,3,fixed_winner,5,1,1,0,0,2,6013459,0
large_arrays,2,after,3,fixed_winner,6,1,1,0,0,2,5918352,0
large_arrays,2,after,3,fixed_winner,7,1,1,0,0,2,5840607,0
large_arrays,2,after,3,fixed_winner,8,1,1,0,0,2,5872827,0
large_arrays,2,after,3,fixed_winner,9,1,1,0,0,2,5996216,0
large_arrays,2,after,3,fixed_winner,10,1,1,0,0,2,5908694,0
large_arrays,2,after,3,fixed_winner,11,1,1,0,0,2,5929763,0
large_arrays,2,after,3,fixed_winner,12,1,1,0,0,2,5896572,0
large_arrays,2,after,3,fixed_winner,13,1,1,0,0,2,6069844,0
large_arrays,2,after,3,fixed_winner,14,1,1,0,0,2,6139203,0
large_arrays,2,before,4,native,0,1,1,1,0,2,6125017,6248171
large_arrays,2,before,4,native,1,1,1,1,0,2,5970277,6248372
large_arrays,2,before,4,native,2,1,1,1,0,2,6594132,6246629
large_arrays,2,before,4,native,3,1,1,1,0,2,6090341,6249665
large_arrays,2,before,4,native,4,1,1,1,0,2,6154151,6259974
large_arrays,2,before,4,native,5,1,1,1,0,2,6093840,6272870
large_arrays,2,before,4,native,6,1,1,1,0,2,6158358,6245218
large_arrays,2,before,4,native,7,1,1,1,0,2,6059281,6247182
large_arrays,2,before,4,native,8,1,1,1,0,2,6155293,6245588
large_arrays,2,before,4,native,9,1,1,1,0,2,6223614,6247813
large_arrays,2,before,4,native,10,1,1,1,0,2,6488876,6245659
large_arrays,2,before,4,native,11,1,1,1,0,2,5993811,6247802
large_arrays,2,before,4,native,12,1,1,1,0,2,5996113,6246220
large_arrays,2,before,4,native,13,1,1,1,0,2,6178860,6246771
large_arrays,2,before,4,native,14,1,1,1,0,2,5968234,6248053
large_arrays,2,before,4,fixed_winner,0,1,1,0,0,2,6226064,0
large_arrays,2,before,4,fixed_winner,1,1,1,0,0,2,5969473,0
large_arrays,2,before,4,fixed_winner,2,1,1,0,0,2,5853695,0
large_arrays,2,before,4,fixed_winner,3,1,1,0,0,2,5796756,0
large_arrays,2,before,4,fixed_winner,4,1,1,0,0,2,5861677,0
large_arrays,2,before,4,fixed_winner,5,1,1,0,0,2,5998987,0
large_arrays,2,before,4,fixed_winner,6,1,1,0,0,2,5897478,0
large_arrays,2,before,4,fixed_winner,7,1,1,0,0,2,5876222,0
large_arrays,2,before,4,fixed_winner,8,1,1,0,0,2,5916720,0
large_arrays,2,before,4,fixed_winner,9,1,1,0,0,2,5987951,0
large_arrays,2,before,4,fixed_winner,10,1,1,0,0,2,6291288,0
large_arrays,2,before,4,fixed_winner,11,1,1,0,0,2,6042589,0
large_arrays,2,before,4,fixed_winner,12,1,1,0,0,2,6048829,0
large_arrays,2,before,4,fixed_winner,13,1,1,0,0,2,6123254,0
large_arrays,2,before,4,fixed_winner,14,1,1,0,0,2,5925886,0
large_arrays,2,after,4,native,0,1,1,1,0,2,5998898,5973391
large_arrays,2,after,4,native,1,1,1,1,0,2,6100842,5970986
large_arrays,2,after,4,native,2,1,1,1,0,2,6147178,5973651
large_arrays,2,after,4,native,3,1,1,1,0,2,6577194,5971417
large_arrays,2,after,4,native,4,1,1,1,0,2,6063782,5974562
large_arrays,2,after,4,native,5,1,1,1,0,2,6438860,5973130
large_arrays,2,after,4,native,6,1,1,1,0,2,6147665,5973030
large_arrays,2,after,4,native,7,1,1,1,0,2,6216307,5970976
large_arrays,2,after,4,native,8,1,1,1,0,2,5986599,5972929
large_arrays,2,after,4,native,9,1,1,1,0,2,5966637,5972870
large_arrays,2,after,4,native,10,1,1,1,0,2,6122653,5972909
large_arrays,2,after,4,native,11,1,1,1,0,2,5953217,5971867
large_arrays,2,after,4,native,12,1,1,1,0,2,6072423,5973451
large_arrays,2,after,4,native,13,1,1,1,0,2,6184127,5971447
large_arrays,2,after,4,native,14,1,1,1,0,2,6180143,5972238
large_arrays,2,after,4,fixed_winner,0,1,1,0,0,2,6009472,0
large_arrays,2,after,4,fixed_winner,1,1,1,0,0,2,6125534,0
large_arrays,2,after,4,fixed_winner,2,1,1,0,0,2,6106065,0
large_arrays,2,after,4,fixed_winner,3,1,1,0,0,2,6064063,0
large_arrays,2,after,4,fixed_winner,4,1,1,0,0,2,5841148,0
large_arrays,2,after,4,fixed_winner,5,1,1,0,0,2,5985107,0
large_arrays,2,after,4,fixed_winner,6,1,1,0,0,2,5843392,0
large_arrays,2,after,4,fixed_winner,7,1,1,0,0,2,5953567,0
large_arrays,2,after,4,fixed_winner,8,1,1,0,0,2,6069614,0
large_arrays,2,after,4,fixed_winner,9,1,1,0,0,2,6091014,0
large_arrays,2,after,4,fixed_winner,10,1,1,0,0,2,5767391,0
large_arrays,2,after,4,fixed_winner,11,1,1,0,0,2,6373311,0
large_arrays,2,after,4,fixed_winner,12,1,1,0,0,2,5920915,0
large_arrays,2,after,4,fixed_winner,13,1,1,0,0,2,6460892,0
large_arrays,2,after,4,fixed_winner,14,1,1,0,0,2,6034849,0
large_arrays,4,after,0,native,0,3,3,1,0,1,5494398,4048607
large_arrays,4,after,0,native,1,3,3,1,0,1,5306488,4047174
large_arrays,4,after,0,native,2,3,3,1,0,1,6237561,4048136
large_arrays,4,after,0,native,3,3,3,1,0,1,5380744,4050381
large_arrays,4,after,0,native,4,3,3,1,0,1,5726411,4048707
large_arrays,4,after,0,native,5,3,3,1,0,1,5365302,4083366
large_arrays,4,after,0,native,6,3,3,1,0,1,6389309,4047951
large_arrays,4,after,0,native,7,3,3,1,0,1,5439741,4048842
large_arrays,4,after,0,native,8,3,3,1,0,1,5483687,4047239
large_arrays,4,after,0,native,9,3,3,1,0,1,5090991,4049013
large_arrays,4,after,0,native,10,3,3,1,0,1,5427753,4046839
large_arrays,4,after,0,native,11,3,3,1,0,1,5273717,4051427
large_arrays,4,after,0,native,12,3,3,1,0,1,5615803,4048041
large_arrays,4,after,0,native,13,3,3,1,0,1,5509611,4047159
large_arrays,4,after,0,native,14,3,3,1,0,1,5670576,4047720
large_arrays,4,after,0,fixed_winner,0,3,3,1,0,1,5463375,0
large_arrays,4,after,0,fixed_winner,1,3,3,1,0,1,5238431,0
large_arrays,4,after,0,fixed_winner,2,3,3,1,0,1,5618708,0
large_arrays,4,after,0,fixed_winner,3,3,3,1,0,1,5254701,0
large_arrays,4,after,0,fixed_winner,4,3,3,1,0,1,5347483,0
large_arrays,4,after,0,fixed_winner,5,3,3,1,0,1,5270054,0
large_arrays,4,after,0,fixed_winner,6,3,3,1,0,1,5540738,0
large_arrays,4,after,0,fixed_winner,7,3,3,1,0,1,5306817,0
large_arrays,4,after,0,fixed_winner,8,3,3,1,0,1,5659195,0
large_arrays,4,after,0,fixed_winner,9,3,3,1,0,1,5315654,0
large_arrays,4,after,0,fixed_winner,10,3,3,1,0,1,5520876,0
large_arrays,4,after,0,fixed_winner,11,3,3,1,0,1,5338727,0
large_arrays,4,after,0,fixed_winner,12,3,3,1,0,1,5369210,0
large_arrays,4,after,0,fixed_winner,13,3,3,1,0,1,5374834,0
large_arrays,4,after,0,fixed_winner,14,3,3,1,0,1,5464982,0
large_arrays,4,before,0,native,0,2,1,1,1,2,5879840,5467618
large_arrays,4,before,0,native,1,2,1,1,1,2,5813767,5468119
large_arrays,4,before,0,native,2,2,1,1,1,2,5839691,5467757
large_arrays,4,before,0,native,3,2,1,1,1,2,5714898,5469772
large_arrays,4,before,0,native,4,2,1,1,1,2,5715263,5467437
large_arrays,4,before,0,native,5,2,1,1,1,2,5638560,5497334
large_arrays,4,before,0,native,6,2,1,1,1,2,7145057,5467769
large_arrays,4,before,0,native,7,2,1,1,1,2,5714271,5469722
large_arrays,4,before,0,native,8,2,1,1,1,2,5625326,5467739
large_arrays,4,before,0,native,9,2,1,1,1,2,5591468,5469842
large_arrays,4,before,0,native,10,2,1,1,1,2,5739925,5468079
large_arrays,4,before,0,native,11,2,1,1,1,2,5854909,5470143
large_arrays,4,before,0,native,12,2,1,1,1,2,5877841,5468641
large_arrays,4,before,0,native,13,2,1,1,1,2,6762840,5470093
large_arrays,4,before,0,native,14,2,1,1,1,2,5574491,5470794
large_arrays,4,before,0,fixed_winner,0,3,3,1,0,1,5310250,0
large_arrays,4,before,0,fixed_winner,1,3,3,1,0,1,5457068,0
large_arrays,4,before,0,fixed_winner,2,3,3,1,0,1,5072672,0
large_arrays,4,before,0,fixed_winner,3,3,3,1,0,1,5461706,0
large_arrays,4,before,0,fixed_winner,4,3,3,1,0,1,5113317,0
large_arrays,4,before,0,fixed_winner,5,3,3,1,0,1,5306488,0
large_arrays,4,before,0,fixed_winner,6,3,3,1,0,1,5290502,0
large_arrays,4,before,0,fixed_winner,7,3,3,1,0,1,5050827,0
large_arrays,4,before,0,fixed_winner,8,3,3,1,0,1,5227996,0
large_arrays,4,before,0,fixed_winner,9,3,3,1,0,1,5173089,0
large_arrays,4,before,0,fixed_winner,10,3,3,1,0,1,7205104,0
large_arrays,4,before,0,fixed_winner,11,3,3,1,0,1,5185081,0
large_arrays,4,before,0,fixed_winner,12,3,3,1,0,1,5181905,0
large_arrays,4,before,0,fixed_winner,13,3,3,1,0,1,5252763,0
large_arrays,4,before,0,fixed_winner,14,3,3,1,0,1,5209542,0
large_arrays,4,before,1,native,0,2,1,1,1,2,5825940,5442284
large_arrays,4,before,1,native,1,2,1,1,1,2,5656975,5443215
large_arrays,4,before,1,native,2,2,1,1,1,2,8238463,5443255
large_arrays,4,before,1,native,3,2,1,1,1,2,5853192,5443256
large_arrays,4,before,1,native,4,2,1,1,1,2,5754106,5443786
large_arrays,4,before,1,native,5,2,1,1,1,2,5690437,5469905
large_arrays,4,before,1,native,6,2,1,1,1,2,5717627,5443105
large_arrays,4,before,1,native,7,2,1,1,1,2,5650906,5442353
large_arrays,4,before,1,native,8,2,1,1,1,2,5780314,5444878
large_arrays,4,before,1,native,9,2,1,1,1,2,6024961,5446331
large_arrays,4,before,1,native,10,2,1,1,1,2,5814809,5450028
large_arrays,4,before,1,native,11,2,1,1,1,2,5938239,5448194
large_arrays,4,before,1,native,12,2,1,1,1,2,6150113,5446161
large_arrays,4,before,1,native,13,2,1,1,1,2,5727415,5444879
large_arrays,4,before,1,native,14,2,1,1,1,2,8542540,5446321
large_arrays,4,before,1,fixed_winner,0,3,3,1,0,1,5003730,0
large_arrays,4,before,1,fixed_winner,1,3,3,1,0,1,5407630,0
large_arrays,4,before,1,fixed_winner,2,3,3,1,0,1,5335757,0
large_arrays,4,before,1,fixed_winner,3,3,3,1,0,1,5350625,0
large_arrays,4,before,1,fixed_winner,4,3,3,1,0,1,7829533,0
large_arrays,4,before,1,fixed_winner,5,3,3,1,0,1,5231642,0
large_arrays,4,before,1,fixed_winner,6,3,3,1,0,1,5338353,0
large_arrays,4,before,1,fixed_winner,7,3,3,1,0,1,5210322,0
large_arrays,4,before,1,fixed_winner,8,3,3,1,0,1,7758549,0
large_arrays,4,before,1,fixed_winner,9,3,3,1,0,1,5316632,0
large_arrays,4,before,1,fixed_winner,10,3,3,1,0,1,5357437,0
large_arrays,4,before,1,fixed_winner,11,3,3,1,0,1,5191157,0
large_arrays,4,before,1,fixed_winner,12,3,3,1,0,1,5370662,0
large_arrays,4,before,1,fixed_winner,13,3,3,1,0,1,5113923,0
large_arrays,4,before,1,fixed_winner,14,3,3,1,0,1,5250036,0
large_arrays,4,after,1,native,0,3,3,1,0,1,6588099,3959515
large_arrays,4,after,1,native,1,3,3,1,0,1,5299399,3960047
large_arrays,4,after,1,native,2,3,3,1,0,1,5472943,3958754
large_arrays,4,after,1,native,3,3,3,1,0,1,5391480,3960367
large_arrays,4,after,1,native,4,3,3,1,0,1,5326510,3959185
large_arrays,4,after,1,native,5,3,3,1,0,1,5314317,3959996
large_arrays,4,after,1,native,6,3,3,1,0,1,5314768,3958644
large_arrays,4,after,1,native,7,3,3,1,0,1,5518808,3960717
large_arrays,4,after,1,native,8,3,3,1,0,1,5139581,3959275
large_arrays,4,after,1,native,9,3,3,1,0,1,5139892,3959195
large_arrays,4,after,1,native,10,3,3,1,0,1,5472652,3959175
large_arrays,4,after,1,native,11,3,3,1,0,1,5297265,3959415
large_arrays,4,after,1,native,12,3,3,1,0,1,5176490,3959124
large_arrays,4,after,1,native,13,3,3,1,0,1,5301603,4012041
large_arrays,4,after,1,native,14,3,3,1,0,1,5250147,3960205
large_arrays,4,after,1,fixed_winner,0,3,3,1,0,1,5619996,0
large_arrays,4,after,1,fixed_winner,1,3,3,1,0,1,5348059,0
large_arrays,4,after,1,fixed_winner,2,3,3,1,0,1,5719892,0
large_arrays,4,after,1,fixed_winner,3,3,3,1,0,1,5447315,0
large_arrays,4,after,1,fixed_winner,4,3,3,1,0,1,5533135,0
large_arrays,4,after,1,fixed_winner,5,3,3,1,0,1,5386121,0
large_arrays,4,after,1,fixed_winner,6,3,3,1,0,1,5611451,0
large_arrays,4,after,1,fixed_winner,7,3,3,1,0,1,5212016,0
large_arrays,4,after,1,fixed_winner,8,3,3,1,0,1,5663968,0
large_arrays,4,after,1,fixed_winner,9,3,3,1,0,1,5241431,0
large_arrays,4,after,1,fixed_winner,10,3,3,1,0,1,5479866,0
large_arrays,4,after,1,fixed_winner,11,3,3,1,0,1,5390118,0
large_arrays,4,after,1,fixed_winner,12,3,3,1,0,1,5132068,0
large_arrays,4,after,1,fixed_winner,13,3,3,1,0,1,5248745,0
large_arrays,4,after,1,fixed_winner,14,3,3,1,0,1,5532764,0
large_arrays,4,before,2,native,0,2,1,1,1,2,5774915,5430705
large_arrays,4,before,2,native,1,2,1,1,1,2,5494232,5432238
large_arrays,4,before,2,native,2,2,1,1,1,2,6327664,5429824
large_arrays,4,before,2,native,3,2,1,1,1,2,5827112,5436466
large_arrays,4,before,2,native,4,2,1,1,1,2,5684336,5430135
large_arrays,4,before,2,native,5,2,1,1,1,2,5477942,5459067
large_arrays,4,before,2,native,6,2,1,1,1,2,5678926,5429782
large_arrays,4,before,2,native,7,2,1,1,1,2,5571596,5430434
large_arrays,4,before,2,native,8,2,1,1,1,2,5873068,5429301
large_arrays,4,before,2,native,9,2,1,1,1,2,5669068,5431186
large_arrays,4,before,2,native,10,2,1,1,1,2,5548573,5429181
large_arrays,4,before,2,native,11,2,1,1,1,2,5539076,5432447
large_arrays,4,before,2,native,12,2,1,1,1,2,5552410,5429993
large_arrays,4,before,2,native,13,2,1,1,1,2,5442736,5431326
large_arrays,4,before,2,native,14,2,1,1,1,2,5611551,5429231
large_arrays,4,before,2,fixed_winner,0,3,3,1,0,1,5410957,0
large_arrays,4,before,2,fixed_winner,1,3,3,1,0,1,5019908,0
large_arrays,4,before,2,fixed_winner,2,3,3,1,0,1,5123161,0
large_arrays,4,before,2,fixed_winner,3,3,3,1,0,1,4947354,0
large_arrays,4,before,2,fixed_winner,4,3,3,1,0,1,6001687,0
large_arrays,4,before,2,fixed_winner,5,3,3,1,0,1,5350334,0
large_arrays,4,before,2,fixed_winner,6,3,3,1,0,1,6015904,0
large_arrays,4,before,2,fixed_winner,7,3,3,1,0,1,5907291,0
large_arrays,4,before,2,fixed_winner,8,3,3,1,0,1,6528937,0
large_arrays,4,before,2,fixed_winner,9,3,3,1,0,1,8330304,0
large_arrays,4,before,2,fixed_winner,10,3,3,1,0,1,5744309,0
large_arrays,4,before,2,fixed_winner,11,3,3,1,0,1,5967293,0
large_arrays,4,before,2,fixed_winner,12,3,3,1,0,1,8329672,0
large_arrays,4,before,2,fixed_winner,13,3,3,1,0,1,6120988,0
large_arrays,4,before,2,fixed_winner,14,3,3,1,0,1,6931110,0
large_arrays,4,after,2,native,0,3,3,1,0,1,6510042,4410913
large_arrays,4,after,2,native,1,3,3,1,0,1,6001877,4413217
large_arrays,4,after,2,native,2,3,3,1,0,1,5883749,4406785
large_arrays,4,after,2,native,3,3,3,1,0,1,5349611,4408429
large_arrays,4,after,2,native,4,3,3,1,0,1,5791646,4408128
large_arrays,4,after,2,native,5,3,3,1,0,1,6558184,4444291
large_arrays,4,after,2,native,6,3,3,1,0,1,6507941,4402143
large_arrays,4,after,2,native,7,3,3,1,0,1,6097601,4406270
large_arrays,4,after,2,native,8,3,3,1,0,1,8145495,4404898
large_arrays,4,after,2,native,9,3,3,1,0,1,9899656,4407443
large_arrays,4,after,2,native,10,3,3,1,0,1,8206959,4406641
large_arrays,4,after,2,native,11,3,3,1,0,1,8773203,4405609
large_arrays,4,after,2,native,12,3,3,1,0,1,6417130,4404426
large_arrays,4,after,2,native,13,3,3,1,0,1,5420224,4402383
large_arrays,4,after,2,native,14,3,3,1,0,1,5376713,4401181
large_arrays,4,after,2,fixed_winner,0,3,3,1,0,1,5285032,0
large_arrays,4,after,2,fixed_winner,1,3,3,1,0,1,6556681,0
large_arrays,4,after,2,fixed_winner,2,3,3,1,0,1,5484564,0
large_arrays,4,after,2,fixed_winner,3,3,3,1,0,1,6222478,0
large_arrays,4,after,2,fixed_winner,4,3,3,1,0,1,7712613,0
large_arrays,4,after,2,fixed_winner,5,3,3,1,0,1,5381062,0
large_arrays,4,after,2,fixed_winner,6,3,3,1,0,1,5418330,0
large_arrays,4,after,2,fixed_winner,7,3,3,1,0,1,5591192,0
large_arrays,4,after,2,fixed_winner,8,3,3,1,0,1,5331890,0
large_arrays,4,after,2,fixed_winner,9,3,3,1,0,1,5314377,0
large_arrays,4,after,2,fixed_winner,10,3,3,1,0,1,5219530,0
large_arrays,4,after,2,fixed_winner,11,3,3,1,0,1,5239227,0
large_arrays,4,after,2,fixed_winner,12,3,3,1,0,1,5309157,0
large_arrays,4,after,2,fixed_winner,13,3,3,1,0,1,5205575,0
large_arrays,4,after,2,fixed_winner,14,3,3,1,0,1,5232214,0
large_arrays,4,after,3,native,0,3,3,1,0,1,5264359,3868802
large_arrays,4,after,3,native,1,3,3,1,0,1,5813246,3866938
large_arrays,4,after,3,native,2,3,3,1,0,1,5167668,3868271
large_arrays,4,after,3,native,3,3,3,1,0,1,5487284,3866858
large_arrays,4,after,3,native,4,3,3,1,0,1,5362892,3868432
large_arrays,4,after,3,native,5,3,3,1,0,1,6866332,3898415
large_arrays,4,after,3,native,6,3,3,1,0,1,5522089,3871404
large_arrays,4,after,3,native,7,3,3,1,0,1,5651480,3867117
large_arrays,4,after,3,native,8,3,3,1,0,1,5341963,3867988
large_arrays,4,after,3,native,9,3,3,1,0,1,5342314,3866365
large_arrays,4,after,3,native,10,3,3,1,0,1,5177938,3868689
large_arrays,4,after,3,native,11,3,3,1,0,1,5474804,3866426
large_arrays,4,after,3,native,12,3,3,1,0,1,5490016,3869691
large_arrays,4,after,3,native,13,3,3,1,0,1,5691289,3880557
large_arrays,4,after,3,native,14,3,3,1,0,1,5474380,3867813
large_arrays,4,after,3,fixed_winner,0,3,3,1,0,1,5117956,0
large_arrays,4,after,3,fixed_winner,1,3,3,1,0,1,6420137,0
large_arrays,4,after,3,fixed_winner,2,3,3,1,0,1,5319942,0
large_arrays,4,after,3,fixed_winner,3,3,3,1,0,1,5211486,0
large_arrays,4,after,3,fixed_winner,4,3,3,1,0,1,5308982,0
large_arrays,4,after,3,fixed_winner,5,3,3,1,0,1,5917150,0
large_arrays,4,after,3,fixed_winner,6,3,3,1,0,1,5186463,0
large_arrays,4,after,3,fixed_winner,7,3,3,1,0,1,5309438,0
large_arrays,4,after,3,fixed_winner,8,3,3,1,0,1,5058115,0
large_arrays,4,after,3,fixed_winner,9,3,3,1,0,1,5375551,0
large_arrays,4,after,3,fixed_winner,10,3,3,1,0,1,5138365,0
large_arrays,4,after,3,fixed_winner,11,3,3,1,0,1,5521563,0
large_arrays,4,after,3,fixed_winner,12,3,3,1,0,1,5160986,0
large_arrays,4,after,3,fixed_winner,13,3,3,1,0,1,5654574,0
large_arrays,4,after,3,fixed_winner,14,3,3,1,0,1,5264140,0
large_arrays,4,before,3,native,0,2,1,1,1,2,5622922,5513771
large_arrays,4,before,3,native,1,2,1,1,1,2,5451442,5514172
large_arrays,4,before,3,native,2,2,1,1,1,2,5677033,5513400
large_arrays,4,before,3,native,3,2,1,1,1,2,5544897,5514642
large_arrays,4,before,3,native,4,2,1,1,1,2,5698974,5513661
large_arrays,4,before,3,native,5,2,1,1,1,2,5706015,5541229
large_arrays,4,before,3,native,6,2,1,1,1,2,5821301,5543663
large_arrays,4,before,3,native,7,2,1,1,1,2,5511725,5513607
large_arrays,4,before,3,native,8,2,1,1,1,2,5696789,5512736
large_arrays,4,before,3,native,9,2,1,1,1,2,5803038,5516152
large_arrays,4,before,3,native,10,2,1,1,1,2,5792437,5514068
large_arrays,4,before,3,native,11,2,1,1,1,2,5771027,5514089
large_arrays,4,before,3,native,12,2,1,1,1,2,5786115,5514619
large_arrays,4,before,3,native,13,2,1,1,1,2,5685719,5513627
large_arrays,4,before,3,native,14,2,1,1,1,2,5717017,5512756
large_arrays,4,before,3,fixed_winner,0,3,3,1,0,1,5208039,0
large_arrays,4,before,3,fixed_winner,1,3,3,1,0,1,5311632,0
large_arrays,4,before,3,fixed_winner,2,3,3,1,0,1,5985056,0
large_arrays,4,before,3,fixed_winner,3,3,3,1,0,1,5512516,0
large_arrays,4,before,3,fixed_winner,4,3,3,1,0,1,5293538,0
large_arrays,4,before,3,fixed_winner,5,3,3,1,0,1,5383695,0
large_arrays,4,before,3,fixed_winner,6,3,3,1,0,1,7363504,0
large_arrays,4,before,3,fixed_winner,7,3,3,1,0,1,5700095,0
large_arrays,4,before,3,fixed_winner,8,3,3,1,0,1,5349602,0
large_arrays,4,before,3,fixed_winner,9,3,3,1,0,1,5379921,0
large_arrays,4,before,3,fixed_winner,10,3,3,1,0,1,5222194,0
large_arrays,4,before,3,fixed_winner,11,3,3,1,0,1,5441073,0
large_arrays,4,before,3,fixed_winner,12,3,3,1,0,1,5323794,0
large_arrays,4,before,3,fixed_winner,13,3,3,1,0,1,5283048,0
large_arrays,4,before,3,fixed_winner,14,3,3,1,0,1,5156543,0
large_arrays,4,after,4,native,0,3,3,1,0,1,5808036,3827569
large_arrays,4,after,4,native,1,3,3,1,0,1,5106935,3828881
large_arrays,4,after,4,native,2,3,3,1,0,1,5471780,3827398
large_arrays,4,after,4,native,3,3,3,1,0,1,5313059,3828240
large_arrays,4,after,4,native,4,3,3,1,0,1,5180813,3828240
large_arrays,4,after,4,native,5,3,3,1,0,1,5168631,3828079
large_arrays,4,after,4,native,6,3,3,1,0,1,6436237,3828069
large_arrays,4,after,4,native,7,3,3,1,0,1,5213610,3828210
large_arrays,4,after,4,native,8,3,3,1,0,1,5239227,3827658
large_arrays,4,after,4,native,9,3,3,1,0,1,5137918,3827629
large_arrays,4,after,4,native,10,3,3,1,0,1,5195604,3827478
large_arrays,4,after,4,native,11,3,3,1,0,1,5171327,3828109
large_arrays,4,after,4,native,12,3,3,1,0,1,5333913,3827739
large_arrays,4,after,4,native,13,3,3,1,0,1,5280729,3859896
large_arrays,4,after,4,native,14,3,3,1,0,1,5237008,3827135
large_arrays,4,after,4,fixed_winner,0,3,3,1,0,1,5353629,0
large_arrays,4,after,4,fixed_winner,1,3,3,1,0,1,5230881,0
large_arrays,4,after,4,fixed_winner,2,3,3,1,0,1,5390671,0
large_arrays,4,after,4,fixed_winner,3,3,3,1,0,1,5213900,0
large_arrays,4,after,4,fixed_winner,4,3,3,1,0,1,5412969,0
large_arrays,4,after,4,fixed_winner,5,3,3,1,0,1,5172308,0
large_arrays,4,after,4,fixed_winner,6,3,3,1,0,1,5415030,0
large_arrays,4,after,4,fixed_winner,7,3,3,1,0,1,5265431,0
large_arrays,4,after,4,fixed_winner,8,3,3,1,0,1,5395052,0
large_arrays,4,after,4,fixed_winner,9,3,3,1,0,1,5368653,0
large_arrays,4,after,4,fixed_winner,10,3,3,1,0,1,5300336,0
large_arrays,4,after,4,fixed_winner,11,3,3,1,0,1,5056392,0
large_arrays,4,after,4,fixed_winner,12,3,3,1,0,1,5178539,0
large_arrays,4,after,4,fixed_winner,13,3,3,1,0,1,5361760,0
large_arrays,4,after,4,fixed_winner,14,3,3,1,0,1,5222231,0
large_arrays,4,before,4,native,0,2,1,1,1,2,6558044,5504732
large_arrays,4,before,4,native,1,2,1,1,1,2,5688624,5507707
large_arrays,4,before,4,native,2,2,1,1,1,2,5990507,5507257
large_arrays,4,before,4,native,3,2,1,1,1,2,5618353,5507147
large_arrays,4,before,4,native,4,2,1,1,1,2,5792968,5507998
large_arrays,4,before,4,native,5,2,1,1,1,2,5559885,5541319
large_arrays,4,before,4,native,6,2,1,1,1,2,7021566,5504911
large_arrays,4,before,4,native,7,2,1,1,1,2,5675189,5506835
large_arrays,4,before,4,native,8,2,1,1,1,2,6551731,5508918
large_arrays,4,before,4,native,9,2,1,1,1,2,5954369,5507235
large_arrays,4,before,4,native,10,2,1,1,1,2,5539867,5505553
large_arrays,4,before,4,native,11,2,1,1,1,2,5908254,5505041
large_arrays,4,before,4,native,12,2,1,1,1,2,5643239,5505112
large_arrays,4,before,4,native,13,2,1,1,1,2,5740501,5503969
large_arrays,4,before,4,native,14,2,1,1,1,2,5755588,5504931
large_arrays,4,before,4,fixed_winner,0,3,3,1,0,1,5262801,0
large_arrays,4,before,4,fixed_winner,1,3,3,1,0,1,5379688,0
large_arrays,4,before,4,fixed_winner,2,3,3,1,0,1,5485837,0
large_arrays,4,before,4,fixed_winner,3,3,3,1,0,1,5489003,0
large_arrays,4,before,4,fixed_winner,4,3,3,1,0,1,5235721,0
large_arrays,4,before,4,fixed_winner,5,3,3,1,0,1,5764565,0
large_arrays,4,before,4,fixed_winner,6,3,3,1,0,1,5202008,0
large_arrays,4,before,4,fixed_winner,7,3,3,1,0,1,5496887,0
large_arrays,4,before,4,fixed_winner,8,3,3,1,0,1,5266308,0
large_arrays,4,before,4,fixed_winner,9,3,3,1,0,1,5201437,0
large_arrays,4,before,4,fixed_winner,10,3,3,1,0,1,5298888,0
large_arrays,4,before,4,fixed_winner,11,3,3,1,0,1,5565334,0
large_arrays,4,before,4,fixed_winner,12,3,3,1,0,1,5185557,0
large_arrays,4,before,4,fixed_winner,13,3,3,1,0,1,5342680,0
large_arrays,4,before,4,fixed_winner,14,3,3,1,0,1,5117961,0
large_arrays,6,after,0,native,0,5,5,1,0,1,5121628,2439921
large_arrays,6,after,0,native,1,5,5,1,0,1,5306072,2437437
large_arrays,6,after,0,native,2,5,5,1,0,1,5122279,2437738
large_arrays,6,after,0,native,3,5,5,1,0,1,4972310,2437698
large_arrays,6,after,0,native,4,5,5,1,0,1,7535444,2437046
large_arrays,6,after,0,native,5,5,5,1,0,1,5105358,2449629
large_arrays,6,after,0,native,6,5,5,1,0,1,5149700,2438477
large_arrays,6,after,0,native,7,5,5,1,0,1,5287126,2438318
large_arrays,6,after,0,native,8,5,5,1,0,1,6957487,2437516
large_arrays,6,after,0,native,9,5,5,1,0,1,5369279,2438417
large_arrays,6,after,0,native,10,5,5,1,0,1,5024226,2437887
large_arrays,6,after,0,native,11,5,5,1,0,1,5377655,2437576
large_arrays,6,after,0,native,12,5,5,1,0,1,5179495,2438007
large_arrays,6,after,0,native,13,5,5,1,0,1,4926856,2437165
large_arrays,6,after,0,native,14,5,5,1,0,1,5341196,2437376
large_arrays,6,after,0,fixed_winner,0,5,3,1,0,1,5061797,0
large_arrays,6,after,0,fixed_winner,1,5,3,1,0,1,5678495,0
large_arrays,6,after,0,fixed_winner,2,5,3,1,0,1,6710878,0
large_arrays,6,after,0,fixed_winner,3,5,3,1,0,1,5682092,0
large_arrays,6,after,0,fixed_winner,4,5,3,1,0,1,5179335,0
large_arrays,6,after,0,fixed_winner,5,5,3,1,0,1,6480305,0
large_arrays,6,after,0,fixed_winner,6,5,3,1,0,1,5088841,0
large_arrays,6,after,0,fixed_winner,7,5,3,1,0,1,5456642,0
large_arrays,6,after,0,fixed_winner,8,5,3,1,0,1,5189875,0
large_arrays,6,after,0,fixed_winner,9,5,3,1,0,1,5109987,0
large_arrays,6,after,0,fixed_winner,10,5,3,1,0,1,5116899,0
large_arrays,6,after,0,fixed_winner,11,5,3,1,0,1,5342519,0
large_arrays,6,after,0,fixed_winner,12,5,3,1,0,1,4907780,0
large_arrays,6,after,0,fixed_winner,13,5,3,1,0,1,5337630,0
large_arrays,6,after,0,fixed_winner,14,5,3,1,0,1,5092774,0
large_arrays,6,before,0,native,0,2,1,1,1,2,5731514,5429293
large_arrays,6,before,0,native,1,2,1,1,1,2,5812885,5430986
large_arrays,6,before,0,native,2,2,1,1,1,2,5672434,5430074
large_arrays,6,before,0,native,3,2,1,1,1,2,5529067,5430675
large_arrays,6,before,0,native,4,2,1,1,1,2,5724861,5429374
large_arrays,6,before,0,native,5,2,1,1,1,2,5612642,5482597
large_arrays,6,before,0,native,6,2,1,1,1,2,5657105,5428937
large_arrays,6,before,0,native,7,2,1,1,1,2,5567028,5430189
large_arrays,6,before,0,native,8,2,1,1,1,2,5715294,5429217
large_arrays,6,before,0,native,9,2,1,1,1,2,5781026,5430390
large_arrays,6,before,0,native,10,2,1,1,1,2,5796405,5429237
large_arrays,6,before,0,native,11,2,1,1,1,2,5743005,5431061
large_arrays,6,before,0,native,12,2,1,1,1,2,5824226,5430189
large_arrays,6,before,0,native,13,2,1,1,1,2,5512556,5430569
large_arrays,6,before,0,native,14,2,1,1,1,2,7886634,5433304
large_arrays,6,before,0,fixed_winner,0,5,3,1,0,1,5139031,0
large_arrays,6,before,0,fixed_winner,1,5,3,1,0,1,5401399,0
large_arrays,6,before,0,fixed_winner,2,5,3,1,0,1,6614308,0
large_arrays,6,before,0,fixed_winner,3,5,3,1,0,1,6924545,0
large_arrays,6,before,0,fixed_winner,4,5,3,1,0,1,5338301,0
large_arrays,6,before,0,fixed_winner,5,5,3,1,0,1,6467962,0
large_arrays,6,before,0,fixed_winner,6,5,3,1,0,1,8512075,0
large_arrays,6,before,0,fixed_winner,7,5,3,1,0,1,6786459,0
large_arrays,6,before,0,fixed_winner,8,5,3,1,0,1,5295872,0
large_arrays,6,before,0,fixed_winner,9,5,3,1,0,1,6362890,0
large_arrays,6,before,0,fixed_winner,10,5,3,1,0,1,5151644,0
large_arrays,6,before,0,fixed_winner,11,5,3,1,0,1,5194173,0
large_arrays,6,before,0,fixed_winner,12,5,3,1,0,1,5147726,0
large_arrays,6,before,0,fixed_winner,13,5,3,1,0,1,4905275,0
large_arrays,6,before,0,fixed_winner,14,5,3,1,0,1,5576665,0
large_arrays,6,before,1,native,0,2,1,1,1,2,5563982,5524146
large_arrays,6,before,1,native,1,2,1,1,1,2,5594889,5525720
large_arrays,6,before,1,native,2,2,1,1,1,2,5529688,5523906
large_arrays,6,before,1,native,3,2,1,1,1,2,5892363,5524377
large_arrays,6,before,1,native,4,2,1,1,1,2,5577797,5523466
large_arrays,6,before,1,native,5,2,1,1,1,2,6780367,5556313
large_arrays,6,before,1,native,6,2,1,1,1,2,5775045,5523962
large_arrays,6,before,1,native,7,2,1,1,1,2,5713050,5524153
large_arrays,6,before,1,native,8,2,1,1,1,2,5798149,5523803
large_arrays,6,before,1,native,9,2,1,1,1,2,5634704,5525796
large_arrays,6,before,1,native,10,2,1,1,1,2,5609917,5523421
large_arrays,6,before,1,native,11,2,1,1,1,2,5587315,5523662
large_arrays,6,before,1,native,12,2,1,1,1,2,5621641,5523231
large_arrays,6,before,1,native,13,2,1,1,1,2,5617281,5524193
large_arrays,6,before,1,native,14,2,1,1,1,2,5987329,5523071
large_arrays,6,before,1,fixed_winner,0,5,3,1,0,1,5079830,0
large_arrays,6,before,1,fixed_winner,1,5,3,1,0,1,5111500,0
large_arrays,6,before,1,fixed_winner,2,5,3,1,0,1,5499562,0
large_arrays,6,before,1,fixed_winner,3,5,3,1,0,1,5359131,0
large_arrays,6,before,1,fixed_winner,4,5,3,1,0,1,5457684,0
large_arrays,6,before,1,fixed_winner,5,5,3,1,0,1,5351346,0
large_arrays,6,before,1,fixed_winner,6,5,3,1,0,1,5133270,0
large_arrays,6,before,1,fixed_winner,7,5,3,1,0,1,5433078,0
large_arrays,6,before,1,fixed_winner,8,5,3,1,0,1,5335787,0
large_arrays,6,before,1,fixed_winner,9,5,3,1,0,1,5119474,0
large_arrays,6,before,1,fixed_winner,10,5,3,1,0,1,5042260,0
large_arrays,6,before,1,fixed_winner,11,5,3,1,0,1,6578170,0
large_arrays,6,before,1,fixed_winner,12,5,3,1,0,1,5354822,0
large_arrays,6,before,1,fixed_winner,13,5,3,1,0,1,5259364,0
large_arrays,6,before,1,fixed_winner,14,5,3,1,0,1,5131095,0
large_arrays,6,after,1,native,0,5,5,1,0,1,5542792,2424339
large_arrays,6,after,1,native,1,5,5,1,0,1,5458315,2427916
large_arrays,6,after,1,native,2,5,5,1,0,1,7144831,2444677
large_arrays,6,after,1,native,3,5,5,1,0,1,8106858,2427094
large_arrays,6,after,1,native,4,5,5,1,0,1,8290545,2427494
large_arrays,6,after,1,native,5,5,5,1,0,1,9931506,2427014
large_arrays,6,after,1,native,6,5,5,1,0,1,8161530,2427986
large_arrays,6,after,1,native,7,5,5,1,0,1,5981638,2427264
large_arrays,6,after,1,native,8,5,5,1,0,1,5341086,2425802
large_arrays,6,after,1,native,9,5,5,1,0,1,6065397,2423738
large_arrays,6,after,1,native,10,5,5,1,0,1,6869062,2426363
large_arrays,6,after,1,native,11,5,5,1,0,1,7097368,2426754
large_arrays,6,after,1,native,12,5,5,1,0,1,8273187,2427445
large_arrays,6,after,1,native,13,5,5,1,0,1,5557280,2445525
large_arrays,6,after,1,native,14,5,5,1,0,1,6093809,2427832
large_arrays,6,after,1,fixed_winner,0,5,3,1,0,1,5589389,0
large_arrays,6,after,1,fixed_winner,1,5,3,1,0,1,6092307,0
large_arrays,6,after,1,fixed_winner,2,5,3,1,0,1,5983002,0
large_arrays,6,after,1,fixed_winner,3,5,3,1,0,1,9127939,0
large_arrays,6,after,1,fixed_winner,4,5,3,1,0,1,6750486,0
large_arrays,6,after,1,fixed_winner,5,5,3,1,0,1,6248863,0
large_arrays,6,after,1,fixed_winner,6,5,3,1,0,1,6379175,0
large_arrays,6,after,1,fixed_winner,7,5,3,1,0,1,7574161,0
large_arrays,6,after,1,fixed_winner,8,5,3,1,0,1,5571356,0
large_arrays,6,after,1,fixed_winner,9,5,3,1,0,1,6040018,0
large_arrays,6,after,1,fixed_winner,10,5,3,1,0,1,6607125,0
large_arrays,6,after,1,fixed_winner,11,5,3,1,0,1,5349953,0
large_arrays,6,after,1,fixed_winner,12,5,3,1,0,1,6835521,0
large_arrays,6,after,1,fixed_winner,13,5,3,1,0,1,5377726,0
large_arrays,6,after,1,fixed_winner,14,5,3,1,0,1,6764608,0
large_arrays,6,after,2,native,0,5,5,1,0,1,8128227,2539892
large_arrays,6,after,2,native,1,5,5,1,0,1,6942830,2534352
large_arrays,6,after,2,native,2,5,5,1,0,1,5531572,2534913
large_arrays,6,after,2,native,3,5,5,1,0,1,5295351,2534472
large_arrays,6,after,2,native,4,5,5,1,0,1,5365182,2536516
large_arrays,6,after,2,native,5,5,5,1,0,1,5512436,2559703
large_arrays,6,after,2,native,6,5,5,1,0,1,6836762,2535348
large_arrays,6,after,2,native,7,5,5,1,0,1,5165300,2529326
large_arrays,6,after,2,native,8,5,5,1,0,1,5268782,2535809
large_arrays,6,after,2,native,9,5,5,1,0,1,5376793,2530199
large_arrays,6,after,2,native,10,5,5,1,0,1,6221267,2530229
large_arrays,6,after,2,native,11,5,5,1,0,1,7948533,2532332
large_arrays,6,after,2,native,12,5,5,1,0,1,7140578,2534446
large_arrays,6,after,2,native,13,5,5,1,0,1,6993550,2530268
large_arrays,6,after,2,native,14,5,5,1,0,1,7618892,2532403
large_arrays,6,after,2,fixed_winner,0,5,3,1,0,1,9354061,0
large_arrays,6,after,2,fixed_winner,1,5,3,1,0,1,7853386,0
large_arrays,6,after,2,fixed_winner,2,5,3,1,0,1,10630048,0
large_arrays,6,after,2,fixed_winner,3,5,3,1,0,1,10144171,0
large_arrays,6,after,2,fixed_winner,4,5,3,1,0,1,8155188,0
large_arrays,6,after,2,fixed_winner,5,5,3,1,0,1,12093382,0
large_arrays,6,after,2,fixed_winner,6,5,3,1,0,1,7879424,0
large_arrays,6,after,2,fixed_winner,7,5,3,1,0,1,8939738,0
large_arrays,6,after,2,fixed_winner,8,5,3,1,0,1,6902875,0
large_arrays,6,after,2,fixed_winner,9,5,3,1,0,1,9562971,0
large_arrays,6,after,2,fixed_winner,10,5,3,1,0,1,8389644,0
large_arrays,6,after,2,fixed_winner,11,5,3,1,0,1,7346490,0
large_arrays,6,after,2,fixed_winner,12,5,3,1,0,1,7391846,0
large_arrays,6,after,2,fixed_winner,13,5,3,1,0,1,6970060,0
large_arrays,6,after,2,fixed_winner,14,5,3,1,0,1,5252041,0
large_arrays,6,before,2,native,0,2,1,1,1,2,5777635,5759941
large_arrays,6,before,2,native,1,2,1,1,1,2,5675489,5759189
large_arrays,6,before,2,native,2,2,1,1,1,2,5700215,5761353
large_arrays,6,before,2,native,3,2,1,1,1,2,5583398,5761904
large_arrays,6,before,2,native,4,2,1,1,1,2,5660050,5758428
large_arrays,6,before,2,native,5,2,1,1,1,2,6756493,5786585
large_arrays,6,before,2,native,6,2,1,1,1,2,5946515,5757751
large_arrays,6,before,2,native,7,2,1,1,1,2,5604467,5759794
large_arrays,6,before,2,native,8,2,1,1,1,2,5594268,5757520
large_arrays,6,before,2,native,9,2,1,1,1,2,6776070,5758853
large_arrays,6,before,2,native,10,2,1,1,1,2,6168115,5757641
large_arrays,6,before,2,native,11,2,1,1,1,2,5838283,5758913
large_arrays,6,before,2,native,12,2,1,1,1,2,5957527,5757490
large_arrays,6,before,2,native,13,2,1,1,1,2,5722306,5758713
large_arrays,6,before,2,native,14,2,1,1,1,2,6348775,5757981
large_arrays,6,before,2,fixed_winner,0,5,3,1,0,1,7442432,0
large_arrays,6,before,2,fixed_winner,1,5,3,1,0,1,6558713,0
large_arrays,6,before,2,fixed_winner,2,5,3,1,0,1,5405789,0
large_arrays,6,before,2,fixed_winner,3,5,3,1,0,1,6560346,0
large_arrays,6,before,2,fixed_winner,4,5,3,1,0,1,5169688,0
large_arrays,6,before,2,fixed_winner,5,5,3,1,0,1,7746859,0
large_arrays,6,before,2,fixed_winner,6,5,3,1,0,1,6603168,0
large_arrays,6,before,2,fixed_winner,7,5,3,1,0,1,6723932,0
large_arrays,6,before,2,fixed_winner,8,5,3,1,0,1,6165392,0
large_arrays,6,before,2,fixed_winner,9,5,3,1,0,1,5789421,0
large_arrays,6,before,2,fixed_winner,10,5,3,1,0,1,6047192,0
large_arrays,6,before,2,fixed_winner,11,5,3,1,0,1,6628214,0
large_arrays,6,before,2,fixed_winner,12,5,3,1,0,1,6594982,0
large_arrays,6,before,2,fixed_winner,13,5,3,1,0,1,6663540,0
large_arrays,6,before,2,fixed_winner,14,5,3,1,0,1,5978083,0
large_arrays,6,after,3,native,0,5,5,1,0,1,5244056,2437177
large_arrays,6,after,3,native,1,5,5,1,0,1,5068319,2438059
large_arrays,6,after,3,native,2,5,5,1,0,1,5423351,2436846
large_arrays,6,after,3,native,3,5,5,1,0,1,5012234,2439532
large_arrays,6,after,3,native,4,5,5,1,0,1,8004133,2438990
large_arrays,6,after,3,native,5,5,5,1,0,1,6756486,2475468
large_arrays,6,after,3,native,6,5,5,1,0,1,5361766,2437417
large_arrays,6,after,3,native,7,5,5,1,0,1,4896909,2438399
large_arrays,6,after,3,native,8,5,5,1,0,1,5159319,2437136
large_arrays,6,after,3,native,9,5,5,1,0,1,5126878,2437909
large_arrays,6,after,3,native,10,5,5,1,0,1,6570076,2437056
large_arrays,6,after,3,native,11,5,5,1,0,1,4975356,2439851
large_arrays,6,after,3,native,12,5,5,1,0,1,5149470,2438960
large_arrays,6,after,3,native,13,5,5,1,0,1,5424132,2438449
large_arrays,6,after,3,native,14,5,5,1,0,1,5471059,2437919
large_arrays,6,after,3,fixed_winner,0,5,3,1,0,1,6087918,0
large_arrays,6,after,3,fixed_winner,1,5,3,1,0,1,6382195,0
large_arrays,6,after,3,fixed_winner,2,5,3,1,0,1,6587919,0
large_arrays,6,after,3,fixed_winner,3,5,3,1,0,1,5461421,0
large_arrays,6,after,3,fixed_winner,4,5,3,1,0,1,6460592,0
large_arrays,6,after,3,fixed_winner,5,5,3,1,0,1,5475326,0
large_arrays,6,after,3,fixed_winner,6,5,3,1,0,1,4997578,0
large_arrays,6,after,3,fixed_winner,7,5,3,1,0,1,5459036,0
large_arrays,6,after,3,fixed_winner,8,5,3,1,0,1,8779691,0
large_arrays,6,after,3,fixed_winner,9,5,3,1,0,1,5500884,0
large_arrays,6,after,3,fixed_winner,10,5,3,1,0,1,6589271,0
large_arrays,6,after,3,fixed_winner,11,5,3,1,0,1,5563291,0
large_arrays,6,after,3,fixed_winner,12,5,3,1,0,1,5399636,0
large_arrays,6,after,3,fixed_winner,13,5,3,1,0,1,6779956,0
large_arrays,6,after,3,fixed_winner,14,5,3,1,0,1,5150021,0
large_arrays,6,before,3,native,0,2,1,1,1,2,5807946,5364289
large_arrays,6,before,3,native,1,2,1,1,1,2,5603886,5367685
large_arrays,6,before,3,native,2,2,1,1,1,2,5582196,5364519
large_arrays,6,before,3,native,3,2,1,1,1,2,5611991,5366173
large_arrays,6,before,3,native,4,2,1,1,1,2,5782419,5364339
large_arrays,6,before,3,native,5,2,1,1,1,2,8538983,5396925
large_arrays,6,before,3,native,6,2,1,1,1,2,7027967,5366959
large_arrays,6,before,3,native,7,2,1,1,1,2,5767903,5367790
large_arrays,6,before,3,native,8,2,1,1,1,2,7427222,5368562
large_arrays,6,before,3,native,9,2,1,1,1,2,8675065,5371327
large_arrays,6,before,3,native,10,2,1,1,1,2,6018550,5368482
large_arrays,6,before,3,native,11,2,1,1,1,2,5720253,5368362
large_arrays,6,before,3,native,12,2,1,1,1,2,5825559,5365657
large_arrays,6,before,3,native,13,2,1,1,1,2,6058502,5367661
large_arrays,6,before,3,native,14,2,1,1,1,2,5747253,5365306
large_arrays,6,before,3,fixed_winner,0,5,3,1,0,1,6768847,0
large_arrays,6,before,3,fixed_winner,1,5,3,1,0,1,5298216,0
large_arrays,6,before,3,fixed_winner,2,5,3,1,0,1,5626751,0
large_arrays,6,before,3,fixed_winner,3,5,3,1,0,1,7295465,0
large_arrays,6,before,3,fixed_winner,4,5,3,1,0,1,9004445,0
large_arrays,6,before,3,fixed_winner,5,5,3,1,0,1,5901144,0
large_arrays,6,before,3,fixed_winner,6,5,3,1,0,1,5234789,0
large_arrays,6,before,3,fixed_winner,7,5,3,1,0,1,8747701,0
large_arrays,6,before,3,fixed_winner,8,5,3,1,0,1,6611582,0
large_arrays,6,before,3,fixed_winner,9,5,3,1,0,1,5292502,0
large_arrays,6,before,3,fixed_winner,10,5,3,1,0,1,5293111,0
large_arrays,6,before,3,fixed_winner,11,5,3,1,0,1,7770222,0
large_arrays,6,before,3,fixed_winner,12,5,3,1,0,1,4819675,0
large_arrays,6,before,3,fixed_winner,13,5,3,1,0,1,5409975,0
large_arrays,6,before,3,fixed_winner,14,5,3,1,0,1,6565807,0
large_arrays,6,after,4,native,0,5,5,1,0,1,5228578,2472783
large_arrays,6,after,4,native,1,5,5,1,0,1,6652088,2470249
large_arrays,6,after,4,native,2,5,5,1,0,1,5098285,2472433
large_arrays,6,after,4,native,3,5,5,1,0,1,5555065,2470249
large_arrays,6,after,4,native,4,5,5,1,0,1,5133169,2472052
large_arrays,6,after,4,native,5,5,5,1,0,1,6246864,2480216
large_arrays,6,after,4,native,6,5,5,1,0,1,6913154,2472852
large_arrays,6,after,4,native,7,5,5,1,0,1,6582418,2469757
large_arrays,6,after,4,native,8,5,5,1,0,1,5276857,2471430
large_arrays,6,after,4,native,9,5,5,1,0,1,5240790,2469436
large_arrays,6,after,4,native,10,5,5,1,0,1,5229319,2473353
large_arrays,6,after,4,native,11,5,5,1,0,1,5314958,2469335
large_arrays,6,after,4,native,12,5,5,1,0,1,5272338,2469386
large_arrays,6,after,4,native,13,5,5,1,0,1,6887145,2480323
large_arrays,6,after,4,native,14,5,5,1,0,1,7063234,2471547
large_arrays,6,after,4,fixed_winner,0,5,3,1,0,1,5677493,0
large_arrays,6,after,4,fixed_winner,1,5,3,1,0,1,5264194,0
large_arrays,6,after,4,fixed_winner,2,5,3,1,0,1,6883569,0
large_arrays,6,after,4,fixed_winner,3,5,3,1,0,1,5257251,0
large_arrays,6,after,4,fixed_winner,4,5,3,1,0,1,6869103,0
large_arrays,6,after,4,fixed_winner,5,5,3,1,0,1,5105828,0
large_arrays,6,after,4,fixed_winner,6,5,3,1,0,1,5484314,0
large_arrays,6,after,4,fixed_winner,7,5,3,1,0,1,6775297,0
large_arrays,6,after,4,fixed_winner,8,5,3,1,0,1,5572768,0
large_arrays,6,after,4,fixed_winner,9,5,3,1,0,1,6670072,0
large_arrays,6,after,4,fixed_winner,10,5,3,1,0,1,7728793,0
large_arrays,6,after,4,fixed_winner,11,5,3,1,0,1,5187100,0
large_arrays,6,after,4,fixed_winner,12,5,3,1,0,1,5626218,0
large_arrays,6,after,4,fixed_winner,13,5,3,1,0,1,5376212,0
large_arrays,6,after,4,fixed_winner,14,5,3,1,0,1,6213662,0
large_arrays,6,before,4,native,0,2,1,1,1,2,5720754,5535845
large_arrays,6,before,4,native,1,2,1,1,1,2,5944045,5532959
large_arrays,6,before,4,native,2,2,1,1,1,2,5582166,5535284
large_arrays,6,before,4,native,3,2,1,1,1,2,5862147,5533090
large_arrays,6,before,4,native,4,2,1,1,1,2,5948792,5534913
large_arrays,6,before,4,native,5,2,1,1,1,2,5801995,5558264
large_arrays,6,before,4,native,6,2,1,1,1,2,8619583,5536844
large_arrays,6,before,4,native,7,2,1,1,1,2,8517613,5536302
large_arrays,6,before,4,native,8,2,1,1,1,2,5693293,5535020
large_arrays,6,before,4,native,9,2,1,1,1,2,5603676,5533397
large_arrays,6,before,4,native,10,2,1,1,1,2,5722127,5534148
large_arrays,6,before,4,native,11,2,1,1,1,2,5621869,5533748
large_arrays,6,before,4,native,12,2,1,1,1,2,5765137,5534839
large_arrays,6,before,4,native,13,2,1,1,1,2,5687198,5534449
large_arrays,6,before,4,native,14,2,1,1,1,2,5812728,5534048
large_arrays,6,before,4,fixed_winner,0,5,3,1,0,1,6853896,0
large_arrays,6,before,4,fixed_winner,1,5,3,1,0,1,5268341,0
large_arrays,6,before,4,fixed_winner,2,5,3,1,0,1,5111038,0
large_arrays,6,before,4,fixed_winner,3,5,3,1,0,1,5198792,0
large_arrays,6,before,4,fixed_winner,4,5,3,1,0,1,5091923,0
large_arrays,6,before,4,fixed_winner,5,5,3,1,0,1,8714013,0
large_arrays,6,before,4,fixed_winner,6,5,3,1,0,1,5200650,0
large_arrays,6,before,4,fixed_winner,7,5,3,1,0,1,5402611,0
large_arrays,6,before,4,fixed_winner,8,5,3,1,0,1,6940274,0
large_arrays,6,before,4,fixed_winner,9,5,3,1,0,1,5835208,0
large_arrays,6,before,4,fixed_winner,10,5,3,1,0,1,4993429,0
large_arrays,6,before,4,fixed_winner,11,5,3,1,0,1,5623131,0
large_arrays,6,before,4,fixed_winner,12,5,3,1,0,1,5308418,0
large_arrays,6,before,4,fixed_winner,13,5,3,1,0,1,5804008,0
large_arrays,6,before,4,fixed_winner,14,5,3,1,0,1,6560237,0
large_arrays,8,before,0,native,0,3,3,1,0,1,5793109,4013526
large_arrays,8,before,0,native,1,3,3,1,0,1,5738266,4011992
large_arrays,8,before,0,native,2,3,3,1,0,1,5502418,4009268
large_arrays,8,before,0,native,3,3,3,1,0,1,5616890,4014026
large_arrays,8,before,0,native,4,3,3,1,0,1,5363719,4013195
large_arrays,8,before,0,native,5,3,3,1,0,1,5698893,4084997
large_arrays,8,before,0,native,6,3,3,1,0,1,7847564,4005168
large_arrays,8,before,0,native,7,3,3,1,0,1,5554274,4003184
large_arrays,8,before,0,native,8,3,3,1,0,1,5447415,4003365
large_arrays,8,before,0,native,9,3,3,1,0,1,5498590,4005870
large_arrays,8,before,0,native,10,3,3,1,0,1,5821982,4005679
large_arrays,8,before,0,native,11,3,3,1,0,1,5316851,4003755
large_arrays,8,before,0,native,12,3,3,1,0,1,5525881,4004627
large_arrays,8,before,0,native,13,3,3,1,0,1,5294330,4003395
large_arrays,8,before,0,native,14,3,3,1,0,1,5289421,4002133
large_arrays,8,before,0,fixed_winner,0,5,3,1,1,1,5510048,0
large_arrays,8,before,0,fixed_winner,1,5,3,1,1,1,5299533,0
large_arrays,8,before,0,fixed_winner,2,5,3,1,1,1,7803414,0
large_arrays,8,before,0,fixed_winner,3,5,3,1,1,1,5367561,0
large_arrays,8,before,0,fixed_winner,4,5,3,1,1,1,6481095,0
large_arrays,8,before,0,fixed_winner,5,5,3,1,1,1,5186519,0
large_arrays,8,before,0,fixed_winner,6,5,3,1,1,1,5759706,0
large_arrays,8,before,0,fixed_winner,7,5,3,1,1,1,5356365,0
large_arrays,8,before,0,fixed_winner,8,5,3,1,1,1,5237915,0
large_arrays,8,before,0,fixed_winner,9,5,3,1,1,1,5300586,0
large_arrays,8,before,0,fixed_winner,10,5,3,1,1,1,5479329,0
large_arrays,8,before,0,fixed_winner,11,5,3,1,1,1,5330512,0
large_arrays,8,before,0,fixed_winner,12,5,3,1,1,1,5232234,0
large_arrays,8,before,0,fixed_winner,13,5,3,1,1,1,6675396,0
large_arrays,8,before,0,fixed_winner,14,5,3,1,1,1,6389038,0
large_arrays,8,after,0,native,0,7,7,1,0,1,7293132,1883863
large_arrays,8,after,0,native,1,7,7,1,0,1,8146402,1880777
large_arrays,8,after,0,native,2,7,7,1,0,1,7090154,1882922
large_arrays,8,after,0,native,3,7,7,1,0,1,6967786,1881789
large_arrays,8,after,0,native,4,7,7,1,0,1,6731696,1881739
large_arrays,8,after,0,native,5,7,7,1,0,1,7435407,1880997
large_arrays,8,after,0,native,6,7,7,1,0,1,6974459,1882190
large_arrays,8,after,0,native,7,7,7,1,0,1,7061501,1884785
large_arrays,8,after,0,native,8,7,7,1,0,1,7334078,1881518
large_arrays,8,after,0,native,9,7,7,1,0,1,7103679,1883061
large_arrays,8,after,0,native,10,7,7,1,0,1,8394093,1880848
large_arrays,8,after,0,native,11,7,7,1,0,1,7472085,1883021
large_arrays,8,after,0,native,12,7,7,1,0,1,7662440,1882139
large_arrays,8,after,0,native,13,7,7,1,0,1,7111273,1894081
large_arrays,8,after,0,native,14,7,7,1,0,1,7020725,1891055
large_arrays,8,after,0,fixed_winner,0,5,3,1,1,1,5484134,0
large_arrays,8,after,0,fixed_winner,1,5,3,1,1,1,7171245,0
large_arrays,8,after,0,fixed_winner,2,5,3,1,1,1,5436434,0
large_arrays,8,after,0,fixed_winner,3,5,3,1,1,1,7595245,0
large_arrays,8,after,0,fixed_winner,4,5,3,1,1,1,5268201,0
large_arrays,8,after,0,fixed_winner,5,5,3,1,1,1,6947819,0
large_arrays,8,after,0,fixed_winner,6,5,3,1,1,1,5544045,0
large_arrays,8,after,0,fixed_winner,7,5,3,1,1,1,7001990,0
large_arrays,8,after,0,fixed_winner,8,5,3,1,1,1,6632993,0
large_arrays,8,after,0,fixed_winner,9,5,3,1,1,1,7532157,0
large_arrays,8,after,0,fixed_winner,10,5,3,1,1,1,5145373,0
large_arrays,8,after,0,fixed_winner,11,5,3,1,1,1,5279832,0
large_arrays,8,after,0,fixed_winner,12,5,3,1,1,1,5201367,0
large_arrays,8,after,0,fixed_winner,13,5,3,1,1,1,5611751,0
large_arrays,8,after,0,fixed_winner,14,5,3,1,1,1,5428500,0
large_arrays,8,after,1,native,0,7,7,1,0,1,7248769,1862725
large_arrays,8,after,1,native,1,7,7,1,0,1,7049779,1860922
large_arrays,8,after,1,native,2,7,7,1,0,1,7714136,1863106
large_arrays,8,after,1,native,3,7,7,1,0,1,7315644,1861413
large_arrays,8,after,1,native,4,7,7,1,0,1,7408687,1860220
large_arrays,8,after,1,native,5,7,7,1,0,1,7087740,1912401
large_arrays,8,after,1,native,6,7,7,1,0,1,7506009,1859983
large_arrays,8,after,1,native,7,7,7,1,0,1,7391024,1864191
large_arrays,8,after,1,native,8,7,7,1,0,1,7174642,1860444
large_arrays,8,after,1,native,9,7,7,1,0,1,8272035,1861246
large_arrays,8,after,1,native,10,7,7,1,0,1,6924793,1857999
large_arrays,8,after,1,native,11,7,7,1,0,1,7210342,1859572
large_arrays,8,after,1,native,12,7,7,1,0,1,6939774,1862097
large_arrays,8,after,1,native,13,7,7,1,0,1,7246555,1858971
large_arrays,8,after,1,native,14,7,7,1,0,1,6904819,1859572
large_arrays,8,after,1,fixed_winner,0,5,3,1,1,1,5897304,0
large_arrays,8,after,1,fixed_winner,1,5,3,1,1,1,6761282,0
large_arrays,8,after,1,fixed_winner,2,5,3,1,1,1,5364589,0
large_arrays,8,after,1,fixed_winner,3,5,3,1,1,1,6868572,0
large_arrays,8,after,1,fixed_winner,4,5,3,1,1,1,5465795,0
large_arrays,8,after,1,fixed_winner,5,5,3,1,1,1,6506440,0
large_arrays,8,after,1,fixed_winner,6,5,3,1,1,1,5546900,0
large_arrays,8,after,1,fixed_winner,7,5,3,1,1,1,6670032,0
large_arrays,8,after,1,fixed_winner,8,5,3,1,1,1,5682904,0
large_arrays,8,after,1,fixed_winner,9,5,3,1,1,1,6602336,0
large_arrays,8,after,1,fixed_winner,10,5,3,1,1,1,7540052,0
large_arrays,8,after,1,fixed_winner,11,5,3,1,1,1,5394266,0
large_arrays,8,after,1,fixed_winner,12,5,3,1,1,1,8909372,0
large_arrays,8,after,1,fixed_winner,13,5,3,1,1,1,8847427,0
large_arrays,8,after,1,fixed_winner,14,5,3,1,1,1,5356225,0
large_arrays,8,before,1,native,0,3,3,1,0,1,5469616,4008942
large_arrays,8,before,1,native,1,3,3,1,0,1,5350044,4006618
large_arrays,8,before,1,native,2,3,3,1,0,1,5572759,4007920
large_arrays,8,before,1,native,3,3,3,1,0,1,5384397,4006418
large_arrays,8,before,1,native,4,3,3,1,0,1,5309127,4014042
large_arrays,8,before,1,native,5,3,3,1,0,1,5427838,4039959
large_arrays,8,before,1,native,6,3,3,1,0,1,6177745,4002048
large_arrays,8,before,1,native,7,3,3,1,0,1,5332661,4003541
large_arrays,8,before,1,native,8,3,3,1,0,1,7627645,4005545
large_arrays,8,before,1,native,9,3,3,1,0,1,5607534,4002489
large_arrays,8,before,1,native,10,3,3,1,0,1,7791892,4004062
large_arrays,8,before,1,native,11,3,3,1,0,1,5863138,4003521
large_arrays,8,before,1,native,12,3,3,1,0,1,5981089,4003922
large_arrays,8,before,1,native,13,3,3,1,0,1,7742075,4002269
large_arrays,8,before,1,native,14,3,3,1,0,1,6025805,4006957
large_arrays,8,before,1,fixed_winner,0,5,3,1,1,1,5484104,0
large_arrays,8,before,1,fixed_winner,1,5,3,1,1,1,6966860,0
large_arrays,8,before,1,fixed_winner,2,5,3,1,1,1,6898432,0
large_arrays,8,before,1,fixed_winner,3,5,3,1,1,1,5922543,0
large_arrays,8,before,1,fixed_winner,4,5,3,1,1,1,6432936,0
large_arrays,8,before,1,fixed_winner,5,5,3,1,1,1,5153808,0
large_arrays,8,before,1,fixed_winner,6,5,3,1,1,1,5434494,0
large_arrays,8,before,1,fixed_winner,7,5,3,1,1,1,7571561,0
large_arrays,8,before,1,fixed_winner,8,5,3,1,1,1,6846611,0
large_arrays,8,before,1,fixed_winner,9,5,3,1,1,1,5461431,0
large_arrays,8,before,1,fixed_winner,10,5,3,1,1,1,5371153,0
large_arrays,8,before,1,fixed_winner,11,5,3,1,1,1,5350615,0
large_arrays,8,before,1,fixed_winner,12,5,3,1,1,1,5491708,0
large_arrays,8,before,1,fixed_winner,13,5,3,1,1,1,5368638,0
large_arrays,8,before,1,fixed_winner,14,5,3,1,1,1,5408903,0
large_arrays,8,before,2,native,0,3,3,1,0,1,5923562,4006987
large_arrays,8,before,2,native,1,3,3,1,0,1,5688574,4007607
large_arrays,8,before,2,native,2,3,3,1,0,1,6605403,4007968
large_arrays,8,before,2,native,3,3,3,1,0,1,6794041,4007758
large_arrays,8,before,2,native,4,3,3,1,0,1,5646125,4006315
large_arrays,8,before,2,native,5,3,3,1,0,1,5797727,4028841
large_arrays,8,before,2,native,6,3,3,1,0,1,5392312,3999436
large_arrays,8,before,2,native,7,3,3,1,0,1,7551024,3998144
large_arrays,8,before,2,native,8,3,3,1,0,1,5564140,3998846
large_arrays,8,before,2,native,9,3,3,1,0,1,6043876,3997492
large_arrays,8,before,2,native,10,3,3,1,0,1,5704515,4004406
large_arrays,8,before,2,native,11,3,3,1,0,1,7648800,4002542
large_arrays,8,before,2,native,12,3,3,1,0,1,5835160,4000118
large_arrays,8,before,2,native,13,3,3,1,0,1,5805983,4000919
large_arrays,8,before,2,native,14,3,3,1,0,1,8131774,3999768
large_arrays,8,before,2,fixed_winner,0,5,3,1,1,1,6853819,0
large_arrays,8,before,2,fixed_winner,1,5,3,1,1,1,7458991,0
large_arrays,8,before,2,fixed_winner,2,5,3,1,1,1,7016708,0
large_arrays,8,before,2,fixed_winner,3,5,3,1,1,1,7694970,0
large_arrays,8,before,2,fixed_winner,4,5,3,1,1,1,5447463,0
large_arrays,8,before,2,fixed_winner,5,5,3,1,1,1,5537342,0
large_arrays,8,before,2,fixed_winner,6,5,3,1,1,1,5269724,0
large_arrays,8,before,2,fixed_winner,7,5,3,1,1,1,7350686,0
large_arrays,8,before,2,fixed_winner,8,5,3,1,1,1,5349436,0
large_arrays,8,before,2,fixed_winner,9,5,3,1,1,1,6595069,0
large_arrays,8,before,2,fixed_winner,10,5,3,1,1,1,5124577,0
large_arrays,8,before,2,fixed_winner,11,5,3,1,1,1,5226002,0
large_arrays,8,before,2,fixed_winner,12,5,3,1,1,1,5435492,0
large_arrays,8,before,2,fixed_winner,13,5,3,1,1,1,5115166,0
large_arrays,8,before,2,fixed_winner,14,5,3,1,1,1,5202930,0
large_arrays,8,after,2,native,0,7,7,1,0,1,7348796,1836989
large_arrays,8,after,2,native,1,7,7,1,0,1,7008472,1837781
large_arrays,8,after,2,native,2,7,7,1,0,1,7077431,1837650
large_arrays,8,after,2,native,3,7,7,1,0,1,7306086,1836589
large_arrays,8,after,2,native,4,7,7,1,0,1,7129929,1837170
large_arrays,8,after,2,native,5,7,7,1,0,1,7358494,1836659
large_arrays,8,after,2,native,6,7,7,1,0,1,6984157,1840074
large_arrays,8,after,2,native,7,7,7,1,0,1,7242258,1839264
large_arrays,8,after,2,native,8,7,7,1,0,1,7245403,1837531
large_arrays,8,after,2,native,9,7,7,1,0,1,7305735,1837941
large_arrays,8,after,2,native,10,7,7,1,0,1,6484797,1837220
large_arrays,8,after,2,native,11,7,7,1,0,1,7192715,1837740
large_arrays,8,after,2,native,12,7,7,1,0,1,7094150,1837430
large_arrays,8,after,2,native,13,7,7,1,0,1,7242088,1867591
large_arrays,8,after,2,native,14,7,7,1,0,1,7111354,1836284
large_arrays,8,after,2,fixed_winner,0,5,3,1,1,1,5761780,0
large_arrays,8,after,2,fixed_winner,1,5,3,1,1,1,5240480,0
large_arrays,8,after,2,fixed_winner,2,5,3,1,1,1,9232551,0
large_arrays,8,after,2,fixed_winner,3,5,3,1,1,1,7016380,0
large_arrays,8,after,2,fixed_winner,4,5,3,1,1,1,13473243,0
large_arrays,8,after,2,fixed_winner,5,5,3,1,1,1,8979763,0
large_arrays,8,after,2,fixed_winner,6,5,3,1,1,1,8228312,0
large_arrays,8,after,2,fixed_winner,7,5,3,1,1,1,7956357,0
large_arrays,8,after,2,fixed_winner,8,5,3,1,1,1,9361335,0
large_arrays,8,after,2,fixed_winner,9,5,3,1,1,1,8028252,0
large_arrays,8,after,2,fixed_winner,10,5,3,1,1,1,9374841,0
large_arrays,8,after,2,fixed_winner,11,5,3,1,1,1,9848850,0
large_arrays,8,after,2,fixed_winner,12,5,3,1,1,1,10593118,0
large_arrays,8,after,2,fixed_winner,13,5,3,1,1,1,6870194,0
large_arrays,8,after,2,fixed_winner,14,5,3,1,1,1,5619906,0
large_arrays,8,after,3,native,0,7,7,1,0,1,7260992,1896509
large_arrays,8,after,3,native,1,7,7,1,0,1,7267124,1895596
large_arrays,8,after,3,native,2,7,7,1,0,1,7071950,1900265
large_arrays,8,after,3,native,3,7,7,1,0,1,7628837,1900015
large_arrays,8,after,3,native,4,7,7,1,0,1,7322407,1897450
large_arrays,8,after,3,native,5,7,7,1,0,1,6814530,1895447
large_arrays,8,after,3,native,6,7,7,1,0,1,7135128,1896428
large_arrays,8,after,3,native,7,7,7,1,0,1,7328778,1895527
large_arrays,8,after,3,native,8,7,7,1,0,1,6915619,1901067
large_arrays,8,after,3,native,9,7,7,1,0,1,6996721,1899764
large_arrays,8,after,3,native,10,7,7,1,0,1,7333352,1898221
large_arrays,8,after,3,native,11,7,7,1,0,1,7435121,1898372
large_arrays,8,after,3,native,12,7,7,1,0,1,7326405,1897541
large_arrays,8,after,3,native,13,7,7,1,0,1,7412414,1934761
large_arrays,8,after,3,native,14,7,7,1,0,1,7340981,1900717
large_arrays,8,after,3,fixed_winner,0,5,3,1,1,1,8902650,0
large_arrays,8,after,3,fixed_winner,1,5,3,1,1,1,7433484,0
large_arrays,8,after,3,fixed_winner,2,5,3,1,1,1,5631297,0
large_arrays,8,after,3,fixed_winner,3,5,3,1,1,1,5285553,0
large_arrays,8,after,3,fixed_winner,4,5,3,1,1,1,6877978,0
large_arrays,8,after,3,fixed_winner,5,5,3,1,1,1,5370501,0
large_arrays,8,after,3,fixed_winner,6,5,3,1,1,1,5177803,0
large_arrays,8,after,3,fixed_winner,7,5,3,1,1,1,5329736,0
large_arrays,8,after,3,fixed_winner,8,5,3,1,1,1,5141736,0
large_arrays,8,after,3,fixed_winner,9,5,3,1,1,1,5410345,0
large_arrays,8,after,3,fixed_winner,10,5,3,1,1,1,7434846,0
large_arrays,8,after,3,fixed_winner,11,5,3,1,1,1,5385670,0
large_arrays,8,after,3,fixed_winner,12,5,3,1,1,1,5294170,0
large_arrays,8,after,3,fixed_winner,13,5,3,1,1,1,5499371,0
large_arrays,8,after,3,fixed_winner,14,5,3,1,1,1,7496601,0
large_arrays,8,before,3,native,0,3,3,1,0,1,5150203,3948940
large_arrays,8,before,3,native,1,3,3,1,0,1,5485575,3948519
large_arrays,8,before,3,native,2,3,3,1,0,1,5389836,3949562
large_arrays,8,before,3,native,3,3,3,1,0,1,5664920,3949422
large_arrays,8,before,3,native,4,3,3,1,0,1,5337001,3949642
large_arrays,8,before,3,native,5,3,3,1,0,1,7708546,3974143
large_arrays,8,before,3,native,6,3,3,1,0,1,5582477,3943947
large_arrays,8,before,3,native,7,3,3,1,0,1,6165868,3943156
large_arrays,8,before,3,native,8,3,3,1,0,1,5385330,3943927
large_arrays,8,before,3,native,9,3,3,1,0,1,5543654,3942765
large_arrays,8,before,3,native,10,3,3,1,0,1,5536526,3945029
large_arrays,8,before,3,native,11,3,3,1,0,1,5097401,3944939
large_arrays,8,before,3,native,12,3,3,1,0,1,5499498,3943477
large_arrays,8,before,3,native,13,3,3,1,0,1,5168138,3942825
large_arrays,8,before,3,native,14,3,3,1,0,1,5230671,3943406
large_arrays,8,before,3,fixed_winner,0,5,3,1,1,1,5289050,0
large_arrays,8,before,3,fixed_winner,1,5,3,1,1,1,4992797,0
large_arrays,8,before,3,fixed_winner,2,5,3,1,1,1,5441734,0
large_arrays,8,before,3,fixed_winner,3,5,3,1,1,1,7468368,0
large_arrays,8,before,3,fixed_winner,4,5,3,1,1,1,5241631,0
large_arrays,8,before,3,fixed_winner,5,5,3,1,1,1,7418836,0
large_arrays,8,before,3,fixed_winner,6,5,3,1,1,1,5794161,0
large_arrays,8,before,3,fixed_winner,7,5,3,1,1,1,6607632,0
large_arrays,8,before,3,fixed_winner,8,5,3,1,1,1,8444100,0
large_arrays,8,before,3,fixed_winner,9,5,3,1,1,1,5208089,0
large_arrays,8,before,3,fixed_winner,10,5,3,1,1,1,5513885,0
large_arrays,8,before,3,fixed_winner,11,5,3,1,1,1,5529461,0
large_arrays,8,before,3,fixed_winner,12,5,3,1,1,1,6340838,0
large_arrays,8,before,3,fixed_winner,13,5,3,1,1,1,5407080,0
large_arrays,8,before,3,fixed_winner,14,5,3,1,1,1,5534106,0
large_arrays,8,before,4,native,0,3,3,1,0,1,5726685,4013288
large_arrays,8,before,4,native,1,3,3,1,0,1,5396119,4011885
large_arrays,8,before,4,native,2,3,3,1,0,1,7485511,4011835
large_arrays,8,before,4,native,3,3,3,1,0,1,5440512,4013608
large_arrays,8,before,4,native,4,3,3,1,0,1,5675385,4010763
large_arrays,8,before,4,native,5,3,3,1,0,1,5608360,4035721
large_arrays,8,before,4,native,6,3,3,1,0,1,5736193,4002960
large_arrays,8,before,4,native,7,3,3,1,0,1,5328483,4004584
large_arrays,8,before,4,native,8,3,3,1,0,1,5637589,4004453
large_arrays,8,before,4,native,9,3,3,1,0,1,5157825,4004043
large_arrays,8,before,4,native,10,3,3,1,0,1,7509796,4004423
large_arrays,8,before,4,native,11,3,3,1,0,1,5601782,4003071
large_arrays,8,before,4,native,12,3,3,1,0,1,7889773,4005335
large_arrays,8,before,4,native,13,3,3,1,0,1,5338341,4004213
large_arrays,8,before,4,native,14,3,3,1,0,1,5496832,4003711
large_arrays,8,before,4,fixed_winner,0,5,3,1,1,1,5110297,0
large_arrays,8,before,4,fixed_winner,1,5,3,1,1,1,5418912,0
large_arrays,8,before,4,fixed_winner,2,5,3,1,1,1,5359185,0
large_arrays,8,before,4,fixed_winner,3,5,3,1,1,1,7396899,0
large_arrays,8,before,4,fixed_winner,4,5,3,1,1,1,6802325,0
large_arrays,8,before,4,fixed_winner,5,5,3,1,1,1,7042220,0
large_arrays,8,before,4,fixed_winner,6,5,3,1,1,1,6163514,0
large_arrays,8,before,4,fixed_winner,7,5,3,1,1,1,8859203,0
large_arrays,8,before,4,fixed_winner,8,5,3,1,1,1,5519359,0
large_arrays,8,before,4,fixed_winner,9,5,3,1,1,1,7270829,0
large_arrays,8,before,4,fixed_winner,10,5,3,1,1,1,6777448,0
large_arrays,8,before,4,fixed_winner,11,5,3,1,1,1,6804407,0
large_arrays,8,before,4,fixed_winner,12,5,3,1,1,1,8872749,0
large_arrays,8,before,4,fixed_winner,13,5,3,1,1,1,6660920,0
large_arrays,8,before,4,fixed_winner,14,5,3,1,1,1,6828016,0
large_arrays,8,after,4,native,0,7,7,1,0,1,6686694,1817618
large_arrays,8,after,4,native,1,7,7,1,0,1,6859082,1819814
large_arrays,8,after,4,native,2,7,7,1,0,1,6737939,1816820
large_arrays,8,after,4,native,3,7,7,1,0,1,6728534,1817500
large_arrays,8,after,4,native,4,7,7,1,0,1,6560655,1816204
large_arrays,8,after,4,native,5,7,7,1,0,1,6565633,1849994
large_arrays,8,after,4,native,6,7,7,1,0,1,7431461,1816409
large_arrays,8,after,4,native,7,7,7,1,0,1,6409482,1818246
large_arrays,8,after,4,native,8,7,7,1,0,1,6453131,1815720
large_arrays,8,after,4,native,9,7,7,1,0,1,6469598,1816143
large_arrays,8,after,4,native,10,7,7,1,0,1,6220737,1815803
large_arrays,8,after,4,native,11,7,7,1,0,1,6429594,1815482
large_arrays,8,after,4,native,12,7,7,1,0,1,6679898,1816023
large_arrays,8,after,4,native,13,7,7,1,0,1,6483282,1815463
large_arrays,8,after,4,native,14,7,7,1,0,1,6622213,1815298
large_arrays,8,after,4,fixed_winner,0,5,3,1,1,1,4917383,0
large_arrays,8,after,4,fixed_winner,1,5,3,1,1,1,5300385,0
large_arrays,8,after,4,fixed_winner,2,5,3,1,1,1,4760173,0
large_arrays,8,after,4,fixed_winner,3,5,3,1,1,1,4863402,0
large_arrays,8,after,4,fixed_winner,4,5,3,1,1,1,4749805,0
large_arrays,8,after,4,fixed_winner,5,5,3,1,1,1,5444225,0
large_arrays,8,after,4,fixed_winner,6,5,3,1,1,1,5289728,0
large_arrays,8,after,4,fixed_winner,7,5,3,1,1,1,6870529,0
large_arrays,8,after,4,fixed_winner,8,5,3,1,1,1,4912261,0
large_arrays,8,after,4,fixed_winner,9,5,3,1,1,1,6078969,0
large_arrays,8,after,4,fixed_winner,10,5,3,1,1,1,4911200,0
large_arrays,8,after,4,fixed_winner,11,5,3,1,1,1,6996273,0
large_arrays,8,after,4,fixed_winner,12,5,3,1,1,1,4823409,0
large_arrays,8,after,4,fixed_winner,13,5,3,1,1,1,5175849,0
large_arrays,8,after,4,fixed_winner,14,5,3,1,1,1,7459692,0
uneven_chunks,2,after,0,native,0,1,1,1,1,1,70421,86660
uneven_chunks,2,after,0,native,1,1,1,1,1,1,70503,86716
uneven_chunks,2,after,0,native,2,1,1,1,1,1,98661,86725
uneven_chunks,2,after,0,native,3,1,1,1,1,1,70871,87019
uneven_chunks,2,after,0,native,4,1,1,1,1,1,70632,86679
uneven_chunks,2,after,0,native,5,1,1,1,1,1,86997,102622
uneven_chunks,2,after,0,native,6,1,1,1,1,1,70926,86504
uneven_chunks,2,after,0,native,7,1,1,1,1,1,70898,86495
uneven_chunks,2,after,0,native,8,1,1,1,1,1,70862,86477
uneven_chunks,2,after,0,native,9,1,1,1,1,1,82984,86495
uneven_chunks,2,after,0,native,10,1,1,1,1,1,95282,87175
uneven_chunks,2,after,0,native,11,1,1,1,1,1,87365,86945
uneven_chunks,2,after,0,native,12,1,1,1,1,1,87834,86742
uneven_chunks,2,after,0,native,13,1,1,1,1,1,94960,92191
uneven_chunks,2,after,0,native,14,1,1,1,1,1,105475,86781
uneven_chunks,2,after,0,fixed_winner,0,1,1,1,1,1,97110,0
uneven_chunks,2,after,0,fixed_winner,1,1,1,1,1,1,94583,0
uneven_chunks,2,after,0,fixed_winner,2,1,1,1,1,1,70624,0
uneven_chunks,2,after,0,fixed_winner,3,1,1,1,1,1,69888,0
uneven_chunks,2,after,0,fixed_winner,4,1,1,1,1,1,69677,0
uneven_chunks,2,after,0,fixed_winner,5,1,1,1,1,1,69677,0
uneven_chunks,2,after,0,fixed_winner,6,1,1,1,1,1,69650,0
uneven_chunks,2,after,0,fixed_winner,7,1,1,1,1,1,69659,0
uneven_chunks,2,after,0,fixed_winner,8,1,1,1,1,1,69659,0
uneven_chunks,2,after,0,fixed_winner,9,1,1,1,1,1,69659,0
uneven_chunks,2,after,0,fixed_winner,10,1,1,1,1,1,69678,0
uneven_chunks,2,after,0,fixed_winner,11,1,1,1,1,1,69797,0
uneven_chunks,2,after,0,fixed_winner,12,1,1,1,1,1,69714,0
uneven_chunks,2,after,0,fixed_winner,13,1,1,1,1,1,69659,0
uneven_chunks,2,after,0,fixed_winner,14,1,1,1,1,1,69668,0
uneven_chunks,2,before,0,native,0,1,1,1,1,1,69044,69725
uneven_chunks,2,before,0,native,1,1,1,1,1,1,69190,69845
uneven_chunks,2,before,0,native,2,1,1,1,1,1,69090,69752
uneven_chunks,2,before,0,native,3,1,1,1,1,1,267015,69707
uneven_chunks,2,before,0,native,4,1,1,1,1,1,265374,71379
uneven_chunks,2,before,0,native,5,1,1,1,1,1,94272,133797
uneven_chunks,2,before,0,native,6,1,1,1,1,1,69254,109185
uneven_chunks,2,before,0,native,7,1,1,1,1,1,69108,109075
uneven_chunks,2,before,0,native,8,1,1,1,1,1,69053,109028
uneven_chunks,2,before,0,native,9,1,1,1,1,1,69099,109037
uneven_chunks,2,before,0,native,10,1,1,1,1,1,74636,109019
uneven_chunks,2,before,0,native,11,1,1,1,1,1,69145,109111
uneven_chunks,2,before,0,native,12,1,1,1,1,1,69218,109028
uneven_chunks,2,before,0,native,13,1,1,1,1,1,73534,103428
uneven_chunks,2,before,0,native,14,1,1,1,1,1,69099,99038
uneven_chunks,2,before,0,fixed_winner,0,1,1,1,1,1,67859,0
uneven_chunks,2,before,0,fixed_winner,1,1,1,1,1,1,67886,0
uneven_chunks,2,before,0,fixed_winner,2,1,1,1,1,1,68125,0
uneven_chunks,2,before,0,fixed_winner,3,1,1,1,1,1,68033,0
uneven_chunks,2,before,0,fixed_winner,4,1,1,1,1,1,67923,0
uneven_chunks,2,before,0,fixed_winner,5,1,1,1,1,1,67877,0
uneven_chunks,2,before,0,fixed_winner,6,1,1,1,1,1,67868,0
uneven_chunks,2,before,0,fixed_winner,7,1,1,1,1,1,67849,0
uneven_chunks,2,before,0,fixed_winner,8,1,1,1,1,1,67859,0
uneven_chunks,2,before,0,fixed_winner,9,1,1,1,1,1,90937,0
uneven_chunks,2,before,0,fixed_winner,10,1,1,1,1,1,75353,0
uneven_chunks,2,before,0,fixed_winner,11,1,1,1,1,1,72358,0
uneven_chunks,2,before,0,fixed_winner,12,1,1,1,1,1,69292,0
uneven_chunks,2,before,0,fixed_winner,13,1,1,1,1,1,100976,0
uneven_chunks,2,before,0,fixed_winner,14,1,1,1,1,1,69365,0
uneven_chunks,2,after,1,native,0,1,1,1,1,1,69438,81872
uneven_chunks,2,after,1,native,1,1,1,1,1,1,69549,81936
uneven_chunks,2,after,1,native,2,1,1,1,1,1,69503,81927
uneven_chunks,2,after,1,native,3,1,1,1,1,1,69447,81863
uneven_chunks,2,after,1,native,4,1,1,1,1,1,69604,81863
uneven_chunks,2,after,1,native,5,1,1,1,1,1,85510,98380
uneven_chunks,2,after,1,native,6,1,1,1,1,1,68768,81748
uneven_chunks,2,after,1,native,7,1,1,1,1,1,68722,81711
uneven_chunks,2,after,1,native,8,1,1,1,1,1,68640,81638
uneven_chunks,2,after,1,native,9,1,1,1,1,1,77383,81656
uneven_chunks,2,after,1,native,10,1,1,1,1,1,68796,81739
uneven_chunks,2,after,1,native,11,1,1,1,1,1,68704,81656
uneven_chunks,2,after,1,native,12,1,1,1,1,1,68795,81657
uneven_chunks,2,after,1,native,13,1,1,1,1,1,68649,81638
uneven_chunks,2,after,1,native,14,1,1,1,1,1,68695,81693
uneven_chunks,2,after,1,fixed_winner,0,1,1,1,1,1,90965,0
uneven_chunks,2,after,1,fixed_winner,1,1,1,1,1,1,84977,0
uneven_chunks,2,after,1,fixed_winner,2,1,1,1,1,1,84840,0
uneven_chunks,2,after,1,fixed_winner,3,1,1,1,1,1,85216,0
uneven_chunks,2,after,1,fixed_winner,4,1,1,1,1,1,84923,0
uneven_chunks,2,after,1,fixed_winner,5,1,1,1,1,1,84831,0
uneven_chunks,2,after,1,fixed_winner,6,1,1,1,1,1,84821,0
uneven_chunks,2,after,1,fixed_winner,7,1,1,1,1,1,84821,0
uneven_chunks,2,after,1,fixed_winner,8,1,1,1,1,1,78145,0
uneven_chunks,2,after,1,fixed_winner,9,1,1,1,1,1,68263,0
uneven_chunks,2,after,1,fixed_winner,10,1,1,1,1,1,68272,0
uneven_chunks,2,after,1,fixed_winner,11,1,1,1,1,1,68420,0
uneven_chunks,2,after,1,fixed_winner,12,1,1,1,1,1,68272,0
uneven_chunks,2,after,1,fixed_winner,13,1,1,1,1,1,68263,0
uneven_chunks,2,after,1,fixed_winner,14,1,1,1,1,1,68253,0
uneven_chunks,2,before,1,native,0,1,1,1,1,1,69071,86961
uneven_chunks,2,before,1,native,1,1,1,1,1,1,69154,87035
uneven_chunks,2,before,1,native,2,1,1,1,1,1,131787,90910
uneven_chunks,2,before,1,native,3,1,1,1,1,1,74370,87797
uneven_chunks,2,before,1,native,4,1,1,1,1,1,69411,87062
uneven_chunks,2,before,1,native,5,1,1,1,1,1,85722,103280
uneven_chunks,2,before,1,native,6,1,1,1,1,1,69108,86804
uneven_chunks,2,before,1,native,7,1,1,1,1,1,69080,86748
uneven_chunks,2,before,1,native,8,1,1,1,1,1,69375,86896
uneven_chunks,2,before,1,native,9,1,1,1,1,1,69053,86740
uneven_chunks,2,before,1,native,10,1,1,1,1,1,69035,86721
uneven_chunks,2,before,1,native,11,1,1,1,1,1,69090,86785
uneven_chunks,2,before,1,native,12,1,1,1,1,1,69209,86749
uneven_chunks,2,before,1,native,13,1,1,1,1,1,73011,90485
uneven_chunks,2,before,1,native,14,1,1,1,1,1,69062,86581
uneven_chunks,2,before,1,fixed_winner,0,1,1,1,1,1,68244,0
uneven_chunks,2,before,1,fixed_winner,1,1,1,1,1,1,68245,0
uneven_chunks,2,before,1,fixed_winner,2,1,1,1,1,1,68244,0
uneven_chunks,2,before,1,fixed_winner,3,1,1,1,1,1,68079,0
uneven_chunks,2,before,1,fixed_winner,4,1,1,1,1,1,73323,0
uneven_chunks,2,before,1,fixed_winner,5,1,1,1,1,1,67895,0
uneven_chunks,2,before,1,fixed_winner,6,1,1,1,1,1,67877,0
uneven_chunks,2,before,1,fixed_winner,7,1,1,1,1,1,67840,0
uneven_chunks,2,before,1,fixed_winner,8,1,1,1,1,1,67850,0
uneven_chunks,2,before,1,fixed_winner,9,1,1,1,1,1,67822,0
uneven_chunks,2,before,1,fixed_winner,10,1,1,1,1,1,67831,0
uneven_chunks,2,before,1,fixed_winner,11,1,1,1,1,1,67987,0
uneven_chunks,2,before,1,fixed_winner,12,1,1,1,1,1,67849,0
uneven_chunks,2,before,1,fixed_winner,13,1,1,1,1,1,67832,0
uneven_chunks,2,before,1,fixed_winner,14,1,1,1,1,1,73920,0
uneven_chunks,2,before,2,native,0,1,1,1,1,1,69457,69357
uneven_chunks,2,before,2,native,1,1,1,1,1,1,69512,69366
uneven_chunks,2,before,2,native,2,1,1,1,1,1,69448,69338
uneven_chunks,2,before,2,native,3,1,1,1,1,1,69438,69339
uneven_chunks,2,before,2,native,4,1,1,1,1,1,69623,69375
uneven_chunks,2,before,2,native,5,1,1,1,1,1,89193,88819
uneven_chunks,2,before,2,native,6,1,1,1,1,1,69604,69294
uneven_chunks,2,before,2,native,7,1,1,1,1,1,69494,69220
uneven_chunks,2,before,2,native,8,1,1,1,1,1,86043,69175
uneven_chunks,2,before,2,native,9,1,1,1,1,1,69310,69304
uneven_chunks,2,before,2,native,10,1,1,1,1,1,69025,69111
uneven_chunks,2,before,2,native,11,1,1,1,1,1,69089,69175
uneven_chunks,2,before,2,native,12,1,1,1,1,1,69145,69120
uneven_chunks,2,before,2,native,13,1,1,1,1,1,69034,69157
uneven_chunks,2,before,2,native,14,1,1,1,1,1,69043,69148
uneven_chunks,2,before,2,fixed_winner,0,1,1,1,1,1,68226,0
uneven_chunks,2,before,2,fixed_winner,1,1,1,1,1,1,68235,0
uneven_chunks,2,before,2,fixed_winner,2,1,1,1,1,1,68236,0
uneven_chunks,2,before,2,fixed_winner,3,1,1,1,1,1,68364,0
uneven_chunks,2,before,2,fixed_winner,4,1,1,1,1,1,68263,0
uneven_chunks,2,before,2,fixed_winner,5,1,1,1,1,1,68236,0
uneven_chunks,2,before,2,fixed_winner,6,1,1,1,1,1,68235,0
uneven_chunks,2,before,2,fixed_winner,7,1,1,1,1,1,68226,0
uneven_chunks,2,before,2,fixed_winner,8,1,1,1,1,1,68254,0
uneven_chunks,2,before,2,fixed_winner,9,1,1,1,1,1,68226,0
uneven_chunks,2,before,2,fixed_winner,10,1,1,1,1,1,68235,0
uneven_chunks,2,before,2,fixed_winner,11,1,1,1,1,1,68328,0
uneven_chunks,2,before,2,fixed_winner,12,1,1,1,1,1,68254,0
uneven_chunks,2,before,2,fixed_winner,13,1,1,1,1,1,68226,0
uneven_chunks,2,before,2,fixed_winner,14,1,1,1,1,1,68226,0
uneven_chunks,2,after,2,native,0,1,1,1,1,1,69383,70053
uneven_chunks,2,after,2,native,1,1,1,1,1,1,69475,70098
uneven_chunks,2,after,2,native,2,1,1,1,1,1,69457,70135
uneven_chunks,2,after,2,native,3,1,1,1,1,1,69384,70061
uneven_chunks,2,after,2,native,4,1,1,1,1,1,69576,70107
uneven_chunks,2,after,2,native,5,1,1,1,1,1,87099,87477
uneven_chunks,2,after,2,native,6,1,1,1,1,1,97403,70000
uneven_chunks,2,after,2,native,7,1,1,1,1,1,69310,70110
uneven_chunks,2,after,2,native,8,1,1,1,1,1,69043,69917
uneven_chunks,2,after,2,native,9,1,1,1,1,1,77465,69908
uneven_chunks,2,after,2,native,10,1,1,1,1,1,69135,69981
uneven_chunks,2,after,2,native,11,1,1,1,1,1,69099,69945
uneven_chunks,2,after,2,native,12,1,1,1,1,1,78200,69890
uneven_chunks,2,after,2,native,13,1,1,1,1,1,69181,69991
uneven_chunks,2,after,2,native,14,1,1,1,1,1,69025,69880
uneven_chunks,2,after,2,fixed_winner,0,1,1,1,1,1,68235,0
uneven_chunks,2,after,2,fixed_winner,1,1,1,1,1,1,68254,0
uneven_chunks,2,after,2,fixed_winner,2,1,1,1,1,1,68254,0
uneven_chunks,2,after,2,fixed_winner,3,1,1,1,1,1,68364,0
uneven_chunks,2,after,2,fixed_winner,4,1,1,1,1,1,68245,0
uneven_chunks,2,after,2,fixed_winner,5,1,1,1,1,1,68226,0
uneven_chunks,2,after,2,fixed_winner,6,1,1,1,1,1,87292,0
uneven_chunks,2,after,2,fixed_winner,7,1,1,1,1,1,71422,0
uneven_chunks,2,after,2,fixed_winner,8,1,1,1,1,1,68263,0
uneven_chunks,2,after,2,fixed_winner,9,1,1,1,1,1,68236,0
uneven_chunks,2,after,2,fixed_winner,10,1,1,1,1,1,124826,0
uneven_chunks,2,after,2,fixed_winner,11,1,1,1,1,1,69117,0
uneven_chunks,2,after,2,fixed_winner,12,1,1,1,1,1,68263,0
uneven_chunks,2,after,2,fixed_winner,13,1,1,1,1,1,68603,0
uneven_chunks,2,after,2,fixed_winner,14,1,1,1,1,1,77227,0
uneven_chunks,2,before,3,native,0,1,1,1,1,1,114173,69675
uneven_chunks,2,before,3,native,1,1,1,1,1,1,93840,70070
uneven_chunks,2,before,3,native,2,1,1,1,1,1,69035,69887
uneven_chunks,2,before,3,native,3,1,1,1,1,1,68658,69666
uneven_chunks,2,before,3,native,4,1,1,1,1,1,68860,69694
uneven_chunks,2,before,3,native,5,1,1,1,1,1,89468,85838
uneven_chunks,2,before,3,native,6,1,1,1,1,1,68832,69711
uneven_chunks,2,before,3,native,7,1,1,1,1,1,68639,69555
uneven_chunks,2,before,3,native,8,1,1,1,1,1,76583,69556
uneven_chunks,2,before,3,native,9,1,1,1,1,1,68713,69610
uneven_chunks,2,before,3,native,10,1,1,1,1,1,68677,69583
uneven_chunks,2,before,3,native,11,1,1,1,1,1,68668,69601
uneven_chunks,2,before,3,native,12,1,1,1,1,1,68787,69564
uneven_chunks,2,before,3,native,13,1,1,1,1,1,72680,73407
uneven_chunks,2,before,3,native,14,1,1,1,1,1,68658,69403
uneven_chunks,2,before,3,fixed_winner,0,1,1,1,1,1,67841,0
uneven_chunks,2,before,3,fixed_winner,1,1,1,1,1,1,67841,0
uneven_chunks,2,before,3,fixed_winner,2,1,1,1,1,1,67840,0
uneven_chunks,2,before,3,fixed_winner,3,1,1,1,1,1,67988,0
uneven_chunks,2,before,3,fixed_winner,4,1,1,1,1,1,67859,0
uneven_chunks,2,before,3,fixed_winner,5,1,1,1,1,1,67841,0
uneven_chunks,2,before,3,fixed_winner,6,1,1,1,1,1,67840,0
uneven_chunks,2,before,3,fixed_winner,7,1,1,1,1,1,67832,0
uneven_chunks,2,before,3,fixed_winner,8,1,1,1,1,1,67850,0
uneven_chunks,2,before,3,fixed_winner,9,1,1,1,1,1,67831,0
uneven_chunks,2,before,3,fixed_winner,10,1,1,1,1,1,67831,0
uneven_chunks,2,before,3,fixed_winner,11,1,1,1,1,1,67951,0
uneven_chunks,2,before,3,fixed_winner,12,1,1,1,1,1,67831,0
uneven_chunks,2,before,3,fixed_winner,13,1,1,1,1,1,67840,0
uneven_chunks,2,before,3,fixed_winner,14,1,1,1,1,1,67841,0
uneven_chunks,2,after,3,native,0,1,1,1,1,1,69448,69752
uneven_chunks,2,after,3,native,1,1,1,1,1,1,69530,69789
uneven_chunks,2,after,3,native,2,1,1,1,1,1,69273,69816
uneven_chunks,2,after,3,native,3,1,1,1,1,1,77869,69733
uneven_chunks,2,after,3,native,4,1,1,1,1,1,69393,69844
uneven_chunks,2,after,3,native,5,1,1,1,1,1,85924,86340
uneven_chunks,2,after,3,native,6,1,1,1,1,1,69135,69654
uneven_chunks,2,after,3,native,7,1,1,1,1,1,69062,69608
uneven_chunks,2,after,3,native,8,1,1,1,1,1,69043,69617
uneven_chunks,2,after,3,native,9,1,1,1,1,1,77998,69626
uneven_chunks,2,after,3,native,10,1,1,1,1,1,69264,69764
uneven_chunks,2,after,3,native,11,1,1,1,1,1,69089,69626
uneven_chunks,2,after,3,native,12,1,1,1,1,1,69190,69617
uneven_chunks,2,after,3,native,13,1,1,1,1,1,69025,69590
uneven_chunks,2,after,3,native,14,1,1,1,1,1,69016,69571
uneven_chunks,2,after,3,fixed_winner,0,1,1,1,1,1,68245,0
uneven_chunks,2,after,3,fixed_winner,1,1,1,1,1,1,68226,0
uneven_chunks,2,after,3,fixed_winner,2,1,1,1,1,1,68244,0
uneven_chunks,2,after,3,fixed_winner,3,1,1,1,1,1,68400,0
uneven_chunks,2,after,3,fixed_winner,4,1,1,1,1,1,68226,0
uneven_chunks,2,after,3,fixed_winner,5,1,1,1,1,1,68236,0
uneven_chunks,2,after,3,fixed_winner,6,1,1,1,1,1,68244,0
uneven_chunks,2,after,3,fixed_winner,7,1,1,1,1,1,86089,0
uneven_chunks,2,after,3,fixed_winner,8,1,1,1,1,1,68438,0
uneven_chunks,2,after,3,fixed_winner,9,1,1,1,1,1,68272,0
uneven_chunks,2,after,3,fixed_winner,10,1,1,1,1,1,68226,0
uneven_chunks,2,after,3,fixed_winner,11,1,1,1,1,1,98128,0
uneven_chunks,2,after,3,fixed_winner,12,1,1,1,1,1,68575,0
uneven_chunks,2,after,3,fixed_winner,13,1,1,1,1,1,68254,0
uneven_chunks,2,after,3,fixed_winner,14,1,1,1,1,1,68235,0
uneven_chunks,2,before,4,native,0,1,1,1,1,1,68961,82324
uneven_chunks,2,before,4,native,1,1,1,1,1,1,69071,82370
uneven_chunks,2,before,4,native,2,1,1,1,1,1,69044,82361
uneven_chunks,2,before,4,native,3,1,1,1,1,1,68915,82379
uneven_chunks,2,before,4,native,4,1,1,1,1,1,69264,82637
uneven_chunks,2,before,4,native,5,1,1,1,1,1,82911,96256
uneven_chunks,2,before,4,native,6,1,1,1,1,1,93417,82151
uneven_chunks,2,before,4,native,7,1,1,1,1,1,109994,82242
uneven_chunks,2,before,4,native,8,1,1,1,1,1,77769,82463
uneven_chunks,2,before,4,native,9,1,1,1,1,1,68777,82169
uneven_chunks,2,before,4,native,10,1,1,1,1,1,68603,82049
uneven_chunks,2,before,4,native,11,1,1,1,1,1,68658,82123
uneven_chunks,2,before,4,native,12,1,1,1,1,1,68804,82086
uneven_chunks,2,before,4,native,13,1,1,1,1,1,73452,86655
uneven_chunks,2,before,4,native,14,1,1,1,1,1,68704,81871
uneven_chunks,2,before,4,fixed_winner,0,1,1,1,1,1,68658,0
uneven_chunks,2,before,4,fixed_winner,1,1,1,1,1,1,68668,0
uneven_chunks,2,before,4,fixed_winner,2,1,1,1,1,1,68667,0
uneven_chunks,2,before,4,fixed_winner,3,1,1,1,1,1,68786,0
uneven_chunks,2,before,4,fixed_winner,4,1,1,1,1,1,68685,0
uneven_chunks,2,before,4,fixed_winner,5,1,1,1,1,1,68657,0
uneven_chunks,2,before,4,fixed_winner,6,1,1,1,1,1,68658,0
uneven_chunks,2,before,4,fixed_winner,7,1,1,1,1,1,68640,0
uneven_chunks,2,before,4,fixed_winner,8,1,1,1,1,1,68649,0
uneven_chunks,2,before,4,fixed_winner,9,1,1,1,1,1,67932,0
uneven_chunks,2,before,4,fixed_winner,10,1,1,1,1,1,67869,0
uneven_chunks,2,before,4,fixed_winner,11,1,1,1,1,1,67969,0
uneven_chunks,2,before,4,fixed_winner,12,1,1,1,1,1,67850,0
uneven_chunks,2,before,4,fixed_winner,13,1,1,1,1,1,67841,0
uneven_chunks,2,before,4,fixed_winner,14,1,1,1,1,1,67850,0
uneven_chunks,2,after,4,native,0,1,1,1,1,1,68988,69704
uneven_chunks,2,after,4,native,1,1,1,1,1,1,69117,69814
uneven_chunks,2,after,4,native,2,1,1,1,1,1,69052,69740
uneven_chunks,2,after,4,native,3,1,1,1,1,1,69016,69722
uneven_chunks,2,after,4,native,4,1,1,1,1,1,69209,69777
uneven_chunks,2,after,4,native,5,1,1,1,1,1,87025,87467
uneven_chunks,2,after,4,native,6,1,1,1,1,1,69052,69660
uneven_chunks,2,after,4,native,7,1,1,1,1,1,79862,69576
uneven_chunks,2,after,4,native,8,1,1,1,1,1,76932,69706
uneven_chunks,2,after,4,native,9,1,1,1,1,1,92729,69595
uneven_chunks,2,after,4,native,10,1,1,1,1,1,68833,69714
uneven_chunks,2,after,4,native,11,1,1,1,1,1,68667,69567
uneven_chunks,2,after,4,native,12,1,1,1,1,1,68749,69550
uneven_chunks,2,after,4,native,13,1,1,1,1,1,68621,69531
uneven_chunks,2,after,4,native,14,1,1,1,1,1,68704,69622
uneven_chunks,2,after,4,fixed_winner,0,1,1,1,1,1,67822,0
uneven_chunks,2,after,4,fixed_winner,1,1,1,1,1,1,67859,0
uneven_chunks,2,after,4,fixed_winner,2,1,1,1,1,1,67831,0
uneven_chunks,2,after,4,fixed_winner,3,1,1,1,1,1,67997,0
uneven_chunks,2,after,4,fixed_winner,4,1,1,1,1,1,67841,0
uneven_chunks,2,after,4,fixed_winner,5,1,1,1,1,1,67850,0
uneven_chunks,2,after,4,fixed_winner,6,1,1,1,1,1,67832,0
uneven_chunks,2,after,4,fixed_winner,7,1,1,1,1,1,67831,0
uneven_chunks,2,after,4,fixed_winner,8,1,1,1,1,1,67831,0
uneven_chunks,2,after,4,fixed_winner,9,1,1,1,1,1,67850,0
uneven_chunks,2,after,4,fixed_winner,10,1,1,1,1,1,67841,0
uneven_chunks,2,after,4,fixed_winner,11,1,1,1,1,1,67951,0
uneven_chunks,2,after,4,fixed_winner,12,1,1,1,1,1,67822,0
uneven_chunks,2,after,4,fixed_winner,13,1,1,1,1,1,68034,0
uneven_chunks,2,after,4,fixed_winner,14,1,1,1,1,1,68640,0
uneven_chunks,4,after,0,native,0,1,1,1,1,1,69062,74104
uneven_chunks,4,after,0,native,1,1,1,1,1,1,69117,74104
uneven_chunks,4,after,0,native,2,1,1,1,1,1,72717,74141
uneven_chunks,4,after,0,native,3,1,1,1,1,1,103501,74122
uneven_chunks,4,after,0,native,4,1,1,1,1,1,69218,74416
uneven_chunks,4,after,0,native,5,1,1,1,1,1,88174,93252
uneven_chunks,4,after,0,native,6,1,1,1,1,1,68795,74003
uneven_chunks,4,after,0,native,7,1,1,1,1,1,68658,73883
uneven_chunks,4,after,0,native,8,1,1,1,1,1,77860,73883
uneven_chunks,4,after,0,native,9,1,1,1,1,1,68795,73966
uneven_chunks,4,after,0,native,10,1,1,1,1,1,68667,73902
uneven_chunks,4,after,0,native,11,1,1,1,1,1,68686,73911
uneven_chunks,4,after,0,native,12,1,1,1,1,1,68768,73865
uneven_chunks,4,after,0,native,13,1,1,1,1,1,68658,73874
uneven_chunks,4,after,0,native,14,1,1,1,1,1,68649,73884
uneven_chunks,4,after,0,fixed_winner,0,1,1,1,0,1,67840,0
uneven_chunks,4,after,0,fixed_winner,1,1,1,1,0,1,67859,0
uneven_chunks,4,after,0,fixed_winner,2,1,1,1,0,1,67849,0
uneven_chunks,4,after,0,fixed_winner,3,1,1,1,0,1,67997,0
uneven_chunks,4,after,0,fixed_winner,4,1,1,1,0,1,67868,0
uneven_chunks,4,after,0,fixed_winner,5,1,1,1,0,1,67868,0
uneven_chunks,4,after,0,fixed_winner,6,1,1,1,0,1,67840,0
uneven_chunks,4,after,0,fixed_winner,7,1,1,1,0,1,67859,0
uneven_chunks,4,after,0,fixed_winner,8,1,1,1,0,1,67850,0
uneven_chunks,4,after,0,fixed_winner,9,1,1,1,0,1,67859,0
uneven_chunks,4,after,0,fixed_winner,10,1,1,1,0,1,67840,0
uneven_chunks,4,after,0,fixed_winner,11,1,1,1,0,1,77309,0
uneven_chunks,4,after,0,fixed_winner,12,1,1,1,0,1,68052,0
uneven_chunks,4,after,0,fixed_winner,13,1,1,1,0,1,67877,0
uneven_chunks,4,after,0,fixed_winner,14,1,1,1,0,1,67840,0
uneven_chunks,4,before,0,native,0,1,1,1,1,1,69099,70178
uneven_chunks,4,before,0,native,1,1,1,1,1,1,72625,70224
uneven_chunks,4,before,0,native,2,1,1,1,1,1,69191,70233
uneven_chunks,4,before,0,native,3,1,1,1,1,1,69135,70215
uneven_chunks,4,before,0,native,4,1,1,1,1,1,69273,70196
uneven_chunks,4,before,0,native,5,1,1,1,1,1,87430,88223
uneven_chunks,4,before,0,native,6,1,1,1,1,1,69228,70113
uneven_chunks,4,before,0,native,7,1,1,1,1,1,69080,69993
uneven_chunks,4,before,0,native,8,1,1,1,1,1,69062,69956
uneven_chunks,4,before,0,native,9,1,1,1,1,1,75775,69947
uneven_chunks,4,before,0,native,10,1,1,1,1,1,68823,70067
uneven_chunks,4,before,0,native,11,1,1,1,1,1,68686,69993
uneven_chunks,4,before,0,native,12,1,1,1,1,1,68805,69975
uneven_chunks,4,before,0,native,13,1,1,1,1,1,71707,70011
uneven_chunks,4,before,0,native,14,1,1,1,1,1,68749,70048
uneven_chunks,4,before,0,fixed_winner,0,1,1,1,0,1,67868,0
uneven_chunks,4,before,0,fixed_winner,1,1,1,1,0,1,67850,0
uneven_chunks,4,before,0,fixed_winner,2,1,1,1,0,1,67859,0
uneven_chunks,4,before,0,fixed_winner,3,1,1,1,0,1,92737,0
uneven_chunks,4,before,0,fixed_winner,4,1,1,1,0,1,68327,0
uneven_chunks,4,before,0,fixed_winner,5,1,1,1,0,1,67895,0
uneven_chunks,4,before,0,fixed_winner,6,1,1,1,0,1,67886,0
uneven_chunks,4,before,0,fixed_winner,7,1,1,1,0,1,94015,0
uneven_chunks,4,before,0,fixed_winner,8,1,1,1,0,1,68300,0
uneven_chunks,4,before,0,fixed_winner,9,1,1,1,0,1,67886,0
uneven_chunks,4,before,0,fixed_winner,10,1,1,1,0,1,67850,0
uneven_chunks,4,before,0,fixed_winner,11,1,1,1,0,1,68061,0
uneven_chunks,4,before,0,fixed_winner,12,1,1,1,0,1,75527,0
uneven_chunks,4,before,0,fixed_winner,13,1,1,1,0,1,67932,0
uneven_chunks,4,before,0,fixed_winner,14,1,1,1,0,1,67878,0
uneven_chunks,4,before,1,native,0,1,1,1,1,1,69053,70126
uneven_chunks,4,before,1,native,1,1,1,1,1,1,69071,70098
uneven_chunks,4,before,1,native,2,1,1,1,1,1,75748,70116
uneven_chunks,4,before,1,native,3,1,1,1,1,1,69595,70558
uneven_chunks,4,before,1,native,4,1,1,1,1,1,68888,70126
uneven_chunks,4,before,1,native,5,1,1,1,1,1,86373,87470
uneven_chunks,4,before,1,native,6,1,1,1,1,1,68749,70002
uneven_chunks,4,before,1,native,7,1,1,1,1,1,78181,69928
uneven_chunks,4,before,1,native,8,1,1,1,1,1,68961,70103
uneven_chunks,4,before,1,native,9,1,1,1,1,1,68676,69928
uneven_chunks,4,before,1,native,10,1,1,1,1,1,68630,69919
uneven_chunks,4,before,1,native,11,1,1,1,1,1,68685,69946
uneven_chunks,4,before,1,native,12,1,1,1,1,1,68786,69919
uneven_chunks,4,before,1,native,13,1,1,1,1,1,72882,73994
uneven_chunks,4,before,1,native,14,1,1,1,1,1,68713,69824
uneven_chunks,4,before,1,fixed_winner,0,1,1,1,0,1,67859,0
uneven_chunks,4,before,1,fixed_winner,1,1,1,1,0,1,67859,0
uneven_chunks,4,before,1,fixed_winner,2,1,1,1,0,1,74048,0
uneven_chunks,4,before,1,fixed_winner,3,1,1,1,0,1,68162,0
uneven_chunks,4,before,1,fixed_winner,4,1,1,1,0,1,67878,0
uneven_chunks,4,before,1,fixed_winner,5,1,1,1,0,1,72588,0
uneven_chunks,4,before,1,fixed_winner,6,1,1,1,0,1,67997,0
uneven_chunks,4,before,1,fixed_winner,7,1,1,1,0,1,67887,0
uneven_chunks,4,before,1,fixed_winner,8,1,1,1,0,1,67840,0
uneven_chunks,4,before,1,fixed_winner,9,1,1,1,0,1,67859,0
uneven_chunks,4,before,1,fixed_winner,10,1,1,1,0,1,67859,0
uneven_chunks,4,before,1,fixed_winner,11,1,1,1,0,1,68015,0
uneven_chunks,4,before,1,fixed_winner,12,1,1,1,0,1,67841,0
uneven_chunks,4,before,1,fixed_winner,13,1,1,1,0,1,67859,0
uneven_chunks,4,before,1,fixed_winner,14,1,1,1,0,1,73673,0
uneven_chunks,4,after,1,native,0,1,1,1,1,1,69053,69427
uneven_chunks,4,after,1,native,1,1,1,1,1,1,69117,69483
uneven_chunks,4,after,1,native,2,1,1,1,1,1,72698,69437
uneven_chunks,4,after,1,native,3,1,1,1,1,1,69144,69492
uneven_chunks,4,after,1,native,4,1,1,1,1,1,69200,69437
uneven_chunks,4,after,1,native,5,1,1,1,1,1,86382,86821
uneven_chunks,4,after,1,native,6,1,1,1,1,1,68824,69390
uneven_chunks,4,after,1,native,7,1,1,1,1,1,68658,69252
uneven_chunks,4,after,1,native,8,1,1,1,1,1,68713,69271
uneven_chunks,4,after,1,native,9,1,1,1,1,1,77961,69244
uneven_chunks,4,after,1,native,10,1,1,1,1,1,93950,69317
uneven_chunks,4,after,1,native,11,1,1,1,1,1,69062,69546
uneven_chunks,4,after,1,native,12,1,1,1,1,1,68832,69271
uneven_chunks,4,after,1,native,13,1,1,1,1,1,77428,69271
uneven_chunks,4,after,1,native,14,1,1,1,1,1,76647,70281
uneven_chunks,4,after,1,fixed_winner,0,1,1,1,0,1,67858,0
uneven_chunks,4,after,1,fixed_winner,1,1,1,1,0,1,73158,0
uneven_chunks,4,after,1,fixed_winner,2,1,1,1,0,1,67941,0
uneven_chunks,4,after,1,fixed_winner,3,1,1,1,0,1,68070,0
uneven_chunks,4,after,1,fixed_winner,4,1,1,1,0,1,67878,0
uneven_chunks,4,after,1,fixed_winner,5,1,1,1,0,1,67868,0
uneven_chunks,4,after,1,fixed_winner,6,1,1,1,0,1,67840,0
uneven_chunks,4,after,1,fixed_winner,7,1,1,1,0,1,67859,0
uneven_chunks,4,after,1,fixed_winner,8,1,1,1,0,1,67840,0
uneven_chunks,4,after,1,fixed_winner,9,1,1,1,0,1,67858,0
uneven_chunks,4,after,1,fixed_winner,10,1,1,1,0,1,67859,0
uneven_chunks,4,after,1,fixed_winner,11,1,1,1,0,1,68006,0
uneven_chunks,4,after,1,fixed_winner,12,1,1,1,0,1,67868,0
uneven_chunks,4,after,1,fixed_winner,13,1,1,1,0,1,67859,0
uneven_chunks,4,after,1,fixed_winner,14,1,1,1,0,1,70476,0
uneven_chunks,4,after,2,native,0,1,1,1,1,1,69053,86364
uneven_chunks,4,after,2,native,1,1,1,1,1,1,69099,86364
uneven_chunks,4,after,2,native,2,1,1,1,1,1,69026,86309
uneven_chunks,4,after,2,native,3,1,1,1,1,1,69052,86355
uneven_chunks,4,after,2,native,4,1,1,1,1,1,69182,86336
uneven_chunks,4,after,2,native,5,1,1,1,1,1,84839,101745
uneven_chunks,4,after,2,native,6,1,1,1,1,1,74765,86646
uneven_chunks,4,after,2,native,7,1,1,1,1,1,69172,86187
uneven_chunks,4,after,2,native,8,1,1,1,1,1,69016,86050
uneven_chunks,4,after,2,native,9,1,1,1,1,1,78200,86087
uneven_chunks,4,after,2,native,10,1,1,1,1,1,69209,86187
uneven_chunks,4,after,2,native,11,1,1,1,1,1,68695,86077
uneven_chunks,4,after,2,native,12,1,1,1,1,1,68777,86059
uneven_chunks,4,after,2,native,13,1,1,1,1,1,73305,90451
uneven_chunks,4,after,2,native,14,1,1,1,1,1,68740,85942
uneven_chunks,4,after,2,fixed_winner,0,1,1,1,0,1,67868,0
uneven_chunks,4,after,2,fixed_winner,1,1,1,1,0,1,67841,0
uneven_chunks,4,after,2,fixed_winner,2,1,1,1,0,1,67831,0
uneven_chunks,4,after,2,fixed_winner,3,1,1,1,0,1,78200,0
uneven_chunks,4,after,2,fixed_winner,4,1,1,1,0,1,68152,0
uneven_chunks,4,after,2,fixed_winner,5,1,1,1,0,1,67859,0
uneven_chunks,4,after,2,fixed_winner,6,1,1,1,0,1,67822,0
uneven_chunks,4,after,2,fixed_winner,7,1,1,1,0,1,100774,0
uneven_chunks,4,after,2,fixed_winner,8,1,1,1,0,1,68364,0
uneven_chunks,4,after,2,fixed_winner,9,1,1,1,0,1,67877,0
uneven_chunks,4,after,2,fixed_winner,10,1,1,1,0,1,67822,0
uneven_chunks,4,after,2,fixed_winner,11,1,1,1,0,1,68024,0
uneven_chunks,4,after,2,fixed_winner,12,1,1,1,0,1,67841,0
uneven_chunks,4,after,2,fixed_winner,13,1,1,1,0,1,67841,0
uneven_chunks,4,after,2,fixed_winner,14,1,1,1,0,1,67822,0
uneven_chunks,4,before,2,native,0,1,1,1,1,1,69209,72254
uneven_chunks,4,before,2,native,1,1,1,1,1,1,69107,72144
uneven_chunks,4,before,2,native,2,1,1,1,1,1,218123,72153
uneven_chunks,4,before,2,native,3,1,1,1,1,1,69668,72622
uneven_chunks,4,before,2,native,4,1,1,1,1,1,69291,72135
uneven_chunks,4,before,2,native,5,1,1,1,1,1,87090,89792
uneven_chunks,4,before,2,native,6,1,1,1,1,1,69108,71948
uneven_chunks,4,before,2,native,7,1,1,1,1,1,78962,71884
uneven_chunks,4,before,2,native,8,1,1,1,1,1,69264,72040
uneven_chunks,4,before,2,native,9,1,1,1,1,1,68842,71911
uneven_chunks,4,before,2,native,10,1,1,1,1,1,68622,71866
uneven_chunks,4,before,2,native,11,1,1,1,1,1,68685,71921
uneven_chunks,4,before,2,native,12,1,1,1,1,1,68758,71884
uneven_chunks,4,before,2,native,13,1,1,1,1,1,72928,75953
uneven_chunks,4,before,2,native,14,1,1,1,1,1,68704,71738
uneven_chunks,4,before,2,fixed_winner,0,1,1,1,0,1,67868,0
uneven_chunks,4,before,2,fixed_winner,1,1,1,1,0,1,67868,0
uneven_chunks,4,before,2,fixed_winner,2,1,1,1,0,1,67877,0
uneven_chunks,4,before,2,fixed_winner,3,1,1,1,0,1,68024,0
uneven_chunks,4,before,2,fixed_winner,4,1,1,1,0,1,67877,0
uneven_chunks,4,before,2,fixed_winner,5,1,1,1,0,1,67841,0
uneven_chunks,4,before,2,fixed_winner,6,1,1,1,0,1,67877,0
uneven_chunks,4,before,2,fixed_winner,7,1,1,1,0,1,67868,0
uneven_chunks,4,before,2,fixed_winner,8,1,1,1,0,1,67877,0
uneven_chunks,4,before,2,fixed_winner,9,1,1,1,0,1,67858,0
uneven_chunks,4,before,2,fixed_winner,10,1,1,1,0,1,67878,0
uneven_chunks,4,before,2,fixed_winner,11,1,1,1,0,1,67969,0
uneven_chunks,4,before,2,fixed_winner,12,1,1,1,0,1,67878,0
uneven_chunks,4,before,2,fixed_winner,13,1,1,1,0,1,67850,0
uneven_chunks,4,before,2,fixed_winner,14,1,1,1,0,1,74691,0
uneven_chunks,4,after,3,native,0,1,1,1,1,1,69025,69290
uneven_chunks,4,after,3,native,1,1,1,1,1,1,69127,69327
uneven_chunks,4,after,3,native,2,1,1,1,1,1,69145,69345
uneven_chunks,4,after,3,native,3,1,1,1,1,1,69034,69272
uneven_chunks,4,after,3,native,4,1,1,1,1,1,69191,69299
uneven_chunks,4,after,3,native,5,1,1,1,1,1,87062,86994
uneven_chunks,4,after,3,native,6,1,1,1,1,1,69144,69160
uneven_chunks,4,after,3,native,7,1,1,1,1,1,69080,69087
uneven_chunks,4,after,3,native,8,1,1,1,1,1,69062,69077
uneven_chunks,4,after,3,native,9,1,1,1,1,1,77484,69086
uneven_chunks,4,after,3,native,10,1,1,1,1,1,68850,69215
uneven_chunks,4,after,3,native,11,1,1,1,1,1,68704,69123
uneven_chunks,4,after,3,native,12,1,1,1,1,1,68759,69059
uneven_chunks,4,after,3,native,13,1,1,1,1,1,89845,69068
uneven_chunks,4,after,3,native,14,1,1,1,1,1,68988,69352
uneven_chunks,4,after,3,fixed_winner,0,1,1,1,0,1,68612,0
uneven_chunks,4,after,3,fixed_winner,1,1,1,1,0,1,67933,0
uneven_chunks,4,after,3,fixed_winner,2,1,1,1,0,1,67886,0
uneven_chunks,4,after,3,fixed_winner,3,1,1,1,0,1,68097,0
uneven_chunks,4,after,3,fixed_winner,4,1,1,1,0,1,67942,0
uneven_chunks,4,after,3,fixed_winner,5,1,1,1,0,1,67859,0
uneven_chunks,4,after,3,fixed_winner,6,1,1,1,0,1,67868,0
uneven_chunks,4,after,3,fixed_winner,7,1,1,1,0,1,67850,0
uneven_chunks,4,after,3,fixed_winner,8,1,1,1,0,1,67869,0
uneven_chunks,4,after,3,fixed_winner,9,1,1,1,0,1,67859,0
uneven_chunks,4,after,3,fixed_winner,10,1,1,1,0,1,67859,0
uneven_chunks,4,after,3,fixed_winner,11,1,1,1,0,1,67987,0
uneven_chunks,4,after,3,fixed_winner,12,1,1,1,0,1,67877,0
uneven_chunks,4,after,3,fixed_winner,13,1,1,1,0,1,67859,0
uneven_chunks,4,after,3,fixed_winner,14,1,1,1,0,1,67868,0
uneven_chunks,4,before,3,native,0,1,1,1,1,1,69851,70569
uneven_chunks,4,before,3,native,1,1,1,1,1,1,69925,70578
uneven_chunks,4,before,3,native,2,1,1,1,1,1,69889,70578
uneven_chunks,4,before,3,native,3,1,1,1,1,1,69897,70587
uneven_chunks,4,before,3,native,4,1,1,1,1,1,70017,70568
uneven_chunks,4,before,3,native,5,1,1,1,1,1,87843,88500
uneven_chunks,4,before,3,native,6,1,1,1,1,1,69586,70481
uneven_chunks,4,before,3,native,7,1,1,1,1,1,69484,70390
uneven_chunks,4,before,3,native,8,1,1,1,1,1,69457,70381
uneven_chunks,4,before,3,native,9,1,1,1,1,1,79402,70372
uneven_chunks,4,before,3,native,10,1,1,1,1,1,69576,70445
uneven_chunks,4,before,3,native,11,1,1,1,1,1,69438,70362
uneven_chunks,4,before,3,native,12,1,1,1,1,1,69576,70353
uneven_chunks,4,before,3,native,13,1,1,1,1,1,69457,70380
uneven_chunks,4,before,3,native,14,1,1,1,1,1,69457,70362
uneven_chunks,4,before,3,fixed_winner,0,1,1,1,0,1,68649,0
uneven_chunks,4,before,3,fixed_winner,1,1,1,1,0,1,68648,0
uneven_chunks,4,before,3,fixed_winner,2,1,1,1,0,1,68649,0
uneven_chunks,4,before,3,fixed_winner,3,1,1,1,0,1,68777,0
uneven_chunks,4,before,3,fixed_winner,4,1,1,1,0,1,68649,0
uneven_chunks,4,before,3,fixed_winner,5,1,1,1,0,1,68630,0
uneven_chunks,4,before,3,fixed_winner,6,1,1,1,0,1,68639,0
uneven_chunks,4,before,3,fixed_winner,7,1,1,1,0,1,68640,0
uneven_chunks,4,before,3,fixed_winner,8,1,1,1,0,1,79577,0
uneven_chunks,4,before,3,fixed_winner,9,1,1,1,0,1,68860,0
uneven_chunks,4,before,3,fixed_winner,10,1,1,1,0,1,68639,0
uneven_chunks,4,before,3,fixed_winner,11,1,1,1,0,1,68777,0
uneven_chunks,4,before,3,fixed_winner,12,1,1,1,0,1,127701,0
uneven_chunks,4,before,3,fixed_winner,13,1,1,1,0,1,69255,0
uneven_chunks,4,before,3,fixed_winner,14,1,1,1,0,1,68677,0
uneven_chunks,4,before,4,native,0,1,1,1,1,1,69485,77135
uneven_chunks,4,before,4,native,1,1,1,1,1,1,113190,77144
uneven_chunks,4,before,4,native,2,1,1,1,1,1,69999,77530
uneven_chunks,4,before,4,native,3,1,1,1,1,1,69512,77135
uneven_chunks,4,before,4,native,4,1,1,1,1,1,69668,77153
uneven_chunks,4,before,4,native,5,1,1,1,1,1,89174,96531
uneven_chunks,4,before,4,native,6,1,1,1,1,1,69603,77098
uneven_chunks,4,before,4,native,7,1,1,1,1,1,69540,77051
uneven_chunks,4,before,4,native,8,1,1,1,1,1,69558,77088
uneven_chunks,4,before,4,native,9,1,1,1,1,1,69512,77024
uneven_chunks,4,before,4,native,10,1,1,1,1,1,69484,77006
uneven_chunks,4,before,4,native,11,1,1,1,1,1,69530,77033
uneven_chunks,4,before,4,native,12,1,1,1,1,1,79908,76978
uneven_chunks,4,before,4,native,13,1,1,1,1,1,74389,81551
uneven_chunks,4,before,4,native,14,1,1,1,1,1,69585,76885
uneven_chunks,4,before,4,fixed_winner,0,1,1,1,0,1,68685,0
uneven_chunks,4,before,4,fixed_winner,1,1,1,1,0,1,68649,0
uneven_chunks,4,before,4,fixed_winner,2,1,1,1,0,1,68677,0
uneven_chunks,4,before,4,fixed_winner,3,1,1,1,0,1,68832,0
uneven_chunks,4,before,4,fixed_winner,4,1,1,1,0,1,68685,0
uneven_chunks,4,before,4,fixed_winner,5,1,1,1,0,1,68657,0
uneven_chunks,4,before,4,fixed_winner,6,1,1,1,0,1,68667,0
uneven_chunks,4,before,4,fixed_winner,7,1,1,1,0,1,74563,0
uneven_chunks,4,before,4,fixed_winner,8,1,1,1,0,1,68713,0
uneven_chunks,4,before,4,fixed_winner,9,1,1,1,0,1,68685,0
uneven_chunks,4,before,4,fixed_winner,10,1,1,1,0,1,68658,0
uneven_chunks,4,before,4,fixed_winner,11,1,1,1,0,1,68832,0
uneven_chunks,4,before,4,fixed_winner,12,1,1,1,0,1,68667,0
uneven_chunks,4,before,4,fixed_winner,13,1,1,1,0,1,68667,0
uneven_chunks,4,before,4,fixed_winner,14,1,1,1,0,1,68648,0
uneven_chunks,4,after,4,native,0,1,1,1,1,1,69439,70571
uneven_chunks,4,after,4,native,1,1,1,1,1,1,69521,70617
uneven_chunks,4,after,4,native,2,1,1,1,1,1,69494,70617
uneven_chunks,4,after,4,native,3,1,1,1,1,1,69502,70626
uneven_chunks,4,after,4,native,4,1,1,1,1,1,69668,70663
uneven_chunks,4,after,4,native,5,1,1,1,1,1,88990,89799
uneven_chunks,4,after,4,native,6,1,1,1,1,1,69640,70568
uneven_chunks,4,after,4,native,7,1,1,1,1,1,69475,70412
uneven_chunks,4,after,4,native,8,1,1,1,1,1,69485,70430
uneven_chunks,4,after,4,native,9,1,1,1,1,1,78705,70430
uneven_chunks,4,after,4,native,10,1,1,1,1,1,69594,70495
uneven_chunks,4,after,4,native,11,1,1,1,1,1,69512,70449
uneven_chunks,4,after,4,native,12,1,1,1,1,1,92113,70422
uneven_chunks,4,after,4,native,13,1,1,1,1,1,75665,70780
uneven_chunks,4,after,4,native,14,1,1,1,1,1,69714,70568
uneven_chunks,4,after,4,fixed_winner,0,1,1,1,0,1,68694,0
uneven_chunks,4,after,4,fixed_winner,1,1,1,1,0,1,68648,0
uneven_chunks,4,after,4,fixed_winner,2,1,1,1,0,1,68649,0
uneven_chunks,4,after,4,fixed_winner,3,1,1,1,0,1,68888,0
uneven_chunks,4,after,4,fixed_winner,4,1,1,1,0,1,68694,0
uneven_chunks,4,after,4,fixed_winner,5,1,1,1,0,1,68649,0
uneven_chunks,4,after,4,fixed_winner,6,1,1,1,0,1,68639,0
uneven_chunks,4,after,4,fixed_winner,7,1,1,1,0,1,68630,0
uneven_chunks,4,after,4,fixed_winner,8,1,1,1,0,1,68639,0
uneven_chunks,4,after,4,fixed_winner,9,1,1,1,0,1,68621,0
uneven_chunks,4,after,4,fixed_winner,10,1,1,1,0,1,68631,0
uneven_chunks,4,after,4,fixed_winner,11,1,1,1,0,1,68777,0
uneven_chunks,4,after,4,fixed_winner,12,1,1,1,0,1,68649,0
uneven_chunks,4,after,4,fixed_winner,13,1,1,1,0,1,91773,0
uneven_chunks,4,after,4,fixed_winner,14,1,1,1,0,1,93738,0
uneven_chunks,6,before,0,native,0,1,1,1,1,1,106844,90090
uneven_chunks,6,before,0,native,1,1,1,1,1,1,116101,88942
uneven_chunks,6,before,0,native,2,1,1,1,1,1,85859,90660
uneven_chunks,6,before,0,native,3,1,1,1,1,1,80579,90045
uneven_chunks,6,before,0,native,4,1,1,1,1,1,107322,88731
uneven_chunks,6,before,0,native,5,1,1,1,1,1,88485,111545
uneven_chunks,6,before,0,native,6,1,1,1,1,1,80771,94895
uneven_chunks,6,before,0,native,7,1,1,1,1,1,74930,94951
uneven_chunks,6,before,0,native,8,1,1,1,1,1,71524,94886
uneven_chunks,6,before,0,native,9,1,1,1,1,1,71468,94876
uneven_chunks,6,before,0,native,10,1,1,1,1,1,71459,94849
uneven_chunks,6,before,0,native,11,1,1,1,1,1,71449,94858
uneven_chunks,6,before,0,native,12,1,1,1,1,1,71642,94905
uneven_chunks,6,before,0,native,13,1,1,1,1,1,71459,94822
uneven_chunks,6,before,0,native,14,1,1,1,1,1,71432,94849
uneven_chunks,6,before,0,fixed_winner,0,1,1,1,1,1,68667,0
uneven_chunks,6,before,0,fixed_winner,1,1,1,1,1,1,71551,0
uneven_chunks,6,before,0,fixed_winner,2,1,1,1,1,1,68676,0
uneven_chunks,6,before,0,fixed_winner,3,1,1,1,1,1,68851,0
uneven_chunks,6,before,0,fixed_winner,4,1,1,1,1,1,68686,0
uneven_chunks,6,before,0,fixed_winner,5,1,1,1,1,1,68676,0
uneven_chunks,6,before,0,fixed_winner,6,1,1,1,1,1,68686,0
uneven_chunks,6,before,0,fixed_winner,7,1,1,1,1,1,68677,0
uneven_chunks,6,before,0,fixed_winner,8,1,1,1,1,1,68676,0
uneven_chunks,6,before,0,fixed_winner,9,1,1,1,1,1,68667,0
uneven_chunks,6,before,0,fixed_winner,10,1,1,1,1,1,68667,0
uneven_chunks,6,before,0,fixed_winner,11,1,1,1,1,1,68796,0
uneven_chunks,6,before,0,fixed_winner,12,1,1,1,1,1,75646,0
uneven_chunks,6,before,0,fixed_winner,13,1,1,1,1,1,70082,0
uneven_chunks,6,before,0,fixed_winner,14,1,1,1,1,1,70201,0
uneven_chunks,6,after,0,native,0,1,1,1,1,1,80679,71180
uneven_chunks,6,after,0,native,1,1,1,1,1,1,69457,70344
uneven_chunks,6,after,0,native,2,1,1,1,1,1,69126,70133
uneven_chunks,6,after,0,native,3,1,1,1,1,1,69108,70088
uneven_chunks,6,after,0,native,4,1,1,1,1,1,69199,70060
uneven_chunks,6,after,0,native,5,1,1,1,1,1,86979,87793
uneven_chunks,6,after,0,native,6,1,1,1,1,1,69172,70095
uneven_chunks,6,after,0,native,7,1,1,1,1,1,69071,70004
uneven_chunks,6,after,0,native,8,1,1,1,1,1,78117,70012
uneven_chunks,6,after,0,native,9,1,1,1,1,1,69200,70095
uneven_chunks,6,after,0,native,10,1,1,1,1,1,69126,70022
uneven_chunks,6,after,0,native,11,1,1,1,1,1,69062,69967
uneven_chunks,6,after,0,native,12,1,1,1,1,1,69191,69994
uneven_chunks,6,after,0,native,13,1,1,1,1,1,73525,74271
uneven_chunks,6,after,0,native,14,1,1,1,1,1,69107,69863
uneven_chunks,6,after,0,fixed_winner,0,1,1,1,1,1,67859,0
uneven_chunks,6,after,0,fixed_winner,1,1,1,1,1,1,67886,0
uneven_chunks,6,after,0,fixed_winner,2,1,1,1,1,1,67859,0
uneven_chunks,6,after,0,fixed_winner,3,1,1,1,1,1,72588,0
uneven_chunks,6,after,0,fixed_winner,4,1,1,1,1,1,68024,0
uneven_chunks,6,after,0,fixed_winner,5,1,1,1,1,1,67886,0
uneven_chunks,6,after,0,fixed_winner,6,1,1,1,1,1,67886,0
uneven_chunks,6,after,0,fixed_winner,7,1,1,1,1,1,67850,0
uneven_chunks,6,after,0,fixed_winner,8,1,1,1,1,1,67868,0
uneven_chunks,6,after,0,fixed_winner,9,1,1,1,1,1,67887,0
uneven_chunks,6,after,0,fixed_winner,10,1,1,1,1,1,67868,0
uneven_chunks,6,after,0,fixed_winner,11,1,1,1,1,1,67996,0
uneven_chunks,6,after,0,fixed_winner,12,1,1,1,1,1,67877,0
uneven_chunks,6,after,0,fixed_winner,13,1,1,1,1,1,67858,0
uneven_chunks,6,after,0,fixed_winner,14,1,1,1,1,1,67859,0
uneven_chunks,6,after,1,native,0,1,1,1,1,1,69053,70514
uneven_chunks,6,after,1,native,1,1,1,1,1,1,69117,70551
uneven_chunks,6,after,1,native,2,1,1,1,1,1,69007,70469
uneven_chunks,6,after,1,native,3,1,1,1,1,1,69053,70506
uneven_chunks,6,after,1,native,4,1,1,1,1,1,69181,70515
uneven_chunks,6,after,1,native,5,1,1,1,1,1,69044,70496
uneven_chunks,6,after,1,native,6,1,1,1,1,1,69053,70514
uneven_chunks,6,after,1,native,7,1,1,1,1,1,69062,70496
uneven_chunks,6,after,1,native,8,1,1,1,1,1,69007,70459
uneven_chunks,6,after,1,native,9,1,1,1,1,1,78282,70478
uneven_chunks,6,after,1,native,10,1,1,1,1,1,68879,70643
uneven_chunks,6,after,1,native,11,1,1,1,1,1,68621,70450
uneven_chunks,6,after,1,native,12,1,1,1,1,1,68832,70496
uneven_chunks,6,after,1,native,13,1,1,1,1,1,84123,85317
uneven_chunks,6,after,1,native,14,1,1,1,1,1,68731,70071
uneven_chunks,6,after,1,fixed_winner,0,1,1,1,1,1,67859,0
uneven_chunks,6,after,1,fixed_winner,1,1,1,1,1,1,67886,0
uneven_chunks,6,after,1,fixed_winner,2,1,1,1,1,1,67868,0
uneven_chunks,6,after,1,fixed_winner,3,1,1,1,1,1,68015,0
uneven_chunks,6,after,1,fixed_winner,4,1,1,1,1,1,67877,0
uneven_chunks,6,after,1,fixed_winner,5,1,1,1,1,1,67877,0
uneven_chunks,6,after,1,fixed_winner,6,1,1,1,1,1,67849,0
uneven_chunks,6,after,1,fixed_winner,7,1,1,1,1,1,67886,0
uneven_chunks,6,after,1,fixed_winner,8,1,1,1,1,1,67849,0
uneven_chunks,6,after,1,fixed_winner,9,1,1,1,1,1,67868,0
uneven_chunks,6,after,1,fixed_winner,10,1,1,1,1,1,67859,0
uneven_chunks,6,after,1,fixed_winner,11,1,1,1,1,1,67996,0
uneven_chunks,6,after,1,fixed_winner,12,1,1,1,1,1,67859,0
uneven_chunks,6,after,1,fixed_winner,13,1,1,1,1,1,67877,0
uneven_chunks,6,after,1,fixed_winner,14,1,1,1,1,1,86630,0
uneven_chunks,6,before,1,native,0,1,1,1,1,1,69080,86759
uneven_chunks,6,before,1,native,1,1,1,1,1,1,69154,86804
uneven_chunks,6,before,1,native,2,1,1,1,1,1,69090,86768
uneven_chunks,6,before,1,native,3,1,1,1,1,1,69089,86777
uneven_chunks,6,before,1,native,4,1,1,1,1,1,69190,86750
uneven_chunks,6,before,1,native,5,1,1,1,1,1,82535,99852
uneven_chunks,6,before,1,native,6,1,1,1,1,1,69199,86619
uneven_chunks,6,before,1,native,7,1,1,1,1,1,69062,86508
uneven_chunks,6,before,1,native,8,1,1,1,1,1,69099,86526
uneven_chunks,6,before,1,native,9,1,1,1,1,1,78870,86526
uneven_chunks,6,before,1,native,10,1,1,1,1,1,69246,86647
uneven_chunks,6,before,1,native,11,1,1,1,1,1,69071,86545
uneven_chunks,6,before,1,native,12,1,1,1,1,1,68805,86518
uneven_chunks,6,before,1,native,13,1,1,1,1,1,72919,90499
uneven_chunks,6,before,1,native,14,1,1,1,1,1,68741,86421
uneven_chunks,6,before,1,fixed_winner,0,1,1,1,1,1,67841,0
uneven_chunks,6,before,1,fixed_winner,1,1,1,1,1,1,67868,0
uneven_chunks,6,before,1,fixed_winner,2,1,1,1,1,1,67858,0
uneven_chunks,6,before,1,fixed_winner,3,1,1,1,1,1,68015,0
uneven_chunks,6,before,1,fixed_winner,4,1,1,1,1,1,72543,0
uneven_chunks,6,before,1,fixed_winner,5,1,1,1,1,1,67933,0
uneven_chunks,6,before,1,fixed_winner,6,1,1,1,1,1,67859,0
uneven_chunks,6,before,1,fixed_winner,7,1,1,1,1,1,67905,0
uneven_chunks,6,before,1,fixed_winner,8,1,1,1,1,1,67859,0
uneven_chunks,6,before,1,fixed_winner,9,1,1,1,1,1,97991,0
uneven_chunks,6,before,1,fixed_winner,10,1,1,1,1,1,68327,0
uneven_chunks,6,before,1,fixed_winner,11,1,1,1,1,1,68043,0
uneven_chunks,6,before,1,fixed_winner,12,1,1,1,1,1,67886,0
uneven_chunks,6,before,1,fixed_winner,13,1,1,1,1,1,95208,0
uneven_chunks,6,before,1,fixed_winner,14,1,1,1,1,1,68217,0
uneven_chunks,6,before,2,native,0,1,1,1,1,1,69034,74894
uneven_chunks,6,before,2,native,1,1,1,1,1,1,69126,74931
uneven_chunks,6,before,2,native,2,1,1,1,1,1,69117,74958
uneven_chunks,6,before,2,native,3,1,1,1,1,1,69071,74903
uneven_chunks,6,before,2,native,4,1,1,1,1,1,69172,74876
uneven_chunks,6,before,2,native,5,1,1,1,1,1,85638,90960
uneven_chunks,6,before,2,native,6,1,1,1,1,1,69227,74650
uneven_chunks,6,before,2,native,7,1,1,1,1,1,69126,74557
uneven_chunks,6,before,2,native,8,1,1,1,1,1,69089,74521
uneven_chunks,6,before,2,native,9,1,1,1,1,1,78824,74521
uneven_chunks,6,before,2,native,10,1,1,1,1,1,69355,74631
uneven_chunks,6,before,2,native,11,1,1,1,1,1,68713,74512
uneven_chunks,6,before,2,native,12,1,1,1,1,1,68768,74475
uneven_chunks,6,before,2,native,13,1,1,1,1,1,68658,74485
uneven_chunks,6,before,2,native,14,1,1,1,1,1,68639,74475
uneven_chunks,6,before,2,fixed_winner,0,1,1,1,1,1,67850,0
uneven_chunks,6,before,2,fixed_winner,1,1,1,1,1,1,67868,0
uneven_chunks,6,before,2,fixed_winner,2,1,1,1,1,1,67850,0
uneven_chunks,6,before,2,fixed_winner,3,1,1,1,1,1,68015,0
uneven_chunks,6,before,2,fixed_winner,4,1,1,1,1,1,67868,0
uneven_chunks,6,before,2,fixed_winner,5,1,1,1,1,1,67859,0
uneven_chunks,6,before,2,fixed_winner,6,1,1,1,1,1,67859,0
uneven_chunks,6,before,2,fixed_winner,7,1,1,1,1,1,67859,0
uneven_chunks,6,before,2,fixed_winner,8,1,1,1,1,1,67850,0
uneven_chunks,6,before,2,fixed_winner,9,1,1,1,1,1,67849,0
uneven_chunks,6,before,2,fixed_winner,10,1,1,1,1,1,67869,0
uneven_chunks,6,before,2,fixed_winner,11,1,1,1,1,1,67996,0
uneven_chunks,6,before,2,fixed_winner,12,1,1,1,1,1,67859,0
uneven_chunks,6,before,2,fixed_winner,13,1,1,1,1,1,67859,0
uneven_chunks,6,before,2,fixed_winner,14,1,1,1,1,1,86199,0
uneven_chunks,6,after,2,native,0,1,1,1,1,1,68970,96117
uneven_chunks,6,after,2,native,1,1,1,1,1,1,69154,96237
uneven_chunks,6,after,2,native,2,1,1,1,1,1,69090,96199
uneven_chunks,6,after,2,native,3,1,1,1,1,1,68998,96135
uneven_chunks,6,after,2,native,4,1,1,1,1,1,69172,96135
uneven_chunks,6,after,2,native,5,1,1,1,1,1,85777,112718
uneven_chunks,6,after,2,native,6,1,1,1,1,1,68786,96049
uneven_chunks,6,after,2,native,7,1,1,1,1,1,68658,95939
uneven_chunks,6,after,2,native,8,1,1,1,1,1,68639,95903
uneven_chunks,6,after,2,native,9,1,1,1,1,1,78319,95894
uneven_chunks,6,after,2,native,10,1,1,1,1,1,68786,96022
uneven_chunks,6,after,2,native,11,1,1,1,1,1,68603,95875
uneven_chunks,6,after,2,native,12,1,1,1,1,1,68750,95893
uneven_chunks,6,after,2,native,13,1,1,1,1,1,68621,95893
uneven_chunks,6,after,2,native,14,1,1,1,1,1,68612,95885
uneven_chunks,6,after,2,fixed_winner,0,1,1,1,1,1,67868,0
uneven_chunks,6,after,2,fixed_winner,1,1,1,1,1,1,83214,0
uneven_chunks,6,after,2,fixed_winner,2,1,1,1,1,1,68070,0
uneven_chunks,6,after,2,fixed_winner,3,1,1,1,1,1,68079,0
uneven_chunks,6,after,2,fixed_winner,4,1,1,1,1,1,67896,0
uneven_chunks,6,after,2,fixed_winner,5,1,1,1,1,1,114779,0
uneven_chunks,6,after,2,fixed_winner,6,1,1,1,1,1,68134,0
uneven_chunks,6,after,2,fixed_winner,7,1,1,1,1,1,67914,0
uneven_chunks,6,after,2,fixed_winner,8,1,1,1,1,1,67877,0
uneven_chunks,6,after,2,fixed_winner,9,1,1,1,1,1,67905,0
uneven_chunks,6,after,2,fixed_winner,10,1,1,1,1,1,67868,0
uneven_chunks,6,after,2,fixed_winner,11,1,1,1,1,1,68061,0
uneven_chunks,6,after,2,fixed_winner,12,1,1,1,1,1,68300,0
uneven_chunks,6,after,2,fixed_winner,13,1,1,1,1,1,81083,0
uneven_chunks,6,after,2,fixed_winner,14,1,1,1,1,1,90479,0
uneven_chunks,6,after,3,native,0,1,1,1,1,1,69098,70179
uneven_chunks,6,after,3,native,1,1,1,1,1,1,69108,70151
uneven_chunks,6,after,3,native,2,1,1,1,1,1,69026,70087
uneven_chunks,6,after,3,native,3,1,1,1,1,1,69025,70096
uneven_chunks,6,after,3,native,4,1,1,1,1,1,69182,70105
uneven_chunks,6,after,3,native,5,1,1,1,1,1,87650,88384
uneven_chunks,6,after,3,native,6,1,1,1,1,1,89707,70053
uneven_chunks,6,after,3,native,7,1,1,1,1,1,78659,70567
uneven_chunks,6,after,3,native,8,1,1,1,1,1,69154,69998
uneven_chunks,6,after,3,native,9,1,1,1,1,1,69025,69906
uneven_chunks,6,after,3,native,10,1,1,1,1,1,109241,69906
uneven_chunks,6,after,3,native,11,1,1,1,1,1,69595,70356
uneven_chunks,6,after,3,native,12,1,1,1,1,1,69200,69896
uneven_chunks,6,after,3,native,13,1,1,1,1,1,75316,75971
uneven_chunks,6,after,3,native,14,1,1,1,1,1,69080,69827
uneven_chunks,6,after,3,fixed_winner,0,1,1,1,1,1,68235,0
uneven_chunks,6,after,3,fixed_winner,1,1,1,1,1,1,68235,0
uneven_chunks,6,after,3,fixed_winner,2,1,1,1,1,1,68244,0
uneven_chunks,6,after,3,fixed_winner,3,1,1,1,1,1,68373,0
uneven_chunks,6,after,3,fixed_winner,4,1,1,1,1,1,68263,0
uneven_chunks,6,after,3,fixed_winner,5,1,1,1,1,1,68162,0
uneven_chunks,6,after,3,fixed_winner,6,1,1,1,1,1,67832,0
uneven_chunks,6,after,3,fixed_winner,7,1,1,1,1,1,67840,0
uneven_chunks,6,after,3,fixed_winner,8,1,1,1,1,1,67859,0
uneven_chunks,6,after,3,fixed_winner,9,1,1,1,1,1,67822,0
uneven_chunks,6,after,3,fixed_winner,10,1,1,1,1,1,67850,0
uneven_chunks,6,after,3,fixed_winner,11,1,1,1,1,1,67970,0
uneven_chunks,6,after,3,fixed_winner,12,1,1,1,1,1,67840,0
uneven_chunks,6,after,3,fixed_winner,13,1,1,1,1,1,76198,0
uneven_chunks,6,after,3,fixed_winner,14,1,1,1,1,1,67914,0
uneven_chunks,6,before,3,native,0,1,1,1,1,1,69411,69728
uneven_chunks,6,before,3,native,1,1,1,1,1,1,69530,69792
uneven_chunks,6,before,3,native,2,1,1,1,1,1,69466,69774
uneven_chunks,6,before,3,native,3,1,1,1,1,1,69466,69774
uneven_chunks,6,before,3,native,4,1,1,1,1,1,69623,69783
uneven_chunks,6,before,3,native,5,1,1,1,1,1,85877,85934
uneven_chunks,6,before,3,native,6,1,1,1,1,1,69576,69753
uneven_chunks,6,before,3,native,7,1,1,1,1,1,69493,69670
uneven_chunks,6,before,3,native,8,1,1,1,1,1,95640,69597
uneven_chunks,6,before,3,native,9,1,1,1,1,1,76978,69909
uneven_chunks,6,before,3,native,10,1,1,1,1,1,68741,69679
uneven_chunks,6,before,3,native,11,1,1,1,1,1,95924,69634
uneven_chunks,6,before,3,native,12,1,1,1,1,1,76171,70469
uneven_chunks,6,before,3,native,13,1,1,1,1,1,68814,69725
uneven_chunks,6,before,3,native,14,1,1,1,1,1,68631,69606
uneven_chunks,6,before,3,fixed_winner,0,1,1,1,1,1,67831,0
uneven_chunks,6,before,3,fixed_winner,1,1,1,1,1,1,67832,0
uneven_chunks,6,before,3,fixed_winner,2,1,1,1,1,1,67849,0
uneven_chunks,6,before,3,fixed_winner,3,1,1,1,1,1,67969,0
uneven_chunks,6,before,3,fixed_winner,4,1,1,1,1,1,67859,0
uneven_chunks,6,before,3,fixed_winner,5,1,1,1,1,1,67822,0
uneven_chunks,6,before,3,fixed_winner,6,1,1,1,1,1,67859,0
uneven_chunks,6,before,3,fixed_winner,7,1,1,1,1,1,67813,0
uneven_chunks,6,before,3,fixed_winner,8,1,1,1,1,1,67831,0
uneven_chunks,6,before,3,fixed_winner,9,1,1,1,1,1,67823,0
uneven_chunks,6,before,3,fixed_winner,10,1,1,1,1,1,73305,0
uneven_chunks,6,before,3,fixed_winner,11,1,1,1,1,1,68015,0
uneven_chunks,6,before,3,fixed_winner,12,1,1,1,1,1,67886,0
uneven_chunks,6,before,3,fixed_winner,13,1,1,1,1,1,67823,0
uneven_chunks,6,before,3,fixed_winner,14,1,1,1,1,1,67831,0
uneven_chunks,6,before,4,native,0,1,1,1,1,1,69016,83292
uneven_chunks,6,before,4,native,1,1,1,1,1,1,69089,83329
uneven_chunks,6,before,4,native,2,1,1,1,1,1,68841,83320
uneven_chunks,6,before,4,native,3,1,1,1,1,1,68603,83292
uneven_chunks,6,before,4,native,4,1,1,1,1,1,68759,83274
uneven_chunks,6,before,4,native,5,1,1,1,1,1,88339,102681
uneven_chunks,6,before,4,native,6,1,1,1,1,1,68768,83211
uneven_chunks,6,before,4,native,7,1,1,1,1,1,77906,83643
uneven_chunks,6,before,4,native,8,1,1,1,1,1,68841,83231
uneven_chunks,6,before,4,native,9,1,1,1,1,1,76547,83111
uneven_chunks,6,before,4,native,10,1,1,1,1,1,89643,83175
uneven_chunks,6,before,4,native,11,1,1,1,1,1,75417,83726
uneven_chunks,6,before,4,native,12,1,1,1,1,1,69025,83267
uneven_chunks,6,before,4,native,13,1,1,1,1,1,68667,83093
uneven_chunks,6,before,4,native,14,1,1,1,1,1,69016,83065
uneven_chunks,6,before,4,fixed_winner,0,1,1,1,1,1,68639,0
uneven_chunks,6,before,4,fixed_winner,1,1,1,1,1,1,68648,0
uneven_chunks,6,before,4,fixed_winner,2,1,1,1,1,1,68640,0
uneven_chunks,6,before,4,fixed_winner,3,1,1,1,1,1,68796,0
uneven_chunks,6,before,4,fixed_winner,4,1,1,1,1,1,68658,0
uneven_chunks,6,before,4,fixed_winner,5,1,1,1,1,1,68621,0
uneven_chunks,6,before,4,fixed_winner,6,1,1,1,1,1,68640,0
uneven_chunks,6,before,4,fixed_winner,7,1,1,1,1,1,68631,0
uneven_chunks,6,before,4,fixed_winner,8,1,1,1,1,1,68630,0
uneven_chunks,6,before,4,fixed_winner,9,1,1,1,1,1,68585,0
uneven_chunks,6,before,4,fixed_winner,10,1,1,1,1,1,74351,0
uneven_chunks,6,before,4,fixed_winner,11,1,1,1,1,1,74471,0
uneven_chunks,6,before,4,fixed_winner,12,1,1,1,1,1,79311,0
uneven_chunks,6,before,4,fixed_winner,13,1,1,1,1,1,68290,0
uneven_chunks,6,before,4,fixed_winner,14,1,1,1,1,1,68272,0
uneven_chunks,6,after,4,native,0,1,1,1,1,1,101177,105152
uneven_chunks,6,after,4,native,1,1,1,1,1,1,70109,105152
uneven_chunks,6,after,4,native,2,1,1,1,1,1,80120,104555
uneven_chunks,6,after,4,native,3,1,1,1,1,1,69227,104711
uneven_chunks,6,after,4,native,4,1,1,1,1,1,69191,104555
uneven_chunks,6,after,4,native,5,1,1,1,1,1,87714,122568
uneven_chunks,6,after,4,native,6,1,1,1,1,1,69172,104182
uneven_chunks,6,after,4,native,7,1,1,1,1,1,69107,104118
uneven_chunks,6,after,4,native,8,1,1,1,1,1,77217,104081
uneven_chunks,6,after,4,native,9,1,1,1,1,1,69190,104136
uneven_chunks,6,after,4,native,10,1,1,1,1,1,69062,104054
uneven_chunks,6,after,4,native,11,1,1,1,1,1,69053,104062
uneven_chunks,6,after,4,native,12,1,1,1,1,1,69182,104053
uneven_chunks,6,after,4,native,13,1,1,1,1,1,69043,104045
uneven_chunks,6,after,4,native,14,1,1,1,1,1,69034,104045
uneven_chunks,6,after,4,fixed_winner,0,1,1,1,1,1,68226,0
uneven_chunks,6,after,4,fixed_winner,1,1,1,1,1,1,68253,0
uneven_chunks,6,after,4,fixed_winner,2,1,1,1,1,1,68235,0
uneven_chunks,6,after,4,fixed_winner,3,1,1,1,1,1,68392,0
uneven_chunks,6,after,4,fixed_winner,4,1,1,1,1,1,68244,0
uneven_chunks,6,after,4,fixed_winner,5,1,1,1,1,1,68236,0
uneven_chunks,6,after,4,fixed_winner,6,1,1,1,1,1,68226,0
uneven_chunks,6,after,4,fixed_winner,7,1,1,1,1,1,68226,0
uneven_chunks,6,after,4,fixed_winner,8,1,1,1,1,1,68226,0
uneven_chunks,6,after,4,fixed_winner,9,1,1,1,1,1,68227,0
uneven_chunks,6,after,4,fixed_winner,10,1,1,1,1,1,68226,0
uneven_chunks,6,after,4,fixed_winner,11,1,1,1,1,1,68355,0
uneven_chunks,6,after,4,fixed_winner,12,1,1,1,1,1,76455,0
uneven_chunks,6,after,4,fixed_winner,13,1,1,1,1,1,68300,0
uneven_chunks,6,after,4,fixed_winner,14,1,1,1,1,1,68227,0
uneven_chunks,8,before,0,native,0,1,1,1,1,1,69429,74351
uneven_chunks,8,before,0,native,1,1,1,1,1,1,69585,74461
uneven_chunks,8,before,0,native,2,1,1,1,1,1,69475,74332
uneven_chunks,8,before,0,native,3,1,1,1,1,1,69475,74351
uneven_chunks,8,before,0,native,4,1,1,1,1,1,69650,74379
uneven_chunks,8,before,0,native,5,1,1,1,1,1,89799,94413
uneven_chunks,8,before,0,native,6,1,1,1,1,1,69549,74273
uneven_chunks,8,before,0,native,7,1,1,1,1,1,69576,74301
uneven_chunks,8,before,0,native,8,1,1,1,1,1,78053,74218
uneven_chunks,8,before,0,native,9,1,1,1,1,1,69695,74338
uneven_chunks,8,before,0,native,10,1,1,1,1,1,69577,74282
uneven_chunks,8,before,0,native,11,1,1,1,1,1,69484,74208
uneven_chunks,8,before,0,native,12,1,1,1,1,1,69622,74237
uneven_chunks,8,before,0,native,13,1,1,1,1,1,69540,74263
uneven_chunks,8,before,0,native,14,1,1,1,1,1,94556,74631
uneven_chunks,8,before,0,fixed_winner,0,1,1,1,0,1,67859,0
uneven_chunks,8,before,0,fixed_winner,1,1,1,1,0,1,67869,0
uneven_chunks,8,before,0,fixed_winner,2,1,1,1,0,1,67859,0
uneven_chunks,8,before,0,fixed_winner,3,1,1,1,0,1,68033,0
uneven_chunks,8,before,0,fixed_winner,4,1,1,1,0,1,67887,0
uneven_chunks,8,before,0,fixed_winner,5,1,1,1,0,1,67877,0
uneven_chunks,8,before,0,fixed_winner,6,1,1,1,0,1,67850,0
uneven_chunks,8,before,0,fixed_winner,7,1,1,1,0,1,67859,0
uneven_chunks,8,before,0,fixed_winner,8,1,1,1,0,1,67849,0
uneven_chunks,8,before,0,fixed_winner,9,1,1,1,0,1,67859,0
uneven_chunks,8,before,0,fixed_winner,10,1,1,1,0,1,67987,0
uneven_chunks,8,before,0,fixed_winner,11,1,1,1,0,1,68401,0
uneven_chunks,8,before,0,fixed_winner,12,1,1,1,0,1,68253,0
uneven_chunks,8,before,0,fixed_winner,13,1,1,1,0,1,68272,0
uneven_chunks,8,before,0,fixed_winner,14,1,1,1,0,1,68254,0
uneven_chunks,8,after,0,native,0,1,1,1,1,1,69448,70115
uneven_chunks,8,after,0,native,1,1,1,1,1,1,69485,70106
uneven_chunks,8,after,0,native,2,1,1,1,1,1,69512,70162
uneven_chunks,8,after,0,native,3,1,1,1,1,1,72294,70125
uneven_chunks,8,after,0,native,4,1,1,1,1,1,73911,70832
uneven_chunks,8,after,0,native,5,1,1,1,1,1,71284,70639
uneven_chunks,8,after,0,native,6,1,1,1,1,1,69484,70152
uneven_chunks,8,after,0,native,7,1,1,1,1,1,69475,70124
uneven_chunks,8,after,0,native,8,1,1,1,1,1,79431,70152
uneven_chunks,8,after,0,native,9,1,1,1,1,1,69640,70208
uneven_chunks,8,after,0,native,10,1,1,1,1,1,69438,70079
uneven_chunks,8,after,0,native,11,1,1,1,1,1,69439,70078
uneven_chunks,8,after,0,native,12,1,1,1,1,1,69594,70125
uneven_chunks,8,after,0,native,13,1,1,1,1,1,91415,91687
uneven_chunks,8,after,0,native,14,1,1,1,1,1,69604,70077
uneven_chunks,8,after,0,fixed_winner,0,1,1,1,0,1,68631,0
uneven_chunks,8,after,0,fixed_winner,1,1,1,1,0,1,73746,0
uneven_chunks,8,after,0,fixed_winner,2,1,1,1,0,1,68759,0
uneven_chunks,8,after,0,fixed_winner,3,1,1,1,0,1,68814,0
uneven_chunks,8,after,0,fixed_winner,4,1,1,1,0,1,68630,0
uneven_chunks,8,after,0,fixed_winner,5,1,1,1,0,1,73130,0
uneven_chunks,8,after,0,fixed_winner,6,1,1,1,0,1,75105,0
uneven_chunks,8,after,0,fixed_winner,7,1,1,1,0,1,68658,0
uneven_chunks,8,after,0,fixed_winner,8,1,1,1,0,1,68630,0
uneven_chunks,8,after,0,fixed_winner,9,1,1,1,0,1,68640,0
uneven_chunks,8,after,0,fixed_winner,10,1,1,1,0,1,68639,0
uneven_chunks,8,after,0,fixed_winner,11,1,1,1,0,1,68777,0
uneven_chunks,8,after,0,fixed_winner,12,1,1,1,0,1,68639,0
uneven_chunks,8,after,0,fixed_winner,13,1,1,1,0,1,68612,0
uneven_chunks,8,after,0,fixed_winner,14,1,1,1,0,1,68649,0
uneven_chunks,8,after,1,native,0,1,1,1,1,1,69824,77349
uneven_chunks,8,after,1,native,1,1,1,1,1,1,69935,77403
uneven_chunks,8,after,1,native,2,1,1,1,1,1,69842,77321
uneven_chunks,8,after,1,native,3,1,1,1,1,1,69815,77320
uneven_chunks,8,after,1,native,4,1,1,1,1,1,70045,77366
uneven_chunks,8,after,1,native,5,1,1,1,1,1,92104,99342
uneven_chunks,8,after,1,native,6,1,1,1,1,1,69990,77300
uneven_chunks,8,after,1,native,7,1,1,1,1,1,69842,77199
uneven_chunks,8,after,1,native,8,1,1,1,1,1,79237,77199
uneven_chunks,8,after,1,native,9,1,1,1,1,1,94317,77272
uneven_chunks,8,after,1,native,10,1,1,1,1,1,70026,77336
uneven_chunks,8,after,1,native,11,1,1,1,1,1,69843,77180
uneven_chunks,8,after,1,native,12,1,1,1,1,1,70008,77245
uneven_chunks,8,after,1,native,13,1,1,1,1,1,69870,77226
uneven_chunks,8,after,1,native,14,1,1,1,1,1,69897,77254
uneven_chunks,8,after,1,fixed_winner,0,1,1,1,0,1,69044,0
uneven_chunks,8,after,1,fixed_winner,1,1,1,1,0,1,69053,0
uneven_chunks,8,after,1,fixed_winner,2,1,1,1,0,1,69044,0
uneven_chunks,8,after,1,fixed_winner,3,1,1,1,0,1,69209,0
uneven_chunks,8,after,1,fixed_winner,4,1,1,1,0,1,68741,0
uneven_chunks,8,after,1,fixed_winner,5,1,1,1,0,1,82792,0
uneven_chunks,8,after,1,fixed_winner,6,1,1,1,0,1,82039,0
uneven_chunks,8,after,1,fixed_winner,7,1,1,1,0,1,98193,0
uneven_chunks,8,after,1,fixed_winner,8,1,1,1,0,1,100535,0
uneven_chunks,8,after,1,fixed_winner,9,1,1,1,0,1,101315,0
uneven_chunks,8,after,1,fixed_winner,10,1,1,1,0,1,99919,0
uneven_chunks,8,after,1,fixed_winner,11,1,1,1,0,1,104475,0
uneven_chunks,8,after,1,fixed_winner,12,1,1,1,0,1,79191,0
uneven_chunks,8,after,1,fixed_winner,13,1,1,1,0,1,69503,0
uneven_chunks,8,after,1,fixed_winner,14,1,1,1,0,1,69072,0
uneven_chunks,8,before,1,native,0,1,1,1,1,1,69889,73039
uneven_chunks,8,before,1,native,1,1,1,1,1,1,69953,73057
uneven_chunks,8,before,1,native,2,1,1,1,1,1,69962,73075
uneven_chunks,8,before,1,native,3,1,1,1,1,1,69925,73048
uneven_chunks,8,before,1,native,4,1,1,1,1,1,70026,73030
uneven_chunks,8,before,1,native,5,1,1,1,1,1,89909,92818
uneven_chunks,8,before,1,native,6,1,1,1,1,1,113934,72944
uneven_chunks,8,before,1,native,7,1,1,1,1,1,95043,75075
uneven_chunks,8,before,1,native,8,1,1,1,1,1,385507,73725
uneven_chunks,8,before,1,native,9,1,1,1,1,1,92186,74479
uneven_chunks,8,before,1,native,10,1,1,1,1,1,83223,73651
uneven_chunks,8,before,1,native,11,1,1,1,1,1,93417,73459
uneven_chunks,8,before,1,native,12,1,1,1,1,1,70081,73211
uneven_chunks,8,before,1,native,13,1,1,1,1,1,69512,72899
uneven_chunks,8,before,1,native,14,1,1,1,1,1,69475,72889
uneven_chunks,8,before,1,fixed_winner,0,1,1,1,0,1,68667,0
uneven_chunks,8,before,1,fixed_winner,1,1,1,1,0,1,68667,0
uneven_chunks,8,before,1,fixed_winner,2,1,1,1,0,1,68658,0
uneven_chunks,8,before,1,fixed_winner,3,1,1,1,0,1,68841,0
uneven_chunks,8,before,1,fixed_winner,4,1,1,1,0,1,68676,0
uneven_chunks,8,before,1,fixed_winner,5,1,1,1,0,1,68667,0
uneven_chunks,8,before,1,fixed_winner,6,1,1,1,0,1,68658,0
uneven_chunks,8,before,1,fixed_winner,7,1,1,1,0,1,68657,0
uneven_chunks,8,before,1,fixed_winner,8,1,1,1,0,1,68667,0
uneven_chunks,8,before,1,fixed_winner,9,1,1,1,0,1,80845,0
uneven_chunks,8,before,1,fixed_winner,10,1,1,1,0,1,68850,0
uneven_chunks,8,before,1,fixed_winner,11,1,1,1,0,1,68823,0
uneven_chunks,8,before,1,fixed_winner,12,1,1,1,0,1,68667,0
uneven_chunks,8,before,1,fixed_winner,13,1,1,1,0,1,68676,0
uneven_chunks,8,before,1,fixed_winner,14,1,1,1,0,1,68658,0
uneven_chunks,8,after,2,native,0,1,1,1,1,1,69833,74165
uneven_chunks,8,after,2,native,1,1,1,1,1,1,69934,74211
uneven_chunks,8,after,2,native,2,1,1,1,1,1,69898,74201
uneven_chunks,8,after,2,native,3,1,1,1,1,1,69898,74192
uneven_chunks,8,after,2,native,4,1,1,1,1,1,70017,74174
uneven_chunks,8,after,2,native,5,1,1,1,1,1,88972,93028
uneven_chunks,8,after,2,native,6,1,1,1,1,1,93683,74257
uneven_chunks,8,after,2,native,7,1,1,1,1,1,70559,74513
uneven_chunks,8,after,2,native,8,1,1,1,1,1,69944,74091
uneven_chunks,8,after,2,native,9,1,1,1,1,1,77943,74054
uneven_chunks,8,after,2,native,10,1,1,1,1,1,103289,74110
uneven_chunks,8,after,2,native,11,1,1,1,1,1,69916,74430
uneven_chunks,8,after,2,native,12,1,1,1,1,1,69603,74054
uneven_chunks,8,after,2,native,13,1,1,1,1,1,69503,74072
uneven_chunks,8,after,2,native,14,1,1,1,1,1,69466,74063
uneven_chunks,8,after,2,fixed_winner,0,1,1,1,0,1,68649,0
uneven_chunks,8,after,2,fixed_winner,1,1,1,1,0,1,68676,0
uneven_chunks,8,after,2,fixed_winner,2,1,1,1,0,1,68648,0
uneven_chunks,8,after,2,fixed_winner,3,1,1,1,0,1,68814,0
uneven_chunks,8,after,2,fixed_winner,4,1,1,1,0,1,68988,0
uneven_chunks,8,after,2,fixed_winner,5,1,1,1,0,1,69062,0
uneven_chunks,8,after,2,fixed_winner,6,1,1,1,0,1,69071,0
uneven_chunks,8,after,2,fixed_winner,7,1,1,1,0,1,69071,0
uneven_chunks,8,after,2,fixed_winner,8,1,1,1,0,1,69071,0
uneven_chunks,8,after,2,fixed_winner,9,1,1,1,0,1,69053,0
uneven_chunks,8,after,2,fixed_winner,10,1,1,1,0,1,69071,0
uneven_chunks,8,after,2,fixed_winner,11,1,1,1,0,1,69200,0
uneven_chunks,8,after,2,fixed_winner,12,1,1,1,0,1,69080,0
uneven_chunks,8,after,2,fixed_winner,13,1,1,1,0,1,69062,0
uneven_chunks,8,after,2,fixed_winner,14,1,1,1,0,1,69071,0
uneven_chunks,8,before,2,native,0,1,1,1,1,1,69447,70629
uneven_chunks,8,before,2,native,1,1,1,1,1,1,69540,70647
uneven_chunks,8,before,2,native,2,1,1,1,1,1,69475,70638
uneven_chunks,8,before,2,native,3,1,1,1,1,1,69475,70619
uneven_chunks,8,before,2,native,4,1,1,1,1,1,69539,70666
uneven_chunks,8,before,2,native,5,1,1,1,1,1,87467,88656
uneven_chunks,8,before,2,native,6,1,1,1,1,1,69117,70471
uneven_chunks,8,before,2,native,7,1,1,1,1,1,69071,70407
uneven_chunks,8,before,2,native,8,1,1,1,1,1,69071,70435
uneven_chunks,8,before,2,native,9,1,1,1,1,1,78833,70362
uneven_chunks,8,before,2,native,10,1,1,1,1,1,69282,70582
uneven_chunks,8,before,2,native,11,1,1,1,1,1,69080,70454
uneven_chunks,8,before,2,native,12,1,1,1,1,1,69200,70417
uneven_chunks,8,before,2,native,13,1,1,1,1,1,69044,70407
uneven_chunks,8,before,2,native,14,1,1,1,1,1,69108,70445
uneven_chunks,8,before,2,fixed_winner,0,1,1,1,0,1,68447,0
uneven_chunks,8,before,2,fixed_winner,1,1,1,1,0,1,68291,0
uneven_chunks,8,before,2,fixed_winner,2,1,1,1,0,1,68272,0
uneven_chunks,8,before,2,fixed_winner,3,1,1,1,0,1,68428,0
uneven_chunks,8,before,2,fixed_winner,4,1,1,1,0,1,81735,0
uneven_chunks,8,before,2,fixed_winner,5,1,1,1,0,1,68428,0
uneven_chunks,8,before,2,fixed_winner,6,1,1,1,0,1,68253,0
uneven_chunks,8,before,2,fixed_winner,7,1,1,1,0,1,68263,0
uneven_chunks,8,before,2,fixed_winner,8,1,1,1,0,1,68244,0
uneven_chunks,8,before,2,fixed_winner,9,1,1,1,0,1,68263,0
uneven_chunks,8,before,2,fixed_winner,10,1,1,1,0,1,68254,0
uneven_chunks,8,before,2,fixed_winner,11,1,1,1,0,1,68814,0
uneven_chunks,8,before,2,fixed_winner,12,1,1,1,0,1,68667,0
uneven_chunks,8,before,2,fixed_winner,13,1,1,1,0,1,68667,0
uneven_chunks,8,before,2,fixed_winner,14,1,1,1,0,1,68667,0
uneven_chunks,8,after,3,native,0,1,1,1,1,1,88477,74947
uneven_chunks,8,after,3,native,1,1,1,1,1,1,69411,73891
uneven_chunks,8,after,3,native,2,1,1,1,1,1,106652,73670
uneven_chunks,8,after,3,native,3,1,1,1,1,1,69788,73955
uneven_chunks,8,after,3,native,4,1,1,1,1,1,69218,73579
uneven_chunks,8,after,3,native,5,1,1,1,1,1,88752,92989
uneven_chunks,8,after,3,native,6,1,1,1,1,1,69144,73437
uneven_chunks,8,after,3,native,7,1,1,1,1,1,69044,73372
uneven_chunks,8,after,3,native,8,1,1,1,1,1,78236,73391
uneven_chunks,8,after,3,native,9,1,1,1,1,1,69163,73465
uneven_chunks,8,after,3,native,10,1,1,1,1,1,69026,73354
uneven_chunks,8,after,3,native,11,1,1,1,1,1,69291,73391
uneven_chunks,8,after,3,native,12,1,1,1,1,1,70044,73419
uneven_chunks,8,after,3,native,13,1,1,1,1,1,74297,77584
uneven_chunks,8,after,3,native,14,1,1,1,1,1,69971,73313
uneven_chunks,8,after,3,fixed_winner,0,1,1,1,0,1,69053,0
uneven_chunks,8,after,3,fixed_winner,1,1,1,1,0,1,69319,0
uneven_chunks,8,after,3,fixed_winner,2,1,1,1,0,1,69080,0
uneven_chunks,8,after,3,fixed_winner,3,1,1,1,0,1,69246,0
uneven_chunks,8,after,3,fixed_winner,4,1,1,1,0,1,69053,0
uneven_chunks,8,after,3,fixed_winner,5,1,1,1,0,1,69052,0
uneven_chunks,8,after,3,fixed_winner,6,1,1,1,0,1,68648,0
uneven_chunks,8,after,3,fixed_winner,7,1,1,1,0,1,68639,0
uneven_chunks,8,after,3,fixed_winner,8,1,1,1,0,1,68621,0
uneven_chunks,8,after,3,fixed_winner,9,1,1,1,0,1,68640,0
uneven_chunks,8,after,3,fixed_winner,10,1,1,1,0,1,68630,0
uneven_chunks,8,after,3,fixed_winner,11,1,1,1,0,1,68778,0
uneven_chunks,8,after,3,fixed_winner,12,1,1,1,0,1,68621,0
uneven_chunks,8,after,3,fixed_winner,13,1,1,1,0,1,68640,0
uneven_chunks,8,after,3,fixed_winner,14,1,1,1,0,1,74654,0
uneven_chunks,8,before,3,native,0,1,1,1,1,1,69071,69402
uneven_chunks,8,before,3,native,1,1,1,1,1,1,69117,69420
uneven_chunks,8,before,3,native,2,1,1,1,1,1,69080,69401
uneven_chunks,8,before,3,native,3,1,1,1,1,1,69089,69392
uneven_chunks,8,before,3,native,4,1,1,1,1,1,69190,69383
uneven_chunks,8,before,3,native,5,1,1,1,1,1,68997,69374
uneven_chunks,8,before,3,native,6,1,1,1,1,1,68667,69383
uneven_chunks,8,before,3,native,7,1,1,1,1,1,68667,69364
uneven_chunks,8,before,3,native,8,1,1,1,1,1,68667,69392
uneven_chunks,8,before,3,native,9,1,1,1,1,1,78292,69383
uneven_chunks,8,before,3,native,10,1,1,1,1,1,68961,69557
uneven_chunks,8,before,3,native,11,1,1,1,1,1,68685,69383
uneven_chunks,8,before,3,native,12,1,1,1,1,1,68988,69466
uneven_chunks,8,before,3,native,13,1,1,1,1,1,89082,89420
uneven_chunks,8,before,3,native,14,1,1,1,1,1,68841,69307
uneven_chunks,8,before,3,fixed_winner,0,1,1,1,0,1,67822,0
uneven_chunks,8,before,3,fixed_winner,1,1,1,1,0,1,67841,0
uneven_chunks,8,before,3,fixed_winner,2,1,1,1,0,1,67832,0
uneven_chunks,8,before,3,fixed_winner,3,1,1,1,0,1,68006,0
uneven_chunks,8,before,3,fixed_winner,4,1,1,1,0,1,67840,0
uneven_chunks,8,before,3,fixed_winner,5,1,1,1,0,1,67831,0
uneven_chunks,8,before,3,fixed_winner,6,1,1,1,0,1,67822,0
uneven_chunks,8,before,3,fixed_winner,7,1,1,1,0,1,67831,0
uneven_chunks,8,before,3,fixed_winner,8,1,1,1,0,1,83747,0
uneven_chunks,8,before,3,fixed_winner,9,1,1,1,0,1,68070,0
uneven_chunks,8,before,3,fixed_winner,10,1,1,1,0,1,67877,0
uneven_chunks,8,before,3,fixed_winner,11,1,1,1,0,1,68015,0
uneven_chunks,8,before,3,fixed_winner,12,1,1,1,0,1,111160,0
uneven_chunks,8,before,3,fixed_winner,13,1,1,1,0,1,68208,0
uneven_chunks,8,before,3,fixed_winner,14,1,1,1,0,1,67859,0
uneven_chunks,8,before,4,native,0,1,1,1,1,1,70210,70263
uneven_chunks,8,before,4,native,1,1,1,1,1,1,91149,70262
uneven_chunks,8,before,4,native,2,1,1,1,1,1,70357,70483
uneven_chunks,8,before,4,native,3,1,1,1,1,1,70026,70208
uneven_chunks,8,before,4,native,4,1,1,1,1,1,70145,70189
uneven_chunks,8,before,4,native,5,1,1,1,1,1,138538,98146
uneven_chunks,8,before,4,native,6,1,1,1,1,1,70596,70484
uneven_chunks,8,before,4,native,7,1,1,1,1,1,70008,69998
uneven_chunks,8,before,4,native,8,1,1,1,1,1,77015,70061
uneven_chunks,8,before,4,native,9,1,1,1,1,1,70201,70145
uneven_chunks,8,before,4,native,10,1,1,1,1,1,70091,70071
uneven_chunks,8,before,4,native,11,1,1,1,1,1,70209,70062
uneven_chunks,8,before,4,native,12,1,1,1,1,1,70559,70016
uneven_chunks,8,before,4,native,13,1,1,1,1,1,70513,70071
uneven_chunks,8,before,4,native,14,1,1,1,1,1,70476,70071
uneven_chunks,8,before,4,fixed_winner,0,1,1,1,0,1,69604,0
uneven_chunks,8,before,4,fixed_winner,1,1,1,1,0,1,69622,0
uneven_chunks,8,before,4,fixed_winner,2,1,1,1,0,1,81653,0
uneven_chunks,8,before,4,fixed_winner,3,1,1,1,0,1,69953,0
uneven_chunks,8,before,4,fixed_winner,4,1,1,1,0,1,69668,0
uneven_chunks,8,before,4,fixed_winner,5,1,1,1,0,1,69337,0
uneven_chunks,8,before,4,fixed_winner,6,1,1,1,0,1,69199,0
uneven_chunks,8,before,4,fixed_winner,7,1,1,1,0,1,69200,0
uneven_chunks,8,before,4,fixed_winner,8,1,1,1,0,1,69200,0
uneven_chunks,8,before,4,fixed_winner,9,1,1,1,0,1,69209,0
uneven_chunks,8,before,4,fixed_winner,10,1,1,1,0,1,69190,0
uneven_chunks,8,before,4,fixed_winner,11,1,1,1,0,1,81331,0
uneven_chunks,8,before,4,fixed_winner,12,1,1,1,0,1,69356,0
uneven_chunks,8,before,4,fixed_winner,13,1,1,1,0,1,69227,0
uneven_chunks,8,before,4,fixed_winner,14,1,1,1,0,1,69209,0
uneven_chunks,8,after,4,native,0,1,1,1,1,1,70402,87606
uneven_chunks,8,after,4,native,1,1,1,1,1,1,70403,87708
uneven_chunks,8,after,4,native,2,1,1,1,1,1,70090,87662
uneven_chunks,8,after,4,native,3,1,1,1,1,1,70027,87606
uneven_chunks,8,after,4,native,4,1,1,1,1,1,70210,87634
uneven_chunks,8,after,4,native,5,1,1,1,1,1,70045,87615
uneven_chunks,8,after,4,native,6,1,1,1,1,1,70100,87680
uneven_chunks,8,after,4,native,7,1,1,1,1,1,70017,87597
uneven_chunks,8,after,4,native,8,1,1,1,1,1,70045,87615
uneven_chunks,8,after,4,native,9,1,1,1,1,1,78172,87616
uneven_chunks,8,after,4,native,10,1,1,1,1,1,70265,87754
uneven_chunks,8,after,4,native,11,1,1,1,1,1,91131,87671
uneven_chunks,8,after,4,native,12,1,1,1,1,1,70549,87891
uneven_chunks,8,after,4,native,13,1,1,1,1,1,91691,106971
uneven_chunks,8,after,4,native,14,1,1,1,1,1,70201,87345
uneven_chunks,8,after,4,fixed_winner,0,1,1,1,0,1,69255,0
uneven_chunks,8,after,4,fixed_winner,1,1,1,1,0,1,69227,0
uneven_chunks,8,after,4,fixed_winner,2,1,1,1,0,1,69236,0
uneven_chunks,8,after,4,fixed_winner,3,1,1,1,0,1,69393,0
uneven_chunks,8,after,4,fixed_winner,4,1,1,1,0,1,69254,0
uneven_chunks,8,after,4,fixed_winner,5,1,1,1,0,1,69218,0
uneven_chunks,8,after,4,fixed_winner,6,1,1,1,0,1,244251,0
uneven_chunks,8,after,4,fixed_winner,7,1,1,1,0,1,95098,0
uneven_chunks,8,after,4,fixed_winner,8,1,1,1,0,1,84986,0
uneven_chunks,8,after,4,fixed_winner,9,1,1,1,0,1,84858,0
uneven_chunks,8,after,4,fixed_winner,10,1,1,1,0,1,84812,0
uneven_chunks,8,after,4,fixed_winner,11,1,1,1,0,1,99074,0
uneven_chunks,8,after,4,fixed_winner,12,1,1,1,0,1,112060,0
uneven_chunks,8,after,4,fixed_winner,13,1,1,1,0,1,85345,0
uneven_chunks,8,after,4,fixed_winner,14,1,1,1,0,1,77988,0
mixed_one_ordinary,2,after,0,native,0,1,1,1,0,1,224396,227880
mixed_one_ordinary,2,after,0,native,1,1,1,1,0,1,237980,227641
mixed_one_ordinary,2,after,0,native,2,1,1,1,0,1,226260,227697
mixed_one_ordinary,2,after,0,native,3,1,1,1,0,1,226086,227550
mixed_one_ordinary,2,after,0,native,4,1,1,1,0,1,236794,227495
mixed_one_ordinary,2,after,0,native,5,1,1,1,0,1,246336,248724
mixed_one_ordinary,2,after,0,native,6,1,1,1,0,1,224819,227418
mixed_one_ordinary,2,after,0,native,7,1,1,1,0,1,224626,227234
mixed_one_ordinary,2,after,0,native,8,1,1,1,0,1,223432,227288
mixed_one_ordinary,2,after,0,native,9,1,1,1,0,1,230118,227242
mixed_one_ordinary,2,after,0,native,10,1,1,1,0,1,223450,227316
mixed_one_ordinary,2,after,0,native,11,1,1,1,0,1,223422,227326
mixed_one_ordinary,2,after,0,native,12,1,1,1,0,1,224827,227243
mixed_one_ordinary,2,after,0,native,13,1,1,1,0,1,224700,227307
mixed_one_ordinary,2,after,0,native,14,1,1,1,0,1,238603,227288
mixed_one_ordinary,2,after,0,fixed_winner,0,1,1,1,8,1,222660,0
mixed_one_ordinary,2,after,0,fixed_winner,1,1,1,1,8,1,222605,0
mixed_one_ordinary,2,after,0,fixed_winner,2,1,1,1,8,1,223918,0
mixed_one_ordinary,2,after,0,fixed_winner,3,1,1,1,8,1,225646,0
mixed_one_ordinary,2,after,0,fixed_winner,4,1,1,1,8,1,225232,0
mixed_one_ordinary,2,after,0,fixed_winner,5,1,1,1,8,1,225204,0
mixed_one_ordinary,2,after,0,fixed_winner,6,1,1,1,8,1,224267,0
mixed_one_ordinary,2,after,0,fixed_winner,7,1,1,1,8,1,229419,0
mixed_one_ordinary,2,after,0,fixed_winner,8,1,1,1,8,1,223937,0
mixed_one_ordinary,2,after,0,fixed_winner,9,1,1,1,8,1,223891,0
mixed_one_ordinary,2,after,0,fixed_winner,10,1,1,1,8,1,222559,0
mixed_one_ordinary,2,after,0,fixed_winner,11,1,1,1,8,1,222744,0
mixed_one_ordinary,2,after,0,fixed_winner,12,1,1,1,8,1,222560,0
mixed_one_ordinary,2,after,0,fixed_winner,13,1,1,1,8,1,241404,0
mixed_one_ordinary,2,after,0,fixed_winner,14,1,1,1,8,1,228272,0
mixed_one_ordinary,2,before,0,native,0,1,1,1,0,1,222826,250332
mixed_one_ordinary,2,before,0,native,1,1,1,1,0,1,222917,250397
mixed_one_ordinary,2,before,0,native,2,1,1,1,0,1,222899,250387
mixed_one_ordinary,2,before,0,native,3,1,1,1,0,1,223249,250534
mixed_one_ordinary,2,before,0,native,4,1,1,1,0,1,234949,250387
mixed_one_ordinary,2,before,0,native,5,1,1,1,0,1,289160,276000
mixed_one_ordinary,2,before,0,native,6,1,1,1,0,1,223698,250461
mixed_one_ordinary,2,before,0,native,7,1,1,1,0,1,222908,249956
mixed_one_ordinary,2,before,0,native,8,1,1,1,0,1,222872,249928
mixed_one_ordinary,2,before,0,native,9,1,1,1,0,1,222853,249919
mixed_one_ordinary,2,before,0,native,10,1,1,1,0,1,239945,249928
mixed_one_ordinary,2,before,0,native,11,1,1,1,0,1,223157,250139
mixed_one_ordinary,2,before,0,native,12,1,1,1,0,1,223055,249919
mixed_one_ordinary,2,before,0,native,13,1,1,1,0,1,229723,256567
mixed_one_ordinary,2,before,0,native,14,1,1,1,0,1,222909,249816
mixed_one_ordinary,2,before,0,fixed_winner,0,1,1,1,8,1,228364,0
mixed_one_ordinary,2,before,0,fixed_winner,1,1,1,1,8,1,222274,0
mixed_one_ordinary,2,before,0,fixed_winner,2,1,1,1,8,1,222091,0
mixed_one_ordinary,2,before,0,fixed_winner,3,1,1,1,8,1,222321,0
mixed_one_ordinary,2,before,0,fixed_winner,4,1,1,1,8,1,231633,0
mixed_one_ordinary,2,before,0,fixed_winner,5,1,1,1,8,1,252517,0
mixed_one_ordinary,2,before,0,fixed_winner,6,1,1,1,8,1,317134,0
mixed_one_ordinary,2,before,0,fixed_winner,7,1,1,1,8,1,224598,0
mixed_one_ordinary,2,before,0,fixed_winner,8,1,1,1,8,1,229760,0
mixed_one_ordinary,2,before,0,fixed_winner,9,1,1,1,8,1,223469,0
mixed_one_ordinary,2,before,0,fixed_winner,10,1,1,1,8,1,223413,0
mixed_one_ordinary,2,before,0,fixed_winner,11,1,1,1,8,1,223634,0
mixed_one_ordinary,2,before,0,fixed_winner,12,1,1,1,8,1,222596,0
mixed_one_ordinary,2,before,0,fixed_winner,13,1,1,1,8,1,222532,0
mixed_one_ordinary,2,before,0,fixed_winner,14,1,1,1,8,1,222532,0
mixed_one_ordinary,2,after,1,native,0,1,1,1,0,1,224663,224149
mixed_one_ordinary,2,after,1,native,1,1,1,1,0,1,222964,224204
mixed_one_ordinary,2,after,1,native,2,1,1,1,0,1,232598,224186
mixed_one_ordinary,2,after,1,native,3,1,1,1,0,1,223092,224324
mixed_one_ordinary,2,after,1,native,4,1,1,1,0,1,224892,224159
mixed_one_ordinary,2,after,1,native,5,1,1,1,0,1,261361,251440
mixed_one_ordinary,2,after,1,native,6,1,1,1,0,1,223175,223990
mixed_one_ordinary,2,after,1,native,7,1,1,1,0,1,222917,223733
mixed_one_ordinary,2,after,1,native,8,1,1,1,0,1,222872,223733
mixed_one_ordinary,2,after,1,native,9,1,1,1,0,1,229851,223742
mixed_one_ordinary,2,after,1,native,10,1,1,1,0,1,223055,223861
mixed_one_ordinary,2,after,1,native,11,1,1,1,0,1,221870,223779
mixed_one_ordinary,2,after,1,native,12,1,1,1,0,1,223588,223770
mixed_one_ordinary,2,after,1,native,13,1,1,1,0,1,255135,230506
mixed_one_ordinary,2,after,1,native,14,1,1,1,0,1,263841,223958
mixed_one_ordinary,2,after,1,fixed_winner,0,1,1,1,8,1,230512,0
mixed_one_ordinary,2,after,1,fixed_winner,1,1,1,1,8,1,221632,0
mixed_one_ordinary,2,after,1,fixed_winner,2,1,1,1,8,1,223423,0
mixed_one_ordinary,2,after,1,fixed_winner,3,1,1,1,8,1,223725,0
mixed_one_ordinary,2,after,1,fixed_winner,4,1,1,1,8,1,223423,0
mixed_one_ordinary,2,after,1,fixed_winner,5,1,1,1,8,1,222908,0
mixed_one_ordinary,2,after,1,fixed_winner,6,1,1,1,8,1,222109,0
mixed_one_ordinary,2,after,1,fixed_winner,7,1,1,1,8,1,228713,0
mixed_one_ordinary,2,after,1,fixed_winner,8,1,1,1,8,1,222238,0
mixed_one_ordinary,2,after,1,fixed_winner,9,1,1,1,8,1,223891,0
mixed_one_ordinary,2,after,1,fixed_winner,10,1,1,1,8,1,222082,0
mixed_one_ordinary,2,after,1,fixed_winner,11,1,1,1,8,1,222284,0
mixed_one_ordinary,2,after,1,fixed_winner,12,1,1,1,8,1,242066,0
mixed_one_ordinary,2,after,1,fixed_winner,13,1,1,1,8,1,229218,0
mixed_one_ordinary,2,after,1,fixed_winner,14,1,1,1,8,1,226114,0
mixed_one_ordinary,2,before,1,native,0,1,1,1,0,1,227748,224051
mixed_one_ordinary,2,before,1,native,1,1,1,1,0,1,223625,224144
mixed_one_ordinary,2,before,1,native,2,1,1,1,0,1,223386,224014
mixed_one_ordinary,2,before,1,native,3,1,1,1,0,1,223331,223987
mixed_one_ordinary,2,before,1,native,4,1,1,1,0,1,223524,223969
mixed_one_ordinary,2,before,1,native,5,1,1,1,0,1,258836,242674
mixed_one_ordinary,2,before,1,native,6,1,1,1,0,1,273511,224141
mixed_one_ordinary,2,before,1,native,7,1,1,1,0,1,228602,224334
mixed_one_ordinary,2,before,1,native,8,1,1,1,0,1,221761,223893
mixed_one_ordinary,2,before,1,native,9,1,1,1,0,1,233203,223755
mixed_one_ordinary,2,before,1,native,10,1,1,1,0,1,223606,223939
mixed_one_ordinary,2,before,1,native,11,1,1,1,0,1,223918,223783
mixed_one_ordinary,2,before,1,native,12,1,1,1,0,1,223092,223755
mixed_one_ordinary,2,before,1,native,13,1,1,1,0,1,235132,229301
mixed_one_ordinary,2,before,1,native,14,1,1,1,0,1,223156,223819
mixed_one_ordinary,2,before,1,fixed_winner,0,1,1,1,8,1,410872,0
mixed_one_ordinary,2,before,1,fixed_winner,1,1,1,1,8,1,229520,0
mixed_one_ordinary,2,before,1,fixed_winner,2,1,1,1,8,1,241240,0
mixed_one_ordinary,2,before,1,fixed_winner,3,1,1,1,8,1,249762,0
mixed_one_ordinary,2,before,1,fixed_winner,4,1,1,1,8,1,222486,0
mixed_one_ordinary,2,before,1,fixed_winner,5,1,1,1,8,1,297289,0
mixed_one_ordinary,2,before,1,fixed_winner,6,1,1,1,8,1,234636,0
mixed_one_ordinary,2,before,1,fixed_winner,7,1,1,1,8,1,223726,0
mixed_one_ordinary,2,before,1,fixed_winner,8,1,1,1,8,1,224662,0
mixed_one_ordinary,2,before,1,fixed_winner,9,1,1,1,8,1,223873,0
mixed_one_ordinary,2,before,1,fixed_winner,10,1,1,1,8,1,223864,0
mixed_one_ordinary,2,before,1,fixed_winner,11,1,1,1,8,1,231192,0
mixed_one_ordinary,2,before,1,fixed_winner,12,1,1,1,8,1,222302,0
mixed_one_ordinary,2,before,1,fixed_winner,13,1,1,1,8,1,222110,0
mixed_one_ordinary,2,before,1,fixed_winner,14,1,1,1,8,1,222091,0
mixed_one_ordinary,2,before,2,native,0,1,1,1,0,1,224194,225783
mixed_one_ordinary,2,before,2,native,1,1,1,1,0,1,224249,225810
mixed_one_ordinary,2,before,2,native,2,1,1,1,0,1,233295,225791
mixed_one_ordinary,2,before,2,native,3,1,1,1,0,1,224341,225884
mixed_one_ordinary,2,before,2,native,4,1,1,1,0,1,224497,225847
mixed_one_ordinary,2,before,2,native,5,1,1,1,0,1,250707,250488
mixed_one_ordinary,2,before,2,native,6,1,1,1,0,1,232716,225288
mixed_one_ordinary,2,before,2,native,7,1,1,1,0,1,235453,225471
mixed_one_ordinary,2,before,2,native,8,1,1,1,0,1,223239,225425
mixed_one_ordinary,2,before,2,native,9,1,1,1,0,1,222900,225269
mixed_one_ordinary,2,before,2,native,10,1,1,1,0,1,232863,225260
mixed_one_ordinary,2,before,2,native,11,1,1,1,0,1,230044,225434
mixed_one_ordinary,2,before,2,native,12,1,1,1,0,1,264226,225407
mixed_one_ordinary,2,before,2,native,13,1,1,1,0,1,230035,230787
mixed_one_ordinary,2,before,2,native,14,1,1,1,0,1,224296,225222
mixed_one_ordinary,2,before,2,fixed_winner,0,1,1,1,8,1,222091,0
mixed_one_ordinary,2,before,2,fixed_winner,1,1,1,1,8,1,222091,0
mixed_one_ordinary,2,before,2,fixed_winner,2,1,1,1,8,1,259341,0
mixed_one_ordinary,2,before,2,fixed_winner,3,1,1,1,8,1,223901,0
mixed_one_ordinary,2,before,2,fixed_winner,4,1,1,1,8,1,223442,0
mixed_one_ordinary,2,before,2,fixed_winner,5,1,1,1,8,1,230596,0
mixed_one_ordinary,2,before,2,fixed_winner,6,1,1,1,8,1,223597,0
mixed_one_ordinary,2,before,2,fixed_winner,7,1,1,1,8,1,224562,0
mixed_one_ordinary,2,before,2,fixed_winner,8,1,1,1,8,1,224726,0
mixed_one_ordinary,2,before,2,fixed_winner,9,1,1,1,8,1,233718,0
mixed_one_ordinary,2,before,2,fixed_winner,10,1,1,1,8,1,242286,0
mixed_one_ordinary,2,before,2,fixed_winner,11,1,1,1,8,1,257953,0
mixed_one_ordinary,2,before,2,fixed_winner,12,1,1,1,8,1,226371,0
mixed_one_ordinary,2,before,2,fixed_winner,13,1,1,1,8,1,235150,0
mixed_one_ordinary,2,before,2,fixed_winner,14,1,1,1,8,1,222872,0
mixed_one_ordinary,2,after,2,native,0,1,1,1,0,1,240780,249847
mixed_one_ordinary,2,after,2,native,1,1,1,1,0,1,266035,250167
mixed_one_ordinary,2,after,2,native,2,1,1,1,0,1,230852,250305
mixed_one_ordinary,2,after,2,native,3,1,1,1,0,1,224846,249883
mixed_one_ordinary,2,after,2,native,4,1,1,1,0,1,227951,249773
mixed_one_ordinary,2,after,2,native,5,1,1,1,0,1,456744,425452
mixed_one_ordinary,2,after,2,native,6,1,1,1,0,1,280914,250538
mixed_one_ordinary,2,after,2,native,7,1,1,1,0,1,292356,249914
mixed_one_ordinary,2,after,2,native,8,1,1,1,0,1,264153,249859
mixed_one_ordinary,2,after,2,native,9,1,1,1,0,1,224212,249584
mixed_one_ordinary,2,after,2,native,10,1,1,1,0,1,234710,249574
mixed_one_ordinary,2,after,2,native,11,1,1,1,0,1,224388,249694
mixed_one_ordinary,2,after,2,native,12,1,1,1,0,1,223836,249602
mixed_one_ordinary,2,after,2,native,13,1,1,1,0,1,229438,255770
mixed_one_ordinary,2,after,2,native,14,1,1,1,0,1,249937,249461
mixed_one_ordinary,2,after,2,fixed_winner,0,1,1,1,8,1,233920,0
mixed_one_ordinary,2,after,2,fixed_winner,1,1,1,1,8,1,229558,0
mixed_one_ordinary,2,after,2,fixed_winner,2,1,1,1,8,1,223350,0
mixed_one_ordinary,2,after,2,fixed_winner,3,1,1,1,8,1,222348,0
mixed_one_ordinary,2,after,2,fixed_winner,4,1,1,1,8,1,223882,0
mixed_one_ordinary,2,after,2,fixed_winner,5,1,1,1,8,1,222064,0
mixed_one_ordinary,2,after,2,fixed_winner,6,1,1,1,8,1,222349,0
mixed_one_ordinary,2,after,2,fixed_winner,7,1,1,1,8,1,223377,0
mixed_one_ordinary,2,after,2,fixed_winner,8,1,1,1,8,1,231321,0
mixed_one_ordinary,2,after,2,fixed_winner,9,1,1,1,8,1,223469,0
mixed_one_ordinary,2,after,2,fixed_winner,10,1,1,1,8,1,222844,0
mixed_one_ordinary,2,after,2,fixed_winner,11,1,1,1,8,1,222265,0
mixed_one_ordinary,2,after,2,fixed_winner,12,1,1,1,8,1,223845,0
mixed_one_ordinary,2,after,2,fixed_winner,13,1,1,1,8,1,222073,0
mixed_one_ordinary,2,after,2,fixed_winner,14,1,1,1,8,1,226536,0
mixed_one_ordinary,2,after,3,native,0,1,1,1,0,1,224185,256567
mixed_one_ordinary,2,after,3,native,1,1,1,1,0,1,233359,256586
mixed_one_ordinary,2,after,3,native,2,1,1,1,0,1,224397,256705
mixed_one_ordinary,2,after,3,native,3,1,1,1,0,1,224203,256548
mixed_one_ordinary,2,after,3,native,4,1,1,1,0,1,243948,256595
mixed_one_ordinary,2,after,3,native,5,1,1,1,0,1,248917,256879
mixed_one_ordinary,2,after,3,native,6,1,1,1,0,1,224470,256879
mixed_one_ordinary,2,after,3,native,7,1,1,1,0,1,222963,256595
mixed_one_ordinary,2,after,3,native,8,1,1,1,0,1,289393,256604
mixed_one_ordinary,2,after,3,native,9,1,1,1,0,1,281786,258202
mixed_one_ordinary,2,after,3,native,10,1,1,1,0,1,225140,256898
mixed_one_ordinary,2,after,3,native,11,1,1,1,0,1,222954,256604
mixed_one_ordinary,2,after,3,native,12,1,1,1,0,1,223239,256558
mixed_one_ordinary,2,after,3,native,13,1,1,1,0,1,248146,281237
mixed_one_ordinary,2,after,3,native,14,1,1,1,0,1,234141,256349
mixed_one_ordinary,2,after,3,fixed_winner,0,1,1,1,8,1,222091,0
mixed_one_ordinary,2,after,3,fixed_winner,1,1,1,1,8,1,233029,0
mixed_one_ordinary,2,after,3,fixed_winner,2,1,1,1,8,1,222164,0
mixed_one_ordinary,2,after,3,fixed_winner,3,1,1,1,8,1,303553,0
mixed_one_ordinary,2,after,3,fixed_winner,4,1,1,1,8,1,311697,0
mixed_one_ordinary,2,after,3,fixed_winner,5,1,1,1,8,1,280141,0
mixed_one_ordinary,2,after,3,fixed_winner,6,1,1,1,8,1,277662,0
mixed_one_ordinary,2,after,3,fixed_winner,7,1,1,1,8,1,227316,0
mixed_one_ordinary,2,after,3,fixed_winner,8,1,1,1,8,1,232322,0
mixed_one_ordinary,2,after,3,fixed_winner,9,1,1,1,8,1,346788,0
mixed_one_ordinary,2,after,3,fixed_winner,10,1,1,1,8,1,243177,0
mixed_one_ordinary,2,after,3,fixed_winner,11,1,1,1,8,1,221163,0
mixed_one_ordinary,2,after,3,fixed_winner,12,1,1,1,8,1,220888,0
mixed_one_ordinary,2,after,3,fixed_winner,13,1,1,1,8,1,222587,0
mixed_one_ordinary,2,after,3,fixed_winner,14,1,1,1,8,1,223331,0
mixed_one_ordinary,2,before,3,native,0,1,1,1,0,1,230173,240615
mixed_one_ordinary,2,before,3,native,1,1,1,1,0,1,239871,240726
mixed_one_ordinary,2,before,3,native,2,1,1,1,0,1,230402,240744
mixed_one_ordinary,2,before,3,native,3,1,1,1,0,1,230182,240597
mixed_one_ordinary,2,before,3,native,4,1,1,1,0,1,231468,240550
mixed_one_ordinary,2,before,3,native,5,1,1,1,0,1,260304,269544
mixed_one_ordinary,2,before,3,native,6,1,1,1,0,1,229604,240284
mixed_one_ordinary,2,before,3,native,7,1,1,1,0,1,228786,240129
mixed_one_ordinary,2,before,3,native,8,1,1,1,0,1,245519,240110
mixed_one_ordinary,2,before,3,native,9,1,1,1,0,1,263510,240459
mixed_one_ordinary,2,before,3,native,10,1,1,1,0,1,229310,240523
mixed_one_ordinary,2,before,3,native,11,1,1,1,0,1,232120,240147
mixed_one_ordinary,2,before,3,native,12,1,1,1,0,1,229052,240165
mixed_one_ordinary,2,before,3,native,13,1,1,1,0,1,228795,240129
mixed_one_ordinary,2,before,3,native,14,1,1,1,0,1,228767,240129
mixed_one_ordinary,2,before,3,fixed_winner,0,1,1,1,8,1,227996,0
mixed_one_ordinary,2,before,3,fixed_winner,1,1,1,1,8,1,227950,0
mixed_one_ordinary,2,before,3,fixed_winner,2,1,1,1,8,1,239862,0
mixed_one_ordinary,2,before,3,fixed_winner,3,1,1,1,8,1,228437,0
mixed_one_ordinary,2,before,3,fixed_winner,4,1,1,1,8,1,226802,0
mixed_one_ordinary,2,before,3,fixed_winner,5,1,1,1,8,1,226545,0
mixed_one_ordinary,2,before,3,fixed_winner,6,1,1,1,8,1,235077,0
mixed_one_ordinary,2,before,3,fixed_winner,7,1,1,1,8,1,242507,0
mixed_one_ordinary,2,before,3,fixed_winner,8,1,1,1,8,1,269635,0
mixed_one_ordinary,2,before,3,fixed_winner,9,1,1,1,8,1,225912,0
mixed_one_ordinary,2,before,3,fixed_winner,10,1,1,1,8,1,225223,0
mixed_one_ordinary,2,before,3,fixed_winner,11,1,1,1,8,1,229806,0
mixed_one_ordinary,2,before,3,fixed_winner,12,1,1,1,8,1,223919,0
mixed_one_ordinary,2,before,3,fixed_winner,13,1,1,1,8,1,223854,0
mixed_one_ordinary,2,before,3,fixed_winner,14,1,1,1,8,1,230696,0
mixed_one_ordinary,2,before,4,native,0,1,1,1,0,1,373577,226391
mixed_one_ordinary,2,before,4,native,1,1,1,1,0,1,373311,225840
mixed_one_ordinary,2,before,4,native,2,1,1,1,0,1,385902,225757
mixed_one_ordinary,2,before,4,native,3,1,1,1,0,1,362612,225858
mixed_one_ordinary,2,before,4,native,4,1,1,1,0,1,234049,225840
mixed_one_ordinary,2,before,4,native,5,1,1,1,0,1,259534,261004
mixed_one_ordinary,2,before,4,native,6,1,1,1,0,1,223019,224756
mixed_one_ordinary,2,before,4,native,7,1,1,1,0,1,232910,224663
mixed_one_ordinary,2,before,4,native,8,1,1,1,0,1,232248,224986
mixed_one_ordinary,2,before,4,native,9,1,1,1,0,1,239476,224774
mixed_one_ordinary,2,before,4,native,10,1,1,1,0,1,244352,224802
mixed_one_ordinary,2,before,4,native,11,1,1,1,0,1,443240,225784
mixed_one_ordinary,2,before,4,native,12,1,1,1,0,1,374588,227006
mixed_one_ordinary,2,before,4,native,13,1,1,1,0,1,385819,225169
mixed_one_ordinary,2,before,4,native,14,1,1,1,0,1,374569,225141
mixed_one_ordinary,2,before,4,fixed_winner,0,1,1,1,8,1,223422,0
mixed_one_ordinary,2,before,4,fixed_winner,1,1,1,1,8,1,231248,0
mixed_one_ordinary,2,before,4,fixed_winner,2,1,1,1,8,1,225315,0
mixed_one_ordinary,2,before,4,fixed_winner,3,1,1,1,8,1,229604,0
mixed_one_ordinary,2,before,4,fixed_winner,4,1,1,1,8,1,225333,0
mixed_one_ordinary,2,before,4,fixed_winner,5,1,1,1,8,1,259506,0
mixed_one_ordinary,2,before,4,fixed_winner,6,1,1,1,8,1,268791,0
mixed_one_ordinary,2,before,4,fixed_winner,7,1,1,1,8,1,228079,0
mixed_one_ordinary,2,before,4,fixed_winner,8,1,1,1,8,1,224047,0
mixed_one_ordinary,2,before,4,fixed_winner,9,1,1,1,8,1,227785,0
mixed_one_ordinary,2,before,4,fixed_winner,10,1,1,1,8,1,225214,0
mixed_one_ordinary,2,before,4,fixed_winner,11,1,1,1,8,1,225480,0
mixed_one_ordinary,2,before,4,fixed_winner,12,1,1,1,8,1,225241,0
mixed_one_ordinary,2,before,4,fixed_winner,13,1,1,1,8,1,233828,0
mixed_one_ordinary,2,before,4,fixed_winner,14,1,1,1,8,1,223652,0
mixed_one_ordinary,2,after,4,native,0,1,1,1,0,1,224286,231861
mixed_one_ordinary,2,after,4,native,1,1,1,1,0,1,224387,231889
mixed_one_ordinary,2,after,4,native,2,1,1,1,0,1,232037,231797
mixed_one_ordinary,2,after,4,native,3,1,1,1,0,1,224405,231907
mixed_one_ordinary,2,after,4,native,4,1,1,1,0,1,224414,231779
mixed_one_ordinary,2,after,4,native,5,1,1,1,0,1,244123,251014
mixed_one_ordinary,2,after,4,native,6,1,1,1,0,1,224323,231342
mixed_one_ordinary,2,after,4,native,7,1,1,1,0,1,225976,231195
mixed_one_ordinary,2,after,4,native,8,1,1,1,0,1,224194,231204
mixed_one_ordinary,2,after,4,native,9,1,1,1,0,1,224212,231214
mixed_one_ordinary,2,after,4,native,10,1,1,1,0,1,232790,231204
mixed_one_ordinary,2,after,4,native,11,1,1,1,0,1,232093,231305
mixed_one_ordinary,2,after,4,native,12,1,1,1,0,1,224580,231361
mixed_one_ordinary,2,after,4,native,13,1,1,1,0,1,224231,231232
mixed_one_ordinary,2,after,4,native,14,1,1,1,0,1,238374,231223
mixed_one_ordinary,2,after,4,fixed_winner,0,1,1,1,8,1,228869,0
mixed_one_ordinary,2,after,4,fixed_winner,1,1,1,1,8,1,222321,0
mixed_one_ordinary,2,after,4,fixed_winner,2,1,1,1,8,1,227262,0
mixed_one_ordinary,2,after,4,fixed_winner,3,1,1,1,8,1,222422,0
mixed_one_ordinary,2,after,4,fixed_winner,4,1,1,1,8,1,226876,0
mixed_one_ordinary,2,after,4,fixed_winner,5,1,1,1,8,1,224010,0
mixed_one_ordinary,2,after,4,fixed_winner,6,1,1,1,8,1,229668,0
mixed_one_ordinary,2,after,4,fixed_winner,7,1,1,1,8,1,222303,0
mixed_one_ordinary,2,after,4,fixed_winner,8,1,1,1,8,1,229576,0
mixed_one_ordinary,2,after,4,fixed_winner,9,1,1,1,8,1,223918,0
mixed_one_ordinary,2,after,4,fixed_winner,10,1,1,1,8,1,222073,0
mixed_one_ordinary,2,after,4,fixed_winner,11,1,1,1,8,1,224075,0
mixed_one_ordinary,2,after,4,fixed_winner,12,1,1,1,8,1,223845,0
mixed_one_ordinary,2,after,4,fixed_winner,13,1,1,1,8,1,225737,0
mixed_one_ordinary,2,after,4,fixed_winner,14,1,1,1,8,1,224892,0
mixed_one_ordinary,4,after,0,native,0,3,3,1,0,1,234462,246839
mixed_one_ordinary,4,after,0,native,1,3,3,1,0,1,237556,246766
mixed_one_ordinary,4,after,0,native,2,3,3,1,0,1,230752,247152
mixed_one_ordinary,4,after,0,native,3,3,3,1,0,1,229273,246664
mixed_one_ordinary,4,after,0,native,4,3,3,1,0,1,240560,246572
mixed_one_ordinary,4,after,0,native,5,3,3,1,0,1,271472,256117
mixed_one_ordinary,4,after,0,native,6,3,3,1,0,1,227766,246603
mixed_one_ordinary,4,after,0,native,7,3,3,1,0,1,226628,246473
mixed_one_ordinary,4,after,0,native,8,3,3,1,0,1,236124,246455
mixed_one_ordinary,4,after,0,native,9,3,3,1,0,1,220457,246759
mixed_one_ordinary,4,after,0,native,10,3,3,1,0,1,228759,246630
mixed_one_ordinary,4,after,0,native,11,3,3,1,0,1,232680,246428
mixed_one_ordinary,4,after,0,native,12,3,3,1,0,1,395416,246575
mixed_one_ordinary,4,after,0,native,13,3,3,1,0,1,286818,256620
mixed_one_ordinary,4,after,0,native,14,3,3,1,0,1,267762,246904
mixed_one_ordinary,4,after,0,fixed_winner,0,3,1,1,10,1,218914,0
mixed_one_ordinary,4,after,0,fixed_winner,1,3,1,1,10,1,216571,0
mixed_one_ordinary,4,after,0,fixed_winner,2,3,1,1,10,1,215938,0
mixed_one_ordinary,4,after,0,fixed_winner,3,3,1,1,10,1,217959,0
mixed_one_ordinary,4,after,0,fixed_winner,4,3,1,1,10,1,245134,0
mixed_one_ordinary,4,after,0,fixed_winner,5,3,1,1,10,1,225579,0
mixed_one_ordinary,4,after,0,fixed_winner,6,3,1,1,10,1,217756,0
mixed_one_ordinary,4,after,0,fixed_winner,7,3,1,1,10,1,218601,0
mixed_one_ordinary,4,after,0,fixed_winner,8,3,1,1,10,1,228446,0
mixed_one_ordinary,4,after,0,fixed_winner,9,3,1,1,10,1,215111,0
mixed_one_ordinary,4,after,0,fixed_winner,10,3,1,1,10,1,219492,0
mixed_one_ordinary,4,after,0,fixed_winner,11,3,1,1,10,1,220098,0
mixed_one_ordinary,4,after,0,fixed_winner,12,3,1,1,10,1,352314,0
mixed_one_ordinary,4,after,0,fixed_winner,13,3,1,1,10,1,316825,0
mixed_one_ordinary,4,after,0,fixed_winner,14,3,1,1,10,1,273226,0
mixed_one_ordinary,4,before,0,native,0,1,1,1,0,1,254639,227157
mixed_one_ordinary,4,before,0,native,1,1,1,1,0,1,268910,227607
mixed_one_ordinary,4,before,0,native,2,1,1,1,0,1,234627,227781
mixed_one_ordinary,4,before,0,native,3,1,1,1,0,1,225939,227395
mixed_one_ordinary,4,before,0,native,4,1,1,1,0,1,225912,227230
mixed_one_ordinary,4,before,0,native,5,1,1,1,0,1,233608,234529
mixed_one_ordinary,4,before,0,native,6,1,1,1,0,1,225765,226731
mixed_one_ordinary,4,before,0,native,7,1,1,1,0,1,225618,226631
mixed_one_ordinary,4,before,0,native,8,1,1,1,0,1,225627,226631
mixed_one_ordinary,4,before,0,native,9,1,1,1,0,1,225590,226576
mixed_one_ordinary,4,before,0,native,10,1,1,1,0,1,235040,226567
mixed_one_ordinary,4,before,0,native,11,1,1,1,0,1,225802,226713
mixed_one_ordinary,4,before,0,native,12,1,1,1,0,1,236675,226658
mixed_one_ordinary,4,before,0,native,13,1,1,1,0,1,225810,226714
mixed_one_ordinary,4,before,0,native,14,1,1,1,0,1,225701,226676
mixed_one_ordinary,4,before,0,fixed_winner,0,3,1,1,10,1,219446,0
mixed_one_ordinary,4,before,0,fixed_winner,1,3,1,1,10,1,222100,0
mixed_one_ordinary,4,before,0,fixed_winner,2,3,1,1,10,1,223607,0
mixed_one_ordinary,4,before,0,fixed_winner,3,3,1,1,10,1,221926,0
mixed_one_ordinary,4,before,0,fixed_winner,4,3,1,1,10,1,212751,0
mixed_one_ordinary,4,before,0,fixed_winner,5,3,1,1,10,1,216737,0
mixed_one_ordinary,4,before,0,fixed_winner,6,3,1,1,10,1,214376,0
mixed_one_ordinary,4,before,0,fixed_winner,7,3,1,1,10,1,221760,0
mixed_one_ordinary,4,before,0,fixed_winner,8,3,1,1,10,1,215663,0
mixed_one_ordinary,4,before,0,fixed_winner,9,3,1,1,10,1,225214,0
mixed_one_ordinary,4,before,0,fixed_winner,10,3,1,1,10,1,393038,0
mixed_one_ordinary,4,before,0,fixed_winner,11,3,1,1,10,1,219024,0
mixed_one_ordinary,4,before,0,fixed_winner,12,3,1,1,10,1,222412,0
mixed_one_ordinary,4,before,0,fixed_winner,13,3,1,1,10,1,218785,0
mixed_one_ordinary,4,before,0,fixed_winner,14,3,1,1,10,1,213935,0
mixed_one_ordinary,4,before,1,native,0,1,1,1,0,1,335713,227705
mixed_one_ordinary,4,before,1,native,1,1,1,1,0,1,261709,227851
mixed_one_ordinary,4,before,1,native,2,1,1,1,0,1,226049,227438
mixed_one_ordinary,4,before,1,native,3,1,1,1,0,1,225599,227044
mixed_one_ordinary,4,before,1,native,4,1,1,1,0,1,225857,227052
mixed_one_ordinary,4,before,1,native,5,1,1,1,0,1,251810,252880
mixed_one_ordinary,4,before,1,native,6,1,1,1,0,1,235757,226817
mixed_one_ordinary,4,before,1,native,7,1,1,1,0,1,227730,226982
mixed_one_ordinary,4,before,1,native,8,1,1,1,0,1,253784,226752
mixed_one_ordinary,4,before,1,native,9,1,1,1,0,1,225838,226955
mixed_one_ordinary,4,before,1,native,10,1,1,1,0,1,224947,226734
mixed_one_ordinary,4,before,1,native,11,1,1,1,0,1,234287,226826
mixed_one_ordinary,4,before,1,native,12,1,1,1,0,1,264171,227019
mixed_one_ordinary,4,before,1,native,13,1,1,1,0,1,226656,227129
mixed_one_ordinary,4,before,1,native,14,1,1,1,0,1,234930,226753
mixed_one_ordinary,4,before,1,fixed_winner,0,3,1,1,10,1,217729,0
mixed_one_ordinary,4,before,1,fixed_winner,1,3,1,1,10,1,213716,0
mixed_one_ordinary,4,before,1,fixed_winner,2,3,1,1,10,1,215672,0
mixed_one_ordinary,4,before,1,fixed_winner,3,3,1,1,10,1,215406,0
mixed_one_ordinary,4,before,1,fixed_winner,4,3,1,1,10,1,211117,0
mixed_one_ordinary,4,before,1,fixed_winner,5,3,1,1,10,1,225700,0
mixed_one_ordinary,4,before,1,fixed_winner,6,3,1,1,10,1,243917,0
mixed_one_ordinary,4,before,1,fixed_winner,7,3,1,1,10,1,228164,0
mixed_one_ordinary,4,before,1,fixed_winner,8,3,1,1,10,1,219529,0
mixed_one_ordinary,4,before,1,fixed_winner,9,3,1,1,10,1,213863,0
mixed_one_ordinary,4,before,1,fixed_winner,10,3,1,1,10,1,217830,0
mixed_one_ordinary,4,before,1,fixed_winner,11,3,1,1,10,1,217940,0
mixed_one_ordinary,4,before,1,fixed_winner,12,3,1,1,10,1,220181,0
mixed_one_ordinary,4,before,1,fixed_winner,13,3,1,1,10,1,324955,0
mixed_one_ordinary,4,before,1,fixed_winner,14,3,1,1,10,1,260657,0
mixed_one_ordinary,4,after,1,native,0,3,3,1,0,1,223956,220247
mixed_one_ordinary,4,after,1,native,1,3,3,1,0,1,223598,220127
mixed_one_ordinary,4,after,1,native,2,3,3,1,0,1,223460,220082
mixed_one_ordinary,4,after,1,native,3,3,3,1,0,1,223597,220238
mixed_one_ordinary,4,after,1,native,4,3,3,1,0,1,218592,220119
mixed_one_ordinary,4,after,1,native,5,3,3,1,0,1,217187,220063
mixed_one_ordinary,4,after,1,native,6,3,3,1,0,1,218253,220073
mixed_one_ordinary,4,after,1,native,7,3,3,1,0,1,217545,219999
mixed_one_ordinary,4,after,1,native,8,3,3,1,0,1,217830,220054
mixed_one_ordinary,4,after,1,native,9,3,3,1,0,1,241010,220036
mixed_one_ordinary,4,after,1,native,10,3,3,1,0,1,269185,220715
mixed_one_ordinary,4,after,1,native,11,3,3,1,0,1,223928,220366
mixed_one_ordinary,4,after,1,native,12,3,3,1,0,1,221944,220137
mixed_one_ordinary,4,after,1,native,13,3,3,1,0,1,226692,226797
mixed_one_ordinary,4,after,1,native,14,3,3,1,0,1,218803,219936
mixed_one_ordinary,4,after,1,fixed_winner,0,3,1,1,10,1,212347,0
mixed_one_ordinary,4,after,1,fixed_winner,1,3,1,1,10,1,217251,0
mixed_one_ordinary,4,after,1,fixed_winner,2,3,1,1,10,1,212816,0
mixed_one_ordinary,4,after,1,fixed_winner,3,3,1,1,10,1,217362,0
mixed_one_ordinary,4,after,1,fixed_winner,4,3,1,1,10,1,216241,0
mixed_one_ordinary,4,after,1,fixed_winner,5,3,1,1,10,1,212999,0
mixed_one_ordinary,4,after,1,fixed_winner,6,3,1,1,10,1,247365,0
mixed_one_ordinary,4,after,1,fixed_winner,7,3,1,1,10,1,218399,0
mixed_one_ordinary,4,after,1,fixed_winner,8,3,1,1,10,1,403664,0
mixed_one_ordinary,4,after,1,fixed_winner,9,3,1,1,10,1,275485,0
mixed_one_ordinary,4,after,1,fixed_winner,10,3,1,1,10,1,220291,0
mixed_one_ordinary,4,after,1,fixed_winner,11,3,1,1,10,1,215323,0
mixed_one_ordinary,4,after,1,fixed_winner,12,3,1,1,10,1,217003,0
mixed_one_ordinary,4,after,1,fixed_winner,13,3,1,1,10,1,220171,0
mixed_one_ordinary,4,after,1,fixed_winner,14,3,1,1,10,1,214184,0
mixed_one_ordinary,4,after,2,native,0,3,3,1,0,1,220925,215107
mixed_one_ordinary,4,after,2,native,1,3,3,1,0,1,217444,215162
mixed_one_ordinary,4,after,2,native,2,3,3,1,0,1,216470,215208
mixed_one_ordinary,4,after,2,native,3,3,3,1,0,1,215139,215098
mixed_one_ordinary,4,after,2,native,4,3,3,1,0,1,215993,214877
mixed_one_ordinary,4,after,2,native,5,3,3,1,0,1,247659,214960
mixed_one_ordinary,4,after,2,native,6,3,3,1,0,1,220796,215061
mixed_one_ordinary,4,after,2,native,7,3,3,1,0,1,218648,214905
mixed_one_ordinary,4,after,2,native,8,3,3,1,0,1,217904,214923
mixed_one_ordinary,4,after,2,native,9,3,3,1,0,1,219786,214950
mixed_one_ordinary,4,after,2,native,10,3,3,1,0,1,215341,214850
mixed_one_ordinary,4,after,2,native,11,3,3,1,0,1,215102,214941
mixed_one_ordinary,4,after,2,native,12,3,3,1,0,1,215277,214979
mixed_one_ordinary,4,after,2,native,13,3,3,1,0,1,299181,221863
mixed_one_ordinary,4,after,2,native,14,3,3,1,0,1,296267,215563
mixed_one_ordinary,4,after,2,fixed_winner,0,3,1,1,10,1,224479,0
mixed_one_ordinary,4,after,2,fixed_winner,1,3,1,1,10,1,216764,0
mixed_one_ordinary,4,after,2,fixed_winner,2,3,1,1,10,1,212273,0
mixed_one_ordinary,4,after,2,fixed_winner,3,3,1,1,10,1,218629,0
mixed_one_ordinary,4,after,2,fixed_winner,4,3,1,1,10,1,214478,0
mixed_one_ordinary,4,after,2,fixed_winner,5,3,1,1,10,1,213430,0
mixed_one_ordinary,4,after,2,fixed_winner,6,3,1,1,10,1,216030,0
mixed_one_ordinary,4,after,2,fixed_winner,7,3,1,1,10,1,217343,0
mixed_one_ordinary,4,after,2,fixed_winner,8,3,1,1,10,1,217270,0
mixed_one_ordinary,4,after,2,fixed_winner,9,3,1,1,10,1,212641,0
mixed_one_ordinary,4,after,2,fixed_winner,10,3,1,1,10,1,213569,0
mixed_one_ordinary,4,after,2,fixed_winner,11,3,1,1,10,1,216517,0
mixed_one_ordinary,4,after,2,fixed_winner,12,3,1,1,10,1,215598,0
mixed_one_ordinary,4,after,2,fixed_winner,13,3,1,1,10,1,233469,0
mixed_one_ordinary,4,after,2,fixed_winner,14,3,1,1,10,1,213707,0
mixed_one_ordinary,4,before,2,native,0,1,1,1,4,1,222908,234050
mixed_one_ordinary,4,before,2,native,1,1,1,1,4,1,224782,234069
mixed_one_ordinary,4,before,2,native,2,1,1,1,4,1,231422,234069
mixed_one_ordinary,4,before,2,native,3,1,1,1,4,1,233525,234133
mixed_one_ordinary,4,before,2,native,4,1,1,1,4,1,225140,234234
mixed_one_ordinary,4,before,2,native,5,1,1,1,4,1,233662,242487
mixed_one_ordinary,4,before,2,native,6,1,1,1,4,1,222652,233679
mixed_one_ordinary,4,before,2,native,7,1,1,1,4,1,241955,233927
mixed_one_ordinary,4,before,2,native,8,1,1,1,4,1,249156,233946
mixed_one_ordinary,4,before,2,native,9,1,1,1,4,1,230219,234038
mixed_one_ordinary,4,before,2,native,10,1,1,1,4,1,224387,233698
mixed_one_ordinary,4,before,2,native,11,1,1,1,4,1,224773,233643
mixed_one_ordinary,4,before,2,native,12,1,1,1,4,1,223175,233680
mixed_one_ordinary,4,before,2,native,13,1,1,1,4,1,222972,233624
mixed_one_ordinary,4,before,2,native,14,1,1,1,4,1,221733,233615
mixed_one_ordinary,4,before,2,fixed_winner,0,3,1,1,10,1,211649,0
mixed_one_ordinary,4,before,2,fixed_winner,1,3,1,1,10,1,225681,0
mixed_one_ordinary,4,before,2,fixed_winner,2,3,1,1,10,1,218675,0
mixed_one_ordinary,4,before,2,fixed_winner,3,3,1,1,10,1,245078,0
mixed_one_ordinary,4,before,2,fixed_winner,4,3,1,1,10,1,216461,0
mixed_one_ordinary,4,before,2,fixed_winner,5,3,1,1,10,1,209326,0
mixed_one_ordinary,4,before,2,fixed_winner,6,3,1,1,10,1,213320,0
mixed_one_ordinary,4,before,2,fixed_winner,7,3,1,1,10,1,224166,0
mixed_one_ordinary,4,before,2,fixed_winner,8,3,1,1,10,1,214910,0
mixed_one_ordinary,4,before,2,fixed_winner,9,3,1,1,10,1,237649,0
mixed_one_ordinary,4,before,2,fixed_winner,10,3,1,1,10,1,236712,0
mixed_one_ordinary,4,before,2,fixed_winner,11,3,1,1,10,1,221650,0
mixed_one_ordinary,4,before,2,fixed_winner,12,3,1,1,10,1,210850,0
mixed_one_ordinary,4,before,2,fixed_winner,13,3,1,1,10,1,217527,0
mixed_one_ordinary,4,before,2,fixed_winner,14,3,1,1,10,1,208500,0
mixed_one_ordinary,4,before,3,native,0,1,1,1,4,1,235628,243294
mixed_one_ordinary,4,before,3,native,1,1,1,1,4,1,223992,243671
mixed_one_ordinary,4,before,3,native,2,1,1,1,4,1,222992,243359
mixed_one_ordinary,4,before,3,native,3,1,1,1,4,1,222881,243286
mixed_one_ordinary,4,before,3,native,4,1,1,1,4,1,422463,243340
mixed_one_ordinary,4,before,3,native,5,1,1,1,4,1,394470,253857
mixed_one_ordinary,4,before,3,native,6,1,1,1,4,1,323673,244481
mixed_one_ordinary,4,before,3,native,7,1,1,1,4,1,355283,243893
mixed_one_ordinary,4,before,3,native,8,1,1,1,4,1,772630,244141
mixed_one_ordinary,4,before,3,native,9,1,1,1,4,1,225351,244031
mixed_one_ordinary,4,before,3,native,10,1,1,1,4,1,224727,243066
mixed_one_ordinary,4,before,3,native,11,1,1,1,4,1,224672,243066
mixed_one_ordinary,4,before,3,native,12,1,1,1,4,1,230301,243029
mixed_one_ordinary,4,before,3,native,13,1,1,1,4,1,230256,249608
mixed_one_ordinary,4,before,3,native,14,1,1,1,4,1,221650,242922
mixed_one_ordinary,4,before,3,fixed_winner,0,3,1,1,10,1,235297,0
mixed_one_ordinary,4,before,3,fixed_winner,1,3,1,1,10,1,244766,0
mixed_one_ordinary,4,before,3,fixed_winner,2,3,1,1,10,1,210428,0
mixed_one_ordinary,4,before,3,fixed_winner,3,3,1,1,10,1,225103,0
mixed_one_ordinary,4,before,3,fixed_winner,4,3,1,1,10,1,214515,0
mixed_one_ordinary,4,before,3,fixed_winner,5,3,1,1,10,1,216774,0
mixed_one_ordinary,4,before,3,fixed_winner,6,3,1,1,10,1,218712,0
mixed_one_ordinary,4,before,3,fixed_winner,7,3,1,1,10,1,214579,0
mixed_one_ordinary,4,before,3,fixed_winner,8,3,1,1,10,1,215304,0
mixed_one_ordinary,4,before,3,fixed_winner,9,3,1,1,10,1,214533,0
mixed_one_ordinary,4,before,3,fixed_winner,10,3,1,1,10,1,213771,0
mixed_one_ordinary,4,before,3,fixed_winner,11,3,1,1,10,1,233782,0
mixed_one_ordinary,4,before,3,fixed_winner,12,3,1,1,10,1,225030,0
mixed_one_ordinary,4,before,3,fixed_winner,13,3,1,1,10,1,219832,0
mixed_one_ordinary,4,before,3,fixed_winner,14,3,1,1,10,1,219060,0
mixed_one_ordinary,4,after,3,native,0,1,3,1,4,1,219428,233041
mixed_one_ordinary,4,after,3,native,1,1,3,1,4,1,220686,233050
mixed_one_ordinary,4,after,3,native,2,1,3,1,4,1,220227,233041
mixed_one_ordinary,4,after,3,native,3,1,3,1,4,1,240486,233096
mixed_one_ordinary,4,after,3,native,4,1,3,1,4,1,260250,233206
mixed_one_ordinary,4,after,3,native,5,1,3,1,4,1,223726,233353
mixed_one_ordinary,4,after,3,native,6,1,3,1,4,1,215084,233160
mixed_one_ordinary,4,after,3,native,7,1,3,1,4,1,217986,233023
mixed_one_ordinary,4,after,3,native,8,1,3,1,4,1,218729,233031
mixed_one_ordinary,4,after,3,native,9,1,3,1,4,1,215414,233077
mixed_one_ordinary,4,after,3,native,10,1,3,1,4,1,218050,232986
mixed_one_ordinary,4,after,3,native,11,1,3,1,4,1,226481,233032
mixed_one_ordinary,4,after,3,native,12,1,3,1,4,1,214056,233050
mixed_one_ordinary,4,after,3,native,13,1,3,1,4,1,283393,232958
mixed_one_ordinary,4,after,3,native,14,1,3,1,4,1,222560,233261
mixed_one_ordinary,4,after,3,fixed_winner,0,3,1,1,10,1,210869,0
mixed_one_ordinary,4,after,3,fixed_winner,1,3,1,1,10,1,222063,0
mixed_one_ordinary,4,after,3,fixed_winner,2,3,1,1,10,1,247476,0
mixed_one_ordinary,4,after,3,fixed_winner,3,3,1,1,10,1,224992,0
mixed_one_ordinary,4,after,3,fixed_winner,4,3,1,1,10,1,260966,0
mixed_one_ordinary,4,after,3,fixed_winner,5,3,1,1,10,1,215791,0
mixed_one_ordinary,4,after,3,fixed_winner,6,3,1,1,10,1,217931,0
mixed_one_ordinary,4,after,3,fixed_winner,7,3,1,1,10,1,213174,0
mixed_one_ordinary,4,after,3,fixed_winner,8,3,1,1,10,1,217481,0
mixed_one_ordinary,4,after,3,fixed_winner,9,3,1,1,10,1,215763,0
mixed_one_ordinary,4,after,3,fixed_winner,10,3,1,1,10,1,214028,0
mixed_one_ordinary,4,after,3,fixed_winner,11,3,1,1,10,1,214570,0
mixed_one_ordinary,4,after,3,fixed_winner,12,3,1,1,10,1,213707,0
mixed_one_ordinary,4,after,3,fixed_winner,13,3,1,1,10,1,218123,0
mixed_one_ordinary,4,after,3,fixed_winner,14,3,1,1,10,1,215148,0
mixed_one_ordinary,4,after,4,native,0,3,3,1,0,1,217811,222615
mixed_one_ordinary,4,after,4,native,1,3,3,1,0,1,222991,222229
mixed_one_ordinary,4,after,4,native,2,3,3,1,0,1,228079,222174
mixed_one_ordinary,4,after,4,native,3,3,3,1,0,1,218877,222560
mixed_one_ordinary,4,after,4,native,4,3,3,1,0,1,216838,222110
mixed_one_ordinary,4,after,4,native,5,3,3,1,0,1,215773,222046
mixed_one_ordinary,4,after,4,native,6,3,3,1,0,1,236859,222027
mixed_one_ordinary,4,after,4,native,7,3,3,1,0,1,237125,222441
mixed_one_ordinary,4,after,4,native,8,3,3,1,0,1,290941,222192
mixed_one_ordinary,4,after,4,native,9,3,3,1,0,1,250249,222128
mixed_one_ordinary,4,after,4,native,10,3,3,1,0,1,223532,222624
mixed_one_ordinary,4,after,4,native,11,3,3,1,0,1,278366,222762
mixed_one_ordinary,4,after,4,native,12,3,3,1,0,1,267113,222808
mixed_one_ordinary,4,after,4,native,13,3,3,1,0,1,231074,222229
mixed_one_ordinary,4,after,4,native,14,3,3,1,0,1,228482,222569
mixed_one_ordinary,4,after,4,fixed_winner,0,3,1,1,10,1,241607,0
mixed_one_ordinary,4,after,4,fixed_winner,1,3,1,1,10,1,219547,0
mixed_one_ordinary,4,after,4,fixed_winner,2,3,1,1,10,1,222522,0
mixed_one_ordinary,4,after,4,fixed_winner,3,3,1,1,10,1,224112,0
mixed_one_ordinary,4,after,4,fixed_winner,4,3,1,1,10,1,216398,0
mixed_one_ordinary,4,after,4,fixed_winner,5,3,1,1,10,1,217086,0
mixed_one_ordinary,4,after,4,fixed_winner,6,3,1,1,10,1,273989,0
mixed_one_ordinary,4,after,4,fixed_winner,7,3,1,1,10,1,266770,0
mixed_one_ordinary,4,after,4,fixed_winner,8,3,1,1,10,1,219584,0
mixed_one_ordinary,4,after,4,fixed_winner,9,3,1,1,10,1,226785,0
mixed_one_ordinary,4,after,4,fixed_winner,10,3,1,1,10,1,217462,0
mixed_one_ordinary,4,after,4,fixed_winner,11,3,1,1,10,1,216792,0
mixed_one_ordinary,4,after,4,fixed_winner,12,3,1,1,10,1,215919,0
mixed_one_ordinary,4,after,4,fixed_winner,13,3,1,1,10,1,215654,0
mixed_one_ordinary,4,after,4,fixed_winner,14,3,1,1,10,1,210345,0
mixed_one_ordinary,4,before,4,native,0,1,1,1,0,1,223028,231509
mixed_one_ordinary,4,before,4,native,1,1,1,1,0,1,222955,231472
mixed_one_ordinary,4,before,4,native,2,1,1,1,0,1,435441,231482
mixed_one_ordinary,4,before,4,native,3,1,1,1,0,1,339476,234715
mixed_one_ordinary,4,before,4,native,4,1,1,1,0,1,282731,232886
mixed_one_ordinary,4,before,4,native,5,1,1,1,0,1,269672,231785
mixed_one_ordinary,4,before,4,native,6,1,1,1,0,1,224295,231473
mixed_one_ordinary,4,before,4,native,7,1,1,1,0,1,224259,231445
mixed_one_ordinary,4,before,4,native,8,1,1,1,0,1,236069,231409
mixed_one_ordinary,4,before,4,native,9,1,1,1,0,1,223964,231712
mixed_one_ordinary,4,before,4,native,10,1,1,1,0,1,222927,231463
mixed_one_ordinary,4,before,4,native,11,1,1,1,0,1,222899,231427
mixed_one_ordinary,4,before,4,native,12,1,1,1,0,1,260938,231445
mixed_one_ordinary,4,before,4,native,13,1,1,1,0,1,292714,242427
mixed_one_ordinary,4,before,4,native,14,1,1,1,0,1,223744,231700
mixed_one_ordinary,4,before,4,fixed_winner,0,3,1,1,10,1,211300,0
mixed_one_ordinary,4,before,4,fixed_winner,1,3,1,1,10,1,228198,0
mixed_one_ordinary,4,before,4,fixed_winner,2,3,1,1,10,1,219731,0
mixed_one_ordinary,4,before,4,fixed_winner,3,3,1,1,10,1,214165,0
mixed_one_ordinary,4,before,4,fixed_winner,4,3,1,1,10,1,215800,0
mixed_one_ordinary,4,before,4,fixed_winner,5,3,1,1,10,1,233902,0
mixed_one_ordinary,4,before,4,fixed_winner,6,3,1,1,10,1,252875,0
mixed_one_ordinary,4,before,4,fixed_winner,7,3,1,1,10,1,217720,0
mixed_one_ordinary,4,before,4,fixed_winner,8,3,1,1,10,1,215066,0
mixed_one_ordinary,4,before,4,fixed_winner,9,3,1,1,10,1,216388,0
mixed_one_ordinary,4,before,4,fixed_winner,10,3,1,1,10,1,215672,0
mixed_one_ordinary,4,before,4,fixed_winner,11,3,1,1,10,1,211548,0
mixed_one_ordinary,4,before,4,fixed_winner,12,3,1,1,10,1,215028,0
mixed_one_ordinary,4,before,4,fixed_winner,13,3,1,1,10,1,216003,0
mixed_one_ordinary,4,before,4,fixed_winner,14,3,1,1,10,1,210887,0
mixed_one_ordinary,6,before,0,native,0,1,1,1,0,1,224828,233607
mixed_one_ordinary,6,before,0,native,1,1,1,1,0,1,225232,233708
mixed_one_ordinary,6,before,0,native,2,1,1,1,0,1,272042,233524
mixed_one_ordinary,6,before,0,native,3,1,1,1,0,1,418238,235361
mixed_one_ordinary,6,before,0,native,4,1,1,1,0,1,281345,234507
mixed_one_ordinary,6,before,0,native,5,1,1,1,0,1,276633,245522
mixed_one_ordinary,6,before,0,native,6,1,1,1,0,1,223010,233280
mixed_one_ordinary,6,before,0,native,7,1,1,1,0,1,222927,233206
mixed_one_ordinary,6,before,0,native,8,1,1,1,0,1,293724,233198
mixed_one_ordinary,6,before,0,native,9,1,1,1,0,1,225581,235254
mixed_one_ordinary,6,before,0,native,10,1,1,1,0,1,221889,233271
mixed_one_ordinary,6,before,0,native,11,1,1,1,0,1,615793,233207
mixed_one_ordinary,6,before,0,native,12,1,1,1,0,1,341462,235071
mixed_one_ordinary,6,before,0,native,13,1,1,1,0,1,268386,234262
mixed_one_ordinary,6,before,0,native,14,1,1,1,0,1,254730,233463
mixed_one_ordinary,6,before,0,fixed_winner,0,5,1,1,9,1,233277,0
mixed_one_ordinary,6,before,0,fixed_winner,1,5,1,1,9,1,227271,0
mixed_one_ordinary,6,before,0,fixed_winner,2,5,1,1,9,1,234315,0
mixed_one_ordinary,6,before,0,fixed_winner,3,5,1,1,9,1,234297,0
mixed_one_ordinary,6,before,0,fixed_winner,4,5,1,1,9,1,238319,0
mixed_one_ordinary,6,before,0,fixed_winner,5,5,1,1,9,1,234158,0
mixed_one_ordinary,6,before,0,fixed_winner,6,5,1,1,9,1,229392,0
mixed_one_ordinary,6,before,0,fixed_winner,7,5,1,1,9,1,229989,0
mixed_one_ordinary,6,before,0,fixed_winner,8,5,1,1,9,1,228557,0
mixed_one_ordinary,6,before,0,fixed_winner,9,5,1,1,9,1,232010,0
mixed_one_ordinary,6,before,0,fixed_winner,10,5,1,1,9,1,228336,0
mixed_one_ordinary,6,before,0,fixed_winner,11,5,1,1,9,1,404223,0
mixed_one_ordinary,6,before,0,fixed_winner,12,5,1,1,9,1,229502,0
mixed_one_ordinary,6,before,0,fixed_winner,13,5,1,1,9,1,227013,0
mixed_one_ordinary,6,before,0,fixed_winner,14,5,1,1,9,1,235545,0
mixed_one_ordinary,6,after,0,native,0,1,1,1,0,1,228299,232666
mixed_one_ordinary,6,after,0,native,1,1,1,1,0,1,226793,233015
mixed_one_ordinary,6,after,0,native,2,1,1,1,0,1,231146,232740
mixed_one_ordinary,6,after,0,native,3,1,1,1,0,1,224902,232805
mixed_one_ordinary,6,after,0,native,4,1,1,1,0,1,224929,232685
mixed_one_ordinary,6,after,0,native,5,1,1,1,0,1,233452,241590
mixed_one_ordinary,6,after,0,native,6,1,1,1,0,1,269599,232305
mixed_one_ordinary,6,after,0,native,7,1,1,1,0,1,284523,232471
mixed_one_ordinary,6,after,0,native,8,1,1,1,0,1,227841,232976
mixed_one_ordinary,6,after,0,native,9,1,1,1,0,1,230054,232342
mixed_one_ordinary,6,after,0,native,10,1,1,1,0,1,223661,232352
mixed_one_ordinary,6,after,0,native,11,1,1,1,0,1,223423,232186
mixed_one_ordinary,6,after,0,native,12,1,1,1,0,1,227702,232177
mixed_one_ordinary,6,after,0,native,13,1,1,1,0,1,226122,232214
mixed_one_ordinary,6,after,0,native,14,1,1,1,0,1,226022,232158
mixed_one_ordinary,6,after,0,fixed_winner,0,5,1,1,9,1,241698,0
mixed_one_ordinary,6,after,0,fixed_winner,1,5,1,1,9,1,293174,0
mixed_one_ordinary,6,after,0,fixed_winner,2,5,1,1,9,1,247594,0
mixed_one_ordinary,6,after,0,fixed_winner,3,5,1,1,9,1,227555,0
mixed_one_ordinary,6,after,0,fixed_winner,4,5,1,1,9,1,265301,0
mixed_one_ordinary,6,after,0,fixed_winner,5,5,1,1,9,1,319567,0
mixed_one_ordinary,6,after,0,fixed_winner,6,5,1,1,9,1,236418,0
mixed_one_ordinary,6,after,0,fixed_winner,7,5,1,1,9,1,227923,0
mixed_one_ordinary,6,after,0,fixed_winner,8,5,1,1,9,1,235968,0
mixed_one_ordinary,6,after,0,fixed_winner,9,5,1,1,9,1,242829,0
mixed_one_ordinary,6,after,0,fixed_winner,10,5,1,1,9,1,241175,0
mixed_one_ordinary,6,after,0,fixed_winner,11,5,1,1,9,1,250974,0
mixed_one_ordinary,6,after,0,fixed_winner,12,5,1,1,9,1,234682,0
mixed_one_ordinary,6,after,0,fixed_winner,13,5,1,1,9,1,234553,0
mixed_one_ordinary,6,after,0,fixed_winner,14,5,1,1,9,1,227500,0
mixed_one_ordinary,6,before,1,native,0,1,1,1,4,1,232790,237496
mixed_one_ordinary,6,before,1,native,1,1,1,1,4,1,225204,237872
mixed_one_ordinary,6,before,1,native,2,1,1,1,4,1,255033,237542
mixed_one_ordinary,6,before,1,native,3,1,1,1,4,1,255888,237872
mixed_one_ordinary,6,before,1,native,4,1,1,1,4,1,223689,237974
mixed_one_ordinary,6,before,1,native,5,1,1,1,4,1,232717,246227
mixed_one_ordinary,6,before,1,native,6,1,1,1,4,1,221651,236997
mixed_one_ordinary,6,before,1,native,7,1,1,1,4,1,221559,236933
mixed_one_ordinary,6,before,1,native,8,1,1,1,4,1,222698,236979
mixed_one_ordinary,6,before,1,native,9,1,1,1,4,1,222890,236952
mixed_one_ordinary,6,before,1,native,10,1,1,1,4,1,231367,236989
mixed_one_ordinary,6,before,1,native,11,1,1,1,4,1,224819,237052
mixed_one_ordinary,6,before,1,native,12,1,1,1,4,1,223129,237016
mixed_one_ordinary,6,before,1,native,13,1,1,1,4,1,230356,242371
mixed_one_ordinary,6,before,1,native,14,1,1,1,4,1,223037,236880
mixed_one_ordinary,6,before,1,fixed_winner,0,5,1,1,9,1,241239,0
mixed_one_ordinary,6,before,1,fixed_winner,1,5,1,1,9,1,232707,0
mixed_one_ordinary,6,before,1,fixed_winner,2,5,1,1,9,1,224185,0
mixed_one_ordinary,6,before,1,fixed_winner,3,5,1,1,9,1,235720,0
mixed_one_ordinary,6,before,1,fixed_winner,4,5,1,1,9,1,224332,0
mixed_one_ordinary,6,before,1,fixed_winner,5,5,1,1,9,1,234746,0
mixed_one_ordinary,6,before,1,fixed_winner,6,5,1,1,9,1,222137,0
mixed_one_ordinary,6,before,1,fixed_winner,7,5,1,1,9,1,234664,0
mixed_one_ordinary,6,before,1,fixed_winner,8,5,1,1,9,1,227721,0
mixed_one_ordinary,6,before,1,fixed_winner,9,5,1,1,9,1,235609,0
mixed_one_ordinary,6,before,1,fixed_winner,10,5,1,1,9,1,218426,0
mixed_one_ordinary,6,before,1,fixed_winner,11,5,1,1,9,1,234425,0
mixed_one_ordinary,6,before,1,fixed_winner,12,5,1,1,9,1,292620,0
mixed_one_ordinary,6,before,1,fixed_winner,13,5,1,1,9,1,556973,0
mixed_one_ordinary,6,before,1,fixed_winner,14,5,1,1,9,1,267450,0
mixed_one_ordinary,6,after,1,native,0,1,1,1,0,1,224543,228181
mixed_one_ordinary,6,after,1,native,1,1,1,1,0,1,223680,228089
mixed_one_ordinary,6,after,1,native,2,1,1,1,0,1,240431,227914
mixed_one_ordinary,6,after,1,native,3,1,1,1,0,1,228584,228631
mixed_one_ordinary,6,after,1,native,4,1,1,1,0,1,221991,228043
mixed_one_ordinary,6,after,1,native,5,1,1,1,0,1,263354,227924
mixed_one_ordinary,6,after,1,native,6,1,1,1,0,1,222376,228493
mixed_one_ordinary,6,after,1,native,7,1,1,1,0,1,221586,227897
mixed_one_ordinary,6,after,1,native,8,1,1,1,0,1,235288,227924
mixed_one_ordinary,6,after,1,native,9,1,1,1,0,1,426585,228061
mixed_one_ordinary,6,after,1,native,10,1,1,1,0,1,281758,229806
mixed_one_ordinary,6,after,1,native,11,1,1,1,0,1,260498,228255
mixed_one_ordinary,6,after,1,native,12,1,1,1,0,1,225452,228136
mixed_one_ordinary,6,after,1,native,13,1,1,1,0,1,242056,236820
mixed_one_ordinary,6,after,1,native,14,1,1,1,0,1,224984,227618
mixed_one_ordinary,6,after,1,fixed_winner,0,5,1,1,9,1,223221,0
mixed_one_ordinary,6,after,1,fixed_winner,1,5,1,1,9,1,215616,0
mixed_one_ordinary,6,after,1,fixed_winner,2,5,1,1,9,1,207305,0
mixed_one_ordinary,6,after,1,fixed_winner,3,5,1,1,9,1,205551,0
mixed_one_ordinary,6,after,1,fixed_winner,4,5,1,1,9,1,215534,0
mixed_one_ordinary,6,after,1,fixed_winner,5,5,1,1,9,1,206185,0
mixed_one_ordinary,6,after,1,fixed_winner,6,5,1,1,9,1,207012,0
mixed_one_ordinary,6,after,1,fixed_winner,7,5,1,1,9,1,228345,0
mixed_one_ordinary,6,after,1,fixed_winner,8,5,1,1,9,1,261701,0
mixed_one_ordinary,6,after,1,fixed_winner,9,5,1,1,9,1,257586,0
mixed_one_ordinary,6,after,1,fixed_winner,10,5,1,1,9,1,218133,0
mixed_one_ordinary,6,after,1,fixed_winner,11,5,1,1,9,1,216333,0
mixed_one_ordinary,6,after,1,fixed_winner,12,5,1,1,9,1,233709,0
mixed_one_ordinary,6,after,1,fixed_winner,13,5,1,1,9,1,235848,0
mixed_one_ordinary,6,after,1,fixed_winner,14,5,1,1,9,1,220512,0
mixed_one_ordinary,6,after,2,native,0,1,1,1,0,1,224451,224086
mixed_one_ordinary,6,after,2,native,1,1,1,1,0,1,230769,224260
mixed_one_ordinary,6,after,2,native,2,1,1,1,0,1,223073,224214
mixed_one_ordinary,6,after,2,native,3,1,1,1,0,1,224442,224058
mixed_one_ordinary,6,after,2,native,4,1,1,1,0,1,238889,224039
mixed_one_ordinary,6,after,2,native,5,1,1,1,0,1,276982,230176
mixed_one_ordinary,6,after,2,native,6,1,1,1,0,1,229337,224270
mixed_one_ordinary,6,after,2,native,7,1,1,1,0,1,221816,223857
mixed_one_ordinary,6,after,2,native,8,1,1,1,0,1,221641,223738
mixed_one_ordinary,6,after,2,native,9,1,1,1,0,1,221623,223738
mixed_one_ordinary,6,after,2,native,10,1,1,1,0,1,239219,223728
mixed_one_ordinary,6,after,2,native,11,1,1,1,0,1,223726,223976
mixed_one_ordinary,6,after,2,native,12,1,1,1,0,1,241680,223701
mixed_one_ordinary,6,after,2,native,13,1,1,1,0,1,221917,223976
mixed_one_ordinary,6,after,2,native,14,1,1,1,0,1,221622,223756
mixed_one_ordinary,6,after,2,fixed_winner,0,5,1,1,9,1,221668,0
mixed_one_ordinary,6,after,2,fixed_winner,1,5,1,1,9,1,217701,0
mixed_one_ordinary,6,after,2,fixed_winner,2,5,1,1,9,1,208655,0
mixed_one_ordinary,6,after,2,fixed_winner,3,5,1,1,9,1,222689,0
mixed_one_ordinary,6,after,2,fixed_winner,4,5,1,1,9,1,263857,0
mixed_one_ordinary,6,after,2,fixed_winner,5,5,1,1,9,1,215304,0
mixed_one_ordinary,6,after,2,fixed_winner,6,5,1,1,9,1,210271,0
mixed_one_ordinary,6,after,2,fixed_winner,7,5,1,1,9,1,210152,0
mixed_one_ordinary,6,after,2,fixed_winner,8,5,1,1,9,1,208499,0
mixed_one_ordinary,6,after,2,fixed_winner,9,5,1,1,9,1,208875,0
mixed_one_ordinary,6,after,2,fixed_winner,10,5,1,1,9,1,208940,0
mixed_one_ordinary,6,after,2,fixed_winner,11,5,1,1,9,1,207176,0
mixed_one_ordinary,6,after,2,fixed_winner,12,5,1,1,9,1,209812,0
mixed_one_ordinary,6,after,2,fixed_winner,13,5,1,1,9,1,207507,0
mixed_one_ordinary,6,after,2,fixed_winner,14,5,1,1,9,1,208995,0
mixed_one_ordinary,6,before,2,native,0,1,1,1,0,1,221549,225175
mixed_one_ordinary,6,before,2,native,1,1,1,1,0,1,248044,225294
mixed_one_ordinary,6,before,2,native,2,1,1,1,0,1,221889,225460
mixed_one_ordinary,6,before,2,native,3,1,1,1,0,1,248412,225230
mixed_one_ordinary,6,before,2,native,4,1,1,1,0,1,224130,225625
mixed_one_ordinary,6,before,2,native,5,1,1,1,0,1,263556,236272
mixed_one_ordinary,6,before,2,native,6,1,1,1,0,1,232303,225517
mixed_one_ordinary,6,before,2,native,7,1,1,1,0,1,227160,225251
mixed_one_ordinary,6,before,2,native,8,1,1,1,0,1,223505,225114
mixed_one_ordinary,6,before,2,native,9,1,1,1,0,1,221614,225040
mixed_one_ordinary,6,before,2,native,10,1,1,1,0,1,221595,225030
mixed_one_ordinary,6,before,2,native,11,1,1,1,0,1,221577,225013
mixed_one_ordinary,6,before,2,native,12,1,1,1,0,1,236556,225031
mixed_one_ordinary,6,before,2,native,13,1,1,1,0,1,229043,230398
mixed_one_ordinary,6,before,2,native,14,1,1,1,0,1,221769,224989
mixed_one_ordinary,6,before,2,fixed_winner,0,5,1,1,9,1,219143,0
mixed_one_ordinary,6,before,2,fixed_winner,1,5,1,1,9,1,219244,0
mixed_one_ordinary,6,before,2,fixed_winner,2,5,1,1,9,1,240826,0
mixed_one_ordinary,6,before,2,fixed_winner,3,5,1,1,9,1,221669,0
mixed_one_ordinary,6,before,2,fixed_winner,4,5,1,1,9,1,217270,0
mixed_one_ordinary,6,before,2,fixed_winner,5,5,1,1,9,1,210583,0
mixed_one_ordinary,6,before,2,fixed_winner,6,5,1,1,9,1,212926,0
mixed_one_ordinary,6,before,2,fixed_winner,7,5,1,1,9,1,209922,0
mixed_one_ordinary,6,before,2,fixed_winner,8,5,1,1,9,1,212824,0
mixed_one_ordinary,6,before,2,fixed_winner,9,5,1,1,9,1,208554,0
mixed_one_ordinary,6,before,2,fixed_winner,10,5,1,1,9,1,213146,0
mixed_one_ordinary,6,before,2,fixed_winner,11,5,1,1,9,1,209252,0
mixed_one_ordinary,6,before,2,fixed_winner,12,5,1,1,9,1,213247,0
mixed_one_ordinary,6,before,2,fixed_winner,13,5,1,1,9,1,209895,0
mixed_one_ordinary,6,before,2,fixed_winner,14,5,1,1,9,1,212907,0
mixed_one_ordinary,6,after,3,native,0,5,1,1,0,1,210970,297750
mixed_one_ordinary,6,after,3,native,1,5,1,1,0,1,214707,297694
mixed_one_ordinary,6,after,3,native,2,5,1,1,0,1,214955,297630
mixed_one_ordinary,6,after,3,native,3,5,1,1,0,1,208830,297566
mixed_one_ordinary,6,after,3,native,4,5,1,1,0,1,213201,297520
mixed_one_ordinary,6,after,3,native,5,5,1,1,0,1,214432,297538
mixed_one_ordinary,6,after,3,native,6,5,1,1,0,1,209050,297511
mixed_one_ordinary,6,after,3,native,7,5,1,1,0,1,211768,297557
mixed_one_ordinary,6,after,3,native,8,5,1,1,0,1,218977,297639
mixed_one_ordinary,6,after,3,native,9,5,1,1,0,1,213321,297575
mixed_one_ordinary,6,after,3,native,10,5,1,1,0,1,213927,297584
mixed_one_ordinary,6,after,3,native,11,5,1,1,0,1,232781,297511
mixed_one_ordinary,6,after,3,native,12,5,1,1,0,1,212714,297603
mixed_one_ordinary,6,after,3,native,13,5,1,1,0,1,219924,304171
mixed_one_ordinary,6,after,3,native,14,5,1,1,0,1,207884,297256
mixed_one_ordinary,6,after,3,fixed_winner,0,5,1,1,9,1,211383,0
mixed_one_ordinary,6,after,3,fixed_winner,1,5,1,1,9,1,213458,0
mixed_one_ordinary,6,after,3,fixed_winner,2,5,1,1,9,1,216765,0
mixed_one_ordinary,6,after,3,fixed_winner,3,5,1,1,9,1,207939,0
mixed_one_ordinary,6,after,3,fixed_winner,4,5,1,1,9,1,210069,0
mixed_one_ordinary,6,after,3,fixed_winner,5,5,1,1,9,1,211365,0
mixed_one_ordinary,6,after,3,fixed_winner,6,5,1,1,9,1,208389,0
mixed_one_ordinary,6,after,3,fixed_winner,7,5,1,1,9,1,210859,0
mixed_one_ordinary,6,after,3,fixed_winner,8,5,1,1,9,1,211429,0
mixed_one_ordinary,6,after,3,fixed_winner,9,5,1,1,9,1,208417,0
mixed_one_ordinary,6,after,3,fixed_winner,10,5,1,1,9,1,213477,0
mixed_one_ordinary,6,after,3,fixed_winner,11,5,1,1,9,1,211603,0
mixed_one_ordinary,6,after,3,fixed_winner,12,5,1,1,9,1,209582,0
mixed_one_ordinary,6,after,3,fixed_winner,13,5,1,1,9,1,213072,0
mixed_one_ordinary,6,after,3,fixed_winner,14,5,1,1,9,1,264528,0
mixed_one_ordinary,6,before,3,native,0,1,1,1,4,1,348910,262546
mixed_one_ordinary,6,before,3,native,1,1,1,1,4,1,321680,263308
mixed_one_ordinary,6,before,3,native,2,1,1,1,4,1,343978,263134
mixed_one_ordinary,6,before,3,native,3,1,1,1,4,1,340433,262619
mixed_one_ordinary,6,before,3,native,4,1,1,1,4,1,347808,262849
mixed_one_ordinary,6,before,3,native,5,1,1,1,4,1,362465,262647
mixed_one_ordinary,6,before,3,native,6,1,1,1,4,1,338082,263023
mixed_one_ordinary,6,before,3,native,7,1,1,1,4,1,339781,262747
mixed_one_ordinary,6,before,3,native,8,1,1,1,4,1,340470,262481
mixed_one_ordinary,6,before,3,native,9,1,1,1,4,1,418468,262756
mixed_one_ordinary,6,before,3,native,10,1,1,1,4,1,355724,262711
mixed_one_ordinary,6,before,3,native,11,1,1,1,4,1,345953,262949
mixed_one_ordinary,6,before,3,native,12,1,1,1,4,1,348101,262564
mixed_one_ordinary,6,before,3,native,13,1,1,1,4,1,352886,262849
mixed_one_ordinary,6,before,3,native,14,1,1,1,4,1,347303,262747
mixed_one_ordinary,6,before,3,fixed_winner,0,5,1,1,9,1,270691,0
mixed_one_ordinary,6,before,3,fixed_winner,1,5,1,1,9,1,214441,0
mixed_one_ordinary,6,before,3,fixed_winner,2,5,1,1,9,1,263859,0
mixed_one_ordinary,6,before,3,fixed_winner,3,5,1,1,9,1,228575,0
mixed_one_ordinary,6,before,3,fixed_winner,4,5,1,1,9,1,228731,0
mixed_one_ordinary,6,before,3,fixed_winner,5,5,1,1,9,1,238539,0
mixed_one_ordinary,6,before,3,fixed_winner,6,5,1,1,9,1,245776,0
mixed_one_ordinary,6,before,3,fixed_winner,7,5,1,1,9,1,238099,0
mixed_one_ordinary,6,before,3,fixed_winner,8,5,1,1,9,1,215699,0
mixed_one_ordinary,6,before,3,fixed_winner,9,5,1,1,9,1,217205,0
mixed_one_ordinary,6,before,3,fixed_winner,10,5,1,1,9,1,208885,0
mixed_one_ordinary,6,before,3,fixed_winner,11,5,1,1,9,1,212016,0
mixed_one_ordinary,6,before,3,fixed_winner,12,5,1,1,9,1,211043,0
mixed_one_ordinary,6,before,3,fixed_winner,13,5,1,1,9,1,210042,0
mixed_one_ordinary,6,before,3,fixed_winner,14,5,1,1,9,1,220823,0
mixed_one_ordinary,6,after,4,native,0,1,1,1,0,1,221522,237163
mixed_one_ordinary,6,after,4,native,1,1,1,1,0,1,221880,237393
mixed_one_ordinary,6,after,4,native,2,1,1,1,0,1,233112,237255
mixed_one_ordinary,6,after,4,native,3,1,1,1,0,1,221935,237420
mixed_one_ordinary,6,after,4,native,4,1,1,1,0,1,221833,237209
mixed_one_ordinary,6,after,4,native,5,1,1,1,0,1,229089,244235
mixed_one_ordinary,6,after,4,native,6,1,1,1,0,1,221659,236860
mixed_one_ordinary,6,after,4,native,7,1,1,1,0,1,275449,236833
mixed_one_ordinary,6,after,4,native,8,1,1,1,0,1,293825,237485
mixed_one_ordinary,6,after,4,native,9,1,1,1,0,1,312175,237586
mixed_one_ordinary,6,after,4,native,10,1,1,1,0,1,229485,238156
mixed_one_ordinary,6,after,4,native,11,1,1,1,0,1,241726,236952
mixed_one_ordinary,6,after,4,native,12,1,1,1,0,1,256999,237163
mixed_one_ordinary,6,after,4,native,13,1,1,1,0,1,225443,237347
mixed_one_ordinary,6,after,4,native,14,1,1,1,0,1,221669,236878
mixed_one_ordinary,6,after,4,fixed_winner,0,5,1,1,9,1,221669,0
mixed_one_ordinary,6,after,4,fixed_winner,1,5,1,1,9,1,220631,0
mixed_one_ordinary,6,after,4,fixed_winner,2,5,1,1,9,1,212843,0
mixed_one_ordinary,6,after,4,fixed_winner,3,5,1,1,9,1,217343,0
mixed_one_ordinary,6,after,4,fixed_winner,4,5,1,1,9,1,210739,0
mixed_one_ordinary,6,after,4,fixed_winner,5,5,1,1,9,1,230145,0
mixed_one_ordinary,6,after,4,fixed_winner,6,5,1,1,9,1,210235,0
mixed_one_ordinary,6,after,4,fixed_winner,7,5,1,1,9,1,212880,0
mixed_one_ordinary,6,after,4,fixed_winner,8,5,1,1,9,1,205781,0
mixed_one_ordinary,6,after,4,fixed_winner,9,5,1,1,9,1,214698,0
mixed_one_ordinary,6,after,4,fixed_winner,10,5,1,1,9,1,212944,0
mixed_one_ordinary,6,after,4,fixed_winner,11,5,1,1,9,1,218785,0
mixed_one_ordinary,6,after,4,fixed_winner,12,5,1,1,9,1,252113,0
mixed_one_ordinary,6,after,4,fixed_winner,13,5,1,1,9,1,213293,0
mixed_one_ordinary,6,after,4,fixed_winner,14,5,1,1,9,1,207563,0
mixed_one_ordinary,6,before,4,native,0,1,1,1,0,1,222854,226927
mixed_one_ordinary,6,before,4,native,1,1,1,1,0,1,224873,227092
mixed_one_ordinary,6,before,4,native,2,1,1,1,0,1,230981,226963
mixed_one_ordinary,6,before,4,native,3,1,1,1,0,1,224847,227073
mixed_one_ordinary,6,before,4,native,4,1,1,1,0,1,223147,226982
mixed_one_ordinary,6,before,4,native,5,1,1,1,0,1,231587,235094
mixed_one_ordinary,6,before,4,native,6,1,1,1,0,1,222954,226517
mixed_one_ordinary,6,before,4,native,7,1,1,1,0,1,222890,226480
mixed_one_ordinary,6,before,4,native,8,1,1,1,0,1,222917,226489
mixed_one_ordinary,6,before,4,native,9,1,1,1,0,1,222863,226424
mixed_one_ordinary,6,before,4,native,10,1,1,1,0,1,241423,226507
mixed_one_ordinary,6,before,4,native,11,1,1,1,0,1,256375,226700
mixed_one_ordinary,6,before,4,native,12,1,1,1,0,1,267147,226783
mixed_one_ordinary,6,before,4,native,13,1,1,1,0,1,433636,227131
mixed_one_ordinary,6,before,4,native,14,1,1,1,0,1,227133,228096
mixed_one_ordinary,6,before,4,fixed_winner,0,5,1,1,9,1,209289,0
mixed_one_ordinary,6,before,4,fixed_winner,1,5,1,1,9,1,205955,0
mixed_one_ordinary,6,before,4,fixed_winner,2,5,1,1,9,1,236602,0
mixed_one_ordinary,6,before,4,fixed_winner,3,5,1,1,9,1,208481,0
mixed_one_ordinary,6,before,4,fixed_winner,4,5,1,1,9,1,214974,0
mixed_one_ordinary,6,before,4,fixed_winner,5,5,1,1,9,1,208885,0
mixed_one_ordinary,6,before,4,fixed_winner,6,5,1,1,9,1,218573,0
mixed_one_ordinary,6,before,4,fixed_winner,7,5,1,1,9,1,219327,0
mixed_one_ordinary,6,before,4,fixed_winner,8,5,1,1,9,1,312469,0
mixed_one_ordinary,6,before,4,fixed_winner,9,5,1,1,9,1,222311,0
mixed_one_ordinary,6,before,4,fixed_winner,10,5,1,1,9,1,209142,0
mixed_one_ordinary,6,before,4,fixed_winner,11,5,1,1,9,1,209344,0
mixed_one_ordinary,6,before,4,fixed_winner,12,5,1,1,9,1,252820,0
mixed_one_ordinary,6,before,4,fixed_winner,13,5,1,1,9,1,212448,0
mixed_one_ordinary,6,before,4,fixed_winner,14,5,1,1,9,1,210124,0
mixed_two_ordinary,2,after,0,native,0,1,1,1,6,1,227766,241565
mixed_two_ordinary,2,after,0,native,1,1,1,1,6,1,226141,241096
mixed_two_ordinary,2,after,0,native,2,1,1,1,6,1,235664,240913
mixed_two_ordinary,2,after,0,native,3,1,1,1,6,1,226399,241014
mixed_two_ordinary,2,after,0,native,4,1,1,1,6,1,226518,240922
mixed_two_ordinary,2,after,0,native,5,1,1,1,6,1,226270,240921
mixed_two_ordinary,2,after,0,native,6,1,1,1,6,1,227978,240867
mixed_two_ordinary,2,after,0,native,7,1,1,1,6,1,226223,240904
mixed_two_ordinary,2,after,0,native,8,1,1,1,6,1,226113,240895
mixed_two_ordinary,2,after,0,native,9,1,1,1,6,1,224883,240876
mixed_two_ordinary,2,after,0,native,10,1,1,1,6,1,231128,240913
mixed_two_ordinary,2,after,0,native,11,1,1,1,6,1,226784,240958
mixed_two_ordinary,2,after,0,native,12,1,1,1,6,1,225232,240931
mixed_two_ordinary,2,after,0,native,13,1,1,1,6,1,271665,280579
mixed_two_ordinary,2,after,0,native,14,1,1,1,6,1,241257,240722
mixed_two_ordinary,2,after,0,fixed_winner,0,1,1,1,12,1,226876,0
mixed_two_ordinary,2,after,0,fixed_winner,1,1,1,1,12,1,226765,0
mixed_two_ordinary,2,after,0,fixed_winner,2,1,1,1,12,1,227060,0
mixed_two_ordinary,2,after,0,fixed_winner,3,1,1,1,12,1,230200,0
mixed_two_ordinary,2,after,0,fixed_winner,4,1,1,1,12,1,228144,0
mixed_two_ordinary,2,after,0,fixed_winner,5,1,1,1,12,1,229916,0
mixed_two_ordinary,2,after,0,fixed_winner,6,1,1,1,12,1,234360,0
mixed_two_ordinary,2,after,0,fixed_winner,7,1,1,1,12,1,231413,0
mixed_two_ordinary,2,after,0,fixed_winner,8,1,1,1,12,1,231358,0
mixed_two_ordinary,2,after,0,fixed_winner,9,1,1,1,12,1,231302,0
mixed_two_ordinary,2,after,0,fixed_winner,10,1,1,1,12,1,230595,0
mixed_two_ordinary,2,after,0,fixed_winner,11,1,1,1,12,1,231147,0
mixed_two_ordinary,2,after,0,fixed_winner,12,1,1,1,12,1,230880,0
mixed_two_ordinary,2,after,0,fixed_winner,13,1,1,1,12,1,249083,0
mixed_two_ordinary,2,after,0,fixed_winner,14,1,1,1,12,1,241974,0
mixed_two_ordinary,2,before,0,native,0,1,1,1,0,1,223763,236131
mixed_two_ordinary,2,before,0,native,1,1,1,1,0,1,223726,236040
mixed_two_ordinary,2,before,0,native,2,1,1,1,0,1,230192,235939
mixed_two_ordinary,2,before,0,native,3,1,1,1,0,1,225544,236095
mixed_two_ordinary,2,before,0,native,4,1,1,1,0,1,223937,235939
mixed_two_ordinary,2,before,0,native,5,1,1,1,0,1,480000,272870
mixed_two_ordinary,2,before,0,native,6,1,1,1,0,1,423933,238973
mixed_two_ordinary,2,before,0,native,7,1,1,1,0,1,253454,236842
mixed_two_ordinary,2,before,0,native,8,1,1,1,0,1,252839,237631
mixed_two_ordinary,2,before,0,native,9,1,1,1,0,1,225471,236144
mixed_two_ordinary,2,before,0,native,10,1,1,1,0,1,244344,235749
mixed_two_ordinary,2,before,0,native,11,1,1,1,0,1,240991,236888
mixed_two_ordinary,2,before,0,native,12,1,1,1,0,1,227501,236070
mixed_two_ordinary,2,before,0,native,13,1,1,1,0,1,251755,261909
mixed_two_ordinary,2,before,0,native,14,1,1,1,0,1,297553,235699
mixed_two_ordinary,2,before,0,fixed_winner,0,1,1,1,12,1,224047,0
mixed_two_ordinary,2,before,0,fixed_winner,1,1,1,1,12,1,224029,0
mixed_two_ordinary,2,before,0,fixed_winner,2,1,1,1,12,1,254574,0
mixed_two_ordinary,2,before,0,fixed_winner,3,1,1,1,12,1,265466,0
mixed_two_ordinary,2,before,0,fixed_winner,4,1,1,1,12,1,224543,0
mixed_two_ordinary,2,before,0,fixed_winner,5,1,1,1,12,1,224057,0
mixed_two_ordinary,2,before,0,fixed_winner,6,1,1,1,12,1,224038,0
mixed_two_ordinary,2,before,0,fixed_winner,7,1,1,1,12,1,222725,0
mixed_two_ordinary,2,before,0,fixed_winner,8,1,1,1,12,1,222716,0
mixed_two_ordinary,2,before,0,fixed_winner,9,1,1,1,12,1,222743,0
mixed_two_ordinary,2,before,0,fixed_winner,10,1,1,1,12,1,229374,0
mixed_two_ordinary,2,before,0,fixed_winner,11,1,1,1,12,1,223157,0
mixed_two_ordinary,2,before,0,fixed_winner,12,1,1,1,12,1,222761,0
mixed_two_ordinary,2,before,0,fixed_winner,13,1,1,1,12,1,222725,0
mixed_two_ordinary,2,before,0,fixed_winner,14,1,1,1,12,1,222725,0
mixed_two_ordinary,2,after,1,native,0,1,1,1,0,1,227987,277041
mixed_two_ordinary,2,after,1,native,1,1,1,1,0,1,248476,277123
mixed_two_ordinary,2,after,1,native,2,1,1,1,0,1,235261,277500
mixed_two_ordinary,2,after,1,native,3,1,1,1,0,1,236160,277225
mixed_two_ordinary,2,after,1,native,4,1,1,1,0,1,226729,277216
mixed_two_ordinary,2,after,1,native,5,1,1,1,0,1,272519,317396
mixed_two_ordinary,2,after,1,native,6,1,1,1,0,1,228299,277042
mixed_two_ordinary,2,after,1,native,7,1,1,1,0,1,236473,276758
mixed_two_ordinary,2,after,1,native,8,1,1,1,0,1,233415,277263
mixed_two_ordinary,2,after,1,native,9,1,1,1,0,1,270279,276996
mixed_two_ordinary,2,after,1,native,10,1,1,1,0,1,233369,277318
mixed_two_ordinary,2,after,1,native,11,1,1,1,0,1,226444,276941
mixed_two_ordinary,2,after,1,native,12,1,1,1,0,1,226517,276804
mixed_two_ordinary,2,after,1,native,13,1,1,1,0,1,240578,290832
mixed_two_ordinary,2,after,1,native,14,1,1,1,0,1,231183,276671
mixed_two_ordinary,2,after,1,fixed_winner,0,1,1,1,12,1,238025,0
mixed_two_ordinary,2,after,1,fixed_winner,1,1,1,1,12,1,230062,0
mixed_two_ordinary,2,after,1,fixed_winner,2,1,1,1,12,1,229924,0
mixed_two_ordinary,2,after,1,fixed_winner,3,1,1,1,12,1,234967,0
mixed_two_ordinary,2,after,1,fixed_winner,4,1,1,1,12,1,233240,0
mixed_two_ordinary,2,after,1,fixed_winner,5,1,1,1,12,1,229521,0
mixed_two_ordinary,2,after,1,fixed_winner,6,1,1,1,12,1,243830,0
mixed_two_ordinary,2,after,1,fixed_winner,7,1,1,1,12,1,239154,0
mixed_two_ordinary,2,after,1,fixed_winner,8,1,1,1,12,1,280224,0
mixed_two_ordinary,2,after,1,fixed_winner,9,1,1,1,12,1,233011,0
mixed_two_ordinary,2,after,1,fixed_winner,10,1,1,1,12,1,230916,0
mixed_two_ordinary,2,after,1,fixed_winner,11,1,1,1,12,1,382790,0
mixed_two_ordinary,2,after,1,fixed_winner,12,1,1,1,12,1,246593,0
mixed_two_ordinary,2,after,1,fixed_winner,13,1,1,1,12,1,232000,0
mixed_two_ordinary,2,after,1,fixed_winner,14,1,1,1,12,1,239063,0
mixed_two_ordinary,2,before,1,native,0,1,1,1,0,1,360206,227882
mixed_two_ordinary,2,before,1,native,1,1,1,1,0,1,359526,226790
mixed_two_ordinary,2,before,1,native,2,1,1,1,0,1,268607,226606
mixed_two_ordinary,2,before,1,native,3,1,1,1,0,1,227381,226597
mixed_two_ordinary,2,before,1,native,4,1,1,1,0,1,225259,226120
mixed_two_ordinary,2,before,1,native,5,1,1,1,0,1,270002,269053
mixed_two_ordinary,2,before,1,native,6,1,1,1,0,1,223763,225797
mixed_two_ordinary,2,before,1,native,7,1,1,1,0,1,223514,225623
mixed_two_ordinary,2,before,1,native,8,1,1,1,0,1,223514,225632
mixed_two_ordinary,2,before,1,native,9,1,1,1,0,1,236106,225650
mixed_two_ordinary,2,before,1,native,10,1,1,1,0,1,231045,225853
mixed_two_ordinary,2,before,1,native,11,1,1,1,0,1,230696,225789
mixed_two_ordinary,2,before,1,native,12,1,1,1,0,1,225627,226128
mixed_two_ordinary,2,before,1,native,13,1,1,1,0,1,278361,239995
mixed_two_ordinary,2,before,1,native,14,1,1,1,0,1,224130,225953
mixed_two_ordinary,2,before,1,fixed_winner,0,1,1,1,12,1,230898,0
mixed_two_ordinary,2,before,1,fixed_winner,1,1,1,1,12,1,224672,0
mixed_two_ordinary,2,before,1,fixed_winner,2,1,1,1,12,1,224534,0
mixed_two_ordinary,2,before,1,fixed_winner,3,1,1,1,12,1,223441,0
mixed_two_ordinary,2,before,1,fixed_winner,4,1,1,1,12,1,225866,0
mixed_two_ordinary,2,before,1,fixed_winner,5,1,1,1,12,1,224048,0
mixed_two_ordinary,2,before,1,fixed_winner,6,1,1,1,12,1,224056,0
mixed_two_ordinary,2,before,1,fixed_winner,7,1,1,1,12,1,224102,0
mixed_two_ordinary,2,before,1,fixed_winner,8,1,1,1,12,1,224341,0
mixed_two_ordinary,2,before,1,fixed_winner,9,1,1,1,12,1,225866,0
mixed_two_ordinary,2,before,1,fixed_winner,10,1,1,1,12,1,224056,0
mixed_two_ordinary,2,before,1,fixed_winner,11,1,1,1,12,1,237098,0
mixed_two_ordinary,2,before,1,fixed_winner,12,1,1,1,12,1,254207,0
mixed_two_ordinary,2,before,1,fixed_winner,13,1,1,1,12,1,225471,0
mixed_two_ordinary,2,before,1,fixed_winner,14,1,1,1,12,1,234581,0
mixed_two_ordinary,2,after,2,native,0,1,1,1,0,1,228207,237322
mixed_two_ordinary,2,after,2,native,1,1,1,1,0,1,260562,237487
mixed_two_ordinary,2,after,2,native,2,1,1,1,0,1,285239,238111
mixed_two_ordinary,2,after,2,native,3,1,1,1,0,1,227408,238038
mixed_two_ordinary,2,after,2,native,4,1,1,1,0,1,226591,237377
mixed_two_ordinary,2,after,2,native,5,1,1,1,0,1,285680,291620
mixed_two_ordinary,2,after,2,native,6,1,1,1,0,1,238484,236968
mixed_two_ordinary,2,after,2,native,7,1,1,1,0,1,227252,237426
mixed_two_ordinary,2,after,2,native,8,1,1,1,0,1,243140,237353
mixed_two_ordinary,2,after,2,native,9,1,1,1,0,1,241156,237271
mixed_two_ordinary,2,after,2,native,10,1,1,1,0,1,243498,237023
mixed_two_ordinary,2,after,2,native,11,1,1,1,0,1,235866,237969
mixed_two_ordinary,2,after,2,native,12,1,1,1,0,1,234058,236802
mixed_two_ordinary,2,after,2,native,13,1,1,1,0,1,226445,236821
mixed_two_ordinary,2,after,2,native,14,1,1,1,0,1,268083,236765
mixed_two_ordinary,2,after,2,fixed_winner,0,1,1,1,12,1,236362,0
mixed_two_ordinary,2,after,2,fixed_winner,1,1,1,1,12,1,226214,0
mixed_two_ordinary,2,after,2,fixed_winner,2,1,1,1,12,1,247585,0
mixed_two_ordinary,2,after,2,fixed_winner,3,1,1,1,12,1,269250,0
mixed_two_ordinary,2,after,2,fixed_winner,4,1,1,1,12,1,232836,0
mixed_two_ordinary,2,after,2,fixed_winner,5,1,1,1,12,1,224102,0
mixed_two_ordinary,2,after,2,fixed_winner,6,1,1,1,12,1,242423,0
mixed_two_ordinary,2,after,2,fixed_winner,7,1,1,1,12,1,307821,0
mixed_two_ordinary,2,after,2,fixed_winner,8,1,1,1,12,1,235987,0
mixed_two_ordinary,2,after,2,fixed_winner,9,1,1,1,12,1,229585,0
mixed_two_ordinary,2,after,2,fixed_winner,10,1,1,1,12,1,226087,0
mixed_two_ordinary,2,after,2,fixed_winner,11,1,1,1,12,1,231688,0
mixed_two_ordinary,2,after,2,fixed_winner,12,1,1,1,12,1,227299,0
mixed_two_ordinary,2,after,2,fixed_winner,13,1,1,1,12,1,244435,0
mixed_two_ordinary,2,after,2,fixed_winner,14,1,1,1,12,1,225103,0
mixed_two_ordinary,2,before,2,native,0,1,1,1,0,1,228217,229665
mixed_two_ordinary,2,before,2,native,1,1,1,1,0,1,230201,229775
mixed_two_ordinary,2,before,2,native,2,1,1,1,0,1,259717,229738
mixed_two_ordinary,2,before,2,native,3,1,1,1,0,1,237998,230418
mixed_two_ordinary,2,before,2,native,4,1,1,1,0,1,251094,230069
mixed_two_ordinary,2,before,2,native,5,1,1,1,0,1,314057,284941
mixed_two_ordinary,2,before,2,native,6,1,1,1,0,1,228887,229719
mixed_two_ordinary,2,before,2,native,7,1,1,1,0,1,228354,229324
mixed_two_ordinary,2,before,2,native,8,1,1,1,0,1,228245,229232
mixed_two_ordinary,2,before,2,native,9,1,1,1,0,1,239586,229296
mixed_two_ordinary,2,before,2,native,10,1,1,1,0,1,228464,229379
mixed_two_ordinary,2,before,2,native,11,1,1,1,0,1,228364,229314
mixed_two_ordinary,2,before,2,native,12,1,1,1,0,1,228538,229241
mixed_two_ordinary,2,before,2,native,13,1,1,1,0,1,246924,247589
mixed_two_ordinary,2,before,2,native,14,1,1,1,0,1,228418,229185
mixed_two_ordinary,2,before,2,fixed_winner,0,1,1,1,12,1,225535,0
mixed_two_ordinary,2,before,2,fixed_winner,1,1,1,1,12,1,225416,0
mixed_two_ordinary,2,before,2,fixed_winner,2,1,1,1,12,1,238512,0
mixed_two_ordinary,2,before,2,fixed_winner,3,1,1,1,12,1,232349,0
mixed_two_ordinary,2,before,2,fixed_winner,4,1,1,1,12,1,244564,0
mixed_two_ordinary,2,before,2,fixed_winner,5,1,1,1,12,1,225407,0
mixed_two_ordinary,2,before,2,fixed_winner,6,1,1,1,12,1,225369,0
mixed_two_ordinary,2,before,2,fixed_winner,7,1,1,1,12,1,232644,0
mixed_two_ordinary,2,before,2,fixed_winner,8,1,1,1,12,1,225526,0
mixed_two_ordinary,2,before,2,fixed_winner,9,1,1,1,12,1,225388,0
mixed_two_ordinary,2,before,2,fixed_winner,10,1,1,1,12,1,227087,0
mixed_two_ordinary,2,before,2,fixed_winner,11,1,1,1,12,1,224305,0
mixed_two_ordinary,2,before,2,fixed_winner,12,1,1,1,12,1,225857,0
mixed_two_ordinary,2,before,2,fixed_winner,13,1,1,1,12,1,225819,0
mixed_two_ordinary,2,before,2,fixed_winner,14,1,1,1,12,1,230081,0
mixed_two_ordinary,2,before,3,native,0,1,1,1,0,1,224920,264528
mixed_two_ordinary,2,before,3,native,1,1,1,1,0,1,303413,264647
mixed_two_ordinary,2,before,3,native,2,1,1,1,0,1,225664,265143
mixed_two_ordinary,2,before,3,native,3,1,1,1,0,1,224956,264547
mixed_two_ordinary,2,before,3,native,4,1,1,1,0,1,225186,264529
mixed_two_ordinary,2,before,3,native,5,1,1,1,0,1,474130,330344
mixed_two_ordinary,2,before,3,native,6,1,1,1,0,1,264492,265102
mixed_two_ordinary,2,before,3,native,7,1,1,1,0,1,292311,264312
mixed_two_ordinary,2,before,3,native,8,1,1,1,0,1,246808,265065
mixed_two_ordinary,2,before,3,native,9,1,1,1,0,1,227850,266222
mixed_two_ordinary,2,before,3,native,10,1,1,1,0,1,226150,264212
mixed_two_ordinary,2,before,3,native,11,1,1,1,0,1,224938,264037
mixed_two_ordinary,2,before,3,native,12,1,1,1,0,1,225214,263981
mixed_two_ordinary,2,before,3,native,13,1,1,1,0,1,224993,263964
mixed_two_ordinary,2,before,3,native,14,1,1,1,0,1,224901,263954
mixed_two_ordinary,2,before,3,fixed_winner,0,1,1,1,12,1,225140,0
mixed_two_ordinary,2,before,3,fixed_winner,1,1,1,1,12,1,225434,0
mixed_two_ordinary,2,before,3,fixed_winner,2,1,1,1,12,1,242598,0
mixed_two_ordinary,2,before,3,fixed_winner,3,1,1,1,12,1,278278,0
mixed_two_ordinary,2,before,3,fixed_winner,4,1,1,1,12,1,329405,0
mixed_two_ordinary,2,before,3,fixed_winner,5,1,1,1,12,1,357029,0
mixed_two_ordinary,2,before,3,fixed_winner,6,1,1,1,12,1,358479,0
mixed_two_ordinary,2,before,3,fixed_winner,7,1,1,1,12,1,225939,0
mixed_two_ordinary,2,before,3,fixed_winner,8,1,1,1,12,1,225471,0
mixed_two_ordinary,2,before,3,fixed_winner,9,1,1,1,12,1,241670,0
mixed_two_ordinary,2,before,3,fixed_winner,10,1,1,1,12,1,227372,0
mixed_two_ordinary,2,before,3,fixed_winner,11,1,1,1,12,1,228024,0
mixed_two_ordinary,2,before,3,fixed_winner,12,1,1,1,12,1,225526,0
mixed_two_ordinary,2,before,3,fixed_winner,13,1,1,1,12,1,225406,0
mixed_two_ordinary,2,before,3,fixed_winner,14,1,1,1,12,1,225415,0
mixed_two_ordinary,2,after,3,native,0,1,1,1,6,1,237171,259519
mixed_two_ordinary,2,after,3,native,1,1,1,1,6,1,229622,259510
mixed_two_ordinary,2,after,3,native,2,1,1,1,6,1,234747,259169
mixed_two_ordinary,2,after,3,native,3,1,1,1,6,1,293679,259749
mixed_two_ordinary,2,after,3,native,4,1,1,1,6,1,229356,260180
mixed_two_ordinary,2,after,3,native,5,1,1,1,6,1,329871,359938
mixed_two_ordinary,2,after,3,native,6,1,1,1,6,1,228180,259008
mixed_two_ordinary,2,after,3,native,7,1,1,1,6,1,250579,258586
mixed_two_ordinary,2,after,3,native,8,1,1,1,6,1,227987,258917
mixed_two_ordinary,2,after,3,native,9,1,1,1,6,1,235270,258587
mixed_two_ordinary,2,after,3,native,10,1,1,1,6,1,227739,258678
mixed_two_ordinary,2,after,3,native,11,1,1,1,6,1,237079,258595
mixed_two_ordinary,2,after,3,native,12,1,1,1,6,1,284256,259064
mixed_two_ordinary,2,after,3,native,13,1,1,1,6,1,319237,260506
mixed_two_ordinary,2,after,3,native,14,1,1,1,6,1,252241,259523
mixed_two_ordinary,2,after,3,fixed_winner,0,1,1,1,12,1,226784,0
mixed_two_ordinary,2,after,3,fixed_winner,1,1,1,1,12,1,249890,0
mixed_two_ordinary,2,after,3,fixed_winner,2,1,1,1,12,1,283705,0
mixed_two_ordinary,2,after,3,fixed_winner,3,1,1,1,12,1,242690,0
mixed_two_ordinary,2,after,3,fixed_winner,4,1,1,1,12,1,304488,0
mixed_two_ordinary,2,after,3,fixed_winner,5,1,1,1,12,1,627243,0
mixed_two_ordinary,2,after,3,fixed_winner,6,1,1,1,12,1,262132,0
mixed_two_ordinary,2,after,3,fixed_winner,7,1,1,1,12,1,253656,0
mixed_two_ordinary,2,after,3,fixed_winner,8,1,1,1,12,1,273089,0
mixed_two_ordinary,2,after,3,fixed_winner,9,1,1,1,12,1,230494,0
mixed_two_ordinary,2,after,3,fixed_winner,10,1,1,1,12,1,229511,0
mixed_two_ordinary,2,after,3,fixed_winner,11,1,1,1,12,1,241358,0
mixed_two_ordinary,2,after,3,fixed_winner,12,1,1,1,12,1,233966,0
mixed_two_ordinary,2,after,3,fixed_winner,13,1,1,1,12,1,230163,0
mixed_two_ordinary,2,after,3,fixed_winner,14,1,1,1,12,1,233672,0
mixed_two_ordinary,2,after,4,native,0,1,1,1,0,1,257072,259515
mixed_two_ordinary,2,after,4,native,1,1,1,1,0,1,252536,260002
mixed_two_ordinary,2,after,4,native,2,1,1,1,0,1,236721,259818
mixed_two_ordinary,2,after,4,native,3,1,1,1,0,1,227951,259698
mixed_two_ordinary,2,after,4,native,4,1,1,1,0,1,227969,259533
mixed_two_ordinary,2,after,4,native,5,1,1,1,0,1,279058,309998
mixed_two_ordinary,2,after,4,native,6,1,1,1,0,1,229640,259091
mixed_two_ordinary,2,after,4,native,7,1,1,1,0,1,227068,258927
mixed_two_ordinary,2,after,4,native,8,1,1,1,0,1,228024,258852
mixed_two_ordinary,2,after,4,native,9,1,1,1,0,1,236326,258853
mixed_two_ordinary,2,after,4,native,10,1,1,1,0,1,226444,259009
mixed_two_ordinary,2,after,4,native,11,1,1,1,0,1,226242,258844
mixed_two_ordinary,2,after,4,native,12,1,1,1,0,1,226472,258843
mixed_two_ordinary,2,after,4,native,13,1,1,1,0,1,252774,272475
mixed_two_ordinary,2,after,4,native,14,1,1,1,0,1,235059,258874
mixed_two_ordinary,2,after,4,fixed_winner,0,1,1,1,12,1,250873,0
mixed_two_ordinary,2,after,4,fixed_winner,1,1,1,1,12,1,227941,0
mixed_two_ordinary,2,after,4,fixed_winner,2,1,1,1,12,1,228593,0
mixed_two_ordinary,2,after,4,fixed_winner,3,1,1,1,12,1,227041,0
mixed_two_ordinary,2,after,4,fixed_winner,4,1,1,1,12,1,226748,0
mixed_two_ordinary,2,after,4,fixed_winner,5,1,1,1,12,1,225921,0
mixed_two_ordinary,2,after,4,fixed_winner,6,1,1,1,12,1,227188,0
mixed_two_ordinary,2,after,4,fixed_winner,7,1,1,1,12,1,239604,0
mixed_two_ordinary,2,after,4,fixed_winner,8,1,1,1,12,1,227482,0
mixed_two_ordinary,2,after,4,fixed_winner,9,1,1,1,12,1,228575,0
mixed_two_ordinary,2,after,4,fixed_winner,10,1,1,1,12,1,226747,0
mixed_two_ordinary,2,after,4,fixed_winner,11,1,1,1,12,1,232175,0
mixed_two_ordinary,2,after,4,fixed_winner,12,1,1,1,12,1,226866,0
mixed_two_ordinary,2,after,4,fixed_winner,13,1,1,1,12,1,228556,0
mixed_two_ordinary,2,after,4,fixed_winner,14,1,1,1,12,1,237024,0
mixed_two_ordinary,2,before,4,native,0,1,1,1,0,1,229383,230060
mixed_two_ordinary,2,before,4,native,1,1,1,1,0,1,231614,230170
mixed_two_ordinary,2,before,4,native,2,1,1,1,0,1,236253,230169
mixed_two_ordinary,2,before,4,native,3,1,1,1,0,1,243131,230262
mixed_two_ordinary,2,before,4,native,4,1,1,1,0,1,322524,230344
mixed_two_ordinary,2,before,4,native,5,1,1,1,0,1,460696,271565
mixed_two_ordinary,2,before,4,native,6,1,1,1,0,1,226316,230834
mixed_two_ordinary,2,before,4,native,7,1,1,1,0,1,226950,229989
mixed_two_ordinary,2,before,4,native,8,1,1,1,0,1,226692,229833
mixed_two_ordinary,2,before,4,native,9,1,1,1,0,1,229392,229852
mixed_two_ordinary,2,before,4,native,10,1,1,1,0,1,239109,229870
mixed_two_ordinary,2,before,4,native,11,1,1,1,0,1,229686,229998
mixed_two_ordinary,2,before,4,native,12,1,1,1,0,1,229135,229879
mixed_two_ordinary,2,before,4,native,13,1,1,1,0,1,226866,229861
mixed_two_ordinary,2,before,4,native,14,1,1,1,0,1,226711,229824
mixed_two_ordinary,2,before,4,fixed_winner,0,1,1,1,12,1,227161,0
mixed_two_ordinary,2,before,4,fixed_winner,1,1,1,1,12,1,244720,0
mixed_two_ordinary,2,before,4,fixed_winner,2,1,1,1,12,1,264318,0
mixed_two_ordinary,2,before,4,fixed_winner,3,1,1,1,12,1,229163,0
mixed_two_ordinary,2,before,4,fixed_winner,4,1,1,1,12,1,232864,0
mixed_two_ordinary,2,before,4,fixed_winner,5,1,1,1,12,1,228657,0
mixed_two_ordinary,2,before,4,fixed_winner,6,1,1,1,12,1,228548,0
mixed_two_ordinary,2,before,4,fixed_winner,7,1,1,1,12,1,228547,0
mixed_two_ordinary,2,before,4,fixed_winner,8,1,1,1,12,1,235316,0
mixed_two_ordinary,2,before,4,fixed_winner,9,1,1,1,12,1,228676,0
mixed_two_ordinary,2,before,4,fixed_winner,10,1,1,1,12,1,228556,0
mixed_two_ordinary,2,before,4,fixed_winner,11,1,1,1,12,1,228805,0
mixed_two_ordinary,2,before,4,fixed_winner,12,1,1,1,12,1,228548,0
mixed_two_ordinary,2,before,4,fixed_winner,13,1,1,1,12,1,236418,0
mixed_two_ordinary,2,before,4,fixed_winner,14,1,1,1,12,1,228621,0
mixed_two_ordinary,4,before,0,native,0,1,1,1,0,1,226398,237547
mixed_two_ordinary,4,before,0,native,1,1,1,1,0,1,226370,237621
mixed_two_ordinary,4,before,0,native,2,1,1,1,0,1,233148,237602
mixed_two_ordinary,4,before,0,native,3,1,1,1,0,1,228226,237713
mixed_two_ordinary,4,before,0,native,4,1,1,1,0,1,226555,237612
mixed_two_ordinary,4,before,0,native,5,1,1,1,0,1,240046,250808
mixed_two_ordinary,4,before,0,native,6,1,1,1,0,1,226362,237262
mixed_two_ordinary,4,before,0,native,7,1,1,1,0,1,226288,237207
mixed_two_ordinary,4,before,0,native,8,1,1,1,0,1,249541,237170
mixed_two_ordinary,4,before,0,native,9,1,1,1,0,1,257623,237529
mixed_two_ordinary,4,before,0,native,10,1,1,1,0,1,228566,237520
mixed_two_ordinary,4,before,0,native,11,1,1,1,0,1,226316,237207
mixed_two_ordinary,4,before,0,native,12,1,1,1,0,1,226509,237161
mixed_two_ordinary,4,before,0,native,13,1,1,1,0,1,234636,243546
mixed_two_ordinary,4,before,0,native,14,1,1,1,0,1,228116,237099
mixed_two_ordinary,4,before,0,fixed_winner,0,3,1,1,13,1,221467,0
mixed_two_ordinary,4,before,0,fixed_winner,1,3,1,1,13,1,223073,0
mixed_two_ordinary,4,before,0,fixed_winner,2,3,1,1,13,1,245896,0
mixed_two_ordinary,4,before,0,fixed_winner,3,3,1,1,13,1,262643,0
mixed_two_ordinary,4,before,0,fixed_winner,4,3,1,1,13,1,234143,0
mixed_two_ordinary,4,before,0,fixed_winner,5,3,1,1,13,1,218821,0
mixed_two_ordinary,4,before,0,fixed_winner,6,3,1,1,13,1,288223,0
mixed_two_ordinary,4,before,0,fixed_winner,7,3,1,1,13,1,282756,0
mixed_two_ordinary,4,before,0,fixed_winner,8,3,1,1,13,1,268904,0
mixed_two_ordinary,4,before,0,fixed_winner,9,3,1,1,13,1,259254,0
mixed_two_ordinary,4,before,0,fixed_winner,10,3,1,1,13,1,225658,0
mixed_two_ordinary,4,before,0,fixed_winner,11,3,1,1,13,1,225856,0
mixed_two_ordinary,4,before,0,fixed_winner,12,3,1,1,13,1,219079,0
mixed_two_ordinary,4,before,0,fixed_winner,13,3,1,1,13,1,215892,0
mixed_two_ordinary,4,before,0,fixed_winner,14,3,1,1,13,1,218418,0
mixed_two_ordinary,4,after,0,native,0,3,3,1,6,1,230975,254115
mixed_two_ordinary,4,after,0,native,1,3,3,1,6,1,227500,254327
mixed_two_ordinary,4,after,0,native,2,3,3,1,6,1,224864,254115
mixed_two_ordinary,4,after,0,native,3,3,3,1,6,1,222596,254070
mixed_two_ordinary,4,after,0,native,4,3,3,1,6,1,222229,253941
mixed_two_ordinary,4,after,0,native,5,3,3,1,6,1,222798,253914
mixed_two_ordinary,4,after,0,native,6,3,3,1,6,1,222908,254079
mixed_two_ordinary,4,after,0,native,7,3,3,1,6,1,221053,253941
mixed_two_ordinary,4,after,0,native,8,3,3,1,6,1,221990,254015
mixed_two_ordinary,4,after,0,native,9,3,3,1,6,1,271289,254024
mixed_two_ordinary,4,after,0,native,10,3,3,1,6,1,282805,254621
mixed_two_ordinary,4,after,0,native,11,3,3,1,6,1,233057,254455
mixed_two_ordinary,4,after,0,native,12,3,3,1,6,1,235903,254327
mixed_two_ordinary,4,after,0,native,13,3,3,1,6,1,240110,266440
mixed_two_ordinary,4,after,0,native,14,3,3,1,6,1,235362,253554
mixed_two_ordinary,4,after,0,fixed_winner,0,3,1,1,13,1,287873,0
mixed_two_ordinary,4,after,0,fixed_winner,1,3,1,1,13,1,310402,0
mixed_two_ordinary,4,after,0,fixed_winner,2,3,1,1,13,1,287068,0
mixed_two_ordinary,4,after,0,fixed_winner,3,3,1,1,13,1,302796,0
mixed_two_ordinary,4,after,0,fixed_winner,4,3,1,1,13,1,369151,0
mixed_two_ordinary,4,after,0,fixed_winner,5,3,1,1,13,1,276734,0
mixed_two_ordinary,4,after,0,fixed_winner,6,3,1,1,13,1,289573,0
mixed_two_ordinary,4,after,0,fixed_winner,7,3,1,1,13,1,297315,0
mixed_two_ordinary,4,after,0,fixed_winner,8,3,1,1,13,1,260966,0
mixed_two_ordinary,4,after,0,fixed_winner,9,3,1,1,13,1,233241,0
mixed_two_ordinary,4,after,0,fixed_winner,10,3,1,1,13,1,222991,0
mixed_two_ordinary,4,after,0,fixed_winner,11,3,1,1,13,1,221734,0
mixed_two_ordinary,4,after,0,fixed_winner,12,3,1,1,13,1,220962,0
mixed_two_ordinary,4,after,0,fixed_winner,13,3,1,1,13,1,294056,0
mixed_two_ordinary,4,after,0,fixed_winner,14,3,1,1,13,1,248972,0
mixed_two_ordinary,4,before,1,native,0,1,1,1,0,1,227592,240391
mixed_two_ordinary,4,before,1,native,1,1,1,1,0,1,227720,240492
mixed_two_ordinary,4,before,1,native,2,1,1,1,0,1,228125,240695
mixed_two_ordinary,4,before,1,native,3,1,1,1,0,1,226572,240474
mixed_two_ordinary,4,before,1,native,4,1,1,1,0,1,226527,240410
mixed_two_ordinary,4,before,1,native,5,1,1,1,0,1,234085,247848
mixed_two_ordinary,4,before,1,native,6,1,1,1,0,1,226343,240143
mixed_two_ordinary,4,before,1,native,7,1,1,1,0,1,226233,240051
mixed_two_ordinary,4,before,1,native,8,1,1,1,0,1,226279,240096
mixed_two_ordinary,4,before,1,native,9,1,1,1,0,1,253646,240097
mixed_two_ordinary,4,before,1,native,10,1,1,1,0,1,227225,240400
mixed_two_ordinary,4,before,1,native,11,1,1,1,0,1,318980,240079
mixed_two_ordinary,4,before,1,native,12,1,1,1,0,1,228813,241006
mixed_two_ordinary,4,before,1,native,13,1,1,1,0,1,235187,247378
mixed_two_ordinary,4,before,1,native,14,1,1,1,0,1,229438,239874
mixed_two_ordinary,4,before,1,fixed_winner,0,3,1,1,13,1,234287,0
mixed_two_ordinary,4,before,1,fixed_winner,1,3,1,1,13,1,212751,0
mixed_two_ordinary,4,before,1,fixed_winner,2,3,1,1,13,1,235068,0
mixed_two_ordinary,4,before,1,fixed_winner,3,3,1,1,13,1,266045,0
mixed_two_ordinary,4,before,1,fixed_winner,4,3,1,1,13,1,223597,0
mixed_two_ordinary,4,before,1,fixed_winner,5,3,1,1,13,1,222844,0
mixed_two_ordinary,4,before,1,fixed_winner,6,3,1,1,13,1,232707,0
mixed_two_ordinary,4,before,1,fixed_winner,7,3,1,1,13,1,275569,0
mixed_two_ordinary,4,before,1,fixed_winner,8,3,1,1,13,1,230678,0
mixed_two_ordinary,4,before,1,fixed_winner,9,3,1,1,13,1,220961,0
mixed_two_ordinary,4,before,1,fixed_winner,10,3,1,1,13,1,223404,0
mixed_two_ordinary,4,before,1,fixed_winner,11,3,1,1,13,1,219510,0
mixed_two_ordinary,4,before,1,fixed_winner,12,3,1,1,13,1,213312,0
mixed_two_ordinary,4,before,1,fixed_winner,13,3,1,1,13,1,217931,0
mixed_two_ordinary,4,before,1,fixed_winner,14,3,1,1,13,1,214395,0
mixed_two_ordinary,4,after,1,native,0,3,3,1,0,1,219768,244922
mixed_two_ordinary,4,after,1,native,1,3,3,1,0,1,288940,245070
mixed_two_ordinary,4,after,1,native,2,3,3,1,0,1,335704,245528
mixed_two_ordinary,4,after,1,native,3,3,3,1,0,1,253159,245648
mixed_two_ordinary,4,after,1,native,4,3,3,1,0,1,326722,246024
mixed_two_ordinary,4,after,1,native,5,3,3,1,0,1,254987,255863
mixed_two_ordinary,4,after,1,native,6,3,3,1,0,1,230164,245476
mixed_two_ordinary,4,after,1,native,7,3,3,1,0,1,227941,245164
mixed_two_ordinary,4,after,1,native,8,3,3,1,0,1,227170,245054
mixed_two_ordinary,4,after,1,native,9,3,3,1,0,1,241984,245017
mixed_two_ordinary,4,after,1,native,10,3,3,1,0,1,264180,245798
mixed_two_ordinary,4,after,1,native,11,3,3,1,0,1,233681,245660
mixed_two_ordinary,4,after,1,native,12,3,3,1,0,1,230668,245393
mixed_two_ordinary,4,after,1,native,13,3,3,1,0,1,226591,244999
mixed_two_ordinary,4,after,1,native,14,3,3,1,0,1,260388,245054
mixed_two_ordinary,4,after,1,fixed_winner,0,3,1,1,13,1,237410,0
mixed_two_ordinary,4,after,1,fixed_winner,1,3,1,1,13,1,220099,0
mixed_two_ordinary,4,after,1,fixed_winner,2,3,1,1,13,1,252316,0
mixed_two_ordinary,4,after,1,fixed_winner,3,3,1,1,13,1,225112,0
mixed_two_ordinary,4,after,1,fixed_winner,4,3,1,1,13,1,215699,0
mixed_two_ordinary,4,after,1,fixed_winner,5,3,1,1,13,1,217940,0
mixed_two_ordinary,4,after,1,fixed_winner,6,3,1,1,13,1,218087,0
mixed_two_ordinary,4,after,1,fixed_winner,7,3,1,1,13,1,214202,0
mixed_two_ordinary,4,after,1,fixed_winner,8,3,1,1,13,1,218831,0
mixed_two_ordinary,4,after,1,fixed_winner,9,3,1,1,13,1,218097,0
mixed_two_ordinary,4,after,1,fixed_winner,10,3,1,1,13,1,213853,0
mixed_two_ordinary,4,after,1,fixed_winner,11,3,1,1,13,1,218170,0
mixed_two_ordinary,4,after,1,fixed_winner,12,3,1,1,13,1,216875,0
mixed_two_ordinary,4,after,1,fixed_winner,13,3,1,1,13,1,212889,0
mixed_two_ordinary,4,after,1,fixed_winner,14,3,1,1,13,1,216709,0
mixed_two_ordinary,4,before,2,native,0,1,1,1,6,1,266228,239274
mixed_two_ordinary,4,before,2,native,1,1,1,1,6,1,239274,239705
mixed_two_ordinary,4,before,2,native,2,1,1,1,6,1,229631,239393
mixed_two_ordinary,4,before,2,native,3,1,1,1,6,1,236584,239292
mixed_two_ordinary,4,before,2,native,4,1,1,1,6,1,395595,240403
mixed_two_ordinary,4,before,2,native,5,1,1,1,6,1,393560,242598
mixed_two_ordinary,4,before,2,native,6,1,1,1,6,1,331479,241918
mixed_two_ordinary,4,before,2,native,7,1,1,1,6,1,349920,241138
mixed_two_ordinary,4,before,2,native,8,1,1,1,6,1,348313,241220
mixed_two_ordinary,4,before,2,native,9,1,1,1,6,1,365359,240734
mixed_two_ordinary,4,before,2,native,10,1,1,1,6,1,343225,241597
mixed_two_ordinary,4,before,2,native,11,1,1,1,6,1,288114,241037
mixed_two_ordinary,4,before,2,native,12,1,1,1,6,1,294607,240559
mixed_two_ordinary,4,before,2,native,13,1,1,1,6,1,290730,241092
mixed_two_ordinary,4,before,2,native,14,1,1,1,6,1,340369,240752
mixed_two_ordinary,4,before,2,fixed_winner,0,3,1,1,13,1,262331,0
mixed_two_ordinary,4,before,2,fixed_winner,1,3,1,1,13,1,262840,0
mixed_two_ordinary,4,before,2,fixed_winner,2,3,1,1,13,1,320187,0
mixed_two_ordinary,4,before,2,fixed_winner,3,3,1,1,13,1,336978,0
mixed_two_ordinary,4,before,2,fixed_winner,4,3,1,1,13,1,310576,0
mixed_two_ordinary,4,before,2,fixed_winner,5,3,1,1,13,1,334959,0
mixed_two_ordinary,4,before,2,fixed_winner,6,3,1,1,13,1,374671,0
mixed_two_ordinary,4,before,2,fixed_winner,7,3,1,1,13,1,322661,0
mixed_two_ordinary,4,before,2,fixed_winner,8,3,1,1,13,1,354757,0
mixed_two_ordinary,4,before,2,fixed_winner,9,3,1,1,13,1,378513,0
mixed_two_ordinary,4,before,2,fixed_winner,10,3,1,1,13,1,370682,0
mixed_two_ordinary,4,before,2,fixed_winner,11,3,1,1,13,1,265181,0
mixed_two_ordinary,4,before,2,fixed_winner,12,3,1,1,13,1,231453,0
mixed_two_ordinary,4,before,2,fixed_winner,13,3,1,1,13,1,275427,0
mixed_two_ordinary,4,before,2,fixed_winner,14,3,1,1,13,1,262243,0
mixed_two_ordinary,4,after,2,native,0,3,3,1,0,1,225893,273268
mixed_two_ordinary,4,after,2,native,1,3,3,1,0,1,228198,273167
mixed_two_ordinary,4,after,2,native,2,3,3,1,0,1,221448,273084
mixed_two_ordinary,4,after,2,native,3,3,3,1,0,1,220659,273092
mixed_two_ordinary,4,after,2,native,4,3,3,1,0,1,224626,273047
mixed_two_ordinary,4,after,2,native,5,3,3,1,0,1,230613,273038
mixed_two_ordinary,4,after,2,native,6,3,3,1,0,1,253647,273938
mixed_two_ordinary,4,after,2,native,7,3,3,1,0,1,425236,273579
mixed_two_ordinary,4,after,2,native,8,3,3,1,0,1,237134,273818
mixed_two_ordinary,4,after,2,native,9,3,3,1,0,1,230017,273497
mixed_two_ordinary,4,after,2,native,10,3,3,1,0,1,279609,273185
mixed_two_ordinary,4,after,2,native,11,3,3,1,0,1,438130,273433
mixed_two_ordinary,4,after,2,native,12,3,3,1,0,1,357773,274057
mixed_two_ordinary,4,after,2,native,13,3,3,1,0,1,360508,274406
mixed_two_ordinary,4,after,2,native,14,3,3,1,0,1,344860,274204
mixed_two_ordinary,4,after,2,fixed_winner,0,3,1,1,13,1,336424,0
mixed_two_ordinary,4,after,2,fixed_winner,1,3,1,1,13,1,333959,0
mixed_two_ordinary,4,after,2,fixed_winner,2,3,1,1,13,1,333867,0
mixed_two_ordinary,4,after,2,fixed_winner,3,3,1,1,13,1,350590,0
mixed_two_ordinary,4,after,2,fixed_winner,4,3,1,1,13,1,426310,0
mixed_two_ordinary,4,after,2,fixed_winner,5,3,1,1,13,1,331002,0
mixed_two_ordinary,4,after,2,fixed_winner,6,3,1,1,13,1,342489,0
mixed_two_ordinary,4,after,2,fixed_winner,7,3,1,1,13,1,334194,0
mixed_two_ordinary,4,after,2,fixed_winner,8,3,1,1,13,1,324862,0
mixed_two_ordinary,4,after,2,fixed_winner,9,3,1,1,13,1,348175,0
mixed_two_ordinary,4,after,2,fixed_winner,10,3,1,1,13,1,332967,0
mixed_two_ordinary,4,after,2,fixed_winner,11,3,1,1,13,1,334095,0
mixed_two_ordinary,4,after,2,fixed_winner,12,3,1,1,13,1,318072,0
mixed_two_ordinary,4,after,2,fixed_winner,13,3,1,1,13,1,317423,0
mixed_two_ordinary,4,after,2,fixed_winner,14,3,1,1,13,1,3210337,0
mixed_two_ordinary,4,after,3,native,0,1,1,1,0,1,1668957,314416
mixed_two_ordinary,4,after,3,native,1,1,1,1,0,1,327116,319375
mixed_two_ordinary,4,after,3,native,2,1,1,1,0,1,340442,315508
mixed_two_ordinary,4,after,3,native,3,1,1,1,0,1,331093,315242
mixed_two_ordinary,4,after,3,native,4,1,1,1,0,1,392147,314985
mixed_two_ordinary,4,after,3,native,5,1,1,1,0,1,364476,314480
mixed_two_ordinary,4,after,3,native,6,1,1,1,0,1,395518,313533
mixed_two_ordinary,4,after,3,native,7,1,1,1,0,1,350242,313277
mixed_two_ordinary,4,after,3,native,8,1,1,1,0,1,244546,312569
mixed_two_ordinary,4,after,3,native,9,1,1,1,0,1,247548,311853
mixed_two_ordinary,4,after,3,native,10,1,1,1,0,1,364311,312450
mixed_two_ordinary,4,after,3,native,11,1,1,1,0,1,361914,312771
mixed_two_ordinary,4,after,3,native,12,1,1,1,0,1,371943,312891
mixed_two_ordinary,4,after,3,native,13,1,1,1,0,1,358819,313120
mixed_two_ordinary,4,after,3,native,14,1,1,1,0,1,363714,313010
mixed_two_ordinary,4,after,3,fixed_winner,0,3,1,1,13,1,369601,0
mixed_two_ordinary,4,after,3,fixed_winner,1,3,1,1,13,1,443327,0
mixed_two_ordinary,4,after,3,fixed_winner,2,3,1,1,13,1,473919,0
mixed_two_ordinary,4,after,3,fixed_winner,3,3,1,1,13,1,506794,0
mixed_two_ordinary,4,after,3,fixed_winner,4,3,1,1,13,1,486188,0
mixed_two_ordinary,4,after,3,fixed_winner,5,3,1,1,13,1,387252,0
mixed_two_ordinary,4,after,3,fixed_winner,6,3,1,1,13,1,433873,0
mixed_two_ordinary,4,after,3,fixed_winner,7,3,1,1,13,1,454046,0
mixed_two_ordinary,4,after,3,fixed_winner,8,3,1,1,13,1,1663382,0
mixed_two_ordinary,4,after,3,fixed_winner,9,3,1,1,13,1,3106291,0
mixed_two_ordinary,4,after,3,fixed_winner,10,3,1,1,13,1,2396543,0
mixed_two_ordinary,4,after,3,fixed_winner,11,3,1,1,13,1,442243,0
mixed_two_ordinary,4,after,3,fixed_winner,12,3,1,1,13,1,396603,0
mixed_two_ordinary,4,after,3,fixed_winner,13,3,1,1,13,1,371897,0
mixed_two_ordinary,4,after,3,fixed_winner,14,3,1,1,13,1,351601,0
mixed_two_ordinary,4,before,3,native,0,1,1,1,0,1,359077,372578
mixed_two_ordinary,4,before,3,native,1,1,1,1,0,1,362851,371495
mixed_two_ordinary,4,before,3,native,2,1,1,1,0,1,387362,371209
mixed_two_ordinary,4,before,3,native,3,1,1,1,0,1,511452,371458
mixed_two_ordinary,4,before,3,native,4,1,1,1,0,1,980103,372523
mixed_two_ordinary,4,before,3,native,5,1,1,1,0,1,386187,406259
mixed_two_ordinary,4,before,3,native,6,1,1,1,0,1,376737,370846
mixed_two_ordinary,4,before,3,native,7,1,1,1,0,1,366460,370644
mixed_two_ordinary,4,before,3,native,8,1,1,1,0,1,323517,371113
mixed_two_ordinary,4,before,3,native,9,1,1,1,0,1,339689,370387
mixed_two_ordinary,4,before,3,native,10,1,1,1,0,1,331507,370414
mixed_two_ordinary,4,before,3,native,11,1,1,1,0,1,323040,370414
mixed_two_ordinary,4,before,3,native,12,1,1,1,0,1,337669,370277
mixed_two_ordinary,4,before,3,native,13,1,1,1,0,1,371933,370304
mixed_two_ordinary,4,before,3,native,14,1,1,1,0,1,359719,370801
mixed_two_ordinary,4,before,3,fixed_winner,0,3,1,1,13,1,347293,0
mixed_two_ordinary,4,before,3,fixed_winner,1,3,1,1,13,1,364908,0
mixed_two_ordinary,4,before,3,fixed_winner,2,3,1,1,13,1,342314,0
mixed_two_ordinary,4,before,3,fixed_winner,3,3,1,1,13,1,342444,0
mixed_two_ordinary,4,before,3,fixed_winner,4,3,1,1,13,1,358380,0
mixed_two_ordinary,4,before,3,fixed_winner,5,3,1,1,13,1,346595,0
mixed_two_ordinary,4,before,3,fixed_winner,6,3,1,1,13,1,372742,0
mixed_two_ordinary,4,before,3,fixed_winner,7,3,1,1,13,1,351141,0
mixed_two_ordinary,4,before,3,fixed_winner,8,3,1,1,13,1,346643,0
mixed_two_ordinary,4,before,3,fixed_winner,9,3,1,1,13,1,347935,0
mixed_two_ordinary,4,before,3,fixed_winner,10,3,1,1,13,1,347064,0
mixed_two_ordinary,4,before,3,fixed_winner,11,3,1,1,13,1,372787,0
mixed_two_ordinary,4,before,3,fixed_winner,12,3,1,1,13,1,364798,0
mixed_two_ordinary,4,before,3,fixed_winner,13,3,1,1,13,1,349607,0
mixed_two_ordinary,4,before,3,fixed_winner,14,3,1,1,13,1,728687,0
mixed_two_ordinary,4,before,4,native,0,1,1,1,0,1,231541,231384
mixed_two_ordinary,4,before,4,native,1,1,1,1,0,1,248228,230998
mixed_two_ordinary,4,before,4,native,2,1,1,1,0,1,232533,231118
mixed_two_ordinary,4,before,4,native,3,1,1,1,0,1,239880,230842
mixed_two_ordinary,4,before,4,native,4,1,1,1,0,1,232790,230980
mixed_two_ordinary,4,before,4,native,5,1,1,1,0,1,264814,230861
mixed_two_ordinary,4,before,4,native,6,1,1,1,0,1,232891,231330
mixed_two_ordinary,4,before,4,native,7,1,1,1,0,1,232221,230852
mixed_two_ordinary,4,before,4,native,8,1,1,1,0,1,232184,230852
mixed_two_ordinary,4,before,4,native,9,1,1,1,0,1,232175,230843
mixed_two_ordinary,4,before,4,native,10,1,1,1,0,1,232147,230806
mixed_two_ordinary,4,before,4,native,11,1,1,1,0,1,264207,230852
mixed_two_ordinary,4,before,4,native,12,1,1,1,0,1,604026,231302
mixed_two_ordinary,4,before,4,native,13,1,1,1,0,1,541842,467525
mixed_two_ordinary,4,before,4,native,14,1,1,1,0,1,304479,233182
mixed_two_ordinary,4,before,4,fixed_winner,0,3,1,1,13,1,344180,0
mixed_two_ordinary,4,before,4,fixed_winner,1,3,1,1,13,1,345934,0
mixed_two_ordinary,4,before,4,fixed_winner,2,3,1,1,13,1,249597,0
mixed_two_ordinary,4,before,4,fixed_winner,3,3,1,1,13,1,276652,0
mixed_two_ordinary,4,before,4,fixed_winner,4,3,1,1,13,1,273685,0
mixed_two_ordinary,4,before,4,fixed_winner,5,3,1,1,13,1,355706,0
mixed_two_ordinary,4,before,4,fixed_winner,6,3,1,1,13,1,333012,0
mixed_two_ordinary,4,before,4,fixed_winner,7,3,1,1,13,1,249018,0
mixed_two_ordinary,4,before,4,fixed_winner,8,3,1,1,13,1,227528,0
mixed_two_ordinary,4,before,4,fixed_winner,9,3,1,1,13,1,229557,0
mixed_two_ordinary,4,before,4,fixed_winner,10,3,1,1,13,1,229521,0
mixed_two_ordinary,4,before,4,fixed_winner,11,3,1,1,13,1,217784,0
mixed_two_ordinary,4,before,4,fixed_winner,12,3,1,1,13,1,275101,0
mixed_two_ordinary,4,before,4,fixed_winner,13,3,1,1,13,1,289820,0
mixed_two_ordinary,4,before,4,fixed_winner,14,3,1,1,13,1,259258,0
mixed_two_ordinary,4,after,4,native,0,3,3,1,0,1,236740,347103
mixed_two_ordinary,4,after,4,native,1,3,3,1,0,1,329339,346689
mixed_two_ordinary,4,after,4,native,2,3,3,1,0,1,321359,346589
mixed_two_ordinary,4,after,4,native,3,3,3,1,0,1,317225,346396
mixed_two_ordinary,4,after,4,native,4,3,3,1,0,1,311495,346570
mixed_two_ordinary,4,after,4,native,5,3,3,1,0,1,305480,346396
mixed_two_ordinary,4,after,4,native,6,3,3,1,0,1,316849,346322
mixed_two_ordinary,4,after,4,native,7,3,3,1,0,1,330523,346387
mixed_two_ordinary,4,after,4,native,8,3,3,1,0,1,321542,346561
mixed_two_ordinary,4,after,4,native,9,3,3,1,0,1,328412,346488
mixed_two_ordinary,4,after,4,native,10,3,3,1,0,1,335869,346515
mixed_two_ordinary,4,after,4,native,11,3,3,1,0,1,362529,346267
mixed_two_ordinary,4,after,4,native,12,3,3,1,0,1,323489,346276
mixed_two_ordinary,4,after,4,native,13,3,3,1,0,1,329404,362558
mixed_two_ordinary,4,after,4,native,14,3,3,1,0,1,315453,346000
mixed_two_ordinary,4,after,4,fixed_winner,0,3,1,1,13,1,266109,0
mixed_two_ordinary,4,after,4,fixed_winner,1,3,1,1,13,1,265310,0
mixed_two_ordinary,4,after,4,fixed_winner,2,3,1,1,13,1,270251,0
mixed_two_ordinary,4,after,4,fixed_winner,3,3,1,1,13,1,264281,0
mixed_two_ordinary,4,after,4,fixed_winner,4,3,1,1,13,1,264658,0
mixed_two_ordinary,4,after,4,fixed_winner,5,3,1,1,13,1,266118,0
mixed_two_ordinary,4,after,4,fixed_winner,6,3,1,1,13,1,288077,0
mixed_two_ordinary,4,after,4,fixed_winner,7,3,1,1,13,1,292926,0
mixed_two_ordinary,4,after,4,fixed_winner,8,3,1,1,13,1,259000,0
mixed_two_ordinary,4,after,4,fixed_winner,9,3,1,1,13,1,277056,0
mixed_two_ordinary,4,after,4,fixed_winner,10,3,1,1,13,1,267422,0
mixed_two_ordinary,4,after,4,fixed_winner,11,3,1,1,13,1,264722,0
mixed_two_ordinary,4,after,4,fixed_winner,12,3,1,1,13,1,359085,0
mixed_two_ordinary,4,after,4,fixed_winner,13,3,1,1,13,1,263969,0
mixed_two_ordinary,4,after,4,fixed_winner,14,3,1,1,13,1,262068,0
mixed_two_ordinary,6,after,0,native,0,1,1,1,0,1,235747,240452
mixed_two_ordinary,6,after,0,native,1,1,1,1,0,1,229897,240736
mixed_two_ordinary,6,after,0,native,2,1,1,1,0,1,229439,240461
mixed_two_ordinary,6,after,0,native,3,1,1,1,0,1,229364,240433
mixed_two_ordinary,6,after,0,native,4,1,1,1,0,1,229595,240415
mixed_two_ordinary,6,after,0,native,5,1,1,1,0,1,237612,248077
mixed_two_ordinary,6,after,0,native,6,1,1,1,0,1,229456,240004
mixed_two_ordinary,6,after,0,native,7,1,1,1,0,1,255741,239921
mixed_two_ordinary,6,after,0,native,8,1,1,1,0,1,229879,240325
mixed_two_ordinary,6,after,0,native,9,1,1,1,0,1,229356,239930
mixed_two_ordinary,6,after,0,native,10,1,1,1,0,1,229383,239949
mixed_two_ordinary,6,after,0,native,11,1,1,1,0,1,229356,239912
mixed_two_ordinary,6,after,0,native,12,1,1,1,0,1,229576,239903
mixed_two_ordinary,6,after,0,native,13,1,1,1,0,1,244692,239930
mixed_two_ordinary,6,after,0,native,14,1,1,1,0,1,282851,240188
mixed_two_ordinary,6,after,0,fixed_winner,0,5,1,1,0,1,280665,0
mixed_two_ordinary,6,after,0,fixed_winner,1,5,1,1,0,1,276523,0
mixed_two_ordinary,6,after,0,fixed_winner,2,5,1,1,0,1,241625,0
mixed_two_ordinary,6,after,0,fixed_winner,3,5,1,1,0,1,236657,0
mixed_two_ordinary,6,after,0,fixed_winner,4,5,1,1,0,1,247658,0
mixed_two_ordinary,6,after,0,fixed_winner,5,5,1,1,0,1,248632,0
mixed_two_ordinary,6,after,0,fixed_winner,6,5,1,1,0,1,252444,0
mixed_two_ordinary,6,after,0,fixed_winner,7,5,1,1,0,1,263823,0
mixed_two_ordinary,6,after,0,fixed_winner,8,5,1,1,0,1,254295,0
mixed_two_ordinary,6,after,0,fixed_winner,9,5,1,1,0,1,254697,0
mixed_two_ordinary,6,after,0,fixed_winner,10,5,1,1,0,1,249615,0
mixed_two_ordinary,6,after,0,fixed_winner,11,5,1,1,0,1,294239,0
mixed_two_ordinary,6,after,0,fixed_winner,12,5,1,1,0,1,237134,0
mixed_two_ordinary,6,after,0,fixed_winner,13,5,1,1,0,1,258560,0
mixed_two_ordinary,6,after,0,fixed_winner,14,5,1,1,0,1,245281,0
mixed_two_ordinary,6,before,0,native,0,1,1,1,0,1,227593,232800
mixed_two_ordinary,6,before,0,native,1,1,1,1,0,1,228364,232938
mixed_two_ordinary,6,before,0,native,2,1,1,1,0,1,239953,232818
mixed_two_ordinary,6,before,0,native,3,1,1,1,0,1,229145,232910
mixed_two_ordinary,6,before,0,native,4,1,1,1,0,1,229272,232828
mixed_two_ordinary,6,before,0,native,5,1,1,1,0,1,238668,241865
mixed_two_ordinary,6,before,0,native,6,1,1,1,0,1,229052,232341
mixed_two_ordinary,6,before,0,native,7,1,1,1,0,1,245665,232314
mixed_two_ordinary,6,before,0,native,8,1,1,1,0,1,292301,232497
mixed_two_ordinary,6,before,0,native,9,1,1,1,0,1,238053,232910
mixed_two_ordinary,6,before,0,native,10,1,1,1,0,1,229227,232452
mixed_two_ordinary,6,before,0,native,11,1,1,1,0,1,228988,232259
mixed_two_ordinary,6,before,0,native,12,1,1,1,0,1,229254,232287
mixed_two_ordinary,6,before,0,native,13,1,1,1,0,1,228933,232240
mixed_two_ordinary,6,before,0,native,14,1,1,1,0,1,228952,232249
mixed_two_ordinary,6,before,0,fixed_winner,0,5,1,1,0,1,342149,0
mixed_two_ordinary,6,before,0,fixed_winner,1,5,1,1,0,1,290565,0
mixed_two_ordinary,6,before,0,fixed_winner,2,5,1,1,0,1,265392,0
mixed_two_ordinary,6,before,0,fixed_winner,3,5,1,1,0,1,237429,0
mixed_two_ordinary,6,before,0,fixed_winner,4,5,1,1,0,1,295194,0
mixed_two_ordinary,6,before,0,fixed_winner,5,5,1,1,0,1,259993,0
mixed_two_ordinary,6,before,0,fixed_winner,6,5,1,1,0,1,246667,0
mixed_two_ordinary,6,before,0,fixed_winner,7,5,1,1,0,1,259377,0
mixed_two_ordinary,6,before,0,fixed_winner,8,5,1,1,0,1,254987,0
mixed_two_ordinary,6,before,0,fixed_winner,9,5,1,1,0,1,255070,0
mixed_two_ordinary,6,before,0,fixed_winner,10,5,1,1,0,1,256741,0
mixed_two_ordinary,6,before,0,fixed_winner,11,5,1,1,0,1,252544,0
mixed_two_ordinary,6,before,0,fixed_winner,12,5,1,1,0,1,243085,0
mixed_two_ordinary,6,before,0,fixed_winner,13,5,1,1,0,1,252407,0
mixed_two_ordinary,6,before,0,fixed_winner,14,5,1,1,0,1,246318,0
mixed_two_ordinary,6,before,1,native,0,1,1,1,0,1,229695,231321
mixed_two_ordinary,6,before,1,native,1,1,1,1,0,1,354301,231707
mixed_two_ordinary,6,before,1,native,2,1,1,1,0,1,325895,232321
mixed_two_ordinary,6,before,1,native,3,1,1,1,0,1,238245,232358
mixed_two_ordinary,6,before,1,native,4,1,1,1,0,1,289573,231164
mixed_two_ordinary,6,before,1,native,5,1,1,1,0,1,298418,233515
mixed_two_ordinary,6,before,1,native,6,1,1,1,0,1,267312,231660
mixed_two_ordinary,6,before,1,native,7,1,1,1,0,1,229722,231339
mixed_two_ordinary,6,before,1,native,8,1,1,1,0,1,229062,230852
mixed_two_ordinary,6,before,1,native,9,1,1,1,0,1,228979,230760
mixed_two_ordinary,6,before,1,native,10,1,1,1,0,1,283090,230752
mixed_two_ordinary,6,before,1,native,11,1,1,1,0,1,258450,231835
mixed_two_ordinary,6,before,1,native,12,1,1,1,0,1,231771,231238
mixed_two_ordinary,6,before,1,native,13,1,1,1,0,1,240790,241933
mixed_two_ordinary,6,before,1,native,14,1,1,1,0,1,229080,230361
mixed_two_ordinary,6,before,1,fixed_winner,0,5,1,1,0,1,264480,0
mixed_two_ordinary,6,before,1,fixed_winner,1,5,1,1,0,1,228162,0
mixed_two_ordinary,6,before,1,fixed_winner,2,5,1,1,0,1,247589,0
mixed_two_ordinary,6,before,1,fixed_winner,3,5,1,1,0,1,325272,0
mixed_two_ordinary,6,before,1,fixed_winner,4,5,1,1,0,1,305258,0
mixed_two_ordinary,6,before,1,fixed_winner,5,5,1,1,0,1,284871,0
mixed_two_ordinary,6,before,1,fixed_winner,6,5,1,1,0,1,375801,0
mixed_two_ordinary,6,before,1,fixed_winner,7,5,1,1,0,1,283263,0
mixed_two_ordinary,6,before,1,fixed_winner,8,5,1,1,0,1,256254,0
mixed_two_ordinary,6,before,1,fixed_winner,9,5,1,1,0,1,245106,0
mixed_two_ordinary,6,before,1,fixed_winner,10,5,1,1,0,1,243397,0
mixed_two_ordinary,6,before,1,fixed_winner,11,5,1,1,0,1,308797,0
mixed_two_ordinary,6,before,1,fixed_winner,12,5,1,1,0,1,322679,0
mixed_two_ordinary,6,before,1,fixed_winner,13,5,1,1,0,1,313310,0
mixed_two_ordinary,6,before,1,fixed_winner,14,5,1,1,0,1,292737,0
mixed_two_ordinary,6,after,1,native,0,1,1,1,0,1,397869,242879
mixed_two_ordinary,6,after,1,native,1,1,1,1,0,1,377021,241649
mixed_two_ordinary,6,after,1,native,2,1,1,1,0,1,377168,241098
mixed_two_ordinary,6,after,1,native,3,1,1,1,0,1,376397,241089
mixed_two_ordinary,6,after,1,native,4,1,1,1,0,1,374367,241218
mixed_two_ordinary,6,after,1,native,5,1,1,1,0,1,355210,253422
mixed_two_ordinary,6,after,1,native,6,1,1,1,0,1,302734,240996
mixed_two_ordinary,6,after,1,native,7,1,1,1,0,1,230090,240491
mixed_two_ordinary,6,after,1,native,8,1,1,1,0,1,229135,239747
mixed_two_ordinary,6,after,1,native,9,1,1,1,0,1,250322,239646
mixed_two_ordinary,6,after,1,native,10,1,1,1,0,1,235362,240105
mixed_two_ordinary,6,after,1,native,11,1,1,1,0,1,240128,240242
mixed_two_ordinary,6,after,1,native,12,1,1,1,0,1,252141,239802
mixed_two_ordinary,6,after,1,native,13,1,1,1,0,1,358103,240629
mixed_two_ordinary,6,after,1,native,14,1,1,1,0,1,304782,241198
mixed_two_ordinary,6,after,1,fixed_winner,0,5,1,1,0,1,228590,0
mixed_two_ordinary,6,after,1,fixed_winner,1,5,1,1,0,1,323171,0
mixed_two_ordinary,6,after,1,fixed_winner,2,5,1,1,0,1,298243,0
mixed_two_ordinary,6,after,1,fixed_winner,3,5,1,1,0,1,258403,0
mixed_two_ordinary,6,after,1,fixed_winner,4,5,1,1,0,1,324637,0
mixed_two_ordinary,6,after,1,fixed_winner,5,5,1,1,0,1,348964,0
mixed_two_ordinary,6,after,1,fixed_winner,6,5,1,1,0,1,370510,0
mixed_two_ordinary,6,after,1,fixed_winner,7,5,1,1,0,1,335943,0
mixed_two_ordinary,6,after,1,fixed_winner,8,5,1,1,0,1,300310,0
mixed_two_ordinary,6,after,1,fixed_winner,9,5,1,1,0,1,272968,0
mixed_two_ordinary,6,after,1,fixed_winner,10,5,1,1,0,1,344750,0
mixed_two_ordinary,6,after,1,fixed_winner,11,5,1,1,0,1,262444,0
mixed_two_ordinary,6,after,1,fixed_winner,12,5,1,1,0,1,275312,0
mixed_two_ordinary,6,after,1,fixed_winner,13,5,1,1,0,1,267484,0
mixed_two_ordinary,6,after,1,fixed_winner,14,5,1,1,0,1,285840,0
mixed_two_ordinary,6,after,2,native,0,1,1,1,6,1,276202,270438
mixed_two_ordinary,6,after,2,native,1,1,1,1,6,1,392698,272568
mixed_two_ordinary,6,after,2,native,2,1,1,1,6,1,239679,270759
mixed_two_ordinary,6,after,2,native,3,1,1,1,6,1,229383,270245
mixed_two_ordinary,6,after,2,native,4,1,1,1,6,1,234241,269941
mixed_two_ordinary,6,after,2,native,5,1,1,1,6,1,326180,270796
mixed_two_ordinary,6,after,2,native,6,1,1,1,6,1,259515,271806
mixed_two_ordinary,6,after,2,native,7,1,1,1,6,1,238888,270336
mixed_two_ordinary,6,after,2,native,8,1,1,1,6,1,229172,270043
mixed_two_ordinary,6,after,2,native,9,1,1,1,6,1,229024,269915
mixed_two_ordinary,6,after,2,native,10,1,1,1,6,1,228998,269933
mixed_two_ordinary,6,after,2,native,11,1,1,1,6,1,230798,269933
mixed_two_ordinary,6,after,2,native,12,1,1,1,6,1,236978,269970
mixed_two_ordinary,6,after,2,native,13,1,1,1,6,1,252747,282939
mixed_two_ordinary,6,after,2,native,14,1,1,1,6,1,239504,269494
mixed_two_ordinary,6,after,2,fixed_winner,0,5,1,1,0,1,338660,0
mixed_two_ordinary,6,after,2,fixed_winner,1,5,1,1,0,1,318880,0
mixed_two_ordinary,6,after,2,fixed_winner,2,5,1,1,0,1,407823,0
mixed_two_ordinary,6,after,2,fixed_winner,3,5,1,1,0,1,329147,0
mixed_two_ordinary,6,after,2,fixed_winner,4,5,1,1,0,1,294881,0
mixed_two_ordinary,6,after,2,fixed_winner,5,5,1,1,0,1,227754,0
mixed_two_ordinary,6,after,2,fixed_winner,6,5,1,1,0,1,249508,0
mixed_two_ordinary,6,after,2,fixed_winner,7,5,1,1,0,1,288665,0
mixed_two_ordinary,6,after,2,fixed_winner,8,5,1,1,0,1,242071,0
mixed_two_ordinary,6,after,2,fixed_winner,9,5,1,1,0,1,245137,0
mixed_two_ordinary,6,after,2,fixed_winner,10,5,1,1,0,1,240991,0
mixed_two_ordinary,6,after,2,fixed_winner,11,5,1,1,0,1,241919,0
mixed_two_ordinary,6,after,2,fixed_winner,12,5,1,1,0,1,232662,0
mixed_two_ordinary,6,after,2,fixed_winner,13,5,1,1,0,1,233993,0
mixed_two_ordinary,6,after,2,fixed_winner,14,5,1,1,0,1,229098,0
mixed_two_ordinary,6,before,2,native,0,1,1,1,6,1,232166,387953
mixed_two_ordinary,6,before,2,native,1,1,1,1,6,1,232037,388367
mixed_two_ordinary,6,before,2,native,2,1,1,1,6,1,230944,388008
mixed_two_ordinary,6,before,2,native,3,1,1,1,6,1,236436,387936
mixed_two_ordinary,6,before,2,native,4,1,1,1,6,1,230374,388128
mixed_two_ordinary,6,before,2,native,5,1,1,1,6,1,230770,387944
mixed_two_ordinary,6,before,2,native,6,1,1,1,6,1,230798,387953
mixed_two_ordinary,6,before,2,native,7,1,1,1,6,1,233544,387953
mixed_two_ordinary,6,before,2,native,8,1,1,1,6,1,239044,388000
mixed_two_ordinary,6,before,2,native,9,1,1,1,6,1,235582,390883
mixed_two_ordinary,6,before,2,native,10,1,1,1,6,1,236069,390452
mixed_two_ordinary,6,before,2,native,11,1,1,1,6,1,230568,388055
mixed_two_ordinary,6,before,2,native,12,1,1,1,6,1,269516,387972
mixed_two_ordinary,6,before,2,native,13,1,1,1,6,1,244830,399603
mixed_two_ordinary,6,before,2,native,14,1,1,1,6,1,232496,387619
mixed_two_ordinary,6,before,2,fixed_winner,0,5,1,1,0,1,240027,0
mixed_two_ordinary,6,before,2,fixed_winner,1,5,1,1,0,1,248017,0
mixed_two_ordinary,6,before,2,fixed_winner,2,5,1,1,0,1,239274,0
mixed_two_ordinary,6,before,2,fixed_winner,3,5,1,1,0,1,265365,0
mixed_two_ordinary,6,before,2,fixed_winner,4,5,1,1,0,1,292328,0
mixed_two_ordinary,6,before,2,fixed_winner,5,5,1,1,0,1,254794,0
mixed_two_ordinary,6,before,2,fixed_winner,6,5,1,1,0,1,241092,0
mixed_two_ordinary,6,before,2,fixed_winner,7,5,1,1,0,1,250065,0
mixed_two_ordinary,6,before,2,fixed_winner,8,5,1,1,0,1,244444,0
mixed_two_ordinary,6,before,2,fixed_winner,9,5,1,1,0,1,241276,0
mixed_two_ordinary,6,before,2,fixed_winner,10,5,1,1,0,1,294331,0
mixed_two_ordinary,6,before,2,fixed_winner,11,5,1,1,0,1,255832,0
mixed_two_ordinary,6,before,2,fixed_winner,12,5,1,1,0,1,234839,0
mixed_two_ordinary,6,before,2,fixed_winner,13,5,1,1,0,1,248540,0
mixed_two_ordinary,6,before,2,fixed_winner,14,5,1,1,0,1,242433,0
mixed_two_ordinary,6,after,3,native,0,1,1,1,0,1,230807,234119
mixed_two_ordinary,6,after,3,native,1,1,1,1,0,1,239714,234293
mixed_two_ordinary,6,after,3,native,2,1,1,1,0,1,229209,234302
mixed_two_ordinary,6,after,3,native,3,1,1,1,0,1,228979,234119
mixed_two_ordinary,6,after,3,native,4,1,1,1,0,1,229209,234073
mixed_two_ordinary,6,after,3,native,5,1,1,1,0,1,244472,247123
mixed_two_ordinary,6,after,3,native,6,1,1,1,0,1,230824,233559
mixed_two_ordinary,6,after,3,native,7,1,1,1,0,1,228961,233476
mixed_two_ordinary,6,after,3,native,8,1,1,1,0,1,240578,233477
mixed_two_ordinary,6,after,3,native,9,1,1,1,0,1,278832,233633
mixed_two_ordinary,6,after,3,native,10,1,1,1,0,1,286158,235441
mixed_two_ordinary,6,after,3,native,11,1,1,1,0,1,231918,234248
mixed_two_ordinary,6,after,3,native,12,1,1,1,0,1,231413,233697
mixed_two_ordinary,6,after,3,native,13,1,1,1,0,1,230990,233559
mixed_two_ordinary,6,after,3,native,14,1,1,1,0,1,229916,233522
mixed_two_ordinary,6,after,3,fixed_winner,0,5,1,1,0,1,293826,0
mixed_two_ordinary,6,after,3,fixed_winner,1,5,1,1,0,1,278898,0
mixed_two_ordinary,6,after,3,fixed_winner,2,5,1,1,0,1,261998,0
mixed_two_ordinary,6,after,3,fixed_winner,3,5,1,1,0,1,267864,0
mixed_two_ordinary,6,after,3,fixed_winner,4,5,1,1,0,1,254968,0
mixed_two_ordinary,6,after,3,fixed_winner,5,5,1,1,0,1,252967,0
mixed_two_ordinary,6,after,3,fixed_winner,6,5,1,1,0,1,251112,0
mixed_two_ordinary,6,after,3,fixed_winner,7,5,1,1,0,1,257632,0
mixed_two_ordinary,6,after,3,fixed_winner,8,5,1,1,0,1,290024,0
mixed_two_ordinary,6,after,3,fixed_winner,9,5,1,1,0,1,245913,0
mixed_two_ordinary,6,after,3,fixed_winner,10,5,1,1,0,1,242222,0
mixed_two_ordinary,6,after,3,fixed_winner,11,5,1,1,0,1,240660,0
mixed_two_ordinary,6,after,3,fixed_winner,12,5,1,1,0,1,240312,0
mixed_two_ordinary,6,after,3,fixed_winner,13,5,1,1,0,1,251075,0
mixed_two_ordinary,6,after,3,fixed_winner,14,5,1,1,0,1,267275,0
mixed_two_ordinary,6,before,3,native,0,1,1,1,0,1,254666,236803
mixed_two_ordinary,6,before,3,native,1,1,1,1,0,1,281911,236196
mixed_two_ordinary,6,before,3,native,2,1,1,1,0,1,233515,237693
mixed_two_ordinary,6,before,3,native,3,1,1,1,0,1,230210,235847
mixed_two_ordinary,6,before,3,native,4,1,1,1,0,1,454964,235701
mixed_two_ordinary,6,before,3,native,5,1,1,1,0,1,245188,249044
mixed_two_ordinary,6,before,3,native,6,1,1,1,0,1,229245,235407
mixed_two_ordinary,6,before,3,native,7,1,1,1,0,1,240964,235287
mixed_two_ordinary,6,before,3,native,8,1,1,1,0,1,229172,235378
mixed_two_ordinary,6,before,3,native,9,1,1,1,0,1,245559,235277
mixed_two_ordinary,6,before,3,native,10,1,1,1,0,1,233295,237013
mixed_two_ordinary,6,before,3,native,11,1,1,1,0,1,236693,235443
mixed_two_ordinary,6,before,3,native,12,1,1,1,0,1,231284,235306
mixed_two_ordinary,6,before,3,native,13,1,1,1,0,1,239375,235259
mixed_two_ordinary,6,before,3,native,14,1,1,1,0,1,231063,235388
mixed_two_ordinary,6,before,3,fixed_winner,0,5,1,1,0,1,227059,0
mixed_two_ordinary,6,before,3,fixed_winner,1,5,1,1,0,1,250616,0
mixed_two_ordinary,6,before,3,fixed_winner,2,5,1,1,0,1,235775,0
mixed_two_ordinary,6,before,3,fixed_winner,3,5,1,1,0,1,231027,0
mixed_two_ordinary,6,before,3,fixed_winner,4,5,1,1,0,1,243471,0
mixed_two_ordinary,6,before,3,fixed_winner,5,5,1,1,0,1,241836,0
mixed_two_ordinary,6,before,3,fixed_winner,6,5,1,1,0,1,232726,0
mixed_two_ordinary,6,before,3,fixed_winner,7,5,1,1,0,1,252847,0
mixed_two_ordinary,6,before,3,fixed_winner,8,5,1,1,0,1,234489,0
mixed_two_ordinary,6,before,3,fixed_winner,9,5,1,1,0,1,235555,0
mixed_two_ordinary,6,before,3,fixed_winner,10,5,1,1,0,1,249146,0
mixed_two_ordinary,6,before,3,fixed_winner,11,5,1,1,0,1,242975,0
mixed_two_ordinary,6,before,3,fixed_winner,12,5,1,1,0,1,263363,0
mixed_two_ordinary,6,before,3,fixed_winner,13,5,1,1,0,1,230072,0
mixed_two_ordinary,6,before,3,fixed_winner,14,5,1,1,0,1,262894,0
mixed_two_ordinary,6,before,4,native,0,1,1,1,0,1,233479,229564
mixed_two_ordinary,6,before,4,native,1,1,1,1,0,1,243471,229748
mixed_two_ordinary,6,before,4,native,2,1,1,1,0,1,233846,229785
mixed_two_ordinary,6,before,4,native,3,1,1,1,0,1,233645,229628
mixed_two_ordinary,6,before,4,native,4,1,1,1,0,1,233920,229591
mixed_two_ordinary,6,before,4,native,5,1,1,1,0,1,243820,239413
mixed_two_ordinary,6,before,4,native,6,1,1,1,0,1,233736,229468
mixed_two_ordinary,6,before,4,native,7,1,1,1,0,1,232827,229357
mixed_two_ordinary,6,before,4,native,8,1,1,1,0,1,239109,229366
mixed_two_ordinary,6,before,4,native,9,1,1,1,0,1,232340,229458
mixed_two_ordinary,6,before,4,native,10,1,1,1,0,1,232212,229366
mixed_two_ordinary,6,before,4,native,11,1,1,1,0,1,244316,229384
mixed_two_ordinary,6,before,4,native,12,1,1,1,0,1,257145,229688
mixed_two_ordinary,6,before,4,native,13,1,1,1,0,1,236427,229697
mixed_two_ordinary,6,before,4,native,14,1,1,1,0,1,228676,229412
mixed_two_ordinary,6,before,4,fixed_winner,0,5,1,1,0,1,307363,0
mixed_two_ordinary,6,before,4,fixed_winner,1,5,1,1,0,1,282603,0
mixed_two_ordinary,6,before,4,fixed_winner,2,5,1,1,0,1,528406,0
mixed_two_ordinary,6,before,4,fixed_winner,3,5,1,1,0,1,236942,0
mixed_two_ordinary,6,before,4,fixed_winner,4,5,1,1,0,1,256603,0
mixed_two_ordinary,6,before,4,fixed_winner,5,5,1,1,0,1,248118,0
mixed_two_ordinary,6,before,4,fixed_winner,6,5,1,1,0,1,278617,0
mixed_two_ordinary,6,before,4,fixed_winner,7,5,1,1,0,1,253656,0
mixed_two_ordinary,6,before,4,fixed_winner,8,5,1,1,0,1,229006,0
mixed_two_ordinary,6,before,4,fixed_winner,9,5,1,1,0,1,249642,0
mixed_two_ordinary,6,before,4,fixed_winner,10,5,1,1,0,1,230091,0
mixed_two_ordinary,6,before,4,fixed_winner,11,5,1,1,0,1,247915,0
mixed_two_ordinary,6,before,4,fixed_winner,12,5,1,1,0,1,233185,0
mixed_two_ordinary,6,before,4,fixed_winner,13,5,1,1,0,1,258036,0
mixed_two_ordinary,6,before,4,fixed_winner,14,5,1,1,0,1,246784,0
mixed_two_ordinary,6,after,4,native,0,1,1,1,6,1,226775,236487
mixed_two_ordinary,6,after,4,native,1,1,1,1,6,1,236749,237653
mixed_two_ordinary,6,after,4,native,2,1,1,1,6,1,264869,236680
mixed_two_ordinary,6,after,4,native,3,1,1,1,6,1,228236,236973
mixed_two_ordinary,6,after,4,native,4,1,1,1,6,1,237410,236551
mixed_two_ordinary,6,after,4,native,5,1,1,1,6,1,227803,236643
mixed_two_ordinary,6,after,4,native,6,1,1,1,6,1,229466,236524
mixed_two_ordinary,6,after,4,native,7,1,1,1,6,1,227602,236487
mixed_two_ordinary,6,after,4,native,8,1,1,1,6,1,227592,236487
mixed_two_ordinary,6,after,4,native,9,1,1,1,6,1,227904,236615
mixed_two_ordinary,6,after,4,native,10,1,1,1,6,1,227610,236487
mixed_two_ordinary,6,after,4,native,11,1,1,1,6,1,227610,236514
mixed_two_ordinary,6,after,4,native,12,1,1,1,6,1,229668,236515
mixed_two_ordinary,6,after,4,native,13,1,1,1,6,1,236472,244709
mixed_two_ordinary,6,after,4,native,14,1,1,1,6,1,227647,235920
mixed_two_ordinary,6,after,4,fixed_winner,0,5,1,1,0,1,289978,0
mixed_two_ordinary,6,after,4,fixed_winner,1,5,1,1,0,1,243150,0
mixed_two_ordinary,6,after,4,fixed_winner,2,5,1,1,0,1,247897,0
mixed_two_ordinary,6,after,4,fixed_winner,3,5,1,1,0,1,242994,0
mixed_two_ordinary,6,after,4,fixed_winner,4,5,1,1,0,1,243562,0
mixed_two_ordinary,6,after,4,fixed_winner,5,5,1,1,0,1,240496,0
mixed_two_ordinary,6,after,4,fixed_winner,6,5,1,1,0,1,298115,0
mixed_two_ordinary,6,after,4,fixed_winner,7,5,1,1,0,1,288160,0
mixed_two_ordinary,6,after,4,fixed_winner,8,5,1,1,0,1,258320,0
mixed_two_ordinary,6,after,4,fixed_winner,9,5,1,1,0,1,243012,0
mixed_two_ordinary,6,after,4,fixed_winner,10,5,1,1,0,1,304635,0
mixed_two_ordinary,6,after,4,fixed_winner,11,5,1,1,0,1,266816,0
mixed_two_ordinary,6,after,4,fixed_winner,12,5,1,1,0,1,527047,0
mixed_two_ordinary,6,after,4,fixed_winner,13,5,1,1,0,1,268213,0
mixed_two_ordinary,6,after,4,fixed_winner,14,5,1,1,0,1,233479,0
mixed_short_ordinary,2,before,0,native,0,1,1,1,0,1,266247,228009
mixed_short_ordinary,2,before,0,native,1,1,1,1,0,1,229778,228533
mixed_short_ordinary,2,before,0,native,2,1,1,1,0,1,233938,227119
mixed_short_ordinary,2,before,0,native,3,1,1,1,0,1,225370,227155
mixed_short_ordinary,2,before,0,native,4,1,1,1,0,1,225498,226990
mixed_short_ordinary,2,before,0,native,5,1,1,1,0,1,275035,271127
mixed_short_ordinary,2,before,0,native,6,1,1,1,0,1,224066,226732
mixed_short_ordinary,2,before,0,native,7,1,1,1,0,1,223763,226511
mixed_short_ordinary,2,before,0,native,8,1,1,1,0,1,223698,226484
mixed_short_ordinary,2,before,0,native,9,1,1,1,0,1,223772,226557
mixed_short_ordinary,2,before,0,native,10,1,1,1,0,1,224029,226631
mixed_short_ordinary,2,before,0,native,11,1,1,1,0,1,225563,226512
mixed_short_ordinary,2,before,0,native,12,1,1,1,0,1,224047,226520
mixed_short_ordinary,2,before,0,native,13,1,1,1,0,1,224250,226493
mixed_short_ordinary,2,before,0,native,14,1,1,1,0,1,225029,226493
mixed_short_ordinary,2,before,0,fixed_winner,0,1,1,1,21,1,264171,0
mixed_short_ordinary,2,before,0,fixed_winner,1,1,1,1,21,1,223129,0
mixed_short_ordinary,2,before,0,fixed_winner,2,1,1,1,21,1,222927,0
mixed_short_ordinary,2,before,0,fixed_winner,3,1,1,1,21,1,223267,0
mixed_short_ordinary,2,before,0,fixed_winner,4,1,1,1,21,1,224231,0
mixed_short_ordinary,2,before,0,fixed_winner,5,1,1,1,21,1,224231,0
mixed_short_ordinary,2,before,0,fixed_winner,6,1,1,1,21,1,224231,0
mixed_short_ordinary,2,before,0,fixed_winner,7,1,1,1,21,1,224185,0
mixed_short_ordinary,2,before,0,fixed_winner,8,1,1,1,21,1,230393,0
mixed_short_ordinary,2,before,0,fixed_winner,9,1,1,1,21,1,222945,0
mixed_short_ordinary,2,before,0,fixed_winner,10,1,1,1,21,1,222881,0
mixed_short_ordinary,2,before,0,fixed_winner,11,1,1,1,21,1,223157,0
mixed_short_ordinary,2,before,0,fixed_winner,12,1,1,1,21,1,222871,0
mixed_short_ordinary,2,before,0,fixed_winner,13,1,1,1,21,1,222881,0
mixed_short_ordinary,2,before,0,fixed_winner,14,1,1,1,21,1,232423,0
mixed_short_ordinary,2,after,0,native,0,1,1,1,8,1,235518,245221
mixed_short_ordinary,2,after,0,native,1,1,1,1,8,1,224066,245497
mixed_short_ordinary,2,after,0,native,2,1,1,1,8,1,230329,245258
mixed_short_ordinary,2,after,0,native,3,1,1,1,8,1,248604,245359
mixed_short_ordinary,2,after,0,native,4,1,1,1,8,1,224368,245470
mixed_short_ordinary,2,after,0,native,5,1,1,1,8,1,223754,245203
mixed_short_ordinary,2,after,0,native,6,1,1,1,8,1,240201,245176
mixed_short_ordinary,2,after,0,native,7,1,1,1,8,1,437717,245533
mixed_short_ordinary,2,after,0,native,8,1,1,1,8,1,333077,247756
mixed_short_ordinary,2,after,0,native,9,1,1,1,8,1,328715,247049
mixed_short_ordinary,2,after,0,native,10,1,1,1,8,1,326869,246920
mixed_short_ordinary,2,after,0,native,11,1,1,1,8,1,346109,246718
mixed_short_ordinary,2,after,0,native,12,1,1,1,8,1,329247,246774
mixed_short_ordinary,2,after,0,native,13,1,1,1,8,1,331047,246746
mixed_short_ordinary,2,after,0,native,14,1,1,1,8,1,331929,246865
mixed_short_ordinary,2,after,0,fixed_winner,0,1,1,1,21,1,243104,0
mixed_short_ordinary,2,after,0,fixed_winner,1,1,1,1,21,1,263675,0
mixed_short_ordinary,2,after,0,fixed_winner,2,1,1,1,21,1,227436,0
mixed_short_ordinary,2,after,0,fixed_winner,3,1,1,1,21,1,225204,0
mixed_short_ordinary,2,after,0,fixed_winner,4,1,1,1,21,1,224819,0
mixed_short_ordinary,2,after,0,fixed_winner,5,1,1,1,21,1,225838,0
mixed_short_ordinary,2,after,0,fixed_winner,6,1,1,1,21,1,227968,0
mixed_short_ordinary,2,after,0,fixed_winner,7,1,1,1,21,1,233819,0
mixed_short_ordinary,2,after,0,fixed_winner,8,1,1,1,21,1,226104,0
mixed_short_ordinary,2,after,0,fixed_winner,9,1,1,1,21,1,226637,0
mixed_short_ordinary,2,after,0,fixed_winner,10,1,1,1,21,1,224699,0
mixed_short_ordinary,2,after,0,fixed_winner,11,1,1,1,21,1,225020,0
mixed_short_ordinary,2,after,0,fixed_winner,12,1,1,1,21,1,222881,0
mixed_short_ordinary,2,after,0,fixed_winner,13,1,1,1,21,1,227693,0
mixed_short_ordinary,2,after,0,fixed_winner,14,1,1,1,21,1,229998,0
mixed_short_ordinary,2,before,1,native,0,1,1,1,8,1,222404,262878
mixed_short_ordinary,2,before,1,native,1,1,1,1,8,1,223496,262988
mixed_short_ordinary,2,before,1,native,2,1,1,1,8,1,230798,262933
mixed_short_ordinary,2,before,1,native,3,1,1,1,8,1,223212,263071
mixed_short_ordinary,2,before,1,native,4,1,1,1,8,1,223248,262906
mixed_short_ordinary,2,before,1,native,5,1,1,1,8,1,222202,262878
mixed_short_ordinary,2,before,1,native,6,1,1,1,8,1,222477,262924
mixed_short_ordinary,2,before,1,native,7,1,1,1,8,1,224277,262951
mixed_short_ordinary,2,before,1,native,8,1,1,1,8,1,224259,262933
mixed_short_ordinary,2,before,1,native,9,1,1,1,8,1,224213,262905
mixed_short_ordinary,2,before,1,native,10,1,1,1,8,1,229824,262906
mixed_short_ordinary,2,before,1,native,11,1,1,1,8,1,239963,263061
mixed_short_ordinary,2,before,1,native,12,1,1,1,8,1,272730,263208
mixed_short_ordinary,2,before,1,native,13,1,1,1,8,1,258312,296223
mixed_short_ordinary,2,before,1,native,14,1,1,1,8,1,224543,262850
mixed_short_ordinary,2,before,1,fixed_winner,0,1,1,1,21,1,233406,0
mixed_short_ordinary,2,before,1,fixed_winner,1,1,1,1,21,1,227657,0
mixed_short_ordinary,2,before,1,fixed_winner,2,1,1,1,21,1,225893,0
mixed_short_ordinary,2,before,1,fixed_winner,3,1,1,1,21,1,228713,0
mixed_short_ordinary,2,before,1,fixed_winner,4,1,1,1,21,1,228373,0
mixed_short_ordinary,2,before,1,fixed_winner,5,1,1,1,21,1,228354,0
mixed_short_ordinary,2,before,1,fixed_winner,6,1,1,1,21,1,228823,0
mixed_short_ordinary,2,before,1,fixed_winner,7,1,1,1,21,1,237355,0
mixed_short_ordinary,2,before,1,fixed_winner,8,1,1,1,21,1,237906,0
mixed_short_ordinary,2,before,1,fixed_winner,9,1,1,1,21,1,229843,0
mixed_short_ordinary,2,before,1,fixed_winner,10,1,1,1,21,1,244316,0
mixed_short_ordinary,2,before,1,fixed_winner,11,1,1,1,21,1,290033,0
mixed_short_ordinary,2,before,1,fixed_winner,12,1,1,1,21,1,230017,0
mixed_short_ordinary,2,before,1,fixed_winner,13,1,1,1,21,1,229769,0
mixed_short_ordinary,2,before,1,fixed_winner,14,1,1,1,21,1,429507,0
mixed_short_ordinary,2,after,1,native,0,1,1,1,0,1,315086,224325
mixed_short_ordinary,2,after,1,native,1,1,1,1,0,1,311991,226125
mixed_short_ordinary,2,after,1,native,2,1,1,1,0,1,234167,225225
mixed_short_ordinary,2,after,1,native,3,1,1,1,0,1,222734,224600
mixed_short_ordinary,2,after,1,native,4,1,1,1,0,1,222826,224389
mixed_short_ordinary,2,after,1,native,5,1,1,1,0,1,222486,224352
mixed_short_ordinary,2,after,1,native,6,1,1,1,0,1,223744,224389
mixed_short_ordinary,2,after,1,native,7,1,1,1,0,1,223717,224352
mixed_short_ordinary,2,after,1,native,8,1,1,1,0,1,223725,224361
mixed_short_ordinary,2,after,1,native,9,1,1,1,0,1,230512,224398
mixed_short_ordinary,2,after,1,native,10,1,1,1,0,1,221320,224490
mixed_short_ordinary,2,after,1,native,11,1,1,1,0,1,221118,224343
mixed_short_ordinary,2,after,1,native,12,1,1,1,0,1,221393,224343
mixed_short_ordinary,2,after,1,native,13,1,1,1,0,1,276284,277135
mixed_short_ordinary,2,after,1,native,14,1,1,1,0,1,221247,224080
mixed_short_ordinary,2,after,1,fixed_winner,0,1,1,1,21,1,356156,0
mixed_short_ordinary,2,after,1,fixed_winner,1,1,1,1,21,1,220493,0
mixed_short_ordinary,2,after,1,fixed_winner,2,1,1,1,21,1,222045,0
mixed_short_ordinary,2,after,1,fixed_winner,3,1,1,1,21,1,221237,0
mixed_short_ordinary,2,after,1,fixed_winner,4,1,1,1,21,1,221559,0
mixed_short_ordinary,2,after,1,fixed_winner,5,1,1,1,21,1,221550,0
mixed_short_ordinary,2,after,1,fixed_winner,6,1,1,1,21,1,231119,0
mixed_short_ordinary,2,after,1,fixed_winner,7,1,1,1,21,1,220879,0
mixed_short_ordinary,2,after,1,fixed_winner,8,1,1,1,21,1,220282,0
mixed_short_ordinary,2,after,1,fixed_winner,9,1,1,1,21,1,222008,0
mixed_short_ordinary,2,after,1,fixed_winner,10,1,1,1,21,1,220246,0
mixed_short_ordinary,2,after,1,fixed_winner,11,1,1,1,21,1,221448,0
mixed_short_ordinary,2,after,1,fixed_winner,12,1,1,1,21,1,221558,0
mixed_short_ordinary,2,after,1,fixed_winner,13,1,1,1,21,1,229622,0
mixed_short_ordinary,2,after,1,fixed_winner,14,1,1,1,21,1,221605,0
mixed_short_ordinary,2,before,2,native,0,1,1,1,8,1,222936,249366
mixed_short_ordinary,2,before,2,native,1,1,1,1,8,1,222955,249412
mixed_short_ordinary,2,before,2,native,2,1,1,1,8,1,230696,249321
mixed_short_ordinary,2,before,2,native,3,1,1,1,8,1,225030,249495
mixed_short_ordinary,2,before,2,native,4,1,1,1,8,1,223276,249412
mixed_short_ordinary,2,before,2,native,5,1,1,1,8,1,256788,282604
mixed_short_ordinary,2,before,2,native,6,1,1,1,8,1,235876,249037
mixed_short_ordinary,2,before,2,native,7,1,1,1,8,1,365037,249194
mixed_short_ordinary,2,before,2,native,8,1,1,1,8,1,225792,250020
mixed_short_ordinary,2,before,2,native,9,1,1,1,8,1,224516,249130
mixed_short_ordinary,2,before,2,native,10,1,1,1,8,1,222440,248964
mixed_short_ordinary,2,before,2,native,11,1,1,1,8,1,224166,248927
mixed_short_ordinary,2,before,2,native,12,1,1,1,8,1,224552,248918
mixed_short_ordinary,2,before,2,native,13,1,1,1,8,1,259212,271763
mixed_short_ordinary,2,before,2,native,14,1,1,1,8,1,224506,249052
mixed_short_ordinary,2,before,2,fixed_winner,0,1,1,1,21,1,220236,0
mixed_short_ordinary,2,before,2,fixed_winner,1,1,1,1,21,1,222018,0
mixed_short_ordinary,2,before,2,fixed_winner,2,1,1,1,21,1,221393,0
mixed_short_ordinary,2,before,2,fixed_winner,3,1,1,1,21,1,221907,0
mixed_short_ordinary,2,before,2,fixed_winner,4,1,1,1,21,1,228088,0
mixed_short_ordinary,2,before,2,fixed_winner,5,1,1,1,21,1,314791,0
mixed_short_ordinary,2,before,2,fixed_winner,6,1,1,1,21,1,264382,0
mixed_short_ordinary,2,before,2,fixed_winner,7,1,1,1,21,1,226637,0
mixed_short_ordinary,2,before,2,fixed_winner,8,1,1,1,21,1,221623,0
mixed_short_ordinary,2,before,2,fixed_winner,9,1,1,1,21,1,222513,0
mixed_short_ordinary,2,before,2,fixed_winner,10,1,1,1,21,1,222853,0
mixed_short_ordinary,2,before,2,fixed_winner,11,1,1,1,21,1,233020,0
mixed_short_ordinary,2,before,2,fixed_winner,12,1,1,1,21,1,222991,0
mixed_short_ordinary,2,before,2,fixed_winner,13,1,1,1,21,1,221696,0
mixed_short_ordinary,2,before,2,fixed_winner,14,1,1,1,21,1,221576,0
mixed_short_ordinary,2,after,2,native,0,1,1,1,0,1,229604,226158
mixed_short_ordinary,2,after,2,native,1,1,1,1,0,1,223386,225736
mixed_short_ordinary,2,after,2,native,2,1,1,1,0,1,229025,225442
mixed_short_ordinary,2,after,2,native,3,1,1,1,0,1,223037,225525
mixed_short_ordinary,2,after,2,native,4,1,1,1,0,1,226435,225433
mixed_short_ordinary,2,after,2,native,5,1,1,1,0,1,258780,260608
mixed_short_ordinary,2,after,2,native,6,1,1,1,0,1,233295,225296
mixed_short_ordinary,2,after,2,native,7,1,1,1,0,1,223102,225205
mixed_short_ordinary,2,after,2,native,8,1,1,1,0,1,222936,225058
mixed_short_ordinary,2,after,2,native,9,1,1,1,0,1,222871,225031
mixed_short_ordinary,2,after,2,native,10,1,1,1,0,1,234710,225067
mixed_short_ordinary,2,after,2,native,11,1,1,1,0,1,221319,225205
mixed_short_ordinary,2,after,2,native,12,1,1,1,0,1,221512,225095
mixed_short_ordinary,2,after,2,native,13,1,1,1,0,1,242828,242429
mixed_short_ordinary,2,after,2,native,14,1,1,1,0,1,230512,225117
mixed_short_ordinary,2,after,2,fixed_winner,0,1,1,1,21,1,228107,0
mixed_short_ordinary,2,after,2,fixed_winner,1,1,1,1,21,1,220373,0
mixed_short_ordinary,2,after,2,fixed_winner,2,1,1,1,21,1,228281,0
mixed_short_ordinary,2,after,2,fixed_winner,3,1,1,1,21,1,221999,0
mixed_short_ordinary,2,after,2,fixed_winner,4,1,1,1,21,1,228253,0
mixed_short_ordinary,2,after,2,fixed_winner,5,1,1,1,21,1,221669,0
mixed_short_ordinary,2,after,2,fixed_winner,6,1,1,1,21,1,221614,0
mixed_short_ordinary,2,after,2,fixed_winner,7,1,1,1,21,1,221586,0
mixed_short_ordinary,2,after,2,fixed_winner,8,1,1,1,21,1,232928,0
mixed_short_ordinary,2,after,2,fixed_winner,9,1,1,1,21,1,221706,0
mixed_short_ordinary,2,after,2,fixed_winner,10,1,1,1,21,1,221605,0
mixed_short_ordinary,2,after,2,fixed_winner,11,1,1,1,21,1,225985,0
mixed_short_ordinary,2,after,2,fixed_winner,12,1,1,1,21,1,221751,0
mixed_short_ordinary,2,after,2,fixed_winner,13,1,1,1,21,1,222605,0
mixed_short_ordinary,2,after,2,fixed_winner,14,1,1,1,21,1,232625,0
mixed_short_ordinary,2,before,3,native,0,1,1,1,0,1,226462,242837
mixed_short_ordinary,2,before,3,native,1,1,1,1,0,1,224479,243030
mixed_short_ordinary,2,before,3,native,2,1,1,1,0,1,229291,242865
mixed_short_ordinary,2,before,3,native,3,1,1,1,0,1,224470,243030
mixed_short_ordinary,2,before,3,native,4,1,1,1,0,1,228437,242855
mixed_short_ordinary,2,before,3,native,5,1,1,1,0,1,259983,275087
mixed_short_ordinary,2,before,3,native,6,1,1,1,0,1,227876,242632
mixed_short_ordinary,2,before,3,native,7,1,1,1,0,1,227372,243027
mixed_short_ordinary,2,before,3,native,8,1,1,1,0,1,224406,242549
mixed_short_ordinary,2,before,3,native,9,1,1,1,0,1,229457,242466
mixed_short_ordinary,2,before,3,native,10,1,1,1,0,1,222706,242604
mixed_short_ordinary,2,before,3,native,11,1,1,1,0,1,225673,242402
mixed_short_ordinary,2,before,3,native,12,1,1,1,0,1,224608,242521
mixed_short_ordinary,2,before,3,native,13,1,1,1,0,1,238879,258613
mixed_short_ordinary,2,before,3,native,14,1,1,1,0,1,222495,242312
mixed_short_ordinary,2,before,3,fixed_winner,0,1,1,1,21,1,221797,0
mixed_short_ordinary,2,before,3,fixed_winner,1,1,1,1,21,1,230292,0
mixed_short_ordinary,2,before,3,fixed_winner,2,1,1,1,21,1,223102,0
mixed_short_ordinary,2,before,3,fixed_winner,3,1,1,1,21,1,223303,0
mixed_short_ordinary,2,before,3,fixed_winner,4,1,1,1,21,1,240642,0
mixed_short_ordinary,2,before,3,fixed_winner,5,1,1,1,21,1,273630,0
mixed_short_ordinary,2,before,3,fixed_winner,6,1,1,1,21,1,222376,0
mixed_short_ordinary,2,before,3,fixed_winner,7,1,1,1,21,1,229282,0
mixed_short_ordinary,2,before,3,fixed_winner,8,1,1,1,21,1,226444,0
mixed_short_ordinary,2,before,3,fixed_winner,9,1,1,1,21,1,223432,0
mixed_short_ordinary,2,before,3,fixed_winner,10,1,1,1,21,1,228786,0
mixed_short_ordinary,2,before,3,fixed_winner,11,1,1,1,21,1,222073,0
mixed_short_ordinary,2,before,3,fixed_winner,12,1,1,1,21,1,227289,0
mixed_short_ordinary,2,before,3,fixed_winner,13,1,1,1,21,1,227969,0
mixed_short_ordinary,2,before,3,fixed_winner,14,1,1,1,21,1,223570,0
mixed_short_ordinary,2,after,3,native,0,1,1,1,0,1,253142,227590
mixed_short_ordinary,2,after,3,native,1,1,1,1,0,1,230696,227885
mixed_short_ordinary,2,after,3,native,2,1,1,1,0,1,222679,227627
mixed_short_ordinary,2,after,3,native,3,1,1,1,0,1,222450,227480
mixed_short_ordinary,2,after,3,native,4,1,1,1,0,1,222771,227453
mixed_short_ordinary,2,after,3,native,5,1,1,1,0,1,261177,265361
mixed_short_ordinary,2,after,3,native,6,1,1,1,0,1,222716,227340
mixed_short_ordinary,2,after,3,native,7,1,1,1,0,1,224204,227065
mixed_short_ordinary,2,after,3,native,8,1,1,1,0,1,225847,227065
mixed_short_ordinary,2,after,3,native,9,1,1,1,0,1,231606,227147
mixed_short_ordinary,2,after,3,native,10,1,1,1,0,1,222606,227184
mixed_short_ordinary,2,after,3,native,11,1,1,1,0,1,222450,227083
mixed_short_ordinary,2,after,3,native,12,1,1,1,0,1,226894,227046
mixed_short_ordinary,2,after,3,native,13,1,1,1,0,1,238613,242915
mixed_short_ordinary,2,after,3,native,14,1,1,1,0,1,224360,227026
mixed_short_ordinary,2,after,3,fixed_winner,0,1,1,1,21,1,220686,0
mixed_short_ordinary,2,after,3,fixed_winner,1,1,1,1,21,1,220300,0
mixed_short_ordinary,2,after,3,fixed_winner,2,1,1,1,21,1,220309,0
mixed_short_ordinary,2,after,3,fixed_winner,3,1,1,1,21,1,250230,0
mixed_short_ordinary,2,after,3,fixed_winner,4,1,1,1,21,1,220419,0
mixed_short_ordinary,2,after,3,fixed_winner,5,1,1,1,21,1,222082,0
mixed_short_ordinary,2,after,3,fixed_winner,6,1,1,1,21,1,220254,0
mixed_short_ordinary,2,after,3,fixed_winner,7,1,1,1,21,1,227988,0
mixed_short_ordinary,2,after,3,fixed_winner,8,1,1,1,21,1,222110,0
mixed_short_ordinary,2,after,3,fixed_winner,9,1,1,1,21,1,227206,0
mixed_short_ordinary,2,after,3,fixed_winner,10,1,1,1,21,1,220282,0
mixed_short_ordinary,2,after,3,fixed_winner,11,1,1,1,21,1,222349,0
mixed_short_ordinary,2,after,3,fixed_winner,12,1,1,1,21,1,223487,0
mixed_short_ordinary,2,after,3,fixed_winner,13,1,1,1,21,1,222164,0
mixed_short_ordinary,2,after,3,fixed_winner,14,1,1,1,21,1,229952,0
mixed_short_ordinary,2,after,4,native,0,1,1,1,0,1,221155,223192
mixed_short_ordinary,2,after,4,native,1,1,1,1,0,1,223257,223385
mixed_short_ordinary,2,after,4,native,2,1,1,1,0,1,227307,223183
mixed_short_ordinary,2,after,4,native,3,1,1,1,0,1,223055,223256
mixed_short_ordinary,2,after,4,native,4,1,1,1,0,1,226031,223174
mixed_short_ordinary,2,after,4,native,5,1,1,1,0,1,264887,259636
mixed_short_ordinary,2,after,4,native,6,1,1,1,0,1,221384,222946
mixed_short_ordinary,2,after,4,native,7,1,1,1,0,1,245758,222690
mixed_short_ordinary,2,after,4,native,8,1,1,1,0,1,225333,222845
mixed_short_ordinary,2,after,4,native,9,1,1,1,0,1,221265,222827
mixed_short_ordinary,2,after,4,native,10,1,1,1,0,1,238603,222708
mixed_short_ordinary,2,after,4,native,11,1,1,1,0,1,221320,222854
mixed_short_ordinary,2,after,4,native,12,1,1,1,0,1,332223,222699
mixed_short_ordinary,2,after,4,native,13,1,1,1,0,1,222017,223342
mixed_short_ordinary,2,after,4,native,14,1,1,1,0,1,221145,222717
mixed_short_ordinary,2,after,4,fixed_winner,0,1,1,1,21,1,228878,0
mixed_short_ordinary,2,after,4,fixed_winner,1,1,1,1,21,1,220328,0
mixed_short_ordinary,2,after,4,fixed_winner,2,1,1,1,21,1,223965,0
mixed_short_ordinary,2,after,4,fixed_winner,3,1,1,1,21,1,220622,0
mixed_short_ordinary,2,after,4,fixed_winner,4,1,1,1,21,1,220263,0
mixed_short_ordinary,2,after,4,fixed_winner,5,1,1,1,21,1,248936,0
mixed_short_ordinary,2,after,4,fixed_winner,6,1,1,1,21,1,259221,0
mixed_short_ordinary,2,after,4,fixed_winner,7,1,1,1,21,1,220521,0
mixed_short_ordinary,2,after,4,fixed_winner,8,1,1,1,21,1,222247,0
mixed_short_ordinary,2,after,4,fixed_winner,9,1,1,1,21,1,220282,0
mixed_short_ordinary,2,after,4,fixed_winner,10,1,1,1,21,1,226049,0
mixed_short_ordinary,2,after,4,fixed_winner,11,1,1,1,21,1,222496,0
mixed_short_ordinary,2,after,4,fixed_winner,12,1,1,1,21,1,225654,0
mixed_short_ordinary,2,after,4,fixed_winner,13,1,1,1,21,1,224415,0
mixed_short_ordinary,2,after,4,fixed_winner,14,1,1,1,21,1,220567,0
mixed_short_ordinary,2,before,4,native,0,1,1,1,0,1,223634,242299
mixed_short_ordinary,2,before,4,native,1,1,1,1,0,1,223257,242014
mixed_short_ordinary,2,before,4,native,2,1,1,1,0,1,234085,241813
mixed_short_ordinary,2,before,4,native,3,1,1,1,0,1,221357,241978
mixed_short_ordinary,2,before,4,native,4,1,1,1,0,1,221365,241730
mixed_short_ordinary,2,before,4,native,5,1,1,1,0,1,255805,274021
mixed_short_ordinary,2,before,4,native,6,1,1,1,0,1,221265,241428
mixed_short_ordinary,2,before,4,native,7,1,1,1,0,1,221081,241243
mixed_short_ordinary,2,before,4,native,8,1,1,1,0,1,258330,241216
mixed_short_ordinary,2,before,4,native,9,1,1,1,0,1,232919,241740
mixed_short_ordinary,2,before,4,native,10,1,1,1,0,1,226655,241382
mixed_short_ordinary,2,before,4,native,11,1,1,1,0,1,221302,241446
mixed_short_ordinary,2,before,4,native,12,1,1,1,0,1,223148,241244
mixed_short_ordinary,2,before,4,native,13,1,1,1,0,1,221109,241253
mixed_short_ordinary,2,before,4,native,14,1,1,1,0,1,237336,241244
mixed_short_ordinary,2,before,4,fixed_winner,0,1,1,1,21,1,226775,0
mixed_short_ordinary,2,before,4,fixed_winner,1,1,1,1,21,1,220401,0
mixed_short_ordinary,2,before,4,fixed_winner,2,1,1,1,21,1,220254,0
mixed_short_ordinary,2,before,4,fixed_winner,3,1,1,1,21,1,220631,0
mixed_short_ordinary,2,before,4,fixed_winner,4,1,1,1,21,1,220282,0
mixed_short_ordinary,2,before,4,fixed_winner,5,1,1,1,21,1,220245,0
mixed_short_ordinary,2,before,4,fixed_winner,6,1,1,1,21,1,233516,0
mixed_short_ordinary,2,before,4,fixed_winner,7,1,1,1,21,1,222422,0
mixed_short_ordinary,2,before,4,fixed_winner,8,1,1,1,21,1,220264,0
mixed_short_ordinary,2,before,4,fixed_winner,9,1,1,1,21,1,220245,0
mixed_short_ordinary,2,before,4,fixed_winner,10,1,1,1,21,1,220245,0
mixed_short_ordinary,2,before,4,fixed_winner,11,1,1,1,21,1,220585,0
mixed_short_ordinary,2,before,4,fixed_winner,12,1,1,1,21,1,229549,0
mixed_short_ordinary,2,before,4,fixed_winner,13,1,1,1,21,1,220355,0
mixed_short_ordinary,2,before,4,fixed_winner,14,1,1,1,21,1,235555,0
mixed_short_ordinary,4,after,0,native,0,1,1,1,0,1,228502,224689
mixed_short_ordinary,4,after,0,native,1,1,1,1,0,1,246263,225038
mixed_short_ordinary,4,after,0,native,2,1,1,1,0,1,264566,225075
mixed_short_ordinary,4,after,0,native,3,1,1,1,0,1,223515,225213
mixed_short_ordinary,4,after,0,native,4,1,1,1,0,1,410303,224827
mixed_short_ordinary,4,after,0,native,5,1,1,1,0,1,289353,235943
mixed_short_ordinary,4,after,0,native,6,1,1,1,0,1,258137,225390
mixed_short_ordinary,4,after,0,native,7,1,1,1,0,1,221237,224931
mixed_short_ordinary,4,after,0,native,8,1,1,1,0,1,221164,224829
mixed_short_ordinary,4,after,0,native,9,1,1,1,0,1,221210,224866
mixed_short_ordinary,4,after,0,native,10,1,1,1,0,1,232266,224830
mixed_short_ordinary,4,after,0,native,11,1,1,1,0,1,221292,224940
mixed_short_ordinary,4,after,0,native,12,1,1,1,0,1,221568,224830
mixed_short_ordinary,4,after,0,native,13,1,1,1,0,1,226370,229717
mixed_short_ordinary,4,after,0,native,14,1,1,1,0,1,221145,224574
mixed_short_ordinary,4,after,0,fixed_winner,0,3,1,1,8,1,259369,0
mixed_short_ordinary,4,after,0,fixed_winner,1,3,1,1,8,1,226435,0
mixed_short_ordinary,4,after,0,fixed_winner,2,3,1,1,8,1,220447,0
mixed_short_ordinary,4,after,0,fixed_winner,3,3,1,1,8,1,225903,0
mixed_short_ordinary,4,after,0,fixed_winner,4,3,1,1,8,1,246207,0
mixed_short_ordinary,4,after,0,fixed_winner,5,3,1,1,8,1,225690,0
mixed_short_ordinary,4,after,0,fixed_winner,6,3,1,1,8,1,228822,0
mixed_short_ordinary,4,after,0,fixed_winner,7,3,1,1,8,1,222311,0
mixed_short_ordinary,4,after,0,fixed_winner,8,3,1,1,8,1,215084,0
mixed_short_ordinary,4,after,0,fixed_winner,9,3,1,1,8,1,214276,0
mixed_short_ordinary,4,after,0,fixed_winner,10,3,1,1,8,1,220291,0
mixed_short_ordinary,4,after,0,fixed_winner,11,3,1,1,8,1,212394,0
mixed_short_ordinary,4,after,0,fixed_winner,12,3,1,1,8,1,213477,0
mixed_short_ordinary,4,after,0,fixed_winner,13,3,1,1,8,1,213265,0
mixed_short_ordinary,4,after,0,fixed_winner,14,3,1,1,8,1,208425,0
mixed_short_ordinary,4,before,0,native,0,1,1,1,8,1,222918,263059
mixed_short_ordinary,4,before,0,native,1,1,1,1,8,1,223046,263105
mixed_short_ordinary,4,before,0,native,2,1,1,1,8,1,223239,263216
mixed_short_ordinary,4,before,0,native,3,1,1,1,8,1,227005,263105
mixed_short_ordinary,4,before,0,native,4,1,1,1,8,1,223377,263133
mixed_short_ordinary,4,before,0,native,5,1,1,1,8,1,233782,263032
mixed_short_ordinary,4,before,0,native,6,1,1,1,8,1,223166,263234
mixed_short_ordinary,4,before,0,native,7,1,1,1,8,1,232258,263087
mixed_short_ordinary,4,before,0,native,8,1,1,1,8,1,232432,263216
mixed_short_ordinary,4,before,0,native,9,1,1,1,8,1,257154,263198
mixed_short_ordinary,4,before,0,native,10,1,1,1,8,1,223451,263446
mixed_short_ordinary,4,before,0,native,11,1,1,1,8,1,228281,263050
mixed_short_ordinary,4,before,0,native,12,1,1,1,8,1,223303,263124
mixed_short_ordinary,4,before,0,native,13,1,1,1,8,1,229245,268916
mixed_short_ordinary,4,before,0,native,14,1,1,1,8,1,223055,262801
mixed_short_ordinary,4,before,0,fixed_winner,0,3,1,1,8,1,212779,0
mixed_short_ordinary,4,before,0,fixed_winner,1,3,1,1,8,1,213137,0
mixed_short_ordinary,4,before,0,fixed_winner,2,3,1,1,8,1,229438,0
mixed_short_ordinary,4,before,0,fixed_winner,3,3,1,1,8,1,253012,0
mixed_short_ordinary,4,before,0,fixed_winner,4,3,1,1,8,1,220315,0
mixed_short_ordinary,4,before,0,fixed_winner,5,3,1,1,8,1,225740,0
mixed_short_ordinary,4,before,0,fixed_winner,6,3,1,1,8,1,254326,0
mixed_short_ordinary,4,before,0,fixed_winner,7,3,1,1,8,1,217702,0
mixed_short_ordinary,4,before,0,fixed_winner,8,3,1,1,8,1,320391,0
mixed_short_ordinary,4,before,0,fixed_winner,9,3,1,1,8,1,512182,0
mixed_short_ordinary,4,before,0,fixed_winner,10,3,1,1,8,1,268205,0
mixed_short_ordinary,4,before,0,fixed_winner,11,3,1,1,8,1,317968,0
mixed_short_ordinary,4,before,0,fixed_winner,12,3,1,1,8,1,237584,0
mixed_short_ordinary,4,before,0,fixed_winner,13,3,1,1,8,1,225996,0
mixed_short_ordinary,4,before,0,fixed_winner,14,3,1,1,8,1,327336,0
mixed_short_ordinary,4,before,1,native,0,1,1,1,0,1,375901,239354
mixed_short_ordinary,4,before,1,native,1,1,1,1,0,1,238254,240051
mixed_short_ordinary,4,before,1,native,2,1,1,1,0,1,225287,238949
mixed_short_ordinary,4,before,1,native,3,1,1,1,0,1,228437,238747
mixed_short_ordinary,4,before,1,native,4,1,1,1,0,1,249073,238784
mixed_short_ordinary,4,before,1,native,5,1,1,1,0,1,312083,269794
mixed_short_ordinary,4,before,1,native,6,1,1,1,0,1,231092,238762
mixed_short_ordinary,4,before,1,native,7,1,1,1,0,1,225186,238267
mixed_short_ordinary,4,before,1,native,8,1,1,1,0,1,233213,238202
mixed_short_ordinary,4,before,1,native,9,1,1,1,0,1,225232,238275
mixed_short_ordinary,4,before,1,native,10,1,1,1,0,1,228474,238156
mixed_short_ordinary,4,before,1,native,11,1,1,1,0,1,233415,238193
mixed_short_ordinary,4,before,1,native,12,1,1,1,0,1,226123,238276
mixed_short_ordinary,4,before,1,native,13,1,1,1,0,1,238200,247916
mixed_short_ordinary,4,before,1,native,14,1,1,1,0,1,225654,238035
mixed_short_ordinary,4,before,1,fixed_winner,0,3,1,1,8,1,244463,0
mixed_short_ordinary,4,before,1,fixed_winner,1,3,1,1,8,1,220796,0
mixed_short_ordinary,4,before,1,fixed_winner,2,3,1,1,8,1,221146,0
mixed_short_ordinary,4,before,1,fixed_winner,3,3,1,1,8,1,222667,0
mixed_short_ordinary,4,before,1,fixed_winner,4,3,1,1,8,1,224509,0
mixed_short_ordinary,4,before,1,fixed_winner,5,3,1,1,8,1,214845,0
mixed_short_ordinary,4,before,1,fixed_winner,6,3,1,1,8,1,220273,0
mixed_short_ordinary,4,before,1,fixed_winner,7,3,1,1,8,1,254500,0
mixed_short_ordinary,4,before,1,fixed_winner,8,3,1,1,8,1,228364,0
mixed_short_ordinary,4,before,1,fixed_winner,9,3,1,1,8,1,221953,0
mixed_short_ordinary,4,before,1,fixed_winner,10,3,1,1,8,1,217077,0
mixed_short_ordinary,4,before,1,fixed_winner,11,3,1,1,8,1,214542,0
mixed_short_ordinary,4,before,1,fixed_winner,12,3,1,1,8,1,217425,0
mixed_short_ordinary,4,before,1,fixed_winner,13,3,1,1,8,1,218712,0
mixed_short_ordinary,4,before,1,fixed_winner,14,3,1,1,8,1,275697,0
mixed_short_ordinary,4,after,1,native,0,1,1,1,8,1,234149,242213
mixed_short_ordinary,4,after,1,native,1,1,1,1,8,1,361782,242617
mixed_short_ordinary,4,after,1,native,2,1,1,1,8,1,282906,244068
mixed_short_ordinary,4,after,1,native,3,1,1,1,8,1,291244,242746
mixed_short_ordinary,4,after,1,native,4,1,1,1,8,1,247750,242709
mixed_short_ordinary,4,after,1,native,5,1,1,1,8,1,235995,253781
mixed_short_ordinary,4,after,1,native,6,1,1,1,8,1,240863,241769
mixed_short_ordinary,4,after,1,native,7,1,1,1,8,1,233185,241961
mixed_short_ordinary,4,after,1,native,8,1,1,1,8,1,223882,241814
mixed_short_ordinary,4,after,1,native,9,1,1,1,8,1,311103,241722
mixed_short_ordinary,4,after,1,native,10,1,1,1,8,1,246373,243055
mixed_short_ordinary,4,after,1,native,11,1,1,1,8,1,225196,242080
mixed_short_ordinary,4,after,1,native,12,1,1,1,8,1,224203,241759
mixed_short_ordinary,4,after,1,native,13,1,1,1,8,1,233415,251019
mixed_short_ordinary,4,after,1,native,14,1,1,1,8,1,259598,241661
mixed_short_ordinary,4,after,1,fixed_winner,0,3,1,1,8,1,262509,0
mixed_short_ordinary,4,after,1,fixed_winner,1,3,1,1,8,1,215837,0
mixed_short_ordinary,4,after,1,fixed_winner,2,3,1,1,8,1,217343,0
mixed_short_ordinary,4,after,1,fixed_winner,3,3,1,1,8,1,217802,0
mixed_short_ordinary,4,after,1,fixed_winner,4,3,1,1,8,1,211263,0
mixed_short_ordinary,4,after,1,fixed_winner,5,3,1,1,8,1,215130,0
mixed_short_ordinary,4,after,1,fixed_winner,6,3,1,1,8,1,215874,0
mixed_short_ordinary,4,after,1,fixed_winner,7,3,1,1,8,1,219960,0
mixed_short_ordinary,4,after,1,fixed_winner,8,3,1,1,8,1,213605,0
mixed_short_ordinary,4,after,1,fixed_winner,9,3,1,1,8,1,213440,0
mixed_short_ordinary,4,after,1,fixed_winner,10,3,1,1,8,1,216553,0
mixed_short_ordinary,4,after,1,fixed_winner,11,3,1,1,8,1,217353,0
mixed_short_ordinary,4,after,1,fixed_winner,12,3,1,1,8,1,212374,0
mixed_short_ordinary,4,after,1,fixed_winner,13,3,1,1,8,1,214569,0
mixed_short_ordinary,4,after,1,fixed_winner,14,3,1,1,8,1,233662,0
mixed_short_ordinary,4,before,2,native,0,1,1,1,0,1,223772,224539
mixed_short_ordinary,4,before,2,native,1,1,1,1,0,1,225618,224549
mixed_short_ordinary,4,before,2,native,2,1,1,1,0,1,274329,224557
mixed_short_ordinary,4,before,2,native,3,1,1,1,0,1,273042,225017
mixed_short_ordinary,4,before,2,native,4,1,1,1,0,1,226683,225026
mixed_short_ordinary,4,before,2,native,5,1,1,1,0,1,250211,248618
mixed_short_ordinary,4,before,2,native,6,1,1,1,0,1,223927,224244
mixed_short_ordinary,4,before,2,native,7,1,1,1,0,1,223800,224152
mixed_short_ordinary,4,before,2,native,8,1,1,1,0,1,234976,224125
mixed_short_ordinary,4,before,2,native,9,1,1,1,0,1,232056,224235
mixed_short_ordinary,4,before,2,native,10,1,1,1,0,1,224011,224271
mixed_short_ordinary,4,before,2,native,11,1,1,1,0,1,223864,224161
mixed_short_ordinary,4,before,2,native,12,1,1,1,0,1,224093,224116
mixed_short_ordinary,4,before,2,native,13,1,1,1,0,1,233893,232353
mixed_short_ordinary,4,before,2,native,14,1,1,1,0,1,223845,223996
mixed_short_ordinary,4,before,2,fixed_winner,0,3,1,1,8,1,228850,0
mixed_short_ordinary,4,before,2,fixed_winner,1,3,1,1,8,1,226132,0
mixed_short_ordinary,4,before,2,fixed_winner,2,3,1,1,8,1,224882,0
mixed_short_ordinary,4,before,2,fixed_winner,3,3,1,1,8,1,228272,0
mixed_short_ordinary,4,before,2,fixed_winner,4,3,1,1,8,1,219190,0
mixed_short_ordinary,4,before,2,fixed_winner,5,3,1,1,8,1,236427,0
mixed_short_ordinary,4,before,2,fixed_winner,6,3,1,1,8,1,253270,0
mixed_short_ordinary,4,before,2,fixed_winner,7,3,1,1,8,1,232184,0
mixed_short_ordinary,4,before,2,fixed_winner,8,3,1,1,8,1,270192,0
mixed_short_ordinary,4,before,2,fixed_winner,9,3,1,1,8,1,276278,0
mixed_short_ordinary,4,before,2,fixed_winner,10,3,1,1,8,1,261247,0
mixed_short_ordinary,4,before,2,fixed_winner,11,3,1,1,8,1,307164,0
mixed_short_ordinary,4,before,2,fixed_winner,12,3,1,1,8,1,286552,0
mixed_short_ordinary,4,before,2,fixed_winner,13,3,1,1,8,1,221072,0
mixed_short_ordinary,4,before,2,fixed_winner,14,3,1,1,8,1,221145,0
mixed_short_ordinary,4,after,2,native,0,3,1,1,0,1,223606,227283
mixed_short_ordinary,4,after,2,native,1,3,1,1,0,1,243746,227494
mixed_short_ordinary,4,after,2,native,2,3,1,1,0,1,234783,227383
mixed_short_ordinary,4,after,2,native,3,3,1,1,0,1,217573,227264
mixed_short_ordinary,4,after,2,native,4,3,1,1,0,1,229843,227246
mixed_short_ordinary,4,after,2,native,5,3,1,1,0,1,227041,227062
mixed_short_ordinary,4,after,2,native,6,3,1,1,0,1,213872,227227
mixed_short_ordinary,4,after,2,native,7,3,1,1,0,1,215103,226951
mixed_short_ordinary,4,after,2,native,8,3,1,1,0,1,224424,226924
mixed_short_ordinary,4,after,2,native,9,3,1,1,0,1,218207,227154
mixed_short_ordinary,4,after,2,native,10,3,1,1,0,1,263134,227154
mixed_short_ordinary,4,after,2,native,11,3,1,1,0,1,250782,227439
mixed_short_ordinary,4,after,2,native,12,3,1,1,0,1,208995,227200
mixed_short_ordinary,4,after,2,native,13,3,1,1,0,1,216608,227411
mixed_short_ordinary,4,after,2,native,14,3,1,1,0,1,220493,227264
mixed_short_ordinary,4,after,2,fixed_winner,0,3,1,1,8,1,213091,0
mixed_short_ordinary,4,after,2,fixed_winner,1,3,1,1,8,1,215534,0
mixed_short_ordinary,4,after,2,fixed_winner,2,3,1,1,8,1,215213,0
mixed_short_ordinary,4,after,2,fixed_winner,3,3,1,1,8,1,221925,0
mixed_short_ordinary,4,after,2,fixed_winner,4,3,1,1,8,1,214487,0
mixed_short_ordinary,4,after,2,fixed_winner,5,3,1,1,8,1,214772,0
mixed_short_ordinary,4,after,2,fixed_winner,6,3,1,1,8,1,216104,0
mixed_short_ordinary,4,after,2,fixed_winner,7,3,1,1,8,1,216057,0
mixed_short_ordinary,4,after,2,fixed_winner,8,3,1,1,8,1,238953,0
mixed_short_ordinary,4,after,2,fixed_winner,9,3,1,1,8,1,220089,0
mixed_short_ordinary,4,after,2,fixed_winner,10,3,1,1,8,1,243076,0
mixed_short_ordinary,4,after,2,fixed_winner,11,3,1,1,8,1,267376,0
mixed_short_ordinary,4,after,2,fixed_winner,12,3,1,1,8,1,217316,0
mixed_short_ordinary,4,after,2,fixed_winner,13,3,1,1,8,1,243912,0
mixed_short_ordinary,4,after,2,fixed_winner,14,3,1,1,8,1,287948,0
mixed_short_ordinary,4,after,3,native,0,1,1,1,0,1,226664,226623
mixed_short_ordinary,4,after,3,native,1,1,1,1,0,1,223955,226789
mixed_short_ordinary,4,after,3,native,2,1,1,1,0,1,223772,226660
mixed_short_ordinary,4,after,3,native,3,1,1,1,0,1,223726,226623
mixed_short_ordinary,4,after,3,native,4,1,1,1,0,1,236097,226651
mixed_short_ordinary,4,after,3,native,5,1,1,1,0,1,223955,226788
mixed_short_ordinary,4,after,3,native,6,1,1,1,0,1,231110,226651
mixed_short_ordinary,4,after,3,native,7,1,1,1,0,1,223863,226725
mixed_short_ordinary,4,after,3,native,8,1,1,1,0,1,223763,226624
mixed_short_ordinary,4,after,3,native,9,1,1,1,0,1,238034,226624
mixed_short_ordinary,4,after,3,native,10,1,1,1,0,1,247981,226899
mixed_short_ordinary,4,after,3,native,11,1,1,1,0,1,224378,227046
mixed_short_ordinary,4,after,3,native,12,1,1,1,0,1,225490,226633
mixed_short_ordinary,4,after,3,native,13,1,1,1,0,1,247291,237584
mixed_short_ordinary,4,after,3,native,14,1,1,1,0,1,225333,226426
mixed_short_ordinary,4,after,3,fixed_winner,0,3,1,1,8,1,231027,0
mixed_short_ordinary,4,after,3,fixed_winner,1,3,1,1,8,1,233093,0
mixed_short_ordinary,4,after,3,fixed_winner,2,3,1,1,8,1,268698,0
mixed_short_ordinary,4,after,3,fixed_winner,3,3,1,1,8,1,233118,0
mixed_short_ordinary,4,after,3,fixed_winner,4,3,1,1,8,1,222581,0
mixed_short_ordinary,4,after,3,fixed_winner,5,3,1,1,8,1,218198,0
mixed_short_ordinary,4,after,3,fixed_winner,6,3,1,1,8,1,216397,0
mixed_short_ordinary,4,after,3,fixed_winner,7,3,1,1,8,1,219804,0
mixed_short_ordinary,4,after,3,fixed_winner,8,3,1,1,8,1,232404,0
mixed_short_ordinary,4,after,3,fixed_winner,9,3,1,1,8,1,302605,0
mixed_short_ordinary,4,after,3,fixed_winner,10,3,1,1,8,1,221338,0
mixed_short_ordinary,4,after,3,fixed_winner,11,3,1,1,8,1,219795,0
mixed_short_ordinary,4,after,3,fixed_winner,12,3,1,1,8,1,216600,0
mixed_short_ordinary,4,after,3,fixed_winner,13,3,1,1,8,1,215965,0
mixed_short_ordinary,4,after,3,fixed_winner,14,3,1,1,8,1,215075,0
mixed_short_ordinary,4,before,3,native,0,1,1,1,0,1,227730,232430
mixed_short_ordinary,4,before,3,native,1,1,1,1,0,1,225012,231805
mixed_short_ordinary,4,before,3,native,2,1,1,1,0,1,233929,231740
mixed_short_ordinary,4,before,3,native,3,1,1,1,0,1,225719,231887
mixed_short_ordinary,4,before,3,native,4,1,1,1,0,1,225865,231722
mixed_short_ordinary,4,before,3,native,5,1,1,1,0,1,244711,252782
mixed_short_ordinary,4,before,3,native,6,1,1,1,0,1,224322,231439
mixed_short_ordinary,4,before,3,native,7,1,1,1,0,1,222358,231264
mixed_short_ordinary,4,before,3,native,8,1,1,1,0,1,248880,231291
mixed_short_ordinary,4,before,3,native,9,1,1,1,0,1,230127,231484
mixed_short_ordinary,4,before,3,native,10,1,1,1,0,1,223110,231420
mixed_short_ordinary,4,before,3,native,11,1,1,1,0,1,221127,231274
mixed_short_ordinary,4,before,3,native,12,1,1,1,0,1,221448,231301
mixed_short_ordinary,4,before,3,native,13,1,1,1,0,1,229631,238352
mixed_short_ordinary,4,before,3,native,14,1,1,1,0,1,367965,231189
mixed_short_ordinary,4,before,3,fixed_winner,0,3,1,1,8,1,217215,0
mixed_short_ordinary,4,before,3,fixed_winner,1,3,1,1,8,1,217068,0
mixed_short_ordinary,4,before,3,fixed_winner,2,3,1,1,8,1,216140,0
mixed_short_ordinary,4,before,3,fixed_winner,3,3,1,1,8,1,219308,0
mixed_short_ordinary,4,before,3,fixed_winner,4,3,1,1,8,1,215405,0
mixed_short_ordinary,4,before,3,fixed_winner,5,3,1,1,8,1,211180,0
mixed_short_ordinary,4,before,3,fixed_winner,6,3,1,1,8,1,214147,0
mixed_short_ordinary,4,before,3,fixed_winner,7,3,1,1,8,1,229805,0
mixed_short_ordinary,4,before,3,fixed_winner,8,3,1,1,8,1,221365,0
mixed_short_ordinary,4,before,3,fixed_winner,9,3,1,1,8,1,217693,0
mixed_short_ordinary,4,before,3,fixed_winner,10,3,1,1,8,1,257173,0
mixed_short_ordinary,4,before,3,fixed_winner,11,3,1,1,8,1,209693,0
mixed_short_ordinary,4,before,3,fixed_winner,12,3,1,1,8,1,211897,0
mixed_short_ordinary,4,before,3,fixed_winner,13,3,1,1,8,1,212320,0
mixed_short_ordinary,4,before,3,fixed_winner,14,3,1,1,8,1,207746,0
mixed_short_ordinary,4,before,4,native,0,1,1,1,8,1,239724,246965
mixed_short_ordinary,4,before,4,native,1,1,1,1,8,1,224883,247204
mixed_short_ordinary,4,before,4,native,2,1,1,1,8,1,234186,246700
mixed_short_ordinary,4,before,4,native,3,1,1,1,8,1,223285,246911
mixed_short_ordinary,4,before,4,native,4,1,1,1,8,1,230063,246680
mixed_short_ordinary,4,before,4,native,5,1,1,1,8,1,261076,286247
mixed_short_ordinary,4,before,4,native,6,1,1,1,8,1,223275,246932
mixed_short_ordinary,4,before,4,native,7,1,1,1,8,1,222982,246674
mixed_short_ordinary,4,before,4,native,8,1,1,1,8,1,225838,246629
mixed_short_ordinary,4,before,4,native,9,1,1,1,8,1,221218,246693
mixed_short_ordinary,4,before,4,native,10,1,1,1,8,1,230953,246638
mixed_short_ordinary,4,before,4,native,11,1,1,1,8,1,225985,246720
mixed_short_ordinary,4,before,4,native,12,1,1,1,8,1,223579,246950
mixed_short_ordinary,4,before,4,native,13,1,1,1,8,1,221448,246619
mixed_short_ordinary,4,before,4,native,14,1,1,1,8,1,222450,246628
mixed_short_ordinary,4,before,4,fixed_winner,0,3,1,1,8,1,218069,0
mixed_short_ordinary,4,before,4,fixed_winner,1,3,1,1,8,1,219740,0
mixed_short_ordinary,4,before,4,fixed_winner,2,3,1,1,8,1,210097,0
mixed_short_ordinary,4,before,4,fixed_winner,3,3,1,1,8,1,237291,0
mixed_short_ordinary,4,before,4,fixed_winner,4,3,1,1,8,1,213477,0
mixed_short_ordinary,4,before,4,fixed_winner,5,3,1,1,8,1,208783,0
mixed_short_ordinary,4,before,4,fixed_winner,6,3,1,1,8,1,212062,0
mixed_short_ordinary,4,before,4,fixed_winner,7,3,1,1,8,1,211640,0
mixed_short_ordinary,4,before,4,fixed_winner,8,3,1,1,8,1,208169,0
mixed_short_ordinary,4,before,4,fixed_winner,9,3,1,1,8,1,213339,0
mixed_short_ordinary,4,before,4,fixed_winner,10,3,1,1,8,1,217839,0
mixed_short_ordinary,4,before,4,fixed_winner,11,3,1,1,8,1,210317,0
mixed_short_ordinary,4,before,4,fixed_winner,12,3,1,1,8,1,247650,0
mixed_short_ordinary,4,before,4,fixed_winner,13,3,1,1,8,1,212540,0
mixed_short_ordinary,4,before,4,fixed_winner,14,3,1,1,8,1,207948,0
mixed_short_ordinary,4,after,4,native,0,3,1,1,0,1,257330,225066
mixed_short_ordinary,4,after,4,native,1,3,1,1,0,1,234853,224745
mixed_short_ordinary,4,after,4,native,2,3,1,1,0,1,254082,224974
mixed_short_ordinary,4,after,4,native,3,3,1,1,0,1,220576,225002
mixed_short_ordinary,4,after,4,native,4,3,1,1,0,1,223322,224717
mixed_short_ordinary,4,after,4,native,5,3,1,1,0,1,218987,224690
mixed_short_ordinary,4,after,4,native,6,3,1,1,0,1,256099,224690
mixed_short_ordinary,4,after,4,native,7,3,1,1,0,1,246850,224497
mixed_short_ordinary,4,after,4,native,8,3,1,1,0,1,216397,224450
mixed_short_ordinary,4,after,4,native,9,3,1,1,0,1,255994,224469
mixed_short_ordinary,4,after,4,native,10,3,1,1,0,1,271310,225148
mixed_short_ordinary,4,after,4,native,11,3,1,1,0,1,220346,224671
mixed_short_ordinary,4,after,4,native,12,3,1,1,0,1,308749,224496
mixed_short_ordinary,4,after,4,native,13,3,1,1,0,1,239577,236558
mixed_short_ordinary,4,after,4,native,14,3,1,1,0,1,224194,224684
mixed_short_ordinary,4,after,4,fixed_winner,0,3,1,1,8,1,212568,0
mixed_short_ordinary,4,after,4,fixed_winner,1,3,1,1,8,1,214304,0
mixed_short_ordinary,4,after,4,fixed_winner,2,3,1,1,8,1,213578,0
mixed_short_ordinary,4,after,4,fixed_winner,3,3,1,1,8,1,210860,0
mixed_short_ordinary,4,after,4,fixed_winner,4,3,1,1,8,1,215947,0
mixed_short_ordinary,4,after,4,fixed_winner,5,3,1,1,8,1,217637,0
mixed_short_ordinary,4,after,4,fixed_winner,6,3,1,1,8,1,225424,0
mixed_short_ordinary,4,after,4,fixed_winner,7,3,1,1,8,1,224984,0
mixed_short_ordinary,4,after,4,fixed_winner,8,3,1,1,8,1,212145,0
mixed_short_ordinary,4,after,4,fixed_winner,9,3,1,1,8,1,214285,0
mixed_short_ordinary,4,after,4,fixed_winner,10,3,1,1,8,1,213229,0
mixed_short_ordinary,4,after,4,fixed_winner,11,3,1,1,8,1,209564,0
mixed_short_ordinary,4,after,4,fixed_winner,12,3,1,1,8,1,213926,0
mixed_short_ordinary,4,after,4,fixed_winner,13,3,1,1,8,1,215230,0
mixed_short_ordinary,4,after,4,fixed_winner,14,3,1,1,8,1,208976,0
mixed_short_ordinary,6,after,0,native,0,1,1,1,0,1,221154,241572
mixed_short_ordinary,6,after,0,native,1,1,1,1,0,1,228051,241681
mixed_short_ordinary,6,after,0,native,2,1,1,1,0,1,249358,241672
mixed_short_ordinary,6,after,0,native,3,1,1,1,0,1,261572,241984
mixed_short_ordinary,6,after,0,native,4,1,1,1,0,1,222101,242049
mixed_short_ordinary,6,after,0,native,5,1,1,1,0,1,233342,248393
mixed_short_ordinary,6,after,0,native,6,1,1,1,0,1,223239,241414
mixed_short_ordinary,6,after,0,native,7,1,1,1,0,1,225664,241193
mixed_short_ordinary,6,after,0,native,8,1,1,1,0,1,229108,241239
mixed_short_ordinary,6,after,0,native,9,1,1,1,0,1,221403,241321
mixed_short_ordinary,6,after,0,native,10,1,1,1,0,1,225251,241156
mixed_short_ordinary,6,after,0,native,11,1,1,1,0,1,224525,241266
mixed_short_ordinary,6,after,0,native,12,1,1,1,0,1,221623,241321
mixed_short_ordinary,6,after,0,native,13,1,1,1,0,1,226959,246746
mixed_short_ordinary,6,after,0,native,14,1,1,1,0,1,221246,241117
mixed_short_ordinary,6,after,0,fixed_winner,0,5,1,1,23,1,223441,0
mixed_short_ordinary,6,after,0,fixed_winner,1,5,1,1,23,1,284752,0
mixed_short_ordinary,6,after,0,fixed_winner,2,5,1,1,23,1,331093,0
mixed_short_ordinary,6,after,0,fixed_winner,3,5,1,1,23,1,298956,0
mixed_short_ordinary,6,after,0,fixed_winner,4,5,1,1,23,1,239892,0
mixed_short_ordinary,6,after,0,fixed_winner,5,5,1,1,23,1,240551,0
mixed_short_ordinary,6,after,0,fixed_winner,6,5,1,1,23,1,248724,0
mixed_short_ordinary,6,after,0,fixed_winner,7,5,1,1,23,1,232855,0
mixed_short_ordinary,6,after,0,fixed_winner,8,5,1,1,23,1,234462,0
mixed_short_ordinary,6,after,0,fixed_winner,9,5,1,1,23,1,259423,0
mixed_short_ordinary,6,after,0,fixed_winner,10,5,1,1,23,1,250589,0
mixed_short_ordinary,6,after,0,fixed_winner,11,5,1,1,23,1,229098,0
mixed_short_ordinary,6,after,0,fixed_winner,12,5,1,1,23,1,235362,0
mixed_short_ordinary,6,after,0,fixed_winner,13,5,1,1,23,1,264456,0
mixed_short_ordinary,6,after,0,fixed_winner,14,5,1,1,23,1,230439,0
mixed_short_ordinary,6,before,0,native,0,1,1,1,0,1,221108,260395
mixed_short_ordinary,6,before,0,native,1,1,1,1,0,1,228988,260469
mixed_short_ordinary,6,before,0,native,2,1,1,1,0,1,225930,260551
mixed_short_ordinary,6,before,0,native,3,1,1,1,0,1,221246,260533
mixed_short_ordinary,6,before,0,native,4,1,1,1,0,1,221467,260460
mixed_short_ordinary,6,before,0,native,5,1,1,1,0,1,221237,260487
mixed_short_ordinary,6,before,0,native,6,1,1,1,0,1,225820,260791
mixed_short_ordinary,6,before,0,native,7,1,1,1,0,1,229089,260487
mixed_short_ordinary,6,before,0,native,8,1,1,1,0,1,222614,260542
mixed_short_ordinary,6,before,0,native,9,1,1,1,0,1,248605,260468
mixed_short_ordinary,6,before,0,native,10,1,1,1,0,1,252058,260910
mixed_short_ordinary,6,before,0,native,11,1,1,1,0,1,223597,260928
mixed_short_ordinary,6,before,0,native,12,1,1,1,0,1,221513,260487
mixed_short_ordinary,6,before,0,native,13,1,1,1,0,1,234167,267272
mixed_short_ordinary,6,before,0,native,14,1,1,1,0,1,222155,260237
mixed_short_ordinary,6,before,0,fixed_winner,0,5,1,1,23,1,217499,0
mixed_short_ordinary,6,before,0,fixed_winner,1,5,1,1,23,1,221677,0
mixed_short_ordinary,6,before,0,fixed_winner,2,5,1,1,23,1,235913,0
mixed_short_ordinary,6,before,0,fixed_winner,3,5,1,1,23,1,213780,0
mixed_short_ordinary,6,before,0,fixed_winner,4,5,1,1,23,1,212751,0
mixed_short_ordinary,6,before,0,fixed_winner,5,5,1,1,23,1,212568,0
mixed_short_ordinary,6,before,0,fixed_winner,6,5,1,1,23,1,208425,0
mixed_short_ordinary,6,before,0,fixed_winner,7,5,1,1,23,1,208361,0
mixed_short_ordinary,6,before,0,fixed_winner,8,5,1,1,23,1,211153,0
mixed_short_ordinary,6,before,0,fixed_winner,9,5,1,1,23,1,207571,0
mixed_short_ordinary,6,before,0,fixed_winner,10,5,1,1,23,1,208022,0
mixed_short_ordinary,6,before,0,fixed_winner,11,5,1,1,23,1,214579,0
mixed_short_ordinary,6,before,0,fixed_winner,12,5,1,1,23,1,212751,0
mixed_short_ordinary,6,before,0,fixed_winner,13,5,1,1,23,1,209298,0
mixed_short_ordinary,6,before,0,fixed_winner,14,5,1,1,23,1,211392,0
mixed_short_ordinary,6,before,1,native,0,1,1,1,0,1,222467,223809
mixed_short_ordinary,6,before,1,native,1,1,1,1,0,1,237290,223827
mixed_short_ordinary,6,before,1,native,2,1,1,1,0,1,222743,224039
mixed_short_ordinary,6,before,1,native,3,1,1,1,0,1,222476,223828
mixed_short_ordinary,6,before,1,native,4,1,1,1,0,1,444256,223790
mixed_short_ordinary,6,before,1,native,5,1,1,1,0,1,240211,225940
mixed_short_ordinary,6,before,1,native,6,1,1,1,0,1,223955,224222
mixed_short_ordinary,6,before,1,native,7,1,1,1,0,1,233837,223773
mixed_short_ordinary,6,before,1,native,8,1,1,1,0,1,225810,223975
mixed_short_ordinary,6,before,1,native,9,1,1,1,0,1,223827,223855
mixed_short_ordinary,6,before,1,native,10,1,1,1,0,1,223707,223754
mixed_short_ordinary,6,before,1,native,11,1,1,1,0,1,223781,223828
mixed_short_ordinary,6,before,1,native,12,1,1,1,0,1,232661,223818
mixed_short_ordinary,6,before,1,native,13,1,1,1,0,1,224194,223809
mixed_short_ordinary,6,before,1,native,14,1,1,1,0,1,283319,223809
mixed_short_ordinary,6,before,1,fixed_winner,0,5,1,1,23,1,228923,0
mixed_short_ordinary,6,before,1,fixed_winner,1,5,1,1,23,1,222459,0
mixed_short_ordinary,6,before,1,fixed_winner,2,5,1,1,23,1,214937,0
mixed_short_ordinary,6,before,1,fixed_winner,3,5,1,1,23,1,211015,0
mixed_short_ordinary,6,before,1,fixed_winner,4,5,1,1,23,1,211024,0
mixed_short_ordinary,6,before,1,fixed_winner,5,5,1,1,23,1,214257,0
mixed_short_ordinary,6,before,1,fixed_winner,6,5,1,1,23,1,232901,0
mixed_short_ordinary,6,before,1,fixed_winner,7,5,1,1,23,1,237684,0
mixed_short_ordinary,6,before,1,fixed_winner,8,5,1,1,23,1,221220,0
mixed_short_ordinary,6,before,1,fixed_winner,9,5,1,1,23,1,217233,0
mixed_short_ordinary,6,before,1,fixed_winner,10,5,1,1,23,1,212357,0
mixed_short_ordinary,6,before,1,fixed_winner,11,5,1,1,23,1,215562,0
mixed_short_ordinary,6,before,1,fixed_winner,12,5,1,1,23,1,211695,0
mixed_short_ordinary,6,before,1,fixed_winner,13,5,1,1,23,1,211052,0
mixed_short_ordinary,6,before,1,fixed_winner,14,5,1,1,23,1,215038,0
mixed_short_ordinary,6,after,1,native,0,5,5,1,0,1,245896,256136
mixed_short_ordinary,6,after,1,native,1,5,5,1,0,1,409707,256283
mixed_short_ordinary,6,after,1,native,2,5,5,1,0,1,299574,256999
mixed_short_ordinary,6,after,1,native,3,5,5,1,0,1,285633,256109
mixed_short_ordinary,6,after,1,native,4,5,5,1,0,1,345696,256191
mixed_short_ordinary,6,after,1,native,5,5,5,1,0,1,338385,268215
mixed_short_ordinary,6,after,1,native,6,5,5,1,0,1,310586,256368
mixed_short_ordinary,6,after,1,native,7,5,5,1,0,1,309995,256708
mixed_short_ordinary,6,after,1,native,8,5,5,1,0,1,284351,256395
mixed_short_ordinary,6,after,1,native,9,5,5,1,0,1,288572,256350
mixed_short_ordinary,6,after,1,native,10,5,5,1,0,1,484729,256873
mixed_short_ordinary,6,after,1,native,11,5,5,1,0,1,281188,256588
mixed_short_ordinary,6,after,1,native,12,5,5,1,0,1,320311,256424
mixed_short_ordinary,6,after,1,native,13,5,5,1,0,1,270728,270763
mixed_short_ordinary,6,after,1,native,14,5,5,1,0,1,271721,256574
mixed_short_ordinary,6,after,1,fixed_winner,0,5,1,1,23,1,239035,0
mixed_short_ordinary,6,after,1,fixed_winner,1,5,1,1,23,1,294735,0
mixed_short_ordinary,6,after,1,fixed_winner,2,5,1,1,23,1,241438,0
mixed_short_ordinary,6,after,1,fixed_winner,3,5,1,1,23,1,257535,0
mixed_short_ordinary,6,after,1,fixed_winner,4,5,1,1,23,1,239284,0
mixed_short_ordinary,6,after,1,fixed_winner,5,5,1,1,23,1,269718,0
mixed_short_ordinary,6,after,1,fixed_winner,6,5,1,1,23,1,219492,0
mixed_short_ordinary,6,after,1,fixed_winner,7,5,1,1,23,1,251304,0
mixed_short_ordinary,6,after,1,fixed_winner,8,5,1,1,23,1,232148,0
mixed_short_ordinary,6,after,1,fixed_winner,9,5,1,1,23,1,231386,0
mixed_short_ordinary,6,after,1,fixed_winner,10,5,1,1,23,1,228933,0
mixed_short_ordinary,6,after,1,fixed_winner,11,5,1,1,23,1,234398,0
mixed_short_ordinary,6,after,1,fixed_winner,12,5,1,1,23,1,247934,0
mixed_short_ordinary,6,after,1,fixed_winner,13,5,1,1,23,1,232469,0
mixed_short_ordinary,6,after,1,fixed_winner,14,5,1,1,23,1,225192,0
mixed_short_ordinary,6,after,2,native,0,5,5,1,0,1,243343,294370
mixed_short_ordinary,6,after,2,native,1,5,5,1,0,1,252591,294149
mixed_short_ordinary,6,after,2,native,2,5,5,1,0,1,224181,294269
mixed_short_ordinary,6,after,2,native,3,5,5,1,0,1,230929,294480
mixed_short_ordinary,6,after,2,native,4,5,5,1,0,1,260011,294159
mixed_short_ordinary,6,after,2,native,5,5,5,1,0,1,246997,294002
mixed_short_ordinary,6,after,2,native,6,5,5,1,0,1,249055,294177
mixed_short_ordinary,6,after,2,native,7,5,5,1,0,1,275283,293929
mixed_short_ordinary,6,after,2,native,8,5,5,1,0,1,295460,294388
mixed_short_ordinary,6,after,2,native,9,5,5,1,0,1,241089,294113
mixed_short_ordinary,6,after,2,native,10,5,5,1,0,1,286004,294314
mixed_short_ordinary,6,after,2,native,11,5,5,1,0,1,280294,294452
mixed_short_ordinary,6,after,2,native,12,5,5,1,0,1,247157,294177
mixed_short_ordinary,6,after,2,native,13,5,5,1,0,1,454495,303540
mixed_short_ordinary,6,after,2,native,14,5,5,1,0,1,277561,294219
mixed_short_ordinary,6,after,2,fixed_winner,0,5,1,1,23,1,215708,0
mixed_short_ordinary,6,after,2,fixed_winner,1,5,1,1,23,1,241782,0
mixed_short_ordinary,6,after,2,fixed_winner,2,5,1,1,23,1,283101,0
mixed_short_ordinary,6,after,2,fixed_winner,3,5,1,1,23,1,288112,0
mixed_short_ordinary,6,after,2,fixed_winner,4,5,1,1,23,1,256734,0
mixed_short_ordinary,6,after,2,fixed_winner,5,5,1,1,23,1,246582,0
mixed_short_ordinary,6,after,2,fixed_winner,6,5,1,1,23,1,273640,0
mixed_short_ordinary,6,after,2,fixed_winner,7,5,1,1,23,1,289748,0
mixed_short_ordinary,6,after,2,fixed_winner,8,5,1,1,23,1,299951,0
mixed_short_ordinary,6,after,2,fixed_winner,9,5,1,1,23,1,236611,0
mixed_short_ordinary,6,after,2,fixed_winner,10,5,1,1,23,1,247457,0
mixed_short_ordinary,6,after,2,fixed_winner,11,5,1,1,23,1,262050,0
mixed_short_ordinary,6,after,2,fixed_winner,12,5,1,1,23,1,238622,0
mixed_short_ordinary,6,after,2,fixed_winner,13,5,1,1,23,1,239219,0
mixed_short_ordinary,6,after,2,fixed_winner,14,5,1,1,23,1,234673,0
mixed_short_ordinary,6,before,2,native,0,1,1,1,0,1,224111,224945
mixed_short_ordinary,6,before,2,native,1,1,1,1,0,1,224433,225174
mixed_short_ordinary,6,before,2,native,2,1,1,1,0,1,232285,225037
mixed_short_ordinary,6,before,2,native,3,1,1,1,0,1,224406,225138
mixed_short_ordinary,6,before,2,native,4,1,1,1,0,1,224570,225055
mixed_short_ordinary,6,before,2,native,5,1,1,1,0,1,224249,225074
mixed_short_ordinary,6,before,2,native,6,1,1,1,0,1,224222,225037
mixed_short_ordinary,6,before,2,native,7,1,1,1,0,1,224148,224981
mixed_short_ordinary,6,before,2,native,8,1,1,1,0,1,250074,225009
mixed_short_ordinary,6,before,2,native,9,1,1,1,0,1,224461,225230
mixed_short_ordinary,6,before,2,native,10,1,1,1,0,1,224616,225156
mixed_short_ordinary,6,before,2,native,11,1,1,1,0,1,240018,225046
mixed_short_ordinary,6,before,2,native,12,1,1,1,0,1,258725,225340
mixed_short_ordinary,6,before,2,native,13,1,1,1,0,1,249679,247945
mixed_short_ordinary,6,before,2,native,14,1,1,1,0,1,224443,224536
mixed_short_ordinary,6,before,2,fixed_winner,0,5,1,1,23,1,236253,0
mixed_short_ordinary,6,before,2,fixed_winner,1,5,1,1,23,1,229356,0
mixed_short_ordinary,6,before,2,fixed_winner,2,5,1,1,23,1,238227,0
mixed_short_ordinary,6,before,2,fixed_winner,3,5,1,1,23,1,234995,0
mixed_short_ordinary,6,before,2,fixed_winner,4,5,1,1,23,1,256117,0
mixed_short_ordinary,6,before,2,fixed_winner,5,5,1,1,23,1,277681,0
mixed_short_ordinary,6,before,2,fixed_winner,6,5,1,1,23,1,237851,0
mixed_short_ordinary,6,before,2,fixed_winner,7,5,1,1,23,1,230761,0
mixed_short_ordinary,6,before,2,fixed_winner,8,5,1,1,23,1,238677,0
mixed_short_ordinary,6,before,2,fixed_winner,9,5,1,1,23,1,235261,0
mixed_short_ordinary,6,before,2,fixed_winner,10,5,1,1,23,1,241469,0
mixed_short_ordinary,6,before,2,fixed_winner,11,5,1,1,23,1,236096,0
mixed_short_ordinary,6,before,2,fixed_winner,12,5,1,1,23,1,243067,0
mixed_short_ordinary,6,before,2,fixed_winner,13,5,1,1,23,1,234995,0
mixed_short_ordinary,6,before,2,fixed_winner,14,5,1,1,23,1,241726,0
mixed_short_ordinary,6,after,3,native,0,1,1,1,0,1,376755,233958
mixed_short_ordinary,6,after,3,native,1,1,1,1,0,1,393295,234243
mixed_short_ordinary,6,after,3,native,2,1,1,1,0,1,373623,234132
mixed_short_ordinary,6,after,3,native,3,1,1,1,0,1,384102,233857
mixed_short_ordinary,6,after,3,native,4,1,1,1,0,1,347367,233921
mixed_short_ordinary,6,after,3,native,5,1,1,1,0,1,364715,233949
mixed_short_ordinary,6,after,3,native,6,1,1,1,0,1,369702,233903
mixed_short_ordinary,6,after,3,native,7,1,1,1,0,1,405748,233756
mixed_short_ordinary,6,after,3,native,8,1,1,1,0,1,362814,234031
mixed_short_ordinary,6,after,3,native,9,1,1,1,0,1,369711,234059
mixed_short_ordinary,6,after,3,native,10,1,1,1,0,1,383477,234133
mixed_short_ordinary,6,after,3,native,11,1,1,1,0,1,365036,233967
mixed_short_ordinary,6,after,3,native,12,1,1,1,0,1,362033,233986
mixed_short_ordinary,6,after,3,native,13,1,1,1,0,1,368774,234151
mixed_short_ordinary,6,after,3,native,14,1,1,1,0,1,361739,233958
mixed_short_ordinary,6,after,3,fixed_winner,0,5,1,1,23,1,248531,0
mixed_short_ordinary,6,after,3,fixed_winner,1,5,1,1,23,1,262702,0
mixed_short_ordinary,6,after,3,fixed_winner,2,5,1,1,23,1,225471,0
mixed_short_ordinary,6,after,3,fixed_winner,3,5,1,1,23,1,240798,0
mixed_short_ordinary,6,after,3,fixed_winner,4,5,1,1,23,1,260286,0
mixed_short_ordinary,6,after,3,fixed_winner,5,5,1,1,23,1,223716,0
mixed_short_ordinary,6,after,3,fixed_winner,6,5,1,1,23,1,250414,0
mixed_short_ordinary,6,after,3,fixed_winner,7,5,1,1,23,1,246611,0
mixed_short_ordinary,6,after,3,fixed_winner,8,5,1,1,23,1,245813,0
mixed_short_ordinary,6,after,3,fixed_winner,9,5,1,1,23,1,245381,0
mixed_short_ordinary,6,after,3,fixed_winner,10,5,1,1,23,1,236464,0
mixed_short_ordinary,6,after,3,fixed_winner,11,5,1,1,23,1,246391,0
mixed_short_ordinary,6,after,3,fixed_winner,12,5,1,1,23,1,232873,0
mixed_short_ordinary,6,after,3,fixed_winner,13,5,1,1,23,1,244196,0
mixed_short_ordinary,6,after,3,fixed_winner,14,5,1,1,23,1,231477,0
mixed_short_ordinary,6,before,3,native,0,1,1,1,0,1,222559,223413
mixed_short_ordinary,6,before,3,native,1,1,1,1,0,1,222660,223404
mixed_short_ordinary,6,before,3,native,2,1,1,1,0,1,257853,223321
mixed_short_ordinary,6,before,3,native,3,1,1,1,0,1,222890,223689
mixed_short_ordinary,6,before,3,native,4,1,1,1,0,1,352293,223386
mixed_short_ordinary,6,before,3,native,5,1,1,1,0,1,225453,224828
mixed_short_ordinary,6,before,3,native,6,1,1,1,0,1,223937,223523
mixed_short_ordinary,6,before,3,native,7,1,1,1,0,1,233874,223414
mixed_short_ordinary,6,before,3,native,8,1,1,1,0,1,223983,223496
mixed_short_ordinary,6,before,3,native,9,1,1,1,0,1,223836,223359
mixed_short_ordinary,6,before,3,native,10,1,1,1,0,1,240596,223331
mixed_short_ordinary,6,before,3,native,11,1,1,1,0,1,268341,223652
mixed_short_ordinary,6,before,3,native,12,1,1,1,0,1,226711,223854
mixed_short_ordinary,6,before,3,native,13,1,1,1,0,1,222431,223395
mixed_short_ordinary,6,before,3,native,14,1,1,1,0,1,227913,223395
mixed_short_ordinary,6,before,3,fixed_winner,0,5,1,1,23,1,219621,0
mixed_short_ordinary,6,before,3,fixed_winner,1,5,1,1,23,1,226040,0
mixed_short_ordinary,6,before,3,fixed_winner,2,5,1,1,23,1,230228,0
mixed_short_ordinary,6,before,3,fixed_winner,3,5,1,1,23,1,253656,0
mixed_short_ordinary,6,before,3,fixed_winner,4,5,1,1,23,1,247356,0
mixed_short_ordinary,6,before,3,fixed_winner,5,5,1,1,23,1,219997,0
mixed_short_ordinary,6,before,3,fixed_winner,6,5,1,1,23,1,227822,0
mixed_short_ordinary,6,before,3,fixed_winner,7,5,1,1,23,1,215415,0
mixed_short_ordinary,6,before,3,fixed_winner,8,5,1,1,23,1,227574,0
mixed_short_ordinary,6,before,3,fixed_winner,9,5,1,1,23,1,214624,0
mixed_short_ordinary,6,before,3,fixed_winner,10,5,1,1,23,1,221292,0
mixed_short_ordinary,6,before,3,fixed_winner,11,5,1,1,23,1,230871,0
mixed_short_ordinary,6,before,3,fixed_winner,12,5,1,1,23,1,219042,0
mixed_short_ordinary,6,before,3,fixed_winner,13,5,1,1,23,1,219529,0
mixed_short_ordinary,6,before,3,fixed_winner,14,5,1,1,23,1,215139,0
mixed_short_ordinary,6,after,4,native,0,1,1,1,0,1,228942,265234
mixed_short_ordinary,6,after,4,native,1,1,1,1,0,1,223321,265473
mixed_short_ordinary,6,after,4,native,2,1,1,1,0,1,221742,265289
mixed_short_ordinary,6,after,4,native,3,1,1,1,0,1,240229,265151
mixed_short_ordinary,6,after,4,native,4,1,1,1,0,1,274081,265601
mixed_short_ordinary,6,after,4,native,5,1,1,1,0,1,224231,265785
mixed_short_ordinary,6,after,4,native,6,1,1,1,0,1,223487,265270
mixed_short_ordinary,6,after,4,native,7,1,1,1,0,1,223753,265170
mixed_short_ordinary,6,after,4,native,8,1,1,1,0,1,232000,265271
mixed_short_ordinary,6,after,4,native,9,1,1,1,0,1,223983,265390
mixed_short_ordinary,6,after,4,native,10,1,1,1,0,1,224323,265280
mixed_short_ordinary,6,after,4,native,11,1,1,1,0,1,222468,265233
mixed_short_ordinary,6,after,4,native,12,1,1,1,0,1,222715,265161
mixed_short_ordinary,6,after,4,native,13,1,1,1,0,1,245721,275628
mixed_short_ordinary,6,after,4,native,14,1,1,1,0,1,222688,265185
mixed_short_ordinary,6,after,4,fixed_winner,0,5,1,1,23,1,311531,0
mixed_short_ordinary,6,after,4,fixed_winner,1,5,1,1,23,1,246089,0
mixed_short_ordinary,6,after,4,fixed_winner,2,5,1,1,23,1,244775,0
mixed_short_ordinary,6,after,4,fixed_winner,3,5,1,1,23,1,237584,0
mixed_short_ordinary,6,after,4,fixed_winner,4,5,1,1,23,1,230834,0
mixed_short_ordinary,6,after,4,fixed_winner,5,5,1,1,23,1,228685,0
mixed_short_ordinary,6,after,4,fixed_winner,6,5,1,1,23,1,229869,0
mixed_short_ordinary,6,after,4,fixed_winner,7,5,1,1,23,1,229943,0
mixed_short_ordinary,6,after,4,fixed_winner,8,5,1,1,23,1,232909,0
mixed_short_ordinary,6,after,4,fixed_winner,9,5,1,1,23,1,228208,0
mixed_short_ordinary,6,after,4,fixed_winner,10,5,1,1,23,1,228979,0
mixed_short_ordinary,6,after,4,fixed_winner,11,5,1,1,23,1,227537,0
mixed_short_ordinary,6,after,4,fixed_winner,12,5,1,1,23,1,227895,0
mixed_short_ordinary,6,after,4,fixed_winner,13,5,1,1,23,1,223239,0
mixed_short_ordinary,6,after,4,fixed_winner,14,5,1,1,23,1,230256,0
mixed_short_ordinary,6,before,4,native,0,1,1,1,8,1,233727,261631
mixed_short_ordinary,6,before,4,native,1,1,1,1,8,1,228649,261934
mixed_short_ordinary,6,before,4,native,2,1,1,1,8,1,228336,261705
mixed_short_ordinary,6,before,4,native,3,1,1,1,8,1,228024,261640
mixed_short_ordinary,6,before,4,native,4,1,1,1,8,1,227197,261622
mixed_short_ordinary,6,before,4,native,5,1,1,1,8,1,232533,268795
mixed_short_ordinary,6,before,4,native,6,1,1,1,8,1,225140,261438
mixed_short_ordinary,6,before,4,native,7,1,1,1,8,1,223965,261402
mixed_short_ordinary,6,before,4,native,8,1,1,1,8,1,229218,261393
mixed_short_ordinary,6,before,4,native,9,1,1,1,8,1,233901,261485
mixed_short_ordinary,6,before,4,native,10,1,1,1,8,1,254996,261476
mixed_short_ordinary,6,before,4,native,11,1,1,1,8,1,223138,261999
mixed_short_ordinary,6,before,4,native,12,1,1,1,8,1,222771,261430
mixed_short_ordinary,6,before,4,native,13,1,1,1,8,1,232074,269016
mixed_short_ordinary,6,before,4,native,14,1,1,1,8,1,224240,261256
mixed_short_ordinary,6,before,4,fixed_winner,0,5,1,1,23,1,229255,0
mixed_short_ordinary,6,before,4,fixed_winner,1,5,1,1,23,1,224856,0
mixed_short_ordinary,6,before,4,fixed_winner,2,5,1,1,23,1,245868,0
mixed_short_ordinary,6,before,4,fixed_winner,3,5,1,1,23,1,243563,0
mixed_short_ordinary,6,before,4,fixed_winner,4,5,1,1,23,1,243206,0
mixed_short_ordinary,6,before,4,fixed_winner,5,5,1,1,23,1,232320,0
mixed_short_ordinary,6,before,4,fixed_winner,6,5,1,1,23,1,236465,0
mixed_short_ordinary,6,before,4,fixed_winner,7,5,1,1,23,1,237519,0
mixed_short_ordinary,6,before,4,fixed_winner,8,5,1,1,23,1,243673,0
mixed_short_ordinary,6,before,4,fixed_winner,9,5,1,1,23,1,238356,0
mixed_short_ordinary,6,before,4,fixed_winner,10,5,1,1,23,1,228352,0
mixed_short_ordinary,6,before,4,fixed_winner,11,5,1,1,23,1,244338,0
mixed_short_ordinary,6,before,4,fixed_winner,12,5,1,1,23,1,232754,0
mixed_short_ordinary,6,before,4,fixed_winner,13,5,1,1,23,1,245887,0
mixed_short_ordinary,6,before,4,fixed_winner,14,5,1,1,23,1,242020,0
mixed_medium_ordinary,4,before,0,native,0,1,1,1,8,1,306913,278473
mixed_medium_ordinary,4,before,0,native,1,1,1,1,8,1,263032,279006
mixed_medium_ordinary,4,before,0,native,2,1,1,1,8,1,264116,278501
mixed_medium_ordinary,4,before,0,native,3,1,1,1,8,1,294551,278510
mixed_medium_ordinary,4,before,0,native,4,1,1,1,8,1,380055,278749
mixed_medium_ordinary,4,before,0,native,5,1,1,1,8,1,266127,279998
mixed_medium_ordinary,4,before,0,native,6,1,1,1,8,1,262619,278676
mixed_medium_ordinary,4,before,0,native,7,1,1,1,8,1,262334,278501
mixed_medium_ordinary,4,before,0,native,8,1,1,1,8,1,262280,278455
mixed_medium_ordinary,4,before,0,native,9,1,1,1,8,1,272685,278464
mixed_medium_ordinary,4,before,0,native,10,1,1,1,8,1,263978,278611
mixed_medium_ordinary,4,before,0,native,11,1,1,1,8,1,262527,278464
mixed_medium_ordinary,4,before,0,native,12,1,1,1,8,1,262849,278465
mixed_medium_ordinary,4,before,0,native,13,1,1,1,8,1,260856,278510
mixed_medium_ordinary,4,before,0,native,14,1,1,1,8,1,262518,278464
mixed_medium_ordinary,4,before,0,fixed_winner,0,3,3,1,4,1,248697,0
mixed_medium_ordinary,4,before,0,fixed_winner,1,3,3,1,4,1,296792,0
mixed_medium_ordinary,4,before,0,fixed_winner,2,3,3,1,4,1,429231,0
mixed_medium_ordinary,4,before,0,fixed_winner,3,3,3,1,4,1,288802,0
mixed_medium_ordinary,4,before,0,fixed_winner,4,3,3,1,4,1,257632,0
mixed_medium_ordinary,4,before,0,fixed_winner,5,3,3,1,4,1,250909,0
mixed_medium_ordinary,4,before,0,fixed_winner,6,3,3,1,4,1,269232,0
mixed_medium_ordinary,4,before,0,fixed_winner,7,3,3,1,4,1,247906,0
mixed_medium_ordinary,4,before,0,fixed_winner,8,3,3,1,4,1,356376,0
mixed_medium_ordinary,4,before,0,fixed_winner,9,3,3,1,4,1,418662,0
mixed_medium_ordinary,4,before,0,fixed_winner,10,3,3,1,4,1,277109,0
mixed_medium_ordinary,4,before,0,fixed_winner,11,3,3,1,4,1,261600,0
mixed_medium_ordinary,4,before,0,fixed_winner,12,3,3,1,4,1,260672,0
mixed_medium_ordinary,4,before,0,fixed_winner,13,3,3,1,4,1,259744,0
mixed_medium_ordinary,4,before,0,fixed_winner,14,3,3,1,4,1,245115,0
mixed_medium_ordinary,4,after,0,native,0,1,1,1,0,1,265677,271958
mixed_medium_ordinary,4,after,0,native,1,1,1,1,0,1,266293,272077
mixed_medium_ordinary,4,after,0,native,2,1,1,1,0,1,265723,271875
mixed_medium_ordinary,4,after,0,native,3,1,1,1,0,1,283411,271894
mixed_medium_ordinary,4,after,0,native,4,1,1,1,0,1,307004,272187
mixed_medium_ordinary,4,after,0,native,5,1,1,1,0,1,287002,284020
mixed_medium_ordinary,4,after,0,native,6,1,1,1,0,1,264429,270015
mixed_medium_ordinary,4,after,0,native,7,1,1,1,0,1,264153,269814
mixed_medium_ordinary,4,after,0,native,8,1,1,1,0,1,264126,269813
mixed_medium_ordinary,4,after,0,native,9,1,1,1,0,1,264088,269768
mixed_medium_ordinary,4,after,0,native,10,1,1,1,0,1,264097,269768
mixed_medium_ordinary,4,after,0,native,11,1,1,1,0,1,264116,269804
mixed_medium_ordinary,4,after,0,native,12,1,1,1,0,1,264364,269952
mixed_medium_ordinary,4,after,0,native,13,1,1,1,0,1,262619,269804
mixed_medium_ordinary,4,after,0,native,14,1,1,1,0,1,262573,269777
mixed_medium_ordinary,4,after,0,fixed_winner,0,3,3,1,4,1,337734,0
mixed_medium_ordinary,4,after,0,fixed_winner,1,3,3,1,4,1,286562,0
mixed_medium_ordinary,4,after,0,fixed_winner,2,3,3,1,4,1,252204,0
mixed_medium_ordinary,4,after,0,fixed_winner,3,3,3,1,4,1,250322,0
mixed_medium_ordinary,4,after,0,fixed_winner,4,3,3,1,4,1,253757,0
mixed_medium_ordinary,4,after,0,fixed_winner,5,3,3,1,4,1,248035,0
mixed_medium_ordinary,4,after,0,fixed_winner,6,3,3,1,4,1,257155,0
mixed_medium_ordinary,4,after,0,fixed_winner,7,3,3,1,4,1,248990,0
mixed_medium_ordinary,4,after,0,fixed_winner,8,3,3,1,4,1,251387,0
mixed_medium_ordinary,4,after,0,fixed_winner,9,3,3,1,4,1,250506,0
mixed_medium_ordinary,4,after,0,fixed_winner,10,3,3,1,4,1,248062,0
mixed_medium_ordinary,4,after,0,fixed_winner,11,3,3,1,4,1,264474,0
mixed_medium_ordinary,4,after,0,fixed_winner,12,3,3,1,4,1,247199,0
mixed_medium_ordinary,4,after,0,fixed_winner,13,3,3,1,4,1,245730,0
mixed_medium_ordinary,4,after,0,fixed_winner,14,3,3,1,4,1,291401,0
mixed_medium_ordinary,4,after,1,native,0,3,3,1,0,1,271178,286462
mixed_medium_ordinary,4,after,1,native,1,3,3,1,0,1,256071,286462
mixed_medium_ordinary,4,after,1,native,2,3,3,1,0,1,262353,286232
mixed_medium_ordinary,4,after,1,native,3,3,3,1,0,1,288636,286279
mixed_medium_ordinary,4,after,1,native,4,3,3,1,0,1,263611,286214
mixed_medium_ordinary,4,after,1,native,5,3,3,1,0,1,319619,297486
mixed_medium_ordinary,4,after,1,native,6,3,3,1,0,1,402996,285932
mixed_medium_ordinary,4,after,1,native,7,3,3,1,0,1,363844,286263
mixed_medium_ordinary,4,after,1,native,8,3,3,1,0,1,291638,286584
mixed_medium_ordinary,4,after,1,native,9,3,3,1,0,1,273905,285564
mixed_medium_ordinary,4,after,1,native,10,3,3,1,0,1,300374,285996
mixed_medium_ordinary,4,after,1,native,11,3,3,1,0,1,280941,285638
mixed_medium_ordinary,4,after,1,native,12,3,3,1,0,1,264878,285546
mixed_medium_ordinary,4,after,1,native,13,3,3,1,0,1,272002,285537
mixed_medium_ordinary,4,after,1,native,14,3,3,1,0,1,261474,285766
mixed_medium_ordinary,4,after,1,fixed_winner,0,3,3,1,4,1,258716,0
mixed_medium_ordinary,4,after,1,fixed_winner,1,3,3,1,4,1,253298,0
mixed_medium_ordinary,4,after,1,fixed_winner,2,3,3,1,4,1,250488,0
mixed_medium_ordinary,4,after,1,fixed_winner,3,3,3,1,4,1,249937,0
mixed_medium_ordinary,4,after,1,fixed_winner,4,3,3,1,4,1,249027,0
mixed_medium_ordinary,4,after,1,fixed_winner,5,3,3,1,4,1,248981,0
mixed_medium_ordinary,4,after,1,fixed_winner,6,3,3,1,4,1,247906,0
mixed_medium_ordinary,4,after,1,fixed_winner,7,3,3,1,4,1,250304,0
mixed_medium_ordinary,4,after,1,fixed_winner,8,3,3,1,4,1,249936,0
mixed_medium_ordinary,4,after,1,fixed_winner,9,3,3,1,4,1,290538,0
mixed_medium_ordinary,4,after,1,fixed_winner,10,3,3,1,4,1,250175,0
mixed_medium_ordinary,4,after,1,fixed_winner,11,3,3,1,4,1,251075,0
mixed_medium_ordinary,4,after,1,fixed_winner,12,3,3,1,4,1,251543,0
mixed_medium_ordinary,4,after,1,fixed_winner,13,3,3,1,4,1,251241,0
mixed_medium_ordinary,4,after,1,fixed_winner,14,3,3,1,4,1,249514,0
mixed_medium_ordinary,4,before,1,native,0,1,1,1,0,1,262637,270227
mixed_medium_ordinary,4,before,1,native,1,1,1,1,0,1,264281,270071
mixed_medium_ordinary,4,before,1,native,2,1,1,1,0,1,309208,270007
mixed_medium_ordinary,4,before,1,native,3,1,1,1,0,1,262913,270420
mixed_medium_ordinary,4,before,1,native,4,1,1,1,0,1,272079,269989
mixed_medium_ordinary,4,before,1,native,5,1,1,1,0,1,295276,300229
mixed_medium_ordinary,4,before,1,native,6,1,1,1,0,1,269351,269408
mixed_medium_ordinary,4,before,1,native,7,1,1,1,0,1,262784,269564
mixed_medium_ordinary,4,before,1,native,8,1,1,1,0,1,368952,269400
mixed_medium_ordinary,4,before,1,native,9,1,1,1,0,1,330321,271310
mixed_medium_ordinary,4,before,1,native,10,1,1,1,0,1,330092,269730
mixed_medium_ordinary,4,before,1,native,11,1,1,1,0,1,262592,269482
mixed_medium_ordinary,4,before,1,native,12,1,1,1,0,1,262776,269362
mixed_medium_ordinary,4,before,1,native,13,1,1,1,0,1,284182,279630
mixed_medium_ordinary,4,before,1,native,14,1,1,1,0,1,262876,268278
mixed_medium_ordinary,4,before,1,fixed_winner,0,3,3,1,4,1,252535,0
mixed_medium_ordinary,4,before,1,fixed_winner,1,3,3,1,4,1,261361,0
mixed_medium_ordinary,4,before,1,fixed_winner,2,3,3,1,4,1,248503,0
mixed_medium_ordinary,4,before,1,fixed_winner,3,3,3,1,4,1,261067,0
mixed_medium_ordinary,4,before,1,fixed_winner,4,3,3,1,4,1,250644,0
mixed_medium_ordinary,4,before,1,fixed_winner,5,3,3,1,4,1,286773,0
mixed_medium_ordinary,4,before,1,fixed_winner,6,3,3,1,4,1,254703,0
mixed_medium_ordinary,4,before,1,fixed_winner,7,3,3,1,4,1,291851,0
mixed_medium_ordinary,4,before,1,fixed_winner,8,3,3,1,4,1,264080,0
mixed_medium_ordinary,4,before,1,fixed_winner,9,3,3,1,4,1,246768,0
mixed_medium_ordinary,4,before,1,fixed_winner,10,3,3,1,4,1,249936,0
mixed_medium_ordinary,4,before,1,fixed_winner,11,3,3,1,4,1,249807,0
mixed_medium_ordinary,4,before,1,fixed_winner,12,3,3,1,4,1,254813,0
mixed_medium_ordinary,4,before,1,fixed_winner,13,3,3,1,4,1,251259,0
mixed_medium_ordinary,4,before,1,fixed_winner,14,3,3,1,4,1,312835,0
mixed_medium_ordinary,4,after,2,native,0,3,3,1,8,1,268285,283538
mixed_medium_ordinary,4,after,2,native,1,3,3,1,8,1,266357,283373
mixed_medium_ordinary,4,after,2,native,2,3,3,1,8,1,264052,283354
mixed_medium_ordinary,4,after,2,native,3,3,3,1,8,1,265062,283290
mixed_medium_ordinary,4,after,2,native,4,3,3,1,8,1,281399,283364
mixed_medium_ordinary,4,after,2,native,5,3,3,1,8,1,264961,283530
mixed_medium_ordinary,4,after,2,native,6,3,3,1,8,1,267955,283519
mixed_medium_ordinary,4,after,2,native,7,3,3,1,8,1,333049,283235
mixed_medium_ordinary,4,after,2,native,8,3,3,1,8,1,290611,283804
mixed_medium_ordinary,4,after,2,native,9,3,3,1,8,1,269571,283731
mixed_medium_ordinary,4,after,2,native,10,3,3,1,8,1,287076,283915
mixed_medium_ordinary,4,after,2,native,11,3,3,1,8,1,270535,283602
mixed_medium_ordinary,4,after,2,native,12,3,3,1,8,1,317069,283713
mixed_medium_ordinary,4,after,2,native,13,3,3,1,8,1,273557,283603
mixed_medium_ordinary,4,after,2,native,14,3,3,1,8,1,276652,283548
mixed_medium_ordinary,4,after,2,fixed_winner,0,3,3,1,4,1,383744,0
mixed_medium_ordinary,4,after,2,fixed_winner,1,3,3,1,4,1,257760,0
mixed_medium_ordinary,4,after,2,fixed_winner,2,3,3,1,4,1,253517,0
mixed_medium_ordinary,4,after,2,fixed_winner,3,3,3,1,4,1,274164,0
mixed_medium_ordinary,4,after,2,fixed_winner,4,3,3,1,4,1,297471,0
mixed_medium_ordinary,4,after,2,fixed_winner,5,3,3,1,4,1,255107,0
mixed_medium_ordinary,4,after,2,fixed_winner,6,3,3,1,4,1,283720,0
mixed_medium_ordinary,4,after,2,fixed_winner,7,3,3,1,4,1,293939,0
mixed_medium_ordinary,4,after,2,fixed_winner,8,3,3,1,4,1,267147,0
mixed_medium_ordinary,4,after,2,fixed_winner,9,3,3,1,4,1,262316,0
mixed_medium_ordinary,4,after,2,fixed_winner,10,3,3,1,4,1,367718,0
mixed_medium_ordinary,4,after,2,fixed_winner,11,3,3,1,4,1,340608,0
mixed_medium_ordinary,4,after,2,fixed_winner,12,3,3,1,4,1,307720,0
mixed_medium_ordinary,4,after,2,fixed_winner,13,3,3,1,4,1,290271,0
mixed_medium_ordinary,4,after,2,fixed_winner,14,3,3,1,4,1,261893,0
mixed_medium_ordinary,4,before,2,native,0,1,1,1,0,1,294615,291799
mixed_medium_ordinary,4,before,2,native,1,1,1,1,0,1,273438,291009
mixed_medium_ordinary,4,before,2,native,2,1,1,1,0,1,262509,290889
mixed_medium_ordinary,4,before,2,native,3,1,1,1,0,1,262307,290725
mixed_medium_ordinary,4,before,2,native,4,1,1,1,0,1,262600,290697
mixed_medium_ordinary,4,before,2,native,5,1,1,1,0,1,292549,315791
mixed_medium_ordinary,4,before,2,native,6,1,1,1,0,1,265586,288781
mixed_medium_ordinary,4,before,2,native,7,1,1,1,0,1,273649,288643
mixed_medium_ordinary,4,before,2,native,8,1,1,1,0,1,269727,288790
mixed_medium_ordinary,4,before,2,native,9,1,1,1,0,1,268699,288690
mixed_medium_ordinary,4,before,2,native,10,1,1,1,0,1,284229,288643
mixed_medium_ordinary,4,before,2,native,11,1,1,1,0,1,311091,288928
mixed_medium_ordinary,4,before,2,native,12,1,1,1,0,1,284045,289158
mixed_medium_ordinary,4,before,2,native,13,1,1,1,0,1,278461,288763
mixed_medium_ordinary,4,before,2,native,14,1,1,1,0,1,274044,288818
mixed_medium_ordinary,4,before,2,fixed_winner,0,3,3,1,4,1,267789,0
mixed_medium_ordinary,4,before,2,fixed_winner,1,3,3,1,4,1,262518,0
mixed_medium_ordinary,4,before,2,fixed_winner,2,3,3,1,4,1,254813,0
mixed_medium_ordinary,4,before,2,fixed_winner,3,3,3,1,4,1,283393,0
mixed_medium_ordinary,4,before,2,fixed_winner,4,3,3,1,4,1,253123,0
mixed_medium_ordinary,4,before,2,fixed_winner,5,3,3,1,4,1,253638,0
mixed_medium_ordinary,4,before,2,fixed_winner,6,3,3,1,4,1,256044,0
mixed_medium_ordinary,4,before,2,fixed_winner,7,3,3,1,4,1,252416,0
mixed_medium_ordinary,4,before,2,fixed_winner,8,3,3,1,4,1,253142,0
mixed_medium_ordinary,4,before,2,fixed_winner,9,3,3,1,4,1,252921,0
mixed_medium_ordinary,4,before,2,fixed_winner,10,3,3,1,4,1,252994,0
mixed_medium_ordinary,4,before,2,fixed_winner,11,3,3,1,4,1,362731,0
mixed_medium_ordinary,4,before,2,fixed_winner,12,3,3,1,4,1,318208,0
mixed_medium_ordinary,4,before,2,fixed_winner,13,3,3,1,4,1,321479,0
mixed_medium_ordinary,4,before,2,fixed_winner,14,3,3,1,4,1,355769,0
mixed_medium_ordinary,4,before,3,native,0,1,1,1,0,1,309134,268870
mixed_medium_ordinary,4,before,3,native,1,1,1,1,0,1,268157,268833
mixed_medium_ordinary,4,before,3,native,2,1,1,1,0,1,265531,268264
mixed_medium_ordinary,4,before,3,native,3,1,1,1,0,1,265484,268237
mixed_medium_ordinary,4,before,3,native,4,1,1,1,0,1,265806,268227
mixed_medium_ordinary,4,before,3,native,5,1,1,1,0,1,293026,294673
mixed_medium_ordinary,4,before,3,native,6,1,1,1,0,1,275550,267332
mixed_medium_ordinary,4,before,3,native,7,1,1,1,0,1,268864,267396
mixed_medium_ordinary,4,before,3,native,8,1,1,1,0,1,268718,267277
mixed_medium_ordinary,4,before,3,native,9,1,1,1,0,1,275348,267250
mixed_medium_ordinary,4,before,3,native,10,1,1,1,0,1,272336,267397
mixed_medium_ordinary,4,before,3,native,11,1,1,1,0,1,270370,267314
mixed_medium_ordinary,4,before,3,native,12,1,1,1,0,1,273042,267489
mixed_medium_ordinary,4,before,3,native,13,1,1,1,0,1,306747,274240
mixed_medium_ordinary,4,before,3,native,14,1,1,1,0,1,320706,267610
mixed_medium_ordinary,4,before,3,fixed_winner,0,3,3,1,4,1,365487,0
mixed_medium_ordinary,4,before,3,fixed_winner,1,3,3,1,4,1,315573,0
mixed_medium_ordinary,4,before,3,fixed_winner,2,3,3,1,4,1,265943,0
mixed_medium_ordinary,4,before,3,fixed_winner,3,3,3,1,4,1,262830,0
mixed_medium_ordinary,4,before,3,fixed_winner,4,3,3,1,4,1,267304,0
mixed_medium_ordinary,4,before,3,fixed_winner,5,3,3,1,4,1,590368,0
mixed_medium_ordinary,4,before,3,fixed_winner,6,3,3,1,4,1,296204,0
mixed_medium_ordinary,4,before,3,fixed_winner,7,3,3,1,4,1,291374,0
mixed_medium_ordinary,4,before,3,fixed_winner,8,3,3,1,4,1,286975,0
mixed_medium_ordinary,4,before,3,fixed_winner,9,3,3,1,4,1,307638,0
mixed_medium_ordinary,4,before,3,fixed_winner,10,3,3,1,4,1,259910,0
mixed_medium_ordinary,4,before,3,fixed_winner,11,3,3,1,4,1,257044,0
mixed_medium_ordinary,4,before,3,fixed_winner,12,3,3,1,4,1,294477,0
mixed_medium_ordinary,4,before,3,fixed_winner,13,3,3,1,4,1,269728,0
mixed_medium_ordinary,4,before,3,fixed_winner,14,3,3,1,4,1,260011,0
mixed_medium_ordinary,4,after,3,native,0,1,1,1,0,1,264704,294293
mixed_medium_ordinary,4,after,3,native,1,1,1,1,0,1,264125,293861
mixed_medium_ordinary,4,after,3,native,2,1,1,1,0,1,263904,293696
mixed_medium_ordinary,4,after,3,native,3,1,1,1,0,1,280499,293779
mixed_medium_ordinary,4,after,3,native,4,1,1,1,0,1,264621,293999
mixed_medium_ordinary,4,after,3,native,5,1,1,1,0,1,264070,293788
mixed_medium_ordinary,4,after,3,native,6,1,1,1,0,1,271482,293751
mixed_medium_ordinary,4,after,3,native,7,1,1,1,0,1,265383,293834
mixed_medium_ordinary,4,after,3,native,8,1,1,1,0,1,265567,293788
mixed_medium_ordinary,4,after,3,native,9,1,1,1,0,1,265475,293715
mixed_medium_ordinary,4,after,3,native,10,1,1,1,0,1,265522,293733
mixed_medium_ordinary,4,after,3,native,11,1,1,1,0,1,265549,293779
mixed_medium_ordinary,4,after,3,native,12,1,1,1,0,1,291539,293687
mixed_medium_ordinary,4,after,3,native,13,1,1,1,0,1,331048,290353
mixed_medium_ordinary,4,after,3,native,14,1,1,1,0,1,266082,282491
mixed_medium_ordinary,4,after,3,fixed_winner,0,3,3,1,4,1,252242,0
mixed_medium_ordinary,4,after,3,fixed_winner,1,3,3,1,4,1,252278,0
mixed_medium_ordinary,4,after,3,fixed_winner,2,3,3,1,4,1,251332,0
mixed_medium_ordinary,4,after,3,fixed_winner,3,3,3,1,4,1,251800,0
mixed_medium_ordinary,4,after,3,fixed_winner,4,3,3,1,4,1,250790,0
mixed_medium_ordinary,4,after,3,fixed_winner,5,3,3,1,4,1,250341,0
mixed_medium_ordinary,4,after,3,fixed_winner,6,3,3,1,4,1,250193,0
mixed_medium_ordinary,4,after,3,fixed_winner,7,3,3,1,4,1,259414,0
mixed_medium_ordinary,4,after,3,fixed_winner,8,3,3,1,4,1,254308,0
mixed_medium_ordinary,4,after,3,fixed_winner,9,3,3,1,4,1,259579,0
mixed_medium_ordinary,4,after,3,fixed_winner,10,3,3,1,4,1,278884,0
mixed_medium_ordinary,4,after,3,fixed_winner,11,3,3,1,4,1,486409,0
mixed_medium_ordinary,4,after,3,fixed_winner,12,3,3,1,4,1,272069,0
mixed_medium_ordinary,4,after,3,fixed_winner,13,3,3,1,4,1,291985,0
mixed_medium_ordinary,4,after,3,fixed_winner,14,3,3,1,4,1,332631,0
mixed_medium_ordinary,4,before,4,native,0,1,1,1,0,1,271068,271637
mixed_medium_ordinary,4,before,4,native,1,1,1,1,0,1,262527,271803
mixed_medium_ordinary,4,before,4,native,2,1,1,1,0,1,262381,271684
mixed_medium_ordinary,4,before,4,native,3,1,1,1,0,1,265043,271675
mixed_medium_ordinary,4,before,4,native,4,1,1,1,0,1,267624,271684
mixed_medium_ordinary,4,before,4,native,5,1,1,1,0,1,291447,294515
mixed_medium_ordinary,4,before,4,native,6,1,1,1,0,1,273153,270618
mixed_medium_ordinary,4,before,4,native,7,1,1,1,0,1,267248,270609
mixed_medium_ordinary,4,before,4,native,8,1,1,1,0,1,267137,270527
mixed_medium_ordinary,4,before,4,native,9,1,1,1,0,1,286001,270536
mixed_medium_ordinary,4,before,4,native,10,1,1,1,0,1,303009,270784
mixed_medium_ordinary,4,before,4,native,11,1,1,1,0,1,269296,270921
mixed_medium_ordinary,4,before,4,native,12,1,1,1,0,1,278626,270545
mixed_medium_ordinary,4,before,4,native,13,1,1,1,0,1,277101,280253
mixed_medium_ordinary,4,before,4,native,14,1,1,1,0,1,270958,272364
mixed_medium_ordinary,4,before,4,fixed_winner,0,3,3,1,4,1,298821,0
mixed_medium_ordinary,4,before,4,fixed_winner,1,3,3,1,4,1,440141,0
mixed_medium_ordinary,4,before,4,fixed_winner,2,3,3,1,4,1,257890,0
mixed_medium_ordinary,4,before,4,fixed_winner,3,3,3,1,4,1,256282,0
mixed_medium_ordinary,4,before,4,fixed_winner,4,3,3,1,4,1,255474,0
mixed_medium_ordinary,4,before,4,fixed_winner,5,3,3,1,4,1,246896,0
mixed_medium_ordinary,4,before,4,fixed_winner,6,3,3,1,4,1,245445,0
mixed_medium_ordinary,4,before,4,fixed_winner,7,3,3,1,4,1,259130,0
mixed_medium_ordinary,4,before,4,fixed_winner,8,3,3,1,4,1,252572,0
mixed_medium_ordinary,4,before,4,fixed_winner,9,3,3,1,4,1,244178,0
mixed_medium_ordinary,4,before,4,fixed_winner,10,3,3,1,4,1,246446,0
mixed_medium_ordinary,4,before,4,fixed_winner,11,3,3,1,4,1,242755,0
mixed_medium_ordinary,4,before,4,fixed_winner,12,3,3,1,4,1,243003,0
mixed_medium_ordinary,4,before,4,fixed_winner,13,3,3,1,4,1,248357,0
mixed_medium_ordinary,4,before,4,fixed_winner,14,3,3,1,4,1,241644,0
mixed_medium_ordinary,4,after,4,native,0,1,1,1,8,1,407438,277912
mixed_medium_ordinary,4,after,4,native,1,1,1,1,8,1,419680,278012
mixed_medium_ordinary,4,after,4,native,2,1,1,1,8,1,451383,277902
mixed_medium_ordinary,4,after,4,native,3,1,1,1,8,1,679020,279344
mixed_medium_ordinary,4,after,4,native,4,1,1,1,8,1,445028,279463
mixed_medium_ordinary,4,after,4,native,5,1,1,1,8,1,283025,296119
mixed_medium_ordinary,4,after,4,native,6,1,1,1,8,1,268534,281379
mixed_medium_ordinary,4,after,4,native,7,1,1,1,8,1,268065,281094
mixed_medium_ordinary,4,after,4,native,8,1,1,1,8,1,278875,281067
mixed_medium_ordinary,4,after,4,native,9,1,1,1,8,1,294000,281232
mixed_medium_ordinary,4,after,4,native,10,1,1,1,8,1,267403,281297
mixed_medium_ordinary,4,after,4,native,11,1,1,1,8,1,283108,281049
mixed_medium_ordinary,4,after,4,native,12,1,1,1,8,1,275431,281508
mixed_medium_ordinary,4,after,4,native,13,1,1,1,8,1,267312,281158
mixed_medium_ordinary,4,after,4,native,14,1,1,1,8,1,267110,281048
mixed_medium_ordinary,4,after,4,fixed_winner,0,3,3,1,4,1,251553,0
mixed_medium_ordinary,4,after,4,fixed_winner,1,3,3,1,4,1,250634,0
mixed_medium_ordinary,4,after,4,fixed_winner,2,3,3,1,4,1,246070,0
mixed_medium_ordinary,4,after,4,fixed_winner,3,3,3,1,4,1,247006,0
mixed_medium_ordinary,4,after,4,fixed_winner,4,3,3,1,4,1,252646,0
mixed_medium_ordinary,4,after,4,fixed_winner,5,3,3,1,4,1,246547,0
mixed_medium_ordinary,4,after,4,fixed_winner,6,3,3,1,4,1,402102,0
mixed_medium_ordinary,4,after,4,fixed_winner,7,3,3,1,4,1,280371,0
mixed_medium_ordinary,4,after,4,fixed_winner,8,3,3,1,4,1,251755,0
mixed_medium_ordinary,4,after,4,fixed_winner,9,3,3,1,4,1,252168,0
mixed_medium_ordinary,4,after,4,fixed_winner,10,3,3,1,4,1,246575,0
mixed_medium_ordinary,4,after,4,fixed_winner,11,3,3,1,4,1,252608,0
mixed_medium_ordinary,4,after,4,fixed_winner,12,3,3,1,4,1,252407,0
mixed_medium_ordinary,4,after,4,fixed_winner,13,3,3,1,4,1,317456,0
mixed_medium_ordinary,4,after,4,fixed_winner,14,3,3,1,4,1,249386,0
mixed_medium_ordinary,6,after,0,native,0,1,1,1,0,1,273915,275696
mixed_medium_ordinary,6,after,0,native,1,1,1,1,0,1,272042,275760
mixed_medium_ordinary,6,after,0,native,2,1,1,1,0,1,268763,275659
mixed_medium_ordinary,6,after,0,native,3,1,1,1,0,1,268745,275668
mixed_medium_ordinary,6,after,0,native,4,1,1,1,0,1,300750,275631
mixed_medium_ordinary,6,after,0,native,5,1,1,1,0,1,362584,288445
mixed_medium_ordinary,6,after,0,native,6,1,1,1,0,1,266476,275295
mixed_medium_ordinary,6,after,0,native,7,1,1,1,0,1,265594,274551
mixed_medium_ordinary,6,after,0,native,8,1,1,1,0,1,264235,274487
mixed_medium_ordinary,6,after,0,native,9,1,1,1,0,1,275109,274496
mixed_medium_ordinary,6,after,0,native,10,1,1,1,0,1,273869,274606
mixed_medium_ordinary,6,after,0,native,11,1,1,1,0,1,442281,274689
mixed_medium_ordinary,6,after,0,native,12,1,1,1,0,1,652121,277884
mixed_medium_ordinary,6,after,0,native,13,1,1,1,0,1,371290,277021
mixed_medium_ordinary,6,after,0,native,14,1,1,1,0,1,407346,275736
mixed_medium_ordinary,6,after,0,fixed_winner,0,5,5,1,35,1,324435,0
mixed_medium_ordinary,6,after,0,fixed_winner,1,5,5,1,35,1,328880,0
mixed_medium_ordinary,6,after,0,fixed_winner,2,5,5,1,35,1,318842,0
mixed_medium_ordinary,6,after,0,fixed_winner,3,5,5,1,35,1,349484,0
mixed_medium_ordinary,6,after,0,fixed_winner,4,5,5,1,35,1,357647,0
mixed_medium_ordinary,6,after,0,fixed_winner,5,5,5,1,35,1,315031,0
mixed_medium_ordinary,6,after,0,fixed_winner,6,5,5,1,35,1,326272,0
mixed_medium_ordinary,6,after,0,fixed_winner,7,5,5,1,35,1,319779,0
mixed_medium_ordinary,6,after,0,fixed_winner,8,5,5,1,35,1,335976,0
mixed_medium_ordinary,6,after,0,fixed_winner,9,5,5,1,35,1,337360,0
mixed_medium_ordinary,6,after,0,fixed_winner,10,5,5,1,35,1,325868,0
mixed_medium_ordinary,6,after,0,fixed_winner,11,5,5,1,35,1,508680,0
mixed_medium_ordinary,6,after,0,fixed_winner,12,5,5,1,35,1,451134,0
mixed_medium_ordinary,6,after,0,fixed_winner,13,5,5,1,35,1,356860,0
mixed_medium_ordinary,6,after,0,fixed_winner,14,5,5,1,35,1,311486,0
mixed_medium_ordinary,6,before,0,native,0,1,1,1,8,1,265851,297946
mixed_medium_ordinary,6,before,0,native,1,1,1,1,8,1,265851,297936
mixed_medium_ordinary,6,before,0,native,2,1,1,1,8,1,265815,297919
mixed_medium_ordinary,6,before,0,native,3,1,1,1,8,1,275742,297882
mixed_medium_ordinary,6,before,0,native,4,1,1,1,8,1,266347,297992
mixed_medium_ordinary,6,before,0,native,5,1,1,1,8,1,358139,327817
mixed_medium_ordinary,6,before,0,native,6,1,1,1,8,1,276413,296740
mixed_medium_ordinary,6,before,0,native,7,1,1,1,8,1,266100,296418
mixed_medium_ordinary,6,before,0,native,8,1,1,1,8,1,286598,296207
mixed_medium_ordinary,6,before,0,native,9,1,1,1,8,1,266072,296427
mixed_medium_ordinary,6,before,0,native,10,1,1,1,8,1,265815,296244
mixed_medium_ordinary,6,before,0,native,11,1,1,1,8,1,275136,296179
mixed_medium_ordinary,6,before,0,native,12,1,1,1,8,1,266375,296372
mixed_medium_ordinary,6,before,0,native,13,1,1,1,8,1,263987,296197
mixed_medium_ordinary,6,before,0,native,14,1,1,1,8,1,273502,296216
mixed_medium_ordinary,6,before,0,fixed_winner,0,5,5,1,35,1,333205,0
mixed_medium_ordinary,6,before,0,fixed_winner,1,5,5,1,35,1,305746,0
mixed_medium_ordinary,6,before,0,fixed_winner,2,5,5,1,35,1,279260,0
mixed_medium_ordinary,6,before,0,fixed_winner,3,5,5,1,35,1,300933,0
mixed_medium_ordinary,6,before,0,fixed_winner,4,5,5,1,35,1,267019,0
mixed_medium_ordinary,6,before,0,fixed_winner,5,5,5,1,35,1,276983,0
mixed_medium_ordinary,6,before,0,fixed_winner,6,5,5,1,35,1,302201,0
mixed_medium_ordinary,6,before,0,fixed_winner,7,5,5,1,35,1,278994,0
mixed_medium_ordinary,6,before,0,fixed_winner,8,5,5,1,35,1,317783,0
mixed_medium_ordinary,6,before,0,fixed_winner,9,5,5,1,35,1,303582,0
mixed_medium_ordinary,6,before,0,fixed_winner,10,5,5,1,35,1,264942,0
mixed_medium_ordinary,6,before,0,fixed_winner,11,5,5,1,35,1,270122,0
mixed_medium_ordinary,6,before,0,fixed_winner,12,5,5,1,35,1,275302,0
mixed_medium_ordinary,6,before,0,fixed_winner,13,5,5,1,35,1,275082,0
mixed_medium_ordinary,6,before,0,fixed_winner,14,5,5,1,35,1,270902,0
mixed_medium_ordinary,6,after,1,native,0,1,1,1,0,1,263877,303979
mixed_medium_ordinary,6,after,1,native,1,1,1,1,0,1,265952,304164
mixed_medium_ordinary,6,after,1,native,2,1,1,1,0,1,268708,304044
mixed_medium_ordinary,6,after,1,native,3,1,1,1,0,1,266825,304044
mixed_medium_ordinary,6,after,1,native,4,1,1,1,0,1,266228,305146
mixed_medium_ordinary,6,after,1,native,5,1,1,1,0,1,283678,312694
mixed_medium_ordinary,6,after,1,native,6,1,1,1,0,1,264079,303575
mixed_medium_ordinary,6,after,1,native,7,1,1,1,0,1,277772,303410
mixed_medium_ordinary,6,after,1,native,8,1,1,1,0,1,264052,303556
mixed_medium_ordinary,6,after,1,native,9,1,1,1,0,1,263933,303465
mixed_medium_ordinary,6,after,1,native,10,1,1,1,0,1,265163,303400
mixed_medium_ordinary,6,after,1,native,11,1,1,1,0,1,271399,303428
mixed_medium_ordinary,6,after,1,native,12,1,1,1,0,1,265926,303520
mixed_medium_ordinary,6,after,1,native,13,1,1,1,0,1,273538,310973
mixed_medium_ordinary,6,after,1,native,14,1,1,1,0,1,265604,303112
mixed_medium_ordinary,6,after,1,fixed_winner,0,5,5,1,35,1,412471,0
mixed_medium_ordinary,6,after,1,fixed_winner,1,5,5,1,35,1,313865,0
mixed_medium_ordinary,6,after,1,fixed_winner,2,5,5,1,35,1,300382,0
mixed_medium_ordinary,6,after,1,fixed_winner,3,5,5,1,35,1,299060,0
mixed_medium_ordinary,6,after,1,fixed_winner,4,5,5,1,35,1,303285,0
mixed_medium_ordinary,6,after,1,fixed_winner,5,5,5,1,35,1,273869,0
mixed_medium_ordinary,6,after,1,fixed_winner,6,5,5,1,35,1,299629,0
mixed_medium_ordinary,6,after,1,fixed_winner,7,5,5,1,35,1,301126,0
mixed_medium_ordinary,6,after,1,fixed_winner,8,5,5,1,35,1,291263,0
mixed_medium_ordinary,6,after,1,fixed_winner,9,5,5,1,35,1,308189,0
mixed_medium_ordinary,6,after,1,fixed_winner,10,5,5,1,35,1,303304,0
mixed_medium_ordinary,6,after,1,fixed_winner,11,5,5,1,35,1,328834,0
mixed_medium_ordinary,6,after,1,fixed_winner,12,5,5,1,35,1,370667,0
mixed_medium_ordinary,6,after,1,fixed_winner,13,5,5,1,35,1,318934,0
mixed_medium_ordinary,6,after,1,fixed_winner,14,5,5,1,35,1,314058,0
mixed_medium_ordinary,6,before,1,native,0,1,1,1,0,1,266633,268411
mixed_medium_ordinary,6,before,1,native,1,1,1,1,0,1,266118,267273
mixed_medium_ordinary,6,before,1,native,2,1,1,1,0,1,263877,267006
mixed_medium_ordinary,6,before,1,native,3,1,1,1,0,1,263886,267024
mixed_medium_ordinary,6,before,1,native,4,1,1,1,0,1,274475,266987
mixed_medium_ordinary,6,before,1,native,5,1,1,1,0,1,270140,267162
mixed_medium_ordinary,6,before,1,native,6,1,1,1,0,1,265861,267116
mixed_medium_ordinary,6,before,1,native,7,1,1,1,0,1,264089,267061
mixed_medium_ordinary,6,before,1,native,8,1,1,1,0,1,320589,267043
mixed_medium_ordinary,6,before,1,native,9,1,1,1,0,1,451493,268237
mixed_medium_ordinary,6,before,1,native,10,1,1,1,0,1,379683,268888
mixed_medium_ordinary,6,before,1,native,11,1,1,1,0,1,276220,268264
mixed_medium_ordinary,6,before,1,native,12,1,1,1,0,1,327530,267235
mixed_medium_ordinary,6,before,1,native,13,1,1,1,0,1,459767,327080
mixed_medium_ordinary,6,before,1,native,14,1,1,1,0,1,396996,267036
mixed_medium_ordinary,6,before,1,fixed_winner,0,5,5,1,35,1,326804,0
mixed_medium_ordinary,6,before,1,fixed_winner,1,5,5,1,35,1,297756,0
mixed_medium_ordinary,6,before,1,fixed_winner,2,5,5,1,35,1,292017,0
mixed_medium_ordinary,6,before,1,fixed_winner,3,5,5,1,35,1,303157,0
mixed_medium_ordinary,6,before,1,fixed_winner,4,5,5,1,35,1,304396,0
mixed_medium_ordinary,6,before,1,fixed_winner,5,5,5,1,35,1,284265,0
mixed_medium_ordinary,6,before,1,fixed_winner,6,5,5,1,35,1,282428,0
mixed_medium_ordinary,6,before,1,fixed_winner,7,5,5,1,35,1,291098,0
mixed_medium_ordinary,6,before,1,fixed_winner,8,5,5,1,35,1,294734,0
mixed_medium_ordinary,6,before,1,fixed_winner,9,5,5,1,35,1,346687,0
mixed_medium_ordinary,6,before,1,fixed_winner,10,5,5,1,35,1,278305,0
mixed_medium_ordinary,6,before,1,fixed_winner,11,5,5,1,35,1,292990,0
mixed_medium_ordinary,6,before,1,fixed_winner,12,5,5,1,35,1,284440,0
mixed_medium_ordinary,6,before,1,fixed_winner,13,5,5,1,35,1,293918,0
mixed_medium_ordinary,6,before,1,fixed_winner,14,5,5,1,35,1,276165,0
mixed_medium_ordinary,6,before,2,native,0,1,1,1,0,1,394443,291235
mixed_medium_ordinary,6,before,2,native,1,1,1,1,0,1,456470,291363
mixed_medium_ordinary,6,before,2,native,2,1,1,1,0,1,434200,291391
mixed_medium_ordinary,6,before,2,native,3,1,1,1,0,1,452813,291216
mixed_medium_ordinary,6,before,2,native,4,1,1,1,0,1,334004,291860
mixed_medium_ordinary,6,before,2,native,5,1,1,1,0,1,321432,290987
mixed_medium_ordinary,6,before,2,native,6,1,1,1,0,1,265567,290509
mixed_medium_ordinary,6,before,2,native,7,1,1,1,0,1,265558,290527
mixed_medium_ordinary,6,before,2,native,8,1,1,1,0,1,277121,290555
mixed_medium_ordinary,6,before,2,native,9,1,1,1,0,1,267312,290675
mixed_medium_ordinary,6,before,2,native,10,1,1,1,0,1,267091,290509
mixed_medium_ordinary,6,before,2,native,11,1,1,1,0,1,267101,290528
mixed_medium_ordinary,6,before,2,native,12,1,1,1,0,1,267423,290500
mixed_medium_ordinary,6,before,2,native,13,1,1,1,0,1,275237,299840
mixed_medium_ordinary,6,before,2,native,14,1,1,1,0,1,274136,291868
mixed_medium_ordinary,6,before,2,fixed_winner,0,5,5,1,35,1,308657,0
mixed_medium_ordinary,6,before,2,fixed_winner,1,5,5,1,35,1,343088,0
mixed_medium_ordinary,6,before,2,fixed_winner,2,5,5,1,35,1,270085,0
mixed_medium_ordinary,6,before,2,fixed_winner,3,5,5,1,35,1,316436,0
mixed_medium_ordinary,6,before,2,fixed_winner,4,5,5,1,35,1,317208,0
mixed_medium_ordinary,6,before,2,fixed_winner,5,5,5,1,35,1,314958,0
mixed_medium_ordinary,6,before,2,fixed_winner,6,5,5,1,35,1,318879,0
mixed_medium_ordinary,6,before,2,fixed_winner,7,5,5,1,35,1,314728,0
mixed_medium_ordinary,6,before,2,fixed_winner,8,5,5,1,35,1,297949,0
mixed_medium_ordinary,6,before,2,fixed_winner,9,5,5,1,35,1,330246,0
mixed_medium_ordinary,6,before,2,fixed_winner,10,5,5,1,35,1,313142,0
mixed_medium_ordinary,6,before,2,fixed_winner,11,5,5,1,35,1,302807,0
mixed_medium_ordinary,6,before,2,fixed_winner,12,5,5,1,35,1,318264,0
mixed_medium_ordinary,6,before,2,fixed_winner,13,5,5,1,35,1,313589,0
mixed_medium_ordinary,6,before,2,fixed_winner,14,5,5,1,35,1,312138,0
mixed_medium_ordinary,6,after,2,native,0,1,1,1,8,1,410817,363113
mixed_medium_ordinary,6,after,2,native,1,1,1,1,8,1,402056,363306
mixed_medium_ordinary,6,after,2,native,2,1,1,1,8,1,395343,363204
mixed_medium_ordinary,6,after,2,native,3,1,1,1,8,1,398971,363085
mixed_medium_ordinary,6,after,2,native,4,1,1,1,8,1,423859,363122
mixed_medium_ordinary,6,after,2,native,5,1,1,1,8,1,451943,363224
mixed_medium_ordinary,6,after,2,native,6,1,1,1,8,1,403728,363637
mixed_medium_ordinary,6,after,2,native,7,1,1,1,8,1,403644,363204
mixed_medium_ordinary,6,after,2,native,8,1,1,1,8,1,426439,363168
mixed_medium_ordinary,6,after,2,native,9,1,1,1,8,1,402175,363233
mixed_medium_ordinary,6,after,2,native,10,1,1,1,8,1,404536,363095
mixed_medium_ordinary,6,after,2,native,11,1,1,1,8,1,401845,363141
mixed_medium_ordinary,6,after,2,native,12,1,1,1,8,1,413343,363122
mixed_medium_ordinary,6,after,2,native,13,1,1,1,8,1,434631,378240
mixed_medium_ordinary,6,after,2,native,14,1,1,1,8,1,439756,364713
mixed_medium_ordinary,6,after,2,fixed_winner,0,5,5,1,35,1,376070,0
mixed_medium_ordinary,6,after,2,fixed_winner,1,5,5,1,35,1,344557,0
mixed_medium_ordinary,6,after,2,fixed_winner,2,5,5,1,35,1,374185,0
mixed_medium_ordinary,6,after,2,fixed_winner,3,5,5,1,35,1,367690,0
mixed_medium_ordinary,6,after,2,fixed_winner,4,5,5,1,35,1,365633,0
mixed_medium_ordinary,6,after,2,fixed_winner,5,5,5,1,35,1,363925,0
mixed_medium_ordinary,6,after,2,fixed_winner,6,5,5,1,35,1,367783,0
mixed_medium_ordinary,6,after,2,fixed_winner,7,5,5,1,35,1,447689,0
mixed_medium_ordinary,6,after,2,fixed_winner,8,5,5,1,35,1,360083,0
mixed_medium_ordinary,6,after,2,fixed_winner,9,5,5,1,35,1,361592,0
mixed_medium_ordinary,6,after,2,fixed_winner,10,5,5,1,35,1,377475,0
mixed_medium_ordinary,6,after,2,fixed_winner,11,5,5,1,35,1,359683,0
mixed_medium_ordinary,6,after,2,fixed_winner,12,5,5,1,35,1,374779,0
mixed_medium_ordinary,6,after,2,fixed_winner,13,5,5,1,35,1,378304,0
mixed_medium_ordinary,6,after,2,fixed_winner,14,5,5,1,35,1,345790,0
mixed_medium_ordinary,6,before,3,native,0,1,1,1,0,1,399191,409440
mixed_medium_ordinary,6,before,3,native,1,1,1,1,0,1,492231,408981
mixed_medium_ordinary,6,before,3,native,2,1,1,1,0,1,282428,408650
mixed_medium_ordinary,6,before,3,native,3,1,1,1,0,1,272115,407575
mixed_medium_ordinary,6,before,3,native,4,1,1,1,0,1,272620,407144
mixed_medium_ordinary,6,before,3,native,5,1,1,1,0,1,281620,407107
mixed_medium_ordinary,6,before,3,native,6,1,1,1,0,1,424806,408155
mixed_medium_ordinary,6,before,3,native,7,1,1,1,0,1,346338,409183
mixed_medium_ordinary,6,before,3,native,8,1,1,1,0,1,401018,407934
mixed_medium_ordinary,6,before,3,native,9,1,1,1,0,1,428865,408733
mixed_medium_ordinary,6,before,3,native,10,1,1,1,0,1,401625,408632
mixed_medium_ordinary,6,before,3,native,11,1,1,1,0,1,436836,408127
mixed_medium_ordinary,6,before,3,native,12,1,1,1,0,1,501222,408109
mixed_medium_ordinary,6,before,3,native,13,1,1,1,0,1,441455,440030
mixed_medium_ordinary,6,before,3,native,14,1,1,1,0,1,398777,402918
mixed_medium_ordinary,6,before,3,fixed_winner,0,5,5,1,35,1,386779,0
mixed_medium_ordinary,6,before,3,fixed_winner,1,5,5,1,35,1,462347,0
mixed_medium_ordinary,6,before,3,fixed_winner,2,5,5,1,35,1,402130,0
mixed_medium_ordinary,6,before,3,fixed_winner,3,5,5,1,35,1,926597,0
mixed_medium_ordinary,6,before,3,fixed_winner,4,5,5,1,35,1,394599,0
mixed_medium_ordinary,6,before,3,fixed_winner,5,5,5,1,35,1,367470,0
mixed_medium_ordinary,6,before,3,fixed_winner,6,5,5,1,35,1,386757,0
mixed_medium_ordinary,6,before,3,fixed_winner,7,5,5,1,35,1,383972,0
mixed_medium_ordinary,6,before,3,fixed_winner,8,5,5,1,35,1,367779,0
mixed_medium_ordinary,6,before,3,fixed_winner,9,5,5,1,35,1,602097,0
mixed_medium_ordinary,6,before,3,fixed_winner,10,5,5,1,35,1,380304,0
mixed_medium_ordinary,6,before,3,fixed_winner,11,5,5,1,35,1,385132,0
mixed_medium_ordinary,6,before,3,fixed_winner,12,5,5,1,35,1,403067,0
mixed_medium_ordinary,6,before,3,fixed_winner,13,5,5,1,35,1,392413,0
mixed_medium_ordinary,6,before,3,fixed_winner,14,5,5,1,35,1,393357,0
mixed_medium_ordinary,6,after,3,native,0,5,5,1,0,1,484554,397881
mixed_medium_ordinary,6,after,3,native,1,5,5,1,0,1,469686,395906
mixed_medium_ordinary,6,after,3,native,2,5,5,1,0,1,413406,397421
mixed_medium_ordinary,6,after,3,native,3,5,5,1,0,1,436954,395787
mixed_medium_ordinary,6,after,3,native,4,5,5,1,0,1,506505,395970
mixed_medium_ordinary,6,after,3,native,5,5,5,1,0,1,377718,396778
mixed_medium_ordinary,6,after,3,native,6,5,5,1,0,1,396726,397054
mixed_medium_ordinary,6,after,3,native,7,5,5,1,0,1,398847,403923
mixed_medium_ordinary,6,after,3,native,8,5,5,1,0,1,413407,395832
mixed_medium_ordinary,6,after,3,native,9,5,5,1,0,1,407897,397210
mixed_medium_ordinary,6,after,3,native,10,5,5,1,0,1,396508,397026
mixed_medium_ordinary,6,after,3,native,11,5,5,1,0,1,409504,397853
mixed_medium_ordinary,6,after,3,native,12,5,5,1,0,1,414346,397201
mixed_medium_ordinary,6,after,3,native,13,5,5,1,0,1,414132,396659
mixed_medium_ordinary,6,after,3,native,14,5,5,1,0,1,406944,397238
mixed_medium_ordinary,6,after,3,fixed_winner,0,5,5,1,35,1,386718,0
mixed_medium_ordinary,6,after,3,fixed_winner,1,5,5,1,35,1,390420,0
mixed_medium_ordinary,6,after,3,fixed_winner,2,5,5,1,35,1,379470,0
mixed_medium_ordinary,6,after,3,fixed_winner,3,5,5,1,35,1,395412,0
mixed_medium_ordinary,6,after,3,fixed_winner,4,5,5,1,35,1,384253,0
mixed_medium_ordinary,6,after,3,fixed_winner,5,5,5,1,35,1,391155,0
mixed_medium_ordinary,6,after,3,fixed_winner,6,5,5,1,35,1,388777,0
mixed_medium_ordinary,6,after,3,fixed_winner,7,5,5,1,35,1,396280,0
mixed_medium_ordinary,6,after,3,fixed_winner,8,5,5,1,35,1,408072,0
mixed_medium_ordinary,6,after,3,fixed_winner,9,5,5,1,35,1,438098,0
mixed_medium_ordinary,6,after,3,fixed_winner,10,5,5,1,35,1,399678,0
mixed_medium_ordinary,6,after,3,fixed_winner,11,5,5,1,35,1,462337,0
mixed_medium_ordinary,6,after,3,fixed_winner,12,5,5,1,35,1,427128,0
mixed_medium_ordinary,6,after,3,fixed_winner,13,5,5,1,35,1,402305,0
mixed_medium_ordinary,6,after,3,fixed_winner,14,5,5,1,35,1,384423,0
mixed_medium_ordinary,6,after,4,native,0,1,1,1,0,1,267229,271797
mixed_medium_ordinary,6,after,4,native,1,1,1,1,0,1,278892,271944
mixed_medium_ordinary,6,after,4,native,2,1,1,1,0,1,267624,272082
mixed_medium_ordinary,6,after,4,native,3,1,1,1,0,1,290630,271852
mixed_medium_ordinary,6,after,4,native,4,1,1,1,0,1,267826,271991
mixed_medium_ordinary,6,after,4,native,5,1,1,1,0,1,277956,282245
mixed_medium_ordinary,6,after,4,native,6,1,1,1,0,1,271822,270793
mixed_medium_ordinary,6,after,4,native,7,1,1,1,0,1,284054,270885
mixed_medium_ordinary,6,after,4,native,8,1,1,1,0,1,318163,271078
mixed_medium_ordinary,6,after,4,native,9,1,1,1,0,1,279150,271620
mixed_medium_ordinary,6,after,4,native,10,1,1,1,0,1,381346,271023
mixed_medium_ordinary,6,after,4,native,11,1,1,1,0,1,405188,272106
mixed_medium_ordinary,6,after,4,native,12,1,1,1,0,1,576501,272152
mixed_medium_ordinary,6,after,4,native,13,1,1,1,0,1,313892,273089
mixed_medium_ordinary,6,after,4,native,14,1,1,1,0,1,269351,271096
mixed_medium_ordinary,6,after,4,fixed_winner,0,5,5,1,35,1,272740,0
mixed_medium_ordinary,6,after,4,fixed_winner,1,5,5,1,35,1,284734,0
mixed_medium_ordinary,6,after,4,fixed_winner,2,5,5,1,35,1,287746,0
mixed_medium_ordinary,6,after,4,fixed_winner,3,5,5,1,35,1,440738,0
mixed_medium_ordinary,6,after,4,fixed_winner,4,5,5,1,35,1,285937,0
mixed_medium_ordinary,6,after,4,fixed_winner,5,5,5,1,35,1,277974,0
mixed_medium_ordinary,6,after,4,fixed_winner,6,5,5,1,35,1,279673,0
mixed_medium_ordinary,6,after,4,fixed_winner,7,5,5,1,35,1,282970,0
mixed_medium_ordinary,6,after,4,fixed_winner,8,5,5,1,35,1,272666,0
mixed_medium_ordinary,6,after,4,fixed_winner,9,5,5,1,35,1,273805,0
mixed_medium_ordinary,6,after,4,fixed_winner,10,5,5,1,35,1,340488,0
mixed_medium_ordinary,6,after,4,fixed_winner,11,5,5,1,35,1,276652,0
mixed_medium_ordinary,6,after,4,fixed_winner,12,5,5,1,35,1,339441,0
mixed_medium_ordinary,6,after,4,fixed_winner,13,5,5,1,35,1,362171,0
mixed_medium_ordinary,6,after,4,fixed_winner,14,5,5,1,35,1,404909,0
mixed_medium_ordinary,6,before,4,native,0,1,1,1,8,1,293366,385903
mixed_medium_ordinary,6,before,4,native,1,1,1,1,8,1,382195,385674
mixed_medium_ordinary,6,before,4,native,2,1,1,1,8,1,371584,387906
mixed_medium_ordinary,6,before,4,native,3,1,1,1,8,1,413058,386583
mixed_medium_ordinary,6,before,4,native,4,1,1,1,8,1,410763,386271
mixed_medium_ordinary,6,before,4,native,5,1,1,1,8,1,311835,386059
mixed_medium_ordinary,6,before,4,native,6,1,1,1,8,1,432482,385629
mixed_medium_ordinary,6,before,4,native,7,1,1,1,8,1,295176,385986
mixed_medium_ordinary,6,before,4,native,8,1,1,1,8,1,269893,385352
mixed_medium_ordinary,6,before,4,native,9,1,1,1,8,1,270508,385095
mixed_medium_ordinary,6,before,4,native,10,1,1,1,8,1,280408,385114
mixed_medium_ordinary,6,before,4,native,11,1,1,1,8,1,270747,385270
mixed_medium_ordinary,6,before,4,native,12,1,1,1,8,1,270940,385178
mixed_medium_ordinary,6,before,4,native,13,1,1,1,8,1,289013,397087
mixed_medium_ordinary,6,before,4,native,14,1,1,1,8,1,270627,377857
mixed_medium_ordinary,6,before,4,fixed_winner,0,5,5,1,35,1,313552,0
mixed_medium_ordinary,6,before,4,fixed_winner,1,5,5,1,35,1,310935,0
mixed_medium_ordinary,6,before,4,fixed_winner,2,5,5,1,35,1,330745,0
mixed_medium_ordinary,6,before,4,fixed_winner,3,5,5,1,35,1,326997,0
mixed_medium_ordinary,6,before,4,fixed_winner,4,5,5,1,35,1,295819,0
mixed_medium_ordinary,6,before,4,fixed_winner,5,5,5,1,35,1,285698,0
mixed_medium_ordinary,6,before,4,fixed_winner,6,5,5,1,35,1,286057,0
mixed_medium_ordinary,6,before,4,fixed_winner,7,5,5,1,35,1,288325,0
mixed_medium_ordinary,6,before,4,fixed_winner,8,5,5,1,35,1,368508,0
mixed_medium_ordinary,6,before,4,fixed_winner,9,5,5,1,35,1,321402,0
mixed_medium_ordinary,6,before,4,fixed_winner,10,5,5,1,35,1,292984,0
mixed_medium_ordinary,6,before,4,fixed_winner,11,5,5,1,35,1,311523,0
mixed_medium_ordinary,6,before,4,fixed_winner,12,5,5,1,35,1,305709,0
mixed_medium_ordinary,6,before,4,fixed_winner,13,5,5,1,35,1,296477,0
mixed_medium_ordinary,6,before,4,fixed_winner,14,5,5,1,35,1,314556,0
mixed_long_ordinary,4,before,0,native,0,1,1,1,36,3,700208,722795
mixed_long_ordinary,4,before,0,native,1,1,1,1,36,3,720467,722364
mixed_long_ordinary,4,before,0,native,2,1,1,1,36,3,815574,722740
mixed_long_ordinary,4,before,0,native,3,1,1,1,36,3,693338,722208
mixed_long_ordinary,4,before,0,native,4,1,1,1,36,3,674015,721905
mixed_long_ordinary,4,before,0,native,5,1,1,1,36,3,658503,721923
mixed_long_ordinary,4,before,0,native,6,1,1,1,36,3,783583,722098
mixed_long_ordinary,4,before,0,native,7,1,1,1,36,3,730472,722740
mixed_long_ordinary,4,before,0,native,8,1,1,1,36,3,755421,722033
mixed_long_ordinary,4,before,0,native,9,1,1,1,36,3,697939,722052
mixed_long_ordinary,4,before,0,native,10,1,1,1,36,3,756789,722042
mixed_long_ordinary,4,before,0,native,11,1,1,1,36,3,764272,722153
mixed_long_ordinary,4,before,0,native,12,1,1,1,36,3,713836,722823
mixed_long_ordinary,4,before,0,native,13,1,1,1,36,3,770647,733549
mixed_long_ordinary,4,before,0,native,14,1,1,1,36,3,728750,720784
mixed_long_ordinary,4,before,0,fixed_winner,0,1,1,1,7,3,652636,0
mixed_long_ordinary,4,before,0,fixed_winner,1,1,1,1,7,3,701373,0
mixed_long_ordinary,4,before,0,fixed_winner,2,1,1,1,7,3,659312,0
mixed_long_ordinary,4,before,0,fixed_winner,3,1,1,1,7,3,678405,0
mixed_long_ordinary,4,before,0,fixed_winner,4,1,1,1,7,3,676716,0
mixed_long_ordinary,4,before,0,fixed_winner,5,1,1,1,7,3,657457,0
mixed_long_ordinary,4,before,0,fixed_winner,6,1,1,1,7,3,1027177,0
mixed_long_ordinary,4,before,0,fixed_winner,7,1,1,1,7,3,843851,0
mixed_long_ordinary,4,before,0,fixed_winner,8,1,1,1,7,3,666912,0
mixed_long_ordinary,4,before,0,fixed_winner,9,1,1,1,7,3,626893,0
mixed_long_ordinary,4,before,0,fixed_winner,10,1,1,1,7,3,691354,0
mixed_long_ordinary,4,before,0,fixed_winner,11,1,1,1,7,3,667504,0
mixed_long_ordinary,4,before,0,fixed_winner,12,1,1,1,7,3,837137,0
mixed_long_ordinary,4,before,0,fixed_winner,13,1,1,1,7,3,744633,0
mixed_long_ordinary,4,before,0,fixed_winner,14,1,1,1,7,3,718084,0
mixed_long_ordinary,4,after,0,native,0,1,1,1,36,3,674222,689010
mixed_long_ordinary,4,after,0,native,1,1,1,1,36,3,766147,690415
mixed_long_ordinary,4,after,0,native,2,1,1,1,36,3,873963,688964
mixed_long_ordinary,4,after,0,native,3,1,1,1,36,3,787409,688973
mixed_long_ordinary,4,after,0,native,4,1,1,1,36,3,726267,689506
mixed_long_ordinary,4,after,0,native,5,1,1,1,36,3,640697,688541
mixed_long_ordinary,4,after,0,native,6,1,1,1,36,3,660997,688358
mixed_long_ordinary,4,after,0,native,7,1,1,1,36,3,785937,688679
mixed_long_ordinary,4,after,0,native,8,1,1,1,36,3,765334,688596
mixed_long_ordinary,4,after,0,native,9,1,1,1,36,3,777237,688578
mixed_long_ordinary,4,after,0,native,10,1,1,1,36,3,676971,688689
mixed_long_ordinary,4,after,0,native,11,1,1,1,36,3,682061,688633
mixed_long_ordinary,4,after,0,native,12,1,1,1,36,3,850169,688505
mixed_long_ordinary,4,after,0,native,13,1,1,1,36,3,698765,688560
mixed_long_ordinary,4,after,0,native,14,1,1,1,36,3,779959,689074
mixed_long_ordinary,4,after,0,fixed_winner,0,1,1,1,7,3,647317,0
mixed_long_ordinary,4,after,0,fixed_winner,1,1,1,1,7,3,648788,0
mixed_long_ordinary,4,after,0,fixed_winner,2,1,1,1,7,3,640053,0
mixed_long_ordinary,4,after,0,fixed_winner,3,1,1,1,7,3,691750,0
mixed_long_ordinary,4,after,0,fixed_winner,4,1,1,1,7,3,621162,0
mixed_long_ordinary,4,after,0,fixed_winner,5,1,1,1,7,3,631583,0
mixed_long_ordinary,4,after,0,fixed_winner,6,1,1,1,7,3,665845,0
mixed_long_ordinary,4,after,0,fixed_winner,7,1,1,1,7,3,646020,0
mixed_long_ordinary,4,after,0,fixed_winner,8,1,1,1,7,3,634583,0
mixed_long_ordinary,4,after,0,fixed_winner,9,1,1,1,7,3,790715,0
mixed_long_ordinary,4,after,0,fixed_winner,10,1,1,1,7,3,658842,0
mixed_long_ordinary,4,after,0,fixed_winner,11,1,1,1,7,3,618545,0
mixed_long_ordinary,4,after,0,fixed_winner,12,1,1,1,7,3,635596,0
mixed_long_ordinary,4,after,0,fixed_winner,13,1,1,1,7,3,687975,0
mixed_long_ordinary,4,after,0,fixed_winner,14,1,1,1,7,3,666497,0
mixed_long_ordinary,4,after,1,native,0,1,1,1,38,3,622195,662668
mixed_long_ordinary,4,after,1,native,1,1,1,1,38,3,617535,662695
mixed_long_ordinary,4,after,1,native,2,1,1,1,38,3,660929,662373
mixed_long_ordinary,4,after,1,native,3,1,1,1,38,3,637258,662521
mixed_long_ordinary,4,after,1,native,4,1,1,1,38,3,616152,662640
mixed_long_ordinary,4,after,1,native,5,1,1,1,38,3,642799,662613
mixed_long_ordinary,4,after,1,native,6,1,1,1,38,3,703440,662888
mixed_long_ordinary,4,after,1,native,7,1,1,1,38,3,624147,662676
mixed_long_ordinary,4,after,1,native,8,1,1,1,38,3,748009,662584
mixed_long_ordinary,4,after,1,native,9,1,1,1,38,3,637134,662539
mixed_long_ordinary,4,after,1,native,10,1,1,1,38,3,627316,662447
mixed_long_ordinary,4,after,1,native,11,1,1,1,38,3,632146,662915
mixed_long_ordinary,4,after,1,native,12,1,1,1,38,3,621007,662842
mixed_long_ordinary,4,after,1,native,13,1,1,1,38,3,590681,662364
mixed_long_ordinary,4,after,1,native,14,1,1,1,38,3,658238,662318
mixed_long_ordinary,4,after,1,fixed_winner,0,1,1,1,7,3,609711,0
mixed_long_ordinary,4,after,1,fixed_winner,1,1,1,1,7,3,646179,0
mixed_long_ordinary,4,after,1,fixed_winner,2,1,1,1,7,3,687341,0
mixed_long_ordinary,4,after,1,fixed_winner,3,1,1,1,7,3,944826,0
mixed_long_ordinary,4,after,1,fixed_winner,4,1,1,1,7,3,663215,0
mixed_long_ordinary,4,after,1,fixed_winner,5,1,1,1,7,3,622595,0
mixed_long_ordinary,4,after,1,fixed_winner,6,1,1,1,7,3,637332,0
mixed_long_ordinary,4,after,1,fixed_winner,7,1,1,1,7,3,692163,0
mixed_long_ordinary,4,after,1,fixed_winner,8,1,1,1,7,3,693056,0
mixed_long_ordinary,4,after,1,fixed_winner,9,1,1,1,7,3,692842,0
mixed_long_ordinary,4,after,1,fixed_winner,10,1,1,1,7,3,620244,0
mixed_long_ordinary,4,after,1,fixed_winner,11,1,1,1,7,3,630135,0
mixed_long_ordinary,4,after,1,fixed_winner,12,1,1,1,7,3,619298,0
mixed_long_ordinary,4,after,1,fixed_winner,13,1,1,1,7,3,623872,0
mixed_long_ordinary,4,after,1,fixed_winner,14,1,1,1,7,3,621723,0
mixed_long_ordinary,4,before,1,native,0,1,1,1,36,4,615827,670962
mixed_long_ordinary,4,before,1,native,1,1,1,1,36,4,615166,670714
mixed_long_ordinary,4,before,1,native,2,1,1,1,36,4,602263,670742
mixed_long_ordinary,4,before,1,native,3,1,1,1,36,4,617847,670678
mixed_long_ordinary,4,before,1,native,4,1,1,1,36,4,652737,670641
mixed_long_ordinary,4,before,1,native,5,1,1,1,36,4,674493,670852
mixed_long_ordinary,4,before,1,native,6,1,1,1,36,4,617622,670742
mixed_long_ordinary,4,before,1,native,7,1,1,1,36,4,639269,670917
mixed_long_ordinary,4,before,1,native,8,1,1,1,36,4,606707,670732
mixed_long_ordinary,4,before,1,native,9,1,1,1,36,4,630227,670640
mixed_long_ordinary,4,before,1,native,10,1,1,1,36,4,647226,670632
mixed_long_ordinary,4,before,1,native,11,1,1,1,36,4,712788,670660
mixed_long_ordinary,4,before,1,native,12,1,1,1,36,4,648766,671173
mixed_long_ordinary,4,before,1,native,13,1,1,1,36,4,725903,670687
mixed_long_ordinary,4,before,1,native,14,1,1,1,36,4,608443,670741
mixed_long_ordinary,4,before,1,fixed_winner,0,1,1,1,7,3,722377,0
mixed_long_ordinary,4,before,1,fixed_winner,1,1,1,1,7,3,674052,0
mixed_long_ordinary,4,before,1,fixed_winner,2,1,1,1,7,3,615349,0
mixed_long_ordinary,4,before,1,fixed_winner,3,1,1,1,7,3,625746,0
mixed_long_ordinary,4,before,1,fixed_winner,4,1,1,1,7,3,653266,0
mixed_long_ordinary,4,before,1,fixed_winner,5,1,1,1,7,3,640737,0
mixed_long_ordinary,4,before,1,fixed_winner,6,1,1,1,7,3,628445,0
mixed_long_ordinary,4,before,1,fixed_winner,7,1,1,1,7,3,605541,0
mixed_long_ordinary,4,before,1,fixed_winner,8,1,1,1,7,3,603328,0
mixed_long_ordinary,4,before,1,fixed_winner,9,1,1,1,7,3,644655,0
mixed_long_ordinary,4,before,1,fixed_winner,10,1,1,1,7,3,676770,0
mixed_long_ordinary,4,before,1,fixed_winner,11,1,1,1,7,3,648356,0
mixed_long_ordinary,4,before,1,fixed_winner,12,1,1,1,7,3,696524,0
mixed_long_ordinary,4,before,1,fixed_winner,13,1,1,1,7,3,619418,0
mixed_long_ordinary,4,before,1,fixed_winner,14,1,1,1,7,3,603631,0
mixed_long_ordinary,4,before,2,native,0,1,1,1,36,2,616498,766137
mixed_long_ordinary,4,before,2,native,1,1,1,1,36,2,668129,766091
mixed_long_ordinary,4,before,2,native,2,1,1,1,36,2,621962,766284
mixed_long_ordinary,4,before,2,native,3,1,1,1,36,2,624083,766183
mixed_long_ordinary,4,before,2,native,4,1,1,1,36,2,627554,766091
mixed_long_ordinary,4,before,2,native,5,1,1,1,36,2,620190,766321
mixed_long_ordinary,4,before,2,native,6,1,1,1,36,2,626691,766146
mixed_long_ordinary,4,before,2,native,7,1,1,1,36,2,634268,766128
mixed_long_ordinary,4,before,2,native,8,1,1,1,36,2,687662,766321
mixed_long_ordinary,4,before,2,native,9,1,1,1,36,2,631852,766440
mixed_long_ordinary,4,before,2,native,10,1,1,1,36,2,677670,766293
mixed_long_ordinary,4,before,2,native,11,1,1,1,36,2,636995,766532
mixed_long_ordinary,4,before,2,native,12,1,1,1,36,2,632431,766385
mixed_long_ordinary,4,before,2,native,13,1,1,1,36,2,761675,766229
mixed_long_ordinary,4,before,2,native,14,1,1,1,36,2,626728,766274
mixed_long_ordinary,4,before,2,fixed_winner,0,1,1,1,7,3,696779,0
mixed_long_ordinary,4,before,2,fixed_winner,1,1,1,1,7,3,686275,0
mixed_long_ordinary,4,before,2,fixed_winner,2,1,1,1,7,3,720350,0
mixed_long_ordinary,4,before,2,fixed_winner,3,1,1,1,7,3,659358,0
mixed_long_ordinary,4,before,2,fixed_winner,4,1,1,1,7,3,625140,0
mixed_long_ordinary,4,before,2,fixed_winner,5,1,1,1,7,3,603282,0
mixed_long_ordinary,4,before,2,fixed_winner,6,1,1,1,7,3,620318,0
mixed_long_ordinary,4,before,2,fixed_winner,7,1,1,1,7,3,672224,0
mixed_long_ordinary,4,before,2,fixed_winner,8,1,1,1,7,3,724985,0
mixed_long_ordinary,4,before,2,fixed_winner,9,1,1,1,7,3,621429,0
mixed_long_ordinary,4,before,2,fixed_winner,10,1,1,1,7,3,635426,0
mixed_long_ordinary,4,before,2,fixed_winner,11,1,1,1,7,3,615817,0
mixed_long_ordinary,4,before,2,fixed_winner,12,1,1,1,7,3,655648,0
mixed_long_ordinary,4,before,2,fixed_winner,13,1,1,1,7,3,615010,0
mixed_long_ordinary,4,before,2,fixed_winner,14,1,1,1,7,3,655501,0
mixed_long_ordinary,4,after,2,native,0,1,1,1,36,3,635912,668130
mixed_long_ordinary,4,after,2,native,1,1,1,1,36,3,690748,668754
mixed_long_ordinary,4,after,2,native,2,1,1,1,36,3,784018,668295
mixed_long_ordinary,4,after,2,native,3,1,1,1,36,3,657879,668791
mixed_long_ordinary,4,after,2,native,4,1,1,1,36,3,639104,668360
mixed_long_ordinary,4,after,2,native,5,1,1,1,36,3,660846,676191
mixed_long_ordinary,4,after,2,native,6,1,1,1,36,3,672729,666906
mixed_long_ordinary,4,after,2,native,7,1,1,1,36,3,644070,666383
mixed_long_ordinary,4,after,2,native,8,1,1,1,36,3,670158,666512
mixed_long_ordinary,4,after,2,native,9,1,1,1,36,3,692549,666916
mixed_long_ordinary,4,after,2,native,10,1,1,1,36,3,642891,666365
mixed_long_ordinary,4,after,2,native,11,1,1,1,36,3,684219,666888
mixed_long_ordinary,4,after,2,native,12,1,1,1,36,3,657613,666346
mixed_long_ordinary,4,after,2,native,13,1,1,1,36,3,729347,666732
mixed_long_ordinary,4,after,2,native,14,1,1,1,36,3,626379,666402
mixed_long_ordinary,4,after,2,fixed_winner,0,1,1,1,7,3,628693,0
mixed_long_ordinary,4,after,2,fixed_winner,1,1,1,1,7,3,637905,0
mixed_long_ordinary,4,after,2,fixed_winner,2,1,1,1,7,3,682006,0
mixed_long_ordinary,4,after,2,fixed_winner,3,1,1,1,7,3,646740,0
mixed_long_ordinary,4,after,2,fixed_winner,4,1,1,1,7,3,633285,0
mixed_long_ordinary,4,after,2,fixed_winner,5,1,1,1,7,3,621181,0
mixed_long_ordinary,4,after,2,fixed_winner,6,1,1,1,7,3,614054,0
mixed_long_ordinary,4,after,2,fixed_winner,7,1,1,1,7,3,668832,0
mixed_long_ordinary,4,after,2,fixed_winner,8,1,1,1,7,3,685259,0
mixed_long_ordinary,4,after,2,fixed_winner,9,1,1,1,7,3,627390,0
mixed_long_ordinary,4,after,2,fixed_winner,10,1,1,1,7,3,643754,0
mixed_long_ordinary,4,after,2,fixed_winner,11,1,1,1,7,3,666603,0
mixed_long_ordinary,4,after,2,fixed_winner,12,1,1,1,7,3,640789,0
mixed_long_ordinary,4,after,2,fixed_winner,13,1,1,1,7,3,625617,0
mixed_long_ordinary,4,after,2,fixed_winner,14,1,1,1,7,3,665545,0
mixed_long_ordinary,4,after,3,native,0,1,1,1,38,4,616429,655391
mixed_long_ordinary,4,after,3,native,1,1,1,1,38,4,623495,655253
mixed_long_ordinary,4,after,3,native,2,1,1,1,38,4,701961,655455
mixed_long_ordinary,4,after,3,native,3,1,1,1,38,4,592371,655115
mixed_long_ordinary,4,after,3,native,4,1,1,1,38,4,593685,655014
mixed_long_ordinary,4,after,3,native,5,1,1,1,38,4,611247,659985
mixed_long_ordinary,4,after,3,native,6,1,1,1,38,4,654354,650645
mixed_long_ordinary,4,after,3,native,7,1,1,1,38,4,629479,651123
mixed_long_ordinary,4,after,3,native,8,1,1,1,38,4,782888,651049
mixed_long_ordinary,4,after,3,native,9,1,1,1,38,4,624152,650664
mixed_long_ordinary,4,after,3,native,10,1,1,1,38,4,602474,650691
mixed_long_ordinary,4,after,3,native,11,1,1,1,38,4,617320,650535
mixed_long_ordinary,4,after,3,native,12,1,1,1,38,4,684646,650902
mixed_long_ordinary,4,after,3,native,13,1,1,1,38,4,594939,650636
mixed_long_ordinary,4,after,3,native,14,1,1,1,38,4,671293,650700
mixed_long_ordinary,4,after,3,fixed_winner,0,1,1,1,7,3,605614,0
mixed_long_ordinary,4,after,3,fixed_winner,1,1,1,1,7,3,613209,0
mixed_long_ordinary,4,after,3,fixed_winner,2,1,1,1,7,3,610610,0
mixed_long_ordinary,4,after,3,fixed_winner,3,1,1,1,7,3,656823,0
mixed_long_ordinary,4,after,3,fixed_winner,4,1,1,1,7,3,606359,0
mixed_long_ordinary,4,after,3,fixed_winner,5,1,1,1,7,3,614706,0
mixed_long_ordinary,4,after,3,fixed_winner,6,1,1,1,7,3,615330,0
mixed_long_ordinary,4,after,3,fixed_winner,7,1,1,1,7,3,606945,0
mixed_long_ordinary,4,after,3,fixed_winner,8,1,1,1,7,3,647797,0
mixed_long_ordinary,4,after,3,fixed_winner,9,1,1,1,7,3,627645,0
mixed_long_ordinary,4,after,3,fixed_winner,10,1,1,1,7,3,613696,0
mixed_long_ordinary,4,after,3,fixed_winner,11,1,1,1,7,3,613348,0
mixed_long_ordinary,4,after,3,fixed_winner,12,1,1,1,7,3,673721,0
mixed_long_ordinary,4,after,3,fixed_winner,13,1,1,1,7,3,669818,0
mixed_long_ordinary,4,after,3,fixed_winner,14,1,1,1,7,3,681013,0
mixed_long_ordinary,4,before,3,native,0,1,1,1,36,4,619143,664498
mixed_long_ordinary,4,before,3,native,1,1,1,1,36,4,612815,664397
mixed_long_ordinary,4,before,3,native,2,1,1,1,36,4,637918,664194
mixed_long_ordinary,4,before,3,native,3,1,1,1,36,4,613874,664361
mixed_long_ordinary,4,before,3,native,4,1,1,1,36,4,609138,664443
mixed_long_ordinary,4,before,3,native,5,1,1,1,36,4,576147,664351
mixed_long_ordinary,4,before,3,native,6,1,1,1,36,4,620116,664296
mixed_long_ordinary,4,before,3,native,7,1,1,1,36,4,609628,664397
mixed_long_ordinary,4,before,3,native,8,1,1,1,36,4,577715,664379
mixed_long_ordinary,4,before,3,native,9,1,1,1,36,4,613503,664250
mixed_long_ordinary,4,before,3,native,10,1,1,1,36,4,993519,664434
mixed_long_ordinary,4,before,3,native,11,1,1,1,36,4,732141,665077
mixed_long_ordinary,4,before,3,native,12,1,1,1,36,4,773599,665416
mixed_long_ordinary,4,before,3,native,13,1,1,1,36,4,687107,664516
mixed_long_ordinary,4,before,3,native,14,1,1,1,36,4,745308,665224
mixed_long_ordinary,4,before,3,fixed_winner,0,1,1,1,7,3,607534,0
mixed_long_ordinary,4,before,3,fixed_winner,1,1,1,1,7,3,615488,0
mixed_long_ordinary,4,before,3,fixed_winner,2,1,1,1,7,3,578210,0
mixed_long_ordinary,4,before,3,fixed_winner,3,1,1,1,7,3,600820,0
mixed_long_ordinary,4,before,3,fixed_winner,4,1,1,1,7,3,604972,0
mixed_long_ordinary,4,before,3,fixed_winner,5,1,1,1,7,3,638162,0
mixed_long_ordinary,4,before,3,fixed_winner,6,1,1,1,7,3,614927,0
mixed_long_ordinary,4,before,3,fixed_winner,7,1,1,1,7,3,619785,0
mixed_long_ordinary,4,before,3,fixed_winner,8,1,1,1,7,3,607626,0
mixed_long_ordinary,4,before,3,fixed_winner,9,1,1,1,7,3,657649,0
mixed_long_ordinary,4,before,3,fixed_winner,10,1,1,1,7,3,635379,0
mixed_long_ordinary,4,before,3,fixed_winner,11,1,1,1,7,3,651983,0
mixed_long_ordinary,4,before,3,fixed_winner,12,1,1,1,7,3,598782,0
mixed_long_ordinary,4,before,3,fixed_winner,13,1,1,1,7,3,600875,0
mixed_long_ordinary,4,before,3,fixed_winner,14,1,1,1,7,3,602501,0
mixed_long_ordinary,4,before,4,native,0,1,1,1,36,3,683040,666577
mixed_long_ordinary,4,before,4,native,1,1,1,1,36,3,628494,666888
mixed_long_ordinary,4,before,4,native,2,1,1,1,36,3,646253,666595
mixed_long_ordinary,4,before,4,native,3,1,1,1,36,3,650652,666852
mixed_long_ordinary,4,before,4,native,4,1,1,1,36,3,618674,666420
mixed_long_ordinary,4,before,4,native,5,1,1,1,36,3,967644,667017
mixed_long_ordinary,4,before,4,native,6,1,1,1,36,3,718814,667798
mixed_long_ordinary,4,before,4,native,7,1,1,1,36,3,682238,667017
mixed_long_ordinary,4,before,4,native,8,1,1,1,36,3,636032,666760
mixed_long_ordinary,4,before,4,native,9,1,1,1,36,3,615083,666604
mixed_long_ordinary,4,before,4,native,10,1,1,1,36,3,623137,666549
mixed_long_ordinary,4,before,4,native,11,1,1,1,36,3,632624,666604
mixed_long_ordinary,4,before,4,native,12,1,1,1,36,3,636151,666540
mixed_long_ordinary,4,before,4,native,13,1,1,1,36,3,624313,666696
mixed_long_ordinary,4,before,4,native,14,1,1,1,36,3,614826,666558
mixed_long_ordinary,4,before,4,fixed_winner,0,1,1,1,7,3,673344,0
mixed_long_ordinary,4,before,4,fixed_winner,1,1,1,1,7,3,656759,0
mixed_long_ordinary,4,before,4,fixed_winner,2,1,1,1,7,3,655308,0
mixed_long_ordinary,4,before,4,fixed_winner,3,1,1,1,7,3,606846,0
mixed_long_ordinary,4,before,4,fixed_winner,4,1,1,1,7,3,642414,0
mixed_long_ordinary,4,before,4,fixed_winner,5,1,1,1,7,3,606220,0
mixed_long_ordinary,4,before,4,fixed_winner,6,1,1,1,7,3,616120,0
mixed_long_ordinary,4,before,4,fixed_winner,7,1,1,1,7,3,644288,0
mixed_long_ordinary,4,before,4,fixed_winner,8,1,1,1,7,3,658973,0
mixed_long_ordinary,4,before,4,fixed_winner,9,1,1,1,7,3,713511,0
mixed_long_ordinary,4,before,4,fixed_winner,10,1,1,1,7,3,684570,0
mixed_long_ordinary,4,before,4,fixed_winner,11,1,1,1,7,3,617682,0
mixed_long_ordinary,4,before,4,fixed_winner,12,1,1,1,7,3,620740,0
mixed_long_ordinary,4,before,4,fixed_winner,13,1,1,1,7,3,655987,0
mixed_long_ordinary,4,before,4,fixed_winner,14,1,1,1,7,3,599838,0
mixed_long_ordinary,4,after,4,native,0,1,1,1,36,3,658274,683942
mixed_long_ordinary,4,after,4,native,1,1,1,1,36,3,621319,683786
mixed_long_ordinary,4,after,4,native,2,1,1,1,36,3,616681,683832
mixed_long_ordinary,4,after,4,native,3,1,1,1,36,3,621227,683758
mixed_long_ordinary,4,after,4,native,4,1,1,1,36,3,680306,684218
mixed_long_ordinary,4,after,4,native,5,1,1,1,36,3,680783,684153
mixed_long_ordinary,4,after,4,native,6,1,1,1,36,3,703832,684236
mixed_long_ordinary,4,after,4,native,7,1,1,1,36,3,785905,684475
mixed_long_ordinary,4,after,4,native,8,1,1,1,36,3,642259,683997
mixed_long_ordinary,4,after,4,native,9,1,1,1,36,3,643800,684153
mixed_long_ordinary,4,after,4,native,10,1,1,1,36,3,627196,684070
mixed_long_ordinary,4,after,4,native,11,1,1,1,36,3,624065,683869
mixed_long_ordinary,4,after,4,native,12,1,1,1,36,3,612273,683960
mixed_long_ordinary,4,after,4,native,13,1,1,1,36,3,607222,683777
mixed_long_ordinary,4,after,4,native,14,1,1,1,36,3,618279,683897
mixed_long_ordinary,4,after,4,fixed_winner,0,1,1,1,7,3,604916,0
mixed_long_ordinary,4,after,4,fixed_winner,1,1,1,1,7,3,784459,0
mixed_long_ordinary,4,after,4,fixed_winner,2,1,1,1,7,3,740856,0
mixed_long_ordinary,4,after,4,fixed_winner,3,1,1,1,7,3,645608,0
mixed_long_ordinary,4,after,4,fixed_winner,4,1,1,1,7,3,631941,0
mixed_long_ordinary,4,after,4,fixed_winner,5,1,1,1,7,3,681353,0
mixed_long_ordinary,4,after,4,fixed_winner,6,1,1,1,7,3,669105,0
mixed_long_ordinary,4,after,4,fixed_winner,7,1,1,1,7,3,690987,0
mixed_long_ordinary,4,after,4,fixed_winner,8,1,1,1,7,3,667137,0
mixed_long_ordinary,4,after,4,fixed_winner,9,1,1,1,7,3,701980,0
mixed_long_ordinary,4,after,4,fixed_winner,10,1,1,1,7,3,655648,0
mixed_long_ordinary,4,after,4,fixed_winner,11,1,1,1,7,3,661461,0
mixed_long_ordinary,4,after,4,fixed_winner,12,1,1,1,7,3,611345,0
mixed_long_ordinary,4,after,4,fixed_winner,13,1,1,1,7,3,681877,0
mixed_long_ordinary,4,after,4,fixed_winner,14,1,1,1,7,3,629970,0
mixed_one_long_ordinary,4,before,0,native,0,1,1,1,96,2,560045,438100
mixed_one_long_ordinary,4,before,0,native,1,1,1,1,96,2,459161,439358
mixed_one_long_ordinary,4,before,0,native,2,1,1,1,96,2,421710,438275
mixed_one_long_ordinary,4,before,0,native,3,1,1,1,96,2,412975,438173
mixed_one_long_ordinary,4,before,0,native,4,1,1,1,96,2,404774,437972
mixed_one_long_ordinary,4,before,0,native,5,1,1,1,96,2,402865,438026
mixed_one_long_ordinary,4,before,0,native,6,1,1,1,96,2,413913,437934
mixed_one_long_ordinary,4,before,0,native,7,1,1,1,96,2,414418,437962
mixed_one_long_ordinary,4,before,0,native,8,1,1,1,96,2,528845,438082
mixed_one_long_ordinary,4,before,0,native,9,1,1,1,96,2,412795,438219
mixed_one_long_ordinary,4,before,0,native,10,1,1,1,96,2,406557,438045
mixed_one_long_ordinary,4,before,0,native,11,1,1,1,96,2,453054,461748
mixed_one_long_ordinary,4,before,0,native,12,1,1,1,96,2,475940,437971
mixed_one_long_ordinary,4,before,0,native,13,1,1,1,96,2,414436,437926
mixed_one_long_ordinary,4,before,0,native,14,1,1,1,96,2,406979,437825
mixed_one_long_ordinary,4,before,0,fixed_winner,0,1,1,1,19,2,472079,0
mixed_one_long_ordinary,4,before,0,fixed_winner,1,1,1,1,19,2,410206,0
mixed_one_long_ordinary,4,before,0,fixed_winner,2,1,1,1,19,2,455331,0
mixed_one_long_ordinary,4,before,0,fixed_winner,3,1,1,1,19,2,431233,0
mixed_one_long_ordinary,4,before,0,fixed_winner,4,1,1,1,19,2,405049,0
mixed_one_long_ordinary,4,before,0,fixed_winner,5,1,1,1,19,2,403323,0
mixed_one_long_ordinary,4,before,0,fixed_winner,6,1,1,1,19,2,396977,0
mixed_one_long_ordinary,4,before,0,fixed_winner,7,1,1,1,19,2,485901,0
mixed_one_long_ordinary,4,before,0,fixed_winner,8,1,1,1,19,2,486703,0
mixed_one_long_ordinary,4,before,0,fixed_winner,9,1,1,1,19,2,474455,0
mixed_one_long_ordinary,4,before,0,fixed_winner,10,1,1,1,19,2,405978,0
mixed_one_long_ordinary,4,before,0,fixed_winner,11,1,1,1,19,2,422316,0
mixed_one_long_ordinary,4,before,0,fixed_winner,12,1,1,1,19,2,398594,0
mixed_one_long_ordinary,4,before,0,fixed_winner,13,1,1,1,19,2,404600,0
mixed_one_long_ordinary,4,before,0,fixed_winner,14,1,1,1,19,2,392211,0
mixed_one_long_ordinary,4,after,0,native,0,3,3,1,96,1,434723,450473
mixed_one_long_ordinary,4,after,0,native,1,3,3,1,96,1,436211,450593
mixed_one_long_ordinary,4,after,0,native,2,3,3,1,96,1,436027,450528
mixed_one_long_ordinary,4,after,0,native,3,3,3,1,96,1,483572,450446
mixed_one_long_ordinary,4,after,0,native,4,3,3,1,96,1,439085,450721
mixed_one_long_ordinary,4,after,0,native,5,3,3,1,96,1,438810,450483
mixed_one_long_ordinary,4,after,0,native,6,3,3,1,96,1,448719,450528
mixed_one_long_ordinary,4,after,0,native,7,3,3,1,96,1,431775,450932
mixed_one_long_ordinary,4,after,0,native,8,3,3,1,96,1,434319,450620
mixed_one_long_ordinary,4,after,0,native,9,3,3,1,96,1,432868,450455
mixed_one_long_ordinary,4,after,0,native,10,3,3,1,96,1,433318,450400
mixed_one_long_ordinary,4,after,0,native,11,3,3,1,96,1,455672,450382
mixed_one_long_ordinary,4,after,0,native,12,3,3,1,96,1,621236,450749
mixed_one_long_ordinary,4,after,0,native,13,3,3,1,96,1,437836,450620
mixed_one_long_ordinary,4,after,0,native,14,3,3,1,96,1,438865,450344
mixed_one_long_ordinary,4,after,0,fixed_winner,0,1,1,1,19,2,425052,0
mixed_one_long_ordinary,4,after,0,fixed_winner,1,1,1,1,19,2,440444,0
mixed_one_long_ordinary,4,after,0,fixed_winner,2,1,1,1,19,2,597018,0
mixed_one_long_ordinary,4,after,0,fixed_winner,3,1,1,1,19,2,449372,0
mixed_one_long_ordinary,4,after,0,fixed_winner,4,1,1,1,19,2,405620,0
mixed_one_long_ordinary,4,after,0,fixed_winner,5,1,1,1,19,2,403847,0
mixed_one_long_ordinary,4,after,0,fixed_winner,6,1,1,1,19,2,400697,0
mixed_one_long_ordinary,4,after,0,fixed_winner,7,1,1,1,19,2,449224,0
mixed_one_long_ordinary,4,after,0,fixed_winner,8,1,1,1,19,2,424795,0
mixed_one_long_ordinary,4,after,0,fixed_winner,9,1,1,1,19,2,466303,0
mixed_one_long_ordinary,4,after,0,fixed_winner,10,1,1,1,19,2,412115,0
mixed_one_long_ordinary,4,after,0,fixed_winner,11,1,1,1,19,2,416943,0
mixed_one_long_ordinary,4,after,0,fixed_winner,12,1,1,1,19,2,435247,0
mixed_one_long_ordinary,4,after,0,fixed_winner,13,1,1,1,19,2,402828,0
mixed_one_long_ordinary,4,after,0,fixed_winner,14,1,1,1,19,2,409560,0
mixed_one_long_ordinary,4,before,1,native,0,1,1,1,96,2,448517,455294
mixed_one_long_ordinary,4,before,1,native,1,1,1,1,96,2,413683,455220
mixed_one_long_ordinary,4,before,1,native,2,1,1,1,96,2,415363,455119
mixed_one_long_ordinary,4,before,1,native,3,1,1,1,96,2,441592,455689
mixed_one_long_ordinary,4,before,1,native,4,1,1,1,96,2,433621,455459
mixed_one_long_ordinary,4,before,1,native,5,1,1,1,96,2,420644,471694
mixed_one_long_ordinary,4,before,1,native,6,1,1,1,96,2,403590,454889
mixed_one_long_ordinary,4,before,1,native,7,1,1,1,96,2,406667,454852
mixed_one_long_ordinary,4,before,1,native,8,1,1,1,96,2,406520,454870
mixed_one_long_ordinary,4,before,1,native,9,1,1,1,96,2,478942,454980
mixed_one_long_ordinary,4,before,1,native,10,1,1,1,96,2,573637,455045
mixed_one_long_ordinary,4,before,1,native,11,1,1,1,96,2,459948,455917
mixed_one_long_ordinary,4,before,1,native,12,1,1,1,96,2,453213,455228
mixed_one_long_ordinary,4,before,1,native,13,1,1,1,96,2,429166,455292
mixed_one_long_ordinary,4,before,1,native,14,1,1,1,96,2,415152,455164
mixed_one_long_ordinary,4,before,1,fixed_winner,0,1,1,1,19,2,420185,0
mixed_one_long_ordinary,4,before,1,fixed_winner,1,1,1,1,19,2,435209,0
mixed_one_long_ordinary,4,before,1,fixed_winner,2,1,1,1,19,2,420185,0
mixed_one_long_ordinary,4,before,1,fixed_winner,3,1,1,1,19,2,412581,0
mixed_one_long_ordinary,4,before,1,fixed_winner,4,1,1,1,19,2,426567,0
mixed_one_long_ordinary,4,before,1,fixed_winner,5,1,1,1,19,2,417908,0
mixed_one_long_ordinary,4,before,1,fixed_winner,6,1,1,1,19,2,418266,0
mixed_one_long_ordinary,4,before,1,fixed_winner,7,1,1,1,19,2,409357,0
mixed_one_long_ordinary,4,before,1,fixed_winner,8,1,1,1,19,2,414822,0
mixed_one_long_ordinary,4,before,1,fixed_winner,9,1,1,1,19,2,449839,0
mixed_one_long_ordinary,4,before,1,fixed_winner,10,1,1,1,19,2,534386,0
mixed_one_long_ordinary,4,before,1,fixed_winner,11,1,1,1,19,2,421296,0
mixed_one_long_ordinary,4,before,1,fixed_winner,12,1,1,1,19,2,400679,0
mixed_one_long_ordinary,4,before,1,fixed_winner,13,1,1,1,19,2,404123,0
mixed_one_long_ordinary,4,before,1,fixed_winner,14,1,1,1,19,2,405527,0
mixed_one_long_ordinary,4,after,1,native,0,1,1,1,96,1,443650,453861
mixed_one_long_ordinary,4,after,1,native,1,1,1,1,96,1,436118,454165
mixed_one_long_ordinary,4,after,1,native,2,1,1,1,96,1,435760,453917
mixed_one_long_ordinary,4,after,1,native,3,1,1,1,96,1,454863,453880
mixed_one_long_ordinary,4,after,1,native,4,1,1,1,96,1,588992,454247
mixed_one_long_ordinary,4,after,1,native,5,1,1,1,96,1,436799,454743
mixed_one_long_ordinary,4,after,1,native,6,1,1,1,96,1,445706,453926
mixed_one_long_ordinary,4,after,1,native,7,1,1,1,96,1,443530,454027
mixed_one_long_ordinary,4,after,1,native,8,1,1,1,96,1,435890,454008
mixed_one_long_ordinary,4,after,1,native,9,1,1,1,96,1,435761,453889
mixed_one_long_ordinary,4,after,1,native,10,1,1,1,96,1,435779,453935
mixed_one_long_ordinary,4,after,1,native,11,1,1,1,96,1,444090,453899
mixed_one_long_ordinary,4,after,1,native,12,1,1,1,96,1,440444,453981
mixed_one_long_ordinary,4,after,1,native,13,1,1,1,96,1,464414,459196
mixed_one_long_ordinary,4,after,1,native,14,1,1,1,96,1,436045,449562
mixed_one_long_ordinary,4,after,1,fixed_winner,0,1,1,1,19,2,435577,0
mixed_one_long_ordinary,4,after,1,fixed_winner,1,1,1,1,19,2,406281,0
mixed_one_long_ordinary,4,after,1,fixed_winner,2,1,1,1,19,2,402910,0
mixed_one_long_ordinary,4,after,1,fixed_winner,3,1,1,1,19,2,409302,0
mixed_one_long_ordinary,4,after,1,fixed_winner,4,1,1,1,19,2,452668,0
mixed_one_long_ordinary,4,after,1,fixed_winner,5,1,1,1,19,2,408613,0
mixed_one_long_ordinary,4,after,1,fixed_winner,6,1,1,1,19,2,468161,0
mixed_one_long_ordinary,4,after,1,fixed_winner,7,1,1,1,19,2,420075,0
mixed_one_long_ordinary,4,after,1,fixed_winner,8,1,1,1,19,2,408999,0
mixed_one_long_ordinary,4,after,1,fixed_winner,9,1,1,1,19,2,416071,0
mixed_one_long_ordinary,4,after,1,fixed_winner,10,1,1,1,19,2,405592,0
mixed_one_long_ordinary,4,after,1,fixed_winner,11,1,1,1,19,2,554011,0
mixed_one_long_ordinary,4,after,1,fixed_winner,12,1,1,1,19,2,445633,0
mixed_one_long_ordinary,4,after,1,fixed_winner,13,1,1,1,19,2,486299,0
mixed_one_long_ordinary,4,after,1,fixed_winner,14,1,1,1,19,2,402356,0
mixed_one_long_ordinary,4,after,2,native,0,1,1,1,96,2,401570,434192
mixed_one_long_ordinary,4,after,2,native,1,1,1,1,96,2,427440,434154
mixed_one_long_ordinary,4,after,2,native,2,1,1,1,96,2,432059,434558
mixed_one_long_ordinary,4,after,2,native,3,1,1,1,96,2,400339,434283
mixed_one_long_ordinary,4,after,2,native,4,1,1,1,96,2,419138,434136
mixed_one_long_ordinary,4,after,2,native,5,1,1,1,96,2,405426,434182
mixed_one_long_ordinary,4,after,2,native,6,1,1,1,96,2,402240,434228
mixed_one_long_ordinary,4,after,2,native,7,1,1,1,96,2,399420,434026
mixed_one_long_ordinary,4,after,2,native,8,1,1,1,96,2,440931,434164
mixed_one_long_ordinary,4,after,2,native,9,1,1,1,96,2,403480,434219
mixed_one_long_ordinary,4,after,2,native,10,1,1,1,96,2,401827,434072
mixed_one_long_ordinary,4,after,2,native,11,1,1,1,96,2,403094,434109
mixed_one_long_ordinary,4,after,2,native,12,1,1,1,96,2,396114,434035
mixed_one_long_ordinary,4,after,2,native,13,1,1,1,96,2,408668,443374
mixed_one_long_ordinary,4,after,2,native,14,1,1,1,96,2,406630,433841
mixed_one_long_ordinary,4,after,2,fixed_winner,0,1,1,1,19,2,483360,0
mixed_one_long_ordinary,4,after,2,fixed_winner,1,1,1,1,19,2,422398,0
mixed_one_long_ordinary,4,after,2,fixed_winner,2,1,1,1,19,2,394902,0
mixed_one_long_ordinary,4,after,2,fixed_winner,3,1,1,1,19,2,390879,0
mixed_one_long_ordinary,4,after,2,fixed_winner,4,1,1,1,19,2,395242,0
mixed_one_long_ordinary,4,after,2,fixed_winner,5,1,1,1,19,2,394736,0
mixed_one_long_ordinary,4,after,2,fixed_winner,6,1,1,1,19,2,409229,0
mixed_one_long_ordinary,4,after,2,fixed_winner,7,1,1,1,19,2,408209,0
mixed_one_long_ordinary,4,after,2,fixed_winner,8,1,1,1,19,2,406491,0
mixed_one_long_ordinary,4,after,2,fixed_winner,9,1,1,1,19,2,468667,0
mixed_one_long_ordinary,4,after,2,fixed_winner,10,1,1,1,19,2,412939,0
mixed_one_long_ordinary,4,after,2,fixed_winner,11,1,1,1,19,2,397859,0
mixed_one_long_ordinary,4,after,2,fixed_winner,12,1,1,1,19,2,400219,0
mixed_one_long_ordinary,4,after,2,fixed_winner,13,1,1,1,19,2,393203,0
mixed_one_long_ordinary,4,after,2,fixed_winner,14,1,1,1,19,2,402359,0
mixed_one_long_ordinary,4,before,2,native,0,1,1,1,96,2,404674,446965
mixed_one_long_ordinary,4,before,2,native,1,1,1,1,96,2,400853,446836
mixed_one_long_ordinary,4,before,2,native,2,1,1,1,96,2,399430,446753
mixed_one_long_ordinary,4,before,2,native,3,1,1,1,96,2,399016,446772
mixed_one_long_ordinary,4,before,2,native,4,1,1,1,96,2,420157,446846
mixed_one_long_ordinary,4,before,2,native,5,1,1,1,96,2,402222,446836
mixed_one_long_ordinary,4,before,2,native,6,1,1,1,96,2,398722,446808
mixed_one_long_ordinary,4,before,2,native,7,1,1,1,96,2,543587,446809
mixed_one_long_ordinary,4,before,2,native,8,1,1,1,96,2,588496,447562
mixed_one_long_ordinary,4,before,2,native,9,1,1,1,96,2,412214,447130
mixed_one_long_ordinary,4,before,2,native,10,1,1,1,96,2,402084,446790
mixed_one_long_ordinary,4,before,2,native,11,1,1,1,96,2,401973,446901
mixed_one_long_ordinary,4,before,2,native,12,1,1,1,96,2,398281,446937
mixed_one_long_ordinary,4,before,2,native,13,1,1,1,96,2,424005,465550
mixed_one_long_ordinary,4,before,2,native,14,1,1,1,96,2,495134,446621
mixed_one_long_ordinary,4,before,2,fixed_winner,0,1,1,1,19,2,402433,0
mixed_one_long_ordinary,4,before,2,fixed_winner,1,1,1,1,19,2,402791,0
mixed_one_long_ordinary,4,before,2,fixed_winner,2,1,1,1,19,2,398236,0
mixed_one_long_ordinary,4,before,2,fixed_winner,3,1,1,1,19,2,387390,0
mixed_one_long_ordinary,4,before,2,fixed_winner,4,1,1,1,19,2,394976,0
mixed_one_long_ordinary,4,before,2,fixed_winner,5,1,1,1,19,2,468859,0
mixed_one_long_ordinary,4,before,2,fixed_winner,6,1,1,1,19,2,403075,0
mixed_one_long_ordinary,4,before,2,fixed_winner,7,1,1,1,19,2,435724,0
mixed_one_long_ordinary,4,before,2,fixed_winner,8,1,1,1,19,2,430801,0
mixed_one_long_ordinary,4,before,2,fixed_winner,9,1,1,1,19,2,409799,0
mixed_one_long_ordinary,4,before,2,fixed_winner,10,1,1,1,19,2,406299,0
mixed_one_long_ordinary,4,before,2,fixed_winner,11,1,1,1,19,2,404306,0
mixed_one_long_ordinary,4,before,2,fixed_winner,12,1,1,1,19,2,398934,0
mixed_one_long_ordinary,4,before,2,fixed_winner,13,1,1,1,19,2,394645,0
mixed_one_long_ordinary,4,before,2,fixed_winner,14,1,1,1,19,2,405390,0
mixed_one_long_ordinary,4,before,3,native,0,1,1,1,96,2,415941,424317
mixed_one_long_ordinary,4,before,3,native,1,1,1,1,96,2,403893,424023
mixed_one_long_ordinary,4,before,3,native,2,1,1,1,96,2,402663,423866
mixed_one_long_ordinary,4,before,3,native,3,1,1,1,96,2,407052,423913
mixed_one_long_ordinary,4,before,3,native,4,1,1,1,96,2,402396,423950
mixed_one_long_ordinary,4,before,3,native,5,1,1,1,96,2,422444,423857
mixed_one_long_ordinary,4,before,3,native,6,1,1,1,96,2,468243,424693
mixed_one_long_ordinary,4,before,3,native,7,1,1,1,96,2,434228,424050
mixed_one_long_ordinary,4,before,3,native,8,1,1,1,96,2,437800,424601
mixed_one_long_ordinary,4,before,3,native,9,1,1,1,96,2,403838,423977
mixed_one_long_ordinary,4,before,3,native,10,1,1,1,96,2,398906,423875
mixed_one_long_ordinary,4,before,3,native,11,1,1,1,96,2,399512,423903
mixed_one_long_ordinary,4,before,3,native,12,1,1,1,96,2,401422,423876
mixed_one_long_ordinary,4,before,3,native,13,1,1,1,96,2,417926,427516
mixed_one_long_ordinary,4,before,3,native,14,1,1,1,96,2,403774,410847
mixed_one_long_ordinary,4,before,3,fixed_winner,0,1,1,1,19,2,403811,0
mixed_one_long_ordinary,4,before,3,fixed_winner,1,1,1,1,19,2,399430,0
mixed_one_long_ordinary,4,before,3,fixed_winner,2,1,1,1,19,2,409284,0
mixed_one_long_ordinary,4,before,3,fixed_winner,3,1,1,1,19,2,387638,0
mixed_one_long_ordinary,4,before,3,fixed_winner,4,1,1,1,19,2,400725,0
mixed_one_long_ordinary,4,before,3,fixed_winner,5,1,1,1,19,2,490230,0
mixed_one_long_ordinary,4,before,3,fixed_winner,6,1,1,1,19,2,399044,0
mixed_one_long_ordinary,4,before,3,fixed_winner,7,1,1,1,19,2,562085,0
mixed_one_long_ordinary,4,before,3,fixed_winner,8,1,1,1,19,2,417511,0
mixed_one_long_ordinary,4,before,3,fixed_winner,9,1,1,1,19,2,396178,0
mixed_one_long_ordinary,4,before,3,fixed_winner,10,1,1,1,19,2,454284,0
mixed_one_long_ordinary,4,before,3,fixed_winner,11,1,1,1,19,2,396354,0
mixed_one_long_ordinary,4,before,3,fixed_winner,12,1,1,1,19,2,476289,0
mixed_one_long_ordinary,4,before,3,fixed_winner,13,1,1,1,19,2,469924,0
mixed_one_long_ordinary,4,before,3,fixed_winner,14,1,1,1,19,2,607497,0
mixed_one_long_ordinary,4,after,3,native,0,1,1,1,96,2,430801,444712
mixed_one_long_ordinary,4,after,3,native,1,1,1,1,96,2,407062,444096
mixed_one_long_ordinary,4,after,3,native,2,1,1,1,96,2,433887,444022
mixed_one_long_ordinary,4,after,3,native,3,1,1,1,96,2,403682,444004
mixed_one_long_ordinary,4,after,3,native,4,1,1,1,96,2,426146,443995
mixed_one_long_ordinary,4,after,3,native,5,1,1,1,96,2,429258,444518
mixed_one_long_ordinary,4,after,3,native,6,1,1,1,96,2,399769,444097
mixed_one_long_ordinary,4,after,3,native,7,1,1,1,96,2,417375,444042
mixed_one_long_ordinary,4,after,3,native,8,1,1,1,96,2,401349,444014
mixed_one_long_ordinary,4,after,3,native,9,1,1,1,96,2,424317,443894
mixed_one_long_ordinary,4,after,3,native,10,1,1,1,96,2,399917,444005
mixed_one_long_ordinary,4,after,3,native,11,1,1,1,96,2,449775,444078
mixed_one_long_ordinary,4,after,3,native,12,1,1,1,96,2,419726,444115
mixed_one_long_ordinary,4,after,3,native,13,1,1,1,96,2,447029,444675
mixed_one_long_ordinary,4,after,3,native,14,1,1,1,96,2,402552,444069
mixed_one_long_ordinary,4,after,3,fixed_winner,0,1,1,1,19,2,398796,0
mixed_one_long_ordinary,4,after,3,fixed_winner,1,1,1,1,19,2,404251,0
mixed_one_long_ordinary,4,after,3,fixed_winner,2,1,1,1,19,2,468575,0
mixed_one_long_ordinary,4,after,3,fixed_winner,3,1,1,1,19,2,454358,0
mixed_one_long_ordinary,4,after,3,fixed_winner,4,1,1,1,19,2,404894,0
mixed_one_long_ordinary,4,after,3,fixed_winner,5,1,1,1,19,2,433942,0
mixed_one_long_ordinary,4,after,3,fixed_winner,6,1,1,1,19,2,412158,0
mixed_one_long_ordinary,4,after,3,fixed_winner,7,1,1,1,19,2,402029,0
mixed_one_long_ordinary,4,after,3,fixed_winner,8,1,1,1,19,2,392698,0
mixed_one_long_ordinary,4,after,3,fixed_winner,9,1,1,1,19,2,391449,0
mixed_one_long_ordinary,4,after,3,fixed_winner,10,1,1,1,19,2,387656,0
mixed_one_long_ordinary,4,after,3,fixed_winner,11,1,1,1,19,2,415217,0
mixed_one_long_ordinary,4,after,3,fixed_winner,12,1,1,1,19,2,454146,0
mixed_one_long_ordinary,4,after,3,fixed_winner,13,1,1,1,19,2,596293,0
mixed_one_long_ordinary,4,after,3,fixed_winner,14,1,1,1,19,2,408384,0
mixed_one_long_ordinary,4,before,4,native,0,1,1,1,96,2,537003,430468
mixed_one_long_ordinary,4,before,4,native,1,1,1,1,96,2,433814,430504
mixed_one_long_ordinary,4,before,4,native,2,1,1,1,96,2,442051,430771
mixed_one_long_ordinary,4,before,4,native,3,1,1,1,96,2,411534,430394
mixed_one_long_ordinary,4,before,4,native,4,1,1,1,96,2,412572,430367
mixed_one_long_ordinary,4,before,4,native,5,1,1,1,96,2,405850,430366
mixed_one_long_ordinary,4,before,4,native,6,1,1,1,96,2,406602,430312
mixed_one_long_ordinary,4,before,4,native,7,1,1,1,96,2,433245,430358
mixed_one_long_ordinary,4,before,4,native,8,1,1,1,96,2,761830,430908
mixed_one_long_ordinary,4,before,4,native,9,1,1,1,96,2,432537,430587
mixed_one_long_ordinary,4,before,4,native,10,1,1,1,96,2,440482,430541
mixed_one_long_ordinary,4,before,4,native,11,1,1,1,96,2,416199,430550
mixed_one_long_ordinary,4,before,4,native,12,1,1,1,96,2,425255,430412
mixed_one_long_ordinary,4,before,4,native,13,1,1,1,96,2,423996,430376
mixed_one_long_ordinary,4,before,4,native,14,1,1,1,96,2,411112,430477
mixed_one_long_ordinary,4,before,4,fixed_winner,0,1,1,1,19,2,466802,0
mixed_one_long_ordinary,4,before,4,fixed_winner,1,1,1,1,19,2,408751,0
mixed_one_long_ordinary,4,before,4,fixed_winner,2,1,1,1,19,2,404352,0
mixed_one_long_ordinary,4,before,4,fixed_winner,3,1,1,1,19,2,399972,0
mixed_one_long_ordinary,4,before,4,fixed_winner,4,1,1,1,19,2,398557,0
mixed_one_long_ordinary,4,before,4,fixed_winner,5,1,1,1,19,2,424511,0
mixed_one_long_ordinary,4,before,4,fixed_winner,6,1,1,1,19,2,418991,0
mixed_one_long_ordinary,4,before,4,fixed_winner,7,1,1,1,19,2,417476,0
mixed_one_long_ordinary,4,before,4,fixed_winner,8,1,1,1,19,2,429818,0
mixed_one_long_ordinary,4,before,4,fixed_winner,9,1,1,1,19,2,541885,0
mixed_one_long_ordinary,4,before,4,fixed_winner,10,1,1,1,19,2,628696,0
mixed_one_long_ordinary,4,before,4,fixed_winner,11,1,1,1,19,2,421673,0
mixed_one_long_ordinary,4,before,4,fixed_winner,12,1,1,1,19,2,407760,0
mixed_one_long_ordinary,4,before,4,fixed_winner,13,1,1,1,19,2,418303,0
mixed_one_long_ordinary,4,before,4,fixed_winner,14,1,1,1,19,2,400008,0
mixed_one_long_ordinary,4,after,4,native,0,1,1,1,96,2,406345,420901
mixed_one_long_ordinary,4,after,4,native,1,1,1,1,96,2,500286,420736
mixed_one_long_ordinary,4,after,4,native,2,1,1,1,96,2,425814,420727
mixed_one_long_ordinary,4,after,4,native,3,1,1,1,96,2,456036,420764
mixed_one_long_ordinary,4,after,4,native,4,1,1,1,96,2,432651,421406
mixed_one_long_ordinary,4,after,4,native,5,1,1,1,96,2,413471,420882
mixed_one_long_ordinary,4,after,4,native,6,1,1,1,96,2,401900,420791
mixed_one_long_ordinary,4,after,4,native,7,1,1,1,96,2,440665,420919
mixed_one_long_ordinary,4,after,4,native,8,1,1,1,96,2,402754,420763
mixed_one_long_ordinary,4,after,4,native,9,1,1,1,96,2,398318,420763
mixed_one_long_ordinary,4,after,4,native,10,1,1,1,96,2,423629,420763
mixed_one_long_ordinary,4,after,4,native,11,1,1,1,96,2,443714,421296
mixed_one_long_ordinary,4,after,4,native,12,1,1,1,96,2,527274,420773
mixed_one_long_ordinary,4,after,4,native,13,1,1,1,96,2,424541,421278
mixed_one_long_ordinary,4,after,4,native,14,1,1,1,96,2,411112,420763
mixed_one_long_ordinary,4,after,4,fixed_winner,0,1,1,1,19,2,396151,0
mixed_one_long_ordinary,4,after,4,fixed_winner,1,1,1,1,19,2,408124,0
mixed_one_long_ordinary,4,after,4,fixed_winner,2,1,1,1,19,2,409321,0
mixed_one_long_ordinary,4,after,4,fixed_winner,3,1,1,1,19,2,431347,0
mixed_one_long_ordinary,4,after,4,fixed_winner,4,1,1,1,19,2,449610,0
mixed_one_long_ordinary,4,after,4,fixed_winner,5,1,1,1,19,2,404361,0
mixed_one_long_ordinary,4,after,4,fixed_winner,6,1,1,1,19,2,402635,0
mixed_one_long_ordinary,4,after,4,fixed_winner,7,1,1,1,19,2,412067,0
mixed_one_long_ordinary,4,after,4,fixed_winner,8,1,1,1,19,2,391485,0
mixed_one_long_ordinary,4,after,4,fixed_winner,9,1,1,1,19,2,485859,0
mixed_one_long_ordinary,4,after,4,fixed_winner,10,1,1,1,19,2,511755,0
mixed_one_long_ordinary,4,after,4,fixed_winner,11,1,1,1,19,2,474415,0
mixed_one_long_ordinary,4,after,4,fixed_winner,12,1,1,1,19,2,414977,0
mixed_one_long_ordinary,4,after,4,fixed_winner,13,1,1,1,19,2,433125,0
mixed_one_long_ordinary,4,after,4,fixed_winner,14,1,1,1,19,2,410331,0
mixed_compute,4,after,0,native,0,3,3,1,8,1,926633,954524
mixed_compute,4,after,0,native,1,3,3,1,8,1,926201,954267
mixed_compute,4,after,0,native,2,3,3,1,8,1,942273,954285
mixed_compute,4,after,0,native,3,3,3,1,8,1,964599,953973
mixed_compute,4,after,0,native,4,3,3,1,8,1,930609,954433
mixed_compute,4,after,0,native,5,3,3,1,8,1,920177,954184
mixed_compute,4,after,0,native,6,3,3,1,8,1,920085,954083
mixed_compute,4,after,0,native,7,3,3,1,8,1,1166816,954028
mixed_compute,4,after,0,native,8,3,3,1,8,1,905373,954386
mixed_compute,4,after,0,native,9,3,3,1,8,1,919185,954258
mixed_compute,4,after,0,native,10,3,3,1,8,1,912049,954432
mixed_compute,4,after,0,native,11,3,3,1,8,1,1357848,953945
mixed_compute,4,after,0,native,12,3,3,1,8,1,926376,954864
mixed_compute,4,after,0,native,13,3,3,1,8,1,920820,954203
mixed_compute,4,after,0,native,14,3,3,1,8,1,911002,954432
mixed_compute,4,after,0,fixed_winner,0,3,3,1,14,1,942824,0
mixed_compute,4,after,0,fixed_winner,1,3,3,1,14,1,915594,0
mixed_compute,4,after,0,fixed_winner,2,3,3,1,14,1,1044167,0
mixed_compute,4,after,0,fixed_winner,3,3,3,1,14,1,912986,0
mixed_compute,4,after,0,fixed_winner,4,3,3,1,14,1,906383,0
mixed_compute,4,after,0,fixed_winner,5,3,3,1,14,1,903196,0
mixed_compute,4,after,0,fixed_winner,6,3,3,1,14,1,1034157,0
mixed_compute,4,after,0,fixed_winner,7,3,3,1,14,1,1020363,0
mixed_compute,4,after,0,fixed_winner,8,3,3,1,14,1,1190519,0
mixed_compute,4,after,0,fixed_winner,9,3,3,1,14,1,941217,0
mixed_compute,4,after,0,fixed_winner,10,3,3,1,14,1,924135,0
mixed_compute,4,after,0,fixed_winner,11,3,3,1,14,1,950796,0
mixed_compute,4,after,0,fixed_winner,12,3,3,1,14,1,915585,0
mixed_compute,4,after,0,fixed_winner,13,3,3,1,14,1,939481,0
mixed_compute,4,after,0,fixed_winner,14,3,3,1,14,1,912683,0
mixed_compute,4,before,0,native,0,1,1,1,0,2,1329002,1390798
mixed_compute,4,before,0,native,1,1,1,1,0,2,1596195,1390945
mixed_compute,4,before,0,native,2,1,1,1,0,2,1430519,1390770
mixed_compute,4,before,0,native,3,1,1,1,0,2,1338434,1391009
mixed_compute,4,before,0,native,4,1,1,1,0,2,1325273,1390495
mixed_compute,4,before,0,native,5,1,1,1,0,2,1428986,1390422
mixed_compute,4,before,0,native,6,1,1,1,0,2,1474142,1390348
mixed_compute,4,before,0,native,7,1,1,1,0,2,1341024,1390394
mixed_compute,4,before,0,native,8,1,1,1,0,2,1361283,1390807
mixed_compute,4,before,0,native,9,1,1,1,0,2,1456050,1390229
mixed_compute,4,before,0,native,10,1,1,1,0,2,1438050,1390367
mixed_compute,4,before,0,native,11,1,1,1,0,2,1351263,1390274
mixed_compute,4,before,0,native,12,1,1,1,0,2,1343962,1390871
mixed_compute,4,before,0,native,13,1,1,1,0,2,1392692,1410790
mixed_compute,4,before,0,native,14,1,1,1,0,2,1305409,1390319
mixed_compute,4,before,0,fixed_winner,0,3,3,1,14,1,900368,0
mixed_compute,4,before,0,fixed_winner,1,3,3,1,14,1,939747,0
mixed_compute,4,before,0,fixed_winner,2,3,3,1,14,1,905493,0
mixed_compute,4,before,0,fixed_winner,3,3,3,1,14,1,996127,0
mixed_compute,4,before,0,fixed_winner,4,3,3,1,14,1,897383,0
mixed_compute,4,before,0,fixed_winner,5,3,3,1,14,1,895161,0
mixed_compute,4,before,0,fixed_winner,6,3,3,1,14,1,1269427,0
mixed_compute,4,before,0,fixed_winner,7,3,3,1,14,1,913215,0
mixed_compute,4,before,0,fixed_winner,8,3,3,1,14,1,903353,0
mixed_compute,4,before,0,fixed_winner,9,3,3,1,14,1,902599,0
mixed_compute,4,before,0,fixed_winner,10,3,3,1,14,1,932924,0
mixed_compute,4,before,0,fixed_winner,11,3,3,1,14,1,913198,0
mixed_compute,4,before,0,fixed_winner,12,3,3,1,14,1,1015459,0
mixed_compute,4,before,0,fixed_winner,13,3,3,1,14,1,940702,0
mixed_compute,4,before,0,fixed_winner,14,3,3,1,14,1,963029,0
mixed_compute,4,after,1,native,0,3,3,1,0,1,1049903,895114
mixed_compute,4,after,1,native,1,3,3,1,0,1,919299,895233
mixed_compute,4,after,1,native,2,3,3,1,0,1,1041026,895041
mixed_compute,4,after,1,native,3,3,3,1,0,1,1037766,894985
mixed_compute,4,after,1,native,4,3,3,1,0,1,1208097,895160
mixed_compute,4,after,1,native,5,3,3,1,0,1,923988,901791
mixed_compute,4,after,1,native,6,3,3,1,0,1,917119,894214
mixed_compute,4,after,1,native,7,3,3,1,0,1,910993,894269
mixed_compute,4,after,1,native,8,3,3,1,0,1,939335,894251
mixed_compute,4,after,1,native,9,3,3,1,0,1,927148,894691
mixed_compute,4,after,1,native,10,3,3,1,0,1,967161,894361
mixed_compute,4,after,1,native,11,3,3,1,0,1,993134,894480
mixed_compute,4,after,1,native,12,3,3,1,0,1,1069679,895041
mixed_compute,4,after,1,native,13,3,3,1,0,1,930958,894416
mixed_compute,4,after,1,native,14,3,3,1,0,1,932695,894563
mixed_compute,4,after,1,fixed_winner,0,3,3,1,14,1,935973,0
mixed_compute,4,after,1,fixed_winner,1,3,3,1,14,1,1137263,0
mixed_compute,4,after,1,fixed_winner,2,3,3,1,14,1,947710,0
mixed_compute,4,after,1,fixed_winner,3,3,3,1,14,1,923372,0
mixed_compute,4,after,1,fixed_winner,4,3,3,1,14,1,955838,0
mixed_compute,4,after,1,fixed_winner,5,3,3,1,14,1,978163,0
mixed_compute,4,after,1,fixed_winner,6,3,3,1,14,1,980817,0
mixed_compute,4,after,1,fixed_winner,7,3,3,1,14,1,959107,0
mixed_compute,4,after,1,fixed_winner,8,3,3,1,14,1,939142,0
mixed_compute,4,after,1,fixed_winner,9,3,3,1,14,1,1007772,0
mixed_compute,4,after,1,fixed_winner,10,3,3,1,14,1,1163924,0
mixed_compute,4,after,1,fixed_winner,11,3,3,1,14,1,960705,0
mixed_compute,4,after,1,fixed_winner,12,3,3,1,14,1,939702,0
mixed_compute,4,after,1,fixed_winner,13,3,3,1,14,1,1113404,0
mixed_compute,4,after,1,fixed_winner,14,3,3,1,14,1,1426047,0
mixed_compute,4,before,1,native,0,1,1,1,0,2,1432863,1504480
mixed_compute,4,before,1,native,1,1,1,1,0,2,1592611,1504921
mixed_compute,4,before,1,native,2,1,1,1,0,2,1349169,1504572
mixed_compute,4,before,1,native,3,1,1,1,0,2,1376767,1504655
mixed_compute,4,before,1,native,4,1,1,1,0,2,1662327,1504692
mixed_compute,4,before,1,native,5,1,1,1,0,2,1505937,1505004
mixed_compute,4,before,1,native,6,1,1,1,0,2,1420509,1504930
mixed_compute,4,before,1,native,7,1,1,1,0,2,1593568,1504719
mixed_compute,4,before,1,native,8,1,1,1,0,2,1350840,1504333
mixed_compute,4,before,1,native,9,1,1,1,0,2,1331206,1504315
mixed_compute,4,before,1,native,10,1,1,1,0,2,1517012,1504324
mixed_compute,4,before,1,native,11,1,1,1,0,2,1544655,1504747
mixed_compute,4,before,1,native,12,1,1,1,0,2,1335146,1504517
mixed_compute,4,before,1,native,13,1,1,1,0,2,1319304,1504187
mixed_compute,4,before,1,native,14,1,1,1,0,2,1470423,1504140
mixed_compute,4,before,1,fixed_winner,0,3,3,1,14,1,938001,0
mixed_compute,4,before,1,fixed_winner,1,3,3,1,14,1,959464,0
mixed_compute,4,before,1,fixed_winner,2,3,3,1,14,1,942144,0
mixed_compute,4,before,1,fixed_winner,3,3,3,1,14,1,966968,0
mixed_compute,4,before,1,fixed_winner,4,3,3,1,14,1,1062636,0
mixed_compute,4,before,1,fixed_winner,5,3,3,1,14,1,937122,0
mixed_compute,4,before,1,fixed_winner,6,3,3,1,14,1,966702,0
mixed_compute,4,before,1,fixed_winner,7,3,3,1,14,1,955434,0
mixed_compute,4,before,1,fixed_winner,8,3,3,1,14,1,915494,0
mixed_compute,4,before,1,fixed_winner,9,3,3,1,14,1,1105827,0
mixed_compute,4,before,1,fixed_winner,10,3,3,1,14,1,1043414,0
mixed_compute,4,before,1,fixed_winner,11,3,3,1,14,1,1000370,0
mixed_compute,4,before,1,fixed_winner,12,3,3,1,14,1,1120987,0
mixed_compute,4,before,1,fixed_winner,13,3,3,1,14,1,1072934,0
mixed_compute,4,before,1,fixed_winner,14,3,3,1,14,1,939436,0
mixed_compute,4,after,2,native,0,3,3,1,0,1,981102,911549
mixed_compute,4,after,2,native,1,3,3,1,0,1,939509,911255
mixed_compute,4,after,2,native,2,3,3,1,0,1,1034138,910971
mixed_compute,4,after,2,native,3,3,3,1,0,1,1017562,911081
mixed_compute,4,after,2,native,4,3,3,1,0,1,990819,911494
mixed_compute,4,after,2,native,5,3,3,1,0,1,940170,922622
mixed_compute,4,after,2,native,6,3,3,1,0,1,912334,911702
mixed_compute,4,after,2,native,7,3,3,1,0,1,1050642,911446
mixed_compute,4,after,2,native,8,3,3,1,0,1,1002078,911693
mixed_compute,4,after,2,native,9,3,3,1,0,1,918588,911639
mixed_compute,4,after,2,native,10,3,3,1,0,1,911608,911601
mixed_compute,4,after,2,native,11,3,3,1,0,1,914281,911289
mixed_compute,4,after,2,native,12,3,3,1,0,1,1027674,911234
mixed_compute,4,after,2,native,13,3,3,1,0,1,923364,911538
mixed_compute,4,after,2,native,14,3,3,1,0,1,942393,911491
mixed_compute,4,after,2,fixed_winner,0,3,3,1,14,1,905437,0
mixed_compute,4,after,2,fixed_winner,1,3,3,1,14,1,902792,0
mixed_compute,4,after,2,fixed_winner,2,3,3,1,14,1,901497,0
mixed_compute,4,after,2,fixed_winner,3,3,3,1,14,1,1032632,0
mixed_compute,4,after,2,fixed_winner,4,3,3,1,14,1,938848,0
mixed_compute,4,after,2,fixed_winner,5,3,3,1,14,1,973902,0
mixed_compute,4,after,2,fixed_winner,6,3,3,1,14,1,914373,0
mixed_compute,4,after,2,fixed_winner,7,3,3,1,14,1,932979,0
mixed_compute,4,after,2,fixed_winner,8,3,3,1,14,1,907513,0
mixed_compute,4,after,2,fixed_winner,9,3,3,1,14,1,907430,0
mixed_compute,4,after,2,fixed_winner,10,3,3,1,14,1,902424,0
mixed_compute,4,after,2,fixed_winner,11,3,3,1,14,1,1063683,0
mixed_compute,4,after,2,fixed_winner,12,3,3,1,14,1,1028261,0
mixed_compute,4,after,2,fixed_winner,13,3,3,1,14,1,908146,0
mixed_compute,4,after,2,fixed_winner,14,3,3,1,14,1,910249,0
mixed_compute,4,before,2,native,0,1,1,1,0,2,1352173,1451925
mixed_compute,4,before,2,native,1,1,1,1,0,2,1351897,1452063
mixed_compute,4,before,2,native,2,1,1,1,0,2,1463140,1451512
mixed_compute,4,before,2,native,3,1,1,1,0,2,1569736,1451347
mixed_compute,4,before,2,native,4,1,1,1,0,2,1329140,1451594
mixed_compute,4,before,2,native,5,1,1,1,0,2,1513063,1451190
mixed_compute,4,before,2,native,6,1,1,1,0,2,1465399,1451328
mixed_compute,4,before,2,native,7,1,1,1,0,2,1306988,1451209
mixed_compute,4,before,2,native,8,1,1,1,0,2,1629522,1451181
mixed_compute,4,before,2,native,9,1,1,1,0,2,1340821,1452146
mixed_compute,4,before,2,native,10,1,1,1,0,2,1319295,1451283
mixed_compute,4,before,2,native,11,1,1,1,0,2,1421868,1452090
mixed_compute,4,before,2,native,12,1,1,1,0,2,1419994,1451503
mixed_compute,4,before,2,native,13,1,1,1,0,2,1535784,1451658
mixed_compute,4,before,2,native,14,1,1,1,0,2,1311313,1451558
mixed_compute,4,before,2,fixed_winner,0,3,3,1,14,1,912600,0
mixed_compute,4,before,2,fixed_winner,1,3,3,1,14,1,1079763,0
mixed_compute,4,before,2,fixed_winner,2,3,3,1,14,1,992573,0
mixed_compute,4,before,2,fixed_winner,3,3,3,1,14,1,1094384,0
mixed_compute,4,before,2,fixed_winner,4,3,3,1,14,1,917688,0
mixed_compute,4,before,2,fixed_winner,5,3,3,1,14,1,1184243,0
mixed_compute,4,before,2,fixed_winner,6,3,3,1,14,1,969398,0
mixed_compute,4,before,2,fixed_winner,7,3,3,1,14,1,928442,0
mixed_compute,4,before,2,fixed_winner,8,3,3,1,14,1,925137,0
mixed_compute,4,before,2,fixed_winner,9,3,3,1,14,1,908302,0
mixed_compute,4,before,2,fixed_winner,10,3,3,1,14,1,1104091,0
mixed_compute,4,before,2,fixed_winner,11,3,3,1,14,1,914924,0
mixed_compute,4,before,2,fixed_winner,12,3,3,1,14,1,904822,0
mixed_compute,4,before,2,fixed_winner,13,3,3,1,14,1,901956,0
mixed_compute,4,before,2,fixed_winner,14,3,3,1,14,1,951795,0
mixed_compute,4,before,3,native,0,1,1,1,0,2,1568827,1345090
mixed_compute,4,before,3,native,1,1,1,1,0,2,1301717,1344806
mixed_compute,4,before,3,native,2,1,1,1,0,2,1331876,1344715
mixed_compute,4,before,3,native,3,1,1,1,0,2,1580812,1344641
mixed_compute,4,before,3,native,4,1,1,1,0,2,1410655,1345237
mixed_compute,4,before,3,native,5,1,1,1,0,2,1343228,1344824
mixed_compute,4,before,3,native,6,1,1,1,0,2,1321186,1345100
mixed_compute,4,before,3,native,7,1,1,1,0,2,1367179,1344549
mixed_compute,4,before,3,native,8,1,1,1,0,2,1327973,1344788
mixed_compute,4,before,3,native,9,1,1,1,0,2,1345808,1345247
mixed_compute,4,before,3,native,10,1,1,1,0,2,1338250,1345100
mixed_compute,4,before,3,native,11,1,1,1,0,2,1460200,1344751
mixed_compute,4,before,3,native,12,1,1,1,0,2,1505808,1345137
mixed_compute,4,before,3,native,13,1,1,1,0,2,1302323,1344456
mixed_compute,4,before,3,native,14,1,1,1,0,2,1595203,1344576
mixed_compute,4,before,3,fixed_winner,0,3,3,1,14,1,1085237,0
mixed_compute,4,before,3,fixed_winner,1,3,3,1,14,1,1001224,0
mixed_compute,4,before,3,fixed_winner,2,3,3,1,14,1,923952,0
mixed_compute,4,before,3,fixed_winner,3,3,3,1,14,1,964057,0
mixed_compute,4,before,3,fixed_winner,4,3,3,1,14,1,920158,0
mixed_compute,4,before,3,fixed_winner,5,3,3,1,14,1,921729,0
mixed_compute,4,before,3,fixed_winner,6,3,3,1,14,1,922317,0
mixed_compute,4,before,3,fixed_winner,7,3,3,1,14,1,1067917,0
mixed_compute,4,before,3,fixed_winner,8,3,3,1,14,1,916945,0
mixed_compute,4,before,3,fixed_winner,9,3,3,1,14,1,910617,0
mixed_compute,4,before,3,fixed_winner,10,3,3,1,14,1,917798,0
mixed_compute,4,before,3,fixed_winner,11,3,3,1,14,1,997936,0
mixed_compute,4,before,3,fixed_winner,12,3,3,1,14,1,1157233,0
mixed_compute,4,before,3,fixed_winner,13,3,3,1,14,1,946521,0
mixed_compute,4,before,3,fixed_winner,14,3,3,1,14,1,1223930,0
mixed_compute,4,after,3,native,0,3,3,1,0,1,1318871,928679
mixed_compute,4,after,3,native,1,3,3,1,0,1,936891,927568
mixed_compute,4,after,3,native,2,3,3,1,0,1,926358,927632
mixed_compute,4,after,3,native,3,3,3,1,0,1,925806,927292
mixed_compute,4,after,3,native,4,3,3,1,0,1,956232,927200
mixed_compute,4,after,3,native,5,3,3,1,0,1,943375,936877
mixed_compute,4,after,3,native,6,3,3,1,0,1,928525,927546
mixed_compute,4,after,3,native,7,3,3,1,0,1,924021,927390
mixed_compute,4,after,3,native,8,3,3,1,0,1,1080611,927638
mixed_compute,4,after,3,native,9,3,3,1,0,1,977934,927500
mixed_compute,4,after,3,native,10,3,3,1,0,1,1060431,927399
mixed_compute,4,after,3,native,11,3,3,1,0,1,936726,927472
mixed_compute,4,after,3,native,12,3,3,1,0,1,942604,927426
mixed_compute,4,after,3,native,13,3,3,1,0,1,1028160,927344
mixed_compute,4,after,3,native,14,3,3,1,0,1,1156237,927436
mixed_compute,4,after,3,fixed_winner,0,3,3,1,14,1,924521,0
mixed_compute,4,after,3,fixed_winner,1,3,3,1,14,1,1000709,0
mixed_compute,4,after,3,fixed_winner,2,3,3,1,14,1,922455,0
mixed_compute,4,after,3,fixed_winner,3,3,3,1,14,1,936424,0
mixed_compute,4,after,3,fixed_winner,4,3,3,1,14,1,912169,0
mixed_compute,4,after,3,fixed_winner,5,3,3,1,14,1,910469,0
mixed_compute,4,after,3,fixed_winner,6,3,3,1,14,1,935036,0
mixed_compute,4,after,3,fixed_winner,7,3,3,1,14,1,923759,0
mixed_compute,4,after,3,fixed_winner,8,3,3,1,14,1,913418,0
mixed_compute,4,after,3,fixed_winner,9,3,3,1,14,1,912380,0
mixed_compute,4,after,3,fixed_winner,10,3,3,1,14,1,1091721,0
mixed_compute,4,after,3,fixed_winner,11,3,3,1,14,1,933132,0
mixed_compute,4,after,3,fixed_winner,12,3,3,1,14,1,926783,0
mixed_compute,4,after,3,fixed_winner,13,3,3,1,14,1,917311,0
mixed_compute,4,after,3,fixed_winner,14,3,3,1,14,1,903913,0
mixed_compute,4,before,4,native,0,1,1,1,0,2,1373424,1362559
mixed_compute,4,before,4,native,1,1,1,1,0,2,1498222,1362945
mixed_compute,4,before,4,native,2,1,1,1,0,2,1311883,1362375
mixed_compute,4,before,4,native,3,1,1,1,0,2,1523583,1362503
mixed_compute,4,before,4,native,4,1,1,1,0,2,1313164,1362596
mixed_compute,4,before,4,native,5,1,1,1,0,2,1332234,1362494
mixed_compute,4,before,4,native,6,1,1,1,0,2,1385023,1363036
mixed_compute,4,before,4,native,7,1,1,1,0,2,1457299,1362439
mixed_compute,4,before,4,native,8,1,1,1,0,2,1428219,1362503
mixed_compute,4,before,4,native,9,1,1,1,0,2,1553614,1362504
mixed_compute,4,before,4,native,10,1,1,1,0,2,1450356,1362476
mixed_compute,4,before,4,native,11,1,1,1,0,2,1461840,1362504
mixed_compute,4,before,4,native,12,1,1,1,0,2,1514941,1362991
mixed_compute,4,before,4,native,13,1,1,1,0,2,1570516,1362559
mixed_compute,4,before,4,native,14,1,1,1,0,2,1373479,1362660
mixed_compute,4,before,4,fixed_winner,0,3,3,1,14,1,904013,0
mixed_compute,4,before,4,fixed_winner,1,3,3,1,14,1,1067044,0
mixed_compute,4,before,4,fixed_winner,2,3,3,1,14,1,898641,0
mixed_compute,4,before,4,fixed_winner,3,3,3,1,14,1,1035589,0
mixed_compute,4,before,4,fixed_winner,4,3,3,1,14,1,897217,0
mixed_compute,4,before,4,fixed_winner,5,3,3,1,14,1,902158,0
mixed_compute,4,before,4,fixed_winner,6,3,3,1,14,1,899495,0
mixed_compute,4,before,4,fixed_winner,7,3,3,1,14,1,1070075,0
mixed_compute,4,before,4,fixed_winner,8,3,3,1,14,1,895445,0
mixed_compute,4,before,4,fixed_winner,9,3,3,1,14,1,1054021,0
mixed_compute,4,before,4,fixed_winner,10,3,3,1,14,1,941208,0
mixed_compute,4,before,4,fixed_winner,11,3,3,1,14,1,1035085,0
mixed_compute,4,before,4,fixed_winner,12,3,3,1,14,1,1019794,0
mixed_compute,4,before,4,fixed_winner,13,3,3,1,14,1,930563,0
mixed_compute,4,before,4,fixed_winner,14,3,3,1,14,1,912820,0
mixed_compute,4,after,4,native,0,3,3,1,0,1,920021,940477
mixed_compute,4,after,4,native,1,3,3,1,0,1,978494,940495
mixed_compute,4,after,4,native,2,3,3,1,0,1,908596,940560
mixed_compute,4,after,4,native,3,3,3,1,0,1,1026314,940311
mixed_compute,4,after,4,native,4,3,3,1,0,1,1069211,940698
mixed_compute,4,after,4,native,5,3,3,1,0,1,1019325,941028
mixed_compute,4,after,4,native,6,3,3,1,0,1,921877,940615
mixed_compute,4,after,4,native,7,3,3,1,0,1,910029,940890
mixed_compute,4,after,4,native,8,3,3,1,0,1,914860,940651
mixed_compute,4,after,4,native,9,3,3,1,0,1,1166100,940339
mixed_compute,4,after,4,native,10,3,3,1,0,1,932198,940734
mixed_compute,4,after,4,native,11,3,3,1,0,1,928663,940624
mixed_compute,4,after,4,native,12,3,3,1,0,1,948408,940459
mixed_compute,4,after,4,native,13,3,3,1,0,1,988201,971518
mixed_compute,4,after,4,native,14,3,3,1,0,1,927836,941091
mixed_compute,4,after,4,fixed_winner,0,3,3,1,14,1,1063278,0
mixed_compute,4,after,4,fixed_winner,1,3,3,1,14,1,929921,0
mixed_compute,4,after,4,fixed_winner,2,3,3,1,14,1,929645,0
mixed_compute,4,after,4,fixed_winner,3,3,3,1,14,1,919121,0
mixed_compute,4,after,4,fixed_winner,4,3,3,1,14,1,953569,0
mixed_compute,4,after,4,fixed_winner,5,3,3,1,14,1,922849,0
mixed_compute,4,after,4,fixed_winner,6,3,3,1,14,1,1030483,0
mixed_compute,4,after,4,fixed_winner,7,3,3,1,14,1,942356,0
mixed_compute,4,after,4,fixed_winner,8,3,3,1,14,1,953358,0
mixed_compute,4,after,4,fixed_winner,9,3,3,1,14,1,921674,0
mixed_compute,4,after,4,fixed_winner,10,3,3,1,14,1,945248,0
mixed_compute,4,after,4,fixed_winner,11,3,3,1,14,1,922235,0
mixed_compute,4,after,4,fixed_winner,12,3,3,1,14,1,937498,0
mixed_compute,4,after,4,fixed_winner,13,3,3,1,14,1,920526,0
mixed_compute,4,after,4,fixed_winner,14,3,3,1,14,1,910212,0
mixed_compute,6,before,0,native,0,1,1,1,0,2,1518693,1373038
mixed_compute,6,before,0,native,1,1,1,1,0,2,1316200,1373294
mixed_compute,6,before,0,native,2,1,1,1,0,2,1529759,1373083
mixed_compute,6,before,0,native,3,1,1,1,0,2,1425220,1373193
mixed_compute,6,before,0,native,4,1,1,1,0,2,1332997,1373111
mixed_compute,6,before,0,native,5,1,1,1,0,2,1361017,1373488
mixed_compute,6,before,0,native,6,1,1,1,0,2,1360005,1372955
mixed_compute,6,before,0,native,7,1,1,1,0,2,1460246,1372908
mixed_compute,6,before,0,native,8,1,1,1,0,2,1454856,1373038
mixed_compute,6,before,0,native,9,1,1,1,0,2,1526645,1372954
mixed_compute,6,before,0,native,10,1,1,1,0,2,1553389,1372881
mixed_compute,6,before,0,native,11,1,1,1,0,2,1577193,1374369
mixed_compute,6,before,0,native,12,1,1,1,0,2,1310276,1373643
mixed_compute,6,before,0,native,13,1,1,1,0,2,1516002,1373625
mixed_compute,6,before,0,native,14,1,1,1,0,2,1408937,1373276
mixed_compute,6,before,0,fixed_winner,0,5,5,1,7,1,713404,0
mixed_compute,6,before,0,fixed_winner,1,5,5,1,7,1,644682,0
mixed_compute,6,before,0,fixed_winner,2,5,5,1,7,1,652341,0
mixed_compute,6,before,0,fixed_winner,3,5,5,1,7,1,657309,0
mixed_compute,6,before,0,fixed_winner,4,5,5,1,7,1,688848,0
mixed_compute,6,before,0,fixed_winner,5,5,5,1,7,1,648659,0
mixed_compute,6,before,0,fixed_winner,6,5,5,1,7,1,982203,0
mixed_compute,6,before,0,fixed_winner,7,5,5,1,7,1,1267940,0
mixed_compute,6,before,0,fixed_winner,8,5,5,1,7,1,759103,0
mixed_compute,6,before,0,fixed_winner,9,5,5,1,7,1,720669,0
mixed_compute,6,before,0,fixed_winner,10,5,5,1,7,1,667017,0
mixed_compute,6,before,0,fixed_winner,11,5,5,1,7,1,646510,0
mixed_compute,6,before,0,fixed_winner,12,5,5,1,7,1,649091,0
mixed_compute,6,before,0,fixed_winner,13,5,5,1,7,1,673326,0
mixed_compute,6,before,0,fixed_winner,14,5,5,1,7,1,672931,0
mixed_compute,6,after,0,native,0,5,5,1,0,1,832297,693800
mixed_compute,6,after,0,native,1,5,5,1,0,1,801743,693579
mixed_compute,6,after,0,native,2,5,5,1,0,1,786470,693938
mixed_compute,6,after,0,native,3,5,5,1,0,1,817476,693818
mixed_compute,6,after,0,native,4,5,5,1,0,1,670499,694075
mixed_compute,6,after,0,native,5,5,5,1,0,1,664134,693616
mixed_compute,6,after,0,native,6,5,5,1,0,1,702164,693571
mixed_compute,6,after,0,native,7,5,5,1,0,1,690509,693772
mixed_compute,6,after,0,native,8,5,5,1,0,1,728117,693570
mixed_compute,6,after,0,native,9,5,5,1,0,1,778141,693643
mixed_compute,6,after,0,native,10,5,5,1,0,1,1186465,693735
mixed_compute,6,after,0,native,11,5,5,1,0,1,909152,694240
mixed_compute,6,after,0,native,12,5,5,1,0,1,897438,694011
mixed_compute,6,after,0,native,13,5,5,1,0,1,886197,693589
mixed_compute,6,after,0,native,14,5,5,1,0,1,892947,693883
mixed_compute,6,after,0,fixed_winner,0,5,5,1,7,1,661130,0
mixed_compute,6,after,0,fixed_winner,1,5,5,1,7,1,657264,0
mixed_compute,6,after,0,fixed_winner,2,5,5,1,7,1,655418,0
mixed_compute,6,after,0,fixed_winner,3,5,5,1,7,1,690748,0
mixed_compute,6,after,0,fixed_winner,4,5,5,1,7,1,648401,0
mixed_compute,6,after,0,fixed_winner,5,5,5,1,7,1,653572,0
mixed_compute,6,after,0,fixed_winner,6,5,5,1,7,1,646353,0
mixed_compute,6,after,0,fixed_winner,7,5,5,1,7,1,656254,0
mixed_compute,6,after,0,fixed_winner,8,5,5,1,7,1,661388,0
mixed_compute,6,after,0,fixed_winner,9,5,5,1,7,1,841913,0
mixed_compute,6,after,0,fixed_winner,10,5,5,1,7,1,807226,0
mixed_compute,6,after,0,fixed_winner,11,5,5,1,7,1,668864,0
mixed_compute,6,after,0,fixed_winner,12,5,5,1,7,1,656952,0
mixed_compute,6,after,0,fixed_winner,13,5,5,1,7,1,801504,0
mixed_compute,6,after,0,fixed_winner,14,5,5,1,7,1,657640,0
mixed_compute,6,after,1,native,0,5,5,1,0,1,657393,697252
mixed_compute,6,after,1,native,1,5,5,1,0,1,665566,697041
mixed_compute,6,after,1,native,2,5,5,1,0,1,660946,697142
mixed_compute,6,after,1,native,3,5,5,1,0,1,672494,697124
mixed_compute,6,after,1,native,4,5,5,1,0,1,661835,697160
mixed_compute,6,after,1,native,5,5,5,1,0,1,666788,706516
mixed_compute,6,after,1,native,6,5,5,1,0,1,651148,697296
mixed_compute,6,after,1,native,7,5,5,1,0,1,695242,697295
mixed_compute,6,after,1,native,8,5,5,1,0,1,809834,697396
mixed_compute,6,after,1,native,9,5,5,1,0,1,666399,697479
mixed_compute,6,after,1,native,10,5,5,1,0,1,655308,697479
mixed_compute,6,after,1,native,11,5,5,1,0,1,657209,697167
mixed_compute,6,after,1,native,12,5,5,1,0,1,652709,697286
mixed_compute,6,after,1,native,13,5,5,1,0,1,661675,697029
mixed_compute,6,after,1,native,14,5,5,1,0,1,677208,697341
mixed_compute,6,after,1,fixed_winner,0,5,5,1,7,1,765027,0
mixed_compute,6,after,1,fixed_winner,1,5,5,1,7,1,758117,0
mixed_compute,6,after,1,fixed_winner,2,5,5,1,7,1,679327,0
mixed_compute,6,after,1,fixed_winner,3,5,5,1,7,1,650125,0
mixed_compute,6,after,1,fixed_winner,4,5,5,1,7,1,651674,0
mixed_compute,6,after,1,fixed_winner,5,5,5,1,7,1,646785,0
mixed_compute,6,after,1,fixed_winner,6,5,5,1,7,1,654407,0
mixed_compute,6,after,1,fixed_winner,7,5,5,1,7,1,815106,0
mixed_compute,6,after,1,fixed_winner,8,5,5,1,7,1,756914,0
mixed_compute,6,after,1,fixed_winner,9,5,5,1,7,1,655832,0
mixed_compute,6,after,1,fixed_winner,10,5,5,1,7,1,651542,0
mixed_compute,6,after,1,fixed_winner,11,5,5,1,7,1,765329,0
mixed_compute,6,after,1,fixed_winner,12,5,5,1,7,1,779861,0
mixed_compute,6,after,1,fixed_winner,13,5,5,1,7,1,649099,0
mixed_compute,6,after,1,fixed_winner,14,5,5,1,7,1,653030,0
mixed_compute,6,before,1,native,0,1,1,1,8,2,1407982,1407729
mixed_compute,6,before,1,native,1,1,1,1,8,2,1407679,1408316
mixed_compute,6,before,1,native,2,1,1,1,8,2,1328093,1408114
mixed_compute,6,before,1,native,3,1,1,1,8,2,1298126,1407352
mixed_compute,6,before,1,native,4,1,1,1,8,2,1334329,1407334
mixed_compute,6,before,1,native,5,1,1,1,8,2,1339160,1407361
mixed_compute,6,before,1,native,6,1,1,1,8,2,1348876,1407958
mixed_compute,6,before,1,native,7,1,1,1,8,2,1535278,1407637
mixed_compute,6,before,1,native,8,1,1,1,8,2,1319625,1407590
mixed_compute,6,before,1,native,9,1,1,1,8,2,1393785,1407756
mixed_compute,6,before,1,native,10,1,1,1,8,2,1381101,1408151
mixed_compute,6,before,1,native,11,1,1,1,8,2,1363284,1408086
mixed_compute,6,before,1,native,12,1,1,1,8,2,1390034,1407802
mixed_compute,6,before,1,native,13,1,1,1,8,2,1337399,1408215
mixed_compute,6,before,1,native,14,1,1,1,8,2,1326595,1407673
mixed_compute,6,before,1,fixed_winner,0,5,5,1,7,1,641899,0
mixed_compute,6,before,1,fixed_winner,1,5,5,1,7,1,656511,0
mixed_compute,6,before,1,fixed_winner,2,5,5,1,7,1,763738,0
mixed_compute,6,before,1,fixed_winner,3,5,5,1,7,1,666286,0
mixed_compute,6,before,1,fixed_winner,4,5,5,1,7,1,688296,0
mixed_compute,6,before,1,fixed_winner,5,5,5,1,7,1,649963,0
mixed_compute,6,before,1,fixed_winner,6,5,5,1,7,1,667568,0
mixed_compute,6,before,1,fixed_winner,7,5,5,1,7,1,642965,0
mixed_compute,6,before,1,fixed_winner,8,5,5,1,7,1,709942,0
mixed_compute,6,before,1,fixed_winner,9,5,5,1,7,1,645693,0
mixed_compute,6,before,1,fixed_winner,10,5,5,1,7,1,646170,0
mixed_compute,6,before,1,fixed_winner,11,5,5,1,7,1,651873,0
mixed_compute,6,before,1,fixed_winner,12,5,5,1,7,1,646574,0
mixed_compute,6,before,1,fixed_winner,13,5,5,1,7,1,676219,0
mixed_compute,6,before,1,fixed_winner,14,5,5,1,7,1,675770,0
mixed_compute,6,before,2,native,0,1,1,1,0,2,1489084,1338593
mixed_compute,6,before,2,native,1,1,1,1,0,2,1453708,1338630
mixed_compute,6,before,2,native,2,1,1,1,0,2,1456500,1339080
mixed_compute,6,before,2,native,3,1,1,1,0,2,1347516,1338575
mixed_compute,6,before,2,native,4,1,1,1,0,2,1339094,1338685
mixed_compute,6,before,2,native,5,1,1,1,0,2,1401324,1338611
mixed_compute,6,before,2,native,6,1,1,1,0,2,1517967,1338474
mixed_compute,6,before,2,native,7,1,1,1,0,2,1375131,1338648
mixed_compute,6,before,2,native,8,1,1,1,0,2,1473398,1338510
mixed_compute,6,before,2,native,9,1,1,1,0,2,1299237,1338538
mixed_compute,6,before,2,native,10,1,1,1,0,2,1378493,1338887
mixed_compute,6,before,2,native,11,1,1,1,0,2,1424642,1338594
mixed_compute,6,before,2,native,12,1,1,1,0,2,1308494,1338603
mixed_compute,6,before,2,native,13,1,1,1,0,2,1355479,1338566
mixed_compute,6,before,2,native,14,1,1,1,0,2,1305757,1338566
mixed_compute,6,before,2,fixed_winner,0,5,5,1,7,1,672086,0
mixed_compute,6,before,2,fixed_winner,1,5,5,1,7,1,644252,0
mixed_compute,6,before,2,fixed_winner,2,5,5,1,7,1,648171,0
mixed_compute,6,before,2,fixed_winner,3,5,5,1,7,1,659671,0
mixed_compute,6,before,2,fixed_winner,4,5,5,1,7,1,691547,0
mixed_compute,6,before,2,fixed_winner,5,5,5,1,7,1,648051,0
mixed_compute,6,before,2,fixed_winner,6,5,5,1,7,1,676927,0
mixed_compute,6,before,2,fixed_winner,7,5,5,1,7,1,868289,0
mixed_compute,6,before,2,fixed_winner,8,5,5,1,7,1,848324,0
mixed_compute,6,before,2,fixed_winner,9,5,5,1,7,1,809842,0
mixed_compute,6,before,2,fixed_winner,10,5,5,1,7,1,664133,0
mixed_compute,6,before,2,fixed_winner,11,5,5,1,7,1,666328,0
mixed_compute,6,before,2,fixed_winner,12,5,5,1,7,1,697131,0
mixed_compute,6,before,2,fixed_winner,13,5,5,1,7,1,793331,0
mixed_compute,6,before,2,fixed_winner,14,5,5,1,7,1,683245,0
mixed_compute,6,after,2,native,0,5,5,1,0,1,667513,693342
mixed_compute,6,after,2,native,1,5,5,1,0,1,657254,693204
mixed_compute,6,after,2,native,2,5,5,1,0,1,660038,693139
mixed_compute,6,after,2,native,3,5,5,1,0,1,654233,693085
mixed_compute,6,after,2,native,4,5,5,1,0,1,699409,693287
mixed_compute,6,after,2,native,5,5,5,1,0,1,682951,701258
mixed_compute,6,after,2,native,6,5,5,1,0,1,674933,693378
mixed_compute,6,after,2,native,7,5,5,1,0,1,671076,693167
mixed_compute,6,after,2,native,8,5,5,1,0,1,660268,693130
mixed_compute,6,after,2,native,9,5,5,1,0,1,665061,693019
mixed_compute,6,after,2,native,10,5,5,1,0,1,692870,693084
mixed_compute,6,after,2,native,11,5,5,1,0,1,666466,693149
mixed_compute,6,after,2,native,12,5,5,1,0,1,659927,693075
mixed_compute,6,after,2,native,13,5,5,1,0,1,658486,692873
mixed_compute,6,after,2,native,14,5,5,1,0,1,857534,692983
mixed_compute,6,after,2,fixed_winner,0,5,5,1,7,1,910469,0
mixed_compute,6,after,2,fixed_winner,1,5,5,1,7,1,786213,0
mixed_compute,6,after,2,fixed_winner,2,5,5,1,7,1,897594,0
mixed_compute,6,after,2,fixed_winner,3,5,5,1,7,1,965349,0
mixed_compute,6,after,2,fixed_winner,4,5,5,1,7,1,863498,0
mixed_compute,6,after,2,fixed_winner,5,5,5,1,7,1,790273,0
mixed_compute,6,after,2,fixed_winner,6,5,5,1,7,1,923924,0
mixed_compute,6,after,2,fixed_winner,7,5,5,1,7,1,919892,0
mixed_compute,6,after,2,fixed_winner,8,5,5,1,7,1,937957,0
mixed_compute,6,after,2,fixed_winner,9,5,5,1,7,1,794148,0
mixed_compute,6,after,2,fixed_winner,10,5,5,1,7,1,793891,0
mixed_compute,6,after,2,fixed_winner,11,5,5,1,7,1,849912,0
mixed_compute,6,after,2,fixed_winner,12,5,5,1,7,1,1026885,0
mixed_compute,6,after,2,fixed_winner,13,5,5,1,7,1,958647,0
mixed_compute,6,after,2,fixed_winner,14,5,5,1,7,1,892864,0
mixed_compute,6,before,3,native,0,1,1,1,0,2,1374315,1334752
mixed_compute,6,before,3,native,1,1,1,1,0,2,1374232,1335083
mixed_compute,6,before,3,native,2,1,1,1,0,2,1747249,1334412
mixed_compute,6,before,3,native,3,1,1,1,0,2,1468374,1334918
mixed_compute,6,before,3,native,4,1,1,1,0,2,1528427,1335496
mixed_compute,6,before,3,native,5,1,1,1,0,2,1523055,1334679
mixed_compute,6,before,3,native,6,1,1,1,0,2,1382184,1334459
mixed_compute,6,before,3,native,7,1,1,1,0,2,1777785,1334532
mixed_compute,6,before,3,native,8,1,1,1,0,2,1332739,1334633
mixed_compute,6,before,3,native,9,1,1,1,0,2,1363863,1334569
mixed_compute,6,before,3,native,10,1,1,1,0,2,1371018,1335000
mixed_compute,6,before,3,native,11,1,1,1,0,2,1340408,1334707
mixed_compute,6,before,3,native,12,1,1,1,0,2,1404758,1334817
mixed_compute,6,before,3,native,13,1,1,1,0,2,1461910,1334303
mixed_compute,6,before,3,native,14,1,1,1,0,2,1340206,1334404
mixed_compute,6,before,3,fixed_winner,0,5,5,1,7,1,760496,0
mixed_compute,6,before,3,fixed_winner,1,5,5,1,7,1,846820,0
mixed_compute,6,before,3,fixed_winner,2,5,5,1,7,1,842427,0
mixed_compute,6,before,3,fixed_winner,3,5,5,1,7,1,776828,0
mixed_compute,6,before,3,fixed_winner,4,5,5,1,7,1,661405,0
mixed_compute,6,before,3,fixed_winner,5,5,5,1,7,1,779013,0
mixed_compute,6,before,3,fixed_winner,6,5,5,1,7,1,810992,0
mixed_compute,6,before,3,fixed_winner,7,5,5,1,7,1,787471,0
mixed_compute,6,before,3,fixed_winner,8,5,5,1,7,1,773291,0
mixed_compute,6,before,3,fixed_winner,9,5,5,1,7,1,658090,0
mixed_compute,6,before,3,fixed_winner,10,5,5,1,7,1,765807,0
mixed_compute,6,before,3,fixed_winner,11,5,5,1,7,1,1198344,0
mixed_compute,6,before,3,fixed_winner,12,5,5,1,7,1,836172,0
mixed_compute,6,before,3,fixed_winner,13,5,5,1,7,1,930426,0
mixed_compute,6,before,3,fixed_winner,14,5,5,1,7,1,940271,0
mixed_compute,6,after,3,native,0,5,5,1,0,1,652966,691844
mixed_compute,6,after,3,native,1,5,5,1,0,1,802230,691964
mixed_compute,6,after,3,native,2,5,5,1,0,1,662949,691697
mixed_compute,6,after,3,native,3,5,5,1,0,1,663280,691780
mixed_compute,6,after,3,native,4,5,5,1,0,1,694789,691908
mixed_compute,6,after,3,native,5,5,5,1,0,1,651409,691780
mixed_compute,6,after,3,native,6,5,5,1,0,1,768613,692019
mixed_compute,6,after,3,native,7,5,5,1,0,1,659322,691799
mixed_compute,6,after,3,native,8,5,5,1,0,1,648521,691624
mixed_compute,6,after,3,native,9,5,5,1,0,1,662278,691587
mixed_compute,6,after,3,native,10,5,5,1,0,1,647929,692001
mixed_compute,6,after,3,native,11,5,5,1,0,1,649238,691881
mixed_compute,6,after,3,native,12,5,5,1,0,1,657186,691744
mixed_compute,6,after,3,native,13,5,5,1,0,1,672941,691744
mixed_compute,6,after,3,native,14,5,5,1,0,1,661324,691881
mixed_compute,6,after,3,fixed_winner,0,5,5,1,7,1,716143,0
mixed_compute,6,after,3,fixed_winner,1,5,5,1,7,1,778444,0
mixed_compute,6,after,3,fixed_winner,2,5,5,1,7,1,694339,0
mixed_compute,6,after,3,fixed_winner,3,5,5,1,7,1,802606,0
mixed_compute,6,after,3,fixed_winner,4,5,5,1,7,1,779895,0
mixed_compute,6,after,3,fixed_winner,5,5,5,1,7,1,681206,0
mixed_compute,6,after,3,fixed_winner,6,5,5,1,7,1,798887,0
mixed_compute,6,after,3,fixed_winner,7,5,5,1,7,1,699821,0
mixed_compute,6,after,3,fixed_winner,8,5,5,1,7,1,693182,0
mixed_compute,6,after,3,fixed_winner,9,5,5,1,7,1,664428,0
mixed_compute,6,after,3,fixed_winner,10,5,5,1,7,1,655822,0
mixed_compute,6,after,3,fixed_winner,11,5,5,1,7,1,793019,0
mixed_compute,6,after,3,fixed_winner,12,5,5,1,7,1,659827,0
mixed_compute,6,after,3,fixed_winner,13,5,5,1,7,1,696277,0
mixed_compute,6,after,3,fixed_winner,14,5,5,1,7,1,667367,0
mixed_compute,6,after,4,native,0,5,5,1,8,1,650165,799270
mixed_compute,6,after,4,native,1,5,5,1,8,1,654500,799077
mixed_compute,6,after,4,native,2,5,5,1,8,1,704919,799215
mixed_compute,6,after,4,native,3,5,5,1,8,1,662811,799416
mixed_compute,6,after,4,native,4,5,5,1,8,1,730844,799279
mixed_compute,6,after,4,native,5,5,5,1,8,1,809925,799105
mixed_compute,6,after,4,native,6,5,5,1,8,1,796206,799279
mixed_compute,6,after,4,native,7,5,5,1,8,1,708032,799269
mixed_compute,6,after,4,native,8,5,5,1,8,1,904564,799224
mixed_compute,6,after,4,native,9,5,5,1,8,1,661517,799233
mixed_compute,6,after,4,native,10,5,5,1,8,1,660340,799206
mixed_compute,6,after,4,native,11,5,5,1,8,1,678497,799086
mixed_compute,6,after,4,native,12,5,5,1,8,1,758019,799012
mixed_compute,6,after,4,native,13,5,5,1,8,1,669992,808975
mixed_compute,6,after,4,native,14,5,5,1,8,1,759360,799543
mixed_compute,6,after,4,fixed_winner,0,5,5,1,7,1,813204,0
mixed_compute,6,after,4,fixed_winner,1,5,5,1,7,1,775450,0
mixed_compute,6,after,4,fixed_winner,2,5,5,1,7,1,769288,0
mixed_compute,6,after,4,fixed_winner,3,5,5,1,7,1,783871,0
mixed_compute,6,after,4,fixed_winner,4,5,5,1,7,1,655914,0
mixed_compute,6,after,4,fixed_winner,5,5,5,1,7,1,824748,0
mixed_compute,6,after,4,fixed_winner,6,5,5,1,7,1,818899,0
mixed_compute,6,after,4,fixed_winner,7,5,5,1,7,1,680977,0
mixed_compute,6,after,4,fixed_winner,8,5,5,1,7,1,662738,0
mixed_compute,6,after,4,fixed_winner,9,5,5,1,7,1,647263,0
mixed_compute,6,after,4,fixed_winner,10,5,5,1,7,1,810954,0
mixed_compute,6,after,4,fixed_winner,11,5,5,1,7,1,658229,0
mixed_compute,6,after,4,fixed_winner,12,5,5,1,7,1,643893,0
mixed_compute,6,after,4,fixed_winner,13,5,5,1,7,1,653232,0
mixed_compute,6,after,4,fixed_winner,14,5,5,1,7,1,643048,0
mixed_compute,6,before,4,native,0,1,1,1,0,2,1339124,1502656
mixed_compute,6,before,4,native,1,1,1,1,0,2,1356726,1503400
mixed_compute,6,before,4,native,2,1,1,1,0,2,1401113,1503363
mixed_compute,6,before,4,native,3,1,1,1,0,2,1391975,1502904
mixed_compute,6,before,4,native,4,1,1,1,0,2,1323216,1502895
mixed_compute,6,before,4,native,5,1,1,1,0,2,1323408,1502711
mixed_compute,6,before,4,native,6,1,1,1,0,2,1346534,1502684
mixed_compute,6,before,4,native,7,1,1,1,0,2,1342456,1502785
mixed_compute,6,before,4,native,8,1,1,1,0,2,1443808,1502941
mixed_compute,6,before,4,native,9,1,1,1,0,2,1511281,1502959
mixed_compute,6,before,4,native,10,1,1,1,0,2,1332180,1502877
mixed_compute,6,before,4,native,11,1,1,1,0,2,1553514,1503482
mixed_compute,6,before,4,native,12,1,1,1,0,2,1352019,1504567
mixed_compute,6,before,4,native,13,1,1,1,0,2,1346267,1503125
mixed_compute,6,before,4,native,14,1,1,1,0,2,1621808,1503262
mixed_compute,6,before,4,fixed_winner,0,5,5,1,7,1,674336,0
mixed_compute,6,before,4,fixed_winner,1,5,5,1,7,1,648466,0
mixed_compute,6,before,4,fixed_winner,2,5,5,1,7,1,652333,0
mixed_compute,6,before,4,fixed_winner,3,5,5,1,7,1,654904,0
mixed_compute,6,before,4,fixed_winner,4,5,5,1,7,1,655363,0
mixed_compute,6,before,4,fixed_winner,5,5,5,1,7,1,651175,0
mixed_compute,6,before,4,fixed_winner,6,5,5,1,7,1,657567,0
mixed_compute,6,before,4,fixed_winner,7,5,5,1,7,1,807419,0
mixed_compute,6,before,4,fixed_winner,8,5,5,1,7,1,901210,0
mixed_compute,6,before,4,fixed_winner,9,5,5,1,7,1,868016,0
mixed_compute,6,before,4,fixed_winner,10,5,5,1,7,1,925935,0
mixed_compute,6,before,4,fixed_winner,11,5,5,1,7,1,767203,0
mixed_compute,6,before,4,fixed_winner,12,5,5,1,7,1,779666,0
mixed_compute,6,before,4,fixed_winner,13,5,5,1,7,1,654840,0
mixed_compute,6,before,4,fixed_winner,14,5,5,1,7,1,659330,0
mixed_loop_skew,4,before,0,native,0,1,1,1,0,1,496649,491785
mixed_loop_skew,4,before,0,native,1,1,1,1,0,1,538169,492207
mixed_loop_skew,4,before,0,native,2,1,1,1,0,1,487769,492198
mixed_loop_skew,4,before,0,native,3,1,1,1,0,1,483517,491950
mixed_loop_skew,4,before,0,native,4,1,1,1,0,1,482690,491812
mixed_loop_skew,4,before,0,native,5,1,1,1,0,1,531575,531309
mixed_loop_skew,4,before,0,native,6,1,1,1,0,1,678496,491976
mixed_loop_skew,4,before,0,native,7,1,1,1,0,1,597827,493041
mixed_loop_skew,4,before,0,native,8,1,1,1,0,1,531079,492287
mixed_loop_skew,4,before,0,native,9,1,1,1,0,1,496824,492279
mixed_loop_skew,4,before,0,native,10,1,1,1,0,1,484058,491957
mixed_loop_skew,4,before,0,native,11,1,1,1,0,1,487245,491746
mixed_loop_skew,4,before,0,native,12,1,1,1,0,1,485068,491865
mixed_loop_skew,4,before,0,native,13,1,1,1,0,1,480688,491828
mixed_loop_skew,4,before,0,native,14,1,1,1,0,1,494482,491737
mixed_loop_skew,4,before,0,fixed_winner,0,3,1,1,15,1,262702,0
mixed_loop_skew,4,before,0,fixed_winner,1,3,1,1,15,1,267900,0
mixed_loop_skew,4,before,0,fixed_winner,2,3,1,1,15,1,258790,0
mixed_loop_skew,4,before,0,fixed_winner,3,3,1,1,15,1,266678,0
mixed_loop_skew,4,before,0,fixed_winner,4,3,1,1,15,1,264088,0
mixed_loop_skew,4,before,0,fixed_winner,5,3,1,1,15,1,259736,0
mixed_loop_skew,4,before,0,fixed_winner,6,3,1,1,15,1,266347,0
mixed_loop_skew,4,before,0,fixed_winner,7,3,1,1,15,1,269672,0
mixed_loop_skew,4,before,0,fixed_winner,8,3,1,1,15,1,337623,0
mixed_loop_skew,4,before,0,fixed_winner,9,3,1,1,15,1,266559,0
mixed_loop_skew,4,before,0,fixed_winner,10,3,1,1,15,1,267027,0
mixed_loop_skew,4,before,0,fixed_winner,11,3,1,1,15,1,269296,0
mixed_loop_skew,4,before,0,fixed_winner,12,3,1,1,15,1,260653,0
mixed_loop_skew,4,before,0,fixed_winner,13,3,1,1,15,1,265732,0
mixed_loop_skew,4,before,0,fixed_winner,14,3,1,1,15,1,282301,0
mixed_loop_skew,4,after,0,native,0,3,1,1,0,1,269314,338576
mixed_loop_skew,4,after,0,native,1,3,1,1,0,1,272041,338659
mixed_loop_skew,4,after,0,native,2,3,1,1,0,1,268809,338669
mixed_loop_skew,4,after,0,native,3,3,1,1,0,1,268708,338568
mixed_loop_skew,4,after,0,native,4,3,1,1,0,1,269792,338632
mixed_loop_skew,4,after,0,native,5,3,1,1,0,1,283044,347509
mixed_loop_skew,4,after,0,native,6,3,1,1,0,1,260075,338610
mixed_loop_skew,4,after,0,native,7,3,1,1,0,1,264493,338702
mixed_loop_skew,4,after,0,native,8,3,1,1,0,1,277588,339326
mixed_loop_skew,4,after,0,native,9,3,1,1,0,1,263565,338747
mixed_loop_skew,4,after,0,native,10,3,1,1,0,1,264603,338528
mixed_loop_skew,4,after,0,native,11,3,1,1,0,1,311403,338509
mixed_loop_skew,4,after,0,native,12,3,1,1,0,1,271757,338803
mixed_loop_skew,4,after,0,native,13,3,1,1,0,1,265851,338445
mixed_loop_skew,4,after,0,native,14,3,1,1,0,1,269304,338546
mixed_loop_skew,4,after,0,fixed_winner,0,3,1,1,15,1,272583,0
mixed_loop_skew,4,after,0,fixed_winner,1,3,1,1,15,1,267018,0
mixed_loop_skew,4,after,0,fixed_winner,2,3,1,1,15,1,266192,0
mixed_loop_skew,4,after,0,fixed_winner,3,3,1,1,15,1,276128,0
mixed_loop_skew,4,after,0,fixed_winner,4,3,1,1,15,1,268772,0
mixed_loop_skew,4,after,0,fixed_winner,5,3,1,1,15,1,267643,0
mixed_loop_skew,4,after,0,fixed_winner,6,3,1,1,15,1,258725,0
mixed_loop_skew,4,after,0,fixed_winner,7,3,1,1,15,1,287636,0
mixed_loop_skew,4,after,0,fixed_winner,8,3,1,1,15,1,270866,0
mixed_loop_skew,4,after,0,fixed_winner,9,3,1,1,15,1,260295,0
mixed_loop_skew,4,after,0,fixed_winner,10,3,1,1,15,1,274136,0
mixed_loop_skew,4,after,0,fixed_winner,11,3,1,1,15,1,271591,0
mixed_loop_skew,4,after,0,fixed_winner,12,3,1,1,15,1,265448,0
mixed_loop_skew,4,after,0,fixed_winner,13,3,1,1,15,1,274301,0
mixed_loop_skew,4,after,0,fixed_winner,14,3,1,1,15,1,259818,0
mixed_loop_skew,4,after,1,native,0,3,1,1,0,1,259534,310530
mixed_loop_skew,4,after,1,native,1,3,1,1,0,1,266311,310566
mixed_loop_skew,4,after,1,native,2,3,1,1,0,1,264732,310493
mixed_loop_skew,4,after,1,native,3,3,1,1,0,1,260553,310539
mixed_loop_skew,4,after,1,native,4,3,1,1,0,1,278112,310557
mixed_loop_skew,4,after,1,native,5,3,1,1,0,1,269433,310520
mixed_loop_skew,4,after,1,native,6,3,1,1,0,1,263299,310640
mixed_loop_skew,4,after,1,native,7,3,1,1,0,1,324207,310511
mixed_loop_skew,4,after,1,native,8,3,1,1,0,1,268423,310897
mixed_loop_skew,4,after,1,native,9,3,1,1,0,1,274603,310649
mixed_loop_skew,4,after,1,native,10,3,1,1,0,1,267311,311099
mixed_loop_skew,4,after,1,native,11,3,1,1,0,1,268992,310833
mixed_loop_skew,4,after,1,native,12,3,1,1,0,1,266146,310576
mixed_loop_skew,4,after,1,native,13,3,1,1,0,1,273015,321497
mixed_loop_skew,4,after,1,native,14,3,1,1,0,1,266073,310293
mixed_loop_skew,4,after,1,fixed_winner,0,3,1,1,15,1,262757,0
mixed_loop_skew,4,after,1,fixed_winner,1,3,1,1,15,1,262987,0
mixed_loop_skew,4,after,1,fixed_winner,2,3,1,1,15,1,278913,0
mixed_loop_skew,4,after,1,fixed_winner,3,3,1,1,15,1,264639,0
mixed_loop_skew,4,after,1,fixed_winner,4,3,1,1,15,1,265494,0
mixed_loop_skew,4,after,1,fixed_winner,5,3,1,1,15,1,260323,0
mixed_loop_skew,4,after,1,fixed_winner,6,3,1,1,15,1,274005,0
mixed_loop_skew,4,after,1,fixed_winner,7,3,1,1,15,1,262720,0
mixed_loop_skew,4,after,1,fixed_winner,8,3,1,1,15,1,263235,0
mixed_loop_skew,4,after,1,fixed_winner,9,3,1,1,15,1,262986,0
mixed_loop_skew,4,after,1,fixed_winner,10,3,1,1,15,1,258891,0
mixed_loop_skew,4,after,1,fixed_winner,11,3,1,1,15,1,263473,0
mixed_loop_skew,4,after,1,fixed_winner,12,3,1,1,15,1,269866,0
mixed_loop_skew,4,after,1,fixed_winner,13,3,1,1,15,1,259019,0
mixed_loop_skew,4,after,1,fixed_winner,14,3,1,1,15,1,284430,0
mixed_loop_skew,4,before,1,native,0,1,1,1,0,1,481175,528257
mixed_loop_skew,4,before,1,native,1,1,1,1,0,1,480706,527926
mixed_loop_skew,4,before,1,native,2,1,1,1,0,1,485510,527871
mixed_loop_skew,4,before,1,native,3,1,1,1,0,1,488062,527954
mixed_loop_skew,4,before,1,native,4,1,1,1,0,1,481055,527973
mixed_loop_skew,4,before,1,native,5,1,1,1,0,1,499551,545575
mixed_loop_skew,4,before,1,native,6,1,1,1,0,1,497788,527317
mixed_loop_skew,4,before,1,native,7,1,1,1,0,1,501994,527520
mixed_loop_skew,4,before,1,native,8,1,1,1,0,1,501893,527465
mixed_loop_skew,4,before,1,native,9,1,1,1,0,1,487695,527474
mixed_loop_skew,4,before,1,native,10,1,1,1,0,1,480715,527327
mixed_loop_skew,4,before,1,native,11,1,1,1,0,1,480467,527125
mixed_loop_skew,4,before,1,native,12,1,1,1,0,1,486262,527134
mixed_loop_skew,4,before,1,native,13,1,1,1,0,1,486694,532986
mixed_loop_skew,4,before,1,native,14,1,1,1,0,1,493857,527043
mixed_loop_skew,4,before,1,fixed_winner,0,3,1,1,15,1,273290,0
mixed_loop_skew,4,before,1,fixed_winner,1,3,1,1,15,1,260176,0
mixed_loop_skew,4,before,1,fixed_winner,2,3,1,1,15,1,262086,0
mixed_loop_skew,4,before,1,fixed_winner,3,3,1,1,15,1,384001,0
mixed_loop_skew,4,before,1,fixed_winner,4,3,1,1,15,1,596908,0
mixed_loop_skew,4,before,1,fixed_winner,5,3,1,1,15,1,294964,0
mixed_loop_skew,4,before,1,fixed_winner,6,3,1,1,15,1,267744,0
mixed_loop_skew,4,before,1,fixed_winner,7,3,1,1,15,1,260774,0
mixed_loop_skew,4,before,1,fixed_winner,8,3,1,1,15,1,263483,0
mixed_loop_skew,4,before,1,fixed_winner,9,3,1,1,15,1,259727,0
mixed_loop_skew,4,before,1,fixed_winner,10,3,1,1,15,1,315197,0
mixed_loop_skew,4,before,1,fixed_winner,11,3,1,1,15,1,266568,0
mixed_loop_skew,4,before,1,fixed_winner,12,3,1,1,15,1,263749,0
mixed_loop_skew,4,before,1,fixed_winner,13,3,1,1,15,1,258890,0
mixed_loop_skew,4,before,1,fixed_winner,14,3,1,1,15,1,263142,0
mixed_loop_skew,4,before,2,native,0,1,1,1,0,1,480596,562254
mixed_loop_skew,4,before,2,native,1,1,1,1,0,1,496328,562373
mixed_loop_skew,4,before,2,native,2,1,1,1,0,1,517405,562493
mixed_loop_skew,4,before,2,native,3,1,1,1,0,1,481239,562722
mixed_loop_skew,4,before,2,native,4,1,1,1,0,1,499331,562290
mixed_loop_skew,4,before,2,native,5,1,1,1,0,1,486620,567644
mixed_loop_skew,4,before,2,native,6,1,1,1,0,1,480752,561922
mixed_loop_skew,4,before,2,native,7,1,1,1,0,1,485546,561821
mixed_loop_skew,4,before,2,native,8,1,1,1,0,1,676257,561876
mixed_loop_skew,4,before,2,native,9,1,1,1,0,1,973957,563189
mixed_loop_skew,4,before,2,native,10,1,1,1,0,1,516991,562702
mixed_loop_skew,4,before,2,native,11,1,1,1,0,1,481092,562198
mixed_loop_skew,4,before,2,native,12,1,1,1,0,1,481055,561922
mixed_loop_skew,4,before,2,native,13,1,1,1,0,1,494344,567234
mixed_loop_skew,4,before,2,native,14,1,1,1,0,1,480863,561659
mixed_loop_skew,4,before,2,fixed_winner,0,3,1,1,15,1,263060,0
mixed_loop_skew,4,before,2,fixed_winner,1,3,1,1,15,1,259772,0
mixed_loop_skew,4,before,2,fixed_winner,2,3,1,1,15,1,317455,0
mixed_loop_skew,4,before,2,fixed_winner,3,3,1,1,15,1,270545,0
mixed_loop_skew,4,before,2,fixed_winner,4,3,1,1,15,1,265080,0
mixed_loop_skew,4,before,2,fixed_winner,5,3,1,1,15,1,268175,0
mixed_loop_skew,4,before,2,fixed_winner,6,3,1,1,15,1,258927,0
mixed_loop_skew,4,before,2,fixed_winner,7,3,1,1,15,1,263740,0
mixed_loop_skew,4,before,2,fixed_winner,8,3,1,1,15,1,283181,0
mixed_loop_skew,4,before,2,fixed_winner,9,3,1,1,15,1,293201,0
mixed_loop_skew,4,before,2,fixed_winner,10,3,1,1,15,1,261866,0
mixed_loop_skew,4,before,2,fixed_winner,11,3,1,1,15,1,264171,0
mixed_loop_skew,4,before,2,fixed_winner,12,3,1,1,15,1,269296,0
mixed_loop_skew,4,before,2,fixed_winner,13,3,1,1,15,1,259120,0
mixed_loop_skew,4,before,2,fixed_winner,14,3,1,1,15,1,263528,0
mixed_loop_skew,4,after,2,native,0,3,1,1,0,1,343096,325030
mixed_loop_skew,4,after,2,native,1,3,1,1,0,1,275991,324819
mixed_loop_skew,4,after,2,native,2,3,1,1,0,1,270590,324406
mixed_loop_skew,4,after,2,native,3,3,1,1,0,1,268340,324341
mixed_loop_skew,4,after,2,native,4,3,1,1,0,1,266449,324277
mixed_loop_skew,4,after,2,native,5,3,1,1,0,1,270361,331668
mixed_loop_skew,4,after,2,native,6,3,1,1,0,1,265696,323889
mixed_loop_skew,4,after,2,native,7,3,1,1,0,1,263859,323898
mixed_loop_skew,4,after,2,native,8,3,1,1,0,1,265852,323853
mixed_loop_skew,4,after,2,native,9,3,1,1,0,1,265668,323898
mixed_loop_skew,4,after,2,native,10,3,1,1,0,1,261251,323899
mixed_loop_skew,4,after,2,native,11,3,1,1,0,1,284486,323825
mixed_loop_skew,4,after,2,native,12,3,1,1,0,1,325904,324091
mixed_loop_skew,4,after,2,native,13,3,1,1,0,1,279416,324155
mixed_loop_skew,4,after,2,native,14,3,1,1,0,1,262775,324054
mixed_loop_skew,4,after,2,fixed_winner,0,3,1,1,15,1,283705,0
mixed_loop_skew,4,after,2,fixed_winner,1,3,1,1,15,1,259634,0
mixed_loop_skew,4,after,2,fixed_winner,2,3,1,1,15,1,264585,0
mixed_loop_skew,4,after,2,fixed_winner,3,3,1,1,15,1,265062,0
mixed_loop_skew,4,after,2,fixed_winner,4,3,1,1,15,1,263565,0
mixed_loop_skew,4,after,2,fixed_winner,5,3,1,1,15,1,261986,0
mixed_loop_skew,4,after,2,fixed_winner,6,3,1,1,15,1,258891,0
mixed_loop_skew,4,after,2,fixed_winner,7,3,1,1,15,1,284991,0
mixed_loop_skew,4,after,2,fixed_winner,8,3,1,1,15,1,314480,0
mixed_loop_skew,4,after,2,fixed_winner,9,3,1,1,15,1,267156,0
mixed_loop_skew,4,after,2,fixed_winner,10,3,1,1,15,1,258992,0
mixed_loop_skew,4,after,2,fixed_winner,11,3,1,1,15,1,270499,0
mixed_loop_skew,4,after,2,fixed_winner,12,3,1,1,15,1,266219,0
mixed_loop_skew,4,after,2,fixed_winner,13,3,1,1,15,1,259505,0
mixed_loop_skew,4,after,2,fixed_winner,14,3,1,1,15,1,306775,0
mixed_loop_skew,4,before,3,native,0,1,1,1,0,1,491139,489756
mixed_loop_skew,4,before,3,native,1,1,1,1,0,1,480945,490068
mixed_loop_skew,4,before,3,native,2,1,1,1,0,1,485418,489820
mixed_loop_skew,4,before,3,native,3,1,1,1,0,1,508037,489838
mixed_loop_skew,4,before,3,native,4,1,1,1,0,1,492535,490224
mixed_loop_skew,4,before,3,native,5,1,1,1,0,1,525734,509793
mixed_loop_skew,4,before,3,native,6,1,1,1,0,1,480872,489671
mixed_loop_skew,4,before,3,native,7,1,1,1,0,1,487613,489460
mixed_loop_skew,4,before,3,native,8,1,1,1,0,1,480697,489534
mixed_loop_skew,4,before,3,native,9,1,1,1,0,1,480954,489405
mixed_loop_skew,4,before,3,native,10,1,1,1,0,1,485160,489424
mixed_loop_skew,4,before,3,native,11,1,1,1,0,1,497870,489415
mixed_loop_skew,4,before,3,native,12,1,1,1,0,1,481027,489562
mixed_loop_skew,4,before,3,native,13,1,1,1,0,1,480550,489423
mixed_loop_skew,4,before,3,native,14,1,1,1,0,1,486079,489451
mixed_loop_skew,4,before,3,fixed_winner,0,3,1,1,15,1,339111,0
mixed_loop_skew,4,before,3,fixed_winner,1,3,1,1,15,1,317850,0
mixed_loop_skew,4,before,3,fixed_winner,2,3,1,1,15,1,372071,0
mixed_loop_skew,4,before,3,fixed_winner,3,3,1,1,15,1,359370,0
mixed_loop_skew,4,before,3,fixed_winner,4,3,1,1,15,1,390080,0
mixed_loop_skew,4,before,3,fixed_winner,5,3,1,1,15,1,278177,0
mixed_loop_skew,4,before,3,fixed_winner,6,3,1,1,15,1,272519,0
mixed_loop_skew,4,before,3,fixed_winner,7,3,1,1,15,1,269039,0
mixed_loop_skew,4,before,3,fixed_winner,8,3,1,1,15,1,266275,0
mixed_loop_skew,4,before,3,fixed_winner,9,3,1,1,15,1,342105,0
mixed_loop_skew,4,before,3,fixed_winner,10,3,1,1,15,1,373990,0
mixed_loop_skew,4,before,3,fixed_winner,11,3,1,1,15,1,407172,0
mixed_loop_skew,4,before,3,fixed_winner,12,3,1,1,15,1,267818,0
mixed_loop_skew,4,before,3,fixed_winner,13,3,1,1,15,1,267992,0
mixed_loop_skew,4,before,3,fixed_winner,14,3,1,1,15,1,263969,0
mixed_loop_skew,4,after,3,native,0,3,1,1,0,1,298160,342518
mixed_loop_skew,4,after,3,native,1,3,1,1,0,1,269185,342620
mixed_loop_skew,4,after,3,native,2,3,1,1,0,1,265558,342445
mixed_loop_skew,4,after,3,native,3,3,1,1,0,1,262169,342381
mixed_loop_skew,4,after,3,native,4,3,1,1,0,1,265999,342427
mixed_loop_skew,4,after,3,native,5,3,1,1,0,1,264943,342372
mixed_loop_skew,4,after,3,native,6,3,1,1,0,1,261426,342391
mixed_loop_skew,4,after,3,native,7,3,1,1,0,1,265613,342354
mixed_loop_skew,4,after,3,native,8,3,1,1,0,1,265999,342427
mixed_loop_skew,4,after,3,native,9,3,1,1,0,1,262353,342354
mixed_loop_skew,4,after,3,native,10,3,1,1,0,1,266807,342428
mixed_loop_skew,4,after,3,native,11,3,1,1,0,1,264805,342372
mixed_loop_skew,4,after,3,native,12,3,1,1,0,1,274117,342408
mixed_loop_skew,4,after,3,native,13,3,1,1,0,1,288094,342492
mixed_loop_skew,4,after,3,native,14,3,1,1,0,1,261738,342555
mixed_loop_skew,4,after,3,fixed_winner,0,3,1,1,15,1,260240,0
mixed_loop_skew,4,after,3,fixed_winner,1,3,1,1,15,1,266118,0
mixed_loop_skew,4,after,3,fixed_winner,2,3,1,1,15,1,267532,0
mixed_loop_skew,4,after,3,fixed_winner,3,3,1,1,15,1,264548,0
mixed_loop_skew,4,after,3,fixed_winner,4,3,1,1,15,1,269396,0
mixed_loop_skew,4,after,3,fixed_winner,5,3,1,1,15,1,265815,0
mixed_loop_skew,4,after,3,fixed_winner,6,3,1,1,15,1,262353,0
mixed_loop_skew,4,after,3,fixed_winner,7,3,1,1,15,1,258679,0
mixed_loop_skew,4,after,3,fixed_winner,8,3,1,1,15,1,271464,0
mixed_loop_skew,4,after,3,fixed_winner,9,3,1,1,15,1,568364,0
mixed_loop_skew,4,after,3,fixed_winner,10,3,1,1,15,1,405446,0
mixed_loop_skew,4,after,3,fixed_winner,11,3,1,1,15,1,275697,0
mixed_loop_skew,4,after,3,fixed_winner,12,3,1,1,15,1,282430,0
mixed_loop_skew,4,after,3,fixed_winner,13,3,1,1,15,1,383813,0
mixed_loop_skew,4,after,3,fixed_winner,14,3,1,1,15,1,273294,0
mixed_loop_skew,4,before,4,native,0,1,1,1,0,1,480494,488514
mixed_loop_skew,4,before,4,native,1,1,1,1,0,1,486547,488587
mixed_loop_skew,4,before,4,native,2,1,1,1,0,1,480771,488698
mixed_loop_skew,4,before,4,native,3,1,1,1,0,1,505254,488496
mixed_loop_skew,4,before,4,native,4,1,1,1,0,1,488999,488836
mixed_loop_skew,4,before,4,native,5,1,1,1,0,1,480687,488606
mixed_loop_skew,4,before,4,native,6,1,1,1,0,1,480513,488514
mixed_loop_skew,4,before,4,native,7,1,1,1,0,1,480504,488514
mixed_loop_skew,4,before,4,native,8,1,1,1,0,1,486749,488477
mixed_loop_skew,4,before,4,native,9,1,1,1,0,1,480660,488606
mixed_loop_skew,4,before,4,native,10,1,1,1,0,1,484481,488569
mixed_loop_skew,4,before,4,native,11,1,1,1,0,1,500405,488606
mixed_loop_skew,4,before,4,native,12,1,1,1,0,1,618875,488735
mixed_loop_skew,4,before,4,native,13,1,1,1,0,1,607359,489791
mixed_loop_skew,4,before,4,native,14,1,1,1,0,1,515090,488964
mixed_loop_skew,4,before,4,fixed_winner,0,3,1,1,15,1,292526,0
mixed_loop_skew,4,before,4,fixed_winner,1,3,1,1,15,1,271683,0
mixed_loop_skew,4,before,4,fixed_winner,2,3,1,1,15,1,258229,0
mixed_loop_skew,4,before,4,fixed_winner,3,3,1,1,15,1,261876,0
mixed_loop_skew,4,before,4,fixed_winner,4,3,1,1,15,1,270701,0
mixed_loop_skew,4,before,4,fixed_winner,5,3,1,1,15,1,258357,0
mixed_loop_skew,4,before,4,fixed_winner,6,3,1,1,15,1,261508,0
mixed_loop_skew,4,before,4,fixed_winner,7,3,1,1,15,1,264263,0
mixed_loop_skew,4,before,4,fixed_winner,8,3,1,1,15,1,325459,0
mixed_loop_skew,4,before,4,fixed_winner,9,3,1,1,15,1,266118,0
mixed_loop_skew,4,before,4,fixed_winner,10,3,1,1,15,1,263299,0
mixed_loop_skew,4,before,4,fixed_winner,11,3,1,1,15,1,266527,0
mixed_loop_skew,4,before,4,fixed_winner,12,3,1,1,15,1,256236,0
mixed_loop_skew,4,before,4,fixed_winner,13,3,1,1,15,1,346572,0
mixed_loop_skew,4,before,4,fixed_winner,14,3,1,1,15,1,267587,0
mixed_loop_skew,4,after,4,native,0,3,1,1,0,1,265953,315185
mixed_loop_skew,4,after,4,native,1,3,1,1,0,1,270784,315277
mixed_loop_skew,4,after,4,native,2,3,1,1,0,1,297228,315295
mixed_loop_skew,4,after,4,native,3,3,1,1,0,1,265246,315635
mixed_loop_skew,4,after,4,native,4,3,1,1,0,1,416649,315405
mixed_loop_skew,4,after,4,native,5,3,1,1,0,1,330396,315699
mixed_loop_skew,4,after,4,native,6,3,1,1,0,1,274788,315433
mixed_loop_skew,4,after,4,native,7,3,1,1,0,1,276734,315488
mixed_loop_skew,4,after,4,native,8,3,1,1,0,1,278195,315718
mixed_loop_skew,4,after,4,native,9,3,1,1,0,1,270792,315433
mixed_loop_skew,4,after,4,native,10,3,1,1,0,1,344529,315580
mixed_loop_skew,4,after,4,native,11,3,1,1,0,1,282933,315764
mixed_loop_skew,4,after,4,native,12,3,1,1,0,1,268386,315617
mixed_loop_skew,4,after,4,native,13,3,1,1,0,1,285992,324944
mixed_loop_skew,4,after,4,native,14,3,1,1,0,1,305424,315357
mixed_loop_skew,4,after,4,fixed_winner,0,3,1,1,15,1,260020,0
mixed_loop_skew,4,after,4,fixed_winner,1,3,1,1,15,1,263354,0
mixed_loop_skew,4,after,4,fixed_winner,2,3,1,1,15,1,265999,0
mixed_loop_skew,4,after,4,fixed_winner,3,3,1,1,15,1,281225,0
mixed_loop_skew,4,after,4,fixed_winner,4,3,1,1,15,1,314218,0
mixed_loop_skew,4,after,4,fixed_winner,5,3,1,1,15,1,334758,0
mixed_loop_skew,4,after,4,fixed_winner,6,3,1,1,15,1,278053,0
mixed_loop_skew,4,after,4,fixed_winner,7,3,1,1,15,1,275201,0
mixed_loop_skew,4,after,4,fixed_winner,8,3,1,1,15,1,262022,0
mixed_loop_skew,4,after,4,fixed_winner,9,3,1,1,15,1,278719,0
mixed_loop_skew,4,after,4,fixed_winner,10,3,1,1,15,1,302394,0
mixed_loop_skew,4,after,4,fixed_winner,11,3,1,1,15,1,275467,0
mixed_loop_skew,4,after,4,fixed_winner,12,3,1,1,15,1,259432,0
mixed_loop_skew,4,after,4,fixed_winner,13,3,1,1,15,1,261939,0
mixed_loop_skew,4,after,4,fixed_winner,14,3,1,1,15,1,261435,0
mixed_loop_skew,6,before,0,native,0,1,1,1,0,1,497255,525315
mixed_loop_skew,6,before,0,native,1,1,1,1,0,1,511912,525214
mixed_loop_skew,6,before,0,native,2,1,1,1,0,1,480936,525160
mixed_loop_skew,6,before,0,native,3,1,1,1,0,1,488420,524911
mixed_loop_skew,6,before,0,native,4,1,1,1,0,1,481092,525040
mixed_loop_skew,6,before,0,native,5,1,1,1,0,1,500507,543619
mixed_loop_skew,6,before,0,native,6,1,1,1,0,1,487713,524645
mixed_loop_skew,6,before,0,native,7,1,1,1,0,1,480743,524581
mixed_loop_skew,6,before,0,native,8,1,1,1,0,1,490092,524397
mixed_loop_skew,6,before,0,native,9,1,1,1,0,1,494031,524599
mixed_loop_skew,6,before,0,native,10,1,1,1,0,1,488219,524672
mixed_loop_skew,6,before,0,native,11,1,1,1,0,1,480733,524599
mixed_loop_skew,6,before,0,native,12,1,1,1,0,1,480835,524443
mixed_loop_skew,6,before,0,native,13,1,1,1,0,1,494022,530704
mixed_loop_skew,6,before,0,native,14,1,1,1,0,1,480761,524431
mixed_loop_skew,6,before,0,fixed_winner,0,5,1,1,17,1,218262,0
mixed_loop_skew,6,before,0,fixed_winner,1,5,1,1,17,1,209178,0
mixed_loop_skew,6,before,0,fixed_winner,2,5,1,1,17,1,206396,0
mixed_loop_skew,6,before,0,fixed_winner,3,5,1,1,17,1,213440,0
mixed_loop_skew,6,before,0,fixed_winner,4,5,1,1,17,1,208967,0
mixed_loop_skew,6,before,0,fixed_winner,5,5,1,1,17,1,229539,0
mixed_loop_skew,6,before,0,fixed_winner,6,5,1,1,17,1,216003,0
mixed_loop_skew,6,before,0,fixed_winner,7,5,1,1,17,1,218115,0
mixed_loop_skew,6,before,0,fixed_winner,8,5,1,1,17,1,217766,0
mixed_loop_skew,6,before,0,fixed_winner,9,5,1,1,17,1,294065,0
mixed_loop_skew,6,before,0,fixed_winner,10,5,1,1,17,1,219842,0
mixed_loop_skew,6,before,0,fixed_winner,11,5,1,1,17,1,345153,0
mixed_loop_skew,6,before,0,fixed_winner,12,5,1,1,17,1,215653,0
mixed_loop_skew,6,before,0,fixed_winner,13,5,1,1,17,1,211309,0
mixed_loop_skew,6,before,0,fixed_winner,14,5,1,1,17,1,207709,0
mixed_loop_skew,6,after,0,native,0,5,1,1,0,1,301457,328317
mixed_loop_skew,6,after,0,native,1,5,1,1,0,1,214074,328886
mixed_loop_skew,6,after,0,native,2,5,1,1,0,1,220769,328519
mixed_loop_skew,6,after,0,native,3,5,1,1,0,1,251259,328482
mixed_loop_skew,6,after,0,native,4,5,1,1,0,1,213385,328647
mixed_loop_skew,6,after,0,native,5,5,1,1,0,1,224176,335057
mixed_loop_skew,6,after,0,native,6,5,1,1,0,1,211989,327039
mixed_loop_skew,6,after,0,native,7,5,1,1,0,1,208168,327021
mixed_loop_skew,6,after,0,native,8,5,1,1,0,1,223606,326929
mixed_loop_skew,6,after,0,native,9,5,1,1,0,1,212347,327011
mixed_loop_skew,6,after,0,native,10,5,1,1,0,1,208793,326966
mixed_loop_skew,6,after,0,native,11,5,1,1,0,1,212430,326965
mixed_loop_skew,6,after,0,native,12,5,1,1,0,1,211778,326948
mixed_loop_skew,6,after,0,native,13,5,1,1,0,1,207811,326892
mixed_loop_skew,6,after,0,native,14,5,1,1,0,1,212209,326901
mixed_loop_skew,6,after,0,fixed_winner,0,5,1,1,17,1,368269,0
mixed_loop_skew,6,after,0,fixed_winner,1,5,1,1,17,1,211356,0
mixed_loop_skew,6,after,0,fixed_winner,2,5,1,1,17,1,322249,0
mixed_loop_skew,6,after,0,fixed_winner,3,5,1,1,17,1,217619,0
mixed_loop_skew,6,after,0,fixed_winner,4,5,1,1,17,1,209399,0
mixed_loop_skew,6,after,0,fixed_winner,5,5,1,1,17,1,211511,0
mixed_loop_skew,6,after,0,fixed_winner,6,5,1,1,17,1,211695,0
mixed_loop_skew,6,after,0,fixed_winner,7,5,1,1,17,1,206524,0
mixed_loop_skew,6,after,0,fixed_winner,8,5,1,1,17,1,210979,0
mixed_loop_skew,6,after,0,fixed_winner,9,5,1,1,17,1,329688,0
mixed_loop_skew,6,after,0,fixed_winner,10,5,1,1,17,1,212779,0
mixed_loop_skew,6,after,0,fixed_winner,11,5,1,1,17,1,212457,0
mixed_loop_skew,6,after,0,fixed_winner,12,5,1,1,17,1,222413,0
mixed_loop_skew,6,after,0,fixed_winner,13,5,1,1,17,1,278645,0
mixed_loop_skew,6,after,0,fixed_winner,14,5,1,1,17,1,302605,0
mixed_loop_skew,6,after,1,native,0,5,1,1,0,1,304735,305794
mixed_loop_skew,6,after,1,native,1,5,1,1,0,1,222937,306216
mixed_loop_skew,6,after,1,native,2,5,1,1,0,1,213780,306363
mixed_loop_skew,6,after,1,native,3,5,1,1,0,1,223607,305895
mixed_loop_skew,6,after,1,native,4,5,1,1,0,1,229769,305904
mixed_loop_skew,6,after,1,native,5,5,1,1,0,1,208095,305904
mixed_loop_skew,6,after,1,native,6,5,1,1,0,1,210556,305904
mixed_loop_skew,6,after,1,native,7,5,1,1,0,1,225259,305812
mixed_loop_skew,6,after,1,native,8,5,1,1,0,1,319127,306152
mixed_loop_skew,6,after,1,native,9,5,1,1,0,1,295736,306143
mixed_loop_skew,6,after,1,native,10,5,1,1,0,1,292485,306345
mixed_loop_skew,6,after,1,native,11,5,1,1,0,1,310889,306005
mixed_loop_skew,6,after,1,native,12,5,1,1,0,1,306674,306097
mixed_loop_skew,6,after,1,native,13,5,1,1,0,1,317988,317141
mixed_loop_skew,6,after,1,native,14,5,1,1,0,1,329164,305671
mixed_loop_skew,6,after,1,fixed_winner,0,5,1,1,17,1,238714,0
mixed_loop_skew,6,after,1,fixed_winner,1,5,1,1,17,1,210869,0
mixed_loop_skew,6,after,1,fixed_winner,2,5,1,1,17,1,225131,0
mixed_loop_skew,6,after,1,fixed_winner,3,5,1,1,17,1,207728,0
mixed_loop_skew,6,after,1,fixed_winner,4,5,1,1,17,1,206396,0
mixed_loop_skew,6,after,1,fixed_winner,5,5,1,1,17,1,244463,0
mixed_loop_skew,6,after,1,fixed_winner,6,5,1,1,17,1,213541,0
mixed_loop_skew,6,after,1,fixed_winner,7,5,1,1,17,1,217141,0
mixed_loop_skew,6,after,1,fixed_winner,8,5,1,1,17,1,278727,0
mixed_loop_skew,6,after,1,fixed_winner,9,5,1,1,17,1,219823,0
mixed_loop_skew,6,after,1,fixed_winner,10,5,1,1,17,1,277515,0
mixed_loop_skew,6,after,1,fixed_winner,11,5,1,1,17,1,225948,0
mixed_loop_skew,6,after,1,fixed_winner,12,5,1,1,17,1,311385,0
mixed_loop_skew,6,after,1,fixed_winner,13,5,1,1,17,1,207691,0
mixed_loop_skew,6,after,1,fixed_winner,14,5,1,1,17,1,224993,0
mixed_loop_skew,6,before,1,native,0,1,1,1,0,1,517735,507592
mixed_loop_skew,6,before,1,native,1,1,1,1,0,1,489164,507758
mixed_loop_skew,6,before,1,native,2,1,1,1,0,1,480834,507473
mixed_loop_skew,6,before,1,native,3,1,1,1,0,1,480550,507280
mixed_loop_skew,6,before,1,native,4,1,1,1,0,1,481248,507225
mixed_loop_skew,6,before,1,native,5,1,1,1,0,1,506311,525739
mixed_loop_skew,6,before,1,native,6,1,1,1,0,1,480779,506968
mixed_loop_skew,6,before,1,native,7,1,1,1,0,1,490688,506794
mixed_loop_skew,6,before,1,native,8,1,1,1,0,1,496347,507280
mixed_loop_skew,6,before,1,native,9,1,1,1,0,1,481331,507032
mixed_loop_skew,6,before,1,native,10,1,1,1,0,1,480513,506765
mixed_loop_skew,6,before,1,native,11,1,1,1,0,1,487227,506775
mixed_loop_skew,6,before,1,native,12,1,1,1,0,1,481009,506922
mixed_loop_skew,6,before,1,native,13,1,1,1,0,1,480578,506812
mixed_loop_skew,6,before,1,native,14,1,1,1,0,1,485325,506756
mixed_loop_skew,6,before,1,fixed_winner,0,5,1,1,17,1,231762,0
mixed_loop_skew,6,before,1,fixed_winner,1,5,1,1,17,1,215148,0
mixed_loop_skew,6,before,1,fixed_winner,2,5,1,1,17,1,210134,0
mixed_loop_skew,6,before,1,fixed_winner,3,5,1,1,17,1,205129,0
mixed_loop_skew,6,before,1,fixed_winner,4,5,1,1,17,1,208105,0
mixed_loop_skew,6,before,1,fixed_winner,5,5,1,1,17,1,229465,0
mixed_loop_skew,6,before,1,fixed_winner,6,5,1,1,17,1,290086,0
mixed_loop_skew,6,before,1,fixed_winner,7,5,1,1,17,1,290510,0
mixed_loop_skew,6,before,1,fixed_winner,8,5,1,1,17,1,333334,0
mixed_loop_skew,6,before,1,fixed_winner,9,5,1,1,17,1,219172,0
mixed_loop_skew,6,before,1,fixed_winner,10,5,1,1,17,1,209537,0
mixed_loop_skew,6,before,1,fixed_winner,11,5,1,1,17,1,205496,0
mixed_loop_skew,6,before,1,fixed_winner,12,5,1,1,17,1,208664,0
mixed_loop_skew,6,before,1,fixed_winner,13,5,1,1,17,1,205845,0
mixed_loop_skew,6,before,1,fixed_winner,14,5,1,1,17,1,215624,0
mixed_loop_skew,6,after,2,native,0,5,1,1,0,1,208711,305959
mixed_loop_skew,6,after,2,native,1,5,1,1,0,1,246731,306932
mixed_loop_skew,6,after,2,native,2,5,1,1,0,1,239384,305913
mixed_loop_skew,6,after,2,native,3,5,1,1,0,1,224121,306363
mixed_loop_skew,6,after,2,native,4,5,1,1,0,1,218822,306115
mixed_loop_skew,6,after,2,native,5,5,1,1,0,1,221035,315176
mixed_loop_skew,6,after,2,native,6,5,1,1,0,1,215763,305973
mixed_loop_skew,6,after,2,native,7,5,1,1,0,1,222431,305881
mixed_loop_skew,6,after,2,native,8,5,1,1,0,1,215570,306028
mixed_loop_skew,6,after,2,native,9,5,1,1,0,1,210410,305928
mixed_loop_skew,6,after,2,native,10,5,1,1,0,1,214092,306019
mixed_loop_skew,6,after,2,native,11,5,1,1,0,1,214037,306074
mixed_loop_skew,6,after,2,native,12,5,1,1,0,1,211199,306010
mixed_loop_skew,6,after,2,native,13,5,1,1,0,1,234332,305936
mixed_loop_skew,6,after,2,native,14,5,1,1,0,1,220181,306267
mixed_loop_skew,6,after,2,fixed_winner,0,5,1,1,17,1,215396,0
mixed_loop_skew,6,after,2,fixed_winner,1,5,1,1,17,1,214698,0
mixed_loop_skew,6,after,2,fixed_winner,2,5,1,1,17,1,216140,0
mixed_loop_skew,6,after,2,fixed_winner,3,5,1,1,17,1,213192,0
mixed_loop_skew,6,after,2,fixed_winner,4,5,1,1,17,1,213578,0
mixed_loop_skew,6,after,2,fixed_winner,5,5,1,1,17,1,214000,0
mixed_loop_skew,6,after,2,fixed_winner,6,5,1,1,17,1,211585,0
mixed_loop_skew,6,after,2,fixed_winner,7,5,1,1,17,1,207268,0
mixed_loop_skew,6,after,2,fixed_winner,8,5,1,1,17,1,212347,0
mixed_loop_skew,6,after,2,fixed_winner,9,5,1,1,17,1,212109,0
mixed_loop_skew,6,after,2,fixed_winner,10,5,1,1,17,1,207718,0
mixed_loop_skew,6,after,2,fixed_winner,11,5,1,1,17,1,278883,0
mixed_loop_skew,6,after,2,fixed_winner,12,5,1,1,17,1,321092,0
mixed_loop_skew,6,after,2,fixed_winner,13,5,1,1,17,1,248127,0
mixed_loop_skew,6,after,2,fixed_winner,14,5,1,1,17,1,216333,0
mixed_loop_skew,6,before,2,native,0,1,1,1,0,1,481091,509332
mixed_loop_skew,6,before,2,native,1,1,1,1,0,1,490588,508938
mixed_loop_skew,6,before,2,native,2,1,1,1,0,1,487236,509103
mixed_loop_skew,6,before,2,native,3,1,1,1,0,1,480706,509066
mixed_loop_skew,6,before,2,native,4,1,1,1,0,1,491047,508892
mixed_loop_skew,6,before,2,native,5,1,1,1,0,1,480724,509048
mixed_loop_skew,6,before,2,native,6,1,1,1,0,1,518608,508919
mixed_loop_skew,6,before,2,native,7,1,1,1,0,1,481119,509360
mixed_loop_skew,6,before,2,native,8,1,1,1,0,1,489385,508938
mixed_loop_skew,6,before,2,native,9,1,1,1,0,1,487052,509104
mixed_loop_skew,6,before,2,native,10,1,1,1,0,1,490689,509076
mixed_loop_skew,6,before,2,native,11,1,1,1,0,1,486510,509113
mixed_loop_skew,6,before,2,native,12,1,1,1,0,1,481018,509049
mixed_loop_skew,6,before,2,native,13,1,1,1,0,1,597588,515767
mixed_loop_skew,6,before,2,native,14,1,1,1,0,1,562111,509071
mixed_loop_skew,6,before,2,fixed_winner,0,5,1,1,17,1,311357,0
mixed_loop_skew,6,before,2,fixed_winner,1,5,1,1,17,1,307758,0
mixed_loop_skew,6,before,2,fixed_winner,2,5,1,1,17,1,306985,0
mixed_loop_skew,6,before,2,fixed_winner,3,5,1,1,17,1,321689,0
mixed_loop_skew,6,before,2,fixed_winner,4,5,1,1,17,1,314232,0
mixed_loop_skew,6,before,2,fixed_winner,5,5,1,1,17,1,246960,0
mixed_loop_skew,6,before,2,fixed_winner,6,5,1,1,17,1,306370,0
mixed_loop_skew,6,before,2,fixed_winner,7,5,1,1,17,1,310081,0
mixed_loop_skew,6,before,2,fixed_winner,8,5,1,1,17,1,302559,0
mixed_loop_skew,6,before,2,fixed_winner,9,5,1,1,17,1,216701,0
mixed_loop_skew,6,before,2,fixed_winner,10,5,1,1,17,1,308868,0
mixed_loop_skew,6,before,2,fixed_winner,11,5,1,1,17,1,213055,0
mixed_loop_skew,6,before,2,fixed_winner,12,5,1,1,17,1,222468,0
mixed_loop_skew,6,before,2,fixed_winner,13,5,1,1,17,1,214643,0
mixed_loop_skew,6,before,2,fixed_winner,14,5,1,1,17,1,214073,0
mixed_loop_skew,6,after,3,native,0,5,1,1,0,1,206589,318260
mixed_loop_skew,6,after,3,native,1,5,1,1,0,1,215249,318307
mixed_loop_skew,6,after,3,native,2,5,1,1,0,1,210886,318206
mixed_loop_skew,6,after,3,native,3,5,1,1,0,1,214340,318205
mixed_loop_skew,6,after,3,native,4,5,1,1,0,1,213972,318159
mixed_loop_skew,6,after,3,native,5,5,1,1,0,1,218913,324767
mixed_loop_skew,6,after,3,native,6,5,1,1,0,1,209482,317953
mixed_loop_skew,6,after,3,native,7,5,1,1,0,1,221604,317971
mixed_loop_skew,6,after,3,native,8,5,1,1,0,1,237272,317925
mixed_loop_skew,6,after,3,native,9,5,1,1,0,1,236941,318127
mixed_loop_skew,6,after,3,native,10,5,1,1,0,1,217592,318275
mixed_loop_skew,6,after,3,native,11,5,1,1,0,1,501082,318109
mixed_loop_skew,6,after,3,native,12,5,1,1,0,1,335973,318725
mixed_loop_skew,6,after,3,native,13,5,1,1,0,1,308878,326416
mixed_loop_skew,6,after,3,native,14,5,1,1,0,1,310806,318546
mixed_loop_skew,6,after,3,fixed_winner,0,5,1,1,17,1,211347,0
mixed_loop_skew,6,after,3,fixed_winner,1,5,1,1,17,1,219805,0
mixed_loop_skew,6,after,3,fixed_winner,2,5,1,1,17,1,210822,0
mixed_loop_skew,6,after,3,fixed_winner,3,5,1,1,17,1,217619,0
mixed_loop_skew,6,after,3,fixed_winner,4,5,1,1,17,1,223652,0
mixed_loop_skew,6,after,3,fixed_winner,5,5,1,1,17,1,236047,0
mixed_loop_skew,6,after,3,fixed_winner,6,5,1,1,17,1,368447,0
mixed_loop_skew,6,after,3,fixed_winner,7,5,1,1,17,1,226673,0
mixed_loop_skew,6,after,3,fixed_winner,8,5,1,1,17,1,325996,0
mixed_loop_skew,6,after,3,fixed_winner,9,5,1,1,17,1,216067,0
mixed_loop_skew,6,after,3,fixed_winner,10,5,1,1,17,1,217417,0
mixed_loop_skew,6,after,3,fixed_winner,11,5,1,1,17,1,216388,0
mixed_loop_skew,6,after,3,fixed_winner,12,5,1,1,17,1,217647,0
mixed_loop_skew,6,after,3,fixed_winner,13,5,1,1,17,1,213716,0
mixed_loop_skew,6,after,3,fixed_winner,14,5,1,1,17,1,213734,0
mixed_loop_skew,6,before,3,native,0,1,1,1,0,1,480917,499977
mixed_loop_skew,6,before,3,native,1,1,1,1,0,1,481110,500115
mixed_loop_skew,6,before,3,native,2,1,1,1,0,1,541934,499976
mixed_loop_skew,6,before,3,native,3,1,1,1,0,1,481294,500555
mixed_loop_skew,6,before,3,native,4,1,1,1,0,1,480890,500004
mixed_loop_skew,6,before,3,native,5,1,1,1,0,1,495299,506641
mixed_loop_skew,6,before,3,native,6,1,1,1,0,1,542210,499936
mixed_loop_skew,6,before,3,native,7,1,1,1,0,1,481101,500266
mixed_loop_skew,6,before,3,native,8,1,1,1,0,1,480577,499853
mixed_loop_skew,6,before,3,native,9,1,1,1,0,1,507982,499761
mixed_loop_skew,6,before,3,native,10,1,1,1,0,1,516753,500313
mixed_loop_skew,6,before,3,native,11,1,1,1,0,1,481046,500184
mixed_loop_skew,6,before,3,native,12,1,1,1,0,1,509901,499844
mixed_loop_skew,6,before,3,native,13,1,1,1,0,1,488181,506679
mixed_loop_skew,6,before,3,native,14,1,1,1,0,1,480568,499727
mixed_loop_skew,6,before,3,fixed_winner,0,5,1,1,17,1,235537,0
mixed_loop_skew,6,before,3,fixed_winner,1,5,1,1,17,1,229521,0
mixed_loop_skew,6,before,3,fixed_winner,2,5,1,1,17,1,227491,0
mixed_loop_skew,6,before,3,fixed_winner,3,5,1,1,17,1,213844,0
mixed_loop_skew,6,before,3,fixed_winner,4,5,1,1,17,1,204385,0
mixed_loop_skew,6,before,3,fixed_winner,5,5,1,1,17,1,204054,0
mixed_loop_skew,6,before,3,fixed_winner,6,5,1,1,17,1,207856,0
mixed_loop_skew,6,before,3,fixed_winner,7,5,1,1,17,1,203374,0
mixed_loop_skew,6,before,3,fixed_winner,8,5,1,1,17,1,211154,0
mixed_loop_skew,6,before,3,fixed_winner,9,5,1,1,17,1,207562,0
mixed_loop_skew,6,before,3,fixed_winner,10,5,1,1,17,1,215222,0
mixed_loop_skew,6,before,3,fixed_winner,11,5,1,1,17,1,204128,0
mixed_loop_skew,6,before,3,fixed_winner,12,5,1,1,17,1,207535,0
mixed_loop_skew,6,before,3,fixed_winner,13,5,1,1,17,1,217564,0
mixed_loop_skew,6,before,3,fixed_winner,14,5,1,1,17,1,227829,0
mixed_loop_skew,6,before,4,native,0,1,1,1,0,1,514658,511643
mixed_loop_skew,6,before,4,native,1,1,1,1,0,1,480908,511322
mixed_loop_skew,6,before,4,native,2,1,1,1,0,1,488063,511028
mixed_loop_skew,6,before,4,native,3,1,1,1,0,1,480734,511220
mixed_loop_skew,6,before,4,native,4,1,1,1,0,1,480881,511083
mixed_loop_skew,6,before,4,native,5,1,1,1,0,1,508515,531304
mixed_loop_skew,6,before,4,native,6,1,1,1,0,1,495529,510630
mixed_loop_skew,6,before,4,native,7,1,1,1,0,1,513575,510778
mixed_loop_skew,6,before,4,native,8,1,1,1,0,1,481487,510842
mixed_loop_skew,6,before,4,native,9,1,1,1,0,1,487419,510512
mixed_loop_skew,6,before,4,native,10,1,1,1,0,1,485362,510631
mixed_loop_skew,6,before,4,native,11,1,1,1,0,1,480706,510567
mixed_loop_skew,6,before,4,native,12,1,1,1,0,1,486446,510429
mixed_loop_skew,6,before,4,native,13,1,1,1,0,1,480687,510548
mixed_loop_skew,6,before,4,native,14,1,1,1,0,1,536598,510466
mixed_loop_skew,6,before,4,fixed_winner,0,5,1,1,17,1,240413,0
mixed_loop_skew,6,before,4,fixed_winner,1,5,1,1,17,1,235719,0
mixed_loop_skew,6,before,4,fixed_winner,2,5,1,1,17,1,239898,0
mixed_loop_skew,6,before,4,fixed_winner,3,5,1,1,17,1,205790,0
mixed_loop_skew,6,before,4,fixed_winner,4,5,1,1,17,1,209472,0
mixed_loop_skew,6,before,4,fixed_winner,5,5,1,1,17,1,209326,0
mixed_loop_skew,6,before,4,fixed_winner,6,5,1,1,17,1,221165,0
mixed_loop_skew,6,before,4,fixed_winner,7,5,1,1,17,1,238419,0
mixed_loop_skew,6,before,4,fixed_winner,8,5,1,1,17,1,216515,0
mixed_loop_skew,6,before,4,fixed_winner,9,5,1,1,17,1,213412,0
mixed_loop_skew,6,before,4,fixed_winner,10,5,1,1,17,1,210823,0
mixed_loop_skew,6,before,4,fixed_winner,11,5,1,1,17,1,296150,0
mixed_loop_skew,6,before,4,fixed_winner,12,5,1,1,17,1,311550,0
mixed_loop_skew,6,before,4,fixed_winner,13,5,1,1,17,1,219261,0
mixed_loop_skew,6,before,4,fixed_winner,14,5,1,1,17,1,230863,0
mixed_loop_skew,6,after,4,native,0,5,1,1,0,1,218867,337584
mixed_loop_skew,6,after,4,native,1,5,1,1,0,1,213918,337409
mixed_loop_skew,6,after,4,native,2,5,1,1,0,1,205606,337345
mixed_loop_skew,6,after,4,native,3,5,1,1,0,1,208683,337309
mixed_loop_skew,6,after,4,native,4,5,1,1,0,1,212971,337271
mixed_loop_skew,6,after,4,native,5,5,1,1,0,1,213183,337281
mixed_loop_skew,6,after,4,native,6,5,1,1,0,1,212218,337336
mixed_loop_skew,6,after,4,native,7,5,1,1,0,1,213127,337281
mixed_loop_skew,6,after,4,native,8,5,1,1,0,1,212668,337354
mixed_loop_skew,6,after,4,native,9,5,1,1,0,1,211236,337354
mixed_loop_skew,6,after,4,native,10,5,1,1,0,1,211053,337308
mixed_loop_skew,6,after,4,native,11,5,1,1,0,1,210584,337272
mixed_loop_skew,6,after,4,native,12,5,1,1,0,1,210786,337254
mixed_loop_skew,6,after,4,native,13,5,1,1,0,1,233048,344357
mixed_loop_skew,6,after,4,native,14,5,1,1,0,1,371520,337139
mixed_loop_skew,6,after,4,fixed_winner,0,5,1,1,17,1,209555,0
mixed_loop_skew,6,after,4,fixed_winner,1,5,1,1,17,1,209399,0
mixed_loop_skew,6,after,4,fixed_winner,2,5,1,1,17,1,208820,0
mixed_loop_skew,6,after,4,fixed_winner,3,5,1,1,17,1,222789,0
mixed_loop_skew,6,after,4,fixed_winner,4,5,1,1,17,1,215166,0
mixed_loop_skew,6,after,4,fixed_winner,5,5,1,1,17,1,211236,0
mixed_loop_skew,6,after,4,fixed_winner,6,5,1,1,17,1,208757,0
mixed_loop_skew,6,after,4,fixed_winner,7,5,1,1,17,1,209013,0
mixed_loop_skew,6,after,4,fixed_winner,8,5,1,1,17,1,201749,0
mixed_loop_skew,6,after,4,fixed_winner,9,5,1,1,17,1,209619,0
mixed_loop_skew,6,after,4,fixed_winner,10,5,1,1,17,1,208307,0
mixed_loop_skew,6,after,4,fixed_winner,11,5,1,1,17,1,208949,0
mixed_loop_skew,6,after,4,fixed_winner,12,5,1,1,17,1,217573,0
mixed_loop_skew,6,after,4,fixed_winner,13,5,1,1,17,1,246603,0
mixed_loop_skew,6,after,4,fixed_winner,14,5,1,1,17,1,211824,0
