0 12
0 20
0 24
0 29
0 31
0 51
0 79
0 91
0 97
0 104
0 111
0 122
0 133
0 143
0 163
0 168
0 204
0 210
0 213
0 217
0 219
0 220
0 262
0 275
0 300
0 301
0 309
0 313
0 316
0 326
0 352
0 354
0 372
0 373
0 376
0 379
0 399
0 407
0 414
0 416
0 431
0 432
0 441
0 442
0 444
0 451
0 456
0 460
0 480
1 16
1 23
1 46
1 54
1 55
1 58
1 59
1 64
1 65
1 67
1 73
1 86
1 87
1 100
1 101
1 111
1 118
1 122
1 143
1 144
1 161
1 169
1 174
1 177
1 187
1 188
1 202
1 203
1 215
1 229
1 232
1 259
1 260
1 265
1 281
1 297
1 302
1 305
1 312
1 316
1 318
1 322
1 325
1 327
1 340
1 382
1 393
1 398
1 409
1 411
1 419
1 423
1 437
1 452
1 467
1 472
1 481
1 485
1 495
2 25
2 34
2 52
2 53
2 59
2 60
2 64
2 80
2 90
2 97
2 105
2 114
2 119
2 128
2 151
2 152
2 161
2 175
2 177
2 181
2 199
2 202
2 217
2 226
2 230
2 239
2 245
2 252
2 258
2 259
2 262
2 267
2 269
2 270
2 298
2 300
2 313
2 326
2 333
2 340
2 352
2 357
2 364
2 367
2 370
2 376
2 383
2 404
2 413
2 415
2 422
2 430
2 434
2 441
2 444
2 446
2 455
2 467
2 470
2 474
2 476
2 480
2 483
2 488
2 489
2 498
3 5
3 9
3 13
3 19
3 41
3 58
3 59
3 70
3 73
3 85
3 90
3 94
3 104
3 106
3 109
3 111
3 115
3 127
3 128
3 130
3 133
3 136
3 141
3 147
3 148
3 150
3 153
3 173
3 175
3 179
3 191
3 203
3 205
3 213
3 218
3 221
3 229
3 238
3 240
3 246
3 254
3 260
3 272
3 278
3 282
3 285
3 290
3 293
3 295
3 296
3 300
3 311
3 329
3 341
3 377
3 383
3 385
3 386
3 398
3 433
3 439
3 442
3 449
3 460
3 471
3 475
3 481
3 484
3 499
4 32
4 36
4 50
4 55
4 56
4 59
4 67
4 69
4 78
4 80
4 83
4 84
4 86
4 88
4 91
4 93
4 94
4 96
4 97
4 103
4 118
4 131
4 138
4 140
4 143
4 145
4 153
4 155
4 165
4 173
4 176
4 180
4 185
4 186
4 194
4 204
4 210
4 211
4 219
4 222
4 223
4 227
4 239
4 240
4 243
4 267
4 269
4 272
4 276
4 283
4 287
4 306
4 317
4 326
4 327
4 328
4 333
4 336
4 343
4 346
4 350
4 351
4 358
4 360
4 361
4 378
4 381
4 395
4 399
4 405
4 408
4 416
4 421
4 423
4 424
4 425
4 436
4 448
4 455
4 462
4 484
4 487
4 488
4 491
4 494
4 499
5 24
5 26
5 29
5 35
5 38
5 52
5 54
5 59
5 79
5 82
5 86
5 120
5 125
5 131
5 134
5 149
5 150
5 155
5 158
5 161
5 193
5 198
5 203
5 204
5 206
5 207
5 219
5 228
5 247
5 250
5 262
5 286
5 294
5 315
5 326
5 343
5 359
5 368
5 383
5 385
5 393
5 411
5 421
5 433
5 440
5 453
5 456
5 467
5 469
5 475
5 483
5 492
5 498
6 33
6 38
6 49
6 57
6 60
6 70
6 82
6 91
6 115
6 118
6 124
6 125
6 130
6 148
6 164
6 165
6 167
6 176
6 177
6 189
6 191
6 196
6 209
6 212
6 221
6 223
6 229
6 248
6 254
6 259
6 266
6 283
6 298
6 328
6 330
6 336
6 347
6 353
6 354
6 359
6 363
6 369
6 372
6 374
6 385
6 388
6 395
6 405
6 412
6 422
6 423
6 429
6 433
6 442
6 446
6 452
6 459
6 464
6 481
6 483
6 494
7 8
7 9
7 12
7 17
7 21
7 27
7 37
7 42
7 45
7 51
7 54
7 58
7 69
7 72
7 74
7 85
7 89
7 128
7 137
7 144
7 145
7 150
7 162
7 168
7 170
7 178
7 186
7 203
7 205
7 212
7 219
7 228
7 297
7 313
7 315
7 326
7 330
7 334
7 340
7 342
7 363
7 368
7 379
7 380
7 381
7 389
7 390
7 392
7 400
7 402
7 405
7 413
7 432
7 442
7 449
7 450
7 456
7 459
7 461
7 467
7 472
7 480
7 481
7 488
8 23
8 32
8 41
8 62
8 81
8 83
8 84
8 108
8 111
8 128
8 131
8 137
8 145
8 166
8 179
8 182
8 194
8 202
8 221
8 226
8 229
8 231
8 234
8 243
8 250
8 251
8 252
8 253
8 254
8 255
8 256
8 260
8 266
8 267
8 273
8 277
8 284
8 286
8 288
8 305
8 310
8 317
8 319
8 337
8 339
8 348
8 358
8 365
8 371
8 383
8 413
8 414
8 415
8 428
8 431
8 438
8 440
8 453
8 455
8 456
8 462
8 463
8 468
8 471
9 11
9 12
9 20
9 26
9 41
9 44
9 55
9 56
9 65
9 87
9 93
9 103
9 107
9 109
9 119
9 122
9 132
9 136
9 143
9 145
9 148
9 157
9 159
9 174
9 177
9 191
9 195
9 196
9 204
9 208
9 214
9 220
9 223
9 237
9 241
9 246
9 248
9 249
9 282
9 287
9 310
9 320
9 322
9 334
9 336
9 347
9 353
9 354
9 369
9 374
9 376
9 381
9 391
9 393
9 396
9 399
9 404
9 416
9 420
9 424
9 433
9 436
9 447
9 454
9 492
10 11
10 20
10 25
10 52
10 53
10 64
10 79
10 83
10 100
10 111
10 116
10 131
10 132
10 142
10 148
10 172
10 178
10 180
10 202
10 212
10 223
10 224
10 233
10 236
10 253
10 254
10 258
10 266
10 272
10 286
10 307
10 311
10 313
10 317
10 333
10 341
10 355
10 356
10 363
10 374
10 375
10 379
10 390
10 394
10 403
10 404
10 411
10 412
10 422
10 433
10 441
10 477
10 485
10 486
10 489
11 22
11 30
11 34
11 60
11 68
11 75
11 83
11 92
11 114
11 116
11 132
11 156
11 171
11 175
11 178
11 189
11 191
11 193
11 205
11 208
11 209
11 211
11 221
11 232
11 259
11 260
11 263
11 276
11 283
11 288
11 290
11 293
11 295
11 303
11 304
11 312
11 324
11 328
11 330
11 334
11 340
11 341
11 350
11 357
11 361
11 367
11 371
11 376
11 377
11 379
11 402
11 423
11 426
11 429
11 439
11 442
11 455
11 456
11 459
11 467
11 477
11 479
11 492
12 18
12 72
12 85
12 86
12 91
12 92
12 99
12 114
12 124
12 129
12 137
12 141
12 145
12 155
12 167
12 169
12 173
12 176
12 185
12 194
12 204
12 210
12 215
12 227
12 243
12 250
12 254
12 260
12 280
12 297
12 305
12 310
12 318
12 322
12 323
12 325
12 337
12 344
12 349
12 354
12 362
12 369
12 393
12 399
12 404
12 408
12 414
12 418
12 422
12 428
12 433
12 434
12 438
12 447
12 463
12 480
12 485
12 487
12 488
13 21
13 41
13 42
13 62
13 65
13 66
13 71
13 96
13 98
13 103
13 121
13 126
13 141
13 144
13 150
13 171
13 188
13 213
13 216
13 219
13 223
13 224
13 226
13 232
13 236
13 243
13 247
13 249
13 250
13 252
13 263
13 278
13 280
13 288
13 295
13 296
13 299
13 314
13 315
13 345
13 353
13 366
13 369
13 372
13 375
13 378
13 403
13 419
13 420
13 429
13 438
13 449
13 473
13 479
13 484
13 487
13 488
13 489
14 18
14 25
14 36
14 42
14 49
14 62
14 65
14 72
14 76
14 81
14 91
14 101
14 109
14 112
14 117
14 124
14 143
14 148
14 158
14 171
14 184
14 186
14 188
14 196
14 199
14 200
14 203
14 204
14 208
14 222
14 227
14 236
14 238
14 243
14 248
14 251
14 252
14 259
14 260
14 265
14 274
14 277
14 288
14 318
14 322
14 326
14 328
14 331
14 333
14 364
14 366
14 367
14 392
14 398
14 401
14 402
14 403
14 416
14 426
14 429
14 432
14 434
14 437
14 449
14 456
14 464
14 473
14 477
14 491
15 19
15 24
15 30
15 33
15 34
15 37
15 42
15 52
15 55
15 64
15 67
15 74
15 75
15 78
15 79
15 89
15 91
15 107
15 129
15 138
15 148
15 150
15 157
15 159
15 167
15 168
15 178
15 182
15 189
15 193
15 196
15 202
15 204
15 216
15 229
15 237
15 244
15 256
15 282
15 287
15 303
15 308
15 309
15 310
15 317
15 319
15 322
15 328
15 334
15 344
15 349
15 368
15 401
15 406
15 422
15 429
15 430
15 460
15 470
15 473
15 489
15 492
16 34
16 39
16 42
16 43
16 45
16 46
16 52
16 54
16 56
16 68
16 78
16 89
16 92
16 96
16 103
16 107
16 112
16 129
16 133
16 165
16 171
16 190
16 191
16 192
16 204
16 214
16 226
16 232
16 233
16 241
16 245
16 247
16 257
16 260
16 276
16 286
16 300
16 335
16 340
16 358
16 396
16 400
16 403
16 415
16 421
16 431
16 444
16 466
16 467
16 481
16 499
17 34
17 37
17 39
17 44
17 45
17 46
17 48
17 60
17 64
17 73
17 79
17 82
17 88
17 93
17 122
17 126
17 128
17 134
17 135
17 145
17 146
17 150
17 153
17 163
17 168
17 179
17 181
17 182
17 193
17 194
17 210
17 226
17 238
17 240
17 249
17 259
17 274
17 276
17 283
17 291
17 292
17 301
17 306
17 309
17 330
17 332
17 339
17 342
17 354
17 360
17 362
17 363
17 372
17 375
17 376
17 388
17 391
17 395
17 404
17 407
17 410
17 423
17 436
17 446
17 450
17 452
17 469
17 488
17 495
18 23
18 31
18 44
18 73
18 79
18 80
18 87
18 88
18 99
18 104
18 111
18 114
18 118
18 120
18 121
18 127
18 135
18 140
18 143
18 160
18 164
18 174
18 203
18 205
18 209
18 216
18 225
18 227
18 229
18 232
18 234
18 265
18 276
18 287
18 293
18 296
18 302
18 303
18 312
18 317
18 334
18 352
18 374
18 418
18 428
18 445
18 448
18 453
18 463
18 464
18 467
18 473
18 480
19 20
19 26
19 37
19 39
19 83
19 87
19 91
19 98
19 111
19 117
19 134
19 142
19 156
19 170
19 198
19 206
19 208
19 212
19 214
19 216
19 217
19 222
19 226
19 234
19 238
19 245
19 247
19 260
19 263
19 265
19 277
19 280
19 282
19 286
19 296
19 297
19 307
19 316
19 319
19 322
19 323
19 339
19 362
19 367
19 376
19 379
19 394
19 398
19 402
19 404
19 407
19 419
19 421
19 424
19 431
19 440
19 441
19 446
19 448
19 449
19 473
19 483
19 490
19 497
20 24
20 27
20 35
20 41
20 44
20 57
20 82
20 83
20 88
20 93
20 95
20 97
20 100
20 103
20 116
20 117
20 121
20 123
20 124
20 130
20 133
20 135
20 141
20 154
20 160
20 166
20 168
20 177
20 185
20 188
20 189
20 190
20 195
20 199
20 200
20 207
20 220
20 221
20 230
20 232
20 240
20 259
20 275
20 278
20 281
20 298
20 302
20 303
20 317
20 319
20 330
20 340
20 352
20 360
20 371
20 373
20 374
20 380
20 391
20 400
20 456
20 462
20 492
20 493
20 496
21 25
21 35
21 61
21 62
21 70
21 99
21 101
21 107
21 110
21 112
21 114
21 129
21 133
21 148
21 197
21 199
21 210
21 214
21 225
21 228
21 243
21 262
21 270
21 285
21 286
21 289
21 298
21 303
21 306
21 308
21 309
21 321
21 323
21 329
21 330
21 333
21 351
21 357
21 358
21 359
21 361
21 365
21 373
21 377
21 378
21 379
21 381
21 399
21 408
21 420
21 428
21 429
21 430
21 442
21 455
21 461
21 469
21 483
21 490
22 26
22 38
22 58
22 62
22 65
22 69
22 78
22 79
22 88
22 95
22 103
22 111
22 134
22 142
22 144
22 149
22 178
22 181
22 183
22 184
22 193
22 196
22 197
22 199
22 204
22 207
22 219
22 227
22 234
22 252
22 259
22 270
22 282
22 296
22 300
22 302
22 314
22 318
22 328
22 329
22 337
22 338
22 340
22 341
22 343
22 344
22 365
22 369
22 370
22 375
22 377
22 386
22 389
22 406
22 412
22 413
22 419
22 431
22 446
22 465
22 469
22 477
22 487
22 495
22 499
23 26
23 28
23 38
23 40
23 48
23 54
23 60
23 61
23 71
23 82
23 85
23 87
23 93
23 99
23 101
23 104
23 113
23 120
23 128
23 130
23 133
23 134
23 137
23 142
23 151
23 164
23 166
23 183
23 188
23 202
23 209
23 223
23 225
23 227
23 228
23 242
23 244
23 255
23 277
23 288
23 296
23 314
23 318
23 339
23 349
23 357
23 374
23 387
23 388
23 391
23 412
23 427
23 433
23 440
23 466
23 474
23 485
23 493
24 43
24 49
24 67
24 79
24 80
24 86
24 92
24 94
24 99
24 109
24 132
24 152
24 153
24 158
24 159
24 162
24 169
24 173
24 176
24 192
24 198
24 199
24 216
24 226
24 230
24 232
24 247
24 256
24 265
24 288
24 294
24 297
24 305
24 310
24 318
24 359
24 365
24 383
24 385
24 439
24 440
24 447
24 469
24 478
24 483
25 27
25 36
25 52
25 57
25 79
25 90
25 97
25 104
25 112
25 114
25 124
25 125
25 134
25 156
25 158
25 176
25 190
25 191
25 198
25 199
25 218
25 222
25 228
25 242
25 247
25 254
25 259
25 260
25 261
25 262
25 263
25 264
25 268
25 284
25 286
25 290
25 292
25 295
25 302
25 308
25 313
25 327
25 333
25 339
25 355
25 364
25 369
25 375
25 380
25 388
25 398
25 401
25 402
25 403
25 408
25 410
25 415
25 424
25 435
25 440
25 449
25 466
25 468
25 473
25 474
25 477
26 28
26 38
26 48
26 62
26 72
26 74
26 79
26 92
26 105
26 119
26 125
26 127
26 130
26 138
26 142
26 152
26 159
26 174
26 185
26 187
26 188
26 193
26 196
26 207
26 212
26 222
26 226
26 239
26 241
26 256
26 259
26 266
26 270
26 276
26 283
26 289
26 291
26 306
26 310
26 312
26 315
26 317
26 319
26 322
26 351
26 353
26 362
26 374
26 378
26 379
26 381
26 387
26 391
26 395
26 402
26 406
26 422
26 426
26 428
26 430
26 444
26 450
26 461
26 481
26 485
26 491
26 494
27 31
27 52
27 54
27 55
27 58
27 63
27 67
27 71
27 77
27 81
27 86
27 89
27 93
27 106
27 121
27 137
27 143
27 147
27 157
27 164
27 171
27 175
27 184
27 199
27 209
27 214
27 216
27 227
27 246
27 254
27 270
27 281
27 292
27 300
27 305
27 313
27 350
27 352
27 378
27 382
27 398
27 399
27 404
27 408
27 427
27 432
27 434
27 441
27 458
27 470
27 472
27 474
27 475
27 477
27 495
28 31
28 42
28 57
28 59
28 61
28 66
28 73
28 76
28 87
28 88
28 96
28 109
28 110
28 118
28 119
28 141
28 142
28 149
28 163
28 168
28 176
28 181
28 183
28 192
28 197
28 201
28 202
28 207
28 208
28 216
28 220
28 227
28 235
28 240
28 261
28 266
28 280
28 286
28 301
28 308
28 311
28 312
28 317
28 321
28 323
28 324
28 333
28 336
28 337
28 344
28 347
28 361
28 363
28 379
28 385
28 403
28 414
28 415
28 418
28 419
28 430
28 432
28 462
28 466
28 478
28 490
28 494
28 497
29 41
29 44
29 50
29 55
29 65
29 80
29 108
29 125
29 129
29 133
29 142
29 144
29 152
29 156
29 157
29 166
29 169
29 177
29 198
29 203
29 212
29 213
29 237
29 242
29 245
29 249
29 259
29 261
29 262
29 277
29 280
29 294
29 302
29 306
29 307
29 311
29 325
29 328
29 334
29 338
29 343
29 362
29 365
29 370
29 384
29 386
29 392
29 394
29 401
29 419
29 439
29 452
29 457
29 463
29 464
29 468
29 472
29 476
29 479
29 484
29 485
29 489
29 492
30 33
30 36
30 39
30 57
30 66
30 74
30 76
30 86
30 90
30 97
30 98
30 105
30 106
30 110
30 124
30 126
30 132
30 137
30 154
30 166
30 167
30 170
30 181
30 198
30 199
30 219
30 238
30 253
30 255
30 258
30 268
30 296
30 300
30 302
30 311
30 312
30 318
30 334
30 336
30 364
30 378
30 381
30 382
30 392
30 399
30 401
30 406
30 410
30 417
30 429
30 432
30 443
30 445
30 455
30 465
30 476
30 482
30 485
31 38
31 39
31 40
31 45
31 47
31 51
31 94
31 99
31 101
31 102
31 121
31 131
31 138
31 147
31 154
31 157
31 159
31 170
31 196
31 201
31 209
31 212
31 214
31 216
31 226
31 230
31 238
31 239
31 244
31 246
31 247
31 280
31 292
31 297
31 311
31 317
31 332
31 338
31 354
31 357
31 365
31 384
31 393
31 395
31 396
31 398
31 409
31 419
31 431
31 433
31 435
31 439
31 447
31 449
31 450
31 451
31 459
31 484
31 485
31 488
31 492
32 40
32 52
32 60
32 62
32 71
32 84
32 96
32 116
32 124
32 136
32 142
32 148
32 156
32 161
32 162
32 167
32 189
32 198
32 204
32 208
32 215
32 221
32 227
32 245
32 259
32 262
32 268
32 270
32 271
32 276
32 284
32 305
32 308
32 312
32 317
32 322
32 350
32 355
32 356
32 376
32 380
32 393
32 397
32 407
32 412
32 413
32 428
32 445
32 449
32 454
32 464
32 468
32 490
32 494
33 55
33 74
33 75
33 81
33 96
33 105
33 108
33 137
33 153
33 172
33 175
33 182
33 191
33 194
33 195
33 210
33 234
33 240
33 243
33 247
33 249
33 268
33 273
33 289
33 293
33 295
33 298
33 302
33 308
33 320
33 321
33 326
33 339
33 341
33 349
33 351
33 363
33 366
33 369
33 372
33 376
33 395
33 402
33 418
33 422
33 430
33 442
33 450
33 457
33 463
33 484
33 486
33 488
34 35
34 44
34 47
34 53
34 64
34 82
34 90
34 97
34 106
34 114
34 115
34 119
34 122
34 125
34 127
34 134
34 154
34 159
34 168
34 171
34 173
34 204
34 210
34 214
34 216
34 222
34 231
34 238
34 247
34 258
34 266
34 272
34 284
34 292
34 298
34 328
34 336
34 337
34 340
34 346
34 348
34 349
34 379
34 386
34 395
34 405
34 408
34 420
34 422
34 423
34 428
34 432
34 441
34 444
34 451
34 469
34 485
35 46
35 57
35 59
35 64
35 89
35 97
35 98
35 104
35 111
35 112
35 114
35 125
35 132
35 147
35 160
35 161
35 169
35 180
35 200
35 207
35 210
35 214
35 221
35 235
35 237
35 240
35 244
35 258
35 266
35 273
35 275
35 285
35 297
35 305
35 311
35 314
35 317
35 321
35 324
35 334
35 342
35 347
35 350
35 357
35 365
35 393
35 401
35 403
35 416
35 421
35 426
35 428
35 432
35 435
35 448
35 460
35 462
35 470
35 476
35 487
35 488
36 42
36 50
36 56
36 60
36 66
36 73
36 79
36 80
36 86
36 90
36 96
36 132
36 139
36 146
36 151
36 172
36 176
36 182
36 184
36 196
36 207
36 208
36 210
36 215
36 229
36 238
36 253
36 258
36 261
36 262
36 271
36 275
36 298
36 301
36 312
36 319
36 325
36 327
36 335
36 336
36 343
36 351
36 357
36 359
36 363
36 367
36 369
36 384
36 386
36 387
36 402
36 403
36 405
36 422
36 433
36 436
36 438
36 441
36 444
36 445
36 448
36 457
36 459
36 463
36 471
36 478
36 485
36 487
36 489
36 495
36 498
37 46
37 50
37 51
37 59
37 65
37 66
37 69
37 72
37 81
37 100
37 119
37 124
37 130
37 131
37 141
37 146
37 152
37 159
37 173
37 177
37 178
37 194
37 198
37 203
37 236
37 248
37 255
37 257
37 270
37 295
37 298
37 305
37 310
37 316
37 320
37 341
37 343
37 358
37 385
37 392
37 407
37 417
37 427
37 435
37 441
37 442
37 459
37 461
37 467
37 475
37 494
38 39
38 52
38 58
38 74
38 80
38 89
38 90
38 99
38 102
38 115
38 126
38 129
38 140
38 162
38 164
38 176
38 194
38 230
38 235
38 241
38 252
38 262
38 279
38 294
38 301
38 324
38 326
38 336
38 339
38 364
38 366
38 368
38 373
38 377
38 382
38 387
38 390
38 391
38 392
38 393
38 396
38 400
38 401
38 404
38 407
38 409
38 410
38 429
38 441
38 447
38 448
38 449
38 450
38 470
38 475
38 481
38 482
38 490
38 497
39 54
39 106
39 110
39 129
39 159
39 161
39 170
39 173
39 192
39 197
39 202
39 206
39 209
39 211
39 222
39 233
39 234
39 235
39 236
39 238
39 239
39 254
39 257
39 262
39 270
39 279
39 281
39 286
39 294
39 302
39 305
39 310
39 322
39 331
39 339
39 346
39 358
39 359
39 363
39 366
39 378
39 382
39 411
39 412
39 416
39 419
39 421
39 429
39 434
39 442
39 457
39 459
39 462
39 472
39 487
39 489
40 44
40 48
40 50
40 52
40 55
40 58
40 68
40 69
40 76
40 102
40 105
40 106
40 115
40 116
40 117
40 118
40 132
40 134
40 137
40 138
40 142
40 148
40 150
40 159
40 162
40 163
40 166
40 168
40 171
40 178
40 185
40 196
40 203
40 205
40 207
40 208
40 216
40 221
40 232
40 240
40 293
40 302
40 306
40 307
40 309
40 313
40 331
40 341
40 343
40 345
40 353
40 360
40 362
40 380
40 387
40 391
40 393
40 394
40 412
40 413
40 430
40 449
40 452
40 456
40 462
40 469
40 492
40 497
41 53
41 64
41 73
41 76
41 85
41 103
41 104
41 115
41 119
41 125
41 134
41 136
41 158
41 162
41 163
41 164
41 167
41 179
41 180
41 196
41 216
41 221
41 223
41 238
41 248
41 249
41 251
41 256
41 262
41 272
41 280
41 282
41 294
41 304
41 306
41 307
41 312
41 317
41 333
41 339
41 340
41 345
41 352
41 359
41 375
41 384
41 386
41 392
41 427
41 428
41 431
41 432
41 433
41 450
41 460
41 465
41 487
41 488
41 498
42 49
42 101
42 104
42 110
42 122
42 126
42 130
42 138
42 141
42 150
42 152
42 154
42 158
42 163
42 165
42 168
42 176
42 178
42 182
42 186
42 187
42 191
42 196
42 204
42 214
42 217
42 221
42 225
42 236
42 238
42 251
42 258
42 261
42 262
42 267
42 272
42 281
42 282
42 300
42 303
42 304
42 306
42 311
42 318
42 332
42 334
42 336
42 341
42 354
42 365
42 367
42 369
42 370
42 371
42 372
42 374
42 393
42 399
42 435
42 441
42 453
42 457
42 464
42 472
42 481
42 490
42 493
43 44
43 49
43 56
43 61
43 62
43 69
43 89
43 95
43 98
43 121
43 142
43 161
43 164
43 172
43 184
43 185
43 196
43 197
43 200
43 206
43 216
43 227
43 243
43 264
43 269
43 274
43 278
43 282
43 286
43 290
43 299
43 303
43 325
43 328
43 332
43 344
43 345
43 355
43 358
43 359
43 383
43 389
43 394
43 407
43 423
43 429
43 434
43 436
43 437
43 450
43 474
43 482
43 499
44 46
44 69
44 72
44 77
44 90
44 93
44 106
44 113
44 119
44 122
44 125
44 126
44 134
44 135
44 155
44 157
44 163
44 166
44 177
44 178
44 180
44 182
44 184
44 187
44 190
44 197
44 202
44 205
44 209
44 222
44 231
44 233
44 235
44 237
44 238
44 242
44 243
44 247
44 248
44 261
44 264
44 267
44 325
44 326
44 329
44 333
44 356
44 387
44 397
44 408
44 419
44 424
44 428
44 449
44 456
44 457
44 463
44 466
44 475
44 484
44 487
44 490
44 495
44 496
45 56
45 64
45 69
45 101
45 110
45 114
45 116
45 118
45 123
45 124
45 156
45 168
45 174
45 181
45 182
45 184
45 192
45 196
45 220
45 221
45 232
45 235
45 266
45 276
45 282
45 316
45 339
45 340
45 349
45 350
45 361
45 364
45 375
45 380
45 381
45 394
45 395
45 396
45 408
45 412
45 425
45 428
45 429
45 432
45 442
45 443
45 445
45 463
45 492
45 498
46 50
46 71
46 75
46 77
46 78
46 84
46 94
46 96
46 124
46 127
46 131
46 135
46 153
46 154
46 157
46 168
46 181
46 182
46 183
46 188
46 202
46 204
46 208
46 214
46 215
46 218
46 224
46 226
46 232
46 239
46 271
46 273
46 281
46 298
46 318
46 322
46 325
46 330
46 332
46 337
46 347
46 348
46 358
46 368
46 370
46 388
46 390
46 391
46 396
46 408
46 409
46 413
46 415
46 419
46 440
46 447
46 457
46 480
47 53
47 56
47 62
47 66
47 67
47 73
47 78
47 79
47 88
47 89
47 96
47 112
47 116
47 118
47 122
47 129
47 155
47 166
47 172
47 179
47 185
47 192
47 197
47 198
47 211
47 213
47 218
47 219
47 224
47 228
47 238
47 242
47 244
47 247
47 254
47 258
47 263
47 265
47 278
47 284
47 288
47 290
47 318
47 355
47 358
47 370
47 383
47 394
47 397
47 404
47 413
47 422
47 423
47 425
47 477
47 497
48 52
48 57
48 68
48 70
48 81
48 92
48 102
48 110
48 115
48 118
48 132
48 134
48 140
48 141
48 150
48 160
48 175
48 179
48 180
48 194
48 212
48 213
48 215
48 220
48 224
48 227
48 238
48 244
48 247
48 248
48 265
48 268
48 281
48 303
48 306
48 320
48 326
48 328
48 329
48 335
48 342
48 353
48 370
48 382
48 400
48 402
48 417
48 423
48 429
48 433
48 443
48 457
48 473
48 476
48 490
48 492
48 494
48 495
48 498
48 499
49 54
49 63
49 66
49 87
49 89
49 110
49 113
49 116
49 117
49 153
49 154
49 159
49 186
49 192
49 194
49 208
49 213
49 215
49 247
49 256
49 269
49 282
49 285
49 286
49 290
49 299
49 300
49 305
49 307
49 333
49 336
49 344
49 348
49 362
49 367
49 387
49 388
49 397
49 402
49 418
49 431
49 437
49 441
49 443
49 448
49 452
49 454
49 459
49 460
49 471
49 472
49 478
49 480
49 489
49 495
50 52
50 53
50 75
50 78
50 87
50 100
50 108
50 127
50 130
50 132
50 140
50 144
50 149
50 155
50 161
50 162
50 175
50 176
50 179
50 191
50 195
50 204
50 211
50 212
50 217
50 237
50 241
50 249
50 252
50 258
50 278
50 280
50 282
50 288
50 313
50 324
50 326
50 330
50 335
50 338
50 342
50 344
50 358
50 375
50 379
50 396
50 413
50 415
50 416
50 417
50 424
50 433
50 442
50 444
50 453
50 468
50 474
50 475
50 477
50 480
50 484
50 488
50 489
50 497
50 499
51 53
51 72
51 73
51 86
51 96
51 102
51 107
51 144
51 153
51 159
51 166
51 167
51 187
51 189
51 193
51 196
51 222
51 239
51 248
51 250
51 253
51 259
51 264
51 266
51 272
51 277
51 291
51 296
51 314
51 327
51 332
51 333
51 335
51 353
51 356
51 361
51 365
51 367
51 371
51 376
51 377
51 380
51 381
51 390
51 391
51 407
51 425
51 426
51 427
51 434
51 437
51 438
51 447
51 450
51 453
51 457
51 474
51 481
51 483
51 496
52 53
52 55
52 56
52 61
52 76
52 77
52 80
52 86
52 91
52 94
52 115
52 118
52 120
52 128
52 133
52 136
52 150
52 152
52 171
52 175
52 188
52 190
52 205
52 206
52 213
52 216
52 228
52 233
52 234
52 242
52 251
52 253
52 255
52 257
52 263
52 273
52 274
52 275
52 276
52 286
52 290
52 295
52 318
52 326
52 333
52 364
52 367
52 368
52 385
52 386
52 388
52 396
52 400
52 405
52 411
52 425
52 431
52 454
52 458
52 471
52 484
52 487
52 496
52 498
53 60
53 63
53 70
53 79
53 90
53 92
53 96
53 98
53 108
53 111
53 114
53 122
53 125
53 127
53 130
53 136
53 140
53 145
53 154
53 171
53 175
53 191
53 209
53 219
53 223
53 229
53 234
53 251
53 252
53 264
53 266
53 269
53 272
53 307
53 311
53 315
53 327
53 342
53 355
53 359
53 363
53 367
53 379
53 383
53 386
53 395
53 400
53 402
53 403
53 404
53 407
53 417
53 418
53 420
53 424
53 425
53 435
53 444
53 447
53 464
53 468
53 480
53 496
53 498
54 88
54 108
54 125
54 138
54 139
54 150
54 156
54 170
54 185
54 200
54 210
54 217
54 220
54 226
54 228
54 249
54 267
54 271
54 278
54 279
54 303
54 304
54 311
54 317
54 318
54 322
54 326
54 332
54 351
54 355
54 356
54 367
54 384
54 388
54 399
54 401
54 414
54 420
54 422
54 427
54 439
54 440
54 450
54 452
54 454
54 456
54 472
54 474
54 484
54 494
54 496
54 498
55 56
55 59
55 75
55 76
55 80
55 90
55 92
55 96
55 98
55 117
55 137
55 143
55 146
55 147
55 171
55 176
55 178
55 205
55 218
55 245
55 250
55 257
55 258
55 261
55 265
55 273
55 274
55 281
55 300
55 304
55 307
55 309
55 310
55 313
55 317
55 320
55 323
55 329
55 330
55 339
55 343
55 354
55 361
55 366
55 370
55 371
55 388
55 392
55 396
55 402
55 407
55 432
55 435
55 436
55 438
55 443
55 449
55 452
55 460
55 461
55 463
55 473
55 488
55 495
56 61
56 73
56 78
56 79
56 83
56 87
56 95
56 116
56 129
56 136
56 150
56 154
56 155
56 157
56 181
56 187
56 194
56 201
56 212
56 213
56 216
56 220
56 221
56 227
56 251
56 256
56 260
56 270
56 275
56 302
56 325
56 326
56 330
56 331
56 355
56 358
56 375
56 377
56 407
56 414
56 415
56 418
56 430
56 432
56 442
56 451
56 452
56 461
56 469
56 477
56 484
56 490
56 491
57 60
57 67
57 77
57 81
57 91
57 107
57 114
57 122
57 135
57 143
57 153
57 156
57 157
57 181
57 185
57 195
57 203
57 211
57 241
57 249
57 259
57 262
57 264
57 267
57 279
57 281
57 285
57 297
57 311
57 312
57 313
57 314
57 316
57 323
57 336
57 343
57 344
57 347
57 356
57 357
57 358
57 366
57 370
57 373
57 387
57 390
57 392
57 394
57 395
57 412
57 413
57 428
57 432
57 435
57 436
57 439
57 441
57 443
57 444
57 446
57 453
57 464
57 467
57 469
57 479
57 481
57 494
57 499
58 65
58 74
58 75
58 82
58 89
58 117
58 120
58 124
58 128
58 129
58 135
58 153
58 167
58 168
58 171
58 175
58 184
58 185
58 186
58 197
58 199
58 223
58 229
58 230
58 236
58 262
58 280
58 285
58 296
58 315
58 317
58 318
58 320
58 321
58 322
58 329
58 333
58 336
58 342
58 343
58 363
58 365
58 370
58 371
58 397
58 404
58 416
58 417
58 421
58 423
58 426
58 428
58 429
58 450
58 456
58 457
58 469
58 477
58 484
59 60
59 72
59 86
59 95
59 107
59 116
59 119
59 123
59 124
59 128
59 130
59 136
59 146
59 148
59 164
59 177
59 179
59 181
59 186
59 206
59 207
59 222
59 226
59 231
59 233
59 237
59 240
59 245
59 247
59 258
59 298
59 314
59 329
59 332
59 348
59 351
59 352
59 353
59 354
59 357
59 361
59 363
59 364
59 387
59 411
59 438
59 447
59 478
59 489
59 492
60 62
60 63
60 67
60 74
60 75
60 79
60 95
60 96
60 112
60 117
60 132
60 137
60 142
60 150
60 162
60 163
60 164
60 182
60 185
60 188
60 195
60 203
60 213
60 214
60 230
60 243
60 256
60 259
60 266
60 291
60 292
60 325
60 327
60 329
60 333
60 341
60 346
60 347
60 349
60 350
60 353
60 371
60 373
60 374
60 377
60 381
60 383
60 390
60 399
60 406
60 425
60 433
60 436
60 438
60 440
60 441
60 458
60 460
60 468
60 475
60 478
60 479
60 494
60 497
60 498
61 66
61 72
61 80
61 83
61 105
61 111
61 116
61 118
61 128
61 144
61 147
61 173
61 193
61 194
61 205
61 216
61 227
61 229
61 234
61 242
61 244
61 263
61 265
61 266
61 268
61 277
61 283
61 286
61 288
61 294
61 301
61 306
61 322
61 325
61 327
61 345
61 351
61 359
61 364
61 378
61 390
61 409
61 426
61 428
61 437
61 439
61 445
61 448
61 455
61 457
61 461
61 472
61 474
61 477
61 481
61 490
61 492
62 67
62 98
62 105
62 118
62 125
62 128
62 130
62 131
62 132
62 143
62 162
62 169
62 174
62 183
62 192
62 217
62 220
62 226
62 234
62 235
62 241
62 273
62 290
62 295
62 313
62 315
62 319
62 329
62 335
62 354
62 370
62 384
62 407
62 413
62 428
62 432
62 433
62 436
62 441
62 443
62 451
62 453
62 454
62 466
62 468
62 469
62 470
62 472
62 487
62 493
63 64
63 73
63 95
63 98
63 104
63 108
63 114
63 125
63 151
63 162
63 164
63 168
63 180
63 192
63 208
63 214
63 216
63 220
63 228
63 235
63 238
63 253
63 260
63 277
63 286
63 302
63 307
63 308
63 326
63 335
63 343
63 344
63 345
63 356
63 362
63 375
63 379
63 385
63 395
63 396
63 401
63 418
63 423
63 434
63 436
63 438
63 443
63 447
63 459
63 463
63 469
63 483
63 490
63 491
64 77
64 86
64 88
64 95
64 116
64 120
64 158
64 183
64 193
64 224
64 231
64 237
64 246
64 251
64 270
64 272
64 280
64 294
64 298
64 305
64 308
64 310
64 314
64 317
64 320
64 325
64 339
64 344
64 359
64 370
64 371
64 377
64 378
64 396
64 413
64 416
64 445
64 451
64 454
64 456
64 459
64 466
64 472
64 474
64 489
64 491
64 495
65 67
65 68
65 70
65 76
65 83
65 85
65 93
65 100
65 102
65 113
65 114
65 129
65 139
65 147
65 159
65 164
65 172
65 178
65 190
65 197
65 199
65 206
65 221
65 240
65 247
65 257
65 284
65 292
65 300
65 301
65 312
65 315
65 316
65 330
65 335
65 338
65 340
65 343
65 347
65 366
65 370
65 390
65 392
65 407
65 410
65 412
65 418
65 419
65 421
65 422
65 424
65 428
65 430
65 434
65 449
65 455
65 456
65 458
65 483
65 486
65 499
66 74
66 81
66 86
66 96
66 111
66 118
66 119
66 122
66 126
66 134
66 136
66 138
66 143
66 155
66 159
66 161
66 164
66 178
66 188
66 209
66 210
66 221
66 222
66 224
66 235
66 238
66 243
66 252
66 254
66 259
66 262
66 266
66 269
66 275
66 280
66 293
66 296
66 301
66 316
66 326
66 331
66 340
66 344
66 345
66 355
66 363
66 366
66 387
66 399
66 417
66 454
66 456
66 457
66 464
66 475
66 480
66 482
66 486
66 492
66 495
67 72
67 73
67 82
67 85
67 94
67 100
67 103
67 106
67 107
67 116
67 128
67 129
67 143
67 144
67 159
67 174
67 187
67 202
67 205
67 207
67 212
67 226
67 234
67 266
67 270
67 278
67 290
67 300
67 313
67 314
67 319
67 323
67 326
67 334
67 338
67 350
67 353
67 365
67 370
67 377
67 383
67 386
67 398
67 403
67 410
67 418
67 422
67 423
67 430
67 431
67 435
67 441
67 445
67 454
67 469
67 473
67 487
67 488
67 497
68 77
68 85
68 91
68 102
68 111
68 118
68 130
68 135
68 142
68 143
68 147
68 154
68 165
68 170
68 174
68 179
68 222
68 229
68 244
68 257
68 259
68 265
68 283
68 286
68 293
68 300
68 303
68 307
68 325
68 336
68 338
68 340
68 345
68 351
68 358
68 368
68 372
68 373
68 381
68 386
68 391
68 395
68 409
68 416
68 422
68 423
68 425
68 427
68 439
68 443
68 447
68 451
68 468
68 473
68 475
68 477
68 482
68 483
68 496
68 498
69 80
69 83
69 87
69 93
69 97
69 106
69 109
69 127
69 144
69 146
69 149
69 167
69 168
69 180
69 187
69 194
69 201
69 204
69 205
69 215
69 226
69 228
69 236
69 238
69 248
69 255
69 256
69 272
69 303
69 305
69 306
69 310
69 325
69 326
69 327
69 329
69 339
69 355
69 356
69 359
69 376
69 384
69 393
69 395
69 397
69 419
69 432
69 434
69 446
69 447
69 474
69 476
70 77
70 81
70 83
70 85
70 96
70 110
70 128
70 138
70 148
70 151
70 152
70 162
70 169
70 184
70 186
70 199
70 200
70 221
70 231
70 234
70 236
70 244
70 248
70 256
70 264
70 268
70 284
70 293
70 300
70 303
70 304
70 306
70 312
70 328
70 331
70 347
70 361
70 371
70 383
70 391
70 393
70 394
70 405
70 410
70 411
70 417
70 422
70 436
70 445
70 449
70 451
70 458
70 461
70 464
70 468
70 470
70 476
70 479
70 491
71 76
71 82
71 85
71 96
71 98
71 105
71 106
71 112
71 120
71 124
71 131
71 137
71 151
71 166
71 169
71 176
71 184
71 193
71 196
71 199
71 200
71 219
71 231
71 239
71 242
71 244
71 251
71 254
71 257
71 269
71 271
71 289
71 297
71 303
71 304
71 318
71 325
71 328
71 353
71 359
71 365
71 366
71 375
71 386
71 387
71 403
71 407
71 408
71 412
71 414
71 416
71 435
71 438
71 446
71 450
71 455
71 458
71 466
71 468
71 471
71 475
71 482
71 488
71 499
72 78
72 81
72 82
72 84
72 85
72 88
72 98
72 101
72 109
72 111
72 117
72 129
72 133
72 137
72 141
72 143
72 158
72 169
72 188
72 189
72 196
72 197
72 209
72 220
72 227
72 237
72 240
72 257
72 264
72 273
72 274
72 275
72 279
72 300
72 304
72 316
72 324
72 329
72 336
72 344
72 351
72 363
72 365
72 368
72 376
72 380
72 401
72 404
72 419
72 423
72 433
72 436
72 446
72 455
72 467
72 470
72 477
72 494
73 76
73 88
73 108
73 133
73 136
73 143
73 147
73 153
73 157
73 177
73 178
73 180
73 183
73 188
73 190
73 197
73 201
73 204
73 215
73 220
73 223
73 224
73 226
73 231
73 248
73 254
73 255
73 268
73 287
73 290
73 311
73 331
73 342
73 343
73 353
73 384
73 398
73 399
73 413
73 418
73 427
73 439
73 464
73 465
73 468
73 479
73 489
73 495
74 75
74 79
74 80
74 81
74 82
74 86
74 87
74 94
74 98
74 101
74 105
74 118
74 121
74 124
74 133
74 140
74 147
74 156
74 187
74 194
74 201
74 218
74 221
74 239
74 245
74 247
74 259
74 270
74 273
74 276
74 286
74 288
74 290
74 314
74 318
74 326
74 331
74 335
74 354
74 369
74 371
74 374
74 377
74 382
74 392
74 395
74 397
74 401
74 403
74 405
74 415
74 417
74 421
74 446
74 449
74 455
74 479
74 487
74 490
74 492
75 92
75 94
75 96
75 98
75 103
75 112
75 117
75 120
75 121
75 135
75 136
75 143
75 145
75 160
75 163
75 175
75 176
75 191
75 192
75 194
75 197
75 205
75 209
75 216
75 220
75 240
75 245
75 258
75 261
75 267
75 270
75 306
75 309
75 315
75 317
75 318
75 322
75 339
75 360
75 372
75 374
75 376
75 385
75 390
75 410
75 416
75 436
75 449
75 453
75 458
75 459
75 461
75 480
75 481
75 485
75 486
75 492
76 77
76 99
76 100
76 101
76 104
76 106
76 127
76 134
76 135
76 137
76 138
76 140
76 149
76 162
76 166
76 188
76 190
76 191
76 193
76 197
76 220
76 222
76 223
76 230
76 231
76 244
76 246
76 256
76 258
76 260
76 281
76 282
76 283
76 284
76 289
76 293
76 294
76 296
76 330
76 332
76 334
76 337
76 360
76 374
76 381
76 386
76 399
76 403
76 405
76 409
76 422
76 429
76 430
76 431
76 437
76 452
76 453
76 466
76 481
76 486
77 84
77 88
77 120
77 121
77 124
77 149
77 171
77 173
77 178
77 184
77 187
77 194
77 195
77 237
77 245
77 248
77 250
77 260
77 264
77 269
77 277
77 282
77 285
77 287
77 297
77 313
77 319
77 320
77 324
77 333
77 336
77 349
77 350
77 355
77 356
77 359
77 377
77 382
77 388
77 389
77 395
77 400
77 404
77 408
77 411
77 414
77 416
77 420
77 423
77 442
77 444
77 455
77 456
77 462
77 465
77 469
77 473
77 474
77 481
77 483
77 489
77 490
78 79
78 83
78 100
78 121
78 127
78 129
78 141
78 173
78 175
78 176
78 185
78 194
78 196
78 200
78 206
78 215
78 230
78 234
78 257
78 260
78 270
78 272
78 275
78 276
78 279
78 282
78 287
78 295
78 301
78 312
78 313
78 327
78 348
78 358
78 362
78 365
78 375
78 395
78 414
78 418
78 426
78 434
78 439
78 445
78 447
78 450
78 453
78 457
78 461
78 464
78 481
78 489
78 494
79 84
79 87
79 116
79 123
79 137
79 140
79 142
79 158
79 161
79 163
79 164
79 170
79 172
79 177
79 181
79 186
79 188
79 197
79 216
79 224
79 226
79 238
79 245
79 247
79 248
79 251
79 264
79 270
79 285
79 312
79 341
79 349
79 355
79 365
79 368
79 369
79 380
79 385
79 395
79 397
79 398
79 413
79 418
79 419
79 421
79 431
79 449
79 451
79 457
79 463
79 464
79 476
79 484
79 491
80 87
80 100
80 106
80 120
80 122
80 123
80 128
80 146
80 163
80 166
80 167
80 177
80 189
80 197
80 202
80 209
80 216
80 227
80 230
80 233
80 236
80 239
80 243
80 248
80 250
80 266
80 274
80 277
80 295
80 297
80 301
80 307
80 316
80 317
80 319
80 320
80 327
80 328
80 329
80 346
80 368
80 374
80 388
80 389
80 395
80 399
80 409
80 414
80 415
80 417
80 440
80 441
80 457
80 462
80 464
81 91
81 92
81 103
81 107
81 113
81 117
81 124
81 127
81 130
81 138
81 143
81 146
81 148
81 159
81 162
81 163
81 181
81 184
81 196
81 201
81 239
81 242
81 243
81 244
81 246
81 247
81 250
81 252
81 253
81 267
81 279
81 287
81 298
81 307
81 313
81 316
81 319
81 323
81 326
81 327
81 344
81 370
81 374
81 393
81 397
81 418
81 425
81 428
81 445
81 450
81 457
81 458
81 473
81 475
82 84
82 86
82 90
82 110
82 114
82 130
82 137
82 138
82 141
82 153
82 160
82 165
82 168
82 180
82 187
82 211
82 213
82 217
82 226
82 235
82 236
82 249
82 250
82 260
82 262
82 263
82 286
82 308
82 315
82 319
82 320
82 330
82 341
82 343
82 364
82 371
82 384
82 391
82 393
82 400
82 402
82 407
82 418
82 428
82 432
82 442
82 448
82 450
82 451
82 465
82 466
83 96
83 100
83 141
83 147
83 158
83 167
83 207
83 209
83 224
83 247
83 248
83 259
83 260
83 288
83 289
83 301
83 325
83 330
83 341
83 355
83 375
83 382
83 391
83 393
83 409
83 413
83 418
83 422
83 429
83 431
83 444
83 447
83 458
83 461
83 463
83 465
83 473
83 474
83 478
83 492
83 494
84 91
84 92
84 93
84 119
84 120
84 127
84 129
84 133
84 146
84 152
84 154
84 167
84 175
84 188
84 193
84 196
84 202
84 212
84 213
84 225
84 241
84 242
84 246
84 260
84 269
84 280
84 285
84 292
84 298
84 309
84 313
84 317
84 322
84 326
84 332
84 334
84 335
84 340
84 349
84 365
84 368
84 382
84 384
84 387
84 391
84 404
84 414
84 420
84 423
84 427
84 434
84 439
84 441
84 455
84 469
84 479
84 486
84 490
85 97
85 117
85 127
85 131
85 135
85 136
85 139
85 140
85 141
85 145
85 172
85 192
85 200
85 211
85 221
85 228
85 249
85 256
85 259
85 273
85 291
85 299
85 305
85 354
85 373
85 378
85 381
85 384
85 389
85 395
85 397
85 429
85 432
85 441
85 444
85 446
85 447
85 459
85 462
85 463
85 471
85 475
85 486
85 490
85 491
86 88
86 92
86 106
86 109
86 112
86 114
86 118
86 132
86 136
86 143
86 145
86 151
86 154
86 181
86 184
86 198
86 199
86 202
86 204
86 209
86 211
86 217
86 221
86 268
86 269
86 277
86 279
86 289
86 292
86 300
86 302
86 303
86 327
86 328
86 339
86 348
86 355
86 359
86 378
86 380
86 382
86 387
86 396
86 402
86 414
86 430
86 431
86 435
86 437
86 446
86 458
86 482
86 487
86 490
86 491
87 89
87 90
87 101
87 106
87 110
87 116
87 120
87 121
87 128
87 143
87 144
87 147
87 176
87 202
87 203
87 204
87 206
87 207
87 209
87 237
87 262
87 269
87 300
87 310
87 319
87 341
87 342
87 344
87 366
87 372
87 379
87 394
87 400
87 403
87 407
87 411
87 418
87 421
87 423
87 424
87 431
87 443
87 448
87 464
87 469
87 477
87 487
88 91
88 93
88 104
88 106
88 107
88 108
88 111
88 118
88 136
88 137
88 153
88 161
88 165
88 166
88 191
88 203
88 208
88 218
88 220
88 234
88 246
88 248
88 249
88 257
88 275
88 281
88 285
88 311
88 315
88 323
88 326
88 329
88 333
88 335
88 346
88 348
88 357
88 365
88 371
88 376
88 392
88 394
88 398
88 423
88 441
88 453
88 456
88 478
88 487
88 493
89 104
89 112
89 113
89 116
89 136
89 142
89 159
89 163
89 183
89 190
89 207
89 217
89 221
89 240
89 241
89 247
89 263
89 270
89 280
89 291
89 299
89 300
89 313
89 315
89 319
89 349
89 356
89 375
89 399
89 403
89 404
89 409
89 413
89 414
89 435
89 436
89 438
89 471
89 474
89 477
89 486
89 487
89 488
89 495
90 92
90 100
90 102
90 110
90 142
90 156
90 160
90 167
90 168
90 187
90 190
90 207
90 208
90 223
90 224
90 261
90 272
90 283
90 284
90 304
90 310
90 315
90 318
90 326
90 339
90 362
90 369
90 372
90 376
90 378
90 380
90 403
90 409
90 415
90 418
90 429
90 433
90 434
90 453
90 458
90 473
90 487
90 497
91 95
91 108
91 116
91 117
91 124
91 125
91 130
91 133
91 143
91 164
91 183
91 194
91 201
91 202
91 207
91 213
91 219
91 226
91 246
91 257
91 258
91 270
91 297
91 298
91 307
91 314
91 329
91 335
91 337
91 344
91 345
91 347
91 353
91 363
91 378
91 379
91 387
91 388
91 396
91 410
91 412
91 419
91 430
91 433
91 464
91 466
91 470
91 472
91 477
91 479
91 482
91 488
91 489
91 493
92 93
92 97
92 108
92 119
92 123
92 126
92 129
92 133
92 134
92 135
92 138
92 140
92 141
92 149
92 160
92 166
92 181
92 183
92 187
92 207
92 219
92 226
92 228
92 235
92 244
92 245
92 247
92 251
92 257
92 275
92 299
92 306
92 308
92 317
92 324
92 331
92 332
92 368
92 381
92 384
92 412
92 413
92 422
92 423
92 438
92 443
92 454
92 455
92 456
92 465
92 477
92 481
92 485
92 489
92 496
93 95
93 114
93 118
93 130
93 141
93 145
93 156
93 164
93 169
93 170
93 176
93 180
93 188
93 189
93 198
93 203
93 215
93 221
93 222
93 229
93 234
93 235
93 236
93 237
93 243
93 246
93 255
93 275
93 282
93 284
93 299
93 304
93 320
93 330
93 332
93 341
93 349
93 356
93 384
93 391
93 393
93 395
93 398
93 400
93 403
93 412
93 416
93 417
93 425
93 427
93 430
93 431
93 436
93 453
93 459
93 464
93 475
93 481
93 484
93 487
93 492
93 493
93 498
94 114
94 131
94 137
94 154
94 156
94 158
94 166
94 176
94 184
94 189
94 204
94 210
94 216
94 217
94 222
94 239
94 252
94 291
94 293
94 307
94 309
94 338
94 340
94 344
94 351
94 352
94 353
94 363
94 372
94 384
94 398
94 413
94 414
94 427
94 429
94 434
94 438
94 443
94 449
94 450
94 459
94 469
94 476
94 487
94 495
95 98
95 113
95 116
95 118
95 119
95 129
95 133
95 137
95 140
95 165
95 166
95 179
95 186
95 189
95 194
95 196
95 218
95 229
95 231
95 239
95 240
95 252
95 253
95 271
95 274
95 279
95 288
95 291
95 293
95 301
95 307
95 309
95 311
95 313
95 327
95 331
95 344
95 350
95 352
95 365
95 377
95 381
95 398
95 412
95 427
95 434
95 445
95 446
95 451
95 457
95 468
95 477
95 483
96 97
96 126
96 141
96 143
96 144
96 151
96 160
96 177
96 184
96 186
96 189
96 203
96 207
96 216
96 224
96 232
96 234
96 242
96 244
96 264
96 284
96 291
96 316
96 319
96 320
96 332
96 333
96 334
96 349
96 354
96 357
96 365
96 373
96 394
96 395
96 405
96 411
96 416
96 433
96 454
96 455
96 464
96 484
96 494
96 495
96 497
97 103
97 111
97 115
97 116
97 133
97 135
97 141
97 148
97 149
97 159
97 166
97 167
97 173
97 176
97 189
97 194
97 208
97 221
97 224
97 225
97 226
97 237
97 247
97 277
97 290
97 305
97 310
97 312
97 324
97 328
97 330
97 347
97 349
97 356
97 357
97 359
97 367
97 373
97 377
97 401
97 420
97 435
97 437
97 442
97 443
97 445
97 446
97 447
97 451
97 455
97 468
97 475
97 480
97 487
98 101
98 121
98 123
98 127
98 128
98 140
98 141
98 161
98 164
98 167
98 172
98 174
98 177
98 185
98 194
98 197
98 207
98 210
98 213
98 219
98 224
98 239
98 243
98 253
98 265
98 266
98 274
98 277
98 294
98 303
98 308
98 329
98 339
98 346
98 347
98 352
98 364
98 372
98 387
98 389
98 391
98 393
98 399
98 402
98 403
98 434
98 440
98 441
98 442
98 445
98 450
98 454
98 456
98 458
98 481
98 485
98 495
98 498
99 101
99 107
99 116
99 118
99 148
99 152
99 170
99 174
99 175
99 189
99 195
99 198
99 211
99 228
99 253
99 267
99 285
99 287
99 289
99 309
99 312
99 315
99 322
99 325
99 369
99 377
99 384
99 389
99 398
99 405
99 416
99 424
99 429
99 432
99 446
99 449
99 450
99 453
99 454
99 457
99 458
99 459
99 461
99 481
99 488
99 491
99 496
99 498
99 499
100 103
100 107
100 113
100 122
100 130
100 131
100 144
100 149
100 150
100 154
100 161
100 162
100 169
100 178
100 186
100 188
100 194
100 205
100 209
100 214
100 217
100 238
100 246
100 260
100 270
100 273
100 276
100 294
100 301
100 305
100 307
100 312
100 313
100 318
100 325
100 326
100 327
100 336
100 347
100 360
100 369
100 386
100 387
100 388
100 406
100 410
100 411
100 422
100 435
100 437
100 438
100 447
100 450
100 461
100 462
100 468
100 480
100 481
100 488
100 489
100 490
100 491
100 495
100 499
101 111
101 115
101 124
101 130
101 148
101 158
101 163
101 169
101 179
101 181
101 189
101 198
101 203
101 232
101 235
101 252
101 253
101 255
101 266
101 267
101 271
101 278
101 280
101 284
101 292
101 312
101 316
101 321
101 334
101 339
101 347
101 352
101 354
101 359
101 364
101 373
101 379
101 382
101 389
101 391
101 397
101 415
101 423
101 425
101 433
101 437
101 444
101 446
101 449
101 456
101 494
101 496
102 116
102 119
102 131
102 136
102 144
102 146
102 149
102 151
102 152
102 167
102 169
102 174
102 177
102 202
102 203
102 216
102 218
102 229
102 238
102 243
102 252
102 255
102 268
102 269
102 271
102 275
102 278
102 280
102 287
102 296
102 320
102 335
102 353
102 359
102 368
102 371
102 372
102 373
102 380
102 392
102 394
102 398
102 421
102 428
102 429
102 435
102 450
102 452
102 461
102 464
102 469
102 484
102 485
102 489
102 494
102 495
103 110
103 120
103 124
103 126
103 129
103 131
103 132
103 144
103 162
103 163
103 170
103 171
103 183
103 195
103 199
103 201
103 209
103 215
103 219
103 221
103 226
103 248
103 250
103 253
103 264
103 265
103 274
103 275
103 283
103 330
103 343
103 346
103 353
103 354
103 366
103 368
103 369
103 372
103 374
103 391
103 405
103 409
103 411
103 421
103 423
103 425
103 449
103 451
103 452
103 463
103 471
103 474
103 481
103 488
103 494
104 105
104 107
104 109
104 124
104 157
104 170
104 185
104 186
104 200
104 202
104 215
104 230
104 233
104 244
104 253
104 260
104 261
104 271
104 275
104 283
104 292
104 293
104 312
104 317
104 323
104 325
104 326
104 339
104 340
104 344
104 350
104 352
104 353
104 354
104 356
104 362
104 373
104 381
104 391
104 410
104 411
104 414
104 425
104 436
104 437
104 443
104 451
104 457
104 458
104 459
104 477
104 483
104 488
104 495
104 496
104 499
105 114
105 120
105 121
105 122
105 125
105 128
105 133
105 134
105 145
105 171
105 179
105 184
105 218
105 254
105 263
105 271
105 300
105 301
105 308
105 322
105 327
105 342
105 344
105 356
105 363
105 364
105 385
105 412
105 416
105 430
105 431
105 441
105 448
105 455
105 460
105 464
105 468
105 473
105 474
105 494
106 123
106 131
106 146
106 149
106 159
106 169
106 191
106 202
106 205
106 210
106 220
106 269
106 272
106 273
106 276
106 280
106 288
106 301
106 304
106 314
106 341
106 343
106 346
106 350
106 354
106 370
106 380
106 392
106 412
106 415
106 418
106 421
106 422
106 427
106 434
106 456
106 462
106 466
106 469
106 475
106 480
106 499
107 115
107 141
107 144
107 148
107 153
107 178
107 186
107 189
107 195
107 196
107 197
107 213
107 216
107 226
107 227
107 228
107 230
107 249
107 257
107 281
107 282
107 305
107 312
107 315
107 322
107 350
107 359
107 363
107 374
107 384
107 386
107 388
107 393
107 407
107 412
107 429
107 432
107 434
107 440
107 448
107 452
107 464
107 468
107 470
107 472
107 475
107 485
107 490
107 496
108 138
108 139
108 141
108 153
108 159
108 165
108 182
108 185
108 187
108 193
108 197
108 199
108 221
108 223
108 233
108 234
108 236
108 240
108 256
108 268
108 279
108 282
108 283
108 287
108 299
108 303
108 307
108 309
108 321
108 339
108 341
108 352
108 360
108 361
108 367
108 373
108 379
108 387
108 390
108 391
108 398
108 417
108 422
108 423
108 431
108 438
108 440
108 443
108 456
108 463
108 467
108 475
108 476
108 485
108 499
109 115
109 137
109 144
109 154
109 156
109 159
109 161
109 162
109 168
109 173
109 196
109 200
109 212
109 218
109 220
109 222
109 242
109 247
109 276
109 296
109 299
109 321
109 322
109 362
109 364
109 383
109 384
109 385
109 387
109 389
109 390
109 394
109 402
109 408
109 438
109 446
109 462
109 463
109 476
109 477
109 481
109 485
110 112
110 114
110 117
110 118
110 124
110 129
110 131
110 148
110 153
110 162
110 172
110 180
110 186
110 202
110 208
110 211
110 222
110 227
110 240
110 241
110 255
110 275
110 279
110 290
110 298
110 300
110 304
110 305
110 311
110 313
110 323
110 331
110 344
110 356
110 367
110 380
110 384
110 388
110 391
110 400
110 403
110 405
110 420
110 422
110 438
110 444
110 449
110 451
110 452
110 453
110 477
111 117
111 118
111 140
111 143
111 145
111 154
111 161
111 167
111 171
111 179
111 199
111 202
111 204
111 219
111 234
111 240
111 262
111 277
111 288
111 292
111 295
111 300
111 301
111 309
111 332
111 333
111 340
111 343
111 350
111 351
111 355
111 372
111 379
111 381
111 388
111 401
111 420
111 429
111 452
111 470
111 472
111 473
111 477
111 481
111 491
112 113
112 124
112 134
112 141
112 156
112 158
112 176
112 180
112 187
112 188
112 195
112 204
112 215
112 216
112 224
112 225
112 229
112 230
112 248
112 250
112 252
112 261
112 287
112 301
112 302
112 317
112 329
112 343
112 353
112 356
112 359
112 362
112 365
112 372
112 374
112 383
112 394
112 396
112 408
112 414
112 416
112 418
112 421
112 422
112 433
112 449
112 456
112 458
112 459
112 461
112 476
112 477
112 482
112 494
113 117
113 133
113 150
113 154
113 179
113 189
113 204
113 211
113 217
113 222
113 236
113 256
113 259
113 275
113 303
113 307
113 309
113 310
113 318
113 321
113 323
113 327
113 333
113 347
113 352
113 353
113 360
113 361
113 370
113 394
113 402
113 416
113 429
113 430
113 431
113 441
113 448
113 453
113 458
113 463
113 477
114 127
114 129
114 130
114 132
114 138
114 142
114 155
114 175
114 178
114 195
114 202
114 209
114 211
114 215
114 220
114 224
114 228
114 243
114 247
114 252
114 253
114 260
114 288
114 299
114 301
114 315
114 317
114 322
114 327
114 335
114 338
114 348
114 354
114 360
114 367
114 391
114 400
114 406
114 416
114 417
114 418
114 420
114 426
114 429
114 432
114 445
114 453
114 455
114 457
114 461
114 465
114 473
114 483
114 486
114 492
114 498
115 116
115 142
115 149
115 153
115 155
115 166
115 170
115 171
115 174
115 178
115 182
115 188
115 191
115 216
115 221
115 226
115 227
115 239
115 244
115 265
115 311
115 314
115 315
115 318
115 326
115 330
115 341
115 343
115 354
115 366
115 384
115 385
115 405
115 409
115 412
115 442
115 451
115 456
115 464
115 465
115 466
115 495
115 499
116 127
116 130
116 136
116 143
116 144
116 166
116 167
116 175
116 180
116 194
116 197
116 204
116 208
116 210
116 222
116 233
116 234
116 239
116 240
116 245
116 246
116 268
116 273
116 277
116 285
116 291
116 294
116 297
116 300
116 301
116 303
116 308
116 309
116 311
116 314
116 316
116 319
116 328
116 337
116 353
116 360
116 361
116 362
116 366
116 368
116 382
116 386
116 390
116 406
116 415
116 419
116 425
116 426
116 436
116 438
116 441
116 460
116 467
116 472
116 480
116 487
116 488
116 491
116 493
116 494
116 496
116 499
117 135
117 139
117 140
117 146
117 149
117 162
117 167
117 179
117 200
117 212
117 239
117 243
117 257
117 259
117 261
117 262
117 272
117 279
117 283
117 289
117 291
117 299
117 302
117 329
117 332
117 349
117 354
117 356
117 362
117 369
117 404
117 418
117 421
117 438
117 439
117 442
117 447
117 457
117 473
117 476
118 120
118 130
118 135
118 153
118 154
118 155
118 166
118 182
118 187
118 198
118 202
118 204
118 212
118 214
118 226
118 230
118 231
118 243
118 244
118 245
118 251
118 252
118 266
118 284
118 286
118 293
118 297
118 319
118 341
118 347
118 351
118 355
118 371
118 379
118 387
118 404
118 408
118 417
118 420
118 421
118 434
118 455
118 462
118 464
118 471
118 482
118 492
118 494
118 496
119 124
119 136
119 143
119 155
119 159
119 162
119 190
119 192
119 196
119 198
119 200
119 202
119 204
119 212
119 213
119 223
119 227
119 252
119 259
119 266
119 279
119 282
119 287
119 292
119 301
119 302
119 311
119 314
119 321
119 328
119 331
119 334
119 345
119 362
119 363
119 367
119 368
119 369
119 378
119 407
119 420
119 430
119 432
119 435
119 438
119 454
119 456
119 465
119 470
119 472
119 477
119 480
119 484
119 489
119 490
120 123
120 124
120 133
120 143
120 146
120 152
120 154
120 172
120 175
120 176
120 187
120 194
120 221
120 231
120 233
120 244
120 246
120 247
120 248
120 251
120 267
120 268
120 284
120 288
120 291
120 294
120 295
120 308
120 309
120 332
120 337
120 338
120 347
120 381
120 383
120 385
120 390
120 396
120 410
120 420
120 434
120 437
120 440
120 442
120 457
120 465
120 469
120 479
120 481
120 488
120 493
121 124
121 134
121 139
121 141
121 144
121 148
121 154
121 158
121 162
121 165
121 167
121 169
121 185
121 192
121 207
121 211
121 212
121 230
121 248
121 251
121 256
121 257
121 260
121 262
121 268
121 270
121 274
121 277
121 298
121 309
121 314
121 315
121 316
121 329
121 351
121 372
121 378
121 379
121 390
121 409
121 410
121 415
121 437
121 439
121 458
121 479
122 129
122 134
122 142
122 144
122 149
122 163
122 164
122 166
122 172
122 173
122 189
122 191
122 200
122 203
122 204
122 217
122 220
122 225
122 226
122 227
122 233
122 238
122 247
122 250
122 259
122 261
122 279
122 280
122 281
122 291
122 294
122 299
122 314
122 325
122 341
122 342
122 344
122 375
122 383
122 387
122 389
122 411
122 422
122 424
122 426
122 430
122 440
122 448
122 455
122 461
122 483
122 488
122 491
122 496
123 138
123 142
123 158
123 176
123 181
123 182
123 183
123 188
123 195
123 213
123 226
123 233
123 236
123 241
123 244
123 279
123 285
123 290
123 296
123 315
123 322
123 332
123 335
123 338
123 341
123 345
123 380
123 389
123 392
123 394
123 404
123 405
123 410
123 417
123 435
123 439
123 443
123 452
123 456
123 474
123 478
123 486
123 493
123 495
123 498
124 125
124 131
124 133
124 138
124 140
124 145
124 149
124 150
124 154
124 178
124 179
124 186
124 196
124 205
124 209
124 221
124 223
124 229
124 252
124 259
124 272
124 278
124 281
124 304
124 332
124 334
124 343
124 344
124 351
124 359
124 366
124 371
124 382
124 390
124 393
124 394
124 397
124 427
124 430
124 432
124 433
124 449
124 454
124 462
124 465
124 468
124 470
124 475
124 477
124 478
124 487
124 488
124 489
125 146
125 149
125 153
125 154
125 163
125 166
125 169
125 170
125 185
125 190
125 194
125 199
125 204
125 209
125 211
125 220
125 225
125 239
125 240
125 254
125 260
125 263
125 265
125 267
125 274
125 294
125 295
125 301
125 316
125 317
125 320
125 328
125 357
125 381
125 387
125 390
125 397
125 405
125 410
125 412
125 416
125 418
125 431
125 433
125 452
125 456
125 457
125 462
125 466
125 472
125 476
125 477
125 479
125 487
125 488
126 129
126 135
126 145
126 149
126 152
126 154
126 156
126 160
126 162
126 165
126 168
126 175
126 180
126 182
126 184
126 185
126 191
126 218
126 222
126 225
126 241
126 253
126 260
126 266
126 285
126 290
126 291
126 292
126 302
126 306
126 313
126 320
126 325
126 327
126 335
126 336
126 354
126 370
126 374
126 381
126 400
126 401
126 407
126 414
126 423
126 427
126 443
126 447
126 455
126 462
126 463
126 469
126 471
126 477
126 481
127 129
127 145
127 157
127 166
127 175
127 181
127 183
127 193
127 199
127 201
127 203
127 208
127 210
127 219
127 238
127 243
127 248
127 249
127 252
127 287
127 303
127 332
127 333
127 334
127 339
127 350
127 352
127 360
127 365
127 367
127 374
127 380
127 387
127 399
127 400
127 401
127 402
127 405
127 411
127 436
127 440
127 472
128 136
128 160
128 164
128 165
128 171
128 174
128 177
128 178
128 197
128 211
128 220
128 227
128 234
128 236
128 243
128 248
128 255
128 265
128 292
128 304
128 307
128 316
128 319
128 320
128 331
128 336
128 343
128 345
128 350
128 354
128 366
128 374
128 385
128 386
128 396
128 399
128 407
128 416
128 418
128 426
128 428
128 432
128 441
128 444
128 445
128 461
128 475
128 488
128 496
128 498
129 130
129 143
129 167
129 183
129 200
129 206
129 217
129 242
129 243
129 246
129 252
129 266
129 268
129 283
129 286
129 292
129 300
129 314
129 317
129 364
129 367
129 375
129 398
129 400
129 407
129 410
129 422
129 426
129 434
129 438
129 450
129 451
129 463
129 464
129 472
129 474
129 475
129 477
129 483
129 484
129 493
130 131
130 132
130 137
130 148
130 151
130 153
130 159
130 168
130 173
130 184
130 195
130 211
130 213
130 217
130 221
130 230
130 234
130 242
130 247
130 285
130 293
130 294
130 301
130 312
130 315
130 322
130 334
130 335
130 345
130 346
130 351
130 368
130 373
130 374
130 375
130 382
130 405
130 410
130 412
130 414
130 417
130 420
130 421
130 442
130 445
130 446
130 452
130 454
130 459
130 460
130 461
130 466
130 477
130 479
130 493
131 142
131 144
131 167
131 169
131 175
131 179
131 180
131 183
131 188
131 202
131 206
131 223
131 261
131 268
131 277
131 279
131 284
131 306
131 309
131 314
131 317
131 322
131 333
131 351
131 357
131 359
131 367
131 375
131 377
131 378
131 399
131 402
131 411
131 412
131 416
131 417
131 421
131 431
131 434
131 436
131 444
131 486
132 146
132 153
132 159
132 161
132 167
132 173
132 180
132 191
132 219
132 227
132 235
132 242
132 260
132 263
132 270
132 273
132 295
132 297
132 307
132 309
132 321
132 328
132 336
132 341
132 345
132 348
132 360
132 361
132 366
132 367
132 401
132 416
132 420
132 428
132 432
132 435
132 445
132 462
132 464
132 474
132 476
132 480
132 485
132 490
132 491
132 497
133 138
133 139
133 143
133 154
133 160
133 175
133 176
133 186
133 193
133 199
133 206
133 208
133 209
133 223
133 224
133 233
133 236
133 247
133 260
133 267
133 275
133 290
133 300
133 319
133 320
133 332
133 340
133 345
133 355
133 365
133 368
133 373
133 389
133 391
133 392
133 394
133 396
133 405
133 406
133 453
133 456
133 463
133 465
133 476
133 479
133 496
134 146
134 149
134 151
134 152
134 162
134 203
134 219
134 220
134 221
134 224
134 238
134 239
134 243
134 251
134 255
134 265
134 273
134 281
134 289
134 292
134 297
134 306
134 313
134 314
134 316
134 322
134 324
134 331
134 332
134 340
134 342
134 351
134 364
134 365
134 405
134 423
134 427
134 428
134 429
134 436
134 444
134 448
134 455
134 470
134 487
134 492
134 497
135 139
135 153
135 172
135 183
135 184
135 195
135 197
135 199
135 220
135 225
135 228
135 237
135 251
135 264
135 266
135 293
135 299
135 319
135 320
135 330
135 349
135 352
135 353
135 375
135 381
135 388
135 392
135 396
135 397
135 404
135 408
135 410
135 418
135 432
135 439
135 442
135 452
135 453
135 454
135 467
135 472
135 477
135 479
135 482
136 156
136 158
136 170
136 186
136 192
136 199
136 211
136 221
136 238
136 247
136 248
136 249
136 253
136 255
136 266
136 280
136 306
136 309
136 314
136 316
136 333
136 339
136 340
136 343
136 348
136 349
136 364
136 368
136 370
136 371
136 394
136 402
136 405
136 408
136 417
136 430
136 448
136 462
136 465
136 475
136 476
136 485
137 141
137 161
137 167
137 172
137 173
137 177
137 192
137 214
137 215
137 232
137 240
137 241
137 245
137 252
137 260
137 261
137 264
137 269
137 271
137 307
137 314
137 320
137 340
137 342
137 343
137 351
137 356
137 361
137 363
137 369
137 385
137 386
137 388
137 389
137 398
137 399
137 404
137 407
137 409
137 413
137 414
137 415
137 417
137 423
137 438
137 439
137 442
137 443
137 451
137 452
137 459
137 461
137 462
137 471
137 473
137 487
137 489
137 496
138 154
138 174
138 176
138 181
138 198
138 205
138 226
138 240
138 241
138 248
138 252
138 263
138 269
138 273
138 275
138 276
138 282
138 289
138 291
138 300
138 302
138 303
138 305
138 323
138 330
138 343
138 347
138 350
138 361
138 363
138 364
138 390
138 396
138 401
138 428
138 429
138 430
138 446
138 459
138 465
138 474
138 476
138 479
139 158
139 170
139 181
139 185
139 207
139 210
139 212
139 213
139 222
139 232
139 233
139 252
139 256
139 261
139 263
139 267
139 279
139 284
139 287
139 295
139 298
139 302
139 305
139 309
139 311
139 316
139 320
139 321
139 327
139 329
139 332
139 333
139 341
139 343
139 359
139 373
139 375
139 394
139 400
139 404
139 418
139 421
139 449
139 453
139 462
139 464
139 494
140 172
140 183
140 191
140 194
140 196
140 205
140 206
140 214
140 224
140 241
140 247
140 251
140 252
140 272
140 279
140 291
140 300
140 310
140 322
140 327
140 348
140 362
140 368
140 371
140 381
140 382
140 393
140 429
140 432
140 441
140 442
140 443
140 446
140 450
140 451
140 457
140 460
140 488
140 491
140 499
141 149
141 157
141 164
141 177
141 182
141 184
141 188
141 189
141 197
141 201
141 212
141 228
141 231
141 235
141 256
141 261
141 268
141 270
141 280
141 298
141 313
141 338
141 355
141 358
141 362
141 376
141 380
141 381
141 387
141 392
141 395
141 396
141 405
141 407
141 410
141 414
141 425
141 426
141 442
141 449
141 456
141 461
141 468
141 470
141 477
141 478
141 488
141 491
141 494
141 499
142 151
142 156
142 161
142 162
142 172
142 176
142 181
142 199
142 203
142 214
142 220
142 231
142 240
142 260
142 262
142 266
142 269
142 287
142 288
142 290
142 294
142 308
142 321
142 327
142 339
142 340
142 343
142 353
142 374
142 386
142 397
142 428
142 434
142 446
142 456
142 460
142 461
142 497
143 148
143 154
143 159
143 163
143 171
143 174
143 178
143 183
143 184
143 192
143 193
143 202
143 210
143 215
143 216
143 226
143 229
143 231
143 236
143 241
143 243
143 248
143 251
143 254
143 261
143 263
143 268
143 277
143 281
143 283
143 295
143 298
143 318
143 319
143 347
143 369
143 389
143 399
143 406
143 417
143 432
143 435
143 443
143 456
143 458
143 462
143 468
143 470
143 490
143 492
143 496
144 154
144 172
144 177
144 178
144 199
144 203
144 214
144 221
144 224
144 225
144 228
144 244
144 245
144 256
144 267
144 289
144 292
144 299
144 310
144 318
144 324
144 337
144 338
144 345
144 347
144 352
144 353
144 372
144 382
144 383
144 387
144 392
144 405
144 416
144 418
144 420
144 423
144 443
144 454
144 458
144 460
144 467
144 475
144 476
144 488
144 494
145 149
145 150
145 154
145 169
145 182
145 185
145 202
145 209
145 214
145 217
145 222
145 227
145 233
145 235
145 239
145 250
145 251
145 254
145 255
145 266
145 268
145 269
145 271
145 278
145 288
145 292
145 294
145 302
145 309
145 321
145 333
145 339
145 349
145 360
145 368
145 369
145 372
145 394
145 398
145 408
145 409
145 414
145 415
145 420
145 439
145 465
145 468
145 475
145 485
145 487
145 489
145 492
145 495
145 496
146 163
146 164
146 165
146 170
146 178
146 183
146 196
146 201
146 213
146 221
146 225
146 226
146 229
146 243
146 245
146 251
146 259
146 266
146 268
146 280
146 288
146 289
146 291
146 293
146 317
146 333
146 354
146 371
146 389
146 392
146 412
146 419
146 425
146 430
146 433
146 440
146 447
146 473
146 476
146 484
146 499
147 150
147 160
147 188
147 214
147 215
147 221
147 241
147 256
147 273
147 286
147 290
147 295
147 297
147 298
147 303
147 315
147 317
147 318
147 321
147 327
147 345
147 352
147 374
147 391
147 400
147 419
147 420
147 433
147 434
147 437
147 439
147 440
147 453
147 455
147 457
147 458
147 473
147 490
147 493
148 161
148 165
148 167
148 168
148 169
148 170
148 180
148 205
148 206
148 208
148 214
148 223
148 236
148 252
148 285
148 291
148 293
148 303
148 312
148 329
148 332
148 333
148 335
148 350
148 367
148 373
148 374
148 389
148 396
148 442
148 448
148 449
148 452
148 461
148 471
148 485
148 492
149 161
149 164
149 172
149 177
149 178
149 181
149 197
149 201
149 204
149 205
149 220
149 245
149 250
149 254
149 255
149 257
149 278
149 292
149 299
149 303
149 308
149 314
149 349
149 350
149 351
149 380
149 382
149 417
149 420
149 427
149 436
149 447
149 450
149 460
149 463
149 468
149 471
149 472
149 477
150 158
150 164
150 183
150 189
150 204
150 207
150 209
150 213
150 228
150 229
150 236
150 237
150 248
150 253
150 256
150 266
150 271
150 285
150 289
150 310
150 314
150 315
150 325
150 329
150 334
150 340
150 341
150 354
150 358
150 363
150 382
150 387
150 388
150 404
150 406
150 415
150 421
150 425
150 427
150 435
150 448
150 450
150 451
150 459
150 462
150 467
150 477
150 481
151 156
151 171
151 180
151 183
151 188
151 199
151 206
151 216
151 231
151 236
151 244
151 252
151 254
151 256
151 261
151 264
151 273
151 274
151 292
151 303
151 306
151 308
151 309
151 329
151 337
151 340
151 345
151 348
151 349
151 351
151 352
151 357
151 370
151 371
151 380
151 383
151 384
151 388
151 409
151 413
151 422
151 423
151 438
151 442
151 449
151 465
151 497
152 158
152 166
152 169
152 186
152 206
152 209
152 210
152 217
152 234
152 238
152 248
152 250
152 255
152 261
152 265
152 269
152 285
152 286
152 290
152 302
152 303
152 329
152 339
152 340
152 341
152 369
152 370
152 374
152 380
152 381
152 383
152 385
152 386
152 389
152 412
152 417
152 424
152 430
152 439
152 443
152 453
152 460
152 468
152 472
152 476
152 484
152 494
153 163
153 165
153 170
153 178
153 192
153 205
153 215
153 226
153 230
153 237
153 238
153 239
153 249
153 261
153 263
153 265
153 277
153 286
153 297
153 298
153 311
153 312
153 313
153 325
153 329
153 337
153 339
153 340
153 351
153 357
153 360
153 367
153 368
153 377
153 379
153 386
153 387
153 390
153 396
153 397
153 399
153 401
153 412
153 413
153 418
153 419
153 421
153 422
153 432
153 436
153 438
153 449
153 473
153 481
153 482
153 493
153 494
154 155
154 159
154 160
154 164
154 167
154 214
154 224
154 242
154 248
154 272
154 279
154 288
154 299
154 304
154 326
154 329
154 331
154 345
154 352
154 359
154 360
154 368
154 370
154 372
154 381
154 385
154 398
154 444
154 462
154 466
154 467
155 160
155 163
155 175
155 191
155 204
155 210
155 211
155 233
155 243
155 246
155 263
155 274
155 280
155 284
155 294
155 296
155 315
155 324
155 327
155 331
155 348
155 363
155 368
155 384
155 388
155 399
155 403
155 415
155 423
155 429
155 434
155 435
155 437
155 470
155 473
155 477
155 486
155 498
156 161
156 173
156 179
156 181
156 184
156 199
156 203
156 204
156 210
156 222
156 235
156 237
156 265
156 287
156 288
156 292
156 295
156 315
156 324
156 337
156 339
156 349
156 350
156 356
156 363
156 365
156 390
156 393
156 408
156 428
156 437
156 441
156 442
156 447
156 448
156 470
156 473
156 485
156 487
156 498
156 499
157 170
157 172
157 189
157 192
157 194
157 200
157 207
157 208
157 209
157 218
157 221
157 223
157 225
157 226
157 235
157 239
157 250
157 266
157 279
157 282
157 284
157 286
157 292
157 301
157 315
157 316
157 320
157 328
157 332
157 333
157 339
157 344
157 361
157 366
157 372
157 375
157 379
157 388
157 395
157 402
157 415
157 416
157 419
157 428
157 431
157 436
157 441
157 455
157 457
157 461
157 467
157 474
157 485
158 161
158 168
158 173
158 219
158 228
158 229
158 240
158 249
158 251
158 256
158 262
158 273
158 282
158 304
158 311
158 312
158 315
158 319
158 328
158 331
158 332
158 335
158 339
158 351
158 354
158 366
158 394
158 395
158 408
158 418
158 430
158 434
158 436
158 438
158 451
158 460
158 468
158 475
158 492
159 165
159 169
159 170
159 176
159 179
159 181
159 198
159 204
159 212
159 216
159 220
159 228
159 230
159 231
159 239
159 248
159 256
159 262
159 263
159 266
159 293
159 305
159 310
159 319
159 354
159 367
159 371
159 376
159 381
159 382
159 387
159 389
159 398
159 400
159 402
159 410
159 415
159 418
159 423
159 427
159 438
159 447
159 451
159 454
159 458
159 460
159 474
159 478
159 482
159 488
159 490
160 167
160 171
160 181
160 197
160 199
160 200
160 250
160 281
160 284
160 287
160 290
160 291
160 293
160 305
160 327
160 334
160 340
160 343
160 347
160 384
160 389
160 406
160 417
160 418
160 424
160 430
160 431
160 443
160 464
160 467
160 488
161 179
161 186
161 189
161 192
161 193
161 196
161 207
161 213
161 214
161 225
161 233
161 242
161 243
161 244
161 247
161 251
161 252
161 260
161 263
161 270
161 278
161 291
161 302
161 303
161 314
161 315
161 317
161 328
161 341
161 349
161 355
161 362
161 386
161 396
161 408
161 411
161 414
161 431
161 432
161 438
161 450
161 458
161 459
161 460
161 461
161 474
161 475
161 491
161 495
161 497
162 166
162 181
162 188
162 195
162 197
162 212
162 214
162 229
162 252
162 256
162 272
162 274
162 275
162 285
162 286
162 329
162 334
162 339
162 359
162 372
162 380
162 381
162 384
162 399
162 400
162 401
162 402
162 407
162 417
162 423
162 437
162 440
162 441
162 450
162 456
162 463
162 472
162 483
162 487
163 165
163 170
163 171
163 184
163 193
163 199
163 208
163 209
163 212
163 234
163 237
163 241
163 246
163 274
163 279
163 283
163 284
163 286
163 289
163 317
163 326
163 328
163 330
163 340
163 341
163 347
163 351
163 353
163 365
163 380
163 384
163 388
163 393
163 399
163 407
163 417
163 424
163 436
163 442
163 443
163 444
163 445
163 448
163 454
163 460
163 467
163 471
163 472
163 475
163 477
163 488
164 168
164 172
164 179
164 183
164 186
164 210
164 221
164 240
164 253
164 261
164 273
164 275
164 281
164 287
164 294
164 301
164 302
164 303
164 311
164 318
164 319
164 331
164 336
164 340
164 354
164 361
164 387
164 399
164 403
164 407
164 417
164 421
164 427
164 451
164 460
164 462
164 475
164 477
164 488
164 492
165 168
165 175
165 180
165 186
165 208
165 220
165 225
165 246
165 249
165 252
165 260
165 262
165 280
165 292
165 304
165 312
165 315
165 323
165 325
165 333
165 341
165 355
165 357
165 366
165 375
165 381
165 393
165 395
165 399
165 405
165 406
165 414
165 416
165 423
165 425
165 428
165 430
165 432
165 436
165 440
165 443
165 456
165 458
165 462
165 465
165 466
165 494
166 170
166 175
166 200
166 214
166 216
166 226
166 230
166 246
166 251
166 252
166 259
166 276
166 283
166 291
166 297
166 301
166 313
166 317
166 320
166 321
166 350
166 355
166 356
166 359
166 362
166 371
166 382
166 386
166 396
166 402
166 413
166 417
166 433
166 434
166 446
166 466
166 467
166 470
166 476
166 477
166 482
166 491
166 497
167 187
167 188
167 191
167 197
167 198
167 199
167 216
167 220
167 235
167 242
167 293
167 315
167 319
167 323
167 328
167 340
167 350
167 354
167 361
167 372
167 380
167 401
167 403
167 405
167 409
167 411
167 412
167 426
167 436
167 446
167 458
167 481
167 484
167 485
168 196
168 203
168 206
168 207
168 210
168 211
168 214
168 234
168 236
168 258
168 259
168 271
168 286
168 308
168 316
168 318
168 337
168 341
168 344
168 351
168 355
168 359
168 363
168 365
168 366
168 378
168 379
168 388
168 391
168 394
168 399
168 414
168 420
168 423
168 428
168 433
168 436
168 443
168 458
168 471
168 474
168 476
168 477
168 492
169 181
169 182
169 195
169 197
169 210
169 212
169 214
169 229
169 237
169 239
169 241
169 259
169 260
169 262
169 265
169 279
169 281
169 289
169 303
169 314
169 317
169 333
169 335
169 337
169 358
169 368
169 379
169 388
169 394
169 407
169 409
169 427
169 452
169 455
169 456
169 463
169 480
169 487
169 489
170 181
170 186
170 188
170 193
170 201
170 217
170 228
170 242
170 244
170 254
170 277
170 282
170 299
170 302
170 312
170 313
170 330
170 338
170 340
170 355
170 374
170 381
170 390
170 395
170 406
170 409
170 413
170 419
170 428
170 429
170 444
170 445
170 451
170 466
170 487
171 175
171 183
171 189
171 194
171 195
171 197
171 200
171 204
171 218
171 222
171 246
171 254
171 255
171 286
171 299
171 301
171 305
171 311
171 325
171 333
171 352
171 359
171 360
171 367
171 393
171 395
171 403
171 404
171 427
171 437
171 438
171 448
171 449
171 451
171 452
171 458
171 487
171 495
171 497
172 173
172 186
172 200
172 206
172 208
172 230
172 231
172 240
172 247
172 260
172 262
172 265
172 269
172 282
172 298
172 302
172 305
172 311
172 314
172 335
172 347
172 351
172 354
172 355
172 360
172 368
172 371
172 377
172 398
172 409
172 414
172 422
172 429
172 444
172 448
172 453
172 456
172 464
172 465
172 469
172 470
172 483
172 485
172 490
173 185
173 203
173 208
173 224
173 227
173 230
173 239
173 241
173 242
173 266
173 275
173 276
173 280
173 283
173 291
173 305
173 308
173 324
173 327
173 329
173 331
173 333
173 337
173 342
173 350
173 356
173 365
173 377
173 397
173 403
173 409
173 410
173 411
173 417
173 419
173 442
173 443
173 445
173 457
173 464
173 468
173 471
173 477
173 482
173 483
173 495
174 189
174 195
174 202
174 213
174 228
174 229
174 232
174 233
174 234
174 244
174 254
174 271
174 284
174 285
174 291
174 294
174 300
174 310
174 316
174 320
174 337
174 359
174 392
174 404
174 408
174 410
174 420
174 427
174 430
174 432
174 435
174 444
174 451
174 457
174 459
174 464
174 479
174 493
175 177
175 188
175 202
175 209
175 232
175 243
175 252
175 259
175 272
175 280
175 281
175 287
175 290
175 292
175 307
175 328
175 330
175 348
175 350
175 353
175 357
175 365
175 367
175 368
175 372
175 373
175 374
175 376
175 378
175 382
175 385
175 386
175 392
175 394
175 396
175 412
175 418
175 422
175 435
175 449
175 455
175 458
175 464
175 466
175 473
175 474
175 482
175 488
176 189
176 192
176 196
176 213
176 221
176 229
176 230
176 236
176 237
176 238
176 262
176 268
176 275
176 276
176 287
176 293
176 295
176 313
176 322
176 330
176 337
176 338
176 340
176 355
176 364
176 369
176 402
176 408
176 416
176 435
176 439
176 452
176 457
176 465
176 467
176 471
176 472
176 476
176 478
176 482
176 491
176 499
177 193
177 202
177 213
177 214
177 250
177 270
177 279
177 304
177 305
177 317
177 323
177 325
177 333
177 354
177 357
177 377
177 380
177 385
177 386
177 388
177 409
177 419
177 423
177 424
177 426
177 430
177 436
177 437
177 441
177 467
177 468
177 479
177 480
177 485
177 487
177 499
178 183
178 190
178 193
178 194
178 202
178 206
178 207
178 211
178 218
178 236
178 256
178 272
178 284
178 305
178 311
178 353
178 358
178 382
178 399
178 401
178 402
178 407
178 409
178 411
178 421
178 423
178 424
178 441
178 450
178 452
178 456
178 473
178 476
178 496
178 497
178 499
179 181
179 182
179 183
179 193
179 197
179 204
179 210
179 230
179 233
179 255
179 264
179 277
179 292
179 337
179 357
179 366
179 383
179 384
179 385
179 388
179 391
179 394
179 396
179 407
179 419
179 431
179 437
179 444
179 451
179 454
179 458
179 461
179 475
179 478
179 480
179 483
179 487
179 498
180 202
180 204
180 207
180 210
180 214
180 242
180 250
180 258
180 276
180 296
180 315
180 328
180 335
180 338
180 351
180 359
180 360
180 381
180 392
180 394
180 398
180 406
180 432
180 447
180 451
180 460
180 484
180 495
181 183
181 184
181 193
181 194
181 224
181 229
181 243
181 244
181 268
181 276
181 278
181 286
181 295
181 306
181 310
181 313
181 322
181 329
181 331
181 339
181 344
181 349
181 354
181 362
181 363
181 370
181 404
181 412
181 419
181 427
181 429
181 444
181 445
181 459
181 462
181 472
181 475
181 478
181 491
181 494
181 498
182 190
182 193
182 195
182 201
182 209
182 212
182 214
182 221
182 223
182 225
182 228
182 247
182 263
182 268
182 282
182 285
182 287
182 294
182 301
182 312
182 325
182 336
182 347
182 356
182 364
182 366
182 367
182 370
182 374
182 375
182 378
182 382
182 383
182 388
182 398
182 406
182 410
182 411
182 421
182 431
182 432
182 434
182 440
182 448
182 456
182 462
182 467
182 476
182 484
182 488
182 490
182 496
183 192
183 202
183 210
183 212
183 214
183 217
183 223
183 224
183 234
183 237
183 244
183 252
183 266
183 270
183 272
183 278
183 279
183 311
183 319
183 322
183 323
183 326
183 336
183 341
183 351
183 358
183 360
183 375
183 376
183 381
183 398
183 400
183 422
183 447
183 450
183 457
183 475
183 481
183 498
184 188
184 201
184 228
184 230
184 231
184 252
184 259
184 266
184 267
184 276
184 279
184 281
184 285
184 287
184 293
184 298
184 303
184 308
184 311
184 322
184 326
184 339
184 340
184 352
184 353
184 392
184 402
184 405
184 407
184 410
184 414
184 443
184 444
184 479
185 186
185 195
185 196
185 199
185 203
185 204
185 211
185 212
185 213
185 219
185 228
185 230
185 245
185 247
185 260
185 261
185 282
185 284
185 291
185 295
185 303
185 310
185 315
185 318
185 326
185 328
185 330
185 349
185 350
185 351
185 358
185 374
185 387
185 397
185 402
185 413
185 430
185 444
185 448
185 462
185 471
185 477
185 482
186 188
186 189
186 190
186 198
186 219
186 226
186 229
186 231
186 263
186 291
186 297
186 302
186 309
186 316
186 318
186 322
186 326
186 328
186 335
186 340
186 342
186 344
186 350
186 353
186 356
186 357
186 364
186 372
186 379
186 406
186 419
186 421
186 428
186 430
186 435
186 443
186 455
186 456
186 464
186 477
186 480
186 483
186 487
186 495
187 188
187 205
187 207
187 211
187 218
187 222
187 236
187 239
187 243
187 273
187 277
187 278
187 286
187 291
187 296
187 302
187 307
187 324
187 327
187 331
187 332
187 337
187 338
187 346
187 351
187 360
187 368
187 372
187 376
187 379
187 380
187 396
187 403
187 404
187 465
187 469
187 473
187 481
188 191
188 194
188 206
188 229
188 234
188 238
188 266
188 270
188 271
188 275
188 288
188 292
188 306
188 307
188 315
188 317
188 324
188 330
188 331
188 334
188 343
188 346
188 352
188 365
188 369
188 378
188 380
188 386
188 394
188 424
188 425
188 448
188 452
188 454
188 474
188 481
188 482
188 493
188 496
189 196
189 199
189 205
189 206
189 214
189 224
189 242
189 258
189 263
189 266
189 276
189 277
189 290
189 299
189 324
189 332
189 335
189 342
189 345
189 346
189 355
189 369
189 375
189 390
189 410
189 421
189 422
189 423
189 431
189 436
189 437
189 438
189 449
189 456
189 468
189 474
189 475
189 494
190 209
190 224
190 246
190 251
190 255
190 259
190 264
190 268
190 269
190 277
190 289
190 301
190 307
190 310
190 321
190 322
190 329
190 339
190 344
190 353
190 369
190 377
190 378
190 379
190 382
190 393
190 403
190 404
190 407
190 411
190 431
190 437
190 440
190 453
190 454
190 499
191 193
191 194
191 195
191 196
191 212
191 226
191 242
191 244
191 251
191 259
191 265
191 284
191 288
191 295
191 303
191 312
191 314
191 326
191 330
191 332
191 338
191 340
191 342
191 364
191 365
191 380
191 386
191 387
191 401
191 403
191 423
191 431
191 435
191 440
191 442
191 446
191 447
191 454
191 458
191 477
191 478
191 482
191 488
191 490
191 491
191 498
192 194
192 197
192 200
192 201
192 202
192 213
192 219
192 231
192 235
192 237
192 251
192 253
192 258
192 263
192 268
192 280
192 283
192 293
192 294
192 310
192 320
192 322
192 328
192 330
192 334
192 363
192 370
192 380
192 388
192 389
192 402
192 405
192 411
192 413
192 419
192 422
192 424
192 426
192 438
192 440
192 441
192 448
192 461
192 471
192 478
192 479
192 482
192 492
193 195
193 200
193 227
193 246
193 248
193 258
193 261
193 262
193 284
193 286
193 296
193 310
193 337
193 338
193 339
193 350
193 383
193 407
193 411
193 415
193 417
193 419
193 464
193 467
193 474
193 476
193 479
194 207
194 210
194 216
194 221
194 237
194 255
194 258
194 259
194 278
194 282
194 305
194 316
194 346
194 347
194 356
194 357
194 380
194 382
194 396
194 405
194 406
194 414
194 420
194 431
194 433
194 434
194 438
194 449
194 458
194 472
194 488
195 209
195 227
195 230
195 233
195 248
195 263
195 270
195 273
195 275
195 278
195 280
195 282
195 284
195 296
195 313
195 317
195 333
195 342
195 355
195 359
195 360
195 365
195 378
195 391
195 396
195 404
195 425
195 436
195 437
195 447
195 448
195 460
195 464
195 468
195 470
195 479
195 491
195 496
196 197
196 201
196 224
196 226
196 232
196 250
196 251
196 253
196 258
196 274
196 292
196 332
196 341
196 344
196 381
196 382
196 387
196 390
196 395
196 402
196 405
196 410
196 416
196 423
196 426
196 440
196 449
196 453
196 456
196 465
196 472
196 475
197 200
197 204
197 208
197 216
197 217
197 220
197 248
197 252
197 253
197 261
197 282
197 286
197 289
197 299
197 321
197 330
197 351
197 354
197 358
197 363
197 366
197 382
197 383
197 393
197 395
197 396
197 405
197 421
197 424
197 432
197 433
197 440
197 468
197 469
197 474
197 482
197 498
198 207
198 218
198 224
198 227
198 228
198 234
198 238
198 243
198 247
198 253
198 279
198 281
198 287
198 289
198 290
198 291
198 293
198 296
198 301
198 309
198 317
198 323
198 325
198 352
198 355
198 364
198 382
198 390
198 395
198 396
198 408
198 409
198 434
198 437
198 445
198 454
198 474
198 478
198 494
199 203
199 206
199 215
199 221
199 225
199 230
199 233
199 238
199 239
199 262
199 264
199 270
199 281
199 285
199 305
199 319
199 321
199 333
199 344
199 350
199 356
199 358
199 375
199 378
199 420
199 425
199 450
199 470
199 484
199 497
199 499
200 203
200 210
200 211
200 214
200 216
200 232
200 238
200 289
200 290
200 292
200 299
200 315
200 324
200 352
200 358
200 360
200 376
200 377
200 407
200 417
200 418
200 420
200 424
200 426
200 438
200 444
200 447
200 451
200 457
200 477
200 478
200 485
200 490
201 212
201 220
201 233
201 241
201 243
201 251
201 254
201 257
201 259
201 265
201 266
201 278
201 294
201 308
201 315
201 319
201 337
201 343
201 361
201 364
201 366
201 370
201 381
201 382
201 384
201 391
201 405
201 416
201 421
201 431
201 436
201 437
201 447
201 449
201 450
201 458
201 466
201 469
201 478
202 207
202 211
202 222
202 223
202 239
202 242
202 246
202 255
202 262
202 280
202 281
202 311
202 336
202 337
202 362
202 368
202 380
202 387
202 390
202 413
202 414
202 420
202 422
202 428
202 430
202 454
202 461
202 475
202 479
202 486
202 497
203 209
203 210
203 237
203 238
203 275
203 281
203 302
203 343
203 354
203 356
203 358
203 361
203 364
203 383
203 385
203 387
203 392
203 412
203 419
203 434
203 451
203 470
203 471
203 474
203 478
203 479
204 224
204 233
204 243
204 255
204 271
204 273
204 285
204 291
204 335
204 343
204 352
204 395
204 396
204 397
204 399
204 413
204 420
204 435
204 444
204 451
204 455
204 457
204 486
204 490
204 496
205 210
205 215
205 216
205 217
205 222
205 253
205 254
205 255
205 257
205 259
205 260
205 279
205 287
205 297
205 299
205 305
205 316
205 318
205 326
205 351
205 357
205 361
205 419
205 424
205 441
205 449
205 455
205 457
205 459
205 493
205 495
206 207
206 226
206 236
206 241
206 247
206 267
206 271
206 280
206 298
206 300
206 309
206 315
206 329
206 334
206 356
206 359
206 362
206 370
206 374
206 376
206 379
206 381
206 384
206 400
206 408
206 423
206 426
206 429
206 431
206 448
206 450
206 460
206 469
206 485
206 488
206 493
206 497
207 221
207 222
207 223
207 226
207 234
207 235
207 247
207 248
207 254
207 257
207 261
207 266
207 282
207 286
207 292
207 314
207 319
207 321
207 333
207 356
207 361
207 368
207 369
207 370
207 383
207 392
207 394
207 401
207 404
207 408
207 432
207 451
207 464
207 469
207 475
207 477
207 479
207 484
208 211
208 218
208 222
208 223
208 226
208 229
208 236
208 244
208 247
208 249
208 259
208 265
208 277
208 281
208 301
208 308
208 313
208 316
208 331
208 336
208 340
208 345
208 349
208 354
208 357
208 358
208 361
208 364
208 409
208 410
208 412
208 414
208 419
208 420
208 425
208 435
208 438
208 441
208 460
208 475
208 482
208 483
208 491
208 495
209 210
209 217
209 223
209 226
209 227
209 235
209 244
209 246
209 248
209 249
209 252
209 258
209 263
209 266
209 273
209 274
209 282
209 283
209 289
209 300
209 304
209 310
209 324
209 330
209 337
209 339
209 343
209 360
209 366
209 367
209 375
209 377
209 378
209 380
209 388
209 403
209 417
209 433
209 439
209 445
209 451
209 454
209 457
209 471
209 472
209 479
209 487
209 497
210 226
210 247
210 249
210 251
210 253
210 258
210 260
210 262
210 264
210 267
210 273
210 286
210 296
210 298
210 304
210 311
210 338
210 344
210 352
210 353
210 355
210 362
210 371
210 378
210 379
210 380
210 388
210 392
210 393
210 397
210 404
210 410
210 416
210 442
210 443
210 445
210 446
210 456
210 465
210 469
210 475
210 492
210 495
210 497
211 215
211 231
211 232
211 241
211 246
211 248
211 250
211 252
211 255
211 258
211 262
211 285
211 286
211 296
211 297
211 301
211 337
211 342
211 348
211 349
211 350
211 375
211 386
211 389
211 393
211 394
211 405
211 407
211 413
211 415
211 419
211 422
211 434
211 448
211 449
211 461
211 472
211 487
212 215
212 218
212 237
212 240
212 259
212 269
212 271
212 274
212 276
212 293
212 295
212 305
212 334
212 341
212 360
212 366
212 374
212 376
212 378
212 394
212 398
212 402
212 414
212 422
212 434
212 438
212 442
212 446
212 451
212 457
212 460
212 469
212 471
212 474
212 476
212 493
212 499
213 240
213 245
213 262
213 271
213 277
213 278
213 284
213 286
213 288
213 291
213 305
213 307
213 322
213 326
213 333
213 334
213 335
213 342
213 347
213 351
213 354
213 358
213 362
213 367
213 369
213 373
213 379
213 381
213 392
213 394
213 396
213 407
213 422
213 423
213 441
213 443
213 462
213 464
213 469
213 478
213 480
213 483
213 486
213 493
213 496
214 219
214 232
214 239
214 246
214 253
214 256
214 259
214 264
214 288
214 298
214 299
214 322
214 328
214 340
214 341
214 356
214 361
214 366
214 372
214 373
214 382
214 385
214 398
214 409
214 413
214 415
214 419
214 422
214 423
214 437
214 439
214 452
214 457
214 458
214 462
214 464
214 472
214 475
214 481
214 485
215 221
215 232
215 240
215 245
215 270
215 272
215 283
215 297
215 301
215 303
215 313
215 314
215 320
215 333
215 337
215 363
215 386
215 396
215 410
215 427
215 435
215 441
215 463
215 475
215 484
216 217
216 224
216 249
216 252
216 257
216 258
216 259
216 269
216 270
216 280
216 281
216 284
216 299
216 305
216 309
216 323
216 325
216 346
216 350
216 370
216 383
216 384
216 389
216 396
216 401
216 402
216 405
216 407
216 420
216 429
216 430
216 433
216 434
216 438
216 451
216 471
216 481
216 487
216 489
217 219
217 226
217 227
217 244
217 247
217 255
217 281
217 287
217 327
217 334
217 339
217 342
217 350
217 353
217 354
217 371
217 389
217 392
217 394
217 408
217 410
217 411
217 412
217 421
217 429
217 436
217 451
217 454
217 456
217 458
217 463
217 464
217 468
217 470
217 474
217 492
217 494
217 495
218 219
218 229
218 236
218 248
218 257
218 269
218 272
218 280
218 282
218 283
218 285
218 292
218 296
218 311
218 313
218 315
218 319
218 327
218 331
218 332
218 335
218 340
218 341
218 348
218 359
218 370
218 385
218 400
218 421
218 432
218 435
218 439
218 444
218 453
218 466
218 479
218 489
219 220
219 221
219 224
219 234
219 235
219 238
219 243
219 244
219 248
219 249
219 254
219 266
219 283
219 287
219 291
219 293
219 297
219 308
219 309
219 310
219 315
219 320
219 341
219 344
219 379
219 381
219 408
219 409
219 418
219 427
219 428
219 445
219 448
219 458
219 463
219 464
219 465
219 467
219 476
219 488
219 496
220 221
220 227
220 229
220 242
220 246
220 251
220 254
220 257
220 258
220 260
220 263
220 266
220 272
220 352
220 359
220 363
220 364
220 376
220 381
220 391
220 413
220 426
220 440
220 463
220 477
220 478
220 486
220 487
220 490
221 222
221 227
221 228
221 231
221 241
221 246
221 248
221 257
221 258
221 259
221 262
221 264
221 271
221 280
221 281
221 288
221 293
221 299
221 304
221 327
221 335
221 350
221 357
221 369
221 380
221 383
221 389
221 398
221 403
221 426
221 436
221 460
221 462
221 474
221 478
221 484
221 487
221 495
222 223
222 250
222 253
222 262
222 274
222 276
222 280
222 283
222 288
222 290
222 295
222 302
222 310
222 311
222 315
222 316
222 322
222 326
222 328
222 335
222 351
222 353
222 361
222 365
222 370
222 379
222 383
222 409
222 412
222 413
222 418
222 422
222 427
222 440
222 457
222 468
222 475
222 480
222 491
222 494
222 496
223 231
223 240
223 243
223 254
223 264
223 302
223 304
223 305
223 308
223 319
223 338
223 339
223 347
223 349
223 363
223 369
223 372
223 378
223 409
223 426
223 439
223 445
223 446
223 459
223 466
223 486
223 495
223 498
224 232
224 233
224 239
224 246
224 261
224 268
224 273
224 286
224 294
224 296
224 303
224 312
224 315
224 321
224 330
224 339
224 351
224 359
224 360
224 365
224 374
224 377
224 392
224 398
224 410
224 414
224 415
224 421
224 425
224 428
224 450
224 455
224 459
224 464
224 465
224 467
224 473
224 494
225 243
225 249
225 251
225 254
225 265
225 273
225 277
225 281
225 282
225 283
225 286
225 297
225 300
225 308
225 313
225 331
225 340
225 353
225 356
225 368
225 372
225 375
225 382
225 389
225 401
225 402
225 411
225 412
225 417
225 427
225 429
225 438
225 439
225 442
225 446
225 447
225 459
225 460
225 473
225 477
225 478
225 495
226 227
226 238
226 249
226 282
226 288
226 289
226 310
226 322
226 337
226 345
226 417
226 426
226 430
226 431
226 437
226 438
226 471
226 477
226 484
226 485
226 498
227 234
227 239
227 241
227 275
227 282
227 284
227 299
227 308
227 317
227 333
227 340
227 344
227 345
227 353
227 366
227 383
227 386
227 388
227 393
227 397
227 408
227 410
227 412
227 413
227 418
227 421
227 422
227 423
227 428
227 446
227 449
227 451
227 455
227 464
227 465
227 471
227 473
227 476
227 478
227 481
227 484
227 498
228 258
228 271
228 272
228 274
228 277
228 281
228 312
228 314
228 321
228 336
228 342
228 343
228 359
228 374
228 375
228 376
228 398
228 399
228 411
228 426
228 431
228 434
228 457
228 473
228 475
228 480
228 481
228 487
229 256
229 268
229 280
229 285
229 287
229 291
229 298
229 306
229 308
229 310
229 311
229 321
229 322
229 323
229 326
229 330
229 347
229 348
229 353
229 360
229 380
229 381
229 383
229 387
229 396
229 404
229 426
229 453
229 465
229 466
229 472
229 473
229 480
229 490
229 499
230 236
230 260
230 268
230 285
230 293
230 294
230 309
230 311
230 317
230 320
230 322
230 326
230 333
230 341
230 342
230 343
230 353
230 360
230 377
230 380
230 390
230 392
230 394
230 395
230 399
230 406
230 417
230 421
230 425
230 427
230 439
230 441
230 448
230 450
230 456
230 464
230 472
230 476
230 482
230 493
230 494
230 496
231 233
231 235
231 237
231 244
231 245
231 263
231 269
231 297
231 303
231 307
231 309
231 321
231 328
231 334
231 335
231 336
231 342
231 349
231 351
231 352
231 355
231 356
231 373
231 374
231 394
231 407
231 420
231 426
231 433
231 440
231 454
231 456
231 459
231 461
231 463
231 468
231 477
231 481
231 499
232 255
232 258
232 260
232 270
232 276
232 289
232 297
232 301
232 314
232 316
232 317
232 322
232 325
232 337
232 344
232 353
232 356
232 357
232 372
232 375
232 386
232 389
232 390
232 398
232 403
232 411
232 412
232 418
232 423
232 425
232 433
232 439
232 445
232 452
232 455
232 468
232 471
232 476
232 477
232 481
232 491
233 236
233 241
233 248
233 253
233 257
233 259
233 261
233 270
233 278
233 280
233 288
233 291
233 296
233 304
233 306
233 316
233 325
233 339
233 342
233 358
233 360
233 382
233 386
233 392
233 396
233 398
233 406
233 412
233 431
233 444
233 451
233 464
233 465
233 469
233 475
233 486
233 493
234 253
234 262
234 266
234 275
234 281
234 282
234 290
234 293
234 295
234 300
234 303
234 307
234 323
234 325
234 329
234 332
234 337
234 341
234 353
234 359
234 366
234 374
234 379
234 385
234 390
234 393
234 395
234 418
234 422
234 443
234 448
234 449
234 453
234 454
234 459
234 461
234 476
235 248
235 262
235 263
235 285
235 288
235 290
235 300
235 310
235 322
235 331
235 332
235 342
235 350
235 361
235 367
235 370
235 373
235 374
235 375
235 406
235 413
235 415
235 425
235 444
235 461
235 475
235 479
236 247
236 271
236 275
236 346
236 357
236 360
236 365
236 374
236 376
236 391
236 394
236 400
236 401
236 403
236 429
236 445
236 446
236 455
236 467
236 470
236 478
236 479
236 494
236 495
237 241
237 250
237 262
237 265
237 279
237 283
237 295
237 296
237 302
237 304
237 307
237 316
237 327
237 330
237 333
237 335
237 372
237 384
237 394
237 430
237 454
237 463
237 468
237 471
237 480
237 486
237 491
237 497
238 255
238 257
238 263
238 265
238 269
238 280
238 290
238 294
238 324
238 337
238 344
238 345
238 348
238 349
238 352
238 358
238 370
238 377
238 378
238 381
238 416
238 424
238 425
238 426
238 427
238 432
238 433
238 434
238 437
238 443
238 444
238 447
238 450
238 452
238 456
238 461
238 462
238 468
238 472
238 473
238 475
238 490
239 240
239 262
239 271
239 274
239 282
239 292
239 310
239 313
239 314
239 330
239 331
239 339
239 351
239 361
239 373
239 379
239 391
239 394
239 403
239 406
239 412
239 415
239 437
239 457
239 458
239 476
239 478
239 483
240 246
240 250
240 268
240 296
240 301
240 305
240 316
240 321
240 323
240 339
240 351
240 355
240 362
240 369
240 373
240 380
240 392
240 398
240 428
240 438
240 441
240 442
240 451
240 455
240 472
240 477
240 480
241 246
241 253
241 255
241 261
241 276
241 278
241 293
241 306
241 309
241 311
241 316
241 325
241 329
241 330
241 332
241 333
241 334
241 335
241 347
241 360
241 361
241 367
241 371
241 373
241 382
241 403
241 405
241 407
241 415
241 418
241 420
241 421
241 426
241 429
241 431
241 432
241 435
241 444
241 449
241 452
241 469
241 479
241 482
242 243
242 256
242 262
242 263
242 268
242 270
242 281
242 283
242 285
242 295
242 296
242 305
242 306
242 308
242 310
242 314
242 317
242 326
242 337
242 339
242 340
242 347
242 351
242 354
242 395
242 396
242 411
242 413
242 424
242 435
242 437
242 439
242 445
242 446
242 481
242 484
242 489
242 494
242 497
242 499
243 246
243 257
243 263
243 266
243 273
243 280
243 287
243 311
243 325
243 331
243 332
243 357
243 359
243 360
243 361
243 380
243 381
243 383
243 395
243 424
243 425
243 427
243 471
243 482
243 493
244 262
244 264
244 273
244 278
244 302
244 305
244 315
244 322
244 324
244 331
244 336
244 347
244 370
244 377
244 385
244 402
244 408
244 423
244 450
244 477
244 482
244 486
244 495
245 254
245 269
245 284
245 292
245 303
245 306
245 324
245 334
245 340
245 347
245 354
245 356
245 364
245 365
245 371
245 383
245 393
245 408
245 417
245 431
245 444
245 452
245 461
245 465
245 493
245 496
245 497
246 248
246 261
246 262
246 264
246 270
246 293
246 299
246 331
246 334
246 346
246 354
246 355
246 359
246 361
246 365
246 387
246 396
246 397
246 400
246 402
246 404
246 406
246 407
246 408
246 411
246 419
246 427
246 434
246 446
246 461
246 464
246 479
246 481
246 483
247 257
247 258
247 261
247 279
247 285
247 286
247 296
247 301
247 309
247 312
247 316
247 330
247 350
247 353
247 354
247 368
247 376
247 380
247 393
247 397
247 402
247 405
247 414
247 418
247 420
247 434
247 436
247 450
247 462
247 485
248 264
248 266
248 273
248 280
248 281
248 287
248 291
248 293
248 302
248 311
248 316
248 326
248 329
248 337
248 345
248 358
248 362
248 363
248 372
248 385
248 401
248 412
248 414
248 437
248 444
248 446
248 449
248 450
248 461
248 466
248 484
248 489
248 492
248 496
248 499
249 260
249 266
249 268
249 272
249 275
249 276
249 281
249 290
249 293
249 297
249 301
249 309
249 321
249 325
249 339
249 340
249 353
249 358
249 369
249 376
249 382
249 391
249 392
249 418
249 439
249 465
249 467
249 480
249 482
250 252
250 284
250 297
250 305
250 307
250 312
250 327
250 345
250 365
250 382
250 386
250 393
250 394
250 395
250 416
250 424
250 428
250 438
250 449
250 461
250 467
250 471
250 472
250 474
250 475
250 485
250 491
251 254
251 260
251 278
251 303
251 327
251 328
251 336
251 339
251 345
251 346
251 358
251 375
251 386
251 400
251 401
251 402
251 414
251 416
251 423
251 443
251 444
251 447
251 454
251 473
251 483
251 494
251 497
252 254
252 256
252 263
252 275
252 297
252 315
252 326
252 347
252 356
252 367
252 369
252 376
252 380
252 394
252 399
252 408
252 411
252 414
252 415
252 419
252 428
252 449
252 452
252 456
252 464
252 466
252 470
252 471
252 473
252 489
252 493
253 256
253 259
253 263
253 272
253 273
253 281
253 286
253 296
253 302
253 305
253 315
253 329
253 330
253 333
253 336
253 375
253 378
253 379
253 380
253 384
253 387
253 399
253 400
253 405
253 431
253 435
253 436
253 441
253 449
253 469
253 478
253 481
253 488
253 497
253 499
254 272
254 274
254 278
254 282
254 307
254 310
254 325
254 342
254 348
254 353
254 356
254 364
254 372
254 374
254 396
254 403
254 408
254 415
254 416
254 430
254 441
254 447
254 448
254 455
254 460
254 465
254 471
254 476
254 478
255 256
255 265
255 267
255 273
255 277
255 283
255 285
255 295
255 310
255 316
255 319
255 321
255 322
255 324
255 332
255 333
255 335
255 341
255 354
255 355
255 362
255 366
255 375
255 377
255 381
255 382
255 399
255 414
255 422
255 434
255 468
255 473
255 475
255 478
255 482
255 483
255 486
255 492
256 258
256 263
256 264
256 267
256 274
256 276
256 279
256 287
256 309
256 314
256 320
256 342
256 357
256 362
256 370
256 373
256 385
256 389
256 395
256 400
256 403
256 430
256 432
256 437
256 446
256 452
256 463
256 474
256 480
256 483
256 484
256 488
256 491
256 494
256 498
257 262
257 271
257 278
257 279
257 295
257 299
257 301
257 303
257 304
257 307
257 309
257 328
257 331
257 336
257 337
257 344
257 351
257 359
257 361
257 363
257 371
257 378
257 381
257 407
257 412
257 420
257 423
257 430
257 440
257 449
257 450
257 453
257 462
257 466
257 474
257 497
258 263
258 266
258 267
258 301
258 303
258 319
258 338
258 352
258 356
258 384
258 389
258 404
258 412
258 421
258 437
258 438
258 450
258 453
258 458
258 459
258 462
258 471
258 490
258 498
259 263
259 269
259 271
259 276
259 282
259 289
259 292
259 293
259 303
259 310
259 315
259 316
259 335
259 337
259 339
259 343
259 370
259 376
259 389
259 401
259 406
259 409
259 412
259 416
259 421
259 431
259 438
259 447
259 450
259 457
259 463
259 465
259 468
259 472
259 485
259 487
259 497
260 274
260 280
260 285
260 288
260 309
260 338
260 351
260 372
260 378
260 397
260 400
260 406
260 407
260 412
260 419
260 425
260 428
260 438
260 444
260 458
260 468
260 487
260 495
261 265
261 273
261 277
261 280
261 282
261 291
261 292
261 296
261 297
261 301
261 302
261 305
261 308
261 312
261 314
261 327
261 333
261 342
261 345
261 349
261 360
261 364
261 367
261 369
261 377
261 384
261 405
261 411
261 422
261 423
261 424
261 443
261 453
261 456
261 465
261 481
261 487
261 491
261 492
261 496
262 268
262 273
262 276
262 277
262 286
262 288
262 295
262 299
262 303
262 315
262 320
262 344
262 349
262 351
262 356
262 382
262 387
262 394
262 398
262 401
262 403
262 424
262 428
262 431
262 436
262 438
262 442
262 444
262 456
262 458
262 459
262 461
262 464
262 465
262 468
262 472
262 489
262 498
263 269
263 274
263 280
263 282
263 285
263 287
263 289
263 295
263 323
263 335
263 336
263 361
263 368
263 382
263 384
263 387
263 394
263 395
263 396
263 401
263 409
263 413
263 415
263 465
263 466
263 484
263 497
264 267
264 269
264 270
264 274
264 284
264 290
264 299
264 302
264 304
264 307
264 319
264 325
264 330
264 343
264 347
264 354
264 369
264 397
264 420
264 435
264 448
264 449
264 455
264 460
264 464
264 474
264 481
264 492
264 494
264 497
265 270
265 278
265 283
265 284
265 287
265 288
265 297
265 305
265 318
265 326
265 331
265 352
265 354
265 355
265 359
265 367
265 368
265 377
265 379
265 384
265 389
265 437
265 444
265 445
265 462
265 465
265 469
265 473
265 482
265 484
265 490
266 270
266 274
266 278
266 290
266 291
266 295
266 322
266 323
266 324
266 326
266 334
266 344
266 352
266 356
266 374
266 376
266 379
266 390
266 392
266 399
266 410
266 412
266 414
266 418
266 421
266 424
266 429
266 432
266 450
266 455
266 468
266 479
266 480
267 285
267 294
267 297
267 304
267 322
267 334
267 336
267 340
267 342
267 346
267 347
267 352
267 353
267 356
267 371
267 376
267 379
267 380
267 381
267 382
267 387
267 397
267 410
267 414
267 417
267 419
267 428
267 435
267 441
267 442
267 446
267 448
267 461
267 466
267 473
267 478
267 480
267 487
267 498
268 269
268 274
268 276
268 288
268 300
268 310
268 311
268 312
268 328
268 339
268 341
268 348
268 358
268 366
268 368
268 379
268 382
268 421
268 424
268 441
268 445
268 447
268 449
268 453
268 460
268 470
268 472
268 495
268 498
269 280
269 288
269 293
269 308
269 322
269 326
269 331
269 345
269 355
269 368
269 372
269 380
269 381
269 385
269 399
269 400
269 403
269 423
269 431
269 441
269 447
269 460
269 469
269 471
269 473
269 476
270 276
270 279
270 280
270 284
270 295
270 296
270 303
270 313
270 318
270 322
270 323
270 329
270 339
270 351
270 362
270 364
270 366
270 368
270 370
270 379
270 394
270 407
270 412
270 422
270 430
270 444
270 461
270 468
270 476
270 483
270 485
270 486
270 487
270 490
271 272
271 289
271 291
271 302
271 308
271 322
271 333
271 359
271 362
271 367
271 369
271 374
271 407
271 409
271 423
271 430
271 438
271 446
271 447
271 466
271 468
271 470
271 488
272 287
272 291
272 294
272 301
272 329
272 333
272 346
272 356
272 359
272 363
272 375
272 378
272 380
272 398
272 399
272 416
272 430
272 441
272 443
272 445
272 454
272 455
272 457
272 460
272 461
272 462
272 479
272 485
272 489
272 491
272 492
273 279
273 282
273 289
273 303
273 311
273 316
273 324
273 328
273 334
273 338
273 339
273 357
273 362
273 367
273 379
273 382
273 389
273 392
273 437
273 441
273 448
273 452
273 462
273 472
273 474
273 483
273 484
273 489
273 492
274 277
274 282
274 284
274 285
274 288
274 301
274 303
274 309
274 317
274 334
274 339
274 344
274 351
274 355
274 357
274 373
274 374
274 392
274 401
274 416
274 426
274 428
274 446
274 449
274 451
274 452
274 461
274 464
274 473
274 475
274 484
274 498
275 282
275 286
275 289
275 307
275 308
275 311
275 312
275 313
275 341
275 344
275 355
275 363
275 367
275 371
275 383
275 388
275 397
275 405
275 406
275 407
275 413
275 419
275 424
275 429
275 444
275 445
275 448
275 475
275 477
276 279
276 280
276 284
276 295
276 312
276 319
276 321
276 327
276 332
276 338
276 352
276 360
276 370
276 379
276 380
276 396
276 398
276 406
276 408
276 414
276 416
276 451
276 454
276 455
276 470
276 472
276 476
276 481
276 489
276 490
276 492
277 289
277 295
277 297
277 311
277 333
277 335
277 339
277 342
277 351
277 355
277 360
277 362
277 363
277 368
277 375
277 376
277 377
277 380
277 382
277 383
277 384
277 391
277 406
277 425
277 431
277 458
277 463
277 466
277 473
277 477
277 484
277 487
277 491
278 282
278 294
278 295
278 301
278 318
278 324
278 346
278 347
278 348
278 359
278 361
278 367
278 371
278 372
278 373
278 375
278 376
278 378
278 379
278 382
278 383
278 393
278 402
278 414
278 415
278 417
278 420
278 426
278 429
278 431
278 432
278 436
278 443
278 445
278 454
278 468
278 472
278 483
278 484
278 488
279 280
279 283
279 291
279 304
279 313
279 321
279 377
279 403
279 426
279 429
279 434
279 438
279 447
279 450
279 454
279 458
279 460
279 467
279 475
279 482
279 484
280 291
280 297
280 298
280 302
280 313
280 324
280 329
280 338
280 347
280 349
280 365
280 372
280 390
280 394
280 400
280 413
280 420
280 421
280 427
280 429
280 441
280 456
280 462
280 467
280 486
281 289
281 301
281 302
281 309
281 312
281 338
281 344
281 351
281 368
281 375
281 396
281 397
281 414
281 417
281 419
281 424
281 425
281 431
281 433
281 466
281 472
281 473
281 477
281 488
281 492
281 495
281 498
282 289
282 290
282 307
282 315
282 319
282 322
282 328
282 331
282 333
282 338
282 341
282 346
282 350
282 351
282 360
282 363
282 368
282 373
282 376
282 380
282 392
282 396
282 401
282 410
282 418
282 429
282 443
282 445
282 449
282 453
282 476
282 478
282 484
282 490
283 290
283 294
283 298
283 302
283 304
283 306
283 311
283 328
283 329
283 338
283 343
283 350
283 365
283 374
283 386
283 390
283 393
283 399
283 400
283 403
283 414
283 424
283 432
283 437
283 442
283 447
283 459
283 461
283 472
283 474
283 475
283 476
283 486
283 489
283 496
284 285
284 290
284 291
284 297
284 317
284 329
284 330
284 332
284 336
284 352
284 354
284 356
284 359
284 362
284 365
284 366
284 399
284 403
284 405
284 408
284 417
284 420
284 425
284 431
284 435
284 446
284 452
284 453
284 462
284 476
284 489
284 490
284 495
284 497
285 296
285 299
285 309
285 326
285 328
285 349
285 354
285 363
285 376
285 378
285 380
285 390
285 392
285 395
285 407
285 434
285 437
285 443
285 447
285 457
285 465
285 476
285 481
285 484
285 487
285 492
285 497
286 294
286 295
286 307
286 308
286 310
286 311
286 319
286 322
286 330
286 331
286 341
286 354
286 359
286 377
286 381
286 382
286 388
286 400
286 403
286 404
286 413
286 427
286 443
286 455
286 458
286 476
286 479
286 481
287 288
287 292
287 294
287 305
287 313
287 314
287 315
287 323
287 325
287 330
287 358
287 374
287 389
287 430
287 451
287 453
287 469
287 479
288 292
288 295
288 304
288 311
288 318
288 321
288 338
288 344
288 345
288 348
288 361
288 367
288 374
288 381
288 402
288 408
288 413
288 423
288 435
288 442
288 445
288 457
288 459
288 470
288 480
288 490
288 498
289 299
289 304
289 317
289 321
289 327
289 329
289 353
289 367
289 369
289 370
289 375
289 379
289 386
289 387
289 388
289 413
289 415
289 418
289 425
289 430
289 435
289 446
289 449
289 454
289 461
289 468
289 475
289 493
290 297
290 304
290 307
290 312
290 317
290 340
290 341
290 348
290 353
290 358
290 361
290 371
290 396
290 401
290 402
290 408
290 410
290 418
290 421
290 429
290 431
290 433
290 438
290 470
290 475
290 486
290 494
291 295
291 300
291 315
291 322
291 324
291 325
291 327
291 335
291 345
291 357
291 369
291 375
291 381
291 382
291 386
291 393
291 415
291 432
291 434
291 440
291 478
291 479
291 482
291 484
291 492
291 497
292 301
292 310
292 311
292 324
292 325
292 326
292 347
292 349
292 351
292 354
292 374
292 378
292 386
292 391
292 398
292 403
292 415
292 421
292 436
292 450
292 459
292 460
292 467
292 471
292 473
292 474
292 481
292 488
292 493
292 495
292 499
293 294
293 300
293 303
293 312
293 313
293 315
293 321
293 340
293 351
293 354
293 364
293 379
293 381
293 387
293 398
293 400
293 413
293 420
293 428
293 432
293 450
293 454
293 464
293 476
293 479
293 490
294 296
294 315
294 321
294 332
294 339
294 344
294 349
294 350
294 356
294 361
294 365
294 371
294 386
294 388
294 392
294 404
294 427
294 447
294 449
294 456
294 470
294 473
294 486
295 300
295 303
295 304
295 309
295 314
295 316
295 336
295 343
295 360
295 364
295 379
295 385
295 388
295 390
295 402
295 433
295 447
295 454
295 457
295 471
295 480
296 308
296 313
296 323
296 327
296 333
296 343
296 355
296 361
296 362
296 364
296 395
296 402
296 418
296 429
296 434
296 436
296 453
296 458
296 464
296 481
296 485
296 490
296 494
297 299
297 309
297 326
297 331
297 332
297 333
297 336
297 337
297 339
297 345
297 348
297 349
297 355
297 362
297 374
297 379
297 409
297 413
297 422
297 431
297 436
297 441
297 443
297 452
297 463
297 466
297 472
297 474
297 483
297 490
297 495
297 496
298 313
298 320
298 333
298 335
298 348
298 355
298 361
298 362
298 392
298 400
298 412
298 414
298 416
298 417
298 452
298 463
298 464
298 475
298 479
298 481
298 495
298 499
299 306
299 325
299 329
299 346
299 360
299 362
299 377
299 379
299 391
299 395
299 396
299 406
299 415
299 451
299 455
299 456
299 460
299 461
299 464
299 465
299 476
299 478
299 480
299 484
299 488
299 498
300 311
300 313
300 315
300 316
300 317
300 338
300 339
300 347
300 349
300 354
300 355
300 358
300 366
300 371
300 384
300 389
300 393
300 400
300 410
300 414
300 426
300 427
300 429
300 431
300 434
300 450
300 461
300 481
300 482
300 490
301 303
301 317
301 319
301 323
301 328
301 331
301 342
301 345
301 348
301 351
301 356
301 390
301 406
301 416
301 445
301 448
301 472
301 479
301 489
302 309
302 322
302 324
302 328
302 333
302 345
302 352
302 365
302 366
302 372
302 382
302 388
302 399
302 402
302 413
302 446
302 464
302 470
302 474
302 495
302 496
302 498
303 304
303 307
303 309
303 316
303 321
303 325
303 339
303 340
303 366
303 367
303 379
303 380
303 397
303 403
303 405
303 407
303 409
303 417
303 423
303 426
303 435
303 463
303 467
303 473
303 476
304 311
304 313
304 340
304 342
304 348
304 349
304 353
304 362
304 367
304 368
304 383
304 388
304 405
304 406
304 419
304 421
304 425
304 432
304 435
304 452
304 463
304 469
304 472
304 473
304 491
304 495
305 316
305 332
305 333
305 335
305 342
305 343
305 347
305 370
305 372
305 388
305 390
305 397
305 413
305 423
305 443
305 446
305 449
305 455
305 456
305 457
305 459
305 462
305 464
305 491
306 308
306 322
306 324
306 329
306 337
306 343
306 350
306 353
306 357
306 360
306 381
306 383
306 394
306 406
306 421
306 424
306 439
306 477
306 479
306 483
306 497
307 310
307 328
307 334
307 337
307 352
307 353
307 373
307 381
307 385
307 387
307 392
307 399
307 412
307 421
307 426
307 430
307 444
307 451
307 452
307 462
307 469
307 482
307 485
307 490
307 494
307 496
308 312
308 313
308 340
308 347
308 351
308 353
308 371
308 379
308 398
308 406
308 427
308 430
308 441
308 445
308 446
308 451
308 458
308 464
308 472
308 473
308 475
308 481
308 484
309 313
309 317
309 321
309 323
309 324
309 343
309 344
309 345
309 348
309 375
309 379
309 385
309 400
309 408
309 410
309 419
309 422
309 432
309 443
309 447
309 451
309 459
309 460
309 464
309 466
309 469
309 473
309 480
309 481
309 488
309 491
309 493
310 340
310 342
310 343
310 351
310 358
310 386
310 387
310 389
310 392
310 394
310 403
310 407
310 414
310 416
310 421
310 436
310 442
310 451
310 452
310 457
310 475
310 477
311 321
311 329
311 331
311 340
311 342
311 355
311 356
311 364
311 369
311 371
311 376
311 377
311 379
311 381
311 388
311 401
311 404
311 417
311 422
311 428
311 435
311 437
311 444
311 450
311 463
311 469
311 489
311 492
311 499
312 326
312 329
312 332
312 338
312 350
312 365
312 378
312 397
312 398
312 409
312 410
312 424
312 430
312 435
312 437
312 445
312 499
313 322
313 331
313 336
313 338
313 346
313 352
313 363
313 374
313 376
313 378
313 384
313 390
313 395
313 397
313 402
313 407
313 414
313 424
313 441
313 466
313 468
313 470
313 471
313 477
313 485
313 486
313 494
314 315
314 346
314 355
314 370
314 375
314 376
314 394
314 415
314 420
314 424
314 432
314 439
314 444
314 446
314 453
314 457
314 473
314 480
314 484
314 485
314 486
314 499
315 322
315 326
315 328
315 330
315 332
315 342
315 343
315 346
315 350
315 351
315 358
315 360
315 362
315 368
315 389
315 399
315 406
315 416
315 426
315 432
315 453
315 469
315 481
315 489
316 325
316 332
316 347
316 380
316 382
316 405
316 417
316 419
316 425
316 458
316 461
316 464
316 477
316 479
316 487
316 489
316 491
316 496
317 324
317 325
317 334
317 336
317 371
317 373
317 381
317 385
317 393
317 399
317 409
317 424
317 428
317 440
317 446
317 463
317 472
317 489
317 492
317 494
318 325
318 328
318 329
318 333
318 338
318 348
318 349
318 361
318 363
318 368
318 386
318 387
318 389
318 395
318 416
318 422
318 423
318 438
318 449
318 464
318 479
318 493
318 495
318 497
319 325
319 328
319 345
319 355
319 369
319 370
319 381
319 388
319 404
319 411
319 412
319 416
319 418
319 426
319 435
319 439
319 440
319 455
319 457
319 462
319 489
319 491
320 326
320 330
320 331
320 365
320 369
320 388
320 396
320 401
320 415
320 426
320 431
320 432
320 433
320 441
320 449
320 483
320 485
320 486
320 493
320 496
321 331
321 332
321 340
321 362
321 366
321 376
321 383
321 398
321 401
321 402
321 403
321 407
321 409
321 432
321 455
321 466
321 469
321 484
321 486
322 326
322 330
322 332
322 333
322 337
322 338
322 339
322 341
322 343
322 345
322 373
322 374
322 388
322 398
322 400
322 407
322 414
322 416
322 423
322 425
322 434
322 446
322 469
322 479
322 481
323 329
323 337
323 338
323 342
323 354
323 362
323 369
323 377
323 389
323 397
323 412
323 414
323 430
323 434
323 436
323 450
323 451
323 454
323 460
323 471
323 473
323 476
323 477
323 485
323 490
324 343
324 348
324 352
324 375
324 383
324 384
324 396
324 399
324 401
324 415
324 417
324 419
324 430
324 433
324 440
324 442
324 449
324 462
324 464
324 469
324 471
324 473
324 474
324 476
324 482
324 486
324 490
324 494
324 498
324 499
325 328
325 335
325 340
325 346
325 347
325 351
325 364
325 365
325 368
325 377
325 381
325 409
325 423
325 430
325 433
325 435
325 448
325 466
325 467
325 492
326 332
326 333
326 349
326 353
326 365
326 376
326 389
326 391
326 401
326 405
326 409
326 411
326 427
326 433
326 441
326 445
326 463
326 466
326 496
327 335
327 337
327 347
327 351
327 355
327 358
327 369
327 370
327 383
327 389
327 391
327 394
327 396
327 411
327 426
327 428
327 434
327 435
327 439
327 447
327 461
327 469
327 470
327 472
327 479
328 331
328 338
328 340
328 350
328 362
328 364
328 365
328 366
328 369
328 376
328 382
328 385
328 386
328 396
328 404
328 405
328 406
328 419
328 421
328 426
328 431
328 434
328 440
328 449
328 463
328 471
328 481
328 496
328 497
329 332
329 347
329 348
329 350
329 352
329 358
329 362
329 369
329 372
329 389
329 390
329 399
329 413
329 428
329 429
329 442
329 443
329 450
329 455
329 460
329 466
329 476
329 479
329 480
329 495
329 498
330 337
330 338
330 352
330 353
330 368
330 391
330 399
330 400
330 401
330 412
330 417
330 419
330 425
330 431
330 444
330 457
330 463
330 468
330 482
330 484
330 494
330 495
331 342
331 344
331 348
331 368
331 372
331 379
331 387
331 395
331 396
331 407
331 412
331 420
331 423
331 427
331 432
331 445
331 451
331 452
331 458
331 470
331 489
331 499
332 342
332 344
332 359
332 365
332 366
332 367
332 368
332 372
332 400
332 408
332 410
332 424
332 442
332 449
332 473
332 474
332 475
332 481
332 486
332 493
332 495
333 336
333 337
333 340
333 349
333 351
333 355
333 364
333 367
333 376
333 383
333 384
333 410
333 411
333 419
333 423
333 436
333 439
333 442
333 464
333 477
333 490
334 343
334 345
334 355
334 368
334 380
334 386
334 398
334 405
334 407
334 408
334 409
334 415
334 436
334 442
334 449
334 456
334 458
334 462
334 468
334 484
334 497
334 498
335 336
335 338
335 339
335 358
335 360
335 370
335 377
335 387
335 391
335 398
335 404
335 408
335 416
335 427
335 432
335 440
335 441
335 444
335 448
335 461
335 466
335 473
335 477
335 479
335 480
335 484
336 345
336 352
336 359
336 366
336 377
336 378
336 379
336 396
336 403
336 404
336 414
336 419
336 420
336 434
336 448
336 451
336 462
336 475
336 480
336 487
337 341
337 344
337 359
337 360
337 364
337 366
337 374
337 379
337 405
337 408
337 409
337 423
337 425
337 444
337 451
337 453
337 461
337 463
337 472
337 486
338 344
338 349
338 353
338 361
338 369
338 372
338 374
338 381
338 386
338 391
338 392
338 395
338 411
338 413
338 436
338 444
338 450
338 452
338 459
338 470
338 476
338 494
339 351
339 353
339 358
339 359
339 371
339 373
339 374
339 380
339 383
339 397
339 408
339 416
339 429
339 430
339 437
339 438
339 442
339 452
339 465
339 466
339 472
339 496
340 358
340 362
340 383
340 388
340 393
340 410
340 411
340 431
340 437
340 442
340 443
340 450
340 457
340 461
340 464
340 472
340 481
341 345
341 357
341 359
341 361
341 373
341 375
341 385
341 386
341 391
341 392
341 405
341 408
341 411
341 422
341 424
341 431
341 460
341 472
341 474
341 478
341 479
341 481
341 488
341 497
342 346
342 366
342 368
342 372
342 375
342 376
342 382
342 389
342 390
342 396
342 402
342 408
342 436
342 445
342 460
342 468
342 469
342 474
342 478
342 486
342 490
342 496
343 357
343 358
343 364
343 390
343 407
343 408
343 417
343 421
343 423
343 425
343 427
343 435
343 436
343 439
343 440
343 452
343 460
343 478
343 499
344 354
344 373
344 384
344 386
344 391
344 404
344 416
344 438
344 447
344 450
344 469
344 471
344 475
344 476
344 479
344 480
344 496
345 360
345 377
345 380
345 385
345 387
345 401
345 410
345 413
345 453
345 455
345 463
345 472
345 473
345 477
345 482
345 486
345 487
345 489
345 494
346 367
346 385
346 412
346 419
346 420
346 425
346 435
346 437
346 453
346 455
346 456
346 459
346 473
346 483
346 497
347 349
347 350
347 360
347 369
347 372
347 379
347 386
347 397
347 398
347 399
347 402
347 413
347 427
347 448
347 449
347 451
347 453
347 465
347 489
347 490
347 494
348 350
348 355
348 359
348 363
348 366
348 368
348 382
348 386
348 387
348 392
348 397
348 419
348 421
348 446
348 448
348 449
348 450
348 452
348 455
348 466
348 467
348 470
348 476
348 479
348 499
349 368
349 382
349 384
349 388
349 394
349 400
349 402
349 405
349 413
349 419
349 433
349 434
349 447
349 451
349 455
349 466
349 472
349 498
350 360
350 364
350 367
350 369
350 379
350 382
350 389
350 390
350 392
350 395
350 410
350 412
350 414
350 429
350 431
350 442
350 449
350 451
350 461
350 465
350 468
350 475
350 487
350 493
350 495
351 378
351 395
351 396
351 402
351 407
351 408
351 425
351 439
351 462
351 466
351 468
351 472
351 480
351 497
352 361
352 362
352 374
352 380
352 395
352 396
352 407
352 412
352 413
352 415
352 418
352 422
352 427
352 443
352 444
352 448
352 455
352 456
352 471
352 474
352 494
353 368
353 371
353 378
353 387
353 399
353 404
353 408
353 409
353 430
353 434
353 442
353 447
353 448
353 453
353 462
353 465
353 469
353 475
353 476
353 477
353 495
353 496
354 356
354 367
354 373
354 384
354 386
354 393
354 394
354 396
354 405
354 409
354 410
354 425
354 428
354 460
354 471
354 472
354 498
355 386
355 392
355 402
355 404
355 405
355 425
355 426
355 432
355 453
355 456
355 459
355 473
355 489
355 496
356 362
356 389
356 402
356 406
356 408
356 421
356 424
356 431
356 433
356 438
356 445
356 452
356 468
356 474
356 477
356 490
356 495
357 365
357 368
357 373
357 375
357 380
357 381
357 401
357 403
357 404
357 423
357 426
357 435
357 441
357 444
357 445
357 466
357 467
357 470
357 472
357 476
357 478
357 489
357 491
357 494
358 379
358 384
358 415
358 428
358 447
358 472
358 473
358 481
358 486
359 362
359 364
359 377
359 382
359 386
359 396
359 403
359 416
359 428
359 431
359 433
359 440
359 453
359 460
359 464
359 469
359 486
359 488
359 489
360 372
360 380
360 388
360 435
360 447
360 451
360 457
360 465
360 484
360 487
361 381
361 394
361 401
361 403
361 406
361 412
361 415
361 443
361 451
361 485
361 496
362 372
362 377
362 401
362 403
362 410
362 412
362 440
362 446
362 461
362 476
362 479
362 484
362 495
363 364
363 374
363 380
363 381
363 387
363 392
363 399
363 401
363 413
363 414
363 421
363 439
363 460
363 476
363 477
363 479
363 480
363 486
363 492
363 498
364 372
364 377
364 387
364 403
364 422
364 425
364 430
364 439
364 447
364 457
364 458
364 468
364 497
365 366
365 367
365 370
365 377
365 383
365 385
365 391
365 395
365 411
365 422
365 436
365 441
365 443
365 449
365 451
365 452
365 457
365 461
365 465
365 487
365 496
366 377
366 390
366 398
366 427
366 456
366 466
366 477
366 485
366 489
366 495
367 368
367 373
367 387
367 393
367 399
367 403
367 406
367 412
367 417
367 435
367 439
367 453
367 455
367 456
367 465
367 469
367 474
367 480
367 488
368 372
368 384
368 388
368 396
368 421
368 423
368 426
368 438
368 440
368 442
368 450
368 456
368 470
368 485
368 490
368 491
368 497
368 499
369 372
369 386
369 390
369 397
369 420
369 434
369 438
369 453
369 464
369 467
369 475
369 487
369 490
369 497
370 374
370 376
370 384
370 390
370 397
370 401
370 408
370 410
370 429
370 436
370 441
370 444
370 447
370 452
370 456
370 469
370 470
370 471
370 474
370 475
370 479
370 482
370 486
370 492
370 493
370 495
370 496
371 376
371 380
371 389
371 411
371 434
371 435
371 458
371 459
371 462
371 463
371 472
371 491
372 381
372 386
372 387
372 394
372 403
372 412
372 415
372 417
372 438
372 439
372 448
372 455
372 465
372 467
372 483
372 494
372 495
373 379
373 381
373 387
373 388
373 390
373 399
373 402
373 416
373 422
373 424
373 427
373 429
373 438
373 443
373 462
373 464
373 478
373 482
374 376
374 381
374 387
374 398
374 400
374 402
374 403
374 405
374 430
374 448
374 456
374 464
374 465
374 471
374 482
374 483
374 495
374 497
375 378
375 407
375 409
375 411
375 418
375 430
375 443
375 446
375 455
375 465
375 474
375 476
375 490
376 378
376 379
376 409
376 412
376 413
376 419
376 423
376 430
376 437
376 443
376 449
376 458
376 471
376 476
377 378
377 383
377 391
377 399
377 406
377 415
377 416
377 420
377 423
377 429
377 431
377 439
377 458
377 464
377 467
377 486
377 488
377 493
377 496
378 388
378 397
378 409
378 410
378 413
378 422
378 434
378 436
378 446
378 447
378 451
378 454
378 463
378 477
378 480
378 484
378 491
378 497
378 499
379 380
379 384
379 395
379 399
379 410
379 415
379 421
379 423
379 426
379 432
379 440
379 451
379 453
379 459
379 461
379 466
379 475
379 477
379 494
380 384
380 392
380 393
380 404
380 405
380 413
380 435
380 439
380 443
380 446
380 448
380 461
380 465
380 469
380 470
380 481
380 487
380 489
380 496
380 497
381 383
381 400
381 401
381 428
381 433
381 451
381 454
381 455
381 465
381 466
381 468
381 471
381 487
381 493
381 495
381 496
382 387
382 390
382 397
382 401
382 406
382 409
382 413
382 430
382 432
382 436
382 444
382 457
382 458
382 476
382 480
383 389
383 393
383 397
383 441
383 449
383 452
383 456
383 480
383 487
383 488
384 397
384 399
384 431
384 451
384 453
384 459
384 461
384 467
384 469
384 470
384 487
384 499
385 386
385 396
385 400
385 415
385 416
385 423
385 442
385 448
385 449
385 451
385 452
385 455
385 465
385 478
385 488
385 491
385 493
385 497
386 387
386 392
386 397
386 408
386 415
386 418
386 428
386 431
386 443
386 448
386 459
386 464
386 472
386 474
386 488
386 492
387 397
387 399
387 400
387 406
387 423
387 426
387 429
387 431
387 452
387 454
387 459
387 476
387 477
387 483
388 414
388 424
388 425
388 429
388 444
388 447
388 461
388 484
388 487
388 493
388 494
388 499
389 396
389 399
389 401
389 402
389 411
389 420
389 423
389 424
389 425
389 427
389 448
389 449
389 458
389 477
389 480
389 481
389 483
389 488
389 493
389 497
390 395
390 397
390 399
390 430
390 431
390 441
390 445
390 446
390 459
390 466
390 474
390 476
390 482
391 395
391 421
391 444
391 453
391 471
391 472
391 473
391 477
391 481
391 486
392 407
392 412
392 417
392 426
392 433
392 444
392 449
392 451
392 457
392 470
392 482
392 484
392 487
392 489
392 490
393 413
393 415
393 435
393 438
393 444
393 452
393 460
393 462
393 463
393 471
393 475
393 484
393 494
393 496
394 415
394 417
394 423
394 436
394 441
394 442
394 455
394 456
394 466
394 467
394 492
395 397
395 406
395 409
395 417
395 430
395 434
395 440
395 450
395 451
395 453
395 455
395 466
395 468
395 470
395 493
396 397
396 402
396 407
396 423
396 424
396 427
396 428
396 431
396 434
396 448
396 454
396 471
396 482
396 483
396 491
396 496
397 401
397 408
397 420
397 422
397 423
397 428
397 435
397 462
397 465
397 468
397 471
397 474
397 476
397 487
397 488
398 404
398 417
398 419
398 431
398 448
398 452
398 468
398 474
398 484
399 408
399 425
399 443
399 445
399 451
399 453
399 459
399 480
399 486
399 489
399 495
399 496
399 498
400 403
400 409
400 412
400 417
400 423
400 432
400 439
400 444
400 464
400 467
400 471
400 475
400 479
400 489
400 493
400 496
401 409
401 419
401 420
401 423
401 440
401 443
401 444
401 452
401 460
401 470
401 482
401 485
401 493
402 404
402 411
402 426
402 433
402 441
402 447
402 449
402 473
402 490
402 497
403 406
403 409
403 418
403 425
403 429
403 431
403 440
403 443
403 455
403 457
403 460
403 469
403 481
403 482
403 485
403 486
404 410
404 412
404 420
404 424
404 426
404 427
404 430
404 441
404 442
404 444
404 453
404 462
404 463
404 468
404 472
404 474
404 479
404 487
404 491
404 492
404 494
405 416
405 417
405 419
405 431
405 434
405 438
405 439
405 441
405 448
405 450
405 460
405 474
405 486
406 411
406 418
406 425
406 431
406 435
406 438
406 439
406 455
406 484
406 487
406 491
407 409
407 410
407 416
407 424
407 427
407 428
407 433
407 434
407 438
407 451
407 452
407 453
407 455
407 467
407 483
407 491
407 492
408 413
408 419
408 424
408 437
408 440
408 444
408 457
408 474
408 487
408 489
408 494
408 497
409 413
409 421
409 445
409 447
409 448
409 456
409 473
410 431
410 435
410 436
410 437
410 442
410 447
410 448
410 464
410 471
410 474
410 478
410 482
410 484
410 492
410 497
410 499
411 415
411 417
411 439
411 445
411 459
411 465
411 468
411 480
411 485
412 418
412 439
412 451
412 458
412 464
412 467
412 495
413 417
413 425
413 431
413 451
413 461
413 474
413 485
413 489
413 490
414 415
414 423
414 430
414 464
414 471
414 472
414 474
414 478
414 485
414 486
414 488
414 494
415 417
415 423
415 451
415 453
415 461
415 463
415 477
416 427
416 428
416 437
416 438
416 440
416 441
416 442
416 448
416 458
416 473
416 475
416 491
416 498
417 418
417 434
417 436
417 460
417 462
417 464
417 473
417 479
417 487
417 498
418 426
418 431
418 439
418 448
418 452
418 465
418 470
418 474
418 478
418 487
418 495
419 454
419 456
419 462
419 473
419 479
420 436
420 443
420 444
420 446
420 455
420 495
420 498
421 426
421 429
421 431
421 438
421 443
421 446
421 455
421 459
421 462
421 465
421 477
422 423
422 427
422 434
422 437
422 467
422 468
422 492
422 493
423 435
423 450
423 452
423 457
423 466
423 476
423 480
423 481
423 484
424 427
424 441
424 443
424 448
424 458
424 459
424 460
424 463
424 469
424 490
424 497
425 427
425 428
425 441
425 443
425 458
425 463
425 475
425 479
425 489
425 495
426 432
426 444
426 452
426 457
426 462
426 479
426 486
427 428
427 438
427 439
427 443
427 447
427 451
427 457
427 471
427 473
427 480
427 481
427 483
427 488
427 497
427 499
428 449
428 456
428 457
428 463
428 470
428 472
428 484
429 436
429 443
429 447
429 455
429 457
429 462
429 468
429 469
429 473
429 483
429 484
430 440
430 446
430 454
430 463
430 479
430 481
430 488
430 490
430 495
430 496
431 433
431 455
431 459
431 464
431 468
431 469
431 475
431 477
432 435
432 440
432 447
432 449
432 454
432 478
432 489
433 437
433 439
433 444
433 464
433 485
433 493
433 498
434 438
434 447
434 459
434 472
434 473
434 474
434 478
434 481
434 482
434 485
434 486
434 489
434 493
434 497
434 498
435 438
435 440
435 444
435 455
435 468
435 474
435 477
435 488
436 437
436 446
436 458
436 460
436 469
436 478
436 487
436 491
437 439
437 446
437 449
437 467
437 470
437 471
437 473
437 475
437 477
438 445
438 455
438 457
438 459
438 464
438 467
438 474
439 449
439 452
439 454
439 459
439 467
439 478
439 487
439 491
440 442
440 445
440 463
440 468
440 469
440 479
441 455
441 464
441 465
441 466
441 471
441 473
441 475
441 490
441 493
441 495
441 496
441 498
442 448
442 454
442 465
442 472
442 474
442 476
442 478
442 480
442 494
442 499
443 445
443 446
443 452
443 454
443 455
443 456
443 460
443 470
443 471
443 472
443 474
443 486
443 489
443 496
443 499
444 454
444 464
444 469
444 481
444 483
444 497
445 456
445 471
445 473
445 479
445 486
445 491
445 493
445 497
445 498
445 499
446 460
446 475
447 467
447 470
447 479
447 486
447 487
447 491
447 496
448 452
448 461
448 465
448 475
448 484
448 491
448 495
448 496
449 471
449 482
449 487
449 496
450 466
450 468
450 470
450 472
450 482
450 491
450 495
451 453
451 471
451 488
451 494
451 495
452 458
452 482
452 493
452 497
453 454
453 462
453 467
453 471
453 478
453 486
453 491
453 499
454 462
455 456
455 472
455 473
455 479
456 457
456 464
456 472
456 483
456 498
457 464
457 481
457 482
457 483
457 488
457 489
457 491
457 496
457 497
458 464
458 465
458 475
458 483
458 494
458 496
459 467
459 468
459 478
459 497
460 464
460 484
461 475
461 479
461 482
461 495
462 465
462 466
462 476
462 478
463 468
463 470
463 471
463 476
463 480
463 491
463 493
464 469
464 490
464 495
464 497
465 466
465 476
465 477
465 483
465 494
466 473
466 476
466 496
466 497
467 470
467 472
467 477
467 481
467 497
468 469
468 479
468 486
469 473
469 481
469 485
469 489
470 471
470 481
470 495
470 496
470 499
471 477
471 478
471 482
471 494
471 495
472 488
473 492
473 495
473 497
474 478
474 481
474 488
474 499
475 484
475 489
475 497
477 479
477 485
477 490
477 491
477 497
478 481
478 485
478 493
479 494
480 482
480 490
481 487
481 494
481 496
482 486
482 492
482 498
483 485
484 499
485 491
485 492
485 493
486 492
486 493
486 494
488 491
488 494
489 495
489 497
492 495
493 496
493 497
493 499
