0 206
0 291
0 405
0 563
0 929
0 1134
0 1554
0 1598
0 2031
0 2165
0 2185
0 2274
0 2476
0 2731
0 3084
0 3252
0 3406
0 3440
0 3521
0 3587
0 4443
0 4549
0 4627
1 284
1 292
1 343
1 680
1 1196
1 1436
1 1458
1 1613
1 2319
1 2841
1 3004
1 3235
1 3264
1 3496
1 4880
1 4996
2 379
2 518
2 633
2 716
2 835
2 1934
2 2079
2 2088
2 2099
2 3122
2 3203
2 3393
2 3591
2 3793
2 3963
2 4339
3 27
3 936
3 1957
3 2135
3 2405
3 2518
3 2564
3 2774
3 2790
3 2934
3 2938
3 3359
3 3410
3 3577
3 3764
3 4093
3 4956
4 602
4 663
4 1003
4 1423
4 1440
4 1475
4 2112
4 2322
4 2620
4 2896
4 3206
4 3584
4 4008
4 4282
4 4404
4 4719
5 667
5 912
5 931
5 1287
5 1819
5 1859
5 2358
5 3140
5 3209
5 3257
5 3259
5 3563
5 4069
5 4121
5 4133
5 4159
5 4940
6 225
6 342
6 361
6 580
6 928
6 1153
6 1358
6 1495
6 1667
6 1998
6 2085
6 2102
6 2153
6 2550
6 3331
6 4945
7 95
7 259
7 699
7 1080
7 2011
7 2051
7 2333
7 2653
7 3107
7 3190
7 3971
7 4165
7 4230
7 4584
7 4975
8 61
8 417
8 581
8 889
8 1150
8 1607
8 1729
8 1760
8 2316
8 2402
8 2992
8 3374
8 3534
8 3604
8 3820
8 3962
8 4017
8 4104
8 4604
8 4792
9 64
9 147
9 336
9 579
9 934
9 973
9 1322
9 1498
9 1824
9 2013
9 2048
9 2178
9 3069
9 3459
9 3727
9 4341
9 4632
9 4837
10 703
10 1532
10 1591
10 1793
10 2230
10 2408
10 2563
10 3096
10 3219
10 4294
10 4803
11 180
11 246
11 474
11 1814
11 1853
11 1948
11 2354
11 2904
11 3582
11 3917
11 3964
11 4074
11 4124
12 109
12 656
12 663
12 701
12 843
12 1103
12 1610
12 1713
12 2199
12 2215
12 2564
12 3317
12 3498
12 3534
12 3774
12 4328
12 4336
12 4932
13 111
13 344
13 827
13 884
13 1628
13 1878
13 1936
13 2428
13 2610
13 2706
13 2715
13 3492
13 3521
13 3843
13 4037
13 4246
13 4987
14 788
14 1110
14 1161
14 1935
14 2248
14 2289
14 2628
14 3129
14 3263
14 3541
14 4103
14 4180
14 4191
14 4258
15 56
15 80
15 134
15 446
15 461
15 1171
15 1404
15 1655
15 1915
15 2662
15 2788
15 3105
15 3154
15 3220
15 3235
15 3259
15 3532
15 3587
15 4192
15 4266
15 4542
15 4626
16 30
16 201
16 283
16 338
16 748
16 2182
16 2184
16 2189
16 2407
16 2664
16 3425
16 3518
16 3889
16 4245
16 4341
16 4579
16 4734
17 490
17 1164
17 1362
17 1475
17 2017
17 2369
17 2626
17 2646
17 2825
17 2943
17 3207
17 3281
17 3288
17 3314
17 4018
17 4191
17 4305
17 4648
18 117
18 313
18 496
18 1347
18 1904
18 2155
18 2813
18 3070
18 3152
18 3327
18 3361
18 3408
18 3668
18 3911
18 4348
18 4813
19 190
19 213
19 344
19 452
19 549
19 979
19 2293
19 2317
19 3266
19 3634
19 3889
19 3924
19 3976
19 4052
19 4524
19 4532
19 4602
20 310
20 425
20 735
20 907
20 975
20 1235
20 1571
20 1766
20 1772
20 1793
20 2512
20 2667
20 2716
20 2764
20 3182
20 3603
20 3815
20 3836
20 3867
20 4025
20 4183
20 4196
20 4277
20 4895
20 4948
21 407
21 604
21 730
21 1467
21 2335
21 2375
21 3208
21 3437
21 3471
21 3551
21 3778
21 3813
21 3950
21 4105
21 4617
21 4669
22 78
22 79
22 456
22 691
22 796
22 889
22 1124
22 2086
22 2127
22 2355
22 2422
22 2734
22 2801
22 3041
22 3610
22 3848
22 3943
22 4071
22 4233
22 4331
22 4400
22 4471
22 4904
23 121
23 1034
23 1571
23 2145
23 3847
23 4060
23 4472
23 4878
24 310
24 538
24 873
24 1053
24 1071
24 1452
24 1630
24 2059
24 2447
24 2500
24 2948
24 3375
24 3881
24 4466
24 4660
24 4754
25 26
25 403
25 621
25 1005
25 1240
25 1458
25 1505
25 1531
25 1826
25 1905
25 2047
25 2401
25 3293
25 3306
25 3625
25 4493
25 4651
26 213
26 392
26 549
26 1306
26 1646
26 1782
26 2132
26 2154
26 2244
26 3080
26 3129
26 3345
26 3575
26 3597
26 3798
26 4090
26 4149
26 4897
26 4907
26 4969
27 82
27 114
27 213
27 249
27 491
27 730
27 918
27 955
27 1104
27 1626
27 1687
27 2463
27 2489
27 3300
27 3347
27 3490
27 3664
27 4089
27 4253
27 4534
28 118
28 460
28 1049
28 1091
28 1147
28 1202
28 1567
28 1614
28 2412
28 2729
28 2900
28 2999
28 3030
28 3339
28 3505
28 3718
28 3888
28 3956
28 4017
28 4322
28 4706
28 4746
28 4974
28 4991
29 354
29 867
29 1136
29 1152
29 1210
29 1215
29 1797
29 1891
29 1992
29 2116
29 2163
29 3135
29 3215
29 3374
29 3637
29 3754
29 4042
29 4280
29 4394
29 4763
30 46
30 373
30 871
30 1471
30 1517
30 1938
30 2200
30 3139
30 3184
30 3316
30 3701
30 4281
30 4798
31 64
31 204
31 318
31 679
31 1106
31 1552
31 1662
31 1759
31 2120
31 2239
31 3060
31 3254
31 3755
31 4617
31 4762
32 271
32 339
32 1094
32 1150
32 1410
32 1942
32 2037
32 2771
32 3066
32 3274
32 3690
32 3956
32 4221
32 4254
32 4887
33 483
33 490
33 512
33 561
33 570
33 840
33 989
33 1449
33 1776
33 2149
33 2217
33 2307
33 2950
33 3283
33 4842
34 642
34 958
34 965
34 1080
34 1156
34 1385
34 2083
34 2623
34 3824
34 3874
34 4158
34 4763
35 88
35 115
35 213
35 473
35 588
35 660
35 885
35 1311
35 1578
35 1747
35 1950
35 2101
35 2236
35 2617
35 3012
35 3072
35 3510
35 3657
35 3674
35 3689
35 3899
35 4272
35 4432
35 4697
35 4807
36 268
36 358
36 681
36 1486
36 1678
36 1954
36 2824
36 3067
36 4054
36 4213
36 4383
36 4419
36 4572
36 4575
36 4852
36 4995
37 66
37 181
37 336
37 1698
37 2150
37 2231
37 2773
37 3467
37 3593
37 4154
37 4321
37 4335
37 4359
37 4838
38 223
38 235
38 238
38 432
38 766
38 2081
38 2795
38 2979
38 3149
38 3773
38 4041
38 4456
38 4469
38 4921
39 239
39 667
39 670
39 1102
39 1194
39 1240
39 1406
39 1882
39 1977
39 2093
39 2154
39 2518
39 2607
39 2609
39 2719
39 4229
39 4829
39 4910
40 1709
40 1845
40 2602
40 2874
40 3028
40 3392
40 3401
40 3427
40 3577
40 3622
40 3654
40 4209
40 4245
40 4391
40 4711
40 4747
41 70
41 1383
41 1589
41 1999
41 2056
41 2135
41 2250
41 2337
41 3410
41 3565
41 3694
41 3727
41 3741
41 4015
41 4086
41 4103
41 4118
41 4254
41 4338
41 4679
41 4680
41 4745
41 4863
42 136
42 142
42 280
42 381
42 818
42 2239
42 2465
42 3607
42 4101
42 4115
42 4237
42 4421
42 4474
42 4637
43 104
43 245
43 604
43 629
43 1529
43 1613
43 1677
43 1752
43 1754
43 2350
43 3085
43 3143
43 3224
43 3507
43 4575
44 625
44 726
44 732
44 878
44 2571
44 3108
44 3400
44 3960
44 4100
44 4415
44 4545
44 4712
44 4901
45 224
45 527
45 615
45 807
45 1729
45 1885
45 2018
45 2297
45 2590
45 2676
45 3316
45 3321
45 3801
45 4122
45 4263
45 4367
45 4426
45 4502
45 4662
45 4772
46 87
46 398
46 542
46 838
46 1776
46 2026
46 2554
46 3233
46 3469
46 3645
46 4160
46 4209
46 4248
46 4731
46 4974
47 146
47 671
47 842
47 1077
47 1260
47 1261
47 1269
47 1470
47 1602
47 2245
47 2572
47 2988
47 3749
47 3960
47 4026
47 4273
47 4494
47 4679
48 353
48 372
48 483
48 2187
48 3174
48 4356
48 4506
48 4715
48 4766
48 4840
48 4990
49 105
49 120
49 496
49 647
49 766
49 1084
49 1139
49 1502
49 1764
49 2024
49 2478
49 3104
49 3460
49 3519
49 3652
49 3705
49 3950
49 4368
49 4990
50 241
50 678
50 680
50 901
50 1902
50 2154
50 2477
50 2842
50 2919
50 3272
50 3580
50 3729
50 4340
50 4387
50 4503
50 4542
50 4553
50 4761
51 722
51 946
51 1722
51 1784
51 2060
51 2159
51 2569
51 2631
51 2949
51 3142
51 3433
51 3458
51 4394
51 4577
51 4599
52 363
52 1105
52 1877
52 2065
52 2223
52 3022
52 3087
52 3249
52 3393
52 3725
52 3757
52 3997
52 4538
52 4624
53 769
53 1167
53 1188
53 1674
53 2313
53 2357
53 2568
53 2639
53 2860
53 3094
53 3261
53 3648
53 4181
53 4340
53 4415
53 4984
54 404
54 646
54 652
54 728
54 2173
54 2462
54 3321
54 3345
54 4005
54 4012
54 4075
54 4248
54 4334
54 4470
54 4474
54 4801
54 4818
54 4976
55 380
55 593
55 1085
55 1359
55 1385
55 1552
55 1553
55 1611
55 1700
55 1730
55 2717
55 2777
55 2806
55 3964
55 4451
56 415
56 429
56 1378
56 1810
56 1967
56 2247
56 2781
56 2989
56 3026
56 3235
56 4034
56 4225
56 4271
56 4958
57 58
57 495
57 764
57 834
57 1187
57 2155
57 2378
57 2675
57 3282
57 3758
57 3879
57 4416
57 4580
58 1156
58 1342
58 1548
58 2043
58 3491
58 4158
58 4379
58 4383
58 4426
58 4468
58 4497
58 4644
58 4831
58 4974
59 332
59 1578
59 2219
59 2715
59 2918
59 3034
59 3087
59 4087
59 4515
59 4606
59 4877
59 4934
59 4952
60 205
60 652
60 1024
60 1840
60 2384
60 2398
60 2458
60 2518
60 3025
60 3320
60 3367
60 3385
60 3744
60 4098
60 4125
60 4626
60 4774
60 4922
60 4954
61 393
61 587
61 978
61 1481
61 1587
61 1842
61 3010
61 3447
61 3856
61 4328
61 4335
61 4606
61 4961
62 228
62 402
62 573
62 998
62 1491
62 1814
62 1935
62 2065
62 2495
62 2534
62 2912
62 3103
62 3317
62 3807
62 4098
62 4102
62 4409
62 4635
62 4897
62 4944
63 799
63 874
63 1295
63 1450
63 1535
63 1588
63 1879
63 2226
63 2660
63 2886
63 3170
63 3189
63 3507
63 3646
63 3703
63 3858
63 3958
63 4485
63 4492
63 4517
64 605
64 611
64 803
64 1037
64 1130
64 1170
64 1565
64 1730
64 2757
64 3403
64 3507
64 3553
64 4095
64 4105
64 4242
64 4407
64 4965
65 468
65 491
65 652
65 655
65 791
65 900
65 1374
65 1790
65 2280
65 2564
65 2774
65 2881
65 3259
65 3680
65 3737
65 3754
66 260
66 880
66 1179
66 1355
66 1365
66 1547
66 2228
66 2784
66 3200
66 3287
66 3295
66 3300
66 3389
66 3683
66 3945
66 4306
67 561
67 2445
67 2645
67 3448
67 4397
67 4416
67 4540
67 4555
67 4995
68 1490
68 1922
68 1954
68 2316
68 2613
68 2973
68 2997
68 3526
68 3804
68 4024
68 4039
68 4781
69 122
69 584
69 1326
69 1481
69 1514
69 1698
69 1709
69 2038
69 2288
69 2669
69 2810
69 2854
69 3004
69 3256
69 3669
69 3982
69 4397
69 4591
69 4662
69 4920
70 550
70 565
70 1217
70 1405
70 1655
70 1718
70 1741
70 1815
70 1899
70 2382
70 2450
70 2653
70 2682
70 3625
70 4068
70 4461
70 4644
70 4733
70 4992
71 178
71 452
71 499
71 1383
71 2040
71 2943
71 3084
71 3597
71 3809
71 4901
71 4971
72 327
72 498
72 546
72 642
72 702
72 705
72 929
72 1177
72 1544
72 1911
72 2543
72 2595
72 3210
72 4026
72 4439
73 231
73 259
73 396
73 525
73 674
73 752
73 865
73 1003
73 1223
73 1353
73 1582
73 2592
73 2679
73 3039
73 3325
73 3729
73 4158
73 4990
74 413
74 561
74 1621
74 1800
74 1924
74 2238
74 2657
74 2746
74 4779
75 119
75 287
75 402
75 464
75 1228
75 1297
75 1688
75 2085
75 2127
75 2488
75 2839
75 2901
75 3090
75 3298
75 3526
75 4258
75 4371
75 4403
75 4911
75 4920
75 4959
76 499
76 579
76 932
76 1030
76 1072
76 1426
76 1505
76 1643
76 2010
76 2108
76 2151
76 2602
76 2670
76 3022
76 3177
76 3481
76 3954
76 3956
76 3961
76 4632
76 4807
77 325
77 374
77 843
77 997
77 1540
77 1583
77 1735
77 1962
77 2173
77 2400
77 2591
77 2678
77 2804
77 2839
77 3224
77 3659
77 3848
77 4565
77 4912
78 107
78 1141
78 1392
78 2176
78 2200
78 2722
78 3123
78 3664
78 3899
78 4635
78 4793
78 4844
78 4863
79 265
79 368
79 1082
79 1459
79 1584
79 1868
79 1991
79 2553
79 2619
79 2620
79 2802
79 2822
79 3082
79 3121
79 3141
79 3510
79 3676
79 3746
79 3803
79 3812
79 4146
79 4842
80 298
80 402
80 707
80 1455
80 1598
80 1801
80 2418
80 3289
80 3488
80 3768
80 3910
80 4141
80 4238
80 4299
80 4627
81 471
81 617
81 2170
81 3525
81 3658
81 4594
81 4930
82 1672
82 2224
82 2270
82 2929
82 2983
82 3179
82 3335
82 3475
82 3649
82 3757
82 4131
82 4266
82 4685
82 4795
83 138
83 308
83 376
83 443
83 447
83 552
83 1204
83 1505
83 1624
83 1772
83 1774
83 1794
83 2162
83 2400
83 2843
83 3011
83 3122
83 3188
83 3866
83 4208
83 4431
84 782
84 1430
84 1473
84 1510
84 1536
84 1619
84 2309
84 2528
84 2587
84 3136
84 3285
84 3352
84 3791
84 3983
84 4250
84 4440
84 4773
84 4992
85 132
85 218
85 453
85 1008
85 1035
85 1424
85 1603
85 2108
85 2493
85 3335
85 3377
85 3483
85 3543
85 3830
85 3840
85 4207
85 4505
85 4619
86 162
86 901
86 1691
86 1880
86 2184
86 2418
86 2875
86 3316
86 3394
86 3983
86 4480
86 4678
86 4980
87 227
87 984
87 1103
87 1105
87 1137
87 1687
87 1891
87 1972
87 2056
87 2384
87 2388
87 2573
87 2728
87 3545
87 4207
87 4208
87 4280
87 4440
88 245
88 386
88 556
88 703
88 736
88 1197
88 1331
88 2158
88 2570
88 2662
88 3150
88 3327
88 3503
88 3649
88 4755
88 4889
89 504
89 507
89 687
89 848
89 1271
89 2644
89 2998
89 3424
89 4236
89 4496
90 167
90 200
90 404
90 467
90 638
90 783
90 1242
90 1295
90 1508
90 1988
90 2050
90 2215
90 3110
90 3124
90 3427
90 3731
90 3955
90 4715
90 4959
91 220
91 458
91 1104
91 1295
91 1827
91 1962
91 2123
91 2152
91 3215
91 3706
91 4736
91 4802
91 4942
92 313
92 919
92 1015
92 1589
92 2535
92 3356
92 3372
92 4198
92 4683
92 4971
93 620
93 911
93 1782
93 1918
93 3015
93 3340
93 3742
93 3834
93 4109
93 4373
94 585
94 1147
94 1212
94 1342
94 1820
94 2468
94 2504
94 2583
94 2933
94 3252
94 3860
94 3990
95 676
95 732
95 823
95 1556
95 1898
95 2267
95 2453
95 2793
95 2914
95 3051
95 3202
95 3268
95 3456
95 4320
95 4635
95 4867
96 231
96 587
96 843
96 869
96 917
96 1106
96 1296
96 1482
96 1791
96 2086
96 2161
96 2510
96 2532
96 2836
96 2979
96 3428
96 3460
96 3574
96 3822
96 4228
96 4576
96 4736
97 559
97 1206
97 1362
97 1647
97 2058
97 2120
97 2181
97 2228
97 2774
97 3660
97 3992
97 4779
98 830
98 855
98 1030
98 1314
98 1581
98 3366
98 3669
98 4066
98 4189
98 4294
98 4767
99 201
99 293
99 374
99 394
99 711
99 913
99 1048
99 1091
99 1351
99 1708
99 2645
99 2842
99 3311
99 4326
99 4389
99 4821
99 4897
100 678
100 796
100 824
100 1002
100 1142
100 1605
100 2180
100 2374
100 2885
100 3255
100 3533
100 3682
100 3904
100 3933
100 4112
100 4742
100 4880
101 370
101 494
101 651
101 1200
101 1234
101 2618
101 3266
101 3296
101 4502
101 4578
101 4699
102 519
102 1003
102 1199
102 1312
102 1406
102 1524
102 1956
102 1963
102 2323
102 2902
102 3179
102 3336
102 3417
102 4119
102 4431
103 342
103 554
103 560
103 732
103 1037
103 1170
103 2032
103 2259
103 2362
103 3025
103 3067
103 3121
103 3299
103 3343
103 3520
103 3522
103 3571
103 4088
103 4135
103 4390
103 4572
103 4709
103 4794
104 311
104 381
104 425
104 698
104 899
104 1598
104 2231
104 2252
104 2480
104 3405
104 3673
104 4137
104 4186
104 4532
104 4764
105 1170
105 1257
105 1422
105 1820
105 1879
105 2265
105 2432
105 2858
105 4575
105 4625
105 4873
105 4973
106 203
106 318
106 416
106 1106
106 1462
106 1603
106 1706
106 1708
106 2434
106 2443
106 2547
106 3201
106 3325
106 3362
106 3548
106 3624
106 4203
106 4557
106 4639
107 529
107 1318
107 1336
107 1712
107 2087
107 2834
107 3469
107 3558
107 3784
107 4043
107 4175
107 4176
107 4452
107 4569
108 127
108 538
108 780
108 848
108 1005
108 1144
108 1577
108 1593
108 1893
108 1954
108 2056
108 2405
108 2419
108 2422
108 2614
108 3184
108 3377
108 4610
108 4839
109 185
109 327
109 464
109 685
109 1424
109 1448
109 1610
109 1724
109 2511
109 3031
109 3154
109 3372
109 3558
109 3654
109 4094
109 4354
109 4685
109 4838
109 4912
110 187
110 662
110 1103
110 1169
110 1432
110 1576
110 1798
110 1852
110 2236
110 3622
110 3790
110 3873
110 4059
110 4240
111 529
111 1740
111 1868
111 1935
111 2159
111 2611
111 3988
111 4092
111 4117
111 4562
111 4751
112 535
112 1348
112 2335
112 2524
112 2959
112 2967
112 3139
112 3289
112 3329
112 3994
112 4017
112 4190
112 4405
112 4536
112 4554
113 172
113 196
113 418
113 796
113 991
113 2146
113 2596
113 2864
113 3102
113 3316
113 3377
113 3695
113 3725
113 3949
113 4385
113 4791
114 2624
114 2708
114 3370
114 4065
114 4148
114 4428
114 4635
115 233
115 511
115 744
115 952
115 1120
115 1510
115 1567
115 1659
115 1762
115 2104
115 2598
115 2749
115 2831
115 3559
115 3761
115 4038
115 4110
115 4398
115 4991
116 242
116 444
116 523
116 573
116 1319
116 1861
116 2258
116 2605
116 2887
116 3464
116 3665
116 3722
116 3827
116 3861
116 4415
116 4780
117 530
117 1063
117 1768
117 3096
117 3210
117 3504
117 3777
117 4088
117 4100
117 4895
117 4956
118 1790
118 2013
118 2927
118 2980
118 3493
118 3767
118 3862
118 3930
118 4129
118 4488
118 4949
119 149
119 227
119 352
119 659
119 943
119 1508
119 1946
119 2393
119 3201
119 3211
119 3360
119 3460
119 3947
119 4795
119 4877
120 234
120 562
120 648
120 711
120 853
120 1300
120 3188
120 3301
120 3996
120 4085
120 4245
120 4427
120 4487
120 4546
121 887
121 1020
121 1188
121 1482
121 1540
121 1615
121 1644
121 1681
121 1844
121 1875
121 2429
121 2608
121 2647
121 2741
121 3116
121 3467
121 3542
121 3548
121 3637
121 3769
121 3843
121 3961
121 4526
121 4563
121 4715
121 4751
121 4885
121 4900
121 4924
121 4977
122 124
122 134
122 173
122 327
122 1126
122 1191
122 1349
122 1464
122 1975
122 2446
122 2804
122 2973
122 3243
122 3464
122 4021
122 4189
122 4219
122 4318
123 235
123 925
123 1013
123 1145
123 1147
123 1732
123 2103
123 2164
123 2182
123 2332
123 2337
123 2685
123 3834
123 4036
123 4135
123 4611
123 4889
124 314
124 357
124 497
124 642
124 888
124 1431
124 1976
124 2307
124 2492
124 3207
124 3497
124 4055
124 4242
124 4274
124 4523
125 551
125 568
125 708
125 731
125 779
125 813
125 867
125 1485
125 1557
125 1595
125 1711
125 2401
125 2512
125 3051
125 4430
125 4682
125 4925
126 567
126 589
126 1891
126 2135
126 2603
126 2658
126 3320
126 3728
126 4808
127 497
127 705
127 713
127 1022
127 1069
127 1584
127 2164
127 2199
127 2550
127 2675
127 3040
127 3092
127 3499
127 3582
127 4047
127 4063
127 4279
127 4331
127 4361
127 4699
128 837
128 1015
128 1091
128 1098
128 1145
128 1448
128 1474
128 1736
128 1840
128 2011
128 2464
128 3216
128 3875
128 3884
128 3921
128 4262
129 427
129 1162
129 1210
129 1286
129 1344
129 1500
129 1740
129 1779
129 1857
129 2138
129 2409
129 3294
129 3806
129 3877
129 4422
129 4492
129 4860
130 2012
130 2094
130 2741
130 3467
130 3575
130 3631
130 4413
130 4729
130 4873
131 413
131 552
131 1559
131 1845
131 1937
131 2117
131 2472
131 2625
131 3678
131 3699
132 724
132 1430
132 1568
132 1694
132 1747
132 2028
132 2159
132 2837
132 3444
132 3951
132 4697
132 4749
133 189
133 247
133 477
133 1282
133 1887
133 2340
133 2468
133 2478
133 2872
133 3159
133 3890
133 3939
133 3969
133 4122
133 4448
133 4521
133 4997
134 305
134 448
134 1386
134 2586
134 2822
134 2836
134 3037
134 3078
134 3290
134 3827
134 3959
134 4121
134 4648
135 221
135 1013
135 1089
135 1107
135 1340
135 1490
135 1864
135 2707
135 3156
135 3226
135 3459
135 4029
136 674
136 1247
136 1410
136 1647
136 2020
136 2302
136 2497
136 2573
136 2647
136 2664
136 2721
136 3340
136 3390
136 3456
136 4836
137 200
137 272
137 402
137 539
137 1148
137 1369
137 1795
137 2358
137 2571
137 2691
137 2882
137 2898
137 3312
137 3585
137 3607
137 3753
137 4377
137 4525
138 201
138 254
138 463
138 498
138 675
138 838
138 1402
138 1729
138 2005
138 2467
138 3094
138 3137
138 3474
138 3616
138 3668
138 3819
138 4229
139 512
139 557
139 611
139 767
139 807
139 874
139 1101
139 1157
139 1389
139 1746
139 2355
139 2436
139 2535
139 2611
139 2880
139 2950
139 3165
139 3485
139 4145
139 4364
139 4379
139 4409
140 461
140 490
140 591
140 652
140 1279
140 1311
140 1746
140 1923
140 2373
140 2668
140 2945
140 4924
141 186
141 234
141 1144
141 1626
141 1745
141 1755
141 2560
141 2982
141 4321
141 4936
142 344
142 1625
142 2060
142 2464
142 2919
142 3132
142 3208
142 3475
142 3633
142 3638
142 3753
142 4234
142 4293
143 749
143 900
143 1263
143 1397
143 2250
143 2309
143 2781
143 2849
143 3028
143 3121
143 3688
143 3917
143 4425
143 4498
144 149
144 303
144 346
144 483
144 754
144 969
144 1067
144 1552
144 1790
144 2235
144 2511
144 2747
144 3825
144 3916
144 4091
144 4124
144 4454
144 4535
144 4563
144 4865
144 4978
145 378
145 516
145 714
145 765
145 844
145 1141
145 1560
145 1634
145 1677
145 1728
145 1960
145 1981
145 2085
145 2404
145 3555
145 4190
145 4382
145 4923
146 352
146 391
146 490
146 496
146 567
146 739
146 793
146 1111
146 1198
146 1457
146 2213
146 2412
146 2722
146 2785
146 2962
146 3146
146 3149
146 3301
146 3355
146 3458
146 3708
146 4655
146 4674
147 296
147 1267
147 1350
147 1392
147 1702
147 2601
147 3542
147 3759
147 3788
147 3866
147 4499
147 4795
148 172
148 573
148 875
148 1565
148 1567
148 1581
148 2141
148 2233
148 2423
148 2610
148 2616
148 2732
148 2859
148 2938
148 2997
148 3064
148 3091
148 3181
148 3293
148 3394
148 3421
148 3560
148 4114
148 4675
149 745
149 949
149 961
149 1075
149 1420
149 1474
149 1647
149 1735
149 1766
149 1865
149 1946
149 2050
149 2687
149 3464
149 4187
149 4338
149 4778
150 155
150 319
150 372
150 840
150 1378
150 2605
150 2728
150 2827
150 4036
150 4804
150 4948
151 309
151 370
151 435
151 497
151 673
151 1005
151 1176
151 1855
151 2571
151 2832
151 3098
151 3202
151 3593
151 3959
151 4775
152 327
152 350
152 584
152 639
152 1067
152 1324
152 1473
152 3531
152 3572
152 4041
152 4097
152 4126
152 4555
152 4660
153 387
153 397
153 1083
153 1194
153 1604
153 2447
153 2983
153 3302
153 3321
153 3569
153 3617
153 3754
153 3812
153 4190
153 4276
153 4338
153 4735
154 351
154 463
154 862
154 869
154 1063
154 1067
154 1162
154 1493
154 1611
154 1634
154 1872
154 1960
154 3399
154 3409
154 4119
154 4287
154 4415
154 4612
154 4635
155 1250
155 1272
155 1275
155 1410
155 1589
155 1909
155 2173
155 2219
155 2299
155 2601
155 3376
155 3877
155 4278
155 4335
155 4384
155 4392
156 638
156 821
156 994
156 1757
156 1840
156 2232
156 2248
156 2464
156 2537
156 2643
156 2836
156 3084
156 3359
156 3747
156 3898
156 3977
156 4626
156 4655
157 339
157 1589
157 2237
157 2306
157 2436
157 3237
157 3349
157 3900
157 3974
157 4046
157 4072
157 4524
157 4842
157 4919
158 289
158 330
158 563
158 589
158 699
158 1170
158 1723
158 2328
158 2359
158 2363
158 2532
158 2697
158 2728
158 2780
158 2836
158 2978
158 2984
158 4175
159 217
159 381
159 467
159 628
159 793
159 800
159 1140
159 2177
159 2563
159 3041
159 3283
159 3725
160 250
160 378
160 515
160 1169
160 2188
160 3045
160 3103
160 3283
160 3608
160 3659
160 3707
160 3938
160 4412
160 4661
161 199
161 1259
161 1520
161 2220
161 3472
161 3504
161 3588
161 3791
161 3987
161 4005
161 4273
161 4553
161 4911
161 4936
161 4956
162 235
162 884
162 889
162 1122
162 1128
162 1431
162 1471
162 1518
162 1940
162 2238
162 2598
162 3330
162 3672
162 3864
162 4213
162 4312
162 4649
163 362
163 2032
163 2290
163 2684
163 3302
163 3311
163 3795
163 4089
163 4237
163 4798
164 171
164 201
164 721
164 1300
164 1476
164 1635
164 1680
164 1827
164 1840
164 2318
164 2669
164 3643
164 3651
164 3886
164 3998
165 167
165 174
165 314
165 1449
165 1884
165 1999
165 2320
165 2355
165 3892
165 3938
165 4066
165 4380
166 261
166 1175
166 1347
166 1558
166 1647
166 1738
166 1965
166 2091
166 2153
166 2201
166 2385
166 2950
166 3394
166 3816
166 4108
166 4206
166 4231
166 4329
166 4863
167 203
167 1438
167 1707
167 1844
167 2088
167 2261
167 3988
167 4508
167 4650
167 4878
168 878
168 1114
168 1458
168 1597
168 2076
168 2628
168 3333
168 3979
169 218
169 403
169 826
169 1420
169 1657
169 2333
169 3501
169 3989
169 4261
170 277
170 470
170 749
170 762
170 934
170 982
170 1049
170 1999
170 2301
170 2311
170 2572
170 2806
170 2958
170 3060
170 3395
170 3418
170 4263
170 4385
170 4687
171 274
171 528
171 1248
171 1338
171 1415
171 1537
171 2047
171 2077
171 2228
171 2431
171 2553
171 2748
171 2906
171 3002
171 3180
171 3308
171 3614
171 3963
171 4134
171 4514
172 439
172 1416
172 2732
172 2759
172 3208
172 3454
172 3458
172 3598
172 3752
172 4059
172 4282
172 4299
172 4340
172 4380
172 4989
173 418
173 1154
173 1293
173 1560
173 1632
173 1883
173 1918
173 2227
173 2838
173 3144
173 3487
173 3896
173 3951
173 4019
173 4125
173 4227
173 4269
173 4570
173 4611
173 4878
174 420
174 1060
174 1114
174 1432
174 1468
174 1864
174 2005
174 3003
174 3052
174 3076
174 3086
174 3092
174 3497
174 3543
174 3604
174 4138
174 4452
174 4524
174 4680
174 4865
174 4895
175 590
175 988
175 1069
175 2155
175 2698
175 2868
175 2999
175 3105
175 3298
175 3503
175 3519
175 3692
175 4059
175 4189
175 4720
175 4757
175 4818
175 4870
176 364
176 663
176 1043
176 1573
176 1659
176 1706
176 2113
176 2216
176 2684
176 3249
176 3441
176 3666
176 3898
176 3956
176 4148
176 4960
176 4976
177 261
177 294
177 856
177 1889
177 2175
177 2309
177 2810
177 2938
177 3009
177 3058
177 3508
177 4240
177 4287
177 4436
177 4917
178 303
178 647
178 949
178 1076
178 1350
178 2427
178 2644
178 3273
178 3835
178 4133
178 4199
178 4400
178 4701
179 496
179 778
179 942
179 1405
179 1409
179 2296
179 2434
179 2953
179 4202
179 4960
180 630
180 830
180 1794
180 2061
180 2498
180 3359
180 3758
180 3771
180 3949
180 4385
180 4435
180 4719
180 4783
181 237
181 1026
181 1061
181 1465
181 1608
181 2194
181 2516
181 2534
181 2985
181 3329
181 3569
181 3888
181 4135
181 4270
181 4764
181 4870
182 380
182 577
182 922
182 2160
182 2251
182 2600
182 2743
182 2910
182 2937
182 3831
182 3863
182 3865
182 3914
182 4013
182 4534
182 4581
182 4759
182 4789
182 4818
183 247
183 307
183 355
183 1096
183 1116
183 1174
183 1436
183 1877
183 2477
183 3550
183 3667
183 4000
183 4276
183 4518
183 4606
183 4823
183 4945
184 980
184 1177
184 1197
184 1553
184 2141
184 2554
184 2960
184 3026
184 3248
184 3300
184 3748
184 4749
184 4877
185 1017
185 1226
185 1245
185 1474
185 1737
185 2006
185 2153
185 2703
185 2746
185 2933
185 2956
185 3104
185 3213
185 3609
185 4187
185 4464
185 4727
186 477
186 1391
186 1398
186 2088
186 2892
186 2985
186 3068
186 3123
186 3667
186 3850
186 3987
186 4155
186 4466
186 4642
186 4913
187 198
187 685
187 801
187 1391
187 1499
187 2294
187 2365
187 2717
187 2718
187 2723
187 3051
187 3526
187 3987
187 4205
187 4262
187 4586
187 4598
187 4611
187 4873
188 614
188 1035
188 1067
188 1646
188 2298
188 3209
188 3463
188 3600
188 4531
188 4696
188 4918
189 350
189 417
189 448
189 757
189 1136
189 1914
189 2593
189 2690
189 2912
189 4457
189 4495
189 4562
189 4594
189 4785
189 4929
189 4969
190 256
190 330
190 618
190 1712
190 1749
190 2283
190 2432
190 2438
190 3486
190 3676
190 4182
190 4242
190 4544
190 4574
190 4982
191 358
191 716
191 899
191 1277
191 1476
191 1572
191 1715
191 2114
191 2417
191 2575
191 3028
191 3571
191 4338
191 4449
191 4531
191 4653
192 229
192 539
192 763
192 1325
192 1678
192 1753
192 2001
192 2131
192 2816
192 2841
192 3551
192 3914
192 4072
192 4318
192 4626
192 4720
192 4774
193 247
193 451
193 1115
193 1138
193 1172
193 1391
193 1683
193 1689
193 1727
193 2034
193 2485
193 2489
193 2558
193 2596
193 3018
193 3133
193 3306
193 3403
193 3504
193 3512
193 3682
193 3911
193 4425
193 4990
194 327
194 483
194 683
194 777
194 831
194 1121
194 1590
194 2473
194 2802
194 2824
194 2830
194 3425
194 4203
194 4332
194 4575
194 4713
194 4969
195 377
195 497
195 834
195 1363
195 1600
195 1732
195 1795
195 2015
195 2476
195 2497
195 2876
195 3185
195 3494
195 3547
195 3753
195 3944
195 4077
195 4455
195 4591
195 4680
195 4864
195 4908
196 212
196 989
196 1064
196 1223
196 1239
196 1400
196 2901
196 3050
196 3901
196 4263
197 331
197 2176
197 2439
197 2488
197 3734
197 4401
197 4965
198 806
198 879
198 1124
198 1525
198 1650
198 1785
198 1880
198 2535
198 2695
198 2865
198 3227
198 3299
198 3425
198 4009
198 4049
198 4803
199 1335
199 1438
199 2017
199 2363
199 2485
199 2983
199 3804
199 3811
199 4606
199 4999
200 245
200 258
200 385
200 523
200 587
200 1258
200 2568
200 2608
200 2781
200 2891
200 2992
200 3315
200 3462
200 4148
200 4327
201 288
201 391
201 916
201 964
201 1035
201 1188
201 1213
201 1642
201 1695
201 1758
201 1806
201 1860
201 2061
201 2266
201 2521
201 2676
201 2680
201 2699
201 3338
201 3390
201 3785
201 4157
201 4817
201 4905
201 4987
202 622
202 1004
202 1188
202 2119
202 2756
202 2787
202 2881
202 3137
202 4087
202 4365
202 4466
202 4521
202 4526
203 265
203 280
203 517
203 641
203 997
203 1318
203 1374
203 1641
203 2603
203 3343
203 3444
203 3737
203 3850
203 4288
203 4445
204 456
204 460
204 528
204 689
204 1045
204 1402
204 1850
204 2018
204 2309
204 2441
204 2638
204 2900
204 4235
204 4272
204 4336
204 4492
204 4924
205 316
205 401
205 502
205 1391
205 1803
205 2133
205 2992
205 3045
205 3203
205 3243
205 3291
205 3311
205 4396
205 4893
206 646
206 989
206 1603
206 1847
206 1851
206 2356
206 2638
206 3092
206 3427
206 3676
206 3731
206 4164
206 4616
206 4800
206 4944
207 1121
207 1236
207 1646
207 1670
207 2284
207 2706
207 2745
207 3267
207 3673
207 3930
207 4186
207 4277
207 4871
208 230
208 339
208 525
208 618
208 685
208 920
208 1165
208 1398
208 1611
208 1780
208 1998
208 2044
208 2148
208 2400
208 2676
208 3087
208 3755
208 3927
208 4113
208 4220
208 4389
208 4787
209 619
209 773
209 987
209 1055
209 1070
209 1513
209 1791
209 2043
209 2438
209 2516
209 2517
209 2805
209 3533
209 3547
209 3739
209 4362
209 4396
209 4803
209 4949
210 803
210 811
210 852
210 975
210 1090
210 1371
210 1850
210 1864
210 2745
210 2855
210 3300
210 3603
210 3699
210 3713
210 3945
210 4366
210 4369
210 4543
211 249
211 293
211 824
211 1048
211 1985
211 2097
211 2267
211 3181
211 4131
211 4268
211 4302
211 4796
212 213
212 826
212 892
212 1003
212 1057
212 1462
212 1515
212 1689
212 1864
212 1962
212 2688
212 3322
212 3361
212 3616
212 4510
212 4513
212 4525
212 4632
212 4812
212 4824
212 4848
213 272
213 616
213 640
213 875
213 994
213 1010
213 1207
213 2091
213 2407
213 3444
213 3628
213 3757
213 4082
213 4883
213 4992
214 599
214 800
214 959
214 1295
214 2271
214 2404
214 2500
214 2575
214 2896
214 3211
214 3503
214 3592
214 3656
214 3695
214 3885
214 3945
214 4379
214 4562
214 4689
214 4809
214 4824
215 442
215 483
215 879
215 1236
215 1400
215 1556
215 1639
215 1640
215 2700
215 2775
215 2838
215 3124
215 3295
215 3878
215 4219
215 4264
215 4307
215 4746
215 4910
215 4912
216 1361
216 1549
216 1649
216 2023
216 2383
216 2427
216 2471
216 2620
216 3077
216 3386
216 3429
216 3512
216 3818
216 3858
216 4083
217 498
217 648
217 872
217 1280
217 1887
217 2004
217 2335
217 2706
217 2905
217 3170
217 4048
218 247
218 393
218 480
218 702
218 1089
218 1340
218 2415
218 2521
218 3422
218 3476
218 3861
218 4206
218 4786
219 230
219 693
219 835
219 995
219 1058
219 1133
219 1229
219 1577
219 1832
219 2440
219 2701
219 3184
219 3377
219 3711
219 3968
219 4250
219 4292
219 4372
219 4849
220 353
220 954
220 1244
220 1345
220 2596
220 3677
220 3694
220 4046
220 4175
221 233
221 540
221 735
221 1461
221 2118
221 2824
221 2872
221 3063
221 3286
221 3490
221 4552
221 4947
222 1150
222 1346
222 1503
222 1531
222 2283
222 3349
222 3522
222 3802
222 3807
222 3963
222 4058
222 4323
222 4385
222 4513
222 4876
223 316
223 1155
223 1171
223 1298
223 1481
223 1586
223 2489
223 2516
223 2758
223 3064
223 3782
224 541
224 621
224 677
224 886
224 1015
224 1272
224 1329
224 2041
224 2234
224 2239
224 3498
224 3935
224 4016
224 4378
225 730
225 1012
225 1169
225 2629
225 4053
225 4142
225 4382
225 4466
225 4494
225 4745
226 305
226 336
226 710
226 1356
226 1500
226 1876
226 1889
226 2602
226 2781
226 2920
226 3785
226 3904
226 3980
226 4223
226 4397
227 737
227 899
227 1956
227 2000
227 2041
227 2522
227 2566
227 3318
227 3634
227 4063
228 1099
228 1222
228 1371
228 1488
228 1798
228 1809
228 2047
228 2077
228 2103
228 2444
228 2531
228 2661
228 3084
228 3767
228 4153
228 4257
228 4370
228 4742
228 4761
228 4851
229 1447
229 1547
229 1549
229 1717
229 1964
229 2881
229 3231
229 3589
229 4185
229 4400
230 275
230 374
230 475
230 505
230 532
230 1370
230 1691
230 1984
230 2299
230 2395
230 2700
230 2761
230 2975
230 3465
230 4281
230 4742
230 4954
231 364
231 606
231 827
231 1062
231 1357
231 1405
231 2276
231 2348
231 2414
231 2842
231 3668
231 3894
231 4223
231 4740
232 600
232 676
232 737
232 1424
232 1884
232 2245
232 2832
232 3133
232 4426
232 4514
232 4687
232 4939
232 4992
233 631
233 1047
233 1287
233 1331
233 1443
233 1675
233 1972
233 2119
233 2171
233 2359
233 2445
233 2546
233 2725
233 2820
233 2879
233 3192
233 3276
233 4486
234 436
234 815
234 955
234 1077
234 1104
234 1237
234 1765
234 2038
234 2257
234 2449
234 2511
234 2808
234 3027
234 3564
235 1044
235 2328
235 2519
235 2720
235 3066
235 3203
235 3406
235 3670
235 3783
235 3860
235 4087
235 4097
236 314
236 963
236 1013
236 1246
236 1354
236 1894
236 2274
236 2305
236 2313
236 2529
236 2563
236 3046
236 3585
236 3900
236 4095
236 4119
236 4130
236 4370
237 395
237 822
237 916
237 1973
237 2278
237 2473
237 2915
237 3878
237 3896
237 4431
237 4472
237 4876
237 4993
237 4994
238 554
238 2063
238 2278
238 2361
238 2679
238 2732
238 2984
238 3472
238 3675
238 3972
238 4890
238 4957
239 934
239 1638
239 2756
239 3008
239 3158
239 3362
239 3920
240 865
240 1820
240 1830
240 2286
240 2958
240 3195
240 3259
240 3501
240 3915
240 3972
240 4683
241 362
241 657
241 808
241 910
241 1593
241 1663
241 2453
241 2951
241 2976
241 2978
241 3157
241 3325
241 3374
241 4075
241 4145
242 701
242 963
242 1020
242 1276
242 1853
242 2009
242 2179
242 2212
242 2558
242 2694
242 2806
242 2897
242 3405
242 3925
242 4089
242 4168
242 4224
242 4611
242 4829
243 417
243 521
243 560
243 1044
243 2022
243 2498
243 2788
243 2813
243 3475
243 4146
243 4298
243 4334
243 4353
243 4847
243 4990
244 970
244 1003
244 1193
244 2100
244 2444
244 2475
244 2481
244 3043
244 3107
244 3821
244 3891
244 4199
244 4248
244 4438
244 4506
244 4817
244 4930
245 391
245 488
245 1093
245 1673
245 2480
245 2525
245 2860
245 2927
245 2935
245 3241
245 3427
245 3697
245 4359
245 4741
246 493
246 969
246 1524
246 1591
246 2276
246 2820
246 2865
246 3435
246 3437
246 3560
246 3726
246 3968
246 4074
246 4227
246 4433
246 4514
246 4691
246 4811
247 591
247 862
247 1514
247 1832
247 2101
247 3429
247 3982
247 4046
247 4240
248 455
248 771
248 1256
248 1685
248 2525
248 2660
248 2671
248 2813
248 3008
248 3441
248 3476
248 3658
248 3701
248 3938
248 4042
248 4434
248 4446
248 4817
248 4928
249 369
249 394
249 836
249 847
249 1454
249 1875
249 2798
249 2956
249 2987
249 3053
249 3143
249 3405
249 3574
249 3727
249 3791
249 3842
249 3966
249 3985
250 522
250 1343
250 1358
250 1667
250 1702
250 2055
250 2454
250 2773
250 4206
250 4261
250 4315
250 4539
250 4621
250 4727
251 447
251 455
251 652
251 744
251 913
251 1019
251 1170
251 1430
251 1436
251 1775
251 2225
251 3002
251 3156
251 3222
251 3697
251 3808
252 674
252 765
252 1340
252 1368
252 1455
252 1810
252 2090
252 2573
252 3027
252 3039
252 3141
252 3205
252 3751
252 3775
252 3935
252 4131
252 4308
252 4375
252 4404
252 4783
253 638
253 690
253 1431
253 1799
253 1969
253 2068
253 2169
253 2747
253 2991
253 3196
253 3264
253 3400
253 3404
253 3425
253 3589
253 3881
253 4767
254 576
254 880
254 967
254 1175
254 1562
254 2028
254 2145
254 3051
254 3053
254 3538
254 4063
254 4288
254 4600
254 4613
254 4724
254 4792
255 287
255 1060
255 1877
255 2879
255 4329
255 4480
255 4542
255 4544
255 4903
256 1298
256 1728
256 2390
256 2620
256 2665
256 2752
256 2804
256 3034
256 3149
256 3519
256 4207
256 4209
257 757
257 1084
257 1594
257 1674
257 1680
257 2010
257 2106
257 2292
257 2401
257 2747
257 3517
257 3524
257 3634
258 421
258 1071
258 1114
258 1125
258 1263
258 1393
258 1776
258 1887
258 1952
258 2049
258 2096
258 2360
258 2450
258 2530
258 2532
258 2861
258 3147
258 3187
258 3347
258 3607
258 3968
258 4043
258 4060
258 4144
258 4731
258 4959
259 606
259 704
259 867
259 1351
259 1812
259 1842
259 2204
259 2377
259 3038
259 3044
259 3285
259 3783
259 4228
259 4435
259 4497
259 4635
259 4841
260 282
260 397
260 2683
260 2804
260 3105
260 3107
260 3234
260 3309
260 3945
260 4000
260 4173
260 4233
260 4466
260 4833
260 4991
261 977
261 1365
261 1702
261 1838
261 2902
261 2981
261 3252
261 3416
261 3493
261 3927
261 4094
261 4219
261 4343
261 4569
261 4601
261 4726
261 4843
261 4976
262 1394
262 1453
262 2161
262 2528
262 2666
262 2673
262 2908
262 3126
262 3309
262 3402
262 3659
262 3751
262 3912
262 4382
262 4805
262 4850
263 443
263 638
263 831
263 1051
263 1098
263 1229
263 1331
263 1854
263 1868
263 2159
263 2218
263 2371
263 3170
263 3605
263 3716
263 3922
263 4126
263 4422
263 4833
263 4929
264 446
264 676
264 687
264 699
264 2605
264 3356
264 3468
264 3655
264 4266
264 4375
264 4436
264 4666
264 4916
265 468
265 1075
265 1411
265 1447
265 1732
265 2118
265 2288
265 2424
265 2468
265 2558
265 2926
265 3265
265 3349
265 4574
266 609
266 726
266 1745
266 2041
266 3040
266 3409
266 3486
266 3619
266 3842
266 3969
266 4131
266 4318
267 485
267 550
267 581
267 1199
267 2021
267 2075
267 2305
267 2489
267 2821
267 3048
267 3204
267 3330
267 3734
267 4092
267 4206
267 4330
267 4400
267 4591
267 4675
268 379
268 773
268 1144
268 1529
268 1758
268 1930
268 2137
268 2372
268 2460
268 2857
268 3562
269 320
269 325
269 498
269 542
269 1332
269 1758
269 1860
269 2023
269 2367
269 2377
269 3072
269 3581
269 3593
269 3657
269 4348
270 316
270 425
270 557
270 905
270 1321
270 1377
270 1559
270 1629
270 1724
270 1789
270 2344
270 2385
270 2621
270 2744
270 2898
270 3018
270 3474
270 4328
270 4441
270 4877
271 369
271 390
271 855
271 905
271 1140
271 1261
271 1660
271 1815
271 1965
271 2930
271 3113
271 3135
271 3190
271 3256
271 3530
271 3793
271 3827
271 3915
271 3937
271 4917
272 336
272 738
272 1368
272 1484
272 1555
272 2004
272 2007
272 2311
272 2493
272 2512
272 2564
272 2712
272 3140
272 3372
272 3568
272 3654
272 3978
272 4258
272 4339
272 4358
272 4617
272 4627
272 4865
273 290
273 466
273 610
273 766
273 805
273 836
273 2045
273 2062
273 2399
273 2406
273 2444
273 2920
273 3693
273 3876
273 4376
274 787
274 900
274 1075
274 1104
274 1566
274 1593
274 1998
274 2006
274 2210
274 2668
274 3079
274 3363
274 3383
274 4217
274 4501
274 4801
274 4998
275 745
275 756
275 1029
275 1299
275 1490
275 1814
275 1908
275 2030
275 2669
275 2701
275 2805
275 2850
275 2873
275 3057
275 3326
275 3392
275 3396
275 3413
275 3996
275 4094
275 4341
275 4541
275 4743
276 447
276 931
276 1101
276 1134
276 1674
276 2000
276 2444
276 2482
276 2487
276 2825
276 3029
276 3128
276 3136
276 3971
276 4211
276 4331
276 4801
277 662
277 764
277 769
277 778
277 826
277 856
277 920
277 2372
277 2416
277 4152
277 4467
277 4550
278 805
278 888
278 1152
278 1371
278 2058
278 2189
278 2261
278 2731
278 2910
278 3060
278 4164
278 4536
279 791
279 1394
279 1451
279 1852
279 2236
279 2554
279 3427
279 3862
279 4173
279 4269
280 967
280 1850
280 2584
280 2829
280 2890
280 2951
280 3085
280 3193
280 3584
280 3591
280 3811
280 4321
280 4741
280 4791
281 905
281 1144
281 1746
281 1851
281 1899
281 1972
281 2593
281 2678
281 2754
281 3593
281 3873
281 3965
281 4099
281 4365
281 4435
282 392
282 396
282 636
282 797
282 800
282 948
282 1380
282 1700
282 1794
282 1890
282 2440
282 3288
282 3681
282 4509
282 4817
283 377
283 938
283 1034
283 1196
283 1264
283 2207
283 3011
283 3114
283 3524
283 4043
283 4128
283 4748
283 4910
283 4977
284 380
284 579
284 1123
284 1869
284 1964
284 2113
284 2178
284 2579
284 2687
284 2810
284 3221
284 3591
284 3809
284 4236
284 4289
284 4388
284 4667
285 357
285 420
285 993
285 1517
285 1561
285 2494
285 2767
285 2982
285 3300
285 4051
285 4161
285 4489
285 4498
285 4559
286 493
286 905
286 991
286 1606
286 1866
286 1970
286 2204
286 2378
286 2397
286 3243
286 3358
286 3536
286 4097
286 4312
286 4325
287 401
287 733
287 918
287 1671
287 2019
287 2103
287 2366
287 2411
287 2833
287 3252
287 3438
287 3775
287 3806
287 3876
287 3968
287 4309
287 4346
287 4348
288 629
288 892
288 1399
288 1450
288 1873
288 2127
288 2295
288 2813
288 3010
288 3058
288 3108
288 4558
288 4827
289 391
289 696
289 699
289 900
289 933
289 1079
289 1143
289 1190
289 1299
289 2268
289 2299
289 2328
289 2379
289 3012
289 3208
289 3330
289 3941
289 4617
289 4728
289 4853
289 4876
289 4993
290 614
290 810
290 1161
290 1191
290 1497
290 1618
290 1894
290 2357
290 3286
290 3676
290 3905
290 4085
290 4466
290 4505
290 4860
291 327
291 364
291 382
291 1752
291 2240
291 2408
291 2551
291 2623
291 3432
291 3669
291 3788
291 4152
291 4431
291 4809
292 331
292 402
292 1303
292 1329
292 1351
292 1417
292 1459
292 1598
292 2019
292 2400
292 2676
292 2871
292 2960
292 2981
292 3156
292 3488
292 3613
292 3748
292 3814
292 3890
292 4053
292 4195
292 4258
292 4498
292 4755
293 1071
293 1416
293 1506
293 2629
293 2832
293 3247
293 3338
293 3422
293 3581
293 3856
293 4282
293 4415
293 4607
294 1068
294 1321
294 2307
294 2397
294 2530
294 2579
294 2580
294 2608
294 3403
294 3439
294 3593
294 3742
294 3820
294 4136
294 4300
294 4522
294 4908
295 573
295 1302
295 1534
295 2576
295 3083
295 3213
295 3676
295 3897
295 4009
295 4162
295 4791
296 579
296 620
296 630
296 683
296 753
296 872
296 1018
296 1335
296 1775
296 2239
296 3290
296 3315
296 3645
296 3762
296 3979
296 4092
296 4532
296 4546
297 299
297 834
297 909
297 928
297 1590
297 1713
297 2485
297 2571
297 3435
297 3755
297 4258
297 4771
297 4937
298 969
298 1298
298 1446
298 1460
298 1633
298 2679
298 2906
298 3544
298 3950
298 4080
298 4143
298 4780
299 509
299 814
299 1074
299 1704
299 1803
299 3196
299 3665
299 3820
299 4157
299 4500
300 382
300 558
300 831
300 1232
300 1691
300 1839
300 1926
300 1992
300 2206
300 2466
300 2676
300 2706
300 2713
300 2786
300 2814
300 3359
300 3381
300 4184
300 4621
300 4913
301 513
301 1301
301 1731
301 1883
301 2029
301 2344
301 3364
301 3750
301 3760
301 3816
301 4196
302 911
302 1324
302 1419
302 1507
302 1536
302 2126
302 2600
302 3352
302 3694
302 4381
302 4912
302 4932
303 324
303 840
303 902
303 1434
303 2427
303 2688
303 3289
303 3443
303 3882
303 3917
303 4170
303 4765
303 4788
303 4819
303 4888
303 4893
304 449
304 513
304 521
304 558
304 2083
304 2333
304 2418
304 2980
304 3702
304 3753
304 3983
304 4124
304 4144
304 4910
304 4988
305 836
305 1124
305 1393
305 1778
305 1918
305 2051
305 2468
305 2668
305 2900
305 3130
305 3651
305 4054
305 4058
305 4205
305 4303
305 4507
305 4517
305 4585
306 532
306 1037
306 1175
306 1497
306 1969
306 2325
306 2420
306 2431
306 2695
306 3609
306 3808
306 3890
306 3918
306 3955
306 4044
306 4867
307 452
307 480
307 604
307 1388
307 1397
307 1408
307 1973
307 2182
307 2205
307 2374
307 2532
307 2978
307 3440
307 3562
307 3855
307 4103
307 4286
307 4610
307 4932
307 4966
308 960
308 1472
308 1676
308 1716
308 1806
308 2247
308 2775
308 3502
308 3664
308 4244
308 4703
308 4845
309 598
309 1028
309 1253
309 1306
309 1372
309 1750
309 2138
309 2899
309 3694
309 3917
309 4634
309 4826
310 324
310 440
310 488
310 552
310 808
310 854
310 1137
310 1387
310 1740
310 2356
310 2695
310 2708
310 2982
310 3207
310 4792
311 377
311 711
311 908
311 1071
311 1230
311 1298
311 1507
311 1882
311 1944
311 1970
311 2003
311 2684
311 3636
311 3955
311 4605
311 4758
312 568
312 1365
312 1372
312 1841
312 2037
312 3095
312 3219
312 3603
312 4746
312 4756
312 4858
313 556
313 1590
313 1909
313 2330
313 2482
313 2511
313 2885
313 2922
313 2985
313 3246
313 3690
313 3797
313 4136
313 4431
313 4677
313 4708
314 481
314 706
314 715
314 2903
314 3043
314 3123
314 3215
314 4297
314 4304
314 4410
314 4526
315 606
315 666
315 1146
315 1253
315 1322
315 1491
315 1495
315 2016
315 3006
315 3344
315 3980
315 4142
315 4663
315 4706
315 4818
316 559
316 708
316 1394
316 2155
316 3106
316 3395
316 3401
316 3423
316 3464
316 3546
316 3591
316 3916
316 4246
316 4475
316 4504
317 398
317 533
317 783
317 863
317 1022
317 1094
317 1274
317 1358
317 1484
317 1760
317 1769
317 2989
317 3709
317 3823
317 4093
317 4228
317 4273
317 4280
317 4392
317 4407
317 4841
317 4867
318 364
318 1683
318 1752
318 1825
318 1831
318 2274
318 2470
318 2895
318 3737
318 4058
318 4118
318 4615
318 4980
319 567
319 715
319 958
319 1241
319 2051
319 2096
319 2799
319 2822
319 2988
319 3101
319 3161
319 3563
319 3640
319 3818
319 3957
319 4035
320 365
320 518
320 603
320 648
320 743
320 1069
320 1441
320 1592
320 1819
320 2389
320 2403
320 2992
320 3004
320 3142
320 3270
320 3347
320 3532
320 3701
320 3732
320 4014
320 4125
320 4677
320 4708
321 422
321 786
321 994
321 1356
321 1377
321 1708
321 1900
321 2655
321 3932
321 4130
321 4202
321 4391
321 4594
322 559
322 833
322 1290
322 1776
322 1886
322 2119
322 3093
322 3545
322 3670
322 3724
322 3850
323 342
323 405
323 521
323 577
323 1492
323 1685
323 1830
323 2236
323 2319
323 2751
323 3056
323 3165
323 3322
323 3707
323 3828
323 3906
323 4689
323 4951
324 431
324 627
324 1159
324 1613
324 1796
324 2201
324 2301
324 2871
324 2903
324 2978
324 3020
324 3063
324 3064
324 3405
324 3685
324 3726
324 4619
324 4715
325 811
325 1022
325 1329
325 2189
325 3254
325 3343
325 3384
325 3399
325 3886
325 4353
325 4365
325 4413
325 4691
326 527
326 629
326 685
326 1025
326 1587
326 1896
326 2029
326 2050
326 2102
326 2192
326 2281
326 2380
326 2676
326 3116
326 3806
326 4459
326 4717
326 4841
327 444
327 750
327 878
327 1385
327 2016
327 2068
327 2705
327 2773
327 2956
327 3010
327 3328
327 3374
327 3571
327 3841
327 3881
327 4161
327 4205
327 4287
328 683
328 861
328 865
328 934
328 1446
328 1831
328 1965
328 2431
328 2453
328 3183
328 3385
328 4093
328 4131
328 4544
328 4809
329 418
329 760
329 1482
329 1831
329 2602
329 2652
329 2890
329 3011
329 3397
329 4289
329 4972
330 484
330 1078
330 1084
330 1343
330 1974
330 2186
330 2230
330 2441
330 2616
330 3231
330 3266
330 3435
330 3993
330 4346
330 4554
330 4945
331 2274
331 2462
331 2543
331 2745
331 3768
331 3907
331 4162
331 4240
331 4668
331 4728
332 930
332 953
332 1168
332 1997
332 2603
332 2790
332 2815
332 2911
332 3156
332 3224
332 3537
332 3812
332 3825
332 3866
332 4581
332 4791
332 4971
333 562
333 568
333 916
333 954
333 1314
333 2414
333 2699
333 2744
333 2911
333 3423
333 4292
333 4795
334 574
334 710
334 975
334 1026
334 1378
334 1397
334 1913
334 2608
334 2811
334 2919
334 3193
334 3829
334 4707
335 388
335 847
335 1099
335 1949
335 1968
335 2040
335 2270
335 2527
335 2575
335 2590
335 2781
335 2824
335 2894
335 3099
335 3265
335 3316
335 3868
335 4490
335 4546
335 4774
335 4944
336 455
336 650
336 680
336 1587
336 2166
336 2623
336 3096
336 3154
336 3870
336 4143
336 4166
336 4256
336 4715
336 4816
336 4831
337 693
337 875
337 1228
337 1553
337 2871
337 2996
337 3187
337 3338
337 3686
337 3793
337 4608
337 4978
338 350
338 1138
338 1275
338 1495
338 1935
338 1942
338 2289
338 2596
338 3968
338 4564
338 4615
339 462
339 632
339 997
339 1419
339 1467
339 1594
339 1880
339 2085
339 2418
339 2533
339 2674
339 3022
339 3160
339 3386
339 3416
339 3498
339 3867
339 3934
339 4440
340 503
340 1072
340 1618
340 2130
340 2205
340 3406
340 3509
340 3515
340 3539
340 3753
340 4294
340 4732
341 459
341 772
341 1270
341 1510
341 1600
341 1792
341 2395
341 2485
341 2995
341 3126
341 3264
341 3353
341 3685
341 3757
341 3861
341 4228
341 4310
341 4385
341 4737
341 4824
341 4945
342 948
342 960
342 2329
342 2583
342 2604
342 2634
342 2837
342 2853
342 2867
342 3536
342 4304
342 4453
343 409
343 802
343 1300
343 1439
343 1642
343 1660
343 1696
343 2479
343 2625
343 3070
343 3087
343 4061
343 4093
343 4107
343 4812
344 433
344 449
344 714
344 1089
344 1701
344 2236
344 2438
344 2602
344 2795
344 3000
344 3270
344 3472
344 4002
344 4427
344 4489
344 4502
344 4740
345 441
345 724
345 1509
345 1875
345 2049
345 2508
345 2753
345 3136
345 3323
345 3490
345 3683
345 4136
345 4256
345 4629
346 415
346 506
346 1615
346 2330
346 2875
346 2893
346 2936
346 3081
346 3709
346 4364
347 1773
347 1847
347 1991
347 2063
347 2076
347 2083
347 2225
347 2434
347 2493
347 2534
347 2562
347 2757
347 2861
347 3055
347 4076
347 4512
347 4651
347 4868
348 422
348 1226
348 1283
348 1515
348 1551
348 2383
348 2416
348 2731
348 3337
348 3580
348 3679
348 3721
348 3977
348 4112
348 4174
349 600
349 821
349 934
349 947
349 1343
349 1356
349 1441
349 1459
349 2332
349 2467
349 2595
349 3544
349 3762
349 4045
349 4127
349 4716
349 4797
350 473
350 1489
350 2398
350 2832
350 2841
350 3388
350 3732
350 4177
350 4590
350 4714
350 4824
350 4877
350 4909
350 4930
351 474
351 477
351 684
351 997
351 1085
351 1371
351 1470
351 1986
351 2254
351 2362
351 2595
351 2703
351 2757
351 2800
351 2904
351 3534
351 3762
351 4009
351 4223
351 4254
351 4707
351 4965
352 571
352 1190
352 1314
352 1458
352 1822
352 1862
352 2020
352 2190
352 2385
352 2412
352 2991
352 3047
352 3390
352 3512
352 3964
352 4290
353 574
353 1242
353 1425
353 1777
353 1957
353 2342
353 2432
353 2925
353 3427
353 3456
353 3795
353 4215
353 4374
353 4625
353 4725
353 4823
354 457
354 942
354 944
354 1410
354 1837
354 1941
354 1985
354 2145
354 2367
354 2562
354 2921
354 3846
354 4515
354 4856
355 456
355 1428
355 1635
355 1715
355 1959
355 2106
355 2702
355 2851
355 2929
355 2948
355 3167
355 3176
355 3781
355 3803
355 4054
355 4101
355 4134
356 571
356 1300
356 1416
356 1886
356 1975
356 2007
356 2417
356 2456
356 3517
356 3559
356 3609
356 3757
356 4783
357 665
357 945
357 1336
357 1388
357 1718
357 2260
357 2345
357 2385
357 2773
357 3259
357 3670
357 3987
357 4231
357 4265
357 4603
357 4977
358 616
358 1110
358 1239
358 1532
358 1722
358 1736
358 1813
358 1907
358 1965
358 2144
358 2406
358 2593
358 2802
358 2932
358 3071
358 3534
358 3635
358 3639
358 3972
358 4063
358 4105
358 4271
358 4316
358 4399
359 503
359 615
359 847
359 927
359 987
359 1061
359 1174
359 2085
359 2526
359 2718
359 2729
359 3288
359 3813
359 3877
359 4056
359 4262
359 4346
359 4845
359 4906
360 390
360 497
360 503
360 530
360 2068
360 2610
360 2656
360 2663
360 3115
360 3233
360 3313
360 3956
360 4129
360 4565
360 4640
361 1525
361 1653
361 1692
361 2066
361 2071
361 2875
362 463
362 1185
362 1249
362 1289
362 1472
362 1516
362 1629
362 1724
362 1957
362 2608
362 4382
362 4463
362 4624
362 4681
363 901
363 934
363 1447
363 1607
363 1813
363 1887
363 1958
363 2090
363 2219
363 2460
363 2802
363 3373
363 3747
363 3800
363 3833
363 3987
363 4129
363 4691
363 4910
364 371
364 780
364 1372
364 1822
364 2125
364 2139
364 2689
364 3364
364 3381
364 4481
364 4844
365 539
365 889
365 1469
365 1885
365 3108
365 3191
365 3212
365 3290
365 3677
365 4120
365 4178
365 4702
366 517
366 1006
366 1187
366 1395
366 2175
366 2331
366 3051
366 3391
367 537
367 734
367 1671
367 2098
367 2171
367 2458
367 2756
367 3081
367 3688
367 3962
367 4190
367 4588
367 4678
367 4932
367 4970
368 749
368 770
368 811
368 850
368 880
368 1390
368 2081
368 2515
368 2755
368 2838
368 3031
368 4456
369 1479
369 1719
369 1834
369 2059
369 2633
369 2720
369 2876
369 3213
369 3219
369 3831
369 4135
369 4147
369 4361
369 4949
370 719
370 774
370 1467
370 1724
370 1925
370 2202
370 2304
370 2690
370 2825
370 2914
370 2984
370 3032
370 3858
370 3923
370 4310
370 4876
371 471
371 988
371 1426
371 1626
371 2073
371 2493
371 2703
371 3601
371 3632
371 3792
371 4153
371 4656
372 1553
372 1573
372 1701
372 2283
372 2360
372 2368
372 2375
372 2872
372 3016
372 3355
372 3701
372 4021
372 4741
373 474
373 918
373 1203
373 1318
373 2784
373 2963
373 3244
373 3485
373 3736
373 4628
373 4897
373 4968
374 386
374 805
374 996
374 1057
374 1282
374 1425
374 1598
374 1840
374 2239
374 3350
374 3848
374 4107
374 4347
374 4518
375 441
375 483
375 1228
375 1396
375 1422
375 2317
375 2996
375 3175
375 3192
375 3364
375 4070
375 4242
376 631
376 760
376 826
376 1505
376 1582
376 1594
376 1770
376 2087
376 2116
376 2511
376 2776
376 2869
376 2987
376 3749
376 3856
376 4247
376 4659
376 4697
376 4754
376 4799
377 845
377 947
377 1125
377 1398
377 2102
377 2527
377 2599
377 2798
377 2874
377 2877
377 2942
377 3301
377 3457
377 3498
378 660
378 1516
378 1550
378 1569
378 1811
378 2300
378 2559
378 2677
378 3244
378 3359
378 3571
378 3630
378 3923
378 4293
378 4294
378 4751
379 645
379 789
379 1070
379 1308
379 1790
379 1799
379 2020
379 2056
379 2382
379 2750
379 3147
379 3188
379 3319
379 3625
379 3871
379 4377
380 527
380 1068
380 1181
380 1910
380 2260
380 2500
380 3061
380 3424
380 3607
380 3946
380 4472
381 997
381 1269
381 1444
381 2052
381 2134
381 2301
381 2330
381 2419
381 2482
381 2762
381 2782
381 2956
381 3608
381 4064
381 4932
382 691
382 1043
382 1346
382 1707
382 1731
382 3015
383 781
383 850
383 945
383 1734
383 1986
383 2419
383 2519
383 2675
383 2715
383 3113
383 3443
383 3469
383 3824
383 3841
383 3905
383 3971
383 4253
383 4374
383 4841
384 387
384 605
384 653
384 1208
384 1572
384 2338
384 2513
384 2662
384 2979
384 4862
384 4909
385 521
385 1004
385 1090
385 1234
385 1465
385 1549
385 1577
385 1780
385 1990
385 2850
385 3410
385 3486
385 3761
385 4134
385 4228
385 4444
385 4657
385 4771
385 4844
386 405
386 977
386 1230
386 1368
386 1505
386 1724
386 2016
386 2065
386 3926
386 4737
386 4738
386 4943
387 800
387 1168
387 2302
387 2362
387 2383
387 2721
387 3321
387 3389
387 3620
387 4180
387 4988
388 711
388 828
388 1036
388 1166
388 2199
388 2224
388 2735
388 3162
388 3969
388 4622
388 4652
388 4873
389 713
389 777
389 831
389 864
389 1258
389 1434
389 1739
389 2109
389 2172
389 2302
389 2611
389 2834
389 3233
389 3341
389 3361
389 3603
389 3993
389 4735
389 4873
389 4877
390 478
390 542
390 869
390 1213
390 1449
390 1560
390 2168
390 2220
390 2475
390 3042
390 3944
390 3993
390 4113
390 4124
390 4836
390 4933
391 497
391 514
391 892
391 1020
391 1145
391 1347
391 1502
391 2099
391 2561
391 2831
391 3088
391 3224
391 3401
391 3774
391 3851
391 4177
391 4221
391 4238
392 1022
392 1128
392 1334
392 1486
392 1746
392 2358
392 2452
392 3856
392 3908
392 4049
392 4278
392 4282
392 4327
392 4562
393 496
393 536
393 1521
393 1574
393 1666
393 2065
393 2094
393 2222
393 3151
393 3310
393 4169
393 4217
393 4284
393 4375
393 4390
393 4798
393 4950
394 728
394 1041
394 1111
394 1375
394 1551
394 3087
394 4255
394 4610
395 1162
395 2326
395 3893
395 3905
395 3937
395 4072
395 4247
395 4716
395 4848
396 1135
396 1945
396 2076
396 2645
396 2734
396 2837
396 3009
396 3254
396 3436
396 3602
396 3673
396 4014
397 488
397 854
397 874
397 887
397 949
397 1545
397 1669
397 2479
397 2592
397 2876
397 3061
397 3482
397 3561
397 3664
397 3809
397 3967
397 4624
397 4802
397 4815
397 4926
398 886
398 1115
398 1377
398 1470
398 1840
398 2049
398 2295
398 2944
398 3117
398 3250
398 3368
398 3570
398 3943
398 4075
399 550
399 1016
399 1125
399 1133
399 1171
399 2445
399 2477
399 3411
399 3636
399 3844
399 3970
399 4394
399 4652
399 4685
399 4807
400 598
400 687
400 961
400 1405
400 1410
400 1582
400 2495
400 3765
400 3837
400 3964
400 4309
400 4325
401 795
401 867
401 980
401 1121
401 1211
401 1393
401 1842
401 1969
401 2311
401 2801
401 2994
401 3047
401 3169
401 3318
401 4063
401 4326
401 4731
402 941
402 971
402 1329
402 1651
402 1689
402 1960
402 2306
402 2337
402 2698
402 3089
402 3374
402 3417
402 4158
402 4167
402 4208
402 4240
402 4395
402 4510
402 4650
402 4676
402 4939
402 4987
403 447
403 483
403 536
403 1116
403 1660
403 1744
403 1809
403 2000
403 2825
403 3055
403 3602
403 3963
403 4308
403 4753
404 589
404 645
404 841
404 1053
404 1427
404 1587
404 1617
404 1771
404 2172
404 2377
404 2483
404 2497
404 2687
404 2810
404 2815
404 3003
404 3103
404 3530
404 3605
404 3847
404 4259
404 4512
404 4928
405 484
405 756
405 1975
405 1994
405 2220
405 2438
405 2520
405 2555
405 3268
405 3772
405 4560
405 4849
406 558
406 635
406 779
406 1128
406 1309
406 1989
406 2255
406 2271
406 2377
406 2555
406 3047
406 3143
406 3344
406 3459
406 4021
406 4155
406 4183
406 4229
406 4900
407 1122
407 1281
407 1694
407 2314
407 2412
407 2576
407 2732
407 2768
407 2835
407 3359
407 3455
407 3505
407 3573
407 3908
407 4005
408 515
408 921
408 1064
408 1932
408 1945
408 2249
408 3230
408 3383
408 3865
408 3956
408 4417
409 817
409 863
409 887
409 1017
409 1204
409 2237
409 2285
409 2660
409 2725
409 2885
409 2985
409 3132
409 3507
409 3693
409 3715
409 3866
409 4027
409 4971
410 1003
410 1223
410 1531
410 1921
410 2113
410 2383
410 2937
410 3682
410 4059
410 4747
410 4758
411 441
411 635
411 1071
411 1815
411 1926
411 2312
411 2692
411 2865
411 2922
411 3041
411 3299
411 3361
411 3787
411 4014
411 4234
411 4396
411 4412
411 4646
411 4838
412 466
412 534
412 678
412 862
412 948
412 1052
412 1255
412 1316
412 1425
412 1543
412 2085
412 2221
412 2246
412 2437
412 2954
412 3842
412 4004
412 4170
412 4473
412 4591
412 4828
412 4975
413 996
413 1191
413 1346
413 1398
413 1683
413 1978
413 2111
413 2284
413 2461
413 3116
413 3443
413 3567
413 3783
413 3982
413 4329
413 4560
413 4933
414 430
414 543
414 844
414 1105
414 1468
414 1658
414 2562
414 3785
414 3828
414 3876
414 3946
414 3994
415 501
415 625
415 777
415 1455
415 1590
415 1854
415 2038
415 2193
415 2317
415 2539
415 2930
415 3629
415 3648
415 3787
415 3895
415 4081
415 4235
416 909
416 1258
416 1407
416 1955
416 2212
416 2257
416 2302
416 2339
416 2911
416 3028
416 3586
416 3856
416 3883
416 4051
416 4196
416 4217
416 4503
416 4547
416 4581
417 589
417 1705
417 2080
417 2098
417 2617
417 2928
417 3270
417 3677
417 3865
417 3928
417 3973
417 4058
417 4161
417 4261
417 4415
417 4491
417 4601
417 4701
417 4843
417 4846
418 465
418 469
418 947
418 963
418 1116
418 1469
418 1665
418 1716
418 2233
418 2367
418 2396
418 2826
418 3971
418 4175
418 4323
418 4356
418 4762
419 1071
419 1527
419 1956
419 1969
419 2247
419 2328
419 2368
419 2611
419 2629
419 3125
419 3452
419 3607
419 4390
419 4934
420 474
420 484
420 977
420 1175
420 1239
420 1401
420 1431
420 1486
420 1697
420 1943
420 2004
420 2463
420 2519
420 2801
420 2885
420 3150
420 3334
420 3723
420 4028
420 4041
420 4098
420 4584
421 806
421 976
421 1229
421 1552
421 2066
421 2476
421 2552
421 2754
421 3400
421 3605
421 3671
421 3824
421 4576
421 4665
422 1052
422 1478
422 2181
422 4670
422 4769
422 4860
423 432
423 548
423 788
423 868
423 1423
423 2095
423 2204
423 2439
423 2939
423 3210
423 3611
423 4487
424 838
424 2936
424 2937
424 3745
424 4277
424 4334
424 4559
424 4670
424 4750
424 4794
424 4806
424 4992
425 609
425 706
425 857
425 868
425 1307
425 2227
425 2531
425 2652
425 2777
425 2961
425 3433
425 3762
425 3931
425 4991
426 838
426 1195
426 1550
426 1663
426 1764
426 1896
426 2014
426 2161
426 2570
426 3791
426 4050
426 4684
427 678
427 1368
427 1422
427 1607
427 1991
427 2293
427 2776
427 2863
427 3507
427 3564
427 4025
427 4524
427 4533
427 4664
427 4797
427 4832
427 4834
427 4944
428 460
428 546
428 781
428 1081
428 1491
428 1642
428 2252
428 2725
428 4074
429 945
429 1302
429 1320
429 1458
429 1509
429 2005
429 2090
429 2629
429 2721
429 2941
429 4052
429 4137
429 4346
429 4702
430 466
430 577
430 586
430 959
430 1449
430 2192
430 2296
430 2315
430 2330
430 2626
430 2762
430 2973
430 3082
430 3244
430 4228
430 4354
431 578
431 1059
431 1066
431 1457
431 1600
431 1736
431 2285
431 2336
431 2349
431 3967
431 4534
431 4536
431 4926
431 4974
432 2004
432 2711
432 2930
432 3857
432 4475
432 4839
433 564
433 762
433 1237
433 1474
433 1649
433 1837
433 2809
433 2945
433 2989
433 3439
433 3510
433 4112
433 4470
433 4552
433 4872
434 641
434 724
434 802
434 1062
434 1463
434 1773
434 2079
434 3117
434 3137
434 3184
434 3419
434 3576
434 4302
434 4457
434 4727
434 4856
435 513
435 1336
435 1394
435 1673
435 1751
435 2139
435 2445
435 2803
435 2821
435 2903
435 3181
435 3543
435 3554
435 3731
435 4333
435 4637
436 573
436 578
436 750
436 803
436 1173
436 1609
436 1744
436 2315
436 2463
436 2748
436 3458
436 3652
436 3869
436 3915
436 4126
436 4271
436 4537
436 4763
437 536
437 540
437 817
437 836
437 852
437 1086
437 1089
437 1591
437 1880
437 1972
437 2211
437 2355
437 2695
437 2702
437 3048
437 3164
437 3526
437 3686
437 3928
437 3929
437 3969
437 4118
437 4222
437 4356
437 4488
437 4696
437 4773
438 487
438 639
438 2123
438 2227
438 2462
438 2609
438 2852
438 3302
438 3349
438 3480
438 3697
438 4274
439 506
439 675
439 808
439 1137
439 1210
439 1275
439 1467
439 1472
439 2093
439 2256
439 2361
439 3231
439 3364
439 3736
439 3743
439 3995
439 4831
440 987
440 1021
440 1126
440 1255
440 1344
440 1439
440 1734
440 1885
440 2272
440 2392
440 2533
440 2866
440 3752
440 3767
440 3777
440 4057
440 4355
441 446
441 732
441 828
441 1179
441 1300
441 1751
441 2014
441 2155
441 2593
441 2724
441 3336
441 3731
441 3770
442 526
442 730
442 1549
442 1562
442 1855
442 2023
442 2311
442 2324
442 2764
442 3065
442 3351
443 1001
443 1062
443 1107
443 1122
443 2138
443 3260
443 3427
443 3599
443 3857
443 4120
443 4139
443 4173
443 4619
444 548
444 647
444 1560
444 1701
444 2158
444 2215
444 2862
444 2936
444 3154
444 3167
444 3231
444 3512
444 3920
444 3984
444 3993
444 4065
444 4764
445 524
445 561
445 1436
445 1472
445 1520
445 1782
445 1851
445 2290
445 2344
445 2615
445 2691
445 2847
445 3126
445 3289
445 4215
445 4507
445 4545
446 680
446 747
446 829
446 1016
446 1370
446 1582
446 1662
446 1729
446 3107
446 3381
446 3976
446 4031
446 4167
446 4382
446 4590
446 4605
446 4672
446 4840
447 502
447 723
447 1009
447 1564
447 1663
447 2058
447 2900
447 3264
447 3485
447 3998
447 4105
447 4127
447 4522
447 4658
448 552
448 1143
448 1226
448 1360
448 1701
448 1808
448 2160
448 3316
448 3767
448 4097
448 4661
449 807
449 1014
449 1062
449 1773
449 1858
449 1966
449 2129
449 2315
449 2598
449 2784
449 2994
449 3117
449 3439
449 3973
449 4398
449 4888
450 636
450 1151
450 1378
450 1559
450 1576
450 2607
450 3395
450 4597
451 1444
451 1453
451 1483
451 1584
451 1977
451 2161
451 2673
451 2825
451 3352
451 3956
451 4479
452 573
452 658
452 958
452 2010
452 2656
452 2822
452 3177
452 3547
452 3557
452 3645
452 3771
452 3820
452 4318
452 4827
452 4985
453 927
453 1678
453 1733
453 1974
453 1982
453 2299
453 2365
453 2991
453 3015
453 3255
453 3486
453 4069
453 4110
453 4142
453 4214
453 4292
453 4996
454 503
454 670
454 783
454 1353
454 1821
454 2161
454 2351
454 2742
454 3339
454 4367
454 4628
454 4698
454 4784
455 520
455 991
455 1510
455 2307
455 2614
455 3435
456 769
456 945
456 1298
456 1392
456 1511
456 1627
456 1872
456 2264
456 2317
456 2333
456 3559
456 3985
456 4037
456 4910
457 651
457 938
457 1677
457 1795
457 2198
457 2247
457 2741
457 2877
457 2884
457 3069
457 3321
457 4466
458 580
458 769
458 1273
458 2061
458 3276
458 3539
458 3560
458 4712
458 4786
458 4791
458 4988
459 1504
459 1557
459 1651
459 1859
459 2010
459 2404
459 2689
459 2804
459 2814
459 2884
459 3971
459 3976
459 4084
459 4174
459 4264
459 4367
459 4553
459 4824
460 569
460 649
460 765
460 837
460 1050
460 1069
460 1553
460 1997
460 2498
460 2753
460 3580
460 3861
460 4389
460 4435
460 4458
460 4522
460 4535
460 4848
461 730
461 844
461 1709
461 1840
461 2603
461 2740
461 2953
461 3784
461 3785
461 4207
461 4530
462 518
462 577
462 1261
462 2157
462 2316
462 2343
462 2441
462 2463
462 2632
462 2826
462 3000
462 3296
462 3559
462 3984
462 4957
462 4984
463 567
463 724
463 928
463 1423
463 2510
463 3210
463 3772
463 4035
463 4170
463 4280
463 4811
464 1527
464 1958
464 2063
464 2926
464 3216
464 3819
464 4466
464 4485
465 831
465 1142
465 1782
465 1913
465 2344
465 2506
465 2733
465 2940
465 3333
465 3404
465 3751
465 3966
465 4105
465 4463
465 4739
465 4786
466 959
466 1126
466 1275
466 2016
466 2109
466 2240
466 2299
466 2547
466 2653
466 2986
466 4807
466 4929
466 4961
467 476
467 677
467 729
467 829
467 892
467 1035
467 1177
467 1444
467 1553
467 2816
467 3124
467 3178
467 3217
467 3660
467 3710
467 3951
467 4584
467 4596
467 4635
467 4859
467 4940
467 4985
468 519
468 652
468 847
468 1136
468 1579
468 2084
468 2291
468 2416
468 2743
468 3266
468 3532
468 3946
468 3949
468 4938
468 4967
469 979
469 1725
469 1909
469 1942
469 2329
469 2426
469 2886
469 2904
469 3067
469 3977
469 4365
469 4904
470 590
470 642
470 898
470 1301
470 1342
470 1778
470 1928
470 2009
470 2588
470 2964
470 3027
470 3428
470 3567
470 3672
470 3832
470 4179
470 4329
470 4762
471 652
471 1275
471 1459
471 1784
471 2583
471 2903
471 3571
471 3788
471 4111
471 4196
471 4954
472 855
472 1114
472 1430
472 2037
472 2041
472 2059
472 2076
472 2397
472 2636
472 2669
472 2774
472 2845
472 3054
472 3144
472 3784
472 3834
472 4194
472 4302
472 4464
472 4710
473 783
473 1072
473 1409
473 1748
473 2052
473 2397
473 4656
473 4796
474 498
474 1005
474 1513
474 1515
474 1809
474 1877
474 2308
474 2647
474 2734
474 2761
474 3440
475 797
475 1039
475 1514
475 2545
475 2734
475 2946
475 3170
475 3299
475 3458
475 3668
475 3703
475 3820
475 4003
475 4139
475 4159
475 4465
475 4539
475 4930
476 702
476 749
476 2034
476 2433
476 2648
476 2920
476 3002
476 4161
476 4190
476 4676
476 4915
476 4991
477 646
477 1019
477 1741
477 1882
477 1979
477 2070
477 2240
477 2791
477 2875
477 2964
477 4171
477 4489
477 4888
477 4953
477 4976
478 836
478 2200
478 2215
478 2548
478 2721
478 2922
478 2960
478 3353
478 3556
478 3616
478 3776
478 3896
478 4279
478 4403
478 4627
479 872
479 1048
479 1578
479 1738
479 1752
479 1777
479 1935
479 2058
479 2219
479 2339
479 2497
479 2819
479 2909
479 3151
479 3490
479 4329
479 4735
480 670
480 965
480 1313
480 1731
480 2725
480 2855
480 2919
480 3203
480 3649
480 3698
480 3912
480 4062
480 4733
480 4913
481 543
481 651
481 702
481 1436
481 1699
481 2475
481 2774
481 2859
481 3310
481 3605
481 3989
481 4348
481 4529
481 4602
482 569
482 1339
482 1511
482 1701
482 2603
482 2983
482 3317
482 3496
482 3759
482 4063
482 4068
482 4345
482 4521
482 4655
482 4720
482 4903
483 873
483 2543
483 2697
483 2770
483 3069
483 3760
483 3934
483 3994
483 4647
483 4863
483 4937
484 636
484 738
484 1146
484 1242
484 1289
484 1485
484 1754
484 1875
484 2036
484 3555
484 3634
484 3811
484 4239
484 4548
485 584
485 1185
485 1635
485 1759
485 1900
485 2007
485 2400
485 3013
485 3038
485 3145
485 3255
485 3327
485 3544
485 3866
485 4822
486 1139
486 2520
486 2729
486 2951
486 3457
486 4052
486 4371
486 4395
486 4628
486 4742
487 702
487 978
487 1434
487 2014
487 2018
487 2850
487 2868
487 3000
487 3312
487 3347
487 3624
487 4104
487 4666
488 524
488 618
488 954
488 1137
488 1155
488 1467
488 1689
488 1825
488 1968
488 2221
488 2835
488 2935
488 3031
488 3324
488 4319
488 4936
489 725
489 1259
489 1518
489 1684
489 2319
489 2789
489 2826
489 3055
489 3504
489 4341
490 546
490 684
490 712
490 1002
490 1030
490 2092
490 2204
490 2459
490 3529
490 3613
490 3739
490 3870
490 3880
490 4053
490 4289
490 4452
490 4465
490 4687
490 4861
491 749
491 775
491 849
491 987
491 1864
491 2031
491 2203
491 2568
491 2848
491 3053
491 3076
491 3200
491 3206
491 3268
491 3383
491 3730
491 3899
491 4359
491 4533
491 4573
491 4833
492 494
492 795
492 920
492 1416
492 1445
492 1531
492 1763
492 1972
492 2401
492 2687
492 3120
492 3164
492 3394
492 3520
492 4193
492 4506
493 673
493 976
493 993
493 1036
493 1237
493 1973
493 2235
493 2679
493 2781
493 3099
493 3405
493 3611
493 4299
493 4567
494 893
494 975
494 1708
494 1869
494 1993
494 2179
494 2375
494 2694
494 3037
494 4067
494 4616
494 4801
494 4912
495 1055
495 1514
495 2039
495 2096
495 2138
495 2178
495 2231
495 2232
495 2310
495 2707
495 3124
495 3174
495 3423
495 3834
495 3982
495 4006
495 4166
496 918
496 974
496 1064
496 1617
496 1792
496 3544
496 3902
497 514
497 781
497 950
497 1383
497 1427
497 1589
497 1981
497 2591
497 2809
497 2989
497 4328
497 4892
498 625
498 667
498 931
498 1037
498 2134
498 2616
498 2623
498 3727
498 3908
498 3993
498 4107
498 4159
498 4234
498 4358
498 4596
498 4859
498 4977
499 910
499 925
499 985
499 1476
499 1620
499 1709
499 1766
499 1829
499 2876
499 4376
499 4391
499 4395
500 1051
500 1064
500 1213
500 1527
500 2536
500 2693
500 3475
500 3637
500 3741
500 4024
500 4227
500 4561
500 4989
500 4994
501 868
501 1920
501 1936
501 1978
501 2243
501 2260
501 2360
501 3092
501 3799
501 4209
501 4314
501 4831
502 538
502 1056
502 1682
502 1893
502 2008
502 2124
502 2189
502 2547
502 2675
502 3388
502 3506
502 3685
502 4111
502 4303
503 1197
503 1836
503 2686
503 2835
503 3123
503 3162
503 3219
503 3606
503 3733
503 3881
503 4090
503 4118
503 4286
504 1010
504 1069
504 1367
504 1688
504 1744
504 1905
504 2392
504 2568
504 2705
504 3328
504 3349
504 3492
504 3632
504 3737
504 4582
504 4708
504 4790
504 4907
505 996
505 1028
505 1150
505 2046
505 2209
505 2270
505 2413
505 2627
505 2654
505 3220
505 3343
505 4004
505 4536
505 4613
505 4791
505 4813
506 515
506 627
506 2326
506 2959
506 3155
506 3318
506 3444
506 3522
506 3545
506 4047
506 4678
506 4720
506 4985
507 621
507 767
507 1070
507 1106
507 1608
507 2151
507 2166
507 2188
507 2584
507 2652
507 3094
507 3680
507 4348
507 4516
507 4895
508 1092
508 1166
508 1411
508 1511
508 2428
508 2675
508 2815
508 3258
508 3630
508 3723
508 4095
508 4339
508 4395
508 4688
508 4781
509 556
509 561
509 674
509 748
509 827
509 1215
509 1382
509 2072
509 2101
509 2188
509 2254
509 2605
509 2914
509 3470
509 3799
509 3882
509 4037
509 4899
510 565
510 1033
510 1785
510 1951
510 1985
510 2469
510 2592
510 2702
510 2745
510 3103
510 3350
510 3519
510 3590
510 4721
510 4962
511 1516
511 1654
511 2514
511 2637
511 2968
511 3058
511 3202
511 3870
511 3937
511 3940
511 4198
511 4473
511 4587
511 4609
511 4676
512 574
512 746
512 906
512 1175
512 1260
512 1546
512 1944
512 2004
512 2011
512 2619
512 2676
512 2691
512 3524
512 3584
512 3898
512 4337
512 4495
512 4972
513 838
513 886
513 945
513 2167
513 2625
513 3937
513 4166
514 877
514 1272
514 2001
514 2236
514 2577
514 2653
514 2702
514 2983
514 3112
514 3659
514 4047
514 4140
514 4886
515 689
515 883
515 899
515 1026
515 1711
515 1744
515 1825
515 1866
515 3016
515 3459
515 3818
515 3843
515 4640
515 4848
516 610
516 927
516 1586
516 1681
516 2189
516 2371
516 2606
516 2844
516 3020
516 3792
516 4404
516 4439
517 1658
517 1825
517 2061
517 2306
517 2331
517 2353
517 2555
517 2626
517 2832
517 3331
517 3436
517 3483
517 3579
517 3906
517 4516
517 4543
518 752
518 1146
518 1675
518 2135
518 2344
518 2445
518 2549
518 2592
518 3286
518 3308
518 3464
518 3949
518 4094
518 4232
518 4249
519 923
519 1918
519 2016
519 2981
519 3146
519 3429
519 3602
519 3800
519 3815
519 4182
519 4326
519 4399
519 4681
519 4936
520 1563
520 2070
520 2119
520 2176
520 2185
520 2214
520 2854
520 3282
520 3748
520 3843
520 4296
520 4331
521 632
521 687
521 828
521 1917
521 2302
521 2360
521 2773
521 3290
521 3313
521 3669
521 4370
521 4448
522 672
522 1527
522 1624
522 2165
522 2352
522 2603
522 3179
522 4665
522 4678
523 789
523 1094
523 1407
523 2073
523 2185
523 2281
523 2733
523 2821
523 3020
523 3197
523 3395
523 3733
523 3885
523 4419
523 4685
524 608
524 683
524 911
524 948
524 983
524 1209
524 1515
524 1557
524 2407
524 3068
524 4444
525 577
525 803
525 944
525 1438
525 1509
525 1706
525 2377
525 2846
525 3011
525 3813
525 4628
526 709
526 874
526 1111
526 1345
526 1564
526 1685
526 1847
526 2066
526 2196
526 2532
526 2616
526 3183
526 3191
526 3655
526 3989
527 1505
527 1654
527 2327
527 2377
527 2388
527 2394
527 3091
527 3814
527 4119
527 4260
527 4265
527 4363
528 641
528 1379
528 1571
528 1703
528 1722
528 2019
528 2286
528 2767
528 2934
528 3011
528 3035
528 3222
528 3279
528 3353
528 3474
528 3698
528 4044
528 4527
528 4801
529 875
529 971
529 1197
529 1725
529 1811
529 1981
529 3296
529 3391
529 3596
529 4108
529 4204
529 4230
529 4256
529 4269
529 4366
529 4400
529 4940
530 1174
530 1275
530 1432
530 1503
530 1881
530 2511
530 2595
530 2822
530 3392
530 3415
530 3494
530 3780
530 3795
530 4930
530 4953
531 931
531 1202
531 1405
531 2594
531 3241
531 3331
531 4075
531 4126
531 4260
531 4386
531 4746
531 4779
531 4862
532 1130
532 1465
532 1877
532 1942
532 2009
532 2293
532 2330
532 2490
532 2509
532 2587
532 3322
532 4060
532 4148
532 4545
533 788
533 817
533 903
533 1088
533 1478
533 1557
533 1643
533 2010
533 2252
533 2721
533 3013
533 3155
533 3233
533 3410
533 3656
533 3996
533 4193
533 4365
533 4459
534 796
534 888
534 1031
534 1228
534 1239
534 2743
534 2786
534 3267
534 3636
534 4297
534 4415
534 4523
534 4675
534 4859
534 4999
535 891
535 964
535 1151
535 1452
535 2095
535 2354
535 2462
535 2998
535 3035
535 3180
535 3195
535 4200
535 4255
535 4283
536 785
536 797
536 2209
536 2358
536 2454
536 2828
536 4244
537 605
537 1371
537 1764
537 1968
537 2289
537 2614
537 2917
537 3813
537 4084
537 4370
537 4621
537 4919
538 687
538 1450
538 1526
538 2375
538 2494
538 2869
538 2973
538 4038
538 4060
538 4217
539 638
539 733
539 1109
539 1454
539 2028
539 2175
539 2213
539 2219
539 2361
539 2542
539 4345
539 4608
539 4639
539 4648
539 4966
540 1013
540 1357
540 1608
540 1652
540 1770
540 1807
540 1905
540 2265
540 2321
540 2401
540 2730
540 2893
540 2941
540 3332
540 3405
540 3660
540 3744
540 4449
540 4454
540 4620
540 4636
540 4715
540 4747
541 907
541 1139
541 1192
541 2631
541 2683
541 2693
541 2800
541 4612
541 4763
542 1062
542 1156
542 1345
542 1456
542 2403
542 2736
542 2892
542 3146
542 3246
542 3337
542 3593
542 3809
542 4202
542 4400
542 4954
543 674
543 809
543 859
543 1988
543 2244
543 2287
543 2722
543 2785
543 2987
543 3028
543 3702
543 3993
543 4240
543 4330
543 4398
543 4519
543 4663
544 911
544 1506
544 1681
544 1708
544 2172
544 2567
544 2705
544 3183
544 3199
544 3481
544 3755
544 4573
545 547
545 778
545 849
545 1001
545 1344
545 1630
545 1899
545 1988
545 2081
545 2331
545 2456
545 2465
545 2712
545 4225
545 4272
545 4308
545 4426
545 4758
545 4870
546 692
546 1185
546 1222
546 2001
546 2209
546 2254
546 2713
546 2991
546 3031
546 3496
546 3614
546 4129
546 4544
546 4610
546 4633
546 4955
547 821
547 1153
547 1481
547 1535
547 1845
547 1907
547 1980
547 2173
547 2260
547 3246
547 4143
547 4853
548 999
548 1536
548 1795
548 2127
548 2322
548 2689
548 2744
548 2903
548 3229
548 3273
548 3366
548 3843
548 3921
548 4340
548 4390
548 4561
548 4996
549 1090
549 1315
549 1699
549 1952
549 2088
549 2112
549 2143
549 2293
549 2677
549 2690
549 2757
549 3093
549 3366
549 3728
549 4056
549 4358
549 4654
549 4831
550 672
550 738
550 1172
550 1281
550 1587
550 1819
550 2218
550 2726
550 2808
550 3224
550 3228
550 3261
550 3493
550 3655
550 3788
550 3891
550 4160
550 4295
550 4326
550 4513
550 4606
550 4621
550 4913
551 736
551 901
551 983
551 1106
551 1280
551 1447
551 1555
551 1681
551 2105
551 2291
551 2869
551 3193
551 3689
551 3863
551 4054
551 4256
551 4517
551 4569
551 4875
551 4961
552 1474
552 1561
552 1669
552 1916
552 2456
552 2700
552 2948
552 3082
552 3275
552 3299
552 3412
552 3496
552 4257
552 4783
553 756
553 1569
553 1922
553 1980
553 2017
553 2178
553 2503
553 2529
553 2701
553 3166
553 3463
553 3818
553 3900
553 3978
553 4011
553 4102
553 4392
553 4624
554 727
554 1071
554 1192
554 1477
554 2433
554 3091
554 3162
554 3360
554 3640
554 4162
554 4362
554 4603
555 651
555 810
555 1043
555 1467
555 1470
555 2306
555 2563
555 2858
555 2884
555 3678
555 3876
555 4099
555 4197
555 4436
555 4588
555 4899
555 4928
556 730
556 1138
556 1445
556 3003
556 3562
556 3591
556 3839
556 4083
556 4187
556 4346
556 4455
556 4518
557 624
557 1027
557 1350
557 1412
557 2101
557 2242
557 2578
557 2802
557 2838
557 3075
557 3279
557 3906
557 4329
558 871
558 1058
558 1299
558 1334
558 1432
558 1601
558 1714
558 2061
558 2077
558 2168
558 2437
558 2802
558 2974
558 3272
558 3436
558 3629
558 3643
558 4428
558 4484
558 4664
559 1266
559 1419
559 1537
559 1555
559 1568
559 1810
559 1834
559 3176
559 3342
559 3773
559 3949
559 3962
559 4213
559 4220
559 4251
559 4664
559 4892
560 656
560 856
560 973
560 1310
560 1369
560 1950
560 2149
560 2317
560 2356
560 2563
560 2588
560 2781
560 2988
560 3114
560 3119
560 3308
560 3432
560 4058
560 4410
560 4846
561 916
561 2162
561 2432
561 2903
561 2952
561 2998
561 3001
561 3446
561 4223
561 4795
562 1222
562 2254
562 2900
562 3279
562 3315
562 3343
562 3788
562 3986
562 4147
562 4238
562 4609
562 4745
562 4765
563 617
563 845
563 1328
563 1644
563 1691
563 2038
563 2259
563 2968
563 3306
563 3316
563 3889
563 4140
563 4943
564 699
564 814
564 908
564 956
564 1954
564 2056
564 2131
564 2338
564 2374
564 2585
564 3510
564 3777
564 3980
564 4000
564 4587
565 616
565 660
565 1098
565 1563
565 1856
565 2254
565 2436
565 2750
565 2788
565 3126
565 3319
565 3429
565 3465
565 4322
565 4382
565 4733
566 830
566 1478
566 2862
566 2888
566 3257
566 3919
566 4770
567 1002
567 1272
567 1301
567 1359
567 1791
567 1941
567 2275
567 2463
567 3337
567 3368
567 3679
567 3995
567 4735
568 1554
568 1644
568 2081
568 2106
568 2256
568 2302
568 2808
568 3302
568 3551
568 3643
568 3735
568 3962
568 4177
568 4593
568 4633
568 4713
569 676
569 687
569 1023
569 1664
569 2140
569 2377
569 2568
569 3015
569 3241
569 4192
569 4385
570 575
570 1182
570 1198
570 1369
570 1444
570 1954
570 2867
570 4026
570 4130
570 4570
570 4595
571 658
571 675
571 733
571 1190
571 1240
571 2198
571 2636
571 2673
571 3307
571 3459
571 4322
571 4362
571 4805
571 4812
572 1077
572 1339
572 1347
572 1351
572 2169
572 2399
572 2738
572 2830
572 2963
572 3397
572 3850
572 4306
572 4935
573 742
573 921
573 1389
573 1705
573 2244
573 2654
573 2814
573 2953
573 3814
573 3926
573 4110
573 4788
574 675
574 718
574 719
574 1203
574 1290
574 1441
574 1916
574 2028
574 2125
574 2751
574 3307
574 3390
574 4251
574 4472
574 4737
575 701
575 1055
575 1490
575 1690
575 1741
575 1789
575 2013
575 2081
575 2097
575 2413
575 2691
575 3008
575 3273
575 3457
575 3580
575 3716
575 4158
575 4426
575 4937
576 805
576 1274
576 1321
576 1570
576 1768
576 2560
576 2683
576 3287
576 3288
576 4083
576 4375
577 814
577 887
577 894
577 1059
577 1415
577 1439
577 1820
577 2464
577 3001
577 3096
577 4046
577 4197
577 4224
577 4821
578 1030
578 1468
578 1847
578 1908
578 2028
578 2218
578 2268
578 2292
578 2850
578 2900
578 3567
578 3838
578 3950
578 3953
578 3963
578 3989
578 4575
579 611
579 1720
579 1789
579 1853
579 2244
579 3380
579 3988
579 4401
579 4527
579 4537
579 4659
579 4958
579 4993
580 804
580 1052
580 1424
580 1841
580 1988
580 2051
580 2143
580 2856
580 2864
580 3181
580 3210
580 3317
580 3365
580 3489
580 3792
580 4795
581 1549
581 1682
581 2279
581 2643
581 2961
581 3153
581 3246
581 3445
581 3659
581 3916
581 4904
582 700
582 979
582 1454
582 2656
582 2787
582 2869
582 2931
582 2969
582 3087
582 3094
582 3236
582 3346
582 3398
582 3775
582 3925
582 4367
582 4647
582 4702
583 797
583 837
583 843
583 1436
583 1742
583 1811
583 2017
583 2028
583 2187
583 2235
583 2307
583 3059
583 3542
583 3719
583 3736
583 3872
583 3890
583 3951
583 4027
583 4273
583 4480
583 4893
584 611
584 752
584 1085
584 2271
584 2411
584 3936
584 4543
584 4561
584 4829
585 1608
585 2057
585 2206
585 2544
585 3097
585 3281
585 3539
585 3575
585 4411
586 1434
586 1496
586 1504
586 1950
586 2016
586 2350
586 2524
586 2664
586 2746
586 2967
586 3179
586 3255
586 3294
586 3382
586 3868
586 4080
586 4938
587 604
587 645
587 688
587 773
587 1590
587 1654
587 2233
587 2811
587 2833
587 3027
587 3069
587 3220
587 3823
587 3871
587 3972
587 4127
587 4802
588 1047
588 1161
588 1287
588 1951
588 2620
588 3279
588 3740
588 3746
588 4082
588 4122
588 4274
589 694
589 1302
589 1561
589 2051
589 2175
589 2909
589 3035
589 3432
589 3753
589 4598
589 4951
590 714
590 755
590 838
590 1257
590 1378
590 1663
590 1679
590 1728
590 3690
590 3867
590 4755
590 4760
591 856
591 923
591 1053
591 1524
591 1644
591 1687
591 1744
591 2827
591 2973
591 3439
591 3694
591 4195
591 4546
591 4639
592 1688
592 1758
592 2042
592 2105
592 2315
592 2436
592 2569
592 2630
592 2698
592 3384
592 3491
592 3754
592 4041
592 4204
592 4357
592 4578
593 1542
593 2249
593 2579
593 2604
593 2939
593 4008
593 4081
593 4121
593 4860
593 4925
594 2099
594 2354
594 2946
594 2978
594 3041
594 3280
594 3805
594 4046
594 4460
594 4671
594 4676
594 4689
594 4723
594 4733
595 870
595 984
595 1564
595 1670
595 1864
595 1939
595 2458
595 2478
595 2543
595 2611
595 2875
595 2955
595 3142
595 3174
595 3413
595 3634
595 3762
595 3779
595 3889
595 3895
595 3919
595 4351
595 4557
596 672
596 880
596 1786
596 2009
596 2058
596 2148
596 2149
596 2492
596 2537
596 2800
596 2956
596 3600
596 3960
596 4245
596 4248
596 4379
597 1483
597 1536
597 1604
597 1787
597 2050
597 2720
597 2865
597 2921
597 3473
597 3635
597 3780
597 3814
597 4222
597 4565
598 907
598 1460
598 1528
598 1610
598 1900
598 2203
598 2477
598 2523
598 2585
598 2830
598 2912
598 3393
598 3831
598 3985
598 4194
598 4393
599 1623
599 1910
599 2359
599 2494
599 3064
599 3067
599 3219
599 3562
599 3726
599 3814
599 4132
600 1098
600 1549
600 1699
600 1921
600 2097
600 2244
600 2832
600 3456
600 3527
600 3708
600 3807
600 3871
600 3953
600 4242
600 4371
601 1041
601 1046
601 1151
601 1218
601 1275
601 1469
601 1650
601 2539
601 3193
601 4405
601 4587
602 617
602 794
602 963
602 1395
602 1415
602 1976
602 2371
602 2952
602 3239
602 3391
602 3422
602 3452
602 3471
602 3674
602 3752
602 4070
602 4160
602 4271
602 4839
603 948
603 1002
603 2122
603 2163
603 2413
603 3202
603 3706
603 4275
603 4543
603 4611
603 4700
604 694
604 967
604 991
604 1344
604 1363
604 1426
604 1728
604 1749
604 1891
604 2347
604 2468
604 2673
604 3123
604 3557
604 3569
604 3888
604 3935
604 3991
604 4092
604 4106
604 4255
604 4472
605 1074
605 1250
605 1373
605 1847
605 2154
605 2724
605 3037
605 3090
605 3399
605 3714
605 4494
606 1144
606 1313
606 1478
606 1521
606 1841
606 2064
606 2373
606 2429
606 2696
606 3302
606 3425
606 3591
606 4003
606 4011
606 4044
606 4192
606 4432
606 4436
606 4564
606 4690
606 4821
606 4909
607 712
607 749
607 1056
607 1565
607 1605
607 2069
607 2218
607 2849
607 3267
607 3424
607 4135
607 4322
607 4418
607 4845
608 814
608 1066
608 1130
608 1918
608 1928
608 2409
608 2703
608 2921
608 3049
608 3182
608 3283
608 3521
608 3567
608 4148
608 4295
608 4395
608 4508
609 612
609 779
609 810
609 969
609 1027
609 1072
609 1910
609 2589
609 2637
609 3707
609 4138
609 4337
609 4338
609 4720
609 4992
609 4996
610 817
610 1019
610 1403
610 1694
610 1844
610 1991
610 2095
610 2146
610 2251
610 2742
610 2889
610 2902
610 3060
610 3534
610 3667
610 3703
610 3786
610 3816
610 4543
610 4634
611 662
611 699
611 1340
611 1413
611 2199
611 2512
611 2744
611 3107
611 3290
611 3871
611 3879
611 4230
611 4702
611 4709
612 1001
612 1617
612 1801
612 2012
612 2156
612 2556
612 2716
612 3022
612 3061
612 3339
612 3592
612 4194
612 4601
613 1677
613 1934
613 2224
613 2575
613 3015
613 3135
613 3538
613 3701
613 3723
613 3910
613 3913
613 3985
613 4010
613 4046
613 4164
613 4295
613 4507
614 862
614 1603
614 1743
614 1970
614 2154
614 2326
614 2328
614 2435
614 2436
614 2539
614 2593
614 2702
614 3200
614 3316
614 3810
614 3855
614 4224
615 1561
615 1838
615 1874
615 2390
615 2546
615 2629
615 2786
615 2794
615 3098
615 3198
615 3359
615 3375
615 3461
615 3874
615 4220
615 4222
615 4913
616 708
616 1691
616 2267
616 2707
616 3083
616 3115
616 3245
616 3781
616 4092
616 4222
616 4311
616 4334
616 4471
617 815
617 1112
617 1441
617 1659
617 1763
617 2142
617 2397
617 3135
617 3269
617 3328
617 3535
617 3869
617 4132
617 4669
618 685
618 722
618 883
618 948
618 1305
618 2495
618 2596
618 2764
618 2830
618 2866
618 3006
618 3367
618 3821
618 3876
618 4075
618 4269
618 4762
618 4806
619 880
619 1606
619 1614
619 1834
619 1879
619 2133
619 2610
619 3090
619 3419
619 3582
619 4336
619 4452
619 4687
620 737
620 799
620 1110
620 2214
620 2679
620 2816
620 2876
620 2955
620 2971
620 2993
620 3106
621 1582
621 2099
621 2154
621 2237
621 2383
621 2539
621 2583
621 2892
621 3973
621 4370
621 4405
621 4518
622 740
622 820
622 989
622 1685
622 1780
622 2160
622 2505
622 2816
622 2848
622 2894
622 3212
622 3313
622 3605
622 3659
623 1294
623 1334
623 1711
623 1913
623 2852
623 3259
623 3547
623 3768
623 4050
623 4665
623 4963
624 1481
624 1611
624 1942
624 2175
624 2614
624 2635
624 2691
624 2772
624 2836
624 3341
624 3990
625 738
625 872
625 996
625 1084
625 1111
625 1373
625 1641
625 1964
625 2149
625 2862
625 3158
625 4194
625 4438
625 4616
626 1862
626 2692
626 2906
626 3146
626 3809
626 3982
626 4334
626 4533
627 1494
627 1528
627 1906
627 2072
627 2324
627 2780
627 3214
627 3378
627 4402
627 4513
628 1052
628 1585
628 2668
628 3024
628 3048
628 3273
628 3425
628 3686
628 4123
628 4510
628 4893
629 673
629 1443
629 1716
629 1875
629 2071
629 2219
629 2524
629 2722
629 3123
629 3518
629 3987
629 4185
629 4314
629 4374
630 672
630 2525
630 2661
630 2694
630 3742
630 3928
630 4485
630 4865
630 4945
631 796
631 1046
631 1431
631 1667
631 1820
631 2631
631 2929
631 3108
631 3273
631 3772
631 3791
631 4361
632 637
632 866
632 1219
632 2010
632 2092
632 2280
632 2436
632 2929
632 3785
632 3795
632 4292
632 4931
633 853
633 993
633 1501
633 1741
633 1907
633 2105
633 2604
633 2751
633 2983
633 3799
633 4295
633 4603
633 4768
634 1029
634 1350
634 1443
634 1965
634 2004
634 2099
634 2253
634 2482
634 2560
634 2853
634 2979
634 3931
634 4052
634 4190
634 4502
634 4517
635 801
635 978
635 1115
635 1669
635 2329
635 2599
635 2710
635 2971
635 3215
635 3293
635 4524
635 4967
636 1303
636 1854
636 2006
636 2211
636 2436
636 2517
636 2628
636 2964
636 3154
636 3424
636 3627
636 4005
636 4054
636 4372
636 4643
637 1310
637 1549
637 2062
637 2164
637 2223
637 2291
637 2407
637 2628
637 3171
637 3909
637 3910
637 4315
637 4460
637 4606
638 673
638 911
638 1101
638 1186
638 1408
638 1994
638 2335
638 2492
638 3320
638 3547
638 3597
638 3950
638 4112
638 4146
638 4567
639 769
639 907
639 1485
639 1765
639 1839
639 2027
639 3020
639 3689
639 4472
639 4502
639 4534
639 4624
639 4679
640 797
640 1341
640 1696
640 2277
640 2331
640 3146
640 3154
640 4025
641 648
641 1284
641 1319
641 1769
641 3203
641 3286
641 3442
641 3620
641 3874
641 4092
641 4377
641 4491
641 4505
641 4671
642 1231
642 1619
642 1726
642 1833
642 2737
642 3058
642 3155
642 3213
642 3330
642 3387
642 3599
642 3911
642 4022
642 4048
642 4359
642 4596
642 4779
642 4836
643 961
643 1023
643 1351
643 2038
643 2191
643 2620
643 2720
643 3198
643 3674
643 3858
643 3943
643 4348
644 802
644 960
644 2039
644 2220
644 2301
644 2779
644 2907
644 2982
644 3074
644 3263
644 3306
644 4593
644 4798
645 769
645 1144
645 1271
645 1701
645 2781
645 2863
645 3158
645 3641
645 3842
645 4380
645 4440
646 655
646 1378
646 1502
646 1591
646 1746
646 2219
646 2587
646 2965
646 3368
646 3379
646 3392
646 3878
646 3981
646 4412
646 4520
646 4938
647 954
647 1076
647 1172
647 1241
647 1397
647 1534
647 1543
647 1675
647 1912
647 2689
647 3385
647 3843
647 4179
647 4197
647 4479
647 4521
648 1438
648 2252
648 2503
648 3046
648 3250
648 3256
648 3346
648 4233
648 4568
648 4969
649 669
649 767
649 952
649 966
649 1488
649 1609
649 1791
649 1866
649 2062
649 2466
649 2749
649 3195
649 3426
649 3535
649 3604
649 4029
649 4471
649 4805
649 4886
650 1376
650 1892
650 2090
650 4371
651 1538
651 2537
651 2778
651 3137
651 4021
651 4663
651 4848
651 4902
652 833
652 1337
652 1463
652 1524
652 2391
652 2475
652 2614
652 2964
652 2986
652 4134
653 714
653 780
653 783
653 900
653 1107
653 1222
653 1280
653 1956
653 1988
653 2505
653 2752
653 2867
653 2923
653 3081
653 3146
653 3609
653 4853
653 4992
654 769
654 1142
654 1156
654 1357
654 1380
654 1709
654 1986
654 2245
654 2649
654 2675
654 3235
654 3296
654 3375
654 3446
654 4338
655 799
655 848
655 1320
655 1337
655 1361
655 1970
655 2083
655 2504
655 2512
655 2600
655 3034
655 3044
655 3100
655 4378
655 4473
655 4540
655 4690
656 706
656 760
656 904
656 1570
656 1588
656 1950
656 2234
656 2321
656 2898
656 3074
656 3325
656 3828
656 4166
656 4421
656 4655
657 998
657 1117
657 1126
657 1451
657 1453
657 1510
657 1810
657 1922
657 1937
657 2082
657 2158
657 2237
657 2925
657 3085
657 3388
657 3693
657 4054
657 4584
657 4603
657 4646
657 4743
657 4863
658 739
658 1191
658 1820
658 1865
658 1894
658 2075
658 2119
658 2869
658 3103
658 3158
658 3394
658 3451
658 3745
658 3808
658 4190
658 4261
658 4542
658 4613
659 709
659 2051
659 2097
659 2880
659 3093
659 3178
659 3386
659 3710
659 4540
659 4678
660 896
660 1029
660 1356
660 1357
660 2660
660 2698
660 3191
660 3269
660 3304
660 3432
660 3453
660 3763
660 3841
660 4230
660 4709
661 847
661 1075
661 3019
661 3149
661 3293
661 3299
661 3586
661 3826
661 4216
661 4720
662 1082
662 1320
662 2190
662 2236
662 2631
662 2929
662 3036
662 3116
662 3161
662 3533
662 4918
663 1028
663 2423
663 2447
663 2452
663 2460
663 2610
663 3323
663 3681
663 3810
663 4248
663 4583
663 4792
664 678
664 922
664 1453
664 1536
664 1606
664 1630
664 1899
664 2330
664 2451
664 2870
664 3239
664 3573
664 3619
664 3836
664 3973
664 4685
665 864
665 942
665 1686
665 2145
665 2713
665 2942
665 3902
666 992
666 1305
666 1395
666 1423
666 1532
666 2163
666 2357
666 2639
666 3079
666 3109
666 3233
666 3706
666 3734
666 4239
666 4414
667 1073
667 1254
667 1262
667 1309
667 1344
667 1346
667 1590
667 1951
667 2008
667 2162
667 2196
667 2614
667 2653
667 2689
667 3025
667 3607
667 3802
667 3817
667 4130
668 954
668 1057
668 1319
668 1433
668 2082
668 2120
668 2327
668 2679
668 2849
668 3105
668 3725
668 3840
668 4252
668 4777
669 955
669 1001
669 3266
669 3338
669 3785
669 3833
669 3886
669 4602
669 4669
670 711
670 2108
670 2247
670 2490
670 4043
670 4485
670 4543
670 4600
671 826
671 1160
671 1595
671 1619
671 1646
671 1847
671 2477
671 2640
671 2681
671 3079
671 3299
671 4129
671 4542
671 4660
672 1285
672 1557
672 1819
672 2244
672 3295
672 3577
672 3882
672 3941
672 4025
672 4058
672 4268
672 4953
673 1098
673 1236
673 1334
673 1348
673 1415
673 1896
673 2591
673 2620
673 2740
673 2960
673 3220
673 3513
673 3600
673 4543
673 4736
674 783
674 1251
674 2373
674 4433
675 1272
675 1390
675 1505
675 1746
675 1845
675 1854
675 2440
675 2484
675 2709
675 2849
675 3066
675 3683
675 4005
675 4046
675 4362
675 4905
676 733
676 763
676 910
676 1171
676 1707
676 2173
676 3199
676 3307
676 3638
676 3751
676 3762
676 4086
676 4364
676 4698
676 4741
676 4917
677 861
677 1911
677 1982
677 2074
677 2095
677 2445
677 2787
677 3281
677 3460
677 3887
677 4065
677 4099
678 1434
678 1583
678 2320
678 2366
678 2445
678 2732
678 3070
678 3598
678 3683
678 4083
678 4427
678 4607
679 1424
679 2258
679 2574
679 2688
679 2860
679 2868
679 3156
679 4091
679 4110
679 4146
679 4538
679 4597
680 820
680 1007
680 1074
680 1712
680 2119
680 2463
680 3052
680 3149
680 3261
680 3281
680 3708
680 3942
680 4136
680 4690
680 4933
681 1077
681 1254
681 1598
681 2141
681 2155
681 2260
681 2524
681 2995
681 3203
681 3503
681 3555
681 3954
681 4157
681 4427
681 4885
682 850
682 868
682 1378
682 1979
682 2030
682 2125
682 2455
682 2664
682 2799
682 2802
682 3341
682 3408
682 3772
682 3778
682 3930
682 4158
683 1183
683 1673
683 2610
683 2970
683 3210
683 3364
683 3529
683 3620
683 4060
683 4071
683 4284
683 4614
683 4859
684 876
684 1078
684 1963
684 2296
684 2355
684 2556
684 3065
684 3218
684 3228
684 3539
684 3628
684 4051
684 4266
684 4298
684 4410
684 4440
684 4623
685 834
685 1016
685 1038
685 1298
685 1423
685 1529
685 1741
685 2892
685 3222
685 3508
685 4135
685 4592
686 925
686 1033
686 1747
686 1783
686 1877
686 2884
686 3303
686 3323
686 3332
686 3627
686 4040
686 4044
686 4499
687 1910
687 1916
687 2492
687 2556
687 2722
687 2735
687 2782
687 3136
687 3244
687 4318
687 4617
687 4670
687 4946
688 1186
688 1261
688 1338
688 1866
688 2346
688 2495
688 2842
688 2925
688 3016
688 3242
688 3581
688 4026
688 4173
688 4833
689 1160
689 1411
689 1734
689 2028
689 2132
689 3427
689 4568
689 4746
690 789
690 1109
690 1211
690 1735
690 1798
690 2014
690 2213
690 2288
690 2761
690 3113
690 3122
690 3364
690 3402
690 4126
690 4507
690 4972
691 804
691 2370
691 2810
691 3179
691 3551
691 3708
691 4351
691 4433
691 4538
691 4552
691 4698
691 4746
691 4936
691 4985
692 771
692 934
692 1167
692 1327
692 1662
692 2473
692 3288
692 3355
692 3524
692 4051
692 4387
692 4489
692 4930
693 886
693 1526
693 1694
693 1713
693 1785
693 1973
693 2267
693 2504
693 3743
693 3894
693 4345
693 4447
693 4576
693 4626
693 4851
694 1365
694 1381
694 1665
694 1780
694 2102
694 2128
694 2275
694 2873
694 3022
694 3054
694 3061
694 3802
694 3964
694 4342
694 4735
694 4741
694 4848
694 4997
695 1172
695 1324
695 1508
695 1795
695 2344
695 2692
695 3601
695 4137
696 1133
696 1271
696 1289
696 1407
696 1753
696 1794
696 1802
696 1964
696 2185
696 2246
696 2851
696 2884
696 3108
696 3168
696 3390
696 4523
697 1861
697 1949
697 2274
697 2465
697 3447
697 4396
698 1116
698 1138
698 1213
698 1286
698 1435
698 2193
698 2353
698 2442
698 2501
698 2679
698 2713
698 3195
698 3304
698 3680
698 3972
698 4153
698 4329
698 4432
699 745
699 1000
699 1024
699 2055
699 2158
699 3363
699 3494
699 3681
699 3822
699 4106
700 1500
700 2616
700 3241
700 3562
700 3781
700 3832
700 4087
700 4735
701 1179
701 1349
701 1718
701 2198
701 2764
701 2846
701 4114
701 4162
701 4296
701 4462
701 4615
701 4795
701 4998
702 1038
702 1598
702 1617
702 2145
702 2417
702 2624
702 2667
702 3078
702 3306
702 4541
703 987
703 1324
703 1705
703 1780
703 2010
703 2411
703 3003
703 3219
703 3364
703 3597
703 4116
703 4209
703 4211
704 997
704 2278
704 2328
704 2649
704 3031
704 3054
704 3998
704 4431
704 4704
705 779
705 1095
705 1206
705 1315
705 1481
705 1720
705 1809
705 2249
705 2470
705 2519
705 2675
705 2883
705 2902
705 3027
705 3458
705 3474
705 3731
705 4056
705 4104
705 4819
705 4922
706 1699
706 1735
706 1919
706 1951
706 2067
706 2221
706 2633
706 3020
706 3033
706 3278
706 3374
706 3491
706 3505
706 4859
706 4953
707 1315
707 1332
707 1336
707 1568
707 1651
707 1957
707 2352
707 2379
707 2388
707 2780
707 3235
707 3494
707 4205
707 4269
708 744
708 782
708 1233
708 1535
708 2088
708 2296
708 2670
708 3334
708 4229
708 4536
708 4875
708 4885
709 945
709 1291
709 1480
709 2211
709 2305
709 2380
709 2501
709 2765
709 2881
709 3190
709 3464
709 3860
709 4148
709 4758
709 4823
709 4915
710 894
710 1611
710 2426
710 2822
710 2956
710 3718
710 3946
710 3961
710 4294
710 4322
710 4758
710 4795
710 4938
711 814
711 1201
711 1792
711 1877
711 2388
711 2488
711 3348
711 3435
711 4243
711 4305
711 4565
711 4918
712 790
712 943
712 1593
712 1645
712 1646
712 1882
712 1936
712 2635
712 3701
712 4246
712 4855
713 810
713 970
713 1154
713 1510
713 2727
713 2792
713 2896
713 2928
713 3623
713 3676
713 3784
713 3891
713 4047
713 4154
713 4166
713 4173
713 4359
714 888
714 959
714 1239
714 1739
714 2085
714 2130
714 2261
714 2505
714 2938
714 3000
714 3454
714 4019
714 4148
714 4180
714 4287
714 4370
714 4477
714 4587
714 4658
714 4711
714 4818
714 4974
715 1094
715 1666
715 1699
715 2059
715 2933
715 3197
715 3403
715 3774
715 4058
715 4067
715 4283
715 4302
715 4488
715 4626
716 1041
716 1687
716 1926
716 2373
716 2502
716 2824
716 3087
716 3638
716 3728
716 3979
716 4027
716 4069
716 4464
716 4531
716 4551
717 917
717 942
717 1359
717 1467
717 1520
717 1713
717 2401
717 2741
717 3738
717 3877
717 4335
717 4448
717 4541
717 4773
717 4837
718 1456
718 1525
718 1894
718 1901
718 1930
718 2103
718 2180
718 2221
718 2538
718 2716
718 3134
718 3148
718 3220
718 3416
718 3541
718 3602
718 3722
718 3791
718 3833
718 4039
718 4150
718 4286
718 4438
718 4527
718 4572
718 4923
719 1098
719 1739
719 2612
719 2740
719 2790
719 3256
719 3260
719 3590
719 3762
719 3932
719 4717
719 4740
720 780
720 2013
720 2121
720 3045
720 3354
720 3404
720 3434
720 3463
720 3732
720 4944
721 775
721 1690
721 3707
721 3890
721 4863
722 1500
722 1576
722 1853
722 1868
722 2400
722 3133
722 4036
722 4161
722 4560
722 4711
722 4955
722 4986
723 1661
723 1805
723 2102
723 2114
723 2605
723 2756
723 4065
723 4210
723 4351
723 4703
723 4769
724 839
724 927
724 960
724 1293
724 1598
724 1960
724 1968
724 2361
724 2689
724 2736
724 3028
724 4316
724 4324
724 4699
725 814
725 1117
725 1589
725 1796
725 2107
725 2938
725 3445
725 4194
725 4271
725 4859
726 1505
726 1551
726 1593
726 2732
726 2812
726 2888
726 2950
726 3760
726 4708
727 853
727 1358
727 1473
727 1489
727 2327
727 2742
727 2757
727 2801
727 3134
727 3197
727 3285
727 4002
727 4501
727 4807
727 4890
727 4950
728 779
728 781
728 1178
728 1564
728 2940
728 3340
728 3563
728 3571
728 3793
728 4757
729 758
729 944
729 1117
729 1278
729 1288
729 1867
729 1950
729 2283
729 2285
729 2354
729 2434
729 2740
729 2804
729 3929
729 4775
730 753
730 805
730 881
730 972
730 1139
730 1167
730 1313
730 1675
730 1852
730 1858
730 2198
730 2277
730 2386
730 2512
730 3023
730 4258
730 4312
730 4538
731 1267
731 2352
731 2645
731 2849
731 2968
731 3268
731 3387
731 3531
731 4790
731 4840
732 1131
732 1380
732 1413
732 1852
732 1992
732 2415
732 2471
732 3049
732 3468
732 3527
732 3573
732 3600
732 3627
732 3820
732 4489
732 4826
733 1026
733 1322
733 1338
733 1655
733 1690
733 1712
733 1873
733 2369
733 2564
733 3200
733 3225
733 3929
733 3952
733 4149
734 922
734 1439
734 1743
734 2339
734 2360
734 2415
734 2788
734 2791
734 3741
734 4002
734 4948
735 953
735 1123
735 1409
735 1515
735 2391
735 2610
735 3154
735 3199
735 3265
735 3347
735 3360
735 3413
735 3942
735 4077
735 4395
735 4465
736 1333
736 2037
736 2217
736 2772
736 3902
736 4067
736 4678
736 4906
737 809
737 901
737 1006
737 1485
737 2289
737 2293
737 2325
737 2807
737 2971
737 3157
737 3240
737 4060
737 4083
737 4343
737 4473
737 4952
738 1156
738 1424
738 2042
738 2068
738 2170
738 2293
738 2509
738 2841
738 2968
738 3559
738 4151
738 4349
738 4541
739 762
739 1141
739 1180
739 1222
739 1553
739 1735
739 1963
739 2535
739 2722
739 2885
739 2893
739 3388
739 3398
739 4483
740 951
740 1196
740 2313
740 2518
740 3084
740 3125
740 3626
740 3659
740 3982
740 4270
740 4275
740 4611
740 4930
741 1416
741 1753
741 1806
741 2490
741 2623
741 2666
741 3451
741 4281
741 4492
741 4928
742 771
742 799
742 1148
742 2013
742 2099
742 2483
742 2632
742 3151
742 3264
742 3354
742 3629
742 3685
742 3740
742 3798
742 4114
742 4254
742 4472
743 937
743 1097
743 1318
743 1320
743 1441
743 2161
743 3172
743 3973
743 4058
743 4295
744 1674
744 1858
744 2170
744 2190
744 2204
744 2685
744 2783
744 2879
744 2977
744 3427
744 3834
744 4749
744 4886
744 4906
744 4974
744 4992
745 1126
745 1386
745 1413
745 1986
745 2352
745 2913
745 3032
745 3304
745 3913
745 4403
745 4900
746 1141
746 1340
746 1363
746 2278
746 3327
746 3465
746 3498
746 4060
746 4218
746 4433
746 4733
747 1081
747 1371
747 1841
747 2342
747 2432
747 2613
747 2625
747 3064
747 3775
747 3895
747 4045
747 4628
747 4924
748 1008
748 2361
748 2545
748 2628
748 2806
748 2992
748 3125
748 3311
748 3597
748 3785
749 927
749 1530
749 2778
749 2866
749 2900
749 3379
749 3386
749 3652
749 3760
749 4237
749 4763
749 4764
750 972
750 989
750 1361
750 1509
750 1735
750 1759
750 1787
750 1992
750 2165
750 2573
750 2871
750 3448
750 3452
750 3719
750 4274
750 4727
751 1799
751 1921
751 2396
751 2447
751 2590
751 2809
751 2892
751 3496
751 3635
751 3817
751 4084
752 790
752 922
752 1093
752 1202
752 1510
752 2480
752 2640
752 2743
752 3138
752 3567
752 3712
752 3729
753 934
753 1211
753 1457
753 1492
753 1533
753 2160
753 2908
753 3715
753 3908
753 4062
754 862
754 1283
754 1601
754 2061
754 2088
754 2502
754 2546
754 2953
754 3040
754 3088
754 3380
754 3804
754 3806
754 3876
754 4289
754 4716
755 942
755 957
755 1221
755 1273
755 1278
755 1411
755 1451
755 1513
755 2030
755 2994
755 3662
755 3977
755 4602
756 814
756 1910
756 1950
756 2118
756 2139
756 2829
756 2890
756 2982
756 3431
756 3444
756 3508
756 3541
756 3705
756 4219
756 4440
756 4544
756 4611
757 902
757 1305
757 1584
757 1636
757 1877
757 2228
757 2499
757 2841
757 3615
757 4346
757 4480
757 4663
757 4914
758 1169
758 1353
758 1501
758 1765
758 1884
758 3228
758 3307
758 3329
758 4209
758 4750
759 892
759 1305
759 1546
759 1668
759 1771
759 1796
759 1975
759 2043
759 2432
759 2473
759 2511
759 2716
759 3992
759 4543
760 1192
760 1414
760 1466
760 1566
760 1727
760 2077
760 2734
760 2980
760 3118
760 3490
760 3825
760 4507
760 4527
760 4598
760 4720
760 4810
761 917
761 993
761 1088
761 1846
761 2073
761 2768
761 2868
761 3286
761 3850
761 4206
762 947
762 1115
762 1298
762 1862
762 2141
762 2326
762 2577
762 2589
762 2727
762 3203
762 3350
762 3568
762 3743
762 3765
762 3988
762 4128
762 4645
762 4820
763 884
763 1308
763 1414
763 1797
763 2122
763 2462
763 2765
763 2951
763 3114
763 3786
763 3913
763 4088
763 4298
763 4423
763 4432
763 4731
763 4934
764 794
764 1218
764 1617
764 1894
764 2537
764 2678
764 2920
764 3756
764 4137
764 4213
764 4313
764 4702
765 885
765 1143
765 1419
765 1547
765 1614
765 1679
765 1773
765 1829
765 2034
765 2045
765 2076
765 2093
765 2329
765 2487
765 2688
765 2693
765 2708
765 2732
765 3021
765 3174
765 3188
765 3283
765 3463
765 3556
765 4154
765 4764
765 4958
766 787
766 1158
766 1584
766 1677
766 2405
766 2538
766 2575
766 2795
766 3634
766 4111
766 4325
766 4403
766 4838
766 4898
767 1835
767 2074
767 2766
767 2818
767 3453
767 3508
767 4418
767 4597
767 4964
768 1158
768 1440
768 1540
768 1656
768 1918
768 1981
768 2643
768 2799
768 2898
768 2933
768 3087
768 3597
768 3845
768 4928
769 1657
769 1664
769 2028
769 2186
769 2697
769 2843
769 2909
769 3624
769 3811
769 4071
769 4119
769 4214
769 4334
769 4368
769 4971
770 785
770 1204
770 1323
770 1458
770 2303
770 2418
770 2599
770 2711
770 3119
770 3330
770 3588
770 4168
770 4280
770 4629
770 4909
771 1330
771 1600
771 1604
771 2060
771 2134
771 2598
771 2636
771 2893
771 3164
771 3204
771 3360
771 3418
771 3592
771 3625
771 3674
771 3768
771 3932
771 4359
771 4846
772 783
772 790
772 818
772 1562
772 1767
772 1774
772 2553
772 2640
772 2644
772 3279
772 3583
772 3680
772 3697
772 4220
772 4432
772 4959
773 1470
773 2154
773 2194
773 2313
773 3505
773 4508
773 4538
773 4562
773 4890
774 931
774 1506
774 2028
774 2537
774 2667
774 2728
774 3035
774 3464
774 3736
774 3796
774 3940
774 4349
774 4509
775 834
775 1087
775 1590
775 2577
775 2626
775 2668
775 2731
775 2763
775 2773
775 3021
775 3198
775 3489
775 3571
775 3731
775 3757
775 4188
775 4215
775 4288
775 4558
775 4847
776 953
776 995
776 1051
776 1084
776 1844
776 2056
776 2400
776 2789
776 3525
776 3536
776 4529
776 4607
776 4679
776 4873
777 1566
777 1654
777 1659
777 2490
777 3057
777 3227
777 3857
777 4050
777 4191
777 4723
777 4930
778 1326
778 2276
778 2640
778 2698
778 2806
778 3302
778 3445
778 3706
778 3812
778 3934
778 4331
778 4539
778 4955
779 866
779 906
779 956
779 1022
779 1243
779 1253
779 1786
779 1791
779 2191
779 2725
779 2810
779 3091
779 3318
779 3513
779 3979
779 4375
779 4800
779 4860
779 4927
780 1013
780 1321
780 1819
780 1863
780 2030
780 3111
780 3168
780 3173
780 3195
780 3912
781 928
781 1179
781 1729
781 2072
781 2106
781 2137
781 2187
781 3611
781 3902
781 4178
781 4206
781 4438
781 4669
782 1008
782 1884
782 2143
782 2743
782 2947
782 3474
782 3843
782 4030
782 4483
782 4551
782 4599
782 4965
783 787
783 851
783 1261
783 1622
783 1642
783 1805
783 1895
783 2702
783 3193
783 3589
783 4660
783 4929
784 895
784 1178
784 1652
784 1830
784 2514
784 2715
784 3436
784 3793
784 4053
784 4343
784 4407
784 4957
784 4973
785 905
785 1529
785 1866
785 2023
785 2033
785 2906
785 3507
785 3623
785 3994
785 4210
785 4664
785 4750
785 4823
785 4891
786 810
786 1424
786 1591
786 1861
786 2262
786 2285
786 2753
786 3427
786 3497
786 3755
786 3881
786 4262
786 4682
786 4816
786 4943
787 834
787 1151
787 1345
787 1581
787 1648
787 1649
787 1936
787 2767
787 2986
787 3124
787 3184
787 3635
787 4292
787 4533
787 4864
788 866
788 1406
788 1470
788 1695
788 1847
788 2715
788 2770
788 3074
788 3379
788 3380
788 4171
788 4324
788 4523
788 4531
788 4874
789 889
789 1208
789 1650
789 2416
789 2935
789 3062
789 3166
789 3298
789 3377
789 3381
789 3414
789 3465
789 3750
789 4057
789 4195
790 1113
790 1148
790 1621
790 1642
790 1655
790 1849
790 2500
790 2725
790 4375
790 4460
790 4756
791 905
791 921
791 1725
791 1866
791 2070
791 2090
791 2169
791 2553
791 3216
791 3544
791 3648
791 3700
791 4076
791 4777
791 4891
792 823
792 963
792 1144
792 1639
792 1832
792 2060
792 2336
792 2953
792 3037
792 3131
792 3380
792 3441
792 3615
792 3954
792 4226
792 4824
792 4966
793 883
793 926
793 1170
793 1375
793 1479
793 1627
793 1736
793 2204
793 2491
793 3023
793 3302
793 3355
793 3376
793 3780
793 4274
793 4323
793 4827
794 1468
794 1533
794 1989
794 2038
794 2065
794 2403
794 2483
794 2490
794 2736
794 2916
794 3945
794 4117
794 4550
794 4559
794 4944
795 883
795 908
795 1154
795 1158
795 1489
795 1524
795 1610
795 1922
795 2008
795 2268
795 2324
795 2370
795 3200
795 3468
795 4038
796 1013
796 1035
796 1204
796 1446
796 1566
796 2076
796 2446
796 2531
796 2714
796 2777
796 3096
796 3855
796 3920
796 4138
796 4271
796 4423
797 825
797 1372
797 1451
797 1845
797 2946
797 3648
797 4510
797 4770
797 4931
798 1188
798 1411
798 1680
798 1704
798 3093
798 3362
798 3435
798 3651
798 3653
798 3807
798 3884
798 4163
798 4262
798 4337
799 936
799 1575
799 1720
799 1919
799 2020
799 2032
799 2728
799 2899
799 3139
799 3516
799 3838
799 3846
799 4509
799 4561
799 4563
799 4709
799 4731
799 4733
799 4934
799 4982
800 987
800 1431
800 1955
800 2171
800 2173
800 3053
800 3215
800 3476
800 4397
801 1885
801 2566
801 3245
801 3925
801 3961
801 4161
801 4306
801 4827
801 4991
801 4999
802 836
802 1278
802 1903
802 1982
802 2305
802 2583
802 2820
802 3635
802 4041
802 4135
802 4370
802 4399
802 4520
803 811
803 1322
803 1668
803 1886
803 2717
803 2916
803 3049
803 3062
803 3110
803 3660
803 3718
803 3815
803 3959
803 4273
803 4363
803 4601
803 4890
804 1077
804 1293
804 1372
804 1672
804 1960
804 2571
804 2689
804 2914
804 3085
804 3644
804 3987
804 4162
804 4211
804 4235
804 4780
804 4829
804 4881
804 4913
805 1144
805 1522
805 1736
805 1967
805 2392
805 2534
805 2845
805 2853
805 3138
805 3455
805 3545
805 3845
805 3940
805 4199
805 4471
805 4631
805 4700
805 4721
806 1970
806 2516
806 2954
806 3594
806 4203
806 4635
807 1398
807 1454
807 1597
807 1713
807 1845
807 1922
807 2087
807 2739
807 2847
807 3083
807 3194
807 3355
807 4275
807 4706
807 4907
807 4955
808 824
808 1083
808 1730
808 2365
808 2410
808 3228
808 3905
808 4138
808 4891
809 814
809 839
809 1360
809 1370
809 1421
809 1911
809 2062
809 2076
809 2684
809 2835
809 4031
809 4369
809 4497
809 4553
809 4619
809 4928
810 2374
810 2524
810 3161
810 3586
810 4358
810 4640
810 4705
810 4865
811 972
811 2354
811 2492
811 2683
811 2714
811 2807
811 3120
811 3169
811 3336
811 3456
811 3730
811 3829
811 4053
811 4095
811 4439
811 4504
812 946
812 2173
812 2646
812 2659
812 2877
812 3172
812 3501
812 3543
812 3557
812 3938
812 4167
812 4837
812 4914
813 1032
813 1176
813 1574
813 2237
813 2519
813 2582
813 2614
813 3097
813 3562
813 3575
813 3793
813 4368
813 4641
813 4761
814 861
814 1051
814 1128
814 1365
814 1435
814 1610
814 1790
814 2951
814 2966
814 3298
814 3436
814 3520
814 3617
814 4160
814 4318
814 4350
814 4461
814 4833
814 4912
815 892
815 926
815 933
815 948
815 1119
815 1688
815 1743
815 2007
815 2387
815 2406
815 3010
815 3637
815 3979
815 4060
815 4568
815 4819
815 4845
816 1060
816 1230
816 2447
816 2471
816 2966
816 4108
816 4174
816 4198
816 4385
816 4407
816 4765
816 4909
817 906
817 979
817 1184
817 1370
817 2345
817 2519
817 2574
817 2755
817 2782
817 3386
817 3415
817 3521
817 3855
817 4244
817 4966
818 830
818 1111
818 1400
818 1408
818 1987
818 2042
818 2135
818 2305
818 2511
818 2602
818 2651
818 2856
818 3214
818 3587
818 3604
818 3610
818 3734
818 4010
818 4066
819 1054
819 1351
819 1516
819 1525
819 1550
819 1650
819 1720
819 1860
819 2009
819 2041
819 2224
819 2920
819 3077
819 3350
819 4022
819 4113
819 4317
819 4325
819 4338
819 4382
819 4826
820 1062
820 1676
820 1909
820 2289
820 3205
820 3836
820 4258
820 4488
820 4500
820 4958
821 1087
821 2012
821 2018
821 2170
821 2327
821 2393
821 2469
821 2693
821 3045
821 3048
821 3078
821 3974
821 4144
821 4247
821 4284
821 4330
821 4827
822 1181
822 1330
822 1353
822 1489
822 1501
822 1728
822 1800
822 1935
822 1967
822 2143
822 2350
822 3248
822 3919
822 4484
822 4809
823 891
823 936
823 952
823 1198
823 1335
823 1448
823 2465
823 2836
823 2958
823 3376
823 3741
823 3844
823 4132
823 4918
823 4968
824 1332
824 1646
824 2755
824 3990
825 2199
825 2231
825 2265
825 2401
825 2990
825 3691
825 3935
825 4427
825 4475
826 1032
826 1179
826 1702
826 1904
826 2185
826 2358
826 2506
826 2713
826 3342
826 3345
826 3846
826 4022
826 4253
826 4750
827 1052
827 1242
827 1272
827 1560
827 1815
827 1856
827 2253
827 2320
827 2335
827 2397
827 2830
827 2886
827 2909
827 2967
827 3187
827 3502
827 3542
827 3753
827 3821
827 3948
827 4147
827 4455
827 4575
827 4640
828 992
828 1206
828 2319
828 2786
828 2802
828 2920
828 3009
828 3314
828 3465
828 3655
828 3742
828 4229
828 4288
828 4821
829 908
829 1051
829 1621
829 1732
829 1886
829 1916
829 1955
829 2816
829 3150
829 3472
829 3479
829 4167
829 4382
829 4975
830 1193
830 1476
830 1598
830 1698
830 1787
830 1923
830 2003
830 2240
830 2578
830 3021
830 3102
830 3249
830 3601
830 4122
830 4223
830 4544
830 4990
831 1532
831 1909
831 1978
831 2313
831 2354
831 2396
831 2446
831 2671
831 2695
831 2825
831 4015
831 4760
831 4855
831 4898
832 972
832 1656
832 1740
832 1785
832 2004
832 2043
832 2274
832 2440
832 2755
832 3404
832 3548
832 3661
832 3680
832 3797
832 3932
832 4036
832 4212
832 4512
832 4523
832 4978
832 4985
833 853
833 1017
833 1841
833 2086
833 2290
833 2419
833 2566
833 2885
833 3358
833 3571
833 3669
833 3990
833 4132
833 4181
833 4701
834 1190
834 1608
834 1860
834 1861
834 2044
834 2340
834 2466
834 3132
834 3478
834 4069
834 4291
834 4487
834 4533
834 4942
835 1271
835 1747
835 1823
835 2286
835 2623
835 2736
835 2831
835 3074
835 3724
835 3750
835 3828
835 3839
835 4171
835 4304
835 4424
835 4938
835 4947
836 851
836 1425
836 1492
836 1579
836 1663
836 2016
836 2370
836 2780
836 3028
836 3480
836 3658
836 3998
836 4133
836 4347
836 4632
836 4730
837 1016
837 1077
837 1375
837 2313
837 2997
837 3014
837 3490
837 4067
837 4136
837 4251
837 4594
838 1152
838 1405
838 2203
838 2332
838 2575
838 2963
838 3350
838 3990
838 4961
839 1041
839 1162
839 1275
839 3130
839 3278
839 3307
839 3423
839 3487
839 3701
839 3953
839 4141
839 4241
839 4531
840 857
840 991
840 1125
840 1756
840 1942
840 2225
840 2238
840 2380
840 2414
840 3165
840 3572
840 3899
840 4011
840 4653
840 4808
840 4880
841 936
841 1104
841 1247
841 2037
841 2737
841 2773
841 3243
841 3458
841 3687
841 3700
841 4766
842 917
842 919
842 1382
842 1872
842 1905
842 2200
842 2397
842 2409
842 3321
842 3330
842 4280
842 4384
842 4585
842 4631
842 4895
842 4935
843 1726
843 1777
843 1949
843 2019
843 2074
843 2192
843 2857
843 2911
843 3556
843 3692
843 3736
843 3758
843 3946
843 4023
843 4359
843 4382
843 4647
843 4668
844 1478
844 1682
844 1912
844 2018
844 2058
844 2489
844 2786
844 2959
844 3025
844 3326
844 3453
844 3860
844 3877
844 4009
844 4539
844 4605
844 4824
845 915
845 992
845 1016
845 1094
845 1640
845 2016
845 2296
845 2674
845 2686
845 2778
845 2909
845 3108
845 3487
845 4336
845 4625
845 4815
845 4851
845 4979
846 903
846 1418
846 1642
846 2044
846 2346
846 2360
846 2410
846 2707
846 2874
846 2898
846 2922
846 3970
846 4204
846 4262
846 4732
846 4839
847 960
847 1081
847 1397
847 1555
847 2025
847 2440
847 2603
847 2739
847 2820
847 3007
847 3193
847 3312
847 3559
847 3615
847 3854
847 4068
847 4307
847 4416
847 4601
847 4752
848 1258
848 1266
848 1466
848 2074
848 2356
848 3201
848 3560
848 3691
848 3711
848 3727
848 3754
848 4004
848 4071
848 4102
848 4866
848 4892
849 1144
849 1552
849 1926
849 2296
849 2591
849 2847
849 3235
849 4156
849 4528
849 4806
849 4881
850 1079
850 1625
850 1645
850 1661
850 2489
850 2653
850 2972
850 3406
850 3565
850 4088
850 4451
850 4863
851 903
851 932
851 1270
851 1463
851 1807
851 1857
851 1864
851 2552
851 2580
851 2727
851 3193
851 3507
851 3722
851 4267
851 4380
851 4505
851 4647
851 4650
852 891
852 1158
852 1629
852 2147
852 2608
852 2714
852 3507
852 4202
852 4393
853 972
853 1485
853 1564
853 1714
853 2166
853 2211
853 2904
853 3248
853 3589
853 3668
853 4290
853 4338
854 1317
854 2196
854 2764
854 3002
854 3023
854 4075
854 4261
854 4497
854 4562
854 4569
854 4817
855 959
855 1196
855 1451
855 1473
855 1533
855 2716
855 3501
855 3942
855 4320
855 4419
856 1033
856 1428
856 2044
856 2380
856 3250
856 3396
856 3434
856 3481
856 3493
856 3816
856 4269
857 977
857 980
857 1435
857 1530
857 1998
857 2754
857 2891
857 3001
857 3111
857 3215
857 4357
857 4487
857 4842
858 989
858 1022
858 1146
858 1729
858 2969
858 3553
858 3625
858 3870
858 4167
858 4377
858 4521
858 4799
858 4931
859 1163
859 2030
859 2056
859 2634
859 2860
859 3172
859 3340
859 3390
859 3421
859 3519
859 4055
859 4660
860 907
860 1363
860 1612
860 1655
860 2737
860 3068
860 3601
860 3615
860 3657
860 4037
860 4091
860 4176
860 4534
860 4563
860 4775
860 4821
861 957
861 1423
861 1676
861 1857
861 1913
861 1960
861 1970
861 2025
861 2191
861 2625
861 2707
861 3377
861 3824
861 3895
861 4266
861 4378
861 4400
861 4515
861 4815
861 4854
862 1158
862 1470
862 1610
862 3050
862 3372
862 3511
862 4561
863 1232
863 1418
863 2036
863 2121
863 2339
863 2583
863 2605
863 3616
863 3711
863 4254
863 4389
863 4727
863 4731
863 4902
864 1493
864 1817
864 2414
864 2654
864 2850
864 3453
864 3708
864 3809
864 3889
864 4189
864 4444
864 4653
865 1141
865 1516
865 1862
865 2115
865 2214
865 2629
865 2757
865 3504
865 3873
865 4241
865 4966
866 974
866 1291
866 1384
866 1947
866 2513
866 2530
866 2800
866 2988
866 3485
866 3517
866 3690
866 3710
866 4175
866 4433
866 4561
867 966
867 1795
867 1970
867 2476
867 2693
867 2742
867 2949
867 3136
867 3214
867 3399
867 3805
867 4197
867 4228
867 4342
868 1402
868 1836
868 2039
868 2054
868 2129
868 2153
868 2340
868 2653
868 2812
868 3217
868 3416
868 3604
868 4547
868 4939
869 1165
869 1503
869 1593
869 1768
869 2445
869 2634
869 2867
869 3066
869 3210
869 3351
869 3468
869 3521
869 3619
869 3789
869 3802
869 3806
869 3820
870 1061
870 2052
870 2376
870 2879
870 3034
870 3198
870 3588
870 3881
870 4165
870 4894
870 4897
870 4940
871 1062
871 1098
871 2922
871 3390
871 3810
871 3856
871 4005
871 4357
871 4371
871 4927
872 1003
872 1011
872 1276
872 1312
872 1323
872 1560
872 1665
872 1954
872 2052
872 2055
872 2111
872 2661
872 2836
872 3151
872 3851
872 4051
872 4171
872 4266
872 4495
872 4767
873 1016
873 1214
873 1449
873 1502
873 1554
873 2059
873 3040
873 3092
873 3437
873 4577
873 4650
873 4968
874 1457
874 1505
874 1752
874 2070
874 2313
874 2535
874 2727
874 2806
874 3219
874 3632
874 3663
874 3706
874 4048
874 4055
874 4125
874 4236
874 4271
874 4278
874 4286
874 4374
874 4788
875 986
875 1874
875 2757
875 2849
875 3533
875 4137
875 4211
875 4329
876 2859
876 3135
876 3342
876 3943
876 4486
876 4529
876 4604
876 4932
876 4956
877 1118
877 1195
877 1970
877 2572
877 2974
877 3161
877 3310
877 4129
877 4284
878 910
878 1026
878 1130
878 1388
878 2167
878 2437
878 2696
878 2955
878 3438
878 3705
878 4430
878 4491
878 4674
878 4716
878 4848
878 4964
879 1243
879 1306
879 1439
879 1534
879 1745
879 2304
879 2595
879 2612
879 2996
879 3308
879 3344
879 3396
879 3546
879 3571
879 3707
879 4755
879 4841
880 1241
880 1458
880 1571
880 2115
880 2572
880 2706
880 3040
880 3246
880 3539
880 3578
880 4190
880 4656
880 4696
880 4732
880 4817
881 1497
881 1511
881 1824
881 1986
881 2023
881 2265
881 2329
881 2751
881 2881
881 3060
881 3380
881 3620
881 4142
882 1479
882 2086
882 2155
882 2814
882 3876
882 4002
882 4511
882 4699
882 4852
883 977
883 1347
883 1679
883 1750
883 1972
883 1987
883 2073
883 2883
883 3315
883 3544
883 3944
883 4315
883 4891
884 887
884 1657
884 2288
884 2722
884 2938
884 4539
885 1179
885 1339
885 1502
885 2941
885 3318
885 3517
885 3801
885 3829
885 4242
885 4611
885 4664
885 4752
886 1053
886 2329
886 2575
886 2675
886 3241
886 3342
886 3437
886 3815
886 4228
886 4265
886 4872
887 1555
887 2258
887 2340
887 2346
887 3081
887 3122
887 3274
887 3569
887 4823
888 1203
888 1415
888 1695
888 1917
888 1937
888 2254
888 2326
888 2572
888 2715
888 3131
888 3766
888 4005
888 4370
889 972
889 1013
889 1059
889 1121
889 1311
889 1447
889 1614
889 3321
889 3354
889 4045
889 4350
889 4395
889 4889
890 1013
890 1243
890 1604
890 1720
890 1737
890 1812
890 1875
890 2011
890 2137
890 2226
890 2342
890 2366
890 2639
890 2984
890 3272
890 3439
890 3473
890 4339
890 4705
891 1182
891 1490
891 1908
891 2700
891 2808
891 2828
891 3088
891 3531
891 4054
891 4472
892 1207
892 1246
892 1400
892 2174
892 2217
892 2535
892 2942
892 3560
892 4015
893 929
893 1023
893 1627
893 1835
893 2001
893 2030
893 2260
893 2462
893 2493
893 2524
893 3057
893 3368
893 3791
893 3815
893 3842
893 4111
893 4383
894 1392
894 1702
894 1748
894 2420
894 2631
894 3121
894 3503
894 3589
894 4088
894 4280
894 4598
894 4910
895 1134
895 1729
895 1942
895 2268
895 2720
895 2972
895 3227
895 3437
895 3456
895 4548
895 4861
896 1358
896 1722
896 2329
896 2571
896 2923
896 2956
896 3031
896 3189
896 3433
896 3480
896 3481
896 3519
896 3702
896 3946
896 4381
897 1128
897 1259
897 1277
897 1402
897 2147
897 2906
897 3113
897 3565
897 3764
897 3968
897 4269
897 4741
897 4780
898 1264
898 1514
898 1718
898 1812
898 2038
898 2121
898 2327
898 2708
898 2734
898 2952
898 3010
898 3112
898 3211
898 3258
898 3643
898 3666
898 3807
898 3887
898 4039
898 4388
898 4900
899 1209
899 1844
899 2034
899 2088
899 2114
899 2237
899 2292
899 2394
899 2735
899 2759
899 2966
899 3091
899 3488
899 3767
899 4614
899 4620
899 4666
899 4750
900 1189
900 1333
900 1349
900 1908
900 3574
900 3643
900 4434
900 4453
900 4482
901 927
901 2069
901 2485
901 2637
901 2939
901 3695
901 4071
901 4428
902 1043
902 1194
902 1453
902 1576
902 2252
902 2541
902 2697
902 2813
902 2972
902 2990
902 3434
902 3995
902 4477
902 4880
903 1416
903 1417
903 1453
903 1597
903 2007
903 2306
903 2339
903 2346
903 2433
903 2467
903 2601
903 2855
903 3107
903 3259
903 3562
903 3612
903 3694
903 3700
903 3830
903 4282
903 4403
904 1337
904 1387
904 2211
904 2536
904 2942
904 3095
904 3339
904 3353
904 3422
904 3714
904 3768
904 3894
904 3931
904 4568
905 1024
905 1475
905 1792
905 2229
905 2318
905 3638
905 3720
905 4993
906 1147
906 1653
906 2199
906 3041
906 3218
906 3257
906 3392
906 3475
906 3772
906 3833
906 4052
906 4065
906 4526
906 4551
906 4586
907 1137
907 1324
907 1522
907 1800
907 2150
907 2408
907 2637
907 2874
907 3352
907 3391
907 3644
907 4161
907 4390
907 4699
908 1198
908 1950
908 2203
908 2503
908 3047
908 4000
908 4304
908 4346
908 4698
909 940
909 1488
909 1987
909 1989
909 2052
909 2511
909 2684
909 3305
909 3464
909 3945
909 4038
909 4228
909 4301
909 4576
910 1475
910 1972
910 2582
910 2664
910 2849
910 3129
910 3155
910 3415
910 4071
910 4608
910 4803
910 4840
911 988
911 992
911 1170
911 1534
911 1688
911 1914
911 1996
911 2158
911 3036
911 4309
911 4317
911 4337
911 4713
912 1024
912 1681
912 1748
912 2018
912 2154
912 2536
912 2554
912 2677
912 2983
912 3450
912 3451
912 3674
912 3704
912 3990
912 4167
912 4377
912 4380
912 4587
913 980
913 1853
913 2049
913 2202
913 2487
913 2661
913 2907
913 3064
913 3653
913 3774
913 3815
913 3889
913 4297
914 1570
914 2074
914 2144
914 2300
914 2794
914 2883
914 3042
914 3169
914 3928
914 4255
914 4288
914 4598
915 993
915 1961
915 2030
915 2382
915 2594
915 3292
915 3975
916 1629
916 1762
916 2042
916 2603
916 2691
916 2710
916 3051
916 3073
916 3325
916 3362
916 3669
916 4164
916 4543
917 1033
917 2736
917 2782
917 3181
917 3263
917 3646
917 3708
917 4058
917 4125
917 4910
917 4976
918 1425
918 1450
918 1546
918 1838
918 1871
918 2096
918 2277
918 2321
918 2424
918 2481
918 2775
918 3083
918 3476
918 3976
918 4164
918 4371
918 4627
918 4660
918 4691
918 4813
918 4878
919 1227
919 1336
919 1370
919 1499
919 1521
919 1611
919 2132
919 2150
919 2329
919 2737
919 3195
919 3406
919 3409
919 4491
920 1115
920 1499
920 1976
920 2161
920 2602
920 2980
920 3197
920 3442
920 3807
920 4320
920 4347
920 4903
920 4945
921 930
921 1078
921 1244
921 1303
921 1418
921 1427
921 2230
921 3235
921 3355
921 4269
922 1131
922 1334
922 1491
922 1548
922 1626
922 2124
922 2257
922 2410
922 4560
922 4762
922 4871
923 1069
923 1136
923 1398
923 1943
923 3217
923 3319
923 3566
923 3687
923 3707
923 4074
923 4598
924 1234
924 1688
924 1857
924 1994
924 2226
924 2405
924 2607
924 2790
924 2993
924 3170
924 3911
924 3946
924 4507
925 1026
925 1281
925 1576
925 1589
925 1638
925 1818
925 2028
925 3691
925 3810
925 4059
925 4080
925 4983
926 1232
926 1284
926 1473
926 1647
926 1880
926 1886
926 2039
926 2332
926 2640
926 2835
926 2984
926 3147
926 3245
926 3429
926 3475
926 3615
926 4006
926 4083
926 4551
926 4787
927 1264
927 1486
927 1855
927 1919
927 1922
927 2124
927 2932
927 3243
927 3397
927 3473
927 3682
927 4004
927 4318
927 4347
927 4728
927 4731
927 4937
928 1035
928 1464
928 1669
928 2054
928 2060
928 2180
928 2626
928 2678
928 3273
928 3398
928 3822
928 3961
928 4043
928 4333
928 4453
929 1154
929 1164
929 1424
929 1744
929 2067
929 2152
929 2351
929 2886
929 3394
929 3600
929 3756
929 3846
929 4185
929 4377
929 4486
929 4742
929 4767
929 4890
930 1359
930 1748
930 2198
930 2368
930 2442
930 2984
930 3236
930 3352
930 3356
930 3449
930 4192
930 4306
930 4563
930 4762
931 943
931 1113
931 1165
931 1279
931 1553
931 2373
931 2481
931 2602
931 2891
931 3965
931 4168
931 4204
931 4258
931 4373
931 4507
931 4520
931 4991
931 4998
932 1071
932 1155
932 1228
932 1267
932 1301
932 1398
932 1440
932 1855
932 1953
932 1975
932 2309
932 3921
932 4053
932 4671
932 4690
932 4881
932 4952
933 1297
933 2002
933 2270
933 2603
933 2748
933 2890
933 2937
933 2998
933 3568
933 3792
933 4547
933 4648
934 996
934 1298
934 1494
934 1826
934 1853
934 2010
934 2023
934 3053
934 3276
934 3390
934 4147
934 4258
934 4408
934 4522
935 1027
935 1236
935 1654
935 1686
935 1725
935 2001
935 2342
935 2498
935 2650
935 2994
935 3078
935 3100
935 3333
935 3691
935 4107
935 4187
935 4352
935 4463
935 4541
935 4871
935 4937
936 955
936 1325
936 1568
936 2327
936 2874
936 3186
936 3952
936 4078
936 4814
937 1650
937 1787
937 2356
937 2436
937 2583
937 3102
937 3366
937 3413
937 3811
937 4024
937 4281
937 4315
938 1030
938 1060
938 1164
938 1350
938 1401
938 1736
938 3433
938 3578
938 3753
938 4135
938 4786
939 1176
939 1735
939 1857
939 2206
939 2286
939 2462
939 2726
939 2992
939 3108
939 3297
939 3461
939 4506
939 4556
940 1063
940 1573
940 2223
940 2461
940 2499
940 2674
940 3127
940 3200
940 3479
940 3905
940 3908
940 4206
940 4486
940 4727
941 1087
941 1299
941 1734
941 2132
941 2818
941 2989
941 3031
941 3080
941 3691
941 4527
941 4566
942 1889
942 1905
942 2375
942 2570
942 2888
942 3276
942 4219
942 4261
942 4386
942 4470
943 1056
943 1190
943 1349
943 1415
943 1780
943 1975
943 2282
943 2456
943 2605
943 2825
943 3030
943 3035
943 3147
943 3230
943 3246
943 3533
943 4081
943 4130
943 4135
943 4476
944 981
944 1030
944 1048
944 1099
944 1311
944 2075
944 2269
944 2775
944 2923
944 2992
944 3097
944 3896
944 4599
945 1042
945 1806
945 1902
945 2468
945 2550
945 2726
945 3822
945 4432
945 4451
945 4959
946 1709
946 1810
946 2076
946 2543
946 2803
946 3163
946 3240
946 3265
946 3306
946 3785
946 3865
946 4278
946 4284
946 4508
946 4907
946 4985
947 949
947 1127
947 1162
947 1390
947 1841
947 2113
947 2604
947 3331
947 3340
947 3429
947 4325
947 4645
947 4657
948 1282
948 1423
948 1540
948 2031
948 2146
948 2774
948 2981
948 3072
948 3144
948 3148
948 3418
948 3494
948 3629
948 3925
948 3998
948 4521
948 4802
948 4860
949 1080
949 1146
949 1609
949 1904
949 2122
949 2278
949 2870
949 4528
949 4530
950 1048
950 1511
950 1942
950 2010
950 2180
950 2363
950 2532
950 3805
950 4394
950 4634
950 4837
951 983
951 1163
951 1191
951 1202
951 1788
951 1822
951 2198
951 2328
951 2546
951 2609
951 2658
951 2871
951 2977
951 3047
951 3185
951 3252
951 3930
951 4407
951 4536
951 4539
951 4869
951 4919
952 1124
952 1633
952 1857
952 1877
952 2642
952 2875
952 4129
952 4492
952 4728
952 4729
952 4922
953 1049
953 1384
953 1466
953 1722
953 1894
953 2322
953 2358
953 3035
953 4561
953 4701
954 994
954 1074
954 1278
954 1373
954 2210
954 2265
954 2527
954 2789
954 3821
954 4100
955 1090
955 1394
955 1422
955 1585
955 1664
955 1731
955 1837
955 2284
955 2399
955 3111
955 4005
955 4821
955 4952
956 1164
956 1961
956 3404
956 3723
956 3937
956 3958
956 3971
956 4271
956 4294
956 4593
956 4988
957 1292
957 1349
957 1383
957 1646
957 1928
957 2299
957 2353
957 2906
957 3197
957 3337
957 3447
957 4202
957 4572
957 4710
958 1035
958 1291
958 1502
958 2189
958 2210
958 3105
958 3441
958 3876
958 4337
958 4628
958 4701
958 4708
958 4889
959 1193
959 1382
959 1387
959 1484
959 1972
959 2217
959 2384
959 3216
959 3382
959 3517
959 3656
959 4909
960 1328
960 1597
960 1784
960 2048
960 2312
960 2658
960 2701
960 3172
960 3488
960 3770
960 4334
960 4604
960 4657
961 1538
961 1539
961 2231
961 2250
961 2283
961 2468
961 2881
961 3355
961 3665
961 4549
961 4855
962 988
962 1051
962 1077
962 1355
962 1433
962 1897
962 1899
962 2356
962 2525
962 2554
962 2722
962 3822
962 4002
962 4111
962 4288
963 1085
963 2058
963 2088
963 2096
963 2235
963 2551
963 2741
963 3335
963 3409
963 3938
963 4003
963 4134
963 4359
963 4653
963 4843
964 1169
964 1452
964 1458
964 1626
964 2025
964 2207
964 2575
964 2658
964 2665
964 2701
964 3410
964 4303
964 4345
964 4645
965 1006
965 1120
965 1687
965 2003
965 2309
965 2667
965 2686
965 3201
965 3923
965 3927
965 4027
965 4100
965 4151
965 4195
965 4817
965 4898
966 1218
966 1262
966 1344
966 1628
966 1796
966 1904
966 2043
966 2428
966 2584
966 3158
966 3480
966 3497
966 4154
966 4248
966 4502
966 4720
967 1400
967 2168
967 2418
967 4680
967 4868
967 4903
967 4989
968 1062
968 1738
968 3237
968 3576
968 3619
968 3845
968 4162
968 4189
968 4222
968 4478
968 4899
968 4925
969 2333
969 2960
969 3106
969 3476
969 3767
969 3800
969 4330
969 4900
969 4963
970 1012
970 1182
970 1658
970 2101
970 2394
970 3001
970 3142
970 3226
970 3554
970 3666
970 3844
970 4032
970 4071
970 4548
970 4970
971 1132
971 1529
971 1530
971 2081
971 2102
971 2465
971 2897
971 3509
971 3546
971 4050
971 4105
971 4529
971 4586
972 1077
972 1993
972 2225
972 4110
972 4167
972 4404
972 4657
972 4674
973 1093
973 1365
973 2469
973 2815
973 2959
973 3198
973 3260
973 3551
973 3668
973 3792
973 3938
973 4272
973 4752
974 1146
974 1911
974 2643
974 2729
974 2810
974 3344
974 4442
974 4872
974 4903
975 1011
975 1136
975 1151
975 1873
975 1887
975 2143
975 2257
975 2325
975 2774
975 3217
975 3584
975 3879
975 3969
975 4205
975 4796
975 4855
976 1023
976 1642
976 1789
976 1935
976 2073
976 2750
976 3489
976 3696
976 3972
976 4000
976 4200
976 4274
976 4303
976 4923
977 980
977 1129
977 1353
977 1619
977 1950
977 2297
977 2493
977 2883
977 2975
977 3209
977 3554
977 4339
977 4574
977 4601
977 4734
977 4935
977 4940
978 1000
978 1193
978 1554
978 1633
978 2218
978 2264
978 2373
978 3665
978 3669
978 3676
978 3972
978 4189
978 4423
978 4502
978 4563
978 4722
979 1084
979 1086
979 1180
979 2984
979 3772
979 3805
979 4212
979 4636
980 2189
980 2900
980 3794
980 4024
980 4102
980 4113
980 4431
981 2438
981 2475
981 3419
981 3638
981 3642
981 3819
981 4101
981 4186
981 4280
981 4990
982 1096
982 1280
982 1551
982 2843
982 2858
982 3171
982 3405
982 3663
982 4103
982 4335
982 4361
983 1373
983 1933
983 2078
983 2589
983 2862
983 3170
983 3235
983 3275
983 3334
983 3356
983 3980
984 985
984 1241
984 2085
984 2209
984 2232
984 2851
984 2966
984 2972
984 3133
984 3681
984 4238
985 1296
985 1683
985 1872
985 2318
985 2482
985 2677
985 3291
985 3545
985 4034
985 4124
985 4129
985 4774
986 1161
986 1546
986 1702
986 1789
986 1820
986 1899
986 1961
986 2000
986 2211
986 2350
986 2941
986 3248
986 3317
986 3318
986 3364
986 3431
986 3548
986 3577
986 3813
986 3840
986 4155
986 4298
986 4321
986 4647
986 4696
986 4776
986 4889
987 1697
987 1718
987 2038
987 2082
987 2114
987 2632
987 2654
987 2796
987 2969
987 3089
987 3143
987 3295
987 4237
987 4522
987 4540
987 4553
988 1034
988 1068
988 1210
988 1217
988 1494
988 1514
988 1531
988 1612
988 1644
988 2052
988 2397
988 2444
988 3281
988 3915
988 3923
988 4517
989 1051
989 1270
989 1368
989 2361
989 2907
989 3027
989 3934
989 4191
989 4207
989 4286
989 4547
989 4688
990 1280
990 1474
990 2246
990 2606
990 2675
990 2748
990 3047
990 3243
990 3907
990 4001
990 4370
990 4624
990 4777
991 1143
991 1862
991 2515
991 3038
991 3525
991 3535
991 3551
991 3575
991 3576
991 3672
991 3758
991 3810
991 3908
991 4284
991 4482
991 4689
991 4753
992 1183
992 1431
992 1517
992 1642
992 1674
992 2405
992 2634
992 3017
992 3678
992 4396
992 4672
992 4690
992 4804
992 4884
993 1489
993 1835
993 2559
993 2721
993 2864
993 2920
993 2921
993 3505
993 4961
994 995
994 1182
994 1247
994 1264
994 1489
994 2063
994 2122
994 2941
994 2952
994 3038
994 3137
994 3556
994 3732
994 4188
994 4768
995 1492
995 2326
995 2529
995 2662
995 2777
995 2802
995 3699
995 3821
995 3948
995 4179
995 4220
995 4466
995 4978
996 1129
996 1582
996 1583
996 1619
996 3176
996 3729
996 4210
996 4350
997 1231
997 2697
997 3032
997 3203
997 3894
997 4048
997 4057
997 4412
998 1220
998 1520
998 1553
998 1644
998 2009
998 2303
998 2327
998 2684
998 2833
998 3231
998 3283
998 3933
998 4030
998 4218
998 4278
998 4785
999 1189
999 1496
999 2563
999 2951
999 2963
999 4004
999 4258
999 4969
1000 1025
1000 1042
1000 1564
1000 1855
1000 2333
1000 2594
1000 2872
1000 2982
1000 3219
1000 3776
1000 4288
1000 4529
1000 4804
1001 2183
1001 2210
1001 2427
1001 2537
1001 2933
1001 3156
1001 3738
1001 4213
1001 4327
1002 1566
1002 2806
1002 3237
1002 3560
1002 4203
1002 4409
1002 4604
1002 4747
1003 1676
1003 2096
1003 2104
1003 2803
1003 3011
1003 3151
1003 3574
1003 3733
1003 3952
1003 4105
1003 4305
1003 4440
1003 4582
1004 1421
1004 1510
1004 1856
1004 1931
1004 1969
1004 2363
1004 2477
1004 3012
1004 3044
1004 4366
1005 1112
1005 1210
1005 1497
1005 1518
1005 1559
1005 1665
1005 2237
1005 2831
1005 3595
1005 4016
1005 4651
1005 4683
1006 1159
1006 1653
1006 1961
1006 2347
1006 2473
1006 2510
1006 3608
1006 4113
1007 1054
1007 1084
1007 2046
1007 2253
1007 2256
1007 2549
1007 3118
1007 3844
1008 1149
1008 1455
1008 1741
1008 2289
1008 3278
1008 3554
1008 3785
1008 3852
1008 3889
1008 4753
1008 4873
1008 4890
1009 1279
1009 1295
1009 1563
1009 1661
1009 1854
1009 2400
1009 2918
1009 3000
1009 3025
1009 4078
1009 4082
1009 4124
1009 4555
1009 4843
1009 4980
1010 1407
1010 1414
1010 1733
1010 2097
1010 2582
1010 2720
1010 3018
1010 3147
1010 3493
1010 3610
1010 3803
1010 4154
1011 1144
1011 1620
1011 1666
1011 1909
1011 3506
1011 3974
1011 4175
1011 4275
1011 4307
1011 4423
1011 4584
1011 4630
1012 1604
1012 1756
1012 1922
1012 2094
1012 2603
1012 2615
1012 2790
1012 2984
1012 3054
1012 3329
1012 3522
1012 3632
1012 3697
1012 3879
1012 3917
1012 3922
1012 3955
1012 4396
1012 4511
1013 1625
1013 1743
1013 2282
1013 2375
1013 2525
1013 2820
1013 3208
1013 3527
1013 3821
1013 4085
1013 4101
1013 4291
1013 4470
1013 4594
1013 4907
1014 1446
1014 1659
1014 1785
1014 1999
1014 2799
1014 4189
1014 4800
1015 1625
1015 2468
1015 2507
1015 3280
1015 3295
1015 3473
1015 3927
1015 4023
1015 4722
1016 2004
1016 2471
1016 2794
1016 3311
1016 4433
1016 4781
1017 1552
1017 1935
1017 2545
1017 2667
1017 2802
1017 3235
1017 3254
1017 3285
1017 3548
1017 3985
1017 4105
1017 4244
1017 4256
1017 4579
1018 1328
1018 1530
1018 2072
1018 2663
1018 3018
1018 3507
1018 3752
1019 1261
1019 1506
1019 2129
1019 2441
1019 3361
1019 3392
1019 3515
1019 4146
1019 4160
1019 4163
1019 4337
1019 4671
1019 4685
1019 4755
1019 4956
1020 1147
1020 1802
1020 2503
1020 2585
1020 2612
1020 2651
1020 3083
1020 3152
1020 3400
1020 4095
1020 4183
1020 4269
1020 4529
1020 4749
1020 4762
1021 1220
1021 1342
1021 1376
1021 1783
1021 2288
1021 2760
1021 3109
1021 3613
1021 4345
1021 4956
1022 1645
1022 2008
1022 2639
1022 3902
1022 4008
1022 4363
1022 4394
1022 4500
1022 4833
1022 4913
1022 4964
1023 1654
1023 2709
1023 2998
1023 3845
1023 4074
1024 1186
1024 1562
1024 1983
1024 2939
1024 3593
1024 4670
1025 1160
1025 1185
1025 1515
1025 1619
1025 2395
1025 2460
1025 2611
1025 2810
1025 3219
1025 3421
1025 3633
1025 3722
1025 3829
1025 4511
1025 4589
1025 4735
1026 1076
1026 1113
1026 1433
1026 1997
1026 2213
1026 2549
1026 2705
1026 2896
1026 3026
1026 3231
1026 3319
1026 4345
1026 4791
1027 1527
1027 1718
1027 1823
1027 2078
1027 2738
1027 3038
1027 3109
1027 3775
1027 3988
1027 4558
1027 4611
1028 1127
1028 1370
1028 1907
1028 1996
1028 2050
1028 2608
1028 2724
1028 2779
1028 3108
1028 3641
1028 4353
1028 4807
1029 1288
1029 2006
1029 2068
1029 2250
1029 2352
1029 2674
1029 3425
1029 3703
1029 4121
1029 4262
1029 4579
1030 1104
1030 1542
1030 1955
1030 2338
1030 2410
1030 2683
1030 2860
1030 3093
1030 3672
1030 3939
1030 4022
1030 4090
1030 4564
1030 4897
1030 4952
1031 1631
1031 1660
1031 1666
1031 1978
1031 2281
1031 2339
1031 3259
1031 3689
1031 3749
1031 3960
1031 4238
1031 4318
1031 4480
1032 1162
1032 1306
1032 1476
1032 1610
1032 1686
1032 1713
1032 1968
1032 2091
1032 2187
1032 2337
1032 2432
1032 2648
1032 2978
1032 3027
1032 3546
1032 3695
1032 3711
1032 3838
1032 4089
1032 4254
1032 4991
1033 1366
1033 1647
1033 1781
1033 1842
1033 2637
1033 2679
1033 2747
1033 3182
1033 3359
1033 3991
1033 4384
1033 4401
1033 4638
1033 4896
1034 1484
1034 1515
1034 1926
1034 2186
1034 2224
1034 2291
1034 3478
1034 3554
1034 3646
1034 4272
1034 4289
1034 4491
1035 1149
1035 1587
1035 2079
1035 2119
1035 2427
1035 2772
1035 2841
1035 3098
1035 3612
1035 3980
1035 4221
1035 4869
1036 1593
1036 1612
1036 1650
1036 2097
1036 2173
1036 2419
1036 2732
1036 2970
1036 3826
1036 4224
1036 4545
1036 4558
1036 4677
1036 4725
1037 1096
1037 1162
1037 1496
1037 1522
1037 1700
1037 1931
1037 2004
1037 3111
1037 3379
1037 3556
1037 3633
1037 3677
1037 4007
1037 4341
1037 4498
1037 4707
1038 1291
1038 1514
1038 1573
1038 1704
1038 1746
1038 1790
1038 2176
1038 2721
1038 3027
1038 3102
1038 4179
1038 4769
1038 4913
1039 1503
1039 1550
1039 1743
1039 1936
1039 2277
1039 2377
1039 2542
1039 3178
1039 3241
1039 3293
1039 3639
1039 3681
1039 4046
1039 4336
1040 1788
1040 1820
1040 2892
1040 3970
1040 4098
1040 4542
1040 4696
1040 4997
1041 1130
1041 1164
1041 1250
1041 1303
1041 1605
1041 2417
1041 2443
1041 2715
1041 3095
1041 3756
1041 3774
1041 4185
1041 4360
1041 4538
1041 4654
1042 1466
1042 1722
1042 2116
1042 2387
1042 2572
1042 2893
1042 3097
1042 3354
1042 3408
1042 3558
1042 4034
1042 4177
1042 4677
1043 1071
1043 1287
1043 1922
1043 2143
1043 2399
1043 2790
1043 2992
1043 3022
1043 3072
1043 3088
1043 3479
1043 3512
1043 4736
1043 4878
1044 1163
1044 1446
1044 1591
1044 1758
1044 2055
1044 2241
1044 2304
1044 2350
1044 2730
1044 3640
1044 3977
1044 4878
1045 1181
1045 1519
1045 1902
1045 2088
1045 2248
1045 3199
1045 3789
1045 4344
1045 4550
1046 1212
1046 1323
1046 1402
1046 1527
1046 1775
1046 1846
1046 2173
1046 2193
1046 2669
1046 3088
1046 3143
1046 3361
1046 3415
1046 3434
1046 3466
1046 3640
1046 3707
1046 3864
1046 4352
1046 4517
1047 1165
1047 1595
1047 1820
1047 2143
1047 2313
1047 2957
1047 4291
1047 4373
1048 1272
1048 1273
1048 1422
1048 1796
1048 2003
1048 2710
1048 3020
1048 3046
1048 3237
1048 3285
1048 3491
1048 4249
1048 4511
1048 4781
1049 1067
1049 1157
1049 1611
1049 1765
1049 1874
1049 1903
1049 1945
1049 2253
1049 2382
1049 2449
1049 2488
1049 2742
1049 2790
1049 2866
1049 3002
1049 3176
1049 3270
1049 3479
1049 3964
1049 4014
1049 4638
1049 4892
1049 4942
1050 1085
1050 1383
1050 2488
1050 2586
1050 2839
1050 3697
1050 4437
1051 1317
1051 1591
1051 2004
1051 2710
1051 2889
1051 3327
1051 4316
1051 4895
1051 4944
1052 1116
1052 1310
1052 1389
1052 1404
1052 1861
1052 2087
1052 2139
1052 2524
1052 2600
1052 3044
1052 3192
1052 3914
1052 4023
1052 4053
1052 4098
1052 4231
1053 1299
1053 1536
1053 1824
1053 2084
1053 2234
1053 2915
1053 3641
1053 3868
1053 3906
1053 4096
1053 4543
1054 1173
1054 1521
1054 2149
1054 2706
1054 2813
1054 3031
1054 3970
1054 4152
1054 4181
1054 4413
1055 1086
1055 1291
1055 1305
1055 1316
1055 1427
1055 1575
1055 1799
1055 1995
1055 2132
1055 2544
1055 3268
1055 3510
1055 3999
1055 4243
1056 1596
1056 2255
1056 2605
1056 2779
1056 3250
1056 3790
1056 3970
1056 4205
1056 4695
1056 4962
1057 1690
1057 1876
1057 2005
1057 2080
1057 2331
1057 3086
1057 3214
1057 4529
1057 4910
1058 1701
1058 1711
1058 2395
1058 2837
1058 3338
1058 3768
1058 3770
1058 3923
1058 4383
1058 4386
1058 4410
1058 4499
1058 4841
1058 4891
1058 4911
1059 1204
1059 1467
1059 1579
1059 1758
1059 2050
1059 2071
1059 2273
1059 2354
1059 2550
1059 3496
1059 3610
1059 4033
1059 4703
1059 4920
1060 1072
1060 1266
1060 1854
1060 1968
1060 2398
1060 2593
1060 3292
1060 3314
1060 3497
1060 4428
1060 4438
1061 1442
1061 1688
1061 1749
1061 2279
1061 2380
1061 2816
1061 2971
1061 3230
1061 3692
1061 3797
1061 3836
1061 4371
1061 4910
1062 1209
1062 1263
1062 1270
1062 1281
1062 1439
1062 1556
1062 2093
1062 2203
1062 2218
1062 2387
1062 2737
1062 2902
1062 3339
1062 3351
1062 3575
1062 3581
1062 4462
1062 4586
1062 4643
1062 4755
1062 4958
1063 1134
1063 1691
1063 2035
1063 2098
1063 2104
1063 2298
1063 3028
1063 3105
1063 3235
1063 4785
1064 1160
1064 2002
1064 2270
1064 2284
1064 2422
1064 2582
1064 3105
1064 3374
1064 3401
1064 3544
1064 3730
1064 4520
1064 4841
1065 1069
1065 1392
1065 1565
1065 2365
1065 3295
1065 3652
1065 3724
1065 4358
1065 4774
1066 1235
1066 1292
1066 1554
1066 1623
1066 1643
1066 1778
1066 2126
1066 2626
1066 3054
1066 3154
1066 3452
1066 3501
1066 4386
1066 4739
1066 4780
1067 1131
1067 1529
1067 1746
1067 1798
1067 1824
1067 2028
1067 2885
1067 2926
1067 3428
1067 3536
1067 3546
1067 3790
1067 4221
1067 4439
1067 4934
1068 1535
1068 2184
1068 2353
1068 2858
1068 3278
1068 3801
1068 3803
1068 3979
1068 4162
1068 4869
1068 4980
1069 1112
1069 1228
1069 1594
1069 2234
1069 2619
1069 2644
1069 4053
1069 4196
1069 4201
1069 4321
1069 4458
1069 4690
1069 4785
1070 1240
1070 1468
1070 2068
1070 2147
1070 2191
1070 2569
1070 3273
1070 3962
1070 4018
1070 4613
1071 1082
1071 1179
1071 1501
1071 1536
1071 1558
1071 1950
1071 2474
1071 2491
1071 2507
1071 2751
1071 2919
1071 2925
1071 3018
1071 3034
1071 3131
1071 3487
1071 3672
1071 3692
1071 4019
1071 4563
1071 4956
1072 1811
1072 1890
1072 1927
1072 2736
1072 2814
1072 2985
1072 3516
1072 3521
1072 3789
1072 4133
1072 4164
1072 4238
1072 4267
1072 4564
1073 1098
1073 1204
1073 1760
1073 1883
1073 1915
1073 2080
1073 2280
1073 2291
1073 2757
1073 2919
1073 3005
1073 3252
1073 3456
1073 4141
1073 4180
1073 4315
1073 4601
1073 4870
1073 4962
1074 1438
1074 1532
1074 1767
1074 2307
1074 2817
1074 3606
1074 3952
1074 3995
1074 4475
1075 1277
1075 1958
1075 2364
1075 2395
1075 2474
1075 3055
1075 3634
1075 4121
1075 4642
1075 4824
1075 4850
1075 4866
1076 1223
1076 1421
1076 1453
1076 1652
1076 2274
1076 2279
1076 3026
1076 3212
1076 3753
1076 4009
1076 4120
1076 4140
1076 4176
1076 4965
1077 1640
1077 1777
1077 1847
1077 1872
1077 2523
1077 3438
1077 3951
1077 4412
1077 4789
1078 1140
1078 1217
1078 1406
1078 1587
1078 1641
1078 1674
1078 1915
1078 2438
1078 3054
1078 3361
1078 3434
1078 3615
1078 3821
1078 3934
1078 4400
1078 4451
1078 4857
1078 4985
1079 1596
1079 2347
1079 3263
1079 4299
1079 4400
1079 4940
1080 2070
1080 2971
1080 3214
1080 4392
1080 4591
1080 4968
1081 1957
1081 2652
1081 2845
1081 3898
1081 4070
1081 4978
1082 1085
1082 1248
1082 2070
1082 2500
1082 3305
1082 3672
1082 3860
1082 4157
1082 4178
1082 4233
1082 4301
1082 4717
1082 4988
1083 1310
1083 1528
1083 1764
1083 1828
1083 1910
1083 1925
1083 1975
1083 2204
1083 2842
1083 3001
1083 3513
1083 3650
1083 3689
1083 4588
1083 4900
1084 1756
1084 1926
1084 1972
1084 2862
1084 3503
1084 4273
1084 4363
1084 4691
1085 1349
1085 1571
1085 1845
1085 2357
1085 2761
1085 3009
1085 3030
1085 3408
1085 4142
1085 4231
1085 4305
1085 4344
1085 4508
1085 4516
1085 4781
1085 4985
1086 1355
1086 1453
1086 2073
1086 3028
1086 4229
1086 4395
1086 4993
1087 1483
1087 2944
1087 3555
1087 3842
1087 3886
1087 4482
1087 4830
1088 1177
1088 1509
1088 1809
1088 1850
1088 2242
1088 2272
1088 2587
1088 2646
1088 3173
1088 3628
1088 3968
1088 4873
1089 2578
1089 2942
1089 2955
1089 3426
1089 3916
1089 4453
1089 4509
1089 4930
1089 4978
1090 1545
1090 1646
1090 1691
1090 2697
1090 2854
1090 3433
1090 4390
1091 1938
1091 2696
1091 2949
1091 3201
1091 3784
1091 3995
1091 4047
1091 4168
1091 4724
1092 1572
1092 1623
1092 1700
1092 2473
1092 2834
1092 4111
1092 4610
1092 4733
1092 4903
1093 1195
1093 1316
1093 1925
1093 2483
1093 2487
1093 2577
1093 2739
1093 2976
1093 3197
1093 3457
1093 4375
1093 4422
1093 4667
1094 1137
1094 1518
1094 1916
1094 2146
1094 2814
1094 3251
1094 3826
1094 4469
1094 4597
1095 1125
1095 1150
1095 1301
1095 1808
1095 2169
1095 2402
1095 2868
1095 2988
1095 3360
1095 4159
1095 4318
1095 4385
1095 4685
1095 4949
1096 1100
1096 1782
1096 2112
1096 2381
1096 2457
1096 2589
1096 2785
1096 3096
1096 3298
1096 3907
1096 3990
1096 4161
1096 4562
1096 4739
1096 4869
1096 4958
1097 1294
1097 2169
1097 2208
1097 2405
1097 2451
1097 2707
1097 2727
1097 3101
1097 3150
1097 3486
1097 4687
1098 2419
1098 3678
1098 4259
1098 4409
1098 4503
1098 4800
1099 1341
1099 1559
1099 1747
1099 1858
1099 2073
1099 2255
1099 2483
1099 3177
1099 3317
1099 3856
1099 4010
1099 4346
1099 4383
1099 4894
1100 1364
1100 2028
1100 2207
1100 2424
1100 2563
1100 2852
1100 3221
1100 3469
1100 3710
1100 4220
1100 4343
1100 4868
1100 4999
1101 2128
1101 2185
1101 2256
1101 2338
1101 2529
1101 2567
1101 2574
1101 2825
1101 2837
1101 2897
1101 3307
1101 3440
1101 3490
1101 3908
1101 3951
1101 4870
1101 4888
1101 4975
1102 1219
1102 1291
1102 1383
1102 1936
1102 2000
1102 3347
1102 3462
1102 3537
1102 3593
1102 3656
1102 4020
1102 4237
1102 4381
1102 4918
1103 1138
1103 1164
1103 1315
1103 1643
1103 1721
1103 1725
1103 2403
1103 3950
1103 4002
1103 4215
1103 4765
1104 1668
1104 2480
1104 2496
1104 2596
1104 3180
1104 3685
1104 3744
1104 3920
1104 4365
1105 1370
1105 1728
1105 2262
1105 2359
1105 2454
1105 2674
1105 2872
1105 3024
1105 3695
1105 4138
1105 4178
1105 4320
1105 4410
1105 4577
1105 4655
1106 1117
1106 1535
1106 1582
1106 1709
1106 2483
1106 2535
1106 2792
1106 3500
1106 3698
1106 3802
1106 4158
1106 4270
1106 4611
1106 4939
1107 1414
1107 1723
1107 2060
1107 2166
1107 2167
1107 2170
1107 2298
1107 2338
1107 2340
1107 2832
1107 3003
1107 3023
1107 3470
1107 4321
1107 4691
1107 4702
1108 1862
1108 1867
1108 1902
1108 1961
1108 2100
1108 2219
1108 2298
1108 2473
1108 2626
1108 2783
1108 3197
1108 3492
1108 3828
1108 4129
1108 4157
1108 4342
1108 4506
1108 4768
1109 1542
1109 1948
1109 2510
1109 2907
1109 3028
1109 3546
1109 4334
1109 4489
1109 4778
1109 4959
1110 1156
1110 1712
1110 2020
1110 2457
1110 2613
1110 3211
1110 3340
1110 3865
1110 3920
1110 3970
1110 4173
1110 4592
1111 1913
1111 2009
1111 2337
1111 2894
1111 2958
1111 3321
1111 3328
1111 4620
1112 1353
1112 1856
1112 2072
1112 2092
1112 2203
1112 2389
1112 2468
1112 2548
1112 2840
1112 2930
1112 2993
1112 3209
1112 3275
1112 3429
1112 3991
1112 4257
1112 4299
1112 4765
1113 1542
1113 1728
1113 2297
1113 2298
1113 2483
1113 2500
1113 3384
1113 3990
1113 4002
1113 4065
1113 4189
1113 4346
1113 4374
1113 4933
1114 1273
1114 1284
1114 1346
1114 1358
1114 1631
1114 2035
1114 2587
1114 3115
1114 3120
1114 3342
1114 4840
1115 1219
1115 2391
1115 2482
1115 2663
1115 3803
1115 3945
1115 4029
1115 4369
1116 1712
1116 1944
1116 2031
1116 2332
1116 2494
1116 2588
1116 2622
1116 2928
1116 3205
1116 4204
1116 4698
1117 2374
1117 2728
1117 2927
1117 2960
1117 3073
1117 3096
1117 3228
1117 3229
1117 3435
1117 3483
1117 3683
1117 4145
1117 4394
1117 4614
1117 4709
1117 4821
1118 1231
1118 2079
1118 2415
1118 3379
1118 3435
1118 3519
1118 4239
1118 4306
1118 4805
1119 1154
1119 1483
1119 1524
1119 1618
1119 1629
1119 1737
1119 2045
1119 2183
1119 2620
1119 3245
1119 3418
1119 3636
1119 3694
1119 4169
1119 4522
1119 4907
1119 4992
1120 1269
1120 1639
1120 2064
1120 2199
1120 2312
1120 2382
1120 2659
1120 2896
1120 2932
1120 3232
1120 3585
1120 4147
1120 4256
1120 4265
1120 4477
1121 1226
1121 1282
1121 1286
1121 1618
1121 2086
1121 2962
1121 3374
1121 3870
1121 4062
1121 4113
1121 4140
1121 4548
1121 4728
1122 1211
1122 1308
1122 1428
1122 1886
1122 1977
1122 2405
1122 3143
1122 3205
1122 3448
1122 3688
1122 4072
1122 4096
1122 4307
1122 4648
1122 4765
1122 4887
1122 4956
1123 1484
1123 1840
1123 1862
1123 1910
1123 2021
1123 2288
1123 2320
1123 2421
1123 2511
1123 2677
1123 3156
1123 3440
1123 3441
1123 4138
1123 4923
1124 1142
1124 1152
1124 1176
1124 1280
1124 1341
1124 1575
1124 1590
1124 1719
1124 2070
1124 2415
1124 3043
1124 3089
1124 3142
1124 3812
1124 4077
1124 4112
1124 4944
1125 1414
1125 1568
1125 2178
1125 2710
1125 2735
1125 2745
1125 2774
1125 2878
1125 2914
1125 2964
1125 3002
1125 3128
1125 4006
1125 4633
1125 4917
1126 1135
1126 1205
1126 1616
1126 1916
1126 2036
1126 2211
1126 2483
1126 2647
1126 2880
1126 3058
1126 4009
1126 4257
1126 4548
1127 1638
1127 2121
1127 3100
1127 4046
1127 4345
1127 4521
1127 4642
1128 1541
1128 1543
1128 2332
1128 2440
1128 2525
1128 2546
1128 3188
1128 3367
1128 3858
1128 4526
1129 1137
1129 1330
1129 2112
1129 2238
1129 2458
1129 2609
1129 2674
1129 2878
1129 2942
1129 3367
1129 3434
1129 3532
1129 3963
1129 3999
1129 4331
1129 4340
1129 4605
1130 1192
1130 1522
1130 1662
1130 1982
1130 2080
1130 2505
1130 2949
1130 3153
1130 3369
1130 3685
1130 4014
1130 4045
1130 4798
1130 4818
1131 1390
1131 1397
1131 1422
1131 1908
1131 2641
1131 3237
1131 4086
1131 4441
1131 4736
1131 4762
1131 4873
1132 1158
1132 1255
1132 1423
1132 1521
1132 1550
1132 1843
1132 2863
1132 2910
1132 3064
1132 3304
1132 3314
1132 3464
1132 3476
1132 3593
1132 3619
1132 3818
1132 3877
1132 4021
1132 4786
1133 1812
1133 1939
1133 1943
1133 1987
1133 2403
1133 2413
1133 2570
1133 3558
1133 3974
1133 4467
1133 4501
1133 4566
1133 4595
1133 4834
1134 1425
1134 1479
1134 1643
1134 1651
1134 1773
1134 1874
1134 1994
1134 2640
1134 2658
1134 2850
1134 3301
1134 3433
1134 3578
1134 3929
1134 4004
1134 4249
1134 4879
1135 1191
1135 1214
1135 1522
1135 1660
1135 2210
1135 2880
1135 3001
1135 3327
1135 3532
1135 3576
1135 3969
1135 4723
1135 4737
1135 4866
1136 1190
1136 1223
1136 1327
1136 1338
1136 1446
1136 2268
1136 2872
1136 3110
1136 4069
1136 4288
1136 4570
1136 4866
1136 4881
1137 1256
1137 1281
1137 1309
1137 1794
1137 2000
1137 2143
1137 2365
1137 2942
1137 3774
1137 3975
1137 4544
1137 4586
1137 4621
1138 1279
1138 1422
1138 1955
1138 1981
1138 2383
1138 2449
1138 2672
1138 2798
1138 3190
1138 3242
1138 3363
1138 3463
1138 3603
1138 4560
1138 4710
1138 4927
1139 1304
1139 1903
1139 2168
1139 2247
1139 3503
1139 3573
1139 3629
1139 4855
1139 4966
1140 1248
1140 1316
1140 1378
1140 1505
1140 1531
1140 2222
1140 2412
1140 3611
1140 3688
1140 3748
1140 4100
1140 4157
1140 4447
1140 4841
1141 1435
1141 1449
1141 1574
1141 1764
1141 1944
1141 2411
1141 2413
1141 2540
1141 2774
1141 2786
1141 2809
1141 2930
1141 2962
1141 2965
1141 3098
1141 3294
1141 3396
1141 3467
1141 3525
1141 3700
1141 3704
1141 3741
1141 3884
1141 3894
1141 4743
1141 4817
1142 1436
1142 1492
1142 1749
1142 2159
1142 2562
1142 2670
1142 3257
1142 3604
1142 3947
1142 4382
1142 4423
1142 4459
1142 4515
1142 4536
1142 4790
1142 4803
1142 4840
1142 4912
1143 1260
1143 1710
1143 1762
1143 2022
1143 2076
1143 2100
1143 2236
1143 2365
1143 2666
1143 2707
1143 3032
1143 3058
1143 3216
1143 3512
1143 3637
1143 4029
1143 4523
1143 4763
1143 4864
1144 1737
1144 2351
1144 2564
1144 2758
1144 3028
1144 3128
1144 3542
1144 4116
1144 4810
1144 4882
1145 1421
1145 1552
1145 1984
1145 2361
1145 2413
1145 2867
1145 3139
1145 3347
1145 4097
1145 4460
1145 4944
1146 1855
1146 1958
1146 2353
1146 2584
1146 2614
1146 3654
1146 4200
1146 4443
1146 4526
1147 1231
1147 1255
1147 2058
1147 2939
1147 3043
1147 3717
1147 3754
1147 3781
1147 3808
1147 4074
1147 4784
1147 4791
1147 4893
1147 4915
1147 4959
1147 4984
1148 1223
1148 1754
1148 1767
1148 1977
1148 2094
1148 2399
1148 2515
1148 2638
1148 3919
1148 4133
1148 4313
1148 4669
1148 4845
1148 4881
1148 4898
1148 4902
1149 1459
1149 2050
1149 2537
1149 2823
1149 3059
1149 3197
1149 3452
1149 3859
1149 4115
1149 4223
1150 1174
1150 1614
1150 1625
1150 1663
1150 2326
1150 2591
1150 2986
1150 3200
1150 3305
1150 3723
1150 4183
1151 1442
1151 1584
1151 1815
1151 1932
1151 2184
1151 2448
1151 2841
1151 3719
1151 4347
1151 4582
1151 4997
1152 1882
1152 2591
1152 2837
1152 3031
1152 3621
1152 4616
1152 4753
1153 2307
1153 2341
1153 2780
1153 3505
1153 3643
1153 3800
1153 3805
1153 4199
1153 4402
1153 4531
1153 4643
1153 4866
1154 1784
1154 1957
1154 2119
1154 2174
1154 2272
1154 2581
1154 2671
1154 2758
1154 2853
1154 2903
1154 3015
1154 3153
1154 3456
1154 3655
1154 3718
1154 3841
1154 3851
1154 4152
1154 4273
1154 4557
1154 4664
1154 4820
1154 4877
1154 4953
1155 1441
1155 1462
1155 1636
1155 2396
1155 2403
1155 2470
1155 3774
1155 3854
1155 3860
1155 3928
1155 4113
1155 4530
1155 4747
1155 4758
1155 4845
1155 4932
1156 1188
1156 2122
1156 2690
1156 2744
1156 3161
1156 3199
1156 3241
1156 4370
1156 4556
1156 4685
1156 4907
1156 4931
1157 1269
1157 2110
1157 2252
1157 3346
1157 3397
1157 3623
1157 3663
1157 3683
1157 3902
1157 4003
1157 4028
1157 4057
1157 4200
1157 4230
1157 4729
1157 4909
1157 4942
1158 1797
1158 1867
1158 2384
1158 2929
1158 3598
1158 3759
1158 3945
1158 4219
1158 4393
1158 4890
1159 1195
1159 1327
1159 1642
1159 1705
1159 2965
1159 3539
1159 3869
1159 4081
1159 4431
1159 4538
1159 4988
1160 1686
1160 1737
1160 1843
1160 1851
1160 2104
1160 2483
1160 2572
1160 2607
1160 2611
1160 2883
1160 2954
1160 3351
1160 3396
1160 3570
1160 3760
1160 3781
1160 4254
1160 4409
1160 4637
1160 4996
1161 1426
1161 2056
1161 2199
1161 2368
1161 2538
1161 2786
1161 2894
1161 3085
1161 3092
1161 3527
1161 3696
1161 3905
1161 4535
1161 4628
1161 4677
1161 4829
1162 1262
1162 1453
1162 1782
1162 1930
1162 2241
1162 2270
1162 2288
1162 2379
1162 3245
1162 3388
1162 4009
1162 4052
1162 4491
1162 4729
1162 4941
1162 4997
1163 1199
1163 1296
1163 1439
1163 1454
1163 2140
1163 2682
1163 3232
1163 3550
1163 3903
1163 3949
1163 3954
1163 4336
1163 4447
1163 4970
1164 1323
1164 1579
1164 1584
1164 1621
1164 1726
1164 1765
1164 2580
1164 2829
1164 3237
1164 3257
1164 3258
1164 3587
1164 3785
1164 4059
1164 4120
1164 4206
1164 4587
1165 1665
1165 1784
1165 2452
1165 2818
1165 2846
1165 2924
1165 3413
1165 3506
1165 3903
1165 4173
1165 4611
1166 1183
1166 1580
1166 1693
1166 2124
1166 2859
1166 2893
1166 3493
1166 3716
1166 4111
1166 4255
1167 1536
1167 1901
1167 2465
1167 2882
1167 2977
1167 2983
1167 3115
1167 3417
1167 3485
1167 3639
1167 3790
1167 3870
1167 4366
1167 4420
1167 4472
1167 4706
1168 1287
1168 1727
1168 1848
1168 1872
1168 2446
1168 2568
1168 3703
1168 3830
1168 4132
1168 4223
1168 4271
1168 4490
1168 4763
1168 4999
1169 1286
1169 1471
1169 1546
1169 1548
1169 1609
1169 1654
1169 1805
1169 1897
1169 2796
1169 3183
1169 3425
1169 3432
1169 3578
1169 4082
1169 4107
1169 4698
1170 1491
1170 1676
1170 1930
1170 3164
1170 3322
1170 3378
1170 3530
1170 3583
1170 3674
1170 3989
1170 4146
1170 4304
1170 4399
1170 4984
1171 1181
1171 1397
1171 1671
1171 1680
1171 2362
1171 2537
1171 2774
1171 3163
1171 3403
1171 3501
1171 3519
1171 3868
1171 4306
1171 4952
1172 1513
1172 1582
1172 1967
1172 1992
1172 2052
1172 2117
1172 2235
1172 2632
1172 3119
1172 3123
1172 3204
1172 3709
1172 3769
1172 4099
1172 4419
1172 4806
1173 1240
1173 1694
1173 2493
1173 2528
1173 2877
1173 3618
1173 4161
1173 4185
1173 4804
1174 1448
1174 1515
1174 1855
1174 2050
1174 2649
1174 2810
1175 1384
1175 1943
1175 2016
1175 2131
1175 2141
1175 2444
1175 2743
1175 2805
1175 2809
1175 3561
1175 3698
1175 4058
1175 4251
1175 4265
1175 4615
1176 1551
1176 1807
1176 1939
1176 2297
1176 2346
1176 3056
1176 3541
1176 4150
1176 4265
1176 4513
1176 4552
1177 1556
1177 2069
1177 2198
1177 2307
1177 2491
1177 2530
1177 2751
1177 2893
1177 3587
1177 3768
1177 4386
1178 1318
1178 1433
1178 1508
1178 1558
1178 2052
1178 2382
1178 2561
1178 3232
1178 3609
1178 3672
1178 4300
1178 4315
1178 4365
1178 4491
1179 1355
1179 2317
1179 2727
1179 2732
1179 2891
1179 3534
1179 3595
1179 3944
1179 3983
1179 4044
1179 4271
1179 4481
1179 4534
1179 4610
1179 4627
1179 4686
1179 4752
1179 4893
1180 1240
1180 1302
1180 1691
1180 1713
1180 1722
1180 2311
1180 3106
1181 1661
1181 1714
1181 1834
1181 1982
1181 2321
1181 2402
1181 3251
1181 3419
1181 3460
1181 4423
1181 4487
1182 1330
1182 1379
1182 1763
1182 1770
1182 3188
1182 3260
1182 3452
1182 3714
1182 3715
1182 3934
1182 3955
1182 4155
1183 1437
1183 1919
1183 2028
1183 2364
1183 2436
1183 2447
1183 2750
1183 3426
1183 3477
1183 3672
1183 4282
1183 4318
1183 4819
1184 1603
1184 1699
1184 2112
1184 2274
1184 2542
1184 2943
1184 3372
1184 3525
1184 4053
1184 4168
1184 4374
1184 4402
1185 1477
1185 1640
1185 1853
1185 2031
1185 2971
1185 2987
1185 3022
1185 3508
1185 3784
1185 3929
1185 4867
1186 1264
1186 1308
1186 1314
1186 1352
1186 2485
1186 2816
1186 2950
1186 3487
1186 3856
1186 4792
1186 4980
1187 1351
1187 1384
1187 1483
1187 1961
1187 2188
1187 2264
1187 3020
1187 3042
1187 3120
1187 3178
1187 3360
1187 3883
1187 3897
1187 4040
1187 4437
1187 4568
1187 4736
1187 4760
1187 4915
1188 1368
1188 1570
1188 1695
1188 2258
1188 2576
1188 2980
1188 3130
1188 3667
1188 3826
1188 4158
1188 4755
1188 4840
1189 1295
1189 1521
1189 1717
1189 1802
1189 2237
1189 2254
1189 2442
1189 3042
1189 3887
1189 3911
1189 4430
1189 4752
1190 1893
1190 2185
1190 2312
1190 2472
1190 2742
1190 2932
1190 3458
1190 3549
1190 4131
1190 4850
1191 1252
1191 1760
1191 1808
1191 1809
1191 2257
1191 2608
1191 2642
1191 2651
1191 3244
1191 3758
1191 3866
1191 4638
1192 1842
1192 2845
1192 3277
1192 3505
1192 3978
1192 4247
1192 4670
1192 4822
1193 1196
1193 1212
1193 1711
1193 2178
1193 2290
1193 2550
1193 2568
1193 2592
1193 2685
1193 2833
1193 3060
1193 3230
1193 3290
1193 3338
1193 3598
1193 4783
1193 4930
1194 1263
1194 2310
1194 2370
1194 2716
1194 2802
1194 2981
1194 3107
1194 3141
1194 3189
1194 3566
1194 4445
1194 4911
1195 1203
1195 1307
1195 1643
1195 1967
1195 2091
1195 2521
1195 2828
1195 3452
1195 3963
1195 3981
1195 4098
1195 4196
1195 4326
1195 4331
1195 4501
1195 4522
1195 4789
1195 4887
1196 1477
1196 1501
1196 1602
1196 2412
1196 2436
1196 2513
1196 2621
1196 2975
1196 4968
1197 2007
1197 2390
1197 2750
1197 2983
1197 4177
1197 4271
1197 4416
1197 4919
1198 1299
1198 1508
1198 1687
1198 1867
1198 2634
1198 3437
1198 3694
1198 4083
1198 4710
1199 1640
1199 2297
1199 2380
1199 2679
1199 2752
1199 4482
1199 4931
1200 2031
1200 2231
1200 2361
1200 2424
1200 2729
1200 2944
1200 3239
1200 3243
1200 3684
1200 4288
1200 4766
1201 1741
1201 1848
1201 1955
1201 2381
1201 2610
1201 2660
1201 3469
1201 3586
1201 3736
1201 3767
1201 3926
1201 4059
1201 4141
1201 4625
1201 4788
1202 1222
1202 1887
1202 2361
1202 2506
1202 2599
1202 2960
1202 3048
1202 3215
1202 3295
1202 3499
1202 3599
1202 3844
1202 3962
1202 4474
1202 4831
1203 1394
1203 1952
1203 2178
1203 2207
1203 2258
1203 2301
1203 2717
1203 4894
1204 1586
1204 1606
1204 1929
1204 2098
1204 2508
1204 2640
1204 2818
1204 2951
1204 3036
1204 3278
1204 3412
1204 4547
1204 4868
1205 1521
1205 1907
1205 2048
1205 2355
1205 2635
1205 3872
1205 4123
1205 4416
1205 4498
1205 4775
1206 1498
1206 1867
1206 2072
1206 2233
1206 2364
1206 2802
1206 2975
1206 3037
1206 3435
1206 4064
1206 4255
1206 4259
1206 4914
1207 1287
1207 1618
1207 1950
1207 1957
1207 2436
1207 2595
1207 3218
1207 3264
1207 3680
1207 3836
1207 3890
1207 4083
1208 2095
1208 2208
1208 2394
1208 3531
1208 3641
1208 3882
1208 3988
1208 4508
1208 4696
1209 1617
1209 2230
1209 3636
1209 3744
1209 3833
1209 4088
1209 4665
1209 4963
1210 1346
1210 1498
1210 1845
1210 2064
1210 2098
1210 2101
1210 2420
1210 2922
1210 3337
1210 4046
1210 4328
1210 4446
1210 4608
1210 4912
1210 4936
1211 3040
1211 3121
1211 3502
1211 3561
1211 3629
1211 4359
1211 4609
1211 4896
1212 1846
1212 2024
1212 2709
1212 2920
1212 3057
1212 3115
1212 4064
1212 4340
1212 4757
1212 4975
1213 1481
1213 1716
1213 1861
1213 2354
1213 2750
1213 3475
1213 3772
1213 3790
1213 4327
1213 4829
1213 4962
1214 1408
1214 1413
1214 1550
1214 1622
1214 2640
1214 2773
1214 3031
1214 3359
1214 3429
1214 3509
1214 3951
1214 4761
1214 4949
1215 1216
1215 1398
1215 1629
1215 1667
1215 1865
1215 2282
1215 2560
1215 2585
1215 3278
1215 3782
1215 4923
1216 2490
1216 2575
1216 2749
1216 3227
1216 3276
1216 3295
1216 3299
1216 3359
1216 3443
1216 3613
1216 4022
1216 4393
1216 4691
1216 4709
1217 3030
1217 3159
1217 3227
1217 3447
1217 3616
1217 3895
1217 3921
1218 1404
1218 1544
1218 1806
1218 1884
1218 2707
1218 2708
1218 2814
1218 2952
1218 3296
1218 3416
1218 3425
1218 3612
1218 3954
1218 4055
1218 4101
1218 4820
1218 4841
1218 4864
1219 1373
1219 1526
1219 1744
1219 1794
1219 1920
1219 1995
1219 2310
1219 2405
1219 2656
1219 2663
1219 2796
1219 2953
1219 3082
1219 3862
1220 1426
1220 1578
1220 1596
1220 1817
1220 1978
1220 2106
1220 2262
1220 2328
1220 2548
1220 3110
1220 3238
1220 3244
1220 3350
1220 3634
1220 3728
1220 3924
1220 4712
1220 4761
1220 4891
1220 4964
1221 1539
1221 2223
1221 2502
1221 3153
1221 4063
1221 4626
1221 4714
1222 1678
1222 2065
1222 2270
1222 2306
1222 2395
1222 3112
1222 3445
1222 3814
1222 4055
1222 4347
1222 4449
1222 4512
1222 4544
1222 4714
1223 1833
1223 2250
1223 2270
1223 2271
1223 2333
1223 2609
1223 2915
1223 4102
1223 4985
1224 2006
1224 2055
1224 2518
1224 2944
1224 3672
1224 3855
1224 4177
1224 4212
1224 4326
1224 4415
1224 4510
1224 4837
1225 1316
1225 1336
1225 1898
1225 2060
1225 2063
1225 2348
1225 3024
1225 3194
1225 3212
1225 3465
1225 3824
1225 4119
1225 4404
1225 4646
1226 1990
1226 2002
1226 2420
1226 2801
1226 2900
1226 2977
1226 3797
1226 4000
1226 4197
1226 4213
1226 4708
1226 4854
1227 1663
1227 1962
1227 2591
1227 2652
1227 2822
1227 2841
1227 3227
1227 3492
1227 3943
1227 4082
1227 4470
1227 4599
1227 4874
1228 1578
1228 1606
1228 1695
1228 1893
1228 2109
1228 2430
1228 2542
1228 2920
1228 3611
1228 3631
1228 4069
1229 1488
1229 1688
1229 1859
1229 2046
1229 2793
1229 3073
1229 3306
1229 3587
1229 3657
1229 3767
1229 4579
1229 4606
1229 4631
1229 4689
1229 4726
1229 4771
1229 4882
1229 4897
1230 1740
1230 2181
1230 2231
1230 2533
1230 2569
1230 2817
1230 3309
1230 3563
1230 3620
1230 3625
1230 4456
1231 1290
1231 1955
1231 2587
1231 2640
1231 2850
1231 3332
1231 3549
1231 3589
1231 3825
1231 4250
1231 4288
1231 4742
1231 4786
1232 1544
1232 1771
1232 1865
1232 1934
1232 2040
1232 2082
1232 2285
1232 2864
1232 3117
1232 3204
1232 3829
1232 3875
1232 4159
1232 4198
1232 4910
1232 4955
1233 1696
1233 2054
1233 2080
1233 2929
1233 3022
1233 3586
1233 3592
1233 3616
1233 3732
1233 3998
1233 4067
1233 4553
1233 4562
1233 4777
1233 4836
1233 4853
1234 1869
1234 2295
1234 2389
1234 2426
1234 2833
1234 2965
1234 3127
1234 3427
1234 3629
1234 3672
1234 3751
1234 3828
1234 4028
1234 4124
1234 4429
1234 4676
1234 4720
1235 1248
1235 1398
1235 1479
1235 2011
1235 2018
1235 2069
1235 2212
1235 3044
1235 3461
1235 3658
1235 3903
1235 4136
1235 4167
1235 4225
1236 1417
1236 1748
1236 1933
1236 1986
1236 3357
1236 3599
1236 3746
1236 3850
1236 4012
1236 4030
1236 4202
1236 4203
1237 1758
1237 2462
1237 3253
1237 3738
1237 3852
1237 4362
1237 4505
1237 4610
1238 1331
1238 1397
1238 1884
1238 2369
1238 2595
1238 3291
1238 4210
1238 4933
1239 1463
1239 1719
1239 2533
1239 2584
1239 3478
1239 3977
1239 4600
1240 1669
1240 2012
1240 2056
1240 4274
1240 4406
1240 4621
1240 4836
1240 4853
1241 1502
1241 1839
1241 2823
1241 3016
1241 3897
1241 4209
1241 4543
1241 4883
1241 4956
1242 1504
1242 2351
1242 2650
1242 2914
1242 3202
1242 3204
1242 3611
1243 1839
1243 1989
1243 2016
1243 2034
1243 2088
1243 2151
1243 2337
1243 2397
1243 2476
1243 2887
1243 3244
1243 3246
1243 3478
1243 3962
1243 4138
1243 4293
1244 1411
1244 1515
1244 2721
1244 2886
1244 4346
1244 4693
1244 4754
1245 1796
1245 1994
1245 2031
1245 2335
1245 2347
1245 2405
1245 2592
1245 2613
1245 2955
1245 2960
1245 3505
1245 3633
1245 3804
1245 4004
1245 4295
1245 4729
1246 1348
1246 1392
1246 1556
1246 1585
1246 1670
1246 2397
1246 2855
1246 3058
1246 3177
1246 3632
1246 3692
1246 4316
1246 4527
1247 1314
1247 1427
1247 1632
1247 1899
1247 2214
1247 2375
1247 3112
1247 3549
1247 4070
1247 4100
1247 4603
1247 4701
1248 1952
1248 2181
1248 2725
1248 3802
1248 4249
1248 4300
1248 4332
1248 4389
1248 4505
1248 4775
1249 1347
1249 1972
1249 2164
1249 2173
1249 2787
1249 3155
1249 4263
1249 4660
1249 4797
1250 1696
1250 2846
1250 2917
1250 3040
1250 3318
1250 3679
1250 3975
1250 4012
1250 4097
1250 4304
1250 4376
1250 4602
1250 4952
1251 1554
1251 1788
1251 2045
1251 2052
1251 2110
1251 2288
1251 2588
1251 2672
1251 2681
1251 2729
1251 3124
1251 3723
1251 4232
1251 4422
1252 1417
1252 1517
1252 2187
1252 3189
1252 3902
1252 4438
1252 4541
1252 4807
1253 1779
1253 2290
1253 2548
1253 2605
1253 2647
1253 2678
1253 2760
1253 3431
1253 3856
1253 3903
1253 4108
1253 4526
1254 2037
1254 2234
1254 2384
1254 2888
1254 2980
1254 3317
1254 3456
1254 3864
1254 4680
1254 4873
1254 4977
1255 1601
1255 1783
1255 1856
1255 1881
1255 1928
1255 2542
1255 4077
1255 4279
1255 4399
1255 4715
1255 4974
1256 1770
1256 2272
1256 2585
1256 2802
1256 2961
1256 2998
1256 3596
1256 3873
1256 3975
1256 3994
1256 4315
1256 4700
1256 4811
1257 1402
1257 1555
1257 1658
1257 1762
1257 2166
1257 2322
1257 2657
1257 2690
1257 2853
1257 2950
1257 3366
1257 3561
1257 3703
1257 3848
1257 4251
1258 1646
1258 2761
1258 2782
1258 3006
1258 3159
1258 3297
1258 3841
1258 4638
1259 1548
1259 1608
1259 1744
1259 2066
1259 2129
1259 3191
1259 3256
1259 3402
1259 3717
1259 4944
1260 1650
1260 1811
1260 1917
1260 1984
1260 2130
1260 2215
1260 3879
1260 4149
1260 4583
1261 1271
1261 1438
1261 1925
1261 2040
1261 2778
1261 2993
1261 3370
1261 3781
1261 3798
1261 3826
1261 4066
1261 4124
1261 4515
1261 4525
1261 4601
1262 2067
1262 2151
1262 2268
1262 2461
1262 2499
1262 2738
1262 2965
1262 3064
1262 3138
1262 3717
1262 3931
1262 4574
1262 4650
1263 2200
1263 2209
1263 2432
1263 2902
1263 2912
1263 2977
1263 3104
1263 3170
1263 3337
1263 3501
1263 3696
1263 4239
1263 4797
1263 4885
1263 4942
1264 2119
1264 2145
1264 2608
1264 3176
1264 3492
1264 4429
1264 4525
1264 4817
1264 4883
1265 1718
1265 1727
1265 2214
1265 2663
1265 2909
1265 3446
1265 3638
1265 4012
1265 4530
1265 4580
1265 4695
1265 4736
1265 4816
1266 1346
1266 1394
1266 1460
1266 1865
1266 2000
1266 2179
1266 2470
1266 2509
1266 3651
1266 4073
1266 4099
1266 4138
1266 4384
1266 4757
1266 4768
1267 2316
1267 2595
1267 2882
1267 3746
1267 4807
1267 4826
1267 4961
1268 1604
1268 2068
1268 2109
1268 2519
1268 2595
1268 2683
1268 3146
1268 3721
1268 4124
1268 4436
1268 4550
1268 4928
1269 1910
1269 2034
1269 2053
1269 2496
1269 2648
1269 2726
1269 2988
1269 3105
1269 3238
1269 3981
1269 4147
1269 4347
1269 4592
1269 4617
1269 4758
1269 4778
1269 4969
1270 1475
1270 2069
1270 2513
1270 2974
1270 3788
1270 3895
1270 4300
1270 4389
1270 4637
1270 4645
1271 1416
1271 1480
1271 1697
1271 1865
1271 2406
1271 2441
1271 3021
1271 3143
1271 3172
1271 3739
1271 4040
1271 4586
1272 1657
1272 2296
1272 2456
1272 2509
1272 2721
1272 2754
1272 3513
1272 3789
1272 3993
1272 4741
1272 4743
1273 1372
1273 1735
1273 1750
1273 1762
1273 2857
1274 1447
1274 1937
1274 1975
1274 2499
1274 2691
1274 2763
1274 2921
1274 3120
1274 3155
1274 3261
1274 3408
1274 3513
1274 3647
1274 3983
1274 4046
1274 4335
1274 4539
1275 1785
1275 2476
1275 2478
1275 2543
1275 2831
1275 3351
1275 3361
1275 3626
1275 3862
1275 4085
1275 4112
1275 4116
1275 4144
1276 1383
1276 1852
1276 2362
1276 2536
1276 2558
1276 2566
1276 2842
1276 2889
1276 3348
1276 3460
1276 3615
1276 4539
1276 4572
1276 4767
1277 1436
1277 2138
1277 2194
1277 2416
1277 2667
1277 3517
1277 3736
1277 4374
1277 4983
1278 1294
1278 1377
1278 1620
1278 1676
1278 1813
1278 2231
1278 2778
1278 2805
1278 2867
1278 3536
1278 3593
1278 3878
1278 4193
1278 4478
1278 4856
1278 4940
1279 1412
1279 1881
1279 2109
1279 2632
1279 2776
1279 3270
1279 4061
1279 4119
1279 4132
1279 4161
1280 1453
1280 1991
1280 2442
1280 2723
1280 2911
1280 3636
1280 3773
1280 4065
1280 4257
1280 4701
1281 1367
1281 2491
1281 2547
1281 2931
1281 2978
1281 2997
1281 3585
1281 4018
1281 4408
1281 4671
1281 4688
1281 4785
1282 1344
1282 1504
1282 1664
1282 1769
1282 2414
1282 2466
1282 2492
1282 2862
1282 2864
1282 3415
1282 3636
1282 4016
1282 4179
1282 4377
1282 4724
1282 4786
1283 2056
1283 2609
1283 2725
1283 2830
1283 3131
1283 3384
1283 3835
1283 4235
1283 4394
1283 4473
1283 4837
1283 4844
1283 4916
1283 4934
1284 1350
1284 1576
1284 1682
1284 2447
1284 3095
1284 3114
1284 3523
1284 4322
1284 4338
1284 4385
1284 4430
1284 4818
1285 1750
1285 1800
1285 2053
1285 2273
1285 2625
1285 2952
1285 2963
1285 3670
1285 3894
1285 4419
1285 4559
1285 4584
1285 4630
1285 4657
1285 4901
1286 1536
1286 1598
1286 1950
1286 2173
1286 2180
1286 2197
1286 2238
1286 2385
1286 2519
1286 2816
1286 2967
1286 3406
1286 3834
1286 4125
1286 4292
1286 4858
1286 4940
1287 1402
1287 1757
1287 2007
1287 2252
1287 2437
1287 3226
1287 3502
1287 3667
1287 3830
1287 3941
1287 4056
1287 4181
1287 4531
1287 4686
1288 2275
1288 2382
1288 2492
1288 2534
1288 3414
1288 3806
1288 3911
1288 4485
1288 4662
1288 4669
1288 4748
1288 4789
1288 4855
1289 1312
1289 1323
1289 1377
1289 1552
1289 1717
1289 1861
1289 1978
1289 2028
1289 2140
1289 2279
1289 2668
1289 2729
1289 2927
1289 3082
1289 4063
1289 4703
1289 4979
1290 2388
1290 2772
1290 3332
1290 3550
1290 4221
1290 4573
1290 4850
1291 1545
1291 2044
1291 2054
1291 2342
1291 2520
1291 2634
1291 3207
1291 3403
1291 3471
1291 3542
1291 3789
1291 3821
1291 3893
1291 3982
1291 4405
1291 4444
1291 4767
1291 4871
1292 1559
1292 1800
1292 1825
1292 2094
1292 2123
1292 2198
1292 2382
1292 2819
1292 3005
1292 3716
1293 1470
1293 1518
1293 2531
1293 2713
1293 3086
1293 3326
1293 3539
1293 3591
1293 4086
1293 4403
1293 4768
1293 4933
1294 1493
1294 2517
1294 2938
1294 3093
1294 3385
1294 3514
1294 4188
1294 4489
1294 4574
1295 1851
1295 2591
1295 3080
1295 3711
1295 4239
1295 4452
1295 4761
1296 1525
1296 1837
1296 1848
1296 2549
1296 2568
1296 3733
1296 3776
1296 4315
1297 1672
1297 2312
1297 3421
1297 4512
1297 4539
1297 4831
1298 1446
1298 2445
1298 3550
1298 4171
1298 4704
1298 4890
1299 1351
1299 1782
1299 3012
1299 3379
1299 4531
1300 2619
1300 3606
1300 3635
1300 3748
1300 3850
1300 4561
1301 1488
1301 1642
1301 2380
1301 2758
1301 3392
1301 3565
1301 3709
1301 3819
1301 4247
1301 4429
1301 4968
1302 2542
1302 2909
1302 3110
1302 3578
1302 3585
1302 3766
1302 3822
1302 4344
1303 1367
1303 1797
1303 2060
1303 3657
1303 3700
1303 4170
1304 1707
1304 2249
1304 2444
1304 2636
1304 2718
1304 2774
1304 2873
1304 3213
1304 3333
1304 3402
1304 3512
1304 3869
1304 4199
1304 4550
1304 4962
1305 1582
1305 1620
1305 1845
1305 2676
1305 2745
1305 2930
1305 2974
1306 1750
1306 1772
1306 1921
1306 2266
1306 2757
1306 3247
1306 3379
1306 3571
1306 3828
1306 3831
1306 3845
1306 3894
1306 4200
1306 4615
1306 4875
1307 1493
1307 1539
1307 1720
1307 2644
1307 2793
1307 2960
1307 3504
1307 3744
1307 4090
1307 4891
1308 1823
1308 1858
1308 2000
1308 2398
1308 2802
1308 3490
1308 3947
1308 4114
1308 4904
1309 1455
1309 2013
1309 2169
1309 2597
1309 3092
1309 3631
1309 4117
1309 4193
1309 4233
1309 4855
1310 1328
1310 1546
1310 2223
1310 2757
1310 3170
1310 3204
1310 3463
1310 3681
1310 3699
1310 3763
1310 4008
1310 4055
1310 4062
1310 4215
1310 4788
1311 1656
1311 1716
1311 2661
1311 2685
1311 2815
1311 2932
1311 3149
1311 3849
1311 3885
1311 3940
1311 4148
1311 4199
1311 4644
1312 2015
1312 2111
1312 2295
1312 2325
1312 2819
1312 2888
1312 3004
1312 3178
1312 3804
1312 4053
1312 4499
1312 4688
1312 4841
1312 4956
1313 1881
1313 2081
1313 2719
1313 2845
1313 2872
1313 3612
1313 3904
1313 4239
1313 4960
1314 1362
1314 1470
1314 1677
1314 2006
1314 2082
1314 2201
1314 2224
1314 2520
1314 2698
1314 3520
1314 3666
1314 3708
1314 3940
1314 4126
1314 4266
1315 1400
1315 1757
1315 1804
1315 2593
1315 2676
1315 3221
1315 4143
1315 4815
1315 4959
1316 1614
1316 2091
1316 2395
1316 3426
1316 3573
1316 3798
1316 4143
1316 4171
1316 4230
1316 4671
1317 1588
1317 1648
1317 1726
1317 1790
1317 1853
1317 2033
1317 2115
1317 2383
1317 2739
1317 2957
1317 3421
1317 3820
1317 4002
1318 1420
1318 1562
1318 1741
1318 1813
1318 2289
1318 2785
1318 3154
1318 3420
1318 3622
1318 3771
1318 3795
1318 4012
1318 4352
1318 4599
1318 4853
1319 1413
1319 2213
1319 2220
1319 4347
1319 4349
1319 4416
1319 4417
1319 4454
1319 4734
1320 1336
1320 1744
1320 1823
1320 2531
1320 2596
1320 2843
1320 2870
1320 3114
1320 3515
1320 3715
1320 4366
1320 4660
1320 4681
1320 4829
1320 4880
1321 1558
1321 2089
1321 2430
1321 2558
1321 3806
1321 3886
1321 4351
1321 4836
1322 1385
1322 1456
1322 1511
1322 1684
1322 1983
1322 2325
1322 2708
1322 2846
1322 3012
1322 3018
1322 3051
1322 3126
1322 3154
1322 3315
1322 3356
1322 3499
1322 3711
1322 4219
1322 4311
1322 4664
1322 4840
1323 1377
1323 1564
1323 2148
1323 2864
1323 3036
1323 3295
1323 3540
1323 3645
1323 4625
1323 4761
1324 1589
1324 1844
1324 1862
1324 2657
1324 2763
1324 3377
1324 3487
1324 3591
1324 3831
1324 3844
1324 4833
1325 1586
1325 2232
1325 2804
1325 3285
1325 3314
1325 3703
1325 3724
1325 3821
1325 4334
1325 4453
1325 4566
1325 4896
1325 4951
1326 1468
1326 1604
1326 1954
1326 2061
1326 2300
1326 2385
1326 2431
1326 2528
1326 2886
1326 3135
1326 3314
1326 3418
1326 3488
1326 3858
1326 4314
1326 4366
1326 4442
1326 4484
1326 4583
1326 4584
1326 4705
1327 1675
1327 1889
1327 2168
1327 2429
1327 2713
1327 3071
1328 1524
1328 2289
1328 2749
1328 3158
1328 3448
1328 3737
1328 4098
1328 4104
1328 4111
1328 4263
1328 4275
1328 4515
1328 4762
1328 4805
1328 4859
1328 4938
1329 1499
1329 1798
1329 2547
1329 2582
1329 2729
1329 2766
1329 3009
1329 3024
1329 3992
1329 4318
1329 4440
1329 4470
1329 4946
1330 1361
1330 1416
1330 1507
1330 1622
1330 2245
1330 2262
1330 2408
1330 2456
1330 2632
1330 2860
1330 2911
1330 3093
1330 3659
1330 3898
1330 4053
1330 4578
1330 4739
1331 1333
1331 1903
1331 2135
1331 2147
1331 2428
1331 2475
1331 2647
1331 2940
1331 2963
1331 3290
1331 3361
1331 3887
1331 4223
1331 4355
1331 4424
1331 4705
1331 4821
1332 1678
1332 1913
1332 2415
1332 4332
1332 4428
1332 4588
1333 1416
1333 1506
1333 1534
1333 1736
1333 2193
1333 2668
1333 2874
1333 3823
1333 4211
1333 4652
1333 4914
1333 4928
1334 1512
1334 1730
1334 2112
1334 3222
1334 4002
1334 4799
1334 4841
1334 4850
1335 1479
1335 1898
1335 2025
1335 2571
1335 3299
1335 3549
1335 3927
1335 4214
1335 4260
1335 4551
1336 1703
1336 1958
1336 2845
1336 2869
1336 3423
1336 3966
1336 4474
1336 4475
1337 1338
1337 2480
1337 2641
1337 2934
1337 3255
1337 3532
1337 4463
1337 4620
1337 4920
1338 2238
1338 2988
1338 3244
1338 3421
1338 3854
1338 4188
1338 4265
1338 4460
1338 4720
1338 4903
1339 1345
1339 1346
1339 2048
1339 2858
1339 2875
1339 3979
1339 4137
1339 4173
1339 4287
1339 4613
1339 4677
1339 4733
1339 4756
1339 4948
1340 1413
1340 1778
1340 2092
1340 2416
1340 2798
1340 2863
1340 3563
1340 4279
1340 4330
1340 4359
1340 4450
1341 1413
1341 1416
1341 1513
1341 1858
1341 2024
1341 2253
1341 2691
1341 2747
1341 2857
1341 3562
1341 3568
1341 3644
1341 3743
1341 3846
1341 3904
1341 3941
1341 4178
1341 4622
1341 4928
1342 1846
1342 2186
1342 2594
1342 2621
1342 3057
1342 3080
1342 3236
1342 4296
1342 4326
1343 1652
1343 1882
1343 1971
1343 2039
1343 2175
1343 2385
1343 2718
1343 3048
1343 3051
1343 3123
1343 3480
1343 3530
1343 3718
1343 3822
1343 4316
1343 4555
1344 1478
1344 1479
1344 1772
1344 1924
1344 2404
1344 2405
1344 2407
1344 2602
1344 3002
1344 3661
1344 3702
1344 4017
1344 4145
1344 4228
1344 4400
1344 4585
1344 4893
1345 2403
1345 3403
1345 4180
1346 1456
1346 1714
1346 2704
1346 2730
1346 2917
1346 3023
1346 3102
1346 3500
1346 3866
1346 3955
1346 4416
1346 4784
1347 1453
1347 1737
1347 2150
1347 2188
1347 2517
1347 2560
1347 2630
1347 2895
1347 3046
1347 3460
1347 3601
1347 3945
1347 4836
1347 4860
1348 1820
1348 2300
1348 2633
1348 2938
1348 3916
1348 4174
1348 4409
1348 4445
1348 4668
1349 1658
1349 1886
1349 2149
1349 2356
1349 2632
1349 2633
1349 3172
1349 3709
1349 3812
1349 3958
1349 4503
1349 4531
1350 1838
1350 2097
1350 2187
1350 2292
1350 2396
1350 2717
1350 2948
1350 2970
1350 3488
1350 3522
1350 3664
1350 3966
1350 4095
1351 1370
1351 1412
1351 1818
1351 2616
1351 2650
1351 2683
1351 2975
1351 4132
1351 4393
1351 4756
1352 1536
1352 1732
1352 1898
1352 2048
1352 2112
1352 2385
1352 2459
1352 3160
1352 3585
1352 3714
1352 3838
1352 3919
1352 4587
1353 1394
1353 1610
1353 2659
1353 2699
1353 2799
1353 3092
1353 3396
1353 3635
1353 4585
1354 1485
1354 1898
1354 2024
1354 2047
1354 2169
1354 2196
1354 2948
1354 3194
1354 4180
1354 4448
1354 4987
1355 1462
1355 2024
1355 2284
1355 2322
1355 3134
1355 3150
1355 3608
1355 3864
1355 3876
1355 4391
1355 4999
1356 1900
1356 2243
1356 2336
1356 2485
1356 2933
1356 3075
1356 3115
1356 3712
1356 4553
1357 1415
1357 1623
1357 1747
1357 1803
1357 1893
1357 1915
1357 2280
1357 2312
1357 2673
1357 2763
1357 2779
1357 2962
1357 3097
1357 3170
1357 3570
1357 4505
1357 4681
1358 1405
1358 1551
1358 2262
1358 2363
1358 2705
1358 3205
1358 3438
1358 4415
1358 4636
1359 1664
1359 1899
1359 1901
1359 1919
1359 2030
1359 2387
1359 2581
1359 2590
1359 2643
1359 2694
1359 3062
1359 3106
1359 3570
1359 3599
1359 3936
1359 4426
1359 4580
1359 4792
1360 1440
1360 2239
1360 3191
1360 4539
1360 4759
1360 4952
1361 1747
1361 1825
1361 1844
1361 1951
1361 2371
1361 2414
1361 2717
1361 2932
1361 3073
1361 3763
1361 3904
1361 3982
1361 4017
1361 4604
1361 4655
1361 4671
1361 4875
1361 4977
1362 1499
1362 1996
1362 2061
1362 2231
1362 2310
1362 2354
1362 2827
1362 2960
1362 2962
1362 3030
1362 3149
1362 3159
1362 3773
1362 3998
1362 4263
1362 4309
1362 4387
1362 4422
1362 4464
1363 2343
1363 2750
1363 2835
1363 3027
1363 3136
1363 3144
1363 3180
1363 3462
1363 3635
1363 3846
1363 4053
1363 4110
1363 4219
1363 4596
1363 4981
1364 1546
1364 1666
1364 1944
1364 1984
1364 2367
1364 2438
1364 2802
1364 3233
1364 3308
1364 3314
1364 3351
1364 3558
1364 3851
1364 3990
1364 3996
1364 4172
1364 4533
1364 4855
1365 1494
1365 1994
1365 2008
1365 2384
1365 2586
1365 3213
1365 3250
1365 3337
1365 3478
1365 3720
1365 3766
1365 3857
1365 3957
1365 4641
1365 4649
1365 4894
1366 1445
1366 1507
1366 1520
1366 1564
1366 3968
1366 4312
1366 4392
1366 4512
1366 4710
1367 1611
1367 1821
1367 2697
1367 2827
1367 2849
1367 3257
1367 3388
1367 3806
1367 3858
1367 3979
1367 3994
1367 4441
1367 4460
1367 4503
1367 4521
1367 4827
1368 1794
1368 2402
1368 2410
1368 2438
1368 2872
1368 3249
1368 3268
1368 4197
1368 4322
1368 4534
1368 4566
1368 4761
1368 4774
1369 1756
1369 1787
1369 1848
1369 2367
1369 2481
1369 2985
1369 3130
1369 3622
1369 3916
1369 3932
1369 4047
1369 4714
1370 2303
1370 2444
1370 2545
1370 3292
1370 3696
1370 3810
1370 4583
1371 1389
1371 1625
1371 1712
1371 1792
1371 2879
1371 3334
1371 3614
1371 3847
1371 3968
1371 4972
1371 4973
1372 1459
1372 1612
1372 1657
1372 2272
1372 2333
1372 2676
1372 2943
1372 3390
1372 3485
1372 3489
1372 3745
1372 4188
1372 4279
1372 4572
1372 4705
1372 4965
1373 1606
1373 1777
1373 1915
1373 3310
1373 3772
1373 3971
1373 3994
1373 4011
1373 4250
1373 4733
1373 4904
1374 1446
1374 1468
1374 1668
1374 2044
1374 2072
1374 2107
1374 2560
1374 2750
1374 3096
1374 3104
1374 3913
1374 3932
1374 4136
1375 1894
1375 2035
1375 2295
1375 3383
1375 3823
1375 3833
1375 4287
1375 4712
1375 4983
1376 1668
1376 2417
1376 3378
1376 3516
1376 3736
1376 4019
1376 4423
1376 4601
1376 4770
1376 4959
1377 1948
1377 2048
1377 2174
1377 2250
1377 3057
1377 3788
1377 4169
1377 4969
1378 1710
1378 2375
1378 2438
1378 2590
1378 2740
1378 2995
1378 3538
1378 3975
1378 4323
1378 4534
1379 1673
1379 1767
1379 3588
1379 3819
1379 3839
1379 3857
1379 4050
1380 1992
1380 2180
1380 2591
1380 2639
1380 3535
1380 3697
1380 4114
1380 4460
1380 4597
1381 1709
1381 2360
1381 2783
1381 3541
1381 4209
1381 4411
1381 4500
1381 4631
1381 4927
1381 4981
1382 2356
1382 2831
1382 3662
1382 4035
1382 4080
1382 4805
1383 1654
1383 2516
1383 2695
1383 3046
1383 3334
1383 4369
1383 4424
1383 4461
1383 4515
1383 4760
1383 4911
1383 4996
1384 1451
1384 1511
1384 1984
1384 2641
1384 2826
1384 2935
1384 3132
1384 3234
1384 3792
1384 3939
1384 4464
1385 1906
1385 2181
1385 2496
1385 2801
1385 3079
1385 3334
1385 3389
1385 3541
1385 3711
1385 3880
1385 4072
1385 4641
1385 4928
1386 1407
1386 1509
1386 1640
1386 1693
1386 1994
1386 2025
1386 2731
1386 2910
1386 3093
1386 3165
1386 3360
1386 3523
1386 3537
1386 3562
1386 3910
1386 4425
1386 4449
1386 4500
1386 4536
1387 1817
1387 1867
1387 1906
1387 2227
1387 2293
1387 2480
1387 2529
1387 2637
1387 2812
1387 2878
1387 3228
1387 3377
1387 4125
1387 4362
1388 1396
1388 1823
1388 2778
1388 2789
1388 2792
1388 3170
1388 3426
1388 3452
1388 3779
1388 3823
1388 3865
1388 4053
1388 4501
1388 4805
1388 4920
1389 1555
1389 2686
1389 2761
1389 2788
1389 2998
1389 3461
1389 3579
1389 4129
1389 4493
1390 2721
1390 2783
1390 2960
1390 3347
1390 3719
1390 3740
1390 4147
1390 4173
1390 4321
1390 4708
1390 4742
1390 4850
1391 1597
1391 1642
1391 1995
1391 2194
1391 2868
1391 3343
1391 3871
1391 4080
1391 4203
1391 4261
1391 4263
1391 4453
1391 4853
1391 4930
1392 1994
1392 2105
1392 2732
1392 2745
1392 3749
1392 3753
1392 3759
1392 4094
1392 4919
1393 1643
1393 1678
1393 1845
1393 1989
1393 2035
1393 2110
1393 2392
1393 2912
1393 3144
1393 3197
1393 3238
1393 4040
1393 4103
1393 4201
1393 4682
1393 4745
1393 4786
1394 1667
1394 1866
1394 2339
1394 2970
1394 4142
1394 4450
1394 4486
1395 2755
1395 2806
1395 3549
1395 3627
1395 4199
1395 4704
1395 4841
1396 1664
1396 2182
1396 2323
1396 2764
1396 2852
1396 3573
1396 3982
1396 4146
1396 4201
1396 4220
1397 1715
1397 1986
1397 2686
1397 2848
1397 3560
1397 3574
1397 3956
1397 4122
1397 4145
1397 4256
1397 4492
1397 4608
1398 1914
1398 2278
1398 2669
1398 2747
1398 3069
1398 3114
1398 3730
1398 3832
1398 3890
1398 4107
1398 4159
1398 4162
1398 4333
1398 4619
1398 4784
1399 1788
1399 2268
1399 2276
1399 2309
1399 2583
1399 2590
1399 2673
1399 2850
1399 3221
1399 3362
1399 3528
1399 3793
1399 3794
1399 3916
1399 4326
1399 4687
1399 4837
1400 2160
1400 2360
1400 2511
1400 2878
1400 3013
1400 3327
1400 3374
1400 3578
1400 3865
1400 3870
1401 1525
1401 1711
1401 2286
1401 3053
1401 3106
1401 3857
1401 3938
1401 4324
1401 4325
1401 4691
1401 4698
1401 4728
1401 4801
1402 2363
1402 2569
1402 2630
1402 3109
1402 3214
1402 3453
1402 3494
1402 4156
1402 4329
1402 4620
1403 1531
1403 1631
1403 2690
1403 2906
1403 3500
1403 4300
1403 4747
1403 4778
1403 4911
1404 1645
1404 2336
1404 3271
1404 3288
1404 3883
1404 4100
1404 4735
1404 4944
1405 1907
1405 1974
1405 2649
1405 3353
1405 3370
1405 3457
1405 3806
1405 4222
1405 4234
1405 4453
1405 4631
1406 1722
1406 1898
1406 1989
1406 2301
1406 2552
1406 2747
1406 2935
1406 3370
1406 3467
1406 3934
1406 4030
1406 4095
1406 4129
1406 4155
1406 4917
1407 1801
1407 1835
1407 2028
1407 2509
1407 2516
1407 3437
1407 3723
1407 4488
1407 4852
1408 1584
1408 2669
1408 2787
1408 2933
1408 2978
1408 3424
1408 4371
1408 4373
1408 4756
1409 2120
1409 2162
1409 2642
1409 2785
1409 3245
1409 3488
1409 4855
1409 4930
1410 1680
1410 1874
1410 2526
1410 2897
1410 2920
1410 3289
1410 3694
1410 4018
1410 4122
1410 4330
1410 4380
1410 4458
1410 4816
1411 1577
1411 1584
1411 1649
1411 2054
1411 2724
1411 2827
1411 3010
1411 4223
1411 4239
1411 4887
1412 1656
1412 1754
1412 2509
1412 2831
1412 3080
1412 3190
1412 3193
1412 3244
1412 3349
1412 3666
1412 4506
1412 4777
1413 2362
1413 2475
1413 2619
1413 3397
1413 4010
1413 4146
1413 4207
1413 4733
1414 1640
1414 1706
1414 1780
1414 1808
1414 2163
1414 2258
1414 2273
1414 2282
1414 2334
1414 3394
1414 3707
1414 3863
1414 4051
1414 4788
1415 1938
1415 3085
1415 4629
1416 1516
1416 1582
1416 2189
1416 2203
1416 2326
1416 2939
1416 3797
1416 3997
1416 4069
1416 4702
1417 1621
1417 1693
1417 2198
1417 2220
1417 2808
1417 2819
1417 2833
1417 3156
1417 3202
1417 3244
1417 3501
1417 4490
1417 4515
1417 4994
1418 1544
1418 1931
1418 2103
1418 2119
1418 2360
1418 2451
1418 2946
1418 3369
1418 3611
1418 3940
1418 4241
1418 4417
1419 1429
1419 1482
1419 2251
1419 3047
1419 3154
1419 3315
1419 3897
1419 4076
1419 4402
1419 4537
1419 4773
1419 4946
1420 1566
1420 1780
1420 1881
1420 2669
1420 3005
1420 4084
1420 4143
1420 4307
1420 4477
1420 4979
1421 1705
1421 1717
1421 1812
1421 1976
1421 2456
1421 2625
1421 2670
1421 2854
1421 2938
1421 3387
1421 4150
1421 4212
1421 4299
1421 4341
1421 4543
1421 4675
1422 1637
1422 1895
1422 2180
1422 2581
1422 3095
1422 3684
1422 3823
1422 4011
1422 4127
1422 4182
1422 4537
1422 4551
1422 4631
1423 1983
1423 2029
1423 2505
1423 2985
1423 3138
1423 3731
1423 3938
1423 4228
1423 4832
1423 4912
1424 1551
1424 1638
1424 1777
1424 1896
1424 2121
1424 2137
1424 2503
1424 2987
1424 3024
1424 3041
1424 3307
1424 4004
1424 4309
1424 4847
1425 1551
1425 3091
1425 3126
1425 3621
1425 3739
1425 4399
1425 4447
1425 4665
1425 4681
1426 1875
1426 2226
1426 3109
1426 3555
1426 3635
1426 4000
1426 4473
1426 4674
1426 4787
1427 1917
1427 1925
1427 2119
1427 2147
1427 2518
1427 2764
1427 3053
1427 3214
1427 3223
1427 3418
1427 3504
1427 3845
1427 3877
1427 4122
1428 1750
1428 2135
1428 2422
1428 2488
1428 2689
1428 3126
1428 3257
1428 3317
1428 4261
1428 4438
1428 4646
1428 4885
1429 1824
1429 2458
1429 2514
1429 2808
1429 3068
1429 3311
1429 4018
1429 4645
1429 4984
1430 1856
1430 1948
1430 2337
1430 2699
1430 3001
1430 3480
1430 3573
1430 3726
1430 3868
1430 3947
1430 3988
1430 4158
1430 4415
1430 4441
1430 4465
1430 4512
1430 4541
1430 4723
1431 1815
1431 2040
1431 2082
1431 2316
1431 2641
1431 2767
1431 2875
1431 3357
1431 3596
1431 3635
1431 3669
1431 3735
1431 3828
1431 3868
1431 4138
1431 4268
1431 4621
1432 1441
1432 1471
1432 1714
1432 1755
1432 2560
1432 3164
1432 4234
1432 4364
1432 4443
1432 4853
1432 4969
1433 1707
1433 2163
1433 2420
1433 3031
1433 3125
1433 3404
1433 3576
1433 3841
1433 4092
1433 4152
1434 1465
1434 2453
1434 2940
1434 3159
1434 3234
1434 3710
1434 3826
1434 3943
1434 4287
1434 4533
1434 4736
1435 1605
1435 1874
1435 2057
1435 2060
1435 2923
1435 3486
1435 3717
1436 2080
1436 2149
1436 2175
1436 3351
1436 3375
1436 3428
1436 3444
1436 3570
1436 4013
1436 4125
1436 4183
1436 4364
1436 4892
1436 4967
1437 3532
1437 3863
1437 4769
1437 4965
1438 1613
1438 1760
1438 3064
1438 3345
1438 4452
1439 1488
1439 1506
1439 1574
1439 1798
1439 1993
1439 2141
1439 2828
1439 2870
1439 3446
1439 3775
1439 3905
1439 4282
1439 4314
1439 4539
1439 4549
1439 4741
1439 4855
1439 4928
1440 1500
1440 1643
1440 2084
1440 2133
1440 2180
1440 2818
1440 3113
1440 3212
1440 3805
1440 3949
1440 4810
1441 1942
1441 2030
1441 2320
1441 2620
1441 2638
1441 2882
1441 2937
1441 3387
1441 3477
1441 3498
1441 3966
1441 4106
1441 4365
1442 1897
1442 1999
1442 2377
1442 2670
1442 3023
1442 3155
1442 4315
1442 4475
1442 4962
1443 1470
1443 2151
1443 2450
1443 3003
1443 3379
1443 3677
1443 3880
1443 4462
1443 4709
1443 4912
1444 1486
1444 1950
1444 2278
1444 2345
1444 2448
1444 2556
1444 2686
1444 3361
1444 3530
1444 4029
1445 1666
1445 3219
1445 3396
1445 4214
1445 4467
1445 4535
1445 4768
1445 4948
1446 1793
1446 2136
1446 2398
1446 2450
1446 4105
1446 4534
1446 4944
1447 1630
1447 2688
1447 2819
1447 2961
1447 3249
1447 3333
1447 3922
1447 4058
1447 4591
1448 1856
1448 1924
1448 2006
1448 2460
1448 2740
1448 3531
1448 3566
1448 3737
1448 3955
1448 4452
1448 4706
1448 4740
1449 1713
1449 1815
1449 2226
1449 2799
1449 3017
1449 3354
1449 3428
1449 3624
1449 4167
1449 4537
1449 4551
1450 1526
1450 1541
1450 1738
1450 1830
1450 2075
1450 2593
1450 2726
1450 3400
1450 3673
1450 3708
1450 4099
1450 4331
1450 4705
1451 3407
1451 3451
1451 3593
1451 4636
1451 4805
1451 4909
1452 2039
1452 2208
1452 2532
1452 2964
1452 3000
1452 3087
1452 3276
1452 4500
1452 4634
1453 1556
1453 1581
1453 1746
1453 2078
1453 2083
1453 2716
1453 2772
1453 3066
1453 3270
1453 3321
1453 3846
1453 4303
1453 4547
1453 4624
1453 4955
1454 1786
1454 2020
1454 2132
1454 2281
1454 2337
1454 2733
1454 3018
1454 3113
1454 4230
1454 4232
1454 4305
1454 4373
1454 4410
1454 4842
1455 1610
1455 1947
1455 2628
1455 2704
1455 3272
1455 4108
1455 4236
1455 4253
1455 4726
1455 4948
1456 1856
1456 1913
1456 2557
1456 2681
1456 3220
1456 3678
1456 3691
1456 4155
1456 4284
1456 4695
1456 4836
1457 2327
1457 2634
1457 2647
1457 3785
1457 4045
1457 4154
1457 4469
1457 4613
1457 4758
1458 2172
1458 2502
1458 3551
1458 3707
1458 3739
1458 3772
1458 4234
1458 4384
1458 4636
1458 4654
1458 4961
1459 1721
1459 1881
1459 2164
1459 2298
1459 2505
1459 2594
1459 3061
1459 3270
1459 3298
1459 3840
1459 4046
1459 4185
1459 4237
1460 1863
1460 2391
1460 2514
1460 2937
1460 2976
1460 3122
1460 3412
1460 3915
1460 4303
1460 4329
1460 4427
1460 4670
1460 4907
1461 1613
1461 3155
1461 3172
1461 3338
1461 3768
1461 4217
1461 4256
1462 1783
1462 1812
1462 2084
1462 2113
1462 2379
1462 2557
1462 3263
1462 3504
1462 4149
1462 4154
1462 4422
1462 4428
1462 4771
1463 2629
1463 2986
1463 3414
1463 3541
1463 3546
1463 4083
1463 4203
1463 4566
1463 4603
1464 2174
1464 2477
1464 2628
1464 2842
1464 2951
1464 3094
1464 3205
1464 3491
1464 3829
1464 3926
1464 4139
1464 4240
1464 4675
1464 4680
1464 4801
1464 4908
1464 4999
1465 1994
1465 2032
1465 2123
1465 2294
1465 2948
1465 3043
1465 3661
1465 3959
1465 3960
1465 4208
1465 4498
1465 4512
1465 4641
1465 4867
1466 1856
1466 2054
1466 2479
1466 2580
1466 3253
1466 3277
1466 3311
1466 3624
1466 4153
1466 4205
1466 4853
1467 1542
1467 2241
1467 2317
1467 2425
1467 3168
1467 3228
1467 3395
1467 4106
1467 4219
1467 4780
1467 4919
1468 1727
1468 3170
1468 3737
1468 4006
1468 4015
1468 4947
1469 1595
1469 1601
1469 1636
1469 1895
1469 1985
1469 2148
1469 2298
1469 2426
1469 3249
1469 3483
1469 3644
1469 3959
1469 4365
1469 4388
1469 4489
1469 4749
1469 4866
1470 1755
1470 1784
1470 2069
1470 2072
1470 2712
1470 3057
1470 3156
1470 3207
1470 3652
1470 3850
1470 3880
1470 4112
1470 4393
1471 1624
1471 2595
1471 2683
1471 3897
1471 3900
1471 3952
1471 4059
1471 4132
1471 4418
1471 4691
1471 4854
1472 1800
1472 2125
1472 2397
1472 3040
1472 3512
1472 3775
1472 3968
1472 4055
1472 4177
1472 4244
1473 1932
1473 2231
1473 2894
1473 2970
1473 3153
1473 3283
1473 4194
1473 4227
1473 4643
1473 4689
1473 4832
1474 1981
1474 2069
1474 2316
1474 2332
1474 3008
1474 3049
1474 3246
1474 3338
1474 3599
1474 3938
1474 4019
1474 4118
1474 4830
1475 2486
1475 3401
1475 3705
1475 4021
1475 4049
1475 4197
1475 4333
1475 4486
1475 4515
1475 4593
1476 1602
1476 1717
1476 1858
1476 2135
1476 2217
1476 2219
1476 2287
1476 2486
1476 2853
1476 2888
1476 3423
1476 3439
1476 3584
1476 3939
1476 4222
1476 4822
1476 4969
1477 1652
1477 1949
1477 2143
1477 2202
1477 2803
1477 2973
1477 3417
1477 4348
1477 4404
1477 4834
1477 4857
1477 4860
1478 1586
1478 2345
1478 2521
1478 2955
1478 2993
1478 3444
1478 3465
1478 3511
1478 4095
1478 4112
1478 4260
1478 4370
1478 4617
1478 4658
1478 4849
1479 1481
1479 1530
1479 3103
1479 3411
1479 3531
1479 3673
1479 3774
1479 3992
1479 4456
1479 4882
1480 1537
1480 1843
1480 2097
1480 2681
1480 2801
1480 2802
1480 2957
1480 3550
1480 3739
1480 4038
1480 4627
1481 2201
1481 2682
1481 2937
1481 3835
1481 4060
1481 4659
1481 4742
1482 1547
1482 1843
1482 1941
1482 2656
1482 2878
1482 2924
1482 3419
1482 3733
1482 3914
1482 4252
1482 4255
1482 4649
1482 4880
1482 4961
1482 4975
1483 1849
1483 2148
1483 2155
1483 2174
1483 2207
1483 2623
1483 3004
1483 3238
1483 3361
1483 3630
1483 3819
1483 3943
1483 4067
1483 4223
1483 4507
1484 1778
1484 2503
1484 2836
1484 2858
1484 3585
1484 3681
1484 4075
1484 4081
1484 4158
1484 4321
1484 4433
1485 1544
1485 1699
1485 1993
1485 2071
1485 2315
1485 2548
1485 2959
1485 3203
1485 3804
1485 4051
1485 4199
1485 4412
1486 2285
1486 2603
1486 2801
1486 2910
1486 3575
1486 4069
1486 4070
1486 4175
1486 4984
1487 1627
1487 2113
1487 2252
1487 2289
1487 2411
1487 2516
1487 3018
1487 3147
1487 3260
1487 3411
1487 3529
1487 3849
1487 4808
1487 4816
1488 1566
1488 2612
1488 2620
1488 2715
1488 2961
1488 3139
1488 3450
1488 3840
1488 3991
1488 4722
1489 1527
1489 2377
1489 2485
1489 3148
1489 3309
1489 3623
1489 3712
1489 4117
1489 4447
1490 2863
1490 2940
1490 4374
1490 4460
1490 4602
1490 4962
1491 1842
1491 1879
1491 2295
1491 2369
1491 2437
1491 3188
1491 3389
1491 3448
1491 3820
1491 3841
1491 4014
1491 4661
1492 1612
1492 1759
1492 1767
1492 1924
1492 2218
1492 2993
1492 3328
1492 3809
1492 3841
1492 4095
1492 4887
1493 1907
1493 2048
1493 2481
1493 3030
1493 3172
1493 3962
1493 4862
1494 1748
1494 2314
1494 2456
1494 2692
1494 3139
1494 3240
1494 3564
1494 4556
1494 4724
1494 4939
1494 4989
1495 1639
1495 1723
1495 2107
1495 2708
1495 3269
1495 3400
1495 3525
1495 3723
1495 4343
1495 4981
1496 1740
1496 3125
1496 3329
1496 3776
1496 3793
1496 4314
1496 4503
1496 4720
1497 1529
1497 2002
1497 2072
1497 2162
1497 2447
1497 2500
1497 2609
1497 2659
1497 3050
1497 3326
1497 3626
1497 3777
1497 4652
1497 4655
1497 4899
1497 4920
1498 1728
1498 2058
1498 2303
1498 2576
1498 2649
1498 2810
1498 3258
1498 3677
1498 3850
1498 3897
1498 4076
1498 4442
1499 2155
1499 2338
1499 2405
1499 2593
1499 2691
1499 3016
1499 3339
1499 3492
1499 3573
1499 3627
1499 3732
1499 3870
1499 3887
1499 4148
1499 4983
1500 1689
1500 1840
1500 2147
1500 2167
1500 3063
1500 3072
1500 3519
1500 3574
1500 3655
1500 4110
1500 4224
1500 4340
1500 4350
1500 4407
1500 4869
1500 4886
1501 1673
1501 1930
1501 2123
1501 2419
1501 2515
1501 2912
1501 2947
1501 3982
1501 4413
1501 4499
1502 1571
1502 1644
1502 2716
1502 2744
1502 3320
1502 3514
1502 3548
1502 3571
1502 3986
1502 4797
1502 4801
1502 4970
1503 1969
1503 2016
1503 2445
1503 2513
1503 2603
1503 2832
1503 3780
1503 3783
1503 4190
1503 4382
1503 4434
1504 1644
1504 1671
1504 1975
1504 2084
1504 2102
1504 2267
1504 2337
1504 2461
1504 2586
1504 2791
1504 2797
1504 2853
1504 3230
1504 3406
1504 4068
1504 4565
1504 4722
1504 4861
1504 4958
1504 4992
1505 1582
1505 1789
1505 1853
1505 1888
1505 2028
1505 2380
1505 2995
1505 3061
1505 3139
1505 3459
1505 3821
1505 3914
1506 1517
1506 1988
1506 2033
1506 2036
1506 2113
1506 2282
1506 2633
1506 2995
1506 3258
1506 3759
1506 4246
1507 1828
1507 2865
1507 3323
1507 3515
1507 4120
1507 4419
1507 4426
1507 4442
1507 4722
1507 4794
1507 4874
1508 1559
1508 1907
1508 1915
1508 3016
1508 3293
1508 3714
1508 4163
1508 4226
1508 4233
1509 2505
1509 3137
1509 3632
1509 3675
1509 4034
1509 4255
1509 4846
1509 4922
1510 1573
1510 1720
1510 2573
1510 2851
1510 2887
1510 3966
1510 4208
1510 4828
1510 4857
1511 1841
1511 1932
1511 2263
1511 3509
1511 3586
1511 3707
1511 3891
1511 4012
1511 4166
1511 4223
1511 4474
1511 4759
1511 4873
1512 1527
1512 1909
1512 2178
1512 2470
1512 2717
1512 3037
1512 3334
1512 3419
1512 3859
1512 4048
1512 4089
1512 4223
1512 4366
1512 4370
1512 4787
1513 1654
1513 2167
1513 2366
1513 2454
1513 2734
1513 2803
1513 3350
1513 3875
1513 4962
1514 2270
1514 2387
1514 2669
1514 2851
1514 4176
1514 4523
1514 4673
1514 4685
1514 4802
1515 1598
1515 1682
1515 1746
1515 2297
1515 2675
1515 2879
1515 3257
1515 3291
1515 3304
1515 3411
1515 3561
1515 3740
1515 3928
1515 3976
1515 4249
1515 4475
1515 4998
1516 1580
1516 1621
1516 1640
1516 2129
1516 2681
1516 2975
1516 3534
1516 3868
1516 3920
1516 4293
1516 4678
1516 4686
1516 4979
1517 1672
1517 1736
1517 2380
1517 2447
1517 2597
1517 2656
1517 3014
1517 3330
1517 3515
1517 3841
1517 3856
1517 4877
1518 1777
1518 1932
1518 2854
1518 2925
1518 2985
1518 3048
1518 3216
1518 3293
1518 3448
1518 4045
1519 1840
1519 1861
1519 1867
1519 3550
1519 3783
1519 3815
1519 4401
1519 4660
1520 2043
1520 2122
1520 2555
1520 2638
1520 2885
1520 3499
1520 3997
1520 4067
1520 4414
1520 4978
1521 1559
1521 1571
1521 1805
1521 1890
1521 2732
1521 2878
1521 2884
1521 3013
1521 3247
1521 3307
1521 3389
1521 3462
1521 4422
1522 2430
1522 2512
1522 2695
1522 2787
1522 2887
1522 2953
1522 3188
1522 3461
1522 3843
1522 4061
1522 4700
1522 4821
1523 1630
1523 2040
1523 2805
1523 2923
1523 3166
1523 3298
1523 3313
1523 3426
1523 3564
1523 3628
1523 3668
1523 4083
1523 4520
1523 4568
1523 4615
1523 4816
1524 1749
1524 2357
1524 2469
1524 2749
1524 2901
1524 3042
1524 3348
1524 3452
1524 3513
1524 3534
1524 3802
1524 3886
1524 4214
1524 4585
1524 4596
1524 4612
1524 4638
1524 4691
1524 4791
1524 4819
1524 4921
1525 1672
1525 1812
1525 1813
1525 2647
1525 3416
1525 3675
1525 4103
1525 4199
1525 4573
1526 1697
1526 1963
1526 2591
1526 2674
1526 2980
1526 3302
1526 3441
1526 3901
1526 4138
1526 4236
1526 4930
1527 1738
1527 1922
1527 2035
1527 2113
1527 2742
1527 3062
1527 3771
1527 3805
1527 3936
1527 4266
1527 4737
1527 4996
1528 2286
1528 2656
1528 2721
1528 3065
1528 3242
1528 3480
1528 3531
1528 3611
1528 3808
1528 4051
1528 4510
1528 4761
1528 4796
1529 2825
1529 2848
1529 3267
1529 3551
1529 4623
1529 4974
1530 1575
1530 2258
1530 2274
1530 2308
1530 3004
1530 3375
1530 3602
1530 3753
1530 4329
1530 4366
1530 4415
1530 4682
1530 4962
1531 1909
1531 2018
1531 2619
1531 2647
1531 2731
1531 3402
1531 4343
1531 4662
1531 4917
1532 1550
1532 2247
1532 3431
1532 3636
1532 4021
1532 4577
1532 4611
1533 1715
1533 1725
1533 2070
1533 2447
1533 2977
1533 3032
1533 3166
1533 3369
1533 3576
1533 4339
1533 4666
1533 4874
1533 4966
1534 1637
1534 1709
1534 2522
1534 2924
1534 2971
1534 3127
1534 3281
1534 3470
1534 3473
1534 3511
1535 1637
1535 2021
1535 2302
1535 2642
1535 3075
1535 3473
1535 3672
1535 3810
1536 1873
1536 1931
1536 2394
1536 2808
1536 2828
1536 2915
1536 3121
1536 3328
1536 3726
1536 4008
1536 4805
1536 4824
1537 1897
1537 2346
1537 2547
1537 2894
1537 3879
1537 4186
1537 4433
1537 4625
1538 1736
1538 2178
1538 2694
1538 2860
1538 2886
1538 2889
1538 2936
1538 2949
1538 2969
1538 3114
1538 3270
1538 3883
1538 3940
1538 4388
1538 4677
1538 4786
1539 1563
1539 1771
1539 2169
1539 2522
1539 2730
1539 2963
1539 3423
1539 3485
1539 3533
1539 3658
1539 3743
1539 4050
1539 4119
1539 4176
1539 4364
1539 4727
1539 4779
1540 1954
1540 2007
1540 2166
1540 2713
1540 3205
1540 3224
1540 3540
1540 3859
1540 3873
1540 3931
1540 4046
1540 4248
1540 4331
1540 4742
1541 1921
1541 2249
1541 2575
1541 3416
1541 3432
1541 3636
1541 4044
1541 4313
1541 4464
1541 4510
1541 4652
1541 4743
1541 4886
1542 1652
1542 2258
1542 3012
1542 3101
1542 4138
1542 4366
1542 4513
1542 4773
1543 1708
1543 3160
1543 3520
1543 4416
1543 4523
1543 4544
1543 4590
1543 4845
1544 1592
1544 1702
1544 2203
1544 2579
1544 2719
1544 3091
1544 3141
1544 3941
1545 1567
1545 1612
1545 1696
1545 1900
1545 2314
1545 2349
1545 2980
1545 3275
1545 3526
1545 3608
1545 3954
1545 4464
1545 4626
1545 4648
1546 2087
1546 2311
1546 2735
1546 2920
1546 3351
1546 3789
1546 4282
1546 4406
1546 4600
1546 4753
1547 1999
1547 2008
1547 2322
1547 2541
1547 2614
1547 2753
1547 2897
1547 3380
1547 4056
1547 4932
1548 1754
1548 2011
1548 2324
1548 2357
1548 2773
1548 3573
1548 3857
1548 4001
1548 4368
1548 4401
1549 1601
1549 1727
1549 1885
1549 2234
1549 2556
1549 2664
1549 2835
1549 3328
1549 3704
1549 4485
1549 4581
1550 2191
1550 2248
1550 2290
1550 2302
1550 2544
1550 2674
1550 3044
1550 3599
1550 3614
1550 4222
1550 4371
1550 4456
1550 4783
1551 1762
1551 1856
1551 2110
1551 2216
1551 2342
1551 2354
1551 2548
1551 2552
1551 3143
1551 3366
1551 3661
1551 4074
1551 4101
1551 4254
1551 4355
1552 1666
1552 2392
1552 2415
1552 2529
1552 3093
1552 3550
1552 3820
1552 4025
1552 4774
1553 2254
1553 2302
1553 2520
1553 2667
1553 3062
1553 3638
1553 3681
1553 3689
1553 3769
1553 3807
1553 4680
1553 4696
1553 4737
1553 4900
1554 1673
1554 1779
1554 1903
1554 3108
1554 3399
1554 3638
1554 3675
1554 3819
1554 4595
1554 4907
1555 1953
1555 2026
1555 2317
1555 2619
1555 2783
1555 2892
1555 2988
1555 3198
1555 3409
1555 4126
1555 4187
1555 4413
1555 4421
1555 4572
1555 4950
1556 1647
1556 1687
1556 1816
1556 1818
1556 1916
1556 2148
1556 2313
1556 2399
1556 3464
1556 3581
1556 3730
1556 3821
1556 4490
1556 4576
1556 4691
1556 4720
1556 4775
1556 4836
1556 4886
1556 4946
1557 2315
1557 2328
1557 2369
1557 2732
1557 3727
1557 3852
1557 3895
1557 4362
1557 4877
1557 4921
1558 1654
1558 1826
1558 2927
1558 3059
1558 3081
1558 3396
1558 4546
1558 4564
1558 4779
1558 4956
1559 2025
1559 2423
1559 2850
1559 2884
1559 2891
1559 3006
1559 3350
1559 3523
1559 3945
1559 4057
1559 4297
1559 4617
1559 4627
1560 2767
1560 3609
1560 3685
1560 3759
1560 3832
1560 3958
1560 3995
1560 4442
1560 4667
1561 1642
1561 1798
1561 1827
1561 1966
1561 2497
1561 2586
1561 2944
1561 3157
1561 3193
1561 3366
1561 3683
1561 3848
1561 4257
1561 4829
1562 1989
1562 2031
1562 2150
1562 2774
1562 2830
1562 3732
1562 3846
1562 4066
1562 4141
1562 4439
1562 4496
1563 1650
1563 1767
1563 1860
1563 1912
1563 1943
1563 2722
1563 3265
1563 3672
1563 4175
1563 4395
1563 4489
1564 1792
1564 2704
1564 2730
1564 2843
1564 3109
1564 3363
1564 3411
1564 3904
1564 4666
1565 2131
1565 2163
1565 2546
1565 3523
1565 3762
1565 4679
1566 1679
1566 1769
1566 1865
1566 2097
1566 2561
1566 2609
1566 2884
1566 2909
1566 3311
1566 3521
1566 4196
1566 4263
1566 4525
1566 4897
1566 4994
1567 1589
1567 2237
1567 2257
1567 2505
1567 2641
1567 2663
1567 2874
1567 3021
1567 3248
1567 3387
1567 3565
1567 3714
1567 3760
1567 3887
1567 4399
1567 4665
1568 1572
1568 2092
1568 2536
1568 3264
1568 3297
1568 3641
1568 3705
1568 4460
1568 4689
1568 4918
1568 4982
1569 1792
1569 1920
1569 2409
1569 2658
1569 2762
1569 3514
1569 3585
1569 3657
1569 4309
1569 4502
1570 2293
1570 3015
1570 3092
1570 3174
1570 3304
1570 3389
1570 3593
1570 3808
1570 4560
1571 1642
1571 1844
1571 2475
1571 3940
1571 4519
1571 4719
1571 4721
1572 1754
1572 1963
1572 2029
1572 2154
1572 2354
1572 2936
1572 3228
1572 3309
1572 3759
1572 4069
1572 4123
1572 4145
1572 4149
1572 4524
1572 4588
1573 2034
1573 2038
1573 2754
1573 2778
1573 2908
1573 3011
1573 3670
1573 4429
1573 4458
1574 1729
1574 1758
1574 2390
1574 2603
1574 2708
1574 3384
1574 3410
1574 3769
1574 4145
1574 4336
1574 4435
1575 1937
1575 2188
1575 2900
1575 3281
1575 4031
1575 4043
1575 4666
1576 1803
1576 1900
1576 2354
1576 2808
1576 3074
1576 3795
1576 4480
1576 4615
1577 1673
1577 1763
1577 1767
1577 1859
1577 1915
1577 1927
1577 2545
1577 4199
1577 4377
1577 4571
1577 4684
1577 4878
1578 1653
1578 2444
1578 2556
1578 3028
1578 3093
1578 3593
1578 3608
1578 3640
1578 4070
1578 4088
1578 4130
1578 4538
1578 4566
1578 4669
1579 2358
1579 2673
1579 2866
1579 2902
1579 4199
1579 4601
1580 2067
1580 2097
1580 2246
1580 3135
1580 3151
1580 3210
1580 3359
1580 3481
1580 3493
1580 3731
1580 4147
1580 4503
1580 4702
1581 1871
1581 1966
1581 2458
1581 3536
1581 4089
1581 4122
1581 4756
1582 1803
1582 1883
1582 1884
1582 1988
1582 2308
1582 2734
1582 3166
1582 3172
1582 4228
1582 4677
1583 2141
1583 2154
1583 2341
1583 2358
1583 2501
1583 3384
1583 3404
1583 3527
1583 3711
1583 3904
1583 4858
1584 2672
1584 2681
1584 3154
1584 3505
1584 3875
1584 4100
1584 4121
1584 4469
1584 4687
1585 1632
1585 2057
1585 2302
1585 2496
1585 2553
1585 2660
1585 2693
1585 2769
1585 2893
1585 2949
1585 3002
1585 3134
1585 3283
1585 3982
1585 4254
1585 4884
1586 1629
1586 1644
1586 1890
1586 1909
1586 2858
1586 3046
1586 4208
1586 4254
1586 4274
1586 4554
1586 4568
1586 4660
1586 4824
1587 1931
1587 2492
1587 3122
1587 3710
1587 3762
1587 3815
1587 4427
1588 2103
1588 2390
1588 2749
1588 2767
1588 3179
1588 3622
1588 4046
1589 1876
1589 2093
1589 2228
1589 2484
1589 3396
1589 4036
1589 4182
1589 4273
1589 4493
1589 4635
1590 2087
1590 2485
1590 3359
1590 3404
1590 4342
1590 4864
1590 4878
1591 1827
1591 2217
1591 2225
1591 2610
1591 3028
1591 3042
1591 3145
1591 3952
1591 3999
1591 4692
1591 4882
1591 4914
1592 1744
1592 1852
1592 2439
1592 2659
1592 2865
1592 3215
1592 3631
1592 3962
1592 4355
1592 4387
1592 4488
1592 4584
1593 1783
1593 1846
1593 1858
1593 1885
1593 1982
1593 1995
1593 2739
1593 2825
1593 2871
1593 3363
1593 4026
1593 4459
1593 4568
1593 4761
1593 4915
1594 1603
1594 1916
1594 1936
1594 2125
1594 2340
1594 2926
1594 2982
1594 3330
1594 4021
1594 4137
1594 4249
1594 4804
1595 2005
1595 2105
1595 2714
1595 3296
1595 3520
1595 3742
1595 4041
1595 4300
1595 4514
1595 4589
1595 4737
1596 1745
1596 1803
1596 1964
1596 2159
1596 2212
1596 2618
1596 2836
1596 2884
1596 3971
1596 4032
1596 4303
1596 4775
1597 2887
1597 3207
1597 3217
1597 3409
1597 3529
1597 3728
1597 3743
1597 4446
1597 4635
1597 4705
1597 4790
1597 4922
1598 2049
1598 2115
1598 2154
1598 2717
1598 2820
1598 2980
1598 3022
1598 3028
1598 3343
1598 3733
1598 3883
1598 3915
1598 4203
1598 4478
1598 4542
1599 1714
1599 1850
1599 1981
1599 3003
1599 3046
1599 3435
1599 4163
1599 4233
1599 4830
1599 4866
1600 1705
1600 1910
1600 2949
1600 3100
1600 3260
1600 3363
1600 3478
1600 3664
1600 3901
1600 3945
1600 4074
1600 4201
1600 4252
1600 4274
1600 4402
1601 1733
1601 1885
1601 2090
1601 2364
1601 2413
1601 2621
1601 2851
1601 3496
1601 3639
1601 3777
1601 4242
1602 2642
1602 2680
1602 2698
1602 2920
1602 3090
1602 3519
1602 3936
1602 4636
1603 2001
1603 2053
1603 2157
1603 2660
1603 3427
1603 4053
1603 4054
1603 4514
1603 4772
1604 2074
1604 2188
1604 2342
1604 2500
1604 2706
1604 3516
1604 3686
1604 4074
1604 4190
1604 4358
1604 4493
1604 4618
1605 1808
1605 2425
1605 2480
1605 2620
1605 3286
1605 3340
1605 3477
1605 3507
1605 3607
1605 4019
1605 4108
1605 4127
1605 4304
1606 1795
1606 2072
1606 2073
1606 2187
1606 2577
1606 2756
1606 3504
1606 3608
1606 3760
1606 4815
1607 1930
1607 2172
1607 2554
1607 2886
1607 4010
1608 2159
1608 2711
1608 3146
1608 3541
1608 4101
1608 4106
1608 4207
1608 4366
1608 4450
1608 4545
1608 4960
1609 1710
1609 1849
1609 2239
1609 2269
1609 2584
1609 2638
1609 2744
1609 2754
1609 3265
1609 3380
1609 3613
1609 3662
1609 4231
1609 4605
1610 1713
1610 1737
1610 1811
1610 2240
1610 2473
1610 2492
1610 3053
1610 3121
1610 3268
1610 3500
1610 3717
1610 3747
1610 3765
1610 4210
1610 4452
1610 4879
1611 1733
1611 3080
1611 4667
1611 4700
1612 1637
1612 1711
1612 1762
1612 1889
1612 2050
1612 2784
1612 3247
1612 3979
1612 4549
1612 4933
1613 2676
1613 2885
1613 4817
1613 4989
1614 2826
1614 3036
1614 3324
1614 4032
1614 4120
1614 4246
1614 4444
1614 4513
1614 4516
1614 4606
1614 4909
1615 1833
1615 1937
1615 2083
1615 2123
1615 2234
1615 2329
1615 2346
1615 2588
1615 2726
1615 2985
1616 1681
1616 2575
1616 2620
1616 2657
1616 2808
1616 2956
1616 3044
1616 3076
1616 3851
1616 4029
1616 4118
1616 4444
1616 4600
1616 4635
1616 4910
1617 1930
1617 2313
1617 2328
1617 2577
1617 2727
1617 2823
1617 3042
1617 3136
1617 3462
1617 3591
1617 3740
1617 3771
1617 4883
1618 1888
1618 2598
1618 2794
1618 3268
1618 3454
1618 3540
1618 3653
1618 3748
1618 4246
1618 4705
1619 2120
1619 2915
1619 2937
1619 3653
1619 4511
1619 4752
1620 1954
1620 2156
1620 2610
1620 2958
1620 3228
1620 4298
1620 4547
1620 4781
1621 1783
1621 1786
1621 1965
1621 2942
1621 3240
1621 3383
1621 3669
1621 4108
1621 4199
1621 4505
1621 4889
1622 1781
1622 1836
1622 1860
1622 1884
1622 1997
1622 2320
1622 2386
1622 2495
1622 3129
1622 3920
1622 4240
1622 4243
1622 4563
1623 1635
1623 2446
1623 2568
1623 3178
1623 3638
1623 3940
1623 4059
1623 4743
1623 4872
1624 1649
1624 1750
1624 2013
1624 2291
1624 3066
1624 3135
1624 3581
1624 3736
1624 4489
1624 4656
1624 4679
1624 4691
1625 1675
1625 1808
1625 2407
1625 3441
1625 3582
1625 3625
1625 4036
1625 4111
1625 4154
1625 4620
1625 4686
1625 4695
1625 4928
1626 1723
1626 1765
1626 2032
1626 2109
1626 2142
1626 2506
1626 2594
1626 3213
1626 3406
1626 3502
1626 3952
1626 4047
1626 4379
1626 4405
1626 4533
1626 4864
1627 2145
1627 2177
1627 3042
1627 3555
1627 3564
1627 3810
1628 2011
1628 2481
1628 2837
1628 3487
1628 3813
1628 3866
1628 4117
1628 4220
1629 2047
1629 2117
1629 2208
1629 2670
1629 2771
1629 3402
1629 4015
1629 4069
1629 4247
1629 4335
1629 4616
1629 4669
1629 4769
1629 4781
1629 4786
1630 1756
1630 1946
1630 1957
1630 2172
1630 2472
1630 2768
1630 3498
1630 3537
1630 3856
1630 3970
1630 4246
1630 4350
1631 2059
1631 2230
1631 2301
1631 3513
1631 3663
1631 4355
1631 4494
1631 4712
1631 4976
1632 1782
1632 2069
1632 2605
1632 2691
1632 2957
1632 3132
1632 3523
1632 4326
1632 4545
1632 4562
1632 4715
1633 2322
1633 2424
1633 3095
1633 3142
1633 3247
1633 3546
1633 3922
1633 4499
1633 4716
1633 4820
1633 4863
1633 4919
1634 1700
1634 2325
1634 2769
1634 4225
1634 4295
1635 1638
1635 1659
1635 2277
1635 2579
1635 2968
1635 3357
1635 3792
1635 4121
1635 4225
1635 4399
1635 4681
1635 4810
1635 4965
1636 1743
1636 1804
1636 2479
1636 2826
1636 3285
1636 4242
1636 4623
1636 4750
1637 1851
1637 2380
1637 3156
1637 3229
1637 3265
1637 3654
1637 3664
1637 3819
1637 4040
1637 4084
1637 4130
1637 4756
1638 1825
1638 2029
1638 2357
1638 2896
1638 3559
1638 3570
1638 3677
1638 3755
1638 4523
1638 4929
1639 1865
1639 2160
1639 3226
1639 3242
1639 3272
1639 3938
1639 4058
1639 4237
1640 1866
1640 1891
1640 2105
1640 2648
1640 3171
1640 3550
1640 3930
1640 3985
1640 4375
1640 4666
1640 4780
1640 4797
1640 4837
1640 4884
1641 2702
1641 2937
1641 3527
1641 3598
1641 3599
1641 3673
1641 3967
1641 3972
1641 4286
1641 4509
1641 4565
1642 1686
1642 1965
1642 2445
1642 2797
1642 3476
1642 4080
1642 4524
1643 2277
1643 2465
1643 3629
1643 3788
1643 3930
1643 3935
1643 4038
1643 4135
1643 4198
1643 4208
1643 4348
1643 4402
1643 4572
1643 4869
1644 1693
1644 1698
1644 1775
1644 1793
1644 2111
1644 3403
1644 4234
1645 2528
1645 4073
1645 4101
1646 1889
1646 1925
1646 2138
1646 2421
1646 3358
1646 4307
1646 4355
1646 4379
1646 4715
1647 1886
1647 1940
1647 3122
1647 3312
1647 3642
1647 3813
1647 4174
1647 4369
1647 4533
1647 4837
1648 2264
1648 2327
1648 3251
1648 3466
1648 3917
1648 3931
1648 4230
1648 4469
1648 4614
1648 4752
1648 4803
1649 1661
1649 1708
1649 2121
1649 2312
1649 2773
1649 3251
1649 3813
1649 4360
1649 4630
1650 2439
1650 3107
1650 3598
1650 4027
1650 4351
1650 4744
1651 2214
1651 2479
1651 2506
1651 2701
1651 2728
1651 2772
1651 3001
1651 3468
1651 3982
1651 4491
1651 4891
1651 4912
1652 1751
1652 2035
1652 2141
1652 2243
1652 2269
1652 2377
1652 2397
1652 2559
1652 2997
1652 3431
1652 3726
1652 3973
1652 4361
1652 4536
1653 1695
1653 1945
1653 1952
1653 2626
1653 3322
1653 3661
1653 3662
1653 4509
1653 4981
1654 1671
1654 2246
1654 2549
1654 2570
1654 3023
1654 3253
1654 3256
1654 3517
1654 3648
1654 3655
1654 4080
1655 1697
1655 1758
1655 4732
1655 4963
1656 1680
1656 1998
1656 2550
1656 2820
1656 2904
1656 3381
1656 3470
1656 3609
1656 4005
1656 4330
1656 4752
1656 4853
1657 1962
1657 2068
1657 3249
1657 3360
1657 3382
1657 3421
1657 3984
1657 4047
1657 4266
1657 4446
1657 4500
1657 4515
1657 4530
1657 4816
1657 4872
1658 1732
1658 2160
1658 3344
1658 4014
1658 4351
1658 4880
1659 2167
1659 2317
1659 2453
1659 2640
1659 2715
1659 2923
1659 3128
1659 3385
1659 3572
1659 3614
1659 4029
1659 4615
1659 4746
1659 4758
1660 1696
1660 2008
1660 2526
1660 3053
1660 3238
1660 3484
1660 4102
1661 2036
1661 2895
1661 2926
1661 3030
1661 3309
1661 3395
1661 3703
1661 4363
1661 4749
1661 4806
1661 4855
1662 1842
1662 1885
1662 2054
1662 2573
1662 2997
1662 3207
1662 3727
1662 3788
1662 4454
1663 1697
1663 1936
1663 2859
1663 3119
1663 3431
1663 3559
1663 4268
1664 2327
1664 3414
1664 3612
1664 4348
1664 4364
1665 1703
1665 1997
1665 2720
1665 3415
1665 3857
1665 4415
1665 4473
1666 2815
1666 3203
1666 3355
1666 4060
1666 4705
1666 4717
1666 4890
1667 1818
1667 1838
1667 1977
1667 2071
1667 2652
1667 2997
1667 3064
1667 3715
1667 4179
1667 4272
1667 4466
1667 4649
1667 4745
1668 1733
1668 2104
1668 2500
1668 2802
1668 3264
1668 3581
1668 4018
1668 4051
1668 4571
1668 4647
1668 4691
1668 4873
1668 4894
1668 4902
1669 1855
1669 2003
1669 2108
1669 2656
1669 2826
1669 2981
1669 3281
1669 3410
1669 3430
1669 4324
1669 4624
1669 4841
1669 4960
1669 4989
1670 2494
1670 2811
1670 3284
1670 3367
1670 3439
1670 4736
1671 2078
1671 2574
1671 3524
1671 3559
1671 4493
1671 4870
1672 1986
1672 2186
1672 2544
1672 2660
1672 3185
1672 3272
1672 3740
1672 4383
1673 1946
1673 2018
1673 2450
1673 2510
1673 2675
1673 3214
1673 3217
1673 3480
1673 4163
1673 4195
1673 4677
1673 4780
1674 2347
1674 2728
1674 2800
1674 2965
1674 3499
1674 3847
1674 3951
1674 3991
1674 4343
1674 4472
1674 4517
1674 4632
1674 4699
1675 2053
1675 2075
1675 3332
1675 3382
1675 3488
1675 3491
1675 4000
1675 4023
1675 4729
1676 1824
1676 2075
1676 2227
1676 2957
1676 3336
1676 3511
1676 3552
1676 3740
1676 4671
1677 1702
1677 1771
1677 2043
1677 2185
1677 2589
1677 3053
1677 3299
1677 3395
1677 3443
1677 3913
1677 4682
1677 4903
1677 4926
1677 4982
1678 1865
1678 1938
1678 2215
1678 2281
1678 2721
1678 3617
1678 3713
1678 4545
1679 1860
1679 1936
1679 2168
1679 2256
1679 2728
1679 3135
1679 3397
1679 3557
1679 4806
1680 1800
1680 2472
1680 2540
1680 2740
1680 3914
1680 3992
1680 4100
1680 4254
1680 4356
1680 4508
1681 1859
1681 2036
1681 2207
1681 2310
1681 3169
1681 3184
1681 3297
1681 3325
1681 3459
1681 3775
1681 4100
1681 4572
1681 4602
1681 4778
1681 4909
1682 1795
1682 2452
1682 2965
1682 3420
1682 3680
1682 4185
1682 4353
1682 4814
1683 2156
1683 2235
1683 2352
1683 3290
1683 3300
1683 3318
1683 3800
1683 4436
1683 4553
1684 1686
1684 1757
1684 3015
1684 3171
1684 3682
1684 3940
1684 3942
1684 3982
1684 4528
1684 4836
1684 4955
1685 1714
1685 1846
1685 2256
1685 2497
1685 2576
1685 2966
1685 3160
1685 3216
1685 3632
1685 3812
1685 3865
1685 4070
1685 4564
1685 4684
1685 4785
1686 2408
1686 2652
1686 3123
1686 3423
1686 4326
1686 4370
1686 4750
1687 2431
1687 2542
1687 2693
1687 3380
1687 3853
1687 4153
1687 4296
1687 4471
1687 4848
1687 4970
1688 2319
1688 2665
1688 2926
1688 3614
1688 3944
1688 3990
1688 4292
1688 4880
1688 4891
1689 2022
1689 2268
1689 2326
1689 2737
1689 2835
1689 2843
1689 3152
1689 3597
1689 4054
1689 4200
1689 4331
1689 4462
1689 4861
1689 4987
1690 2577
1690 2754
1690 2836
1690 3272
1690 4137
1690 4562
1690 4574
1690 4872
1690 4981
1691 2013
1691 2484
1691 2580
1691 2648
1691 3009
1691 3014
1691 3313
1691 3315
1691 4847
1692 3192
1692 3334
1692 3411
1692 3617
1692 4115
1692 4386
1692 4421
1692 4991
1693 2421
1693 2497
1693 3609
1693 3613
1693 3861
1693 4181
1693 4666
1693 4792
1694 2122
1694 2201
1694 2617
1694 2686
1694 2909
1694 2946
1694 3386
1694 3694
1694 3872
1694 4417
1694 4488
1694 4711
1694 4719
1694 4758
1694 4867
1694 4960
1695 1937
1695 1990
1695 2869
1695 2951
1695 2992
1695 3089
1695 3102
1695 3110
1695 3225
1695 3321
1695 3371
1695 3408
1695 3441
1695 3663
1695 4048
1695 4516
1695 4524
1695 4851
1696 2435
1696 2513
1696 3487
1696 4245
1696 4484
1696 4631
1696 4810
1696 4852
1697 2058
1697 2386
1697 2671
1697 3395
1697 3649
1697 3833
1697 4088
1697 4854
1697 4979
1698 2180
1698 2273
1698 2337
1698 2590
1698 2622
1698 2626
1698 2636
1698 2748
1698 3439
1698 3658
1698 4063
1698 4206
1698 4753
1699 1791
1699 2964
1699 3076
1699 3107
1699 3299
1699 3306
1699 3417
1699 3432
1699 3443
1699 3617
1699 3806
1699 3836
1699 3866
1699 4815
1700 1881
1700 2401
1700 3010
1700 3446
1700 4945
1701 2195
1701 2225
1701 3078
1701 3152
1701 3471
1701 3476
1701 4883
1702 1804
1702 1832
1702 1880
1702 1897
1702 1935
1702 2101
1702 2122
1702 2369
1702 2997
1702 3045
1702 3496
1702 4171
1702 4462
1702 4464
1703 2441
1703 2581
1703 2634
1703 3033
1703 3453
1703 4070
1703 4391
1703 4676
1703 4841
1704 1906
1704 2009
1704 2128
1704 2177
1704 2268
1704 3221
1704 3269
1704 3311
1704 3334
1704 3347
1704 3558
1704 3731
1704 4505
1704 4551
1704 4954
1705 1988
1705 2368
1705 2643
1705 2695
1705 3259
1705 3338
1705 3544
1705 3715
1705 3876
1705 4027
1705 4206
1705 4470
1705 4705
1705 4743
1705 4898
1706 1876
1706 2381
1706 2478
1706 2861
1706 2980
1706 3083
1706 3416
1706 3682
1706 4045
1706 4165
1706 4670
1706 4770
1706 4938
1707 1758
1707 1857
1707 2812
1707 2906
1707 3159
1707 4106
1707 4268
1707 4303
1707 4589
1707 4704
1707 4873
1708 1864
1708 2648
1708 3008
1708 3287
1708 3686
1708 3761
1708 4152
1708 4840
1709 2023
1709 2096
1709 2694
1709 2930
1709 3402
1709 3421
1709 4140
1709 4503
1709 4758
1709 4887
1710 1768
1710 2077
1710 3220
1710 3289
1710 3451
1710 4885
1710 4940
1711 2089
1711 2412
1711 3184
1711 3302
1711 3393
1711 4003
1711 4032
1711 4165
1711 4370
1711 4473
1711 4588
1712 1800
1712 2074
1712 2962
1712 3128
1712 3190
1712 3224
1712 3238
1712 3435
1712 3527
1712 3688
1712 4014
1712 4235
1712 4459
1712 4672
1713 2276
1713 2330
1713 2333
1713 2401
1713 2697
1713 3529
1713 4167
1713 4270
1713 4365
1713 4431
1713 4751
1714 1737
1714 1817
1714 1897
1714 2084
1714 2110
1714 2306
1714 2842
1714 3014
1714 3192
1714 3465
1714 3496
1714 4384
1714 4390
1714 4469
1714 4520
1714 4531
1714 4785
1714 4890
1715 1879
1715 3018
1715 3036
1715 3611
1715 3828
1715 3834
1715 4013
1715 4442
1715 4572
1715 4846
1715 4893
1716 2055
1716 2113
1716 2154
1716 2368
1716 2925
1716 3396
1716 3890
1716 4424
1716 4611
1717 1759
1717 1880
1717 2524
1717 2596
1717 3349
1717 3391
1717 3615
1717 4169
1717 4209
1717 4270
1717 4451
1718 1916
1718 2140
1718 2188
1718 2193
1718 2421
1718 2863
1718 3274
1718 3467
1718 3554
1718 3899
1718 4476
1718 4865
1719 2664
1719 2708
1719 2747
1719 2947
1719 3083
1719 3781
1719 4166
1719 4369
1719 4668
1720 1795
1720 2249
1720 2303
1720 3407
1720 3491
1720 3527
1720 3592
1720 3756
1720 3870
1720 4218
1720 4509
1720 4646
1720 4670
1720 4820
1721 2134
1721 2152
1721 3708
1721 3981
1721 4337
1721 4947
1722 1752
1722 1943
1722 2229
1722 2382
1722 2974
1722 3000
1722 3119
1722 3368
1722 4024
1722 4122
1722 4225
1722 4951
1722 4959
1723 1897
1723 2800
1723 3971
1723 3980
1723 3987
1723 4118
1723 4144
1724 2101
1724 2132
1724 2666
1724 2859
1724 2958
1724 3303
1724 3705
1724 4020
1724 4079
1724 4645
1724 4787
1724 4863
1724 4934
1725 2070
1725 2098
1725 2496
1725 3311
1725 3648
1725 4016
1725 4177
1725 4387
1725 4552
1725 4656
1725 4666
1725 4776
1726 2207
1726 2617
1726 3092
1726 3407
1726 3671
1726 4875
1726 4911
1727 1801
1727 2056
1727 2422
1727 2614
1727 3103
1727 4246
1727 4293
1727 4469
1727 4755
1727 4806
1727 4852
1727 4880
1727 4958
1728 2162
1728 2848
1728 2994
1728 3443
1728 3706
1728 3783
1728 3956
1729 1758
1729 2662
1729 2936
1729 3322
1729 3450
1729 3947
1729 4038
1729 4517
1729 4572
1729 4680
1730 1975
1730 2001
1730 2058
1730 2597
1730 2643
1730 2712
1730 3184
1730 3198
1730 3916
1730 4504
1730 4634
1730 4718
1731 2035
1731 2057
1731 2186
1731 2300
1731 2499
1731 2630
1731 2691
1731 2899
1731 3311
1731 3330
1731 3715
1731 3762
1731 4045
1731 4236
1731 4470
1731 4471
1731 4732
1731 4770
1731 4889
1732 2240
1732 2727
1732 2919
1732 3416
1732 4021
1732 4029
1732 4433
1732 4980
1733 1775
1733 2004
1733 2517
1733 3573
1733 3844
1734 2121
1734 2369
1734 3046
1734 3762
1734 3871
1734 3925
1734 4175
1734 4611
1734 4875
1735 2024
1735 2027
1735 2510
1735 2709
1735 3360
1735 3549
1735 3682
1735 3822
1735 3921
1735 4296
1735 4649
1735 4828
1736 2365
1736 2510
1736 2931
1736 3152
1736 3897
1736 4252
1736 4359
1736 4989
1737 2154
1737 4027
1737 4741
1737 4830
1737 4941
1738 2659
1738 2900
1738 2948
1738 2959
1738 3265
1738 3782
1738 3859
1738 3948
1739 2043
1739 2050
1739 2222
1739 3600
1739 3628
1739 4390
1739 4878
1740 2351
1740 2762
1740 3284
1740 3829
1740 4373
1740 4700
1740 4732
1740 4746
1740 4749
1741 3721
1741 3911
1742 2758
1742 3437
1742 3455
1742 4051
1742 4145
1742 4175
1742 4181
1742 4858
1742 4937
1743 2299
1743 2339
1743 2644
1743 3400
1743 3754
1743 4006
1743 4538
1743 4566
1743 4713
1743 4747
1743 4888
1744 1902
1744 1962
1744 2131
1744 2557
1744 2660
1744 2803
1744 4260
1744 4400
1744 4807
1745 1848
1745 2251
1745 2379
1745 2548
1745 2914
1745 3892
1745 3908
1745 3987
1745 4224
1746 1804
1746 2092
1746 2970
1746 4078
1746 4079
1747 1773
1747 1929
1747 2552
1747 2663
1747 2777
1747 3854
1747 3930
1747 3957
1747 4307
1747 4893
1748 1925
1748 1966
1748 2863
1748 3088
1748 4083
1749 1791
1749 1810
1749 2270
1749 3075
1749 3990
1749 4025
1749 4924
1750 1832
1750 1898
1750 2260
1750 3535
1750 3876
1750 4323
1750 4480
1750 4489
1750 4658
1750 4762
1751 1958
1751 1977
1751 2010
1751 2330
1751 2333
1751 2354
1751 2500
1751 2816
1751 2855
1751 3044
1751 3524
1751 3839
1751 4331
1751 4489
1751 4599
1752 1805
1752 2180
1752 2945
1752 3100
1752 3262
1752 3471
1752 3588
1752 3706
1752 3781
1752 3862
1752 3933
1752 4189
1752 4319
1752 4328
1752 4369
1752 4460
1752 4720
1752 4996
1753 1823
1753 1892
1753 2309
1753 2312
1753 2472
1753 2553
1753 2601
1753 3234
1753 3583
1753 3590
1753 3994
1753 4025
1753 4293
1753 4596
1754 2079
1754 2393
1754 3016
1754 3399
1754 3501
1754 3572
1754 3732
1754 4354
1754 4446
1755 1929
1755 2467
1755 3115
1755 3429
1755 3534
1755 4472
1755 4632
1756 2053
1756 2101
1756 2136
1756 2417
1756 2765
1756 2859
1756 3408
1756 3942
1756 4494
1757 1985
1757 2026
1757 2119
1757 2277
1757 2378
1757 2656
1757 3730
1757 3749
1757 4045
1757 4220
1757 4525
1757 4808
1758 1932
1758 2948
1758 3291
1758 4308
1759 1765
1759 2285
1759 2891
1759 3446
1759 3508
1759 4137
1759 4551
1759 4949
1760 1998
1760 2118
1760 2323
1760 2404
1760 2534
1760 2555
1760 3571
1760 3703
1760 3863
1760 4723
1760 4921
1760 4965
1761 1977
1761 2075
1761 2109
1761 2293
1761 3415
1761 3492
1761 3709
1761 4181
1761 4877
1761 4896
1762 2031
1762 2094
1762 2096
1762 2303
1762 2346
1762 2356
1762 2714
1762 4021
1762 4089
1762 4231
1762 4499
1762 4526
1762 4638
1763 2057
1763 2180
1763 2188
1763 2207
1763 2339
1763 2786
1763 3007
1763 3476
1763 3595
1763 3735
1763 3858
1763 4225
1763 4350
1763 4528
1764 1885
1764 2322
1764 2524
1764 2847
1764 3164
1764 3230
1764 4193
1764 4338
1764 4471
1764 4513
1764 4532
1764 4849
1765 1821
1765 1860
1765 2845
1765 2958
1765 2966
1765 3112
1765 3180
1765 3783
1765 3936
1765 4080
1765 4282
1765 4696
1765 4774
1766 1877
1766 1941
1766 2317
1766 2515
1766 2912
1766 3177
1766 3645
1766 3858
1766 4084
1766 4209
1766 4647
1766 4660
1767 2296
1767 2304
1767 2326
1767 2511
1767 2552
1767 2951
1767 3022
1767 3427
1767 3721
1767 4268
1767 4295
1767 4320
1767 4470
1767 4890
1768 1780
1768 2071
1768 2176
1768 2617
1768 2757
1768 2830
1768 2987
1768 3068
1768 3122
1769 1800
1769 1866
1769 2159
1769 2323
1769 2664
1769 3188
1769 3432
1769 3677
1769 4051
1769 4056
1769 4208
1769 4417
1769 4895
1770 1836
1770 2369
1770 2398
1770 2405
1770 3247
1770 3267
1770 3542
1770 3734
1770 4017
1770 4631
1771 1945
1771 1983
1771 2228
1771 2551
1771 2808
1771 3558
1771 3981
1771 4013
1771 4532
1772 1889
1772 2204
1772 2400
1772 2545
1772 2565
1772 2851
1772 3198
1772 3300
1772 3489
1772 3730
1772 3830
1772 3915
1772 4062
1772 4475
1772 4547
1773 1804
1773 1815
1773 2726
1773 2740
1773 2802
1773 2857
1773 3101
1773 3672
1773 3842
1773 3858
1773 4131
1773 4611
1773 4690
1773 4766
1773 4859
1773 4872
1774 2633
1774 2659
1774 3039
1774 3113
1774 3464
1774 4095
1774 4416
1774 4580
1775 1819
1775 1961
1775 2273
1775 2334
1775 3060
1775 4173
1775 4921
1776 2053
1776 2154
1776 2218
1776 2340
1776 2790
1776 3344
1776 3530
1776 4154
1777 1967
1777 2224
1777 2688
1777 3042
1777 3232
1777 3290
1777 3689
1777 3975
1778 2276
1778 2448
1778 3001
1778 3338
1778 3763
1778 3868
1778 3936
1778 4487
1778 4505
1778 4661
1778 4671
1778 4893
1778 4911
1779 1903
1779 2148
1779 2192
1779 2694
1779 3810
1779 3868
1779 4087
1779 4274
1779 4326
1779 4342
1779 4417
1779 4445
1779 4915
1780 1795
1780 2107
1780 2472
1780 3162
1780 3869
1780 4320
1780 4409
1780 4719
1780 4780
1781 1947
1781 2365
1781 2724
1781 2957
1781 3716
1781 3730
1781 3814
1781 4248
1781 4535
1781 4678
1781 4906
1782 1991
1782 2369
1782 2908
1782 3258
1782 3889
1782 4260
1782 4367
1782 4603
1782 4705
1783 1817
1783 3608
1783 3612
1783 3791
1783 3792
1784 2010
1784 2509
1784 2695
1784 3396
1784 3731
1784 4072
1784 4266
1784 4302
1784 4514
1785 1830
1785 1979
1785 1982
1785 2771
1785 2883
1785 3167
1785 3204
1785 4085
1785 4825
1786 2035
1786 2090
1786 2218
1786 2293
1786 2391
1786 2404
1786 2537
1786 2681
1786 2869
1786 2936
1786 3218
1786 3339
1786 4847
1786 4893
1787 2124
1787 2205
1787 2407
1787 2481
1787 2590
1787 3038
1787 3115
1787 3226
1787 3407
1787 3539
1787 4158
1787 4648
1787 4936
1788 2931
1788 3142
1788 3218
1788 3405
1788 3545
1788 3817
1788 4037
1788 4065
1788 4140
1789 2160
1789 2961
1789 3419
1789 3618
1789 4313
1789 4508
1790 1884
1790 2094
1790 2135
1790 2476
1790 2811
1790 3991
1790 4217
1790 4266
1790 4991
1791 2172
1791 2217
1791 2275
1791 2344
1791 3212
1791 3357
1791 4475
1791 4781
1792 2056
1792 2467
1792 2664
1792 2853
1792 3057
1792 3336
1792 4081
1792 4216
1792 4275
1792 4787
1792 4998
1793 2401
1793 2458
1793 2502
1793 2713
1793 2817
1793 3572
1793 3618
1793 3700
1793 4004
1793 4262
1793 4538
1793 4848
1794 1977
1794 2181
1794 3091
1794 3634
1794 4363
1795 1900
1795 2222
1795 2910
1795 3312
1795 3746
1795 4119
1795 4244
1795 4749
1795 4756
1796 1902
1796 2654
1796 2720
1796 2726
1796 2751
1796 3220
1796 3574
1796 4172
1796 4482
1796 4644
1797 2311
1797 2474
1797 2700
1797 3174
1797 3774
1797 4205
1798 1879
1798 2159
1798 2607
1798 2699
1798 2818
1798 3120
1798 3132
1798 3402
1798 3543
1798 3707
1798 3858
1798 4099
1798 4424
1798 4455
1799 1844
1799 2178
1799 2609
1799 3765
1799 4558
1800 1850
1800 1994
1800 2061
1800 2437
1800 2928
1800 3497
1800 3572
1800 4155
1800 4156
1800 4697
1801 2062
1801 2210
1801 2469
1801 2533
1801 2731
1801 2745
1801 2998
1801 3063
1801 3544
1801 3778
1801 4069
1801 4411
1801 4926
1802 2144
1802 2496
1802 2509
1802 2553
1802 2651
1802 2838
1802 2980
1802 3521
1802 4095
1802 4485
1803 2101
1803 2554
1803 2833
1803 2903
1803 3961
1803 4439
1803 4967
1804 2751
1804 3047
1804 3058
1804 3188
1804 3354
1804 3455
1804 3631
1804 4204
1804 4319
1805 2107
1805 2754
1805 2899
1805 3380
1805 3965
1805 4608
1805 4668
1806 2263
1806 2343
1806 2473
1806 2654
1806 2797
1806 4158
1806 4523
1806 4968
1807 2094
1807 2380
1807 2624
1807 2687
1807 2719
1807 4005
1807 4160
1807 4246
1807 4483
1808 2191
1808 2210
1808 2268
1808 2534
1808 2729
1808 2941
1808 3023
1808 3455
1808 3746
1808 3793
1808 3943
1808 4910
1808 4988
1809 3030
1809 3457
1809 3530
1809 3596
1809 4510
1809 4585
1809 4881
1810 2190
1810 2208
1810 2633
1810 3396
1810 3517
1810 3640
1810 3689
1810 3842
1810 3893
1810 4041
1810 4761
1810 4775
1810 4924
1811 1928
1811 2688
1811 3151
1811 3264
1811 3343
1811 3353
1811 3417
1811 3864
1811 3869
1811 3886
1811 3930
1811 4414
1811 4462
1811 4564
1812 1824
1812 2053
1812 2184
1812 2346
1812 2446
1812 2648
1812 2792
1812 3868
1812 4005
1812 4345
1812 4411
1812 4469
1812 4547
1813 1906
1813 2293
1813 3024
1813 3343
1813 3708
1813 3798
1813 4243
1813 4254
1813 4342
1813 4359
1813 4991
1814 2033
1814 2192
1814 2508
1814 2520
1814 2812
1814 3235
1814 3353
1814 3555
1814 3849
1814 4084
1814 4164
1814 4473
1814 4507
1815 1918
1815 3024
1815 3274
1815 3593
1815 3611
1815 3614
1815 3806
1815 3963
1815 4158
1815 4662
1815 4741
1816 1833
1816 2230
1816 2453
1816 2730
1816 2948
1816 2974
1816 3408
1816 3479
1816 4610
1816 4766
1817 2252
1817 2289
1817 3578
1817 3609
1817 3675
1817 3959
1817 4034
1817 4529
1818 2012
1818 2031
1818 2640
1818 2844
1818 3098
1818 3320
1818 3945
1818 4321
1818 4461
1818 4721
1819 2394
1819 2683
1819 2983
1819 3200
1819 3292
1819 3453
1819 3750
1819 4071
1819 4146
1819 4291
1819 4508
1820 1999
1820 2205
1820 2246
1820 2297
1820 2571
1820 2883
1820 2924
1820 3722
1820 3761
1820 3964
1820 4132
1820 4139
1820 4566
1820 4818
1821 2207
1821 2481
1821 2583
1821 2598
1821 3165
1821 3167
1821 3811
1821 4302
1821 4585
1821 4889
1821 4971
1822 1823
1822 1930
1822 2385
1822 2407
1822 2426
1822 2434
1822 2552
1822 2732
1822 2895
1822 3528
1822 3599
1822 3711
1822 4036
1822 4067
1822 4174
1822 4632
1823 2113
1823 2170
1823 2243
1823 2573
1823 2953
1823 3185
1823 3257
1823 3291
1823 3315
1823 3478
1823 3991
1823 4143
1823 4291
1823 4363
1823 4593
1824 2091
1824 2296
1824 2409
1824 2654
1824 3116
1824 3892
1824 4088
1824 4160
1824 4370
1824 4540
1825 3170
1825 3197
1825 3389
1825 4067
1825 4344
1826 2869
1826 3322
1826 4162
1826 4511
1826 4562
1827 1923
1827 2311
1827 2352
1827 2396
1827 2822
1827 3266
1827 3439
1827 3698
1827 4557
1827 4761
1827 4797
1827 4812
1827 4820
1827 4876
1828 1976
1828 2077
1828 2098
1828 2443
1828 2676
1828 2944
1828 3598
1828 4170
1828 4495
1828 4585
1828 4598
1828 4921
1829 1905
1829 2776
1829 4043
1829 4051
1829 4066
1829 4405
1829 4507
1829 4590
1830 2360
1830 2456
1830 2536
1830 2740
1830 3738
1830 4064
1830 4291
1831 1984
1831 1994
1831 2022
1831 2221
1831 3039
1831 3351
1831 3888
1831 4150
1831 4833
1831 4922
1832 2198
1832 2398
1832 2441
1832 2814
1832 3311
1832 3394
1832 3656
1832 4481
1832 4839
1833 2374
1833 2591
1833 2796
1833 3281
1833 3282
1833 3292
1833 4010
1833 4055
1833 4074
1833 4092
1833 4119
1833 4127
1833 4147
1833 4732
1833 4870
1834 2008
1834 2238
1834 2670
1834 3029
1834 3677
1834 4146
1834 4234
1834 4243
1834 4340
1834 4592
1834 4630
1835 2371
1835 3091
1835 3443
1835 3460
1835 3969
1835 4293
1835 4305
1835 4325
1835 4798
1836 1887
1836 2299
1836 2532
1836 2861
1836 3080
1836 3603
1836 4869
1837 2279
1837 2738
1837 3243
1837 3486
1837 3832
1837 3993
1837 4839
1837 4988
1838 1976
1838 2003
1838 2631
1838 2670
1838 2686
1838 2729
1838 2787
1838 2898
1838 2903
1838 3661
1838 3790
1838 3901
1838 3905
1838 3910
1838 4091
1838 4106
1838 4375
1838 4474
1838 4740
1838 4875
1839 2745
1839 2833
1839 3268
1839 3790
1839 4113
1839 4131
1839 4678
1840 1913
1840 2031
1840 2329
1840 2372
1840 2935
1840 3378
1840 3683
1840 4900
1841 1947
1841 2014
1841 2400
1841 2833
1841 3916
1841 3961
1841 3976
1841 4098
1841 4560
1841 4650
1841 4940
1842 1875
1842 1972
1842 2291
1842 3207
1842 3271
1842 3287
1842 3694
1842 3738
1842 3970
1842 4057
1842 4433
1842 4625
1842 4666
1842 4969
1843 2421
1843 2467
1843 2656
1843 2886
1843 3411
1843 4309
1843 4756
1844 2405
1844 2559
1844 2818
1844 2862
1844 3388
1844 3645
1844 4922
1844 4936
1845 2681
1845 3027
1845 3408
1845 3886
1845 4178
1845 4594
1846 1980
1846 2495
1846 3806
1846 3940
1846 4351
1847 2452
1847 2454
1847 3033
1847 3074
1848 1998
1848 2285
1848 2339
1848 2393
1848 2719
1848 2976
1848 3054
1848 3294
1848 3810
1848 4002
1848 4129
1848 4312
1848 4764
1848 4963
1849 2667
1849 2920
1849 3050
1849 3895
1849 4315
1849 4508
1850 1860
1850 2281
1850 2424
1850 2738
1850 2932
1850 3248
1850 3762
1850 3771
1850 3928
1850 3939
1850 4225
1850 4257
1850 4544
1850 4883
1851 2038
1851 2066
1851 2128
1851 2204
1851 2362
1851 2589
1851 2981
1851 3059
1851 3569
1851 4587
1851 4956
1852 1919
1852 2614
1852 2857
1852 2872
1852 3205
1852 3603
1852 3873
1852 3896
1852 3964
1852 3979
1852 4241
1852 4774
1853 2342
1853 2697
1853 2780
1853 3332
1853 3753
1853 4129
1853 4834
1853 4860
1854 1869
1854 2033
1854 2054
1854 2245
1854 2422
1854 2653
1854 2680
1854 3189
1854 3420
1854 3429
1854 3514
1854 3537
1854 4214
1854 4315
1854 4855
1855 1981
1855 2222
1855 2298
1855 3487
1855 3589
1855 4115
1855 4148
1855 4426
1855 4831
1855 4846
1855 4880
1855 4996
1856 2690
1856 2897
1856 3028
1856 3327
1856 3581
1856 3859
1856 4398
1857 1951
1857 2194
1857 2661
1857 2808
1857 2990
1857 3354
1857 3682
1857 3781
1857 4071
1857 4278
1857 4308
1857 4465
1858 2698
1858 3996
1858 4260
1858 4919
1859 2064
1859 2167
1859 2194
1859 2374
1859 2642
1859 2899
1859 3112
1859 4806
1859 4912
1859 4920
1859 4987
1860 1970
1860 2574
1860 3264
1860 3762
1860 3888
1860 4035
1860 4485
1861 2174
1861 2463
1861 2627
1861 2914
1861 3236
1861 3917
1861 3980
1861 3988
1861 4243
1861 4963
1862 1909
1862 1954
1862 2039
1862 2108
1862 2143
1862 2200
1862 2765
1862 3270
1862 3478
1862 3880
1862 4302
1862 4687
1862 4784
1862 4855
1862 4898
1863 1875
1863 1979
1863 2457
1863 3115
1863 3127
1863 3142
1863 3492
1863 3911
1863 3942
1863 3963
1863 4103
1863 4178
1863 4290
1863 4545
1863 4722
1864 2050
1864 2344
1864 2750
1864 2757
1864 3056
1864 3083
1864 3657
1864 3782
1864 4039
1864 4117
1865 2586
1865 2727
1865 3536
1865 3824
1865 4003
1865 4166
1865 4404
1865 4690
1866 1958
1866 2144
1866 2156
1866 2413
1866 2503
1866 2550
1866 2856
1866 2967
1866 3266
1866 3384
1866 3414
1866 3557
1866 3801
1866 3856
1866 4195
1866 4331
1866 4822
1867 2012
1867 2267
1867 2514
1867 2543
1867 2619
1867 2661
1867 2782
1867 4417
1867 4594
1867 4967
1868 1946
1868 2378
1868 2481
1868 3484
1869 3010
1869 3133
1869 3554
1869 4001
1869 4675
1869 4738
1870 1943
1870 2008
1870 2112
1870 2651
1870 2668
1870 2796
1870 2809
1870 3665
1870 3766
1870 4531
1870 4553
1870 4661
1871 2042
1871 2580
1871 3030
1871 3370
1871 3619
1871 4120
1871 4289
1871 4472
1871 4709
1871 4927
1872 2108
1872 2710
1872 2831
1872 3013
1872 3433
1872 3872
1872 3873
1873 1963
1873 2417
1873 2447
1873 2482
1873 2657
1873 3032
1873 3238
1873 3488
1873 3857
1873 3972
1873 4325
1873 4490
1874 2443
1874 2705
1874 2919
1874 3331
1874 3944
1874 4020
1874 4031
1874 4094
1874 4317
1874 4744
1874 4844
1875 1985
1875 2005
1875 2060
1875 2084
1875 2186
1875 2259
1875 2708
1875 2749
1875 2784
1875 2831
1875 3169
1875 3852
1875 4215
1875 4348
1875 4361
1875 4467
1875 4896
1875 4938
1876 2257
1876 2528
1876 3139
1876 3323
1876 3521
1876 3750
1876 4097
1876 4191
1876 4231
1877 1981
1877 2209
1877 2536
1877 3164
1877 3399
1877 3419
1877 3693
1877 3745
1877 4245
1877 4426
1877 4625
1878 2998
1878 3234
1878 3349
1878 3392
1878 3686
1878 3955
1878 4035
1878 4143
1878 4211
1878 4213
1878 4487
1878 4677
1879 2109
1879 2654
1879 2759
1879 3000
1879 3439
1879 3661
1879 3833
1879 4499
1879 4544
1879 4935
1880 2207
1880 2766
1880 2796
1880 3057
1880 3089
1880 3217
1880 3294
1880 3524
1880 3530
1880 3559
1880 3757
1880 4077
1880 4139
1880 4737
1881 2007
1881 2559
1881 3115
1881 3310
1881 3582
1881 3842
1882 2762
1882 2785
1882 2961
1882 2971
1882 3077
1882 3204
1882 3281
1882 3615
1882 3650
1882 3656
1882 3772
1882 3973
1882 4230
1882 4412
1882 4424
1882 4510
1882 4562
1883 2722
1883 3508
1883 3603
1883 3673
1883 3807
1883 3907
1883 3952
1883 4968
1883 4978
1884 2526
1884 3610
1884 3624
1884 3664
1884 4342
1884 4614
1884 4825
1885 1895
1885 1979
1885 2315
1885 2325
1885 2582
1885 3215
1885 3327
1885 3445
1885 3750
1885 4154
1885 4398
1885 4599
1885 4777
1885 4807
1885 4922
1886 2066
1886 2305
1886 3119
1886 3364
1886 3594
1886 3654
1886 4340
1886 4490
1886 4832
1887 2131
1887 2244
1887 2432
1887 2441
1887 2511
1887 3702
1887 3827
1887 4608
1888 2096
1888 2462
1888 2689
1888 2961
1888 3185
1888 3836
1888 4176
1888 4951
1888 4979
1889 2024
1889 3107
1889 3244
1889 3253
1889 3950
1889 4650
1889 4684
1889 4885
1890 1909
1890 2033
1890 2159
1890 2455
1890 3137
1890 3246
1890 3411
1890 3926
1890 4230
1890 4291
1891 1948
1891 2207
1891 2481
1891 2515
1891 2564
1891 2851
1891 2881
1891 3275
1891 3529
1891 4184
1891 4294
1891 4336
1891 4688
1892 1957
1892 2242
1892 2484
1892 2485
1892 3259
1892 3276
1892 3481
1892 4079
1892 4116
1892 4148
1892 4158
1892 4427
1892 4622
1892 4942
1893 2420
1893 2529
1893 2615
1893 2757
1893 2961
1893 2981
1893 3304
1893 3615
1893 4336
1893 4496
1894 2052
1894 2071
1894 2162
1894 2299
1894 3427
1894 3946
1895 2047
1895 2132
1895 2413
1895 2477
1895 2484
1895 2889
1895 3222
1895 3284
1895 4680
1896 1916
1896 2031
1896 2560
1896 2820
1896 3036
1896 3068
1896 3413
1896 3459
1896 3651
1896 3742
1896 4125
1896 4131
1896 4169
1896 4308
1896 4650
1896 4715
1897 3720
1897 3773
1897 3971
1897 3984
1897 4360
1897 4464
1898 1949
1898 2443
1898 2656
1898 2715
1898 3686
1898 4456
1899 2010
1899 2109
1899 3876
1899 4064
1899 4799
1899 4949
1900 1984
1900 2199
1900 2689
1900 2824
1900 3369
1900 3375
1900 3471
1900 4682
1901 2154
1901 2589
1901 2792
1901 2813
1901 3239
1901 3836
1901 4181
1901 4317
1902 2603
1902 2689
1902 2845
1902 2858
1902 2892
1902 2924
1902 2945
1902 2969
1902 3442
1902 3644
1902 3755
1902 4129
1902 4227
1903 2033
1903 2085
1903 2294
1903 2394
1903 2492
1903 3052
1903 3348
1903 3557
1903 4120
1903 4330
1904 1957
1904 3839
1904 4603
1904 4701
1905 1956
1905 1983
1905 2047
1905 2318
1905 2479
1905 2592
1905 2780
1905 3696
1905 3746
1905 4165
1905 4275
1905 4489
1905 4699
1906 1921
1906 2594
1906 3526
1906 3638
1906 3948
1906 4590
1906 4620
1906 4638
1906 4865
1907 1950
1907 2329
1907 2868
1907 2931
1907 3514
1907 3621
1907 3844
1907 3955
1908 2129
1908 2222
1908 2349
1908 2412
1908 2708
1908 2718
1908 3494
1908 3590
1908 3620
1908 3664
1908 3669
1908 3709
1908 3795
1908 3934
1909 2031
1909 2717
1909 2887
1909 2928
1909 3013
1909 3528
1909 4175
1909 4182
1909 4765
1910 2129
1910 2223
1910 2838
1910 3365
1910 4015
1910 4081
1910 4712
1910 4872
1911 1961
1911 2441
1911 2487
1911 2564
1911 2785
1911 3194
1911 3595
1911 3617
1911 4363
1912 2395
1912 2652
1912 3081
1912 3127
1912 3917
1912 3930
1912 3962
1912 4656
1912 4806
1913 2038
1913 2418
1913 2489
1913 2502
1913 2523
1913 2685
1913 2997
1913 3028
1913 3100
1913 3187
1913 3213
1913 4512
1913 4957
1914 1974
1914 1976
1914 2194
1914 2777
1914 3186
1914 3438
1914 3823
1914 4028
1914 4562
1914 4743
1914 4816
1915 2267
1915 2458
1915 2508
1915 2671
1915 2765
1915 2882
1915 3000
1915 3011
1915 3426
1915 3843
1915 3901
1915 4559
1915 4598
1915 4690
1915 4796
1916 2023
1916 2413
1916 2810
1916 3575
1916 3827
1916 4467
1916 4717
1917 2087
1917 2169
1917 2336
1917 2732
1917 3560
1917 3781
1917 4748
1917 4761
1918 2127
1918 2193
1918 2656
1918 2699
1918 3062
1918 3264
1918 3448
1918 3797
1918 4261
1918 4338
1918 4490
1918 4910
1918 4945
1919 2173
1919 2364
1919 2641
1919 2739
1919 3466
1919 3671
1919 3849
1919 4063
1919 4579
1919 4652
1920 1996
1920 2046
1920 2258
1920 4202
1920 4348
1920 4459
1920 4736
1921 2203
1921 2301
1921 2575
1921 3217
1921 3552
1921 4811
1921 4907
1922 2210
1922 2314
1922 2527
1922 3090
1922 3553
1922 3703
1922 3924
1922 4113
1922 4528
1923 2094
1923 2422
1923 2506
1923 2794
1923 2798
1923 2987
1923 3268
1923 3397
1923 3447
1923 3486
1923 3796
1923 3921
1923 4232
1923 4500
1923 4816
1923 4995
1924 1932
1924 2097
1924 3193
1924 3317
1924 3551
1924 4680
1925 1962
1925 2160
1925 3475
1925 3745
1925 3788
1925 3806
1925 3864
1925 4223
1925 4375
1925 4715
1925 4816
1926 2460
1926 3029
1926 3407
1926 3497
1926 3627
1926 4298
1926 4810
1927 2174
1927 2543
1927 2956
1927 3225
1927 3985
1927 4124
1927 4165
1927 4207
1927 4419
1928 2226
1928 2304
1928 2775
1928 2922
1928 3049
1928 3178
1928 3821
1928 3888
1928 4348
1929 2505
1929 2950
1929 3004
1929 3234
1929 3391
1929 4004
1929 4178
1929 4188
1929 4482
1929 4823
1929 4907
1929 4971
1930 2156
1930 2619
1930 2913
1930 3257
1930 3355
1930 4474
1930 4492
1931 1964
1931 4084
1931 4325
1931 4750
1931 4795
1931 4914
1932 2031
1932 2638
1932 3088
1932 3130
1932 3453
1932 3786
1932 3984
1932 4087
1932 4199
1932 4443
1932 4527
1932 4566
1932 4750
1932 4804
1933 2019
1933 2249
1933 2830
1933 3137
1933 3349
1933 3533
1933 4461
1934 2217
1934 2422
1934 2754
1934 3593
1934 4304
1935 2415
1935 2983
1935 3040
1935 3087
1935 3331
1935 3820
1935 3830
1935 4731
1935 4744
1936 2361
1936 2715
1936 2773
1936 3191
1936 3509
1936 3621
1936 3958
1936 4069
1936 4242
1936 4632
1936 4720
1937 2423
1937 2629
1937 2995
1937 3034
1937 3189
1937 3372
1937 3537
1937 4089
1937 4240
1937 4395
1937 4466
1937 4491
1937 4604
1937 4733
1938 2237
1938 2245
1938 2541
1938 3082
1938 3335
1938 3351
1938 3404
1938 3579
1938 3729
1938 3883
1938 4276
1938 4299
1938 4820
1939 2583
1939 2741
1939 3019
1939 3067
1939 3485
1939 3847
1939 4035
1940 2036
1940 2313
1940 2371
1940 3000
1940 3909
1940 4214
1940 4498
1940 4707
1941 3029
1941 3706
1941 4000
1941 4195
1942 1944
1942 2152
1942 2330
1942 2369
1942 2767
1942 3231
1942 4078
1942 4203
1942 4511
1942 4664
1942 4734
1942 4758
1942 4900
1943 2716
1943 3678
1943 4646
1943 4755
1943 4950
1944 2072
1944 2097
1944 2119
1944 2316
1944 2390
1944 2490
1944 2540
1944 3546
1944 3708
1944 3836
1944 3908
1944 4094
1944 4464
1944 4540
1944 4621
1944 4859
1945 1974
1945 2061
1945 2475
1945 2531
1945 2720
1945 2721
1945 2747
1945 2928
1945 2979
1945 3505
1945 4092
1945 4244
1946 2049
1946 2220
1946 2286
1946 2627
1946 3429
1946 3480
1946 3611
1946 3904
1946 4287
1946 4544
1946 4664
1946 4853
1947 2286
1947 2463
1947 2697
1947 3792
1947 4108
1947 4162
1947 4361
1947 4441
1947 4754
1948 2021
1948 2238
1948 2272
1948 2281
1948 2354
1948 2819
1948 3039
1948 3185
1948 3408
1948 3521
1948 3831
1948 3854
1948 3946
1948 4318
1948 4476
1948 4531
1948 4791
1948 4821
1949 1967
1949 2087
1949 2446
1949 2755
1949 2812
1949 2861
1949 2878
1949 3055
1949 3082
1949 3547
1949 3689
1949 3804
1949 3878
1949 3979
1949 4040
1949 4352
1949 4459
1950 2175
1950 2368
1950 2529
1950 2754
1950 3019
1950 3583
1950 3937
1950 4256
1950 4364
1950 4559
1950 4643
1950 4876
1951 2001
1951 2055
1951 2100
1951 2221
1951 3363
1951 3803
1951 3861
1951 4361
1951 4443
1951 4565
1951 4719
1951 4895
1951 4922
1951 4979
1952 2070
1952 2252
1952 2439
1952 2588
1952 3222
1952 3411
1952 3728
1952 3781
1952 4057
1952 4104
1952 4173
1952 4295
1952 4886
1953 3205
1953 4135
1953 4303
1953 4695
1953 4956
1954 2150
1954 2313
1954 2495
1954 2579
1954 2601
1954 2780
1954 3036
1954 3441
1954 3876
1954 4515
1954 4729
1954 4942
1954 4983
1955 2328
1955 2803
1955 2883
1955 3018
1955 3031
1955 3475
1955 3589
1955 3722
1955 3920
1955 3927
1955 3993
1955 4688
1956 2313
1956 2335
1956 2597
1956 2890
1956 3317
1956 3674
1956 4243
1956 4766
1957 1997
1957 2147
1957 2366
1957 3245
1957 3524
1957 3790
1957 4190
1957 4611
1957 4836
1958 2128
1958 2537
1958 2797
1958 2832
1958 2943
1958 2965
1958 3072
1958 3644
1958 3731
1958 4358
1958 4442
1958 4704
1958 4966
1959 2092
1959 2185
1959 2396
1959 2493
1959 2866
1959 3008
1959 3010
1959 3389
1959 3908
1959 3927
1959 3942
1959 4179
1960 2422
1960 2587
1960 2816
1960 3137
1960 3342
1960 3393
1960 3591
1960 3758
1960 4347
1960 4427
1960 4522
1961 2335
1961 2571
1961 2687
1961 2752
1961 2809
1961 2929
1961 3363
1961 3701
1961 3783
1961 3842
1961 4051
1961 4104
1961 4134
1961 4308
1961 4498
1961 4987
1962 2059
1962 2492
1962 3246
1962 3622
1962 4065
1962 4596
1962 4730
1963 2031
1963 2313
1963 2329
1963 2476
1963 2722
1963 3238
1963 3565
1963 4774
1963 4794
1964 2258
1964 2395
1964 2479
1964 2511
1964 2820
1964 3962
1964 4043
1964 4092
1964 4364
1964 4405
1964 4839
1964 4883
1965 2097
1965 2596
1965 2598
1965 2743
1965 2747
1965 4220
1965 4355
1965 4441
1965 4625
1965 4842
1966 2060
1966 2341
1966 2717
1966 2906
1966 3707
1966 3827
1966 4228
1966 4378
1966 4434
1966 4581
1966 4678
1966 4738
1967 2492
1967 2505
1967 3149
1967 3396
1967 4397
1968 2203
1968 2248
1968 2343
1968 2361
1968 2920
1968 2996
1968 3348
1968 3495
1968 3822
1968 4231
1968 4371
1968 4619
1968 4696
1968 4897
1968 4908
1969 2699
1969 3039
1969 3121
1969 3237
1969 3603
1969 3612
1969 3728
1969 4026
1969 4318
1970 2067
1970 2159
1970 2514
1970 2815
1970 2929
1970 3317
1970 3339
1970 3468
1970 3707
1970 3773
1970 4434
1970 4473
1970 4766
1970 4778
1971 2202
1971 2273
1971 2418
1971 2619
1971 2701
1971 2710
1971 2870
1971 2934
1971 3151
1971 3171
1971 3265
1971 3858
1972 2791
1972 2796
1972 2909
1972 3074
1972 3121
1972 3531
1972 3776
1972 3859
1972 4142
1972 4193
1972 4445
1972 4646
1973 2129
1973 2139
1973 2288
1973 2692
1973 2808
1973 3048
1973 3160
1973 3589
1973 3929
1973 4431
1973 4573
1973 4728
1974 2132
1974 2220
1974 2840
1974 3318
1974 4408
1974 4919
1974 4987
1975 2434
1975 2846
1975 2988
1975 3091
1975 3242
1975 3405
1975 3808
1975 3812
1975 4690
1976 2346
1976 2561
1976 3011
1976 3362
1976 3606
1976 3801
1976 3873
1976 4420
1976 4470
1976 4906
1977 2722
1977 4962
1978 2334
1978 2380
1978 2533
1978 3304
1978 3404
1978 3521
1978 3864
1978 3882
1978 4095
1978 4100
1978 4308
1979 2053
1979 2294
1979 2629
1979 2666
1979 2977
1979 3524
1979 4292
1979 4481
1979 4819
1979 4992
1980 2481
1980 2720
1980 2942
1980 3253
1980 3352
1980 3458
1980 3583
1980 3690
1980 4280
1980 4299
1980 4565
1980 4644
1981 2044
1981 2601
1981 2808
1981 3809
1981 4854
1982 2103
1982 2433
1982 2879
1982 3158
1982 4180
1982 4212
1982 4225
1982 4804
1982 4859
1982 4932
1983 2315
1983 2417
1983 2538
1983 2681
1983 2691
1983 3066
1983 4382
1983 4905
1984 1999
1984 2094
1984 2301
1984 2569
1984 2736
1984 3143
1984 3985
1984 4187
1984 4322
1984 4716
1984 4726
1985 2235
1985 2279
1985 2280
1985 2352
1985 3011
1985 3250
1985 3297
1985 4751
1985 4776
1986 2375
1986 2580
1986 2723
1986 3376
1986 3482
1986 3609
1986 4100
1986 4314
1986 4384
1986 4488
1986 4588
1986 4734
1987 2641
1987 2770
1987 2969
1987 3143
1987 3342
1987 3640
1987 3821
1987 3887
1987 4042
1987 4437
1988 2261
1988 2592
1988 2706
1988 2784
1988 3359
1988 3877
1988 4170
1988 4265
1988 4733
1988 4934
1989 2014
1989 2889
1989 2963
1989 3043
1989 3497
1989 3526
1989 3740
1989 3754
1989 4168
1989 4276
1989 4885
1990 2847
1990 2968
1990 3104
1990 3770
1990 3847
1990 4157
1990 4352
1990 4702
1990 4810
1991 2084
1991 2151
1991 2310
1991 2686
1991 3260
1991 3408
1991 3629
1991 3911
1991 4849
1992 2024
1992 2263
1992 2333
1992 2533
1992 2857
1992 2876
1992 3346
1992 3622
1992 4150
1993 2578
1993 2984
1993 3028
1993 3160
1993 3396
1993 3574
1993 4682
1993 4816
1994 2198
1994 2506
1994 2516
1994 3062
1994 3477
1994 3600
1994 4046
1994 4112
1995 2442
1995 2940
1995 3197
1995 3363
1996 2168
1996 2478
1996 3028
1996 3999
1996 4563
1996 4573
1996 4934
1997 2368
1997 2416
1997 2539
1997 2985
1997 3283
1997 3963
1997 4365
1997 4372
1997 4599
1997 4858
1998 2065
1998 2481
1998 2609
1998 2756
1998 2972
1998 3920
1998 4123
1998 4288
1998 4949
1999 2324
1999 2962
1999 3410
1999 3559
1999 3803
1999 4705
1999 4836
2000 2420
2000 2537
2000 2569
2000 2594
2000 2705
2000 2825
2000 2893
2000 3080
2000 3661
2000 3694
2000 4787
2001 2218
2001 2711
2001 3474
2001 3674
2001 4195
2001 4369
2001 4673
2001 4786
2002 2094
2002 2210
2002 2448
2002 3146
2002 3504
2002 3847
2002 4006
2002 4040
2002 4657
2003 2299
2003 2572
2003 2689
2003 3252
2003 3381
2003 3639
2003 3647
2003 3807
2003 3965
2003 3994
2003 4438
2004 2678
2004 2750
2004 3070
2004 3076
2004 3841
2005 2762
2005 3063
2005 3444
2005 3853
2005 4483
2005 4524
2006 2524
2006 2558
2006 2632
2006 3632
2006 4090
2006 4550
2006 4914
2006 4970
2007 2093
2007 2143
2007 2705
2007 2759
2007 3397
2007 3921
2007 3950
2007 4105
2007 4133
2007 4144
2007 4838
2008 2328
2008 2486
2008 2520
2008 2697
2008 2818
2008 3297
2008 4104
2008 4416
2008 4465
2008 4547
2008 4727
2008 4888
2009 2254
2009 2645
2009 3262
2009 3667
2009 3690
2009 4487
2009 4826
2009 4854
2010 2248
2010 2304
2010 2432
2010 2905
2010 2920
2010 3207
2010 3530
2010 3694
2010 3698
2010 3760
2010 4195
2011 2033
2011 2171
2011 2546
2011 2601
2011 2679
2011 2978
2011 3242
2011 3500
2011 3688
2011 3745
2011 3811
2011 3940
2011 4153
2012 2874
2012 3085
2012 3162
2012 3337
2012 3541
2012 3858
2012 4465
2012 4842
2013 2246
2013 2883
2013 3973
2013 4007
2013 4199
2013 4680
2013 4689
2014 2074
2014 2125
2014 2178
2014 2296
2014 2327
2014 2877
2014 3214
2014 3498
2014 3535
2014 3961
2015 2216
2015 2351
2015 2965
2015 3057
2015 3068
2015 3368
2015 3570
2015 3727
2015 3793
2015 4057
2015 4188
2015 4357
2015 4911
2016 2051
2016 2721
2016 2972
2016 3152
2016 3291
2016 3476
2016 3815
2016 4340
2016 4389
2016 4892
2017 2270
2017 2443
2017 2717
2017 2906
2017 2925
2017 3177
2017 3605
2017 3793
2017 3914
2017 4249
2017 4349
2018 2050
2018 2680
2018 2961
2018 3069
2018 3231
2018 3819
2018 3900
2018 4220
2018 4352
2018 4645
2018 4884
2019 2113
2019 2462
2019 3342
2019 4192
2019 4937
2020 2202
2020 2255
2020 2574
2020 2803
2020 2854
2020 3107
2020 3441
2020 3595
2020 3943
2020 4070
2020 4200
2020 4820
2020 4940
2021 2326
2021 2832
2021 3000
2021 3320
2021 3593
2021 4041
2021 4138
2021 4382
2021 4498
2021 4860
2022 2297
2022 2304
2022 2530
2022 2781
2022 2799
2022 2862
2022 2970
2022 2988
2022 3339
2022 3440
2022 3470
2022 3903
2023 2532
2023 2825
2023 2874
2023 2920
2023 3166
2023 3978
2023 4209
2023 4377
2023 4564
2023 4972
2024 2214
2024 2634
2024 2947
2024 3502
2024 3868
2024 3947
2024 4121
2024 4210
2024 4391
2025 2206
2025 2306
2025 2692
2025 2830
2025 3157
2025 3619
2025 4547
2025 4931
2026 2098
2026 2293
2026 2643
2026 2715
2026 2811
2026 3868
2026 4338
2026 4528
2027 2258
2027 3082
2027 3342
2027 3633
2027 3761
2027 4220
2027 4236
2027 4417
2027 4656
2028 3512
2028 4039
2028 4212
2028 4234
2028 4331
2028 4468
2029 2279
2029 2475
2029 3124
2029 3249
2029 3300
2029 3331
2029 3523
2029 3888
2029 4745
2029 4918
2029 4969
2030 2451
2030 2577
2030 3464
2030 4171
2030 4466
2030 4572
2030 4745
2030 4753
2030 4794
2030 4842
2031 2474
2031 2750
2031 2904
2031 3564
2031 3796
2031 3915
2031 4021
2031 4339
2031 4610
2031 4958
2032 2246
2032 2484
2032 2907
2032 3470
2032 3666
2032 3669
2032 4051
2032 4206
2032 4389
2032 4452
2032 4571
2032 4942
2033 2428
2033 2853
2033 2925
2033 3579
2033 4087
2033 4288
2033 4943
2034 2044
2034 3079
2034 3181
2034 3303
2034 3313
2034 3472
2034 3722
2034 4022
2034 4046
2034 4286
2034 4924
2035 2962
2035 3071
2035 3352
2035 3363
2035 3372
2035 3444
2035 3582
2035 3587
2035 3932
2036 2441
2036 2478
2036 2527
2036 3105
2036 3768
2036 3813
2036 4327
2036 4542
2036 4935
2036 4959
2037 2130
2037 3329
2037 3368
2037 3655
2037 3773
2037 4490
2037 4871
2038 2075
2038 2119
2038 2135
2038 2467
2038 3319
2038 3477
2038 3750
2038 3925
2038 4200
2038 4295
2038 4416
2038 4725
2038 4752
2039 2626
2039 2721
2039 2786
2039 3497
2039 3965
2039 4212
2040 2631
2040 2861
2040 3025
2040 3229
2040 3459
2040 3548
2040 4456
2040 4504
2040 4522
2041 3576
2041 4125
2041 4446
2041 4675
2041 4852
2041 4875
2041 4877
2042 2815
2042 2946
2042 2981
2042 3114
2042 3267
2042 3313
2042 3392
2042 3800
2042 3880
2042 4064
2042 4430
2042 4612
2043 2825
2043 3049
2043 3359
2043 3582
2043 3694
2044 2094
2044 2444
2044 3035
2044 3171
2044 3261
2044 3632
2044 3929
2044 3940
2044 3961
2044 4330
2044 4468
2044 4816
2045 2123
2045 2960
2045 3597
2045 3716
2045 4156
2045 4688
2045 4825
2046 2106
2046 2243
2046 3106
2046 3433
2046 3563
2046 3865
2046 3990
2046 4471
2046 4654
2047 2052
2047 3058
2047 3760
2047 4231
2047 4412
2047 4466
2048 2298
2048 3229
2048 4180
2048 4441
2048 4491
2048 4993
2049 2222
2049 2847
2049 3460
2049 3845
2049 3881
2049 4219
2049 4221
2049 4712
2050 2269
2050 2376
2050 2420
2050 2441
2050 2721
2050 2806
2050 3562
2050 3801
2050 4122
2050 4262
2050 4288
2051 2073
2051 2171
2051 2276
2051 2494
2051 3525
2051 3731
2051 3735
2051 4006
2051 4137
2051 4200
2051 4214
2051 4357
2051 4366
2052 2297
2052 2417
2052 2953
2052 2988
2052 3220
2052 3441
2052 3583
2052 4992
2053 2100
2053 2470
2053 2499
2053 2524
2053 2575
2053 3543
2053 3744
2053 4473
2054 2241
2054 2488
2054 2780
2054 2964
2054 3238
2054 3242
2054 3315
2054 3523
2054 3684
2054 4163
2054 4977
2055 2673
2055 3126
2055 3152
2055 3244
2055 3260
2055 3423
2055 3744
2055 4583
2055 4602
2055 4827
2056 2132
2056 2185
2056 2449
2056 3297
2056 3336
2056 4377
2056 4425
2056 4512
2056 4786
2057 2126
2057 2266
2057 2954
2057 2998
2057 3334
2057 3749
2057 4463
2057 4551
2057 4988
2058 2377
2058 2442
2058 2577
2058 2924
2058 3406
2058 3489
2058 3627
2058 3632
2058 3795
2058 4013
2058 4308
2058 4445
2059 2480
2059 2711
2059 3145
2059 3254
2059 3292
2059 3294
2059 3530
2059 3666
2059 3747
2059 4634
2059 4966
2060 2103
2060 2398
2060 2561
2060 2966
2060 3395
2060 3508
2060 3660
2060 3999
2060 4350
2061 3156
2061 4157
2062 2207
2062 2227
2062 2840
2062 3179
2062 3931
2062 4006
2062 4272
2062 4311
2063 2097
2063 2406
2063 2528
2063 2745
2063 2775
2063 3137
2063 3552
2063 4064
2063 4778
2063 4887
2063 4893
2064 2097
2064 2629
2064 3399
2064 3458
2064 3701
2064 3996
2064 4030
2064 4242
2064 4411
2064 4449
2064 4522
2064 4576
2065 3021
2065 3244
2065 3412
2065 4027
2065 4045
2065 4393
2065 4622
2065 4953
2066 3670
2066 3869
2066 4096
2066 4288
2066 4396
2066 4482
2066 4893
2067 2431
2067 2560
2067 2601
2067 2965
2067 3117
2067 3237
2067 3928
2067 4833
2067 4924
2068 2825
2068 3042
2068 3055
2068 3581
2068 3859
2068 4117
2069 2401
2069 2866
2069 3256
2069 3318
2069 3487
2069 3504
2069 3740
2069 4070
2070 2163
2070 2787
2070 2910
2070 2912
2070 3396
2070 3681
2070 3727
2070 3760
2070 3932
2070 4167
2070 4206
2071 2872
2071 2991
2071 3223
2071 3255
2071 3306
2071 3395
2071 3472
2071 3493
2071 3615
2071 3747
2071 4455
2071 4648
2072 2708
2072 3007
2072 3544
2072 3550
2072 3982
2072 4847
2072 4953
2072 4975
2073 2081
2073 2158
2073 2182
2073 2263
2073 2304
2073 2437
2073 3309
2073 3879
2073 4103
2073 4214
2073 4459
2073 4901
2074 3180
2074 3368
2074 3789
2074 4908
2075 2693
2075 3300
2075 3415
2075 3525
2075 4155
2075 4265
2075 4736
2075 4813
2075 4953
2076 2331
2076 2607
2076 3319
2076 3692
2076 3700
2076 4563
2076 4654
2077 2211
2077 2440
2077 2530
2077 2790
2077 3216
2077 4786
2077 4841
2078 2675
2078 2900
2078 3946
2078 3966
2079 2131
2079 2401
2079 2449
2079 2886
2079 2944
2079 3061
2079 3431
2079 3494
2079 3505
2079 3537
2079 3837
2079 4149
2079 4460
2079 4573
2079 4628
2079 4832
2080 2809
2080 2828
2080 2941
2080 3125
2080 3242
2080 3618
2080 3666
2080 3730
2080 3751
2080 3912
2080 4727
2080 4864
2080 4908
2081 2339
2081 2523
2081 2915
2081 3291
2081 3477
2081 3564
2081 3594
2081 3726
2081 4070
2081 4254
2081 4257
2081 4578
2081 4654
2082 2166
2082 2168
2082 2503
2082 2894
2082 2910
2082 2941
2082 3043
2082 3330
2082 3346
2082 3563
2082 4068
2083 2328
2083 2379
2083 2789
2083 2905
2083 3028
2083 3085
2083 3298
2083 3349
2083 3395
2083 3526
2083 3860
2083 4109
2083 4788
2083 4801
2084 2331
2084 2662
2084 2753
2084 3437
2084 3444
2084 3503
2084 3627
2084 3659
2084 3712
2084 4469
2084 4661
2084 4671
2084 4680
2084 4716
2084 4936
2085 2273
2085 2298
2085 2985
2085 3541
2085 3863
2085 4617
2085 4627
2085 4798
2085 4871
2086 2384
2086 2482
2086 2786
2086 2999
2086 3039
2086 3055
2086 3084
2086 3682
2086 4027
2086 4424
2086 4490
2086 4781
2086 4856
2087 2243
2087 2433
2087 2737
2087 3099
2087 3945
2087 4382
2087 4448
2088 2119
2088 2249
2088 2304
2088 2529
2088 2682
2088 3299
2088 3420
2088 3786
2088 3798
2088 3849
2088 3930
2088 4127
2088 4272
2088 4632
2088 4711
2088 4834
2089 2599
2089 2799
2089 3411
2089 3558
2089 3968
2089 4354
2089 4735
2090 2114
2090 2502
2090 3278
2090 3406
2090 3498
2090 3661
2090 3978
2090 4216
2090 4224
2090 4780
2091 2421
2091 2592
2091 2656
2091 3119
2091 3154
2091 3203
2091 3470
2091 3781
2091 4371
2091 4557
2092 2201
2092 2740
2092 2755
2092 2895
2092 3121
2092 3605
2092 3876
2092 4417
2092 4546
2093 2465
2093 2619
2093 3349
2093 3667
2093 3806
2093 3953
2093 4272
2093 4442
2093 4564
2093 4793
2094 2357
2094 2539
2094 2876
2094 3201
2094 3278
2094 3530
2094 3839
2094 3986
2094 4417
2094 4617
2094 4780
2095 2224
2095 2588
2095 2675
2095 2896
2095 3896
2095 4792
2095 4794
2096 2344
2096 2970
2096 3058
2096 3191
2096 3291
2096 3595
2096 3896
2096 3941
2096 4059
2096 4064
2096 4217
2096 4924
2096 4986
2097 2412
2097 2958
2097 3393
2097 4071
2097 4076
2097 4113
2097 4308
2097 4868
2098 2774
2098 3232
2098 3242
2098 3719
2098 3940
2098 4045
2098 4353
2098 4446
2098 4589
2098 4820
2098 4938
2099 2647
2099 3129
2099 3193
2099 3516
2099 3645
2099 3725
2099 3754
2099 4543
2099 4694
2100 2418
2100 2714
2100 2833
2100 3017
2100 3560
2100 3657
2100 3805
2100 4209
2100 4292
2100 4834
2100 4886
2101 2120
2101 2904
2101 3333
2101 3403
2101 3544
2101 3755
2101 3804
2101 3805
2101 3824
2101 3967
2101 3978
2101 4471
2101 4750
2102 2164
2102 2474
2102 2964
2102 2966
2102 3021
2102 3542
2102 3740
2102 4260
2102 4327
2102 4489
2102 4530
2102 4719
2103 2471
2103 2541
2103 3108
2103 3156
2103 3216
2103 3455
2103 3479
2103 3822
2103 3922
2103 4166
2103 4423
2103 4613
2103 4619
2103 4774
2104 2669
2104 3408
2104 3716
2104 4055
2104 4638
2104 4929
2105 2733
2105 3383
2105 3829
2105 4145
2105 4296
2105 4468
2105 4538
2105 4693
2105 4742
2106 2478
2106 2989
2106 3651
2106 3930
2106 4007
2107 3163
2107 3428
2107 3777
2107 3838
2107 4133
2107 4534
2107 4861
2107 4872
2108 2233
2108 2284
2108 2337
2108 2369
2108 2454
2108 2484
2108 3170
2108 3851
2108 4194
2108 4567
2109 2361
2109 3099
2109 3188
2109 3390
2109 3903
2109 3937
2109 4014
2109 4090
2109 4326
2110 2146
2110 2176
2110 2228
2110 2579
2110 2767
2110 2804
2110 2835
2110 3334
2110 3587
2110 4124
2110 4134
2110 4517
2110 4968
2111 2377
2111 2433
2111 3155
2111 3600
2111 4279
2112 3417
2112 3697
2112 3726
2112 3908
2112 4002
2112 4162
2112 4292
2112 4411
2112 4781
2113 2941
2113 3118
2113 3326
2113 3447
2113 3609
2113 3681
2113 3740
2113 4134
2113 4473
2114 2456
2114 2688
2114 2902
2114 3080
2114 3304
2114 3412
2114 4127
2114 4769
2115 2391
2115 2899
2115 3238
2115 3287
2115 3297
2115 3414
2115 3602
2115 4139
2115 4179
2116 2305
2116 2502
2116 3101
2116 3927
2116 4242
2116 4578
2116 4682
2117 2579
2117 2917
2117 2919
2117 3363
2117 4064
2117 4430
2117 4431
2117 4686
2117 4881
2117 4911
2118 2526
2118 3969
2118 4037
2118 4540
2119 2194
2119 2610
2119 2891
2119 3061
2119 3273
2119 3782
2119 4337
2119 4545
2119 4749
2119 4866
2119 4880
2120 2863
2120 3394
2120 3477
2120 3531
2120 3707
2120 3797
2120 4127
2120 4143
2120 4154
2120 4301
2120 4532
2120 4538
2120 4943
2120 4951
2121 2422
2121 2906
2121 3378
2121 3748
2122 2279
2122 2606
2122 2643
2122 2903
2122 3564
2122 3757
2122 3761
2122 4115
2122 4505
2122 4533
2122 4687
2122 4701
2122 4852
2123 2147
2123 2184
2123 2808
2123 2970
2123 3880
2123 3906
2123 4404
2124 2213
2124 2316
2124 2518
2124 2698
2124 2733
2124 3213
2124 4515
2124 4867
2124 4911
2125 2421
2125 2605
2125 3438
2125 3643
2125 3818
2125 3979
2125 4282
2125 4564
2125 4660
2126 2149
2126 2354
2126 2468
2126 2684
2126 2730
2126 2884
2126 3125
2126 3227
2126 3287
2126 4004
2126 4041
2126 4353
2126 4643
2126 4757
2126 4843
2127 2292
2127 2696
2127 2946
2127 2997
2127 3163
2127 3495
2127 3539
2127 3950
2127 4614
2127 4757
2128 2944
2128 3489
2128 3730
2128 3736
2128 3852
2128 3923
2128 4288
2128 4519
2128 4706
2128 4932
2129 2194
2129 2602
2129 2973
2129 3115
2129 3791
2129 3888
2129 4039
2129 4715
2129 4732
2129 4765
2130 2209
2130 2840
2130 3516
2130 4211
2130 4850
2131 2267
2131 3017
2131 3976
2131 4012
2131 4234
2131 4619
2132 2205
2132 2593
2132 3922
2132 4520
2133 2174
2133 2870
2133 3139
2133 3665
2133 4077
2133 4132
2133 4399
2133 4416
2133 4893
2134 2686
2134 3511
2134 3842
2134 4169
2134 4961
2134 4967
2135 3368
2135 3865
2135 4627
2135 4871
2136 2175
2136 2410
2136 2508
2136 3357
2136 3699
2136 3994
2136 4810
2137 2446
2137 2988
2137 3180
2137 3325
2137 3559
2137 3607
2137 3756
2137 4416
2137 4419
2137 4456
2137 4637
2137 4899
2137 4944
2138 2182
2138 2533
2138 2692
2138 2700
2138 3675
2138 4133
2138 4806
2139 2195
2139 2558
2139 2738
2139 2771
2139 2843
2139 2868
2139 3278
2139 3429
2139 3514
2139 3634
2139 4162
2139 4308
2139 4851
2139 4883
2140 3040
2140 3078
2140 3278
2140 3427
2140 3467
2140 3722
2140 3735
2140 4272
2140 4571
2140 4827
2141 2224
2141 2551
2141 2794
2141 4110
2141 4494
2141 4831
2142 2225
2142 2561
2142 3820
2142 4053
2142 4232
2143 2596
2143 3007
2143 3018
2143 3301
2143 3815
2143 3886
2143 3887
2143 3996
2143 4204
2143 4540
2143 4689
2144 3299
2144 3759
2144 3883
2144 4125
2144 4893
2145 2192
2145 2249
2145 2256
2145 2451
2145 3069
2145 3105
2145 3453
2145 3704
2145 3755
2145 4179
2146 2150
2146 2474
2146 2560
2146 2569
2146 3082
2146 3085
2146 3283
2146 3958
2146 4166
2146 4268
2147 2151
2147 2184
2147 2369
2147 2517
2147 2989
2147 3100
2147 3533
2147 3611
2147 3924
2147 3958
2147 4641
2147 4687
2147 4860
2147 4862
2147 4980
2148 2348
2148 2444
2148 2460
2148 2918
2148 3001
2148 3042
2148 3407
2148 3573
2148 4023
2148 4062
2148 4434
2149 2215
2149 2763
2149 2774
2149 3304
2149 3443
2149 3638
2149 3742
2149 4257
2149 4325
2149 4877
2150 2498
2150 2627
2150 2672
2150 2756
2150 2886
2150 3210
2150 3418
2150 3518
2150 3795
2150 4133
2150 4631
2151 2691
2151 2719
2151 2921
2151 3180
2151 3495
2151 3809
2151 3922
2151 4017
2151 4276
2152 3025
2152 3314
2152 3525
2152 3743
2152 3753
2152 3874
2152 4155
2152 4231
2152 4344
2153 2717
2153 2750
2153 3200
2153 3606
2153 3759
2153 4164
2153 4535
2153 4610
2153 4627
2153 4681
2153 4873
2154 2525
2154 2818
2154 3735
2154 4067
2154 4432
2154 4591
2154 4720
2154 4820
2154 4855
2155 2245
2155 2529
2155 4160
2155 4750
2155 4780
2156 2898
2156 3629
2156 4452
2156 4770
2157 2213
2157 2338
2157 2344
2157 2360
2157 2539
2157 2613
2157 3110
2157 3220
2157 3231
2157 3600
2157 3784
2157 3942
2157 3984
2157 4046
2157 4133
2157 4645
2157 4757
2158 2390
2158 2541
2158 2900
2158 2995
2158 3681
2158 3906
2158 3927
2158 4447
2159 2922
2159 3039
2159 3588
2159 3766
2159 3916
2159 4347
2159 4717
2160 2444
2160 2892
2160 3061
2160 3361
2160 4696
2160 4752
2161 2328
2161 2342
2161 2446
2161 2648
2161 2810
2161 3026
2161 3064
2161 3671
2161 3928
2161 4132
2162 2236
2162 2677
2162 3357
2162 3487
2162 3658
2162 4612
2162 4750
2162 4996
2163 2446
2163 2755
2163 3360
2163 3705
2163 3843
2163 3939
2163 4019
2163 4373
2164 2377
2164 2727
2164 3686
2164 3715
2164 3878
2164 4722
2165 2300
2165 2408
2165 2428
2165 2445
2165 2500
2165 3649
2165 3751
2165 4698
2165 4819
2166 2648
2166 2725
2166 2811
2166 3023
2166 3036
2166 3401
2166 3453
2166 3747
2166 3800
2167 2200
2167 2741
2167 2916
2167 3746
2167 4787
2167 4856
2167 4925
2168 2420
2168 2567
2168 2800
2168 2835
2168 2941
2168 2962
2168 3121
2168 3527
2168 3528
2168 3921
2168 4132
2168 4679
2169 2656
2169 2981
2169 3256
2169 3260
2169 4002
2169 4130
2169 4195
2169 4226
2169 4423
2169 4520
2169 4629
2169 4871
2170 2408
2170 2598
2170 2806
2170 3020
2170 3249
2170 3304
2170 4170
2170 4213
2170 4265
2170 4505
2170 4709
2171 3354
2171 3864
2171 4292
2171 4615
2171 4741
2171 4747
2171 4929
2172 2356
2172 2412
2172 2900
2172 3355
2172 3713
2172 4379
2173 2243
2173 2352
2173 2455
2173 2594
2173 3114
2173 3155
2173 3348
2173 3385
2173 3881
2173 4003
2173 4534
2173 4674
2173 4844
2173 4867
2174 2474
2174 2551
2174 2593
2174 2799
2174 3302
2174 3874
2175 2915
2175 3168
2175 3229
2175 3257
2175 4218
2175 4349
2175 4797
2175 4920
2175 4985
2176 2566
2176 3136
2176 3537
2176 3581
2176 3613
2176 3901
2176 4132
2176 4202
2176 4245
2176 4478
2177 2213
2177 2529
2177 2556
2177 2945
2177 3564
2177 3809
2177 3865
2177 4183
2177 4344
2177 4761
2178 2368
2178 2423
2178 2484
2178 2833
2178 3351
2178 3927
2178 4113
2178 4594
2178 4620
2178 4645
2178 4724
2178 4908
2178 4987
2179 3105
2179 3158
2179 3245
2179 4165
2179 4264
2179 4524
2180 2448
2180 3481
2180 3508
2180 3899
2180 4068
2180 4462
2180 4680
2181 2671
2181 2956
2181 3198
2181 3441
2181 3467
2181 3510
2181 4837
2181 4887
2181 4985
2182 2532
2182 3075
2182 3795
2182 3845
2182 4042
2182 4091
2182 4598
2182 4650
2182 4666
2183 2569
2183 2860
2183 3010
2183 3033
2183 3364
2183 3480
2183 3568
2183 3846
2183 4028
2183 4135
2184 2438
2184 3059
2184 4020
2184 4048
2185 2393
2185 2699
2185 3146
2185 3753
2185 3869
2185 3929
2185 3984
2185 4180
2185 4503
2185 4874
2186 2238
2186 2323
2186 2428
2186 2729
2186 3058
2186 3417
2186 3717
2186 3744
2186 3846
2186 4273
2186 4354
2186 4396
2186 4522
2186 4794
2187 2635
2187 3453
2187 3659
2187 3847
2187 3996
2187 4093
2187 4168
2187 4900
2188 2256
2188 2296
2188 2589
2188 2716
2188 2980
2188 3215
2188 3569
2188 3896
2188 4007
2188 4375
2188 4452
2188 4649
2188 4963
2189 2402
2189 2426
2189 2572
2189 3065
2189 3231
2189 3544
2189 4253
2189 4307
2189 4324
2189 4435
2189 4612
2190 2192
2190 2378
2190 2956
2190 3272
2190 3372
2190 4199
2190 4858
2190 4939
2190 4992
2191 2490
2191 2519
2191 2660
2191 2745
2191 3113
2191 4233
2191 4382
2192 2696
2192 2728
2192 2944
2192 3267
2192 3420
2192 3811
2192 4350
2192 4389
2192 4422
2192 4546
2192 4684
2192 4930
2192 4990
2193 2532
2193 2993
2193 3351
2193 3884
2193 4091
2193 4119
2193 4326
2193 4415
2193 4598
2193 4730
2194 2425
2194 3015
2194 3185
2194 3297
2194 3328
2194 3837
2194 4582
2194 4929
2195 2253
2195 2290
2195 2314
2195 3168
2195 3192
2195 3195
2195 3276
2195 4000
2195 4403
2195 4532
2195 4815
2196 2281
2196 2432
2196 2458
2196 2575
2196 3340
2196 3420
2196 3921
2196 4426
2197 2349
2197 3642
2197 3843
2197 4021
2197 4310
2197 4763
2197 4868
2197 4999
2198 2391
2198 2940
2198 3768
2198 3775
2198 4153
2199 2234
2199 2548
2199 2720
2199 3176
2199 3656
2199 3905
2199 3935
2199 4106
2199 4179
2199 4761
2199 4763
2200 2265
2200 2383
2200 2676
2200 3111
2200 3261
2200 4034
2200 4891
2200 4992
2201 2694
2201 2884
2201 3116
2201 3736
2201 3961
2201 4010
2201 4413
2201 4858
2201 4877
2201 4983
2202 2448
2202 2561
2202 2611
2202 2844
2202 2876
2202 3308
2202 3357
2202 3539
2202 3562
2202 3787
2202 3874
2202 3964
2202 4151
2202 4304
2202 4583
2203 2389
2203 2969
2203 3502
2203 3975
2203 3979
2203 4238
2203 4292
2203 4804
2204 2210
2204 2307
2204 2896
2204 3155
2204 3297
2205 2209
2205 2885
2205 3924
2205 4120
2205 4180
2205 4197
2205 4301
2205 4305
2205 4647
2205 4764
2206 2519
2206 2552
2206 2654
2206 3214
2206 3226
2206 3687
2206 4929
2207 2452
2207 2695
2207 2933
2207 3301
2207 3982
2207 4022
2207 4790
2207 4793
2207 4953
2208 2638
2208 3055
2208 3640
2208 3805
2208 3991
2208 4103
2208 4257
2208 4296
2208 4650
2209 2764
2209 2818
2209 3286
2209 3477
2209 3548
2209 3682
2209 3889
2209 4688
2210 2241
2210 2818
2210 3256
2210 3416
2210 3455
2210 3609
2210 4149
2210 4208
2210 4439
2210 4684
2210 4804
2210 4822
2210 4974
2211 2569
2211 2844
2211 2914
2211 3305
2211 4136
2211 4448
2211 4523
2211 4701
2211 4721
2212 2380
2212 2657
2212 3289
2212 3375
2212 3409
2212 3445
2212 3677
2212 3685
2212 3760
2212 3786
2212 3842
2212 4204
2212 4251
2212 4672
2212 4867
2212 4882
2213 2553
2213 2757
2213 2771
2213 3120
2213 3450
2213 3603
2213 3722
2213 3776
2213 3949
2213 4266
2213 4392
2213 4451
2213 4717
2213 4769
2214 2634
2214 2846
2214 2931
2214 3121
2214 3530
2214 3739
2214 4270
2215 2586
2215 2911
2215 3026
2215 3768
2215 4077
2215 4205
2215 4587
2215 4634
2215 4740
2215 4946
2216 2650
2216 2874
2216 3052
2216 3244
2216 3509
2216 3516
2216 4096
2216 4184
2216 4755
2216 4759
2217 2450
2217 2808
2217 2873
2217 3170
2217 3372
2217 3453
2217 3503
2217 3950
2217 3962
2217 4404
2217 4535
2218 2743
2218 2824
2218 2841
2218 3070
2218 3552
2218 3880
2218 4537
2219 2309
2219 2852
2219 3083
2219 3240
2219 3314
2219 3471
2219 3744
2219 3922
2219 4155
2219 4197
2219 4661
2219 4881
2220 2317
2220 2621
2220 2704
2220 2754
2220 3201
2220 3863
2220 4120
2220 4160
2220 4427
2220 4569
2220 4593
2221 3898
2222 2371
2222 3309
2222 3917
2222 4865
2223 2394
2223 2450
2223 2688
2223 3756
2223 4002
2223 4106
2223 4153
2223 4296
2223 4444
2223 4800
2224 2631
2224 2818
2224 3158
2224 3518
2224 4343
2225 2231
2225 2534
2225 3096
2225 3171
2225 3468
2225 3933
2225 4096
2226 2377
2226 2800
2226 3175
2226 3607
2226 4007
2226 4126
2226 4718
2226 4877
2226 4990
2227 2812
2227 3723
2227 3780
2227 3885
2227 4028
2227 4874
2227 4962
2228 2367
2228 2470
2228 2852
2228 3746
2228 3810
2228 4158
2228 4332
2228 4904
2229 2328
2229 2406
2229 2947
2229 3521
2229 3623
2229 3769
2229 3974
2229 4876
2230 2361
2230 2430
2230 2552
2230 2732
2230 3079
2230 3110
2230 3964
2230 3991
2230 4646
2230 4841
2231 2866
2231 2943
2231 3187
2231 3391
2231 3557
2231 3952
2231 4002
2231 4076
2231 4355
2231 4359
2232 2822
2232 3057
2232 3304
2232 3329
2232 3514
2232 3701
2232 3875
2232 4129
2232 4221
2232 4515
2232 4666
2232 4847
2233 2411
2233 2734
2233 2911
2233 3609
2233 4090
2233 4125
2233 4562
2233 4755
2234 3978
2234 4130
2234 4782
2234 4897
2235 2927
2235 2954
2235 3473
2235 3667
2235 3808
2235 4503
2236 2526
2236 2589
2236 3168
2236 3381
2236 3940
2236 3953
2236 4478
2236 4576
2236 4708
2236 4976
2237 2744
2237 3215
2237 3437
2237 3585
2237 3891
2237 4043
2237 4101
2237 4372
2237 4450
2237 4571
2237 4936
2238 2809
2238 3086
2238 3290
2238 3299
2238 3338
2238 3407
2238 3686
2238 4290
2238 4485
2239 3262
2239 3350
2239 4424
2239 4702
2239 4907
2240 2462
2240 2538
2240 2555
2240 2923
2240 3140
2240 3711
2240 3785
2240 3807
2240 4776
2240 4777
2241 2661
2241 3015
2241 3102
2241 3261
2241 3421
2241 3724
2241 4094
2241 4455
2241 4942
2242 2345
2242 2689
2242 3445
2242 4034
2242 4666
2243 3082
2243 3167
2243 3182
2243 4330
2243 4596
2243 4832
2243 4835
2243 4873
2244 3493
2244 3566
2244 4450
2245 2696
2245 3708
2245 3939
2245 4118
2245 4853
2246 2439
2246 3323
2246 3417
2246 3799
2246 4122
2246 4314
2246 4500
2246 4644
2246 4788
2246 4938
2247 2493
2247 2509
2247 2671
2247 3000
2247 3172
2247 3343
2247 4066
2247 4151
2247 4878
2248 2401
2248 2507
2248 3028
2248 3466
2248 3964
2248 4149
2249 2767
2249 2903
2249 3235
2249 3247
2249 3888
2249 3940
2250 2352
2250 2698
2250 2715
2250 3036
2250 3312
2250 3910
2250 4486
2250 4773
2250 4944
2251 2478
2251 3187
2251 3411
2251 3655
2251 3668
2251 3771
2251 3874
2251 4348
2252 2528
2252 2668
2252 2931
2252 3293
2252 3470
2252 3537
2252 3816
2252 4051
2252 4443
2252 4551
2252 4781
2253 2482
2253 2537
2253 2624
2253 2905
2253 3019
2253 3973
2253 4100
2253 4478
2253 4768
2254 2352
2254 2429
2254 3253
2254 3681
2254 4292
2254 4901
2255 2452
2255 2693
2255 2880
2255 3139
2255 3352
2255 3390
2255 4019
2255 4356
2255 4552
2255 4713
2256 2452
2256 2809
2256 2826
2256 2917
2256 3033
2256 3095
2256 3208
2256 3527
2256 3625
2256 3667
2256 3717
2256 3869
2256 3955
2256 4698
2256 4986
2256 4992
2257 2504
2257 3182
2257 3710
2257 3804
2257 3830
2257 4230
2257 4856
2258 2526
2258 2532
2258 2549
2258 2738
2258 2792
2258 2956
2258 3354
2258 3377
2258 3608
2258 3950
2258 4774
2258 4853
2259 2300
2259 2444
2259 2598
2259 2868
2259 2930
2259 2964
2259 3517
2259 3596
2259 4119
2259 4225
2259 4359
2259 4506
2259 4767
2260 2263
2260 2298
2260 2548
2260 2632
2260 3107
2260 3210
2260 3304
2260 3439
2260 3549
2260 3622
2260 3988
2260 4624
2260 4777
2260 4961
2260 4980
2260 4991
2261 2768
2261 3101
2261 3156
2261 3474
2261 3716
2261 4086
2261 4436
2261 4605
2261 4701
2262 2471
2262 2983
2262 3315
2262 3361
2262 3601
2262 3731
2262 4315
2262 4343
2262 4567
2262 4915
2263 2421
2263 2464
2263 3232
2263 3781
2263 3922
2263 4640
2264 2641
2264 2710
2264 2914
2264 3064
2264 3321
2264 3677
2264 4437
2264 4753
2264 4835
2265 2297
2265 2770
2265 3038
2265 3610
2265 3645
2265 3835
2265 3948
2265 4341
2265 4547
2265 4942
2266 2496
2266 3075
2266 3367
2266 3478
2266 3716
2266 4627
2266 4902
2266 4909
2267 2344
2267 2998
2267 3325
2267 3631
2267 3727
2267 3813
2267 3874
2267 4131
2267 4796
2268 2438
2268 2679
2268 3014
2268 3076
2268 3969
2268 4060
2268 4295
2269 2494
2269 2818
2269 3157
2269 3208
2269 3401
2269 3467
2269 3657
2269 3771
2269 3820
2269 4391
2269 4839
2269 4881
2269 4889
2270 2355
2270 2387
2270 2735
2270 2953
2270 3395
2270 3485
2270 3860
2270 4436
2270 4473
2270 4661
2270 4687
2270 4745
2270 4843
2270 4873
2271 3080
2271 3398
2271 3584
2271 4099
2271 4942
2271 4950
2272 2529
2272 2893
2272 3511
2272 3519
2272 4019
2272 4369
2272 4502
2272 4790
2272 4797
2272 4930
2273 2388
2273 2455
2273 2539
2273 2655
2273 2940
2273 3025
2273 3111
2273 3154
2273 3282
2273 4437
2273 4471
2273 4696
2273 4966
2274 2475
2274 2601
2274 3027
2274 3070
2274 3551
2274 3555
2274 3848
2274 4139
2275 2527
2275 2702
2275 2793
2275 2983
2275 3054
2275 3240
2275 3794
2275 3943
2275 3983
2275 4209
2275 4609
2275 4740
2275 4932
2276 2401
2276 2534
2276 2905
2276 2959
2276 3459
2276 3957
2276 4126
2276 4556
2276 4985
2277 2665
2277 3778
2277 3824
2277 4150
2277 4696
2277 4978
2278 2459
2278 2898
2278 3053
2278 3244
2278 3347
2278 3744
2278 3815
2278 4655
2278 4778
2278 4928
2279 2472
2279 3161
2279 3219
2279 3340
2279 3510
2279 4020
2279 4491
2279 4622
2279 4733
2280 2473
2280 2523
2280 2739
2280 2754
2280 2834
2280 2894
2280 3751
2280 3768
2280 3977
2280 3993
2280 4124
2280 4469
2280 4776
2281 2541
2281 2765
2281 3036
2281 3050
2281 3210
2281 3278
2281 3290
2281 3749
2281 3771
2281 3834
2281 4230
2281 4524
2281 4560
2281 4683
2281 4805
2282 2334
2282 2657
2282 3106
2282 3208
2282 3622
2282 3747
2282 3946
2282 4341
2282 4439
2283 2773
2283 3511
2283 4617
2283 4869
2284 2362
2284 2418
2284 2855
2284 3176
2284 3691
2284 3944
2284 4366
2284 4451
2284 4744
2284 4839
2285 3328
2285 3513
2285 3868
2285 4514
2285 4701
2286 2313
2286 2584
2286 3082
2286 3371
2286 3382
2286 3752
2286 3900
2286 4427
2286 4677
2286 4800
2287 2442
2287 2582
2287 2727
2287 2749
2287 2752
2287 2878
2287 2937
2287 2970
2287 2984
2287 3614
2287 4048
2287 4240
2287 4446
2287 4697
2287 4734
2288 3497
2288 3771
2288 3792
2288 4422
2288 4449
2288 4651
2288 4739
2289 2524
2289 3153
2289 3162
2289 3412
2289 3681
2289 3804
2289 4091
2289 4634
2290 2791
2290 2940
2290 2964
2290 3019
2290 3272
2290 3746
2290 3904
2290 4340
2291 2298
2291 2580
2291 2592
2291 2614
2291 2770
2291 2779
2291 3059
2291 3077
2291 3483
2291 3831
2291 3854
2291 4057
2292 2326
2292 2385
2292 2397
2292 2641
2292 3111
2292 3608
2292 4723
2292 4766
2293 2413
2293 2667
2293 2870
2293 3240
2293 3247
2293 3259
2293 3297
2293 3456
2293 3638
2293 3776
2293 4001
2293 4105
2294 2500
2294 3344
2294 3774
2294 4543
2295 2462
2295 2672
2295 2707
2295 3104
2295 3319
2295 3378
2295 3852
2295 3990
2295 4114
2295 4121
2295 4622
2295 4700
2295 4742
2295 4823
2295 4977
2296 2483
2296 2837
2296 2864
2296 3434
2296 3610
2296 4120
2296 4144
2296 4208
2296 4252
2296 4437
2296 4586
2296 4915
2297 2411
2297 2554
2297 2680
2297 3168
2297 3550
2297 3652
2297 4428
2297 4436
2297 4680
2298 2612
2298 2689
2298 2886
2298 3053
2298 4149
2298 4239
2298 4836
2299 3608
2299 4449
2299 4553
2299 4691
2299 4704
2300 2632
2300 2688
2300 2789
2300 2825
2300 3436
2300 3734
2300 4014
2300 4391
2300 4477
2300 4527
2300 4742
2300 4774
2300 4962
2300 4967
2301 2411
2301 2483
2301 2860
2301 2926
2301 3553
2301 3829
2301 4370
2301 4509
2301 4576
2301 4703
2301 4766
2301 4806
2302 2917
2302 2965
2302 3435
2302 3768
2302 3793
2302 3864
2302 4186
2302 4566
2302 4967
2303 2639
2303 2853
2303 3595
2303 4736
2303 4942
2303 4971
2304 2516
2304 2551
2304 2675
2304 2732
2304 3102
2304 3493
2304 4347
2304 4630
2305 2422
2305 2513
2305 2818
2305 2969
2305 3332
2305 3941
2305 4205
2305 4309
2305 4324
2305 4413
2305 4549
2305 4807
2306 2310
2306 2905
2306 3000
2306 3142
2306 3491
2306 3504
2306 3514
2306 3534
2306 4325
2306 4542
2306 4552
2306 4591
2306 4692
2306 4705
2307 2945
2307 3169
2307 3210
2307 3509
2307 3694
2307 3930
2307 4546
2308 2547
2308 2581
2308 4048
2308 4058
2308 4985
2309 2349
2309 2819
2309 3106
2309 3260
2309 3309
2309 3394
2309 3406
2309 3457
2309 3766
2309 3856
2309 3920
2309 3951
2309 4147
2309 4788
2310 2932
2310 3593
2310 3755
2310 4630
2311 2917
2311 3291
2311 3298
2311 3361
2311 3522
2311 3678
2311 3812
2311 3922
2311 4577
2311 4866
2311 4894
2312 2448
2312 2943
2312 4144
2312 4213
2313 2603
2313 2639
2313 3429
2313 3918
2313 4358
2313 4490
2313 4624
2313 4655
2314 4068
2314 4115
2314 4528
2314 4555
2314 4791
2315 2354
2315 2737
2315 3099
2315 3321
2315 3663
2315 4637
2316 2547
2316 2894
2316 3081
2316 3176
2316 3350
2316 4167
2316 4201
2316 4346
2316 4584
2316 4592
2316 4665
2316 4697
2317 2537
2317 2715
2317 3302
2317 3459
2317 4476
2318 2563
2318 2750
2318 2811
2318 3110
2318 3378
2318 3402
2318 3559
2318 3694
2318 3938
2318 4553
2318 4771
2319 2392
2319 3601
2319 3667
2319 3710
2319 3767
2319 4056
2319 4108
2319 4215
2319 4385
2319 4448
2320 2540
2320 2624
2320 3252
2320 3396
2320 3440
2320 3598
2320 3987
2320 4029
2321 3575
2321 4183
2321 4206
2321 4994
2322 2340
2322 2433
2322 3291
2322 3372
2322 3485
2322 3511
2322 3674
2322 3949
2322 4367
2322 4726
2323 2704
2323 2981
2323 3399
2323 3737
2323 3841
2323 3934
2323 4023
2323 4149
2323 4245
2323 4381
2323 4393
2323 4576
2323 4905
2324 2336
2324 2479
2324 2922
2324 2929
2324 3654
2324 4069
2324 4351
2324 4565
2325 2401
2325 2600
2325 2662
2325 2963
2325 3035
2325 3361
2325 3658
2325 4301
2325 4852
2326 3041
2326 3284
2326 4505
2326 4943
2327 2627
2327 3477
2327 3869
2327 4169
2327 4318
2327 4417
2327 4511
2327 4988
2328 2368
2328 2679
2328 2925
2328 3129
2328 3957
2328 4545
2328 4605
2329 2876
2329 3040
2329 3083
2329 3328
2329 3884
2329 3997
2329 4183
2329 4415
2330 2638
2330 2655
2330 2668
2330 3363
2330 3671
2330 3681
2330 3806
2330 3842
2330 4053
2330 4853
2331 3083
2331 4216
2331 4403
2332 2732
2332 2757
2332 2894
2332 3012
2332 3196
2332 3223
2332 3930
2332 4009
2332 4230
2332 4502
2333 3551
2333 4252
2333 4279
2333 4375
2333 4737
2334 2382
2334 2777
2334 3413
2334 4064
2334 4077
2334 4460
2334 4694
2334 4713
2334 4936
2335 2433
2335 2500
2335 3337
2335 3435
2335 4210
2335 4465
2336 2595
2336 3203
2336 3538
2336 3701
2336 4304
2336 4320
2336 4433
2336 4511
2336 4620
2336 4990
2337 2339
2337 2971
2337 4206
2337 4361
2337 4503
2337 4509
2337 4621
2337 4914
2338 2495
2338 2638
2338 2755
2338 2924
2338 2930
2338 3471
2338 3973
2338 4117
2338 4436
2338 4464
2338 4554
2338 4851
2339 2581
2339 2771
2339 2778
2339 3482
2339 3728
2340 2623
2340 3293
2340 3672
2340 3819
2340 4060
2340 4380
2340 4538
2340 4942
2341 2505
2341 2705
2341 2913
2341 2948
2341 2979
2341 3458
2341 3643
2341 3776
2341 3867
2341 4133
2341 4195
2341 4332
2341 4774
2342 2399
2342 2428
2342 2446
2342 2488
2342 2530
2342 2741
2342 2895
2342 2907
2342 3449
2342 3796
2342 3815
2342 3890
2342 4245
2342 4845
2342 4911
2343 2783
2343 2809
2343 2843
2343 3645
2343 4067
2343 4229
2343 4617
2344 2359
2344 2400
2344 2462
2344 2814
2344 3946
2344 4107
2344 4218
2344 4327
2344 4778
2344 4830
2345 3398
2345 3665
2345 3875
2345 4108
2346 2464
2346 2577
2346 2811
2346 3068
2346 3078
2346 3178
2346 3865
2346 3966
2346 4092
2346 4505
2346 4807
2347 2451
2347 2585
2347 2668
2347 4327
2347 4498
2347 4629
2347 4736
2347 4766
2347 4877
2347 4926
2347 4932
2348 3520
2348 3529
2348 3645
2348 4492
2348 4543
2348 4846
2348 4886
2348 4923
2349 2390
2349 2466
2349 3023
2349 3356
2349 3941
2349 4170
2350 2834
2350 2948
2350 3376
2350 3828
2350 3900
2350 4428
2350 4751
2350 4809
2350 4869
2351 3389
2351 3668
2351 4132
2351 4152
2351 4363
2351 4585
2352 2678
2352 2777
2352 2867
2352 2949
2352 3091
2352 3356
2352 3548
2352 3656
2352 3726
2352 4087
2352 4600
2352 4679
2353 2491
2353 2524
2353 2533
2353 2681
2353 4350
2353 4536
2353 4590
2353 4718
2353 4784
2353 4815
2353 4908
2354 2775
2354 3331
2354 3346
2354 3408
2354 3535
2354 3554
2354 3716
2354 3733
2354 4579
2354 4809
2354 4965
2355 2557
2355 4095
2355 4844
2355 4917
2355 4952
2356 3133
2356 3891
2356 4634
2356 4640
2356 4653
2356 4686
2356 4970
2357 2950
2357 2968
2357 3074
2357 3253
2357 3590
2357 4642
2357 4737
2357 4827
2357 4845
2358 2408
2358 2452
2358 2942
2358 3030
2358 3150
2358 3181
2358 3183
2358 3698
2358 3746
2358 4103
2358 4146
2358 4649
2358 4685
2359 3692
2359 3754
2359 3781
2359 4539
2359 4694
2359 4850
2360 2386
2360 2592
2360 2754
2360 2824
2360 3308
2360 3977
2360 4333
2360 4492
2360 4613
2360 4614
2360 4764
2361 4197
2361 4482
2361 4494
2362 2765
2362 3075
2362 3672
2362 4016
2362 4657
2363 2947
2363 3143
2363 3562
2363 4195
2363 4282
2363 4308
2363 4559
2363 4687
2363 4764
2364 2583
2364 3127
2364 4090
2364 4313
2364 4335
2364 4742
2364 4852
2364 4945
2365 2894
2365 3048
2365 3680
2365 4765
2366 2566
2366 2844
2366 2920
2366 3677
2366 4165
2366 4549
2367 3016
2367 3235
2367 4284
2367 4593
2367 4774
2368 2692
2368 3013
2368 3015
2368 3121
2368 3364
2368 4003
2368 4100
2368 4214
2368 4325
2368 4428
2368 4603
2368 4623
2368 4823
2369 3185
2369 3209
2369 3658
2369 4260
2369 4385
2369 4418
2369 4461
2370 2949
2370 3360
2370 3524
2370 3824
2370 4108
2370 4923
2371 2632
2371 2666
2371 2767
2371 2821
2371 3436
2371 3587
2371 3713
2371 3973
2371 4282
2371 4587
2371 4621
2371 4630
2371 4852
2372 2392
2372 2400
2372 3037
2372 3246
2372 3529
2372 4506
2372 4967
2373 2871
2373 2972
2373 3240
2373 3800
2373 4139
2373 4297
2373 4380
2373 4540
2373 4816
2374 2482
2374 3451
2374 3620
2374 3700
2374 4105
2374 4384
2374 4759
2374 4919
2375 2454
2375 2476
2375 3003
2375 3143
2375 3237
2375 3552
2375 3649
2375 3692
2375 3922
2375 4319
2375 4350
2375 4538
2375 4582
2375 4709
2375 4788
2376 2445
2376 2642
2376 2724
2376 3196
2376 3348
2376 3851
2376 4170
2376 4624
2376 4725
2376 4966
2376 4985
2377 2957
2377 3269
2377 3667
2377 4705
2377 4994
2378 2614
2378 3499
2378 3547
2378 3778
2378 4086
2378 4113
2379 2456
2379 2737
2379 3394
2379 3467
2379 3892
2379 3913
2380 2474
2380 2586
2380 2946
2380 3463
2380 4472
2380 4655
2380 4669
2381 2412
2381 2607
2381 3242
2381 3292
2381 3900
2381 3953
2381 4815
2381 4871
2382 3089
2382 3128
2382 3294
2382 3528
2382 3899
2382 4048
2382 4310
2383 3080
2383 3158
2383 3253
2383 3364
2383 3414
2383 3450
2383 3692
2383 3836
2383 3871
2383 4007
2383 4289
2383 4673
2383 4752
2383 4841
2383 4852
2384 2396
2384 3465
2384 3498
2384 3666
2384 4496
2385 2386
2385 2487
2385 2629
2385 3191
2385 3669
2385 4082
2385 4113
2385 4829
2385 4881
2386 2392
2386 2821
2386 2999
2386 3051
2386 3072
2386 3086
2386 3156
2386 3325
2386 3941
2386 4622
2386 4757
2387 2662
2387 2771
2387 2894
2387 3156
2387 3674
2387 4090
2387 4340
2388 2400
2388 2433
2388 2574
2388 3438
2388 3749
2388 4402
2388 4500
2388 4646
2388 4659
2388 4946
2389 2639
2389 2685
2389 2807
2389 2897
2389 3000
2389 3309
2389 3604
2389 4454
2389 4584
2389 4585
2390 2841
2390 3115
2390 4057
2390 4480
2390 4503
2390 4799
2391 2555
2391 2874
2391 3465
2391 3494
2391 3737
2391 4407
2391 4880
2392 2559
2392 2646
2392 2676
2392 2802
2392 3174
2392 3484
2392 4125
2392 4331
2392 4492
2392 4503
2393 2476
2393 2671
2393 2695
2393 2739
2393 3111
2393 4156
2393 4540
2393 4923
2394 2739
2394 2824
2394 3058
2394 3120
2394 3239
2394 3267
2394 3480
2394 3576
2394 3751
2394 3832
2394 4479
2394 4503
2395 3049
2395 3608
2395 4172
2395 4364
2395 4460
2396 2601
2396 2937
2396 3456
2396 3615
2396 3956
2396 4120
2396 4232
2397 3033
2397 3083
2397 3644
2397 4783
2397 4824
2397 4879
2397 4891
2397 4975
2397 4984
2398 2600
2398 3269
2398 3928
2398 4223
2398 4288
2398 4338
2398 4346
2398 4369
2398 4929
2399 2872
2399 3551
2399 3763
2399 3989
2399 4079
2399 4250
2400 2814
2400 3019
2400 3086
2400 3183
2400 3892
2400 4107
2400 4341
2400 4684
2401 2520
2401 3114
2401 3478
2401 4490
2401 4600
2401 4609
2402 2459
2402 2880
2402 2912
2402 3523
2402 4208
2402 4311
2402 4323
2402 4393
2402 4683
2402 4785
2402 4967
2403 2534
2403 3053
2403 3583
2403 4154
2403 4290
2403 4564
2403 4581
2403 4792
2404 2463
2404 2616
2404 2811
2404 3056
2404 3114
2404 3203
2404 3235
2404 3413
2404 3556
2404 3778
2404 3828
2404 4983
2405 3248
2405 3501
2405 3531
2405 4165
2405 4834
2405 4917
2406 2968
2406 3079
2406 3276
2406 3459
2406 3654
2406 3815
2406 4749
2407 2836
2407 3049
2407 3486
2407 3490
2407 3500
2407 3604
2407 3787
2407 4242
2407 4493
2407 4578
2408 2478
2408 2726
2408 2909
2408 2932
2408 3667
2408 3687
2408 4298
2409 2465
2409 3139
2409 3176
2409 3383
2409 3720
2409 3889
2409 4515
2410 2543
2410 2742
2410 2772
2410 2944
2410 3548
2410 3697
2410 3752
2410 3789
2410 3868
2410 4430
2410 4686
2410 4830
2411 2551
2411 2585
2411 3483
2411 4004
2411 4090
2411 4644
2411 4764
2411 4945
2411 4966
2412 3112
2412 3253
2412 4900
2413 2435
2413 2633
2413 3988
2413 4891
2414 2717
2414 2834
2414 2875
2414 3140
2414 3997
2414 4446
2414 4727
2414 4959
2415 2427
2415 2802
2415 2830
2415 3571
2415 3639
2415 3720
2415 3765
2415 4037
2415 4979
2416 2486
2416 3128
2416 3273
2416 3894
2416 3896
2416 4191
2416 4270
2416 4609
2417 2564
2417 3059
2417 3090
2417 3164
2417 3333
2417 3708
2417 3826
2417 4204
2417 4469
2417 4567
2417 4607
2417 4851
2417 4897
2418 2474
2418 2509
2418 3117
2418 3342
2418 4239
2418 4296
2418 4471
2418 4978
2419 2746
2419 2747
2419 2927
2419 3746
2419 4015
2419 4515
2419 4701
2419 4749
2420 2639
2420 2701
2420 2919
2420 3270
2420 3357
2420 3713
2420 4316
2420 4498
2420 4727
2421 2432
2421 2449
2421 3028
2421 3907
2421 3976
2421 4105
2421 4599
2421 4603
2421 4605
2422 3109
2422 3493
2422 3993
2422 4105
2422 4228
2422 4384
2422 4526
2422 4874
2423 2992
2423 4020
2423 4118
2423 4504
2423 4671
2423 4797
2423 4840
2424 2642
2424 3055
2424 3429
2424 3457
2424 3698
2424 3709
2424 3867
2424 4006
2424 4034
2424 4420
2425 2507
2425 3240
2425 3257
2425 3322
2425 4256
2425 4953
2426 3247
2426 4064
2426 4829
2427 4182
2427 4247
2427 4346
2427 4865
2428 2672
2428 2747
2428 3040
2428 3244
2428 3805
2428 4198
2428 4203
2428 4437
2428 4530
2428 4611
2429 2890
2429 2918
2429 2959
2429 3109
2429 3258
2429 3726
2429 3812
2429 4067
2429 4309
2429 4392
2429 4481
2429 4866
2430 2837
2430 2878
2430 2888
2430 3042
2430 3813
2430 3864
2430 3975
2430 4020
2430 4582
2430 4785
2431 2851
2431 2878
2431 2977
2431 3241
2431 3717
2431 3759
2431 4250
2431 4296
2431 4374
2431 4506
2431 4733
2431 4739
2431 4912
2431 4963
2432 2440
2432 2494
2432 2946
2432 3143
2432 3587
2432 4255
2432 4881
2433 2552
2433 2615
2433 3057
2433 3163
2433 3396
2433 4136
2433 4847
2434 2566
2434 2921
2434 3137
2434 3209
2434 4093
2434 4291
2434 4651
2435 2644
2435 2652
2435 2856
2435 3335
2435 4223
2435 4441
2435 4807
2435 4827
2435 4865
2436 2437
2436 2915
2436 3276
2436 3391
2436 4429
2437 2636
2437 2977
2437 3029
2437 3548
2437 3906
2437 4359
2437 4856
2437 4866
2438 2565
2438 2912
2438 3317
2438 4425
2439 2548
2439 2698
2439 2710
2439 3237
2439 3267
2439 3747
2439 4082
2439 4371
2440 2859
2440 3071
2440 3119
2440 3151
2440 3926
2440 4054
2440 4382
2440 4401
2440 4681
2441 2615
2441 2946
2441 3030
2441 3299
2441 3427
2441 3872
2441 4325
2441 4836
2441 4942
2441 4958
2442 3145
2442 3304
2442 3402
2442 3485
2442 3520
2442 3862
2442 4122
2442 4373
2442 4628
2442 4818
2442 4922
2443 2519
2443 2550
2443 2680
2443 3355
2443 4324
2444 2574
2444 3015
2444 3355
2444 3440
2444 3617
2444 4566
2444 4691
2444 4908
2445 2597
2445 2931
2445 2948
2445 3112
2445 3271
2445 3626
2445 3814
2445 4080
2445 4472
2445 4519
2445 4586
2446 2508
2446 2641
2446 2649
2446 2966
2446 3427
2446 4060
2447 2572
2447 2816
2447 3171
2447 3192
2447 3240
2447 3374
2447 3500
2447 3927
2448 2924
2448 3021
2448 3194
2448 3680
2448 4590
2448 4830
2448 4956
2449 3051
2449 3444
2449 3816
2449 4054
2449 4189
2449 4230
2450 2969
2450 3277
2450 3505
2450 4021
2450 4038
2450 4138
2450 4170
2450 4877
2451 2555
2451 3031
2451 3161
2451 3169
2451 3443
2451 4038
2451 4081
2451 4396
2451 4673
2451 4816
2452 2509
2452 2725
2452 3174
2452 3604
2452 3976
2452 4103
2452 4738
2453 2644
2453 2934
2453 2966
2453 3116
2453 4719
2454 2526
2454 2877
2454 2902
2454 3261
2454 3410
2454 3646
2454 3757
2454 3923
2454 4307
2454 4689
2454 4783
2455 2630
2455 2658
2455 2747
2455 2942
2455 3235
2455 3288
2455 3301
2455 3350
2455 3465
2455 3587
2455 3594
2455 3746
2455 3787
2455 3810
2455 4000
2455 4343
2455 4379
2455 4444
2455 4491
2455 4701
2455 4835
2456 2541
2456 3440
2456 4121
2457 2586
2457 3219
2457 3235
2457 3566
2457 4584
2458 2591
2458 2644
2458 2941
2458 3065
2458 3260
2458 4120
2458 4968
2459 2487
2459 2586
2459 2621
2459 2786
2459 2878
2459 3066
2459 3453
2459 3478
2459 3662
2459 3770
2459 4272
2459 4391
2459 4553
2459 4669
2460 3163
2460 3434
2460 3517
2460 3549
2460 3868
2460 4752
2460 4802
2461 3029
2461 3204
2461 3427
2461 3637
2461 4255
2462 2463
2462 2546
2462 2628
2462 2692
2462 2995
2462 3141
2462 3250
2462 3502
2462 3519
2462 4034
2462 4297
2462 4410
2462 4411
2462 4528
2462 4641
2462 4679
2462 4985
2463 2801
2463 3175
2463 3366
2463 4074
2463 4107
2463 4444
2463 4875
2464 2543
2464 2590
2464 2948
2464 3005
2464 3047
2464 3508
2464 4699
2465 2539
2465 3322
2465 3496
2465 3720
2465 3990
2465 4554
2465 4844
2465 4907
2466 2469
2466 2698
2466 3187
2466 3222
2466 3574
2466 3776
2466 4729
2466 4924
2466 4956
2467 2773
2467 2822
2467 2824
2467 2846
2467 3075
2467 3474
2467 3493
2467 4180
2468 2680
2468 3129
2468 3792
2468 3864
2468 3982
2468 4275
2468 4418
2468 4839
2469 2481
2469 2881
2469 2955
2469 3396
2469 4336
2469 4479
2470 3240
2470 3471
2470 3632
2470 3692
2470 4073
2471 3039
2471 3691
2471 3697
2471 3866
2471 3872
2471 4233
2471 4508
2471 4787
2471 4885
2472 2519
2472 2655
2472 3267
2472 3332
2472 3857
2472 3929
2472 4017
2472 4772
2472 4796
2473 4347
2473 4817
2474 2631
2474 2876
2474 3519
2474 3554
2474 3729
2474 3776
2474 4029
2474 4034
2474 4263
2474 4755
2475 2654
2475 3477
2475 3522
2475 3598
2475 3832
2475 3862
2475 4107
2476 3262
2476 3554
2476 3632
2476 4257
2476 4553
2476 4811
2477 2487
2477 2593
2477 2661
2477 2817
2477 3225
2477 4100
2477 4126
2478 2527
2478 2662
2478 3956
2478 4906
2479 3236
2479 3280
2479 3786
2479 3989
2479 4407
2479 4683
2479 4734
2480 2681
2480 2755
2480 2756
2480 2785
2480 3037
2480 3487
2480 4340
2481 2570
2481 2793
2481 2839
2481 3267
2481 3741
2481 4113
2481 4492
2481 4578
2481 4976
2482 2824
2482 3135
2482 3405
2482 4169
2482 4270
2482 4339
2483 3081
2483 4128
2483 4735
2484 2809
2484 3404
2484 3494
2484 4049
2484 4378
2484 4686
2484 4745
2484 4917
2485 2595
2485 3416
2485 3675
2485 3849
2485 3850
2485 3977
2485 4266
2485 4763
2485 4868
2486 2602
2486 3025
2486 3155
2486 3666
2486 3754
2486 4095
2486 4293
2486 4688
2487 2794
2487 2843
2487 3450
2487 3919
2487 4737
2487 4905
2487 4936
2488 2930
2488 3106
2488 3918
2488 4002
2488 4020
2488 4163
2488 4952
2489 3100
2489 3429
2489 3528
2489 3588
2489 3605
2489 3651
2489 3901
2489 4017
2489 4037
2489 4206
2490 2566
2490 2600
2490 3163
2490 3548
2490 3606
2490 3631
2490 3651
2490 3864
2490 4007
2490 4174
2490 4278
2490 4456
2491 2681
2491 3514
2491 3963
2491 3988
2491 4135
2491 4208
2491 4910
2492 2729
2492 2768
2492 3081
2492 4154
2492 4314
2492 4489
2492 4623
2492 4767
2492 4852
2493 2864
2493 3522
2493 3848
2493 4660
2494 2606
2494 2625
2494 2942
2494 3103
2494 3239
2494 3570
2494 3582
2494 3778
2494 4148
2494 4252
2494 4303
2494 4403
2494 4491
2494 4692
2494 4989
2495 2773
2495 4083
2495 4319
2495 4594
2495 4922
2496 2614
2496 2652
2496 2932
2496 3719
2496 4217
2496 4721
2496 4768
2496 4853
2497 3385
2497 3389
2497 3520
2497 3742
2497 4955
2498 2878
2498 3370
2498 3672
2498 3906
2498 3925
2498 4121
2499 2572
2499 2688
2499 3755
2499 3861
2499 3875
2499 3927
2499 4344
2499 4916
2499 4926
2499 4960
2500 3081
2500 3448
2500 3511
2500 3556
2500 3638
2500 3942
2500 4882
2501 2678
2501 2952
2501 4041
2501 4101
2501 4714
2501 4764
2502 2594
2502 2646
2502 2668
2502 3142
2502 3270
2502 3358
2502 4209
2502 4494
2502 4848
2503 2810
2503 3322
2503 3428
2503 3473
2503 3749
2503 3835
2503 4260
2503 4657
2503 4934
2504 2510
2504 2576
2504 2603
2504 2705
2504 2839
2504 2929
2504 3004
2504 3293
2504 3564
2504 3572
2504 3704
2504 3971
2504 4138
2504 4179
2504 4428
2504 4485
2504 4739
2505 2622
2505 2887
2505 3467
2505 3471
2505 4710
2505 4895
2506 2513
2506 2639
2506 2678
2506 2984
2506 3252
2506 3307
2506 3466
2506 3499
2506 3963
2506 4017
2506 4244
2506 4249
2506 4991
2507 2771
2507 3098
2507 3296
2507 3646
2507 4100
2507 4271
2507 4339
2507 4656
2507 4749
2507 4764
2507 4938
2508 2541
2508 3066
2508 3129
2508 4234
2508 4451
2508 4694
2508 4706
2508 4709
2508 4936
2509 2572
2509 2727
2509 2977
2509 3033
2509 3127
2509 3801
2509 3891
2509 4244
2509 4753
2509 4953
2510 2654
2510 3371
2510 3530
2510 3695
2510 3718
2510 4061
2510 4722
2510 4925
2511 3148
2511 3200
2511 3505
2511 3846
2511 3869
2511 3958
2511 4502
2511 4785
2511 4826
2512 4692
2512 4701
2512 4712
2512 4850
2512 4879
2512 4936
2513 2629
2513 2659
2513 2716
2513 2837
2513 3182
2513 3541
2513 3676
2513 3738
2513 3921
2513 4419
2513 4603
2513 4786
2513 4847
2513 4975
2514 3123
2514 3254
2514 3373
2514 3827
2514 4522
2514 4794
2515 3026
2515 3193
2515 3330
2515 3384
2515 4627
2515 4796
2515 4905
2516 2881
2516 2914
2516 2932
2516 3215
2516 3524
2516 3527
2516 4705
2516 4898
2517 2996
2517 3000
2517 3179
2517 3815
2517 4049
2517 4387
2517 4398
2517 4852
2518 2568
2518 2706
2518 3055
2518 3066
2518 3557
2518 3973
2518 4090
2518 4108
2518 4315
2518 4622
2518 4893
2518 4969
2519 2938
2519 2939
2519 3211
2519 3217
2519 4059
2519 4098
2519 4401
2520 3044
2520 3321
2520 3445
2520 3601
2520 4133
2520 4494
2520 4571
2520 4961
2521 2770
2521 2815
2521 2890
2521 3052
2521 3276
2521 3385
2521 3508
2521 3979
2521 4196
2521 4741
2521 4772
2521 4809
2521 4881
2521 4987
2522 2632
2522 2810
2522 3194
2522 3266
2522 3412
2522 3492
2522 3516
2522 3648
2522 3796
2522 4501
2522 4583
2522 4713
2522 4725
2522 4775
2522 4890
2523 2526
2523 2987
2523 3008
2523 3132
2523 3651
2523 4401
2523 4752
2523 4836
2523 4906
2524 2808
2524 3122
2524 3314
2524 3328
2524 4097
2524 4419
2524 4484
2524 4491
2524 4644
2524 4681
2524 4956
2525 3072
2525 3184
2525 3188
2525 3606
2525 3783
2525 4167
2525 4346
2525 4525
2525 4660
2525 4788
2526 2664
2526 3242
2526 3425
2526 3450
2526 3999
2526 4272
2526 4454
2527 2685
2527 2783
2527 2888
2527 3151
2527 3366
2527 3417
2527 3584
2527 3646
2527 4051
2528 2684
2528 2883
2528 3267
2528 4221
2528 4245
2528 4370
2528 4541
2529 3038
2529 3071
2529 3346
2529 3715
2529 4042
2529 4397
2529 4564
2529 4574
2529 4665
2529 4730
2530 2553
2530 2611
2530 2887
2530 2984
2530 3630
2530 4119
2531 3737
2531 3964
2531 4115
2531 4410
2532 2581
2532 2637
2532 3105
2532 3184
2532 3302
2532 3608
2532 4096
2532 4654
2532 4776
2533 2535
2533 2648
2533 3687
2533 3768
2533 3977
2533 4187
2533 4189
2533 4194
2533 4759
2534 2612
2534 3265
2534 3478
2534 3688
2534 4126
2534 4357
2534 4381
2534 4991
2535 2766
2535 3089
2535 3110
2535 3906
2535 3987
2535 4584
2535 4590
2535 4699
2536 2561
2536 2924
2536 3289
2536 3297
2536 3451
2536 3598
2536 3936
2536 4066
2536 4394
2536 4397
2536 4540
2536 4900
2536 4975
2537 2538
2537 2541
2537 2598
2537 2733
2537 2851
2537 2941
2537 3054
2537 3069
2537 3152
2537 3268
2537 4062
2537 4179
2537 4330
2537 4399
2537 4693
2537 4870
2538 2659
2538 3465
2538 4548
2538 4764
2539 3309
2539 3447
2539 4046
2539 4186
2539 4707
2539 4921
2539 4942
2540 2791
2540 2919
2540 3344
2540 3346
2540 3531
2540 3771
2540 3951
2540 4248
2540 4486
2540 4537
2541 2739
2541 2927
2541 2931
2541 3224
2541 3563
2541 3797
2541 4032
2541 4414
2542 3372
2542 3445
2542 3466
2542 3580
2542 3664
2542 3780
2542 4196
2542 4591
2542 4882
2543 3848
2543 4083
2543 4254
2543 4396
2543 4749
2543 4794
2543 4982
2544 3218
2544 3337
2544 3619
2544 3959
2544 4035
2544 4071
2544 4318
2544 4506
2544 4700
2545 2657
2545 2906
2545 3107
2545 3127
2545 3193
2545 3247
2545 3686
2545 3771
2545 4218
2546 3345
2546 3429
2546 3817
2547 2577
2547 2824
2547 3371
2547 3608
2547 3686
2547 4043
2547 4977
2547 4984
2548 2675
2548 2877
2548 3397
2548 4005
2548 4104
2548 4229
2548 4490
2548 4591
2548 4768
2549 2741
2549 2835
2549 2957
2549 3594
2549 3612
2549 4512
2549 4593
2549 4654
2549 4676
2550 2624
2550 3223
2550 3369
2550 3823
2550 4175
2550 4987
2551 2740
2551 2952
2551 4422
2551 4464
2551 4527
2551 4720
2551 4743
2552 2709
2552 2751
2552 2809
2552 3037
2552 3229
2552 3351
2552 3891
2552 4604
2552 4623
2553 2947
2553 3275
2553 3557
2553 4612
2553 4707
2553 4756
2553 4851
2554 3099
2554 3137
2554 3562
2554 4396
2554 4896
2555 3283
2555 3867
2555 4234
2555 4947
2556 2620
2556 2936
2556 3830
2556 4454
2557 2737
2557 2845
2557 3189
2557 3307
2557 3599
2557 3838
2557 3998
2557 4087
2557 4108
2557 4850
2558 2764
2558 3076
2558 3539
2558 4287
2558 4366
2558 4507
2559 3286
2559 3670
2559 3742
2560 2865
2560 2995
2560 3429
2560 3902
2560 4170
2560 4240
2560 4303
2560 4374
2560 4390
2560 4511
2560 4545
2560 4592
2560 4800
2560 4821
2560 4969
2561 2611
2561 2751
2561 2805
2561 3260
2561 3438
2561 3716
2561 3719
2561 4024
2561 4513
2561 4697
2562 2741
2562 2933
2562 2953
2562 3298
2562 3458
2562 3522
2562 4149
2563 2905
2563 3054
2563 3092
2563 3531
2563 3637
2563 4887
2563 4965
2564 2981
2564 4101
2564 4263
2564 4456
2564 4755
2565 3317
2565 3597
2565 4369
2565 4530
2565 4560
2566 2623
2566 2756
2566 3845
2566 3899
2566 4505
2566 4976
2567 2919
2567 2989
2567 3006
2567 3228
2567 3347
2567 3896
2567 3938
2567 4092
2567 4260
2568 2798
2568 2940
2568 3382
2568 3604
2568 3870
2568 4167
2569 2769
2569 2806
2569 3148
2569 3673
2569 3941
2569 4418
2569 4571
2569 4616
2569 4827
2570 2664
2570 2763
2570 2827
2570 3340
2570 4235
2570 4248
2570 4327
2571 2589
2571 2609
2571 3077
2571 3453
2571 3489
2572 3889
2572 4253
2572 4614
2572 4977
2573 3101
2573 3150
2573 3280
2573 3548
2573 4606
2573 4793
2574 3263
2574 3727
2574 3963
2574 4146
2574 4409
2574 4425
2574 4438
2574 4491
2574 4501
2574 4546
2574 4672
2575 3016
2575 3017
2575 3140
2575 3360
2575 4016
2575 4103
2575 4199
2575 4409
2575 4532
2576 3025
2576 3109
2576 3223
2576 3514
2576 3697
2576 4253
2576 4536
2576 4677
2577 3147
2577 3342
2577 3842
2578 3320
2578 3772
2578 3796
2579 3169
2579 3620
2579 3833
2579 4319
2579 4770
2579 4897
2580 2767
2580 3047
2580 3121
2580 3175
2580 3339
2580 3713
2580 4252
2580 4343
2580 4375
2580 4641
2580 4693
2580 4764
2580 4912
2581 2833
2581 3426
2581 4774
2581 4875
2582 2672
2582 2976
2582 3379
2582 3872
2582 4390
2582 4675
2583 2909
2583 3175
2583 3260
2583 3866
2583 4226
2584 2963
2584 3385
2584 4127
2584 4383
2584 4518
2584 4773
2584 4886
2584 4902
2585 2893
2585 2908
2585 3005
2585 4390
2586 2952
2586 3075
2586 3140
2586 3421
2586 4275
2586 4521
2586 4624
2587 2777
2587 3322
2587 3534
2587 4089
2587 4905
2588 2656
2588 2662
2588 2675
2588 2920
2588 3150
2588 3220
2588 4299
2588 4951
2588 4957
2589 2593
2589 2608
2589 2763
2589 2931
2589 3041
2589 3091
2589 3211
2589 3588
2589 4626
2590 2799
2590 2991
2590 3186
2590 3229
2590 3466
2590 4176
2590 4755
2591 2882
2591 2889
2591 2895
2591 2928
2591 3042
2591 3901
2591 4045
2591 4757
2591 4959
2592 2739
2592 2796
2592 2928
2592 3336
2592 3475
2592 3960
2592 4371
2592 4392
2593 2750
2593 3191
2593 3726
2593 4218
2593 4490
2593 4797
2594 2812
2594 2855
2594 3346
2594 3806
2594 4620
2594 4650
2594 4704
2594 4820
2595 2702
2595 3245
2595 3258
2595 3384
2595 3405
2595 4220
2595 4564
2595 4814
2596 3202
2596 3512
2596 3794
2596 3989
2596 4933
2597 2687
2597 3259
2597 3414
2597 3953
2597 4255
2597 4430
2597 4442
2597 4500
2598 2859
2598 2860
2598 3277
2598 4774
2598 4777
2599 2669
2599 2742
2599 2760
2599 3388
2599 3563
2600 2708
2600 3901
2600 4287
2600 4312
2601 2707
2601 2785
2601 3029
2601 3195
2601 3806
2601 4056
2601 4406
2601 4423
2601 4600
2602 2631
2603 4042
2603 4197
2603 4676
2603 4865
2604 3258
2604 3647
2604 3855
2604 4220
2604 4256
2604 4318
2604 4348
2605 3368
2605 3679
2605 3718
2605 4369
2605 4887
2605 4918
2606 3061
2606 3440
2606 4437
2606 4744
2606 4828
2607 2724
2607 2840
2607 2909
2607 3416
2607 3965
2607 4088
2607 4400
2607 4545
2607 4620
2608 2876
2608 3436
2608 3647
2608 3696
2608 3848
2608 4148
2608 4246
2608 4647
2609 2687
2609 2858
2609 2982
2609 4435
2610 3319
2610 3655
2610 3673
2610 3882
2611 2842
2611 2854
2611 2983
2611 3287
2611 3619
2611 3625
2611 3874
2611 4911
2612 3023
2612 3563
2612 3639
2613 2764
2613 2934
2613 3148
2613 3698
2613 3702
2613 3709
2613 3867
2613 4590
2613 4606
2613 4637
2613 4872
2614 2768
2614 2941
2614 3640
2614 3866
2614 3990
2614 4374
2614 4558
2615 2832
2615 3270
2615 4157
2615 4713
2616 2761
2616 2833
2616 3492
2616 4226
2616 4909
2616 4999
2617 2795
2617 3160
2617 3186
2617 3333
2617 3411
2617 3478
2617 3543
2617 3545
2617 3841
2617 4443
2617 4799
2617 4846
2618 2744
2618 2984
2618 2989
2618 3459
2618 3724
2618 4035
2619 2934
2619 3451
2619 3515
2619 4701
2620 3088
2620 3617
2620 3750
2620 3819
2620 3938
2620 4060
2620 4063
2620 4492
2621 2862
2621 3263
2621 3274
2621 3615
2621 4228
2621 4303
2621 4636
2621 4714
2621 4847
2622 3100
2622 3361
2622 3507
2622 3734
2622 3839
2622 4043
2622 4428
2623 2702
2623 3224
2623 3971
2623 4117
2623 4517
2623 4988
2624 2688
2624 2691
2624 2738
2624 2784
2624 2902
2624 3253
2624 4198
2624 4655
2624 4717
2624 4751
2625 2685
2625 2793
2625 3092
2625 3158
2625 3266
2625 3377
2625 3388
2625 3650
2625 3862
2625 4201
2625 4342
2625 4818
2626 2628
2626 2783
2626 2902
2626 3081
2626 3143
2626 4526
2627 2669
2627 2868
2627 3435
2627 4143
2627 4344
2628 3053
2628 3397
2628 3432
2628 3929
2628 4088
2628 4513
2628 4859
2628 4969
2629 2782
2629 3594
2629 4376
2629 4528
2629 4704
2629 4737
2629 4810
2629 4916
2630 2786
2630 2804
2630 3346
2630 3400
2630 3519
2630 3620
2630 3638
2630 3799
2630 4192
2630 4334
2630 4544
2630 4875
2631 2670
2631 2921
2631 3474
2631 3698
2631 4129
2631 4363
2631 4654
2631 4696
2632 2889
2632 2979
2632 3867
2632 4038
2632 4312
2632 4589
2633 3027
2633 3324
2633 3327
2633 4721
2633 4970
2634 2784
2634 3075
2634 3319
2634 3695
2634 3796
2634 4109
2634 4563
2634 4961
2634 4977
2635 2665
2635 2705
2635 2942
2635 3238
2635 3331
2635 4432
2635 4593
2636 2785
2636 4414
2636 4422
2636 4443
2637 2981
2637 3140
2637 3444
2637 3506
2637 3529
2637 4196
2638 2796
2638 3347
2638 3502
2638 3860
2638 4177
2638 4423
2638 4454
2638 4715
2638 4810
2639 3411
2639 3686
2639 3963
2639 4063
2639 4400
2639 4517
2639 4723
2639 4903
2640 2666
2640 3845
2640 3983
2640 4117
2641 2818
2641 3227
2641 3497
2641 3659
2641 4134
2641 4162
2641 4330
2641 4754
2642 2667
2642 2935
2642 3206
2642 3521
2642 3912
2642 3918
2642 3936
2642 3983
2642 4508
2643 3021
2643 3101
2643 3143
2643 3689
2643 3748
2643 3873
2643 3983
2643 4018
2643 4019
2643 4301
2643 4720
2643 4747
2643 4958
2644 3018
2644 3183
2644 3346
2644 3513
2644 3538
2644 3937
2644 4379
2644 4981
2645 2805
2645 3218
2645 3888
2645 4115
2646 3626
2646 4869
2646 4996
2647 2925
2647 3063
2647 3241
2647 3258
2647 3294
2647 3828
2647 3991
2647 4031
2647 4861
2648 2685
2648 2892
2648 3112
2648 3141
2648 4462
2648 4504
2648 4673
2648 4756
2648 4813
2649 3016
2649 3095
2649 4003
2649 4277
2649 4364
2649 4403
2649 4407
2649 4620
2649 4833
2650 2756
2650 3332
2650 3711
2650 4579
2650 4621
2650 4628
2651 3006
2651 3075
2651 3636
2651 4114
2651 4373
2651 4410
2651 4495
2651 4815
2652 3521
2652 3899
2652 4596
2652 4606
2653 2775
2653 3373
2653 3601
2653 4179
2654 2926
2654 3234
2654 3306
2654 3442
2654 4399
2655 3080
2655 3283
2655 3462
2655 3896
2655 4188
2655 4823
2655 4887
2655 4895
2656 2944
2656 3680
2656 3786
2656 3867
2656 3968
2656 4044
2656 4505
2656 4548
2656 4747
2657 3219
2657 3252
2657 4017
2657 4094
2658 3388
2658 3413
2658 3626
2658 3843
2658 3907
2658 4180
2658 4463
2658 4581
2658 4619
2658 4760
2658 4825
2658 4835
2659 2685
2659 3118
2659 3747
2659 4271
2659 4319
2660 3175
2660 3507
2660 4444
2660 4812
2661 3083
2661 3557
2661 3683
2661 3853
2661 3897
2661 3906
2661 3968
2661 4088
2661 4898
2661 4976
2662 3271
2662 3518
2662 3847
2662 3910
2662 4155
2663 2961
2663 3296
2663 3462
2663 4093
2663 4161
2663 4176
2664 2873
2664 3034
2664 3056
2664 3741
2664 4017
2664 4772
2665 2884
2665 2887
2665 3751
2665 3779
2665 3818
2665 3976
2665 4118
2665 4265
2665 4339
2666 2843
2666 3291
2666 3341
2666 3565
2666 4295
2666 4427
2666 4525
2666 4538
2666 4929
2667 2668
2667 3255
2667 3490
2667 3577
2667 4801
2668 3411
2668 3724
2668 3739
2668 4492
2668 4992
2669 2975
2669 3259
2669 3415
2669 3452
2669 3665
2670 2771
2670 3176
2670 3314
2670 3328
2670 3734
2670 3883
2670 4420
2670 4599
2670 4741
2670 4886
2670 4935
2671 2694
2671 2761
2671 2892
2671 3161
2671 3926
2671 4102
2671 4564
2671 4752
2671 4793
2671 4857
2671 4945
2672 2771
2672 3065
2672 3268
2672 3956
2672 4392
2672 4452
2672 4524
2673 4191
2673 4860
2673 4994
2674 3033
2674 4176
2674 4280
2674 4298
2674 4585
2675 2979
2675 3053
2675 3079
2675 3199
2675 3354
2675 3396
2675 3842
2675 4203
2675 4319
2675 4711
2675 4809
2676 3086
2676 3159
2676 3819
2676 3827
2676 4205
2676 4435
2677 2841
2677 2842
2677 2992
2677 3178
2677 4017
2677 4611
2677 4817
2678 2683
2678 2887
2678 3463
2678 3679
2678 3721
2678 4916
2678 4957
2679 2729
2679 2907
2679 3268
2679 3813
2679 4906
2680 2792
2680 2857
2680 3752
2680 4021
2680 4335
2681 2697
2681 4016
2681 4269
2681 4354
2681 4640
2681 4655
2681 4884
2682 3031
2682 3288
2682 3808
2682 4327
2682 4458
2682 4574
2682 4750
2682 4752
2683 2752
2683 2928
2683 3112
2683 3613
2683 3959
2683 4176
2683 4181
2683 4233
2683 4526
2684 3762
2684 3797
2684 4442
2684 4758
2685 2767
2685 2938
2685 3020
2685 3245
2685 3688
2685 3938
2685 4508
2686 2710
2686 3035
2686 3093
2686 3438
2686 3719
2686 4287
2686 4956
2687 3027
2687 3818
2687 3887
2687 4165
2687 4368
2687 4750
2688 3139
2688 3450
2689 3352
2689 3394
2689 3545
2689 4642
2689 4902
2690 2776
2690 3731
2690 4277
2690 4747
2690 4767
2691 2955
2691 3745
2691 3806
2691 3825
2691 4026
2691 4245
2691 4611
2691 4670
2691 4699
2692 2914
2692 3282
2692 3828
2692 3957
2692 4114
2692 4215
2692 4318
2692 4779
2692 4853
2692 4886
2693 2799
2693 2812
2693 2974
2693 3342
2693 3415
2693 3988
2693 4049
2693 4352
2694 3043
2694 3095
2694 3153
2694 3180
2694 3184
2694 3232
2694 3311
2694 3391
2694 3404
2694 3574
2694 3621
2694 3739
2694 3927
2694 3969
2694 4379
2694 4725
2695 2768
2695 3012
2695 3062
2695 3532
2695 3574
2695 4454
2695 4504
2695 4683
2695 4765
2696 2840
2696 3385
2696 4365
2696 4393
2696 4815
2696 4824
2697 2921
2697 3417
2697 3902
2697 4246
2697 4936
2697 4996
2698 2941
2698 3089
2698 3292
2698 3382
2698 3834
2698 4156
2698 4241
2699 3025
2699 3296
2699 3941
2699 3960
2699 4094
2699 4388
2699 4673
2699 4944
2700 2774
2700 2811
2700 3067
2700 3277
2700 3288
2700 3539
2700 3572
2700 3915
2700 3973
2700 4351
2700 4849
2701 2909
2701 3605
2701 4106
2701 4149
2701 4281
2701 4461
2701 4512
2702 2897
2702 3166
2702 3454
2702 3894
2702 4710
2703 3091
2703 3536
2703 4049
2703 4771
2703 4951
2704 2708
2704 3013
2704 3302
2704 3597
2704 3704
2704 3710
2704 3844
2704 4131
2704 4466
2705 2740
2705 3204
2705 3337
2705 3766
2705 4340
2705 4568
2705 4614
2706 2785
2706 2922
2706 3027
2706 3126
2706 3318
2706 4052
2706 4863
2707 2759
2707 2820
2707 3078
2707 4057
2707 4969
2708 3209
2708 4130
2708 4736
2709 2751
2709 2772
2709 3119
2709 3818
2709 4443
2709 4740
2710 3285
2710 3354
2710 4967
2711 3057
2711 3620
2711 3992
2711 4080
2711 4143
2711 4423
2711 4867
2711 4995
2712 3025
2712 3377
2712 3404
2712 3480
2712 3484
2712 4001
2712 4412
2712 4665
2713 3067
2713 3940
2713 4177
2713 4762
2714 3540
2714 3730
2714 4222
2714 4394
2714 4651
2714 4764
2714 4831
2714 4958
2715 2824
2715 2957
2715 3366
2715 3475
2715 3521
2715 3623
2715 3684
2715 3846
2715 3926
2715 4246
2715 4315
2715 4389
2715 4710
2716 3942
2716 3967
2716 4622
2716 4825
2716 4859
2716 4897
2717 2720
2717 2950
2717 2971
2717 3085
2717 3511
2717 3946
2717 3995
2717 4191
2717 4274
2717 4540
2718 3056
2718 4232
2718 4733
2719 3159
2719 3278
2719 3530
2719 3814
2719 4503
2719 4743
2720 2791
2720 2891
2720 3222
2720 3377
2720 3603
2720 4033
2720 4086
2720 4667
2720 4877
2721 3379
2721 3864
2721 4134
2721 4457
2722 3005
2722 3167
2722 3277
2722 3627
2722 3863
2722 4320
2722 4424
2723 2854
2723 3111
2723 3251
2723 3271
2723 3498
2723 3968
2723 4337
2723 4786
2724 3253
2724 3325
2724 3450
2724 3528
2724 3732
2724 3773
2724 4057
2724 4133
2724 4219
2724 4605
2724 4795
2725 2918
2725 3477
2725 3532
2725 3725
2725 3867
2725 4129
2725 4611
2726 3435
2726 3711
2726 3796
2726 4116
2726 4297
2726 4673
2726 4856
2726 4922
2727 3662
2727 3746
2727 3795
2727 4234
2727 4397
2727 4398
2727 4540
2727 4641
2728 2839
2728 3177
2728 3875
2729 2752
2729 3232
2729 3730
2729 3792
2729 4207
2729 4855
2730 2740
2730 3151
2730 3876
2730 4041
2730 4315
2730 4554
2730 4955
2731 3109
2731 3513
2731 3540
2731 4332
2731 4393
2731 4921
2732 2956
2732 3039
2732 3134
2732 3403
2732 3431
2732 4797
2733 3027
2733 3663
2733 3868
2733 3971
2733 4389
2733 4544
2733 4670
2733 4847
2734 2799
2734 2825
2734 3273
2734 3859
2734 4962
2735 2880
2735 2979
2735 3006
2735 3107
2735 3379
2735 3987
2735 4124
2735 4213
2735 4226
2735 4239
2735 4346
2735 4400
2735 4487
2736 2930
2736 2962
2736 2971
2736 3353
2736 3529
2736 3676
2736 3778
2736 4103
2736 4378
2736 4459
2737 3127
2737 3177
2737 3393
2737 3583
2737 3659
2737 4482
2737 4689
2738 2965
2738 3194
2738 3327
2738 3454
2738 4128
2738 4340
2738 4688
2738 4818
2739 2970
2739 3021
2739 3157
2739 3575
2739 4219
2739 4227
2740 2981
2740 3005
2740 3081
2740 3109
2740 3453
2740 3518
2740 3620
2740 3707
2740 3828
2740 3908
2740 3963
2741 2904
2741 3570
2741 4039
2741 4066
2741 4305
2741 4707
2742 3306
2742 3359
2742 3505
2742 3718
2742 3951
2742 3956
2743 2875
2743 3692
2743 3946
2743 4150
2743 4323
2743 4339
2743 4827
2744 2945
2744 2976
2744 2977
2744 3726
2744 4543
2744 4590
2744 4642
2744 4943
2745 3068
2745 3264
2745 3571
2745 4131
2745 4167
2745 4171
2745 4598
2745 4740
2746 3670
2746 3682
2746 4040
2746 4050
2746 4359
2746 4420
2746 4807
2747 2776
2747 2815
2747 2866
2747 3034
2747 3177
2747 3279
2747 3937
2748 3301
2748 3423
2748 3652
2748 3670
2748 3702
2748 3732
2748 3825
2748 3967
2748 4980
2749 2903
2749 3158
2749 3296
2749 3395
2749 3645
2749 3678
2749 3820
2749 3909
2749 4270
2749 4648
2749 4674
2750 2837
2750 2869
2750 2889
2750 4336
2750 4505
2750 4694
2750 4741
2750 4820
2751 3171
2751 3218
2751 3325
2751 3970
2751 4301
2751 4442
2751 4710
2752 3462
2752 3520
2752 3902
2752 4123
2752 4221
2752 4230
2752 4417
2752 4487
2752 4877
2752 4922
2752 4929
2753 2949
2753 3458
2753 3498
2753 3519
2753 3741
2753 3771
2753 3866
2753 3981
2753 4037
2753 4132
2753 4178
2753 4466
2753 4467
2753 4545
2753 4697
2753 4925
2754 3082
2754 3559
2754 3976
2754 4067
2754 4192
2754 4286
2754 4589
2754 4658
2754 4954
2755 3585
2755 3624
2755 4064
2755 4350
2756 3090
2756 3642
2756 3655
2756 3845
2756 4385
2756 4788
2757 3062
2757 3096
2757 3574
2757 3680
2757 3808
2757 3811
2757 3868
2757 4070
2757 4080
2757 4111
2757 4481
2757 4702
2758 2853
2758 3096
2758 3157
2758 3424
2758 3579
2758 3653
2758 3737
2758 4128
2758 4176
2758 4546
2758 4741
2758 4898
2759 3389
2759 3650
2759 3976
2759 4698
2759 4855
2760 2938
2760 4200
2760 4446
2760 4904
2761 3113
2761 3142
2761 3645
2761 3682
2761 4842
2762 3396
2762 3436
2762 3551
2762 3904
2762 4083
2762 4096
2762 4684
2762 4813
2762 4938
2763 3728
2763 3796
2763 4103
2763 4363
2763 4583
2764 3069
2764 3798
2764 3958
2764 4457
2765 2890
2765 3131
2765 3272
2765 3346
2765 3412
2765 3529
2765 3692
2765 4631
2765 4693
2765 4914
2766 3159
2766 3247
2766 3551
2766 3751
2767 2806
2767 2894
2767 3147
2767 3166
2767 3204
2767 3651
2767 4057
2767 4370
2767 4661
2767 4680
2768 2846
2768 3482
2768 3496
2768 3916
2768 4051
2768 4334
2768 4404
2769 3726
2769 4392
2769 4569
2769 4585
2770 3033
2770 3794
2770 4029
2770 4221
2770 4352
2771 3235
2771 4433
2771 4614
2771 4796
2772 3015
2772 3798
2772 3930
2772 4322
2772 4976
2773 2954
2773 3025
2773 3072
2773 3077
2773 4302
2773 4532
2774 2778
2774 2850
2774 3433
2774 3880
2774 4136
2774 4313
2774 4797
2774 4974
2775 2888
2775 2977
2775 3078
2775 3160
2775 3208
2775 3246
2775 3789
2775 4468
2775 4536
2775 4671
2775 4697
2775 4742
2775 4786
2775 4993
2776 3432
2776 3618
2776 4264
2776 4648
2776 4716
2776 4841
2777 2789
2777 4193
2777 4841
2777 4859
2777 4895
2778 3095
2778 3397
2778 4034
2778 4126
2778 4251
2778 4493
2779 3105
2779 3151
2779 3235
2779 3688
2779 4570
2779 4685
2779 4993
2780 3005
2780 3093
2780 4511
2780 4805
2781 2926
2781 3351
2781 3723
2781 4145
2781 4689
2781 4763
2781 4782
2781 4997
2782 3050
2782 3598
2782 3604
2782 3617
2782 3918
2782 4371
2782 4697
2782 4999
2783 3442
2783 3490
2783 3883
2783 4031
2783 4168
2783 4746
2784 2833
2784 2996
2784 3351
2784 3998
2784 4157
2784 4295
2784 4375
2784 4376
2784 4607
2785 3276
2785 3365
2785 3949
2785 4025
2785 4237
2785 4442
2785 4508
2785 4531
2785 4649
2785 4828
2785 4961
2785 4965
2786 2850
2786 3104
2786 3342
2786 3884
2786 4194
2786 4437
2786 4460
2787 3365
2787 3669
2787 4036
2787 4367
2787 4904
2788 2935
2788 3269
2788 3361
2788 3382
2788 3569
2788 3902
2788 3927
2788 4675
2789 3386
2789 3586
2789 3669
2789 3695
2789 3826
2789 4021
2789 4833
2789 4839
2789 4936
2790 3133
2790 3574
2790 3681
2790 3740
2790 4312
2790 4827
2791 2876
2791 3272
2791 3932
2792 2836
2792 3931
2792 4521
2793 2873
2793 2998
2793 3021
2793 3378
2793 3486
2793 4723
2793 4838
2794 2928
2794 3165
2794 3353
2794 3364
2794 4225
2794 4331
2794 4471
2794 4747
2794 4903
2794 4973
2795 3314
2795 3441
2795 3935
2795 4629
2796 4308
2796 4878
2796 4974
2797 3038
2797 3202
2797 3952
2797 4034
2797 4137
2798 2935
2798 3151
2798 4048
2798 4144
2798 4162
2798 4500
2798 4656
2799 2999
2799 3490
2799 3493
2799 3801
2799 4208
2799 4933
2799 4939
2799 4990
2800 2909
2800 3293
2800 3555
2800 4977
2801 2894
2801 3349
2801 3357
2801 3656
2801 3754
2801 3856
2801 3924
2801 4524
2801 4902
2802 3392
2802 3476
2802 4226
2802 4291
2802 4425
2802 4430
2802 4755
2802 4818
2803 3300
2803 3442
2803 3485
2803 3787
2803 3793
2803 4245
2803 4260
2803 4460
2803 4556
2803 4950
2804 2884
2804 3358
2804 3417
2804 3613
2804 3616
2804 4536
2804 4835
2805 3111
2805 3271
2805 3322
2805 3326
2805 3350
2805 3424
2805 3549
2805 3613
2805 3692
2805 4159
2805 4297
2805 4451
2805 4565
2806 2815
2806 2849
2806 4316
2806 4735
2807 3087
2807 3522
2807 3723
2807 3755
2807 3797
2807 4223
2807 4705
2807 4819
2807 4876
2807 4998
2808 3232
2808 3571
2808 3796
2808 4265
2808 4553
2808 4768
2808 4833
2808 4921
2809 3668
2809 3704
2809 3805
2809 3877
2809 4077
2809 4776
2810 2889
2810 3220
2810 3492
2810 3691
2810 4513
2810 4571
2810 4644
2810 4801
2810 4964
2811 2872
2811 2917
2811 3081
2811 3096
2811 3235
2811 3288
2811 3518
2811 3539
2811 3554
2812 2914
2812 3564
2812 3818
2812 4718
2813 2825
2813 3031
2813 3204
2813 3645
2813 4004
2814 2921
2814 3345
2814 3501
2814 3695
2814 3724
2814 3752
2814 3930
2814 4049
2814 4356
2814 4448
2815 3107
2815 3416
2815 3689
2815 3820
2815 4292
2815 4461
2815 4995
2816 3440
2816 3487
2816 4629
2816 4710
2816 4860
2816 4931
2817 2927
2817 3092
2817 3256
2817 4100
2817 4168
2817 4474
2817 4720
2817 4813
2817 4877
2817 4922
2817 4985
2818 3459
2818 3743
2818 3902
2818 3963
2818 4268
2818 4566
2818 4699
2819 2831
2819 3482
2819 3593
2819 3685
2819 3779
2819 4299
2820 2932
2820 3355
2820 3487
2820 3504
2820 4030
2820 4598
2820 4865
2821 3116
2821 3407
2821 3540
2821 3756
2821 3879
2821 4092
2821 4325
2821 4568
2822 3142
2822 3154
2822 3505
2822 3683
2822 4203
2822 4391
2822 4536
2823 2870
2823 3049
2823 4081
2823 4243
2823 4456
2823 4759
2823 4869
2823 4878
2824 3067
2824 3185
2824 3223
2824 3611
2824 3675
2824 4873
2824 4965
2825 2850
2825 2953
2825 3137
2825 3189
2825 3226
2825 3539
2825 3601
2825 3685
2825 4008
2825 4386
2825 4544
2826 2935
2826 3190
2826 3513
2826 3602
2826 3840
2826 4219
2826 4552
2827 2912
2827 3170
2827 4812
2828 3586
2828 4438
2828 4603
2828 4650
2828 4928
2829 2876
2829 3125
2829 3319
2829 3623
2829 3641
2829 4438
2830 3117
2830 3315
2830 3820
2830 4025
2830 4338
2830 4452
2830 4642
2830 4772
2831 3024
2831 3211
2831 3343
2831 4014
2831 4331
2831 4370
2831 4444
2831 4467
2831 4602
2831 4675
2831 4731
2832 3281
2832 3299
2832 3448
2832 3662
2832 3680
2832 3688
2832 3706
2832 3905
2832 4060
2832 4170
2832 4405
2832 4590
2832 4676
2832 4857
2832 4939
2832 4992
2833 2852
2833 3095
2833 3315
2833 3323
2833 3768
2833 3771
2833 3789
2833 4114
2833 4856
2833 4881
2834 3000
2834 3738
2834 3808
2834 4392
2835 2851
2835 3136
2835 3203
2835 3345
2835 3512
2835 3537
2835 4285
2835 4462
2836 4321
2836 4356
2836 4722
2836 4724
2836 4921
2837 3011
2837 3224
2837 3558
2837 3583
2837 3785
2837 4018
2837 4055
2837 4133
2837 4221
2837 4473
2837 4536
2837 4667
2837 4975
2838 3345
2838 3438
2838 3570
2838 4079
2838 4127
2838 4213
2838 4435
2838 4557
2838 4775
2839 2889
2839 3421
2839 3506
2839 3887
2839 3899
2839 4517
2839 4754
2839 4823
2839 4880
2839 4934
2840 3794
2840 4413
2840 4673
2841 3510
2841 3582
2841 3725
2841 4336
2841 4345
2842 2877
2842 3246
2842 3870
2842 4578
2842 4860
2843 3329
2843 3403
2843 4007
2843 4262
2843 4441
2843 4738
2843 4895
2844 3097
2844 3168
2844 3437
2844 3440
2844 4150
2844 4655
2844 4979
2845 2948
2845 3560
2845 3898
2845 4114
2845 4620
2846 3478
2846 3917
2846 3978
2847 2991
2847 3593
2847 4290
2847 4878
2847 4955
2848 2930
2848 3295
2848 3354
2848 3429
2848 4943
2849 3134
2849 4261
2849 4440
2849 4485
2849 4790
2850 3615
2850 3884
2850 4404
2850 4625
2850 4938
2851 3102
2851 3150
2851 3570
2851 3695
2851 4426
2851 4734
2851 4947
2852 2856
2852 2935
2852 3144
2852 3145
2852 3232
2852 3350
2852 3496
2852 3661
2852 3806
2852 3841
2852 4709
2853 2859
2853 3770
2853 4029
2853 4463
2853 4911
2853 4931
2853 4980
2853 4981
2854 3095
2854 3263
2854 3667
2854 3849
2854 4526
2854 4963
2855 2977
2855 2981
2855 3189
2855 3290
2855 3463
2855 3528
2855 3694
2855 3783
2855 4023
2855 4031
2855 4085
2855 4118
2855 4253
2855 4675
2855 4770
2855 4896
2856 3291
2856 3414
2857 3057
2857 3691
2857 4627
2858 2875
2858 3049
2858 4459
2858 4884
2859 2925
2859 3787
2860 3235
2860 3342
2860 3765
2860 4200
2860 4202
2860 4306
2860 4338
2860 4372
2860 4389
2860 4550
2861 2935
2861 3536
2861 3607
2861 4095
2861 4112
2861 4875
2862 3014
2862 3745
2862 3775
2862 3939
2862 4047
2862 4068
2862 4302
2862 4586
2862 4718
2862 4969
2863 2942
2863 3170
2863 3437
2864 3294
2864 3428
2864 3518
2864 3617
2864 4029
2864 4353
2865 3124
2865 3356
2865 3681
2865 3809
2865 4221
2865 4753
2866 3140
2866 3825
2866 3997
2866 4032
2866 4321
2866 4621
2866 4745
2867 3045
2867 3142
2867 3147
2867 3224
2867 3337
2867 3626
2867 3836
2868 2925
2868 3899
2868 3934
2869 3367
2869 3487
2869 3888
2869 4339
2870 3264
2870 3594
2870 3768
2870 4051
2870 4103
2870 4924
2871 3560
2871 3792
2871 4029
2871 4263
2871 4790
2871 4893
2872 3676
2872 3876
2872 4716
2872 4766
2872 4814
2873 2921
2873 3154
2873 3477
2873 3830
2873 4058
2873 4163
2873 4171
2873 4423
2873 4431
2873 4438
2873 4802
2873 4905
2874 2973
2874 3508
2874 3719
2874 3921
2874 4045
2874 4479
2874 4555
2874 4682
2875 2916
2875 3497
2875 3907
2875 4168
2875 4273
2875 4468
2875 4811
2876 3673
2876 3679
2876 4046
2876 4189
2876 4632
2876 4858
2877 3086
2877 3550
2877 4903
2877 4940
2878 3232
2878 3388
2878 3408
2878 3527
2879 3066
2879 3360
2879 3673
2879 3890
2879 3918
2879 4579
2879 4873
2880 3005
2880 3270
2880 3497
2880 3839
2880 4608
2880 4893
2881 2941
2881 3366
2881 3691
2881 3710
2881 4012
2881 4476
2881 4506
2881 4521
2882 2936
2882 3005
2882 4013
2882 4873
2883 3555
2883 3737
2883 3775
2883 4143
2883 4646
2883 4707
2883 4924
2884 2909
2884 3406
2884 3691
2884 4109
2884 4196
2885 2982
2885 3407
2885 3743
2885 3933
2885 4293
2885 4656
2885 4723
2886 3145
2886 3446
2887 3075
2887 3245
2887 3485
2887 3640
2887 3668
2887 3736
2887 3818
2887 4719
2887 4911
2888 3337
2888 3347
2888 3372
2888 3785
2888 4287
2888 4432
2888 4714
2888 4773
2889 2904
2889 3087
2889 3254
2889 4036
2889 4268
2889 4492
2889 4724
2890 3544
2890 3886
2890 3963
2890 4001
2890 4219
2890 4417
2890 4480
2890 4513
2890 4547
2890 4644
2890 4858
2891 3050
2891 3462
2891 3469
2891 3889
2891 3960
2891 4295
2891 4707
2891 4935
2892 3631
2892 3842
2892 3973
2892 4246
2892 4269
2892 4371
2893 2930
2893 2984
2893 3322
2893 4090
2893 4136
2893 4327
2893 4374
2893 4642
2893 4971
2894 3042
2894 3074
2894 3148
2894 3727
2894 3793
2894 3879
2894 3924
2894 4264
2894 4374
2894 4947
2895 3279
2895 4217
2895 4494
2895 4743
2896 3255
2896 4047
2896 4247
2896 4622
2897 3036
2897 3104
2897 3299
2897 3316
2897 3805
2897 4775
2898 3163
2898 3240
2898 4020
2898 4523
2898 4774
2898 4800
2899 3011
2899 3081
2899 3235
2899 3656
2899 3658
2899 3819
2899 4113
2899 4258
2899 4803
2899 4914
2899 4955
2900 2917
2900 4214
2900 4465
2901 2906
2901 3061
2901 3127
2901 3130
2901 3406
2901 3433
2901 3612
2901 3694
2901 3865
2901 3877
2901 4017
2901 4171
2901 4525
2901 4560
2901 4828
2901 4906
2902 3175
2902 3900
2902 3940
2902 4379
2902 4987
2902 4991
2903 2965
2903 2984
2903 4065
2903 4179
2903 4215
2903 4356
2903 4768
2904 3007
2904 3448
2904 3526
2904 3709
2904 3765
2904 3853
2904 3941
2904 4683
2905 3474
2905 3941
2905 4319
2905 4742
2906 2969
2906 3225
2906 3226
2906 3976
2906 4179
2906 4689
2906 4775
2906 4796
2906 4820
2906 4943
2906 4963
2907 4421
2907 4913
2908 3473
2908 4040
2908 4106
2908 4466
2908 4612
2908 4935
2909 3144
2909 3169
2909 3380
2909 3386
2910 2965
2910 3623
2910 3759
2910 4459
2910 4723
2911 2956
2911 3071
2911 4613
2911 4618
2911 4671
2911 4927
2912 2979
2912 3213
2912 3217
2912 3589
2912 4110
2912 4112
2912 4460
2912 4557
2912 4583
2912 4719
2912 4974
2913 3022
2913 3398
2913 3796
2913 3856
2913 4294
2913 4498
2914 2978
2914 3945
2914 4457
2914 4568
2914 4584
2914 4804
2915 2919
2915 3040
2915 3644
2915 3929
2915 4311
2915 4372
2915 4480
2915 4788
2915 4844
2916 3018
2916 3033
2916 3091
2916 3659
2916 3781
2916 4047
2916 4556
2917 3018
2917 3465
2917 3895
2917 4954
2919 3329
2919 3429
2920 3291
2920 3293
2920 3493
2920 4166
2920 4276
2920 4980
2921 3085
2921 3179
2921 3591
2921 4614
2922 3276
2922 3328
2922 3431
2922 3444
2922 3472
2922 3548
2922 3850
2922 4285
2922 4325
2923 3653
2923 3824
2923 3997
2923 4280
2923 4607
2923 4651
2923 4727
2923 4907
2924 3289
2924 3477
2924 3584
2924 3957
2924 4012
2924 4434
2924 4803
2924 4857
2924 4987
2925 3240
2925 3495
2925 3579
2925 3756
2925 3790
2925 3795
2925 3976
2925 4917
2926 3737
2926 3840
2926 3996
2926 4146
2926 4602
2926 4747
2926 4889
2926 4932
2927 3022
2927 3179
2927 3886
2927 3937
2927 4544
2927 4898
2927 4915
2927 4955
2927 4958
2928 3228
2928 3518
2928 3768
2928 3838
2928 4496
2928 4733
2929 2943
2929 3395
2929 3514
2929 3777
2929 3831
2929 3900
2929 4270
2929 4682
2929 4848
2930 2944
2930 3801
2931 3544
2931 4166
2932 2957
2932 3221
2932 3348
2932 3390
2932 3446
2932 3740
2932 4284
2932 4344
2932 4689
2932 4757
2932 4839
2932 4861
2933 3304
2933 3360
2933 3764
2933 4071
2933 4593
2933 4771
2933 4816
2934 3007
2934 3243
2934 3251
2934 3536
2934 3904
2934 3913
2934 4326
2934 4552
2934 4847
2935 3346
2935 4006
2935 4289
2935 4461
2936 3119
2936 3703
2936 3728
2936 3851
2936 3908
2936 4250
2936 4760
2936 4773
2936 4930
2937 2995
2937 3495
2937 3580
2937 3702
2937 4034
2937 4563
2937 4682
2938 3212
2938 3294
2938 3865
2938 4292
2938 4489
2938 4611
2938 4781
2938 4850
2939 3485
2939 3879
2939 3960
2939 4221
2939 4350
2939 4499
2939 4743
2939 4930
2940 3285
2940 3407
2940 3884
2940 4263
2940 4296
2940 4476
2940 4553
2941 3561
2941 4273
2942 3373
2942 3430
2942 3841
2942 4529
2942 4531
2942 4578
2942 4887
2943 3442
2943 3725
2943 4183
2943 4211
2944 3161
2944 4034
2944 4077
2944 4317
2944 4969
2945 3535
2945 3932
2945 3972
2945 4634
2945 4740
2945 4953
2945 4981
2946 2958
2946 3061
2946 3603
2946 3620
2946 3886
2946 3952
2946 3980
2946 4012
2946 4031
2946 4901
2947 2969
2947 2989
2947 3068
2947 3415
2947 3617
2947 3738
2947 4190
2947 4391
2948 3101
2948 3219
2948 3231
2948 3912
2948 4146
2948 4543
2948 4847
2948 4858
2949 3454
2949 3615
2949 4935
2949 4982
2950 2973
2950 3027
2950 3447
2950 3939
2950 3978
2950 4035
2950 4038
2950 4162
2950 4297
2950 4649
2951 3046
2951 3347
2951 3740
2951 3765
2952 3019
2952 3099
2952 3487
2952 3617
2952 3900
2952 4234
2952 4248
2952 4284
2952 4514
2952 4636
2952 4816
2952 4893
2952 4928
2953 3054
2953 3056
2953 3239
2953 3441
2953 3473
2953 3791
2953 4047
2953 4272
2953 4341
2953 4553
2953 4851
2954 3099
2954 3116
2954 3348
2954 3351
2954 3951
2954 3981
2954 4709
2955 3012
2955 3023
2955 3076
2955 3978
2956 3061
2956 3443
2956 3457
2956 3841
2956 4101
2956 4624
2957 3133
2957 3513
2957 3770
2957 3893
2958 2965
2958 3445
2958 3633
2958 4075
2958 4674
2958 4677
2958 4757
2959 3164
2959 3744
2959 3854
2959 4053
2959 4142
2959 4524
2959 4893
2960 3885
2960 4792
2960 4903
2961 2985
2961 3075
2961 3134
2961 3271
2961 3441
2961 3533
2961 3863
2961 3905
2961 4012
2961 4050
2961 4160
2961 4318
2961 4896
2962 3534
2962 3618
2962 3907
2962 3976
2962 4151
2962 4384
2962 4508
2962 4522
2962 4606
2963 4024
2963 4327
2963 4475
2963 4522
2963 4613
2963 4930
2964 3222
2964 3282
2964 3383
2964 4048
2964 4090
2964 4294
2964 4654
2965 3035
2965 3154
2965 3655
2965 3875
2965 3961
2965 4152
2965 4421
2966 3161
2966 3252
2966 3359
2966 3382
2966 3704
2966 4008
2966 4961
2967 3002
2967 3358
2967 3875
2967 3923
2967 4018
2968 3400
2968 3538
2968 4225
2968 4386
2969 3732
2969 3935
2969 4744
2969 4835
2970 3248
2970 3704
2970 4991
2971 3217
2971 3382
2971 3453
2971 3487
2971 3650
2971 3693
2971 4075
2972 3382
2972 3935
2972 4048
2972 4067
2973 3022
2973 3705
2973 4072
2973 4406
2974 3565
2974 3639
2974 4257
2974 4406
2974 4804
2974 4975
2975 3036
2975 3050
2975 3217
2975 4020
2975 4094
2975 4362
2975 4747
2975 4826
2976 3024
2976 3069
2976 3099
2976 3516
2976 3549
2976 3970
2976 4975
2977 3103
2977 3539
2977 4172
2977 4232
2977 4270
2977 4295
2977 4715
2978 3105
2978 3550
2978 3963
2978 4164
2979 3112
2979 3328
2979 3435
2979 3448
2979 3850
2979 3947
2979 4098
2979 4415
2979 4628
2980 3133
2980 3395
2980 3906
2980 4247
2980 4514
2980 4556
2980 4940
2981 2992
2981 3282
2981 3364
2981 3489
2981 4125
2981 4292
2981 4616
2982 3037
2982 3678
2982 3808
2982 3839
2982 3869
2982 4017
2982 4096
2982 4112
2983 3092
2983 3232
2983 3383
2983 3574
2983 3882
2983 4343
2983 4962
2984 3248
2984 3346
2984 3461
2984 3802
2984 3842
2984 3954
2984 3967
2984 4335
2984 4642
2984 4876
2985 3346
2985 3458
2985 3737
2985 3885
2985 4347
2985 4884
2985 4977
2986 3669
2986 4233
2986 4234
2987 3157
2987 3467
2987 3510
2987 4304
2987 4469
2987 4882
2987 4927
2988 4272
2988 4560
2989 3261
2989 3398
2989 3754
2989 4048
2989 4622
2989 4723
2989 4737
2990 3313
2990 3491
2990 3726
2990 3877
2990 3886
2990 4778
2990 4836
2991 3175
2991 3637
2991 4272
2992 3997
2992 4091
2992 4270
2992 4359
2992 4460
2992 4495
2993 3750
2993 3798
2993 3875
2993 4433
2994 3530
2994 3654
2994 4733
2994 4734
2994 4788
2995 3034
2995 3573
2995 3733
2995 3937
2995 4248
2995 4262
2995 4325
2995 4404
2995 4788
2996 3827
2996 4011
2996 4168
2996 4260
2996 4653
2996 4745
2996 4768
2996 4782
2998 3334
2998 3429
2998 3570
2998 3675
2998 4131
2998 4174
2998 4311
2998 4765
2999 3078
2999 3231
2999 3921
2999 4607
3000 3242
3000 3255
3000 3503
3000 3602
3000 4689
3001 3489
3001 3514
3001 3518
3001 3704
3001 3996
3001 4236
3001 4285
3001 4289
3001 4329
3001 4364
3001 4505
3001 4699
3001 4706
3001 4847
3002 3460
3002 3607
3002 3727
3002 3937
3002 4222
3002 4306
3002 4890
3003 3207
3003 3676
3003 4100
3003 4115
3003 4216
3003 4437
3003 4840
3003 4858
3004 3454
3004 4024
3004 4113
3004 4195
3004 4298
3004 4340
3004 4399
3004 4939
3004 4971
3004 4992
3005 3159
3005 3404
3005 3569
3005 3693
3005 3829
3005 3971
3005 3988
3005 4216
3005 4737
3006 3015
3006 3057
3006 3893
3006 4119
3006 4490
3007 3190
3007 3929
3007 4051
3007 4161
3007 4951
3008 3047
3008 3844
3008 4095
3008 4226
3009 3154
3009 3878
3009 4254
3009 4548
3009 4667
3009 4735
3010 3042
3010 3080
3010 3220
3010 3336
3010 3399
3010 3676
3010 3710
3010 3781
3010 3889
3011 3084
3011 3151
3011 3586
3011 3683
3011 4135
3011 4208
3011 4374
3011 4396
3011 4431
3012 4198
3012 4493
3013 3021
3013 3471
3013 3547
3013 4073
3013 4523
3013 4617
3013 4988
3014 3376
3014 3428
3014 4167
3014 4506
3014 4517
3014 4779
3015 3031
3015 3586
3015 3709
3015 4080
3015 4444
3016 3035
3016 3343
3016 3347
3016 3372
3016 3718
3016 3893
3017 3031
3017 4420
3017 4468
3018 3506
3018 3955
3018 4014
3018 4104
3018 4556
3018 4562
3018 4580
3019 4053
3019 4353
3019 4446
3020 3274
3020 4233
3020 4332
3020 4664
3021 3230
3021 3474
3021 3803
3021 4445
3021 4509
3021 4763
3021 4893
3021 4983
3022 3043
3022 3305
3022 3650
3022 4033
3022 4535
3022 4574
3022 4883
3022 4936
3023 3087
3023 3386
3023 3619
3023 3716
3023 3916
3023 4099
3023 4182
3023 4229
3023 4989
3023 4998
3024 3080
3024 3837
3024 3877
3024 4181
3024 4880
3025 4387
3025 4598
3026 3582
3026 3699
3026 4058
3026 4249
3026 4411
3026 4498
3026 4796
3026 4854
3027 3097
3027 3438
3027 4277
3028 3081
3028 3679
3028 3880
3028 4310
3028 4921
3029 3630
3029 4288
3029 4601
3029 4826
3029 4878
3030 3245
3030 3350
3030 3438
3030 3557
3030 3601
3030 3773
3031 3038
3031 3150
3031 3535
3031 3865
3031 4634
3031 4671
3031 4826
3031 4934
3032 3375
3032 3722
3032 4088
3032 4207
3032 4502
3032 4565
3033 3132
3033 3215
3033 3333
3033 3458
3033 3985
3033 4683
3034 3586
3034 3842
3034 4174
3034 4185
3034 4258
3034 4404
3034 4723
3034 4797
3035 3078
3035 3159
3035 3362
3035 3472
3035 3745
3035 4225
3035 4296
3035 4546
3035 4619
3036 3095
3036 3984
3036 4273
3037 3054
3037 3172
3037 3273
3037 3787
3037 3820
3037 3872
3037 4511
3037 4642
3037 4837
3037 4892
3038 3110
3038 3780
3038 4011
3038 4045
3038 4447
3039 3060
3039 3324
3039 3679
3039 3733
3039 4057
3039 4334
3039 4686
3039 4771
3040 3071
3040 3922
3040 4507
3040 4557
3040 4675
3040 4971
3041 3803
3041 3816
3041 3849
3041 4051
3042 3105
3042 3149
3042 3384
3042 3874
3042 3924
3042 4187
3042 4278
3042 4910
3043 3166
3043 3221
3043 3754
3043 4061
3043 4242
3044 3304
3044 3491
3044 3684
3044 4103
3044 4174
3044 4295
3044 4790
3045 3577
3045 4340
3045 4486
3045 4511
3045 4772
3046 4389
3046 4933
3046 4964
3047 4054
3047 4105
3047 4122
3047 4688
3047 4708
3047 4867
3047 4911
3048 3094
3048 3210
3048 3371
3048 3489
3048 3544
3048 4456
3048 4470
3049 3280
3049 4975
3050 3058
3050 3120
3050 3178
3050 3687
3050 4041
3050 4323
3050 4696
3051 3693
3051 3752
3051 3761
3051 3857
3051 3882
3051 4512
3051 4539
3051 4710
3051 4742
3052 3707
3052 3893
3052 3920
3052 4047
3052 4409
3052 4583
3052 4906
3053 3196
3053 3381
3053 3910
3053 4188
3053 4366
3054 3167
3054 3250
3054 3600
3054 3676
3054 3678
3054 4306
3054 4396
3054 4510
3054 4743
3055 3249
3055 3289
3055 3366
3055 4067
3055 4167
3055 4178
3055 4953
3056 3352
3056 4062
3056 4079
3056 4184
3056 4614
3056 4638
3056 4796
3056 4950
3057 3268
3057 3642
3057 4210
3057 4720
3058 3094
3058 3159
3058 3460
3058 3656
3058 3956
3058 3999
3058 4271
3058 4742
3059 3262
3059 3520
3059 3723
3059 4640
3059 4859
3059 4918
3060 3395
3060 3538
3060 3684
3060 4014
3060 4403
3061 3599
3061 3764
3061 3818
3061 3830
3061 4504
3061 4723
3062 3287
3062 4181
3062 4277
3062 4289
3062 4392
3063 3274
3063 3444
3063 3570
3063 3770
3063 3792
3063 4387
3063 4839
3064 3902
3064 4259
3064 4269
3064 4767
3064 4782
3064 4916
3064 4982
3065 3544
3065 4052
3065 4268
3066 3337
3066 3406
3066 3438
3066 4207
3066 4797
3066 4854
3066 4880
3067 3978
3067 4434
3067 4937
3068 3090
3068 3460
3068 3494
3068 3748
3068 4443
3068 4521
3068 4573
3068 4945
3069 3558
3069 3630
3069 4091
3069 4313
3069 4405
3069 4413
3069 4613
3069 4781
3070 3094
3070 3105
3070 3468
3070 3613
3070 3620
3070 3963
3070 4174
3071 3188
3071 3350
3071 3420
3071 3549
3071 3980
3071 3996
3071 4003
3071 4056
3071 4626
3071 4742
3072 3548
3072 3757
3072 3823
3072 4036
3072 4116
3072 4814
3073 3835
3073 4198
3073 4618
3073 4892
3074 3354
3074 3771
3074 3847
3074 4509
3074 4608
3074 4816
3075 3633
3075 4054
3075 4424
3075 4669
3075 4675
3076 3197
3076 3483
3076 4450
3076 4697
3076 4865
3077 3128
3077 4020
3077 4240
3077 4584
3077 4999
3078 3330
3078 3493
3078 3498
3078 3730
3078 4302
3078 4321
3078 4389
3078 4394
3079 3421
3079 3437
3079 3796
3079 3875
3079 4070
3079 4711
3079 4781
3080 3162
3080 3467
3080 3667
3080 3788
3080 3800
3080 4117
3080 4417
3080 4563
3080 4755
3080 4799
3080 4909
3081 4065
3081 4080
3081 4523
3081 4940
3082 3253
3082 3341
3082 3795
3082 4149
3082 4827
3083 3172
3083 3268
3083 3742
3083 4400
3084 3481
3084 3680
3084 3807
3084 3854
3084 3910
3084 4012
3084 4489
3084 4519
3084 4865
3084 4951
3085 3551
3085 3561
3085 3599
3085 3820
3085 3926
3085 4168
3085 4243
3085 4328
3085 4750
3085 4875
3086 3281
3086 3569
3086 4064
3086 4992
3087 3440
3087 3712
3087 3716
3087 4446
3087 4794
3088 3372
3088 3471
3088 3651
3088 3794
3088 4177
3088 4234
3088 4383
3089 3506
3089 4157
3089 4352
3089 4513
3089 4771
3090 3622
3090 3888
3090 4037
3090 4894
3090 4917
3090 4940
3091 3115
3091 3400
3091 4035
3091 4120
3091 4282
3091 4309
3091 4362
3091 4373
3091 4404
3091 4901
3092 3667
3092 3955
3092 3989
3092 4042
3092 4284
3093 3182
3093 3411
3093 3977
3093 4164
3093 4361
3093 4760
3094 3199
3094 3308
3094 3684
3094 3799
3094 4107
3094 4134
3094 4266
3094 4273
3094 4613
3094 4835
3095 3224
3095 3531
3095 3766
3095 4664
3095 4719
3095 4887
3096 3518
3096 3681
3096 3701
3096 4418
3096 4836
3096 4938
3097 3173
3097 3882
3097 4179
3097 4342
3097 4636
3098 3388
3098 3608
3098 3696
3098 3868
3098 4562
3098 4629
3098 4852
3098 4859
3099 3188
3099 3300
3099 3635
3099 3729
3099 4534
3099 4803
3100 3367
3100 3460
3100 3545
3100 4149
3100 4521
3100 4697
3100 4718
3101 3368
3101 3451
3101 4008
3101 4194
3101 4418
3102 3156
3102 3245
3102 3300
3102 3513
3102 3966
3102 4542
3102 4885
3103 3854
3103 4084
3103 4451
3104 3532
3104 3571
3104 3746
3104 4023
3104 4453
3104 4801
3104 4820
3105 3241
3105 3286
3105 3753
3105 3826
3105 4310
3105 4531
3105 4577
3105 4983
3106 3211
3106 3295
3106 4266
3106 4324
3106 4404
3107 3300
3107 3485
3107 3929
3107 4525
3108 3274
3108 3284
3108 3458
3108 3758
3108 3794
3108 3813
3108 3827
3108 4069
3108 4563
3108 4788
3108 4931
3109 3255
3109 3356
3109 4275
3109 4366
3110 3746
3110 4352
3110 4809
3111 3379
3111 3520
3111 3766
3111 4181
3111 4314
3111 4615
3111 4830
3112 3245
3112 3377
3112 3594
3112 4456
3112 4846
3112 4911
3112 4970
3113 3362
3113 3680
3113 3681
3113 4527
3113 4610
3113 4667
3113 4709
3113 4885
3114 3548
3114 3690
3114 3978
3114 4840
3114 4851
3115 3435
3115 3940
3115 4766
3116 3181
3116 3305
3116 4145
3116 4172
3116 4399
3116 4527
3117 3955
3117 4111
3117 4269
3117 4851
3117 4993
3118 3164
3118 3219
3118 3241
3118 3589
3118 3658
3118 4825
3119 3371
3119 3564
3119 4256
3119 4376
3119 4565
3119 4795
3120 3675
3120 3996
3120 4048
3120 4092
3120 4130
3120 4192
3120 4361
3121 3441
3121 3995
3121 4513
3122 3137
3122 3533
3122 3651
3122 4058
3122 4144
3122 4578
3122 4641
3122 4722
3122 4822
3123 3196
3123 3427
3123 3661
3123 3937
3123 4042
3123 4111
3123 4860
3123 4898
3124 3185
3124 3972
3124 4111
3124 4301
3124 4332
3124 4446
3124 4580
3125 3134
3125 3258
3125 3260
3125 3379
3125 3685
3125 3794
3125 3842
3125 4532
3126 3841
3126 4053
3126 4558
3127 3129
3127 3147
3127 3162
3127 3298
3127 3300
3127 3685
3127 4173
3127 4379
3127 4445
3128 3290
3128 3477
3128 3500
3128 3635
3128 3677
3128 3767
3128 3933
3128 4176
3128 4492
3128 4839
3129 3463
3129 3786
3129 4485
3129 4913
3130 3236
3130 3375
3130 3430
3130 3644
3130 3805
3130 4057
3130 4146
3130 4456
3130 4628
3130 4844
3131 3563
3131 3970
3131 4026
3131 4073
3131 4472
3131 4824
3132 3279
3132 3324
3132 3518
3132 3575
3132 3983
3132 4019
3132 4755
3133 3156
3133 3547
3133 3981
3133 4274
3133 4479
3134 3180
3134 3614
3134 3938
3134 4664
3134 4734
3134 4802
3134 4837
3135 3972
3135 4766
3136 3260
3136 3535
3136 3887
3136 4035
3136 4432
3136 4440
3136 4705
3136 4868
3136 4947
3136 4993
3137 3807
3137 4223
3137 4473
3137 4579
3138 3243
3138 3446
3138 3545
3138 3691
3138 3795
3138 4249
3138 4513
3138 4552
3138 4848
3139 3530
3139 3611
3139 4387
3139 4418
3139 4566
3139 4923
3140 3441
3140 3912
3140 4043
3140 4103
3140 4209
3140 4333
3140 4340
3140 4460
3140 4570
3140 4605
3140 4808
3140 4989
3141 3714
3141 3797
3141 4246
3141 4393
3142 3147
3142 3534
3142 3955
3142 4135
3142 4772
3143 3530
3143 3565
3143 3577
3143 4506
3143 4527
3144 3424
3144 3766
3144 3938
3144 4144
3144 4377
3145 3153
3145 3221
3145 3272
3145 3296
3145 3889
3145 3987
3145 4037
3145 4131
3145 4479
3146 3219
3146 3359
3146 3375
3146 3814
3146 4222
3146 4240
3146 4589
3146 4921
3147 3747
3147 4436
3147 4520
3147 4608
3148 4058
3148 4155
3148 4220
3148 4835
3148 4892
3149 3207
3149 3493
3149 3655
3149 3817
3149 4063
3149 4244
3149 4370
3149 4832
3149 4840
3150 3429
3150 3961
3150 4394
3151 3539
3151 4022
3151 4404
3151 4439
3151 4655
3151 4774
3152 3672
3152 4052
3152 4434
3153 3326
3153 3851
3153 4235
3153 4486
3153 4765
3154 3460
3154 4227
3154 4779
3155 3750
3155 3817
3156 4122
3157 3202
3157 3989
3157 4267
3157 4502
3158 3489
3158 3630
3158 3923
3158 4433
3159 3413
3159 3787
3159 3882
3159 4260
3159 4832
3160 3739
3160 3919
3160 4148
3160 4353
3161 3250
3161 3329
3161 3911
3161 4209
3161 4309
3161 4399
3161 4430
3161 4856
3162 3428
3162 3456
3162 3966
3162 4060
3162 4195
3162 4878
3163 3624
3163 3851
3163 3974
3163 4009
3163 4607
3163 4628
3163 4796
3164 3724
3164 3836
3164 3951
3164 4465
3164 4579
3164 4930
3165 3259
3165 3264
3165 3637
3165 3837
3165 3961
3165 4032
3165 4660
3166 4256
3166 4309
3166 4588
3166 4785
3167 3171
3167 3576
3167 3587
3167 3591
3167 4068
3167 4255
3167 4280
3167 4420
3167 4919
3167 4939
3168 3436
3168 3507
3168 3536
3168 3822
3168 4332
3168 4472
3168 4689
3168 4756
3168 4858
3168 4912
3169 4058
3169 4943
3170 3451
3170 3708
3170 4188
3171 3390
3171 3418
3171 3438
3171 3533
3171 3702
3171 3740
3171 4032
3171 4644
3171 4971
3172 3207
3172 3300
3172 3565
3172 3777
3172 3917
3172 4052
3172 4188
3172 4378
3173 3826
3173 4460
3174 3963
3174 4510
3174 4635
3175 4080
3175 4314
3176 3345
3176 3608
3176 3709
3176 4308
3177 3415
3177 3648
3177 3796
3177 4148
3177 4255
3177 4712
3177 4914
3178 3316
3178 3350
3178 3901
3178 3910
3179 3278
3179 3280
3179 3685
3179 3850
3179 4085
3179 4094
3179 4502
3179 4630
3180 4225
3180 4534
3180 4682
3181 3184
3181 3337
3181 3549
3181 3613
3181 3745
3181 3960
3181 4793
3181 4807
3182 3481
3182 4038
3182 4291
3182 4383
3183 3212
3183 4602
3183 4621
3183 4814
3183 4973
3183 4974
3184 3702
3184 3786
3184 4193
3184 4917
3184 4971
3185 3405
3185 3442
3185 3790
3185 4023
3185 4368
3185 4859
3185 4900
3186 3225
3186 4191
3186 4793
3187 3243
3187 3963
3188 3318
3188 4105
3188 4434
3188 4753
3189 3252
3189 3392
3189 3552
3189 3712
3189 3951
3189 4398
3189 4450
3189 4496
3189 4500
3189 4593
3189 4825
3190 3336
3190 3531
3190 3534
3190 3615
3190 3620
3190 3802
3190 4426
3190 4696
3190 4922
3191 3580
3191 3899
3191 4011
3191 4129
3191 4360
3191 4422
3191 4897
3192 3330
3192 3437
3192 3771
3192 3804
3192 3830
3192 3932
3192 4197
3192 4447
3192 4482
3192 4551
3192 4626
3193 3204
3193 3311
3193 3947
3194 3458
3194 3748
3194 4152
3194 4397
3194 4465
3195 3197
3195 3323
3195 3675
3195 3778
3195 3786
3195 3957
3195 4313
3195 4512
3195 4942
3196 3400
3196 3547
3196 3578
3196 4514
3196 4633
3196 4996
3197 3378
3197 4305
3197 4685
3197 4701
3197 4780
3198 3265
3198 3424
3198 3506
3198 3875
3198 3910
3198 4776
3199 3364
3199 4237
3199 4289
3199 4994
3200 3609
3200 3864
3200 4086
3200 4115
3200 4343
3201 3539
3201 3660
3201 3867
3201 4454
3202 4408
3203 3362
3203 4006
3203 4175
3203 4435
3203 4634
3204 3318
3204 3760
3204 3876
3204 3887
3204 4011
3204 4706
3205 3478
3205 3747
3205 3943
3205 4350
3206 3281
3206 3334
3206 3454
3206 3559
3206 3790
3206 4057
3206 4234
3206 4369
3206 4940
3206 4992
3207 3459
3207 3552
3207 4342
3207 4424
3207 4484
3207 4606
3207 4651
3208 3470
3208 3727
3208 3966
3209 3213
3209 3363
3209 3550
3209 3663
3209 4260
3209 4347
3209 4603
3209 4810
3210 3223
3210 3361
3210 3549
3210 3581
3210 3693
3210 3763
3210 3958
3210 4501
3210 4879
3211 3391
3211 3848
3211 3850
3211 4002
3211 4145
3211 4220
3211 4243
3211 4944
3212 3452
3212 3505
3212 3507
3212 3841
3212 4293
3212 4817
3212 4852
3213 4090
3213 4177
3213 4224
3213 4579
3213 4801
3213 4826
3214 3917
3214 4193
3214 4291
3214 4475
3214 4522
3214 4672
3214 4740
3214 4942
3215 3398
3215 3420
3215 3465
3215 3581
3215 3949
3215 4054
3215 4526
3215 4628
3215 4693
3215 4717
3216 3614
3216 3877
3216 4241
3216 4440
3216 4868
3216 4915
3217 3321
3217 3446
3217 3661
3217 3878
3217 4118
3217 4213
3217 4815
3218 3401
3218 3617
3218 3849
3218 3908
3218 4529
3218 4868
3219 3579
3219 3729
3219 3977
3219 4282
3219 4298
3219 4433
3220 3413
3220 3419
3220 3530
3220 3615
3220 3727
3220 3844
3220 4323
3220 4349
3220 4618
3220 4734
3220 4808
3220 4973
3221 4106
3221 4434
3221 4452
3221 4507
3222 3772
3222 3776
3222 4240
3222 4342
3222 4978
3223 4531
3223 4903
3223 4923
3224 3311
3224 3518
3224 3619
3224 3712
3224 3981
3224 3999
3224 4057
3224 4067
3224 4259
3224 4438
3225 3406
3225 3997
3225 4197
3225 4486
3225 4500
3225 4612
3226 3275
3226 3611
3226 3686
3226 3748
3226 3763
3226 3935
3226 4044
3226 4392
3226 4571
3226 4796
3227 3326
3227 3647
3227 3775
3227 3806
3227 3891
3227 3904
3227 3967
3227 4433
3228 3380
3228 3708
3228 3799
3228 4104
3228 4681
3228 4760
3228 4980
3229 3504
3229 4095
3229 4572
3229 4731
3229 4774
3230 3953
3230 4234
3230 4598
3230 4837
3230 4847
3230 4889
3231 3294
3231 3303
3231 3940
3231 4167
3231 4576
3231 4610
3231 4774
3232 3301
3232 3319
3232 3358
3232 3439
3232 3615
3232 3876
3232 4355
3232 4406
3232 4511
3233 3633
3233 3663
3233 3679
3233 3908
3233 4026
3233 4324
3234 3574
3234 3934
3234 4028
3234 4579
3234 4602
3234 4720
3235 3339
3235 3433
3235 4330
3235 4791
3236 3311
3236 3886
3236 3991
3236 4929
3236 4933
3237 3448
3237 3487
3237 3593
3237 4269
3238 3429
3238 4001
3238 4948
3239 3388
3239 3583
3239 3747
3239 4214
3239 4656
3240 3301
3240 3331
3240 4339
3240 4375
3240 4579
3241 3260
3241 4162
3241 4565
3242 4084
3242 4664
3242 4694
3243 4297
3243 4719
3244 3283
3244 3321
3244 3484
3244 3573
3244 3789
3244 3790
3244 4663
3245 3430
3245 3592
3245 4193
3245 4645
3246 3339
3246 3493
3246 3770
3246 3865
3246 3975
3246 4030
3246 4320
3246 4563
3246 4870
3247 4159
3247 4538
3247 4926
3247 4928
3247 4956
3248 3261
3248 3657
3248 4460
3248 4581
3248 4911
3249 3355
3249 3427
3249 3576
3249 4104
3249 4720
3249 4886
3250 3666
3250 3854
3250 4367
3250 4548
3250 4880
3251 3285
3251 4064
3251 4072
3251 4120
3251 4126
3251 4291
3251 4456
3252 3742
3252 4496
3252 4643
3252 4657
3252 4730
3253 3276
3253 3393
3253 3507
3253 3981
3253 4012
3253 4314
3253 4476
3253 4824
3253 4840
3253 4972
3254 3295
3254 3421
3254 3467
3254 3532
3254 3670
3254 4368
3254 4913
3255 3611
3255 3830
3255 3944
3255 4079
3255 4143
3255 4264
3256 3260
3256 3928
3256 3983
3256 4223
3256 4500
3256 4621
3256 4671
3257 3510
3257 3645
3257 4760
3258 3573
3258 3918
3258 4201
3258 4520
3258 4807
3258 4834
3259 4341
3259 4425
3260 3399
3260 3688
3260 4280
3260 4440
3260 4470
3261 4139
3261 4649
3261 4806
3262 3388
3262 3547
3262 3699
3262 3805
3262 4267
3262 4274
3262 4393
3262 4521
3263 3283
3263 3603
3263 4170
3263 4548
3264 3309
3264 3619
3264 3756
3264 3812
3266 3389
3266 3722
3266 3727
3266 3849
3266 4558
3266 4571
3266 4831
3267 3310
3267 3535
3267 3775
3267 4108
3267 4286
3267 4449
3267 4674
3268 3527
3268 3909
3268 4344
3268 4578
3268 4833
3268 4885
3269 3951
3269 4031
3269 4119
3269 4588
3269 4784
3270 3493
3270 3565
3270 3592
3270 3638
3270 3703
3270 4518
3270 4556
3270 4755
3270 4861
3271 3753
3271 4552
3272 3460
3272 3960
3272 4204
3272 4591
3272 4920
3273 3318
3273 3362
3273 3522
3273 4211
3273 4217
3273 4238
3273 4314
3273 4555
3273 4704
3274 3691
3274 4072
3274 4240
3275 3304
3275 3372
3275 3392
3275 3621
3275 3663
3275 4488
3275 4835
3275 4860
3275 4861
3276 3476
3276 3610
3276 3675
3276 4253
3276 4564
3277 3303
3277 3487
3277 3788
3277 3999
3277 4230
3277 4302
3277 4492
3277 4718
3278 4536
3278 4708
3279 3381
3279 3406
3279 3509
3279 3780
3279 3964
3280 3376
3280 3937
3280 4367
3280 4371
3280 4437
3280 4904
3281 3435
3281 3772
3281 3955
3281 4374
3282 3430
3282 4403
3282 4620
3282 4717
3282 4915
3283 3341
3283 3557
3283 3695
3283 4239
3283 4261
3283 4779
3283 4943
3284 3681
3284 4446
3284 4471
3284 4644
3284 4846
3284 4963
3285 3592
3285 3795
3285 4354
3285 4803
3286 3391
3286 3499
3286 3864
3286 4307
3286 4491
3286 4733
3287 3347
3287 3647
3287 3808
3287 3837
3287 4223
3287 4920
3288 3368
3288 3702
3288 4115
3288 4194
3288 4369
3288 4424
3289 3836
3289 4172
3290 4038
3290 4299
3290 4988
3291 3682
3291 3809
3291 3822
3291 3879
3291 4180
3291 4525
3291 4575
3291 4645
3292 3476
3292 4237
3292 4577
3292 4679
3292 4721
3292 4999
3293 3501
3293 4086
3293 4208
3293 4367
3293 4437
3293 4458
3293 4501
3293 4644
3294 3648
3294 3825
3294 3828
3294 4092
3294 4923
3295 3423
3295 3446
3296 4025
3296 4294
3296 4346
3296 4394
3296 4669
3297 3384
3297 3418
3297 3596
3298 3366
3298 3762
3298 3831
3298 4174
3298 4618
3298 4965
3299 3425
3299 3747
3299 4043
3299 4283
3299 4523
3299 4565
3299 4769
3300 3358
3300 3395
3300 3565
3300 3992
3301 3336
3301 4189
3301 4441
3301 4583
3301 4973
3302 4626
3303 3785
3303 4027
3303 4052
3303 4141
3303 4525
3303 4834
3303 4922
3304 3376
3304 3584
3304 3692
3304 3993
3304 4283
3304 4370
3304 4410
3305 3311
3305 3485
3305 3759
3305 3797
3305 3924
3305 4755
3305 4998
3306 3652
3306 3786
3306 4110
3306 4289
3306 4631
3306 4965
3307 3428
3308 3315
3308 3787
3308 3986
3308 4171
3308 4461
3308 4937
3309 3470
3309 3511
3309 3559
3309 3604
3309 3839
3309 4004
3309 4151
3309 4435
3310 3906
3310 4457
3310 4576
3310 4767
3311 3742
3311 3938
3311 4011
3311 4093
3311 4404
3311 4819
3312 3616
3312 4358
3312 4386
3312 4428
3313 3586
3313 3598
3313 3973
3313 4406
3313 4776
3313 4962
3314 3675
3314 3835
3314 3871
3314 4507
3314 4633
3314 4712
3314 4743
3315 3921
3315 3962
3315 4206
3316 3814
3316 3936
3316 4294
3316 4402
3316 4423
3316 4637
3316 4935
3317 3463
3317 3725
3317 3753
3317 4337
3317 4655
3317 4943
3318 3680
3318 3871
3318 3919
3318 4625
3319 3374
3319 3452
3319 3914
3319 4041
3319 4054
3319 4140
3319 4570
3319 4605
3319 4863
3319 4976
3320 3476
3320 3799
3320 4467
3320 4504
3321 3471
3321 3559
3321 3929
3321 4912
3321 4927
3322 3535
3322 3992
3322 4267
3323 3354
3323 3630
3323 4329
3323 4638
3323 4778
3324 3498
3324 4157
3324 4304
3324 4441
3324 4552
3325 3670
3325 3842
3325 4489
3325 4529
3325 4925
3326 3680
3326 3925
3326 4500
3326 4534
3326 4585
3326 4612
3326 4724
3327 3361
3327 3435
3327 3447
3327 3646
3327 4033
3327 4432
3327 4562
3327 4736
3328 3359
3328 4100
3328 4276
3328 4397
3329 3778
3329 3801
3329 3870
3329 3895
3329 4183
3329 4302
3329 4651
3329 4768
3330 3430
3330 3460
3330 3710
3330 3713
3330 3797
3330 3936
3330 4693
3330 4985
3331 3338
3331 3422
3331 3708
3331 3736
3331 4349
3331 4473
3331 4491
3332 3363
3332 3692
3332 4105
3332 4388
3332 4863
3333 3456
3333 3512
3333 3772
3333 3863
3333 4447
3333 4472
3333 4492
3333 4545
3333 4704
3334 3439
3334 3600
3334 4035
3334 4687
3334 4694
3334 4720
3334 4725
3334 4822
3335 3462
3335 3544
3335 3780
3335 3845
3335 3897
3335 4351
3335 4360
3335 4713
3335 4850
3336 3467
3336 3752
3336 4490
3337 3489
3337 3905
3337 3929
3337 4204
3337 4988
3338 3438
3338 4200
3338 4278
3338 4844
3338 4956
3339 3649
3339 3814
3339 4260
3339 4520
3340 3425
3340 3858
3340 4086
3340 4833
3341 3554
3341 3568
3341 3725
3341 3752
3341 3941
3341 4113
3341 4289
3341 4435
3342 3356
3342 3427
3342 3585
3342 4044
3342 4209
3342 4389
3342 4698
3343 3921
3343 4488
3343 4741
3343 4992
3343 4995
3344 3439
3344 3598
3344 3620
3344 4299
3344 4529
3344 4711
3345 3347
3345 3499
3345 3542
3345 3580
3345 3741
3345 3848
3345 4055
3345 4130
3345 4237
3345 4266
3345 4347
3345 4548
3346 4556
3346 4956
3347 3448
3347 3476
3347 3751
3347 3892
3347 3970
3347 4015
3347 4019
3347 4247
3347 4642
3348 3449
3348 3580
3348 3603
3348 3811
3348 3865
3348 3962
3348 4422
3348 4729
3348 4974
3349 4242
3349 4246
3349 4808
3350 3697
3350 3911
3350 3991
3350 4104
3350 4768
3350 4788
3350 4789
3351 3481
3351 3917
3351 3949
3351 4201
3352 3358
3352 3364
3352 3667
3352 3910
3352 4101
3352 4712
3352 4888
3353 3519
3353 3552
3353 3700
3353 4407
3353 4484
3354 3468
3354 3473
3354 3592
3354 3989
3354 4238
3354 4331
3354 4477
3354 4625
3355 4240
3356 3365
3356 3928
3356 4050
3356 4497
3356 4852
3357 3652
3357 3820
3357 4059
3357 4444
3357 4537
3357 4598
3357 4698
3357 4787
3357 4859
3358 3683
3358 4624
3358 4718
3359 3671
3359 3775
3359 4362
3359 4808
3360 3606
3360 4108
3360 4527
3361 3408
3361 3582
3361 3899
3361 3968
3361 4047
3361 4315
3361 4682
3362 3563
3362 4376
3362 4869
3362 4974
3363 3568
3363 3696
3363 4258
3363 4478
3363 4513
3363 4562
3364 4092
3364 4887
3364 4961
3365 3458
3365 3465
3365 4157
3365 4367
3365 4715
3365 4774
3366 3613
3366 3636
3366 3807
3366 3828
3366 4357
3366 4510
3367 3841
3367 4283
3367 4350
3368 3467
3368 3723
3368 3779
3368 3915
3368 4193
3368 4215
3368 4259
3368 4677
3369 3781
3369 3837
3369 4433
3370 3774
3370 4478
3370 4842
3370 4969
3371 3433
3371 3753
3371 3792
3371 4017
3371 4029
3371 4428
3371 4752
3371 4811
3372 3922
3372 4387
3372 4573
3372 4852
3373 3391
3373 3974
3373 4113
3373 4533
3373 4623
3373 4742
3373 4796
3374 4772
3374 4832
3374 4837
3375 3516
3375 3823
3375 4112
3375 4508
3375 4540
3375 4804
3376 3496
3376 4075
3376 4271
3376 4445
3376 4489
3377 3424
3377 3683
3377 4049
3377 4193
3378 3932
3378 3966
3378 4347
3378 4707
3378 4751
3378 4844
3378 4884
3379 3405
3379 3920
3379 3992
3379 4095
3379 4114
3379 4574
3379 4621
3380 3572
3380 3938
3380 4184
3380 4655
3380 4689
3381 4492
3381 4532
3381 4624
3381 4636
3381 4700
3381 4956
3382 3952
3382 4186
3382 4462
3382 4764
3383 3476
3383 3516
3383 3772
3383 4112
3383 4288
3383 4300
3383 4311
3384 3648
3384 4485
3384 4611
3384 4788
3385 3498
3385 3837
3385 3871
3385 3906
3385 4168
3385 4362
3385 4390
3385 4525
3385 4992
3386 3656
3386 3881
3386 4331
3386 4515
3386 4530
3386 4612
3387 3646
3387 4242
3388 3399
3388 4311
3388 4396
3388 4573
3388 4851
3389 3395
3389 3963
3389 4071
3389 4077
3389 4195
3389 4401
3389 4833
3390 3646
3390 3989
3390 4140
3390 4634
3391 3420
3391 3460
3391 3585
3391 4651
3391 4991
3392 3574
3392 3635
3392 4046
3392 4528
3392 4690
3392 4965
3392 4973
3393 3420
3393 4724
3393 4947
3394 3913
3394 4063
3394 4079
3394 4088
3394 4411
3394 4629
3394 4918
3395 4817
3396 3493
3396 3858
3396 4166
3396 4614
3396 4924
3397 3677
3397 3717
3397 4443
3397 4692
3397 4789
3398 3486
3398 3613
3398 3934
3398 4143
3398 4498
3399 3913
3399 4415
3399 4504
3399 4555
3399 4585
3399 4746
3399 4922
3399 4923
3400 3968
3400 4196
3400 4364
3400 4506
3401 3559
3401 4057
3401 4357
3401 4614
3401 4648
3401 4717
3402 3700
3402 4059
3402 4262
3402 4567
3402 4844
3403 3981
3403 4102
3403 4282
3403 4467
3403 4929
3404 4146
3404 4471
3404 4668
3404 4686
3405 3486
3405 3642
3405 4204
3405 4378
3405 4490
3406 4240
3407 4020
3407 4599
3407 4608
3407 4652
3407 4773
3407 4817
3408 3550
3408 3695
3408 4202
3408 4333
3408 4654
3409 3534
3409 3798
3409 4083
3409 4520
3409 4932
3410 3844
3410 4894
3411 4291
3411 4309
3411 4789
3411 4973
3412 3824
3412 4063
3412 4596
3412 4853
3413 3541
3413 3872
3413 4146
3413 4148
3413 4773
3413 4784
3413 4952
3414 4222
3414 4248
3415 3707
3415 3727
3415 3810
3415 4038
3415 4232
3415 4708
3415 4972
3417 3800
3417 3853
3417 4770
3417 4799
3418 3581
3418 4007
3419 3704
3419 4383
3419 4763
3420 3854
3420 3893
3420 4945
3421 4160
3421 4846
3422 3463
3422 3927
3422 4386
3422 4530
3422 4828
3423 3712
3424 4166
3424 4263
3424 4409
3424 4420
3425 3636
3425 4066
3425 4635
3426 3431
3426 3924
3426 4176
3426 4222
3426 4341
3427 3529
3427 3634
3427 3948
3427 3962
3427 4033
3427 4081
3429 3617
3429 3822
3429 4335
3429 4617
3430 3802
3430 4046
3430 4320
3430 4882
3430 4914
3431 3517
3431 3577
3431 3662
3431 4090
3431 4144
3431 4272
3431 4286
3431 4434
3431 4608
3431 4961
3432 3612
3432 4128
3432 4529
3432 4690
3432 4729
3433 3511
3433 3793
3433 4363
3433 4536
3433 4677
3433 4787
3434 3808
3434 4119
3434 4556
3435 3819
3435 4023
3435 4307
3435 4800
3435 4919
3435 4952
3435 4979
3436 3715
3436 4410
3436 4659
3436 4767
3436 4971
3437 3466
3437 3578
3437 3850
3437 4101
3437 4813
3438 3465
3438 3566
3438 4610
3438 4875
3438 4980
3438 4988
3439 3703
3439 4346
3439 4604
3439 4642
3439 4891
3440 3635
3440 3814
3440 3834
3440 3939
3440 4156
3440 4268
3440 4504
3440 4535
3440 4985
3441 4118
3441 4624
3441 4858
3441 4946
3442 4460
3442 4933
3443 3592
3443 3886
3443 3963
3443 4372
3444 3942
3444 4243
3444 4451
3444 4536
3444 4715
3444 4739
3444 4982
3445 3501
3445 3865
3445 3873
3445 4054
3445 4521
3445 4964
3446 3753
3446 4202
3446 4795
3446 4813
3447 3488
3447 4438
3447 4675
3447 4993
3448 3489
3448 3758
3448 4616
3448 4989
3449 3631
3449 3885
3449 3960
3449 4517
3449 4674
3449 4760
3450 3665
3450 4018
3450 4493
3450 4923
3451 3891
3451 4293
3451 4434
3451 4753
3451 4884
3451 4904
3452 3677
3452 3890
3452 4490
3452 4820
3453 3604
3453 3635
3453 4038
3453 4344
3453 4658
3454 3474
3454 3753
3454 3967
3454 4605
3454 4662
3455 3651
3455 3829
3455 4314
3455 4372
3455 4603
3455 4711
3455 4884
3455 4963
3456 3800
3456 3820
3456 4247
3456 4310
3457 3771
3457 3961
3457 4177
3457 4906
3458 3971
3458 3992
3458 4301
3458 4365
3458 4739
3459 3550
3459 3610
3459 3932
3459 4019
3459 4299
3459 4456
3459 4952
3460 3605
3460 3905
3460 3989
3460 4242
3460 4298
3460 4389
3460 4546
3460 4614
3460 4931
3461 3599
3461 4006
3461 4481
3461 4619
3461 4985
3462 3524
3462 3878
3462 3976
3462 4156
3462 4285
3462 4349
3462 4669
3463 3486
3463 4134
3463 4172
3463 4434
3463 4461
3463 4484
3463 4641
3463 4994
3464 4747
3465 3846
3465 4006
3465 4030
3465 4112
3465 4313
3465 4994
3466 3625
3466 4178
3466 4236
3466 4319
3467 3884
3467 4083
3467 4394
3467 4477
3467 4518
3467 4581
3468 3605
3468 3658
3468 3692
3468 3791
3468 4258
3468 4625
3468 4664
3468 4841
3469 4137
3469 4222
3469 4226
3469 4384
3470 4619
3470 4731
3470 4917
3471 3604
3471 4300
3471 4497
3472 3554
3472 3716
3472 3835
3472 4060
3472 4456
3472 4890
3473 4266
3473 4270
3473 4275
3473 4681
3474 3621
3474 3904
3474 4410
3474 4690
3475 3483
3475 3568
3475 4230
3476 3616
3476 3956
3476 3986
3476 4225
3476 4599
3477 3710
3477 3875
3477 4211
3478 3486
3478 3544
3478 3827
3478 4335
3479 3532
3479 4179
3479 4471
3479 4846
3480 3573
3480 4272
3480 4523
3480 4562
3480 4632
3481 3586
3481 4051
3481 4259
3481 4327
3481 4581
3481 4785
3482 3558
3482 3669
3482 3916
3482 4353
3483 3876
3483 4122
3483 4154
3483 4688
3483 4803
3484 3825
3484 4063
3484 4130
3484 4733
3484 4892
3485 4407
3485 4441
3485 4595
3485 4598
3485 4657
3485 4830
3486 4513
3486 4553
3486 4919
3487 4203
3487 4298
3487 4339
3487 4626
3487 4932
3488 4871
3489 3964
3489 4457
3490 3676
3490 4725
3491 4643
3491 4962
3492 3669
3492 3716
3492 4173
3492 4210
3492 4325
3492 4543
3492 4976
3493 3896
3493 3934
3493 4032
3493 4079
3493 4612
3493 4866
3494 3544
3494 3599
3494 3821
3494 3923
3494 3973
3494 4069
3494 4452
3494 4553
3495 4279
3495 4289
3495 4311
3495 4531
3496 3830
3496 3900
3496 3905
3496 4037
3496 4590
3496 4832
3497 3522
3497 3685
3497 4099
3497 4144
3497 4461
3497 4668
3498 3596
3498 3607
3498 3655
3498 4175
3498 4333
3498 4622
3498 4691
3498 4853
3499 4144
3499 4179
3499 4241
3499 4426
3499 4438
3500 4087
3500 4352
3500 4749
3501 3718
3501 3915
3501 4109
3501 4231
3501 4281
3501 4325
3501 4401
3501 4581
3502 3768
3502 4237
3502 4438
3502 4644
3502 4733
3502 4838
3503 3908
3503 4355
3504 4031
3504 4085
3504 4370
3504 4578
3504 4860
3504 4873
3504 4963
3505 3552
3505 3768
3505 4086
3505 4532
3505 4620
3505 4924
3506 3581
3506 3648
3506 3776
3506 3834
3506 3843
3506 4299
3506 4421
3506 4626
3506 4706
3506 4783
3507 3576
3507 3629
3507 3827
3507 4386
3507 4600
3508 3638
3508 3668
3508 4279
3508 4442
3508 4522
3509 4221
3509 4417
3509 4711
3510 3725
3510 4397
3510 4958
3511 4033
3512 3885
3512 3969
3512 4033
3512 4463
3513 3840
3513 3910
3513 4625
3513 4898
3514 3824
3514 3960
3514 4013
3514 4125
3514 4967
3515 3736
3515 4147
3515 4300
3515 4657
3515 4846
3516 3629
3516 4312
3516 4689
3517 4107
3517 4569
3518 4155
3518 4603
3518 4700
3518 4852
3518 4983
3519 3547
3519 3830
3519 3972
3519 4213
3519 4757
3519 4894
3519 4980
3520 3649
3520 3654
3520 4621
3520 4753
3521 3856
3521 3903
3521 3978
3521 4183
3521 4189
3521 4191
3521 4664
3521 4882
3522 3562
3522 4165
3522 4283
3522 4830
3522 4944
3523 4063
3523 4565
3523 4917
3524 3611
3524 3969
3524 4079
3524 4222
3524 4388
3524 4675
3525 3619
3525 4462
3525 4552
3526 3534
3526 3605
3526 3712
3526 3946
3526 4133
3527 3910
3527 4212
3527 4232
3527 4258
3527 4402
3528 3801
3528 3904
3528 4073
3528 4567
3528 4676
3529 4268
3529 4639
3529 4658
3529 4919
3530 3559
3530 4082
3530 4695
3531 3785
3531 3794
3531 4107
3531 4369
3531 4759
3531 4775
3531 4858
3532 3728
3532 3929
3532 4309
3532 4582
3532 4686
3533 3822
3533 3987
3533 4092
3533 4895
3534 3752
3534 3791
3534 4552
3535 3640
3535 3661
3535 4192
3535 4401
3535 4526
3535 4540
3536 4189
3536 4531
3537 3608
3537 3612
3537 4027
3537 4161
3537 4200
3537 4336
3537 4503
3537 4543
3538 3784
3538 3975
3538 4013
3538 4528
3539 3974
3539 4141
3539 4375
3539 4434
3539 4656
3539 4997
3540 3595
3540 3599
3540 4477
3540 4626
3540 4778
3540 4808
3540 4895
3541 3852
3541 4026
3541 4090
3541 4468
3541 4834
3542 3663
3542 3735
3542 3855
3542 4470
3542 4500
3542 4784
3542 4799
3543 3933
3543 4041
3543 4164
3543 4239
3543 4241
3543 4512
3544 4322
3544 4354
3545 3798
3545 4255
3546 4158
3546 4368
3546 4759
3546 4949
3547 3662
3547 4273
3547 4550
3547 4818
3548 4722
3549 4284
3549 4311
3549 4576
3550 3845
3550 4197
3550 4631
3550 4976
3551 3797
3551 3921
3551 3934
3551 4074
3551 4435
3552 3930
3552 4023
3552 4276
3552 4351
3553 3624
3553 3801
3553 4218
3553 4680
3554 4205
3554 4212
3554 4636
3554 4755
3554 4798
3555 3759
3555 3923
3555 4023
3555 4699
3555 4715
3555 4872
3556 4058
3556 4177
3556 4299
3556 4322
3556 4473
3557 3922
3557 3958
3557 4956
3557 4980
3558 3780
3558 4405
3558 4512
3558 4811
3559 3694
3559 4178
3559 4963
3560 3808
3560 3985
3560 4493
3560 4651
3560 4770
3560 4808
3560 4993
3561 3953
3561 4268
3561 4360
3561 4396
3561 4554
3562 4231
3562 4247
3562 4774
3563 3719
3563 3894
3563 3916
3563 4088
3563 4763
3564 3585
3564 3827
3564 4363
3565 3705
3565 3990
3565 4076
3565 4211
3565 4444
3566 4026
3566 4243
3566 4463
3566 4498
3566 4534
3567 3963
3567 4043
3568 3732
3568 3750
3568 4146
3568 4219
3568 4343
3568 4599
3568 4793
3569 3714
3569 3756
3569 4984
3570 3703
3570 3767
3570 3777
3570 3912
3570 4215
3570 4305
3570 4443
3570 4615
3570 4848
3571 3726
3571 3864
3571 3937
3571 4333
3571 4592
3571 4993
3572 3779
3572 3836
3572 4402
3572 4946
3573 3868
3573 3905
3573 3921
3573 3979
3573 4627
3573 4794
3573 4990
3574 4309
3574 4342
3574 4713
3575 3910
3575 4634
3575 4635
3575 4701
3575 4958
3576 3728
3576 3745
3576 3797
3576 4237
3576 4355
3577 4239
3577 4460
3577 4556
3577 4654
3578 3611
3578 3690
3578 4080
3579 3729
3579 4528
3579 4704
3580 3596
3580 3750
3580 3770
3580 4268
3581 3663
3581 4182
3581 4236
3581 4332
3581 4466
3581 4524
3581 4535
3581 4584
3581 4710
3581 4897
3582 3848
3582 3917
3582 4312
3582 4832
3583 4193
3583 4270
3583 4594
3583 4609
3584 3879
3584 4041
3584 4239
3584 4944
3585 3939
3585 3967
3585 4175
3585 4532
3585 4759
3586 4618
3586 4689
3586 4915
3586 4982
3587 3847
3587 4112
3587 4345
3587 4994
3588 3746
3588 4104
3588 4192
3588 4456
3588 4722
3588 4740
3589 4312
3589 4746
3590 3614
3590 4120
3590 4407
3590 4719
3591 3703
3591 3966
3591 4277
3591 4282
3591 4513
3591 4585
3591 4685
3591 4720
3591 4781
3592 3598
3592 3816
3592 3914
3592 4150
3593 3933
3593 3992
3593 4249
3593 4302
3594 4313
3594 4439
3595 4077
3595 4382
3596 3918
3596 4292
3596 4323
3596 4515
3596 4571
3596 4725
3596 4774
3597 3985
3597 4160
3597 4728
3598 4028
3598 4353
3598 4726
3599 4090
3599 4255
3599 4834
3599 4980
3599 4996
3600 4058
3601 3900
3601 4113
3601 4241
3601 4273
3601 4683
3601 4798
3602 4170
3602 4495
3603 4884
3604 3647
3604 4117
3604 4428
3604 4938
3605 3885
3605 4355
3605 4451
3605 4700
3605 4774
3606 4086
3606 4334
3606 4461
3606 4979
3607 3822
3608 4718
3608 4939
3609 3726
3609 4101
3609 4113
3609 4207
3610 3716
3610 4233
3610 4371
3610 4473
3610 4489
3610 4595
3610 4626
3611 3660
3611 3667
3611 4994
3612 4121
3612 4230
3612 4322
3612 4528
3612 4653
3613 4048
3613 4094
3613 4216
3613 4226
3614 4096
3614 4136
3615 3920
3615 4259
3615 4317
3615 4795
3615 4837
3616 3811
3616 4274
3616 4341
3617 4438
3617 4536
3617 4540
3618 3712
3618 4533
3618 4573
3619 3948
3619 4120
3619 4269
3619 4970
3620 4276
3620 4743
3621 3699
3621 3926
3621 4059
3621 4215
3621 4509
3621 4640
3621 4648
3621 4883
3621 4929
3622 3768
3622 4051
3622 4748
3623 3803
3623 3835
3623 3856
3623 4808
3624 3774
3624 4580
3624 4636
3624 4822
3625 3860
3625 4029
3625 4084
3625 4096
3625 4839
3626 4750
3627 4631
3627 4943
3628 3798
3628 3814
3628 4245
3628 4384
3629 3813
3629 3899
3629 3967
3629 4185
3630 4471
3630 4907
3631 3838
3631 4178
3631 4543
3632 4217
3632 4661
3632 4693
3632 4955
3633 3800
3633 3812
3633 4251
3633 4543
3634 4092
3634 4169
3634 4640
3634 4764
3635 3695
3635 3815
3635 3836
3635 4296
3635 4774
3636 3935
3636 4123
3636 4580
3637 4127
3637 4402
3637 4490
3637 4707
3637 4755
3638 3864
3638 3940
3638 4816
3639 4293
3639 4346
3639 4619
3640 4196
3640 4248
3640 4310
3640 4326
3640 4473
3641 4199
3641 4246
3641 4468
3641 4513
3641 4572
3643 3853
3643 4376
3644 3769
3644 4543
3644 4833
3644 4968
3645 4219
3645 4355
3645 4386
3646 3841
3646 4126
3646 4315
3646 4564
3646 4710
3647 3762
3647 3967
3647 4565
3647 4626
3648 3665
3648 4298
3648 4717
3648 4859
3649 3893
3649 4196
3649 4407
3649 4946
3650 3700
3650 3739
3650 4004
3650 4022
3650 4305
3650 4516
3650 4884
3651 3806
3651 4047
3651 4594
3651 4702
3651 4867
3652 3809
3652 4072
3652 4147
3652 4160
3654 4049
3654 4070
3654 4969
3654 4978
3654 4999
3656 3709
3656 4888
3656 4989
3657 4202
3657 4358
3658 3701
3658 4395
3658 4943
3659 4096
3659 4426
3660 3707
3660 4262
3660 4334
3660 4897
3660 4960
3661 4135
3661 4151
3661 4198
3661 4417
3661 4861
3662 3797
3662 4925
3663 4574
3663 4671
3664 4323
3664 4619
3664 4645
3664 4792
3664 4934
3664 4963
3665 3790
3665 4066
3665 4349
3665 4801
3665 4989
3666 4535
3667 3773
3667 4013
3667 4098
3667 4276
3667 4664
3667 4846
3668 3899
3668 3928
3668 3982
3668 4060
3668 4621
3668 4776
3668 4882
3669 3731
3669 4214
3669 4706
3670 4675
3670 4982
3671 4340
3671 4642
3671 4694
3672 4121
3672 4233
3672 4277
3672 4331
3672 4649
3673 4241
3673 4871
3674 4715
3674 4870
3675 4050
3675 4894
3675 4962
3676 3733
3676 3831
3676 3959
3676 4130
3676 4310
3676 4370
3676 4802
3677 3777
3677 4223
3677 4247
3677 4663
3677 4872
3678 3873
3678 4200
3678 4290
3678 4298
3678 4342
3679 3770
3679 4773
3679 4812
3679 4910
3680 3890
3680 4075
3680 4215
3680 4751
3681 4092
3681 4637
3681 4938
3681 4986
3682 3717
3682 4237
3682 4355
3682 4686
3682 4919
3683 3960
3683 3997
3683 4064
3683 4309
3683 4474
3683 4534
3683 4885
3683 4991
3684 4480
3684 4657
3684 4725
3684 4737
3684 4785
3685 4465
3685 4845
3686 3795
3686 3838
3686 3945
3686 4101
3686 4782
3687 3785
3687 4533
3687 4538
3688 3775
3688 3842
3688 4164
3688 4253
3688 4566
3688 4853
3688 4902
3688 4936
3688 4950
3689 3830
3689 3948
3689 4083
3689 4286
3689 4364
3689 4459
3689 4724
3689 4727
3689 4889
3690 3709
3690 3799
3690 3895
3690 3909
3690 3923
3690 4187
3690 4452
3690 4628
3690 4649
3690 4956
3691 4005
3691 4897
3692 3763
3692 4216
3692 4367
3692 4461
3693 3765
3693 4139
3693 4270
3694 4032
3695 3927
3695 3930
3695 4061
3695 4275
3695 4427
3695 4523
3696 3800
3696 4203
3696 4275
3696 4313
3696 4420
3697 4307
3697 4457
3699 3891
3699 3918
3699 4083
3699 4288
3699 4606
3699 4647
3699 4881
3700 4607
3701 4120
3701 4269
3701 4339
3701 4428
3701 4664
3701 4823
3702 4083
3702 4212
3702 4433
3702 4781
3702 4875
3702 4885
3703 3754
3703 3849
3703 4809
3704 3880
3704 4201
3704 4543
3704 4619
3704 4979
3704 4981
3705 3739
3705 4310
3705 4419
3705 4795
3706 4199
3706 4574
3707 3795
3707 3906
3707 4089
3707 4104
3707 4509
3708 3920
3708 4015
3708 4420
3708 4707
3709 3822
3709 3876
3709 3937
3709 4017
3710 4606
3710 4759
3710 4982
3711 4113
3711 4447
3711 4794
3712 4062
3712 4369
3712 4384
3712 4452
3712 4488
3713 4453
3713 4502
3713 4514
3713 4903
3713 4946
3714 3749
3714 4136
3714 4238
3714 4413
3714 4735
3714 4806
3714 4957
3715 3793
3715 3872
3715 3959
3715 4319
3715 4359
3716 3813
3716 3859
3716 4285
3716 4516
3716 4562
3717 3872
3717 4035
3717 4156
3717 4176
3717 4754
3718 4295
3718 4637
3718 4647
3718 4785
3719 3811
3719 3977
3719 4093
3719 4565
3719 4716
3719 4748
3719 4818
3720 4266
3721 3986
3721 4332
3721 4625
3721 4666
3721 4699
3721 4748
3721 4835
3721 4967
3722 4010
3722 4401
3722 4748
3723 3853
3723 4066
3723 4271
3724 3782
3724 3912
3724 4079
3724 4110
3724 4177
3724 4683
3724 4880
3725 4199
3725 4407
3725 4423
3725 4506
3725 4729
3726 4577
3726 4892
3727 4270
3727 4465
3727 4489
3728 4485
3728 4926
3729 4211
3729 4521
3729 4552
3729 4643
3729 4699
3729 4721
3730 4607
3730 4617
3731 4843
3732 4048
3732 4605
3733 4402
3733 4485
3733 4526
3733 4975
3734 4424
3734 4487
3734 4730
3734 4785
3734 4971
3735 3945
3735 4177
3735 4263
3736 3974
3736 4149
3736 4227
3736 4451
3736 4452
3736 4844
3737 4990
3738 4155
3738 4493
3738 4878
3738 4905
3739 4231
3739 4511
3739 4536
3740 3997
3740 4016
3740 4174
3740 4266
3740 4747
3740 4828
3741 3994
3741 4476
3742 4403
3742 4732
3742 4765
3743 4634
3744 3924
3744 4396
3745 3834
3745 4777
3745 4951
3746 3938
3746 4400
3747 4181
3747 4332
3747 4367
3747 4417
3747 4583
3747 4775
3748 3967
3748 4110
3748 4165
3748 4207
3748 4496
3748 4505
3748 4816
3748 4956
3749 3938
3750 3854
3750 4229
3750 4377
3750 4955
3751 3964
3751 4042
3752 3754
3752 4112
3752 4435
3753 3786
3753 3849
3753 4044
3753 4310
3753 4335
3754 4257
3754 4625
3755 3864
3755 4321
3755 4918
3756 4022
3756 4681
3756 4902
3757 4028
3757 4640
3757 4676
3757 4887
3758 3954
3758 4204
3758 4263
3758 4309
3758 4742
3759 3793
3759 3952
3759 4268
3759 4926
3759 4975
3760 3764
3760 4032
3760 4323
3760 4723
3761 3870
3761 3964
3761 4269
3761 4563
3761 4667
3761 4976
3762 3823
3762 4055
3763 4209
3763 4501
3763 4788
3764 3958
3764 3976
3764 4424
3765 3818
3765 3968
3765 4143
3766 4017
3766 4338
3766 4340
3766 4456
3766 4505
3766 4611
3766 4625
3766 4653
3766 4688
3766 4908
3767 3915
3767 4231
3767 4481
3767 4761
3768 3798
3768 3969
3768 4249
3768 4563
3768 4568
3768 4597
3768 4646
3769 4202
3769 4481
3769 4810
3769 4837
3769 4877
3770 4014
3770 4598
3770 4702
3770 4826
3770 4867
3770 4952
3771 3914
3771 4217
3771 4807
3772 4072
3772 4734
3772 4858
3773 4342
3773 4690
3773 4968
3774 3938
3774 4198
3774 4207
3774 4298
3774 4480
3774 4735
3775 4038
3775 4103
3775 4195
3775 4343
3776 3882
3776 4122
3776 4149
3776 4150
3776 4536
3776 4857
3777 3823
3777 4222
3777 4474
3777 4528
3777 4967
3778 3820
3778 4736
3778 4753
3779 3964
3779 4013
3780 3798
3780 3840
3780 3862
3780 4174
3780 4199
3780 4229
3780 4254
3780 4268
3780 4289
3780 4630
3780 4770
3780 4970
3781 3909
3781 4259
3781 4500
3781 4585
3781 4671
3781 4714
3781 4758
3782 4113
3782 4237
3782 4288
3783 3968
3783 4505
3783 4638
3783 4767
3783 4999
3784 3922
3784 3977
3784 3983
3784 4036
3784 4329
3784 4342
3784 4359
3784 4475
3784 4685
3784 4878
3785 4329
3785 4477
3785 4668
3786 4697
3786 4869
3787 3949
3787 3962
3787 4522
3787 4795
3788 3976
3788 4185
3788 4213
3789 3850
3789 3987
3789 4243
3789 4829
3789 4836
3789 4845
3790 3983
3790 4006
3790 4217
3790 4853
3791 4370
3791 4413
3791 4872
3792 4698
3793 4092
3793 4424
3793 4964
3794 4164
3794 4252
3794 4520
3794 4801
3794 4900
3796 3929
3796 4016
3796 4047
3796 4132
3796 4515
3796 4544
3796 4936
3797 3874
3798 3861
3798 4167
3798 4568
3799 4278
3799 4514
3799 4757
3800 3932
3800 3997
3800 4211
3800 4338
3800 4627
3801 3805
3801 3992
3801 4296
3801 4297
3801 4782
3802 3833
3802 4426
3802 4460
3802 4758
3803 3868
3803 3872
3803 3943
3803 4048
3803 4308
3803 4740
3804 4809
3804 4867
3805 4267
3805 4836
3805 4911
3806 4991
3807 4637
3808 4153
3808 4243
3808 4435
3809 3932
3809 4277
3809 4634
3809 4756
3810 3866
3810 4007
3810 4065
3810 4387
3810 4878
3811 4405
3811 4533
3812 3838
3812 3903
3812 4107
3812 4143
3812 4198
3812 4323
3812 4532
3812 4549
3813 4161
3813 4226
3813 4522
3813 4586
3814 3863
3814 3965
3814 4482
3814 4651
3814 4831
3815 4013
3815 4325
3815 4615
3815 4660
3815 4914
3816 4139
3817 3949
3817 4118
3817 4167
3817 4186
3817 4709
3817 4950
3818 3827
3818 3938
3818 4782
3819 3875
3819 4069
3819 4119
3819 4137
3819 4548
3819 4638
3820 3843
3820 4204
3820 4288
3820 4648
3820 4879
3820 4937
3821 4692
3821 4709
3822 4665
3822 4929
3823 4757
3824 3954
3824 4209
3824 4221
3825 4036
3825 4542
3825 4822
3825 4890
3826 4021
3826 4443
3826 4754
3826 4816
3826 4922
3827 3987
3827 4132
3827 4180
3827 4483
3827 4759
3827 4788
3828 3953
3828 3984
3828 4099
3828 4113
3828 4186
3829 3895
3829 4335
3829 4562
3829 4635
3829 4754
3829 4813
3830 3994
3830 4011
3830 4373
3830 4704
3830 4767
3831 3916
3831 4077
3831 4543
3831 4657
3831 4697
3831 4807
3831 4966
3832 4833
3832 4863
3832 4944
3833 4119
3833 4156
3833 4305
3833 4501
3833 4963
3834 4160
3834 4301
3834 4478
3834 4607
3834 4609
3834 4631
3834 4798
3835 3851
3835 4020
3835 4474
3835 4583
3836 3877
3836 3906
3837 4019
3837 4037
3837 4480
3837 4678
3838 4123
3838 4217
3838 4596
3838 4729
3839 3872
3839 4091
3839 4093
3840 3917
3840 3961
3840 4113
3840 4304
3840 4435
3840 4769
3841 4172
3841 4173
3841 4603
3841 4797
3841 4815
3842 4073
3842 4369
3842 4740
3842 4885
3842 4936
3843 4114
3843 4194
3843 4523
3843 4584
3843 4674
3844 3886
3844 4486
3844 4678
3845 4003
3845 4134
3845 4456
3846 3967
3846 4502
3846 4560
3847 3972
3847 4012
3847 4704
3848 3903
3848 4544
3848 4870
3849 3956
3849 4105
3849 4401
3849 4843
3851 3957
3851 4169
3851 4595
3851 4676
3851 4758
3851 4845
3852 4635
3852 4770
3852 4935
3853 3994
3853 4555
3854 4752
3854 4877
3855 4344
3856 4621
3856 4935
3857 4028
3857 4362
3857 4410
3857 4572
3858 4029
3858 4593
3858 4935
3859 4626
3859 4811
3859 4891
3860 4032
3860 4196
3860 4625
3861 3883
3861 3965
3861 3995
3861 4043
3861 4564
3862 4560
3862 4568
3862 4691
3863 4095
3863 4337
3863 4420
3863 4936
3863 4942
3863 4965
3864 3953
3864 4286
3864 4359
3864 4400
3864 4667
3865 4236
3865 4348
3865 4396
3866 4244
3866 4612
3866 4898
3867 4827
3868 3974
3868 4133
3868 4319
3868 4472
3868 4763
3868 4944
3869 4188
3869 4557
3870 3995
3870 4016
3870 4252
3871 4200
3872 4112
3872 4345
3872 4597
3873 4101
3873 4138
3873 4284
3873 4510
3874 4089
3874 4717
3874 4748
3874 4993
3875 3951
3876 4670
3876 4675
3876 4888
3877 3989
3877 4009
3878 4095
3878 4920
3879 4157
3879 4176
3879 4839
3879 4918
3880 3949
3880 4459
3880 4762
3881 4106
3881 4419
3881 4870
3882 3903
3882 3939
3882 4718
3882 4897
3884 4480
3885 3952
3885 4139
3885 4214
3885 4379
3885 4457
3885 4545
3885 4639
3885 4672
3886 4339
3886 4750
3886 4925
3888 4078
3888 4276
3888 4337
3888 4350
3888 4489
3888 4638
3888 4695
3888 4737
3888 4951
3889 4279
3889 4321
3889 4324
3889 4781
3889 4861
3890 4056
3891 3956
3891 4515
3891 4622
3891 4885
3892 4142
3892 4392
3892 4891
3893 4649
3893 4747
3894 4232
3894 4684
3895 4190
3895 4195
3895 4464
3895 4662
3896 4024
3896 4335
3896 4479
3896 4493
3896 4512
3896 4594
3896 4959
3897 4371
3897 4446
3898 4161
3898 4867
3898 4980
3899 3900
3899 4143
3899 4532
3900 4106
3900 4999
3901 3995
3901 4145
3901 4337
3901 4386
3901 4815
3902 4684
3902 4903
3902 4991
3903 4341
3903 4505
3903 4640
3903 4696
3904 4022
3904 4325
3905 4114
3907 4033
3907 4694
3907 4894
3907 4922
3907 4931
3908 4521
3908 4576
3908 4795
3909 4399
3909 4761
3910 4889
3911 3945
3911 4016
3911 4336
3911 4441
3911 4706
3911 4766
3911 4861
3911 4957
3912 4054
3912 4169
3913 3950
3913 3984
3913 4079
3913 4245
3913 4432
3913 4635
3914 4146
3914 4391
3914 4655
3914 4731
3915 4610
3916 4508
3916 4590
3916 4867
3917 4741
3918 4779
3919 4518
3920 4114
3920 4613
3920 4701
3921 4381
3921 4557
3921 4909
3922 4213
3922 4358
3922 4388
3923 3955
3923 4011
3923 4059
3924 4025
3924 4510
3924 4722
3925 4034
3925 4301
3925 4412
3925 4762
3925 4793
3925 4807
3925 4992
3926 4260
3926 4715
3926 4916
3927 4417
3927 4574
3927 4652
3927 4719
3927 4946
3928 3958
3928 4160
3928 4176
3928 4684
3929 4266
3929 4731
3930 4141
3930 4379
3930 4623
3930 4841
3930 4990
3931 3947
3932 4276
3932 4281
3932 4310
3933 3987
3933 4582
3933 4852
3934 4673
3934 4800
3935 4033
3935 4713
3935 4974
3936 4056
3936 4155
3937 4082
3937 4244
3937 4373
3937 4430
3938 4751
3939 4281
3939 4283
3939 4527
3939 4740
3940 3966
3940 4020
3940 4148
3940 4210
3940 4327
3940 4383
3940 4518
3940 4573
3941 3995
3941 4253
3941 4430
3941 4590
3941 4600
3941 4770
3941 4784
3941 4822
3941 4867
3942 4287
3942 4672
3942 4824
3943 4143
3943 4241
3943 4291
3943 4572
3943 4673
3943 4868
3944 4115
3944 4406
3945 4048
3945 4091
3945 4315
3945 4494
3945 4862
3946 3981
3946 4462
3946 4857
3947 4416
3948 4003
3948 4155
3948 4438
3948 4875
3949 4060
3949 4959
3950 3983
3950 4104
3950 4188
3950 4764
3951 4171
3952 4219
3952 4572
3952 4605
3952 4852
3953 4314
3953 4337
3954 3981
3954 4008
3954 4035
3954 4509
3954 4628
3954 4949
3955 4120
3955 4265
3955 4337
3955 4498
3956 3965
3956 4275
3956 4632
3956 4974
3957 4458
3957 4668
3957 4909
3958 4563
3959 4030
3959 4082
3959 4086
3959 4487
3960 4192
3960 4347
3960 4477
3960 4976
3960 4981
3961 4227
3961 4494
3961 4569
3961 4936
3962 4374
3962 4425
3962 4923
3963 4175
3963 4554
3964 4833
3965 3994
3965 4065
3965 4250
3965 4414
3965 4607
3965 4646
3965 4651
3965 4672
3966 4015
3966 4468
3966 4791
3967 4420
3967 4468
3967 4727
3967 4936
3968 4847
3969 4772
3970 4428
3970 4606
3970 4645
3970 4674
3971 4087
3971 4102
3971 4489
3971 4630
3972 4717
3973 4315
3973 4344
3973 4460
3973 4825
3974 4086
3974 4374
3974 4445
3974 4846
3975 4118
3975 4253
3975 4288
3975 4917
3976 4023
3976 4483
3976 4605
3976 4710
3977 4051
3977 4263
3977 4366
3977 4595
3978 4009
3978 4141
3978 4550
3978 4579
3978 4650
3978 4953
3979 4243
3979 4919
3980 4552
3981 4059
3981 4487
3981 4492
3982 4010
3982 4134
3982 4221
3982 4801
3983 4132
3983 4176
3983 4579
3983 4672
3983 4684
3983 4707
3984 4086
3984 4728
3984 4758
3985 4754
3986 4005
3986 4710
3987 4037
3987 4224
3988 4288
3989 4070
3989 4186
3989 4224
3989 4343
3989 4412
3990 4348
3990 4540
3990 4946
3991 4025
3991 4245
3991 4564
3991 4571
3991 4780
3991 4806
3992 4028
3992 4139
3992 4564
3994 4106
3994 4551
3994 4860
3994 4896
3995 4353
3995 4374
3995 4587
3996 4091
3996 4267
3996 4848
3997 4320
3997 4346
3997 4519
3997 4923
3998 4854
3999 4039
3999 4448
3999 4635
3999 4706
3999 4833
4000 4041
4000 4294
4000 4673
4000 4699
4001 4410
4001 4702
4002 4216
4002 4227
4002 4248
4002 4260
4002 4667
4003 4178
4003 4334
4003 4961
4004 4020
4004 4037
4004 4539
4004 4588
4004 4684
4004 4799
4004 4854
4005 4059
4005 4861
4006 4458
4006 4661
4006 4851
4007 4658
4007 4958
4008 4454
4008 4656
4008 4721
4009 4049
4009 4176
4009 4576
4009 4601
4009 4876
4009 4897
4010 4246
4010 4296
4010 4387
4010 4473
4010 4638
4010 4734
4011 4172
4011 4242
4011 4627
4011 4801
4011 4834
4012 4265
4012 4281
4012 4637
4013 4233
4013 4522
4013 4968
4014 4109
4014 4183
4014 4551
4014 4751
4014 4887
4015 4037
4015 4552
4015 4557
4015 4938
4015 4945
4016 4400
4016 4965
4017 4090
4017 4340
4017 4429
4017 4874
4018 4062
4018 4310
4018 4339
4018 4406
4018 4437
4018 4463
4019 4098
4020 4087
4020 4223
4020 4229
4020 4429
4021 4347
4021 4865
4022 4349
4023 4416
4023 4542
4023 4762
4024 4261
4024 4392
4025 4081
4026 4032
4026 4287
4026 4352
4026 4462
4026 4711
4026 4749
4026 4889
4026 4988
4027 4379
4027 4697
4027 4728
4028 4208
4028 4528
4028 4889
4029 4133
4029 4276
4029 4570
4030 4374
4030 4496
4031 4101
4031 4183
4031 4326
4031 4748
4031 4772
4031 4780
4032 4405
4033 4209
4033 4587
4033 4976
4033 4991
4034 4093
4034 4217
4034 4539
4034 4912
4035 4912
4035 4950
4036 4251
4036 4525
4036 4655
4036 4686
4036 4714
4037 4213
4037 4545
4037 4566
4037 4592
4037 4658
4038 4103
4038 4348
4038 4358
4038 4864
4039 4073
4039 4213
4039 4316
4039 4392
4039 4691
4039 4834
4039 4926
4039 4932
4040 4049
4040 4077
4040 4234
4040 4263
4040 4882
4040 4892
4041 4372
4042 4175
4042 4639
4042 4806
4042 4841
4043 4825
4044 4842
4045 4233
4045 4359
4045 4700
4045 4758
4045 4761
4046 4213
4046 4288
4046 4566
4047 4458
4047 4649
4048 4258
4048 4332
4048 4646
4048 4873
4049 4501
4049 4859
4049 4866
4050 4086
4050 4338
4050 4401
4050 4444
4053 4234
4053 4875
4054 4057
4054 4296
4054 4414
4054 4745
4055 4077
4055 4302
4055 4346
4055 4898
4055 4979
4056 4305
4056 4422
4056 4746
4056 4844
4058 4454
4059 4182
4061 4102
4061 4392
4061 4465
4061 4554
4062 4403
4062 4946
4062 4994
4063 4137
4063 4556
4063 4870
4064 4649
4064 4735
4064 4802
4064 4962
4065 4358
4066 4395
4066 4529
4066 4775
4066 4876
4067 4257
4067 4290
4067 4422
4067 4698
4068 4131
4068 4406
4068 4613
4068 4767
4069 4274
4069 4426
4069 4612
4069 4774
4070 4313
4070 4337
4070 4375
4070 4510
4070 4710
4071 4295
4071 4369
4071 4372
4071 4555
4071 4604
4071 4904
4072 4184
4072 4334
4072 4711
4073 4426
4073 4469
4074 4368
4074 4466
4074 4469
4074 4523
4074 4938
4075 4389
4076 4612
4076 4669
4077 4223
4078 4567
4078 4956
4079 4110
4079 4162
4079 4189
4079 4309
4079 4535
4079 4626
4080 4171
4080 4406
4081 4155
4081 4262
4081 4422
4081 4463
4081 4517
4081 4620
4081 4780
4082 4322
4082 4950
4083 4228
4083 4597
4083 4782
4083 4903
4084 4388
4084 4603
4086 4213
4086 4369
4086 4499
4086 4580
4087 4512
4087 4609
4087 4912
4088 4640
4090 4669
4091 4299
4091 4444
4092 4197
4092 4209
4092 4299
4092 4317
4093 4104
4093 4243
4093 4346
4093 4754
4093 4845
4094 4335
4094 4349
4094 4615
4094 4618
4094 4673
4094 4719
4094 4740
4094 4963
4095 4493
4095 4650
4095 4786
4096 4600
4096 4800
4097 4353
4097 4599
4097 4918
4098 4662
4099 4333
4099 4853
4100 4534
4101 4204
4101 4406
4101 4519
4101 4623
4101 4738
4101 4865
4101 4867
4102 4130
4102 4569
4103 4223
4103 4322
4103 4682
4104 4115
4104 4278
4104 4293
4104 4412
4104 4456
4104 4469
4104 4709
4105 4466
4105 4621
4105 4684
4105 4727
4105 4959
4106 4223
4106 4693
4106 4883
4107 4272
4107 4295
4108 4882
4109 4442
4109 4605
4110 4149
4110 4354
4110 4436
4110 4442
4110 4836
4111 4222
4111 4494
4111 4668
4111 4831
4111 4967
4112 4328
4112 4487
4112 4513
4112 4638
4113 4198
4113 4224
4113 4443
4113 4598
4114 4242
4114 4300
4114 4393
4114 4426
4114 4852
4115 4255
4115 4426
4115 4559
4115 4599
4116 4137
4116 4142
4116 4302
4116 4429
4116 4434
4116 4703
4117 4792
4118 4175
4118 4337
4118 4992
4119 4420
4120 4693
4120 4814
4121 4970
4123 4359
4123 4731
4123 4857
4123 4964
4123 4980
4124 4436
4124 4481
4125 4749
4126 4186
4126 4632
4126 4680
4126 4840
4126 4945
4127 4179
4127 4282
4127 4305
4127 4709
4127 4797
4127 4956
4128 4251
4129 4402
4129 4732
4129 4781
4130 4522
4131 4647
4131 4707
4131 4829
4131 4908
4132 4269
4132 4429
4132 4722
4132 4878
4133 4361
4133 4449
4133 4858
4133 4933
4133 4955
4134 4227
4134 4570
4134 4700
4134 4756
4134 4784
4135 4249
4135 4263
4135 4399
4135 4531
4135 4660
4136 4163
4136 4209
4136 4696
4136 4873
4136 4950
4137 4187
4137 4509
4137 4603
4138 4178
4138 4473
4138 4634
4139 4238
4141 4173
4141 4360
4141 4496
4141 4606
4142 4268
4142 4278
4142 4741
4142 4830
4143 4187
4143 4352
4143 4538
4143 4648
4143 4987
4144 4748
4144 4922
4146 4529
4146 4981
4147 4597
4147 4670
4147 4703
4148 4314
4148 4556
4148 4646
4148 4730
4148 4765
4148 4969
4149 4268
4149 4314
4149 4850
4149 4881
4150 4287
4150 4542
4151 4437
4151 4493
4151 4572
4151 4622
4151 4649
4151 4734
4152 4743
4152 4796
4153 4605
4153 4742
4153 4752
4153 4814
4154 4169
4155 4183
4155 4247
4155 4431
4155 4500
4155 4789
4155 4879
4156 4548
4157 4288
4157 4347
4157 4858
4158 4940
4159 4865
4159 4962
4160 4174
4160 4520
4160 4934
4160 4992
4161 4167
4161 4738
4162 4426
4162 4484
4162 4852
4163 4191
4163 4207
4163 4526
4163 4617
4163 4968
4164 4314
4164 4339
4164 4416
4164 4641
4165 4398
4165 4423
4166 4289
4166 4422
4167 4453
4167 4620
4168 4483
4169 4681
4169 4929
4170 4191
4170 4496
4170 4698
4170 4770
4171 4287
4171 4660
4171 4866
4171 4908
4172 4323
4172 4426
4173 4280
4173 4338
4173 4509
4173 4952
4173 4998
4174 4811
4175 4232
4175 4252
4175 4319
4176 4220
4176 4259
4176 4312
4176 4394
4176 4778
4177 4202
4177 4536
4177 4549
4179 4384
4179 4788
4180 4243
4180 4287
4180 4615
4180 4650
4181 4374
4181 4584
4181 4712
4181 4892
4181 4969
4181 4971
4183 4486
4183 4708
4184 4471
4184 4571
4184 4974
4185 4291
4185 4426
4185 4743
4186 4722
4186 4738
4186 4979
4187 4712
4187 4751
4188 4629
4188 4846
4188 4907
4188 4984
4189 4361
4189 4798
4190 4237
4190 4369
4190 4815
4190 4894
4190 4929
4191 4384
4191 4833
4192 4533
4192 4673
4192 4778
4192 4855
4194 4493
4194 4759
4195 4448
4195 4545
4195 4578
4195 4830
4195 4917
4196 4702
4197 4601
4197 4651
4197 4741
4198 4289
4199 4632
4199 4724
4200 4509
4200 4535
4200 4666
4201 4292
4201 4313
4201 4517
4201 4687
4201 4698
4201 4940
4202 4358
4202 4867
4204 4268
4204 4383
4205 4241
4205 4316
4205 4448
4205 4963
4206 4916
4207 4422
4207 4572
4207 4914
4209 4399
4209 4744
4209 4764
4211 4302
4211 4588
4212 4924
4213 4500
4213 4968
4214 4892
4215 4559
4215 4951
4216 4853
4217 4583
4218 4470
4218 4872
4219 4273
4219 4450
4220 4505
4220 4514
4220 4746
4221 4273
4221 4386
4223 4334
4223 4377
4223 4538
4223 4919
4223 4947
4225 4906
4226 4705
4226 4911
4226 4941
4227 4418
4227 4531
4227 4692
4227 4975
4228 4867
4229 4299
4229 4501
4229 4811
4230 4851
4230 4901
4231 4574
4231 4898
4232 4642
4232 4839
4232 4935
4233 4338
4233 4379
4234 4329
4235 4347
4235 4650
4235 4789
4235 4918
4236 4276
4236 4503
4236 4672
4237 4664
4237 4957
4238 4569
4239 4336
4239 4517
4240 4308
4240 4537
4240 4600
4241 4468
4241 4811
4241 4904
4242 4499
4242 4684
4242 4813
4243 4280
4243 4435
4243 4557
4244 4282
4244 4531
4244 4599
4244 4632
4245 4693
4245 4876
4246 4611
4246 4757
4247 4389
4248 4567
4248 4630
4248 4642
4248 4697
4249 4264
4249 4299
4249 4489
4249 4625
4249 4670
4249 4960
4250 4723
4250 4870
4251 4497
4251 4628
4252 4282
4252 4712
4252 4750
4252 4796
4253 4319
4253 4466
4254 4459
4254 4783
4254 4784
4255 4558
4255 4616
4255 4729
4256 4414
4257 4433
4257 4438
4257 4453
4258 4290
4258 4365
4258 4440
4259 4691
4259 4765
4259 4967
4260 4509
4260 4591
4260 4730
4260 4766
4260 4770
4261 4422
4261 4700
4261 4794
4261 4880
4261 4914
4262 4384
4262 4396
4263 4354
4263 4477
4263 4700
4263 4765
4264 4319
4264 4571
4264 4794
4265 4305
4265 4407
4265 4881
4266 4308
4266 4686
4266 4796
4267 4900
4268 4302
4268 4460
4269 4629
4270 4343
4270 4355
4270 4423
4270 4510
4271 4443
4271 4713
4272 4298
4272 4466
4273 4481
4273 4587
4276 4294
4276 4478
4276 4603
4277 4442
4277 4603
4277 4863
4277 4916
4277 4924
4278 4420
4279 4826
4280 4621
4280 4909
4281 4943
4282 4688
4285 4551
4287 4750
4287 4883
4287 4891
4288 4431
4288 4460
4289 4334
4289 4456
4289 4819
4289 4876
4289 4970
4290 4657
4290 4710
4290 4817
4290 4846
4291 4846
4291 4908
4293 4413
4293 4960
4294 4392
4294 4487
4294 4745
4297 4820
4297 4886
4299 4415
4300 4992
4301 4540
4301 4758
4303 4309
4303 4374
4303 4481
4303 4554
4305 4379
4305 4584
4305 4611
4305 4659
4305 4744
4306 4676
4306 4789
4307 4387
4307 4511
4307 4512
4307 4706
4308 4309
4308 4515
4308 4552
4309 4337
4309 4484
4310 4325
4310 4457
4310 4704
4312 4325
4312 4379
4312 4501
4314 4591
4314 4759
4315 4436
4315 4554
4315 4711
4316 4627
4317 4320
4317 4513
4317 4529
4317 4594
4317 4844
4317 4941
4317 4991
4318 4445
4318 4788
4318 4967
4318 4974
4319 4376
4319 4427
4319 4517
4321 4547
4321 4621
4321 4725
4322 4520
4322 4584
4322 4943
4323 4741
4323 4893
4323 4977
4324 4758
4325 4643
4326 4561
4326 4860
4326 4884
4327 4706
4327 4729
4327 4735
4328 4409
4329 4342
4329 4466
4329 4489
4329 4495
4329 4676
4330 4464
4330 4682
4331 4725
4332 4574
4332 4974
4334 4887
4335 4516
4335 4987
4337 4649
4337 4944
4338 4409
4338 4718
4338 4788
4338 4818
4338 4972
4339 4605
4339 4778
4339 4939
4340 4619
4340 4807
4341 4475
4342 4812
4343 4360
4343 4767
4344 4696
4345 4363
4345 4451
4345 4626
4346 4518
4346 4701
4347 4374
4347 4462
4347 4693
4347 4778
4347 4792
4347 4904
4348 4487
4348 4592
4348 4740
4348 4796
4348 4836
4349 4735
4349 4929
4349 4984
4350 4640
4350 4897
4351 4871
4352 4726
4352 4984
4353 4665
4353 4901
4355 4434
4355 4472
4355 4592
4355 4723
4355 4776
4357 4747
4357 4995
4359 4400
4359 4744
4361 4741
4362 4665
4362 4848
4363 4536
4367 4682
4368 4703
4368 4787
4368 4918
4368 4943
4369 4767
4370 4936
4371 4540
4372 4483
4372 4742
4373 4617
4373 4717
4373 4807
4374 4410
4374 4452
4375 4568
4375 4867
4375 4944
4375 4970
4378 4470
4378 4943
4378 4964
4379 4526
4379 4779
4379 4902
4380 4982
4381 4641
4381 4882
4381 4901
4382 4503
4383 4454
4383 4461
4383 4557
4383 4722
4383 4859
4383 4926
4384 4533
4384 4537
4384 4754
4386 4558
4386 4697
4387 4503
4387 4585
4387 4747
4387 4908
4388 4595
4388 4626
4388 4761
4388 4823
4389 4570
4390 4410
4390 4977
4391 4676
4392 4518
4392 4723
4392 4826
4393 4508
4393 4838
4394 4442
4394 4780
4394 4856
4394 4991
4395 4915
4395 4975
4396 4504
4396 4516
4396 4596
4397 4596
4398 4976
4399 4476
4400 4684
4401 4647
4401 4956
4402 4506
4402 4583
4403 4588
4403 4705
4403 4939
4404 4623
4404 4857
4404 4888
4404 4913
4405 4519
4406 4857
4407 4430
4407 4502
4407 4589
4407 4696
4407 4931
4407 4960
4409 4770
4409 4876
4410 4989
4410 4994
4411 4436
4411 4649
4412 4714
4412 4797
4413 4462
4413 4481
4414 4911
4415 4701
4415 4835
4416 4971
4417 4927
4417 4959
4417 4979
4418 4427
4418 4522
4418 4671
4419 4532
4419 4625
4420 4421
4420 4825
4421 4942
4422 4784
4423 4610
4423 4912
4424 4535
4424 4795
4424 4963
4424 4966
4426 4562
4426 4564
4427 4453
4427 4510
4427 4951
4428 4618
4428 4657
4428 4989
4429 4814
4429 4835
4429 4911
4430 4695
4431 4496
4431 4548
4432 4488
4432 4542
4434 4583
4434 4712
4435 4631
4435 4979
4438 4542
4439 4532
4439 4875
4439 4985
4439 4995
4440 4496
4440 4708
4440 4798
4441 4715
4441 4984
4442 4499
4443 4689
4443 4774
4444 4808
4444 4873
4445 4461
4445 4506
4446 4943
4447 4885
4450 4640
4450 4819
4451 4971
4452 4637
4453 4787
4453 4994
4454 4979
4455 4812
4456 4798
4456 4851
4456 4885
4456 4962
4457 4694
4457 4785
4458 4928
4459 4507
4460 4605
4460 4698
4460 4773
4460 4817
4460 4942
4460 4955
4460 4997
4463 4503
4463 4833
4463 4858
4465 4683
4466 4588
4466 4775
4467 4847
4468 4749
4469 4551
4469 4557
4469 4579
4469 4967
4470 4885
4472 4899
4472 4943
4473 4794
4473 4806
4474 4682
4474 4706
4474 4750
4474 4890
4474 4908
4476 4636
4476 4687
4477 4640
4477 4915
4477 4970
4478 4621
4479 4948
4480 4577
4480 4684
4480 4955
4481 4733
4482 4696
4482 4697
4482 4750
4482 4982
4484 4538
4484 4617
4484 4682
4485 4855
4486 4816
4487 4784
4487 4931
4488 4501
4491 4528
4491 4586
4493 4612
4493 4835
4493 4914
4494 4743
4495 4681
4495 4978
4496 4661
4497 4962
4499 4798
4500 4631
4501 4513
4501 4538
4501 4685
4501 4841
4501 4937
4502 4529
4502 4835
4503 4627
4503 4663
4503 4965
4505 4951
4506 4512
4506 4792
4510 4797
4511 4523
4513 4558
4513 4750
4514 4658
4515 4773
4515 4999
4516 4616
4517 4559
4517 4577
4517 4759
4517 4928
4518 4910
4519 4551
4519 4848
4520 4524
4520 4571
4520 4634
4520 4957
4520 4961
4521 4655
4522 4758
4522 4930
4523 4983
4524 4581
4526 4903
4527 4714
4529 4788
4531 4666
4532 4687
4532 4738
4532 4827
4533 4573
4533 4883
4534 4647
4534 4927
4534 4972
4535 4811
4535 4934
4536 4740
4538 4702
4538 4820
4539 4796
4539 4877
4541 4804
4541 4902
4542 4551
4542 4569
4542 4686
4543 4631
4543 4642
4543 4701
4543 4710
4544 4644
4544 4864
4544 4943
4546 4582
4546 4636
4546 4970
4548 4721
4548 4740
4549 4640
4549 4794
4549 4922
4551 4687
4554 4706
4556 4620
4557 4589
4557 4768
4557 4909
4557 4951
4557 4963
4558 4821
4558 4835
4558 4923
4559 4781
4562 4727
4562 4891
4563 4801
4565 4862
4565 4970
4566 4765
4568 4950
4569 4680
4570 4946
4571 4924
4572 4644
4572 4966
4573 4739
4573 4832
4574 4679
4574 4725
4574 4755
4574 4975
4576 4774
4576 4969
4577 4719
4578 4607
4581 4604
4581 4836
4582 4858
4583 4981
4584 4995
4585 4630
4585 4898
4585 4929
4587 4620
4588 4783
4588 4983
4590 4692
4591 4965
4593 4620
4593 4952
4594 4613
4595 4645
4595 4736
4596 4620
4596 4927
4598 4604
4598 4687
4598 4745
4598 4759
4598 4890
4599 4740
4599 4907
4600 4651
4600 4820
4601 4744
4603 4622
4603 4966
4604 4654
4604 4990
4605 4781
4606 4737
4606 4799
4606 4942
4607 4649
4607 4954
4610 4673
4610 4683
4611 4896
4611 4982
4614 4775
4614 4803
4614 4914
4614 4966
4615 4821
4615 4926
4618 4649
4618 4696
4621 4884
4623 4775
4625 4830
4626 4836
4627 4765
4627 4816
4627 4865
4629 4697
4629 4766
4629 4775
4629 4786
4629 4919
4629 4992
4630 4634
4630 4835
4630 4847
4632 4690
4632 4930
4633 4725
4633 4760
4633 4781
4634 4778
4634 4794
4634 4806
4635 4650
4635 4875
4635 4888
4636 4830
4637 4770
4637 4794
4637 4877
4637 4912
4641 4654
4641 4720
4641 4810
4641 4860
4643 4715
4644 4823
4645 4971
4646 4841
4647 4731
4647 4928
4648 4660
4648 4786
4649 4689
4649 4754
4650 4653
4650 4887
4650 4947
4651 4825
4651 4899
4651 4987
4653 4839
4654 4743
4654 4908
4654 4971
4657 4846
4658 4669
4658 4899
4659 4730
4659 4836
4662 4747
4663 4996
4664 4818
4665 4689
4665 4982
4670 4799
4670 4867
4671 4982
4673 4697
4673 4749
4674 4863
4674 4993
4675 4734
4675 4823
4675 4860
4676 4789
4676 4859
4676 4936
4676 4959
4677 4743
4677 4944
4679 4787
4679 4860
4679 4972
4682 4749
4682 4900
4683 4703
4683 4945
4684 4727
4684 4817
4685 4842
4685 4934
4687 4862
4689 4727
4689 4755
4690 4996
4691 4731
4692 4824
4692 4839
4694 4789
4694 4983
4697 4710
4700 4843
4702 4964
4704 4942
4704 4958
4706 4996
4707 4912
4707 4940
4708 4984
4709 4747
4711 4712
4712 4795
4712 4809
4712 4914
4713 4880
4714 4737
4714 4897
4717 4795
4717 4859
4717 4964
4717 4983
4719 4941
4720 4740
4720 4981
4721 4781
4721 4782
4722 4838
4722 4875
4722 4984
4724 4974
4726 4834
4726 4958
4729 4853
4730 4998
4731 4781
4731 4864
4731 4963
4732 4792
4733 4737
4734 4902
4737 4747
4737 4776
4737 4962
4739 4995
4740 4795
4741 4998
4745 4905
4746 4837
4747 4857
4747 4907
4747 4978
4749 4931
4751 4994
4752 4755
4753 4839
4753 4896
4754 4758
4754 4813
4755 4789
4756 4824
4756 4907
4756 4975
4757 4809
4757 4914
4760 4952
4761 4927
4764 4861
4764 4936
4766 4794
4766 4878
4766 4943
4772 4969
4773 4940
4774 4965
4775 4845
4776 4830
4777 4941
4777 4945
4778 4825
4779 4942
4782 4822
4785 4801
4785 4837
4788 4876
4790 4883
4791 4838
4792 4985
4794 4858
4795 4802
4796 4857
4802 4891
4802 4959
4803 4953
4805 4957
4806 4832
4808 4867
4810 4823
4812 4862
4813 4880
4814 4968
4815 4947
4815 4964
4819 4923
4820 4911
4825 4887
4826 4902
4827 4878
4828 4889
4830 4910
4830 4993
4833 4858
4834 4947
4835 4926
4837 4898
4840 4900
4840 4912
4840 4931
4841 4930
4846 4967
4846 4996
4847 4904
4848 4868
4848 4885
4856 4974
4861 4990
4865 4944
4866 4868
4867 4901
4868 4947
4870 4943
4871 4890
4871 4934
4871 4944
4871 4987
4872 4984
4885 4896
4886 4908
4888 4995
4889 4934
4892 4918
4904 4908
4905 4937
4914 4928
4914 4956
4918 4995
4920 4975
4950 4985
4952 4962
4960 4972
4961 4970
4963 4982
4971 4990
4983 4986
