0 33696
0 38787
1 767
1 3199
1 17614
2 1605
2 3570
2 6108
2 17173
2 26124
3 356
3 4742
3 28019
3 44372
4 34209
4 42059
5 26259
6 21248
8 755
8 23220
8 29039
9 44420
9 46381
10 521
11 2425
11 15907
11 22682
13 6259
13 20039
14 24469
14 30246
14 46370
14 48534
15 1630
16 25861
17 10499
17 12983
18 2987
18 4058
18 31982
19 18469
20 9243
20 16755
20 26034
20 43834
21 10977
21 36190
22 7990
22 36975
23 3292
23 11757
23 25648
23 29326
24 28091
24 46569
25 20849
26 2701
26 25461
26 33573
26 34196
27 1793
27 41659
28 16933
29 4398
29 30459
29 49105
30 18077
30 39042
31 12431
31 18774
31 29216
31 38353
31 40918
31 49641
32 12475
32 39894
33 26403
34 905
34 25554
34 43395
35 16731
35 23588
36 16838
36 43598
36 47149
38 8399
40 20124
40 28477
41 13174
41 15722
42 1204
42 14979
42 43544
42 45528
43 18195
43 32106
43 43997
44 21142
44 38487
46 1816
46 20535
47 4662
47 9474
48 5822
48 12300
48 46027
49 650
49 8668
51 2143
51 14914
52 36350
53 44341
54 7456
56 1916
56 4323
56 11178
57 17164
57 19234
57 26111
57 27252
57 49720
58 10502
58 44414
59 12251
59 18303
60 5860
60 42459
62 1244
62 6280
62 18529
63 9213
64 16941
65 14372
65 24432
66 36497
66 43477
68 15707
68 36921
68 38353
68 40686
70 45941
71 25536
72 1920
72 1953
72 3150
72 25237
72 28531
73 14908
74 825
74 23852
74 42423
75 2234
76 33204
77 30127
77 36484
77 38078
78 25800
79 22221
79 22919
79 25759
79 27423
80 10313
81 5957
83 11372
84 43188
84 45850
84 48176
84 49787
87 2594
87 4211
87 10447
87 23110
89 7403
89 12918
89 45530
90 8859
90 26841
90 32351
90 36290
90 39684
92 16330
92 39003
92 45213
93 23606
94 8992
94 33251
94 42567
95 10332
95 16266
96 1706
97 7473
97 25537
97 28781
97 47592
98 2805
98 39721
99 26072
99 28083
99 41630
101 27593
101 41141
102 19870
103 25205
103 28281
103 37870
104 5309
104 13602
104 17405
104 34353
104 47324
105 17480
105 31818
106 1456
107 1809
107 18950
107 46876
108 13622
108 23161
108 29297
108 45519
109 22309
109 40795
110 27572
110 34340
110 44211
111 5481
111 46327
112 20878
114 5241
115 13332
115 24561
115 33164
115 44678
116 20190
116 27541
117 31131
117 34536
117 42243
117 46565
117 48646
118 11630
119 38050
120 2739
120 13634
121 4681
122 2152
122 34964
123 15547
124 19408
124 28315
125 31205
126 12977
126 15275
126 15438
126 19528
127 3804
127 7682
127 14948
127 46801
128 12377
128 23647
128 31840
130 45198
131 8230
131 12041
131 17387
131 46006
133 17355
133 35294
133 47176
135 22816
136 47741
137 21247
140 22974
140 38255
142 19079
143 18894
143 20157
145 4166
145 49994
146 7606
146 10443
146 15695
147 12946
147 17895
148 9420
148 9433
148 10557
148 43170
149 40112
150 2017
150 7171
150 15681
150 40320
151 17541
151 23165
152 3394
153 43937
154 36220
155 31836
155 32743
155 46658
156 29769
156 43722
157 10830
157 32789
157 49433
158 1030
158 13718
158 31445
158 34610
160 1087
161 26585
161 30950
162 19618
162 32552
162 44762
163 12355
163 26050
163 27165
164 221
164 14052
164 21313
164 25307
164 31955
164 33232
164 37559
164 38563
165 46572
166 16584
166 24312
167 3441
167 18986
167 19874
167 20160
167 27968
168 35026
169 29455
169 43173
169 48053
170 21529
170 27951
170 43137
171 27723
172 4336
172 25840
173 7549
173 7827
173 21218
174 45586
175 48052
176 24512
177 13806
177 19737
177 31723
178 16507
178 33150
178 36058
179 12946
180 26533
181 33213
182 42932
183 36421
184 9668
184 44211
185 49869
186 38223
187 32662
188 21308
188 21416
188 23209
188 33616
188 38461
189 21381
189 29693
190 36552
190 48735
191 3754
191 16529
192 29276
193 23554
194 4343
194 13597
195 7964
195 9628
195 41633
197 6940
197 21679
197 41349
197 41787
197 46599
198 6896
198 25633
199 40821
200 39406
200 46674
201 33337
201 40848
202 2927
202 14182
202 28074
202 32225
203 15110
203 16154
203 38977
205 37197
205 43393
206 11194
207 20042
207 26532
207 46177
208 8165
209 2190
209 4983
209 43282
210 7208
210 9015
210 16119
210 47760
211 5064
211 11181
211 24587
213 1225
213 1611
214 25870
214 41448
214 42681
215 4309
216 19609
216 39128
217 5258
217 16810
217 22959
217 44125
217 47868
218 1710
218 26932
218 49881
219 24291
220 3851
220 31105
221 23964
221 40835
224 21575
225 44101
226 16897
226 24631
226 43229
227 28300
228 39034
228 43304
230 3532
230 9055
230 12873
231 41560
232 21182
233 30377
233 47633
234 8770
234 33821
234 44973
235 39479
236 4121
236 14616
236 20317
237 4234
237 45662
237 49398
238 41999
239 32668
240 4665
240 17432
240 41373
242 20303
243 47738
244 7476
244 38626
245 4030
245 5874
245 13797
245 21360
246 368
246 13117
246 34400
246 44160
247 4820
247 35768
247 43770
248 9319
248 29984
249 4801
249 16930
250 19548
251 9553
251 17040
251 29028
251 38380
251 38772
252 49906
253 3938
253 7010
254 21954
254 40676
254 42506
254 49466
255 648
255 26366
256 4765
259 8311
259 11735
259 27728
259 39002
260 21687
260 34949
261 1068
261 26491
263 1889
263 6873
263 8488
263 9934
263 27734
263 39187
264 5849
265 34767
266 4344
266 15091
266 29354
267 1377
267 25754
267 29432
267 48050
267 49973
268 41128
270 14426
270 48897
271 16076
272 7959
272 8673
272 10999
272 21928
272 36023
272 37551
272 49053
273 16988
273 28040
273 42946
274 11001
274 13132
274 25609
276 32787
276 47223
277 3804
277 27711
278 27170
279 3572
280 18963
281 16142
281 38998
281 45302
281 49421
282 10739
282 27361
282 41781
284 8447
284 29225
284 30694
284 33468
285 15471
285 26368
285 44529
285 45559
286 1639
286 7795
286 35347
287 29825
287 35454
288 32088
289 2145
289 3133
289 16021
289 33509
289 46851
289 48611
290 15830
291 848
291 23723
291 35004
292 10177
292 17156
293 26357
293 39394
293 42485
293 44053
293 44430
294 10041
294 35732
295 12878
295 16408
295 40758
295 46330
295 49794
296 4492
296 19121
296 26944
296 29199
296 38858
296 45442
297 23664
297 30162
298 3985
298 16573
298 31802
299 2768
299 30520
301 42027
302 16957
303 44921
304 1534
304 3173
304 7002
305 14015
305 42973
305 47365
306 34336
308 2897
308 3745
308 36362
309 11722
310 3940
310 38951
310 41323
311 15301
311 20458
311 30241
311 44149
311 49117
312 10191
312 33105
312 36930
312 44394
314 3467
314 18462
314 24318
315 3809
315 40320
317 24624
318 20128
319 8563
319 14512
319 23228
320 496
320 794
320 5819
322 46382
323 7381
323 14549
323 18758
324 34014
325 30069
326 7933
327 14601
327 25155
328 5133
328 34205
328 34446
329 25675
330 33631
331 19648
332 25983
332 27200
332 28325
333 6360
333 14516
334 21290
335 17624
336 30215
336 30774
336 34396
336 43509
337 23798
338 7201
338 16713
339 1222
340 43824
340 45710
341 5910
341 10088
341 11362
341 42950
342 26048
342 28256
342 44875
344 23396
344 25003
344 33673
344 39598
345 7913
346 3755
347 36315
348 13197
348 18863
348 37408
349 5599
349 20552
349 38958
349 46097
350 19252
351 22285
351 33870
351 44152
353 15315
353 43065
354 8315
355 26317
356 9664
356 33390
357 31683
357 38487
358 398
359 32616
359 35925
359 47836
361 944
361 21811
361 40103
362 6819
362 10713
362 40146
364 7304
364 23709
364 26319
365 14155
365 24168
365 43208
367 5174
367 10800
367 15730
368 3169
368 6694
368 9602
369 15652
370 30344
370 37342
371 2090
371 8556
371 12323
371 21179
371 36832
371 46321
371 49737
372 2050
373 34003
373 43717
374 15205
374 25173
375 5501
376 19509
377 5223
377 9079
378 49990
379 44469
380 45175
381 18951
382 19049
382 45205
382 47021
383 12992
383 24127
383 42630
384 4161
384 48142
385 9599
385 15224
385 31092
387 41077
388 16971
388 27202
388 30199
389 39809
391 26312
391 30505
391 35496
393 46680
394 2378
394 17406
394 31685
394 41083
395 16124
396 18392
397 21956
397 34146
398 8927
398 29991
398 36559
399 17802
399 17981
399 43133
399 47815
400 24775
400 30538
400 44501
400 45658
403 7384
403 7701
403 22204
403 23998
403 25436
403 35712
404 16425
405 19236
405 22964
406 8280
406 14169
406 21445
406 27834
406 37502
407 14564
408 8001
408 11451
408 19471
408 31656
409 2082
409 43016
410 11910
410 38436
412 16553
413 48014
414 4192
414 20770
414 22207
414 23199
415 12099
415 18817
416 14261
416 16229
416 39402
416 41494
416 47864
417 10418
417 49260
418 10302
418 23493
418 24957
419 35726
420 37801
420 46217
421 1419
421 15999
423 45441
424 9144
424 38533
425 3380
425 8243
425 12827
425 21113
426 47439
428 19766
429 12570
429 21994
430 7875
430 10774
430 35944
431 13978
431 25254
431 47362
433 4262
433 14178
433 48279
434 37336
435 17987
435 32976
435 38227
436 30028
436 35500
436 39890
437 17744
438 8651
439 13683
439 30533
440 38972
441 5062
441 9951
441 13293
441 15472
441 39720
442 14653
442 15518
442 24093
442 37269
442 38658
443 4831
443 8371
443 26661
445 25972
445 43301
446 20838
446 39926
446 43751
447 21904
448 47958
449 17392
449 19798
449 24738
449 36776
449 42273
450 24165
450 40838
451 21457
451 22468
451 36175
452 10376
453 8396
453 9319
453 45343
454 12246
458 39058
459 16002
459 26640
459 29619
460 45404
461 12486
461 20262
461 44294
462 22554
462 27333
462 44052
463 8381
463 11751
463 28313
463 47274
463 48228
464 7497
464 13244
464 44072
466 1574
469 1065
469 27129
469 31069
470 5901
470 30118
470 36837
472 16768
473 10429
473 41105
474 11055
475 15137
475 25033
475 31192
475 47672
477 9725
477 28308
477 33192
478 16365
478 45746
479 20397
479 24762
479 49378
480 11315
481 29290
481 34484
481 36795
482 42720
483 6501
484 18446
485 1480
485 26449
485 28463
486 3795
486 21842
488 10268
488 23640
489 2993
489 16626
490 9630
490 10777
490 11480
490 11580
490 44300
490 48347
491 47468
493 24232
494 9679
494 36409
494 46385
494 47213
495 17698
495 40168
495 46537
496 1033
496 41990
497 23014
497 32858
498 19886
498 22534
498 44968
498 49082
499 15900
499 31104
499 34327
501 4881
501 18863
501 28255
501 41401
501 47029
503 36579
504 10455
504 12481
505 2161
505 36180
506 12959
506 20975
506 35158
506 43316
507 5041
507 25749
508 1407
509 2392
509 21941
509 25837
509 35592
509 44175
510 7431
510 8396
510 27388
511 16181
512 30015
512 39443
514 47149
515 46727
515 47516
515 47857
516 7498
516 32913
516 37468
517 11343
518 18996
519 10000
519 25331
519 47014
519 48494
520 7303
521 26967
521 41181
521 47641
522 20790
523 4415
523 13801
523 26316
523 47043
524 28057
524 28216
524 34988
525 14109
525 28447
525 35224
525 48796
526 20318
526 40653
526 42645
526 49313
527 9048
527 44752
528 15858
528 20319
528 24798
529 1894
529 14470
530 10916
531 6174
532 1395
532 23882
532 36946
532 43613
533 17822
533 34299
533 44310
533 44398
534 27674
534 45873
535 4720
535 36519
536 4008
536 13442
536 22047
536 25781
536 36898
536 49525
537 11424
537 47346
538 1345
538 5893
538 9074
538 9147
538 26194
539 12471
539 37642
540 6244
541 4552
541 10242
541 11709
541 15513
542 19289
542 44132
542 48247
543 18116
543 27332
544 33995
545 28898
546 22919
547 8379
547 20323
547 29233
547 29882
548 715
548 11429
549 6640
550 8777
550 13906
550 27892
550 49673
551 5192
551 6328
551 22335
551 31863
551 37553
552 18790
553 7891
553 9606
554 13770
554 25247
554 47402
555 3410
555 13942
555 31142
556 14949
556 28020
556 30997
557 17456
558 3543
558 20309
559 11095
560 10957
560 25833
561 7547
561 15481
561 17046
562 9274
562 11307
562 25452
563 19310
564 6577
564 35401
564 43807
564 45447
565 17451
565 40072
566 36865
566 42111
567 29924
567 35370
568 42476
569 28560
569 43138
569 46781
571 1488
571 34920
572 7006
572 10799
572 13623
572 39330
572 49277
573 23859
574 822
574 3022
574 12309
574 16344
575 13936
575 19132
575 43982
576 3778
576 34818
576 38130
577 24324
578 7009
578 8049
579 1518
579 8117
580 11749
580 22109
582 13928
582 20238
582 33030
582 35169
583 3880
583 43450
584 1959
584 17887
584 38671
585 29813
585 44660
586 13723
586 48831
587 23124
587 45441
589 2959
589 34967
589 37393
589 37585
589 43806
590 24886
590 25654
590 42411
591 21302
592 3849
592 19832
592 36420
593 45468
594 17406
594 22201
595 14941
595 16840
596 20792
597 28242
597 48024
597 49781
599 17956
599 42929
600 19540
600 23059
600 25508
600 39219
601 42632
602 20451
602 28761
602 29585
602 32831
602 48878
603 33379
604 14449
604 21089
605 19208
606 2211
606 6634
606 17105
606 18608
606 28808
606 32577
607 21699
607 25668
610 15249
611 23758
611 38546
612 33917
613 4114
613 4217
613 8706
613 10537
613 23097
613 24629
613 39954
614 26402
615 43125
616 28494
616 38999
616 47779
616 48118
616 49577
617 811
617 49968
618 2857
618 4529
618 20707
618 45463
618 45711
619 22987
619 24580
619 47463
620 20632
620 27389
622 30646
622 47916
623 29678
624 34627
626 43701
626 48898
628 8175
628 14472
629 2943
629 33811
629 34161
630 13719
630 14459
630 19644
631 9529
631 35757
631 42313
631 42539
632 28286
633 19241
633 34326
633 40989
633 43372
634 10974
634 20623
634 26788
635 2521
635 13042
635 14805
635 39695
636 7111
636 37268
637 30539
638 3499
638 25536
638 30661
638 49483
639 7948
639 8857
639 28341
640 16120
640 40766
641 35694
641 46516
641 49251
642 47925
643 5509
643 10497
643 39995
643 48648
644 4369
644 25937
644 41347
644 45771
646 2015
646 5618
646 36298
646 48765
647 38404
648 10324
651 4235
652 9477
652 41350
653 10106
653 48879
654 9369
655 23941
655 40717
657 24391
659 1267
659 19102
659 19498
659 26140
659 30281
659 41504
660 8092
661 20716
661 33097
662 11089
662 35570
662 37648
663 32554
663 40322
664 9387
665 23297
666 10231
666 36089
666 49956
667 15043
668 1191
669 26857
670 34571
672 16443
672 44605
673 2312
673 10633
673 13191
673 48360
674 36951
675 40081
676 8433
676 14170
677 42383
677 46237
678 21120
680 1161
680 17826
681 25659
681 33568
681 39926
682 17153
682 22022
682 22341
683 36307
683 45335
684 12156
685 5024
685 10013
685 28472
685 43635
687 11055
687 15005
687 39633
690 4698
690 32060
690 44739
691 37380
692 20985
692 38847
692 48685
693 15349
693 15549
693 25671
693 26369
693 34973
694 39233
696 3836
696 25016
697 18603
697 40567
697 49644
698 27574
699 4541
699 11186
699 37967
700 5662
700 15523
701 1548
701 33446
701 42044
702 47950
704 17546
704 25306
704 38232
704 47619
705 24770
705 37539
705 38957
705 42096
706 7910
707 17385
708 28484
710 8485
710 36276
710 49762
711 14481
712 25606
712 25747
713 38897
713 40508
713 41527
714 5457
714 10810
714 24531
715 24483
716 6350
719 4843
719 17815
719 26421
721 10219
722 3383
722 15393
722 24811
722 40941
723 3844
724 46308
725 1723
725 26694
725 39617
725 42806
726 7887
726 29926
728 11083
728 26468
728 28560
730 24913
730 27045
730 41926
731 7658
731 8983
731 27388
732 7892
732 17429
732 48922
733 6948
733 8746
734 18762
736 16896
736 35604
739 26866
739 38872
739 46104
740 3366
742 24525
742 40801
743 21254
744 6896
744 34766
745 11424
745 18677
745 30260
745 41107
746 14553
746 40997
747 14499
747 39498
747 39821
747 49075
748 35353
749 42558
750 31892
750 34693
751 4824
752 1907
752 14270
752 42405
753 17229
753 40678
754 31989
754 37122
756 9985
756 13621
756 26513
757 11752
757 23704
757 45087
758 24684
759 39657
760 11859
761 31182
762 23266
763 29649
763 44331
763 48757
764 4635
764 9321
764 23728
765 4807
765 12930
765 26119
765 38191
765 40865
765 42769
766 44977
766 45384
767 49205
768 47261
769 4440
769 25224
769 34352
771 4599
771 19985
771 24385
771 26159
772 8138
772 8241
772 25647
772 37126
774 18758
774 44425
775 48832
776 15519
777 31805
777 42908
778 2537
778 24702
779 30834
779 44124
780 4648
780 19957
780 31649
781 15461
782 6481
782 37440
786 2947
786 11260
786 11471
787 38643
788 6891
789 35938
789 37837
790 16880
790 18214
790 28183
791 10652
791 26542
792 20908
793 1044
793 39133
794 25242
795 12761
795 28315
795 28877
796 7922
796 30975
796 34690
798 5874
799 21681
799 36119
800 15248
800 25618
801 21635
801 46703
802 13339
802 49548
803 35041
804 40060
805 1938
806 37178
807 23882
807 24608
809 42799
810 5531
810 12882
810 48498
811 48537
812 20354
812 25866
812 30800
812 41343
813 4567
813 11948
814 5011
814 21695
814 47240
815 23449
816 14245
816 24346
816 31969
818 43518
819 2680
819 14756
819 19968
819 27306
819 44803
820 7053
820 13099
820 38934
821 41622
822 24189
824 6580
824 8064
824 15918
824 47465
825 2199
825 13229
825 28796
825 30065
826 32370
826 41174
827 49069
828 1279
828 35348
829 34688
829 40894
830 22641
831 37364
832 30648
832 49389
833 46454
833 49231
834 9029
834 13992
834 18834
836 7560
836 45093
837 5223
837 5254
837 34341
837 46945
838 34431
838 34551
838 44291
839 11646
839 26837
840 4323
841 11259
841 18887
842 23312
842 48699
843 15722
843 17814
844 41225
844 46642
845 29698
845 44989
846 44332
847 42727
848 46847
849 4319
849 16725
849 19528
850 11188
850 17323
851 24660
851 38982
851 43452
851 49591
852 8647
853 34642
854 10058
855 38843
856 13427
856 42533
857 11633
857 17769
857 24142
858 19689
858 23674
858 27907
858 28232
859 21853
859 21876
859 26021
859 31060
859 33346
860 46847
862 6941
862 45720
863 3858
863 11110
863 20229
863 42471
865 31348
866 34907
866 41915
867 12689
867 18620
867 30588
867 35860
868 23792
868 25819
868 40642
869 18207
870 7599
870 44699
871 13015
872 12848
872 13633
873 2499
873 12965
874 38231
876 39344
876 41375
877 25590
877 48257
879 2944
879 43731
882 18856
882 27554
883 8822
884 16284
885 10482
885 48957
886 2354
886 12523
886 46375
887 5613
887 41929
887 48746
888 3837
889 2530
889 11382
889 30853
889 43543
889 45172
890 46124
891 35202
892 2412
892 17056
892 41396
893 984
893 6841
893 40517
893 45187
894 23673
897 48438
898 8742
898 37875
899 3983
899 40235
900 41059
900 44680
900 45095
901 36525
902 3262
902 39658
903 37649
904 25752
905 9317
905 10398
905 10970
905 19461
906 28444
907 6181
907 31020
907 39711
907 40239
908 1100
908 14248
908 25853
909 3662
909 11558
909 16784
909 20032
909 39323
909 44603
910 28878
910 47059
911 9259
911 20133
911 42078
912 24168
913 4284
913 15797
913 28550
913 49199
914 13695
914 17047
914 28151
914 33423
915 27184
915 44067
916 25134
916 26933
918 20152
918 31951
918 33808
919 8824
919 15982
919 23549
919 34026
919 42061
919 43142
919 48631
920 21951
920 42976
921 8230
921 36632
922 6461
922 28597
922 43893
923 1932
923 3742
923 15599
923 48864
924 12439
924 32037
925 13184
925 17474
925 18751
925 49451
926 5527
927 20876
928 4986
928 6452
928 9447
928 28814
930 1885
932 4631
932 38208
933 10346
933 46131
934 4288
934 4780
934 7386
934 13426
934 27743
935 6760
935 10024
936 16366
938 49350
939 10919
939 16589
940 25276
940 39575
942 38132
943 2468
943 30119
943 37574
944 3318
945 22989
945 32748
945 38801
946 20559
946 22333
946 44936
947 25781
948 36114
948 43476
949 48947
950 24379
952 19357
953 15795
953 36532
953 43664
955 33832
955 33859
956 2516
956 14989
956 23608
956 32549
956 34613
957 16146
957 20175
957 33840
958 3689
959 7364
960 5666
960 25137
960 27479
961 17424
961 37305
961 47482
962 12733
962 24147
963 22825
963 37612
964 48646
965 2861
965 13486
967 4260
967 46132
969 12788
969 22418
969 39245
969 39715
970 1382
970 8288
970 15650
970 23049
970 34581
970 38847
971 42433
973 6484
974 4824
974 9225
974 16465
974 21645
974 25277
974 28462
974 29706
974 41282
975 5419
975 11711
976 11407
976 12471
978 35625
978 48801
979 16406
979 19779
979 45385
980 10580
980 19874
982 8163
982 10769
982 12639
982 33112
982 33283
983 4986
983 8445
983 31873
984 17597
984 39675
984 42827
985 13697
987 37427
987 40119
988 2575
989 17255
989 28960
989 29620
989 48581
990 22771
990 27821
990 36629
990 46256
991 3779
992 3903
992 21940
992 33126
993 48482
994 40273
995 18542
995 35714
995 35928
997 11569
997 12430
997 17631
997 22692
998 3625
998 41801
999 5708
999 14240
999 46870
1000 48626
1002 19522
1003 12880
1003 44905
1004 13059
1004 26431
1005 8047
1005 14106
1006 22559
1006 48169
1007 11353
1007 14815
1007 36197
1008 7325
1008 19347
1008 31638
1009 12540
1011 1164
1011 8116
1011 38775
1012 3388
1013 48600
1015 3376
1015 8159
1015 8938
1017 38728
1018 9156
1018 34779
1018 40198
1019 5606
1019 29473
1019 38321
1021 23250
1022 19127
1024 2868
1024 42275
1025 45608
1026 17331
1027 16433
1027 49864
1028 20997
1029 11662
1029 44051
1030 9312
1030 41350
1031 12014
1031 12807
1031 49468
1032 12827
1032 33194
1032 42126
1033 19046
1033 31187
1034 13506
1034 33744
1035 22457
1035 27127
1036 6624
1036 11913
1036 18650
1037 26457
1037 42353
1037 46448
1038 47794
1039 29300
1039 33031
1040 1943
1040 30838
1040 35079
1040 36909
1040 41936
1041 2597
1041 41192
1042 15482
1042 47422
1043 22351
1043 44414
1043 45822
1044 8292
1044 9443
1044 12401
1044 16245
1045 4355
1045 7733
1045 45278
1046 18730
1046 44698
1047 23593
1047 35349
1048 9164
1048 33050
1048 38948
1048 43134
1049 29501
1049 46128
1050 4620
1050 35217
1051 14671
1051 39405
1052 5970
1052 11535
1052 40038
1052 44712
1053 34629
1053 44060
1053 46830
1054 31386
1054 32750
1055 11991
1055 23537
1056 3210
1056 29470
1056 37598
1057 23180
1058 12659
1058 30702
1058 40566
1059 3598
1059 11371
1059 28602
1059 30531
1059 42456
1059 44118
1060 4576
1060 11322
1061 12470
1061 17421
1062 20626
1063 2206
1063 12701
1064 23452
1064 34634
1065 4197
1066 25035
1068 1871
1068 17434
1068 41378
1069 3047
1069 13272
1069 42455
1069 48076
1070 3928
1070 26417
1070 29735
1071 19812
1072 12012
1072 20024
1072 28697
1072 32261
1072 33527
1072 34895
1072 41639
1073 17173
1074 22217
1075 6670
1075 41692
1075 45047
1076 35280
1076 36607
1076 48178
1077 11095
1077 26996
1077 34531
1078 30703
1079 8810
1079 9954
1080 20442
1080 47140
1081 14240
1081 15426
1081 49919
1083 31764
1084 6151
1084 37816
1084 41585
1084 43995
1085 28438
1086 7582
1086 19995
1086 29497
1087 10041
1087 14338
1087 28062
1087 37855
1087 40464
1088 27222
1089 36526
1089 46721
1089 49360
1090 6149
1090 13515
1090 19028
1090 21151
1090 35022
1090 36569
1091 2082
1091 9880
1092 17458
1092 24749
1095 23151
1095 33766
1097 23432
1097 31538
1097 38196
1098 12413
1101 25424
1101 43986
1102 9976
1102 48662
1103 45484
1105 6812
1105 43456
1106 4808
1106 8806
1106 13090
1106 29597
1107 4998
1107 18202
1107 18636
1107 19728
1108 25623
1108 35341
1111 25152
1111 48301
1112 6824
1112 20818
1113 21358
1113 44352
1113 46383
1114 17171
1114 27481
1114 37030
1115 24467
1115 29183
1115 34658
1116 21096
1116 21210
1116 29558
1116 37483
1116 41087
1117 7950
1117 15323
1117 30799
1117 34821
1118 14822
1118 20425
1119 42069
1120 24309
1121 9608
1121 25446
1121 42003
1121 42741
1122 7573
1122 12826
1123 16532
1125 16919
1125 24007
1125 26777
1125 32420
1125 34550
1125 48137
1126 24182
1127 10353
1127 15698
1127 28338
1128 28870
1128 47656
1130 47003
1131 2719
1131 32098
1131 43135
1132 45880
1133 4785
1133 21715
1134 21263
1134 34146
1138 36433
1140 5431
1140 22227
1140 22312
1142 8417
1142 47697
1143 29426
1143 47332
1144 42428
1145 2753
1145 42822
1146 26781
1147 48816
1148 30253
1150 21373
1150 21517
1150 27012
1150 31802
1150 41990
1150 49732
1152 15312
1152 26367
1152 42217
1153 8011
1153 34147
1154 37704
1155 4281
1155 13830
1155 49071
1156 34385
1156 36383
1156 42001
1157 21347
1157 40727
1158 35721
1158 42508
1159 11371
1159 38373
1160 4747
1160 7112
1160 14054
1161 18939
1161 36484
1162 15608
1163 2245
1164 8427
1165 12768
1165 27109
1167 2074
1167 23302
1168 28727
1168 47560
1169 32437
1169 45271
1170 1176
1170 29672
1170 40309
1171 15356
1171 27645
1172 21586
1172 30941
1173 24535
1174 25651
1174 33816
1175 3205
1175 14127
1176 17081
1176 33072
1177 4638
1177 34374
1179 44052
1180 21148
1180 30151
1181 16261
1181 23310
1181 32279
1181 34437
1181 47330
1182 30539
1183 42099
1186 8191
1186 38922
1188 22213
1188 29275
1188 34082
1188 43351
1189 1454
1189 2300
1189 3598
1190 3298
1190 19456
1190 28703
1190 47967
1191 27628
1191 28718
1192 3780
1192 17762
1192 37221
1192 39288
1193 15673
1195 17293
1195 47050
1196 17496
1196 49286
1198 14555
1198 27690
1198 36114
1198 39250
1199 12243
1199 22433
1199 38293
1200 45021
1202 5332
1202 34257
1202 38745
1202 42508
1202 43388
1203 40320
1205 18079
1206 14529
1207 27317
1207 28342
1208 18193
1208 23199
1208 32992
1208 39156
1209 36873
1211 26080
1211 26199
1212 33708
1212 43739
1213 37575
1216 2423
1216 11011
1216 39423
1217 9291
1217 14225
1218 48756
1220 4183
1220 25084
1220 48972
1220 49964
1221 6727
1221 18283
1221 20200
1221 32871
1222 11674
1222 18673
1222 26431
1222 40223
1223 2818
1224 4044
1224 29764
1224 38372
1225 44670
1226 14342
1226 42779
1227 24408
1227 29636
1228 4904
1228 14179
1228 15421
1228 29762
1230 20133
1230 27814
1231 14552
1231 23440
1231 30154
1231 45002
1232 23480
1233 3613
1234 7003
1234 7091
1234 8587
1234 34526
1234 42469
1234 43227
1235 21831
1235 35653
1236 38479
1236 47754
1237 4720
1238 19290
1238 23163
1238 40053
1240 16117
1240 19349
1240 32786
1240 39176
1240 43649
1241 9944
1241 10765
1241 47682
1241 47798
1241 48284
1242 20140
1242 24607
1243 2635
1243 18047
1243 20497
1243 33909
1244 16538
1245 14033
1245 19538
1245 20825
1245 38130
1246 12434
1247 13200
1247 27599
1247 29982
1247 49990
1248 11783
1248 21623
1248 46230
1249 18888
1249 23055
1249 41966
1250 10204
1250 16642
1250 16775
1250 44412
1251 3541
1251 31706
1252 25243
1252 27327
1254 3704
1255 25892
1256 6002
1256 28607
1256 38053
1257 32402
1257 40465
1258 2618
1258 2857
1258 35142
1258 38770
1259 2004
1259 25514
1260 29588
1261 47524
1262 46820
1263 28345
1264 12159
1264 29483
1265 4281
1265 12694
1266 14097
1268 3811
1269 48789
1270 24065
1270 28065
1271 13828
1271 41896
1272 15688
1272 31973
1272 35160
1272 41907
1273 12699
1273 13087
1273 21885
1273 44488
1274 39282
1274 43805
1274 49991
1275 15673
1275 35921
1276 3568
1276 12744
1277 3249
1277 8080
1277 11316
1277 13601
1278 27016
1279 9316
1279 27280
1279 48001
1280 9367
1280 28627
1280 39061
1281 13761
1281 21278
1281 36925
1281 41850
1282 3684
1285 12569
1285 26714
1285 34867
1285 48015
1286 15854
1286 16116
1286 22143
1286 33551
1286 37563
1286 46545
1288 2382
1288 37520
1288 49770
1289 36446
1290 19850
1290 41162
1291 24052
1292 1299
1292 28998
1292 33360
1293 36213
1294 13069
1294 34219
1295 32730
1295 42684
1296 10181
1296 18342
1296 33385
1297 20787
1297 25317
1297 26257
1298 8154
1298 14776
1298 23344
1298 30387
1298 31950
1298 49808
1299 8150
1299 20024
1299 25015
1299 38669
1299 44029
1300 11940
1301 7271
1301 26345
1302 40993
1303 1864
1303 9551
1303 14372
1303 24378
1304 33959
1304 38498
1306 20084
1306 28795
1308 25206
1309 16513
1309 18737
1310 12334
1310 13875
1311 1394
1312 4240
1313 18806
1313 37447
1314 4357
1314 15916
1315 13164
1315 42805
1316 3340
1317 11140
1317 13733
1317 34482
1317 38539
1317 49750
1318 12045
1318 16877
1318 17734
1318 39893
1319 32197
1320 31201
1320 37124
1321 9375
1321 26166
1321 29417
1321 49697
1322 32918
1322 45954
1323 17936
1323 18037
1323 42048
1324 46531
1325 13758
1325 21025
1325 24876
1325 38248
1326 47934
1327 46408
1328 10902
1328 45810
1329 2850
1329 4959
1329 34757
1330 34267
1330 36715
1331 8172
1331 25601
1331 45388
1331 47852
1332 44995
1333 5513
1333 40968
1333 42197
1336 28483
1338 28221
1338 28811
1340 18047
1340 29894
1341 10848
1341 31151
1341 34247
1341 34748
1342 8403
1342 18067
1345 46268
1346 19992
1346 27634
1346 31295
1346 42390
1346 43047
1346 44317
1347 1686
1347 40641
1348 20473
1348 36516
1351 1927
1351 31304
1354 14460
1354 43317
1355 22217
1355 39647
1355 40706
1356 39440
1357 18859
1357 34842
1359 33239
1360 35655
1361 29790
1361 43953
1363 1497
1363 2121
1363 13272
1364 45715
1365 12513
1366 5782
1366 9261
1366 47757
1366 48616
1367 18031
1367 19199
1368 13171
1368 14397
1368 27703
1368 31894
1368 41143
1368 41954
1368 44611
1370 30022
1370 44085
1371 5854
1371 20935
1372 12897
1372 22426
1372 32914
1372 33438
1372 43988
1373 2507
1373 15842
1373 21471
1373 30257
1374 7355
1374 41130
1375 12593
1375 38382
1375 38883
1378 29996
1378 33876
1378 37752
1379 18066
1379 39783
1380 28193
1380 44507
1381 12829
1382 23935
1383 19691
1383 24888
1383 36054
1385 17128
1385 30699
1386 19561
1386 39003
1386 39743
1387 5771
1388 12879
1389 12871
1389 17631
1389 19576
1389 49346
1390 10094
1390 15576
1390 28778
1390 29798
1390 30376
1390 42557
1391 8353
1391 14396
1391 28647
1391 39275
1392 10009
1392 13339
1392 17118
1392 47497
1393 12034
1393 30385
1393 46030
1394 11794
1396 32715
1396 47075
1397 35843
1397 43453
1398 8086
1398 43764
1399 23955
1399 31842
1401 27922
1401 34940
1402 5358
1402 7021
1402 24556
1404 27602
1404 47384
1405 35216
1406 9959
1406 13831
1406 25910
1406 35263
1407 20903
1408 5809
1409 1835
1409 24966
1409 27545
1410 14003
1410 44293
1410 46507
1410 47391
1411 1994
1411 34259
1411 49373
1412 46218
1413 7594
1414 4826
1414 6701
1414 11821
1414 28961
1415 2901
1415 7609
1416 11130
1416 34812
1416 49093
1417 11672
1417 48336
1418 21635
1418 27904
1418 32530
1419 30576
1419 30987
1420 6314
1420 38322
1421 7367
1421 11085
1422 6395
1423 5972
1424 7416
1425 10437
1426 14466
1426 19657
1426 21138
1426 45090
1427 4121
1427 23119
1428 29569
1428 38806
1429 3675
1430 34724
1431 8941
1431 47261
1432 22448
1432 34595
1432 38779
1433 24651
1434 35963
1434 47073
1436 3869
1436 23161
1436 27355
1437 3432
1437 7494
1437 36148
1438 3544
1438 44701
1439 40685
1442 16945
1444 25892
1444 48977
1445 7296
1445 8399
1446 49613
1447 6108
1447 29758
1449 16235
1449 38268
1451 18890
1451 22058
1452 3413
1453 9197
1453 11761
1454 11698
1454 24757
1454 27542
1455 21106
1455 42669
1456 14869
1456 33013
1456 34410
1456 34415
1456 37669
1456 44620
1456 48189
1457 43269
1458 2581
1459 19286
1459 26490
1459 37184
1459 41114
1460 43263
1461 20692
1461 28094
1462 21506
1463 23633
1463 28355
1464 1543
1464 16678
1465 24534
1466 1891
1466 14863
1466 19567
1467 17870
1467 44155
1468 31637
1469 10452
1469 41440
1470 20918
1470 44321
1471 3629
1471 25222
1471 28274
1471 37501
1472 20773
1472 45404
1473 30245
1474 10399
1474 35382
1475 13991
1475 20550
1475 22859
1476 20394
1476 42255
1477 6209
1478 1693
1479 1872
1479 20444
1480 7480
1480 22998
1480 30751
1481 9750
1482 6672
1482 6754
1482 30582
1482 49889
1483 5941
1483 7274
1483 11252
1483 36269
1484 22877
1484 41545
1485 23141
1485 24998
1485 27350
1485 39002
1486 22162
1486 35055
1487 23623
1487 25419
1487 38383
1487 47367
1488 10107
1488 14588
1488 43401
1488 46263
1488 48022
1488 48880
1490 31235
1491 13244
1491 27860
1491 40642
1491 48194
1492 4986
1492 10230
1492 31095
1493 40891
1493 44964
1494 26816
1495 27638
1495 36257
1496 7534
1496 22899
1497 6121
1497 23678
1498 21526
1498 36397
1501 16471
1501 28922
1502 15325
1502 28079
1502 32816
1502 43424
1502 45904
1503 4124
1503 8387
1504 40848
1505 7553
1507 13262
1507 48610
1510 38738
1512 23156
1512 41168
1512 47584
1514 21057
1514 21222
1514 21319
1514 24416
1514 41086
1515 21796
1515 42876
1516 48006
1516 49667
1517 9922
1517 44149
1518 1633
1518 2462
1518 5388
1518 37878
1519 29417
1519 39664
1519 43038
1520 2018
1520 4277
1520 26074
1521 29253
1522 3254
1522 7059
1523 17903
1523 20941
1524 1825
1524 19080
1524 37437
1524 47195
1524 49160
1525 22068
1526 33800
1526 41333
1526 43888
1527 11453
1528 5852
1528 13672
1528 16459
1528 25124
1528 28571
1528 44512
1529 4157
1529 11360
1529 42426
1530 33473
1530 42619
1531 3419
1531 19139
1531 22176
1531 28581
1532 9041
1532 39444
1532 47912
1533 11989
1533 19829
1533 42366
1534 12076
1535 30812
1535 34239
1536 33286
1536 41042
1537 12370
1537 49615
1538 33056
1538 44507
1539 10969
1539 23038
1539 31375
1539 43304
1540 47810
1541 5175
1541 19698
1541 21072
1542 9919
1542 12310
1542 14515
1542 32489
1544 11908
1544 15074
1544 35726
1547 13124
1548 35796
1549 2530
1550 8916
1550 17977
1550 20488
1550 22266
1551 23285
1553 5622
1553 21625
1553 42172
1553 48948
1554 24828
1554 41740
1555 38196
1557 10621
1558 8966
1558 10567
1559 27640
1559 28839
1560 25785
1560 29979
1562 7836
1564 26767
1565 5808
1565 11056
1565 14319
1566 46594
1567 38015
1568 21848
1568 31012
1568 43794
1569 30248
1569 34541
1570 13101
1570 19438
1572 3029
1572 43611
1572 46751
1573 3089
1573 49155
1574 22408
1575 6207
1575 8539
1575 33059
1576 16942
1576 49452
1577 2165
1578 13034
1579 7734
1580 7774
1580 10596
1580 20426
1580 41970
1580 47289
1581 11152
1582 34215
1582 42232
1584 21996
1585 12617
1585 28140
1585 48662
1586 29119
1587 42438
1588 14159
1590 13028
1590 23760
1590 28617
1591 4819
1591 14749
1591 21315
1591 25844
1591 48892
1596 18628
1596 23674
1596 42772
1597 25116
1597 34329
1597 43297
1598 12110
1598 44616
1598 48101
1599 19278
1600 5496
1601 38709
1601 42616
1602 1952
1602 7167
1602 28760
1602 39812
1602 46310
1604 5385
1604 36344
1605 25404
1606 36698
1606 38473
1606 38522
1606 44199
1606 49579
1607 42971
1607 49108
1608 5790
1609 44036
1610 49172
1611 6736
1611 17784
1611 18469
1612 35917
1616 8193
1616 25790
1616 43850
1617 4150
1617 34220
1617 41328
1618 16095
1618 20956
1618 23304
1618 38351
1619 12765
1619 48098
1620 2103
1620 36000
1621 8515
1621 9437
1621 16736
1621 35095
1621 36584
1622 8192
1622 14177
1623 2134
1623 10243
1623 10704
1623 11780
1625 14593
1625 22898
1626 15645
1627 15380
1627 45383
1628 3032
1628 44616
1630 16990
1630 29212
1630 35605
1631 16614
1631 49252
1632 3691
1632 17587
1632 26599
1632 40648
1633 2819
1635 18361
1635 38847
1636 21994
1636 22136
1636 47014
1637 26798
1638 25011
1639 4545
1639 16548
1639 45139
1640 23557
1640 30804
1641 10572
1641 18859
1641 36543
1642 18993
1643 23653
1643 39337
1645 6439
1645 6798
1645 21839
1645 24172
1646 6061
1646 13618
1646 47257
1647 26605
1648 10256
1648 13223
1648 30592
1648 42151
1650 2337
1650 8790
1650 27449
1650 27560
1650 38224
1653 17559
1653 23450
1654 6535
1654 8216
1654 11258
1654 19276
1654 23287
1654 43339
1655 2662
1655 20289
1655 32905
1656 13512
1656 19769
1656 37350
1657 7471
1657 10851
1657 23787
1657 37133
1658 49311
1659 9739
1659 40388
1660 4500
1660 23896
1660 33985
1660 41430
1662 15869
1662 22308
1662 32848
1662 41524
1664 43223
1665 11360
1665 31351
1666 1795
1666 43146
1667 5969
1667 20161
1667 33005
1669 14743
1669 45520
1669 47264
1670 13624
1670 15437
1670 44346
1671 6003
1671 29016
1672 3235
1672 49243
1674 6668
1674 10631
1674 27840
1675 14585
1675 38274
1677 9577
1677 23433
1677 34615
1678 9122
1678 22555
1680 39124
1681 14092
1681 28284
1682 30572
1683 2521
1683 3023
1683 27061
1684 9071
1684 10646
1684 37136
1684 47276
1685 31415
1686 1717
1686 4278
1686 42144
1686 45911
1687 27444
1687 42797
1688 11997
1688 21841
1688 39393
1690 4316
1690 15791
1690 28516
1690 30362
1690 33888
1691 8473
1691 9474
1692 1755
1692 25516
1692 37281
1692 41197
1693 4444
1693 9607
1694 7902
1694 41415
1694 49020
1695 9422
1696 9170
1696 39083
1697 15090
1697 39475
1697 43995
1699 6023
1700 24181
1701 13498
1701 37664
1702 37134
1703 9570
1705 16487
1705 34238
1706 39734
1706 48170
1707 10646
1707 18295
1709 16087
1710 23075
1711 1931
1712 3422
1712 22644
1713 10118
1713 39146
1713 43216
1714 9595
1714 32284
1715 29599
1715 43293
1716 35977
1717 25578
1717 31537
1717 34905
1718 10850
1718 29858
1719 22745
1719 26877
1719 34314
1720 10026
1720 14778
1720 15021
1720 16063
1720 18865
1720 25394
1723 15677
1724 20187
1724 40340
1725 2442
1725 9699
1725 37914
1727 4044
1727 19823
1728 18786
1728 22993
1729 10218
1729 39529
1731 2696
1731 13235
1732 49623
1733 41327
1734 19232
1734 25908
1734 37361
1734 39847
1735 12475
1735 19944
1735 26392
1736 19491
1736 24518
1737 28127
1737 36541
1737 39118
1737 40473
1738 9264
1739 5379
1739 7967
1740 7640
1740 8735
1740 23129
1740 46949
1742 2741
1742 13049
1743 2350
1743 32683
1744 19864
1745 4966
1745 39849
1745 48713
1746 13517
1746 29216
1747 12333
1747 17963
1747 27893
1748 5272
1748 8996
1748 20746
1748 24746
1749 7056
1749 23342
1749 33257
1751 24519
1751 25294
1752 19848
1752 36372
1752 36634
1753 10755
1753 13166
1753 30012
1753 32302
1753 48531
1754 7941
1754 10542
1754 32252
1755 49631
1756 7933
1757 11533
1757 14977
1758 33995
1758 45289
1759 21559
1759 41970
1760 7374
1762 11218
1762 13579
1763 22931
1763 39174
1766 5808
1767 10254
1767 10328
1767 40533
1768 21469
1768 35935
1768 47381
1769 23810
1769 35362
1769 41348
1770 40507
1771 20412
1771 39351
1771 49478
1772 24976
1772 35904
1773 14140
1774 6470
1774 38914
1774 42740
1776 18453
1776 46631
1777 46106
1777 49066
1779 10635
1779 23490
1779 29528
1780 6539
1780 22556
1780 27348
1781 3051
1781 36549
1782 18246
1783 45754
1784 4041
1784 17676
1784 28522
1784 47864
1784 48907
1786 19250
1786 29715
1786 35223
1787 25218
1787 36579
1788 16672
1788 25873
1789 12327
1789 19202
1789 25335
1790 11239
1790 13479
1790 28381
1790 33441
1790 43768
1791 43435
1792 11562
1792 18097
1792 42666
1793 6885
1793 13599
1793 31591
1794 42764
1795 26452
1796 21730
1798 7675
1798 28709
1799 10437
1799 46524
1800 9280
1800 22221
1800 30272
1800 33902
1800 37820
1800 44885
1800 49597
1801 4410
1801 32011
1802 13085
1803 22618
1803 26341
1804 4636
1804 33137
1806 6199
1806 46296
1807 30211
1807 32491
1807 35210
1808 8323
1809 22325
1809 30367
1810 18626
1811 28173
1812 3606
1812 14204
1812 44470
1813 24332
1813 25649
1815 23175
1815 25760
1816 5993
1816 21388
1816 36223
1817 12726
1817 47679
1818 39781
1820 21116
1821 42351
1822 42611
1823 20277
1823 24696
1823 26519
1823 31648
1823 46342
1823 49584
1824 12649
1824 13386
1825 10288
1825 47773
1825 48872
1826 47233
1827 32156
1828 24615
1828 25767
1830 10190
1830 27609
1830 35594
1831 26478
1831 38606
1831 44862
1833 4246
1833 19700
1833 20862
1833 35521
1833 49840
1834 1966
1834 15867
1835 38918
1835 49002
1836 46058
1837 12320
1838 12831
1839 43039
1840 6963
1840 21017
1841 24073
1841 41098
1842 39951
1843 3413
1843 13861
1843 32949
1844 15684
1845 29983
1846 45774
1847 28227
1848 27543
1848 42510
1849 8506
1849 16532
1851 28133
1852 6992
1852 35954
1853 37030
1854 49947
1855 4913
1855 36644
1856 11627
1859 19435
1859 28948
1859 32517
1859 33669
1860 33809
1860 49154
1861 18949
1861 40232
1862 8359
1862 16972
1862 30489
1862 43617
1863 47135
1864 16935
1865 5541
1865 46951
1866 41579
1866 44478
1867 29338
1867 34635
1868 20035
1869 44302
1869 46841
1870 29187
1870 39023
1871 15339
1871 27085
1871 27347
1872 6597
1872 47424
1873 39544
1874 22669
1875 7801
1875 44236
1876 27661
1876 46579
1877 45611
1878 4520
1878 27047
1879 23655
1879 34461
1880 23325
1880 26326
1881 7404
1881 10960
1881 44092
1882 19915
1883 14312
1883 22975
1884 4039
1884 7185
1884 19734
1885 31010
1885 38732
1886 39507
1887 19135
1888 36572
1888 45640
1889 44403
1890 18146
1890 31418
1890 36588
1890 41797
1891 23026
1891 44596
1892 3060
1893 27411
1894 7102
1894 42493
1895 3936
1895 38003
1895 45740
1896 25789
1897 7230
1897 10016
1897 12777
1897 14438
1897 17142
1897 28049
1899 23552
1899 26490
1900 38582
1900 41483
1901 8703
1901 20935
1901 27811
1901 32676
1901 41216
1902 31710
1902 32621
1902 40703
1904 18789
1904 31703
1904 33866
1905 6064
1905 17236
1905 47590
1906 32383
1906 42432
1908 16495
1908 45724
1909 13944
1909 33505
1910 17445
1910 45059
1911 25340
1912 7567
1914 47323
1915 35336
1915 42478
1915 47656
1916 39833
1916 46691
1918 40457
1919 3575
1919 39247
1921 4866
1921 12498
1921 20859
1922 7247
1923 24446
1925 36306
1926 23344
1926 31649
1926 38775
1928 45034
1928 45119
1929 14500
1929 22287
1929 26489
1930 11239
1930 13321
1932 31555
1933 10800
1933 28893
1934 15200
1934 18636
1934 47335
1935 29556
1935 35357
1936 11757
1936 49809
1937 6336
1937 13276
1938 8538
1938 9165
1938 15542
1938 49592
1940 18508
1941 2607
1941 4600
1941 9871
1941 26162
1942 9888
1942 33743
1943 26072
1945 9989
1947 41925
1947 46644
1948 28258
1948 29742
1949 5703
1949 10772
1949 18925
1949 27215
1949 45261
1950 36229
1951 3335
1951 14582
1951 17860
1951 24681
1953 17099
1953 22036
1953 45420
1954 47314
1954 48194
1954 48969
1955 5695
1955 16857
1955 29810
1955 32200
1956 2915
1957 10164
1957 45279
1957 47048
1958 30372
1958 43952
1959 8008
1959 17485
1960 13748
1960 25803
1960 38891
1961 3519
1961 11268
1962 49843
1964 30583
1965 23218
1965 29475
1965 42773
1967 21730
1967 31903
1968 17670
1968 34056
1968 48823
1970 22681
1971 6067
1971 11372
1971 13018
1971 34079
1971 47503
1972 44715
1972 48528
1973 29664
1974 42129
1975 15690
1975 26049
1976 5344
1976 7907
1976 12860
1977 15659
1977 16478
1977 36257
1978 2134
1978 16463
1978 19667
1978 26430
1978 38445
1979 47664
1980 11364
1980 32128
1981 21453
1982 2305
1982 22449
1982 28672
1982 29623
1982 42051
1983 14776
1983 17622
1983 40827
1984 31492
1985 7435
1985 24190
1985 39397
1985 44991
1986 4038
1986 42024
1987 29152
1987 32459
1987 41903
1987 43690
1988 2992
1988 27595
1988 40580
1989 14939
1989 35522
1989 36257
1990 47320
1991 18133
1991 46143
1992 45433
1993 13599
1994 14741
1994 44447
1994 48389
1995 8372
1995 39586
1996 48155
1997 8618
1997 49669
1998 13290
1998 33527
1999 10962
1999 14016
1999 16127
2000 5623
2003 5431
2003 18599
2003 22936
2004 13712
2004 15435
2005 23401
2005 48533
2007 23177
2008 8953
2008 23580
2009 2497
2009 42034
2010 5526
2010 38056
2011 2626
2011 14810
2012 19115
2012 27110
2013 39271
2013 42276
2014 48951
2015 22646
2015 29279
2015 39446
2017 14341
2018 38663
2018 49241
2019 5352
2019 25371
2021 47684
2022 31752
2022 42967
2022 44012
2022 44711
2023 25022
2023 48296
2024 5194
2025 3806
2025 14798
2025 32237
2027 26771
2028 9570
2029 18060
2030 31630
2030 48735
2032 3698
2032 18809
2033 7995
2033 25906
2033 34184
2034 15482
2034 19821
2036 31677
2036 33682
2036 34066
2037 5467
2037 36522
2037 47328
2038 20440
2038 34992
2040 22768
2040 40053
2041 37555
2042 5048
2044 12715
2044 44510
2045 37612
2046 20031
2046 36612
2047 25656
2048 27700
2048 49284
2049 22569
2050 4768
2050 5705
2050 17878
2050 18299
2050 32857
2051 9819
2051 16411
2051 49949
2052 14357
2052 31350
2052 46809
2053 41884
2054 8330
2054 12472
2055 29900
2057 4683
2057 42511
2058 4986
2058 35292
2058 35638
2059 18243
2061 5097
2061 12901
2061 49159
2063 23709
2063 34876
2064 9875
2065 33426
2066 4908
2066 11914
2066 22328
2067 23835
2067 36451
2067 48286
2068 24256
2068 35560
2069 28486
2069 38818
2070 4393
2073 12033
2073 13045
2073 19271
2073 27671
2073 45489
2074 35465
2075 4855
2075 23212
2076 42847
2077 3982
2077 11493
2079 5417
2080 49960
2081 10854
2081 21106
2082 13557
2082 43708
2082 46103
2082 49670
2084 45446
2085 14131
2085 27525
2085 43611
2086 19091
2087 2106
2087 14929
2088 16797
2089 11536
2089 16641
2089 45441
2091 6380
2091 28469
2091 37061
2091 40912
2093 27233
2093 49153
2094 25444
2094 40251
2095 2796
2095 37868
2096 33193
2097 19294
2098 26145
2098 38427
2099 7057
2099 46843
2100 39001
2101 18311
2101 18787
2101 38666
2102 20240
2102 27423
2102 46926
2104 14699
2104 26748
2105 25882
2105 31310
2105 35909
2106 2563
2106 12685
2106 23617
2107 7969
2107 12549
2107 20358
2107 22723
2107 46839
2108 32102
2110 7438
2110 15022
2112 3980
2112 12948
2113 9199
2113 12935
2113 19030
2113 33030
2113 43374
2113 47643
2114 4021
2114 15909
2114 17376
2114 18061
2114 40533
2115 42879
2116 31736
2118 35012
2120 10743
2120 20633
2121 39411
2122 4939
2122 24074
2122 29067
2122 37843
2122 42749
2123 4238
2123 19491
2123 22149
2123 45130
2124 11396
2126 43791
2127 7639
2127 27964
2128 41766
2129 8045
2129 33302
2129 36927
2131 26225
2132 2542
2132 13291
2132 16497
2132 31104
2132 33578
2132 46031
2133 34263
2134 4580
2135 10580
2135 24062
2137 19272
2137 45903
2138 6632
2138 9463
2138 13333
2139 13852
2139 17771
2139 20053
2139 44184
2140 34008
2141 26222
2143 41626
2144 10199
2144 26588
2144 32361
2144 35173
2146 37330
2148 33133
2149 15829
2149 25946
2150 2747
2150 43861
2151 11811
2151 14942
2152 39056
2152 46121
2153 36894
2154 9829
2155 40775
2157 36267
2157 37297
2158 49339
2161 37834
2162 5550
2162 14058
2163 21127
2163 23786
2163 29348
2163 32129
2164 8120
2165 18120
2166 45254
2167 14867
2167 23395
2167 41933
2168 29029
2168 29921
2169 5524
2169 17910
2169 36728
2170 22078
2170 36934
2171 25842
2172 11980
2172 16028
2172 23612
2172 33227
2173 21271
2173 27573
2174 8327
2174 32642
2174 42465
2175 26415
2175 26875
2176 13203
2177 2449
2177 4840
2177 12126
2177 23541
2177 32451
2177 33637
2178 21698
2179 4810
2179 15570
2180 17789
2180 18692
2180 47511
2181 34948
2181 44918
2182 32638
2183 18209
2184 39870
2184 45230
2185 8094
2185 22163
2185 22587
2185 22623
2186 3216
2186 21052
2187 14048
2187 22626
2189 9307
2189 44140
2190 3004
2190 11866
2191 8942
2191 9239
2192 13459
2192 27670
2192 45096
2192 46919
2193 24167
2193 48750
2194 25455
2194 29356
2195 33371
2196 37111
2196 39970
2198 5986
2198 24397
2199 4852
2199 36069
2201 5036
2201 20360
2201 24983
2201 44482
2202 30953
2202 43159
2203 8606
2203 21926
2203 32760
2203 39097
2203 43345
2204 14503
2206 22996
2206 26719
2206 28392
2206 38524
2206 47389
2207 40756
2208 15654
2209 2723
2209 2870
2209 22141
2209 32738
2209 37061
2209 47663
2210 18468
2210 18641
2210 48481
2211 49647
2213 25325
2213 36832
2214 11656
2214 22360
2214 48563
2215 42780
2215 47907
2216 5825
2216 10161
2216 43729
2217 15301
2217 31922
2217 33344
2218 15924
2218 33163
2218 44260
2219 43665
2220 10529
2221 12090
2221 23732
2221 27576
2221 35144
2221 38363
2222 13548
2222 22548
2222 26015
2222 30424
2223 35739
2223 37572
2224 37036
2225 9798
2225 16797
2225 27730
2227 11833
2228 31063
2228 42973
2229 29515
2229 39831
2230 20324
2231 10381
2232 12125
2233 29245
2234 16707
2234 49259
2235 40345
2235 45954
2236 14295
2236 34389
2238 31735
2238 48531
2239 21585
2239 34860
2241 5115
2241 48542
2243 10741
2243 26850
2243 35357
2243 44605
2244 3972
2244 7375
2244 34782
2244 41289
2245 39389
2247 6449
2247 11521
2248 16338
2248 23700
2249 32766
2250 23239
2250 33242
2250 35501
2251 13103
2251 15605
2251 42355
2251 43819
2252 6594
2252 24613
2252 25989
2254 22055
2254 24394
2254 44641
2255 43501
2256 23579
2257 26974
2257 38643
2257 44752
2258 48227
2259 30464
2259 33071
2260 29567
2260 32666
2261 26307
2262 12945
2262 13890
2262 20252
2264 2704
2264 7528
2264 28410
2264 33032
2264 46771
2264 46926
2265 9473
2265 26855
2266 3856
2266 10529
2266 34842
2268 42976
2269 8476
2269 20750
2271 11420
2271 19538
2272 42071
2273 7114
2274 20131
2276 10540
2276 12278
2276 21998
2276 29072
2276 30860
2277 18555
2277 49252
2278 15746
2279 2598
2280 32777
2280 36605
2280 38318
2281 12656
2281 38044
2281 49438
2283 6372
2283 36631
2283 38027
2285 30484
2286 37293
2287 8716
2287 16940
2287 19939
2287 47568
2289 26688
2289 46725
2290 17307
2290 22424
2291 14494
2291 32671
2292 27942
2292 36804
2293 39114
2294 33022
2294 40303
2294 42790
2294 46774
2295 38308
2295 42051
2295 49888
2296 12169
2296 33370
2297 44121
2297 44377
2297 47806
2299 4201
2300 7938
2300 18237
2302 44590
2303 14101
2303 22359
2304 4343
2305 25296
2306 45492
2307 3111
2307 34582
2307 46505
2308 8467
2308 23993
2308 28229
2308 41051
2308 42800
2309 3099
2309 10937
2310 18256
2311 37025
2312 41471
2313 24216
2315 29593
2315 40997
2315 44381
2315 49914
2316 5343
2316 10218
2316 29943
2316 30831
2316 37545
2317 12805
2317 26253
2317 26329
2318 12503
2318 46404
2319 26620
2319 32863
2319 34211
2320 37536
2321 9406
2321 13747
2321 21559
2321 22415
2321 38039
2322 26790
2323 9775
2323 30840
2324 2341
2324 11530
2325 11192
2325 29970
2327 14537
2327 46888
2328 3064
2328 5020
2328 30270
2329 23696
2329 27576
2330 42018
2332 5810
2332 13235
2332 20988
2332 41488
2334 24246
2336 15359
2337 13080
2337 41739
2337 47971
2339 32399
2342 4688
2342 31414
2343 3453
2343 42885
2344 6038
2344 8721
2344 16319
2345 2788
2345 12736
2345 33112
2346 3921
2346 34284
2347 5288
2348 13088
2348 26038
2349 16528
2349 27484
2350 17432
2350 37796
2352 15555
2352 17896
2352 22168
2353 45404
2355 9200
2355 18171
2355 20091
2356 15545
2357 25079
2357 33887
2357 39171
2358 35611
2359 34783
2359 47890
2360 3153
2360 15078
2360 46521
2361 38231
2361 46868
2362 23054
2363 24086
2364 12827
2365 25333
2365 37043
2367 4424
2368 25227
2368 29799
2369 25973
2369 48523
2370 24549
2370 41995
2370 46821
2370 48599
2371 41495
2371 49489
2372 12769
2372 29136
2373 6509
2373 39175
2374 25341
2374 39108
2374 47059
2375 3219
2375 20221
2376 28472
2376 40629
2376 49036
2377 30301
2377 40196
2378 10952
2380 4629
2380 47225
2382 7087
2384 9286
2384 30104
2385 6543
2386 16372
2386 48083
2387 9219
2388 10970
2389 4544
2389 9882
2389 25969
2390 16592
2390 22827
2391 32174
2391 32730
2391 40122
2391 47199
2392 7450
2393 48821
2394 29073
2394 38404
2394 41832
2395 15609
2395 22441
2396 6076
2397 12139
2397 39320
2398 33424
2399 45395
2402 11387
2402 21451
2404 18803
2405 3756
2405 21148
2405 23217
2405 24793
2406 2891
2406 12513
2407 7855
2408 40079
2409 3093
2409 25840
2409 47911
2410 24951
2411 43208
2411 43694
2412 24032
2412 43156
2413 5697
2413 10462
2414 28406
2414 49629
2415 5525
2415 5695
2415 17201
2415 38058
2415 48554
2417 21985
2417 34072
2418 38227
2418 41676
2419 4559
2419 9232
2419 12726
2419 21458
2419 31826
2420 29887
2420 46736
2421 12011
2421 42027
2422 34509
2423 3332
2423 11489
2423 36719
2423 39032
2425 24705
2425 38037
2427 17405
2427 49868
2428 9436
2428 35804
2430 13437
2430 47813
2431 15662
2431 29028
2431 37485
2432 46696
2432 47221
2433 5892
2434 5902
2434 17736
2434 23546
2435 21385
2435 23866
2437 41299
2437 41933
2438 6131
2438 33991
2438 46329
2438 49850
2439 24329
2439 25587
2439 37501
2440 24991
2442 9357
2442 9544
2442 36380
2443 49743
2444 11927
2444 28446
2444 43507
2444 46059
2445 20726
2445 38669
2446 5348
2446 7071
2446 34085
2446 41845
2446 44682
2448 4770
2448 13499
2448 25865
2450 24688
2451 7339
2451 7586
2451 17292
2451 34296
2451 48758
2452 19904
2452 34412
2452 36650
2452 49272
2453 22819
2453 34120
2453 39394
2453 48179
2455 14220
2455 33426
2455 34968
2455 39634
2455 40723
2455 46309
2457 37466
2458 33180
2459 7120
2460 13278
2460 33487
2461 20541
2462 34071
2462 40722
2462 41594
2463 27031
2463 27838
2464 24174
2464 37576
2465 49589
2466 32844
2466 37998
2466 44893
2467 32379
2468 11964
2468 49328
2469 21645
2469 37046
2470 10464
2470 17427
2470 26336
2470 29807
2470 44085
2471 43516
2471 45488
2471 46359
2472 21716
2472 43766
2473 42589
2474 10478
2474 11566
2474 16804
2474 48296
2475 13341
2475 45786
2476 43108
2476 46147
2477 14079
2477 15266
2477 30788
2477 34121
2478 9381
2479 4783
2479 28538
2480 40842
2481 26392
2482 26477
2482 34548
2484 4247
2484 35941
2485 40877
2486 9859
2486 28303
2487 6550
2487 13947
2487 29417
2487 33529
2487 44316
2488 5034
2488 25531
2488 33172
2489 9002
2489 24079
2489 25558
2489 30315
2489 32897
2489 44094
2490 35126
2491 27019
2491 36351
2491 38936
2491 49787
2492 2682
2492 16763
2492 21914
2492 27405
2493 33438
2494 2872
2494 21352
2494 35395
2496 10220
2497 12042
2497 12727
2499 12963
2499 15678
2499 22525
2499 25335
2500 29068
2500 44804
2501 33328
2502 9382
2503 10407
2503 26481
2503 40357
2503 43643
2504 44624
2505 40023
2505 48757
2506 32325
2506 45855
2507 11491
2507 40005
2507 43730
2508 47840
2509 7661
2509 17696
2510 7848
2510 9029
2510 9599
2510 17565
2510 28435
2511 10401
2511 25402
2511 32317
2512 11349
2513 6070
2513 24850
2513 40053
2514 9860
2514 16891
2515 16497
2515 31497
2515 36313
2516 8957
2516 41126
2516 41437
2517 23982
2518 19357
2518 31120
2518 32859
2518 32950
2518 44799
2519 14490
2521 9534
2521 21864
2521 40620
2522 3887
2522 25618
2522 45919
2523 12429
2523 21825
2523 39952
2524 36111
2524 36922
2525 24514
2526 8827
2526 27750
2527 22688
2528 7255
2528 31181
2529 16528
2530 26432
2532 4521
2532 39105
2532 41494
2535 13735
2536 37044
2536 46300
2537 4322
2537 21221
2537 28511
2538 7412
2538 25464
2538 41083
2538 44425
2539 8904
2540 4826
2540 7344
2541 27615
2541 30805
2541 34346
2541 44972
2542 13521
2542 14981
2542 31065
2542 43570
2543 10049
2543 36568
2543 39481
2543 43369
2543 48557
2544 6279
2545 17291
2546 7151
2547 20414
2547 29505
2547 44785
2548 49924
2549 28813
2549 41154
2550 11355
2551 13504
2551 29899
2552 17925
2552 49532
2553 12550
2553 16619
2556 43221
2557 5758
2557 40712
2557 46074
2558 45107
2559 17778
2559 46425
2561 7215
2561 17334
2561 21930
2561 42467
2562 25760
2562 27278
2563 35608
2563 43101
2565 34022
2565 44051
2566 19716
2566 37964
2566 46712
2567 24520
2567 39012
2568 25918
2570 38659
2571 24581
2571 36734
2571 42557
2573 3224
2573 47983
2574 35781
2574 41079
2575 8064
2575 37880
2576 26060
2576 26874
2576 42949
2577 17998
2578 9228
2578 11093
2578 48201
2579 14503
2580 27971
2580 33077
2581 17376
2581 23244
2581 49031
2582 10232
2582 19179
2582 46997
2583 17556
2584 13656
2584 33227
2585 26681
2585 29665
2586 9745
2586 38968
2586 40611
2586 44005
2587 16195
2587 31250
2587 46342
2588 21367
2588 30204
2588 44258
2589 30334
2590 9967
2590 30476
2591 19064
2592 37949
2592 39863
2593 4124
2593 11485
2593 21602
2594 9187
2594 22668
2594 43393
2595 10163
2595 25286
2595 40756
2596 3728
2596 36902
2596 42073
2598 4362
2598 18004
2598 20931
2599 18041
2599 28148
2599 31518
2600 30639
2600 37953
2602 2864
2602 49549
2603 43254
2604 40146
2605 18024
2605 33940
2605 35858
2605 41649
2606 29935
2607 26261
2607 31755
2609 13925
2610 37529
2611 12713
2611 30423
2612 29972
2613 43293
2614 23022
2614 47187
2616 19719
2616 31009
2616 37105
2617 35146
2617 38732
2617 40602
2618 12459
2618 23091
2618 24332
2619 12997
2619 28830
2619 38027
2619 44028
2619 47243
2620 2990
2620 14623
2620 20992
2620 42334
2620 43487
2621 25179
2621 29588
2621 39151
2621 42909
2622 14033
2622 36479
2622 37369
2624 9247
2625 26704
2625 29023
2626 29867
2626 39438
2627 21476
2628 45405
2630 30322
2630 31496
2630 37621
2630 42035
2630 46395
2631 15408
2633 10505
2633 45262
2634 4056
2634 35637
2634 38303
2634 48888
2635 32923
2636 40513
2636 47880
2636 49195
2637 9779
2637 17859
2638 31237
2638 40505
2639 16394
2640 9805
2640 17860
2641 34320
2641 37923
2643 33264
2644 2708
2644 21415
2644 22544
2644 28941
2645 12551
2646 27674
2646 28991
2648 8113
2648 45212
2649 3723
2649 17662
2649 26260
2649 26672
2650 16106
2650 28410
2650 44440
2651 12253
2651 45934
2652 24205
2652 30974
2652 35105
2653 32524
2653 43706
2653 44854
2654 44442
2654 49003
2655 22425
2655 35534
2657 17535
2657 22976
2659 8245
2659 24720
2659 37765
2659 47384
2660 36593
2660 45815
2661 4675
2661 18718
2661 20359
2661 22788
2662 23288
2662 24624
2662 37684
2664 43768
2665 20498
2665 42084
2667 11113
2667 11645
2667 23139
2667 45343
2668 11416
2668 19847
2668 31089
2669 10373
2669 16659
2669 17470
2669 37663
2669 41549
2670 33500
2670 42944
2670 45372
2671 6393
2671 16143
2671 23245
2672 5146
2672 8745
2672 19497
2673 37489
2674 25854
2674 33046
2675 6089
2675 8933
2675 45482
2677 35911
2679 35246
2679 35844
2680 3623
2680 8181
2680 25345
2681 23944
2683 3681
2683 5630
2683 8927
2683 37151
2683 40864
2685 17103
2685 20068
2685 46295
2685 47539
2688 33926
2688 47027
2690 35128
2692 3945
2692 24149
2693 13203
2693 19221
2693 24273
2694 14135
2694 38373
2694 49718
2696 28990
2696 47561
2697 24026
2697 29381
2697 39792
2698 9149
2698 13917
2698 29132
2699 16959
2699 33034
2699 40900
2699 40975
2700 44121
2701 5167
2701 39876
2701 45139
2703 9152
2703 32637
2703 36491
2704 31147
2704 38599
2705 2972
2705 27293
2705 28623
2706 30983
2706 32977
2707 41163
2707 47206
2709 48146
2710 10740
2711 8961
2711 48341
2712 49448
2713 29526
2713 38546
2714 19187
2714 24688
2714 26859
2714 47715
2716 20769
2716 33927
2716 41483
2716 48213
2717 28393
2718 2964
2718 24049
2718 39019
2718 41933
2719 22669
2719 29008
2720 4502
2720 17824
2720 35647
2721 25371
2721 39743
2721 47338
2722 23084
2723 9757
2723 30971
2724 11091
2725 6709
2725 19915
2726 19874
2727 22070
2728 18950
2728 21080
2728 22137
2728 27572
2728 29052
2729 32034
2729 47070
2729 48145
2730 6327
2730 11857
2730 29735
2730 35661
2730 48685
2731 12432
2732 34155
2733 24966
2734 10052
2734 19631
2734 32645
2735 8923
2735 18629
2736 16909
2736 25281
2736 31803
2737 9898
2738 15127
2739 14123
2739 18222
2739 31409
2740 3495
2740 14959
2740 15464
2740 21407
2740 36625
2740 39805
2740 41597
2741 10311
2741 13726
2741 36436
2742 16312
2742 20317
2742 34713
2743 20150
2743 36293
2745 29733
2746 13828
2746 20345
2746 46987
2747 31138
2747 35873
2748 7274
2748 38581
2749 36336
2750 22679
2750 22820
2750 42753
2750 45585
2751 20667
2751 24974
2751 44518
2752 22792
2752 24485
2753 33612
2754 16900
2754 41673
2755 2869
2755 37406
2758 33301
2759 3175
2759 24329
2759 33333
2759 46958
2760 4539
2760 5932
2761 12445
2761 36109
2763 23214
2763 32146
2763 33471
2765 24300
2766 41409
2766 47196
2767 12474
2767 15145
2767 21453
2767 25815
2768 8501
2768 33831
2769 6092
2769 39433
2769 48609
2770 38269
2771 21643
2771 38383
2771 46119
2773 36098
2774 21857
2774 38619
2774 39809
2774 44761
2775 19072
2775 27887
2777 3910
2777 39320
2778 24674
2781 49482
2782 12502
2782 15325
2782 17784
2782 26294
2782 26628
2782 29344
2782 42546
2783 3475
2783 27939
2783 34295
2784 22703
2786 35465
2787 39288
2789 7658
2789 24144
2789 32116
2790 14962
2791 33947
2791 43693
2791 49237
2792 16257
2793 10774
2793 41013
2795 12840
2795 24145
2796 34514
2796 37368
2797 22207
2798 7090
2798 13717
2800 35139
2802 37916
2802 42662
2803 13042
2804 8697
2804 39328
2805 30388
2805 38941
2807 8113
2807 35944
2808 47794
2809 10133
2810 18264
2810 24173
2810 36793
2811 11180
2811 18547
2812 12953
2812 26760
2812 27523
2812 33921
2813 16192
2814 8785
2814 15177
2814 33255
2814 42129
2815 5002
2815 26006
2815 47025
2816 49511
2817 16833
2817 24824
2817 40135
2819 3423
2819 10672
2819 33217
2819 33936
2819 48914
2820 19780
2821 37519
2823 39377
2824 9210
2824 26488
2824 32224
2824 34346
2826 19774
2826 34366
2826 36388
2826 43542
2827 9649
2827 36128
2828 37533
2829 12647
2829 44651
2829 45518
2832 7089
2832 17890
2832 43281
2834 23078
2834 30714
2836 25640
2837 36833
2838 7764
2838 43555
2840 21415
2840 42993
2842 14064
2842 31835
2842 38430
2842 46165
2843 5069
2843 5135
2843 10998
2843 20623
2843 35497
2843 43793
2844 31859
2844 32254
2844 34917
2845 14700
2845 16642
2846 3941
2846 21024
2846 23287
2846 24562
2846 33151
2847 6202
2847 12888
2847 49595
2848 18534
2848 36147
2849 47634
2850 3111
2850 16464
2850 23912
2850 44312
2851 42593
2854 33662
2855 25635
2856 49316
2857 20532
2857 32601
2857 38773
2858 26096
2858 46722
2859 9321
2859 39172
2859 46228
2859 46573
2860 9041
2861 46598
2862 15543
2862 17220
2862 21748
2862 44471
2862 46979
2863 10528
2863 22442
2864 42260
2865 16173
2865 29110
2866 34505
2866 36774
2866 38772
2866 42205
2867 9387
2867 34258
2867 38148
2868 21524
2868 34298
2869 8234
2869 40692
2869 41914
2869 44144
2871 8852
2871 11638
2871 13534
2871 31877
2873 15186
2873 40679
2874 16617
2874 39805
2874 47771
2875 3748
2876 9313
2876 17073
2876 25391
2877 21591
2878 3144
2878 31257
2880 15959
2880 32511
2880 46736
2881 27916
2881 48811
2882 8764
2882 12277
2882 12885
2882 23156
2883 16938
2883 24431
2883 37172
2884 30887
2885 9825
2885 18229
2885 36069
2886 4685
2887 4392
2887 12752
2887 36884
2887 40441
2888 13548
2888 36275
2889 6152
2889 46117
2890 3783
2891 8154
2892 8159
2892 17011
2893 23340
2893 29792
2894 33032
2894 40292
2894 49874
2895 28422
2895 35090
2896 7611
2896 26077
2896 43562
2897 8634
2897 8965
2898 26886
2898 27828
2898 30153
2898 37414
2898 47641
2899 24487
2899 40004
2900 3003
2900 14042
2901 19009
2901 32927
2902 16040
2904 32040
2905 28623
2906 35058
2907 20154
2907 33711
2908 24092
2908 48435
2909 29236
2910 20142
2910 34021
2911 15685
2911 41928
2913 21827
2913 46722
2914 34392
2914 45794
2915 24155
2916 38045
2916 40613
2916 44841
2917 19122
2918 4317
2918 6905
2918 25675
2919 5804
2921 28795
2921 32944
2921 41452
2923 3173
2923 34124
2924 13173
2926 18405
2926 31513
2926 33972
2926 40621
2927 17007
2927 37237
2927 44477
2927 45112
2928 38725
2929 25666
2929 35287
2930 3892
2930 17315
2930 29704
2930 39585
2930 45475
2931 17377
2932 39279
2933 39343
2934 33469
2935 4310
2935 5164
2935 10267
2935 17496
2935 47705
2936 17539
2939 4016
2939 17657
2940 12275
2940 13590
2940 21903
2940 48308
2940 49329
2941 37297
2942 29334
2943 49968
2944 12709
2944 23190
2944 27821
2944 28690
2944 37190
2945 16498
2945 28438
2946 23611
2946 28812
2947 14702
2948 11732
2948 19709
2948 20720
2949 34090
2949 48219
2950 7669
2950 12778
2950 21976
2950 29716
2950 31048
2950 35203
2950 42585
2951 41859
2952 13811
2952 13894
2952 36119
2953 29614
2954 11032
2956 33563
2956 40183
2957 3760
2957 12898
2958 8350
2958 12539
2958 30322
2959 18026
2959 37024
2960 35148
2960 43288
2961 10884
2961 22809
2962 4384
2962 7519
2963 9958
2963 15476
2964 25673
2965 16824
2967 41465
2967 46983
2969 23943
2970 39269
2971 3333
2971 11691
2973 10605
2973 29231
2974 5114
2974 5539
2974 40202
2974 40299
2974 43308
2975 39071
2976 39527
2978 22289
2978 24052
2979 9682
2979 41283
2979 42974
2980 26082
2980 28748
2980 30830
2981 8181
2981 24045
2981 33898
2981 46795
2982 6789
2982 20253
2984 44476
2985 15875
2986 39153
2987 15978
2988 15500
2989 30456
2989 38916
2989 47940
2990 4198
2990 6270
2990 10831
2990 11368
2991 4974
2991 31785
2992 29629
2992 42923
2993 40732
2994 14854
2995 20916
2995 31353
2996 43986
2997 7188
2997 30101
2997 40624
2997 46562
2998 41385
2999 14813
2999 47075
3000 21678
3001 21648
3002 12700
3002 30284
3002 34202
3002 48280
3003 19881
3004 19606
3004 22729
3004 27815
3004 34950
3005 21809
3005 32331
3006 15448
3006 19340
3006 43530
3006 48406
3008 9438
3008 20243
3009 33915
3009 36400
3009 40514
3009 46502
3010 15447
3010 47944
3011 21766
3012 16006
3012 17147
3012 24167
3013 32691
3014 35259
3016 24197
3016 29484
3017 34863
3018 21739
3018 47123
3019 37446
3020 21950
3021 16343
3021 18875
3022 7541
3023 5693
3023 21878
3025 42845
3026 3102
3026 24022
3026 24947
3026 26664
3026 35163
3027 7972
3027 22958
3027 48506
3028 4762
3028 13740
3028 21829
3029 3254
3029 17015
3029 30298
3029 41712
3030 5037
3030 29015
3031 29584
3031 42148
3032 16097
3032 29925
3032 45489
3032 46634
3032 49346
3033 24184
3033 26387
3033 44289
3034 32310
3035 10354
3035 42770
3037 21236
3037 23284
3037 47281
3038 31459
3039 5910
3039 8103
3039 25883
3039 28197
3040 48743
3041 24386
3041 36741
3042 20578
3042 36926
3042 38212
3044 7144
3044 25225
3044 42189
3045 38872
3045 43804
3046 3911
3046 12577
3046 18099
3047 34994
3048 28540
3049 29012
3049 43846
3050 19185
3050 23537
3050 29374
3051 9386
3051 12092
3051 33907
3051 38475
3051 42897
3051 48247
3052 29667
3052 39273
3053 23672
3053 36307
3054 9864
3054 31643
3057 6895
3057 44256
3057 48763
3058 5785
3058 37462
3058 39211
3058 40275
3058 44446
3059 21620
3059 33923
3060 16544
3060 26203
3060 33330
3061 16573
3062 23731
3062 42250
3062 44824
3063 13206
3063 32094
3063 38120
3065 40057
3066 12155
3066 27319
3066 37898
3066 47254
3067 4488
3068 18240
3068 41520
3069 7171
3069 17483
3070 13954
3072 47816
3073 32147
3073 46191
3074 13032
3075 20701
3075 41230
3076 10328
3076 39705
3076 49817
3077 9780
3077 17976
3077 20321
3077 34205
3078 10627
3078 48387
3080 35436
3080 38381
3081 3848
3081 26840
3082 18660
3082 30298
3082 32411
3083 11977
3084 23676
3084 46379
3085 29112
3087 47966
3088 8802
3088 19240
3088 37272
3089 9216
3089 17019
3090 19176
3090 22813
3091 5615
3091 26342
3091 30460
3092 39318
3093 36068
3094 18451
3094 25173
3094 32400
3094 34266
3094 34425
3094 48565
3095 9991
3095 40377
3096 34691
3098 8272
3098 14417
3098 18426
3098 23680
3098 45592
3099 8631
3099 11322
3099 32362
3101 9099
3101 36106
3101 44077
3102 23507
3102 27504
3103 19148
3104 7960
3104 17616
3104 18070
3104 19713
3105 18015
3105 28417
3106 9249
3106 20715
3106 30236
3106 30799
3106 38822
3109 15191
3109 18041
3109 21013
3110 8247
3110 27267
3110 28979
3110 39606
3111 27114
3111 44372
3113 36911
3114 21681
3115 6146
3115 24769
3116 19707
3116 25245
3116 28713
3116 42172
3116 44857
3118 17250
3119 4583
3119 9721
3119 19070
3119 21436
3119 31118
3120 6469
3120 17183
3120 48513
3121 8165
3121 12615
3121 23936
3121 30067
3122 4840
3122 40254
3123 3499
3123 16612
3124 11014
3124 19485
3124 46677
3124 47404
3125 8053
3125 18080
3125 18561
3125 36161
3125 41397
3126 43788
3127 5864
3127 46442
3128 37432
3129 14144
3129 22229
3129 35981
3130 11599
3131 11849
3131 24904
3131 48104
3133 9821
3133 47318
3134 12136
3134 15038
3134 39229
3135 8137
3135 28162
3136 17150
3136 19805
3138 10467
3138 26030
3139 44471
3139 49221
3140 16108
3140 23967
3140 43310
3141 20838
3141 38074
3142 11970
3142 13133
3142 39635
3142 44264
3143 7327
3143 49095
3144 22138
3144 28692
3144 43210
3145 32242
3145 41433
3145 48717
3146 8338
3146 10034
3146 19945
3146 23890
3147 30807
3148 10270
3148 30803
3148 32790
3148 49659
3149 24998
3151 6489
3151 15934
3151 16233
3151 40360
3152 13309
3153 7858
3153 43086
3154 22666
3154 25547
3154 39946
3154 49456
3155 17575
3155 17644
3155 18103
3156 38227
3159 14615
3160 4678
3160 7995
3160 26507
3160 26608
3160 30593
3160 37127
3161 12839
3161 40520
3162 34092
3163 26171
3164 25919
3164 43867
3167 12485
3167 28045
3167 28733
3168 31972
3168 33444
3168 40137
3168 49574
3169 10245
3169 19333
3170 12391
3171 14520
3171 32290
3172 40302
3173 4351
3173 29596
3174 31776
3174 49990
3175 35732
3175 39753
3176 40920
3177 8595
3177 16535
3177 39542
3177 39905
3178 21559
3178 25044
3179 30313
3180 5454
3181 30966
3183 3214
3183 4018
3183 4830
3183 22410
3184 3251
3185 14680
3185 34739
3186 27755
3187 8549
3188 3991
3189 14936
3189 25266
3189 29098
3189 32723
3190 25240
3190 26385
3190 45719
3191 16914
3191 45741
3191 47894
3192 23499
3192 25509
3193 15081
3193 26959
3193 47502
3194 5906
3194 12157
3194 14621
3194 20741
3195 27629
3196 29023
3196 49273
3197 40342
3198 35879
3199 14925
3199 30661
3200 11648
3200 23344
3202 33547
3202 36795
3203 7125
3204 26077
3204 31848
3205 12192
3205 42632
3205 44274
3205 47968
3206 12677
3206 31613
3207 8357
3207 9240
3207 29933
3207 31703
3208 18261
3209 22739
3210 16008
3211 35727
3213 33330
3213 44175
3214 25024
3215 17787
3215 39431
3217 3799
3217 25744
3217 31815
3217 38785
3218 16447
3218 36800
3218 44450
3220 20889
3221 6356
3222 8645
3222 39464
3224 13452
3225 22745
3225 45997
3226 8564
3226 12606
3226 31699
3227 19191
3227 20589
3227 46944
3228 35334
3228 48593
3229 15229
3229 23268
3229 25209
3230 5447
3231 9133
3231 12526
3231 15287
3231 29076
3232 24883
3232 36783
3233 5275
3233 35636
3234 6711
3234 16898
3234 24499
3234 27871
3234 33978
3235 3837
3236 8307
3237 22330
3237 29946
3238 30257
3239 8685
3239 19607
3239 27141
3239 29011
3239 34385
3240 18008
3241 48047
3242 22802
3242 29814
3242 32714
3242 40985
3243 19661
3244 7374
3244 19664
3245 26969
3246 26242
3247 31240
3248 4054
3249 38084
3249 39617
3250 36166
3253 6861
3253 12012
3254 4591
3254 15610
3255 11823
3255 34018
3255 34664
3257 28956
3258 8869
3258 9927
3258 17357
3259 21867
3260 13130
3263 18228
3264 11113
3264 37689
3264 43213
3265 10795
3266 23680
3267 10172
3268 3290
3269 5825
3269 11164
3269 16161
3269 48415
3271 6868
3271 26731
3271 29192
3271 38483
3272 4005
3272 10760
3273 30226
3273 44090
3276 3583
3276 5546
3276 34814
3276 47190
3277 12104
3279 10558
3279 30698
3279 49497
3280 21255
3280 36668
3280 39766
3281 34294
3282 11505
3282 37864
3283 39034
3285 15525
3286 21413
3287 40448
3288 23338
3288 46713
3289 36446
3289 36689
3290 22569
3290 45744
3290 48685
3291 32970
3291 47894
3292 7258
3292 8970
3294 31366
3295 37154
3295 45250
3295 46603
3296 4649
3296 13431
3297 38558
3297 49122
3299 36598
3300 5949
3302 12540
3302 43175
3302 45700
3304 9216
3304 37929
3304 39329
3305 10413
3305 27181
3305 41919
3306 7346
3306 18871
3306 33260
3306 38738
3307 18125
3308 18676
3308 28384
3309 11477
3310 24992
3310 29902
3311 33560
3312 17363
3312 48518
3313 34843
3315 31663
3315 34557
3316 16949
3316 32368
3316 45322
3318 9363
3318 11658
3320 24319
3321 18987
3321 24273
3321 38694
3321 47370
3323 5010
3323 19601
3325 37308
3327 49957
3330 24537
3330 38226
3330 38988
3330 43838
3331 36718
3332 32940
3333 19276
3333 21893
3333 29647
3333 31619
3334 19253
3334 25285
3334 25934
3335 15063
3335 22947
3335 44321
3336 17460
3336 24140
3337 15779
3337 37759
3338 16182
3338 29105
3338 34323
3339 21293
3339 28506
3340 36292
3340 44521
3341 3397
3341 11100
3341 42390
3343 3430
3343 35920
3344 39806
3345 34576
3345 42023
3346 3483
3346 30782
3348 8388
3348 32938
3348 34049
3348 38703
3349 39370
3350 41152
3351 17464
3352 5063
3353 14336
3353 18022
3353 34288
3353 41581
3353 43918
3354 24461
3354 26916
3356 12838
3356 39285
3357 15414
3357 41700
3357 48931
3358 13640
3359 13167
3359 16363
3359 45149
3360 34949
3360 37541
3360 49422
3361 9002
3361 19512
3361 38348
3362 17149
3362 25986
3362 45894
3362 46090
3363 24988
3364 5952
3364 24970
3365 21571
3367 17351
3368 6415
3368 17287
3368 26621
3368 27990
3369 13848
3369 14179
3369 29392
3369 32352
3370 9651
3370 43856
3371 43503
3372 7564
3372 38082
3372 45183
3374 8390
3374 15341
3374 16133
3374 20318
3374 29623
3375 36688
3376 6083
3376 12706
3379 11697
3379 35844
3380 47873
3381 49075
3382 10352
3382 26157
3382 36477
3383 34106
3383 40204
3385 8969
3385 9867
3385 12450
3385 41247
3386 40029
3388 30069
3389 10587
3389 16951
3389 30652
3390 45078
3391 46707
3393 18059
3393 21695
3393 33922
3394 38803
3394 44384
3395 10525
3395 30103
3395 34275
3395 49465
3396 8351
3396 16214
3398 34667
3398 37611
3399 27154
3399 38939
3399 40961
3399 48383
3400 33273
3402 20558
3403 3828
3403 42892
3404 4921
3404 5732
3404 17860
3404 34968
3404 40349
3404 46312
3405 8791
3405 32266
3405 37888
3405 46281
3408 38488
3409 3587
3409 42656
3410 10189
3410 18096
3411 3809
3411 4982
3411 16232
3411 39387
3412 11108
3412 22657
3414 15152
3415 25664
3415 34779
3415 39132
3415 48503
3416 31719
3417 31318
3418 22046
3418 31618
3419 20294
3419 31660
3419 41865
3419 42184
3420 3921
3420 27953
3420 49235
3423 20798
3423 47147
3424 40701
3426 13124
3427 4070
3428 22278
3428 38014
3430 36536
3431 23471
3432 12621
3434 9924
3434 24803
3434 45787
3436 34574
3436 45815
3437 16336
3437 37981
3438 7033
3438 7090
3439 18110
3440 29209
3440 46388
3441 10256
3442 6365
3442 38719
3443 25263
3445 11059
3445 20792
3445 25726
3445 31108
3445 49374
3446 3474
3446 4465
3446 22119
3446 32854
3446 41293
3447 23290
3448 6508
3449 15582
3449 21044
3449 22337
3449 48264
3450 19331
3450 37281
3451 27354
3452 40477
3452 44344
3455 45158
3456 25328
3456 29373
3456 36790
3456 41527
3456 42310
3457 34727
3458 40098
3459 4852
3459 5092
3459 14944
3459 23337
3460 27426
3460 28048
3461 20601
3461 44313
3462 30793
3462 38912
3462 40070
3463 6316
3463 17566
3463 33220
3463 36043
3463 36136
3463 49599
3464 41561
3464 47857
3465 11746
3465 25786
3465 39692
3466 46405
3467 8080
3468 6133
3469 45927
3469 48605
3470 5767
3470 32472
3472 46635
3472 49558
3474 4402
3474 5332
3474 12498
3474 49733
3475 11886
3476 7442
3476 10998
3476 18873
3476 22736
3476 42795
3477 8135
3477 41842
3477 44156
3479 33513
3480 18872
3480 27596
3480 38795
3481 11342
3482 39224
3483 26655
3483 28270
3484 10039
3484 20775
3486 13947
3486 15683
3486 30710
3486 31803
3486 41665
3487 10677
3487 32211
3487 36804
3487 48169
3488 14518
3488 14760
3491 44871
3492 8907
3492 15341
3492 25116
3492 43933
3492 47081
3496 11810
3496 13379
3496 16980
3496 44180
3497 31268
3497 41679
3498 9091
3498 9407
3498 18463
3498 24488
3498 34941
3499 33635
3500 26087
3500 48306
3502 33836
3503 26678
3503 34094
3504 30705
3504 43090
3505 39081
3506 38697
3506 48903
3507 29776
3508 19714
3509 28418
3510 11923
3511 32127
3512 13996
3513 8326
3513 49722
3515 6693
3516 17345
3516 23247
3517 33456
3517 36871
3517 39601
3518 39640
3519 7814
3519 28237
3520 12756
3520 38245
3521 3635
3521 20922
3521 30094
3521 42627
3522 8503
3522 15526
3522 46928
3523 11292
3523 11525
3523 24951
3523 35479
3523 45601
3524 3923
3525 34454
3526 20019
3526 28802
3527 10061
3527 46031
3528 7082
3529 6780
3530 27010
3531 25299
3532 14177
3533 41607
3534 9259
3534 20164
3534 22980
3534 33140
3534 41670
3535 7728
3535 7943
3535 9994
3535 37777
3537 33472
3539 5120
3539 29883
3539 46343
3540 3635
3540 13643
3541 27100
3542 24360
3543 32732
3545 4763
3546 5575
3546 11229
3547 38213
3548 31133
3548 44913
3550 32214
3551 20341
3551 20961
3551 45423
3551 46623
3551 49305
3552 11557
3553 25204
3553 41975
3553 42472
3554 28261
3554 44929
3555 9684
3555 10674
3555 30224
3555 47361
3556 7459
3557 22713
3558 8797
3558 23191
3559 10459
3560 45718
3560 47227
3561 13599
3561 18461
3561 30561
3562 12815
3562 20750
3562 35510
3563 17196
3564 41099
3565 6138
3566 7678
3566 45241
3566 45670
3569 9972
3570 32199
3570 34455
3571 4064
3571 17485
3572 36637
3572 40718
3573 11635
3573 12467
3573 34953
3573 35447
3573 35660
3575 31060
3578 20611
3578 38034
3579 4690
3579 5904
3579 13692
3579 37172
3580 14206
3582 43224
3583 7133
3584 33209
3585 28763
3586 29456
3586 29841
3587 19368
3587 29835
3588 31940
3589 13187
3589 39699
3591 6166
3591 8422
3591 17768
3592 20316
3593 24737
3594 10538
3594 14631
3594 14646
3594 25326
3594 40417
3595 18935
3595 33205
3596 13764
3596 35643
3596 36866
3597 5984
3597 9319
3597 27547
3598 16805
3598 26552
3598 34358
3599 5908
3599 10454
3599 18641
3599 41048
3600 34693
3600 41378
3601 19701
3601 30788
3601 33640
3601 39205
3603 9317
3603 12410
3604 41216
3605 20438
3606 42086
3606 43702
3607 17453
3607 23412
3607 47739
3608 7716
3608 25101
3609 12118
3610 4082
3611 12055
3612 28542
3612 34581
3613 15166
3613 23294
3613 43155
3616 19531
3616 23610
3616 27840
3617 4079
3617 40773
3618 16787
3619 24045
3619 42310
3620 11217
3621 10443
3621 12266
3621 18485
3621 32795
3622 21046
3622 41628
3623 31338
3624 25699
3625 13678
3625 24819
3626 47257
3627 23404
3627 32552
3627 49750
3628 49442
3629 44046
3630 12575
3630 47758
3631 20536
3631 31128
3632 9339
3633 12460
3633 26875
3634 9823
3634 34280
3635 5749
3635 11550
3635 13423
3635 33070
3635 41800
3636 4066
3636 17092
3636 40928
3637 11696
3637 23401
3638 9573
3639 35745
3639 41734
3639 42250
3640 4593
3640 14402
3640 20523
3640 44263
3641 19942
3641 28929
3642 24718
3642 27633
3642 33328
3643 10447
3643 33819
3644 11214
3644 41174
3644 48509
3645 27631
3645 32234
3645 46342
3646 10856
3647 28091
3648 31253
3649 12449
3650 14660
3650 22020
3650 31762
3650 40370
3651 17587
3651 32677
3651 40992
3651 49917
3652 45737
3653 11637
3654 46818
3654 47823
3655 19280
3655 28785
3655 43218
3656 10580
3656 18311
3657 10637
3657 23237
3657 25775
3657 30733
3658 43671
3659 4429
3659 24628
3659 46019
3661 41978
3663 7560
3663 27244
3665 34978
3666 15905
3666 23971
3667 22506
3667 49939
3668 36585
3669 46999
3670 27326
3670 35499
3670 36611
3670 36656
3671 28539
3672 20444
3673 47572
3674 12073
3674 29489
3674 40845
3675 5456
3675 21498
3676 13055
3676 40362
3676 47453
3676 49001
3677 16215
3677 24379
3680 29545
3680 32026
3680 34300
3681 23070
3682 23619
3683 5017
3683 28238
3683 32753
3683 34100
3683 44533
3683 46442
3684 15087
3684 16695
3684 45754
3685 11434
3685 27985
3685 49717
3688 12483
3689 13412
3689 43475
3691 28279
3691 40661
3691 43971
3691 48417
3692 7980
3695 6528
3695 18554
3695 19337
3695 21257
3695 49271
3696 41611
3696 45183
3697 9563
3698 6730
3698 12285
3698 16077
3699 22734
3700 33078
3701 49788
3702 22635
3703 47485
3704 7524
3704 19220
3704 29392
3704 34117
3704 34970
3704 35035
3705 38317
3707 29162
3709 7823
3710 35849
3711 40855
3711 45600
3711 46577
3712 4253
3713 18005
3713 47249
3714 10496
3714 46151
3715 4585
3715 38770
3716 23342
3717 6919
3717 21224
3717 30559
3718 8709
3718 18058
3718 37535
3719 29805
3720 25535
3721 46370
3722 13153
3723 7081
3723 45409
3724 20487
3724 25498
3725 31941
3726 43125
3727 31255
3728 8122
3728 19520
3728 28876
3728 37451
3728 45326
3730 21902
3731 6094
3731 10861
3731 28982
3732 3815
3732 39839
3734 10342
3734 43992
3735 17907
3735 23393
3735 35543
3736 27332
3738 18290
3738 19326
3738 28423
3739 27345
3741 5562
3741 28347
3743 38490
3744 48300
3745 26210
3745 29480
3746 22800
3747 20464
3747 47173
3749 8501
3749 10678
3749 11484
3749 28918
3750 5335
3750 10661
3750 13997
3751 13365
3752 7196
3752 13453
3752 27216
3752 31656
3752 43627
3753 10303
3753 26799
3753 41367
3754 12867
3754 28484
3755 9046
3756 11461
3757 27081
3757 29134
3758 8103
3758 24604
3759 15563
3761 6959
3762 32034
3763 10196
3763 12138
3764 18126
3765 4191
3766 31687
3767 15259
3767 41658
3768 19857
3768 34919
3770 24059
3770 39187
3770 45619
3770 45906
3771 29184
3772 10924
3772 11666
3772 44886
3773 16193
3773 46797
3774 19956
3774 43232
3776 13299
3777 36711
3778 12389
3778 45518
3779 23968
3780 15548
3780 15841
3780 40090
3780 46056
3781 42287
3782 15103
3783 15031
3783 16779
3783 37973
3783 41065
3784 18410
3784 42284
3785 18249
3785 21911
3785 26732
3785 32124
3785 37962
3785 38735
3786 10009
3786 15237
3786 19770
3787 4534
3787 41977
3788 31783
3789 18616
3789 33260
3790 35959
3790 37151
3791 10065
3792 8608
3792 16334
3792 39814
3793 5149
3793 22841
3793 26175
3794 25279
3795 4541
3795 4812
3795 40727
3796 20789
3796 22025
3797 32566
3798 22415
3798 22896
3798 41859
3798 47944
3799 25231
3800 7390
3800 26004
3800 41355
3802 32110
3803 12384
3803 18199
3803 37102
3803 45667
3804 15694
3804 30722
3805 3834
3805 13159
3805 23363
3805 29651
3805 30555
3805 34995
3806 13552
3806 41574
3807 21744
3808 5202
3808 35385
3808 47003
3809 38735
3810 22298
3810 25310
3812 23664
3813 16045
3813 48519
3814 4907
3814 31176
3814 31869
3814 46143
3815 6887
3815 10256
3815 35224
3815 45231
3817 16112
3818 17812
3818 43876
3819 8109
3819 15300
3819 16276
3819 17009
3820 4158
3820 30154
3821 27757
3821 39430
3823 20576
3823 24336
3823 30418
3823 46829
3823 48232
3823 48699
3824 9796
3824 14548
3824 40226
3824 48257
3825 16257
3827 5265
3828 12926
3828 20223
3828 30246
3829 12055
3829 13514
3829 36274
3830 17137
3830 17753
3830 32914
3830 37115
3831 18031
3833 49301
3834 20088
3834 27228
3834 34535
3834 41496
3835 35410
3835 46567
3836 9291
3836 28544
3836 44058
3837 22032
3838 32234
3838 36675
3839 11063
3839 38423
3839 40049
3840 36212
3841 7830
3841 13570
3841 34146
3842 27398
3842 27425
3842 29828
3842 44930
3843 27886
3843 38336
3844 10016
3844 28179
3844 31831
3844 49229
3845 7082
3845 35284
3846 22725
3846 30664
3846 39226
3848 23895
3848 42213
3848 42789
3849 30844
3849 49081
3850 47629
3851 22548
3851 26516
3851 43271
3852 30213
3853 4285
3853 11949
3854 32965
3854 37307
3855 34219
3857 32469
3857 42973
3857 45461
3857 49400
3858 12537
3858 13585
3859 24168
3860 5693
3861 23808
3861 28415
3861 49081
3862 26356
3862 30679
3863 21135
3863 30502
3863 31290
3865 5042
3865 29977
3865 38490
3866 9624
3867 28726
3868 13039
3870 17513
3870 23975
3870 31246
3871 32020
3871 45463
3872 25024
3873 7387
3873 19118
3873 26227
3873 28325
3873 38180
3874 32552
3874 44319
3875 8007
3875 19674
3878 19795
3878 23475
3878 33059
3879 10535
3879 22144
3879 35570
3880 38539
3881 18754
3882 7699
3882 39838
3883 21692
3883 27669
3883 38914
3883 40431
3883 49295
3884 18368
3884 47767
3886 42678
3887 18038
3887 20437
3887 46631
3887 49568
3889 28869
3889 34352
3890 16366
3891 14341
3892 9267
3892 33834
3892 42145
3893 28242
3894 15316
3894 28918
3894 42584
3894 42629
3895 12446
3895 21874
3895 30152
3895 48156
3896 11287
3897 19504
3897 37708
3897 49505
3898 14553
3898 40491
3900 6102
3901 8116
3902 40270
3903 28638
3903 30432
3903 38766
3904 5793
3904 11133
3904 41147
3905 35408
3906 27087
3906 38238
3906 45987
3907 11749
3907 23086
3907 25863
3907 43322
3909 9523
3909 25348
3909 32315
3909 36620
3910 19947
3910 24067
3910 42636
3911 5879
3911 7682
3911 13355
3911 18567
3911 48413
3912 32014
3912 42903
3914 41658
3915 21680
3916 7810
3917 29146
3917 39726
3920 26575
3921 18699
3921 35510
3921 39175
3922 10006
3923 10355
3924 8579
3924 29347
3925 41219
3926 37682
3926 39558
3927 31039
3928 39450
3928 45328
3928 46045
3931 37150
3932 21498
3934 7053
3934 9527
3934 39299
3935 13528
3935 29171
3936 43874
3937 26283
3937 43080
3938 11776
3939 4985
3939 30769
3939 47840
3940 4974
3940 10583
3940 21561
3940 28977
3941 20469
3941 48118
3942 10558
3943 46398
3944 4665
3944 7604
3944 43684
3944 43738
3945 5904
3945 25280
3945 27879
3945 27893
3946 11378
3946 11555
3947 24132
3948 21498
3949 14742
3949 18113
3949 24137
3951 12276
3951 45617
3951 45846
3952 28658
3953 23577
3953 24651
3953 33353
3953 34730
3953 44556
3955 34936
3955 36834
3957 13464
3957 22241
3958 8646
3958 36037
3959 12589
3960 11175
3960 40552
3960 49428
3961 16968
3961 37305
3962 23947
3963 6721
3963 12656
3963 36050
3965 8858
3965 19202
3965 37870
3965 40488
3966 34170
3966 35485
3967 7532
3967 32600
3968 14176
3968 31056
3968 48463
3969 10438
3969 16344
3969 27025
3969 30437
3969 34361
3969 44005
3970 14038
3970 25651
3970 35114
3971 11163
3971 39050
3973 22311
3973 34887
3974 40805
3975 19534
3975 25703
3975 34997
3975 39135
3976 6361
3976 20809
3976 25337
3976 37255
3976 45144
3978 9506
3978 26547
3978 33156
3978 33598
3979 21248
3980 28226
3980 46491
3981 5340
3981 16419
3981 30401
3981 47268
3982 14008
3983 15548
3984 46625
3985 24497
3986 10982
3987 28926
3987 29887
3987 49147
3988 16897
3988 38417
3989 9317
3989 18548
3989 28109
3990 25076
3990 26457
3990 34503
3991 20816
3991 35747
3991 48107
3992 23539
3992 38985
3993 10670
3993 19275
3993 29830
3994 4765
3994 41032
3994 45720
3995 10244
3995 20348
3997 40505
3997 44937
3998 20877
3998 43474
3999 4173
3999 18622
3999 36110
4000 42311
4001 20778
4001 49311
4002 14277
4002 46463
4003 27234
4003 43854
4004 4700
4004 5747
4004 35413
4004 36570
4005 35028
4006 23706
4006 48641
4010 20149
4010 20583
4010 48158
4011 9432
4011 22391
4011 48323
4012 8738
4012 36714
4013 30325
4014 37255
4017 16360
4017 21976
4018 15511
4018 29210
4018 35903
4019 11855
4019 21479
4019 43530
4021 27595
4021 30453
4022 37848
4023 29112
4023 33092
4023 40290
4024 10918
4024 30842
4025 40957
4027 6663
4027 8822
4027 24177
4027 38870
4028 30000
4028 45003
4029 13079
4029 20235
4030 9038
4030 13156
4030 48044
4031 9808
4031 14043
4031 15771
4032 41249
4033 26101
4033 34806
4033 45431
4034 22692
4034 39039
4035 7509
4035 16513
4035 19223
4035 19650
4035 21823
4035 29686
4035 29780
4036 18353
4036 25326
4038 32035
4039 11247
4040 39742
4041 17098
4041 29086
4041 37079
4042 45925
4043 4770
4043 14894
4043 37986
4044 15643
4044 17020
4044 34097
4044 43005
4045 4627
4045 28651
4045 40935
4045 46175
4046 4462
4047 11688
4047 32523
4048 19407
4049 27165
4050 10949
4050 12370
4051 30572
4052 6121
4052 13244
4053 32221
4054 44313
4055 40700
4055 43386
4056 10855
4056 31981
4056 47535
4057 11868
4057 14955
4057 36469
4057 38952
4058 11883
4058 32286
4058 41876
4059 41408
4059 42595
4060 8214
4060 13932
4060 25554
4060 25910
4061 39706
4062 27783
4063 33942
4066 9990
4066 14413
4066 47740
4067 39447
4067 47664
4068 15105
4068 31041
4069 4611
4069 18152
4070 36332
4071 6586
4071 10142
4072 5472
4072 22993
4072 32979
4075 18271
4075 21437
4075 27867
4075 47424
4076 11089
4076 42488
4077 31669
4078 6536
4078 48672
4079 26578
4080 22182
4080 24251
4080 33868
4081 26522
4082 18412
4084 8552
4085 15416
4085 17430
4085 23528
4086 48284
4086 48390
4088 6998
4088 13458
4088 14486
4088 26149
4089 33617
4089 36021
4089 38775
4089 45331
4089 46342
4090 5471
4090 39331
4091 10109
4091 13943
4091 25106
4091 30381
4092 19975
4094 13795
4094 29189
4094 43245
4095 32144
4095 35540
4095 40390
4096 7902
4096 15207
4096 46229
4097 44593
4098 11449
4098 42872
4099 31159
4099 40280
4100 9603
4100 15115
4100 47113
4101 12355
4101 29731
4101 32864
4101 47956
4103 42936
4104 27314
4104 31850
4104 46069
4106 4414
4106 5757
4106 11945
4106 42842
4108 6483
4108 18678
4110 12300
4110 19801
4110 23702
4110 36885
4111 17489
4111 19702
4111 32842
4111 49638
4112 44520
4115 43386
4116 15015
4117 29260
4118 27428
4119 9866
4119 39573
4120 14394
4120 18838
4120 37893
4121 15403
4122 8387
4123 9239
4123 21750
4123 28000
4123 32231
4126 46638
4127 8491
4128 8808
4129 6571
4129 43046
4130 12496
4131 15842
4131 34084
4133 30775
4134 28015
4134 31579
4135 15787
4135 42272
4136 24817
4136 39890
4137 8483
4137 24801
4137 29783
4138 9832
4139 12264
4140 5917
4140 20827
4141 26811
4141 48021
4142 23748
4142 46319
4143 9036
4143 14517
4143 33457
4143 47619
4145 6982
4145 24910
4145 25501
4146 24987
4147 22844
4148 20421
4148 31780
4149 8058
4149 28246
4150 39561
4150 43229
4151 28388
4151 36056
4151 36974
4152 32041
4153 24404
4154 8667
4154 18437
4154 33953
4155 14863
4155 24988
4155 42634
4156 23866
4157 48591
4159 10999
4159 37183
4159 37546
4160 18606
4160 25619
4160 46449
4161 16935
4161 24750
4161 35324
4163 44621
4164 23517
4164 29448
4168 19788
4168 26466
4168 26653
4168 43525
4169 24800
4169 41832
4170 41326
4171 5721
4171 24399
4171 48032
4172 20996
4172 22389
4172 28503
4173 14713
4173 26839
4173 30193
4173 41760
4173 43605
4174 13464
4176 6477
4176 15298
4176 49753
4177 42141
4179 34801
4180 8811
4180 36382
4180 42099
4181 9185
4181 22639
4181 45046
4182 46643
4183 9094
4184 9602
4184 25179
4185 22144
4186 41350
4187 12795
4187 36133
4189 16882
4191 17651
4193 36189
4194 21911
4194 34834
4195 5835
4195 19517
4196 5533
4196 7209
4197 17029
4198 5053
4198 39401
4199 29315
4201 4316
4201 5920
4201 30404
4201 35600
4201 45931
4201 49456
4202 20718
4202 40350
4202 45947
4203 21966
4204 39058
4205 23894
4206 7042
4206 35286
4206 46975
4208 8939
4208 12336
4208 47201
4209 18175
4209 31229
4209 40178
4210 17752
4210 21647
4210 33714
4211 28496
4211 36046
4213 16566
4213 17893
4213 35138
4214 7817
4215 31322
4216 4994
4217 8196
4217 22380
4217 29582
4217 36454
4217 43724
4220 19046
4220 40183
4220 47818
4221 7463
4221 9218
4221 38305
4222 6533
4222 38938
4222 49416
4223 42130
4225 46495
4226 33257
4227 10541
4227 22579
4227 25123
4228 15679
4228 30867
4228 45222
4229 6647
4229 16077
4229 45154
4231 41305
4232 25850
4232 33293
4232 42928
4233 10102
4233 22669
4233 36709
4233 39502
4233 44286
4233 44791
4234 16964
4234 44501
4236 9254
4237 21241
4238 5586
4239 20417
4239 35132
4240 5500
4240 26441
4241 8149
4241 18191
4241 19976
4241 23744
4241 27725
4242 23758
4243 23307
4244 40890
4244 48060
4245 33960
4245 39587
4245 43542
4245 46739
4246 4253
4246 41595
4247 20914
4248 22952
4248 39575
4250 27261
4251 22993
4253 32430
4254 12550
4255 10015
4256 5350
4256 22833
4256 27437
4256 28216
4257 5876
4257 6817
4257 34616
4257 46285
4258 9150
4258 37795
4258 48947
4259 45161
4260 31682
4261 31812
4261 36636
4261 42383
4262 18911
4262 23894
4263 46392
4267 12726
4267 13630
4268 5116
4268 15479
4268 35633
4268 45591
4269 8523
4269 33271
4270 16437
4270 17438
4270 43796
4271 34707
4271 40867
4273 10327
4274 25748
4274 31279
4275 12789
4275 44485
4275 47926
4276 5020
4276 14216
4276 25084
4276 26735
4276 35419
4276 46680
4277 20319
4277 25496
4277 30820
4277 49947
4278 16319
4279 28036
4279 42820
4279 46926
4280 24184
4280 44398
4281 26475
4281 34127
4282 29128
4283 29840
4284 5340
4284 11985
4284 24807
4285 29845
4286 20484
4286 28120
4286 40890
4287 30821
4287 31191
4287 42818
4287 45286
4288 45043
4289 8157
4289 45747
4290 16602
4290 34492
4290 35613
4291 49525
4292 26969
4292 37242
4292 38761
4292 41596
4293 10303
4294 15791
4294 36077
4294 37471
4297 13479
4297 30667
4299 47351
4299 49473
4300 13204
4300 23976
4301 47574
4302 16960
4302 49059
4303 25961
4303 39211
4304 47097
4305 13455
4305 18110
4305 28258
4305 49482
4306 23483
4307 8271
4307 13213
4307 32712
4307 44847
4308 23135
4308 26717
4309 37831
4310 18625
4310 41648
4311 14955
4311 18846
4311 23169
4312 15253
4312 27177
4312 28117
4312 30747
4312 31260
4312 48027
4313 20291
4313 49123
4314 12584
4315 34295
4315 41143
4316 25063
4317 31641
4318 11005
4319 15644
4319 45269
4321 15476
4321 42735
4322 34664
4323 6457
4324 40802
4324 42607
4325 7837
4325 17280
4325 19593
4325 39852
4326 9222
4327 16551
4327 34078
4328 10941
4329 15937
4329 29320
4330 24644
4331 10328
4331 17706
4331 20392
4331 22176
4332 17852
4333 4985
4333 11798
4335 7578
4335 39906
4335 45880
4337 22223
4337 34773
4337 36415
4337 43639
4337 47269
4338 7907
4338 23339
4338 49148
4339 17141
4339 44464
4340 32677
4340 35064
4340 40778
4341 7584
4341 19316
4341 26035
4342 48083
4343 29262
4343 35819
4345 24591
4346 5698
4346 11028
4346 11815
4346 25565
4347 32004
4348 25706
4348 49881
4349 20439
4351 21737
4351 29917
4351 46234
4351 46866
4354 14441
4354 35853
4354 37643
4354 40333
4355 31449
4355 35207
4355 41003
4355 42454
4355 46448
4356 24168
4356 25227
4358 8144
4358 34537
4359 43319
4360 20548
4360 29482
4360 36256
4361 32079
4361 32225
4361 49927
4362 6424
4363 15968
4363 41821
4364 16661
4365 7925
4365 19899
4365 22265
4365 47614
4366 9829
4366 13345
4367 49298
4368 21065
4368 22549
4368 26054
4368 42204
4369 13011
4369 43914
4370 27417
4370 38411
4371 10771
4371 19036
4372 32268
4373 6975
4374 7863
4374 26510
4375 19664
4375 26843
4375 35765
4376 6136
4376 19890
4376 28200
4377 22363
4378 29818
4378 45717
4379 48800
4380 7953
4381 9753
4381 38666
4382 17872
4382 33187
4383 13723
4383 39527
4385 22551
4385 30404
4386 15326
4386 30970
4387 30510
4387 33906
4387 34908
4387 44505
4388 26200
4389 20674
4389 23456
4390 5214
4390 17006
4391 18158
4393 23865
4396 19216
4397 35060
4397 37693
4398 30998
4398 47217
4399 10312
4399 31525
4399 44129
4399 46170
4400 16055
4400 28591
4400 40367
4401 16519
4401 39700
4403 17530
4404 7704
4405 42701
4406 30430
4406 41554
4407 12982
4408 6640
4408 7721
4408 23127
4409 30181
4410 13267
4410 16248
4410 18826
4410 41683
4411 12501
4411 23565
4411 32102
4411 37969
4411 43469
4413 13605
4414 9010
4414 38353
4414 40785
4415 25741
4415 28582
4415 42585
4416 5754
4416 25421
4417 41635
4417 43378
4418 5528
4418 24698
4418 40553
4419 13928
4419 39759
4420 23805
4420 28375
4420 46231
4421 42691
4422 6231
4423 47353
4424 37842
4426 38878
4426 48904
4428 19626
4428 33729
4429 7365
4429 16932
4429 24766
4430 10871
4430 35629
4430 40685
4431 19055
4431 29483
4432 43624
4434 35435
4434 41312
4435 17949
4437 7340
4437 12183
4438 40260
4439 31274
4439 33750
4439 40711
4439 47458
4440 27439
4441 7951
4441 25788
4442 28794
4443 10277
4443 15390
4443 25198
4443 34250
4444 46171
4446 10197
4447 38329
4447 41201
4448 13180
4448 17252
4448 45408
4449 19699
4449 22481
4449 38874
4449 40448
4451 44170
4452 46537
4454 11422
4454 13315
4454 21942
4454 31209
4454 36247
4455 11536
4458 42960
4459 39143
4460 12259
4460 25473
4461 11966
4462 20244
4462 29855
4462 35184
4462 36386
4463 33794
4463 39787
4463 49897
4464 11177
4464 47964
4465 33458
4466 6082
4466 48977
4467 22920
4467 35220
4467 49342
4468 25129
4468 47093
4468 48234
4469 37677
4469 45975
4469 48907
4470 9983
4471 25899
4473 35188
4473 35984
4475 19766
4475 29703
4476 26245
4478 8315
4478 36716
4480 35491
4480 40412
4481 32048
4483 6492
4484 28593
4484 32429
4484 49766
4485 40178
4486 14011
4486 45300
4486 45745
4486 49977
4487 38514
4488 19875
4488 35685
4489 8386
4489 8708
4489 24916
4490 16536
4490 35652
4491 17646
4491 44404
4492 27574
4493 34700
4495 36561
4496 39336
4497 30569
4497 33302
4498 40652
4498 48060
4499 21212
4500 49980
4502 22868
4503 20192
4503 43865
4503 48522
4504 18409
4506 43936
4507 4612
4507 20537
4507 30918
4507 32064
4507 46172
4508 7112
4508 27962
4509 16143
4509 41276
4509 46622
4510 39038
4510 39380
4511 22279
4512 38724
4512 47347
4513 20022
4513 37819
4514 11110
4514 33563
4515 37376
4516 7347
4516 33915
4516 39558
4517 48286
4517 49603
4518 14693
4518 26925
4518 44685
4519 5511
4519 9803
4519 16174
4519 47594
4520 25247
4520 39956
4521 7579
4521 21314
4521 39612
4522 5276
4522 5840
4522 11836
4522 18468
4522 34074
4523 13315
4523 35057
4524 25376
4524 40261
4525 20916
4525 32056
4525 47553
4525 48227
4526 49831
4527 13844
4528 18791
4528 28317
4528 45271
4529 39129
4529 44551
4530 15118
4530 49096
4531 12218
4532 20989
4532 29601
4532 42854
4533 44167
4534 10586
4534 21571
4534 42880
4536 5598
4537 4728
4537 14612
4537 31915
4538 15675
4539 30074
4539 39691
4539 43504
4540 26063
4541 15751
4543 13527
4543 35577
4544 18789
4544 32955
4545 41599
4546 22117
4547 28485
4547 28918
4547 41784
4548 5275
4548 29128
4548 49269
4551 33549
4551 47688
4552 26692
4553 39727
4553 45501
4553 47916
4554 36328
4556 11485
4556 42302
4556 45684
4557 14159
4557 16500
4558 11939
4558 42091
4558 44975
4559 38161
4559 42661
4560 39114
4560 40582
4561 13345
4561 13768
4561 16006
4563 15233
4564 8590
4565 20237
4565 32493
4566 28175
4566 32101
4567 13943
4567 21713
4568 7666
4568 25019
4568 28049
4568 30747
4568 38398
4568 43420
4569 12865
4569 25935
4569 41873
4570 38234
4570 39729
4570 41141
4571 14332
4572 18485
4572 27255
4573 40731
4575 27665
4575 48276
4576 21398
4576 26985
4577 18843
4577 30472
4577 34390
4577 34505
4577 37172
4578 48268
4579 39425
4579 41664
4580 38521
4580 39726
4580 42297
4580 43573
4581 41881
4582 37200
4582 48266
4583 5769
4583 36708
4583 42112
4583 46150
4584 4691
4584 27513
4584 30219
4584 33004
4584 34733
4585 14539
4585 32384
4585 32408
4585 34826
4586 14923
4587 26479
4588 13657
4588 15800
4588 34117
4588 46652
4589 33051
4590 6277
4590 35329
4591 46025
4592 9437
4592 39031
4593 37658
4594 19699
4594 33923
4594 35793
4594 40391
4595 30236
4598 35026
4598 42957
4599 47755
4602 9813
4602 45149
4603 15123
4604 6085
4604 12786
4604 20809
4604 25483
4604 35802
4604 38976
4604 41796
4605 5347
4605 21349
4605 21625
4605 33004
4606 24180
4606 28380
4606 32749
4607 29763
4608 23216
4609 13277
4609 42040
4610 8939
4610 20361
4611 8063
4611 9399
4612 13013
4613 33323
4613 39271
4614 43358
4615 13083
4615 34276
4616 39435
4616 44436
4617 18068
4617 27314
4617 32611
4617 38220
4617 49261
4618 13490
4619 9465
4619 17914
4619 28423
4619 43153
4621 22313
4621 25153
4621 34844
4622 21140
4622 22186
4622 35419
4622 48233
4623 30546
4623 31776
4624 19562
4624 29192
4624 34720
4624 41565
4625 4883
4625 14383
4625 31540
4626 45600
4627 42622
4628 17658
4628 32367
4628 38814
4629 32142
4629 39236
4630 18224
4631 8225
4631 43270
4634 25343
4635 30027
4635 41980
4637 10298
4637 15172
4637 36304
4638 39737
4638 43181
4639 35919
4641 19374
4642 47899
4642 48055
4643 9611
4643 44777
4644 13121
4644 22934
4644 24577
4645 23725
4645 24934
4645 31407
4645 31718
4645 45395
4646 21121
4646 24804
4647 14354
4647 18985
4647 31513
4647 45820
4648 9244
4649 6373
4649 40723
4649 42783
4650 11274
4650 22774
4651 5366
4652 22671
4652 24128
4652 36457
4653 10778
4653 45361
4654 39883
4655 25865
4655 44640
4656 15165
4657 47084
4658 39267
4658 46493
4659 10085
4663 20216
4665 45355
4667 36203
4667 36279
4668 8110
4668 28981
4668 46072
4669 48589
4671 31458
4673 6279
4673 16644
4673 36498
4674 29717
4674 34326
4674 41872
4675 17898
4675 49302
4676 13374
4676 16538
4676 32375
4678 5019
4679 26282
4680 29021
4680 46494
4682 34151
4682 37367
4682 47282
4683 6824
4684 15905
4685 19940
4685 32296
4685 38185
4685 47779
4686 15530
4686 31112
4686 34799
4688 22470
4688 29680
4688 45428
4689 13239
4689 47161
4691 12873
4693 13066
4693 16575
4694 8276
4694 18232
4694 31476
4695 6678
4695 43894
4697 20311
4697 44417
4698 24780
4698 25480
4698 38607
4699 23066
4700 13786
4700 16737
4701 12311
4702 33782
4702 42865
4703 14924
4703 16228
4703 20006
4703 39922
4704 26532
4705 21009
4705 31270
4705 37504
4705 38596
4706 7690
4706 42590
4707 29346
4707 41057
4707 42150
4708 6546
4708 26925
4708 49789
4709 6467
4709 11840
4709 12939
4710 13117
4711 33202
4711 39381
4712 23964
4712 39522
4715 23146
4715 40418
4716 19892
4716 32538
4716 41476
4717 10576
4717 12192
4717 23568
4717 37831
4717 37926
4718 19369
4718 40657
4719 33306
4719 40704
4719 45391
4720 46442
4721 12012
4721 26063
4722 24056
4724 20540
4724 21365
4724 23281
4724 28242
4725 6335
4725 11064
4725 24392
4726 18854
4727 17839
4727 35541
4727 44635
4728 29294
4728 46972
4729 14059
4730 28830
4731 26099
4733 32529
4734 15486
4735 38113
4736 30927
4737 34646
4738 14206
4738 36595
4739 40245
4740 6877
4741 16422
4741 27606
4741 42244
4742 11316
4744 11842
4744 26682
4746 37402
4746 39065
4747 14459
4747 16364
4748 16012
4748 45451
4748 48231
4750 15772
4750 39174
4752 48666
4753 31320
4753 32603
4753 41783
4754 7054
4754 31811
4754 40647
4755 5925
4755 8449
4755 13179
4756 21527
4756 41858
4758 7277
4758 11123
4760 21889
4760 32443
4760 38237
4761 48201
4762 14167
4762 48616
4763 37616
4764 32880
4765 13634
4765 19053
4766 12991
4766 15817
4766 34414
4766 38221
4767 35962
4768 26387
4768 37536
4770 21871
4770 26514
4770 29542
4772 12176
4772 13537
4772 14332
4772 17318
4772 35865
4772 46773
4772 49593
4773 45209
4774 5050
4774 5445
4774 10697
4774 42102
4774 46315
4775 25740
4775 36552
4776 6008
4776 11991
4776 13001
4777 16254
4777 39967
4778 21351
4778 27454
4778 39200
4779 24454
4779 45692
4780 13598
4780 21876
4781 45203
4782 34367
4782 44898
4783 7489
4783 21460
4783 24582
4783 28792
4784 19218
4784 47516
4785 34940
4785 38273
4785 39600
4786 32814
4787 48810
4789 43904
4789 45400
4790 24737
4791 5098
4792 6298
4793 7845
4793 14339
4794 41181
4795 27087
4796 6966
4796 18691
4797 40971
4797 43774
4798 15500
4798 29850
4798 34718
4800 13433
4800 18459
4800 35722
4801 8124
4801 45823
4802 7098
4802 18384
4802 22521
4802 45566
4802 47610
4803 9514
4803 18072
4804 10833
4804 14508
4804 17233
4804 42338
4805 39518
4805 44406
4806 7287
4806 19787
4806 21506
4807 6817
4807 28588
4808 26392
4808 37961
4809 21964
4809 30261
4810 20946
4810 47715
4810 48437
4811 36117
4811 39935
4812 6357
4812 24244
4812 33498
4812 46915
4813 12322
4813 17417
4814 25787
4815 28533
4815 30792
4816 23665
4817 7681
4817 15634
4818 6994
4818 18523
4819 20149
4819 25705
4819 45482
4819 49129
4822 17994
4822 20876
4823 9880
4823 13824
4823 17478
4824 14813
4824 32263
4824 41943
4825 25693
4825 49246
4826 29317
4826 31008
4827 34823
4828 22748
4830 20361
4831 41913
4832 11935
4832 17410
4832 42618
4833 12620
4833 13058
4833 23450
4833 48246
4833 49367
4834 7425
4834 21434
4834 34517
4834 38955
4835 22427
4835 37356
4835 48296
4836 47052
4837 26920
4837 34760
4837 34891
4837 35788
4838 43304
4839 8866
4839 17772
4839 25639
4840 37122
4841 37929
4842 29213
4842 47404
4843 17760
4844 7076
4844 41714
4844 43144
4844 43735
4845 22271
4845 28099
4845 30413
4846 15382
4846 40099
4846 42954
4847 40930
4848 22453
4848 33965
4848 43195
4849 9734
4849 12891
4849 37599
4850 27767
4850 31986
4850 32212
4850 44174
4851 28806
4853 36066
4853 36596
4854 6833
4854 27929
4855 20028
4856 27132
4858 10811
4858 20255
4860 18433
4861 12334
4861 21963
4861 28484
4861 47486
4864 40705
4864 41467
4865 19352
4865 33023
4865 34105
4865 38742
4866 16061
4868 42864
4868 45314
4869 48469
4870 5397
4870 27583
4871 6192
4871 36798
4872 11342
4872 46294
4873 16041
4873 37714
4874 13080
4874 29267
4874 36213
4875 21358
4875 38882
4875 46147
4875 47904
4876 19293
4876 39165
4876 48585
4877 10515
4877 26559
4877 32646
4878 21039
4879 13039
4879 13164
4879 14959
4879 24704
4880 25328
4881 14859
4881 41002
4882 21715
4884 19040
4884 41390
4884 48920
4885 11084
4885 33976
4885 39615
4886 22962
4886 30014
4886 32572
4886 35656
4886 36715
4887 38447
4888 19074
4888 19300
4890 17432
4890 22646
4890 35850
4891 10856
4891 15354
4892 42264
4893 40012
4893 43491
4893 48972
4894 9192
4895 20705
4895 35132
4895 43621
4895 48552
4896 27003
4896 46511
4898 15067
4898 23326
4898 25195
4898 32911
4899 11005
4899 27606
4900 6026
4900 12708
4901 25307
4901 36786
4903 31015
4904 14183
4904 34637
4905 16438
4905 42065
4906 18123
4907 46942
4909 44582
4910 25215
4910 46442
4910 49093
4912 9767
4912 14123
4912 43583
4913 28099
4913 28672
4914 11403
4914 38147
4915 20833
4915 45969
4917 15855
4917 16942
4917 19123
4918 39273
4919 47708
4920 14841
4920 16504
4922 29177
4923 9669
4923 32675
4923 45595
4924 38038
4925 28360
4925 30636
4925 39879
4925 41077
4926 18441
4926 22439
4928 48583
4929 28298
4929 33954
4930 27404
4931 11823
4932 18265
4932 21415
4933 5951
4933 19048
4933 43917
4934 33590
4934 37837
4935 28521
4935 33688
4935 34149
4935 42547
4936 6724
4936 35383
4937 45264
4937 47893
4938 19717
4938 24481
4938 29848
4939 12484
4939 14862
4939 44713
4941 17840
4941 19264
4941 24008
4941 24250
4941 37725
4942 20350
4942 40584
4942 40903
4944 9905
4945 15578
4945 48999
4946 49687
4947 12547
4947 45413
4947 48638
4948 30683
4949 6788
4949 40478
4949 46477
4950 28056
4950 32834
4951 8821
4951 29262
4951 30666
4951 36238
4951 49108
4952 21096
4952 29049
4952 43603
4952 46043
4953 12341
4954 7042
4954 9197
4954 46666
4955 47016
4956 25692
4956 47651
4957 12331
4957 33270
4958 16096
4959 49427
4960 31186
4961 41522
4962 5586
4964 22420
4965 16331
4965 23598
4965 34731
4966 11288
4966 28334
4966 41632
4967 17203
4967 23452
4967 31222
4969 12983
4969 34117
4971 11784
4971 23329
4971 26727
4971 29746
4971 34540
4971 48267
4973 32587
4974 45783
4975 33497
4976 46750
4978 13427
4978 14984
4978 18581
4980 29833
4980 38241
4981 10452
4981 30990
4981 31835
4981 48178
4982 33394
4983 16318
4984 17773
4984 43014
4984 46813
4985 7038
4985 43272
4986 41962
4986 44259
4987 20208
4987 40176
4987 42494
4988 7472
4989 38593
4990 13137
4990 17260
4990 18837
4990 30757
4991 27797
4991 43917
4992 13871
4992 41636
4993 20388
4994 35950
4994 42506
4995 12262
4995 37598
4995 39478
4995 47884
4996 39215
4996 41137
4996 47298
4997 11996
4998 13237
4998 36212
4999 14234
4999 14922
4999 23337
4999 43994
5000 25350
5000 39700
5001 9612
5002 28928
5002 31143
5003 24752
5003 43603
5003 45141
5004 34157
5004 35860
5005 6815
5005 7741
5005 12455
5006 7606
5006 11668
5007 34362
5009 30134
5010 36120
5012 32827
5014 7605
5014 30104
5014 39350
5016 15221
5016 30978
5017 28081
5017 35566
5017 49421
5018 9095
5018 12870
5018 19138
5018 33980
5018 45978
5019 19809
5019 27030
5020 12444
5020 24351
5020 35104
5020 35344
5020 45194
5020 46018
5021 15627
5021 34526
5023 40486
5024 11469
5024 40411
5024 49151
5030 26289
5031 12140
5031 13610
5031 40856
5032 5422
5032 12197
5032 46262
5033 7362
5034 14565
5034 21565
5035 47962
5036 12973
5036 33429
5036 33692
5037 41895
5038 29202
5038 33843
5038 41790
5038 45559
5038 46486
5039 10200
5040 6027
5040 28352
5040 36113
5040 47329
5041 24664
5042 5633
5042 11499
5042 22069
5043 20049
5043 34127
5043 48134
5044 11123
5044 33946
5045 5199
5045 28528
5046 29644
5047 48722
5050 5479
5050 14990
5050 33955
5051 40032
5052 36130
5052 49581
5052 49698
5053 38406
5054 12524
5054 23165
5055 21494
5055 34128
5056 33690
5057 17116
5057 21702
5057 33284
5058 28128
5058 34698
5058 44292
5059 20316
5059 37072
5060 38653
5060 47788
5061 38681
5061 39089
5062 32304
5063 7029
5063 46282
5063 47021
5063 49882
5064 5337
5064 14657
5065 26456
5066 11825
5067 43110
5068 21406
5068 46008
5069 15918
5069 29772
5069 47142
5069 48611
5069 49134
5070 17720
5070 23335
5070 48772
5071 17466
5071 19727
5071 31980
5071 37872
5072 34747
5072 45157
5073 25945
5075 15780
5076 20442
5077 13092
5077 15820
5077 16273
5077 17574
5077 35430
5078 9737
5080 44528
5082 43888
5083 26317
5083 32729
5083 35426
5084 23258
5086 35417
5086 46978
5087 14960
5087 15473
5087 34593
5087 42859
5087 45699
5088 15412
5089 9028
5089 9291
5091 21556
5091 49028
5092 15932
5092 49625
5095 11966
5095 24495
5095 43440
5096 10170
5097 27130
5098 10859
5098 20261
5099 30447
5100 25756
5100 29054
5100 45574
5101 7842
5101 18887
5102 49911
5103 8639
5103 35476
5104 23682
5104 37592
5105 7986
5105 33615
5106 17622
5106 18751
5107 9765
5107 43297
5107 49731
5109 6991
5109 10731
5109 27405
5109 40378
5110 14493
5110 14987
5110 48678
5112 22742
5112 34548
5113 39904
5113 45837
5114 13666
5114 16777
5116 12673
5116 23402
5117 7900
5117 22432
5117 35645
5118 9138
5118 16774
5118 33287
5119 31286
5121 17005
5121 48265
5122 10036
5122 33066
5123 32192
5123 33303
5123 43858
5123 48518
5124 31762
5124 39790
5125 19215
5125 33510
5126 44821
5127 11358
5127 15591
5127 20536
5128 46407
5129 28254
5129 29133
5130 6391
5130 18402
5130 28412
5131 9359
5131 31186
5131 47892
5132 20404
5132 28361
5132 34596
5132 37787
5133 5159
5133 28816
5133 44799
5133 49462
5134 10418
5134 13882
5134 20504
5134 29176
5135 7091
5135 9025
5135 12517
5135 43208
5136 10053
5136 21052
5136 31648
5137 33929
5138 28828
5139 20157
5140 19949
5140 37946
5140 38415
5140 41829
5142 19699
5142 36660
5142 44251
5142 46537
5144 15425
5144 20963
5144 24814
5144 25004
5145 6047
5145 29338
5145 49820
5146 43209
5146 46983
5146 47803
5147 42473
5147 47254
5148 22915
5148 31818
5148 41867
5149 7565
5149 21319
5150 41211
5151 45760
5152 13629
5153 26579
5154 35490
5154 37870
5154 37925
5155 25350
5155 26974
5155 32272
5156 36448
5157 34971
5159 21065
5161 40553
5161 46686
5162 8550
5162 41567
5163 7289
5163 26282
5163 36567
5163 42204
5164 16350
5164 17178
5164 21359
5164 44896
5165 10234
5165 14393
5165 31221
5166 31262
5166 33637
5166 44554
5167 7264
5167 41837
5168 9516
5168 45765
5169 36557
5170 37987
5170 39953
5171 47335
5172 5535
5172 17355
5173 13559
5174 38595
5174 43307
5175 8287
5175 27255
5175 29629
5175 35804
5176 18386
5176 35959
5177 5227
5177 45375
5178 11691
5180 10211
5180 23183
5182 16706
5182 34249
5182 49050
5183 22802
5183 43183
5184 15290
5185 9270
5185 31631
5186 46747
5188 36156
5189 13453
5189 47944
5190 17857
5191 49108
5193 10683
5193 37306
5193 47372
5194 5826
5194 23477
5194 45235
5195 32179
5195 32269
5195 32614
5195 36345
5197 7790
5197 39742
5198 19075
5198 23509
5198 32051
5199 34768
5199 36720
5200 44559
5201 15541
5201 38462
5201 44951
5202 11830
5202 27067
5202 29714
5203 25781
5203 28420
5204 6836
5204 26660
5204 27628
5204 43575
5204 44743
5205 25433
5205 47469
5206 11692
5208 5217
5208 17436
5208 33203
5210 11576
5210 25979
5210 27109
5211 10718
5212 20598
5212 43082
5212 48853
5213 30147
5213 30538
5213 31309
5214 12140
5214 43327
5215 13931
5215 32095
5215 36699
5216 16333
5217 10374
5218 17431
5219 40987
5220 22548
5223 10085
5223 40410
5224 16732
5224 32990
5224 46089
5226 18517
5227 6382
5227 34776
5228 17852
5228 27422
5229 36669
5229 41248
5230 48631
5231 12910
5232 8153
5232 28503
5232 31007
5232 36607
5233 7599
5233 28824
5234 16504
5234 19879
5234 33060
5234 35295
5235 13485
5235 22147
5235 25556
5236 7609
5236 15027
5237 38968
5238 28650
5238 38762
5239 30649
5240 39378
5241 9881
5241 39335
5242 5350
5244 42517
5245 12260
5247 13532
5247 15906
5248 9206
5248 48360
5249 27776
5249 47764
5250 12312
5250 24045
5251 6585
5251 8312
5251 11470
5251 45592
5252 6118
5252 37593
5253 25088
5253 36390
5254 43563
5255 48225
5256 48528
5257 24402
5257 28890
5259 7934
5259 41572
5260 7929
5260 14799
5260 44554
5261 35520
5262 27468
5262 38936
5263 38593
5264 49491
5265 24975
5265 25880
5265 35173
5266 20759
5266 33746
5266 43284
5266 45855
5267 12918
5267 21831
5267 22264
5267 25397
5268 36607
5268 40620
5269 23633
5269 35837
5269 44122
5270 19638
5271 26693
5271 27522
5271 39857
5272 6227
5273 13300
5273 44756
5274 16186
5274 34074
5277 36272
5277 42248
5278 31520
5278 41946
5278 43608
5280 26819
5282 7390
5283 32442
5283 42289
5284 49809
5287 19726
5287 26877
5287 33740
5288 24438
5288 25438
5288 31375
5288 40479
5289 5965
5289 14748
5289 41718
5290 12431
5290 18980
5290 22005
5290 32857
5290 36118
5291 30151
5292 22048
5292 48159
5293 43950
5294 11095
5294 22578
5294 48735
5295 15276
5295 26420
5296 20106
5296 21230
5296 47640
5297 12930
5297 34598
5297 48243
5299 27554
5299 39966
5300 13500
5300 32647
5300 48946
5301 32813
5301 44175
5304 29876
5304 39931
5304 46635
5307 18138
5307 49612
5309 12775
5309 21766
5310 19006
5310 20337
5311 7509
5312 11472
5312 48013
5312 49007
5314 39393
5315 5894
5315 25413
5315 39790
5316 13353
5316 39330
5316 44795
5317 8073
5317 23808
5317 48218
5318 5579
5319 14329
5320 14648
5321 29795
5321 37407
5322 13564
5322 17155
5322 17359
5323 36029
5325 42729
5325 46663
5326 26649
5326 36103
5327 11366
5327 25914
5330 28176
5331 13662
5331 42868
5331 47872
5332 17189
5332 31372
5333 20079
5334 36159
5335 17784
5335 42015
5336 18920
5336 47809
5338 6056
5338 6075
5338 25624
5338 41413
5338 47041
5339 10725
5339 15844
5339 26465
5339 39385
5340 7274
5340 37595
5340 43267
5341 11945
5341 27757
5341 31349
5342 18272
5342 27512
5342 39345
5343 38024
5345 6284
5345 34985
5346 19967
5346 32966
5346 40655
5346 45090
5347 31696
5348 34412
5349 42238
5350 16603
5350 34717
5350 40727
5352 37395
5352 46343
5353 19271
5353 39801
5354 16600
5354 37634
5355 11519
5355 30692
5355 39165
5356 29422
5356 35250
5357 20503
5358 15996
5358 30541
5358 32396
5358 49031
5359 14762
5360 12001
5360 19037
5360 27013
5360 27829
5361 24095
5363 7170
5365 16745
5365 25070
5365 47400
5367 13021
5367 20827
5368 29012
5368 38701
5368 42800
5369 19500
5369 31889
5369 48120
5371 8778
5371 22384
5372 33201
5373 48391
5374 26849
5374 28629
5374 38919
5374 39017
5375 45145
5376 7474
5376 12191
5376 21779
5376 25914
5378 7457
5379 23378
5380 15569
5380 30002
5380 31968
5380 44318
5381 24762
5381 38289
5382 11680
5382 23788
5382 46042
5383 11923
5383 16863
5383 32428
5384 37578
5384 39111
5385 15082
5385 24594
5386 28385
5386 38725
5388 24095
5388 35662
5389 45405
5390 13956
5391 10953
5391 11682
5391 27670
5392 38465
5393 17949
5393 30163
5393 33679
5394 35129
5395 40221
5396 7957
5396 12056
5396 23143
5396 26673
5397 29616
5399 37257
5400 8517
5400 29030
5401 13016
5402 17082
5402 45041
5403 7113
5403 11210
5403 19154
5403 33524
5404 20437
5404 22403
5405 22404
5405 22743
5405 26039
5405 49948
5407 30829
5408 30027
5408 46896
5409 10411
5409 19747
5410 48729
5411 44395
5412 21155
5412 48685
5413 10297
5413 32488
5413 33510
5413 44032
5414 42005
5414 43052
5416 35871
5416 42127
5416 43632
5416 46534
5417 10271
5418 21700
5418 35425
5419 34823
5420 28829
5421 11829
5421 42197
5422 39193
5422 44406
5423 44875
5424 8210
5424 14910
5425 26255
5425 49153
5426 10592
5426 24250
5426 29059
5426 42999
5426 47305
5427 36557
5428 23245
5428 30774
5429 34271
5430 29225
5431 11248
5431 25680
5433 34024
5434 7418
5435 9736
5435 36387
5437 32222
5437 34524
5437 49827
5439 8584
5439 35206
5440 27792
5440 45017
5441 30904
5442 14622
5442 46957
5445 20025
5446 6238
5446 11154
5447 14909
5447 15118
5447 47784
5447 48521
5448 11871
5448 14069
5448 22955
5448 34675
5449 13272
5449 14693
5449 27548
5449 43602
5450 17029
5451 49947
5452 19619
5452 46353
5452 48957
5453 46910
5454 18886
5454 20531
5454 28601
5456 19392
5456 22101
5456 40363
5458 9617
5458 21555
5459 26983
5459 29072
5459 29110
5459 41493
5460 43029
5460 44713
5461 10462
5461 28653
5462 35304
5463 40520
5465 10798
5465 48200
5466 30751
5466 34338
5467 32532
5467 37351
5467 43423
5467 46810
5468 25499
5469 43394
5469 45579
5470 38805
5470 39826
5471 37416
5473 11497
5473 17655
5473 31384
5473 46368
5474 6131
5474 21034
5475 14898
5476 6606
5476 23239
5477 18017
5477 21785
5478 13536
5478 46054
5479 31845
5479 33908
5479 36859
5480 7447
5481 27420
5482 29194
5483 11568
5483 16331
5483 17205
5483 19294
5484 34982
5485 14970
5488 5614
5488 23755
5489 24031
5489 25470
5489 41889
5490 34432
5491 27641
5493 25904
5493 45441
5494 16703
5495 18533
5495 40422
5496 18494
5498 9971
5498 43906
5499 47796
5500 44343
5500 45353
5502 11416
5502 34742
5502 35158
5503 7007
5503 46326
5504 14001
5505 15041
5506 7039
5506 19658
5508 40194
5509 10601
5509 35091
5510 25954
5510 30249
5510 37728
5511 14502
5512 38411
5512 43415
5513 39502
5513 40194
5513 49166
5514 9230
5514 39252
5514 44833
5515 35009
5515 40718
5515 42366
5515 46845
5516 8054
5516 15478
5517 5649
5519 27496
5520 31300
5521 38412
5521 44695
5522 13666
5522 19118
5522 44160
5523 45247
5524 16317
5524 21596
5524 47867
5525 8920
5525 20757
5525 49552
5526 18004
5526 42656
5527 27865
5528 10502
5528 15270
5528 20021
5528 25951
5529 20940
5530 14939
5532 18078
5532 23855
5533 13548
5533 20303
5533 40034
5535 5807
5535 10599
5535 22056
5535 33558
5535 36535
5535 44029
5536 17358
5536 20690
5536 31248
5536 43004
5537 19824
5537 29979
5538 9555
5538 33422
5538 36804
5539 9061
5539 20305
5539 44372
5540 9018
5540 33297
5541 15571
5541 20571
5541 30558
5541 40628
5543 7872
5543 12432
5543 30653
5543 38187
5543 38566
5544 7487
5544 13345
5545 32753
5546 26983
5546 41895
5548 20324
5548 21431
5549 21632
5549 24920
5550 25714
5551 9056
5551 12364
5551 33041
5552 39737
5553 25914
5553 49309
5555 18269
5555 25430
5555 38908
5557 37508
5558 37439
5559 7338
5559 9110
5560 23201
5562 28142
5562 33562
5562 39216
5562 39723
5562 41635
5563 12394
5564 17779
5564 18926
5564 30018
5565 25373
5566 9680
5566 19179
5566 30539
5567 21212
5567 46793
5568 34501
5568 43435
5569 24564
5569 25660
5569 47398
5571 10574
5571 12333
5572 8116
5572 20365
5572 47948
5573 5857
5573 8522
5573 12973
5574 11866
5575 36273
5575 42550
5576 34142
5576 36588
5576 37202
5577 8412
5577 10564
5577 46176
5578 38500
5578 41089
5578 41636
5578 49857
5579 10215
5579 22072
5579 23505
5579 46410
5580 13244
5580 34460
5581 11501
5582 23769
5583 21985
5583 26912
5584 29248
5585 21594
5585 37080
5586 10770
5587 14348
5587 24411
5587 39974
5588 17834
5588 21725
5588 45346
5590 38958
5590 42858
5591 11949
5591 12618
5591 31438
5592 6721
5592 14131
5592 18233
5592 23269
5592 25568
5592 45650
5593 25340
5594 23247
5594 35186
5595 21687
5595 47058
5603 45997
5604 7826
5604 29402
5606 5872
5606 26532
5607 8376
5608 18411
5608 24950
5608 25171
5608 25314
5608 29250
5608 32646
5608 49284
5609 47615
5609 48265
5611 11484
5612 13624
5612 39713
5613 5980
5613 48387
5615 13334
5615 24217
5615 28949
5615 38230
5615 43449
5616 15722
5616 31445
5618 47312
5620 17584
5620 25689
5620 33588
5620 41210
5620 47897
5621 27173
5621 49674
5622 22134
5622 23603
5622 44116
5623 6590
5623 25539
5623 26652
5623 39654
5623 49974
5625 33268
5626 28409
5626 44891
5627 19874
5627 43380
5627 47487
5628 45900
5629 8062
5630 17016
5631 6919
5631 19584
5631 43657
5633 27941
5634 18679
5634 23597
5634 30394
5634 31773
5634 33419
5635 8785
5635 46700
5636 29428
5637 15138
5637 24606
5638 15369
5638 32101
5640 18103
5640 24142
5640 26533
5640 43148
5641 46577
5642 15070
5642 35727
5643 9704
5643 22048
5644 10951
5644 17846
5644 20093
5645 37030
5646 10183
5646 22126
5646 25190
5646 36591
5647 12657
5647 31086
5648 36323
5648 39114
5648 43770
5649 9148
5649 16463
5649 23504
5649 32948
5649 35681
5649 36745
5649 48384
5651 23337
5651 47893
5652 26609
5653 19705
5653 31828
5655 29567
5656 34318
5656 40034
5657 42979
5658 27787
5659 30671
5660 20437
5660 22864
5661 11408
5661 42357
5661 45738
5662 10834
5662 12454
5662 31684
5662 43285
5663 33629
5663 48088
5664 36779
5665 9037
5665 25234
5665 25834
5665 26432
5666 21991
5666 38249
5667 29878
5668 7213
5669 11725
5669 21797
5670 37297
5670 43725
5671 26132
5673 43136
5674 6305
5674 19462
5674 24130
5675 15514
5677 48898
5679 26488
5679 33987
5679 39261
5679 41538
5680 9671
5681 31690
5682 10090
5682 16363
5682 32605
5682 35475
5683 40361
5683 47015
5684 19117
5684 20703
5684 38992
5685 47821
5686 47301
5689 32607
5690 21283
5691 11856
5692 14261
5692 49551
5693 37969
5694 8447
5694 14921
5694 43537
5695 13247
5695 13477
5695 15437
5695 23541
5695 30971
5696 49614
5697 22295
5699 33066
5700 28628
5703 36499
5704 10871
5704 43120
5704 45812
5706 13892
5706 41808
5707 21412
5707 34173
5707 41396
5708 48082
5709 16844
5709 19391
5710 13934
5710 27769
5710 42397
5710 44606
5711 28060
5712 20992
5712 34522
5713 16608
5713 18360
5713 19739
5713 37322
5714 7488
5714 29786
5714 42005
5714 44073
5715 8465
5715 13376
5715 45424
5716 46887
5717 16021
5719 20907
5721 7154
5721 24590
5723 7028
5723 23414
5724 7736
5725 10470
5725 11378
5725 33070
5725 43571
5726 39362
5728 30017
5729 35876
5730 13533
5730 24299
5730 40549
5730 47918
5731 6941
5731 28309
5731 36546
5732 46437
5733 6391
5733 44055
5734 36516
5734 45780
5735 14571
5735 34707
5736 20515
5736 29305
5736 43753
5736 44296
5737 10545
5737 44245
5737 44292
5737 44351
5738 13409
5738 21124
5739 6283
5741 28229
5741 41551
5741 43307
5742 15033
5742 34126
5743 18186
5743 28087
5744 37762
5745 16975
5745 34538
5745 39169
5745 48287
5746 47317
5747 24110
5748 46689
5749 22354
5750 13422
5750 48392
5751 23498
5751 32853
5751 35009
5751 47146
5752 33325
5752 36595
5752 39105
5753 33549
5753 45850
5754 35787
5754 40801
5755 11122
5755 34199
5756 36711
5756 37921
5758 16852
5758 28097
5759 42566
5760 23094
5760 35669
5760 43550
5761 25761
5762 7507
5762 30345
5763 18485
5763 40681
5764 12893
5764 49561
5765 6710
5765 37703
5767 6526
5767 36389
5767 46980
5768 40821
5769 24214
5769 45675
5770 36697
5771 28146
5772 14046
5773 31255
5773 31345
5774 8445
5775 18757
5775 18823
5775 19591
5776 18136
5776 29235
5776 38076
5778 28734
5779 6484
5779 41160
5779 42526
5780 17327
5781 15299
5781 34709
5781 46748
5782 28984
5782 33817
5782 46296
5782 48824
5784 34955
5784 43177
5785 10497
5785 49228
5786 46566
5787 16556
5787 24757
5787 29546
5788 16285
5789 46820
5791 13329
5791 23368
5791 36070
5791 41839
5792 23971
5792 41840
5793 18596
5793 30793
5794 14197
5794 36853
5794 37308
5795 20392
5795 31048
5795 33151
5795 43344
5797 8200
5797 14563
5797 26078
5797 30750
5797 39397
5797 40149
5798 27025
5798 33480
5798 34555
5798 43120
5798 43601
5799 14624
5799 32749
5799 38109
5800 17609
5800 44832
5801 22437
5801 23216
5801 25542
5801 42392
5802 12842
5802 38760
5803 10475
5804 20175
5804 20486
5805 28942
5806 13830
5806 25372
5807 12695
5807 15276
5807 22345
5807 29013
5807 42220
5809 31185
5810 10706
5810 12834
5810 13156
5810 16453
5810 29171
5810 30930
5811 26625
5812 14333
5812 23363
5812 44741
5813 19854
5813 23826
5815 40153
5816 20240
5818 23170
5819 16772
5819 28421
5819 46197
5820 29536
5821 11187
5821 19713
5821 48337
5822 13108
5823 11640
5823 22584
5824 32110
5824 40560
5825 11252
5825 36026
5825 41920
5826 15616
5826 18252
5826 23424
5826 24501
5827 25961
5827 30847
5827 49642
5828 6727
5829 27142
5829 30149
5831 23391
5831 26010
5832 7948
5832 37997
5833 11695
5833 11792
5833 12385
5833 23853
5833 25903
5833 38867
5834 49036
5835 43683
5836 29158
5836 37559
5836 42145
5837 23813
5838 12765
5838 28579
5839 28109
5839 39873
5839 47083
5840 18857
5840 25431
5841 16713
5841 17818
5841 40663
5842 10504
5845 18039
5845 28188
5845 37546
5845 41574
5847 11730
5847 48731
5848 6783
5848 10616
5848 11609
5849 28347
5849 46922
5850 28458
5850 40977
5850 43211
5850 48654
5851 14725
5851 21308
5852 46505
5853 15667
5854 27648
5854 33324
5854 34654
5854 41091
5854 42635
5855 32853
5855 33994
5856 25187
5856 44438
5857 39776
5857 42626
5857 49919
5858 12883
5858 30234
5858 36712
5859 25012
5859 30645
5860 13481
5860 14454
5860 33109
5860 39373
5861 26970
5861 32858
5863 10650
5863 44994
5863 45859
5863 48361
5864 42747
5864 49035
5865 20260
5865 25238
5866 26551
5866 36351
5867 7725
5867 42293
5869 14720
5869 22015
5869 38840
5869 47027
5871 8039
5872 40247
5874 7671
5874 19037
5874 24285
5875 37483
5876 18520
5877 10899
5877 49709
5878 34963
5879 31331
5880 12161
5880 30338
5880 30907
5880 39283
5883 38617
5883 39058
5884 7297
5884 7572
5884 8001
5884 8679
5885 10454
5885 14943
5885 21160
5885 33432
5885 40979
5887 9271
5887 33798
5888 13576
5889 20788
5889 25554
5889 35059
5890 8005
5890 46489
5891 11435
5891 12031
5891 28096
5892 15556
5895 17187
5895 31067
5897 23108
5897 44627
5899 9707
5899 27655
5899 46518
5900 14835
5900 36159
5901 38568
5903 13498
5903 38633
5903 39557
5903 42326
5903 46809
5904 19294
5905 18475
5905 31980
5905 46598
5907 39847
5908 38295
5909 20158
5910 20195
5911 33543
5912 13059
5912 27832
5913 10050
5913 15714
5913 47615
5915 19026
5915 31990
5915 47123
5915 49296
5919 31700
5921 15099
5921 29354
5921 34508
5922 14872
5922 15977
5922 29917
5924 8847
5924 12777
5924 32719
5924 36675
5926 7216
5926 21821
5926 28485
5927 17518
5927 37846
5928 22948
5928 35362
5928 43022
5929 11883
5929 42381
5929 43886
5929 48661
5930 6115
5930 22409
5930 49403
5932 25001
5932 32985
5932 41859
5934 13562
5934 20973
5934 25948
5934 48806
5935 18441
5935 36225
5935 37112
5936 9679
5936 11802
5936 16423
5936 32609
5937 18624
5939 14892
5939 36357
5941 30399
5942 44803
5944 29430
5945 9330
5946 8680
5947 18906
5948 10307
5948 30135
5948 42126
5949 41317
5951 10231
5951 17956
5951 24386
5951 43730
5951 44433
5952 31990
5952 34036
5953 17020
5953 21226
5953 39283
5953 45697
5954 23423
5955 8766
5955 10730
5956 12717
5956 20032
5958 6975
5958 25092
5958 25730
5959 22485
5960 31138
5960 31961
5962 25163
5962 37162
5962 39946
5963 44582
5964 10620
5966 9918
5966 26405
5969 13101
5969 18656
5969 38937
5969 39485
5970 15612
5970 36175
5971 12040
5971 38904
5972 10499
5972 27551
5972 39393
5972 41786
5972 45365
5973 36353
5974 17434
5974 18215
5974 31504
5975 14913
5975 30723
5976 33261
5978 19654
5978 47837
5979 39419
5980 32815
5980 39665
5981 9945
5981 20139
5981 45472
5982 11691
5982 11955
5982 33388
5983 22490
5983 35706
5985 31055
5985 31778
5986 33862
5988 8406
5989 9432
5989 32458
5989 33640
5989 37117
5991 16542
5991 22862
5992 14260
5992 38772
5992 41544
5992 43324
5994 35835
5995 45558
5997 36156
5997 40250
5997 40964
5998 29741
5999 7068
5999 22250
5999 45735
6000 14430
6000 25362
6000 33140
6000 42818
6001 9684
6001 11508
6002 31457
6002 38399
6002 43557
6003 24745
6005 39806
6006 26046
6006 39673
6008 45983
6009 17277
6009 25761
6009 34192
6009 47041
6010 9793
6012 32329
6012 37514
6013 23549
6014 15903
6014 18947
6014 48376
6015 27871
6015 39443
6015 49282
6017 26022
6017 32136
6017 36363
6017 46309
6018 39022
6019 36875
6020 35966
6020 47060
6021 25889
6021 44626
6022 21960
6022 23655
6022 47153
6023 42590
6024 19552
6025 13101
6025 41513
6026 28004
6027 27239
6028 9981
6028 25209
6028 49829
6029 28957
6030 15513
6030 17484
6031 35077
6032 16681
6033 39884
6033 42132
6034 12487
6034 14088
6034 24586
6034 28685
6034 29000
6034 46963
6035 18885
6036 13330
6037 17127
6037 27688
6037 38644
6037 42388
6037 42711
6038 34096
6039 46252
6040 37228
6040 41186
6040 45300
6044 13096
6044 19203
6044 47261
6044 48495
6046 25169
6046 33774
6047 8138
6048 13374
6048 36644
6048 47300
6049 9868
6049 16941
6049 43009
6050 44589
6051 32622
6052 11363
6052 36820
6053 15704
6053 23607
6054 7028
6054 14098
6054 33610
6055 26722
6055 41786
6057 16358
6057 29540
6057 39353
6057 48089
6058 26424
6058 27954
6059 40291
6059 48198
6060 8707
6060 30918
6061 12127
6061 49826
6062 17717
6062 19572
6062 27783
6062 44274
6063 42476
6064 8645
6064 42681
6065 6066
6065 12939
6065 22849
6066 13806
6066 14026
6066 30862
6067 24588
6067 32263
6068 22254
6068 47972
6069 33140
6070 8597
6071 26647
6072 9326
6072 40842
6073 17927
6074 8570
6074 31564
6075 7159
6075 30386
6075 30530
6076 9755
6076 48657
6077 33462
6078 23254
6078 47121
6079 6518
6079 22433
6079 49902
6080 43221
6082 14251
6083 36864
6084 8620
6084 21529
6084 27184
6084 37969
6084 41979
6085 19724
6085 20731
6085 23986
6086 30510
6087 8258
6089 8232
6089 17675
6089 38060
6090 20330
6090 32424
6091 27729
6091 39398
6093 23669
6093 45383
6094 14286
6096 34260
6096 42558
6097 22483
6097 28920
6098 6682
6099 21809
6099 35881
6100 28960
6100 40941
6101 16377
6101 18716
6101 24565
6101 34029
6103 10403
6103 13953
6106 12693
6106 28295
6106 37320
6107 25170
6107 43583
6108 12211
6108 40216
6108 46061
6109 9646
6109 41865
6110 21984
6111 48024
6112 27956
6112 42821
6114 29722
6114 35351
6114 40403
6115 10179
6116 41793
6117 39433
6117 41609
6119 19336
6119 21630
6119 27847
6119 37669
6120 14420
6120 32965
6120 47207
6121 33061
6121 33848
6121 46278
6123 10292
6123 10348
6123 42135
6123 42215
6124 8566
6125 16867
6126 16301
6128 11486
6128 40135
6129 21372
6129 27742
6130 12785
6130 24708
6131 15495
6131 22362
6132 8647
6132 16327
6132 46410
6133 8479
6133 23493
6133 26456
6135 20237
6135 46707
6136 18897
6136 35057
6137 22431
6137 28536
6138 20949
6138 39776
6138 43467
6139 6703
6139 11896
6139 12911
6140 39688
6141 39289
6143 34891
6144 8726
6144 12508
6144 36691
6145 10349
6145 36948
6146 8958
6146 13106
6146 19502
6146 20962
6146 22964
6146 42774
6147 16626
6147 20969
6147 29657
6148 30333
6148 35149
6148 37310
6148 45425
6150 14392
6150 24936
6151 15293
6152 46757
6153 20413
6153 33664
6154 16147
6155 14290
6155 36460
6158 12196
6158 43712
6160 22470
6160 23178
6160 31258
6161 6315
6161 25454
6161 34792
6162 18610
6162 29204
6162 29687
6162 39042
6163 8438
6163 18887
6163 30953
6163 44027
6165 21182
6167 31643
6167 43763
6168 13745
6168 34996
6168 49870
6169 28783
6170 36763
6171 9592
6171 12955
6173 18968
6174 19522
6174 27589
6176 37409
6178 21000
6178 25775
6178 39472
6179 20046
6180 11624
6180 30334
6181 6313
6181 22792
6182 14199
6182 34638
6182 44653
6183 15486
6183 25819
6183 41053
6184 9388
6184 28729
6184 43640
6185 36564
6187 24937
6187 29059
6188 10265
6188 35439
6188 42002
6189 23374
6189 40523
6190 19026
6190 47485
6192 7819
6192 38843
6194 28294
6196 14787
6196 21124
6197 11849
6197 23757
6197 35304
6198 31316
6198 45814
6199 11397
6200 19434
6200 26318
6201 9482
6201 47715
6203 16101
6203 46958
6204 10186
6204 23474
6205 9426
6207 37215
6208 43280
6210 7169
6211 12871
6211 48230
6213 43454
6214 16354
6214 21432
6214 29021
6215 23967
6215 24392
6215 28803
6215 49215
6216 23168
6217 6485
6217 30920
6217 34062
6217 45820
6218 13130
6219 8452
6219 12685
6219 14203
6219 19376
6219 46018
6220 19271
6220 20253
6220 30177
6222 26840
6223 14756
6224 19242
6224 33376
6225 46408
6226 6405
6226 24468
6226 37247
6227 24822
6228 41579
6229 21076
6229 38356
6231 6979
6231 21650
6231 36547
6231 38225
6232 44862
6233 17220
6234 16737
6234 21971
6234 35448
6237 30395
6237 34669
6238 31836
6239 34329
6240 17030
6241 43308
6242 32660
6243 48703
6244 45742
6245 24263
6245 44547
6245 45075
6245 45177
6247 16839
6247 26665
6247 35276
6247 41209
6248 13594
6248 16381
6249 33637
6250 27076
6251 12283
6251 27635
6253 13798
6253 22995
6254 41292
6255 19938
6255 37617
6257 14406
6257 15319
6257 29605
6258 41650
6259 17893
6259 21898
6259 38116
6259 46869
6260 10172
6260 14697
6260 37806
6260 40932
6261 7937
6261 15888
6261 24259
6261 41723
6263 36264
6264 36194
6265 11095
6265 36791
6265 48744
6267 28583
6267 30276
6267 49281
6268 8981
6268 47829
6269 40804
6269 47167
6270 11426
6270 17221
6270 21761
6270 28488
6270 49065
6271 7001
6271 26883
6271 40405
6273 15652
6273 49211
6274 19121
6274 39652
6274 43758
6275 17601
6275 21453
6275 30195
6275 40087
6275 41205
6275 47852
6275 48222
6276 13533
6276 43048
6277 17967
6277 24511
6278 49119
6279 37825
6280 16300
6280 19538
6281 7526
6281 14458
6281 18192
6281 30090
6281 34235
6282 17630
6283 47203
6284 7237
6284 46874
6285 7693
6285 21209
6285 44020
6287 20957
6288 25329
6289 39801
6290 19580
6290 33602
6291 39722
6291 39806
6292 34489
6292 35584
6292 43825
6294 13412
6294 15310
6295 34817
6295 47768
6296 10246
6298 14137
6298 24746
6298 48173
6300 8226
6300 15435
6300 33503
6301 29209
6301 43624
6302 23019
6303 39745
6304 35849
6304 41082
6304 41929
6304 44007
6305 33902
6305 42735
6305 42835
6306 8880
6306 24881
6306 32110
6306 46614
6307 20184
6307 27917
6309 6580
6309 17594
6309 31327
6309 33376
6309 48172
6310 47976
6311 11033
6311 19920
6311 45959
6312 19922
6312 37757
6313 8168
6314 18571
6314 44305
6315 18053
6316 20584
6316 22090
6318 9664
6318 15986
6319 19907
6319 20607
6319 24939
6319 36826
6319 37470
6320 35998
6322 7069
6322 26824
6322 43959
6323 10583
6324 9719
6325 11601
6325 48023
6327 8094
6327 11563
6327 37777
6327 43960
6328 31499
6328 42130
6329 6686
6330 14345
6330 29296
6330 38821
6330 42771
6330 49914
6331 9636
6331 9871
6331 30246
6331 30568
6331 39111
6332 27134
6332 29648
6333 38610
6333 46113
6334 8847
6334 12820
6334 19151
6334 20724
6334 24413
6334 32503
6335 45383
6337 23287
6337 27048
6337 42452
6338 40676
6338 45258
6339 31800
6339 41780
6340 25950
6341 20901
6341 47316
6342 9981
6342 36180
6343 26484
6346 37161
6346 39812
6347 9324
6347 31707
6348 11423
6348 23929
6349 14429
6349 44490
6351 18894
6351 21310
6351 26594
6352 14157
6352 42384
6353 13258
6353 24200
6354 17187
6354 24143
6354 47641
6356 44304
6356 48249
6357 12508
6359 25054
6361 16531
6361 18310
6362 27148
6363 8215
6363 22253
6363 28770
6364 23031
6365 32490
6366 39476
6367 41023
6368 7085
6368 20108
6368 36537
6369 17912
6370 41093
6371 10784
6371 12792
6371 46181
6373 27126
6373 37494
6373 42556
6374 23378
6375 21611
6377 29581
6377 29709
6377 30789
6377 39786
6378 41564
6379 26338
6379 28739
6379 39025
6380 32077
6380 35457
6381 9506
6382 38380
6382 39440
6384 14443
6384 29048
6384 47875
6385 25605
6385 34266
6386 18354
6386 39971
6387 48725
6388 26887
6389 39344
6390 22733
6390 31997
6391 36611
6391 46322
6392 10830
6392 15166
6392 24032
6393 37426
6393 43259
6394 33813
6394 34273
6395 15320
6395 17077
6395 42429
6396 15796
6396 45999
6397 15129
6398 11387
6398 46681
6399 11650
6399 23392
6399 42511
6401 27333
6401 29251
6402 8393
6403 28649
6404 14515
6404 25782
6404 49970
6405 20160
6405 21993
6405 47089
6406 27756
6408 25753
6409 36095
6410 14239
6410 20111
6410 44818
6411 23110
6411 38346
6411 47571
6412 25465
6412 31169
6412 35528
6413 28037
6414 15410
6414 17836
6414 32628
6416 48122
6417 14002
6417 44487
6418 12656
6418 40544
6421 24710
6421 42263
6421 44424
6423 10266
6423 14547
6423 34043
6423 48397
6424 8531
6425 21455
6426 19942
6426 36285
6428 14042
6428 18828
6428 21770
6428 30138
6428 41510
6429 21975
6429 42634
6431 16685
6431 21398
6431 41515
6431 42746
6432 11837
6432 11906
6433 41062
6433 48437
6434 23195
6435 49149
6437 10473
6438 16303
6438 33915
6439 15820
6439 30718
6439 43959
6440 28559
6440 33095
6441 20223
6441 31693
6441 34150
6442 8198
6442 31628
6442 32270
6443 24557
6444 46621
6445 41844
6446 8735
6447 34343
6447 48707
6448 9842
6449 32478
6450 42803
6451 26305
6452 25728
6453 8230
6453 23033
6453 31949
6454 20597
6455 12463
6457 38847
6458 49257
6459 25642
6459 36634
6459 40230
6461 31668
6461 35054
6463 16628
6464 21481
6465 23729
6465 47528
6467 10485
6467 17804
6467 42942
6468 17591
6468 33200
6468 39503
6469 39361
6471 7850
6471 35220
6471 36124
6471 44214
6473 12033
6473 45779
6474 15331
6474 34707
6474 40659
6474 43160
6475 15432
6475 27387
6476 10736
6476 28848
6476 45611
6477 23949
6477 42531
6477 47943
6479 33274
6479 42302
6480 46908
6481 24598
6481 29108
6481 29624
6481 38745
6481 40283
6482 29317
6482 40516
6483 41961
6483 44842
6483 46134
6484 26158
6484 49900
6486 13919
6486 41256
6486 42461
6487 39723
6487 44012
6489 30758
6490 20754
6490 49440
6491 19369
6491 28208
6492 18810
6492 27608
6492 27776
6492 33216
6493 15717
6493 29508
6494 8018
6494 12569
6494 20931
6494 24122
6496 16522
6496 31938
6496 37209
6497 14717
6497 28229
6497 34234
6499 38160
6499 47869
6500 34050
6500 35022
6500 42801
6501 14293
6501 30630
6501 43239
6502 48555
6503 6730
6505 34130
6506 15497
6506 41850
6506 42987
6507 12745
6507 14016
6508 45559
6508 48829
6509 20958
6509 47266
6510 9107
6510 18721
6510 21558
6511 21501
6511 27856
6511 33745
6512 26324
6512 36675
6513 45200
6514 11090
6514 11536
6514 13521
6515 10116
6516 14850
6516 16469
6516 49317
6517 13310
6517 23457
6517 27206
6517 33554
6518 7450
6518 8476
6518 20519
6518 27545
6518 30871
6518 46299
6520 21952
6520 45145
6521 46034
6522 8084
6522 37848
6523 11460
6523 40456
6523 40766
6524 37196
6525 12251
6526 24675
6526 46079
6528 12046
6528 30486
6528 35221
6530 23927
6530 24798
6530 32004
6530 37291
6530 44076
6532 33285
6533 37590
6533 38996
6533 40228
6534 31318
6534 45158
6535 12250
6535 22554
6535 22734
6535 29359
6536 47016
6537 19261
6537 31641
6538 28275
6538 30375
6541 24906
6541 25568
6542 11827
6544 13877
6545 26093
6545 40663
6546 32231
6547 14077
6547 30673
6547 42100
6548 28859
6550 8950
6550 20413
6550 29420
6550 43510
6551 15035
6554 7921
6554 27869
6556 38585
6557 7365
6557 26724
6557 42735
6558 15617
6559 14753
6559 31494
6560 39050
6561 17876
6561 21248
6561 21323
6561 23858
6561 39186
6562 35007
6563 20586
6563 30528
6565 13816
6565 27622
6566 25971
6567 19447
6567 42911
6570 13284
6570 27676
6571 11503
6572 27012
6572 28357
6572 37866
6574 37599
6575 21932
6575 22283
6575 37293
6575 48196
6576 8590
6576 40004
6577 6601
6578 7996
6578 31970
6579 18208
6579 43819
6580 6928
6580 28198
6580 29414
6581 7207
6581 31964
6582 24500
6582 30637
6583 28459
6584 12280
6584 40753
6585 18158
6585 38234
6586 9408
6586 12175
6586 27053
6586 36793
6587 7728
6587 10513
6587 38937
6587 42488
6590 39199
6592 9000
6592 19821
6592 20402
6593 7137
6593 32256
6594 28156
6594 38030
6594 47823
6595 23857
6596 31568
6597 38034
6597 47982
6598 39080
6598 41600
6599 24670
6599 40043
6600 45454
6603 19149
6603 19527
6603 24150
6603 39376
6603 47565
6604 36636
6604 45451
6604 45591
6605 11982
6605 27735
6605 29645
6606 10694
6606 12296
6606 24123
6606 32483
6607 46249
6608 38717
6609 20116
6610 10475
6610 16158
6611 16181
6611 20965
6611 27813
6611 45855
6611 48398
6612 35242
6612 42179
6612 42297
6613 29641
6614 9946
6614 41554
6615 29226
6615 35137
6615 49056
6616 8794
6617 33380
6617 39884
6618 28926
6618 34957
6618 41271
6619 9456
6619 24482
6619 36701
6619 45405
6619 49630
6620 12602
6620 15682
6621 7519
6621 28339
6621 43855
6622 21775
6622 25763
6622 29194
6623 23391
6624 8636
6624 13294
6624 28749
6625 47002
6626 37194
6626 42633
6626 46639
6627 14261
6627 15929
6627 16851
6627 47449
6628 8241
6629 15184
6629 20109
6629 47605
6630 8768
6632 40067
6633 47822
6634 44541
6635 19281
6636 44804
6636 44983
6638 22823
6638 40713
6638 44098
6639 28871
6640 28030
6640 46903
6642 18050
6643 12255
6646 20246
6646 30091
6646 45910
6647 29071
6648 19590
6648 49385
6649 10726
6649 39721
6650 14000
6650 23563
6651 9221
6651 16729
6652 37210
6653 10742
6653 30999
6653 33461
6653 40512
6655 34111
6656 21518
6657 25706
6658 11175
6658 45153
6658 47982
6659 19847
6659 32028
6659 38948
6660 38550
6660 40650
6660 40787
6660 41741
6661 20214
6661 39124
6662 19742
6663 36918
6663 41494
6665 43484
6666 9232
6666 16746
6666 32925
6666 45371
6667 11740
6668 24771
6668 41605
6668 48212
6669 33466
6669 35687
6669 44215
6671 31585
6672 37151
6674 7143
6675 36031
6675 48623
6676 25140
6676 43877
6677 7043
6677 35192
6677 38546
6678 49557
6679 29035
6679 46530
6680 29539
6680 31901
6680 38173
6681 19996
6682 12342
6682 19145
6683 7707
6683 27778
6683 40949
6684 27943
6685 10946
6685 28332
6686 6925
6687 8817
6687 18402
6687 39356
6688 18362
6688 21270
6689 7921
6689 25223
6690 8251
6690 11152
6690 15064
6690 24115
6692 36258
6692 42921
6693 15604
6693 17368
6693 31856
6693 36908
6694 15846
6694 26432
6694 37442
6694 38491
6694 38919
6695 47254
6697 18687
6698 31271
6699 34720
6700 6839
6700 22298
6700 31156
6700 45355
6700 45451
6701 17778
6701 33764
6701 43981
6701 44741
6702 24308
6704 10563
6705 17385
6706 45900
6708 11176
6708 24240
6708 36877
6708 39545
6708 42260
6709 20130
6710 25073
6710 26141
6710 41776
6711 19899
6712 31767
6713 10722
6713 18660
6714 13231
6714 25847
6714 28427
6714 31474
6715 34267
6715 43790
6716 15866
6716 27003
6717 22878
6717 39303
6719 11756
6719 16809
6719 44448
6719 45520
6720 7221
6720 38727
6721 36227
6722 19596
6723 41389
6726 25857
6727 11469
6727 31106
6727 31852
6729 10616
6729 24731
6730 8700
6731 9360
6731 11450
6732 48228
6733 11793
6734 29326
6734 30762
6735 36151
6735 42554
6736 15145
6736 20439
6736 21980
6736 40914
6737 14778
6737 32676
6737 36864
6738 18954
6738 36182
6739 16488
6739 41920
6740 22201
6740 37529
6741 10113
6741 34936
6743 7334
6743 13254
6744 13462
6744 19471
6744 34323
6744 44630
6745 36327
6745 45707
6746 18607
6746 21164
6746 34064
6746 38583
6746 42061
6747 6824
6747 9029
6747 19650
6747 24331
6748 18747
6748 41679
6748 42955
6748 49885
6750 20285
6751 32536
6752 43437
6756 6886
6756 14170
6756 22258
6756 44625
6757 46186
6758 9610
6758 24356
6758 45963
6759 27093
6759 35586
6759 48935
6759 49630
6760 16572
6760 17485
6760 33005
6760 46664
6760 49362
6761 25871
6761 43358
6762 21470
6762 25037
6762 25051
6764 20417
6764 36458
6765 8223
6765 20578
6765 20821
6765 28710
6767 16163
6767 18189
6767 31118
6768 7000
6768 20237
6771 30175
6771 38583
6771 48656
6772 27192
6772 30503
6773 13271
6773 48679
6774 10610
6775 34509
6775 41686
6775 44745
6776 21477
6776 34053
6776 38548
6776 44263
6778 39910
6780 7720
6780 23438
6780 36168
6781 26844
6781 35897
6781 41242
6782 36409
6782 48603
6783 22088
6785 22359
6785 29539
6786 23062
6786 33278
6786 36115
6789 10939
6789 22175
6789 37560
6789 43809
6790 17254
6791 13879
6791 25859
6791 26617
6791 32399
6792 47886
6793 12947
6793 31219
6794 18214
6794 27009
6795 28978
6795 46946
6796 12270
6796 15659
6796 15667
6796 17768
6797 19497
6797 21094
6797 30644
6798 30376
6798 31790
6799 29072
6799 36296
6800 24235
6800 43479
6802 7785
6802 32277
6803 37140
6803 43395
6804 9368
6804 29124
6804 30695
6805 39835
6805 46119
6806 27822
6806 39916
6807 10448
6808 20933
6808 28364
6808 34453
6808 45827
6809 13808
6809 18288
6809 21840
6809 23370
6810 30444
6811 29300
6812 23073
6812 44539
6813 41494
6814 10906
6814 26791
6815 23648
6816 36962
6817 11116
6817 39062
6817 48430
6819 31132
6820 38636
6820 48221
6821 12328
6822 22480
6822 26242
6823 18533
6824 28469
6824 44327
6825 30138
6826 28076
6827 45586
6828 20954
6829 29854
6830 30240
6830 32014
6831 7918
6831 13519
6831 25282
6831 38361
6831 39000
6832 7676
6832 11767
6832 32813
6833 18351
6833 24869
6833 29655
6833 42224
6833 43373
6834 21959
6834 40815
6837 18310
6838 39885
6838 44334
6839 47216
6840 28494
6840 36600
6841 45995
6842 23599
6842 44205
6843 33661
6843 35219
6843 43858
6844 30087
6844 43361
6844 43759
6846 19765
6846 23620
6846 34604
6847 15857
6847 19004
6848 31083
6849 17110
6851 10851
6851 17727
6851 35122
6851 49018
6852 25072
6853 24301
6853 29487
6854 17282
6854 27374
6855 27632
6856 26055
6857 7827
6857 27486
6857 33264
6858 39620
6858 42190
6859 18322
6859 20192
6862 9677
6864 28064
6865 23977
6865 41749
6867 27381
6867 49226
6868 8642
6868 23454
6869 36495
6870 18350
6871 26781
6872 20957
6873 25028
6873 44107
6874 21245
6875 9155
6875 17050
6875 19119
6876 20380
6876 35926
6876 36988
6877 23126
6877 37678
6878 11093
6878 38579
6878 40654
6878 42556
6879 16817
6879 36155
6880 7493
6880 10740
6880 12779
6880 37387
6880 49764
6881 11109
6881 11757
6882 47936
6883 21992
6883 26627
6883 48312
6884 13540
6885 19111
6886 12927
6888 39771
6889 14740
6889 17284
6889 26655
6890 15962
6890 43039
6891 26013
6891 42265
6891 46976
6892 19739
6893 12869
6893 23223
6894 20332
6894 41840
6895 35410
6896 23202
6897 9206
6897 46252
6898 7619
6898 16033
6899 13693
6899 19677
6899 28787
6900 8596
6900 33586
6901 37518
6902 31887
6903 8482
6903 46653
6905 33303
6906 38030
6907 34588
6907 47286
6908 16356
6909 21322
6909 21377
6909 23025
6910 9237
6910 28938
6910 38693
6910 43001
6911 9502
6911 12951
6912 7763
6912 40091
6912 48328
6913 15892
6913 28815
6913 40147
6914 36312
6916 9560
6916 26331
6917 39005
6918 11210
6918 22473
6918 38474
6918 44560
6919 28011
6920 18490
6920 45276
6920 47895
6921 28741
6921 30200
6922 14306
6923 23272
6923 25085
6923 36443
6924 7476
6925 8435
6925 18895
6925 26124
6925 35657
6925 43986
6925 47345
6926 48195
6927 34952
6927 43375
6928 13732
6928 30637
6929 31771
6929 35978
6929 37225
6929 39826
6930 12276
6930 19094
6930 46456
6931 7429
6931 26982
6933 14722
6934 21549
6935 30912
6936 7376
6936 40126
6936 48573
6938 13677
6938 29465
6938 34481
6938 45357
6939 12246
6939 45897
6940 31296
6940 36763
6941 18474
6941 39968
6941 49838
6942 42629
6943 47632
6943 48409
6944 26667
6944 42928
6945 28432
6946 8103
6946 29544
6946 35125
6946 48864
6947 18454
6947 24197
6947 36744
6948 10098
6948 24684
6949 7357
6949 8450
6949 28428
6949 36376
6949 43179
6950 20040
6951 25448
6951 39407
6951 43786
6951 45975
6952 37188
6952 41769
6953 10166
6953 39215
6954 37337
6955 23928
6958 22985
6958 33925
6959 10040
6959 11685
6959 31626
6959 32538
6959 40788
6959 40863
6960 35894
6961 12159
6962 7329
6962 16600
6962 40893
6963 44863
6963 49021
6964 25540
6964 42464
6965 36844
6966 24857
6966 37844
6966 37866
6968 8401
6968 18881
6968 33583
6968 36057
6968 42829
6969 7144
6969 8767
6969 37903
6970 29091
6970 30237
6971 30290
6973 17363
6973 23240
6973 32356
6974 28275
6974 39040
6975 30522
6975 39195
6976 14021
6977 45930
6978 7987
6978 22701
6978 27399
6979 15750
6980 19376
6980 20888
6981 41505
6982 35289
6982 35291
6982 35950
6982 37217
6983 11804
6983 14455
6984 9487
6984 12054
6984 25929
6984 36392
6985 34831
6986 8192
6986 42837
6988 12820
6990 49051
6991 24029
6992 10051
6992 17355
6992 31119
6992 32889
6994 12186
6994 17800
6994 39147
6995 49600
6996 38522
6997 29092
6998 9097
6999 36722
7000 7260
7000 16597
7000 33609
7001 36382
7003 12737
7003 28423
7003 33845
7003 42601
7004 42201
7005 40347
7006 17069
7006 39150
7006 41600
7007 36174
7008 38896
7010 42868
7010 44455
7011 47282
7012 36410
7013 23601
7014 9867
7014 26701
7014 47114
7015 17202
7015 22322
7016 7017
7016 33869
7017 37209
7018 20266
7018 24991
7018 26943
7019 11832
7019 43237
7020 19315
7020 31806
7020 32778
7020 35273
7020 40374
7020 45398
7020 48315
7021 7945
7021 12332
7021 23720
7021 37107
7021 42451
7021 46558
7022 26545
7022 27705
7022 38915
7022 45962
7023 34070
7024 8788
7024 26874
7024 38836
7026 31870
7026 37238
7028 20596
7028 30399
7028 36262
7029 25147
7029 37776
7029 38906
7029 39626
7030 18928
7030 41321
7031 27986
7032 28735
7032 36009
7033 46606
7033 47507
7034 27509
7035 28323
7035 30901
7035 45134
7036 27540
7036 41105
7036 46465
7037 22822
7040 7357
7040 8942
7040 35705
7042 9518
7042 17341
7043 16861
7043 42465
7044 12784
7045 14431
7045 42564
7046 37388
7046 46569
7047 22734
7048 11511
7048 20348
7049 15995
7049 30998
7049 37043
7050 13061
7050 13224
7050 15701
7050 23083
7050 41199
7050 43280
7051 13274
7052 7607
7052 37345
7053 45428
7054 13870
7054 28743
7055 7146
7056 46203
7058 10318
7058 25154
7058 27473
7058 39798
7059 45123
7060 18109
7060 20650
7060 20990
7060 48006
7061 9573
7061 33844
7061 34600
7062 38792
7062 49976
7063 38808
7064 16436
7065 40169
7065 40412
7066 41614
7067 46625
7068 32238
7068 32432
7069 29258
7069 33856
7070 35525
7071 22416
7071 25377
7071 38271
7072 22749
7073 24564
7073 39140
7073 47550
7074 14349
7074 49961
7075 22518
7075 42168
7076 22566
7076 28118
7076 29367
7076 49653
7077 7281
7077 23137
7080 42031
7081 14940
7081 36549
7081 46285
7082 47237
7083 7821
7083 19897
7083 25147
7083 26472
7084 34549
7084 46786
7085 21001
7086 33037
7086 39981
7086 44099
7086 44695
7087 37645
7087 45532
7088 25565
7090 24042
7090 48832
7092 12043
7093 22344
7094 14986
7094 49046
7095 8800
7096 10044
7096 12204
7096 33705
7096 42825
7097 16370
7097 23789
7098 24326
7100 13443
7100 36327
7100 45857
7102 48402
7105 33201
7106 44133
7107 35048
7108 16837
7108 18534
7108 23410
7109 23932
7110 44452
7110 49503
7114 40438
7115 11997
7116 32252
7117 26870
7117 33962
7117 44890
7117 47573
7118 24228
7118 36746
7119 27215
7120 19939
7122 26992
7122 27513
7123 11627
7123 26832
7124 15767
7124 35822
7124 40725
7125 13655
7125 15548
7125 30190
7125 41138
7127 29940
7127 46634
7128 12184
7128 13984
7129 24623
7129 29910
7129 43364
7131 11791
7131 16336
7131 25220
7132 21969
7132 35473
7133 23148
7133 27636
7133 28381
7134 11204
7134 39850
7134 40259
7134 41045
7135 26161
7136 47408
7137 30115
7138 10175
7138 32525
7138 42760
7139 24821
7139 30637
7140 33943
7140 42952
7141 24311
7142 10162
7142 21388
7143 26789
7143 46350
7145 34420
7146 45688
7147 8122
7147 47084
7148 8247
7148 40917
7148 48584
7149 7442
7149 7953
7149 16712
7149 22093
7149 33537
7150 18547
7151 21628
7151 31586
7152 43228
7153 33911
7153 49999
7155 11738
7155 24234
7155 43616
7157 11199
7157 25282
7157 31016
7157 40451
7157 41614
7157 44812
7158 13521
7158 31498
7158 39139
7159 21263
7159 27767
7160 10940
7160 11742
7160 31681
7160 34298
7161 38396
7163 29134
7164 11400
7164 13379
7164 43425
7165 19862
7166 46740
7167 40230
7167 45209
7168 9773
7168 28638
7168 39283
7169 21392
7171 43666
7172 49460
7173 30383
7173 49562
7174 23455
7174 40529
7176 11125
7176 22070
7176 37111
7180 7730
7180 43056
7180 48359
7180 48776
7182 17948
7182 39505
7183 14839
7183 32372
7184 7478
7184 7591
7184 32087
7185 15312
7185 41350
7186 14395
7186 45165
7187 49990
7188 42725
7190 13834
7190 45036
7190 45991
7191 40658
7192 39227
7192 49413
7193 30322
7193 48334
7194 31658
7194 40079
7195 8322
7195 9797
7195 48806
7197 26623
7197 37019
7197 40591
7199 26354
7200 23961
7201 28545
7201 35525
7201 45191
7202 15378
7202 24961
7203 8472
7204 26160
7205 11000
7206 35496
7207 7798
7207 14365
7207 27791
7207 37786
7208 13622
7208 26704
7209 26430
7210 10136
7210 18286
7210 42360
7210 45847
7210 49332
7211 25924
7212 22492
7213 10621
7213 16404
7214 26991
7215 32637
7216 16288
7216 47441
7218 35954
7218 48277
7219 44039
7220 45688
7220 46138
7220 48211
7221 31005
7222 28518
7222 46658
7223 8869
7223 30722
7224 10066
7224 27609
7224 33564
7224 33742
7224 42687
7227 14014
7227 25576
7227 39767
7227 42419
7227 45454
7228 23778
7228 28667
7229 10282
7229 10881
7229 49115
7230 22637
7230 33119
7230 37055
7231 11211
7231 13326
7233 9699
7233 12914
7233 45568
7235 25151
7235 28593
7235 30304
7236 9550
7236 24862
7237 10422
7237 21875
7237 48748
7238 40542
7239 19175
7239 45314
7240 11103
7240 22847
7241 19314
7242 33516
7242 40023
7243 12940
7243 22312
7244 40104
7244 41296
7246 14957
7246 30626
7246 42013
7247 41705
7248 32581
7249 28670
7249 33308
7250 23810
7250 24540
7251 49148
7252 8642
7252 33128
7252 36618
7253 19104
7253 24116
7254 15447
7254 20292
7254 28334
7254 42322
7254 44005
7255 40098
7257 43755
7258 47195
7259 25250
7260 7727
7260 17639
7260 37957
7261 36088
7262 29289
7262 43448
7262 46973
7263 39474
7263 41682
7264 10361
7264 18342
7264 38166
7265 29745
7265 35119
7266 10525
7268 25506
7268 35616
7268 39534
7269 24668
7269 32391
7271 25360
7273 15762
7273 25350
7273 40671
7273 42463
7274 37476
7274 44501
7275 8319
7276 28804
7278 35239
7278 37517
7278 46824
7279 19000
7280 37757
7280 38589
7280 47390
7281 22734
7281 27557
7281 36560
7281 39010
7282 17777
7282 34515
7283 27760
7283 39866
7283 40029
7284 26752
7285 18213
7285 22538
7285 23431
7285 30071
7286 18218
7286 32917
7287 21242
7288 23520
7289 8168
7289 23675
7289 41608
7289 43416
7291 45820
7292 34044
7293 20429
7293 36199
7294 23611
7295 35686
7295 39561
7296 44546
7297 10267
7297 20164
7298 43511
7299 44441
7301 12543
7301 21294
7301 35900
7301 49858
7302 22001
7302 36207
7302 44561
7303 13885
7304 8902
7304 10329
7304 22850
7305 20660
7306 27269
7306 45770
7308 13557
7308 22093
7309 22072
7309 24637
7309 32234
7309 40086
7310 44774
7312 29181
7313 9374
7313 29327
7314 41954
7317 19614
7317 23444
7317 34500
7318 14608
7318 41480
7319 25246
7321 12890
7321 15492
7321 33464
7321 41399
7322 7429
7322 22809
7322 26994
7323 48426
7324 44487
7325 8972
7325 14274
7325 29391
7326 27888
7327 16666
7327 36295
7328 23707
7328 36036
7329 14164
7329 30735
7329 37578
7330 7531
7330 22796
7330 37528
7331 12910
7331 24651
7333 41444
7334 34543
7335 40255
7337 8498
7337 10064
7337 10670
7337 11325
7337 28447
7338 20391
7338 44884
7339 30343
7340 15705
7340 22850
7340 29891
7340 29906
7340 39338
7340 42281
7342 13721
7342 31007
7343 18169
7344 13862
7344 14793
7344 33316
7344 38666
7344 44146
7345 24410
7345 43427
7346 8294
7346 26596
7346 30862
7347 40726
7348 15815
7348 36252
7349 12820
7349 45084
7349 45325
7350 20181
7350 34002
7351 41093
7351 41217
7352 39498
7353 30085
7354 22652
7354 33505
7354 48104
7355 10404
7355 30708
7355 36032
7355 39716
7356 16256
7356 32737
7357 7366
7357 18749
7357 25024
7359 25166
7359 48747
7360 30121
7360 31221
7360 45130
7361 8642
7361 19160
7361 22842
7363 9106
7363 23663
7363 41693
7364 7937
7364 29148
7365 30060
7365 36225
7365 40796
7365 45324
7365 47557
7366 47464
7367 14401
7367 34420
7367 35903
7368 17380
7368 41234
7370 15840
7370 48736
7372 20357
7373 10217
7373 17883
7374 33027
7374 40538
7375 12485
7375 31152
7376 7727
7376 33714
7377 26657
7377 28363
7378 22062
7379 18914
7380 23523
7380 42462
7381 49691
7385 16523
7385 42454
7385 48971
7387 25898
7387 28902
7389 13977
7389 30180
7389 33501
7390 18412
7391 12718
7392 16203
7392 38547
7392 40546
7393 10250
7393 41252
7394 33541
7395 24178
7395 48568
7397 17230
7397 26263
7397 43957
7397 44816
7398 43418
7400 46962
7400 48320
7400 48531
7401 27956
7401 35411
7401 38701
7402 9858
7402 18907
7402 25656
7402 40108
7402 43194
7403 27134
7404 30164
7405 14368
7405 15027
7405 21941
7406 7859
7406 46890
7407 16743
7407 48682
7408 43395
7410 15349
7410 19791
7410 28104
7412 29774
7415 17948
7415 37691
7417 7794
7417 18695
7417 31238
7418 47841
7419 8322
7419 35291
7419 45825
7420 16058
7420 18502
7420 44688
7422 12727
7423 18834
7423 45289
7423 45961
7424 7481
7424 11020
7424 47462
7425 18924
7425 41371
7426 13930
7427 15680
7428 22769
7428 46271
7429 20120
7429 35959
7431 44225
7432 18459
7432 24508
7432 27339
7433 23160
7433 29036
7433 35669
7434 24688
7434 29913
7435 45837
7436 33316
7436 34612
7436 35007
7438 27514
7438 29687
7438 38540
7438 43225
7438 47407
7439 30987
7440 11217
7440 20255
7440 34347
7441 11225
7441 15652
7441 39731
7442 11562
7442 25494
7442 35049
7442 41904
7443 9446
7444 8061
7444 46350
7447 7843
7447 18934
7447 37865
7447 48396
7448 28502
7451 37769
7451 42445
7452 18533
7452 28069
7452 39080
7452 48847
7453 21730
7453 23788
7453 36117
7454 39105
7455 41307
7457 10174
7457 21991
7457 32445
7457 39409
7458 16360
7458 42403
7459 12197
7461 9973
7461 25693
7461 36275
7462 24709
7463 9653
7463 37133
7464 43458
7465 7885
7465 24035
7465 38405
7466 36366
7466 47511
7467 48133
7470 9724
7470 36638
7471 15614
7471 35044
7472 13091
7472 40588
7472 43480
7473 20468
7474 26799
7474 39466
7476 36674
7476 42840
7478 21353
7479 45501
7480 21060
7480 24869
7481 15934
7481 19221
7482 40745
7483 23592
7484 40692
7485 7999
7486 29439
7486 30379
7486 40390
7486 47296
7487 31391
7488 31330
7488 38642
7489 22878
7490 8703
7491 36574
7491 47165
7492 44803
7493 8155
7493 41456
7495 19710
7495 32618
7496 10458
7496 28959
7497 27189
7497 49108
7499 14301
7499 24933
7499 49121
7501 8218
7501 30170
7501 45095
7501 48867
7502 19967
7502 43142
7504 47152
7505 7617
7505 10628
7505 28849
7505 29590
7505 35296
7506 12019
7506 25838
7506 25856
7506 33556
7507 30029
7507 37008
7508 12424
7508 31925
7508 45227
7508 45475
7510 18469
7510 18970
7510 30792
7511 9631
7513 20553
7513 34754
7514 18017
7514 32028
7515 23521
7515 25695
7515 27753
7516 21374
7517 18442
7517 28341
7519 12458
7519 19051
7520 9450
7520 25166
7520 26933
7520 30904
7521 35448
7521 36034
7522 22045
7522 27018
7522 42974
7523 13752
7523 28400
7525 35948
7525 38356
7526 36102
7527 43743
7528 31201
7528 38342
7529 40536
7530 37099
7530 40568
7531 8385
7532 28228
7532 33399
7532 46904
7534 16640
7536 30919
7536 43178
7537 46503
7538 11168
7538 19894
7538 21476
7539 47974
7540 22779
7541 8231
7541 30968
7541 44795
7542 22458
7543 34912
7544 49595
7545 17124
7545 21168
7545 30022
7545 47672
7546 46735
7546 47572
7547 45261
7548 27402
7549 9233
7550 18596
7551 24208
7551 35612
7552 16916
7552 17106
7552 23188
7552 23199
7555 32382
7556 33799
7556 42053
7557 34442
7558 29624
7558 46261
7559 26263
7559 49250
7560 14299
7560 21332
7561 22175
7561 40637
7562 9489
7562 22817
7562 38226
7564 19087
7564 35234
7564 49138
7565 32788
7566 27383
7566 27850
7566 28740
7566 33842
7567 44095
7568 20917
7568 45411
7571 10778
7571 24054
7571 32370
7572 49028
7575 7667
7575 37689
7576 29638
7576 41217
7577 37914
7578 21633
7578 38555
7579 16046
7580 21480
7580 35989
7582 29782
7582 34825
7582 36016
7582 39354
7583 34672
7583 36644
7585 10251
7588 11433
7588 46447
7589 11224
7589 16015
7590 29110
7590 31068
7591 16958
7591 41370
7594 9685
7594 38681
7594 38884
7595 41281
7595 43219
7596 30247
7596 33803
7598 20067
7599 9574
7599 18998
7599 31994
7599 36397
7601 32904
7602 25099
7603 48019
7604 7699
7604 24236
7604 48322
7605 24242
7606 11035
7606 35150
7606 46489
7607 24015
7608 22318
7608 25656
7610 24660
7610 33262
7611 18853
7611 28808
7611 34548
7612 10965
7612 25370
7612 39600
7613 39736
7613 43215
7614 18935
7615 20435
7616 11580
7616 13131
7617 20069
7617 37836
7618 24741
7618 28723
7619 20766
7619 26538
7619 31275
7619 36664
7620 43604
7622 10022
7622 32770
7622 40992
7623 18037
7623 28578
7623 38170
7624 14487
7625 7708
7625 44319
7626 10830
7626 14019
7627 17952
7628 25843
7628 36405
7628 41396
7630 11256
7630 29222
7631 13422
7631 16920
7632 15874
7632 18135
7632 44685
7633 21155
7634 10494
7634 20115
7634 22352
7634 37748
7634 49243
7635 36052
7635 49238
7636 37201
7637 19786
7639 20994
7640 13873
7640 14792
7640 15208
7640 15212
7640 43809
7641 31070
7641 32123
7641 36303
7641 36427
7642 44763
7643 11764
7643 48123
7644 14669
7644 40976
7646 14445
7646 21150
7646 22040
7646 34439
7647 10593
7647 18371
7647 23747
7647 40683
7647 41403
7648 13678
7648 35729
7648 37717
7648 39055
7649 19696
7650 26495
7650 32048
7651 26015
7653 30037
7653 41148
7654 9371
7654 48550
7655 24768
7655 30106
7655 37849
7656 18679
7656 23268
7656 44361
7657 10110
7657 11674
7657 35521
7659 8649
7659 17270
7659 20314
7660 21750
7661 26747
7661 31250
7662 9049
7662 14244
7662 44102
7663 10832
7663 18726
7663 29060
7664 10698
7664 20794
7664 39562
7664 43348
7665 28016
7665 47492
7666 32745
7666 41382
7666 43959
7667 18096
7667 40430
7668 28714
7669 11694
7669 20115
7669 38375
7670 38880
7671 28076
7673 11897
7673 19496
7673 30675
7673 46927
7674 25743
7674 47754
7675 32967
7676 17536
7677 31291
7678 23866
7679 48223
7681 17099
7681 47257
7682 35701
7682 38679
7683 25829
7684 12095
7684 12188
7684 13050
7685 22844
7686 7866
7686 48576
7688 29822
7688 34384
7689 20811
7690 18485
7691 10173
7692 43519
7692 44371
7693 10066
7693 16460
7693 28988
7693 47447
7694 7945
7694 23358
7696 30779
7696 45483
7696 47516
7697 35343
7697 37216
7698 30034
7698 39647
7698 44608
7699 39976
7700 8453
7701 12865
7701 30563
7701 38662
7702 16000
7702 28764
7703 9746
7703 20624
7703 43183
7705 13693
7705 31536
7706 16573
7707 20901
7708 31441
7708 37720
7709 26377
7710 23955
7711 30558
7711 39671
7712 33900
7712 46661
7713 18447
7713 26981
7714 47189
7715 10469
7715 18510
7715 20031
7715 43631
7716 49866
7718 19424
7718 22915
7719 9999
7719 16308
7720 26376
7720 38623
7720 41429
7720 49358
7721 12084
7721 38233
7723 9644
7723 33220
7725 12516
7726 35663
7727 25699
7727 31504
7728 17007
7729 18579
7729 47104
7729 47209
7731 22539
7731 32006
7732 38395
7732 49120
7733 16818
7733 18906
7733 39622
7734 16099
7734 48371
7735 20024
7736 24872
7736 30256
7736 42738
7737 27075
7738 43839
7740 18723
7740 26213
7740 28349
7741 8766
7741 44371
7742 21418
7742 25998
7742 47759
7744 8315
7745 25559
7747 23690
7747 32822
7747 39262
7747 40812
7748 20159
7749 21348
7749 45054
7750 8696
7750 13332
7751 15496
7752 20575
7752 22980
7752 48620
7753 9064
7753 43381
7754 10921
7754 16438
7756 9279
7756 18737
7756 26996
7756 29001
7756 44845
7757 7862
7757 34063
7757 44579
7758 44777
7759 13038
7759 27154
7759 41041
7760 9132
7760 17657
7761 9013
7761 37224
7761 41871
7762 24805
7762 30203
7762 40809
7763 34865
7764 18624
7764 40317
7765 25049
7766 27280
7767 7998
7767 10933
7767 17635
7767 20354
7767 45770
7767 47736
7768 16210
7768 34109
7770 17322
7770 27567
7770 38954
7770 40591
7771 24143
7771 47779
7772 23151
7772 27441
7774 14482
7774 18355
7774 25562
7774 29459
7774 46886
7775 13853
7775 37695
7776 17446
7776 35086
7776 36499
7776 48338
7777 39332
7778 13721
7779 7843
7779 19629
7779 21277
7780 15039
7780 19483
7780 40175
7781 9796
7781 20885
7782 14622
7782 26693
7782 32745
7782 47846
7784 17699
7785 20463
7785 30001
7785 48057
7786 8360
7786 45267
7787 21344
7787 22067
7788 20639
7789 15206
7789 19435
7790 24962
7792 13759
7792 22916
7793 7885
7793 28438
7794 16518
7794 18296
7794 35689
7794 43858
7795 26068
7796 39102
7797 23362
7797 25363
7797 40255
7798 46781
7800 37235
7801 25435
7801 47723
7801 49640
7803 37476
7804 14788
7804 28722
7805 34329
7806 19707
7806 26834
7807 29179
7808 16987
7808 17050
7810 10793
7810 11383
7810 24467
7810 40442
7811 34294
7811 41604
7811 44605
7811 45788
7812 16434
7813 20227
7813 26313
7814 25354
7814 35772
7814 48705
7815 38873
7817 39189
7818 26159
7818 45872
7819 8715
7819 32606
7819 43476
7819 46729
7820 39620
7820 42426
7820 42749
7823 16828
7823 23827
7823 26031
7823 45370
7824 44806
7825 20941
7826 19157
7826 23625
7826 25681
7827 48432
7829 8714
7829 36581
7830 21569
7831 11528
7831 31116
7832 33908
7832 37748
7832 38179
7833 12473
7833 13840
7833 27721
7833 29269
7833 40016
7833 41151
7834 10426
7836 11232
7837 12847
7838 24551
7841 11285
7841 11701
7841 16057
7841 35433
7841 35831
7842 34610
7843 29097
7843 33340
7844 39995
7845 9416
7847 14261
7847 22951
7847 33315
7849 35350
7850 16387
7850 29817
7850 31019
7850 40976
7850 43485
7852 8446
7852 49448
7853 8968
7854 38497
7855 29171
7855 31981
7855 33113
7855 37536
7856 22414
7857 7941
7857 38609
7858 12862
7858 28083
7858 40571
7859 19610
7859 28042
7860 15128
7861 37659
7861 49771
7862 8432
7863 8657
7863 19021
7863 25533
7863 33076
7864 23768
7864 39712
7865 17619
7865 42723
7866 30954
7866 31931
7866 37089
7869 12132
7869 15742
7869 48489
7869 49595
7871 29821
7873 18236
7873 38525
7874 10097
7874 41741
7875 33557
7875 33626
7877 29253
7877 34276
7877 38758
7878 8954
7878 12316
7878 36547
7880 17436
7880 33528
7880 44506
7881 38725
7882 16120
7882 27251
7882 28240
7883 11804
7883 23839
7883 39167
7883 42202
7884 39446
7885 14295
7886 17055
7886 29871
7887 33445
7888 20737
7888 21197
7888 38390
7890 22943
7890 26558
7891 25075
7891 37639
7891 44473
7891 44525
7892 14211
7892 19930
7892 39524
7893 31732
7893 49547
7894 42210
7894 46719
7894 47929
7896 22921
7896 42202
7896 46422
7897 24804
7897 29557
7898 46845
7898 49951
7899 32934
7899 37291
7899 37486
7899 41577
7900 14581
7900 20008
7900 21080
7900 35918
7901 33542
7901 48109
7901 49103
7901 49560
7902 13373
7902 48100
7903 16485
7904 14715
7906 39233
7908 12317
7908 26136
7910 33557
7910 43857
7911 24742
7911 48069
7912 9585
7913 26117
7913 29587
7913 41346
7913 45809
7913 47682
7915 44375
7916 32978
7917 25316
7918 8643
7918 17554
7919 18362
7919 30559
7920 13738
7922 39860
7923 17723
7923 28817
7924 9551
7926 39292
7927 47318
7930 30150
7931 28183
7932 20605
7932 29681
7932 41934
7932 49173
7933 25851
7933 27588
7933 30019
7934 32705
7935 41942
7936 18341
7936 33346
7937 15298
7937 35925
7938 35082
7938 35907
7938 49377
7939 26859
7939 45682
7940 12425
7942 30995
7942 32524
7942 34521
7942 47526
7943 46694
7944 43414
7945 26610
7945 44360
7945 49800
7946 15878
7946 16622
7946 17792
7946 35311
7947 36182
7947 40675
7947 43816
7948 17305
7950 8027
7950 38637
7951 29525
7951 41157
7952 19871
7953 10994
7953 17308
7953 28916
7953 37477
7953 38175
7956 17034
7956 30655
7956 37146
7957 20954
7957 41282
7958 12821
7958 48717
7960 31241
7960 41478
7960 44853
7961 17215
7961 32718
7963 17785
7963 28857
7965 39734
7965 39887
7966 16230
7966 33957
7966 37289
7967 8143
7967 19622
7968 11548
7968 13025
7968 40952
7969 10030
7969 21222
7969 31996
7970 37835
7970 40093
7971 14813
7971 43387
7972 38134
7972 42734
7975 15090
7975 39311
7976 9180
7976 24630
7977 10140
7977 14028
7977 30131
7978 10610
7978 28209
7979 24753
7979 45893
7979 45949
7980 14662
7980 38151
7981 49503
7982 47620
7983 20935
7983 36526
7983 46151
7984 32101
7984 43733
7985 11571
7985 23749
7985 41748
7985 48461
7986 35126
7986 41659
7986 45452
7988 27972
7989 49234
7991 20450
7994 34383
7994 42220
7994 47436
7995 24409
7996 28344
7997 25422
7997 34939
7998 14714
7998 37639
7999 9279
7999 34101
7999 38324
8000 22880
8001 9280
8001 25568
8002 23076
8002 26743
8002 39422
8003 12303
8003 31017
8003 38157
8003 41315
8004 8113
8005 37197
8006 47605
8007 18097
8008 32375
8008 38764
8009 28900
8010 9527
8010 13100
8011 10059
8011 33136
8012 31612
8012 40110
8013 22797
8013 25892
8013 48746
8014 15557
8014 22190
8015 18647
8015 42029
8018 13152
8019 10975
8020 48128
8021 41055
8022 9527
8022 32672
8022 36850
8022 38405
8023 9105
8025 18665
8027 28958
8030 35340
8033 23298
8033 44176
8034 41689
8034 43031
8034 45916
8036 39915
8037 33422
8038 44513
8039 17629
8040 19669
8040 25567
8040 30734
8041 36498
8042 9998
8042 12178
8043 16265
8043 33412
8044 41237
8045 10419
8045 15381
8047 13716
8048 18056
8048 21851
8049 13596
8049 21166
8050 28625
8050 34583
8051 12445
8053 20174
8053 41690
8054 23015
8054 30561
8054 37469
8056 23973
8056 39936
8056 44871
8057 8160
8057 27680
8057 42315
8059 16879
8059 24593
8059 25445
8059 32929
8059 38728
8059 39170
8060 18001
8060 18737
8060 24128
8061 21795
8063 30248
8063 43064
8065 17760
8065 25808
8066 45301
8068 14103
8068 41232
8069 14408
8072 42180
8073 33224
8073 38161
8073 38311
8073 45529
8074 10321
8075 31575
8076 17309
8076 22980
8076 30246
8077 33814
8077 35100
8080 14742
8080 30511
8080 30551
8081 27664
8081 46498
8082 8114
8082 11364
8082 34820
8083 28760
8083 35289
8083 49065
8084 23215
8084 42944
8085 36429
8085 40630
8091 10609
8091 26778
8092 29444
8092 44585
8093 19914
8093 47979
8094 30236
8094 35931
8094 36455
8095 25671
8098 24020
8098 39714
8098 39936
8099 10001
8099 18996
8099 34217
8100 11464
8100 20606
8100 20879
8102 17366
8104 22488
8104 32317
8106 12613
8106 24585
8107 39428
8108 12140
8108 44949
8109 29919
8110 13055
8111 43126
8112 20543
8112 27620
8112 28596
8113 15718
8113 17384
8114 47925
8115 40745
8116 40969
8117 8423
8117 10698
8117 18527
8117 25363
8117 30478
8117 30613
8118 22990
8121 25313
8121 32085
8121 43199
8122 23230
8122 36120
8122 44960
8123 20857
8123 26722
8123 27568
8123 39766
8123 47284
8123 49666
8125 21909
8129 22290
8129 23389
8130 17862
8131 21626
8131 35665
8132 15504
8133 9499
8134 37814
8135 20510
8135 22958
8135 29130
8135 29406
8135 29862
8135 37970
8138 11534
8138 23984
8138 38250
8139 8918
8139 14626
8139 26703
8140 11447
8140 28092
8141 30474
8141 48668
8143 39871
8144 19429
8144 34320
8145 26155
8145 31301
8145 49453
8146 20898
8146 39828
8147 13118
8148 18463
8148 27730
8148 44780
8150 10207
8150 39277
8151 22472
8152 39697
8153 49237
8154 31608
8155 17823
8155 18121
8155 48308
8156 13134
8156 29079
8157 14560
8158 17710
8158 30511
8158 31738
8159 16483
8160 47498
8161 17238
8161 30789
8161 43049
8163 20350
8163 46146
8163 49704
8164 12045
8164 24271
8165 26384
8165 43781
8166 25631
8166 39167
8167 37427
8168 11677
8168 20088
8168 27336
8169 43092
8170 22403
8170 40791
8171 10230
8171 22502
8171 41990
8171 42858
8171 45356
8171 48713
8172 36385
8173 15994
8173 25949
8173 33549
8173 42456
8173 44996
8174 24742
8174 32203
8174 38894
8174 46528
8175 17042
8175 21990
8175 26988
8176 9093
8176 27444
8177 30444
8177 37000
8177 45031
8177 47660
8178 33757
8179 41500
8180 26450
8180 37463
8181 20308
8184 9606
8184 36331
8184 39770
8184 49641
8185 11926
8185 45654
8186 16938
8186 25343
8186 36705
8186 49470
8187 9274
8187 15464
8187 32786
8188 44900
8188 47285
8190 34350
8190 44481
8190 46113
8191 10087
8191 20770
8191 47371
8192 15668
8192 17739
8192 27814
8193 43013
8197 12002
8197 37458
8198 34090
8199 21871
8199 23256
8199 26517
8202 17044
8202 32668
8202 32677
8203 35171
8203 39920
8205 23350
8205 48097
8206 9849
8206 32331
8206 43298
8208 18270
8208 24723
8208 33164
8209 48497
8210 19343
8210 34509
8210 41575
8211 11852
8211 27129
8211 40952
8211 49634
8212 18274
8212 21549
8213 39485
8214 14825
8214 39860
8215 10974
8215 14770
8215 15583
8216 16090
8217 18325
8218 37482
8220 13509
8220 43702
8221 30805
8222 19163
8222 38948
8222 39898
8223 11795
8223 20189
8223 31706
8224 23362
8224 30857
8224 39176
8226 49853
8227 24847
8228 10214
8230 8743
8232 9528
8232 42483
8233 32089
8234 9554
8234 49550
8235 37147
8235 47257
8235 47384
8236 12165
8236 13413
8236 20905
8237 21275
8238 38554
8238 41812
8239 26544
8239 29520
8239 32606
8239 38344
8242 33743
8242 44790
8243 16802
8244 11416
8244 25235
8244 47944
8245 13338
8245 32917
8245 41522
8245 47537
8247 10871
8247 11450
8247 21095
8248 17392
8248 34860
8249 14961
8249 27784
8250 21435
8251 36744
8251 37493
8252 33248
8252 46676
8253 44190
8254 31319
8255 8365
8255 20057
8256 14697
8256 17733
8256 45686
8257 19398
8258 36796
8258 41684
8260 49760
8261 30973
8263 49889
8265 23910
8266 12934
8266 31598
8267 27345
8268 35430
8268 39681
8270 28203
8271 20675
8272 41949
8273 19301
8273 35161
8274 17912
8274 20261
8274 32142
8274 40738
8274 43988
8275 10941
8275 45922
8276 22389
8277 9768
8277 47132
8279 49917
8280 37331
8282 15522
8282 35314
8283 21808
8284 15571
8284 16782
8285 19728
8285 24049
8285 43604
8286 19469
8287 14531
8287 28238
8287 33123
8290 43963
8292 9184
8292 33137
8293 10609
8294 11366
8294 20159
8295 10525
8297 21774
8299 48812
8300 11507
8301 15414
8301 31471
8301 44365
8302 41093
8303 15953
8304 15869
8305 42725
8305 44536
8306 20664
8306 45334
8307 22520
8307 34955
8309 40680
8309 48590
8309 49531
8310 39541
8310 42053
8311 15184
8311 27578
8311 28770
8311 31317
8311 36350
8312 13426
8312 25248
8313 26042
8313 28111
8314 16745
8315 13374
8315 17197
8315 41355
8317 19317
8319 12130
8319 12420
8319 16288
8319 35647
8322 8801
8323 37957
8324 10492
8324 12369
8324 22039
8324 42297
8324 42762
8324 43017
8325 47661
8326 43206
8327 11395
8327 24450
8327 31987
8327 36374
8329 12073
8329 34652
8329 39413
8330 24216
8331 19592
8332 10986
8333 27778
8333 41781
8334 37906
8335 16627
8335 17526
8335 37538
8336 41440
8337 40784
8339 39924
8340 22803
8340 35281
8341 18555
8341 22502
8342 14236
8342 30895
8342 40660
8343 16280
8343 17297
8343 39744
8343 43032
8344 9135
8344 43711
8344 47297
8345 13042
8345 29265
8346 10907
8346 20568
8346 31691
8346 47971
8347 16977
8347 44738
8348 14492
8348 19620
8348 30270
8348 38881
8348 44713
8349 14608
8349 14834
8350 9213
8351 11874
8351 16106
8351 22713
8351 27263
8351 45571
8352 11440
8352 15863
8352 29916
8352 41078
8353 11532
8353 28870
8354 44348
8355 15822
8355 37968
8356 21592
8357 31241
8357 33905
8358 10929
8358 27155
8358 27874
8358 36456
8358 44732
8359 33645
8359 41132
8360 11018
8360 16999
8360 20106
8360 26364
8361 11672
8362 12154
8362 14266
8362 28618
8363 45111
8365 11218
8366 18093
8367 23202
8368 25081
8369 45055
8370 21802
8370 30091
8372 13643
8372 38958
8373 10048
8375 42829
8377 28075
8378 42124
8379 16939
8379 19792
8379 35561
8379 48072
8380 40128
8381 40462
8382 13473
8382 13726
8382 49310
8383 17070
8383 28686
8384 22063
8384 23337
8385 14872
8386 35893
8388 38610
8389 16739
8389 25726
8390 9785
8391 49235
8392 20427
8393 38192
8393 38321
8393 39745
8393 44552
8394 37841
8394 45137
8395 19976
8396 36633
8396 41098
8396 46365
8399 35485
8400 14547
8400 48821
8401 36766
8401 47597
8402 24869
8402 28077
8403 9696
8403 19259
8404 29440
8404 29802
8404 39072
8405 30470
8405 31971
8406 17278
8407 21740
8408 44929
8409 19912
8409 37855
8409 38311
8410 23312
8410 29100
8412 24682
8412 38104
8413 14385
8413 15301
8413 41819
8414 8932
8414 19284
8414 28506
8414 40638
8415 13991
8415 17580
8415 41838
8416 9419
8416 46156
8417 28536
8417 38646
8418 14520
8418 25600
8420 38398
8422 11307
8422 30952
8422 47334
8423 21462
8423 21871
8424 8856
8424 33033
8425 14985
8425 20151
8425 21840
8426 13938
8426 38862
8427 8755
8427 19162
8427 31952
8427 32593
8427 34982
8428 37396
8429 14733
8430 15243
8431 13157
8432 19234
8432 27375
8433 21182
8433 49004
8434 11042
8434 14969
8434 36210
8434 41219
8435 8601
8435 17738
8435 30230
8437 45972
8438 39350
8438 47384
8439 17677
8439 36563
8439 42117
8440 20533
8440 22137
8442 46083
8443 14766
8444 49822
8445 9911
8447 25145
8447 33436
8448 28405
8448 34819
8449 35625
8449 44010
8450 18645
8450 23398
8451 8452
8451 22983
8452 10691
8452 12454
8452 40850
8452 47733
8453 16533
8453 26797
8453 49379
8454 34604
8455 33628
8456 19458
8456 34163
8457 25557
8458 17551
8458 35863
8459 21695
8459 25149
8459 34531
8460 26943
8462 9028
8462 45928
8464 18822
8465 23842
8465 39572
8466 41307
8467 48384
8468 26368
8469 18335
8470 39738
8470 42960
8471 18888
8473 11071
8473 28755
8473 40292
8474 20010
8474 27017
8475 21452
8475 38169
8475 43560
8476 18224
8476 26504
8477 14992
8477 16333
8480 24154
8480 35025
8480 43594
8482 35291
8482 35823
8482 36334
8482 43186
8483 10169
8484 30431
8484 40179
8485 17865
8485 20250
8485 49457
8487 21695
8487 21960
8487 36873
8487 41312
8487 42453
8488 11885
8488 45331
8489 10974
8489 14002
8489 28806
8489 47036
8490 19427
8490 27731
8490 33648
8490 42271
8491 26683
8492 9632
8493 10126
8493 33374
8494 30631
8494 40507
8495 45751
8496 17737
8496 18754
8496 26520
8497 18183
8497 22704
8498 15183
8498 16397
8499 44257
8500 29842
8500 49966
8501 10313
8501 23653
8501 28335
8501 33653
8501 39371
8502 42347
8503 33051
8505 8978
8506 14958
8506 15551
8506 18825
8507 13500
8507 19795
8510 15897
8512 16941
8512 27450
8513 34943
8513 35885
8514 10621
8515 34869
8515 36884
8517 36208
8518 17159
8518 33608
8518 39740
8519 24660
8519 25950
8520 48417
8521 34216
8521 36743
8522 12481
8522 16470
8523 28976
8523 41347
8524 22104
8526 41146
8527 30518
8527 31139
8527 43553
8528 12206
8529 12652
8531 23404
8531 48420
8532 11557
8532 18353
8532 45992
8533 27373
8535 25082
8535 42213
8536 11683
8537 11181
8538 11277
8538 27733
8538 28557
8539 16124
8539 24890
8539 37037
8539 46123
8539 47492
8541 35873
8542 14931
8542 28166
8543 15940
8545 13640
8547 35746
8547 36554
8548 32572
8548 45858
8549 9641
8549 32896
8550 13832
8550 26996
8550 36788
8551 29068
8553 34530
8553 45481
8554 37585
8555 12272
8555 26791
8555 27993
8555 34336
8555 39946
8555 44450
8557 13687
8557 48016
8558 44011
8559 45219
8560 48260
8561 18011
8561 26421
8561 41291
8562 41879
8563 26089
8563 28672
8563 48979
8566 12238
8567 29776
8567 35674
8567 48818
8568 14725
8569 25448
8569 32957
8571 18638
8571 21928
8572 13524
8573 12128
8573 47122
8574 30232
8575 37737
8575 43107
8575 48231
8576 36055
8576 42913
8577 15513
8577 33172
8578 12185
8578 44976
8579 16440
8580 12272
8580 18586
8580 20792
8581 17883
8582 30058
8582 44293
8584 32391
8585 49020
8586 49797
8587 20811
8588 10179
8588 17099
8588 36245
8589 14512
8589 26369
8590 13721
8590 32824
8590 36341
8590 36471
8590 41038
8590 44220
8590 45921
8591 32004
8592 13988
8592 42048
8593 13429
8593 14273
8593 32656
8594 10050
8595 9640
8596 32524
8598 48537
8599 42309
8601 18512
8601 23244
8602 28476
8604 39260
8605 15892
8605 25101
8605 34557
8607 28512
8607 30529
8607 33850
8608 18593
8608 33557
8608 49773
8609 44411
8610 17101
8611 18024
8611 30288
8612 25429
8612 31961
8613 13502
8613 36295
8614 12615
8614 25060
8615 39118
8616 15192
8616 21891
8616 32110
8616 33896
8616 42873
8617 26529
8617 26865
8618 9715
8618 18030
8618 26015
8619 11631
8619 28224
8619 35582
8619 44871
8620 16925
8620 37124
8621 30884
8622 16905
8622 23634
8622 45397
8624 10376
8625 25742
8626 9492
8626 17497
8626 41294
8627 35145
8628 26448
8628 48148
8630 8829
8630 18333
8630 20953
8630 24938
8631 11217
8631 39473
8632 14653
8632 45636
8633 9758
8633 34712
8633 35115
8633 37136
8635 36700
8636 48801
8637 36758
8638 49116
8639 15678
8639 21613
8639 26361
8639 32113
8640 14101
8640 16790
8640 27682
8640 42483
8641 31283
8641 34789
8641 37458
8642 11444
8642 22584
8643 33183
8644 43251
8644 49620
8645 21928
8645 33504
8646 40293
8647 13215
8647 30003
8647 36815
8648 14910
8648 30698
8648 44924
8649 18841
8650 18588
8650 25440
8650 29325
8650 41128
8651 20480
8651 25640
8652 16422
8652 32443
8652 36213
8652 44433
8652 48554
8653 38376
8654 44208
8655 17185
8655 28336
8655 34256
8655 36039
8656 12939
8657 40698
8658 35850
8659 20821
8660 31876
8661 17590
8661 39854
8662 25815
8662 32744
8662 44082
8663 20377
8663 23092
8663 42270
8664 23593
8664 30158
8664 36166
8665 35126
8666 22313
8666 47853
8667 26423
8668 15346
8669 22383
8670 45918
8671 12540
8671 19938
8671 31671
8672 18339
8673 14232
8673 23470
8673 25116
8674 11208
8675 14764
8675 40016
8676 13648
8677 28003
8677 28044
8680 8940
8680 45474
8682 45868
8683 13673
8684 16399
8684 46671
8684 46879
8686 20488
8686 28220
8687 15654
8687 36750
8688 26295
8688 37819
8688 44255
8689 49405
8690 15226
8690 21013
8690 37282
8691 47733
8692 17357
8692 24818
8692 38402
8693 29564
8693 29748
8693 35998
8694 30255
8695 24109
8696 28822
8697 33785
8697 45452
8698 29292
8698 48987
8699 43427
8700 40334
8702 18247
8702 27056
8702 36449
8703 19201
8703 41642
8706 17139
8706 45606
8707 11857
8707 14553
8707 20577
8707 38589
8708 36157
8709 25570
8709 39498
8709 41318
8710 17112
8710 32211
8710 38983
8711 20320
8711 25246
8711 33563
8712 11661
8713 27574
8713 28393
8713 35336
8714 48040
8715 28611
8716 21415
8717 25261
8717 29696
8717 40612
8718 25193
8718 28505
8718 44642
8718 48093
8719 11478
8719 22579
8720 19337
8721 30268
8722 33022
8723 12535
8723 21132
8723 24901
8724 11253
8724 14133
8724 32020
8725 12576
8725 22344
8725 37927
8726 30851
8727 39768
8730 19366
8730 42433
8730 47761
8731 29150
8733 32274
8733 45291
8734 23552
8735 19227
8736 23436
8737 32439
8737 35839
8739 11515
8739 27023
8739 40338
8740 44513
8743 42957
8746 38444
8747 39140
8748 12159
8748 27965
8749 11792
8749 29200
8749 47293
8749 49960
8750 11232
8750 24056
8750 41220
8753 39675
8755 29851
8757 31836
8759 19181
8759 43097
8760 14253
8764 38495
8765 12475
8766 26548
8767 24383
8767 32050
8767 34226
8767 47392
8768 26040
8768 27121
8768 36251
8769 46473
8770 14606
8770 38521
8772 16258
8772 20137
8772 25625
8774 22424
8774 29752
8775 40702
8776 39049
8779 43087
8780 40888
8781 46542
8782 12631
8782 29185
8782 33579
8782 37862
8783 29134
8784 11468
8785 27394
8786 35169
8787 22463
8788 27554
8788 28955
8788 42473
8789 40167
8790 32148
8791 10821
8791 16641
8792 12427
8792 20963
8794 17225
8794 21112
8794 25050
8794 46761
8795 11786
8796 26967
8796 32598
8797 18570
8797 21663
8797 28236
8798 17304
8798 30020
8801 14363
8801 48743
8802 22602
8802 38523
8804 13188
8804 38869
8804 45469
8805 18215
8807 24700
8807 41921
8808 9035
8809 10986
8809 27222
8809 44762
8810 13998
8810 43799
8811 13924
8811 40891
8811 40998
8811 49775
8812 34842
8813 26696
8813 48968
8814 9705
8814 26548
8814 26609
8814 29850
8815 39796
8816 20464
8817 30681
8817 48650
8819 16059
8819 40838
8820 22840
8820 35730
8820 48125
8821 15763
8821 37666
8823 15758
8823 25633
8825 14921
8825 23288
8825 36161
8826 32182
8826 38504
8828 27379
8828 46969
8829 18157
8829 38608
8830 15654
8830 30033
8830 30718
8830 39892
8832 42571
8832 48343
8833 10831
8833 34316
8833 46587
8834 31270
8835 14231
8835 16946
8835 19058
8836 14568
8836 32917
8837 21055
8838 15382
8838 29700
8839 18927
8839 47695
8840 10044
8840 25042
8840 45317
8841 14827
8843 21850
8843 38169
8843 44400
8844 15346
8844 18544
8845 24537
8845 30544
8846 22473
8848 12124
8848 19867
8848 45722
8849 19597
8850 38940
8851 20403
8852 10740
8852 19695
8853 25474
8853 36363
8854 26006
8855 22033
8856 17663
8856 47544
8857 16935
8859 22078
8859 45204
8859 46112
8860 19228
8862 20452
8862 42571
8863 21334
8863 37621
8864 30805
8865 29393
8865 38117
8866 38521
8866 45598
8867 20838
8867 43750
8868 34585
8871 21087
8871 41689
8872 19175
8872 25104
8872 27321
8872 28182
8872 29855
8872 31560
8872 41530
8872 44606
8872 44976
8873 35684
8874 34022
8874 47492
8875 29796
8876 33053
8879 23492
8879 38499
8879 38822
8879 41469
8879 42788
8880 33317
8881 11829
8882 9554
8882 20826
8882 42868
8884 26743
8884 33866
8884 48319
8885 21500
8885 27803
8885 37682
8887 45413
8888 14466
8890 11033
8890 24436
8891 38503
8891 46064
8892 43505
8892 45936
8894 17535
8894 41436
8894 44191
8895 10535
8895 24812
8896 40928
8897 26791
8897 27257
8898 16741
8899 16000
8900 29084
8900 31323
8901 9529
8901 13744
8901 23329
8902 20022
8903 27733
8903 37271
8904 15950
8904 36791
8905 17275
8905 23140
8906 17782
8906 44339
8906 49616
8907 42452
8908 18908
8908 26317
8909 44632
8910 48386
8912 33279
8913 22396
8915 27705
8916 11111
8916 11709
8916 26983
8916 45789
8917 22435
8917 49502
8918 41212
8919 48097
8920 34202
8921 15185
8922 49597
8924 14249
8925 18722
8926 18584
8926 43208
8927 20571
8927 25732
8927 28734
8927 45810
8928 41565
8929 38938
8929 39995
8929 41215
8930 26323
8932 11193
8933 26548
8933 29056
8933 31011
8934 25267
8934 28665
8935 31137
8935 49878
8936 22265
8936 30195
8936 33996
8937 32591
8937 37176
8938 36389
8939 12137
8939 12814
8939 22150
8940 22570
8940 24874
8940 47979
8941 21025
8941 37461
8942 21448
8942 21823
8942 23470
8942 30925
8943 19518
8943 27121
8943 38667
8943 40821
8944 25920
8944 26964
8944 46669
8945 18824
8945 25642
8945 28658
8946 20955
8946 44526
8949 25557
8949 31194
8949 40248
8950 10109
8951 18023
8951 30985
8951 46479
8952 9235
8952 22229
8953 36663
8953 37110
8953 48136
8956 42334
8956 48622
8956 48653
8957 29386
8958 44365
8959 13308
8959 14870
8960 30117
8960 36974
8962 17623
8962 21636
8962 40320
8963 27243
8963 38568
8963 40749
8964 24927
8964 43728
8967 41406
8968 23126
8968 29815
8968 40116
8969 22434
8970 32916
8971 23205
8972 13864
8973 17867
8973 39858
8973 47937
8974 11884
8974 21488
8975 22686
8976 20039
8976 30741
8976 46778
8977 21585
8977 23120
8977 29490
8977 41734
8978 13575
8978 25524
8979 21621
8981 36603
8981 47694
8982 48399
8986 44852
8987 15979
8987 21008
8988 28676
8989 10951
8989 11899
8990 44110
8991 21440
8991 34886
8991 43720
8992 22383
8992 34785
8993 25337
8994 27274
8994 30270
8994 31630
8995 25458
8996 11152
8996 11657
8996 18163
8997 19474
8997 23446
8997 38945
8998 30472
8998 36470
8999 25163
9000 23445
9000 28139
9001 13404
9001 14373
9001 14548
9001 42223
9002 20436
9002 23261
9004 15235
9004 15810
9004 32903
9004 35394
9004 43591
9005 29720
9007 13553
9008 11418
9009 28120
9009 28861
9009 33981
9010 9949
9010 49607
9011 37795
9012 18289
9012 37547
9013 9087
9013 26450
9013 34410
9014 20692
9015 13588
9015 26695
9017 28123
9018 34672
9018 37211
9018 37923
9019 36185
9020 10731
9020 35683
9021 19798
9023 16437
9023 31792
9024 18357
9025 23704
9025 34380
9026 9271
9026 36676
9026 37077
9027 9485
9027 10704
9027 48339
9027 48721
9028 31601
9029 38040
9031 19887
9031 27918
9032 23190
9034 27644
9034 36857
9035 9099
9035 36222
9035 48314
9036 23695
9036 35421
9037 21071
9037 29230
9037 37169
9037 40783
9037 45208
9038 20034
9038 25970
9038 36898
9039 18596
9039 19711
9040 23191
9040 26353
9040 49048
9041 45928
9042 13428
9042 30426
9043 18304
9043 20743
9043 25227
9043 42034
9045 14822
9047 26704
9047 37311
9048 13159
9048 19584
9049 32229
9050 16217
9050 48416
9051 30866
9052 15465
9052 17308
9054 33985
9054 43979
9054 48133
9055 15517
9055 15666
9056 12777
9056 18951
9056 35322
9056 36190
9057 16231
9057 21524
9057 42587
9059 12270
9059 21131
9059 26223
9059 29093
9060 9685
9060 22843
9060 36574
9061 14800
9062 22562
9063 43849
9065 35369
9066 28568
9066 32183
9066 39490
9066 45920
9067 34691
9067 46957
9069 22643
9069 43916
9069 47872
9069 48327
9070 11870
9070 29547
9070 30649
9070 32414
9071 32157
9072 28849
9072 35556
9073 29906
9073 36607
9073 36702
9074 34088
9074 42014
9075 32631
9076 14000
9076 36947
9079 9868
9080 11865
9080 31429
9082 14750
9082 24677
9083 41826
9084 44362
9085 16024
9085 23488
9085 41465
9085 48956
9087 22327
9087 32588
9088 11117
9088 29472
9089 21166
9089 23153
9090 28442
9091 45610
9092 19117
9092 33898
9093 18704
9093 21185
9093 22029
9093 22515
9093 27344
9094 15151
9094 26355
9095 13967
9095 38335
9095 43477
9096 16301
9096 17396
9097 28953
9098 10097
9100 16077
9101 9962
9101 34765
9102 17423
9102 25884
9103 14438
9104 11374
9104 16065
9105 36420
9106 38890
9108 42284
9110 11050
9110 22856
9110 23061
9112 29437
9112 32605
9113 23966
9115 10850
9115 17635
9115 20204
9116 22143
9116 23016
9118 23819
9119 13954
9122 18715
9123 35735
9124 42518
9125 45162
9125 49836
9126 33339
9126 35999
9127 24461
9127 24738
9128 15735
9129 12658
9130 9649
9130 20622
9130 34723
9131 13554
9131 14726
9131 29254
9132 45810
9133 12393
9134 20818
9135 10235
9135 14531
9135 19275
9135 44898
9136 11474
9136 16794
9136 38287
9136 44677
9136 47523
9137 25692
9137 42073
9138 46943
9141 19583
9142 19440
9142 24105
9142 46162
9143 21461
9143 33547
9144 44750
9145 14203
9145 15583
9145 36193
9146 43072
9148 11518
9148 27365
9148 29844
9148 39714
9148 41972
9148 49964
9149 42883
9150 18447
9150 41609
9151 35621
9153 13595
9153 25217
9153 34242
9154 14842
9155 23885
9155 35020
9155 42401
9155 42495
9156 11205
9156 12749
9156 19915
9157 28371
9157 32396
9158 30675
9159 9165
9159 27997
9159 37910
9161 10279
9161 28948
9163 16814
9163 25721
9163 48413
9164 11599
9165 36533
9167 13957
9168 33668
9168 43640
9169 48098
9171 21684
9171 27262
9171 29098
9172 30122
9172 49826
9173 19935
9173 24708
9173 34412
9174 21243
9174 38537
9175 27065
9175 46277
9176 9538
9177 26494
9177 41115
9177 43162
9179 46477
9180 32811
9181 34571
9182 15380
9182 16373
9182 36429
9183 27818
9183 35560
9183 43809
9186 16029
9186 28144
9187 20001
9187 44185
9188 12482
9189 16143
9189 20130
9189 28861
9190 32776
9191 45481
9192 20899
9192 38741
9194 13953
9194 20333
9197 13178
9198 17609
9198 33117
9199 14250
9199 27705
9200 22508
9200 38821
9200 49887
9201 36276
9202 20846
9202 31530
9203 11746
9204 17293
9207 32173
9207 32849
9207 45687
9208 16681
9208 28997
9209 44745
9210 22349
9210 24476
9210 42363
9211 36181
9213 30085
9214 12041
9215 23152
9215 38636
9215 42640
9216 29928
9216 47187
9217 41194
9217 42804
9218 17612
9218 22850
9219 9366
9219 19156
9219 47873
9220 48640
9221 35058
9221 42368
9222 35660
9225 13719
9225 23138
9225 39710
9225 48131
9226 12795
9226 29245
9227 22625
9228 14442
9228 14751
9228 25470
9228 41771
9229 31742
9229 38324
9230 48829
9231 20913
9231 31572
9232 16736
9232 18104
9236 26909
9236 35333
9237 27293
9237 27414
9237 41913
9238 38061
9239 16883
9239 31860
9239 43627
9241 21465
9242 9889
9242 39156
9242 47948
9243 28586
9244 11477
9244 26890
9245 20020
9246 22464
9247 23167
9247 27221
9247 40321
9247 43723
9248 10425
9248 22482
9248 31363
9249 37191
9250 10372
9250 44626
9251 12507
9251 23572
9251 37529
9251 42826
9252 9685
9252 20766
9255 24858
9256 9622
9256 42643
9257 10225
9257 26444
9259 23592
9260 37984
9261 14627
9261 21307
9261 23332
9262 25827
9262 26831
9263 29762
9264 10888
9264 17451
9264 19535
9264 25038
9265 33910
9266 14024
9266 14511
9266 43886
9267 25167
9267 43781
9268 14627
9269 13762
9270 13436
9270 15418
9270 17393
9273 14347
9273 22567
9273 49350
9274 11945
9274 23445
9274 38339
9275 20206
9275 21510
9275 30644
9275 32008
9275 49116
9276 34610
9277 23658
9278 19618
9280 18785
9280 24581
9281 16960
9282 45146
9282 48466
9283 9321
9283 12520
9283 13443
9284 18828
9284 45784
9285 44312
9285 49328
9287 26456
9289 21477
9289 21621
9289 33485
9289 41278
9291 10066
9291 27813
9291 43740
9293 24291
9293 35802
9294 19255
9294 21851
9294 22161
9294 23307
9294 47783
9295 35744
9295 38575
9296 16320
9296 28623
9297 39532
9297 47915
9298 13696
9298 14311
9298 29399
9299 18435
9299 29670
9299 48621
9300 10433
9300 17022
9300 34250
9300 38655
9300 48316
9301 37557
9302 9601
9302 16906
9302 32222
9303 14534
9303 21723
9304 43785
9306 29455
9307 11112
9307 40833
9308 41708
9310 29692
9310 41828
9311 16953
9312 40230
9313 34249
9314 11907
9314 38906
9315 27467
9315 29685
9316 21276
9317 15995
9318 42656
9318 42899
9319 9820
9319 13997
9319 37939
9319 44346
9320 10614
9320 42677
9321 38406
9321 45939
9324 10007
9324 19924
9324 29348
9325 39350
9325 44655
9325 46682
9327 9568
9327 17270
9328 25927
9328 48005
9329 18020
9329 19069
9330 35703
9330 49891
9331 17818
9331 23981
9331 31234
9332 20535
9333 11715
9333 13441
9333 29443
9333 44871
9334 27639
9334 30940
9334 39396
9334 48400
9335 22340
9335 33864
9335 35011
9337 22451
9338 17843
9339 22093
9339 46752
9340 14093
9341 25580
9341 46465
9342 13601
9342 30967
9342 33847
9342 48817
9343 16534
9343 26307
9343 34122
9345 16089
9347 13454
9347 21533
9348 17371
9348 26539
9349 17020
9350 42994
9351 33885
9352 12985
9352 29764
9352 45375
9353 21158
9353 45157
9355 20897
9355 31860
9355 44710
9356 48629
9357 26621
9357 38680
9357 43028
9358 9942
9358 26220
9360 10605
9360 40030
9360 40719
9361 25239
9361 33252
9363 37423
9363 44430
9364 31560
9365 14569
9367 37022
9368 29311
9368 30626
9369 44112
9370 30301
9370 43070
9371 46712
9372 18635
9372 19016
9373 42274
9375 10339
9376 27719
9377 41290
9378 27957
9378 33465
9379 22747
9379 34133
9379 34164
9379 36568
9380 42406
9381 21475
9381 23831
9381 32854
9381 37934
9382 17471
9382 30995
9383 14499
9383 19587
9383 37081
9383 47992
9383 48418
9384 43951
9384 48332
9385 16424
9385 48466
9386 38357
9389 33666
9389 33976
9389 41569
9391 11234
9391 39783
9391 44087
9392 42795
9392 47039
9393 22139
9393 26172
9393 43627
9393 46179
9393 47145
9395 33375
9395 33465
9396 9505
9396 9642
9398 27208
9398 37323
9399 12086
9399 39775
9399 41243
9399 44919
9400 16479
9407 9698
9407 41134
9409 11810
9409 13735
9409 37202
9410 15368
9410 18621
9410 29600
9411 21664
9411 35375
9412 40507
9412 45041
9417 32497
9418 14788
9418 31057
9418 42394
9419 9662
9420 29623
9420 44887
9421 23277
9421 32068
9421 44169
9423 33757
9423 38176
9424 38297
9425 28857
9425 32589
9425 33429
9425 45192
9426 38447
9429 14899
9430 15806
9430 26260
9431 17004
9431 18970
9431 19331
9434 18099
9434 33616
9435 22458
9435 42263
9436 30164
9436 38708
9436 42770
9437 11641
9437 18118
9438 21636
9440 36221
9440 49956
9441 26859
9444 19793
9444 41627
9446 18177
9446 45102
9447 25726
9448 26444
9448 34098
9448 49176
9449 29039
9450 25705
9451 38516
9451 39872
9452 10319
9452 17644
9452 34702
9452 39227
9455 49099
9457 12118
9457 15912
9457 48413
9459 13696
9459 36643
9459 37217
9460 49112
9461 12425
9461 43873
9462 29843
9462 37871
9464 15765
9465 34211
9465 39561
9466 31586
9467 40868
9468 12259
9468 21209
9468 45918
9469 12767
9469 25617
9469 45270
9470 32949
9470 33650
9471 39956
9472 25786
9472 33277
9472 38262
9472 44220
9474 40119
9474 45166
9475 27495
9475 34006
9476 30884
9477 17536
9477 26043
9478 12822
9478 36141
9480 14974
9480 29024
9480 38438
9480 44283
9481 10181
9481 25384
9481 43606
9481 43952
9481 48379
9482 10658
9485 18230
9486 17663
9486 22546
9486 23730
9487 30400
9487 42146
9488 28611
9488 35217
9488 43992
9489 21513
9489 25654
9490 40908
9492 45953
9493 44479
9494 10589
9494 19477
9494 28577
9494 29048
9494 45937
9494 46276
9495 38317
9496 39910
9498 24762
9499 10121
9499 35791
9499 36776
9500 14706
9500 26749
9500 36374
9500 43431
9502 30262
9503 29882
9504 30345
9504 33724
9505 18946
9505 24823
9505 28124
9505 34223
9506 11080
9506 14475
9506 25975
9506 37400
9506 39355
9507 16374
9507 17713
9507 27482
9507 28448
9509 41026
9509 42599
9510 30256
9511 18562
9511 25689
9512 19633
9513 18958
9513 44886
9515 19137
9515 43110
9515 44990
9518 31538
9518 44904
9518 47764
9520 10247
9521 37427
9522 19969
9522 27049
9522 36740
9523 37174
9524 15780
9524 18994
9524 32926
9524 40704
9524 44052
9525 22319
9526 15847
9527 27778
9527 28269
9527 34557
9529 18237
9529 18519
9529 19769
9530 17413
9530 25399
9530 40970
9530 44736
9531 41135
9531 45616
9532 38298
9532 42874
9534 17660
9534 21932
9534 32453
9534 44423
9535 41746
9536 39596
9537 20602
9538 10663
9538 12572
9538 14913
9540 10593
9540 22712
9542 40363
9543 12807
9544 25347
9544 33446
9546 33109
9547 15243
9548 25180
9549 28535
9551 32525
9551 38921
9551 44888
9553 36564
9554 40412
9556 42004
9557 11222
9557 11652
9557 30627
9558 14591
9558 42295
9559 9778
9559 12255
9559 17406
9559 44249
9561 11882
9561 21001
9561 21660
9561 42517
9562 24951
9562 34970
9562 36409
9562 47167
9563 21347
9563 34777
9564 13140
9564 30810
9565 12143
9565 21894
9566 21515
9567 31905
9568 32097
9569 13061
9569 25347
9570 21035
9571 34157
9572 9756
9572 39687
9572 42621
9573 12616
9573 21555
9574 33892
9575 13141
9575 28393
9575 33967
9575 35518
9576 12029
9577 9695
9577 45596
9578 11662
9579 23461
9581 11524
9583 20468
9583 46612
9584 27190
9584 27848
9584 28773
9585 10637
9585 27301
9585 27384
9585 44485
9586 44207
9587 14732
9587 23311
9588 33624
9588 47639
9589 16090
9589 20765
9591 11602
9592 26816
9592 40345
9592 48390
9592 49900
9594 14393
9594 36004
9595 48283
9596 44180
9599 31574
9599 48686
9601 31722
9601 33404
9604 10560
9604 13159
9604 17760
9604 20885
9604 44747
9604 45851
9605 21038
9605 42065
9606 14377
9606 27632
9607 41276
9608 12460
9608 49849
9609 29622
9610 49593
9611 49637
9612 13413
9612 38357
9612 45849
9613 18363
9615 31483
9615 33660
9617 22189
9618 16150
9619 16909
9620 27459
9621 14509
9621 26156
9621 29862
9622 28339
9623 37582
9624 9849
9624 10537
9625 21209
9625 27143
9625 28346
9625 42570
9625 48139
9626 26648
9626 48937
9627 17948
9627 41536
9629 27792
9630 13196
9630 22652
9630 32041
9630 45854
9631 35376
9632 20724
9632 33927
9632 35521
9632 38876
9633 24125
9633 27991
9633 33921
9634 41910
9635 23953
9636 17871
9636 38154
9637 15977
9637 24779
9638 18375
9639 39916
9639 46600
9640 20874
9640 23665
9640 25134
9640 29752
9641 28970
9641 36914
9641 47892
9641 48208
9641 49133
9643 31669
9644 20953
9644 47673
9645 17257
9647 40029
9647 47082
9648 12461
9648 12987
9649 12486
9649 16067
9650 38512
9651 27073
9651 42270
9652 13232
9652 13998
9653 37678
9654 25684
9654 31213
9654 35413
9654 35774
9654 39397
9656 10851
9656 13961
9656 21787
9657 21198
9658 12727
9658 41062
9658 41807
9658 48409
9659 33768
9659 34251
9659 41176
9660 27873
9661 33773
9662 12198
9662 26448
9662 45477
9662 46713
9662 47520
9663 43289
9663 45812
9665 13910
9665 15243
9666 31288
9667 23860
9667 27014
9668 13945
9668 22860
9668 40876
9670 17880
9670 47511
9671 31264
9671 36020
9672 19148
9673 14267
9674 14445
9674 33116
9675 17782
9675 17903
9675 28570
9675 36838
9676 17160
9676 21128
9677 24763
9679 37817
9680 13332
9680 19017
9681 18341
9681 28903
9681 33017
9682 15796
9682 24471
9684 34662
9684 35513
9685 14486
9685 27816
9685 27870
9687 12809
9687 22607
9687 24382
9687 47068
9687 47713
9688 23221
9688 26565
9689 14067
9689 29464
9691 13003
9691 15348
9691 22924
9693 35603
9694 22007
9694 48911
9694 49494
9695 24628
9696 11594
9696 49337
9697 19623
9697 26275
9699 17399
9699 30484
9699 31027
9699 31503
9700 41165
9701 34360
9701 41023
9702 19452
9702 23562
9702 23979
9702 35857
9702 39153
9703 29545
9703 31345
9704 40956
9705 31547
9705 44085
9706 35783
9707 15653
9707 48329
9707 48346
9708 15860
9709 31725
9710 37793
9710 49054
9712 16242
9712 19211
9713 27164
9714 31291
9714 37474
9714 45172
9714 47613
9715 11841
9715 11911
9715 33668
9716 28233
9716 33992
9717 15700
9717 47413
9721 49361
9722 13296
9723 14352
9723 40319
9723 44481
9724 31353
9724 45911
9726 19923
9726 27940
9726 41769
9726 47514
9727 48083
9728 18116
9728 42902
9728 48625
9729 10456
9729 25717
9730 16427
9730 40098
9732 20714
9732 35508
9732 37161
9733 12138
9733 23428
9733 28200
9734 26651
9734 26882
9734 28083
9734 44637
9735 11005
9735 36431
9736 23035
9737 12787
9737 37505
9738 10300
9738 14414
9738 31497
9739 20897
9740 21181
9741 23394
9741 25658
9742 40151
9744 11018
9744 31712
9744 39209
9746 21615
9746 29565
9749 31900
9749 47782
9750 36152
9751 19580
9751 20539
9751 45753
9752 18988
9754 25456
9754 49639
9755 17550
9755 24929
9755 43388
9756 35087
9757 49430
9758 19520
9758 38662
9759 47287
9760 21011
9760 25627
9762 18312
9762 30425
9764 15681
9764 36158
9764 47030
9766 13481
9767 43419
9768 20169
9768 34775
9769 42218
9770 26895
9770 46420
9770 49567
9771 20181
9772 28262
9772 32495
9772 41124
9776 23570
9776 39213
9778 15735
9779 29640
9780 31132
9781 33845
9782 18106
9783 49051
9784 40198
9785 25203
9785 36689
9786 14577
9786 16274
9786 16973
9786 27204
9786 35811
9786 38895
9787 37049
9789 46081
9789 46345
9790 23392
9790 45536
9791 14327
9791 19113
9791 22627
9791 22813
9791 36225
9791 36425
9791 40174
9791 40769
9791 45681
9792 13875
9792 43015
9793 31215
9793 33384
9793 41855
9794 26722
9795 46211
9797 11472
9798 31332
9799 25715
9799 37554
9799 39586
9801 15459
9801 16815
9801 29374
9803 10488
9803 17879
9803 22821
9803 37889
9803 49636
9804 21301
9804 27380
9804 34752
9804 43591
9805 17475
9805 31059
9806 9812
9806 9924
9807 34233
9808 43954
9809 29688
9809 29777
9810 32701
9810 37385
9811 27628
9811 30477
9811 46873
9812 15011
9812 16044
9812 26752
9812 33835
9812 37992
9813 16276
9813 40936
9814 22106
9814 30972
9814 32095
9814 37471
9814 49226
9815 20739
9815 30276
9816 19188
9816 30217
9818 28186
9819 13397
9819 21425
9820 25978
9820 45475
9821 44601
9823 28747
9823 38412
9823 45685
9825 19289
9825 22190
9825 39269
9826 47931
9827 12324
9827 26600
9827 35128
9828 38518
9829 40293
9829 49030
9830 13029
9830 22847
9832 20464
9832 41871
9832 46688
9834 37652
9835 37961
9835 39392
9837 11259
9839 30186
9839 44960
9841 31126
9841 33557
9842 22869
9842 48250
9843 16167
9844 45248
9845 18937
9845 38544
9845 40348
9845 40402
9846 12669
9847 32650
9847 34919
9849 41548
9852 10038
9852 23710
9852 38860
9854 12530
9855 32308
9856 49822
9857 28733
9857 33531
9857 48749
9858 12436
9860 18071
9860 25302
9860 41012
9863 11286
9863 20283
9865 15292
9865 21878
9865 25701
9865 25720
9865 31681
9865 48761
9866 14187
9866 45767
9867 27029
9867 40824
9868 39849
9868 40842
9869 13172
9869 26212
9869 40350
9872 18311
9872 28173
9872 47355
9873 36319
9876 40699
9876 44379
9877 35044
9877 42393
9878 21449
9878 22203
9878 23263
9878 32229
9879 15256
9879 19499
9879 46672
9880 10738
9880 38614
9881 13480
9881 37767
9881 37789
9881 40121
9882 41631
9883 18363
9883 21086
9883 39203
9885 31610
9886 15127
9886 15885
9886 30692
9887 24633
9887 40913
9887 41053
9888 18284
9889 17776
9889 19678
9889 21362
9889 31883
9889 41182
9891 26159
9891 31346
9891 32836
9891 41631
9892 33008
9893 14927
9893 46667
9893 46888
9894 10215
9894 18960
9895 43481
9896 36169
9896 47767
9897 18925
9897 37451
9897 43246
9898 25489
9899 15851
9899 19259
9899 41147
9900 13127
9900 36413
9900 38184
9901 24564
9901 29460
9902 14087
9903 30775
9905 45961
9906 15480
9906 29760
9906 31491
9906 33675
9907 18769
9908 19425
9908 20215
9908 21191
9908 28115
9909 48878
9910 21222
9910 25245
9910 26936
9911 16079
9912 12913
9912 39731
9912 40003
9913 36249
9914 26779
9916 43444
9916 46076
9917 17233
9917 21351
9917 31276
9918 19104
9919 40289
9919 44484
9920 17802
9920 23796
9921 31229
9921 40416
9922 13708
9922 14846
9922 36832
9922 47289
9924 10404
9924 33090
9925 21628
9927 27984
9928 18168
9928 20260
9928 42575
9929 13395
9929 44455
9930 13363
9931 12681
9931 18024
9932 13190
9932 21053
9932 30779
9932 45153
9933 38246
9934 31601
9934 40631
9935 21892
9937 34417
9938 15725
9938 26064
9938 38162
9939 27606
9940 19199
9940 32633
9940 46809
9940 48402
9941 36792
9942 37406
9942 41655
9943 38484
9943 47463
9944 22244
9945 24040
9945 30930
9945 35964
9945 39477
9947 14070
9947 48188
9948 34840
9948 39481
9949 25766
9949 27292
9949 34995
9949 38610
9950 36244
9951 28239
9953 36511
9953 48477
9955 36628
9957 15583
9957 28924
9957 35579
9958 15065
9958 17387
9958 18561
9959 19385
9959 35781
9960 10267
9960 24310
9961 37655
9961 42516
9961 47589
9962 35571
9962 42014
9962 48675
9964 20298
9965 48613
9966 44512
9967 19107
9967 20732
9968 33902
9969 17768
9970 22196
9970 40017
9970 48648
9971 11992
9971 16082
9971 16487
9973 14622
9973 20997
9973 46409
9975 46943
9976 12962
9976 14101
9976 24945
9976 28078
9976 40747
9977 15930
9977 17972
9977 32013
9977 32216
9977 33855
9978 21720
9980 29695
9980 45469
9980 46053
9982 49454
9983 42934
9984 48724
9985 25910
9986 20083
9986 41629
9986 42386
9986 49670
9987 34088
9987 47829
9989 15511
9989 16632
9989 20801
9989 29247
9990 25639
9990 44594
9992 18284
9992 49221
9993 20485
9994 27819
9994 47944
9996 45957
9997 21623
9997 26339
9997 39042
9997 48774
9998 18098
9998 20999
9999 17285
9999 34570
10000 39004
10001 12406
10001 46706
10002 10644
10002 14669
10002 16941
10003 27965
10003 31211
10004 12951
10005 38863
10006 39539
10006 43996
10006 44191
10007 15688
10007 44464
10007 46296
10008 28194
10009 15927
10009 40748
10010 24104
10010 28372
10010 31145
10010 32427
10010 34211
10010 39530
10011 28737
10011 49260
10013 39818
10013 44748
10014 23302
10014 27637
10015 10542
10015 18807
10015 19625
10017 11617
10017 21203
10018 11484
10018 44620
10018 46703
10020 24519
10020 35627
10022 49411
10023 41843
10024 14164
10025 36155
10026 20480
10028 33037
10029 41907
10031 24799
10031 35759
10031 44281
10032 10454
10032 21720
10032 29551
10032 38907
10034 35664
10034 45413
10035 20537
10035 24503
10035 29004
10036 37695
10036 41767
10036 43381
10037 17659
10037 37173
10038 11706
10038 33767
10038 48371
10039 36293
10039 42026
10041 13510
10041 41869
10041 48766
10042 14103
10042 31853
10043 23701
10043 32115
10043 40597
10044 11850
10044 12776
10044 47551
10044 48675
10046 14602
10046 16180
10046 29305
10047 30411
10047 31141
10047 36361
10048 49752
10050 22650
10050 23447
10052 17890
10052 24365
10052 26840
10054 26597
10054 46076
10055 41455
10056 22770
10056 36499
10057 17439
10057 20668
10057 24185
10058 20321
10058 37032
10058 43727
10059 16629
10059 23743
10059 38334
10059 47591
10060 45271
10060 49121
10061 38664
10062 11679
10062 18789
10062 47156
10063 41668
10064 11492
10064 34160
10065 12764
10066 35097
10067 17726
10068 15607
10068 19595
10068 41531
10069 10423
10069 18621
10069 45175
10070 22197
10072 28493
10073 46138
10075 10101
10075 10989
10075 21897
10075 33659
10077 23697
10077 34251
10078 29449
10079 11125
10079 12728
10079 26948
10080 19211
10080 35875
10081 16226
10081 44717
10082 28337
10083 32200
10083 41013
10085 21539
10086 20658
10087 19662
10087 33429
10088 12380
10088 21883
10088 45250
10089 21786
10089 42906
10090 49596
10091 12223
10091 23656
10091 29664
10091 44401
10092 10866
10092 30028
10093 25464
10093 34219
10093 38813
10093 41972
10093 42298
10094 19261
10094 38399
10095 43903
10096 35394
10096 49171
10097 15160
10097 17791
10097 27575
10098 15568
10098 36052
10099 39269
10099 43219
10100 15300
10101 23529
10101 45699
10102 40801
10103 36696
10103 45760
10104 44059
10104 49576
10107 30169
10107 45602
10108 29941
10109 16343
10109 39548
10111 11088
10111 15408
10111 32549
10111 48727
10113 32281
10113 35525
10114 22726
10114 22941
10115 11277
10115 15219
10115 20044
10116 13628
10116 27000
10116 29331
10117 25846
10117 44641
10118 33444
10119 23842
10119 34944
10119 37660
10119 43555
10120 14751
10120 17617
10120 21923
10120 38734
10121 14211
10122 22274
10122 40596
10123 12373
10123 22218
10124 27169
10124 34011
10125 48160
10126 16968
10127 47233
10128 44684
10130 21124
10131 10567
10131 16299
10131 42481
10132 19798
10132 42475
10134 11072
10134 33898
10134 47878
10135 26590
10135 32589
10136 10513
10136 18050
10136 29479
10137 15487
10138 37780
10139 27150
10140 25667
10140 48817
10141 17966
10141 18909
10141 35260
10141 49053
10143 32584
10144 23193
10145 33403
10145 45197
10146 33015
10146 40138
10146 46961
10146 49860
10146 49917
10147 24508
10147 40218
10147 47327
10148 10941
10148 34778
10149 14733
10150 23920
10151 36535
10151 45642
10152 19889
10152 20023
10152 40585
10152 48510
10153 13509
10153 26212
10153 44210
10154 34049
10154 47748
10155 25150
10156 11144
10156 19874
10156 47631
10157 21504
10158 15811
10159 38304
10159 41279
10160 11624
10161 17504
10161 43231
10162 20853
10163 44254
10164 13257
10164 28753
10164 29541
10165 14890
10165 47213
10166 14343
10166 24231
10166 48216
10167 34214
10167 39805
10168 29789
10169 14898
10169 21407
10170 10739
10170 38863
10173 15427
10173 15467
10173 23704
10173 25825
10173 33766
10174 24959
10174 31875
10174 47332
10175 18763
10176 23793
10177 44202
10178 31601
10178 31951
10179 14989
10179 17106
10180 19460
10182 23167
10182 31272
10184 20831
10185 29280
10185 36363
10186 13461
10186 28098
10187 13900
10187 14158
10187 32699
10187 43792
10188 29596
10189 13953
10189 31923
10189 36275
10190 14237
10190 22824
10190 23438
10191 32825
10191 42275
10192 20228
10192 21421
10192 40164
10192 47603
10193 39469
10194 20366
10194 30469
10194 32324
10194 36044
10195 35653
10195 37832
10198 19023
10198 26702
10199 38321
10199 40901
10199 42471
10200 14501
10200 25764
10201 13205
10201 19234
10202 28112
10203 12564
10205 40174
10206 26188
10206 45079
10207 16355
10207 41656
10207 43945
10208 45101
10209 45108
10209 47072
10209 47579
10210 47575
10212 26513
10213 48111
10214 20081
10215 41589
10217 12078
10217 20392
10217 28284
10217 34564
10217 38326
10217 48245
10218 34799
10219 39461
10220 22227
10220 29662
10220 30707
10221 39009
10221 41616
10221 41924
10222 49529
10223 11710
10224 11791
10225 33501
10226 48211
10227 20650
10227 21952
10228 21076
10228 28559
10228 38306
10228 42465
10229 17506
10229 21148
10229 36951
10230 23294
10230 49494
10232 10390
10232 12651
10232 17855
10232 32126
10234 20286
10236 43393
10237 21474
10237 43457
10238 28151
10238 46680
10239 48056
10240 15130
10240 42050
10241 27657
10242 24139
10242 34177
10243 37859
10244 29853
10244 47782
10245 44707
10247 15162
10247 19458
10247 25537
10248 17879
10248 18439
10248 19445
10248 33968
10250 11457
10250 34401
10251 30173
10252 37724
10253 12121
10254 16255
10254 49432
10255 31011
10255 48114
10256 46541
10256 47520
10258 12813
10259 21603
10259 31131
10259 47700
10259 47969
10260 49830
10261 45004
10262 49156
10263 23685
10263 27401
10263 29455
10263 39135
10264 29889
10264 48532
10265 47358
10268 20807
10268 24001
10268 45315
10270 20018
10270 23018
10270 23565
10270 49616
10271 36449
10271 43852
10271 49347
10272 14284
10272 42492
10273 20394
10273 48230
10274 47258
10275 11650
10275 37775
10276 36524
10276 37325
10277 28311
10278 20055
10278 29011
10279 20917
10280 10511
10281 13955
10281 15898
10282 21705
10283 37079
10284 10501
10284 15877
10285 31510
10286 11448
10286 30201
10287 19724
10287 21069
10289 28252
10290 22461
10291 17878
10291 21560
10292 18601
10292 45497
10293 28355
10293 36239
10293 44977
10294 21544
10294 32765
10295 20984
10297 18350
10298 22499
10299 31236
10300 24833
10301 11625
10301 36160
10302 24234
10304 14198
10304 42081
10304 48093
10305 10699
10305 13137
10305 23885
10305 42032
10305 47076
10307 15746
10308 26272
10308 35141
10308 40348
10310 15395
10310 20858
10310 31529
10310 47755
10311 11475
10311 15003
10311 19425
10312 19069
10312 29275
10313 39072
10313 44851
10314 12832
10314 42718
10315 12606
10315 38374
10316 39932
10317 21551
10317 21876
10318 39905
10319 10815
10319 22893
10320 21293
10321 10831
10321 17713
10322 33477
10322 44625
10323 39723
10323 40588
10324 30248
10324 31846
10325 12458
10325 17557
10325 19964
10326 40691
10327 18973
10327 34370
10327 38034
10328 16830
10328 20352
10330 15683
10333 14737
10335 34436
10335 43201
10336 12779
10336 30314
10336 42699
10337 35113
10338 19610
10338 46495
10339 39600
10341 19266
10342 20493
10342 34463
10342 42252
10342 46947
10343 16480
10343 23990
10343 36652
10343 39816
10343 47559
10344 22333
10344 25371
10348 19337
10348 44429
10349 17762
10349 36456
10350 37753
10350 40998
10351 13208
10351 32712
10351 41191
10351 49378
10352 10980
10354 10665
10354 18997
10354 41108
10354 47621
10356 19993
10356 39184
10357 21922
10358 18484
10358 21143
10360 44442
10361 11970
10361 18191
10366 22313
10367 11904
10367 22153
10367 49379
10368 17243
10368 21473
10368 23316
10369 19355
10370 15758
10370 31937
10370 41798
10371 36409
10372 47767
10373 44973
10374 22620
10374 37579
10374 46312
10374 47090
10375 13476
10375 13916
10375 24914
10375 37663
10377 43734
10377 48071
10378 18538
10378 41103
10379 38876
10379 46439
10380 27592
10380 32878
10380 40177
10382 43772
10383 37614
10385 25400
10385 36408
10386 18610
10387 38929
10387 40847
10387 44691
10388 43521
10390 29970
10390 30127
10391 30764
10391 47966
10392 11547
10393 47943
10395 36142
10396 12104
10396 48383
10398 15727
10399 32824
10401 22765
10401 23544
10401 29767
10401 37011
10402 37874
10402 38782
10403 11765
10403 17294
10403 19734
10404 16639
10404 45055
10405 30376
10405 34212
10405 41191
10407 44140
10408 32568
10408 46257
10408 49268
10409 11165
10409 28458
10409 36298
10410 14369
10410 20550
10413 26751
10413 39193
10414 14563
10414 28713
10419 35700
10419 48813
10420 10478
10420 20264
10420 27018
10420 35782
10421 13954
10421 16262
10421 24174
10422 13341
10422 48356
10423 18693
10424 15696
10424 28643
10425 24941
10425 28781
10426 21706
10427 16509
10427 43676
10428 12666
10428 46250
10429 33351
10430 23570
10430 43934
10432 38350
10433 46845
10434 13887
10434 39024
10434 49163
10435 30275
10436 23484
10436 26356
10436 27375
10436 27864
10436 38992
10437 26171
10437 47529
10438 10756
10438 14600
10438 29412
10439 39908
10439 45040
10440 18355
10440 43055
10441 41637
10442 24148
10442 44363
10443 28212
10443 39498
10445 27865
10445 29847
10446 19879
10446 27312
10446 36349
10446 46498
10448 10684
10448 17309
10448 40493
10448 47194
10449 38987
10450 28295
10451 22627
10451 38014
10451 49626
10452 20352
10453 15211
10453 42285
10454 17493
10454 20972
10454 24887
10454 38200
10455 19569
10455 25014
10455 31686
10456 34340
10457 22979
10457 41695
10458 19795
10458 37195
10458 49963
10460 46047
10461 33304
10461 40076
10462 27248
10463 12856
10463 31359
10463 31473
10464 13415
10464 43982
10466 28737
10466 31312
10467 13556
10467 34288
10467 41231
10469 33030
10470 11203
10470 14013
10472 26137
10473 22993
10473 29403
10473 49729
10474 40700
10474 41275
10474 49227
10475 24258
10476 44892
10477 44958
10478 23966
10479 13743
10479 28669
10479 36036
10479 46302
10480 19515
10480 20752
10481 13832
10481 14552
10482 25771
10482 28044
10482 44760
10483 24240
10483 34810
10483 42172
10483 46033
10484 16957
10484 41050
10485 22786
10486 23668
10486 41519
10487 11191
10488 24701
10488 32178
10489 14704
10489 16102
10489 16758
10489 18029
10489 27959
10489 39468
10489 44014
10490 22560
10491 32526
10491 42978
10493 16544
10493 23196
10493 38987
10494 18171
10494 30779
10494 39160
10494 42370
10495 25089
10495 39208
10495 41430
10497 15863
10500 24964
10500 35268
10501 39594
10501 42431
10502 39684
10503 28410
10503 48447
10505 11716
10506 17721
10506 27760
10506 38282
10507 17155
10508 11343
10509 21380
10510 19814
10510 44554
10511 18195
10511 30357
10512 22574
10513 43726
10514 40525
10516 26147
10517 28345
10517 28751
10518 35566
10519 17928
10519 29410
10522 39441
10523 47952
10524 16409
10525 15983
10526 11810
10530 29501
10531 16922
10531 32603
10532 34638
10532 49065
10533 16795
10533 23116
10533 23495
10534 33744
10536 21476
10537 32094
10537 47179
10538 13351
10538 34889
10538 48942
10539 43172
10539 49401
10540 14089
10540 14413
10540 14567
10540 20905
10540 45833
10541 20755
10541 21637
10541 24094
10542 20777
10543 11098
10543 12472
10544 11137
10544 29740
10544 42827
10545 30043
10545 36363
10545 46557
10547 29747
10547 43064
10548 40176
10548 45132
10549 20514
10549 25499
10549 33118
10551 20677
10552 19442
10553 16854
10553 36109
10554 20167
10555 12117
10555 36161
10557 26445
10559 10715
10559 35552
10559 41353
10560 12262
10560 20064
10560 30393
10560 44007
10561 31229
10563 45917
10564 44333
10566 21346
10566 38550
10566 38726
10567 21608
10567 32193
10567 38242
10567 39924
10568 32129
10569 31711
10570 14206
10571 41723
10572 11628
10572 21038
10572 22800
10572 28241
10572 48397
10574 15933
10574 16205
10574 27728
10574 41376
10574 49264
10576 18959
10576 38403
10578 22176
10578 26530
10578 35417
10579 21147
10579 32192
10581 21609
10582 13478
10582 21276
10584 29230
10585 13599
10585 20286
10586 47107
10587 24758
10587 38006
10588 20354
10588 42143
10590 17343
10590 17694
10591 16606
10591 16858
10591 21347
10591 27151
10592 31192
10592 35619
10592 42417
10592 43075
10593 23446
10593 41021
10595 36163
10596 34489
10596 36157
10599 39024
10599 41761
10600 29731
10600 37450
10600 45492
10601 33834
10601 41980
10602 11358
10603 16276
10603 25671
10603 40821
10604 17638
10604 17844
10604 41853
10605 40042
10606 15349
10606 18943
10606 31602
10607 36309
10608 23170
10608 32294
10609 19206
10609 21925
10610 10981
10610 28443
10610 29933
10610 31246
10611 27624
10612 23823
10612 32268
10612 38586
10612 40549
10614 34264
10614 48508
10616 16308
10618 12211
10620 29671
10621 20169
10621 23755
10622 42402
10624 33563
10625 16515
10626 27825
10626 34841
10626 39762
10626 41202
10627 34843
10628 30802
10630 19575
10630 20744
10631 19984
10631 30030
10632 11744
10632 32325
10632 38691
10634 25669
10634 41876
10634 43495
10635 10790
10635 20458
10635 25035
10635 49484
10636 16190
10636 25730
10636 34936
10636 48126
10637 24943
10637 30631
10637 33282
10637 37465
10637 48927
10638 18082
10638 39611
10641 27446
10641 46931
10642 12628
10644 16436
10644 26924
10645 29620
10646 24233
10647 15383
10648 18973
10648 44767
10649 41889
10649 48609
10650 20288
10652 17946
10652 34410
10653 15234
10653 24538
10653 35785
10654 16146
10654 47271
10655 33715
10655 36583
10657 20622
10657 21771
10657 34074
10659 12862
10659 22829
10659 28991
10659 37719
10659 39549
10660 38172
10660 38688
10661 14412
10661 32313
10661 42133
10663 47921
10664 28990
10665 11342
10665 12130
10666 39100
10668 22370
10668 32328
10669 24769
10669 30346
10669 37081
10669 47693
10670 37550
10671 33585
10671 44898
10671 44931
10672 19613
10672 45856
10675 18266
10675 23708
10675 31756
10675 40759
10676 34264
10676 39449
10678 10679
10678 45376
10679 37101
10679 38485
10680 12572
10680 29078
10681 45265
10682 12890
10683 23128
10684 20149
10685 26934
10685 45439
10686 19345
10686 44690
10686 46198
10688 35322
10688 37130
10689 25538
10689 46027
10690 23159
10690 25786
10690 30359
10692 26519
10693 14845
10693 29006
10694 24158
10695 18475
10695 31318
10695 48100
10696 34529
10697 11824
10697 15491
10697 21805
10700 16195
10700 28570
10701 48026
10702 29302
10702 47752
10703 14313
10704 16936
10704 47069
10704 49130
10706 42835
10706 43325
10707 25341
10708 24693
10708 36077
10709 46513
10711 11380
10711 30690
10711 39354
10711 41750
10712 30411
10713 18834
10713 42150
10713 44061
10714 33516
10716 30420
10718 18590
10718 31251
10720 13491
10720 26753
10720 43246
10721 12227
10721 26554
10721 26634
10721 35046
10721 49829
10726 20674
10726 26285
10726 27650
10726 31720
10726 42843
10727 17850
10727 22877
10727 43779
10731 14951
10732 18424
10733 12148
10733 22790
10733 24162
10734 15552
10734 24563
10734 39621
10735 12166
10739 19380
10739 26212
10739 28687
10740 34022
10741 28010
10741 28169
10742 42295
10742 46823
10743 13595
10743 19125
10743 21904
10743 24069
10743 32171
10744 13374
10744 23056
10745 49674
10747 12309
10747 26130
10747 41838
10748 13113
10748 39726
10748 39967
10749 19626
10750 17083
10750 19638
10750 34046
10750 48002
10750 48542
10751 22831
10751 45482
10753 29101
10754 26521
10755 11956
10755 13856
10755 36046
10757 21839
10757 22411
10757 26340
10758 12216
10759 13574
10760 20543
10761 44329
10761 44578
10762 16632
10762 28454
10764 49530
10765 10886
10765 38205
10766 19282
10766 38580
10767 34569
10769 47516
10770 19165
10771 37136
10772 29630
10772 38514
10773 38742
10774 13447
10774 29171
10775 22944
10775 30435
10776 42547
10776 42604
10777 29446
10777 36779
10777 40188
10777 49257
10778 15430
10778 16756
10778 41526
10778 45808
10778 47029
10779 23630
10779 48135
10780 26051
10781 12965
10782 15437
10784 19678
10784 38366
10786 19309
10786 31493
10788 17793
10788 38079
10789 25080
10789 34285
10789 37281
10791 17988
10791 28329
10791 37356
10791 43973
10792 28106
10793 26592
10793 31954
10794 21512
10794 33974
10794 42487
10798 12878
10798 15138
10799 41523
10799 47698
10800 23567
10800 48354
10802 22660
10802 32162
10802 40923
10802 43324
10804 30832
10804 43757
10806 27143
10806 31824
10806 40998
10806 47212
10807 39068
10807 43615
10807 46530
10808 44234
10809 28120
10810 28726
10810 31539
10810 47710
10811 20272
10811 34787
10811 40052
10814 30823
10815 25796
10815 34266
10816 18283
10816 40654
10816 46862
10817 14359
10817 37672
10818 45888
10819 18381
10820 11084
10820 42090
10821 16782
10821 29734
10821 32407
10821 43923
10823 43659
10824 18139
10824 30466
10825 14454
10827 17763
10827 20925
10828 26254
10828 48014
10829 11721
10829 19869
10829 20819
10829 48300
10830 16696
10831 26510
10832 17974
10832 36650
10833 12708
10833 19654
10833 48015
10834 28417
10837 13441
10837 13632
10837 20212
10838 25660
10838 35155
10838 36744
10839 14066
10840 34230
10842 29330
10842 39564
10842 48794
10844 19682
10845 16469
10845 16654
10845 45244
10846 13638
10846 15624
10846 22047
10848 46806
10848 49477
10849 24265
10849 28484
10850 18668
10850 26684
10850 27570
10850 33649
10850 36037
10850 37982
10851 26556
10851 29498
10851 46012
10854 40982
10856 14423
10856 34091
10856 48827
10858 43277
10859 25042
10860 12259
10860 24132
10860 25960
10860 33084
10860 46561
10861 47707
10863 19581
10864 19166
10864 34436
10866 12728
10866 20872
10867 32542
10867 44518
10868 33991
10868 38036
10868 40164
10869 35225
10870 16554
10870 31872
10871 28054
10871 42379
10872 18663
10873 35695
10874 28790
10875 25071
10875 37643
10875 49250
10876 21222
10877 19697
10877 31980
10881 11307
10881 41457
10882 14570
10882 16830
10882 43805
10883 18926
10883 40120
10884 19931
10884 31193
10884 37629
10885 26642
10886 29921
10887 27852
10888 18686
10888 22552
10888 45739
10889 21013
10890 29145
10891 47171
10893 14524
10893 30963
10893 31883
10895 24079
10895 31377
10895 44303
10896 40775
10896 44042
10898 17321
10898 32564
10899 40100
10899 43377
10900 24932
10900 26557
10900 48459
10901 19214
10902 29563
10902 43118
10903 32735
10904 20397
10904 29713
10905 47204
10906 23793
10906 25102
10906 26503
10906 49136
10906 49370
10907 43058
10908 39051
10908 42461
10911 37973
10912 36954
10912 38580
10912 42954
10914 28619
10914 46837
10915 23737
10915 43861
10915 46119
10915 49697
10916 16750
10916 32531
10917 23918
10917 39798
10918 25158
10918 34607
10918 37633
10919 11045
10919 44825
10921 27462
10921 35455
10922 33952
10923 30563
10924 47490
10925 24187
10925 31552
10926 39941
10927 49313
10928 16578
10929 30856
10929 36767
10929 40545
10929 46698
10929 49537
10930 20066
10930 40646
10930 49857
10931 28823
10931 29601
10932 38624
10933 35575
10934 15173
10934 37577
10935 11159
10935 19671
10936 29665
10936 36326
10938 27724
10939 37402
10940 43586
10940 45953
10941 14036
10942 18381
10942 22667
10942 24599
10942 26133
10942 39930
10942 40979
10943 15140
10946 14597
10946 14866
10946 28920
10947 22956
10947 29444
10947 43905
10949 29865
10950 12212
10950 48370
10951 23647
10951 34881
10952 19818
10952 40174
10953 12779
10953 24362
10954 12125
10954 23696
10954 29608
10954 33698
10955 24642
10956 31467
10956 36222
10956 43607
10957 15399
10957 46739
10958 13530
10959 11836
10959 13599
10959 22675
10959 27503
10959 39664
10960 40555
10961 12785
10961 35383
10963 24368
10963 25493
10964 33909
10964 38128
10965 23061
10965 34739
10966 19178
10966 21748
10966 39004
10966 39889
10967 37748
10967 45333
10968 22766
10969 16816
10969 36227
10972 12847
10973 25508
10975 14599
10975 46526
10976 20516
10977 33481
10979 37285
10979 42590
10981 49181
10982 40756
10982 40860
10983 15920
10983 19937
10985 15142
10986 35306
10986 42411
10986 49520
10988 11692
10989 11076
10991 18367
10993 20454
10995 28638
10995 46966
10996 46297
10997 11481
10997 45681
10998 38202
10999 13992
10999 21929
10999 22585
10999 28815
10999 36213
11000 18599
11001 16559
11001 26575
11001 26603
11001 33730
11001 34980
11001 49338
11003 31015
11005 29060
11006 11080
11006 29536
11007 24222
11007 30740
11008 11482
11008 16347
11008 22960
11008 39595
11009 49145
11010 11539
11010 20931
11012 23366
11013 21562
11014 20758
11014 39692
11015 42801
11015 43861
11016 47062
11017 23416
11017 39472
11018 32964
11020 17044
11021 26879
11021 36150
11022 46471
11023 22208
11023 23717
11023 29176
11023 46638
11026 11713
11026 22030
11028 25755
11029 39650
11029 40482
11030 38520
11030 40515
11031 49029
11032 39583
11034 20297
11036 13920
11036 31782
11036 44939
11037 25876
11037 29319
11040 18418
11040 46748
11041 12152
11042 43250
11044 16981
11046 17611
11047 41622
11049 35242
11049 42024
11049 48877
11052 12583
11052 16571
11052 49326
11053 38153
11053 43305
11054 45627
11055 22573
11057 32499
11059 27014
11060 24380
11060 46284
11061 44778
11063 18094
11064 28217
11064 40147
11067 17860
11067 19166
11067 20317
11068 29449
11069 45785
11070 28561
11071 39695
11072 35227
11072 44304
11072 45493
11072 47345
11073 36389
11073 42282
11074 27421
11075 17275
11075 26524
11075 37145
11075 48857
11076 40907
11077 11310
11078 26256
11079 21324
11079 40148
11079 45026
11081 13454
11081 33396
11081 43962
11081 45292
11082 26126
11082 47291
11082 48903
11083 44138
11084 17828
11084 24823
11085 19534
11085 29410
11085 32673
11085 32982
11086 14956
11086 17686
11087 19846
11087 49447
11089 14099
11089 16489
11089 25670
11089 32326
11090 35182
11090 48584
11091 21160
11092 13901
11092 14872
11092 32094
11092 33752
11093 28792
11093 42064
11095 18534
11096 23300
11096 42674
11097 11860
11098 20803
11098 41268
11099 11219
11099 32423
11100 26721
11100 27287
11101 20836
11102 31356
11103 32383
11104 29032
11104 46349
11105 45757
11107 29909
11107 45733
11109 19335
11110 25417
11112 11801
11112 12226
11112 16089
11113 13366
11113 33391
11113 40055
11113 45261
11114 23852
11114 34040
11115 30525
11115 34945
11115 46795
11116 26295
11117 39385
11119 12219
11119 25844
11119 29841
11120 42029
11120 46214
11121 19892
11122 11645
11122 40323
11123 40967
11124 20570
11124 42232
11125 26435
11126 33816
11126 39476
11126 40879
11126 48684
11127 44624
11127 44839
11128 12170
11128 13738
11128 30353
11129 15218
11129 42474
11131 13435
11131 16076
11131 18220
11131 28998
11131 44322
11131 47989
11132 41502
11133 33441
11133 41797
11133 49700
11134 29483
11134 48317
11137 11212
11137 21432
11137 37244
11138 14007
11140 28047
11141 37583
11142 22361
11144 16727
11144 46541
11145 24112
11146 23421
11146 27814
11149 26263
11149 41474
11150 37360
11150 45123
11151 25335
11151 32551
11151 41436
11152 16844
11153 19867
11154 42594
11154 49539
11155 48501
11156 27163
11156 27919
11156 47044
11157 33068
11157 39365
11157 42649
11158 15117
11158 15301
11158 41127
11158 48280
11160 20183
11160 23583
11160 28938
11161 49612
11162 40082
11162 45404
11162 48840
11163 35893
11164 49130
11165 25579
11165 35995
11166 20928
11166 27299
11166 33663
11166 45943
11167 45432
11168 13642
11169 24120
11169 25246
11169 30255
11172 29912
11174 40596
11174 40999
11175 17196
11175 21672
11175 34388
11176 18857
11176 25862
11177 13075
11177 44242
11178 33046
11178 34726
11179 40057
11180 32617
11180 39949
11181 13991
11181 35430
11182 15089
11183 30893
11184 13927
11184 23256
11184 23696
11184 31798
11184 33032
11184 37350
11185 40276
11185 42085
11186 17862
11186 22278
11186 26883
11187 29363
11188 28281
11188 32952
11189 24318
11189 42988
11191 25864
11191 32314
11192 49605
11193 20043
11193 41188
11194 30969
11194 46199
11195 36534
11195 49288
11196 15412
11196 44373
11197 15567
11197 18196
11198 11217
11198 47404
11200 22419
11201 30916
11201 40243
11202 36165
11203 15578
11204 16144
11204 30318
11204 36902
11205 17566
11205 31368
11206 22996
11206 33944
11207 28583
11207 30547
11208 28443
11208 28702
11208 34899
11209 36090
11210 11855
11210 11933
11211 41351
11211 48071
11212 19832
11212 23968
11212 39667
11213 34271
11214 15803
11214 32357
11215 37404
11215 44572
11215 49595
11216 35633
11217 42877
11218 30556
11219 32675
11221 28118
11222 14018
11222 14520
11222 20852
11222 30492
11222 30573
11224 20591
11224 38460
11225 22190
11226 25149
11226 43981
11228 11502
11228 29091
11229 12798
11229 17481
11229 28649
11231 13610
11231 28042
11231 38645
11232 32700
11233 11315
11233 26769
11234 28666
11234 49653
11236 17300
11236 18841
11236 30637
11237 23115
11238 12517
11238 17886
11238 38505
11238 41032
11239 47519
11240 13977
11240 21643
11240 26928
11241 24712
11241 37268
11241 44252
11242 20475
11242 23681
11243 20826
11243 35996
11243 48608
11244 24739
11245 21792
11246 30916
11247 44595
11248 29445
11248 44896
11249 18074
11249 49000
11250 21151
11251 20513
11251 31658
11251 38484
11251 42095
11252 40580
11253 32023
11253 46935
11254 29702
11254 35680
11255 14678
11255 35886
11256 18885
11256 44806
11256 45782
11257 16849
11258 25216
11259 12323
11259 17695
11259 23601
11261 14342
11263 48105
11265 42186
11265 44229
11265 48621
11266 21130
11266 46258
11267 43645
11268 11463
11268 20007
11268 35469
11269 31378
11270 32897
11270 49819
11271 23926
11271 24558
11271 27821
11272 13673
11272 27043
11272 33586
11273 20544
11273 21896
11275 47947
11276 27195
11276 27623
11277 44763
11278 33210
11279 14693
11280 22735
11280 23030
11281 28878
11281 37595
11281 47648
11283 40833
11284 19528
11284 26441
11284 41236
11287 12716
11287 17373
11287 43115
11288 30266
11288 47631
11289 37053
11289 37790
11289 43340
11290 12152
11290 23351
11292 19629
11292 28022
11293 21924
11295 12869
11296 17225
11296 36461
11296 41548
11297 13019
11297 34662
11299 46119
11300 11979
11301 23092
11301 42216
11302 12076
11303 22433
11305 46947
11305 49707
11306 47960
11309 12371
11309 15161
11309 22939
11309 29281
11310 28847
11310 30375
11310 37706
11311 24194
11311 26530
11312 12881
11312 14212
11312 33600
11313 17477
11314 46098
11316 44111
11317 21319
11318 48424
11319 28162
11319 41126
11320 15944
11320 34426
11321 20611
11323 21134
11324 37602
11325 40142
11326 13453
11326 30227
11327 22127
11327 26675
11327 46621
11328 21016
11329 16498
11329 42180
11331 12919
11331 33146
11332 11769
11332 45153
11333 15519
11333 16020
11333 29466
11333 30539
11333 32654
11334 39663
11335 17279
11337 14984
11337 48918
11338 30739
11338 45916
11338 49984
11341 19420
11341 21579
11343 39139
11343 39642
11344 26844
11344 29642
11344 31418
11344 41008
11344 44871
11345 14935
11346 19571
11346 33104
11346 35424
11348 17230
11349 19408
11350 12599
11351 24136
11351 25927
11351 28227
11351 40562
11354 12630
11354 15292
11354 36278
11354 45403
11355 12690
11355 30875
11358 18062
11358 24926
11358 33570
11358 42073
11359 35828
11360 25895
11361 14183
11361 37631
11361 46484
11362 22581
11362 42762
11363 16188
11364 11868
11365 20267
11367 41588
11369 38631
11370 22171
11370 26728
11372 30622
11373 26555
11374 30989
11374 32804
11375 24469
11375 30011
11376 29334
11376 31454
11378 44941
11379 17385
11379 28668
11380 15355
11380 19810
11380 34743
11380 36685
11381 12232
11382 32722
11382 37709
11382 46968
11383 18154
11383 43450
11384 17574
11385 33806
11386 49173
11387 19373
11387 31560
11388 28961
11388 37214
11388 42595
11389 20421
11389 22742
11391 17602
11391 36964
11392 18713
11393 41383
11394 11523
11394 39050
11395 30581
11395 33262
11397 16190
11399 17935
11399 24839
11400 13998
11400 27280
11400 45209
11401 30709
11402 23378
11402 38640
11402 39715
11402 43113
11403 20102
11403 34026
11403 36748
11404 19622
11404 30613
11406 39342
11407 44972
11407 46974
11409 17019
11410 16247
11411 29714
11412 17339
11416 46571
11417 37434
11419 18515
11420 32711
11421 16757
11421 20669
11421 36981
11422 24909
11422 46904
11423 36250
11423 40492
11424 17649
11425 25790
11425 28912
11426 27535
11428 17400
11428 24932
11428 41014
11429 20499
11429 41533
11429 48675
11430 33581
11430 34834
11431 43726
11432 24348
11432 41432
11433 47860
11433 49435
11437 24863
11438 11506
11439 32697
11440 13337
11440 20117
11440 21710
11440 38178
11441 22477
11441 37817
11442 19468
11442 22965
11442 32642
11443 19722
11443 47102
11444 12874
11444 22418
11444 43710
11445 23869
11446 28350
11446 29374
11447 24593
11448 20675
11450 39242
11451 34648
11454 15270
11455 24604
11456 15196
11457 18687
11458 20652
11459 12533
11459 29783
11461 34853
11462 32167
11464 22557
11465 29092
11465 48675
11466 11732
11466 20884
11468 14523
11468 25589
11468 36666
11468 38345
11468 40769
11468 45374
11468 48307
11468 48604
11469 19037
11469 46979
11470 22053
11470 31578
11473 19233
11474 25431
11474 30550
11475 48814
11476 29713
11476 32773
11477 42942
11478 24776
11479 18031
11480 16690
11480 26055
11480 27703
11480 44249
11481 15495
11481 25599
11481 48642
11485 28884
11485 35534
11486 17744
11486 19841
11486 44134
11487 14457
11487 40410
11487 43096
11491 14420
11492 29134
11493 25347
11495 18320
11495 24757
11495 29581
11495 34695
11495 36794
11495 41373
11495 45952
11496 26240
11497 21142
11497 33624
11498 19863
11499 30864
11499 31547
11499 46584
11500 39109
11500 46665
11501 12797
11501 45895
11502 38251
11502 46454
11502 47979
11502 49392
11502 49499
11504 44019
11505 15662
11505 24017
11506 16214
11507 13935
11507 46814
11507 48244
11508 21813
11509 13319
11509 35285
11509 37243
11510 24543
11510 26774
11511 24836
11511 33563
11511 34908
11512 35695
11514 13576
11514 13638
11515 19957
11515 28006
11517 24427
11517 44571
11518 24671
11518 39434
11519 14816
11519 23119
11520 34675
11520 49525
11521 30053
11521 42567
11522 26863
11523 19842
11524 24800
11524 35880
11525 41238
11525 49655
11526 25145
11527 12895
11527 14486
11527 16870
11528 13643
11528 28344
11530 20174
11530 35214
11530 39848
11532 43770
11532 44671
11533 18407
11533 42361
11533 43213
11534 16510
11535 12086
11536 12034
11537 30399
11537 33641
11537 37379
11539 19028
11539 20125
11539 22887
11539 28298
11539 30871
11539 41532
11540 26788
11540 48996
11541 12185
11541 45355
11541 48655
11542 22352
11543 16561
11543 19786
11543 37369
11544 19167
11544 26348
11546 42543
11547 27357
11548 16999
11550 21173
11550 36955
11550 37212
11551 39672
11553 17311
11554 12316
11554 20601
11554 40864
11555 11640
11555 23785
11555 42191
11556 17736
11556 41202
11557 17778
11557 24384
11557 30182
11557 41371
11558 41864
11559 24965
11559 43719
11560 12901
11560 14195
11560 18902
11560 41103
11561 16925
11561 27401
11561 36443
11562 13839
11562 14577
11563 30901
11563 34326
11563 45219
11564 28690
11564 36800
11565 20589
11567 30315
11567 39965
11567 41310
11568 13546
11568 34459
11572 17752
11572 24224
11572 44728
11573 20645
11573 23901
11574 23402
11574 44542
11575 24890
11577 14060
11578 45181
11579 27705
11580 21637
11580 47955
11582 23665
11582 40962
11584 49736
11585 16961
11585 23404
11585 30021
11585 30469
11585 47981
11587 36352
11587 47037
11588 40220
11589 13658
11589 31084
11590 36694
11591 27300
11592 34724
11592 45332
11595 26555
11598 24344
11598 45035
11598 48256
11599 19772
11601 21515
11601 40381
11602 12201
11603 40714
11604 24340
11604 26110
11606 32146
11607 18194
11607 21907
11607 32079
11608 16595
11608 18185
11608 46172
11610 38326
11611 16745
11612 13050
11613 12565
11614 32815
11616 33483
11618 14536
11618 16439
11618 43219
11620 21296
11620 21541
11620 47509
11622 11977
11622 32708
11624 29748
11624 33237
11624 47425
11625 15973
11625 22472
11625 36429
11626 12824
11627 26756
11629 18270
11629 24425
11629 38363
11631 13471
11631 15587
11632 21708
11632 41239
11633 30302
11633 42901
11634 17288
11634 27114
11634 41012
11634 42059
11634 44749
11636 35322
11637 24868
11637 31050
11637 41240
11638 14801
11638 18815
11638 30378
11638 49022
11639 28432
11640 26009
11642 22428
11642 41226
11645 12280
11646 49361
11647 41570
11648 35127
11648 36386
11648 47670
11650 25317
11650 30749
11650 32762
11650 42042
11650 48363
11651 22755
11651 43754
11652 25984
11653 42530
11653 42830
11654 26269
11655 36030
11657 14434
11658 17967
11658 18074
11658 38201
11659 19834
11659 22669
11660 31420
11660 41406
11661 46229
11662 21692
11662 25425
11662 46580
11664 12032
11664 23694
11664 30537
11665 30065
11666 20245
11667 15690
11667 22695
11667 29804
11667 41549
11668 17715
11668 32683
11669 15392
11669 43083
11670 20341
11672 29075
11672 33447
11673 13303
11673 25405
11673 39158
11674 19206
11674 25943
11674 45265
11675 11767
11675 24698
11676 12807
11676 41677
11677 22959
11677 26592
11677 31662
11677 47883
11677 49695
11679 18947
11681 46374
11682 37155
11684 30315
11685 24811
11685 47407
11687 17765
11687 27325
11688 13415
11688 29443
11688 44530
11689 17824
11689 18123
11690 23126
11690 34566
11690 43709
11691 24708
11692 15803
11693 27330
11693 40257
11694 36795
11695 16680
11696 31882
11696 45837
11696 47014
11697 13606
11697 15946
11697 27773
11697 30659
11698 20857
11698 42612
11698 46573
11699 14940
11699 26604
11702 35040
11703 37349
11704 40357
11705 27166
11706 40108
11706 49375
11707 32737
11708 19276
11708 21604
11709 41403
11709 44767
11710 47337
11712 25864
11713 13108
11713 33339
11713 49861
11714 13354
11715 16485
11715 41683
11716 32855
11717 45080
11718 31754
11718 34163
11719 24877
11719 26304
11720 15306
11723 18262
11724 46050
11724 48274
11725 40716
11726 27596
11728 29845
11728 35597
11728 36132
11728 48416
11729 25612
11729 34420
11729 46140
11729 46907
11733 17249
11733 39775
11735 15296
11735 34827
11735 38327
11735 48813
11736 42074
11738 23137
11739 40635
11740 18048
11740 20502
11741 17151
11741 24331
11741 24743
11742 20664
11743 24711
11744 20773
11745 16316
11745 17153
11745 48844
11746 31314
11747 42106
11747 49946
11748 19708
11748 47616
11749 20540
11752 41345
11753 26907
11753 27121
11753 29633
11754 14944
11754 36021
11754 48734
11755 23914
11755 27553
11756 25549
11756 49897
11757 11836
11757 32555
11757 46045
11758 24928
11758 36758
11758 48670
11759 19648
11761 12558
11761 36466
11763 18005
11763 41653
11765 25984
11766 48641
11769 18685
11769 20180
11769 30345
11770 35320
11772 13687
11772 30275
11772 47365
11772 49443
11773 25361
11773 34475
11773 36150
11775 17611
11775 18999
11775 23224
11775 36049
11775 44413
11775 44684
11776 20210
11776 23926
11776 29878
11776 43636
11776 47696
11777 22942
11777 27725
11777 31938
11777 45824
11778 42824
11778 46745
11778 49176
11779 29695
11780 28171
11781 18152
11781 49870
11782 15350
11782 35337
11783 29170
11784 33430
11784 48499
11789 18362
11790 38863
11792 39965
11793 15290
11793 28828
11794 13128
11794 47172
11795 12316
11795 43497
11796 17580
11796 45484
11797 20702
11797 20790
11797 32348
11797 32383
11797 43669
11798 17707
11799 22152
11799 24141
11799 38514
11800 17552
11800 21281
11800 26434
11800 40656
11801 18590
11802 18564
11803 31636
11804 21141
11805 24332
11807 43359
11808 28771
11808 46770
11809 35443
11809 44200
11810 18171
11810 27887
11810 46315
11811 29631
11812 11952
11813 18105
11813 41839
11815 38894
11815 41978
11818 15926
11818 17320
11820 25595
11820 36633
11821 43547
11821 44072
11823 40250
11823 46395
11824 16796
11824 29113
11826 29404
11827 15178
11827 20321
11827 48742
11828 12134
11828 20373
11828 39988
11829 17842
11829 29064
11829 38136
11829 41589
11830 20126
11831 46679
11832 14686
11833 42801
11834 29109
11834 33923
11836 39852
11839 46373
11840 24555
11840 26592
11840 37160
11843 20774
11843 41709
11843 47690
11844 21923
11844 31491
11844 40864
11844 46023
11844 49092
11846 26999
11847 18460
11848 13768
11849 29705
11849 33670
11849 36251
11849 47108
11849 48295
11850 19876
11851 14535
11851 38317
11852 36960
11852 45978
11856 20800
11856 42715
11857 20816
11858 23772
11858 28315
11858 34827
11858 44236
11860 33785
11860 40849
11861 49203
11862 37380
11862 38901
11862 47724
11863 32781
11864 37905
11864 39389
11866 15307
11866 28407
11866 44379
11867 33156
11868 17875
11868 20040
11868 27134
11869 45005
11869 45979
11869 49443
11870 20410
11870 45390
11871 33043
11871 44942
11872 47714
11873 19239
11874 33444
11874 49151
11876 24477
11876 35891
11877 11922
11878 34037
11879 12508
11879 27400
11879 28722
11879 39425
11879 40933
11879 45089
11879 46042
11880 20393
11880 31852
11882 34782
11882 43487
11882 45188
11882 47692
11882 49042
11884 16409
11885 21006
11885 48271
11888 35764
11889 17778
11889 22121
11891 28843
11891 38307
11891 38823
11892 13887
11893 33417
11893 39820
11894 47471
11896 24939
11896 45996
11897 34985
11897 37782
11898 28899
11898 29452
11898 34260
11898 38921
11898 43735
11899 32748
11900 46408
11901 20774
11901 24081
11901 27835
11901 45287
11903 27915
11903 34077
11904 44173
11905 27883
11905 31910
11906 29742
11907 21457
11907 24138
11910 16555
11910 41902
11912 18197
11913 12790
11916 18846
11917 26942
11919 19027
11920 22761
11921 19174
11921 36340
11921 38720
11922 15919
11922 21704
11923 19315
11925 43589
11926 15956
11926 40586
11928 41716
11929 19726
11929 49022
11931 33886
11931 40010
11931 41775
11932 32016
11932 32084
11932 44504
11934 21924
11934 23338
11934 44923
11935 28825
11936 28944
11938 29443
11938 32323
11938 34215
11940 12528
11941 25224
11943 21146
11943 41790
11945 12566
11945 46950
11946 41772
11948 32232
11948 37285
11948 45727
11949 13059
11949 31538
11949 47220
11951 28258
11951 48932
11951 49873
11952 30716
11952 42255
11955 23406
11955 39553
11956 44583
11957 32720
11957 45275
11958 17877
11958 36898
11958 47982
11959 41879
11960 33559
11960 35559
11960 41893
11961 12604
11961 34479
11961 35747
11962 14320
11962 24482
11962 36970
11963 15157
11963 21235
11963 25288
11963 33155
11964 47988
11965 12806
11965 24799
11965 32342
11967 19303
11967 27553
11967 39794
11967 39921
11967 47439
11968 12836
11969 35232
11970 19668
11971 12470
11971 38212
11971 44986
11971 49447
11972 43235
11972 46840
11974 14090
11974 15968
11974 35078
11974 39215
11975 33513
11975 47996
11978 20997
11979 15447
11979 35797
11980 24628
11981 35790
11982 43680
11982 47597
11984 35381
11985 15871
11985 42016
11985 46943
11986 48821
11987 34682
11988 40448
11989 22600
11989 34030
11989 43770
11990 26153
11991 13654
11991 39326
11991 42345
11992 17056
11992 23699
11992 23994
11994 35124
11995 16543
11995 34465
11997 49543
11999 26084
11999 47073
12001 21626
12003 23819
12005 17733
12007 24205
12009 22363
12010 20594
12010 45004
12010 49605
12011 12832
12011 18596
12012 38321
12012 39927
12013 18381
12013 23214
12014 23362
12015 24979
12015 38140
12015 46428
12017 45648
12018 13925
12018 26974
12018 29554
12019 17556
12019 37621
12021 15890
12022 30168
12023 22061
12023 35576
12024 38357
12024 45832
12025 34959
12026 12628
12026 14820
12026 42307
12027 12847
12027 44296
12028 38280
12029 35949
12030 23583
12030 24506
12031 34964
12032 30455
12032 48139
12033 22147
12033 23800
12034 36006
12035 28229
12035 41360
12036 24265
12036 25766
12036 38201
12037 12803
12037 15914
12041 15901
12041 16642
12042 18986
12043 35632
12043 39851
12043 43084
12043 45189
12044 38852
12045 42071
12045 44569
12046 22284
12047 32581
12047 36205
12048 42281
12048 45900
12049 28073
12050 25577
12050 36652
12050 39662
12051 37413
12051 37802
12051 41234
12052 26726
12052 45515
12054 29218
12054 29911
12055 44970
12056 14830
12057 17359
12057 30895
12058 12212
12060 34145
12060 40337
12061 37632
12062 24533
12062 31418
12062 48346
12063 31975
12064 48121
12065 23297
12065 36935
12065 38931
12066 17633
12066 31324
12067 14511
12067 38221
12067 42322
12067 46292
12068 13461
12069 26352
12070 14594
12070 39672
12071 42792
12071 43911
12072 18831
12072 49198
12074 44795
12075 46928
12076 33815
12076 33893
12077 13479
12079 17568
12080 16843
12080 37067
12081 18206
12082 15946
12082 33686
12083 13448
12085 36513
12086 16706
12086 39890
12087 30364
12088 23143
12088 43237
12089 17162
12090 21457
12091 40715
12091 43475
12095 21910
12095 22695
12095 42915
12096 23917
12097 29146
12099 31247
12099 35253
12101 21710
12101 22819
12101 23449
12102 18449
12102 27259
12103 24478
12103 25266
12103 29787
12103 44276
12104 31908
12104 47898
12105 25132
12105 30994
12105 42174
12107 20768
12108 40518
12109 13838
12109 18201
12109 38991
12111 35252
12112 38102
12113 22490
12114 16786
12115 37341
12115 48141
12116 34114
12116 39798
12119 15029
12119 35005
12119 40204
12121 28768
12122 27467
12123 14135
12124 20750
12124 26713
12124 30510
12124 36645
12124 38710
12124 44653
12125 17312
12125 18865
12126 33196
12127 45883
12129 39339
12130 22927
12130 30847
12130 48690
12131 38581
12133 30023
12134 30678
12134 47894
12135 22048
12135 32987
12135 42493
12136 22789
12139 28015
12140 49176
12142 32443
12143 30456
12143 32773
12143 41943
12145 28134
12145 32495
12146 27974
12147 22036
12147 43297
12148 27728
12148 41103
12149 24657
12149 48426
12150 36943
12150 46314
12151 29158
12152 31101
12152 46554
12152 47584
12152 49626
12154 18628
12154 20883
12154 23870
12154 24129
12154 37950
12154 41765
12157 44677
12157 45172
12158 28840
12158 40045
12160 25607
12161 43101
12161 45763
12163 46701
12164 12382
12165 13587
12167 16291
12167 26912
12167 28236
12167 38777
12168 26402
12168 31477
12170 26049
12171 49211
12172 41863
12173 47256
12174 26373
12174 31273
12174 49593
12175 37887
12176 23258
12176 28601
12176 37438
12176 43695
12178 20930
12178 47818
12179 45209
12180 14001
12180 40789
12181 34357
12181 41874
12182 23333
12182 23642
12182 24240
12182 34737
12182 44672
12184 16907
12184 43969
12185 18123
12185 28038
12185 29538
12185 38292
12185 44474
12186 17331
12187 47469
12188 14548
12188 27440
12189 31398
12189 45165
12190 27309
12190 28176
12191 21949
12192 19567
12192 22228
12193 18382
12196 18503
12196 23804
12196 44284
12197 34722
12198 37408
12199 39698
12201 15720
12202 23944
12202 46086
12203 26259
12203 28112
12204 45249
12206 38651
12207 17608
12207 44464
12207 45522
12208 23383
12208 29347
12208 32214
12210 36574
12210 49732
12211 23258
12211 45308
12213 21816
12213 30353
12215 20729
12215 47007
12218 22651
12218 35531
12218 46099
12219 42283
12220 15762
12221 12923
12221 46791
12222 28857
12222 46178
12223 34761
12224 22563
12224 44039
12225 18489
12225 34151
12228 16310
12228 31496
12228 34886
12228 49106
12229 30054
12229 43984
12230 19899
12230 34926
12231 33549
12232 17994
12232 44136
12232 44441
12233 22092
12234 23923
12234 26472
12234 39441
12235 26076
12235 29127
12236 36418
12237 21641
12237 30359
12238 28187
12238 34770
12240 33464
12242 17696
12243 26115
12243 43496
12243 49733
12244 20395
12244 23366
12244 44321
12246 40013
12247 14226
12247 16215
12247 16483
12247 18882
12248 19986
12248 28535
12248 36913
12249 23685
12250 38815
12250 46467
12251 24355
12251 28801
12251 31873
12251 35209
12251 48819
12252 32379
12252 46262
12252 47530
12252 48707
12254 44425
12255 28008
12255 49912
12256 15979
12256 34448
12257 18512
12257 32938
12257 44625
12258 14710
12258 39345
12259 49863
12260 22139
12261 15789
12261 24500
12261 30166
12261 31901
12262 30897
12263 17059
12263 32684
12263 33138
12263 37644
12263 38713
12264 19246
12264 20799
12264 30231
12264 40584
12266 28881
12266 49649
12267 15482
12268 18927
12268 34961
12271 14198
12272 13803
12272 26779
12273 47405
12274 48753
12274 49345
12276 39830
12277 21320
12277 37424
12277 40198
12278 33972
12278 49640
12279 49096
12280 34515
12280 37488
12281 29260
12281 31649
12282 31328
12282 32614
12283 15445
12283 30186
12283 48617
12284 40672
12286 13878
12286 44676
12288 16446
12288 16950
12288 27778
12288 38612
12288 43466
12289 47297
12290 14976
12290 32459
12290 37630
12290 49118
12291 22959
12291 23767
12291 37968
12292 16933
12292 38364
12295 19994
12298 49597
12299 17425
12300 18921
12300 45970
12301 46965
12304 19703
12304 36802
12304 47091
12305 15053
12305 15182
12306 17082
12306 35180
12306 35553
12307 28719
12307 33518
12307 34260
12308 27135
12309 33247
12309 44463
12310 18412
12310 25193
12312 30616
12312 48909
12316 42791
12317 21020
12317 23902
12318 22777
12318 46068
12319 25648
12319 39287
12320 37736
12322 15456
12322 20695
12323 16108
12323 27284
12323 29007
12323 29281
12324 44406
12325 13112
12325 23899
12325 34327
12328 31214
12328 31858
12328 33690
12329 38121
12330 15267
12330 23917
12330 34720
12330 43377
12335 21649
12335 24899
12335 30897
12336 21780
12336 35884
12336 44029
12337 27144
12338 13100
12338 23231
12338 25819
12339 27915
12340 13110
12340 18772
12341 23967
12341 39859
12341 44852
12342 16030
12342 42637
12343 15723
12343 26904
12343 30238
12345 23270
12345 29354
12345 32688
12345 39738
12345 39876
12347 46277
12348 41021
12348 45290
12348 45478
12348 45684
12350 18962
12350 24221
12350 28617
12350 41981
12351 22732
12351 33756
12351 38918
12352 17028
12352 18855
12352 39144
12353 35821
12354 26991
12354 41194
12354 45207
12355 33360
12357 38806
12357 39777
12358 29731
12358 30929
12358 33307
12360 16843
12360 26944
12360 28952
12360 41126
12361 42054
12362 18276
12362 32701
12363 17048
12364 48699
12365 13481
12365 27730
12366 15608
12366 43454
12367 34411
12368 45674
12368 49225
12369 35712
12370 41196
12371 13885
12371 29393
12371 39268
12372 15725
12372 46246
12373 37190
12373 45940
12375 17409
12375 17870
12375 24934
12375 48453
12376 14155
12376 25834
12377 18666
12377 19999
12377 25687
12378 14821
12378 44233
12378 47146
12379 27529
12379 41465
12380 19371
12382 15564
12383 13459
12383 21186
12384 36727
12384 45731
12385 31242
12386 28897
12386 44532
12387 13372
12387 36548
12388 12961
12388 20767
12388 29813
12388 48829
12389 13535
12389 31316
12389 45308
12390 36246
12391 15395
12391 27522
12391 38077
12391 44425
12392 33619
12392 45957
12393 35969
12393 38796
12394 13009
12394 23650
12395 24817
12395 25090
12398 20974
12398 40051
12399 26281
12399 30144
12400 30542
12401 32046
12401 36433
12402 30569
12403 12592
12404 27709
12404 48353
12405 18067
12405 24723
12405 39473
12405 47764
12406 12845
12409 13893
12409 18605
12409 22938
12409 30163
12409 36360
12410 49388
12411 34008
12411 36775
12411 43801
12411 49314
12412 26431
12413 20523
12413 34741
12413 35767
12415 24831
12415 29360
12415 39831
12415 45390
12416 29041
12416 29914
12417 25111
12417 31767
12417 46689
12418 33107
12418 40350
12419 23834
12419 29571
12420 40986
12421 42887
12423 21960
12423 25325
12423 32163
12424 30644
12424 44640
12425 21293
12425 34864
12425 34883
12425 42335
12425 47165
12426 16489
12426 22957
12426 29374
12427 16164
12427 19393
12428 27543
12430 37667
12430 39404
12431 43687
12431 45167
12431 45389
12431 45723
12432 25367
12432 38068
12433 29328
12433 36917
12434 41418
12436 48682
12437 15607
12437 18815
12437 28568
12438 35839
12438 36706
12439 31553
12439 47629
12440 19316
12442 25075
12442 29355
12442 45544
12444 13992
12444 24133
12444 46651
12445 25114
12445 45722
12446 14054
12447 20671
12447 32020
12447 32429
12448 37542
12449 45423
12450 17436
12450 31279
12451 15258
12451 28023
12451 41397
12451 48057
12452 17275
12453 20111
12454 28236
12455 33999
12456 12717
12457 42372
12457 46263
12457 46557
12457 48858
12458 15732
12458 27505
12459 34244
12460 23472
12461 24974
12461 33906
12462 35281
12463 13060
12463 46727
12464 29744
12464 33667
12464 34069
12464 40223
12465 21429
12467 34820
12467 49655
12468 23375
12468 35710
12469 28115
12469 44722
12470 15427
12470 21398
12472 16670
12472 23038
12472 28097
12472 32330
12473 17866
12473 40081
12474 24945
12474 29301
12475 15408
12475 44698
12477 14683
12477 18209
12479 20715
12480 42023
12481 45777
12482 19847
12483 22939
12483 23469
12483 27326
12484 17606
12485 18171
12485 18740
12485 23461
12485 40428
12486 24220
12486 49919
12487 13543
12488 16495
12488 19482
12488 39664
12493 25464
12493 30884
12493 36517
12495 15864
12495 20004
12496 48499
12497 13210
12497 23379
12498 49867
12499 14559
12499 15042
12499 20342
12499 45771
12501 13278
12501 43874
12501 48743
12504 42653
12505 13560
12505 16068
12505 19617
12505 26481
12505 31762
12505 45836
12505 47208
12505 48328
12507 14094
12507 38404
12507 41528
12508 36139
12509 29203
12509 32399
12509 33003
12509 48544
12510 31010
12512 26189
12512 41431
12512 44962
12513 25356
12513 40759
12514 20750
12514 22461
12515 28534
12516 30854
12517 15034
12518 13384
12518 21979
12518 26569
12519 23197
12519 29334
12519 47690
12520 40930
12520 44884
12521 40585
12522 19255
12522 20563
12523 16447
12523 18099
12523 24388
12523 34556
12525 16773
12525 17575
12525 48640
12526 14381
12526 16821
12528 14340
12528 45381
12529 15156
12529 17247
12529 33588
12529 49505
12530 14100
12530 19045
12531 40340
12532 25377
12533 46625
12534 14773
12535 20625
12535 38701
12535 38786
12536 13138
12536 13428
12536 25979
12537 33932
12537 36129
12537 41317
12537 41670
12538 13838
12538 30703
12539 13315
12539 26352
12539 44562
12540 13033
12540 34287
12543 42318
12544 25962
12544 32654
12546 40584
12547 22516
12548 13921
12548 18400
12548 32962
12552 32656
12553 48794
12555 29143
12556 41716
12556 44761
12559 38573
12559 44079
12560 16490
12560 44796
12561 19132
12561 43394
12562 44793
12563 20565
12564 12806
12567 13758
12568 14978
12568 34022
12569 17416
12569 32727
12569 49886
12570 13778
12570 36796
12570 37445
12572 28634
12572 32417
12573 12650
12573 25682
12573 28180
12573 32049
12573 49551
12574 41412
12576 15489
12576 17662
12576 21827
12576 30623
12576 32006
12577 29818
12578 37199
12578 37718
12579 17054
12579 19750
12579 36944
12581 43519
12582 13820
12582 19309
12583 23669
12583 45760
12583 47236
12583 49217
12584 22253
12585 40401
12585 46122
12586 12956
12586 33995
12586 39528
12587 20397
12587 25645
12587 27433
12588 15583
12588 21535
12588 34746
12590 36809
12590 42914
12591 15146
12591 21857
12591 39745
12592 33399
12593 14933
12593 23600
12594 22177
12594 23272
12594 25050
12594 37367
12594 38543
12594 41397
12595 17852
12595 21712
12595 29880
12596 22900
12596 35603
12597 16478
12597 49229
12600 27976
12600 35620
12600 36929
12603 44309
12604 30065
12605 35250
12606 23973
12608 48031
12609 14475
12609 16303
12609 20918
12609 31218
12609 35870
12611 27752
12612 23033
12613 22360
12613 23988
12614 27676
12614 29292
12614 36925
12616 24136
12617 16259
12618 48396
12619 22463
12619 39240
12621 27449
12623 27156
12624 39526
12627 30843
12627 49261
12628 48321
12628 49950
12629 23831
12629 39419
12630 17940
12630 33995
12631 16567
12631 22777
12632 24370
12633 15633
12634 30585
12635 40549
12636 26502
12637 14136
12638 15877
12638 26954
12638 30225
12638 32493
12638 37203
12639 21445
12639 21867
12639 26565
12639 47745
12641 22360
12643 21366
12643 30247
12643 36064
12644 15416
12644 45419
12645 15787
12645 29542
12646 34202
12646 39468
12646 40979
12648 26303
12648 27023
12648 41868
12649 38127
12649 44980
12650 23002
12650 28638
12650 32985
12650 49551
12651 36731
12652 19775
12653 27136
12653 42232
12653 43801
12654 30995
12655 13830
12655 15456
12656 23668
12656 47847
12657 46107
12658 27600
12658 48200
12660 25467
12661 33663
12661 34463
12661 39509
12663 13545
12663 46804
12666 26727
12668 40873
12669 14190
12669 46592
12670 21116
12670 24728
12670 31359
12671 33490
12674 18892
12674 19394
12674 28844
12675 17306
12675 21148
12675 40127
12675 43708
12677 25288
12677 32393
12679 41474
12680 26574
12680 40773
12680 41790
12682 29044
12682 33846
12682 47720
12684 24004
12684 24621
12684 38808
12685 26380
12685 49113
12686 28023
12686 41480
12686 46990
12687 24425
12688 19486
12688 20042
12691 49994
12692 27542
12693 13049
12693 14930
12694 16211
12694 41641
12694 44942
12695 37885
12696 17533
12696 24435
12697 45660
12698 41648
12700 14415
12700 21072
12701 13365
12701 25412
12704 22374
12706 25717
12706 35365
12707 19738
12707 25157
12707 26234
12708 27951
12709 29024
12710 22757
12710 45349
12711 19682
12711 22363
12711 24773
12711 35092
12711 39115
12713 40997
12714 19306
12714 44431
12715 19352
12715 21333
12715 25844
12716 17535
12716 47710
12717 20535
12717 40828
12718 21056
12718 21999
12718 36997
12719 16475
12719 18478
12719 30234
12719 45045
12720 20259
12720 32474
12721 25242
12722 35865
12723 17240
12723 17384
12725 47557
12726 14361
12726 44259
12726 49492
12727 46790
12730 33746
12731 37385
12732 31228
12732 42495
12734 20741
12734 38811
12739 20326
12739 23278
12740 34064
12740 42535
12741 12867
12741 19830
12742 35052
12743 16168
12743 24539
12743 39463
12743 46576
12744 14359
12744 21489
12744 25358
12745 37636
12746 29641
12746 48576
12747 14613
12747 23292
12747 28472
12748 13912
12748 15252
12748 18366
12751 43601
12752 28029
12752 32538
12752 35380
12752 46620
12754 36238
12755 28765
12755 40817
12755 48799
12756 27156
12757 45330
12758 46904
12759 13583
12759 29202
12759 41357
12759 42570
12759 43989
12760 22317
12760 46088
12761 26883
12763 23445
12763 39528
12764 42254
12765 23350
12765 32671
12765 34760
12765 37197
12766 13391
12766 30150
12766 47284
12766 49838
12767 14049
12767 23583
12767 32038
12768 14220
12769 24459
12769 44864
12771 41152
12772 43762
12773 21535
12773 34668
12774 43380
12777 17983
12777 25805
12777 32934
12778 45013
12779 36963
12780 18279
12780 26594
12780 36831
12780 44019
12781 27049
12781 43887
12782 24206
12783 19198
12784 34614
12784 35936
12784 37743
12785 38027
12786 12824
12786 48651
12787 31392
12791 20855
12792 14323
12796 49214
12797 18667
12797 48825
12798 49224
12800 44351
12801 16747
12802 32700
12803 20771
12803 37275
12804 41042
12805 42145
12806 37285
12807 14991
12807 21681
12807 28462
12809 47152
12811 30378
12811 40250
12812 37138
12813 21094
12813 44915
12815 22835
12815 29523
12815 37347
12815 39867
12815 46519
12817 21301
12817 22190
12817 38618
12819 47683
12820 23020
12821 21426
12821 33792
12822 14193
12822 43305
12823 49118
12824 36985
12824 37374
12824 46640
12825 44965
12826 17663
12827 13331
12827 22317
12829 20841
12831 28010
12831 39931
12831 47695
12833 14378
12833 45525
12834 44479
12834 48275
12835 36812
12837 27618
12837 39775
12838 49174
12840 18654
12840 38805
12841 25973
12841 38218
12843 20622
12844 17945
12844 20843
12846 49779
12847 47050
12849 27051
12849 29140
12849 48146
12850 38593
12850 44700
12850 49630
12851 35763
12852 30098
12852 47107
12854 17466
12854 41799
12854 48320
12855 13784
12856 15901
12857 38218
12859 48342
12860 27961
12860 42846
12861 25554
12861 49910
12862 13609
12862 16556
12863 21227
12864 17323
12864 30079
12864 35401
12864 46708
12866 18951
12866 46055
12867 37487
12868 16611
12869 42603
12870 18781
12872 29654
12875 20323
12875 36092
12875 41188
12875 44581
12876 24153
12876 27460
12876 37884
12876 41741
12877 47026
12879 26598
12879 42029
12881 41924
12882 24108
12882 25394
12883 17281
12883 38331
12884 13246
12884 19539
12884 42467
12886 29896
12886 34364
12887 18673
12887 32483
12887 33212
12887 38289
12888 25443
12888 31801
12888 46328
12889 37209
12889 47109
12891 12969
12891 26266
12891 37401
12892 28856
12893 18145
12893 34367
12893 41247
12894 23448
12894 35427
12894 41490
12896 16343
12896 43076
12897 17162
12897 49781
12898 25114
12898 49187
12899 14535
12903 33162
12903 34239
12903 35221
12903 48592
12904 14619
12904 26434
12904 27190
12905 18021
12906 18407
12906 27576
12906 46946
12907 37048
12908 16679
12908 33070
12908 38618
12908 39389
12908 49956
12909 17223
12909 24025
12909 30717
12911 28668
12913 35474
12913 42571
12914 13762
12914 18224
12915 16095
12916 16183
12916 19689
12917 19244
12917 24674
12918 21340
12918 29182
12918 32483
12919 26720
12919 29708
12919 45866
12920 22766
12923 26547
12923 36539
12925 17917
12926 14553
12926 43503
12926 49893
12928 32799
12929 42160
12930 25918
12931 24738
12931 40726
12931 45331
12932 16770
12934 18736
12934 24305
12934 37745
12935 16895
12938 41463
12939 25521
12940 15623
12941 32104
12942 26525
12943 15784
12943 27877
12943 44169
12944 26748
12944 31460
12944 46932
12945 14806
12945 22416
12947 28776
12948 19463
12949 21051
12950 37999
12951 16993
12951 37998
12951 45081
12952 42218
12953 27779
12953 29537
12954 36124
12954 47019
12955 17232
12955 18680
12956 30220
12956 34191
12957 28168
12958 15962
12958 18857
12959 41483
12960 28112
12960 49893
12961 31776
12962 31448
12962 48000
12963 16957
12963 37450
12964 37949
12965 27692
12965 28890
12965 46524
12965 48663
12966 17704
12966 40428
12966 46523
12967 15653
12967 29938
12968 40853
12970 28998
12971 17228
12971 24870
12971 40554
12971 49409
12973 18850
12973 29297
12974 15015
12974 17515
12974 23807
12974 25745
12974 25820
12974 41632
12975 31336
12976 15086
12976 28525
12976 35066
12977 24485
12977 26577
12978 27392
12978 35342
12978 45112
12981 18441
12981 26363
12981 42784
12981 44819
12982 28407
12982 36471
12982 43570
12983 17441
12983 21519
12983 26914
12983 41732
12984 18640
12985 16076
12985 27184
12986 25688
12986 32763
12987 42239
12989 42220
12990 14381
12990 35282
12990 36692
12990 37880
12991 27806
12991 30107
12992 40460
12993 37829
12993 41317
12996 16537
12996 34378
12997 43220
13002 39876
13003 23058
13003 28890
13003 46927
13003 47315
13004 19973
13004 31379
13004 42610
13008 19225
13009 16586
13009 22847
13010 25328
13010 26831
13012 13825
13012 46099
13013 18344
13014 47076
13015 36474
13015 46467
13016 16195
13017 23802
13018 14354
13018 36257
13020 30252
13021 26913
13022 15562
13022 20323
13022 36913
13023 13379
13024 27079
13024 36248
13025 14335
13025 18748
13025 21686
13025 34494
13025 37753
13026 33468
13027 44989
13027 48362
13028 25774
13029 46746
13030 21362
13030 48651
13030 48728
13032 13295
13034 14126
13034 47521
13035 41404
13036 21625
13036 33763
13038 36831
13039 16418
13039 48599
13040 36954
13041 23417
13042 40062
13043 19467
13043 26156
13044 13452
13044 42938
13046 28954
13047 16265
13047 24878
13047 27495
13048 34440
13049 15314
13049 21596
13049 31060
13052 13725
13052 33736
13053 24200
13054 23488
13054 45239
13056 44696
13058 25681
13058 35341
13060 35436
13061 35353
13062 43234
13064 37924
13065 22923
13065 28230
13065 44394
13065 44780
13067 41255
13069 17449
13069 23624
13069 47218
13070 14573
13070 32300
13071 44509
13071 48896
13072 44655
13073 18372
13075 13824
13077 35078
13078 18574
13078 22442
13079 17089
13079 28141
13079 30970
13080 19304
13080 47207
13081 24604
13081 48816
13082 13888
13082 42001
13082 44798
13084 25054
13084 34265
13085 13471
13085 44522
13086 17181
13086 38759
13087 32134
13088 18003
13090 23372
13091 19719
13092 24067
13092 39993
13093 16096
13093 31166
13094 41159
13095 14253
13096 24945
13097 41507
13099 14648
13099 26428
13100 39261
13101 19545
13103 30229
13105 13895
13105 28067
13106 34640
13107 20431
13108 17105
13108 28493
13108 46608
13109 15143
13110 19741
13110 43334
13111 20094
13111 48693
13114 30060
13114 30834
13114 39023
13115 27543
13115 33881
13117 30474
13117 47932
13118 15534
13118 25581
13119 17654
13119 25426
13120 46102
13122 33137
13122 38076
13123 14715
13123 19465
13123 27926
13123 28776
13123 38951
13124 19382
13124 44402
13127 31563
13127 33523
13128 33288
13130 42000
13131 13692
13131 40191
13131 48789
13132 35858
13132 37436
13133 40844
13134 16922
13135 17007
13135 40055
13136 24214
13136 25721
13136 42464
13137 19736
13137 34762
13137 35581
13138 25855
13138 38256
13139 33924
13140 46241
13141 34402
13141 35977
13142 28057
13142 44972
13143 37280
13144 17117
13145 18337
13146 13641
13148 14670
13148 28783
13149 22743
13149 29192
13150 47767
13151 24564
13152 28316
13153 21109
13154 26731
13155 13737
13155 45761
13156 24519
13156 46158
13157 14948
13157 39772
13158 17482
13158 18200
13159 18764
13160 16139
13160 22230
13160 36449
13160 44491
13161 22393
13161 27971
13162 34022
13163 15219
13163 26545
13164 30708
13164 42245
13169 24788
13169 30406
13169 44139
13170 30437
13170 48245
13171 42946
13172 22953
13174 34790
13174 41948
13175 14255
13176 15648
13176 16667
13176 49460
13177 19970
13177 43244
13178 15092
13178 40033
13179 13516
13179 42429
13182 25842
13183 21732
13183 27499
13184 40059
13187 21958
13187 30237
13189 17015
13190 13285
13190 31289
13190 34397
13193 29552
13193 35664
13193 46017
13196 47937
13197 16759
13198 14492
13198 29675
13198 40145
13199 24184
13199 30049
13200 33957
13201 40693
13202 19229
13202 46447
13202 47585
13203 19177
13203 39068
13204 21382
13204 28905
13204 29731
13208 20836
13210 24680
13211 17308
13211 18142
13211 45796
13212 33086
13214 27834
13214 42693
13215 28525
13216 35702
13217 13879
13217 48905
13219 24315
13220 19611
13220 26372
13221 41077
13222 14783
13222 31725
13223 42054
13224 15492
13224 40304
13224 48065
13226 38351
13227 21371
13227 30950
13227 36210
13228 36649
13229 22747
13232 21436
13233 37601
13234 43426
13235 27136
13235 39256
13236 16765
13237 25112
13240 23230
13240 28975
13241 18739
13241 28410
13242 18778
13242 21898
13242 34598
13243 36523
13244 24548
13245 48157
13246 20853
13246 45782
13247 31929
13247 37514
13249 14183
13249 17025
13249 28743
13249 28749
13249 38390
13253 47703
13254 33049
13254 34847
13254 40260
13254 41622
13254 43192
13255 18981
13255 27848
13255 39246
13255 45159
13256 23237
13256 32011
13257 39979
13258 14655
13258 29354
13259 22699
13259 27975
13259 31467
13260 49093
13262 35076
13262 45929
13262 49612
13265 33606
13266 33551
13266 45231
13266 47279
13267 27431
13267 29336
13271 17639
13271 25436
13273 19582
13273 26548
13276 28715
13277 29771
13277 42387
13279 14227
13280 24055
13281 15006
13281 48363
13282 42500
13282 49452
13285 17116
13285 25925
13286 27009
13287 30401
13288 26755
13288 38404
13290 26794
13290 38638
13291 28891
13293 43824
13294 18331
13294 31372
13295 29585
13295 43206
13296 24431
13297 35239
13297 36177
13297 49049
13298 48863
13299 36172
13300 13408
13300 28945
13301 37754
13302 15863
13302 17557
13302 31832
13303 33557
13303 34215
13303 36342
13304 20419
13304 23224
13304 29177
13304 30118
13305 13452
13305 15268
13305 26871
13305 31728
13306 29512
13306 33407
13307 26864
13309 21988
13310 24144
13310 32769
13310 32860
13312 45399
13313 36671
13313 41960
13313 44769
13313 46944
13314 15609
13314 26041
13314 34227
13315 14151
13315 42249
13315 45391
13317 44825
13318 39601
13318 45558
13318 46860
13320 21504
13321 16083
13321 24464
13323 17136
13323 28785
13323 40724
13323 46484
13324 15412
13324 29025
13324 40363
13325 19398
13326 14140
13326 15239
13326 40535
13328 29254
13328 44721
13329 32489
13330 21459
13330 32881
13331 22124
13334 25539
13335 47400
13336 17422
13336 44618
13337 30402
13338 27253
13338 28387
13338 29355
13339 24487
13339 35767
13341 17263
13342 24351
13342 27887
13343 31814
13343 46520
13344 37988
13345 13747
13346 21927
13347 20046
13348 21378
13349 13931
13349 36925
13352 24157
13354 44451
13355 25981
13355 35061
13358 27730
13360 48008
13361 15033
13361 46487
13362 16876
13362 48999
13363 16660
13364 42765
13365 18197
13365 19905
13365 47155
13366 16700
13366 47778
13367 16951
13367 24619
13367 28286
13368 17516
13369 22289
13369 23616
13370 15383
13370 21986
13373 25730
13373 46803
13374 26493
13375 25371
13375 28105
13375 38251
13375 40951
13376 15224
13378 31779
13379 40288
13380 35610
13381 23495
13382 20006
13382 28950
13382 36009
13383 18006
13384 25616
13385 30867
13385 46928
13386 19798
13387 18460
13387 29536
13388 42622
13389 19555
13389 23579
13391 22387
13391 33750
13391 34040
13391 39573
13396 23603
13396 26994
13396 35603
13396 36106
13396 43294
13397 45748
13400 47010
13401 34472
13401 43201
13401 47703
13402 33631
13402 39320
13405 18576
13405 26001
13407 21023
13407 23800
13408 46493
13409 31462
13409 32382
13411 32679
13415 19022
13415 46139
13416 22404
13416 39416
13417 22474
13418 16755
13418 33061
13419 30529
13420 28945
13420 35193
13420 43598
13421 15132
13421 42949
13422 21837
13423 27309
13423 27386
13423 29930
13424 17722
13425 36249
13426 28051
13428 40027
13429 23838
13429 41196
13430 33888
13431 15428
13431 27798
13432 40507
13433 14774
13433 25450
13433 41394
13434 20667
13434 39216
13435 30947
13435 31178
13438 16160
13438 24330
13438 28734
13438 30836
13438 36122
13438 39492
13439 40987
13439 48232
13441 30131
13441 46681
13442 20323
13443 25959
13443 31326
13444 22308
13446 48470
13447 38728
13448 24317
13449 15240
13449 33998
13449 35062
13452 14413
13452 22989
13452 24949
13453 21717
13453 36394
13454 17063
13454 32577
13455 37792
13455 44001
13456 37638
13457 18173
13457 31541
13457 33971
13457 39495
13458 39664
13459 19573
13459 19611
13459 21720
13460 44645
13462 14027
13462 15016
13462 15236
13463 15290
13463 16681
13463 21111
13464 46040
13469 46083
13471 20995
13471 28649
13474 36083
13475 41944
13476 18422
13476 22401
13476 33588
13478 32733
13479 37428
13480 37210
13481 36174
13482 26637
13482 26929
13482 46808
13483 47854
13484 26578
13484 41245
13485 43800
13486 20820
13486 20959
13486 21068
13486 22774
13486 46512
13486 46596
13487 27275
13487 28043
13488 32171
13489 23433
13490 47042
13492 28582
13493 44675
13493 49271
13494 33083
13496 44708
13496 46251
13497 23364
13497 37929
13498 20227
13499 40399
13500 15252
13500 20375
13500 47341
13500 47660
13501 18679
13501 44740
13502 37753
13504 35821
13504 48640
13505 39159
13507 19780
13507 29933
13507 35989
13508 24926
13509 13690
13510 18472
13510 19639
13510 34565
13510 38011
13512 16033
13512 17120
13512 49019
13513 27397
13516 23104
13516 37612
13517 40329
13521 17713
13521 21653
13521 49973
13522 16068
13522 30425
13522 30741
13522 37716
13524 27313
13524 33425
13530 48311
13531 39514
13532 19618
13532 26896
13533 19320
13533 34009
13533 41656
13533 49875
13534 16030
13535 18532
13536 17911
13536 27342
13536 40150
13537 33772
13537 39004
13538 25491
13538 31255
13538 43123
13539 13623
13539 16585
13539 27112
13539 32741
13540 15439
13540 39846
13541 24508
13542 18151
13542 22462
13542 22463
13542 27757
13542 34208
13543 48535
13545 30709
13546 14115
13546 25493
13546 37372
13546 39000
13546 48833
13547 15370
13547 15542
13547 16802
13548 43053
13549 35896
13549 41436
13550 17997
13552 31919
13552 34078
13553 16422
13553 17915
13553 21283
13554 42498
13555 20471
13556 44049
13557 22888
13557 45283
13558 21514
13558 24984
13558 32978
13558 35146
13558 35828
13559 40498
13560 27738
13560 27990
13560 48055
13563 15806
13563 29322
13564 42334
13565 22262
13567 47005
13571 15817
13571 15993
13571 33931
13571 44464
13571 44655
13572 22699
13572 35987
13574 30018
13574 39025
13575 19516
13575 35843
13575 45296
13576 16114
13576 22933
13576 23479
13576 35729
13577 21865
13577 36076
13577 44815
13577 46765
13578 35189
13578 40852
13579 26921
13580 15759
13581 46054
13583 20091
13583 42678
13585 34112
13585 45171
13585 47742
13586 26250
13586 33488
13588 23479
13588 29064
13588 35764
13588 47886
13589 18640
13589 25999
13589 34739
13589 37221
13591 37856
13592 28998
13592 32464
13592 49650
13593 18173
13594 33390
13595 27040
13596 27444
13597 19822
13597 26779
13597 39928
13597 40233
13598 23493
13598 31889
13598 48868
13599 44592
13600 42025
13600 43305
13601 13628
13603 26868
13604 22043
13604 33207
13604 37542
13604 49876
13606 20719
13606 37800
13607 25423
13608 26393
13608 29000
13608 29127
13609 26980
13609 37107
13609 46030
13610 34017
13610 37847
13610 43793
13611 35192
13611 40569
13612 24305
13613 18685
13613 36184
13614 16331
13614 19911
13614 33320
13614 46823
13615 17716
13615 31643
13616 39790
13617 26993
13617 40516
13617 45545
13618 27968
13619 29053
13619 48809
13621 15785
13621 22648
13621 30285
13622 33294
13622 41596
13625 15486
13625 45998
13626 37032
13626 44406
13627 21110
13628 26230
13628 29408
13629 22604
13629 34958
13630 16922
13630 38462
13631 15504
13633 35059
13634 32153
13635 20942
13635 27419
13635 32887
13635 41695
13637 18030
13637 27946
13637 30663
13637 35045
13639 19671
13640 46951
13642 17092
13643 30290
13643 45536
13644 35763
13645 33211
13645 37952
13647 17802
13647 20272
13647 35757
13647 39941
13648 17488
13648 41616
13649 34318
13651 30090
13653 30181
13654 46002
13655 28574
13656 24287
13657 27463
13657 43819
13659 29378
13659 41542
13660 15472
13660 21197
13660 42022
13661 39875
13661 43835
13663 31209
13663 35638
13664 22296
13664 36367
13664 37327
13664 45143
13665 38001
13665 46969
13666 36396
13667 15536
13667 46023
13668 37397
13668 43871
13669 16116
13669 41228
13669 44685
13670 15612
13670 47856
13672 17386
13672 29564
13672 32738
13672 34553
13672 49356
13673 26910
13673 33221
13673 34293
13673 48456
13674 17711
13674 40438
13676 33860
13677 25503
13677 39473
13677 45968
13678 35738
13678 40858
13678 44386
13679 23234
13679 33196
13680 23578
13680 29888
13684 24523
13684 31765
13684 49203
13685 23751
13686 25491
13686 44961
13687 23210
13687 37538
13689 26259
13689 29052
13689 30623
13689 47451
13690 22531
13691 28854
13691 30597
13692 17605
13692 17890
13692 26851
13693 19045
13693 37658
13693 40961
13694 43252
13694 46631
13695 14387
13695 23406
13696 34137
13696 37723
13698 22184
13698 43013
13700 29438
13700 46398
13702 38259
13702 41056
13703 30692
13703 32175
13704 47464
13705 32206
13707 17441
13707 33605
13708 16925
13708 39292
13709 16637
13709 32977
13709 46186
13711 14043
13711 15642
13711 29717
13712 35172
13714 24730
13714 36040
13716 33124
13716 45706
13717 19126
13717 45968
13718 18398
13719 48876
13722 15738
13722 36742
13724 20777
13724 29520
13725 18407
13725 25814
13725 49260
13726 33414
13727 23963
13728 23314
13728 37725
13730 43165
13732 33794
13732 39523
13733 41144
13733 43256
13736 20139
13736 22527
13736 35067
13736 39563
13736 42997
13737 20435
13738 30586
13738 34338
13738 43211
13739 16401
13739 42723
13740 46433
13741 29145
13741 47127
13742 45827
13743 25729
13743 32350
13743 34466
13744 17757
13744 48187
13745 41358
13746 28778
13746 38484
13748 23612
13748 29484
13748 35822
13751 29447
13751 44014
13752 24629
13752 27580
13752 39156
13754 16268
13754 17862
13754 43355
13757 49322
13759 18229
13760 29356
13760 38368
13761 25386
13761 32555
13762 17514
13762 44012
13762 45020
13763 49737
13764 30293
13766 20947
13768 19210
13768 23506
13768 26501
13768 33676
13769 29863
13769 39652
13770 15231
13770 28767
13770 39977
13771 29390
13771 40805
13773 48783
13774 26569
13774 39205
13775 21350
13777 24147
13777 38772
13778 17895
13780 28376
13780 37868
13783 27652
13783 30726
13783 32715
13787 23694
13787 47190
13788 32534
13789 46402
13790 19680
13791 14988
13791 17973
13791 40465
13791 45060
13793 24025
13793 24601
13793 25806
13793 27960
13794 19178
13794 39627
13794 49599
13797 40200
13798 15699
13799 26655
13799 29298
13799 32879
13799 36992
13800 17687
13800 22768
13801 18302
13801 20524
13801 26201
13801 38146
13801 42574
13802 38725
13802 39668
13803 26048
13803 26509
13804 25208
13807 16126
13808 41621
13809 37439
13809 46827
13809 47402
13810 19389
13811 26993
13812 19925
13812 34979
13812 35796
13812 43011
13812 44379
13813 15199
13813 41345
13813 41407
13814 28625
13814 49990
13815 18074
13816 17701
13819 40849
13820 28271
13820 38306
13820 43891
13820 47972
13822 39684
13823 29516
13823 34657
13824 44200
13825 26380
13825 49867
13826 46194
13827 38974
13828 46004
13829 18099
13829 28423
13830 25037
13830 26228
13830 31436
13831 28660
13832 38098
13833 14159
13833 20444
13834 24906
13834 34276
13835 24097
13835 46145
13836 40684
13837 14621
13837 43971
13837 46239
13841 14664
13841 33045
13841 41922
13842 29833
13843 20741
13843 43998
13845 40084
13845 40975
13847 17026
13847 45088
13848 27844
13848 36823
13848 45364
13850 21540
13851 26215
13851 43121
13853 27523
13853 33504
13855 20184
13856 21653
13856 37006
13858 22985
13858 36517
13862 33403
13863 40548
13864 37138
13864 38282
13865 22970
13865 29155
13867 17976
13867 38462
13867 41274
13868 18281
13869 21828
13869 28937
13870 32064
13871 42891
13872 34779
13873 25938
13873 26576
13876 15306
13876 16726
13876 18433
13876 38681
13877 21301
13877 37011
13878 14187
13878 47640
13879 33534
13881 26465
13881 40152
13881 46731
13883 26028
13883 30913
13884 20145
13884 41950
13885 19152
13885 47769
13886 29061
13886 30401
13886 36690
13887 14455
13887 22489
13887 29177
13888 17693
13888 36485
13889 23945
13889 37198
13890 49445
13891 39401
13892 36691
13894 29567
13896 33185
13898 16777
13898 26975
13898 31521
13900 48409
13901 43469
13902 24494
13902 27983
13903 33568
13903 45545
13904 18087
13904 33273
13905 17284
13905 33070
13905 44511
13906 21348
13906 29071
13907 18675
13908 18262
13908 21005
13908 32196
13909 21827
13909 22888
13909 23034
13909 38293
13910 16675
13910 23715
13910 47643
13911 15285
13911 40782
13911 49560
13912 17667
13912 32380
13912 48197
13913 23281
13913 45946
13915 20080
13916 31044
13921 20901
13922 36097
13922 46325
13922 47867
13923 37288
13924 14288
13925 23495
13926 27406
13927 20808
13927 25523
13927 36493
13928 29440
13928 29846
13928 43721
13931 26316
13932 37031
13932 44707
13934 44353
13935 19316
13935 20613
13935 31937
13936 18444
13936 36146
13936 38991
13936 44600
13937 16156
13937 23181
13937 25769
13937 39873
13938 26742
13938 37468
13939 34546
13939 35464
13940 27455
13942 21368
13942 24319
13943 15705
13944 15948
13944 17108
13945 21117
13945 28233
13946 14807
13946 34506
13948 38616
13949 30037
13950 31057
13950 43261
13951 28170
13951 40151
13952 32791
13953 29153
13954 19991
13954 46329
13956 29039
13957 15341
13957 25041
13958 17953
13958 25876
13958 44440
13959 47449
13960 23759
13960 43654
13960 48384
13961 16101
13962 24262
13962 45932
13963 27774
13965 31549
13967 35341
13968 14849
13969 46308
13969 48516
13970 19826
13970 38854
13970 43787
13971 20047
13971 38524
13972 43264
13973 49407
13975 30969
13977 42059
13978 34737
13978 38949
13978 45087
13979 29317
13980 24616
13980 33252
13980 41202
13981 17282
13982 45359
13983 37202
13984 30792
13984 38885
13985 28602
13985 40301
13985 47106
13987 19795
13987 25609
13987 49823
13989 17325
13989 46060
13990 24820
13990 37367
13990 37710
13991 29657
13991 33092
13991 39305
13992 43729
13994 23901
13994 37334
13995 17922
13995 20634
13996 45156
13997 43058
13998 23998
13999 16323
14000 43056
14001 20479
14001 26578
14002 23177
14002 45427
14002 46606
14003 30279
14003 36622
14004 47210
14005 45646
14006 28941
14007 17921
14008 46496
14009 42246
14010 23953
14010 31069
14011 16505
14011 39149
14012 22550
14012 46222
14013 14130
14013 31519
14013 37990
14013 49080
14014 15732
14014 40889
14015 17248
14015 20900
14016 35152
14018 22424
14018 37008
14020 49180
14022 21073
14022 23719
14022 46500
14023 32769
14023 39586
14024 19244
14024 49723
14025 17450
14025 29624
14026 35705
14027 17730
14027 29676
14027 35594
14027 39137
14027 48784
14030 19679
14030 27593
14030 32116
14030 43901
14031 44439
14032 42962
14033 19362
14033 22997
14033 28039
14036 47903
14036 49228
14037 16958
14038 39273
14040 17988
14040 37077
14041 27411
14041 31992
14042 47857
14043 33640
14043 40899
14043 47318
14044 20000
14046 16974
14046 33884
14046 47867
14046 47871
14049 37447
14051 38859
14052 46622
14053 42075
14054 24487
14054 25874
14055 30603
14055 37231
14056 38712
14056 48237
14057 23883
14057 32594
14057 34415
14058 25373
14059 24408
14060 33410
14062 33625
14063 35658
14063 37950
14063 48584
14063 48638
14064 45461
14065 44634
14067 46361
14068 24679
14068 30038
14068 30388
14069 20049
14069 41424
14071 46548
14072 35125
14073 17732
14075 22451
14075 22607
14075 23304
14075 24401
14076 20938
14076 31564
14076 38102
14076 42657
14077 35537
14077 42787
14079 19099
14079 40020
14081 37443
14081 47053
14083 42428
14084 23548
14084 34124
14085 20651
14085 45879
14087 39888
14088 31336
14088 42162
14088 42746
14089 27790
14090 19812
14090 25681
14092 46473
14093 26558
14094 28529
14096 31365
14097 36280
14097 45236
14098 35318
14100 48249
14101 25440
14101 46586
14102 23601
14102 24674
14102 45599
14102 48248
14104 36850
14104 40728
14104 41111
14104 41729
14104 41802
14105 21757
14106 21236
14107 33931
14107 39808
14107 40963
14108 23443
14110 31439
14110 35270
14110 43904
14110 46769
14113 30741
14113 30933
14114 42016
14115 19075
14115 22881
14116 24460
14116 28575
14117 47669
14118 19273
14118 32097
14118 47215
14119 30130
14120 16672
14121 36760
14122 17460
14122 20806
14123 24475
14123 33592
14123 47084
14124 30830
14124 49172
14125 14321
14125 19656
14129 27704
14130 42609
14131 29859
14133 44835
14134 23830
14135 16323
14136 48738
14137 16195
14137 40003
14137 42110
14138 18386
14139 14602
14139 26398
14140 19125
14142 18003
14142 37001
14142 39984
14142 41213
14143 15814
14143 20546
14143 26020
14143 29267
14144 20591
14144 22537
14145 22393
14146 29247
14147 26414
14149 25342
14149 25778
14149 32438
14150 25232
14150 47787
14153 23873
14153 28927
14153 39783
14153 48039
14154 46114
14155 21001
14157 15647
14157 45250
14158 19995
14160 25991
14160 42360
14161 33563
14161 38583
14163 14795
14163 45547
14164 14566
14164 21969
14164 49696
14165 38050
14165 40012
14166 39542
14167 20247
14168 14959
14168 25165
14168 29407
14168 35552
14168 41807
14170 39189
14170 46673
14171 17096
14171 31054
14172 24483
14172 41481
14172 46264
14172 48860
14174 22795
14174 39120
14175 49004
14176 45254
14177 28832
14178 17597
14178 35070
14179 18078
14179 35933
14180 23861
14180 31351
14181 20012
14182 20359
14182 27040
14182 38213
14182 40919
14183 24151
14183 41111
14184 41861
14185 36621
14186 26027
14187 34002
14187 40536
14188 14644
14188 36965
14189 15670
14189 21963
14189 42063
14189 44315
14190 19630
14190 45115
14190 45342
14192 22767
14192 22817
14193 15139
14193 30143
14195 17461
14195 19596
14195 31380
14196 32882
14196 42786
14197 44104
14199 44152
14200 21595
14200 27498
14200 41308
14203 24940
14205 17363
14205 29989
14207 28728
14207 32068
14207 40018
14208 25460
14209 34654
14209 45806
14209 49485
14210 22394
14210 29747
14210 35558
14210 46383
14211 17963
14211 21468
14211 25888
14212 47270
14214 33169
14215 14484
14215 20241
14215 29723
14215 49988
14217 29834
14217 31495
14218 16493
14218 26077
14219 27553
14221 37956
14222 17200
14222 44130
14222 47435
14223 41792
14224 20523
14224 27657
14224 45350
14225 43889
14226 49805
14227 34778
14227 48149
14228 26300
14229 36144
14229 43179
14229 48635
14230 18240
14230 24319
14231 40199
14231 43824
14232 23182
14232 41247
14234 17040
14234 31219
14235 15538
14236 19170
14238 17760
14238 29488
14239 15137
14239 17298
14239 25791
14239 35031
14240 17963
14240 45836
14241 23416
14241 32724
14242 14673
14243 23243
14243 23593
14243 31236
14244 28915
14245 19299
14245 19352
14246 47946
14247 25864
14247 38499
14247 39749
14248 16754
14248 19508
14248 21991
14248 36580
14250 44672
14252 20187
14253 48359
14255 35975
14255 48060
14256 29488
14257 45504
14257 48246
14257 48383
14258 38613
14259 46376
14260 34976
14261 19733
14262 25823
14262 47256
14264 44118
14267 16542
14267 37161
14267 40932
14268 17704
14268 36802
14269 23692
14270 38429
14271 29111
14271 38823
14272 19209
14272 47015
14272 49279
14273 18525
14273 31069
14278 26691
14278 29250
14279 15970
14280 26494
14280 30110
14281 14345
14281 23250
14281 41296
14285 30651
14286 34158
14286 42951
14287 15394
14287 25547
14287 35913
14287 37689
14288 17178
14288 21123
14290 15095
14291 24395
14291 31926
14291 49597
14292 46331
14295 18244
14295 28569
14295 31866
14296 15799
14296 28139
14296 30501
14297 28706
14297 29770
14297 42860
14298 25327
14298 28102
14299 43540
14299 45031
14300 39264
14301 44786
14302 39004
14302 48862
14303 16669
14303 17145
14303 28395
14303 34779
14303 38669
14303 38716
14304 21107
14304 33319
14304 39825
14306 32582
14307 22032
14308 14348
14309 22176
14310 26248
14312 22313
14313 15210
14313 17910
14313 36180
14313 36703
14313 47115
14315 24028
14315 29941
14315 30193
14315 31712
14315 37828
14316 44837
14318 25524
14319 41980
14320 39440
14321 22167
14321 44869
14322 29240
14322 30852
14323 46696
14323 49155
14324 32859
14324 40816
14324 47385
14325 25499
14325 30744
14325 43229
14327 16874
14327 41156
14328 20434
14329 26300
14329 36700
14329 37032
14329 37300
14330 18451
14331 26726
14331 40075
14332 42427
14333 40733
14334 27833
14334 32190
14334 37206
14335 20035
14336 15669
14336 17702
14336 20620
14336 34918
14337 35905
14337 41524
14339 24185
14340 17356
14340 40482
14343 31964
14343 43842
14344 22719
14344 39505
14345 23656
14345 39720
14345 40737
14346 49299
14347 31097
14347 37429
14347 42409
14347 47067
14348 18805
14348 32416
14349 24876
14349 32060
14351 22901
14351 39996
14352 44246
14354 18724
14354 31045
14354 31636
14354 39385
14354 42292
14355 16121
14355 44298
14356 18647
14356 19037
14356 20226
14356 32526
14356 40566
14357 33177
14357 36764
14357 40564
14358 22450
14359 35116
14360 15483
14360 36166
14361 42604
14361 45510
14364 20038
14364 32499
14364 36114
14365 14851
14366 14649
14366 19558
14366 37451
14367 29310
14367 31938
14371 46391
14372 14978
14372 30338
14372 42625
14374 30380
14377 36166
14378 21486
14378 38712
14379 24031
14379 28630
14380 41898
14381 17344
14382 15638
14382 22749
14383 40293
14383 44748
14384 28563
14385 41777
14386 16110
14386 48853
14388 29382
14391 38098
14391 46322
14391 49029
14392 36155
14392 36966
14393 23632
14394 22464
14394 36549
14394 43161
14395 33576
14396 19008
14398 30145
14398 43537
14400 16349
14400 35263
14401 25134
14402 16511
14402 32508
14402 41498
14403 41657
14405 24496
14406 32176
14407 32374
14407 46310
14408 24857
14408 48841
14410 17148
14411 28194
14411 28862
14411 48562
14413 45905
14414 29078
14416 26400
14416 44167
14418 39676
14419 35849
14420 28601
14420 42592
14422 42756
14423 46961
14424 15130
14425 26115
14425 28648
14426 23530
14426 39703
14427 16768
14428 15262
14428 39462
14430 31372
14430 46172
14430 48887
14431 30405
14431 31430
14433 16655
14433 24933
14433 30521
14433 42997
14434 15612
14435 16413
14435 18623
14436 34003
14436 36937
14437 16415
14437 19275
14437 27596
14437 45967
14438 36932
14439 20205
14439 28532
14440 22955
14440 49030
14441 44061
14441 48888
14441 49942
14442 41806
14443 38922
14444 30152
14445 43645
14448 31366
14448 39324
14448 49310
14449 34948
14449 34977
14452 18174
14452 29019
14455 26286
14455 48333
14456 35647
14457 40247
14457 42974
14457 49082
14458 35762
14461 25768
14461 41468
14464 28796
14465 33423
14466 24831
14466 29627
14466 44874
14469 19900
14469 22289
14471 28528
14473 34205
14474 18387
14474 42596
14475 36292
14477 15257
14477 49313
14478 27200
14480 23809
14481 47306
14481 49790
14484 30854
14485 15426
14486 23603
14486 33562
14487 20000
14487 25645
14487 26641
14487 27265
14488 34887
14488 38134
14489 21650
14490 48358
14491 34200
14491 47895
14492 44691
14494 27429
14494 38255
14495 15006
14495 22025
14496 45581
14497 44013
14497 44265
14498 42501
14498 45355
14499 42472
14499 48969
14500 19416
14500 28638
14500 46201
14501 17220
14501 42735
14501 47571
14502 27588
14503 20301
14503 42202
14504 30418
14505 15200
14505 18305
14505 32406
14505 49921
14507 31904
14507 36501
14508 49688
14511 21277
14511 49109
14512 41835
14513 16150
14513 19221
14513 37390
14514 28796
14514 32030
14514 44383
14515 31782
14516 21003
14517 16985
14517 45679
14519 22007
14520 15541
14520 35111
14521 24455
14522 16377
14522 33942
14522 47193
14523 34143
14523 42829
14523 43260
14523 47155
14524 15664
14524 32242
14525 34668
14525 48221
14525 48863
14526 38428
14527 34787
14528 26350
14528 40169
14529 34319
14530 34265
14532 28826
14532 38305
14532 46524
14533 40612
14535 20729
14536 19232
14536 41821
14538 29789
14538 31019
14539 39108
14540 45985
14541 31299
14542 16296
14542 19074
14542 19562
14543 17429
14543 40638
14544 14771
14545 28016
14545 28996
14545 33605
14545 43508
14546 14605
14546 31132
14546 31642
14547 22280
14548 22368
14548 24877
14548 45298
14550 47263
14551 38959
14553 41920
14553 44127
14554 16859
14554 40131
14555 36398
14557 38118
14557 45031
14559 47615
14560 30987
14560 49273
14561 38106
14562 19635
14565 20820
14565 42956
14566 40363
14567 20462
14568 46878
14569 30685
14569 35234
14569 46858
14570 22075
14570 33797
14571 19028
14572 15307
14572 19775
14573 16403
14573 27279
14574 17963
14574 36237
14575 15717
14577 28123
14577 40277
14578 15003
14579 29363
14580 38446
14582 21269
14583 20161
14583 26406
14583 40508
14584 25531
14584 31067
14584 34575
14585 40202
14586 31213
14588 45823
14589 25635
14589 33283
14590 37470
14591 19585
14591 21622
14591 31550
14591 40613
14592 20074
14593 16705
14593 36827
14593 42072
14594 18025
14594 42811
14595 39419
14595 40203
14595 43862
14595 48373
14597 21007
14597 33431
14598 35508
14601 19017
14601 30560
14602 24231
14603 18680
14603 30541
14603 31905
14603 45255
14604 14782
14604 19116
14605 19100
14605 37305
14605 37805
14606 36872
14607 41036
14607 49030
14608 18002
14608 23801
14608 36035
14608 47360
14609 19221
14609 38229
14609 44949
14610 22670
14610 36894
14611 23229
14611 38091
14612 34718
14612 36142
14613 16938
14614 35053
14614 40463
14615 32407
14615 36910
14616 26642
14616 36994
14616 47099
14618 14750
14618 28244
14618 34571
14619 23944
14620 40326
14620 40763
14621 26552
14621 35451
14621 38956
14622 24982
14625 26426
14625 27003
14625 41650
14626 21241
14626 40334
14628 34620
14628 34710
14628 43595
14629 31360
14630 17789
14630 24851
14630 28292
14630 29390
14631 16677
14631 20749
14631 32626
14631 40053
14632 20019
14632 49656
14634 38962
14635 38014
14637 33785
14637 43281
14638 28238
14638 44424
14639 48638
14641 26961
14642 19961
14642 21213
14642 25914
14642 43733
14643 49029
14644 30308
14645 23884
14645 42248
14646 49702
14647 21741
14649 32018
14651 43268
14652 19351
14653 40266
14653 48734
14654 32381
14654 47530
14656 15274
14656 24799
14657 18864
14658 20161
14658 30038
14659 28433
14659 40546
14659 48371
14660 37396
14660 44159
14662 19585
14662 26817
14664 21255
14664 23746
14664 44737
14665 25549
14665 28768
14666 15482
14666 17241
14667 19962
14667 21768
14667 38221
14669 19922
14669 20876
14669 28273
14669 33511
14669 40356
14670 33192
14670 33501
14671 28236
14675 16880
14675 41784
14676 41841
14677 17997
14677 42643
14678 29622
14679 21931
14679 29660
14682 17112
14682 22398
14682 49783
14683 25127
14683 43787
14684 15048
14684 41962
14685 41725
14685 46337
14686 34636
14687 32300
14689 18796
14689 48224
14691 19469
14691 24894
14692 29175
14693 16217
14693 37698
14695 22019
14695 48781
14697 32539
14697 43704
14698 17027
14698 39221
14699 15678
14699 33891
14700 25925
14701 26559
14702 24396
14703 18901
14703 35019
14703 38109
14704 40107
14704 47286
14706 25596
14706 38075
14706 49442
14707 31757
14707 35572
14708 30026
14709 17578
14709 28292
14709 35858
14710 29320
14712 33940
14713 34067
14713 41307
14714 20408
14714 38413
14715 30642
14716 42183
14717 23218
14717 29661
14718 37759
14720 21808
14724 15358
14724 18582
14724 20592
14724 24243
14724 41127
14724 44669
14725 30689
14726 18434
14726 48405
14728 21265
14728 34519
14729 38461
14731 18692
14731 37471
14731 38411
14732 24580
14732 44459
14733 26079
14733 31171
14737 34788
14737 34861
14737 38030
14738 34398
14738 42459
14739 38314
14739 44406
14740 47375
14741 15936
14742 24750
14742 35344
14743 25317
14743 38018
14743 39616
14743 43430
14744 15818
14745 15502
14745 19156
14745 45324
14746 18972
14746 24242
14746 35872
14746 36535
14746 42322
14747 47586
14748 15303
14748 32484
14748 36277
14748 38188
14748 44158
14750 32527
14751 28250
14751 35285
14751 44487
14752 38275
14752 40654
14755 19176
14755 32408
14755 44199
14756 21265
14756 21744
14756 47766
14757 48471
14761 14781
14762 26496
14762 31859
14763 31238
14763 33407
14765 26302
14765 31725
14766 25462
14766 41350
14767 18135
14769 27380
14769 39707
14771 47385
14773 32236
14773 36172
14774 27751
14775 24659
14776 33863
14777 18460
14777 19947
14777 38385
14778 17741
14779 27528
14779 33634
14779 49896
14779 49916
14780 38196
14782 15958
14785 41933
14785 45040
14787 38498
14788 40220
14788 45391
14789 24449
14789 36223
14789 43501
14790 39123
14794 34769
14795 40080
14797 25873
14798 42758
14798 45168
14800 20599
14800 23016
14801 22314
14801 31798
14801 47207
14802 26796
14802 29562
14802 32510
14803 19116
14803 27775
14804 21878
14805 42955
14806 17958
14806 38749
14808 18734
14809 16211
14809 19640
14809 42854
14810 35313
14812 19874
14813 31425
14813 48603
14816 15105
14816 30868
14817 17185
14817 47610
14818 38573
14819 47183
14823 15139
14823 35160
14823 41463
14824 18868
14824 40015
14824 44168
14824 49727
14825 20946
14825 26765
14826 18641
14827 29110
14827 43749
14827 45035
14827 49732
14828 17669
14828 37209
14828 39683
14829 26513
14829 42453
14829 48119
14832 22239
14832 41434
14833 35244
14837 46947
14839 18907
14839 25312
14839 28191
14840 18529
14840 45125
14841 21759
14841 34755
14842 28798
14843 17584
14844 21984
14844 28182
14845 20555
14846 20072
14846 39871
14847 29501
14847 38149
14848 30148
14848 49987
14849 24418
14849 38182
14849 41282
14849 46159
14850 24959
14851 38902
14851 42018
14852 32804
14852 33144
14853 18945
14854 15138
14854 39019
14855 29053
14855 47585
14856 15078
14856 16367
14856 16924
14856 20051
14856 24176
14858 32427
14858 33463
14858 41853
14859 35172
14860 20362
14860 27540
14861 19961
14861 40667
14862 16396
14862 26128
14863 44211
14864 47414
14864 48024
14865 22397
14865 37737
14867 40860
14867 41410
14867 44636
14869 38160
14869 43783
14870 33100
14871 21540
14872 44526
14874 39623
14877 17064
14878 45022
14879 32983
14879 36300
14879 41306
14879 46295
14880 15111
14880 45262
14881 34742
14881 39404
14882 27453
14882 36438
14883 18465
14883 39251
14884 25075
14885 15272
14885 41155
14885 43627
14885 44913
14885 46967
14887 17477
14887 40114
14890 16635
14890 37652
14891 15042
14891 30151
14892 23885
14894 23499
14894 28046
14894 38901
14895 32745
14895 46355
14895 46478
14896 31100
14897 30015
14897 40925
14899 27239
14899 48994
14901 35008
14902 22342
14903 17386
14903 18684
14906 18828
14906 47971
14907 41461
14909 20196
14909 35211
14909 49705
14911 41407
14911 48089
14912 15269
14913 25370
14913 43641
14913 47027
14914 44764
14915 45725
14916 16349
14916 21757
14916 47606
14917 18835
14917 33684
14918 41897
14918 42633
14918 47008
14920 40353
14924 39874
14925 39677
14926 42307
14926 48940
14926 49178
14927 26566
14927 49550
14928 19684
14928 47513
14929 29167
14929 41037
14930 18025
14930 22503
14930 43486
14931 15369
14931 47233
14932 17616
14934 27389
14935 19457
14935 34160
14935 43094
14936 38180
14936 41287
14937 29145
14938 21406
14938 26914
14939 15991
14939 44370
14940 23693
14943 44711
14944 34385
14944 35319
14945 15345
14946 15303
14947 49369
14948 49609
14950 44321
14951 35899
14951 38100
14952 29865
14953 23005
14954 28082
14954 31412
14955 49420
14956 44179
14959 27343
14959 29401
14960 33642
14961 30637
14962 15291
14962 16305
14963 24705
14964 17676
14964 28609
14964 29885
14965 18543
14965 26509
14965 40552
14965 42840
14966 18636
14966 43198
14966 45469
14967 18098
14967 19532
14967 23237
14971 24230
14973 18850
14975 23010
14975 47393
14976 21726
14976 24165
14977 19063
14977 25881
14979 34000
14980 40981
14980 41435
14980 48093
14981 17155
14981 40872
14982 30394
14983 37421
14984 24187
14984 44688
14984 47185
14984 49628
14985 32298
14985 43320
14986 15623
14986 35978
14988 41718
14988 44263
14989 35472
14989 44688
14989 48853
14992 24790
14992 44589
14993 28763
14994 40149
14996 16941
14996 17137
14996 45304
14997 26496
14997 43631
14998 45597
14998 47268
14999 38296
15000 27422
15000 41827
15000 43423
15001 20964
15001 30187
15001 49260
15003 31323
15003 31329
15004 17725
15004 24623
15004 28352
15005 25867
15005 45239
15007 36955
15007 45514
15008 24741
15009 37075
15011 15135
15011 23589
15011 43764
15012 32477
15012 38571
15014 21485
15014 21778
15014 25974
15014 34969
15016 21171
15016 47761
15017 34799
15019 43051
15020 48154
15021 23566
15022 23604
15022 37168
15023 17618
15024 30229
15025 26884
15025 31891
15025 36694
15025 47176
15025 47857
15026 26137
15026 43637
15027 44690
15028 31113
15028 31980
15029 44749
15029 49824
15030 16485
15032 48037
15033 17964
15035 18461
15035 19080
15036 23235
15037 32108
15037 40107
15037 43209
15038 15393
15038 20655
15038 47586
15039 29606
15042 36464
15043 18181
15043 45201
15044 22266
15044 24168
15044 26933
15044 38473
15045 45100
15046 24552
15046 32080
15046 35476
15046 37066
15047 16953
15047 38600
15048 19067
15048 35996
15048 41450
15048 42323
15049 17988
15051 21777
15051 22461
15052 24069
15052 27218
15054 23403
15055 25322
15056 27165
15056 32888
15057 26150
15058 37220
15059 24992
15059 28114
15059 30945
15059 32814
15060 29525
15062 31393
15069 31532
15069 41456
15069 48848
15070 27520
15070 46922
15071 17786
15071 21889
15072 23153
15072 25580
15072 41267
15072 44247
15073 19266
15073 23549
15073 33079
15073 48356
15074 37494
15075 17085
15075 30423
15075 48185
15076 40256
15076 43957
15079 16554
15079 46209
15080 33134
15081 23068
15081 25208
15082 33866
15083 38036
15083 47120
15084 26717
15086 31872
15087 17267
15087 21780
15088 39743
15090 16418
15090 21934
15091 49129
15092 20067
15092 27445
15092 36668
15092 46426
15093 16759
15093 27685
15093 35857
15094 23907
15096 35628
15096 45498
15096 47568
15097 26492
15100 30121
15100 39912
15101 46442
15103 19356
15103 32935
15104 44099
15104 45322
15105 23617
15105 35574
15105 47022
15106 35901
15107 19380
15107 24134
15109 21181
15109 40942
15110 26970
15111 45915
15112 18006
15112 41726
15112 44452
15112 46981
15113 18433
15113 25446
15113 43762
15114 24606
15114 28546
15117 27539
15117 30834
15119 22716
15119 42233
15121 30991
15122 18059
15122 48833
15123 23651
15124 30164
15124 32607
15125 40512
15126 35283
15126 43565
15126 47996
15126 49461
15127 30421
15128 15258
15128 25238
15130 43610
15131 35521
15132 31154
15132 42273
15133 18736
15133 36407
15134 21086
15134 41226
15135 33560
15135 41657
15141 17702
15141 26939
15141 39278
15142 48358
15143 15888
15143 16921
15143 27915
15143 29231
15144 22716
15144 31237
15144 39275
15144 42271
15145 17386
15145 32304
15145 32388
15147 27608
15147 45142
15148 29407
15152 15404
15152 17255
15152 32613
15152 33514
15153 42275
15155 26140
15155 30575
15155 43286
15156 36402
15157 22115
15157 28155
15157 42472
15158 17279
15158 26804
15158 39779
15158 41513
15159 47490
15159 49302
15160 15198
15160 25025
15160 31212
15162 42342
15163 16728
15163 27595
15163 28013
15163 35324
15164 21782
15164 23369
15165 21573
15165 35628
15166 39822
15167 35837
15168 18987
15168 47146
15169 22441
15169 25772
15172 34778
15172 35976
15173 32093
15174 44500
15176 17043
15179 19917
15179 27465
15179 36518
15181 45873
15181 49468
15182 36517
15183 49717
15184 16840
15187 33329
15187 34799
15187 35955
15188 20704
15188 29046
15189 15800
15190 35587
15190 38863
15190 47739
15196 24880
15196 34015
15196 37507
15197 33984
15198 40173
15198 40702
15199 46208
15200 18013
15201 23533
15201 43367
15201 48850
15202 18958
15202 24048
15203 16779
15203 29938
15204 22923
15206 42103
15206 48310
15207 27640
15208 28094
15208 30121
15209 38876
15209 49884
15210 35811
15212 28300
15212 46575
15215 41795
15215 45372
15216 23606
15216 29254
15218 25548
15219 32886
15220 25554
15221 46448
15221 48046
15222 34240
15222 36166
15223 22722
15223 33210
15223 44053
15224 25260
15225 30854
15226 26068
15226 31933
15226 36305
15226 47228
15227 22757
15227 35122
15228 44591
15230 29247
15230 31556
15230 46812
15231 42806
15232 30293
15232 41125
15234 47593
15235 15437
15235 31598
15235 34623
15241 22429
15241 28442
15241 42048
15241 47228
15242 28306
15242 37100
15245 19301
15245 43334
15247 20523
15247 46241
15250 15813
15250 27524
15253 24026
15253 31607
15255 25384
15255 30668
15258 28404
15258 46986
15259 40782
15259 44812
15260 18107
15260 24406
15260 25674
15260 42040
15262 22502
15262 29965
15263 31635
15265 40972
15265 41211
15266 46871
15266 47717
15267 34695
15268 21648
15268 23413
15268 49037
15269 35764
15270 18871
15270 44023
15271 19286
15271 19402
15272 16274
15272 22238
15272 33160
15273 28815
15274 34891
15274 40226
15274 40892
15275 21259
15275 24277
15275 26550
15275 36743
15275 42211
15275 48932
15277 16749
15277 32920
15280 21937
15281 38091
15282 28268
15283 16936
15283 28923
15283 47763
15284 38808
15287 27252
15288 18643
15289 30697
15290 20958
15290 43671
15290 46851
15292 31574
15292 48958
15294 27344
15297 41468
15298 29577
15298 41733
15299 35491
15299 49926
15300 20195
15300 23904
15302 47211
15302 49644
15303 38098
15305 25180
15305 31018
15305 31664
15306 44871
15307 26057
15307 44766
15307 45206
15307 45833
15309 16579
15310 18834
15310 43139
15310 47598
15312 27065
15312 29881
15314 30342
15314 33227
15314 35189
15316 34696
15316 34830
15316 35084
15318 22890
15318 25193
15318 36655
15319 42207
15320 35453
15320 37597
15320 44293
15321 28663
15321 36355
15321 36879
15322 16618
15322 31661
15324 18020
15324 36668
15325 21910
15326 33115
15326 45027
15328 17033
15329 45379
15330 29402
15331 18632
15332 20448
15332 25819
15332 34833
15333 20396
15333 37007
15333 41540
15334 15339
15334 49255
15335 38368
15336 25361
15337 15971
15337 41265
15337 49445
15338 32772
15338 43015
15339 43412
15340 25203
15340 34387
15340 45928
15342 18307
15342 20874
15342 38229
15343 16557
15344 30210
15345 41728
15346 24487
15346 47276
15347 16746
15347 18201
15348 16998
15348 37816
15348 38540
15349 19926
15349 22294
15350 23262
15350 36342
15354 49023
15355 35442
15356 31306
15357 35892
15359 20092
15359 32145
15359 48874
15360 22250
15360 34661
15361 27240
15361 30154
15361 31830
15361 38084
15364 19224
15366 20939
15366 49834
15367 33985
15368 17568
15368 33287
15369 25769
15370 25700
15371 21283
15371 28550
15373 20594
15373 25190
15373 35067
15373 43709
15373 44720
15373 45411
15374 19294
15374 35448
15374 40266
15374 47955
15375 36921
15375 46588
15377 19514
15377 24754
15377 39944
15378 45398
15379 26144
15379 27818
15379 47287
15382 42908
15385 28315
15386 40783
15388 17183
15388 29510
15389 23186
15389 38047
15390 25184
15391 25573
15391 35831
15391 44401
15392 17752
15392 24964
15392 29508
15392 35030
15393 18832
15393 40055
15393 47711
15394 32937
15394 48851
15395 18335
15396 36932
15397 43717
15398 32620
15399 37759
15400 26606
15400 46280
15402 39713
15403 18438
15403 18636
15404 40368
15405 29602
15406 20398
15408 15695
15409 33414
15409 36525
15409 36781
15410 22956
15410 27820
15412 49714
15413 45311
15414 38840
15415 36325
15416 24008
15416 24469
15416 33512
15416 39285
15417 16109
15417 49142
15418 20328
15418 24216
15418 28322
15418 30849
15418 39600
15420 22803
15420 44424
15421 21694
15421 22196
15421 33934
15421 35971
15423 36627
15424 38560
15425 21028
15425 25825
15425 35978
15425 42959
15428 21868
15428 38637
15428 39801
15430 24366
15430 25323
15430 29978
15430 30622
15431 18094
15431 28261
15431 32396
15433 26034
15436 15622
15436 15638
15436 43533
15437 32864
15439 19923
15439 20707
15439 36786
15439 40295
15440 40718
15440 45973
15441 17259
15441 17785
15441 47026
15443 30452
15444 25538
15444 38307
15445 42146
15446 21320
15447 28397
15447 32647
15447 40608
15447 41724
15448 29627
15449 47560
15450 31881
15450 49513
15451 37515
15454 19270
15454 34504
15457 32397
15457 41135
15458 26250
15459 23784
15460 23791
15460 24568
15460 28381
15463 49706
15464 48443
15465 43665
15469 22423
15469 25299
15469 41524
15470 37721
15472 33109
15473 25975
15473 40607
15474 27233
15475 15815
15475 34463
15477 18697
15478 25403
15478 36057
15479 21689
15479 28126
15481 23782
15481 37569
15483 41221
15485 22494
15485 25870
15486 18973
15487 22320
15488 26244
15490 43171
15490 47096
15492 16431
15492 41640
15492 42066
15493 19191
15494 23136
15494 23748
15494 33275
15495 30615
15496 18464
15496 41084
15496 48235
15497 28240
15497 36057
15498 31777
15499 21795
15499 24690
15499 29911
15500 20716
15500 24487
15500 32456
15500 48513
15501 18804
15501 34779
15501 38358
15502 40382
15503 40238
15503 40728
15505 37887
15505 45921
15506 40381
15508 15535
15508 41083
15508 41604
15509 49888
15511 29499
15511 33093
15511 41850
15512 20933
15512 27563
15512 37929
15513 19902
15514 36902
15518 30044
15518 42407
15519 41847
15521 29889
15522 48619
15523 30729
15523 31254
15523 38026
15524 26347
15524 33880
15524 49675
15525 23632
15525 39514
15525 44354
15526 16061
15526 42984
15527 17186
15528 23257
15528 35283
15528 39414
15528 48549
15528 49422
15530 16889
15530 33261
15530 38850
15530 45318
15531 16354
15531 19732
15531 41661
15532 16443
15532 17024
15532 29702
15532 31746
15533 26874
15533 48816
15534 16235
15534 34697
15535 35027
15535 45020
15536 37568
15536 38627
15536 43293
15537 15702
15538 25441
15539 28209
15539 42092
15540 29754
15541 40814
15542 42801
15542 45374
15543 26202
15543 47687
15544 47904
15546 24494
15546 44458
15547 28958
15548 34495
15549 17037
15549 38124
15551 18786
15552 33841
15552 37950
15552 46603
15553 16845
15553 33773
15556 22657
15556 33584
15556 37159
15557 26854
15557 29341
15557 47864
15558 32348
15558 48104
15559 49553
15561 17201
15562 46847
15563 20840
15563 37860
15563 40895
15563 48852
15564 45242
15565 16382
15565 40682
15565 48527
15566 41287
15567 20396
15569 20793
15570 32324
15571 23868
15571 32066
15572 49872
15573 19744
15573 22661
15575 41567
15576 22617
15576 29816
15576 46168
15579 19659
15579 43376
15580 23287
15580 26035
15580 35895
15580 40943
15580 43835
15581 17214
15581 22611
15581 42804
15582 25303
15582 25436
15582 46083
15583 17250
15584 44737
15585 46786
15588 32596
15589 15604
15591 16564
15591 24922
15592 19429
15592 21976
15592 31323
15593 18880
15593 22782
15595 44307
15596 18985
15596 38478
15596 43632
15598 27043
15598 33644
15598 36341
15600 42936
15600 48565
15603 31760
15603 38428
15604 28105
15605 40135
15606 26685
15606 38465
15609 35560
15611 28816
15612 26387
15612 26943
15613 26845
15613 34363
15613 43236
15613 43355
15613 45098
15615 34980
15617 22068
15617 26375
15618 31381
15618 36448
15619 30983
15619 41005
15620 26197
15620 39952
15621 33662
15622 16051
15625 18461
15626 31365
15628 28139
15628 44774
15629 23330
15630 37766
15631 19883
15632 26517
15633 16453
15633 23066
15633 31617
15633 36470
15634 36889
15634 38543
15634 47581
15635 22986
15636 30626
15636 47272
15637 22022
15639 32267
15639 36560
15639 49031
15640 42888
15641 30901
15643 28662
15643 47233
15644 29380
15645 39376
15645 47518
15646 30457
15646 41573
15647 20938
15649 27722
15650 28255
15650 42378
15650 48641
15652 31594
15653 26074
15653 34006
15653 34853
15654 40067
15656 31793
15657 18364
15658 38273
15659 18024
15659 22183
15659 26727
15659 39655
15660 20322
15660 47520
15661 46882
15662 16230
15662 28813
15662 31219
15664 33843
15665 46738
15666 38711
15667 25246
15669 28857
15670 15912
15670 41503
15671 16154
15671 36093
15671 37985
15672 19061
15673 17439
15673 19538
15673 44792
15673 47689
15676 28864
15676 38483
15677 20238
15680 25131
15680 45597
15681 28021
15681 36761
15683 30554
15683 32970
15683 49006
15683 49436
15684 21787
15684 28210
15684 36213
15686 46796
15687 32096
15689 26244
15689 32091
15692 29412
15693 20457
15693 41947
15695 20520
15696 23368
15696 42719
15698 24669
15700 28965
15700 41616
15700 48521
15701 28085
15701 49152
15704 38826
15705 37441
15705 43569
15706 37963
15708 24281
15708 28134
15708 41461
15708 49933
15711 31357
15712 15913
15712 21726
15712 30173
15713 49597
15715 37021
15717 39911
15718 19350
15719 20453
15719 43720
15722 16251
15722 28153
15722 32595
15723 28649
15723 42937
15723 48464
15724 24307
15724 32615
15725 19039
15725 33707
15725 35584
15726 15923
15726 30849
15727 29403
15729 33425
15731 25140
15731 26483
15732 20931
15732 31476
15733 22293
15734 31215
15735 24533
15737 30917
15737 44843
15737 49047
15737 49379
15738 30713
15738 38630
15739 23757
15742 28844
15743 41050
15744 34095
15745 29138
15745 33999
15745 34241
15746 35461
15746 46475
15747 31187
15748 16631
15748 22281
15748 48459
15750 27686
15750 35071
15751 17368
15751 34247
15752 37619
15752 49863
15753 23244
15753 30773
15754 15833
15754 18055
15754 28966
15754 36460
15756 16554
15756 27093
15756 35800
15757 29408
15759 17033
15759 41963
15759 42426
15763 17687
15763 38850
15764 31234
15764 35875
15764 38026
15765 40960
15766 31113
15766 31424
15769 15785
15769 18244
15769 21428
15769 34131
15770 38195
15770 41785
15772 15911
15773 24966
15773 28159
15773 34476
15773 37503
15773 38390
15774 22567
15774 33264
15774 35506
15774 47091
15774 48124
15775 48305
15776 21542
15777 18665
15779 21594
15780 35262
15781 25956
15781 35955
15784 34473
15785 31073
15785 45503
15786 49706
15787 22735
15787 26226
15787 28643
15788 23073
15788 24326
15788 29691
15789 29174
15789 47494
15789 49276
15790 27937
15793 23231
15794 31832
15796 26914
15796 32809
15798 18250
15799 17115
15800 40591
15802 45638
15803 47988
15805 16694
15805 25452
15805 37091
15806 42305
15807 23648
15807 37310
15809 25603
15810 22761
15813 36009
15813 47421
15816 22593
15817 23174
15819 22599
15826 44260
15827 33275
15827 35476
15828 39570
15829 26449
15829 30126
15830 26092
15830 34357
15831 19015
15831 23914
15832 16841
15832 22904
15834 39431
15834 40220
15835 39493
15835 45513
15837 46731
15838 34349
15838 46180
15839 23630
15840 48902
15841 30960
15842 22715
15842 42530
15843 27183
15843 34031
15844 27543
15844 29922
15844 30476
15844 39898
15845 39988
15846 36876
15847 44237
15848 41684
15848 43071
15849 22330
15849 23458
15849 32173
15849 43999
15850 36489
15850 44380
15851 31395
15851 39373
15852 20462
15853 33261
15854 18274
15854 23454
15854 25560
15854 26195
15854 33931
15854 34244
15856 41649
15857 35790
15858 28232
15858 47109
15858 48371
15859 34481
15859 44364
15860 44376
15861 36790
15861 43013
15863 21027
15863 23423
15865 46447
15865 49664
15866 32825
15866 39958
15866 48865
15867 17607
15867 28589
15867 39574
15867 43071
15867 44717
15867 48149
15868 28147
15868 28972
15869 17803
15869 35623
15869 38152
15870 38274
15871 29553
15871 33811
15872 43061
15873 27856
15874 26514
15875 37185
15876 18209
15876 46313
15877 16150
15877 42370
15877 46791
15879 27369
15879 36204
15881 23147
15882 42071
15882 44545
15882 46837
15883 16963
15883 23021
15883 34053
15883 45412
15884 20630
15884 31184
15886 20616
15886 25483
15886 47872
15887 25044
15888 31831
15888 41427
15889 41050
15890 16234
15890 31190
15890 46776
15891 33783
15893 39341
15893 46459
15894 16318
15894 46318
15895 45744
15896 26667
15896 44023
15897 25473
15898 18533
15898 40489
15898 40501
15898 49692
15899 39466
15900 17010
15903 17128
15903 46796
15904 25528
15904 25676
15904 41081
15904 47336
15905 25827
15905 35933
15905 44450
15906 21887
15906 23564
15906 33933
15906 47634
15907 38712
15908 44905
15908 49167
15909 43386
15910 22636
15912 30003
15913 18224
15914 32134
15914 45634
15916 31977
15916 36157
15916 40133
15917 16522
15917 26364
15918 19589
15919 45844
15920 22189
15920 32578
15920 40433
15921 21603
15921 33899
15921 39248
15921 41287
15922 22445
15923 32879
15923 35309
15924 19682
15924 21436
15924 49224
15925 27966
15925 30663
15926 34751
15926 43227
15928 19534
15929 27318
15930 21742
15930 38192
15931 31065
15932 49200
15933 46529
15934 30653
15934 43221
15935 24513
15939 28844
15939 44413
15939 48166
15940 30533
15940 35640
15940 46360
15941 35699
15943 35158
15943 47757
15944 34554
15945 20298
15946 18669
15946 40111
15947 18435
15947 44418
15947 49494
15948 45634
15949 32359
15949 42070
15950 28895
15951 34472
15951 49296
15953 19656
15953 23677
15956 18469
15956 48962
15959 23067
15960 49162
15962 26448
15963 19681
15963 22037
15963 24243
15964 19209
15965 26686
15965 45758
15965 46099
15966 37119
15967 27314
15967 45472
15968 20467
15969 22003
15970 22755
15970 45981
15971 34393
15971 38910
15972 25153
15972 32745
15973 30221
15974 15976
15974 27596
15974 45500
15974 48851
15975 41503
15975 47977
15976 16029
15976 43907
15976 46791
15977 20229
15977 37936
15977 43286
15977 49122
15980 40171
15981 34219
15981 44281
15982 22843
15982 38076
15983 29413
15984 37446
15985 25589
15985 29749
15986 23473
15988 26003
15988 34030
15988 46282
15989 28452
15989 38670
15991 31085
15992 25522
15993 21592
15993 31370
15994 27669
15995 18951
15995 30869
15995 35784
15996 28792
15996 34600
15997 16493
15997 30554
15997 46788
15998 38137
15999 37410
15999 45578
16000 33200
16001 29719
16001 47796
16002 41010
16003 46645
16005 20286
16006 21526
16006 36971
16007 34273
16008 48422
16009 16768
16009 34429
16010 16078
16010 18399
16010 32281
16010 37533
16012 16947
16013 22093
16016 17834
16017 18564
16017 42416
16017 44223
16019 22288
16020 25961
16020 33330
16020 49796
16021 44028
16022 21052
16022 23254
16024 34291
16024 36445
16026 20961
16026 34716
16026 42827
16027 16886
16029 19599
16029 25778
16031 20663
16032 23948
16033 27947
16033 36937
16034 16493
16035 48754
16036 48892
16037 19834
16037 34714
16038 18601
16040 33834
16042 17074
16042 49593
16043 32271
16043 47578
16044 42006
16045 31187
16047 26307
16048 29173
16048 32223
16050 35331
16051 34285
16052 33344
16052 33397
16055 49692
16057 34923
16057 48693
16058 37346
16059 26226
16059 29642
16059 30219
16060 18176
16060 31274
16060 39947
16060 49267
16062 34469
16062 48323
16063 21853
16063 25841
16063 27220
16063 32104
16064 23812
16064 44476
16065 19184
16065 25622
16065 46232
16066 28110
16068 25716
16070 44807
16071 23730
16071 33543
16072 16074
16074 34605
16075 26071
16076 16094
16078 36583
16079 22151
16080 24388
16080 38982
16081 47493
16083 19654
16083 47798
16084 46078
16086 28316
16086 37387
16087 24271
16087 38405
16088 23640
16088 37394
16089 42323
16090 18866
16090 47550
16091 42277
16092 22685
16092 26931
16093 35554
16093 42754
16094 49260
16095 32291
16095 41734
16097 27690
16097 34899
16099 46029
16099 47426
16102 17152
16102 37387
16103 23969
16104 21266
16105 21069
16106 20774
16106 29634
16107 17182
16107 17193
16107 32125
16109 34678
16110 26490
16115 16791
16115 27914
16117 49754
16118 28203
16118 39218
16119 16448
16119 48527
16121 31152
16121 42174
16122 17256
16122 45645
16122 47805
16123 28542
16124 29130
16124 36067
16125 37053
16127 19797
16127 39974
16127 43045
16128 16431
16131 31708
16131 36876
16132 23662
16133 38914
16134 39107
16135 18708
16136 20185
16137 37094
16137 47290
16138 23709
16140 48225
16141 35412
16141 38985
16141 40718
16141 46114
16144 47252
16145 34041
16149 30890
16149 35488
16149 49756
16150 32095
16150 46739
16151 22059
16151 39988
16152 26845
16152 47154
16153 18278
16155 44407
16155 46768
16156 18752
16156 38151
16157 35978
16158 16876
16159 17899
16159 34662
16159 44914
16160 40304
16160 48038
16161 39057
16161 41625
16162 29271
16163 31689
16164 42382
16165 18217
16165 42679
16165 43713
16166 19791
16166 47920
16167 37434
16169 28555
16169 31141
16170 32613
16171 30677
16172 31737
16174 21843
16174 43462
16175 30001
16175 39419
16175 41705
16176 45175
16176 46603
16177 32595
16177 49674
16178 24680
16178 48448
16179 40475
16181 20078
16181 24054
16182 20191
16182 39807
16183 20792
16183 20940
16183 33000
16184 17955
16184 21451
16184 22619
16184 36501
16184 46260
16185 21835
16185 42226
16186 35222
16187 42487
16187 46460
16188 33995
16189 23203
16190 30949
16190 43252
16191 30369
16191 32124
16196 22683
16197 21926
16197 27704
16197 49867
16201 22155
16201 31288
16201 41898
16202 23856
16202 25946
16202 41439
16204 26153
16204 44435
16206 21179
16206 41153
16208 31170
16208 37001
16210 31972
16211 23927
16211 33766
16211 39047
16212 49636
16214 45887
16216 46132
16217 24809
16217 30809
16217 43919
16218 30685
16221 44150
16222 42813
16224 33022
16224 37967
16225 25580
16225 47540
16226 48140
16229 34652
16230 25925
16230 43652
16231 45042
16232 21615
16232 27247
16232 30482
16232 47982
16233 26219
16234 35156
16236 17693
16236 22934
16236 29153
16236 40168
16237 38314
16238 27950
16238 28418
16238 37994
16238 41960
16239 18104
16239 29815
16239 33371
16240 41391
16242 44832
16242 46569
16243 33951
16244 26164
16246 37242
16246 40106
16247 39478
16248 33649
16248 46041
16249 31181
16249 34889
16250 19355
16250 30517
16251 41327
16251 45603
16252 41980
16252 49667
16254 49650
16257 26773
16260 24348
16260 27312
16261 30949
16261 32558
16261 34150
16261 42362
16262 26668
16262 46416
16263 24085
16263 31782
16263 44330
16264 17376
16265 21341
16265 21743
16266 21338
16266 33014
16268 23548
16268 42205
16268 48270
16270 35943
16270 39062
16272 22377
16273 26878
16274 42889
16275 23365
16275 41534
16276 17231
16276 39863
16279 25207
16279 29676
16280 22183
16280 28113
16280 30214
16281 19418
16281 27242
16281 42155
16282 21252
16282 49395
16284 23080
16284 27721
16285 34204
16285 44280
16286 20713
16287 31202
16289 38769
16291 22994
16292 40061
16293 30439
16293 30643
16294 41670
16296 31247
16297 39633
16299 45563
16300 18846
16300 19900
16300 31087
16303 32747
16303 49714
16304 30103
16304 40067
16304 47593
16305 24653
16305 36448
16305 44652
16306 45583
16306 48538
16307 43927
16308 37668
16310 23459
16310 24778
16310 39983
16310 42897
16311 16816
16311 19329
16311 31008
16312 30156
16313 19294
16313 21720
16313 23956
16313 45194
16313 45564
16314 17544
16315 20113
16315 47984
16315 49731
16316 45944
16317 16421
16317 39012
16320 23018
16321 23684
16321 30035
16322 32004
16323 46823
16324 33716
16324 35588
16324 48629
16325 28971
16325 30032
16325 43806
16328 40916
16330 43298
16332 39570
16334 16866
16334 43449
16335 28923
16336 33261
16336 37781
16336 37954
16337 35837
16337 37653
16338 32737
16338 34109
16338 42948
16339 24531
16340 30893
16343 48772
16345 42680
16347 25399
16347 44537
16349 44302
16349 44569
16350 20612
16350 47636
16351 34290
16351 36785
16353 18951
16355 22461
16355 29326
16356 16841
16356 18405
16356 23199
16357 17866
16358 27712
16358 36049
16361 29439
16362 21396
16363 33007
16363 45761
16366 37180
16367 44942
16367 45009
16368 20621
16368 20890
16368 32280
16374 31281
16374 48603
16375 38670
16376 45846
16378 38384
16379 17679
16381 22052
16382 41789
16384 17216
16384 25158
16385 26512
16385 29232
16388 18983
16389 18052
16389 32010
16389 46067
16390 22098
16390 32871
16391 33271
16392 32279
16392 36460
16392 47337
16393 33161
16393 48199
16394 45451
16395 45921
16396 22325
16396 38853
16397 18520
16399 35334
16400 45017
16401 32104
16402 24240
16404 19183
16404 28549
16404 29451
16407 25174
16408 39777
16409 42028
16412 32042
16413 18463
16413 23237
16413 35656
16414 37229
16414 47469
16415 20802
16415 23691
16415 24862
16415 45808
16416 39217
16417 24741
16420 18406
16420 30625
16420 37426
16420 42741
16421 34343
16421 46246
16422 27910
16422 29193
16423 18318
16423 48655
16424 18289
16424 34223
16424 36588
16425 21308
16425 24038
16426 31552
16427 32794
16427 33665
16428 39656
16430 39990
16430 42438
16430 49637
16432 38333
16433 35235
16433 36481
16434 19356
16436 17322
16437 27946
16437 36544
16438 32729
16439 42756
16441 22026
16441 49064
16442 38810
16443 32805
16443 37717
16443 37895
16444 28194
16444 34877
16445 18360
16445 19775
16445 28869
16445 34796
16446 26766
16446 34010
16446 40776
16448 38772
16450 48632
16451 17042
16451 25839
16452 25816
16453 29782
16454 30149
16454 46320
16454 47769
16457 17462
16458 39537
16458 47617
16459 29880
16459 47307
16460 21755
16460 44354
16461 22594
16465 31206
16465 41883
16467 23094
16468 21179
16468 27466
16470 40978
16471 43135
16472 19299
16472 23712
16473 20960
16473 35058
16475 43249
16475 47549
16476 20268
16476 32910
16476 48070
16477 38313
16477 48065
16480 29521
16480 37399
16482 33258
16483 41067
16484 16693
16485 21481
16485 23186
16485 27131
16485 42425
16486 22689
16486 34249
16486 48414
16487 35336
16487 49668
16488 20907
16488 41315
16489 24549
16489 38217
16489 43020
16492 44481
16493 38096
16494 16668
16494 25866
16496 21156
16496 39960
16497 35218
16497 44638
16499 37725
16500 24457
16500 28704
16501 21992
16503 19568
16503 25954
16504 26526
16504 33140
16505 39300
16506 26169
16507 24663
16507 43398
16508 31965
16510 23350
16510 23352
16510 30544
16510 31406
16510 34359
16511 22213
16512 33293
16514 29674
16515 19732
16515 19971
16515 22795
16515 33998
16515 40272
16516 17656
16516 35380
16516 46057
16517 35299
16518 35696
16518 48170
16519 35228
16520 23411
16520 32099
16521 32838
16521 38217
16521 48664
16523 42728
16525 42244
16526 24887
16526 25848
16527 27633
16527 37676
16529 28185
16531 16712
16531 36527
16532 42915
16536 18563
16536 26450
16536 36019
16537 24314
16538 32953
16538 38778
16538 46705
16540 17399
16541 32194
16541 36155
16541 37703
16541 46326
16542 27783
16544 22752
16544 38126
16545 39206
16545 44640
16549 38687
16550 35262
16551 35183
16551 39262
16552 18853
16552 29352
16552 34424
16553 20777
16553 22455
16556 20034
16556 25924
16556 40139
16556 49239
16559 27115
16559 48413
16561 18915
16561 26206
16561 40194
16563 38171
16563 44750
16564 27129
16564 30729
16565 26094
16565 26845
16565 40549
16565 42446
16565 49731
16567 18499
16567 23666
16568 38258
16569 19146
16570 37164
16570 40150
16571 21838
16571 27120
16571 32337
16572 26793
16572 36756
16572 45219
16572 47382
16573 35669
16574 42464
16576 28165
16576 40408
16576 48708
16577 39761
16577 46478
16579 21126
16579 33248
16579 36289
16580 41962
16581 27444
16581 36839
16582 33836
16584 28623
16585 21409
16585 26518
16586 31232
16587 18204
16587 28184
16587 40640
16588 27557
16588 33151
16589 46408
16590 33538
16590 34413
16590 42899
16591 17529
16591 23529
16591 47784
16592 17222
16593 20075
16593 29509
16593 41081
16595 27455
16596 35840
16597 19321
16599 27118
16599 35578
16599 49191
16600 35117
16602 19092
16603 23096
16605 30257
16605 38395
16607 18239
16607 22113
16607 47987
16608 34023
16608 39069
16608 47061
16609 29891
16610 21235
16611 34662
16612 24305
16612 34646
16613 46308
16614 18560
16614 32482
16616 19449
16616 36799
16617 37268
16617 43225
16617 44952
16619 24039
16619 32241
16619 32598
16619 48892
16620 25017
16620 31062
16620 40606
16621 25033
16622 29577
16622 44029
16624 36106
16627 30913
16627 43437
16629 23183
16629 47705
16630 22694
16632 48367
16633 29155
16634 37362
16635 29648
16636 32987
16637 43178
16639 24996
16640 25666
16640 41485
16642 42236
16643 26278
16643 48550
16644 19893
16644 47376
16645 36363
16645 44482
16646 47303
16648 18732
16648 21717
16648 32120
16649 25527
16649 34518
16649 34926
16650 26666
16652 17066
16652 30383
16652 37951
16654 21817
16654 26890
16655 19876
16655 23910
16655 26651
16655 45930
16658 20970
16658 30539
16660 16778
16660 49884
16661 45837
16662 44164
16662 48550
16663 34939
16665 18183
16665 18757
16665 32047
16666 42587
16666 48391
16667 37713
16668 17076
16668 37867
16670 29165
16671 27301
16671 31611
16671 35633
16671 41531
16672 34775
16672 38361
16673 18190
16674 35322
16675 24829
16675 36738
16675 37801
16676 27542
16676 30291
16677 23647
16677 36069
16678 33966
16679 21949
16679 22874
16679 22914
16679 44658
16680 19166
16680 24292
16681 27433
16681 39836
16682 26382
16682 43431
16683 26740
16683 47682
16684 17169
16684 23371
16684 30967
16686 32143
16686 36734
16686 47141
16686 49721
16688 23588
16688 38058
16688 44621
16689 24676
16690 33925
16691 40797
16693 19009
16693 23485
16693 24609
16693 38602
16695 16761
16696 43240
16698 28012
16699 33171
16699 41738
16700 34702
16701 30461
16702 28106
16702 47961
16703 22955
16704 21299
16704 25305
16704 42420
16706 48970
16707 20503
16708 27186
16710 30515
16712 30315
16712 37126
16712 42486
16712 49590
16715 34046
16715 45004
16716 30219
16717 22736
16718 25970
16718 27155
16718 47279
16720 21083
16720 33182
16722 44717
16723 18857
16723 20644
16723 30640
16724 32565
16724 34289
16725 16868
16725 43828
16725 49445
16726 21986
16726 30534
16726 36419
16727 20674
16727 37422
16727 43396
16728 30441
16728 32349
16730 25896
16730 33297
16732 27231
16732 33152
16732 35180
16732 47787
16733 24124
16734 16789
16734 21070
16735 21886
16735 38388
16735 42482
16736 44637
16737 34893
16738 38029
16739 20834
16739 32011
16739 35119
16740 27128
16740 30506
16740 38547
16741 45997
16742 43692
16743 16917
16744 30731
16746 17457
16746 22787
16746 28791
16746 29772
16746 49246
16747 21576
16747 28797
16749 46585
16751 17077
16751 34177
16751 42447
16752 30234
16756 18077
16756 31559
16757 20491
16757 28282
16757 39051
16758 19054
16758 21428
16758 25746
16758 41545
16758 43956
16760 47506
16761 42878
16765 45875
16768 30915
16768 40997
16769 43788
16770 38161
16770 41545
16771 48812
16772 45279
16773 45283
16774 32444
16774 36421
16775 25987
16775 41209
16776 16887
16776 39241
16777 21455
16777 38696
16777 43061
16778 45553
16779 32236
16782 40149
16782 43027
16782 45904
16783 25486
16783 36274
16783 45316
16784 32838
16785 41306
16786 43649
16786 43733
16787 41743
16787 42758
16790 16869
16790 17952
16792 36195
16793 17309
16794 17286
16794 18927
16795 20416
16795 22507
16796 32309
16797 27479
16797 32762
16797 41246
16798 19705
16799 17448
16799 34876
16799 39945
16801 31312
16801 48183
16802 20706
16803 19305
16803 40033
16803 44849
16804 23048
16805 23234
16805 47567
16807 34840
16808 43400
16809 22707
16809 33312
16810 37502
16811 18573
16811 27588
16811 31279
16811 38236
16812 45897
16813 24116
16813 25958
16813 35662
16813 48522
16815 48881
16816 30876
16816 45820
16817 37535
16817 49975
16818 28441
16818 34062
16818 37225
16820 34935
16820 36422
16820 41257
16820 43697
16821 39760
16822 24733
16822 26706
16823 33190
16823 35278
16825 39291
16826 48873
16827 18844
16827 24871
16828 26191
16829 38581
16831 28875
16832 29804
16832 32914
16832 37312
16833 32232
16834 19258
16835 33311
16838 35949
16838 45176
16838 47044
16841 17480
16841 47904
16842 17765
16842 30656
16842 33421
16844 30898
16844 41460
16845 21411
16845 39814
16846 26386
16846 38173
16846 39676
16847 34522
16848 40852
16849 41778
16850 34809
16851 41698
16852 47167
16853 30713
16853 43323
16855 34708
16855 41656
16856 26337
16857 29929
16857 43109
16858 31432
16860 17211
16860 19142
16861 37802
16861 46839
16866 21987
16866 32390
16867 18244
16867 28331
16869 26604
16869 47458
16870 49879
16872 20237
16872 32301
16873 21273
16875 26563
16875 31558
16875 36085
16875 47835
16877 16914
16877 28061
16877 49731
16880 40344
16880 41090
16880 44024
16882 21836
16884 37891
16885 21324
16885 40396
16887 29763
16887 36528
16887 38097
16888 28721
16888 29782
16888 35017
16888 41558
16888 43283
16889 27638
16889 38507
16889 45371
16891 35344
16891 45831
16891 49798
16892 46178
16894 21132
16895 24287
16896 41492
16896 42492
16897 34875
16898 20389
16898 39858
16898 45343
16899 19791
16899 31236
16899 44597
16900 19977
16900 28237
16900 46673
16901 39892
16902 16973
16902 25054
16903 27156
16905 21927
16906 20645
16906 32427
16906 49557
16908 27842
16908 46366
16909 44905
16910 32681
16911 26323
16912 31260
16912 31642
16912 34543
16912 43471
16913 17584
16914 24015
16917 20007
16919 20397
16919 40911
16919 46609
16920 21314
16920 37645
16920 45448
16921 28167
16921 40850
16922 21940
16924 45519
16925 35544
16926 24763
16929 20524
16929 25364
16929 35564
16929 37136
16930 25975
16931 19281
16932 38933
16933 18879
16933 28367
16936 38293
16937 19128
16937 24067
16937 42400
16938 18248
16938 20133
16938 22410
16938 31502
16938 35149
16938 36976
16938 46489
16939 22090
16939 27351
16939 29080
16939 38746
16939 40357
16940 46222
16942 25392
16943 36683
16945 25618
16945 47358
16946 47195
16947 36359
16948 43800
16948 47559
16949 18637
16949 43617
16950 29297
16950 29865
16950 31085
16950 41549
16951 26074
16953 43873
16954 30785
16955 23440
16955 25543
16956 34204
16956 42025
16957 24706
16957 46795
16958 47120
16960 43197
16961 49710
16963 29154
16964 19560
16968 34432
16970 20549
16970 37108
16970 46938
16971 20847
16971 29276
16972 35180
16973 27389
16977 30276
16977 47621
16978 44416
16979 42774
16979 48737
16981 25758
16981 41343
16981 41626
16982 43702
16983 22232
16983 45558
16983 46683
16984 21001
16985 43696
16986 24699
16987 27489
16987 43555
16988 28095
16988 38915
16988 48781
16989 17437
16989 24424
16989 48153
16990 43622
16990 44084
16991 25639
16991 32490
16992 32568
16992 40823
16992 42305
16993 17180
16993 30601
16993 48610
16995 26627
16995 29188
16996 24654
16997 31927
16998 39377
16999 28310
17000 46881
17002 24094
17002 24766
17002 29368
17002 40835
17003 21996
17003 30122
17003 45425
17005 37452
17005 45750
17006 29463
17007 29558
17007 40782
17008 46381
17009 24859
17009 41777
17009 41972
17010 30317
17012 21301
17013 48425
17014 32690
17015 20067
17015 36239
17016 37934
17018 18886
17018 47790
17020 37778
17021 19792
17021 20598
17021 26871
17021 33778
17022 22713
17022 28432
17022 48560
17023 49740
17025 29147
17025 45906
17025 49605
17026 47761
17027 20944
17028 24190
17029 30535
17030 43466
17031 21625
17033 21367
17033 41370
17033 46225
17033 46457
17036 24989
17036 25584
17036 46230
17037 35534
17038 29133
17039 30139
17039 49884
17042 34856
17044 28701
17044 41780
17045 18316
17045 19295
17045 24615
17045 30930
17045 31437
17045 35496
17045 43455
17050 20565
17050 24405
17051 36981
17052 46148
17053 40344
17054 42697
17054 46867
17055 30783
17055 38095
17055 45552
17056 27078
17056 41967
17057 39779
17057 47470
17063 24867
17063 42373
17064 18251
17065 34849
17065 39958
17066 21626
17066 21865
17067 22795
17068 20171
17070 18745
17070 19844
17071 48978
17072 17755
17073 28126
17073 37731
17075 24381
17075 28133
17075 38947
17077 30402
17077 43244
17079 18726
17079 30594
17079 35725
17079 37744
17080 26544
17080 32296
17081 18325
17081 22970
17081 42584
17083 25969
17084 20472
17084 30812
17085 26449
17086 26924
17086 48613
17087 32609
17087 36733
17088 20614
17090 25995
17090 29614
17091 18557
17091 39489
17091 49635
17092 33791
17092 41182
17092 41947
17095 35316
17095 35648
17095 44910
17095 46710
17096 18996
17096 22468
17097 45411
17097 47182
17098 20319
17099 22592
17099 27619
17100 40899
17101 43949
17103 21145
17104 19053
17106 37518
17107 23862
17107 38901
17107 49259
17108 24806
17108 34426
17108 36314
17109 22563
17109 45879
17110 44718
17111 48710
17112 35022
17112 44992
17113 24550
17113 37908
17114 31695
17115 18384
17115 33464
17115 39877
17117 35844
17118 25179
17118 29296
17120 45608
17122 25296
17122 44473
17123 23296
17123 38335
17124 33389
17125 38637
17125 42820
17126 28517
17127 46310
17128 26036
17128 36702
17129 19237
17130 18026
17130 32889
17134 43708
17134 49574
17135 22798
17138 26685
17140 30307
17140 49292
17141 46289
17145 20218
17145 32770
17146 24044
17146 46525
17148 26322
17148 38340
17148 46585
17149 46479
17149 46839
17150 21768
17150 22810
17150 28486
17151 44996
17152 19183
17156 22403
17156 32658
17156 33624
17159 31805
17159 46776
17159 47910
17160 30690
17160 32692
17161 21345
17161 25816
17161 36802
17162 18411
17162 20161
17164 22502
17164 49060
17165 48139
17166 26950
17166 47378
17167 26905
17168 42155
17168 47822
17169 40484
17170 29995
17171 21488
17172 47770
17175 44011
17177 17344
17177 20287
17177 21490
17177 23208
17179 47250
17181 23444
17182 36638
17183 38786
17184 28556
17185 36072
17185 44406
17187 41947
17188 43565
17189 32281
17189 36758
17190 25881
17190 29401
17193 22356
17193 47158
17194 23203
17194 32282
17195 46422
17196 34579
17196 37406
17197 38017
17199 21254
17200 22277
17200 23339
17200 37850
17201 32677
17204 28775
17205 49203
17207 25446
17207 28385
17207 42749
17207 42777
17209 36735
17210 25573
17210 33562
17210 34881
17210 37563
17210 39439
17211 31447
17212 39170
17213 34134
17214 46330
17215 42099
17216 19421
17216 45815
17217 24383
17217 26903
17218 37456
17218 46430
17219 32223
17220 44932
17221 43883
17224 36493
17225 41563
17226 39787
17226 44523
17227 27844
17227 36753
17228 19445
17228 34923
17228 43188
17228 44667
17229 22896
17230 48272
17231 18304
17233 18161
17233 31889
17233 43570
17234 42695
17235 18844
17235 27289
17236 33007
17237 25397
17237 27173
17237 27358
17238 32390
17238 46532
17240 17383
17240 17547
17241 32410
17242 41178
17243 30086
17244 29019
17245 26880
17246 47028
17248 34270
17249 22896
17249 34271
17251 30213
17251 33553
17252 20297
17252 41202
17252 49855
17254 28280
17254 37633
17254 43388
17255 33865
17257 45784
17258 22131
17258 25730
17258 28080
17259 31251
17260 24421
17262 27251
17263 26373
17263 26943
17264 21374
17264 30922
17264 45386
17265 23644
17267 23811
17268 41698
17269 24747
17269 47597
17270 31325
17270 43588
17272 20897
17272 21713
17272 30853
17272 31317
17273 25714
17274 26615
17275 17525
17275 35787
17276 30595
17276 32616
17276 38849
17276 46426
17277 31135
17278 29323
17278 49119
17279 22525
17280 41093
17281 26052
17281 27452
17282 18992
17282 21798
17283 17826
17283 32530
17284 34035
17285 42574
17285 43372
17286 34760
17287 22702
17287 26192
17287 28367
17287 30591
17288 40106
17288 46831
17290 43460
17291 17294
17291 26344
17292 23839
17292 28209
17294 31734
17295 18167
17295 34373
17295 36638
17296 34659
17297 35108
17298 18135
17298 23158
17298 32371
17300 21817
17300 39465
17301 25460
17301 49223
17302 35078
17302 39068
17304 34986
17305 18553
17305 38495
17307 32747
17307 33857
17308 28918
17309 27517
17309 38073
17310 39575
17311 46936
17312 24125
17312 30043
17312 43742
17313 47368
17314 30478
17315 22603
17315 33806
17315 40971
17316 28337
17316 30090
17316 32386
17317 20527
17317 25895
17318 24552
17318 35327
17321 17383
17321 27435
17321 48109
17321 48768
17322 31582
17323 28814
17324 40446
17324 44206
17325 17428
17325 22514
17325 43439
17326 49304
17327 23877
17327 28256
17327 33559
17328 33024
17328 37819
17328 49346
17331 42959
17332 31316
17332 47576
17333 19257
17335 41515
17336 24234
17336 35704
17337 42644
17338 18900
17338 24900
17338 39828
17338 46220
17340 17625
17340 34720
17341 18186
17341 27976
17343 24567
17344 22861
17344 37065
17345 45712
17346 19719
17346 28120
17347 35334
17347 47247
17349 28077
17350 38725
17350 48443
17352 30393
17353 25206
17354 34523
17354 39326
17354 41087
17355 20517
17355 28274
17357 19269
17357 30885
17360 39876
17361 30028
17361 46511
17362 19606
17362 20564
17362 21201
17362 49643
17363 19840
17364 27727
17364 48202
17365 40648
17366 45428
17368 29405
17368 32150
17369 47702
17370 44611
17372 28574
17372 29392
17372 29953
17372 45853
17373 46872
17374 18546
17374 43873
17375 17865
17375 28806
17375 46646
17375 47627
17376 33549
17376 44413
17376 48331
17378 45643
17379 24188
17381 23003
17381 49231
17383 23737
17383 33022
17383 34612
17383 47713
17385 28072
17385 41429
17387 36536
17387 44459
17388 20518
17388 29015
17388 30552
17388 45867
17388 46609
17389 36703
17390 27512
17390 32033
17391 20244
17393 30069
17395 20101
17395 48558
17396 34723
17398 29809
17398 39101
17398 47182
17398 47288
17400 49836
17402 40106
17403 27890
17403 44917
17404 18176
17404 44654
17405 28197
17405 30943
17405 33621
17406 18272
17406 33843
17406 38400
17406 38488
17408 28922
17409 45666
17410 23948
17413 38005
17413 38890
17417 44151
17417 48422
17418 33427
17418 42100
17418 45032
17418 45370
17419 22575
17419 36942
17419 43003
17419 49917
17420 19781
17420 22408
17420 41504
17424 46347
17424 47809
17427 39053
17428 32670
17429 34223
17429 39535
17429 46491
17431 31968
17431 48185
17432 22199
17433 30796
17433 45588
17436 25427
17436 38988
17436 39467
17436 42054
17437 28803
17439 21049
17439 24488
17440 34873
17440 45237
17441 35654
17442 44238
17443 30796
17444 43861
17446 22392
17448 25311
17451 34007
17452 40168
17454 30881
17454 43030
17454 48497
17455 21674
17456 20718
17456 25594
17457 21405
17458 20550
17458 39517
17459 18249
17459 21369
17461 39135
17463 18741
17464 43256
17465 30888
17467 27886
17467 32480
17467 38176
17469 23266
17469 31420
17472 28450
17473 20874
17473 41191
17474 21581
17474 26393
17476 28482
17479 35246
17481 26079
17484 25584
17484 26843
17486 46342
17487 32381
17487 47293
17488 19468
17488 32108
17489 19844
17489 23321
17490 46280
17491 44323
17492 22804
17495 36630
17495 44791
17496 37515
17496 37788
17500 18801
17500 27436
17501 40477
17503 18959
17503 31234
17503 44089
17503 45943
17504 44673
17505 27747
17505 28322
17505 35077
17506 18669
17506 47152
17507 38775
17508 30126
17508 34284
17508 49058
17509 25275
17510 18627
17510 43052
17510 46981
17511 24207
17512 39910
17512 40166
17513 24850
17513 34980
17514 30964
17515 23965
17515 49402
17517 23889
17517 48998
17518 35490
17519 38264
17519 48777
17520 21931
17520 22666
17520 34821
17521 19364
17522 39858
17522 49763
17524 37982
17524 42432
17525 30202
17525 30258
17525 46958
17526 22520
17527 35975
17527 49245
17528 39336
17530 24802
17531 44186
17531 47851
17532 37010
17532 39737
17535 22025
17535 22305
17536 19076
17536 19519
17537 18525
17537 45953
17538 26940
17540 36380
17543 31454
17544 41949
17544 46389
17544 46694
17544 49468
17546 29461
17547 35523
17547 40192
17548 47314
17550 24252
17550 28861
17550 39828
17550 44702
17551 27628
17552 25354
17552 49391
17553 38827
17553 39422
17554 28371
17555 21191
17558 29105
17559 23849
17559 33631
17559 48769
17560 33692
17560 34642
17561 36459
17561 41029
17562 37076
17563 25808
17563 35250
17564 32041
17567 24143
17567 38983
17567 46352
17569 29783
17571 23483
17571 47960
17572 24074
17572 26725
17573 18356
17576 25071
17577 33216
17577 34766
17577 34905
17579 23891
17580 17643
17580 22062
17580 30467
17583 49563
17584 38142
17584 39016
17584 47682
17585 36022
17586 18026
17586 39952
17586 40996
17587 24867
17587 49040
17587 49120
17588 42789
17588 47632
17590 25953
17590 32586
17590 42408
17590 43763
17591 18692
17591 42571
17592 39844
17592 42085
17594 25756
17594 31266
17594 46673
17596 26670
17596 34520
17597 19997
17597 28066
17597 30026
17598 20978
17599 23545
17599 41277
17601 39666
17603 38670
17604 26324
17604 35222
17605 43372
17606 30986
17606 41608
17607 20667
17609 21070
17609 21120
17609 34050
17611 38931
17611 39183
17612 28314
17613 23087
17614 20280
17615 29870
17615 38066
17616 33364
17617 38418
17617 47122
17618 42376
17619 37392
17621 47321
17623 32018
17623 33021
17624 47328
17625 30386
17627 37364
17627 49232
17628 20483
17628 31986
17629 36177
17630 25877
17630 37106
17632 32333
17636 25350
17636 38165
17637 23457
17637 36116
17638 24981
17638 46611
17640 24124
17641 26472
17641 40404
17641 41348
17642 29003
17642 42730
17645 21190
17645 37287
17645 40195
17645 48987
17646 22414
17646 22991
17646 43928
17646 46719
17649 25234
17651 29711
17651 30717
17651 43791
17652 42588
17653 22818
17654 22661
17654 48799
17655 25541
17655 28817
17657 34034
17657 36136
17657 45187
17658 21611
17659 44187
17661 44696
17661 45931
17661 47393
17662 26415
17662 32675
17663 29595
17663 42044
17664 46467
17665 27257
17665 45373
17666 32523
17666 38344
17667 35780
17667 49863
17668 26819
17669 38309
17670 20676
17670 37367
17671 33181
17671 39999
17672 44855
17673 26705
17675 36058
17676 29419
17678 32636
17679 29103
17680 39645
17681 30135
17682 48929
17683 35306
17686 47349
17689 29273
17689 31987
17689 42048
17690 21573
17690 28298
17692 29583
17693 22602
17693 24128
17693 26596
17693 27268
17693 44116
17694 35379
17694 49192
17696 37682
17698 33550
17699 26957
17700 36936
17702 46447
17703 48402
17705 22658
17705 29273
17705 31093
17707 43464
17708 20328
17708 41645
17708 44127
17709 18545
17709 19877
17710 45229
17712 24236
17714 25438
17718 38828
17719 18929
17721 43772
17722 22828
17722 46759
17723 40535
17723 42706
17725 28135
17725 49872
17726 45344
17727 23943
17727 33448
17728 21233
17728 22158
17730 39900
17731 24626
17732 23862
17732 25085
17732 33694
17733 29335
17737 22999
17738 22431
17741 28614
17743 23074
17745 23657
17745 38665
17745 42608
17747 23194
17747 27154
17747 37694
17747 41411
17748 37041
17748 48882
17749 23459
17749 28925
17749 42524
17750 27041
17751 29866
17751 32228
17753 37316
17753 45377
17754 21651
17755 29472
17756 19433
17756 24275
17757 44053
17758 20977
17758 35301
17758 37943
17759 27694
17759 38233
17761 40329
17763 23274
17764 46798
17764 48198
17766 42488
17767 25250
17767 35475
17769 47123
17771 30056
17771 37648
17771 47969
17773 19677
17773 33936
17774 21124
17775 32938
17775 36973
17776 47069
17777 23094
17777 43815
17778 23847
17778 49244
17780 49401
17781 30502
17781 33545
17781 35628
17782 20284
17782 29943
17784 20286
17784 24752
17784 31858
17785 34691
17785 45475
17786 19444
17786 26101
17786 27883
17786 40374
17787 24953
17788 44408
17789 18889
17789 35699
17792 17913
17792 33373
17792 37155
17792 41224
17793 24522
17793 32425
17794 37167
17795 19160
17795 25120
17795 25901
17796 21890
17796 43546
17798 39285
17799 20923
17800 20487
17800 20708
17802 23109
17803 30855
17804 23111
17805 40323
17805 46891
17807 22149
17808 27336
17808 40419
17808 46256
17809 21074
17809 47792
17810 29032
17811 32148
17811 45094
17811 47640
17813 19892
17813 20701
17813 47674
17813 49849
17814 19049
17814 44316
17815 23345
17815 27621
17818 40464
17819 41140
17819 42715
17821 40953
17821 49290
17822 45232
17823 20412
17823 26756
17824 35106
17824 49294
17824 49861
17825 21548
17825 29876
17826 43684
17828 28892
17828 31043
17828 47869
17828 48132
17829 33851
17830 18003
17830 25143
17830 45661
17831 22805
17831 28315
17833 30596
17833 40044
17834 32579
17835 19939
17836 17941
17836 24028
17836 34384
17837 33446
17837 39948
17837 45373
17837 48551
17838 45567
17839 36817
17840 33281
17841 28550
17841 39586
17842 21497
17842 47208
17843 35041
17844 22380
17845 22364
17846 37669
17847 19362
17847 20852
17847 26204
17847 28469
17847 35144
17848 21092
17848 41204
17849 34395
17851 23727
17852 29167
17854 33224
17854 34567
17856 39187
17857 48296
17858 28136
17859 19201
17861 20840
17862 21942
17862 35134
17863 28374
17863 36014
17863 42262
17864 18761
17865 29891
17865 41527
17866 43732
17866 46616
17867 34194
17868 18276
17868 27882
17868 28779
17869 27139
17870 23284
17870 24315
17870 32397
17871 35092
17871 37695
17872 32677
17874 33865
17876 34380
17876 40134
17878 38143
17878 45378
17879 30887
17881 27049
17881 38543
17881 42309
17881 45817
17881 47094
17882 45431
17883 44476
17885 24595
17885 27469
17885 29006
17886 35739
17886 49700
17887 41576
17888 21233
17888 33217
17889 28697
17890 35366
17890 38175
17891 38910
17892 41971
17892 44955
17892 48582
17893 38132
17894 37655
17894 44012
17896 27318
17896 28910
17897 19660
17898 24643
17898 44789
17898 47732
17899 19853
17899 42816
17900 37414
17901 43701
17902 31122
17903 46939
17904 38677
17904 38712
17905 47467
17906 26636
17907 41252
17907 41692
17907 47235
17909 18667
17909 36323
17910 46413
17910 48970
17911 46390
17912 44920
17912 47345
17913 23190
17913 34090
17915 44573
17916 22982
17916 25896
17916 33432
17916 44881
17918 43311
17919 36109
17921 27514
17922 26062
17922 31537
17923 23367
17924 34071
17925 48808
17928 36161
17928 45312
17929 26334
17929 36783
17930 22370
17930 30423
17930 45144
17931 23187
17931 27915
17931 34918
17931 44709
17932 18475
17933 25481
17933 34715
17934 34086
17934 49714
17935 45925
17937 49226
17937 49660
17938 26441
17938 34542
17940 35383
17941 21138
17941 31438
17941 39875
17942 40453
17944 26820
17944 27926
17944 31102
17945 44103
17946 20514
17947 29379
17947 39922
17947 44192
17949 21447
17949 34207
17949 44648
17950 49024
17951 21684
17951 34020
17952 44515
17954 48432
17955 29712
17955 49211
17958 22469
17959 22418
17959 28651
17959 36709
17960 35626
17961 35801
17961 43166
17961 46212
17962 21535
17962 25301
17964 19052
17964 46951
17965 19835
17965 26450
17966 21587
17967 32823
17967 48918
17968 31463
17970 20013
17970 21120
17970 39642
17972 32830
17974 38141
17975 42196
17976 37294
17976 39833
17976 43488
17977 26076
17978 24693
17979 36737
17980 20759
17980 26154
17980 35311
17981 26878
17981 41170
17982 36802
17983 20114
17983 42378
17984 24401
17985 33334
17985 41728
17986 19763
17987 22683
17987 24268
17988 42464
17989 38473
17990 47908
17991 34491
17991 46844
17991 49429
17992 24943
17992 41795
17992 46699
17993 46654
17994 38658
17995 26360
17995 31216
17995 47100
17996 36546
17998 41731
17998 48877
18000 26872
18000 32657
18000 46445
18001 26425
18001 43056
18002 35893
18003 35121
18005 41898
18005 43659
18007 28795
18007 36113
18009 25575
18009 34771
18010 25549
18013 36659
18014 22769
18014 49793
18015 39989
18016 41661
18016 49998
18017 20544
18017 23706
18017 33977
18018 18548
18018 24262
18019 19752
18020 19157
18021 49228
18023 23506
18025 20130
18025 46892
18026 45661
18027 28336
18027 28621
18027 31417
18027 37342
18030 30577
18030 34015
18030 36442
18031 41329
18032 25386
18032 36690
18034 23532
18035 26004
18036 33572
18039 35895
18039 44835
18040 25275
18040 41447
18041 28216
18041 38999
18041 39144
18042 19083
18043 36626
18043 48593
18044 45341
18044 48710
18045 27269
18045 28153
18045 41737
18045 42534
18045 49536
18047 41604
18049 25741
18049 40927
18050 30351
18053 40567
18055 34058
18055 40836
18056 26054
18056 41227
18057 42154
18058 42666
18059 23620
18060 26647
18062 33538
18063 32901
18063 45290
18064 34445
18064 41685
18066 34268
18068 43109
18069 43380
18072 41669
18073 44379
18075 20601
18075 24789
18075 36097
18076 18877
18076 21783
18076 40674
18077 47865
18079 28320
18079 36281
18080 46023
18081 26069
18083 22461
18083 45650
18085 22488
18087 23543
18087 34597
18088 34114
18089 32334
18090 35736
18091 25019
18092 30886
18096 32539
18097 21044
18097 38754
18103 18693
18103 47449
18103 48462
18104 31915
18104 44515
18105 44159
18106 36100
18106 38662
18106 45444
18107 27982
18108 43686
18108 46378
18108 49690
18109 19157
18110 24653
18110 27601
18110 37601
18110 41514
18111 26360
18111 44611
18112 20778
18114 25733
18115 20442
18117 25033
18117 32852
18118 47710
18119 18437
18121 32239
18123 21689
18123 48188
18127 41732
18129 46071
18129 46090
18131 30490
18132 41287
18133 33016
18133 39184
18133 43166
18134 26838
18134 49890
18135 38829
18136 37103
18137 27889
18137 29664
18138 36448
18139 32938
18139 35012
18140 25270
18140 43878
18140 49543
18141 48271
18142 26741
18142 37361
18143 22915
18144 24222
18146 27682
18146 44431
18146 46350
18147 46750
18150 25330
18152 35443
18153 25399
18153 26172
18153 32211
18154 29722
18154 41440
18154 42320
18154 46925
18155 31639
18155 35092
18155 37370
18155 41223
18157 19587
18160 35272
18161 35061
18161 40960
18163 45951
18163 48786
18164 24115
18164 39452
18164 48689
18165 22058
18166 38752
18166 49455
18168 24817
18171 34575
18173 40506
18174 19647
18174 23923
18174 47125
18175 22170
18176 37611
18176 41087
18176 46124
18177 25898
18177 41892
18177 46510
18178 37451
18178 37556
18178 38365
18178 45393
18178 48629
18180 25733
18180 32977
18181 18627
18181 20270
18181 25609
18182 20376
18182 41204
18185 44191
18185 44749
18186 23539
18186 33822
18187 27853
18187 38478
18188 36975
18188 48324
18189 32900
18191 40269
18192 30463
18192 37791
18192 47215
18193 33352
18193 35682
18195 27213
18195 48461
18196 31547
18197 32248
18198 38217
18199 25949
18199 29130
18199 31589
18200 35470
18201 24071
18202 22668
18203 37371
18204 25553
18205 29009
18205 30233
18206 31748
18206 43444
18207 33941
18208 48576
18209 25143
18210 19326
18210 24290
18210 29575
18210 47212
18212 24613
18212 42495
18213 33933
18213 42250
18214 25534
18214 28684
18214 41230
18214 44240
18215 34876
18217 43665
18218 27246
18218 38729
18218 39881
18219 21945
18219 48911
18220 43086
18221 22220
18221 41926
18222 35792
18223 22175
18223 26293
18223 27295
18224 36722
18225 26667
18227 23794
18229 20585
18229 32577
18230 37909
18231 37283
18233 18577
18233 20926
18233 39433
18234 33878
18234 40178
18235 30025
18236 28805
18237 33970
18237 42273
18238 33642
18238 36259
18239 30399
18241 37012
18241 44387
18243 28454
18243 43193
18244 32715
18245 30329
18246 20324
18247 28988
18247 43612
18247 46692
18248 26355
18248 27996
18249 28065
18249 30985
18250 31147
18250 44553
18251 32489
18251 45039
18253 24960
18253 28186
18253 36482
18253 48135
18254 26309
18254 45245
18254 48628
18256 25879
18256 36821
18256 39449
18257 48793
18259 30713
18259 41462
18260 34164
18261 37678
18264 36339
18265 21008
18265 29672
18266 41825
18267 39675
18268 27524
18268 33742
18269 27150
18269 27395
18269 34715
18269 42218
18273 27688
18273 28016
18273 28360
18273 34273
18273 45657
18274 24113
18274 26693
18274 38201
18276 40542
18277 33732
18277 47133
18278 19871
18278 26154
18278 28248
18278 33903
18278 37480
18278 45265
18279 38447
18280 29588
18281 28919
18282 21803
18282 45561
18283 42554
18283 44319
18283 45974
18286 43879
18287 40075
18288 30216
18290 22826
18290 43091
18291 18493
18291 27805
18291 31934
18291 37787
18292 35215
18294 28193
18295 47210
18298 33138
18298 43677
18299 28589
18301 37650
18301 45612
18302 25252
18302 26328
18302 37490
18302 44734
18303 22015
18303 34521
18303 36053
18303 43224
18304 20388
18304 45047
18306 25978
18306 26701
18307 32559
18307 48199
18308 41086
18308 46306
18308 46497
18308 48247
18309 32490
18310 22500
18310 23063
18310 36368
18310 41334
18311 22571
18311 30909
18312 35443
18312 35987
18312 43701
18313 24709
18313 31682
18313 32243
18314 36836
18316 33918
18316 43638
18317 27130
18317 29083
18318 46005
18319 19776
18319 31249
18319 45239
18320 34100
18321 27053
18321 27213
18322 34080
18322 34237
18322 43399
18323 32582
18323 38233
18325 22744
18326 38669
18327 37479
18327 40266
18328 23164
18328 34262
18329 18840
18329 28684
18330 35764
18330 49563
18331 41907
18331 44900
18332 28079
18333 45035
18334 37474
18334 41205
18335 20640
18335 37734
18335 48383
18336 41368
18336 44989
18338 24203
18339 41845
18340 49690
18341 41832
18341 46188
18341 49786
18342 36331
18342 45654
18343 29002
18343 36072
18344 22750
18346 41203
18347 25418
18347 49713
18348 19629
18348 34733
18350 38379
18352 19902
18353 20751
18353 27497
18354 26726
18356 27420
18356 40630
18356 48366
18357 18374
18357 42407
18358 27338
18358 32428
18359 39186
18359 40403
18360 46468
18362 38007
18362 42479
18362 45735
18363 23307
18363 29614
18363 37095
18364 49843
18365 34181
18365 49070
18366 27237
18366 35054
18367 28857
18367 49203
18368 33047
18373 19326
18374 42344
18376 19951
18376 20505
18376 34075
18376 43774
18377 18854
18377 20433
18378 34984
18379 41084
18380 25410
18380 25845
18380 26833
18380 35949
18381 35311
18382 35103
18383 30436
18383 33557
18383 38861
18383 46490
18384 30865
18386 43714
18387 26867
18389 34455
18390 30364
18390 49218
18391 28363
18391 42370
18393 19681
18393 32236
18394 27102
18395 30330
18395 42569
18396 43839
18397 29069
18397 35155
18398 49961
18399 43761
18400 26205
18400 28143
18400 33963
18400 37344
18400 38262
18401 41243
18401 43890
18402 33798
18402 46917
18403 25784
18403 28173
18403 32626
18405 19581
18405 31301
18407 24598
18407 24740
18408 28812
18409 24026
18409 31049
18411 19803
18411 38874
18412 40535
18412 47509
18413 37780
18413 42891
18413 49559
18414 19798
18414 43005
18415 32153
18415 44274
18415 47111
18416 18727
18416 44830
18417 28159
18417 49019
18418 26091
18418 47072
18419 29279
18419 44473
18422 35652
18422 40932
18424 27259
18424 34588
18425 32715
18425 41964
18427 37252
18427 42216
18429 19872
18429 37773
18430 35766
18430 40244
18431 38111
18431 43853
18432 24305
18432 28414
18433 42659
18433 46916
18434 23404
18435 24158
18435 47574
18436 24379
18437 42744
18438 31648
18439 36327
18440 36175
18441 28849
18441 42412
18442 25740
18443 47223
18445 44239
18446 45230
18449 45820
18450 48214
18451 27918
18451 42456
18452 23861
18452 48553
18453 20299
18453 34203
18454 36464
18454 42950
18454 47027
18455 25940
18455 43271
18456 19567
18456 36046
18459 25669
18459 38631
18460 24673
18461 33623
18462 36111
18463 23382
18464 39005
18465 28829
18466 22528
18467 48318
18468 21801
18470 47576
18471 39981
18471 47550
18473 20308
18473 23025
18473 31715
18473 46294
18474 46577
18475 47681
18476 42865
18476 43914
18477 26143
18477 32057
18478 38746
18478 47066
18479 39851
18480 36552
18480 48595
18481 38755
18481 47102
18482 27733
18482 40260
18482 47225
18484 43584
18484 47246
18485 21027
18485 33078
18485 48437
18487 36985
18488 29517
18488 36591
18489 29119
18491 33957
18493 37935
18493 42465
18493 42560
18494 42024
18496 18515
18497 21079
18498 38555
18499 30317
18500 25931
18500 49379
18501 29878
18502 29745
18503 22040
18503 32125
18503 46467
18505 22046
18506 26888
18507 23567
18507 28841
18510 24136
18510 29371
18510 31881
18511 29408
18511 38513
18512 21108
18513 26772
18513 47674
18516 23307
18517 24752
18517 42655
18518 29130
18519 47293
18520 43320
18520 44637
18522 29346
18522 32403
18523 33627
18524 37091
18525 20871
18525 41216
18526 38907
18528 28120
18532 39151
18533 41808
18534 42172
18535 18785
18535 36101
18536 23412
18537 43339
18538 25109
18539 22997
18541 27340
18544 39016
18546 21352
18547 40389
18548 33275
18550 48261
18551 34075
18552 29489
18553 35367
18553 44085
18553 44176
18554 25895
18557 44750
18559 30603
18559 36216
18559 47386
18560 29735
18560 29765
18561 27085
18561 45212
18562 39236
18563 23595
18565 19549
18565 20416
18565 22757
18565 31682
18565 39066
18565 44631
18565 45882
18567 20811
18567 46267
18571 19272
18571 49252
18572 34030
18573 26988
18573 29155
18576 35273
18576 38444
18578 28374
18578 30554
18579 24598
18580 30311
18580 36494
18580 42175
18581 44675
18581 46184
18582 19332
18582 24659
18582 35717
18583 38632
18584 45339
18586 34445
18587 39456
18588 21285
18589 24975
18590 34708
18591 18663
18591 19733
18591 21452
18592 20804
18592 33015
18594 24004
18594 48724
18595 39621
18597 19281
18597 25214
18597 39679
18597 43073
18597 48581
18597 49333
18598 44140
18598 49894
18600 27681
18601 44474
18602 28239
18603 48401
18604 34119
18604 34771
18604 40215
18606 34423
18606 40214
18606 49628
18607 29257
18607 30358
18607 42253
18608 20703
18608 31285
18609 20661
18609 30976
18609 37013
18609 46484
18610 34993
18611 34630
18611 43597
18611 47719
18612 34232
18613 20787
18614 28816
18615 47722
18618 42925
18620 27626
18622 19815
18622 38593
18623 49581
18624 20203
18624 43905
18626 19427
18626 22063
18626 32046
18627 48459
18628 32642
18629 30487
18629 41128
18629 43355
18630 19680
18630 28303
18630 29915
18631 18707
18631 48914
18632 21725
18632 30967
18633 28000
18633 38610
18634 22043
18635 38594
18635 42273
18638 20324
18638 36537
18638 38775
18640 41110
18641 39295
18641 45000
18645 34641
18646 44958
18647 49722
18648 37293
18648 41424
18649 37760
18650 35968
18650 44219
18651 25826
18652 27951
18652 38949
18653 25836
18654 18874
18654 47932
18654 48840
18656 39766
18657 22008
18657 23034
18657 24743
18657 38817
18657 40141
18658 20668
18661 22184
18662 35592
18662 36504
18663 25007
18663 28342
18663 31417
18664 45201
18665 31313
18665 46906
18666 19298
18666 30550
18666 45408
18669 27928
18669 46554
18671 21500
18673 25601
18673 41233
18674 22824
18675 19305
18677 48433
18677 48651
18678 22053
18678 24243
18679 34109
18679 41135
18680 22053
18680 39070
18681 37515
18681 39725
18681 49402
18682 39079
18683 26410
18683 49804
18684 38578
18684 46229
18686 40613
18686 44109
18687 28924
18688 30406
18689 34711
18689 36079
18690 28592
18690 43817
18691 46842
18692 45410
18693 41726
18694 38421
18694 39146
18695 23864
18695 39235
18696 29546
18696 34906
18697 49297
18698 44102
18699 24876
18700 20368
18700 27965
18700 34692
18701 37507
18702 18921
18702 38021
18702 41528
18703 30647
18704 37121
18704 37291
18707 24834
18707 25361
18707 33488
18707 45766
18709 30677
18709 33555
18709 48269
18711 27442
18711 27932
18713 35881
18714 46225
18715 29503
18716 20533
18716 24234
18716 37643
18716 38466
18717 29263
18717 47711
18718 19663
18719 34807
18720 26438
18721 29192
18721 30066
18722 22514
18722 45917
18722 48678
18723 21168
18723 38284
18724 41867
18725 27298
18726 32394
18727 29589
18727 31496
18729 23407
18729 41135
18730 32764
18732 22056
18732 24199
18732 27089
18734 23668
18734 33632
18734 33889
18734 45981
18734 49004
18735 19885
18736 28927
18736 35849
18736 42044
18737 43145
18738 24819
18738 25785
18739 20886
18739 24923
18741 20005
18741 22486
18742 49882
18743 49206
18744 26169
18744 37058
18744 39345
18744 42145
18744 44928
18746 24871
18746 35301
18746 45613
18747 35410
18747 36294
18747 46284
18747 49361
18750 21740
18750 48832
18751 27251
18751 27385
18752 43770
18752 45741
18753 31551
18756 40974
18757 23225
18757 28276
18757 40769
18757 45144
18758 20124
18758 38333
18759 34569
18760 22318
18760 30232
18760 33797
18761 24697
18762 35292
18762 46530
18763 24850
18764 29398
18765 38941
18765 45381
18766 46698
18768 27557
18768 46088
18769 19969
18769 33197
18770 49523
18771 29374
18771 37631
18772 19584
18772 44797
18773 37321
18776 49871
18779 23228
18779 42709
18780 19847
18780 31799
18781 20713
18781 28201
18784 25356
18787 23364
18787 33797
18788 23695
18789 39656
18790 25195
18790 40887
18792 21742
18793 26186
18793 26990
18793 40085
18793 49570
18794 39793
18794 46497
18795 26245
18795 49678
18798 22444
18798 38795
18799 48155
18800 22868
18800 26398
18801 39286
18802 26810
18802 32626
18802 47275
18803 32393
18803 33253
18804 24757
18804 28303
18805 25410
18805 31305
18805 40108
18806 29005
18806 40130
18807 33480
18807 39044
18808 38368
18811 25024
18811 33358
18812 22111
18812 28599
18813 23178
18813 40791
18814 35273
18815 43751
18816 35166
18816 42587
18817 22483
18817 33691
18817 37646
18819 35837
18820 25426
18820 26286
18821 34953
18822 20002
18823 33944
18824 23909
18825 32879
18825 45729
18826 18877
18826 23363
18826 38421
18827 29586
18827 31210
18828 42214
18829 48875
18830 24527
18831 21544
18832 28894
18832 46709
18833 33065
18834 20748
18835 32914
18835 49888
18836 45679
18837 22305
18838 19017
18838 20038
18839 23607
18839 40932
18841 25462
18841 27237
18841 37685
18841 46417
18842 28693
18844 35754
18844 36750
18846 34678
18850 26450
18850 36311
18851 32802
18851 42241
18853 42467
18853 49421
18854 30903
18854 37815
18855 27444
18855 32417
18855 36524
18855 46142
18857 25994
18858 24666
18858 24999
18858 30636
18858 32132
18859 20340
18859 33123
18860 20958
18860 26661
18860 40084
18860 41890
18860 42743
18862 28376
18862 33601
18862 42731
18863 33772
18864 22876
18866 41366
18867 20922
18867 26322
18867 29696
18868 30468
18869 21133
18873 31153
18874 28043
18874 30505
18875 27756
18876 25338
18876 34157
18876 46310
18879 27130
18880 42201
18883 28107
18884 19818
18884 24232
18884 35315
18884 38664
18884 41543
18884 49962
18886 34382
18886 34654
18886 37621
18887 30970
18889 28250
18889 29380
18890 32268
18890 36383
18891 48608
18892 44716
18892 47250
18893 24504
18894 28199
18895 24214
18896 21070
18896 47519
18897 37070
18897 38626
18897 42207
18898 28472
18901 32076
18901 33045
18901 47476
18902 35621
18904 25675
18905 19076
18905 19864
18907 25593
18907 40111
18907 46711
18908 20762
18908 26019
18910 44179
18911 33579
18912 48265
18913 26877
18913 33211
18913 42148
18914 24702
18914 34814
18917 28221
18917 35153
18917 41284
18920 48903
18921 43386
18922 31762
18924 49690
18925 27227
18925 36934
18926 19125
18926 36132
18927 20961
18928 20264
18929 29542
18930 45442
18931 22937
18932 20960
18937 21356
18938 25983
18939 22991
18943 28379
18944 19403
18944 23061
18944 38092
18944 42198
18945 19816
18945 21542
18947 19190
18947 28647
18948 44020
18948 49849
18949 29457
18950 26067
18950 46403
18951 31310
18951 37827
18951 44137
18952 31344
18952 45173
18953 43869
18955 22952
18956 39177
18957 33592
18957 49953
18958 27238
18958 29997
18960 32319
18961 29381
18962 35811
18962 38035
18963 28353
18963 37048
18963 40358
18963 49519
18965 22521
18965 44650
18966 43302
18968 20388
18968 20959
18969 27830
18969 48147
18969 49132
18970 23703
18971 45766
18971 48996
18973 28958
18973 42783
18975 19973
18976 18992
18976 31277
18977 43791
18978 24864
18978 39229
18983 42815
18984 34020
18984 37662
18984 40616
18985 24255
18985 42223
18985 48560
18986 45371
18987 20009
18987 36195
18988 36704
18990 20788
18990 22643
18990 28343
18990 36322
18990 46102
18990 48347
18992 28842
18992 44368
18994 33853
18995 30465
18995 49757
18997 24808
18998 28392
18998 39682
18998 49455
19004 39559
19005 38032
19006 47675
19010 31969
19010 38443
19012 49997
19013 36959
19014 30435
19015 23340
19015 42119
19016 19352
19017 20544
19017 21464
19019 23169
19020 28381
19021 24667
19021 47246
19023 27703
19023 44284
19024 37262
19026 30422
19026 39987
19027 31866
19027 33931
19027 42277
19027 47271
19028 19861
19028 28596
19028 44040
19029 31515
19031 47716
19032 34540
19033 49504
19036 26442
19038 21655
19038 24153
19038 44433
19039 39206
19040 31236
19041 34088
19042 22338
19042 24655
19043 25007
19043 30821
19043 38799
19043 39147
19044 20133
19044 26242
19044 30931
19044 42544
19045 26038
19045 29782
19046 36736
19047 46547
19048 30137
19049 35186
19049 45833
19050 41741
19050 47733
19051 38470
19052 34245
19052 39219
19052 49822
19054 24505
19055 26085
19055 37351
19056 26013
19057 19235
19057 49788
19058 40658
19059 20428
19060 31087
19060 45729
19062 40222
19062 46197
19062 46493
19063 31576
19065 28598
19066 20512
19066 46881
19068 36622
19068 36799
19069 39550
19070 44774
19072 32615
19072 37749
19072 39700
19073 37111
19075 41458
19077 19612
19077 24530
19077 26312
19077 33584
19078 21333
19079 38432
19080 31979
19081 40506
19082 33673
19083 26191
19084 37766
19084 46273
19086 20370
19087 32054
19087 45646
19090 33195
19091 20045
19092 38095
19093 27655
19093 28034
19095 26069
19096 30175
19096 37368
19097 37838
19097 47652
19099 25934
19100 27756
19101 47220
19102 48199
19105 23538
19105 25173
19105 27419
19105 30106
19106 28295
19107 34985
19108 22563
19108 23326
19108 31839
19109 20268
19109 43619
19109 44785
19109 49276
19110 22169
19110 37203
19112 21376
19112 29747
19113 36719
19113 38151
19114 29393
19116 27387
19116 42469
19119 35677
19122 25877
19124 44483
19129 38209
19131 22227
19132 37068
19133 36668
19134 23231
19134 24227
19135 25965
19135 29328
19135 34311
19136 42128
19138 20418
19138 28288
19138 43259
19139 30192
19139 40036
19140 28315
19141 21748
19142 45568
19144 42011
19146 36141
19146 44959
19146 46542
19146 49039
19147 21085
19147 42916
19148 34389
19150 22177
19151 33420
19152 38014
19152 39231
19152 46148
19153 24632
19153 49714
19154 42971
19155 24382
19155 29370
19155 38319
19155 44758
19155 49659
19156 20389
19156 38617
19156 41409
19158 20754
19158 21698
19160 35067
19160 38975
19160 44986
19160 45305
19161 32233
19161 42861
19163 44809
19164 20873
19164 26533
19164 33581
19165 40092
19168 20614
19168 24081
19168 42591
19168 46029
19169 20467
19170 44800
19170 46895
19172 22881
19173 25693
19173 41027
19174 28692
19176 22006
19176 29069
19176 36196
19176 38899
19176 46979
19177 47282
19178 25500
19178 49931
19179 27176
19179 30574
19179 47629
19180 22167
19180 23421
19181 42738
19182 37522
19182 46115
19183 27846
19183 46885
19184 47068
19185 35438
19187 36998
19188 35157
19188 40284
19189 27483
19189 28823
19189 29895
19189 43202
19190 20419
19190 25819
19190 38974
19190 42567
19191 35931
19192 49799
19195 25774
19197 32331
19198 27000
19198 32187
19198 44021
19198 44231
19198 45328
19199 30228
19199 33947
19203 23711
19204 42305
19204 46472
19205 28194
19206 20183
19206 40657
19207 47722
19208 22960
19208 27307
19208 49235
19209 30875
19211 21573
19211 30705
19211 36714
19211 43278
19211 49179
19213 39441
19213 43224
19213 47111
19215 38976
19215 47400
19216 20484
19217 38048
19217 41444
19217 45113
19217 49820
19218 21396
19218 23170
19218 49058
19221 36380
19221 48587
19222 27156
19222 28478
19222 36110
19222 39850
19223 41950
19224 32973
19225 26523
19225 38153
19225 40063
19226 41193
19226 47675
19227 38756
19227 40499
19228 47255
19229 36417
19230 27654
19231 39128
19231 39988
19232 27170
19232 41903
19233 42324
19235 29648
19235 36532
19236 34034
19236 35137
19236 38749
19238 37525
19239 35518
19239 44982
19239 47432
19240 30611
19240 44269
19241 21378
19241 37846
19241 41043
19241 46408
19241 49626
19242 49513
19244 28349
19244 48294
19246 28462
19248 35423
19249 37492
19249 41678
19251 45896
19253 34061
19255 21341
19255 23739
19255 24647
19256 41809
19258 29444
19258 45568
19258 46987
19259 40730
19260 39050
19261 27185
19262 46522
19263 20798
19268 42875
19269 34627
19269 38149
19271 21003
19273 27260
19273 40312
19274 22138
19274 40583
19275 24603
19275 42376
19276 36763
19276 47002
19277 46851
19277 47550
19278 42621
19280 35958
19280 41452
19280 42621
19281 42774
19282 19931
19282 40629
19283 27894
19283 48960
19284 24973
19285 36572
19286 21886
19286 25347
19286 35624
19287 29802
19287 38443
19287 49029
19289 28003
19289 47921
19291 27162
19291 34615
19291 41175
19292 29310
19292 33432
19292 40040
19292 46878
19293 25995
19293 39675
19294 22035
19295 33287
19296 21716
19296 28241
19296 36478
19296 42233
19297 39947
19299 31472
19301 37435
19302 44632
19304 21918
19305 27750
19306 32361
19306 34224
19307 35643
19309 20372
19309 48904
19309 49898
19310 26918
19310 29242
19310 39146
19310 39305
19310 48936
19313 30767
19313 32383
19313 42914
19314 27111
19315 27860
19316 26101
19316 30191
19318 24759
19318 29488
19318 30158
19318 45849
19319 31463
19320 32222
19321 21299
19321 34296
19322 27571
19322 36814
19322 44538
19322 48377
19323 23557
19323 23635
19323 40021
19323 42739
19324 28125
19324 32309
19325 22019
19325 26342
19325 43540
19326 24466
19326 34126
19326 36542
19326 44438
19327 44824
19330 23750
19330 26836
19330 33815
19332 20776
19333 32238
19333 44815
19334 30926
19336 30906
19336 49657
19337 21061
19337 35067
19337 49732
19338 42591
19339 42986
19341 49202
19342 21580
19342 29406
19342 32534
19342 44099
19342 48900
19343 45847
19347 30913
19348 20813
19348 30767
19349 40532
19349 49398
19350 22165
19350 49092
19351 24688
19351 37008
19353 37977
19353 39247
19353 39568
19354 27950
19354 38450
19354 40459
19354 41445
19355 19994
19355 41208
19356 29855
19358 42006
19359 29581
19360 26870
19360 45295
19361 21329
19361 33407
19362 25145
19362 35817
19362 48456
19362 49035
19363 31420
19363 37769
19363 38629
19363 41107
19364 24778
19365 21062
19365 29273
19366 33951
19366 38199
19367 40645
19367 48205
19369 31825
19371 28272
19373 44050
19374 46697
19378 22672
19378 24268
19378 33726
19380 42933
19381 30587
19381 37164
19382 30893
19382 38558
19383 45194
19384 29099
19384 34954
19384 42157
19384 48731
19385 32425
19385 41104
19386 35114
19388 21338
19390 34625
19391 31030
19392 25894
19392 31433
19392 43768
19394 27997
19394 37280
19395 19964
19395 21431
19395 31055
19395 34130
19395 49650
19396 37699
19397 22582
19398 32851
19398 36618
19400 27480
19400 30952
19400 39839
19400 43696
19401 44357
19402 33771
19403 39145
19405 24832
19406 27603
19406 40474
19408 49022
19409 37596
19409 40689
19411 23690
19411 48445
19413 33172
19413 40112
19414 44974
19414 49785
19415 25302
19415 44519
19419 20188
19419 30818
19421 42857
19422 44059
19423 34525
19423 43822
19424 33256
19424 37168
19426 27588
19428 19513
19428 48498
19430 32483
19431 27754
19432 31059
19434 26885
19434 37472
19435 45566
19436 27911
19437 39997
19438 32946
19438 40213
19439 31405
19440 46790
19441 20419
19441 25450
19443 29556
19445 43721
19446 21417
19446 46636
19448 29305
19449 45404
19450 36377
19450 44414
19451 28073
19452 39399
19453 49890
19454 28304
19454 47305
19455 39537
19456 47989
19458 46606
19459 40804
19462 41629
19464 30647
19464 48702
19465 28911
19465 29566
19465 34557
19465 36772
19465 43563
19467 28678
19468 24492
19468 28417
19469 22415
19469 25656
19469 36930
19471 37314
19472 32830
19475 35835
19475 41514
19476 32757
19476 34317
19476 39339
19478 48220
19479 41920
19480 35418
19480 49322
19481 32580
19484 34791
19485 34174
19485 34593
19485 46422
19486 22374
19486 30349
19486 34277
19487 26882
19488 19509
19489 20980
19491 31180
19491 31356
19492 28018
19492 29153
19492 38898
19493 41542
19493 49212
19494 38236
19495 19624
19495 41155
19496 20959
19496 45600
19496 49667
19497 20278
19497 28434
19497 36533
19497 49752
19498 35267
19500 29588
19501 33878
19501 35880
19502 20778
19502 45365
19503 40478
19505 35339
19507 36890
19509 25225
19510 33192
19511 27914
19511 43917
19512 31654
19512 41301
19512 45661
19516 21262
19517 23562
19517 33854
19519 20025
19520 24463
19521 32133
19522 36424
19523 45669
19524 30748
19524 43099
19524 46251
19525 26190
19526 42436
19527 20099
19527 39805
19530 35989
19530 49077
19534 47388
19534 47947
19535 42341
19536 28256
19536 31821
19537 20920
19537 22175
19537 37504
19538 22193
19538 34811
19539 43381
19540 33455
19544 32143
19545 28810
19546 36283
19546 41753
19549 41525
19551 35379
19551 47494
19552 45052
19552 48134
19553 22015
19554 23019
19554 41563
19555 41176
19556 24107
19556 28757
19557 39901
19560 47793
19561 26072
19561 34511
19562 31400
19562 44741
19562 48439
19563 43582
19564 21264
19564 43141
19565 31412
19565 34879
19565 35927
19567 24053
19567 36996
19570 33395
19573 24488
19573 35288
19574 31697
19574 33306
19575 28454
19575 36212
19576 33948
19576 42835
19576 45973
19577 30099
19578 26615
19578 37259
19578 38284
19579 25036
19579 25650
19579 47587
19581 33316
19582 35066
19582 39537
19583 22868
19583 32755
19583 35797
19583 38422
19584 43111
19584 43666
19586 35553
19586 47827
19587 35884
19587 36103
19588 40336
19589 30142
19589 37252
19590 36768
19592 37672
19593 27692
19593 43856
19594 44197
19595 41423
19596 31143
19596 49524
19597 21649
19597 32071
19597 48192
19598 49917
19599 28090
19599 40842
19600 44111
19601 42357
19602 36061
19602 38604
19603 48993
19604 22280
19604 45533
19605 28766
19605 38208
19607 23946
19608 32188
19609 44147
19610 45455
19611 47254
19612 35708
19614 35205
19614 39986
19615 48221
19616 20976
19616 38542
19616 39021
19616 44627
19617 38857
19617 46556
19618 38158
19619 22828
19619 43329
19620 21262
19621 35063
19622 20950
19623 33622
19624 38163
19624 48887
19626 27771
19626 33191
19626 34808
19626 38660
19629 49546
19630 34020
19631 38276
19631 41341
19632 28620
19634 40234
19635 32201
19635 40383
19635 42063
19637 22232
19637 28115
19637 34734
19637 35982
19637 39270
19638 23706
19638 28585
19638 39849
19638 40195
19638 45038
19640 40262
19641 22306
19641 24648
19642 19680
19643 44881
19644 20022
19645 19803
19645 27531
19646 25511
19646 29405
19647 34143
19647 41506
19648 37682
19649 29972
19650 45836
19651 19892
19651 40055
19652 24236
19654 45055
19655 44863
19656 29731
19657 49041
19658 31585
19658 44152
19658 48761
19659 48227
19659 48423
19661 21769
19661 30986
19662 47989
19663 19895
19664 23954
19665 22650
19665 23458
19665 42292
19669 21992
19671 20409
19672 40079
19672 41627
19673 30614
19675 23080
19676 28131
19676 38935
19677 24277
19677 41909
19677 41969
19679 25069
19681 24132
19681 42237
19682 23105
19684 37892
19685 20582
19685 23736
19685 34602
19685 43738
19686 24741
19688 23829
19688 23837
19688 33902
19688 37998
19688 46400
19689 28641
19689 49627
19691 24288
19691 24912
19692 19922
19693 35898
19694 22845
19694 37362
19696 22975
19697 21254
19700 42799
19701 49385
19702 45546
19703 47337
19704 24397
19704 25226
19704 30120
19704 45758
19705 21567
19705 28912
19706 26309
19707 22768
19708 29694
19710 39319
19710 48773
19711 19847
19711 37975
19711 43509
19713 21127
19713 24806
19714 31420
19716 31573
19716 31829
19716 43180
19718 29710
19718 36252
19719 38748
19720 46226
19721 24246
19722 39115
19723 25905
19723 31892
19723 48319
19724 25613
19726 25308
19726 39287
19726 47119
19727 34953
19729 36512
19730 41371
19731 47553
19732 21058
19733 32713
19733 47933
19734 31785
19736 48293
19738 23282
19738 25548
19739 45257
19740 37066
19742 20130
19742 41620
19744 26353
19744 43198
19746 23546
19747 23641
19748 22020
19748 41456
19748 45972
19749 40999
19750 25957
19750 44037
19750 48260
19752 21255
19753 33777
19753 41927
19754 30157
19754 39860
19754 49916
19755 28275
19755 47679
19756 24487
19756 25139
19756 25618
19756 45235
19758 28060
19759 45829
19762 25662
19763 29178
19764 22670
19764 32211
19764 33522
19764 45435
19766 20595
19768 25304
19768 47257
19769 43789
19769 49535
19770 36995
19771 42135
19772 46962
19773 23768
19773 26797
19777 22272
19777 30576
19777 44446
19778 24459
19780 30588
19781 41094
19781 42196
19782 35006
19782 47911
19782 48361
19783 46596
19784 23302
19785 31967
19786 44280
19787 46033
19788 35638
19789 21183
19789 28253
19789 29130
19792 22095
19792 26791
19792 47372
19793 26489
19794 24747
19795 20917
19795 23812
19795 35160
19795 38208
19796 32118
19797 23918
19797 37087
19798 24549
19798 26137
19798 29076
19798 43695
19800 45999
19801 20246
19801 20645
19801 48082
19802 23034
19803 21640
19804 26162
19804 35387
19806 42699
19807 28014
19807 30943
19808 47318
19808 48820
19810 39649
19810 42334
19812 36315
19813 47267
19814 23588
19814 37985
19815 49731
19816 45700
19817 45872
19818 21335
19819 21290
19819 22947
19819 37653
19820 40553
19821 22444
19821 26651
19822 49184
19823 20628
19823 31440
19824 41991
19826 49809
19827 23962
19827 24438
19827 27353
19827 29819
19828 49649
19830 22967
19830 30859
19831 35114
19831 42739
19832 23506
19833 20257
19833 38604
19834 20743
19834 48105
19835 28466
19835 39886
19835 49817
19836 38699
19837 38822
19837 43619
19837 45446
19838 21809
19838 22435
19838 33857
19838 36969
19839 34877
19841 47655
19842 23569
19842 23944
19845 19915
19845 21083
19845 41789
19846 29371
19848 30175
19848 31093
19848 46661
19849 31660
19850 32821
19850 42295
19851 35114
19852 29755
19855 34923
19856 28940
19857 20095
19858 33747
19859 25868
19859 36867
19859 47762
19860 24995
19861 27630
19862 25457
19862 48846
19863 24639
19863 35890
19865 30674
19865 44326
19865 48840
19867 49680
19869 24291
19869 46662
19872 28081
19872 32331
19873 25629
19873 43846
19874 39639
19875 40691
19876 32450
19876 39395
19877 21528
19879 32526
19879 49200
19880 21126
19880 23346
19880 27104
19882 32677
19886 27522
19886 40762
19887 21492
19888 28465
19888 29613
19889 29548
19891 21248
19891 24310
19891 30936
19892 37517
19893 43223
19894 22863
19894 36329
19897 23753
19897 27115
19899 37019
19900 41109
19902 29744
19906 27065
19906 47773
19907 30250
19908 26030
19909 45628
19909 48734
19909 49567
19910 44293
19912 32310
19912 39726
19914 30943
19915 25316
19915 29572
19916 29811
19916 35338
19917 30346
19918 43317
19919 32219
19919 36532
19919 42758
19920 21359
19921 44865
19921 47951
19922 21107
19923 26810
19924 21759
19924 40457
19925 40156
19925 44059
19926 20037
19926 30086
19928 30337
19929 19989
19930 42132
19931 43564
19932 35935
19932 40727
19932 45741
19933 28017
19934 29172
19934 45556
19937 47757
19938 44549
19940 27687
19940 33076
19942 41043
19943 24768
19943 48248
19945 28444
19945 43323
19947 42812
19948 26421
19948 49039
19951 21076
19951 40451
19952 48826
19953 27863
19953 29809
19953 43231
19954 26119
19957 43534
19957 45245
19958 28980
19959 42287
19960 34752
19962 20159
19962 21662
19962 24649
19962 28230
19962 30966
19963 31921
19964 33035
19964 43058
19965 20645
19965 26155
19965 30650
19965 31322
19966 36784
19966 41679
19970 31197
19971 29830
19971 37813
19971 39610
19971 42596
19975 23330
19975 29496
19975 34833
19975 44066
19975 47534
19975 48756
19976 49891
19978 44397
19979 39544
19980 27209
19981 48279
19984 20931
19984 25426
19984 46783
19985 22038
19985 48815
19986 26574
19986 46925
19988 24533
19988 35687
19989 30581
19989 43066
19991 27567
19991 28731
19991 32231
19991 37080
19992 34158
19992 44827
19993 29509
19993 44554
19994 28798
19997 42936
19998 38171
19999 40110
20001 48825
20002 24191
20002 35203
20004 20829
20004 24417
20004 41373
20004 44074
20005 44191
20006 28258
20009 30664
20009 31892
20009 39757
20010 30577
20010 49178
20011 40676
20011 46723
20012 23077
20012 25393
20012 27494
20012 41067
20013 20157
20013 27670
20013 28988
20014 21916
20016 28043
20017 21220
20017 36802
20018 27240
20018 28990
20018 36322
20020 23998
20020 29167
20021 36733
20022 30940
20022 41265
20022 42391
20023 46621
20024 43209
20024 45733
20025 31939
20026 36265
20026 48484
20027 24657
20027 28210
20027 45912
20028 28149
20030 32265
20030 49423
20032 25546
20032 36898
20033 22229
20033 25747
20034 25222
20034 29386
20035 20653
20035 26835
20036 36578
20036 41391
20038 21370
20038 40347
20040 39189
20042 30073
20042 35316
20045 25152
20045 34659
20046 31021
20046 47991
20047 24445
20047 25366
20047 38475
20049 23609
20049 47731
20050 47850
20051 28665
20051 45037
20052 34930
20054 26645
20054 28829
20054 32923
20055 23529
20057 24381
20057 29860
20057 39826
20057 43387
20060 20784
20060 22589
20062 24433
20063 36980
20063 48127
20064 25579
20065 47108
20065 47901
20066 20187
20067 32306
20069 32295
20070 25222
20072 29182
20073 46835
20075 22864
20076 32044
20076 42230
20076 46351
20078 28304
20078 45540
20080 28325
20080 35158
20080 47179
20081 20900
20081 32727
20082 35012
20084 41152
20085 24749
20085 39252
20085 45518
20086 26592
20087 21163
20088 21255
20088 21470
20088 22267
20088 40549
20089 48979
20092 24747
20092 28919
20092 49610
20093 25053
20093 32071
20095 38348
20096 23437
20097 21038
20098 25820
20098 26705
20099 48983
20101 20197
20102 36034
20104 45247
20106 23214
20106 47916
20106 49368
20107 49300
20109 35380
20110 43017
20112 28552
20113 35214
20113 42457
20115 31177
20115 45346
20116 22176
20118 38076
20120 39300
20121 40146
20122 22556
20124 34838
20125 34960
20126 38612
20126 46535
20128 38486
20129 34493
20130 30159
20131 28901
20134 29423
20134 40763
20135 44800
20137 47731
20138 29930
20138 35924
20138 49662
20139 27092
20140 25997
20140 33088
20141 44454
20143 36201
20143 48643
20144 22151
20144 36682
20144 42732
20144 47012
20146 20878
20146 44463
20147 29947
20147 41468
20148 27970
20151 38938
20151 42957
20154 29972
20155 32786
20155 45308
20156 38358
20157 20596
20157 27015
20158 25604
20158 39298
20159 43438
20160 27966
20160 37682
20160 47066
20161 36835
20161 46787
20162 39590
20163 36311
20163 47516
20165 22861
20166 27037
20168 36832
20168 40159
20168 40592
20169 40038
20170 35040
20171 37103
20171 42579
20173 22925
20173 45548
20174 31426
20174 31721
20174 48534
20175 30683
20176 22418
20176 22970
20178 20587
20179 34293
20179 38035
20180 39506
20181 44294
20181 49119
20182 24574
20182 29668
20182 34748
20183 29230
20183 35066
20184 27725
20185 45244
20185 48304
20186 30891
20186 41128
20187 26455
20188 37461
20189 25779
20189 38359
20189 40302
20191 28817
20191 43596
20192 21415
20192 34855
20192 34907
20193 22830
20193 31876
20193 48823
20195 31981
20195 33702
20197 22578
20197 42944
20203 27839
20203 47852
20204 33933
20205 24985
20206 47286
20207 20590
20207 23613
20207 47350
20208 38439
20208 48584
20209 31365
20209 47298
20211 25051
20211 31176
20211 47502
20212 33676
20213 24126
20213 25714
20213 30537
20213 49537
20214 24322
20215 32191
20216 20496
20217 32754
20217 45884
20219 45264
20222 35592
20222 39802
20223 25760
20223 26179
20224 41641
20225 30143
20226 26435
20226 36599
20226 43856
20227 31252
20227 31988
20227 47941
20228 39239
20228 45059
20229 33601
20232 24960
20232 31651
20232 34898
20233 21368
20233 39553
20235 23202
20236 29767
20236 34178
20238 34459
20238 46477
20240 36396
20240 37824
20242 44528
20243 23599
20244 23574
20245 36272
20246 25234
20246 45921
20247 22642
20247 42326
20249 23325
20249 44979
20250 40621
20251 38256
20252 39485
20254 20895
20255 32984
20256 49272
20257 40099
20257 44344
20260 41812
20261 24058
20261 34515
20261 48723
20262 44465
20264 20920
20264 30906
20267 33558
20267 48398
20273 26030
20273 43696
20273 49399
20275 48368
20276 35820
20278 25982
20278 32365
20278 45264
20279 22104
20280 41409
20281 48981
20283 30323
20283 41757
20286 24410
20286 26154
20287 45209
20288 21684
20288 28830
20292 36164
20292 39423
20293 35732
20294 46321
20296 49992
20297 35481
20299 23197
20301 21954
20301 44757
20302 43588
20303 27118
20303 34996
20304 22147
20304 39907
20304 47578
20305 23963
20306 21701
20307 40187
20309 36172
20310 41541
20312 26285
20313 40084
20316 40849
20318 21211
20319 37580
20320 36961
20323 25858
20324 25518
20324 42354
20326 22805
20326 40479
20327 22227
20327 45265
20327 45751
20328 26315
20329 42483
20330 49437
20331 27940
20331 33469
20332 25808
20333 25207
20333 25796
20333 44532
20333 45262
20334 25909
20335 20813
20335 47776
20336 45761
20336 48011
20338 24778
20339 26981
20339 32004
20341 25467
20341 34935
20342 22106
20345 29480
20345 36598
20345 41407
20347 26724
20348 23383
20350 49003
20351 34198
20351 34232
20351 36119
20351 47115
20352 22206
20352 41727
20354 40319
20354 40921
20354 42329
20354 46799
20355 43590
20356 25078
20356 38833
20360 24814
20360 44690
20366 21903
20366 44462
20368 28087
20368 29200
20368 47306
20369 21398
20370 40779
20372 41652
20373 29831
20373 45195
20376 34288
20376 40001
20376 49110
20378 37386
20380 30818
20380 41253
20381 37126
20383 20925
20384 39066
20384 42786
20386 28626
20386 29672
20389 21268
20389 32648
20390 48638
20391 28326
20392 36355
20393 29631
20393 39671
20394 29415
20394 32521
20397 20985
20397 42516
20399 22720
20399 28136
20399 37183
20400 28281
20402 43348
20402 44508
20404 32858
20405 41748
20405 43939
20406 46331
20407 23746
20409 29926
20409 41574
20409 45655
20410 26644
20410 34446
20410 46345
20412 36709
20415 31565
20416 49189
20417 47279
20419 29626
20419 32635
20421 20496
20421 25787
20421 35424
20423 29975
20426 21194
20427 27666
20428 47272
20428 47844
20429 33404
20429 47646
20430 40966
20432 45114
20434 48194
20435 47570
20436 29469
20439 33784
20439 35948
20440 27784
20440 46409
20442 44399
20444 39307
20444 39882
20444 46700
20447 22244
20448 31115
20448 34075
20448 36759
20449 25059
20449 33265
20450 36341
20450 47332
20451 21287
20452 44446
20453 29393
20454 32019
20455 30252
20458 23460
20458 24093
20459 47272
20460 26260
20461 40798
20464 41754
20465 30577
20466 41908
20466 48621
20467 47605
20468 26618
20470 21744
20471 30306
20472 37763
20472 43690
20472 49513
20473 24202
20474 36419
20474 45740
20474 49048
20476 48917
20477 40531
20479 47059
20479 48455
20480 47244
20481 26176
20481 32143
20482 34631
20484 22899
20487 27867
20488 20648
20489 22617
20489 32565
20489 34330
20490 21941
20490 35985
20494 28206
20494 42596
20495 35082
20497 30753
20500 30058
20501 35420
20502 46981
20502 48581
20503 25648
20503 45411
20503 46413
20504 40662
20505 47305
20507 40729
20507 42459
20509 36755
20511 42191
20513 45320
20514 49860
20516 24255
20516 36631
20517 23738
20517 24040
20517 45032
20518 24619
20518 33769
20520 25970
20521 21212
20521 48413
20522 46915
20524 35504
20524 35935
20525 43679
20525 43688
20525 46665
20526 23776
20526 39821
20526 40910
20526 47988
20529 27424
20530 22852
20530 41251
20530 43828
20531 41644
20533 45033
20534 41376
20534 46389
20535 37176
20535 40813
20537 26132
20537 45281
20537 45873
20538 31286
20538 39235
20541 29893
20543 30889
20544 28967
20545 24932
20546 32513
20548 29545
20550 45489
20550 46486
20554 29168
20554 30237
20557 33177
20557 45927
20558 43687
20559 31406
20559 44154
20561 22333
20562 26047
20562 44909
20564 46180
20566 35734
20567 34543
20570 43233
20570 43997
20570 49697
20571 20700
20571 33603
20571 45226
20572 32996
20572 38968
20574 27485
20574 32741
20575 42178
20576 43582
20577 28742
20578 24675
20578 29110
20579 21937
20580 41270
20580 49113
20581 20590
20581 31491
20586 23235
20586 43917
20586 48983
20587 23777
20588 26489
20591 24331
20591 35387
20591 38929
20591 47724
20592 39475
20593 39988
20593 48716
20594 26581
20594 30728
20596 25291
20596 30325
20597 31949
20598 44473
20599 47576
20602 23524
20603 38333
20603 41966
20605 20947
20605 21341
20605 26291
20605 30280
20606 39322
20607 22443
20608 22597
20610 45302
20611 34775
20611 48775
20614 21898
20614 24804
20615 37924
20616 30608
20616 35760
20617 45549
20618 42769
20619 34760
20619 41438
20621 24836
20621 48979
20622 27499
20623 24792
20623 48485
20624 26343
20624 32239
20624 42082
20626 40367
20627 21016
20628 49139
20631 37639
20634 31267
20634 33042
20635 21537
20636 37574
20637 26325
20638 38048
20641 24809
20641 46686
20643 22610
20644 32666
20644 35243
20644 41862
20644 46281
20645 26716
20646 43771
20646 46294
20649 47608
20651 20773
20651 32073
20651 42547
20652 44961
20652 47726
20653 49984
20654 35918
20657 31207
20658 41032
20659 30515
20659 36522
20664 30365
20664 35626
20664 46443
20665 28320
20665 37158
20666 21447
20666 23701
20666 25898
20667 22415
20668 23472
20668 29366
20669 22753
20669 40963
20669 48381
20671 34291
20671 34452
20671 35541
20672 22375
20672 22391
20672 29751
20673 36487
20674 43413
20674 43809
20675 22340
20675 49384
20676 46138
20677 22137
20677 41275
20677 42034
20681 31489
20681 47996
20682 32600
20682 46622
20683 31884
20683 38952
20684 26085
20685 28067
20685 28077
20686 22679
20686 29424
20686 31247
20686 34464
20687 23371
20688 40470
20688 45005
20689 44101
20689 44238
20690 33297
20693 47687
20695 24353
20696 23536
20696 32099
20696 40404
20696 41621
20697 24468
20697 33061
20697 34717
20697 35501
20698 36105
20699 44518
20701 26989
20701 42803
20702 22013
20702 26586
20702 47839
20703 23685
20703 35733
20703 37335
20703 47601
20704 35849
20706 34439
20706 41638
20707 35561
20708 28445
20708 28801
20709 31636
20710 25409
20710 33967
20711 30793
20711 31709
20712 40374
20712 49770
20713 23852
20713 33225
20713 37416
20714 33116
20715 27190
20716 41047
20719 46804
20720 30368
20722 32710
20723 24102
20726 30254
20726 30764
20726 44248
20730 30050
20732 34283
20733 21236
20735 23532
20736 21412
20736 33886
20736 36692
20737 39530
20738 38240
20739 38466
20740 47052
20742 26766
20742 44667
20743 28130
20743 48382
20744 40957
20745 30491
20745 31390
20746 25980
20747 49560
20748 37188
20749 23770
20749 41976
20750 43732
20752 48502
20753 23883
20753 30106
20755 45648
20756 28958
20756 39260
20757 33749
20758 32577
20759 40580
20760 45806
20761 41117
20762 32677
20763 44325
20764 26235
20764 49469
20765 24778
20768 42052
20769 28090
20769 36617
20771 43708
20771 47638
20772 32969
20772 47711
20773 43901
20773 46970
20774 25264
20774 34201
20774 41358
20774 41516
20774 43904
20775 39431
20776 26844
20776 30658
20777 35745
20778 36456
20778 47990
20779 28741
20780 49015
20781 29845
20781 42070
20784 25300
20784 31046
20785 25932
20786 21961
20786 31290
20788 28167
20788 37085
20789 24964
20789 36027
20791 28567
20792 39509
20792 41704
20794 29252
20795 28900
20795 39037
20796 26593
20799 34556
20799 38658
20799 47262
20800 22416
20802 33023
20802 46188
20803 30537
20804 40777
20805 24472
20805 35841
20805 40866
20805 41177
20806 32787
20807 42058
20808 23017
20808 45115
20809 34678
20810 22670
20811 38043
20811 49876
20812 44874
20815 27746
20816 25902
20816 41393
20817 47288
20818 41433
20820 32652
20820 47416
20820 47668
20822 25656
20822 49976
20823 31612
20824 41563
20825 42982
20826 27425
20827 32166
20830 21539
20830 23759
20832 36158
20832 39928
20833 27436
20833 29845
20833 43183
20835 37307
20837 25171
20838 44318
20838 45776
20839 26969
20839 34484
20839 44025
20841 38835
20842 27444
20842 30696
20842 31979
20844 35158
20844 36111
20844 48021
20846 21357
20848 46865
20849 34181
20850 25454
20852 47588
20854 39892
20855 24995
20855 27900
20856 36604
20856 42427
20857 28395
20857 33139
20857 45108
20859 24703
20859 45539
20859 45930
20860 22580
20861 40899
20863 38712
20863 47523
20867 27445
20868 40721
20873 42806
20874 45634
20875 42948
20876 21165
20876 33815
20877 29417
20878 26733
20878 45396
20880 25284
20880 32022
20881 42545
20882 35769
20882 40152
20882 41394
20883 23139
20883 43116
20885 21855
20885 22607
20885 47929
20886 37246
20887 27635
20887 33874
20889 25990
20889 29239
20889 30599
20890 26569
20890 33543
20890 35456
20891 44588
20892 29143
20892 44052
20893 40567
20895 28581
20895 48812
20896 23328
20898 34165
20898 36411
20899 36517
20899 36854
20899 48550
20901 24440
20902 30946
20903 28236
20903 42741
20906 22019
20906 29458
20906 29774
20907 24030
20907 30215
20907 39087
20907 40260
20908 42302
20909 38334
20910 48174
20911 24700
20911 44815
20912 37164
20913 26752
20913 45310
20913 46634
20913 47066
20913 49470
20915 41110
20916 25541
20916 30032
20916 31892
20918 41969
20919 30588
20920 30955
20920 39455
20921 29103
20921 48093
20923 21115
20923 30995
20925 40945
20927 24139
20927 24719
20927 33396
20927 34199
20927 42539
20929 26413
20929 35263
20930 38758
20931 29714
20932 31573
20932 48345
20933 22938
20933 44846
20934 21358
20934 25782
20935 34876
20935 35872
20936 28339
20936 31792
20937 42701
20938 36498
20938 38058
20938 39332
20940 25710
20940 30847
20941 39572
20942 23745
20946 22536
20946 28509
20946 41239
20946 46233
20947 35677
20947 41087
20947 48843
20948 42885
20950 37997
20951 40337
20953 48567
20954 21815
20956 46179
20957 30862
20958 36069
20960 26288
20961 23177
20961 45011
20962 37867
20963 37650
20964 33711
20965 39147
20966 49937
20967 40005
20967 43363
20967 49851
20968 38543
20969 30680
20970 35942
20971 30349
20971 35432
20972 45769
20972 48169
20973 21826
20973 23095
20973 28483
20975 41369
20975 41796
20977 24663
20978 22480
20978 32786
20979 45317
20980 38422
20980 41915
20980 46335
20981 48020
20983 28685
20983 33444
20983 39146
20983 46212
20984 26467
20984 38214
20985 46566
20986 25644
20986 30852
20986 44960
20986 46450
20987 38413
20989 22599
20989 26303
20989 26384
20989 31730
20989 36075
20989 47031
20991 23842
20992 23143
20993 33037
20994 41688
20995 37770
20996 46034
20996 46456
21001 24432
21002 25341
21002 30527
21003 22282
21003 28310
21005 46646
21006 37609
21006 44175
21008 27196
21008 37840
21009 33627
21015 37648
21016 31110
21016 33911
21016 35643
21016 38846
21017 39150
21017 42412
21018 24089
21018 39216
21020 32080
21020 40865
21021 24736
21021 25042
21022 24869
21022 32446
21022 38627
21022 40135
21023 33069
21023 40753
21025 29139
21025 32549
21026 30336
21026 35827
21026 39452
21027 49828
21028 25448
21028 31543
21030 41466
21031 34310
21033 21279
21033 41404
21035 41116
21037 30569
21037 32545
21038 41197
21040 49726
21041 30856
21042 22433
21042 25389
21043 27542
21043 41374
21043 43185
21044 34759
21046 42216
21046 44670
21048 25328
21049 38278
21053 30229
21053 47833
21054 38877
21054 47962
21055 37773
21055 39887
21056 39331
21056 39900
21056 45558
21057 37049
21058 47653
21059 22711
21059 48249
21060 25664
21060 30253
21062 41218
21063 25694
21063 32846
21065 39088
21065 45837
21067 22453
21067 32998
21068 21274
21068 41203
21068 42623
21069 28149
21069 33563
21072 41784
21073 47496
21078 26910
21078 36656
21079 30247
21079 48602
21082 31095
21082 48123
21084 45733
21084 47228
21086 31351
21086 33237
21086 37587
21087 34424
21088 34461
21089 32581
21090 33937
21090 35182
21091 40962
21093 47867
21093 47989
21093 48308
21094 44925
21096 22313
21096 27051
21096 30107
21096 49040
21097 49708
21099 44092
21100 32951
21100 46509
21101 23035
21101 24987
21101 34364
21104 22341
21105 37208
21108 26002
21108 32790
21109 36853
21111 37760
21114 40393
21114 48786
21115 44637
21116 28189
21116 44447
21117 22527
21118 39197
21120 26567
21120 45359
21121 24793
21121 45835
21122 23015
21124 23428
21125 23421
21127 22345
21127 25973
21128 30019
21130 31696
21130 49684
21132 37694
21132 45495
21133 27098
21133 42736
21135 25134
21135 39562
21136 43596
21138 47086
21139 40531
21140 36775
21141 27626
21141 37101
21142 21937
21142 37978
21143 27778
21144 26221
21145 37216
21145 43471
21146 26523
21150 24680
21151 39384
21151 44053
21151 49911
21152 21337
21152 28536
21152 45895
21152 49384
21153 21379
21153 30626
21155 21308
21155 22908
21155 32739
21155 46497
21156 37447
21157 26613
21159 37069
21159 40569
21160 48660
21161 26886
21161 29611
21161 29637
21162 41350
21164 27996
21164 28534
21165 21716
21165 29890
21166 31273
21167 33462
21168 26233
21170 45670
21172 27628
21172 42067
21172 44407
21173 40821
21173 44035
21176 27811
21177 45663
21179 45493
21180 46741
21182 33572
21183 31426
21183 41415
21184 35917
21184 40439
21185 32227
21186 23927
21187 42279
21188 47987
21189 34724
21189 37648
21189 42192
21189 42559
21191 33042
21192 31367
21192 36963
21192 38000
21193 22212
21193 40855
21194 31295
21194 38192
21194 47563
21195 26346
21196 26913
21197 34345
21197 43229
21198 38403
21199 24524
21200 29463
21202 29586
21203 41699
21203 47351
21203 49641
21204 24502
21204 25296
21207 35638
21208 37911
21210 38753
21210 45773
21211 46153
21214 22135
21214 22678
21215 32872
21217 21338
21217 35630
21218 45009
21218 48731
21219 39498
21221 42518
21222 33135
21223 47255
21224 35445
21224 41104
21225 46313
21226 42687
21229 25125
21229 31894
21229 43430
21229 48114
21230 26639
21230 49284
21231 22907
21232 22972
21232 32410
21234 32372
21234 35440
21235 47056
21236 26466
21237 26643
21238 37500
21239 35491
21240 42229
21242 48000
21244 26316
21244 30967
21244 35645
21246 37737
21247 34911
21248 48406
21249 26016
21249 39642
21250 24538
21250 26255
21250 37093
21252 23224
21253 24320
21254 21912
21254 23206
21255 22203
21255 38862
21256 41723
21256 44680
21257 29843
21261 29037
21261 43902
21262 45475
21263 33561
21266 25784
21266 28779
21268 46593
21269 22928
21269 48052
21271 29835
21271 49497
21272 34802
21272 48511
21273 22612
21273 38776
21276 26072
21276 39131
21276 49671
21277 22254
21279 34214
21279 43270
21280 47982
21281 23418
21282 43072
21284 26216
21284 28812
21284 30935
21285 34477
21286 21823
21287 29646
21288 42122
21289 28264
21289 40416
21293 41824
21294 21639
21295 23291
21298 45317
21299 40852
21299 42061
21299 44447
21300 41091
21301 26416
21302 31713
21303 33295
21304 48952
21305 37295
21305 45559
21306 41309
21308 34590
21309 39096
21311 24131
21313 43767
21313 49432
21314 41048
21315 34696
21316 23235
21316 39939
21317 26538
21317 41242
21320 23239
21320 38374
21320 42611
21320 45947
21320 46487
21321 46246
21321 47998
21326 43792
21326 48927
21327 41435
21327 45007
21327 49740
21331 21541
21332 22650
21333 22802
21334 40256
21334 45400
21335 22627
21336 22525
21336 31256
21336 38497
21337 28825
21337 34699
21338 38172
21339 23585
21339 29300
21340 31560
21340 33719
21341 37218
21341 47046
21342 44477
21343 25077
21344 21960
21344 25943
21344 31325
21345 30994
21346 37140
21347 45436
21347 46700
21348 32149
21349 34068
21349 45470
21350 37501
21352 31308
21353 45627
21354 22983
21354 28398
21355 31736
21355 32889
21358 36907
21360 44394
21362 22861
21362 40271
21363 24388
21363 24554
21364 30471
21364 35707
21366 21776
21367 24919
21367 39198
21367 42740
21368 28874
21372 40864
21372 41272
21373 23998
21373 34273
21373 36855
21373 38742
21374 26215
21374 44077
21375 45498
21377 35209
21378 25252
21378 34832
21379 37099
21380 34312
21380 45544
21381 23496
21381 24558
21381 28497
21382 37543
21385 24558
21385 46833
21387 32113
21387 36835
21387 40204
21389 23348
21390 24835
21392 21959
21392 47320
21392 49293
21393 28860
21393 45021
21393 48870
21394 39124
21395 26484
21395 41353
21397 21464
21397 26705
21397 32064
21399 21854
21399 22158
21400 32807
21400 34097
21401 23363
21402 26689
21404 42117
21405 32866
21407 23163
21407 29884
21407 42813
21407 49166
21408 39785
21409 28993
21409 40083
21409 43130
21409 47345
21410 31766
21410 44581
21411 25551
21411 47111
21413 23055
21413 33628
21413 36210
21415 35197
21416 36957
21416 38356
21418 33100
21418 48032
21419 29897
21419 39137
21419 48779
21419 49400
21420 22325
21422 30014
21422 41410
21424 30755
21424 32146
21424 43281
21424 44670
21426 25905
21428 42179
21430 36010
21433 46322
21434 26225
21435 28440
21436 36609
21437 39136
21438 49845
21439 42088
21441 22953
21442 39824
21444 22650
21444 34257
21444 42167
21445 36797
21446 33615
21446 47795
21448 38219
21449 43757
21451 29236
21451 33110
21454 31019
21454 42333
21455 22252
21455 28477
21455 33812
21455 47295
21456 42758
21458 32135
21458 46065
21459 40441
21460 39474
21460 43673
21462 48207
21466 27036
21466 40797
21467 39001
21468 43157
21472 28377
21472 32074
21472 33762
21473 27269
21474 41408
21475 29323
21475 29422
21475 34808
21476 26072
21476 31204
21476 39772
21477 35035
21477 38763
21479 37549
21480 33319
21481 39192
21482 34643
21482 36542
21482 49645
21486 36259
21487 30639
21488 43864
21489 22893
21490 30276
21491 46203
21494 38626
21495 38591
21496 21577
21497 24139
21498 39087
21499 49033
21502 45782
21504 27974
21504 37144
21505 47816
21506 39245
21507 44428
21514 40358
21514 45865
21515 30765
21516 26282
21516 48116
21518 24774
21518 31902
21522 33618
21522 45123
21523 24407
21523 34516
21526 22667
21526 38312
21528 25790
21529 22168
21529 30483
21529 36164
21530 40890
21530 48464
21533 31499
21534 33858
21535 47681
21537 27288
21538 38990
21538 39073
21540 28007
21540 40106
21540 41281
21540 47412
21541 22061
21541 31957
21544 23860
21545 24058
21549 39794
21550 33275
21550 40401
21552 24524
21553 25009
21553 33637
21557 47315
21558 26128
21558 30796
21558 37402
21558 44511
21559 39065
21560 46256
21561 25932
21563 31772
21563 33345
21564 32518
21566 27585
21567 38948
21567 44904
21568 25249
21568 46357
21569 26403
21569 39049
21571 44189
21572 43824
21572 45356
21573 47411
21575 21685
21575 30184
21575 41960
21576 27520
21576 43794
21576 48261
21577 26223
21577 31676
21579 28654
21579 31202
21580 41671
21581 27878
21581 29193
21581 34859
21581 36241
21584 37285
21584 47786
21587 25345
21588 30279
21589 29030
21589 33544
21589 49823
21590 27256
21590 28316
21591 39210
21592 38539
21594 26682
21596 28367
21596 36715
21596 39283
21597 25321
21598 37480
21599 22105
21599 38353
21601 24029
21601 25513
21601 38902
21602 26388
21603 29409
21603 31546
21603 39100
21604 27745
21605 24919
21605 47324
21606 43334
21608 34993
21609 34529
21609 37456
21611 33432
21613 42951
21614 39333
21616 48093
21617 33340
21620 37633
21620 43301
21621 41947
21622 24692
21623 46381
21625 41847
21625 48405
21628 36715
21630 37977
21631 22057
21632 39689
21633 29347
21633 34890
21633 41717
21633 44666
21634 24736
21634 26960
21635 30308
21635 33161
21637 40942
21638 32071
21638 33811
21639 39045
21639 43373
21640 22160
21641 30620
21643 29356
21644 42059
21645 25703
21645 28385
21645 40807
21647 25751
21648 24866
21648 32745
21649 29780
21649 38659
21649 40166
21650 29090
21652 47462
21653 22584
21653 23212
21653 47979
21654 21765
21655 25066
21656 43651
21657 30652
21658 45813
21659 25748
21659 27377
21659 33401
21662 30938
21662 31010
21662 38524
21665 27095
21665 41362
21668 33332
21668 33551
21669 30859
21669 42215
21671 26139
21671 39768
21671 45428
21672 35335
21672 39849
21673 47741
21674 24014
21674 29285
21675 45712
21676 29119
21676 31727
21677 43266
21678 21763
21678 30870
21679 49209
21681 22376
21681 28759
21682 35000
21682 35766
21683 32209
21684 30876
21684 49804
21685 41655
21686 33014
21687 37039
21687 40080
21688 24527
21688 46569
21691 44627
21692 42786
21693 47232
21694 46739
21695 27265
21696 29944
21696 48163
21697 49482
21698 24903
21700 25505
21700 42889
21702 45172
21702 48154
21703 22958
21703 24154
21704 27046
21704 42359
21704 43727
21705 48304
21706 27406
21706 32244
21708 45370
21708 49969
21709 42272
21710 44124
21711 23016
21711 44962
21712 27492
21712 35440
21713 41852
21714 25362
21714 33025
21714 37041
21714 48818
21715 46726
21716 46458
21717 27001
21717 43884
21719 30973
21720 26357
21721 43933
21722 37865
21723 25916
21724 27907
21724 39796
21725 35886
21726 41291
21731 41828
21732 31449
21732 43548
21734 27239
21734 34398
21734 40930
21734 47102
21735 39597
21736 39290
21738 23218
21738 40552
21739 37578
21741 37982
21743 37216
21743 40755
21743 44309
21745 23574
21746 28368
21746 32999
21746 35067
21747 25216
21749 22390
21751 36174
21754 45633
21754 48040
21755 36391
21755 36819
21758 22561
21761 26989
21762 36290
21764 22722
21764 26555
21764 39753
21765 33335
21766 42648
21768 25582
21769 41918
21769 45780
21770 23046
21770 38494
21772 38943
21773 47979
21774 44727
21776 33855
21776 48700
21777 23380
21778 34894
21779 24149
21780 31167
21780 47946
21782 35604
21784 33226
21784 39324
21784 40607
21784 48441
21787 49192
21788 39534
21792 46802
21795 34079
21795 44986
21799 25652
21799 46454
21800 31013
21800 45038
21801 31130
21802 41657
21803 24707
21803 28289
21803 45665
21804 39310
21806 36698
21807 27395
21809 41336
21810 27519
21811 40300
21814 43756
21816 32020
21817 23326
21817 29302
21820 28375
21822 28626
21822 28935
21825 41387
21825 46467
21827 25760
21827 26132
21827 40835
21827 46503
21828 33501
21828 41844
21829 26109
21830 22509
21830 33547
21831 32068
21831 36562
21831 39249
21831 41538
21833 29583
21834 24596
21834 41401
21835 23777
21835 39015
21837 26499
21838 27864
21838 27935
21838 31054
21838 34152
21839 30271
21840 37344
21841 31158
21841 49332
21842 32615
21842 42512
21843 27824
21844 32507
21844 33620
21844 35651
21845 28441
21847 35421
21847 36175
21848 48157
21850 33459
21850 43570
21854 27107
21854 37222
21854 39231
21854 42414
21855 31701
21855 40195
21857 36090
21858 40862
21859 29030
21863 29126
21863 32301
21863 47400
21864 26780
21864 29775
21864 34824
21865 47232
21868 28847
21869 43682
21870 27111
21870 42218
21871 49295
21872 34264
21873 31920
21873 33486
21873 33628
21873 41239
21874 28606
21875 27252
21875 37081
21875 42399
21876 27739
21877 45985
21879 25843
21882 28888
21882 38362
21882 41256
21884 24266
21884 31246
21885 26784
21885 27424
21888 45775
21888 49155
21889 45081
21891 33474
21891 48129
21894 32549
21894 48652
21895 25658
21895 47059
21896 45113
21897 36817
21897 44255
21898 30170
21898 37528
21898 37659
21899 28235
21899 34004
21899 42662
21900 37488
21900 38907
21902 44645
21904 34269
21904 42404
21904 43413
21904 47036
21905 28538
21906 45875
21906 48398
21906 49411
21909 27767
21910 31729
21913 35754
21913 44909
21915 22010
21915 39440
21917 27850
21917 31306
21918 31882
21920 27192
21920 40981
21920 42200
21922 29841
21922 44781
21923 47745
21924 33024
21925 28394
21927 24414
21927 31814
21928 44612
21929 40769
21930 46565
21931 31441
21932 41099
21932 43742
21933 40091
21933 40897
21938 44293
21939 30079
21940 47928
21942 27374
21943 27255
21943 34563
21943 42168
21944 22127
21944 24727
21944 35685
21946 29048
21947 26246
21947 48767
21948 22752
21948 31318
21948 37949
21949 26416
21951 23965
21952 27391
21957 44732
21958 48464
21959 32120
21962 33807
21963 36102
21968 32494
21969 25296
21969 33712
21969 34135
21969 40787
21970 25052
21970 34060
21970 43915
21971 25110
21972 22998
21972 24444
21972 28761
21975 37749
21975 39628
21975 46141
21977 26376
21978 30343
21978 48245
21979 25794
21980 41002
21981 22830
21981 40124
21982 42029
21983 44929
21984 23302
21984 38508
21984 41246
21985 22766
21986 27907
21986 30277
21989 36880
21989 40308
21989 44611
21990 39102
21991 24856
21992 26951
21992 33041
21992 40210
21993 26778
21994 39940
21994 44859
21994 47395
21995 49574
21996 22254
21996 43774
21997 26665
21997 47320
22000 22118
22002 42805
22002 48145
22004 29703
22004 30115
22004 36166
22004 38705
22005 42523
22007 42619
22007 46312
22008 28423
22008 39854
22008 41977
22008 45621
22008 47299
22008 49617
22009 44733
22012 25049
22012 29839
22012 37233
22015 26038
22015 32491
22015 47606
22016 33232
22016 41938
22017 26937
22019 26619
22019 34580
22019 44539
22020 47182
22021 24881
22023 26831
22026 36331
22026 46821
22027 30699
22027 45152
22027 45756
22028 38691
22029 46945
22030 27943
22031 48403
22033 40950
22033 44746
22034 42620
22034 49002
22035 37230
22037 38606
22037 43559
22038 39429
22039 26367
22040 48428
22042 25242
22043 23269
22045 27491
22045 32967
22048 22708
22048 24792
22048 30202
22048 39671
22048 43457
22049 30849
22049 30952
22051 46354
22053 29700
22053 38923
22054 35745
22056 27107
22056 28143
22056 36238
22057 29698
22058 23000
22058 23681
22058 47289
22060 36726
22060 42989
22062 25462
22062 31251
22066 41949
22066 43887
22067 28108
22067 37090
22069 28848
22069 45950
22070 44372
22071 47247
22073 28486
22073 40370
22073 49063
22075 47825
22075 49850
22076 34028
22077 32261
22078 41741
22081 33500
22081 46765
22082 32475
22084 34790
22084 44581
22084 46333
22086 25651
22086 39525
22087 35366
22088 32736
22090 43026
22091 23461
22091 31842
22092 31640
22093 33115
22093 49139
22095 33374
22100 22764
22101 29673
22101 49519
22102 24639
22102 41891
22104 35982
22105 29997
22106 44245
22107 35822
22108 27571
22108 39863
22109 23674
22110 37348
22110 49790
22112 34528
22112 47401
22113 33890
22114 47923
22116 29255
22117 42359
22117 43558
22119 25293
22120 32202
22120 44125
22120 48503
22120 49917
22123 32904
22124 41122
22125 23787
22125 40749
22125 46781
22127 41593
22127 43842
22128 33562
22129 49732
22130 36655
22130 46716
22131 30996
22131 48487
22132 26378
22135 22948
22136 37767
22137 28158
22137 28992
22137 32708
22137 34005
22137 45908
22139 28476
22140 31100
22140 43663
22141 38353
22142 49564
22146 38791
22146 39971
22148 37943
22149 37142
22150 31676
22150 37836
22150 47187
22153 32892
22154 32162
22154 44949
22156 35155
22156 36440
22160 31555
22160 34015
22160 35741
22162 31388
22164 23991
22164 31340
22164 45875
22165 29280
22166 24621
22168 36404
22168 38811
22169 36671
22170 38509
22171 29738
22172 32045
22173 36752
22174 32598
22175 31555
22179 46924
22180 33879
22181 34396
22182 25193
22182 39178
22183 31928
22185 35605
22185 42326
22185 43304
22186 31143
22187 27526
22190 44376
22191 35382
22192 23219
22192 43988
22193 46100
22194 32292
22194 36234
22195 35243
22197 27693
22197 44072
22200 43781
22201 23534
22202 26616
22204 41398
22205 35511
22205 43356
22206 23555
22206 27879
22206 36004
22206 38046
22208 23187
22208 39441
22209 49798
22211 28091
22212 31075
22212 38256
22212 39875
22213 32284
22216 23469
22217 23457
22217 25774
22218 42627
22219 31105
22219 39059
22220 42570
22222 35339
22224 31417
22228 32931
22228 44414
22229 39252
22229 42847
22230 33320
22230 36571
22230 48316
22231 41562
22233 37794
22233 42031
22234 34197
22234 36789
22235 30429
22235 40776
22238 24749
22238 33818
22238 37474
22239 40683
22240 32381
22242 46908
22243 44855
22244 33282
22244 40823
22244 45427
22245 24827
22245 31025
22245 44075
22245 45265
22246 39110
22246 44620
22247 40648
22247 45817
22249 24742
22249 33175
22252 22783
22252 47287
22255 31121
22256 24849
22257 22305
22257 32004
22257 42212
22258 41946
22260 25907
22260 27168
22261 42881
22264 41574
22265 23159
22265 30789
22265 36767
22268 35942
22269 37023
22270 44045
22272 49454
22273 45563
22274 27529
22275 23173
22275 37912
22275 44782
22276 35929
22277 28206
22280 26868
22280 35450
22280 36997
22281 28094
22281 32622
22281 44141
22282 31071
22283 28127
22283 32226
22284 29406
22284 39453
22285 24169
22285 33281
22286 29600
22286 49909
22288 36136
22289 28745
22290 28293
22290 30957
22290 44049
22291 31896
22292 22800
22292 46979
22294 43982
22295 27337
22295 43406
22296 24139
22297 38372
22298 41301
22298 41955
22299 37023
22301 38295
22301 44630
22302 47190
22303 30463
22305 27282
22306 43703
22307 29861
22307 30547
22308 27741
22308 28932
22308 44646
22311 31183
22312 27080
22313 24445
22313 31542
22313 47704
22314 49015
22315 31874
22316 31879
22316 49669
22317 42648
22317 48183
22318 36960
22320 25768
22322 46653
22322 47262
22323 26556
22323 48854
22325 29649
22325 36889
22325 46579
22326 39863
22326 43518
22326 44069
22326 45507
22327 43313
22328 31335
22328 44564
22329 36344
22331 47042
22332 33469
22333 24892
22333 27475
22334 45318
22335 39948
22336 46275
22338 43185
22340 26940
22340 31623
22341 49660
22341 49762
22342 24331
22342 26190
22342 32296
22344 44471
22346 36864
22346 40001
22347 28120
22347 38432
22348 32573
22350 36897
22350 37498
22351 27145
22352 41050
22353 26035
22355 32075
22355 33949
22355 45802
22358 34754
22358 46359
22359 30391
22360 31033
22364 24968
22365 30964
22365 47690
22367 36684
22368 40535
22368 42523
22369 24440
22370 31491
22371 46239
22372 30196
22373 26065
22374 41535
22375 44612
22376 48796
22377 47851
22379 31861
22383 28644
22383 46562
22386 27355
22386 28230
22388 26346
22388 31563
22389 27962
22390 37517
22391 34490
22392 32837
22392 42684
22394 35362
22394 38632
22394 49305
22397 28338
22399 47655
22401 33630
22404 28195
22405 24799
22405 37605
22405 49327
22406 30986
22407 34558
22408 28120
22408 31644
22410 41327
22411 34934
22411 45389
22414 45998
22415 24565
22417 28894
22418 38813
22422 29873
22425 27936
22426 31351
22426 43173
22429 25368
22431 28135
22431 47555
22431 48994
22432 33698
22435 31580
22436 39321
22436 40043
22436 44395
22437 26848
22437 33405
22438 25991
22438 48970
22439 29274
22439 34356
22439 47331
22440 29306
22442 30221
22442 46979
22443 32898
22443 41388
22446 35677
22446 40131
22446 49943
22447 36881
22448 35435
22450 25436
22452 23411
22453 38895
22454 30526
22454 34210
22454 42437
22455 31223
22455 43475
22455 48214
22456 29157
22456 36729
22458 45929
22459 44450
22459 44764
22461 28022
22462 42078
22463 28969
22463 40039
22465 29420
22465 37069
22465 42856
22466 29029
22466 29377
22467 47034
22470 24963
22470 28154
22470 32301
22471 30048
22471 39024
22472 34978
22473 46947
22474 24757
22474 28207
22475 34457
22476 42123
22477 24892
22477 32047
22478 30193
22478 30400
22478 39774
22479 41292
22479 47462
22479 48127
22480 40122
22483 25361
22483 42129
22483 47202
22484 40577
22485 36913
22485 48116
22487 45209
22490 45838
22494 28846
22495 27888
22495 28058
22496 23784
22496 35652
22496 41337
22499 35655
22500 44315
22501 37342
22501 38387
22501 43377
22501 49277
22503 24104
22504 25325
22504 26237
22504 26239
22505 34451
22506 37805
22507 42460
22509 29720
22512 27821
22512 42189
22512 47581
22513 28984
22514 33248
22515 49016
22516 30413
22516 48866
22517 27807
22517 42641
22519 28465
22520 24142
22522 47913
22522 49787
22524 30205
22524 49043
22528 30071
22530 45946
22532 28792
22532 34577
22532 49740
22533 34116
22534 30245
22534 47258
22539 24925
22539 46857
22541 48352
22542 42061
22545 37571
22545 44859
22546 26510
22547 35089
22549 29718
22549 29880
22549 47607
22552 40468
22552 47222
22553 47503
22554 31702
22555 40128
22555 46923
22555 48552
22557 30773
22558 22794
22559 35971
22559 36598
22559 48697
22560 28076
22560 47023
22563 25274
22563 29462
22563 46559
22563 49268
22565 48609
22565 49169
22566 39290
22566 49161
22569 27237
22569 28388
22570 30832
22570 36606
22571 23867
22571 37083
22571 39959
22571 48407
22571 49736
22572 28938
22572 35792
22573 24964
22574 38647
22576 38149
22577 32060
22577 45775
22578 25327
22578 31286
22580 45818
22581 34689
22582 49638
22583 38862
22584 30162
22584 34452
22584 49745
22585 36754
22585 39799
22586 47645
22588 37836
22588 42162
22589 44021
22590 41216
22590 45100
22594 24220
22594 35356
22594 39900
22595 25845
22595 44303
22595 44836
22596 31924
22596 33573
22599 24234
22599 29229
22599 42575
22600 39142
22600 41062
22601 34903
22601 41672
22601 44776
22601 45949
22602 25322
22605 49094
22606 47989
22607 40798
22607 43315
22610 27973
22610 32011
22610 37934
22610 38187
22610 45221
22612 40711
22613 28680
22616 27917
22616 36095
22617 34237
22618 26176
22618 26461
22618 45517
22619 25154
22619 36578
22620 45529
22622 24113
22622 30401
22624 29639
22625 39300
22626 23879
22626 41556
22628 45439
22630 25929
22630 33600
22631 25200
22634 29423
22634 38251
22635 32478
22635 46484
22638 27618
22638 31784
22638 35336
22638 36807
22638 44349
22639 27002
22639 27923
22640 41644
22640 47037
22640 48166
22641 49748
22643 34799
22643 42610
22643 43049
22643 43339
22644 35892
22644 36583
22645 43660
22645 44526
22646 31777
22646 38793
22646 49008
22647 45961
22648 31214
22648 34226
22648 45668
22649 44899
22650 41783
22651 40143
22652 34368
22652 48635
22655 33239
22655 33739
22656 29240
22657 44960
22659 24160
22659 29136
22659 48385
22659 49491
22662 37373
22663 26198
22663 45009
22663 49274
22664 44590
22667 31408
22671 44473
22675 34159
22675 39156
22676 27666
22676 40959
22679 30448
22683 22813
22684 35240
22685 26013
22685 40460
22685 49405
22686 34786
22688 27474
22690 36974
22691 35781
22692 34708
22692 43707
22693 24612
22693 41378
22693 45306
22694 29272
22697 26656
22697 49777
22699 38197
22701 33922
22702 29095
22703 30264
22703 39708
22705 39185
22706 23713
22706 46101
22708 35915
22708 40458
22709 23643
22709 25419
22710 25436
22710 27984
22710 43983
22710 46419
22711 31194
22712 42197
22715 39053
22715 43383
22716 36941
22716 44330
22717 36953
22717 48677
22718 28871
22719 43766
22719 47790
22721 32005
22722 41259
22725 39300
22727 29832
22728 36024
22728 49594
22729 35377
22732 24126
22732 33323
22733 48175
22735 43519
22737 41290
22738 38055
22739 38944
22740 28214
22740 44801
22743 31641
22744 28113
22745 27390
22747 40468
22748 30360
22749 41586
22750 40151
22751 31231
22752 27257
22752 32106
22753 41898
22753 45842
22755 25976
22755 49969
22756 27503
22756 29795
22756 38083
22757 45190
22759 45886
22760 30141
22760 41726
22761 41412
22762 41526
22763 29456
22765 45024
22766 46772
22767 36123
22767 42730
22767 43577
22768 22805
22768 35808
22770 35064
22770 36687
22770 37646
22771 23531
22771 47614
22772 35808
22773 31221
22773 47894
22774 34450
22778 49291
22779 40646
22780 32112
22780 48728
22782 36662
22785 29340
22786 28927
22787 42131
22788 31476
22788 42699
22790 45362
22791 46012
22793 26475
22795 44749
22796 40947
22797 49395
22798 27677
22798 45282
22799 35729
22799 46690
22800 41762
22801 32706
22801 35726
22801 45404
22802 28646
22804 25360
22804 27827
22805 24144
22805 26005
22806 44610
22807 36985
22808 39233
22810 42573
22810 45592
22813 37513
22813 37556
22815 48834
22817 33973
22817 42338
22817 44932
22817 45568
22818 31945
22820 37946
22820 42007
22820 42978
22822 49392
22823 31232
22823 42582
22823 48749
22825 42785
22830 25255
22830 26010
22830 40071
22831 33223
22831 48718
22832 34752
22834 26188
22837 23382
22838 41747
22840 26299
22841 45411
22842 27287
22843 34600
22843 35831
22843 39858
22844 22915
22844 45344
22845 26189
22845 37026
22846 35447
22851 46911
22852 34765
22852 42696
22854 32168
22854 35314
22855 25606
22856 28106
22857 43775
22857 47614
22858 35305
22861 23847
22861 46970
22862 23369
22862 27917
22862 28583
22862 39953
22863 28779
22863 44185
22863 44468
22865 42928
22866 43000
22867 47104
22868 34951
22871 35523
22871 43822
22872 36488
22872 40096
22872 40675
22873 48213
22874 34557
22874 36339
22876 34227
22879 26077
22880 40595
22880 49732
22881 31735
22881 45025
22882 35767
22882 48474
22883 24879
22884 49457
22885 32957
22886 48059
22887 45965
22890 41743
22893 40398
22894 35788
22894 47561
22895 30795
22898 26519
22899 27423
22899 44940
22900 38627
22900 49981
22901 28968
22901 39986
22902 25123
22903 46198
22905 36956
22906 33729
22906 49699
22907 25641
22908 34770
22909 26603
22909 32686
22909 41007
22912 29557
22913 37350
22914 26043
22914 30155
22916 42236
22917 28598
22917 33817
22919 35511
22919 40088
22919 45177
22920 35306
22921 36381
22922 46278
22923 27904
22923 45679
22924 27783
22924 39936
22925 36809
22925 39019
22926 26706
22926 48082
22928 26600
22928 44668
22928 48613
22930 23373
22931 24915
22932 30390
22933 34898
22935 39956
22935 47085
22936 38214
22938 33954
22938 40084
22940 28428
22940 35351
22941 47668
22942 32240
22943 23962
22943 38481
22943 42254
22943 45400
22944 23186
22944 29238
22945 23369
22945 32618
22945 43851
22945 49770
22946 28029
22946 31641
22946 36031
22946 47832
22947 25781
22947 28852
22947 43237
22947 49850
22951 44788
22955 42861
22957 32731
22958 39249
22959 45336
22960 36241
22960 49510
22961 42505
22964 42615
22965 25401
22965 25629
22965 25708
22965 39661
22966 34291
22966 42762
22967 26538
22967 41316
22968 36143
22968 45051
22970 26968
22971 35931
22972 25401
22972 35809
22972 39902
22973 47306
22975 24500
22975 30887
22976 37143
22976 44575
22977 37670
22977 39244
22979 25289
22980 37217
22980 42505
22980 46216
22981 43668
22982 35507
22982 35662
22985 27985
22988 39378
22988 46191
22989 28615
22989 34892
22989 38602
22989 42463
22991 23971
22991 24603
22991 47139
22993 29133
22993 49542
22995 25213
22995 36962
22996 29323
22997 23643
22999 26593
23004 32198
23008 27651
23010 28101
23011 48806
23012 43038
23013 27977
23013 34215
23013 37815
23014 43964
23014 45577
23016 27353
23016 31218
23016 42106
23017 26034
23017 39567
23018 41630
23018 49149
23020 29162
23022 48771
23023 27539
23025 49977
23028 34080
23028 42563
23029 41106
23032 36211
23032 43825
23034 44846
23035 43119
23037 40084
23040 27358
23041 35905
23042 38604
23043 28031
23043 30854
23044 32442
23044 46089
23046 35267
23048 33014
23048 33702
23048 48378
23050 31129
23052 23759
23052 49228
23053 40010
23053 42653
23054 38331
23054 39416
23054 41023
23054 47746
23057 24816
23058 30327
23059 46496
23059 48937
23060 34442
23061 33799
23062 27320
23062 32231
23063 41126
23063 42837
23065 25504
23065 46114
23068 45636
23069 24866
23071 28979
23073 25088
23073 28077
23074 30205
23077 24006
23077 33550
23078 36465
23079 35535
23080 25318
23081 30427
23081 34312
23081 39073
23081 47032
23083 33131
23083 47528
23085 27717
23085 34181
23085 45240
23086 26268
23086 26574
23086 44152
23088 42290
23089 44037
23090 42136
23090 44782
23090 44809
23091 28206
23092 46332
23095 49406
23097 26650
23097 40114
23097 47578
23099 35387
23101 29647
23104 37396
23104 46631
23106 31462
23107 36709
23107 44440
23108 48587
23108 49721
23109 45300
23110 46346
23110 47221
23111 48930
23113 44114
23115 30214
23116 32462
23117 32267
23117 34742
23117 38189
23119 49062
23120 26247
23121 39996
23123 29270
23124 23874
23124 48850
23126 44833
23127 31037
23127 44479
23129 27868
23129 38700
23130 44473
23131 49661
23132 25714
23132 42044
23132 44771
23133 42359
23134 40712
23135 24500
23135 47722
23136 38397
23136 40183
23136 42210
23137 25698
23138 38316
23138 48995
23139 47759
23140 25960
23140 27931
23141 32442
23144 32069
23144 44129
23145 32931
23146 36692
23147 24542
23148 39427
23149 38871
23149 39407
23149 49696
23151 33585
23152 24265
23153 24960
23156 26744
23156 29603
23157 33454
23157 33576
23157 34352
23157 44895
23157 47154
23158 34980
23160 28659
23160 46741
23162 30601
23164 25778
23164 38042
23164 49633
23169 36560
23169 47120
23170 42182
23171 26654
23171 37806
23171 40284
23172 28915
23172 36893
23174 29198
23176 29537
23178 37837
23179 24374
23179 40456
23179 40721
23180 31429
23182 37274
23184 25349
23186 34762
23187 31729
23187 37551
23188 25915
23189 36972
23191 24843
23191 28445
23191 46945
23192 47007
23193 49279
23194 24287
23198 32883
23198 48154
23199 38032
23199 43003
23202 29132
23203 29003
23203 39312
23205 27455
23205 35568
23207 31369
23207 31647
23209 28772
23210 43047
23211 29899
23211 47833
23212 26559
23214 29489
23214 29598
23214 44503
23215 26221
23216 25621
23216 31694
23217 49370
23218 43242
23219 44835
23220 25827
23220 33738
23220 49614
23223 28734
23223 43250
23223 47739
23224 49552
23226 38153
23226 49637
23229 47289
23232 23276
23233 30412
23233 32903
23233 38403
23238 23678
23238 30346
23238 38771
23239 47785
23240 35636
23240 48435
23240 49591
23241 23362
23242 24844
23242 30674
23246 24389
23246 43502
23253 28533
23254 34399
23255 39348
23256 23503
23258 47264
23258 48410
23260 30659
23261 40173
23262 39582
23263 33016
23265 25107
23265 33490
23267 40221
23269 30070
23270 35645
23271 48706
23273 26984
23273 42035
23274 24757
23275 27384
23275 37215
23275 42292
23276 28840
23277 24161
23278 40703
23280 28123
23280 37801
23281 36522
23282 29485
23282 30884
23283 35750
23284 43727
23287 36628
23287 46270
23289 26455
23289 36915
23290 23662
23290 36628
23290 49003
23292 23912
23292 31974
23293 29918
23293 34888
23294 27969
23294 33017
23294 33280
23294 42848
23294 44661
23294 48350
23294 48769
23296 27280
23296 44109
23298 42916
23300 32783
23300 36625
23301 26584
23301 27281
23301 39317
23302 26444
23302 37204
23303 26784
23305 44100
23305 49988
23306 34452
23307 45116
23308 24565
23308 30398
23308 46716
23309 30556
23310 44381
23311 27719
23311 34852
23311 47256
23312 40199
23313 27300
23314 23351
23314 23397
23314 25800
23314 30691
23314 40380
23314 46430
23315 34086
23315 35690
23316 25906
23317 24518
23318 24364
23320 37934
23322 28590
23322 32541
23322 41441
23323 36054
23323 41552
23328 36993
23328 39720
23329 43209
23332 25241
23332 32853
23332 47609
23334 34632
23335 24528
23336 47072
23339 24724
23339 48328
23341 44264
23343 34717
23344 25256
23344 29541
23350 40197
23351 48035
23352 32290
23353 31706
23354 35632
23356 33279
23359 35669
23363 25298
23363 35871
23365 25911
23365 47640
23368 38100
23369 28821
23370 24888
23370 42843
23372 30442
23372 41148
23373 30903
23374 46736
23376 49776
23377 46491
23378 49188
23379 44237
23383 47996
23385 28141
23385 29967
23385 37346
23385 40779
23387 48430
23388 40247
23389 23776
23389 39494
23396 33436
23396 40660
23397 48236
23398 26618
23398 26748
23398 41371
23401 34126
23401 41580
23402 30842
23403 39218
23404 26339
23405 33509
23405 39970
23408 24520
23408 30183
23408 30644
23411 48411
23412 26931
23414 33001
23414 34947
23414 45558
23415 25543
23415 39450
23416 39958
23416 44732
23418 23691
23420 25038
23420 37568
23420 39106
23422 27926
23423 28171
23423 49501
23424 26087
23424 26340
23424 42162
23425 43622
23427 39585
23429 33960
23430 44488
23431 36728
23432 26959
23432 31860
23434 31900
23434 42011
23435 47605
23436 24366
23439 25256
23439 31766
23441 27741
23443 45141
23444 42483
23446 39459
23447 28419
23447 43402
23449 47184
23451 26583
23451 48696
23454 30897
23455 28929
23456 38856
23456 41115
23457 35805
23460 42161
23460 46872
23464 29800
23464 44807
23467 48809
23467 48861
23471 31008
23473 27363
23473 27802
23473 40614
23473 42894
23475 43327
23475 47690
23476 26598
23476 29405
23476 43076
23477 42253
23477 44446
23477 48249
23477 48844
23478 24978
23478 31381
23478 31386
23479 28068
23480 24360
23481 31290
23482 48383
23486 24425
23486 25788
23487 29742
23487 36812
23488 32955
23489 29328
23490 39954
23490 45454
23491 26543
23491 32252
23492 24778
23492 44440
23492 46242
23493 24286
23493 29174
23493 29262
23493 32149
23493 45810
23494 49235
23494 49845
23495 32112
23497 39711
23498 45760
23500 27131
23501 23651
23501 45368
23502 28315
23502 35967
23502 44724
23502 45219
23505 30577
23506 29585
23509 26506
23509 30440
23510 46263
23511 36278
23512 40583
23514 32596
23516 25052
23517 28927
23517 30148
23518 27655
23518 45700
23519 37036
23519 44891
23519 47629
23519 48574
23520 25842
23520 43286
23520 45181
23520 47981
23522 35871
23525 33823
23526 23843
23527 37229
23528 40755
23529 34836
23530 35168
23531 29974
23531 31439
23531 34894
23532 38202
23533 30012
23533 44491
23534 27843
23534 35972
23535 38136
23537 27738
23537 46963
23537 47143
23539 30233
23539 48279
23544 46114
23548 34478
23551 24987
23551 34995
23551 49914
23552 28351
23552 38123
23553 46289
23555 46993
23557 31272
23559 37943
23562 35057
23562 47410
23564 45940
23566 46729
23567 43657
23567 44552
23568 33812
23569 40915
23571 38834
23571 48669
23572 29561
23572 48494
23573 31340
23573 34721
23574 29486
23575 33410
23575 48245
23577 42533
23578 46890
23578 47056
23580 48955
23581 28940
23581 49221
23583 43455
23583 46288
23583 47619
23584 26605
23584 34667
23585 30739
23587 24545
23589 40531
23590 25511
23592 31642
23592 42938
23593 39096
23593 42610
23594 40767
23595 31354
23596 34873
23596 49158
23597 30722
23600 45251
23600 46342
23600 48851
23602 25151
23603 25768
23606 36655
23607 35139
23607 35326
23609 35171
23610 48605
23613 43163
23613 48494
23614 30652
23614 37568
23616 32925
23616 41215
23618 29425
23618 38778
23619 30830
23619 43251
23619 43465
23622 33322
23623 24271
23623 32853
23624 35081
23624 43979
23628 43837
23631 39706
23632 30094
23635 42095
23635 45463
23636 47333
23638 46404
23639 39210
23640 27591
23641 24771
23641 28073
23642 39556
23643 24074
23643 29861
23643 48344
23644 41344
23644 49915
23645 41926
23647 24654
23647 36699
23648 29060
23648 29751
23648 38460
23649 38167
23649 38546
23649 40116
23650 30251
23651 29895
23651 31779
23651 44051
23654 31031
23654 32208
23655 32015
23655 46163
23658 28650
23658 31339
23659 33604
23659 35228
23659 40322
23662 43255
23663 33765
23664 23680
23664 23971
23667 25360
23667 31241
23668 35334
23670 25736
23671 33883
23672 44633
23675 28558
23675 32828
23676 40446
23678 25908
23678 27360
23679 35966
23679 39404
23682 37768
23682 40254
23683 24356
23683 26618
23685 25885
23685 43135
23685 45541
23689 38552
23689 39283
23690 45631
23691 46250
23692 37530
23694 48066
23695 39524
23696 45476
23698 38229
23699 49545
23701 36228
23701 42089
23701 47607
23702 42504
23702 43380
23704 35074
23711 48590
23711 49293
23713 36229
23713 47130
23717 44434
23718 30418
23718 45712
23719 36359
23720 31024
23721 24478
23721 45279
23721 46771
23723 43185
23725 24699
23727 43217
23728 40355
23728 43124
23728 45156
23730 34574
23731 33253
23731 35471
23731 43626
23732 47503
23733 30736
23734 27591
23734 41986
23736 40137
23736 44163
23737 24554
23738 31517
23739 34648
23740 24645
23742 36401
23743 42474
23745 30199
23745 41480
23747 32384
23749 28691
23750 29785
23754 27065
23756 49495
23757 37783
23758 41644
23760 40759
23761 41775
23761 47315
23762 26944
23762 34134
23763 43026
23764 31757
23765 30923
23765 33806
23766 43332
23767 45082
23768 47348
23770 36455
23771 33033
23772 33486
23774 35338
23776 35704
23777 42788
23778 25401
23778 39613
23778 42751
23778 43375
23779 43689
23780 39699
23780 39987
23783 24561
23783 36281
23783 37309
23783 40022
23785 30947
23785 33221
23788 24646
23788 25982
23790 25416
23791 32839
23791 34298
23794 24361
23794 25692
23794 33503
23794 34747
23794 42134
23794 48722
23795 27695
23796 47190
23797 27207
23799 29250
23800 41998
23806 44680
23808 34157
23809 25702
23812 29462
23814 30515
23815 24386
23815 42504
23818 35957
23818 43026
23818 44335
23819 25075
23819 31834
23821 37070
23822 26052
23823 30494
23823 37122
23825 48679
23827 28247
23827 30003
23827 45541
23828 28419
23828 32279
23829 35252
23829 38170
23830 27257
23831 38844
23832 25981
23832 49228
23834 49866
23835 36072
23836 39559
23836 39621
23837 33493
23838 37600
23838 49120
23840 33892
23840 46861
23842 49901
23843 43699
23843 48450
23844 49295
23846 24296
23846 30548
23846 31122
23846 33024
23846 47514
23847 37873
23848 28404
23848 31865
23848 47499
23849 34790
23850 48154
23852 43672
23852 47619
23853 35332
23853 49714
23854 30413
23855 34157
23856 41816
23856 45724
23859 27150
23859 32640
23860 47185
23862 31784
23865 41920
23868 40268
23869 42302
23869 48804
23870 27744
23871 24145
23871 28220
23871 34027
23873 35222
23875 37584
23876 27597
23876 49546
23879 39716
23880 33308
23884 34673
23884 40490
23884 41887
23887 47156
23888 28175
23889 24200
23889 32303
23890 30363
23890 35427
23891 49377
23895 24367
23895 24780
23896 25318
23896 34022
23896 48996
23898 24659
23902 29725
23902 43960
23905 49096
23909 35701
23909 48803
23910 27034
23910 31563
23910 40028
23911 35714
23912 27646
23913 27009
23913 34109
23913 48523
23914 33529
23915 28203
23916 42511
23917 30452
23917 33236
23918 39206
23918 42724
23919 34242
23922 30180
23923 42655
23924 36125
23925 49426
23927 39283
23928 35936
23930 46955
23931 37713
23932 25641
23932 46309
23933 27523
23936 29995
23936 40304
23936 44706
23937 26110
23937 27534
23938 45233
23939 43426
23941 24384
23941 25118
23944 30802
23947 26450
23948 31843
23950 35701
23950 42455
23950 47837
23951 26380
23952 31696
23952 43873
23954 37614
23954 47491
23957 42321
23957 43232
23958 30365
23958 46739
23959 40078
23959 46838
23960 41508
23962 34086
23964 45361
23965 30926
23965 49734
23966 41282
23967 30427
23968 34708
23969 25494
23972 40504
23973 27464
23974 38624
23975 26915
23976 40548
23976 43600
23977 31278
23977 38317
23977 48722
23979 39030
23980 24928
23981 27957
23984 33495
23986 44126
23988 44700
23989 31555
23990 27734
23990 31846
23994 26488
23994 26576
23994 48363
23996 33124
23997 48889
23999 32047
24000 27342
24000 28093
24000 30768
24000 48292
24002 39570
24004 33092
24004 38684
24004 41512
24004 45971
24006 26163
24006 34918
24007 32967
24007 49434
24009 26018
24010 37342
24010 45283
24011 49495
24012 25161
24013 42737
24014 25720
24014 30148
24014 37427
24014 45227
24015 34424
24015 42737
24015 48737
24017 30367
24018 24962
24018 41130
24021 35796
24025 27313
24027 40148
24028 37873
24029 44709
24032 30443
24032 30685
24034 34988
24034 38733
24036 45516
24037 29477
24038 33740
24039 25943
24040 35041
24041 47525
24042 31737
24046 33693
24046 39101
24047 42014
24049 34031
24050 26509
24051 42325
24052 38125
24056 25545
24061 45983
24061 48930
24064 33256
24065 41637
24066 47103
24068 27556
24068 34918
24068 46591
24069 34911
24069 47315
24071 37744
24071 38971
24072 33948
24073 25636
24074 36385
24076 35424
24079 24992
24080 25347
24080 34289
24080 36510
24080 44107
24080 46022
24081 25352
24081 31953
24082 25613
24082 38146
24082 42399
24084 24604
24086 38185
24086 38895
24087 27470
24087 40026
24087 49831
24090 27097
24090 30319
24090 38042
24092 32439
24092 32629
24094 29110
24094 39044
24095 30487
24095 35847
24096 34859
24096 35341
24097 28643
24097 29669
24097 30746
24098 43710
24099 27936
24099 40612
24099 47317
24100 47827
24101 31020
24102 28695
24103 29114
24104 31322
24106 41457
24107 30874
24107 30876
24107 35153
24107 41945
24108 45124
24110 26744
24110 47908
24111 32086
24111 49198
24112 32185
24112 45425
24113 43429
24114 25240
24115 42833
24117 26391
24117 37681
24117 38463
24118 47271
24119 34694
24119 39156
24119 48265
24120 45459
24123 44038
24124 38780
24124 47026
24126 29933
24127 46930
24128 28817
24128 44443
24131 31331
24131 36362
24131 43886
24132 30717
24133 24166
24134 27357
24134 27589
24134 33761
24134 35851
24134 43675
24135 37662
24136 44056
24139 39134
24139 48090
24142 29278
24142 31749
24142 38094
24143 33331
24143 45104
24148 32048
24149 29852
24151 48487
24152 39741
24155 29323
24155 49470
24157 36411
24158 35461
24160 49189
24161 36059
24161 43798
24163 30181
24163 39601
24165 41332
24165 48003
24166 30056
24168 32502
24170 29116
24172 46987
24173 33308
24173 39276
24174 28688
24175 46949
24175 47824
24176 38308
24177 29647
24177 41293
24178 26055
24178 40782
24178 44963
24180 28707
24180 45802
24181 49695
24182 29091
24182 41357
24182 44022
24182 45943
24183 49411
24184 48898
24184 49869
24188 44218
24189 46082
24190 36629
24191 29417
24191 30382
24193 39918
24193 42399
24194 35816
24197 32801
24198 25748
24198 28811
24198 40099
24200 38118
24202 36462
24204 28794
24206 39994
24207 35305
24208 48397
24212 40784
24213 49902
24215 39156
24215 42895
24216 38895
24216 39655
24217 25816
24217 26744
24217 34909
24217 35098
24219 32243
24219 46803
24221 36397
24221 38598
24223 37236
24223 44062
24226 44770
24229 37852
24230 31561
24230 45424
24231 48703
24232 37548
24232 42375
24234 27483
24234 37751
24235 32034
24236 25153
24236 31349
24236 32548
24236 44282
24237 39967
24240 27395
24241 28398
24242 34484
24243 28763
24243 33702
24243 43775
24243 46520
24244 31316
24246 31410
24246 31835
24247 37838
24248 33307
24248 42118
24248 44995
24249 34577
24250 30692
24250 34719
24251 38974
24252 24480
24252 48102
24253 38794
24253 43052
24254 36361
24254 45360
24255 49154
24256 33339
24257 24840
24257 37361
24258 37915
24258 42312
24259 25578
24259 47922
24260 38588
24261 40382
24264 31419
24264 35047
24265 29393
24267 42200
24267 44705
24267 47910
24271 25970
24271 28305
24272 34255
24272 34972
24273 27615
24274 35375
24276 28602
24277 34083
24278 30377
24279 45034
24280 25190
24280 40204
24281 24541
24281 40731
24281 48017
24282 27028
24282 31571
24282 33215
24282 45612
24284 41397
24286 34110
24286 35693
24288 33064
24288 42621
24288 44346
24290 34637
24292 33706
24293 34904
24293 35540
24293 39535
24293 48105
24294 40166
24294 49708
24296 38822
24297 28252
24297 36778
24298 33856
24299 33472
24299 37645
24301 28684
24301 28824
24304 44151
24306 33789
24306 38377
24310 41240
24310 48486
24313 37436
24314 26641
24314 33976
24314 37007
24315 49024
24317 36215
24317 47028
24318 32217
24318 39732
24319 26033
24319 28349
24320 44045
24324 32473
24328 47616
24329 32177
24329 34295
24330 29889
24330 48278
24331 45292
24332 26004
24333 28141
24333 33314
24334 24924
24334 39854
24335 32343
24335 48166
24339 27678
24339 29071
24342 30184
24342 42810
24343 25592
24343 38321
24345 37300
24345 41656
24347 48823
24347 49127
24348 25865
24349 27556
24349 32679
24349 36106
24351 25860
24354 24628
24354 28362
24354 29636
24354 40826
24355 43840
24356 27910
24358 38519
24358 42643
24361 46525
24362 39567
24365 32945
24366 33806
24367 41998
24367 44413
24370 34922
24370 36266
24371 31335
24373 30386
24373 48480
24374 26032
24374 28232
24374 39244
24374 40098
24376 34083
24379 27905
24379 48505
24382 39417
24383 25812
24383 32723
24385 25809
24385 41125
24385 43747
24387 28810
24388 27555
24390 38026
24390 40033
24393 25525
24394 30170
24394 31993
24396 49849
24397 45254
24397 46260
24398 27546
24398 34344
24399 26495
24399 27698
24400 33133
24401 30568
24402 43774
24404 37945
24408 24746
24409 47238
24413 37246
24414 28294
24416 24863
24416 27985
24417 46154
24419 48929
24423 28839
24423 33885
24423 38340
24424 43299
24424 46190
24425 42947
24426 25479
24426 34851
24426 38641
24426 46917
24427 34250
24427 38037
24434 36722
24436 47890
24437 29811
24437 37308
24438 28360
24440 34263
24442 27907
24443 26208
24443 40655
24446 34983
24447 47284
24449 27676
24449 39840
24450 45537
24450 47727
24452 47313
24453 37820
24455 48337
24456 31683
24457 27973
24458 36892
24459 34127
24459 43656
24459 43671
24459 47306
24460 26948
24460 40028
24460 45375
24464 30308
24464 42530
24465 27908
24465 43600
24466 40797
24466 42721
24468 48658
24468 48753
24469 40436
24469 40898
24470 38619
24471 40979
24473 27313
24473 40634
24475 36258
24477 29793
24477 33568
24479 36488
24480 27957
24482 26010
24484 38729
24486 25831
24486 42781
24486 43888
24487 32124
24487 39855
24488 47783
24489 26048
24489 31827
24492 36433
24494 41280
24495 26573
24495 41894
24498 26303
24500 29816
24501 32769
24501 33578
24502 31377
24503 30205
24505 45639
24506 48461
24507 26818
24507 30629
24507 31690
24509 39037
24512 27230
24512 47793
24513 31034
24514 28862
24514 32473
24515 31521
24516 49388
24517 33805
24517 34569
24522 44946
24523 31673
24524 48093
24525 28447
24526 27274
24526 42518
24526 45852
24527 37436
24527 39332
24527 43883
24528 28604
24529 43089
24529 43313
24530 34704
24531 34864
24531 42643
24531 47982
24532 31199
24532 42908
24533 41324
24533 46953
24534 29192
24535 39247
24537 26352
24538 41634
24539 38214
24540 44252
24540 47567
24541 39839
24542 31230
24543 46464
24545 40771
24547 44147
24548 29836
24548 37648
24548 46724
24549 27218
24549 34831
24549 47246
24550 41574
24550 46674
24552 41336
24553 28140
24554 24744
24554 34164
24554 44031
24557 40408
24559 38138
24560 37499
24561 34354
24561 39508
24563 25588
24567 47012
24570 38202
24570 39030
24572 45640
24573 30229
24573 33700
24574 30167
24575 25646
24575 32268
24575 42761
24575 46190
24576 26079
24576 45206
24578 48234
24579 36588
24579 39985
24583 37394
24583 43873
24584 26411
24584 28916
24585 46701
24586 40073
24587 35006
24587 40467
24589 48022
24589 49836
24590 29589
24590 36886
24591 30957
24591 49819
24592 33058
24594 25869
24594 27990
24594 40469
24595 29687
24596 47851
24597 45425
24599 41051
24600 25235
24600 25276
24600 39387
24601 39531
24602 28041
24603 38849
24606 32996
24610 37507
24610 37970
24610 48815
24611 33841
24612 27446
24612 32335
24612 38874
24616 32917
24617 49693
24619 39878
24620 48303
24622 31515
24622 41263
24624 44063
24625 28691
24625 47177
24627 31527
24628 42238
24628 48660
24631 25015
24632 42762
24632 48009
24632 48054
24633 37788
24633 41384
24635 28492
24635 33549
24636 40390
24638 44914
24640 36001
24640 39319
24641 27204
24641 29595
24647 40371
24647 46503
24650 47728
24651 29068
24651 31518
24651 33053
24653 35469
24655 29794
24655 36572
24655 48109
24657 47745
24658 30154
24658 40384
24659 36303
24660 35792
24662 45357
24664 37555
24665 28198
24665 33737
24665 42491
24667 36453
24668 34013
24670 30742
24671 33377
24677 24753
24677 30812
24678 38363
24679 27785
24679 44325
24682 25257
24682 33589
24682 41483
24683 36081
24684 36245
24684 48614
24687 43548
24690 43146
24692 29700
24692 43718
24695 24723
24696 34536
24696 38578
24699 38218
24700 42841
24701 43093
24704 41324
24706 36150
24707 34093
24707 40697
24708 41833
24710 30863
24712 26907
24712 29836
24712 32601
24712 49435
24713 37137
24714 40731
24714 46764
24715 34292
24718 36324
24718 40848
24719 34029
24722 25489
24722 41542
24722 47630
24722 49398
24723 37711
24723 38789
24723 45267
24724 41667
24724 46394
24727 24734
24727 38315
24728 26279
24728 40332
24729 48926
24730 43164
24732 29739
24732 37888
24732 39227
24733 34004
24733 37107
24735 25138
24735 35139
24739 44106
24742 43773
24745 29757
24745 46626
24748 25271
24749 49268
24750 30133
24750 30605
24751 45669
24752 39879
24752 40094
24752 42945
24755 41719
24755 45258
24756 29828
24756 29870
24757 36648
24758 43705
24760 38106
24760 40255
24762 43696
24763 47639
24764 46715
24765 32125
24766 35763
24766 48378
24767 42473
24768 42539
24769 34814
24770 39403
24773 26913
24774 38658
24774 45634
24775 26222
24775 26724
24777 36459
24777 36739
24778 44894
24779 39084
24780 30935
24780 32615
24781 29293
24781 38174
24781 41975
24781 46423
24782 40797
24782 42812
24784 38551
24786 39264
24786 40475
24787 39492
24788 26270
24788 34336
24788 35974
24789 43639
24790 28738
24791 28508
24792 30775
24792 39765
24794 34794
24794 41461
24795 35951
24796 49499
24797 37529
24799 28936
24800 36395
24800 45707
24800 46305
24801 47963
24804 33522
24804 36155
24804 40743
24806 29813
24806 43629
24807 32083
24809 25686
24811 41367
24813 35740
24814 32360
24814 32604
24821 26079
24821 38684
24822 28905
24823 39035
24824 34636
24827 27106
24828 43200
24829 25448
24829 26257
24830 29727
24831 33042
24834 27471
24835 32372
24836 33308
24837 39058
24839 26127
24839 26191
24839 37433
24841 37875
24843 27468
24843 38448
24844 41210
24845 25685
24845 34276
24845 47598
24846 26623
24850 47186
24851 31147
24851 38780
24853 31109
24853 31836
24855 39773
24855 40701
24855 44520
24857 40506
24858 48877
24860 25240
24860 31574
24861 39814
24862 28185
24862 35511
24862 40315
24862 41501
24863 29624
24866 40933
24867 32640
24867 33238
24867 35376
24867 47445
24868 27040
24869 49610
24870 29530
24871 41158
24873 26277
24876 35180
24876 49032
24878 35037
24878 43389
24879 31864
24879 36858
24880 27577
24880 36120
24880 40444
24882 49820
24885 35762
24886 37832
24887 31475
24887 49554
24891 29677
24891 35110
24892 31024
24892 33053
24894 31011
24896 27647
24896 41228
24897 46550
24898 31406
24899 30958
24899 35116
24900 26110
24900 28902
24903 49306
24905 37765
24906 39260
24907 29201
24907 35198
24909 42636
24910 38841
24910 40603
24911 49344
24911 49391
24912 24950
24912 31326
24914 46140
24915 42512
24915 44613
24919 34541
24919 35939
24919 36765
24921 39981
24921 46810
24922 31772
24922 34722
24922 38761
24922 49143
24923 35001
24924 33181
24924 35327
24925 32122
24927 24994
24927 26798
24927 41051
24928 28913
24929 35199
24930 36425
24930 41092
24931 42559
24933 26771
24933 33588
24934 26130
24934 27481
24934 41935
24934 46466
24935 48586
24937 47814
24939 46262
24940 44205
24941 33378
24941 36068
24941 37073
24942 32239
24944 38317
24944 42421
24945 28899
24946 35575
24946 37768
24946 47341
24947 26304
24948 47267
24949 26229
24949 40883
24950 28350
24950 35847
24950 38869
24951 47929
24952 32441
24952 40180
24952 42190
24953 46848
24954 43693
24955 25226
24955 25965
24955 44786
24957 26560
24957 33733
24957 46655
24959 30066
24961 42617
24962 25270
24970 35181
24971 35261
24971 39606
24972 26942
24972 33477
24976 46314
24977 49571
24978 35025
24979 48842
24980 34275
24981 40009
24982 30354
24982 40355
24982 47415
24982 47566
24984 49673
24986 44858
24986 47861
24988 49084
24989 47189
24990 47738
24993 34930
24994 36325
24996 41898
25001 26252
25001 34059
25005 25409
25007 26181
25007 31890
25007 41113
25007 47466
25008 31005
25009 31885
25009 33491
25009 33539
25009 34018
25009 44381
25012 41948
25013 33831
25014 39665
25015 25179
25015 30328
25015 44772
25017 29809
25017 45992
25025 28231
25026 26621
25027 46939
25028 29313
25031 30245
25031 41511
25032 40722
25033 30125
25033 36151
25033 41618
25033 47897
25035 28237
25036 28395
25037 38698
25040 47864
25041 28977
25042 26529
25042 28874
25044 38576
25044 48692
25047 28153
25047 48942
25049 26887
25049 29191
25049 34732
25050 40863
25051 35136
25052 28833
25052 36635
25052 38532
25052 43697
25053 39583
25053 44081
25054 25974
25055 33309
25058 28017
25059 37877
25061 26629
25061 33713
25061 41759
25063 42343
25064 29119
25064 43214
25064 46194
25066 33165
25067 33526
25068 41511
25068 49059
25069 40341
25069 40842
25071 45734
25073 33136
25074 31696
25077 38384
25077 41511
25078 45930
25081 39757
25083 29263
25083 36761
25084 38393
25084 39011
25086 49272
25087 26025
25088 32979
25089 32162
25089 36648
25090 44535
25090 48836
25090 49767
25091 29951
25091 42213
25092 31561
25092 42846
25092 47647
25094 25964
25097 36526
25098 31082
25098 45107
25099 49026
25102 44177
25104 27653
25104 44544
25104 48375
25105 35464
25105 36410
25106 35308
25106 40282
25109 39942
25110 34467
25111 42046
25111 45911
25112 36060
25112 36644
25112 38500
25113 25582
25119 30248
25119 36442
25120 31189
25120 48725
25121 38092
25122 28521
25122 39237
25123 44414
25123 45173
25124 30958
25126 28105
25126 36732
25128 35955
25129 26973
25129 41072
25130 37178
25131 38951
25134 46658
25136 36420
25137 25331
25137 37318
25139 37494
25140 35300
25140 47256
25141 42481
25141 45462
25141 48744
25144 39108
25146 32554
25146 37815
25146 43235
25148 39198
25148 45975
25150 29336
25150 40728
25150 44037
25153 37023
25153 41205
25153 45995
25154 25728
25154 46227
25155 29290
25155 34478
25155 40177
25158 37368
25159 27743
25159 33575
25159 43351
25160 26992
25162 46037
25164 47905
25165 28608
25165 39114
25165 47657
25167 28565
25167 47635
25169 35485
25169 42285
25172 29073
25176 29934
25179 25198
25179 32552
25180 38210
25183 38445
25183 42897
25183 47744
25184 39820
25187 36240
25187 36440
25188 41537
25190 49351
25191 47741
25192 29945
25192 43175
25193 37525
25193 49551
25194 29236
25194 43101
25197 35723
25197 40555
25198 29335
25198 39589
25198 48575
25199 38090
25200 32568
25200 40996
25203 39358
25203 43833
25203 48083
25204 44039
25205 29570
25205 47787
25208 32920
25209 25601
25210 39343
25211 46822
25211 47208
25216 27197
25216 41297
25220 27515
25222 38061
25223 29343
25223 35517
25223 36234
25223 43481
25223 49083
25225 25677
25225 26457
25225 28844
25225 48911
25226 39645
25226 47878
25227 25380
25230 46829
25232 47238
25234 39503
25238 30310
25238 35855
25238 46062
25239 30030
25239 36003
25240 28090
25241 35517
25242 47032
25243 36300
25243 42498
25243 49182
25244 39452
25244 43150
25245 35485
25247 31530
25248 41651
25249 27023
25250 27747
25251 34278
25252 48733
25253 33051
25254 48072
25255 26066
25255 48431
25256 34123
25258 29164
25260 26959
25260 32188
25260 37100
25260 41347
25261 37130
25261 38730
25263 36897
25267 29049
25268 27916
25268 31421
25268 38674
25269 44218
25269 48603
25270 32175
25270 37260
25270 41891
25270 46651
25271 40924
25272 32300
25272 38141
25273 40696
25274 35868
25276 36189
25277 44820
25278 27866
25278 31367
25280 25297
25281 48023
25282 49842
25282 49914
25284 35802
25285 27774
25285 46119
25286 46979
25287 32144
25287 33616
25287 36679
25288 32522
25288 39248
25288 40101
25289 37565
25290 47360
25290 47852
25291 27739
25291 32960
25291 48180
25292 39094
25293 34087
25294 38284
25295 26915
25296 45199
25297 35530
25298 29340
25299 36227
25301 33341
25301 45369
25303 48622
25304 37048
25306 25794
25307 43977
25313 37220
25314 32469
25314 41589
25315 33051
25315 37930
25315 45380
25319 29820
25319 33961
25320 26631
25320 42284
25321 36912
25322 36717
25322 37765
25323 30539
25323 44248
25325 27724
25325 31276
25325 31603
25326 28220
25326 43272
25326 46642
25329 30371
25329 47449
25332 35927
25333 48191
25335 29908
25335 48619
25338 35391
25339 38981
25340 35894
25340 37041
25340 41833
25340 49105
25341 42263
25341 45489
25342 40257
25343 30274
25343 41116
25344 31339
25347 48702
25351 44039
25353 26509
25353 27969
25353 48384
25354 27253
25354 31588
25354 42320
25355 35585
25355 47814
25356 26031
25356 44458
25358 49963
25360 37549
25360 43307
25362 40861
25363 26280
25363 44577
25364 44572
25366 37031
25366 37373
25368 32605
25368 33387
25369 27460
25370 27711
25370 32133
25370 32544
25370 33644
25370 42387
25372 47586
25373 38237
25373 38990
25373 47611
25374 33801
25375 49838
25377 33774
25379 34416
25379 47811
25382 29204
25384 37997
25388 33696
25389 43368
25390 39639
25391 37609
25391 49261
25392 47829
25393 27619
25393 34217
25393 37871
25393 38493
25396 43346
25397 47711
25398 26615
25400 35305
25401 27303
25401 28836
25401 40295
25401 41780
25401 45301
25402 49662
25403 37896
25403 45382
25405 31363
25406 30344
25406 30866
25409 47777
25410 33102
25412 38846
25413 27411
25413 28344
25415 28729
25415 42406
25420 27816
25420 34969
25420 41821
25421 29972
25423 28436
25423 31319
25424 30180
25425 42406
25426 26894
25427 36297
25428 28113
25429 28353
25429 31708
25429 43567
25429 47158
25429 49159
25430 29693
25431 31604
25431 45657
25431 47097
25434 26427
25435 47974
25438 31777
25438 37053
25439 45919
25439 46961
25440 29463
25441 47025
25442 34615
25443 29609
25446 35609
25447 26192
25448 34925
25449 36497
25450 25759
25450 42971
25451 32290
25451 36132
25453 38410
25454 29911
25454 40055
25456 39264
25456 39733
25456 46624
25457 28170
25457 48185
25458 34680
25460 35996
25460 36047
25462 41657
25463 28260
25463 39938
25464 40948
25464 49758
25465 29135
25465 37166
25466 30317
25467 37960
25467 38028
25468 33057
25468 37908
25468 42708
25469 42743
25471 36240
25471 47804
25472 39595
25474 29718
25476 32750
25478 41460
25479 36675
25481 26971
25482 38730
25483 27959
25483 34005
25483 37298
25483 40640
25484 41171
25485 38805
25486 36768
25489 32917
25489 41204
25490 28571
25491 35208
25495 35199
25497 29065
25497 42473
25499 33103
25499 44999
25500 44777
25503 33842
25503 44420
25504 27593
25505 49409
25512 40233
25512 42965
25513 33596
25513 43603
25515 40220
25516 30244
25519 39809
25520 29017
25520 42021
25520 49672
25521 36590
25521 43559
25522 35327
25525 44216
25526 37309
25527 49457
25528 38733
25528 47253
25531 36648
25531 37728
25532 29478
25533 27569
25533 38834
25538 26771
25540 40681
25540 41313
25541 32608
25541 36548
25543 26419
25543 40488
25546 26298
25547 36241
25549 33353
25549 45447
25551 38923
25553 36209
25553 39360
25553 43146
25554 42475
25555 28524
25555 34346
25555 37774
25558 31924
25559 35899
25559 38756
25560 27577
25560 30660
25560 41428
25560 49801
25561 31447
25561 44748
25561 46244
25562 44777
25565 49499
25566 35993
25566 42019
25571 41546
25571 43945
25572 29714
25578 28251
25578 41096
25580 39886
25581 47257
25582 39497
25582 41367
25583 37983
25583 45287
25584 27542
25584 39260
25586 33154
25587 40541
25588 34160
25588 41787
25589 43204
25591 25665
25595 29239
25595 32386
25595 33060
25595 37224
25595 43151
25596 29462
25596 48778
25597 33555
25597 42563
25597 43655
25599 28615
25599 35473
25599 42999
25604 25624
25605 48951
25606 28145
25606 29929
25606 47643
25609 39083
25609 39086
25609 48472
25612 42387
25613 34040
25614 42999
25616 35588
25616 42849
25618 29407
25620 26096
25620 47920
25621 32846
25622 33189
25624 44902
25626 27777
25627 34183
25628 48245
25629 46068
25630 36346
25630 38620
25631 38748
25633 37061
25634 41662
25635 46020
25637 37839
25638 44363
25639 42611
25639 46411
25640 43053
25641 30121
25646 45974
25647 27903
25647 49594
25648 26865
25649 42837
25651 37274
25652 33019
25652 45124
25653 29780
25653 49224
25659 31843
25660 36593
25664 30110
25665 29377
25665 30070
25665 43692
25666 27872
25667 38214
25667 44770
25668 32413
25668 36443
25669 45903
25669 48010
25670 27907
25670 39604
25671 30199
25672 32245
25674 37957
25675 31070
25675 39518
25676 37791
25678 42758
25680 35118
25681 28353
25681 30916
25681 32522
25683 25821
25685 46204
25686 30108
25686 38911
25687 48651
25688 35916
25689 27737
25689 44718
25690 27452
25690 30119
25690 45638
25691 41621
25691 42578
25692 39021
25693 43722
25694 26016
25695 40171
25696 38577
25696 44678
25697 38137
25697 45095
25700 41912
25701 26603
25704 35601
25705 42190
25706 44341
25708 35241
25709 40243
25711 32329
25711 35913
25711 44644
25711 46911
25712 37423
25713 38086
25714 32387
25716 28523
25716 42293
25717 45946
25719 36894
25721 30873
25722 30658
25722 38511
25722 42112
25725 48228
25726 46433
25728 37459
25729 46728
25730 40572
25731 33466
25731 44018
25733 44426
25734 33444
25735 35829
25735 39045
25735 45578
25736 37277
25737 29624
25737 42623
25737 47409
25739 38100
25740 42949
25741 41200
25741 41211
25742 36572
25742 37682
25742 39067
25743 38488
25744 44586
25744 46946
25748 42368
25749 48494
25751 42249
25754 33119
25755 31558
25755 41146
25757 49214
25758 32685
25759 47634
25760 34235
25761 27122
25761 28259
25761 33172
25762 42226
25765 37038
25766 39012
25767 26502
25767 27645
25768 28032
25770 34237
25770 35961
25770 38588
25772 38661
25772 47254
25773 36188
25774 29308
25775 32995
25775 38111
25778 33383
25778 42325
25779 28408
25780 37700
25781 39456
25784 43381
25786 46861
25788 40055
25789 35481
25789 35714
25790 35353
25790 39311
25790 42151
25790 45808
25791 36246
25792 34032
25793 26518
25793 30532
25793 37079
25793 43312
25793 49592
25794 27676
25795 27547
25795 41679
25795 49778
25796 33822
25799 44713
25800 32994
25801 37130
25802 28069
25802 33050
25802 34222
25803 33524
25803 34766
25804 26970
25807 29804
25808 30580
25808 44268
25812 38734
25813 33394
25814 35377
25815 27999
25815 35772
25815 40000
25817 42837
25818 33080
25818 34057
25819 37661
25820 28246
25820 45439
25823 26608
25823 40421
25824 31078
25825 35534
25826 46997
25829 31521
25830 42678
25832 43134
25833 27305
25834 30002
25834 45863
25836 42403
25836 42964
25838 27506
25838 29851
25838 43185
25841 37053
25842 46373
25843 46420
25845 37655
25845 47556
25846 40469
25847 46424
25849 43640
25849 49784
25851 32928
25856 27666
25856 31804
25856 39292
25857 34536
25857 42112
25857 48884
25858 49929
25859 27515
25859 44533
25861 28398
25862 43153
25863 31636
25863 36593
25864 45753
25865 46633
25868 27374
25868 29246
25868 41135
25870 28240
25870 38236
25871 38159
25872 32824
25872 37009
25872 37206
25872 40486
25873 37414
25877 37499
25878 27020
25882 27280
25883 33474
25883 44815
25884 42394
25884 43987
25884 45469
25885 47713
25886 26479
25888 27822
25888 29993
25889 47370
25890 29671
25890 45553
25890 47035
25893 40737
25896 26229
25901 29350
25901 46701
25902 36478
25902 40395
25902 49677
25903 41792
25911 33677
25913 35786
25913 48350
25914 28035
25914 31496
25914 36285
25914 36930
25915 26577
25918 32979
25919 34902
25920 26096
25920 38734
25921 30624
25921 46284
25922 48312
25924 37604
25926 36756
25927 37464
25930 44587
25930 48670
25931 29760
25931 37522
25931 43076
25934 39540
25935 32691
25935 33728
25940 32838
25941 29733
25941 49097
25945 44442
25946 30313
25946 31139
25946 35031
25946 46819
25949 40156
25949 44174
25951 34839
25951 43643
25953 36761
25953 39546
25955 48952
25956 44546
25957 42778
25959 25993
25959 30589
25960 26088
25963 44945
25964 44126
25964 44499
25964 49101
25965 46868
25967 26143
25967 40615
25967 46775
25971 37406
25976 39670
25976 42707
25977 42445
25978 45103
25978 47055
25979 29295
25979 43015
25980 31893
25980 32352
25981 26140
25981 39738
25983 27764
25983 37259
25985 48358
25986 42502
25987 29791
25990 32378
25991 41111
25993 30532
25994 42237
25994 48418
25994 48989
25995 28630
25995 47726
25997 27795
25998 30808
25998 32303
25998 46804
25998 49620
26004 27527
26007 40333
26007 43700
26007 49975
26008 38534
26008 38657
26009 45497
26013 43692
26014 38220
26014 40106
26014 44809
26016 28168
26018 27131
26018 48882
26019 43053
26021 44369
26024 34720
26024 47943
26026 37803
26028 27612
26028 39991
26029 35243
26030 33259
26030 43891
26032 43250
26033 36708
26034 33056
26035 40103
26036 44794
26037 32562
26038 49953
26039 27908
26039 31097
26041 33850
26041 49888
26042 27470
26042 47229
26043 49247
26044 27948
26044 35801
26044 41878
26046 29671
26047 29002
26047 34837
26049 37401
26049 40147
26050 49766
26051 33938
26051 47412
26052 31484
26052 49081
26056 47601
26057 28186
26058 31769
26058 33482
26058 43311
26059 45138
26060 41931
26060 45756
26061 27364
26063 45189
26067 28261
26067 31839
26067 34903
26067 48457
26068 34623
26072 27755
26072 49639
26073 28862
26074 38031
26074 43475
26075 36253
26077 37523
26079 30959
26079 40964
26081 32272
26081 33825
26081 40787
26081 49276
26082 32171
26082 38044
26083 36478
26084 39246
26084 45739
26085 30189
26087 29399
26089 28089
26090 28356
26090 31510
26090 45019
26090 47965
26091 33751
26091 37665
26092 31874
26096 47040
26097 27451
26098 28697
26098 48794
26099 36763
26100 35822
26104 34485
26105 33698
26106 26363
26107 36910
26107 44255
26108 48430
26110 26302
26110 28790
26114 41567
26114 44312
26115 43859
26116 26490
26117 29328
26117 40282
26118 32401
26120 32680
26122 38209
26122 48355
26125 44755
26127 33411
26127 48018
26130 31271
26130 33911
26130 38520
26131 27646
26131 32765
26131 35539
26133 33107
26133 45966
26134 34116
26135 29985
26135 32176
26137 26354
26137 30935
26137 32168
26139 27971
26139 47250
26140 33972
26141 49678
26143 34469
26146 26785
26148 49320
26149 34638
26150 43043
26151 31442
26152 29997
26152 46092
26152 48638
26153 31458
26153 49675
26155 41193
26156 29348
26156 43671
26157 29225
26157 40770
26157 41995
26157 47757
26159 27828
26159 38844
26163 30238
26165 30064
26165 45993
26167 47884
26168 34151
26168 34770
26168 35086
26168 38317
26169 43041
26170 39592
26171 35134
26172 28144
26173 29106
26174 30081
26174 40859
26175 32458
26175 34323
26175 45253
26176 33663
26177 37880
26177 45593
26178 33440
26178 35870
26178 44549
26179 28271
26180 27013
26180 29001
26183 29216
26183 35689
26185 41498
26186 43366
26187 29121
26189 37687
26191 31149
26192 34034
26194 31219
26194 36031
26194 47446
26196 40001
26197 33772
26198 43993
26199 29227
26200 28336
26200 43577
26200 45408
26201 29645
26202 45750
26203 35283
26204 37249
26204 38102
26204 46972
26205 34388
26206 40174
26206 44472
26208 27949
26208 37073
26209 35011
26209 43001
26211 36778
26213 37124
26213 37665
26215 41119
26216 30369
26217 28552
26217 38853
26218 35021
26218 45503
26220 29838
26220 30636
26220 47998
26221 37880
26221 42376
26222 30920
26222 31367
26223 35896
26223 44066
26225 40255
26226 29458
26227 33312
26227 39235
26228 31923
26228 41386
26228 43920
26231 31171
26233 28428
26233 29550
26233 46052
26234 38032
26235 35967
26235 45632
26236 37626
26237 36191
26238 49791
26239 48352
26241 30241
26242 33799
26242 38417
26243 49592
26244 46689
26244 49541
26246 27076
26246 35461
26246 39069
26248 28208
26248 36022
26251 42820
26253 32925
26253 40673
26253 44733
26254 41293
26255 32027
26255 33109
26256 36077
26257 43032
26258 34336
26259 45009
26259 49277
26260 32282
26262 38459
26262 43302
26267 33631
26267 43832
26268 32569
26268 33638
26269 37189
26269 45093
26271 43401
26272 38306
26272 40751
26272 42743
26273 26564
26275 33012
26276 41645
26276 47516
26277 38820
26278 29818
26278 33955
26283 36059
26285 29995
26285 37502
26285 43577
26285 45956
26286 35093
26286 44988
26288 29764
26289 43608
26291 32131
26292 37863
26295 30551
26296 31851
26296 36076
26297 45897
26297 46409
26299 26321
26300 28094
26300 40064
26301 29101
26302 33925
26302 45364
26302 45794
26303 47570
26304 36395
26305 28051
26306 35212
26309 47319
26310 40377
26311 42203
26311 46141
26314 44866
26315 34153
26316 40154
26317 35193
26318 47982
26319 43053
26319 44067
26320 47784
26321 41209
26321 41322
26322 34225
26324 41869
26324 49758
26326 31815
26326 47526
26328 38759
26328 47011
26329 38100
26332 34197
26333 28898
26334 28530
26334 32721
26334 42834
26335 32684
26335 49698
26336 30524
26338 44153
26339 33248
26340 40210
26341 33667
26341 48177
26345 46157
26347 28596
26347 31687
26349 42172
26352 48842
26353 30404
26354 31999
26357 27240
26363 35183
26363 39654
26364 33124
26365 37557
26366 39199
26367 46422
26368 40980
26371 35186
26375 27925
26375 49473
26375 49549
26378 35341
26381 28888
26381 49518
26382 34238
26382 45433
26383 28981
26384 46293
26385 44995
26386 34590
26386 38706
26386 45083
26388 33992
26388 42026
26388 47465
26388 49658
26390 29728
26392 45763
26394 27014
26394 44221
26395 26438
26396 29236
26396 40456
26397 26925
26397 27207
26399 32858
26402 29975
26403 42051
26404 29601
26404 40388
26405 46711
26406 34882
26407 35340
26407 46595
26410 47339
26412 34679
26413 30374
26413 45212
26416 44108
26416 49434
26417 41065
26419 36157
26420 32570
26422 45337
26423 38831
26425 27508
26425 47921
26425 49787
26425 49872
26426 32341
26426 41184
26427 49630
26428 39873
26429 42707
26431 27031
26434 26616
26436 39825
26436 47455
26438 26974
26438 49907
26439 31142
26441 39596
26444 43637
26444 44236
26445 40649
26446 30729
26446 47883
26448 42375
26448 44014
26450 28306
26451 44860
26451 46367
26452 42077
26452 43440
26454 32098
26454 38218
26454 45643
26458 32545
26458 42836
26458 42915
26459 44683
26460 26880
26461 27494
26462 34608
26462 37030
26462 39002
26462 40244
26462 41170
26462 43901
26464 31218
26464 38807
26467 32854
26467 40833
26467 41644
26468 32741
26469 42157
26470 28876
26470 31363
26470 38119
26470 42308
26471 37573
26472 28162
26472 33683
26472 44060
26473 44316
26475 29492
26475 46201
26477 42005
26478 31299
26478 33456
26478 43841
26480 48637
26481 32718
26481 35637
26483 31209
26483 45715
26486 37021
26486 40709
26487 42925
26489 30260
26491 28776
26491 30221
26491 38251
26492 33296
26492 49289
26493 30038
26493 40281
26493 43815
26493 47895
26495 27175
26495 42158
26497 37191
26500 32029
26500 41049
26500 43717
26501 30355
26501 42197
26502 36994
26502 43138
26503 34093
26505 29994
26505 49886
26506 32431
26507 28284
26507 34272
26508 28485
26508 36315
26511 28238
26511 31635
26511 40626
26511 44241
26512 33533
26513 35375
26514 34743
26515 26615
26515 45999
26515 47678
26516 36468
26516 40145
26517 32604
26520 48840
26521 44875
26521 47088
26522 34664
26523 27462
26523 46993
26525 32928
26526 35956
26527 35907
26527 38116
26527 48039
26531 37436
26533 38609
26534 49178
26536 32484
26536 37118
26536 40896
26537 36085
26537 44257
26538 28167
26538 36472
26538 46982
26539 28476
26540 28167
26540 49288
26541 27191
26541 35394
26543 31120
26543 46369
26544 44629
26544 49074
26545 27383
26545 38067
26548 30322
26550 47716
26553 36749
26553 42670
26554 30246
26554 49528
26556 28257
26558 31770
26558 36376
26559 41645
26560 35498
26561 33004
26562 42081
26564 31385
26567 37125
26569 30750
26569 39890
26569 49360
26572 34033
26577 42193
26578 35167
26578 45833
26579 27028
26580 27605
26580 34964
26582 31729
26582 44431
26585 29838
26585 35152
26585 42902
26588 39159
26589 41641
26590 29628
26590 48857
26592 30843
26592 31092
26594 49607
26596 34704
26597 48196
26598 34118
26598 42186
26598 47415
26599 32917
26599 49255
26600 29009
26600 30048
26600 33682
26600 39965
26600 45904
26601 40478
26601 43518
26601 43538
26601 45973
26601 49708
26606 39577
26607 41840
26609 27234
26610 34507
26611 34797
26611 39558
26613 38690
26614 42410
26615 43689
26617 34344
26618 49265
26619 44692
26620 29659
26620 31140
26622 37413
26622 44784
26623 49054
26625 37170
26627 35421
26627 43350
26628 29836
26628 43929
26628 49478
26630 27797
26630 42356
26630 42734
26631 49122
26633 38707
26634 41278
26634 41844
26637 40733
26637 45613
26638 33204
26638 37994
26638 40623
26641 29327
26644 27828
26644 38569
26646 29358
26647 40274
26648 39019
26648 41180
26648 46814
26651 33443
26651 46578
26655 34601
26655 42882
26656 30538
26657 49851
26658 35716
26659 39641
26660 36591
26661 31528
26661 33108
26661 39118
26662 29994
26663 35323
26663 39771
26665 27160
26665 43482
26666 28837
26667 38148
26668 34577
26669 35154
26669 49840
26670 40043
26670 40295
26671 29280
26671 42973
26671 45023
26672 42323
26672 46475
26673 37084
26674 30926
26674 38544
26675 36429
26676 30218
26676 39974
26677 43902
26677 44311
26678 34496
26678 44630
26679 33489
26680 27410
26680 28258
26680 30427
26681 41254
26687 28170
26689 27681
26689 39318
26690 33531
26690 40686
26691 42910
26692 49545
26693 32685
26693 42559
26697 40726
26698 39334
26700 33167
26700 42628
26701 31058
26702 36955
26703 41231
26705 28024
26705 40308
26707 39710
26708 29009
26708 37516
26709 28511
26715 39227
26715 49833
26719 34338
26721 45038
26722 46973
26727 47197
26728 32424
26730 30470
26730 47198
26731 31408
26731 41421
26733 35561
26738 29489
26738 29802
26738 33582
26739 41263
26741 34782
26742 33036
26743 36496
26743 38547
26745 34209
26745 40172
26745 43357
26746 32821
26747 47587
26748 42935
26748 48210
26750 27013
26751 49371
26753 45892
26754 40015
26755 34709
26755 35226
26756 36213
26756 41136
26758 43771
26759 28581
26759 37070
26759 41010
26762 44684
26763 46380
26764 48694
26765 31206
26770 46932
26771 32080
26771 48572
26773 27185
26773 28796
26773 35558
26775 49061
26777 29149
26777 37623
26780 49526
26783 35050
26784 27073
26784 44357
26787 37160
26787 37867
26787 38142
26787 46260
26794 37756
26795 36614
26796 40925
26796 45402
26798 38264
26801 32453
26802 37102
26803 42071
26804 33025
26805 40059
26805 46222
26806 39434
26807 35613
26808 41540
26809 44271
26810 30694
26815 41542
26815 46539
26816 29938
26817 46822
26820 40184
26821 40601
26822 31136
26822 48566
26823 42693
26823 46463
26827 38554
26827 49480
26829 34460
26829 37835
26829 44135
26829 49431
26830 36790
26832 31558
26832 33797
26832 48558
26833 40052
26835 48970
26837 38707
26838 45902
26839 41252
26840 47109
26840 48511
26841 48532
26841 48968
26842 30765
26843 31746
26844 45763
26845 34727
26846 26884
26846 27020
26850 40885
26851 26925
26852 40855
26853 30866
26854 31153
26855 46022
26858 49960
26860 30056
26861 45182
26861 47793
26862 34809
26862 40696
26862 41031
26862 45658
26863 47972
26864 48152
26866 27749
26868 36542
26868 43845
26869 28956
26870 31307
26870 44852
26872 40518
26872 45746
26875 47854
26876 28280
26878 39075
26879 34681
26879 48889
26880 28276
26881 33160
26881 40589
26882 29041
26882 31349
26882 44716
26883 37158
26886 37570
26887 43105
26888 28551
26888 33911
26889 42120
26889 45373
26890 28607
26890 30171
26892 32046
26893 41582
26894 29831
26896 32007
26896 49412
26897 49136
26900 32522
26902 27104
26902 33541
26905 32744
26906 32058
26906 40178
26906 41714
26907 28386
26909 37260
26912 34497
26912 49831
26913 46196
26918 36629
26918 39451
26920 36603
26921 34084
26921 44153
26924 32008
26925 46007
26926 36031
26926 44852
26926 48625
26928 31288
26928 33655
26929 40175
26931 35111
26931 39221
26932 39484
26933 37628
26934 48109
26935 31127
26936 43811
26937 34770
26937 49555
26938 35063
26938 46752
26939 27190
26939 49912
26945 36428
26946 30977
26948 33435
26950 45763
26951 27607
26952 37545
26955 38087
26956 30257
26958 48241
26959 27236
26959 39232
26963 29344
26963 36703
26964 30159
26964 49872
26965 36052
26966 33662
26967 29410
26969 29321
26970 30718
26970 47998
26972 32762
26972 38402
26972 39190
26972 39552
26973 27242
26974 38750
26975 49652
26977 27415
26977 40222
26978 34108
26981 33503
26983 45950
26984 35532
26987 33382
26990 46714
26990 49912
26991 34750
26992 29763
26992 42575
26992 46920
26994 42031
26994 43573
26997 46137
26999 40363
27002 47582
27003 46099
27006 43920
27008 30933
27008 31965
27010 34647
27010 47982
27012 38399
27012 46289
27013 45771
27014 34167
27015 37965
27015 44893
27016 40896
27016 44241
27017 38505
27018 39324
27019 35753
27020 29523
27020 37115
27022 48713
27023 31117
27023 35914
27024 38377
27027 34920
27027 44287
27029 34807
27029 46553
27031 42286
27032 34638
27034 36416
27038 42924
27039 33631
27040 27794
27043 30227
27043 42462
27044 27539
27044 34003
27045 47253
27046 43562
27047 42072
27049 33624
27050 44058
27052 31134
27052 38276
27052 43147
27053 32455
27053 48372
27054 29677
27054 31142
27054 35457
27054 49011
27055 44025
27060 29705
27061 33163
27062 28419
27063 46649
27064 48496
27065 36194
27065 44093
27066 39809
27068 33605
27068 46672
27069 48408
27072 32816
27074 43117
27076 40175
27078 28530
27081 31039
27082 38516
27084 33767
27085 29173
27085 29628
27085 38665
27085 39432
27086 45839
27088 30131
27088 32784
27088 35055
27089 39524
27090 30840
27090 37669
27091 35395
27092 45317
27093 33041
27093 39663
27094 44408
27095 40188
27095 49790
27096 43136
27097 40260
27097 44926
27099 46222
27100 27552
27100 44652
27101 37578
27102 35789
27102 40659
27103 42135
27103 44628
27104 32756
27104 48005
27105 34918
27105 43625
27106 47387
27107 35670
27108 34622
27108 41413
27108 46669
27109 36093
27109 37929
27109 38068
27110 29901
27111 43359
27112 44228
27113 43673
27113 48874
27116 43361
27117 37621
27122 34899
27122 38855
27123 35730
27125 31265
27125 49292
27126 41490
27127 33306
27127 49055
27128 27985
27128 33896
27129 37361
27131 38207
27131 41580
27133 29513
27133 34485
27134 40881
27136 35947
27136 44555
27140 33894
27140 35215
27140 49941
27143 31847
27143 46965
27144 30248
27146 45189
27147 37764
27148 36534
27149 30749
27149 43992
27151 33313
27151 49300
27153 27825
27156 45027
27157 44822
27158 31840
27159 33814
27159 38979
27160 30629
27160 42582
27161 47845
27162 37776
27164 47340
27168 37698
27170 33898
27171 28068
27172 40158
27172 45739
27173 47929
27175 47648
27177 27186
27178 34682
27179 33626
27183 34610
27183 37054
27183 37846
27186 44656
27187 46277
27188 43668
27189 33064
27191 29408
27191 40563
27194 33378
27194 48065
27195 45904
27196 35225
27199 44709
27204 46457
27205 38591
27206 30117
27206 48553
27207 38447
27208 37848
27209 49296
27210 27418
27210 41204
27211 29607
27211 46262
27211 49490
27212 39418
27214 27901
27215 46013
27215 46570
27216 35888
27217 49718
27218 40266
27218 41418
27222 27333
27224 49815
27225 35369
27225 40762
27225 48293
27226 32127
27226 39893
27227 37696
27230 34618
27231 40481
27233 28644
27233 33611
27234 38601
27235 38803
27238 38977
27240 36042
27240 38198
27240 44604
27241 37118
27241 49787
27242 31639
27242 31932
27242 36714
27243 35110
27244 34807
27244 34892
27245 28419
27245 32475
27245 43452
27248 33204
27249 40201
27253 28378
27253 33562
27254 34717
27255 27646
27255 45718
27256 48938
27258 41832
27259 42307
27260 29828
27261 38889
27261 46574
27261 48912
27265 45630
27266 46293
27271 34355
27273 41461
27276 40225
27277 38655
27280 34161
27287 29368
27287 39924
27287 49289
27289 27405
27290 39522
27290 42857
27292 37507
27292 40723
27292 43331
27294 41328
27294 45770
27295 45867
27297 29742
27300 39160
27301 43342
27302 47792
27303 28214
27303 39720
27304 28010
27304 41455
27305 27994
27305 44047
27305 46217
27306 34377
27306 48368
27307 31655
27307 48266
27308 28878
27309 29413
27310 30032
27311 28537
27312 36711
27314 43369
27314 46633
27315 39340
27315 48301
27320 33838
27321 29987
27321 37823
27321 41634
27324 35970
27324 39154
27324 47867
27325 37976
27326 49851
27327 31605
27329 37858
27329 47639
27332 39967
27333 40940
27333 42165
27334 34874
27334 44321
27336 32835
27337 30673
27338 30539
27338 36538
27338 44922
27342 42919
27342 43410
27343 40995
27345 31980
27345 36235
27345 38288
27346 37677
27346 38264
27346 46833
27347 43892
27349 44413
27351 48249
27354 39561
27355 37621
27356 45856
27358 46065
27360 28566
27360 36067
27362 34155
27362 41478
27366 46266
27367 48814
27369 38511
27372 39057
27372 43926
27372 47102
27374 39647
27375 33049
27378 45015
27379 27560
27379 29205
27382 29441
27383 31114
27383 40437
27386 34170
27388 28759
27388 32173
27390 44015
27391 29745
27392 38008
27394 48626
27396 49113
27397 30738
27399 39087
27401 27627
27401 29809
27401 46978
27402 43211
27402 47100
27403 31277
27403 32681
27405 46182
27407 30159
27407 39419
27409 33208
27410 44649
27411 34704
27411 48493
27412 42077
27413 29626
27413 46314
27416 36565
27416 38374
27417 37541
27417 45034
27421 45666
27427 30726
27427 37492
27427 45582
27429 47268
27431 29255
27431 33048
27435 37368
27437 35768
27438 38411
27441 27603
27441 46239
27442 42967
27444 28193
27444 38073
27446 30834
27446 39867
27447 34932
27447 40021
27447 48942
27449 30024
27449 40798
27450 34616
27453 35519
27453 44927
27455 42940
27456 28422
27456 38826
27457 47055
27458 45683
27458 48800
27459 44993
27460 41575
27461 35481
27461 37840
27462 35199
27463 27658
27463 43290
27464 35916
27464 41927
27464 42371
27464 43160
27465 32750
27466 27813
27467 31980
27468 40716
27468 42871
27469 39616
27469 48717
27470 30655
27470 38785
27470 40654
27472 36833
27473 39124
27473 49212
27476 41999
27477 31567
27477 45737
27478 33020
27478 35275
27478 37633
27480 28051
27481 47716
27485 35894
27486 48880
27489 33759
27490 32754
27494 33045
27495 28889
27495 37026
27496 29377
27497 29807
27499 34434
27499 37528
27499 48615
27501 35596
27501 36105
27502 41105
27503 37065
27507 37502
27507 38937
27507 44020
27508 35805
27509 33408
27509 34823
27509 47521
27510 32451
27510 34141
27515 31901
27517 27656
27517 38077
27517 41263
27519 44577
27521 35652
27521 47209
27522 42247
27523 33528
27524 48680
27525 38166
27525 44464
27526 45006
27530 47179
27531 32757
27532 39409
27532 46262
27534 38618
27535 28863
27535 36917
27535 47814
27536 49775
27537 41401
27538 41526
27539 46580
27541 28968
27541 47376
27542 32176
27542 36670
27543 32927
27544 45753
27546 46008
27547 27694
27547 40045
27547 49024
27548 30939
27551 31252
27552 27587
27553 27594
27554 38742
27555 32638
27556 31982
27557 46671
27558 36985
27558 46325
27559 37217
27559 41314
27559 48807
27560 37516
27561 49584
27563 42175
27565 36681
27565 46624
27570 32817
27572 39577
27572 47452
27577 47563
27579 33307
27579 48950
27583 30665
27585 45390
27587 30160
27587 31078
27588 44525
27590 30768
27590 31504
27590 42791
27591 44214
27591 45380
27594 35153
27596 42867
27596 46241
27597 31523
27598 41662
27599 45097
27600 29758
27601 28162
27601 28873
27601 41719
27602 37703
27608 34817
27609 30373
27610 40618
27610 42405
27610 42870
27615 30199
27615 45932
27616 40883
27617 30450
27617 38919
27618 44221
27619 37250
27620 29287
27621 33387
27621 39128
27623 48189
27625 35916
27625 39231
27627 35716
27628 33104
27628 43727
27630 30113
27630 38491
27631 42888
27635 47965
27638 38203
27638 42917
27639 29599
27639 43701
27642 47836
27644 34734
27645 28859
27645 29916
27648 35396
27649 40232
27649 40962
27650 43700
27651 49047
27655 43494
27656 31049
27661 48723
27662 43578
27663 34982
27664 28753
27664 37266
27664 46658
27665 45058
27667 30768
27668 34682
27669 30670
27671 38356
27671 39123
27673 33992
27673 41379
27675 37098
27675 44987
27677 43476
27677 49865
27680 43663
27680 44595
27682 42041
27683 46818
27683 49738
27684 33280
27684 37751
27685 37464
27686 41910
27687 39519
27688 37052
27688 41817
27689 28427
27691 29735
27691 31831
27692 45424
27693 40131
27694 34112
27695 28229
27698 39771
27700 49172
27702 47745
27705 44845
27706 29892
27708 29262
27708 41236
27710 44637
27713 46927
27714 36047
27715 31134
27716 30819
27718 44637
27719 45144
27720 45642
27722 29542
27723 30679
27723 43484
27724 31907
27724 35364
27726 48631
27727 31023
27727 42900
27727 43566
27728 33887
27729 37450
27729 48449
27731 30529
27732 40069
27732 41976
27734 32455
27734 41852
27738 30234
27738 41769
27738 42467
27742 32910
27745 37659
27746 42027
27749 29805
27752 36923
27754 38700
27755 32053
27760 42518
27761 29555
27762 34879
27762 49382
27764 35973
27765 29413
27765 42835
27766 35092
27766 41301
27768 36259
27770 46968
27774 46208
27775 49190
27776 34595
27776 35255
27776 47798
27781 31911
27784 37704
27784 49719
27785 49767
27786 30401
27786 38518
27787 33138
27789 32666
27789 39759
27790 28161
27791 32976
27791 40807
27792 47869
27795 48349
27797 34027
27798 30438
27798 44357
27800 47203
27801 31786
27802 46044
27803 36573
27804 35522
27806 44370
27807 38897
27808 32609
27810 38956
27811 42049
27811 47168
27813 47746
27814 31230
27816 29066
27816 37586
27816 38553
27816 40048
27816 40066
27818 30319
27818 34832
27818 38695
27818 45730
27820 48755
27821 42031
27822 45577
27826 37219
27826 37606
27827 31939
27829 42891
27830 30471
27831 29928
27831 35198
27831 40864
27832 39813
27833 31412
27834 32891
27834 36921
27836 29567
27839 35338
27839 38687
27840 35956
27840 36633
27844 42280
27844 46152
27845 38103
27847 35740
27847 39917
27849 30196
27853 28303
27853 30875
27853 36723
27853 48337
27853 48532
27855 49909
27856 45409
27858 42295
27859 40630
27859 41382
27860 29254
27860 30154
27864 48466
27867 38176
27868 29515
27868 47133
27869 29228
27870 47411
27872 43956
27872 49511
27874 36482
27874 36833
27875 40455
27877 27982
27878 34633
27878 44859
27878 48250
27882 35576
27883 34697
27883 45821
27885 49128
27889 35748
27889 47475
27890 37795
27890 39028
27890 43888
27891 43012
27893 45125
27893 45944
27894 29942
27894 32658
27896 34688
27897 39986
27899 29547
27899 32247
27899 35922
27901 35093
27901 44998
27902 32020
27905 49822
27909 35357
27910 36740
27910 44211
27914 33140
27914 40602
27914 46030
27914 49200
27916 39720
27917 33412
27918 30392
27918 36652
27919 30242
27924 39842
27924 45706
27924 49932
27925 28751
27925 39320
27926 34789
27926 42778
27927 29853
27927 30502
27928 40285
27928 44826
27930 39291
27933 37559
27935 48748
27935 48766
27938 37746
27939 46053
27941 41400
27941 47991
27943 39241
27944 39409
27945 45244
27945 45780
27946 29961
27946 30032
27946 46909
27949 30209
27950 37488
27955 45191
27957 46528
27957 47086
27958 35576
27958 44105
27958 49456
27959 42965
27960 34363
27962 34896
27963 42514
27965 40383
27966 40104
27967 42489
27968 41293
27969 32338
27970 39947
27971 36024
27971 47731
27972 30474
27973 36893
27974 30511
27974 32728
27976 31042
27976 39414
27978 28569
27978 36133
27978 42839
27979 43965
27983 35315
27985 29454
27986 43670
27988 44949
27989 34099
27993 41028
27994 31372
27994 41482
27995 34388
27996 45395
27998 29714
27998 45308
27999 45965
28001 39778
28001 42486
28002 30182
28002 33155
28002 35905
28004 36628
28004 38456
28005 30007
28009 39262
28010 30092
28015 44257
28017 30950
28017 31273
28018 44628
28020 33945
28023 42952
28025 38647
28026 40903
28027 35335
28028 32669
28028 33898
28029 42817
28029 44315
28031 48684
28033 32601
28033 39895
28034 28903
28035 40079
28035 45107
28037 43659
28037 46494
28038 44023
28039 32652
28039 36771
28041 30345
28041 35227
28041 37570
28042 30195
28044 40215
28044 40728
28044 40811
28044 42532
28044 47926
28044 49757
28045 38951
28045 43617
28046 41262
28048 34785
28049 47476
28050 34107
28052 49074
28053 41785
28055 34487
28055 38342
28057 36075
28057 44071
28059 43068
28059 46814
28060 30610
28061 36625
28061 37248
28063 30210
28063 41465
28068 31727
28068 37359
28070 46174
28071 34378
28071 34535
28072 30030
28072 30546
28074 31882
28074 35150
28074 43682
28075 30708
28075 42468
28077 32202
28080 36729
28081 30822
28083 32417
28084 35662
28085 37101
28085 43797
28086 29715
28086 36990
28086 44233
28089 29168
28090 39833
28091 44789
28093 37738
28094 31815
28094 33760
28094 44677
28096 30996
28096 49527
28097 38563
28098 33754
28098 48105
28098 49713
28100 29758
28100 38895
28102 45263
28105 39239
28105 40274
28105 44055
28105 45623
28106 39673
28106 47525
28107 28866
28107 34920
28109 42254
28111 30371
28112 37904
28113 45742
28115 49843
28117 41612
28120 46085
28122 29982
28122 49225
28126 49160
28127 46356
28128 46875
28134 36174
28134 48491
28137 32437
28138 45548
28139 40819
28140 45971
28140 47007
28141 42161
28142 33633
28142 44525
28144 32352
28144 35663
28148 39092
28148 44871
28151 42052
28151 43431
28153 44714
28154 33255
28154 37042
28155 29148
28156 30074
28156 49068
28158 49187
28160 41521
28161 47061
28162 33928
28162 44249
28162 46651
28164 36873
28165 38325
28165 41448
28166 30558
28169 35325
28170 30752
28170 41823
28171 30069
28171 45294
28172 33368
28174 39840
28174 40250
28174 41443
28175 28176
28178 45333
28178 45415
28179 28569
28179 42608
28179 49560
28180 37712
28181 40402
28184 40174
28186 36462
28186 41493
28188 43461
28188 48235
28193 30306
28195 49279
28199 42656
28199 48993
28201 30088
28204 32294
28204 38694
28206 38308
28208 30021
28210 29672
28211 30726
28211 34101
28213 37938
28214 34215
28214 41016
28216 48224
28218 40174
28219 39187
28220 37757
28221 29415
28222 45219
28223 37861
28225 37800
28225 41782
28227 28936
28227 41051
28228 46233
28228 48552
28228 49062
28230 43086
28230 44629
28233 43331
28236 35923
28236 43792
28238 34247
28238 44105
28243 37170
28243 43945
28245 49665
28247 40674
28248 30276
28249 42700
28250 32141
28250 38269
28251 40290
28258 47933
28259 37856
28260 30071
28260 45631
28261 28622
28261 46161
28263 31980
28265 29366
28265 34775
28266 37439
28267 29782
28269 46494
28270 42311
28273 47147
28276 34163
28278 47807
28279 33498
28285 33142
28286 34934
28287 38241
28289 28798
28291 47705
28293 30538
28293 43479
28294 31421
28294 42214
28295 36876
28296 39580
28296 41679
28296 46072
28298 46635
28300 47829
28301 29966
28302 34501
28302 36048
28302 45184
28304 45187
28306 37688
28306 38030
28306 47547
28306 47686
28307 28664
28309 40251
28310 38445
28311 42097
28312 40498
28313 34021
28313 40504
28315 47989
28317 40317
28317 43786
28318 49151
28319 47893
28320 33322
28321 30626
28321 40901
28323 37140
28323 43325
28323 45844
28324 40022
28325 37884
28327 41818
28327 49456
28328 38533
28328 44045
28329 28476
28329 43838
28330 31449
28331 36355
28331 37969
28331 41958
28333 29404
28333 37427
28336 40153
28339 30119
28342 37536
28343 43455
28343 45473
28344 33146
28344 44947
28345 48480
28346 36624
28348 46357
28351 37781
28352 32469
28358 45779
28359 35463
28359 45649
28361 31026
28363 33971
28366 32633
28366 36515
28366 47098
28367 44635
28368 37976
28369 46381
28369 46709
28371 28697
28374 47223
28375 32738
28376 49242
28377 35538
28377 35690
28378 46811
28379 44928
28382 29598
28382 36915
28382 49254
28383 35383
28384 47305
28389 42608
28392 35630
28394 40380
28394 41186
28396 37480
28398 48830
28399 37631
28401 39203
28401 47262
28402 33265
28402 44267
28403 42014
28404 49113
28405 45186
28406 31141
28406 41028
28407 32883
28410 35649
28412 37543
28414 30937
28417 34170
28417 36545
28420 31822
28421 29261
28422 34356
28424 40670
28426 37189
28427 38970
28427 45139
28427 49174
28428 40473
28430 43602
28430 43673
28437 30211
28438 30456
28440 46717
28441 30800
28441 34964
28441 39253
28443 40075
28443 43109
28444 39808
28445 29633
28448 49892
28449 35179
28449 42743
28450 34885
28451 34474
28451 42616
28453 38980
28455 35286
28457 42153
28458 35026
28458 43141
28461 30840
28461 37860
28465 37048
28466 47494
28467 37484
28468 41811
28469 31457
28470 43835
28471 41917
28473 28644
28473 33897
28473 45801
28475 29249
28476 36306
28476 41905
28477 39498
28478 37039
28479 29840
28482 40266
28482 41273
28482 42128
28483 46871
28484 42506
28485 41431
28486 30704
28487 42352
28488 38959
28489 48607
28491 33001
28492 31870
28492 39918
28492 41369
28496 32733
28497 38619
28497 47194
28498 38265
28498 44830
28499 43803
28500 37390
28502 34558
28504 44084
28506 37982
28506 40725
28509 42071
28509 42581
28511 30260
28511 37014
28512 35349
28514 37429
28515 31104
28515 32200
28516 38564
28516 40164
28517 35836
28520 31752
28520 34173
28521 36394
28522 30014
28522 34799
28522 49669
28532 42688
28532 44181
28534 29903
28534 39416
28535 39679
28541 30061
28541 49347
28544 33204
28544 45411
28545 30683
28546 42695
28548 38683
28549 45646
28552 41118
28552 43365
28553 30592
28553 42605
28553 47347
28555 46249
28556 35401
28557 31924
28557 46289
28559 31084
28559 43504
28560 32109
28561 30373
28562 33926
28563 40302
28566 48466
28567 44926
28574 34442
28575 29863
28576 43275
28576 45833
28578 35759
28579 41965
28581 49773
28582 34500
28582 42476
28583 36904
28584 31163
28585 31153
28586 45768
28587 33580
28591 46318
28593 45839
28596 29177
28596 35385
28598 45926
28598 47435
28600 30151
28600 38061
28601 33975
28602 31586
28603 33978
28605 28731
28606 49721
28608 40174
28608 43733
28609 29084
28609 30262
28610 30275
28612 30638
28613 48076
28614 30113
28614 35001
28615 35048
28616 31758
28616 45261
28617 29449
28618 36803
28620 44908
28621 34937
28621 48738
28622 41612
28622 44430
28624 40537
28625 30698
28629 31104
28630 29546
28631 31895
28631 35080
28631 42476
28633 44772
28634 37798
28636 32023
28636 46350
28639 41562
28640 37744
28642 47853
28643 42690
28643 47995
28645 40946
28647 36610
28647 47104
28649 38480
28649 46888
28649 48850
28650 33372
28651 33965
28651 46021
28653 43767
28654 31243
28656 38414
28656 48825
28657 35236
28657 39452
28658 49584
28659 42318
28660 40578
28662 42735
28663 35942
28663 42832
28667 32335
28667 37275
28667 39402
28667 45049
28668 38440
28669 40237
28670 44440
28672 40656
28672 44908
28673 36455
28674 34176
28675 29852
28675 46154
28678 43106
28678 48798
28680 30837
28680 39599
28683 33129
28683 41905
28684 42015
28688 31347
28688 32641
28689 32252
28689 38611
28689 39752
28689 40032
28690 40259
28691 37186
28694 32094
28695 31583
28697 31925
28698 46117
28699 31049
28700 30205
28702 40242
28703 43642
28705 49903
28706 30527
28706 38209
28707 35421
28709 33174
28709 40953
28709 44205
28710 32638
28710 36677
28713 39341
28713 45588
28714 36392
28715 46275
28716 38182
28716 44641
28716 48074
28717 37194
28717 44735
28717 45916
28720 35035
28720 39190
28720 46902
28721 31836
28721 35474
28726 31041
28730 45613
28731 30572
28732 46294
28738 30249
28738 38999
28741 44769
28741 45925
28742 42132
28742 45066
28743 46350
28744 39780
28744 43406
28746 34229
28746 35835
28747 46717
28748 47295
28750 44792
28752 29138
28752 31787
28752 33238
28752 39250
28752 47584
28754 32273
28755 32533
28757 38905
28758 34234
28760 43728
28760 44400
28761 40681
28762 44762
28763 40923
28768 49150
28770 45955
28772 46113
28773 43857
28774 36065
28775 32017
28775 44599
28777 38931
28778 33830
28779 47411
28780 38775
28782 46617
28783 42226
28784 42280
28784 47692
28785 43163
28786 35495
28787 45296
28788 46160
28790 35467
28793 33395
28793 39754
28794 29725
28794 38402
28796 39342
28797 33724
28797 39341
28798 35925
28799 36609
28799 38406
28799 41380
28801 37029
28801 42382
28802 48458
28806 33743
28808 48675
28810 35692
28810 44879
28811 34990
28811 39814
28811 44844
28812 47193
28813 49757
28814 41868
28816 39562
28816 44736
28817 29636
28817 48739
28818 43830
28820 39028
28820 41479
28823 35439
28824 34190
28824 47385
28825 44817
28826 31508
28826 41735
28827 33423
28827 37521
28829 34169
28829 49726
28833 48708
28842 43003
28844 46527
28848 45650
28849 43842
28850 46174
28851 33514
28855 38885
28855 42438
28857 47328
28858 31721
28858 31816
28860 34436
28861 38268
28862 45680
28865 35435
28866 40008
28867 31543
28868 37562
28869 38841
28870 30573
28873 41610
28874 42486
28874 46439
28875 42114
28876 47857
28877 35284
28880 39357
28881 43836
28883 30256
28883 47592
28884 35239
28884 39737
28885 35979
28885 36549
28886 33602
28887 30230
28887 37194
28888 28903
28890 32668
28891 39638
28892 40501
28894 38539
28894 43271
28894 45678
28894 49694
28895 31212
28896 37757
28896 40339
28896 48252
28898 41085
28899 33038
28900 47507
28901 40973
28905 41658
28905 46212
28905 46642
28906 42067
28908 28958
28908 41867
28908 44783
28909 34442
28910 49775
28911 49358
28914 37982
28917 41042
28919 30037
28919 33279
28920 33982
28920 35195
28921 35913
28921 48846
28922 49716
28924 35935
28924 37567
28926 43350
28927 32297
28929 31635
28929 31970
28931 49492
28932 36789
28933 35663
28934 34714
28935 45192
28937 36772
28937 49087
28938 32595
28940 44332
28940 49705
28941 42092
28942 36579
28943 42155
28944 43048
28945 49860
28946 45094
28949 36879
28950 37633
28953 33984
28954 30230
28956 32615
28957 41536
28957 42974
28958 29228
28958 45828
28961 32180
28962 34596
28962 38204
28962 47846
28963 38608
28964 41524
28965 30068
28965 39860
28967 47670
28969 37346
28969 38084
28970 33660
28971 49325
28973 29963
28975 31428
28976 31278
28976 46646
28983 37367
28983 42896
28983 45253
28984 46951
28985 46406
28987 30213
28988 31738
28989 45026
28989 46472
28990 31449
28990 38846
29000 37712
29000 41320
29001 33343
29002 46053
29002 48661
29003 36179
29003 44481
29006 46957
29009 39057
29009 39881
29011 40360
29011 42612
29011 43596
29012 30244
29012 45358
29013 41255
29013 49151
29014 33366
29017 29380
29017 48490
29023 47066
29024 48753
29025 48457
29026 30047
29029 37113
29030 39642
29031 31688
29033 49190
29035 33636
29037 30027
29037 35050
29037 49230
29037 49245
29038 38052
29038 41516
29038 49939
29039 35530
29041 48069
29043 31619
29045 35579
29046 37825
29046 38358
29047 34334
29048 48097
29049 46018
29049 46183
29055 33179
29055 34114
29055 35555
29056 41373
29056 42636
29057 39498
29059 40051
29060 31441
29060 39506
29063 30417
29063 44681
29064 46307
29065 33322
29065 49816
29066 33744
29067 33274
29067 43546
29068 39149
29069 33522
29071 31975
29072 29927
29072 31822
29072 36693
29073 39593
29074 39441
29075 42036
29076 34675
29076 35780
29076 36280
29077 35892
29081 37237
29081 40030
29082 32273
29082 38663
29083 48876
29084 36569
29085 30444
29088 35557
29088 42407
29088 45738
29089 36666
29089 41024
29090 34010
29090 34149
29090 43649
29092 37972
29094 47461
29098 47517
29100 36577
29101 39519
29101 45692
29104 32017
29104 42770
29105 45510
29109 39179
29109 44150
29109 45742
29110 30517
29112 43682
29119 46153
29119 46179
29121 31134
29122 42579
29123 35785
29123 37332
29124 32856
29129 29615
29129 41413
29129 46300
29130 36597
29131 40934
29132 31969
29132 35301
29133 30164
29134 35012
29135 46655
29137 42325
29138 44812
29139 34597
29139 43619
29140 36508
29141 38343
29141 44311
29141 48834
29142 37172
29143 35399
29144 33090
29146 49422
29148 33625
29148 36367
29150 40843
29150 42985
29151 37372
29155 40083
29156 30782
29156 40286
29160 30495
29160 35263
29161 48653
29162 32836
29163 31015
29163 34375
29164 39663
29164 41957
29164 49978
29166 30871
29166 40846
29166 43863
29169 48790
29171 30459
29171 31669
29174 44537
29175 42146
29177 31834
29177 46740
29178 47474
29180 32685
29180 47172
29181 35465
29181 44622
29183 39392
29186 44333
29188 31533
29189 33643
29189 39890
29189 45334
29190 43546
29192 36414
29192 43740
29194 29748
29194 43656
29195 34218
29195 44508
29196 45225
29197 32918
29197 45514
29197 46769
29199 31210
29199 35581
29202 30783
29202 39545
29202 49643
29203 45860
29204 30610
29206 34742
29207 46724
29208 34110
29214 32018
29216 46530
29216 49671
29217 38370
29219 35978
29220 36093
29221 30873
29221 38942
29221 40561
29225 43800
29225 46282
29225 48333
29226 39611
29227 49191
29230 41967
29232 37559
29233 39536
29233 39623
29234 35770
29235 48293
29236 41792
29236 47509
29237 31001
29240 38695
29240 41156
29240 41583
29241 38823
29241 44934
29242 34438
29243 41541
29243 46208
29244 30859
29245 30643
29246 49599
29247 40138
29248 45468
29249 42831
29249 43048
29251 36571
29254 42066
29254 48387
29255 35232
29255 40210
29255 46832
29256 40312
29263 41881
29264 29428
29267 39457
29269 45767
29271 35544
29272 46498
29274 33544
29275 33220
29275 39176
29276 47443
29277 41548
29277 47732
29278 32151
29278 38310
29278 45969
29281 46571
29282 36112
29283 30461
29286 32444
29286 49711
29287 45941
29290 45594
29291 45648
29292 47792
29297 38631
29302 41115
29303 34925
29305 34143
29305 49749
29308 37218
29308 39337
29309 32880
29309 48857
29310 43984
29311 34577
29311 44650
29312 48310
29312 48742
29315 37194
29316 31798
29316 47223
29316 48531
29320 34969
29321 31214
29321 37760
29322 44381
29324 34490
29324 40967
29329 48856
29332 41922
29332 47532
29337 37950
29341 33674
29344 35039
29346 30765
29347 30144
29347 34252
29347 36604
29348 34708
29348 40619
29350 41051
29350 43849
29351 30571
29351 46667
29352 40606
29354 37217
29355 42265
29358 38496
29361 40284
29362 40392
29363 34076
29363 34555
29363 45227
29366 36710
29366 48789
29373 29973
29374 34325
29375 30202
29375 48423
29376 34349
29380 30087
29380 45731
29381 48112
29382 34228
29383 48691
29384 46712
29385 37396
29386 30953
29386 38459
29387 44221
29389 37038
29390 39312
29394 32888
29394 43955
29395 42602
29396 43747
29397 37614
29398 40208
29398 42560
29400 43392
29401 36273
29401 40161
29401 40623
29401 48723
29403 37690
29404 30043
29404 34523
29406 34705
29406 36592
29409 36304
29410 32291
29410 39963
29411 29881
29413 35510
29413 39561
29413 42747
29414 32473
29415 29816
29416 46282
29417 48219
29418 33863
29419 33893
29420 43458
29420 44752
29421 39374
29425 30057
29425 42843
29427 33988
29431 48138
29432 34244
29433 36026
29434 48557
29435 36896
29435 48265
29438 33232
29438 40851
29438 45952
29439 35802
29442 30405
29444 44454
29445 38180
29445 42546
29448 33534
29448 46230
29449 48982
29450 43912
29450 44725
29451 49212
29453 47056
29454 37728
29455 33933
29455 37584
29455 40626
29456 48003
29457 32277
29457 34155
29459 32611
29460 41172
29460 47306
29462 45269
29464 32002
29464 49225
29465 39061
29465 39350
29466 44794
29468 40221
29469 32249
29470 42521
29471 38130
29472 41820
29472 43910
29472 49056
29474 45253
29476 43907
29476 49762
29480 44942
29483 29672
29485 40733
29486 37928
29487 48448
29492 32640
29492 37693
29493 48333
29495 49839
29497 44072
29498 29945
29499 35422
29501 32627
29503 37982
29504 38116
29504 41719
29504 47403
29504 48897
29505 39953
29505 49270
29508 30606
29508 38314
29509 39002
29509 43805
29510 31000
29511 38495
29511 40130
29511 41792
29513 35936
29514 31732
29516 40313
29517 38347
29519 34389
29519 35831
29519 39425
29520 33311
29521 41057
29522 44211
29523 29548
29523 39070
29527 48601
29528 49979
29532 31918
29532 46427
29534 30371
29536 47634
29537 48826
29538 32931
29539 42932
29540 46006
29541 42684
29541 47989
29543 29970
29544 43239
29545 37453
29546 34920
29546 39678
29546 42517
29547 29722
29550 42071
29550 47190
29554 41806
29556 30612
29556 43820
29562 43553
29562 43601
29564 30525
29564 45303
29566 41602
29566 46575
29566 49145
29567 32620
29569 40455
29580 33327
29583 37032
29586 31593
29587 47079
29588 36006
29588 39196
29588 47977
29589 35884
29589 48901
29591 42493
29596 47003
29596 48079
29598 30895
29599 35331
29599 38806
29600 40481
29602 38075
29609 31970
29610 37115
29610 45307
29611 37021
29612 43424
29613 47810
29615 35225
29616 35934
29616 45417
29620 32932
29620 39150
29620 41182
29624 37950
29624 41047
29627 44373
29628 36063
29629 37734
29629 45694
29631 32837
29633 31523
29633 46799
29634 42406
29635 49685
29638 34215
29638 38237
29639 38507
29640 35211
29642 45729
29643 35225
29643 37302
29643 38768
29643 46550
29644 43441
29652 38294
29653 43912
29654 43876
29657 35978
29658 35811
29658 39060
29660 33546
29661 43839
29661 46842
29662 41966
29662 46516
29664 46437
29665 37023
29668 35849
29669 30558
29670 43983
29671 47884
29671 49390
29672 33945
29674 39865
29677 44452
29678 41704
29680 37072
29681 47178
29684 31351
29687 36824
29687 41692
29688 39389
29688 44009
29689 40199
29689 47221
29691 37757
29692 45399
29693 44007
29693 45435
29694 47272
29701 35187
29704 43373
29705 32235
29705 37654
29706 47143
29707 45448
29707 47904
29708 31696
29708 34593
29708 41315
29710 34243
29712 37131
29712 37657
29712 49542
29713 49083
29715 31839
29715 33941
29715 46161
29715 49944
29716 30792
29717 34511
29719 30706
29721 44119
29722 30672
29722 48747
29723 31032
29723 35247
29724 44683
29724 49882
29725 42866
29726 47824
29727 48479
29728 31068
29728 38231
29729 35221
29731 46499
29731 47440
29733 47189
29734 46654
29735 43486
29736 35616
29736 37145
29740 35393
29740 49649
29741 30835
29741 48000
29743 34774
29743 41940
29744 45268
29746 43950
29747 38197
29747 41474
29748 35946
29750 37266
29751 34618
29751 42748
29751 48242
29755 43874
29759 39876
29759 42201
29760 34640
29762 40661
29763 37002
29764 32873
29764 48489
29767 44932
29770 30290
29770 34235
29770 37601
29770 43423
29771 30195
29771 33697
29773 32559
29773 34422
29773 38493
29773 46080
29775 44860
29776 37262
29781 37883
29782 37730
29784 45322
29786 42712
29788 43614
29790 40732
29793 42885
29795 36353
29797 32028
29797 49554
29799 40009
29800 41477
29801 46145
29801 48236
29802 30676
29802 48700
29802 49992
29804 45841
29807 44956
29808 34995
29810 41284
29810 47856
29814 33487
29816 35219
29816 40475
29818 43320
29822 43198
29823 35057
29823 42333
29826 40778
29826 47149
29828 32027
29828 38959
29828 48659
29835 39994
29837 35236
29837 46858
29837 47306
29838 39435
29840 48452
29843 38454
29845 32065
29846 48917
29847 31851
29847 40225
29851 42783
29854 45809
29860 31977
29862 32845
29862 33984
29862 43526
29863 45849
29863 47737
29864 36481
29864 44624
29867 34979
29868 30769
29869 34875
29869 43948
29873 45740
29873 48826
29876 30350
29877 30134
29878 33878
29878 42162
29881 36323
29883 34497
29883 45049
29883 49443
29888 33264
29888 41321
29889 31611
29889 48921
29890 35655
29891 48806
29893 48306
29894 34135
29894 36260
29894 45475
29895 30598
29895 38921
29897 34788
29899 48953
29900 48076
29902 46892
29903 39624
29906 39751
29906 39871
29907 48088
29907 49054
29910 48827
29912 30147
29912 42440
29913 49564
29914 31116
29914 35210
29916 45529
29918 37510
29918 42606
29918 48915
29920 44280
29920 45830
29921 47327
29923 47865
29925 38895
29925 48296
29926 30717
29927 39632
29931 31593
29932 44284
29932 44335
29933 36799
29933 37440
29940 36078
29940 42651
29941 37443
29941 40413
29945 47257
29946 34924
29946 42175
29947 34478
29948 32426
29948 33217
29949 40534
29949 49908
29954 47229
29957 30651
29957 33754
29957 36590
29957 44993
29957 45874
29958 36982
29958 38342
29959 40981
29959 42870
29960 49399
29962 38709
29970 40362
29975 37020
29978 30050
29979 32793
29979 46500
29984 34721
29985 35981
29985 47207
29986 39381
29986 47080
29987 35051
29992 44291
29994 35646
29994 49029
29996 38428
29996 40458
29997 36881
29999 33363
29999 38506
30000 45176
30000 46415
30003 48262
30005 43800
30007 41249
30008 43343
30009 46546
30010 39558
30011 36530
30013 47147
30014 34074
30017 46547
30019 42789
30019 43756
30020 42852
30020 43550
30023 31833
30023 33022
30023 36348
30024 32773
30024 35336
30026 41363
30026 46168
30027 34202
30028 48684
30028 49348
30029 42058
30030 33062
30030 42678
30030 44896
30031 32022
30031 42154
30031 45460
30033 34858
30034 45166
30038 49861
30039 31265
30039 31437
30039 37240
30040 40846
30041 47155
30042 41043
30042 47732
30043 40436
30044 36919
30044 38933
30045 30046
30047 31309
30051 49787
30052 31447
30052 45422
30054 40807
30057 38630
30057 40702
30058 46637
30060 46004
30061 32008
30061 33479
30061 36853
30067 39288
30070 33920
30070 47482
30072 38337
30072 44480
30076 33007
30077 39523
30080 48527
30081 40675
30081 46926
30082 36279
30082 38084
30084 42932
30088 47266
30089 42896
30091 40309
30091 49273
30094 32299
30094 41963
30094 42451
30095 43066
30097 45397
30098 30934
30101 41306
30102 34985
30102 41873
30105 34123
30105 40089
30107 30802
30108 33117
30108 38251
30109 30720
30110 41330
30112 48289
30114 35818
30114 41620
30114 47253
30115 48719
30117 32076
30118 31672
30118 39910
30119 49770
30121 43784
30122 38388
30124 41238
30126 31184
30127 41011
30128 34041
30130 43498
30134 34797
30134 46437
30135 31130
30141 43796
30143 43354
30143 44770
30145 47992
30146 45150
30147 48036
30151 30454
30152 34346
30154 41828
30154 47329
30161 33701
30163 32689
30163 38190
30163 38330
30163 47727
30164 34076
30164 42570
30165 37176
30165 42594
30166 38723
30166 43790
30167 36217
30167 44086
30168 31330
30168 47292
30171 49240
30173 34884
30175 44665
30176 37809
30176 38346
30177 33387
30178 36650
30178 36929
30178 42082
30179 31978
30181 45218
30181 46852
30182 34743
30183 39513
30183 47984
30184 38295
30184 46796
30189 35199
30189 40893
30190 49656
30191 45542
30192 38075
30192 42238
30193 47287
30194 45664
30195 47851
30197 46163
30199 41232
30199 47967
30200 43764
30201 33934
30203 46976
30204 31517
30205 40950
30205 44348
30206 30980
30206 33866
30206 40971
30206 45256
30208 32138
30208 35920
30208 36973
30209 41700
30209 46911
30210 43508
30211 40702
30211 41171
30212 39622
30215 33925
30217 40945
30220 30468
30220 33702
30220 48130
30223 31941
30223 36478
30224 32324
30224 34382
30224 34942
30224 42092
30224 48602
30225 39013
30227 49498
30228 42266
30232 49495
30233 42997
30235 43209
30236 45476
30238 42972
30245 47859
30247 30686
30247 38809
30248 41510
30249 42359
30252 33615
30253 37576
30253 42337
30254 33062
30256 36636
30259 46241
30261 46528
30265 47253
30267 36950
30268 48086
30273 34761
30274 35610
30276 40832
30277 33059
30278 46495
30279 31218
30279 41831
30280 37451
30280 47180
30282 30310
30282 35886
30282 49297
30283 39261
30284 42808
30284 42922
30285 41804
30286 38960
30287 46017
30288 48476
30289 34945
30292 32005
30292 40696
30295 35014
30296 40765
30301 32266
30304 43333
30304 47174
30307 37633
30307 41257
30307 44649
30310 49830
30311 47733
30313 37479
30313 49354
30315 34845
30315 36543
30315 40262
30317 41744
30318 47499
30319 34221
30320 47435
30321 41766
30322 32914
30323 35960
30325 32283
30325 41799
30326 31050
30328 44483
30330 46517
30331 43925
30332 34682
30333 48888
30335 40213
30341 44753
30343 36335
30344 37249
30345 31326
30345 35459
30347 49344
30351 40119
30352 42799
30352 46532
30353 30455
30353 32640
30353 37710
30355 45984
30356 45599
30357 47705
30358 34555
30360 40986
30360 45620
30361 41551
30362 42675
30363 36521
30364 31472
30364 35291
30365 40377
30365 45506
30365 46322
30366 44850
30367 46644
30369 44861
30371 31020
30371 42803
30372 37623
30372 42106
30373 31939
30374 42516
30375 48274
30376 46087
30376 47090
30377 46167
30383 35502
30383 36015
30383 36945
30384 42577
30385 40052
30385 48878
30388 36952
30389 30447
30389 34498
30391 32494
30392 33588
30394 34996
30396 43454
30396 48836
30398 31911
30399 31812
30399 32058
30399 42592
30400 40477
30400 41219
30401 45513
30402 38120
30406 39004
30406 49937
30407 36840
30408 33519
30409 48138
30411 33954
30412 41497
30414 31120
30415 39586
30416 42067
30417 44228
30422 48396
30425 37287
30428 49860
30429 31721
30429 36196
30429 46502
30431 47839
30432 31876
30432 45699
30434 35869
30436 49177
30438 43383
30442 32975
30442 39768
30442 42052
30443 40904
30443 49211
30444 49291
30445 42665
30446 41053
30448 35460
30450 37415
30450 43339
30451 36869
30451 39677
30452 44689
30453 46377
30454 41199
30457 41160
30457 45762
30457 46304
30458 31307
30458 33431
30458 44465
30461 39838
30462 47102
30463 42218
30465 44096
30466 42155
30467 34590
30468 40953
30470 47643
30472 30478
30474 32628
30474 33602
30475 43771
30477 34714
30477 36164
30479 34464
30482 46009
30483 41752
30484 37529
30485 46213
30487 35328
30487 37405
30488 38313
30491 31486
30492 46323
30494 49528
30495 38230
30495 47314
30496 33276
30496 35264
30497 38603
30498 44517
30499 40723
30500 49896
30501 44534
30503 38756
30503 44334
30504 35492
30504 39639
30506 32108
30506 49019
30508 34643
30510 32829
30512 36301
30512 46179
30513 34492
30513 37483
30513 39280
30515 41594
30515 49220
30519 48875
30522 31813
30522 32191
30522 34102
30522 42439
30522 45409
30523 32781
30525 38147
30525 41727
30525 46429
30526 31091
30526 46168
30527 36488
30527 48770
30530 40315
30530 48524
30531 40300
30533 37140
30535 47210
30536 42137
30538 34288
30539 41855
30540 42105
30540 44381
30541 36287
30541 42820
30543 41014
30544 43781
30544 47417
30545 49258
30545 49566
30547 49368
30548 41260
30548 47352
30549 33504
30550 40129
30552 30557
30553 40257
30554 37069
30554 49805
30555 32838
30555 36366
30555 48035
30557 37661
30557 44293
30560 33319
30560 42141
30561 45903
30562 45765
30565 34621
30566 32307
30567 45971
30568 32046
30568 42301
30568 44178
30570 43804
30571 48418
30572 34490
30573 32185
30574 45184
30576 42853
30578 48144
30580 30940
30581 33639
30581 35112
30588 48293
30593 31498
30593 46504
30593 48202
30596 49403
30597 35688
30597 38340
30598 31251
30598 48763
30599 31268
30599 35180
30600 33270
30600 48458
30601 45085
30602 43282
30603 46927
30605 30889
30607 31614
30608 32506
30608 49120
30611 45035
30612 43927
30613 37162
30614 36277
30614 38951
30618 41997
30618 49170
30621 41416
30622 47857
30624 39531
30626 36255
30626 47382
30627 36431
30627 45485
30629 34480
30630 35147
30630 35647
30631 31540
30632 39100
30632 43610
30633 45128
30636 39887
30636 40841
30639 41908
30640 42375
30640 45812
30641 32994
30641 43598
30641 49264
30641 49458
30644 30893
30644 42791
30644 44051
30647 31201
30647 34765
30647 35829
30648 37602
30648 43901
30649 38131
30650 31066
30651 45350
30653 32670
30654 36298
30656 36016
30656 49642
30659 42848
30660 44452
30661 37643
30661 48169
30662 36318
30663 31044
30664 39664
30665 42463
30666 49540
30667 45581
30668 35428
30669 35434
30669 45574
30671 31457
30672 41805
30672 48369
30673 46816
30674 33895
30674 34146
30674 47296
30676 33672
30680 34753
30681 47378
30686 32314
30686 33648
30687 37738
30687 43744
30690 43650
30690 43846
30691 41719
30695 31268
30696 35273
30698 41398
30700 33901
30706 46704
30714 32225
30716 36539
30716 45324
30716 47970
30718 33922
30719 39664
30719 41991
30719 47510
30720 45195
30721 32562
30723 31599
30728 33207
30729 35611
30732 39783
30733 31790
30733 38253
30738 39460
30739 37199
30742 42220
30743 47614
30746 46466
30747 41799
30750 34634
30753 48950
30754 31011
30754 48189
30757 31644
30759 47796
30760 43665
30760 44357
30760 46212
30763 33898
30763 34855
30768 47281
30771 49342
30776 48739
30778 45838
30779 33900
30783 34574
30784 43240
30787 41503
30788 30900
30788 49285
30789 44135
30791 39548
30792 45274
30793 43506
30796 39855
30799 45179
30800 44558
30801 43181
30801 45291
30803 46178
30804 35183
30804 40896
30804 43778
30805 41524
30810 39729
30810 44372
30811 34465
30812 38445
30812 44946
30812 48596
30814 31251
30814 37959
30816 48691
30817 41589
30818 31102
30818 34043
30820 48023
30821 39682
30821 42688
30822 39313
30823 33908
30826 42447
30828 49458
30830 40134
30834 32158
30834 44993
30835 38447
30836 47301
30837 30914
30837 42171
30839 41120
30842 40971
30843 31603
30848 40367
30850 47267
30851 45258
30852 32867
30852 33546
30853 35420
30855 36913
30856 38824
30859 43015
30861 33630
30862 48580
30868 32430
30868 38436
30870 42285
30870 46691
30871 42654
30873 37764
30873 47177
30874 36089
30874 38461
30875 38522
30875 44796
30877 34661
30877 36781
30877 39707
30878 37491
30878 38644
30878 38966
30878 47513
30879 32297
30880 31604
30880 41396
30880 44498
30882 42671
30888 41100
30888 46425
30889 47743
30890 31980
30892 34081
30893 40326
30895 31376
30897 41799
30897 44941
30898 40215
30898 44154
30899 42755
30900 36724
30904 32406
30904 35375
30905 44952
30906 40396
30906 40835
30907 40718
30908 44357
30909 35961
30910 40308
30912 43325
30912 46580
30912 48395
30913 49719
30916 35755
30918 47705
30925 33645
30927 33552
30929 44954
30930 41031
30931 47974
30932 41639
30932 49776
30934 36730
30937 42446
30937 44487
30937 47622
30940 46887
30941 42999
30942 32196
30943 35222
30943 35671
30946 34488
30947 42800
30948 34856
30948 43292
30949 32792
30949 40490
30950 42130
30951 36381
30954 32486
30955 35797
30956 45804
30957 38786
30959 31593
30959 38842
30963 34064
30964 42161
30965 39061
30968 44485
30970 30999
30974 43780
30976 47685
30981 46489
30983 31387
30983 49532
30984 33149
30984 34067
30984 48301
30987 39321
30987 49639
30988 32447
30990 33069
30991 44792
30991 48223
30992 32786
30995 31402
30995 48516
30996 34171
30997 35365
30998 39417
30999 31129
31000 34471
31000 42239
31000 49746
31002 48522
31003 39625
31004 37893
31005 41579
31008 32618
31010 39495
31010 48906
31011 48133
31012 37162
31014 40417
31014 44199
31015 32638
31017 37384
31017 41938
31018 31661
31019 34989
31020 45033
31020 46213
31022 48210
31024 40837
31025 42587
31026 40435
31026 47118
31028 33752
31030 40338
31032 39342
31032 47126
31033 39853
31035 39730
31037 37585
31041 31790
31041 39873
31044 36600
31044 46827
31046 49390
31049 33941
31050 42188
31051 48631
31053 44911
31055 39902
31056 46503
31056 47030
31057 46769
31058 41826
31058 47302
31059 33745
31059 44587
31062 31720
31062 46873
31062 48230
31065 39629
31067 36563
31067 43248
31068 39316
31069 37580
31069 47520
31073 40668
31075 43715
31078 36775
31078 36792
31078 48454
31081 32460
31081 32750
31081 49250
31083 34837
31083 38314
31083 38862
31084 40233
31086 35436
31086 37975
31087 45365
31091 38756
31093 45353
31094 34449
31094 48746
31098 41596
31104 43292
31109 32395
31109 33383
31110 31777
31110 44950
31115 39400
31116 32524
31117 36647
31117 36921
31122 36077
31123 31412
31126 46791
31127 36908
31128 31244
31129 32887
31129 36369
31132 44044
31132 48104
31133 38556
31133 44797
31134 34680
31135 33289
31136 42552
31137 42546
31138 45120
31140 35828
31141 44616
31141 47436
31142 44384
31143 33068
31143 37007
31143 43828
31145 49599
31146 36492
31146 43854
31147 31810
31152 48593
31155 35227
31158 33499
31158 37668
31159 38361
31161 35385
31161 39271
31163 31761
31163 32871
31169 33796
31169 41928
31170 45042
31171 49913
31172 31180
31172 42437
31173 32837
31173 36995
31174 35136
31174 44195
31179 36220
31179 47467
31180 39333
31181 31456
31181 37674
31182 37614
31183 34050
31183 35075
31183 44860
31184 46460
31187 31970
31187 42373
31188 46227
31188 48280
31189 33112
31190 41418
31190 42602
31191 44702
31193 47023
31194 36371
31195 38252
31196 35533
31197 34409
31201 31812
31203 32715
31206 46755
31207 43166
31207 46999
31210 34937
31211 41525
31213 40854
31214 40117
31214 48263
31215 33847
31217 33136
31218 38955
31220 34126
31220 36187
31220 38971
31220 40894
31221 45157
31225 39791
31231 32225
31231 40878
31231 42823
31235 38650
31237 33000
31237 37573
31238 37686
31239 44811
31241 36224
31241 36912
31242 40187
31243 34653
31244 36705
31244 41257
31246 35994
31249 31553
31250 46485
31251 31893
31251 35247
31252 39993
31252 45981
31253 34070
31253 36556
31254 31952
31256 45535
31258 45275
31261 47245
31263 43180
31268 43471
31268 46094
31270 34743
31272 35846
31274 38854
31276 35838
31277 34742
31277 42737
31277 43870
31278 44259
31279 33789
31279 42079
31282 31416
31283 34215
31286 39425
31286 44650
31286 49089
31287 31701
31287 34050
31287 41137
31288 37439
31290 39645
31290 40614
31291 31463
31292 48759
31294 31797
31295 40811
31299 35658
31301 33395
31303 37804
31304 40286
31305 47520
31306 32745
31307 35676
31307 36011
31309 36090
31309 39490
31309 45947
31310 37664
31310 47919
31314 40818
31315 41631
31319 32517
31320 49290
31322 42808
31323 44249
31325 37882
31329 42929
31330 39462
31330 45408
31331 34952
31331 42362
31331 42478
31331 45686
31333 33834
31334 32324
31335 47561
31337 32637
31341 43916
31342 48096
31343 49948
31344 36811
31345 32841
31345 43708
31350 41621
31350 45394
31353 40826
31354 48934
31355 45226
31356 35358
31357 37359
31357 44466
31357 47915
31358 38263
31358 42050
31360 32328
31360 32834
31360 33858
31360 47858
31363 44462
31365 47237
31366 37628
31366 41368
31366 43927
31367 38406
31367 40362
31368 36001
31369 37434
31369 41089
31372 42597
31372 43789
31373 38181
31374 32625
31374 44979
31375 35071
31376 32520
31376 38095
31377 37488
31378 33198
31378 46329
31381 39585
31383 43145
31383 47379
31384 34654
31385 47233
31386 39189
31387 41813
31387 47892
31388 35677
31388 44901
31389 34430
31389 41951
31390 36939
31391 43032
31391 45143
31392 42228
31393 48078
31395 40866
31396 41817
31396 45494
31397 35638
31397 49438
31398 32174
31400 36551
31401 41613
31403 31583
31405 39828
31405 47152
31409 31746
31409 35782
31409 37153
31409 44735
31410 43854
31411 42259
31413 39003
31413 41253
31415 45302
31416 49866
31419 46666
31422 32761
31423 39833
31423 48753
31424 48480
31425 37979
31429 36548
31430 41072
31431 35418
31431 48427
31434 33301
31434 40345
31435 35406
31435 39735
31436 35736
31438 36172
31438 42492
31438 45907
31438 49006
31439 48797
31442 42694
31442 46698
31443 39019
31443 47533
31445 35281
31445 38812
31445 39526
31446 40043
31448 42324
31450 40922
31450 43806
31453 49427
31454 35298
31458 33856
31458 44199
31459 42475
31460 34232
31460 48389
31463 36493
31464 33520
31464 34240
31466 43179
31468 40041
31470 47876
31471 40348
31471 43961
31473 45384
31474 35745
31477 38348
31477 41334
31477 48106
31478 46344
31480 36399
31480 46841
31481 35843
31481 43683
31481 44014
31482 33393
31485 31981
31485 32756
31485 34089
31485 38448
31486 37079
31486 37677
31487 43931
31490 39080
31490 49845
31494 48049
31497 33060
31499 35963
31500 36167
31500 36742
31501 45327
31502 31958
31502 35253
31503 43471
31503 46967
31505 43479
31506 33228
31507 40872
31510 46597
31511 42492
31511 43403
31514 34409
31517 44288
31518 38333
31519 38987
31519 46531
31520 34514
31521 44093
31521 46182
31522 34215
31522 49467
31523 36214
31524 33719
31524 47098
31527 38503
31527 40167
31528 32019
31528 43235
31529 31671
31529 39136
31532 34534
31532 37000
31532 42570
31534 38627
31534 46547
31535 33957
31536 46244
31538 34823
31539 49576
31541 46036
31541 47437
31543 32162
31543 35133
31543 35727
31543 36571
31543 41488
31546 47399
31546 49921
31548 36226
31550 37002
31550 43883
31552 39193
31554 45491
31554 46247
31556 32946
31557 36270
31559 49386
31565 49497
31567 49769
31571 36428
31572 36190
31572 41724
31573 38561
31574 36043
31576 35819
31576 37001
31580 33685
31580 38145
31581 38655
31581 49813
31582 49071
31583 37180
31585 38659
31586 44611
31589 33681
31589 37332
31590 39463
31594 46018
31595 40123
31597 39183
31597 45868
31601 39912
31603 47448
31604 37026
31604 42889
31605 32928
31606 44377
31606 46745
31606 49069
31608 40555
31614 36169
31618 42484
31624 32894
31629 42613
31630 48853
31631 43546
31631 48625
31633 39729
31633 40842
31633 47647
31636 49619
31638 47716
31639 38317
31641 37431
31641 45969
31642 36945
31644 37591
31644 40591
31644 47176
31651 40131
31652 31945
31652 42774
31652 43702
31656 36674
31656 43496
31659 40605
31660 42625
31662 38558
31666 37920
31667 31790
31668 38377
31669 33069
31669 48172
31669 48454
31670 40818
31670 43132
31671 46604
31672 41375
31672 49869
31674 33361
31675 37175
31675 42912
31676 37053
31676 47489
31680 37332
31680 47295
31682 35560
31683 46862
31685 33597
31686 32827
31690 44330
31694 43507
31695 35784
31695 43325
31698 39417
31699 32434
31702 41125
31705 44788
31705 45740
31706 36919
31707 44134
31709 39156
31710 31966
31711 33732
31711 34089
31711 36346
31712 44682
31713 39091
31713 39734
31715 34756
31715 41751
31715 42460
31715 47898
31716 49664
31718 33399
31720 31989
31722 38383
31725 38003
31727 34387
31727 38464
31727 40587
31727 42204
31728 33830
31728 41351
31729 37233
31729 43923
31732 33021
31733 46765
31734 41354
31735 37993
31735 41226
31736 35719
31736 39393
31737 49518
31739 34714
31740 36109
31740 45785
31740 47006
31742 33327
31746 32352
31748 33621
31748 38819
31752 41983
31754 46309
31754 49746
31757 40139
31757 41356
31758 45854
31761 48144
31766 35475
31766 47017
31767 44155
31768 43066
31770 41679
31772 43624
31773 37737
31773 48691
31774 44569
31775 34600
31776 38181
31776 38313
31776 41705
31777 38729
31778 44660
31781 31826
31781 31992
31782 40688
31783 48431
31787 33141
31789 32810
31794 34625
31795 32179
31795 36773
31796 44305
31796 47255
31799 33161
31799 35977
31799 46114
31800 34993
31801 42237
31801 48954
31801 49971
31803 36743
31805 43971
31805 47684
31806 34049
31806 34171
31809 48364
31812 36999
31813 41442
31816 43277
31817 33719
31817 42578
31817 49099
31818 47692
31818 48212
31820 41772
31820 44553
31821 40933
31822 36191
31823 42366
31824 39802
31825 33887
31826 32412
31826 40076
31829 38758
31831 43353
31832 36535
31833 46400
31833 46578
31836 32586
31837 36079
31837 43483
31837 48005
31838 47340
31839 39928
31844 41578
31844 43285
31844 44116
31846 40818
31847 32230
31847 48662
31848 49727
31849 35585
31849 45517
31850 46388
31850 49325
31851 33608
31851 47983
31852 47498
31854 37186
31856 36178
31856 37537
31858 48598
31860 37381
31862 48091
31862 49468
31864 42459
31866 45268
31868 46240
31871 35171
31873 35745
31874 40933
31875 33920
31876 40009
31879 44350
31880 35427
31881 47249
31882 38720
31884 43711
31885 43739
31886 42218
31887 34874
31887 39441
31887 42279
31887 43921
31889 41695
31890 42412
31890 49419
31894 40368
31895 45195
31896 49252
31897 37975
31897 39373
31898 37556
31898 40377
31901 33624
31902 41436
31907 39474
31909 40944
31910 35324
31910 42002
31914 34869
31915 38190
31918 41041
31920 39692
31921 44262
31922 46471
31923 34533
31924 39396
31927 33084
31928 31963
31928 45891
31930 46736
31932 44678
31934 42714
31935 32520
31936 42968
31937 44584
31938 41861
31939 38820
31940 36961
31940 43153
31941 34318
31943 32846
31943 37744
31945 38158
31945 42231
31946 45634
31946 46728
31951 34991
31953 36244
31953 44719
31956 34764
31958 33728
31959 45092
31959 45593
31960 44759
31961 32913
31962 49408
31963 38003
31967 37210
31967 39235
31968 32864
31968 35838
31969 40872
31971 43201
31972 41169
31974 45837
31975 35355
31979 32135
31979 48608
31980 40832
31981 37537
31982 32834
31988 42443
31988 42649
31988 46171
31989 37710
31989 44385
31989 48647
31990 34557
31991 36652
31992 47188
31995 36325
31996 34400
31998 33103
31998 48268
32000 36002
32002 42428
32002 43836
32004 38729
32004 41217
32005 40038
32006 38963
32007 44716
32008 34023
32008 49778
32009 37845
32010 32376
32010 42329
32011 46129
32012 34988
32014 42576
32014 43222
32015 34378
32017 42342
32017 45852
32019 47711
32022 47955
32027 47656
32028 35686
32030 47687
32033 37862
32033 40466
32037 34630
32038 48673
32040 37765
32041 35198
32044 44275
32048 33355
32048 41072
32048 47719
32049 38620
32049 46488
32054 32890
32054 38709
32055 38838
32055 39886
32059 40370
32060 48151
32062 43971
32066 40347
32067 32319
32068 44762
32071 40123
32074 41634
32078 34203
32081 33076
32084 47951
32086 40568
32088 34391
32091 45466
32095 43958
32101 33437
32101 35768
32101 42770
32102 34214
32103 45391
32104 49382
32105 45890
32107 45564
32109 43723
32110 46621
32112 44281
32116 38321
32116 43334
32117 44004
32118 38372
32119 33228
32120 48712
32121 35245
32121 41273
32121 41356
32121 43766
32121 46056
32122 44666
32123 41306
32123 45788
32124 40847
32124 47680
32125 33533
32126 39077
32127 44143
32128 39508
32129 44806
32131 34368
32131 37048
32131 39991
32131 46741
32132 36043
32136 46278
32137 32880
32137 41595
32138 44936
32139 47954
32142 36462
32143 36888
32144 41693
32145 45673
32147 46528
32151 47225
32152 34318
32152 47884
32158 38248
32158 38527
32159 40728
32161 42662
32161 43060
32161 43532
32162 35034
32162 40405
32163 41693
32165 33219
32166 36247
32167 32332
32168 49368
32173 32585
32174 40550
32177 48996
32180 40971
32180 46699
32181 33056
32183 45528
32184 34276
32191 48475
32192 37673
32192 45308
32193 34621
32194 45422
32195 43637
32199 34192
32202 38726
32203 41160
32206 33057
32206 42623
32207 39075
32207 39906
32207 44918
32209 37206
32213 33754
32213 41437
32214 39495
32214 46026
32215 35843
32215 37718
32215 46894
32216 44244
32219 36332
32221 39903
32221 39971
32222 34962
32222 44379
32223 40242
32224 36886
32224 40508
32226 35812
32228 36833
32228 40364
32229 33269
32229 35334
32230 48006
32234 36272
32235 43958
32238 34407
32241 35014
32242 32966
32244 34258
32244 49272
32246 42968
32247 41594
32247 44407
32248 38672
32249 32596
32252 36973
32252 39092
32253 40121
32255 44030
32256 39265
32256 42139
32256 43637
32257 32924
32259 40572
32261 38924
32263 42245
32264 34673
32270 44139
32270 47645
32271 34301
32271 40977
32274 36351
32275 41336
32276 37965
32277 39154
32277 39437
32281 34371
32281 49079
32281 49330
32281 49940
32285 34600
32286 32307
32286 38097
32286 46097
32289 37791
32289 38625
32289 39480
32292 37833
32293 48504
32293 48607
32295 49296
32295 49946
32303 40318
32306 45063
32308 45934
32309 43650
32311 37858
32312 42928
32312 47859
32314 36713
32314 44524
32315 34412
32317 37319
32323 34417
32323 38361
32325 35070
32325 35624
32327 35978
32327 35984
32327 39640
32328 33271
32329 35525
32330 47573
32331 33773
32333 33764
32333 40497
32333 47103
32334 40509
32335 40041
32335 40289
32336 36685
32338 37613
32338 44781
32341 46752
32343 32827
32344 37524
32344 37848
32344 41015
32344 47563
32346 36836
32346 40237
32350 43664
32351 38934
32351 49374
32353 42347
32356 43342
32357 48565
32358 36247
32359 43917
32361 34008
32362 44201
32363 33084
32366 33357
32366 49850
32368 43359
32370 40668
32372 45451
32375 46262
32380 37394
32381 39084
32382 39540
32383 33580
32384 41013
32385 40104
32386 33465
32386 35683
32388 35522
32388 40801
32389 45591
32390 34081
32390 44523
32390 45813
32391 37378
32391 46351
32392 39226
32392 49390
32394 44105
32396 37289
32396 45344
32397 41170
32397 43295
32397 47585
32397 49902
32399 40756
32400 46597
32400 47376
32401 44284
32402 49051
32405 49475
32406 46404
32407 49130
32408 48982
32414 32841
32414 39150
32416 48329
32419 41347
32421 37211
32422 33893
32422 37047
32422 39900
32423 45423
32426 32639
32429 37272
32429 46356
32430 34190
32430 40188
32430 49129
32432 44835
32433 38948
32435 45940
32435 48831
32436 42526
32436 46822
32440 45142
32441 49403
32443 39258
32444 42817
32449 39712
32452 33418
32453 43964
32453 46684
32454 49352
32458 33292
32459 34985
32459 38729
32461 42004
32462 41179
32462 43668
32464 34751
32464 44057
32465 32666
32465 46856
32466 46807
32468 47179
32470 36139
32472 44869
32474 41616
32476 46528
32481 40811
32482 43715
32483 35347
32483 43668
32487 45212
32490 37277
32490 37302
32490 49917
32492 40532
32493 41010
32494 49714
32496 39316
32496 41855
32499 39279
32499 45639
32500 45243
32501 38496
32502 47779
32506 45568
32508 34196
32508 48726
32510 35610
32513 33291
32513 36705
32514 33800
32516 40591
32516 49702
32519 35591
32521 37507
32523 33557
32523 34073
32526 34740
32526 44025
32527 40375
32527 49159
32531 37805
32533 43716
32533 46875
32534 43164
32536 37472
32538 39758
32539 37836
32540 47490
32541 36665
32541 41465
32543 47353
32544 32744
32544 38547
32545 42963
32553 40803
32555 42440
32557 33480
32564 47949
32570 34076
32574 46865
32576 39369
32578 33359
32580 43231
32581 47382
32582 40931
32585 42011
32589 34378
32590 48474
32591 46484
32592 38321
32592 43413
32593 48391
32599 44190
32600 44154
32601 49447
32603 38802
32603 44758
32603 49918
32604 43450
32604 45939
32605 47005
32611 42122
32614 37399
32616 37105
32616 38344
32617 45367
32618 46808
32619 39782
32620 45907
32620 46511
32622 42135
32622 44166
32623 34569
32623 34592
32624 33610
32625 37084
32626 36168
32626 44076
32630 47878
32630 49885
32631 37620
32632 37715
32634 46609
32637 33348
32637 41098
32640 49837
32641 33058
32642 39225
32643 42023
32644 46087
32645 34998
32649 36146
32650 43793
32650 45879
32651 38678
32651 45634
32652 45262
32655 34002
32656 36499
32657 37145
32661 49263
32663 42342
32665 35270
32665 36757
32669 39682
32670 47076
32671 47082
32672 36977
32673 34293
32673 38504
32673 45120
32674 49991
32675 43010
32677 34939
32677 35892
32681 44428
32683 34483
32683 40929
32683 41626
32686 33748
32686 41697
32688 47047
32691 46504
32692 39144
32692 40175
32692 40375
32694 37402
32694 44401
32694 49968
32695 38967
32695 43501
32696 42204
32697 40626
32698 42330
32699 32897
32699 43218
32701 49618
32702 38055
32703 45599
32703 49908
32704 37549
32704 43000
32705 38887
32705 40072
32706 35290
32706 37332
32709 37285
32713 34193
32715 44976
32716 41050
32716 44204
32718 47461
32719 48718
32723 39064
32726 33667
32727 34535
32730 38281
32730 39104
32731 35492
32732 37583
32733 48159
32733 48757
32734 42363
32736 40877
32736 40963
32740 48511
32741 40638
32741 42204
32741 44966
32742 44845
32743 34391
32743 39739
32748 49144
32749 40033
32751 40948
32751 44040
32753 36788
32754 34429
32754 49544
32755 33034
32756 37269
32759 43601
32760 40300
32760 47462
32762 40718
32764 36147
32765 33883
32765 47065
32766 41502
32769 42021
32770 45582
32774 36339
32775 34155
32778 47589
32780 39107
32780 44041
32783 41792
32785 44681
32786 48102
32787 40994
32788 39133
32789 34619
32791 45403
32793 40854
32793 43016
32795 46193
32797 49648
32798 43857
32801 34752
32801 38555
32801 39944
32803 35007
32804 34220
32807 48390
32808 33979
32808 37297
32809 41704
32813 46908
32814 44890
32816 40987
32817 48608
32818 34441
32819 34915
32819 39240
32820 33172
32820 39125
32823 38681
32823 45664
32825 41783
32826 37675
32826 47662
32827 36837
32831 33267
32832 46174
32835 49578
32836 47517
32837 44031
32837 45696
32840 33520
32840 34796
32840 38612
32841 38024
32841 47747
32842 47791
32844 35611
32844 44881
32845 34035
32846 37130
32853 36874
32853 39984
32853 44248
32855 38249
32855 42039
32857 35343
32861 49974
32862 33767
32862 36053
32864 39626
32867 49458
32868 40872
32869 34219
32869 37222
32870 36798
32870 49633
32871 36697
32871 44611
32872 37558
32872 38653
32873 44274
32875 45395
32876 36504
32876 40506
32876 46921
32878 37449
32881 33147
32882 42291
32882 46943
32883 36751
32884 36989
32886 39282
32887 40164
32888 38764
32892 38289
32892 41972
32893 42877
32893 49566
32895 37511
32896 38117
32897 41016
32901 37615
32901 39205
32905 38623
32905 49284
32907 41627
32907 47961
32908 41896
32910 38332
32911 49505
32913 38000
32914 42983
32915 34478
32915 35636
32917 33193
32918 34874
32918 42027
32919 45370
32919 48864
32924 34627
32926 45221
32928 35705
32928 36987
32928 49926
32929 37844
32929 48985
32932 33965
32936 34294
32936 37478
32939 33088
32940 33714
32940 36532
32944 33045
32944 33337
32944 35367
32944 43703
32944 45795
32947 39384
32949 43136
32950 39408
32951 36001
32951 41503
32952 33139
32952 41401
32955 39088
32955 41063
32957 36745
32957 38784
32957 43578
32958 41814
32961 37054
32961 43887
32961 49979
32962 46545
32963 33285
32966 44150
32967 44860
32969 45359
32971 43604
32972 33523
32972 46417
32973 44088
32974 33747
32977 48503
32983 35413
32984 45623
32987 48819
32991 38796
32992 35023
32992 38019
32992 48741
32994 43723
32994 45841
32995 48621
32996 37940
32996 46316
32996 47036
32997 44358
32997 46448
32998 46624
32999 48675
33002 46425
33012 36315
33016 43586
33017 38546
33020 43778
33023 48005
33025 37313
33025 40089
33026 39790
33026 49881
33027 41321
33028 48955
33030 41254
33031 42642
33034 33674
33036 46387
33036 47207
33038 47952
33039 33064
33041 38339
33045 40733
33046 36614
33048 39017
33056 47465
33058 46301
33060 48253
33064 43085
33067 44866
33070 33471
33071 44545
33071 47325
33073 35459
33073 43905
33074 35283
33075 35376
33076 48256
33079 47173
33081 40675
33083 34341
33084 46173
33085 38753
33088 33507
33089 38005
33090 40860
33093 38540
33102 44007
33104 45118
33105 48651
33107 45655
33109 40173
33110 39298
33113 34811
33113 44143
33113 45728
33114 33991
33114 41824
33120 47512
33121 34500
33122 41576
33122 44368
33126 41722
33127 33895
33127 34628
33127 45301
33130 33965
33130 35344
33131 48932
33132 38259
33137 34327
33138 49009
33140 45061
33141 48964
33142 42107
33144 39646
33145 41034
33147 46388
33149 40488
33149 42647
33149 46883
33151 37002
33151 47732
33152 35038
33153 33517
33154 45184
33154 49766
33155 39117
33156 39107
33156 40761
33157 34710
33159 37691
33159 41155
33159 48767
33160 39814
33161 36732
33162 37907
33163 35692
33163 38237
33165 42301
33165 43515
33167 41459
33167 48597
33168 36342
33169 39027
33170 45711
33171 39250
33172 46354
33173 45084
33173 48287
33173 48647
33175 40546
33177 38192
33181 48751
33182 41082
33184 35626
33186 36755
33190 41553
33191 48307
33192 41512
33193 35705
33194 47067
33195 33671
33199 48958
33200 39272
33201 33458
33203 49658
33206 36882
33212 33735
33212 43797
33212 43838
33212 48261
33213 37963
33214 41384
33214 45922
33216 47192
33218 36946
33218 44744
33222 34971
33223 41675
33225 33724
33229 38986
33229 45162
33230 36507
33232 37494
33233 46132
33240 39650
33242 40090
33243 37488
33251 43351
33251 44983
33251 45494
33253 47591
33259 36008
33259 38952
33261 41782
33262 44398
33262 46130
33263 48485
33265 39732
33267 37362
33268 43569
33271 40279
33271 42373
33277 46331
33278 42630
33279 41469
33280 42244
33282 37089
33287 43611
33293 47133
33294 35648
33295 36205
33296 34957
33298 42681
33299 39781
33299 47572
33303 41871
33307 41820
33309 40984
33311 46852
33313 38722
33313 42740
33314 33758
33314 45329
33316 35304
33316 47750
33322 36504
33322 38204
33325 36819
33326 46940
33326 48125
33328 41366
33329 40297
33329 41077
33330 47292
33331 34610
33332 48429
33333 45216
33334 42948
33335 40569
33342 38494
33343 35177
33343 39417
33343 40253
33347 33806
33349 39090
33349 46643
33349 48784
33352 42124
33352 46256
33355 42442
33355 46518
33357 47524
33360 43178
33364 36014
33364 37640
33365 40456
33365 40778
33366 33720
33366 35441
33367 48250
33368 43646
33371 38856
33372 46812
33373 37774
33376 46758
33377 47403
33378 37404
33380 36872
33380 37353
33385 44298
33387 40862
33388 43997
33390 38987
33390 43116
33392 38631
33395 35015
33395 46834
33401 37589
33401 46652
33403 35247
33403 40954
33404 38615
33405 49105
33412 38733
33415 41283
33416 36983
33418 41554
33418 43642
33418 46195
33420 35765
33421 39747
33423 41730
33426 42189
33427 47660
33430 37078
33431 38534
33431 41478
33431 49742
33432 42782
33435 41296
33436 39079
33437 44928
33438 49982
33441 43609
33444 43142
33444 48963
33445 33467
33449 39737
33450 44881
33450 46383
33452 40421
33453 49224
33455 46843
33456 43837
33459 43546
33459 46458
33462 35834
33465 44886
33466 40716
33466 48159
33467 41188
33468 44324
33470 35032
33470 37839
33471 37544
33475 34649
33479 36984
33481 48543
33482 35914
33482 47140
33483 49856
33485 49113
33486 44263
33486 44951
33488 36423
33488 41355
33489 44090
33490 43879
33490 48381
33494 46426
33494 47379
33498 40689
33498 43580
33498 45652
33502 37104
33503 49674
33504 41643
33506 48992
33513 41997
33514 37922
33514 44978
33515 35149
33519 39001
33521 36130
33523 34410
33524 33715
33525 39469
33525 44025
33528 37719
33528 45270
33529 40679
33529 45502
33530 34082
33531 37752
33533 38245
33533 48623
33534 40466
33535 41504
33535 44733
33537 49219
33539 42519
33543 38000
33550 44444
33550 45401
33551 33583
33554 34331
33554 39635
33554 41283
33555 36820
33557 35034
33557 39108
33557 41919
33558 42094
33560 45020
33560 47348
33562 45260
33563 36282
33566 36191
33566 39771
33570 49623
33571 43295
33572 41718
33573 38680
33573 48816
33574 34040
33574 48460
33580 44470
33581 48748
33582 36609
33582 43254
33582 44675
33584 46970
33585 36647
33587 43241
33589 35483
33589 44439
33591 39046
33591 39860
33592 40097
33603 40787
33603 48459
33604 38823
33611 37809
33612 40399
33613 43155
33618 46356
33620 45120
33621 45562
33621 46109
33626 36144
33626 49321
33627 49923
33633 48691
33634 35903
33634 39227
33635 46272
33636 40980
33638 37895
33638 42945
33638 45366
33639 35164
33641 47721
33643 44239
33643 45801
33644 46094
33645 42026
33645 42565
33645 43729
33646 42735
33647 46062
33648 49650
33653 42314
33657 37045
33657 49757
33658 39690
33658 49305
33662 46419
33664 35826
33665 38602
33667 35155
33670 37268
33679 42764
33679 45870
33680 40091
33681 45634
33682 36032
33689 39597
33689 39756
33690 41780
33691 44785
33692 46675
33693 34816
33693 47422
33694 49447
33696 37312
33698 33745
33698 39012
33698 44143
33699 36887
33702 40849
33702 42358
33703 39199
33705 42801
33710 47689
33711 40226
33711 47069
33713 44141
33713 49438
33719 42848
33722 36530
33722 45777
33723 39080
33727 34760
33728 36258
33728 43828
33733 48333
33735 34020
33738 43255
33738 45817
33740 35049
33740 40712
33741 33803
33741 38640
33742 47581
33743 34653
33744 43578
33748 49390
33751 47253
33753 46909
33754 44381
33755 39456
33755 45964
33756 49567
33758 41712
33759 45601
33760 42801
33761 34616
33765 45301
33768 41880
33769 43911
33769 47323
33770 46255
33772 47073
33774 46023
33775 38121
33778 35088
33780 41511
33780 42403
33781 38935
33781 49736
33783 42909
33787 35095
33787 40753
33790 46387
33791 40051
33792 35262
33793 46247
33793 49478
33795 46490
33796 45645
33798 45928
33805 37529
33806 47464
33807 40683
33807 46122
33807 46335
33808 38974
33809 49804
33812 35869
33812 40634
33817 42676
33817 43000
33818 41071
33821 36557
33824 46109
33825 34602
33825 42909
33828 40740
33829 36997
33831 48682
33833 40862
33836 42702
33837 45671
33838 35185
33844 42811
33845 45051
33854 35188
33854 49364
33856 48253
33858 44892
33858 45073
33860 38131
33860 42670
33860 44512
33861 35242
33861 41434
33864 34148
33864 38857
33865 38258
33868 39623
33868 42237
33868 43251
33869 41553
33869 43134
33869 44709
33870 45122
33870 47594
33870 48797
33872 46273
33872 46722
33876 44528
33877 45408
33878 45495
33881 41692
33881 48774
33882 47839
33883 42404
33884 38850
33891 45219
33892 42630
33892 46469
33893 37587
33893 40139
33897 43275
33899 40122
33901 41349
33902 38038
33902 44871
33903 42972
33905 49343
33907 44031
33907 49375
33908 37715
33909 34250
33913 37998
33913 44394
33916 43415
33916 44586
33919 43905
33920 42028
33921 40033
33922 35206
33922 48381
33923 48946
33924 36888
33927 36564
33927 39263
33927 43570
33928 48209
33930 34640
33930 38146
33930 44410
33930 44541
33932 39321
33934 48532
33935 42142
33935 42635
33935 43958
33935 49103
33937 35872
33939 37509
33941 40554
33947 49855
33948 34710
33948 37360
33948 48534
33949 44988
33949 47171
33951 35233
33952 40295
33952 47435
33954 38471
33954 48770
33957 47882
33959 41153
33960 45054
33962 34278
33962 41168
33962 47859
33965 42579
33967 42873
33968 36628
33969 40154
33971 46323
33971 49749
33971 49821
33974 34727
33974 35006
33974 47469
33975 36866
33975 43990
33977 43423
33977 47728
33978 43012
33980 42570
33983 38785
33986 46761
33987 42750
33988 38302
33988 46769
33991 41132
33992 48439
33994 48349
33995 41733
33995 43213
33996 37391
33996 45247
33997 38733
33997 39537
33997 44187
34000 34664
34000 43679
34002 38800
34004 34375
34004 42558
34005 40641
34005 49676
34007 49347
34009 48866
34011 36486
34017 47028
34018 39279
34019 45722
34021 48980
34021 49181
34022 34580
34026 46008
34029 36716
34030 49108
34032 34541
34034 45230
34040 43726
34041 44777
34044 42910
34044 45128
34044 45375
34045 40554
34047 47089
34047 47522
34048 44611
34049 35514
34051 44967
34053 45708
34055 49152
34056 40350
34056 42206
34058 41511
34058 42672
34061 42143
34063 40067
34066 45974
34068 36538
34068 47498
34068 47741
34069 43936
34069 44119
34069 47752
34071 41161
34071 41521
34071 42723
34071 48041
34073 36471
34075 37509
34077 43614
34078 49865
34079 37393
34080 48197
34082 39610
34083 37288
34083 47820
34084 40282
34084 40643
34087 41873
34088 46400
34089 39925
34090 36642
34093 45991
34093 48638
34095 35229
34095 42119
34096 37419
34097 38760
34097 44885
34098 44569
34100 44822
34103 41457
34104 49177
34105 48844
34107 46331
34109 43720
34113 45015
34116 39766
34119 34913
34119 35618
34120 43046
34120 49281
34122 35203
34122 43153
34122 47272
34124 46615
34126 36358
34126 43590
34128 38056
34130 37128
34136 40380
34137 41213
34138 43591
34139 34798
34145 42237
34145 45828
34148 49438
34151 49406
34159 43305
34161 48982
34164 38361
34164 41108
34165 38735
34166 46135
34167 35966
34169 46496
34174 40174
34176 35585
34176 37525
34177 47012
34178 35812
34179 37270
34180 40783
34182 47855
34183 40191
34184 37140
34186 47294
34189 36342
34192 40693
34193 44123
34197 45802
34200 43520
34201 45933
34203 45592
34207 36038
34207 41078
34208 37658
34209 36984
34209 44723
34210 41926
34211 39607
34211 42987
34212 36934
34214 46898
34216 37258
34216 37937
34217 49402
34218 41795
34221 41977
34221 47802
34222 45639
34223 37487
34223 40615
34224 46694
34225 45902
34226 35295
34227 43224
34229 48094
34230 44728
34231 40360
34231 44567
34231 44583
34232 42159
34233 46644
34238 39643
34238 48435
34247 35045
34247 37062
34248 44634
34249 35594
34249 35756
34249 36259
34253 40075
34254 45069
34255 37821
34256 34803
34257 35923
34257 42021
34259 41401
34261 35887
34262 45222
34263 39887
34266 34888
34266 45107
34267 36356
34267 40090
34270 37898
34271 45435
34271 47334
34271 49045
34272 46820
34274 36017
34274 44730
34277 43513
34277 44516
34279 46307
34282 36445
34284 41266
34286 40821
34288 35150
34288 44064
34293 41502
34295 39728
34295 47873
34295 49707
34296 40110
34296 43831
34296 49313
34298 48301
34308 40546
34308 47933
34309 46932
34310 41745
34310 44212
34311 39616
34313 47920
34315 49915
34319 47676
34326 43499
34326 44513
34332 43250
34336 44854
34337 49402
34338 48125
34339 40995
34339 44867
34340 37690
34340 39013
34342 41476
34343 39195
34343 41202
34344 37842
34346 42344
34347 43602
34348 48064
34350 35024
34351 44593
34352 38146
34352 40020
34357 36984
34359 42469
34360 44564
34361 38315
34361 47211
34363 42179
34363 47087
34364 37315
34367 34773
34367 37146
34367 42576
34368 48428
34371 43210
34375 40147
34376 49256
34378 44392
34381 39210
34386 44301
34386 46958
34387 41369
34387 41893
34387 46118
34390 41495
34390 42062
34394 38098
34395 36595
34395 47394
34396 36643
34396 43544
34397 42263
34400 49240
34401 46034
34406 42514
34406 46164
34409 42177
34409 48257
34413 41183
34414 35802
34414 47707
34414 49915
34416 40329
34416 44299
34417 45565
34421 41437
34423 41585
34431 44842
34432 45069
34432 47504
34434 39163
34434 40183
34434 49558
34435 34478
34435 36668
34440 44495
34444 45361
34445 48646
34447 45850
34452 36298
34453 41512
34453 43859
34453 47290
34454 43251
34455 44090
34455 48644
34456 39430
34456 47819
34459 38766
34462 47722
34465 36196
34465 43336
34467 45511
34470 36786
34470 44244
34470 48728
34471 43333
34471 49912
34475 37512
34477 36091
34477 36250
34479 40107
34479 46591
34481 38403
34482 38935
34482 42742
34483 40790
34484 43922
34485 37346
34486 34929
34486 35610
34486 41943
34488 39346
34488 43528
34489 47385
34490 37423
34490 48144
34493 43008
34494 40509
34494 46400
34496 35369
34496 43055
34496 47149
34496 49552
34498 47364
34500 48066
34501 41710
34501 46253
34501 49053
34504 41082
34505 40316
34505 45122
34507 47915
34510 44790
34513 47623
34516 34636
34517 37489
34522 43624
34525 40535
34525 41991
34526 37258
34526 46491
34528 36610
34529 37835
34534 34579
34535 36456
34535 38823
34535 47873
34539 35428
34541 38913
34541 45294
34541 48113
34543 45798
34544 42708
34547 40789
34549 42176
34550 37726
34553 34804
34554 34632
34555 41231
34556 41243
34559 37799
34563 39400
34567 45609
34569 36059
34570 41275
34571 41726
34572 49424
34574 43901
34575 38271
34576 38588
34576 40219
34577 35233
34577 45017
34581 47542
34582 43420
34582 43740
34583 36268
34583 43661
34583 49212
34586 40790
34588 41950
34589 49924
34591 44678
34593 49671
34601 42371
34606 38015
34607 36890
34607 46119
34609 39147
34615 38405
34615 47417
34617 35997
34618 34927
34620 37548
34620 38867
34620 39972
34620 46283
34625 38996
34625 43110
34626 45629
34628 48627
34629 39255
34629 45840
34630 37879
34631 36747
34635 36431
34637 49122
34638 37672
34638 48566
34640 35679
34641 38143
34641 45595
34641 48137
34642 43937
34645 39533
34652 49934
34655 44442
34656 49073
34659 47913
34665 35581
34665 48970
34669 40122
34671 42466
34672 39769
34672 44258
34673 36946
34674 39630
34674 43805
34674 45269
34676 47112
34677 39419
34678 36836
34679 36421
34685 49104
34687 38525
34688 39215
34689 40233
34690 47122
34693 46668
34693 48968
34694 42889
34695 40808
34697 39113
34697 40390
34698 35461
34698 45560
34700 39921
34706 36773
34707 37959
34709 39908
34709 40138
34709 44061
34711 35303
34711 39488
34711 47705
34712 41245
34713 35056
34713 41321
34714 39694
34714 40654
34716 48197
34717 42432
34718 40241
34719 35346
34719 45189
34723 39142
34723 43342
34730 36187
34731 38511
34732 43895
34732 47000
34737 38841
34737 47522
34738 43438
34738 49896
34739 37067
34740 49709
34742 46437
34746 35322
34748 48829
34752 46615
34754 41283
34755 45481
34756 43942
34757 35077
34761 42906
34762 39456
34765 41873
34769 37520
34769 38600
34772 41002
34774 43628
34775 49992
34777 44673
34778 44037
34783 42889
34784 42291
34785 39395
34787 44224
34789 42322
34790 45475
34791 41205
34791 43883
34794 40378
34795 40514
34800 36920
34803 35199
34804 35581
34806 40702
34807 44865
34808 43400
34811 35898
34813 36166
34813 43480
34815 36092
34815 43259
34818 43827
34821 36093
34822 35854
34822 42512
34823 39056
34824 44077
34828 43049
34830 42262
34833 43815
34834 49124
34835 40322
34835 47121
34837 49504
34838 41036
34840 48749
34841 40323
34843 37546
34845 44197
34845 46548
34847 36376
34852 41244
34854 47431
34855 46524
34859 41415
34863 39976
34864 39559
34865 36585
34868 35778
34869 42621
34872 35636
34872 48920
34880 38894
34881 35525
34885 39974
34885 41576
34887 48555
34891 47654
34892 43282
34894 45387
34896 46081
34898 40940
34898 41549
34898 48100
34899 47952
34901 45107
34903 35763
34904 35668
34904 48989
34904 49070
34908 45791
34909 38333
34910 47705
34911 37100
34912 35938
34912 43177
34913 42660
34915 36285
34915 49891
34919 46059
34920 35902
34921 36370
34921 43582
34922 40592
34923 39374
34924 46433
34925 35125
34927 47442
34929 36331
34929 48996
34930 37107
34934 45670
34939 39717
34939 47978
34940 47865
34941 42030
34941 42456
34943 40437
34944 41679
34946 37103
34947 43875
34953 36349
34956 36296
34962 41434
34965 48916
34968 39637
34974 36543
34975 41847
34977 43262
34978 36789
34979 36711
34981 44605
34983 39335
34988 36981
34988 41661
34988 47870
34996 49865
35000 37094
35002 49139
35006 42193
35006 42996
35011 49626
35012 38705
35012 44153
35014 43690
35016 40281
35018 47418
35026 37882
35026 48542
35027 35896
35028 49699
35029 47105
35038 39222
35038 43765
35040 37230
35043 48061
35045 44024
35046 45922
35049 43548
35049 48752
35051 48725
35055 45578
35057 45673
35064 49136
35065 44780
35066 42550
35066 46992
35067 43972
35067 45428
35069 47883
35070 43964
35072 44972
35073 38507
35073 45591
35075 42729
35077 44051
35079 35106
35080 36160
35080 49432
35081 45289
35082 37796
35082 43312
35083 37469
35085 37760
35087 49061
35088 43556
35090 43107
35091 37358
35092 36371
35098 38545
35099 42063
35099 47267
35100 48553
35101 46626
35102 36121
35102 36715
35104 47082
35105 39180
35106 48654
35107 43343
35108 36550
35113 47805
35116 44356
35120 41959
35121 48426
35122 40834
35124 43589
35124 47988
35125 37958
35126 40648
35126 47334
35127 49861
35129 38107
35130 47854
35132 36426
35132 36844
35137 47560
35140 40365
35141 37048
35141 49828
35144 45646
35145 44616
35149 42338
35150 40544
35156 37129
35158 41897
35158 45204
35160 49936
35161 41955
35161 44295
35161 49048
35164 47517
35166 39091
35167 43281
35169 48758
35172 40559
35173 49699
35174 44731
35175 46230
35178 49857
35180 41689
35181 48628
35182 47832
35182 48468
35184 38876
35184 41491
35184 41741
35185 35699
35185 42734
35185 44316
35186 40115
35187 39962
35189 35208
35191 36574
35193 39834
35193 40280
35195 43329
35197 43918
35197 49760
35198 46531
35198 49632
35209 36112
35211 45346
35211 46860
35213 41252
35213 43626
35213 46846
35215 35847
35216 41536
35217 41665
35217 42617
35219 49667
35220 35810
35223 44202
35223 49507
35224 42767
35225 45244
35226 44760
35231 46778
35236 36178
35236 45984
35236 48900
35242 45018
35244 47249
35245 37381
35245 42610
35249 45350
35252 35754
35253 42640
35255 46860
35257 42721
35259 45343
35263 39957
35266 37253
35268 40055
35269 45951
35270 41669
35272 40543
35277 38379
35277 42686
35277 43229
35278 35680
35279 37148
35279 42930
35281 45020
35281 46451
35285 37999
35286 36645
35286 37522
35286 44406
35286 46201
35288 46612
35289 39030
35292 37865
35294 40418
35295 46296
35298 41022
35299 47543
35301 45012
35308 42640
35312 48908
35316 47881
35319 45769
35324 42700
35324 48476
35330 37382
35332 46406
35334 49040
35335 41170
35336 40130
35336 40686
35341 42111
35343 35361
35343 44877
35344 35696
35346 36834
35346 46004
35347 36419
35349 43640
35350 45579
35351 43537
35353 39319
35353 47064
35355 38348
35359 45692
35361 37760
35361 41808
35362 46330
35363 47089
35364 46656
35365 40365
35366 42037
35367 42827
35372 35447
35373 42257
35374 47337
35375 40067
35382 41627
35383 38945
35385 47738
35386 45682
35386 48725
35387 36232
35387 43078
35390 44909
35391 46688
35394 42494
35395 36871
35398 35859
35398 42285
35398 43527
35398 46654
35399 46019
35402 46162
35402 49396
35405 35565
35408 42682
35408 43885
35409 44064
35413 39856
35417 47140
35419 49835
35420 41953
35421 41819
35423 42808
35424 38959
35428 40720
35428 48053
35429 42623
35430 38174
35430 45141
35430 45979
35432 45244
35433 48702
35434 46847
35434 46955
35437 48938
35438 40052
35441 43094
35442 46649
35443 42125
35444 43762
35444 46334
35445 36585
35445 37239
35446 42371
35449 41392
35451 42951
35452 35655
35452 37201
35454 42599
35455 46207
35455 48997
35456 46609
35457 36090
35458 43183
35459 38284
35459 49325
35462 48587
35463 40686
35465 36203
35465 45399
35470 44012
35472 41878
35472 46023
35473 48787
35474 36087
35477 36124
35482 36949
35482 47846
35486 42845
35488 41410
35489 49606
35492 45910
35492 49418
35493 42550
35493 44204
35494 41000
35496 48048
35498 41452
35500 46823
35505 37384
35506 39503
35507 39916
35507 42760
35509 40872
35509 49306
35510 47852
35511 37614
35511 44587
35511 47040
35514 39674
35514 47046
35521 41376
35523 47038
35526 40139
35526 41099
35527 44608
35528 38160
35528 39204
35529 40184
35530 35591
35530 47670
35531 46824
35532 48155
35534 37657
35534 41261
35534 45154
35537 40008
35538 45489
35539 38829
35540 43285
35543 45165
35544 36729
35546 43071
35547 37613
35549 43840
35550 41490
35553 35947
35556 40652
35558 38077
35559 47931
35561 36221
35562 43729
35563 41962
35570 43631
35571 40443
35572 36011
35573 40383
35577 36241
35579 42809
35580 44547
35581 37515
35584 37521
35584 47306
35589 40889
35590 35878
35590 42135
35590 42330
35599 38366
35599 44823
35599 46585
35600 38363
35600 49519
35603 40603
35604 48049
35609 48343
35609 49258
35611 37376
35612 49588
35613 39818
35614 41243
35614 42192
35616 41335
35616 44701
35617 45924
35618 46057
35620 45481
35623 48012
35623 48589
35625 37310
35626 39481
35626 47434
35628 42613
35632 46430
35636 36361
35637 40598
35638 48643
35639 37696
35642 45237
35644 37688
35647 39568
35647 40351
35647 49063
35655 37758
35655 43822
35656 45771
35656 49938
35658 42606
35658 46927
35660 49860
35662 36014
35663 49789
35668 46896
35669 43520
35671 45832
35671 48091
35674 37176
35678 38080
35678 45521
35682 43266
35685 43189
35686 36832
35687 44638
35688 47556
35689 38139
35691 47180
35692 37370
35692 44521
35693 40047
35694 49210
35695 40434
35696 42351
35704 38042
35710 38621
35710 40189
35710 49610
35711 47047
35713 48927
35715 35791
35716 44858
35722 41795
35724 41878
35726 38962
35726 40223
35727 46639
35728 38032
35730 46239
35731 38649
35733 43430
35735 37939
35735 40540
35741 49980
35742 37416
35742 47974
35748 41643
35749 38963
35749 48004
35753 40162
35755 40625
35756 36119
35756 45288
35760 45352
35763 47598
35763 49948
35765 36696
35766 44496
35770 42160
35774 47767
35775 44699
35776 45921
35776 47895
35776 48131
35780 36250
35780 43660
35784 44518
35786 47251
35788 38976
35791 44805
35795 36363
35795 49697
35796 46554
35796 48011
35802 36484
35803 49254
35812 46013
35813 41841
35815 36191
35816 47581
35818 40656
35819 38671
35820 46072
35821 48272
35824 49785
35825 36725
35825 45880
35827 48767
35829 45200
35829 49415
35833 39238
35836 38993
35842 45998
35843 44972
35844 36550
35852 39731
35855 44274
35857 42800
35857 46527
35859 48936
35861 49269
35862 38128
35863 38139
35864 37084
35865 39495
35865 42186
35866 41407
35866 46192
35868 38551
35869 38054
35869 42919
35871 38172
35872 38211
35874 44599
35876 40713
35877 39574
35878 42589
35880 46998
35881 45566
35882 43502
35888 45716
35890 48296
35891 37414
35891 39118
35891 47642
35895 38369
35895 42086
35897 36060
35898 46335
35901 37729
35903 45191
35904 37342
35904 38054
35908 48673
35909 40637
35910 40417
35910 42891
35911 37137
35913 46098
35914 39079
35918 41789
35921 40008
35921 41917
35922 38145
35924 37514
35928 43785
35929 42752
35930 35998
35931 37902
35937 38132
35937 40334
35937 42079
35939 37834
35939 43769
35941 46239
35949 38691
35949 49763
35954 44194
35956 47925
35959 45949
35960 49378
35961 41410
35965 37412
35965 47860
35969 49065
35970 36811
35972 36677
35973 36675
35975 49671
35976 37179
35976 38698
35976 47089
35977 44715
35978 37672
35979 37161
35979 48823
35981 36742
35981 47662
35981 48353
35983 41524
35984 44362
35985 43275
35987 43484
35987 45780
35988 36727
35988 37160
35988 42737
35989 47998
35989 49539
35992 42332
35995 40880
36002 45598
36003 40866
36005 38195
36008 43821
36010 48737
36012 48856
36013 41450
36015 40042
36015 45479
36017 43696
36019 45024
36020 42202
36021 38097
36021 48878
36024 44163
36025 38033
36025 49786
36026 36739
36026 48574
36027 39208
36027 44065
36028 37372
36031 49388
36032 41016
36032 49529
36037 41887
36039 42466
36041 45918
36042 45119
36045 47459
36049 38201
36051 45644
36052 42934
36052 46134
36054 38903
36054 47435
36055 36934
36056 41741
36058 44837
36060 48369
36062 49798
36063 38584
36065 43315
36065 46818
36066 40235
36066 48348
36067 36998
36067 48876
36070 37653
36070 41429
36072 49759
36074 48990
36075 37778
36077 41313
36078 40647
36079 36644
36079 44114
36083 40229
36087 48399
36091 45897
36092 46304
36093 37470
36093 43521
36095 43415
36096 39674
36096 39726
36097 41484
36098 36531
36098 38751
36099 45648
36100 43004
36101 43619
36107 44312
36108 46303
36111 44573
36111 44780
36111 45298
36111 49982
36118 41153
36119 41652
36119 41777
36119 41980
36120 40104
36122 46731
36125 42921
36129 40951
36131 37296
36131 46859
36134 37778
36134 43029
36134 49229
36139 36762
36139 38162
36139 39172
36139 45249
36142 40774
36143 49013
36144 44050
36145 36887
36145 41130
36148 43101
36157 41196
36159 37119
36165 45194
36167 42141
36169 37645
36172 38007
36172 43666
36172 45223
36173 39446
36187 40215
36188 42433
36190 37490
36190 40583
36191 42582
36192 45113
36193 40054
36193 43243
36194 43470
36194 46318
36203 42889
36207 42748
36207 45623
36209 41473
36210 42247
36211 37631
36212 36264
36212 43219
36212 45823
36212 46015
36212 46548
36216 47299
36218 47421
36220 47046
36222 49350
36225 39684
36225 44722
36228 40616
36229 49981
36232 43442
36233 43765
36235 48771
36237 37047
36238 42470
36239 42438
36239 42975
36242 45741
36245 41822
36246 36417
36247 45500
36247 49855
36256 39883
36258 38111
36259 46177
36263 38294
36272 42234
36272 46914
36272 47029
36273 37991
36274 37421
36275 42515
36276 39947
36276 47036
36277 44995
36281 40495
36282 43864
36283 40179
36283 46845
36285 49943
36286 45999
36287 44778
36289 45867
36289 49816
36290 37175
36291 44828
36292 45569
36294 38291
36296 42761
36297 45660
36298 49602
36303 42992
36303 46611
36306 40320
36308 44910
36310 37061
36310 47088
36311 41060
36312 42545
36314 38966
36315 43481
36316 43142
36321 41296
36323 47814
36323 48255
36324 37907
36328 43168
36329 39384
36329 39974
36330 43284
36331 38217
36332 42740
36336 39320
36338 43852
36338 49008
36342 36887
36347 37894
36349 37019
36349 40940
36350 43675
36353 45088
36353 47998
36354 48178
36355 37320
36361 36733
36361 37392
36361 41458
36364 47843
36366 47334
36368 40967
36369 37163
36369 46291
36370 41013
36372 43588
36373 49926
36379 40878
36380 40100
36380 40796
36388 36463
36388 45716
36392 44291
36402 47636
36402 48371
36406 41584
36407 48511
36409 40145
36414 43112
36416 48823
36417 41412
36418 44692
36420 41317
36424 48303
36425 44217
36426 46857
36427 49980
36428 41274
36428 46237
36429 44427
36432 37445
36432 41694
36438 48488
36441 38402
36441 39633
36445 47308
36448 43071
36448 46136
36449 42062
36452 46079
36454 38847
36456 43844
36456 48009
36457 37740
36458 41691
36458 46006
36459 37496
36461 43621
36461 46115
36463 44702
36463 46156
36464 38922
36466 37514
36466 41945
36468 40240
36472 48267
36473 38356
36473 48799
36478 46024
36481 40699
36484 48324
36487 48019
36488 37850
36492 38243
36493 37530
36493 45926
36493 48880
36498 37532
36499 47529
36499 49408
36500 39201
36502 41367
36507 45429
36510 45882
36510 48445
36512 48518
36513 43597
36516 42245
36518 44913
36520 38644
36520 45916
36523 38161
36523 46559
36524 39202
36524 48141
36525 43205
36528 36784
36536 44166
36538 37253
36538 45622
36539 36856
36539 37541
36541 49185
36542 43778
36547 46664
36547 47199
36548 42202
36550 44129
36552 45465
36553 47632
36555 39465
36557 41458
36562 47754
36563 42327
36567 44514
36568 47813
36568 48385
36572 46234
36579 37486
36579 39600
36583 40084
36584 41688
36586 45619
36587 48127
36588 45884
36592 43569
36594 45952
36597 38355
36599 40460
36599 48213
36600 38673
36601 47638
36605 46246
36606 48566
36607 46869
36607 48577
36608 48304
36609 38991
36610 37628
36611 39871
36612 45876
36614 47596
36616 47149
36624 43174
36627 49398
36629 48263
36630 37699
36631 38418
36631 38600
36632 49026
36634 40713
36635 37092
36636 40932
36638 37331
36640 46344
36641 40072
36643 40477
36647 48001
36649 37160
36650 43878
36652 48043
36653 37636
36653 49469
36657 38678
36657 38994
36657 48728
36658 36943
36658 39605
36660 46980
36664 48707
36665 40649
36668 47252
36671 40593
36672 44560
36674 40107
36677 46900
36680 38226
36685 48342
36686 42444
36686 43485
36687 48107
36690 40097
36692 48978
36693 44343
36702 42784
36702 46623
36703 44334
36711 37333
36713 42375
36714 43992
36715 36977
36716 49601
36717 49049
36719 38303
36720 45511
36723 39626
36726 46959
36728 37690
36728 40109
36729 36937
36732 39710
36733 39401
36735 37554
36735 39668
36737 49480
36739 44537
36739 48158
36740 47458
36744 40848
36745 43378
36748 46971
36753 47511
36754 39401
36754 41692
36754 42188
36757 36899
36759 37110
36766 37595
36767 36790
36768 43047
36770 39385
36773 40818
36773 47733
36775 45317
36777 40499
36778 44440
36779 43282
36783 37351
36784 45311
36786 40042
36786 48906
36787 42207
36788 43505
36788 49969
36792 46844
36794 46164
36795 42235
36795 49951
36797 37801
36799 39134
36799 41960
36801 41242
36802 37870
36803 43795
36804 39978
36804 46939
36807 42146
36809 40471
36809 49227
36811 44696
36811 47368
36814 44404
36816 38321
36817 49693
36819 49438
36822 37111
36823 37549
36823 39913
36823 46589
36824 44264
36827 44567
36827 48050
36828 47262
36830 43632
36832 38659
36833 49199
36835 44507
36836 41663
36836 42076
36837 42358
36841 38538
36846 42206
36850 41860
36851 41436
36862 39449
36863 45409
36864 39288
36864 39808
36864 48180
36866 49192
36867 39037
36870 42243
36873 38255
36873 49412
36877 47985
36878 49626
36879 46322
36886 43532
36889 42791
36891 46068
36893 49978
36898 41150
36898 41258
36899 42661
36900 38495
36904 41691
36905 39432
36905 40571
36905 44740
36908 38007
36908 38906
36913 48363
36915 39656
36915 48717
36915 48826
36917 42163
36917 47580
36918 38263
36918 46972
36918 47027
36920 49388
36921 44775
36921 49400
36921 49737
36933 45085
36933 49507
36936 44772
36940 49457
36946 37854
36946 48501
36946 49327
36947 37921
36947 43787
36962 43854
36964 41180
36967 38379
36967 38799
36976 41633
36976 44581
36987 47241
36988 38001
36990 44410
36991 42905
36993 43860
36993 45652
36993 47997
36994 40262
36997 40131
36997 45578
36997 46998
36998 46947
36999 40916
37002 38712
37005 38483
37011 42884
37013 42871
37014 40343
37014 43933
37017 44797
37023 38803
37024 48459
37025 37259
37028 48069
37033 48517
37035 39675
37035 43163
37044 45711
37047 37740
37047 38988
37049 44716
37051 37116
37051 37635
37055 39005
37058 46399
37060 38053
37061 41567
37063 38088
37064 38577
37064 39298
37064 41224
37067 45634
37076 40610
37076 49209
37077 47343
37080 38158
37081 37916
37089 45748
37090 37742
37094 42220
37101 47844
37104 48663
37106 37994
37108 40549
37112 37580
37112 48597
37114 48591
37115 37839
37117 49899
37120 47721
37123 42129
37124 49676
37125 38260
37127 38974
37127 40566
37127 41222
37130 45035
37133 47251
37137 41295
37138 43773
37142 47459
37144 37909
37144 41019
37146 38552
37146 43119
37146 49772
37147 38137
37148 41330
37151 46959
37153 39790
37153 42734
37156 39539
37156 46240
37157 48337
37160 41117
37162 48415
37166 48322
37168 44441
37169 41374
37172 41670
37179 37352
37183 48474
37184 37851
37187 39303
37187 46895
37189 49743
37190 39860
37190 43351
37194 38929
37197 45232
37199 41963
37200 42974
37200 44048
37205 39173
37205 44443
37206 49782
37209 38154
37210 46016
37213 41457
37215 46179
37218 42345
37219 48186
37221 41470
37224 49237
37226 37936
37226 40127
37235 41710
37237 40109
37239 46723
37239 47914
37240 37424
37240 42814
37241 39328
37243 37548
37243 47616
37244 42828
37253 39245
37253 39746
37253 42729
37255 40468
37255 45719
37256 48837
37259 43606
37259 49642
37262 45482
37264 43490
37267 43260
37270 46133
37271 44744
37275 42838
37276 40557
37277 46079
37282 47043
37284 41639
37286 49221
37294 47468
37294 47855
37294 49264
37295 44453
37295 48329
37295 48533
37297 47699
37298 42555
37302 44339
37303 41568
37304 46833
37306 43746
37311 44945
37311 45769
37311 46366
37313 42955
37314 44222
37316 40753
37316 43144
37317 39077
37317 40690
37322 41907
37322 43335
37325 49029
37329 47481
37335 44090
37338 37491
37338 38708
37341 48051
37343 41354
37346 49502
37348 47974
37348 48402
37350 44911
37352 42188
37355 44492
37355 47470
37359 39809
37359 45992
37360 47856
37364 38272
37366 37797
37366 44185
37370 38617
37374 37780
37379 41166
37379 44495
37381 46129
37384 41845
37384 43680
37387 42146
37390 38791
37390 41224
37390 41321
37390 46915
37392 46325
37394 49657
37401 46152
37403 39781
37403 41202
37403 42917
37406 48706
37411 44395
37412 38842
37414 39327
37421 44579
37431 39935
37432 43290
37434 42691
37435 49682
37437 41901
37446 42136
37449 38195
37450 43779
37451 48259
37452 38772
37455 45019
37456 39580
37456 48812
37460 47217
37460 47828
37460 48585
37461 41759
37461 44335
37462 39401
37462 40572
37464 40313
37469 45631
37470 47088
37471 46989
37472 38721
37473 42819
37475 44773
37475 46038
37486 40225
37491 43157
37494 47922
37495 42859
37496 45733
37498 44192
37500 45006
37501 42893
37503 42627
37504 47704
37508 46692
37509 39555
37509 41747
37511 49145
37513 42787
37517 46021
37518 46109
37519 37694
37519 40866
37520 44477
37520 45267
37532 38378
37534 49211
37535 43973
37536 44006
37536 49122
37538 45170
37538 49427
37540 45281
37545 48809
37547 46289
37549 40358
37556 43997
37556 47203
37559 49840
37561 42567
37564 44984
37565 46191
37568 43314
37569 46506
37569 47820
37572 42457
37573 41663
37573 42237
37574 40910
37579 46859
37580 47368
37581 42840
37582 38646
37583 41779
37590 43145
37593 46395
37594 46138
37594 49803
37595 45486
37596 47626
37597 38926
37600 46381
37604 49499
37606 49218
37609 38717
37609 49799
37611 41348
37615 40764
37615 45481
37615 48519
37616 39305
37616 43692
37617 45257
37628 39348
37629 48779
37632 48156
37633 46849
37634 49452
37638 40139
37638 49757
37639 42796
37645 48027
37646 47304
37647 44658
37651 38922
37651 49689
37653 44493
37654 45658
37658 45497
37665 42006
37665 42157
37666 40650
37666 41487
37667 43107
37670 39486
37674 46745
37678 37906
37678 45328
37678 48791
37678 49950
37680 37814
37680 39411
37681 49189
37682 49331
37683 38568
37683 45398
37694 49603
37696 38000
37696 43277
37698 43726
37704 41646
37706 41263
37706 41569
37706 47580
37707 41892
37707 47742
37708 49562
37710 41807
37711 39220
37711 45525
37712 37974
37713 44365
37716 42503
37717 44979
37719 44166
37720 41198
37720 44032
37721 47232
37723 44067
37724 41639
37724 47854
37725 44030
37726 40661
37727 41671
37728 48484
37732 38639
37733 46412
37733 49554
37735 47303
37737 41669
37738 41317
37739 38051
37743 38343
37744 47603
37746 44836
37748 45966
37748 48137
37750 42338
37750 44094
37751 48906
37755 40811
37755 45543
37757 43633
37761 47872
37762 49851
37764 41271
37765 40929
37765 46970
37767 39556
37767 48473
37769 48369
37771 40717
37772 40810
37779 38522
37780 48063
37783 38075
37783 43106
37784 41187
37784 48635
37785 45706
37790 49312
37791 40523
37794 44866
37799 46475
37800 38594
37800 46767
37802 42035
37802 49773
37806 42964
37809 45329
37810 41895
37810 45433
37812 48173
37819 39481
37821 44228
37827 44617
37829 40131
37829 49616
37830 43660
37833 48192
37834 44667
37834 47822
37837 38327
37837 39980
37840 47849
37841 46368
37844 45089
37846 43371
37846 47894
37847 43973
37849 47259
37854 39372
37854 41133
37863 39201
37868 49120
37872 37911
37872 45275
37877 44672
37878 45868
37881 39614
37884 39654
37885 38458
37886 46884
37891 39329
37894 40233
37894 47275
37894 49453
37895 45007
37899 45676
37903 42431
37904 39405
37908 41033
37909 39544
37911 46212
37911 46449
37911 47674
37912 43852
37914 45783
37919 43274
37919 46315
37923 38672
37924 46368
37926 38564
37926 49953
37928 38584
37929 47307
37929 48845
37930 40954
37931 41543
37933 44785
37934 45059
37936 40362
37936 42494
37938 41476
37938 48964
37940 40623
37943 43016
37946 47814
37948 47946
37950 39670
37950 44269
37951 39405
37951 40021
37951 43753
37954 48115
37959 45603
37962 43225
37967 41115
37967 46300
37971 40289
37971 43019
37971 49392
37972 47837
37973 43302
37973 45942
37973 47140
37974 44734
37974 48744
37977 38661
37978 48389
37980 46319
37983 48909
37984 41251
37987 43737
37989 40658
37991 43289
37992 46203
37994 41967
37995 41774
37996 38197
37999 45203
38002 40117
38002 44303
38002 47435
38004 42846
38010 39387
38010 40675
38012 47962
38013 38760
38013 45653
38014 45028
38017 46656
38017 46800
38018 39810
38019 41749
38022 38276
38023 39875
38026 43187
38028 38221
38028 42538
38028 47629
38030 41715
38033 45283
38045 41342
38046 44698
38046 45067
38048 43330
38049 44517
38050 45580
38051 40066
38053 39955
38054 49966
38056 48135
38058 49485
38063 44319
38066 47372
38067 38703
38068 38634
38068 45637
38068 45997
38069 39996
38069 41353
38069 47365
38073 40093
38073 40309
38076 43833
38082 49422
38086 38698
38090 48388
38090 49983
38092 38785
38092 44821
38092 49538
38093 45419
38094 49023
38095 39437
38096 41731
38098 44237
38102 38515
38109 46196
38111 46510
38111 46626
38113 41615
38113 45619
38115 42464
38118 48297
38120 49204
38123 39508
38123 40964
38123 48257
38127 45276
38131 47037
38138 40101
38141 49223
38142 39647
38142 46066
38148 42682
38151 42169
38152 39445
38153 41559
38156 46389
38162 38312
38164 48253
38169 38320
38176 48242
38181 45752
38181 47941
38183 48742
38186 40938
38188 39188
38191 49794
38195 40548
38196 41890
38202 41443
38202 48815
38205 49252
38208 47138
38209 38672
38210 49745
38214 41994
38216 43372
38218 45144
38218 45651
38219 43262
38222 38396
38224 49654
38228 39351
38229 44669
38229 49111
38231 40263
38231 48795
38232 39578
38235 49795
38237 38623
38242 44319
38247 44019
38248 41652
38251 48724
38251 49318
38252 39017
38252 39575
38254 45560
38255 39721
38255 44290
38256 44259
38262 44008
38263 38564
38264 39451
38264 48667
38271 40493
38273 41214
38274 46733
38281 38489
38282 43088
38282 45803
38287 38407
38287 46360
38287 47871
38288 41341
38291 47704
38296 38313
38296 40567
38300 44383
38304 41344
38305 39999
38312 47556
38315 47676
38317 39903
38318 39278
38319 38611
38319 41555
38320 41556
38322 44243
38326 47060
38326 48380
38327 38432
38328 39021
38330 40247
38333 45483
38334 45456
38338 47286
38340 41284
38340 49403
38343 45270
38343 49077
38347 43153
38349 46635
38355 49000
38357 40500
38360 42539
38363 44698
38364 42573
38365 41745
38366 49885
38368 41572
38369 39448
38374 49974
38380 42818
38385 41300
38389 48506
38395 46952
38400 45513
38401 42612
38402 41380
38404 41983
38406 47291
38408 47055
38411 40468
38417 41852
38419 46476
38419 49730
38422 44347
38431 41928
38435 43405
38436 47150
38437 41185
38439 44517
38440 42482
38442 41351
38444 41748
38446 41127
38446 45818
38448 45185
38450 47883
38454 42341
38456 46997
38457 47016
38457 49397
38458 41347
38463 43110
38463 47954
38464 47784
38471 49571
38480 39098
38481 39108
38481 43113
38482 47832
38483 43016
38483 46862
38485 41056
38489 41013
38490 39336
38490 45836
38491 45858
38491 49328
38493 39438
38494 40858
38499 42399
38499 49527
38503 46960
38509 46781
38511 40060
38511 47416
38513 46864
38515 39308
38515 49777
38519 41510
38521 46501
38523 43034
38527 49235
38533 49222
38534 43487
38536 40987
38536 49114
38537 45246
38538 49427
38539 38852
38541 39642
38542 48701
38544 44793
38546 41753
38547 47702
38556 44658
38568 42618
38568 46196
38569 42952
38569 45855
38570 48306
38571 46102
38574 39491
38575 48499
38576 38579
38576 41392
38576 48790
38581 45797
38582 43609
38582 45413
38588 39146
38591 46993
38591 47250
38595 46469
38597 46685
38602 41972
38603 44327
38606 43809
38606 49283
38611 45475
38613 39222
38617 40347
38618 49562
38619 40813
38619 42161
38629 40359
38637 40658
38637 47807
38640 43029
38641 44909
38642 49408
38644 46725
38645 41793
38651 44197
38654 44103
38655 41970
38657 49354
38662 46810
38669 46857
38671 43957
38673 48170
38673 49186
38678 39266
38682 45066
38685 49209
38686 40068
38688 44234
38690 41496
38690 41779
38692 40413
38692 44310
38697 42380
38700 44474
38703 44887
38704 39205
38704 40881
38711 49147
38712 40784
38716 43924
38717 40516
38718 45823
38719 48081
38730 44574
38732 43216
38732 44073
38733 42049
38733 42198
38740 39862
38740 46674
38741 47279
38741 48058
38742 45761
38748 44077
38748 49965
38749 41894
38750 49489
38751 43368
38752 41186
38753 48956
38755 40486
38755 43407
38756 41428
38758 46360
38761 45266
38765 47468
38767 43318
38767 46946
38768 43147
38768 49485
38769 39469
38771 42968
38771 46595
38772 42927
38777 48941
38777 49529
38780 43148
38780 47121
38781 41453
38782 44003
38782 47372
38783 44214
38786 44742
38787 43408
38804 49318
38805 47268
38805 49823
38809 45930
38811 40847
38814 45842
38818 49017
38819 45620
38820 42174
38822 45748
38825 41257
38827 46666
38827 48305
38828 39244
38828 45593
38833 49183
38834 48836
38842 40011
38842 48794
38843 42496
38843 44549
38844 44305
38844 49191
38845 45714
38848 40303
38848 41686
38851 45946
38856 44117
38859 40811
38862 46904
38863 46409
38864 43312
38869 39890
38870 43590
38874 43978
38875 45431
38875 46048
38878 41508
38880 40962
38880 49621
38881 49836
38882 44075
38891 47709
38894 44283
38895 43296
38897 41492
38899 47862
38901 49110
38902 38994
38903 46445
38905 44151
38906 41560
38912 41524
38913 42231
38915 43931
38920 40884
38923 47859
38924 40866
38924 42671
38925 45983
38925 48281
38925 48860
38928 45665
38929 40850
38933 39951
38933 45416
38934 45990
38934 48498
38935 45065
38935 46010
38937 39517
38940 39057
38943 41381
38950 44143
38951 40177
38953 46888
38955 39020
38959 46892
38961 42621
38964 47642
38969 46226
38971 44661
38974 43559
38975 43012
38977 42882
38977 43300
38977 49702
38978 42263
38978 47952
38978 48963
38979 42317
38980 41983
38980 48056
38984 41063
38984 45376
38985 49924
38986 46462
38989 49854
38990 44967
38993 49288
38997 42401
39004 47841
39012 45230
39016 40733
39018 40456
39024 42599
39025 45449
39027 45367
39030 40451
39032 41816
39035 39229
39036 49378
39037 39668
39037 40585
39039 48445
39041 44849
39042 45131
39049 45000
39050 41452
39051 41738
39052 49195
39059 46585
39060 41304
39060 45966
39061 41397
39065 43308
39065 44938
39067 48573
39069 43281
39072 40962
39072 47771
39077 42590
39082 48040
39083 44312
39084 42758
39088 47784
39088 48852
39089 48929
39091 39682
39091 44047
39094 44155
39096 43159
39097 41488
39097 44062
39101 49620
39105 47139
39107 44491
39108 44678
39112 49109
39118 45520
39119 43306
39121 41725
39126 43647
39129 48546
39131 42860
39135 40103
39135 44738
39139 46675
39145 47938
39148 39617
39148 43006
39152 43763
39153 39297
39154 46639
39155 44584
39156 49094
39158 45526
39161 44612
39163 48093
39164 48151
39167 41817
39168 40881
39171 41814
39178 48444
39183 40146
39185 44537
39185 44879
39185 48366
39189 41380
39189 48078
39191 42856
39191 49490
39194 43380
39195 39869
39201 40347
39202 44496
39203 39964
39204 40902
39205 46913
39206 40343
39208 49705
39209 41517
39209 48240
39218 44071
39222 43416
39226 45265
39228 40976
39228 43282
39230 43873
39230 44947
39234 39624
39240 49839
39246 46846
39249 43732
39250 49294
39251 42392
39255 41396
39258 42853
39260 46423
39261 47696
39270 46737
39271 42469
39273 45960
39279 41106
39280 48636
39281 39412
39284 49878
39291 40058
39292 41155
39292 49970
39294 47967
39295 49819
39300 42236
39302 41454
39303 44090
39306 48262
39309 39386
39311 47750
39312 42059
39314 45978
39317 46561
39318 43837
39321 42128
39325 43729
39325 47115
39326 40501
39326 48398
39329 42642
39332 46480
39336 41055
39337 39671
39339 48393
39340 47457
39341 46023
39343 45899
39344 48352
39346 49510
39350 42142
39350 45259
39351 46048
39351 48988
39359 43411
39361 43626
39362 40912
39364 46994
39369 43300
39371 48071
39374 47568
39379 41598
39379 42109
39379 42519
39381 42123
39383 49219
39384 44108
39387 44053
39388 44867
39389 48104
39390 44014
39390 45435
39391 40010
39393 48236
39396 47127
39397 41624
39398 43855
39400 39480
39401 41040
39401 45144
39404 46474
39404 48315
39405 40447
39405 49490
39407 42186
39410 39884
39410 42096
39414 40196
39417 40726
39417 47607
39422 48965
39426 47876
39427 39924
39432 48091
39434 49239
39435 41767
39436 40045
39438 45944
39441 39595
39444 49740
39445 48811
39447 39940
39450 44606
39451 41543
39451 43015
39453 47127
39455 42479
39456 49489
39457 48581
39460 40131
39460 44158
39462 43432
39462 46443
39467 43376
39469 42812
39470 46337
39474 45405
39476 49222
39486 49960
39487 49408
39488 49138
39491 39972
39494 43221
39497 47043
39500 49439
39509 45321
39512 49219
39515 44818
39516 43043
39516 44936
39516 46769
39517 48535
39520 44443
39521 43140
39524 43535
39526 40923
39530 48212
39530 49509
39531 49667
39532 43525
39538 42098
39547 48604
39549 46344
39553 43939
39559 47691
39562 44301
39564 49422
39566 42149
39567 44454
39572 49042
39576 43070
39578 44797
39595 47883
39596 46472
39598 41323
39599 42954
39609 44503
39612 48600
39616 41481
39627 43815
39627 48331
39630 41601
39630 44977
39633 41162
39639 40655
39639 49767
39641 48919
39646 41462
39647 46624
39647 48286
39651 42698
39651 48514
39652 48588
39655 44022
39656 49449
39658 44096
39662 48560
39663 47550
39670 45999
39676 43127
39676 49652
39681 42981
39685 40795
39687 40541
39689 41382
39690 41391
39691 44675
39695 43905
39696 47495
39697 39736
39700 41456
39700 42938
39702 43879
39704 41187
39706 49867
39708 45195
39708 49402
39709 41266
39710 43015
39718 43797
39719 40224
39720 48427
39722 49375
39724 44796
39725 41003
39725 44532
39730 43260
39730 44066
39733 46078
39734 39815
39734 44999
39734 47685
39737 41519
39742 49325
39744 39878
39752 44878
39753 48159
39755 44126
39755 45747
39757 41852
39759 47902
39771 44804
39774 43629
39781 43247
39781 49632
39782 42999
39789 43978
39790 41690
39791 47190
39795 48756
39798 43549
39801 46514
39803 48639
39804 47707
39805 40885
39809 40857
39812 46589
39818 41330
39821 48541
39823 45215
39823 48702
39827 42260
39829 48918
39830 42883
39836 48609
39837 42592
39837 49142
39838 43443
39839 40768
39841 47619
39842 44728
39845 46525
39848 47066
39849 42906
39856 40480
39856 43342
39858 41395
39868 46840
39874 39949
39874 48231
39880 43559
39881 48275
39888 47482
39892 45804
39894 46715
39895 40039
39898 48988
39904 47225
39905 47540
39906 45332
39907 45287
39916 47731
39917 40561
39919 41617
39919 45803
39920 45115
39920 49702
39926 40221
39926 41101
39926 42465
39926 45436
39932 39991
39932 45366
39936 47870
39942 48641
39943 45972
39944 46853
39949 44674
39954 40861
39958 40803
39964 42937
39966 41927
39966 48157
39966 48804
39970 45086
39972 44764
39976 43654
39977 46210
39981 44622
39982 49046
39988 47394
39991 43378
39995 43760
39996 48571
39999 47930
40000 43385
40006 45153
40007 45900
40007 46659
40008 47920
40009 41551
40009 48625
40015 43836
40019 42490
40020 44433
40022 41485
40027 49357
40029 45174
40030 42895
40030 46654
40037 41811
40044 40585
40044 46169
40047 45506
40047 48863
40048 40384
40055 40555
40055 41578
40055 45017
40064 45111
40070 43937
40075 41386
40086 40367
40090 48668
40092 45791
40095 47985
40099 42903
40099 47881
40099 48254
40100 42923
40102 43508
40104 42124
40104 49919
40105 46417
40107 40560
40107 46906
40113 47343
40117 46611
40124 49048
40127 42787
40131 47633
40135 47522
40136 41693
40136 48389
40136 49681
40137 44398
40138 45484
40140 41103
40140 42440
40144 44419
40146 48496
40147 47705
40151 49425
40155 47178
40159 42565
40160 46724
40161 46751
40162 47267
40166 48148
40167 42583
40167 49737
40168 43572
40173 40430
40174 41028
40178 46751
40179 42180
40185 49404
40186 45974
40188 41939
40189 45776
40190 44574
40194 45906
40195 42123
40196 42014
40199 48898
40203 44821
40205 40909
40205 41005
40207 49232
40207 49628
40209 41060
40209 44439
40212 45951
40214 44960
40219 49345
40223 40988
40225 42191
40231 43156
40233 40721
40234 47584
40234 48561
40242 44791
40247 49208
40250 47590
40250 48909
40256 44402
40257 47815
40262 44883
40265 41645
40265 49221
40270 43114
40273 49394
40278 44532
40280 42706
40281 45784
40282 45908
40285 40310
40285 40694
40285 41148
40285 48895
40285 49192
40287 43368
40291 48576
40296 41124
40297 45552
40299 44934
40300 46882
40301 41603
40301 43289
40305 42131
40305 49329
40308 42836
40308 44960
40310 45925
40312 41989
40312 48581
40313 46713
40314 47452
40316 49606
40324 49365
40326 41260
40326 49580
40327 45330
40339 45926
40347 43174
40350 48652
40351 43987
40354 42457
40354 42502
40360 44627
40363 40633
40366 49153
40368 49653
40370 47399
40374 42835
40375 41642
40378 48965
40380 42204
40381 48207
40388 49475
40390 45975
40393 49002
40395 45296
40395 46251
40395 46950
40405 43910
40416 48042
40417 48446
40420 46074
40422 48731
40425 41137
40425 42362
40436 48754
40437 44610
40442 44253
40444 45292
40452 43081
40454 44606
40463 41076
40465 48940
40467 45223
40469 48664
40480 43628
40485 40651
40485 48429
40485 49225
40488 44398
40505 46570
40506 42454
40506 43267
40506 45366
40510 40872
40512 41499
40512 43494
40513 42128
40515 47316
40518 45803
40519 40599
40520 42386
40520 49149
40523 41468
40523 49037
40525 42207
40525 48663
40528 49420
40529 43595
40531 43085
40531 44389
40532 45745
40540 41829
40545 45318
40546 46346
40548 46810
40557 42923
40558 46808
40559 41529
40561 45448
40565 42637
40567 47359
40568 43918
40568 47902
40568 48882
40571 48783
40572 41565
40572 42989
40573 41655
40576 42069
40590 49439
40592 43428
40599 42565
40599 45279
40599 46322
40600 41885
40605 41032
40606 46335
40610 45467
40611 47199
40614 47641
40617 48739
40618 45594
40619 47102
40625 45938
40627 40702
40628 46643
40628 47617
40630 41964
40634 48826
40635 44128
40636 49042
40643 45538
40645 43484
40645 44411
40648 48132
40652 46355
40661 49163
40667 42457
40667 48410
40668 47550
40670 45908
40671 43203
40680 40761
40681 46332
40682 41165
40682 45521
40683 40907
40690 44473
40690 45654
40692 44085
40692 47074
40694 49031
40698 49280
40700 49460
40701 40765
40709 42650
40712 42691
40712 44071
40717 46864
40717 47235
40718 43518
40720 49816
40724 42909
40724 43286
40732 42394
40746 41300
40747 48351
40748 45454
40753 43120
40754 47795
40756 49087
40757 41632
40757 47645
40759 47189
40761 46714
40770 47999
40770 48105
40776 41323
40782 44791
40782 45569
40783 43983
40783 46238
40783 48049
40785 41386
40792 47691
40800 43708
40801 42047
40818 46139
40819 49616
40820 45143
40822 42931
40824 49370
40825 47317
40828 44155
40832 47212
40837 47830
40846 41305
40849 43766
40853 44653
40858 44631
40863 41504
40866 45132
40866 49646
40871 41550
40875 43833
40884 45539
40884 47219
40888 42762
40888 44153
40890 42149
40899 43164
40903 46380
40903 48745
40904 44601
40915 46942
40917 49628
40918 42655
40918 45245
40918 49834
40925 42860
40927 45559
40930 48960
40935 42645
40935 48193
40940 42634
40944 47775
40947 43443
40955 45653
40960 43912
40964 46130
40968 49387
40973 45246
40980 41853
40983 44021
40988 46902
40995 44545
40996 48629
40999 41120
41000 42992
41002 45472
41015 45477
41019 47739
41020 49975
41021 49766
41023 49002
41025 45724
41026 47449
41031 46214
41038 47227
41044 43806
41045 49158
41046 46049
41047 43591
41048 49840
41054 42002
41057 45347
41058 46533
41059 43629
41062 43402
41064 41066
41067 44244
41071 48605
41072 43285
41072 46194
41073 49669
41075 45005
41087 41315
41093 44006
41094 48380
41096 49415
41098 45894
41099 47490
41099 49269
41101 44517
41111 44280
41115 47966
41116 47885
41120 42499
41123 46452
41129 46049
41135 41712
41135 43413
41135 47609
41136 42118
41136 48699
41144 42454
41150 45992
41151 45010
41151 46985
41153 47887
41167 43953
41169 45803
41170 42641
41170 44821
41177 43232
41177 49713
41181 43466
41182 41757
41186 44955
41189 49762
41191 46437
41195 46315
41202 45264
41203 41328
41207 48398
41208 44716
41218 46138
41224 43244
41224 43421
41226 44110
41228 41825
41228 44003
41234 48999
41242 45459
41253 41515
41254 42350
41255 42258
41258 47914
41264 49311
41269 47204
41270 43188
41271 42852
41279 48969
41286 43665
41296 48289
41301 41663
41302 46880
41305 42062
41305 42726
41306 47130
41306 49076
41307 47046
41311 41876
41312 42609
41313 44180
41317 44572
41322 45984
41327 48498
41332 42696
41333 49167
41342 47136
41350 48865
41353 47262
41357 49644
41360 46552
41363 45756
41370 47235
41373 46584
41375 44244
41375 45393
41375 47895
41375 49187
41380 43931
41381 45161
41383 47715
41389 46802
41393 47109
41395 46052
41400 49891
41401 42121
41402 45803
41405 42344
41407 42713
41416 45129
41418 49149
41420 46509
41421 41562
41430 48898
41434 42735
41434 48477
41435 48747
41440 43685
41441 48132
41442 49207
41444 43287
41448 49257
41451 41798
41453 48390
41453 49078
41454 49479
41455 46526
41455 49482
41456 44591
41460 46125
41468 46520
41472 47262
41473 41735
41473 46566
41475 45165
41485 45727
41486 43597
41486 44744
41497 44181
41497 44354
41504 41721
41504 42290
41504 48697
41506 41799
41507 45003
41508 43930
41510 48327
41511 47897
41512 45084
41514 47716
41516 49320
41522 48413
41524 44220
41526 48534
41527 42089
41528 44813
41529 46339
41530 44832
41537 43074
41538 43432
41547 46001
41547 48918
41549 49998
41550 46839
41553 45284
41556 47158
41558 49521
41560 47069
41565 43069
41566 49084
41573 47914
41574 42273
41578 48795
41581 44621
41583 43178
41588 43723
41588 46089
41593 49002
41593 49336
41594 48671
41595 46795
41599 44218
41603 44857
41606 46681
41610 48787
41610 49950
41612 47353
41615 41957
41618 49133
41622 47927
41624 45364
41625 42200
41630 42911
41631 49235
41632 46758
41633 46735
41637 41766
41645 49603
41653 47107
41653 47775
41659 46124
41662 43800
41663 44314
41667 42072
41667 46466
41669 47632
41671 48755
41682 48984
41687 45377
41693 45063
41693 48486
41695 46866
41696 45732
41696 45878
41697 48234
41703 42955
41703 45687
41706 41876
41710 45416
41713 49465
41713 49871
41715 49463
41716 47687
41719 42122
41720 42698
41724 44015
41725 43260
41727 43009
41729 48549
41729 49715
41732 47964
41733 47431
41737 44268
41741 46900
41741 47865
41743 43253
41756 42498
41762 42866
41762 46940
41763 49762
41783 48612
41783 49653
41784 49194
41787 42676
41788 44918
41794 44265
41811 47056
41822 41855
41823 47804
41825 44605
41826 43393
41831 44685
41832 45055
41836 49129
41841 48505
41844 42738
41845 46827
41846 47685
41850 42702
41856 43272
41861 43651
41861 47434
41863 45781
41864 47600
41868 43499
41871 47228
41874 48694
41875 45064
41880 43360
41880 49265
41881 46003
41885 46340
41893 45952
41901 49395
41905 42163
41912 48099
41918 42762
41919 44027
41922 45862
41928 46194
41932 43255
41932 44310
41933 47381
41933 48469
41937 42165
41937 42479
41940 46322
41940 48152
41942 44030
41946 42180
41947 49795
41953 49613
41954 44788
41954 47150
41955 47503
41959 46068
41961 48872
41966 46553
41967 48933
41971 44596
41971 49319
41972 43768
41972 43782
41979 43694
41979 44800
41993 44548
41993 46133
41996 48066
42002 47486
42003 44197
42003 48716
42008 42420
42017 46579
42020 47021
42020 49271
42024 42345
42029 42210
42029 48199
42030 45247
42035 44538
42035 45611
42041 49568
42045 47383
42045 48437
42047 48636
42052 46129
42057 45081
42057 49378
42062 44502
42063 42148
42078 44591
42085 44793
42089 43111
42091 49253
42092 43460
42094 43765
42100 46361
42112 42577
42114 44002
42122 48541
42127 45000
42128 44825
42128 48872
42129 42997
42130 43059
42141 43747
42145 42629
42146 44052
42150 42970
42158 43630
42158 44927
42159 43054
42166 44111
42168 48984
42173 48524
42174 47221
42176 42839
42178 44209
42180 48536
42187 44293
42191 44609
42196 43534
42204 42565
42204 47582
42205 46014
42205 48697
42210 47299
42214 44267
42218 47513
42221 48415
42224 43038
42232 47043
42234 49669
42237 46361
42240 42772
42243 48786
42248 49115
42252 48182
42260 48358
42261 44143
42261 48068
42263 45945
42267 44464
42269 47306
42270 47209
42271 45629
42273 46251
42278 42814
42287 49637
42310 43343
42313 47344
42318 46733
42327 49576
42328 47797
42330 45518
42334 48011
42335 44031
42336 47333
42339 45945
42340 43291
42340 43603
42342 46659
42362 45145
42363 45249
42366 45389
42368 42855
42368 46675
42371 48298
42381 43850
42385 44239
42387 49699
42392 48492
42396 44377
42396 49794
42405 42714
42408 49344
42409 44773
42423 49561
42435 45708
42442 48705
42443 47116
42447 47675
42452 42551
42463 43699
42463 49906
42464 47111
42467 44882
42468 48039
42473 49540
42476 47107
42478 43344
42480 48673
42484 49638
42490 47624
42492 43256
42496 44559
42500 45087
42504 49336
42509 42777
42512 44841
42512 44854
42520 45263
42522 46440
42522 49348
42525 48653
42529 42689
42529 46434
42532 47333
42535 43000
42536 42772
42537 46387
42540 42954
42540 43626
42544 45124
42545 47882
42546 42758
42549 46645
42552 43081
42555 44108
42560 49885
42563 48282
42564 49484
42565 43289
42565 46363
42568 45961
42571 43723
42572 46742
42582 48253
42583 46371
42588 45843
42589 48001
42610 49664
42614 48490
42614 49467
42617 46213
42628 49594
42636 44137
42646 44491
42652 47127
42652 48277
42654 45609
42658 47528
42658 47557
42658 47803
42667 49993
42668 43282
42670 44671
42670 48828
42672 46145
42672 48380
42674 45196
42677 47964
42679 44908
42681 49623
42687 43444
42687 47686
42689 42801
42689 45386
42690 45834
42693 44379
42694 48884
42695 46077
42698 45425
42700 48167
42705 44679
42705 48922
42712 45624
42720 46350
42721 49442
42726 49077
42728 46585
42732 44509
42734 45278
42741 44427
42743 46456
42747 48045
42747 48593
42749 48223
42751 47607
42757 42765
42758 45355
42763 45307
42764 48399
42768 42812
42772 46582
42773 49076
42773 49570
42774 46133
42776 45972
42777 43637
42779 46845
42781 47655
42782 45994
42783 49003
42786 42829
42787 49247
42796 43573
42802 49290
42804 49790
42805 45270
42805 48147
42808 45080
42809 46905
42811 48916
42817 43753
42823 44236
42824 47188
42829 48366
42831 45330
42849 49566
42857 46816
42858 45742
42859 47386
42862 45929
42865 49075
42866 48890
42867 47508
42868 49677
42875 49266
42877 43254
42877 48834
42882 49347
42899 45912
42899 46306
42902 44558
42902 44637
42905 49785
42908 44333
42908 44751
42909 47896
42910 45164
42911 45765
42912 46643
42915 44578
42916 45137
42922 47245
42924 45786
42924 49700
42925 45506
42930 47191
42931 49458
42937 45404
42945 45976
42949 47304
42953 46030
42957 47707
42957 48928
42959 46489
42959 47846
42962 49558
42963 48697
42964 48117
42966 49558
42969 48539
42978 43853
42979 45400
42981 45716
42984 48490
42985 46148
42991 49479
42992 47440
43007 44151
43009 44320
43018 48182
43021 46423
43021 49600
43027 48087
43036 45161
43039 43715
43043 47625
43045 49292
43056 49003
43057 48112
43062 43590
43062 46076
43064 43476
43067 46469
43067 48002
43077 49634
43083 46842
43086 46625
43087 46825
43088 47798
43091 44806
43099 48734
43100 46794
43103 47859
43105 47422
43106 44327
43108 47316
43108 47694
43108 49040
43111 47770
43111 48243
43112 43880
43113 44033
43115 49061
43117 49129
43127 44630
43129 44474
43133 44427
43134 44014
43134 48721
43139 46065
43142 47153
43144 43329
43145 45433
43145 48932
43150 45728
43155 43313
43171 44238
43172 46933
43173 44680
43173 46924
43176 46826
43179 45368
43183 45608
43186 44440
43187 48744
43190 46981
43201 48613
43206 48014
43208 44101
43210 43593
43211 43503
43213 48896
43213 49646
43218 47872
43226 48352
43230 45340
43230 45788
43232 49251
43237 43887
43239 44384
43239 46765
43247 44659
43247 47084
43250 49188
43251 46680
43251 46954
43252 44303
43255 48756
43262 45489
43267 44971
43267 48289
43272 44345
43278 46700
43282 49511
43285 46460
43299 46507
43299 48300
43300 49851
43302 46152
43304 47200
43307 45686
43312 48998
43314 43610
43315 48548
43315 48593
43316 46879
43326 49524
43327 43886
43327 46544
43330 49088
43331 47582
43332 44507
43336 45621
43336 46353
43356 46404
43357 44914
43373 45087
43385 49609
43389 43552
43392 45283
43394 45744
43401 46230
43402 45834
43405 45467
43405 46855
43407 49367
43412 48362
43412 48552
43413 45948
43416 48730
43417 44629
43420 47662
43421 46599
43424 45928
43432 46386
43434 47119
43444 48510
43450 49119
43452 48570
43459 46681
43467 44409
43467 47713
43472 46374
43479 43581
43488 45516
43488 45665
43489 45910
43496 44453
43499 44846
43500 44728
43501 48245
43521 47497
43524 44852
43525 44141
43526 47984
43537 47181
43540 48517
43548 48204
43555 45036
43557 43570
43558 44132
43559 46948
43562 44313
43563 47289
43564 44306
43564 46156
43568 49960
43574 44634
43575 44751
43577 47866
43589 45239
43599 48899
43607 47838
43611 47602
43613 45730
43614 46455
43614 46512
43617 45008
43620 46948
43631 49226
43633 44420
43634 48722
43643 47055
43647 45834
43672 44385
43674 45411
43676 48461
43679 44509
43686 46345
43688 43840
43692 47391
43704 45617
43705 45267
43714 46815
43718 49739
43723 49033
43727 43906
43738 49157
43739 49710
43741 47732
43745 44712
43751 44682
43754 45869
43772 46053
43772 47201
43774 45265
43799 44059
43812 46011
43818 46799
43821 48834
43824 47531
43827 44200
43833 44410
43840 48955
43843 47461
43858 48809
43859 46112
43863 44791
43867 48062
43869 43970
43876 48809
43880 46528
43880 47258
43885 44497
43888 44646
43892 45305
43905 49955
43926 46193
43930 45127
43936 47965
43942 46131
43944 45942
43955 45441
43960 45013
43960 47772
43962 48950
43979 46999
43980 45872
43980 48122
43981 46150
43986 47568
43990 47779
43994 47784
43995 49656
43998 45387
43998 48464
44001 48119
44005 45339
44010 48501
44021 48213
44023 47671
44024 49906
44028 44303
44030 48003
44033 46688
44033 47422
44038 48421
44061 47791
44063 47839
44065 48336
44072 44840
44075 47656
44083 46020
44093 46631
44098 46414
44100 48051
44102 44693
44104 48545
44118 45019
44118 49455
44121 49460
44125 44642
44126 47260
44128 46641
44130 45354
44131 48526
44132 44513
44132 45670
44132 46585
44133 46502
44139 44309
44144 49014
44145 48933
44146 45063
44158 45913
44160 44780
44160 49749
44162 47492
44164 49145
44172 46992
44178 45334
44180 44267
44183 49437
44184 45983
44187 46000
44187 47667
44189 49453
44195 46781
44200 44938
44201 46878
44211 49623
44212 45993
44213 45828
44214 45923
44216 44537
44216 46373
44220 49312
44221 47028
44223 48250
44225 45912
44227 47647
44229 49363
44231 44759
44235 47349
44236 48404
44238 45252
44244 45443
44247 46996
44250 49456
44259 45515
44273 45994
44279 48800
44285 48901
44286 48339
44287 49382
44288 46821
44289 47164
44290 44851
44293 44311
44296 49068
44306 46388
44308 44986
44310 49469
44321 46490
44322 48418
44324 48370
44347 46721
44356 44676
44364 45780
44364 49016
44371 47553
44378 48125
44387 47025
44398 45837
44398 48645
44400 47301
44404 48861
44412 45824
44414 45480
44417 49914
44418 49683
44426 46115
44435 47212
44437 48893
44438 46289
44452 49989
44453 47208
44464 49033
44465 49383
44473 49883
44474 46729
44474 49914
44475 47683
44477 44825
44481 47616
44485 46603
44486 49176
44487 49904
44491 45453
44492 49046
44495 47800
44499 46596
44505 47199
44506 48651
44514 49884
44518 49647
44525 46282
44531 45128
44538 45037
44538 48654
44539 46183
44539 46821
44551 44763
44551 45095
44551 45961
44552 49762
44556 49792
44560 49442
44563 46040
44576 44895
44586 48179
44587 47716
44591 46156
44591 49502
44594 46445
44609 46017
44613 49023
44614 47842
44616 46069
44617 45735
44621 47929
44622 49455
44628 49242
44635 46592
44639 46630
44641 45033
44646 45569
44650 46864
44650 49905
44652 44944
44652 48860
44656 47129
44658 48373
44663 45031
44674 48906
44687 47925
44689 46843
44691 47354
44694 49450
44701 47868
44711 46058
44713 48871
44720 47257
44724 46167
44726 47807
44728 47810
44730 45497
44738 48016
44748 45471
44757 45283
44758 47562
44759 46373
44770 44805
44774 46686
44777 44857
44788 45806
44788 46030
44799 49254
44817 45867
44821 47488
44825 45763
44840 45392
44840 45859
44840 47314
44846 45153
44855 44917
44873 49888
44880 45070
44886 46341
44886 48420
44889 45798
44891 48497
44895 46887
44898 46074
44913 46075
44922 47273
44927 45323
44936 47060
44940 47834
44944 47487
44952 44971
44962 45669
44964 46288
44969 47222
44973 46710
44993 47402
44998 46171
45001 48762
45004 48832
45005 49687
45010 45252
45014 47953
45017 47823
45021 48580
45025 49525
45029 48472
45031 45460
45034 45852
45034 47743
45037 45766
45039 48270
45041 45126
45041 45303
45044 49413
45045 49868
45046 49535
45050 45103
45052 49268
45053 45562
45058 46827
45072 47562
45081 49462
45082 46660
45083 48725
45088 49212
45091 48850
45094 45800
45101 49520
45130 47882
45134 48324
45143 46514
45145 46205
45149 48554
45151 47136
45152 47199
45154 46612
45155 46134
45160 46545
45162 46439
45163 47492
45164 46298
45184 48956
45190 45401
45197 48234
45197 48889
45199 48790
45203 46861
45204 46441
45205 46344
45207 48827
45212 47284
45213 46899
45218 45709
45239 48040
45255 45674
45257 45782
45258 45660
45265 46032
45277 49652
45287 48472
45289 45704
45291 47513
45299 46698
45302 47080
45317 49000
45320 48285
45324 45960
45324 47818
45334 46372
45344 49326
45350 48054
45353 49810
45355 49912
45365 46686
45366 47858
45369 48861
45370 45688
45385 47719
45392 46894
45395 47991
45395 48879
45400 47794
45401 49091
45404 47286
45416 47024
45418 48065
45420 46222
45430 46580
45438 47895
45442 45588
45444 47809
45445 47613
45449 47660
45450 48074
45459 45943
45459 49689
45478 49636
45485 48066
45488 49807
45497 47924
45497 49681
45539 45737
45545 49824
45554 47306
45557 49262
45576 49107
45581 49089
45587 47337
45590 46461
45591 47771
45597 48575
45600 47309
45606 47123
45610 47208
45614 49892
45620 47330
45624 45773
45635 49888
45645 49470
45658 47764
45671 46118
45678 45780
45681 46513
45686 48236
45690 45883
45701 49160
45707 46866
45708 45953
45709 47627
45710 47197
45717 49199
45734 47570
45742 45750
45747 46810
45755 47442
45760 49781
45765 49456
45766 48493
45768 47307
45771 49171
45774 48902
45779 46167
45780 46680
45795 46293
45795 48598
45810 48880
45813 47749
45817 47922
45820 46238
45824 48584
45828 49778
45838 49294
45842 46488
45851 49614
45852 46162
45852 47013
45859 49134
45863 49378
45868 46469
45873 46598
45875 49975
45891 48998
45898 48896
45906 49774
45918 47981
45925 49065
45931 49106
45940 46806
45945 49066
45951 49934
45956 48357
45958 48382
45960 46993
45966 48502
45983 47625
45994 47680
45995 48736
46005 46075
46006 49536
46008 47490
46014 47769
46020 48780
46027 48783
46047 49088
46049 47982
46060 47863
46064 49446
46066 46409
46076 49083
46082 46502
46084 47643
46089 47711
46090 46491
46090 48043
46098 48895
46106 48458
46108 46710
46121 48378
46121 49248
46134 46979
46135 48397
46136 48656
46141 49602
46149 46823
46154 49605
46159 47422
46169 46616
46170 46245
46175 48284
46178 46841
46190 46593
46195 46443
46197 48613
46234 46711
46238 48527
46242 46785
46246 46635
46247 49105
46261 46435
46261 49454
46264 47219
46264 48258
46271 48599
46284 49394
46291 49735
46296 47522
46301 48957
46302 48376
46307 46657
46308 47111
46308 49917
46310 49241
46312 49783
46316 46484
46317 49717
46318 49326
46325 49418
46336 49995
46350 46601
46353 49407
46370 48090
46379 48353
46384 48659
46388 46490
46403 46527
46411 46585
46413 49598
46421 46492
46428 49112
46438 46605
46446 49091
46456 49169
46464 48868
46467 46631
46471 47994
46473 46791
46473 48266
46490 48428
46507 49321
46511 46648
46514 46802
46522 49892
46529 48389
46537 48237
46547 47710
46564 47727
46571 49662
46577 49871
46578 47884
46589 48393
46594 48854
46598 46600
46598 49627
46599 47043
46615 47926
46622 49653
46625 49738
46631 48190
46634 49965
46645 49072
46651 46894
46657 47145
46659 47916
46663 48612
46664 49251
46664 49809
46677 48054
46688 47899
46697 49826
46699 47571
46707 49284
46714 46892
46722 47761
46727 46941
46727 47296
46733 47742
46734 47201
46734 48167
46739 47526
46740 48326
46741 46949
46745 47046
46751 48133
46769 47447
46777 48168
46784 46924
46794 47537
46796 48908
46799 47777
46822 48925
46835 47550
46841 49596
46847 47699
46851 46964
46852 49545
46856 48546
46864 48417
46868 49770
46887 49214
46915 47386
46934 49124
46950 47491
46952 48662
46965 47326
46966 48407
46980 47601
46983 48369
46991 48122
47014 48942
47016 48320
47021 49145
47028 49956
47033 49082
47037 48847
47040 48589
47050 47839
47059 47791
47070 49163
47090 48080
47109 47128
47117 48672
47130 48134
47159 47408
47178 49211
47219 49297
47220 49362
47224 48881
47232 49444
47244 49368
47247 49194
47255 47980
47260 48511
47262 49233
47265 49004
47267 48332
47272 48239
47284 47340
47286 49646
47289 48728
47295 49872
47297 48870
47302 48229
47306 48169
47308 48357
47326 49731
47353 47981
47364 48743
47365 48133
47374 48343
47390 47597
47390 49252
47394 47610
47394 48861
47409 48204
47414 47811
47430 47977
47461 49465
47467 48174
47483 48430
47485 49080
47492 48941
47497 49540
47508 48784
47521 48722
47538 47920
47545 48215
47554 48941
47565 49528
47566 49674
47572 48928
47584 49270
47593 49751
47598 48476
47606 49729
47622 48189
47632 49601
47634 48517
47635 48471
47644 47969
47651 49244
47680 47713
47681 47942
47706 49937
47712 49913
47721 49477
47725 48623
47734 48317
47747 49431
47755 47928
47789 48964
47798 49285
47799 47871
47827 48021
47847 49545
47871 49275
47879 48292
47892 48977
47921 48833
47921 49313
47924 49094
47930 49283
47946 47977
47958 49733
47962 48969
47965 49454
47992 48814
47993 49060
48046 48172
48063 48476
48076 49113
48127 49531
48149 48945
48151 48514
48160 48697
48172 48659
48180 49065
48190 48415
48234 48474
48238 49716
48252 49705
48264 48359
48267 48387
48293 48662
48295 49746
48309 49367
48312 49344
48319 48793
48327 48347
48328 48484
48335 49179
48340 49754
48359 48908
48359 49356
48378 49791
48381 48833
48384 49395
48386 49391
48387 48652
48394 49786
48399 49612
48412 48745
48457 49437
48485 48624
48502 49089
48517 49352
48523 49426
48550 49879
48592 49455
48603 49275
48604 49052
48644 49476
48662 49404
48684 49497
48695 49399
48706 49745
48711 49277
48716 49828
48724 49437
48728 49307
48732 49686
48756 49708
48757 49029
48829 49146
48845 49604
48909 49454
48953 49418
48964 49407
48977 49904
49007 49719
49029 49177
49033 49786
49046 49879
49056 49067
49076 49678
49082 49504
49140 49922
49158 49959
49194 49509
49302 49985
49364 49980
49432 49871
49588 49728
49607 49917
49718 49811
49791 49965
