0 15374
0 15945
1 4555
1 22362
1 44009
3 19146
3 40082
3 40677
4 2051
4 28377
4 31776
4 37272
5 4828
5 22179
5 41354
6 8196
6 47800
8 13693
8 16457
8 39129
8 48715
8 49755
9 9653
9 25747
9 29353
10 15562
10 19488
10 35240
11 46649
12 692
12 29230
12 34134
13 32438
13 34657
15 12437
15 44651
16 15823
16 47823
17 6213
17 13484
17 20773
17 29131
18 603
18 8444
18 49143
19 28251
19 32210
20 26430
20 39727
21 17914
21 28200
21 31455
21 34438
21 49885
22 357
22 9404
22 13782
22 46352
24 14886
24 29285
25 9254
25 32229
25 47682
26 22217
26 41194
27 37732
28 433
28 23445
28 27798
31 21051
31 30555
31 48750
32 3366
32 33341
33 7244
34 35943
35 2435
35 5164
36 18489
36 34575
36 39934
37 18135
37 21362
38 49710
39 36042
40 11584
40 26710
40 44568
41 500
41 23827
42 9445
42 14576
42 40488
43 20713
43 45062
44 21098
44 24777
45 14502
45 48289
46 7407
46 24042
47 316
47 21895
47 27220
48 8153
49 18206
50 16641
50 31642
50 36564
50 38898
51 17389
51 43419
52 11794
53 4708
53 29556
53 33893
54 5623
54 39282
55 2291
56 14973
56 43244
58 9532
59 17802
59 34538
60 12619
60 47913
61 12376
62 12042
62 14516
62 37253
63 37062
63 41142
65 2449
66 5795
66 15466
66 16322
66 36995
67 14475
67 33866
68 48195
69 48998
69 49739
70 8724
70 8807
70 26350
71 3482
71 43906
72 2706
73 29122
73 31994
73 40103
74 7294
75 20545
75 31415
75 39315
76 16723
76 24489
76 31876
76 49325
78 3616
79 4195
79 9105
79 23229
81 34708
83 6949
83 32777
83 49427
84 3326
84 4213
84 15611
84 16452
84 22298
84 22979
85 11836
85 20183
85 37813
86 10118
86 26290
86 41463
86 45799
87 23867
87 49837
88 15004
88 40575
89 12789
89 18421
89 23535
89 46752
90 572
90 25893
91 5819
91 13075
91 15214
91 27246
91 33979
91 34561
91 38089
92 42691
93 12523
93 14890
95 1703
95 42015
97 8690
97 11880
98 1593
98 6486
98 44005
100 21210
101 1967
101 15508
101 32873
102 12730
103 6324
104 4491
104 20936
105 21827
105 26788
106 3465
106 34171
106 43870
107 1865
107 28012
107 31057
107 45171
108 28171
109 40818
109 48896
111 23921
112 10720
113 13555
113 17213
113 27202
114 6688
114 25410
115 6640
115 46634
117 5348
117 12607
117 14331
117 36318
119 2383
119 5921
119 32381
119 43581
120 32302
121 1206
121 29276
121 47315
122 1597
122 13689
122 17612
122 18946
122 19136
122 30099
123 5680
123 32758
123 39930
124 34305
124 37234
126 338
126 22937
126 44297
127 4915
127 32360
128 1773
128 33124
128 34072
129 32297
129 33350
130 7055
130 8249
130 28234
130 44798
131 2068
131 35770
132 30300
132 33217
132 35874
132 45846
133 24879
134 17669
135 44683
137 27813
138 4567
138 6926
138 11182
139 2367
139 38794
140 2679
140 12828
140 33261
140 34808
140 41258
141 5094
141 15119
141 33424
142 29492
142 31647
142 34780
142 47500
143 2458
143 14711
144 33417
144 40665
144 45898
145 2111
145 5575
147 27595
147 34564
147 46238
147 46283
149 1025
149 18542
149 43483
150 7246
150 13910
152 11531
152 11609
152 30098
153 19252
153 21669
153 24547
154 20804
154 47697
154 49752
155 3852
155 18412
155 42316
157 23699
157 45525
158 26737
158 27884
159 5698
159 21411
159 26543
159 32452
160 13834
160 18511
160 19160
161 12209
162 13935
162 38598
162 47641
163 48772
164 43401
165 8722
165 29137
165 45997
166 3946
166 43839
167 42777
168 27835
168 45074
169 2307
169 15516
169 38082
172 46728
174 6146
174 26867
174 37965
175 9980
176 9457
177 20463
179 34448
180 1716
180 30731
180 33997
181 27868
181 42986
181 48196
183 49275
184 2991
184 49395
185 10738
186 21443
187 1539
187 19768
188 2617
188 34549
189 7867
189 31302
191 27576
193 2592
193 32949
193 39312
194 15877
194 24941
195 3688
195 9681
196 4013
196 42051
197 17085
199 43488
200 18260
200 49285
202 10322
204 23158
205 30459
205 36445
205 37000
206 35596
206 48840
207 38523
207 40353
208 39000
209 3139
209 5300
209 38440
210 36460
210 40892
210 47757
211 9305
211 22938
211 45598
212 15774
212 18989
213 7505
213 7983
213 11061
213 18479
214 1295
214 9677
215 8511
215 17961
215 34246
215 42051
216 47802
217 19011
218 11697
218 31173
218 49763
219 16044
220 43319
221 6805
221 39269
221 49778
224 7582
224 38286
226 48425
227 20321
228 26770
228 29880
228 31593
228 41961
229 10070
229 32065
230 23813
230 24448
231 14103
231 14360
231 27496
232 26413
233 17296
233 24655
233 43088
235 10967
235 29308
236 20818
236 22901
237 19160
238 11697
238 30998
238 46797
239 4649
239 9253
240 9793
241 20708
241 47548
242 10322
242 18325
243 1300
243 18518
243 34000
243 40929
244 4273
244 13339
244 21541
244 24782
244 35252
244 40908
246 6615
248 8248
248 21377
248 39241
248 47489
248 48295
250 7595
251 30007
252 15504
252 17471
252 43496
253 5307
253 9606
253 35582
256 3204
257 8765
257 31330
258 15099
259 1855
259 17881
260 19429
262 38501
262 39893
264 28997
264 32558
265 44233
266 19733
266 32657
267 33721
268 40776
269 9342
270 1349
270 15814
270 39826
270 48365
271 35004
272 17996
273 17841
273 39582
274 18076
274 31117
276 42670
276 47695
277 7838
277 12688
277 31659
278 3415
278 17148
278 32665
279 20110
279 23612
280 11140
280 24174
281 28647
282 10340
282 14042
282 45632
283 15874
283 40688
284 18937
284 37690
285 34737
286 21537
286 31719
286 41015
287 3342
287 9801
287 12039
287 12177
287 12817
287 16090
288 21721
288 24010
288 34077
290 10782
290 17448
291 49351
292 22073
292 36632
292 38811
292 43762
293 38022
293 43340
293 48915
294 19242
294 19373
294 36977
294 45793
295 18777
295 21094
295 30690
297 38763
298 16681
298 24211
298 24504
298 42496
299 6308
299 15148
299 34196
301 17600
302 38886
302 44938
303 6978
303 25959
304 44488
306 5947
306 47245
307 29270
307 32534
308 5376
308 23437
309 2358
309 32959
309 39655
310 18260
311 21975
311 22275
311 22872
311 49277
312 25103
313 5601
314 19142
314 26347
314 27583
314 34122
315 40758
316 26398
317 24038
317 34235
317 49867
318 40046
319 1475
319 22719
319 28190
320 5400
320 16173
321 3944
321 8571
321 26502
321 30130
322 44592
322 46270
323 21726
323 39779
323 39841
324 3325
324 13839
324 27497
325 757
325 3535
325 22119
325 35220
325 48246
326 4613
327 381
327 32848
327 36998
328 27743
328 49443
330 10513
332 25601
333 13946
333 15619
333 18439
333 24417
333 49528
334 12893
334 47104
335 6319
336 3434
336 7155
337 32031
339 5535
340 3854
341 14201
341 41106
342 11107
342 24356
343 2515
343 45389
344 13564
344 15722
344 42374
345 21354
345 45334
346 38019
346 39128
346 49858
347 7772
347 12853
348 38762
348 41903
349 8949
349 22063
349 34493
350 13048
350 23211
350 38602
352 30432
352 44790
352 47901
353 37420
354 590
354 7320
355 12636
355 20649
355 27768
355 28281
356 16784
356 28623
356 36807
357 31859
357 33318
357 47861
358 42036
359 14688
359 40245
360 478
361 5248
361 8991
361 17243
361 21169
361 29567
361 33309
361 46121
362 5930
362 40667
364 22283
364 30151
365 20593
365 34612
367 3219
368 27584
368 31753
369 4074
369 13796
369 22576
369 30923
370 32070
371 19311
371 41192
371 44408
371 48617
372 2231
372 27585
374 43947
376 17765
376 23409
376 48187
377 3132
377 45923
378 13900
379 34153
379 39553
379 41024
379 49597
380 4796
380 6406
380 34528
380 40459
381 28084
382 24385
382 28109
382 40930
383 35216
384 12440
384 17902
384 43231
385 18798
385 22504
385 28275
385 47434
386 10177
386 46648
387 9035
387 38792
387 39955
387 42428
388 43408
389 19112
389 23916
389 44079
389 48864
390 15832
390 19957
391 11095
391 31250
393 22353
393 38482
393 39294
393 43258
394 17488
394 28850
395 9615
395 30936
396 38349
397 26296
397 39271
397 49455
398 48037
399 48334
400 26047
400 45482
402 48460
403 14525
403 34183
404 12215
404 31036
405 26176
407 26312
408 29624
410 24011
410 29291
411 11493
411 33066
413 26271
413 39052
414 7165
414 18202
415 9150
415 32612
416 1857
416 38870
417 15528
417 22525
417 44574
418 5913
419 2386
419 19629
419 29411
419 41500
420 14981
421 27073
421 30539
421 43797
422 18994
423 12620
424 8089
424 17423
425 16621
425 29998
425 37316
426 46125
427 4830
427 23757
427 33383
428 2220
429 17629
429 25797
430 2896
430 23723
430 24704
430 29025
430 36450
430 40701
430 44544
431 25140
431 27087
432 521
433 46131
434 8404
434 27188
434 42118
435 18077
435 35237
435 45711
436 5338
436 17194
436 19202
437 1779
437 5697
437 34725
437 43628
437 49550
438 11547
438 13077
438 26443
438 30516
438 41881
439 7657
439 14520
439 28940
440 26400
440 41351
440 42914
441 19763
441 23712
442 14623
442 43446
443 28788
445 6198
445 37243
446 34397
447 42356
448 48915
449 23020
449 38594
449 42653
450 21660
451 12247
452 19191
453 18095
454 33350
455 18553
455 27948
455 30551
455 31373
455 36567
455 42597
456 5125
456 7926
456 9253
456 16799
456 47135
457 6759
457 16230
457 33699
457 42403
457 46132
459 15009
459 35651
460 35336
460 40554
461 40477
462 15905
464 9364
465 10879
465 19819
465 34438
465 47196
466 21051
466 31269
466 43830
467 34596
468 17269
468 21790
468 30655
469 23646
469 38972
470 39277
470 40967
470 46284
471 2643
471 18706
471 43515
471 45009
471 45352
474 27532
474 45191
474 47838
474 48227
475 40092
476 29712
476 30996
476 36202
476 38324
477 27201
477 35510
477 42950
478 8555
478 29903
478 43436
479 10011
479 15758
479 21684
479 41402
480 31596
480 38016
481 36566
481 46003
482 1786
482 37963
482 40332
483 3499
483 36177
484 21654
484 39589
485 17752
485 42577
486 20260
487 11194
487 35580
487 43490
487 47208
488 37769
489 17297
489 21276
489 25102
489 37846
489 39746
490 11056
492 32130
492 49892
493 14824
493 36886
494 27340
494 29272
494 35728
494 42133
496 1827
497 27295
497 29967
498 36644
499 43213
502 12754
503 10200
504 32083
504 39987
505 37681
506 30522
507 25350
509 1315
509 3743
509 33867
510 4965
510 5240
510 14825
510 44833
511 20398
512 16881
512 20333
512 36055
512 46201
512 49795
513 6400
514 15659
516 49651
517 2937
517 22039
517 40050
518 33772
519 43550
520 12076
520 20677
520 28594
521 522
521 31049
522 15614
522 21662
522 21872
522 34654
523 14631
523 21837
524 5770
524 9800
524 31334
525 41076
525 49226
526 7722
526 25197
526 28357
526 28718
527 12633
527 40316
528 18298
528 30881
530 31839
530 38934
531 16161
532 39122
532 43733
533 46713
534 14553
534 32373
535 39147
536 22262
536 36360
537 7084
537 21383
537 32487
537 44958
538 20560
539 7064
541 29363
541 40783
541 48880
542 11146
542 34417
542 47438
543 8626
543 39966
543 42097
543 48467
544 32375
544 34242
545 26458
545 46221
546 4460
546 25594
546 46586
548 13831
548 18246
548 44240
549 1305
549 6132
549 15312
549 30825
549 42302
549 49263
551 3064
551 6693
551 18844
551 36208
552 27797
553 8559
553 34316
553 38384
553 44853
554 13693
554 17901
554 25739
554 25943
555 4040
555 4202
555 7505
555 33846
555 45971
556 32900
556 39855
556 49776
557 25352
557 47316
558 32690
558 38905
558 47227
558 47800
560 21219
561 10191
561 20594
561 22965
562 11732
562 21875
562 46328
563 21537
563 31969
563 42099
563 43985
564 30510
564 37995
565 13994
565 31227
566 31039
567 49735
569 12792
569 39752
570 24664
571 4155
571 5052
571 26447
571 30279
571 40981
571 45867
571 46579
572 21471
573 737
573 11541
573 45941
574 17103
574 18063
574 20684
574 28722
574 37478
575 32883
576 4687
577 38239
578 711
579 11477
579 12829
579 14524
579 31265
579 37475
582 7903
582 7941
582 8874
583 757
583 31320
584 3376
585 20178
585 36445
586 9491
586 36292
586 41230
586 41736
587 7647
587 18802
587 41713
588 30481
589 6651
589 17293
589 30925
590 15261
591 4547
592 8352
592 27196
592 35188
593 25550
593 30820
594 3319
594 11512
594 45365
595 37502
596 23257
596 25836
596 29026
596 41406
596 42028
599 34350
599 44457
600 2306
600 24124
600 33150
601 31356
601 34848
601 47188
602 1747
602 6632
603 12402
603 44005
604 14323
604 41367
605 17863
607 27056
607 35071
607 42257
609 17775
609 27928
609 41975
610 22747
610 31289
610 44522
611 6950
611 30718
611 35356
611 40332
612 16833
612 18295
612 25499
612 31557
613 17791
613 36351
614 25768
615 3746
615 20055
615 21963
616 8551
617 8449
617 16432
618 7029
618 27643
619 6821
619 9110
619 44472
620 4760
620 31275
620 35519
622 5446
622 18373
622 19953
622 33837
622 49601
623 12976
626 47279
627 34194
629 15373
629 16669
629 19687
630 11349
630 33066
631 4989
631 15938
632 2115
632 23454
632 33256
633 43916
635 48098
636 1767
636 13979
636 24421
637 29358
637 30439
638 48965
639 8655
639 23990
639 35708
639 42900
641 14662
641 25904
642 1165
642 24968
642 40841
643 4592
643 5306
645 35417
646 753
646 3916
646 19470
646 44746
647 9626
647 23178
648 40533
649 21288
652 19348
653 26336
654 14004
654 31579
654 35302
655 10099
655 27807
655 29899
655 39336
655 45412
657 15117
658 48962
659 23376
659 33713
660 35174
660 49311
661 1048
661 33050
663 5157
664 42198
664 48973
666 11900
666 24868
667 17215
667 42597
668 10248
668 18262
668 42223
668 44095
668 44231
669 31193
669 47251
670 27403
671 8207
671 35398
671 37995
671 49465
673 23154
673 36638
674 6600
674 7224
674 47888
675 31863
675 38388
676 7198
676 10244
676 28926
676 34121
677 28551
677 29851
678 12035
678 12704
678 20246
678 47645
679 40958
680 42922
681 10122
681 14607
681 47769
682 2363
682 16639
682 41837
682 42970
682 43519
683 2886
684 12427
684 16148
685 30543
686 32763
686 34406
687 6195
687 8005
687 26713
687 49074
688 38452
689 20245
689 20482
689 40313
690 4361
690 9943
692 9024
692 11916
693 15589
693 47085
694 29423
694 34735
695 5570
695 12829
695 42710
697 10442
698 971
698 17568
700 40878
701 22523
701 27930
701 39309
703 26389
704 5026
704 18022
704 31230
705 34453
705 43049
706 34257
708 19534
708 49134
709 18846
709 24720
709 47128
710 48977
711 29307
712 10708
712 20080
712 40489
713 26245
714 26854
715 3292
715 7257
715 14382
715 17413
715 42999
715 49381
716 2660
716 8793
716 15969
716 39324
716 41934
717 9878
717 19550
717 26964
717 42788
717 48699
718 20408
718 24831
718 32730
719 5696
719 18519
720 41268
720 43220
721 34148
722 25051
724 6371
724 33530
724 35225
725 962
726 4023
726 17805
726 27435
727 10189
728 1952
728 40253
729 37013
730 30956
730 35897
730 48591
731 40661
733 1542
733 32911
733 34286
733 49770
734 16178
735 25969
736 3000
736 31001
736 39509
737 14712
737 46058
738 27525
738 47564
738 48388
739 2429
741 19994
742 11020
742 11124
742 32708
742 49951
743 20678
743 32669
743 45973
744 3827
744 49393
746 8790
746 35488
746 45474
747 22004
748 10172
748 16498
748 19300
749 5014
749 28046
749 38023
751 6701
751 26959
752 37100
753 27931
753 35815
753 37765
754 22919
754 39652
755 1025
755 45338
755 45341
756 15458
757 4946
758 21080
758 22225
759 1706
759 7729
759 9594
759 16723
760 2217
760 4981
761 1796
763 36310
764 34507
764 36879
765 7689
765 10131
766 44917
767 31864
768 10354
768 38617
769 20702
770 37496
770 42147
771 8949
771 30796
771 35297
771 39637
772 14413
772 43396
773 7855
773 16160
773 18094
774 14436
774 17175
774 26571
774 35203
775 34736
776 4307
776 19496
776 23284
776 23685
776 30038
776 32088
777 18019
777 32256
778 37417
779 3692
780 22087
781 11631
781 22220
782 4835
782 15903
783 3725
783 31844
783 34517
784 10764
785 12782
785 12793
785 22714
785 29734
786 5242
786 24698
787 9673
787 20974
787 31007
787 36474
788 19158
788 30541
789 13498
789 46638
790 20256
790 21903
790 23665
790 28065
791 12905
792 6848
792 29464
792 48256
793 17657
793 29953
793 30159
793 35484
794 12596
794 16534
794 26950
794 27973
794 47586
795 11416
795 15723
795 41466
797 8582
797 20221
798 5273
798 20902
798 22865
799 20201
799 33018
800 25904
800 33904
801 5960
801 8389
801 18224
802 8940
802 17367
803 3315
804 12460
804 19886
804 20628
804 45802
806 5588
807 26391
807 35974
807 48267
807 48295
809 26230
810 32418
810 42212
811 31457
812 46420
812 47886
813 4780
813 20753
814 20721
814 39145
815 4492
815 28363
816 11692
816 25265
816 34926
817 1021
817 7766
817 20535
820 6364
820 31591
820 38594
821 7878
822 34579
823 1376
823 25611
823 48152
824 3563
824 20547
824 22489
825 13112
825 20536
825 33453
825 44320
826 21040
827 4691
828 37654
829 23413
829 29788
829 49710
830 4538
830 25246
830 33241
831 3939
831 8282
831 10603
832 11807
832 28730
834 12218
834 17785
836 30252
837 1210
837 22804
837 44303
838 5996
838 33231
838 34329
839 47182
840 10717
840 25143
841 41128
841 47490
843 16592
844 43571
845 34511
845 49547
846 9028
846 39402
846 49916
847 2525
847 7891
847 28484
847 38772
847 41334
848 25891
848 31020
848 45662
849 4303
849 17746
849 37165
849 42183
850 2427
850 18081
850 18474
850 36942
852 7343
852 27106
853 25121
855 1550
856 1054
856 8703
856 40188
858 37630
858 42138
859 34137
859 44278
860 38993
861 14514
861 22845
861 44288
862 19647
863 9551
863 33890
863 41196
863 43572
865 45268
866 6485
866 22613
867 4271
867 17556
867 38323
868 15614
870 40432
870 40648
871 5816
871 10101
871 10151
871 10395
871 27129
873 41153
873 43042
874 38473
874 41377
874 44435
874 47898
875 8690
876 23816
876 45154
878 4875
879 18382
879 31666
879 48197
879 49427
880 43386
881 28570
881 42086
881 47274
882 21925
882 22088
882 31581
882 41542
882 44135
883 22643
884 20103
884 20830
884 27037
884 44911
886 29053
887 8637
887 32520
887 32751
887 44013
889 41074
890 21536
891 30092
892 7851
892 25040
894 2241
894 5015
894 11250
895 1664
895 7469
896 46000
897 18861
897 24095
898 11876
898 33485
898 38778
899 4015
899 46639
900 19096
902 32938
902 48300
903 4389
905 6365
905 12390
905 19467
905 20463
905 35372
905 40070
907 3331
907 17232
908 14014
908 34192
909 5561
909 11341
909 21374
909 25640
909 30570
909 42668
910 20121
910 28868
910 42493
911 16327
911 21354
911 25551
911 49378
911 49427
911 49915
912 4830
912 22109
912 37078
913 12216
913 36518
913 37982
913 45818
914 13169
914 36404
915 7631
915 23361
915 27091
915 41241
916 11052
916 12245
916 46074
917 24278
917 28315
917 33249
917 35553
917 37115
918 21597
918 30976
919 45780
920 13936
921 6268
921 17661
921 36427
921 38435
921 44558
922 41913
922 46615
923 21310
923 29937
923 34601
923 35114
924 2561
924 18586
924 29134
924 40400
925 31485
926 10530
926 16813
926 28731
927 2499
927 20438
927 32359
927 46825
929 3205
929 9940
929 21780
930 2785
930 21514
930 31850
931 9440
931 13122
931 26851
932 6455
932 48982
933 17747
933 25530
933 32725
934 1440
934 14058
934 35410
936 5459
936 8863
936 18617
936 35582
936 36004
938 1602
938 6902
938 35261
939 30333
939 47516
941 35717
941 38932
941 41333
942 10871
942 33880
942 36208
943 40293
945 1366
945 16448
945 32238
947 12460
947 45852
948 1595
948 10259
948 18709
948 18905
949 49190
950 30751
950 44198
951 27065
951 44483
951 46964
952 8730
952 37930
953 21815
953 30075
954 1165
954 32433
955 23404
955 44557
956 9846
956 14652
956 22635
957 17544
957 22984
957 43515
958 32634
959 10879
959 45224
960 14935
961 4370
961 9546
961 33391
962 6128
962 21195
962 30566
962 46739
962 48623
963 49176
964 20224
964 40991
965 27928
965 34757
966 27256
967 11349
967 37204
967 41132
969 20103
969 45627
970 39170
970 44602
972 26235
972 30329
972 34243
972 37725
973 16074
973 25336
973 40259
974 7953
974 36083
975 38180
975 46606
976 3051
976 22841
976 38376
977 21517
977 47217
977 48529
978 10583
979 37965
979 46068
980 2781
980 24564
981 6226
981 25514
981 37403
981 49569
982 1594
982 4900
982 40629
983 11021
983 19698
983 27107
983 29379
983 32595
983 46704
984 21030
984 21465
984 31353
984 32963
984 44013
985 40391
986 46172
986 46367
987 41029
987 49454
988 47236
989 17702
989 23282
989 44971
990 2698
990 28861
990 31210
991 35548
992 10584
992 25174
992 32413
992 44050
993 13709
993 34587
993 49525
994 2462
994 4300
994 7495
994 45660
995 32511
995 42265
996 17059
997 38056
998 3719
998 6279
998 13152
998 21029
998 26072
998 47149
999 19033
999 23798
1000 16752
1000 17504
1000 25529
1001 6214
1001 10311
1001 16224
1001 24099
1001 47778
1002 4711
1003 4844
1003 44533
1004 17713
1004 18303
1004 18506
1004 29302
1005 11597
1005 35475
1005 39724
1006 46372
1008 1861
1008 27607
1008 29156
1008 42045
1009 10440
1009 17875
1009 26854
1010 19636
1010 36050
1010 39476
1011 3590
1011 4480
1011 8549
1011 29647
1011 32189
1012 30859
1013 11355
1013 23713
1013 33743
1013 36151
1013 40211
1014 22365
1014 34082
1015 23830
1015 40167
1016 13903
1017 29922
1017 37704
1017 43661
1020 2667
1020 28845
1020 32610
1021 19305
1021 35654
1021 42381
1022 11287
1023 2119
1023 27046
1023 30084
1024 43117
1026 14510
1026 24749
1027 6102
1027 8180
1027 32454
1027 32782
1028 4188
1028 35143
1029 3903
1029 10773
1029 20035
1029 46225
1030 46373
1031 34631
1032 2476
1033 26652
1033 36744
1034 15838
1034 15999
1034 24261
1035 4614
1035 30145
1035 36624
1037 8432
1037 36683
1037 37741
1038 8896
1038 12294
1038 27525
1038 48072
1039 39135
1040 19126
1040 22231
1041 12334
1041 16935
1041 35887
1042 45511
1045 3714
1045 18093
1045 49421
1046 13512
1046 32359
1048 35816
1048 44230
1049 9102
1050 44734
1051 9332
1051 11786
1051 25701
1053 12256
1054 7398
1054 41670
1054 46421
1054 48944
1055 31092
1055 48839
1056 18633
1056 39435
1057 40757
1057 43935
1058 34763
1059 38964
1061 9369
1061 26629
1062 16462
1062 32399
1063 23180
1063 27265
1063 29486
1064 26661
1065 16894
1065 49473
1066 16086
1066 37179
1067 23962
1067 44500
1068 13307
1068 18021
1069 10265
1069 25950
1070 25253
1071 23321
1071 35076
1072 33363
1072 33773
1072 38702
1073 17929
1073 49081
1073 49320
1074 6807
1074 45431
1075 13146
1075 14603
1076 8208
1077 20504
1077 25517
1077 46017
1080 19683
1080 32784
1080 36735
1082 7146
1082 13487
1084 14414
1085 38534
1085 39871
1085 40501
1086 11137
1086 39289
1088 11936
1088 23180
1088 32682
1088 34543
1089 11525
1089 42526
1090 4894
1090 26465
1091 16333
1091 21656
1092 22942
1093 18002
1093 27450
1093 36216
1094 21004
1095 46558
1097 10489
1097 20463
1098 1500
1098 2767
1098 14243
1099 7366
1100 27554
1100 28468
1101 7375
1101 24133
1103 28790
1104 33869
1105 46138
1107 27356
1107 43936
1109 25806
1110 5661
1111 16251
1111 27224
1112 15197
1113 2734
1113 43618
1115 20636
1115 24371
1115 39755
1115 42418
1115 43099
1115 46540
1116 15768
1116 26830
1116 41097
1117 22757
1117 29906
1117 36302
1117 44028
1119 49358
1120 2091
1120 49780
1121 27523
1121 49318
1122 13248
1123 27261
1124 27127
1124 30789
1125 25354
1126 23306
1126 26035
1126 30862
1127 37051
1129 28531
1130 6887
1130 40831
1132 8345
1132 10666
1132 14298
1132 43629
1132 43911
1134 8132
1134 16384
1135 11738
1135 29582
1136 1790
1136 30353
1137 31167
1137 39899
1139 3651
1139 5653
1139 23493
1139 35208
1140 26226
1141 33414
1142 9748
1143 39808
1144 7040
1147 7067
1147 8922
1147 27947
1148 43123
1148 46232
1149 37989
1150 43492
1151 5955
1151 11453
1152 15401
1152 30956
1153 3244
1153 44968
1153 48305
1154 4973
1154 15604
1154 26209
1154 32454
1154 34918
1154 47411
1156 45682
1156 49035
1157 16887
1157 30263
1157 39923
1157 46496
1157 49363
1158 21268
1158 40333
1159 8537
1159 13493
1159 20887
1159 40528
1159 42285
1160 29876
1161 38441
1161 48385
1161 49421
1162 20793
1162 35800
1162 45368
1163 44722
1163 47220
1164 7921
1164 8222
1164 34010
1165 30068
1166 20233
1168 10396
1168 14697
1168 17107
1169 13420
1169 36610
1169 48449
1170 6002
1170 38184
1171 22552
1171 47672
1172 17754
1173 2770
1173 14617
1173 26499
1173 34430
1175 19225
1175 32034
1175 38685
1175 49941
1176 4395
1176 46608
1177 19418
1177 29974
1177 47752
1178 3329
1178 14674
1179 9852
1179 16083
1180 21658
1180 27044
1181 14302
1181 23473
1182 38480
1183 31296
1183 46663
1185 17381
1186 21200
1186 35810
1187 31492
1188 11299
1188 18270
1188 29241
1189 1484
1189 13602
1189 14509
1189 26598
1189 27292
1190 7310
1190 24667
1190 47464
1191 25182
1191 38234
1192 23784
1192 33920
1192 37182
1192 38101
1192 48879
1195 11268
1196 28521
1196 45482
1197 3269
1197 33194
1198 21958
1198 24646
1199 21948
1199 49752
1200 24195
1201 7532
1201 11232
1202 15754
1203 36933
1205 24705
1205 38808
1205 41617
1206 2068
1206 39432
1207 34698
1208 1384
1208 8963
1210 45177
1211 6682
1211 20740
1212 19833
1213 20051
1214 17344
1214 37738
1215 20805
1215 37441
1215 47699
1216 2497
1217 5414
1217 10365
1217 13585
1217 48872
1217 49816
1218 34575
1219 2748
1219 5323
1220 43114
1221 36467
1221 37208
1223 4929
1223 46815
1224 8377
1224 22633
1225 1904
1225 22182
1225 33945
1225 40870
1226 45336
1226 47369
1227 21993
1227 24811
1229 2833
1229 6294
1231 1709
1232 24815
1232 39179
1233 20107
1233 26124
1233 31237
1234 26317
1235 2107
1235 4310
1235 22008
1235 34210
1236 4082
1236 11948
1237 15172
1238 13398
1238 16458
1238 33821
1238 34546
1239 24487
1239 29407
1239 38391
1239 43264
1240 4597
1240 27771
1240 43605
1241 24045
1241 49551
1242 34523
1243 6343
1243 12598
1244 23683
1245 49768
1246 6702
1246 24077
1246 37594
1247 23751
1247 38358
1248 13262
1248 20008
1248 28475
1249 28144
1249 34488
1250 13315
1250 14681
1250 29617
1250 32666
1250 44097
1251 39605
1251 46408
1251 47958
1252 5415
1252 13291
1252 19377
1252 36197
1253 18988
1253 48719
1254 28156
1254 36025
1254 48061
1255 10066
1255 18540
1256 27760
1256 46367
1257 45624
1258 18989
1260 18614
1261 28990
1264 27750
1265 37098
1265 46579
1265 46676
1266 47159
1267 1906
1267 15722
1267 31847
1267 39038
1268 30138
1269 4149
1270 5367
1270 33405
1270 48808
1271 22575
1271 41376
1272 43971
1273 9735
1273 25816
1273 25934
1274 12064
1276 39225
1276 42021
1277 32239
1277 47090
1278 26923
1278 29511
1279 27809
1281 16475
1281 17680
1281 23218
1281 25681
1281 29311
1281 45413
1282 4866
1282 28629
1282 37927
1283 9390
1283 10600
1283 14217
1283 32311
1284 32533
1285 25653
1285 35165
1285 40828
1286 3733
1286 9914
1286 12354
1287 13961
1287 27170
1287 29184
1287 39703
1288 24924
1288 24982
1288 41300
1289 2712
1289 14443
1289 36426
1289 40485
1290 3807
1290 4609
1290 17712
1290 18720
1290 33045
1290 44573
1291 30741
1291 45081
1291 46722
1292 5021
1292 36767
1293 3607
1293 11932
1293 39521
1294 42495
1294 46877
1295 16239
1296 8208
1296 17522
1296 43731
1299 3461
1299 12015
1299 26172
1299 34616
1299 35234
1299 43191
1299 47590
1301 32073
1301 32083
1301 43820
1302 22137
1303 1785
1303 29161
1304 30607
1304 40563
1305 11749
1305 17590
1306 41815
1307 12790
1307 23753
1307 36486
1307 37135
1307 38461
1308 18890
1309 4369
1309 9899
1310 26346
1310 29295
1310 48146
1310 48849
1311 14331
1311 27293
1311 34179
1312 19085
1312 39091
1312 46386
1314 9239
1314 12945
1314 17825
1315 27790
1315 31067
1315 31295
1315 36375
1316 19612
1316 24663
1316 46822
1317 30438
1318 2094
1318 22770
1318 44258
1318 49492
1319 12806
1319 36798
1319 48333
1320 5233
1320 28244
1320 30689
1321 43566
1322 31721
1323 6797
1323 47360
1323 48128
1324 20838
1324 26331
1325 11467
1328 30966
1329 12997
1330 19751
1330 49366
1331 23586
1331 42121
1332 9499
1332 24767
1332 41860
1333 17624
1333 18968
1333 45510
1334 18417
1334 33876
1334 35781
1334 40727
1335 3301
1335 20967
1336 19286
1336 41037
1336 41151
1337 8787
1337 27143
1337 43924
1338 37549
1338 40715
1338 41611
1339 31480
1339 39841
1339 44695
1340 5554
1340 46925
1341 28349
1342 49574
1343 7189
1343 44917
1343 45434
1344 34596
1345 22592
1346 15621
1347 27077
1347 39434
1348 4893
1348 33751
1348 46699
1349 44100
1350 9153
1350 40048
1350 49458
1351 43929
1351 48364
1352 49130
1352 49428
1353 33422
1354 2970
1354 11786
1354 12581
1354 23943
1355 36397
1356 11078
1356 17657
1356 25114
1356 29362
1357 31140
1358 15451
1358 40617
1358 43724
1359 15203
1361 6892
1361 44651
1362 19644
1362 21836
1362 42682
1363 20324
1363 25092
1364 8762
1364 18587
1364 28969
1365 10630
1365 22916
1365 36223
1365 47756
1366 5245
1366 12968
1366 19600
1366 41563
1367 45285
1367 46517
1368 47897
1368 48662
1369 26708
1370 1903
1370 38532
1370 44004
1373 32422
1375 47921
1378 12053
1378 31069
1380 21558
1380 39307
1380 46636
1381 47632
1382 1711
1382 18765
1382 29157
1382 39180
1382 46668
1382 48483
1383 4710
1383 36146
1384 22096
1385 11474
1386 16334
1386 20778
1387 35423
1388 9760
1388 41345
1389 14947
1389 16395
1389 22889
1389 28999
1389 43009
1389 46095
1389 48460
1390 25852
1390 45059
1390 49842
1391 45193
1391 45636
1391 46259
1392 12029
1393 17356
1394 18942
1394 22827
1395 2920
1395 18249
1395 21332
1397 29873
1397 46555
1398 37067
1398 45194
1398 47852
1399 34661
1400 26411
1400 34433
1400 37249
1400 43977
1401 20547
1401 38982
1402 24871
1403 31445
1403 47766
1404 40237
1405 46383
1405 46530
1406 9295
1407 32088
1407 32540
1408 4974
1408 9700
1408 30784
1408 35121
1410 1943
1410 3285
1410 19852
1410 41527
1412 4940
1412 42039
1413 35987
1414 4106
1414 22386
1414 35312
1415 28311
1415 36055
1415 41344
1416 41625
1416 46268
1417 27101
1417 28751
1417 29657
1418 13950
1419 28179
1419 37772
1420 8051
1420 33586
1420 42110
1420 43137
1420 49380
1421 27160
1422 8938
1422 22261
1423 8225
1424 15866
1424 37392
1425 27803
1426 35204
1426 36665
1426 44959
1427 22468
1427 33792
1428 9964
1428 48155
1429 49999
1431 16551
1431 24735
1433 18550
1433 28863
1433 49460
1434 25389
1435 34149
1435 39284
1436 29850
1436 48754
1438 13638
1438 39518
1439 31803
1439 37111
1440 4272
1440 30986
1442 16652
1442 27886
1442 48623
1443 7992
1443 44432
1443 48937
1444 3821
1446 43143
1447 8389
1447 21893
1448 23697
1449 9818
1449 30910
1449 36520
1450 22339
1450 30566
1450 33283
1453 8718
1453 40573
1454 8619
1454 15600
1454 31937
1455 37536
1455 48081
1457 14918
1457 29520
1457 36101
1457 48425
1458 4528
1458 32687
1458 45609
1460 17308
1461 16056
1461 37544
1461 47821
1463 26042
1464 37790
1466 23045
1466 35627
1466 37276
1468 10603
1469 26024
1469 29981
1470 7144
1470 26306
1470 48509
1472 13111
1472 46347
1473 8621
1474 6733
1474 8193
1474 19736
1475 3839
1475 24627
1475 25453
1476 37840
1476 45226
1477 23047
1477 24100
1477 31067
1478 29095
1478 33606
1478 37175
1478 37563
1479 35110
1479 43635
1480 37052
1481 23137
1481 48632
1482 21844
1482 35017
1483 47129
1484 16490
1484 23798
1484 39599
1485 11460
1486 34910
1486 37967
1486 47096
1487 25907
1488 33289
1488 35152
1488 42798
1489 44576
1490 2021
1490 2584
1490 44431
1490 45600
1490 46614
1490 47555
1491 20121
1491 37605
1491 48756
1491 49997
1492 35815
1494 15117
1495 39280
1496 28280
1496 47305
1497 38315
1499 7532
1500 20765
1502 10260
1503 15663
1504 37496
1505 10373
1505 41509
1506 24860
1507 13263
1507 25389
1508 10549
1508 42632
1509 4543
1509 4573
1509 28598
1509 43909
1511 28350
1512 19686
1514 31102
1515 25383
1515 33275
1516 5416
1517 3285
1517 32745
1518 16185
1519 5186
1519 29621
1519 32516
1519 39661
1520 28318
1520 43621
1521 34658
1522 34256
1522 48806
1524 1916
1524 13962
1524 16639
1524 17757
1525 16322
1526 9201
1526 24003
1526 26758
1526 37443
1527 20971
1527 24693
1527 37325
1527 44165
1527 46608
1528 49368
1529 25395
1530 29636
1530 33471
1531 5253
1534 4717
1534 16742
1535 17996
1536 8792
1536 30240
1536 46789
1538 19636
1538 34244
1540 11660
1540 24659
1541 4185
1543 10085
1543 29788
1543 49853
1545 16164
1545 48824
1546 48239
1547 7061
1547 18455
1547 25530
1548 9488
1548 44450
1549 17135
1549 29196
1549 49445
1550 10385
1550 41035
1551 20168
1551 34326
1551 48282
1552 35904
1553 23961
1554 14622
1554 49217
1555 9128
1555 23557
1556 48399
1557 36834
1557 39725
1558 12989
1558 28472
1558 31831
1558 35200
1558 41621
1558 49997
1559 23307
1560 21019
1560 34887
1560 43323
1561 19058
1562 6889
1562 11161
1562 25378
1562 43552
1563 48800
1566 28720
1566 39335
1566 42493
1566 47546
1567 14754
1567 15238
1568 1994
1568 12199
1568 23539
1569 17543
1570 11802
1571 20847
1571 43508
1572 1921
1572 25607
1572 31815
1573 10373
1574 11034
1574 16525
1575 4934
1576 19544
1576 23689
1576 34560
1576 49693
1577 28683
1578 25673
1578 42022
1579 4297
1579 5131
1579 47153
1580 6046
1580 30388
1580 34700
1581 41388
1581 42839
1582 23309
1583 14378
1583 25847
1583 39067
1584 23119
1585 2865
1585 27520
1585 48582
1586 6811
1586 15288
1586 26527
1587 26267
1588 1797
1588 20468
1588 23357
1588 33091
1589 19600
1589 37779
1589 39752
1590 37039
1591 25066
1592 7810
1592 21079
1592 26070
1593 3416
1593 7511
1593 11023
1593 20430
1594 3770
1594 3871
1594 17765
1594 31603
1595 31181
1595 33692
1596 43885
1596 46542
1597 2108
1597 16126
1597 35649
1597 36494
1598 15179
1598 19470
1599 37965
1600 17612
1601 12512
1602 16580
1602 35085
1603 40192
1604 26674
1604 46955
1605 9658
1605 13656
1605 19778
1605 27433
1605 44161
1607 7813
1607 13467
1607 15185
1608 10647
1609 2027
1609 3514
1610 36927
1610 40899
1611 8974
1611 25544
1613 12216
1613 31457
1613 34451
1614 6962
1614 49910
1615 12290
1616 32439
1619 27121
1620 26635
1621 46022
1622 11859
1622 14236
1622 25182
1622 31417
1622 48949
1624 5025
1624 18385
1625 4000
1625 6134
1625 24069
1625 47775
1626 23674
1626 29660
1628 8925
1629 7566
1629 25633
1629 25950
1629 34001
1630 24012
1630 44499
1631 23756
1632 2834
1632 10253
1632 36400
1634 37329
1635 23356
1636 38242
1637 12058
1637 49804
1638 35138
1638 35428
1638 49654
1640 16210
1640 33898
1641 18901
1642 7071
1643 2809
1643 11671
1643 38164
1643 49087
1644 11234
1644 12544
1646 22474
1646 27873
1648 14118
1648 33137
1648 49624
1650 17876
1650 28519
1650 28888
1652 9208
1656 40080
1657 15756
1657 39209
1659 25439
1660 10803
1660 44030
1662 25465
1663 9834
1664 29829
1665 13668
1666 26308
1666 36860
1667 32136
1667 40318
1669 35169
1669 39762
1669 42568
1671 37867
1671 42669
1671 43416
1671 49387
1672 39715
1672 49584
1673 17746
1673 29179
1673 31993
1673 37777
1674 26698
1674 30768
1675 15757
1675 31891
1675 38419
1676 6631
1676 9288
1676 43977
1677 14113
1680 35086
1681 26307
1681 28621
1681 49619
1682 10569
1682 39307
1682 45335
1682 46545
1683 31653
1684 3311
1684 18982
1684 42937
1685 11131
1685 27888
1685 43411
1686 6455
1686 21573
1687 37695
1687 39687
1688 4724
1688 7385
1688 32542
1688 41812
1689 7961
1689 13608
1690 11944
1690 16482
1690 41465
1691 9270
1691 46393
1692 33915
1692 35790
1694 7033
1695 6474
1695 36506
1696 24015
1696 35404
1696 48124
1698 5270
1698 34403
1698 42867
1698 46236
1699 45705
1699 47837
1700 7658
1701 41068
1702 13117
1702 25433
1702 49067
1702 49427
1703 49997
1704 25228
1705 7776
1705 42455
1706 1882
1706 15097
1707 39457
1708 28293
1708 46609
1709 18235
1709 32045
1710 42549
1710 48971
1712 13643
1712 19156
1714 11742
1716 29993
1717 10201
1718 35178
1718 36660
1719 23351
1720 6973
1720 43596
1721 36833
1721 43035
1721 45073
1722 2921
1722 5731
1722 13964
1722 28689
1722 29410
1722 47337
1723 9606
1723 19599
1723 20735
1723 37215
1723 48901
1724 42355
1726 48232
1727 26591
1727 33854
1727 39041
1728 33938
1728 42271
1729 5683
1729 6934
1729 15536
1729 37140
1729 46532
1730 14922
1732 23636
1732 27984
1733 7893
1733 41859
1737 13946
1737 24027
1737 34172
1739 4287
1739 6207
1739 21600
1739 21725
1739 27939
1739 34588
1739 37542
1739 41507
1739 49609
1740 4608
1741 1942
1741 4699
1741 21546
1742 2474
1742 3433
1742 8904
1742 16876
1742 19840
1743 10272
1743 47906
1744 25427
1744 46809
1745 45660
1746 17961
1746 45004
1747 41883
1750 16788
1750 25035
1751 19828
1752 31116
1752 39236
1752 42222
1753 31546
1753 36952
1753 37046
1753 46572
1754 3536
1756 16297
1756 16927
1756 16949
1756 24175
1756 34402
1757 9696
1757 10049
1757 24125
1759 22178
1760 23685
1760 49297
1761 3738
1761 6305
1761 18384
1761 22278
1761 23094
1762 14833
1763 24556
1765 13892
1765 27990
1766 1791
1766 3788
1766 23996
1766 38349
1767 47892
1768 2598
1768 22369
1768 37125
1769 15763
1769 26347
1770 4450
1770 11112
1771 13815
1773 48101
1774 18987
1774 21378
1775 12250
1775 15333
1775 31424
1775 42114
1776 21529
1777 2815
1777 29410
1777 45425
1778 22563
1778 31904
1778 35017
1778 35691
1778 37483
1778 48310
1779 16758
1779 19211
1780 44663
1781 7840
1781 19838
1781 30633
1781 38421
1782 4832
1782 21485
1783 14187
1783 15955
1783 28434
1783 44147
1784 10277
1784 21966
1785 12297
1785 14450
1785 39186
1785 48278
1786 25096
1786 29187
1787 20709
1789 48029
1791 2661
1791 29078
1791 42176
1793 38403
1794 16236
1795 24034
1796 1873
1796 6318
1797 13452
1798 47783
1799 16129
1800 22271
1800 35152
1800 44416
1801 4818
1801 7314
1801 29432
1801 37200
1802 10047
1802 29530
1802 40277
1802 46822
1804 15505
1805 17012
1805 29163
1806 2903
1806 6931
1806 12211
1806 33524
1807 2730
1808 39611
1809 13112
1809 49134
1810 7109
1810 13371
1810 24579
1810 44269
1811 3834
1811 32544
1811 34129
1812 8680
1812 28548
1813 32917
1814 27277
1815 29366
1815 43318
1816 10392
1816 23591
1816 24707
1817 8401
1817 22440
1818 46486
1820 32265
1822 28282
1823 46708
1824 26190
1824 48829
1825 26671
1825 40032
1826 10744
1826 18155
1826 41105
1826 42842
1827 13301
1827 21086
1827 43198
1828 3479
1829 41553
1830 8929
1830 26781
1831 6581
1831 12453
1831 31170
1833 37991
1834 23218
1834 41993
1835 4667
1835 22668
1835 46564
1839 3157
1839 23033
1839 39208
1840 10335
1840 28323
1841 41066
1841 42349
1843 5767
1843 14485
1843 45425
1844 9947
1844 36975
1846 19475
1846 27574
1846 43523
1847 12907
1847 28316
1848 30543
1849 17409
1850 3757
1850 4303
1850 7577
1850 12836
1850 21993
1851 27590
1851 36195
1851 37478
1852 3556
1852 24208
1852 47772
1853 1948
1853 2653
1854 16668
1855 12037
1855 42760
1857 27866
1857 44562
1858 49211
1859 6019
1859 10237
1859 33499
1859 35394
1859 48212
1860 10878
1860 49723
1863 15074
1863 24472
1864 32244
1864 39999
1865 44432
1867 4091
1867 7896
1867 9316
1867 17529
1867 47707
1868 42944
1869 17372
1869 21651
1870 28870
1870 33918
1871 22051
1872 41024
1873 22452
1874 11351
1874 22156
1875 6005
1875 12664
1875 20708
1875 43935
1875 46094
1876 20633
1876 24866
1876 41762
1878 22576
1879 4861
1879 25064
1879 47407
1880 9612
1880 45313
1882 25265
1883 17009
1883 22860
1883 37744
1883 40393
1884 2720
1884 16769
1884 48624
1885 3663
1885 19684
1885 32878
1886 12801
1886 25335
1886 38546
1887 4429
1887 16914
1890 6203
1890 37018
1891 5432
1891 22068
1891 22354
1891 33000
1891 42682
1891 46734
1891 49836
1892 26416
1892 28392
1892 38123
1892 40321
1892 41535
1894 22462
1894 26178
1894 31440
1894 45795
1895 11912
1895 13983
1895 17061
1896 20968
1896 37201
1897 16232
1897 35345
1898 14052
1898 19264
1900 19624
1901 9597
1902 41941
1902 46648
1903 23112
1904 43000
1904 43602
1904 47339
1905 18433
1905 23100
1906 3718
1906 17664
1906 26564
1906 39690
1907 4123
1907 32623
1908 29588
1909 15783
1909 29655
1909 33864
1910 22241
1912 43434
1913 32601
1914 14335
1914 27473
1915 20771
1917 5663
1917 38867
1918 41009
1919 48591
1920 18517
1921 4569
1921 5536
1921 5562
1921 10123
1921 27844
1921 33181
1922 4050
1922 31263
1924 11274
1924 47194
1925 19849
1925 20702
1925 35718
1925 36507
1925 41202
1926 9978
1927 22804
1928 23598
1930 9293
1930 14136
1930 31131
1930 34601
1930 36580
1931 14928
1933 3574
1933 24007
1933 32129
1934 5279
1935 49139
1936 5617
1937 4890
1937 7935
1937 10730
1939 38774
1940 21541
1940 40432
1941 4218
1941 43005
1942 11006
1943 24707
1944 17745
1946 2869
1946 25487
1946 49730
1947 2870
1947 36956
1947 44046
1948 10091
1948 35780
1948 49839
1949 8533
1949 10889
1951 4625
1952 15580
1952 25688
1953 32211
1953 35384
1955 16603
1956 7196
1956 34548
1956 35538
1957 20258
1957 42549
1958 10684
1960 9954
1960 16066
1960 43415
1961 8480
1961 26489
1961 32907
1962 6997
1962 10268
1962 12797
1962 13233
1962 25428
1962 29589
1964 20024
1964 22749
1964 36340
1965 18599
1965 44912
1966 17282
1966 45419
1966 49198
1967 25882
1968 12663
1968 20962
1968 37616
1969 17474
1969 37029
1970 5045
1970 44833
1971 23720
1971 35827
1972 15327
1972 15771
1972 32670
1973 2840
1974 10420
1974 24645
1975 33034
1976 26162
1976 28801
1977 2006
1977 17228
1977 27554
1979 19636
1979 37120
1980 5222
1980 23643
1980 27406
1980 33827
1981 2622
1981 17543
1982 2696
1982 8809
1982 11527
1982 11667
1983 22272
1983 27349
1983 41917
1983 42120
1984 9148
1984 45413
1984 45962
1985 35632
1986 14018
1986 23484
1989 22740
1990 13296
1990 39200
1990 40804
1991 6691
1991 35492
1991 45073
1993 37346
1993 39318
1993 40600
1994 19334
1994 21502
1994 40760
1995 12241
1995 13358
1995 32589
1995 36622
1995 37241
1995 37866
1996 48495
1997 7651
1997 17165
1997 43116
1998 5196
1998 24631
1999 12900
1999 19761
1999 32315
1999 46475
2000 4576
2000 47914
2001 10276
2001 43074
2002 19081
2002 19959
2003 7580
2004 6822
2005 3713
2005 19317
2006 6790
2006 22449
2006 24727
2006 42276
2007 17698
2007 29765
2008 9117
2008 35307
2008 38292
2009 26665
2011 40231
2011 41119
2011 48326
2012 33951
2013 28847
2013 31988
2014 7762
2015 13167
2016 13042
2017 11239
2017 19335
2017 37740
2018 15674
2018 37327
2019 6983
2019 33052
2019 49638
2020 3696
2021 27374
2021 28661
2022 6335
2022 19752
2023 39463
2023 43465
2024 26224
2025 15777
2025 33181
2025 35306
2026 18595
2026 39858
2027 11067
2027 43265
2028 34628
2028 36583
2028 38949
2028 47397
2029 8320
2029 9298
2029 26747
2030 8042
2030 32157
2030 32584
2031 11236
2031 43445
2031 43988
2032 7894
2032 12326
2032 39804
2033 4580
2034 14772
2034 35590
2036 36690
2036 39578
2037 39174
2038 21565
2038 48208
2039 24906
2042 13694
2042 20289
2042 28449
2042 46705
2043 13005
2043 23222
2043 24193
2043 26697
2043 43291
2044 45083
2045 15950
2045 21360
2045 29872
2046 4670
2046 23532
2046 34225
2046 45900
2047 26754
2047 46729
2049 16040
2049 39329
2049 44551
2050 20815
2051 26878
2052 27078
2052 49700
2053 19690
2053 28496
2053 40376
2053 47233
2053 47382
2054 4331
2054 17626
2054 37186
2054 38914
2054 45234
2055 6364
2055 17942
2056 35635
2056 40283
2057 34237
2060 39094
2061 28015
2062 5580
2062 11756
2066 21707
2066 24597
2066 30730
2067 31587
2069 45909
2069 49048
2070 12874
2071 14753
2072 31909
2073 3521
2073 22545
2074 16772
2074 20676
2074 46822
2074 49268
2075 9745
2075 16580
2077 3441
2077 4436
2077 34167
2077 43555
2077 45614
2078 7581
2078 8553
2078 24604
2079 47648
2080 22008
2080 32605
2081 14872
2082 17788
2082 23641
2083 30753
2083 43531
2084 8625
2084 21623
2084 28184
2085 12776
2085 21899
2085 39019
2085 42306
2086 16333
2087 16892
2087 19066
2087 49695
2088 29995
2088 38650
2090 15345
2090 31862
2092 33425
2093 8962
2094 16585
2096 14327
2096 47052
2098 25978
2098 34902
2099 4369
2099 41742
2101 19711
2101 23572
2101 31838
2101 36127
2102 5279
2102 17141
2102 49735
2102 49854
2103 31422
2104 14068
2104 38225
2105 12207
2105 19755
2106 10590
2106 41870
2107 9024
2108 12220
2108 20296
2108 49346
2109 27593
2110 44827
2110 47326
2111 25610
2111 33098
2111 40254
2112 35004
2113 13667
2113 27175
2113 28491
2113 39387
2113 39573
2115 42309
2115 49585
2116 4402
2116 12257
2116 16939
2116 18076
2116 33799
2117 7955
2117 9813
2117 12536
2117 17415
2118 16195
2119 24194
2119 35824
2119 47958
2120 3653
2121 16124
2121 18088
2121 24303
2121 44943
2122 2669
2122 35766
2123 43205
2124 2597
2124 12335
2124 22922
2124 33440
2124 47677
2126 3808
2126 27839
2127 26791
2127 32593
2127 34340
2128 4718
2128 32285
2129 14142
2130 3229
2130 8532
2130 14605
2131 20347
2131 20563
2131 31811
2132 12968
2133 13737
2133 16569
2133 46777
2134 2430
2135 29302
2135 39555
2135 47530
2136 5726
2136 18766
2136 21115
2136 27285
2136 34506
2138 30727
2138 35834
2138 42678
2139 19699
2140 16413
2141 32617
2141 45402
2142 20859
2142 31407
2143 25659
2143 27906
2143 29260
2145 14873
2147 22161
2147 26977
2149 38564
2150 13199
2150 19595
2151 12149
2151 12187
2151 38550
2151 42431
2152 15297
2152 30685
2152 38009
2153 27587
2153 32911
2153 39091
2154 27940
2155 49412
2156 43781
2157 14156
2157 19910
2157 41470
2158 17429
2158 33121
2159 4375
2162 6771
2162 12285
2163 11963
2163 42736
2164 3102
2164 13704
2164 16959
2164 23058
2165 13421
2165 22929
2165 46657
2166 9570
2166 14059
2167 5414
2167 7140
2167 41610
2168 44022
2168 48125
2169 5235
2169 25182
2169 30959
2170 20578
2170 24272
2172 11657
2172 24577
2172 27084
2173 9038
2173 17964
2173 18053
2173 43827
2174 21889
2174 31827
2174 32739
2175 19012
2175 29443
2175 32631
2175 37730
2176 46318
2177 7112
2177 21861
2178 6625
2179 17082
2179 17115
2180 35917
2181 6139
2181 13930
2181 22350
2182 26137
2182 38826
2182 46643
2183 18141
2184 10141
2184 11779
2184 12435
2184 43181
2185 21296
2185 31662
2185 33504
2186 49627
2187 29575
2187 44431
2188 40361
2189 5873
2189 22312
2190 10612
2190 41436
2191 22690
2192 10367
2192 17868
2192 38659
2193 5560
2193 15825
2193 23805
2193 24422
2193 39727
2194 20685
2195 2695
2195 8799
2195 13875
2195 15334
2195 18495
2196 3227
2197 2613
2197 15077
2197 36779
2197 49331
2198 40741
2199 14506
2199 27939
2199 38976
2200 10168
2200 23989
2200 39070
2202 9929
2202 21738
2202 42402
2203 18723
2203 25378
2203 26111
2204 6648
2204 28714
2205 23385
2205 29158
2206 46267
2207 10677
2208 3960
2208 7709
2208 17039
2208 34761
2208 49989
2209 5166
2209 31864
2210 37721
2211 34215
2211 38826
2211 40042
2211 41475
2212 8878
2212 40244
2215 14619
2215 32015
2216 24747
2216 45434
2217 33792
2218 10518
2218 12424
2218 33765
2218 41212
2219 29767
2220 40520
2220 45916
2221 35513
2222 9837
2222 22896
2223 8706
2223 26213
2223 41812
2224 14213
2224 24064
2224 27155
2225 5293
2225 27279
2226 9327
2227 34071
2227 44815
2228 29687
2228 39962
2228 46927
2229 39003
2230 33703
2230 49067
2231 12983
2231 19260
2231 44746
2233 2251
2233 44794
2235 20021
2235 43347
2236 8429
2236 44499
2236 46302
2238 48414
2240 16344
2240 34507
2241 2512
2241 42440
2242 12388
2244 17651
2244 26300
2244 44147
2245 5735
2246 24118
2247 5492
2247 15724
2247 28880
2248 6437
2248 18704
2248 26498
2248 30425
2250 3168
2250 16024
2250 36834
2251 5905
2251 11077
2251 17888
2251 25073
2251 48384
2252 13227
2253 30695
2254 33307
2255 39833
2256 2722
2256 5220
2256 29116
2257 42953
2258 6407
2258 21405
2260 11919
2262 11414
2263 13296
2263 14993
2264 3080
2264 4540
2264 10982
2264 31113
2265 32083
2266 7972
2266 35955
2266 39264
2267 22240
2267 29734
2267 46878
2268 41173
2269 28184
2269 32909
2270 2364
2270 10941
2270 29884
2270 44349
2271 10561
2271 20891
2272 8515
2272 17430
2272 24359
2272 33869
2272 41955
2273 16449
2273 31791
2274 5740
2275 17136
2275 20802
2275 26174
2275 38527
2275 42281
2276 34269
2276 36010
2277 7664
2277 31892
2279 4603
2279 19293
2279 23749
2279 29910
2279 30954
2279 32960
2279 35864
2279 42158
2280 15532
2281 23719
2281 28856
2282 3083
2282 7101
2282 35405
2283 27095
2284 13913
2284 22565
2284 28916
2284 46425
2286 3812
2286 16026
2286 33598
2288 22769
2288 42339
2289 14849
2289 47670
2289 49498
2290 23030
2290 32531
2291 14563
2291 46073
2292 3470
2292 29105
2293 13336
2294 4806
2295 28366
2296 26659
2296 46524
2297 16744
2297 37484
2298 45318
2299 10043
2300 33842
2300 42499
2301 12913
2301 14958
2301 33940
2301 47751
2302 29453
2302 34591
2303 13730
2304 15478
2304 16873
2304 24566
2304 41211
2305 13218
2305 44712
2306 16033
2306 20728
2306 24620
2306 45334
2306 46945
2306 48283
2307 19831
2308 5531
2309 9759
2310 13973
2310 45865
2311 5206
2311 20177
2312 37397
2313 12895
2313 22283
2314 34161
2314 40940
2314 43634
2315 11635
2317 24677
2318 13954
2319 24313
2319 29779
2319 37397
2319 42379
2320 18813
2320 26823
2320 40765
2321 33275
2321 40543
2322 28407
2324 11739
2325 25452
2325 30144
2325 35630
2325 39683
2325 44322
2325 48348
2326 33657
2327 22966
2328 24566
2329 7256
2329 21559
2329 27301
2330 9511
2330 17488
2330 46109
2330 47281
2331 24459
2332 29944
2333 14225
2333 24548
2333 25208
2334 3431
2334 42020
2336 28505
2337 11274
2338 22800
2339 28832
2340 11810
2341 28299
2341 38658
2341 41358
2342 48902
2343 41218
2344 32313
2344 35261
2345 17845
2346 36344
2350 14550
2351 22543
2351 27772
2351 30379
2351 35724
2352 11933
2352 15456
2352 25538
2352 32865
2353 6738
2353 20446
2354 18126
2355 30804
2355 49932
2356 5221
2357 14763
2357 35910
2357 40849
2358 17476
2358 33981
2358 48739
2359 11253
2361 6461
2361 14593
2361 42818
2362 14416
2362 19541
2362 23367
2363 11513
2363 35237
2364 21529
2364 45868
2367 6696
2368 2870
2368 5192
2368 29516
2368 38564
2368 44779
2368 45502
2368 49099
2369 3982
2370 24162
2371 9881
2371 34311
2371 42363
2372 5738
2372 44809
2373 21226
2373 45517
2374 2545
2374 8299
2374 30516
2376 46342
2377 7325
2377 13686
2377 47116
2378 44042
2379 5868
2379 24535
2381 38557
2381 40081
2382 20389
2383 20226
2383 40694
2385 9979
2385 11307
2386 38051
2387 14783
2387 18266
2388 18104
2389 46130
2391 2830
2391 33468
2393 24791
2393 27446
2394 13407
2394 37080
2395 38565
2395 40626
2396 6204
2396 18667
2396 36198
2396 46625
2397 34371
2398 4108
2398 23709
2398 24872
2398 25506
2398 31104
2399 35009
2399 49881
2400 10469
2400 13441
2400 28037
2400 43211
2401 37702
2402 6746
2402 35345
2403 11604
2403 32804
2404 15438
2404 34750
2405 32176
2406 11265
2406 18724
2406 23476
2406 26911
2406 45678
2407 30051
2408 14327
2408 29410
2408 41597
2409 5474
2410 26649
2410 29255
2410 41157
2410 48737
2411 12081
2411 18463
2411 24020
2411 38575
2411 40908
2412 11474
2412 43652
2413 4567
2413 5885
2413 25279
2415 18233
2415 29263
2416 13138
2416 22528
2416 28072
2417 9457
2417 25363
2418 37511
2419 7340
2419 10940
2419 18800
2419 39525
2420 4415
2421 10730
2421 34265
2423 19545
2425 18563
2425 44248
2425 44572
2426 3197
2428 6662
2428 19876
2428 28919
2429 22832
2429 37400
2431 45525
2433 39449
2434 27601
2435 33110
2435 44721
2436 3011
2436 6679
2438 33330
2439 5217
2439 37326
2440 5860
2440 18450
2440 41147
2440 45129
2441 4811
2441 12033
2441 28689
2442 6510
2442 13351
2442 28851
2443 30694
2444 31199
2444 41213
2445 22791
2446 2970
2446 28426
2447 28446
2447 38568
2447 40562
2447 42036
2447 48829
2448 15649
2449 16291
2449 43338
2450 44917
2451 24328
2451 48511
2452 20955
2452 43581
2452 47464
2453 22919
2454 2491
2455 18176
2455 28602
2455 33008
2456 26279
2457 4415
2457 13664
2457 46739
2458 10120
2458 12699
2458 44159
2459 26755
2460 9348
2461 4336
2462 16217
2462 22409
2462 27268
2462 31311
2463 4361
2463 13174
2463 14727
2463 16656
2463 29495
2464 8233
2464 17163
2464 32977
2464 36308
2465 4323
2465 7479
2465 12946
2465 40848
2466 29662
2467 7677
2467 24651
2467 45950
2468 14294
2468 33629
2469 18844
2471 47594
2471 48911
2472 4876
2472 21483
2472 26085
2473 13721
2473 36613
2475 30892
2475 33221
2476 4858
2476 20335
2476 27300
2476 33252
2477 19722
2478 4506
2478 30890
2478 33214
2478 46172
2479 44914
2480 20344
2480 28439
2480 42200
2481 35683
2481 38170
2481 43082
2481 43763
2481 47555
2482 21560
2482 45849
2483 32199
2484 19444
2484 48690
2485 9299
2485 29893
2486 10420
2486 14441
2486 37105
2488 12292
2488 22363
2488 24138
2488 38919
2488 42193
2491 2559
2491 11018
2491 30845
2492 2676
2492 24539
2492 37580
2492 40067
2493 35454
2495 7036
2495 12065
2495 39594
2496 22534
2497 26393
2497 34118
2497 45049
2498 42466
2499 6591
2499 31299
2499 46592
2500 8067
2500 12704
2500 15627
2502 44703
2503 26764
2504 12403
2504 24264
2504 40906
2505 13347
2506 23186
2507 5283
2507 47153
2509 16464
2509 20514
2510 31108
2510 37624
2511 5697
2511 5801
2512 4714
2513 33535
2513 39587
2513 48855
2514 20878
2514 30780
2515 18702
2516 6582
2516 17986
2516 24957
2517 26521
2517 45580
2518 23983
2518 29167
2518 33909
2518 38202
2519 49523
2520 41540
2521 14592
2521 16800
2521 26360
2521 48060
2522 40437
2522 41165
2523 30176
2523 39465
2524 21962
2525 33375
2525 40087
2525 45345
2526 8315
2526 21313
2527 26712
2527 34828
2527 45390
2528 21467
2528 32653
2528 46355
2529 4033
2529 9571
2529 17001
2529 18919
2529 33125
2529 44030
2530 36479
2531 9220
2531 14247
2531 37781
2532 6262
2532 13169
2532 25201
2533 29347
2534 13356
2535 44935
2536 8678
2536 33107
2536 36376
2537 16478
2537 20928
2537 33207
2537 38528
2537 40617
2538 8786
2538 33612
2538 45038
2539 25433
2540 42649
2541 21374
2541 35230
2541 42888
2542 22360
2542 24004
2542 24112
2543 5366
2543 12838
2543 28725
2544 22552
2544 25401
2544 26359
2545 9835
2545 38278
2546 3677
2546 13812
2547 3269
2548 14186
2549 7604
2549 43891
2551 15814
2551 29709
2551 47370
2554 7854
2555 39899
2556 10465
2556 16223
2556 36664
2556 45991
2557 34012
2557 39375
2558 14218
2558 36003
2560 5480
2560 34280
2562 27622
2563 3744
2563 17838
2563 42420
2563 44326
2564 19686
2564 33446
2565 17242
2565 18572
2565 36733
2566 36302
2567 17454
2567 18673
2567 45154
2568 21795
2569 23078
2569 31631
2570 6746
2571 32527
2572 24887
2572 26856
2572 40445
2573 17186
2573 32078
2573 32988
2573 42692
2574 18159
2574 25713
2575 16240
2575 21157
2575 29755
2576 41553
2576 47971
2576 49686
2577 23179
2577 36954
2578 14398
2578 23190
2579 4279
2579 9024
2579 28999
2579 29856
2580 7747
2580 19391
2580 35897
2582 14357
2582 20241
2582 35211
2582 43058
2584 28345
2585 11924
2585 43867
2586 18271
2586 22492
2586 48216
2587 45133
2588 24484
2588 32222
2589 3134
2589 41996
2589 44629
2591 34378
2591 43379
2592 25191
2593 16974
2593 23620
2593 25940
2593 36450
2595 3348
2595 32986
2597 5846
2597 15872
2598 4994
2598 25398
2599 17359
2599 21153
2599 30445
2600 7997
2600 21481
2600 42224
2601 13136
2601 13613
2601 18826
2601 32773
2601 32985
2601 38358
2601 41872
2602 10704
2603 6554
2603 21216
2604 20916
2604 49377
2605 26892
2605 49901
2606 5080
2606 34566
2607 15702
2608 14687
2609 11227
2609 21654
2610 3200
2610 5721
2610 14752
2610 42831
2610 47769
2611 32659
2611 35075
2611 41245
2612 6087
2612 23344
2612 31017
2612 32673
2613 10751
2613 15216
2614 23626
2614 33411
2614 39762
2616 12430
2616 18423
2616 32367
2617 23331
2617 25064
2617 36217
2618 27759
2618 38200
2618 45252
2619 7037
2619 12020
2619 22087
2620 5574
2620 26109
2621 4605
2622 42236
2622 43343
2624 19955
2624 37415
2625 16722
2625 48846
2625 49439
2626 20650
2627 4115
2627 24311
2627 28913
2628 13173
2628 18588
2629 38307
2630 4985
2630 7583
2631 15197
2631 15975
2632 30736
2633 8887
2633 24938
2633 28599
2634 22559
2636 12502
2636 14032
2636 15862
2636 23833
2636 27637
2637 16292
2637 21914
2637 45763
2638 13477
2639 44911
2640 48421
2640 49053
2641 26517
2642 34035
2643 14285
2643 23066
2643 28900
2644 9123
2644 27697
2644 36088
2644 39761
2645 32851
2646 15737
2646 43579
2647 16437
2647 32723
2647 38339
2648 35506
2649 17545
2649 23117
2649 28777
2650 20262
2651 10150
2652 9759
2652 16371
2652 21261
2652 34497
2652 35306
2653 19074
2653 25983
2653 30732
2654 21681
2654 24926
2654 46596
2655 8975
2655 17429
2655 23899
2655 45648
2656 13253
2656 37150
2656 38933
2657 3560
2657 15452
2657 24959
2658 3025
2659 13395
2659 21511
2660 15160
2660 43870
2661 10050
2661 28558
2661 30413
2662 12422
2662 18906
2662 37116
2663 3589
2663 22542
2665 7916
2665 13667
2665 34912
2667 8802
2668 11909
2668 29852
2669 34308
2670 15032
2670 17396
2670 19832
2670 45183
2671 18384
2671 28311
2671 31477
2673 20907
2673 25292
2673 49222
2674 29976
2674 40209
2674 41886
2675 9602
2675 12800
2675 36463
2676 7559
2676 45467
2676 49622
2677 29723
2679 21311
2680 22312
2681 28562
2681 35641
2682 6586
2683 19095
2683 45036
2684 16663
2684 25429
2685 14784
2685 33522
2685 47366
2686 6278
2686 15475
2687 20998
2687 23545
2689 17847
2689 29658
2689 43487
2690 28769
2691 19199
2691 35411
2692 28585
2692 41233
2693 7471
2693 29135
2694 14192
2694 28181
2694 38404
2694 47201
2695 33959
2696 9275
2696 13102
2696 21217
2696 35200
2697 7380
2698 43294
2699 10372
2699 21558
2699 33494
2700 47664
2701 27219
2701 36031
2703 18544
2703 36673
2704 27341
2704 32799
2705 34545
2706 20399
2706 26068
2706 45624
2706 48234
2706 48383
2707 15647
2707 38542
2708 22075
2708 27592
2708 40834
2708 48519
2708 49986
2709 14512
2709 49831
2710 36715
2711 8648
2712 24305
2712 25994
2712 42429
2713 9039
2714 24594
2714 37517
2714 39829
2715 13248
2715 25550
2715 33781
2715 38726
2716 21212
2716 35133
2717 16043
2718 30371
2719 2871
2720 41454
2721 29048
2722 19643
2723 28714
2724 39835
2725 8938
2725 45624
2726 24658
2727 3525
2727 40253
2728 2756
2728 28537
2729 20352
2730 3477
2730 37230
2731 46595
2732 20388
2732 29825
2732 47612
2733 10771
2733 14641
2733 25721
2735 24623
2737 25672
2737 48926
2738 11830
2738 13637
2739 19919
2739 36307
2740 26497
2740 49890
2741 11528
2741 13765
2741 18058
2742 18679
2742 24658
2742 34476
2742 42057
2743 11844
2744 41615
2745 44986
2747 38698
2747 49907
2748 47979
2749 4333
2749 4771
2749 48614
2750 13723
2750 19987
2750 41271
2750 49367
2751 16574
2751 20895
2752 12335
2752 31809
2753 40894
2754 22536
2754 45156
2754 47339
2755 2850
2755 18644
2755 26926
2756 8028
2757 12139
2757 26605
2757 44588
2758 4615
2759 30583
2759 41148
2760 5079
2761 5858
2761 13940
2762 23156
2762 35133
2762 43358
2763 8389
2763 12761
2765 44114
2767 33130
2767 33247
2768 10498
2768 28942
2769 4023
2769 17746
2770 26007
2770 28925
2770 36923
2771 13090
2771 23007
2771 25202
2771 42155
2772 22795
2772 34011
2773 7298
2773 14502
2773 28835
2773 46191
2774 6435
2774 19408
2774 36415
2774 38577
2775 14017
2775 25530
2776 16604
2776 42313
2777 4876
2777 13582
2778 17886
2779 45694
2780 4671
2780 17453
2780 30019
2782 10431
2782 25805
2782 40267
2782 42121
2783 14982
2783 25624
2784 20784
2784 20927
2785 10769
2787 35370
2787 48648
2789 42843
2790 24033
2791 44902
2792 37093
2792 39689
2792 39756
2792 46553
2794 23376
2795 12556
2795 26693
2795 36476
2795 39478
2796 18926
2797 9616
2797 11186
2797 21728
2798 33117
2798 37761
2799 4639
2799 16719
2799 20856
2800 41591
2801 3412
2801 25136
2801 35816
2802 19264
2802 43292
2803 21042
2803 22235
2803 30397
2803 49451
2804 34103
2804 45470
2805 18774
2806 27626
2808 9341
2808 10591
2808 35221
2808 43995
2809 26506
2809 35934
2810 5438
2810 27490
2811 22716
2815 20291
2815 47945
2816 11866
2816 12811
2817 27263
2818 35533
2819 3801
2819 21152
2821 47652
2822 6114
2822 23933
2824 46483
2825 15913
2826 18153
2827 22107
2829 42672
2829 47323
2831 3592
2831 17799
2831 33789
2832 19971
2833 30124
2834 23762
2834 34642
2834 43033
2835 9294
2835 31291
2835 31655
2836 13251
2838 41869
2839 13600
2839 14037
2840 8682
2840 26789
2840 38798
2841 25015
2841 29033
2842 20413
2842 26990
2842 44408
2844 25936
2844 48102
2845 10651
2845 18833
2845 32539
2845 48526
2846 10171
2846 40654
2847 17476
2848 11331
2848 28222
2849 6797
2849 15300
2849 24902
2849 24927
2849 41109
2850 8342
2850 38982
2850 40924
2850 48928
2851 43807
2852 3804
2852 23092
2852 47444
2853 44215
2853 49645
2854 16505
2854 43801
2854 49778
2855 16739
2856 11053
2856 11450
2856 18737
2857 15648
2858 13402
2859 21404
2860 4168
2860 40769
2861 36139
2861 40351
2862 13190
2862 17046
2863 5104
2863 10737
2863 24028
2863 28293
2863 42737
2864 31435
2865 28095
2865 44575
2865 48644
2867 4577
2867 18880
2868 21607
2869 14827
2869 28529
2869 38465
2870 16066
2870 25690
2870 41977
2870 49692
2871 12504
2872 6388
2873 11605
2873 12010
2873 21649
2873 23863
2874 5195
2874 12883
2874 26847
2876 14055
2876 17602
2876 19620
2876 46598
2877 18776
2878 10431
2878 27948
2878 44061
2878 44577
2879 36405
2880 24176
2881 25467
2881 49760
2882 7530
2882 12633
2882 18659
2883 27140
2885 4884
2885 7283
2886 25317
2886 36992
2887 18389
2887 28961
2887 38340
2887 47936
2889 30651
2891 28100
2891 46642
2892 4473
2892 38084
2893 15367
2894 7321
2894 19834
2894 20129
2894 28297
2895 5253
2895 28002
2895 35086
2895 48630
2896 8654
2897 19827
2897 22705
2897 29612
2898 20374
2901 30918
2902 45661
2902 46727
2903 25424
2903 27148
2903 41207
2903 41474
2904 26342
2905 29920
2907 36594
2908 10851
2908 15756
2908 45450
2910 17378
2911 22711
2912 35857
2912 46823
2913 30112
2913 34873
2915 13464
2915 17647
2915 42908
2916 3373
2916 11312
2916 21789
2916 22824
2916 26793
2916 48225
2917 16655
2917 20617
2917 37564
2918 11260
2918 30700
2919 14129
2919 32705
2919 37906
2920 15177
2920 16433
2920 23696
2920 38198
2920 38248
2920 44430
2921 16027
2921 36203
2921 37927
2922 7653
2922 38682
2923 15935
2923 16753
2923 38792
2924 49306
2925 39523
2926 19126
2926 25486
2927 9482
2927 23490
2927 24029
2927 29906
2927 45246
2928 41622
2929 16532
2930 33561
2931 35473
2933 35133
2933 49442
2934 8733
2934 28173
2935 3428
2935 8527
2935 33441
2936 24570
2936 31080
2936 39591
2937 28950
2938 7614
2938 46765
2939 4268
2939 13194
2939 18923
2939 34428
2940 37888
2941 27368
2941 48494
2941 49908
2942 22982
2943 10075
2943 26884
2943 39694
2944 4433
2944 29844
2944 30927
2944 39813
2945 35710
2946 5166
2946 14209
2946 30249
2946 35697
2947 47209
2948 43120
2949 11522
2949 15046
2950 5993
2951 17774
2952 7518
2952 28292
2952 28470
2953 24010
2953 45152
2954 6038
2954 32274
2954 46568
2956 12547
2956 21166
2956 21320
2957 31223
2957 45672
2958 5307
2958 29493
2958 46647
2960 12763
2960 38460
2961 46760
2962 21004
2962 29680
2964 34904
2964 44583
2965 15756
2965 48204
2967 8737
2967 37215
2968 4115
2968 23485
2969 13383
2969 26628
2969 42301
2970 18075
2970 31127
2970 40687
2971 14724
2971 23885
2972 13633
2972 48966
2973 26242
2973 36622
2973 37789
2973 44910
2974 6167
2974 9056
2974 18650
2974 22941
2974 43073
2974 49883
2975 5493
2975 35828
2976 12135
2976 23030
2976 23990
2976 24089
2976 38866
2977 21375
2978 42920
2979 5580
2979 13284
2979 31231
2980 4057
2980 40439
2982 16901
2982 41595
2983 17486
2985 18047
2985 29588
2986 6421
2986 12282
2986 16516
2986 18630
2986 26309
2986 29654
2987 14985
2990 4117
2990 5750
2990 10896
2992 6711
2993 7195
2993 15712
2994 24413
2994 40066
2995 38100
2995 45406
2996 25606
2997 20334
2997 31641
2997 41585
2998 37345
2999 33679
2999 37831
3000 12862
3000 15847
3000 38893
3001 13536
3001 25933
3001 41464
3003 3132
3003 3330
3003 4539
3003 18954
3003 43288
3003 44184
3006 31660
3006 34209
3007 17409
3007 28195
3008 44817
3008 46151
3009 41789
3010 8869
3010 42150
3010 44474
3010 48315
3011 4555
3011 34169
3011 42182
3015 27414
3015 30354
3015 47432
3016 3733
3016 35187
3016 36489
3016 38085
3018 18603
3019 4799
3019 17062
3019 21411
3019 41763
3019 47770
3020 34273
3021 28083
3023 18328
3024 3460
3024 21579
3024 31913
3025 17179
3025 34064
3026 3167
3026 14406
3026 17889
3027 19745
3028 44708
3030 17249
3031 24108
3032 16504
3032 46252
3033 48255
3034 5382
3034 20699
3034 36280
3034 43122
3034 45009
3034 45442
3035 19730
3036 14845
3036 36280
3037 23364
3039 48683
3041 11892
3041 33707
3042 23797
3042 25731
3042 29411
3042 31065
3043 31382
3043 40713
3043 45487
3043 48180
3043 48699
3043 49483
3044 41414
3045 17239
3045 37602
3046 46404
3047 19665
3047 27545
3047 49794
3048 27266
3049 40968
3049 47821
3050 11260
3051 49305
3052 10990
3052 40437
3055 12812
3055 41994
3055 42381
3055 46493
3056 5402
3056 13437
3056 15112
3056 18439
3056 49275
3057 9631
3057 19666
3057 29879
3058 28830
3058 45901
3059 7969
3059 17565
3059 19353
3059 31533
3059 37463
3060 47711
3061 3330
3061 21272
3062 42031
3063 8768
3063 18388
3063 20846
3063 30047
3063 42872
3064 46485
3066 6121
3066 17957
3066 27710
3066 36379
3067 24718
3067 31548
3068 33895
3068 38691
3068 45741
3069 13757
3069 14327
3072 18672
3072 30021
3072 33254
3072 35018
3073 23004
3073 32189
3074 15815
3074 37440
3075 26265
3076 20084
3076 20389
3077 12822
3077 17366
3077 23239
3078 31785
3078 34549
3078 42782
3079 10445
3080 17898
3080 34056
3080 39783
3081 25694
3082 11704
3083 14608
3083 18425
3083 45453
3084 16323
3084 16637
3085 27322
3086 4946
3086 44366
3087 20899
3087 38788
3089 20143
3090 24826
3092 11140
3092 26441
3092 34315
3092 36728
3092 38996
3093 15555
3093 43282
3094 11218
3094 44513
3095 5346
3095 12003
3096 13590
3098 11033
3100 20677
3100 30480
3102 20713
3102 27812
3102 31636
3102 37365
3102 45214
3103 47392
3104 40982
3106 9528
3106 12495
3106 28284
3106 33616
3106 39692
3106 45047
3106 46672
3107 7206
3107 15327
3107 29937
3107 46178
3108 13288
3108 18682
3110 5849
3110 26001
3110 36666
3110 46152
3111 15685
3111 33098
3112 25076
3113 15717
3113 18809
3114 15368
3114 21208
3114 45122
3115 13082
3116 23051
3116 31108
3116 35873
3117 43405
3118 32607
3118 37485
3118 43291
3119 10464
3119 15293
3120 4051
3121 15241
3121 23285
3124 4284
3124 35747
3125 5373
3125 17784
3125 21725
3125 41426
3125 43424
3126 12161
3126 20045
3126 30832
3127 26677
3127 29908
3127 35206
3127 35238
3128 3838
3128 13950
3129 18419
3130 34500
3130 41569
3131 41358
3132 9150
3132 15969
3132 16309
3132 19622
3132 21255
3132 44171
3134 13771
3134 15545
3134 19716
3134 22270
3135 31936
3136 7753
3136 33713
3138 7749
3139 47921
3140 9381
3140 21021
3140 39790
3141 4761
3141 6044
3141 43568
3142 11562
3142 19240
3142 22370
3143 6963
3143 29573
3143 47006
3145 44623
3146 40158
3147 14889
3147 33512
3148 18704
3148 24578
3149 5635
3149 8149
3149 48222
3150 17799
3150 37152
3151 4749
3151 12173
3152 16572
3152 35932
3152 38471
3153 29704
3153 37662
3155 9325
3155 11026
3155 21625
3156 26863
3158 30414
3158 38731
3159 43551
3160 7310
3161 8969
3161 16282
3161 37293
3162 29192
3162 42769
3162 44942
3162 46214
3163 11253
3163 40665
3164 33258
3165 22372
3165 48913
3167 36408
3167 40627
3167 46148
3168 45014
3169 5713
3169 30398
3170 27494
3170 32913
3170 42902
3171 21285
3172 35652
3172 40544
3173 22787
3174 11657
3174 12441
3174 19858
3175 47669
3176 18149
3176 23818
3176 47090
3177 7393
3177 14941
3178 6341
3179 23851
3181 9848
3181 10170
3182 11429
3182 14911
3183 29607
3183 39564
3184 16199
3186 23944
3186 34679
3187 5978
3187 22940
3187 45572
3188 3818
3188 31079
3188 44060
3188 44962
3189 9384
3189 18904
3189 39699
3190 5156
3190 14950
3191 9097
3191 20000
3192 29273
3192 37963
3193 7892
3193 15292
3195 10000
3195 46652
3195 49177
3196 35980
3197 18703
3197 25128
3197 28921
3198 9822
3198 16299
3198 28511
3198 29923
3198 46422
3199 45994
3200 10378
3200 36842
3201 5911
3201 41415
3202 7928
3204 38697
3204 48208
3205 9242
3205 25832
3205 30940
3206 3967
3206 38501
3207 4608
3207 21561
3207 25447
3207 40304
3208 5332
3208 44574
3209 45906
3210 46806
3210 48996
3211 9689
3211 12342
3211 20967
3211 26761
3211 42230
3212 6700
3212 15716
3212 27320
3212 29810
3212 43084
3212 47890
3213 15834
3213 35905
3213 38842
3216 47205
3217 25839
3217 25978
3218 14937
3218 26929
3219 37351
3220 11603
3220 43728
3221 24246
3221 24497
3222 22454
3223 18122
3223 27312
3223 36537
3224 21373
3224 31457
3225 32929
3225 40882
3226 11505
3226 17600
3226 41963
3227 9574
3227 13059
3227 13447
3227 21302
3228 40320
3229 13625
3230 11252
3230 23863
3230 25671
3232 6269
3233 8463
3233 14315
3233 30366
3234 16599
3234 20496
3234 29201
3234 41144
3235 4793
3235 7894
3235 9691
3235 31201
3235 42954
3236 12182
3236 15713
3237 17822
3237 18369
3237 31919
3237 41833
3242 22555
3242 26585
3243 45092
3244 25820
3244 26182
3245 6155
3245 8459
3245 16874
3245 40440
3247 28137
3247 33636
3247 34510
3247 40147
3247 40786
3247 45477
3248 7679
3248 35652
3249 38370
3250 13955
3250 24169
3251 10553
3251 20787
3251 48256
3252 6989
3252 44034
3253 20227
3254 46561
3255 44716
3256 8624
3256 18201
3256 20089
3256 21674
3257 9403
3257 13151
3258 24053
3258 39132
3259 34497
3260 11925
3260 13751
3261 10192
3261 14919
3261 36506
3261 37554
3261 41644
3262 23494
3262 31675
3263 4887
3263 30233
3264 13143
3264 30856
3264 40566
3265 12222
3267 25917
3268 20932
3268 24161
3268 27968
3268 28868
3269 3691
3269 20230
3270 21850
3270 46658
3271 4069
3271 19080
3273 34844
3273 39480
3273 44619
3274 34987
3277 10670
3277 16202
3278 32974
3279 4599
3279 21118
3280 36819
3281 10331
3281 10859
3281 18973
3281 41267
3282 16798
3282 20020
3282 33202
3283 41052
3285 12840
3285 27448
3286 6190
3287 21295
3287 21849
3287 29278
3287 30978
3289 8416
3289 29471
3289 33192
3290 11864
3290 12194
3290 20614
3291 14012
3291 18844
3291 21172
3292 3505
3292 28968
3292 30245
3292 49590
3293 20857
3294 37022
3294 39194
3298 46235
3299 10017
3301 5141
3301 10422
3301 25684
3302 47085
3303 16661
3303 22110
3303 34391
3304 13651
3304 33036
3304 40562
3304 41914
3304 47033
3305 11520
3305 33343
3305 35730
3306 34839
3307 39524
3308 9725
3309 8298
3309 26225
3309 40188
3310 5074
3310 19308
3310 36599
3310 45616
3312 4895
3312 33827
3312 49777
3313 28533
3313 39322
3314 15247
3314 20663
3314 31404
3315 21729
3316 32964
3316 34929
3319 8722
3319 11158
3320 30443
3320 34530
3321 45268
3322 7348
3322 26629
3322 33715
3322 49365
3324 32124
3324 32553
3325 24784
3326 13709
3326 21845
3326 36405
3327 24157
3327 28314
3327 43501
3327 45069
3328 11383
3328 36921
3329 16074
3329 33487
3331 5748
3331 15416
3331 15850
3331 24422
3331 24524
3331 47697
3332 5327
3333 5038
3333 10880
3333 33890
3334 9912
3334 20900
3335 21105
3336 17131
3336 18970
3336 21070
3336 31475
3336 43530
3337 30705
3338 36323
3338 40264
3339 5196
3339 23068
3340 39904
3341 10621
3341 45214
3341 49775
3342 3881
3342 19451
3344 31254
3344 42011
3346 29974
3347 8575
3347 37931
3349 30084
3349 36832
3349 38875
3351 16952
3351 34799
3352 7810
3352 11002
3352 28543
3353 15431
3353 22982
3354 6608
3354 28257
3355 9821
3355 35028
3356 19720
3356 21452
3356 29696
3356 31880
3357 18843
3357 29114
3358 15485
3358 17112
3358 23873
3358 23935
3358 24906
3358 32856
3361 13310
3362 27672
3362 27934
3362 36638
3363 13484
3363 18362
3363 18403
3363 45229
3363 49455
3364 16930
3364 25299
3364 27454
3365 19236
3366 5884
3366 14388
3367 24377
3367 26639
3367 27522
3369 25233
3370 6046
3370 7575
3370 44472
3371 31227
3371 42493
3372 7096
3372 27319
3373 10210
3373 31600
3375 39426
3375 40094
3376 23646
3376 35080
3377 46262
3378 5016
3378 7856
3380 4314
3380 33712
3381 18073
3381 26366
3382 46500
3383 3999
3383 24578
3383 41972
3383 48819
3384 5713
3384 25617
3384 49062
3385 17697
3386 18606
3386 40722
3387 43684
3388 17303
3388 20385
3388 46443
3389 3764
3389 11208
3389 36192
3392 9440
3392 13953
3392 49691
3393 24235
3394 16340
3394 45004
3395 30150
3395 46753
3396 8718
3396 19050
3396 21932
3396 24735
3396 41389
3396 44192
3397 31605
3397 35240
3398 23678
3398 23848
3398 43185
3399 37166
3399 44176
3400 10961
3400 41574
3400 44195
3401 13067
3401 18584
3401 41326
3402 16702
3403 46221
3404 27151
3404 28438
3404 42019
3405 5247
3405 14752
3406 15660
3407 4465
3409 4072
3409 14762
3409 27199
3409 29314
3409 43786
3410 10009
3411 5556
3411 16042
3411 20424
3412 11012
3412 19529
3412 44172
3412 45033
3413 36209
3414 16068
3414 24199
3414 30368
3415 16325
3415 29237
3415 29872
3415 37469
3416 4373
3416 38991
3416 39764
3417 6050
3418 26965
3418 36607
3418 49012
3419 7876
3419 10503
3419 18343
3419 25821
3419 27701
3420 44764
3421 24833
3421 26030
3421 49355
3422 5692
3422 27356
3422 33274
3423 32318
3423 35717
3424 3454
3424 48434
3425 9407
3425 14847
3425 14967
3425 47463
3425 49830
3426 4323
3426 22439
3427 34862
3428 15530
3428 15814
3428 34972
3428 35436
3429 35919
3430 23997
3430 46440
3431 35819
3432 5120
3432 10259
3432 41856
3433 9650
3434 12501
3434 16921
3435 10406
3435 38963
3436 11117
3436 23757
3436 36114
3436 45965
3438 22149
3439 3541
3439 10861
3440 20812
3441 31145
3442 11163
3442 21460
3442 25850
3442 28221
3443 8281
3443 24129
3444 34755
3445 17727
3446 6418
3446 31269
3447 44973
3447 45156
3448 4050
3449 21406
3452 6395
3452 23016
3452 30286
3453 36816
3454 8463
3454 9739
3454 15622
3454 31430
3455 10503
3455 19118
3456 41167
3457 5612
3458 25160
3459 22824
3460 10604
3460 12209
3460 23055
3461 7776
3462 24197
3463 31614
3463 42314
3464 33760
3466 6286
3466 15758
3466 21598
3466 25465
3469 19337
3471 8135
3471 11612
3471 42540
3472 7387
3472 13935
3472 32323
3472 33880
3473 4386
3473 23573
3473 35032
3473 44374
3474 21214
3474 35827
3475 28933
3475 42899
3476 11704
3476 16538
3476 49138
3476 49942
3477 23224
3477 48268
3478 19191
3478 39452
3480 12608
3480 23230
3480 38218
3480 49644
3481 9092
3485 8240
3486 12230
3486 45968
3488 8728
3488 19110
3488 30131
3489 4020
3489 4947
3489 34136
3489 35779
3489 36711
3490 38402
3491 35198
3491 45749
3492 12549
3492 24556
3492 24833
3493 5499
3493 23128
3494 33823
3495 33089
3496 21374
3496 28618
3497 14176
3497 20219
3497 20469
3497 25394
3497 26057
3497 42048
3498 20365
3498 37138
3499 24858
3499 43723
3499 47269
3500 7043
3500 12091
3500 35498
3501 8801
3501 15602
3501 44544
3502 18695
3504 19922
3504 32030
3504 37680
3504 45961
3505 23811
3506 19418
3507 31241
3507 44188
3508 18796
3512 20973
3512 45608
3513 13230
3513 28819
3513 28842
3513 31812
3514 4576
3515 16020
3516 5124
3517 10323
3517 30911
3518 4271
3518 49472
3519 36023
3520 43709
3521 6393
3521 21623
3521 35210
3522 33558
3522 35489
3523 31001
3523 33718
3523 38212
3524 23221
3524 29233
3525 14795
3525 23209
3526 7136
3526 45071
3528 4132
3528 5641
3528 15866
3528 24317
3529 28323
3529 41922
3532 32625
3533 19513
3533 27177
3533 32069
3534 16777
3534 18062
3534 19593
3534 29242
3535 16647
3536 14622
3536 20781
3536 36846
3537 9723
3537 26511
3537 38450
3537 45228
3537 49916
3538 17474
3538 41953
3539 29972
3540 13837
3541 32048
3541 43267
3543 32419
3543 49060
3544 11980
3544 12025
3544 20488
3544 26291
3544 42697
3546 27654
3546 35134
3547 12528
3547 27319
3547 29610
3547 33085
3547 43482
3550 4958
3550 26358
3550 45941
3551 33941
3552 30373
3552 38962
3552 46616
3553 10111
3553 15013
3553 25659
3553 34070
3554 7918
3555 16543
3555 19896
3555 27429
3556 4433
3557 4007
3557 33025
3559 42097
3560 48630
3562 22315
3562 28722
3562 43495
3563 45412
3565 42583
3565 44562
3566 18195
3566 32050
3567 13384
3567 26848
3567 29499
3568 16931
3568 31938
3568 34309
3570 5378
3570 19479
3570 39692
3572 10375
3572 25618
3572 26008
3573 32349
3573 33684
3573 34573
3573 36739
3573 48233
3574 12159
3574 15427
3575 3602
3575 37571
3575 44711
3576 22116
3576 26384
3576 41096
3576 41190
3577 9502
3577 40609
3577 42634
3577 43992
3578 14263
3578 19430
3579 15997
3580 25782
3580 43290
3581 5776
3581 7400
3582 16459
3582 28849
3582 47643
3584 49724
3585 24969
3586 15918
3587 4793
3587 18782
3588 31502
3590 5755
3590 32444
3591 11133
3592 37848
3592 45517
3593 4536
3593 4570
3593 22614
3594 34831
3595 9205
3596 31838
3596 45052
3597 25624
3597 49832
3598 10774
3599 19532
3599 30174
3599 41109
3600 18775
3601 18525
3601 36754
3602 11407
3602 47088
3603 44868
3604 5805
3604 36978
3605 4774
3605 27853
3606 21639
3606 25616
3606 42163
3606 47432
3607 44951
3608 16850
3609 16110
3609 18769
3609 26407
3609 40431
3611 13860
3611 16668
3612 9340
3612 48741
3613 23396
3613 24549
3613 37031
3613 49708
3614 4096
3614 49393
3615 43474
3616 9930
3616 29845
3616 41429
3617 4396
3617 26194
3617 44936
3619 36767
3620 19152
3620 39460
3621 5574
3621 24707
3621 30465
3622 5028
3622 6904
3623 8345
3623 23991
3626 9096
3626 15607
3626 18030
3626 36598
3626 47478
3627 14022
3627 41420
3628 27452
3628 47318
3630 9916
3630 31469
3630 45410
3631 18715
3631 45207
3632 7460
3633 17316
3633 32321
3634 34429
3634 39101
3636 20508
3638 14623
3639 15919
3639 45611
3640 45514
3640 45861
3641 31191
3643 23316
3644 6017
3644 10296
3644 21951
3644 46315
3645 5555
3645 31582
3647 30750
3647 43433
3648 10932
3648 22077
3649 19119
3649 29756
3649 35492
3650 18258
3651 12813
3651 30953
3651 42792
3652 9058
3652 15402
3653 14552
3653 21558
3656 29067
3656 29997
3656 39421
3657 8718
3657 19214
3657 41035
3658 47125
3658 47918
3659 11525
3659 24943
3659 26887
3659 46734
3660 11698
3660 25031
3660 28387
3660 38384
3661 49065
3662 25555
3662 26583
3662 30682
3663 7927
3663 9763
3663 43313
3664 44077
3665 42223
3665 42802
3666 20374
3667 33868
3667 38214
3669 20823
3670 49733
3671 23480
3672 8235
3672 10331
3672 14309
3672 36179
3672 37068
3673 10650
3673 13467
3673 37420
3674 6189
3674 12044
3674 18382
3674 34547
3675 46604
3676 7066
3676 43164
3676 44070
3677 10777
3677 30717
3680 16723
3680 40475
3681 4801
3681 14928
3681 16777
3681 22680
3681 30180
3682 32997
3682 38576
3682 46036
3682 48715
3683 13758
3683 33189
3684 7369
3684 47856
3686 6093
3686 7176
3686 8454
3686 26523
3686 38161
3687 15975
3687 32155
3688 31870
3688 46542
3689 18349
3691 11412
3691 15295
3692 45289
3693 32145
3694 25750
3694 40811
3695 23000
3695 27813
3696 20242
3696 24314
3696 35116
3696 46368
3696 46975
3697 49119
3698 20082
3698 25433
3699 47783
3700 46992
3702 31572
3703 16330
3703 25029
3704 49544
3705 9161
3705 32556
3706 19910
3706 21338
3706 43927
3706 49079
3707 30569
3708 24328
3709 27755
3709 35173
3709 39331
3709 41560
3710 10493
3710 15218
3710 16448
3710 38741
3712 26818
3712 40980
3713 11481
3713 37587
3714 21841
3714 38934
3715 10621
3715 27781
3716 8964
3716 28844
3717 10388
3717 36887
3717 41666
3717 42546
3719 14024
3719 14593
3719 19846
3719 21867
3720 28966
3720 35314
3721 5282
3721 9047
3721 14045
3721 20628
3721 36623
3721 47086
3724 6693
3724 47986
3725 17728
3726 10485
3726 25762
3726 40384
3726 41210
3727 46902
3728 9016
3728 33037
3730 14325
3730 15751
3730 42285
3731 16269
3731 31642
3731 35102
3731 42975
3732 7369
3733 22895
3734 16723
3734 40452
3735 15510
3735 23931
3735 27071
3737 18297
3737 31302
3737 32221
3737 35983
3737 41893
3738 7060
3738 32983
3739 16748
3739 20134
3739 45520
3740 36713
3741 7385
3742 6345
3742 9578
3744 46435
3745 10549
3745 15620
3745 31651
3746 39161
3747 7533
3748 31707
3749 43797
3752 16146
3752 28411
3752 34482
3754 20112
3754 44839
3756 21802
3757 24325
3758 10229
3758 28732
3758 37151
3758 40138
3759 43475
3760 6335
3760 16607
3760 21528
3761 15105
3761 26297
3762 12766
3762 13622
3762 22794
3764 49149
3765 40069
3766 16763
3766 17379
3766 30139
3767 25633
3767 37341
3768 28947
3768 36808
3769 21204
3769 32791
3770 19422
3770 35096
3771 5635
3771 19045
3772 6015
3772 32785
3773 44639
3773 48034
3774 14906
3774 26880
3775 14929
3777 27391
3778 9859
3778 36224
3781 28797
3781 44762
3782 13554
3782 40363
3782 45485
3783 20189
3783 23964
3784 10281
3784 20628
3785 15127
3786 22113
3786 23891
3786 42108
3786 46154
3787 30752
3788 36975
3788 46551
3788 47655
3789 12045
3790 31326
3790 48360
3791 11056
3791 31147
3791 48697
3792 21311
3792 35077
3792 37459
3792 45602
3792 48546
3793 5336
3793 12709
3793 21749
3794 10652
3794 22027
3795 29955
3795 30358
3795 43283
3795 44012
3796 43307
3797 12602
3797 34934
3798 20856
3798 36286
3798 46454
3799 10560
3799 19580
3799 19760
3799 46273
3800 21246
3800 38435
3801 36272
3801 38111
3802 9560
3802 14112
3802 19183
3802 35353
3803 20875
3803 31450
3803 45097
3804 41477
3806 18650
3806 22738
3806 32360
3807 7288
3809 30874
3810 10013
3810 13774
3810 14676
3810 31601
3810 39614
3810 42984
3811 18378
3812 28806
3812 34798
3812 38303
3813 5102
3813 16823
3814 5912
3814 17900
3816 20767
3816 22656
3817 5271
3817 7279
3817 33730
3818 4899
3818 33919
3818 35217
3818 40049
3819 10037
3820 18862
3821 31297
3821 38364
3821 44669
3822 20240
3822 20821
3822 28896
3822 40243
3822 45156
3823 6479
3823 37343
3824 35298
3824 36857
3824 44512
3825 10782
3825 23736
3825 41450
3826 4160
3826 5831
3826 45899
3827 45751
3828 8114
3828 20429
3828 22546
3828 24090
3829 7198
3830 30783
3831 39578
3831 42142
3831 42398
3833 8682
3833 31731
3834 21878
3835 28642
3836 8762
3836 21082
3836 42516
3837 14198
3837 39307
3837 49928
3838 32556
3839 4229
3839 10651
3841 31934
3841 40824
3842 11185
3842 13181
3842 13666
3843 17697
3843 49931
3844 6867
3844 28930
3844 40706
3845 4560
3845 46409
3847 6119
3847 44239
3848 7347
3848 25453
3848 32914
3849 25348
3849 30749
3849 36859
3850 23394
3851 42206
3851 45688
3852 17284
3852 26786
3853 15454
3853 22028
3853 35320
3853 37908
3854 41966
3855 17266
3855 26603
3855 47097
3856 14611
3856 34216
3857 20061
3857 36898
3857 41719
3857 44784
3858 24383
3858 30045
3859 8967
3859 35983
3860 27562
3861 31767
3861 45483
3862 34084
3862 40824
3863 6175
3864 6952
3864 14326
3864 47313
3865 5999
3865 10688
3865 22183
3865 47342
3866 14592
3866 34732
3866 35482
3867 14399
3868 7460
3868 11518
3868 31808
3868 37515
3869 7332
3869 21358
3869 26307
3869 27018
3869 35759
3869 41222
3870 36782
3870 48500
3871 45475
3872 18432
3872 26600
3872 38691
3872 48206
3873 32900
3873 33722
3873 35975
3875 5752
3875 39291
3876 33504
3876 34378
3876 49738
3877 18216
3877 20598
3877 48052
3878 49004
3879 47764
3880 42736
3880 46219
3881 12387
3881 18415
3881 30957
3882 26531
3882 30577
3882 41527
3883 7050
3884 40933
3885 6355
3885 13137
3885 23020
3885 35748
3885 46933
3888 33442
3888 43413
3889 9390
3889 36901
3890 9618
3891 13325
3891 14108
3892 25114
3892 25521
3892 26237
3893 28886
3893 41359
3896 46770
3897 15566
3897 21028
3897 24220
3898 37563
3899 13588
3899 23481
3899 30846
3900 26841
3900 31976
3903 16630
3904 19066
3904 48421
3905 8336
3905 10617
3905 21452
3906 7037
3906 45232
3906 45785
3907 31678
3907 37195
3908 35560
3909 39204
3910 12074
3910 44188
3910 45773
3911 39370
3912 10530
3912 20346
3913 8354
3913 48013
3915 8973
3915 27111
3915 44138
3915 46786
3916 17832
3916 26864
3916 28740
3916 37079
3918 18942
3918 41305
3918 46231
3919 17225
3920 10722
3921 8563
3921 13154
3921 30169
3922 34344
3922 47390
3924 16188
3925 9557
3925 23862
3926 30723
3928 8203
3928 14419
3928 20588
3929 17639
3929 20228
3929 26158
3929 40010
3929 40744
3930 39401
3931 27575
3931 35066
3931 44628
3932 14843
3932 36293
3933 8789
3934 6383
3934 40303
3934 43827
3935 12216
3935 30328
3935 35945
3937 13017
3937 18921
3937 20426
3937 28357
3939 25732
3940 46607
3941 21842
3941 36609
3941 43110
3942 11876
3942 19166
3942 19397
3942 44829
3943 23412
3943 27347
3944 9893
3944 16729
3944 36364
3945 5213
3945 16754
3945 37478
3946 38983
3946 41213
3947 16327
3947 29245
3947 33982
3947 41983
3948 13371
3948 17569
3948 19724
3950 26220
3951 4375
3951 25133
3953 18252
3954 40477
3954 47827
3955 22985
3955 25210
3955 37243
3956 12115
3956 12635
3956 13835
3957 9260
3958 4606
3961 18683
3961 22964
3962 31372
3962 37589
3963 42414
3963 49446
3964 7745
3964 22492
3964 35523
3965 16907
3965 45318
3968 7351
3968 8883
3968 18514
3968 39224
3969 26980
3969 46683
3970 11181
3970 25703
3971 14310
3971 35008
3971 47546
3971 48704
3972 28119
3972 28507
3972 32564
3972 38698
3974 19716
3974 24041
3974 24905
3975 49000
3976 38780
3976 43824
3977 29697
3977 49015
3979 7920
3979 21669
3980 23638
3980 33171
3981 11076
3981 19279
3981 26370
3981 30412
3982 9267
3982 45957
3983 15097
3983 39146
3984 26030
3984 32832
3985 31002
3986 7749
3987 26536
3988 45632
3988 49977
3989 20954
3992 36198
3992 48173
3993 7634
3993 23597
3993 28295
3994 18009
3996 11544
3996 36835
3997 8670
3997 17111
3998 22517
3998 31622
3999 4798
3999 8745
3999 25077
3999 47727
4000 7462
4000 31068
4000 32739
4001 8999
4001 21088
4001 21785
4001 42390
4003 25246
4004 15284
4004 24683
4004 39055
4004 45051
4005 20275
4005 28412
4006 13815
4006 36746
4007 12620
4007 17887
4007 19823
4007 34830
4008 11507
4008 34717
4009 7308
4009 47623
4010 11671
4011 14576
4011 33512
4012 40558
4012 47497
4013 9094
4013 19012
4013 36557
4013 37633
4013 40288
4014 5303
4014 33303
4014 40247
4015 39667
4016 44051
4017 13091
4017 22045
4017 38044
4017 43051
4018 12713
4018 25622
4019 25143
4019 32740
4019 33445
4020 25799
4021 22464
4021 23987
4021 38973
4021 46603
4022 23551
4022 40871
4022 44131
4023 31360
4024 34634
4025 24714
4025 31466
4029 12109
4029 14998
4030 7164
4030 9501
4030 11500
4030 25885
4030 29281
4031 11223
4031 43058
4032 9155
4033 18487
4033 25125
4033 32935
4034 9886
4034 22433
4034 25288
4035 10520
4035 13332
4035 34708
4036 24129
4036 31304
4037 37325
4038 20726
4038 34581
4040 4171
4040 28963
4042 5749
4042 9439
4042 10505
4042 38708
4042 40580
4043 19394
4044 10936
4044 39002
4044 39265
4045 30427
4046 4447
4046 19014
4046 26972
4046 40667
4047 24404
4048 12512
4048 39526
4049 7056
4049 29839
4049 45575
4051 26637
4051 39092
4052 37128
4054 15570
4056 11356
4056 23843
4056 36385
4056 40326
4056 40462
4056 48218
4057 18444
4057 27495
4057 45281
4058 49418
4059 10906
4059 42574
4059 49736
4060 29264
4061 22809
4062 26184
4062 28900
4062 31566
4062 41318
4063 28651
4063 28772
4064 10261
4065 9144
4065 18936
4065 22438
4066 23194
4066 27255
4066 29352
4066 48845
4067 24429
4068 6118
4068 8053
4068 15821
4068 22020
4069 6461
4070 12777
4071 29176
4072 32256
4072 40921
4073 4734
4073 23017
4073 30523
4074 24601
4074 35890
4075 14038
4075 25321
4075 36097
4077 18675
4077 43328
4077 46661
4078 4636
4078 7334
4079 7300
4079 12084
4079 19022
4081 17780
4081 19520
4081 21771
4082 13017
4082 21216
4082 45394
4082 48891
4083 41802
4084 5177
4084 35285
4084 45984
4085 12177
4085 22520
4085 29748
4085 45528
4085 47157
4086 35273
4087 46202
4087 46343
4089 45652
4090 42577
4092 15506
4092 18840
4093 28168
4094 6753
4094 19510
4095 18052
4095 21360
4095 23276
4095 42109
4095 48777
4096 8486
4096 10768
4096 14900
4096 40485
4097 20420
4097 36885
4099 28998
4099 45227
4100 7781
4101 15530
4101 44069
4101 44596
4102 9945
4102 46263
4102 49261
4103 9743
4104 41507
4105 14039
4105 21796
4105 33320
4107 37924
4108 25892
4109 36477
4110 24885
4110 27737
4111 8739
4112 27373
4113 37240
4115 10311
4115 19782
4116 8272
4116 22435
4116 27523
4116 33111
4117 24583
4118 8639
4119 22171
4120 31248
4121 22367
4121 43051
4122 9749
4122 42990
4123 21972
4123 42445
4125 38868
4126 4764
4127 6740
4127 22858
4127 29995
4128 42112
4129 17938
4129 22678
4130 14123
4130 14824
4130 49329
4131 14310
4131 18064
4131 20833
4131 29452
4131 35890
4133 16938
4133 18036
4133 34319
4134 23198
4134 28739
4134 44943
4135 44757
4136 25511
4136 27079
4136 29491
4136 31504
4136 45408
4137 22489
4138 13788
4138 47799
4139 18149
4142 29710
4142 48716
4143 10565
4143 37158
4143 39718
4143 48986
4144 48383
4145 5510
4145 14011
4145 16385
4146 7902
4146 12796
4147 49398
4148 8809
4148 12543
4148 41585
4148 44567
4149 31279
4149 32733
4149 40975
4150 22093
4150 26022
4150 41009
4151 18584
4151 19545
4151 28454
4152 24026
4152 40380
4152 40382
4153 12999
4153 13851
4153 39779
4154 12973
4154 36949
4154 49309
4155 9687
4155 32652
4156 9736
4156 17428
4157 9819
4159 11205
4159 13955
4159 25291
4160 6465
4160 23426
4160 34971
4160 38304
4162 30726
4163 29091
4164 19590
4164 37259
4165 13493
4165 25508
4166 8663
4166 19916
4166 30280
4167 25126
4167 33299
4168 29702
4168 32931
4168 46162
4169 17189
4169 24248
4169 40015
4170 7790
4170 21952
4170 46904
4171 8768
4171 11617
4171 31460
4171 49229
4172 17420
4173 7748
4173 18018
4173 24728
4173 26333
4173 28325
4173 33327
4173 37905
4174 5841
4175 9943
4175 10510
4175 45851
4176 35774
4179 27539
4179 36841
4180 20428
4182 32178
4183 14647
4183 38167
4184 22048
4184 25085
4185 16676
4185 34262
4185 37165
4188 7466
4188 18117
4189 30805
4190 9848
4190 48827
4191 19515
4192 11893
4193 31974
4194 33981
4194 38198
4195 30015
4195 40052
4196 5044
4196 49687
4197 12678
4197 31666
4198 10034
4199 7967
4199 9152
4199 12229
4199 39195
4200 9988
4200 23302
4201 4746
4201 33016
4201 37272
4201 37318
4202 45103
4203 29087
4203 30512
4204 8990
4204 21195
4204 30707
4205 22221
4205 41043
4206 4745
4206 30043
4208 34654
4208 42347
4208 43792
4208 44100
4209 11794
4210 16849
4210 26485
4210 47986
4211 7143
4211 8891
4211 13869
4211 28174
4211 47535
4212 37588
4213 32025
4214 33272
4214 35544
4216 11724
4217 13873
4217 20726
4218 7009
4218 23720
4218 45485
4219 15108
4220 42148
4221 4928
4221 24621
4221 37858
4221 49294
4222 10684
4222 32153
4222 36561
4223 40337
4224 20654
4227 34430
4228 23964
4228 26496
4228 28479
4228 37813
4229 43677
4230 21870
4230 32503
4230 33713
4230 44739
4231 8256
4231 12977
4232 30607
4233 23030
4233 24394
4233 49780
4235 4275
4236 38639
4237 9655
4237 24351
4239 16059
4239 17641
4239 18924
4239 29910
4239 46259
4240 12165
4240 47487
4241 10877
4242 16051
4242 46501
4243 8010
4243 8016
4244 22856
4244 24666
4244 32299
4244 39646
4244 42559
4245 13234
4245 23360
4245 26450
4245 30417
4246 15488
4246 34410
4247 28680
4248 29496
4249 27003
4249 32969
4250 29199
4251 34845
4251 38123
4252 38808
4253 39868
4254 18978
4254 29639
4254 37870
4255 23435
4255 34833
4255 40459
4255 45945
4256 10534
4256 15134
4256 49498
4257 5635
4257 15255
4257 20889
4257 28333
4258 7278
4258 8201
4259 8661
4259 28864
4260 19691
4261 42562
4262 11627
4262 21953
4262 34756
4263 7415
4263 36254
4264 24469
4264 28283
4264 31723
4265 4613
4265 38928
4266 11198
4266 21241
4266 39282
4267 49416
4268 11371
4268 14304
4268 18835
4268 19159
4271 8626
4272 48442
4273 23334
4274 35341
4274 38498
4274 45481
4275 18027
4275 21142
4276 20476
4276 32310
4276 44489
4277 12314
4277 17145
4277 40187
4278 49557
4279 13342
4280 10704
4280 17600
4280 18426
4280 40845
4281 12069
4281 25935
4282 23984
4283 16680
4284 18214
4284 31932
4284 32941
4284 44088
4285 48705
4287 39414
4288 10280
4288 16917
4288 19748
4288 25178
4289 15497
4289 39728
4289 39983
4291 28053
4291 46418
4292 23085
4293 8584
4293 15046
4293 23954
4293 26616
4294 22802
4294 25007
4295 7031
4296 10714
4297 36214
4297 37374
4297 42939
4298 19781
4299 38839
4300 40855
4302 20138
4303 8085
4303 11434
4304 11904
4304 16930
4304 25648
4307 8060
4307 18200
4308 35453
4309 27905
4310 46659
4311 4714
4311 7187
4311 28594
4311 41983
4312 34161
4314 19690
4314 30330
4315 6422
4315 38178
4316 39494
4317 15457
4317 41282
4317 48230
4317 48891
4318 13563
4318 20737
4319 12918
4319 14208
4319 48423
4320 13610
4320 16398
4321 9664
4321 23442
4321 33300
4322 35163
4322 45715
4323 46658
4324 32638
4325 10813
4325 20277
4325 28850
4325 49247
4325 49440
4328 17590
4328 35376
4328 46980
4329 9222
4329 12656
4330 22469
4330 24971
4330 36122
4331 27058
4332 27697
4333 20444
4333 31437
4333 41878
4333 44858
4334 22244
4334 23409
4334 44414
4334 48421
4335 17830
4335 43399
4336 12514
4336 45687
4338 9993
4338 27844
4338 41271
4339 28099
4340 14527
4340 36577
4342 5546
4342 7489
4342 16820
4342 43896
4343 47622
4343 49623
4344 19920
4344 31481
4344 41138
4345 24290
4345 33757
4345 42198
4346 8210
4346 17740
4347 4801
4347 38293
4347 40601
4348 6433
4348 45393
4349 9822
4349 17074
4349 18453
4349 35311
4349 45795
4349 48555
4350 28033
4350 30283
4350 39467
4352 41601
4353 18867
4354 35597
4355 25893
4356 9923
4356 27100
4356 33726
4356 35558
4356 37942
4357 42755
4358 5776
4359 29558
4359 29643
4359 29808
4359 30572
4359 46485
4360 44099
4362 8887
4362 22524
4362 26248
4362 30828
4363 32921
4363 49022
4364 8675
4364 15059
4364 24452
4364 43338
4365 7670
4365 12882
4365 23438
4365 34079
4365 48860
4366 11757
4366 26882
4366 43670
4366 49338
4367 38433
4367 44180
4367 47344
4369 5668
4370 10263
4370 40550
4371 5023
4371 7001
4372 5988
4372 17759
4373 9440
4373 32841
4374 24288
4374 26118
4376 6054
4377 25988
4378 17869
4378 27214
4378 39269
4379 26792
4379 27067
4379 43100
4380 22639
4380 30862
4381 13154
4382 30853
4383 15901
4383 19033
4383 29635
4384 25187
4386 17424
4386 30136
4386 30445
4386 42344
4388 13912
4388 18480
4390 6037
4390 9188
4390 25996
4391 40398
4392 5639
4392 6380
4392 17505
4392 45870
4393 4647
4393 26108
4394 7462
4394 33042
4395 34389
4396 13315
4396 40035
4397 5801
4397 14197
4397 17087
4399 19639
4399 27442
4400 14661
4401 5589
4401 15697
4402 4793
4402 19181
4402 26063
4402 27197
4402 42857
4402 46781
4403 10813
4404 38624
4405 48250
4406 47769
4407 10880
4407 10899
4407 37191
4407 43396
4407 43487
4407 49984
4409 25093
4409 38076
4409 44659
4410 22355
4410 32932
4410 49402
4411 10897
4411 39397
4412 41750
4413 20048
4413 32630
4413 44668
4413 48992
4414 15507
4414 19971
4414 30119
4414 36788
4415 13722
4415 19881
4416 15339
4416 32110
4416 42130
4416 44466
4416 48404
4417 42046
4418 22103
4419 28775
4419 32096
4419 32804
4419 45721
4420 22830
4421 18564
4421 18577
4421 45949
4421 47985
4422 8783
4422 45790
4423 7341
4423 23225
4424 23990
4425 37409
4425 40065
4425 47941
4426 22041
4426 45627
4427 29619
4427 38721
4429 21709
4430 13488
4430 22317
4430 35834
4432 9413
4432 22983
4433 24036
4433 28487
4433 41239
4435 29682
4435 47361
4437 22086
4438 19566
4438 29918
4439 10748
4439 26782
4440 33006
4440 40352
4441 31998
4442 16850
4442 29546
4442 36399
4443 10386
4443 40850
4443 44183
4443 48459
4445 23069
4446 19341
4446 23690
4447 12906
4447 18275
4447 38784
4448 16143
4450 30054
4450 33907
4450 41267
4450 43663
4451 44378
4451 46448
4452 17693
4452 39388
4452 39575
4453 27149
4453 28080
4453 28944
4454 35412
4455 18425
4455 37671
4456 12027
4456 12530
4457 7130
4457 11782
4457 14198
4457 22029
4457 42042
4458 12772
4458 20209
4460 13521
4460 17809
4460 26435
4460 38761
4460 40200
4461 8036
4461 10926
4461 18543
4461 35101
4461 38860
4461 48019
4462 34841
4463 21277
4465 30559
4465 46800
4466 7856
4466 18651
4467 49436
4468 25031
4468 39325
4469 14796
4469 20570
4470 4489
4471 7395
4471 48478
4471 48630
4472 26605
4472 33192
4472 42325
4472 47630
4474 10574
4474 19225
4474 25776
4475 17136
4476 35115
4476 41326
4477 27146
4478 26894
4480 8002
4481 6893
4482 11441
4482 20118
4484 35246
4484 39438
4484 47783
4485 29514
4485 32708
4487 12942
4488 16528
4488 28716
4488 45569
4489 26682
4491 6467
4491 14892
4491 33500
4491 49446
4492 22146
4493 23402
4493 32893
4493 44083
4494 25140
4494 37772
4495 47115
4496 25352
4497 31661
4497 41962
4498 27181
4498 30943
4498 49304
4499 13767
4499 13936
4499 19283
4500 23881
4501 24780
4501 41249
4502 22619
4505 16737
4505 29972
4505 44623
4506 11457
4506 20123
4506 21891
4506 37384
4506 42662
4507 41954
4508 15612
4508 18933
4508 35380
4508 36920
4509 14065
4509 47239
4510 15244
4510 19801
4511 36088
4512 48496
4512 49297
4513 16246
4513 34919
4514 31599
4514 32427
4515 13342
4515 15056
4515 15983
4515 21947
4516 7546
4516 21663
4517 24831
4517 48417
4518 27652
4519 16393
4519 42851
4520 4635
4520 16499
4521 22763
4521 42234
4522 36384
4522 48872
4523 6110
4524 17914
4524 36399
4525 5354
4525 6750
4525 34370
4525 37732
4525 42987
4526 8665
4526 22603
4526 25984
4527 29694
4527 34704
4527 41210
4527 46641
4528 12806
4528 37075
4528 37624
4529 4555
4529 44869
4531 28295
4531 40450
4531 43505
4532 33258
4533 10383
4533 26752
4533 44302
4534 18510
4535 9904
4535 13000
4535 13837
4535 26905
4536 29548
4536 39290
4536 42679
4536 44706
4536 46660
4536 48103
4537 24606
4537 29009
4538 13750
4538 14451
4538 26613
4538 41779
4539 38404
4541 13333
4541 43149
4543 19621
4543 39546
4544 30813
4544 46818
4545 21265
4545 41129
4546 32068
4546 48596
4548 18800
4548 37815
4549 7622
4549 25823
4550 19782
4551 13250
4551 42735
4553 16824
4553 24733
4554 31053
4554 32156
4555 19368
4556 14672
4557 16112
4557 35108
4559 44284
4560 14312
4560 21873
4560 36058
4561 20884
4561 27176
4561 39025
4562 31752
4562 32235
4563 18448
4563 28826
4563 33864
4563 39557
4564 9427
4564 14214
4564 24542
4564 44649
4565 11480
4566 31803
4566 40798
4566 48995
4567 46269
4569 8160
4569 34736
4569 38807
4574 34367
4574 36216
4575 8693
4575 9511
4575 22722
4575 42294
4576 42282
4577 38285
4579 5085
4579 24226
4579 28573
4579 32397
4579 42036
4580 8400
4580 15731
4581 5923
4581 11786
4581 28820
4581 49016
4582 5372
4582 16096
4582 26411
4582 30635
4583 6641
4584 27043
4584 30766
4585 32891
4585 33798
4588 33044
4589 11230
4589 24726
4589 35562
4590 34085
4591 27962
4591 35597
4591 47191
4592 36830
4593 46422
4595 7886
4595 19120
4595 21983
4597 21913
4597 22290
4597 45862
4598 14044
4599 18467
4599 20563
4600 41477
4600 43732
4601 6899
4601 21254
4602 16390
4602 43479
4603 8611
4603 35024
4604 39519
4605 44665
4606 29685
4606 39541
4607 12490
4607 47137
4609 6705
4609 24374
4609 31243
4609 35200
4609 40043
4609 49676
4610 12567
4610 14633
4610 23611
4610 34176
4610 36337
4611 10709
4611 17664
4611 28646
4611 41502
4612 23277
4612 24585
4612 42487
4613 14353
4615 13856
4615 24409
4615 26874
4616 45349
4618 10565
4618 16211
4618 42868
4618 47993
4619 18015
4619 20145
4619 26290
4619 26501
4620 12423
4620 44505
4621 42575
4623 23523
4623 44737
4624 25129
4625 35469
4625 44688
4626 49188
4627 28915
4628 6608
4628 8966
4628 13903
4628 38447
4629 8293
4630 16609
4631 27581
4634 14162
4634 14270
4634 30954
4635 29679
4635 30092
4637 18279
4637 19612
4637 47048
4639 7398
4639 37027
4640 46941
4641 41452
4642 43638
4643 14607
4644 38514
4646 8661
4646 14645
4646 45082
4646 49895
4647 6011
4647 25397
4647 29905
4648 5022
4648 13256
4648 47949
4649 40843
4649 46505
4650 18898
4650 30198
4650 34050
4651 29346
4651 47569
4652 38931
4653 4667
4654 45562
4655 40719
4655 44978
4655 45296
4656 11449
4656 23697
4656 26463
4656 28020
4656 38811
4657 37316
4657 41562
4657 44339
4658 27765
4658 34604
4658 34655
4659 32924
4659 48095
4660 28389
4661 26019
4661 34471
4662 12736
4663 7924
4663 11187
4663 39784
4664 25064
4665 8510
4665 10739
4665 42442
4665 45310
4666 21640
4666 40698
4668 44171
4669 17876
4669 44435
4670 9118
4671 13116
4671 19030
4671 25952
4672 5526
4672 15077
4673 5277
4674 26800
4675 18740
4675 31615
4675 38987
4677 4691
4677 25112
4677 41973
4677 49335
4678 15756
4678 20598
4679 39488
4681 8748
4681 18213
4682 36803
4684 21345
4684 23198
4684 26569
4684 29923
4685 8915
4685 21660
4685 22067
4685 34021
4686 42971
4687 18601
4688 32697
4689 47122
4691 18324
4691 19648
4691 19869
4691 40867
4692 35163
4692 41976
4693 25665
4693 48201
4694 23937
4695 12924
4695 28903
4695 42776
4696 14987
4696 26069
4696 34353
4696 44524
4697 7966
4697 14144
4697 17588
4697 39262
4697 40609
4698 8743
4698 19144
4699 14278
4700 40001
4701 12213
4702 17171
4703 23382
4703 48539
4704 22264
4708 10946
4709 30513
4710 25548
4710 41022
4711 5985
4712 30663
4712 40638
4713 12548
4713 41726
4713 49563
4714 12966
4715 43072
4716 9811
4716 14556
4716 44359
4717 7204
4717 10542
4718 26357
4718 34718
4719 12736
4719 26772
4719 35530
4720 15708
4720 45610
4721 10503
4721 11026
4721 14695
4723 18943
4723 22510
4723 23732
4724 14012
4724 45535
4725 9391
4725 26403
4726 49077
4727 6264
4727 7780
4727 42459
4728 16087
4728 47241
4730 5136
4730 18280
4730 30771
4731 7630
4731 45471
4732 23796
4733 23908
4734 47867
4735 17897
4736 11590
4736 28546
4737 14183
4737 24096
4737 39230
4738 49693
4739 29594
4739 29775
4739 38567
4739 44096
4741 32746
4741 35549
4742 20855
4742 40186
4743 14008
4744 38323
4745 43389
4746 14896
4746 18467
4747 16759
4748 8047
4748 37945
4748 39525
4748 48480
4748 48667
4749 13043
4751 28176
4751 48140
4752 37916
4752 45917
4753 28957
4753 39353
4753 43618
4754 19955
4754 32901
4757 35134
4758 24104
4758 42753
4759 23442
4759 42184
4761 40383
4761 43916
4762 34922
4762 36909
4763 32253
4763 37642
4763 47236
4764 10812
4766 6670
4766 15835
4766 18895
4767 25968
4768 7194
4768 37012
4769 13226
4769 17854
4769 40686
4769 44870
4770 6997
4770 11637
4770 31833
4770 47173
4771 7238
4771 41172
4772 20769
4772 35750
4772 42854
4772 43468
4774 8420
4774 40868
4775 5325
4775 10409
4776 16577
4777 31514
4778 16723
4779 23919
4779 32922
4779 37508
4779 49672
4780 14187
4780 42844
4781 16173
4781 22269
4782 20409
4782 24583
4782 27682
4782 46890
4784 7734
4784 15073
4784 39401
4784 39812
4785 7656
4785 21689
4785 39740
4786 8798
4786 17646
4786 40421
4787 17167
4787 23811
4789 4819
4789 5387
4789 37994
4790 34647
4790 35094
4790 37271
4790 40625
4791 16549
4791 27359
4792 30230
4792 30309
4792 45217
4793 38691
4793 44219
4794 20239
4794 40868
4795 28868
4795 41895
4797 34507
4798 16222
4798 24168
4799 8396
4799 29726
4800 22009
4800 25230
4800 27800
4800 31244
4800 35185
4800 36020
4801 5172
4801 35492
4803 5531
4803 21214
4803 38715
4804 12873
4804 36117
4805 29555
4805 29721
4805 40925
4806 31699
4807 26617
4807 27236
4807 31342
4808 5456
4808 41642
4810 36787
4811 4951
4811 12290
4812 10159
4812 35726
4812 35874
4813 23306
4813 48636
4814 33512
4815 37078
4816 42701
4818 23883
4819 20761
4819 24281
4819 25234
4819 33638
4825 10381
4825 13258
4825 48439
4826 9253
4826 18665
4827 23452
4827 31402
4827 39466
4828 7935
4828 22707
4828 30858
4829 34988
4829 37429
4832 18394
4834 29341
4834 48167
4835 11010
4835 12011
4835 30831
4835 33987
4836 19719
4836 36462
4836 42467
4836 45314
4839 11784
4839 29087
4839 39763
4840 18902
4840 29358
4840 35213
4841 10272
4841 17471
4841 22916
4841 25218
4841 48096
4842 19624
4843 27799
4843 30099
4844 6642
4844 30708
4844 43428
4847 12151
4847 17729
4847 36254
4848 16545
4848 25416
4849 21401
4849 42137
4849 47315
4850 9380
4850 10661
4850 26716
4850 32395
4852 5506
4852 13088
4852 22758
4852 26931
4852 34167
4853 17450
4853 20144
4853 27378
4853 39258
4854 15572
4854 22609
4854 26349
4854 36227
4854 47762
4855 22791
4856 9293
4856 46077
4857 12555
4857 19246
4857 35094
4858 11214
4858 15491
4859 22873
4860 21666
4861 16126
4861 24601
4861 45204
4862 12803
4862 16940
4862 43884
4863 15172
4863 31294
4864 43248
4865 12442
4865 32016
4867 44528
4869 19233
4869 44939
4870 25066
4870 29673
4871 16043
4871 30787
4872 12332
4872 27763
4872 34008
4872 43582
4873 15407
4873 48624
4874 15635
4875 34219
4876 7301
4876 27722
4878 20748
4878 35634
4879 23909
4880 5462
4880 9503
4880 32102
4881 12161
4882 40790
4882 45788
4883 32471
4883 33848
4884 23318
4884 30718
4885 31005
4885 34297
4885 41326
4886 19956
4887 45811
4888 6246
4888 26587
4888 34520
4889 6152
4889 40543
4890 10531
4890 46113
4891 16910
4891 41380
4893 11510
4893 16627
4893 23651
4893 31084
4893 32429
4893 43221
4894 7033
4894 37157
4895 9383
4895 27187
4896 22036
4897 7501
4897 22053
4897 31535
4898 24102
4899 12242
4900 16057
4901 16615
4901 36044
4902 25402
4902 26374
4903 15745
4903 46153
4904 12565
4904 23279
4905 14041
4905 38923
4906 22468
4906 33287
4906 36082
4907 17117
4907 22627
4907 23592
4908 8796
4908 11573
4908 31206
4909 18056
4909 27197
4910 29812
4910 30856
4910 34400
4911 25669
4911 44518
4911 49361
4912 32193
4913 10994
4913 18023
4915 21860
4915 32817
4916 22158
4916 31008
4916 41967
4916 48249
4917 22426
4917 46271
4918 37598
4918 44844
4919 14143
4919 28210
4919 42755
4920 30393
4921 6736
4921 18787
4922 36481
4922 37387
4923 10980
4923 47086
4924 6287
4924 19549
4924 34339
4924 37126
4926 22805
4926 28040
4926 30156
4926 33395
4927 8408
4927 33946
4928 13886
4929 45783
4933 14837
4933 39169
4933 42026
4934 32021
4934 34426
4935 18373
4935 31784
4936 17811
4936 18923
4937 13955
4937 49432
4939 11546
4939 14225
4939 21019
4940 32398
4940 33989
4940 47484
4941 39336
4942 32940
4942 46380
4943 6644
4944 14817
4944 30789
4944 38557
4944 47425
4944 49137
4945 11559
4945 22986
4945 39144
4945 41807
4946 14754
4946 43057
4946 48354
4947 28171
4947 30104
4950 25373
4950 27444
4950 35348
4950 48744
4951 34704
4952 15154
4952 31508
4952 32909
4953 11683
4953 27049
4953 31172
4956 5921
4956 11897
4956 33374
4956 38537
4958 25569
4958 47702
4959 12460
4959 28278
4959 31848
4959 36638
4959 48276
4960 43329
4961 15224
4961 39652
4961 43446
4962 34208
4963 7997
4963 40434
4964 6538
4964 31543
4964 39720
4965 7856
4965 9900
4965 37019
4966 37584
4966 40959
4967 16888
4967 36489
4968 21896
4968 23994
4969 21631
4969 32039
4969 41402
4970 44827
4971 20388
4971 40887
4972 12023
4972 33178
4972 33255
4972 41742
4973 13138
4973 24676
4973 47510
4974 12849
4975 41099
4975 46185
4976 44316
4976 48926
4977 36980
4978 20742
4979 19375
4981 16618
4982 7970
4982 22466
4982 33058
4982 33705
4983 20993
4983 21751
4983 44292
4984 36069
4984 47076
4985 5616
4985 34442
4985 39653
4985 40069
4986 14172
4988 42872
4988 44074
4989 13941
4989 31274
4991 48212
4992 19105
4992 37467
4992 42133
4992 44880
4993 18821
4993 42600
4994 36729
4994 42663
4995 11672
4996 17514
4996 47153
4997 15004
4997 20417
4998 17901
4998 23037
4998 28674
4998 37191
4999 5909
4999 22398
4999 32843
5000 7255
5000 33254
5000 39551
5000 48148
5001 11645
5001 23279
5001 32527
5001 42753
5002 13278
5002 30166
5003 45889
5004 8057
5004 9779
5004 21597
5004 46399
5005 32483
5005 33325
5006 25018
5007 8464
5007 24107
5007 30002
5007 34827
5009 48742
5010 42076
5011 19670
5011 30481
5012 42663
5013 36759
5013 37012
5014 13177
5014 26527
5014 26687
5014 34694
5014 39816
5015 26368
5015 44277
5015 44317
5017 10886
5017 49647
5018 32191
5018 48977
5020 6111
5021 13490
5021 44928
5023 9291
5023 9448
5023 10123
5023 35360
5023 37749
5023 44817
5024 10455
5024 20442
5026 27901
5026 48833
5028 26162
5029 8459
5030 10109
5030 27541
5032 23924
5032 45320
5033 5243
5033 28644
5034 45960
5035 17979
5036 9076
5036 14649
5037 7796
5037 33805
5037 42573
5038 31460
5040 36627
5041 6116
5041 8788
5041 29097
5041 36286
5041 39719
5041 45142
5043 7096
5043 29301
5044 15126
5044 24091
5044 30041
5044 32393
5045 12542
5045 13050
5045 36945
5045 43030
5045 46069
5046 41905
5047 34318
5048 6400
5048 11067
5048 21777
5048 28286
5049 16178
5050 19510
5051 7583
5051 16972
5051 19726
5051 49511
5052 31430
5054 11905
5055 6296
5055 12555
5055 29889
5055 30529
5055 42293
5056 26768
5057 8566
5057 11175
5057 49848
5058 12350
5058 35073
5059 20201
5060 46680
5062 19373
5062 48491
5063 5557
5063 29670
5064 19900
5064 32626
5065 7545
5065 10490
5065 20147
5065 21196
5065 22228
5065 42727
5065 48355
5066 37236
5066 39004
5066 42984
5069 42119
5070 34821
5071 13464
5071 33444
5071 47849
5072 11768
5072 20941
5073 8317
5073 28345
5074 11523
5074 40936
5074 44710
5075 10278
5075 26510
5077 8149
5077 8450
5077 12118
5077 36287
5077 47659
5078 17537
5078 23600
5078 26898
5078 28979
5078 34490
5078 46603
5079 5557
5079 11244
5079 39105
5080 22757
5081 31159
5081 39221
5083 7503
5085 29020
5086 10458
5086 21768
5086 29709
5086 31406
5086 46764
5087 22673
5087 34858
5087 49553
5088 10059
5088 37955
5090 12063
5090 19392
5091 42187
5092 12928
5094 21548
5094 48633
5094 48776
5096 16113
5096 35701
5096 38934
5096 39739
5099 33874
5100 9739
5100 19893
5101 5790
5101 14349
5101 29277
5101 39434
5103 20592
5105 19104
5105 27628
5105 31225
5106 10395
5106 19562
5106 24118
5108 8078
5108 18402
5109 34905
5110 8460
5110 11540
5110 25874
5110 32306
5110 47715
5110 48320
5111 9492
5111 42468
5112 31493
5114 13881
5114 36151
5114 42040
5115 10926
5115 21620
5115 27601
5116 33183
5118 36721
5118 38436
5119 18448
5119 22338
5120 46147
5121 8271
5121 37921
5123 19015
5123 24728
5123 32181
5124 11852
5125 47500
5126 6411
5126 6834
5126 17525
5127 10036
5127 17320
5128 25274
5128 28299
5128 34439
5128 35538
5128 36750
5129 9673
5129 23031
5129 44149
5130 9492
5130 41009
5131 15773
5131 29110
5131 31851
5131 46821
5132 34890
5133 30794
5134 6024
5134 10656
5134 15032
5134 30226
5134 38346
5134 45687
5135 32342
5136 49965
5137 31239
5138 26484
5138 33204
5139 29968
5139 38421
5139 38466
5140 19896
5140 41359
5140 42391
5141 12698
5141 20426
5142 6915
5143 19469
5143 26237
5143 47139
5144 46558
5145 12134
5145 42057
5146 38161
5146 48679
5147 13379
5147 16189
5148 6066
5148 19128
5148 21758
5151 16192
5152 27076
5153 18504
5154 23628
5155 24445
5155 40012
5156 37592
5156 44021
5157 23397
5157 34795
5158 13186
5159 26010
5159 32996
5159 42909
5160 29110
5160 42415
5161 12672
5161 46501
5162 40527
5163 29542
5164 20339
5165 7811
5165 14409
5166 17829
5166 30090
5167 16477
5167 23344
5167 40286
5168 33308
5168 42685
5169 14449
5170 30702
5171 10334
5171 13401
5172 6469
5172 10785
5172 40439
5172 46914
5173 23935
5174 11809
5174 16079
5175 14483
5175 30417
5176 13661
5176 43950
5179 15709
5179 22113
5179 25122
5179 30822
5179 36789
5179 46072
5179 46320
5180 16641
5180 23249
5180 25812
5180 29117
5183 6419
5183 17964
5183 30396
5184 9937
5184 31672
5184 37476
5184 46615
5185 41409
5186 13779
5187 20020
5188 5616
5188 15963
5188 38610
5189 26007
5189 31735
5190 20820
5190 23003
5191 41978
5191 42515
5191 44878
5192 32271
5194 7642
5194 25476
5194 27267
5194 28518
5194 42228
5196 17629
5196 20490
5196 38885
5197 29439
5198 36328
5199 23740
5199 45366
5199 49805
5200 49703
5201 15035
5202 38198
5204 7167
5205 8668
5205 34912
5206 18736
5206 29033
5206 34129
5206 41401
5207 5311
5207 18100
5207 38675
5208 18456
5208 28225
5209 6194
5210 40673
5211 34450
5212 32006
5212 38911
5213 16849
5215 19032
5215 19301
5215 26885
5215 37746
5217 7615
5218 10441
5218 43180
5219 39848
5219 48349
5220 9402
5220 14075
5220 15067
5220 18271
5220 24150
5220 41982
5220 49587
5220 49802
5221 6231
5221 16050
5221 44387
5221 45820
5222 20191
5222 20195
5225 34912
5226 41043
5227 13561
5228 5715
5229 23102
5230 24026
5233 32197
5234 25317
5235 22640
5236 8173
5236 21159
5237 18519
5237 39159
5238 13072
5238 17779
5238 19110
5238 40323
5239 27516
5239 36599
5239 38918
5240 39090
5241 41563
5242 47776
5243 10922
5246 9806
5247 22857
5247 29920
5247 44127
5247 49720
5247 49977
5248 15149
5248 22115
5249 35163
5249 42511
5251 20164
5251 43298
5252 17535
5252 19908
5252 32930
5254 27343
5254 27920
5254 32871
5255 19089
5255 40002
5256 14920
5256 25142
5256 35819
5256 41083
5256 44614
5257 24999
5258 18650
5259 26594
5259 45786
5260 43376
5261 5285
5261 11118
5261 12187
5261 15368
5261 40133
5261 40994
5262 47410
5264 18911
5265 27978
5265 33323
5266 32913
5267 13098
5267 14094
5267 33364
5268 30847
5269 13116
5271 22715
5271 37119
5273 36444
5274 16651
5274 32132
5274 41181
5275 31172
5276 20680
5276 46736
5277 40231
5279 14312
5279 18575
5279 32411
5280 34344
5280 34756
5281 17256
5281 27874
5281 41711
5281 47738
5282 10060
5282 32927
5282 47260
5283 24558
5283 25610
5283 47837
5284 37666
5284 38938
5284 43800
5285 13515
5285 15633
5286 27413
5287 45322
5288 20469
5290 20615
5290 33711
5290 42990
5292 8707
5292 37179
5293 49997
5294 13716
5294 30219
5294 37364
5295 22562
5297 6031
5297 19517
5298 28105
5298 32286
5299 28008
5299 28741
5300 30363
5300 39874
5301 13241
5301 16511
5301 19399
5301 33335
5302 9627
5302 30193
5302 33087
5302 39275
5305 42389
5306 13856
5306 46840
5307 46912
5309 17868
5309 27880
5310 46336
5311 47474
5312 8277
5313 38031
5314 22193
5314 47486
5315 12481
5315 21793
5315 23593
5315 33833
5317 14868
5317 49850
5318 15707
5318 19814
5321 16785
5322 15483
5323 19010
5323 27611
5323 39467
5323 40820
5323 43327
5324 7472
5324 15822
5324 31939
5324 38970
5325 16111
5325 29347
5325 37462
5326 44509
5327 13141
5328 6383
5328 7841
5329 6741
5330 26933
5332 7090
5332 15312
5333 42141
5334 14061
5334 31224
5334 37361
5334 43303
5334 44795
5334 46108
5335 12923
5335 14016
5335 27538
5336 7379
5336 28274
5336 34996
5336 39239
5336 42522
5338 13762
5341 49841
5342 29594
5342 35676
5342 44375
5343 10351
5343 13044
5344 26895
5344 40303
5345 14189
5345 18833
5346 16631
5346 19047
5346 29751
5347 12611
5348 40928
5349 34365
5350 23880
5350 36506
5350 46801
5352 18060
5352 48100
5353 20892
5353 27995
5353 28693
5353 37607
5353 44285
5354 20933
5354 42257
5355 6105
5355 23515
5355 34025
5356 23154
5356 27243
5356 34528
5356 46491
5356 46640
5357 6556
5357 32209
5358 28358
5360 18485
5361 39524
5361 40146
5362 17893
5362 27384
5363 8089
5363 9851
5363 16655
5363 17740
5363 26798
5363 40586
5364 13529
5365 7216
5365 14458
5365 21302
5365 22299
5366 25077
5366 29102
5367 7410
5367 7657
5367 42824
5368 17904
5368 40518
5369 9629
5369 45779
5370 11294
5370 24581
5370 26452
5370 41591
5370 45206
5370 45961
5371 30234
5371 48526
5372 8386
5372 9129
5373 45965
5375 43074
5376 31177
5377 8642
5378 20239
5378 43244
5379 11293
5379 30447
5379 39418
5380 25916
5380 27574
5380 28696
5380 46155
5381 7208
5381 16889
5381 30389
5382 47514
5384 39542
5385 27624
5385 27858
5385 40389
5387 9698
5387 18470
5387 39899
5388 7586
5388 16833
5388 18969
5389 42028
5389 45266
5390 7537
5390 19469
5390 23768
5390 46241
5391 35112
5391 49970
5392 17500
5392 33715
5393 47910
5394 29976
5395 11560
5395 23976
5395 35360
5396 22161
5397 17035
5397 42951
5399 38017
5400 22330
5400 36189
5400 45024
5401 39976
5403 5777
5403 9659
5404 36659
5404 47068
5405 9909
5405 27654
5405 35391
5406 25164
5407 27555
5407 42462
5408 20643
5408 47057
5409 32022
5409 45356
5410 46012
5411 47169
5412 29306
5413 6413
5413 9982
5413 10309
5414 6722
5414 48490
5415 47459
5416 24112
5417 42068
5418 7207
5418 47183
5419 30926
5419 35784
5421 19052
5422 19295
5422 32486
5422 38231
5423 27737
5423 41097
5424 22801
5424 39023
5424 40533
5425 41433
5426 17019
5426 27292
5427 47118
5430 20231
5431 17420
5431 19298
5431 37941
5434 27762
5434 27922
5434 49797
5435 32467
5435 45700
5436 35143
5437 7249
5438 35528
5438 46740
5439 37656
5439 45464
5440 13301
5440 31992
5440 34561
5440 42628
5440 49477
5442 29794
5443 5582
5443 22985
5443 24274
5443 35918
5444 14884
5444 26559
5444 37024
5444 38024
5444 38179
5444 46522
5445 11094
5445 17753
5445 26444
5446 9425
5447 17519
5447 20782
5447 31430
5447 32568
5447 40568
5447 44249
5447 49047
5448 30874
5448 41624
5449 8843
5449 36797
5452 11302
5453 25453
5454 17981
5454 22949
5454 33248
5455 30106
5455 43668
5456 22480
5456 23922
5456 27956
5458 8008
5459 15165
5459 25728
5459 25949
5459 34281
5460 43571
5461 39979
5462 15373
5462 36251
5462 49868
5462 49949
5463 19556
5464 29210
5466 16459
5466 35175
5467 47957
5468 30550
5468 34283
5468 42773
5469 12309
5469 17608
5469 42763
5470 17238
5470 45507
5470 49677
5471 29251
5471 36117
5473 6509
5473 21172
5473 47317
5474 9005
5474 11386
5474 22924
5476 15780
5476 17960
5476 32533
5476 47042
5477 11503
5477 30796
5477 32960
5478 16704
5478 44409
5479 28879
5480 14966
5480 32504
5480 39226
5484 10916
5484 15699
5485 7325
5485 9406
5488 44562
5490 44376
5491 9638
5491 38587
5492 9587
5492 39708
5492 42299
5494 19312
5494 24777
5494 31263
5494 43140
5495 5800
5495 16767
5495 37071
5495 46648
5496 10712
5496 18202
5496 21887
5496 41709
5497 15685
5498 12491
5499 5823
5499 7914
5500 13100
5500 49872
5502 16113
5502 32660
5503 33598
5504 8483
5505 38888
5507 29297
5508 13800
5509 13339
5509 40878
5510 7006
5510 19901
5510 23276
5510 40869
5512 7206
5512 45227
5513 45668
5515 40968
5516 8342
5516 21215
5517 25393
5517 32542
5519 6630
5520 31934
5522 8910
5522 15173
5522 19130
5523 10790
5523 26602
5523 33152
5526 16971
5526 28094
5527 6255
5527 18292
5527 19588
5528 27774
5529 8965
5529 27509
5529 33543
5529 42668
5529 43120
5529 48170
5530 12385
5532 10911
5533 6373
5533 10449
5533 37299
5533 47253
5534 33669
5535 15782
5535 27407
5535 35006
5536 9357
5536 12224
5536 35103
5536 35711
5536 45160
5537 9504
5537 19943
5537 36897
5537 40812
5538 48470
5539 32540
5540 34574
5542 29234
5543 13906
5544 29939
5546 25485
5547 20707
5547 22368
5548 10294
5548 43825
5548 45651
5549 10770
5549 15790
5549 35470
5549 47398
5550 36328
5551 13625
5552 7654
5552 33766
5552 38357
5552 39158
5553 19233
5553 45926
5554 8692
5555 12805
5555 37729
5556 35321
5556 48061
5557 13569
5558 36899
5558 39449
5558 45203
5559 10004
5559 39787
5559 42857
5560 6841
5560 28832
5561 22143
5562 13701
5562 36717
5563 9774
5563 37557
5564 12539
5564 36302
5566 34983
5567 13343
5568 33654
5568 41107
5569 11597
5570 23923
5570 47728
5571 20538
5571 33339
5572 27272
5573 38941
5574 8542
5574 12455
5574 16758
5574 21222
5575 9694
5576 9249
5576 14401
5576 20221
5576 29216
5576 32807
5576 35195
5577 13877
5577 19822
5577 31746
5578 43284
5579 39772
5580 42054
5581 8780
5581 26253
5581 37224
5582 30539
5582 32412
5584 40961
5585 12574
5585 13139
5586 22937
5586 38794
5587 22882
5588 43845
5588 48186
5589 6684
5590 37703
5590 41372
5590 47776
5591 14127
5592 5987
5592 26808
5593 25091
5593 33098
5593 39183
5593 46432
5594 6704
5595 44931
5596 15083
5596 19647
5596 44033
5597 42497
5598 8255
5598 12858
5598 18403
5598 18583
5598 19127
5598 19451
5598 23481
5598 43772
5599 13346
5599 22479
5599 49245
5601 24452
5601 39067
5602 9250
5602 38356
5602 48053
5603 20172
5604 15413
5604 37539
5605 12278
5605 48098
5606 28451
5606 31434
5607 7068
5607 13510
5608 8636
5608 21976
5609 31428
5609 37685
5611 37748
5613 23808
5613 44481
5614 36271
5614 46550
5615 39357
5616 10184
5616 17628
5616 18229
5617 5775
5617 45442
5619 37488
5620 42135
5621 36627
5622 31520
5623 17201
5623 22236
5624 9821
5624 28726
5624 35884
5625 10030
5625 48297
5626 6081
5626 14942
5626 30715
5627 32698
5628 7134
5628 11332
5629 13046
5629 25012
5630 10538
5630 32746
5630 34653
5631 11580
5631 14703
5631 17664
5631 39723
5632 8527
5632 26009
5632 26622
5632 42779
5632 43857
5633 11971
5633 39081
5634 8066
5634 14686
5634 25916
5634 35670
5635 5980
5635 25562
5635 45936
5636 10678
5636 42646
5638 20240
5638 44481
5639 37473
5640 15437
5642 26884
5642 31968
5642 49329
5643 16007
5643 46871
5644 12276
5644 16722
5644 19485
5644 30169
5645 31616
5649 6883
5649 18370
5649 26415
5649 30081
5650 27281
5650 30734
5650 49255
5651 8308
5651 34925
5651 40001
5652 8759
5652 28448
5653 12160
5653 31249
5654 6840
5654 11381
5655 16448
5655 36047
5656 6570
5656 8383
5656 37404
5657 12251
5657 39587
5657 40586
5657 47479
5658 17991
5658 24710
5658 26519
5658 29362
5660 13342
5660 17323
5660 17489
5661 10194
5662 13265
5663 28385
5665 17637
5665 37305
5666 19963
5667 13009
5668 14098
5669 18170
5670 18429
5670 21328
5670 29784
5670 32465
5670 48713
5672 16066
5672 32437
5673 24669
5674 42870
5675 7987
5675 17510
5675 18925
5676 8233
5676 30234
5677 25065
5677 27039
5679 8831
5679 18450
5679 26009
5680 10671
5680 27366
5680 34073
5680 46617
5682 6219
5682 6553
5682 37401
5682 38664
5682 40955
5683 25159
5683 34981
5683 44384
5684 24951
5684 38864
5685 9734
5685 38479
5686 24292
5687 10479
5687 30569
5688 35511
5689 7511
5690 7501
5690 14411
5690 22516
5690 36672
5691 40745
5692 35059
5692 37061
5693 12678
5696 29153
5697 22072
5700 10095
5701 14687
5701 31464
5702 23417
5703 18112
5704 20593
5704 49511
5707 23274
5707 24134
5707 29192
5707 29538
5707 43279
5707 45389
5709 8969
5709 23212
5709 28656
5710 45609
5711 6696
5711 43384
5712 11593
5712 39379
5713 22135
5714 38235
5714 43191
5714 43482
5715 18648
5715 24477
5716 11445
5716 11965
5719 19873
5720 31243
5721 33766
5721 36185
5721 39059
5721 42399
5723 12465
5723 13690
5723 49163
5724 34647
5724 48540
5725 14777
5725 24114
5725 29591
5725 48417
5726 45769
5727 21493
5727 31513
5728 33486
5728 37473
5729 24927
5730 10606
5730 18052
5730 28833
5731 7018
5731 36268
5731 49496
5732 14069
5732 43266
5733 47240
5734 8568
5734 31057
5734 32909
5735 19743
5735 27077
5735 29568
5735 30834
5736 20413
5736 24925
5737 6196
5737 7126
5738 5947
5738 15143
5738 18048
5738 45506
5738 45774
5740 46884
5741 46911
5742 44091
5743 31441
5743 32401
5744 25770
5744 27796
5744 30750
5744 31911
5745 31638
5745 45545
5747 9798
5747 40092
5748 22549
5749 6070
5749 12313
5749 14491
5750 31203
5751 7936
5751 36689
5752 28115
5752 32864
5752 35683
5752 42120
5753 24426
5754 23168
5755 23337
5755 23996
5755 31786
5757 34890
5758 27736
5759 33840
5760 9052
5760 27930
5761 48355
5762 16506
5763 6951
5763 18466
5763 45301
5765 9354
5768 27210
5768 45906
5769 14443
5769 41578
5770 6851
5770 37475
5771 46125
5772 6743
5772 29317
5773 31301
5774 14366
5774 28580
5774 44435
5775 16120
5775 33451
5776 17883
5776 19841
5776 21721
5776 30450
5776 30769
5776 31565
5776 38169
5776 44123
5777 13110
5777 21493
5777 23315
5778 36469
5779 24356
5780 34817
5782 30270
5783 43093
5784 20143
5784 20788
5784 21258
5784 48533
5785 29804
5785 32568
5785 44716
5786 11017
5787 16740
5787 35566
5787 42900
5788 30569
5788 48071
5789 33280
5790 22351
5791 32384
5791 48670
5792 14364
5792 23243
5792 34922
5793 8368
5793 17806
5793 23005
5794 29558
5795 15313
5796 20407
5796 32627
5796 40391
5796 45877
5796 45970
5797 27176
5797 31129
5799 20571
5800 31058
5800 35420
5800 38914
5801 17467
5801 41143
5802 7545
5804 15004
5804 43142
5804 45831
5805 18398
5806 20912
5807 14318
5807 18765
5807 19298
5807 34892
5807 36900
5807 46178
5808 6781
5809 45291
5811 41294
5812 42232
5813 46693
5814 13310
5814 19859
5814 36807
5815 8582
5815 13912
5815 25330
5817 17000
5817 48540
5818 9870
5818 11475
5818 32869
5818 45713
5819 7027
5819 41395
5819 48446
5820 37615
5821 23284
5821 28339
5821 38949
5822 22056
5823 15573
5823 19232
5823 37659
5823 49868
5824 16003
5825 43659
5826 9648
5826 18841
5826 19831
5826 29362
5827 26616
5827 45806
5828 30480
5830 21819
5830 30505
5833 36382
5833 37583
5834 14941
5834 27776
5834 37138
5835 16422
5836 16171
5836 29575
5836 42531
5837 47834
5837 48664
5838 42027
5839 26830
5839 30977
5839 33143
5842 6643
5844 23802
5844 34595
5844 36530
5844 48982
5846 40090
5847 18327
5847 40631
5847 48597
5848 38849
5849 19795
5851 7470
5851 42068
5852 36571
5853 32346
5853 33697
5853 35383
5854 31115
5854 48291
5856 46105
5857 18294
5857 40532
5857 46325
5857 46825
5858 25940
5858 40188
5859 49877
5860 28201
5860 35226
5861 7596
5861 31715
5862 8804
5862 10736
5862 27099
5863 8122
5863 27525
5864 6816
5865 24869
5865 25349
5865 31244
5866 18226
5866 19185
5867 7314
5867 8332
5868 22097
5869 30710
5871 7563
5874 30420
5874 36658
5877 44922
5878 7830
5878 20865
5878 46049
5879 47350
5880 28486
5881 31807
5882 17241
5882 26344
5883 23585
5883 41066
5883 43191
5884 15326
5884 35058
5884 48470
5886 13132
5886 20551
5886 29140
5887 11834
5888 13988
5888 21366
5889 13031
5889 36720
5890 37184
5890 38658
5891 8999
5891 37766
5892 32864
5892 41087
5892 42091
5893 17319
5894 19878
5894 27190
5896 28949
5897 21401
5897 41868
5898 7900
5898 9059
5898 23129
5898 27997
5898 30795
5898 33059
5898 47124
5900 12041
5900 45729
5901 44182
5902 42858
5902 45998
5903 23285
5903 39482
5904 49954
5905 26079
5905 44195
5906 27744
5906 37608
5908 16400
5908 28641
5909 18674
5909 25940
5909 32450
5910 31213
5910 41295
5911 41638
5912 25727
5912 48274
5913 20111
5913 40347
5914 27643
5914 42473
5915 23767
5915 24486
5915 43359
5916 13709
5917 19925
5917 29710
5918 33618
5918 41193
5919 7032
5920 24799
5921 25418
5921 28689
5921 39784
5922 9439
5922 14357
5922 45475
5923 14754
5924 12395
5925 25814
5926 23391
5926 36759
5927 6113
5927 7696
5927 9444
5927 27638
5928 8056
5929 12589
5929 37122
5930 24445
5931 22111
5932 18313
5932 32432
5932 44759
5933 26910
5933 29677
5933 34337
5933 47496
5934 34462
5935 6862
5935 36631
5935 39592
5936 6897
5936 25344
5936 42500
5937 41965
5939 6757
5939 25405
5940 32848
5941 35227
5942 11766
5943 48373
5944 22006
5944 24106
5944 32985
5944 49290
5946 24540
5946 28387
5948 14169
5948 41773
5949 7397
5949 23866
5949 25605
5949 37040
5949 39355
5950 27321
5950 27794
5950 49594
5953 22437
5954 7179
5954 41871
5955 22265
5955 33729
5956 34103
5956 39288
5957 6029
5957 30889
5958 14103
5959 22485
5959 34623
5959 46502
5960 10768
5961 6988
5961 20770
5961 29903
5961 38301
5963 14338
5964 28625
5965 42679
5966 22284
5967 20458
5968 11394
5968 13626
5968 38032
5969 25646
5969 40909
5969 43297
5969 48715
5970 18824
5971 35087
5972 13051
5972 17607
5972 18143
5972 20487
5973 44536
5974 31746
5976 38772
5978 10094
5978 22349
5978 47689
5979 8399
5980 38922
5982 25104
5983 38773
5985 33702
5985 41552
5986 14857
5986 42013
5987 9832
5987 16701
5987 41490
5988 10392
5989 44974
5990 13839
5990 32330
5991 10913
5991 33809
5991 41197
5992 16633
5992 27221
5993 24513
5993 35091
5993 44112
5993 47199
5993 47428
5994 18487
5995 32087
5995 42465
5996 12354
5996 38419
5996 40601
5997 19131
5998 32870
5998 37608
5998 42312
6000 23604
6000 28353
6001 26997
6002 6979
6004 7380
6004 11176
6004 22190
6004 39633
6005 12917
6005 31446
6005 32235
6005 43540
6006 24015
6008 47148
6009 9616
6009 37765
6010 36552
6010 37222
6012 33939
6012 43968
6013 10761
6013 35408
6014 43799
6016 43069
6017 34430
6018 41472
6019 18011
6019 25209
6019 43256
6020 6169
6020 16212
6020 29561
6020 36760
6020 49914
6022 13926
6022 19575
6022 25901
6023 14457
6023 20114
6023 21609
6023 46874
6023 48130
6024 9071
6025 20437
6027 17766
6028 34128
6030 10247
6030 18525
6030 34143
6031 24479
6032 22728
6033 11338
6033 38676
6035 22057
6035 26572
6035 40297
6036 45519
6037 30989
6038 29883
6038 44793
6038 46933
6039 19500
6039 23453
6039 29759
6039 49365
6040 8239
6040 9134
6041 16229
6041 22274
6041 39212
6043 20154
6043 43725
6044 23354
6044 27339
6045 29215
6046 7347
6046 22780
6046 45668
6048 48800
6049 12221
6049 38160
6050 24107
6051 30756
6051 43724
6052 14743
6054 21910
6054 31234
6054 45204
6055 19437
6055 37679
6056 21322
6057 14775
6057 19870
6057 38760
6058 37430
6060 16695
6060 23190
6060 40176
6060 46882
6061 27282
6061 28361
6061 34915
6062 20587
6063 40319
6064 13193
6064 29318
6064 35998
6064 40748
6065 48107
6065 48187
6067 38434
6067 40090
6068 48413
6069 12667
6069 41692
6070 15986
6070 34707
6071 10435
6071 19060
6073 22860
6074 12647
6075 6467
6075 24977
6077 48896
6078 25623
6078 31425
6080 44671
6081 41393
6082 38742
6083 8744
6084 11923
6084 19194
6084 33092
6084 35209
6085 16395
6085 20786
6085 28467
6085 33769
6087 14027
6087 14871
6088 15147
6088 46212
6089 22600
6090 29378
6090 49529
6091 19757
6091 31657
6093 38280
6093 44077
6093 47612
6094 31354
6094 31593
6095 46797
6096 12589
6096 29765
6097 13999
6097 31632
6098 15946
6098 49240
6099 29675
6100 17567
6100 35423
6100 48657
6100 49571
6101 10709
6101 19363
6101 24691
6102 36556
6104 27356
6104 30957
6106 15174
6107 11664
6108 28481
6110 24037
6110 48410
6112 7547
6112 41997
6113 9773
6113 35638
6114 28593
6114 42725
6114 48856
6115 24663
6115 33728
6116 35150
6116 36618
6116 42484
6118 34584
6118 38102
6119 11754
6120 42205
6121 13676
6121 32211
6121 39457
6121 39622
6122 29043
6122 47884
6123 29677
6123 36215
6123 46344
6124 15836
6124 21553
6124 24037
6124 27899
6125 24146
6126 12897
6126 13614
6128 7090
6128 12530
6128 19121
6128 26238
6128 47189
6128 49167
6130 46157
6130 48986
6131 17202
6131 49012
6132 36560
6133 7232
6133 26367
6133 33491
6134 22862
6134 36188
6134 37947
6135 34740
6136 33594
6137 27131
6137 36799
6137 44130
6138 27897
6139 10650
6139 19211
6139 34235
6140 21220
6140 38071
6141 23833
6141 28089
6142 14667
6143 34873
6144 9075
6145 12196
6145 21774
6146 31053
6147 42404
6149 16820
6149 28996
6151 9851
6151 12204
6151 17684
6151 46965
6152 32998
6153 15487
6153 24021
6153 27285
6153 38937
6154 28710
6154 37425
6155 25358
6155 26749
6156 14767
6156 35396
6157 26644
6158 14992
6158 29985
6158 30731
6158 44004
6159 10269
6159 29132
6160 23928
6160 25332
6160 39903
6162 25288
6162 42772
6165 15929
6165 17730
6166 14375
6166 26689
6167 19190
6168 24019
6168 39524
6168 41778
6170 36603
6171 12204
6172 7210
6173 8585
6173 18109
6173 42486
6174 35238
6175 13299
6175 20094
6176 37046
6176 40986
6176 42600
6176 48904
6179 28550
6180 8236
6180 35744
6180 49433
6181 32491
6181 44348
6182 30294
6184 33919
6185 22874
6186 45624
6187 26426
6187 36145
6187 45779
6187 48620
6188 22708
6188 31797
6188 34067
6189 15216
6189 17383
6190 23957
6191 18473
6191 34774
6191 47091
6192 13633
6192 27958
6192 28284
6193 19297
6193 19727
6193 40634
6193 46838
6194 13916
6194 49756
6195 15729
6195 15855
6195 36040
6196 22925
6196 26179
6196 29488
6197 30185
6198 39005
6198 47098
6199 37344
6200 16627
6200 20970
6200 34673
6200 43948
6200 45677
6201 19960
6202 19759
6202 30024
6203 19289
6203 20125
6203 39695
6204 34819
6205 41085
6206 15428
6207 26420
6207 32217
6207 35323
6207 42696
6208 27025
6209 15977
6209 41664
6210 22907
6212 22913
6213 28028
6214 31393
6216 10646
6216 18930
6216 49160
6217 15456
6217 16928
6217 28751
6218 38632
6218 43833
6219 16368
6219 35344
6219 46087
6219 49806
6220 38035
6221 23410
6222 13844
6222 42338
6223 7022
6223 24282
6224 13152
6224 36620
6225 15145
6225 18241
6226 19261
6226 47349
6227 9289
6228 7367
6229 41804
6229 43621
6230 8752
6231 19488
6231 49778
6233 44225
6234 26793
6235 21078
6235 34006
6235 47389
6236 16570
6236 19508
6236 19761
6236 29476
6236 35815
6236 37723
6237 7493
6237 30098
6237 39025
6238 10271
6238 34453
6239 8367
6240 32281
6241 10116
6241 21595
6241 39746
6242 13805
6242 33392
6243 47065
6244 32737
6244 38899
6244 43768
6245 16482
6246 16034
6247 10353
6247 11092
6248 15474
6248 16572
6248 36746
6250 37817
6251 11568
6252 28581
6252 44603
6253 26658
6254 8246
6254 28840
6254 43977
6255 25223
6256 19529
6257 48815
6258 8151
6258 19993
6258 41577
6259 16087
6259 22263
6259 23457
6260 14777
6261 13843
6261 43196
6261 46201
6262 41842
6263 29631
6264 40579
6264 43635
6265 18242
6265 25155
6266 15230
6266 19204
6268 14957
6268 21585
6268 26123
6269 43945
6271 13402
6271 37965
6272 17337
6272 41201
6273 39757
6273 43982
6274 13830
6274 23801
6274 26082
6274 26524
6274 26592
6275 18244
6275 19906
6275 36309
6276 20710
6277 24763
6277 30964
6278 25580
6279 10997
6279 35263
6279 38404
6280 12829
6280 23942
6280 32209
6282 38775
6282 47450
6282 47598
6283 9601
6283 29691
6283 44058
6283 44520
6284 10301
6284 36415
6284 37607
6285 9288
6285 21144
6285 23868
6285 27741
6286 14766
6288 24590
6288 29966
6289 19992
6291 25731
6292 20343
6294 23068
6294 34717
6295 30408
6297 42378
6298 30112
6298 42529
6298 45505
6299 9502
6301 11299
6301 12073
6301 22298
6301 32449
6305 24628
6305 32928
6305 36364
6306 11980
6306 33130
6306 39409
6306 41961
6308 12019
6308 30002
6309 44224
6311 10765
6312 11290
6312 19947
6312 23336
6312 29203
6313 8869
6314 37092
6315 15292
6315 28548
6315 33377
6316 18093
6316 39921
6316 40277
6317 42751
6317 47583
6318 6867
6320 41187
6321 20611
6322 17359
6322 22861
6322 29404
6323 9799
6323 9886
6324 8101
6325 21098
6325 46332
6327 6353
6327 11843
6327 12511
6327 16483
6328 39948
6329 16431
6329 29148
6330 34923
6330 47924
6331 11680
6331 24924
6331 28074
6332 31217
6332 34385
6332 42583
6333 36279
6334 49219
6335 12304
6336 16203
6337 17523
6339 6923
6339 24419
6339 49200
6340 27599
6340 27706
6340 30414
6341 7801
6341 27817
6342 23230
6343 8834
6343 16578
6343 28695
6343 33448
6343 47194
6343 49494
6344 31590
6345 27112
6345 45097
6347 13181
6348 47588
6349 16457
6349 22126
6350 9566
6350 35968
6351 27860
6351 35176
6351 41627
6351 44031
6352 28463
6352 41447
6353 26131
6353 41613
6353 42027
6354 6996
6354 21856
6354 44579
6354 48784
6355 11098
6355 17417
6356 19711
6356 24984
6356 40067
6356 47179
6358 24604
6359 17128
6359 28109
6360 9639
6360 37647
6361 20059
6361 25462
6362 7994
6362 8801
6362 29922
6362 40635
6362 49373
6363 28917
6363 43825
6364 21164
6364 42906
6365 42236
6366 16170
6366 25798
6367 22029
6367 31997
6368 41014
6368 44132
6369 31290
6369 31556
6369 44231
6370 11343
6371 36848
6372 29321
6373 12542
6374 20312
6374 20675
6375 19756
6375 22747
6375 25916
6376 44063
6377 12822
6377 18728
6377 40770
6380 14940
6381 11949
6381 19136
6381 26240
6382 22440
6382 33316
6382 41456
6383 20580
6384 8026
6384 33390
6385 18170
6387 26153
6388 19191
6389 30353
6389 45004
6390 36537
6390 39562
6390 46301
6391 46243
6392 7550
6393 10650
6393 21021
6393 30707
6393 41396
6393 49365
6394 21846
6394 45137
6395 34530
6396 36515
6397 25123
6397 48744
6399 14696
6399 47454
6400 10642
6402 15919
6402 40607
6403 11777
6404 6774
6404 40060
6405 6860
6406 16644
6407 27413
6407 40757
6408 39747
6409 35374
6409 39094
6410 15175
6410 21358
6411 25381
6412 12161
6413 41841
6414 14195
6414 19107
6414 22431
6414 48339
6415 21727
6417 29975
6418 13438
6418 29347
6418 34053
6420 6684
6420 31404
6421 31108
6421 47234
6422 13248
6422 49899
6423 10844
6423 18400
6424 8602
6424 33932
6424 36287
6424 45251
6425 11177
6425 13374
6425 36626
6427 18209
6429 24450
6429 36335
6430 16679
6430 44747
6431 26361
6432 14605
6432 31012
6434 7275
6435 7690
6435 20365
6436 48963
6437 33186
6438 30218
6439 9164
6439 26070
6439 33791
6439 36731
6439 48765
6441 35675
6442 9160
6442 21987
6443 30280
6444 33571
6445 40620
6446 24402
6447 19555
6448 32405
6448 37373
6450 11202
6450 38092
6451 16201
6451 41257
6453 19112
6453 25759
6453 28087
6453 35069
6454 13055
6454 46326
6455 28845
6455 34729
6456 29323
6457 25855
6458 41789
6459 47751
6461 8575
6461 44998
6461 46968
6462 13407
6462 29426
6462 37744
6462 39499
6462 45358
6463 11125
6463 17710
6463 41025
6464 27064
6466 14876
6466 17246
6466 31809
6466 36818
6466 38689
6467 14695
6467 15741
6467 24206
6467 25240
6467 27507
6468 11930
6468 19070
6468 29619
6469 31875
6469 32872
6470 17360
6470 21437
6471 43881
6472 7582
6472 15025
6472 29192
6472 36003
6473 7136
6474 7465
6474 16450
6474 35099
6474 45869
6474 45998
6476 16232
6476 21186
6476 38409
6476 46183
6477 42998
6477 49343
6478 38780
6479 43180
6480 8565
6480 9277
6480 10444
6480 10626
6480 30797
6480 30835
6480 32311
6480 44069
6480 49534
6481 24423
6481 37438
6481 39415
6482 18114
6482 25599
6482 42864
6482 45471
6482 48591
6483 9394
6483 14172
6483 19888
6483 25366
6484 45461
6484 49207
6485 7835
6485 41810
6485 42352
6486 22292
6487 8658
6487 12278
6487 40990
6488 7590
6488 22918
6488 31712
6489 40367
6492 10675
6493 12248
6493 22350
6493 49232
6494 44678
6495 11348
6495 29121
6495 40005
6496 18625
6496 35513
6496 49657
6497 8843
6498 18284
6498 24188
6499 33859
6499 49246
6500 26386
6500 40747
6500 47230
6501 31499
6502 12620
6502 12944
6502 46826
6503 47473
6505 16027
6505 31334
6506 26556
6506 41971
6508 27213
6508 27561
6509 10794
6510 29388
6510 34744
6510 43934
6510 47519
6511 20280
6511 28116
6511 29097
6511 44785
6512 19828
6512 24483
6512 44314
6515 30644
6515 43475
6516 26646
6517 14020
6518 22203
6518 34282
6518 46145
6518 48931
6519 8124
6520 13021
6521 13379
6523 22773
6523 31052
6523 33445
6523 37704
6523 42172
6524 20658
6525 12558
6525 40280
6525 41225
6526 32939
6527 33625
6527 37700
6527 44089
6528 36209
6529 8450
6529 21483
6530 19871
6530 40722
6531 25017
6531 39437
6532 15330
6532 32618
6532 37441
6533 26295
6533 34725
6533 41712
6534 7873
6534 10718
6534 44053
6538 18635
6538 28443
6538 36329
6539 7151
6539 33521
6539 42303
6540 17493
6541 7397
6542 11719
6542 15611
6542 30086
6542 32874
6542 34508
6543 19600
6543 43178
6544 12591
6544 14312
6544 16684
6547 8631
6548 43357
6549 25669
6549 26950
6549 31284
6550 8556
6550 41103
6551 34333
6551 48178
6552 27387
6553 42019
6554 17712
6555 24745
6556 26813
6557 19264
6557 23539
6557 28225
6557 41559
6558 21685
6558 44817
6559 19174
6560 45903
6562 35141
6563 11375
6563 48729
6564 41734
6565 28495
6565 34444
6566 40160
6566 49906
6567 33900
6567 38781
6569 10339
6570 23303
6571 13256
6571 18694
6571 40905
6572 25923
6573 17379
6573 19189
6573 30517
6573 35300
6574 7532
6574 20221
6575 46357
6576 10841
6577 7513
6577 17423
6579 7269
6579 7401
6580 28356
6580 41381
6581 7011
6581 23387
6581 40674
6581 48623
6582 26490
6582 49588
6583 7253
6583 11841
6583 32141
6585 18484
6585 24005
6585 31434
6586 26309
6587 23731
6588 23173
6588 28781
6588 48009
6589 9057
6589 20512
6589 26587
6592 12381
6592 15022
6592 30137
6592 36717
6592 38073
6592 39549
6592 43763
6592 46208
6593 26102
6593 27419
6593 29737
6593 32456
6593 41069
6594 33051
6595 45274
6596 27522
6597 13853
6597 33943
6598 22330
6598 38473
6600 11338
6600 17464
6600 21871
6600 41166
6600 48842
6601 49321
6602 14764
6602 32623
6603 17468
6604 13547
6605 11052
6605 23192
6605 32453
6606 23695
6607 14855
6607 25708
6607 44702
6608 31357
6609 9143
6609 9412
6609 22248
6609 28167
6610 24600
6612 21946
6612 39766
6612 49955
6613 25318
6613 33513
6613 34136
6613 49649
6614 25207
6615 37227
6615 46544
6617 14095
6618 14795
6618 21967
6618 30186
6619 17841
6619 42276
6620 7853
6620 17948
6620 21622
6621 7984
6622 37619
6624 14112
6625 36915
6626 25526
6627 29901
6628 33314
6628 40172
6628 47464
6629 14188
6629 26088
6630 30011
6630 35674
6630 38059
6631 20031
6631 35332
6632 8164
6632 22039
6632 32560
6632 44276
6633 15876
6633 40897
6634 29670
6636 41660
6637 32419
6637 41748
6638 8547
6638 17589
6639 46714
6640 26490
6640 30592
6641 35045
6641 44274
6642 15695
6643 19228
6643 23319
6643 39573
6645 40939
6646 35680
6647 35785
6648 39275
6649 33665
6649 42610
6650 12602
6650 36098
6651 8158
6651 26079
6651 35222
6652 7550
6652 39639
6653 37940
6654 12484
6654 32150
6654 36497
6655 35500
6655 37932
6655 43148
6656 19647
6658 19576
6660 8675
6661 44973
6662 47923
6664 17095
6664 36594
6664 41651
6667 20456
6669 10999
6669 17774
6670 23474
6671 30105
6671 39831
6672 32315
6672 33308
6672 45558
6673 40450
6674 8110
6674 21683
6674 30148
6674 37222
6674 38363
6674 42788
6676 11616
6677 11286
6677 36710
6677 48009
6678 11541
6678 13304
6679 20780
6679 34944
6679 46156
6680 18326
6680 19409
6680 32507
6680 34054
6682 10140
6682 14875
6682 44329
6683 49168
6684 19511
6685 10368
6685 17027
6686 11497
6686 36100
6687 32370
6688 49893
6690 28233
6691 8450
6692 6974
6692 48111
6693 12624
6695 18965
6695 26772
6695 30441
6695 31100
6697 9266
6698 22494
6698 36784
6699 35545
6700 43428
6700 47603
6701 44277
6703 18839
6703 47145
6704 33058
6705 21692
6708 29307
6708 47762
6709 8358
6710 32570
6710 48464
6711 35001
6711 39541
6713 30858
6713 34240
6714 6840
6715 49694
6717 8476
6717 18525
6717 22357
6717 30854
6718 17273
6718 32469
6718 43049
6719 11810
6719 40005
6723 26534
6723 45974
6723 47403
6724 10409
6724 11804
6724 28833
6724 36251
6725 8396
6725 18195
6726 33476
6726 33555
6727 29257
6728 46665
6729 7331
6730 13004
6731 39915
6731 40730
6732 18189
6732 22834
6733 19332
6733 21716
6734 34684
6734 48672
6735 22705
6735 32869
6735 35375
6735 44691
6737 13939
6738 23977
6739 13033
6739 18769
6739 28887
6740 21007
6740 34678
6740 35203
6740 48878
6741 49836
6742 33554
6743 9720
6743 39546
6745 49536
6746 12316
6746 34205
6746 46003
6747 13174
6747 22642
6747 44700
6748 28288
6749 44605
6750 27570
6751 6779
6751 12955
6751 34111
6752 22585
6752 27743
6752 40730
6753 46461
6753 48450
6755 29418
6757 17683
6757 25824
6759 15119
6759 29650
6760 11831
6760 35452
6760 48020
6761 20186
6761 32314
6761 32836
6762 8956
6762 15709
6762 32457
6762 32753
6762 40480
6762 42058
6763 20882
6764 23871
6764 37321
6764 47645
6765 31446
6766 13051
6766 16236
6766 29164
6766 39275
6767 9788
6767 13104
6767 18969
6767 21931
6768 40242
6768 41814
6768 41967
6769 23329
6769 31037
6769 31553
6769 47801
6770 27744
6770 45454
6771 42685
6771 49992
6772 11122
6772 11805
6772 23902
6773 14441
6773 25545
6773 28462
6774 6868
6774 24364
6775 48988
6776 43030
6777 22772
6777 28671
6777 46298
6778 45742
6779 8521
6779 32992
6780 49576
6781 39449
6781 46771
6782 11859
6782 29873
6783 25175
6783 49108
6784 10803
6784 16400
6784 16454
6785 19789
6785 41539
6786 20680
6786 30887
6787 17081
6787 23675
6787 36623
6789 33886
6790 46135
6791 13467
6791 49984
6792 24473
6792 41525
6792 45673
6793 14966
6793 23456
6793 35727
6794 14805
6796 11835
6797 48733
6798 27957
6799 13482
6799 40168
6799 47798
6801 10622
6801 14893
6802 16740
6802 21740
6802 29630
6804 19171
6804 40479
6805 19735
6806 40727
6807 35359
6807 39892
6807 42549
6811 10619
6814 13021
6814 25622
6814 30096
6815 33405
6815 49275
6816 31938
6817 27733
6818 12403
6818 16361
6818 23701
6818 33232
6819 15882
6819 17825
6819 18148
6819 26366
6819 39805
6819 48031
6820 28358
6820 40373
6820 42239
6821 34797
6821 40228
6822 13522
6822 22689
6822 45862
6823 49686
6824 25960
6824 38469
6825 23583
6827 7608
6827 34084
6828 46377
6829 38815
6831 21377
6831 32272
6831 38494
6832 8956
6832 17427
6832 38637
6832 40206
6835 29252
6837 13006
6837 16985
6837 34207
6838 19003
6839 30119
6839 36967
6839 40382
6839 46273
6841 9350
6841 34960
6841 40960
6842 36077
6842 49933
6843 45161
6844 21750
6844 39517
6844 42388
6845 23382
6845 23802
6845 42766
6846 32678
6847 28976
6847 38144
6848 40818
6848 48097
6849 11413
6849 32794
6850 9578
6851 19564
6851 22268
6851 25992
6852 40839
6852 47746
6853 17003
6853 42071
6854 7507
6855 10815
6855 41388
6855 41704
6856 18129
6856 22489
6857 46443
6858 7752
6858 41486
6859 21320
6859 30650
6859 30927
6860 15490
6861 21606
6861 24424
6861 24606
6861 29753
6861 40722
6862 42111
6863 15631
6864 37211
6864 37449
6864 40523
6866 21782
6866 33215
6867 7136
6867 31377
6868 33859
6869 23594
6869 28748
6869 39061
6870 16154
6871 36113
6871 37328
6872 22102
6872 27039
6872 38813
6872 44940
6872 47834
6873 16798
6873 24852
6873 31688
6873 47508
6873 49530
6874 18147
6874 31717
6875 9588
6876 9436
6876 11702
6876 27711
6876 42583
6876 49576
6877 24279
6877 27997
6877 28578
6877 37411
6877 46553
6878 34558
6878 40325
6879 14372
6880 14891
6880 15281
6881 8688
6881 22559
6881 47859
6882 11910
6882 12688
6883 11672
6883 16855
6883 25910
6883 49643
6884 18328
6884 19321
6884 26336
6884 48481
6885 7991
6885 23208
6885 32640
6886 11681
6886 17119
6886 23481
6886 35807
6886 49066
6887 21686
6887 40907
6888 8382
6888 47421
6889 21465
6890 13238
6891 15997
6891 20855
6891 40661
6892 45668
6892 49774
6893 30631
6894 18854
6894 22274
6894 49411
6896 11719
6896 11844
6896 18155
6897 22827
6898 28654
6898 29487
6898 29957
6899 13435
6901 9262
6901 20924
6902 13035
6902 20168
6902 49282
6903 46563
6904 25042
6905 41888
6905 42181
6906 22070
6906 29113
6906 46457
6907 9305
6907 37499
6908 15765
6908 17069
6908 43105
6909 17638
6909 18369
6910 19758
6911 38122
6911 41718
6911 49044
6912 22808
6913 20139
6913 21376
6914 29801
6915 8082
6915 46671
6916 10699
6916 29126
6917 27203
6917 40940
6919 11529
6919 47780
6921 32430
6921 36307
6922 12500
6922 28285
6922 31954
6922 41472
6923 13900
6923 23577
6923 26749
6924 17223
6924 22790
6926 38012
6927 7144
6927 42092
6928 19535
6928 30072
6929 35729
6930 10257
6931 10320
6931 19784
6932 39062
6933 18820
6933 26767
6933 29981
6933 41005
6933 43198
6934 10034
6934 21417
6937 14405
6938 16292
6938 30953
6938 39015
6939 18905
6939 22908
6940 11531
6940 25031
6941 12496
6941 21431
6941 24540
6941 35631
6942 31916
6943 39544
6944 20310
6944 22764
6944 37026
6945 15297
6945 26602
6945 32683
6945 35788
6945 40757
6945 48718
6946 10915
6949 11094
6950 14672
6951 24164
6951 39003
6952 48437
6953 26975
6953 45874
6954 10959
6954 34890
6954 47656
6956 14808
6956 15832
6956 23986
6957 31215
6957 34390
6957 48292
6958 10830
6958 21105
6958 43106
6959 44327
6960 7605
6960 31956
6960 39741
6960 43908
6962 11924
6962 22534
6963 44890
6964 28330
6964 33576
6964 45644
6965 9318
6965 36756
6966 11357
6966 21528
6967 24778
6967 28795
6967 46492
6968 18338
6968 36858
6968 38403
6969 12345
6969 18126
6969 42268
6970 40895
6970 43324
6971 7457
6971 11590
6971 49363
6972 24039
6972 27169
6972 27924
6973 14187
6973 26812
6973 32784
6973 46761
6974 17719
6974 29925
6975 10952
6975 20867
6975 20909
6976 8940
6976 24415
6976 24634
6977 35823
6978 12019
6978 13381
6978 16344
6978 19360
6978 23368
6979 17935
6979 23372
6981 7402
6981 22860
6981 33989
6981 36286
6982 16022
6982 29303
6982 33964
6983 32924
6984 17607
6984 18675
6984 41235
6986 19543
6987 14882
6987 36117
6987 43454
6987 44750
6990 45857
6992 12674
6992 15579
6992 25373
6992 26991
6993 11930
6994 13416
6994 23320
6995 18770
6995 45815
6995 47988
6996 15356
6996 15471
6997 17664
6997 34669
6997 40269
6997 49020
6998 38326
6998 44642
6999 24383
6999 26561
6999 39673
7000 18116
7000 21211
7001 19518
7001 27286
7001 47386
7003 33634
7003 47979
7004 19995
7004 21806
7005 9857
7006 20702
7008 19463
7008 32849
7008 35062
7009 29352
7009 40445
7011 14213
7011 48940
7012 8181
7012 11814
7013 11102
7013 12793
7013 24453
7016 24766
7017 31342
7017 48932
7018 42673
7019 13160
7019 15665
7020 38708
7022 12445
7022 19379
7023 10102
7023 31995
7024 45529
7025 10851
7025 22924
7025 39665
7025 39916
7025 45173
7026 41890
7027 35807
7029 16115
7029 23581
7029 35126
7030 32655
7031 45737
7032 16813
7033 16505
7034 37670
7034 38078
7035 7335
7035 20580
7035 48509
7036 17339
7036 49580
7037 24570
7038 8072
7039 32963
7040 12955
7040 18088
7040 27754
7040 28749
7041 21837
7041 24304
7041 36516
7041 43699
7041 46866
7042 38429
7042 43696
7043 14568
7043 28431
7043 41331
7043 42377
7044 14642
7044 14680
7044 16646
7044 40843
7045 27140
7045 33100
7045 35035
7046 31707
7046 33744
7047 39716
7048 27270
7048 34115
7048 38102
7048 46374
7051 9340
7051 25220
7051 32311
7052 25883
7052 28498
7053 23820
7055 42541
7056 32942
7057 29002
7057 32720
7057 37002
7057 38140
7058 33760
7058 40625
7059 22631
7059 30794
7059 38030
7061 49687
7062 33712
7062 39380
7064 30795
7064 48704
7065 21460
7065 28830
7065 44663
7067 13268
7068 11374
7068 15475
7069 40735
7069 41903
7070 8256
7071 30249
7071 33002
7071 44654
7072 19534
7072 23391
7073 7376
7073 42455
7073 43073
7074 9861
7074 16686
7074 24881
7074 32158
7075 22439
7075 23781
7075 32985
7076 13440
7077 23512
7077 36107
7078 12726
7079 38438
7080 34710
7081 24139
7081 28563
7081 47191
7081 48800
7082 20483
7082 23539
7083 13488
7083 20439
7083 23394
7084 7751
7084 12137
7084 28989
7084 29401
7085 28602
7085 40785
7086 12491
7086 18122
7086 42280
7086 48518
7087 15262
7088 26891
7088 34091
7088 49093
7089 26276
7089 28029
7089 49144
7090 15618
7093 14369
7093 26181
7093 34222
7094 14877
7094 14924
7094 24386
7095 10439
7095 25250
7095 25419
7095 37683
7096 30236
7096 30821
7097 14713
7097 30616
7098 22392
7099 46983
7099 48587
7100 9380
7100 43427
7102 20485
7102 29920
7103 10920
7104 10107
7104 47241
7105 36809
7106 20405
7106 28460
7108 28391
7108 48759
7109 14918
7109 37180
7109 46623
7111 26654
7112 9459
7112 11652
7112 41739
7113 18761
7113 23407
7113 23599
7113 31343
7113 31536
7114 11545
7114 14342
7116 27803
7116 30868
7116 38024
7116 48191
7118 31463
7118 34522
7118 37071
7119 26082
7119 38024
7120 17057
7120 44527
7121 29494
7121 29784
7122 26463
7122 41490
7123 41466
7125 24108
7125 24256
7125 34757
7128 28517
7129 20068
7130 16114
7130 36998
7130 38398
7131 18531
7131 27806
7132 32999
7132 33956
7133 23206
7134 11293
7134 15228
7134 26425
7135 15540
7136 49809
7137 22463
7137 45126
7138 18816
7138 21594
7138 44172
7139 26062
7139 32348
7140 7575
7140 30547
7140 43191
7141 10959
7141 17794
7142 32249
7142 38242
7142 39247
7142 47746
7143 49528
7144 29805
7145 33648
7147 33795
7147 43290
7147 44433
7148 35337
7151 46472
7152 14935
7152 21169
7152 32931
7152 37903
7154 42326
7155 23826
7155 30726
7155 31394
7155 36690
7155 39214
7156 9968
7156 12183
7157 23135
7157 44236
7158 35218
7158 48789
7158 49221
7160 8239
7160 12669
7160 23760
7160 34950
7161 32810
7161 38685
7161 40803
7162 16011
7165 41321
7166 35693
7166 47680
7167 10750
7167 17399
7167 26671
7168 15013
7168 39191
7168 39822
7169 30379
7169 34532
7170 9460
7170 23138
7171 17485
7171 35026
7172 38395
7173 44233
7174 43970
7174 47879
7174 48969
7176 12295
7176 16383
7176 31115
7176 32967
7176 48233
7180 18211
7180 25694
7180 28434
7180 45046
7180 47281
7182 20001
7182 35527
7183 24951
7184 18980
7184 24265
7184 36012
7185 17061
7185 48267
7186 33029
7186 48645
7187 46487
7188 40289
7189 47460
7189 48392
7190 45969
7191 17851
7192 39751
7193 43714
7193 45035
7194 28366
7195 45470
7196 13086
7196 27147
7196 38881
7197 29518
7197 35501
7197 47568
7198 32841
7199 29056
7200 24543
7200 35797
7202 17611
7202 38448
7203 29394
7203 33950
7203 48273
7204 22729
7204 46072
7205 32334
7205 43958
7206 32519
7208 17166
7208 17802
7208 27915
7208 33261
7210 10795
7210 28474
7210 47939
7211 48917
7212 8171
7212 38142
7213 47877
7215 24598
7216 27093
7216 47860
7218 25978
7218 32180
7218 32684
7219 24214
7219 26203
7219 41915
7219 46567
7221 15814
7221 30786
7222 20056
7222 30910
7222 33300
7224 34132
7224 35141
7225 35124
7226 43502
7228 28632
7228 41396
7228 43907
7230 23550
7230 46010
7231 19830
7231 24574
7231 37684
7233 13030
7234 12680
7234 23282
7236 18201
7236 40151
7237 28476
7237 38484
7238 14672
7238 48539
7239 29236
7240 35536
7243 12312
7244 26291
7245 18373
7245 46600
7246 33991
7247 10979
7247 11592
7248 16675
7248 31502
7248 41095
7250 44300
7251 40818
7252 12574
7253 21275
7253 23749
7253 44795
7254 17713
7254 25663
7255 24424
7255 43170
7256 40305
7257 10933
7257 27069
7258 11218
7259 7932
7259 8511
7259 19111
7260 22133
7261 9384
7261 27460
7261 31373
7262 8667
7262 31785
7263 26791
7264 26368
7264 33544
7265 47868
7265 48250
7266 33721
7267 30059
7268 33724
7268 41358
7268 49901
7269 39334
7269 41245
7270 13076
7271 25451
7272 16757
7272 18721
7272 26453
7272 36050
7273 26057
7274 8655
7274 27842
7274 34829
7274 38370
7274 42267
7275 19199
7276 38550
7277 7476
7277 17873
7277 46466
7278 10275
7278 23151
7280 9879
7280 18902
7280 33255
7281 35896
7281 38987
7282 10434
7282 32481
7283 31669
7283 38792
7283 45438
7284 22131
7284 47189
7285 16095
7285 48505
7286 20947
7287 25583
7288 27475
7288 28104
7288 35554
7289 17862
7289 18046
7291 7578
7291 18600
7291 45059
7292 14332
7292 30161
7293 15405
7294 37097
7294 44511
7295 9108
7295 9966
7299 22143
7299 49941
7300 13714
7300 28148
7301 38574
7301 44589
7302 22566
7302 35434
7303 42859
7303 49984
7304 26995
7306 17147
7306 41558
7308 32033
7309 24825
7310 27409
7312 20277
7314 32658
7314 40124
7316 24849
7316 32435
7316 43369
7318 13392
7318 23159
7318 28413
7318 37840
7319 14443
7320 24119
7321 18219
7321 29924
7321 40545
7323 40176
7324 27411
7324 29951
7324 40627
7327 36673
7327 37420
7328 37190
7328 40366
7328 43170
7329 42379
7331 35443
7333 11976
7333 46862
7334 49100
7335 7509
7335 28675
7336 31505
7337 29904
7337 39487
7337 48152
7338 18902
7338 48547
7340 29061
7341 42304
7342 42351
7343 29086
7345 21351
7345 27425
7346 40792
7347 28588
7347 48253
7348 43084
7349 22127
7349 39238
7349 45205
7350 16200
7350 35519
7351 16108
7352 20449
7352 24155
7352 48539
7353 47315
7354 17368
7357 7450
7357 20163
7357 23139
7357 29106
7357 30463
7358 37588
7359 15710
7359 38141
7360 14909
7360 28105
7360 28503
7360 35803
7362 18816
7363 49130
7365 10308
7365 17222
7366 19684
7366 20217
7367 13014
7368 17201
7368 19055
7368 28345
7368 29102
7368 33078
7370 13814
7372 20222
7373 49561
7374 8161
7374 17176
7374 36893
7374 45238
7374 49480
7375 37530
7375 42558
7376 27080
7377 7916
7377 10922
7377 34454
7377 48681
7379 13121
7380 14641
7380 18068
7380 26091
7381 16632
7382 47248
7383 22817
7383 31072
7383 38442
7383 42610
7383 48857
7384 42128
7385 14253
7385 34278
7386 29300
7388 11063
7388 32583
7388 43965
7388 47975
7389 25332
7389 46614
7391 29741
7392 20011
7392 44934
7393 29223
7393 29700
7394 43609
7396 23765
7397 41734
7398 15122
7398 39616
7399 41291
7400 10046
7400 20108
7401 19762
7401 25068
7401 28442
7401 42441
7401 49371
7402 31583
7402 37710
7404 41860
7405 23142
7405 28888
7406 30066
7406 43460
7407 16809
7409 26213
7409 36485
7410 36836
7411 9170
7412 11711
7412 22734
7412 23703
7412 43289
7413 9088
7413 16067
7415 17384
7415 39944
7416 36355
7418 13362
7419 39670
7419 44089
7421 21454
7423 26596
7423 32226
7423 36966
7424 13463
7424 48451
7425 31985
7425 37684
7425 47986
7427 45371
7428 10226
7428 38594
7429 25624
7429 30307
7429 33103
7429 43034
7430 16631
7430 42002
7431 37175
7432 29211
7432 41196
7433 29303
7434 24737
7434 31264
7435 23011
7438 8855
7438 24395
7439 18061
7439 46142
7443 8789
7443 11304
7444 16979
7444 40627
7444 49508
7445 19334
7445 40461
7447 42718
7448 10135
7449 46563
7449 49653
7450 18873
7450 23616
7450 40766
7451 12592
7451 18308
7451 18907
7451 43005
7452 10442
7452 41113
7452 41123
7453 36342
7454 16211
7454 44561
7455 15879
7455 16655
7455 27293
7456 47536
7457 10053
7457 39164
7458 25887
7458 31318
7458 35597
7458 43180
7459 11037
7459 41547
7460 17483
7460 18357
7460 34538
7461 34201
7462 27614
7463 30378
7463 47207
7464 9545
7464 36211
7466 32491
7467 11874
7467 22528
7467 33483
7468 31110
7468 44501
7469 12242
7469 14616
7471 21127
7471 25125
7471 46156
7472 12341
7472 35972
7473 22614
7473 24031
7476 14148
7476 38932
7477 13626
7477 47460
7480 22368
7481 12679
7481 12995
7481 17950
7481 45402
7482 15098
7483 34479
7484 10775
7484 19695
7484 29555
7484 33235
7485 32679
7486 27028
7487 23416
7487 31845
7487 32659
7488 15841
7488 25073
7488 30989
7488 47970
7489 11711
7489 21437
7489 24682
7493 7727
7493 20690
7493 43754
7493 44891
7495 15733
7495 40848
7497 9965
7498 47810
7499 8334
7499 12267
7499 13588
7499 25149
7500 9926
7500 19881
7500 26173
7502 21463
7502 37676
7502 44117
7502 46826
7502 47911
7503 10279
7503 25988
7503 37399
7504 43176
7505 18556
7505 25616
7505 31402
7505 47972
7505 49023
7506 7928
7506 30331
7506 31688
7506 37603
7507 13368
7508 36773
7509 8885
7509 14038
7509 29548
7510 20722
7510 21481
7511 17241
7511 22495
7511 28495
7511 47021
7512 13855
7512 20613
7512 28396
7512 42556
7513 20208
7515 18695
7515 23487
7515 30449
7515 44866
7515 45639
7515 49434
7516 40713
7517 47195
7518 46623
7519 20580
7519 24694
7519 38638
7520 40049
7520 41054
7520 44441
7522 7846
7522 22876
7522 40723
7523 13099
7523 35981
7524 10166
7524 14863
7524 27795
7525 47064
7526 16754
7526 18752
7526 33091
7527 13233
7527 29151
7527 42742
7527 45219
7528 10516
7528 39241
7530 20518
7530 31776
7531 24451
7531 41241
7535 8818
7535 11395
7535 21189
7535 41504
7536 29156
7537 14043
7537 19427
7538 10029
7539 13816
7540 32483
7541 12270
7541 20093
7541 30944
7543 27200
7544 45408
7545 21341
7545 24524
7546 46033
7547 10027
7547 14885
7547 25866
7549 27572
7549 36836
7551 34305
7552 21532
7552 24730
7552 27262
7554 39333
7555 28393
7555 29957
7555 32298
7556 9634
7556 46189
7559 45563
7560 15369
7561 19481
7561 28648
7561 30206
7561 30788
7561 36256
7561 45975
7562 8372
7562 13188
7562 13474
7562 21883
7564 34378
7565 12255
7565 13142
7565 25299
7566 13925
7566 45330
7567 28210
7568 26482
7571 12807
7571 17870
7571 45597
7572 17220
7572 18106
7573 39602
7575 30215
7575 38403
7576 14970
7576 38571
7576 48138
7577 26430
7579 31359
7579 44850
7580 19697
7580 23041
7580 28147
7580 37075
7580 48765
7582 8426
7582 32325
7582 41458
7582 45804
7583 28547
7584 34895
7584 41162
7585 23294
7585 28010
7585 36405
7585 39740
7586 38034
7587 9858
7588 15979
7589 12820
7589 32049
7590 42146
7591 48531
7593 15909
7593 37235
7594 20325
7594 40031
7595 16143
7598 11228
7598 26764
7598 34292
7600 19599
7600 38279
7600 47106
7603 23912
7603 39605
7604 38704
7605 38045
7607 8873
7607 23511
7608 13598
7608 37765
7609 19652
7610 38224
7610 40533
7610 44267
7611 32153
7613 28105
7613 33521
7613 39329
7613 43040
7613 47162
7614 16992
7614 20201
7614 38893
7615 10500
7615 44305
7616 9618
7616 41081
7617 20797
7617 29288
7618 8349
7619 13027
7620 23179
7621 30436
7622 39384
7624 13932
7624 17469
7624 36792
7625 11354
7625 46482
7626 30883
7627 24545
7629 21070
7629 28646
7629 29336
7630 10599
7630 12776
7630 20032
7631 15153
7631 36600
7632 19370
7632 20423
7633 38371
7634 44949
7635 29118
7636 14502
7636 16914
7636 27830
7636 40547
7637 15377
7637 35651
7638 22552
7639 20409
7639 28522
7640 9126
7640 17988
7641 37156
7641 46615
7642 8190
7642 13206
7642 13266
7642 25448
7642 28726
7642 35532
7644 12226
7644 17047
7644 45530
7645 33626
7649 33252
7649 44945
7649 45321
7651 16902
7651 17591
7651 31090
7651 34519
7651 36359
7651 48084
7652 12621
7652 22598
7654 24800
7654 32452
7654 40282
7655 24859
7655 29990
7656 18747
7657 30452
7657 49473
7658 13671
7658 18165
7658 27329
7660 26136
7660 38866
7661 37933
7662 21979
7662 35466
7662 48405
7663 12491
7663 26410
7664 26812
7665 45697
7666 8402
7666 8881
7667 7979
7667 10792
7667 31339
7667 34822
7668 30855
7669 47570
7670 12208
7670 31428
7671 46979
7672 23788
7672 35537
7673 35623
7674 13544
7674 46060
7676 28102
7676 48695
7678 31277
7679 10330
7679 18566
7681 15048
7681 37612
7683 10713
7683 32574
7684 10836
7684 21438
7684 37966
7685 18305
7685 38021
7685 38766
7686 11318
7686 18722
7686 21943
7686 47557
7687 33250
7688 11423
7691 15169
7691 39829
7692 26320
7693 46100
7694 8510
7694 14283
7694 34455
7695 16340
7695 39870
7696 44579
7698 38807
7699 26221
7699 32321
7700 9105
7700 48518
7701 30598
7701 36259
7702 13983
7702 41773
7703 12336
7703 15054
7703 37648
7703 46696
7704 8607
7704 13954
7704 35989
7705 17772
7705 19303
7705 20106
7706 20191
7707 10855
7707 16600
7709 11511
7709 37852
7710 8880
7710 33998
7710 39998
7711 34648
7713 26371
7713 29739
7713 37021
7713 40924
7714 13117
7715 8089
7715 25770
7715 33859
7716 40645
7718 43252
7719 38860
7719 47201
7720 24431
7720 38087
7721 31791
7721 44235
7722 38241
7722 44672
7723 9379
7724 9173
7724 24126
7724 40311
7724 49761
7725 44900
7726 28442
7727 8084
7727 16090
7727 47990
7728 10251
7728 26648
7728 38646
7729 13089
7729 22566
7729 31673
7730 27258
7731 40578
7732 22282
7733 25049
7733 45321
7735 10619
7737 43398
7738 9450
7738 15415
7738 22041
7738 39051
7738 49910
7739 35868
7739 44305
7740 35605
7740 41628
7740 49005
7741 13724
7741 17958
7741 28890
7742 8387
7744 9705
7744 14414
7744 23425
7744 30316
7744 35139
7744 48060
7745 37229
7746 15772
7747 12097
7748 24631
7749 11522
7749 23294
7749 45528
7752 12781
7752 19818
7753 34655
7753 34867
7754 8825
7754 15832
7754 24275
7755 26919
7757 27183
7758 44665
7758 46812
7758 49787
7759 17977
7759 38937
7759 39988
7759 40168
7759 49301
7760 30597
7761 19357
7761 42169
7762 17505
7763 11521
7763 37355
7765 16583
7766 22992
7766 31965
7767 25814
7767 27727
7767 36307
7768 25136
7769 14454
7769 23409
7769 34521
7770 38288
7770 42875
7770 44979
7770 46247
7771 39623
7771 42995
7772 31876
7772 48178
7773 31072
7773 40142
7773 44604
7774 12998
7774 21183
7775 20429
7775 43905
7777 11709
7777 33586
7777 48942
7780 30232
7781 21655
7781 25726
7781 36628
7781 44875
7782 13100
7782 41853
7782 48584
7783 47988
7785 13248
7785 14666
7785 47787
7786 28812
7787 32321
7787 41372
7788 33094
7788 40024
7789 26061
7789 47101
7789 49113
7790 24940
7791 11423
7791 46815
7792 32926
7792 38171
7792 42601
7793 47919
7794 29883
7794 30662
7794 33171
7795 26706
7795 37252
7796 33867
7798 14075
7799 43985
7800 13735
7800 28957
7800 31615
7800 34097
7801 10638
7802 37448
7802 39364
7803 15687
7803 16039
7803 24711
7804 30275
7806 17468
7806 19005
7808 36497
7809 8098
7810 29921
7810 29937
7810 37557
7811 9302
7811 39379
7812 15983
7813 30795
7813 38499
7814 11831
7814 12543
7814 15339
7817 8837
7817 19755
7817 23038
7817 36124
7818 30683
7818 36072
7819 12482
7819 47256
7819 49204
7822 16192
7822 30917
7824 9990
7824 17531
7825 14474
7825 31899
7825 48655
7825 49271
7827 23199
7827 35723
7827 49021
7828 10068
7828 35149
7829 26935
7829 29537
7829 33153
7830 9271
7830 38030
7830 40513
7830 47066
7831 22777
7832 45445
7833 24494
7834 23648
7835 36482
7836 15974
7837 19704
7837 33877
7839 8644
7839 42407
7839 44151
7840 27638
7840 48800
7841 22937
7841 24922
7841 47756
7842 49568
7843 36007
7844 13378
7844 15570
7844 25428
7844 47709
7845 48530
7846 44120
7847 12874
7848 12912
7848 49702
7849 11131
7849 29650
7850 14249
7850 15327
7850 21823
7851 17514
7851 36900
7852 24365
7852 29807
7853 23405
7854 36327
7855 26472
7855 36812
7855 47851
7856 31286
7856 41702
7857 16333
7857 31238
7857 40291
7859 20807
7859 24297
7859 35658
7861 45640
7863 22322
7863 34413
7863 40587
7864 33489
7864 48082
7865 13568
7865 13939
7865 41892
7867 27435
7868 17432
7868 36857
7869 43107
7870 18420
7870 31389
7870 41812
7871 12103
7871 35936
7871 39122
7874 21721
7875 29973
7876 37029
7876 40771
7877 16337
7878 42586
7880 23413
7880 35689
7880 38414
7881 16826
7882 32110
7882 49512
7883 11999
7883 23464
7883 46188
7885 10742
7885 18073
7885 34878
7886 38522
7890 25130
7890 42281
7891 15472
7891 28927
7892 12017
7892 12193
7892 19029
7892 31554
7893 12981
7893 18295
7893 36819
7895 17931
7896 9319
7896 11375
7896 35058
7896 38429
7896 41547
7897 8752
7897 11658
7898 24768
7898 37817
7899 30922
7899 48179
7900 27718
7900 42578
7902 12281
7902 24385
7902 29823
7903 36651
7906 20209
7906 33107
7909 24514
7909 35466
7910 19070
7910 49726
7911 8519
7911 41872
7911 45898
7914 9281
7915 10786
7915 28713
7916 11340
7916 23365
7917 43847
7919 22412
7919 23650
7919 31998
7919 36787
7919 39835
7919 43474
7920 32013
7921 16695
7921 19670
7922 22255
7923 30290
7924 31932
7925 12523
7925 24061
7926 10330
7926 29980
7927 31877
7930 16242
7930 40540
7930 41731
7932 18319
7932 44301
7933 37836
7935 23413
7935 25988
7935 42442
7936 12206
7936 17126
7936 20690
7936 33040
7937 23355
7938 9430
7938 9999
7938 30052
7938 34631
7938 36099
7939 16033
7940 13887
7940 46602
7941 8805
7942 15523
7942 18253
7943 21664
7943 49364
7945 33028
7948 16930
7949 7984
7949 9308
7951 44717
7952 17683
7952 47170
7953 13136
7953 28997
7954 21224
7954 25778
7954 30082
7954 30997
7955 34898
7955 47426
7956 21496
7956 45921
7957 31290
7957 40169
7957 49110
7958 25346
7958 28219
7958 46915
7960 12260
7961 10183
7961 12591
7961 29403
7961 43325
7963 14358
7963 17594
7963 43309
7964 14919
7964 16831
7964 35280
7965 14232
7966 26180
7967 33323
7969 13857
7969 25659
7970 30008
7970 43755
7971 33738
7972 24264
7972 32241
7972 32600
7975 42768
7976 9375
7976 30808
7977 28929
7977 30736
7979 34146
7981 25993
7982 49803
7983 16516
7983 22268
7983 30380
7983 42562
7984 34663
7985 27324
7985 34937
7986 8274
7986 8911
7986 11678
7986 26751
7987 13718
7988 16026
7990 11341
7990 26323
7990 48685
7991 20221
7991 23235
7991 46803
7992 8503
7992 12762
7993 19076
7993 31629
7995 44344
7996 33821
7997 16442
7997 23661
7999 46823
8000 22455
8001 23937
8002 26959
8003 9357
8003 14096
8003 31524
8003 37670
8005 19081
8005 28676
8006 22877
8006 38258
8007 43925
8009 18571
8009 34361
8009 39418
8009 48843
8010 48176
8011 17430
8011 25732
8011 27911
8011 37806
8011 49650
8012 22301
8012 47302
8013 39606
8013 42050
8014 42399
8015 13520
8015 28551
8015 28890
8016 13073
8016 29280
8016 30579
8017 18061
8018 29583
8018 36531
8020 9729
8020 12923
8021 47371
8022 25066
8023 23372
8024 10997
8024 39884
8025 23047
8025 47847
8027 26544
8027 41572
8028 26457
8029 12257
8029 27246
8030 26260
8030 32475
8030 36467
8031 30552
8031 32580
8031 45275
8031 48518
8034 9714
8034 37990
8036 33363
8037 43272
8038 41782
8039 33348
8040 24778
8042 21256
8042 33924
8043 20494
8045 32432
8045 40842
8046 23217
8046 42589
8046 47154
8047 15193
8047 25027
8047 26972
8047 28172
8047 38666
8047 44567
8048 13227
8048 18687
8048 19839
8048 30705
8048 45255
8049 26204
8049 31330
8049 43465
8049 43986
8050 32558
8051 8073
8051 30971
8051 44517
8053 45655
8054 15909
8055 45916
8056 15659
8056 45269
8057 43266
8059 38380
8060 12599
8060 33335
8062 47476
8063 12139
8064 28461
8064 35621
8065 11204
8066 46464
8067 22638
8067 41028
8068 15458
8068 43875
8069 27418
8071 19904
8072 12529
8072 40848
8073 16908
8073 37484
8074 14170
8074 28062
8074 33256
8074 48200
8075 28649
8077 11923
8078 19504
8078 26043
8078 37731
8079 16411
8079 22805
8080 34494
8080 37040
8081 25555
8082 43528
8084 20648
8084 35948
8084 49350
8085 23437
8085 43099
8087 28497
8088 45424
8089 32193
8089 40023
8089 42123
8089 49974
8090 27437
8090 27454
8090 46867
8091 37214
8091 43377
8092 17228
8092 31649
8092 40031
8093 41877
8095 13677
8095 30721
8095 33046
8095 42713
8097 16033
8097 17533
8097 24800
8097 41956
8097 49345
8098 8372
8098 18533
8099 39439
8101 24284
8101 31071
8102 16479
8102 34939
8103 30960
8103 35434
8104 30023
8104 40922
8106 31563
8107 18552
8107 35336
8110 22489
8111 36728
8112 21166
8113 8833
8113 18694
8113 23225
8114 9197
8114 16672
8114 22512
8114 38347
8115 10215
8116 28276
8119 28660
8119 46947
8120 11232
8120 49771
8122 14959
8122 41761
8123 44027
8123 44953
8124 17041
8124 18254
8124 24684
8125 37191
8127 18699
8128 41322
8128 49026
8129 15578
8129 16522
8129 21964
8129 42435
8129 44155
8130 17054
8130 26807
8130 30190
8131 11550
8131 31708
8131 34927
8131 39880
8132 13283
8132 35391
8132 42630
8135 17226
8135 24810
8135 38625
8136 43672
8137 31537
8137 37495
8138 14526
8139 48692
8140 32300
8141 26907
8142 9718
8142 38369
8143 33978
8143 35138
8144 23540
8144 44826
8145 21682
8145 34410
8145 37477
8146 16333
8146 17011
8147 13194
8147 46380
8148 22192
8148 44807
8149 32182
8151 47181
8151 47363
8151 49470
8152 15480
8152 32713
8152 46847
8154 21927
8156 46702
8157 11590
8158 28290
8159 9251
8159 31727
8159 39771
8160 15847
8160 19327
8160 20142
8160 24054
8160 30687
8162 23806
8163 15912
8163 31824
8164 22569
8164 25486
8164 27835
8164 29354
8165 11421
8166 23041
8166 31115
8167 31702
8168 9006
8169 26871
8169 49184
8170 22936
8171 20538
8171 36672
8173 23862
8173 34246
8173 37986
8174 26349
8176 9975
8176 16088
8176 39389
8177 24012
8177 24309
8179 25853
8179 43983
8180 36569
8181 19139
8181 40093
8181 47766
8182 38945
8183 21353
8183 37067
8184 18631
8185 18358
8185 23254
8185 45972
8186 15876
8186 20900
8186 44421
8187 32801
8187 35338
8187 49494
8190 23779
8190 40092
8191 18583
8193 9279
8193 23832
8193 31770
8193 45288
8193 47011
8194 22382
8194 45393
8195 49682
8196 38526
8197 25989
8197 37628
8197 43226
8198 17927
8198 17967
8198 45990
8199 36537
8199 45022
8200 34444
8201 22055
8201 32950
8203 11272
8204 9227
8204 28275
8204 43385
8205 18040
8206 19392
8208 31095
8210 13400
8210 28901
8211 25986
8212 16392
8212 34099
8212 43564
8213 32881
8214 23823
8214 26465
8214 34085
8214 35683
8215 21536
8215 37699
8215 38959
8215 48937
8216 17005
8216 36946
8218 28865
8218 30724
8218 40026
8219 25032
8219 36410
8219 37280
8219 42878
8219 44621
8221 15001
8221 30964
8222 25950
8222 30051
8223 21256
8223 27692
8223 40411
8224 16328
8226 28380
8227 30876
8228 14263
8229 16942
8230 22651
8230 33131
8231 30218
8231 31346
8231 41764
8231 44278
8232 16929
8232 27628
8232 35257
8232 39421
8232 48282
8233 14965
8233 26949
8234 12165
8235 15177
8235 27698
8235 33336
8235 34471
8236 27202
8237 31681
8237 36852
8238 21066
8238 21610
8239 22757
8239 36188
8239 46821
8241 21022
8243 20709
8243 25130
8243 29898
8243 33406
8243 47427
8245 26442
8245 38871
8246 20181
8246 42111
8247 11491
8247 39622
8247 45827
8247 46037
8248 30342
8249 36412
8250 11706
8250 36623
8250 40994
8251 36985
8252 15790
8253 20846
8253 28805
8253 30524
8253 31553
8254 46508
8255 43932
8256 14479
8257 9784
8257 36549
8257 38851
8258 30718
8258 34473
8260 10824
8260 28152
8260 33647
8260 34990
8261 14559
8261 48328
8262 19788
8263 46233
8264 12749
8266 19733
8266 35622
8266 45449
8267 49612
8268 19693
8268 20847
8269 20783
8269 34455
8269 36359
8269 41601
8270 38434
8272 11384
8272 22555
8272 39728
8273 30602
8274 14931
8274 23575
8275 19545
8276 41184
8277 22366
8277 41973
8278 25416
8278 29435
8278 39554
8280 24685
8280 49802
8282 20098
8282 26488
8282 45023
8283 26408
8283 42090
8283 42446
8284 20094
8285 15655
8285 24797
8286 20805
8286 28086
8287 17369
8287 27260
8288 8395
8288 45228
8289 10927
8289 16692
8289 40023
8290 25833
8290 27206
8290 30306
8290 39067
8291 29239
8292 15176
8292 45746
8293 24268
8295 47390
8296 32451
8296 41365
8296 44973
8297 18107
8297 33192
8299 23997
8299 32148
8299 35566
8299 39641
8300 13663
8300 39164
8301 13323
8301 43446
8301 45919
8302 22792
8303 42895
8304 23973
8305 22413
8306 23240
8306 29729
8306 46693
8307 37206
8309 28199
8309 33447
8309 49114
8310 14520
8310 16361
8310 16956
8310 39453
8311 28579
8312 16503
8312 28328
8312 43905
8312 48617
8314 27557
8314 48846
8315 19260
8315 19632
8315 21732
8316 15561
8316 25795
8317 28206
8318 19617
8318 38965
8319 25358
8319 29744
8319 38592
8319 49716
8320 10392
8320 48533
8320 49536
8321 33171
8321 46266
8322 14094
8322 21574
8322 29563
8322 35853
8324 9963
8324 19184
8324 19923
8324 23926
8325 31406
8326 27444
8327 33097
8328 21544
8328 25161
8328 37530
8328 45714
8330 34476
8330 40938
8331 11099
8331 11812
8331 46159
8331 47105
8332 24959
8333 16554
8333 40826
8334 10146
8334 25735
8335 30770
8335 40802
8336 17186
8339 11633
8339 41276
8340 34297
8340 36354
8341 38619
8342 46325
8343 12999
8343 16314
8343 21016
8343 34078
8343 46881
8344 37636
8346 13544
8346 27089
8346 38517
8347 11880
8347 17937
8348 29931
8348 31004
8350 9969
8350 15010
8350 35565
8351 26321
8351 34064
8353 22264
8354 9294
8354 39009
8355 9036
8355 17425
8357 22181
8358 41790
8359 8577
8359 38561
8360 12194
8360 12717
8360 47098
8360 48537
8361 12298
8361 26443
8362 30021
8362 47102
8363 45627
8363 48798
8364 19457
8364 34654
8364 36063
8365 24246
8365 48429
8366 25303
8366 27508
8366 48422
8368 30202
8368 34231
8370 48349
8371 33514
8371 39126
8372 28701
8373 26820
8373 32401
8373 36528
8373 45935
8373 47908
8375 19257
8376 33405
8376 37502
8376 45380
8377 41123
8378 22071
8379 17807
8379 20360
8379 43028
8380 10251
8380 48392
8381 19929
8381 47018
8382 10761
8382 49771
8383 30738
8385 8582
8385 12058
8386 18849
8387 32981
8389 21311
8389 29924
8389 33263
8389 44565
8390 36326
8390 41394
8392 13735
8392 26288
8393 26786
8394 11985
8394 35930
8395 13418
8395 25220
8395 32384
8395 34101
8395 44254
8397 19027
8397 21348
8397 43761
8397 46489
8398 11455
8398 22684
8398 43828
8399 18880
8400 13310
8401 30197
8402 14094
8402 42061
8403 18481
8403 36889
8404 27960
8404 47812
8405 22388
8405 31293
8406 23758
8408 16326
8408 28346
8408 40057
8409 8578
8409 13885
8409 31967
8411 15383
8411 30405
8411 37497
8411 46415
8411 46712
8412 23876
8413 30882
8414 36966
8414 48626
8417 26022
8417 32818
8417 48012
8418 49622
8419 46305
8419 49498
8420 12709
8421 19503
8422 21581
8422 42572
8423 22119
8423 29507
8425 27505
8426 48084
8427 33660
8427 37460
8427 44348
8428 41603
8428 44072
8429 35861
8430 33384
8430 46328
8431 40088
8432 10514
8432 28875
8433 11746
8433 40816
8434 13755
8434 18295
8434 19464
8434 27873
8435 25795
8435 42345
8436 11119
8436 27023
8436 45497
8437 29885
8437 41851
8438 10997
8440 31344
8440 33049
8441 14920
8442 13647
8442 15501
8442 17241
8443 30938
8443 34582
8444 20280
8447 10396
8447 19150
8447 36215
8448 22644
8448 32553
8449 29378
8450 14967
8450 25524
8450 27241
8450 44497
8450 47674
8451 41767
8454 9638
8454 35621
8455 16711
8457 14675
8457 42842
8459 15733
8459 38877
8460 20339
8460 47761
8461 19691
8462 13430
8463 14970
8463 46175
8465 15214
8465 18909
8465 22046
8465 36761
8465 38282
8468 9977
8468 19333
8468 36248
8469 48785
8470 42561
8472 36755
8473 18795
8473 22841
8473 44297
8474 18473
8474 31842
8474 33192
8476 14650
8476 17339
8477 32413
8477 38086
8477 48919
8478 29701
8478 41956
8479 20598
8481 18410
8482 39357
8482 48993
8483 10169
8484 26301
8484 48405
8485 41632
8487 15267
8487 37400
8488 47324
8489 11570
8489 29778
8490 30346
8491 32760
8491 46627
8492 49507
8493 33804
8495 41878
8495 42553
8496 16527
8497 18026
8502 35610
8503 27107
8505 16825
8505 37414
8505 42459
8506 19142
8506 43344
8507 23805
8507 47782
8508 25491
8508 40222
8510 21306
8510 34280
8513 20920
8513 42629
8514 15544
8517 31126
8517 46921
8518 9153
8519 8967
8519 40472
8519 44067
8521 18392
8522 15031
8522 16499
8523 11147
8523 29747
8523 32258
8524 14784
8524 45643
8526 9287
8526 33707
8526 40955
8526 43423
8530 25724
8530 31665
8532 11854
8532 31640
8533 17966
8533 47119
8534 13661
8534 35135
8535 16191
8535 47134
8536 21904
8536 32451
8537 17301
8537 27827
8539 22812
8539 29477
8540 48514
8542 22441
8542 41689
8544 12689
8545 16800
8545 24548
8545 48238
8546 12305
8546 14693
8546 40343
8548 14528
8548 31729
8549 28269
8549 44846
8549 46082
8551 33695
8551 48911
8552 26898
8553 20807
8553 39444
8554 23043
8554 29484
8557 36142
8557 43958
8558 11694
8559 8731
8559 22631
8560 24141
8560 34720
8561 16950
8561 27290
8561 45348
8562 33265
8562 45354
8564 17354
8564 22734
8565 14459
8565 33065
8566 47768
8568 15462
8568 49385
8569 11234
8569 12187
8569 22539
8569 35822
8569 44063
8570 18769
8571 33210
8571 47470
8572 33955
8572 46136
8573 9646
8573 17796
8574 49649
8575 17020
8576 30640
8578 16430
8578 35551
8578 49331
8580 33396
8580 49327
8581 18895
8581 21658
8581 41501
8581 43399
8582 9462
8582 20629
8582 25715
8583 17532
8583 34958
8583 35404
8583 48060
8584 16100
8584 23776
8585 20854
8585 28956
8586 25066
8586 33219
8587 9021
8587 40257
8588 18026
8590 35509
8590 47005
8590 47299
8591 49888
8593 49605
8595 29263
8596 22613
8596 23818
8597 45211
8598 31835
8600 33711
8600 33985
8601 22455
8601 30290
8601 47854
8602 12521
8603 26192
8603 33549
8604 11679
8604 29912
8605 28774
8606 39830
8606 45809
8606 49636
8607 11514
8607 13069
8607 24778
8607 33350
8607 45854
8608 19933
8608 47941
8609 22834
8609 23833
8609 32824
8609 37351
8609 42227
8610 21755
8611 42058
8612 44323
8613 29663
8613 47746
8614 49984
8615 8816
8615 11233
8615 16411
8615 22476
8619 17449
8619 24402
8621 26521
8621 29203
8622 21535
8622 35366
8622 39288
8623 44949
8623 48767
8625 19997
8625 43781
8626 16879
8626 45269
8627 21158
8627 49960
8628 14278
8628 18390
8628 22031
8628 27609
8628 48353
8629 19750
8629 26297
8630 14873
8630 34615
8631 30675
8632 14031
8632 21923
8632 38507
8632 38952
8632 40995
8633 9234
8633 31927
8633 34964
8634 37294
8636 13575
8636 18056
8636 36251
8636 38485
8637 33372
8637 44874
8638 10835
8638 28111
8640 9387
8640 20693
8640 35328
8641 25196
8641 28081
8641 45670
8642 28579
8643 32931
8643 48112
8645 9433
8645 45205
8646 33545
8646 39086
8647 20165
8650 22614
8650 30417
8650 35728
8652 19035
8652 23405
8653 22702
8653 24815
8654 32181
8655 48546
8656 8711
8656 22106
8656 36219
8657 24657
8658 48069
8659 15709
8661 17761
8661 23678
8661 34231
8661 41756
8661 47177
8662 34091
8662 36246
8664 45702
8665 9113
8665 48083
8666 30288
8666 39623
8667 32302
8667 34513
8668 31843
8669 10834
8669 37179
8670 18723
8671 44029
8672 15464
8672 45003
8673 12217
8673 32103
8675 33210
8675 40812
8675 48697
8677 16004
8678 12667
8678 14613
8678 37841
8681 15192
8681 26397
8682 15150
8682 31455
8683 31449
8683 44504
8685 19668
8685 23866
8685 36244
8686 15256
8686 24560
8686 32453
8687 14137
8688 48251
8689 20843
8691 46762
8691 47981
8692 10601
8692 14079
8692 16709
8693 18428
8693 45184
8693 48312
8694 8957
8694 25819
8696 16034
8696 49762
8697 24086
8697 35268
8699 9175
8699 14741
8699 33546
8700 20949
8700 26936
8700 42994
8700 49921
8701 11306
8701 16536
8701 32153
8702 27543
8702 49947
8705 25958
8705 27905
8705 33212
8705 41356
8706 10493
8708 35615
8710 10124
8710 36146
8711 40671
8712 26055
8712 31744
8712 42873
8713 21483
8713 43596
8714 23106
8714 32708
8715 34419
8716 40240
8717 38925
8717 47329
8718 11733
8718 14438
8718 21005
8719 10304
8719 13869
8720 46195
8721 19315
8721 24969
8721 27376
8721 43581
8722 18312
8723 11414
8723 46642
8724 15620
8724 37249
8726 12859
8727 28746
8728 9514
8728 43342
8728 47081
8730 39396
8731 9350
8731 36398
8731 41592
8731 43404
8732 26771
8732 37111
8732 39247
8734 23266
8735 46302
8736 45009
8738 47586
8739 45398
8741 12124
8741 25409
8743 19536
8744 33413
8744 39778
8744 49605
8746 12725
8746 30361
8747 18000
8747 48193
8748 8785
8748 42389
8749 39280
8750 22677
8750 30923
8751 34231
8751 35214
8752 26225
8754 15209
8755 49644
8756 10829
8757 9763
8758 10684
8758 11136
8758 49366
8759 12755
8760 12913
8760 47464
8761 15847
8761 26014
8762 16318
8764 24978
8764 35053
8765 11148
8766 24528
8767 39990
8767 45256
8768 46597
8769 17891
8769 33636
8769 37209
8770 9850
8770 13081
8770 15203
8770 25427
8770 30697
8770 33541
8771 47262
8773 20480
8775 15419
8775 17646
8776 49277
8777 15222
8777 16352
8777 19599
8777 35634
8777 45297
8779 40882
8781 27301
8782 38905
8783 11559
8783 39668
8784 12503
8784 42036
8785 11774
8786 24661
8786 41796
8787 16338
8787 36561
8788 10150
8788 13272
8788 18505
8789 20305
8789 34650
8790 9332
8790 11998
8791 13059
8791 26209
8791 28865
8792 43716
8794 30068
8795 25737
8796 16611
8797 17479
8799 22874
8799 23924
8800 15591
8801 14303
8801 32217
8802 42663
8803 49850
8804 15680
8804 17083
8804 18267
8805 17534
8805 22618
8805 38269
8806 29716
8806 49706
8808 43345
8809 10943
8809 26853
8809 49908
8810 30811
8810 40201
8811 31315
8811 43382
8812 14557
8812 43816
8812 47746
8813 9664
8813 34236
8813 43493
8814 9152
8815 23415
8815 25311
8815 36213
8816 32162
8818 18927
8818 21282
8818 33618
8821 42371
8821 46718
8822 32740
8822 44403
8823 10104
8824 23319
8825 9661
8825 17601
8825 21094
8825 29027
8825 29376
8825 36216
8825 46041
8828 18284
8829 17723
8830 15112
8830 22857
8831 26888
8831 41280
8831 46186
8833 20767
8835 21922
8835 45822
8836 31109
8836 42226
8837 28003
8837 29371
8837 40091
8837 48833
8839 12402
8840 34208
8841 22955
8844 9085
8844 19520
8847 43249
8847 46274
8848 40442
8848 44002
8849 31254
8850 15221
8850 29892
8851 9874
8852 9016
8852 25660
8853 14122
8854 25187
8854 39012
8855 18730
8856 44983
8857 44371
8858 12474
8858 27333
8858 48265
8859 12297
8859 17333
8860 11496
8861 14614
8861 16057
8862 16295
8862 22823
8862 29068
8863 15266
8864 9444
8864 37268
8865 14939
8865 22346
8865 48668
8866 40563
8866 49201
8867 17470
8867 35299
8868 25480
8868 26996
8869 42636
8870 31067
8871 48677
8872 30741
8872 49071
8873 43050
8875 14801
8875 32888
8875 35245
8876 35660
8877 25718
8877 44466
8877 44556
8878 18333
8878 48889
8879 41816
8881 13800
8881 36910
8882 11299
8882 24017
8882 46800
8883 22059
8883 24635
8884 22581
8885 19507
8885 27351
8885 29859
8888 15207
8888 20074
8888 29675
8889 17740
8889 26009
8889 29170
8889 31867
8890 11091
8890 29398
8890 40768
8891 39225
8891 44506
8892 45008
8893 16667
8893 20282
8893 27835
8893 43804
8894 47547
8895 26830
8896 22924
8896 32983
8896 36091
8899 30423
8900 14380
8900 30269
8900 31758
8901 46111
8902 33837
8903 11555
8903 28484
8903 45609
8904 34236
8905 21415
8905 25409
8905 30132
8906 14622
8906 40869
8906 46705
8906 47199
8907 36208
8907 36286
8907 49957
8908 39479
8908 40238
8909 10196
8909 36528
8910 12562
8910 16907
8910 35542
8910 35888
8911 31408
8912 21772
8914 9157
8914 12877
8915 31664
8915 42617
8916 26808
8917 33174
8917 43765
8918 35766
8919 24172
8919 41305
8921 13591
8922 24269
8923 34131
8923 42448
8924 41842
8925 33886
8926 16407
8927 37118
8929 11721
8929 28020
8929 45747
8930 26936
8930 29135
8930 38487
8931 24353
8931 43986
8932 24751
8932 27753
8932 46436
8933 10944
8934 24702
8935 17733
8935 40823
8937 28679
8937 30527
8938 47897
8939 11148
8939 46137
8939 46951
8940 17702
8941 20110
8941 31896
8942 29527
8942 33517
8943 35785
8944 37452
8944 47621
8945 23329
8945 27481
8946 9663
8946 10899
8946 29853
8946 40434
8947 24980
8947 40230
8948 43476
8949 23560
8950 31815
8950 32416
8950 47534
8951 29383
8951 40601
8952 22356
8952 31683
8952 43306
8952 46479
8953 10157
8953 10565
8954 12569
8954 23004
8954 40342
8955 38951
8955 45503
8956 34797
8956 39099
8956 42311
8957 18666
8958 10200
8959 20290
8959 25768
8959 41231
8960 35008
8962 22185
8963 20162
8963 29985
8963 41051
8964 10110
8964 25875
8964 31827
8964 43561
8965 26180
8965 45191
8965 46871
8966 14224
8966 26653
8966 34548
8967 25134
8967 43982
8968 34868
8970 45508
8972 28811
8972 42139
8973 40695
8973 42999
8973 47935
8974 20564
8975 13876
8975 21819
8975 26733
8975 41995
8976 41597
8977 32281
8979 14155
8979 25903
8979 38150
8979 43566
8980 20520
8980 29142
8981 13167
8981 16605
8981 45728
8982 22470
8983 18051
8983 21963
8983 30944
8983 48629
8984 17122
8985 10455
8985 41756
8985 48472
8987 17946
8987 27297
8988 47283
8989 33346
8990 28145
8991 16406
8991 25083
8991 26221
8991 49007
8992 27309
8992 33070
8992 45988
8994 31181
8995 25604
8995 42522
8996 20405
8996 24322
8997 25882
8998 34826
8998 48872
9000 20431
9001 16574
9001 36190
9001 38668
9002 25013
9003 26878
9004 11602
9004 11659
9004 32028
9004 39347
9006 29042
9006 37738
9006 42057
9007 37435
9008 10689
9008 31557
9008 41986
9008 48707
9009 26966
9009 28831
9010 18072
9010 31441
9010 40440
9011 44422
9012 10658
9013 10163
9014 42574
9015 11997
9015 27364
9015 44680
9016 10550
9016 12360
9017 18843
9018 25347
9018 29555
9018 29919
9019 11417
9020 20676
9020 48922
9021 13310
9021 43143
9023 26389
9023 29928
9023 30212
9024 17914
9025 9328
9025 26447
9025 27008
9025 45167
9026 15525
9026 32804
9027 42698
9028 44829
9028 48436
9030 26408
9030 47110
9031 12440
9031 37118
9031 41341
9031 42759
9032 28250
9032 45122
9034 34238
9034 37474
9036 23214
9037 29501
9039 20289
9040 47680
9041 9863
9042 33528
9042 39235
9043 28796
9044 17341
9044 38674
9045 12366
9045 42690
9046 11571
9046 29395
9046 41473
9046 44165
9046 45455
9047 19762
9047 46193
9048 14070
9048 30010
9048 39487
9048 43848
9049 13957
9049 21959
9049 32381
9049 41291
9051 33102
9052 46077
9053 31301
9054 30242
9055 43252
9055 46359
9056 23851
9056 30368
9057 10484
9057 32168
9057 32995
9057 34344
9058 18010
9059 19567
9059 41712
9060 13168
9060 15659
9061 18499
9061 29013
9061 44104
9063 19352
9063 25965
9063 36563
9063 47060
9064 22298
9065 23791
9065 36813
9065 37845
9066 16633
9067 22024
9067 31699
9068 11759
9068 39272
9069 21850
9070 12025
9070 15321
9071 11883
9071 19113
9071 40424
9072 16079
9072 19658
9073 27746
9073 32880
9074 27288
9074 39873
9076 39248
9077 11692
9077 24838
9078 33595
9081 23392
9081 31562
9081 37500
9082 19790
9082 49221
9083 15005
9083 43299
9083 44303
9084 20588
9084 44970
9085 26256
9085 29024
9085 45793
9086 46633
9087 11084
9087 38594
9087 39192
9087 49814
9088 29393
9089 14312
9089 30549
9092 23658
9092 40869
9093 22665
9094 48474
9095 11251
9095 14654
9095 16142
9095 43633
9095 47923
9097 49870
9099 32958
9100 30276
9100 44879
9102 21487
9103 17488
9103 39795
9104 11357
9104 25268
9104 29653
9107 49191
9108 30082
9108 43857
9109 15307
9111 27040
9111 43885
9112 10532
9112 13490
9112 48402
9114 21389
9115 33939
9115 44156
9116 23422
9116 30453
9118 25508
9119 19598
9120 22124
9120 30806
9121 15149
9121 27253
9122 49028
9124 48143
9125 27861
9126 15355
9126 48193
9127 10546
9128 23237
9128 36486
9128 43134
9129 13233
9129 37736
9130 9779
9130 36429
9130 45185
9131 17911
9131 19245
9131 27032
9131 36348
9132 23060
9132 29600
9132 35788
9132 41477
9135 9737
9135 12157
9136 41356
9137 27643
9137 32363
9137 38421
9139 28184
9139 49576
9140 28590
9140 34928
9141 13690
9141 44826
9142 35267
9142 47849
9144 10548
9144 38211
9145 45506
9146 11258
9146 24096
9148 44587
9152 19978
9152 24295
9152 46936
9153 33651
9155 9749
9156 42220
9156 43712
9157 38000
9157 40426
9157 42315
9158 20305
9158 23072
9158 36367
9158 49894
9160 46292
9161 22767
9161 39842
9162 37683
9163 42146
9164 16466
9164 31474
9164 45039
9165 35317
9168 22449
9169 30937
9170 24300
9170 31405
9171 33539
9171 36981
9171 42519
9173 21765
9173 32923
9174 47547
9176 18052
9176 33167
9179 39323
9179 40935
9181 11524
9181 41317
9182 9879
9183 42182
9185 13736
9185 14887
9185 20169
9185 31414
9186 34369
9187 48684
9188 15476
9188 21867
9188 27641
9189 12122
9189 40814
9189 49640
9190 13461
9190 45212
9191 9759
9192 19263
9193 11458
9193 19976
9193 34332
9194 21068
9194 22525
9195 16933
9195 24187
9195 40251
9196 37807
9197 12336
9197 24991
9197 46643
9197 48842
9198 37093
9198 46367
9199 28207
9200 22495
9200 34169
9201 28468
9203 25179
9204 46726
9205 18030
9205 33325
9205 49230
9206 19694
9206 26767
9207 38569
9208 22716
9208 26251
9209 11597
9209 16158
9209 17694
9209 27645
9209 36547
9210 27292
9210 30725
9211 20136
9211 36487
9212 29224
9213 11704
9213 29257
9213 35323
9213 41339
9213 43245
9215 18971
9215 40006
9216 14150
9216 21733
9216 36996
9217 24766
9220 46262
9221 27418
9222 45492
9223 20545
9224 23456
9225 22057
9228 12148
9228 16815
9228 30268
9228 40353
9229 18599
9229 19458
9229 20551
9231 16108
9232 16418
9232 24285
9232 25930
9232 26148
9232 36988
9232 44328
9233 14815
9234 22353
9234 35431
9234 36679
9235 16519
9237 44479
9237 48278
9237 49630
9238 13115
9239 15324
9239 29905
9240 35454
9242 9489
9242 48332
9243 41668
9244 26203
9244 45160
9245 30494
9246 23346
9247 47841
9247 48458
9248 10476
9249 12846
9249 12994
9249 46340
9250 11652
9250 27256
9250 37816
9250 49501
9251 29678
9252 12026
9253 35724
9253 48788
9255 29621
9255 48915
9255 49853
9256 23949
9256 30060
9256 45818
9257 28507
9257 42337
9258 28180
9259 40187
9259 40403
9260 16799
9262 19982
9262 35956
9262 42822
9263 10900
9263 24312
9263 24484
9263 41034
9264 48300
9265 11502
9265 20349
9266 15527
9266 27318
9266 28900
9266 34768
9269 40247
9269 45371
9270 15917
9270 38412
9272 13089
9272 24709
9272 49325
9273 32938
9273 40437
9273 49363
9274 16966
9274 30057
9275 43457
9276 19831
9276 43579
9278 30324
9278 32067
9278 42877
9279 15139
9279 18839
9279 36341
9279 37619
9280 31686
9281 17248
9281 46071
9282 18944
9282 27021
9282 30254
9283 13859
9283 24323
9283 29524
9284 24950
9284 38159
9285 24576
9285 33772
9286 14922
9286 39243
9286 41863
9287 11217
9287 32765
9287 45401
9288 13342
9288 16326
9289 48712
9289 49966
9290 23518
9291 48969
9292 34284
9293 11576
9293 38516
9293 40940
9294 10482
9294 17645
9294 38137
9295 19457
9295 25589
9295 40029
9297 14944
9297 17156
9297 21621
9298 38335
9298 41361
9300 16598
9302 15103
9302 28191
9302 31765
9303 21232
9305 13059
9306 14064
9306 34479
9307 18498
9308 20998
9308 43504
9309 23608
9309 31926
9310 18944
9310 39795
9311 35750
9315 37900
9316 23448
9317 48471
9318 40696
9319 25544
9319 42698
9319 43094
9320 17759
9320 23942
9320 49438
9321 11058
9322 19682
9322 46724
9323 14797
9323 15308
9323 24830
9323 40115
9324 37073
9326 26332
9326 31699
9327 33614
9327 38424
9328 30124
9328 33344
9328 35441
9328 42202
9329 20769
9329 22698
9330 10129
9330 16995
9330 39446
9331 29567
9332 22536
9332 24281
9335 21178
9336 16386
9337 25291
9338 10772
9338 22124
9338 39190
9338 40179
9338 45875
9339 30718
9340 14751
9340 30653
9340 47137
9341 24129
9341 26503
9343 30413
9344 11127
9344 45615
9346 21564
9347 33267
9347 48577
9348 13567
9348 45467
9349 33965
9350 29938
9350 30364
9352 45728
9354 21961
9354 25996
9355 21237
9357 18208
9358 17785
9358 28124
9358 43042
9359 43350
9360 12951
9360 18713
9360 29051
9362 36700
9363 37640
9363 44048
9364 30527
9365 47026
9366 40393
9367 16380
9367 19362
9367 47324
9368 10023
9371 25698
9371 37825
9371 45030
9372 31964
9373 15355
9374 12822
9375 39041
9375 46460
9376 13569
9376 40368
9377 31536
9377 31575
9377 42708
9377 44330
9378 46412
9378 46452
9378 49034
9379 14562
9379 21295
9379 41319
9380 21500
9380 29675
9380 43009
9381 10332
9381 29066
9382 20307
9384 17916
9385 29257
9385 31002
9386 47166
9387 23256
9387 29326
9387 33240
9387 33679
9389 22347
9390 9418
9391 18162
9391 35620
9392 38047
9393 31907
9394 16203
9394 31578
9394 31593
9394 38568
9395 15324
9395 23816
9395 28844
9395 36394
9396 12742
9396 43056
9397 11757
9397 37309
9398 14928
9399 21655
9399 23685
9399 29602
9401 11539
9401 20703
9401 27554
9401 48094
9404 9989
9404 21747
9405 12416
9405 24803
9406 33194
9406 45690
9406 47164
9407 15056
9407 22689
9408 48100
9408 49447
9409 33458
9412 46636
9413 9789
9413 18968
9414 35402
9414 40680
9416 29348
9417 19463
9417 21423
9417 25904
9418 15391
9418 16966
9418 36104
9418 40350
9419 10177
9419 13238
9419 15255
9419 23694
9421 35750
9421 49925
9422 24044
9422 28260
9422 49265
9424 18963
9425 10767
9426 16638
9428 35420
9428 42599
9430 18754
9430 25848
9430 32201
9430 35885
9431 41898
9432 16869
9432 21300
9433 39152
9433 44881
9434 38831
9435 20770
9435 42729
9436 34213
9436 44046
9437 10605
9439 33748
9439 45065
9440 15263
9440 43914
9441 20828
9441 38628
9442 33779
9443 11976
9443 12522
9444 10317
9444 16213
9444 21158
9444 28854
9445 24517
9445 38334
9446 15414
9447 45539
9448 41153
9449 23878
9449 28346
9449 40350
9449 47768
9450 27411
9450 39393
9450 47758
9451 17261
9451 28527
9452 46915
9453 9570
9453 12206
9454 13059
9454 39876
9454 41261
9454 45345
9455 45929
9457 30470
9458 39222
9459 13473
9459 25564
9460 26057
9461 29055
9461 32798
9461 41904
9462 19030
9462 41384
9463 40814
9463 44305
9464 9638
9464 27253
9465 22151
9465 27314
9466 21799
9467 25833
9468 25058
9469 22381
9469 25909
9469 26670
9469 29005
9469 34985
9469 36638
9470 12734
9473 18057
9473 27501
9473 39779
9473 45509
9474 26434
9475 10351
9475 23243
9475 30237
9475 43358
9476 13584
9476 16815
9476 42886
9477 20735
9477 22778
9478 21597
9479 16352
9480 11198
9481 28323
9481 29954
9481 39236
9481 47253
9482 33152
9482 44874
9483 27702
9483 36719
9484 21401
9484 49113
9486 15673
9486 26733
9486 29958
9486 43699
9487 14610
9487 40235
9487 41574
9488 14781
9490 22635
9492 16521
9493 21465
9493 45018
9494 34121
9494 36893
9494 49409
9495 34256
9495 48700
9496 9741
9496 25841
9496 40986
9496 42919
9497 13002
9497 29590
9499 10798
9502 23435
9502 42013
9505 12401
9505 32755
9505 34562
9505 41031
9506 15508
9507 19483
9507 35101
9507 39712
9508 11323
9508 17812
9508 27070
9508 34512
9510 23790
9512 40377
9513 18290
9513 29498
9513 32243
9513 49825
9514 32915
9514 44160
9515 25112
9515 31866
9518 19482
9518 23397
9521 10733
9522 31295
9526 21527
9526 43856
9527 19365
9527 46594
9530 19254
9531 23943
9532 12766
9532 40468
9534 35491
9534 38707
9534 39518
9534 45277
9536 24640
9536 29893
9539 37374
9539 37945
9540 16772
9540 40483
9543 19266
9544 15500
9544 19882
9545 48776
9548 18016
9548 45870
9549 23899
9549 44041
9550 12322
9550 21203
9550 30009
9550 36157
9550 45257
9551 41009
9551 47999
9552 11415
9552 39976
9554 22802
9554 29492
9554 41563
9555 20856
9556 33142
9557 37574
9557 40533
9558 34356
9558 42839
9558 48369
9559 16167
9559 21405
9560 14910
9560 38297
9560 44677
9561 10831
9562 26870
9562 36696
9562 40697
9563 16107
9563 21101
9564 35355
9564 38182
9564 42218
9564 49162
9565 16379
9565 21798
9565 26610
9566 39561
9567 15822
9567 19134
9568 12262
9568 23611
9568 29065
9568 45347
9569 36561
9570 13888
9570 14155
9570 34036
9574 33983
9574 47122
9575 35700
9577 10788
9578 37440
9578 40347
9579 26386
9579 29236
9580 18485
9580 20347
9581 15042
9582 14612
9582 42476
9583 24582
9586 16351
9586 35646
9589 28596
9589 28683
9590 17060
9590 40939
9590 41128
9590 45390
9592 17679
9592 22045
9592 40870
9593 11218
9593 16127
9593 46443
9594 45463
9594 46993
9595 27290
9595 33281
9596 37549
9597 39207
9598 25290
9600 23652
9600 30266
9601 15721
9601 32927
9601 40504
9602 19167
9602 31189
9602 32413
9603 35367
9604 26963
9604 28848
9604 46430
9605 19773
9606 18758
9606 39339
9606 44382
9607 23256
9609 46736
9610 16117
9610 44572
9612 44098
9613 45128
9614 42832
9614 48563
9615 10184
9616 40520
9618 14707
9618 22460
9618 40804
9619 13251
9619 14362
9619 28427
9619 29480
9620 11210
9621 23887
9621 34593
9621 44278
9623 30707
9623 31614
9625 13501
9625 14045
9625 33030
9627 12123
9627 23387
9628 27384
9629 32562
9630 14168
9631 19584
9632 44024
9632 48251
9633 22018
9634 23975
9634 34397
9635 26409
9636 14947
9636 24360
9639 18068
9640 14221
9640 40807
9640 43494
9642 16816
9642 17083
9643 26201
9644 28048
9644 40744
9645 19773
9646 47063
9648 18095
9649 38995
9650 17920
9650 24265
9650 39671
9651 27072
9652 10574
9652 26564
9652 38434
9653 34147
9653 34261
9654 10291
9654 33549
9654 36943
9655 10178
9655 15154
9655 26381
9655 47684
9656 30042
9657 13643
9657 21460
9657 48622
9659 44133
9660 15485
9660 39014
9660 47285
9661 45680
9662 15647
9662 35977
9663 18703
9663 24646
9663 29777
9665 30643
9666 12917
9666 40001
9666 45132
9666 49180
9666 49199
9667 41732
9669 10470
9669 21645
9669 29080
9670 37871
9671 20733
9671 31880
9672 13073
9673 24388
9674 20296
9674 30620
9675 19648
9676 17948
9678 11200
9678 17779
9678 20170
9678 26385
9680 48177
9681 21687
9681 26998
9681 47433
9683 27857
9686 19127
9687 12550
9687 42776
9687 45014
9688 26177
9688 28051
9688 41798
9689 13833
9689 49719
9691 46347
9692 31087
9692 38232
9693 11083
9693 18147
9694 38148
9695 12312
9695 19803
9695 29377
9695 31594
9695 33619
9696 9978
9697 35749
9697 38393
9697 48934
9698 12383
9699 39197
9699 39271
9699 47277
9700 10913
9700 43115
9701 41960
9701 47533
9702 26332
9703 10852
9703 23497
9704 22171
9705 25598
9706 17542
9706 42575
9707 15114
9707 36813
9708 25788
9708 31759
9708 39010
9710 18234
9710 26513
9710 29410
9711 30640
9712 12450
9712 29996
9712 40103
9715 47962
9716 13701
9717 23092
9719 11566
9719 19438
9719 46013
9720 21969
9720 30713
9720 46144
9722 42198
9723 27841
9725 19416
9725 36593
9725 41854
9726 15950
9726 21783
9726 41167
9727 45345
9729 21387
9729 28269
9729 33082
9730 15452
9733 16954
9734 26195
9734 39520
9735 9830
9736 21567
9736 34613
9736 37751
9737 22913
9737 31683
9737 39299
9738 10316
9738 13867
9739 16278
9739 30553
9739 46743
9742 15662
9742 30992
9743 20676
9743 31476
9744 19778
9745 20356
9745 21163
9747 11909
9747 39986
9748 48238
9750 19604
9750 29298
9750 32006
9750 38551
9751 15889
9751 49559
9752 15998
9752 31692
9752 41967
9753 13112
9753 15422
9753 18607
9753 48634
9754 20392
9755 34841
9755 35502
9755 46171
9756 47973
9756 48088
9757 11942
9757 36284
9758 11333
9759 26554
9760 44735
9761 39495
9762 27716
9763 18840
9763 45897
9764 37369
9766 29012
9766 41754
9767 27357
9767 34974
9767 45862
9767 48539
9768 47382
9769 24991
9770 14099
9770 14381
9771 40720
9773 32985
9773 39234
9774 22786
9774 26617
9775 22047
9775 48442
9777 14819
9777 19285
9777 25790
9778 23406
9778 24015
9778 26189
9778 43286
9779 37775
9780 22550
9780 35445
9781 35858
9782 9868
9782 24306
9783 38983
9784 30953
9784 46295
9784 47393
9785 36930
9786 38457
9787 22794
9787 29111
9787 31467
9787 31675
9787 36506
9787 38097
9788 14237
9788 25564
9788 32193
9788 38247
9788 39213
9788 45199
9788 47041
9789 22310
9789 28201
9789 39189
9791 28025
9792 13884
9792 24820
9794 25416
9795 10383
9795 12496
9795 30319
9796 21769
9796 39343
9797 12538
9797 22320
9797 23627
9798 31252
9798 48506
9799 25768
9799 32384
9799 40622
9799 49763
9800 36501
9800 36640
9802 10605
9802 41076
9802 49322
9803 42520
9805 20741
9805 30311
9807 11603
9807 12018
9808 28367
9808 34459
9809 19054
9812 39547
9813 42937
9815 22930
9815 29494
9816 9966
9816 22156
9816 42004
9816 48465
9817 24679
9818 25213
9818 33037
9818 35261
9820 40997
9821 32924
9822 16189
9823 12737
9823 29751
9823 47942
9823 49912
9824 14579
9824 21919
9825 20557
9826 33140
9826 35413
9827 38793
9828 19055
9828 39334
9829 31140
9829 37559
9830 12092
9831 15495
9831 36490
9831 44669
9832 14918
9833 10234
9833 24609
9834 39305
9835 30604
9836 49807
9837 16965
9837 38351
9838 20985
9838 21434
9838 21746
9840 26168
9840 44321
9841 18747
9841 36678
9842 21563
9843 18224
9844 22892
9845 14713
9845 18941
9845 38052
9845 42311
9846 13797
9846 14986
9847 37726
9847 43350
9849 35860
9852 13276
9853 28631
9853 37382
9854 49248
9855 27044
9856 25457
9856 31063
9856 49359
9857 10882
9857 19771
9858 13921
9858 25619
9859 39331
9860 16245
9860 33687
9861 49560
9863 12158
9863 12822
9865 20283
9865 39954
9866 25089
9867 23975
9868 48806
9869 19109
9869 39329
9870 17494
9870 18992
9871 10555
9871 16351
9871 35150
9872 29277
9873 21102
9873 24992
9873 29755
9873 47948
9874 19980
9874 28342
9874 31749
9874 42932
9875 14074
9875 25900
9875 32355
9876 32383
9876 35158
9876 49244
9877 35817
9877 39173
9878 44669
9879 20476
9879 20950
9879 29021
9880 10471
9880 17678
9880 21034
9880 27994
9881 11978
9881 12271
9881 38431
9882 38133
9883 11168
9885 35099
9885 43704
9886 40573
9886 45938
9886 48972
9887 17212
9887 37736
9889 42768
9890 30992
9890 41802
9891 20143
9891 21840
9891 39409
9891 40217
9892 20178
9892 47844
9894 19091
9894 42845
9895 45217
9896 30759
9897 20402
9897 29856
9897 32966
9899 29209
9899 29214
9899 36062
9899 36667
9899 36964
9900 15572
9900 26546
9900 30904
9900 34267
9900 40470
9900 43629
9901 17100
9902 19032
9902 40684
9903 15039
9903 22273
9903 31112
9903 36522
9903 38107
9904 19679
9904 39688
9904 41485
9905 46381
9906 24224
9906 35761
9907 12811
9907 28109
9907 44322
9908 13575
9908 49116
9909 16108
9909 39029
9909 39782
9909 47061
9910 19693
9910 23287
9910 29477
9910 31392
9910 40329
9911 11674
9911 32345
9912 44013
9913 18413
9913 24097
9914 15583
9914 27483
9914 34493
9917 14113
9917 17395
9917 29698
9917 44728
9918 11774
9918 19625
9918 21020
9918 47678
9919 17481
9919 23216
9920 41489
9920 45884
9920 49294
9921 28669
9922 19581
9922 39600
9922 39607
9922 47640
9923 14588
9923 21028
9923 33123
9925 11852
9925 38145
9926 25908
9926 36043
9928 36085
9929 45939
9930 33588
9930 41060
9931 42377
9933 18854
9933 32253
9933 36094
9934 19692
9935 45629
9937 29108
9937 49225
9938 41900
9938 48456
9939 32664
9939 35969
9939 37634
9940 39550
9941 35665
9942 18132
9942 28007
9942 40386
9943 16639
9943 28744
9944 15265
9944 18595
9944 32239
9945 42143
9946 15572
9946 40726
9946 42263
9947 20646
9947 24324
9948 44872
9948 49331
9949 12163
9950 33201
9951 21978
9951 41462
9952 11303
9952 16999
9952 31025
9952 42955
9953 13715
9954 35886
9955 13862
9955 28672
9955 28737
9956 40844
9958 38875
9958 42689
9958 44300
9958 47701
9959 41426
9960 12467
9961 21281
9962 30378
9962 39888
9964 26068
9964 35477
9967 20794
9967 28152
9967 29216
9969 21042
9969 25057
9970 19627
9972 38065
9973 16941
9973 36758
9974 21930
9975 11785
9975 21478
9975 41255
9976 27077
9976 29301
9976 30157
9976 35714
9977 12570
9977 25281
9977 48753
9979 15355
9979 27492
9980 12131
9980 49796
9981 45336
9981 46229
9982 17616
9982 18707
9982 27140
9984 29780
9984 37398
9986 32606
9987 31996
9988 17529
9988 26666
9988 28340
9988 30507
9989 19006
9989 22901
9990 17531
9990 43509
9991 41853
9992 23910
9993 17351
9993 20709
9993 42670
9994 35779
9996 21524
9997 19539
9997 21204
9997 26665
9997 33804
9998 31651
9998 37509
9998 41278
9999 31259
10001 20778
10001 33051
10001 38590
10001 39674
10003 17776
10004 42343
10005 13918
10005 44006
10006 24111
10007 34467
10008 16674
10008 25329
10008 25448
10009 22801
10009 38201
10012 13055
10012 16191
10012 19290
10012 34295
10013 39153
10014 31330
10014 45487
10015 15257
10015 27051
10016 30492
10018 30949
10018 31080
10018 31193
10020 45913
10021 33884
10022 23097
10024 16652
10024 30226
10024 49452
10025 47003
10026 20543
10026 32800
10027 31000
10028 10309
10028 30425
10029 27031
10029 36674
10031 20705
10031 26968
10031 47006
10032 13449
10034 17366
10034 17997
10034 49971
10035 27996
10035 48724
10036 15318
10038 41894
10038 44261
10039 30194
10039 37353
10040 34333
10040 46714
10041 45283
10042 35778
10042 46622
10043 36129
10044 43074
10045 25067
10045 32764
10045 49233
10048 49864
10049 15633
10050 46640
10050 46937
10051 35931
10052 20947
10052 35711
10052 47059
10053 17448
10053 21633
10053 42503
10054 14439
10054 40000
10054 47471
10055 36483
10055 44435
10056 47389
10057 14311
10057 14791
10057 26457
10060 32711
10061 38575
10062 35733
10063 35356
10066 26604
10067 47174
10068 10126
10068 22517
10068 25426
10068 36209
10069 10825
10071 28265
10072 17811
10072 23791
10072 34264
10075 45551
10076 22778
10076 24872
10076 36413
10077 26640
10078 18515
10078 40289
10079 22075
10079 28004
10080 27488
10080 31061
10080 46415
10081 29929
10081 45273
10081 47637
10084 10491
10084 13797
10084 14818
10084 29968
10084 34783
10084 41120
10085 35632
10085 43680
10085 46026
10086 21586
10086 30148
10087 22493
10087 43038
10088 35110
10089 20803
10089 23859
10090 20138
10090 27904
10090 28374
10091 22548
10092 28485
10092 42415
10095 34078
10096 11297
10096 15886
10096 25244
10096 28470
10096 29714
10097 17087
10097 39672
10098 23899
10098 29721
10099 22300
10099 22473
10100 14755
10101 21815
10101 27950
10103 47968
10104 14383
10105 12267
10105 42569
10105 46991
10106 47703
10108 14086
10108 19745
10108 30948
10109 11405
10110 39548
10110 42728
10111 22458
10111 25559
10112 39842
10113 36552
10114 15711
10114 22033
10116 14119
10117 25651
10117 35384
10118 29343
10119 30452
10120 17561
10121 49384
10122 44044
10123 18215
10123 29506
10123 31913
10123 37059
10124 19808
10125 20692
10125 33363
10126 16275
10128 11410
10129 20397
10130 48343
10130 49550
10131 11158
10131 21205
10131 34087
10133 13603
10133 30127
10135 10326
10135 16955
10136 15483
10137 44506
10138 13186
10138 18952
10138 23327
10139 33073
10140 46598
10141 11080
10141 44288
10142 41442
10143 29462
10145 27031
10145 42369
10146 22165
10147 40646
10147 44001
10148 30768
10148 38208
10148 42287
10149 18004
10149 27261
10150 13443
10150 40249
10151 29850
10152 25254
10152 39043
10152 42700
10152 45991
10153 28433
10153 33511
10153 40692
10153 45105
10154 14631
10155 30769
10156 15971
10156 48491
10157 26775
10157 41039
10158 10428
10158 25283
10159 13010
10159 20183
10159 47879
10160 13677
10160 20554
10160 28069
10161 28141
10161 38902
10162 27591
10164 11687
10164 35194
10164 41420
10164 45299
10165 39904
10165 45056
10166 34417
10167 22570
10168 26303
10170 24355
10170 40880
10171 18104
10171 44502
10171 47588
10172 15678
10172 17245
10172 32730
10173 26398
10173 46114
10174 11338
10175 41156
10175 42343
10177 12226
10178 44373
10178 45947
10179 38635
10180 47944
10181 38339
10181 44817
10181 49035
10183 10415
10183 17514
10183 28335
10183 32226
10183 32305
10184 21084
10184 22386
10184 25007
10184 29900
10185 10661
10185 19723
10185 38396
10185 47774
10186 23580
10186 29148
10186 38167
10188 25133
10188 30882
10188 42592
10188 49989
10189 28201
10191 21827
10192 16477
10192 24098
10192 30809
10193 13867
10193 22470
10194 19252
10196 10206
10196 19485
10196 27913
10196 47794
10197 42406
10198 13662
10198 40778
10200 12312
10202 22429
10202 37573
10203 24492
10204 16758
10204 31664
10206 15715
10206 16661
10207 20844
10208 37763
10208 49059
10209 31849
10209 42773
10210 12127
10210 19892
10210 23586
10210 30411
10211 39971
10213 33102
10213 34291
10216 26321
10216 26377
10216 38613
10216 49115
10217 46439
10218 13259
10218 20208
10218 39646
10219 13341
10219 14107
10219 34392
10220 42703
10221 23547
10221 26847
10222 25212
10222 27316
10223 18730
10223 21016
10226 30767
10228 22660
10228 42355
10229 21589
10229 45681
10230 29092
10233 16836
10235 20774
10235 32036
10235 37172
10236 14407
10236 31811
10237 10666
10237 21176
10237 28194
10238 12575
10239 19828
10239 38774
10243 25550
10243 46955
10244 32112
10244 36571
10245 20650
10245 47514
10246 23599
10246 32987
10246 35689
10246 44467
10247 15425
10248 20925
10248 33691
10249 11056
10249 12137
10249 21450
10249 46934
10250 10586
10251 17068
10251 36801
10252 34696
10253 49666
10255 30704
10257 47099
10258 18948
10259 19595
10259 45702
10259 45938
10261 22079
10263 33271
10264 16650
10264 47552
10265 36076
10266 37917
10266 47342
10267 16065
10268 39742
10269 39482
10269 41095
10270 24892
10271 10335
10272 37495
10272 46048
10272 46065
10273 28385
10273 31666
10273 35372
10274 30375
10275 34311
10276 26821
10276 47436
10277 20850
10278 20579
10278 20773
10279 10898
10279 28239
10279 36125
10280 11539
10280 46816
10280 49134
10283 31428
10286 20081
10288 20263
10288 47366
10289 26707
10290 11094
10290 28983
10290 32234
10290 46491
10290 46864
10291 16310
10291 34182
10292 42902
10294 19889
10294 29920
10294 47938
10295 20650
10298 14807
10298 46311
10299 37570
10299 42747
10300 34275
10301 30507
10301 43180
10302 19832
10302 27408
10303 48098
10304 44486
10305 17920
10307 33042
10307 44284
10307 47675
10310 42572
10311 15621
10312 11054
10313 10908
10313 19092
10313 39204
10313 46432
10314 24568
10314 28074
10316 11558
10316 33397
10318 15017
10318 33559
10318 47158
10319 27159
10319 49045
10320 17191
10320 24069
10320 43823
10321 30380
10321 31961
10321 45044
10322 13564
10322 28253
10323 16801
10323 20751
10324 30794
10325 11885
10325 31602
10325 41454
10326 27049
10328 33469
10331 23185
10331 23323
10331 49747
10332 41827
10332 46766
10333 28393
10333 41523
10334 27318
10334 40096
10335 25835
10335 43371
10336 16530
10336 33973
10336 36829
10337 42808
10337 45548
10338 20368
10338 36957
10338 46697
10339 24004
10339 24944
10339 26164
10339 30957
10340 13159
10340 14526
10340 22776
10340 24071
10341 48146
10343 12007
10343 31900
10344 35387
10344 39226
10345 23269
10346 10639
10346 13572
10346 16365
10346 20271
10346 27192
10347 15409
10347 15907
10347 24736
10347 31805
10347 37025
10347 37470
10349 34609
10350 22383
10351 16476
10354 24880
10354 36854
10356 35764
10357 18826
10358 23219
10358 43679
10359 25814
10359 44123
10360 28521
10361 42831
10362 24543
10362 26262
10363 26855
10363 40620
10364 27086
10364 41604
10366 15442
10366 16505
10366 37294
10366 43083
10367 11509
10367 13945
10369 27003
10369 40071
10370 31955
10370 32232
10370 34231
10371 27485
10371 34808
10371 38284
10371 40904
10372 23495
10372 41749
10373 46441
10374 11390
10374 40436
10374 41758
10376 21235
10376 35486
10377 12851
10379 35873
10380 22769
10380 37804
10382 25437
10382 48592
10383 14531
10383 23294
10384 14671
10384 26369
10384 45601
10385 47996
10386 21693
10387 18124
10387 18306
10387 37809
10387 43887
10387 45815
10388 17648
10388 39463
10390 45701
10391 22268
10392 41090
10393 20190
10394 21333
10394 21696
10396 14353
10396 40025
10398 11309
10398 25459
10398 27345
10399 35571
10400 34461
10402 20350
10402 20805
10402 40464
10402 49237
10403 21306
10403 26483
10404 31354
10405 22977
10405 27891
10405 49224
10407 16348
10407 26690
10407 44581
10407 46159
10408 34827
10408 37529
10408 41630
10409 24574
10409 37487
10409 42958
10410 17676
10410 27563
10411 20920
10411 35496
10411 48024
10412 17454
10412 38868
10413 13745
10413 49781
10414 20213
10414 27072
10415 32083
10415 49183
10416 41152
10417 25238
10417 30270
10417 33678
10417 36808
10417 43599
10418 33343
10418 37408
10419 24677
10419 28826
10419 40348
10420 17533
10420 36741
10422 33160
10422 41775
10423 40307
10424 11072
10425 13319
10425 24301
10425 41158
10426 41817
10428 14284
10428 31983
10429 35371
10429 46176
10429 49649
10430 13212
10430 36410
10431 36816
10431 46372
10434 14898
10434 38950
10434 41796
10435 45123
10436 11374
10437 20655
10437 23203
10437 32982
10437 37102
10439 34087
10439 38016
10440 10746
10440 30443
10440 31780
10440 41132
10441 22834
10441 26574
10441 40576
10441 45805
10443 24535
10445 30428
10445 49471
10446 42831
10448 19848
10448 20693
10448 30677
10449 46729
10450 15892
10450 27287
10450 32202
10450 47333
10451 12896
10451 25468
10453 22286
10454 49569
10455 12830
10456 18755
10456 34764
10457 24801
10457 37776
10457 38526
10458 35352
10458 41675
10459 16379
10460 42895
10461 18160
10461 28897
10461 37894
10462 42156
10462 42414
10463 12139
10463 14565
10463 43214
10464 37192
10465 49741
10466 15414
10466 27960
10466 33006
10467 17669
10467 19442
10467 20397
10467 25339
10468 48454
10471 35153
10472 28801
10472 38803
10472 42176
10473 37270
10473 42939
10474 13216
10474 24245
10475 10623
10475 49717
10477 28056
10478 27064
10478 33920
10478 45677
10480 23545
10481 41270
10482 26653
10482 28161
10482 30303
10482 39687
10483 19785
10484 20478
10484 33981
10485 18232
10485 19755
10485 32515
10486 13069
10486 21297
10488 13754
10488 16099
10489 11491
10491 16926
10491 25994
10491 32883
10495 14649
10497 17577
10497 45701
10498 20845
10499 42071
10500 29610
10501 46374
10503 23237
10505 30674
10505 41478
10505 41511
10506 46357
10507 20970
10507 22589
10507 28322
10507 34895
10509 26258
10510 12072
10510 22116
10512 31513
10512 34632
10513 43531
10514 23935
10515 39088
10515 47854
10516 23991
10516 29748
10516 48605
10517 25907
10518 17984
10518 30748
10519 29210
10519 35383
10519 44407
10520 20747
10520 32571
10521 36252
10521 36977
10521 49267
10522 29915
10522 45534
10523 41528
10524 15042
10526 47666
10527 13483
10527 26564
10527 40667
10527 43158
10527 49201
10528 25653
10528 30709
10529 17725
10530 43794
10532 18960
10532 19388
10532 19821
10532 22562
10533 17096
10533 36822
10533 49214
10534 12231
10534 38458
10535 12934
10536 18760
10536 21188
10536 43211
10538 45168
10539 21548
10539 24517
10540 43157
10541 40822
10542 11014
10543 31679
10543 49723
10544 18814
10545 11540
10546 23168
10546 25923
10546 35937
10547 36886
10548 44246
10548 45553
10550 22743
10551 38497
10552 24549
10552 47820
10553 32688
10553 36295
10553 46728
10555 25662
10555 42445
10556 20685
10556 48330
10557 16893
10559 10667
10559 22888
10559 35094
10559 47791
10560 32919
10560 34193
10560 34820
10561 43871
10562 20991
10563 46801
10565 22759
10566 27159
10566 31900
10566 47700
10567 27856
10568 30772
10568 35643
10569 27749
10569 42120
10571 38458
10571 42965
10572 31138
10572 36361
10572 45482
10574 14571
10574 15274
10574 49752
10575 20722
10575 25698
10575 41408
10575 45676
10576 45698
10577 10944
10578 22953
10580 31326
10580 32389
10580 44114
10581 16368
10583 22816
10584 14478
10584 24975
10584 32236
10584 48792
10586 14528
10586 31624
10587 11666
10587 29401
10587 40820
10589 35449
10589 46742
10590 26035
10591 17541
10591 39620
10591 46444
10593 30261
10596 17888
10596 24477
10596 45394
10597 27938
10597 49729
10598 28976
10599 15752
10599 39414
10601 28205
10601 46599
10602 42618
10602 44301
10603 23160
10603 29762
10604 35256
10605 41183
10606 15257
10606 19062
10607 10902
10607 23502
10607 23543
10608 38071
10608 46479
10608 48834
10609 32540
10610 44576
10611 24702
10611 45108
10612 16923
10612 30914
10614 25771
10615 10862
10615 26994
10616 16219
10616 17757
10616 42689
10618 23508
10618 41985
10618 46983
10619 46589
10622 36183
10622 39273
10622 40959
10624 38124
10625 29589
10628 20015
10628 25228
10628 28074
10628 46979
10629 30375
10631 14668
10631 24792
10631 47749
10632 13120
10633 14042
10633 28322
10634 30431
10636 25244
10636 43656
10639 13488
10639 14272
10640 16746
10642 13153
10642 21926
10644 26016
10644 41477
10645 16277
10645 23123
10646 27488
10646 45845
10647 49770
10649 23530
10649 41357
10650 14769
10650 21044
10650 31527
10650 36792
10653 19678
10654 16317
10654 37406
10655 20859
10655 29751
10655 34015
10655 34403
10655 35553
10656 19742
10657 30438
10658 38123
10660 23077
10660 35955
10661 18434
10661 29730
10661 32437
10662 12646
10662 14264
10662 28306
10662 40148
10663 13762
10663 22481
10663 29360
10664 18773
10664 32107
10664 36169
10664 47136
10665 19303
10666 15355
10666 21958
10666 45858
10668 19352
10668 24550
10670 35524
10671 11631
10671 18476
10671 38005
10672 34169
10672 46540
10672 47146
10672 49159
10673 35051
10673 41140
10673 42007
10674 22815
10674 28746
10675 12493
10677 23428
10681 31787
10682 13236
10682 16697
10682 22065
10682 27189
10682 32988
10682 34591
10684 10693
10684 21163
10684 39441
10686 26715
10686 34923
10688 15363
10688 20077
10688 23679
10688 39273
10688 47458
10689 29188
10689 46686
10691 45374
10695 15729
10695 21268
10695 21759
10695 40575
10696 39769
10697 10855
10697 26418
10697 34757
10698 19880
10699 47609
10699 48586
10700 28745
10701 30994
10702 30128
10702 44083
10702 48693
10703 30066
10703 31801
10704 12252
10704 17117
10704 40910
10704 45829
10705 31284
10706 31358
10706 37259
10707 26430
10707 41531
10708 14902
10708 20729
10708 38448
10709 32832
10709 39417
10709 43825
10711 16384
10711 25109
10711 32704
10711 41639
10711 43243
10711 43899
10711 44705
10711 47659
10711 49917
10715 17023
10715 17294
10715 25759
10715 33314
10716 13065
10716 27862
10716 49561
10717 33742
10718 10883
10720 17622
10720 32964
10721 34626
10723 10771
10724 29815
10725 38440
10726 29394
10727 20718
10728 45534
10728 47482
10729 41382
10730 22861
10730 40800
10732 20139
10733 23455
10734 24319
10735 13312
10735 37500
10736 20958
10737 24416
10738 26104
10738 32722
10738 43634
10739 12229
10739 12359
10739 29668
10740 36851
10741 16561
10741 16689
10741 49338
10742 31813
10742 42605
10743 19729
10744 11166
10744 19129
10744 26566
10744 42234
10745 17356
10745 18739
10745 38738
10745 49480
10746 44322
10746 44812
10746 48910
10747 22655
10747 22842
10748 48734
10749 24205
10750 40811
10750 48430
10752 25832
10752 26768
10753 22589
10753 37384
10754 13084
10755 45791
10755 48586
10756 45593
10757 22665
10757 22827
10757 40372
10758 13019
10758 20764
10759 19927
10760 42153
10761 23931
10761 31895
10763 16697
10763 33760
10763 34825
10764 35566
10764 37594
10765 30990
10766 22233
10766 25078
10768 18191
10769 12618
10769 16262
10769 16405
10769 41764
10770 33662
10771 32884
10771 49598
10772 30764
10772 37428
10774 22848
10775 18860
10775 25138
10775 44307
10775 47201
10777 46654
10778 21974
10779 19602
10780 43100
10781 15991
10781 28579
10781 31467
10781 37714
10782 29703
10782 46335
10783 21408
10783 48604
10784 45848
10785 15624
10785 27776
10786 15704
10786 20767
10786 27263
10786 46187
10786 49941
10788 33089
10790 15417
10790 18849
10791 13505
10791 36549
10793 22579
10793 27912
10793 28703
10794 15886
10795 14590
10795 41382
10795 45451
10796 28852
10797 26695
10798 18545
10798 44420
10799 38597
10799 46507
10800 21891
10801 40623
10801 44997
10802 24854
10803 32729
10804 46955
10806 16740
10806 43281
10807 29885
10811 27494
10811 42201
10813 13756
10813 38507
10814 25679
10814 38329
10814 49788
10816 43006
10817 13957
10817 47689
10818 21014
10818 41566
10819 35913
10820 16886
10820 32029
10822 27541
10822 30493
10822 35978
10822 36067
10823 13599
10823 15110
10824 21948
10824 39064
10825 46388
10826 20189
10826 32022
10827 20000
10827 30510
10827 34910
10828 24923
10828 25857
10828 38399
10829 13348
10829 38670
10830 23084
10830 23935
10830 49018
10831 20548
10831 24715
10832 48357
10833 35685
10833 42825
10834 12828
10835 22524
10835 47801
10837 30494
10837 35395
10838 44145
10839 20941
10840 22545
10841 39974
10842 18508
10842 40669
10844 30774
10845 43507
10846 31513
10846 49992
10847 27539
10849 45072
10850 34649
10851 16837
10851 17662
10852 20420
10854 41264
10856 29131
10856 37223
10856 42155
10856 49301
10857 18769
10858 22800
10858 37284
10858 44781
10860 13676
10860 33973
10860 37308
10861 42315
10863 23418
10864 10913
10864 16908
10864 37621
10865 18645
10865 35442
10865 42541
10866 20465
10866 43002
10868 15996
10868 34315
10868 40334
10868 42015
10868 46946
10869 18192
10869 21202
10870 13016
10871 43952
10872 23043
10872 28733
10872 40596
10873 32263
10873 37022
10873 40840
10874 29192
10874 46583
10875 17373
10875 33380
10876 29927
10877 13522
10877 23952
10877 49236
10881 34142
10882 24736
10883 19215
10884 45244
10885 12055
10886 20284
10886 28621
10886 30029
10886 30725
10886 35683
10886 46002
10888 30676
10889 20520
10890 34343
10890 41170
10890 42589
10891 36373
10892 13764
10892 14624
10893 33555
10897 37128
10898 11020
10900 14004
10900 24561
10903 13753
10903 14521
10903 19510
10903 20083
10904 32539
10905 24011
10905 25799
10905 28666
10906 24700
10907 21239
10907 29065
10908 12327
10908 49697
10909 31600
10910 42247
10911 29671
10912 42176
10913 21595
10913 26468
10913 45750
10914 15009
10915 20598
10915 30284
10915 38498
10915 44551
10915 49864
10916 30045
10916 32421
10916 37339
10916 39968
10917 10955
10917 36771
10917 40093
10917 48070
10917 49965
10918 22825
10918 38859
10919 29645
10919 30713
10919 41574
10919 48185
10920 33585
10920 41709
10920 46426
10921 16613
10921 17222
10922 40053
10922 46707
10923 16238
10924 23139
10924 26950
10926 35872
10927 13385
10927 28542
10927 37023
10929 48860
10932 23117
10932 34318
10934 14179
10934 25945
10935 43246
10936 27122
10937 16263
10937 33816
10938 32647
10939 26245
10940 31798
10942 12883
10942 23566
10942 31577
10945 37638
10945 44388
10946 14558
10946 39855
10947 11955
10947 40199
10948 12943
10948 13464
10948 21078
10948 29490
10949 22696
10949 37383
10949 41634
10950 40656
10951 14262
10951 18043
10953 38587
10953 47754
10954 33440
10954 35468
10955 11534
10955 14946
10955 23821
10955 31389
10956 29110
10956 46012
10957 13975
10957 14313
10957 31689
10957 37007
10958 23172
10958 46637
10959 14791
10959 21020
10960 26486
10961 15901
10961 39711
10962 12177
10963 26097
10964 18816
10964 29291
10964 30446
10964 38341
10964 46901
10965 22609
10965 25732
10966 13460
10966 14457
10966 25567
10967 23265
10967 46237
10969 28336
10969 33950
10969 45988
10969 49233
10970 12391
10971 15517
10971 33153
10972 30660
10973 16728
10973 46511
10974 12609
10974 44712
10975 39788
10975 40434
10976 28023
10976 29891
10977 22171
10977 36940
10978 28582
10978 40791
10980 42252
10980 46382
10981 25640
10982 25488
10982 43738
10982 46999
10983 35224
10984 33798
10984 34121
10985 19401
10985 45025
10986 35651
10986 39958
10988 28053
10988 29120
10989 13726
10991 19953
10992 11037
10992 40548
10992 42719
10993 14955
10994 20166
10994 34482
10994 43720
10997 30695
10998 22976
10998 28110
10998 46187
10999 26365
10999 32131
10999 49388
11002 36505
11002 36760
11002 49305
11003 24488
11004 22492
11004 27286
11004 35281
11005 16113
11005 16656
11006 16385
11007 12802
11007 15878
11008 20161
11008 23803
11008 35639
11009 37262
11011 17788
11011 17860
11012 21157
11012 40979
11015 25769
11015 30387
11015 38208
11016 23133
11016 27182
11017 26220
11017 32110
11018 40998
11019 14763
11019 22570
11019 37412
11020 36928
11021 12348
11021 23699
11021 29389
11022 23574
11025 15588
11025 30691
11025 48991
11026 40085
11027 19006
11029 30083
11030 40859
11031 19676
11031 32030
11032 46904
11033 12741
11034 12299
11034 16188
11034 22097
11034 35131
11035 15002
11035 30218
11035 30578
11035 38351
11035 45767
11036 42519
11038 29096
11038 33582
11039 21728
11039 31862
11039 47118
11039 47141
11039 48243
11040 15992
11040 16330
11041 26592
11041 39573
11042 40595
11042 44279
11043 18361
11044 25192
11044 29616
11044 41021
11044 48174
11045 13238
11046 16439
11046 26428
11046 40205
11046 45320
11046 46535
11047 30591
11048 31459
11049 44752
11050 14640
11050 21924
11050 47709
11051 31632
11051 45188
11051 47482
11052 41962
11053 40642
11053 42210
11054 26754
11054 31826
11056 15877
11057 40747
11059 42276
11061 23810
11061 25228
11062 19990
11063 31900
11064 18046
11065 22741
11065 31432
11065 33992
11066 32648
11066 33665
11066 40778
11066 48378
11068 37676
11069 18072
11069 28169
11069 45224
11070 12621
11070 14476
11070 20117
11071 26541
11071 29715
11071 31464
11071 39291
11072 17229
11072 31551
11073 28173
11073 33514
11074 17530
11074 27674
11074 41365
11075 46077
11075 46257
11076 13271
11076 41637
11078 19596
11078 26995
11079 18719
11079 31942
11079 32504
11080 29733
11080 40000
11081 12295
11081 26378
11082 21261
11083 14968
11083 17103
11084 12360
11084 14030
11084 22720
11084 37911
11085 15188
11086 20546
11087 16679
11087 43298
11089 20123
11090 41061
11092 30082
11093 31794
11093 32425
11093 45567
11094 12006
11094 22339
11094 26029
11095 16323
11095 39757
11096 23334
11096 49122
11097 14515
11097 25025
11098 29602
11099 17595
11099 21733
11099 49873
11100 18158
11101 28754
11102 40317
11104 40871
11104 45746
11105 16179
11105 33094
11107 19255
11108 43029
11110 23868
11110 24285
11110 39328
11111 28161
11111 46499
11112 24567
11113 16203
11113 49776
11114 35838
11115 45052
11117 12627
11117 43536
11118 18448
11118 31630
11119 32132
11119 40378
11119 42715
11120 49168
11122 43192
11125 17241
11125 21332
11125 29130
11125 32764
11126 35855
11127 46008
11127 46650
11128 14765
11128 38603
11129 12583
11129 13329
11129 22061
11130 17201
11130 21140
11130 27573
11131 45660
11132 12951
11133 19530
11134 16328
11135 41518
11135 49259
11136 21947
11136 34869
11137 43135
11139 18059
11139 30966
11139 37495
11139 40485
11140 29093
11140 45467
11143 12508
11143 14041
11143 21071
11143 30661
11144 28737
11145 30035
11146 28189
11147 33379
11149 26278
11149 28548
11150 18974
11150 29520
11151 14963
11152 22094
11152 37051
11153 15037
11153 45482
11153 46352
11156 29606
11156 34129
11156 39801
11157 14836
11157 16508
11158 29077
11159 21230
11159 35537
11160 11842
11160 12753
11160 48628
11161 13951
11162 31179
11162 48088
11163 47244
11164 12727
11164 31999
11164 41815
11165 30189
11165 33134
11166 38187
11169 15933
11169 18112
11169 31155
11170 38550
11170 47214
11171 38437
11172 30480
11172 31178
11172 45271
11173 26982
11173 27425
11174 19901
11174 30012
11176 16983
11176 29450
11176 31444
11176 37423
11178 27844
11179 43606
11181 21234
11182 12580
11182 19925
11182 20753
11182 20924
11182 22065
11182 36353
11183 49680
11185 28302
11186 11413
11186 45277
11187 13793
11188 30450
11190 27059
11190 31985
11191 21320
11191 26958
11192 13050
11193 38062
11193 44819
11195 41826
11195 48478
11196 21046
11196 47411
11197 31800
11197 37728
11197 44103
11198 15638
11198 18004
11199 33445
11200 38617
11201 36226
11202 35829
11203 23942
11204 11611
11204 23855
11204 33023
11205 38244
11207 12715
11208 48841
11209 37916
11210 45241
11211 20368
11211 26352
11211 48464
11213 19432
11216 27074
11216 31874
11216 35699
11217 39324
11217 40483
11219 39581
11220 17363
11220 24222
11220 28847
11221 11400
11221 11841
11221 21536
11222 18268
11223 13649
11223 40173
11223 41313
11224 15139
11226 11528
11226 13159
11226 35855
11227 20343
11227 23408
11227 24843
11228 29452
11228 49949
11229 30723
11229 36071
11229 42770
11230 30419
11230 43291
11232 16048
11232 34859
11232 36505
11234 12767
11235 28982
11236 26506
11236 28672
11236 32769
11236 38504
11237 24371
11237 37612
11237 39289
11237 47852
11238 23092
11239 25866
11239 28912
11240 21843
11241 39056
11242 33169
11243 28479
11245 19200
11245 24443
11245 27964
11245 34446
11245 44884
11247 15951
11247 17032
11250 42371
11251 25272
11251 32037
11251 33522
11253 16740
11253 36766
11253 46561
11254 32400
11255 19523
11255 34705
11255 43204
11255 49068
11256 21185
11258 30137
11258 31990
11260 18983
11260 35518
11261 27977
11263 40695
11265 15923
11265 22889
11265 24257
11265 40489
11267 18705
11267 40360
11268 21457
11269 48488
11270 29939
11270 43848
11271 20244
11271 26210
11271 37677
11273 37708
11273 39667
11274 39085
11275 17037
11275 22339
11276 24874
11276 30911
11276 33375
11277 21152
11277 22121
11277 35108
11277 36787
11277 39989
11277 42687
11278 29342
11278 37081
11279 40200
11280 39794
11281 14396
11281 31285
11281 38803
11283 26513
11283 45774
11284 13581
11285 14972
11286 38385
11288 25647
11288 28550
11291 28188
11291 29341
11291 32462
11292 22349
11292 41124
11293 25214
11294 19786
11296 32244
11296 40126
11297 30112
11297 33417
11298 15559
11298 26611
11298 28337
11298 33079
11299 21257
11301 25937
11302 16573
11302 32637
11302 33904
11302 36576
11303 14913
11303 38050
11303 46260
11305 21876
11306 31393
11306 32106
11307 16945
11307 37698
11308 21156
11308 25899
11310 39457
11311 17390
11311 32334
11311 38594
11313 34715
11313 39424
11313 45241
11313 46660
11315 27427
11315 44668
11316 21248
11316 40369
11317 42281
11317 42392
11317 43995
11318 41455
11319 24282
11319 29653
11320 17299
11321 16443
11321 40103
11323 16678
11323 43341
11323 43367
11324 15457
11324 33269
11326 22015
11326 24271
11326 33298
11326 41756
11327 24062
11328 32916
11330 14322
11330 28390
11331 40002
11333 12360
11333 40044
11333 43346
11334 24116
11336 20785
11336 35147
11336 37589
11336 40589
11336 46633
11338 19970
11338 33219
11338 38883
11338 43338
11339 27804
11340 29988
11341 23257
11343 39152
11345 15518
11345 32434
11345 39904
11345 43676
11345 48806
11348 22262
11349 14629
11349 18929
11349 32355
11349 35100
11349 49301
11352 21297
11352 29360
11352 40728
11353 12644
11354 13113
11354 33849
11355 21883
11355 34050
11357 45131
11358 26052
11358 28540
11359 17325
11360 25652
11360 26127
11360 29536
11360 30212
11360 33843
11362 13963
11362 18473
11362 26267
11362 27785
11362 46722
11363 16658
11363 43584
11364 38979
11364 43086
11365 23621
11365 43230
11366 26901
11366 48912
11367 30140
11368 30137
11370 29203
11370 39002
11371 13186
11371 26082
11371 43671
11372 34761
11374 18311
11374 42711
11374 47461
11375 43948
11376 48442
11377 12043
11377 24909
11380 14469
11380 21670
11380 41702
11381 12487
11381 43530
11382 19658
11382 42351
11382 45640
11383 20871
11384 13480
11384 18030
11385 35023
11387 15322
11387 25697
11387 45404
11387 46134
11388 36130
11390 28866
11391 36139
11391 45070
11392 17665
11393 24958
11393 40423
11394 12836
11394 21643
11394 26901
11394 44347
11397 25563
11398 20857
11398 25602
11398 42513
11399 16988
11399 38633
11400 28154
11400 34525
11400 40462
11401 33133
11401 37221
11402 39390
11403 20132
11403 44145
11404 24363
11405 14648
11407 33914
11407 45463
11407 45475
11408 24408
11408 35545
11408 37890
11409 14067
11410 14565
11410 17106
11410 28158
11411 49497
11412 39234
11412 42359
11413 18150
11413 44101
11414 25078
11414 32639
11414 42163
11415 24220
11415 39908
11415 41772
11416 43547
11417 16990
11418 36875
11418 42297
11421 28689
11422 30621
11422 34486
11423 17776
11424 47443
11424 49926
11427 30774
11428 15967
11429 36804
11430 33559
11431 44273
11432 13331
11433 19867
11433 37226
11434 36447
11435 16956
11435 33690
11435 33850
11435 46583
11436 11968
11436 48380
11438 25460
11438 41931
11439 15141
11440 25794
11441 33844
11441 43766
11443 12375
11443 20963
11443 32408
11443 36026
11443 43491
11444 12496
11444 29407
11444 35044
11445 14225
11445 23892
11445 49659
11446 25481
11446 41540
11447 15688
11447 15712
11448 22253
11449 15179
11449 26922
11449 33144
11449 47251
11450 26722
11450 45289
11452 23690
11452 30418
11453 33492
11453 39615
11453 42476
11453 42790
11453 46968
11454 24170
11456 42609
11458 41092
11458 47057
11459 25897
11460 31651
11460 41522
11460 41657
11461 21527
11461 26714
11462 45770
11463 30375
11463 44715
11464 21117
11465 37065
11465 38578
11466 22123
11466 28765
11466 40796
11466 46402
11467 13810
11468 32369
11468 47824
11471 18979
11471 41575
11471 47844
11471 48580
11472 40579
11473 31735
11473 44839
11475 49350
11476 12521
11477 27851
11477 46890
11478 16759
11479 29373
11480 37213
11481 28357
11481 38412
11483 46765
11485 29425
11486 25273
11488 24011
11489 30791
11489 49024
11490 18625
11490 31133
11490 31913
11490 33512
11491 15099
11491 19568
11491 38445
11493 26693
11494 21732
11496 43344
11496 43756
11497 26613
11499 19022
11499 20601
11499 34504
11499 49768
11500 25368
11501 30247
11501 35714
11501 38345
11502 14181
11502 22490
11503 20055
11503 42535
11504 30413
11504 41733
11505 12991
11505 26001
11506 17232
11506 33433
11507 30648
11507 48630
11508 31753
11508 36370
11509 27916
11509 30800
11511 38695
11512 11686
11512 30465
11512 33035
11514 16921
11514 30961
11514 45204
11515 14708
11516 44897
11517 23303
11518 12340
11519 46217
11520 40760
11521 30849
11522 23382
11522 25651
11522 37517
11524 13563
11524 14207
11525 14031
11525 23501
11526 27011
11526 48429
11527 38492
11528 22838
11528 35233
11529 43886
11530 40764
11531 26595
11532 24013
11533 15894
11533 26070
11534 18648
11535 21450
11535 41464
11536 22512
11536 46888
11537 48600
11538 23357
11538 40652
11540 29337
11540 32689
11541 21707
11541 26821
11543 20268
11543 38491
11544 32797
11544 48495
11545 19234
11545 19883
11545 41857
11545 46708
11546 14961
11546 43917
11548 14139
11548 26776
11548 32167
11548 46981
11548 48803
11549 16783
11549 36367
11549 36942
11550 27231
11550 27982
11550 32471
11551 28094
11552 21091
11552 41220
11553 13000
11553 33116
11553 36042
11554 11660
11555 13221
11555 41297
11556 18287
11558 31304
11558 44075
11559 20845
11559 40774
11559 47457
11560 31404
11562 13522
11562 32455
11564 13671
11565 27727
11566 13492
11566 45365
11567 27761
11569 15918
11569 19315
11569 42637
11570 34711
11571 19443
11572 12673
11573 36817
11573 49977
11574 36449
11575 12707
11577 16995
11577 20735
11577 23661
11577 37431
11577 39951
11578 28048
11579 14449
11579 17643
11579 31031
11579 39602
11579 42530
11580 32826
11581 27654
11581 47152
11582 19893
11582 22747
11582 29646
11582 37022
11583 29757
11583 35713
11583 36385
11584 46545
11586 31528
11587 39425
11587 48859
11588 16466
11588 31148
11589 14176
11589 19309
11590 16981
11590 27730
11590 45866
11591 41694
11591 46839
11592 21779
11594 30927
11595 21667
11595 43224
11596 42859
11597 15837
11597 18710
11597 36819
11597 47774
11600 16104
11600 25339
11604 41668
11605 22805
11608 33651
11609 19420
11609 32250
11610 39659
11611 34121
11612 21451
11612 31704
11612 49088
11613 26595
11613 32603
11614 15818
11614 44386
11616 30649
11617 22723
11617 22803
11617 41147
11618 28965
11618 33993
11619 17816
11619 29064
11620 16588
11621 42773
11622 12865
11622 20374
11622 28595
11623 20138
11623 31186
11623 36600
11623 37054
11623 41054
11623 45421
11624 19746
11625 33280
11625 47531
11627 47115
11630 19994
11631 39215
11631 40209
11632 46432
11635 14671
11636 33715
11637 27979
11640 25928
11642 17321
11642 40680
11645 23710
11645 35966
11646 23190
11648 25576
11648 40735
11649 23503
11650 37324
11650 45874
11652 12695
11652 32326
11653 38927
11654 12514
11654 21541
11656 13834
11657 34395
11658 39133
11659 45864
11660 21786
11660 29614
11661 18300
11661 48079
11662 22409
11662 39513
11662 46639
11663 45527
11664 28061
11664 34726
11666 25377
11667 13523
11668 30830
11670 15403
11671 24120
11671 42157
11672 24170
11672 40747
11673 26782
11673 34227
11674 22578
11674 31425
11675 37032
11676 16192
11678 19631
11678 35938
11678 42600
11678 44764
11680 23282
11680 27117
11680 29914
11681 15720
11681 27296
11682 49893
11683 14027
11683 31646
11683 36539
11684 24515
11685 19352
11686 20905
11686 40396
11687 40591
11688 43978
11689 37357
11690 12664
11690 31979
11690 33356
11690 36125
11690 42052
11692 32320
11692 40536
11692 41354
11692 47070
11693 15327
11693 33530
11694 14801
11694 22160
11694 22859
11694 38069
11696 16339
11696 38990
11697 34217
11698 20651
11698 25924
11698 40120
11699 31943
11699 40187
11699 41576
11700 20783
11701 44470
11703 19553
11703 32586
11704 35472
11704 48019
11705 46000
11706 14748
11706 30845
11707 18699
11707 26103
11707 27342
11709 37990
11709 47439
11710 31281
11710 45165
11712 30681
11714 21313
11716 17342
11716 22762
11716 43309
11717 13046
11717 46123
11719 39530
11719 43650
11720 13389
11720 28177
11720 31759
11721 17384
11721 33231
11722 20043
11722 25345
11723 32214
11724 14292
11724 21693
11724 22171
11724 22448
11724 33654
11724 37510
11725 21586
11726 12801
11726 20993
11726 22684
11727 23687
11727 44086
11728 33660
11729 41671
11730 48309
11731 27216
11731 43359
11732 28587
11732 37948
11733 16200
11733 17683
11733 24967
11733 38884
11734 38362
11737 43007
11737 45843
11737 48914
11738 14796
11738 24869
11739 21452
11739 28491
11742 35898
11742 43082
11743 25063
11743 46341
11744 14767
11745 17598
11745 19827
11745 24236
11745 35340
11745 37660
11745 42570
11745 49149
11746 23449
11748 30694
11749 22542
11750 14047
11750 29780
11751 28966
11751 47563
11752 23628
11752 38675
11753 16749
11755 45260
11756 24957
11756 41893
11758 20872
11758 31455
11758 39892
11759 17651
11760 20901
11760 25156
11761 14522
11761 45329
11762 38382
11763 11943
11763 15143
11765 37406
11766 47663
11767 18528
11768 17114
11768 28824
11768 33851
11768 41121
11769 13374
11769 31351
11769 36854
11769 49331
11771 12736
11772 13479
11772 17460
11773 22744
11773 26663
11773 48541
11774 15429
11774 30428
11775 13560
11775 16675
11775 33023
11775 38475
11776 29483
11777 36384
11777 41037
11777 43241
11778 11949
11778 20354
11778 47616
11779 14055
11779 19437
11779 44754
11780 25442
11781 31169
11783 40665
11783 41747
11784 12380
11784 14772
11784 27541
11784 42317
11786 14424
11786 23741
11786 32742
11787 22846
11787 25002
11787 42218
11789 14921
11789 20106
11789 22865
11789 22972
11789 28032
11789 29145
11789 36135
11789 36317
11790 27795
11790 32660
11791 13214
11793 14565
11793 29015
11795 26501
11795 28338
11795 38088
11795 39195
11796 15485
11796 44863
11798 17119
11798 19242
11798 48651
11799 49319
11800 23276
11800 47809
11802 16491
11802 41775
11803 24869
11803 40687
11803 42361
11804 35648
11805 18287
11805 28087
11806 16464
11806 18358
11806 20561
11806 23875
11807 17146
11807 21624
11808 20179
11808 24209
11809 26983
11810 15410
11811 19401
11811 22262
11811 47840
11813 13418
11813 27847
11816 33919
11816 44000
11816 46190
11818 14175
11818 46783
11819 21098
11819 25541
11819 30422
11819 37420
11819 44759
11820 27196
11820 48644
11821 21473
11821 26110
11822 23172
11823 30333
11823 31945
11823 39022
11824 40625
11824 42476
11825 12824
11825 24011
11825 24095
11826 20423
11826 45516
11827 23288
11827 34553
11828 13404
11828 13466
11829 32894
11829 37211
11830 26011
11830 46597
11831 30791
11831 47510
11832 21169
11833 23176
11833 35705
11833 35706
11836 17482
11836 18924
11836 43746
11836 47744
11837 14918
11837 18140
11837 28099
11837 32653
11837 49305
11838 46221
11840 14922
11840 15517
11840 42456
11840 45802
11840 49566
11841 41675
11841 44041
11842 30520
11843 41436
11844 28562
11844 32791
11844 39438
11845 28113
11845 40287
11845 42204
11845 45801
11846 20955
11846 47612
11847 46867
11848 41811
11848 48718
11849 16645
11849 26110
11849 27238
11851 25045
11851 49738
11853 22796
11853 37606
11854 19456
11854 22547
11854 36230
11855 36554
11857 16688
11857 19135
11857 42196
11858 33695
11859 26728
11859 44916
11860 25997
11860 33741
11862 31634
11862 36229
11862 44108
11864 13005
11864 14692
11864 21677
11866 46835
11867 25918
11868 16571
11868 35420
11869 37492
11869 47071
11869 49155
11870 36086
11870 46990
11870 48723
11871 31254
11873 37894
11874 29884
11874 31321
11874 32945
11875 16135
11875 32622
11875 33131
11875 34234
11876 13862
11876 35917
11876 49948
11877 36746
11878 29770
11880 26379
11881 45845
11882 21036
11882 25650
11882 36653
11882 39317
11883 12176
11884 42845
11885 13342
11885 19541
11888 16892
11888 45312
11889 29793
11889 37022
11889 47170
11890 24852
11891 24756
11891 46673
11891 47535
11892 19767
11892 31048
11893 39280
11894 45477
11895 16994
11895 35690
11896 12202
11897 14313
11898 12402
11898 36982
11899 23217
11899 47641
11905 15940
11905 23312
11905 48214
11906 17409
11906 33223
11907 38255
11907 45225
11908 13798
11908 14944
11908 38373
11909 17498
11909 26701
11909 27963
11910 17815
11910 19865
11910 23938
11912 27215
11912 28935
11914 19417
11914 47956
11916 30536
11917 26164
11918 24548
11919 34797
11920 13702
11920 38387
11922 32388
11922 34850
11924 35434
11925 14515
11925 21354
11926 17036
11926 32952
11927 13389
11927 29102
11928 21533
11929 26248
11929 27730
11929 28726
11929 30667
11929 30856
11929 33984
11929 43632
11930 17879
11932 32575
11933 33574
11934 40707
11935 19982
11936 48557
11937 25618
11937 32517
11938 23626
11938 27766
11938 33068
11939 12650
11939 15706
11939 25036
11939 31030
11941 13148
11942 40869
11945 43385
11945 47677
11945 48838
11946 28134
11946 28764
11946 42135
11946 44792
11947 13141
11947 15722
11948 23443
11948 34131
11949 34224
11949 37018
11950 33036
11950 47802
11951 14324
11952 20323
11952 39832
11952 42058
11953 16624
11954 42077
11955 21510
11955 32357
11955 32994
11956 14837
11956 20965
11957 17356
11957 42312
11958 33804
11960 15163
11961 13095
11961 33597
11961 44931
11964 18388
11965 31350
11965 35084
11965 47792
11966 29149
11967 34051
11968 15468
11968 21820
11968 36872
11969 32727
11970 34561
11971 45736
11973 14911
11973 29490
11974 23411
11975 14156
11975 24965
11975 41349
11976 31069
11976 35349
11976 40273
11977 46873
11978 43358
11979 26531
11979 41734
11980 19252
11980 21078
11980 46279
11980 47942
11981 15737
11981 43699
11981 45096
11983 39716
11984 27217
11984 29362
11985 32779
11985 35472
11986 17117
11986 24182
11986 41311
11986 46002
11987 39538
11987 45483
11989 21051
11989 21354
11990 27925
11991 19960
11992 18900
11992 35949
11994 18885
11995 31412
11995 33722
11995 38973
11996 26327
11997 33956
11998 12846
11998 32031
11998 40897
11999 13341
11999 21983
11999 39730
11999 44269
12000 37892
12002 17280
12002 21253
12003 29567
12004 13974
12005 33110
12006 27244
12007 29018
12007 35215
12008 26202
12009 35093
12009 40926
12010 17554
12010 36122
12010 43025
12011 13908
12011 21952
12011 40336
12012 16719
12012 47019
12013 26078
12014 26617
12015 20459
12015 30983
12016 27237
12016 28903
12017 27432
12019 18183
12019 42149
12020 23714
12022 13985
12022 37639
12023 34095
12024 39842
12024 46882
12025 23566
12025 29835
12025 35619
12025 45862
12026 31826
12027 24873
12027 39940
12028 45942
12030 31476
12030 35981
12031 14353
12033 13837
12035 24822
12035 44751
12038 30565
12038 39043
12039 35237
12039 41583
12039 48869
12040 34164
12041 20022
12041 32106
12041 33404
12041 34436
12042 46601
12043 15017
12043 23979
12043 43729
12044 19085
12045 18610
12045 28953
12045 49202
12046 28591
12046 41078
12048 17370
12048 41755
12049 38912
12050 14870
12050 20925
12050 28729
12051 33467
12052 39041
12053 35536
12054 38342
12056 24526
12057 25258
12058 12272
12059 16521
12059 25570
12060 15307
12061 36839
12062 29409
12063 35375
12063 48514
12064 21720
12064 49617
12067 38564
12068 30101
12069 19736
12069 38890
12070 15325
12070 15656
12072 43640
12073 12590
12073 17698
12073 45716
12074 21504
12074 27207
12074 35043
12074 44343
12075 18861
12075 30995
12076 22868
12077 40742
12078 35037
12078 37601
12079 17075
12079 48813
12080 31906
12080 47434
12081 40262
12084 16338
12084 40549
12085 16180
12085 39120
12087 43771
12088 15140
12088 18107
12088 45049
12089 37571
12091 29070
12091 31447
12092 24294
12093 44434
12094 33835
12096 30795
12096 36388
12096 40006
12097 21647
12098 23132
12098 28602
12098 28931
12099 48150
12100 25966
12101 18538
12101 27093
12102 28923
12102 43134
12103 20778
12103 21889
12103 22492
12104 18028
12105 42643
12105 47182
12106 31854
12106 38516
12108 35594
12108 36512
12108 38124
12109 40800
12109 41907
12110 14383
12111 25045
12111 36085
12112 43498
12113 47879
12114 23105
12115 12792
12115 21981
12115 30169
12115 32902
12116 28637
12116 36310
12118 45687
12119 28146
12119 37732
12119 49789
12120 14789
12120 20852
12120 31325
12121 12419
12121 49240
12122 20478
12122 23915
12122 41738
12122 41901
12124 45934
12126 27716
12127 15878
12128 15665
12128 26619
12128 49438
12130 15069
12130 30966
12130 45412
12130 48451
12131 12508
12133 28698
12133 38988
12133 40071
12134 20532
12135 32569
12136 17177
12136 48873
12137 46471
12137 48300
12139 28737
12139 29729
12139 32970
12140 43482
12140 44369
12142 29067
12142 30080
12142 37004
12144 28785
12144 34340
12145 13684
12145 17168
12145 20156
12146 49922
12147 17187
12149 20184
12149 22650
12149 45318
12151 12792
12151 25991
12151 29706
12151 43349
12152 19256
12153 14334
12154 36643
12154 36661
12154 49543
12155 30964
12156 12350
12156 13415
12158 48326
12159 25148
12159 28258
12160 23331
12160 47395
12161 14037
12161 44171
12161 44214
12163 35496
12165 49563
12166 28370
12167 43129
12169 14756
12170 29865
12171 27572
12173 32319
12174 20492
12174 34554
12175 38665
12176 12456
12177 25646
12178 13080
12184 14269
12184 44379
12186 27525
12187 18857
12188 13672
12188 41622
12189 48399
12189 49132
12190 17899
12191 14260
12192 27845
12192 34773
12193 21657
12194 14720
12194 26790
12195 22417
12195 49484
12196 31335
12197 16231
12197 47766
12198 30358
12198 44187
12199 22525
12199 23739
12200 18010
12200 40640
12201 14866
12201 24282
12201 28807
12202 34109
12203 22259
12204 47360
12205 22646
12206 17082
12206 27804
12206 34522
12206 37724
12207 43923
12210 25228
12211 31873
12211 43209
12211 46527
12212 26037
12213 37921
12214 21901
12214 28369
12215 17713
12215 28859
12217 32461
12218 23713
12219 13847
12219 15401
12219 32000
12219 46217
12220 16137
12220 37916
12221 12986
12222 16630
12222 33359
12222 44035
12223 21862
12224 13038
12224 18201
12226 25559
12226 34107
12227 17445
12228 28497
12230 30676
12230 34944
12233 36661
12234 20417
12235 15266
12236 24262
12236 25407
12236 29461
12236 41384
12237 15131
12237 37832
12238 12604
12238 23235
12240 25932
12241 29487
12241 31837
12241 39304
12242 18238
12242 49277
12243 47082
12244 28699
12244 29525
12244 37390
12245 12898
12245 16747
12245 17018
12245 21261
12245 32393
12246 14544
12247 33568
12248 38329
12248 44928
12249 14247
12249 17393
12249 36181
12250 12620
12250 28708
12251 46018
12252 36792
12252 46701
12252 46940
12253 22102
12253 22247
12253 24353
12253 32281
12253 40335
12254 12415
12254 24578
12254 40737
12256 24123
12256 40972
12256 42868
12256 44013
12257 31314
12258 14107
12258 14789
12258 19844
12258 19977
12258 30681
12258 35580
12260 26334
12261 16472
12261 49443
12264 13171
12264 47709
12265 20869
12266 15439
12266 15522
12266 20478
12266 46084
12267 32542
12268 28500
12269 22382
12270 14802
12270 17630
12270 22749
12270 29549
12271 22340
12271 45220
12272 31793
12272 45355
12273 40533
12274 17233
12275 32693
12277 28119
12277 35353
12279 45117
12280 18945
12280 49131
12281 24186
12282 40461
12283 19358
12283 27641
12283 28255
12285 17685
12285 20542
12286 13326
12286 32411
12286 44444
12286 49789
12288 21476
12289 27766
12289 40099
12290 13318
12290 13986
12293 19370
12293 34652
12296 12517
12298 15696
12299 25242
12300 15799
12301 35518
12302 40551
12302 45517
12302 46793
12304 13559
12304 20774
12304 27671
12304 33242
12304 43201
12305 18584
12306 14215
12308 34754
12308 38076
12310 28601
12311 40369
12315 14668
12315 27444
12316 12960
12317 42386
12317 47663
12318 15381
12318 43329
12321 23846
12321 33146
12322 14652
12322 42107
12322 42524
12323 27710
12323 28604
12323 46496
12324 38620
12324 46905
12325 18928
12325 22229
12326 20698
12326 25258
12328 16230
12328 23642
12329 16912
12329 45118
12329 46454
12330 22324
12331 20128
12331 30319
12331 44248
12331 45757
12331 49350
12334 37782
12335 31667
12336 44142
12337 12970
12337 21206
12337 29685
12337 47555
12338 48296
12339 13942
12340 37514
12340 41879
12341 36205
12341 38883
12342 33660
12343 45933
12344 15845
12345 24280
12345 33340
12345 45899
12345 49490
12347 21554
12348 17648
12348 29412
12348 29888
12348 37675
12349 39115
12349 40714
12350 16000
12350 18546
12350 36368
12353 39682
12354 16090
12354 40751
12355 20648
12355 25261
12356 40719
12358 44739
12359 24806
12359 27866
12360 44293
12361 14149
12362 17375
12363 41630
12364 44666
12365 19800
12366 31762
12366 43657
12367 33423
12368 18367
12368 41895
12369 28392
12369 37912
12370 38845
12370 47000
12371 22779
12371 49563
12372 27962
12372 46911
12373 13033
12374 20028
12374 44855
12375 23138
12375 25740
12376 28061
12377 17492
12377 29963
12377 38381
12378 21727
12378 30516
12378 38978
12379 15683
12379 27148
12380 15358
12381 24997
12381 30454
12381 32237
12381 34068
12381 44102
12382 24158
12384 13422
12384 42530
12384 49245
12386 41144
12386 41232
12387 12417
12387 27410
12388 37635
12390 27048
12390 31922
12391 14344
12392 40810
12392 46309
12393 19917
12393 32890
12394 33431
12395 16517
12395 29734
12396 44915
12397 35099
12398 18080
12399 32057
12399 34925
12400 36275
12400 40253
12401 27026
12401 33036
12402 48114
12402 48593
12403 38948
12404 21635
12405 12408
12406 21209
12408 25574
12408 32436
12408 45253
12409 14054
12409 14976
12409 33321
12409 44173
12410 46085
12411 20139
12411 27456
12412 27723
12412 47557
12412 48111
12413 36562
12414 17683
12414 21682
12414 42174
12415 23913
12415 27235
12415 31183
12418 19047
12418 46720
12420 43683
12421 37189
12422 31534
12423 12977
12423 30955
12423 45249
12424 24175
12424 44991
12425 14401
12425 19202
12426 43550
12427 49235
12429 14710
12429 30706
12429 40232
12430 31040
12430 41433
12431 46903
12432 14781
12433 47728
12435 15040
12436 30437
12438 13423
12439 17096
12439 26483
12440 18434
12440 22931
12441 36796
12443 14577
12445 14252
12445 26506
12445 36345
12446 13712
12446 37371
12447 14217
12447 22041
12447 34348
12447 48459
12448 26259
12448 32077
12448 38934
12448 47706
12448 48193
12450 33929
12450 48122
12452 17269
12455 47290
12458 16628
12458 44416
12459 28146
12460 31231
12460 35228
12460 44912
12460 48528
12462 12465
12462 34775
12463 42381
12466 15217
12466 17615
12466 36694
12468 44271
12469 23055
12469 36921
12470 12838
12471 34820
12471 45534
12471 47398
12473 25515
12473 43790
12474 39427
12475 14193
12477 28183
12478 37095
12481 24041
12481 31206
12481 44181
12482 21896
12483 35386
12483 45931
12483 49179
12484 26035
12485 31376
12486 38869
12486 46868
12487 14836
12487 24080
12487 42108
12488 29401
12488 39003
12489 22697
12490 15619
12491 20073
12492 40293
12493 15957
12494 12966
12494 30294
12494 44177
12497 14700
12497 44504
12498 23221
12501 29190
12502 13556
12502 16443
12502 46649
12503 25287
12503 47946
12504 20838
12505 12784
12505 34086
12505 36345
12505 38587
12505 45080
12507 21822
12507 35637
12508 27303
12508 39472
12509 18138
12509 40362
12510 17182
12511 24100
12511 34905
12512 24199
12512 32738
12512 41271
12512 47407
12513 33193
12514 19122
12515 42204
12516 22419
12516 46216
12517 39160
12517 40383
12518 21849
12518 40368
12518 46148
12519 28332
12519 37013
12520 23724
12521 15893
12522 34290
12523 35182
12525 12706
12525 21496
12525 42694
12525 48071
12527 48584
12528 26266
12530 38460
12531 40338
12532 42690
12533 14257
12533 30493
12533 40036
12534 18542
12534 27549
12536 29101
12537 24668
12537 26907
12537 37412
12538 23465
12538 48473
12538 48785
12540 44503
12541 43575
12541 45855
12542 43199
12543 25917
12543 48911
12544 26274
12544 43625
12545 19344
12545 29930
12545 39158
12545 48254
12547 32302
12548 33187
12549 22906
12550 39013
12551 13396
12551 29797
12552 26459
12553 21810
12553 31857
12553 46006
12553 48518
12554 14515
12554 14904
12554 31889
12554 38720
12555 41605
12556 13155
12556 31706
12557 26501
12557 32716
12557 40254
12557 45441
12559 35713
12560 37025
12561 22791
12562 19167
12563 18502
12563 20695
12563 29324
12563 41886
12564 30375
12564 37341
12567 27327
12567 38484
12568 22058
12569 28665
12569 35771
12569 37530
12569 40703
12570 13081
12570 13831
12571 24696
12571 38486
12572 14667
12572 30314
12573 24144
12573 39115
12574 39444
12575 28325
12577 32737
12577 49650
12578 31847
12580 34700
12581 43967
12581 44612
12581 48871
12582 23492
12582 32901
12582 33641
12582 33729
12582 38428
12582 42173
12583 23346
12585 13651
12585 20372
12585 28931
12586 18135
12586 22796
12586 36092
12587 14568
12587 24227
12587 38971
12587 44475
12588 25281
12589 21614
12591 14129
12591 16940
12591 27218
12591 39571
12592 17878
12592 37407
12593 22324
12593 48788
12594 19754
12594 49107
12596 41340
12597 32670
12598 24434
12600 21249
12600 42407
12601 13082
12601 20641
12601 28139
12601 31711
12601 46210
12602 25602
12603 13739
12604 42416
12604 48859
12605 30818
12606 33739
12608 17595
12609 13326
12610 14275
12611 20107
12611 47272
12612 20209
12612 32444
12612 35754
12613 34021
12613 35732
12614 13817
12615 43850
12616 30511
12618 18179
12618 21909
12618 42568
12618 44452
12618 47676
12620 38011
12621 24097
12621 29077
12622 31544
12622 36714
12622 42651
12625 28471
12625 33074
12626 19302
12626 21580
12626 42307
12626 47080
12627 29543
12627 46494
12627 48797
12628 24765
12629 23863
12629 29417
12629 48460
12630 16030
12630 38591
12630 47316
12631 17263
12633 15053
12633 22807
12634 25212
12634 44564
12635 31248
12635 37295
12636 13339
12636 26620
12637 28147
12637 31614
12637 44233
12639 33342
12639 33479
12640 21029
12640 42515
12641 20585
12642 38540
12643 16085
12643 19652
12644 23917
12644 35380
12645 31587
12645 35273
12645 44820
12646 16193
12646 18580
12646 41006
12646 43205
12647 20608
12648 16422
12648 35261
12648 39198
12648 49679
12650 21503
12650 43386
12651 22475
12651 26292
12652 47910
12653 13078
12654 23198
12654 45319
12655 17809
12656 33901
12657 41972
12660 43961
12661 27951
12662 24897
12663 16575
12663 16665
12663 20144
12663 22875
12663 48187
12664 31723
12666 31480
12666 47596
12667 21930
12668 41412
12670 30344
12670 35343
12671 46862
12672 16584
12672 27588
12672 42636
12673 18305
12673 41257
12674 30168
12675 27836
12675 44334
12677 21645
12678 20713
12679 13881
12679 32287
12679 42979
12680 33448
12681 14912
12681 35234
12682 17343
12685 14252
12685 22902
12685 39846
12686 27211
12687 38911
12687 45615
12688 23308
12689 40808
12691 31577
12691 45568
12691 48702
12693 20646
12694 24314
12695 17429
12696 22411
12696 32250
12697 16341
12698 31372
12698 32686
12698 43664
12699 23412
12700 27096
12700 27558
12703 16938
12703 28078
12703 30326
12703 41626
12704 13982
12704 35443
12706 14437
12706 23978
12706 38086
12709 20651
12709 37240
12710 27968
12710 36880
12710 42481
12711 14482
12711 48686
12712 39200
12713 35225
12713 36763
12714 22168
12715 40475
12715 47579
12716 14614
12716 15905
12717 13235
12717 25475
12717 26453
12717 38708
12717 43035
12719 18420
12719 34188
12719 36846
12719 44474
12720 14607
12721 23850
12723 22666
12724 31239
12724 47705
12725 15591
12725 28396
12725 33958
12726 31141
12726 42835
12728 14600
12728 23470
12729 48740
12730 44304
12731 17641
12731 27731
12731 46578
12731 49151
12732 38371
12732 39392
12733 30473
12734 36363
12735 19924
12735 30936
12735 37558
12736 14513
12738 40533
12739 14701
12739 36330
12739 36654
12740 16827
12741 13852
12743 16400
12745 21940
12745 41580
12745 46367
12746 48472
12747 44210
12749 19229
12749 26582
12750 15234
12750 21063
12750 31937
12750 44124
12753 22524
12753 31150
12754 33329
12756 22336
12756 27035
12756 43426
12757 21705
12757 34411
12758 25349
12758 32076
12758 32851
12759 24787
12759 34085
12760 17079
12760 31861
12760 45682
12762 24867
12762 29686
12762 38366
12762 40962
12763 18231
12764 19502
12764 25803
12765 36741
12766 33378
12766 33915
12767 34099
12768 23531
12768 41276
12769 38267
12772 16560
12772 35581
12773 13558
12773 22858
12773 33580
12774 28341
12775 24877
12775 31199
12777 23909
12777 35041
12777 45833
12778 26158
12779 32187
12779 47440
12780 33489
12780 39062
12780 41447
12781 18654
12781 40975
12782 42057
12783 19325
12783 24353
12783 24551
12783 25482
12784 14442
12784 24724
12784 43938
12785 18245
12785 21024
12787 27150
12788 42279
12788 45385
12789 33436
12790 12959
12790 34488
12790 35664
12790 44571
12791 46430
12792 15088
12792 20642
12792 36105
12794 14978
12794 36563
12794 40802
12795 29176
12795 37669
12796 46985
12797 23522
12798 24319
12798 33736
12798 44768
12799 46456
12800 35867
12800 40131
12800 46889
12801 13185
12801 13983
12801 49287
12802 32002
12803 23863
12803 41651
12805 14860
12806 19609
12807 21954
12808 31412
12809 29564
12809 39238
12810 28166
12810 42359
12811 33854
12812 18204
12812 30089
12813 33373
12813 45688
12815 44716
12817 32717
12817 33993
12817 40921
12818 16808
12819 19354
12819 29265
12823 19668
12823 23941
12823 44625
12825 37238
12827 28142
12827 38547
12828 37899
12829 24806
12830 49624
12831 33066
12833 47493
12833 48351
12834 30084
12834 31644
12835 28382
12835 35076
12836 21538
12837 27685
12838 16095
12842 17073
12843 43767
12843 44440
12845 32150
12845 46300
12846 23657
12846 40900
12847 26603
12847 26921
12847 27981
12847 35915
12849 20549
12849 25266
12849 29961
12849 37923
12850 42149
12851 42167
12852 28882
12854 31177
12856 15955
12856 26685
12856 47163
12856 49419
12858 19164
12858 27125
12858 30978
12859 17835
12859 33916
12860 42103
12861 48066
12862 28344
12862 38614
12862 46326
12863 34764
12866 31265
12866 46616
12867 15331
12868 43573
12869 22053
12870 18628
12870 37423
12870 38078
12871 33326
12872 39119
12873 43704
12874 31227
12876 13791
12876 24362
12878 38306
12878 43940
12880 16787
12880 48466
12881 35686
12882 13949
12883 19706
12883 23431
12884 23422
12886 16729
12886 31431
12888 47460
12889 28208
12890 29044
12890 32302
12890 48290
12890 48671
12891 28883
12891 34162
12891 47759
12891 48739
12892 45358
12892 47816
12893 37233
12893 42624
12893 47019
12894 14251
12895 23182
12895 28911
12896 15414
12896 40536
12897 14865
12899 20112
12899 28189
12899 29257
12899 44849
12899 48573
12901 22145
12901 30713
12901 37808
12902 15225
12902 30719
12902 32221
12902 36552
12903 16564
12903 29408
12904 15533
12904 28886
12904 43446
12905 25128
12906 33338
12906 41347
12906 42246
12906 43408
12909 17112
12909 46735
12910 15825
12910 16954
12910 22979
12910 31843
12910 35946
12910 41569
12912 31801
12913 20654
12914 17934
12914 24370
12914 44999
12915 26199
12916 47359
12918 21602
12919 14926
12919 25779
12919 29293
12919 31717
12919 44322
12921 29944
12921 44001
12922 21425
12923 14491
12924 31135
12925 16663
12925 29840
12926 31384
12927 26503
12928 29907
12928 43028
12929 19028
12929 40113
12929 41775
12930 16855
12932 22208
12932 43458
12932 44324
12933 20039
12933 20416
12933 29688
12934 16688
12934 43623
12935 15298
12936 22965
12936 27028
12936 49433
12937 37520
12939 20503
12939 24547
12939 27548
12939 42212
12940 26411
12940 29108
12941 17746
12941 20743
12941 32330
12941 40573
12941 49866
12943 31608
12943 39010
12944 36265
12945 14538
12945 19250
12945 29688
12947 31673
12948 46386
12948 49530
12949 47164
12950 15458
12950 19281
12951 13444
12951 14628
12951 15110
12951 28875
12951 38916
12951 47751
12954 18470
12955 39219
12955 46111
12956 43079
12957 14661
12957 16967
12958 25930
12958 28299
12958 35299
12959 13441
12959 20262
12959 29102
12959 43714
12959 46037
12961 21794
12961 37911
12962 19187
12962 25637
12962 48069
12963 29277
12963 35033
12964 28080
12964 43357
12965 22621
12966 18937
12966 24304
12966 25711
12966 40531
12968 29178
12968 39103
12968 39868
12968 40976
12968 41449
12968 49952
12969 20286
12969 29946
12970 14935
12970 44815
12971 41836
12973 31624
12973 40657
12974 31882
12975 34379
12976 20141
12977 26607
12978 49891
12979 35364
12980 28197
12980 38665
12981 24148
12981 35290
12982 34687
12983 23737
12984 16750
12984 32580
12984 38406
12984 48936
12987 45321
12989 27057
12990 25228
12990 26907
12990 34733
12991 13289
12991 26381
12991 47272
12992 14663
12992 30121
12992 41334
12995 20447
12995 32100
12996 18977
12997 36941
12997 40710
12997 44652
12997 46437
12998 20494
12998 30835
12999 22410
12999 43376
12999 48269
13001 14714
13001 43935
13002 17449
13002 30871
13002 43314
13003 14063
13003 17317
13003 25044
13003 36914
13003 47570
13006 19759
13006 39641
13007 21622
13007 28294
13008 22330
13008 35359
13008 39503
13009 18791
13009 20665
13009 26693
13010 45934
13011 17708
13011 30350
13011 38326
13011 46209
13012 43969
13014 25493
13014 33751
13015 19408
13015 36956
13016 23369
13018 41768
13019 18188
13019 48636
13021 18863
13023 32499
13023 44231
13023 47507
13025 33610
13025 38006
13026 44829
13027 23535
13027 41226
13028 18971
13028 33668
13029 15874
13029 24159
13029 37733
13029 38309
13030 37478
13032 18558
13032 48915
13034 34117
13034 39103
13034 49226
13035 19958
13035 33487
13036 16915
13036 34275
13037 13443
13039 42038
13040 49978
13041 13929
13041 42517
13041 46580
13041 46751
13042 14906
13042 24947
13042 28129
13043 34404
13044 24114
13044 27773
13044 32954
13044 41560
13045 36407
13046 13472
13046 24714
13047 19528
13048 28307
13048 31294
13049 36120
13050 17685
13051 23838
13051 25802
13056 31933
13057 34780
13058 25368
13058 38591
13059 14482
13059 35253
13059 40197
13061 22953
13062 17253
13062 23892
13062 29459
13063 26996
13063 33630
13064 34223
13065 45842
13066 27599
13066 28223
13066 34817
13069 35490
13070 15712
13072 13920
13072 16871
13072 35134
13073 43785
13074 22801
13075 26782
13075 28226
13076 22007
13076 39044
13078 19303
13078 22081
13079 23073
13079 24197
13079 38498
13079 44451
13081 15215
13081 41026
13083 15619
13083 27324
13083 37992
13084 24110
13085 39798
13087 29266
13087 36481
13088 34992
13088 39487
13090 13665
13090 19879
13090 25750
13092 42231
13093 21748
13094 27716
13095 31267
13095 45930
13096 19700
13097 45520
13101 32109
13101 33107
13101 41384
13102 31933
13102 40733
13103 33592
13103 40836
13103 45202
13106 35088
13107 14459
13108 25492
13109 25244
13109 38995
13110 24128
13110 43511
13110 48969
13111 23971
13111 24824
13111 26825
13112 46654
13113 36587
13113 48198
13115 40916
13115 46581
13117 34618
13119 26164
13119 26232
13119 38235
13119 45036
13120 37533
13120 43959
13121 23367
13121 33945
13121 47545
13122 25517
13122 42524
13123 24903
13123 30068
13125 25921
13125 34328
13126 34766
13128 16717
13128 26259
13128 29245
13130 30498
13130 39696
13131 36393
13131 45273
13132 38600
13132 38966
13132 39228
13133 34640
13135 14119
13136 37511
13136 44080
13137 17819
13137 26668
13137 31469
13137 38499
13137 45133
13137 48396
13139 17321
13139 19921
13139 21751
13139 29173
13139 29592
13140 39203
13141 30243
13141 39110
13141 43231
13142 33873
13142 46062
13143 29499
13143 32457
13143 35867
13145 39269
13146 18972
13147 42369
13148 40003
13149 20533
13150 43291
13151 47524
13153 15084
13153 35522
13154 17039
13154 31154
13156 20876
13157 30866
13157 42870
13158 31768
13159 20344
13160 16821
13160 33182
13160 33673
13161 15921
13161 18728
13161 26538
13161 44024
13161 45355
13162 18675
13162 37437
13162 44083
13163 17015
13163 48608
13164 28095
13164 40527
13165 22088
13166 19611
13167 22997
13167 31807
13168 15563
13168 26510
13169 48580
13171 24022
13171 45458
13172 16000
13172 17654
13172 20675
13173 42649
13174 19004
13175 20402
13175 22734
13175 23247
13175 35303
13176 15015
13176 24110
13177 42041
13179 20152
13179 41861
13179 45534
13180 24808
13181 36106
13182 23977
13182 49965
13183 17254
13183 18885
13183 37827
13184 15918
13184 28870
13184 32997
13184 46852
13185 15420
13185 16719
13185 24536
13185 32700
13186 28546
13186 39971
13187 37356
13187 43987
13189 35522
13189 47629
13190 18700
13190 20512
13190 24178
13190 45841
13191 17838
13194 27713
13195 21649
13195 32244
13196 32775
13199 22115
13200 19034
13200 21426
13200 34091
13200 38446
13202 39627
13202 43720
13202 44690
13203 31697
13203 45871
13205 14019
13205 20607
13206 44789
13206 48598
13207 39910
13207 47349
13209 21915
13209 27752
13209 39988
13209 40647
13210 45805
13210 47265
13211 35247
13211 45886
13211 49058
13212 26369
13213 18548
13213 28137
13214 22447
13215 32089
13215 34658
13215 34869
13215 49689
13216 15655
13216 32650
13217 43316
13218 19088
13220 28654
13220 34623
13222 36361
13222 41350
13223 14103
13223 34939
13224 36975
13225 33611
13225 44903
13226 18970
13226 28711
13227 25684
13228 27410
13228 35113
13228 40537
13228 46508
13229 16893
13230 19017
13231 41177
13231 48297
13232 49252
13233 19861
13233 20584
13234 46132
13235 40020
13236 14354
13236 17064
13236 24882
13237 45877
13239 13729
13240 46519
13242 35160
13242 41664
13243 24696
13244 44699
13244 47995
13245 38688
13245 45032
13248 38315
13249 16223
13250 28252
13251 26267
13251 29145
13252 15013
13252 26679
13252 26683
13252 47105
13253 23727
13253 49926
13254 28433
13254 33455
13254 40749
13255 15831
13256 16981
13257 38802
13258 18959
13260 19087
13260 31455
13260 38346
13261 19331
13261 23775
13261 34962
13262 23272
13263 23755
13263 23862
13264 30416
13264 43578
13264 44376
13265 21526
13265 22434
13266 22020
13266 31466
13266 39446
13267 34749
13268 22592
13268 44095
13268 46027
13269 35402
13269 35584
13271 24087
13271 25532
13271 30077
13271 46949
13272 47923
13273 35675
13273 37345
13274 14774
13274 34951
13275 21804
13276 27597
13276 44562
13276 45111
13276 47943
13276 49061
13277 46017
13279 41101
13279 43746
13280 26042
13282 23292
13284 16895
13284 22348
13284 28132
13284 34350
13286 18450
13286 21532
13286 31677
13286 32733
13286 48807
13287 38691
13289 29864
13290 29912
13290 32558
13290 47481
13291 18937
13292 38533
13292 46939
13293 38174
13296 38630
13297 39477
13298 23887
13298 35269
13298 49642
13299 29454
13300 13583
13300 22447
13301 22602
13301 29936
13302 38766
13304 31040
13306 17742
13307 41783
13309 49214
13310 40947
13311 15324
13311 47113
13312 27286
13312 31019
13312 39629
13313 42390
13314 27929
13315 17211
13315 17797
13315 33324
13316 48752
13317 24031
13318 34039
13319 26771
13320 21997
13320 27546
13321 22855
13321 37540
13321 39972
13322 26177
13323 43623
13325 40077
13326 35632
13326 47673
13327 13993
13328 17716
13328 36990
13329 39883
13330 34679
13330 49129
13333 17184
13334 14566
13334 45055
13337 14288
13337 14727
13338 33979
13338 41572
13339 19892
13339 30002
13340 38715
13341 17564
13341 31303
13342 24138
13342 44943
13343 25689
13346 17107
13346 28067
13346 45120
13347 31129
13348 24792
13349 49704
13350 46919
13351 23868
13351 40285
13352 48679
13353 40714
13353 46812
13354 27881
13355 20837
13355 47245
13356 19182
13356 48399
13359 17585
13359 48717
13360 44307
13361 21902
13362 16674
13362 35964
13362 38803
13364 36352
13364 41734
13365 44985
13366 15359
13366 36090
13366 46585
13367 13884
13367 23871
13368 48369
13369 43910
13370 47331
13370 47782
13371 38518
13372 21576
13372 35768
13373 22175
13373 27836
13373 34379
13373 40712
13375 34830
13376 48442
13377 17568
13378 38067
13379 17748
13379 18840
13379 27366
13380 34171
13381 49977
13382 21719
13382 49264
13384 41023
13385 18516
13385 25582
13386 15849
13387 36040
13388 15587
13388 37924
13388 48181
13389 25575
13389 30323
13390 25841
13390 29628
13390 49161
13393 16115
13393 48639
13394 17986
13394 36326
13395 28520
13396 48117
13397 20298
13398 17812
13399 31976
13399 46717
13401 32984
13401 42967
13402 32783
13402 48612
13402 48781
13403 36760
13404 27953
13405 23736
13406 15770
13406 27777
13408 17897
13408 28053
13408 49544
13409 32159
13409 43043
13410 19043
13412 18389
13412 39464
13413 27747
13413 41682
13414 22143
13414 48357
13415 30439
13415 34005
13415 48719
13416 13476
13416 20065
13416 20772
13416 20889
13416 37218
13416 43373
13417 20618
13417 33268
13417 45995
13418 42444
13419 14839
13419 34782
13421 29119
13421 43288
13423 16082
13423 20325
13423 44530
13423 45577
13424 15784
13425 16773
13426 30204
13426 40304
13427 40120
13427 45852
13428 48698
13429 36277
13431 19930
13432 13961
13432 29472
13433 15363
13433 28945
13433 29726
13433 49856
13434 33958
13435 37568
13435 42586
13436 32336
13436 46408
13438 16517
13438 17727
13439 18833
13440 14133
13440 15102
13440 24908
13441 24911
13442 15638
13442 49473
13443 45307
13444 15278
13444 46697
13445 23520
13445 26829
13445 31423
13446 47074
13448 17173
13448 37817
13450 24765
13450 33411
13450 35166
13451 35017
13452 20627
13452 26064
13452 33294
13452 39642
13453 25342
13453 27459
13453 29658
13454 37961
13455 34962
13456 22364
13456 30716
13457 16835
13457 33818
13458 27934
13459 43407
13459 43734
13460 19959
13460 42595
13462 29532
13463 17999
13463 26738
13465 41992
13466 15029
13466 34669
13466 38712
13466 40886
13467 40434
13468 21144
13468 41569
13469 23461
13469 29378
13470 35402
13471 30050
13471 31717
13471 37553
13471 40956
13471 46896
13471 49281
13472 19894
13474 49963
13475 41253
13476 24206
13476 34045
13477 27668
13477 49985
13479 15327
13480 43258
13480 49318
13482 47680
13482 47702
13484 18882
13485 25702
13485 40050
13487 17770
13487 39543
13488 41811
13490 25430
13490 28831
13490 32120
13490 41901
13491 15285
13492 45725
13493 26062
13494 30448
13495 16617
13495 33556
13496 16355
13496 20346
13496 45739
13496 46040
13496 47252
13497 18507
13497 29278
13498 47132
13499 21852
13499 31933
13500 36813
13503 20963
13504 15179
13504 41838
13506 15426
13506 39809
13506 49751
13507 44054
13508 33397
13509 43819
13510 22936
13510 36193
13511 46506
13513 35516
13514 42879
13515 20916
13516 19145
13516 29175
13516 44724
13517 21211
13519 13591
13519 14752
13519 21047
13519 37261
13520 24693
13520 40866
13521 46231
13522 22095
13522 41531
13522 46171
13524 28568
13524 45426
13526 38778
13526 39457
13526 43296
13527 14278
13528 14241
13529 42599
13530 24367
13531 19398
13532 27407
13532 44140
13533 29268
13534 26994
13534 41180
13535 33904
13537 47387
13537 48656
13538 16374
13538 18516
13538 20866
13538 23563
13538 35038
13540 36335
13541 25304
13541 31224
13542 24381
13542 26213
13543 44215
13544 21834
13544 42699
13545 18151
13545 18432
13545 44147
13546 22427
13546 42869
13547 15133
13547 42165
13548 38135
13548 41615
13549 22536
13550 45221
13551 47124
13552 45595
13553 27573
13553 36459
13554 30810
13554 45606
13555 23935
13558 26246
13558 26835
13558 47190
13559 29035
13559 40741
13561 40938
13563 18740
13563 38055
13564 28273
13564 38797
13565 21250
13566 18676
13567 26251
13567 29498
13567 32330
13568 16182
13568 49312
13569 39396
13569 43218
13571 33735
13572 39443
13572 42469
13573 18495
13573 40928
13574 34239
13575 35208
13576 21454
13577 24724
13578 21124
13578 27626
13579 34770
13579 38765
13581 22096
13581 27108
13581 41862
13582 32410
13582 48215
13584 18523
13584 40825
13584 48552
13585 17097
13585 18029
13586 21713
13587 14041
13587 20829
13587 32279
13587 36993
13590 14245
13590 33302
13590 45077
13591 19507
13591 37862
13591 47156
13592 33356
13593 25467
13594 28695
13594 31657
13595 31916
13595 37657
13596 22538
13596 48348
13597 17140
13598 15938
13598 34772
13600 36740
13603 25292
13603 46331
13605 17310
13605 32545
13605 37163
13605 40450
13606 15735
13606 30683
13607 22428
13608 34754
13608 41906
13609 14978
13609 35155
13611 41702
13611 46480
13612 19088
13612 22096
13612 33271
13614 16535
13615 21484
13617 45753
13619 24033
13620 31213
13620 42884
13622 41435
13623 17811
13623 43542
13624 46581
13625 29688
13626 19990
13626 46823
13628 39599
13629 18938
13629 33213
13630 30029
13632 18280
13632 31458
13633 22026
13635 37687
13636 19047
13636 32539
13637 40105
13637 45889
13638 42133
13638 45641
13639 22569
13639 29891
13639 34451
13639 36049
13643 27124
13644 32759
13645 14481
13646 44381
13647 19863
13647 25052
13647 32357
13647 37806
13648 27440
13649 36037
13650 46028
13650 48058
13651 16961
13651 17217
13651 47282
13653 37113
13654 19969
13654 38769
13655 37222
13657 36784
13658 30225
13659 17304
13659 21871
13659 23960
13659 24744
13659 31681
13659 48247
13661 49158
13662 31443
13663 48936
13664 16167
13665 32041
13665 46650
13667 15702
13667 22107
13667 42785
13667 47915
13669 25756
13671 38500
13671 48725
13672 17858
13672 37107
13674 19928
13674 25995
13674 26682
13674 31676
13674 38203
13674 49987
13675 31079
13676 32019
13677 43745
13678 18965
13678 26745
13679 36512
13682 24331
13682 34747
13683 27779
13684 15737
13684 23639
13684 46782
13685 17807
13685 24815
13685 28674
13685 35333
13687 43946
13688 43640
13690 18713
13690 19771
13690 29762
13690 48908
13691 28501
13691 36861
13692 40333
13695 29384
13695 36784
13695 41708
13696 21413
13698 40587
13698 42205
13698 48305
13698 49926
13699 14958
13699 36619
13700 49965
13701 28635
13701 45961
13701 48533
13702 24389
13703 21042
13703 28939
13703 30600
13703 33829
13705 37907
13705 38085
13705 43437
13706 18908
13708 29554
13708 43903
13708 48255
13709 40927
13709 45039
13713 22698
13713 24960
13713 40113
13714 37217
13714 45796
13715 30310
13716 23668
13716 30968
13716 45655
13720 18433
13720 41157
13720 45348
13721 35564
13721 42279
13721 42946
13721 47059
13721 49301
13724 18725
13724 33323
13725 21697
13725 26088
13726 13986
13726 16897
13726 24352
13726 45877
13727 24021
13727 44122
13727 48847
13731 17142
13732 32440
13734 45180
13736 31610
13737 18230
13737 20916
13737 29598
13737 37471
13738 21157
13738 40083
13739 23493
13739 41578
13739 43545
13740 14998
13740 16790
13740 31850
13740 38194
13741 14231
13741 32470
13741 46871
13742 20736
13742 33695
13742 36611
13743 32872
13744 20009
13745 15210
13745 43668
13746 21712
13746 29559
13747 48117
13749 14818
13750 29982
13750 48646
13751 41155
13751 47610
13752 15245
13752 31116
13755 18794
13755 23554
13755 41300
13756 39339
13756 40886
13756 49959
13757 40369
13757 42905
13758 23894
13759 41503
13759 43660
13761 29977
13761 43855
13763 21613
13763 22861
13763 30441
13763 33541
13765 33987
13766 16048
13766 26585
13767 27083
13768 16952
13769 19453
13769 34392
13769 48239
13770 29363
13770 44495
13771 14018
13772 28753
13772 37571
13774 14374
13774 17147
13774 46841
13775 14359
13776 19676
13778 31428
13779 26225
13779 35259
13779 44846
13779 49389
13780 23160
13780 44967
13781 34067
13781 36058
13781 40313
13782 24940
13783 17981
13783 28517
13784 39091
13785 41007
13786 36876
13787 26558
13787 40886
13788 26129
13790 33853
13791 39152
13794 24444
13794 27486
13794 49087
13794 49301
13795 20920
13795 29222
13796 29543
13797 22836
13800 33529
13802 35449
13802 36269
13802 41956
13802 46633
13803 16536
13804 15332
13804 20698
13805 14354
13805 38624
13807 43420
13808 28987
13808 43744
13809 41883
13809 47236
13810 14845
13810 18033
13810 30116
13810 30695
13811 22252
13811 26161
13812 15793
13812 49219
13813 46481
13814 39017
13815 22957
13816 20686
13816 26700
13817 15002
13817 23089
13817 30843
13818 25707
13818 36733
13818 37615
13818 48692
13818 49905
13819 33470
13819 45222
13820 42993
13822 46756
13823 48549
13824 26462
13824 26685
13824 28612
13824 35294
13825 16373
13825 18649
13825 39360
13825 40902
13826 37404
13827 43463
13829 48527
13831 16703
13832 19000
13833 26298
13833 32136
13833 38337
13833 44158
13834 21047
13834 23678
13837 21307
13837 45695
13838 24189
13839 27179
13839 34319
13840 29737
13841 30419
13842 26213
13843 45665
13844 21693
13845 44335
13846 16634
13846 21310
13846 39732
13849 15142
13849 29329
13851 15684
13851 35865
13851 49392
13852 23254
13852 46720
13854 35181
13855 33148
13855 33337
13856 17954
13856 33776
13857 24819
13857 30307
13858 16866
13859 27359
13860 22045
13860 25513
13860 34301
13860 49971
13861 43928
13863 22154
13864 29086
13864 46785
13866 17921
13867 19688
13868 28774
13868 32137
13868 47264
13869 24236
13870 36738
13870 45005
13871 13897
13871 17996
13871 44243
13872 14436
13873 20349
13873 34381
13873 39757
13874 15000
13874 15439
13875 41527
13876 26186
13877 48686
13878 16187
13878 25754
13879 45963
13880 17191
13880 29695
13880 47769
13881 42497
13881 42620
13882 15492
13882 24286
13882 47992
13884 42196
13885 49658
13886 24122
13886 26229
13887 22153
13887 24826
13887 27368
13888 17610
13888 20800
13888 22218
13888 41690
13890 19056
13890 19979
13890 25127
13891 14641
13892 32631
13893 30630
13893 49593
13894 34255
13895 19644
13895 43226
13896 18805
13896 19454
13896 30588
13896 43906
13896 44405
13898 39273
13898 48645
13899 29281
13900 35740
13900 35916
13901 16264
13901 24610
13901 29824
13901 30519
13901 45647
13902 18450
13902 18724
13904 15056
13904 20926
13904 38760
13904 43392
13906 33170
13906 46365
13907 32765
13908 19837
13908 34754
13908 37255
13909 26444
13910 15525
13910 15684
13911 34411
13911 49649
13912 28925
13912 36114
13913 28485
13913 33325
13913 37793
13914 45657
13915 45760
13916 24070
13916 24286
13917 19139
13918 14873
13918 45308
13919 15690
13919 20670
13920 15972
13920 36199
13922 48426
13923 21169
13923 35856
13924 15162
13924 20849
13924 22558
13924 22789
13924 49090
13926 14390
13926 30173
13927 19279
13927 37498
13929 15668
13930 33048
13931 17691
13932 25316
13934 18771
13935 15393
13936 33723
13937 28629
13937 30968
13937 43087
13938 29548
13939 32042
13940 25920
13941 23594
13941 28255
13941 37668
13942 33983
13942 46909
13943 26028
13943 38024
13944 48705
13947 24464
13947 39533
13947 41132
13948 28944
13950 37113
13953 26946
13953 31545
13954 14275
13954 33904
13954 43297
13955 22273
13955 49509
13957 16974
13958 15340
13959 36656
13959 39386
13959 42940
13960 25536
13960 37454
13961 37925
13961 40135
13962 15620
13962 31812
13962 48801
13963 44053
13965 35336
13966 25050
13967 42770
13967 49277
13970 19908
13970 31163
13970 44695
13971 19176
13971 25834
13972 15092
13972 25762
13972 37768
13973 48901
13974 38035
13974 45889
13975 42404
13976 14724
13976 14849
13976 15050
13977 17640
13977 21655
13977 46700
13978 46796
13979 32923
13979 47986
13980 31190
13980 48535
13982 30020
13983 17450
13984 34538
13985 21609
13985 33673
13985 47643
13987 14552
13987 23944
13987 38027
13988 30264
13989 36357
13989 38328
13989 44870
13990 33978
13990 36687
13990 40862
13990 44366
13990 49629
13991 25822
13991 33316
13992 30326
13992 36822
13993 16455
13993 19734
13993 28686
13993 31551
13993 40554
13994 36335
13994 49393
13996 32855
13997 41574
13997 45748
13998 15488
13999 46490
14000 20247
14000 26232
14001 20772
14001 24364
14001 32649
14002 38665
14002 40598
14005 37137
14006 36360
14006 40605
14007 25622
14007 41111
14008 31555
14008 42218
14009 37234
14010 45629
14012 23708
14012 25601
14012 29615
14013 40925
14013 46489
14014 35078
14014 43150
14015 14788
14015 41509
14016 15564
14017 33459
14019 21376
14019 27186
14019 30590
14020 22946
14020 29218
14020 38272
14020 40912
14021 28418
14021 32890
14021 49023
14023 40882
14026 16280
14026 44554
14026 45772
14027 18460
14030 15685
14030 19353
14030 25175
14033 28817
14034 25050
14036 33773
14036 34035
14036 49800
14038 23159
14038 30467
14038 39557
14040 25624
14040 36899
14041 23573
14042 18914
14042 21034
14042 34995
14043 47719
14043 49435
14044 16483
14045 20276
14046 30833
14046 34058
14049 17104
14049 42963
14050 14152
14050 41058
14051 48720
14053 14253
14054 28181
14054 48676
14055 45259
14056 34001
14057 46453
14057 47027
14057 47744
14058 18707
14058 28519
14059 15296
14059 40685
14059 44520
14060 31785
14061 20106
14062 17264
14063 22994
14064 46165
14064 46553
14065 48149
14066 18450
14066 19293
14066 40642
14066 44743
14068 43381
14070 33527
14070 39140
14071 42046
14072 14333
14072 15362
14072 20394
14072 29694
14073 18533
14073 21687
14073 38186
14073 39392
14075 19948
14076 44382
14077 20982
14077 30315
14077 38129
14078 43021
14079 41825
14079 42617
14079 43112
14079 49212
14081 30291
14081 32433
14081 36774
14081 41352
14082 21636
14082 47876
14083 17286
14083 34144
14084 26198
14084 32216
14084 32811
14086 22580
14087 37734
14088 30246
14088 48072
14090 38156
14092 19567
14092 20823
14093 38892
14093 39090
14094 27866
14094 46352
14095 36592
14096 28665
14096 43606
14100 36350
14101 27014
14103 48856
14104 48049
14105 15009
14105 31146
14107 46013
14108 24548
14108 30923
14109 19847
14110 32317
14111 40891
14113 29235
14114 17694
14115 25337
14115 32952
14116 34166
14117 33451
14117 34156
14118 46269
14119 47079
14120 14426
14120 15661
14120 21567
14121 30408
14121 41641
14123 24578
14123 33910
14125 37556
14125 37612
14125 44274
14127 23022
14128 44926
14130 27265
14130 30855
14130 49568
14131 15973
14131 35521
14133 29888
14133 48964
14134 18038
14134 30599
14136 24805
14136 26317
14137 44856
14138 49568
14140 26161
14140 31499
14140 42189
14140 49930
14141 39191
14142 14889
14142 31882
14143 41047
14144 45578
14146 28041
14146 35853
14147 27784
14147 29986
14149 39762
14149 41009
14151 47231
14153 15360
14153 23445
14155 48127
14156 15286
14156 36706
14157 19201
14158 16443
14159 25025
14159 28252
14159 32644
14160 22479
14160 45896
14161 47139
14163 34586
14164 35382
14164 36327
14165 26728
14165 28976
14165 38051
14169 23861
14169 24637
14169 36184
14169 36278
14169 44739
14170 16843
14173 25188
14175 14371
14175 24651
14175 38922
14176 34603
14177 29471
14177 46642
14178 40171
14178 40186
14179 29599
14179 42938
14180 24564
14180 30067
14180 31513
14181 27081
14181 35780
14182 34023
14183 29978
14184 15520
14185 22552
14185 37242
14186 19368
14187 37283
14188 26033
14188 28498
14188 43015
14188 47789
14190 27438
14190 47954
14191 16694
14192 25080
14192 34035
14195 43601
14196 18162
14196 27018
14196 47145
14197 48745
14198 17200
14198 34102
14199 16347
14199 29645
14200 17836
14202 20721
14202 24047
14202 24363
14203 14432
14203 30581
14204 26731
14204 46415
14206 48465
14207 48183
14208 19647
14209 48644
14211 23228
14212 36345
14214 37886
14214 49918
14215 42244
14217 19337
14217 22245
14217 23612
14220 36307
14220 46792
14221 34278
14221 47211
14222 16647
14222 31552
14222 32847
14222 48538
14223 23276
14223 41981
14224 16698
14224 22944
14225 21428
14225 26914
14226 28962
14228 23863
14229 15299
14229 15439
14230 19758
14230 28854
14231 43862
14232 26920
14232 34164
14233 26792
14233 41438
14234 15169
14234 32643
14234 41290
14237 18130
14238 25011
14239 40600
14240 20208
14240 23981
14240 32903
14241 22903
14241 46296
14244 25654
14248 25834
14251 39708
14253 39481
14254 24150
14254 38414
14254 40070
14255 43564
14256 24490
14256 26894
14256 41420
14257 27503
14258 16201
14258 18763
14258 34139
14260 14830
14260 17191
14260 42206
14261 27310
14261 44521
14262 38546
14262 41963
14262 43058
14263 25888
14263 49805
14264 22351
14264 25749
14264 29490
14264 41722
14264 44330
14265 30615
14265 44832
14265 49215
14266 31319
14267 23448
14267 36133
14268 16369
14270 46903
14270 47743
14271 19343
14271 25779
14271 34818
14272 41851
14273 20261
14273 48607
14274 16667
14274 18894
14274 43829
14275 20004
14276 24088
14276 32796
14276 42288
14277 31635
14277 32817
14277 41631
14277 49943
14278 38526
14278 47900
14280 28937
14282 20275
14282 26489
14282 49255
14282 49325
14286 49494
14287 23909
14287 32428
14287 47066
14290 21645
14290 45859
14290 48785
14291 33486
14292 38204
14293 46735
14294 29268
14294 45436
14297 15229
14297 22768
14297 49302
14298 22276
14298 24062
14298 27158
14298 39898
14299 29811
14299 37622
14299 41439
14299 46000
14299 48678
14301 43208
14301 44626
14302 35157
14302 40800
14303 21208
14303 39726
14304 22862
14305 49019
14306 23213
14307 31950
14307 49250
14309 19228
14309 24744
14310 16410
14310 45881
14310 49272
14313 19836
14313 28018
14314 19299
14314 35610
14314 37425
14314 49876
14315 35475
14316 44603
14317 20789
14317 46151
14318 24488
14319 21749
14319 26476
14321 17601
14321 20820
14321 40397
14323 41240
14324 32670
14324 45002
14325 35806
14325 39442
14325 39956
14326 22070
14326 47408
14327 25982
14328 16233
14328 38824
14328 42476
14329 25415
14331 14386
14331 20249
14331 26387
14332 35678
14333 31042
14334 21323
14334 24835
14334 28157
14335 31297
14335 33134
14336 20931
14336 22037
14336 40746
14336 43851
14338 29702
14339 21472
14340 23534
14340 36854
14342 43074
14345 17992
14345 18792
14345 27040
14345 36849
14345 37473
14345 42775
14346 26985
14346 46620
14346 46903
14347 21441
14347 48851
14349 47721
14350 25465
14350 47958
14352 35195
14353 44781
14354 36602
14354 37469
14354 42859
14355 29458
14355 35479
14355 36102
14355 38750
14356 35162
14357 32283
14360 38842
14361 36917
14363 38636
14364 29161
14365 38829
14366 30574
14370 49747
14371 46792
14371 48116
14371 48789
14372 38688
14374 19997
14374 29191
14375 18506
14375 21377
14376 43894
14377 14965
14377 28209
14377 31484
14377 46545
14378 14871
14378 15511
14379 29071
14379 31506
14380 15262
14380 15519
14380 25821
14380 37731
14381 14750
14381 31745
14381 46222
14382 20344
14382 26676
14383 32133
14383 49666
14384 17140
14384 18571
14384 21008
14384 22355
14386 24126
14386 27511
14386 28536
14389 33649
14390 41764
14391 17952
14391 43653
14392 40198
14392 41905
14392 44468
14394 25773
14394 32625
14395 30179
14395 30348
14395 33659
14395 41948
14395 43738
14395 46064
14397 46972
14398 20189
14398 44952
14398 45482
14401 22865
14402 29706
14403 23460
14403 26688
14403 37828
14406 21393
14406 33046
14406 45772
14408 33525
14408 46123
14408 46585
14409 23744
14410 27051
14411 24459
14411 36475
14411 43306
14411 43387
14412 17738
14412 24777
14413 44650
14413 45859
14414 30150
14414 42480
14415 34121
14416 25595
14416 30432
14417 28240
14418 23142
14418 32578
14419 20415
14419 22360
14419 45671
14420 35923
14421 15983
14421 41759
14421 43944
14423 20150
14423 23771
14424 17094
14424 22453
14424 48642
14426 19579
14426 36323
14426 44829
14427 21301
14428 35940
14430 25621
14430 25973
14430 37269
14431 30283
14432 20164
14432 28849
14432 28979
14434 43287
14435 22526
14435 40679
14436 30876
14437 17641
14437 45811
14437 46773
14437 49519
14440 22229
14441 38857
14441 45609
14441 49125
14443 20981
14443 34963
14444 49078
14445 38571
14446 28411
14446 36543
14449 21118
14449 33054
14449 44090
14451 36101
14451 42462
14452 38145
14453 38883
14453 44604
14454 19272
14454 24647
14454 37155
14456 42423
14461 48127
14462 20918
14462 33554
14462 33845
14464 29882
14464 37462
14465 14732
14465 18117
14467 40896
14467 42502
14467 49014
14468 22532
14468 44235
14470 23280
14470 46733
14471 29295
14471 46610
14472 18391
14472 36874
14472 41243
14472 44188
14472 48333
14473 26247
14474 29808
14474 39399
14474 48850
14475 19518
14475 42926
14475 43509
14477 42976
14478 35159
14479 42114
14480 25292
14482 16766
14482 46837
14483 22764
14483 30609
14484 35618
14484 46140
14485 24142
14486 34624
14487 30990
14487 36344
14488 29358
14488 35610
14488 49549
14489 15730
14489 45862
14490 23236
14491 28101
14492 32791
14492 34413
14492 39108
14492 46677
14493 36982
14494 48849
14495 49152
14495 49272
14496 48081
14498 20677
14499 24907
14500 24232
14500 45514
14502 19364
14502 36440
14502 41064
14503 43352
14504 26953
14504 43003
14507 24566
14507 36059
14508 24839
14508 33682
14509 29206
14511 30006
14511 34032
14512 39675
14512 41871
14513 19545
14513 23594
14513 35966
14515 26412
14518 20017
14518 36357
14518 46637
14520 46014
14521 14771
14521 20618
14521 35322
14522 39751
14522 49051
14524 30938
14525 36576
14528 41467
14528 42446
14529 26420
14530 23797
14530 49053
14531 19148
14531 21736
14531 38897
14532 16698
14532 33151
14533 30755
14534 14611
14534 41980
14534 47057
14535 49690
14537 19818
14538 17761
14538 20967
14539 40682
14540 40582
14542 25229
14543 16325
14543 18612
14543 20090
14543 34579
14543 40715
14544 20877
14544 25686
14544 49814
14545 21329
14545 38455
14545 47707
14545 49711
14546 23588
14546 26480
14547 34026
14547 39433
14549 15453
14549 23914
14551 39339
14552 22269
14553 43734
14554 49794
14555 41484
14556 25633
14558 33337
14558 46025
14560 32374
14560 46886
14561 18052
14561 46553
14562 43829
14563 47301
14564 14620
14564 38730
14564 40015
14564 46028
14564 48422
14565 24720
14565 30463
14565 35291
14567 19932
14567 24985
14567 33580
14567 41865
14568 22527
14568 27944
14568 42604
14569 35809
14569 49025
14571 18457
14571 22551
14571 46502
14573 32914
14574 29069
14574 30077
14574 46117
14578 26276
14578 34844
14579 31408
14580 20062
14580 21100
14580 23215
14580 45202
14580 45770
14581 19455
14582 35132
14583 31721
14583 40381
14583 44355
14584 37365
14584 42055
14585 16804
14585 27064
14588 23514
14589 17709
14589 35641
14590 32089
14590 37473
14591 29848
14591 38909
14591 39091
14592 37545
14594 37921
14596 43643
14597 33632
14598 32834
14599 21408
14600 34787
14601 27560
14601 28621
14603 48380
14604 28423
14604 42877
14604 47964
14606 40400
14608 47650
14609 15414
14609 18613
14609 25402
14609 43090
14610 15432
14610 32610
14610 36480
14611 28928
14611 47196
14613 40022
14615 16049
14615 17645
14615 19767
14615 22128
14615 45270
14616 47662
14617 19977
14617 26203
14618 24964
14619 32217
14621 24205
14623 16549
14624 29073
14626 22717
14626 44281
14627 17250
14627 27139
14628 33770
14629 35168
14629 37074
14630 25109
14631 16465
14631 37638
14632 31561
14633 24443
14635 32483
14636 15212
14636 36056
14637 22164
14637 27689
14637 47601
14638 21811
14639 36413
14639 49090
14640 20279
14640 30270
14640 40578
14641 35014
14641 46561
14642 16645
14643 33094
14643 37191
14644 40652
14645 24513
14647 28326
14648 30014
14649 33343
14650 26994
14650 30950
14650 34949
14651 48669
14652 16817
14652 45740
14654 16233
14654 19685
14654 32407
14655 17472
14656 34261
14656 36303
14658 14769
14658 15954
14658 16575
14658 40735
14659 30313
14660 19168
14660 35264
14661 29931
14662 29061
14663 27183
14663 45724
14664 29378
14665 25504
14665 37984
14666 17838
14667 40907
14669 29092
14669 32832
14670 19532
14673 22962
14674 37593
14674 45603
14675 30402
14675 42593
14677 15664
14677 42655
14678 35348
14681 21260
14682 19875
14683 17157
14683 25664
14683 28123
14683 30813
14683 35068
14683 35128
14684 24384
14684 37772
14685 15400
14686 35933
14686 42052
14687 18308
14687 35322
14688 26308
14689 22677
14689 42720
14690 23061
14690 31593
14690 39798
14691 33089
14692 16780
14692 30266
14692 37313
14693 24774
14695 37038
14696 18257
14697 35944
14698 41810
14699 30674
14701 16092
14701 29314
14701 48885
14702 23249
14702 49831
14704 19873
14706 35455
14707 49541
14708 18882
14708 47640
14710 39287
14710 43935
14711 32282
14712 23899
14712 24683
14712 47654
14713 29735
14714 25912
14716 48286
14717 15651
14718 38173
14720 15148
14720 20644
14720 35540
14721 44487
14722 25714
14722 43882
14724 16429
14724 39439
14725 28003
14726 40778
14727 20728
14727 48905
14728 38638
14729 23372
14729 42180
14729 48129
14730 17351
14732 27552
14734 33866
14735 20432
14735 42536
14736 23960
14736 47098
14737 20912
14737 22121
14738 18931
14740 20323
14740 37605
14742 29895
14742 36483
14743 27558
14746 15082
14746 24866
14747 27661
14747 42776
14748 18681
14748 30194
14748 31197
14748 31580
14750 26474
14751 38919
14753 16353
14753 21781
14754 25890
14754 36895
14754 43900
14755 38456
14755 45646
14757 21186
14758 40502
14758 45831
14762 27346
14762 42478
14763 25127
14763 36240
14764 32407
14765 35502
14766 32324
14766 33497
14766 49423
14767 20048
14767 22243
14768 18061
14769 47793
14770 25242
14771 24817
14771 32865
14772 30043
14773 30180
14773 30894
14773 39050
14775 21449
14775 23053
14775 24212
14775 27215
14775 27594
14776 42115
14777 19723
14777 43815
14778 22363
14779 15342
14779 16564
14779 44654
14781 15413
14781 21939
14781 31615
14781 41789
14782 40281
14783 17269
14783 29242
14783 41277
14783 46468
14785 32729
14789 45634
14789 49707
14790 24836
14790 34433
14790 35522
14790 43059
14791 36631
14791 44491
14792 27145
14793 27278
14793 44258
14793 48390
14794 15798
14794 17015
14794 31317
14794 36650
14794 42224
14796 20765
14797 34619
14798 22722
14798 38968
14799 23197
14799 23476
14800 21069
14801 35252
14802 18322
14802 46859
14802 48995
14804 23853
14804 47271
14805 17414
14805 24415
14805 34200
14805 48317
14806 43598
14806 47314
14809 22505
14809 24375
14809 42718
14809 43515
14810 21557
14810 27545
14810 37168
14810 48381
14811 48905
14812 46934
14813 37453
14815 22536
14815 38743
14816 17858
14817 35530
14817 47266
14819 31236
14819 44259
14821 27595
14825 17110
14825 44358
14825 49549
14826 15150
14826 36293
14827 17914
14827 25172
14828 19608
14829 33778
14829 39345
14829 41546
14830 15375
14830 16113
14830 44123
14830 49994
14831 39876
14832 30855
14833 49037
14834 45304
14835 28716
14836 34763
14836 42340
14836 44692
14837 28678
14837 39384
14837 46345
14838 41421
14839 38088
14839 43522
14842 40601
14843 34140
14843 38438
14843 47859
14844 38507
14844 49972
14845 24890
14846 37872
14846 40353
14848 16586
14849 18795
14849 47029
14850 34937
14850 46944
14850 47867
14851 24496
14851 37587
14851 38251
14852 18371
14853 36091
14854 33651
14855 27415
14855 48686
14856 35500
14857 18094
14858 16687
14858 22343
14858 23053
14858 40239
14858 42588
14860 26367
14861 37032
14862 25818
14862 49615
14863 39043
14863 43083
14864 41042
14864 43907
14865 24610
14865 32387
14865 37518
14866 47006
14867 25738
14867 29117
14868 49695
14870 42952
14871 31593
14872 24083
14873 14974
14873 15551
14873 20788
14873 30178
14873 30323
14873 40697
14873 44769
14874 34616
14874 42598
14874 44021
14875 27630
14877 15274
14878 19488
14878 23845
14878 28838
14880 40098
14881 38712
14883 24990
14883 45136
14884 16997
14885 36265
14885 48593
14886 20585
14886 24148
14886 36922
14888 21673
14888 41353
14889 29926
14889 42620
14890 15770
14890 19215
14891 32816
14892 48214
14893 37281
14893 41910
14894 15503
14894 39104
14895 30173
14900 18948
14901 28064
14902 43519
14903 29125
14903 40116
14904 22193
14904 29824
14904 42820
14905 15308
14905 24468
14905 35354
14905 38269
14906 34019
14907 15866
14907 17965
14907 45499
14909 16979
14909 40852
14909 42999
14910 33854
14910 46136
14911 21014
14911 33343
14912 17925
14912 43853
14913 16607
14913 16674
14913 24294
14913 33853
14913 37816
14915 27715
14915 39515
14915 43796
14916 27166
14917 20652
14919 21338
14920 25247
14921 43682
14921 48090
14923 19118
14923 36033
14923 46527
14923 48148
14924 35746
14924 40584
14924 48964
14925 27730
14926 45730
14926 49608
14927 27216
14927 29304
14928 16550
14928 21948
14930 20448
14930 21938
14930 26906
14930 40064
14931 26716
14931 41430
14931 49726
14932 17422
14932 37909
14932 42205
14934 35592
14934 40315
14935 24029
14935 26956
14935 28943
14935 33685
14936 30584
14937 18302
14937 28970
14937 43076
14937 47524
14938 20850
14938 31092
14938 31719
14939 35731
14940 15744
14940 31975
14940 34781
14941 31339
14942 15544
14942 24071
14942 24329
14943 47876
14944 15279
14944 22387
14944 34452
14944 45737
14944 49869
14945 46378
14946 18379
14946 26152
14946 34679
14948 35747
14949 28386
14949 38501
14949 48880
14950 27601
14951 15280
14951 47527
14952 37415
14954 33727
14954 47598
14958 27391
14959 24622
14959 36485
14960 35325
14961 48091
14963 16108
14965 30366
14966 42542
14969 17271
14969 26637
14972 18856
14973 46903
14975 40301
14978 25404
14978 42717
14978 44042
14979 17219
14980 20940
14980 42080
14982 47260
14984 36232
14987 29216
14987 43328
14990 39835
14991 16655
14991 27784
14991 35554
14991 36197
14992 40005
14993 24103
14993 40676
14994 36244
14995 44051
14995 45343
14996 26450
14996 41297
14997 19447
14997 36824
14997 44874
14998 16980
14998 44890
15003 25895
15003 46318
15004 19462
15005 32885
15005 38151
15005 38665
15007 17286
15007 27026
15007 37152
15009 17835
15009 39420
15010 15093
15011 21131
15011 34959
15013 32391
15014 33650
15014 36853
15014 45458
15015 18801
15015 23945
15015 27889
15016 16237
15016 43272
15016 45709
15017 19512
15017 20003
15017 36355
15018 16332
15019 28078
15019 47917
15020 16233
15020 19407
15020 44215
15021 15338
15021 22607
15021 33025
15021 47462
15022 17615
15022 23042
15023 39579
15024 20853
15025 16518
15025 21755
15027 21380
15028 40559
15028 47255
15029 32581
15030 41246
15030 43592
15031 24149
15031 30934
15031 47733
15032 30393
15032 44778
15033 16862
15033 35566
15035 32285
15036 27704
15037 22946
15037 30410
15037 33107
15038 25609
15038 47800
15038 48065
15039 23537
15039 39995
15040 41585
15042 28255
15042 29554
15042 33897
15044 29977
15045 17150
15045 39121
15045 40265
15046 32195
15046 46550
15048 29107
15048 32600
15050 27921
15051 37216
15053 35529
15055 35345
15055 39296
15055 41800
15055 47364
15056 24195
15057 28280
15058 15155
15058 17886
15058 32289
15058 38668
15058 42956
15059 19825
15059 29675
15059 42691
15061 36908
15061 38177
15063 16566
15063 22900
15063 39611
15065 48961
15066 30489
15066 32036
15067 18513
15067 19953
15067 39212
15068 18677
15068 31236
15071 28617
15071 45165
15071 47208
15072 16762
15072 32621
15073 17093
15073 17456
15074 45018
15075 44138
15075 45527
15075 49722
15076 37890
15078 35549
15082 24037
15083 45937
15086 19309
15086 32198
15087 43242
15088 19079
15088 43762
15089 30311
15089 47859
15091 43063
15092 25026
15092 42859
15093 22348
15093 29649
15093 47820
15094 47016
15095 30186
15095 49829
15099 17428
15099 22909
15099 37832
15099 39174
15101 26300
15101 36252
15102 15998
15102 16333
15102 39216
15102 49686
15103 43988
15105 30869
15105 33866
15106 44743
15107 31681
15108 19251
15108 37768
15109 20685
15110 31703
15111 18775
15112 22978
15112 28776
15113 32427
15115 39371
15116 22460
15117 35965
15117 43608
15118 20864
15118 23280
15118 32995
15118 45558
15118 46757
15118 49130
15119 46144
15119 49476
15120 34924
15122 26857
15122 28447
15122 39029
15123 24036
15123 29250
15123 32460
15123 46794
15124 20525
15124 21883
15125 28229
15127 16903
15128 45064
15129 29913
15130 31637
15131 19062
15131 36162
15131 36301
15132 22053
15133 16811
15135 24525
15135 29202
15138 30408
15140 31080
15140 49897
15141 45345
15142 15853
15142 18028
15143 47543
15145 31968
15147 46534
15149 32434
15149 47064
15154 25421
15156 39390
15159 23513
15159 25010
15160 26261
15163 18311
15163 26918
15163 41602
15164 24198
15164 25135
15164 43746
15165 30959
15165 49831
15166 27369
15166 39755
15167 47185
15168 24723
15170 27831
15171 32871
15171 36306
15172 43826
15172 48911
15173 28291
15173 36270
15173 38096
15174 21582
15175 39463
15176 16367
15177 16653
15177 22090
15177 28898
15177 43009
15177 44891
15178 28893
15178 34344
15179 17759
15179 33170
15181 19588
15181 34987
15183 22263
15183 39941
15184 44514
15185 41336
15186 22458
15186 32972
15187 24086
15187 36335
15188 45019
15189 23887
15191 27781
15191 30232
15191 31897
15193 24489
15193 45799
15194 32459
15194 33449
15195 44168
15196 31868
15197 21578
15199 47000
15200 38809
15200 39375
15200 46691
15202 49724
15203 39549
15204 49966
15205 24092
15205 28615
15206 20012
15206 30155
15206 31602
15207 18817
15207 46729
15208 27281
15208 32176
15208 48583
15209 28967
15210 15413
15211 32845
15211 41982
15211 46477
15212 32754
15213 23058
15213 36257
15215 32011
15216 22821
15216 29615
15218 44033
15218 47875
15220 16472
15220 25031
15220 36090
15221 19392
15221 20327
15221 25658
15221 48060
15223 28079
15224 41064
15225 42421
15225 49867
15227 23835
15228 39881
15229 26150
15229 43970
15230 36070
15231 39522
15232 25072
15233 16369
15234 42428
15235 48560
15236 48613
15237 30631
15238 17486
15238 34352
15238 35005
15239 21774
15239 43385
15240 31537
15240 48436
15240 49584
15241 23015
15242 28206
15242 45502
15242 47898
15243 16353
15243 16841
15243 48057
15243 48544
15244 18718
15246 29847
15246 36682
15247 43156
15249 18563
15249 26295
15251 46648
15252 33082
15253 35022
15253 46545
15254 23028
15254 35929
15254 40157
15256 25783
15256 34462
15256 36172
15257 25356
15259 17668
15259 22822
15260 17889
15262 26595
15262 28540
15263 32030
15264 49682
15265 43827
15266 22609
15266 35491
15267 25288
15268 22390
15268 44711
15270 19567
15270 38389
15271 40945
15272 16231
15272 16391
15273 49914
15277 42287
15278 25023
15281 36511
15281 46472
15283 48764
15284 31250
15285 20930
15285 27958
15285 31608
15287 25087
15287 28319
15288 26454
15288 42294
15289 19431
15290 27470
15290 40171
15291 34629
15292 34513
15292 42729
15292 44012
15293 21905
15293 27255
15293 36817
15294 19989
15294 36761
15295 18556
15295 44894
15297 18523
15299 31256
15301 22359
15301 23788
15301 44996
15302 18589
15302 41182
15303 18034
15305 26434
15305 35221
15305 43699
15306 30311
15306 34498
15306 39074
15306 43757
15306 44790
15307 33887
15309 16888
15309 20303
15309 25249
15309 27153
15310 21807
15310 41880
15310 45980
15311 27073
15311 35799
15311 39689
15311 41944
15312 30816
15312 31081
15312 45211
15313 39657
15314 37225
15315 19481
15316 33157
15316 39973
15317 25056
15317 39181
15319 25587
15320 30664
15320 44555
15321 33413
15321 42109
15322 30133
15322 36870
15325 44728
15326 25260
15326 47337
15327 20179
15327 40010
15327 40337
15328 16697
15328 37778
15329 29504
15329 46651
15330 30922
15333 43748
15334 25120
15335 28029
15335 32237
15335 47879
15336 24125
15337 39668
15338 15361
15338 21266
15338 39676
15339 18279
15341 16250
15342 15845
15342 38435
15342 39669
15342 40474
15345 27938
15345 47943
15347 27277
15348 41789
15349 35858
15349 39471
15350 44218
15351 25512
15351 38629
15352 18539
15352 28989
15353 33784
15353 41361
15356 41815
15358 15971
15359 38015
15359 42659
15361 32405
15361 44939
15362 18443
15363 23124
15363 32362
15363 33821
15363 34303
15363 47995
15365 31836
15366 36759
15366 36909
15368 33108
15369 18539
15370 40977
15374 48823
15375 16805
15375 19846
15376 47657
15376 48100
15377 17522
15377 20929
15377 42684
15377 43553
15379 18502
15379 25436
15381 33155
15382 30138
15382 36297
15383 15895
15385 28794
15385 40611
15387 17798
15388 35886
15388 49935
15390 16739
15390 25865
15390 34928
15391 46999
15393 47314
15394 25888
15394 32182
15394 45457
15394 49136
15395 43163
15397 37132
15399 40838
15400 17772
15400 30443
15401 18764
15401 30605
15401 43701
15402 26451
15402 32300
15402 44092
15404 40880
15404 46751
15405 39925
15405 43594
15406 37841
15406 43441
15407 45548
15408 29115
15409 36330
15410 29716
15411 27290
15412 16072
15412 22762
15412 24741
15413 33900
15413 48237
15415 30871
15418 20007
15419 16943
15420 41037
15422 30595
15422 33169
15422 39545
15422 42950
15423 23602
15423 44012
15423 45397
15424 19635
15424 25944
15424 48179
15425 17456
15425 43333
15426 16097
15426 16821
15426 24198
15426 31779
15426 44649
15427 31494
15428 19857
15430 17785
15430 28540
15430 46429
15431 18744
15431 24936
15431 44401
15432 45203
15432 46319
15434 15675
15437 32200
15437 46655
15438 15746
15438 17135
15438 30344
15439 33291
15439 43490
15440 19764
15440 21700
15440 22641
15442 18628
15442 27153
15442 47489
15443 22107
15445 23845
15445 32536
15445 41902
15446 25254
15446 25791
15446 30589
15446 32165
15448 30684
15448 36837
15448 46113
15449 21095
15449 27603
15450 46132
15451 41726
15452 32687
15452 33493
15453 30542
15454 37321
15455 17340
15456 19951
15456 38282
15456 46958
15456 48985
15457 16045
15457 31377
15458 40260
15463 41133
15464 21757
15465 38173
15466 28742
15466 31419
15466 40918
15467 39897
15468 20835
15468 46145
15469 19091
15469 21573
15469 35045
15470 21318
15470 23681
15470 25777
15474 46404
15475 48556
15475 49432
15476 26295
15476 39976
15478 29535
15479 19116
15480 31725
15480 39142
15481 35357
15482 44674
15483 31259
15485 16419
15485 48719
15486 24741
15486 28805
15487 16883
15487 35296
15488 39048
15489 19347
15489 22806
15489 31642
15490 34738
15491 19667
15491 22771
15491 30014
15491 31783
15491 32248
15492 29406
15493 16854
15493 44607
15493 49965
15496 22683
15496 24325
15496 24511
15496 39258
15496 48543
15497 16934
15497 28191
15498 21689
15499 16417
15499 27065
15500 28404
15501 48421
15502 37348
15505 34680
15505 35484
15505 37432
15506 33304
15506 46130
15508 15541
15508 37283
15508 37308
15508 42321
15509 17635
15509 25597
15510 39776
15511 40355
15512 26418
15513 28236
15514 16626
15514 29851
15516 26842
15516 27325
15516 28646
15517 23785
15517 24786
15519 42083
15519 48199
15520 44284
15522 18273
15522 19972
15522 30535
15523 22437
15523 33583
15524 16655
15525 30188
15525 31705
15526 31384
15527 21559
15527 27837
15527 33377
15527 39849
15528 23311
15528 48543
15529 37734
15529 40455
15530 26875
15530 36350
15531 39490
15531 39644
15533 22555
15533 46831
15534 18312
15534 22851
15536 39921
15538 28772
15538 36767
15541 28037
15541 28621
15541 38309
15542 44514
15542 48786
15543 19258
15543 40884
15544 48655
15545 27188
15546 16476
15546 41753
15546 46840
15547 21484
15547 23335
15548 18873
15548 33377
15551 22660
15552 20197
15552 25487
15553 28320
15553 28942
15554 18373
15554 48253
15556 18721
15556 32686
15556 49568
15557 20821
15557 21904
15557 44852
15557 48296
15558 22246
15559 43123
15559 48745
15561 20077
15561 40353
15562 42050
15562 42227
15564 29824
15565 19021
15565 25269
15566 41889
15566 43344
15567 23273
15567 34406
15568 23173
15569 41364
15571 32480
15571 38049
15571 39825
15571 45699
15573 39799
15573 41444
15573 47270
15575 48156
15575 49920
15576 34281
15578 30830
15578 33459
15578 33772
15579 22931
15579 25425
15579 25464
15579 27941
15580 39766
15580 45155
15581 44453
15582 18306
15582 19757
15582 39966
15583 19227
15583 47760
15584 25829
15584 31435
15585 38836
15585 40710
15585 49303
15586 17905
15587 42035
15588 28420
15588 30189
15588 45769
15589 46077
15590 17926
15591 19287
15591 35032
15592 36812
15592 40172
15593 23111
15593 37779
15595 35463
15596 47832
15598 39583
15600 16034
15600 38708
15601 21082
15601 26915
15601 40537
15601 43720
15604 30392
15604 34728
15605 28328
15606 46753
15607 45088
15608 33863
15608 37353
15609 38469
15610 16438
15612 19965
15613 26226
15613 44473
15613 48431
15615 16207
15615 27650
15615 29098
15615 40083
15616 25247
15619 21795
15619 35403
15620 15709
15620 27679
15623 27642
15624 36807
15626 16248
15626 36015
15627 22664
15628 21327
15630 18371
15630 28646
15630 39110
15630 44607
15630 47741
15632 19522
15635 27336
15636 33348
15636 34949
15636 34974
15637 39746
15637 40756
15639 19037
15639 21770
15639 45848
15639 49179
15640 20590
15640 25228
15640 38536
15641 46987
15642 30468
15642 35920
15642 36460
15643 24342
15644 49017
15645 34203
15645 43712
15645 48084
15646 17002
15647 38797
15647 43750
15648 20574
15649 27948
15649 27961
15650 32863
15650 39291
15650 43142
15652 29659
15653 17982
15653 18786
15653 44747
15653 49457
15653 49485
15654 23851
15654 27931
15654 39601
15654 47520
15655 45291
15657 38905
15659 26539
15659 37195
15660 25847
15660 34305
15661 35304
15661 46976
15662 32738
15662 40728
15663 18049
15664 48812
15665 16256
15665 26894
15669 32308
15669 32880
15670 46195
15671 38709
15672 27653
15673 39146
15674 43626
15675 29437
15676 19943
15676 25655
15676 26431
15677 29259
15677 33430
15678 42089
15679 35713
15679 41475
15680 29242
15680 30164
15680 41909
15681 28051
15681 41717
15682 25070
15682 40212
15685 22111
15687 45418
15688 24379
15689 16426
15689 29717
15690 34947
15691 30862
15691 34612
15692 41299
15692 43147
15693 36330
15693 45079
15694 21325
15694 36469
15696 46310
15698 29456
15699 26426
15701 30596
15702 23091
15702 45377
15705 31264
15705 44089
15707 20005
15707 48362
15708 39365
15708 49181
15709 38132
15709 38925
15709 48067
15710 22721
15711 31731
15711 48734
15712 33790
15713 35739
15714 32207
15715 17837
15715 43264
15716 26141
15716 48864
15717 22082
15717 24576
15717 33887
15718 33718
15718 36546
15720 20471
15720 38322
15721 19004
15722 25083
15723 25601
15724 24634
15725 21039
15727 34639
15729 25247
15729 35299
15734 38351
15735 29364
15736 36399
15737 38903
15737 42734
15738 28345
15738 47104
15739 29509
15739 39926
15740 20468
15742 33699
15742 43322
15742 49423
15743 27823
15743 37265
15744 27235
15744 34956
15744 37684
15745 25680
15746 16274
15747 26308
15747 29044
15748 25812
15748 32644
15748 42249
15748 47731
15749 49722
15751 31335
15751 44318
15751 45759
15752 43472
15752 46026
15754 37142
15756 47758
15758 43223
15759 17062
15759 21134
15760 19881
15760 24763
15760 46317
15762 21860
15763 19828
15763 26541
15765 37152
15767 17659
15767 42567
15768 34519
15768 45465
15769 26663
15769 33749
15770 21708
15772 18736
15772 39900
15772 49550
15773 33941
15773 47692
15774 49971
15775 27910
15776 25587
15776 48157
15778 21848
15778 30307
15778 41321
15778 47796
15779 38919
15780 16732
15781 26777
15781 31850
15782 32828
15782 35609
15782 40837
15782 43230
15783 44563
15784 30419
15784 31091
15784 34857
15784 37545
15785 19505
15787 21306
15787 29577
15787 46200
15787 46431
15790 23760
15790 27735
15790 31438
15791 49914
15792 23795
15794 41562
15796 17777
15796 32407
15796 46350
15797 23776
15798 21715
15799 32252
15800 36418
15800 46407
15801 45170
15802 17153
15802 26800
15802 35813
15803 49274
15804 39021
15805 48287
15806 30730
15806 33993
15806 39827
15806 47509
15807 43425
15809 18087
15809 23717
15809 41776
15809 42262
15810 25038
15810 41879
15811 17392
15811 39017
15814 28167
15817 38925
15819 39064
15819 43163
15821 36167
15821 42708
15822 34111
15822 46125
15822 46778
15825 40568
15826 19266
15826 31736
15826 46877
15828 31925
15830 43288
15831 23168
15832 27666
15832 31277
15834 17015
15835 30698
15835 37237
15837 21742
15838 42971
15840 17375
15840 39990
15840 43016
15841 17157
15841 22069
15842 24233
15843 22671
15844 21873
15845 21365
15845 46845
15846 43494
15847 28787
15848 24830
15848 33400
15849 40722
15851 21187
15851 22007
15851 38695
15852 16053
15852 19031
15852 21036
15852 34772
15852 35235
15853 38022
15855 46213
15856 42857
15856 47445
15857 34056
15857 45587
15857 49949
15858 40629
15859 25520
15861 33774
15861 49619
15862 19624
15862 35202
15862 42334
15863 27176
15863 43606
15864 34292
15865 31937
15865 49556
15866 17352
15868 42407
15869 18877
15869 30348
15870 37100
15872 28754
15872 38932
15872 45355
15872 49793
15874 22963
15874 29206
15874 35836
15875 44205
15875 47236
15876 28438
15876 47001
15877 22547
15877 45406
15878 32682
15878 41766
15878 47787
15879 20050
15880 19901
15881 18952
15881 19112
15881 37442
15881 49056
15882 44738
15883 29106
15883 29593
15883 33993
15883 44326
15884 16256
15884 23030
15885 34753
15886 19251
15886 28240
15887 26137
15887 33367
15887 47000
15888 26623
15888 31216
15888 35584
15890 26353
15890 44843
15891 21254
15891 21678
15892 17721
15892 19516
15892 28205
15892 28935
15893 30973
15896 27170
15897 17277
15897 21289
15897 31128
15897 33183
15897 42760
15899 25260
15899 32850
15899 48425
15900 35515
15900 38182
15900 40400
15900 44785
15900 45286
15900 47766
15902 38086
15903 49267
15904 42948
15906 37571
15908 20656
15911 30115
15912 30937
15913 31177
15913 34796
15913 42280
15913 43089
15914 35737
15916 48964
15919 19683
15919 31475
15919 44318
15919 48303
15920 20730
15922 42179
15923 23730
15923 46891
15923 48169
15924 25629
15924 46772
15925 39920
15926 31456
15926 35311
15926 45720
15927 31546
15927 46827
15928 21910
15928 28822
15928 40936
15929 20046
15929 27214
15931 32693
15931 46886
15932 23274
15932 47285
15934 24441
15935 23311
15939 41048
15939 42729
15940 24834
15941 29158
15941 45971
15944 28639
15946 20827
15946 31125
15947 43476
15948 40805
15949 18790
15949 37735
15950 32136
15950 42863
15952 29099
15952 46416
15953 44749
15954 45636
15956 33524
15956 46781
15959 19302
15959 27337
15959 31457
15959 37346
15959 46545
15960 31084
15960 33421
15960 33452
15961 19607
15961 19651
15962 25474
15963 17145
15963 28373
15964 19348
15964 26651
15964 35695
15964 39764
15966 21886
15966 49318
15967 26557
15967 44462
15967 47703
15968 18271
15968 43417
15969 44037
15970 34438
15970 35286
15970 36672
15972 25932
15972 28856
15972 41870
15972 46051
15973 28062
15973 34502
15975 21764
15975 24316
15975 41578
15975 41593
15975 48505
15976 25974
15977 43340
15978 34300
15979 19321
15980 18351
15980 18873
15980 37097
15980 41385
15980 46136
15980 46462
15982 30887
15982 40823
15982 49960
15984 25191
15985 19540
15985 30399
15985 49855
15986 24991
15986 35860
15986 43496
15987 16203
15987 41315
15987 43676
15988 23391
15989 18847
15989 30909
15989 31213
15989 44342
15990 35588
15991 36354
15993 41264
15995 18732
15995 47732
15995 49452
15996 26610
15996 31250
15996 32086
15996 37932
15997 44893
15999 18703
15999 24192
15999 38635
16000 17202
16001 20678
16003 32273
16003 40549
16003 44181
16004 25161
16004 39231
16005 28997
16005 43824
16005 48903
16005 49793
16007 38508
16008 34520
16008 36960
16009 24387
16010 16467
16010 37249
16011 29921
16011 44811
16012 29197
16012 40110
16014 22291
16014 41067
16014 46916
16015 20969
16017 18280
16017 36854
16017 47650
16018 42083
16019 31244
16020 21470
16020 27337
16020 36296
16020 39928
16021 25320
16021 36874
16024 20166
16024 24293
16024 28927
16024 47037
16025 44528
16025 46345
16028 16221
16028 19648
16029 36884
16029 40547
16030 24380
16030 25413
16030 31355
16030 35524
16030 38320
16030 42338
16031 30464
16031 46384
16032 17368
16033 42957
16034 30645
16034 32002
16034 41695
16035 19694
16035 41763
16036 17303
16037 47491
16038 17447
16038 41125
16041 46011
16043 36292
16044 33451
16044 47895
16045 25040
16046 26739
16046 36439
16048 16479
16050 23644
16050 24693
16051 33446
16051 33469
16051 35268
16053 36842
16053 44282
16054 16407
16054 19166
16054 39898
16055 24371
16055 47817
16056 39871
16056 49010
16057 21982
16058 17563
16058 19806
16058 23251
16058 49667
16060 42376
16064 30122
16064 33135
16065 38205
16069 41682
16070 18984
16070 22333
16070 32786
16071 24928
16072 30762
16072 34850
16072 41529
16073 45650
16074 22960
16074 48696
16075 17536
16075 49965
16077 37148
16078 32513
16079 24101
16079 39407
16080 46384
16083 16997
16083 30634
16084 19605
16084 22259
16085 18568
16085 30675
16087 20369
16087 40723
16088 41045
16089 20367
16089 38789
16089 39167
16089 46945
16089 48457
16091 32196
16091 40270
16092 33850
16093 24567
16093 39077
16095 21159
16095 28055
16095 39541
16096 42599
16097 27493
16097 48284
16100 24518
16102 27188
16102 36369
16102 43349
16104 42733
16104 43766
16105 17183
16105 40736
16105 44018
16106 31891
16106 41849
16107 44171
16107 44504
16107 47039
16108 29302
16108 29604
16108 34711
16108 34743
16108 49707
16110 22057
16110 23346
16110 39750
16111 18787
16111 27604
16113 26851
16114 45945
16115 38138
16115 44904
16116 43286
16117 44060
16117 45835
16117 46588
16118 29979
16118 39427
16124 16157
16124 28737
16124 42946
16125 49641
16126 35508
16128 27825
16130 17789
16130 31871
16132 40553
16133 32506
16133 37357
16134 45925
16135 22507
16135 34228
16135 34584
16137 29361
16139 30206
16139 37794
16139 49298
16140 30375
16141 32724
16142 21245
16142 34895
16143 38191
16143 39873
16144 44250
16145 36015
16146 21196
16146 44005
16147 41945
16147 44832
16148 38787
16149 20660
16149 47909
16149 49056
16150 33983
16151 18439
16151 26597
16151 45656
16152 18776
16152 24660
16153 17756
16153 35755
16155 26106
16155 29649
16158 30305
16158 45856
16158 49191
16159 49617
16160 19061
16162 48556
16163 33122
16164 18512
16167 23673
16167 44036
16168 35140
16170 22389
16170 27147
16171 32337
16171 36987
16171 47930
16172 45324
16174 16833
16174 47265
16175 24901
16176 21479
16177 43800
16180 18765
16181 29804
16182 44807
16183 23326
16183 47217
16184 21824
16184 35951
16186 35585
16186 42616
16188 19886
16190 38766
16190 42504
16191 27942
16192 26781
16192 31966
16193 20796
16193 47629
16195 18287
16196 43325
16197 26526
16197 34914
16198 23546
16198 34050
16199 33308
16201 37634
16201 39737
16202 21883
16203 48550
16204 23526
16204 32908
16204 37844
16205 24857
16206 18726
16207 25140
16207 29725
16207 30854
16207 39102
16208 19778
16208 28932
16211 22223
16212 44582
16213 22573
16213 22916
16214 42682
16215 17094
16215 43228
16216 19592
16216 29403
16217 39985
16217 48048
16218 40561
16219 49035
16220 19693
16221 17721
16221 22546
16223 21747
16224 43234
16225 37112
16225 40188
16226 18684
16226 27142
16226 48486
16227 18322
16227 39329
16227 41418
16228 20572
16228 29690
16230 21056
16231 23359
16231 41188
16231 42317
16232 39241
16234 40015
16235 24168
16236 34305
16236 43382
16236 45336
16237 21502
16237 30980
16237 48345
16240 26578
16240 26761
16242 39528
16243 42697
16245 18456
16247 30207
16250 31503
16250 38977
16251 21208
16251 22611
16251 40812
16252 28050
16253 41645
16254 30748
16254 34641
16254 35722
16255 17424
16256 17160
16256 21127
16260 37094
16260 45386
16261 34086
16261 41352
16262 30275
16262 33135
16265 45130
16265 47445
16265 47785
16266 28879
16267 21319
16267 43842
16268 28635
16268 41921
16269 16928
16269 30146
16269 43214
16270 21648
16270 36122
16270 36497
16270 47749
16271 31231
16271 38924
16272 27872
16272 30761
16273 43090
16274 30250
16276 21799
16276 22984
16276 28819
16276 46984
16277 33422
16278 39709
16278 43657
16278 47480
16280 16548
16280 31875
16280 39386
16281 18423
16281 24735
16282 20169
16282 22450
16283 30361
16283 39713
16285 24225
16286 40574
16288 21281
16291 28191
16291 33241
16292 17919
16294 17449
16295 33709
16296 18512
16296 37485
16297 21008
16297 24522
16297 42439
16297 45986
16298 45948
16299 17935
16299 37076
16300 37772
16300 44452
16302 23713
16303 17474
16303 32072
16303 40197
16304 24346
16304 46066
16305 23466
16306 18776
16306 30245
16306 34180
16306 45218
16309 29523
16309 35610
16309 35728
16310 27504
16311 18044
16313 18923
16314 44675
16315 26893
16316 44355
16317 21713
16317 41828
16320 45949
16321 23517
16322 37185
16323 25608
16324 20313
16324 29646
16324 32768
16327 34008
16329 35747
16330 24657
16330 27871
16331 16881
16331 25804
16332 27794
16332 37137
16333 18985
16333 48894
16334 17813
16334 44103
16335 21765
16337 27652
16338 24940
16339 30491
16341 30651
16343 30881
16344 22607
16344 44878
16346 47395
16348 38256
16348 49285
16349 30597
16349 32714
16350 34250
16352 31540
16354 16682
16354 22849
16355 23654
16355 39622
16356 20922
16356 41352
16357 22690
16357 34616
16358 21754
16358 24564
16358 45339
16359 20048
16360 18018
16360 31700
16361 19328
16361 32929
16362 37442
16362 44501
16363 31500
16363 47397
16365 49558
16366 21657
16366 36247
16367 27428
16367 37795
16368 43967
16368 47749
16369 25501
16369 46739
16370 22734
16371 19888
16371 26232
16371 27860
16373 19068
16373 33630
16374 27470
16374 47532
16375 44266
16376 21443
16376 23622
16377 20426
16377 32134
16377 35036
16377 46130
16379 40956
16379 44085
16380 18109
16380 23649
16380 27237
16380 29232
16381 19541
16381 46270
16383 18415
16383 20831
16384 19641
16385 38955
16387 25320
16387 26430
16387 28592
16389 49177
16390 30924
16391 37508
16392 17092
16392 39793
16394 45537
16396 21457
16396 42105
16396 43652
16397 22132
16397 32641
16398 19122
16398 48044
16399 49619
16400 24651
16402 33013
16402 45820
16403 25475
16404 27970
16404 34427
16405 23363
16405 30717
16406 24000
16407 38915
16408 46244
16409 19440
16409 49836
16410 26709
16411 45741
16412 37087
16413 48739
16415 41286
16416 35258
16418 25826
16420 38283
16421 26605
16421 32575
16422 43293
16423 22364
16423 33484
16423 45606
16425 21265
16427 39551
16427 41026
16428 22281
16428 25513
16428 49001
16429 25365
16430 24035
16430 32893
16430 41373
16431 40256
16432 24892
16432 43281
16433 36929
16434 16491
16434 17757
16434 22764
16434 23610
16435 21709
16436 46215
16438 35712
16439 16723
16439 48932
16440 21163
16440 21369
16440 23339
16440 33401
16440 38501
16441 34899
16442 18403
16442 40713
16442 47676
16443 42916
16445 20100
16445 45250
16447 39368
16448 21943
16449 38297
16450 25867
16452 26165
16455 32659
16455 35526
16455 48639
16456 45296
16459 22149
16459 35341
16459 47993
16461 16563
16461 47401
16462 24040
16462 37377
16463 24987
16464 35727
16466 33831
16467 16749
16467 18733
16467 21092
16467 37136
16468 43513
16469 31819
16470 32935
16470 36441
16471 20918
16471 22846
16472 44383
16474 35946
16474 42559
16475 26797
16476 17455
16476 26628
16477 44873
16478 43534
16478 45074
16479 22614
16479 30246
16482 36101
16482 39469
16482 43595
16484 31032
16485 18044
16486 21207
16486 30644
16488 41167
16489 36373
16490 24120
16491 49723
16492 23778
16492 36693
16492 46570
16493 41596
16493 43519
16494 18061
16494 19399
16494 27855
16494 35877
16494 48651
16496 17899
16497 27288
16499 33380
16500 49301
16501 27840
16501 37899
16501 45493
16502 24986
16502 40013
16504 17310
16504 41133
16505 28462
16506 19420
16506 45525
16507 17044
16507 31012
16508 22057
16509 26427
16510 45162
16511 30809
16511 39358
16513 19781
16514 35638
16515 16749
16515 25945
16516 37054
16516 40009
16517 39612
16518 19001
16518 23054
16518 38937
16518 42410
16519 19048
16519 20341
16520 28738
16521 33397
16521 48818
16522 43155
16523 18209
16523 29385
16523 49171
16524 32345
16525 32007
16525 34279
16525 47340
16526 17002
16527 16646
16527 31781
16527 45867
16528 17338
16528 24099
16529 33054
16532 34501
16533 33175
16533 39312
16534 20422
16534 44005
16535 19172
16536 22373
16536 43983
16537 18035
16537 27204
16538 28808
16539 36311
16541 41533
16541 42533
16542 27972
16543 42036
16543 48943
16543 49058
16544 45906
16544 46087
16545 37957
16546 38900
16547 38355
16548 28925
16548 47739
16549 31174
16549 46229
16551 20023
16551 21281
16552 40066
16554 39494
16554 41409
16555 18602
16555 27410
16555 27628
16555 40629
16555 45406
16555 46063
16556 27493
16557 24818
16557 30035
16558 22888
16558 33141
16558 35469
16558 40373
16558 40800
16559 34229
16559 49654
16560 49591
16562 35222
16564 27633
16564 32395
16565 29601
16566 34510
16566 43683
16569 25571
16569 41944
16570 37725
16571 29204
16571 36184
16572 24636
16573 24635
16573 25546
16573 34120
16573 43753
16574 18087
16575 24893
16575 32184
16575 33942
16576 16632
16576 20722
16577 20237
16578 39904
16580 28380
16581 33050
16582 23684
16583 42090
16583 47925
16585 19511
16585 46418
16586 21985
16587 37251
16587 37765
16588 22296
16588 25303
16588 48472
16590 47976
16591 21950
16592 43475
16595 18047
16595 29450
16595 38376
16595 43827
16596 18196
16599 34015
16600 19442
16600 43446
16602 18394
16602 29145
16602 41510
16605 45306
16607 36259
16609 31864
16611 19112
16611 24632
16613 30847
16613 36905
16614 19320
16615 24759
16615 33460
16616 30013
16616 41545
16618 40777
16619 18661
16620 30836
16620 33291
16620 49632
16622 37553
16622 46913
16623 23130
16623 32918
16623 43477
16624 37985
16625 32754
16625 41224
16626 24511
16627 19525
16627 35093
16628 16821
16628 26841
16629 19499
16631 35396
16631 38003
16631 40294
16632 21440
16632 31997
16632 40529
16633 17935
16634 31106
16635 29968
16635 32968
16636 22513
16637 22736
16637 30867
16638 45811
16639 27462
16639 34804
16641 34811
16642 37505
16645 18817
16645 31080
16645 33271
16645 44990
16646 21818
16646 37942
16647 21381
16647 32338
16648 17037
16648 17161
16649 32289
16649 42183
16649 45435
16650 24979
16650 26363
16650 47769
16651 36868
16651 45397
16653 28405
16654 22684
16654 29406
16654 32579
16655 44702
16656 44706
16657 25241
16657 27437
16658 24677
16659 35392
16661 29990
16662 16936
16662 47721
16663 18447
16664 20938
16664 27626
16665 33029
16666 19256
16666 26526
16667 25790
16669 21045
16670 34619
16670 48612
16671 39741
16673 23739
16673 29017
16677 49472
16678 39690
16678 42408
16678 42850
16679 45442
16680 20530
16681 26364
16681 38471
16682 31251
16683 29182
16684 33954
16685 23102
16686 21701
16687 34167
16688 19589
16688 43324
16689 34722
16690 47544
16691 42041
16693 22597
16693 27047
16693 46540
16694 24875
16694 27095
16694 36654
16694 40713
16694 43101
16695 28198
16695 40286
16698 19209
16698 24944
16699 30620
16699 48636
16700 42290
16701 18319
16701 39135
16701 42550
16704 21044
16704 39781
16705 25596
16705 35394
16706 21916
16706 46034
16707 19276
16709 23576
16711 46658
16712 42025
16713 25700
16713 38744
16713 40096
16714 32416
16715 29483
16715 33421
16716 31668
16716 38282
16717 35406
16718 36487
16718 36967
16718 39936
16719 26670
16720 29955
16721 25861
16721 26591
16721 28790
16721 37059
16722 21601
16722 49949
16724 24587
16725 20693
16725 23375
16726 32480
16726 39087
16726 48824
16728 27972
16729 20477
16729 23766
16729 49298
16730 48515
16731 19271
16731 19986
16733 19868
16733 24102
16734 42650
16735 41404
16736 43686
16737 27084
16739 17490
16739 41811
16740 34967
16741 36157
16742 26814
16742 36846
16747 26395
16748 30133
16749 38236
16749 40644
16749 42139
16751 23480
16751 32851
16751 36015
16752 21636
16753 39941
16754 37543
16755 29967
16756 19265
16756 19418
16756 46913
16756 49152
16759 28093
16761 31444
16761 40996
16761 42756
16762 24047
16763 17211
16763 18119
16764 20189
16765 29944
16765 42032
16767 20206
16767 43136
16767 44931
16768 20226
16768 23627
16768 27561
16770 24166
16771 20780
16771 22682
16772 29268
16772 32142
16772 46665
16774 25628
16774 29409
16774 30340
16774 31026
16775 37025
16777 47725
16778 18031
16778 30207
16778 37979
16778 39121
16779 19488
16779 21589
16779 31110
16779 42982
16781 48874
16782 20987
16783 18351
16783 44830
16786 34455
16787 28653
16788 42875
16789 19913
16789 29751
16789 36928
16790 19092
16790 19741
16791 21535
16791 28655
16791 35356
16791 42116
16792 42116
16792 43973
16793 36266
16797 17395
16797 45196
16798 30964
16799 37876
16799 38607
16799 42553
16802 48415
16802 48563
16803 18909
16803 20468
16803 31406
16804 21679
16804 49116
16805 26757
16805 29973
16805 40542
16807 19075
16807 25664
16807 26675
16808 17794
16808 21716
16809 18698
16809 19670
16812 30916
16812 33589
16817 23988
16818 41255
16819 18276
16819 22139
16819 27491
16819 35079
16820 32316
16820 43417
16822 20627
16822 41037
16823 22296
16824 43531
16825 17498
16826 24833
16826 29863
16828 40853
16829 17968
16829 24153
16830 48969
16831 20287
16831 35565
16831 39363
16832 49696
16834 34540
16836 30501
16837 47343
16838 19676
16838 38188
16839 31265
16840 49236
16843 29115
16845 42986
16845 48944
16848 17612
16848 40394
16849 30087
16849 41811
16851 17349
16851 36928
16854 24165
16856 44520
16857 20106
16857 32430
16860 23481
16861 49488
16862 18835
16863 25482
16863 40168
16865 21411
16865 29869
16865 45458
16866 16949
16866 34136
16867 20876
16868 25835
16868 26311
16868 28961
16869 28254
16869 36833
16870 30670
16871 49393
16872 31292
16873 18999
16875 27804
16875 29426
16875 45172
16876 19691
16877 28588
16878 28129
16879 24953
16881 41483
16881 45938
16882 44812
16882 44964
16885 22476
16885 26052
16885 32481
16886 48050
16887 36161
16888 25983
16888 36015
16888 45024
16888 49924
16889 17613
16889 18111
16889 48702
16890 21296
16890 35424
16890 36100
16891 40198
16891 40624
16892 49065
16893 20290
16893 37464
16895 23791
16896 27730
16897 49499
16898 25597
16898 35376
16900 16919
16900 29045
16900 48863
16901 26868
16901 38310
16901 43186
16903 33029
16903 33550
16904 34904
16905 21611
16905 29186
16905 37699
16905 41333
16906 29118
16906 30171
16908 20527
16909 46000
16910 18013
16910 31946
16911 23142
16911 40563
16912 38542
16912 49500
16913 38188
16913 38860
16914 47415
16917 24919
16917 38424
16918 20748
16918 37903
16922 24802
16922 26155
16923 17751
16924 31602
16926 36351
16927 27208
16927 32914
16928 19418
16930 25826
16930 44523
16931 41447
16932 32296
16935 37040
16936 22279
16936 47288
16937 34179
16937 37385
16937 43560
16938 29828
16939 25016
16940 40178
16941 44457
16942 17457
16942 23355
16942 35715
16942 36154
16943 31889
16943 38341
16944 26870
16944 42804
16945 21670
16947 41021
16948 24331
16948 39282
16949 43856
16949 44470
16950 45047
16950 48429
16951 34387
16952 23446
16952 43904
16953 28016
16953 30248
16957 33282
16958 41595
16959 28519
16960 37107
16960 47766
16962 19444
16962 30160
16963 49811
16965 24807
16965 27943
16967 18754
16968 41785
16968 43275
16970 22431
16971 19667
16971 22989
16971 40943
16972 18999
16973 41810
16975 48122
16976 42149
16976 42929
16977 25711
16977 41090
16979 17629
16979 38824
16979 45430
16983 21101
16983 39207
16987 21401
16987 26494
16987 27264
16987 47447
16988 27287
16988 39695
16989 20192
16990 37491
16991 32815
16992 23954
16993 27938
16994 23618
16994 25966
16994 41209
16995 18744
16995 27163
16995 28538
16996 22805
16996 48701
16997 24413
17000 24324
17000 37954
17002 32189
17003 25496
17003 43050
17004 24719
17005 17126
17005 44830
17006 32008
17006 37286
17006 46259
17008 22885
17009 22582
17009 30212
17010 23977
17010 34946
17010 35195
17011 22416
17011 43090
17011 48335
17013 29151
17014 17867
17014 18428
17016 27390
17016 31693
17016 34979
17017 32232
17018 44732
17019 21585
17019 25070
17019 34739
17019 48311
17021 17529
17022 28726
17023 29640
17024 19843
17024 35784
17025 33374
17025 35661
17026 25153
17026 31015
17029 22772
17029 42581
17029 44789
17029 46111
17030 45836
17031 18435
17031 41906
17031 45406
17032 17316
17032 43408
17032 46195
17033 29970
17033 39937
17034 21855
17035 25053
17035 42850
17036 48554
17037 25160
17039 24040
17039 46217
17040 23703
17040 30408
17040 47570
17041 40419
17041 42662
17041 43059
17042 47277
17043 22621
17044 29231
17044 32843
17045 26440
17045 43315
17047 22077
17047 42329
17049 27031
17051 31735
17053 26775
17053 28429
17054 29128
17054 43303
17055 41084
17057 22775
17057 23586
17058 37259
17059 24533
17059 24628
17059 27092
17061 27628
17062 35792
17062 48194
17064 35219
17064 40488
17065 30266
17066 18567
17066 36212
17069 23809
17069 47530
17070 23766
17070 31045
17071 29834
17072 25660
17072 43273
17072 48811
17073 23926
17073 28016
17073 48501
17076 22120
17076 30284
17076 40699
17078 39081
17078 41371
17080 33829
17081 21205
17082 22196
17082 25839
17082 46891
17083 26198
17084 38609
17084 41640
17085 48198
17086 46145
17087 18253
17087 29008
17088 32028
17088 47906
17090 31590
17090 37066
17091 23155
17091 27929
17093 34330
17093 37442
17094 21181
17094 49690
17095 45038
17095 48574
17096 18311
17096 26009
17096 46407
17097 49215
17098 23415
17099 31511
17099 46398
17102 22456
17102 28986
17103 30976
17105 21880
17105 30676
17106 37623
17106 45357
17107 26033
17108 35418
17109 41688
17109 43058
17109 49351
17110 18904
17110 19817
17112 39856
17114 31703
17114 36466
17115 40487
17116 41666
17118 21304
17119 48670
17120 22105
17120 40532
17126 29980
17127 33506
17127 42475
17127 49775
17128 44139
17129 24391
17129 40729
17129 42399
17129 48545
17130 27097
17131 30109
17132 48635
17133 19884
17133 30053
17133 49926
17134 22379
17134 29268
17134 45473
17135 19425
17135 43935
17136 35785
17138 20299
17138 25625
17138 43275
17140 25396
17140 32625
17140 41970
17142 25669
17144 22898
17145 22263
17146 22766
17147 21639
17149 47988
17150 39368
17150 41870
17151 19487
17153 30917
17153 43652
17154 35754
17154 36313
17154 41960
17155 31448
17156 33663
17157 37656
17157 39669
17159 20667
17159 27512
17159 28548
17162 31286
17162 40860
17162 47599
17163 25520
17163 39737
17164 34539
17165 36155
17166 30322
17167 30347
17167 42538
17169 43888
17170 25366
17170 39375
17171 24090
17171 27425
17171 42250
17174 27502
17176 22781
17176 39307
17176 40353
17177 37719
17178 22363
17178 25622
17179 20700
17180 28359
17181 25041
17181 41530
17183 19288
17185 24672
17185 35371
17186 49117
17187 23487
17187 25404
17187 44796
17188 22830
17189 29486
17190 42412
17190 48835
17191 24936
17191 39958
17192 38090
17193 19751
17193 38118
17193 43317
17194 41485
17194 45344
17196 37543
17196 38906
17196 46636
17196 48565
17197 30846
17200 47531
17201 36270
17202 21407
17202 31096
17202 43318
17203 18848
17203 39046
17206 39754
17207 37086
17207 42039
17207 46709
17208 47873
17210 30370
17210 36800
17211 32306
17212 31155
17213 22528
17213 24534
17213 36076
17214 38925
17214 40470
17214 49526
17215 30721
17215 41761
17215 48574
17216 32006
17216 46345
17218 26087
17219 26070
17219 47041
17220 41457
17221 19143
17221 39708
17224 34203
17225 35583
17226 34670
17226 47937
17227 41101
17229 27940
17230 37430
17230 41236
17231 40282
17231 48820
17231 49439
17232 20289
17234 23875
17234 34672
17234 49346
17235 18130
17236 25018
17237 35588
17238 25852
17239 42850
17240 19407
17240 28132
17241 41445
17242 25522
17244 23801
17244 27820
17245 23278
17245 29793
17246 26118
17248 27552
17249 34568
17249 37452
17250 26634
17250 29553
17252 21999
17252 27950
17252 47297
17253 19141
17253 46994
17256 33199
17257 47961
17258 40501
17259 44687
17259 49260
17261 45639
17262 33973
17262 37817
17263 31994
17264 17906
17264 29501
17264 43719
17265 25426
17266 22660
17266 45971
17266 49660
17267 24455
17267 30738
17270 34983
17270 42048
17273 45400
17275 25305
17275 29142
17276 32393
17278 23622
17278 40789
17279 33151
17279 38765
17281 23286
17281 31374
17283 28995
17284 24002
17284 30588
17284 47032
17287 30739
17289 21794
17289 36660
17290 25872
17290 43509
17291 31552
17292 21225
17292 21685
17294 43747
17297 18762
17297 44934
17298 23249
17298 48854
17299 29790
17299 48061
17299 49971
17300 27715
17301 44864
17302 38871
17302 39383
17303 43644
17304 43040
17304 49046
17305 41967
17307 19906
17307 24086
17307 34169
17308 29047
17309 26953
17309 38621
17310 17879
17310 19404
17310 25786
17312 45121
17312 46329
17312 49371
17313 39321
17314 49038
17315 34335
17316 18485
17316 35537
17318 26338
17321 20691
17323 27317
17323 37645
17324 23144
17324 42716
17325 22438
17325 35694
17326 29224
17327 20886
17327 41277
17328 30065
17329 48447
17330 29335
17330 47771
17332 35474
17332 44696
17332 48868
17333 31998
17334 22948
17335 19513
17336 47614
17337 17689
17337 33056
17338 39449
17339 49874
17340 39872
17342 21251
17342 38497
17343 25025
17345 44898
17346 48785
17347 22515
17347 40726
17347 43198
17348 41964
17349 31725
17350 41044
17353 21018
17353 34494
17353 43107
17354 24326
17354 28793
17357 28344
17358 19205
17359 20240
17359 31779
17360 35258
17360 42675
17362 44060
17363 24100
17367 45151
17368 26261
17370 18058
17371 41808
17372 48976
17373 44379
17374 47742
17375 39172
17377 34441
17379 40790
17379 46417
17380 44465
17381 29738
17381 30489
17382 33497
17382 43457
17382 49789
17384 21504
17384 41806
17385 22203
17387 24224
17387 28558
17388 33070
17388 39917
17389 19932
17389 39396
17390 22792
17390 22846
17390 48233
17391 27697
17391 38296
17392 19150
17392 45535
17393 19893
17395 40084
17396 18764
17399 17906
17400 21390
17400 33129
17400 37423
17401 42608
17402 18288
17402 21326
17402 44262
17403 37987
17403 41891
17403 42428
17403 42701
17404 37242
17405 31280
17405 36829
17406 49968
17407 43837
17410 21433
17410 25481
17411 36016
17415 48481
17417 40116
17418 20548
17418 25102
17418 35467
17418 37440
17420 25523
17421 27688
17423 26076
17423 34031
17423 35527
17424 29352
17425 38341
17426 24690
17426 39865
17427 38472
17428 38328
17429 45779
17431 24656
17432 20654
17433 49526
17434 24867
17434 30160
17436 25611
17438 48301
17440 23498
17441 18385
17442 32568
17443 30229
17444 22593
17444 30287
17445 18239
17446 30223
17447 28013
17449 31943
17449 42411
17449 47974
17451 31923
17451 46368
17453 35432
17455 26695
17455 42914
17456 24456
17456 28513
17456 40964
17456 48862
17457 43639
17458 17907
17458 39408
17459 24389
17459 24498
17462 35022
17463 22590
17463 24797
17463 31040
17463 38282
17466 32052
17467 26584
17467 48907
17468 25301
17471 21936
17473 37678
17474 21956
17474 23987
17476 49962
17478 42577
17482 24046
17482 37049
17483 29680
17483 42225
17484 27578
17484 38274
17486 26456
17486 45654
17488 44207
17489 18179
17490 38119
17493 31489
17494 27062
17494 30344
17494 49103
17495 45315
17496 20985
17496 36324
17496 42815
17497 49462
17499 20539
17501 19028
17501 21331
17501 37507
17501 40329
17503 17698
17503 19416
17503 33467
17504 41421
17505 31863
17505 42251
17506 17685
17506 47708
17507 44713
17508 26547
17508 29982
17509 22284
17509 34949
17510 48800
17511 24223
17511 38879
17511 40808
17511 49750
17512 44420
17513 18881
17514 38347
17514 41452
17514 48829
17515 33339
17515 35247
17515 44707
17516 34203
17517 49427
17519 42635
17520 17528
17520 19752
17520 42788
17521 19453
17521 48756
17522 39588
17522 45326
17523 31760
17527 33526
17527 48164
17532 38451
17532 46375
17534 19978
17534 49273
17535 31198
17536 19456
17538 41608
17538 47244
17538 49059
17540 34996
17541 24319
17541 42990
17542 20077
17543 24879
17543 28263
17543 29561
17543 32038
17544 20043
17544 21232
17546 45890
17549 26147
17551 43991
17552 21138
17552 47143
17554 18002
17554 35414
17555 29679
17557 21661
17557 41346
17558 41339
17559 22166
17559 37542
17559 48288
17560 24140
17560 36588
17562 37678
17562 40594
17563 22911
17563 31652
17563 32007
17563 42863
17565 39770
17566 26731
17566 43430
17567 21076
17567 48453
17568 23800
17568 42973
17571 21765
17571 31413
17572 23488
17572 48412
17573 34823
17575 24837
17575 44336
17576 19551
17578 24894
17578 38881
17578 46709
17579 31816
17579 38628
17580 44973
17583 27684
17583 45491
17584 22442
17585 30997
17588 28087
17589 41453
17590 33232
17592 27471
17593 28294
17593 44356
17594 40968
17595 48947
17597 34967
17600 18874
17600 27865
17600 35412
17600 46548
17601 41283
17603 23566
17603 47887
17604 48851
17605 22396
17605 29784
17605 48682
17607 20665
17607 26586
17609 20744
17609 34331
17611 27323
17612 18033
17612 39639
17613 38931
17613 45086
17613 47429
17614 32880
17615 39160
17616 35286
17618 21185
17618 46269
17619 30149
17619 32261
17625 20434
17625 34391
17625 37926
17625 44081
17628 30890
17628 48704
17628 49523
17630 31385
17630 34907
17632 45472
17633 49367
17634 31952
17635 19647
17636 43691
17637 33508
17638 27042
17638 34986
17639 31998
17640 32870
17641 41326
17641 47008
17642 23859
17642 27570
17642 39142
17642 39378
17642 48586
17642 49729
17644 45635
17645 31979
17645 35678
17645 48135
17646 33228
17648 29705
17649 38285
17650 28374
17650 30337
17652 46615
17653 39779
17653 44353
17654 45080
17654 45455
17654 46938
17655 47799
17656 49165
17657 32758
17658 36771
17660 37522
17660 41625
17662 30923
17662 42338
17663 31442
17663 34659
17664 29881
17664 36556
17664 38125
17664 40853
17664 46132
17664 48586
17665 21218
17665 21496
17665 41378
17665 48792
17667 21684
17667 31294
17667 36823
17668 46633
17669 28150
17670 22456
17671 21444
17671 29610
17673 19453
17673 22877
17673 47656
17674 30981
17674 42312
17674 45507
17677 20592
17677 42189
17677 46542
17677 47166
17679 33754
17679 38219
17680 24787
17680 40242
17681 27815
17682 41131
17682 43678
17683 39532
17685 40020
17687 36984
17687 43887
17688 29743
17690 39610
17691 20530
17691 36029
17693 18790
17693 30531
17694 30975
17696 33080
17696 36902
17700 40069
17702 37433
17702 48779
17704 44423
17705 33296
17705 46586
17706 34487
17706 37823
17707 24054
17708 24342
17709 25729
17709 30019
17709 37132
17709 44808
17709 47336
17710 30896
17711 37485
17713 23921
17714 47703
17715 21397
17715 31662
17715 39397
17716 18397
17717 28743
17718 17989
17719 38332
17719 40163
17720 26845
17720 35423
17721 34480
17721 48847
17722 30774
17722 31616
17723 21073
17723 42351
17725 33524
17725 37911
17725 40066
17726 41159
17728 42805
17729 29223
17731 21950
17731 24616
17733 39896
17734 25420
17735 17742
17735 49576
17736 19176
17736 29006
17737 45719
17737 48227
17739 40924
17739 41264
17741 24185
17742 49814
17743 29391
17743 29942
17743 44906
17744 41679
17745 41568
17746 26028
17746 26855
17747 41061
17749 28367
17749 30979
17749 46927
17750 23125
17750 25995
17751 35517
17754 26874
17754 29694
17754 42419
17755 18280
17755 20070
17755 45996
17756 43300
17757 37601
17758 21745
17758 44849
17758 49976
17761 30256
17761 46109
17763 20478
17763 21753
17763 36534
17763 48146
17764 48050
17765 32264
17766 19830
17768 18225
17769 37116
17769 46285
17771 44376
17772 17909
17773 44354
17775 21710
17775 47129
17778 35003
17778 39110
17779 34167
17780 36642
17783 31201
17784 23137
17784 35090
17784 43155
17784 47457
17785 28883
17785 43659
17786 44846
17786 48665
17787 32333
17787 39683
17788 44224
17789 28554
17789 42629
17789 43118
17790 44999
17790 49123
17791 18979
17792 33926
17792 47293
17794 18053
17795 23316
17795 29494
17796 22924
17796 27674
17797 33491
17798 34255
17798 36481
17798 49405
17799 27459
17799 45250
17802 39083
17803 39655
17804 33360
17805 37122
17806 26706
17806 44009
17807 42734
17808 31691
17809 19205
17809 39184
17810 33357
17810 47819
17814 24660
17817 19928
17817 28061
17817 36996
17817 39599
17818 19585
17819 22687
17819 29915
17821 18801
17821 26211
17821 40021
17822 20170
17823 43211
17824 18575
17824 36329
17824 48468
17825 23305
17825 23548
17825 27005
17826 38210
17827 31504
17827 36607
17829 34098
17829 39524
17834 43715
17836 29373
17836 37271
17836 40445
17837 38415
17838 23374
17838 34657
17838 41218
17838 46245
17838 46825
17839 24691
17839 25348
17839 48919
17840 40650
17841 35330
17841 41668
17841 43393
17842 34912
17842 47826
17843 18422
17844 35462
17845 36987
17846 23608
17848 23155
17849 48225
17850 21572
17850 34959
17850 44030
17851 24258
17851 31279
17851 35969
17851 46209
17852 37533
17852 41872
17853 24617
17854 28369
17854 41594
17860 39059
17861 19667
17861 36512
17862 41940
17863 24972
17864 45804
17864 46013
17866 40816
17866 48769
17866 49661
17868 35241
17868 41970
17869 40179
17869 47593
17871 26723
17871 30903
17872 24980
17873 32868
17874 38465
17874 40518
17875 26383
17875 35456
17875 45283
17875 48955
17877 29871
17877 40448
17877 42647
17878 21012
17878 24310
17878 41826
17878 48708
17880 42870
17881 22122
17881 26417
17881 38777
17882 25051
17882 39496
17882 48110
17883 42598
17884 46665
17885 40015
17886 34736
17888 29226
17890 34580
17892 18536
17892 41128
17893 38225
17893 39912
17893 45863
17894 37623
17894 47368
17895 34467
17895 47724
17896 24960
17896 25061
17898 38799
17899 47848
17903 18978
17903 41683
17904 25734
17904 36597
17904 48234
17905 41062
17906 46572
17908 46823
17908 49204
17909 49976
17910 42444
17912 39797
17913 28391
17913 39670
17914 32317
17914 33830
17916 32797
17917 40269
17918 18799
17918 29889
17919 46138
17920 38083
17920 48188
17922 39776
17922 44691
17924 24473
17924 37517
17925 45296
17926 48065
17927 18398
17927 47968
17928 45792
17929 20763
17930 33850
17931 44707
17932 34125
17932 47329
17933 46812
17934 26661
17934 30499
17934 41524
17935 18046
17935 21120
17936 19868
17936 23360
17937 49639
17939 36621
17939 36921
17939 40074
17941 47979
17943 24544
17943 24557
17943 46777
17943 48923
17944 33816
17945 29977
17945 31077
17946 20878
17948 24013
17948 24835
17948 38997
17949 36863
17949 43821
17952 27672
17952 36364
17952 41569
17952 47063
17953 41146
17954 30215
17955 33689
17955 44159
17957 29258
17957 47955
17958 23336
17958 29444
17958 33528
17958 43136
17960 49327
17962 18576
17964 33054
17964 45527
17966 20062
17966 27498
17967 30616
17969 24211
17969 31127
17969 38050
17969 43446
17970 48103
17971 38710
17973 20294
17973 36908
17974 32720
17974 33385
17975 20602
17978 22265
17978 28079
17979 19925
17979 32714
17979 37886
17979 44792
17980 33039
17981 44023
17982 26381
17982 31930
17982 43575
17984 29911
17985 38320
17986 45886
17987 31197
17988 21610
17988 40006
17989 18199
17989 42673
17989 46528
17990 40356
17990 44008
17990 49263
17991 42636
17991 45862
17991 47497
17995 26060
17995 34328
17995 35656
17996 39719
17997 24741
17997 36205
17997 39811
17998 19108
17998 42303
17999 38581
18000 20636
18000 30028
18000 41101
18002 44800
18003 30966
18004 30212
18005 29494
18005 32397
18005 43156
18007 20376
18010 26093
18010 26385
18010 34604
18010 34796
18011 20520
18011 44538
18012 19479
18012 49279
18013 29637
18013 48370
18014 25065
18014 25215
18014 45768
18015 47263
18016 36746
18016 46098
18017 18748
18018 27817
18018 45355
18019 32782
18022 47473
18023 43355
18024 35247
18024 43294
18025 36678
18027 26212
18027 44422
18027 48538
18032 18551
18032 23009
18033 29204
18033 45431
18034 48351
18035 21189
18038 42933
18039 40059
18039 41538
18040 20769
18040 43251
18040 44919
18040 46500
18041 31161
18041 39410
18044 26569
18044 43808
18048 26168
18049 23948
18050 36652
18050 39039
18050 42917
18051 36050
18052 36527
18052 47250
18053 24281
18053 30981
18053 34803
18056 19201
18056 23332
18056 24699
18057 33150
18057 47321
18059 33864
18061 23691
18062 19368
18064 35348
18065 32403
18066 25620
18069 18622
18069 23514
18070 26039
18070 29664
18071 22222
18071 22613
18071 22993
18072 32687
18074 45683
18075 46261
18076 37066
18078 23966
18078 28569
18078 40849
18078 45955
18079 42943
18080 21218
18080 23316
18080 26096
18080 26785
18080 32050
18080 34488
18083 43250
18084 20538
18084 20725
18084 21762
18084 23484
18084 23602
18086 38158
18087 39289
18087 41621
18088 38368
18089 20498
18092 21149
18092 32373
18092 49778
18093 21065
18093 41114
18095 34775
18096 30519
18098 43970
18099 40611
18100 25395
18102 34726
18104 23679
18104 47761
18106 39879
18106 49977
18107 34838
18107 49834
18109 34891
18109 38330
18109 43223
18110 33282
18110 39052
18112 35236
18112 46746
18115 29111
18116 34923
18117 26626
18117 32775
18117 47530
18119 22124
18121 41731
18122 23954
18123 36282
18123 40307
18124 19851
18124 44427
18125 26808
18125 36587
18126 24915
18126 31232
18126 33900
18127 25212
18127 38975
18128 20045
18131 46149
18131 47537
18132 30581
18132 40008
18132 41172
18132 48592
18133 22459
18136 19476
18136 27259
18136 27951
18136 33639
18137 28973
18137 33854
18137 41710
18138 37264
18139 37414
18140 45848
18141 22770
18141 49542
18142 38277
18144 20134
18145 18848
18145 19034
18147 20026
18147 27526
18147 39800
18148 18239
18149 48215
18150 34302
18151 45284
18154 32903
18158 46174
18159 20891
18160 22334
18160 45133
18161 26619
18161 28018
18161 47420
18164 22318
18164 32002
18164 33011
18165 19001
18165 36758
18167 29204
18167 29398
18167 40380
18167 41124
18169 29114
18169 49498
18170 21630
18170 22719
18170 33108
18171 30049
18172 37323
18173 18478
18173 35951
18174 42745
18176 24675
18177 30440
18177 30828
18178 22109
18178 27327
18178 43316
18178 45766
18179 31061
18180 48042
18181 33977
18181 36866
18184 37008
18185 21662
18185 31524
18186 49002
18188 35211
18189 29083
18190 25288
18192 41309
18192 49772
18193 32127
18194 26210
18197 41013
18198 30534
18199 20122
18199 23317
18199 24337
18199 33949
18199 35413
18199 42795
18200 37239
18201 21486
18201 25123
18201 28013
18202 25117
18202 30799
18204 34045
18206 49356
18207 18708
18207 38740
18207 47887
18211 20624
18211 23503
18211 24958
18211 25352
18211 46044
18212 23945
18213 38394
18215 32746
18216 23858
18216 29534
18216 46180
18218 21441
18219 26426
18220 19902
18223 27954
18226 48976
18228 38592
18228 46128
18230 45535
18231 29601
18232 23579
18232 45533
18234 20610
18236 47172
18238 34770
18240 41009
18244 47228
18245 21955
18245 22987
18246 19715
18246 25375
18246 35347
18246 45752
18247 24561
18251 33787
18251 44032
18253 30111
18254 25617
18255 38122
18256 33342
18257 34370
18257 45176
18258 25687
18258 38299
18260 37325
18261 36585
18262 32367
18263 36174
18263 40801
18264 25537
18264 31988
18264 41098
18264 44568
18264 46204
18265 20983
18265 39336
18266 41929
18267 25342
18267 26587
18267 40598
18268 18635
18268 49319
18269 19018
18270 38731
18271 25444
18273 36885
18276 29358
18276 39509
18279 22095
18279 26726
18279 45108
18280 28812
18282 30296
18282 48095
18286 45211
18288 34294
18288 38687
18288 44964
18291 36129
18291 36789
18291 37169
18291 42028
18293 27522
18294 26255
18294 29147
18299 22193
18299 38352
18299 45520
18301 32313
18301 37494
18306 45376
18307 24437
18307 32264
18308 36812
18308 37907
18309 44614
18310 25478
18310 40794
18311 25644
18311 31329
18313 27516
18313 31261
18314 19843
18315 39081
18317 31853
18318 18625
18318 33923
18318 38834
18318 45650
18318 46524
18318 48816
18319 38277
18319 40514
18319 43842
18320 38154
18321 32407
18321 43766
18322 18582
18322 27801
18322 29065
18323 20275
18323 34103
18325 19231
18325 21445
18326 19025
18326 19343
18326 37144
18328 33174
18330 48615
18331 19795
18332 23793
18334 21491
18334 35040
18335 39656
18336 20521
18340 20699
18341 21031
18342 35905
18344 34661
18344 45200
18345 27477
18346 32606
18347 40374
18348 20449
18348 31734
18350 22320
18350 45536
18351 41650
18351 46353
18352 39795
18353 21452
18354 28176
18354 35385
18354 35727
18355 38555
18356 33521
18357 25401
18357 35626
18358 25417
18358 46930
18359 30637
18359 35056
18359 36721
18359 43759
18362 30198
18363 19377
18364 38363
18364 49671
18368 44034
18369 26812
18370 44918
18371 19180
18371 39177
18372 31958
18375 33336
18375 36393
18375 43827
18377 24722
18377 33469
18377 39460
18377 40471
18378 22768
18379 31066
18380 38530
18381 21579
18382 40768
18383 33884
18385 38301
18388 36932
18388 46685
18390 39521
18391 29427
18393 24308
18394 42134
18396 19588
18396 24712
18396 26550
18396 39738
18398 23935
18399 19938
18401 33357
18402 25009
18403 33702
18403 38149
18404 28203
18405 33217
18405 40223
18405 45178
18406 18771
18406 31504
18408 26267
18408 33194
18408 43160
18410 42441
18412 46219
18413 49131
18414 22560
18414 30423
18414 46507
18416 21587
18416 32705
18416 49138
18417 23117
18417 43681
18420 22604
18420 27902
18420 32580
18420 33005
18420 34357
18421 36208
18421 39034
18421 39371
18423 28662
18423 28903
18425 19906
18425 21714
18426 37322
18426 49748
18427 47296
18429 46662
18430 33225
18430 36875
18431 49470
18432 28216
18432 28264
18434 21463
18434 39639
18434 47811
18434 49699
18435 33442
18437 33692
18437 48560
18438 44340
18439 25584
18440 39542
18442 27522
18442 35353
18443 37886
18445 28351
18445 39992
18445 42791
18446 34831
18446 44510
18447 36691
18448 28458
18448 32432
18449 30914
18449 34605
18449 43391
18450 34907
18453 35727
18454 45358
18455 23104
18456 40313
18456 43532
18457 26168
18457 33133
18457 34266
18457 48244
18458 25115
18459 20936
18459 21873
18459 30788
18460 22154
18461 34088
18463 25276
18463 25311
18463 38158
18464 46382
18465 31924
18466 30109
18467 26186
18467 32420
18467 35218
18468 36857
18468 45456
18469 24772
18470 24702
18470 47184
18471 29610
18471 37124
18471 41407
18471 46531
18471 49085
18472 27722
18472 41325
18474 32659
18474 36370
18475 23817
18475 44490
18475 49576
18479 21133
18479 38827
18480 38296
18480 43644
18482 35083
18482 40031
18483 40181
18484 18539
18484 24878
18484 31149
18484 34529
18485 28833
18485 41641
18487 30474
18488 24000
18488 40570
18491 36463
18491 41294
18492 29482
18492 49006
18493 29500
18494 35219
18494 37802
18495 23292
18496 26445
18497 48248
18498 24042
18499 37215
18499 45948
18500 49447
18502 23101
18502 36155
18504 37645
18505 32524
18506 26464
18506 30395
18507 29238
18508 41165
18509 23951
18509 25505
18510 23380
18510 25278
18510 28135
18510 29006
18510 38491
18511 46658
18512 49715
18513 20343
18513 26095
18515 18906
18516 38422
18516 43162
18516 48345
18523 24022
18523 26902
18523 34486
18524 22512
18525 29424
18526 38620
18527 41531
18528 34219
18529 25810
18529 49577
18531 36115
18532 28654
18532 49051
18533 30459
18534 19501
18534 45133
18536 21883
18536 38949
18538 19449
18538 36879
18538 48690
18539 40433
18540 41642
18541 43037
18542 33028
18543 21832
18543 37906
18543 41195
18544 21083
18544 39621
18545 21888
18546 34663
18546 48653
18547 31144
18548 23810
18550 32451
18550 40260
18551 23233
18553 26427
18554 22889
18554 23417
18554 27677
18555 26714
18557 46700
18558 45496
18559 21411
18560 36413
18561 22086
18563 45805
18564 25908
18565 46431
18567 44657
18569 20665
18570 20966
18571 26668
18571 28668
18572 37537
18573 19486
18574 33917
18575 37167
18576 25288
18576 38504
18578 27842
18580 25087
18580 46817
18581 48073
18583 24638
18584 19494
18585 29256
18585 33760
18586 44048
18587 31143
18587 31751
18587 35527
18588 35200
18588 46961
18590 42714
18590 49070
18594 30722
18595 46115
18596 18788
18596 19374
18597 42576
18597 44793
18598 25984
18599 49720
18601 33660
18602 44100
18603 48479
18604 26307
18605 30076
18606 27958
18606 30992
18606 31481
18606 41527
18606 47167
18607 38128
18608 29253
18610 34912
18610 43637
18611 23147
18612 45933
18613 49421
18614 38209
18616 20362
18617 25450
18617 41295
18617 46185
18619 23300
18621 19617
18622 38874
18623 23856
18623 35119
18624 45116
18625 21683
18625 47245
18626 41047
18628 21288
18630 20189
18630 39396
18631 33927
18632 22070
18632 25764
18632 38128
18632 39599
18632 41454
18634 39043
18635 43078
18637 28605
18638 44705
18640 25821
18640 37410
18640 41736
18641 33500
18641 36535
18642 46922
18645 34725
18647 42707
18648 31412
18650 29296
18651 42355
18651 44648
18651 46332
18653 26819
18653 35322
18653 38205
18654 27355
18655 41929
18656 43352
18657 18935
18658 26088
18658 40631
18660 43898
18661 36548
18662 32615
18662 35085
18662 40999
18662 46775
18663 49234
18663 49468
18664 37547
18664 46964
18665 49123
18666 22516
18666 28312
18668 34884
18668 44067
18669 24057
18670 30891
18671 19566
18671 23225
18672 19402
18672 31457
18673 19074
18673 28216
18673 34098
18673 45561
18674 23919
18674 49477
18675 22887
18675 39748
18676 32359
18676 33864
18676 44398
18677 48789
18678 29040
18678 49614
18681 33790
18682 42498
18682 47244
18683 43871
18684 26013
18684 46693
18685 30558
18685 44751
18686 22917
18687 31216
18687 36572
18688 47999
18689 29399
18689 39440
18691 36152
18692 24987
18693 24495
18696 44033
18697 30883
18697 49389
18698 34621
18698 42236
18699 29484
18699 37481
18701 28230
18701 33515
18701 46197
18702 37119
18703 43365
18704 33166
18704 33834
18704 40195
18704 46330
18705 46909
18706 43529
18707 21160
18707 23728
18708 37451
18711 27827
18711 34220
18712 28877
18712 48871
18713 25769
18714 20828
18714 21217
18714 21406
18714 41451
18716 22674
18716 36501
18716 38215
18716 49846
18717 47266
18719 34848
18720 20505
18720 22640
18721 47960
18723 40273
18725 28048
18726 36230
18727 21432
18727 22718
18727 37409
18729 25609
18729 45246
18731 20797
18731 32886
18732 43518
18733 42898
18734 27596
18734 37743
18735 38862
18735 41436
18737 23547
18738 23428
18738 48936
18739 28775
18739 32640
18739 34596
18740 47968
18742 29193
18742 33357
18743 35666
18745 21232
18745 48899
18746 27240
18746 28701
18746 45201
18748 47619
18749 24332
18749 27931
18749 31912
18751 20072
18752 41493
18754 21997
18755 48743
18756 30427
18757 21122
18758 49809
18759 39393
18759 43509
18759 45704
18763 39028
18763 40007
18763 42786
18764 48659
18764 48778
18765 41819
18768 31142
18770 36115
18770 42815
18773 32968
18775 29105
18776 18882
18776 48345
18777 45815
18777 48136
18778 44125
18779 28214
18780 20356
18780 41738
18783 32744
18784 32545
18784 48063
18785 21242
18785 43778
18786 47271
18787 20314
18787 43323
18788 23230
18791 22397
18791 32900
18791 40106
18794 27660
18794 40550
18795 41555
18796 26601
18797 31845
18798 35356
18798 43801
18798 48575
18800 49415
18802 46550
18803 31874
18803 36164
18803 42559
18804 39245
18804 49902
18805 20612
18806 45545
18807 23101
18807 26314
18808 38414
18808 44320
18809 19591
18809 39706
18809 49222
18814 36959
18814 41591
18815 33908
18815 39077
18815 41473
18815 41817
18815 45203
18817 24520
18817 34585
18819 34692
18820 35102
18820 46218
18822 49285
18825 29462
18825 33500
18825 35619
18826 25719
18826 34472
18828 35287
18828 47007
18829 36457
18830 21557
18830 42118
18831 49545
18832 24053
18832 36750
18832 43259
18832 43555
18832 47294
18835 23560
18835 36990
18838 20429
18838 31939
18838 41280
18839 25580
18840 31174
18841 22938
18842 19636
18842 41446
18843 23402
18844 44812
18845 19363
18845 47987
18848 27308
18848 41923
18848 46623
18849 24120
18849 37877
18849 41785
18849 43468
18850 39995
18852 36103
18853 43237
18853 49300
18855 35452
18855 41046
18856 26059
18857 44626
18859 25292
18859 32105
18860 49257
18861 37204
18861 46883
18861 48690
18862 24066
18862 32026
18862 49470
18863 23217
18863 43426
18864 19537
18864 24267
18865 25973
18867 19127
18867 42630
18868 20579
18869 19155
18869 35798
18870 21598
18870 38422
18871 18957
18871 30467
18871 31667
18871 36004
18872 43025
18873 48152
18874 21902
18874 35976
18874 46330
18876 19413
18876 36416
18877 29207
18877 29277
18877 42701
18877 46576
18877 49048
18878 44152
18879 30374
18879 35863
18879 42788
18880 22719
18880 26859
18880 39301
18881 23435
18882 33263
18884 44252
18888 37053
18891 30958
18892 42567
18893 43097
18893 48691
18894 35131
18894 37638
18895 20886
18896 25699
18896 37000
18896 46401
18898 42376
18900 34774
18900 39380
18901 26920
18903 43949
18904 38807
18905 19175
18905 28544
18906 29945
18908 19343
18908 41116
18908 41435
18911 28807
18911 44045
18912 21107
18912 39180
18912 48030
18914 40235
18915 25999
18915 27178
18915 34335
18916 20945
18916 23942
18916 25600
18916 43828
18919 27612
18919 33720
18920 28163
18924 28455
18925 20698
18925 39032
18926 24940
18928 36354
18928 37121
18928 42292
18929 30948
18929 31479
18929 40327
18930 22701
18932 24809
18932 39926
18933 44361
18933 47252
18934 28102
18934 49027
18935 23189
18935 30229
18935 46702
18936 45449
18939 26375
18940 39811
18940 40516
18941 31085
18941 41935
18942 40363
18945 47758
18946 30531
18947 32742
18947 48408
18949 45073
18951 27351
18952 47444
18953 32217
18954 25593
18954 29391
18955 41577
18957 23832
18958 37563
18958 40814
18959 43377
18960 49796
18966 29351
18966 33441
18967 21673
18968 19139
18968 48533
18968 49205
18969 27995
18970 20140
18970 26065
18970 36692
18970 48752
18972 23272
18974 20291
18976 26724
18976 40435
18977 23686
18977 24063
18979 40818
18979 45566
18980 24497
18980 47813
18981 31917
18981 36948
18982 26548
18982 33600
18983 21324
18984 22142
18984 41128
18984 42840
18985 21842
18985 47226
18986 44705
18988 19838
18988 38063
18990 27516
18991 21722
18991 49553
18992 27111
18995 32818
18995 34685
18995 46310
18997 21729
18997 46990
19001 28801
19004 42770
19005 35778
19005 37293
19005 44278
19006 30137
19008 19030
19008 30228
19008 31544
19010 39627
19012 34204
19013 41428
19014 19548
19015 20366
19015 37502
19015 41105
19015 48567
19017 37056
19017 48678
19018 26780
19018 26960
19018 35334
19018 36664
19019 44581
19019 47614
19023 43803
19023 45997
19025 28797
19026 34787
19026 40464
19027 23491
19028 31169
19028 46591
19029 37095
19031 33806
19033 30067
19034 24273
19034 37381
19034 37990
19034 40686
19034 48453
19035 28833
19035 41993
19036 27449
19037 44698
19041 34098
19042 20691
19042 22106
19042 43983
19042 49760
19045 46667
19048 24292
19049 26231
19049 35504
19050 27607
19050 28786
19050 34022
19051 26850
19051 38506
19052 22402
19054 22542
19054 43501
19060 29576
19060 44591
19060 49612
19061 26089
19061 30638
19061 42709
19062 25506
19063 22960
19063 34176
19063 41664
19063 45993
19064 19790
19064 28397
19066 21763
19066 32709
19068 24481
19069 32727
19069 42486
19070 36798
19070 42592
19070 44486
19072 42319
19073 45689
19075 33521
19076 22394
19077 38965
19078 27628
19080 42935
19080 45754
19083 27113
19083 30224
19083 33747
19083 44504
19084 24009
19086 35166
19087 45068
19089 21206
19089 24057
19090 29869
19090 31989
19091 47836
19092 26403
19092 46704
19094 24647
19094 33981
19095 32801
19097 33797
19098 37948
19099 33781
19100 24918
19100 38172
19106 45081
19107 26416
19107 41765
19107 49376
19108 20620
19109 30620
19110 21790
19112 20125
19112 42802
19113 42933
19115 21722
19118 42795
19118 44720
19119 19788
19119 32229
19120 22045
19120 46588
19121 30896
19121 31018
19121 34015
19122 22009
19122 45179
19123 34304
19123 35293
19123 35668
19124 28882
19126 37807
19126 40899
19127 31372
19128 22582
19128 44847
19129 44393
19131 34875
19131 48525
19132 28375
19132 35037
19132 46638
19133 33748
19133 37394
19134 37774
19134 39744
19136 30311
19136 45299
19137 22723
19137 49106
19138 43424
19139 46696
19140 42309
19141 45462
19142 28131
19144 23259
19145 34805
19146 34788
19147 48232
19148 34881
19149 29236
19149 29327
19149 37911
19151 19630
19151 22878
19153 25803
19154 30289
19155 20394
19155 30257
19155 47380
19156 19191
19156 30963
19156 38053
19156 43927
19158 21206
19158 26456
19159 32107
19160 35580
19160 39390
19161 23724
19161 28282
19161 47275
19162 37836
19163 25291
19163 26592
19165 20466
19165 39912
19165 44698
19167 32038
19169 19742
19171 45567
19172 34738
19174 39902
19175 23957
19175 39998
19175 46210
19177 34000
19177 45372
19178 48556
19179 35600
19180 39222
19180 42856
19180 48164
19181 32171
19181 32984
19181 33881
19182 21610
19185 19213
19185 34561
19188 20035
19188 34492
19189 19787
19190 19841
19191 35482
19191 48669
19192 33420
19192 36949
19194 32283
19194 49784
19195 20079
19196 34604
19198 31638
19198 39962
19198 47529
19199 47386
19201 19408
19202 21222
19203 36758
19205 31222
19206 32707
19207 32645
19208 42579
19210 27503
19212 35043
19212 48419
19213 34135
19213 41284
19216 43307
19217 33624
19218 22541
19218 23982
19219 19933
19221 23846
19222 26076
19223 41402
19224 32266
19225 39093
19225 39826
19225 45394
19225 46103
19226 29543
19227 43474
19228 24682
19229 38748
19229 39785
19230 27955
19231 23044
19231 44611
19232 49037
19233 41871
19233 43415
19236 27544
19237 21082
19237 36678
19237 37662
19237 39479
19237 40521
19237 47804
19238 48824
19239 33129
19239 37304
19239 49268
19241 48876
19243 30619
19244 21453
19244 23162
19245 22607
19249 26691
19249 28003
19252 47515
19253 25684
19253 43299
19256 36638
19256 49443
19257 26365
19257 31986
19259 24307
19259 38990
19260 31616
19261 21119
19261 32758
19261 38481
19262 47150
19262 48023
19263 43314
19263 44158
19264 35581
19264 49171
19268 26956
19271 29136
19272 24535
19273 26204
19273 38134
19274 33217
19274 36178
19275 22161
19275 28498
19276 41757
19276 42052
19277 43088
19278 41079
19279 45146
19279 45772
19280 38816
19281 42664
19281 44778
19282 35126
19283 32149
19283 39326
19287 30641
19287 45599
19288 21069
19288 29775
19288 34810
19289 23021
19289 45280
19289 49084
19291 30413
19292 20676
19292 21955
19292 43859
19293 19634
19293 35244
19294 27135
19294 27543
19296 19632
19299 42819
19300 21989
19302 35847
19302 49372
19304 30292
19305 40853
19306 23861
19306 28431
19307 27701
19307 36060
19309 33881
19313 29997
19313 49680
19315 39680
19317 29545
19317 38326
19317 43418
19320 47109
19321 23665
19321 26572
19321 44607
19321 48354
19322 30991
19323 28569
19323 39349
19324 40800
19325 23519
19325 47521
19327 34229
19328 43115
19330 23380
19331 25411
19331 32270
19332 22312
19332 35070
19332 42708
19335 30308
19336 36909
19338 38089
19338 43789
19338 47140
19339 19429
19341 22969
19342 42151
19343 20830
19344 20602
19344 43225
19347 21730
19347 24127
19347 45606
19348 45601
19349 23083
19351 21563
19351 42157
19351 43221
19352 37550
19353 39659
19353 40788
19353 47541
19355 20371
19355 32884
19356 30786
19357 34072
19359 46126
19361 41054
19361 48976
19363 29106
19363 42644
19364 38784
19365 27306
19366 40696
19367 25384
19370 35822
19370 37240
19371 44089
19373 44197
19373 44559
19374 32509
19376 36963
19377 19993
19377 45397
19379 21098
19379 22915
19379 47023
19380 26911
19381 41556
19382 28130
19382 29139
19382 37049
19383 19676
19383 40277
19385 39633
19386 30027
19386 46792
19387 46261
19388 20149
19388 38898
19388 47195
19389 22827
19390 45006
19390 45433
19391 45725
19393 23512
19394 45951
19395 47827
19396 35739
19397 33964
19398 43828
19400 20298
19400 31853
19400 40303
19402 40597
19402 46375
19403 24417
19404 25124
19404 30832
19404 43639
19404 45406
19404 49323
19405 19441
19405 36049
19405 41684
19407 19527
19408 49875
19409 36911
19409 41224
19409 49903
19411 27067
19411 35444
19413 24549
19413 27131
19414 38306
19415 22242
19415 24218
19416 30259
19416 36393
19417 19616
19417 29668
19417 46004
19420 38524
19420 41986
19421 47478
19422 38416
19422 46794
19423 38836
19424 25396
19424 39526
19425 30310
19427 36959
19427 49327
19428 24294
19429 37208
19430 36021
19430 45303
19431 26483
19433 19891
19433 22716
19434 45422
19435 36249
19436 34984
19437 26924
19437 34042
19438 47731
19440 21793
19440 30995
19440 33777
19441 33967
19441 48451
19442 37033
19442 45341
19443 23783
19443 29509
19443 42699
19444 39044
19445 33684
19445 39758
19445 41842
19446 39060
19447 22756
19447 29254
19448 45310
19449 49527
19450 23832
19450 28252
19450 29696
19450 36182
19453 28705
19454 23598
19454 41759
19457 39847
19458 21595
19458 22990
19458 23646
19458 30062
19458 30288
19459 38168
19460 49928
19461 45704
19461 48366
19462 21479
19462 24510
19463 38591
19463 44006
19464 30410
19465 44405
19465 46943
19466 39323
19466 46156
19467 35722
19469 27935
19472 22870
19473 24023
19473 24097
19474 21091
19474 29893
19474 38475
19475 44640
19476 23586
19477 23375
19477 29837
19477 35565
19478 20926
19478 41616
19480 31929
19481 41884
19482 30767
19482 31608
19482 34274
19482 34884
19482 43219
19484 32377
19484 43908
19486 20761
19486 46584
19487 22607
19487 26637
19492 29424
19492 39154
19494 22549
19494 29267
19494 46874
19495 26821
19495 33204
19496 23293
19497 41231
19497 49327
19498 31369
19500 34539
19500 49889
19501 24205
19501 48911
19502 33802
19503 40281
19504 35172
19505 44911
19506 20126
19508 37474
19510 46350
19511 26951
19511 37382
19511 49934
19513 45339
19513 48550
19514 27723
19514 41005
19515 46407
19516 44078
19518 35867
19518 45782
19519 32191
19519 42683
19520 31282
19520 33765
19522 20151
19523 33083
19524 26917
19524 41643
19528 34775
19528 35522
19529 25809
19531 31215
19532 32933
19533 42336
19535 34001
19536 30531
19536 41106
19536 45804
19538 48674
19539 30506
19539 38495
19540 42940
19542 39507
19542 40200
19542 48370
19543 37271
19543 46791
19543 47964
19545 19937
19547 22090
19547 38124
19547 41455
19548 29784
19549 26034
19551 20545
19551 39304
19552 20609
19552 42522
19554 23371
19555 40956
19556 24925
19558 20610
19558 29993
19559 22348
19559 43596
19559 49245
19560 24986
19562 22438
19563 24801
19563 38678
19566 22619
19566 32682
19569 26241
19569 30692
19569 45337
19570 44939
19571 31679
19572 36787
19572 44858
19574 35058
19574 45105
19576 45004
19577 29890
19578 31313
19579 34808
19580 28854
19580 34443
19580 37040
19580 37931
19581 26821
19582 20977
19582 32628
19582 37086
19582 39322
19583 29838
19584 33435
19585 39845
19585 49047
19586 24481
19587 48901
19588 20797
19588 29632
19590 30408
19590 39391
19591 44294
19591 46645
19592 41922
19593 40840
19595 31517
19597 32465
19597 47492
19599 22120
19599 33083
19600 23325
19601 31838
19602 34877
19602 40857
19602 47070
19603 24935
19603 26934
19603 28457
19603 36422
19606 29960
19607 32150
19607 36559
19607 47541
19608 49606
19609 26195
19609 34857
19609 44090
19609 45919
19610 38847
19611 20743
19611 32518
19613 43882
19616 26093
19618 22960
19620 21446
19620 32103
19620 34643
19620 39130
19623 25227
19623 25635
19623 27418
19623 30176
19623 49379
19625 40438
19627 31093
19627 31846
19627 44322
19628 33128
19630 27085
19632 34991
19632 40854
19632 46641
19633 24432
19633 46135
19634 25810
19635 41782
19635 45144
19636 26969
19637 21044
19637 24445
19638 29795
19638 44007
19640 27973
19640 29949
19640 34832
19641 27863
19641 34445
19641 34499
19641 35933
19642 28070
19642 43093
19643 47184
19644 44092
19644 48469
19645 31951
19647 27100
19647 40797
19647 44671
19649 24632
19649 25831
19649 36806
19649 44632
19650 26511
19651 25221
19652 48170
19653 44071
19654 23277
19655 23595
19655 25476
19655 37850
19655 47150
19655 48540
19657 42094
19658 20992
19658 35810
19658 45343
19659 37872
19661 31751
19662 39873
19662 42479
19663 30952
19663 49360
19664 29553
19664 31331
19664 36840
19666 26123
19668 25699
19670 28090
19672 29051
19672 49869
19673 49126
19674 34176
19675 24781
19675 36675
19676 27386
19676 30636
19678 26372
19678 41496
19679 45188
19680 22823
19681 26207
19683 27605
19683 42519
19684 41635
19686 42433
19687 39962
19688 44804
19692 47771
19693 19991
19693 36425
19693 42974
19693 49780
19695 39129
19696 23275
19696 38848
19697 32593
19699 46672
19702 34576
19702 42210
19703 20791
19704 28100
19704 42711
19704 44823
19705 27921
19706 42760
19708 43429
19708 48907
19709 31697
19709 34890
19709 45233
19710 20646
19710 23478
19710 40807
19711 38606
19711 39780
19712 21516
19712 23606
19712 23980
19712 33002
19712 38958
19713 47137
19714 35333
19714 43617
19715 26867
19715 33213
19717 27918
19717 41183
19717 46367
19718 22868
19719 20476
19720 33852
19721 46151
19723 41758
19724 22190
19724 29090
19725 24780
19726 37079
19727 41576
19728 31333
19728 32653
19730 26238
19730 35157
19730 43488
19731 49732
19735 44675
19737 22294
19737 44120
19738 43003
19739 25205
19742 38256
19743 20795
19743 20979
19743 36887
19744 28993
19744 36293
19744 45224
19745 23017
19745 35717
19747 40159
19748 19762
19749 25049
19750 34074
19750 38875
19750 41567
19751 21567
19752 26825
19752 39879
19753 42151
19754 21992
19754 37802
19754 43838
19754 49475
19755 49111
19757 28279
19758 23414
19759 44554
19759 45562
19761 30681
19762 32562
19762 32816
19763 32531
19763 45673
19764 23851
19767 45355
19768 20717
19768 40754
19769 40233
19771 23623
19773 24961
19774 43917
19775 29792
19776 37690
19777 32765
19781 30960
19781 45346
19782 24730
19782 29033
19782 44296
19783 37960
19783 39450
19784 25152
19785 44147
19787 31908
19787 32979
19788 22184
19788 44226
19788 44918
19788 46441
19790 39517
19791 30791
19791 42857
19792 27708
19792 38682
19794 28943
19796 42462
19799 49850
19800 46717
19800 48712
19801 30296
19802 35236
19803 38057
19805 23809
19805 44267
19808 33366
19810 43728
19811 37691
19812 38791
19813 32465
19813 43783
19814 38077
19814 39672
19816 44992
19817 29715
19819 23445
19820 34860
19820 36758
19821 24135
19821 31608
19822 41089
19822 43807
19823 22107
19824 28107
19826 39583
19826 48318
19828 31900
19828 43314
19828 46467
19829 42630
19830 21255
19830 34935
19831 34897
19832 26250
19832 49650
19833 21766
19834 22218
19834 29128
19834 46719
19836 32166
19836 44917
19837 32411
19838 40445
19838 42534
19838 43038
19840 21336
19840 45403
19841 27133
19844 38505
19845 37835
19847 21309
19849 33688
19849 49362
19851 27259
19851 29585
19851 31045
19851 33029
19853 41193
19855 31275
19855 33730
19855 39450
19859 36234
19859 36344
19859 47559
19861 32751
19861 46398
19862 33886
19862 44616
19864 23256
19864 39289
19865 43500
19869 25678
19869 49799
19871 20223
19871 25425
19871 28449
19871 32008
19871 48986
19872 42386
19872 47265
19873 28659
19873 43359
19874 42511
19876 34369
19877 43064
19881 22546
19883 23309
19883 26726
19883 31573
19885 21332
19886 32703
19887 24345
19887 24716
19887 27785
19887 48381
19888 20055
19888 29861
19889 35115
19890 48798
19891 20139
19891 43145
19893 21837
19894 37431
19895 31848
19897 26350
19898 40408
19899 23846
19900 27859
19900 33541
19900 44897
19901 27812
19902 38301
19902 48337
19904 42321
19905 25231
19905 33985
19906 43485
19906 44612
19908 20125
19909 38431
19909 45095
19911 23589
19913 21974
19913 28780
19913 40519
19914 47841
19916 22379
19916 42082
19919 21768
19920 24448
19920 24861
19921 35188
19922 43440
19922 44341
19923 20038
19924 20475
19924 26772
19925 27960
19925 35949
19926 41364
19927 34932
19929 21913
19929 38584
19930 29489
19931 23062
19932 23805
19933 28956
19934 29070
19934 46422
19935 23691
19935 27825
19935 31607
19935 40860
19935 43338
19937 40050
19937 46107
19938 25745
19938 29885
19938 30848
19938 42758
19939 28379
19939 39765
19940 47740
19941 37392
19941 45150
19944 46654
19946 26021
19947 37478
19947 42008
19947 46209
19948 21767
19949 44437
19951 42749
19951 46463
19952 31488
19952 40228
19955 22133
19955 47811
19957 23727
19957 25673
19958 28663
19958 41526
19958 49680
19959 23983
19959 45558
19960 27626
19960 43175
19964 34521
19964 48933
19964 49740
19965 28807
19965 28997
19966 30594
19966 37040
19967 33084
19968 24493
19968 33759
19968 37837
19970 42705
19971 31958
19972 21531
19972 28011
19973 40890
19973 44067
19974 20018
19975 30559
19976 22405
19976 28916
19980 23087
19980 45279
19981 41174
19982 25782
19982 26690
19982 33267
19983 45175
19983 47899
19985 39818
19985 47669
19986 24126
19986 43683
19988 34137
19988 45446
19989 39879
19989 46453
19990 48305
19991 28857
19992 21556
19993 25674
19994 32322
19995 31563
19995 37975
19996 38400
19996 47747
19997 36036
19998 42824
20000 45193
20002 37179
20004 47937
20005 43744
20006 47744
20007 42102
20010 30344
20011 27035
20011 33136
20011 46795
20012 28448
20012 38064
20014 22370
20014 33027
20014 33361
20015 45728
20016 38881
20017 25092
20017 36857
20019 26597
20020 27940
20020 46532
20022 44021
20024 26224
20024 29090
20025 28675
20025 36643
20026 20081
20026 45222
20028 21655
20028 25601
20029 41296
20030 23276
20030 39493
20032 39278
20033 48529
20034 27280
20034 41196
20034 44394
20035 39013
20036 38704
20037 39121
20038 32168
20039 26715
20040 29909
20040 36416
20040 43533
20042 29692
20042 32463
20043 24934
20043 28996
20044 31030
20045 49787
20046 26655
20049 28271
20052 28748
20052 34338
20052 44908
20052 47225
20053 32409
20053 33220
20053 47653
20053 48477
20054 43711
20055 41660
20055 46293
20056 32062
20058 30211
20059 42488
20061 38792
20061 44874
20062 20546
20062 31304
20062 33058
20062 40576
20064 37775
20064 41221
20065 26922
20065 42454
20065 45550
20066 25152
20066 34558
20068 44513
20068 49520
20069 23550
20069 32168
20070 22025
20070 47421
20073 38361
20077 21757
20078 36664
20078 40596
20079 45033
20080 31050
20081 25623
20081 30503
20082 35000
20083 42936
20084 31886
20085 43606
20086 27943
20087 32086
20087 40479
20089 31086
20089 31677
20089 33029
20089 35092
20090 30042
20090 39751
20093 22757
20094 26847
20095 35121
20095 43398
20097 22024
20098 32849
20098 39721
20098 45673
20101 27737
20103 30009
20103 31677
20103 33883
20104 23511
20105 40376
20106 23396
20106 32091
20106 38286
20108 24742
20109 24149
20109 45048
20110 26852
20118 41539
20119 29114
20120 25161
20120 27074
20121 39551
20123 44864
20123 45492
20124 39344
20126 47648
20127 35626
20127 47449
20129 47619
20130 34593
20130 48176
20132 42368
20134 42777
20135 36969
20137 26092
20142 22869
20143 22252
20143 42859
20144 25869
20145 36372
20146 43590
20146 44245
20146 48783
20147 48407
20148 41689
20148 47238
20150 46310
20153 42746
20153 48941
20154 25764
20154 28210
20156 49313
20157 47585
20158 47778
20159 31259
20159 43462
20161 20694
20161 22775
20161 27429
20162 20167
20162 30875
20162 41195
20163 24742
20163 45075
20164 42721
20165 31255
20165 31766
20165 48847
20167 29240
20167 29282
20168 49768
20169 40520
20170 26302
20171 40219
20172 46809
20173 31878
20175 28228
20181 40733
20182 38362
20183 34499
20183 37445
20185 28427
20185 37723
20185 40666
20185 44008
20186 30190
20187 36644
20187 43364
20188 25223
20188 26403
20188 36159
20191 40628
20193 27056
20193 32328
20193 33196
20194 23697
20196 35766
20197 36164
20199 34567
20201 37060
20202 44942
20204 35580
20204 48323
20204 48961
20205 28046
20205 33657
20205 33865
20206 22719
20206 32696
20206 34228
20207 32170
20207 34257
20208 21111
20208 31855
20209 38555
20212 22228
20213 29991
20213 33801
20214 34146
20215 25423
20215 34051
20216 25559
20217 29326
20217 40735
20218 47584
20219 38833
20219 39457
20219 39624
20219 44560
20220 27329
20220 28877
20223 33958
20226 27171
20226 41129
20228 20308
20229 42959
20231 30320
20231 32502
20231 37199
20231 40523
20232 30541
20232 41838
20233 43941
20233 47665
20236 29439
20237 26363
20237 46305
20238 42800
20239 22568
20241 21228
20241 47251
20242 36371
20243 27403
20243 47998
20243 49349
20245 24950
20247 26367
20247 31820
20249 23787
20251 30554
20253 20348
20254 21884
20255 25794
20255 41083
20256 40264
20258 42689
20258 46228
20259 26408
20259 27011
20260 49531
20262 26567
20262 42486
20263 30671
20263 39638
20265 33478
20265 42645
20266 43344
20269 27458
20269 36782
20269 49427
20270 43054
20271 36232
20271 37075
20271 49283
20272 33420
20272 42778
20273 44806
20275 37118
20275 47106
20276 37885
20276 42385
20276 47093
20279 44482
20280 36372
20280 38267
20282 20531
20283 28750
20283 45277
20284 39380
20286 24880
20289 27767
20289 29382
20289 32423
20289 36717
20289 49850
20290 34473
20291 48303
20292 41022
20293 22826
20293 30753
20293 38348
20293 47375
20296 41791
20297 32430
20297 36634
20298 27689
20299 34702
20299 41460
20299 45846
20301 34831
20302 36877
20302 47720
20304 23124
20305 32824
20305 43140
20305 46654
20306 37462
20307 21543
20309 24378
20310 35274
20311 42465
20312 45931
20312 48432
20313 28771
20313 38689
20314 44285
20315 21762
20315 22580
20315 36708
20318 36437
20320 33328
20321 20325
20321 43757
20321 49277
20322 36990
20322 40957
20323 42690
20324 27265
20324 45419
20325 42613
20327 27712
20327 40481
20329 27931
20331 44178
20332 43681
20332 49029
20332 49481
20333 21030
20334 34853
20334 48151
20336 35647
20338 48241
20339 21720
20340 27191
20340 36003
20340 39074
20341 26507
20341 28782
20341 40609
20341 46249
20342 40578
20343 29721
20343 47949
20345 40188
20345 44466
20347 38168
20348 28979
20350 23457
20352 26891
20352 38895
20353 23556
20357 38906
20357 46543
20358 25766
20360 34260
20361 23209
20362 22010
20362 34280
20364 35247
20365 21721
20366 48420
20367 25919
20367 35329
20367 44377
20368 28558
20369 36517
20369 48717
20371 44543
20372 25871
20372 48241
20375 22288
20375 48499
20378 37237
20378 47562
20380 23822
20380 28436
20381 25759
20381 34542
20381 45444
20383 23241
20383 35669
20384 43783
20387 21486
20387 40694
20391 24203
20391 31467
20392 36541
20393 29903
20394 46798
20396 22652
20396 23437
20396 29601
20396 34529
20397 39221
20397 40453
20398 45757
20399 22892
20399 29307
20400 47107
20402 35444
20403 34079
20403 38211
20403 48256
20404 44654
20405 26077
20405 40035
20408 23312
20408 35018
20409 22750
20409 42252
20410 47904
20412 34114
20413 35281
20413 36828
20413 37733
20414 26603
20414 34989
20415 35034
20415 37280
20416 28105
20416 28264
20417 20501
20417 27529
20418 32864
20419 38798
20421 36942
20421 38302
20421 38679
20422 26084
20422 37751
20423 35955
20423 38156
20423 39846
20424 34519
20424 35729
20427 23677
20427 31040
20427 47075
20428 29532
20428 30144
20429 47574
20430 43966
20431 27296
20432 23847
20432 30624
20433 21313
20433 25576
20433 35433
20433 42031
20433 46291
20434 42967
20435 26058
20435 29904
20435 31220
20435 35247
20436 43104
20438 22416
20438 35153
20438 40484
20438 49579
20439 36293
20440 29315
20441 45527
20444 32657
20445 28723
20447 31031
20448 30168
20449 42607
20450 44273
20451 23748
20451 46827
20453 23109
20454 21702
20455 27195
20455 35966
20456 28316
20457 28420
20457 45473
20458 26504
20458 35184
20458 35882
20458 49226
20459 41893
20459 49697
20461 29597
20461 39573
20462 39609
20463 31250
20463 36214
20464 24883
20467 41590
20469 28181
20469 33630
20470 27075
20472 41592
20473 25017
20474 23578
20474 27369
20474 36836
20474 46528
20476 25303
20476 47431
20476 49536
20477 23991
20477 33305
20478 22152
20478 47935
20479 41173
20479 47589
20480 29304
20481 40452
20482 23875
20482 41501
20483 22845
20484 39812
20484 42076
20485 36643
20485 37258
20487 34944
20488 39255
20488 43597
20489 42000
20490 40532
20491 44899
20492 49375
20493 26910
20493 40894
20494 26208
20494 34633
20494 42500
20495 49692
20497 27288
20498 39421
20499 40332
20500 32760
20500 38790
20502 44592
20502 45888
20502 47565
20502 49027
20504 23114
20504 23606
20504 42376
20504 45898
20504 46319
20505 28768
20505 38798
20506 33355
20506 43442
20507 37651
20510 43729
20511 24378
20511 29085
20511 38264
20511 49748
20512 20716
20512 33405
20515 21959
20515 22315
20515 40989
20515 49563
20516 46651
20517 43028
20517 43554
20517 47141
20518 26174
20518 31680
20519 43826
20520 26853
20520 30464
20520 30982
20520 43859
20521 28835
20521 39413
20523 47246
20525 29076
20527 29024
20528 26052
20529 32928
20532 25746
20533 38292
20534 34741
20534 38720
20538 43292
20539 35793
20540 43915
20541 49779
20543 43527
20544 46442
20545 21554
20545 26856
20546 35106
20549 29109
20550 24640
20552 21544
20552 41566
20553 36819
20555 30794
20556 23988
20558 26295
20558 28065
20558 37166
20558 41649
20563 48030
20564 33420
20564 48886
20565 23047
20565 26601
20566 24855
20566 37465
20568 47794
20569 46427
20570 48892
20571 48611
20572 48790
20573 26366
20573 47082
20574 21288
20574 40596
20575 23120
20575 38412
20576 29885
20577 35044
20577 35361
20578 39602
20578 47242
20580 23749
20580 25715
20580 40641
20582 30627
20582 34698
20582 44181
20582 44638
20583 23672
20585 48892
20586 28386
20588 30364
20588 42153
20591 38159
20593 25997
20593 37034
20593 49079
20596 21817
20601 26677
20602 28433
20604 20781
20604 34993
20604 40179
20605 47844
20607 22363
20608 27084
20609 24149
20610 36298
20610 41180
20611 45760
20612 29105
20612 29216
20612 45431
20613 23363
20613 23527
20614 25513
20614 30437
20614 33428
20614 36787
20614 40047
20615 28219
20615 43408
20618 31419
20619 29489
20621 45641
20623 21696
20623 35393
20624 23722
20624 34351
20624 42833
20627 22226
20628 38752
20629 47078
20631 38757
20632 23820
20633 39702
20633 49276
20634 38316
20635 27450
20635 42561
20636 24233
20637 30174
20639 24406
20640 48591
20641 21188
20642 38743
20642 41535
20643 35034
20646 41449
20648 31153
20649 20780
20649 40373
20651 40402
20651 49934
20653 22224
20653 37810
20654 26845
20654 32635
20655 31793
20656 34115
20656 41296
20657 22976
20657 31393
20657 35463
20657 39382
20658 25613
20658 27742
20660 39088
20660 43448
20661 21622
20661 24081
20662 48678
20664 29993
20664 42796
20666 32394
20666 33276
20666 41220
20666 48726
20667 24221
20667 45172
20668 35907
20669 22065
20669 41998
20671 27011
20674 29321
20676 27824
20676 46991
20677 48272
20677 49598
20678 24198
20679 40961
20679 48908
20681 29348
20681 33995
20681 37739
20685 47481
20685 48568
20686 27063
20686 29503
20686 36397
20686 49311
20687 24348
20687 33076
20688 36535
20688 43051
20688 43073
20688 43481
20689 38624
20689 41233
20689 41963
20691 40870
20691 42816
20692 34990
20694 21698
20694 35600
20695 26902
20695 28021
20696 36863
20696 37385
20696 38231
20696 40672
20697 28209
20698 22358
20698 27640
20698 49456
20700 23071
20700 42622
20700 49114
20701 28560
20701 37759
20702 43639
20704 39216
20704 39889
20705 22863
20705 46089
20706 33997
20707 40325
20707 42296
20708 25495
20709 35854
20710 39678
20711 21981
20711 27988
20711 29283
20711 33406
20712 28675
20712 32934
20713 25506
20713 38688
20713 39869
20714 24979
20714 34161
20715 29104
20715 47971
20717 26224
20718 27259
20720 38988
20721 26208
20721 46476
20722 23440
20722 37824
20723 23973
20724 25932
20726 27005
20727 46440
20728 30547
20729 34048
20729 41120
20730 23115
20731 33460
20734 40654
20736 38201
20739 26431
20741 49625
20742 23079
20743 22041
20743 33352
20743 42213
20744 23732
20745 21721
20745 38149
20746 30724
20747 27158
20748 33141
20748 34807
20748 39578
20748 46347
20750 27412
20750 49055
20752 41062
20755 39028
20756 29555
20759 48023
20760 45958
20760 47172
20761 45206
20762 31475
20762 37154
20762 44886
20763 24027
20763 30079
20764 40422
20765 36486
20765 41936
20768 40551
20769 21197
20769 32642
20770 27365
20770 47055
20771 21603
20771 32250
20774 31455
20778 31143
20780 32060
20780 39071
20781 37492
20783 25437
20783 31132
20786 24017
20786 28016
20786 38991
20788 40382
20788 45755
20791 26094
20791 49382
20792 34365
20792 40516
20793 33927
20794 40214
20795 30399
20796 26721
20797 22811
20800 31962
20802 42295
20803 33200
20803 49583
20806 31558
20806 48477
20808 35802
20810 23087
20810 33000
20810 45226
20811 41878
20813 33318
20813 48835
20815 28742
20815 34659
20816 32407
20817 22654
20817 43461
20818 46828
20818 47022
20819 33373
20819 35920
20820 32465
20822 24476
20822 26172
20822 46155
20823 22083
20824 40665
20825 22406
20825 28104
20825 32545
20825 44554
20825 44905
20826 38040
20828 42158
20829 24383
20830 41683
20831 40164
20832 38354
20833 30059
20835 31186
20835 41626
20835 42919
20837 44405
20838 40567
20839 32080
20839 48250
20840 27010
20841 21836
20841 23423
20842 30636
20842 32608
20842 35029
20843 24172
20844 40822
20846 24571
20846 40908
20847 31777
20847 39937
20848 28498
20848 36003
20849 35448
20849 47556
20850 48658
20851 33393
20851 49366
20852 25537
20852 43856
20853 23676
20853 28650
20854 47361
20857 42095
20858 22355
20858 42033
20859 49191
20861 42763
20862 33644
20863 26085
20863 44238
20863 47113
20864 48078
20867 26470
20867 27404
20868 22038
20868 26390
20868 49008
20869 41294
20869 45756
20873 32758
20873 41393
20874 40664
20876 27706
20877 31728
20878 31708
20878 46073
20879 43085
20880 37388
20880 38045
20881 37790
20882 40777
20883 25919
20883 26647
20886 22581
20886 28892
20886 33153
20889 23725
20890 45090
20890 49696
20891 29652
20891 32988
20892 47408
20893 37985
20895 28596
20895 49142
20897 31933
20897 38886
20899 21435
20899 26142
20900 38444
20901 25707
20902 34182
20905 27051
20907 26936
20908 42572
20909 38895
20910 21851
20910 45784
20911 35400
20912 48099
20913 21840
20913 27543
20914 24932
20916 36530
20916 38284
20918 28668
20918 44995
20920 22992
20920 39723
20922 36658
20922 37796
20922 48747
20924 48356
20927 43056
20928 41457
20928 45784
20930 46309
20931 23190
20931 42814
20933 30425
20933 39314
20935 32007
20935 34151
20937 37797
20939 23124
20940 47725
20941 21737
20941 24842
20941 32849
20942 21611
20942 44989
20945 46766
20948 42005
20948 46228
20953 21026
20953 26454
20953 29835
20953 49530
20954 28916
20954 29292
20954 35967
20955 46470
20955 49512
20956 31924
20956 44594
20957 21971
20957 26812
20957 29079
20960 23164
20960 23646
20962 28886
20962 43959
20962 46249
20963 31477
20964 44727
20966 44413
20967 21268
20968 27720
20968 32068
20968 34707
20968 39935
20969 27498
20970 22265
20970 36220
20970 42004
20972 29919
20972 43585
20972 47489
20975 27898
20976 25014
20976 47722
20978 38863
20978 49260
20980 39711
20980 42578
20981 24986
20981 39188
20981 47636
20982 36616
20982 48321
20983 23306
20984 49692
20985 34239
20987 34981
20988 21465
20988 30930
20988 46047
20991 33446
20991 48180
20992 30164
20992 30992
20992 35011
20993 33962
20995 24829
20995 32500
20995 47301
20996 38668
20996 40656
20998 23434
20998 27747
20999 46694
21000 21356
21000 30261
21000 43226
21001 24417
21001 45689
21003 44425
21003 45213
21006 24228
21006 25874
21007 33944
21008 38616
21009 25059
21010 39091
21010 45226
21011 48374
21013 22594
21014 49173
21016 32962
21016 48200
21017 33720
21020 36260
21021 32678
21021 48361
21023 33606
21023 37475
21023 40446
21023 48871
21025 24776
21025 25940
21025 39099
21026 25983
21026 31254
21026 45932
21028 25317
21029 41874
21032 39508
21032 45099
21033 37966
21033 41634
21034 44827
21034 48594
21034 48859
21035 40699
21035 46873
21036 38058
21037 34946
21037 37695
21038 48366
21041 24238
21041 46824
21042 25418
21042 29717
21042 41956
21044 21615
21045 21780
21045 29340
21045 32707
21052 44668
21053 27319
21054 33169
21056 32310
21056 38141
21057 28069
21057 44688
21058 32180
21059 22019
21059 36432
21059 48269
21060 42942
21060 44427
21062 32388
21063 21622
21063 33094
21066 41086
21066 44463
21067 24941
21068 38387
21069 26330
21069 36559
21070 21074
21070 48948
21072 27608
21072 36916
21074 26139
21074 33187
21075 39712
21076 28025
21076 38736
21076 45100
21077 34379
21077 45389
21077 45583
21077 48414
21078 37930
21078 40793
21079 25814
21079 41540
21079 47961
21080 24396
21080 29849
21080 36999
21082 39854
21082 49186
21083 23028
21083 23287
21083 36713
21083 40452
21083 49814
21084 48420
21085 36290
21085 40885
21086 40223
21089 21648
21090 22892
21090 38443
21092 38068
21094 45611
21095 21870
21095 25742
21095 42834
21096 23632
21096 29487
21098 35697
21099 32801
21099 48771
21100 41257
21101 41022
21101 44187
21102 44048
21103 33135
21103 36720
21105 24393
21105 35349
21106 45917
21107 24827
21109 35296
21115 41795
21116 31117
21116 44084
21117 27204
21119 27151
21119 28178
21120 32316
21120 37396
21120 41788
21121 39737
21122 35248
21124 42575
21124 46457
21124 48650
21125 29220
21125 40352
21125 45063
21126 35954
21127 37097
21127 40058
21127 44166
21128 30218
21129 26782
21129 31243
21131 26226
21132 40915
21134 33240
21134 45643
21135 31856
21135 39177
21135 39357
21136 43708
21137 25402
21137 26171
21139 47157
21141 37456
21142 21814
21146 43717
21147 49652
21149 46262
21149 49443
21150 38383
21152 41026
21153 25263
21153 45423
21153 47375
21154 21352
21154 25448
21154 28629
21155 27890
21157 33127
21158 25194
21158 28285
21160 43597
21160 47454
21163 32445
21163 37743
21163 47779
21163 49186
21164 26063
21165 25919
21165 49941
21167 36544
21168 25571
21169 31401
21172 25752
21173 38765
21174 26713
21174 39075
21175 30501
21175 41509
21176 25215
21176 29381
21176 45983
21177 33100
21179 23129
21180 37491
21181 45011
21182 21601
21182 28615
21182 47575
21183 48453
21184 30447
21185 23752
21185 37605
21186 25251
21186 26068
21186 31825
21186 42024
21186 43730
21189 37051
21192 43435
21193 43111
21195 22516
21198 23349
21198 43058
21200 28953
21200 32824
21200 45589
21202 22802
21202 33556
21206 22762
21206 35299
21207 22300
21207 27234
21207 48526
21209 22779
21209 46956
21210 22424
21211 25467
21211 33296
21212 26027
21213 43535
21214 29048
21215 45254
21216 29668
21216 44381
21217 25123
21218 26707
21218 49762
21219 26221
21219 37283
21219 37680
21220 44148
21221 43161
21222 28813
21224 35712
21225 24175
21225 39029
21226 47007
21229 48862
21230 28932
21230 36992
21230 49676
21232 47184
21233 33624
21233 34159
21233 34996
21233 36658
21234 27650
21236 49423
21238 25704
21241 30831
21241 44094
21242 46957
21243 40423
21246 23430
21246 42949
21247 31759
21247 38204
21249 34357
21250 32514
21252 26620
21252 27254
21252 33142
21252 37007
21252 37232
21252 40954
21254 38357
21254 44781
21256 40810
21256 44101
21257 46679
21258 36056
21258 46900
21258 48149
21259 32968
21259 33395
21259 44413
21260 36388
21263 25383
21265 27343
21265 47686
21267 25288
21267 27995
21267 33018
21269 31557
21269 46131
21269 49591
21270 42664
21270 43187
21273 39591
21275 30286
21276 34473
21276 35427
21276 41473
21277 22125
21277 26392
21278 33844
21279 27553
21281 26025
21282 37867
21282 44516
21283 40319
21283 41006
21283 42666
21283 47032
21284 46849
21286 40833
21287 40249
21289 26473
21290 37864
21290 44576
21291 46655
21292 39067
21294 42797
21294 43079
21294 43569
21296 40991
21297 30479
21298 26031
21299 27677
21299 31610
21299 49645
21300 24115
21300 33054
21300 36350
21300 39030
21301 44075
21302 26330
21302 26407
21302 30245
21304 24887
21305 22072
21306 30496
21306 37401
21306 37539
21306 46299
21307 32946
21307 48472
21308 25766
21308 39170
21309 28108
21309 40361
21311 35325
21312 24408
21313 33254
21316 29562
21317 40930
21318 24270
21318 34900
21318 38778
21320 23879
21321 22309
21322 35744
21322 38841
21322 41852
21324 25607
21324 30620
21325 30883
21326 39994
21327 26296
21327 32631
21327 43862
21328 23543
21328 40782
21329 42116
21330 43804
21333 24942
21333 34652
21334 40960
21335 31850
21335 45334
21337 25855
21337 47574
21338 33866
21339 26756
21339 32972
21340 22696
21340 32582
21341 21916
21341 34111
21341 49402
21342 31243
21342 33232
21342 41460
21343 30624
21343 30949
21343 31798
21345 35300
21346 42523
21349 33677
21349 43527
21349 49933
21350 49598
21351 23683
21351 40174
21351 48842
21353 27459
21353 41215
21353 48611
21354 25106
21355 49750
21358 49611
21359 37569
21360 36870
21361 23796
21361 24153
21364 23086
21365 43234
21366 26372
21371 23715
21371 35799
21372 38025
21372 38632
21372 40711
21372 48646
21373 40625
21374 22335
21374 31216
21374 48969
21376 21943
21376 22840
21376 26841
21377 38638
21377 44161
21378 31701
21379 39696
21379 47794
21380 27277
21380 48811
21381 36715
21381 40889
21381 49941
21383 29074
21383 30653
21383 38821
21383 39545
21383 44486
21384 39382
21385 29086
21385 40804
21387 34312
21389 24890
21390 25630
21391 26986
21392 33077
21393 48148
21395 22133
21396 22942
21396 34256
21398 31388
21398 41119
21398 42714
21399 22926
21399 35696
21399 45356
21400 42082
21401 37601
21403 33441
21404 39498
21406 28305
21406 29004
21406 42397
21407 40955
21408 28812
21408 30129
21408 32436
21409 22795
21410 27049
21410 44669
21410 49907
21411 21690
21411 24026
21415 26387
21415 40498
21415 42195
21416 35966
21417 27307
21417 32101
21417 37212
21418 39097
21418 41087
21419 39425
21421 44270
21422 39702
21423 24132
21423 29061
21423 48986
21423 49814
21425 30520
21426 24527
21426 27663
21426 40385
21427 38061
21427 45300
21428 22682
21428 38794
21429 24374
21430 22908
21430 35289
21430 43412
21432 28463
21432 30201
21432 45086
21432 47158
21433 38243
21434 30906
21434 35021
21435 31154
21435 32256
21437 46248
21442 33734
21442 40280
21442 43588
21443 24916
21443 38207
21444 30367
21444 32807
21445 22502
21445 28073
21445 28640
21445 32756
21445 42620
21445 46096
21447 36228
21448 32916
21450 42606
21453 33203
21454 29908
21454 30779
21454 45769
21455 30421
21455 45055
21456 28787
21456 41416
21458 34576
21458 38283
21458 40014
21458 43165
21459 26068
21459 44223
21460 27423
21460 47573
21461 25025
21461 37165
21462 24958
21462 28549
21462 40283
21463 27342
21465 43813
21466 35267
21467 38622
21468 34964
21469 25084
21469 30200
21469 37400
21470 37341
21471 46171
21475 34652
21476 23328
21476 38742
21478 31237
21479 21924
21479 27139
21479 44358
21480 32357
21480 34533
21481 25638
21482 33853
21483 27874
21483 40902
21484 22499
21485 24219
21485 25309
21485 37466
21486 30424
21486 42961
21486 44686
21487 23775
21488 29698
21488 30205
21489 27046
21489 44433
21489 47966
21490 21539
21490 45767
21491 44829
21493 28808
21493 44920
21494 27520
21496 23993
21496 38783
21496 47456
21497 26961
21497 30655
21499 28947
21499 49221
21500 25117
21500 27836
21501 25709
21501 32600
21501 40177
21504 32144
21504 34769
21505 39226
21506 24517
21506 29428
21507 41090
21508 24811
21508 35365
21508 36221
21510 26987
21511 29347
21512 35015
21512 43925
21513 34828
21514 46917
21517 26613
21518 35359
21519 42669
21520 26719
21521 26399
21523 41424
21525 38820
21526 36446
21526 48087
21527 31278
21528 27175
21528 35965
21529 22485
21529 34628
21530 36208
21532 36061
21532 44762
21533 36640
21533 49333
21534 35483
21535 26530
21535 40452
21535 48161
21539 40206
21540 39869
21540 46339
21541 32349
21545 34568
21545 41702
21545 49480
21547 29000
21547 37638
21547 46655
21548 25801
21551 28908
21551 30153
21552 24522
21553 41865
21554 37867
21556 41869
21557 32658
21558 28936
21559 36224
21560 25410
21560 26882
21562 29702
21562 32136
21563 33517
21564 43566
21567 32004
21567 35089
21567 35591
21567 46876
21568 23936
21568 24749
21568 31712
21568 46514
21568 48250
21570 46930
21570 48553
21571 29936
21573 29203
21574 47893
21576 30295
21577 40109
21577 41296
21578 42429
21578 44426
21579 39961
21581 33091
21581 34347
21581 39769
21581 48916
21582 27535
21582 37771
21583 27718
21584 25946
21585 40166
21585 48990
21586 22562
21587 38131
21588 26081
21588 39548
21590 22602
21590 37463
21592 30693
21592 31885
21592 39360
21592 39712
21595 40267
21595 48328
21596 46425
21598 47925
21599 36709
21600 21732
21600 25639
21600 30310
21601 42504
21603 37359
21603 42583
21603 42862
21603 45544
21604 21679
21605 42094
21605 45720
21606 38830
21606 49803
21608 27907
21609 25610
21611 42599
21611 46912
21612 36091
21613 26457
21613 49169
21614 22790
21614 22929
21614 41706
21616 49027
21617 37787
21619 23382
21620 23924
21620 28364
21620 47929
21622 43624
21622 47113
21624 25790
21627 28649
21628 38235
21629 34570
21629 42159
21629 43042
21630 26672
21631 28612
21632 37801
21634 34242
21635 29252
21635 34531
21636 26658
21636 42183
21639 35701
21640 33578
21640 41041
21641 35066
21641 41203
21642 31201
21642 31990
21643 40228
21643 47777
21645 35878
21645 38820
21645 45398
21646 22302
21646 30807
21646 33594
21646 38857
21647 30251
21647 31617
21648 25343
21650 31108
21651 32454
21651 35872
21653 39906
21657 48299
21658 39849
21660 23405
21661 29991
21661 46002
21662 24210
21663 44834
21663 47294
21663 49637
21664 30893
21665 22338
21665 23293
21666 28569
21666 30885
21666 42962
21668 45041
21669 23030
21669 49785
21670 31498
21670 32719
21670 47822
21671 38933
21671 44164
21674 34847
21675 30387
21675 35451
21676 25527
21676 28165
21677 41641
21677 47123
21678 40495
21683 22083
21683 29661
21683 45009
21685 22004
21685 34245
21688 27824
21688 43473
21690 43762
21691 35917
21693 23370
21693 24085
21693 36593
21694 21925
21694 39728
21695 46193
21696 34772
21696 37375
21696 40293
21697 24976
21697 36516
21697 47188
21698 41730
21698 46323
21700 34427
21700 35511
21702 23178
21702 43545
21702 45983
21704 44138
21705 43703
21706 26336
21707 25411
21708 32168
21709 31952
21710 44571
21711 42951
21712 24551
21712 29165
21712 46646
21713 36567
21713 45871
21715 29159
21715 38396
21715 39142
21716 30999
21716 37169
21716 39319
21716 43663
21717 47980
21720 47918
21722 37114
21722 41569
21724 42515
21724 44734
21724 49560
21726 23522
21727 34404
21729 30661
21729 38465
21729 43731
21730 42711
21731 32075
21732 35767
21733 26086
21733 27531
21734 48976
21735 42243
21736 27247
21736 43675
21736 46128
21737 30228
21738 32648
21739 21852
21739 38910
21739 49261
21741 23674
21741 33408
21745 46163
21746 37984
21747 27845
21747 35528
21748 23547
21749 28532
21749 42829
21750 39155
21751 32142
21751 41813
21751 47057
21752 31744
21753 27692
21753 40756
21753 49601
21754 22465
21754 27420
21754 27930
21754 48008
21755 23974
21757 26363
21757 27829
21758 38878
21759 25456
21761 39075
21763 28913
21763 32342
21765 26029
21766 45995
21767 25369
21767 27528
21767 44245
21768 32458
21770 36138
21772 28955
21773 26399
21774 47259
21777 27124
21777 32669
21778 33575
21778 37793
21779 37471
21779 38848
21779 42748
21780 26835
21780 33171
21782 22758
21782 27929
21782 41396
21783 42420
21784 40093
21785 25391
21785 30972
21787 24656
21787 28266
21787 32594
21787 32952
21787 33307
21787 45533
21789 24679
21789 31603
21789 37735
21789 41157
21790 36036
21791 24255
21791 32087
21794 44528
21794 47283
21797 24973
21797 30352
21799 35345
21799 41352
21801 29579
21801 48884
21802 26408
21802 27248
21802 29391
21802 33905
21803 42139
21803 46593
21804 32997
21805 27975
21805 28352
21807 42872
21809 33358
21811 35200
21811 46548
21812 34577
21813 30056
21814 43734
21815 31078
21815 42972
21815 48128
21816 28075
21816 35524
21816 38240
21816 43403
21816 49457
21817 36467
21818 25779
21821 32905
21823 43162
21825 42941
21826 31182
21826 33899
21826 45976
21827 22442
21827 40492
21827 46916
21827 49381
21830 29744
21830 36733
21830 43148
21830 49185
21831 48906
21832 25580
21833 36112
21833 46085
21834 32181
21837 32529
21837 33874
21837 36972
21837 41094
21839 34403
21840 45461
21841 26218
21842 28210
21842 40075
21844 34566
21847 26610
21847 28668
21847 31352
21847 38675
21848 33212
21849 37431
21849 45054
21849 47275
21850 41164
21851 41912
21852 26981
21852 35887
21852 47680
21853 23312
21854 27815
21854 39181
21855 23699
21855 47445
21856 44331
21857 23596
21857 36915
21857 41181
21859 35136
21859 42521
21862 41690
21865 42886
21866 27283
21866 37785
21867 39906
21868 35141
21868 42611
21869 23949
21869 24411
21869 49419
21870 27143
21870 43760
21870 47704
21871 46174
21874 39227
21874 45522
21875 26858
21876 27757
21876 47223
21877 42332
21878 23300
21878 32579
21878 35210
21881 37699
21881 45726
21882 33221
21882 46530
21883 46903
21884 43428
21885 33355
21885 35374
21888 25259
21888 39948
21889 29699
21890 45978
21891 29403
21893 41224
21893 46064
21894 32116
21894 40126
21896 34195
21896 36910
21896 46384
21897 23829
21898 39310
21899 28645
21900 35833
21901 26154
21901 32342
21904 22755
21905 30577
21905 36656
21906 49063
21907 43977
21908 34789
21909 38462
21909 46349
21910 25538
21911 44123
21917 27838
21921 37343
21921 43629
21922 25131
21922 42871
21922 43741
21924 34208
21924 40913
21925 36949
21926 30036
21926 42079
21927 30208
21927 41085
21930 24228
21933 29760
21933 36016
21934 24948
21934 27048
21936 46555
21937 30184
21937 38761
21937 40500
21939 27190
21939 46893
21940 31043
21941 25673
21941 30795
21941 32047
21941 35067
21941 36880
21944 26613
21944 28008
21945 30975
21946 22529
21946 25965
21946 46537
21947 32837
21948 23287
21950 24122
21950 46269
21951 22838
21953 40463
21954 26539
21954 43641
21954 47486
21958 34428
21959 39223
21960 24213
21960 24686
21960 31883
21962 25411
21962 26844
21965 23941
21965 34174
21965 38495
21966 39188
21967 43881
21968 44929
21970 28609
21970 46553
21971 32421
21971 43846
21972 26210
21973 22270
21973 23812
21974 40773
21976 44405
21979 39902
21980 46364
21981 42143
21981 43857
21982 24867
21982 25114
21984 25849
21985 33195
21985 39751
21986 37026
21988 28146
21989 34614
21989 45485
21990 47449
21992 25879
21992 38820
21993 36650
21994 39826
21994 40800
21994 48787
21994 49263
21995 34292
21995 48432
21996 24784
21997 27073
21997 37007
21997 40955
21997 43387
21998 48828
21999 44849
22002 24236
22002 33420
22003 26702
22004 38958
22004 43541
22005 27627
22005 31169
22005 33251
22005 47206
22006 40189
22009 32112
22010 47314
22011 27369
22011 31151
22013 40622
22013 41004
22014 41278
22017 26511
22019 23047
22020 36942
22022 27600
22022 46004
22024 38577
22024 49122
22025 49527
22029 45064
22030 35112
22033 30644
22035 40860
22037 48450
22043 32566
22043 42014
22044 38498
22045 23104
22045 33128
22046 27212
22046 39500
22048 24938
22048 33885
22048 43990
22049 30384
22050 28895
22050 49153
22052 47748
22053 34229
22054 39070
22055 26859
22055 37781
22055 44036
22056 46265
22059 25280
22059 39618
22060 25585
22061 24480
22061 49357
22065 36191
22065 37999
22066 30012
22068 25723
22069 23958
22069 37032
22069 39580
22069 49335
22070 29255
22070 44485
22072 22761
22072 31017
22073 37572
22075 29108
22079 38394
22079 41875
22080 32096
22080 47448
22083 27680
22084 31009
22084 33397
22084 42828
22084 48154
22085 23865
22085 25617
22085 30810
22086 31525
22086 42699
22088 26990
22089 25016
22089 31320
22090 29628
22090 35718
22090 43924
22094 44222
22094 46487
22095 30662
22095 41282
22095 46670
22097 23217
22098 26358
22098 49058
22099 40225
22100 23914
22100 37557
22100 43535
22100 45838
22101 46421
22101 48003
22103 44331
22105 34322
22106 26887
22106 31744
22107 27621
22107 42454
22108 25309
22108 35421
22109 37582
22109 45835
22109 49426
22110 43803
22111 42762
22112 27591
22112 44987
22113 31935
22113 47171
22114 40569
22115 35002
22115 43867
22117 26886
22117 40628
22118 30661
22119 33096
22119 34003
22119 40395
22120 22863
22120 25493
22120 29581
22120 49358
22121 25586
22127 24787
22127 32902
22129 28542
22130 25423
22130 27857
22130 42941
22130 45635
22135 25230
22136 46114
22137 37799
22138 34772
22138 47416
22139 38215
22141 29815
22141 42257
22141 48258
22143 27179
22143 36111
22144 48533
22146 42448
22147 26397
22147 28144
22147 28788
22147 32888
22150 26136
22151 31803
22151 43737
22152 28973
22152 46973
22152 48325
22152 49488
22153 49788
22158 45838
22159 34607
22159 35233
22159 47073
22160 28545
22160 29677
22163 24560
22163 42843
22166 31947
22167 38461
22168 24344
22168 30875
22170 46147
22172 38634
22172 40952
22172 41387
22172 44692
22173 45875
22173 49583
22174 25606
22174 48381
22177 27355
22177 44914
22178 38154
22179 22536
22181 48248
22182 26710
22182 30992
22182 31630
22183 28032
22183 35273
22184 26922
22186 29250
22186 36585
22186 42174
22188 26132
22189 25509
22189 46057
22191 29239
22191 47411
22193 23188
22194 23640
22194 27380
22194 30896
22194 43746
22195 23785
22195 27205
22196 32206
22197 46450
22200 26197
22200 37383
22202 28328
22203 27158
22203 46057
22207 23555
22207 40681
22210 41217
22211 25757
22211 30693
22213 24342
22214 40409
22215 29611
22216 33856
22217 40265
22218 28797
22219 22518
22219 29999
22219 45695
22220 26648
22220 45974
22223 49571
22224 35154
22224 43043
22225 34584
22225 37864
22225 46243
22226 23783
22228 42974
22228 48650
22229 33021
22229 38303
22230 37337
22230 40458
22232 35019
22233 25423
22234 26094
22234 48663
22235 25487
22236 33026
22240 23775
22242 31113
22242 37347
22242 38291
22244 32500
22244 33218
22245 41472
22247 32456
22248 34913
22252 22700
22253 40277
22254 42421
22255 47118
22256 38486
22257 34931
22257 41851
22258 28361
22259 29181
22259 48679
22260 27093
22261 47877
22264 22625
22265 37043
22265 48894
22267 39022
22267 48895
22268 45091
22269 23006
22269 49440
22270 36923
22270 41954
22270 42882
22271 43402
22272 32305
22273 39700
22274 31175
22274 46126
22275 23453
22275 37446
22276 29693
22277 24519
22277 38457
22279 38341
22279 47315
22283 35729
22284 36064
22284 45015
22286 32231
22286 32750
22286 42114
22287 34757
22289 49991
22291 26679
22291 36238
22291 45810
22292 27685
22292 43378
22294 36237
22294 42349
22296 47820
22296 49981
22297 23016
22297 27986
22297 28370
22298 30178
22298 36251
22300 46358
22300 47689
22301 32045
22301 45238
22301 49848
22302 34805
22307 36885
22308 47038
22311 27165
22311 37681
22312 30371
22312 46099
22315 28985
22316 47443
22316 49271
22317 44847
22317 48957
22319 29070
22320 23714
22322 39922
22322 42720
22323 34976
22324 31869
22327 45260
22328 28222
22328 41711
22329 38404
22333 26588
22334 25308
22335 26710
22335 29940
22335 44883
22336 25828
22339 31987
22341 23076
22341 24257
22341 34198
22341 34829
22341 38286
22341 42740
22341 46021
22342 38366
22342 41358
22342 43646
22343 24056
22343 25219
22344 34139
22349 37049
22351 24525
22351 31752
22351 45000
22351 48257
22351 48880
22353 35298
22354 29984
22354 42774
22355 26589
22355 33325
22355 37054
22355 41546
22357 31309
22358 35951
22359 34405
22359 36629
22363 26107
22363 39611
22364 41236
22368 45269
22369 23235
22370 37981
22370 46588
22370 49870
22371 40640
22371 45230
22373 41905
22377 28044
22377 34141
22377 35328
22378 23066
22380 23927
22382 24175
22382 26508
22383 37986
22385 41951
22387 43208
22387 46428
22388 31463
22389 31483
22389 46366
22390 29213
22391 29747
22391 33295
22391 35695
22392 26353
22392 47356
22392 48358
22394 34975
22394 34979
22394 40214
22396 38935
22396 39942
22397 24414
22397 47116
22398 31693
22398 41136
22398 48437
22399 26843
22401 29974
22401 44157
22402 48054
22403 46209
22407 32920
22407 36391
22408 40655
22408 44834
22409 23660
22409 36061
22411 37060
22413 29357
22413 30607
22413 41422
22413 48544
22413 49893
22414 27003
22414 36306
22414 47142
22415 29720
22417 29393
22420 49431
22421 49039
22424 28118
22425 31493
22425 37321
22425 47466
22426 26403
22427 39587
22427 41109
22428 31054
22428 43425
22429 24135
22431 35467
22431 38607
22432 25576
22432 34546
22433 29485
22433 40125
22433 48271
22434 48604
22435 31828
22435 41848
22435 45104
22436 23558
22436 23816
22436 26013
22437 22753
22437 34062
22439 40192
22441 26668
22444 31610
22444 40772
22446 35683
22446 49022
22449 33843
22451 32574
22451 35360
22452 30737
22453 44178
22453 45161
22456 27451
22456 43598
22457 25996
22457 27440
22457 31603
22457 38927
22457 44639
22458 40917
22459 41550
22461 32728
22463 40451
22464 31667
22464 43533
22466 32214
22467 35043
22468 27407
22468 43040
22469 26109
22469 44420
22471 30758
22471 31401
22471 49831
22472 41584
22475 34564
22475 43646
22476 24982
22479 26410
22481 28709
22481 31688
22481 40844
22482 28023
22484 23180
22484 25756
22484 43716
22486 23086
22486 33546
22488 46627
22489 44656
22490 36720
22491 26823
22491 31929
22492 29623
22492 34750
22492 41308
22493 24315
22493 35232
22494 36200
22495 46716
22496 25806
22496 30464
22496 43523
22497 31263
22497 39004
22498 35767
22500 31528
22500 46255
22501 32821
22502 36473
22502 43698
22503 45247
22504 43514
22504 45452
22505 30970
22505 36452
22507 30508
22511 22573
22511 45123
22511 46953
22514 24337
22514 38319
22515 43285
22516 34357
22516 36159
22516 36571
22516 43009
22517 25887
22518 41430
22519 35523
22520 30443
22521 35194
22521 39913
22523 48259
22524 28165
22524 46704
22525 27628
22525 38060
22525 38894
22527 22714
22527 27787
22527 31470
22528 49333
22529 46254
22530 24685
22532 27161
22534 24774
22534 29367
22534 38151
22535 35985
22536 43330
22536 47559
22537 24221
22539 35214
22541 45832
22543 32748
22543 42614
22543 43077
22544 25197
22546 23360
22548 30527
22548 39528
22548 47988
22549 37010
22549 41109
22550 39710
22553 28773
22553 46075
22554 39461
22557 36447
22557 44924
22560 41154
22560 49187
22561 46719
22562 44682
22563 35301
22566 26952
22568 46931
22570 33143
22570 40883
22571 44652
22572 42681
22575 22876
22575 33267
22577 24836
22579 38724
22579 45548
22582 24809
22583 39249
22584 32844
22585 37610
22586 45243
22588 49240
22590 28938
22590 35250
22593 43225
22594 26456
22594 41935
22595 26974
22595 32344
22597 35771
22597 36507
22599 35465
22601 30697
22604 34157
22605 28426
22605 35814
22606 35976
22606 41647
22607 32646
22610 47042
22611 28502
22611 35471
22612 34614
22613 25129
22613 34699
22615 48332
22617 43304
22618 44186
22620 25696
22621 26294
22621 32440
22622 49394
22623 25036
22624 28076
22625 40276
22625 42237
22626 43071
22626 44128
22626 48692
22627 26935
22627 48099
22627 48608
22628 49140
22629 38052
22629 46292
22631 27731
22631 43318
22632 25097
22632 31778
22632 33606
22633 31116
22633 43203
22634 34713
22635 25241
22635 32403
22636 37139
22637 40656
22638 49936
22644 29512
22644 43185
22645 37663
22647 40936
22648 31724
22648 42942
22649 35544
22651 27581
22651 31120
22652 32990
22653 43907
22653 44940
22654 38516
22658 25395
22659 48823
22660 33498
22660 35173
22660 39765
22661 39170
22661 47775
22661 48496
22663 25366
22663 36286
22663 49472
22666 48936
22667 25486
22667 39004
22668 42109
22669 37710
22670 27191
22672 33676
22673 23605
22674 36746
22677 27186
22677 33137
22677 36108
22678 27759
22681 42621
22682 27996
22684 23654
22684 26862
22687 38561
22688 25056
22688 38400
22690 26070
22691 29449
22691 48366
22692 41445
22694 25718
22696 24810
22696 31805
22696 32375
22696 35775
22697 34806
22699 40147
22700 44574
22700 44738
22704 29684
22706 25698
22707 31437
22707 38773
22708 23654
22708 44560
22709 32380
22709 34867
22710 25391
22710 47599
22711 30828
22712 41025
22712 42198
22713 25390
22713 27806
22713 36656
22713 49102
22714 39112
22714 40949
22717 43827
22719 31056
22720 40155
22722 25620
22724 48861
22728 38672
22729 24338
22729 26093
22729 45925
22730 32259
22731 47896
22733 32192
22734 25279
22734 25578
22736 47625
22737 43772
22740 27336
22742 36296
22743 42970
22743 49299
22745 26367
22747 29286
22748 32346
22748 36725
22748 39457
22752 34832
22754 26649
22756 49931
22758 30454
22760 29647
22760 42834
22760 49349
22761 30756
22761 33085
22761 36258
22761 49396
22764 28679
22764 33616
22764 36453
22765 31815
22766 27744
22766 39450
22768 46007
22769 40989
22769 48772
22770 34017
22771 41156
22771 49404
22774 44835
22775 34049
22775 41014
22777 23231
22777 47319
22778 31589
22779 37219
22779 41433
22779 45956
22779 49773
22780 44746
22782 30472
22782 36130
22782 38977
22782 43220
22784 25856
22785 39862
22785 42128
22788 24662
22789 24994
22789 26394
22789 29327
22790 25725
22792 31485
22792 39959
22795 30467
22797 40263
22798 36063
22800 40301
22801 27812
22802 25410
22802 42334
22802 49897
22803 36979
22804 40553
22806 49883
22810 32266
22811 42781
22812 25049
22813 45198
22814 38201
22816 34428
22816 48289
22817 39026
22819 23127
22819 33495
22819 45949
22821 28569
22821 33283
22821 39716
22823 33600
22824 24484
22824 37341
22835 23295
22836 27681
22836 40005
22837 45731
22839 43552
22840 31848
22841 24766
22841 28644
22844 40566
22846 39690
22846 42209
22847 29134
22847 39405
22847 44841
22849 26099
22852 35379
22853 24744
22853 36055
22853 46473
22854 28895
22854 45358
22854 49831
22855 27813
22855 32092
22855 46527
22857 31903
22858 46101
22859 25040
22861 30239
22864 29540
22865 36444
22867 32338
22868 27946
22868 36301
22869 24627
22869 39913
22870 25359
22870 33223
22871 31298
22871 39977
22872 45967
22873 32975
22873 43682
22874 45262
22878 39990
22879 29592
22879 36768
22879 45885
22879 47486
22882 37302
22882 39773
22884 29069
22884 29388
22885 26362
22885 38697
22888 48707
22888 49387
22889 35059
22889 40357
22890 32795
22890 45827
22893 31285
22894 27864
22894 32768
22895 28492
22897 25413
22897 45224
22897 49196
22898 28108
22900 27139
22900 35882
22901 37466
22901 46949
22904 25656
22907 38792
22907 40998
22908 47495
22909 34715
22911 29394
22911 49078
22912 24184
22912 30685
22912 40234
22913 27611
22915 37744
22916 28756
22917 37044
22919 24062
22919 35184
22919 36367
22919 44347
22919 44435
22920 39513
22924 46199
22926 33288
22927 36726
22927 38630
22928 43648
22929 42260
22930 48171
22930 48919
22931 34232
22931 38136
22932 37673
22935 25283
22935 28409
22935 36517
22936 40599
22936 47737
22937 30109
22937 33521
22938 32294
22938 34017
22938 35314
22940 23250
22940 39649
22940 49636
22942 28022
22942 30545
22943 47836
22944 26272
22945 26175
22945 30415
22945 38194
22945 44624
22946 25050
22946 42716
22948 26702
22948 44832
22949 31291
22949 38925
22950 33271
22952 38741
22952 44596
22953 33675
22954 32215
22955 25492
22955 31579
22955 48245
22956 44762
22957 33999
22957 44126
22957 47323
22958 23224
22958 24487
22958 25259
22960 44812
22960 48868
22961 27906
22961 29184
22962 33984
22962 36837
22966 35831
22967 27657
22968 23989
22968 36295
22968 41991
22968 42129
22969 27016
22971 25945
22971 32269
22971 35104
22971 38405
22971 42135
22971 45033
22972 28059
22972 35478
22973 40869
22978 28847
22980 40732
22980 44089
22980 45549
22981 29641
22981 45606
22982 38522
22983 41020
22984 43737
22985 37393
22985 44959
22985 47375
22986 44681
22988 46448
22989 27119
22989 38197
22990 40299
22991 26375
22991 46332
22992 35660
22993 31845
22993 47659
22994 23885
22994 37365
22994 40808
22995 45479
22996 23471
22997 40962
22999 31852
22999 46202
23000 33183
23001 44294
23002 29682
23003 48585
23006 47061
23007 32733
23007 43684
23010 27484
23013 46831
23017 49111
23018 24629
23019 40325
23020 24869
23020 40124
23021 38746
23021 43247
23023 30330
23024 25531
23029 45492
23029 49025
23031 23776
23031 42997
23032 30682
23032 41088
23033 24074
23033 36332
23033 46799
23033 47152
23034 32636
23034 44670
23035 39300
23035 39972
23035 48371
23037 42364
23038 27500
23038 30842
23038 36308
23038 45499
23039 41100
23042 30715
23042 31273
23042 32838
23042 39377
23044 34572
23045 38471
23047 30523
23049 26577
23050 32691
23050 42503
23053 33430
23054 28567
23055 42797
23056 48134
23058 41917
23059 47468
23059 49189
23060 41559
23060 46572
23062 29740
23062 30590
23062 37646
23065 41723
23066 27668
23068 29400
23070 25808
23071 38585
23071 48700
23072 24769
23072 41091
23075 27774
23077 24630
23077 45039
23081 41376
23081 47817
23082 29273
23082 36409
23084 43020
23085 23949
23087 47454
23088 29860
23089 26894
23090 44520
23091 26937
23092 30550
23093 38170
23093 38475
23093 43928
23094 42909
23096 24593
23097 32842
23097 46033
23098 31479
23098 33300
23098 34145
23100 39601
23103 45097
23104 35980
23104 39507
23106 38321
23106 43648
23107 25904
23107 37299
23108 27088
23109 38142
23110 25146
23110 33556
23110 47224
23111 41801
23112 48754
23113 43699
23114 27631
23114 34632
23115 27564
23116 23904
23116 25240
23116 32040
23118 32536
23119 23237
23119 26383
23119 43264
23119 46154
23120 41903
23121 45857
23122 33219
23122 40752
23123 27227
23123 29021
23124 36028
23126 32295
23127 26009
23127 36783
23127 44010
23129 40809
23129 47848
23130 28869
23130 29643
23132 25083
23132 26478
23132 43695
23134 32134
23134 46361
23135 34057
23139 42921
23141 39487
23141 39710
23143 45607
23144 39184
23145 35009
23145 38376
23146 24627
23147 26696
23148 25400
23149 27545
23149 41396
23150 46946
23151 46725
23152 27145
23152 42682
23153 42664
23153 48012
23155 26909
23155 32706
23155 36038
23158 23169
23160 29727
23161 32113
23161 44026
23162 31054
23162 31895
23162 43078
23164 42510
23165 25451
23165 28520
23166 37717
23167 35386
23167 45589
23169 23701
23171 35593
23171 37635
23172 47373
23173 33706
23174 35189
23176 29751
23178 29184
23181 42664
23181 43749
23183 34299
23183 38914
23185 35708
23185 36501
23185 36805
23186 33982
23189 33877
23190 42807
23191 35843
23193 37220
23193 39765
23193 42378
23194 44970
23194 45318
23195 31497
23197 48886
23200 41352
23200 49041
23201 28965
23202 23310
23204 41540
23205 40597
23205 45174
23206 28127
23206 32248
23207 33370
23217 30412
23217 46710
23218 31256
23218 40534
23221 27393
23222 33265
23222 33663
23222 38964
23225 33794
23228 36145
23228 38146
23228 48441
23229 32012
23230 49838
23231 31035
23231 42139
23231 42491
23232 34330
23233 29259
23233 32165
23235 31952
23235 32134
23236 41292
23236 41641
23237 30587
23238 40293
23242 26620
23244 37397
23245 27337
23246 35561
23247 45370
23247 49964
23248 46384
23249 32371
23249 34985
23253 29815
23253 48117
23254 47691
23254 48115
23255 47068
23256 25919
23256 41389
23257 36996
23257 48205
23259 38004
23260 28621
23261 35383
23262 26424
23263 49450
23264 25404
23264 29674
23264 35387
23265 42844
23268 44213
23270 32064
23270 33630
23270 41031
23270 47425
23271 23280
23272 24564
23273 43675
23274 34318
23275 26948
23275 33433
23275 40385
23275 47553
23276 25845
23276 32717
23276 44745
23276 47817
23277 30168
23277 48063
23278 41486
23281 28004
23282 36959
23286 31685
23286 37122
23286 40509
23288 26986
23289 43385
23290 31919
23292 38114
23292 49430
23294 29235
23294 31178
23295 38256
23297 41102
23297 42154
23298 32180
23298 32659
23298 45043
23299 46267
23300 24239
23300 28998
23301 28691
23302 39249
23302 40933
23303 49144
23305 37167
23305 39530
23305 43690
23306 28025
23306 48266
23307 25078
23307 26116
23308 25184
23308 36870
23308 39651
23308 45137
23308 45901
23309 26353
23309 45634
23311 32945
23312 44364
23313 25717
23313 36330
23314 26027
23314 48097
23315 28318
23319 41452
23321 28985
23321 38258
23322 29862
23322 38117
23323 45453
23324 39228
23324 45360
23328 34476
23328 41029
23329 27960
23331 38723
23331 42384
23331 43034
23332 42273
23336 35425
23337 23693
23337 33276
23341 29379
23341 32583
23342 42719
23345 33395
23346 25577
23346 31706
23348 24330
23348 31637
23349 37694
23349 38489
23350 30591
23350 37457
23351 32546
23351 42839
23352 39305
23352 47545
23352 48167
23353 24261
23354 34299
23354 47831
23356 35267
23356 46409
23358 30878
23359 35626
23359 39419
23359 47124
23360 26406
23362 32548
23362 41135
23363 26287
23364 30831
23365 47508
23366 32269
23367 24739
23367 46314
23368 32970
23368 40891
23373 24851
23373 31491
23373 47724
23376 27952
23377 46259
23377 46334
23378 27077
23378 38485
23379 40675
23379 46410
23380 27227
23385 23999
23386 30283
23388 37805
23388 39850
23398 40060
23398 48315
23399 49994
23400 41333
23400 46176
23401 43054
23401 45509
23402 44987
23403 31348
23404 27875
23404 38485
23404 47324
23405 35092
23406 27813
23408 40208
23409 45452
23410 49124
23411 40988
23411 41809
23412 36254
23412 40134
23413 31351
23415 33013
23417 33091
23417 33494
23418 34534
23419 27878
23419 33195
23420 30546
23420 38686
23421 35207
23422 27239
23422 31947
23423 37356
23425 27796
23428 27268
23428 36549
23429 24644
23429 26636
23429 42131
23430 48044
23431 24796
23431 49434
23432 43254
23435 36951
23437 29752
23437 46338
23438 31487
23438 31904
23438 41403
23440 43760
23442 40952
23443 28127
23443 30486
23443 39085
23445 43302
23445 44826
23446 25484
23446 49942
23447 31085
23447 34156
23447 36101
23447 49312
23448 28674
23448 47179
23450 33634
23451 42676
23452 39575
23452 43640
23455 39143
23459 29623
23459 30456
23459 43081
23459 48579
23460 33814
23460 35703
23462 34056
23463 30004
23463 44567
23464 35278
23465 26719
23466 23890
23466 31698
23467 30470
23467 36635
23467 40589
23468 44192
23468 44653
23469 28102
23469 44490
23470 25489
23470 27533
23470 48912
23470 49185
23472 32090
23474 29554
23474 34164
23474 38187
23477 39350
23478 31182
23478 40134
23479 45451
23480 33042
23480 34415
23480 42368
23483 30169
23486 23905
23486 31430
23486 40389
23486 40443
23486 48769
23487 47615
23489 36435
23489 40624
23490 40560
23491 29397
23492 45783
23495 24430
23495 49983
23499 29911
23500 43169
23500 44409
23504 41458
23505 35943
23506 29444
23506 31247
23506 34544
23506 40863
23507 34921
23508 24966
23508 26019
23510 38866
23513 37248
23515 34704
23515 46732
23516 30142
23516 33757
23517 37915
23519 24746
23519 35329
23522 30993
23524 29305
23524 47653
23527 30404
23527 46419
23528 33394
23528 46125
23529 36504
23530 33761
23530 35229
23530 45197
23531 25220
23531 37121
23533 36539
23533 44590
23534 36456
23534 40142
23535 24282
23535 25729
23535 33527
23536 24128
23536 37078
23537 39535
23537 41880
23538 28908
23538 32706
23538 34292
23539 29547
23539 40598
23541 25969
23541 49016
23544 43665
23546 35726
23547 26937
23547 31390
23547 37266
23548 31803
23549 38108
23549 43251
23550 31655
23550 33311
23550 36152
23550 38356
23551 40304
23552 48443
23553 31357
23559 38857
23559 39427
23559 49062
23561 26192
23561 36342
23561 43056
23563 47133
23565 40624
23566 45936
23567 29587
23567 32969
23570 25910
23571 27087
23577 29946
23577 39116
23578 37889
23579 41622
23579 46584
23581 44486
23583 25919
23587 33434
23587 42867
23587 45927
23588 37460
23589 26350
23589 34591
23591 32254
23593 42321
23593 42449
23594 35981
23594 41409
23595 35254
23596 42263
23598 26629
23598 44862
23599 33338
23599 38538
23600 33412
23600 34928
23602 40485
23602 49071
23603 40680
23605 26985
23606 41413
23608 36564
23609 44545
23611 26008
23611 37716
23613 32411
23613 41322
23613 46606
23614 30648
23614 31821
23615 34760
23615 34902
23617 27750
23617 34860
23617 36982
23618 31446
23618 34554
23618 34939
23619 42720
23620 31963
23621 37635
23621 37892
23622 44224
23622 48778
23623 40759
23625 25584
23625 42947
23628 30262
23628 34128
23628 38632
23629 41434
23631 46587
23632 46010
23633 27166
23633 44626
23634 38365
23634 49141
23635 37741
23637 25411
23637 35513
23638 41029
23638 41553
23638 47588
23639 42268
23641 27781
23641 39960
23641 43680
23642 30831
23642 46216
23643 42010
23644 31279
23646 41937
23649 42215
23650 28137
23650 42589
23652 23676
23653 44735
23654 30805
23654 31397
23654 41974
23656 31955
23657 32446
23661 39116
23661 47102
23661 49831
23662 26408
23662 28482
23664 48058
23669 39661
23671 26367
23671 49084
23674 37001
23675 49865
23676 31806
23676 49451
23678 26492
23678 46120
23679 30552
23683 37179
23683 48932
23683 49837
23684 32580
23684 48423
23686 32345
23686 34995
23686 47934
23688 39465
23688 43415
23689 25810
23689 30578
23689 45585
23689 48352
23690 45820
23691 23950
23692 36758
23693 39925
23693 41609
23693 44742
23694 30309
23695 27385
23696 25507
23696 29411
23696 29562
23698 24294
23698 24483
23698 44102
23699 34995
23699 46436
23700 25429
23702 39395
23702 49295
23703 28547
23704 36554
23704 36569
23705 37160
23706 45018
23709 30792
23710 35116
23710 37943
23711 39398
23715 26504
23718 27698
23718 34148
23720 27432
23720 27482
23720 48779
23722 29956
23722 30710
23723 41684
23723 43000
23723 48899
23723 49075
23724 32067
23725 37091
23726 24915
23726 39093
23727 48440
23728 24364
23729 35136
23729 48092
23730 27248
23730 40506
23731 41823
23733 32703
23733 47448
23736 37344
23736 39310
23737 27896
23738 37732
23738 42209
23739 48726
23741 28063
23741 32347
23742 39536
23742 43365
23743 48859
23744 25931
23747 26771
23748 29964
23748 41152
23748 47405
23750 37929
23751 28777
23751 48115
23753 33889
23755 24887
23759 34929
23759 40856
23760 29998
23761 39985
23761 42090
23763 25392
23764 40195
23764 41525
23766 30707
23766 35116
23767 33490
23768 35115
23770 30802
23771 29344
23772 32574
23773 35813
23774 45729
23775 40649
23775 47377
23778 43377
23780 24327
23780 25327
23780 41002
23781 28647
23782 45211
23786 28021
23786 43346
23787 48221
23788 40283
23790 39514
23795 24121
23796 34020
23796 40868
23800 40443
23800 48193
23802 46267
23803 45376
23803 45953
23804 31647
23805 35064
23805 40349
23806 45067
23808 43119
23812 24457
23813 33579
23813 34182
23814 48013
23816 39651
23817 36779
23821 35650
23821 36102
23822 38611
23823 31356
23823 47114
23823 48740
23826 27371
23828 38369
23829 31549
23829 32778
23830 27915
23830 29472
23830 41433
23831 36092
23832 30705
23833 38204
23834 37746
23837 29763
23837 41541
23838 25994
23839 43660
23842 28150
23843 32222
23844 31434
23844 38022
23845 33333
23846 36941
23849 30579
23851 33962
23851 34047
23852 29950
23853 31116
23854 34082
23855 26478
23855 27618
23856 32760
23856 49620
23857 27204
23857 36670
23859 33666
23860 42514
23862 31433
23863 29171
23863 34269
23863 48424
23865 30439
23867 30524
23868 38844
23869 29542
23869 31236
23869 48443
23870 24530
23870 39653
23871 45715
23873 28833
23873 42776
23874 49677
23876 32113
23876 35070
23876 40119
23877 33948
23877 39938
23878 29151
23878 33313
23878 35626
23879 43076
23881 26409
23881 29015
23883 24025
23885 29640
23885 32277
23885 37813
23886 37612
23887 24031
23887 30690
23888 47039
23890 27942
23890 34744
23891 27257
23893 40486
23894 46124
23895 36349
23896 34622
23896 40182
23896 41797
23897 34595
23898 24607
23898 31075
23899 37328
23899 42422
23901 47530
23903 36947
23905 32776
23905 47300
23906 37407
23906 39036
23906 39193
23908 27906
23911 35331
23912 32587
23912 35148
23912 47370
23913 34735
23913 48666
23915 26550
23915 40493
23915 43668
23917 47642
23918 38485
23920 27255
23921 26737
23922 45958
23924 31700
23924 42141
23925 31113
23926 30500
23927 36845
23927 47565
23927 48631
23928 29752
23928 44323
23929 39535
23930 25310
23930 46766
23931 45066
23932 49728
23933 39715
23934 30983
23934 41685
23934 49360
23937 38473
23940 34571
23941 48133
23942 37103
23943 38453
23943 42784
23944 28104
23945 38954
23946 25773
23947 30245
23947 34262
23947 45044
23949 28528
23949 40526
23950 37207
23950 39346
23951 38095
23951 38904
23951 40916
23951 49137
23952 24092
23952 43842
23958 45395
23961 34259
23961 38804
23962 24362
23963 41154
23964 33018
23964 48857
23965 25087
23966 25964
23966 31345
23966 40587
23969 44446
23969 47940
23970 24491
23971 39726
23972 31040
23972 40534
23975 32414
23975 42630
23976 28696
23976 32514
23977 43774
23978 47085
23980 24807
23980 41845
23981 34588
23983 42228
23985 26804
23985 35077
23985 44278
23988 31490
23989 27653
23989 37129
23989 43856
23990 44414
23990 44660
23990 49694
23991 41895
23992 32114
23994 27019
23995 43607
23996 37381
23996 37855
23996 45884
23997 29411
23997 41247
23998 34704
23999 30411
23999 48938
24000 29432
24000 42885
24003 48714
24004 27420
24005 30580
24005 38806
24005 41352
24007 27040
24007 44824
24010 30417
24010 36250
24010 38331
24011 46634
24011 48907
24012 24760
24014 24413
24014 43624
24015 34555
24015 37379
24016 27565
24016 36647
24017 30587
24017 45390
24018 44137
24019 48764
24020 49085
24021 24351
24021 25774
24021 42520
24023 48187
24024 38896
24024 44087
24024 44908
24026 42238
24027 32532
24027 34964
24028 30665
24028 42143
24028 47193
24029 29487
24029 42273
24029 43406
24030 39437
24031 24739
24031 34965
24034 37100
24034 40533
24036 35487
24036 45320
24036 49651
24037 29958
24037 36094
24039 39625
24040 35241
24041 36851
24041 48122
24046 30441
24047 32140
24050 30975
24052 28508
24052 32219
24056 38416
24057 30858
24058 45358
24058 46167
24060 47021
24061 25557
24062 25635
24062 39225
24062 39649
24064 39718
24064 41700
24065 25495
24065 28754
24065 37942
24065 43625
24065 49613
24066 25486
24066 33676
24066 36378
24069 31837
24069 42762
24069 43259
24069 47401
24070 34738
24071 34909
24073 25490
24073 29626
24073 33518
24074 35439
24074 46063
24075 35227
24076 25553
24080 33048
24082 32336
24084 48360
24085 41817
24086 45382
24090 24473
24090 43404
24091 49837
24093 29316
24094 28892
24095 24856
24095 49420
24096 24458
24096 46960
24097 45084
24098 29751
24098 44990
24099 40881
24100 39525
24100 40299
24103 25206
24103 26035
24106 31623
24107 39131
24107 41229
24108 26591
24109 24705
24109 43189
24112 36114
24114 35766
24114 37568
24114 49709
24117 44860
24118 28431
24120 28981
24120 29652
24120 42608
24121 45830
24122 32382
24123 31543
24123 49987
24125 43546
24127 26291
24127 29483
24128 34038
24128 36836
24130 44245
24131 45540
24133 33918
24133 39844
24133 45726
24134 24836
24134 29622
24134 41086
24135 43906
24136 33639
24136 34376
24137 41983
24138 35794
24138 43120
24138 48621
24139 30542
24139 31789
24141 38728
24142 30250
24142 35543
24142 38792
24143 29917
24144 44052
24145 38162
24147 28677
24147 33612
24148 24210
24148 25452
24148 49851
24151 43545
24154 29517
24154 31412
24155 26191
24156 24231
24156 42543
24157 48248
24158 37555
24159 42573
24160 27182
24160 42157
24160 43760
24161 34475
24162 27553
24164 40604
24165 46886
24168 42118
24173 35069
24177 42805
24178 27226
24178 33592
24178 34990
24178 36664
24178 41042
24178 44887
24180 43367
24182 29430
24182 49035
24185 28140
24186 28925
24187 37024
24188 24370
24188 40085
24191 31324
24191 40219
24196 42532
24197 35593
24197 47102
24198 35118
24198 45344
24199 45327
24200 26713
24200 32271
24200 37990
24202 44274
24202 46356
24204 26910
24205 28609
24206 26951
24206 28285
24206 29296
24206 37703
24208 31335
24209 43164
24210 26607
24210 38696
24213 29572
24213 33002
24213 37193
24215 39350
24215 39713
24215 47401
24216 40423
24217 39089
24218 33005
24220 47073
24221 45412
24222 47454
24223 31966
24223 32108
24224 47268
24226 44038
24226 48553
24229 29088
24230 31133
24230 47791
24231 28123
24231 29468
24234 40924
24234 45810
24235 30378
24235 31165
24235 48289
24236 32138
24237 27034
24238 30140
24238 32609
24238 39638
24239 25690
24239 30842
24239 35562
24240 28842
24241 33508
24242 44922
24243 39029
24244 26639
24245 44491
24246 32261
24246 44028
24249 27776
24249 44848
24249 44856
24254 24855
24254 49070
24255 45102
24257 49017
24258 30553
24258 33467
24261 32677
24261 45704
24266 29369
24267 44158
24268 25630
24269 24455
24269 48379
24270 25997
24270 39059
24270 40505
24271 28163
24271 31844
24271 43652
24273 33348
24273 37031
24273 42273
24275 48157
24276 40420
24276 42216
24276 48183
24277 30789
24278 45085
24281 27214
24282 37859
24282 46912
24283 37454
24284 44858
24284 48311
24287 39189
24288 38260
24290 44772
24292 43881
24292 49363
24293 29471
24293 45550
24294 32324
24294 33090
24295 43985
24297 36250
24297 44493
24298 34519
24299 24634
24299 36531
24301 35419
24301 39173
24301 48088
24303 29566
24305 27256
24305 37999
24305 48816
24306 38214
24306 46602
24307 24881
24307 41875
24307 47862
24308 39064
24308 39710
24309 29563
24311 36508
24311 40017
24312 31343
24312 37711
24312 38142
24317 27362
24317 46032
24321 31477
24321 43975
24324 25831
24325 44867
24326 43529
24327 36973
24327 37565
24328 46909
24330 48733
24330 49373
24331 30242
24332 43279
24332 47697
24333 29349
24334 46647
24335 44032
24336 45771
24338 39038
24339 47888
24339 49526
24340 30416
24340 39697
24340 46798
24342 25870
24342 27022
24342 34989
24342 36957
24343 34813
24343 36228
24344 31484
24345 34174
24346 41519
24348 37083
24349 26784
24349 36539
24350 39888
24351 31948
24352 24521
24353 49811
24356 26093
24357 26469
24358 48644
24359 25835
24360 33229
24360 38973
24363 41424
24363 43266
24364 24491
24364 36291
24366 37807
24368 39664
24369 29173
24370 37172
24372 29301
24372 29820
24372 42379
24373 26388
24373 34378
24373 34681
24373 45796
24374 36715
24374 44914
24374 49884
24375 37040
24378 37770
24378 45696
24378 46946
24379 25886
24380 35864
24381 34854
24384 44036
24385 41065
24388 29947
24388 35809
24390 29837
24391 27923
24391 46806
24392 29926
24393 40365
24394 27419
24394 44023
24395 36416
24396 37655
24398 32226
24398 44561
24402 35252
24406 41440
24406 49949
24408 25131
24409 31698
24409 38897
24414 32313
24414 39976
24415 46270
24416 36036
24417 26990
24417 39795
24417 47344
24418 31104
24418 44842
24420 30832
24422 24999
24422 37768
24422 38897
24423 49434
24424 27352
24427 36850
24428 27616
24429 25867
24429 36586
24432 37485
24432 40683
24433 34523
24433 39150
24433 40575
24434 34387
24435 26437
24438 26311
24439 32239
24439 34693
24439 38236
24440 39873
24440 43720
24442 42048
24442 43948
24443 43342
24443 45107
24446 34281
24448 28975
24448 36884
24448 40850
24449 31730
24450 34281
24450 37072
24450 48748
24451 34181
24452 40769
24454 46662
24455 48964
24455 49215
24456 33649
24456 47004
24458 35142
24460 34346
24462 26426
24464 34998
24464 36618
24465 41634
24467 31008
24468 29486
24469 25882
24470 32786
24471 39799
24476 47111
24477 39918
24478 25522
24483 28238
24487 25418
24487 33069
24490 25660
24490 31185
24490 35231
24490 48821
24491 24993
24491 28530
24492 49603
24493 26538
24494 43753
24497 43398
24498 32619
24498 41487
24498 44059
24500 48870
24501 39392
24501 45073
24501 45579
24506 44222
24508 28885
24509 30081
24509 48478
24510 29802
24510 33645
24510 49551
24514 48886
24515 36667
24516 33669
24516 40909
24518 32972
24519 31689
24519 43153
24521 35416
24522 36793
24524 32360
24524 36175
24525 26055
24527 49922
24529 41467
24529 42318
24530 46324
24532 44328
24533 32666
24533 38144
24534 31035
24535 38149
24536 26831
24536 34500
24536 47800
24537 26715
24538 25836
24538 29082
24538 39494
24540 27345
24540 36583
24540 37106
24540 40134
24542 25863
24542 39564
24542 39862
24543 28406
24543 28599
24544 39120
24545 41085
24545 44777
24546 31571
24546 36125
24546 41855
24548 34513
24548 38971
24549 39965
24550 35384
24551 36676
24551 42042
24554 30116
24555 37042
24555 42922
24557 26347
24557 27495
24557 38238
24558 45322
24560 31485
24560 35323
24560 43944
24561 39825
24561 39860
24563 40469
24564 47239
24566 32357
24566 33889
24569 27069
24569 42179
24569 49900
24570 42734
24570 49942
24571 27923
24571 29781
24572 25402
24572 26512
24574 33751
24575 26584
24577 34630
24578 25661
24578 44037
24579 28123
24579 42049
24581 36499
24582 26335
24582 33063
24582 34841
24583 28539
24583 31502
24583 45578
24584 27321
24584 29502
24588 41324
24589 41285
24592 40092
24594 26816
24594 34257
24594 49424
24595 39575
24597 45533
24598 45288
24599 26616
24599 43011
24600 24833
24602 39517
24602 44687
24604 35650
24604 48532
24605 31964
24607 32408
24607 40616
24607 41115
24607 47330
24609 47000
24610 48492
24611 27039
24614 33635
24614 37416
24614 41371
24615 34097
24615 35292
24615 48606
24617 45427
24620 46114
24620 49251
24621 29759
24621 42807
24622 48133
24626 40450
24627 37007
24629 45188
24631 34941
24633 47926
24634 28088
24636 43769
24636 48982
24639 25777
24639 34067
24643 42370
24645 38151
24645 42228
24646 27395
24646 29126
24647 48656
24648 48325
24650 27212
24652 30815
24653 39416
24654 29542
24655 30763
24656 26589
24656 45033
24662 30908
24662 35339
24662 41503
24662 44539
24662 49067
24665 38399
24666 27623
24666 31929
24666 44593
24667 47853
24668 28432
24670 30131
24670 41265
24672 26642
24673 25142
24674 40754
24674 48572
24675 32081
24675 33078
24676 27934
24676 35195
24676 40891
24676 47869
24678 25641
24679 40807
24680 31333
24681 37439
24681 44700
24681 49585
24682 28351
24683 35559
24683 48375
24684 27377
24685 48634
24686 30842
24687 25311
24691 35198
24691 48568
24692 24816
24692 37237
24693 37513
24701 25607
24701 40653
24701 44215
24702 33375
24705 27444
24706 32593
24706 41194
24708 27203
24712 48858
24715 30849
24718 29915
24718 32855
24719 30675
24719 39767
24719 46820
24721 28822
24722 31080
24722 32640
24723 35568
24724 29615
24725 35033
24725 49999
24727 36474
24729 35456
24729 40711
24730 25373
24731 27573
24731 27978
24732 28865
24735 39726
24736 24852
24737 33053
24737 36809
24739 28545
24741 26244
24741 34751
24742 26942
24742 32947
24742 33686
24743 44950
24744 29020
24744 43381
24745 46915
24746 39145
24748 29960
24749 25582
24749 28888
24750 28864
24750 33527
24751 25040
24754 30825
24754 44781
24756 30604
24759 28510
24759 34673
24760 30989
24761 36525
24763 29085
24763 31477
24763 34389
24763 41886
24764 25412
24766 40211
24766 43152
24769 31102
24771 48444
24772 29847
24773 25043
24773 47716
24774 28926
24774 34317
24774 38807
24775 41959
24776 34900
24776 43055
24780 28705
24781 27703
24782 25709
24782 33418
24784 31898
24785 40968
24787 38310
24789 37330
24789 44144
24792 42178
24794 27549
24794 28280
24795 24819
24795 33726
24795 36348
24796 43525
24797 34278
24797 36842
24798 30270
24798 40673
24798 41745
24798 42067
24801 27689
24801 40499
24802 36231
24802 47611
24805 44527
24808 34793
24809 25279
24809 46485
24810 26483
24810 33869
24811 42118
24812 40682
24814 25307
24814 29332
24816 32272
24816 35118
24817 28298
24817 46532
24818 44106
24819 46512
24820 38015
24820 47803
24821 33513
24822 36079
24824 36157
24824 39133
24825 40042
24826 32467
24830 27523
24831 27851
24832 36079
24832 39322
24832 39554
24833 34597
24833 47334
24834 39807
24834 43814
24835 25887
24835 38840
24837 40728
24837 46319
24838 27078
24841 38823
24841 38930
24843 40644
24844 39796
24845 49227
24846 25700
24846 36065
24846 40521
24847 44974
24847 49740
24849 33032
24852 45750
24853 28202
24853 35844
24853 36748
24853 40305
24854 37573
24855 37217
24856 40346
24857 32095
24857 46694
24860 35326
24861 29884
24862 35942
24865 42813
24865 43485
24866 31872
24866 38040
24866 40078
24867 36576
24869 41570
24878 49686
24880 37054
24881 26019
24881 33065
24882 37232
24885 35387
24888 35471
24890 36469
24890 37536
24891 38296
24891 48013
24893 30620
24893 49415
24895 36195
24897 33850
24898 25861
24899 30731
24899 43710
24900 26202
24900 39637
24901 46963
24903 45849
24905 27135
24906 40988
24907 27929
24907 44823
24908 46655
24910 27872
24912 33248
24912 37562
24915 26983
24915 40619
24915 42508
24920 35807
24921 42679
24921 48450
24922 28290
24922 36670
24923 25227
24923 25904
24923 48471
24924 26388
24925 26670
24925 27905
24926 30441
24927 31056
24928 33131
24928 42679
24929 45217
24929 49988
24930 38290
24931 38532
24931 42471
24933 42722
24933 49577
24934 34818
24935 49839
24936 44216
24937 37606
24937 48071
24938 36819
24939 31121
24944 38382
24944 46189
24945 37709
24946 25550
24946 45238
24947 44014
24947 44296
24948 41091
24948 44825
24949 39324
24951 39621
24951 40276
24952 27135
24952 38652
24952 40267
24953 35992
24954 49710
24955 35864
24958 29069
24958 46592
24958 48325
24959 36893
24961 26498
24961 35355
24961 48984
24962 30335
24963 26740
24964 30924
24964 35322
24966 38127
24967 33000
24968 40491
24969 46056
24970 34519
24971 31136
24971 42657
24971 44235
24972 27197
24972 47907
24973 26014
24974 38084
24975 38235
24976 25466
24976 26137
24977 48521
24980 30825
24982 28292
24983 32494
24983 42967
24984 38464
24985 34372
24986 41728
24987 43544
24988 36195
24991 29388
24992 25948
24992 43885
24993 41032
24994 42739
24995 43441
24996 38615
24997 41647
24998 28818
24998 40887
24998 43467
24999 28384
25000 39976
25003 40700
25004 35176
25004 36767
25004 36872
25005 29752
25006 49731
25008 36542
25009 41435
25010 36889
25010 44648
25013 29256
25013 39475
25016 29561
25016 42787
25017 36033
25018 30791
25020 40890
25024 35548
25024 36783
25025 30522
25026 32757
25026 33336
25026 44304
25027 36298
25028 32742
25028 37657
25033 27905
25033 35289
25034 41375
25037 29013
25038 42099
25038 49700
25039 27236
25039 33531
25039 43140
25041 46178
25043 28378
25045 34462
25045 49461
25046 38626
25046 45089
25047 32235
25048 29939
25050 25548
25050 45379
25051 28058
25053 43536
25056 41288
25056 48170
25057 29577
25057 32743
25057 38287
25059 37132
25059 42526
25061 47329
25062 37199
25063 35776
25064 40023
25064 48642
25066 29586
25068 36382
25068 38752
25069 37347
25070 36114
25070 38580
25070 46723
25071 33330
25072 26647
25072 42828
25073 25497
25074 33779
25074 35962
25074 41518
25075 31501
25076 28888
25076 32376
25079 43712
25080 33113
25080 48804
25081 37065
25081 42314
25083 34472
25083 41417
25084 33119
25085 30509
25088 39562
25089 25246
25093 26445
25093 26971
25093 28794
25096 36593
25097 46306
25101 46276
25102 28923
25102 43965
25103 25113
25104 41320
25106 31183
25106 46325
25109 25323
25109 32800
25109 37566
25109 49912
25110 25752
25110 34180
25110 46041
25111 36642
25113 37164
25114 30547
25115 45003
25116 30260
25116 32347
25117 34415
25117 38439
25117 40449
25117 40938
25117 41097
25118 35542
25120 35882
25120 37720
25120 47360
25121 30920
25122 37582
25122 47882
25126 39819
25127 47295
25128 33437
25129 29815
25129 32207
25129 39514
25129 41080
25129 42646
25130 33589
25130 46264
25130 48601
25133 30029
25134 34097
25134 43760
25134 44056
25135 45020
25136 35733
25136 37685
25137 42518
25139 35922
25140 29466
25140 47401
25142 46169
25143 32092
25145 32658
25147 28317
25148 33437
25148 43310
25149 43573
25151 44016
25152 40634
25153 38296
25153 42740
25153 47474
25154 26701
25156 25318
25156 41958
25157 26839
25157 43660
25157 47513
25158 45315
25159 27538
25160 29602
25160 32173
25161 40893
25161 45916
25164 33558
25166 34572
25168 29725
25168 44845
25170 29996
25170 45077
25172 27951
25174 43200
25174 43561
25175 47312
25176 44909
25177 26436
25178 29817
25178 47141
25180 34296
25180 40537
25182 36262
25183 26317
25183 46231
25186 37486
25187 44897
25188 39250
25190 30378
25190 45599
25191 30015
25191 46555
25192 40532
25193 39549
25193 46978
25195 31340
25200 30940
25202 44612
25204 48572
25206 41535
25207 49826
25208 45970
25208 49755
25209 35643
25211 25536
25211 30364
25211 43190
25212 47954
25213 33095
25215 39595
25218 39998
25221 27819
25222 27497
25222 43978
25223 28488
25223 41922
25224 44940
25225 25860
25226 48027
25228 29087
25229 28847
25229 37825
25229 48855
25230 34388
25232 47313
25233 45078
25234 35346
25234 44316
25236 36289
25238 27862
25238 29886
25238 34669
25238 47353
25239 27197
25239 45471
25240 34836
25242 28720
25248 33511
25249 27534
25250 38200
25251 26366
25253 47110
25254 42931
25255 28016
25255 40810
25255 45449
25256 49615
25257 28205
25257 34695
25257 41839
25258 27271
25260 30776
25262 49720
25263 28697
25263 47613
25265 29309
25265 35752
25266 35019
25266 47200
25267 41257
25267 46401
25268 29544
25268 34798
25268 43590
25269 32620
25270 46066
25272 45382
25274 41217
25276 41673
25276 43789
25277 38463
25277 49002
25278 34106
25278 43869
25279 28995
25281 31607
25281 39657
25281 42913
25282 25756
25282 43609
25283 38794
25284 32179
25284 32285
25285 29734
25285 34685
25286 38299
25287 46588
25290 27322
25290 44655
25293 26480
25293 48118
25295 44611
25296 42557
25298 37079
25299 27739
25299 46125
25300 43307
25300 46561
25301 31833
25301 37802
25301 40569
25301 45239
25303 30881
25306 29521
25308 26413
25308 34842
25308 34996
25310 32490
25311 29873
25312 45897
25313 39910
25313 48083
25314 36210
25315 41662
25316 25520
25320 31919
25321 30921
25322 37860
25322 48097
25323 41827
25323 49013
25325 34166
25325 41831
25325 42580
25327 27301
25327 31561
25327 34530
25327 39243
25328 32192
25331 30245
25331 36575
25331 42673
25331 47787
25332 42103
25333 27391
25333 48775
25336 34481
25337 32236
25337 45510
25339 33124
25339 36830
25340 29857
25341 27980
25341 34116
25343 25610
25344 31200
25344 32114
25344 33890
25345 25496
25345 36127
25347 33700
25349 46714
25350 39275
25351 32010
25351 47954
25353 44953
25354 27015
25354 34681
25357 29704
25357 46971
25357 47562
25359 42699
25359 48126
25359 48728
25362 25698
25362 30714
25363 40751
25366 48866
25368 28239
25368 37140
25368 42991
25369 31114
25369 34178
25369 44000
25372 40486
25372 45487
25372 46049
25373 45079
25375 46468
25376 44778
25377 41991
25377 45237
25381 34550
25381 38220
25382 44517
25385 32927
25385 35843
25385 48500
25386 43386
25388 45071
25389 44835
25391 45322
25395 42622
25395 49716
25395 49831
25396 33529
25397 26773
25397 36828
25397 40477
25398 25444
25398 40782
25400 31224
25401 38204
25402 31671
25402 42233
25405 34649
25406 39412
25407 26769
25407 47620
25410 40854
25410 46685
25411 29600
25411 39952
25412 48705
25413 30457
25413 48187
25414 26985
25414 40504
25414 44320
25415 39259
25415 40817
25417 31143
25417 31707
25417 44772
25420 37951
25421 44950
25422 47930
25424 33710
25424 41443
25424 44453
25425 38914
25426 26201
25427 49064
25428 26638
25429 31745
25431 47113
25432 38533
25432 40630
25433 37271
25434 31328
25435 46176
25437 48646
25438 39018
25438 41238
25440 32160
25440 42130
25441 47505
25442 43983
25443 40256
25443 44991
25444 28782
25444 30382
25446 32265
25447 29309
25447 32483
25448 30096
25448 42946
25449 34845
25449 47295
25450 30354
25451 25782
25451 39139
25452 37368
25453 29885
25454 32472
25455 34543
25455 34644
25457 27256
25458 49134
25459 28545
25461 27039
25462 27339
25462 47606
25463 48201
25465 37758
25466 28257
25467 30118
25467 30822
25467 35883
25468 25670
25468 33206
25468 48539
25469 34043
25471 31040
25471 31848
25473 27734
25473 29740
25473 34545
25473 35500
25474 40125
25476 27966
25476 35839
25478 28004
25480 30031
25481 40024
25482 37392
25483 31790
25483 41459
25483 49180
25484 48107
25485 28923
25490 26789
25490 41313
25490 44199
25490 46060
25493 33070
25493 42337
25493 42740
25494 46040
25495 42757
25496 40602
25497 37777
25499 26017
25499 28597
25500 27997
25500 29677
25502 39066
25502 49277
25506 28283
25506 28843
25506 44901
25507 49654
25508 27372
25508 29768
25509 37960
25509 45179
25509 46524
25510 27174
25510 38269
25511 34851
25511 40757
25511 40856
25514 34617
25514 35796
25514 36978
25515 27292
25515 28874
25515 34113
25519 28096
25519 31024
25520 30125
25522 47344
25524 31849
25524 38621
25526 27898
25526 42553
25527 37879
25528 26519
25528 34422
25528 43409
25530 40071
25530 42468
25532 33752
25532 37922
25532 43649
25533 28880
25534 31706
25534 38499
25534 41767
25534 48005
25536 37627
25536 40432
25537 35700
25541 45769
25544 39587
25548 26739
25549 30635
25549 34975
25551 41510
25552 29837
25552 42896
25553 30574
25554 27324
25555 35132
25556 31802
25556 47162
25557 38125
25561 44937
25562 45621
25563 36468
25566 27059
25566 41461
25568 40788
25569 35980
25570 45150
25571 28947
25572 44102
25573 27817
25573 35084
25573 39816
25574 29026
25574 47355
25575 29405
25576 43306
25577 42380
25582 34691
25582 37999
25583 46233
25586 27029
25586 29009
25586 41898
25587 31989
25588 25762
25589 36751
25591 33569
25592 41278
25592 43415
25592 44103
25593 45793
25595 27042
25595 33601
25595 44139
25596 30819
25598 35850
25598 38723
25598 46712
25600 49076
25601 35347
25602 39381
25602 41463
25605 45460
25607 33641
25607 48708
25608 49458
25609 34056
25610 32272
25610 40851
25611 32665
25612 29421
25612 31963
25612 42716
25614 37378
25614 43713
25615 30772
25615 36014
25616 42981
25617 34003
25618 34979
25620 38081
25622 35280
25623 27954
25623 37684
25625 32259
25625 37951
25626 29531
25626 38158
25626 48534
25628 43495
25629 36782
25629 36843
25633 25890
25633 40370
25636 27459
25638 36144
25639 25844
25641 48787
25642 39601
25642 44553
25643 28884
25643 32145
25644 26600
25644 27459
25644 28336
25644 38407
25646 33399
25647 33512
25648 47877
25651 36156
25653 47388
25656 29437
25657 29540
25657 37914
25657 40062
25658 36581
25658 39702
25659 35934
25660 35234
25660 42516
25660 43019
25662 32987
25663 33629
25664 41590
25665 40928
25667 35666
25667 45988
25668 31928
25668 34870
25670 31822
25671 38755
25672 44279
25673 43725
25678 26991
25678 44650
25679 41647
25680 30113
25680 31347
25680 33994
25680 43300
25682 31573
25682 49792
25683 48146
25685 45456
25685 47245
25686 29684
25686 30572
25686 37386
25687 25934
25688 29187
25688 38981
25691 29144
25691 34337
25692 34822
25693 28201
25696 36322
25698 45342
25700 32320
25702 36134
25703 46595
25704 39442
25705 28018
25705 36206
25708 31439
25709 32725
25710 47454
25713 40896
25714 35200
25715 35724
25716 47797
25716 48831
25718 38368
25718 41098
25719 40870
25720 28527
25720 32693
25720 35412
25720 49019
25722 31985
25725 38168
25726 35282
25731 32535
25732 35356
25735 48426
25736 34862
25736 49202
25736 49616
25737 28114
25737 38286
25738 41576
25739 25781
25739 48878
25739 49673
25740 48440
25741 43588
25743 37466
25743 49579
25746 46698
25747 27155
25748 27313
25749 28304
25749 36413
25749 38185
25749 40893
25749 47110
25750 46896
25752 31340
25753 45293
25754 42595
25755 39919
25755 40928
25758 28432
25762 26368
25762 46115
25763 48654
25764 29939
25765 31993
25765 33617
25765 36662
25766 27006
25767 41702
25767 48149
25769 29851
25769 38988
25769 42186
25770 39607
25771 26367
25771 38015
25773 41807
25774 39861
25774 47940
25776 37550
25776 45120
25776 48828
25778 29528
25780 38971
25781 33253
25782 38991
25783 26686
25783 28990
25783 43939
25783 44962
25785 28566
25786 38956
25789 34527
25790 36074
25791 37803
25791 43657
25793 38319
25798 48012
25800 46570
25801 38299
25803 41489
25804 30915
25805 33095
25805 44249
25807 31504
25808 26089
25808 43759
25809 39921
25809 46004
25810 39044
25810 49251
25811 45337
25813 33799
25815 30767
25816 28170
25817 43764
25818 37658
25819 32604
25819 35261
25821 35596
25821 39163
25821 46089
25823 26903
25823 27728
25823 31906
25826 45278
25828 28066
25828 37585
25828 40582
25833 39300
25833 45357
25836 31237
25836 46788
25838 39863
25839 27832
25839 31090
25839 34216
25839 34477
25840 36023
25841 30654
25841 46408
25842 29490
25844 32109
25847 44938
25848 30643
25850 42325
25850 44902
25852 33063
25853 44836
25855 26146
25855 27891
25855 36383
25855 40234
25855 44131
25856 28753
25857 27683
25857 31231
25857 31607
25859 42300
25862 38795
25864 47278
25866 32192
25868 41313
25869 31746
25869 44715
25870 40481
25872 44366
25872 45212
25872 46477
25873 28226
25874 27027
25874 28109
25875 38596
25875 40284
25876 33962
25876 49755
25877 31852
25877 32897
25877 42297
25877 43201
25879 46468
25879 46588
25880 33908
25880 39625
25880 45097
25881 33094
25882 35211
25883 37546
25884 26927
25884 49937
25885 25960
25885 34510
25885 38932
25886 40214
25887 30988
25889 36129
25891 29563
25892 35749
25892 39282
25892 43078
25893 26972
25894 49695
25902 34299
25903 31261
25904 41959
25906 30202
25906 43062
25906 46892
25908 48219
25909 36867
25909 47557
25911 25927
25911 30883
25911 37408
25912 42140
25914 27217
25914 34775
25915 42323
25917 36119
25918 27510
25918 48465
25919 29019
25919 43924
25920 43180
25926 28194
25926 48944
25927 31616
25927 40666
25927 49583
25928 29467
25928 42356
25928 42523
25928 47222
25930 36591
25931 27380
25931 36150
25932 29515
25933 31234
25934 48779
25935 28043
25935 45447
25936 31182
25936 36270
25936 42934
25938 43709
25938 48587
25939 34187
25939 34298
25939 43506
25942 34229
25942 44508
25943 41404
25943 43392
25944 32646
25945 44355
25946 49646
25947 27842
25947 28022
25947 41902
25948 36271
25949 26489
25949 34825
25949 39779
25951 32672
25952 42190
25954 44623
25955 36730
25956 46615
25957 29611
25957 31158
25957 48195
25959 28668
25960 31542
25960 44251
25960 45226
25963 32049
25963 49882
25965 35952
25966 27729
25966 39917
25967 27340
25967 33196
25967 34261
25969 33284
25970 44642
25971 34529
25971 36284
25972 45404
25974 31618
25974 39995
25974 40233
25974 41030
25974 49331
25976 37587
25976 44684
25977 34352
25979 32900
25979 35675
25979 41402
25981 46141
25981 47409
25981 49961
25983 29868
25986 31797
25986 48474
25987 26091
25988 41094
25988 46163
25989 29024
25989 35938
25989 38874
25989 39283
25989 43103
25990 37601
25990 45120
25991 43939
25995 33507
25995 46299
25997 28204
25997 29998
25999 27062
26000 45335
26001 32376
26001 49985
26005 30267
26006 34693
26006 35335
26006 47597
26007 43309
26009 27930
26009 36392
26010 26231
26012 36043
26014 34771
26014 36351
26015 34597
26016 38123
26018 28573
26019 30969
26019 32181
26019 44050
26019 48238
26020 36232
26024 33630
26024 41872
26026 26713
26026 42070
26026 44019
26026 47557
26028 28941
26029 26783
26029 33158
26029 39168
26032 44860
26033 49047
26034 28220
26034 31028
26036 34691
26036 39811
26036 41965
26037 27060
26037 45288
26039 43096
26040 39461
26040 42115
26042 47310
26043 29196
26043 46297
26044 37010
26045 40942
26046 34593
26047 33730
26049 38893
26049 42622
26050 46736
26050 48503
26052 31746
26054 41412
26055 32200
26055 40751
26057 48029
26060 32004
26060 35631
26062 40632
26062 48343
26063 38328
26064 39323
26066 34898
26069 34284
26070 32365
26070 37586
26072 34302
26074 42877
26075 29477
26075 31776
26076 31015
26077 31341
26077 38014
26078 28296
26079 29966
26079 33998
26080 41086
26081 36094
26085 32535
26085 40949
26086 30853
26086 33977
26089 29110
26089 37765
26090 29919
26090 43032
26092 30208
26092 36040
26092 37042
26092 48523
26093 37718
26093 49514
26095 33705
26096 46141
26097 28672
26097 29827
26098 29952
26101 43571
26101 45720
26105 27796
26107 35978
26107 38400
26108 31542
26108 40131
26111 42099
26112 27413
26112 42637
26113 26807
26114 29927
26114 37291
26114 37856
26114 40131
26117 30970
26117 33769
26117 41945
26117 47186
26118 27862
26120 42889
26121 32963
26121 39709
26126 45896
26129 31305
26130 28317
26130 46214
26131 44822
26132 40973
26133 38240
26133 46404
26134 38726
26138 37294
26139 43541
26140 43055
26140 49226
26143 33104
26143 33600
26146 29338
26146 29600
26146 41435
26147 49227
26148 34584
26150 34809
26151 27188
26152 44751
26152 45687
26153 30445
26153 35964
26155 28998
26156 42046
26156 42656
26157 43323
26158 36290
26158 47064
26159 44111
26160 33311
26160 38959
26161 33730
26162 27049
26164 28292
26164 33170
26164 39723
26165 35601
26166 30030
26166 46657
26167 31359
26167 36183
26168 33128
26170 27792
26170 37456
26170 47796
26172 31680
26172 33296
26174 40073
26174 40666
26174 40741
26175 45062
26175 45481
26175 45692
26176 26990
26179 37469
26181 28135
26181 31966
26181 34769
26181 44455
26182 32240
26184 34178
26184 38591
26185 40502
26185 41349
26186 35075
26188 35270
26189 45158
26190 31522
26192 32473
26192 33223
26192 43254
26193 46346
26194 41727
26194 42544
26194 46200
26195 39732
26196 27835
26197 29628
26197 35898
26198 34470
26198 48545
26199 29554
26200 29765
26200 36666
26200 47999
26201 32201
26201 39720
26202 31662
26202 34065
26204 32442
26204 38425
26204 48313
26206 39659
26207 34282
26207 43567
26208 42084
26209 48577
26210 37252
26210 42684
26211 29185
26211 40161
26212 28996
26213 39020
26213 43171
26213 46249
26214 29567
26214 31133
26214 43947
26215 38571
26216 30923
26216 43222
26217 49510
26218 44607
26218 46509
26219 31467
26219 32220
26219 47065
26220 33239
26222 27089
26222 47979
26222 48252
26226 41014
26226 49919
26227 44257
26227 47541
26228 32938
26230 28094
26230 49650
26231 42792
26232 29136
26232 33855
26232 35006
26232 35585
26232 44765
26233 42240
26234 49670
26235 28695
26235 37164
26235 42471
26236 32489
26236 39933
26238 29126
26238 32820
26238 44653
26239 40008
26239 48636
26240 30180
26240 45693
26240 46980
26243 27828
26244 28942
26244 40299
26244 41940
26245 31436
26245 37796
26248 43654
26250 35177
26251 36184
26252 31245
26252 44794
26253 37829
26256 32099
26256 37351
26258 47167
26259 33005
26261 34647
26261 38350
26261 44313
26263 28361
26263 34390
26266 35486
26267 29183
26267 30810
26267 31592
26267 43916
26268 33883
26268 37206
26268 38293
26268 43281
26273 43451
26274 31377
26275 32237
26275 43710
26276 46070
26276 46918
26277 27137
26277 41017
26279 30992
26280 33273
26281 46189
26282 48388
26283 31270
26283 36492
26283 37122
26285 45111
26286 42851
26286 43685
26287 35857
26288 36065
26288 37039
26288 40123
26290 46154
26290 49173
26294 44205
26296 31543
26296 41277
26297 29107
26297 38360
26298 47202
26300 40765
26304 34237
26307 29315
26308 40212
26312 40434
26312 47888
26315 27762
26321 41101
26323 40618
26324 27850
26324 40785
26325 42753
26327 46894
26328 41125
26329 30664
26329 37568
26332 40164
26334 40217
26334 44279
26335 39419
26335 49861
26336 37829
26337 27503
26337 45975
26343 28237
26343 36714
26344 43408
26345 38093
26346 27834
26349 34560
26349 37775
26349 42401
26349 48374
26351 27527
26351 46044
26352 31896
26353 41083
26353 46893
26354 28942
26354 35222
26354 35473
26355 38876
26355 39549
26358 41208
26360 30853
26360 32537
26361 31843
26363 44355
26366 32195
26366 35807
26367 39089
26368 28357
26368 37761
26370 29650
26370 31500
26370 32200
26370 38892
26370 41650
26372 27680
26372 32212
26372 33021
26373 48340
26374 33622
26377 33064
26377 38116
26378 42049
26381 37780
26381 41959
26383 41867
26385 27138
26385 34025
26385 42082
26386 29342
26387 39177
26388 34622
26390 37183
26390 37403
26391 28428
26391 29796
26392 27160
26392 36919
26392 40642
26393 32688
26393 49604
26394 48405
26395 31773
26395 34892
26397 32177
26397 35231
26398 35398
26399 47557
26400 34469
26400 38608
26401 34901
26401 48453
26402 46437
26406 28831
26406 30947
26406 44847
26409 31873
26411 31436
26412 34099
26413 30358
26413 35327
26413 40995
26414 33416
26415 32139
26415 35794
26417 34965
26417 39503
26417 45745
26419 48623
26422 35331
26422 47903
26423 34933
26423 40482
26424 34369
26426 36605
26430 33384
26430 43359
26430 49329
26431 29980
26431 34092
26431 37050
26432 43931
26434 35572
26435 43752
26436 31873
26436 39754
26438 36888
26439 36526
26439 40801
26440 32615
26440 41340
26441 45009
26443 41070
26444 35456
26444 44347
26446 49347
26448 42019
26448 45550
26448 48426
26450 35412
26453 44913
26454 27970
26454 41188
26457 29154
26457 33122
26458 34701
26458 44269
26458 45948
26458 47113
26462 39134
26463 35234
26465 28175
26466 33277
26468 32413
26469 28742
26469 30572
26470 36148
26472 43667
26473 28231
26473 44186
26474 42943
26477 43531
26478 28635
26478 45252
26479 35817
26482 28612
26482 43917
26484 35848
26484 49512
26486 38797
26486 39255
26487 44536
26488 37387
26489 31518
26489 41986
26492 38684
26493 33327
26495 42315
26495 44139
26496 48125
26498 41742
26500 36188
26504 28079
26504 33543
26505 37333
26506 26606
26508 49804
26509 28313
26509 39506
26510 47355
26512 31489
26512 38608
26515 32959
26515 37830
26516 30867
26517 35907
26517 36367
26517 38299
26518 26872
26518 28707
26518 42478
26519 38638
26520 42149
26522 34002
26522 39961
26522 46232
26523 42797
26523 46568
26524 42445
26524 45845
26527 49529
26528 46488
26530 47723
26532 32000
26532 47373
26534 29445
26535 35150
26535 40270
26537 29605
26537 36272
26537 40714
26537 45952
26538 42236
26539 36560
26540 27183
26540 46733
26541 26646
26542 34353
26543 37410
26543 39631
26543 44684
26544 29439
26545 34607
26546 38849
26546 39104
26546 40884
26547 34382
26548 30008
26548 34523
26549 43371
26550 32202
26551 37622
26551 38786
26552 31245
26553 47429
26556 29248
26557 47826
26558 31190
26559 39664
26559 46076
26561 33411
26562 42689
26563 33399
26563 40906
26565 29006
26568 35938
26568 48503
26570 43678
26573 34115
26573 46995
26575 28039
26576 40147
26576 48139
26578 34090
26578 47688
26580 29327
26580 34199
26582 42636
26583 32160
26584 27418
26584 30709
26585 31276
26585 39389
26586 39029
26586 42900
26586 43482
26589 45684
26593 27797
26594 28519
26594 39480
26594 44726
26595 38460
26600 31994
26601 40452
26601 42280
26602 46517
26603 33978
26603 36191
26603 41176
26604 40445
26605 31392
26605 45156
26606 32452
26607 42501
26609 41120
26610 45360
26611 32347
26611 38468
26612 37519
26612 46554
26613 29826
26613 44279
26613 48748
26616 45241
26619 32500
26619 45556
26620 33066
26620 34186
26621 36910
26621 49825
26621 49954
26622 32472
26622 36440
26623 31182
26624 37800
26624 47891
26624 48683
26626 40382
26629 40084
26629 47335
26630 48998
26633 27446
26635 31318
26635 33407
26636 30946
26636 34874
26636 42876
26636 43157
26637 26810
26637 37211
26637 37718
26638 47584
26639 48670
26640 37586
26641 48266
26642 42450
26643 34847
26644 35057
26645 35649
26648 40659
26649 28777
26649 36349
26650 46720
26652 30411
26652 39358
26652 40630
26652 45778
26653 33057
26653 46750
26655 36043
26655 48367
26656 41713
26657 31375
26658 43206
26660 46547
26662 46982
26663 33929
26664 31017
26664 43609
26666 32943
26667 35938
26668 32436
26668 47176
26670 48880
26671 49190
26673 31216
26673 33418
26673 46494
26676 47199
26678 37212
26681 39167
26681 44138
26682 37810
26682 42246
26682 49823
26683 42655
26684 37658
26686 39654
26687 27094
26687 31119
26687 36834
26689 32432
26690 26860
26694 36216
26694 40383
26695 31669
26697 39703
26698 38000
26698 38667
26698 44616
26699 40954
26699 42004
26699 45500
26700 35666
26700 41110
26700 49605
26701 43193
26703 27239
26704 29399
26704 43895
26705 28371
26706 34697
26707 36681
26711 39872
26713 29107
26714 28823
26714 35149
26714 41137
26716 40031
26716 42264
26717 45214
26718 40071
26718 49811
26720 44002
26721 32280
26722 28246
26723 43985
26726 30027
26727 33090
26727 38260
26727 47809
26730 35452
26731 46941
26732 34320
26733 35921
26733 47100
26735 47680
26736 32769
26738 34417
26738 43370
26739 41823
26740 41531
26744 27504
26744 32672
26744 45918
26744 46194
26747 36110
26747 44119
26750 40222
26751 27224
26751 29958
26752 28223
26752 29301
26754 36269
26754 39209
26754 44561
26756 43708
26757 36392
26757 42782
26759 40991
26759 41725
26761 27649
26761 42430
26761 44408
26762 30451
26762 44592
26762 45919
26763 29546
26763 36677
26765 41556
26765 47918
26767 42131
26768 40692
26770 32937
26772 33238
26774 27108
26774 35162
26774 41855
26775 37480
26777 34624
26778 33621
26779 28718
26780 47184
26781 44487
26783 48403
26785 47598
26787 40328
26787 40631
26788 29347
26788 33696
26788 39859
26789 47484
26791 43436
26791 49950
26792 29129
26792 33800
26795 36096
26795 37445
26796 28588
26796 29519
26796 35683
26797 26907
26797 30764
26797 39692
26797 43953
26799 37981
26799 48747
26802 37000
26802 40435
26803 41975
26803 46783
26804 33810
26806 41082
26807 35183
26808 44803
26808 46443
26808 49014
26809 30937
26809 34678
26809 35511
26809 38004
26809 47394
26810 33681
26810 40383
26812 41237
26813 43876
26815 42764
26815 44930
26816 43849
26817 31899
26817 33711
26817 47226
26818 43079
26818 46324
26820 29256
26820 34014
26820 45424
26821 45300
26822 40185
26825 32777
26827 44274
26830 44240
26831 44063
26831 49798
26832 32866
26833 31053
26835 28389
26839 38273
26840 29641
26842 39893
26846 32853
26850 39739
26850 45025
26852 44114
26853 28040
26853 35197
26854 32672
26855 27370
26855 31967
26856 36806
26860 29422
26862 33342
26862 36733
26863 31077
26864 29037
26866 30302
26866 42696
26868 33974
26868 37503
26868 43837
26869 34213
26869 45536
26871 35110
26872 28982
26872 44673
26873 32690
26873 34013
26874 36904
26874 45652
26876 27760
26877 43275
26878 27370
26878 42107
26879 38790
26881 40482
26881 45739
26881 48071
26885 36027
26886 35862
26887 47679
26888 42467
26889 41622
26891 31384
26891 44627
26893 28434
26893 34267
26895 47201
26896 30276
26896 36815
26896 42289
26897 30579
26897 35736
26897 36651
26897 41809
26898 49891
26900 36075
26900 39068
26901 27301
26903 40264
26906 34266
26907 47429
26909 43457
26910 43392
26912 28923
26912 46954
26913 28560
26914 31149
26916 27288
26917 27901
26917 37084
26918 39674
26918 48654
26922 42992
26923 30679
26923 44940
26924 31150
26926 45907
26927 46374
26928 37880
26928 39331
26928 44000
26929 33547
26930 34140
26930 42430
26930 43993
26932 36009
26933 30941
26936 32154
26937 48483
26943 48498
26945 35559
26946 29446
26946 30860
26946 38201
26947 28433
26947 42059
26948 38713
26948 42973
26949 28312
26949 47202
26951 28215
26953 26992
26953 32621
26954 35748
26954 47141
26955 37887
26956 32324
26956 34404
26956 41246
26958 32061
26958 35664
26961 36114
26962 46978
26963 43974
26964 43776
26965 35332
26967 45698
26968 40688
26974 42800
26976 46605
26977 40171
26977 47111
26979 32412
26982 38671
26983 48143
26984 31317
26985 42228
26986 27820
26986 34075
26987 47869
26988 47145
26988 47675
26988 47858
26989 36814
26990 27651
26990 39467
26991 27954
26991 29022
26991 30906
26991 49453
26992 28752
26992 29712
26992 30345
26992 42258
26993 44036
26994 30231
26994 48113
26995 38131
26997 37152
27000 47760
27001 48171
27002 39968
27002 47432
27004 47602
27006 45266
27006 46330
27009 42727
27010 27633
27010 31319
27011 40629
27011 41289
27013 46280
27014 49110
27016 27286
27017 46535
27019 41584
27023 46903
27023 49653
27024 34101
27025 47252
27030 36661
27032 27138
27032 38110
27032 39009
27034 42077
27036 30121
27036 35351
27036 36024
27039 27565
27040 27255
27040 32085
27042 40947
27045 40385
27048 28222
27048 40995
27048 44534
27048 45138
27049 33535
27052 38381
27053 35108
27053 45002
27054 41963
27054 47997
27057 36348
27057 44259
27058 39614
27059 36384
27060 27509
27060 32894
27062 40993
27063 41466
27063 42432
27065 49276
27066 33632
27068 34443
27069 46072
27069 47863
27070 47929
27071 31293
27072 30800
27072 44886
27073 43284
27074 29306
27074 36794
27074 44198
27074 44769
27074 45704
27075 34983
27075 42880
27075 47096
27077 41674
27078 29455
27079 40895
27079 43824
27079 47495
27080 40991
27082 46506
27083 38503
27083 44696
27084 47888
27085 35971
27087 32467
27087 40896
27087 47120
27089 30234
27089 35818
27089 41224
27089 42728
27091 42748
27091 49797
27098 38915
27098 40662
27099 27320
27100 43325
27100 44356
27103 29864
27104 39656
27104 42240
27105 41980
27108 42728
27108 49212
27109 28166
27111 29788
27112 38898
27113 49408
27114 31876
27114 38661
27116 43639
27116 46773
27117 49464
27118 36015
27119 48972
27119 49107
27120 34579
27120 36893
27122 42134
27122 48236
27123 35823
27123 47447
27124 47628
27124 47880
27126 30747
27126 38550
27127 38404
27127 49576
27128 31972
27128 35245
27130 34927
27130 36596
27130 40319
27130 46464
27133 42203
27134 44036
27134 46057
27134 47450
27136 43022
27136 44965
27138 32149
27140 27488
27140 42464
27141 32831
27141 39774
27141 45456
27143 38254
27144 37407
27144 40066
27145 46340
27145 47781
27146 29980
27146 41479
27148 30066
27148 44096
27149 49641
27152 38495
27154 48918
27157 36644
27157 46034
27158 40315
27158 42671
27159 28271
27159 42855
27160 45020
27163 37410
27163 38658
27163 44330
27163 49225
27164 37584
27164 39863
27165 48782
27167 32465
27171 34486
27171 48179
27172 45220
27175 47279
27175 49792
27177 34582
27178 41457
27179 27286
27179 43698
27180 27610
27181 40377
27182 34349
27184 35486
27184 36040
27184 36128
27185 29360
27185 43696
27185 49113
27186 38767
27186 39507
27188 35911
27188 47177
27189 36482
27190 34514
27190 47396
27191 44912
27192 42328
27194 30680
27194 38365
27195 31219
27198 31004
27199 39640
27199 39954
27199 40764
27204 46510
27206 46512
27209 37181
27210 43740
27214 35901
27214 43675
27214 44151
27217 27607
27217 42970
27218 32707
27218 37602
27219 31149
27219 42563
27219 44852
27220 28065
27221 37925
27227 36848
27227 44518
27227 49824
27229 38469
27229 49597
27230 41665
27230 45931
27232 33302
27233 39191
27234 31343
27234 40854
27235 32497
27236 28944
27238 35585
27239 34251
27239 47823
27241 33880
27241 40390
27242 34341
27242 48992
27243 28364
27243 43104
27243 43485
27245 49635
27250 38880
27250 48221
27252 47368
27252 48707
27255 41727
27258 31349
27258 41914
27259 42002
27259 47944
27262 31266
27267 37050
27268 29399
27269 33078
27270 39316
27272 34963
27273 33558
27277 28331
27279 28751
27280 33703
27281 49035
27282 30580
27282 38373
27282 38512
27282 49308
27283 39292
27284 33575
27285 48426
27287 28929
27291 27315
27291 32390
27291 36096
27291 40003
27292 35407
27294 31345
27295 31043
27297 46157
27298 27566
27299 35246
27302 31261
27302 37897
27303 38339
27304 43613
27304 45978
27304 48649
27305 32750
27305 37786
27306 30099
27306 31593
27307 28048
27307 41321
27308 30094
27308 41410
27308 45434
27310 46857
27312 42247
27313 39626
27315 45354
27318 31580
27321 30928
27321 44896
27322 37860
27324 32637
27327 42048
27328 28696
27329 37824
27329 40114
27331 39123
27332 35601
27336 32492
27336 40100
27337 46708
27337 49778
27339 31941
27339 37319
27340 40718
27340 41266
27342 29458
27342 31196
27342 43926
27344 47128
27344 49367
27346 29835
27346 43798
27347 33755
27347 40725
27348 27732
27348 32524
27348 33172
27349 33441
27349 37420
27352 31869
27353 28816
27353 34664
27354 30475
27354 48609
27357 32479
27357 35509
27357 48061
27359 27927
27359 45344
27360 49299
27362 34529
27362 37686
27363 41279
27364 30230
27366 30665
27366 38238
27366 38912
27367 39079
27368 47676
27369 43703
27370 49908
27371 44127
27372 40005
27374 43132
27376 30747
27376 32217
27377 47461
27377 48905
27381 37479
27381 42036
27385 27527
27386 36605
27386 37682
27386 49018
27387 46678
27389 37213
27394 27558
27394 37518
27395 45840
27397 38875
27397 45803
27399 48843
27399 49608
27400 40593
27401 40864
27403 30842
27405 46582
27407 47447
27408 30263
27408 39328
27408 49427
27410 27603
27411 34112
27412 30161
27413 39604
27415 32336
27415 35625
27415 46790
27416 45060
27417 31505
27417 47798
27420 49172
27421 39417
27422 43359
27424 46808
27425 36707
27426 29979
27426 33199
27426 39101
27427 31209
27427 43310
27429 35090
27429 35986
27432 35683
27435 45249
27436 40054
27441 34929
27442 37272
27442 43877
27443 28860
27446 30826
27447 38708
27447 38745
27448 27804
27452 28941
27452 33353
27453 29630
27453 39860
27455 37893
27457 34798
27457 49280
27458 45939
27462 27695
27462 48089
27464 34455
27465 30407
27466 36957
27466 37656
27467 37835
27468 43169
27469 32071
27471 44014
27471 45659
27472 48610
27473 31774
27474 29844
27476 40130
27477 30399
27479 38382
27479 45089
27480 39706
27480 44116
27480 49887
27481 46831
27483 40990
27485 45547
27486 27686
27488 27867
27488 39614
27491 35692
27491 37404
27491 49822
27496 45430
27496 45568
27499 39653
27501 27610
27501 48339
27503 30415
27503 38956
27503 48869
27505 40929
27507 37089
27507 48762
27508 49425
27512 30758
27512 30861
27512 32746
27512 34972
27512 38884
27513 31642
27513 34895
27521 33734
27523 29550
27524 44611
27524 46801
27525 31840
27526 37948
27528 36958
27529 39698
27530 30701
27531 31747
27532 31736
27532 49722
27534 27574
27534 37707
27535 42205
27536 31789
27536 49880
27537 36524
27537 40290
27538 33596
27538 36622
27539 41039
27541 31617
27541 34072
27542 30069
27542 46466
27545 38378
27545 49683
27546 45997
27548 42041
27549 43618
27550 43995
27550 45160
27551 40966
27552 38250
27552 42281
27553 30450
27554 40318
27557 44729
27557 45130
27559 33976
27560 32310
27560 48189
27561 29837
27561 31190
27561 40999
27561 41077
27561 49043
27565 37179
27566 41495
27567 36012
27568 28995
27569 47831
27570 37581
27570 42468
27570 46760
27571 37097
27573 30574
27573 36911
27575 29966
27575 45818
27575 46253
27576 36208
27579 30377
27579 37728
27579 44136
27582 36469
27584 32962
27585 31225
27585 39999
27586 34238
27586 45130
27590 40756
27591 30297
27592 49066
27593 30186
27594 32399
27595 44478
27596 37344
27598 44494
27599 30927
27599 49349
27600 35178
27601 40420
27606 27756
27607 34759
27608 41178
27610 28027
27610 47287
27610 47728
27612 38388
27612 39309
27615 46591
27616 38283
27616 47955
27621 37757
27621 40466
27623 42231
27624 27921
27624 33920
27625 28555
27625 30367
27625 37996
27625 39301
27627 29629
27627 42762
27628 28597
27628 38200
27629 28983
27629 37476
27632 38453
27633 27691
27634 43540
27635 29917
27636 43203
27638 31364
27638 42479
27639 33974
27639 39238
27639 40121
27640 30146
27643 47265
27644 28516
27644 32466
27645 37178
27645 38179
27645 42906
27645 45632
27646 49973
27647 37207
27648 27902
27648 30014
27648 37060
27650 44708
27652 29443
27654 45469
27655 37469
27659 28039
27661 38051
27661 49161
27663 34956
27664 49783
27665 31775
27665 47030
27665 49671
27667 42477
27670 39273
27671 35272
27671 44118
27673 35622
27674 39728
27675 41046
27676 29339
27676 33371
27677 34842
27677 39471
27679 42394
27679 44014
27680 30400
27680 38652
27681 39253
27682 28194
27683 48645
27685 34003
27685 46352
27686 39272
27692 48930
27693 31678
27693 44373
27695 35765
27695 47597
27696 43822
27696 49077
27699 30532
27699 39076
27700 32046
27700 40685
27701 48456
27702 28692
27704 28138
27704 35757
27704 39020
27705 46764
27706 36581
27708 33019
27708 33786
27709 28914
27710 47850
27711 34065
27715 38930
27716 41744
27717 34217
27718 34349
27718 47072
27719 31848
27719 48346
27721 43046
27721 45092
27723 28497
27723 33397
27725 33011
27726 34979
27727 32783
27729 41881
27729 42786
27729 45702
27730 32580
27730 46808
27730 47617
27731 46789
27733 34248
27736 41809
27736 42005
27740 44088
27741 42860
27742 30728
27742 36852
27742 40496
27743 34912
27743 41201
27744 38835
27745 33113
27749 30732
27750 28920
27750 40286
27751 42088
27751 45946
27754 28632
27755 43168
27757 36825
27758 48210
27759 35426
27759 40864
27760 29306
27760 45435
27760 46326
27763 39192
27764 45747
27766 37098
27766 44049
27769 49271
27771 32338
27774 40522
27775 28630
27776 33198
27776 36860
27776 37929
27776 46955
27777 31735
27781 37212
27782 29386
27783 37660
27785 35501
27788 29245
27790 46605
27791 40687
27793 32845
27793 32871
27794 39523
27795 42519
27795 44059
27798 36807
27799 33745
27800 30524
27800 36671
27805 45138
27807 44095
27807 45254
27809 33659
27809 40830
27811 46424
27812 30951
27812 34337
27814 40503
27815 39279
27815 49567
27817 38138
27817 45323
27819 28798
27819 36855
27820 35959
27820 37952
27820 41038
27824 42175
27825 31530
27826 35136
27827 29129
27832 28304
27832 30886
27835 45645
27838 38568
27841 33555
27841 49221
27842 28724
27843 43920
27844 28904
27844 34340
27844 36903
27845 30170
27845 43294
27847 37231
27847 47048
27848 37963
27848 39335
27848 47065
27849 33157
27850 36699
27852 28407
27852 48203
27854 48578
27855 28377
27856 48084
27858 43124
27861 47217
27863 34499
27863 49750
27864 31500
27864 46010
27865 32530
27866 34917
27871 35416
27874 39361
27875 28202
27875 34379
27875 42523
27876 29177
27880 39341
27880 46703
27881 45478
27882 46228
27883 41990
27884 48532
27885 34782
27886 43664
27887 43507
27887 44440
27887 49236
27888 31862
27888 39608
27892 31248
27893 38880
27894 31501
27895 37004
27896 31144
27897 39336
27900 35748
27905 35323
27905 37522
27905 44162
27905 48923
27907 31901
27908 28927
27908 38504
27909 35256
27909 38203
27912 45514
27912 47618
27913 28330
27918 28136
27920 29752
27920 44003
27920 47727
27921 41829
27924 44836
27924 46960
27931 36055
27932 28912
27933 32992
27934 33631
27934 37381
27935 31036
27936 42007
27936 42824
27936 43612
27937 30182
27938 37294
27940 47862
27942 30169
27942 47703
27943 35997
27944 30170
27944 31994
27945 48371
27946 34597
27947 28660
27947 35927
27947 39925
27947 47216
27948 32820
27950 33444
27951 31805
27951 34232
27952 30623
27955 41759
27955 46381
27956 41461
27957 45827
27958 46522
27959 30667
27959 31729
27960 40313
27961 29489
27961 37127
27962 40448
27965 28817
27966 34234
27968 48897
27970 30343
27970 32605
27975 33368
27975 48165
27977 48858
27984 38144
27984 48538
27985 41144
27987 31923
27987 43525
27987 44545
27988 38129
27988 46018
27991 40615
27993 36292
27993 46778
27994 31282
27995 35544
27995 42118
27997 29231
27997 38746
28001 37627
28002 30264
28002 46926
28003 30910
28005 40098
28006 42372
28007 32029
28007 38085
28016 28852
28016 37719
28016 37953
28016 41201
28017 36159
28019 28126
28019 29976
28019 45625
28020 30049
28022 34010
28022 35323
28026 28839
28026 29071
28027 33096
28030 33138
28031 30333
28031 32908
28031 33268
28031 37129
28032 34189
28033 29220
28033 44939
28034 38675
28034 48707
28034 49418
28035 35962
28036 33330
28037 37332
28038 28161
28038 44522
28039 41664
28043 40346
28044 31048
28044 43682
28044 45621
28044 49264
28045 32953
28045 35612
28046 33418
28046 48074
28048 48472
28049 46095
28050 41481
28051 33921
28052 39473
28053 28997
28053 33354
28053 44151
28054 28170
28056 28135
28057 30119
28057 39651
28060 36883
28063 33047
28065 34231
28067 35059
28067 47038
28068 39667
28069 44000
28070 30573
28070 44745
28071 46697
28072 44832
28072 46376
28073 36150
28074 43923
28075 48930
28076 30707
28079 31662
28079 32734
28079 46338
28080 35639
28080 37145
28082 40180
28083 31693
28083 38696
28083 49818
28086 48394
28087 34790
28087 39613
28088 39815
28088 44678
28089 41802
28091 40448
28091 46452
28093 29623
28093 31235
28094 30468
28097 28440
28097 42086
28098 29342
28099 44093
28100 37674
28102 28803
28102 48770
28103 49158
28106 39526
28108 43924
28110 29997
28110 43304
28111 32276
28112 39691
28112 44205
28115 29553
28116 28770
28118 48037
28119 31146
28122 42933
28123 43738
28123 49828
28124 38938
28124 45415
28125 45483
28125 46222
28127 41325
28127 41975
28128 49194
28129 39275
28129 49597
28130 35603
28130 39970
28130 42625
28131 31511
28131 41899
28132 33521
28132 41767
28133 37910
28134 47289
28135 29320
28136 36004
28138 36080
28138 37273
28138 40433
28139 28318
28139 41861
28140 39272
28142 49738
28144 32363
28145 43621
28146 33273
28147 28877
28147 38084
28149 33751
28151 41920
28154 40472
28154 45968
28155 41062
28156 28573
28159 49322
28160 43240
28160 43597
28160 46901
28160 48002
28160 48265
28161 44785
28165 32483
28166 43480
28166 49242
28167 43756
28168 34116
28169 31635
28169 37580
28173 48588
28174 41384
28174 43927
28177 43323
28177 44105
28183 28457
28183 37897
28183 44450
28183 49606
28185 37173
28186 33441
28187 42772
28188 30544
28189 48825
28191 49247
28192 46068
28193 37635
28193 42124
28196 28361
28196 29587
28196 34138
28197 34841
28204 31685
28204 37733
28204 47491
28205 29856
28205 42048
28206 47169
28208 39618
28210 48026
28211 36665
28212 39625
28213 47475
28215 48703
28217 45679
28218 33340
28219 44050
28220 36072
28222 32565
28223 44440
28224 29764
28224 38408
28224 39136
28226 29105
28226 30112
28226 30279
28226 34376
28227 30607
28227 32347
28227 35872
28228 29925
28229 44452
28229 45692
28231 33440
28235 33481
28235 35959
28235 39441
28235 43736
28236 31514
28236 49943
28239 34310
28239 35720
28241 30008
28242 36424
28243 41432
28243 47511
28244 35403
28247 29129
28247 32621
28247 33341
28247 37514
28248 32192
28251 30554
28253 30437
28254 39470
28255 31011
28255 31965
28257 37295
28258 38819
28259 41919
28261 32056
28262 39164
28262 49092
28263 39993
28263 44722
28266 38934
28266 44666
28267 32489
28272 32988
28272 49452
28273 41287
28273 41595
28274 34896
28274 42417
28278 45546
28279 32433
28279 47053
28280 29914
28282 41175
28283 32439
28283 35974
28283 37935
28286 43771
28286 44455
28287 34125
28288 29387
28292 31449
28296 48654
28297 30592
28297 44910
28302 46439
28303 44513
28303 46172
28305 30187
28305 35705
28305 47907
28309 29538
28314 41541
28315 45158
28315 48345
28316 37927
28317 30824
28321 46951
28322 43547
28323 37239
28323 40355
28324 29927
28324 44701
28325 44177
28326 49628
28327 33406
28329 39175
28329 49418
28330 34763
28330 34880
28333 38971
28337 31005
28340 48366
28342 35067
28342 42583
28343 29512
28347 31143
28347 44748
28348 48459
28349 41161
28351 44869
28354 34027
28355 29982
28356 30966
28360 41635
28361 43885
28362 49586
28363 33220
28363 37391
28363 48230
28365 33927
28367 31868
28367 44845
28370 46609
28373 47124
28377 30098
28382 45087
28383 42928
28384 45224
28389 45247
28390 30691
28392 33682
28394 46020
28394 49537
28396 40276
28396 46340
28397 36021
28397 40869
28398 33328
28398 36179
28401 39314
28404 28594
28405 32699
28405 41413
28405 48306
28406 46411
28407 45946
28409 35139
28411 46109
28412 42801
28413 43687
28413 43764
28413 46322
28413 48542
28414 31463
28414 32537
28415 37559
28417 38057
28417 39220
28419 46670
28420 37182
28422 38664
28425 34623
28425 37494
28426 44901
28429 40129
28430 31042
28431 38021
28432 44588
28433 31193
28434 47909
28435 47322
28438 37243
28441 47586
28444 44397
28445 30645
28446 31115
28446 47971
28450 33935
28450 41904
28452 37229
28453 44116
28453 45986
28454 44825
28455 29749
28455 29763
28456 28763
28456 48013
28456 48253
28457 38742
28459 47219
28460 36123
28461 35383
28461 47871
28464 41245
28466 35853
28466 37510
28467 31941
28467 37806
28467 38817
28468 32106
28468 44568
28468 48507
28472 40011
28472 49395
28475 37861
28476 37691
28476 46704
28477 32998
28477 46666
28478 34840
28478 46287
28479 38675
28480 33329
28480 35991
28481 45311
28482 31213
28484 29735
28485 28790
28487 41236
28487 46822
28489 41170
28490 39444
28492 45768
28493 41376
28495 30142
28497 39575
28497 43116
28499 36527
28502 37191
28504 41686
28505 30701
28506 43949
28507 40889
28507 43391
28509 37612
28509 49294
28510 31330
28513 43383
28516 45988
28518 28665
28518 29033
28519 39913
28520 36122
28522 42633
28522 45376
28522 48989
28523 45681
28525 42792
28526 36933
28526 42027
28527 34570
28527 37830
28528 28634
28529 31090
28529 31810
28534 49512
28536 43512
28536 43727
28537 39185
28537 39653
28538 28977
28538 45369
28539 47969
28541 35839
28542 48295
28545 40462
28546 39290
28548 48489
28549 33928
28549 42935
28549 48870
28550 40039
28552 37297
28552 45644
28553 29610
28554 48101
28555 42441
28558 34771
28559 48340
28560 33416
28560 44189
28562 49000
28563 30181
28563 40730
28565 49175
28567 34287
28567 47502
28569 32645
28570 33293
28571 48176
28571 49201
28572 33385
28573 42135
28574 33443
28574 49183
28575 33999
28575 39366
28575 40997
28576 35254
28576 47594
28577 28773
28580 30452
28581 29213
28581 32963
28581 44476
28582 28739
28583 46378
28584 37643
28585 41235
28585 43968
28587 44693
28588 34199
28589 29084
28590 30466
28590 35327
28590 38691
28590 49580
28591 32232
28591 40497
28592 31084
28595 40920
28595 41057
28595 44371
28596 30012
28596 43608
28597 43034
28599 36482
28600 35698
28600 37289
28600 38803
28602 43480
28604 34444
28604 46154
28604 47162
28605 44648
28605 45252
28606 41618
28606 47378
28607 33037
28608 46956
28610 35412
28612 49198
28614 29940
28614 39922
28617 36389
28617 46451
28617 48717
28620 33219
28620 41658
28621 41050
28622 34128
28623 31386
28623 43611
28624 36135
28625 29414
28626 37207
28628 31487
28628 47764
28629 38599
28631 33943
28631 48726
28632 44895
28633 49327
28634 36960
28634 38562
28634 38910
28634 41319
28638 29151
28638 32939
28638 37919
28638 44332
28640 41356
28642 35458
28645 31103
28645 38951
28646 40171
28648 31892
28648 47310
28651 30900
28651 32941
28656 37608
28658 34941
28658 46791
28659 34929
28659 40812
28661 39989
28662 45182
28662 47013
28665 40310
28667 43650
28667 44521
28667 45323
28668 39527
28673 40962
28675 39243
28676 36395
28677 42432
28678 32634
28679 29748
28681 43447
28682 37405
28685 47552
28687 41458
28687 43203
28691 48573
28692 36455
28692 41911
28694 36224
28695 44284
28701 42876
28701 47071
28701 48787
28702 48912
28704 43348
28707 40260
28707 41510
28707 43878
28709 39760
28709 48347
28711 42900
28714 40977
28714 49548
28715 42644
28717 37667
28717 40440
28718 36848
28718 41837
28720 33700
28721 45829
28722 46681
28723 32175
28724 35236
28724 40330
28725 39983
28726 31236
28728 34956
28728 46585
28730 32549
28731 47465
28732 37680
28733 44133
28734 47084
28735 49201
28736 33144
28736 39938
28736 46506
28738 35960
28738 37263
28738 46694
28739 35378
28744 35845
28745 45222
28748 35493
28749 36282
28749 40904
28752 37704
28752 44040
28754 30449
28757 33945
28757 42834
28760 41427
28761 37764
28761 40029
28761 48778
28762 37530
28763 34323
28764 34406
28766 37377
28767 37914
28767 41326
28767 48231
28772 35282
28772 43240
28775 47694
28778 38438
28779 38302
28780 29280
28781 33841
28781 36168
28782 47057
28782 48064
28784 34671
28784 37515
28785 36699
28785 40975
28785 43906
28786 45744
28787 40485
28788 36475
28788 48391
28790 43728
28791 42175
28791 43463
28791 48638
28792 30851
28792 42400
28793 44483
28796 29963
28798 48921
28799 34556
28800 34091
28800 43489
28801 35002
28801 42255
28804 39702
28805 29022
28807 48576
28809 41161
28810 30119
28811 37427
28813 43653
28814 30256
28814 45335
28815 45913
28816 30029
28816 49627
28820 32134
28821 38351
28822 45475
28823 41543
28825 32673
28826 29133
28827 38112
28828 35565
28828 38930
28828 40284
28830 44357
28831 48283
28832 32128
28833 43872
28834 29975
28834 34765
28835 32465
28835 35051
28835 36499
28835 39472
28839 34411
28839 40530
28842 42592
28843 39421
28844 31902
28845 43706
28845 48753
28846 37092
28846 40420
28847 42597
28847 48570
28848 32101
28848 45414
28850 37964
28852 32394
28855 43387
28856 35170
28856 45486
28859 32759
28859 33344
28860 45824
28861 40024
28862 38634
28863 37168
28863 45230
28865 30061
28867 41510
28868 33790
28868 48796
28868 49707
28871 48097
28873 34835
28874 32586
28874 41407
28875 32769
28875 33205
28876 37284
28877 32194
28877 45363
28882 33561
28882 48140
28885 30260
28886 43549
28887 30517
28887 48216
28891 39761
28894 34515
28894 34930
28895 42551
28899 33336
28899 34555
28899 35295
28899 49899
28901 34396
28901 46093
28902 32817
28905 33305
28905 47478
28906 35507
28909 32772
28910 39532
28912 37114
28912 40933
28914 48134
28915 32170
28916 29174
28916 33004
28916 33077
28916 40240
28917 37549
28920 35196
28924 30009
28924 40047
28927 34574
28929 47235
28930 47397
28931 37343
28931 39366
28931 48495
28933 29753
28933 33968
28939 29475
28939 35251
28940 38118
28940 40626
28941 45862
28942 40444
28943 40482
28944 31119
28945 40391
28946 31418
28949 36815
28950 29902
28950 30533
28951 42964
28951 44134
28954 35518
28955 37308
28955 37952
28955 38138
28955 44504
28956 40922
28962 34533
28962 45253
28963 33037
28963 33170
28964 38181
28965 36210
28966 38718
28966 43216
28968 38066
28970 35836
28970 42741
28971 33051
28972 34977
28973 46956
28974 39866
28976 35087
28976 35730
28981 34530
28984 38188
28985 44794
28985 45269
28985 46976
28987 36237
28992 34044
28992 45813
28993 46194
28994 48950
28995 37912
28995 44564
28996 36956
28998 33579
28999 34913
28999 47445
29000 47506
29001 36680
29002 39629
29003 30059
29004 43634
29004 48605
29008 47277
29013 31446
29015 32455
29016 29596
29018 38032
29019 38614
29020 48300
29021 40519
29022 41203
29024 34058
29025 30748
29026 40165
29029 29742
29031 32112
29031 35999
29031 48977
29032 41128
29033 29383
29033 41997
29035 47511
29036 34801
29037 31557
29037 39356
29037 44221
29038 30316
29038 33485
29039 30666
29039 40320
29042 37149
29044 34621
29044 34794
29044 38819
29047 33008
29047 45190
29048 43679
29051 41483
29053 42378
29058 29363
29059 39265
29059 41784
29061 42047
29061 44483
29062 36808
29062 43844
29062 48406
29063 41992
29064 38945
29065 48419
29066 47710
29067 31079
29067 31692
29067 48513
29072 30740
29073 33858
29073 38947
29075 49143
29079 45175
29082 29291
29082 34757
29082 44985
29083 34265
29084 38554
29084 38752
29084 42338
29086 43121
29088 42856
29088 43653
29090 34382
29091 35344
29092 48775
29093 32186
29094 33127
29094 42087
29094 42611
29094 46024
29095 31733
29095 34496
29099 43596
29103 31737
29105 39792
29106 29193
29106 45721
29106 47342
29108 38882
29108 49346
29109 31535
29109 38619
29110 33577
29110 35847
29110 44589
29111 34810
29116 35727
29117 42641
29118 34220
29119 47339
29120 38340
29120 39983
29120 46135
29121 39194
29125 39339
29127 34501
29131 30614
29133 41228
29135 33251
29135 46430
29136 44976
29138 49357
29139 31400
29140 33569
29141 37840
29141 42200
29143 44261
29145 37572
29145 37753
29145 41509
29146 37816
29147 41689
29148 30071
29148 33907
29148 35786
29152 40305
29157 44754
29161 41613
29164 46119
29165 30417
29168 31577
29170 29557
29170 31662
29171 46871
29171 47982
29172 39980
29175 30677
29175 45886
29177 31159
29177 32333
29178 40867
29186 45229
29186 49538
29187 48082
29188 30512
29193 33756
29195 29866
29196 41551
29197 43666
29198 38445
29200 37954
29205 34346
29207 35909
29212 30757
29213 33768
29213 44558
29215 35518
29215 41040
29217 39592
29217 45416
29218 45116
29219 47545
29219 49814
29220 43525
29220 43904
29220 46008
29221 34628
29223 32618
29223 33308
29224 37496
29226 38719
29226 42849
29227 38249
29228 40575
29229 30253
29232 29448
29233 45004
29235 41899
29236 35947
29236 49463
29238 48294
29243 42383
29245 32753
29245 39228
29245 48611
29246 33737
29246 33943
29248 32890
29249 46311
29249 49860
29250 37736
29251 40814
29251 44117
29253 40159
29253 41759
29253 46034
29255 45247
29255 49201
29260 40232
29262 46836
29265 40538
29265 42597
29267 46090
29267 46173
29269 30361
29270 42192
29270 42913
29273 31632
29273 32414
29275 37149
29278 35651
29284 39848
29287 37155
29287 46043
29288 49744
29290 32242
29291 31040
29292 33516
29293 33916
29293 49401
29296 38879
29296 39241
29297 39969
29298 49933
29299 40308
29300 29751
29302 30190
29305 32104
29305 41466
29305 44493
29306 42289
29309 29398
29309 47715
29310 44018
29310 44755
29311 48030
29312 32341
29312 37356
29312 49610
29313 42365
29313 49403
29316 39321
29316 47251
29317 48276
29318 41544
29318 42703
29318 44859
29319 43290
29320 37543
29328 41924
29330 41940
29331 45080
29332 42856
29333 40466
29334 33409
29335 46230
29337 30969
29338 32962
29338 42900
29340 38200
29342 32814
29344 43662
29345 40442
29348 44154
29349 32570
29350 45805
29350 49745
29351 36501
29351 49680
29353 36851
29354 30012
29356 36358
29359 31546
29360 33737
29360 39052
29361 38080
29363 43814
29363 48432
29365 47368
29366 37833
29367 47949
29371 34089
29372 40457
29372 40750
29372 43650
29372 48572
29374 40366
29374 42552
29374 49436
29375 49158
29376 37225
29377 36555
29378 46610
29383 30143
29383 34754
29385 44969
29385 45353
29392 45608
29393 34035
29399 46207
29403 31841
29403 42273
29408 41534
29409 37862
29412 33872
29414 32081
29414 40359
29414 47994
29415 33532
29416 37492
29419 48257
29420 35987
29429 47369
29430 43456
29430 48099
29430 49408
29431 35756
29432 36745
29434 30314
29435 30366
29435 30504
29435 43788
29437 29718
29437 43727
29440 42333
29441 36095
29442 41163
29442 41320
29442 47922
29444 45491
29445 45571
29447 30871
29448 45191
29451 32785
29451 44046
29452 36870
29452 40605
29452 45387
29453 43519
29456 37647
29457 37783
29459 34725
29459 39164
29460 48216
29460 49071
29464 33057
29465 29536
29465 33473
29467 40035
29469 31284
29469 39205
29470 35120
29471 46257
29471 48667
29472 32686
29475 44133
29477 32683
29478 30279
29480 30613
29481 36460
29481 40180
29482 33614
29482 38295
29484 31743
29484 32659
29484 40630
29487 48322
29490 30950
29490 43182
29492 35112
29493 30774
29494 40063
29495 32241
29495 32908
29496 45625
29496 47620
29498 31960
29498 42485
29499 33370
29500 34475
29500 37263
29501 44397
29503 32591
29503 49846
29505 39476
29506 35428
29506 35733
29506 37386
29506 40720
29508 46893
29511 30601
29511 38569
29511 48935
29512 30341
29512 37146
29513 32248
29513 35866
29514 37757
29516 30981
29516 33676
29516 42901
29518 30290
29518 43714
29519 33922
29519 43555
29519 47796
29520 31286
29520 47980
29523 49008
29524 33443
29524 36596
29525 36995
29525 47651
29527 48510
29529 40011
29530 37947
29531 32636
29533 45419
29534 47980
29538 30766
29540 35400
29544 29716
29544 33804
29546 35475
29546 41870
29547 49337
29549 32538
29549 44156
29549 45442
29551 46355
29554 33772
29554 36266
29554 45769
29555 39716
29558 42596
29559 48706
29562 40272
29563 48749
29565 31603
29567 36827
29569 36650
29570 36632
29570 41477
29574 44338
29575 38481
29578 30643
29580 43257
29581 36455
29581 36798
29581 49101
29582 34116
29582 35078
29583 49468
29584 46772
29585 36884
29585 48093
29587 38286
29588 34315
29589 43729
29590 33645
29591 47833
29592 31707
29593 30077
29593 31685
29594 30709
29594 35572
29595 39737
29596 39167
29601 39615
29601 48381
29602 35761
29602 48794
29603 35447
29603 38441
29603 47651
29604 34518
29606 39287
29606 43227
29607 33108
29607 44154
29608 41381
29608 48059
29609 39926
29610 41463
29613 29676
29614 31227
29615 32303
29615 35002
29615 47472
29615 48644
29615 49585
29616 47148
29619 45025
29619 49278
29620 39391
29620 42696
29626 34724
29628 35844
29629 46239
29629 47358
29631 38192
29632 36004
29635 30457
29635 32649
29635 40015
29636 48994
29642 33902
29642 42555
29643 39624
29644 38991
29645 42203
29647 32708
29647 39600
29647 40830
29648 33982
29648 36173
29648 43113
29648 43329
29648 44164
29648 45723
29652 43742
29653 49671
29655 37657
29657 31670
29657 40160
29658 39007
29660 38648
29660 48829
29663 31291
29663 39091
29665 29667
29668 32271
29668 33938
29678 40688
29678 44878
29681 34067
29681 46774
29683 45627
29685 33565
29685 42636
29686 46069
29687 32760
29688 47780
29690 31633
29692 39572
29693 34305
29696 31467
29696 44135
29699 38175
29701 47060
29702 33367
29702 39123
29705 49613
29707 35100
29707 49448
29711 42992
29711 49670
29713 34207
29714 32741
29717 34254
29726 30853
29726 47016
29727 37806
29727 45894
29728 49123
29730 39452
29730 41144
29731 32700
29732 43397
29733 35379
29733 37276
29733 45295
29734 45041
29736 36107
29743 36866
29743 43718
29743 49086
29744 35747
29745 48671
29746 45714
29747 44647
29747 46215
29748 30446
29749 36653
29751 33568
29752 45847
29753 38011
29754 48186
29754 49882
29755 32730
29757 30507
29757 40883
29758 30727
29758 32705
29759 35845
29761 30617
29761 37600
29762 40026
29762 42408
29763 43697
29765 49922
29769 45699
29769 47094
29771 34025
29772 42946
29773 43767
29774 49420
29775 33195
29777 30788
29778 34674
29782 48911
29784 37400
29785 29860
29789 41153
29790 36116
29790 43919
29790 48380
29793 39718
29795 42452
29795 47784
29796 40369
29797 35576
29798 40271
29799 41717
29801 31007
29805 37123
29805 38578
29808 48668
29812 30467
29812 33980
29812 45678
29813 34893
29813 49158
29815 32600
29815 35681
29816 42202
29816 49494
29820 35917
29821 32011
29821 45703
29824 37596
29824 42868
29825 34503
29825 39930
29826 30732
29831 32997
29832 30263
29832 31395
29833 33677
29835 45179
29838 34857
29838 37917
29842 49598
29845 35221
29846 31306
29850 29979
29850 33719
29851 38466
29852 31083
29852 47272
29854 42750
29855 34460
29855 49953
29856 32282
29856 43120
29857 38107
29859 32103
29861 31901
29861 35777
29862 36283
29864 33410
29865 34047
29865 35137
29865 47428
29866 31165
29867 32868
29867 45464
29871 32269
29871 39902
29872 42422
29872 44893
29873 34607
29874 32977
29874 34046
29877 38187
29877 39036
29878 37301
29878 40611
29880 44094
29881 30966
29882 30764
29882 43931
29884 32084
29884 43306
29886 30357
29888 42083
29890 33481
29891 30133
29891 40622
29892 37191
29894 38410
29896 34842
29896 47329
29897 41725
29898 39442
29898 44819
29899 34126
29902 31121
29902 36858
29903 37550
29903 45371
29903 46656
29904 43192
29908 45192
29909 48961
29912 43844
29913 36726
29915 37657
29915 38022
29916 42289
29916 47831
29917 42748
29917 45575
29918 35314
29919 41572
29919 49750
29920 40743
29922 47435
29925 34973
29925 36992
29926 47770
29927 31045
29927 45055
29928 36737
29928 45549
29929 30724
29929 37338
29930 30485
29931 41961
29933 45797
29936 48142
29937 41962
29940 48863
29943 33996
29943 43420
29943 46169
29944 39586
29944 46124
29944 47530
29950 46278
29951 38132
29951 40252
29952 34177
29953 36991
29953 40581
29957 45019
29958 37367
29959 37594
29959 38204
29960 41361
29961 30145
29962 45045
29963 35677
29963 42806
29965 31167
29966 32019
29966 42077
29969 31523
29969 45411
29974 36135
29976 45396
29980 38713
29980 48308
29981 38188
29982 40399
29985 47756
29986 39055
29988 33297
29991 31282
29994 33875
29994 36733
29994 45221
29996 33222
29996 41502
30001 31561
30002 35339
30004 46269
30004 48625
30008 47726
30011 31816
30011 44708
30011 45831
30011 47606
30012 39657
30013 39050
30017 38497
30017 40999
30019 37313
30019 47766
30020 39096
30021 42603
30022 44902
30023 33498
30026 39783
30027 33988
30028 37870
30030 41484
30033 40330
30033 47834
30034 46864
30034 47840
30036 33136
30037 38489
30037 39967
30038 48647
30039 32485
30040 40055
30041 42872
30041 46241
30042 47484
30044 38779
30046 42595
30047 38327
30047 49589
30049 45421
30050 34575
30052 41667
30055 32960
30055 47828
30056 31175
30056 37793
30056 43563
30059 36246
30063 32157
30063 36470
30068 33307
30068 46539
30070 45085
30071 33603
30073 31463
30074 45430
30075 35334
30076 38999
30077 37540
30078 35124
30080 35671
30080 42534
30080 49649
30081 44415
30083 33174
30083 39242
30084 37828
30086 45040
30086 48955
30088 37409
30089 34348
30090 33490
30091 42224
30092 34188
30093 49716
30094 36907
30094 40599
30095 46131
30098 40255
30098 41178
30101 48107
30102 41550
30102 43901
30102 45103
30105 30357
30105 45267
30105 49932
30106 38230
30106 47302
30107 32963
30107 34372
30107 44143
30107 46652
30108 33782
30108 42081
30108 42777
30111 47761
30112 39039
30112 48241
30113 34194
30114 38430
30115 30633
30115 32726
30115 41524
30115 43512
30116 35651
30116 41236
30117 40229
30122 34340
30123 34985
30124 33582
30128 33706
30128 39463
30129 31955
30129 37015
30129 40318
30130 47134
30134 42514
30135 38199
30138 33957
30139 30157
30139 31409
30139 41904
30140 34608
30141 34221
30142 34103
30144 31035
30147 37151
30150 33919
30150 48316
30151 45995
30154 42607
30155 40827
30156 45231
30159 31232
30160 32163
30161 30892
30161 33003
30161 41932
30165 36735
30175 40879
30176 38504
30176 49473
30177 42763
30185 34743
30187 34376
30188 36926
30189 41534
30190 42488
30191 35918
30192 33309
30192 40757
30193 48491
30194 45998
30194 47636
30195 45308
30197 35515
30197 48105
30200 35428
30200 36792
30203 31547
30205 43674
30209 41582
30212 40482
30214 41701
30219 45686
30220 33854
30220 40095
30222 32073
30223 33230
30223 43551
30223 48724
30226 44823
30228 43438
30229 39674
30234 35024
30234 45850
30235 42183
30237 48038
30238 47575
30238 48635
30239 35044
30242 30664
30243 30970
30244 36063
30244 40269
30245 42637
30247 46408
30248 39835
30248 40423
30251 35944
30251 37092
30252 36808
30253 32244
30253 45529
30258 42799
30260 44943
30263 39170
30265 45688
30266 41810
30267 34795
30267 44556
30267 47190
30271 42080
30271 45496
30274 38295
30279 38270
30280 47797
30285 46230
30286 43734
30287 43766
30289 36329
30289 49541
30291 41369
30291 46905
30292 37502
30292 43841
30295 35455
30297 35661
30297 38886
30301 45739
30302 47335
30305 35972
30311 45468
30313 46973
30315 49026
30320 32586
30321 34101
30321 35268
30321 43703
30322 43865
30322 44059
30323 46172
30324 37888
30324 38166
30324 39582
30324 42180
30325 34246
30325 43028
30329 31299
30331 32760
30335 33080
30335 42933
30335 44885
30336 35044
30338 44411
30338 44966
30339 43963
30340 44673
30342 31231
30344 31268
30344 47044
30345 36072
30346 46299
30348 41080
30348 49921
30349 34731
30351 37307
30353 35465
30354 31838
30355 44615
30356 35749
30356 45895
30364 43908
30366 41283
30368 49572
30369 38981
30369 49223
30370 33432
30370 39716
30374 32263
30374 47035
30375 40463
30378 48868
30379 32078
30379 40679
30380 36697
30381 31002
30381 32887
30381 40707
30382 35733
30382 46924
30384 39376
30385 37167
30386 43028
30388 31491
30388 41775
30390 31819
30391 39673
30391 46586
30392 37155
30393 33539
30395 30597
30397 39200
30397 48069
30398 37898
30400 40873
30404 49522
30405 32524
30405 36197
30405 42559
30407 43831
30407 47975
30408 42385
30408 45768
30409 37813
30409 47104
30410 43762
30411 49598
30412 35368
30412 48247
30417 30697
30418 48199
30420 37206
30422 35867
30423 30443
30424 47990
30426 36274
30429 37159
30429 47879
30431 49281
30432 44566
30433 46729
30434 42148
30434 43784
30434 44203
30436 35553
30438 37758
30439 34207
30439 44100
30440 49697
30441 46788
30442 36499
30443 40015
30446 42054
30447 43049
30449 31974
30450 30847
30450 37028
30453 42423
30454 37593
30455 47237
30456 39005
30456 39434
30456 45972
30458 39262
30459 39858
30460 31647
30463 37052
30463 40727
30464 39151
30465 33543
30468 38128
30469 33904
30470 40700
30470 46522
30471 40341
30471 42925
30473 35993
30474 46130
30475 42824
30476 35206
30476 39769
30476 44094
30476 45590
30477 30916
30477 41899
30481 34096
30481 45948
30482 36249
30486 39186
30487 37508
30488 35400
30492 47604
30493 38847
30495 31564
30495 37302
30495 40472
30496 33476
30496 40858
30496 49658
30497 38860
30497 41093
30499 34056
30500 36921
30502 44855
30504 31699
30505 42057
30505 45929
30506 32990
30506 34210
30507 40790
30510 38782
30511 38540
30511 39129
30511 48790
30512 31554
30513 36196
30515 47245
30520 43831
30522 40163
30523 42407
30525 39891
30525 47909
30526 34721
30528 31119
30528 33421
30528 49282
30532 36804
30533 33857
30534 31338
30535 38492
30538 42081
30538 49341
30543 37880
30544 37926
30545 34497
30546 41232
30547 35331
30550 42427
30552 31700
30552 32120
30554 36130
30555 30564
30555 36701
30556 41692
30557 40818
30558 36445
30558 47859
30560 31862
30561 33271
30561 49008
30563 39624
30566 43764
30567 32689
30567 40498
30570 49319
30575 42543
30577 39739
30582 32313
30583 45912
30584 30961
30584 48272
30585 48113
30586 42091
30587 36932
30587 47399
30589 34168
30592 30650
30593 49790
30594 30909
30597 49710
30599 45371
30599 49469
30601 49271
30602 43293
30604 32947
30604 43320
30606 44588
30607 37642
30607 49958
30608 31835
30610 42898
30610 46235
30611 41226
30611 48740
30613 48285
30614 45015
30616 36316
30617 45332
30618 35613
30619 41170
30620 36320
30620 48610
30626 41144
30627 48151
30629 39840
30630 34032
30631 38964
30632 37184
30633 49288
30634 37743
30634 39304
30636 45765
30638 42972
30638 44694
30639 37199
30639 48330
30640 34809
30640 40576
30640 45811
30641 31730
30641 45835
30643 43993
30643 45370
30643 47172
30645 31934
30646 34664
30646 49866
30648 30750
30649 48425
30650 38852
30651 34805
30655 34862
30659 40604
30661 33976
30661 47961
30662 33315
30663 46764
30663 49310
30667 49475
30668 34727
30668 41942
30672 47142
30674 33893
30674 40864
30676 45450
30677 36538
30678 39770
30679 38186
30681 39840
30684 34765
30685 32184
30686 47839
30687 31473
30687 35955
30688 47383
30689 45618
30695 30781
30695 41056
30695 49049
30697 30929
30697 38193
30697 41803
30699 32952
30700 42644
30703 40200
30703 49990
30704 33096
30707 33814
30707 48723
30708 49033
30710 32248
30712 45536
30718 44234
30720 30723
30720 45394
30720 46756
30721 33129
30722 32758
30722 38025
30722 39682
30722 46901
30725 31805
30727 49008
30730 34878
30730 45089
30730 46733
30733 32239
30739 45224
30740 44227
30743 42036
30747 35846
30750 49723
30751 40192
30751 49478
30752 45750
30754 46839
30755 31402
30755 33000
30756 30903
30758 35397
30758 44335
30759 40520
30762 39540
30762 40379
30765 34907
30766 35654
30770 40284
30772 39509
30773 31399
30774 44496
30778 43143
30779 36899
30781 39118
30782 31545
30783 32188
30783 33575
30789 43598
30790 48242
30791 31442
30791 36490
30794 31414
30799 41432
30801 37558
30801 38033
30802 40173
30802 42684
30803 36172
30805 37945
30806 45417
30807 31265
30807 36548
30810 33726
30811 32671
30811 45413
30813 44864
30814 34615
30814 36677
30816 39491
30816 49077
30817 45256
30820 37547
30821 43160
30821 44793
30821 46725
30822 40259
30824 31918
30828 45910
30836 40715
30836 40920
30838 42514
30838 45129
30838 48097
30841 31572
30843 38156
30845 43084
30846 33645
30847 35748
30848 32232
30848 39681
30849 40417
30852 40142
30853 45720
30855 34806
30855 38808
30855 45059
30855 48817
30856 48913
30857 43470
30857 46064
30862 44504
30864 41254
30864 45194
30867 45111
30870 34386
30871 48919
30874 48776
30878 33124
30878 34132
30878 40966
30881 48796
30881 49158
30881 49683
30882 33493
30882 36671
30884 34618
30884 35031
30886 42547
30890 40080
30892 35573
30895 31269
30896 31524
30896 35669
30896 45622
30899 38096
30900 46879
30901 35251
30903 47946
30903 48153
30904 34628
30905 46498
30907 34616
30907 39162
30908 44519
30909 39460
30909 46376
30911 38452
30912 33426
30912 34920
30912 40156
30914 33273
30922 40610
30924 46629
30925 49442
30930 48553
30932 46115
30934 37281
30936 42786
30939 37584
30939 40583
30942 47195
30942 49126
30943 48529
30944 38000
30945 42341
30945 49218
30949 40673
30950 32624
30951 42427
30951 45754
30952 43772
30953 44031
30953 49326
30955 40880
30956 41839
30956 42855
30958 35628
30959 45906
30961 31986
30961 36651
30961 46996
30961 48627
30963 34213
30963 47829
30964 35400
30966 39311
30967 31684
30967 34663
30968 31480
30971 38879
30973 31803
30973 32604
30973 49527
30974 34823
30974 38139
30975 42919
30978 45807
30979 43795
30980 38264
30980 39224
30980 46379
30981 36319
30981 47298
30982 38041
30982 38101
30982 42213
30985 42210
30989 47995
30990 33475
30991 35749
30992 34119
30993 38164
30994 38967
30995 41158
30996 31844
30996 47324
30999 31545
31000 32053
31001 43536
31002 44117
31002 46802
31004 33581
31005 46405
31006 41295
31006 45573
31007 37452
31008 32014
31008 36296
31008 48458
31009 34105
31009 35518
31009 44510
31011 46642
31011 48356
31012 38747
31013 39109
31015 47555
31018 37540
31018 46734
31019 39376
31020 48475
31023 38583
31024 31146
31024 37802
31024 44855
31027 36186
31028 34412
31029 44470
31038 36367
31041 42896
31044 39729
31044 44801
31045 46963
31046 44900
31047 36218
31047 38557
31047 47688
31049 48792
31051 36288
31051 46411
31053 45108
31054 38331
31055 40607
31057 35610
31057 48741
31058 41147
31059 38831
31063 39679
31064 34528
31066 43142
31066 45683
31067 35248
31067 43377
31069 46349
31071 36629
31073 45783
31076 43782
31079 46668
31081 44311
31081 46150
31083 44435
31085 43951
31087 35030
31087 40811
31090 35358
31090 40562
31090 49284
31090 49873
31091 42466
31092 48690
31095 48644
31096 44232
31099 44453
31100 34624
31100 49450
31102 39441
31104 40341
31104 44133
31104 47059
31109 37050
31110 37794
31114 48323
31115 33896
31115 36492
31115 46535
31116 36005
31116 42650
31116 46419
31117 44891
31120 42115
31124 36838
31128 49434
31130 33868
31135 36204
31138 38259
31142 38641
31142 40479
31142 42716
31143 31536
31143 33951
31143 37832
31144 31710
31145 37032
31145 39177
31145 41713
31147 47900
31148 44596
31152 33231
31152 34387
31155 36808
31156 36642
31156 36871
31156 49858
31158 46426
31159 35571
31160 37692
31162 45903
31162 47531
31164 39578
31164 44894
31165 40013
31165 47117
31169 41024
31172 36896
31172 41140
31172 48501
31173 38264
31174 37921
31175 47213
31178 45425
31181 33351
31182 47253
31183 33624
31184 41969
31184 45148
31186 37781
31187 34552
31191 35009
31191 37459
31192 31758
31193 39519
31193 45375
31193 47386
31194 45284
31195 38784
31195 39964
31198 39754
31198 42355
31199 37647
31200 36475
31201 35954
31203 36639
31203 47021
31204 32565
31204 38601
31204 39767
31205 46701
31209 39220
31209 48843
31210 49460
31211 37959
31214 31633
31214 48203
31216 42131
31218 49906
31220 41100
31221 35170
31222 38934
31222 39903
31223 33855
31223 37995
31225 36765
31225 42857
31230 37674
31234 41085
31236 38332
31237 48840
31239 34821
31239 35408
31240 46450
31245 34034
31247 49568
31250 33826
31250 42458
31251 37358
31251 39988
31252 44661
31255 35659
31256 36069
31258 36453
31258 38920
31262 45455
31265 43581
31267 33703
31267 43969
31268 45732
31270 33555
31270 46582
31274 33916
31278 37104
31278 39384
31278 40913
31278 45817
31280 33723
31281 41683
31288 49191
31290 33415
31291 40353
31291 47121
31293 44785
31294 33277
31294 47476
31294 49517
31297 42903
31298 34166
31298 37007
31298 42354
31299 47201
31300 47306
31304 40024
31304 44936
31305 44889
31306 43831
31306 45963
31307 31642
31308 32212
31308 39767
31308 41700
31311 43836
31317 43519
31317 43911
31319 40777
31320 35823
31321 44694
31321 45884
31322 49925
31323 45157
31330 36646
31331 42957
31332 36340
31332 45859
31335 35352
31335 36250
31335 46285
31336 35084
31337 32799
31337 39257
31342 35215
31343 41816
31346 46174
31348 35915
31352 42171
31354 40749
31355 35729
31355 39442
31355 40267
31356 36525
31357 40087
31358 34203
31361 37084
31364 33400
31365 46546
31369 42329
31370 46332
31378 31447
31379 47272
31380 32978
31381 33993
31382 43744
31382 46847
31383 33786
31383 37951
31383 40673
31383 43542
31386 42638
31387 46430
31388 42146
31390 45578
31390 46193
31391 33606
31393 38727
31397 41590
31398 32350
31401 34548
31401 49262
31402 31916
31402 46408
31403 36352
31405 39322
31405 46603
31406 31986
31406 32848
31407 38340
31407 48015
31408 36669
31409 38484
31409 44963
31411 37931
31412 45302
31414 32537
31416 36804
31417 37073
31417 41451
31418 38979
31418 40650
31419 36276
31419 49750
31420 42333
31423 45803
31426 34950
31429 44980
31431 40656
31432 40636
31432 47068
31434 37776
31434 47629
31435 42564
31437 34558
31438 34340
31441 32493
31443 46613
31445 36380
31446 49214
31447 33871
31447 49646
31449 36329
31451 40650
31453 37744
31453 48665
31458 34156
31460 45469
31463 42407
31464 34567
31464 41607
31466 35968
31468 44742
31469 43053
31472 39422
31472 49170
31473 38503
31476 34542
31477 46762
31477 48517
31478 37687
31478 46428
31479 41785
31480 33294
31480 34092
31482 41197
31482 48799
31485 32683
31488 38462
31489 44801
31489 48932
31491 36963
31491 40865
31492 41004
31492 49877
31493 38079
31494 36878
31496 34444
31496 41964
31497 48862
31499 48989
31500 43409
31502 45593
31505 37876
31509 47420
31513 31884
31513 36349
31513 38497
31514 37945
31514 38393
31515 46969
31516 36703
31520 35468
31521 48932
31523 43175
31525 33279
31526 37117
31527 33414
31528 35270
31529 33974
31531 36096
31531 49909
31531 49981
31533 45440
31535 34635
31537 40108
31537 40183
31537 42801
31537 42934
31537 45052
31539 33270
31541 46442
31541 47725
31542 33047
31544 49816
31545 42006
31545 49027
31550 38368
31550 49138
31551 40245
31552 44250
31552 48977
31553 33347
31553 35558
31553 46415
31554 33839
31556 32620
31556 40810
31556 48120
31557 47337
31562 40265
31563 32451
31563 46636
31566 35565
31571 43076
31575 38817
31576 39261
31577 47848
31579 32813
31580 41175
31581 36043
31581 38116
31582 39040
31583 35761
31583 43688
31586 37771
31587 43133
31588 36307
31589 48752
31590 49226
31594 33053
31597 36058
31597 41043
31599 34112
31601 36205
31602 45967
31604 43376
31605 42540
31607 41196
31613 43036
31614 43912
31618 44181
31620 49234
31622 41629
31623 37679
31625 37022
31625 39723
31625 47284
31626 35026
31627 32240
31629 44171
31631 36563
31635 45706
31638 36992
31639 33455
31639 45425
31639 49389
31640 37427
31640 46023
31642 32041
31642 32365
31642 42508
31644 33128
31644 36220
31645 34543
31645 49346
31649 49164
31651 37711
31652 46434
31652 48641
31653 40345
31653 47992
31655 45714
31655 49784
31656 32783
31657 37174
31661 39180
31661 45724
31662 49304
31664 36809
31674 36351
31674 37743
31676 32480
31676 46212
31678 35955
31679 39509
31679 44081
31680 43082
31681 41138
31681 44523
31684 34987
31685 39768
31685 44622
31685 49259
31693 46758
31695 40804
31695 47233
31696 49294
31697 33672
31699 45416
31700 45940
31701 32896
31703 49004
31706 31879
31706 48007
31706 48458
31709 32077
31710 33100
31710 40570
31711 38931
31711 49767
31712 43668
31713 32146
31714 38182
31717 35531
31717 36775
31717 42376
31718 43559
31720 43870
31720 45336
31722 42841
31723 38340
31724 43502
31725 38838
31726 48365
31727 45608
31728 45589
31728 47458
31737 35685
31739 49389
31740 40758
31740 46084
31740 46230
31742 33745
31745 37003
31745 38166
31746 37500
31748 49766
31749 45343
31751 49191
31753 34771
31753 36158
31753 47656
31755 34949
31756 34764
31756 43312
31756 44572
31756 45093
31758 39335
31758 48773
31758 49967
31759 39574
31759 40621
31760 33160
31761 38715
31761 46902
31761 47162
31762 41126
31763 38279
31766 41629
31767 36797
31768 36868
31768 38685
31769 35284
31770 41919
31770 43607
31771 36695
31772 38972
31772 45356
31775 46173
31776 46504
31777 37060
31778 31883
31778 36930
31779 37392
31781 44191
31781 46216
31783 43245
31784 41493
31785 39446
31786 32101
31787 43481
31792 36024
31795 38905
31799 35296
31799 39152
31799 48325
31799 49688
31802 49211
31804 34839
31806 44105
31806 49574
31807 44877
31809 42376
31810 40125
31812 43123
31812 45157
31818 42082
31819 33428
31819 34901
31822 34978
31824 44941
31826 36572
31826 41217
31827 41755
31829 37126
31829 41281
31830 45117
31834 40925
31834 48349
31837 32435
31837 46861
31841 32503
31845 49588
31846 32243
31846 47511
31848 40236
31849 39441
31850 36164
31852 32653
31855 44599
31858 48122
31859 32034
31859 48400
31860 41621
31862 32246
31862 44765
31864 37216
31865 39806
31865 47532
31866 32083
31867 44316
31869 33343
31870 40498
31871 43755
31872 34439
31877 39558
31877 42192
31878 48457
31879 35540
31879 43931
31880 48707
31883 45866
31884 36245
31884 46102
31886 33663
31886 37615
31886 48852
31887 40516
31889 34394
31890 32209
31890 33742
31891 34162
31893 38656
31893 47829
31893 47864
31894 36471
31895 41312
31898 34245
31898 37386
31898 39515
31899 32655
31900 34833
31901 49050
31902 36064
31903 32250
31911 39615
31911 39955
31921 42205
31922 47768
31922 48351
31924 34678
31925 47386
31927 35327
31929 40849
31931 45540
31935 40970
31935 41020
31935 43978
31935 47204
31940 42434
31942 33728
31945 34866
31946 41953
31947 32781
31947 48540
31951 36518
31953 48427
31954 42137
31957 48651
31960 33678
31960 34185
31960 40529
31962 39795
31965 46622
31966 34728
31966 47651
31969 34000
31969 47576
31970 37435
31976 37893
31977 34602
31979 32984
31980 36509
31982 32802
31983 44516
31986 39179
31987 36733
31987 46156
31988 46699
31989 35563
31989 37570
31989 47194
31990 41402
31990 48070
31992 36085
31998 35361
31999 44389
31999 46824
31999 48297
32000 38009
32001 42803
32001 49212
32002 48809
32004 44125
32005 37020
32006 40048
32007 41878
32010 35839
32010 38605
32011 44852
32011 49176
32014 47153
32015 33583
32017 39221
32020 38270
32020 42884
32021 32509
32024 39928
32024 41339
32025 35745
32025 37809
32027 42285
32027 47011
32028 33109
32028 39934
32032 48346
32033 47894
32034 46797
32036 40259
32037 41584
32038 44912
32038 49755
32040 42027
32048 32941
32048 36548
32048 39064
32050 39066
32051 44182
32056 39429
32059 43185
32060 32861
32061 34131
32061 42750
32064 32179
32064 42933
32066 36742
32067 45461
32068 34225
32068 36099
32068 48116
32069 43263
32071 48116
32071 48613
32073 32235
32073 49834
32078 44888
32086 40932
32086 40944
32087 42207
32088 38485
32088 41480
32089 48316
32091 44149
32092 37281
32099 37740
32099 39927
32100 37782
32101 37031
32101 37145
32102 49866
32103 33716
32103 46289
32105 38461
32106 37396
32107 38004
32108 39711
32110 48750
32111 37166
32111 46813
32113 42380
32114 49802
32115 37423
32115 46248
32117 48311
32118 42560
32119 47035
32120 39702
32122 45421
32122 46713
32123 39359
32127 35373
32127 43522
32128 40638
32129 40963
32130 45396
32132 35017
32132 40613
32134 46027
32135 48151
32136 40110
32136 42102
32136 48377
32139 41940
32147 38680
32147 47701
32148 36003
32150 47706
32151 34876
32153 44653
32154 47538
32155 40677
32157 40758
32157 48260
32158 44198
32158 49977
32159 49049
32160 39641
32161 40170
32161 45793
32162 36935
32165 33899
32165 49626
32166 49002
32167 35503
32167 40257
32167 48960
32168 37313
32168 46704
32170 43234
32171 35418
32172 41593
32173 38163
32173 42348
32174 35467
32175 34372
32176 41559
32179 34007
32180 45111
32180 46920
32182 33748
32183 40919
32184 36029
32184 41829
32187 49186
32188 43898
32188 44953
32190 32453
32191 34592
32191 37491
32191 37596
32191 37715
32193 32868
32196 44856
32198 37926
32201 48407
32202 37178
32203 36620
32204 36582
32204 40000
32205 32648
32205 35516
32210 46357
32210 48998
32211 42219
32213 34197
32214 35519
32214 39530
32215 43791
32217 39914
32218 36116
32218 39244
32219 44109
32220 36303
32223 37679
32223 38786
32223 47721
32225 34384
32225 46692
32229 48401
32231 39591
32231 46156
32232 34508
32237 40421
32238 45547
32240 49471
32241 41393
32241 42690
32244 36787
32246 32708
32248 42664
32250 44532
32251 34817
32251 46531
32253 38794
32254 39212
32254 45768
32255 42516
32257 36336
32257 46187
32263 44330
32264 44784
32265 32731
32267 40226
32267 48055
32268 41083
32269 32785
32270 49218
32273 44150
32274 38371
32275 45407
32276 38201
32276 42369
32276 43665
32276 47032
32276 49028
32278 35890
32278 40609
32281 34526
32283 39793
32283 46982
32285 45664
32288 39627
32288 45136
32290 44131
32291 32360
32292 38687
32293 32570
32293 49409
32294 38315
32296 48723
32299 36044
32308 41925
32308 45602
32309 40513
32309 47064
32310 41575
32311 38796
32313 37323
32315 33729
32317 39720
32318 32496
32318 47414
32319 32971
32320 36044
32321 34049
32321 40494
32321 47859
32326 35633
32326 37913
32326 45281
32329 45015
32333 38462
32334 35869
32336 44384
32337 45321
32340 38550
32340 39356
32340 40086
32340 45618
32340 48701
32342 45010
32342 47044
32343 39347
32343 43614
32345 40383
32347 35781
32348 49823
32349 33157
32355 36787
32360 46904
32361 37194
32364 33214
32366 38873
32368 37811
32368 38089
32370 35535
32371 47998
32372 45926
32373 40009
32374 34640
32376 33093
32377 34451
32377 34799
32377 45173
32381 45852
32382 42146
32382 42670
32385 37674
32386 41595
32389 47175
32391 37063
32394 46279
32395 32414
32395 45325
32395 47680
32399 48344
32400 39683
32404 43242
32408 43385
32411 37890
32411 43653
32411 47887
32413 42051
32420 47275
32421 42058
32421 43882
32424 38709
32426 46644
32428 32455
32429 34788
32430 36515
32431 40672
32431 48012
32432 40465
32434 32715
32437 33353
32437 40661
32438 42249
32442 47491
32444 46436
32445 44073
32448 33220
32448 49322
32452 39516
32455 49098
32463 43255
32464 45281
32466 37124
32467 34373
32469 35200
32470 36259
32471 35990
32471 39802
32473 40301
32475 41779
32475 42666
32476 41973
32477 40187
32477 43775
32478 32872
32478 42583
32478 48005
32480 34680
32482 41959
32483 42932
32484 46737
32485 38663
32486 37172
32486 46530
32488 36097
32489 41481
32490 33718
32491 47262
32492 43013
32493 33141
32494 38504
32496 49987
32497 34646
32497 37360
32499 37749
32500 38648
32500 38745
32504 49256
32506 38638
32506 46970
32509 43004
32509 48202
32510 35889
32512 48196
32514 37624
32515 37790
32516 40519
32517 33131
32517 40610
32517 46176
32517 46233
32518 41276
32519 35105
32519 48375
32525 41323
32525 46082
32527 39502
32527 41957
32528 33640
32529 48079
32530 34435
32530 36341
32532 39148
32533 37537
32535 47378
32541 32648
32542 46057
32546 45242
32550 39905
32555 49986
32556 37111
32556 43426
32557 34296
32558 41035
32559 34597
32559 36261
32559 49973
32560 39506
32561 49294
32563 43178
32565 39469
32565 46944
32566 49862
32570 34589
32574 48923
32575 33842
32575 40540
32576 34182
32576 36037
32577 34895
32577 37876
32578 35323
32578 47027
32578 48939
32579 47770
32581 36079
32587 37673
32588 49439
32589 33988
32590 37027
32591 42036
32592 33328
32592 38993
32600 37963
32601 34909
32602 33441
32602 35006
32603 33004
32607 42159
32608 43452
32609 41658
32610 41010
32614 44714
32617 36371
32620 44146
32622 45888
32627 37901
32627 44019
32627 47739
32633 32996
32633 38328
32635 33861
32636 37961
32636 47576
32647 48780
32648 45517
32649 33694
32650 48205
32651 40137
32652 36783
32652 45405
32653 33951
32655 34901
32655 44842
32655 48703
32657 44681
32660 45946
32666 35005
32667 32949
32670 43675
32670 48777
32672 41569
32672 46079
32676 34687
32679 37542
32679 44906
32680 47925
32680 48298
32682 36848
32682 38032
32682 39939
32682 41115
32682 45225
32683 41168
32684 33839
32685 47571
32686 39936
32687 47574
32689 40400
32698 49184
32703 37205
32708 43187
32709 35355
32709 39981
32709 43733
32709 46170
32710 47400
32711 41859
32711 47451
32714 42010
32716 41244
32718 36621
32718 49262
32719 40854
32726 41109
32728 43874
32728 45134
32731 38018
32731 47121
32733 38179
32741 43897
32743 36382
32743 37518
32743 49284
32748 46547
32749 33958
32749 45980
32752 33001
32752 44904
32752 47239
32753 40021
32760 36360
32760 47504
32762 33337
32763 45530
32765 40564
32767 47694
32768 43306
32770 43515
32773 40779
32775 36704
32775 44167
32776 32830
32778 46261
32783 37764
32783 38805
32786 37674
32786 43351
32787 33165
32791 38011
32791 47065
32796 38466
32800 42650
32801 33279
32802 35081
32804 49952
32805 32911
32806 45316
32808 42532
32809 40103
32811 42574
32811 42824
32816 45259
32816 48531
32817 39673
32818 34099
32819 35800
32820 36814
32821 36113
32821 48804
32824 33062
32826 40213
32831 35573
32831 38508
32831 44651
32831 49423
32833 40894
32836 40653
32836 46830
32837 43328
32838 33206
32840 38678
32842 48726
32845 41057
32847 36871
32851 37910
32851 39381
32851 44037
32852 42767
32853 39266
32854 46887
32854 47263
32855 41644
32855 47748
32856 37615
32856 39816
32860 35314
32860 48129
32861 33509
32864 33353
32866 47510
32867 49310
32869 41505
32869 44769
32869 49053
32875 47026
32875 47650
32876 40364
32876 43257
32878 41744
32879 42776
32880 37266
32882 47133
32883 33019
32885 40195
32887 39781
32890 38501
32890 41884
32891 42153
32892 38738
32893 41659
32897 47607
32901 39263
32903 35796
32903 37650
32903 39132
32904 35268
32904 41852
32905 47793
32905 49694
32906 41231
32906 42760
32906 43706
32908 35484
32908 38948
32909 40401
32911 38979
32911 40780
32913 40084
32917 38896
32920 34943
32923 44353
32923 45893
32925 35265
32925 38780
32926 34714
32927 47808
32929 46138
32930 32933
32930 42588
32934 45382
32935 35254
32937 36655
32938 40952
32939 43563
32940 46664
32946 47974
32947 37150
32947 38595
32948 43301
32950 33773
32951 46675
32953 37781
32953 41751
32956 33852
32957 41831
32958 41446
32959 47753
32960 41455
32961 43072
32965 34962
32969 35320
32971 46773
32972 43476
32977 48269
32977 49156
32979 36724
32979 48269
32983 38622
32984 46708
32985 46661
32989 34226
32989 38617
32991 45669
32995 40401
32995 40704
32995 49465
32998 46571
33000 35061
33000 40123
33002 41565
33005 44272
33006 36926
33015 38426
33019 39060
33019 44510
33020 36681
33021 36010
33021 36659
33021 38051
33022 40953
33028 48376
33029 38981
33031 36343
33035 47845
33039 41605
33040 39524
33041 36653
33042 48573
33043 41453
33046 35528
33047 33100
33054 46765
33055 49109
33055 49421
33058 47995
33059 37253
33060 40900
33060 47024
33062 47154
33063 45219
33064 35148
33064 35781
33064 36573
33064 48864
33065 40853
33068 35805
33068 40514
33069 37362
33069 39834
33071 38651
33073 40137
33074 35602
33074 36480
33075 34012
33075 40406
33076 40071
33076 46866
33079 43567
33080 44149
33081 33911
33082 35033
33084 40618
33084 48803
33086 38197
33086 47805
33090 35090
33091 33582
33092 33401
33092 37767
33093 38235
33098 41537
33099 40225
33101 36782
33102 47656
33103 49933
33104 40241
33106 33982
33109 33652
33109 48909
33110 37629
33112 34477
33113 40453
33116 36528
33116 41715
33117 34610
33117 35028
33117 37348
33118 33428
33119 46401
33122 35894
33127 37840
33131 38817
33131 39146
33131 45540
33133 37712
33133 42122
33133 47862
33136 40801
33136 46926
33137 39796
33137 46877
33138 39362
33138 47109
33139 43749
33140 41560
33142 39352
33143 40997
33145 42641
33145 49813
33147 43440
33148 41154
33149 34960
33149 37123
33151 39377
33152 43444
33155 45681
33156 43561
33156 45424
33156 49957
33157 42118
33159 34817
33164 37492
33166 42100
33167 43917
33169 42100
33171 45793
33173 33225
33173 33313
33176 47477
33177 36069
33177 46514
33180 49807
33183 37140
33183 41572
33184 34319
33185 34132
33190 43060
33190 44177
33191 41516
33193 44592
33194 39068
33199 35184
33199 39342
33201 45149
33201 47580
33202 35320
33208 38904
33214 34010
33214 36944
33214 48562
33217 40812
33218 33524
33219 46420
33220 41152
33220 47332
33221 34302
33221 40934
33223 47540
33225 39540
33225 40083
33227 36240
33228 33747
33230 34566
33231 37640
33233 43759
33233 46410
33234 40755
33234 47329
33236 41844
33236 44482
33236 47774
33236 49589
33239 41794
33239 47685
33240 37233
33241 43963
33242 37705
33244 35390
33244 38119
33245 39004
33246 39548
33247 40644
33247 45150
33247 49248
33248 35700
33248 43952
33250 38021
33256 48186
33258 37653
33260 39130
33260 41934
33263 38660
33266 49005
33267 39284
33267 47409
33271 42533
33272 33389
33272 36647
33273 34057
33276 35543
33278 47320
33281 42292
33281 43824
33281 45073
33282 42751
33287 44302
33287 44697
33288 40937
33289 37812
33289 39818
33290 40116
33290 42777
33294 33782
33294 49296
33295 36085
33300 33730
33302 34977
33304 34032
33304 37568
33304 37757
33304 42397
33304 47330
33305 36175
33308 39172
33311 46705
33314 37999
33314 45490
33315 36602
33315 37884
33316 33537
33316 35779
33319 44741
33319 48972
33320 46833
33321 45771
33321 47468
33324 49593
33328 38394
33329 33807
33329 46082
33330 36407
33331 36199
33331 43513
33332 38643
33335 36658
33335 43242
33336 44037
33337 41385
33339 36252
33339 46596
33347 48381
33348 44950
33349 36429
33351 35319
33352 33435
33352 36568
33353 39148
33354 33701
33355 37128
33355 39867
33356 45631
33359 40114
33359 48587
33363 44824
33364 49749
33366 36052
33366 42313
33370 37731
33374 34973
33377 33916
33378 34070
33385 35933
33385 35979
33385 38452
33385 48169
33386 48418
33386 48476
33386 49683
33387 45135
33388 36978
33389 44332
33390 35103
33390 46567
33391 39302
33393 48210
33396 39409
33399 48077
33401 47153
33402 41423
33403 48786
33406 34664
33406 38174
33406 40660
33408 40880
33408 48350
33409 36123
33409 42125
33411 42039
33412 41105
33413 40394
33413 44864
33416 41880
33418 48177
33420 40787
33420 47198
33422 34764
33422 49334
33425 43691
33429 37229
33432 37347
33433 48319
33435 37552
33435 41358
33435 44480
33441 42465
33442 36804
33445 44124
33445 47083
33446 43379
33449 45875
33452 43622
33453 49641
33454 37724
33455 39787
33456 35330
33456 47622
33457 43018
33457 45176
33458 38468
33464 35225
33464 37266
33465 34425
33467 38936
33467 39254
33471 33853
33471 41118
33475 48397
33479 48672
33485 37334
33485 39605
33490 43337
33490 43565
33490 45792
33490 49457
33491 34107
33496 40885
33499 40449
33501 46865
33501 48192
33502 41390
33503 40724
33506 36939
33507 43368
33513 34446
33513 43676
33516 48801
33517 37531
33517 44004
33519 45269
33519 46754
33521 40061
33522 45298
33523 34468
33523 46312
33530 39120
33530 39868
33531 35547
33531 37478
33532 36238
33532 47419
33533 45645
33534 35181
33535 36781
33535 40060
33536 34603
33536 37055
33538 45487
33539 34160
33540 47013
33540 48292
33541 49769
33542 41933
33548 34848
33549 37058
33549 39392
33549 42612
33550 45111
33551 40626
33552 42273
33552 49196
33553 37021
33557 43720
33557 48972
33558 34631
33564 45649
33566 41629
33567 43255
33568 44155
33568 48156
33570 44042
33571 46125
33573 35550
33573 44417
33580 36569
33581 34429
33582 42493
33583 36767
33584 40482
33584 43630
33585 34009
33586 49494
33587 43784
33588 43844
33588 44295
33591 41300
33594 40506
33595 43771
33595 49876
33599 34625
33602 42095
33605 35820
33609 40536
33609 43328
33610 41550
33612 36006
33613 37010
33614 37227
33615 34271
33616 35547
33623 39390
33626 42750
33630 34582
33631 40381
33635 47032
33637 45609
33637 48168
33639 45635
33641 39161
33641 39730
33641 39984
33643 41799
33644 35964
33644 42560
33646 33866
33651 46020
33653 38131
33653 48849
33654 40542
33655 39797
33655 44536
33661 44590
33666 41702
33671 42604
33675 42101
33676 48337
33677 48725
33678 42211
33684 34796
33685 40467
33686 38996
33687 48042
33689 40865
33696 42805
33699 38517
33699 48746
33701 39317
33702 42597
33704 37538
33710 41161
33711 48353
33712 43786
33715 46025
33716 46577
33717 34528
33717 38946
33718 47504
33720 42979
33720 44950
33720 45140
33721 34939
33727 45926
33728 39354
33729 44893
33730 46770
33732 37671
33732 44670
33735 40325
33735 49890
33736 46054
33739 37184
33739 39470
33739 47732
33742 37246
33743 35071
33743 49505
33746 34834
33746 47517
33747 45447
33747 48855
33748 43861
33750 34510
33751 48840
33753 45463
33757 39161
33757 45126
33759 43695
33760 34519
33760 36693
33761 35757
33761 48105
33764 43520
33765 41275
33765 42116
33767 45002
33769 36767
33771 49053
33772 48811
33773 43068
33773 45607
33774 37621
33775 38503
33775 45677
33775 48815
33776 35203
33776 49874
33782 39588
33783 34748
33783 46462
33784 40888
33785 49142
33790 43607
33792 37694
33794 44787
33795 43175
33795 45325
33798 37232
33798 41695
33802 37202
33802 38836
33802 45465
33802 49110
33802 49164
33805 48348
33808 46653
33808 49693
33811 43225
33817 45862
33818 43168
33820 39791
33821 43518
33822 43914
33823 40100
33825 44666
33826 46553
33828 42521
33828 46687
33829 37385
33832 40845
33833 41878
33834 35906
33834 49916
33836 40464
33838 35354
33839 44024
33840 46527
33841 44831
33845 47627
33850 47648
33850 48648
33851 45128
33856 40887
33858 33993
33858 40657
33860 49908
33864 49364
33865 49087
33865 49950
33868 34219
33868 45070
33871 35675
33871 49480
33873 43636
33876 43017
33881 44255
33882 48398
33884 48133
33887 44392
33887 49962
33888 41992
33888 45708
33890 41075
33892 48489
33894 46367
33897 45264
33898 44404
33899 49834
33900 40530
33902 41434
33903 34736
33904 34570
33908 43693
33912 40461
33918 48078
33919 49284
33920 40764
33924 48080
33926 38347
33929 34599
33930 38255
33930 40885
33930 43180
33932 48010
33940 46875
33940 47797
33941 39282
33943 47545
33945 39800
33946 37535
33947 44694
33951 36451
33952 34445
33952 44872
33953 37603
33956 42670
33956 49266
33957 43482
33958 48584
33962 45745
33963 34742
33963 43020
33964 38655
33964 39005
33964 40723
33964 45658
33965 45456
33969 40057
33972 38787
33973 42837
33975 36609
33976 44699
33976 47371
33979 34516
33979 46470
33980 34138
33980 47576
33981 38213
33982 44243
33984 45608
33986 40017
33986 45925
33987 44832
33987 46395
33992 48979
33993 37785
33993 45122
33993 46860
33994 37839
33994 43637
33994 44190
33999 39915
33999 46796
33999 48983
34000 40414
34000 46950
34002 35388
34002 49633
34003 43547
34005 38149
34006 37107
34006 39629
34007 44641
34009 48439
34014 37487
34015 43513
34017 47532
34018 47628
34021 39434
34021 42567
34022 44572
34024 37581
34026 40072
34026 44512
34027 44332
34031 39128
34032 41807
34035 49454
34036 37821
34036 47271
34037 42963
34039 47212
34040 44979
34042 49931
34044 38813
34045 37142
34046 39044
34046 45406
34048 49339
34049 44519
34049 44671
34051 38699
34052 34985
34056 39370
34056 42699
34058 37956
34059 47064
34061 37668
34065 36100
34065 46767
34067 42790
34067 47301
34069 35331
34071 39427
34071 40854
34072 34801
34072 42979
34072 43789
34074 37255
34074 41704
34075 36341
34075 38660
34075 49540
34078 42097
34080 40115
34080 44944
34081 35010
34082 35172
34085 39567
34087 48629
34091 47103
34092 40002
34092 40072
34095 38643
34096 38212
34097 35751
34097 46862
34097 49105
34097 49293
34098 36429
34100 36271
34100 48597
34101 38651
34103 36104
34104 36205
34104 39245
34104 42091
34105 42091
34106 38845
34108 37481
34109 45828
34111 49175
34112 40141
34114 38339
34114 45003
34116 36029
34118 41129
34121 42390
34121 42832
34123 36819
34123 38671
34125 35489
34126 41118
34128 37014
34128 49157
34130 45454
34130 47706
34131 35414
34133 36492
34135 47891
34136 38088
34139 43184
34139 47951
34140 44544
34141 41488
34143 34911
34144 41697
34144 41721
34150 37283
34150 42169
34151 39766
34151 42688
34152 38320
34154 35870
34157 39918
34158 35706
34160 37666
34163 42346
34165 49352
34167 40045
34167 47061
34169 34283
34169 49533
34171 45678
34171 46730
34172 38808
34172 47381
34173 35535
34173 39548
34173 42476
34173 42885
34173 43239
34174 42001
34175 44606
34178 42297
34180 38868
34181 37744
34181 39293
34183 48941
34188 37959
34190 40092
34190 43465
34190 48541
34203 34367
34205 35698
34205 48073
34207 39888
34208 41532
34208 42053
34209 43520
34212 45375
34212 49602
34214 35000
34216 35232
34218 49109
34220 35713
34225 35501
34225 46175
34227 37391
34234 35020
34234 35830
34235 35954
34239 47630
34239 48493
34241 39344
34241 44299
34244 44800
34244 49660
34246 43130
34248 43886
34250 39679
34251 42763
34253 44374
34255 37338
34258 35703
34259 37803
34261 46220
34262 49083
34263 40393
34264 35945
34264 44699
34265 43788
34266 38781
34266 41521
34268 34454
34268 45694
34273 39685
34276 43125
34283 35709
34283 46490
34285 46436
34287 42242
34287 48812
34289 39009
34295 36996
34295 48053
34295 49782
34298 44377
34298 47106
34299 37104
34299 42637
34299 44827
34305 41288
34308 41211
34309 40588
34311 48814
34311 49008
34311 49213
34313 37614
34315 38757
34317 43975
34319 43256
34319 48950
34320 42693
34323 40526
34326 34535
34326 38562
34331 35562
34333 42165
34334 47435
34335 47623
34336 35881
34337 49914
34338 40584
34339 48004
34341 46393
34343 42887
34344 36771
34345 48705
34346 44425
34347 40573
34353 43043
34360 45407
34362 45990
34363 39625
34365 34556
34365 38196
34366 40884
34367 41262
34368 39079
34369 40564
34369 46612
34371 38891
34371 38917
34371 41969
34373 37746
34373 38767
34381 42694
34386 36141
34386 44874
34387 45322
34387 46431
34388 42793
34390 35792
34393 48007
34396 36448
34399 42842
34399 43792
34400 36674
34400 37229
34404 39934
34405 38408
34410 41200
34411 38660
34417 47191
34421 36505
34421 47460
34424 37961
34424 45252
34425 43933
34427 42658
34430 41900
34430 47769
34432 48729
34439 45645
34440 40723
34442 38937
34442 39402
34442 49511
34444 34588
34445 47277
34448 36021
34448 41270
34449 35611
34450 48447
34453 41751
34455 49645
34457 42062
34460 46093
34463 47255
34466 34529
34466 48399
34467 41481
34470 43759
34470 48966
34473 43406
34474 39532
34477 41592
34477 42330
34478 39501
34478 49404
34479 35234
34480 35455
34480 45859
34481 36126
34482 34990
34483 40226
34487 38618
34487 49133
34489 41298
34489 44969
34490 40298
34490 48596
34491 36834
34494 48278
34497 40931
34498 36499
34501 48002
34503 37096
34503 40085
34503 45522
34508 42079
34512 40775
34514 35240
34515 39329
34515 39578
34515 46998
34517 47090
34520 42027
34521 45084
34523 44957
34523 47991
34524 41847
34531 47890
34533 40460
34533 46259
34533 46425
34534 37841
34536 43677
34543 35976
34544 48960
34546 39941
34546 43562
34547 47016
34549 40812
34551 34834
34553 35830
34553 40263
34558 46545
34562 36022
34562 38983
34563 38822
34563 43355
34563 48126
34566 42979
34567 40463
34569 36342
34572 37449
34572 49497
34574 40493
34576 35588
34576 48761
34578 46431
34579 40894
34580 43190
34583 39192
34586 37475
34588 48037
34594 34905
34597 47004
34599 45498
34604 41401
34606 44426
34606 44511
34606 47420
34609 40301
34610 42835
34610 49888
34613 36077
34613 41021
34615 48338
34618 42166
34619 35540
34621 48511
34622 41109
34623 46310
34625 46829
34625 49315
34628 46673
34628 48723
34629 35251
34629 36137
34631 36318
34632 39750
34632 43464
34632 47851
34633 36865
34635 35019
34638 48655
34640 35782
34640 39175
34640 40079
34643 46356
34644 47970
34646 34751
34651 46388
34652 44421
34652 45675
34653 38390
34656 40805
34657 48880
34659 47375
34659 49529
34663 47866
34665 49809
34666 35901
34668 45627
34669 37392
34670 40960
34671 41161
34672 42181
34675 48596
34676 41697
34679 39486
34680 48352
34681 48306
34685 38112
34685 40398
34685 48820
34686 36047
34686 41962
34690 37015
34691 36599
34691 37468
34692 48696
34698 42453
34700 41578
34702 38475
34702 49592
34703 37494
34703 40094
34704 42438
34705 46142
34712 44806
34715 35253
34715 47575
34716 44410
34718 38857
34718 41598
34720 45493
34722 46452
34725 38380
34727 48214
34731 35783
34733 43496
34734 37874
34734 46747
34735 37801
34735 48856
34736 49383
34739 42055
34744 48939
34745 49643
34754 37882
34755 46636
34755 48053
34757 35300
34759 36696
34761 41159
34761 43078
34762 49969
34763 42675
34763 46952
34763 47741
34765 41681
34765 42813
34767 40499
34767 43659
34767 45134
34767 49035
34770 43688
34771 47928
34771 48596
34772 37369
34772 43894
34774 44426
34774 48580
34779 35537
34780 37719
34781 48762
34782 36191
34782 47301
34784 41738
34785 42177
34786 39925
34786 44153
34787 39992
34790 35646
34791 44279
34791 46624
34792 37089
34792 42629
34793 39780
34795 39912
34795 44952
34796 35329
34796 44803
34801 41160
34803 41808
34805 35542
34805 46957
34806 47339
34808 43452
34808 49301
34810 38246
34811 36470
34813 47205
34813 49806
34814 36621
34814 47909
34815 43843
34816 49035
34820 49747
34822 49618
34823 36411
34828 42244
34828 45079
34828 45476
34829 49751
34830 47077
34831 36505
34837 47055
34837 47963
34838 47843
34839 37615
34843 43684
34843 47928
34843 49523
34844 35788
34844 45364
34845 35141
34845 35812
34851 35790
34854 48034
34856 39370
34857 44855
34860 38887
34861 36203
34862 40697
34862 44068
34863 46521
34864 35203
34864 40983
34865 48969
34872 42816
34875 38984
34875 39935
34877 43222
34880 41025
34880 48846
34881 41299
34881 44908
34882 39864
34882 49441
34884 35820
34884 42847
34886 36552
34886 37165
34886 47428
34888 48436
34889 41440
34894 44050
34894 47594
34895 40522
34899 39987
34901 39192
34905 45230
34907 45217
34907 46514
34908 45929
34909 38231
34909 39769
34911 40238
34912 36608
34913 46001
34914 43561
34914 47389
34917 42876
34917 43374
34918 49588
34920 35388
34922 47388
34923 42352
34923 43690
34923 44658
34925 43265
34926 49062
34929 36245
34929 44728
34930 37107
34932 38801
34932 49276
34933 36059
34934 41945
34938 49596
34939 40432
34939 44063
34941 39149
34942 40228
34942 43410
34947 49366
34948 39700
34952 44390
34954 36765
34954 48499
34957 46777
34958 46033
34963 35264
34963 38295
34964 37706
34964 49435
34966 39074
34966 47930
34967 41387
34971 46058
34973 42931
34976 35201
34979 47158
34980 43658
34983 40114
34985 45195
34985 46592
34987 44433
34989 37795
34990 39588
34993 42011
34997 35693
35001 35196
35002 35432
35004 43470
35009 36331
35012 44976
35013 46051
35014 46166
35015 48889
35019 45806
35021 37588
35024 37029
35025 39972
35027 35259
35032 43219
35041 48962
35043 40163
35043 42353
35046 41995
35047 39972
35047 43475
35051 45778
35055 38988
35057 43068
35061 40917
35062 35584
35062 41422
35065 39536
35069 39383
35070 48000
35071 36222
35071 48475
35072 35792
35072 39425
35073 43363
35073 43528
35074 35117
35075 43462
35077 43525
35078 40433
35080 39965
35081 35923
35081 38637
35082 43001
35082 49216
35085 48288
35086 41065
35089 45586
35091 47152
35092 35360
35093 36950
35093 45059
35096 43004
35098 45583
35099 47765
35100 44550
35103 47919
35103 49152
35106 48706
35108 49248
35109 40121
35110 42148
35115 42344
35116 49247
35117 44339
35118 48310
35120 35913
35120 38840
35120 39581
35122 40061
35124 37910
35125 45007
35126 49085
35128 35667
35129 43473
35129 45395
35129 48166
35130 36602
35130 43254
35134 37981
35134 38234
35135 35835
35138 45266
35141 36318
35142 48499
35145 36889
35147 40600
35147 40929
35148 48930
35149 40788
35149 45401
35150 39200
35151 37032
35153 43220
35155 36814
35157 45723
35159 42237
35161 37845
35164 43827
35165 47027
35166 37509
35167 36123
35168 37859
35168 41246
35169 37131
35171 35725
35175 41054
35175 44877
35179 35292
35182 38752
35183 47867
35184 43205
35186 41985
35187 35363
35188 35304
35188 44000
35191 38646
35191 41813
35192 43073
35193 42960
35195 42432
35197 42136
35199 41224
35200 44185
35202 37633
35202 49399
35202 49711
35203 45361
35204 37769
35205 37947
35214 37560
35214 39800
35215 46243
35216 43232
35217 49959
35218 35265
35222 41866
35226 38569
35226 42934
35235 48320
35236 41628
35237 42619
35240 49604
35241 44964
35241 48508
35243 40241
35244 35997
35245 36271
35245 48727
35246 37256
35249 39147
35253 37918
35256 45914
35257 45043
35262 39510
35265 38981
35266 37265
35268 36572
35268 48242
35272 45044
35276 44223
35276 46045
35279 45391
35280 42566
35280 46196
35287 41221
35288 35895
35289 44640
35290 35337
35290 41377
35290 46406
35292 48589
35293 39614
35293 41388
35295 44898
35298 43345
35304 43182
35304 48633
35306 48976
35306 49994
35307 40770
35308 38263
35311 43040
35313 45486
35315 41825
35315 48984
35316 35856
35316 37653
35316 39293
35316 40928
35316 48279
35317 44121
35320 45418
35326 47411
35327 35815
35329 41192
35330 38471
35332 45754
35336 41193
35338 38601
35339 40123
35339 49943
35342 47888
35343 48553
35345 40397
35346 43957
35348 49603
35349 36384
35350 39801
35353 45331
35353 47571
35354 49373
35356 46189
35358 36416
35360 37319
35361 41108
35363 37003
35364 37223
35364 38711
35364 44742
35365 49527
35366 39832
35368 42831
35369 40907
35371 48943
35374 44492
35380 45524
35380 49638
35381 49162
35382 44666
35382 49041
35383 39760
35389 36924
35390 45424
35391 36622
35392 49627
35394 35652
35394 39913
35397 42240
35397 47863
35398 42069
35398 45589
35398 45934
35399 40879
35400 43168
35400 49624
35402 40825
35403 43872
35404 45124
35406 35787
35406 41462
35406 46378
35407 42638
35408 45417
35410 37302
35410 47264
35411 48243
35411 49124
35413 47217
35414 36354
35415 39383
35417 41331
35418 44980
35418 49299
35424 45590
35424 49345
35425 37651
35431 45604
35433 44011
35433 48126
35434 46901
35434 46950
35437 49530
35439 42907
35440 43124
35442 38108
35443 45741
35445 42144
35447 42315
35447 46038
35449 39715
35450 39409
35453 36517
35454 37098
35454 39940
35454 43868
35454 45732
35456 37188
35456 45421
35458 38647
35460 38010
35460 39545
35461 42359
35464 43981
35464 45232
35466 39072
35467 48837
35469 36571
35469 45983
35470 44519
35473 40896
35475 38634
35476 39171
35478 48998
35480 41598
35480 45446
35481 36887
35482 39425
35485 47947
35494 46169
35495 43716
35495 48990
35497 39873
35498 37399
35498 43409
35499 47071
35500 42188
35501 37628
35506 41032
35507 46446
35507 48950
35511 42941
35512 38847
35512 42281
35513 45962
35513 48404
35514 43901
35515 39035
35516 47665
35517 39665
35517 39777
35517 42556
35518 45528
35518 48148
35525 38814
35527 39698
35530 47929
35532 37916
35533 45719
35534 41097
35536 48984
35539 38857
35539 42721
35540 44132
35541 36366
35543 41928
35547 36246
35551 42059
35553 37059
35554 41184
35556 37565
35557 47269
35559 40480
35559 44853
35563 42908
35565 46910
35566 40896
35567 42730
35568 43364
35569 46870
35570 48021
35573 39123
35573 41592
35575 44451
35575 49654
35578 43586
35581 36581
35587 48415
35589 39616
35590 48321
35590 48845
35591 45937
35592 35813
35593 41223
35594 37287
35594 37664
35595 41010
35598 42873
35598 44779
35600 46010
35601 45275
35601 46703
35604 39353
35607 35967
35607 36368
35613 49517
35617 36321
35617 47579
35624 40667
35624 44434
35625 40171
35625 41213
35625 42892
35625 48507
35627 40724
35629 44394
35630 48968
35637 36428
35638 36566
35642 49598
35644 47047
35645 43919
35646 48942
35648 36340
35649 48755
35652 38652
35653 40951
35655 44052
35656 47824
35656 48110
35658 36952
35662 44698
35668 44158
35672 40560
35673 44877
35675 39618
35675 40864
35676 39621
35678 37352
35678 46662
35679 41138
35679 46501
35681 44853
35688 38070
35694 39464
35695 39528
35698 36654
35699 38144
35700 40422
35700 49803
35702 47285
35705 36704
35707 42196
35709 41520
35710 42122
35711 37725
35712 40595
35713 42825
35718 41620
35718 45944
35718 47486
35718 48314
35720 36925
35721 35830
35735 49811
35736 36188
35736 38927
35738 45777
35739 40788
35740 41735
35741 48084
35742 46290
35742 48933
35743 36641
35743 48141
35745 42559
35746 38389
35749 47971
35751 41091
35752 45391
35753 45180
35756 37299
35759 45273
35759 48186
35764 38915
35764 45059
35766 37485
35769 44631
35770 42648
35771 40129
35772 36010
35772 46745
35772 49918
35774 38955
35776 40468
35777 48916
35780 38985
35780 46834
35783 43941
35784 37669
35784 46134
35787 38514
35788 37801
35792 45201
35793 45900
35795 48407
35806 42871
35807 40419
35807 46880
35809 39558
35811 41385
35813 47291
35813 48058
35816 42846
35818 44397
35820 42679
35820 45339
35821 48594
35822 49221
35823 49084
35824 36518
35825 40673
35826 36668
35827 40242
35828 46202
35829 38358
35829 38969
35833 36013
35835 38469
35835 49075
35836 39790
35837 42921
35839 49577
35842 48944
35845 38517
35848 45352
35848 46558
35850 43994
35850 46847
35853 39188
35856 49713
35857 49684
35858 35867
35860 37777
35861 40026
35861 47387
35862 39177
35867 42769
35868 36904
35868 46480
35872 37847
35874 36443
35874 47738
35879 48227
35884 44941
35885 36588
35888 49426
35892 44367
35893 49383
35894 39762
35894 47319
35895 47032
35896 46664
35896 48937
35899 36642
35901 46288
35903 37000
35908 46406
35908 49933
35914 45010
35917 45916
35917 47637
35917 49292
35920 46757
35923 47201
35925 36321
35927 38818
35931 38088
35932 36577
35932 49474
35936 40150
35937 49839
35940 43532
35946 47139
35947 39637
35947 45794
35949 48978
35953 42322
35954 37491
35954 44801
35955 42623
35959 40245
35959 42247
35960 49899
35961 42611
35963 43573
35968 49044
35968 49939
35972 40299
35974 39999
35975 46122
35976 39206
35976 42026
35977 38338
35977 43662
35977 44596
35980 37771
35980 47264
35989 41980
35991 41452
35997 47530
36000 40659
36000 48175
36006 41974
36010 44720
36010 47410
36011 48851
36015 40348
36015 41406
36017 37759
36017 42927
36018 36028
36019 36381
36019 42652
36019 43095
36021 49338
36022 41995
36022 46034
36024 42745
36024 43294
36025 39551
36025 46378
36028 38386
36029 38241
36029 39946
36030 41866
36030 45213
36030 46255
36030 46781
36031 49863
36032 36843
36032 49693
36033 38535
36035 38380
36040 41984
36042 49395
36046 41490
36047 48081
36049 39317
36051 48868
36054 49413
36056 38957
36063 48187
36064 42504
36064 42578
36068 38200
36071 41614
36071 49860
36075 42042
36076 39307
36076 42115
36077 47302
36084 48764
36086 38823
36086 47187
36091 39681
36095 40488
36101 48372
36102 39527
36105 40285
36108 37779
36108 48995
36115 45745
36118 38196
36119 45413
36120 45281
36122 40813
36123 45713
36123 47186
36123 48678
36125 38585
36125 46570
36131 45430
36132 47086
36133 49061
36140 39212
36140 44670
36141 41744
36142 42201
36146 45371
36151 44410
36153 45585
36154 37738
36155 43396
36161 37137
36163 39021
36165 47861
36166 45646
36168 41907
36170 36540
36171 41934
36172 44800
36175 41844
36177 43607
36186 43593
36188 47550
36189 48241
36190 41481
36191 40326
36191 46122
36192 38837
36192 47899
36193 46562
36196 42849
36197 41256
36198 46168
36199 44899
36200 47729
36201 47422
36202 37715
36203 39325
36203 47017
36204 41982
36205 49368
36207 38786
36208 43587
36212 36470
36213 39557
36214 40334
36220 44136
36221 43987
36226 37482
36226 47754
36228 44689
36228 49539
36230 47615
36232 39350
36234 42283
36238 43408
36239 41713
36240 45082
36243 45746
36244 39374
36246 38487
36246 43356
36246 49963
36250 37890
36250 40992
36250 45427
36253 37117
36255 39034
36257 37491
36259 37125
36259 41813
36261 44323
36264 42735
36264 44533
36265 47897
36266 38059
36267 44657
36269 38272
36270 38832
36270 44908
36271 40144
36273 36366
36273 38368
36273 42467
36274 36654
36275 42969
36275 42987
36275 45657
36277 49951
36279 41092
36281 39396
36283 45832
36284 47920
36285 36303
36285 47442
36287 42206
36288 49715
36289 45239
36289 49821
36290 41580
36291 37311
36296 41271
36299 47396
36301 38601
36308 43720
36308 44422
36310 42633
36316 41297
36327 42471
36327 42701
36329 47551
36330 44986
36330 47500
36334 38146
36334 39156
36334 44902
36337 37644
36338 40070
36338 46110
36339 37787
36339 43354
36339 45566
36340 43346
36342 44685
36346 39246
36346 46206
36347 40279
36348 47960
36349 43911
36350 40116
36350 44663
36352 45420
36354 37501
36355 36394
36356 47592
36357 38078
36358 48407
36361 37202
36361 41992
36370 48082
36371 40095
36373 40725
36381 43922
36382 37977
36382 39760
36382 44170
36383 36459
36384 49689
36385 45055
36386 37460
36387 43992
36389 38872
36393 38214
36394 41903
36397 40345
36397 45808
36399 48081
36403 42909
36407 42536
36407 48331
36408 37157
36410 37908
36410 43663
36411 46173
36411 49267
36412 47897
36413 46196
36414 42612
36415 39357
36416 48192
36420 39730
36421 47685
36423 44368
36427 37346
36427 43309
36427 45906
36430 40595
36430 42437
36432 44087
36433 40083
36434 39875
36434 46825
36435 38734
36437 44953
36438 44373
36439 38270
36442 49456
36444 37776
36445 38584
36445 39831
36445 42053
36446 48836
36452 38744
36454 42386
36454 46567
36454 48901
36455 43381
36457 42395
36458 42724
36459 37351
36460 45700
36463 44266
36466 45565
36467 38420
36474 40640
36478 45407
36479 44002
36484 36519
36484 45667
36484 45672
36486 40011
36486 44091
36487 42991
36487 44745
36488 39627
36488 48203
36491 40201
36493 48783
36494 44517
36497 47337
36499 36746
36502 40658
36503 40998
36503 42659
36504 49284
36505 38433
36506 46651
36507 42231
36510 37008
36510 44187
36511 41051
36515 37273
36515 49176
36518 36590
36523 41223
36526 37213
36532 46558
36533 40153
36534 46805
36537 43801
36537 49026
36543 42890
36543 47387
36543 49979
36544 37430
36544 47007
36544 49746
36545 38914
36546 40217
36546 42987
36546 44993
36547 39529
36551 49503
36553 44114
36555 37642
36557 43221
36557 47836
36558 41575
36561 36626
36562 41901
36562 47436
36562 47756
36564 43223
36564 46827
36565 47117
36568 47882
36571 43030
36571 44935
36572 38557
36574 41455
36575 38156
36575 43382
36575 45018
36575 47994
36576 48544
36577 40173
36577 42803
36588 43463
36589 45575
36590 36664
36592 43035
36594 37780
36594 38126
36595 36617
36606 38685
36606 45881
36608 36900
36608 47873
36609 42563
36610 40899
36611 37570
36611 38634
36614 48593
36615 36848
36615 42989
36616 47345
36618 49771
36620 37116
36621 44985
36622 39448
36622 41978
36625 44366
36627 38614
36627 39280
36627 41278
36629 39625
36629 45997
36629 47773
36631 48288
36632 49453
36636 46958
36637 43950
36637 45735
36638 37863
36640 39451
36643 42960
36643 48994
36644 48244
36646 46255
36646 48839
36648 37082
36648 42931
36649 41907
36649 48192
36649 49912
36650 45124
36651 37684
36651 37689
36652 45336
36653 42638
36654 42688
36655 43861
36656 43281
36659 39665
36659 45982
36661 42010
36662 43387
36663 37567
36663 40794
36663 45978
36665 40695
36667 47464
36673 49069
36674 40713
36676 43586
36678 36841
36678 42598
36679 48438
36681 46613
36682 38447
36684 39453
36686 47228
36687 47060
36693 37928
36694 43623
36696 38770
36697 38289
36697 40996
36697 46720
36699 43799
36699 47702
36701 48914
36706 41279
36708 42994
36711 41447
36713 47421
36715 38122
36716 46877
36719 37889
36719 40603
36720 48163
36721 41199
36724 41613
36729 45068
36733 43403
36734 46012
36736 47584
36739 40214
36739 48938
36742 47172
36743 48816
36746 42164
36746 42772
36746 45872
36751 41035
36752 46331
36754 47035
36766 48508
36768 41135
36770 38240
36776 41664
36776 44410
36777 45698
36778 49931
36782 43481
36782 49156
36786 40661
36786 41255
36788 43755
36792 49872
36794 39035
36795 43431
36797 41539
36802 49924
36804 44967
36806 45092
36809 46436
36814 45419
36814 49428
36823 44607
36825 37180
36825 41796
36825 44410
36826 43392
36828 38067
36832 46673
36834 49014
36835 42078
36840 39051
36845 45440
36848 41208
36853 44849
36856 46209
36857 40679
36862 45486
36863 44316
36867 38425
36867 41769
36870 46299
36871 49794
36874 44161
36875 44169
36876 39149
36876 44299
36880 40213
36881 38323
36882 48069
36883 48151
36884 42219
36888 42889
36892 42382
36893 43808
36893 46864
36894 40261
36895 43317
36895 47186
36896 45639
36901 45516
36903 38116
36906 41135
36914 39538
36914 45322
36914 47675
36914 49492
36918 37855
36924 44795
36924 45262
36925 38594
36928 43117
36928 49358
36931 43998
36939 46124
36939 47744
36940 37791
36942 40593
36944 37494
36944 39032
36944 46702
36947 44529
36949 37239
36949 45395
36951 43975
36953 45699
36955 43546
36957 40873
36958 45362
36960 40198
36960 44164
36962 41998
36964 47280
36965 38632
36966 45117
36968 39278
36970 37348
36972 49007
36973 43756
36980 43036
36981 42638
36981 44737
36981 47516
36984 48083
36986 42468
36988 48543
36990 38168
36994 38829
36995 38404
36997 46160
36998 46474
37004 37112
37004 41500
37005 39161
37007 43349
37009 49676
37011 39766
37012 45922
37013 46218
37014 38520
37016 37504
37018 46424
37019 48955
37027 48860
37028 40263
37029 38499
37037 41935
37037 48154
37038 37980
37040 49987
37041 40513
37043 37264
37046 38220
37048 37643
37048 38016
37048 40541
37048 45027
37051 42533
37055 38872
37056 49158
37058 37171
37060 38148
37064 39117
37065 44839
37070 43554
37070 49339
37082 42717
37084 38778
37084 44450
37085 47450
37089 43904
37096 48430
37098 45476
37099 39391
37103 39289
37106 42167
37107 43088
37108 38768
37108 38918
37110 44545
37114 37684
37115 39200
37115 49428
37116 48182
37119 49783
37120 40985
37121 47593
37121 47951
37127 44704
37129 47512
37130 45807
37131 43947
37132 39281
37134 44630
37134 45165
37136 40412
37138 39039
37140 39133
37140 48559
37146 45141
37146 47166
37147 40457
37150 43023
37152 40542
37158 44416
37158 49326
37162 49191
37163 45624
37164 37874
37164 41616
37165 37828
37165 38497
37168 40175
37169 41248
37171 48587
37172 40794
37175 43159
37177 43363
37182 37986
37183 45972
37186 41983
37186 43064
37188 41891
37190 43222
37191 42487
37194 48289
37198 40129
37199 44588
37200 38630
37200 40017
37202 49674
37207 39216
37208 40905
37208 44340
37208 45134
37209 43968
37211 39772
37211 45255
37214 38553
37216 38085
37216 45192
37218 38784
37221 44527
37229 38688
37230 40810
37231 40818
37234 43527
37234 47254
37237 43709
37237 44494
37238 47196
37239 40042
37240 38332
37244 38890
37247 38860
37251 38462
37251 39058
37252 38150
37252 41149
37253 38995
37253 47974
37258 47069
37260 44575
37261 44539
37261 49163
37262 43031
37263 40336
37266 48202
37277 38859
37277 49465
37279 38768
37281 42515
37286 45628
37289 49802
37294 47970
37296 42207
37301 39680
37301 40139
37301 48752
37310 39426
37310 40532
37312 49316
37313 38336
37318 42801
37319 41661
37321 37656
37324 47734
37325 48747
37330 43851
37330 47144
37332 41453
37336 41387
37337 43895
37342 42335
37346 44977
37350 45468
37353 41525
37354 43400
37354 46647
37355 47236
37356 44666
37358 43441
37358 46001
37361 42609
37368 48099
37370 44927
37372 42516
37374 42103
37375 44217
37377 44231
37377 48428
37378 46624
37380 40119
37381 42897
37382 49896
37385 41732
37385 46741
37385 47764
37398 44430
37400 38659
37400 48253
37401 44959
37402 45948
37403 42355
37409 42080
37413 49338
37414 40263
37418 41264
37422 39859
37422 46499
37423 39353
37423 46524
37424 41094
37425 42405
37427 38214
37428 43376
37436 43259
37437 49327
37442 47132
37443 48365
37447 37781
37450 38520
37452 48542
37459 42397
37462 43308
37462 45297
37462 47227
37472 39183
37477 43453
37481 39194
37482 47481
37484 48627
37485 48060
37488 48756
37490 43400
37496 40137
37499 41608
37499 42255
37499 46277
37506 48275
37507 38481
37507 39916
37507 45491
37511 39415
37513 49635
37518 44135
37519 48699
37519 49279
37520 46218
37522 42926
37526 49446
37529 39467
37529 42353
37529 43742
37531 45264
37533 38806
37535 46447
37536 40010
37536 49654
37538 38660
37541 48197
37545 49107
37550 39512
37550 39884
37551 49521
37552 38026
37555 48593
37556 38773
37559 43900
37561 39991
37561 46837
37562 45896
37563 38218
37565 44057
37565 46324
37566 43131
37568 42484
37576 42135
37577 39129
37578 43420
37579 49252
37580 41840
37581 46142
37583 37598
37583 39186
37584 46384
37584 49871
37585 46956
37586 41199
37588 40274
37591 43545
37591 45569
37593 42374
37594 38880
37595 43422
37595 45569
37596 37976
37596 45507
37601 48470
37607 46714
37611 41166
37611 45793
37612 47677
37613 40820
37615 39428
37617 46474
37621 37623
37626 38279
37626 49359
37629 42144
37631 47733
37633 46605
37636 45895
37637 40137
37639 41931
37641 42616
37642 42189
37643 42365
37644 46622
37651 49690
37654 41568
37655 46717
37656 40005
37657 43328
37658 38139
37662 38235
37664 40413
37664 49487
37664 49999
37665 45222
37668 49597
37672 48347
37676 43094
37679 40165
37679 42476
37681 44684
37682 45744
37683 43024
37687 39434
37687 40906
37687 47745
37691 42356
37692 41614
37702 45098
37705 37795
37705 40295
37708 49479
37710 43358
37710 44253
37716 43242
37716 43344
37717 48941
37722 41696
37723 48000
37725 47953
37726 40665
37730 45377
37731 42734
37732 41249
37735 46153
37736 42834
37739 38430
37741 43750
37742 46255
37742 49528
37743 45546
37743 45878
37743 46431
37743 46798
37747 38610
37748 41044
37751 49585
37753 47510
37753 48854
37755 40762
37757 38482
37758 44745
37758 45243
37758 49293
37759 38355
37761 37919
37761 45061
37765 38193
37769 39292
37770 40213
37772 44612
37784 38623
37785 42898
37788 39991
37789 49491
37792 48964
37794 39105
37794 39718
37794 45066
37800 39236
37800 47858
37802 42059
37802 48519
37804 49317
37805 46506
37805 47528
37806 48690
37816 48519
37825 39480
37829 47824
37829 47981
37829 48836
37830 45071
37837 43989
37841 42231
37843 47961
37844 43018
37844 48619
37845 44291
37845 46240
37846 46112
37848 39983
37851 49183
37853 48605
37860 47009
37861 39672
37864 49531
37865 46317
37866 38668
37868 37878
37868 47892
37876 48504
37877 42421
37877 44559
37879 47620
37883 46473
37884 39419
37884 40036
37885 40674
37886 48468
37887 37962
37888 48897
37892 48474
37896 49004
37897 39909
37897 41248
37897 43434
37897 45096
37899 43490
37901 43097
37901 48039
37904 46035
37904 49979
37906 47957
37907 44282
37907 44450
37909 38309
37909 43375
37911 45267
37911 48117
37913 41771
37914 38364
37914 39489
37915 47723
37918 46983
37920 43342
37922 48331
37923 39179
37924 48023
37924 49266
37926 38718
37929 48448
37931 47647
37932 43073
37934 41104
37934 43732
37935 46830
37939 40548
37941 38098
37942 42120
37946 45249
37949 47628
37950 38932
37950 43133
37953 48900
37955 42057
37959 48927
37961 45929
37966 49699
37967 41727
37971 49680
37972 43561
37973 47308
37977 39860
37978 46393
37980 47880
37981 43474
37981 43952
37984 47674
37987 41428
37988 41785
37990 48038
37991 43612
37995 39213
37996 38446
38000 46520
38001 46140
38004 43541
38009 40112
38009 44127
38009 46125
38010 48594
38012 49829
38013 39935
38015 40427
38016 38220
38020 40010
38021 38507
38021 39538
38021 40925
38023 47396
38030 44782
38031 41074
38031 45211
38035 38672
38040 48275
38042 45858
38042 49785
38045 41769
38047 46400
38049 38052
38049 49531
38056 39269
38059 41658
38063 48494
38064 40524
38066 45641
38067 44579
38068 48457
38072 42288
38072 47127
38074 38371
38076 45108
38081 39827
38081 42611
38083 42670
38084 48672
38086 44688
38088 39926
38088 40458
38088 43785
38090 46718
38091 40287
38093 38782
38096 40278
38096 41890
38096 44306
38096 44327
38098 47371
38102 49583
38106 49906
38108 41455
38109 41759
38110 38221
38110 40102
38116 38936
38117 39503
38117 49410
38118 38991
38120 42816
38121 39402
38126 40003
38126 42259
38126 42983
38127 38558
38128 41951
38129 42014
38129 42660
38131 38149
38131 39556
38131 48206
38133 46092
38134 39037
38134 45881
38136 41025
38141 39444
38146 47530
38147 39423
38147 44922
38150 45426
38153 47184
38154 49846
38159 38811
38159 42194
38159 45980
38167 39645
38167 42967
38172 39529
38172 45700
38174 42642
38174 45989
38177 44646
38187 45571
38188 39928
38188 42779
38188 46518
38190 48683
38191 39302
38198 38355
38200 41961
38202 41049
38203 43698
38210 39641
38210 45541
38211 48885
38213 44913
38213 46757
38214 48968
38215 43578
38217 47606
38223 42295
38225 48291
38226 40655
38228 39918
38230 38941
38232 39043
38232 40442
38233 45670
38236 43909
38239 40963
38239 44149
38242 49759
38243 38851
38246 42787
38251 46758
38251 48717
38256 44326
38258 43770
38258 45259
38260 38317
38261 42482
38261 49734
38267 38436
38272 47588
38274 44249
38274 49339
38275 42762
38280 39291
38280 42631
38281 41768
38288 40453
38288 43059
38291 38978
38293 44619
38294 43057
38294 45433
38301 40729
38305 45568
38306 46156
38306 48710
38310 39961
38310 49276
38312 43912
38312 46125
38313 45926
38313 48909
38315 43673
38316 45757
38316 46980
38318 42195
38318 48242
38319 48617
38321 49292
38324 41568
38327 40003
38327 48388
38328 43521
38330 45037
38330 46910
38330 47930
38332 46202
38335 48474
38335 48726
38336 42353
38339 44390
38341 45045
38342 40801
38344 41171
38351 40529
38351 46456
38352 45415
38353 49636
38356 49973
38357 39381
38372 45313
38373 44384
38376 48615
38378 38868
38381 42208
38381 45581
38382 49274
38385 40804
38385 44533
38385 48587
38386 44766
38388 44854
38392 48572
38393 43826
38394 47502
38397 43465
38397 46882
38401 43811
38403 43941
38408 47823
38414 38967
38414 41890
38415 41214
38416 46624
38416 47617
38421 40512
38421 45914
38423 45092
38424 42924
38425 49296
38426 42657
38427 41534
38428 48460
38428 49912
38430 39990
38431 41285
38432 44415
38438 39843
38443 47063
38446 44740
38447 42247
38447 44731
38450 41597
38451 41175
38451 44003
38459 44447
38459 46893
38459 49325
38460 41405
38461 40318
38461 45450
38464 47441
38466 45227
38467 43018
38468 42029
38471 41956
38473 45215
38473 48423
38475 42693
38476 41485
38476 48123
38478 41742
38480 43730
38480 48504
38483 45162
38487 41995
38490 38496
38493 42299
38494 46374
38495 40085
38497 40311
38500 48482
38501 42777
38502 41824
38507 48928
38510 41159
38512 44336
38513 42521
38513 49903
38516 43775
38517 42035
38526 46229
38530 47669
38532 44216
38532 47338
38533 39601
38533 48834
38534 49816
38535 43141
38536 39416
38538 39102
38539 45661
38542 39111
38543 38885
38546 41965
38549 41717
38550 48010
38550 48503
38552 49767
38553 44582
38555 40148
38555 44757
38556 49749
38558 45623
38558 46530
38559 43405
38567 49795
38569 45318
38570 49289
38571 42017
38571 49403
38576 40190
38576 48989
38581 39770
38583 48493
38584 43925
38584 48003
38586 42220
38588 47504
38589 48206
38591 40289
38594 39216
38598 40666
38602 42297
38603 48843
38605 49585
38609 48270
38612 39328
38614 49045
38618 39863
38618 41903
38618 49270
38619 46862
38620 42110
38622 39033
38622 39706
38624 42168
38625 45788
38626 41667
38630 43446
38637 42829
38638 39489
38640 48103
38643 44555
38643 44613
38645 42830
38647 40821
38647 41869
38648 41909
38649 41864
38652 41077
38656 48131
38661 47064
38662 41026
38663 46260
38664 48240
38665 38800
38665 42157
38666 39916
38669 47582
38672 47105
38674 48447
38681 40334
38684 40070
38688 43412
38691 47854
38691 49345
38693 43307
38695 48617
38705 46853
38706 42617
38707 47249
38708 48302
38709 45842
38710 40465
38717 48951
38718 39073
38719 43367
38719 44452
38723 49300
38724 43524
38725 45660
38730 46283
38731 41828
38732 47364
38734 43770
38735 42378
38741 40815
38742 39973
38742 44286
38744 48227
38745 39614
38745 40209
38747 43484
38747 47568
38748 45013
38749 49388
38750 45478
38750 48150
38752 48048
38755 43464
38755 47106
38756 44756
38758 42880
38760 49346
38761 46834
38762 45354
38763 39639
38764 44049
38765 42602
38785 44676
38792 44291
38793 47698
38794 44079
38796 40079
38796 40383
38800 44056
38801 40969
38802 48031
38805 47916
38806 41597
38806 48056
38811 42055
38814 44211
38822 44365
38822 45199
38826 46623
38826 49570
38829 41470
38832 42203
38835 49711
38836 42946
38837 44355
38841 49798
38846 46199
38855 48879
38857 40681
38859 40475
38860 39436
38868 39397
38872 40985
38872 46517
38874 47216
38877 47430
38878 45050
38884 42343
38884 49504
38886 49443
38890 40978
38891 42829
38891 44605
38893 40960
38895 48930
38896 41346
38897 41233
38899 44876
38899 48799
38901 46393
38904 49300
38906 41764
38908 47197
38919 40189
38921 40076
38924 45578
38926 44961
38927 49091
38929 45519
38933 39761
38933 40254
38934 45820
38935 44865
38936 49187
38940 39541
38940 44452
38943 39391
38946 43959
38947 43898
38952 48266
38956 39221
38959 42370
38969 45978
38972 49863
38979 42885
38981 49881
38982 47342
38984 48602
38986 40193
38988 45773
38991 39514
38992 49168
38997 47076
38999 44080
39000 49760
39001 41892
39002 48288
39003 42572
39005 45047
39011 41979
39013 46668
39015 49163
39020 41940
39020 47319
39022 41826
39025 39063
39030 43215
39035 41084
39039 41463
39041 39478
39043 39177
39044 43797
39046 39633
39046 39646
39048 43077
39052 40986
39052 48229
39054 39593
39056 48283
39064 49858
39073 43452
39085 40407
39087 48119
39089 42786
39091 48089
39092 40743
39092 44821
39094 45545
39094 49269
39100 41993
39100 46149
39101 41957
39105 49010
39108 44700
39108 47441
39109 49928
39111 44885
39112 46698
39117 46799
39119 43124
39121 42282
39125 45920
39130 47209
39130 48311
39138 44732
39140 43018
39142 40633
39144 39488
39144 39784
39144 41522
39144 42676
39145 41359
39150 39325
39153 40573
39153 43704
39157 43042
39157 46615
39160 47365
39161 44308
39163 41575
39164 46932
39172 45855
39174 41205
39177 40264
39179 46214
39180 41758
39180 43572
39181 49291
39183 39673
39184 39823
39184 44911
39186 42858
39187 40715
39190 39361
39193 44959
39194 45644
39196 40070
39196 48832
39197 48471
39198 41191
39199 42370
39199 42596
39199 44435
39199 48874
39200 49012
39201 47046
39202 44692
39204 41142
39204 47003
39207 40520
39208 41562
39209 45633
39210 45034
39212 48886
39216 42857
39217 48883
39221 44952
39229 48858
39230 44488
39237 44721
39238 41183
39239 43006
39243 41887
39243 49249
39244 43386
39247 39702
39247 46421
39248 39654
39248 46208
39251 39763
39251 48647
39252 48668
39261 47218
39264 43573
39270 47180
39271 46138
39272 46723
39272 48686
39275 43591
39278 46359
39278 48744
39279 49398
39281 43816
39282 45685
39285 47395
39286 42253
39293 47132
39303 40880
39303 44643
39303 47806
39304 43206
39307 49401
39308 41360
39311 43937
39313 47556
39315 49266
39317 49752
39318 43291
39319 46384
39319 48955
39320 47378
39327 46078
39331 45020
39332 42514
39332 44420
39334 47324
39336 39536
39336 49161
39337 44819
39339 40592
39339 44177
39344 45420
39344 49899
39345 43594
39353 41467
39355 43293
39355 43457
39356 40519
39357 44864
39361 40422
39363 44418
39364 47859
39365 41624
39366 45208
39367 46456
39371 42477
39371 44825
39372 42155
39374 39665
39374 43530
39377 45801
39381 42253
39382 44521
39387 39924
39389 43037
39390 49872
39401 41226
39401 46157
39403 40520
39404 44599
39410 47087
39415 44448
39416 41569
39430 40141
39430 43019
39432 44926
39433 49001
39434 45360
39438 42566
39443 41459
39448 48645
39453 42747
39453 43549
39457 40874
39459 47999
39459 49087
39463 40681
39466 44641
39472 43141
39472 47631
39482 39609
39483 39741
39486 39883
39486 44240
39488 43540
39488 45816
39493 47097
39497 42565
39498 44458
39498 47174
39502 49572
39507 48537
39508 46853
39510 43383
39512 40050
39512 45379
39514 42812
39518 45808
39523 46940
39523 48415
39524 44869
39525 45628
39525 47291
39529 45345
39530 40800
39533 45532
39541 49388
39542 48256
39544 42070
39548 49049
39549 40391
39550 48716
39561 40764
39562 45233
39566 45603
39571 42509
39571 44541
39574 49235
39575 40960
39575 41594
39577 49634
39584 39651
39587 49458
39594 48025
39599 43617
39602 42158
39603 49293
39610 44220
39611 46239
39613 43821
39616 45651
39619 42745
39620 44515
39626 44930
39628 44584
39634 45710
39640 48396
39643 40478
39644 47830
39646 44043
39649 41574
39649 46952
39653 47554
39654 47081
39655 39677
39655 40236
39657 42267
39660 45184
39660 46226
39661 49653
39662 45493
39665 49032
39669 42879
39669 45214
39672 48793
39673 47890
39677 45628
39679 43691
39681 47367
39686 45129
39687 47940
39691 48396
39693 42712
39693 45421
39695 40368
39696 43970
39699 49245
39700 49858
39705 42438
39707 43445
39711 40316
39715 42995
39718 48185
39721 45499
39723 40925
39723 48002
39724 49266
39725 42956
39730 49862
39733 49191
39734 44276
39736 45024
39736 49236
39737 43027
39740 41935
39743 42096
39743 44379
39747 43259
39750 40024
39750 45856
39751 41987
39752 47386
39758 44318
39772 41952
39781 45612
39782 49580
39785 45194
39790 44130
39791 39988
39797 45165
39799 40743
39801 43517
39803 45943
39806 44907
39807 45256
39808 45263
39810 47919
39813 46659
39818 42514
39824 47369
39825 43872
39826 41032
39828 47414
39832 48098
39833 44855
39838 41177
39844 42332
39844 43137
39845 49965
39847 46400
39850 41399
39850 44073
39850 45105
39853 43522
39855 45515
39857 45268
39862 48522
39863 47416
39865 40369
39871 48886
39878 48674
39879 47862
39881 41216
39881 46672
39882 44179
39885 46658
39886 41417
39888 48649
39890 44765
39897 42930
39899 45735
39900 45765
39906 46650
39909 47282
39913 42608
39919 41747
39923 40918
39923 42859
39923 42898
39923 45625
39927 43304
39927 46291
39934 40011
39935 43571
39938 41277
39938 49939
39940 43362
39940 46210
39940 47100
39945 45320
39946 42225
39948 40505
39952 48904
39954 41134
39954 46826
39963 40191
39969 41619
39970 40909
39972 49202
39973 47637
39974 46847
39975 46478
39982 41167
39982 42072
39984 48863
39985 40134
39987 46128
39994 46224
39996 48483
40000 49240
40011 43901
40012 49476
40013 47064
40015 47513
40018 42927
40019 46008
40022 46881
40025 40052
40025 43930
40030 40668
40032 44115
40039 42719
40039 42810
40043 42310
40045 48442
40051 41393
40051 42067
40055 46021
40056 45136
40059 41707
40059 42138
40061 40559
40066 44386
40069 46585
40069 48092
40071 49291
40075 40441
40078 41551
40078 42303
40079 46038
40082 47982
40083 46529
40086 40855
40086 45072
40088 46320
40091 45509
40093 47281
40105 44994
40105 45129
40108 47733
40110 49929
40117 43896
40119 47554
40122 46720
40125 43636
40127 48657
40129 46865
40131 41378
40133 41281
40137 40435
40144 48435
40149 41605
40149 47303
40150 42331
40151 40865
40157 42561
40162 41849
40162 43349
40166 47713
40168 45333
40169 45251
40174 43809
40174 47614
40176 45974
40178 44723
40181 40862
40181 42524
40181 45140
40184 48986
40185 46402
40185 48218
40192 41765
40194 44804
40195 46688
40196 44125
40198 47465
40199 49186
40200 41622
40201 41977
40203 48876
40206 48729
40208 43778
40219 40863
40219 41438
40221 44462
40224 45898
40227 42540
40228 45133
40230 46705
40236 44118
40236 46221
40243 41619
40245 47298
40245 49093
40250 41266
40251 47462
40252 49779
40253 49319
40254 44107
40256 46547
40258 45639
40266 41766
40267 44911
40270 44742
40281 40564
40282 40711
40282 45135
40286 46051
40289 47977
40291 44648
40294 41791
40299 49048
40304 44301
40305 46837
40311 48539
40314 42066
40315 43218
40316 40987
40320 46013
40325 42701
40330 44291
40332 43870
40334 43096
40335 41874
40336 41072
40337 41468
40339 45996
40339 48548
40340 47257
40341 48115
40343 41232
40343 43588
40343 44564
40348 46463
40349 47842
40351 41342
40353 46327
40354 44795
40354 47481
40355 43994
40360 47041
40360 49276
40361 46578
40364 47359
40365 43982
40366 41149
40367 45553
40368 40933
40372 49009
40373 41785
40373 42531
40382 41327
40382 44192
40388 49747
40391 44169
40392 41316
40392 47302
40394 40735
40394 45141
40404 42827
40408 44658
40409 45685
40410 46475
40414 43746
40415 46354
40422 47877
40426 46455
40429 42701
40432 41043
40433 45644
40435 40982
40436 45218
40437 41970
40437 43930
40437 45521
40442 46632
40443 47732
40447 40488
40447 45899
40449 48181
40455 47291
40456 41649
40456 42847
40459 43194
40459 49056
40460 49081
40461 42104
40463 42220
40463 49286
40464 47676
40471 43167
40473 49183
40475 40871
40480 44754
40486 45063
40489 48768
40490 47793
40495 45551
40496 41879
40501 41132
40504 46170
40505 43300
40505 44709
40506 43255
40510 42612
40518 41566
40518 42193
40522 49633
40526 49643
40528 47498
40529 45258
40530 49841
40531 44155
40536 48890
40537 44241
40540 48750
40544 42520
40546 48635
40550 45190
40550 47487
40556 46952
40561 40634
40561 47304
40562 41613
40565 42225
40565 44880
40566 41146
40567 42608
40568 48345
40569 41319
40570 47417
40571 49670
40572 47839
40576 46033
40576 47118
40578 45767
40580 45442
40583 41836
40583 47505
40583 48023
40586 43978
40593 45192
40594 49524
40596 49290
40597 48077
40601 48248
40604 45066
40604 49781
40607 46857
40610 41269
40612 42156
40613 47805
40614 48563
40614 49789
40617 44132
40623 43133
40625 42487
40626 44098
40639 48155
40640 49713
40643 49099
40648 41035
40648 45030
40656 45287
40662 41190
40663 42934
40670 41197
40670 45598
40671 42026
40671 47054
40673 49109
40674 40852
40676 42830
40678 49740
40680 48755
40683 48506
40684 46944
40687 42879
40688 41055
40691 46582
40695 42529
40695 49634
40698 41262
40698 48072
40701 49553
40704 46894
40709 44394
40710 45707
40712 42762
40716 47940
40720 42769
40721 45968
40722 41311
40724 44182
40730 44934
40730 46252
40731 42976
40731 47103
40733 48686
40739 49471
40749 41557
40749 46198
40750 46254
40751 44379
40751 49082
40753 40874
40754 46050
40761 48775
40762 41556
40762 43491
40762 49571
40763 44711
40764 43143
40764 49202
40765 42560
40768 41674
40768 46280
40769 44938
40773 42994
40774 48509
40775 40840
40778 47485
40787 42835
40791 44128
40791 44451
40793 44095
40793 48803
40800 42222
40803 49203
40820 48921
40823 46947
40824 49841
40824 49846
40828 42481
40834 46837
40836 47612
40837 42285
40837 43576
40837 48972
40839 46373
40839 48993
40841 46361
40843 47596
40843 49529
40844 41833
40844 46900
40847 40913
40848 49720
40851 43158
40860 42321
40864 44718
40864 45681
40877 45284
40878 41564
40878 42211
40878 43087
40880 45328
40885 43892
40891 43639
40892 48190
40894 48790
40899 43525
40906 41729
40909 43796
40915 46969
40916 45282
40916 47670
40916 47875
40916 49926
40918 45242
40921 44791
40923 48964
40924 45650
40925 45955
40931 49048
40935 45601
40935 48875
40938 46728
40940 42329
40942 48530
40943 46522
40945 42167
40946 42937
40946 44819
40946 49795
40948 45350
40957 44628
40962 47345
40965 44261
40968 42276
40968 46733
40972 45632
40972 49226
40975 48713
40975 49129
40976 41568
40981 49430
40985 46737
40985 49619
40995 47642
40997 42319
41000 48899
41002 49552
41011 45517
41012 44477
41017 47857
41020 41426
41024 46185
41029 49825
41031 47777
41036 47283
41040 49926
41042 43803
41046 47797
41049 43447
41051 45573
41053 42219
41055 49871
41060 49155
41067 41147
41069 49120
41071 45972
41071 49202
41072 49614
41073 49985
41077 45217
41080 42954
41082 44293
41087 49639
41089 48865
41095 41621
41100 43208
41105 42757
41106 49315
41107 41557
41107 44521
41109 45451
41110 41220
41111 41713
41111 49225
41120 43065
41121 41750
41122 41500
41122 47320
41123 48788
41124 49298
41125 44857
41129 46123
41138 46885
41141 48220
41142 48786
41147 49123
41148 47808
41154 45703
41154 49595
41155 42605
41159 48216
41159 48997
41167 42504
41170 41561
41172 41305
41172 49627
41180 44169
41181 43864
41186 42717
41190 44828
41193 47299
41194 41264
41196 41377
41197 47834
41202 41472
41210 41734
41211 47653
41213 46013
41213 49909
41216 48423
41221 48087
41222 46287
41223 46510
41227 43969
41232 45672
41235 44190
41236 47494
41245 44544
41254 48437
41256 44564
41257 47283
41263 42306
41263 43557
41265 46797
41266 43667
41272 45763
41273 46819
41276 45654
41279 48999
41281 44066
41282 48705
41292 44739
41293 47438
41295 43995
41296 48127
41297 46691
41297 47629
41302 47748
41305 45984
41307 41881
41313 41833
41313 49764
41314 43247
41315 45054
41317 45494
41317 46833
41321 44726
41322 43561
41323 42024
41324 46266
41328 42272
41328 43494
41337 42881
41339 49196
41342 44884
41345 47583
41365 49542
41367 44435
41368 42692
41372 46676
41375 43594
41380 41992
41380 48400
41387 41855
41387 42835
41390 44298
41390 44818
41394 48049
41400 42773
41403 42382
41410 47460
41413 49108
41416 48609
41419 47259
41422 45745
41423 47256
41424 46974
41431 48113
41432 42520
41433 47886
41435 41658
41435 42946
41436 43735
41436 44479
41436 49132
41437 47467
41441 44514
41442 46024
41445 46413
41449 45034
41455 42849
41456 48495
41458 43740
41461 42346
41461 48977
41463 43941
41466 42995
41466 47850
41466 48732
41472 46536
41476 45086
41479 42651
41480 42157
41480 46157
41485 44034
41487 42250
41488 42637
41489 48804
41492 43583
41493 46965
41498 47662
41499 46332
41513 48991
41517 41735
41521 42982
41526 44902
41527 43874
41533 49841
41537 42161
41539 44970
41540 46798
41541 44657
41541 45241
41551 42303
41555 47037
41556 44493
41564 43043
41564 49837
41565 42518
41566 45558
41574 45223
41577 42708
41577 48268
41581 46634
41583 49747
41584 42118
41587 42183
41591 49409
41592 47137
41594 47086
41596 47611
41598 41688
41598 45498
41601 44273
41607 45307
41609 47955
41613 42373
41616 43410
41618 42311
41619 46174
41625 44828
41625 48163
41627 49443
41632 42056
41636 44574
41636 48904
41642 46995
41652 46782
41655 42954
41656 47276
41657 43666
41664 42007
41667 47650
41675 49534
41680 46059
41690 44587
41694 46210
41694 48145
41700 45994
41701 45909
41710 44457
41711 48710
41719 47175
41722 42560
41723 42449
41726 44926
41730 41961
41735 49526
41742 45211
41745 49502
41747 47972
41750 43135
41755 48599
41760 47414
41762 48011
41764 48068
41766 45113
41770 43246
41770 45753
41777 42380
41779 42605
41781 42067
41781 43984
41781 44985
41785 42649
41786 46831
41786 49612
41789 49977
41791 46413
41801 49580
41803 45965
41803 47629
41804 43237
41804 49998
41807 44738
41811 46580
41812 48706
41813 49225
41822 43718
41824 45189
41824 47924
41826 46315
41833 43461
41838 42504
41838 47634
41846 47338
41847 42838
41850 47835
41851 49177
41854 45716
41856 47994
41859 43041
41859 48635
41861 45453
41866 46392
41867 42667
41867 48420
41871 45759
41872 44203
41874 49583
41886 44528
41890 46614
41891 45476
41893 42459
41894 46777
41896 46853
41903 43384
41908 46676
41910 48895
41917 43707
41919 42785
41922 42508
41927 48425
41929 44284
41929 48887
41930 44982
41932 49572
41941 44012
41948 45503
41956 49258
41960 43219
41961 48807
41964 43566
41967 45995
41967 46188
41968 44093
41968 46685
41970 49907
41971 42273
41974 43904
41974 46066
41981 48716
41982 46587
41986 48157
41989 46982
41998 42179
42001 44330
42001 49634
42003 42681
42013 45280
42020 46215
42022 42212
42028 44672
42033 44875
42039 45466
42040 43583
42055 44255
42056 44354
42058 42122
42066 49828
42067 42234
42068 47582
42069 48533
42073 44722
42073 46071
42075 44593
42077 44763
42078 48464
42079 42102
42089 44392
42094 42399
42096 44801
42115 42894
42115 45376
42118 44477
42120 49911
42122 49230
42125 46696
42127 47859
42129 43959
42130 46290
42135 46712
42138 46984
42140 48194
42143 45060
42145 45068
42151 45022
42156 42452
42156 48510
42164 42983
42166 45006
42173 46729
42175 49897
42176 45642
42176 48175
42177 49375
42178 45626
42179 44288
42179 46038
42180 45023
42181 43636
42182 47142
42184 43789
42185 44671
42186 44436
42190 43028
42192 48646
42195 48425
42195 48495
42197 44365
42203 44770
42206 45066
42207 49179
42208 44235
42209 46409
42213 44043
42213 49763
42214 44796
42214 45163
42218 43941
42218 45601
42226 47374
42228 43203
42228 43829
42244 49560
42248 42832
42251 49610
42252 47748
42257 43697
42262 48146
42265 47997
42271 42518
42272 45607
42275 49106
42277 47577
42278 46885
42283 46200
42283 49456
42285 49283
42286 46322
42287 47648
42288 47221
42292 47900
42303 46472
42311 42339
42313 48322
42315 45569
42319 42446
42319 46881
42325 44661
42328 45836
42329 46067
42330 46838
42334 48058
42340 44701
42343 43142
42353 47369
42354 49483
42358 47489
42361 47444
42361 47479
42363 47580
42365 45098
42368 46329
42369 49354
42371 45299
42371 46349
42372 45858
42377 49990
42378 48338
42379 42692
42379 47757
42386 47362
42388 48636
42390 49769
42395 45239
42397 46776
42397 48610
42404 43618
42404 47667
42404 49605
42405 43497
42405 47984
42407 46352
42409 42843
42412 49414
42428 48270
42428 49132
42432 46522
42435 42688
42435 43495
42436 43165
42437 48537
42438 42557
42442 49177
42443 47323
42448 49344
42449 44647
42450 44212
42450 49742
42451 48204
42459 43972
42462 42761
42463 43406
42464 48085
42467 42916
42471 44343
42474 43844
42478 45744
42479 42638
42484 42994
42487 45012
42499 47609
42500 42815
42510 48329
42512 44668
42515 46958
42519 45660
42519 47431
42525 45856
42530 47162
42534 44951
42541 46911
42541 47694
42541 48761
42542 49616
42547 43658
42550 43773
42550 44434
42550 48483
42552 47728
42563 46811
42565 42762
42567 46056
42571 49368
42572 48529
42575 46214
42579 49367
42580 44135
42580 46358
42582 49432
42584 46859
42589 47766
42593 45579
42594 48231
42595 44721
42595 48745
42596 45231
42596 46956
42598 46567
42603 42668
42608 43552
42614 44454
42617 44237
42617 44766
42620 44736
42627 44261
42629 47085
42638 43747
42639 46914
42639 48587
42640 46248
42640 48344
42643 48821
42646 45131
42648 49944
42656 43799
42673 45075
42678 49347
42681 44267
42681 47174
42686 44454
42692 48357
42695 49489
42700 45025
42703 45578
42703 46940
42709 43910
42709 48950
42714 43000
42718 45359
42725 45299
42727 45205
42727 46548
42728 43975
42728 49994
42730 44250
42734 43560
42739 49087
42746 47928
42751 48224
42756 45891
42762 43411
42769 48911
42773 44299
42773 46370
42774 43571
42774 47233
42779 48147
42781 46658
42783 49523
42785 45596
42786 45480
42795 46730
42796 49137
42798 44271
42800 43256
42801 45124
42802 44769
42802 49640
42803 45432
42804 46804
42805 48035
42807 46300
42810 43898
42811 46251
42815 47423
42823 44390
42826 48453
42833 45748
42835 48809
42841 43110
42843 43086
42844 44926
42846 43656
42847 48660
42847 48717
42849 43157
42853 49116
42861 49565
42868 44641
42885 45530
42888 43005
42889 44174
42890 44619
42903 49144
42907 47462
42909 49794
42910 46452
42910 47222
42913 46186
42918 43183
42922 44025
42922 45813
42925 48416
42926 49859
42928 46828
42934 47011
42936 45408
42939 47147
42940 46400
42944 44482
42945 44383
42945 49509
42946 46212
42946 48093
42952 43574
42960 44007
42962 48666
42963 49640
42970 47192
42970 49640
42971 48071
42972 44163
42974 46652
42979 47303
42992 46491
42992 47260
42993 44181
42993 47168
42998 44039
42998 46419
42999 45752
43000 46245
43001 48336
43015 43648
43018 45562
43022 44729
43022 47490
43024 46830
43038 46823
43044 47334
43059 45803
43064 49550
43065 45902
43070 49280
43076 45927
43085 48232
43087 48041
43090 43704
43094 43733
43108 44672
43114 44309
43124 46390
43126 49396
43136 44440
43143 46510
43145 44036
43150 45470
43150 47373
43154 43665
43156 46926
43158 46630
43160 47201
43160 48013
43165 43633
43169 47688
43172 49397
43190 44613
43192 47347
43199 43855
43199 46412
43203 49199
43205 45691
43206 47777
43207 47440
43208 44252
43209 47541
43212 48977
43217 48472
43222 49934
43223 46862
43227 43959
43228 46571
43229 49216
43235 46170
43237 44533
43245 44710
43246 46857
43254 44100
43256 46882
43256 48082
43263 44540
43263 46593
43267 43921
43273 45602
43281 48993
43282 45285
43286 48713
43290 44992
43292 48179
43297 49737
43300 48452
43307 48614
43312 45178
43318 43344
43328 48809
43338 43773
43340 44531
43341 49251
43343 45346
43348 44474
43350 44756
43355 44150
43357 46055
43360 48790
43361 43592
43362 45512
43366 45628
43371 47390
43373 47136
43381 46261
43381 47386
43383 44159
43386 45687
43389 46971
43392 48428
43393 48189
43396 44912
43397 45850
43407 49691
43408 43998
43416 46088
43419 44505
43421 49338
43422 45633
43425 47300
43429 48366
43431 45070
43431 49341
43435 44007
43441 45925
43447 49582
43455 46525
43460 45628
43468 47074
43478 44966
43478 46427
43480 47569
43480 47728
43484 47173
43484 49112
43486 46946
43488 46724
43497 45896
43497 49177
43505 45248
43507 44665
43510 48006
43512 48914
43512 49315
43513 45121
43515 44615
43515 44622
43527 48438
43528 49632
43530 49497
43538 48909
43542 46418
43546 49701
43550 43888
43552 44491
43567 47229
43568 43757
43580 45092
43594 49251
43602 49452
43606 49244
43609 46583
43624 45824
43625 45793
43625 47558
43652 43714
43657 46868
43662 45155
43668 46880
43669 44448
43671 49974
43677 44032
43677 49789
43681 48892
43688 43873
43691 45734
43692 45349
43693 45131
43703 48837
43704 48626
43707 47942
43708 47698
43710 47408
43717 46858
43719 48188
43722 48591
43726 45453
43736 49061
43739 43911
43740 47601
43744 48583
43752 46893
43752 49360
43765 47349
43767 48154
43775 49628
43784 44494
43789 48498
43799 43848
43803 46218
43804 48409
43810 45328
43810 46810
43811 47709
43817 46447
43818 44883
43833 47516
43840 48670
43852 45947
43862 45976
43866 47049
43868 47895
43871 47475
43872 44176
43876 45188
43876 46935
43876 49677
43889 45779
43894 46556
43895 48186
43895 48386
43901 49586
43911 49483
43917 48338
43919 47637
43919 47871
43920 47370
43923 47099
43923 47680
43927 46189
43929 45237
43930 48130
43931 48744
43933 45777
43937 44949
43940 44801
43943 45939
43947 48286
43949 49928
43952 49121
43956 46604
43959 45001
43965 45987
43970 44113
43971 45198
43973 45991
43973 46640
43980 44593
43984 45151
43996 45741
43997 45296
44002 46815
44009 47053
44010 45627
44016 46401
44025 49602
44026 44416
44027 45377
44037 44657
44038 46443
44043 46188
44044 48686
44048 44595
44054 48329
44058 48968
44060 45709
44070 47161
44071 46135
44088 45389
44095 44485
44098 46330
44099 44379
44100 48932
44101 49536
44106 47117
44110 49928
44113 49257
44115 45954
44121 46721
44122 49775
44125 45942
44125 47962
44128 48551
44129 45058
44139 49394
44150 49445
44151 44754
44155 47420
44162 48566
44164 47594
44171 44960
44180 46179
44182 49387
44185 46376
44197 49818
44205 49111
44206 47337
44214 45716
44214 46199
44214 47534
44214 48256
44219 48130
44219 49308
44223 45382
44224 44486
44224 47396
44229 47460
44237 48778
44239 49508
44241 45651
44244 48150
44247 44332
44247 45720
44251 44970
44253 44441
44253 48184
44271 47916
44272 45304
44273 47930
44275 45696
44283 46697
44284 49530
44289 48366
44291 48496
44294 49234
44298 46611
44303 45859
44312 46514
44314 46762
44316 48858
44317 47481
44318 46002
44318 46482
44321 47369
44330 47225
44331 49012
44332 49392
44342 49202
44346 44635
44358 47142
44360 44695
44365 48734
44369 48547
44392 49090
44395 49766
44400 47860
44404 45864
44406 49213
44407 46789
44410 49305
44411 46722
44413 46740
44415 46621
44428 49941
44433 44791
44438 46590
44438 49532
44450 45616
44454 47601
44454 49152
44457 45529
44457 47744
44469 46891
44473 46787
44493 45117
44494 45270
44494 47883
44498 48308
44500 46386
44501 46279
44518 44964
44521 44869
44521 49454
44522 46925
44526 45166
44528 47240
44531 49159
44532 48326
44534 46639
44536 45977
44536 47486
44537 48648
44541 47884
44545 44998
44546 46203
44548 46728
44550 45483
44552 49850
44556 49199
44564 47305
44565 46663
44577 44655
44577 48220
44578 46396
44588 48270
44609 47510
44610 47632
44611 49032
44612 47582
44620 45943
44625 49810
44643 48407
44645 49858
44649 45308
44666 47399
44670 48202
44671 47700
44685 47701
44686 45919
44695 47549
44697 45335
44698 47285
44718 48110
44719 47660
44726 46998
44736 45377
44736 46258
44737 48466
44751 45229
44769 49891
44770 48400
44775 47766
44789 46323
44800 45316
44800 48142
44826 46722
44829 49249
44838 44878
44840 45054
44840 47520
44853 47167
44855 48918
44857 45934
44857 47055
44865 45929
44869 46672
44884 46575
44884 47390
44885 46562
44894 45472
44894 49007
44895 48361
44921 47734
44922 47998
44922 48459
44922 49531
44928 48373
44929 48351
44930 48881
44932 49195
44935 45122
44939 45018
44949 48490
44953 47804
44954 46137
44965 46710
44967 48675
44969 46667
44969 49722
44980 48688
44991 48394
44992 47530
44993 45235
44996 46422
45001 47443
45009 49508
45015 46642
45016 45210
45018 49483
45019 49229
45027 47868
45031 45203
45034 45997
45039 46166
45040 49230
45051 47516
45053 46454
45062 45130
45062 46241
45068 49120
45074 45379
45074 49837
45077 46623
45079 46865
45080 45799
45084 48804
45084 49708
45098 46914
45100 48616
45102 45250
45113 45486
45124 46065
45127 46080
45150 45643
45150 47932
45152 47943
45152 49062
45154 49017
45160 49565
45163 49698
45170 45631
45178 49657
45179 49178
45182 47757
45183 47609
45195 45737
45199 47622
45199 49745
45200 45629
45204 45473
45212 48350
45213 49432
45218 45621
45219 46489
45221 48399
45225 48301
45225 48838
45229 46710
45231 48734
45237 46937
45241 46791
45242 47449
45252 49430
45253 45447
45255 45974
45263 46644
45265 45332
45267 49972
45268 49718
45281 48638
45287 48073
45290 47596
45293 46784
45331 46860
45332 47279
45333 49196
45338 47326
45341 49578
45348 48627
45351 45788
45376 49007
45381 48724
45391 49978
45393 48802
45428 45632
45428 47661
45430 46614
45449 47046
45456 47533
45458 48461
45467 46949
45497 48184
45515 45567
45518 47693
45524 48365
45527 49964
45544 49916
45551 47545
45551 48957
45556 45826
45558 49957
45563 47895
45564 46028
45566 47319
45567 49217
45568 46204
45576 46967
45577 47819
45579 49239
45584 46387
45586 48474
45592 46816
45593 47040
45593 49024
45594 47794
45596 47939
45599 49772
45600 48414
45600 49543
45602 49149
45607 46045
45613 46225
45635 46192
45641 47294
45644 45713
45648 47592
45655 46270
45657 46256
45665 48017
45666 49314
45670 49406
45674 45996
45674 48443
45676 46109
45676 48685
45680 48052
45681 47541
45684 46985
45696 46587
45698 47702
45699 47943
45704 48556
45704 49136
45716 47860
45717 47307
45724 47459
45727 49582
45733 49198
45747 46098
45747 47780
45750 49615
45754 48064
45756 49258
45762 46822
45765 46550
45766 49762
45769 49077
45770 46192
45771 48890
45787 48668
45787 48875
45795 46362
45797 47136
45809 48704
45819 46485
45821 47989
45822 47466
45846 46326
45849 48444
45853 45864
45859 46819
45863 47967
45868 47352
45877 48278
45885 46675
45889 49258
45909 48729
45919 48284
45929 48219
45933 47835
45934 46316
45941 49831
45947 48683
45973 46343
45974 47437
45977 46737
45978 49724
45979 46078
45984 47660
45984 49969
45994 46808
45995 48933
46039 47689
46040 46288
46040 48456
46052 46651
46060 48741
46062 49774
46063 48760
46064 47963
46070 47470
46079 46772
46084 46993
46094 49476
46100 46405
46107 49695
46109 48149
46109 49049
46111 48121
46121 49885
46126 48971
46145 46899
46148 48661
46149 48010
46158 48439
46175 49518
46178 48340
46179 49089
46184 47164
46187 46305
46189 49534
46196 48662
46200 49555
46203 47036
46218 49998
46224 48908
46227 49319
46228 46795
46232 49235
46245 46299
46289 49775
46304 49107
46306 47054
46309 49865
46312 46561
46326 47866
46334 48003
46339 49215
46341 47560
46352 49408
46360 48820
46361 47267
46363 49986
46368 48982
46368 49477
46412 47066
46417 48470
46422 47609
46424 48915
46426 47530
46430 48056
46431 49939
46441 48775
46442 46586
46442 49901
46447 48654
46450 48801
46452 49921
46460 46830
46460 47858
46467 48702
46474 48418
46494 47778
46513 49632
46541 48906
46544 48032
46553 48108
46565 49315
46569 47681
46573 48426
46577 49868
46578 47112
46584 49387
46589 49695
46591 47103
46592 46960
46600 49472
46602 47722
46611 47605
46612 47202
46630 47349
46633 49940
46639 49022
46639 49086
46690 49081
46690 49837
46706 48554
46708 47056
46711 49486
46720 47826
46721 46767
46723 46786
46730 47311
46739 49998
46740 48093
46741 49086
46742 47600
46747 46850
46753 49680
46767 48361
46770 49555
46772 47008
46772 47871
46772 48866
46773 47481
46780 46930
46781 49989
46794 46904
46797 49188
46798 49724
46800 49612
46806 48461
46809 48744
46812 48061
46814 49381
46818 47493
46822 46954
46823 48442
46829 47411
46833 49702
46837 48174
46839 48827
46846 49119
46847 47917
46853 49262
46859 47393
46862 49297
46864 47269
46873 48747
46877 47546
46902 49733
46920 47354
46923 47311
46935 48460
46935 49739
46949 49801
46955 49397
46957 47622
46963 49935
46969 49805
46977 49850
46987 47835
46991 47234
46996 47885
47003 48543
47010 47770
47019 49348
47032 49543
47046 47347
47060 49689
47075 49466
47078 49741
47083 47438
47087 49126
47093 49959
47096 47444
47112 48429
47129 47569
47135 47593
47177 49595
47180 48748
47184 47889
47187 49224
47192 47247
47194 47482
47200 48678
47208 47379
47211 48927
47217 49288
47227 48123
47255 47576
47256 48277
47258 47731
47268 47565
47277 48727
47294 49569
47296 48526
47297 47414
47314 48523
47322 48096
47342 49892
47343 48745
47362 47806
47375 47860
47383 47597
47410 49659
47420 49069
47431 48423
47475 48938
47489 49902
47495 49981
47514 49740
47531 48953
47546 47911
47555 49492
47581 48332
47616 48063
47622 49710
47625 49907
47633 49323
47641 47848
47663 47985
47674 48889
47682 47920
47692 49671
47693 48808
47703 48268
47721 49569
47730 49410
47747 48963
47749 48097
47765 48546
47771 48330
47794 48574
47800 48669
47800 49388
47808 48867
47815 48823
47820 49316
47824 48993
47842 49297
47852 48470
47863 49232
47897 48666
47897 49947
47925 49188
47930 48617
47944 48625
47947 48225
47947 49839
47956 49751
47975 49095
47980 48426
48005 48508
48011 49558
48015 48216
48022 48684
48023 48858
48034 48897
48038 48552
48039 49432
48044 49016
48076 48122
48081 48917
48083 49542
48102 48822
48109 49193
48133 49941
48153 49103
48187 48576
48226 48444
48238 49374
48241 48779
48245 49524
48250 49684
48255 49113
48272 49061
48275 48580
48278 49470
48280 48964
48288 49482
48350 49116
48364 49864
48369 48885
48398 48989
48427 49574
48448 48469
48451 48615
48476 48944
48481 49940
48489 49080
48510 49455
48531 48936
48532 49603
48537 48578
48541 49855
48578 49705
48593 49206
48597 48726
48607 49485
48614 49101
48623 49975
48705 48807
48705 49006
48714 49615
48724 49331
48770 49802
48783 48999
48826 49784
48896 49966
48928 49479
48930 49249
48945 49200
48970 49316
48985 49569
49005 49961
49023 49168
49024 49232
49043 49758
49097 49484
49123 49665
49135 49305
49161 49707
49211 49366
49299 49531
49327 49939
49343 49895
49360 49665
49372 49906
49388 49983
49397 49403
49402 49844
49441 49507
49473 49985
49531 49676
49609 49904
49644 49778
49661 49814
49665 49847
49684 49913
49689 49804
49833 49957
49855 49987
