0 15
0 23
0 78
0 115
0 141
0 180
0 1107
0 1114
0 1202
0 1366
0 2021
0 2129
0 2384
0 2526
0 2573
0 2633
0 2808
0 2876
0 3245
0 3586
0 3642
0 3892
0 4393
0 4577
1 289
1 667
1 735
1 1011
1 2924
1 2936
1 3255
1 3375
1 3803
1 4831
2 519
2 1994
2 2566
2 3024
2 3077
2 3359
2 3472
2 3499
2 3589
2 3937
2 4249
2 4382
2 4412
2 4992
3 507
3 781
3 851
3 1373
3 1394
3 1400
3 1561
3 1612
3 1989
3 2024
3 2362
3 2776
3 3499
3 3753
3 4473
3 4616
4 503
4 963
4 1794
4 1906
4 2589
4 2873
4 3274
4 3662
4 3736
4 3901
4 4408
4 4816
5 483
5 511
5 699
5 839
5 1564
5 1584
5 2351
5 2607
5 2752
5 2992
5 3235
5 3374
5 3513
5 3575
5 3684
5 4029
5 4104
5 4296
5 4881
6 91
6 735
6 1239
6 1385
6 1928
6 1990
6 2223
6 2740
6 2883
6 3247
6 3279
6 3363
6 3534
6 3589
6 3804
6 4428
7 106
7 781
7 1322
7 1485
7 1638
7 2531
7 2648
7 2656
7 3030
7 3362
7 3595
7 4336
7 4367
8 49
8 144
8 289
8 877
8 1088
8 1685
8 1985
8 2171
8 2231
8 2236
8 2677
8 2805
8 3236
8 3951
8 3993
8 4507
8 4958
8 4993
9 278
9 762
9 1087
9 1480
9 1664
9 2470
9 2756
9 2829
9 2836
9 3201
9 3291
9 3429
9 4036
9 4296
9 4397
9 4425
9 4739
10 348
10 537
10 581
10 1130
10 1230
10 1231
10 1280
10 2231
10 2714
10 2771
10 2772
10 2810
10 3343
10 3415
10 3634
10 3944
10 3953
10 4311
10 4373
10 4402
10 4484
10 4818
11 260
11 376
11 394
11 682
11 693
11 987
11 1306
11 1501
11 1616
11 2096
11 2385
11 2392
11 2466
11 2510
11 2562
11 2680
11 3372
11 3447
11 3665
11 3784
11 4436
11 4514
11 4595
11 4718
12 813
12 818
12 942
12 948
12 1414
12 1440
12 1441
12 1541
12 1642
12 1829
12 2115
12 2366
12 3597
12 3623
12 3649
12 4074
12 4082
12 4979
13 20
13 1201
13 1279
13 1437
13 2872
13 2970
13 2979
13 3474
13 4156
13 4232
13 4313
13 4482
13 4552
13 4581
13 4665
13 4848
14 388
14 440
14 506
14 544
14 935
14 1146
14 1279
14 1545
14 2316
14 2387
14 2529
14 2788
14 2860
14 2926
14 3377
14 3429
14 3519
14 4213
14 4229
14 4234
14 4481
14 4726
14 4744
15 770
15 855
15 2439
15 2729
15 2968
15 3000
15 3071
15 3703
15 3760
15 4132
15 4421
15 4828
15 4844
16 327
16 648
16 650
16 688
16 1034
16 2842
16 3565
16 3650
16 4307
16 4468
16 4858
17 211
17 1440
17 1846
17 2199
17 3078
17 3623
17 3788
17 4195
17 4368
18 212
18 825
18 1615
18 2009
18 2412
18 2488
18 2959
18 3063
18 3799
18 3881
18 4209
18 4426
18 4485
19 328
19 338
19 375
19 396
19 1348
19 1540
19 2202
19 3671
19 4158
19 4639
19 4686
19 4853
19 4937
20 93
20 893
20 1106
20 1140
20 1151
20 1209
20 1579
20 2004
20 2351
20 3007
20 3407
20 3936
20 3948
20 4188
20 4390
21 88
21 119
21 647
21 746
21 1094
21 1099
21 1367
21 1670
21 2024
21 2582
21 3114
21 3173
21 3849
21 3986
21 4348
21 4809
21 4819
21 4963
22 263
22 591
22 840
22 914
22 929
22 1089
22 1149
22 1857
22 1989
22 2962
22 3150
22 3225
22 3410
22 3687
22 4103
22 4167
22 4603
23 420
23 445
23 540
23 664
23 987
23 1141
23 1260
23 1571
23 1635
23 1910
23 2509
23 2644
23 3611
23 3919
23 4053
23 4061
23 4077
23 4327
23 4390
23 4949
23 4950
24 178
24 214
24 224
24 337
24 359
24 393
24 753
24 1389
24 1472
24 1641
24 2314
24 2475
24 2817
24 2819
24 3810
24 4371
24 4914
25 399
25 442
25 664
25 781
25 1444
25 1520
25 1749
25 1781
25 3494
25 3577
25 4237
25 4569
25 4715
26 631
26 711
26 915
26 1023
26 1045
26 1242
26 1577
26 2729
26 2851
26 3053
26 3212
26 3389
26 3578
26 4140
26 4347
26 4704
26 4926
27 371
27 1489
27 1555
27 1705
27 1723
27 2050
27 2583
27 2713
27 2845
27 3140
27 3199
27 3442
27 4115
27 4342
27 4612
27 4887
27 4903
28 427
28 763
28 945
28 985
28 1810
28 1923
28 2180
28 2241
28 2387
28 2743
28 2924
28 3357
28 3595
28 3761
28 4010
28 4352
28 4578
28 4729
28 4905
28 4937
29 279
29 463
29 685
29 1952
29 2101
29 2279
29 2319
29 2675
29 2680
29 3449
29 3546
29 3714
29 4593
29 4921
30 268
30 270
30 512
30 750
30 965
30 1039
30 1504
30 2842
30 2861
30 3393
30 3541
30 3802
30 4203
30 4383
30 4448
30 4792
31 76
31 229
31 1049
31 1791
31 3336
31 4375
31 4434
31 4786
32 258
32 261
32 380
32 544
32 823
32 1014
32 1718
32 2207
32 2234
32 2311
32 2591
32 2753
32 3004
32 3366
32 3398
32 3511
32 3719
32 3978
32 4151
33 301
33 347
33 411
33 474
33 505
33 1588
33 2067
33 2250
33 2353
33 2370
33 2774
33 3465
33 3604
33 3607
33 3628
33 3702
33 3762
33 3947
33 4420
33 4433
33 4594
34 253
34 543
34 553
34 1892
34 2138
34 2373
34 2389
34 2400
34 3210
34 3519
34 3826
34 3956
34 4745
34 4769
34 4848
34 4942
34 4968
35 229
35 316
35 572
35 602
35 1133
35 1358
35 1511
35 1776
35 1947
35 2415
35 3418
35 3864
35 4377
35 4407
35 4531
35 4606
35 4842
36 481
36 653
36 1574
36 1675
36 1913
36 1985
36 2347
36 2354
36 2584
36 2880
36 2977
36 2981
36 3128
36 3140
36 3821
36 4530
37 324
37 427
37 1944
37 2258
37 2305
37 2596
37 2649
37 2997
37 3401
37 3559
37 3802
37 3879
37 4070
37 4122
37 4285
37 4450
37 4851
37 4869
37 4877
37 4887
38 313
38 330
38 376
38 784
38 1159
38 1368
38 1510
38 1682
38 1685
38 2353
38 2469
38 2854
38 3020
38 3525
38 4055
38 4442
38 4509
38 4552
38 4629
38 4690
38 4907
38 4919
39 146
39 922
39 1032
39 2627
39 3135
39 3459
39 3672
39 3766
39 4115
39 4867
39 4885
39 4977
40 260
40 273
40 568
40 645
40 745
40 1351
40 1867
40 2001
40 2079
40 2163
40 2420
40 2564
40 2926
40 3229
40 3516
40 3919
40 4305
40 4418
40 4561
40 4648
40 4874
41 322
41 362
41 606
41 623
41 666
41 985
41 1290
41 1331
41 1336
41 1409
41 1488
41 2020
41 2343
41 2544
41 2622
41 2988
41 3913
41 4004
41 4355
42 389
42 692
42 1038
42 1091
42 1218
42 1336
42 1691
42 1835
42 1911
42 1967
42 2038
42 2155
42 2276
42 2755
42 2870
42 2885
42 3466
42 3613
42 3809
42 4151
42 4312
42 4382
42 4666
43 298
43 577
43 1433
43 1657
43 1985
43 1998
43 2024
43 2288
43 2401
43 3027
43 3760
43 4001
43 4227
43 4614
44 86
44 145
44 579
44 651
44 734
44 750
44 774
44 1100
44 1469
44 1873
44 1988
44 2896
44 3189
44 3192
44 3678
44 3740
44 3943
44 4075
44 4111
44 4369
45 148
45 266
45 921
45 1023
45 1760
45 2483
45 2735
45 2816
45 2954
45 3111
45 3159
45 3265
45 3472
45 3712
45 4517
45 4784
46 173
46 394
46 578
46 809
46 1528
46 2644
46 2872
46 3309
46 3429
46 3673
46 3855
46 3889
46 4446
46 4515
46 4931
47 428
47 471
47 522
47 664
47 1328
47 1828
47 2284
47 2451
47 2675
47 3020
47 3874
47 4496
47 4580
48 205
48 335
48 369
48 679
48 836
48 924
48 1224
48 1356
48 1386
48 1523
48 1696
48 1756
48 2080
48 2540
48 2896
48 3051
48 3374
48 3425
48 3646
48 3686
48 3865
48 3981
48 4121
48 4593
48 4648
48 4765
49 94
49 234
49 242
49 461
49 1303
49 1311
49 1376
49 1607
49 1820
49 2308
49 2575
49 2734
49 2826
49 4044
49 4403
49 4920
50 290
50 331
50 415
50 463
50 505
50 728
50 902
50 1213
50 1254
50 1522
50 1750
50 1930
50 1960
50 2246
50 2279
50 2307
50 2683
50 3075
50 3505
50 4206
50 4332
50 4498
51 206
51 377
51 989
51 1877
51 2156
51 2366
51 2491
51 2527
51 2557
51 2889
51 3520
51 3577
51 4335
51 4483
51 4958
52 223
52 456
52 497
52 825
52 1275
52 1313
52 1380
52 1383
52 1505
52 3202
52 3319
52 3420
52 3767
52 4251
52 4306
52 4439
52 4879
53 92
53 717
53 773
53 1311
53 2314
53 2506
53 2635
53 2791
53 4089
53 4311
53 4362
53 4537
54 97
54 444
54 455
54 646
54 649
54 719
54 894
54 1409
54 1752
54 2669
54 3060
54 3468
54 3703
54 4561
54 4645
54 4970
55 764
55 805
55 1432
55 1615
55 2045
55 2448
55 2770
55 3020
55 3289
55 3539
55 3568
55 3913
55 4073
55 4369
55 4809
55 4921
56 116
56 652
56 721
56 1079
56 1367
56 1455
56 1657
56 2029
56 2123
56 2672
56 2812
56 3309
56 3663
56 3732
56 4028
56 4626
56 4770
56 4971
57 241
57 418
57 829
57 1266
57 1305
57 1474
57 1602
57 2053
57 2232
57 2331
57 2381
57 2507
57 2523
57 2929
57 3317
57 4040
57 4293
58 116
58 1196
58 1310
58 1535
58 1708
58 1968
58 2153
58 2345
58 2408
58 2567
58 2844
58 3004
58 3471
58 4103
58 4478
59 104
59 843
59 934
59 942
59 1007
59 1021
59 1215
59 1333
59 1480
59 1662
59 2035
59 2787
59 3272
59 3392
59 3801
59 4671
59 4677
59 4876
60 122
60 386
60 503
60 1647
60 2237
60 2628
60 2730
60 2922
60 2926
60 3624
60 3776
60 3891
60 4308
60 4371
60 4650
61 717
61 918
61 1208
61 1262
61 1368
61 1948
61 2336
61 2584
61 2756
61 2974
61 3690
61 3965
61 4044
61 4209
61 4384
61 4611
61 4965
61 4976
62 508
62 1049
62 1185
62 1283
62 1440
62 2441
62 2762
62 2974
62 3625
62 3780
62 3824
62 4415
63 198
63 242
63 891
63 973
63 2125
63 2214
63 2518
63 2928
63 3037
63 3710
63 3865
63 4198
63 4357
63 4567
63 4670
64 445
64 699
64 1169
64 1394
64 1634
64 1641
64 2039
64 2211
64 2412
64 2462
64 2688
64 2800
64 3845
64 3955
64 4984
65 181
65 353
65 1351
65 1437
65 1459
65 1729
65 2016
65 2653
65 3776
65 3845
65 4586
65 4613
65 4641
65 4647
65 4686
65 4884
66 106
66 303
66 421
66 784
66 1010
66 1133
66 1150
66 2260
66 2682
66 2754
66 3046
66 4008
66 4318
66 4342
66 4402
66 4829
66 4917
67 488
67 654
67 843
67 1153
67 1687
67 2046
67 2183
67 2188
67 2217
67 4066
67 4511
67 4596
67 4696
67 4910
67 4963
68 503
68 570
68 809
68 1210
68 2258
68 2286
68 2634
68 2636
68 2655
68 2817
68 2825
68 3056
68 3675
68 3825
68 3873
68 3929
68 4123
68 4448
68 4525
68 4741
68 4789
69 104
69 600
69 607
69 1141
69 1407
69 2366
69 2384
69 3409
69 3574
69 3848
69 3936
69 4062
69 4348
69 4397
69 4809
70 122
70 192
70 539
70 610
70 1109
70 1232
70 1726
70 2187
70 2324
70 2360
70 2415
70 2496
70 2540
70 2990
70 3027
70 3063
70 3144
70 3699
70 3868
70 4800
71 889
71 1054
71 1756
71 2338
71 2773
71 3846
71 3909
71 3947
71 4130
71 4200
71 4742
71 4773
72 396
72 525
72 559
72 904
72 1951
72 2026
72 2161
72 2419
72 2474
72 2574
72 2696
72 2714
72 2851
72 3099
72 3220
72 3422
72 3816
72 4217
72 4834
73 181
73 518
73 976
73 1087
73 1127
73 1175
73 1412
73 1561
73 1819
73 2734
73 3493
73 3657
73 3914
73 3923
73 4039
73 4046
73 4332
73 4530
73 4615
74 839
74 1370
74 2025
74 2072
74 2385
74 2616
74 2808
74 3197
74 3208
74 3514
74 3517
74 3700
74 3985
75 632
75 769
75 1667
75 1754
75 1848
75 2229
75 2338
75 2461
75 2496
75 2632
75 3380
75 3448
75 3899
75 4284
75 4795
75 4971
76 318
76 575
76 614
76 795
76 853
76 1190
76 1438
76 1743
76 2439
76 2816
76 2874
76 2951
76 3078
76 3118
76 3510
76 3938
76 4174
76 4177
76 4307
76 4404
77 479
77 961
77 2117
77 2248
77 2609
77 2721
77 3063
77 3603
77 3758
77 3873
77 4619
77 4743
78 406
78 1318
78 1515
78 2364
78 2514
78 2973
78 3328
78 4775
78 4971
79 502
79 1146
79 2058
79 2376
79 2387
79 2630
79 2833
79 3415
80 190
80 1269
80 1838
80 1911
80 2335
80 2750
80 2806
80 2821
80 2968
80 3019
80 3128
80 3289
80 3324
80 3772
80 4562
80 4623
81 650
81 792
81 912
81 2372
81 2637
81 3148
81 3324
81 3575
81 3585
81 4856
82 131
82 370
82 469
82 1486
82 1511
82 2207
82 2291
82 2595
82 2768
82 2882
82 3669
82 3864
82 4020
82 4025
82 4475
82 4506
82 4865
83 130
83 516
83 626
83 844
83 861
83 1834
83 3479
83 4144
83 4260
83 4396
83 4568
83 4756
84 132
84 258
84 699
84 740
84 1288
84 1456
84 1652
84 2359
84 2446
84 2672
84 3023
84 3118
84 3515
84 4089
84 4358
84 4779
84 4976
85 104
85 129
85 503
85 538
85 635
85 1188
85 1288
85 1635
85 1871
85 2243
85 2345
85 2566
85 2654
85 2939
85 3844
85 4003
85 4170
85 4253
85 4296
85 4462
85 4712
85 4797
85 4875
86 97
86 998
86 1110
86 1353
86 1414
86 1982
86 2308
86 2326
86 2989
86 3576
86 4071
86 4315
86 4431
86 4587
86 4921
86 4984
87 219
87 320
87 649
87 656
87 660
87 950
87 1065
87 1943
87 2030
87 2119
87 2193
87 2264
87 2389
87 2757
87 3028
87 3061
87 3291
87 3434
87 4235
87 4433
88 137
88 182
88 552
88 577
88 920
88 958
88 1045
88 1187
88 1392
88 1531
88 1601
88 1740
88 2188
88 2392
88 2405
88 2852
88 3667
88 3761
88 3873
88 3939
88 4132
88 4156
88 4265
88 4721
88 4852
88 4856
89 271
89 807
89 1057
89 1240
89 1751
89 1802
89 1869
89 2185
89 2350
89 2608
89 2644
89 2711
89 3333
89 3473
89 3671
89 3735
89 3799
89 4347
89 4913
90 370
90 868
90 1235
90 1430
90 2221
90 2730
90 3606
90 3834
90 4009
90 4796
90 4878
91 104
91 107
91 540
91 552
91 876
91 940
91 1158
91 1848
91 1863
91 2298
91 2429
91 2751
91 2836
91 2957
91 3354
91 3518
91 3543
91 3716
91 3946
91 4496
91 4524
91 4544
91 4774
91 4816
91 4825
91 4987
92 529
92 631
92 766
92 888
92 2042
92 2107
92 2528
92 2546
92 2604
92 3144
92 4013
92 4035
92 4540
93 716
93 825
93 990
93 1065
93 2362
93 2492
93 2708
93 3165
93 3340
93 3880
93 4076
93 4629
94 239
94 314
94 557
94 1237
94 1321
94 1356
94 1608
94 2194
94 2480
94 2621
94 3012
94 3507
94 3604
94 3639
94 3649
94 3694
94 3727
94 4094
95 547
95 684
95 1159
95 1385
95 2007
95 2061
95 3075
95 3716
95 3747
95 3916
95 4008
95 4350
96 294
96 411
96 506
96 721
96 929
96 966
96 1086
96 1977
96 1984
96 2606
96 2900
96 3566
96 4494
96 4571
96 4784
96 4998
97 802
97 869
97 1294
97 1321
97 2179
97 2619
97 2772
97 2982
97 3029
97 4123
97 4268
97 4749
97 4824
98 278
98 535
98 740
98 1368
98 1491
98 1900
98 2299
98 2946
98 3708
98 4454
98 4589
99 819
99 1478
99 1624
99 1663
99 1909
99 1914
99 1927
99 1973
99 2487
99 2929
99 3150
99 3949
99 4030
99 4312
99 4325
99 4394
99 4466
99 4596
99 4614
99 4640
100 167
100 739
100 1072
100 1716
100 1802
100 2024
100 2195
100 2861
100 2929
100 2980
100 3029
100 3046
100 3229
100 3347
100 3781
100 3893
100 3942
100 4274
100 4375
100 4896
101 383
101 669
101 2086
101 2873
101 3457
101 4084
101 4593
101 4646
102 517
102 1244
102 1562
102 1875
102 1968
102 2492
102 2792
102 2819
102 2829
102 3320
102 3876
102 4354
102 4909
102 4953
103 310
103 665
103 1032
103 1802
103 1951
103 2085
103 2097
103 2227
103 2461
103 2642
103 3430
103 4037
103 4115
103 4278
103 4279
103 4373
103 4679
103 4827
104 194
104 199
104 302
104 356
104 807
104 1392
104 1794
104 2216
104 2271
104 2600
104 2756
104 3089
104 3281
104 4177
104 4180
104 4585
104 4620
104 4764
104 4926
105 290
105 825
105 835
105 1039
105 1140
105 1209
105 1373
105 1747
105 2126
105 2351
105 2682
105 3007
105 3512
105 3919
105 4526
106 329
106 684
106 1263
106 1382
106 1491
106 1554
106 1867
106 2028
106 2123
106 2191
106 2230
106 2552
106 2600
106 2959
106 2990
106 3653
106 4437
106 4505
106 4696
106 4706
106 4734
106 4775
107 191
107 689
107 925
107 1052
107 1127
107 1186
107 1242
107 1277
107 1288
107 1439
107 1463
107 1866
107 2369
107 2640
107 2724
107 3612
107 4050
107 4089
107 4109
107 4298
108 119
108 314
108 760
108 844
108 1461
108 1466
108 1565
108 1834
108 2153
108 2431
108 2974
108 3062
108 3158
108 4391
108 4678
108 4794
109 2826
109 3101
109 3107
109 3595
109 4094
109 4316
109 4489
109 4932
110 243
110 695
110 700
110 998
110 1052
110 1289
110 1350
110 1535
110 1655
110 1665
110 1671
110 2574
110 2930
110 3406
110 3419
110 3529
110 3666
110 4096
110 4523
110 4583
111 280
111 316
111 369
111 613
111 653
111 720
111 1150
111 1545
111 2112
111 2464
111 2729
111 3252
111 3838
112 452
112 1004
112 1249
112 1647
112 2824
112 3563
112 3674
112 3721
112 4062
112 4370
112 4763
113 218
113 307
113 348
113 626
113 651
113 924
113 1234
113 1351
113 1382
113 1559
113 2315
113 3537
113 3631
113 3744
113 3914
113 4016
113 4283
113 4623
113 4745
114 288
114 421
114 729
114 1086
114 2975
114 3919
114 4350
114 4700
114 4817
115 185
115 305
115 351
115 500
115 670
115 785
115 870
115 1290
115 1459
115 1621
115 1631
115 1668
115 2217
115 2245
115 2437
115 2890
115 3157
115 3500
115 3814
115 3821
115 4052
115 4157
115 4349
115 4574
115 4592
115 4890
115 4981
116 995
116 1249
116 1366
116 1788
116 2408
116 2827
116 2998
116 3159
116 3244
116 3362
116 3734
116 4280
116 4942
117 150
117 566
117 1279
117 2110
117 2557
117 3255
117 3416
117 3759
117 4629
118 154
118 435
118 460
118 651
118 1343
118 1741
118 2112
118 2939
118 3043
118 3669
118 3786
118 4312
118 4380
118 4655
119 279
119 412
119 808
119 1112
119 1508
119 1571
119 1675
119 1893
119 1957
119 2285
119 2761
119 2981
119 3978
119 4416
119 4543
120 155
120 538
120 838
120 1267
120 1862
120 3068
120 3076
120 3124
120 3352
120 3861
120 3867
120 4059
120 4116
120 4523
121 127
121 460
121 501
121 547
121 587
121 905
121 1093
121 1175
121 1360
121 2561
121 2674
121 3291
121 3451
121 3779
121 4157
121 4638
121 4948
122 288
122 356
122 367
122 569
122 955
122 1491
122 2470
122 2875
122 3209
122 3500
122 3646
122 3792
123 570
123 734
123 1150
123 2237
123 2575
123 2767
123 2967
123 3044
123 3266
123 3270
123 3438
123 4052
123 4233
123 4684
124 660
124 720
124 933
124 1201
124 1893
124 2048
124 2497
124 3154
124 3631
124 3641
124 4602
124 4816
125 388
125 470
125 801
125 1353
125 1564
125 1881
125 2371
125 2621
125 2657
125 3655
125 3728
125 3883
125 3983
125 4731
126 349
126 447
126 693
126 707
126 1182
126 1845
126 1939
126 2262
126 2467
126 2578
126 2878
126 3009
126 3599
126 3690
126 3746
126 4389
126 4873
127 247
127 367
127 861
127 1190
127 1211
127 1235
127 1380
127 1537
127 1787
127 2035
127 2887
127 2938
127 2983
127 3063
127 3432
127 3773
127 4065
127 4147
127 4792
127 4839
128 267
128 494
128 534
128 572
128 616
128 700
128 1304
128 1333
128 1447
128 1717
128 1726
128 1812
128 2964
128 3329
128 3515
128 4594
128 4747
128 4810
128 4988
129 507
129 522
129 734
129 2445
129 2524
129 2569
129 2910
129 3362
129 3409
129 3564
129 3905
129 4026
129 4487
129 4505
130 176
130 577
130 856
130 1074
130 1489
130 1546
130 1579
130 1976
130 2932
130 3147
130 3489
130 3817
130 4037
130 4078
130 4413
131 307
131 311
131 317
131 885
131 1447
131 2433
131 2788
131 3016
131 3144
131 3749
131 4276
131 4544
132 239
132 1153
132 2317
132 2519
132 2854
132 3097
132 3189
132 3378
132 3427
132 3656
132 3910
132 4454
132 4498
133 285
133 510
133 862
133 1059
133 1076
133 1455
133 1938
133 2123
133 2373
133 2947
133 3270
133 3371
133 4473
133 4543
133 4896
134 372
134 428
134 677
134 1498
134 1872
134 2559
134 2610
134 2749
134 2866
134 3185
134 3322
134 3587
134 3666
134 4098
134 4164
134 4379
135 188
135 999
135 1487
135 1859
135 2104
135 2324
135 2460
135 2707
135 3224
135 3390
135 4222
135 4484
136 209
136 522
136 535
136 633
136 1118
136 1302
136 1786
136 1985
136 2455
136 2479
136 2611
136 3300
136 3347
136 4144
137 292
137 610
137 750
137 1388
137 1455
137 1641
137 2775
137 4117
137 4525
137 4752
137 4764
138 381
138 592
138 881
138 1120
138 1354
138 1442
138 2033
138 2252
138 2372
138 2427
138 2599
138 2613
138 2836
138 2859
138 3208
138 3288
138 3593
138 3673
138 3920
138 3957
138 4128
138 4413
138 4421
138 4684
139 273
139 829
139 886
139 1095
139 1384
139 1428
139 1576
139 1664
139 1897
139 1931
139 2124
139 2871
139 2966
139 3051
139 3778
139 3781
139 4229
139 4234
139 4975
140 329
140 522
140 629
140 818
140 1204
140 1383
140 1917
140 2848
140 3057
140 3335
140 3391
140 3460
140 3530
140 4295
140 4844
141 493
141 635
141 942
141 1194
141 1348
141 1497
141 2181
141 2500
141 2881
141 3337
141 3484
141 3968
141 4218
141 4254
141 4283
141 4633
141 4659
141 4808
142 366
142 423
142 1260
142 1467
142 1830
142 2454
142 2482
142 2581
142 2695
142 2793
142 3054
142 3090
142 3228
142 3518
142 4159
142 4656
142 4710
142 4901
142 4980
142 4996
143 258
143 374
143 669
143 736
143 830
143 1566
143 1980
143 2047
143 3249
143 3293
143 3495
143 4161
143 4707
143 4908
144 464
144 882
144 1326
144 1843
144 1940
144 1973
144 2053
144 2065
144 2453
144 2675
144 3474
144 3946
144 3979
144 4430
144 4460
144 4959
145 158
145 293
145 703
145 1089
145 2498
145 2752
145 3445
145 3467
145 4031
145 4778
145 4885
146 282
146 558
146 612
146 1224
146 1254
146 1455
146 1693
146 2578
146 3449
146 3947
146 4446
147 260
147 445
147 516
147 520
147 748
147 1023
147 1135
147 1289
147 1293
147 1626
147 1667
147 1928
147 2029
147 2132
147 2189
147 2330
147 2480
147 2600
147 2785
147 3417
147 3945
147 4175
147 4291
147 4338
147 4351
147 4468
147 4511
147 4563
147 4695
148 393
148 667
148 1246
148 1382
148 1961
148 2143
148 2202
148 2750
148 2989
148 3475
148 4038
148 4217
148 4945
149 481
149 511
149 611
149 709
149 719
149 806
149 1140
149 1344
149 1563
149 1613
149 1770
149 2321
149 2477
149 2814
149 3053
149 3494
149 3937
149 4096
149 4652
149 4768
150 344
150 427
150 578
150 1425
150 1430
150 2200
150 2525
150 2820
150 2968
150 3039
150 3224
150 3575
150 3679
150 3743
150 4292
150 4639
151 167
151 210
151 324
151 718
151 887
151 1155
151 1384
151 1421
151 1445
151 1485
151 2031
151 2096
151 2861
151 2983
151 3065
151 3255
151 4276
152 553
152 985
152 1484
152 1532
152 1580
152 2000
152 2547
152 2621
152 3085
152 3200
152 3329
152 4224
152 4287
152 4514
153 476
153 527
153 636
153 662
153 1246
153 1507
153 1670
153 1729
153 1777
153 2083
153 2976
153 2993
153 3023
153 3352
153 3408
153 3709
153 4346
154 686
154 707
154 1299
154 1574
154 1871
154 1907
154 1970
154 2089
154 2689
154 2714
154 2893
154 4427
154 4736
154 4773
155 205
155 1719
155 1867
155 2252
155 2697
155 2770
155 2932
155 3052
155 3127
155 3641
155 3728
155 3831
155 4571
155 4911
155 4971
155 4973
156 1030
156 2459
156 2559
156 3059
156 3322
156 3629
156 4079
156 4485
156 4988
157 264
157 416
157 551
157 931
157 1109
157 1739
157 1861
157 1869
157 1976
157 3684
157 3705
157 3946
157 4098
157 4415
157 4518
158 284
158 607
158 1111
158 1327
158 1405
158 1421
158 1493
158 1534
158 1629
158 1994
158 2228
158 2560
158 2991
158 3169
158 3841
158 4158
158 4718
158 4900
159 1633
159 1966
159 2184
159 2751
159 2841
159 3164
159 3457
159 3747
159 4556
159 4572
159 4992
160 676
160 794
160 1767
160 2992
160 3012
160 3335
160 3520
160 3778
160 4146
160 4718
160 4738
160 4868
160 4912
161 477
161 761
161 915
161 1117
161 1178
161 1255
161 1778
161 1982
161 2080
161 2790
161 3124
161 3484
161 3504
161 3751
161 3959
161 4351
161 4398
161 4453
161 4821
162 220
162 417
162 1117
162 1466
162 1534
162 1552
162 1916
162 2275
162 2605
162 2723
162 2728
162 2786
162 3003
162 3262
162 3911
162 4165
163 261
163 400
163 493
163 859
163 1765
163 2101
163 2140
163 2373
163 2597
163 2599
163 3172
163 3225
163 3556
163 4291
164 625
164 678
164 798
164 817
164 1163
164 1248
164 1401
164 1602
164 1761
164 3132
164 3247
164 3537
164 3999
164 4302
164 4315
164 4354
165 215
165 1478
165 1818
165 2729
165 2848
165 3178
165 3610
165 3706
165 3838
165 4425
166 776
166 902
166 1036
166 1546
166 1684
166 1754
166 1847
166 2541
166 2705
166 2948
166 3169
166 3484
166 3587
166 3885
166 4806
166 4993
167 402
167 2016
167 2319
167 2371
167 2631
167 2642
167 2671
167 2730
167 3027
167 3249
167 3258
167 3343
167 3572
167 3904
167 4211
167 4643
167 4687
167 4756
168 585
168 803
168 916
168 1073
168 1138
168 1162
168 1635
168 1719
168 1856
168 2047
168 2474
168 2681
168 2770
168 2882
168 3730
168 4017
168 4025
168 4683
168 4967
169 533
169 649
169 693
169 873
169 1224
169 1271
169 1427
169 1666
169 2312
169 2913
169 3465
169 3666
169 4115
169 4116
169 4246
169 4321
169 4909
169 4977
170 792
170 954
170 1315
170 1533
170 2004
170 2026
170 2745
170 2779
170 3059
170 3107
170 4222
170 4495
170 4639
170 4796
171 566
171 625
171 1491
171 2026
171 2044
171 2296
171 2336
171 2653
171 3293
171 3781
171 4411
171 4451
171 4462
171 4536
171 4593
171 4677
172 246
172 684
172 820
172 972
172 1199
172 1379
172 1385
172 1436
172 1501
172 2057
172 2386
172 2409
172 2470
172 2692
172 2813
172 3032
172 3229
172 3539
172 3676
172 3728
172 3753
172 3972
172 4058
172 4143
173 444
173 534
173 1306
173 1582
173 1722
173 2963
173 3353
173 3367
173 3407
173 3635
173 3941
173 4189
173 4434
173 4549
173 4880
174 315
174 565
174 786
174 879
174 1197
174 1371
174 1644
174 2008
174 3031
174 3032
174 3068
174 3833
174 3947
174 4108
174 4594
174 4614
174 4930
175 298
175 408
175 711
175 1919
175 1993
175 2388
175 2505
175 2572
175 2588
175 2616
175 2634
175 2779
175 2944
175 3126
175 3711
175 3820
175 4292
175 4300
175 4959
176 493
176 544
176 594
176 630
176 1849
176 1943
176 2195
176 2382
176 3041
176 3686
176 3915
176 4017
176 4098
176 4303
176 4433
176 4690
176 4729
177 210
177 407
177 456
177 665
177 1064
177 1165
177 1228
177 2088
177 3827
177 4222
177 4315
177 4582
178 512
178 573
178 649
178 1399
178 1529
178 1953
178 1954
178 2437
178 2606
178 2632
178 2780
178 3034
178 3373
178 3992
178 4080
178 4087
178 4205
178 4397
178 4761
179 220
179 1153
179 1373
179 1993
179 2138
179 2729
179 2813
179 2927
179 3018
179 3399
179 3631
179 4391
179 4486
179 4929
180 924
180 1684
180 2533
180 3441
180 3458
180 3681
180 3858
180 4254
180 4260
181 527
181 610
181 1246
181 1796
181 1904
181 2183
181 2287
181 2416
181 2519
181 2669
181 2822
181 3478
181 3844
181 3995
181 4012
181 4509
182 348
182 662
182 704
182 1575
182 1689
182 2378
182 2957
182 3462
182 3664
182 3681
182 3700
182 3801
182 3830
182 3839
182 4066
182 4269
183 236
183 721
183 748
183 765
183 1070
183 1561
183 1694
183 2467
183 2537
183 2729
183 4453
183 4682
184 1479
184 1840
184 1985
184 2091
184 2141
184 2177
184 2504
184 2518
184 3249
184 3268
184 3551
184 3963
184 4318
184 4705
184 4943
184 4966
185 556
185 611
185 928
185 931
185 1043
185 1636
185 2380
185 3021
185 3636
185 3644
185 4390
185 4618
185 4983
186 414
186 824
186 984
186 1099
186 1192
186 1339
186 1477
186 1629
186 1910
186 1943
186 1984
186 2386
186 2635
186 3387
186 3727
186 3881
186 4930
186 4975
187 319
187 854
187 1087
187 1287
187 1299
187 2154
187 2505
187 3518
187 4114
188 213
188 361
188 1127
188 1863
188 2580
188 2882
188 3571
188 3625
188 3645
188 3822
188 3942
188 4097
188 4300
188 4410
189 372
189 375
189 545
189 602
189 1932
189 2353
189 2745
189 3080
189 3411
189 3842
189 4225
189 4438
189 4503
189 4650
189 4690
189 4805
190 202
190 335
190 858
190 1542
190 1764
190 1807
190 1904
190 2185
190 2339
190 2577
190 2728
190 3646
190 3959
190 4932
191 321
191 371
191 444
191 591
191 710
191 1406
191 1483
191 1690
191 1691
191 1868
191 1949
191 2313
191 3047
191 3777
191 3959
191 4151
191 4202
191 4425
191 4799
192 730
192 944
192 1111
192 1157
192 1520
192 2129
192 2432
192 2573
192 2712
192 3722
192 3855
192 4930
193 1007
193 1126
193 1375
193 1425
193 1851
193 2161
193 3035
193 3568
193 3639
193 4269
193 4422
193 4768
194 356
194 748
194 931
194 1151
194 1155
194 1360
194 2204
194 2524
194 3426
194 3523
194 3926
194 4205
194 4206
194 4469
195 1007
195 1060
195 1520
195 1919
195 2082
195 2520
195 2522
195 2893
195 2970
195 3247
195 4107
195 4850
196 365
196 477
196 927
196 991
196 1888
196 2343
197 1011
197 1705
197 1730
197 1743
197 2818
197 3519
197 3560
197 3707
197 4140
197 4170
197 4614
197 4846
197 4930
198 514
198 1504
198 1731
198 1777
198 1895
198 2146
198 2663
198 3079
198 3342
198 3583
199 640
199 797
199 977
199 1519
199 2008
199 2100
199 2487
199 2552
199 2979
199 3014
199 3453
199 3851
199 4029
199 4112
199 4160
199 4416
199 4962
200 676
200 726
200 863
200 1100
200 1859
200 2098
200 2284
200 2559
200 2661
200 3718
200 4218
200 4798
200 4801
201 397
201 788
201 1794
201 2665
201 3036
201 3108
201 3161
201 3235
201 3605
201 3637
202 1082
202 1084
202 1358
202 1632
202 1791
202 1923
202 2637
202 3031
202 3097
202 4166
202 4364
202 4600
202 4601
202 4700
202 4718
202 4965
203 270
203 511
203 515
203 626
203 809
203 1048
203 1565
203 1578
203 3414
203 3492
203 4333
203 4514
203 4675
203 4694
204 521
204 1487
204 2148
204 2161
204 2481
204 3139
204 3392
204 3596
204 3881
204 4015
204 4286
204 4433
205 223
205 548
205 1527
205 1790
205 2096
205 2174
205 2334
205 2413
205 2928
205 3145
205 4039
205 4452
205 4647
206 293
206 884
206 1031
206 1204
206 1627
206 2395
206 3661
206 4002
206 4295
206 4587
206 4999
207 392
207 452
207 1796
207 1899
207 1979
207 2492
207 2604
207 2790
207 2975
207 2997
207 3413
207 3738
207 3837
207 3882
207 4036
207 4114
207 4648
207 4812
208 329
208 1403
208 1493
208 1757
208 1913
208 1916
208 1946
208 1995
208 2404
208 2423
208 2461
208 2809
208 2931
208 3060
208 4812
209 273
209 304
209 307
209 457
209 494
209 1406
209 1765
209 1849
209 2069
209 2276
209 2473
209 3179
209 3422
209 3730
209 4406
209 4460
210 600
210 627
210 772
210 1260
210 1461
210 1730
210 1946
210 2231
210 2582
210 3030
210 3199
210 3832
210 4042
210 4119
210 4124
210 4836
211 1000
211 1331
211 1474
211 1496
211 1955
211 2457
211 2498
211 2859
211 3379
211 4029
211 4192
211 4419
212 338
212 486
212 569
212 980
212 1103
212 1192
212 1654
212 1691
212 2073
212 2237
212 2561
212 3119
212 3836
212 3915
212 4911
213 517
213 637
213 660
213 1043
213 1601
213 1806
213 1997
213 2596
213 2878
213 2899
213 3058
213 3320
213 3427
214 274
214 644
214 1497
214 1684
214 1773
214 1921
214 2217
214 2361
214 2519
214 2535
214 2613
214 2690
214 3253
214 3320
214 3425
214 3464
214 3916
214 4248
214 4672
214 4854
215 1310
215 1439
215 1904
215 1954
215 3102
215 3134
215 3485
215 3503
215 3601
215 4062
215 4134
215 4492
215 4511
215 4621
215 4828
216 668
216 816
216 1271
216 1770
216 1891
216 1941
216 2087
216 2386
216 2681
216 3321
216 4592
217 305
217 701
217 1234
217 1427
217 1607
217 2178
217 2726
217 2842
217 2848
217 3057
217 3244
217 3883
217 3884
217 3995
217 4335
217 4601
217 4758
217 4952
218 448
218 930
218 1672
218 1784
218 1877
218 1943
218 2066
218 2085
218 2192
218 2228
218 2418
218 2546
218 3003
218 3058
218 3398
218 3500
219 223
219 265
219 685
219 722
219 1912
219 1968
219 2391
219 2392
219 2558
219 2670
219 2758
219 2879
219 3536
219 3885
220 379
220 567
220 590
220 856
220 960
220 1257
220 1521
220 1845
220 1888
220 2455
220 3076
220 3223
220 3316
220 3405
220 3538
220 3629
220 4183
220 4416
221 674
221 1231
221 1354
221 2626
221 3122
221 4311
221 4315
221 4316
221 4795
221 4869
222 1319
222 1412
222 1489
222 1739
222 2952
222 2990
222 3157
222 3186
222 3211
222 3421
222 3468
222 3534
222 3696
222 3747
222 4236
222 4413
222 4439
222 4690
222 4763
223 852
223 1030
223 1135
223 1322
223 1616
223 1913
223 2001
223 2133
223 3662
223 3751
223 4716
223 4728
223 4753
224 330
224 477
224 2104
224 2303
224 3048
224 3178
224 3489
224 3843
224 4550
224 4560
224 4572
224 4940
225 442
225 512
225 1344
225 1407
225 2460
225 3275
225 4433
226 386
226 673
226 713
226 1094
226 1392
226 1610
226 1931
226 2073
226 2090
226 2639
226 2792
226 3789
226 3894
226 4069
226 4604
226 4831
227 320
227 741
227 916
227 967
227 1344
227 1584
227 3666
227 3788
227 3846
227 4047
227 4101
227 4278
227 4667
227 4751
227 4782
228 257
228 367
228 396
228 1016
228 1435
228 1475
228 2304
228 2894
228 3214
228 3484
228 3786
228 4058
228 4258
228 4504
229 887
229 1017
229 1303
229 2025
229 2449
229 2626
229 2952
229 3504
229 3649
229 4175
229 4293
229 4711
229 4893
229 4928
230 266
230 374
230 532
230 769
230 862
230 915
230 2054
230 2150
230 2491
230 4071
230 4280
231 423
231 644
231 1039
231 1190
231 1636
231 1972
231 2204
231 2690
231 2755
231 2866
231 3186
231 3447
231 3630
231 3706
231 3792
231 4065
231 4079
231 4392
231 4419
231 4749
232 434
232 771
232 816
232 1151
232 2685
232 3714
232 3736
232 3879
232 4569
232 4731
232 4976
233 448
233 786
233 949
233 993
233 2262
233 2890
233 3555
233 3578
233 4156
233 4222
233 4301
233 4906
234 523
234 642
234 1200
234 1366
234 1622
234 1856
234 2340
234 2346
234 2609
234 2865
234 3095
234 3125
234 3368
234 3415
234 3424
234 3597
234 3726
234 4737
234 4759
234 4939
235 523
235 1255
235 1570
235 1893
235 2002
235 2119
235 2528
235 3024
235 3976
235 4431
235 4489
235 4740
236 649
236 1407
236 1944
236 2180
236 3543
236 3576
236 3597
236 3645
236 4620
236 4785
237 522
237 572
237 2363
237 2598
237 2643
237 3177
237 3684
237 3796
237 4509
237 4530
237 4987
238 742
238 769
238 1068
238 1443
238 1547
238 2029
238 2377
238 2383
238 2809
238 3052
238 3079
238 3313
238 3731
238 4744
239 494
239 540
239 701
239 750
239 1699
239 1875
239 2016
239 2670
239 2936
239 3100
239 3497
239 4322
239 4332
239 4873
239 4919
240 249
240 283
240 540
240 580
240 826
240 833
240 889
240 1012
240 1203
240 1659
240 1688
240 2122
240 2516
240 2810
240 3103
240 3321
240 4010
240 4023
240 4037
240 4380
240 4876
240 4934
241 636
241 775
241 1079
241 1288
241 2297
241 2314
241 2874
241 3296
241 3582
241 3583
241 3835
241 3949
241 3988
241 4920
241 4940
242 368
242 952
242 1175
242 1210
242 1744
242 1981
242 2695
242 2865
242 3452
242 3713
242 3879
242 4669
242 4999
243 409
243 619
243 1873
243 1882
243 2274
243 2409
243 2440
243 2681
243 2826
243 3277
243 3301
243 3429
243 3436
243 3660
243 4717
243 4837
243 4954
244 627
244 746
244 990
244 993
244 1418
244 2738
244 3050
244 3316
244 3317
244 3372
244 3837
244 4475
244 4600
244 4744
245 675
245 959
245 1085
245 1148
245 1186
245 1298
245 1959
245 2051
245 2156
245 2230
245 2366
245 2996
245 3080
245 3573
245 4131
245 4430
246 404
246 530
246 1861
246 2085
246 2401
246 2706
246 3994
246 4091
246 4605
246 4903
247 688
247 892
247 1157
247 1621
247 1731
247 1962
247 2959
247 3052
247 3217
247 3487
247 3740
247 4427
248 683
248 833
248 873
248 1091
248 1643
248 1651
248 3356
248 3358
248 3767
248 3828
248 4009
248 4050
248 4425
248 4496
248 4673
248 4827
248 4884
249 564
249 881
249 1102
249 1232
249 1234
249 1403
249 1548
249 1614
249 2592
249 2691
249 3462
249 4098
249 4275
249 4463
249 4573
249 4789
250 620
250 651
250 1103
250 1147
250 1559
250 1824
250 1998
250 2482
250 2874
250 4090
250 4298
250 4460
250 4742
251 751
251 1346
251 1482
251 1806
251 1842
251 2187
251 2245
251 2701
251 2904
251 3706
251 4169
251 4694
251 4725
251 4784
252 354
252 468
252 562
252 590
252 799
252 1197
252 1523
252 1528
252 1611
252 2504
252 3034
252 3101
252 3471
252 3823
252 4028
252 4611
253 1426
253 1485
253 1489
253 1621
253 2129
253 2261
253 2628
253 2774
253 2999
253 3219
253 3244
253 3274
253 3579
253 4152
253 4798
253 4871
254 707
254 727
254 857
254 1939
254 2399
254 2565
254 2746
254 2917
254 3111
254 3215
254 3316
254 3555
254 4713
255 446
255 1033
255 1636
255 2543
255 2676
255 2940
255 3102
255 4294
255 4674
255 4761
255 4979
256 385
256 499
256 832
256 1366
256 1498
256 1671
256 2454
256 2569
256 2742
256 2812
256 2902
256 3012
256 4310
256 4433
256 4563
256 4611
256 4660
257 374
257 1047
257 1116
257 1696
257 1951
257 2774
257 2891
257 3031
257 3222
257 3291
257 3388
257 3830
257 3870
257 4097
257 4345
257 4362
257 4712
257 4717
258 302
258 777
258 1219
258 1259
258 1463
258 1773
258 2229
258 2356
258 2503
258 2703
258 2816
258 3056
258 3099
258 3973
258 4211
258 4515
258 4822
258 4864
258 4935
259 1317
259 1490
259 2016
259 3595
259 3895
259 4118
259 4399
259 4522
259 4775
259 4964
260 295
260 705
260 761
260 1359
260 1659
260 2402
260 2500
260 2738
260 3136
260 3545
260 3861
260 4136
260 4272
260 4478
260 4530
261 386
261 673
261 1411
261 1413
261 1417
261 1826
261 2688
261 2699
261 2744
261 2900
261 3129
261 3318
261 3482
261 4059
262 574
262 903
262 1606
262 1977
262 2037
262 2054
262 2553
262 3023
262 3054
262 3672
262 4213
262 4610
262 4700
262 4701
262 4968
263 467
263 562
263 572
263 736
263 757
263 1049
263 1793
263 1939
263 2382
263 2613
263 2868
263 3134
263 3145
263 3350
263 3390
263 3578
263 4005
263 4102
263 4488
263 4887
264 603
264 668
264 1898
264 1966
264 2249
264 2305
264 2353
264 2584
264 2813
264 2954
264 3298
264 3420
264 3448
264 3628
264 4370
264 4931
265 494
265 1077
265 1188
265 1402
265 1479
265 1509
265 1717
265 2040
265 2252
265 2641
265 3000
265 3313
265 3465
265 3769
265 4158
265 4492
265 4597
266 1210
266 1283
266 3386
266 3448
266 3559
266 3645
266 3849
266 4293
266 4621
267 394
267 672
267 1166
267 1391
267 1814
267 2010
267 2389
267 2757
267 2875
267 3249
267 3740
267 4040
267 4145
267 4772
268 374
268 551
268 1628
268 1630
268 1762
268 2731
268 2762
268 2787
268 3233
268 3451
268 4247
268 4513
268 4674
269 555
269 950
269 984
269 1437
269 1881
269 2464
269 3002
269 3441
269 3745
269 4515
269 4674
270 942
270 1169
270 1179
270 1400
270 1607
270 1707
270 1819
270 2050
270 3449
270 3521
270 3674
270 3687
270 3871
270 4318
270 4485
270 4612
270 4723
271 296
271 352
271 848
271 891
271 1008
271 1213
271 1305
271 1325
271 1404
271 1567
271 1742
271 1798
271 2480
271 2515
271 2534
271 2615
271 2943
271 4004
271 4104
271 4591
271 4843
272 339
272 423
272 530
272 1183
272 1427
272 1632
272 1886
272 2578
272 3803
272 4287
272 4770
272 4821
273 353
273 857
273 877
273 886
273 1490
273 1587
273 1620
273 1989
273 2386
273 2450
273 2477
273 2680
273 2787
273 2803
273 3004
273 3281
273 3359
273 3521
273 3955
273 4130
273 4248
273 4384
273 4452
273 4531
273 4881
273 4939
274 919
274 1281
274 1324
274 1401
274 1892
274 2088
274 2383
274 2718
274 2870
274 3070
274 3333
274 3420
274 3949
274 3982
274 4142
274 4581
274 4645
274 4851
275 463
275 647
275 945
275 1345
275 1625
275 1629
275 1706
275 1782
275 2294
275 2472
275 2523
275 2590
275 2813
275 3165
275 3178
275 3342
275 4047
276 961
276 1000
276 1180
276 1900
276 3913
276 3983
276 4010
276 4230
276 4354
276 4573
276 4924
277 377
277 425
277 479
277 1100
277 1210
277 1454
277 1706
277 2031
277 2164
277 2337
277 2447
277 3046
277 3236
277 3455
277 3456
277 3527
277 3535
277 3748
277 3922
277 4554
278 882
278 1490
278 2008
278 2153
278 3282
278 3283
278 4058
278 4128
278 4430
279 771
279 1141
279 1470
279 1845
279 2345
279 2542
279 2630
279 3389
279 3539
279 4078
279 4368
279 4762
280 755
280 1095
280 1178
280 1342
280 1740
280 1979
280 2107
280 2899
280 2953
280 3093
280 3323
280 3344
280 3711
280 3752
280 3791
280 3902
280 4036
280 4128
280 4146
280 4274
280 4511
280 4800
280 4820
280 4967
280 4978
281 515
281 1237
281 1475
281 1547
281 2157
281 2261
281 2487
281 2640
281 2857
281 2996
281 3426
281 3431
281 3482
281 3667
281 4170
281 4348
281 4411
281 4677
281 4937
282 284
282 664
282 772
282 1094
282 1292
282 1658
282 1691
282 2188
282 2243
282 2330
282 2644
282 2667
282 2964
282 3271
282 3319
282 3514
282 3741
282 3919
282 4189
282 4412
282 4973
283 417
283 506
283 2266
283 2386
283 2495
283 2613
283 3140
283 3231
283 3298
283 3342
283 3521
283 3670
283 3977
283 4403
284 605
284 1335
284 1502
284 1570
284 1660
284 2141
284 2592
284 3502
284 4454
285 675
285 860
285 900
285 905
285 915
285 1781
285 2433
285 2462
285 2844
285 3129
285 3310
285 3815
285 3852
285 4040
285 4809
286 647
286 703
286 1222
286 1321
286 1346
286 1444
286 1558
286 1734
286 2212
286 3037
286 3614
286 4201
287 412
287 772
287 922
287 980
287 1174
287 1266
287 2433
287 2549
287 2762
287 3034
287 3433
287 3515
287 3571
287 3583
287 3635
287 3888
287 4046
287 4295
287 4339
287 4566
287 4721
288 353
288 497
288 711
288 971
288 989
288 1027
288 1573
288 1842
288 1908
288 2473
288 2478
288 2537
288 2778
288 2789
288 3589
288 3717
288 4028
288 4631
288 4768
289 591
289 2673
289 2779
289 3135
289 3206
289 3910
289 4040
289 4095
289 4158
289 4216
289 4627
289 4660
289 4743
290 671
290 987
290 1022
290 1261
290 1580
290 3221
290 3313
290 3659
290 3715
290 4099
290 4451
291 355
291 403
291 601
291 700
291 733
291 815
291 929
291 1272
291 2071
291 2127
291 2220
291 2287
291 2305
291 2487
291 2569
291 2790
291 2889
291 3063
291 3159
291 3223
291 3226
291 3405
291 3571
292 1279
292 2033
292 2095
292 2345
292 2962
292 3022
292 3024
292 3161
293 309
293 605
293 828
293 1104
293 1482
293 1735
293 1995
293 2546
293 2550
293 2940
293 3013
293 3189
293 3267
293 3419
293 3510
293 3849
293 4291
293 4357
293 4653
293 4789
294 698
294 802
294 863
294 1132
294 1654
294 1821
294 2064
294 2341
294 3525
294 3830
294 4142
294 4582
294 4652
294 4854
295 394
295 769
295 789
295 1025
295 1257
295 1820
295 3172
295 3388
295 3410
295 3916
295 4098
295 4414
295 4506
295 4608
295 4828
295 4857
296 529
296 582
296 690
296 737
296 1095
296 1318
296 1505
296 2020
296 2756
296 2844
296 3055
296 3141
296 3222
296 3442
296 3687
296 3885
296 4032
296 4112
296 4122
296 4564
296 4632
296 4870
297 1137
297 1536
297 1757
297 1779
297 2031
297 2033
297 2580
297 2738
297 2832
297 2883
297 4006
297 4814
298 717
298 784
298 2068
298 2150
298 2740
298 2903
298 3063
298 3092
298 3820
298 4106
298 4325
298 4505
298 4805
299 358
299 944
299 1074
299 1868
299 2785
299 2789
299 2851
299 3204
299 3664
299 3731
299 3822
299 4024
299 4253
299 4500
299 4558
299 4694
299 4906
300 412
300 507
300 541
300 631
300 1528
300 1538
300 1699
300 1747
300 1894
300 2118
300 2140
300 2432
300 3186
300 4118
300 4392
300 4860
301 956
301 1050
301 1946
301 1988
301 2861
301 2959
301 2969
301 2998
301 3228
301 3537
301 3565
301 3785
301 3853
301 4219
301 4310
301 4705
301 4871
302 784
302 1076
302 1504
302 1608
302 1696
302 1771
302 1819
302 1857
302 2788
302 2835
302 2984
302 3024
302 3810
302 4251
303 620
303 676
303 732
303 1348
303 1577
303 1985
303 1996
303 2033
303 2155
303 2255
303 2388
303 3823
303 3862
303 3877
303 4896
304 615
304 1099
304 1339
304 1804
304 1958
304 2378
304 3204
304 3360
304 3955
304 4286
304 4294
304 4676
304 4720
304 4725
305 779
305 1031
305 1161
305 1485
305 1668
305 1693
305 1722
305 1746
305 1853
305 2187
305 2470
305 3112
305 3726
305 3815
305 4203
305 4569
306 441
306 542
306 914
306 931
306 1030
306 2123
306 2368
306 2369
306 3071
306 3212
306 3656
306 4042
306 4069
306 4293
307 403
307 557
307 1118
307 1557
307 1687
307 2817
307 3039
307 3621
307 3684
307 3881
307 3998
308 685
308 973
308 1052
308 1186
308 1311
308 1568
308 1801
308 2054
308 2116
308 2434
308 2785
308 3249
308 3369
308 3986
308 4051
309 414
309 514
309 1026
309 1193
309 1334
309 1338
309 1479
309 1668
309 1945
309 2778
309 2924
309 2966
309 3070
309 3306
309 3738
309 3854
309 4067
309 4270
309 4330
309 4379
309 4816
310 892
310 1025
310 1298
310 1402
310 1583
310 2940
310 3855
310 3959
310 4495
311 317
311 524
311 1580
311 1621
311 1631
311 2244
311 2488
311 2501
311 2861
311 3665
311 3829
311 3831
311 4053
311 4171
311 4218
311 4746
311 4950
312 1300
312 1325
312 1537
312 2016
312 2252
312 2428
312 2657
312 2952
312 3550
312 3688
312 3796
312 4095
312 4376
312 4713
313 854
313 1456
313 1582
313 1680
313 1917
313 2117
313 3074
313 3171
313 3240
313 3574
313 3658
313 3839
313 4082
313 4245
313 4274
313 4601
314 341
314 416
314 655
314 1077
314 1353
314 1611
314 2478
314 2680
314 3293
314 3615
314 3750
314 3829
314 4001
314 4039
314 4266
314 4971
315 555
315 597
315 821
315 869
315 938
315 2244
315 2735
315 3019
315 3054
315 3475
315 3773
315 3790
315 4264
315 4393
315 4644
315 4651
315 4899
316 432
316 718
316 740
316 889
316 2571
316 2647
316 2795
316 2842
316 3016
316 3180
316 3607
316 4000
316 4127
316 4473
316 4752
316 4802
316 4832
317 594
317 786
317 1342
317 1467
317 1525
317 1840
317 1890
317 2030
317 2105
317 2859
317 3524
317 3726
317 3740
317 3763
317 3844
317 4312
317 4935
318 560
318 733
318 1850
318 1867
318 3021
318 3330
318 3622
318 3755
318 4486
318 4609
319 636
319 974
319 1440
319 1497
319 1523
319 1537
319 2247
319 2488
319 2718
319 3085
319 3116
319 3210
319 3240
319 3420
319 3593
319 3867
319 4041
319 4144
319 4223
319 4344
319 4828
319 4904
319 4932
320 323
320 370
320 495
320 641
320 910
320 924
320 1644
320 1753
320 1767
320 2073
320 3262
320 3285
320 3433
320 3463
320 3810
320 4024
320 4033
320 4798
321 397
321 679
321 794
321 1031
321 1032
321 1093
321 1571
321 2154
321 2766
321 3083
321 3690
321 3764
321 4852
322 352
322 363
322 930
322 1037
322 1164
322 1183
322 1273
322 1835
322 2383
322 3110
322 3263
322 4643
322 4966
323 505
323 855
323 963
323 1126
323 1220
323 1498
323 1670
323 1907
323 2137
323 4207
323 4921
324 1097
324 1361
324 1997
324 2370
324 2677
324 2773
324 3070
324 3424
324 3732
324 4062
324 4254
324 4472
324 4844
325 481
325 984
325 1877
325 1895
325 2771
325 2803
325 3153
325 3308
325 3582
325 4031
325 4195
325 4372
325 4479
325 4580
325 4841
326 496
326 832
326 860
326 1160
326 1219
326 1323
326 1893
326 2099
326 2254
326 2628
326 2943
326 3362
326 3373
326 3592
326 3981
326 4012
326 4026
326 4181
326 4381
326 4383
326 4406
326 4410
326 4748
326 4883
327 838
327 1256
327 1448
327 2243
327 2305
327 2742
327 2764
327 2840
327 3157
327 3392
327 3606
327 3744
327 3885
327 3994
327 4345
327 4524
328 412
328 526
328 1503
328 1875
328 2186
328 2420
328 2805
328 3251
328 3800
328 3854
328 4093
328 4276
328 4778
328 4985
329 869
329 1146
329 1393
329 1500
329 1572
329 2027
329 2241
329 3077
329 3196
329 3372
329 3429
329 3507
329 3576
329 3618
329 4567
330 600
330 1289
330 1505
330 2171
330 2174
330 2478
330 2688
330 3257
330 3484
330 3847
330 3970
330 4026
330 4093
330 4712
330 4937
331 543
331 908
331 1160
331 1761
331 1993
331 2128
331 2171
331 2246
331 2257
331 2392
331 2593
331 2597
331 2817
331 2925
331 3118
331 3202
331 3363
331 3680
331 3723
331 4038
331 4298
331 4481
332 824
332 1261
332 1541
332 2004
332 2148
332 2416
332 2474
332 4105
332 4119
332 4148
332 4217
332 4362
332 4436
332 4646
333 1022
333 1084
333 1908
333 2925
333 2988
333 3081
333 3349
333 3496
333 4723
333 4934
334 376
334 457
334 630
334 851
334 1001
334 1874
334 1894
334 2486
334 2548
334 2875
334 3122
334 4267
334 4598
334 4824
334 4866
335 584
335 1221
335 1421
335 1761
335 1862
335 2101
335 2528
335 2547
335 2654
335 3004
335 3171
335 3686
335 3848
335 3851
335 3898
335 4003
335 4405
335 4523
335 4784
335 4793
335 4922
336 474
336 1065
336 1171
336 1435
336 1839
336 2177
336 2404
336 2553
336 2793
336 3679
336 4078
336 4150
336 4169
336 4525
336 4630
336 4989
337 1355
337 1470
337 1670
337 1902
337 2225
337 3036
337 3066
337 3175
337 3422
337 3578
337 4437
337 4903
338 367
338 603
338 1332
338 1565
338 1803
338 2027
338 2576
338 2655
338 2753
338 2852
338 3226
338 4094
338 4122
338 4518
339 735
339 774
339 990
339 1179
339 1270
339 1708
339 1828
339 2883
339 3116
339 3355
339 3490
339 3960
339 4304
339 4406
339 4414
339 4642
340 737
340 991
340 1180
340 1681
340 1831
340 2104
340 2150
340 2338
340 2842
340 2988
340 3519
340 3551
340 3631
340 4406
340 4453
340 4505
341 485
341 694
341 1354
341 1488
341 1984
341 2231
341 2330
341 2483
341 2624
341 2664
341 2856
341 3558
341 3789
341 4285
341 4337
342 559
342 752
342 1974
342 2595
342 2680
342 2773
342 2926
342 3087
342 3490
342 3736
342 3759
342 3864
342 4239
342 4456
342 4878
343 567
343 1684
343 2044
343 2911
343 3040
343 3250
343 3499
343 3924
343 4035
343 4055
343 4240
343 4628
343 4634
343 4794
343 4827
343 4840
344 354
344 667
344 778
344 861
344 1375
344 1733
344 2104
344 2430
344 2728
344 3137
344 3167
344 3427
344 3998
344 4050
345 724
345 1427
345 2021
345 2271
345 2305
345 3398
345 3577
345 3589
345 3643
345 3805
345 4494
345 4593
345 4981
346 590
346 1141
346 1202
346 1491
346 1645
346 1988
346 2835
346 3105
346 3217
346 3545
346 3784
346 3933
346 4508
346 4735
347 493
347 670
347 949
347 1026
347 1303
347 1797
347 1908
347 2387
347 2416
347 2749
347 3654
347 3749
347 4303
347 4320
347 4509
347 4629
347 4960
348 1148
348 1320
348 1428
348 2443
348 2471
348 2592
348 2963
348 3416
348 4510
348 4536
348 4641
348 4661
348 4908
349 374
349 1524
349 1555
349 1655
349 1843
349 2328
349 3924
349 4158
349 4594
349 4825
350 370
350 676
350 736
350 959
350 1525
350 1714
350 2393
350 2468
350 2710
350 3150
350 3482
350 3508
350 3527
350 3608
350 3776
350 4288
350 4381
350 4585
350 4718
350 4876
350 4935
351 470
351 559
351 798
351 1963
351 1989
351 2150
351 2749
351 2777
351 3265
351 3480
351 3540
352 490
352 873
352 902
352 1237
352 1349
352 1408
352 1459
352 1478
352 1776
352 2183
352 3183
352 3269
352 4604
352 4746
353 427
353 493
353 561
353 1198
353 1636
353 1794
353 2051
353 3258
353 3759
353 4000
353 4027
353 4115
353 4154
353 4197
353 4503
353 4739
354 946
354 1002
354 1140
354 2610
354 3206
354 3939
354 3957
354 4147
354 4453
354 4720
355 400
355 410
355 510
355 646
355 1024
355 1096
355 1897
355 2127
355 2823
355 3288
355 3476
355 3795
355 4142
355 4209
355 4277
355 4632
355 4659
356 1008
356 1096
356 1397
356 1664
356 2328
356 2692
356 2967
356 3142
356 3441
356 3464
356 4636
356 4850
356 4920
357 642
357 1336
357 1792
357 1968
357 2058
357 2431
357 2745
357 2799
357 2879
357 3235
357 4444
358 806
358 975
358 1157
358 1521
358 1571
358 1617
358 1869
358 2612
358 2847
358 2875
358 3559
358 3850
358 3894
358 3898
358 4591
359 576
359 1140
359 1976
359 2327
359 2389
359 2647
359 3397
359 3702
359 3942
359 3974
359 4377
359 4379
359 4565
359 4675
359 4960
360 995
360 1046
360 1466
360 1616
360 1956
360 1969
360 2016
360 2083
360 2152
360 2234
360 2873
360 3008
360 3627
360 4156
360 4469
360 4846
360 4983
360 4984
361 1270
361 1284
361 1628
361 2301
361 2397
361 2844
361 3082
361 3164
361 3450
361 4800
361 4937
362 472
362 593
362 960
362 1715
362 3272
362 3770
362 4718
362 4924
363 463
363 854
363 1087
363 1470
363 2047
363 2076
363 2116
363 2313
363 2977
363 3148
363 3731
363 3783
363 3907
363 4287
363 4317
364 727
364 1233
364 1598
364 2658
364 2890
364 3209
364 3211
364 3495
364 3846
364 4017
364 4048
364 4074
364 4212
364 4280
364 4311
364 4738
365 497
365 542
365 730
365 801
365 1386
365 1698
365 1846
365 2011
365 2092
365 2127
365 2185
365 2429
365 2498
365 4421
365 4445
365 4689
366 369
366 392
366 510
366 1081
366 1677
366 1678
366 1762
366 2008
366 2190
366 2228
366 2535
366 2896
366 3068
366 3210
366 3488
366 3499
366 3917
366 4012
366 4225
366 4582
366 4711
367 414
367 622
367 1215
367 1901
367 1977
367 2179
367 2483
367 2994
367 3306
367 3338
367 3976
367 4166
367 4395
367 4709
367 4849
368 564
368 1646
368 2387
368 3798
368 4104
368 4279
368 4526
369 924
369 1363
369 1553
369 1843
369 1966
369 2042
369 2238
369 2239
369 2521
369 2576
369 2653
369 2681
369 2721
369 2855
369 3336
369 3425
369 3435
369 3810
369 4142
369 4365
369 4543
369 4889
370 927
370 946
370 1759
370 1847
370 1923
370 1939
370 2256
370 2378
370 2463
370 2547
370 3868
370 3981
370 3992
370 4604
370 4638
370 4750
370 4945
371 441
371 524
371 1710
371 1912
371 3331
371 3876
371 3913
371 4504
371 4508
371 4579
371 4697
371 4859
372 390
372 887
372 1139
372 1164
372 1678
372 1859
372 1863
372 2404
372 2956
372 3104
372 3844
372 3902
372 4649
372 4712
372 4886
373 457
373 527
373 787
373 1198
373 1505
373 1511
373 1539
373 1883
373 2487
373 2762
373 2786
373 2917
373 2967
373 3317
373 3599
373 3862
373 4193
373 4577
373 4805
373 4816
374 660
374 826
374 1209
374 1626
374 2267
374 2465
374 2509
374 2558
374 3088
374 3099
374 4202
374 4440
374 4675
374 4697
374 4775
375 559
375 948
375 1329
375 1611
375 1697
375 1960
375 2393
375 2782
375 2937
375 3684
375 3759
375 3867
375 4299
375 4462
375 4920
376 474
376 759
376 1624
376 1805
376 1868
376 2145
376 2736
376 3035
376 3160
376 3192
376 3628
376 3937
376 4156
376 4660
376 4876
377 1213
377 1395
377 1464
377 1691
377 1918
377 2041
377 2190
377 2672
377 2847
377 3044
377 3167
377 3385
377 3662
377 3715
377 3837
377 4142
377 4929
378 576
378 853
378 1368
378 1453
378 2928
378 2933
378 2954
378 3194
378 3425
378 4366
378 4500
378 4572
378 4699
378 4951
379 632
379 656
379 1006
379 1506
379 1640
379 1706
379 1975
379 1986
379 2057
379 2060
379 2579
379 2674
379 3087
379 3312
379 3608
379 3618
379 3795
379 4041
379 4417
379 4522
380 1065
380 1137
380 1358
380 1406
380 1620
380 2168
380 2258
380 2406
380 2458
380 3019
380 3892
380 3901
380 4115
380 4225
380 4390
380 4585
380 4949
380 4976
381 430
381 743
381 874
381 1196
381 1692
381 2871
381 3168
381 3266
381 3283
381 3399
381 3531
381 4000
382 540
382 1040
382 1105
382 1189
382 1477
382 1550
382 1574
382 1761
382 1918
382 2116
382 2590
382 2682
382 2839
382 3298
382 3392
382 3741
382 3797
382 4021
382 4067
382 4122
382 4686
383 616
383 622
383 918
383 1061
383 1930
383 2049
383 2073
383 2218
383 2478
383 2573
383 2943
383 3022
383 3147
383 3250
383 3451
383 4427
383 4533
384 755
384 1564
384 1580
384 1924
384 2109
384 2226
384 2228
384 2482
384 2687
384 2724
384 3238
384 3839
384 3922
384 4053
384 4084
384 4395
384 4438
384 4692
384 4711
384 4752
385 415
385 419
385 1679
385 1749
385 2335
385 2405
385 2668
385 2746
385 3197
385 3365
385 3461
385 3636
385 4044
385 4349
385 4561
385 4688
385 4803
385 4869
386 637
386 960
386 1017
386 1163
386 2313
386 2587
386 2857
386 3088
386 3376
386 3934
386 4338
386 4570
387 602
387 771
387 861
387 1004
387 1182
387 1596
387 1683
387 2087
387 2412
387 3257
387 3823
387 3907
387 4331
387 4501
388 404
388 726
388 823
388 979
388 1763
388 2536
388 2659
388 3327
388 3817
388 3991
388 4232
388 4360
388 4678
388 4948
389 1000
389 1638
389 2027
389 2435
389 3310
389 3470
389 3516
389 3677
389 3982
389 4162
389 4828
389 4846
390 503
390 1611
390 2017
390 2443
390 2448
390 3202
390 4538
390 4675
390 4784
390 4882
391 1038
391 1823
391 2376
391 2622
391 2944
391 3082
391 3356
391 3709
391 3959
391 4220
391 4342
391 4743
392 457
392 502
392 718
392 1585
392 1794
392 1958
392 2016
392 2350
392 3133
392 3611
392 3783
392 4119
392 4229
392 4823
393 920
393 1059
393 1540
393 1739
393 1830
393 1951
393 2500
393 2513
393 3069
393 4259
393 4382
393 4408
393 4640
394 416
394 739
394 1018
394 1049
394 1378
394 1637
394 1925
394 2078
394 2383
394 2446
394 2541
394 2972
394 3569
394 3976
394 4738
394 4891
395 990
395 1322
395 1698
395 2611
395 2987
395 3109
395 3178
395 3354
395 3507
395 3893
395 4438
395 4551
395 4722
396 586
396 782
396 859
396 973
396 1056
396 1203
396 1307
396 1735
396 2159
396 2165
396 2261
396 2818
396 4198
397 716
397 768
397 1200
397 1277
397 1326
397 1612
397 1939
397 2441
397 2651
397 2807
397 3128
397 3394
397 3519
397 4429
397 4453
397 4521
397 4627
397 4805
398 1163
398 1574
398 1680
398 1700
398 1720
398 1961
398 2323
398 2798
398 3273
398 3374
398 4202
398 4536
399 406
399 774
399 1043
399 1470
399 1761
399 1778
399 1968
399 2276
399 2331
399 2877
399 2954
399 3106
399 3737
399 4725
399 4752
400 708
400 1361
400 2410
400 2944
400 3103
400 3124
400 3886
400 4070
401 736
401 944
401 1004
401 1606
401 1706
401 3053
401 3199
401 3591
401 3656
401 3834
401 4008
401 4513
402 641
402 814
402 850
402 1246
402 1391
402 1434
402 1758
402 1824
402 1846
402 2495
402 2652
402 4102
402 4203
402 4295
402 4413
402 4922
403 487
403 563
403 914
403 1279
403 1280
403 1578
403 1628
403 1629
403 3715
403 4235
403 4582
403 4859
403 4966
404 557
404 895
404 1224
404 1262
404 1316
404 1415
404 1462
404 2000
404 2424
404 2474
404 2712
404 2997
404 3407
404 3424
404 3485
404 3487
404 3664
404 3828
404 4816
405 469
405 568
405 1358
405 1753
405 1994
405 2031
405 2174
405 2377
405 2845
405 3832
405 4001
405 4027
405 4960
406 485
406 587
406 712
406 782
406 1799
406 1936
406 2488
406 2715
406 2896
406 3074
406 3248
406 3730
406 3997
406 4019
406 4612
407 438
407 652
407 819
407 1358
407 1949
407 2294
407 2318
407 2472
407 2477
407 2971
407 3023
407 3578
407 3867
407 3899
407 4062
407 4502
407 4657
407 4672
407 4864
408 485
408 1129
408 1237
408 1430
408 1441
408 1522
408 1634
408 2001
408 2614
408 2680
408 2774
408 2846
408 3234
408 3400
408 3653
408 3946
408 4246
408 4375
409 632
409 655
409 1593
409 2089
409 2308
409 2336
409 2737
409 3114
409 3174
409 3397
409 3618
409 3924
409 4405
409 4526
409 4574
409 4709
409 4842
410 618
410 1498
410 1548
410 1908
410 2685
410 2982
410 3089
410 4063
410 4941
411 568
411 650
411 939
411 1005
411 1249
411 2367
411 2857
411 3848
411 3864
411 3882
411 4087
411 4153
411 4712
411 4785
411 4818
412 1207
412 1478
412 3047
412 3072
412 3403
412 3627
412 3696
412 4500
412 4803
412 4888
413 892
413 1054
413 1394
413 1579
413 1909
413 2024
413 2380
413 3256
413 3412
413 3691
413 4515
413 4727
413 4840
414 566
414 813
414 1062
414 1163
414 1193
414 1195
414 1204
414 1239
414 1651
414 2136
414 2365
414 2631
414 2682
414 2966
414 3012
414 3491
414 3883
414 4577
414 4658
415 456
415 752
415 834
415 1525
415 1614
415 2157
415 2201
415 2665
415 2773
415 3021
415 3347
415 4119
416 699
416 1159
416 1594
416 2301
416 2430
416 2446
416 2819
416 2937
416 3112
416 3726
416 4392
417 2132
417 2222
417 2325
417 2400
417 2885
417 3087
417 3353
417 3417
417 4588
417 4618
417 4775
418 518
418 552
418 950
418 1127
418 1275
418 1960
418 2126
418 2529
418 2691
418 2900
418 3116
418 3342
418 4292
418 4762
419 1001
419 1830
419 2204
419 2274
419 2342
419 2428
419 4742
419 4828
420 756
420 950
420 1153
420 1280
420 1495
420 1867
420 2577
420 2613
420 4062
420 4200
421 587
421 645
421 702
421 965
421 1359
421 1486
421 2040
421 2120
421 3070
421 3189
421 3261
421 3904
421 4423
421 4556
421 4928
422 474
422 604
422 761
422 806
422 1152
422 1677
422 1725
422 1813
422 2098
422 2536
422 2631
422 3006
422 3118
422 3124
422 3627
422 3660
422 3702
422 3815
422 3992
422 4552
422 4860
422 4871
423 570
423 866
423 1185
423 2482
423 2618
423 3347
423 3780
423 4437
424 440
424 1602
424 1652
424 2938
424 3049
424 3090
424 3109
424 3238
424 3457
424 4427
424 4546
424 4726
425 1418
425 1426
425 1429
425 1731
425 2275
425 2536
425 2540
425 2837
425 3535
425 3629
425 4152
425 4914
426 475
426 480
426 782
426 1080
426 1589
426 2189
426 2447
426 2592
426 2670
426 2837
426 3539
426 3653
426 3916
426 4404
426 4419
426 4430
426 4588
426 4946
426 4951
427 626
427 1867
427 2565
427 2645
427 3087
427 3620
427 3623
427 3746
427 3952
427 4164
427 4524
427 4627
427 4681
427 4821
427 4958
428 958
428 1315
428 1430
428 1957
428 2355
428 2612
428 2763
428 3952
428 4026
428 4619
429 984
429 1123
429 1488
429 2341
429 2370
429 2375
429 2874
429 2894
429 3236
429 4089
429 4563
429 4771
430 455
430 910
430 1226
430 1253
430 2227
430 2895
430 4226
430 4279
430 4503
430 4511
430 4819
431 610
431 1963
431 2012
431 2515
431 3876
431 4022
431 4855
432 434
432 939
432 1289
432 1405
432 1760
432 1774
432 2384
432 2575
432 3866
432 3943
432 4118
432 4165
432 4995
433 689
433 690
433 1088
433 1273
433 1574
433 1585
433 1632
433 1635
433 1709
433 1733
433 2409
433 2795
433 2802
433 3503
433 3673
433 3886
433 4697
434 712
434 875
434 1087
434 1314
434 1435
434 1638
434 1939
434 2320
434 2425
434 2489
434 2853
434 2922
434 2932
434 2939
434 3781
434 4007
434 4062
434 4200
434 4556
435 872
435 1091
435 1180
435 1878
435 2194
435 2326
435 2976
435 3479
435 3925
435 3930
435 4226
435 4267
435 4550
435 4913
436 1061
436 1766
436 1773
436 2211
436 2486
436 2724
436 2738
436 3274
436 3550
436 3785
436 3863
436 4616
436 4944
437 771
437 962
437 1232
437 1470
437 2634
437 2780
437 3113
437 3154
437 4004
437 4457
437 4518
437 4692
437 4852
438 551
438 612
438 698
438 826
438 1186
438 1634
438 2234
438 3303
438 3552
438 3715
438 3942
438 4022
438 4984
439 1881
439 2037
439 2204
439 2559
439 2962
439 3231
439 3793
439 4502
439 4672
439 4740
439 4893
440 704
440 881
440 1184
440 1247
440 1607
440 1649
440 1672
440 1841
440 2002
440 2405
440 2935
440 3289
440 3901
440 4149
440 4201
440 4527
440 4721
440 4747
441 444
441 868
441 1077
441 1114
441 1409
441 1863
441 2455
441 2572
441 2678
441 2731
441 2782
441 2807
441 3638
441 3701
441 4082
441 4139
441 4575
441 4596
441 4738
441 4977
442 529
442 692
442 736
442 772
442 1162
442 2022
442 4118
442 4223
442 4241
442 4242
442 4386
442 4663
442 4696
442 4764
443 781
443 1049
443 1408
443 2598
443 2974
443 3295
443 3715
443 4701
444 1509
444 1841
444 1915
444 2394
444 2412
444 2870
444 3009
444 3297
444 3747
444 4081
444 4315
444 4495
444 4535
444 4654
445 1079
445 1085
445 1161
445 1543
445 1872
445 2090
445 2109
445 2265
445 2491
445 2538
445 2917
445 3013
445 3093
445 3315
445 3474
445 3595
445 3767
445 3849
445 4922
446 843
446 1162
446 1477
446 1793
446 2580
446 2739
446 2839
446 2846
446 2862
446 2936
446 2991
446 3162
446 3536
446 3812
446 4185
446 4219
446 4273
447 504
447 724
447 1281
447 1346
447 1562
447 1601
447 2253
447 2549
447 2670
447 3079
447 3331
447 3422
447 3838
447 3845
447 3990
447 4258
447 4489
447 4748
447 4860
448 1281
448 1315
448 1853
448 2272
448 2411
448 2918
448 2926
448 3680
448 4758
449 1105
449 1397
449 1594
449 1600
449 1625
449 2116
449 2354
449 2404
449 2945
449 4808
450 619
450 627
450 655
450 737
450 1034
450 1712
450 2513
450 2643
450 2807
450 3022
450 3050
450 4130
450 4161
450 4905
450 4975
451 750
451 1020
451 1169
451 2097
451 2136
451 2212
451 2371
451 2505
451 3333
451 4010
451 4618
451 4739
451 4930
452 1479
452 1691
452 1865
452 1888
452 2018
452 2022
452 2500
452 2543
452 3039
452 3415
452 3427
452 3579
452 3611
452 4889
453 1305
453 2063
453 2116
453 2119
453 2276
453 2824
453 2890
453 3553
453 3613
453 4082
453 4193
453 4470
454 759
454 2138
454 2271
454 2677
454 2868
454 3024
454 3520
454 3567
454 3704
454 3994
454 4245
454 4509
454 4789
454 4917
455 672
455 1450
455 1572
455 1574
455 1943
455 1951
455 2433
455 2814
455 3567
455 3718
455 4728
456 465
456 1129
456 1216
456 1468
456 1808
456 1879
456 2052
456 2222
456 2316
456 2494
456 3390
456 3544
456 3596
456 3983
456 4260
456 4404
457 525
457 1715
457 1872
457 1991
457 2101
457 2200
457 2618
457 2715
457 2892
457 3473
457 3564
457 3618
457 3924
457 4006
457 4226
457 4342
457 4504
458 783
458 999
458 1467
458 1510
458 1587
458 3091
458 3139
458 3160
458 3438
458 3525
458 3889
458 3912
458 4056
458 4078
458 4091
458 4271
458 4567
458 4614
459 740
459 802
459 1193
459 1195
459 1376
459 1416
459 1876
459 2055
459 2678
459 3117
459 3454
459 3534
459 3595
459 3749
459 4009
459 4688
459 4721
460 575
460 932
460 991
460 1190
460 1449
460 1450
460 1585
460 1795
460 2535
460 2837
460 3189
460 3393
460 3465
460 3631
460 3739
460 3842
460 3960
460 4161
460 4312
460 4455
460 4496
460 4706
460 4837
460 4840
460 4872
461 528
461 572
461 1085
461 1474
461 1814
461 2324
461 2388
461 2760
461 2893
461 3700
461 3868
461 3941
461 4192
461 4276
461 4477
462 564
462 1207
462 1583
462 2075
462 2340
462 2671
462 3046
462 3873
462 3962
462 4335
462 4889
463 470
463 569
463 692
463 1128
463 1137
463 1829
463 2209
463 2223
463 2659
463 2693
463 3353
463 3562
463 3579
463 4019
463 4089
463 4257
463 4440
463 4673
463 4728
463 4898
464 587
464 596
464 2352
464 2532
464 2951
464 3394
464 3415
464 3777
465 549
465 672
465 688
465 871
465 986
465 1146
465 1148
465 1263
465 1542
465 1757
465 1897
465 2944
465 3117
465 3421
465 3624
465 3770
465 3867
465 4077
465 4517
465 4883
466 978
466 1305
466 1490
466 1773
466 1856
466 1994
466 2002
466 2047
466 2576
466 4417
466 4498
467 1090
467 1357
467 1456
467 1494
467 1984
467 2149
467 2324
467 2679
467 2854
467 3208
467 3503
467 4172
467 4203
467 4223
467 4621
468 513
468 913
468 1192
468 1613
468 1698
468 2076
468 2293
468 2427
468 3524
468 4395
468 4612
468 4922
469 746
469 1157
469 1171
469 1213
469 1485
469 1879
469 2041
469 3084
469 3217
469 3849
470 614
470 634
470 886
470 1050
470 1211
470 1252
470 1539
470 1548
470 1987
470 2280
470 3546
470 3914
470 4044
470 4083
470 4115
470 4295
470 4625
470 4685
470 4797
471 794
471 810
471 1017
471 1830
471 1884
471 1912
471 2103
471 2215
471 2779
471 2924
471 2941
471 3018
471 3353
471 3490
471 4026
471 4604
471 4647
471 4791
471 4806
472 730
472 1752
472 1779
472 2188
472 2490
472 2493
472 2517
472 2697
472 3743
472 4658
472 4905
473 595
473 1055
473 1343
473 1572
473 3389
473 3552
473 4504
473 4655
473 4910
474 961
474 1083
474 1494
474 1818
474 2002
474 2024
474 2738
474 2757
474 2816
474 2828
474 2989
474 3428
474 3495
474 3579
474 3761
474 4167
474 4254
474 4414
474 4774
474 4963
475 717
475 936
475 1987
475 1997
475 2096
475 2291
475 2431
475 2627
475 2796
475 2895
475 2939
475 3151
475 3386
475 4308
475 4694
475 4751
476 773
476 1218
476 1495
476 1521
476 1806
476 2242
476 2288
476 2310
476 2316
476 2522
476 2987
476 3228
476 3761
476 4570
476 4693
476 4713
476 4775
477 623
477 676
477 807
477 1713
477 2399
477 2786
477 2943
477 3432
477 3700
477 3964
477 4276
477 4622
477 4824
477 4973
478 502
478 1153
478 1721
478 3284
478 3667
478 4706
478 4739
478 4751
479 893
479 1127
479 1137
479 1185
479 1259
479 1506
479 1904
479 2488
479 2518
479 3031
479 3230
479 3372
479 4048
479 4500
479 4849
480 1199
480 1520
480 1586
480 2257
480 2348
480 2386
480 2562
480 2564
480 2742
480 2903
480 3154
480 3489
480 3531
480 4369
480 4512
481 555
481 915
481 2075
481 2302
481 3813
481 4062
481 4178
481 4243
481 4318
482 484
482 699
482 1004
482 1111
482 1260
482 1602
482 1811
482 2081
482 2189
482 2335
482 2809
482 2982
482 3581
482 3703
482 3874
482 3924
482 4031
482 4201
482 4391
482 4510
483 783
483 1030
483 1574
483 2455
483 2736
483 2744
483 3157
483 3349
483 3496
483 3693
483 3776
483 4192
483 4881
484 588
484 780
484 834
484 971
484 1190
484 1413
484 2289
484 2298
484 2322
484 2508
484 2587
484 3149
484 3335
484 3949
484 4368
484 4702
485 693
485 865
485 1264
485 1336
485 1344
485 1411
485 1590
485 1597
485 2127
485 2131
485 2521
485 2736
485 3348
485 3506
485 3607
485 3818
485 3896
485 4149
485 4210
485 4246
485 4527
485 4671
486 559
486 704
486 876
486 1077
486 1124
486 1350
486 1388
486 1627
486 2377
486 2498
486 2638
486 2776
486 2879
486 3177
486 3914
486 3950
486 4441
486 4957
487 506
487 763
487 1924
487 2170
487 2557
487 2750
487 2814
487 3194
487 3405
487 3650
487 3657
487 3696
487 4315
487 4973
488 1585
488 2013
488 2392
488 2404
488 2639
488 3261
488 3267
488 3773
488 4699
489 636
489 806
489 1145
489 1679
489 1870
489 1974
489 2222
489 2280
489 3007
489 3030
489 3263
489 3349
489 3452
489 3647
489 3865
489 3931
489 4567
489 4644
489 4673
490 765
490 832
490 924
490 1348
490 1384
490 1556
490 2399
490 2480
490 3200
490 3790
490 3876
490 4129
490 4283
490 4411
490 4949
491 887
491 1755
491 2343
491 2495
491 2714
491 2849
491 3097
491 3854
491 4472
491 4582
491 4583
491 4803
492 535
492 829
492 1201
492 1293
492 1372
492 1457
492 1574
492 2175
492 2198
492 2431
492 2699
492 3613
492 4221
492 4314
492 4683
492 4946
492 4993
493 833
493 1355
493 2533
493 2998
493 3005
493 3281
493 4688
493 4689
494 774
494 919
494 1579
494 1868
494 1886
494 2193
494 2442
494 2846
494 3195
494 3271
494 3777
494 4459
495 902
495 1286
495 1296
495 1360
495 1850
495 1977
495 2114
495 3231
495 3360
495 3370
495 3571
495 3860
495 4621
495 4923
496 1472
496 2248
496 2374
496 2717
496 3190
496 3282
496 3300
496 3573
496 3606
496 4175
496 4225
496 4634
496 4885
497 986
497 1041
497 1084
497 1687
497 2035
497 2281
497 2332
497 2733
497 3251
497 3272
497 3584
497 3719
497 3763
497 4087
497 4462
497 4637
498 821
498 1439
498 1786
498 2187
498 2469
498 2995
498 3241
498 4108
499 552
499 687
499 810
499 817
499 937
499 2854
499 3479
499 3782
499 3933
499 4088
499 4107
499 4174
499 4896
499 4924
500 882
500 1044
500 1429
500 2040
500 2244
500 2735
500 3219
500 3367
500 3879
501 2152
501 2362
501 2840
501 2925
501 3021
501 3194
501 3629
501 4021
501 4109
501 4524
502 1000
502 1036
502 1091
502 1148
502 1559
502 1677
502 1980
502 2027
502 2216
502 2643
502 2663
502 3247
502 3378
502 3383
502 3599
502 3602
502 3609
502 4806
502 4853
503 528
503 613
503 694
503 1138
503 1156
503 1242
503 1455
503 1536
503 1731
503 1865
503 2248
503 2293
503 2550
503 2609
503 3238
503 3271
503 3306
503 3730
503 3775
503 3902
503 3983
504 524
504 887
504 896
504 898
504 1124
504 1165
504 1337
504 1894
504 2160
504 2331
504 2559
504 3149
504 3299
504 3604
504 3988
504 4088
504 4407
505 507
505 736
505 804
505 914
505 1016
505 1416
505 1957
505 3516
505 3895
505 4312
505 4425
505 4568
505 4750
505 4777
506 1054
506 1086
506 1288
506 1449
506 1462
506 1698
506 1833
506 2044
506 2069
506 2540
506 2752
506 2937
506 3058
507 527
507 1968
507 2139
507 2294
507 2357
507 3072
507 3287
507 3820
507 3972
507 4485
507 4494
507 4933
508 830
508 1382
508 1405
508 1721
508 1873
508 1993
508 2068
508 2331
508 2454
508 2591
508 3201
508 4254
508 4307
508 4315
508 4435
508 4799
508 4912
509 954
509 1195
509 1250
509 1714
509 2077
509 2164
509 2689
509 2939
509 2974
509 3352
509 3920
509 4426
509 4603
509 4851
510 807
510 822
510 1695
510 2516
510 2733
510 2785
510 3630
510 3774
510 4080
510 4404
510 4690
510 4934
511 850
511 946
511 1472
511 1736
511 2451
511 3212
511 3526
511 4521
511 4642
512 754
512 977
512 1092
512 1127
512 1137
512 1206
512 1230
512 1428
512 1619
512 1737
512 2323
512 2497
512 2545
512 2604
512 2794
512 3048
512 3067
512 3643
512 3719
512 3722
512 3795
512 3956
512 4053
512 4235
512 4377
512 4620
512 4725
513 635
513 968
513 1268
513 1462
513 1652
513 1926
513 2004
513 2806
513 3347
513 3544
513 3805
513 4039
513 4058
513 4752
513 4951
514 971
514 1481
514 1775
514 1815
514 1910
514 2022
514 2123
514 2318
514 2747
514 3297
514 3321
514 3331
514 3365
515 824
515 952
515 1759
515 2168
515 2745
515 2886
515 3016
515 3896
515 4058
515 4132
515 4233
515 4235
515 4244
515 4254
515 4316
516 898
516 1634
516 1751
516 2415
516 2499
516 2775
516 2799
516 3135
516 3189
516 3332
516 4969
517 565
517 900
517 1044
517 1237
517 2341
517 2428
517 2628
517 2873
517 3281
517 4376
517 4609
517 4653
517 4687
517 4763
518 937
518 985
518 1222
518 1266
518 1993
518 2884
518 3314
518 3518
518 3760
518 3810
518 4297
518 4356
518 4518
519 747
519 847
519 1742
519 1804
519 1913
519 2023
519 2058
519 2400
519 2494
519 2605
519 2745
519 2858
519 3111
519 3150
519 3566
519 3925
519 3942
519 4379
519 4940
519 4987
520 1010
520 1519
520 2020
520 2027
520 2467
520 3630
520 3707
520 3757
521 955
521 981
521 1163
521 1302
521 1346
521 1416
521 2235
521 2600
521 2690
521 2866
521 3176
521 3927
521 3965
521 4007
521 4331
521 4396
521 4539
522 750
522 903
522 1209
522 1225
522 1358
522 1476
522 1572
522 1631
522 2098
522 2248
522 2536
522 3049
522 3228
522 3338
522 3532
522 3740
522 4119
522 4528
522 4814
523 770
523 795
523 930
523 1038
523 1410
523 1434
523 1877
523 2137
523 2473
523 2966
523 2983
523 3445
523 3999
523 4071
523 4790
523 4813
524 1052
524 1417
524 1421
524 1612
524 1613
524 1815
524 2147
524 2238
524 2526
524 2533
524 3085
524 3151
524 3631
524 3868
524 4191
524 4395
524 4420
524 4474
524 4729
524 4792
524 4958
525 876
525 921
525 950
525 1341
525 1366
525 1462
525 1585
525 1622
525 1690
525 2069
525 2256
525 2536
525 2701
525 2733
525 2887
525 3656
525 4144
525 4552
525 4847
526 1689
526 1772
526 2140
526 2244
526 2468
526 2721
526 3344
526 3473
526 3512
526 3651
526 3682
526 3762
526 4034
526 4134
526 4153
526 4202
526 4666
527 1364
527 1598
527 2225
527 2717
527 2787
527 3073
527 3224
527 3365
527 3604
527 3767
527 3779
527 4698
528 1091
528 1560
528 1871
528 2188
528 2368
528 2505
528 3049
528 3093
528 3105
528 3153
528 3203
528 3460
528 4727
528 4912
529 915
529 975
529 1088
529 1295
529 1383
529 1633
529 1723
529 2587
529 3398
529 4410
529 4479
529 4658
529 4790
529 4857
530 627
530 1113
530 1292
530 1431
530 1525
530 2141
530 2177
530 2336
530 3103
530 3463
530 3472
530 3486
530 3580
530 4268
530 4289
530 4309
530 4877
531 752
531 1041
531 1338
531 1931
531 2219
531 3300
531 3600
531 3701
531 3792
531 3985
531 4011
531 4174
531 4373
531 4418
531 4478
531 4768
532 610
532 700
532 884
532 1142
532 1304
532 1533
532 1566
532 2169
532 2319
532 2373
532 2417
532 3322
532 3323
532 3704
532 3806
532 3994
532 4084
532 4141
532 4214
532 4705
533 976
533 1049
533 1175
533 1189
533 1289
533 1976
533 2443
533 2514
533 2931
533 3204
533 4306
533 4410
533 4507
533 4618
533 4746
533 4821
534 853
534 1453
534 1599
534 1607
534 1915
534 2206
534 2537
534 2606
534 2672
534 2810
534 2844
534 3104
534 3150
534 3358
534 3466
534 3660
534 4196
534 4281
534 4507
534 4706
535 1112
535 1730
535 1955
535 2188
535 2401
535 2422
535 2474
535 3035
535 3180
535 3518
535 3600
535 3748
535 4313
535 4341
535 4494
535 4594
535 4896
536 1572
536 1807
536 2067
536 2075
536 2308
536 2786
536 2841
536 3021
536 3868
536 3873
536 4151
536 4404
536 4465
537 703
537 705
537 1257
537 2270
537 2923
537 3203
537 3250
537 3759
537 4237
537 4674
538 565
538 1821
538 2505
538 2651
538 2685
538 2854
538 3078
538 4148
538 4233
538 4490
538 4527
539 625
539 1313
539 1387
539 1696
539 1778
539 2066
539 2256
539 2374
539 2411
539 2423
539 2542
539 2624
539 2894
539 3061
539 3303
539 3387
539 3544
539 3803
539 3945
539 3979
539 4522
539 4707
539 4800
539 4952
540 580
540 616
540 689
540 806
540 953
540 1836
540 1935
540 3217
540 3460
540 4369
540 4410
540 4792
541 675
541 962
541 1161
541 1266
541 1575
541 2208
541 2275
541 2576
541 2697
541 3222
541 3428
541 3837
541 4412
541 4860
542 568
542 619
542 1106
542 1130
542 1530
542 2559
542 3486
542 3666
542 4091
542 4152
542 4251
542 4528
542 4601
543 831
543 1119
543 2124
543 2196
543 3001
543 3333
543 4794
544 777
544 1410
544 1661
544 1717
544 2288
544 3202
545 559
545 604
545 995
545 2520
545 3897
545 3946
545 4454
546 612
546 1010
546 1044
546 1757
546 1870
546 2245
546 2369
546 2374
546 2501
546 2647
546 2648
546 2721
546 3018
546 3482
546 4230
546 4682
546 4744
546 4869
547 673
547 1222
547 1489
547 1536
547 1890
547 2140
547 2871
547 3595
547 3690
547 3899
547 4117
547 4324
547 4518
547 4546
547 4827
548 1629
548 1705
548 2342
548 2430
548 2734
548 2933
548 3065
548 3144
548 3452
548 3523
548 3951
548 4061
548 4502
548 4980
549 695
549 1014
549 1170
549 1225
549 1299
549 1929
549 2308
549 2600
549 2652
549 3007
549 3926
549 3955
549 4598
549 4799
550 566
550 590
550 1210
550 1340
550 1366
550 1443
550 1581
550 1667
550 2038
550 2209
550 2377
550 2558
550 2659
550 2722
550 2971
550 3118
550 3540
550 3634
550 3763
550 3768
550 4391
550 4814
550 4851
550 4875
551 611
551 847
551 883
551 1222
551 1502
551 1564
551 2039
551 2059
551 2549
551 2682
551 2749
551 3140
551 3143
551 3220
551 3443
551 3481
551 3643
551 4006
551 4154
551 4315
551 4964
552 1066
552 1101
552 1153
552 1254
552 1427
552 1663
552 2152
552 2327
552 2959
552 2972
552 3130
552 3280
552 4320
552 4746
552 4858
553 702
553 795
553 1336
553 1429
553 1818
553 2115
553 2960
553 3098
553 3230
553 3940
553 4092
553 4211
553 4668
553 4763
554 646
554 864
554 941
554 1245
554 1366
554 1416
554 1720
554 2272
554 2306
554 2493
554 2560
554 2880
554 2950
554 3683
554 3855
554 4449
554 4641
554 4667
554 4907
554 4953
554 4987
555 873
555 1293
555 1756
555 1896
555 1961
555 2714
555 3429
555 4058
555 4153
555 4419
555 4629
555 4722
555 4933
556 717
556 1339
556 1365
556 1370
556 2175
556 2748
556 2888
556 3038
556 3092
556 3355
556 3393
556 3539
556 3857
556 3958
556 3977
556 4123
556 4219
556 4276
556 4418
556 4456
556 4707
557 937
557 1006
557 1032
557 1646
557 2149
557 2439
557 2571
557 3362
557 3773
557 3869
557 3902
557 3965
557 4004
558 639
558 826
558 990
558 1002
558 1564
558 2561
558 2571
558 2621
558 3072
558 4308
559 912
559 957
559 1133
559 1375
559 2609
559 3084
559 3231
559 3526
559 4153
559 4201
559 4617
559 4724
559 4780
559 4903
559 4960
560 680
560 814
560 1329
560 2026
560 2270
560 2355
560 2404
560 2671
560 2780
560 3144
560 3353
560 3375
560 3392
560 3500
560 3555
560 4190
560 4401
560 4406
560 4414
560 4466
560 4521
560 4768
560 4991
561 873
561 937
561 1414
561 1594
561 1709
561 2297
561 2430
561 2793
561 2826
561 3023
561 3058
561 3190
561 3539
561 3614
561 3764
561 4842
561 4867
562 882
562 1006
562 1044
562 1131
562 1237
562 1357
562 1364
562 1428
562 1685
562 2052
562 2358
562 2499
562 2520
562 3507
562 3886
562 3924
562 4037
562 4326
562 4348
562 4802
562 4986
563 1309
563 1495
563 1766
563 1790
563 1849
563 2721
563 2883
563 3133
563 3868
563 3926
563 4176
563 4423
563 4638
563 4727
563 4732
564 655
564 1032
564 1270
564 1784
564 1963
564 2247
564 2415
564 2565
564 2735
564 2758
564 3028
564 3428
564 3527
564 3659
564 3675
564 3906
564 4002
564 4257
564 4580
564 4602
564 4613
565 639
565 789
565 1104
565 1382
565 1617
565 2229
565 3050
565 3974
565 4447
565 4809
565 4923
565 4942
566 615
566 658
566 991
566 1716
566 1824
566 2165
566 2414
566 2841
566 3241
566 3650
566 3708
566 4347
566 4581
567 719
567 918
567 1398
567 1513
567 1650
567 1957
567 2162
567 2393
567 3122
567 3215
567 4037
567 4085
567 4341
568 594
568 765
568 1581
568 1647
568 1872
568 2161
568 2427
568 2769
568 3121
568 3891
568 4547
568 4970
569 1241
569 1452
569 1639
569 1650
569 2101
569 2143
569 2305
569 3541
569 3567
569 3773
569 3883
569 3920
569 4109
569 4807
569 4828
569 4909
570 649
570 850
570 2167
570 2550
570 2863
570 3431
570 3563
570 3596
570 3781
570 4063
570 4068
570 4069
570 4259
570 4512
570 4782
570 4905
571 706
571 782
571 823
571 1132
571 1403
571 1428
571 1507
571 1547
571 1995
571 2156
571 2320
571 2605
571 3103
571 3194
571 3375
571 3840
571 4924
572 902
572 980
572 1192
572 1289
572 1355
572 1930
572 2335
572 2601
572 2757
572 3360
572 3927
572 4083
572 4098
572 4329
572 4444
572 4536
572 4645
573 803
573 820
573 1094
573 1235
573 1606
573 1773
573 1845
573 2058
573 2421
573 3355
573 3368
573 3961
573 4515
573 4561
573 4660
574 874
574 1316
574 1453
574 1654
574 2058
574 2115
574 2985
574 3700
574 4782
574 4915
575 1250
575 1598
575 2128
575 2446
575 2945
575 3295
575 3633
575 3856
575 4152
575 4258
575 4265
575 4536
575 4746
575 4921
576 918
576 1296
576 2044
576 2157
576 2315
576 2442
576 2444
576 2760
576 2895
576 3195
576 4103
576 4363
576 4405
576 4426
576 4429
576 4908
577 771
577 954
577 1192
577 1337
577 1699
577 2477
577 2714
577 3168
577 3578
577 3839
577 4158
577 4344
577 4455
578 1259
578 1550
578 2329
578 3481
578 3516
578 3611
578 3956
578 4391
578 4709
578 4951
579 1939
579 1955
579 1985
579 1991
579 2029
579 3654
579 3800
579 4552
579 4622
579 4931
579 4939
579 4959
580 689
580 1018
580 1644
580 1990
580 2658
580 2820
580 2896
580 2982
580 3228
580 3497
580 4388
580 4767
581 853
581 1151
581 1294
581 1378
581 1713
581 1757
581 2096
581 2232
581 2252
581 2501
581 2789
581 2943
581 3338
581 3478
581 4189
581 4471
581 4515
581 4817
581 4941
581 4978
582 740
582 1238
582 1968
582 2684
582 2830
582 2927
582 3187
582 3590
582 3808
582 4687
582 4747
582 4832
582 4942
583 725
583 1217
583 1415
583 1560
583 1769
583 2484
583 2908
583 3173
583 3701
583 3983
583 4036
583 4057
584 1034
584 1124
584 2012
584 2020
584 2274
584 2900
585 1173
585 1185
585 1907
585 2124
585 2204
585 2661
585 3061
585 3264
585 3325
585 3464
585 4023
585 4142
585 4174
586 619
586 694
586 719
586 940
586 951
586 1060
586 1066
586 1180
586 1420
586 1492
586 1881
586 2140
586 2163
586 2191
586 2248
586 2427
586 2506
586 2666
586 2888
586 3466
586 3479
586 3545
586 3650
586 4004
586 4073
586 4247
586 4692
587 996
587 1212
587 1678
587 1746
587 1807
587 1910
587 2074
587 2100
587 2195
587 2263
587 2273
587 2529
587 2674
587 2986
587 3088
587 3142
587 3292
587 3300
587 3496
587 3584
587 3973
587 4702
587 4839
588 1054
588 1261
588 2007
588 2109
588 2934
588 3071
588 3111
588 3310
588 4122
588 4599
588 4818
589 748
589 801
589 1319
589 1894
589 2084
589 2816
589 2828
589 2834
589 2895
589 3121
589 3315
589 4026
589 4202
589 4349
589 4544
589 4557
589 4722
590 711
590 1373
590 1936
590 2105
590 2411
590 2541
590 3201
590 3597
590 4055
590 4461
590 4878
591 1411
591 1493
591 2517
591 3248
591 4881
592 791
592 1044
592 1078
592 1316
592 1334
592 1653
592 2083
592 2452
592 3773
592 4146
592 4269
593 680
593 699
593 1043
593 1680
593 1946
593 2067
593 2227
593 2858
593 2911
593 3247
593 3413
593 3511
593 3882
593 3913
593 4173
593 4463
593 4731
593 4981
594 920
594 991
594 1514
594 2203
594 2211
594 2225
594 2811
594 2863
594 3550
594 3674
594 3795
594 3878
594 4921
595 654
595 1487
595 2066
595 2124
595 2268
595 2278
595 2671
595 3115
595 3158
595 3223
595 3254
595 3314
595 3702
595 4000
595 4054
595 4210
595 4273
595 4501
595 4816
596 792
596 1225
596 1543
596 1774
596 2080
596 2437
596 3402
596 3917
596 4395
596 4543
596 4916
597 698
597 1124
597 1711
597 2269
597 2473
597 2523
597 3090
597 3153
597 3682
597 4047
597 4281
597 4301
597 4339
597 4767
597 4912
598 761
598 908
598 947
598 1140
598 1802
598 1813
598 2303
598 3088
598 3305
598 3344
598 3584
598 3759
598 3839
598 3945
598 4453
598 4584
598 4812
598 4818
598 4947
598 4986
599 950
599 1041
599 1336
599 1384
599 1696
599 1783
599 2230
599 2472
599 2985
599 3213
599 3284
599 4159
599 4219
599 4312
599 4675
599 4810
599 4978
600 1086
600 1375
600 2064
600 2432
600 2841
600 2859
600 3117
600 3460
600 3871
600 3980
600 4059
600 4118
600 4388
600 4431
601 1159
601 1322
601 1370
601 2221
601 2306
601 2446
601 2694
601 3376
601 3714
601 3795
601 4287
601 4743
602 788
602 846
602 981
602 2237
602 2268
602 3053
602 3151
602 3957
602 4749
602 4817
603 679
603 718
603 1044
603 1206
603 1287
603 1299
603 1658
603 1676
603 2856
603 3881
603 3939
603 4119
603 4367
603 4485
603 4686
603 4951
604 659
604 1121
604 1150
604 1196
604 1223
604 1342
604 2013
604 2091
604 2262
604 2565
604 2685
604 3208
604 3209
604 3715
604 3761
604 3807
604 3843
604 4704
605 1130
605 1442
605 1736
605 1780
605 2587
605 2683
605 4389
605 4505
605 4540
605 4674
606 970
606 1067
606 1233
606 1358
606 1611
606 2126
606 2273
606 2624
606 2683
606 3337
606 3436
606 3533
606 3928
606 4223
606 4576
607 817
607 883
607 1161
607 1493
607 1655
607 1725
607 2092
607 2400
607 2655
607 2675
607 2801
607 3190
607 3254
607 4512
607 4521
607 4943
607 4953
608 1759
608 1979
608 2132
608 2367
608 2471
608 3286
608 3971
608 4138
608 4744
609 1350
609 1915
609 2985
609 3354
609 4129
610 736
610 773
610 834
610 923
610 1056
610 1328
610 1440
610 1590
610 1701
610 2101
610 2832
610 3711
610 3935
610 4917
611 824
611 875
611 1715
611 1783
611 1796
611 2379
611 3331
611 3902
611 4096
611 4144
611 4583
611 4730
611 4822
611 4895
611 4938
612 620
612 776
612 1961
612 2022
612 2279
612 2369
612 2716
612 3212
612 3609
612 3847
612 4312
612 4714
612 4993
613 880
613 1241
613 1358
613 1558
613 2344
613 2423
613 2773
613 2803
613 2944
613 2971
613 3291
613 3331
613 4036
614 724
614 784
614 841
614 868
614 1213
614 1421
614 1786
614 1792
614 2142
614 2181
614 2896
614 3306
614 3498
615 1253
615 1700
615 2076
615 2825
615 3142
615 3412
615 3645
615 3904
615 4039
615 4357
615 4458
615 4518
615 4540
615 4818
615 4944
616 713
616 1169
616 1998
616 2123
616 2731
616 3010
616 3316
616 3336
616 3426
616 3556
616 3592
616 3679
616 3977
616 4465
616 4633
616 4634
616 4704
617 747
617 976
617 1786
617 2051
617 2083
617 2177
617 2374
617 2523
617 2638
617 2872
617 2983
617 3413
617 3504
617 3891
617 4080
617 4211
617 4285
617 4547
617 4594
617 4739
618 1084
618 1310
618 2247
618 2860
618 2976
618 3183
618 3406
618 3496
618 4167
618 4320
619 782
619 900
619 1251
619 1277
619 1381
619 2459
619 2522
619 2995
619 3195
619 3579
619 3974
619 4234
619 4329
619 4371
619 4774
620 820
620 1236
620 1452
620 1743
620 2041
620 2197
620 3685
620 4418
620 4597
620 4602
620 4622
621 890
621 1213
621 1688
621 1932
621 2037
621 2737
621 4235
621 4664
621 4969
622 647
622 1059
622 1243
622 1276
622 1722
622 1732
622 1895
622 1989
622 2042
622 2102
622 3327
622 3943
622 4387
622 4596
623 861
623 1372
623 1922
623 2454
623 2638
623 3067
623 3582
623 3656
623 4034
623 4234
623 4609
623 4628
623 4872
623 4919
623 4948
624 820
624 1105
624 1372
624 1433
624 1931
624 2029
624 2138
624 2719
624 3896
624 4523
625 1206
625 1255
625 1374
625 1613
625 1752
625 1843
625 2171
625 3695
625 4807
625 4842
626 814
626 874
626 1100
626 1353
626 1535
626 1607
626 2419
626 2503
626 2775
626 3273
626 3463
626 3911
626 4316
626 4479
626 4824
626 4842
627 1104
627 1179
627 1385
627 1582
627 1641
627 1669
627 1738
627 2275
627 2346
627 2431
627 2901
627 3375
627 3940
627 4034
627 4126
627 4161
627 4191
627 4937
628 711
628 734
628 1141
628 1526
628 2034
628 2047
628 2127
628 2145
628 2583
628 2650
628 2933
628 3026
628 3112
628 3204
628 3347
628 3540
628 4333
628 4447
628 4535
628 4766
628 4789
628 4825
628 4897
629 1337
629 1523
629 1848
629 1858
629 2104
629 2263
629 2709
629 2774
629 2786
629 2890
629 3000
629 3068
629 3899
629 3907
629 4154
629 4451
629 4897
630 750
630 905
630 2598
630 2669
630 3056
630 3160
630 3404
630 3558
630 3566
630 3593
630 3762
630 4224
630 4828
631 1059
631 1768
631 2084
631 2845
631 2862
631 3507
631 3568
631 4769
631 4860
631 4895
631 4967
632 967
632 1520
632 2041
632 2100
632 2250
632 2631
632 2825
632 3508
632 3680
632 3791
632 3935
632 4121
632 4187
632 4280
632 4523
632 4724
632 4956
633 813
633 1771
633 1804
633 2657
633 3046
633 3183
633 3193
633 3471
633 3830
633 4537
633 4661
634 1080
634 1238
634 1289
634 1331
634 1406
634 1575
634 1768
634 2009
634 2095
634 2334
634 2559
634 2644
634 3027
634 3028
634 3440
634 3647
635 782
635 1359
635 1479
635 1573
635 1887
635 1971
635 2472
635 3050
635 3486
635 3635
635 3729
635 4013
635 4252
635 4481
635 4568
635 4661
635 4767
635 4925
635 4969
636 752
636 1032
636 1468
636 1827
636 3182
636 3255
636 3632
636 3768
636 3965
636 4319
636 4686
637 757
637 1340
637 1476
637 1908
637 2380
637 2485
637 2597
637 2854
637 2880
637 3046
637 3211
637 3731
637 3744
637 3747
637 3841
637 3858
637 4064
637 4373
637 4597
637 4742
638 742
638 1012
638 1117
638 1208
638 1549
638 1607
638 1705
638 1809
638 1854
638 2006
638 2438
638 2637
638 2777
638 2849
638 3495
638 4100
638 4806
638 4914
639 829
639 856
639 901
639 994
639 1000
639 1227
639 1282
639 2160
639 3856
639 3953
639 4096
639 4949
640 681
640 1407
640 1738
640 2244
640 2524
640 2926
640 3075
640 3079
640 3735
640 4500
640 4510
640 4813
640 4905
640 4906
641 715
641 808
641 837
641 960
641 1077
641 1112
641 1632
641 1841
641 2077
641 2742
641 2802
641 2815
641 3047
641 3096
641 3201
641 3765
641 4111
641 4274
641 4563
642 648
642 813
642 993
642 1122
642 1744
642 2022
642 2042
642 2259
642 2697
642 2884
642 2979
642 2997
642 3294
642 3435
642 3953
642 4948
643 861
643 1237
643 1465
643 1471
643 1785
643 1872
643 2216
643 2780
643 2918
643 3073
643 3380
643 3967
643 4518
644 796
644 1062
644 1537
644 2768
644 2839
644 2987
644 3221
644 3639
644 3732
644 3813
644 3908
644 4137
644 4458
644 4483
644 4675
644 4737
644 4821
645 863
645 882
645 891
645 1525
645 2093
645 2136
645 2729
645 2843
645 3107
645 3219
645 3577
645 4324
645 4359
645 4638
646 689
646 732
646 953
646 1126
646 1302
646 1650
646 1660
646 1756
646 1775
646 1953
646 2247
646 2385
646 3259
646 3332
646 4017
646 4169
646 4231
646 4320
646 4745
647 733
647 830
647 953
647 1002
647 1443
647 2126
647 2252
647 2697
647 3006
647 3486
647 3521
647 3768
647 4222
647 4891
648 1489
648 1584
648 1889
648 2157
648 2780
648 3292
648 3332
648 3691
648 3810
648 3839
648 4267
648 4370
648 4455
648 4493
649 673
649 869
649 1303
649 1309
649 1339
649 1814
649 1927
649 2102
649 2381
649 2404
649 2501
649 3143
649 3180
649 3324
649 3358
649 3402
649 3471
649 4211
649 4243
649 4443
649 4535
649 4691
649 4771
649 4886
649 4901
650 765
650 785
650 1077
650 1259
650 1615
650 1651
650 1843
650 1946
650 1951
650 2174
650 2486
650 3524
650 3545
650 3633
650 4427
650 4563
651 864
651 1457
651 1605
651 1829
651 1868
651 1942
651 1994
651 2824
651 3208
651 3626
651 3807
651 3913
651 4084
651 4272
651 4284
651 4344
651 4434
652 967
652 1094
652 1325
652 1378
652 1629
652 1927
652 1960
652 2378
652 2414
652 3298
652 3310
652 3474
652 3756
652 3972
652 4009
652 4247
652 4543
652 4779
652 4909
653 695
653 1405
653 1747
653 2267
653 2272
653 2824
653 3317
653 3719
653 3742
653 3933
653 4141
654 1223
654 1477
654 2437
654 2946
654 3858
654 4265
654 4816
655 1515
655 1575
655 1955
655 2419
655 2980
655 4064
655 4108
655 4122
655 4522
656 662
656 1367
656 1447
656 1883
656 2025
656 2026
656 2103
656 2120
656 2449
656 2987
656 3235
656 3256
656 4240
656 4427
656 4447
656 4590
656 4806
657 1602
657 3173
657 3469
657 3485
657 3620
657 3880
657 4014
657 4276
658 840
658 885
658 1019
658 1297
658 1492
658 2112
658 2874
658 2990
658 3358
658 4024
658 4111
658 4415
658 4618
659 793
659 1150
659 1157
659 1247
659 1363
659 1593
659 1889
659 1960
659 2256
659 2684
659 3043
659 3216
659 3455
659 3497
659 4187
659 4278
659 4312
659 4333
659 4404
659 4478
659 4613
659 4861
660 1104
660 1426
660 1553
660 2029
660 2169
660 2170
660 2347
660 3018
660 3681
660 3765
660 4228
660 4287
660 4337
660 4349
660 4900
660 4983
661 1431
661 1446
661 1572
661 2398
661 2528
661 3295
661 3403
661 4195
661 4402
661 4407
661 4885
662 1000
662 1386
662 1397
662 1574
662 1696
662 2864
662 3196
662 3684
662 3758
663 718
663 994
663 1145
663 1188
663 1231
663 1430
663 1650
663 1769
663 2262
663 2941
663 3039
663 3202
663 3646
663 4953
664 1201
664 1329
664 2569
664 2818
664 2903
664 3271
664 3486
664 3673
664 3954
664 4060
664 4110
664 4187
664 4200
664 4418
664 4672
665 2156
665 2171
665 2706
665 2904
665 2979
665 3025
665 3147
665 3174
665 3222
665 3460
665 3472
665 4423
665 4492
665 4801
665 4904
666 1045
666 1232
666 1235
666 1541
666 1660
666 1700
666 1904
666 2115
666 2178
666 2906
666 3002
666 3019
666 3117
666 3297
666 3590
666 3624
666 3664
666 3720
666 3761
666 3850
666 4416
666 4937
667 1025
667 1170
667 1245
667 2035
667 2105
667 2522
667 2972
667 3062
667 3337
667 3458
667 3853
667 4036
668 2014
668 2091
668 2103
668 2696
668 2750
668 2896
668 3181
668 3538
668 3890
668 3934
668 4054
668 4063
668 4403
669 801
669 1163
669 1226
669 1652
669 1950
669 2152
669 2332
669 2387
669 2535
669 2579
669 3447
669 3836
669 4031
669 4223
669 4400
669 4485
669 4601
669 4668
669 4696
670 837
670 1377
670 1641
670 2307
670 2908
670 3176
670 3184
670 3294
670 3303
670 3573
670 4385
670 4890
671 1013
671 1020
671 1522
671 1704
671 2079
671 2168
671 2431
671 2464
671 2470
671 3211
671 3301
671 3682
671 3683
671 3704
671 3902
671 4309
671 4559
672 705
672 707
672 718
672 873
672 1791
672 1869
672 1894
672 2418
672 2518
672 2544
672 2590
672 3607
672 4171
672 4181
672 4187
672 4567
672 4655
673 847
673 921
673 1537
673 1564
673 2375
673 2484
673 2490
673 2960
673 3162
673 3884
673 4010
673 4104
673 4427
673 4454
673 4583
674 1214
674 2359
674 3081
674 3215
674 3324
674 4117
674 4256
674 4781
674 4827
674 4966
675 685
675 1936
675 2121
675 2489
675 2685
675 2757
675 2928
675 3085
675 3147
675 3211
675 3384
675 3409
675 3515
675 3593
675 3840
675 3846
675 4088
675 4216
675 4661
675 4785
675 4788
676 879
676 1177
676 1206
676 1416
676 1746
676 2334
676 2438
676 3224
676 3294
676 3447
676 3501
676 3809
676 4101
676 4212
676 4230
676 4551
676 4894
677 914
677 1287
677 1388
677 1695
677 2264
677 4381
677 4592
677 4852
678 1017
678 1042
678 1166
678 1217
678 1238
678 1316
678 1752
678 2924
678 3246
678 3524
678 3526
678 4377
678 4430
678 4967
679 1175
679 1311
679 1625
679 1755
679 2117
679 2758
679 2873
679 3593
679 3637
679 3646
679 3657
679 4383
679 4650
679 4797
680 880
680 1486
680 1856
680 2300
680 2342
680 2544
680 2882
680 3094
680 3388
680 3492
680 3961
680 3989
680 4396
681 842
681 1151
681 1523
681 1879
681 1980
681 2225
681 2564
681 2629
681 4118
681 4225
681 4411
681 4980
682 1116
682 1215
682 1262
682 1578
682 1663
682 1928
682 2169
682 2398
682 2699
682 3344
682 3390
682 3426
682 3603
682 4162
682 4207
682 4348
683 2198
683 2231
683 3194
683 3365
683 3407
683 3441
683 3452
683 4021
683 4326
683 4726
683 4968
684 948
684 1329
684 1387
684 1438
684 1483
684 1951
684 2065
684 2638
684 2765
684 3002
684 3180
684 3347
684 3582
684 4834
685 1113
685 1682
685 1692
685 1925
685 2568
685 2617
685 2640
685 2894
685 3322
685 4208
685 4440
685 4515
686 690
686 732
686 752
686 786
686 992
686 1543
686 1717
686 1762
686 2000
686 2377
686 2493
686 2780
686 3477
686 3508
686 3777
686 3843
686 4345
687 1017
687 1085
687 1296
687 1636
687 2484
687 2882
687 2969
687 3172
687 3213
687 3412
687 3827
687 3929
687 4319
688 1195
688 1591
688 2315
688 2373
688 2702
688 2935
688 3064
688 3526
688 3629
688 4015
688 4153
688 4776
689 1009
689 1141
689 1973
689 2017
689 2527
689 2731
689 2766
689 2924
689 2983
689 3071
689 3127
689 3138
689 3176
689 3327
689 3457
689 3601
689 3753
690 939
690 1147
690 1223
690 1232
690 1394
690 1430
690 1495
690 1707
690 1788
690 2058
690 2279
690 2712
690 2847
690 3243
690 3481
690 4004
690 4146
690 4498
690 4559
690 4653
691 971
691 1038
691 1134
691 1271
691 1914
691 2037
691 2062
691 2077
691 2603
691 2749
691 2829
691 3357
691 3865
691 4552
691 4701
691 4989
692 775
692 799
692 808
692 872
692 1372
692 1385
692 1497
692 1612
692 1627
692 1652
692 2283
692 2384
692 2900
692 2997
692 3227
692 3645
692 4808
692 4874
693 997
693 1023
693 1673
693 1983
693 2039
693 2844
693 2933
693 4311
693 4561
693 4786
694 1559
694 2535
694 3097
694 3243
694 3288
694 3436
694 3629
694 3674
694 3990
694 4061
694 4174
694 4688
694 4718
695 1402
695 1753
695 2047
695 2068
695 3060
695 3098
695 3265
695 3834
695 3967
695 4089
695 4162
695 4531
696 1128
696 1410
696 2446
696 3129
696 3487
696 3772
696 3797
696 3844
696 3903
696 4091
696 4099
696 4447
696 4912
697 969
697 1418
697 1782
697 2177
697 2646
697 2668
697 2832
697 2919
697 3085
697 3147
697 3418
697 4251
698 1114
698 2233
698 2553
698 2652
698 2995
698 3089
698 3128
698 3352
698 3417
698 4171
698 4294
698 4766
698 4922
699 852
699 1290
699 1617
699 1799
699 1873
699 2964
699 4628
700 1217
700 1529
700 1753
700 1806
700 1961
700 2374
700 2653
700 3534
700 4202
700 4509
700 4822
701 1240
701 1588
701 1634
701 1807
701 2038
701 2092
701 2685
701 2786
701 2972
701 2999
701 3903
701 3974
701 4004
701 4045
701 4110
701 4192
701 4379
701 4629
701 4692
702 878
702 1320
702 1685
702 3788
702 4374
702 4612
702 4775
703 849
703 984
703 1289
703 1771
703 2020
703 2223
703 2271
703 3098
703 3432
703 3719
703 3907
703 3933
703 4057
703 4121
703 4257
703 4469
703 4854
703 4889
704 922
704 961
704 1254
704 1463
704 1479
704 1832
704 1964
704 2204
704 2296
704 2396
704 2925
704 3462
704 3511
704 3546
704 3548
704 3646
704 4088
704 4133
704 4356
704 4652
705 721
705 2207
705 3117
705 4091
705 4340
706 1199
706 1359
706 1904
706 2147
706 2235
706 3032
706 3729
706 3972
706 4150
707 732
707 845
707 900
707 966
707 971
707 1278
707 1599
707 1949
707 2062
707 2071
707 2240
707 2276
707 2412
707 2565
707 2941
707 2953
707 3696
707 3972
707 3981
707 4305
707 4445
708 807
708 888
708 1025
708 1432
708 1606
708 1663
708 1866
708 2293
708 2304
708 2746
708 3893
708 4543
708 4709
709 753
709 925
709 1230
709 1963
709 2230
709 2385
709 2444
709 2582
709 2674
709 2853
709 2892
709 3192
709 3313
709 3706
709 3798
709 4018
709 4712
709 4928
710 985
710 1175
710 1562
710 1739
710 1795
710 1814
710 2073
710 2184
710 2432
710 3415
710 3795
710 3858
710 4146
710 4180
711 791
711 901
711 918
711 973
711 1189
711 1205
711 1283
711 1294
711 1512
711 1806
711 2017
711 2633
711 2980
711 3014
711 3369
711 3429
711 3921
711 4555
711 4688
711 4898
712 2136
712 2644
712 3100
712 3332
712 3818
712 4567
712 4780
712 4982
713 740
713 776
713 889
713 1383
713 1731
713 1770
713 1939
713 1945
713 2545
713 2816
713 3185
713 3272
713 4147
713 4166
713 4411
714 727
714 1160
714 1322
714 1928
714 1983
714 2214
714 2299
714 2440
714 2459
714 2810
714 3028
714 4630
714 4898
715 1072
715 1428
715 1640
715 2263
715 2378
715 2468
715 2804
715 3292
715 3486
715 3500
715 3509
715 3657
715 4473
715 4711
715 4867
716 729
716 1057
716 1322
716 1534
716 2064
716 2077
716 2422
716 2488
716 2779
716 3389
716 3801
716 4029
716 4279
716 4731
716 4760
717 764
717 866
717 1136
717 1774
717 1911
717 1995
717 2228
717 2256
717 2507
717 2517
717 2666
717 2909
717 3066
717 3095
717 3199
717 3377
717 3862
717 4490
717 4552
717 4697
718 1102
718 1135
718 1419
718 1705
718 2252
718 2423
718 2732
718 2915
718 3013
718 3366
718 3500
718 3940
718 3999
718 4140
718 4394
718 4474
718 4631
718 4785
719 900
719 1742
719 1985
719 2007
719 2032
719 2143
719 3186
719 4595
719 4783
719 4818
720 721
720 1629
720 1785
720 2235
720 2396
720 2488
720 2600
720 3580
720 3697
720 3982
720 4115
720 4224
720 4316
721 1112
721 1215
721 1296
721 1725
721 2083
721 2205
721 3350
721 3438
721 3474
721 3953
721 4095
721 4459
721 4637
721 4772
721 4817
721 4830
722 1151
722 1291
722 1549
722 2581
722 2735
722 2764
722 2782
722 2867
722 2915
722 3115
722 3284
722 3723
722 3765
722 3823
722 4278
722 4375
722 4868
723 740
723 869
723 1247
723 1510
723 1663
723 2082
723 2190
723 2285
723 2508
723 2896
723 3097
723 3629
723 3719
723 3752
723 4374
723 4708
723 4976
724 787
724 1306
724 1307
724 1492
724 1741
724 1768
724 2015
724 2211
724 2948
724 3220
724 3297
724 3391
724 3567
724 4048
724 4237
724 4268
724 4911
725 966
725 1328
725 1507
725 2107
725 2676
725 2749
725 3065
725 3289
725 3564
725 3795
725 4430
725 4814
725 4956
726 1238
726 1279
726 1356
726 1695
726 1784
726 1811
726 2012
726 2221
726 2608
726 3209
726 3319
726 3358
726 3482
726 4330
726 4492
726 4757
727 1058
727 2362
727 2363
727 2406
727 2491
727 2631
727 2849
727 3124
727 3242
727 4519
727 4618
727 4751
727 4838
727 4860
728 946
728 952
728 1388
728 1530
728 1643
728 1825
728 2196
728 2259
728 2313
728 2426
728 2444
728 2856
728 3597
728 3853
728 4186
729 815
729 946
729 1707
729 1753
729 2305
729 2725
729 2806
729 2898
729 2987
729 3321
729 3326
729 3403
729 4254
729 4538
730 851
730 1295
730 1776
730 1974
730 2200
730 2310
730 2719
730 2859
730 3391
730 4393
731 1049
731 1056
731 1136
731 1291
731 1429
731 2255
731 2565
731 2575
731 2859
731 3326
731 3351
731 3814
731 3989
731 4107
731 4514
732 1028
732 1218
732 1652
732 1748
732 1843
732 2561
732 2817
732 3021
732 3270
732 3677
732 4001
732 4253
732 4265
732 4536
732 4623
732 4680
732 4843
733 792
733 899
733 1169
733 2382
733 2560
733 2601
733 2607
733 3139
733 3274
733 3517
733 3522
733 3757
733 3861
733 4349
734 1170
734 1342
734 1479
734 1760
734 1832
734 1932
734 2185
734 2244
734 2531
734 3460
734 3758
734 4320
734 4547
734 4553
734 4564
734 4837
735 765
735 840
735 1206
735 1335
735 1407
735 1960
735 2004
735 2070
735 2094
735 3023
735 4311
735 4436
735 4653
735 4913
736 834
736 864
736 1042
736 1756
736 1784
736 1966
736 2760
736 3702
736 4073
736 4369
737 870
737 1105
737 1610
737 1908
737 2304
737 2400
737 3437
737 3795
737 3805
737 3828
737 3885
737 4144
737 4330
737 4510
737 4561
738 791
738 959
738 1322
738 1984
738 2131
738 2609
738 3372
738 3885
739 884
739 1240
739 1342
739 2485
739 2750
739 2772
739 3062
739 3200
739 3318
739 4130
739 4223
739 4606
739 4808
739 4851
740 839
740 1001
740 1116
740 2014
740 2031
740 2764
740 3305
740 4061
740 4499
740 4529
740 4597
741 821
741 1085
741 1173
741 1988
741 2331
741 2396
741 2579
741 2619
741 2666
741 3587
741 3921
741 3959
741 4778
742 956
742 1171
742 1578
742 2260
742 2769
742 3057
742 3329
742 3944
742 4334
742 4577
742 4770
743 2055
743 2286
743 2368
743 2784
743 3058
743 3638
743 3718
743 3850
743 4021
743 4437
744 975
744 1614
744 2060
744 2297
744 2308
744 2384
744 2681
744 2733
744 3550
744 3934
744 4411
744 4628
744 4739
744 4784
745 806
745 1636
745 1958
745 2058
745 2656
745 3176
745 3284
745 3627
745 3715
745 3830
745 3968
745 4131
745 4462
745 4644
746 1311
746 2022
746 2284
746 2767
746 2948
746 3468
746 3585
746 4000
746 4870
746 4904
747 993
747 1205
747 1219
747 1897
747 1946
747 2262
747 3096
747 4034
747 4858
747 4885
747 4926
748 791
748 839
748 1266
748 1486
748 1727
748 1787
748 2042
748 2047
748 2209
748 2330
748 2346
748 2539
748 2757
748 2887
748 3617
748 4122
749 1636
749 1825
749 2119
749 2223
749 2827
749 3069
749 3581
749 4464
749 4787
750 1208
750 1232
750 1543
750 1607
750 1848
750 1910
750 2051
750 3025
750 3190
750 3341
750 3479
750 3997
751 784
751 832
751 994
751 1000
751 1386
751 1463
751 1953
751 2155
751 2327
751 2419
751 2451
751 2973
751 3020
751 3383
751 3722
751 4079
751 4241
751 4390
751 4826
752 856
752 1243
752 2014
752 2428
752 2663
752 2670
752 2812
752 2913
752 3744
752 4862
753 844
753 935
753 1541
753 1567
753 1708
753 1727
753 1788
753 2345
753 2636
753 2734
753 3038
753 3208
753 3369
753 3754
753 3779
753 3796
753 4017
753 4035
753 4248
753 4680
754 853
754 1000
754 1432
754 2483
754 2633
754 2723
754 2764
754 3163
754 3234
754 3310
754 4009
754 4072
754 4300
754 4422
755 775
755 972
755 1333
755 1630
755 1663
755 1852
755 2327
755 2344
755 2569
755 2603
755 2752
755 2788
755 2906
755 3807
755 3836
755 3841
755 4065
755 4140
755 4205
755 4638
755 4759
756 836
756 1244
756 1289
756 1486
756 1901
756 1923
756 2467
756 2570
756 2712
756 2756
756 3122
756 3372
756 3454
756 3798
756 4437
756 4776
757 2615
757 2840
757 3481
757 3503
757 3569
757 4009
757 4687
757 4924
757 4982
758 1368
758 2098
758 2181
758 2255
758 2368
758 3032
758 3061
758 3360
758 3985
758 4020
758 4156
758 4164
758 4295
758 4630
759 1131
759 2338
759 2760
759 2781
759 2848
759 3873
759 4334
759 4553
759 4868
760 1226
760 1281
760 1873
760 2354
760 2518
760 2820
760 2844
760 3515
760 4178
760 4407
760 4469
760 4508
760 4568
761 806
761 1311
761 1662
761 2115
761 3187
761 3559
761 3875
761 4612
762 1334
762 1468
762 1966
762 2328
762 2586
762 3457
762 3570
762 4274
762 4302
762 4389
763 1192
763 1287
763 1306
763 1498
763 1515
763 1715
763 2158
763 2160
763 2237
763 2245
763 2432
763 2817
763 3457
763 3527
763 3822
763 3919
763 4048
763 4078
763 4481
763 4783
763 4806
763 4854
763 4940
764 863
764 1038
764 1066
764 1794
764 2056
764 2984
764 3071
764 3179
764 3600
764 4029
764 4339
764 4521
765 794
765 879
765 918
765 1300
765 1328
765 2195
765 3096
765 3767
765 3948
765 4047
765 4908
766 1114
766 1369
766 1396
766 1470
766 2010
766 2976
766 2987
766 3067
766 3249
766 3832
766 4869
767 818
767 2414
767 3289
767 3657
767 3716
767 4094
767 4389
767 4635
767 4752
767 4833
768 1080
768 1094
768 1241
768 1354
768 1507
768 1535
768 1586
768 1840
768 1964
768 1997
768 2992
768 3373
768 3775
768 3820
768 3857
768 3919
768 4384
768 4430
768 4461
769 1065
769 1147
769 2495
769 3114
769 4401
770 823
770 1415
770 2256
770 3143
770 3357
770 3496
770 4151
770 4792
770 4823
770 4854
770 4857
770 4919
771 1367
771 1696
771 1971
771 2739
771 3021
771 3301
771 3995
771 4209
772 944
772 1496
772 2140
772 2465
772 3277
772 3966
772 4129
772 4472
772 4484
773 870
773 951
773 1250
773 1262
773 1871
773 2096
773 2132
773 2229
773 2732
773 2846
773 2874
773 2884
773 3083
773 3109
773 3168
773 3583
773 3657
773 3757
773 4485
774 903
774 1062
774 1091
774 1214
774 1229
774 1365
774 1599
774 2258
774 2611
774 2672
774 3041
774 3051
774 3112
774 3340
774 3357
774 3568
774 4098
774 4106
774 4258
774 4381
774 4428
774 4590
774 4737
774 4901
775 1180
775 1391
775 1621
775 1829
775 2730
775 3316
775 3622
775 3684
775 4122
775 4899
776 967
776 1265
776 1311
776 1368
776 1891
776 2321
776 4509
776 4649
777 899
777 1042
777 1195
777 1390
777 1616
777 1919
777 1960
777 2288
777 2581
777 3226
777 3891
777 4678
778 870
778 1089
778 1158
778 1409
778 1536
778 2650
778 2786
778 2948
778 3027
778 3043
778 3514
778 3630
778 3768
778 3889
778 3969
778 4080
779 822
779 1358
779 1364
779 1818
779 1861
779 1920
779 1943
779 2184
779 2513
779 2587
779 2827
779 3123
779 3158
779 3177
779 3264
779 3539
779 3762
779 3979
779 4231
779 4281
779 4682
780 925
780 1911
780 2139
780 3278
780 3518
780 3682
780 3943
780 4841
780 4959
781 817
781 1088
781 1430
781 1815
781 2176
781 2896
781 3274
781 3402
781 3680
781 3940
781 4136
781 4253
781 4556
781 4736
781 4972
782 1898
782 1989
782 2132
782 2165
782 2191
782 3413
782 4318
782 4432
782 4640
782 4839
782 4902
782 4953
783 1851
783 1971
783 2912
783 2947
783 3501
783 3986
783 4122
783 4261
783 4331
783 4365
783 4384
784 1011
784 1084
784 1276
784 1387
784 1458
784 1510
784 1541
784 1613
784 1807
784 2108
784 2445
784 3117
784 3157
784 3267
784 3370
784 3729
784 3754
784 3858
784 3902
784 4377
784 4399
784 4541
784 4675
784 4962
785 823
785 1086
785 1227
785 3934
785 4187
785 4190
785 4973
786 1169
786 1491
786 2448
786 3068
786 3730
786 3809
786 4033
786 4416
786 4497
786 4876
787 1049
787 1151
787 1199
787 1443
787 1825
787 1868
787 2115
787 3280
787 3601
787 3635
787 4113
787 4801
787 4818
788 1219
788 1407
788 1740
788 2165
788 2382
788 2476
788 2707
788 2900
788 2942
788 3897
788 4017
788 4166
788 4514
788 4902
788 4968
789 1108
789 1538
789 1540
789 1576
789 1681
789 2692
789 3350
790 891
790 925
790 1313
790 1416
790 1838
790 2099
790 2153
790 2270
790 2488
790 3268
790 3409
790 4879
791 890
791 990
791 998
791 1215
791 1608
791 1712
791 1784
791 2988
791 3096
791 4354
791 4738
791 4994
792 946
792 947
792 1148
792 1413
792 1474
792 1748
792 1814
792 2018
792 2313
792 2516
792 2573
792 2588
792 2817
792 2836
792 2898
792 3034
792 3049
792 3325
792 3531
792 3579
792 3664
792 3870
792 4442
792 4851
792 4989
793 810
793 1110
793 1242
793 1439
793 2150
793 2508
793 3454
793 3589
793 4403
793 4535
793 4574
793 4685
794 800
794 1466
794 1608
794 1999
794 2101
794 3033
794 3544
794 3744
794 3901
794 3931
794 4343
794 4452
794 4637
795 1219
795 1274
795 1381
795 1397
795 1523
795 1618
795 1866
795 1908
795 2454
795 2486
795 2773
795 3308
795 3322
795 3675
795 4105
795 4649
796 917
796 1020
796 1556
796 1817
796 1908
796 1998
796 2361
796 2681
796 3475
796 3951
796 4393
796 4527
797 919
797 1711
797 1859
797 2019
797 2336
797 2492
797 2587
797 2671
797 2763
797 2773
797 2843
797 3302
797 3332
797 3465
797 3468
797 4082
797 4412
797 4591
797 4677
798 876
798 1154
798 1359
798 1603
798 1964
798 2097
798 2542
798 2952
798 2998
798 3197
798 3491
798 4394
798 4501
798 4701
799 874
799 1184
799 1483
799 1771
799 2856
799 2934
799 3053
799 3694
799 3990
800 802
800 1383
800 1455
800 1722
800 2499
800 2630
800 2659
800 2794
800 2917
800 2976
800 3410
800 3499
800 3568
800 3575
800 4036
800 4791
800 4999
801 1031
801 1979
801 2060
801 3242
801 3330
801 4031
801 4616
801 4654
802 1216
802 1659
802 2143
802 2291
802 2658
802 2708
802 2749
802 2808
802 3395
802 3794
802 4177
802 4379
803 1116
803 1447
803 1567
803 1694
803 1911
803 2003
803 2193
803 2348
803 2808
803 4506
804 1181
804 1239
804 1568
804 1789
804 2025
804 2126
804 2689
804 3374
804 3946
804 3992
805 1463
805 1635
805 1934
805 2456
805 3824
805 3890
805 4426
805 4618
805 4916
806 1281
806 1501
806 1641
806 1978
806 2142
806 2454
806 2743
806 3140
806 3383
806 3597
806 3824
806 4081
806 4583
806 4938
807 1288
807 2039
807 2330
807 2366
807 2491
807 2769
807 2806
807 3243
807 3692
807 4089
807 4427
807 4442
808 1180
808 2063
808 2542
808 2633
808 2649
808 3224
808 3332
808 3350
808 3632
808 3739
808 3820
808 4171
808 4219
808 4253
809 1277
809 1331
809 1609
809 1977
809 2083
809 2213
809 2248
809 2414
809 2590
809 2618
809 2944
809 4395
809 4583
810 920
810 1222
810 1810
810 1912
810 2032
810 2062
810 2162
810 2901
810 4212
810 4314
810 4373
810 4542
810 4686
810 4830
811 1142
811 1285
811 1301
811 2047
811 2180
811 2654
811 2884
811 3070
811 3072
811 3558
811 3664
811 3895
811 4319
812 964
812 1038
812 1167
812 1174
812 1417
812 2476
812 2558
812 2661
812 2753
812 2776
812 2912
812 4091
812 4474
813 991
813 1935
813 2200
813 2667
813 2781
813 2860
813 2956
813 3442
813 3937
813 4919
813 4949
814 862
814 1936
814 2477
814 2624
814 3130
814 3882
814 4638
814 4926
814 4961
815 960
815 1440
815 2053
815 2075
815 2214
815 2238
815 2724
815 2786
815 3247
815 3316
815 4415
815 4586
815 4640
815 4777
816 1038
816 1166
816 2125
816 2516
816 3397
816 3560
816 3831
816 4404
816 4490
817 1529
817 1795
817 2223
817 2285
817 2674
817 2761
817 3024
817 4222
817 4499
818 835
818 1338
818 1374
818 1452
818 1734
818 2234
818 2290
818 2776
818 2931
818 3180
818 3658
818 4838
818 4890
819 895
819 964
819 1039
819 1136
819 1291
819 1411
819 1659
819 2503
819 2901
819 3087
819 3160
819 3608
819 3660
819 3835
819 4306
819 4725
819 4764
819 4834
820 1212
820 1385
820 1417
820 1498
820 1603
820 2257
820 2751
820 2791
820 3234
820 3384
820 3748
820 4303
820 4590
820 4873
821 1900
821 2132
821 2157
821 2266
821 2305
821 2811
821 3471
821 3509
821 3656
821 3911
821 4674
821 4704
822 941
822 1773
822 1839
822 2156
822 2238
822 2592
822 2599
822 2931
822 3242
822 3333
822 3606
822 3798
822 4038
822 4156
822 4783
822 4847
822 4905
822 4935
823 1104
823 1885
823 2950
823 2996
823 3435
823 3508
823 3817
823 3921
823 4938
824 911
824 1068
824 1819
824 2143
824 2378
824 2757
824 2921
824 2984
824 3065
824 3292
824 3676
824 3746
824 4112
825 1000
825 1082
825 1160
825 1296
825 1308
825 1616
825 2293
825 2673
825 3173
825 3526
825 3720
826 831
826 1103
826 1479
826 1967
826 2268
826 2282
826 3222
826 3987
826 4107
827 904
827 946
827 1305
827 1694
827 2660
827 3086
827 3172
827 3281
827 3759
827 4973
828 1298
828 1425
828 1448
828 1486
828 1812
828 2107
828 2330
828 2332
828 2807
828 3822
828 3904
828 4072
828 4516
829 876
829 1143
829 1447
829 1512
829 2293
829 2318
829 2919
829 3356
829 3490
829 3501
829 3729
829 3963
829 4180
829 4671
829 4770
830 891
830 1846
830 1990
830 2126
830 3202
830 3324
830 4083
830 4552
831 1337
831 1720
831 2205
831 2312
831 2333
831 2341
831 2479
831 2700
831 3111
831 3380
831 3564
831 4869
831 4985
832 1124
832 1621
832 1803
832 2298
832 2598
832 2972
832 3235
832 3279
832 3430
832 3528
832 3589
832 3755
832 3982
832 4241
832 4487
832 4562
832 4658
833 937
833 1613
833 1692
833 1715
833 1766
833 2720
833 2916
833 3440
833 3773
833 3793
833 3883
833 3927
833 4168
833 4497
834 1148
834 1369
834 1387
834 1424
834 2279
834 2374
834 3160
834 3199
834 3316
834 3887
834 4204
834 4943
834 4964
835 1159
835 1686
835 1735
835 1844
835 2313
835 2328
835 2468
835 3789
835 4651
835 4762
835 4888
836 914
836 915
836 1174
836 1467
836 1990
836 2215
836 2679
836 3075
836 3252
836 4008
836 4010
836 4576
836 4929
837 983
837 998
837 1242
837 2046
837 2200
837 3037
837 3231
837 3347
837 3482
837 4043
837 4269
837 4489
837 4630
838 1058
838 1160
838 1963
838 2000
838 2064
838 2194
838 2275
838 2573
838 2767
838 2805
838 3954
838 4089
838 4493
839 840
839 858
839 1343
839 1440
839 2171
839 2252
839 2440
839 2495
839 2857
839 3049
839 3138
839 3181
839 4151
839 4340
839 4500
840 982
840 1030
840 1818
840 2348
840 2388
840 2449
840 2520
840 2524
840 2875
840 3140
840 3237
840 3958
840 4694
840 4966
841 1038
841 1121
841 1234
841 1409
841 1462
841 1848
841 2102
841 2318
841 2556
841 2595
841 2684
841 2771
841 3306
841 3671
841 3732
841 3758
841 4284
841 4548
841 4939
842 900
842 950
842 1843
842 2212
842 2262
842 2540
842 2895
842 3255
842 3362
842 3587
842 3895
842 4401
842 4804
842 4881
843 1214
843 1535
843 1672
843 1746
843 2274
843 3001
843 3087
843 3220
843 3654
843 4698
843 4751
843 4833
844 1716
844 1787
844 2008
844 2570
844 2672
844 2828
844 3294
844 3395
844 3543
844 4392
844 4457
844 4579
844 4600
844 4931
845 965
845 1105
845 1176
845 1195
845 1926
845 2848
845 2974
845 3297
845 3536
845 3724
845 3914
845 4190
845 4551
846 884
846 1112
846 1238
846 1407
846 2652
846 2722
846 2945
846 3016
846 4259
846 4432
846 4568
846 4628
846 4789
846 4984
847 1483
847 1488
847 1542
847 1909
847 2060
847 2192
847 2251
847 2359
847 2417
847 2690
847 3067
847 3452
847 3846
847 4474
847 4776
848 1902
848 1942
848 2133
848 2207
848 2792
848 2899
848 3232
848 3283
848 3714
848 4278
848 4660
849 986
849 1394
849 1479
849 1671
849 1831
849 1881
849 2536
849 2643
849 4218
849 4908
850 1171
850 1523
850 1819
850 2441
850 2859
850 3106
850 4416
850 4628
850 4716
850 4915
851 881
851 1014
851 1203
851 1550
851 2027
851 2432
851 2453
851 2482
851 2767
851 2927
851 3076
851 3179
851 3830
851 4271
851 4917
852 967
852 1609
852 2426
852 2452
852 3827
852 4469
852 4952
853 1164
853 1303
853 1354
853 2426
853 2946
853 3615
853 3768
853 4548
853 4935
854 1762
854 1870
854 2142
854 2418
854 2567
854 2571
854 2745
854 2961
854 3434
854 4591
855 958
855 1034
855 1118
855 1283
855 2259
855 2521
855 2568
855 3369
855 3784
855 3838
855 4721
856 2019
856 2787
856 2885
856 3444
856 3587
856 3685
856 3733
856 4630
857 1615
857 1790
857 2040
857 2147
857 2332
857 2493
857 2543
857 3032
857 3078
857 3114
857 3995
857 4165
858 867
858 1394
858 2216
858 2387
858 2409
858 2448
858 3221
858 3417
858 3509
858 3801
858 4179
858 4598
858 4619
858 4805
859 889
859 1978
859 2676
859 2846
859 2969
859 3253
859 3496
859 3510
859 3584
859 3587
859 4349
859 4422
859 4656
860 871
860 1699
860 1804
860 1838
860 1867
860 2733
860 2742
860 2771
860 2903
860 2936
860 3276
860 4130
860 4512
861 910
861 1097
861 1167
861 1175
861 1845
861 2070
861 2094
861 2462
861 2654
861 2660
861 2707
861 2736
861 2991
861 3366
861 4851
861 4998
862 1204
862 1233
862 1274
862 1291
862 1412
862 1636
862 2342
862 2437
862 3156
862 3950
862 3951
862 4207
862 4596
862 4793
863 869
863 1184
863 1403
863 3552
863 3645
863 3982
863 4050
863 4103
863 4353
863 4367
863 4582
863 4675
863 4700
864 1187
864 1967
864 2692
864 2762
864 3586
864 3820
864 4186
864 4562
865 1288
865 1484
865 1911
865 2472
865 2883
865 2972
865 3208
865 3251
865 3260
865 3428
865 3593
865 3951
865 4046
865 4111
865 4575
865 4745
865 4990
866 1278
866 1499
866 2379
866 2383
866 2587
866 2885
866 3094
866 3584
866 3993
866 4116
866 4237
866 4440
866 4883
866 4953
866 4968
867 1153
867 1650
867 1680
867 1826
867 2118
867 2257
867 2395
867 2677
867 2733
867 2891
867 3423
867 3484
867 3542
867 3751
867 3883
867 4502
867 4664
868 927
868 1985
868 2315
868 2487
868 2780
868 2951
868 3207
868 3527
868 4198
868 4564
869 1406
869 1482
869 1952
869 2929
869 3036
869 3078
869 3107
869 3467
869 3623
869 3642
869 4121
869 4444
869 4485
869 4567
869 4735
870 1071
870 1252
870 1787
870 1932
870 2563
870 3082
870 3099
870 3252
870 3722
870 3866
870 4028
870 4057
870 4255
870 4608
870 4616
870 4692
870 4694
870 4726
870 4915
871 1027
871 1399
871 1654
871 1676
871 1879
871 2036
871 3118
871 3488
871 3658
871 3899
871 4073
871 4980
872 1431
872 1433
872 1465
872 2093
872 2127
872 2224
872 2360
872 2677
872 2737
872 2853
872 3086
872 3367
872 3912
872 4202
872 4376
872 4612
872 4768
873 1221
873 1286
873 1656
873 1681
873 1719
873 2001
873 2015
873 2345
873 2722
873 2874
873 2900
873 3003
873 3799
873 4290
873 4566
873 4685
873 4701
873 4904
874 1505
874 1556
874 1824
874 1839
874 2319
874 2378
874 2419
874 2480
874 2594
874 2628
874 4037
875 1468
875 1610
875 1684
875 1866
875 2063
875 2210
875 2331
875 2669
875 2812
875 2864
875 3852
876 1113
876 1641
876 1790
876 1818
876 2048
876 2751
876 3098
876 3647
876 3740
876 3870
876 3970
876 4354
876 4394
876 4571
876 4878
876 4995
877 1069
877 1286
877 2040
877 2333
877 2822
877 4075
878 1347
878 1744
878 1768
878 1915
878 1984
878 2848
878 2964
878 3639
878 4181
878 4582
878 4924
878 4940
879 1429
879 2942
879 3556
879 4974
880 995
880 1355
880 1523
880 1576
880 2090
880 2115
880 2217
880 2280
880 3056
880 3913
880 4202
880 4359
880 4642
881 1367
881 1387
881 1885
881 2224
881 2456
881 2657
881 2749
881 3098
881 3744
881 3929
881 3963
882 1460
882 1954
882 2006
882 2060
882 2451
882 2723
882 2992
882 3071
882 3185
882 3582
882 3934
882 3997
882 4098
882 4748
882 4751
882 4791
882 4861
883 1603
883 1728
883 1733
883 2220
883 3094
883 3521
883 3628
883 3740
883 3817
883 3904
883 4087
883 4088
883 4309
883 4328
883 4555
883 4604
883 4752
883 4857
884 976
884 2527
884 2528
884 2778
884 3445
884 3606
884 3648
884 3651
884 3867
884 4048
884 4118
884 4163
884 4169
884 4379
884 4799
884 4834
885 1194
885 1224
885 1427
885 1833
885 2011
885 2412
885 2834
885 3518
885 3772
885 4025
885 4042
885 4243
885 4306
885 4981
886 1655
886 2262
886 2946
886 3792
886 3918
886 3944
886 4433
886 4730
886 4733
886 4859
887 1081
887 2694
887 3377
887 3400
887 3426
887 3954
887 3971
887 4969
888 1215
888 1284
888 1596
888 2206
888 2645
888 2996
888 3793
888 4087
888 4557
888 4773
888 4819
889 1135
889 1366
889 2131
889 2292
889 2939
889 3102
889 3135
889 3387
889 3874
889 4159
889 4760
890 922
890 1344
890 1535
890 1638
890 1675
890 2022
890 2401
890 2910
890 3396
890 3520
890 3648
890 3678
890 4003
890 4127
890 4656
890 4770
891 912
891 981
891 1070
891 1214
891 2039
891 2237
891 2299
891 2433
891 2897
891 3012
891 3534
891 3815
891 4671
891 4890
892 1011
892 1141
892 1920
892 3354
892 3365
892 3697
892 3829
892 3904
892 4346
892 4731
893 1057
893 1223
893 1321
893 1860
893 2101
893 2240
893 2624
893 3166
893 3529
893 4063
893 4081
893 4551
893 4711
894 905
894 912
894 938
894 1508
894 1576
894 1578
894 1715
894 1863
894 1902
894 1975
894 2099
894 2130
894 2217
894 2786
894 3071
894 3227
894 3601
894 3698
894 3783
894 3976
894 4492
894 4715
894 4821
895 1595
895 2579
895 2912
895 3152
895 3960
895 4259
895 4592
896 1619
896 2216
896 3045
896 3275
896 3571
896 4616
896 4734
897 907
897 1527
897 2046
897 2051
897 2389
897 2801
897 2999
897 3105
897 3154
897 3598
897 3685
897 3843
897 3891
897 4084
897 4265
897 4377
897 4485
897 4621
897 4709
898 975
898 1603
898 1615
898 1705
898 1777
898 1779
898 1814
898 1925
898 1949
898 1970
898 2528
898 2592
898 2677
898 2778
898 3433
898 3575
898 3661
898 3786
898 4067
898 4092
898 4988
899 1340
899 1993
899 2385
899 2707
899 2975
899 3093
899 4560
899 4767
899 4774
899 4834
900 928
900 1121
900 1639
900 1836
900 2197
900 2506
900 2507
900 3282
900 3477
900 3951
900 4147
900 4178
900 4188
900 4449
900 4820
901 1651
901 1866
901 2210
901 2281
901 2611
901 2873
901 3189
901 3620
901 3774
901 3955
901 3991
901 4044
901 4164
901 4331
901 4676
902 1213
902 1443
902 1594
902 1806
902 2253
902 2496
902 2899
902 2912
902 3124
902 3650
902 4243
903 963
903 1134
903 1374
903 1384
903 2611
903 2708
903 2923
903 2938
903 3447
903 3526
903 3722
903 3773
903 3920
903 4344
903 4680
903 4843
904 1036
904 1629
904 1738
904 1803
904 2003
904 2197
904 3062
904 3652
904 4295
904 4954
905 1730
905 1815
905 1990
905 2284
905 2368
905 2517
905 2565
905 2642
905 2803
905 2908
905 3195
905 3510
905 3892
906 1448
906 1510
906 1790
906 1878
906 2379
906 2607
906 2896
906 3187
906 3924
907 1665
907 1761
907 2038
907 2101
907 2342
907 2679
907 2913
907 3030
907 3047
907 3267
907 3397
907 3404
907 3441
907 4142
907 4180
907 4850
908 1123
908 1403
908 1409
908 1760
908 2070
908 2764
908 2813
908 2835
908 2920
908 4437
908 4577
908 4659
909 1075
909 1153
909 1332
909 1584
909 1863
909 1914
909 2114
909 2284
909 2523
909 2871
909 3102
909 3129
909 3446
909 4291
909 4440
909 4702
910 1352
910 1988
910 2368
910 2632
910 3253
910 3803
910 3861
910 4188
910 4202
910 4462
910 4858
911 1235
911 1853
911 1901
911 2237
911 3178
911 3218
911 3433
911 3811
911 4510
911 4666
911 4740
912 1237
912 1385
912 1777
912 2259
912 2528
912 2599
912 2805
912 3273
912 3457
912 3528
912 3975
912 4204
912 4402
912 4615
913 1341
913 1448
913 1493
913 1881
913 1952
913 1981
913 2219
913 2822
913 2985
913 3211
913 3357
913 3419
913 3816
913 4099
913 4281
913 4364
914 1043
914 1952
914 2462
914 3035
914 3160
914 3210
914 3677
914 3809
914 4366
914 4455
914 4719
914 4925
915 1756
915 1772
915 1950
915 2123
915 2138
915 2635
915 2842
915 2880
915 3239
915 3493
915 3498
915 4154
915 4522
915 4850
916 975
916 998
916 1153
916 1357
916 1516
916 1577
916 1704
916 1705
916 1858
916 1873
916 2372
916 3498
916 4563
916 4628
916 4834
916 4869
917 1175
917 1236
917 1369
917 1511
917 1580
917 1585
917 1629
917 1758
917 2070
917 2435
917 2611
917 3091
917 3471
917 3861
917 4459
917 4473
917 4958
918 1476
918 1623
918 1802
918 2025
918 2297
918 2805
918 3545
918 4102
918 4977
919 921
919 1150
919 1562
919 2229
919 2274
919 2336
919 2518
919 2576
919 2641
919 3009
919 3916
919 4187
919 4952
920 1269
920 1317
920 1371
920 1418
920 1996
920 2400
920 3095
920 3158
920 3622
920 3896
920 4290
920 4357
920 4394
920 4746
920 4852
920 4918
921 922
921 1465
921 1915
921 1984
921 2238
921 2476
921 2495
921 2693
921 2891
921 2914
921 3134
921 3514
921 3562
921 3626
922 1171
922 1321
922 1584
922 2036
922 2231
922 2355
922 2505
922 2726
922 2808
923 1219
923 1375
923 1495
923 1608
923 1698
923 1726
923 1857
923 2363
923 3050
923 4656
924 1618
924 1625
924 1734
924 1869
924 2063
924 2656
924 4139
924 4920
925 1096
925 1368
925 1409
925 1476
925 2483
925 2863
925 3245
925 3742
925 4431
925 4653
925 4883
925 4915
926 1221
926 1254
926 1787
926 2118
926 2835
926 2954
926 3400
926 3569
926 3709
926 4133
926 4963
927 2485
927 2848
927 3014
927 3053
927 3197
927 3347
927 3906
927 4382
927 4995
928 1031
928 1616
928 1679
928 1938
928 2220
928 2634
928 3143
928 3346
928 3365
928 3388
928 3578
928 3610
928 3857
928 4506
928 4651
928 4943
928 4992
929 970
929 1681
929 2243
929 2293
929 2796
929 3352
929 3430
929 3533
929 4152
929 4179
929 4244
929 4968
930 1047
930 1363
930 1397
930 1413
930 2188
930 2207
930 2490
930 2614
930 2790
930 3187
930 3494
930 3571
930 3892
930 4043
930 4484
931 1263
931 1636
931 1644
931 2279
931 2504
931 2767
931 2880
931 2901
931 3067
931 3175
931 3440
931 3510
931 3537
931 3727
931 3907
931 4042
931 4312
932 1232
932 1556
932 1693
932 1699
932 1829
932 1889
932 2297
932 2538
932 2745
932 2989
932 3310
932 3363
932 3367
932 3698
932 3751
932 3919
932 4550
932 4637
933 1021
933 1384
933 1469
933 1603
933 1926
933 2622
933 2706
933 2879
933 2890
933 3001
933 4267
933 4405
933 4860
934 1009
934 1226
934 1410
934 1546
934 1615
934 1660
934 2439
934 2515
934 2898
934 3325
934 3441
934 3495
934 3848
934 3853
934 4127
934 4572
935 1132
935 1144
935 1174
935 1183
935 1236
935 1327
935 1430
935 1910
935 1947
935 2664
935 2675
935 3057
935 3119
935 3320
935 4181
935 4381
935 4692
935 4922
936 1717
936 2054
936 2200
936 2255
936 2373
936 2804
936 2852
936 3345
936 4227
936 4291
936 4610
936 4739
936 4989
937 1488
937 1572
937 2004
937 2059
937 2069
937 2432
937 2586
937 3247
937 3365
937 3585
937 3902
937 4584
938 1409
938 1484
938 1787
938 2175
938 3098
938 3266
938 4017
938 4037
938 4209
938 4320
938 4908
939 1079
939 2370
939 2441
939 3039
939 3148
939 3264
939 3532
939 3866
939 4863
940 1195
940 2060
940 2151
940 2269
940 2391
940 2703
940 2799
940 2966
940 3322
940 3908
940 4729
940 4942
940 4979
941 1499
941 2083
941 2240
941 2670
941 3236
941 3242
941 3985
941 4036
941 4497
941 4592
941 4708
941 4950
942 1020
942 1139
942 1503
942 1542
942 1905
942 2736
942 3280
942 4283
942 4374
942 4593
943 1574
943 1915
943 1936
943 2106
943 2206
943 2419
943 3096
943 3605
943 4395
943 4657
944 1141
944 1473
944 1766
944 2735
944 2950
944 3733
944 3766
944 4139
944 4216
944 4303
944 4902
945 1080
945 1275
945 1338
945 1366
945 1636
945 2095
945 2231
945 2862
945 3735
945 4088
945 4094
945 4378
945 4732
946 1650
946 1730
946 2358
946 2900
946 2989
946 3275
946 3277
946 3618
946 3800
946 4172
947 985
947 2071
947 2339
947 2349
947 2382
947 2800
947 3304
947 3930
947 4028
947 4332
947 4519
948 1273
948 1525
948 2231
948 2311
948 2348
948 2463
948 2649
948 2843
948 2956
948 3042
948 3106
948 3576
948 3856
948 4226
948 4532
948 4696
948 4777
949 1007
949 1346
949 1550
949 1684
949 1842
949 2028
949 2374
949 2762
949 2918
949 3125
949 3543
949 4320
949 4677
949 4741
949 4746
949 4810
949 4996
950 977
950 1435
950 1859
950 1898
950 2252
950 2313
950 2721
950 2785
950 3672
950 4006
950 4055
950 4098
950 4133
950 4150
950 4722
950 4782
951 1331
951 1509
951 1633
951 1751
951 2101
951 2195
951 2517
951 2713
951 2767
951 2880
951 3304
951 3882
951 3997
951 4016
951 4110
951 4165
952 1372
952 1375
952 1520
952 1678
952 1908
952 2097
952 2304
952 2448
952 3025
952 3523
952 3602
952 3627
952 4610
952 4697
953 1367
953 1517
953 2164
953 2331
953 2343
953 2657
953 3021
953 3206
953 3731
953 3775
953 4203
953 4404
953 4620
954 1369
954 1519
954 1606
954 1822
954 1902
954 1926
954 1974
954 1993
954 2107
954 2161
954 2177
954 2180
954 2388
954 2441
954 2590
954 3362
954 4281
954 4319
954 4961
955 1379
955 1560
955 1566
955 1634
955 2159
955 2204
955 2650
955 3659
955 4149
955 4504
955 4783
956 1019
956 1120
956 1215
956 1283
956 1285
956 1307
956 1747
956 3213
956 3644
956 3890
956 4215
956 4441
957 1379
957 1634
957 1737
957 1783
957 2120
957 2176
957 2721
957 3324
957 3379
957 3483
957 3528
957 3768
957 4895
958 1018
958 1513
958 1694
958 2356
958 2606
958 2830
958 2914
958 3141
958 3369
959 1216
959 1225
959 1719
959 2306
959 3119
959 3131
959 3472
959 3580
959 3925
959 4451
959 4702
959 4756
960 2301
960 2390
960 2443
960 2590
960 2971
960 3313
960 3422
960 3565
960 3736
960 3795
960 4022
960 4098
960 4152
960 4333
960 4793
960 4963
961 1701
961 1711
961 1724
961 2282
961 2923
961 4043
961 4086
961 4365
961 4473
961 4760
961 4969
962 1269
962 1484
962 1688
962 1961
962 2081
962 2231
962 2271
962 2300
962 2455
962 2974
962 3113
962 3366
962 4367
962 4936
963 1135
963 1264
963 1338
963 1439
963 1559
963 2276
963 2457
963 2549
963 2807
963 2955
963 3275
963 3311
963 3319
963 3458
963 3548
963 4005
963 4022
963 4380
963 4408
963 4557
963 4638
963 4922
964 1263
964 1294
964 1493
964 2093
964 2354
964 2403
964 2499
964 3027
964 3190
964 3407
964 3551
964 3579
964 4069
964 4443
964 4663
964 4777
965 1830
965 1996
965 2857
965 3041
965 4011
965 4359
966 1913
966 2231
966 3074
966 3436
966 4422
966 4435
966 4485
966 4561
967 1247
967 1333
967 1483
967 1562
967 1643
967 1944
967 2169
967 2644
967 2720
967 2752
967 2893
967 3400
967 3580
967 3587
967 3703
967 4086
968 1321
968 1608
968 2621
968 2803
968 2856
968 3721
968 4880
969 1401
969 1792
969 2419
969 2470
969 2823
969 2896
969 2978
969 3108
969 4396
969 4837
969 4929
970 1039
970 1190
970 1415
970 1428
970 1662
970 1819
970 2123
970 2168
970 2298
970 2451
970 2697
970 3201
970 3702
970 3915
970 3969
970 4192
970 4291
970 4996
971 1082
971 1502
971 1783
971 2219
971 2438
971 2605
971 3119
971 3286
971 3550
971 3967
971 4768
972 2121
972 2195
972 3165
972 3398
972 3572
972 3797
972 3971
973 1614
973 1673
973 1971
973 3425
973 3471
973 4132
973 4620
973 4687
974 1028
974 1055
974 1180
974 1269
974 1306
974 1322
974 1330
974 1373
974 1689
974 2317
974 2546
974 2844
974 2909
974 3247
974 3946
974 4661
974 4837
975 1432
975 2140
975 2210
975 2241
975 2663
975 4646
975 4817
975 4955
976 1452
976 1660
976 2000
976 2314
976 2359
976 2541
976 2724
976 3037
976 3182
976 3708
976 4117
976 4242
976 4251
976 4736
976 4767
976 4772
977 1234
977 1369
977 1762
977 1809
977 1821
977 2376
977 2523
977 2695
977 2810
977 2916
977 3468
977 3693
977 4009
977 4152
977 4788
978 2044
978 2088
978 2217
978 2379
978 2595
978 2822
978 3325
978 3365
978 3673
978 4012
978 4029
978 4289
979 1082
979 1499
979 1983
979 2059
979 2060
979 2242
979 2607
979 2824
979 4147
979 4660
979 4814
980 1053
980 1172
980 1746
980 1796
980 2180
980 3570
980 4023
980 4637
980 4806
981 1152
981 1226
981 1863
981 2126
981 2471
981 2494
981 2499
981 2561
981 2750
981 2888
981 2961
981 3080
981 3466
981 3865
981 4567
981 4604
981 4834
981 4979
982 2008
982 2054
982 2135
982 2236
982 2485
982 2592
982 3028
982 3071
982 3118
982 4381
982 4430
982 4551
983 1202
983 1229
983 1294
983 1974
983 2632
983 2920
983 3062
983 3201
983 3293
983 3490
983 4954
984 1192
984 1219
984 1600
984 2007
984 2927
984 3217
984 3416
984 3529
984 3960
985 1022
985 1165
985 1510
985 1730
985 1851
985 2477
985 3343
985 3779
985 3964
985 4493
985 4703
985 4865
986 1326
986 1518
986 1881
986 2059
986 2580
986 2708
986 3338
986 3513
986 4002
986 4211
986 4224
986 4478
986 4583
986 4828
987 1135
987 1233
987 1503
987 2286
987 2365
987 2665
987 2895
987 3100
987 3198
987 3529
987 3682
987 4113
987 4767
987 4899
988 1263
988 1399
988 2082
988 2816
988 3235
988 3500
988 3504
988 3526
988 3844
988 4004
988 4876
989 1335
989 1447
989 1520
989 1795
989 1981
989 2175
989 2875
989 3268
989 3297
989 3340
989 3341
989 3625
989 4357
989 4497
989 4705
989 4714
989 4886
990 1071
990 1404
990 1453
990 1596
990 1643
990 2004
990 2171
990 2388
990 2717
990 2894
990 2896
990 3128
990 4434
990 4614
991 1242
991 1533
991 1753
991 1984
991 2169
991 2845
991 3488
991 4075
991 4244
991 4272
991 4352
991 4571
991 4813
992 1287
992 1292
992 2334
992 2403
992 2781
992 2980
992 3198
992 3269
992 3479
992 3539
992 3715
992 4009
992 4010
992 4379
992 4954
993 1680
993 2101
993 2660
993 2741
993 2845
993 3197
993 3316
993 3816
994 1253
994 1532
994 2117
994 2283
994 2343
994 2662
994 4616
994 4640
995 1040
995 1055
995 1149
995 1152
995 1422
995 1439
995 1498
995 1642
995 1852
995 1979
995 2848
995 2853
995 3032
995 3064
995 3481
995 4085
995 4505
996 1298
996 1342
996 1390
996 1762
996 1973
996 2213
996 2242
996 2344
996 2389
996 3319
996 3906
996 4717
997 1426
997 1815
997 2026
997 2350
997 3173
997 3697
997 3931
997 4041
997 4090
997 4224
997 4841
997 4996
998 1384
998 1925
998 2358
998 2556
998 2642
998 3311
998 3474
998 3639
998 4194
998 4516
998 4778
998 4917
999 1023
999 1997
999 2005
999 2247
999 2515
999 2626
999 3415
999 3642
999 3762
999 3803
999 4902
1000 1075
1000 1683
1000 2188
1000 3019
1000 3138
1000 3645
1000 4035
1000 4100
1000 4135
1000 4178
1000 4715
1001 1042
1001 1267
1001 1515
1001 2364
1001 2377
1001 2978
1001 3886
1001 4079
1001 4182
1002 1111
1002 1480
1002 1585
1002 1746
1002 2694
1002 2807
1002 3189
1002 3192
1002 4379
1002 4401
1003 1642
1003 2763
1003 3138
1003 3144
1003 3197
1003 3346
1003 3447
1003 3892
1003 4196
1003 4507
1003 4812
1003 4818
1003 4943
1004 1262
1004 1438
1004 1480
1004 2467
1004 2918
1004 3013
1004 3019
1004 3363
1005 1727
1005 1878
1005 2329
1005 2495
1005 2536
1005 3108
1005 3299
1005 3703
1005 3779
1005 4069
1005 4106
1005 4232
1005 4689
1006 1135
1006 1650
1006 1926
1006 2370
1006 4326
1006 4392
1006 4784
1007 1265
1007 1563
1007 1600
1007 1770
1007 2022
1007 2807
1007 3522
1007 4015
1007 4479
1007 4592
1007 4622
1007 4819
1008 1126
1008 1222
1008 1247
1008 1426
1008 2059
1008 2173
1008 2418
1008 2843
1008 3139
1008 3795
1008 4112
1008 4217
1008 4693
1009 1225
1009 1593
1009 2126
1009 2830
1009 3065
1009 3432
1009 3547
1009 3832
1009 3990
1009 4508
1009 4636
1009 4764
1009 4955
1009 4983
1010 1171
1010 2553
1010 2578
1010 2749
1010 2830
1010 3101
1010 3333
1010 3566
1010 3736
1010 3830
1010 3916
1010 4178
1010 4709
1010 4877
1011 1092
1011 1247
1011 1482
1011 1675
1011 1830
1011 1851
1011 1867
1011 2285
1011 2310
1011 2348
1011 2394
1011 3207
1011 3267
1011 3324
1011 3536
1011 3575
1011 3659
1011 3949
1011 4260
1012 1073
1012 1294
1012 1500
1012 1593
1012 1931
1012 2041
1012 2058
1012 2465
1012 2589
1012 2756
1012 3062
1012 3126
1012 3172
1012 3648
1012 3695
1012 4041
1012 4053
1013 1293
1013 1429
1013 1540
1013 2158
1013 2856
1013 2859
1013 2880
1013 2961
1013 2968
1013 3112
1013 3317
1013 3664
1013 3860
1013 4166
1013 4406
1013 4568
1014 1715
1014 1864
1014 2137
1014 2258
1014 2470
1014 2504
1014 2913
1014 3511
1014 3807
1014 3989
1014 4149
1014 4351
1014 4782
1014 4797
1014 4990
1015 1677
1015 2237
1015 2291
1015 2396
1015 2989
1015 3191
1015 3988
1015 4068
1015 4482
1015 4531
1015 4569
1015 4595
1015 4623
1015 4727
1015 4934
1016 1226
1016 1273
1016 1621
1016 2194
1016 2342
1016 2488
1016 3011
1016 3030
1016 3325
1017 1200
1017 1396
1017 1443
1017 1672
1017 3513
1017 3600
1017 4104
1017 4280
1017 4419
1017 4791
1018 1066
1018 1107
1018 1309
1018 1436
1018 1509
1018 1886
1018 2119
1018 2351
1018 2443
1018 2615
1018 2828
1018 3087
1018 4989
1019 1583
1019 1608
1019 1648
1019 2494
1019 2701
1019 3146
1019 3710
1019 4488
1019 4859
1019 4899
1020 1122
1020 1352
1020 1724
1020 2351
1020 3076
1020 3533
1020 3834
1020 3936
1020 4471
1020 4582
1021 1025
1021 1426
1021 1733
1021 2054
1021 2307
1021 2770
1021 2844
1021 2968
1021 3390
1021 3460
1021 3495
1021 3583
1021 3683
1021 3691
1021 3951
1022 1080
1022 1190
1022 1677
1022 1752
1022 2247
1022 2262
1022 2390
1022 3175
1022 4442
1022 4517
1023 1414
1023 1905
1023 2431
1023 2552
1023 2674
1023 2834
1023 3022
1023 3076
1023 3399
1023 3474
1023 3683
1023 3724
1023 3761
1023 3962
1023 4931
1024 1035
1024 1529
1024 1609
1024 1708
1024 1838
1024 1843
1024 3282
1024 3547
1024 3574
1024 4326
1024 4353
1025 1396
1025 1660
1025 1787
1025 1986
1025 2473
1025 2666
1025 2920
1025 3537
1025 4494
1025 4557
1025 4602
1026 1717
1026 2221
1026 2354
1026 2400
1026 2558
1026 2666
1026 2815
1026 2819
1026 3329
1026 4267
1026 4298
1026 4321
1027 2707
1027 2764
1027 2914
1027 2972
1027 3632
1027 4101
1027 4166
1027 4483
1027 4488
1027 4835
1027 4879
1028 1408
1028 2220
1028 2312
1028 3377
1028 3488
1028 3500
1028 3589
1028 3738
1028 4168
1028 4699
1029 1066
1029 1915
1029 1947
1029 2218
1029 2985
1029 3092
1029 3137
1029 3394
1029 4162
1029 4649
1029 4824
1029 4892
1030 1546
1030 2223
1030 4061
1030 4083
1030 4569
1030 4667
1030 4880
1031 1341
1031 1417
1031 1605
1031 2789
1031 3252
1031 3615
1031 3621
1031 3719
1031 3788
1031 3947
1031 4085
1031 4680
1031 4871
1032 1311
1032 1475
1032 1605
1032 1855
1032 1940
1032 2701
1032 2718
1032 3870
1032 4099
1032 4117
1032 4830
1033 1070
1033 1190
1033 1217
1033 1418
1033 1489
1033 1549
1033 1560
1033 1913
1033 2318
1033 2483
1033 2607
1033 2985
1033 3445
1033 3975
1033 4599
1033 4772
1034 1044
1034 1982
1034 2143
1034 2429
1034 2478
1034 2494
1034 3103
1034 3976
1034 4004
1034 4055
1034 4509
1034 4587
1035 1095
1035 1281
1035 1294
1035 2312
1035 3697
1035 3850
1035 3884
1035 4299
1036 1269
1036 1538
1036 1555
1036 2217
1036 2536
1036 3183
1036 3733
1036 3911
1036 4348
1037 1482
1037 2481
1037 2759
1037 3206
1037 3724
1037 3999
1037 4178
1037 4256
1037 4638
1037 4719
1037 4759
1037 4793
1038 1161
1038 1764
1038 2261
1038 2382
1038 2477
1038 3244
1038 3337
1038 3729
1038 3762
1038 4184
1038 4363
1038 4635
1038 4814
1039 1057
1039 1086
1039 1704
1039 1839
1039 2196
1039 2266
1039 2411
1039 2540
1039 3151
1039 3189
1039 3349
1039 3445
1039 4040
1039 4092
1039 4138
1039 4791
1039 4939
1039 4956
1040 1178
1040 1492
1040 2222
1040 2418
1040 3358
1040 3446
1040 3710
1040 3832
1040 4100
1040 4694
1040 4778
1040 4824
1041 1084
1041 1554
1041 1670
1041 2180
1041 2847
1041 2883
1041 2914
1041 2981
1041 3169
1041 3219
1041 3364
1041 3881
1041 4272
1041 4872
1042 1286
1042 2048
1042 2619
1042 2707
1042 3140
1042 3565
1042 4304
1042 4733
1043 1626
1043 2402
1043 2569
1043 2608
1043 2901
1043 3186
1043 3275
1043 3583
1043 3915
1043 4028
1043 4344
1043 4603
1043 4895
1044 1528
1044 1635
1044 1664
1044 1891
1044 2824
1044 2879
1044 3667
1044 3842
1044 4181
1044 4679
1044 4929
1045 1112
1045 1153
1045 1786
1045 1957
1045 2786
1045 3060
1045 3540
1045 3758
1045 4240
1045 4674
1045 4702
1045 4742
1045 4790
1046 1327
1046 1393
1046 1864
1046 2332
1046 3500
1046 3593
1046 3870
1046 4215
1046 4746
1047 1158
1047 1222
1047 1427
1047 1882
1047 2306
1047 2355
1047 2380
1047 2706
1047 2741
1047 2811
1047 4197
1047 4230
1047 4318
1047 4402
1047 4672
1047 4866
1047 4896
1047 4962
1048 1146
1048 1194
1048 1331
1048 2496
1048 2912
1048 3025
1048 3077
1048 3299
1048 3755
1048 4056
1048 4378
1049 1129
1049 1509
1049 1753
1049 2703
1049 2925
1049 2982
1049 3096
1049 3308
1049 4471
1049 4550
1050 1094
1050 1135
1050 1740
1050 1966
1050 2464
1050 2703
1050 2758
1050 3544
1050 3575
1050 3766
1050 3913
1050 4487
1051 1063
1051 1799
1051 2347
1051 2725
1051 3147
1051 3943
1051 4063
1051 4076
1051 4159
1051 4176
1051 4237
1051 4569
1051 4761
1052 1053
1052 1175
1052 1204
1052 1499
1052 1599
1052 1894
1052 3316
1052 3414
1052 3732
1052 3790
1052 4033
1052 4705
1053 1496
1053 1587
1053 1588
1053 1739
1053 2129
1053 2160
1053 2376
1053 2544
1053 2797
1053 2878
1053 3293
1053 3343
1053 3374
1053 4444
1053 4482
1054 1131
1054 1665
1054 1673
1054 1731
1054 1897
1054 2882
1054 3308
1054 3761
1054 3857
1054 4310
1054 4397
1054 4468
1054 4608
1055 1588
1055 1713
1055 1830
1055 1870
1055 2212
1055 3023
1055 3074
1055 3341
1055 3505
1055 3651
1055 3997
1055 4010
1055 4218
1056 1361
1056 1621
1056 2087
1056 2133
1056 3177
1056 3221
1056 3458
1056 4530
1057 1726
1057 1764
1057 2723
1057 2745
1057 2843
1057 3256
1057 3453
1057 3532
1057 4260
1057 4487
1057 4877
1058 1304
1058 1409
1058 1592
1058 1840
1058 1939
1058 1993
1058 2421
1058 2827
1058 2866
1058 3163
1058 3490
1058 3626
1058 3780
1058 4320
1058 4381
1058 4900
1059 1285
1059 1413
1059 1663
1059 2049
1059 3579
1059 4171
1059 4186
1059 4252
1059 4287
1059 4353
1059 4452
1059 4457
1059 4624
1059 4889
1060 2049
1060 2390
1060 2548
1060 2836
1060 2946
1060 2947
1060 3387
1060 3671
1060 3678
1060 3679
1060 3727
1060 3788
1060 4045
1060 4175
1060 4262
1060 4552
1060 4577
1060 4705
1061 1221
1061 1460
1061 1491
1061 1732
1061 2392
1061 2551
1061 2581
1061 2583
1061 2634
1061 2904
1061 3014
1061 3225
1061 3283
1061 4003
1061 4028
1061 4343
1061 4705
1061 4975
1062 1138
1062 1391
1062 1607
1062 1853
1062 1855
1062 2129
1062 2151
1062 3873
1062 3974
1062 4198
1062 4334
1063 2398
1063 3064
1063 3822
1063 3833
1063 4173
1063 4427
1063 4676
1063 4983
1064 1176
1064 1190
1064 2517
1064 3491
1064 4012
1064 4015
1064 4339
1064 4410
1064 4693
1064 4814
1064 4842
1064 4995
1065 1160
1065 1367
1065 2332
1065 2702
1065 2919
1065 3421
1065 3799
1065 4621
1066 1619
1066 1639
1066 1695
1066 1876
1066 2707
1066 2985
1066 2988
1066 3216
1066 3428
1066 3648
1066 3752
1067 1214
1067 1648
1067 1662
1067 1828
1067 2209
1067 2829
1067 3211
1067 3401
1067 3919
1067 3985
1067 4086
1067 4217
1067 4334
1067 4499
1067 4564
1067 4621
1067 4624
1068 1499
1068 1806
1068 2347
1068 2474
1068 2543
1068 2639
1068 2848
1068 3812
1068 4035
1068 4155
1068 4582
1068 4653
1069 1363
1069 1758
1069 1940
1069 2644
1069 2826
1069 3025
1069 3138
1069 3214
1069 3453
1069 3534
1069 3689
1069 3903
1069 3933
1069 4207
1069 4254
1070 1278
1070 2118
1070 2137
1070 2626
1070 3101
1070 3519
1070 3570
1070 3739
1070 3930
1070 3965
1070 4034
1070 4416
1070 4699
1070 4844
1070 4847
1070 4867
1070 4880
1070 4940
1071 1150
1071 1942
1071 2194
1071 2397
1071 2647
1071 3158
1071 3671
1071 4666
1072 1080
1072 1089
1072 2014
1072 2082
1072 2260
1072 2351
1072 2698
1072 2757
1072 2811
1072 3390
1072 3421
1072 3719
1072 3721
1072 4188
1073 1166
1073 1171
1073 2340
1073 3272
1073 3298
1073 3303
1073 3526
1074 1223
1074 1568
1074 1779
1074 1953
1074 2626
1074 2806
1074 2898
1074 3070
1074 3085
1074 3557
1074 3576
1074 3849
1074 4422
1074 4537
1074 4806
1074 4986
1075 2560
1075 2921
1075 3262
1075 4167
1076 1092
1076 1159
1076 1252
1076 1257
1076 1339
1076 1709
1076 2026
1076 2219
1076 2614
1076 2866
1076 2895
1076 3360
1076 3404
1076 3791
1076 3938
1076 4222
1076 4336
1076 4457
1076 4485
1076 4666
1076 4752
1077 1216
1077 1231
1077 1248
1077 1279
1077 1281
1077 1566
1077 1619
1077 1959
1077 2079
1077 2348
1077 3171
1077 3676
1077 4456
1077 4800
1077 4942
1078 1262
1078 2091
1078 3030
1078 3061
1078 3304
1078 3444
1078 3649
1078 4847
1079 1298
1079 1303
1079 1711
1079 2652
1079 2747
1079 2943
1079 3234
1079 3373
1079 3602
1079 4003
1079 4096
1080 1174
1080 1538
1080 2462
1080 2932
1080 3371
1080 3565
1080 3589
1080 3932
1080 4068
1080 4236
1081 1580
1081 1983
1081 2495
1081 2594
1081 3132
1081 4554
1081 4804
1082 1119
1082 1303
1082 1974
1082 2052
1082 2152
1082 2491
1082 2509
1082 2728
1082 3003
1082 3163
1082 3491
1082 3679
1082 4731
1082 4807
1083 1895
1083 1919
1083 1993
1083 2248
1083 2271
1083 2286
1083 2914
1083 3062
1083 3385
1083 3704
1083 3760
1083 3846
1083 4253
1083 4810
1083 4889
1084 1660
1084 2198
1084 2609
1084 2726
1084 2770
1084 3179
1084 3204
1084 3436
1084 3979
1084 4047
1084 4864
1085 1158
1085 1419
1085 1507
1085 1568
1085 1856
1085 1944
1085 2040
1085 2095
1085 2903
1085 3324
1085 3524
1085 4391
1086 1282
1086 1816
1086 2542
1086 3046
1086 3690
1086 3736
1086 3753
1086 3853
1086 4924
1087 1838
1087 2058
1087 2120
1087 2342
1087 2859
1087 2864
1087 3377
1087 3728
1087 3851
1087 3880
1088 1502
1088 1577
1088 1641
1088 2215
1088 2409
1088 2775
1088 2956
1088 3508
1088 3993
1088 4095
1088 4332
1088 4495
1089 1205
1089 1272
1089 1394
1089 2063
1089 2080
1089 2350
1089 2819
1089 3795
1089 4120
1089 4152
1089 4200
1089 4346
1089 4920
1090 1982
1090 2199
1090 2563
1090 3330
1090 3936
1090 4172
1091 1098
1091 1120
1091 1486
1091 1548
1091 2015
1091 2191
1091 2429
1091 2969
1091 3288
1091 3738
1091 3979
1091 4906
1091 4969
1091 4976
1092 1334
1092 1407
1092 1926
1092 2051
1092 2284
1092 2528
1092 2748
1092 3212
1092 3464
1092 3839
1092 4741
1092 4996
1093 1218
1093 1236
1093 1260
1093 1463
1093 2486
1093 2960
1093 3341
1093 3393
1093 3521
1093 3564
1093 3650
1093 3735
1093 4239
1093 4764
1094 1249
1094 1506
1094 1620
1094 1698
1094 1771
1094 1986
1094 2174
1094 3054
1094 3114
1094 3204
1094 3520
1094 4088
1094 4117
1094 4756
1094 4780
1095 1106
1095 1690
1095 2196
1095 2658
1095 3175
1095 3691
1095 3750
1095 3915
1095 3931
1095 4269
1095 4695
1095 4913
1095 4962
1096 1119
1096 1351
1096 2778
1096 3246
1096 3791
1096 4376
1096 4467
1096 4512
1096 4592
1096 4760
1096 4840
1096 4963
1097 2097
1097 2158
1097 2616
1097 2963
1097 3069
1097 3180
1097 3200
1097 3630
1097 3888
1097 4039
1098 1735
1098 2130
1098 2269
1098 2762
1098 2883
1098 3096
1098 3846
1098 3863
1098 3919
1098 4058
1098 4874
1099 1232
1099 1670
1099 1746
1099 1789
1099 1827
1099 2948
1099 2952
1099 3341
1099 3983
1099 4061
1099 4086
1099 4257
1100 1227
1100 1418
1100 1492
1100 1556
1100 2072
1100 2180
1100 2467
1100 2474
1100 2678
1100 3474
1100 3901
1100 4491
1101 1348
1101 1684
1101 1795
1101 1855
1101 2021
1101 2393
1101 2487
1101 3394
1101 3428
1101 4619
1101 4788
1101 4808
1101 4898
1101 4924
1102 1487
1102 1913
1102 2326
1102 2529
1102 2831
1102 2874
1102 3334
1102 3443
1102 3950
1102 3964
1102 4016
1103 1609
1103 1737
1103 1991
1103 2591
1103 2718
1103 2801
1103 2826
1103 3165
1103 3192
1103 3205
1103 3529
1103 3660
1103 4107
1103 4169
1103 4778
1104 2005
1104 3990
1104 4185
1104 4425
1105 1207
1105 2429
1105 3445
1105 4406
1105 4493
1105 4759
1106 1162
1106 1627
1106 1645
1106 2100
1106 2190
1106 2334
1106 2727
1106 2838
1106 3141
1106 3292
1106 4018
1106 4398
1106 4694
1106 4741
1107 1232
1107 1695
1107 1917
1107 1997
1107 2006
1107 2667
1107 2722
1107 2727
1107 3063
1107 3274
1107 3740
1107 4348
1107 4553
1107 4654
1107 4932
1107 4995
1108 1257
1108 1766
1108 1768
1108 1915
1108 2247
1108 2360
1108 2402
1108 2587
1108 2722
1108 3095
1108 3239
1108 4574
1108 4670
1109 1876
1109 1984
1109 4180
1109 4248
1109 4431
1109 4443
1109 4513
1109 4669
1109 4748
1110 2844
1110 3198
1110 3697
1110 4356
1110 4360
1110 4406
1110 4443
1110 4537
1110 4669
1110 4745
1110 4785
1111 1132
1111 1589
1111 1961
1111 2014
1111 2083
1111 2220
1111 2485
1111 2709
1111 3560
1111 3707
1111 3921
1111 4074
1111 4669
1111 4687
1112 1366
1112 1566
1112 2137
1112 2411
1112 2553
1112 2662
1112 2706
1112 2875
1112 3086
1112 3130
1112 3314
1112 3550
1112 3558
1112 3650
1112 3682
1112 4485
1112 4608
1112 4890
1113 1115
1113 1254
1113 1282
1113 1373
1113 1678
1113 1852
1113 1971
1113 2088
1113 2534
1113 2735
1113 2798
1113 3036
1113 3116
1113 3375
1113 3736
1113 3826
1113 3962
1113 4114
1113 4524
1113 4528
1113 4711
1114 1150
1114 1902
1114 2015
1114 2256
1114 2854
1114 3131
1114 3303
1114 3381
1114 3414
1114 3584
1114 3803
1114 4034
1114 4171
1114 4381
1114 4584
1114 4787
1114 4880
1115 1883
1115 2256
1115 2645
1115 2677
1115 3062
1115 3370
1115 3458
1115 4526
1115 4545
1116 1343
1116 1671
1116 1679
1116 1783
1116 1827
1116 2030
1116 2037
1116 2157
1116 2443
1116 3060
1116 3063
1116 3216
1116 3462
1116 4342
1116 4527
1117 1147
1117 1289
1117 1352
1117 1363
1117 3587
1117 3849
1117 4032
1117 4363
1117 4435
1117 4521
1117 4969
1118 1128
1118 2156
1118 2166
1118 3416
1118 3943
1118 4177
1118 4374
1118 4466
1118 4485
1119 1138
1119 1383
1119 1521
1119 1649
1119 1764
1119 2828
1119 2986
1119 3439
1119 3722
1119 4226
1119 4806
1120 1573
1120 1818
1120 1821
1120 2264
1120 2354
1120 2555
1120 2779
1120 3555
1120 4422
1120 4802
1121 1794
1121 2240
1121 2798
1121 3310
1121 3730
1121 4965
1122 1187
1122 1456
1122 1875
1122 2016
1122 2123
1122 2335
1122 2412
1122 2540
1122 2845
1122 2888
1122 3092
1122 4038
1122 4148
1122 4887
1122 4968
1123 1131
1123 2008
1123 2181
1123 2350
1123 2429
1123 2482
1123 2569
1123 2647
1123 2936
1123 3880
1123 3970
1123 4223
1123 4392
1123 4942
1123 4954
1124 1375
1124 1803
1124 1891
1124 2232
1124 2238
1124 2287
1124 2370
1124 3708
1124 3842
1124 4079
1124 4192
1124 4391
1124 4519
1124 4580
1124 4790
1125 1393
1125 1772
1125 1780
1125 3550
1125 3655
1125 4233
1125 4819
1125 4832
1126 1177
1126 1228
1126 1336
1126 1636
1126 1672
1126 1874
1126 2011
1126 2443
1126 2462
1126 2754
1126 3713
1126 3954
1126 4333
1126 4764
1127 1160
1127 1448
1127 2114
1127 2517
1127 2767
1127 3423
1127 3825
1127 3828
1127 3890
1127 4151
1127 4157
1127 4452
1127 4546
1127 4639
1127 4833
1127 4855
1128 1410
1128 1417
1128 1471
1128 1829
1128 1896
1128 2266
1128 2478
1128 2568
1128 2794
1128 2924
1128 3028
1128 3077
1128 3138
1128 3713
1128 3806
1128 3966
1128 4341
1128 4867
1129 1422
1129 1657
1129 1775
1129 1794
1129 2101
1129 2529
1129 2919
1129 3443
1129 3673
1129 3714
1129 4048
1129 4141
1129 4233
1129 4357
1129 4376
1129 4581
1129 4909
1130 1150
1130 1912
1130 1934
1130 2197
1130 2348
1130 2399
1130 2806
1130 2971
1130 3341
1130 4492
1130 4816
1130 4997
1131 1189
1131 1645
1131 1665
1131 1964
1131 2010
1131 2037
1131 2088
1131 2153
1131 3294
1131 3407
1131 4022
1131 4614
1132 1338
1132 1467
1132 1503
1132 1676
1132 1871
1132 1884
1132 2423
1132 2692
1132 2802
1132 3471
1132 3727
1132 4199
1133 1527
1133 1770
1133 2056
1133 2214
1133 2467
1133 2532
1133 2724
1133 3093
1133 3165
1133 3207
1133 3232
1133 3277
1133 3732
1133 4033
1133 4662
1134 1513
1134 1615
1134 1656
1134 1692
1134 1923
1134 1944
1134 1959
1134 3250
1134 4070
1134 4445
1134 4485
1134 4669
1135 1490
1135 1536
1135 1922
1135 1987
1135 2851
1135 2937
1135 3266
1135 3337
1135 3533
1135 3763
1135 4501
1135 4504
1135 4572
1135 4647
1135 4693
1136 1144
1136 1631
1136 1871
1136 1948
1136 1957
1136 2325
1136 2474
1136 2564
1136 2600
1136 2614
1136 2779
1136 3509
1136 3721
1136 3860
1136 4449
1136 4455
1137 1176
1137 1352
1137 1789
1137 2730
1137 3189
1137 3779
1137 3800
1137 3905
1137 3996
1138 1179
1138 1340
1138 1521
1138 1616
1138 1803
1138 2380
1138 2744
1138 2883
1138 3572
1138 3610
1138 3658
1138 3747
1138 4233
1138 4234
1138 4524
1138 4654
1138 4723
1138 4802
1138 4982
1139 1141
1139 1491
1139 1535
1139 1726
1139 1781
1139 2295
1139 2390
1139 2445
1139 2593
1139 3694
1139 3766
1139 3915
1139 4636
1139 4639
1140 1154
1140 1236
1140 1303
1140 1697
1140 1702
1140 1763
1140 1989
1140 2429
1140 2750
1140 2791
1140 3062
1140 3365
1140 4340
1140 4811
1141 1312
1141 1636
1141 1690
1141 2075
1141 2315
1141 2523
1141 2872
1141 2970
1141 2989
1141 3006
1141 3243
1141 3371
1141 3526
1141 3694
1141 3795
1141 4141
1141 4240
1141 4823
1141 4830
1141 4927
1142 1160
1142 2178
1142 2206
1142 2500
1142 2689
1142 3157
1142 4977
1143 2446
1143 2749
1143 2882
1143 2945
1143 2980
1143 3100
1143 3182
1143 3856
1143 3876
1143 4115
1143 4233
1143 4555
1144 1267
1144 2032
1144 2107
1144 2169
1144 2428
1144 2617
1144 2699
1144 2799
1144 3144
1144 3463
1144 3744
1144 4529
1144 4645
1145 1170
1145 1480
1145 2313
1145 2420
1145 2459
1145 3278
1145 3535
1145 4112
1145 4274
1145 4372
1145 4393
1145 4530
1145 4642
1146 1530
1146 2052
1146 2278
1146 2553
1146 3116
1146 3356
1146 3805
1146 3861
1146 4153
1146 4415
1146 4475
1147 1561
1147 1601
1147 1722
1147 1884
1147 2654
1147 2858
1147 3640
1147 4226
1147 4270
1147 4875
1148 1433
1148 1657
1148 1929
1148 1933
1148 2052
1148 2063
1148 2256
1148 2894
1148 4347
1148 4688
1148 4707
1148 4843
1148 4989
1149 1868
1149 2196
1149 2387
1149 2867
1149 3179
1149 3318
1149 3666
1149 3823
1149 3871
1149 3876
1149 4082
1149 4226
1149 4303
1149 4480
1149 4889
1149 4897
1150 1341
1150 1387
1150 1852
1150 2000
1150 2008
1150 2435
1150 2952
1150 3301
1150 3637
1150 3710
1150 4211
1150 4368
1150 4682
1150 4856
1151 1249
1151 1280
1151 1387
1151 1421
1151 1586
1151 1866
1151 2592
1151 2700
1151 2793
1151 3221
1151 3921
1151 3933
1151 4055
1151 4172
1151 4947
1152 1579
1152 1932
1152 2440
1152 2714
1152 3349
1152 3418
1152 3420
1152 3573
1152 3579
1152 3783
1152 3820
1152 4154
1152 4967
1153 1196
1153 1312
1153 1602
1153 1836
1153 2334
1153 2367
1153 2484
1153 2643
1153 2699
1153 2764
1153 3340
1153 3433
1153 3604
1153 3807
1153 4060
1153 4101
1153 4688
1153 4843
1154 2399
1154 2820
1154 2877
1154 3043
1154 3391
1154 3484
1154 3618
1154 3959
1154 4712
1155 1534
1155 1565
1155 2585
1155 2884
1155 3289
1155 3574
1155 3639
1155 4235
1155 4394
1155 4478
1155 4639
1155 4980
1156 1469
1156 1723
1156 2799
1156 2906
1156 3246
1156 3673
1156 3805
1156 3871
1156 4091
1156 4366
1156 4783
1157 1226
1157 1480
1157 1528
1157 2093
1157 2099
1157 2110
1157 2159
1157 2449
1157 3045
1157 3283
1157 3751
1157 3892
1157 4606
1157 4648
1157 4667
1158 1215
1158 1220
1158 1558
1158 1610
1158 1651
1158 2631
1158 2728
1158 3014
1158 3810
1158 4338
1158 4504
1158 4518
1159 1263
1159 1421
1159 1841
1159 2900
1159 3104
1159 3167
1159 3453
1159 3597
1159 3627
1159 4585
1159 4996
1160 1188
1160 1305
1160 1478
1160 2833
1160 2907
1160 3334
1160 3402
1160 3485
1160 3708
1160 3784
1160 4098
1160 4147
1160 4625
1160 4931
1161 1460
1161 1495
1161 1531
1161 3134
1161 3151
1161 3366
1161 3471
1161 3553
1161 3644
1161 3721
1161 3825
1161 4177
1161 4467
1161 4541
1162 1439
1162 1530
1162 1648
1162 1749
1162 2127
1162 2547
1162 3070
1162 3097
1162 3133
1162 3374
1162 4178
1162 4352
1163 1311
1163 1877
1163 2022
1163 2240
1163 2263
1163 2497
1163 2513
1163 4377
1163 4477
1163 4596
1164 1187
1164 1703
1164 2664
1164 3867
1164 4229
1164 4840
1165 1604
1165 1749
1165 1893
1165 2017
1165 2280
1165 2285
1165 2789
1165 2999
1165 3172
1165 4019
1165 4307
1165 4424
1165 4519
1165 4843
1166 1210
1166 1304
1166 1402
1166 2030
1166 2403
1166 2594
1166 2611
1166 2618
1166 3174
1166 3552
1166 3747
1166 4488
1167 3438
1167 4018
1167 4669
1167 4720
1167 4890
1168 1570
1168 1991
1168 2369
1168 2637
1168 2845
1168 3405
1168 3440
1168 3909
1168 4114
1168 4192
1168 4307
1168 4745
1168 4979
1169 1812
1169 1897
1169 2271
1169 2535
1169 2685
1169 2770
1169 3047
1169 3233
1169 3287
1169 3470
1169 3790
1169 4008
1169 4436
1170 1794
1170 1992
1170 2600
1170 2601
1170 3209
1170 3402
1170 3483
1170 3768
1170 3785
1170 3824
1170 3980
1170 4502
1171 1252
1171 2055
1171 2168
1171 2748
1171 2822
1171 2941
1171 3313
1171 3490
1171 3671
1171 3760
1171 4104
1171 4252
1171 4384
1171 4579
1171 4769
1171 4852
1171 4933
1172 1383
1172 1744
1172 1997
1172 2459
1172 2479
1172 2709
1172 3070
1172 3227
1172 3553
1172 3616
1172 3641
1172 3684
1172 4441
1172 4452
1173 1205
1173 2284
1173 2900
1173 3499
1173 3739
1173 3801
1173 4515
1174 2910
1174 3472
1174 4091
1174 4371
1175 1688
1175 2370
1175 2445
1175 2500
1175 2700
1175 2708
1175 2794
1175 3242
1175 3299
1175 3681
1175 4043
1175 4146
1175 4613
1175 4652
1175 4806
1176 1413
1176 1473
1176 1689
1176 1925
1176 2189
1176 2223
1176 2236
1176 2614
1176 2690
1176 3060
1176 3301
1176 3338
1176 3474
1176 3523
1176 3881
1176 4013
1176 4787
1176 4932
1177 2714
1177 2820
1177 3306
1177 3426
1177 3428
1177 3456
1177 3971
1177 4044
1177 4245
1177 4438
1177 4490
1178 1213
1178 1240
1178 1485
1178 1826
1178 2346
1178 2665
1178 2745
1178 2783
1178 3015
1178 3668
1178 3913
1178 3917
1178 3929
1178 4178
1179 1192
1179 2497
1179 2764
1179 4092
1180 1304
1180 1737
1180 2512
1180 2718
1180 3475
1180 3740
1180 4217
1180 4800
1181 1408
1181 2028
1181 2200
1181 2594
1181 2605
1181 2698
1181 3066
1181 3160
1181 3174
1181 3566
1181 3624
1181 3915
1181 3936
1181 4209
1181 4661
1181 4731
1181 4802
1181 4805
1181 4838
1181 4971
1182 1371
1182 1407
1182 1504
1182 1659
1182 1857
1182 2296
1182 2307
1182 2543
1182 2566
1182 2623
1182 2734
1182 3295
1182 3468
1182 3873
1182 3900
1182 3967
1182 3972
1182 4376
1182 4742
1183 1296
1183 1352
1183 1449
1183 1612
1183 1749
1183 1924
1183 1975
1183 2848
1183 2970
1183 3599
1183 3789
1183 3878
1183 4081
1183 4295
1183 4332
1183 4625
1183 4646
1183 4786
1184 1303
1184 1450
1184 1487
1184 1718
1184 2111
1184 2396
1184 2818
1184 3788
1184 4235
1184 4302
1184 4307
1184 4416
1184 4945
1185 1209
1185 2390
1185 2423
1185 2539
1185 2593
1185 3202
1185 3214
1185 3397
1185 3398
1185 3502
1185 3591
1185 3694
1185 3751
1185 3784
1185 3916
1185 3948
1185 3970
1185 4007
1185 4156
1185 4331
1185 4436
1185 4458
1185 4553
1186 1858
1186 3015
1186 3203
1186 3254
1186 3450
1186 3826
1186 4529
1187 1544
1187 1592
1187 2139
1187 3432
1187 3754
1187 4337
1187 4478
1188 1945
1188 2243
1188 2629
1188 3026
1188 3475
1188 3549
1188 4071
1188 4493
1188 4573
1188 4829
1189 1242
1189 1386
1189 1566
1189 1759
1189 2337
1189 2544
1189 2664
1189 3812
1189 4570
1189 4669
1189 4975
1190 1197
1190 1219
1190 1340
1190 1577
1190 2263
1190 2652
1190 3608
1190 4035
1190 4221
1190 4381
1190 4598
1190 4725
1191 1525
1191 2200
1191 2275
1191 2403
1191 2711
1191 3457
1191 3680
1191 3914
1191 4173
1191 4263
1191 4412
1192 1301
1192 1692
1192 1859
1192 2071
1192 2370
1192 2502
1192 2880
1192 3028
1192 3241
1192 3652
1192 4332
1192 4384
1192 4685
1192 4711
1192 4999
1193 1500
1193 2051
1193 2423
1193 2576
1193 2691
1193 2866
1193 3489
1193 3556
1193 3718
1193 3763
1193 3820
1193 4080
1193 4328
1193 4563
1193 4765
1194 1478
1194 1573
1194 1582
1194 1731
1194 1741
1194 1832
1194 1964
1194 2107
1194 2212
1194 2251
1194 2649
1194 2687
1194 3027
1194 3496
1194 3756
1194 3832
1194 4750
1194 4857
1195 1418
1195 1495
1195 1566
1195 1679
1195 1798
1195 2287
1195 2557
1195 2742
1195 3033
1195 3239
1195 3281
1195 3352
1195 3640
1195 4168
1195 4645
1196 1366
1196 1564
1196 1661
1196 2193
1196 2753
1196 3075
1196 3629
1196 3799
1196 4486
1196 4652
1197 1653
1197 1696
1197 2024
1197 2389
1197 2675
1197 2678
1197 2905
1197 3554
1197 4390
1197 4525
1197 4531
1198 1434
1198 1587
1198 1799
1198 2738
1198 3159
1198 4223
1198 4236
1198 4357
1198 4602
1198 4683
1198 4875
1198 4877
1198 4891
1198 4991
1199 1288
1199 1351
1199 1853
1199 2306
1199 2364
1199 2786
1199 2955
1199 3222
1199 3731
1199 4102
1199 4284
1199 4651
1199 4654
1200 1609
1200 1745
1200 2389
1200 2400
1200 2819
1200 3673
1200 3822
1200 4335
1200 4336
1200 4559
1201 1262
1201 1925
1201 2880
1201 3539
1201 4061
1201 4263
1201 4421
1201 4448
1201 4469
1201 4820
1201 4840
1201 4863
1202 1225
1202 1368
1202 1382
1202 1719
1202 2468
1202 2795
1202 2848
1202 3135
1202 3418
1202 4153
1202 4222
1202 4798
1202 4808
1202 4884
1203 1825
1203 1860
1203 2584
1203 2881
1203 3012
1203 3046
1203 3254
1203 3338
1203 3613
1203 4022
1203 4346
1204 1617
1204 2516
1204 2989
1204 3320
1204 3664
1204 3691
1204 4225
1204 4548
1205 1353
1205 1450
1205 1532
1205 1923
1205 2172
1205 2558
1205 2909
1205 3079
1205 3110
1205 3321
1205 3658
1205 3868
1205 4349
1206 1274
1206 1428
1206 1463
1206 1766
1206 2079
1206 2114
1206 2820
1206 2841
1206 3024
1206 3073
1206 3535
1206 3624
1206 3653
1206 3706
1206 3707
1206 4172
1206 4630
1206 4698
1206 4867
1207 1299
1207 1450
1207 2218
1207 2715
1207 2730
1207 3525
1207 3809
1207 3858
1207 4316
1207 4845
1208 1675
1208 2193
1208 2383
1208 2811
1208 3127
1208 3178
1208 3499
1208 3739
1208 3835
1208 4037
1208 4288
1209 1506
1209 1780
1209 2086
1209 2152
1209 2229
1209 2343
1209 2390
1209 2965
1209 3555
1209 3585
1209 3700
1209 3730
1209 3858
1209 3969
1209 4009
1209 4189
1209 4716
1209 4965
1210 1833
1210 1926
1210 2206
1210 2300
1210 2389
1210 2748
1210 2822
1210 2962
1210 3098
1210 3372
1210 4312
1210 4502
1210 4602
1210 4645
1210 4709
1211 2507
1211 3170
1211 3235
1211 3695
1211 3787
1211 4068
1211 4100
1211 4240
1211 4314
1211 4643
1211 4840
1212 1814
1212 2069
1212 2266
1212 2406
1212 2646
1212 2938
1212 2947
1212 3047
1212 3439
1212 3777
1212 4425
1212 4645
1212 4864
1213 2464
1213 2603
1213 3169
1213 3574
1213 3619
1213 3989
1213 4037
1213 4058
1213 4192
1214 1440
1214 1567
1214 1696
1214 1715
1214 2146
1214 2151
1214 2153
1214 2264
1214 2438
1214 2690
1214 3024
1214 3176
1214 4110
1214 4240
1214 4350
1214 4772
1215 1522
1215 1541
1215 2311
1215 2492
1215 2718
1215 2763
1215 3188
1215 3400
1215 4593
1215 4737
1215 4980
1216 1329
1216 1727
1216 1985
1216 2791
1216 2828
1216 3941
1216 4001
1216 4021
1216 4120
1216 4396
1216 4642
1216 4732
1217 1288
1217 2014
1217 2485
1217 2492
1217 2621
1217 3174
1217 4171
1217 4548
1218 1304
1218 1690
1218 1849
1218 1902
1218 2262
1218 2366
1218 2694
1218 2956
1218 3110
1218 3263
1218 3656
1218 4105
1218 4647
1218 4861
1219 1584
1219 2185
1219 2247
1219 3059
1219 3225
1219 3362
1219 3509
1219 3726
1219 4854
1220 1369
1220 1379
1220 1422
1220 1866
1220 2066
1220 2121
1220 2456
1220 2614
1220 3231
1220 3254
1220 3520
1220 3641
1220 4089
1220 4211
1220 4519
1220 4703
1221 1583
1221 1994
1221 2471
1221 2589
1221 2772
1221 2848
1221 2949
1221 2968
1221 3083
1221 3145
1221 3469
1221 3692
1221 3778
1222 1231
1222 1267
1222 1272
1222 1361
1222 1392
1222 1733
1222 2217
1222 2236
1222 2711
1222 2715
1222 2969
1222 3036
1222 3620
1222 3801
1222 4058
1222 4226
1222 4929
1222 4967
1223 1433
1223 1537
1223 2263
1223 2586
1223 2605
1223 2836
1223 2915
1223 3123
1223 3124
1223 3867
1223 4346
1223 4497
1223 4677
1223 4714
1224 1416
1224 2242
1224 3026
1224 3088
1224 3402
1224 3976
1224 4554
1224 4889
1225 1251
1225 1295
1225 1693
1225 2051
1225 2778
1225 3054
1225 3971
1225 4299
1225 4658
1225 4753
1226 1292
1226 1407
1226 2368
1226 2450
1226 3037
1227 1384
1227 1400
1227 2332
1227 2709
1227 2796
1227 3125
1227 4655
1227 4932
1228 1359
1228 1659
1228 2253
1228 2606
1228 3060
1228 3504
1228 3827
1228 3919
1228 4303
1228 4330
1228 4429
1229 1819
1229 2830
1229 3124
1229 3157
1229 3357
1229 3853
1229 4196
1229 4449
1230 1416
1230 1714
1230 2317
1230 2596
1230 2735
1230 3341
1230 3460
1230 4429
1230 4818
1231 1469
1231 2087
1231 2268
1231 2619
1231 3048
1231 3310
1231 3533
1231 3895
1231 3987
1231 4341
1231 4865
1231 4879
1231 4880
1232 1900
1232 1964
1232 2021
1232 2252
1232 2410
1232 2495
1232 2604
1232 3489
1232 4033
1232 4076
1232 4643
1233 1242
1233 2304
1233 2609
1233 3020
1233 3256
1233 3355
1233 3613
1233 3834
1233 4234
1233 4519
1233 4705
1233 4834
1234 1510
1234 1782
1234 1987
1234 3599
1234 3958
1234 4296
1234 4364
1235 1607
1235 1811
1235 1926
1235 1957
1235 2269
1235 2272
1235 2337
1235 3363
1235 3861
1235 3956
1235 4032
1235 4262
1235 4444
1235 4773
1235 4901
1236 1367
1236 1733
1236 2423
1236 2446
1236 3416
1236 3840
1236 3948
1236 4092
1236 4359
1236 4430
1236 4564
1236 4658
1236 4883
1237 2138
1237 2321
1237 2576
1237 2869
1237 3082
1237 3989
1238 1491
1238 1958
1238 2231
1238 2286
1238 3463
1238 3851
1238 4469
1239 1879
1239 2298
1239 2629
1239 2862
1239 3044
1239 4032
1239 4185
1239 4910
1240 2198
1240 2373
1240 2579
1240 3023
1240 3132
1240 3449
1240 3625
1240 3638
1240 3677
1240 3747
1240 3921
1240 4594
1240 4610
1240 4895
1240 4929
1241 1245
1241 1808
1241 2036
1241 2279
1241 2656
1241 4074
1241 4145
1241 4300
1242 1908
1242 2853
1242 2874
1242 2949
1242 4257
1242 4469
1242 4650
1242 4674
1242 4958
1242 4975
1243 1929
1243 2141
1243 2290
1243 2371
1243 2398
1243 2591
1243 2665
1243 2708
1243 2837
1243 3504
1243 4147
1243 4212
1243 4355
1243 4505
1244 1903
1244 2235
1244 2552
1244 2806
1244 3210
1244 3227
1244 3230
1244 3436
1244 4065
1244 4668
1244 4728
1244 4815
1244 4880
1245 1915
1245 1991
1245 2105
1245 2266
1245 2278
1245 2374
1245 2628
1245 2758
1245 2817
1245 3263
1245 3693
1245 4206
1246 1475
1246 1561
1246 1567
1246 1778
1246 1862
1246 1968
1246 2254
1246 2517
1246 2617
1246 2954
1246 2995
1246 3147
1246 3354
1246 3527
1246 3610
1246 3792
1246 4073
1246 4250
1246 4366
1246 4855
1247 1252
1247 1328
1247 1683
1247 2019
1247 2150
1247 2785
1247 2897
1247 2923
1247 3523
1247 3686
1247 4210
1247 4627
1247 4805
1248 1259
1248 1313
1248 2839
1248 2888
1248 2922
1248 3105
1248 3604
1248 3610
1248 3648
1248 3677
1248 4190
1248 4446
1249 1478
1249 1879
1249 1884
1249 2384
1249 2826
1249 3141
1249 3509
1249 3945
1249 4317
1250 1840
1250 2404
1250 2522
1250 2607
1250 2962
1250 3371
1250 4101
1250 4408
1250 4416
1250 4681
1251 1394
1251 1840
1251 1931
1251 2394
1251 2426
1251 2517
1251 2596
1251 2608
1251 2760
1251 3023
1251 3237
1251 3877
1251 3945
1251 4074
1251 4266
1251 4407
1251 4850
1252 1413
1252 1551
1252 1621
1252 1947
1252 2170
1252 2670
1252 2686
1252 2893
1252 3281
1252 3548
1253 1923
1253 2127
1253 2788
1253 3661
1253 3742
1253 3759
1253 4622
1253 4914
1254 2089
1254 2098
1254 2274
1254 3013
1254 3484
1254 3494
1254 3578
1254 3867
1254 4652
1255 2420
1255 2501
1255 2587
1255 3636
1255 3676
1255 4209
1255 4414
1256 1301
1256 1467
1256 1590
1256 1916
1256 2823
1256 2856
1256 3032
1256 3108
1256 3123
1256 3528
1256 3803
1256 4246
1256 4291
1256 4544
1257 1576
1257 1590
1257 1916
1257 2171
1257 2472
1257 2605
1257 3477
1257 4216
1257 4311
1257 4316
1257 4394
1257 4616
1257 4628
1257 4907
1258 1405
1258 1496
1258 1672
1258 2036
1258 2104
1258 2391
1258 2561
1258 2830
1258 3040
1258 3416
1258 3907
1258 3952
1258 4410
1258 4423
1258 4661
1259 1573
1259 3000
1259 3118
1259 3139
1259 3214
1259 3360
1259 3438
1259 3452
1259 3751
1259 3843
1259 4117
1259 4336
1259 4719
1259 4837
1260 1674
1260 1686
1260 1964
1260 2227
1260 2468
1260 2515
1260 2595
1260 2765
1260 2980
1260 3103
1260 3419
1260 3549
1260 3586
1260 4909
1261 1597
1261 1844
1261 1846
1261 2477
1261 2872
1261 2949
1261 3485
1261 4020
1261 4256
1261 4457
1261 4582
1262 1653
1262 1656
1262 1911
1262 2033
1262 2167
1262 2689
1262 3138
1262 3693
1262 3751
1262 4083
1262 4332
1263 2191
1263 2345
1263 2926
1263 2927
1263 3148
1263 3221
1263 3706
1263 4197
1263 4198
1263 4608
1263 4811
1263 4904
1264 1475
1264 2083
1264 2157
1264 2656
1264 2819
1264 3411
1264 3777
1264 3952
1264 4244
1264 4469
1264 4640
1265 1538
1265 1966
1265 2432
1265 2575
1265 2616
1265 2672
1265 3075
1265 3742
1265 3911
1266 1346
1266 1457
1266 1600
1266 1850
1266 2444
1266 2627
1266 2762
1266 2991
1266 3044
1266 3095
1266 3134
1266 3853
1266 4173
1266 4319
1266 4504
1266 4827
1266 4833
1267 1335
1267 1670
1267 1982
1267 2350
1267 2560
1267 2590
1267 2928
1267 3067
1267 3117
1267 3386
1267 3531
1267 3655
1267 3686
1267 4351
1267 4353
1267 4401
1267 4423
1267 4549
1268 1277
1268 1487
1268 1521
1268 1576
1268 1586
1268 2547
1268 3833
1268 4083
1268 4209
1268 4246
1269 1418
1269 1750
1269 2071
1269 2111
1269 2140
1269 2798
1269 2949
1269 4123
1269 4278
1269 4509
1269 4995
1270 1310
1270 1898
1270 1904
1270 2040
1270 2143
1270 2293
1270 3416
1270 4155
1270 4344
1270 4643
1270 4680
1271 1420
1271 1717
1271 2243
1271 3237
1271 3321
1271 3331
1271 3339
1271 3384
1271 3455
1271 3482
1271 3493
1271 3801
1271 3840
1271 4275
1271 4412
1271 4810
1272 1664
1272 2078
1272 2979
1272 3202
1272 3500
1272 3555
1272 3753
1272 4280
1272 4390
1272 4503
1272 4708
1272 4864
1272 4948
1273 1574
1273 1744
1273 2372
1273 2424
1273 2468
1273 2474
1273 2884
1273 3162
1273 3190
1273 3204
1273 3278
1273 3596
1273 3610
1273 4244
1273 4763
1273 4928
1274 1629
1274 1858
1274 2103
1274 2311
1274 2506
1274 2716
1274 3003
1274 3059
1274 3703
1274 3775
1274 4301
1274 4484
1275 1604
1275 2395
1275 2671
1275 2749
1275 2954
1275 3878
1275 4047
1275 4686
1275 4948
1275 4960
1276 1696
1276 1769
1276 1786
1276 1910
1276 3329
1276 3337
1276 3377
1276 3384
1276 3516
1276 3769
1276 3818
1276 3850
1276 3866
1276 3975
1276 4806
1277 1458
1277 1737
1277 1905
1277 1987
1277 2451
1277 2993
1277 3394
1277 3619
1277 3954
1277 4204
1277 4561
1277 4999
1278 1811
1278 2401
1278 2589
1278 2916
1278 3402
1278 4072
1278 4213
1278 4439
1278 4577
1278 4774
1279 1473
1279 1827
1279 2053
1279 2169
1279 2490
1279 2645
1279 2695
1279 2745
1279 2830
1279 3198
1279 3388
1279 4789
1280 2265
1280 2763
1280 3058
1280 3303
1280 3542
1280 3617
1280 3831
1280 4259
1280 4688
1280 4766
1280 4978
1281 1745
1281 1840
1281 2045
1281 2468
1281 2979
1281 3346
1281 3900
1281 3973
1281 4105
1281 4479
1281 4822
1281 4829
1281 4900
1282 2507
1282 3144
1282 3338
1282 3357
1282 3425
1282 3955
1282 4248
1282 4493
1282 4762
1283 1901
1283 2009
1283 2296
1283 2375
1283 2590
1283 2663
1283 3470
1283 4399
1283 4549
1283 4627
1284 1467
1284 1916
1284 2332
1284 2436
1284 2891
1284 3593
1284 4036
1284 4242
1284 4308
1284 4431
1284 4449
1284 4460
1284 4555
1284 4804
1285 1829
1285 2427
1285 2566
1285 2686
1285 2755
1285 2829
1285 2910
1285 3087
1285 3477
1285 4502
1285 4657
1285 4959
1286 1724
1286 1729
1286 2076
1286 2156
1286 2233
1286 2237
1286 2572
1286 2750
1286 2930
1286 4434
1286 4973
1287 1588
1287 1673
1287 2623
1287 2996
1287 3048
1287 3371
1287 3428
1287 3928
1287 4460
1287 4734
1288 1698
1288 1798
1288 2017
1288 2401
1288 2510
1288 2919
1288 3151
1288 3513
1288 4076
1288 4845
1288 4911
1288 4977
1289 1879
1289 1978
1289 2430
1289 3812
1289 4242
1289 4469
1289 4531
1289 4796
1290 1709
1290 2464
1290 2677
1290 2752
1290 2903
1290 3027
1290 3665
1291 1894
1291 2030
1291 2491
1291 2630
1291 2675
1291 2942
1291 4477
1291 4843
1292 1401
1292 1602
1292 1617
1292 1938
1292 2016
1292 2775
1292 2845
1292 3942
1292 4163
1292 4862
1292 4898
1292 4945
1293 1506
1293 1778
1293 1900
1293 1977
1293 2034
1293 2179
1293 2256
1293 2607
1293 2668
1293 2799
1293 3045
1293 3243
1293 3317
1293 3395
1293 3797
1293 3933
1293 4047
1293 4398
1294 1823
1294 1910
1294 2148
1294 2718
1294 3165
1294 3376
1294 3401
1294 3811
1294 3815
1294 4314
1294 4555
1295 2192
1295 2248
1295 2266
1295 3460
1295 4073
1295 4316
1295 4629
1296 1527
1296 1926
1296 2360
1296 2527
1296 2584
1296 3308
1296 3358
1296 3576
1296 4025
1297 1505
1297 1717
1297 1895
1297 2391
1297 2481
1297 2879
1297 2883
1297 3151
1297 3349
1297 3816
1297 3920
1297 4083
1297 4094
1297 4401
1297 4518
1298 1315
1298 1426
1298 1474
1298 1741
1298 1779
1298 2439
1298 2579
1298 2915
1298 3280
1298 3737
1298 3944
1298 4226
1298 4437
1298 4556
1298 4612
1299 2158
1299 2229
1299 2613
1299 2620
1299 3025
1299 3036
1299 3144
1299 3146
1299 3561
1299 3585
1299 4205
1300 1371
1300 2661
1300 3268
1300 3380
1300 4039
1300 4392
1300 4903
1301 1593
1301 1762
1301 1864
1301 2021
1301 2097
1301 2598
1301 3604
1301 3612
1301 4206
1301 4419
1301 4583
1301 4608
1301 4626
1301 4980
1302 1429
1302 1492
1302 1515
1302 1789
1302 1823
1302 2022
1302 2191
1302 2995
1302 3305
1302 3543
1302 4081
1302 4257
1302 4352
1303 1808
1303 1922
1303 2205
1303 2770
1303 3395
1303 3921
1303 4090
1303 4309
1303 4399
1303 4921
1304 1327
1304 2137
1304 2413
1304 2604
1304 3145
1304 3339
1304 3350
1304 3598
1304 3728
1304 4058
1304 4493
1304 4555
1304 4639
1305 1346
1305 1397
1305 1463
1305 1702
1305 1748
1305 1946
1305 2070
1305 2143
1305 2497
1305 2935
1305 2972
1305 3652
1305 3823
1305 3996
1305 4761
1305 4825
1305 4857
1305 4886
1306 1347
1306 1426
1306 1725
1306 2581
1306 2680
1306 2805
1306 3209
1306 3267
1306 3766
1306 3905
1306 3910
1306 4088
1306 4405
1306 4425
1307 1973
1307 2005
1307 2263
1307 3190
1307 3326
1307 3662
1307 3916
1307 4414
1307 4786
1308 1655
1308 1762
1308 2013
1308 2306
1308 2780
1308 2786
1308 3280
1308 3704
1308 3782
1308 4168
1308 4199
1308 4266
1308 4578
1308 4968
1309 1522
1309 1658
1309 1918
1309 1991
1309 2373
1309 2434
1309 2762
1309 3277
1309 3421
1309 3572
1309 4161
1310 1323
1310 1604
1310 1721
1310 1774
1310 2153
1310 2329
1310 3153
1310 3169
1310 3383
1310 3550
1310 4036
1310 4187
1310 4214
1310 4276
1310 4427
1311 1333
1311 2848
1311 2871
1311 3099
1311 3741
1311 4980
1312 1714
1312 1835
1312 2444
1312 2797
1312 3222
1312 3401
1312 4649
1313 1337
1313 1584
1313 1613
1313 1658
1313 3019
1313 3394
1313 3474
1313 3564
1313 3636
1313 4481
1313 4581
1313 4870
1314 1436
1314 1472
1314 1510
1314 1539
1314 1814
1314 2196
1314 2422
1314 2485
1314 2772
1314 2920
1314 3121
1314 3530
1314 3635
1314 4318
1314 4357
1314 4717
1314 4858
1315 1409
1315 2169
1315 2179
1315 2363
1315 2548
1315 2631
1315 2677
1315 2711
1315 2875
1315 3417
1315 4039
1315 4480
1315 4523
1315 4563
1315 4743
1316 1521
1316 1763
1316 1825
1316 2934
1316 3539
1316 3721
1316 4247
1317 2026
1317 2093
1317 2201
1317 3490
1317 3505
1317 3811
1317 4178
1317 4184
1317 4460
1317 4480
1318 1366
1318 2186
1318 3430
1318 3905
1318 4292
1318 4393
1318 4427
1318 4497
1319 1514
1319 2280
1319 2527
1319 2659
1319 2779
1319 3608
1319 3905
1319 4091
1319 4308
1319 4340
1319 4512
1319 4674
1319 4757
1320 1587
1320 2043
1320 2218
1320 2354
1320 2688
1320 2694
1320 3053
1320 3525
1320 3610
1320 3923
1320 4534
1320 4555
1320 4575
1321 1507
1321 1535
1321 2126
1321 2784
1321 3599
1321 4151
1321 4444
1321 4589
1321 4768
1322 1338
1322 1361
1322 2015
1322 2819
1322 3228
1322 3229
1322 3759
1322 4787
1322 4861
1322 4880
1322 4892
1322 4992
1323 1467
1323 1707
1323 1898
1323 2503
1323 2903
1323 4162
1323 4711
1324 1514
1324 1552
1324 1594
1324 1643
1324 1726
1324 2028
1324 2030
1324 2364
1324 3121
1324 4231
1324 4338
1324 4762
1325 1552
1325 2893
1325 3029
1325 3031
1325 3716
1325 4681
1325 4696
1325 4736
1325 4812
1326 1716
1326 1803
1326 2438
1326 3849
1326 3995
1326 4070
1326 4268
1326 4592
1326 4739
1326 4753
1326 4903
1327 1553
1327 2028
1327 2154
1327 3048
1327 3322
1327 3403
1327 3487
1327 3619
1327 3659
1327 3774
1327 3876
1327 3895
1327 3976
1327 4079
1327 4092
1327 4691
1327 4935
1327 4967
1328 1443
1328 1489
1328 1521
1328 2103
1328 2266
1328 2350
1328 2587
1328 2799
1328 3122
1328 3769
1328 3932
1328 3975
1328 4719
1329 1626
1329 2091
1329 2389
1329 2782
1329 2835
1329 2917
1329 3410
1329 3773
1329 4138
1329 4927
1330 1643
1330 1845
1330 2262
1330 2447
1330 2504
1330 2735
1330 3368
1330 3741
1330 4004
1330 4240
1330 4279
1330 4397
1330 4590
1331 2138
1331 2169
1331 2195
1331 2620
1331 3028
1331 3211
1331 3273
1331 3386
1331 3486
1331 3873
1331 4249
1331 4789
1332 1360
1332 1431
1332 1440
1332 1535
1332 1652
1332 1670
1332 1836
1332 2191
1332 2749
1332 2980
1332 4262
1332 4317
1332 4508
1332 4528
1333 1740
1333 2813
1333 3310
1333 3766
1333 3932
1333 4070
1333 4286
1333 4944
1334 1398
1334 1832
1334 1960
1334 1978
1334 2235
1334 2310
1334 2690
1334 3140
1334 3210
1334 3329
1334 3579
1334 3643
1334 4257
1334 4267
1334 4610
1334 4795
1334 4927
1335 1517
1335 1808
1335 1818
1335 1892
1335 2109
1335 2326
1335 2498
1335 2805
1335 3143
1335 3468
1335 3714
1335 4579
1335 4658
1335 4659
1335 4738
1335 4923
1336 1356
1336 1518
1336 1616
1336 2039
1336 2064
1336 2392
1336 2430
1336 2471
1336 2864
1336 3341
1336 3618
1336 4812
1337 1528
1337 1747
1337 1862
1337 2067
1337 2337
1337 2378
1337 2394
1337 3124
1337 3636
1337 3761
1337 4477
1337 4486
1337 4597
1337 4926
1338 2712
1338 3334
1338 4186
1338 4372
1338 4588
1339 2000
1339 2312
1339 2340
1339 2714
1339 2741
1339 3010
1339 3304
1339 3363
1339 3642
1339 3970
1339 4082
1339 4237
1339 4280
1339 4655
1339 4781
1340 1599
1340 1904
1340 2054
1340 2230
1340 2823
1340 2841
1340 2877
1340 2924
1340 3310
1340 3777
1340 3948
1340 4414
1340 4454
1340 4677
1341 2186
1341 2450
1341 2759
1341 2982
1341 3188
1341 3258
1341 3649
1341 3962
1341 4009
1341 4311
1341 4347
1341 4639
1341 4655
1341 4978
1342 2298
1342 2432
1342 2704
1342 3211
1342 3320
1342 3572
1342 4225
1342 4276
1342 4775
1342 4815
1343 1658
1343 1879
1343 2293
1343 2416
1343 2588
1343 2679
1343 2854
1343 2996
1343 3622
1343 4247
1343 4530
1343 4877
1344 1768
1344 2926
1344 3045
1344 3427
1344 3829
1345 1667
1345 1806
1345 1915
1345 1930
1345 1959
1345 2734
1345 3079
1345 3743
1345 4066
1345 4351
1345 4679
1345 4886
1346 1547
1346 1833
1346 1888
1346 2073
1346 2761
1346 2764
1346 3886
1346 4108
1346 4158
1346 4521
1346 4748
1347 1654
1347 1770
1347 2017
1347 2268
1347 2667
1347 2908
1347 3120
1347 3163
1347 3266
1347 3341
1347 3491
1347 3816
1347 3873
1347 3945
1347 4297
1347 4595
1348 1742
1348 1955
1348 2191
1348 2718
1348 3022
1348 3395
1348 3437
1348 3461
1348 3636
1348 3845
1348 4009
1348 4218
1348 4240
1348 4280
1348 4877
1349 1443
1349 1744
1349 2000
1349 2597
1349 2663
1349 2737
1349 2876
1349 3434
1349 3634
1349 4136
1350 1829
1350 2556
1350 2756
1350 3442
1350 3746
1350 3806
1350 3877
1350 4760
1350 4916
1351 1546
1351 1578
1351 1782
1351 1901
1351 2674
1351 4773
1351 4984
1352 1835
1352 2259
1352 2337
1352 2366
1352 2566
1352 3073
1352 3078
1352 3740
1352 3835
1352 4426
1352 4655
1352 4805
1352 4833
1353 1787
1353 2724
1353 2806
1353 2854
1353 3307
1353 3988
1353 4303
1353 4454
1353 4551
1353 4902
1354 1359
1354 1375
1354 1528
1354 1626
1354 2268
1354 2906
1354 3187
1354 3272
1354 3336
1354 3360
1354 3648
1354 3667
1354 3956
1354 4179
1354 4407
1355 1622
1355 1810
1355 1906
1355 3269
1355 4255
1355 4482
1356 1685
1356 2190
1356 2281
1356 2384
1356 2442
1356 3297
1356 3678
1356 3704
1356 3849
1356 4154
1356 4199
1356 4211
1357 2421
1357 2455
1357 2466
1357 2879
1357 2932
1357 3112
1357 3113
1357 3310
1357 3893
1357 3979
1357 4243
1357 4666
1358 1863
1358 2099
1358 2140
1358 2172
1358 3181
1358 3221
1358 3387
1358 3422
1358 3713
1358 3953
1358 4079
1358 4236
1358 4312
1358 4556
1358 4767
1359 1575
1359 1838
1359 2338
1359 2381
1359 2433
1359 3233
1359 3234
1359 3676
1359 3698
1359 4206
1359 4463
1359 4476
1359 4954
1360 1380
1360 1563
1360 1568
1360 1786
1360 1793
1360 2279
1360 2592
1360 2877
1360 2982
1360 3176
1360 3288
1360 3482
1360 3618
1360 4103
1360 4249
1360 4384
1360 4646
1360 4693
1360 4961
1360 4969
1361 1572
1361 1664
1361 1717
1361 1943
1361 3142
1361 3277
1361 4067
1361 4394
1361 4562
1362 2032
1362 2097
1362 2685
1362 2791
1362 2884
1362 3674
1362 4105
1362 4228
1362 4558
1362 4572
1362 4632
1362 4783
1362 4982
1363 1511
1363 1623
1363 1946
1363 2492
1363 2934
1363 3252
1363 3336
1363 3378
1363 3467
1363 3580
1363 4355
1363 4453
1364 1456
1364 2576
1364 2997
1364 3132
1364 3708
1364 3879
1365 1433
1365 1832
1365 1920
1365 1978
1365 2797
1365 3487
1365 3539
1365 3679
1365 4125
1365 4256
1365 4607
1365 4888
1365 4923
1366 1437
1366 1567
1366 1617
1366 1682
1366 2641
1366 2671
1366 2726
1366 2736
1366 3357
1366 3429
1366 3460
1366 3756
1366 3762
1367 1641
1367 1645
1367 1830
1367 2259
1367 2458
1367 2869
1367 3051
1367 3067
1367 3093
1367 3461
1367 3547
1367 4134
1367 4934
1367 4970
1367 4991
1368 1379
1368 1893
1368 3265
1368 3487
1368 3830
1368 4565
1368 4649
1368 4843
1368 4889
1369 1664
1369 1902
1369 2070
1369 2608
1369 2626
1369 2939
1369 4047
1370 1384
1370 1795
1370 2614
1370 2959
1370 3898
1370 3965
1370 4370
1370 4495
1371 1572
1371 1864
1371 1940
1371 2005
1371 2626
1371 2860
1371 3576
1371 4051
1371 4092
1371 4394
1371 4942
1372 1848
1372 2336
1372 2471
1372 2546
1372 4225
1372 4464
1373 1574
1373 1577
1373 1603
1373 1622
1373 1689
1373 2173
1373 2417
1373 2429
1373 2973
1373 3048
1373 3067
1373 4084
1373 4404
1374 1564
1374 2069
1374 2505
1374 2773
1374 3028
1374 3299
1374 3761
1374 3790
1374 3979
1374 4380
1375 1391
1375 1449
1375 1900
1375 2180
1375 2479
1375 2824
1375 3311
1375 3369
1375 3436
1375 3869
1375 4141
1375 4143
1375 4278
1375 4375
1375 4856
1376 1417
1376 1428
1376 1687
1376 1688
1376 1781
1376 2320
1376 2742
1376 3218
1376 3908
1376 3976
1376 4323
1376 4441
1377 1509
1377 1787
1377 2472
1377 2538
1377 2922
1377 2939
1377 3281
1377 3430
1377 3548
1377 3604
1377 4068
1378 3601
1378 3612
1378 4672
1379 1999
1379 2068
1379 2118
1379 2373
1379 2390
1379 2403
1379 2943
1379 3052
1379 3304
1379 3751
1379 4345
1380 2793
1380 2828
1380 3204
1380 4347
1381 1400
1381 1414
1381 1621
1381 1812
1381 2492
1381 2530
1381 2658
1381 2876
1381 2954
1381 3230
1381 3556
1381 4071
1381 4800
1381 4888
1381 4953
1382 1704
1382 2578
1382 2756
1382 2809
1382 2938
1382 3840
1382 4039
1382 4335
1383 2126
1383 3335
1383 3730
1383 3758
1383 4263
1383 4285
1383 4400
1383 4540
1383 4602
1383 4787
1384 1397
1384 1460
1384 1607
1384 1766
1384 2134
1384 2339
1384 2536
1384 2623
1384 2803
1384 2883
1384 3514
1384 3750
1384 3961
1384 4394
1384 4621
1384 4642
1384 4725
1385 1706
1385 2060
1385 2688
1385 2738
1385 3523
1385 3721
1385 4270
1385 4423
1386 1925
1386 2569
1386 2959
1386 3184
1386 3232
1386 4201
1386 4295
1386 4793
1387 1868
1387 2104
1387 2891
1387 2994
1387 3274
1387 3586
1387 4247
1387 4668
1388 1721
1388 1971
1388 2086
1388 2909
1388 2962
1388 3144
1388 3283
1388 3585
1388 3658
1388 4058
1388 4059
1388 4087
1388 4254
1388 4809
1389 1718
1389 2368
1389 2442
1389 2497
1389 3133
1389 3329
1389 3635
1389 4054
1390 1751
1390 1763
1390 2358
1390 3501
1390 3559
1390 3788
1390 3953
1390 4139
1390 4267
1390 4623
1390 4724
1391 2006
1391 2727
1391 2816
1391 3255
1391 4456
1391 4624
1392 1603
1392 1956
1392 2097
1392 2187
1392 2544
1392 2628
1392 2651
1392 2736
1392 2858
1392 3227
1392 3236
1392 3258
1392 3346
1392 3474
1392 3903
1392 3978
1392 3999
1392 4253
1392 4599
1392 4821
1393 1505
1393 1766
1393 1844
1393 2461
1393 3056
1393 3379
1393 3717
1393 4094
1393 4113
1393 4457
1394 1895
1394 2268
1394 2293
1394 2342
1394 2491
1394 2826
1394 2883
1394 2978
1394 3307
1394 3493
1394 3767
1394 4579
1394 4647
1394 4710
1395 2177
1395 2275
1395 2338
1395 2781
1395 3081
1395 3692
1395 4134
1395 4188
1395 4411
1396 1895
1396 1912
1396 2242
1396 3081
1396 3917
1396 4167
1396 4884
1397 1991
1397 2033
1397 2304
1397 2696
1397 2997
1397 3124
1397 3216
1397 3499
1397 3715
1397 4051
1397 4052
1397 4344
1397 4398
1397 4810
1397 4855
1398 1485
1398 1556
1398 1953
1398 2356
1398 2448
1398 3109
1398 3112
1398 3209
1398 3246
1398 3417
1398 3676
1398 3809
1398 3817
1398 4028
1398 4837
1399 1500
1399 1705
1399 1911
1399 1972
1399 2074
1399 2275
1399 2518
1399 3688
1399 4179
1399 4510
1399 4554
1399 4640
1399 4767
1400 1585
1400 1936
1400 2053
1400 2057
1400 2275
1400 3568
1400 3754
1400 4569
1401 1747
1401 1963
1401 2524
1401 2716
1401 2915
1401 3267
1401 3633
1401 3655
1401 3716
1401 4574
1401 4843
1401 4855
1402 1413
1402 1459
1402 1823
1402 1858
1402 2187
1402 2674
1402 2716
1402 3789
1402 3843
1402 4287
1403 1561
1403 1589
1403 1996
1403 2386
1403 2539
1403 2955
1403 3205
1403 3532
1403 3691
1403 3864
1403 3867
1403 3916
1403 4400
1403 4414
1403 4888
1404 1424
1404 1561
1404 1941
1404 4104
1404 4251
1404 4514
1404 4790
1404 4965
1405 1563
1405 1607
1405 1856
1405 2449
1405 2570
1405 2966
1405 3088
1405 3271
1405 3646
1405 3672
1405 3735
1405 4124
1405 4447
1405 4654
1405 4819
1405 4856
1406 1743
1406 2425
1406 2750
1406 2866
1406 2953
1406 3242
1406 3363
1406 3700
1406 4312
1406 4322
1407 1877
1407 2142
1407 2669
1407 3487
1407 4116
1407 4635
1407 4648
1408 1426
1408 2333
1408 2335
1408 2840
1408 3386
1408 3564
1408 3861
1408 4411
1409 1451
1409 1595
1409 2017
1409 2074
1409 2231
1409 3054
1409 3061
1409 3096
1409 3153
1409 3487
1409 3495
1409 4585
1409 4699
1410 1486
1410 1700
1410 1843
1410 2056
1410 3233
1410 3952
1410 3997
1410 4015
1410 4171
1410 4687
1411 2004
1411 2265
1411 2302
1411 2338
1411 2494
1411 2710
1411 2840
1411 2878
1411 3517
1411 4136
1411 4221
1411 4498
1411 4582
1411 4860
1412 1502
1412 1511
1412 1695
1412 1821
1412 1827
1412 1854
1412 2717
1412 3612
1412 3666
1412 3805
1412 3923
1412 4541
1412 4677
1412 4885
1413 1797
1413 1822
1413 2053
1413 2151
1413 2287
1413 2350
1413 3559
1413 3727
1413 3732
1413 3836
1413 3916
1413 4252
1413 4427
1413 4519
1413 4658
1414 1849
1414 1981
1414 2483
1414 2552
1414 2734
1414 2879
1414 2967
1414 3082
1414 3215
1414 3603
1414 3880
1414 4114
1414 4181
1414 4390
1414 4628
1414 4718
1414 4762
1415 1630
1415 1654
1415 1765
1415 1811
1415 1857
1415 2026
1415 2612
1415 3153
1415 3162
1415 4361
1415 4705
1415 4883
1416 1703
1416 2281
1416 2300
1416 2834
1416 3394
1416 3537
1416 3827
1416 3868
1416 4390
1416 4692
1417 1456
1417 2153
1417 2251
1417 2747
1417 3253
1417 4321
1417 4628
1417 4796
1417 4907
1418 1524
1418 1557
1418 1756
1418 1802
1418 2511
1418 2703
1418 2769
1418 3435
1418 3585
1418 4218
1418 4350
1418 4916
1419 1790
1419 2223
1419 3657
1419 4246
1419 4320
1419 4446
1419 4476
1419 4649
1419 4683
1419 4951
1420 1739
1420 1757
1420 1887
1420 2278
1420 2411
1420 2656
1420 2668
1420 2902
1420 3021
1420 3209
1420 3535
1420 3763
1420 3801
1420 4582
1420 4804
1421 1728
1421 1755
1421 1789
1421 1908
1421 1981
1421 2290
1421 3349
1421 3443
1421 3776
1421 4009
1421 4243
1421 4324
1421 4331
1421 4567
1421 4649
1422 1563
1422 1568
1422 1631
1422 1704
1422 1753
1422 1767
1422 2024
1422 2563
1422 2636
1422 2858
1422 3299
1422 3835
1423 1945
1423 3026
1423 3688
1423 3861
1423 4382
1423 4633
1424 1513
1424 1571
1424 1702
1424 2262
1424 2289
1424 2314
1424 2549
1424 2559
1424 3252
1424 3304
1424 3420
1424 4772
1425 1532
1425 1550
1425 1586
1425 1595
1425 1627
1425 1786
1425 1915
1425 1942
1425 2894
1425 2933
1425 2963
1425 3327
1425 3768
1425 3997
1425 4283
1425 4354
1425 4606
1425 4869
1425 4972
1426 1689
1426 1810
1426 2182
1426 2439
1426 4051
1426 4075
1426 4425
1426 4897
1427 1451
1427 1673
1427 2408
1427 2469
1427 2817
1427 3357
1427 3508
1427 4780
1427 4835
1428 1713
1428 1998
1428 2258
1428 2423
1428 3469
1428 3677
1428 3771
1428 3790
1428 4128
1428 4293
1428 4345
1428 4494
1428 4781
1428 4784
1428 4788
1429 1794
1429 1832
1429 2249
1429 2669
1429 3467
1429 3721
1429 4182
1429 4316
1429 4636
1430 1435
1430 1747
1430 2537
1430 2650
1430 3118
1430 3298
1430 4131
1430 4197
1430 4304
1430 4448
1430 4484
1430 4635
1431 2462
1431 2632
1431 3047
1431 3715
1431 3884
1431 3900
1431 3935
1431 3972
1431 4177
1431 4183
1431 4299
1431 4338
1431 4694
1431 4775
1431 4888
1432 1486
1432 1968
1432 2490
1432 2997
1432 3111
1432 3421
1432 3679
1432 3958
1432 4360
1432 4888
1433 1647
1433 2235
1433 2406
1433 2484
1433 2629
1433 3185
1433 3216
1433 4235
1433 4315
1433 4437
1433 4896
1434 1543
1434 2944
1434 3013
1434 3036
1434 3050
1434 3484
1434 3734
1434 3747
1434 3789
1434 3807
1434 4229
1434 4418
1434 4572
1434 4900
1434 4940
1435 2115
1435 2474
1435 3368
1435 3488
1435 3499
1435 4730
1435 4734
1436 1485
1436 1571
1436 1894
1436 3796
1436 4975
1437 1457
1437 2332
1437 2455
1437 2728
1437 2846
1437 3108
1437 3549
1437 3753
1437 3780
1437 3988
1437 4409
1437 4492
1437 4675
1438 1676
1438 2010
1438 2230
1438 2310
1438 2693
1438 2948
1438 2958
1438 4094
1438 4100
1438 4384
1438 4466
1438 4682
1438 4726
1439 1807
1439 2129
1439 2155
1439 2195
1439 2261
1439 2522
1439 2897
1439 2978
1439 3000
1439 3874
1439 4035
1439 4109
1439 4162
1439 4494
1440 1622
1440 1713
1440 1758
1440 2161
1440 2367
1440 2828
1440 2847
1440 3105
1440 3549
1440 3800
1440 3972
1440 4552
1440 4705
1440 4934
1441 2256
1441 2826
1441 3115
1441 3785
1441 3879
1441 4087
1441 4572
1441 4718
1441 4765
1441 4851
1441 4978
1442 1639
1442 1728
1442 2060
1442 2262
1442 2674
1442 2693
1442 2946
1442 3554
1442 3576
1442 4295
1442 4359
1442 4508
1442 4726
1443 1651
1443 2552
1443 3312
1443 3313
1443 3601
1443 3635
1443 3994
1443 4231
1443 4389
1443 4554
1443 4848
1444 1668
1444 2288
1444 2385
1444 2498
1444 2773
1444 2961
1444 3193
1444 3650
1444 3830
1444 3929
1444 4054
1444 4102
1444 4841
1445 2174
1445 2288
1445 2559
1445 2901
1445 2945
1445 3034
1445 3076
1445 3086
1445 3340
1445 3630
1445 3758
1445 4347
1445 4451
1445 4930
1446 1527
1446 1695
1446 2297
1446 2400
1446 2731
1446 2786
1446 2884
1446 3201
1446 3268
1446 3847
1446 4339
1447 1766
1447 2186
1447 2249
1447 2488
1447 2719
1447 3512
1447 3635
1447 4154
1447 4558
1447 4630
1447 4702
1447 4724
1448 1666
1448 1932
1448 2178
1448 2238
1448 2612
1448 2736
1448 3181
1448 3359
1448 3368
1448 3531
1448 3586
1448 3623
1448 3680
1448 3688
1448 3882
1449 1599
1449 2384
1449 2740
1449 3162
1449 4343
1449 4975
1450 2533
1450 2648
1450 2806
1450 2983
1450 3567
1450 3857
1451 1763
1451 1825
1451 2152
1451 2218
1451 3196
1451 3357
1451 4056
1451 4379
1451 4858
1452 1788
1452 2578
1452 2985
1452 3009
1452 3099
1452 3512
1452 3924
1452 4067
1452 4078
1452 4531
1452 4676
1452 4948
1453 1638
1453 1884
1453 2123
1453 2889
1453 3146
1453 3395
1453 3651
1453 3713
1453 4066
1453 4425
1453 4555
1453 4605
1453 4839
1454 2588
1454 2874
1454 3463
1454 3956
1454 4166
1454 4490
1454 4560
1454 4712
1455 1514
1455 1548
1455 1622
1455 1873
1455 2160
1455 2205
1455 2807
1455 2897
1455 3327
1455 3347
1455 4116
1455 4146
1455 4406
1455 4506
1455 4598
1455 4625
1455 4657
1456 1643
1456 1659
1456 2461
1456 2688
1456 3022
1456 3168
1456 4017
1456 4225
1456 4440
1456 4527
1456 4661
1456 4692
1457 2240
1457 3666
1457 3727
1457 3747
1457 3798
1457 4368
1457 4646
1457 4679
1457 4692
1458 2001
1458 2646
1458 2816
1458 2987
1458 3058
1458 3264
1458 4209
1458 4552
1458 4574
1458 4592
1458 4645
1459 1583
1459 2017
1459 2176
1459 2320
1459 2617
1459 2841
1459 2906
1459 2943
1459 3567
1459 3614
1459 3729
1459 3839
1459 4074
1459 4303
1459 4308
1459 4365
1459 4579
1460 1787
1460 1997
1460 2277
1460 3081
1460 3191
1460 3457
1460 3883
1460 4423
1461 1661
1461 2393
1461 3951
1461 4758
1461 4955
1462 1728
1462 2056
1462 2269
1462 2775
1462 3069
1462 3146
1462 3192
1462 3209
1462 3538
1462 3567
1462 3638
1462 3718
1462 4299
1462 4337
1462 4357
1462 4452
1462 4524
1462 4556
1462 4728
1462 4739
1462 4797
1462 4981
1463 1600
1463 1615
1463 1632
1463 1806
1463 2050
1463 2630
1463 2672
1463 2931
1463 2951
1463 3057
1463 3161
1463 3366
1463 3654
1463 3731
1463 3919
1463 3936
1463 4097
1463 4204
1463 4423
1463 4764
1464 1705
1464 2297
1464 2808
1464 2924
1464 3626
1464 3669
1464 3803
1464 4066
1464 4246
1464 4389
1464 4427
1464 4706
1465 1630
1465 1929
1465 2602
1465 2757
1465 2886
1465 3166
1465 3929
1465 4059
1465 4149
1465 4232
1465 4263
1465 4829
1466 2200
1466 2485
1466 2566
1466 2667
1466 4045
1466 4440
1467 1480
1467 1636
1467 1835
1467 2352
1467 2491
1467 2702
1467 2861
1467 2863
1467 2957
1467 3260
1467 3623
1467 3793
1467 4303
1467 4390
1467 4430
1468 1638
1468 1746
1468 1823
1468 1919
1468 2150
1468 2258
1468 2513
1468 2523
1468 3212
1468 4364
1468 4686
1468 4796
1469 1738
1469 2156
1469 2182
1469 2542
1469 4036
1469 4258
1469 4271
1470 1707
1470 2058
1470 2471
1470 2656
1470 2798
1470 3014
1470 3110
1470 3875
1470 3951
1470 4040
1470 4237
1471 1591
1471 1741
1471 2296
1471 3598
1471 3816
1471 3838
1471 3849
1471 4013
1471 4232
1471 4946
1472 1738
1472 1858
1472 2356
1472 2983
1472 3634
1472 4387
1472 4483
1472 4731
1473 2086
1473 2747
1473 3071
1473 3368
1473 4011
1473 4172
1473 4238
1473 4375
1474 1489
1474 1494
1474 2267
1474 2374
1474 2603
1474 2703
1474 3232
1474 3378
1474 3593
1474 3677
1474 3693
1474 4139
1474 4512
1474 4688
1474 4969
1475 1945
1475 2157
1475 2250
1475 2304
1475 2710
1475 2761
1475 2782
1475 2805
1475 2883
1475 2887
1475 3074
1475 3087
1475 3385
1475 3853
1475 4209
1475 4432
1475 4567
1475 4870
1476 1747
1476 2036
1476 2598
1476 2879
1476 2962
1476 3042
1476 3156
1476 3872
1476 4517
1476 4673
1476 4733
1476 4780
1476 4909
1477 1489
1477 1708
1477 1763
1477 1908
1477 2482
1477 2483
1477 2569
1477 2599
1477 3581
1477 3748
1477 3997
1477 4158
1477 4331
1478 2149
1478 2261
1478 2494
1478 2738
1478 3054
1478 3079
1478 4113
1478 4194
1478 4577
1478 4611
1478 4647
1479 1945
1479 2334
1479 2761
1479 2836
1479 3016
1479 3476
1479 3728
1479 3756
1479 4012
1479 4126
1479 4280
1479 4875
1480 1685
1480 1724
1480 2008
1480 2309
1480 2496
1480 2550
1480 2667
1480 2931
1480 2972
1480 3023
1480 3756
1480 3931
1480 4852
1480 4930
1481 1635
1481 1917
1481 2201
1481 2715
1481 3147
1481 3628
1481 3939
1481 3996
1481 4928
1482 2066
1482 2396
1482 2597
1482 2694
1482 2722
1482 2741
1482 3027
1482 3186
1482 3348
1482 4185
1482 4349
1483 1877
1483 2032
1483 3023
1483 3063
1483 3070
1483 3481
1483 3666
1483 4202
1483 4686
1483 4931
1483 4944
1484 2520
1484 3051
1484 3430
1484 3991
1484 4144
1484 4402
1484 4495
1484 4963
1485 1709
1485 1854
1485 2207
1485 2639
1485 3619
1485 3642
1485 4022
1485 4065
1485 4683
1486 1945
1486 2049
1486 2834
1486 3043
1486 3083
1486 3438
1486 3511
1486 3641
1486 3761
1486 3959
1486 4068
1486 4112
1486 4402
1487 2170
1487 3126
1487 3721
1487 4106
1487 4426
1488 2418
1488 2562
1488 2641
1488 2721
1488 2810
1488 4164
1488 4289
1488 4636
1488 4653
1488 4961
1489 1698
1489 2293
1489 2460
1489 2608
1489 2873
1489 2876
1489 3253
1489 4044
1489 4423
1490 1493
1490 1764
1490 1998
1490 2995
1490 3157
1490 3481
1490 3581
1490 4467
1490 4912
1490 4935
1491 2586
1491 3139
1491 3700
1491 3938
1491 3980
1492 1575
1492 1909
1492 1950
1492 2507
1492 2758
1492 3091
1492 3106
1492 3189
1492 3379
1492 3669
1492 4017
1492 4106
1492 4276
1492 4447
1492 4467
1492 4981
1492 4992
1493 1949
1493 3119
1493 3346
1493 3529
1493 3684
1493 3986
1493 4477
1493 4689
1493 4826
1494 1772
1494 2304
1494 2604
1494 3256
1494 3362
1494 4784
1494 4812
1495 1504
1495 1536
1495 1556
1495 2221
1495 2321
1495 2487
1495 2577
1495 2873
1495 4702
1496 1935
1496 1954
1496 2127
1496 2146
1496 2224
1496 2555
1496 2975
1496 3146
1496 3435
1496 3958
1497 2179
1497 2540
1497 2824
1497 3005
1497 3408
1497 4059
1497 4773
1498 1517
1498 1596
1498 1609
1498 1857
1498 2089
1498 2758
1498 3901
1498 4029
1498 4076
1498 4077
1498 4494
1498 4698
1498 4930
1499 1536
1499 1707
1499 2088
1499 2502
1499 2600
1499 2712
1499 2968
1499 3072
1499 3191
1499 3229
1499 3527
1499 4932
1500 1838
1500 1966
1500 2089
1500 2320
1500 2384
1500 2555
1500 3613
1500 3844
1500 4113
1500 4612
1500 4755
1501 1610
1501 1693
1501 2100
1501 2835
1501 3447
1501 3763
1501 3873
1501 4332
1501 4555
1501 4989
1502 1768
1502 1869
1502 2510
1502 2723
1502 2797
1502 3559
1502 4202
1502 4230
1502 4579
1502 4596
1502 4603
1502 4769
1503 1687
1503 1808
1503 1830
1503 2134
1503 2726
1503 2913
1503 3450
1503 3529
1503 3544
1503 3712
1503 3849
1503 4015
1503 4457
1503 4475
1503 4837
1504 1536
1504 1742
1504 1831
1504 2323
1504 2422
1504 2584
1504 2834
1504 3502
1504 4553
1504 4841
1505 2356
1505 2836
1505 3041
1505 3428
1505 3623
1505 3632
1505 3845
1505 4537
1505 4928
1506 1681
1506 2166
1506 2247
1506 3144
1506 3604
1506 3688
1506 4111
1506 4132
1506 4622
1506 4883
1507 1670
1507 1750
1507 1851
1507 1865
1507 2066
1507 2923
1507 3066
1507 3231
1507 3234
1507 3779
1507 3837
1507 4090
1507 4293
1507 4476
1507 4521
1508 1683
1508 1807
1508 1947
1508 2194
1508 2343
1508 2837
1508 2968
1508 3417
1508 3745
1508 4620
1509 1918
1509 1969
1509 2277
1509 2367
1509 2426
1509 2950
1509 2951
1509 3159
1509 4274
1509 4371
1510 1752
1510 2052
1510 2298
1510 2307
1510 2408
1510 2572
1510 2750
1510 2872
1510 2973
1510 3372
1510 4057
1510 4522
1510 4547
1510 4588
1510 4890
1510 4983
1511 1555
1511 2033
1511 2081
1511 2295
1511 3667
1511 4214
1511 4235
1511 4510
1511 4515
1511 4996
1512 1587
1512 1693
1512 1905
1512 2060
1512 2200
1512 2317
1512 2490
1512 2564
1512 2796
1512 3086
1512 3153
1512 4134
1512 4470
1512 4540
1512 4635
1512 4682
1513 1516
1513 1795
1513 1796
1513 2511
1513 2583
1513 3035
1513 3586
1513 3830
1513 3868
1513 4333
1513 4437
1513 4614
1513 4684
1514 1540
1514 1753
1514 1911
1514 2028
1514 2263
1514 2494
1514 2822
1514 3566
1514 3834
1514 4056
1514 4271
1514 4752
1515 1781
1515 1928
1515 2164
1515 4290
1515 4323
1515 4812
1516 1794
1516 3111
1516 3153
1516 4003
1516 4129
1516 4288
1516 4433
1516 4560
1516 4657
1516 4773
1517 1572
1517 1606
1517 1902
1517 2150
1517 2258
1517 2353
1517 2602
1517 2696
1517 2792
1517 3543
1517 3718
1517 3840
1517 3956
1517 4037
1517 4362
1517 4752
1517 4777
1517 4797
1518 1526
1518 1668
1518 1718
1518 2159
1518 2586
1518 3757
1518 4117
1518 4369
1518 4372
1518 4394
1518 4441
1518 4925
1519 1723
1519 2176
1519 2217
1519 2348
1519 2417
1519 2480
1519 2566
1519 3279
1519 3459
1519 4380
1519 4668
1520 1571
1520 2250
1520 2753
1520 3304
1520 3963
1520 4055
1520 4355
1520 4693
1520 4968
1521 1588
1521 2038
1521 2065
1521 2407
1521 2413
1521 2514
1521 3252
1521 3446
1521 4605
1521 4733
1521 4757
1522 1618
1522 1742
1522 2095
1522 2174
1522 2539
1522 2551
1522 2569
1522 2996
1522 3009
1522 3752
1522 4012
1522 4169
1522 4428
1523 1634
1523 2328
1523 2344
1523 2749
1523 3142
1523 3313
1523 3706
1523 4347
1524 2630
1524 3660
1524 3718
1524 3735
1524 3870
1524 3953
1524 4190
1524 4587
1524 4694
1524 4783
1524 4839
1524 4892
1524 4924
1525 2045
1525 2280
1525 2388
1525 2818
1525 2855
1525 3025
1525 3104
1525 3271
1525 3298
1525 4020
1525 4097
1525 4226
1525 4272
1525 4323
1525 4518
1525 4676
1525 4726
1526 2678
1526 2762
1526 2795
1526 3009
1526 3186
1526 4116
1526 4174
1526 4407
1526 4538
1527 1554
1527 1686
1527 2011
1527 2033
1527 2238
1527 2798
1527 3823
1527 3902
1527 3972
1527 4687
1527 4768
1528 1650
1528 2082
1528 2326
1528 2394
1528 2665
1528 2741
1528 3339
1528 3493
1528 3816
1528 3968
1528 4504
1528 4730
1528 4944
1529 1744
1529 1847
1529 2022
1529 2199
1529 2817
1529 3209
1529 3220
1529 3874
1529 4331
1529 4615
1529 4893
1529 4894
1530 1713
1530 1784
1530 2414
1530 2485
1530 2969
1530 3247
1530 3394
1530 4020
1530 4099
1530 4179
1530 4201
1530 4242
1530 4336
1530 4354
1531 1747
1531 2345
1531 2762
1531 2770
1531 3257
1531 3527
1531 3896
1531 4071
1531 4725
1531 4774
1532 1730
1532 1793
1532 1909
1532 2332
1532 2649
1532 3094
1532 3104
1532 3307
1532 4335
1532 4352
1533 1585
1533 1829
1533 2149
1533 3315
1533 4003
1533 4022
1533 4217
1533 4507
1534 1683
1534 1856
1534 2012
1534 2089
1534 2233
1534 2493
1534 2779
1534 3235
1534 3249
1534 3259
1534 3589
1534 4542
1534 4905
1535 2174
1535 2621
1535 2659
1535 3811
1535 4221
1535 4432
1535 4589
1535 4773
1535 4894
1536 1557
1536 1559
1536 1981
1536 2094
1536 2234
1536 2333
1536 2372
1536 2472
1536 2887
1536 2920
1536 2974
1536 3069
1536 4389
1536 4487
1536 4822
1536 4871
1537 2289
1537 2602
1537 2610
1537 2611
1537 2659
1537 2883
1537 3575
1537 3634
1537 3643
1537 3797
1537 3825
1537 3912
1537 4225
1537 4424
1537 4480
1537 4627
1537 4674
1538 1952
1538 2291
1538 2567
1538 3165
1538 3200
1538 4370
1538 4530
1538 4622
1538 4715
1539 1561
1539 1604
1539 2118
1539 2264
1539 2449
1539 2978
1539 4162
1539 4297
1539 4431
1539 4462
1539 4556
1539 4636
1540 1569
1540 1707
1540 2332
1540 2527
1540 2904
1540 2961
1540 3604
1540 3712
1540 4944
1541 1838
1541 2206
1541 2254
1541 2262
1541 2758
1541 2968
1541 3130
1541 3361
1541 3450
1541 3597
1541 3856
1541 4019
1541 4080
1541 4440
1541 4687
1541 4861
1542 1655
1542 2181
1542 2615
1542 2787
1542 2922
1542 3125
1542 3376
1542 3835
1542 3999
1542 4536
1543 1607
1543 2055
1543 2197
1543 2239
1543 2511
1543 2695
1543 2950
1543 3856
1543 3990
1543 4092
1543 4126
1543 4566
1543 4828
1543 4969
1544 1686
1544 2610
1544 2733
1544 3982
1544 4022
1544 4041
1544 4277
1545 2184
1545 2620
1545 2623
1545 2720
1545 2773
1545 2940
1545 2987
1545 4181
1545 4884
1545 4905
1546 1663
1546 1970
1546 2049
1546 2524
1546 3158
1546 3419
1546 3735
1546 3768
1546 3791
1546 4157
1546 4278
1546 4374
1546 4377
1546 4730
1546 4879
1546 4953
1546 4989
1547 1767
1547 2057
1547 2349
1547 3244
1547 4002
1547 4245
1547 4930
1547 4959
1548 1692
1548 1799
1548 2102
1548 2157
1548 2333
1548 2518
1548 3139
1548 3150
1548 3838
1548 4096
1548 4313
1548 4448
1548 4517
1548 4568
1548 4781
1548 4923
1549 1574
1549 1825
1549 2114
1549 2127
1549 2207
1549 3221
1549 3233
1549 3340
1549 3987
1549 3991
1549 4435
1549 4876
1549 4941
1550 1588
1550 1939
1550 2234
1550 3041
1550 3065
1550 3329
1550 3580
1550 3723
1550 3789
1550 4546
1550 4670
1550 4953
1551 1600
1551 1731
1551 1784
1551 1941
1551 2838
1551 3782
1551 3938
1551 4058
1551 4132
1551 4140
1551 4209
1551 4328
1551 4446
1552 1755
1552 1824
1552 1932
1552 2011
1552 3070
1552 3566
1552 4357
1552 4477
1552 4618
1552 4759
1552 4920
1553 1914
1553 2192
1553 3169
1553 3712
1553 4001
1553 4220
1553 4278
1554 2104
1554 2469
1554 2970
1554 3231
1554 3751
1554 4574
1555 1920
1555 1926
1555 2517
1555 2563
1555 2938
1555 3209
1555 3500
1555 3650
1555 3801
1555 4013
1555 4237
1555 4993
1556 2304
1556 2500
1556 2525
1556 2706
1556 2799
1556 3078
1556 3209
1556 3292
1556 4469
1556 4748
1557 2127
1557 2575
1557 2820
1557 2892
1557 2922
1557 2957
1557 3308
1557 4663
1557 4754
1558 2042
1558 2259
1558 2478
1558 3171
1558 3538
1558 4040
1558 4089
1558 4277
1558 4377
1558 4868
1558 4881
1559 3418
1559 3551
1559 4256
1559 4451
1559 4490
1559 4504
1559 4530
1559 4545
1559 4640
1560 1745
1560 2376
1560 2421
1560 2429
1560 2572
1560 2784
1560 2917
1560 3729
1560 4182
1560 4336
1560 4815
1560 4975
1561 1577
1561 2094
1561 2115
1561 2270
1561 2299
1561 2319
1561 2365
1561 2645
1561 3088
1561 3474
1561 3506
1561 3641
1561 4026
1561 4297
1561 4717
1561 4976
1562 2207
1562 2261
1562 2681
1562 2944
1562 3879
1562 4254
1562 4404
1563 1816
1563 1853
1563 1999
1563 2067
1563 2511
1563 2646
1563 2835
1563 3435
1563 3677
1563 4065
1563 4244
1563 4293
1563 4338
1563 4421
1563 4637
1564 1577
1564 1859
1564 2379
1564 2389
1564 2861
1564 3131
1564 3165
1564 3410
1564 3726
1564 4421
1564 4698
1565 2079
1565 2177
1565 2548
1565 2563
1565 2592
1565 2872
1565 2974
1565 2987
1565 3171
1565 3613
1565 3678
1565 4279
1565 4390
1565 4841
1566 1656
1566 1816
1566 1965
1566 1996
1566 2257
1566 2555
1566 2872
1566 2890
1566 2925
1566 3056
1566 3899
1566 3928
1566 3975
1566 4648
1566 4878
1566 4901
1567 1947
1567 1973
1567 2317
1567 2811
1567 2909
1567 3029
1567 3588
1567 3608
1567 3666
1567 3671
1567 4039
1567 4118
1567 4209
1567 4249
1567 4547
1567 4824
1568 1874
1568 2036
1568 2327
1568 2707
1568 2876
1568 3183
1568 3208
1568 4301
1568 4363
1568 4799
1568 4833
1569 1616
1569 1751
1569 2217
1569 2328
1569 2380
1569 2491
1569 2728
1569 3232
1569 3431
1569 4173
1569 4194
1569 4590
1569 4615
1569 4761
1570 1710
1570 1839
1570 2678
1570 3373
1570 3646
1570 4064
1570 4079
1570 4678
1570 4916
1571 1921
1571 2221
1571 2822
1571 4145
1571 4466
1571 4798
1571 4859
1572 1756
1572 1759
1572 2290
1572 2525
1572 2544
1572 3002
1572 3282
1572 3325
1572 3326
1572 4018
1572 4094
1572 4117
1572 4280
1572 4322
1572 4616
1572 4620
1573 1743
1573 1937
1573 2304
1573 2423
1573 2510
1573 2963
1573 2993
1573 3325
1573 3598
1573 3827
1573 4049
1573 4467
1573 4504
1573 4554
1573 4576
1573 4704
1574 1836
1574 2456
1574 2582
1574 2597
1574 3232
1574 3333
1574 3753
1574 3813
1574 4084
1574 4398
1574 4724
1575 1873
1575 2286
1575 2288
1575 2343
1575 2419
1575 2452
1575 2671
1575 2975
1575 3593
1575 3595
1575 3658
1575 4819
1575 4986
1576 2097
1576 2797
1576 2800
1576 3078
1576 3467
1576 3890
1576 4087
1576 4835
1576 4990
1577 1878
1577 2456
1577 2462
1577 2730
1577 2827
1577 2850
1577 3057
1577 3560
1577 4202
1577 4286
1577 4880
1578 2564
1578 2740
1578 3921
1578 4598
1579 1822
1579 2064
1579 2092
1579 2561
1579 2571
1579 2735
1579 2753
1579 3362
1579 3499
1579 4571
1579 4762
1580 2374
1580 2409
1580 2747
1580 3333
1580 3469
1580 3737
1580 3993
1580 4302
1580 4336
1580 4610
1580 4757
1580 4825
1581 1748
1581 2093
1581 2551
1581 2559
1581 2643
1581 2680
1581 3443
1581 4398
1581 4560
1582 1759
1582 1862
1582 2063
1582 2905
1582 3746
1582 4228
1582 4521
1582 4626
1582 4891
1582 4978
1583 1750
1583 2055
1583 2497
1583 2833
1583 3425
1583 4165
1583 4254
1583 4272
1583 4301
1583 4453
1583 4616
1583 4701
1583 4758
1584 1841
1584 1849
1584 1878
1584 1933
1584 2376
1584 3394
1584 3542
1584 3754
1584 4131
1584 4396
1584 4413
1584 4422
1584 4831
1585 1952
1585 2053
1585 2326
1585 2744
1585 2855
1585 3328
1585 3416
1585 3552
1585 4976
1586 1739
1586 1820
1586 3132
1586 3496
1586 3857
1586 3984
1586 4568
1586 4647
1586 4907
1587 2648
1587 3348
1587 3470
1587 3619
1587 3722
1587 3753
1587 4102
1587 4146
1587 4523
1588 1597
1588 1944
1588 2188
1588 2318
1588 2366
1588 2550
1588 2570
1588 2600
1588 2663
1588 2716
1588 3171
1588 3245
1588 3310
1588 3389
1588 3926
1588 3943
1588 4521
1588 4995
1589 1862
1589 1939
1589 2284
1589 2375
1589 2647
1589 2813
1589 3516
1589 3641
1589 3797
1589 4219
1589 4531
1589 4718
1589 4752
1590 2373
1590 2862
1590 2989
1590 3178
1590 3218
1590 3571
1590 3839
1590 3904
1590 4017
1590 4424
1591 2269
1591 2309
1591 3280
1591 3398
1591 3562
1591 3846
1591 3904
1591 4896
1592 1911
1592 1951
1592 2084
1592 2244
1592 2303
1592 2739
1592 3697
1592 3727
1592 4025
1592 4278
1592 4936
1593 1631
1593 2369
1593 2473
1593 2840
1593 3111
1593 3161
1593 4364
1594 1836
1594 1870
1594 2184
1594 2341
1594 2386
1594 2545
1594 2758
1594 3687
1594 4026
1594 4088
1594 4137
1594 4491
1594 4705
1595 1806
1595 2080
1595 2129
1595 2268
1595 2300
1595 2309
1595 2622
1595 2651
1595 3389
1595 3450
1595 3554
1595 3610
1595 3696
1595 3939
1595 4280
1595 4498
1595 4882
1595 4984
1596 2085
1596 2112
1596 2552
1596 3145
1596 3190
1596 3210
1596 3219
1596 3487
1596 3595
1596 3658
1596 3818
1596 4516
1596 4736
1596 4809
1597 1628
1597 1887
1597 2030
1597 2500
1597 2681
1597 2774
1597 3603
1597 4495
1597 4627
1598 2311
1598 2318
1598 2899
1598 2964
1598 3281
1598 3325
1598 3361
1598 3852
1598 3889
1598 4622
1599 2235
1599 2256
1599 2276
1599 2470
1599 2476
1599 2525
1599 2590
1599 3424
1599 3473
1599 3604
1599 3623
1599 4026
1599 4193
1599 4573
1599 4957
1600 1864
1600 2016
1600 2743
1600 2872
1600 4156
1600 4435
1600 4531
1600 4535
1600 4664
1600 4731
1600 4819
1601 2305
1601 2365
1601 2395
1601 2806
1601 2913
1601 3297
1601 3308
1601 4113
1601 4486
1601 4760
1602 1610
1602 2016
1602 2403
1602 2650
1602 2670
1602 2837
1602 2921
1602 2987
1602 3060
1602 3182
1602 3393
1602 3476
1603 1915
1603 2510
1603 2588
1603 2888
1603 3142
1603 3197
1603 3340
1603 3349
1603 3424
1603 3547
1603 3865
1603 4174
1603 4326
1603 4925
1604 1661
1604 2168
1604 2615
1604 2779
1604 2787
1604 3035
1604 3269
1604 3946
1604 3970
1604 4219
1604 4304
1604 4404
1604 4939
1604 4957
1605 1858
1605 3143
1605 4635
1606 1662
1606 2671
1606 3046
1606 3522
1606 3528
1606 3659
1606 3805
1606 4470
1606 4538
1606 4678
1607 1778
1607 2010
1607 2032
1607 2040
1607 2095
1607 2165
1607 2167
1607 2983
1607 3082
1607 3146
1607 4008
1607 4396
1607 4691
1608 1966
1608 2062
1608 2250
1608 2361
1608 3132
1608 3691
1608 3843
1608 4115
1608 4281
1608 4413
1608 4423
1608 4909
1608 4977
1608 4999
1609 1831
1609 3575
1609 3592
1609 3951
1609 4197
1610 2233
1610 2767
1610 3084
1610 4109
1610 4580
1610 4828
1610 4861
1611 2726
1611 2768
1611 2826
1611 3405
1611 4879
1612 1873
1612 1878
1612 2149
1612 2228
1612 2909
1612 3138
1612 4154
1612 4585
1612 4765
1612 4809
1613 1780
1613 1870
1613 1952
1613 2332
1613 2838
1613 4295
1613 4474
1613 4672
1613 4980
1614 1716
1614 1785
1614 1812
1614 1970
1614 2107
1614 2167
1614 2279
1614 2299
1614 2594
1614 3158
1614 3409
1614 3500
1614 3680
1614 3832
1614 4486
1614 4780
1615 1900
1615 2124
1615 2190
1615 2438
1615 2544
1615 2586
1615 2632
1615 2719
1615 3675
1615 4116
1615 4144
1615 4295
1615 4756
1616 1759
1616 2011
1616 2125
1616 2356
1616 3019
1616 3297
1616 3750
1616 4138
1616 4402
1616 4830
1617 1983
1617 2008
1617 2392
1617 3367
1617 3430
1617 3786
1617 4150
1617 4175
1617 4790
1617 4989
1618 1754
1618 1922
1618 2055
1618 2057
1618 2089
1618 2154
1618 2489
1618 2793
1618 2813
1618 3247
1618 3374
1618 3404
1618 3503
1618 4334
1618 4934
1619 1622
1619 1807
1619 1864
1619 1873
1619 2075
1619 2152
1619 2187
1619 2983
1619 3090
1619 3609
1619 3803
1619 4306
1619 4731
1619 4855
1619 4997
1620 1976
1620 2684
1620 2860
1620 3039
1620 3171
1620 3345
1620 3386
1620 3947
1620 4088
1620 4479
1620 4542
1620 4745
1620 4761
1621 1671
1621 1710
1621 1838
1621 2214
1621 2938
1621 3103
1621 3299
1621 4393
1621 4475
1621 4870
1622 1762
1622 2408
1622 2881
1622 3282
1622 3518
1622 4008
1622 4413
1622 4457
1622 4470
1622 4858
1623 1639
1623 1836
1623 2096
1623 2359
1623 3270
1623 3644
1623 3812
1623 3859
1623 4049
1623 4206
1623 4493
1623 4613
1623 4852
1623 4922
1624 2182
1624 2212
1624 2558
1624 3487
1624 3510
1624 3651
1624 4020
1624 4527
1624 4844
1625 1767
1625 2103
1625 2195
1625 2767
1625 2823
1625 2964
1625 3405
1625 3507
1625 3646
1625 3726
1625 4242
1625 4397
1625 4696
1625 4852
1625 4912
1626 1841
1626 1943
1626 2129
1626 2319
1626 2664
1626 2815
1626 2981
1626 3063
1626 3735
1626 4101
1626 4783
1626 4798
1627 1956
1627 2179
1627 2795
1627 2888
1627 2903
1627 2972
1627 3000
1627 3172
1627 3376
1627 4114
1627 4428
1627 4481
1628 2311
1628 2506
1628 2678
1628 2695
1628 3406
1628 3453
1628 3792
1628 4207
1628 4903
1628 4905
1628 4951
1629 2458
1629 3217
1629 3303
1629 3347
1629 3542
1629 3695
1629 3751
1629 3849
1629 3944
1629 4268
1629 4778
1630 1662
1630 2708
1630 3041
1630 3800
1631 1973
1631 2180
1631 2198
1631 2280
1631 2790
1631 2918
1631 3813
1631 3841
1631 4022
1631 4615
1631 4978
1632 2550
1632 2760
1632 3054
1632 3096
1632 3241
1632 3567
1632 3847
1633 1805
1633 1843
1633 2015
1633 2200
1633 2337
1633 2490
1633 2838
1633 3418
1633 4085
1633 4470
1633 4950
1634 2312
1634 2341
1634 2562
1634 2659
1634 2742
1634 2969
1634 3093
1634 3191
1634 3936
1634 4138
1634 4328
1634 4585
1634 4805
1635 2204
1635 3104
1635 3301
1635 3344
1635 3519
1635 4070
1635 4511
1635 4652
1635 4709
1636 1638
1636 1682
1636 1740
1636 2276
1636 2489
1636 2565
1636 3159
1636 3321
1636 3959
1636 4006
1636 4356
1636 4439
1636 4586
1636 4716
1637 2157
1637 2522
1637 2593
1637 2948
1637 3388
1637 3439
1637 3470
1637 3894
1638 1680
1638 2678
1638 2683
1638 2905
1638 3517
1638 3561
1638 3563
1638 3732
1638 4525
1638 4532
1638 4729
1638 4739
1638 4743
1638 4956
1639 1650
1639 1831
1639 2475
1639 2932
1639 3010
1639 3027
1639 3899
1639 4176
1639 4509
1639 4540
1639 4606
1639 4903
1639 4946
1640 2149
1640 3222
1640 3325
1640 3628
1640 4005
1640 4442
1640 4578
1640 4663
1640 4760
1641 1915
1641 2051
1641 2058
1641 2310
1641 2566
1641 3060
1641 3160
1641 3285
1641 3676
1641 4359
1641 4433
1641 4609
1642 2022
1642 2077
1642 2195
1642 3301
1642 3466
1642 3915
1642 4637
1642 4846
1643 2767
1643 2863
1643 2984
1643 3534
1643 3695
1643 4065
1643 4368
1643 4531
1643 4854
1644 2033
1644 2656
1644 3042
1644 3512
1644 4223
1644 4796
1645 2285
1645 2401
1645 3518
1645 3782
1646 2364
1646 2514
1646 2556
1646 2812
1646 3337
1646 4000
1646 4952
1647 1846
1647 1863
1647 2355
1647 2645
1647 2706
1647 3183
1647 3662
1647 3725
1647 4222
1647 4968
1647 4978
1648 1669
1648 1805
1648 3113
1648 3221
1648 4447
1648 4771
1648 4917
1649 2043
1649 2052
1649 2059
1649 2523
1649 2594
1649 2767
1649 2957
1649 3047
1649 3346
1649 4038
1649 4378
1649 4424
1649 4508
1650 2154
1650 2216
1650 2276
1650 2449
1650 3235
1650 4058
1650 4235
1650 4561
1650 4962
1651 1743
1651 2106
1651 2372
1651 2623
1651 2637
1651 2673
1651 2697
1651 2743
1651 3359
1651 3510
1651 4269
1651 4345
1651 4822
1652 1754
1652 1866
1652 2267
1652 2548
1652 3337
1652 3614
1652 3925
1652 4185
1652 4339
1653 1972
1653 2207
1653 2580
1653 2988
1653 3270
1653 3612
1653 3867
1653 4013
1653 4824
1653 4904
1654 2231
1654 3512
1654 4170
1654 4420
1654 4625
1654 4750
1655 1747
1655 1929
1655 2621
1655 2650
1655 2970
1655 3035
1655 3629
1655 4190
1655 4672
1656 3049
1656 3074
1656 4220
1656 4758
1657 1773
1657 1901
1657 2111
1657 2185
1657 3086
1657 3093
1657 3519
1657 3692
1657 3876
1657 4434
1657 4526
1657 4949
1658 2057
1658 2094
1658 3296
1658 3960
1658 4549
1658 4637
1658 4889
1658 4945
1658 4978
1659 1983
1659 2037
1659 2154
1659 2558
1659 2945
1659 3071
1659 3657
1659 3986
1659 4369
1659 4629
1659 4987
1660 1840
1660 2720
1660 3077
1660 3513
1660 3714
1660 4173
1660 4267
1660 4688
1661 2377
1661 2921
1661 3133
1661 3999
1661 4041
1661 4334
1661 4394
1661 4971
1662 1685
1662 1713
1662 2749
1662 3602
1662 4114
1662 4840
1662 4894
1663 1697
1663 1957
1663 2818
1663 2925
1663 3003
1663 3865
1663 3940
1663 4514
1663 4868
1663 4900
1664 2187
1664 2275
1664 2452
1664 2866
1664 3305
1664 3641
1664 3876
1664 4094
1664 4151
1664 4312
1665 1688
1665 1978
1665 2176
1665 2466
1665 2837
1665 2991
1665 3030
1665 3114
1665 3668
1665 3699
1665 3947
1665 4339
1665 4728
1666 2066
1666 2235
1666 2353
1666 2712
1666 3047
1666 3347
1666 3704
1666 4143
1667 1924
1667 2082
1667 2455
1667 2561
1667 2635
1667 2685
1667 3221
1667 3283
1667 3825
1667 3833
1667 4734
1668 1789
1668 2894
1668 3941
1668 3996
1668 4002
1668 4361
1668 4810
1669 1942
1669 2105
1669 2211
1669 2716
1669 2853
1669 3020
1669 4305
1669 4483
1669 4626
1669 4748
1669 4772
1669 4811
1669 4932
1670 1911
1670 1988
1670 2177
1670 2419
1670 2815
1670 2819
1670 2877
1670 2956
1670 4090
1670 4286
1670 4339
1671 1792
1671 1890
1671 2471
1671 2737
1671 2940
1671 3110
1671 3158
1671 3243
1671 3501
1671 3511
1671 3625
1671 3783
1672 1957
1672 2426
1672 3117
1672 3422
1672 3713
1672 4009
1672 4173
1672 4667
1673 2211
1673 2799
1673 2837
1673 3137
1673 3491
1673 4249
1673 4299
1674 2194
1674 2576
1674 2617
1674 2709
1674 2998
1674 3098
1674 4248
1674 4393
1675 1678
1675 2246
1675 2333
1675 2351
1675 2583
1675 2845
1675 2872
1675 2968
1675 3126
1675 3651
1675 4162
1675 4310
1675 4769
1675 4807
1676 1723
1676 2133
1676 2342
1676 2549
1676 2611
1676 2662
1676 2864
1676 3050
1676 3369
1676 3819
1676 4028
1676 4393
1676 4953
1677 1942
1677 2317
1677 2916
1677 2960
1677 3726
1677 3787
1677 3802
1677 3940
1677 4241
1677 4303
1677 4309
1677 4884
1677 4885
1678 1791
1678 2513
1678 3384
1678 3401
1678 4256
1678 4679
1679 2257
1679 2386
1679 2423
1679 2582
1679 2606
1679 2991
1679 3248
1679 4193
1679 4583
1679 4588
1680 1745
1680 2216
1680 2501
1680 2614
1680 2948
1680 3570
1680 3613
1680 3838
1680 3926
1680 4257
1680 4354
1680 4591
1680 4715
1681 1822
1681 2241
1681 2426
1681 2936
1681 3198
1681 3253
1681 3959
1681 4461
1681 4796
1681 4961
1681 4999
1682 2075
1682 2234
1682 3100
1682 3321
1682 3515
1682 3965
1682 4185
1682 4881
1683 1781
1683 4162
1684 2419
1684 2704
1684 3704
1684 3971
1684 4096
1684 4113
1684 4234
1684 4987
1685 1822
1685 2093
1685 2515
1685 2943
1685 3799
1685 4335
1685 4464
1686 1777
1686 2164
1686 2518
1686 2631
1686 2833
1686 2944
1686 3329
1686 3891
1686 4092
1686 4345
1686 4636
1687 1795
1687 2105
1687 2109
1687 2144
1687 2202
1687 2233
1687 2298
1687 2433
1687 2858
1687 3607
1687 3687
1687 3730
1687 3783
1687 4156
1687 4163
1687 4250
1687 4419
1687 4620
1687 4757
1688 2408
1688 2517
1688 2664
1688 3421
1688 3477
1688 3604
1688 3669
1688 3723
1688 4065
1688 4145
1688 4622
1689 1794
1689 1906
1689 1987
1689 2072
1689 2073
1689 2558
1689 2722
1689 2746
1689 2976
1689 3037
1689 3820
1689 3967
1689 3985
1689 4594
1689 4780
1690 1894
1690 2346
1690 3467
1690 3475
1690 3747
1690 3819
1690 4115
1690 4207
1690 4442
1690 4454
1690 4615
1690 4640
1690 4855
1691 1883
1691 2070
1691 2387
1691 2938
1691 2968
1691 3081
1691 3108
1691 3378
1691 3461
1691 4259
1691 4769
1691 4886
1691 4972
1692 2255
1692 2459
1692 2551
1692 2747
1692 3242
1692 3718
1692 3999
1692 4237
1692 4414
1692 4475
1693 1858
1693 2181
1693 2191
1693 2667
1693 3144
1693 3272
1693 3315
1693 3790
1693 4061
1693 4358
1694 2047
1694 2144
1694 2211
1694 2350
1694 2558
1694 2682
1694 2714
1694 2840
1694 3188
1694 3620
1694 4375
1694 4903
1695 1927
1695 1985
1695 2311
1695 2626
1695 2976
1695 3433
1695 3769
1695 4035
1695 4057
1695 4420
1695 4448
1695 4672
1696 1871
1696 2512
1696 2716
1696 3072
1696 3542
1696 3752
1696 3810
1696 3819
1696 3862
1696 4176
1696 4755
1697 1778
1697 2014
1697 2067
1697 2186
1697 2697
1697 2804
1697 2820
1697 2886
1697 2926
1697 2935
1697 3285
1697 3860
1697 3943
1697 4125
1697 4667
1697 4737
1697 4897
1698 1890
1698 1927
1698 2069
1698 2152
1698 3146
1698 3499
1698 4048
1698 4363
1698 4546
1698 4658
1698 4752
1699 1910
1699 1990
1699 2120
1699 2887
1699 2945
1699 3319
1699 3346
1699 3924
1699 4377
1700 1961
1700 2305
1700 2634
1700 3179
1700 3451
1700 3539
1700 3735
1700 3803
1700 3914
1700 3917
1700 4310
1700 4772
1700 4922
1700 4950
1701 2185
1701 2304
1701 2538
1701 2780
1701 2950
1701 4191
1701 4661
1701 4960
1702 2266
1702 2662
1702 2772
1702 2970
1702 3178
1702 3631
1702 4140
1702 4566
1703 2046
1703 2170
1703 2437
1703 3050
1703 3917
1703 3991
1703 4141
1703 4379
1703 4391
1703 4684
1703 4829
1703 4925
1703 4989
1704 2368
1704 2903
1704 3082
1704 3615
1704 3822
1704 4287
1704 4830
1704 4931
1705 1866
1705 2021
1705 3028
1705 3146
1705 3370
1705 3389
1705 3752
1705 3956
1705 3965
1705 4183
1705 4519
1705 4703
1706 1950
1706 3074
1706 3239
1706 3243
1706 3456
1706 3591
1706 3596
1706 4144
1706 4735
1707 2454
1707 2523
1707 2526
1707 2811
1707 2950
1707 3003
1707 3501
1707 3893
1707 4255
1707 4322
1707 4823
1708 1797
1708 1859
1708 2176
1708 2985
1708 3114
1708 3183
1708 3302
1708 4276
1708 4438
1708 4732
1709 1884
1709 2145
1709 2352
1709 2506
1709 3037
1709 3461
1709 3510
1709 4179
1709 4243
1709 4433
1709 4512
1709 4848
1710 2501
1710 2739
1710 3010
1710 3098
1710 3519
1710 3741
1710 4354
1710 4741
1710 4757
1711 1911
1711 2688
1711 2728
1711 2953
1711 3271
1711 3479
1711 4237
1711 4313
1711 4353
1712 1790
1712 2218
1712 2457
1712 2490
1712 2574
1712 2866
1712 3227
1712 3483
1712 3556
1712 3700
1712 4159
1712 4860
1713 1884
1713 2122
1713 2282
1713 2348
1713 2386
1713 2679
1713 2802
1713 3190
1713 3838
1713 4024
1713 4424
1713 4542
1713 4644
1713 4746
1713 4925
1714 1875
1714 2091
1714 2373
1714 2557
1714 2651
1714 2808
1714 3177
1714 3303
1714 3339
1714 3340
1714 3483
1714 3879
1714 4509
1714 4790
1714 4798
1714 4897
1715 2503
1715 2516
1715 2624
1715 3167
1715 3238
1715 3243
1715 3704
1715 3816
1715 4322
1715 4423
1715 4446
1716 2362
1716 2382
1716 2743
1716 2823
1716 2855
1716 3003
1716 3149
1716 3208
1716 3615
1716 3660
1716 4148
1716 4173
1716 4189
1716 4246
1716 4261
1716 4498
1716 4556
1717 1801
1717 2117
1717 2553
1717 2657
1717 2786
1717 2953
1717 3956
1717 3961
1717 4178
1717 4222
1717 4441
1718 1969
1718 1989
1718 3557
1718 4615
1718 4975
1719 2835
1719 2884
1719 2992
1719 3485
1719 4280
1719 4366
1719 4602
1719 4690
1720 1926
1720 1997
1720 2010
1720 2210
1720 2371
1720 3220
1720 3257
1720 3286
1720 3675
1720 3772
1720 3904
1721 1868
1721 2292
1721 2371
1721 2974
1721 3409
1721 3908
1721 3910
1721 3983
1721 3997
1721 4345
1721 4743
1721 4963
1721 4983
1722 1885
1722 2263
1722 2942
1722 2998
1722 3297
1722 3868
1722 3974
1722 4162
1722 4168
1722 4518
1722 4883
1723 1766
1723 1769
1723 1951
1723 3372
1723 3553
1723 4039
1723 4786
1724 2612
1724 2644
1724 2986
1724 3206
1724 3366
1724 3761
1724 4098
1724 4519
1724 4689
1724 4748
1724 4837
1725 2501
1725 3332
1725 3414
1725 3499
1725 3884
1725 4489
1726 1823
1726 1965
1726 2557
1726 3055
1726 3345
1726 4403
1726 4628
1726 4742
1727 1735
1727 2199
1727 2437
1727 2564
1727 3044
1727 3193
1727 3200
1727 3277
1727 3361
1727 4092
1727 4635
1727 4773
1727 4987
1728 1952
1728 2204
1728 2371
1728 2873
1728 3394
1728 3413
1728 3545
1728 3642
1728 4129
1728 4144
1728 4193
1728 4292
1728 4477
1729 2123
1729 2560
1729 2743
1729 2800
1729 2850
1729 3604
1729 4268
1729 4850
1729 4941
1730 1810
1730 1986
1730 2138
1730 2318
1730 2339
1730 2851
1730 3780
1730 3824
1730 4070
1730 4412
1731 1875
1731 2569
1731 2673
1731 2774
1731 4669
1732 1941
1732 1975
1732 2168
1732 2536
1732 2618
1732 2628
1732 2638
1732 4099
1732 4160
1732 4394
1732 4628
1733 2384
1733 3604
1733 3653
1733 3686
1733 3832
1733 4457
1733 4935
1734 1777
1734 1842
1734 2263
1734 2575
1734 3334
1734 3479
1734 3494
1734 3534
1734 3882
1734 4371
1734 4563
1734 4655
1734 4701
1734 4773
1735 1985
1735 2488
1735 2647
1735 3186
1735 3858
1735 4098
1735 4389
1736 1748
1736 2223
1736 2455
1736 2623
1736 3384
1736 3518
1736 3557
1736 3694
1736 3712
1736 3733
1736 3848
1736 4224
1736 4283
1736 4319
1736 4525
1736 4843
1736 4931
1737 1980
1737 2083
1737 2406
1737 3284
1737 3405
1737 3791
1737 3875
1737 3893
1737 3948
1737 4566
1737 4924
1738 1826
1738 2175
1738 2230
1738 2286
1738 2702
1738 3133
1738 3354
1738 3500
1738 3803
1738 3939
1738 4079
1738 4457
1738 4629
1738 4929
1739 2000
1739 2196
1739 2472
1739 2835
1739 3169
1739 3566
1739 4687
1739 4797
1740 2068
1740 2076
1740 2229
1740 2292
1740 2326
1740 2414
1740 2637
1740 3026
1740 3096
1740 3727
1740 3820
1740 4835
1741 1780
1741 2113
1741 2722
1741 3127
1741 3277
1741 3307
1741 3351
1741 3738
1741 3783
1741 4232
1741 4309
1741 4825
1742 2147
1742 2291
1742 2477
1742 2694
1742 3170
1742 3805
1742 3939
1742 4097
1742 4115
1742 4420
1743 2056
1743 2673
1743 2697
1743 2823
1743 3673
1743 3997
1744 1833
1744 1865
1744 1974
1744 2322
1744 2408
1744 2578
1744 2722
1744 3221
1744 4110
1744 4498
1744 4636
1744 4642
1745 1888
1745 1972
1745 2169
1745 2229
1745 2240
1745 2773
1745 2913
1745 3044
1745 3167
1745 3559
1745 3746
1745 4627
1746 1816
1746 2150
1746 2653
1746 3169
1746 3324
1746 3594
1746 3684
1746 3988
1746 4250
1746 4574
1746 4762
1746 4933
1747 2338
1747 2651
1747 3402
1747 4180
1747 4798
1747 4847
1748 2459
1748 2983
1748 3102
1748 3412
1748 4601
1748 4643
1748 4951
1749 2221
1749 2407
1749 2732
1749 2805
1749 3068
1749 3374
1749 4421
1749 4566
1749 4636
1749 4846
1750 1825
1750 2056
1750 2282
1750 2305
1750 2330
1750 2738
1750 3203
1750 3244
1750 3541
1750 4062
1750 4649
1750 4676
1751 2322
1751 2396
1751 2475
1751 2778
1751 3295
1751 3442
1751 3584
1751 3982
1751 4675
1751 4803
1751 4846
1752 2350
1752 2485
1752 2738
1752 3227
1752 3734
1752 3903
1752 4275
1752 4449
1752 4688
1752 4698
1753 2972
1753 3393
1753 4023
1753 4814
1754 2296
1754 2492
1754 3033
1754 3255
1754 3849
1754 4913
1755 2236
1755 2320
1755 2585
1755 2822
1755 3009
1755 3220
1755 3814
1755 4268
1755 4658
1755 4922
1756 2499
1756 2703
1756 2774
1756 4135
1756 4191
1756 4265
1756 4302
1756 4343
1756 4842
1756 4889
1757 1921
1757 1979
1757 2112
1757 2227
1757 3369
1757 4025
1757 4449
1757 4596
1757 4770
1757 4872
1757 4936
1758 2181
1758 2626
1758 2802
1758 3001
1758 3020
1758 3647
1758 3753
1758 3806
1758 4647
1758 4762
1759 2274
1759 3615
1759 3779
1759 3807
1759 4328
1759 4388
1759 4443
1759 4768
1759 4771
1759 4785
1759 4874
1759 4991
1760 2087
1760 2270
1760 2545
1760 2866
1760 3150
1760 3283
1760 3439
1760 4017
1760 4935
1760 4947
1761 2124
1761 2604
1761 2934
1761 3526
1761 4643
1761 4860
1762 1843
1762 2076
1762 2126
1762 2356
1762 2784
1762 3091
1762 3539
1762 3644
1762 3694
1762 3936
1762 4375
1762 4565
1762 4733
1762 4779
1763 2106
1763 2209
1763 2296
1763 2317
1763 2320
1763 2384
1763 2730
1763 3443
1763 3468
1763 3841
1763 4096
1763 4507
1763 4602
1763 4668
1763 4985
1764 1879
1764 2351
1764 2517
1764 2547
1764 2783
1764 3279
1764 3703
1764 3912
1764 3945
1764 4330
1765 2095
1765 2499
1765 3406
1765 3462
1765 3721
1765 4229
1765 4422
1765 4708
1765 4757
1765 4856
1766 1855
1766 2133
1766 2263
1766 2702
1766 2796
1766 3707
1766 3919
1766 4042
1766 4327
1766 4909
1766 4960
1767 1789
1767 2081
1767 2469
1767 2689
1767 2828
1767 3215
1767 3838
1767 4121
1767 4149
1767 4430
1767 4512
1767 4518
1768 1941
1768 3033
1768 3303
1768 3559
1768 3907
1768 4194
1768 4212
1768 4336
1768 4426
1768 4831
1769 1852
1769 1889
1769 2223
1769 2314
1769 2760
1769 3737
1769 3913
1769 3916
1769 3953
1769 4045
1769 4071
1769 4694
1769 4987
1770 2391
1770 2831
1770 3399
1770 3955
1770 4123
1770 4152
1770 4206
1770 4540
1770 4732
1770 4943
1770 4971
1771 2072
1771 3299
1771 3302
1771 3860
1771 4297
1772 2222
1772 3916
1772 4131
1772 4132
1772 4836
1772 4871
1773 1957
1773 1960
1773 2348
1773 2492
1773 2808
1773 2874
1773 3677
1773 3786
1773 3789
1773 3920
1773 3953
1773 4090
1773 4156
1773 4428
1774 2493
1774 3099
1774 3821
1774 4037
1774 4040
1774 4713
1774 4841
1775 2792
1775 2812
1775 2925
1775 3217
1775 3249
1775 3353
1775 3940
1775 4181
1775 4323
1775 4377
1776 2225
1776 2364
1776 2884
1776 3571
1776 4039
1776 4632
1777 1876
1777 2061
1777 2256
1777 2425
1777 2474
1777 3089
1777 3288
1777 3385
1777 3387
1777 3553
1777 3639
1777 4587
1777 4668
1777 4852
1778 2181
1778 2185
1778 2495
1778 2656
1778 2964
1778 3062
1778 3163
1778 3272
1778 3309
1778 3735
1778 3969
1778 4240
1778 4545
1778 4853
1779 1811
1779 1940
1779 2761
1779 3065
1779 3135
1779 3563
1779 3625
1779 4363
1779 4460
1779 4711
1779 4968
1780 2071
1780 2110
1780 2171
1780 2228
1780 2392
1780 2467
1780 3190
1780 3885
1780 3937
1780 3947
1780 4699
1781 1991
1781 2011
1781 2447
1781 2456
1781 2967
1781 3179
1781 3391
1781 3707
1781 3944
1781 4333
1781 4418
1781 4633
1782 2052
1782 2908
1782 3625
1782 4793
1783 1880
1783 1981
1783 2080
1783 2084
1783 2270
1783 2427
1783 2477
1783 2484
1783 2785
1783 3015
1783 3169
1783 3259
1783 3477
1783 3533
1783 3991
1783 4162
1783 4268
1783 4513
1783 4597
1783 4945
1784 1825
1784 1868
1784 1919
1784 2047
1784 2062
1784 2473
1784 3434
1784 4030
1784 4500
1785 1925
1785 2021
1785 2030
1785 2099
1785 2800
1785 3231
1785 3390
1785 3450
1785 3466
1785 3474
1785 3735
1785 3948
1785 4018
1785 4101
1785 4109
1785 4233
1785 4473
1785 4498
1785 4526
1785 4943
1786 2214
1786 3271
1786 3437
1786 3920
1786 4519
1786 4535
1786 4883
1786 4970
1787 2123
1787 2459
1787 2808
1787 3668
1787 3957
1787 4894
1788 2217
1788 2311
1788 2629
1788 2751
1788 3603
1789 1933
1789 3252
1789 3325
1789 3899
1789 3998
1789 4039
1789 4602
1789 4876
1789 4969
1790 2406
1790 3101
1790 4786
1791 1886
1791 1889
1791 3026
1791 3065
1791 3124
1791 4499
1791 4588
1791 4647
1791 4744
1791 4991
1792 1856
1792 2280
1792 2748
1792 3118
1792 3303
1792 3897
1792 4791
1793 1941
1793 2041
1793 2138
1793 2231
1793 2514
1793 2550
1793 2995
1793 3291
1793 3966
1793 4031
1793 4145
1793 4319
1793 4417
1793 4602
1794 1887
1794 1930
1794 2386
1794 2896
1794 3159
1794 3409
1794 3456
1794 4227
1795 1841
1795 1861
1795 2051
1795 2126
1795 2198
1795 2776
1795 2786
1795 3337
1795 3530
1795 3686
1795 4063
1795 4225
1795 4600
1795 4678
1795 4731
1795 4832
1795 4852
1796 1868
1796 1944
1796 2012
1796 2537
1796 2553
1796 2941
1796 3106
1796 3864
1796 3974
1797 1892
1797 2065
1797 2200
1797 2515
1797 3181
1797 4192
1797 4274
1797 4384
1797 4553
1798 1973
1798 2773
1798 3133
1798 3852
1798 4171
1798 4616
1798 4688
1799 2393
1799 2455
1799 2789
1799 2871
1799 2966
1799 3100
1799 3422
1799 3450
1799 3460
1799 3862
1799 4434
1799 4490
1799 4611
1800 1999
1800 3458
1800 3698
1800 3929
1800 4025
1800 4056
1800 4362
1800 4506
1801 2349
1801 2571
1801 2714
1801 3145
1801 3148
1801 3653
1801 3725
1801 3750
1801 4031
1801 4917
1802 1889
1802 2654
1802 3003
1802 3077
1802 3243
1802 3419
1802 3433
1802 3895
1802 4563
1802 4587
1802 4938
1803 1992
1803 2138
1803 3408
1803 3782
1803 3868
1803 4326
1803 4710
1803 4966
1804 1899
1804 2124
1804 2193
1804 2228
1804 2635
1804 2640
1804 2899
1804 3172
1804 3524
1804 3564
1804 3632
1804 4017
1805 2277
1805 2282
1805 2318
1805 2461
1805 2752
1805 3301
1805 3808
1805 4331
1805 4461
1805 4464
1805 4653
1805 4923
1806 1894
1806 2635
1806 2762
1806 2988
1806 3381
1806 3718
1806 3720
1806 4104
1806 4455
1806 4571
1806 4601
1807 2090
1807 2701
1807 2966
1807 3294
1807 3399
1807 3400
1807 3435
1807 4031
1807 4054
1807 4363
1807 4593
1807 4607
1808 2327
1808 2526
1808 2544
1808 2979
1808 3278
1808 3690
1808 3693
1808 3732
1808 3952
1808 4155
1808 4218
1808 4274
1808 4296
1808 4321
1808 4674
1809 1991
1809 2117
1809 2290
1809 2430
1809 2734
1809 3398
1809 3535
1809 4320
1809 4329
1809 4574
1810 1982
1810 2106
1810 2355
1810 2366
1810 2675
1810 2735
1810 3316
1810 3378
1810 3475
1810 3900
1810 4007
1810 4418
1810 4542
1810 4880
1811 2103
1811 2261
1811 2621
1811 2774
1811 4258
1811 4313
1812 2228
1812 2379
1812 2674
1812 2733
1812 2750
1812 2772
1812 2855
1812 2905
1812 3100
1812 3539
1812 3551
1812 4201
1812 4506
1812 4541
1812 4778
1813 2130
1813 2161
1813 2610
1813 2715
1813 2924
1813 2936
1813 2977
1813 3029
1813 3075
1813 3670
1814 1989
1814 2191
1814 2340
1814 2490
1814 2523
1814 2726
1814 2763
1814 2854
1814 4047
1814 4190
1814 4244
1814 4336
1814 4845
1814 4919
1815 1907
1815 1961
1815 2841
1815 2883
1815 2889
1815 3459
1815 3997
1815 4045
1815 4054
1815 4129
1815 4334
1815 4846
1815 4991
1816 2148
1816 2243
1816 2339
1816 2365
1816 2676
1816 2816
1816 2970
1816 3440
1816 3588
1816 3647
1816 3823
1816 3981
1816 4003
1816 4063
1816 4732
1816 4879
1817 2464
1817 2583
1817 3228
1817 3239
1817 4240
1817 4534
1817 4642
1817 4833
1817 4860
1817 4902
1818 1965
1818 2144
1818 2426
1818 2916
1818 3574
1818 3930
1818 4779
1818 4922
1819 1852
1819 1977
1819 2049
1819 2115
1819 2438
1819 2543
1819 3265
1819 3354
1819 3368
1819 3567
1819 4209
1819 4408
1819 4850
1820 1993
1820 2372
1820 2947
1820 2963
1820 4379
1820 4412
1820 4424
1820 4775
1820 4930
1821 1975
1821 2507
1821 2832
1821 3210
1821 3396
1821 3821
1821 3904
1821 4206
1821 4336
1821 4841
1821 4998
1822 2138
1822 2245
1822 2372
1822 2576
1822 3067
1822 3128
1822 3352
1822 4337
1822 4938
1823 2301
1823 3119
1823 3494
1823 3560
1823 4569
1824 2216
1824 2767
1824 2776
1824 3336
1824 3475
1824 3580
1824 3936
1824 4323
1824 4478
1825 2005
1825 2019
1825 2232
1825 3073
1825 3668
1825 3741
1825 4292
1825 4522
1825 4755
1825 4888
1826 1847
1826 2493
1826 3223
1826 3240
1826 3352
1826 3568
1826 3986
1826 4338
1826 4808
1826 4993
1827 1876
1827 3030
1827 3128
1827 3309
1827 4029
1827 4152
1828 1953
1828 1970
1828 2491
1828 2727
1828 2816
1828 2836
1828 3317
1828 3478
1828 3599
1828 4117
1828 4233
1829 1865
1829 2087
1829 2256
1829 2434
1829 2921
1829 2991
1829 3162
1829 3244
1829 4072
1829 4311
1829 4322
1829 4495
1829 4661
1829 4725
1829 4874
1830 2015
1830 2105
1830 2359
1830 2976
1830 3567
1830 3603
1830 3712
1830 3727
1830 3730
1830 4070
1830 4077
1830 4292
1830 4343
1830 4368
1830 4550
1830 4604
1831 2314
1831 2478
1831 2893
1831 2979
1831 3138
1831 3312
1831 3745
1831 4281
1831 4322
1831 4523
1831 4528
1831 4806
1832 2271
1832 2303
1832 2581
1832 3034
1832 3036
1832 3063
1832 3118
1832 3341
1832 3572
1832 3583
1833 2944
1833 3870
1833 3944
1833 3957
1833 4197
1833 4275
1833 4358
1834 2037
1834 2103
1834 2234
1834 2280
1834 2331
1834 2462
1834 2577
1834 3037
1834 4503
1834 4766
1835 2097
1835 2232
1835 3079
1835 3855
1835 4092
1835 4566
1835 4822
1835 4868
1835 4979
1836 2139
1836 2642
1836 3337
1836 3706
1836 3844
1836 3861
1836 3980
1836 4581
1836 4827
1837 1922
1837 1943
1837 2606
1837 2645
1837 2718
1837 2901
1837 3016
1837 3393
1837 3579
1837 3616
1837 3758
1837 3785
1837 4197
1838 2879
1838 3603
1838 4067
1838 4188
1838 4733
1838 4785
1839 1848
1839 1944
1839 2219
1839 2924
1839 3266
1839 3272
1839 3754
1839 4151
1839 4209
1839 4610
1840 2291
1840 2762
1840 3566
1840 3982
1840 4011
1840 4063
1840 4214
1840 4234
1840 4414
1840 4748
1841 1992
1841 2040
1841 2191
1841 2416
1841 3644
1841 3684
1841 3975
1841 4175
1841 4541
1841 4676
1842 1928
1842 1967
1842 2061
1842 2197
1842 2582
1842 2799
1842 3104
1842 3477
1842 3635
1842 3706
1842 3837
1842 4259
1842 4585
1842 4767
1842 4879
1843 1896
1843 2070
1843 2548
1843 2796
1843 3274
1843 3443
1843 3672
1843 3824
1843 4191
1843 4561
1843 4756
1843 4895
1844 2013
1844 2376
1844 2700
1844 2749
1844 2754
1844 2892
1844 2902
1844 3596
1844 3833
1844 3888
1844 3988
1844 4332
1844 4369
1844 4957
1845 2207
1845 2451
1845 3253
1845 3603
1845 3838
1845 3930
1845 3949
1845 4026
1845 4475
1845 4810
1845 4864
1845 4866
1846 2145
1846 2656
1846 2760
1846 3353
1846 3436
1846 3594
1846 3902
1846 4597
1846 4937
1847 2532
1847 2756
1847 2889
1847 2960
1847 3421
1847 3710
1847 4218
1847 4236
1847 4306
1847 4398
1847 4406
1847 4968
1848 1911
1848 2504
1848 3069
1848 3101
1848 3138
1848 3515
1848 3638
1848 3667
1848 3668
1848 4825
1849 1874
1849 1947
1849 2076
1849 2228
1849 2855
1849 3047
1849 3099
1849 3128
1849 3960
1849 3984
1849 4245
1849 4452
1849 4598
1849 4689
1849 4951
1849 4968
1850 1894
1850 1965
1850 2276
1850 2398
1850 2464
1850 2930
1850 3012
1850 3030
1850 3066
1850 3170
1850 3270
1850 3643
1850 4179
1850 4294
1850 4546
1850 4844
1851 1858
1851 1993
1851 2157
1851 2206
1851 2333
1851 3350
1851 3602
1851 3806
1851 4269
1851 4406
1851 4522
1851 4763
1852 1906
1852 2176
1852 2268
1852 2316
1852 3068
1852 3658
1852 3890
1852 3952
1852 3974
1852 4056
1852 4309
1852 4408
1852 4422
1852 4465
1852 4570
1852 4607
1852 4709
1852 4865
1853 2465
1853 2799
1853 2920
1853 3215
1853 3269
1853 3675
1853 4188
1853 4347
1853 4582
1854 2057
1854 2302
1854 2307
1854 2441
1854 2701
1854 2802
1854 3014
1854 3103
1854 3465
1854 3532
1854 3593
1854 4165
1854 4595
1854 4751
1855 1896
1855 1949
1855 2113
1855 2450
1855 2598
1855 2743
1855 2963
1855 3550
1855 4488
1855 4551
1855 4932
1856 2351
1856 2564
1856 3892
1856 4216
1856 4464
1856 4483
1856 4601
1856 4727
1856 4731
1856 4893
1857 2035
1857 3630
1857 3802
1857 3961
1857 4254
1857 4792
1857 4859
1858 2130
1858 2668
1858 2730
1858 3791
1858 3927
1858 4074
1858 4227
1858 4324
1858 4337
1858 4587
1858 4924
1859 1942
1859 2353
1859 2490
1859 3011
1859 3141
1859 3312
1859 3415
1859 3722
1859 3778
1859 3972
1859 4222
1859 4682
1859 4756
1860 2150
1860 2718
1860 3020
1860 3023
1860 4082
1860 4130
1860 4256
1860 4396
1860 4998
1861 2192
1861 2214
1861 2421
1861 2660
1861 2783
1861 3215
1861 3957
1861 4183
1861 4195
1861 4690
1862 3364
1862 3742
1862 3948
1862 3968
1862 4208
1862 4341
1863 2046
1863 2118
1863 2808
1863 2862
1863 3082
1863 3191
1864 1930
1864 2196
1864 2299
1864 2418
1864 3070
1864 3650
1864 3767
1864 4247
1864 4607
1864 4710
1865 1917
1865 2008
1865 2354
1865 2476
1865 3241
1865 3510
1865 3603
1865 3949
1865 4652
1865 4932
1866 2734
1866 2817
1866 3108
1866 4259
1866 4309
1866 4904
1867 1963
1867 2159
1867 2179
1867 2332
1867 2600
1867 2894
1867 4017
1867 4675
1867 4934
1868 2043
1868 2186
1868 2885
1868 4529
1869 2310
1869 2408
1869 2411
1869 2422
1869 2435
1869 2493
1869 2961
1869 3038
1869 3752
1869 4607
1869 4869
1869 4921
1869 4958
1870 2521
1870 2588
1870 3446
1870 3458
1870 4054
1870 4220
1870 4574
1871 1880
1871 2340
1871 2453
1871 2638
1871 2642
1871 3755
1871 3983
1871 4041
1871 4082
1871 4092
1871 4265
1872 2132
1872 2142
1872 2177
1872 3152
1872 3391
1872 3475
1872 4054
1872 4683
1872 4794
1872 4940
1873 2423
1873 2462
1873 3352
1873 3474
1873 4266
1873 4519
1873 4640
1873 4741
1874 2399
1874 2432
1874 2490
1874 2569
1874 3160
1874 3814
1874 4176
1874 4520
1874 4775
1875 2394
1875 2591
1875 2635
1875 2756
1875 2774
1875 2786
1875 3285
1876 2079
1876 2135
1876 2485
1876 2551
1876 2657
1876 2980
1876 3501
1876 3770
1876 4211
1876 4445
1876 4581
1877 2559
1877 2841
1877 2865
1877 3259
1877 3539
1877 3664
1877 4400
1878 2646
1878 2787
1878 3283
1878 3555
1878 3822
1878 3887
1878 4024
1878 4764
1878 4880
1879 2012
1879 2685
1879 2693
1879 2880
1879 3197
1879 3223
1879 3466
1879 3872
1879 3930
1879 4112
1879 4269
1879 4639
1879 4663
1879 4981
1880 2464
1880 2584
1880 3648
1880 3678
1880 4122
1881 2161
1881 2300
1881 2442
1881 2774
1881 2915
1881 2992
1881 3245
1881 3385
1881 3430
1881 3887
1881 4657
1881 4755
1882 2143
1882 2579
1882 2822
1882 2943
1882 3622
1882 4717
1882 4982
1883 1973
1883 2118
1883 3211
1883 3788
1883 4108
1883 4153
1883 4790
1883 4965
1884 2692
1884 2697
1884 2869
1884 3138
1884 3415
1884 3494
1884 3495
1884 3749
1884 4617
1885 1961
1885 1974
1885 1989
1885 2046
1885 2240
1885 2324
1885 2503
1885 2817
1885 2860
1885 2986
1885 3438
1885 3606
1885 3701
1885 3779
1885 4183
1885 4227
1885 4728
1885 4978
1886 1963
1886 2643
1886 4475
1887 2045
1887 2196
1887 2271
1887 2389
1887 2640
1887 2741
1887 2892
1887 3054
1887 3352
1887 3864
1887 4081
1887 4114
1887 4214
1887 4263
1887 4440
1888 1986
1888 2196
1888 2455
1888 2534
1888 3565
1888 3640
1888 3806
1888 4114
1888 4187
1888 4352
1888 4409
1889 2124
1889 2777
1889 3542
1889 3909
1889 4333
1889 4600
1889 4921
1890 2337
1890 2469
1890 2586
1890 3038
1890 3056
1890 3790
1890 3921
1890 4517
1890 4619
1890 4951
1891 2634
1891 3382
1891 3542
1891 3641
1891 3861
1891 4131
1891 4385
1891 4645
1892 2281
1892 2415
1892 2445
1892 3031
1892 3671
1892 4210
1892 4754
1892 4914
1893 1898
1893 1996
1893 2074
1893 2382
1893 2548
1893 2669
1893 3334
1893 3922
1893 4030
1893 4325
1893 4540
1893 4672
1893 4773
1894 2121
1894 2271
1894 2496
1894 2531
1894 2580
1894 2692
1894 3023
1894 4438
1894 4585
1894 4605
1894 4719
1894 4819
1895 1981
1895 2199
1895 2443
1895 2576
1895 2702
1895 3215
1895 3394
1895 3721
1895 3963
1895 4450
1895 4661
1896 2205
1896 2440
1896 2772
1896 2945
1896 2982
1896 3203
1896 3335
1896 3354
1896 3478
1896 3980
1896 4551
1896 4855
1897 1902
1897 1919
1897 2139
1897 2178
1897 2486
1897 2641
1897 2884
1897 3050
1897 3170
1897 3273
1897 3306
1897 3501
1897 3623
1897 3642
1897 4203
1897 4413
1897 4483
1897 4741
1897 4792
1898 1924
1898 2092
1898 2766
1898 2889
1898 3116
1898 3503
1898 4136
1898 4230
1898 4305
1898 4405
1898 4852
1898 4960
1899 2147
1899 2156
1899 2756
1899 2791
1899 2827
1899 2878
1899 3485
1899 3811
1899 3945
1899 3989
1899 4437
1899 4552
1899 4560
1899 4629
1899 4808
1899 4982
1900 1910
1900 2737
1900 3032
1900 3147
1900 3463
1900 3471
1900 3704
1900 3906
1900 3912
1900 4516
1900 4570
1900 4911
1901 2721
1901 2782
1901 2947
1901 2954
1901 3269
1901 3432
1901 3454
1901 3630
1901 4015
1901 4032
1901 4191
1901 4613
1902 2310
1902 2390
1902 2428
1902 2682
1902 2902
1902 2945
1902 2968
1902 2984
1902 3469
1902 3869
1902 4330
1902 4933
1903 2533
1903 2918
1903 3243
1903 3732
1903 3739
1903 3747
1903 3868
1903 4735
1904 2080
1904 2519
1904 2570
1904 3217
1904 3252
1904 3387
1904 3452
1904 3585
1904 3654
1904 4317
1904 4382
1904 4496
1905 2032
1905 2249
1905 2391
1905 2905
1905 3055
1905 3203
1905 3669
1905 3958
1905 4046
1905 4189
1905 4904
1905 4991
1906 2353
1906 2488
1906 2701
1906 2808
1906 2855
1906 2865
1906 3625
1906 3681
1906 3837
1906 3885
1906 4137
1906 4676
1907 2290
1907 2438
1907 3356
1907 4005
1907 4192
1907 4587
1907 4646
1908 2063
1908 2276
1908 2456
1908 2780
1908 2955
1908 3313
1908 3747
1908 3996
1909 2054
1909 2378
1909 2954
1909 3088
1909 3650
1909 3668
1909 4260
1909 4344
1909 4414
1909 4974
1910 2197
1910 2758
1910 2772
1910 3113
1910 3124
1910 3367
1910 3491
1910 3543
1910 4100
1910 4102
1910 4338
1910 4530
1910 4693
1910 4809
1911 2368
1911 2404
1911 2629
1911 2733
1911 3181
1911 3333
1911 3386
1911 3503
1911 3811
1911 3870
1912 1961
1912 1981
1912 2859
1912 2915
1912 3125
1912 3658
1912 4026
1912 4196
1912 4515
1912 4622
1912 4678
1913 1948
1913 2533
1913 2695
1913 3971
1913 4668
1913 4671
1913 4713
1913 4758
1914 1954
1914 2740
1914 3687
1914 3828
1914 4290
1914 4586
1914 4645
1915 1993
1915 2120
1915 2157
1915 2161
1915 3254
1915 3728
1915 3830
1915 4111
1915 4152
1915 4768
1915 4783
1916 2069
1916 3242
1916 4090
1916 4214
1916 4335
1916 4412
1916 4832
1916 4910
1917 1985
1917 2087
1917 2241
1917 2713
1917 2785
1917 2973
1917 2986
1917 3305
1917 3452
1917 3498
1917 3927
1917 4385
1917 4766
1918 2254
1918 2659
1918 2919
1918 2973
1918 3084
1918 3120
1918 3183
1918 3337
1918 3341
1918 3504
1918 3527
1918 3606
1918 3701
1918 3769
1918 4354
1918 4476
1918 4731
1918 4997
1919 2459
1919 2785
1919 2900
1919 2914
1919 3102
1919 3564
1919 3820
1919 4680
1919 4820
1919 4931
1919 4962
1919 4972
1920 2315
1920 2325
1920 2503
1920 2888
1920 3161
1920 4147
1921 2403
1921 2725
1921 3002
1921 3282
1921 3467
1921 3513
1921 3753
1921 3902
1921 4175
1921 4190
1921 4643
1921 4706
1921 4828
1921 4906
1922 2253
1922 2525
1922 2937
1922 3421
1922 3699
1922 3816
1922 4093
1922 4298
1922 4355
1922 4402
1922 4766
1922 4845
1923 2124
1923 2352
1923 2944
1923 3552
1923 3616
1923 3736
1923 3891
1923 4003
1923 4172
1923 4273
1923 4562
1923 4640
1923 4643
1923 4980
1924 1957
1924 2160
1924 2287
1924 2465
1924 2557
1924 2688
1924 2939
1924 3134
1924 3267
1924 3583
1924 4002
1924 4863
1925 2483
1925 2984
1925 3013
1925 3325
1925 3733
1925 4076
1925 4224
1925 4383
1925 4579
1925 4824
1925 4899
1926 2464
1926 3087
1926 3136
1926 3649
1926 3660
1926 4217
1927 2064
1927 2340
1927 2449
1927 2555
1927 2952
1927 3516
1928 1945
1928 2070
1928 2195
1928 2256
1928 3024
1928 3420
1928 3484
1928 3609
1928 3994
1929 2288
1929 3480
1929 3700
1930 2677
1930 2977
1930 3215
1930 3243
1930 3608
1930 3663
1930 3717
1930 3800
1930 3941
1930 4200
1930 4352
1930 4448
1930 4461
1931 2233
1931 2244
1931 2322
1931 2377
1931 2405
1931 2475
1931 3019
1931 3088
1931 3231
1931 3364
1931 3739
1931 3785
1931 3968
1931 4971
1932 1951
1932 2064
1932 2753
1932 2871
1932 2896
1932 3422
1932 3458
1932 3763
1932 4475
1932 4673
1933 2331
1933 2654
1933 2799
1933 2804
1933 2991
1933 3050
1933 3124
1933 3346
1933 3519
1933 3594
1933 3686
1933 3825
1933 4100
1933 4204
1933 4709
1934 2306
1934 2538
1934 2546
1934 2763
1934 2936
1934 3333
1934 3879
1934 4007
1934 4019
1934 4322
1934 4447
1934 4804
1934 4960
1935 2167
1935 2394
1935 3038
1935 4005
1935 4330
1935 4693
1935 4805
1936 2132
1936 2488
1936 2769
1936 2851
1936 3555
1936 4593
1937 1951
1937 2069
1937 2099
1937 2109
1937 2914
1937 3018
1937 3452
1937 3763
1937 4177
1937 4316
1937 4360
1937 4945
1938 2378
1938 2393
1938 2611
1938 2678
1938 3107
1938 3477
1938 3554
1938 3944
1938 4525
1939 1951
1939 2121
1939 2456
1939 2655
1939 2828
1939 3039
1939 3312
1939 3779
1939 4689
1939 4700
1939 4706
1939 4864
1940 2265
1940 2368
1940 2375
1940 2451
1940 2960
1940 3270
1940 3678
1940 3881
1940 4046
1940 4998
1941 2210
1941 2495
1941 2844
1941 2931
1941 3734
1941 3855
1941 3858
1941 4073
1941 4196
1941 4311
1941 4527
1942 1958
1942 2453
1942 3022
1942 3163
1942 3263
1942 3650
1942 4199
1942 4505
1942 4566
1942 4728
1942 4737
1943 2205
1943 2421
1943 3049
1943 3264
1943 4136
1943 4608
1943 4688
1943 4916
1944 2049
1944 2306
1944 2355
1944 2668
1944 3354
1944 3412
1944 3684
1944 4259
1944 4296
1945 2248
1945 2710
1945 3248
1945 3525
1945 3788
1945 4345
1945 4580
1945 4583
1945 4605
1945 4882
1946 2640
1946 2944
1946 2995
1946 3207
1946 3263
1946 3354
1946 3455
1946 3767
1946 4164
1946 4406
1946 4458
1947 1948
1947 2054
1947 2435
1947 2512
1947 2600
1947 3010
1947 4275
1947 4771
1947 4944
1948 2140
1948 2160
1948 2592
1948 2881
1948 2928
1948 3936
1948 3966
1948 4007
1948 4027
1948 4277
1948 4325
1948 4344
1948 4784
1948 4789
1949 2146
1949 2257
1949 2332
1949 2360
1949 2484
1949 2672
1949 2674
1949 3130
1949 3138
1949 3167
1949 3597
1949 4181
1949 4379
1949 4416
1949 4526
1949 4599
1949 4868
1949 4915
1950 2031
1950 2280
1950 2628
1950 2832
1950 2946
1950 3522
1950 4482
1950 4883
1951 2353
1951 2459
1951 2950
1951 2995
1951 3485
1951 3821
1951 3885
1951 4095
1951 4625
1951 4903
1952 2406
1952 4086
1952 4193
1952 4285
1952 4432
1952 4599
1952 4957
1953 2209
1953 2842
1953 3369
1953 3574
1953 3710
1953 3960
1953 4408
1953 4618
1954 3228
1954 3382
1954 3522
1954 3822
1954 4389
1954 4738
1954 4885
1955 3488
1955 3537
1955 3747
1955 3987
1955 4376
1955 4403
1955 4827
1955 4962
1956 2582
1956 2852
1956 2871
1956 3302
1956 4039
1956 4747
1957 2330
1957 2374
1957 2728
1957 3083
1957 3139
1957 3319
1957 3700
1957 4234
1957 4758
1957 4977
1958 2415
1958 4032
1958 4312
1958 4420
1958 4550
1958 4731
1959 2413
1959 2823
1959 2930
1959 3197
1959 3512
1959 3610
1959 3907
1959 4019
1959 4053
1959 4327
1959 4828
1959 4897
1960 3846
1960 4323
1961 2171
1961 2411
1961 3106
1961 3394
1961 3464
1961 3625
1961 3634
1961 3741
1961 3762
1961 4264
1961 4573
1962 2112
1962 2132
1962 2231
1962 2548
1962 2629
1962 3212
1962 3603
1962 3861
1962 4450
1962 4465
1962 4632
1962 4764
1962 4792
1962 4979
1963 2517
1963 2626
1963 3144
1963 3385
1963 3401
1963 3696
1963 3704
1963 4549
1963 4577
1964 2343
1964 2413
1964 3005
1964 3268
1964 3441
1964 3702
1964 4500
1964 4867
1965 2045
1965 2206
1965 2819
1965 2914
1965 3234
1965 3318
1965 3700
1965 4107
1965 4741
1966 1993
1966 2935
1966 3382
1966 3581
1966 4404
1966 4438
1966 4864
1967 2028
1967 2196
1967 2204
1967 2533
1967 2912
1967 3208
1967 3370
1967 3590
1967 3591
1967 3809
1967 3811
1967 3928
1967 4582
1967 4589
1967 4747
1968 2159
1968 2236
1968 2394
1968 2597
1968 3112
1968 3168
1968 3214
1968 4208
1968 4696
1968 4841
1969 2001
1969 2482
1969 3201
1969 3718
1969 3784
1969 3868
1969 4332
1970 2821
1970 2967
1970 3272
1970 3811
1970 4084
1970 4203
1970 4414
1970 4482
1971 2017
1971 2465
1971 2692
1971 2939
1971 3023
1971 3766
1971 3807
1971 3866
1971 3913
1971 4955
1972 2194
1972 2375
1972 2446
1972 2522
1972 2641
1972 2920
1972 3138
1972 3278
1972 3438
1972 3757
1972 3891
1972 4150
1973 2073
1973 2387
1973 3186
1973 4505
1973 4558
1973 4888
1974 2016
1974 2050
1974 2076
1974 2343
1974 2768
1974 2785
1974 2786
1974 3153
1974 4173
1974 4397
1975 3106
1975 3377
1975 3533
1975 3832
1975 3862
1975 3876
1975 4932
1976 2327
1976 2616
1976 2671
1976 3272
1976 3277
1976 3365
1976 3548
1977 2045
1977 2692
1977 2827
1977 2837
1977 3980
1977 4015
1977 4177
1977 4290
1977 4492
1977 4577
1977 4944
1978 2149
1978 2155
1978 2409
1978 2993
1978 3567
1978 3870
1978 4036
1978 4147
1978 4173
1978 4461
1978 4481
1978 4517
1978 4814
1978 4972
1979 2091
1979 3828
1979 4032
1979 4492
1979 4585
1980 2094
1980 2109
1980 2515
1980 2812
1980 3857
1980 4002
1980 4608
1980 4650
1980 4932
1981 2110
1981 2156
1981 2191
1981 2246
1981 2373
1981 2430
1981 2545
1981 2946
1981 3001
1981 3745
1981 3943
1981 4009
1981 4222
1981 4369
1982 2055
1982 2143
1982 3023
1982 3035
1982 3056
1982 3345
1982 3570
1982 4189
1982 4770
1982 4889
1983 2078
1983 2181
1983 2255
1983 3107
1983 3117
1983 3253
1983 3395
1983 4151
1983 4376
1983 4552
1983 4871
1983 4970
1984 2487
1984 2609
1984 2621
1984 3004
1984 3182
1984 3196
1984 3299
1984 3410
1984 3488
1984 3510
1984 3639
1984 3739
1984 3995
1984 4152
1984 4236
1984 4240
1984 4404
1984 4522
1984 4538
1985 2203
1985 3092
1985 3229
1985 4259
1986 2161
1986 2398
1986 2404
1986 2514
1986 2668
1986 2727
1986 2920
1986 3107
1986 3771
1986 4366
1987 2162
1987 2200
1987 2355
1987 2911
1987 3582
1987 4144
1987 4605
1987 4750
1987 4906
1987 4962
1988 2755
1988 2890
1988 2995
1988 3007
1988 3057
1988 3222
1988 3258
1988 3269
1988 3480
1988 4452
1988 4850
1989 2166
1989 2420
1989 2711
1989 3625
1989 3699
1989 3949
1989 4201
1989 4296
1989 4421
1989 4556
1989 4659
1990 2389
1990 2519
1990 2705
1990 2834
1990 3320
1990 3768
1990 4105
1990 4182
1990 4228
1991 2186
1991 2670
1991 2974
1991 4368
1991 4448
1991 4988
1992 2500
1992 2514
1992 2605
1992 3830
1992 4080
1992 4908
1993 2787
1993 3042
1993 3500
1993 3687
1993 3753
1993 4641
1993 4680
1994 2300
1994 2606
1994 2645
1994 2908
1994 3646
1994 4190
1994 4336
1994 4714
1995 2798
1995 3623
1995 3913
1995 4146
1995 4333
1995 4517
1995 4569
1996 2810
1996 2851
1996 2971
1996 3036
1996 3115
1996 4015
1997 2077
1997 2191
1997 3262
1997 3290
1997 3503
1997 3846
1997 3872
1997 4444
1997 4816
1997 4872
1998 2276
1998 2720
1998 2989
1998 3013
1998 3367
1998 3875
1998 3930
1998 4459
1999 2111
1999 2244
1999 2964
1999 2971
1999 3851
1999 3863
1999 4060
1999 4139
1999 4247
1999 4906
2000 2047
2000 2139
2000 2252
2000 2327
2000 2721
2000 2769
2000 4112
2000 4344
2000 4839
2000 4910
2000 4918
2001 2059
2001 2177
2001 2345
2001 2515
2001 3023
2001 3051
2001 3129
2001 3213
2001 3284
2001 3624
2001 4129
2001 4419
2001 4776
2002 2696
2002 3103
2002 3958
2002 4108
2002 4768
2003 2731
2003 2945
2003 3033
2003 3110
2003 3131
2003 4752
2003 4814
2003 4842
2003 4919
2004 3335
2004 4207
2004 4416
2004 4731
2004 4979
2005 2295
2005 2321
2005 2557
2005 3160
2005 4241
2005 4632
2006 2444
2006 3097
2006 3275
2006 3404
2006 3496
2006 3618
2006 3654
2006 4001
2006 4803
2007 2293
2007 2620
2007 2979
2007 3167
2007 3660
2007 3765
2007 3783
2007 4055
2008 2134
2008 2399
2008 2456
2008 2525
2008 3156
2008 3233
2008 3514
2008 3524
2008 3595
2008 3948
2008 4020
2008 4472
2008 4492
2008 4726
2008 4746
2009 2561
2009 2896
2009 3158
2009 3653
2009 4110
2009 4506
2009 4554
2009 4885
2010 2503
2010 2705
2010 2807
2010 3218
2010 3264
2010 3539
2010 3738
2010 3741
2010 3748
2010 4481
2010 4549
2010 4980
2011 2027
2011 2197
2011 2777
2011 2977
2011 3159
2011 3261
2011 3509
2011 4976
2012 2665
2012 2686
2012 2910
2012 2925
2012 3010
2012 3755
2012 4095
2012 4701
2012 4880
2013 2022
2013 2233
2013 2413
2013 2445
2013 2506
2013 2636
2013 3180
2013 3661
2013 3683
2013 4095
2013 4275
2013 4500
2013 4512
2013 4555
2014 3019
2014 3438
2014 3591
2014 3907
2014 4179
2014 4247
2014 4593
2014 4780
2015 2016
2015 2683
2015 2740
2015 2928
2015 2962
2015 3097
2015 3949
2015 3993
2015 4268
2015 4433
2015 4650
2016 2077
2016 2564
2016 2677
2016 2821
2016 2901
2016 3576
2016 4173
2016 4898
2017 2918
2017 3084
2017 3643
2017 4085
2017 4398
2017 4436
2017 4517
2017 4700
2018 2172
2018 3476
2018 3615
2018 3994
2018 4483
2018 4764
2018 4888
2019 2783
2019 2863
2019 2867
2019 2911
2019 3031
2019 3140
2019 3420
2019 4172
2019 4662
2019 4931
2020 2256
2020 2259
2020 2365
2020 2852
2020 2910
2020 4210
2020 4427
2021 2152
2021 2171
2021 4234
2021 4547
2021 4557
2021 4620
2021 4909
2022 2301
2022 2464
2022 3137
2022 3752
2022 3984
2022 4172
2022 4201
2022 4277
2022 4600
2023 2077
2023 2435
2023 2696
2023 2916
2023 2930
2023 3005
2023 3234
2023 3451
2023 4086
2023 4414
2023 4415
2023 4536
2023 4565
2023 4648
2024 2131
2024 2172
2024 2436
2024 2558
2024 2960
2024 3109
2024 3216
2024 3259
2024 3369
2024 3518
2024 3657
2024 3764
2024 4299
2025 2233
2025 2497
2025 3117
2025 3154
2025 3274
2025 4717
2026 2127
2026 2317
2026 2658
2026 2762
2026 2819
2026 3031
2026 3058
2026 3096
2026 3239
2026 3723
2026 4143
2026 4351
2026 4573
2026 4936
2027 2262
2027 2304
2027 2772
2027 2978
2027 3347
2027 3465
2027 3662
2027 4304
2027 4332
2027 4707
2028 2458
2028 2521
2028 2775
2028 2832
2028 2901
2028 2958
2028 3032
2028 3593
2028 3812
2028 3907
2028 3998
2028 4536
2029 3251
2029 3283
2029 3488
2029 4763
2029 4951
2030 2374
2030 2376
2030 2513
2030 2634
2030 3300
2030 4245
2030 4583
2031 2144
2031 2537
2031 2592
2031 2814
2031 2855
2031 2893
2031 3065
2031 3140
2031 3547
2031 3579
2031 3809
2031 4108
2031 4675
2032 2284
2032 2517
2032 2548
2032 3082
2032 3610
2032 3863
2032 3911
2032 4095
2032 4531
2032 4786
2032 4827
2032 4925
2033 2186
2033 2771
2033 3115
2033 3537
2033 4591
2033 4894
2034 2674
2034 2885
2034 3110
2034 3152
2034 3552
2034 3880
2034 3946
2034 4138
2034 4234
2034 4804
2034 4820
2035 2945
2035 3307
2035 3423
2035 4204
2035 4302
2035 4641
2035 4891
2036 2325
2036 3038
2036 4434
2036 4641
2036 4749
2037 2916
2037 3064
2037 4088
2037 4243
2037 4418
2037 4681
2037 4884
2038 2592
2038 2611
2038 2732
2038 2922
2038 2934
2038 2994
2038 3220
2038 3592
2038 3638
2038 4124
2038 4512
2038 4904
2039 2078
2039 2352
2039 2420
2039 2613
2039 3235
2039 4129
2039 4585
2039 4630
2040 2233
2040 2508
2040 2593
2040 3288
2040 3291
2040 3329
2040 3466
2040 3484
2040 3485
2040 3536
2040 4094
2041 2123
2041 2324
2041 2450
2041 3061
2041 3200
2041 3845
2041 3961
2041 4157
2041 4606
2041 4834
2041 4920
2042 2407
2042 2547
2042 2572
2042 4045
2042 4067
2042 4210
2042 4415
2042 4692
2042 4721
2043 2592
2043 2612
2043 3215
2043 3298
2043 3301
2043 3505
2043 3596
2043 4071
2043 4632
2043 4717
2043 4870
2044 2184
2044 2734
2044 2800
2044 3132
2044 3337
2044 3946
2044 4403
2044 4816
2044 4979
2045 2464
2045 2855
2045 3059
2045 3293
2045 3558
2045 3642
2045 3675
2045 3934
2045 3999
2045 4029
2045 4605
2046 2120
2046 2219
2046 3003
2046 3266
2046 3322
2046 3542
2046 3745
2046 3799
2046 4211
2046 4212
2046 4309
2046 4379
2046 4512
2047 2071
2047 2762
2047 3329
2047 3978
2047 4418
2048 2389
2048 2894
2048 3211
2048 3501
2048 3685
2048 4063
2048 4310
2048 4586
2049 2168
2049 3694
2049 3697
2049 3780
2049 3932
2049 4148
2049 4380
2049 4586
2050 2391
2050 3139
2050 3219
2050 3285
2050 3345
2050 3472
2050 3594
2050 3631
2050 4114
2050 4304
2050 4509
2050 4632
2050 4817
2051 2080
2051 2089
2051 2122
2051 2416
2051 2878
2051 3467
2051 3591
2051 3739
2051 3840
2051 4093
2051 4201
2051 4319
2051 4467
2051 4543
2051 4599
2051 4992
2052 2454
2052 2656
2052 2733
2052 3263
2052 3562
2052 3598
2052 3664
2052 3778
2052 3783
2052 4054
2052 4135
2052 4304
2052 4581
2052 4603
2052 4651
2052 4707
2053 2754
2053 2939
2053 3024
2053 3203
2053 3335
2053 3721
2053 3968
2053 4345
2053 4371
2053 4697
2053 4732
2054 2260
2054 2285
2054 2315
2054 2423
2054 2526
2054 2966
2054 3696
2054 3847
2054 4297
2054 4502
2055 2093
2055 2164
2055 2188
2055 2282
2055 2642
2055 2843
2055 3443
2055 3518
2055 4539
2055 4664
2056 3493
2056 3601
2056 3654
2056 3889
2056 4375
2057 2146
2057 2251
2057 2663
2057 2743
2057 3541
2058 2769
2058 3051
2058 3139
2058 3875
2059 2162
2059 2462
2059 3553
2059 3732
2059 3797
2059 3906
2059 4592
2059 4688
2059 4869
2060 2283
2060 2341
2060 2493
2060 2548
2060 2801
2060 2997
2060 3986
2060 4017
2060 4036
2060 4195
2060 4696
2060 4942
2060 4972
2061 2413
2061 3353
2061 3737
2061 3841
2061 3956
2061 4805
2061 4867
2062 2327
2062 2637
2062 2714
2062 3695
2062 4431
2062 4607
2062 4775
2062 4855
2063 2612
2063 2646
2063 2807
2063 3238
2063 3247
2063 3264
2063 3597
2063 4047
2063 4141
2063 4284
2063 4519
2063 4539
2063 4734
2063 4818
2064 2896
2064 3495
2064 4244
2064 4427
2064 4565
2064 4809
2064 4813
2065 2165
2065 2755
2065 2923
2065 2941
2065 3055
2065 3542
2065 3707
2065 3713
2065 4051
2065 4615
2065 4807
2066 2318
2066 2426
2066 2485
2066 2502
2066 2848
2066 3219
2066 3590
2066 3649
2066 3821
2066 3932
2066 4069
2066 4165
2066 4381
2066 4616
2066 4963
2066 4965
2067 2495
2067 2895
2067 3336
2067 3377
2067 3461
2067 3530
2067 3945
2067 4238
2067 4445
2067 4566
2067 4978
2068 2229
2068 2617
2068 2686
2068 2925
2068 3268
2068 3505
2068 3686
2068 3699
2068 4062
2069 2494
2069 2965
2069 3105
2069 3293
2069 3315
2069 3336
2069 3778
2069 3890
2069 3944
2070 2400
2070 2516
2070 2666
2070 2969
2070 3188
2070 3828
2070 3961
2070 4211
2071 2452
2071 3179
2071 4030
2071 4199
2072 2554
2072 3330
2072 3772
2072 4165
2072 4269
2073 3336
2073 3456
2073 3877
2073 4063
2073 4325
2073 4327
2073 4801
2073 4962
2074 2436
2074 2617
2074 3059
2074 3493
2074 3646
2074 3823
2074 3833
2074 4075
2074 4365
2074 4485
2075 4167
2075 4200
2075 4478
2075 4514
2075 4656
2075 4886
2076 2109
2076 2288
2076 2752
2076 3084
2076 3187
2076 3651
2076 3728
2076 4116
2077 2162
2077 2198
2077 2726
2077 3180
2077 3478
2077 3686
2077 3766
2077 4030
2077 4107
2077 4351
2077 4496
2077 4688
2077 4721
2078 2697
2078 2739
2078 2980
2078 4620
2078 4753
2079 2288
2079 2615
2079 3221
2079 3607
2079 3776
2079 4202
2079 4730
2079 4960
2080 2161
2080 2223
2080 2558
2080 2791
2080 3599
2080 3880
2080 4285
2080 4310
2081 2338
2081 2545
2081 2596
2081 2853
2081 3545
2081 3592
2081 3880
2081 4739
2082 2387
2082 2469
2082 2907
2082 3084
2082 3203
2082 3449
2082 3510
2082 3528
2082 3935
2082 4793
2083 2131
2083 2365
2083 2825
2083 2928
2083 3231
2083 3332
2083 3449
2083 4314
2083 4482
2083 4612
2083 4641
2083 4671
2084 2136
2084 2338
2084 2457
2084 2788
2084 3244
2084 3324
2084 4332
2084 4348
2084 4469
2084 4654
2085 2252
2085 2298
2085 2300
2085 2396
2085 2984
2085 3016
2085 3039
2085 3189
2085 3191
2085 3506
2085 4203
2085 4229
2085 4311
2085 4371
2085 4622
2085 4809
2085 4859
2086 3308
2086 3430
2086 4741
2086 4848
2087 2242
2087 2536
2087 2726
2087 2967
2087 3018
2087 3166
2087 3438
2087 3835
2087 4291
2087 4352
2087 4587
2088 2164
2088 2759
2088 2804
2088 4114
2088 4715
2088 4741
2089 2430
2089 3219
2089 3957
2089 4671
2089 4820
2090 2153
2090 2190
2090 2289
2090 2294
2090 2854
2090 3640
2090 3732
2090 4058
2090 4309
2090 4351
2090 4635
2090 4738
2090 4849
2090 4928
2091 2125
2091 3232
2091 3335
2091 3725
2091 3729
2091 3762
2091 4103
2091 4152
2091 4526
2091 4558
2091 4691
2092 2420
2092 2521
2092 3679
2092 4296
2092 4728
2092 4973
2093 2117
2093 2191
2093 2236
2093 2296
2093 4032
2093 4623
2093 4763
2093 4999
2094 2444
2094 2679
2094 3396
2094 3916
2094 4376
2094 4949
2095 2186
2095 2483
2095 2728
2095 3355
2095 4034
2095 4078
2095 4133
2095 4308
2095 4731
2095 4809
2095 4838
2096 2186
2096 2274
2096 2890
2096 3368
2096 3813
2096 4137
2096 4227
2096 4355
2096 4672
2097 2323
2097 2509
2097 2605
2097 2880
2097 3200
2097 3351
2097 3391
2097 3519
2097 3660
2097 3820
2097 3874
2097 4630
2098 2550
2098 2748
2098 2956
2098 3066
2098 3768
2098 3791
2098 3888
2098 4147
2098 4395
2098 4429
2098 4482
2098 4772
2099 2376
2099 2505
2099 2709
2099 2722
2099 2960
2099 3075
2099 3467
2099 3512
2099 4179
2099 4356
2100 2285
2100 2406
2100 2433
2100 2841
2100 2912
2100 3089
2100 3374
2100 3557
2100 3614
2100 3725
2100 3876
2100 4056
2100 4402
2100 4688
2101 2198
2101 2274
2101 2377
2101 3292
2101 3612
2101 3702
2101 3708
2101 4019
2101 4222
2101 4241
2101 4891
2102 2123
2102 2187
2102 2200
2102 2995
2102 3473
2102 3768
2102 3886
2102 4049
2102 4480
2102 4506
2102 4515
2102 4545
2102 4745
2103 2130
2103 2535
2103 2623
2103 2741
2103 2767
2103 2886
2103 3389
2103 3491
2103 3715
2103 3875
2103 3923
2103 4271
2103 4400
2103 4923
2104 2192
2104 2510
2104 3726
2105 2200
2105 2210
2105 2462
2105 2619
2105 3177
2105 3266
2105 3643
2105 3779
2105 4395
2105 4730
2105 4982
2106 2335
2106 2609
2106 2697
2106 3136
2106 3276
2106 3281
2106 4096
2106 4247
2106 4550
2106 4970
2107 2324
2107 2362
2107 2419
2107 3052
2107 3169
2107 4222
2107 4304
2107 4474
2107 4863
2107 4925
2107 4946
2108 2958
2108 3546
2108 3604
2108 4323
2108 4425
2109 2424
2109 2447
2109 2513
2109 2649
2109 2874
2109 3455
2109 3878
2109 3913
2109 4272
2109 4700
2109 4820
2110 2446
2110 2464
2110 2746
2110 2874
2110 2983
2110 3103
2110 3871
2110 3924
2110 4282
2110 4454
2110 4882
2110 4907
2111 2514
2111 2593
2111 3203
2111 3288
2111 3605
2111 3866
2111 4230
2112 2185
2112 2933
2112 3373
2112 3480
2112 3681
2112 3746
2112 3778
2112 3829
2112 4231
2112 4401
2112 4466
2113 2213
2113 2441
2113 2465
2113 3520
2113 4290
2113 4732
2113 4772
2113 4965
2114 2733
2114 2962
2114 3017
2114 3150
2114 3502
2114 3909
2114 4368
2114 4422
2114 4489
2114 4597
2115 2148
2115 2288
2115 2615
2115 3339
2115 3977
2115 3992
2115 4089
2115 4514
2115 4558
2115 4636
2116 2212
2116 2592
2116 3550
2116 3662
2116 3983
2116 4108
2116 4466
2116 4588
2116 4980
2117 2730
2117 3170
2117 3214
2117 3341
2117 3432
2117 3930
2117 4830
2118 2324
2118 2404
2118 3358
2118 3386
2118 3933
2118 4293
2118 4473
2118 4574
2118 4631
2118 4635
2118 4720
2118 4803
2119 2228
2119 3281
2119 3395
2119 3485
2119 3891
2119 4010
2119 4961
2120 2405
2120 2869
2120 3626
2121 2716
2121 3322
2121 3443
2121 3560
2121 3640
2121 3682
2121 3912
2121 3999
2121 4016
2121 4032
2121 4311
2121 4344
2121 4355
2121 4471
2121 4520
2122 2405
2122 2428
2122 2626
2122 2958
2122 3003
2122 3063
2122 3298
2122 3615
2122 3963
2122 3973
2122 4950
2123 2182
2123 2348
2123 3103
2123 3134
2123 3177
2123 3574
2123 4394
2123 4710
2124 2258
2124 2278
2124 2342
2124 2355
2124 2714
2124 3369
2124 3628
2124 3868
2124 4382
2124 4499
2124 4722
2124 4957
2125 2845
2125 2864
2125 3242
2125 3938
2125 4244
2125 4389
2125 4753
2126 3029
2126 3532
2126 3662
2126 4109
2127 2367
2127 2820
2127 3430
2127 3535
2127 4013
2127 4176
2127 4361
2127 4374
2127 4645
2127 4752
2127 4819
2128 2333
2128 2709
2128 3033
2128 3352
2128 4427
2128 4468
2128 4560
2128 4571
2128 4651
2129 2280
2129 2580
2129 2954
2129 3154
2129 3625
2129 3765
2129 4688
2129 4902
2130 2360
2130 2495
2130 3610
2130 3633
2130 3712
2130 3766
2130 4331
2130 4518
2130 4853
2131 2203
2131 2386
2131 2709
2131 3219
2131 3470
2131 3494
2131 3673
2131 3709
2131 3777
2131 4064
2131 4373
2131 4751
2132 2722
2132 3143
2132 4967
2133 2200
2133 2233
2133 3734
2133 4238
2133 4766
2134 2641
2134 3122
2134 3188
2134 3979
2134 4468
2134 4711
2134 4999
2135 2196
2135 2225
2135 2462
2135 2743
2135 2931
2135 3467
2135 3757
2135 4019
2135 4174
2135 4487
2135 4511
2135 4939
2135 4940
2136 2752
2136 3366
2136 4378
2136 4503
2136 4598
2136 4633
2136 4912
2137 2305
2137 2401
2137 2599
2137 3147
2137 3218
2137 3364
2137 3534
2137 3603
2137 3627
2137 3738
2137 3965
2137 4121
2137 4179
2137 4949
2138 2687
2138 2700
2138 2844
2138 3039
2138 3383
2138 3753
2138 3772
2138 4012
2138 4208
2138 4599
2139 2197
2139 2281
2139 2789
2139 2849
2139 3002
2139 3107
2139 3278
2139 4043
2139 4514
2139 4756
2140 2590
2140 2854
2140 2933
2140 2953
2140 2974
2140 3622
2140 3647
2140 4424
2140 4540
2141 2646
2141 3278
2141 3546
2141 3840
2141 4193
2141 4346
2141 4504
2141 4534
2141 4627
2142 2318
2142 2419
2142 2420
2142 2561
2142 2717
2142 2782
2142 3422
2142 3534
2142 3697
2142 3850
2142 4040
2142 4058
2142 4436
2142 4561
2143 3075
2143 3300
2143 3989
2143 4604
2144 2295
2144 2353
2144 3901
2144 4071
2144 4309
2144 4612
2145 2273
2145 2518
2145 2813
2145 2920
2145 3052
2145 3054
2145 3061
2145 3140
2145 3419
2145 3993
2145 4160
2145 4948
2146 2772
2146 2886
2146 3062
2146 3761
2146 4105
2146 4222
2146 4365
2146 4372
2146 4384
2147 2258
2147 2558
2147 2910
2147 3130
2147 3141
2147 3447
2147 3595
2147 4139
2147 4351
2147 4374
2147 4441
2147 4617
2148 2168
2148 2229
2148 2841
2148 2922
2148 3146
2148 3205
2148 3967
2148 4125
2148 4708
2148 4945
2149 2172
2149 2298
2149 2366
2149 2429
2149 2450
2149 2904
2149 3569
2149 3705
2149 3894
2149 4151
2150 2268
2150 2495
2150 3198
2150 3481
2150 3867
2150 3991
2150 4046
2150 4284
2150 4891
2150 4957
2151 2249
2151 2597
2151 2708
2151 2950
2151 3178
2151 3319
2151 3339
2151 3493
2151 3543
2151 3653
2151 3697
2151 3833
2151 3923
2152 2393
2152 2416
2152 3016
2152 3750
2152 3849
2152 4019
2153 2537
2153 2581
2153 2717
2153 3124
2153 3507
2153 4140
2153 4250
2153 4402
2153 4594
2154 2202
2154 2542
2154 3013
2154 3203
2154 3525
2154 3647
2154 3733
2154 4381
2154 4472
2154 4625
2154 4930
2155 2237
2155 2352
2155 2886
2155 3036
2155 3673
2155 3779
2155 3931
2155 4436
2155 4768
2156 2515
2156 2772
2156 2975
2156 3505
2156 3535
2156 4168
2156 4188
2156 4196
2156 4272
2156 4612
2156 4913
2157 2183
2157 2275
2157 2510
2157 3009
2157 3088
2157 3221
2157 3376
2157 3452
2157 4086
2157 4417
2157 4565
2157 4605
2157 4771
2158 2188
2158 2302
2158 2328
2158 3319
2158 3504
2158 3747
2158 3922
2158 3923
2158 3993
2158 4007
2158 4608
2159 2451
2159 2469
2159 2775
2159 3512
2159 3838
2159 4028
2159 4807
2160 2375
2160 2599
2160 2626
2160 2708
2160 3216
2160 3481
2160 3538
2160 3975
2160 3984
2160 4431
2160 4556
2160 4805
2160 4991
2161 2544
2161 2874
2161 3159
2161 3381
2161 3423
2161 3640
2161 3803
2161 3839
2161 3942
2161 4133
2161 4169
2161 4414
2161 4496
2161 4683
2162 2175
2162 2645
2162 2936
2162 3560
2162 3682
2162 4055
2162 4145
2162 4935
2163 2220
2163 2475
2163 2531
2163 2590
2163 3484
2163 4001
2163 4538
2163 4971
2164 2408
2164 2702
2164 2881
2164 3291
2164 3451
2164 3759
2164 3891
2164 4433
2164 4554
2164 4725
2165 2324
2165 2370
2165 2375
2165 2422
2165 2535
2165 3098
2165 3251
2165 3400
2165 3664
2165 3750
2165 3819
2165 3880
2166 2962
2166 3069
2166 3453
2166 3718
2166 3922
2166 4046
2166 4316
2166 4796
2166 4892
2167 2394
2167 2436
2167 2904
2167 2959
2167 3246
2167 3506
2167 3516
2167 3818
2167 4040
2167 4501
2167 4567
2168 2250
2168 2829
2168 2992
2168 3126
2168 3393
2168 3605
2168 3688
2168 4335
2168 4398
2168 4427
2168 4751
2168 4831
2168 4835
2168 4893
2169 2407
2169 2656
2169 3046
2169 3283
2169 3737
2169 3880
2169 4078
2169 4690
2169 4771
2169 4962
2169 4976
2169 4991
2170 2559
2170 2760
2170 2890
2170 3255
2170 3294
2170 3431
2170 4757
2170 4954
2171 2684
2171 3147
2171 3263
2171 3817
2171 4266
2171 4559
2171 4996
2172 2199
2172 2217
2172 2650
2172 2828
2172 2876
2172 3813
2172 3862
2172 3917
2172 4544
2173 2287
2173 2302
2173 2756
2173 2996
2173 3147
2173 3219
2173 3870
2173 3958
2173 4104
2173 4341
2173 4863
2174 2175
2174 2344
2174 2348
2174 2746
2174 2792
2174 3027
2174 3400
2174 3771
2174 3924
2174 4377
2174 4717
2174 4890
2175 2409
2175 2518
2175 2902
2175 3174
2175 3350
2175 3461
2175 3513
2175 3581
2175 4039
2175 4104
2175 4529
2176 2556
2176 2832
2176 2964
2176 3555
2176 3732
2176 3774
2176 4264
2176 4679
2176 4935
2177 2350
2177 2491
2177 2553
2177 2955
2177 3013
2177 3014
2177 3086
2177 3148
2177 3812
2177 3897
2177 4122
2177 4329
2178 2310
2178 2754
2178 2985
2178 3453
2178 3551
2178 3615
2178 4301
2178 4911
2179 2322
2179 2781
2179 2819
2179 3080
2179 3180
2179 3698
2180 2421
2180 2538
2180 2564
2180 2894
2180 3065
2180 3182
2180 3211
2180 3298
2180 4432
2181 2479
2181 2838
2181 3907
2181 3940
2181 4091
2181 4326
2182 2494
2182 2520
2182 4077
2182 4131
2182 4324
2182 4414
2182 4658
2183 2406
2183 2929
2183 3021
2183 3310
2183 3976
2183 4315
2183 4717
2184 2444
2184 2724
2184 3468
2184 4088
2184 4220
2185 2521
2185 2659
2185 2839
2185 3201
2185 3381
2185 4060
2185 4079
2185 4126
2185 4263
2185 4616
2186 2237
2186 2647
2186 2916
2186 3567
2186 3732
2186 4056
2186 4367
2187 2605
2187 2755
2187 3109
2187 3150
2187 3251
2187 4174
2187 4230
2187 4651
2187 4740
2187 4753
2188 2449
2188 2846
2188 3225
2188 3441
2188 3631
2188 3675
2188 3868
2189 2477
2189 2487
2189 3036
2189 3099
2189 3871
2189 4402
2190 2265
2190 2276
2190 2552
2190 2974
2190 3548
2190 3854
2190 3856
2190 4266
2190 4811
2190 4853
2190 4912
2191 2469
2191 3033
2191 3518
2191 3593
2191 3793
2191 4610
2192 2574
2192 3344
2192 3707
2192 3710
2192 3784
2192 4056
2192 4100
2192 4617
2192 4941
2193 2363
2193 2383
2193 3779
2193 4157
2193 4455
2193 4553
2193 4642
2194 2478
2194 2622
2194 2681
2194 3013
2194 3862
2194 3872
2194 4045
2194 4101
2194 4349
2194 4878
2195 2220
2195 2228
2195 2338
2195 2608
2195 2700
2195 2850
2195 2910
2195 3297
2195 3597
2195 3779
2195 4089
2195 4780
2196 2434
2196 2834
2196 3030
2196 3226
2196 3303
2196 3424
2196 3642
2196 3671
2196 3824
2196 4366
2197 2205
2197 2257
2197 2363
2197 3145
2197 3204
2197 3705
2197 4650
2198 2461
2198 2823
2198 3002
2198 3293
2198 3445
2198 3503
2198 3636
2198 3728
2198 4615
2198 4958
2199 2745
2199 4011
2199 4147
2199 4588
2200 2203
2200 3227
2200 3284
2200 4264
2200 4714
2200 4722
2201 2283
2201 2687
2201 3041
2201 3111
2201 4381
2201 4438
2201 4826
2201 4855
2201 4935
2202 2622
2202 3143
2202 3886
2202 4220
2202 4418
2202 4495
2202 4676
2202 4974
2203 2239
2203 2628
2203 2693
2203 3059
2203 3224
2203 3318
2203 3708
2203 4033
2203 4426
2203 4524
2203 4562
2204 2395
2204 2582
2204 3008
2204 3079
2204 3508
2204 4166
2204 4185
2204 4378
2204 4636
2204 4706
2204 4887
2205 2630
2205 2685
2205 3509
2205 4326
2205 4378
2205 4637
2205 4903
2205 4967
2206 2373
2206 2449
2206 2640
2206 2641
2206 2700
2206 3100
2206 3636
2206 4410
2206 4884
2206 4993
2207 2458
2207 2774
2207 2850
2207 3235
2207 3309
2207 4511
2207 4524
2207 4666
2208 3551
2208 3839
2208 3892
2208 4080
2208 4183
2208 4441
2208 4856
2208 4897
2209 2984
2209 3321
2209 3567
2209 3618
2209 3729
2209 3803
2209 3842
2209 4189
2210 2386
2210 2875
2210 3802
2210 4001
2211 2372
2211 2512
2211 2763
2211 3261
2211 3309
2211 3339
2211 3495
2211 3745
2211 3903
2211 4355
2211 4735
2212 2847
2212 3005
2212 3515
2212 4998
2213 2415
2213 3233
2213 3490
2213 3526
2213 3957
2213 4068
2213 4104
2213 4141
2213 4235
2213 4729
2213 4791
2213 4962
2214 3088
2214 3362
2214 3467
2214 3506
2214 3873
2214 4040
2214 4594
2214 4683
2215 2394
2215 2765
2215 3146
2215 3289
2215 3902
2215 4080
2215 4437
2215 4517
2215 4527
2215 4799
2215 4820
2216 2227
2216 2485
2216 2621
2216 2818
2216 2954
2216 3019
2216 3214
2216 3407
2216 3620
2216 3744
2216 3897
2216 4113
2216 4630
2217 2302
2217 2342
2217 2834
2217 2963
2217 3214
2217 3720
2217 3997
2217 4280
2217 4512
2217 4801
2217 4810
2217 4877
2218 2573
2218 2619
2218 2963
2218 3024
2218 3439
2218 3864
2218 4192
2218 4923
2219 2577
2219 2589
2219 2920
2219 2954
2219 4069
2219 4096
2219 4231
2219 4422
2219 4577
2219 4587
2219 4638
2219 4787
2220 2288
2220 2627
2220 2649
2220 2924
2220 2993
2220 3769
2220 3840
2220 4086
2220 4490
2220 4795
2221 2343
2221 2362
2221 2485
2221 2700
2221 2994
2221 4212
2221 4282
2221 4822
2222 2382
2222 2874
2222 2920
2222 3021
2222 4231
2222 4235
2222 4256
2222 4662
2222 4728
2223 2228
2223 2451
2223 2493
2223 2675
2223 3003
2223 3013
2223 3027
2223 3390
2223 3671
2223 3776
2223 3785
2223 4016
2223 4562
2223 4693
2224 3190
2224 3717
2224 3796
2224 3879
2224 4085
2224 4233
2224 4307
2224 4369
2224 4389
2224 4699
2224 4882
2225 3264
2225 3336
2225 3560
2225 3591
2225 3642
2225 3692
2225 3751
2225 4079
2225 4134
2225 4614
2226 2239
2226 2396
2226 2441
2226 2542
2226 3031
2226 3412
2226 3757
2226 4077
2226 4872
2227 2326
2227 3654
2227 3999
2227 4169
2227 4197
2227 4313
2227 4341
2227 4366
2227 4665
2227 4785
2227 4837
2228 2309
2228 3207
2228 3365
2228 3409
2228 3615
2228 3834
2228 4281
2228 4298
2228 4302
2228 4380
2228 4579
2229 2681
2229 2759
2229 3356
2229 3438
2229 3467
2229 3702
2229 3903
2229 4462
2229 4490
2229 4705
2229 4892
2230 2269
2230 2466
2230 2799
2230 3255
2230 3894
2230 4009
2230 4297
2230 4321
2230 4414
2230 4726
2231 2852
2231 3052
2231 3121
2231 3315
2231 3529
2231 4056
2231 4452
2231 4773
2231 4910
2232 2303
2232 2943
2232 2984
2232 3121
2232 3793
2232 3822
2232 3832
2232 3860
2232 4787
2232 4914
2233 2272
2233 2312
2233 3290
2233 3501
2233 3655
2233 3760
2233 3823
2233 3840
2233 4090
2233 4520
2233 4656
2234 2305
2234 2535
2234 2704
2234 2713
2234 3026
2234 3847
2234 3856
2234 4183
2234 4196
2234 4218
2234 4999
2235 2410
2235 2489
2235 3621
2235 3995
2235 4042
2235 4048
2235 4182
2235 4631
2236 2302
2236 3038
2236 3039
2236 3462
2236 3526
2236 4133
2236 4357
2236 4909
2237 2515
2237 2747
2237 2838
2237 2953
2237 3152
2237 3212
2237 3522
2237 4335
2238 2469
2238 2505
2238 2995
2238 3266
2238 3529
2238 4589
2238 4742
2238 4780
2239 2887
2239 3290
2239 3515
2239 3611
2239 3777
2239 4128
2239 4149
2239 4304
2239 4607
2240 2898
2240 2998
2240 3044
2240 4149
2240 4360
2240 4471
2240 4837
2241 3172
2241 3292
2241 3402
2241 4068
2241 4578
2242 2279
2242 2430
2242 2465
2242 2604
2242 3150
2242 3333
2242 3572
2242 4081
2242 4267
2242 4644
2242 4652
2243 2371
2243 2500
2243 2527
2243 2616
2243 2649
2243 2837
2243 2877
2243 2952
2243 3316
2243 3806
2243 4089
2243 4335
2243 4544
2243 4646
2243 4734
2244 2989
2244 3074
2244 3452
2244 4363
2244 4771
2244 4998
2245 2282
2245 2305
2245 3480
2245 3495
2245 3570
2245 3797
2245 3957
2245 4258
2245 4282
2245 4788
2245 4942
2245 4977
2246 2550
2246 2573
2246 2805
2246 2966
2246 3112
2246 3552
2246 4105
2246 4446
2246 4537
2247 2824
2247 3027
2247 3028
2247 3422
2247 4570
2247 4571
2247 4809
2248 3267
2248 3492
2248 4036
2248 4405
2248 4522
2248 4837
2249 2436
2249 2548
2249 2632
2249 3411
2249 3823
2249 4312
2249 4460
2249 4561
2249 4802
2249 4957
2250 2570
2250 3394
2250 3499
2250 3572
2250 3635
2250 4103
2250 4132
2250 4189
2250 4656
2250 4674
2250 4780
2251 2259
2251 2605
2251 2664
2251 3765
2251 3913
2251 4437
2251 4575
2251 4995
2252 2640
2252 3670
2252 3803
2252 3899
2252 4000
2252 4306
2252 4401
2253 2865
2253 3327
2253 3657
2253 4183
2254 2531
2254 3295
2254 3488
2254 4242
2254 4263
2254 4394
2254 4441
2255 2440
2255 2780
2255 2809
2255 2852
2255 2871
2255 2882
2255 3016
2255 3026
2255 3306
2255 3536
2255 3589
2255 4254
2255 4290
2255 4615
2255 4979
2256 2647
2256 3112
2256 3130
2256 3484
2256 3760
2256 4063
2256 4417
2256 4930
2257 2441
2257 2512
2257 3233
2257 4125
2257 4455
2257 4720
2258 2418
2258 2450
2258 2954
2258 3089
2258 3779
2258 4102
2258 4273
2258 4894
2258 4997
2259 2285
2259 2506
2259 2616
2259 3551
2259 3669
2259 3862
2259 4796
2259 4934
2260 2677
2260 2678
2260 2714
2260 3053
2260 3844
2260 4352
2260 4551
2260 4812
2261 2361
2261 2742
2261 2803
2261 3284
2261 3395
2261 3475
2261 3497
2261 3543
2261 3721
2261 3829
2261 4099
2261 4201
2261 4669
2261 4761
2261 4995
2262 2650
2262 2963
2262 3220
2262 3587
2262 3750
2262 4178
2262 4532
2262 4672
2262 4809
2263 2429
2263 2575
2263 2849
2263 2861
2263 3103
2263 3583
2263 3597
2263 3783
2263 3963
2263 4612
2263 4628
2264 2456
2264 2472
2264 2813
2264 2820
2264 2890
2264 2947
2264 3666
2264 3793
2264 4285
2264 4598
2264 4653
2264 4872
2265 2669
2265 3732
2265 4376
2265 4552
2265 4569
2266 2609
2266 3257
2266 3327
2266 3768
2266 3771
2266 4034
2266 4305
2266 4459
2266 4539
2266 4758
2266 4760
2267 2569
2267 2792
2267 3052
2267 3577
2267 3948
2267 4156
2267 4220
2267 4226
2267 4280
2268 2393
2268 2759
2268 2916
2268 3266
2268 4155
2268 4695
2268 4879
2269 2665
2269 3729
2269 3795
2269 3833
2269 4514
2269 4865
2270 2408
2270 2471
2270 3515
2270 4539
2270 4911
2271 2422
2271 2545
2271 2629
2271 2758
2271 3179
2271 3266
2271 3565
2271 3901
2271 4231
2271 4712
2271 4751
2271 4951
2271 4987
2272 2926
2272 3820
2272 4193
2272 4235
2272 4427
2272 4667
2272 4707
2272 4784
2273 2821
2273 2845
2273 2865
2273 3181
2273 3453
2273 3481
2273 3656
2273 3729
2273 3981
2273 4107
2273 4118
2273 4327
2273 4645
2273 4798
2273 4802
2273 4872
2274 2366
2274 2683
2274 2871
2274 3918
2274 4784
2274 4867
2275 2591
2275 2930
2275 3057
2275 3133
2275 3294
2275 3299
2275 3685
2275 4019
2275 4062
2275 4263
2275 4271
2275 4378
2275 4897
2275 4931
2276 2352
2276 3085
2276 3148
2276 4297
2276 4510
2276 4592
2276 4827
2276 4866
2277 2399
2277 2468
2277 2571
2277 3318
2277 4629
2277 4730
2277 4764
2278 2450
2278 2926
2278 2936
2278 2951
2278 3410
2278 3654
2278 4197
2278 4406
2278 4463
2278 4559
2278 4586
2278 4741
2279 2402
2279 2734
2279 2919
2279 3411
2279 4067
2279 4125
2279 4458
2279 4608
2279 4777
2280 2424
2280 2672
2280 2857
2280 3277
2280 3316
2280 3477
2280 3626
2280 3719
2280 4944
2281 2748
2281 3760
2281 3829
2281 4262
2281 4301
2281 4788
2281 4800
2282 2316
2282 2506
2282 2510
2282 2856
2282 3176
2282 3623
2282 3712
2282 3937
2282 4032
2282 4832
2283 2918
2283 3206
2283 3570
2284 2332
2284 2865
2284 2903
2284 3185
2284 3284
2284 3406
2284 3592
2284 4310
2284 4560
2285 2575
2285 2641
2285 2953
2285 3253
2285 3325
2285 3409
2285 3925
2285 4207
2285 4232
2285 4584
2285 4636
2285 4908
2286 3025
2286 3155
2286 3161
2286 3254
2286 3352
2286 3868
2286 3997
2286 4696
2286 4991
2287 3151
2287 3305
2287 3308
2287 3635
2287 3751
2287 3981
2287 4117
2287 4153
2287 4665
2287 4753
2287 4839
2288 2341
2288 2664
2288 2726
2288 2784
2288 3419
2288 3563
2288 3618
2288 3785
2288 3994
2288 4068
2289 2585
2289 2613
2289 2767
2289 4284
2290 2312
2290 2838
2290 3005
2290 3182
2290 3196
2290 3422
2290 4331
2290 4412
2290 4965
2291 2565
2291 2612
2291 2918
2291 3054
2291 3527
2291 3537
2291 3707
2291 3787
2291 3834
2291 4240
2291 4392
2292 2515
2292 3178
2292 3197
2292 3872
2292 4380
2293 2308
2293 2550
2293 2855
2293 3364
2293 3504
2293 4143
2293 4230
2293 4238
2293 4331
2293 4995
2294 2671
2294 2798
2294 2863
2294 4255
2294 4723
2295 2503
2295 2758
2295 2759
2295 3000
2295 3454
2295 3457
2295 3577
2295 3990
2295 4614
2296 3304
2296 3858
2296 3887
2296 4589
2296 4811
2297 2775
2297 2814
2297 4044
2297 4049
2297 4992
2298 2690
2298 3403
2298 3442
2298 4102
2298 4295
2298 4400
2298 4524
2298 4657
2299 2911
2299 2993
2299 3700
2299 3995
2299 4005
2299 4049
2299 4222
2299 4313
2300 2649
2300 2679
2300 2755
2300 2802
2300 2925
2300 3206
2300 3220
2300 3413
2300 3664
2300 3833
2300 3876
2300 3942
2300 4177
2300 4360
2300 4812
2301 2368
2301 2394
2301 4070
2301 4129
2301 4234
2302 2333
2302 2427
2302 2547
2302 2677
2302 2704
2302 3803
2302 3840
2302 4236
2302 4246
2302 4953
2303 2369
2303 2410
2303 2460
2303 2691
2303 3149
2303 3163
2303 3492
2303 3843
2303 4135
2303 4505
2303 4671
2303 4863
2304 2988
2304 3179
2304 3594
2304 3660
2304 4213
2304 4467
2304 4531
2304 4672
2304 4684
2305 2749
2305 2771
2305 3326
2305 3558
2305 4506
2305 4931
2306 2356
2306 2526
2306 2947
2306 3078
2306 3246
2306 3255
2306 3691
2306 3949
2306 3962
2306 4056
2306 4406
2306 4423
2306 4869
2307 2311
2307 2445
2307 3235
2307 3496
2307 3980
2307 4335
2307 4999
2308 2437
2308 2744
2308 4192
2308 4259
2308 4353
2308 4604
2308 4672
2308 4903
2309 2466
2309 2650
2309 3085
2309 3344
2309 3606
2309 4309
2309 4372
2309 4396
2309 4670
2310 2706
2310 2725
2310 2984
2310 3114
2310 3675
2310 3846
2310 3937
2310 4203
2310 4556
2310 4726
2310 4814
2311 2528
2311 3028
2311 3035
2311 3356
2311 3437
2311 3515
2311 3862
2311 3998
2311 4035
2311 4625
2311 4809
2311 4955
2312 2715
2312 3018
2312 3035
2312 3352
2312 3559
2312 3944
2312 4003
2312 4426
2313 3617
2313 3656
2313 3660
2313 3792
2313 4352
2313 4357
2313 4440
2313 4499
2314 2583
2314 2622
2314 2990
2314 3085
2314 3202
2314 3248
2314 3776
2314 3890
2314 4242
2314 4457
2314 4611
2314 4631
2314 4976
2314 4979
2315 2554
2315 2713
2315 3423
2315 3626
2315 4531
2315 4857
2316 2432
2316 2630
2316 2813
2316 3492
2317 2427
2317 2879
2317 3056
2317 3090
2317 3690
2317 4036
2318 2741
2318 3041
2318 3095
2318 3268
2318 3829
2318 4101
2318 4755
2318 4903
2319 2579
2319 3314
2319 3315
2319 3501
2319 3561
2319 3607
2319 3648
2319 3810
2319 3845
2319 3986
2319 4337
2319 4645
2320 2345
2320 2484
2320 2556
2320 2960
2320 3855
2320 3939
2320 4538
2320 4866
2320 4938
2321 2476
2321 3801
2321 4038
2321 4212
2321 4823
2322 3075
2322 3135
2322 3751
2322 3851
2322 3865
2322 4242
2322 4989
2323 2394
2323 2459
2323 2489
2323 2745
2323 2787
2323 2918
2323 3135
2323 3920
2323 4221
2324 2392
2324 2495
2324 3039
2324 3320
2324 3342
2324 3366
2324 3642
2324 3661
2324 3759
2324 4720
2324 4869
2325 2414
2325 2418
2325 3337
2325 3916
2325 3972
2325 4234
2325 4389
2325 4437
2325 4515
2325 4556
2325 4856
2326 2767
2326 2829
2326 3613
2326 3940
2326 4002
2326 4550
2327 2585
2327 2663
2327 2918
2327 3146
2327 3302
2327 3542
2327 3647
2327 3844
2327 3904
2327 4323
2327 4333
2327 4402
2327 4465
2327 4528
2327 4579
2328 2457
2328 3282
2328 4226
2328 4304
2328 4326
2328 4524
2328 4772
2328 4914
2329 2559
2329 3790
2329 3845
2329 4034
2329 4638
2329 4778
2330 2679
2330 2993
2330 3488
2330 3725
2330 3782
2330 3804
2330 3906
2330 4086
2330 4124
2330 4198
2330 4243
2330 4535
2330 4759
2330 4960
2331 2713
2331 2875
2331 3226
2331 3415
2331 4103
2331 4106
2331 4233
2331 4570
2331 4650
2331 4784
2332 2560
2332 3211
2332 3641
2332 4192
2332 4351
2332 4364
2332 4380
2332 4705
2332 4808
2333 2687
2333 2794
2333 3167
2333 3617
2333 3877
2333 4290
2333 4470
2333 4602
2333 4651
2333 4841
2333 4941
2334 3301
2334 3599
2334 4058
2334 4257
2334 4568
2334 4726
2335 2438
2335 2441
2335 2455
2335 2794
2335 2857
2335 3066
2335 3436
2335 3475
2335 3684
2335 3884
2335 4069
2335 4491
2335 4656
2335 4672
2335 4883
2336 2471
2336 3455
2336 3527
2336 3782
2336 3934
2336 4560
2337 2567
2337 2921
2337 2980
2337 3094
2337 3657
2337 3802
2337 4679
2338 2426
2338 2431
2338 4266
2338 4709
2339 2416
2339 2477
2339 3088
2339 3097
2339 3150
2339 3204
2339 3214
2339 3438
2339 3646
2339 3683
2339 3951
2339 4016
2339 4146
2339 4181
2339 4328
2339 4330
2339 4472
2339 4505
2339 4779
2339 4828
2340 2540
2340 2576
2340 2599
2340 2897
2340 2989
2340 3147
2340 3471
2340 3941
2340 3959
2340 4617
2340 4685
2340 4783
2341 2917
2341 3137
2341 3653
2341 3672
2341 3828
2342 2695
2342 2776
2342 2990
2342 3215
2342 3797
2342 4135
2342 4344
2342 4472
2342 4686
2342 4898
2342 4966
2343 2377
2343 2646
2343 2712
2343 2809
2343 3178
2343 3237
2343 3412
2344 2463
2344 2878
2344 3384
2344 3563
2345 2878
2345 3571
2345 3943
2345 4468
2346 2503
2346 3021
2346 3153
2346 3776
2346 4322
2347 2481
2347 2554
2347 2795
2347 2894
2347 2944
2347 2977
2347 3253
2347 3493
2347 3589
2347 3610
2347 3620
2347 4171
2347 4462
2348 2970
2348 3227
2348 3246
2348 3750
2348 3946
2348 4052
2348 4340
2348 4622
2348 4939
2349 4465
2349 4492
2349 4638
2349 4749
2349 4857
2349 4894
2350 2950
2350 3284
2350 3483
2350 3566
2350 4606
2350 4794
2351 2365
2351 2444
2351 2594
2351 2710
2351 2787
2351 3088
2351 4811
2351 4843
2352 2476
2352 2590
2352 2600
2352 2918
2352 3300
2352 3331
2352 3496
2352 4202
2352 4470
2353 2386
2353 2647
2353 2723
2353 3257
2353 3446
2353 3478
2353 3555
2353 3581
2353 4296
2353 4353
2353 4452
2354 2421
2354 3064
2354 3086
2354 3214
2354 3554
2354 3633
2354 4119
2354 4143
2354 4230
2354 4846
2354 4943
2355 2397
2355 2685
2355 2762
2355 3407
2355 3417
2355 3433
2355 3579
2355 3741
2355 3792
2355 3810
2355 3934
2355 4347
2355 4438
2355 4769
2356 2525
2356 2751
2356 3428
2356 3702
2356 3988
2356 4286
2356 4807
2357 2605
2357 2822
2357 2871
2357 3718
2357 4096
2357 4360
2357 4741
2357 4804
2357 4971
2358 2644
2358 3004
2358 3208
2358 3274
2358 3325
2358 3541
2358 3573
2358 4997
2359 2642
2359 2719
2359 2804
2359 3964
2359 4019
2359 4510
2360 2540
2360 2695
2360 2937
2360 3033
2360 3858
2360 3941
2360 4545
2361 2611
2361 3016
2361 3131
2361 3408
2361 3633
2361 4518
2361 4633
2361 4899
2362 2630
2362 2987
2362 3294
2362 3338
2362 3605
2362 3935
2362 3990
2362 4355
2362 4688
2362 4710
2362 4952
2363 2490
2363 2559
2363 2630
2363 2672
2363 2832
2363 3327
2363 3752
2363 3859
2363 3926
2363 3943
2363 3966
2363 4100
2363 4941
2364 3009
2364 4394
2364 4861
2364 4951
2365 2751
2365 2941
2365 3374
2365 4186
2365 4319
2365 4389
2365 4622
2365 4920
2366 3617
2366 4002
2366 4769
2367 2448
2367 2725
2367 3903
2367 4111
2367 4853
2367 4886
2368 2593
2368 2798
2368 2892
2368 3281
2368 3576
2368 3670
2368 4056
2368 4208
2368 4852
2369 2443
2369 2558
2369 3052
2369 3260
2369 3765
2369 3771
2369 4092
2369 4129
2369 4842
2369 4983
2370 2762
2370 2815
2370 3007
2370 3132
2370 3953
2370 4044
2370 4282
2370 4443
2370 4619
2370 4858
2370 4866
2371 2836
2371 3004
2371 3206
2371 3397
2371 3679
2371 3757
2371 3872
2371 3959
2371 4941
2372 2532
2372 2675
2372 3216
2372 3333
2372 3402
2372 4039
2372 4260
2373 2542
2373 2577
2373 2727
2373 2843
2373 3436
2373 3488
2373 3672
2373 4442
2373 4619
2373 4662
2373 4675
2373 4710
2374 2385
2374 2416
2374 3364
2374 3579
2374 3611
2374 3802
2374 4104
2374 4127
2374 4455
2374 4461
2375 2664
2375 2991
2375 3166
2375 3270
2375 3413
2375 3509
2375 3799
2375 4055
2375 4427
2375 4664
2375 4837
2376 2816
2376 3250
2376 3585
2376 3700
2376 4197
2376 4477
2376 4952
2377 2610
2377 3835
2377 4378
2377 4385
2377 4404
2377 4640
2377 4801
2377 4839
2377 4870
2377 4892
2378 2759
2378 2996
2378 3034
2378 3081
2378 3319
2378 3950
2378 4597
2378 4732
2378 4895
2379 2423
2379 2499
2379 2846
2379 4194
2379 4691
2379 4949
2380 2489
2380 2721
2380 2986
2380 3057
2381 2656
2381 2817
2381 3080
2381 3110
2381 3441
2381 3452
2381 3586
2381 3651
2381 3922
2381 3964
2381 4424
2381 4675
2381 4703
2382 2402
2382 2407
2382 2584
2382 2687
2382 2711
2382 2774
2382 3002
2382 3310
2382 3959
2382 4339
2382 4571
2382 4660
2382 4665
2382 4790
2382 4924
2382 4963
2383 2515
2383 3012
2383 3494
2383 3856
2383 3903
2383 4483
2383 4513
2383 4941
2383 4996
2384 2505
2384 3754
2384 3888
2384 4641
2384 4762
2384 4815
2385 3374
2385 3398
2385 3578
2385 3963
2385 4110
2385 4250
2385 4702
2385 4704
2385 4838
2385 4941
2386 2744
2386 4193
2386 4625
2386 4718
2387 2499
2387 2849
2387 2867
2387 3575
2387 3692
2387 3708
2387 3912
2387 4554
2387 4704
2387 4734
2388 2492
2388 2834
2388 2983
2388 3858
2388 4909
2388 4968
2389 2798
2389 3562
2389 3702
2389 3753
2389 4138
2389 4515
2389 4578
2389 4774
2390 2468
2390 2628
2390 2654
2390 3484
2390 3705
2390 3766
2390 4036
2390 4425
2390 4457
2391 2541
2391 3374
2391 3381
2391 3495
2392 2718
2392 3116
2392 3452
2392 3558
2392 3698
2392 3872
2392 4011
2392 4241
2392 4382
2393 2801
2393 2903
2393 3250
2393 3459
2393 3490
2393 3770
2393 4375
2393 4556
2393 4675
2393 4845
2394 2462
2394 2594
2394 2663
2394 3358
2394 3646
2394 3663
2394 3706
2394 4024
2394 4068
2394 4099
2394 4330
2394 4522
2394 4824
2394 4919
2395 2521
2395 3958
2395 4703
2395 4903
2396 2400
2396 2578
2396 3184
2396 3656
2396 3734
2396 3886
2396 4711
2397 3221
2397 3280
2397 3573
2397 4015
2397 4087
2397 4406
2397 4410
2397 4538
2398 3146
2398 4286
2399 2952
2399 3454
2399 3601
2399 3888
2399 4242
2399 4243
2399 4715
2399 4834
2400 2583
2400 2853
2400 3082
2400 3095
2400 3141
2400 3255
2400 3865
2400 3969
2400 4539
2400 4728
2400 4859
2401 2798
2401 2989
2401 3021
2401 3227
2401 3660
2401 3871
2401 4121
2401 4584
2401 4700
2401 4750
2401 4844
2402 3019
2402 3271
2402 3314
2402 3602
2402 3653
2402 3737
2402 3748
2402 4243
2402 4761
2402 4876
2403 2706
2403 3153
2403 3746
2403 3999
2403 4039
2403 4116
2403 4324
2403 4625
2403 4775
2403 4882
2404 2428
2404 2492
2404 3848
2404 4160
2404 4334
2404 4856
2405 3128
2405 3395
2405 3566
2405 3931
2406 2416
2406 2717
2406 2952
2406 3731
2406 4137
2406 4222
2406 4929
2406 4974
2407 2427
2407 3295
2407 3708
2407 3975
2407 4554
2407 4746
2408 3235
2408 3373
2408 3875
2408 3898
2408 4108
2408 4456
2408 4479
2408 4668
2408 4979
2409 2505
2409 3002
2409 3134
2409 3338
2409 3422
2409 3462
2409 3563
2409 3568
2409 4083
2409 4089
2409 4260
2409 4688
2409 4766
2410 2682
2410 2789
2410 3858
2410 4102
2410 4319
2411 2519
2411 2598
2411 4923
2412 2882
2412 3464
2412 3597
2412 4365
2412 4433
2413 3401
2413 3468
2413 3734
2413 3897
2413 3960
2413 4051
2413 4134
2413 4283
2413 4996
2414 2926
2414 3083
2414 4007
2414 4037
2414 4719
2415 2907
2415 4165
2415 4220
2416 2426
2416 2440
2416 2623
2416 2892
2416 3243
2416 3900
2416 3926
2416 4055
2416 4749
2417 2732
2417 3346
2417 3620
2417 3904
2417 4629
2418 2636
2418 2707
2418 3100
2418 3552
2418 3960
2419 3539
2419 3545
2419 3657
2419 4173
2419 4206
2419 4240
2419 4781
2420 2687
2420 3201
2420 3287
2420 4846
2421 2457
2421 2823
2421 2994
2421 3036
2421 3253
2421 3261
2421 3293
2421 3750
2421 3762
2421 3881
2421 4783
2422 2922
2422 3128
2422 3365
2422 3694
2422 3845
2422 4035
2423 2632
2423 2803
2423 2977
2423 3119
2423 3503
2423 3729
2423 3838
2423 4404
2423 4408
2423 4595
2423 4913
2424 2487
2424 2521
2424 2838
2424 3273
2424 3699
2424 3943
2424 4435
2425 2814
2425 2987
2425 3069
2425 3270
2425 3662
2425 4164
2425 4525
2425 4865
2425 4898
2426 2620
2426 2978
2426 3197
2426 3451
2426 3553
2426 3651
2426 3875
2426 4723
2426 4779
2426 4797
2426 4915
2427 2574
2427 3112
2427 4322
2427 4471
2427 4544
2428 2604
2428 3801
2428 4456
2428 4537
2428 4862
2428 4878
2428 4981
2429 2454
2429 2959
2429 3029
2429 3476
2429 3702
2429 3877
2429 3928
2429 4684
2429 4687
2429 4716
2430 2584
2430 2682
2430 2980
2430 3591
2430 4093
2430 4269
2430 4597
2431 2442
2431 2443
2431 2903
2431 2989
2431 3202
2431 4954
2432 2510
2432 2572
2432 3250
2432 3833
2432 4344
2432 4938
2433 2693
2433 3273
2433 3338
2433 3840
2433 3904
2433 4630
2433 4631
2433 4759
2433 4905
2434 2804
2434 3216
2434 3888
2434 3977
2434 4125
2434 4132
2434 4294
2434 4723
2434 4799
2434 4814
2434 4916
2434 4969
2435 3542
2435 3658
2435 3867
2435 4341
2435 4643
2436 2583
2436 2724
2436 2840
2436 4059
2436 4249
2436 4941
2436 4999
2437 2453
2437 3132
2437 3173
2437 3418
2437 3559
2437 3686
2437 3807
2437 4302
2437 4724
2438 2850
2438 3745
2438 4491
2438 4538
2439 2752
2439 3036
2439 3311
2439 3507
2439 3846
2439 4591
2439 4720
2440 2486
2440 2731
2440 2738
2440 3456
2440 3648
2440 4343
2441 2649
2441 2855
2441 2930
2441 2965
2441 3298
2441 3473
2441 3554
2441 3676
2441 3963
2441 4206
2441 4368
2441 4652
2441 4899
2442 2445
2442 2532
2442 2816
2442 3992
2442 3995
2442 4221
2442 4690
2442 4765
2442 4808
2443 2876
2443 3005
2443 3228
2443 3819
2443 3947
2444 3134
2444 3275
2444 3643
2444 4000
2444 4344
2444 4750
2445 2576
2445 2610
2445 3001
2445 3450
2445 3852
2445 4331
2445 4476
2445 4700
2445 4814
2445 4856
2446 2695
2446 3161
2446 3292
2446 3404
2446 4548
2447 2762
2447 2898
2447 3030
2447 3145
2447 3289
2447 3580
2447 3913
2447 4270
2447 4579
2447 4980
2448 2572
2448 2740
2448 2869
2448 3533
2448 3830
2448 3983
2448 4047
2448 4452
2448 4576
2449 2608
2449 2952
2449 3087
2449 3313
2449 3612
2449 3945
2449 4184
2449 4426
2449 4856
2449 4997
2450 2667
2450 2777
2450 2862
2450 3191
2450 4031
2450 4199
2450 4528
2450 4724
2451 2464
2451 3367
2451 3371
2451 3611
2451 3615
2451 3656
2451 4298
2451 4559
2452 2775
2452 2800
2452 3146
2452 3346
2452 4475
2452 4720
2453 2582
2453 2886
2453 3658
2454 2535
2454 3334
2454 3388
2454 3557
2454 4099
2454 4266
2454 4833
2455 3117
2455 3426
2455 3598
2455 3767
2455 4017
2455 4026
2455 4564
2455 4583
2456 2491
2456 2505
2456 2839
2456 3689
2456 3911
2457 2484
2457 3014
2457 3049
2457 3730
2457 3808
2457 4860
2458 2583
2458 2754
2458 2789
2458 2901
2458 3745
2458 3941
2458 4255
2459 2916
2459 2992
2459 3735
2459 3931
2459 4160
2459 4170
2459 4220
2459 4568
2459 4696
2459 4842
2460 2467
2460 2608
2460 2662
2460 2753
2460 3235
2460 3532
2460 3724
2460 3905
2460 4405
2460 4418
2460 4482
2460 4854
2461 3451
2461 3487
2461 3586
2461 4098
2461 4148
2461 4277
2462 2873
2462 3596
2462 4729
2462 4793
2462 4812
2463 2840
2463 2900
2463 3775
2463 3859
2463 4339
2463 4349
2464 3100
2464 3167
2464 3444
2464 4318
2464 4980
2465 2695
2465 3503
2465 3829
2465 4219
2465 4315
2465 4514
2466 3267
2466 3311
2466 3488
2466 3544
2466 3573
2466 4569
2467 2954
2467 3238
2467 3312
2467 4575
2467 4685
2468 2673
2468 3610
2468 3920
2468 4162
2468 4372
2468 4408
2468 4595
2468 4794
2468 4861
2468 4870
2468 4877
2468 4889
2469 2981
2469 3015
2469 3171
2469 3226
2469 3276
2469 3352
2469 3362
2469 3508
2469 3829
2469 3973
2469 4046
2469 4322
2469 4800
2470 2589
2470 2791
2470 3670
2470 3940
2470 3997
2470 4006
2470 4137
2470 4641
2470 4646
2470 4734
2471 2703
2471 2848
2471 3039
2471 3378
2471 3449
2471 3753
2471 3810
2471 4917
2472 3036
2472 3128
2472 3290
2472 3306
2472 3521
2472 3556
2472 3797
2472 4133
2472 4810
2472 4852
2472 4858
2472 4943
2473 2915
2473 3225
2473 3739
2473 3923
2473 4265
2473 4410
2473 4950
2474 3370
2474 3631
2474 3635
2474 4032
2475 2972
2475 3004
2475 3064
2475 3363
2475 3364
2475 4292
2475 4353
2475 4442
2475 4517
2476 2580
2476 3722
2476 4213
2476 4327
2476 4546
2476 4740
2477 2609
2477 2700
2477 3302
2477 3659
2477 4279
2477 4467
2478 2556
2478 2954
2478 3003
2478 3034
2478 3565
2478 4167
2478 4257
2478 4407
2478 4640
2478 4930
2479 2667
2479 2781
2479 2854
2479 2938
2479 3407
2479 3888
2479 4074
2479 4565
2479 4986
2480 3366
2480 4708
2480 4940
2481 2679
2481 2688
2481 2843
2481 3117
2481 3647
2481 3884
2481 3973
2481 4607
2481 4812
2481 4825
2481 4963
2482 2861
2482 3880
2482 3992
2482 4229
2482 4353
2482 4532
2482 4606
2482 4924
2483 2678
2483 2716
2483 2725
2483 3127
2483 3228
2483 3546
2483 3967
2483 4105
2483 4413
2483 4732
2484 2922
2484 3117
2484 3865
2484 4067
2485 3184
2485 3261
2485 3271
2485 4201
2485 4248
2485 4743
2485 4810
2486 3864
2486 4256
2486 4598
2486 4787
2487 2518
2487 2644
2487 2936
2487 2950
2487 3206
2487 3568
2487 3659
2487 3766
2487 3982
2487 4243
2487 4672
2487 4745
2488 2903
2488 4013
2488 4215
2488 4309
2488 4742
2488 4895
2489 2734
2489 2741
2489 3027
2489 3080
2489 3126
2489 3149
2489 3469
2489 3761
2489 3900
2489 4305
2489 4342
2489 4383
2489 4544
2489 4716
2490 3504
2490 4052
2490 4288
2490 4537
2490 4907
2491 2595
2491 2993
2491 3108
2491 3329
2491 3388
2491 3584
2491 3625
2491 3757
2491 4018
2491 4193
2491 4226
2491 4382
2491 4393
2491 4404
2491 4473
2491 4499
2491 4515
2491 4624
2491 4670
2491 4800
2492 2497
2492 2536
2492 3009
2492 3514
2492 3648
2492 3873
2492 4046
2492 4684
2492 4781
2493 2563
2493 2786
2493 3686
2493 3782
2493 3872
2493 3904
2493 4285
2493 4319
2493 4465
2493 4469
2493 4525
2494 2653
2494 2889
2494 2919
2494 3052
2494 3127
2494 3206
2494 3230
2494 3236
2494 3404
2494 3420
2494 4187
2494 4345
2494 4363
2494 4775
2495 2528
2495 2689
2495 3666
2495 4274
2495 4540
2495 4905
2496 2725
2496 3107
2496 3108
2496 3443
2496 3647
2496 3692
2496 3815
2496 4130
2496 4519
2496 4956
2497 2515
2497 3083
2497 4182
2497 4226
2497 4511
2497 4752
2498 3433
2498 3741
2498 4083
2498 4550
2498 4671
2499 2584
2499 2908
2499 2958
2499 4271
2499 4817
2500 2627
2500 2663
2500 2843
2500 3257
2500 3258
2500 3478
2500 3940
2500 4023
2500 4096
2500 4743
2501 3106
2501 3287
2501 4045
2501 4134
2501 4239
2502 2598
2502 3028
2502 3403
2502 4128
2502 4327
2502 4520
2502 4523
2503 3017
2503 3326
2503 3451
2503 3659
2503 3788
2503 4570
2503 4644
2504 2637
2504 2922
2504 3217
2504 3318
2504 4605
2504 4962
2505 2667
2505 3026
2505 3049
2505 3493
2505 3735
2505 3836
2505 3857
2505 3885
2505 3970
2505 4083
2505 4270
2505 4383
2505 4924
2506 2576
2506 2628
2506 2872
2506 3144
2506 3537
2506 3851
2506 4146
2506 4353
2506 4391
2506 4697
2506 4769
2506 4812
2506 4820
2506 4923
2507 2859
2507 2918
2507 3055
2507 3073
2507 3209
2507 3359
2507 3702
2507 4047
2507 4204
2507 4730
2507 4941
2508 2617
2508 2638
2508 2799
2508 3116
2508 3278
2508 4119
2508 4244
2508 4607
2509 2991
2509 3013
2509 3025
2509 3081
2509 3420
2509 3490
2509 3493
2509 3524
2509 3627
2509 3977
2509 4004
2509 4199
2509 4783
2510 2674
2510 2841
2510 3422
2510 3877
2510 4265
2510 4803
2510 4935
2511 3118
2511 3742
2511 3966
2511 4311
2511 4376
2511 4726
2511 4977
2512 2732
2512 2806
2512 2889
2512 3334
2512 3556
2512 3889
2513 3622
2513 3624
2513 3911
2513 3922
2513 4141
2513 4426
2513 4468
2513 4669
2513 4809
2514 3084
2514 3298
2514 3489
2514 3592
2514 3827
2514 4429
2514 4910
2515 2851
2515 3121
2515 3130
2515 3259
2515 3308
2515 3708
2515 3961
2515 4004
2515 4138
2515 4215
2515 4496
2516 2582
2516 2669
2516 2829
2516 3704
2516 4143
2516 4272
2516 4366
2516 4753
2516 4863
2516 4873
2516 4937
2517 2580
2517 2943
2517 3211
2517 3991
2517 4128
2517 4555
2518 3546
2518 4207
2518 4420
2518 4498
2518 4938
2519 2693
2519 2731
2519 3001
2519 3095
2519 3107
2519 3136
2519 3207
2519 4119
2519 4133
2519 4665
2520 3067
2520 4442
2520 4613
2520 4757
2520 4870
2521 2588
2521 3067
2521 3069
2521 3751
2521 3989
2521 4358
2521 4481
2521 4941
2521 4963
2522 2953
2522 2996
2522 3369
2522 3455
2522 3603
2522 3611
2522 3773
2522 4092
2522 4390
2522 4397
2522 4991
2523 2713
2523 2805
2523 3212
2523 3549
2523 4022
2523 4174
2523 4217
2523 4340
2523 4371
2523 4432
2523 4972
2524 2554
2524 2855
2524 3541
2524 3586
2524 3799
2524 3832
2524 4441
2524 4462
2524 4505
2524 4860
2525 2714
2525 3164
2525 4347
2526 3173
2526 3502
2526 4925
2526 4981
2527 3144
2527 3169
2527 3682
2527 3912
2527 4078
2528 2651
2528 3064
2528 3409
2528 3764
2528 4521
2529 2821
2529 2832
2529 2881
2529 3030
2529 3305
2529 3439
2529 3452
2529 3674
2529 3901
2529 4024
2529 4057
2529 4164
2529 4267
2529 4311
2529 4776
2530 2682
2530 3030
2530 3117
2530 4741
2530 4887
2531 3156
2531 3658
2531 4560
2531 4860
2531 4984
2531 4990
2532 2799
2532 3107
2532 3364
2532 3465
2532 3650
2533 2613
2533 3114
2533 3365
2533 3934
2533 4181
2533 4226
2533 4307
2533 4458
2533 4555
2534 2959
2534 3358
2534 3522
2534 3747
2534 3997
2534 4030
2534 4390
2534 4534
2535 2544
2535 2624
2535 2755
2535 2872
2535 2873
2535 2989
2535 3919
2535 3980
2535 4000
2535 4082
2535 4098
2535 4123
2535 4480
2536 3198
2536 4115
2536 4180
2536 4321
2536 4506
2536 4549
2536 4764
2536 4942
2537 2819
2537 2830
2537 2890
2537 3062
2537 3154
2537 3651
2537 3941
2537 3991
2537 3998
2537 4041
2537 4945
2537 4973
2538 3496
2538 3767
2538 4023
2538 4085
2538 4497
2538 4589
2539 2543
2539 2632
2539 3329
2539 3415
2539 4012
2539 4160
2539 4259
2539 4606
2539 4745
2540 2975
2540 3460
2540 3473
2540 4018
2540 4616
2540 4739
2541 2548
2541 2583
2541 3366
2541 4393
2541 4700
2541 4899
2542 2894
2542 2914
2542 3181
2542 3263
2542 3339
2542 3464
2542 3741
2542 3888
2542 4241
2542 4425
2543 2988
2543 3078
2543 3601
2543 3776
2543 4142
2543 4639
2543 4732
2544 3056
2544 3255
2544 3554
2544 3715
2544 4067
2544 4129
2544 4164
2544 4839
2545 2786
2545 3146
2545 3210
2545 3734
2545 3829
2545 3897
2545 4021
2545 4496
2545 4506
2545 4529
2545 4559
2545 4661
2545 4710
2546 2621
2546 2785
2546 2883
2546 3060
2546 3185
2546 3283
2546 3666
2546 3841
2546 3922
2546 4490
2547 2617
2547 2672
2547 2699
2547 3353
2547 3387
2547 3456
2547 4075
2547 4294
2547 4710
2548 3156
2548 3400
2548 3489
2548 3577
2548 3825
2548 3927
2548 4519
2548 4649
2548 4766
2548 4838
2549 2952
2549 3270
2549 3694
2549 4100
2549 4431
2549 4436
2549 4676
2549 4782
2549 4862
2550 2594
2550 2940
2550 3044
2550 3856
2550 4142
2550 4241
2550 4485
2551 3098
2551 4371
2551 4533
2551 4728
2551 4752
2552 2773
2552 3044
2552 3197
2552 3969
2552 4223
2552 4821
2553 2614
2553 2808
2553 3385
2553 3609
2553 3733
2553 4258
2553 4532
2553 4610
2553 4776
2554 2891
2554 3815
2554 3997
2554 4542
2554 4931
2555 2562
2555 2983
2555 3021
2555 3215
2555 3673
2555 4602
2555 4775
2556 2931
2556 3633
2556 3645
2556 4053
2556 4272
2556 4735
2557 2649
2557 2797
2557 2906
2557 3086
2557 3091
2557 3480
2557 3494
2557 3873
2557 3894
2557 3958
2557 4456
2557 4493
2557 4557
2558 2630
2558 2843
2558 2993
2558 3067
2558 3244
2558 3581
2558 3641
2558 3661
2558 3948
2558 4426
2558 4898
2559 2566
2559 2639
2559 2937
2559 3295
2559 3630
2559 4019
2559 4505
2559 4924
2560 3092
2560 3616
2560 4401
2560 4484
2560 4831
2560 4877
2560 4897
2560 4949
2561 3864
2561 4034
2561 4072
2561 4331
2561 4530
2561 4849
2561 4873
2562 3155
2562 3209
2562 4029
2562 4056
2562 4076
2562 4383
2562 4508
2562 4969
2563 2624
2563 2878
2563 3015
2563 3296
2563 3630
2563 3707
2563 4002
2563 4037
2563 4381
2563 4665
2563 4917
2564 2632
2564 2990
2564 3535
2564 3636
2564 4057
2564 4469
2564 4625
2565 2616
2565 2966
2565 3225
2565 3306
2565 3404
2565 3624
2565 3902
2565 4022
2565 4133
2565 4856
2566 2748
2566 3590
2566 3997
2566 4923
2567 2863
2567 3229
2567 3498
2567 3802
2567 4202
2567 4498
2567 4540
2567 4557
2568 2740
2568 3013
2568 3052
2568 3880
2568 4342
2568 4374
2568 4789
2569 2584
2569 2767
2569 2948
2569 3007
2569 3457
2570 3603
2570 3792
2570 4239
2571 2621
2571 2925
2571 3012
2571 3284
2571 3323
2571 3423
2571 3578
2571 3801
2571 4002
2571 4027
2571 4031
2571 4372
2571 4776
2572 2896
2572 3323
2572 3386
2572 3519
2572 3655
2572 3836
2572 4136
2572 4191
2572 4302
2572 4629
2572 4635
2572 4814
2573 3153
2573 3915
2573 3937
2573 4106
2573 4128
2573 4301
2573 4421
2573 4457
2573 4785
2574 2638
2574 3032
2574 3620
2574 4282
2575 2814
2575 3040
2575 3469
2575 3472
2575 3882
2575 4616
2575 4749
2575 4814
2576 2721
2576 2975
2576 2992
2576 3627
2576 3886
2576 3965
2576 4464
2576 4544
2576 4694
2577 2628
2577 2690
2577 3005
2577 3233
2577 3289
2577 3499
2577 3584
2577 3975
2577 4107
2577 4226
2577 4568
2577 4585
2577 4816
2578 3731
2578 4127
2578 4194
2578 4900
2579 2632
2579 3931
2579 4035
2579 4201
2579 4372
2579 4785
2580 2669
2580 2699
2580 2787
2580 3026
2580 3132
2580 3789
2580 3874
2580 3937
2580 3973
2580 4341
2580 4392
2580 4449
2580 4544
2581 3205
2581 3255
2581 3490
2581 3505
2581 3625
2581 3779
2581 3792
2581 4093
2581 4292
2581 4550
2581 4637
2581 4682
2581 4683
2581 4938
2582 2696
2582 2697
2582 2925
2582 3233
2582 3418
2582 3755
2582 3773
2582 3784
2582 3814
2582 4396
2582 4745
2582 4968
2583 3672
2583 3749
2583 4176
2583 4421
2584 3282
2584 3941
2584 4008
2584 4130
2584 4807
2584 4832
2585 2906
2585 3173
2585 3191
2585 3699
2585 3772
2585 4019
2585 4098
2585 4138
2585 4332
2585 4449
2585 4460
2585 4539
2585 4652
2585 4843
2586 2823
2586 2899
2586 3419
2586 3745
2586 4193
2586 4391
2586 4764
2586 4827
2587 3544
2587 3600
2587 3601
2587 4046
2587 4556
2587 4576
2587 4848
2588 3068
2588 3377
2588 3850
2588 4005
2588 4069
2588 4416
2588 4570
2588 4914
2589 2890
2589 3014
2589 3130
2589 3230
2589 3745
2589 4206
2589 4450
2590 2636
2590 2939
2590 2980
2590 3294
2590 3541
2590 3543
2590 3709
2590 3958
2590 4235
2590 4445
2590 4848
2591 2630
2591 2910
2591 3125
2591 3129
2591 3383
2591 4117
2591 4265
2591 4768
2592 2917
2592 3235
2592 3731
2592 4559
2592 4577
2593 2895
2593 3211
2593 3917
2593 4048
2593 4219
2593 4283
2593 4295
2593 4352
2593 4719
2594 3095
2594 3163
2594 3899
2594 4476
2594 4686
2595 3277
2595 3394
2595 3400
2595 4075
2595 4113
2595 4213
2595 4459
2595 4803
2596 2775
2596 3117
2596 3412
2596 4752
2596 4881
2597 2855
2597 3024
2597 4260
2597 4820
2597 4898
2598 3081
2598 3567
2598 3788
2598 3835
2598 3991
2598 4007
2598 4103
2598 4115
2598 4149
2598 4237
2598 4284
2598 4294
2598 4371
2598 4483
2599 3313
2599 3911
2599 4291
2600 2640
2600 2688
2600 3304
2600 3451
2600 3696
2600 3716
2600 3746
2600 3846
2600 3864
2600 3994
2601 2930
2601 3232
2601 3341
2601 3914
2601 4069
2601 4173
2601 4464
2601 4590
2601 4722
2601 4741
2602 2752
2602 2806
2602 2918
2602 3247
2602 3997
2602 4951
2603 2702
2603 2900
2603 3009
2603 3247
2603 3936
2603 4331
2603 4342
2603 4796
2603 4812
2604 2621
2604 3101
2604 3554
2604 3756
2604 3858
2604 3987
2604 4336
2604 4487
2604 4695
2605 2689
2605 2743
2605 2779
2605 2820
2605 3014
2605 3044
2605 3067
2605 3068
2605 3089
2605 3187
2605 3288
2605 3306
2605 3315
2605 3704
2605 3846
2606 2763
2606 2785
2606 3093
2606 3720
2606 4279
2606 4635
2606 4661
2606 4990
2607 2855
2607 3145
2607 3479
2607 3517
2607 3927
2607 4330
2607 4885
2607 4970
2608 2867
2608 2909
2608 2920
2608 3675
2608 3707
2608 4109
2608 4133
2608 4952
2609 2637
2609 2687
2609 3346
2609 3407
2609 3667
2609 3731
2609 3822
2609 3905
2609 4289
2609 4323
2609 4393
2609 4483
2609 4494
2609 4781
2610 2655
2610 2744
2610 3368
2610 3705
2610 3952
2611 2934
2611 3229
2611 3896
2611 4231
2611 4285
2611 4644
2611 4766
2611 4910
2613 2639
2613 2743
2613 2797
2613 3084
2613 3276
2613 3301
2613 3401
2613 3543
2613 3664
2613 3923
2613 4149
2613 4316
2613 4621
2613 4958
2614 2785
2614 2974
2614 4004
2614 4546
2614 4621
2614 4769
2614 4940
2615 2665
2615 2704
2615 3997
2615 4371
2615 4403
2615 4447
2615 4606
2616 2675
2616 2944
2616 3402
2616 3811
2616 4532
2616 4834
2617 2647
2617 2818
2617 3498
2617 3972
2618 2628
2618 2663
2618 2888
2618 3219
2618 3915
2618 3928
2618 4271
2618 4527
2618 4542
2618 4646
2618 4709
2619 3427
2619 3838
2619 3889
2619 4346
2620 2740
2620 3233
2620 3266
2620 3374
2620 3751
2621 2704
2621 3107
2621 3202
2621 3592
2621 3694
2621 4241
2621 4945
2622 2935
2622 3106
2622 3269
2622 3722
2622 4345
2623 2986
2623 3154
2623 3170
2623 3213
2623 3802
2623 4186
2624 2766
2624 2942
2624 2991
2624 3224
2624 3991
2624 4056
2625 3030
2625 3079
2625 3488
2625 3764
2625 3852
2625 3972
2625 4390
2625 4849
2625 4915
2626 3181
2626 3972
2626 4257
2626 4913
2627 2990
2627 4899
2627 4933
2628 2679
2628 3093
2628 3294
2628 3341
2628 3344
2628 3559
2628 4644
2628 4719
2628 4827
2628 4879
2629 2816
2629 2863
2629 3017
2629 3125
2629 3197
2629 3971
2629 4158
2629 4168
2629 4329
2629 4375
2629 4404
2630 4057
2630 4646
2630 4950
2631 2775
2631 2830
2631 3702
2631 3755
2631 3777
2631 3918
2631 4222
2631 4619
2632 3313
2632 3618
2632 3695
2632 3767
2632 3978
2632 4008
2632 4176
2632 4623
2632 4741
2633 2674
2633 2690
2633 2753
2633 2917
2633 4060
2633 4085
2633 4511
2634 3350
2634 3440
2634 4116
2634 4175
2634 4333
2635 2910
2635 2969
2635 3558
2635 3623
2636 3065
2636 3395
2636 3435
2636 3683
2636 3844
2636 4488
2637 3334
2637 3818
2637 4900
2638 2900
2638 3074
2638 3617
2638 3701
2638 3834
2638 4002
2639 2731
2639 2810
2639 3061
2639 3186
2639 3558
2639 3621
2639 3807
2639 4009
2640 3003
2640 3111
2640 3320
2640 3586
2640 3594
2640 3865
2640 4266
2640 4430
2640 4577
2640 4591
2641 4201
2641 4300
2641 4388
2641 4393
2641 4491
2642 3053
2642 3224
2642 3498
2642 3561
2642 4021
2642 4121
2642 4217
2642 4809
2642 4978
2643 2824
2643 3177
2643 3234
2643 3341
2643 3657
2643 3902
2643 4098
2643 4127
2644 2666
2644 2866
2644 3040
2644 3221
2644 3314
2644 3549
2644 4369
2644 4794
2645 2710
2645 2881
2645 2979
2645 2985
2645 4507
2646 3401
2646 3511
2646 4098
2646 4309
2646 4322
2646 4910
2647 2756
2647 2826
2647 2917
2647 3052
2647 3405
2647 3485
2647 4137
2647 4396
2648 2675
2648 2702
2648 2713
2648 2957
2648 3489
2648 4085
2648 4336
2648 4495
2648 4496
2648 4662
2649 3354
2649 3532
2649 3561
2649 3592
2649 3899
2649 4001
2649 4064
2649 4078
2649 4081
2649 4325
2650 2701
2650 2888
2650 2896
2650 3124
2650 3226
2650 4745
2650 4976
2650 4981
2651 2821
2651 2823
2651 3025
2651 3064
2651 3770
2652 2711
2652 3037
2652 3130
2652 3632
2652 4039
2652 4096
2652 4320
2652 4408
2653 2672
2653 2864
2653 2882
2653 3313
2653 3316
2654 2871
2654 2951
2654 3497
2654 3544
2654 4290
2654 4789
2655 2671
2655 2829
2655 3247
2655 3714
2655 4313
2655 4853
2656 3398
2656 3701
2656 3815
2656 3987
2656 4073
2656 4092
2656 4344
2657 2938
2657 3115
2657 3318
2657 3523
2657 3848
2657 4544
2657 4596
2658 2802
2658 2897
2658 3890
2658 4931
2659 2903
2659 3487
2659 3688
2659 4111
2659 4371
2659 4388
2660 2841
2660 3628
2660 3825
2660 4069
2660 4594
2660 4670
2661 2840
2661 3229
2661 3464
2661 3561
2661 3705
2661 4086
2661 4158
2661 4274
2661 4310
2661 4636
2661 4925
2662 3242
2662 3249
2662 3393
2662 4515
2663 2865
2663 3167
2663 3463
2663 3562
2663 3750
2663 3814
2663 4527
2663 4694
2663 4707
2663 4836
2663 4867
2664 2749
2664 3241
2664 3292
2664 3298
2664 3584
2664 4708
2664 4875
2665 2870
2665 3020
2665 3457
2665 4170
2665 4186
2665 4954
2666 2687
2666 2811
2666 2824
2666 2901
2666 2953
2666 3296
2666 3555
2666 3891
2666 4325
2666 4434
2666 4809
2666 4910
2667 2740
2667 2774
2667 2986
2667 3260
2667 3354
2667 3440
2667 3703
2667 3803
2667 3816
2667 4026
2667 4104
2667 4237
2667 4466
2667 4781
2668 3013
2668 3375
2668 3480
2668 3839
2668 3875
2668 4590
2668 4860
2669 2838
2669 2931
2669 3046
2669 4160
2669 4286
2669 4501
2669 4561
2669 4610
2669 4892
2670 3578
2670 3647
2670 3777
2670 3907
2670 4627
2670 4719
2671 2679
2671 2758
2671 4221
2671 4574
2671 4788
2672 2786
2672 2852
2672 2929
2672 3799
2672 4230
2672 4510
2672 4855
2673 3175
2673 3262
2673 3382
2673 4492
2673 4564
2674 2684
2674 2742
2674 2757
2674 3039
2674 3040
2674 3110
2674 4201
2674 4245
2674 4554
2674 4647
2674 4817
2675 3278
2675 3423
2675 4065
2675 4219
2675 4740
2675 4998
2676 2703
2676 3119
2676 3681
2676 3685
2676 3715
2676 3739
2676 4119
2676 4221
2676 4327
2676 4618
2677 2963
2677 3040
2677 3790
2677 4201
2677 4423
2677 4592
2678 2938
2678 3047
2678 3994
2678 4108
2678 4682
2678 4777
2678 4799
2678 4866
2678 4981
2679 2759
2679 2952
2679 3105
2679 3141
2679 3352
2679 3375
2679 3573
2679 3604
2679 3624
2679 4362
2679 4458
2680 2971
2680 3350
2680 3837
2680 3933
2680 4575
2681 2840
2681 2853
2681 3087
2681 3346
2681 3860
2681 3872
2681 3933
2681 3950
2681 4181
2681 4432
2681 4683
2682 3309
2682 3434
2682 3761
2682 4242
2682 4257
2682 4452
2682 4779
2682 4845
2682 4948
2683 2902
2683 3461
2683 3837
2683 3901
2683 4108
2684 2975
2684 3286
2684 4027
2684 4087
2684 4571
2684 4622
2684 4751
2684 4836
2684 4966
2685 2778
2685 2871
2685 2995
2685 3119
2685 3270
2685 3596
2685 4435
2685 4977
2686 3205
2686 3492
2686 3510
2686 4128
2686 4312
2686 4444
2686 4520
2686 4881
2687 2864
2687 3006
2687 3051
2687 3199
2687 3261
2687 3264
2687 3304
2687 3461
2687 3794
2687 4816
2688 2765
2688 3605
2688 3698
2688 4337
2689 2715
2689 2828
2689 2986
2689 2989
2689 3199
2689 3371
2689 3955
2689 4132
2689 4383
2689 4579
2689 4620
2689 4811
2690 2747
2690 2907
2690 3007
2690 3105
2690 3321
2690 3436
2690 3941
2690 4160
2690 4396
2690 4571
2691 2908
2691 2954
2691 2968
2691 3633
2691 3861
2691 3982
2691 4040
2691 4136
2691 4225
2691 4317
2691 4381
2691 4512
2692 2702
2692 3300
2692 3646
2692 3784
2692 4013
2692 4124
2692 4391
2692 4726
2692 4928
2693 2751
2693 2938
2693 3060
2693 3519
2693 3548
2693 4109
2694 2735
2694 2910
2694 3171
2694 3379
2694 3409
2694 3453
2694 3787
2694 4205
2694 4444
2694 4896
2695 2739
2695 3118
2695 3260
2695 3400
2695 3589
2695 3654
2695 3744
2695 3843
2695 3919
2695 4220
2695 4464
2695 4557
2696 2792
2696 3024
2696 3044
2696 3139
2696 3986
2696 4026
2696 4953
2696 4983
2697 3007
2697 3232
2697 3497
2697 3688
2697 4107
2697 4158
2697 4175
2697 4251
2698 2928
2698 3284
2698 4133
2698 4529
2698 4933
2699 2804
2699 2912
2699 2965
2699 3254
2699 3615
2699 3818
2699 4100
2699 4130
2699 4318
2699 4635
2700 3029
2700 3083
2700 3511
2700 3801
2700 4162
2700 4164
2700 4231
2700 4827
2700 4917
2701 2933
2701 3179
2701 3201
2701 3501
2701 4340
2701 4419
2701 4592
2702 2767
2702 4548
2702 4798
2703 2825
2703 3657
2703 4035
2703 4521
2703 4697
2703 4719
2703 4858
2703 4862
2703 4930
2703 4983
2704 2919
2704 3047
2704 3086
2704 3098
2704 3246
2704 3835
2704 3866
2704 3992
2704 4592
2705 2877
2705 3013
2705 3181
2705 3216
2705 4347
2705 4600
2706 3122
2706 3458
2706 3547
2706 4028
2706 4133
2706 4284
2706 4447
2706 4557
2706 4644
2706 4863
2707 2724
2707 3116
2707 3240
2707 3705
2707 3706
2707 3785
2707 3937
2707 4244
2707 4684
2707 4721
2707 4781
2707 4798
2707 4862
2708 2870
2708 2989
2708 3143
2708 3172
2708 3561
2708 3774
2708 4048
2708 4209
2709 2828
2709 2889
2709 3731
2709 4009
2709 4178
2709 4335
2709 4853
2710 2788
2710 2900
2710 3349
2710 3438
2710 3465
2710 3667
2710 3698
2710 4175
2710 4580
2711 3045
2711 3119
2711 3135
2711 3623
2711 3753
2711 3901
2711 4225
2711 4472
2711 4691
2712 3016
2712 3354
2713 3207
2713 3227
2713 3234
2713 3401
2713 3435
2713 3719
2713 4099
2713 4325
2713 4364
2713 4572
2713 4895
2714 2715
2714 2881
2714 3777
2714 4154
2714 4629
2715 2836
2715 2875
2715 3009
2715 3354
2715 4361
2715 4997
2716 3106
2716 3401
2716 4079
2716 4372
2716 4950
2717 2724
2717 3329
2717 3969
2717 4678
2717 4702
2717 4718
2717 4929
2718 2802
2718 3436
2718 3727
2718 4223
2718 4238
2718 4246
2718 4433
2719 2839
2719 3509
2719 3766
2719 3818
2719 4211
2719 4639
2719 4687
2719 4962
2720 3055
2720 3059
2720 3679
2720 4153
2720 4551
2721 3327
2721 3402
2721 3577
2721 3816
2721 4099
2721 4213
2722 3121
2722 4412
2723 2757
2723 3267
2723 3362
2723 4473
2724 2914
2724 3352
2724 3493
2724 3808
2724 3991
2724 3997
2724 4194
2724 4252
2724 4565
2724 4667
2724 4938
2725 3231
2725 3590
2725 3660
2725 3802
2725 4124
2725 4189
2725 4693
2725 4854
2726 2937
2726 2987
2726 3057
2726 3110
2726 3194
2726 3266
2726 3344
2726 3500
2726 3869
2726 3927
2726 4115
2727 2827
2727 3924
2727 4290
2727 4409
2727 4559
2727 4922
2728 2993
2728 3012
2728 3140
2728 3281
2728 3533
2728 4229
2728 4458
2728 4500
2728 4804
2728 4946
2729 3094
2729 3200
2729 3614
2729 4609
2729 4736
2729 4884
2730 2841
2730 3341
2730 3385
2730 3792
2730 4010
2730 4396
2730 4588
2731 3044
2731 3885
2731 4085
2731 4342
2732 2835
2732 2998
2732 3023
2732 3044
2732 3107
2732 3603
2732 3608
2732 3796
2732 4289
2732 4676
2732 4771
2732 4773
2732 4927
2733 2979
2733 3010
2733 3682
2733 3866
2733 4036
2733 4536
2733 4982
2734 2791
2734 3251
2734 3355
2734 3702
2734 4274
2734 4378
2734 4579
2734 4615
2734 4652
2734 4788
2735 2822
2735 3190
2735 3382
2735 3724
2735 4160
2735 4233
2735 4655
2736 2745
2736 3027
2736 3127
2736 3316
2736 4141
2736 4878
2737 2905
2737 3040
2737 3387
2737 3637
2737 4419
2738 3192
2738 3442
2738 3767
2738 4012
2738 4219
2738 4234
2738 4236
2738 4471
2738 4847
2739 2895
2739 3337
2739 3545
2740 2763
2740 2802
2740 3123
2740 3402
2740 3936
2740 3953
2740 4286
2740 4822
2740 4953
2741 2800
2741 3867
2741 3903
2741 4503
2741 4519
2741 4814
2742 2971
2742 3001
2742 3613
2742 3850
2742 3974
2742 3995
2742 4017
2742 4161
2742 4467
2742 4644
2742 4681
2742 4875
2742 4933
2743 3654
2743 3874
2743 4017
2743 4167
2743 4488
2743 4886
2743 4958
2744 2874
2744 3041
2744 3899
2744 4232
2744 4620
2744 4731
2745 2961
2745 3054
2745 3074
2745 3519
2745 3520
2745 4054
2745 4235
2745 4953
2745 4959
2746 2907
2746 2951
2746 3287
2746 3319
2746 3695
2746 3968
2746 3979
2746 4673
2746 4748
2746 4812
2747 3223
2747 3373
2747 3708
2747 3770
2747 3779
2747 4026
2747 4670
2748 3026
2748 3177
2748 3321
2748 3708
2748 3794
2748 4465
2749 2821
2749 2827
2749 2829
2749 3142
2749 3961
2749 4000
2749 4354
2749 4536
2750 2819
2750 3036
2750 3637
2750 4159
2750 4649
2750 4994
2751 3011
2751 3281
2751 3586
2751 3663
2751 3832
2751 4483
2751 4625
2752 2908
2752 3108
2752 3225
2752 3267
2752 3383
2752 3414
2752 3608
2752 3770
2752 3815
2752 4262
2752 4277
2752 4302
2752 4932
2752 4980
2753 3288
2753 4718
2753 4920
2754 2789
2754 2955
2754 3398
2754 3941
2754 4272
2754 4787
2754 4973
2754 4974
2755 3375
2755 3400
2755 3932
2755 4362
2756 3167
2756 3408
2756 3465
2756 3800
2756 4074
2756 4117
2756 4128
2756 4463
2756 4485
2757 3187
2757 3263
2757 3781
2757 4167
2757 4350
2758 2836
2758 3073
2758 3156
2758 3461
2758 3832
2758 4001
2758 4493
2758 4525
2758 4757
2758 4870
2759 3317
2759 3612
2759 3657
2759 3721
2759 4183
2759 4752
2760 2976
2760 3125
2760 3151
2760 3241
2760 3265
2760 3731
2760 3921
2760 4112
2760 4298
2761 3179
2761 3406
2761 3486
2761 3650
2761 4451
2761 4819
2762 3728
2762 3840
2762 4021
2762 4844
2763 3012
2763 3393
2763 3575
2763 3900
2763 4359
2763 4375
2763 4389
2763 4512
2763 4638
2763 4643
2763 4658
2763 4677
2763 4933
2764 3231
2764 3674
2764 4607
2765 2910
2765 3107
2765 3310
2765 3457
2765 3517
2765 3782
2765 4077
2765 4131
2766 3143
2766 3282
2766 3461
2766 3788
2766 3887
2766 4275
2766 4336
2766 4480
2767 2901
2767 3554
2767 4341
2767 4818
2768 2952
2768 3915
2768 4173
2768 4297
2768 4393
2769 3391
2769 3550
2769 4088
2769 4288
2769 4515
2770 2771
2770 2932
2770 3058
2770 3157
2770 3834
2770 4193
2770 4429
2770 4483
2770 4846
2771 3008
2771 4589
2772 2918
2772 3222
2772 3269
2772 3709
2772 4772
2773 2790
2773 2950
2773 2969
2773 3065
2773 4041
2773 4755
2773 4767
2774 3189
2774 3367
2774 3550
2774 3698
2774 3875
2775 3110
2775 3421
2775 3762
2775 3951
2775 4160
2775 4634
2775 4968
2776 2926
2776 3243
2776 3450
2776 3764
2776 3924
2776 4157
2776 4215
2776 4230
2776 4672
2776 4760
2776 4848
2777 2819
2777 3143
2777 3252
2777 3407
2777 3531
2777 4139
2777 4242
2777 4440
2777 4749
2777 4923
2778 2803
2778 2977
2778 3144
2778 3525
2778 3807
2778 3840
2778 4031
2778 4613
2779 2908
2779 3217
2779 3362
2779 3399
2779 3560
2779 3643
2779 3845
2779 4078
2779 4370
2779 4966
2780 2846
2780 2850
2780 3083
2780 3824
2780 3944
2780 4346
2780 4597
2781 2786
2781 3133
2781 3227
2781 3472
2781 4146
2781 4351
2781 4434
2781 4907
2781 4987
2782 3303
2782 3327
2782 3461
2782 3630
2782 3787
2782 3818
2782 3939
2782 4117
2782 4817
2782 4878
2782 4957
2783 2919
2783 2961
2783 3708
2783 4250
2783 4665
2784 2904
2784 3141
2784 3290
2784 3423
2784 4701
2784 4950
2785 2951
2785 3396
2785 3672
2785 4181
2785 4857
2785 4993
2786 3223
2786 3283
2786 3405
2786 4865
2787 2882
2787 2887
2787 2904
2787 3108
2787 4001
2787 4409
2788 3227
2788 3727
2788 4226
2788 4286
2788 4836
2788 4884
2788 4909
2789 2874
2789 3037
2789 3542
2789 3589
2789 3641
2789 3897
2789 4263
2790 2843
2790 2931
2790 3277
2790 3955
2790 4159
2790 4594
2790 4949
2791 2833
2791 2921
2791 3132
2791 3788
2791 4047
2791 4438
2791 4540
2791 4705
2792 2796
2792 2871
2792 2939
2792 2999
2792 3293
2792 3977
2792 4022
2792 4149
2792 4514
2792 4712
2792 4734
2792 4735
2792 4993
2792 4998
2793 2892
2793 3073
2793 3097
2793 3686
2793 3711
2793 4036
2793 4054
2793 4088
2793 4090
2793 4111
2793 4120
2794 2824
2794 3355
2794 3606
2794 3834
2794 3924
2795 2832
2795 3539
2795 3708
2795 3842
2795 4591
2795 4755
2796 2843
2796 3255
2796 3361
2796 3444
2796 3674
2796 3980
2796 4346
2796 4439
2796 4676
2796 4749
2796 4974
2797 3218
2797 3697
2797 4137
2797 4225
2797 4272
2797 4329
2797 4454
2797 4582
2797 4647
2797 4974
2798 3098
2798 3433
2798 3824
2798 4002
2798 4215
2798 4446
2798 4618
2799 3310
2799 3434
2799 3800
2799 3814
2799 3952
2799 4280
2799 4590
2799 4653
2800 2981
2800 3589
2800 3755
2800 4607
2800 4770
2800 4884
2801 3483
2801 4174
2801 4177
2801 4422
2801 4547
2801 4771
2801 4932
2802 2871
2802 3356
2802 3368
2802 4389
2802 4916
2803 3080
2803 3449
2803 3519
2803 3684
2803 3724
2803 3885
2803 4354
2803 4987
2804 3162
2804 3219
2804 3736
2804 3751
2804 3791
2804 3806
2804 3813
2804 3838
2804 4597
2804 4655
2804 4794
2804 4881
2804 4900
2805 2968
2805 3106
2805 3252
2805 3565
2805 3585
2805 3910
2805 4100
2805 4165
2805 4239
2805 4413
2806 3017
2806 3473
2806 3791
2806 4050
2806 4165
2806 4316
2806 4480
2807 2823
2807 3376
2807 3671
2807 3933
2807 4231
2807 4255
2807 4524
2807 4820
2808 3532
2808 3618
2808 3650
2808 3808
2808 3882
2808 4144
2808 4399
2808 4748
2809 3065
2809 3134
2809 3363
2809 3420
2809 3423
2809 3468
2809 3651
2809 4403
2809 4835
2810 3013
2810 3150
2810 4774
2811 3216
2811 3477
2811 3995
2811 4732
2811 4784
2812 3237
2812 3433
2812 3469
2812 3805
2812 3824
2812 3892
2812 4195
2812 4237
2812 4481
2812 4961
2813 2853
2813 3114
2813 3119
2813 3296
2813 3352
2813 3693
2813 4041
2813 4305
2813 4674
2813 4885
2813 4991
2814 2964
2814 3722
2814 4487
2815 2870
2815 2975
2815 3419
2815 3432
2815 3600
2815 3780
2815 4285
2815 4608
2815 4884
2815 4964
2816 3684
2816 3787
2816 3927
2816 4138
2816 4359
2816 4385
2817 2832
2817 3797
2817 3985
2817 4236
2817 4753
2817 4762
2817 4917
2818 2987
2818 3168
2818 3442
2818 3563
2818 3597
2818 3807
2818 3996
2818 4422
2818 4540
2819 3794
2819 3942
2819 4334
2819 4527
2819 4713
2819 4836
2819 4944
2819 4998
2820 2928
2820 3139
2820 3285
2820 3730
2820 3793
2820 3799
2820 3882
2820 3898
2820 4470
2821 3170
2821 3843
2821 4101
2821 4107
2821 4740
2821 4856
2822 3310
2822 3358
2822 3475
2822 4222
2822 4761
2823 2988
2823 3116
2823 3169
2823 3197
2823 3349
2823 4115
2823 4230
2823 4507
2824 3538
2824 3546
2824 4088
2824 4748
2824 4968
2825 3251
2825 3631
2825 3916
2825 4033
2825 4489
2826 3215
2826 3394
2826 3729
2826 3847
2826 3878
2826 4924
2827 3411
2827 3559
2827 3674
2827 3695
2827 4046
2827 4492
2827 4799
2828 2987
2828 3259
2828 3577
2828 4068
2828 4070
2828 4095
2828 4177
2828 4346
2828 4351
2828 4594
2829 3258
2829 3568
2829 3764
2829 3805
2830 3247
2830 3257
2830 3971
2830 4264
2830 4376
2830 4621
2830 4937
2831 3294
2831 4297
2831 4504
2831 4671
2831 4983
2832 4797
2832 4892
2832 4923
2833 3233
2833 3258
2833 3309
2833 4637
2834 3068
2834 3335
2834 4488
2834 4723
2834 4975
2835 2846
2835 3224
2835 3592
2835 3834
2835 4850
2835 4871
2835 4912
2836 3865
2836 4153
2836 4164
2836 4206
2836 4295
2836 4321
2836 4937
2837 3148
2837 3368
2838 3153
2838 3193
2838 3239
2838 3330
2838 3893
2838 4020
2838 4570
2839 2911
2839 3589
2839 4375
2839 4834
2840 3257
2840 3457
2840 3588
2840 3824
2840 3990
2840 4092
2840 4123
2840 4214
2840 4643
2840 4753
2841 3125
2841 3212
2841 3278
2841 3313
2841 3743
2841 3770
2841 3807
2841 4150
2841 4255
2841 4538
2841 4947
2842 3178
2842 3938
2842 4351
2842 4467
2842 4765
2842 4857
2843 3102
2843 3369
2843 3918
2843 4634
2843 4696
2843 4808
2843 4896
2844 3605
2844 3631
2844 3765
2844 4178
2844 4631
2844 4647
2844 4675
2844 4796
2845 3108
2845 3848
2845 3900
2845 4036
2845 4156
2845 4163
2845 4524
2846 4670
2847 3208
2847 3359
2847 3370
2847 3887
2847 4300
2847 4330
2847 4500
2847 4553
2847 4751
2847 4753
2847 4991
2848 2929
2848 3179
2848 3289
2848 3456
2848 3492
2848 3526
2848 3863
2848 4061
2848 4160
2848 4608
2848 4684
2848 4767
2848 4956
2849 3307
2849 3318
2849 3738
2849 3894
2849 4089
2849 4330
2850 3542
2850 3712
2850 4817
2850 4920
2851 3054
2851 3488
2851 3580
2851 3697
2851 4115
2851 4156
2851 4201
2851 4467
2851 4479
2851 4523
2851 4847
2851 4972
2852 2906
2852 3036
2852 3770
2852 3881
2853 3565
2853 3726
2853 4464
2853 4626
2854 2864
2854 2884
2854 3148
2854 3827
2854 4085
2854 4112
2854 4161
2854 4547
2855 2952
2855 3395
2855 3811
2855 4137
2855 4205
2855 4609
2856 3438
2856 3635
2856 3770
2856 3797
2856 4304
2856 4589
2856 4637
2856 4762
2857 3349
2857 3439
2857 3620
2857 3674
2857 4729
2858 3196
2858 3961
2858 4918
2859 3154
2859 3728
2859 3737
2859 3835
2859 4002
2859 4543
2860 2910
2860 3099
2860 3493
2860 4238
2860 4266
2860 4513
2860 4604
2860 4646
2860 4989
2861 3268
2861 3476
2861 4172
2861 4180
2861 4310
2861 4412
2861 4438
2861 4583
2861 4714
2861 4749
2862 3184
2862 3484
2862 3547
2862 4207
2862 4533
2862 4914
2863 3163
2863 3313
2863 3350
2863 4970
2864 2874
2864 2890
2864 3658
2864 3745
2864 3798
2864 4143
2864 4696
2865 3475
2865 3728
2865 3785
2865 4278
2865 4389
2865 4559
2865 4750
2865 4910
2866 3030
2866 3149
2866 3492
2866 3564
2866 3790
2866 3822
2866 4046
2866 4184
2867 3858
2867 4099
2867 4142
2867 4389
2867 4641
2867 4670
2867 4852
2868 2919
2868 3342
2868 3526
2868 3770
2868 3984
2868 4214
2868 4224
2868 4314
2868 4802
2868 4945
2869 3049
2869 3140
2869 3341
2869 3751
2869 4948
2870 3084
2870 3276
2870 3387
2870 3560
2870 4124
2870 4628
2870 4777
2870 4922
2871 2906
2871 2910
2871 3003
2871 3129
2871 3913
2871 3985
2871 4938
2872 2927
2872 3327
2872 3445
2872 4014
2872 4052
2872 4310
2872 4661
2872 4828
2872 4967
2873 2968
2873 3600
2873 3754
2873 3930
2873 4272
2873 4750
2873 4978
2874 2916
2874 3116
2874 3371
2874 3989
2874 4000
2874 4100
2874 4124
2874 4274
2874 4290
2874 4734
2874 4818
2875 3119
2875 3133
2875 3215
2875 4097
2875 4317
2875 4577
2875 4692
2875 4693
2876 3466
2876 3470
2876 3783
2876 4521
2876 4583
2876 4668
2876 4703
2876 4912
2877 3119
2877 3174
2877 3295
2877 3412
2877 3630
2877 3696
2877 4190
2877 4214
2877 4766
2878 3539
2878 3783
2878 3809
2878 3935
2878 4001
2878 4163
2878 4236
2878 4353
2878 4704
2879 3091
2879 3578
2879 3707
2879 4223
2879 4251
2879 4339
2879 4672
2879 4768
2879 4819
2879 4938
2880 3229
2880 3549
2880 4388
2880 4494
2881 3131
2881 3368
2881 4119
2881 4269
2881 4357
2882 3018
2882 3580
2882 3709
2882 3861
2882 3882
2882 4017
2882 4197
2882 4596
2882 4693
2883 3302
2883 3566
2883 4480
2883 4986
2884 2949
2884 3359
2884 3399
2884 3897
2884 4825
2885 3009
2885 3617
2885 3796
2885 3898
2885 3921
2885 4161
2885 4485
2886 2935
2886 3716
2886 3968
2886 4036
2886 4244
2886 4475
2886 4854
2886 4897
2886 4992
2887 3069
2887 3328
2887 3421
2887 3447
2887 3871
2887 3978
2887 4148
2887 4591
2887 4674
2888 3003
2888 3220
2888 3581
2888 3806
2888 4069
2888 4149
2888 4259
2888 4375
2888 4432
2888 4708
2888 4735
2889 3230
2889 3819
2889 3926
2889 4298
2889 4762
2889 4788
2890 3328
2890 3615
2890 3855
2890 4580
2890 4616
2890 4720
2891 3014
2891 3530
2891 4421
2891 4693
2891 4943
2892 3195
2892 3272
2892 4426
2893 3539
2893 4210
2893 4249
2893 4346
2894 2985
2894 3052
2894 3096
2894 3225
2894 3296
2894 3390
2895 3493
2895 4149
2895 4198
2895 4203
2896 3302
2896 3741
2896 4211
2896 4426
2896 4475
2896 4693
2897 3140
2897 3155
2897 3234
2897 3277
2897 3594
2897 3706
2897 3989
2897 4472
2897 4503
2897 4651
2898 3002
2898 3437
2898 4038
2898 4286
2898 4306
2898 4684
2898 4686
2898 4975
2899 3346
2899 3766
2899 4343
2899 4427
2899 4718
2900 3624
2900 3789
2900 3858
2900 4720
2901 3300
2901 3572
2901 3594
2901 3597
2901 3993
2901 4290
2901 4725
2902 2985
2902 3041
2902 3075
2902 3313
2902 3473
2902 3621
2902 3622
2902 3834
2902 4085
2903 2967
2903 3259
2903 3324
2903 3335
2903 3376
2903 3581
2903 3652
2903 3833
2903 4028
2903 4449
2903 4516
2903 4658
2903 4730
2904 3553
2904 3678
2904 3925
2904 4184
2904 4988
2905 3142
2905 3330
2905 3380
2905 3396
2905 3644
2905 3787
2905 4190
2905 4602
2906 3370
2906 3404
2906 3674
2906 3688
2906 4205
2906 4552
2906 4561
2907 3120
2907 3187
2907 3333
2907 3347
2907 3356
2907 3700
2907 3719
2907 3785
2907 4135
2907 4154
2907 4602
2908 3022
2908 3108
2908 3203
2908 4359
2908 4548
2908 4604
2908 4789
2909 3730
2909 3828
2909 4056
2909 4114
2909 4582
2910 3038
2910 3080
2910 3689
2910 4282
2910 4284
2910 4927
2910 4965
2911 3238
2911 3363
2911 3502
2911 3592
2911 3690
2911 3942
2911 4682
2911 4768
2911 4896
2912 3210
2912 3676
2912 4086
2912 4214
2912 4255
2912 4585
2913 4257
2913 4660
2913 4810
2914 2945
2914 3836
2914 4189
2914 4395
2914 4857
2915 2996
2915 3603
2915 3646
2915 3917
2915 4829
2916 3599
2916 3753
2916 4151
2916 4871
2917 3116
2917 3659
2917 3809
2917 4185
2917 4378
2917 4553
2918 3277
2918 3664
2918 3879
2918 3892
2918 4240
2918 4875
2918 4894
2919 3084
2919 3347
2919 3497
2919 3540
2919 3641
2919 3859
2919 3961
2919 4028
2920 2962
2920 4066
2920 4089
2920 4190
2920 4237
2920 4262
2920 4493
2921 4182
2921 4610
2921 4777
2922 3427
2922 3500
2922 3634
2922 3885
2922 4849
2922 4997
2923 3912
2923 3973
2923 4499
2924 2939
2924 3005
2924 3292
2924 3523
2924 3718
2924 3950
2924 4421
2925 3261
2925 3291
2925 3403
2925 3605
2925 3701
2925 4151
2925 4266
2925 4380
2925 4894
2926 3018
2926 3897
2926 4237
2927 2957
2927 3072
2927 3128
2927 3345
2927 3884
2927 3978
2927 4134
2927 4994
2928 3066
2928 3800
2928 4072
2928 4350
2928 4557
2928 4893
2928 4895
2929 3348
2929 3479
2929 3705
2929 4422
2929 4649
2930 3174
2930 3243
2930 3832
2930 3853
2930 4125
2930 4512
2930 4575
2930 4631
2930 4914
2931 3106
2931 3381
2931 3437
2931 3476
2931 3634
2931 4134
2931 4199
2931 4502
2931 4669
2931 4705
2931 4932
2931 4955
2931 4988
2932 3316
2932 3498
2932 3744
2932 4381
2932 4418
2932 4745
2932 4787
2932 4844
2932 4912
2933 3029
2933 3237
2933 3651
2933 3915
2933 3976
2933 4187
2933 4901
2933 4920
2934 2970
2934 3074
2934 3539
2934 3567
2934 3604
2934 3685
2935 3044
2935 3252
2935 3266
2935 3902
2935 4275
2935 4548
2935 4569
2936 3018
2936 3683
2936 4347
2937 3278
2937 4356
2937 4809
2937 4852
2938 3115
2938 3162
2938 3214
2938 4667
2938 4744
2939 3110
2939 3428
2939 3442
2939 3632
2939 3820
2939 4078
2939 4321
2939 4619
2939 4718
2939 4812
2940 2965
2940 3057
2940 3247
2940 4087
2940 4272
2940 4551
2941 3466
2941 3505
2941 4857
2941 4939
2941 4970
2941 4996
2942 3031
2942 3409
2942 4129
2942 4218
2942 4601
2943 3047
2943 3182
2943 3246
2943 3564
2943 3827
2943 4113
2943 4643
2943 4741
2944 3128
2944 3400
2944 3546
2944 3767
2944 3934
2944 3954
2944 4012
2944 4295
2944 4625
2944 4637
2945 3028
2945 3248
2945 3359
2945 3387
2945 3563
2945 4495
2946 3042
2946 3294
2946 3496
2946 4045
2946 4729
2947 2991
2947 3343
2947 4053
2947 4112
2947 4325
2947 4338
2947 4447
2947 4989
2948 3548
2948 3832
2948 4227
2948 4356
2948 4662
2948 4724
2948 4832
2949 3091
2949 3338
2949 3531
2949 3984
2949 4127
2949 4174
2949 4474
2949 4870
2950 3252
2950 3491
2950 3644
2950 3719
2950 3736
2950 3963
2950 4126
2950 4448
2950 4847
2951 2992
2951 3179
2951 3550
2951 4103
2951 4782
2952 3458
2952 3487
2952 3703
2952 3860
2952 4182
2953 3232
2953 3810
2953 3907
2953 4616
2953 4840
2953 4952
2953 4999
2954 3633
2954 3742
2954 4062
2954 4079
2954 4093
2954 4278
2954 4333
2954 4356
2954 4452
2954 4502
2954 4564
2955 3578
2955 3857
2955 3975
2955 4030
2955 4480
2955 4751
2956 2995
2956 3007
2956 3179
2956 3441
2956 3473
2956 3493
2956 3859
2956 3865
2956 3946
2956 4306
2956 4407
2956 4722
2956 4775
2956 4831
2956 4873
2956 4933
2957 3249
2957 3563
2957 3742
2957 3920
2957 4495
2957 4805
2958 3080
2958 3790
2958 4166
2958 4976
2959 3005
2959 3178
2959 3490
2959 4043
2959 4103
2959 4162
2959 4200
2959 4227
2959 4244
2959 4344
2959 4848
2960 3481
2960 4210
2960 4348
2961 3228
2961 3669
2961 3898
2961 3927
2961 4134
2961 4150
2961 4168
2961 4429
2961 4457
2961 4600
2962 3198
2962 3221
2962 3823
2962 4615
2962 4751
2963 3822
2963 4071
2963 4423
2963 4551
2963 4667
2964 3372
2964 3619
2964 3901
2964 4208
2964 4245
2964 4465
2964 4547
2965 2982
2965 3201
2965 3621
2965 4431
2965 4506
2966 3224
2966 3251
2966 3967
2966 4705
2966 4722
2966 4893
2967 3028
2967 3402
2967 3627
2967 3672
2967 4589
2967 4851
2968 2986
2968 3048
2968 3120
2968 3284
2968 3409
2968 4284
2968 4861
2969 3136
2969 3377
2969 4214
2969 4313
2969 4521
2970 3089
2970 3140
2970 3645
2970 3852
2970 4246
2970 4263
2970 4723
2970 4930
2971 3047
2971 3061
2971 3125
2971 4271
2972 3154
2972 3271
2972 3544
2972 4224
2972 4300
2972 4642
2973 3472
2973 3881
2973 4558
2973 4736
2973 4910
2973 4939
2974 3007
2974 3220
2974 3527
2974 3619
2974 3812
2974 4013
2974 4304
2974 4859
2974 4869
2975 3471
2975 4010
2975 4214
2975 4887
2975 4926
2976 3494
2976 4531
2977 3324
2977 3470
2977 3624
2977 3704
2977 3889
2977 3920
2977 3948
2977 4253
2978 3117
2978 3186
2978 4028
2979 4287
2979 4330
2979 4341
2979 4434
2979 4874
2980 3213
2980 3296
2980 3352
2980 3633
2980 3830
2980 4229
2980 4512
2980 4907
2981 3073
2981 3163
2981 3548
2981 3875
2981 3987
2981 4293
2982 3661
2982 3787
2982 4099
2982 4112
2983 3128
2983 3187
2983 3496
2983 3543
2983 4268
2983 4398
2983 4420
2983 4859
2983 4997
2984 3135
2984 3213
2984 3302
2984 3387
2984 3458
2984 3598
2984 3816
2984 4089
2984 4761
2985 3181
2985 3849
2985 4051
2985 4673
2985 4935
2986 3499
2986 4455
2986 4720
2986 4928
2987 3259
2987 3846
2987 4621
2987 4855
2987 4884
2988 3088
2988 3122
2988 3495
2988 4228
2988 4278
2988 4643
2988 4946
2989 3451
2989 3852
2989 4090
2989 4509
2989 4776
2989 4867
2990 3276
2990 3743
2990 3926
2990 3929
2991 3389
2991 3405
2991 3463
2991 3492
2991 3706
2991 3775
2991 3780
2992 4529
2992 4563
2992 4732
2992 4772
2992 4919
2992 4992
2993 3144
2993 3253
2993 3608
2993 3791
2993 4045
2993 4174
2993 4881
2994 3326
2994 3415
2994 4010
2994 4059
2994 4176
2994 4240
2994 4315
2994 4523
2994 4618
2994 4817
2995 3854
2995 3868
2995 4085
2995 4269
2995 4298
2995 4430
2995 4931
2995 4997
2996 3278
2996 3548
2996 4064
2996 4099
2996 4538
2997 3054
2997 3217
2997 3335
2997 3738
2997 3796
2997 3859
2997 4221
2999 3711
2999 4554
3000 3285
3000 3390
3000 3630
3000 3710
3000 4326
3001 3502
3001 3559
3001 3833
3001 3994
3001 4450
3002 3080
3002 3518
3002 3657
3002 3937
3002 4207
3002 4393
3002 4654
3002 4657
3002 4802
3002 4874
3002 4976
3003 4452
3003 4687
3003 4728
3004 3073
3004 3581
3004 3771
3004 4016
3004 4866
3004 4926
3005 3057
3005 3479
3005 3789
3005 3909
3005 4407
3005 4546
3005 4550
3005 4630
3006 3354
3006 3729
3006 4074
3006 4707
3007 3024
3007 4014
3007 4034
3007 4223
3007 4409
3008 3526
3008 3589
3008 4218
3009 3713
3009 4103
3009 4514
3009 4566
3009 4592
3010 3012
3010 3331
3010 3420
3010 3490
3010 3717
3010 3724
3010 3768
3010 4291
3010 4613
3011 3418
3011 3572
3011 3598
3011 3752
3011 3910
3011 4052
3011 4139
3011 4444
3011 4953
3012 3342
3012 4027
3012 4498
3012 4503
3012 4554
3012 4795
3012 4973
3013 3963
3013 4065
3013 4645
3014 3492
3014 3568
3014 3935
3014 4819
3015 3017
3015 3266
3015 3416
3015 3779
3015 4058
3015 4735
3015 4878
3015 4960
3016 3077
3016 3170
3016 3710
3016 3713
3016 3722
3016 3814
3016 4471
3016 4719
3017 3068
3017 3534
3017 3608
3017 3772
3017 4015
3017 4200
3017 4210
3017 4373
3017 4399
3017 4411
3017 4553
3017 4979
3018 3875
3018 4450
3019 3052
3019 3120
3019 3860
3019 3919
3019 4069
3019 4712
3019 4820
3019 4854
3019 4973
3019 4979
3020 3169
3020 3430
3020 3463
3020 3509
3020 3611
3020 3855
3020 4562
3021 3081
3021 3269
3021 4266
3021 4673
3021 4834
3022 3403
3022 3472
3022 3670
3022 3955
3022 4426
3023 3085
3023 3091
3023 3399
3023 3599
3023 3642
3023 3803
3023 4304
3023 4462
3023 4625
3023 4808
3023 4968
3024 4322
3024 4374
3024 4415
3024 4809
3025 3280
3025 3340
3025 3770
3025 3783
3025 4179
3025 4425
3026 3732
3026 3743
3026 3747
3026 4071
3026 4559
3026 4722
3026 4873
3027 3201
3027 3545
3027 3792
3027 4155
3027 4407
3028 3215
3028 3256
3028 3978
3028 4051
3028 4242
3028 4293
3028 4510
3028 4863
3029 3040
3029 3100
3029 3417
3029 4268
3029 4413
3030 3652
3030 4511
3030 4853
3030 4907
3030 4955
3031 3769
3031 4097
3031 4441
3031 4696
3031 4728
3032 3349
3032 3487
3032 3710
3032 4021
3032 4282
3032 4455
3033 3339
3033 3595
3034 3405
3034 3685
3034 4003
3034 4122
3034 4384
3034 4435
3034 4562
3034 4775
3035 3088
3035 3733
3035 4024
3035 4228
3035 4244
3035 4912
3036 3141
3036 3244
3036 3282
3036 3359
3036 3381
3036 3900
3036 4082
3036 4137
3036 4476
3036 4676
3037 4201
3037 4227
3038 3660
3038 4414
3038 4426
3038 4819
3039 3208
3039 3484
3039 3491
3039 3550
3039 3770
3039 3860
3039 4496
3039 4738
3040 3130
3040 3929
3040 4088
3040 4209
3040 4360
3040 4447
3040 4477
3040 4800
3040 4879
3041 3081
3041 3298
3041 3789
3041 3939
3042 3063
3042 3887
3042 4348
3042 4431
3042 4669
3043 4331
3043 4656
3044 3070
3044 3173
3044 3722
3044 4074
3044 4268
3044 4352
3044 4462
3044 4526
3044 4530
3044 4666
3044 4784
3044 4808
3045 3104
3045 3362
3045 3612
3045 3699
3045 4098
3045 4363
3046 3111
3046 3236
3046 3931
3046 4272
3046 4551
3046 4579
3046 4816
3046 4905
3047 3374
3047 3589
3047 4844
3047 4863
3048 3087
3048 3327
3048 3749
3048 4583
3049 3641
3049 4818
3050 4037
3050 4353
3051 4317
3051 4680
3051 4900
3052 3268
3052 3395
3052 3712
3052 3912
3052 4698
3052 4816
3052 4878
3052 4999
3053 4136
3053 4366
3054 3072
3054 3472
3054 3563
3054 3817
3054 3825
3054 4067
3054 4079
3054 4194
3054 4260
3054 4338
3054 4896
3054 4991
3055 3609
3055 3899
3055 4146
3055 4339
3056 3080
3056 3572
3056 4099
3056 4225
3056 4535
3056 4774
3057 3352
3057 3382
3057 4439
3057 4750
3057 4972
3058 3284
3058 3368
3058 3427
3058 4435
3058 4566
3058 4596
3059 3410
3059 3580
3059 4597
3059 4729
3060 3335
3060 3473
3060 3653
3060 3984
3060 4007
3060 4411
3061 3388
3061 3932
3061 4485
3061 4965
3062 3708
3062 3894
3062 4080
3062 4198
3062 4297
3062 4441
3062 4524
3062 4631
3062 4836
3062 4901
3063 3289
3063 3627
3063 4114
3063 4302
3063 4535
3063 4964
3064 3171
3064 3321
3064 3531
3064 3555
3064 3618
3064 3924
3064 3974
3064 4006
3064 4399
3064 4456
3064 4923
3065 3067
3065 3586
3065 3747
3065 4777
3065 4797
3066 4283
3067 3140
3067 3452
3067 3480
3067 4388
3068 3156
3068 3258
3068 3430
3068 4076
3068 4104
3068 4115
3068 4171
3068 4449
3068 4843
3069 3237
3069 3340
3069 3627
3069 3665
3069 3710
3069 3917
3069 4472
3069 4630
3070 3738
3070 3758
3070 3815
3070 3982
3070 4003
3070 4378
3070 4472
3070 4475
3070 4571
3070 4744
3070 4746
3071 4117
3071 4484
3071 4500
3071 4545
3071 4667
3071 4808
3071 4925
3072 3897
3072 3905
3072 4090
3073 3211
3073 3726
3073 3833
3073 4272
3073 4301
3074 3417
3074 3582
3074 4215
3074 4521
3074 4744
3075 3102
3075 4646
3075 4688
3075 4894
3075 4963
3076 3662
3076 3882
3076 4850
3076 4927
3077 3197
3077 3289
3077 3817
3077 4035
3077 4094
3077 4506
3077 4893
3077 4983
3078 3322
3078 3360
3078 3582
3078 3700
3078 4021
3078 4445
3078 4780
3078 4930
3079 3189
3079 3423
3079 3985
3079 4577
3079 4692
3079 4993
3080 3341
3080 4304
3080 4890
3081 3282
3081 3396
3081 4118
3081 4173
3081 4220
3081 4372
3081 4487
3081 4725
3081 4956
3082 3986
3082 4386
3083 3141
3083 3321
3083 3685
3083 3697
3083 3829
3083 4049
3083 4063
3083 4080
3083 4660
3083 4752
3084 3458
3084 3969
3084 4361
3085 3327
3085 3344
3085 4215
3085 4456
3085 4677
3085 4920
3086 3946
3086 4345
3086 4384
3086 4741
3086 4944
3087 3111
3087 3213
3087 3269
3087 3711
3087 4015
3087 4346
3087 4672
3088 3214
3088 3473
3088 4167
3088 4278
3088 4561
3089 3208
3089 4123
3089 4388
3089 4685
3089 4992
3090 3776
3090 4210
3090 4483
3091 3491
3091 3702
3091 3777
3091 3875
3091 3907
3091 4763
3091 4790
3091 4958
3092 3832
3092 3885
3092 4096
3092 4897
3093 3175
3093 3181
3093 3257
3093 3390
3093 3393
3093 3487
3093 3679
3093 3842
3093 4725
3093 4743
3094 3112
3094 3114
3094 3442
3094 3595
3094 3725
3094 4269
3094 4356
3094 4557
3094 4633
3094 4672
3094 4853
3094 4983
3095 3114
3095 3412
3095 3530
3095 3796
3095 4187
3095 4304
3095 4365
3095 4603
3095 4810
3095 4852
3095 4948
3096 3420
3096 4478
3097 3270
3097 3345
3097 4627
3097 4984
3098 3181
3098 3458
3098 4368
3098 4721
3098 4980
3099 3241
3099 4283
3099 4444
3099 4500
3099 4900
3100 3831
3100 3852
3100 3970
3100 4022
3100 4027
3100 4064
3100 4265
3100 4340
3100 4407
3100 4452
3100 4881
3100 4945
3100 4972
3101 3286
3101 3440
3101 3801
3101 4393
3102 4098
3102 4437
3102 4577
3103 3242
3103 3537
3103 3548
3103 3665
3103 3890
3103 4091
3103 4486
3103 4665
3104 3113
3104 3298
3104 3501
3104 4265
3104 4893
3104 4954
3105 3346
3105 4723
3105 4853
3105 4962
3106 3245
3106 3658
3106 3674
3106 3988
3106 4290
3106 4416
3106 4468
3106 4509
3107 3129
3107 4075
3107 4336
3107 4369
3107 4611
3107 4752
3108 3283
3108 4223
3108 4247
3109 3483
3109 3517
3109 4096
3109 4297
3109 4447
3110 3411
3110 3443
3110 3800
3110 3846
3110 4170
3110 4218
3110 4580
3110 4959
3111 3286
3111 3805
3111 3924
3111 4181
3111 4812
3112 3352
3112 4117
3113 3526
3113 3701
3113 3992
3113 3995
3113 4037
3113 4177
3113 4327
3113 4955
3114 3946
3114 3973
3114 4324
3114 4623
3115 3298
3115 3453
3115 3843
3115 4326
3115 4691
3116 3345
3116 4315
3116 4514
3116 4549
3116 4753
3117 3690
3117 3991
3118 3433
3118 3486
3118 3617
3118 3657
3118 3832
3118 4503
3118 4612
3118 4872
3119 3213
3119 3414
3119 3719
3119 3824
3119 3952
3119 4385
3119 4805
3119 4998
3120 3463
3120 4211
3120 4270
3120 4409
3120 4542
3120 4882
3121 3168
3121 3374
3121 3715
3121 4147
3121 4213
3121 4368
3121 4482
3122 3179
3122 3891
3122 4095
3122 4621
3122 4922
3122 4956
3123 3293
3123 3467
3123 3586
3123 3596
3123 4532
3123 4608
3123 4710
3123 4780
3124 3803
3124 4482
3125 3403
3125 4371
3125 4480
3125 4536
3125 4950
3125 4997
3126 3376
3126 3514
3126 3528
3126 4522
3126 4754
3126 4921
3127 3134
3127 3400
3127 3549
3127 4318
3127 4391
3127 4635
3128 3239
3128 3253
3128 3607
3128 3630
3128 3798
3128 3811
3128 4152
3128 4293
3128 4454
3129 3424
3129 3809
3129 4425
3129 4616
3129 4642
3130 3195
3130 3599
3130 3986
3130 4155
3130 4738
3130 4756
3131 3321
3131 3557
3131 3656
3131 3843
3131 3913
3131 4224
3131 4294
3132 3239
3132 3340
3132 3342
3132 3465
3132 3530
3132 3850
3132 4304
3132 4628
3132 4687
3132 4853
3133 3549
3133 3741
3133 4404
3133 4461
3133 4849
3133 4952
3133 4986
3134 3749
3134 3848
3134 4175
3134 4325
3134 4367
3134 4537
3134 4933
3135 3162
3135 3329
3135 3781
3135 3812
3135 4316
3135 4669
3135 4702
3135 4881
3136 3580
3136 3636
3136 3921
3136 4568
3136 4875
3137 3475
3137 3556
3137 3742
3137 3892
3137 4355
3137 4423
3137 4562
3138 3824
3138 3855
3138 3867
3138 3883
3138 4075
3139 3243
3139 4168
3139 4240
3139 4255
3139 4641
3139 4761
3140 3770
3140 4239
3140 4682
3140 4806
3141 3443
3141 3540
3141 3762
3141 3815
3141 4006
3142 3156
3142 3209
3142 3469
3142 3836
3142 4053
3142 4164
3142 4236
3142 4487
3142 4581
3143 3468
3143 3556
3143 3611
3143 4005
3143 4609
3143 4742
3143 4761
3144 3283
3144 3434
3144 3456
3144 3692
3144 3742
3144 3930
3144 4234
3144 4348
3144 4559
3144 4645
3144 4877
3145 3444
3145 4321
3145 4723
3145 4793
3145 4870
3146 3722
3146 4424
3146 4584
3146 4731
3146 4943
3146 4988
3147 3418
3147 3668
3147 3860
3147 3872
3147 3998
3147 4198
3147 4313
3147 4381
3147 4497
3147 4684
3148 3748
3148 4413
3148 4975
3148 4976
3149 3215
3149 3694
3149 3838
3149 4020
3149 4092
3149 4266
3149 4536
3149 4694
3150 3318
3150 3375
3150 3385
3150 4171
3150 4318
3150 4610
3150 4712
3150 4737
3150 4790
3151 3202
3151 3822
3151 4714
3151 4807
3151 4819
3152 4258
3152 4891
3153 3249
3153 3520
3153 3710
3153 4309
3153 4475
3153 4623
3154 3238
3154 3640
3154 3710
3154 3971
3154 4102
3154 4165
3154 4396
3154 4867
3154 4906
3154 4964
3155 3663
3155 3872
3155 4637
3156 4120
3156 4257
3156 4722
3156 4829
3156 4893
3157 3173
3157 3843
3157 4356
3157 4654
3158 3332
3158 3475
3158 3762
3158 3766
3158 3825
3158 4277
3159 3578
3159 4644
3159 4842
3159 4878
3160 3210
3160 3323
3160 3995
3160 4631
3160 4843
3161 4413
3162 3315
3162 3663
3162 3794
3162 4051
3162 4342
3162 4618
3162 4642
3162 4965
3163 3677
3163 3718
3163 3784
3163 3803
3163 4126
3163 4444
3163 4445
3163 4646
3163 4739
3163 4797
3163 4872
3163 4957
3164 3360
3164 3374
3164 4322
3164 4455
3164 4898
3165 3766
3165 4136
3165 4908
3166 3708
3166 3774
3166 3797
3166 4254
3167 3274
3167 3507
3167 3644
3167 3795
3167 4855
3167 4965
3168 3230
3168 4036
3168 4220
3169 3327
3169 3441
3169 3944
3169 4348
3169 4498
3169 4526
3170 3293
3170 3419
3170 3862
3170 4079
3170 4827
3170 4860
3171 3423
3171 4450
3171 4461
3172 3206
3172 3565
3172 4805
3172 4814
3173 3441
3173 3519
3173 3802
3173 4325
3173 4381
3173 4485
3174 3269
3174 4228
3174 4391
3174 4540
3174 4697
3175 3398
3175 3985
3175 4364
3175 4836
3176 3391
3176 3937
3176 4279
3176 4471
3177 3279
3177 3611
3177 3858
3177 4301
3177 4619
3177 4853
3178 3182
3178 3455
3178 3683
3178 3865
3178 4060
3178 4213
3178 4535
3178 4990
3179 3596
3179 3867
3179 4387
3179 4477
3179 4508
3179 4522
3179 4548
3179 4787
3180 3494
3180 4599
3180 4997
3181 3708
3181 3935
3181 4918
3182 3462
3182 4040
3182 4078
3182 4413
3183 3225
3183 3291
3183 3574
3183 3612
3183 3723
3183 3918
3183 4044
3183 4366
3183 4494
3183 4571
3183 4914
3184 3223
3184 3290
3184 3646
3184 3678
3184 3689
3184 4045
3184 4106
3184 4526
3184 4948
3185 3498
3185 3623
3185 3630
3185 4238
3185 4849
3186 3879
3186 4268
3186 4501
3186 4616
3186 4624
3186 4776
3186 4853
3187 3687
3187 3884
3187 4060
3187 4449
3187 4760
3188 3451
3188 3723
3188 3868
3188 4096
3188 4161
3188 4229
3188 4972
3189 3267
3189 3715
3189 3860
3189 3978
3189 4738
3190 3715
3190 3817
3190 4377
3190 4469
3191 3221
3191 3306
3191 3492
3191 3497
3191 3803
3191 3910
3191 3969
3191 4533
3191 4754
3192 3276
3192 3679
3192 4724
3192 4746
3193 3377
3193 3652
3193 3814
3193 3984
3193 4037
3193 4200
3193 4743
3193 4757
3193 4892
3194 3394
3194 3595
3194 4007
3194 4242
3194 4505
3195 3332
3195 4495
3195 4739
3195 4873
3196 3447
3196 3944
3196 4304
3197 3704
3197 3995
3197 4148
3197 4213
3197 4572
3198 3314
3198 3593
3198 3627
3198 3867
3198 3949
3198 4251
3198 4504
3199 3255
3199 3352
3199 3609
3199 3661
3199 4512
3200 3345
3200 3347
3200 3604
3200 3742
3200 4161
3200 4409
3200 4614
3201 3205
3201 3274
3201 4488
3201 4656
3202 3573
3202 3851
3202 3906
3202 4414
3202 4895
3203 3486
3203 3628
3203 4617
3203 4700
3203 4905
3203 4949
3203 4970
3204 3571
3204 3671
3204 4249
3204 4395
3204 4486
3204 4937
3205 3658
3205 3750
3205 4520
3206 3385
3206 3844
3206 4031
3206 4098
3206 4175
3206 4600
3206 4859
3207 3612
3207 3657
3207 3763
3207 3916
3207 4004
3207 4196
3207 4437
3207 4585
3207 4803
3208 3601
3209 3323
3209 3460
3209 4007
3209 4294
3209 4363
3209 4438
3210 3543
3210 4209
3210 4329
3210 4419
3211 3926
3211 4018
3211 4213
3212 3509
3212 3797
3212 3834
3212 3890
3212 3980
3212 4234
3212 4573
3212 4625
3212 4697
3212 4906
3213 3303
3213 3846
3213 4467
3213 4486
3213 4922
3214 3236
3214 3280
3214 4113
3214 4345
3214 4881
3214 4930
3215 3251
3215 3341
3215 3690
3215 3747
3215 3865
3215 3885
3215 4598
3215 4780
3215 4855
3216 3277
3216 3948
3216 4604
3217 3325
3217 3359
3217 3420
3217 3652
3217 3753
3217 3816
3217 4292
3217 4342
3217 4358
3217 4674
3217 4691
3217 4943
3218 3246
3218 3269
3218 3570
3218 3799
3218 4122
3218 4823
3218 4921
3219 4321
3219 4458
3219 4477
3219 4943
3219 4993
3220 3838
3220 4312
3220 4533
3220 4749
3220 4798
3220 4920
3220 4991
3221 3268
3221 3453
3221 3888
3222 3298
3222 3619
3222 3672
3222 4007
3222 4795
3223 4139
3223 4330
3223 4695
3223 4852
3224 3230
3224 3540
3224 3724
3224 4863
3225 3228
3225 3351
3225 3654
3225 4181
3225 4650
3225 4659
3226 3301
3226 3718
3226 3960
3226 4517
3226 4555
3226 4635
3226 4878
3227 3728
3227 3831
3227 3895
3227 3995
3227 4996
3228 3229
3228 3570
3228 3657
3228 3760
3228 3809
3228 3852
3228 3882
3228 4248
3228 4696
3229 3289
3229 3455
3229 4164
3229 4362
3229 4791
3230 3444
3230 3909
3230 3939
3230 4091
3230 4156
3230 4575
3230 4770
3231 3407
3231 3603
3231 3757
3231 4095
3231 4691
3232 3379
3232 3443
3232 3510
3232 4717
3232 4750
3232 4796
3233 3259
3233 3379
3233 3699
3233 4241
3233 4651
3233 4816
3233 4899
3235 3277
3235 3718
3235 3816
3235 3956
3235 4996
3236 3248
3236 3553
3236 4235
3236 4448
3236 4514
3236 4715
3237 3251
3237 3626
3237 3761
3237 4730
3237 4900
3238 3938
3238 4170
3238 4430
3238 4526
3238 4731
3238 4943
3239 3760
3239 3987
3239 4006
3239 4378
3239 4384
3240 3558
3240 3793
3240 4220
3240 4431
3240 4494
3240 4919
3240 4933
3241 3458
3241 3904
3241 4040
3241 4276
3241 4505
3242 3444
3242 3634
3242 3707
3242 3951
3242 4405
3242 4591
3242 4852
3243 4089
3244 3309
3244 3486
3244 3582
3244 4215
3244 4329
3244 4583
3244 4591
3244 4600
3244 4911
3244 4987
3245 3357
3245 3385
3245 3772
3245 4589
3246 3573
3246 3776
3246 4127
3246 4458
3246 4725
3246 4757
3247 3618
3247 4503
3247 4721
3247 4845
3247 4889
3247 4952
3248 3622
3248 3686
3248 3888
3248 4431
3248 4717
3249 3807
3249 4026
3249 4839
3249 4916
3250 3286
3250 3365
3250 3623
3250 3673
3250 3674
3250 3952
3250 4057
3250 4597
3251 3486
3251 3936
3251 4534
3252 3385
3252 3586
3252 3618
3252 3843
3252 4210
3252 4936
3253 4983
3254 3288
3254 3633
3254 4352
3254 4684
3254 4776
3254 4832
3254 4967
3255 3317
3255 3527
3255 4299
3255 4655
3255 4713
3256 3364
3256 3711
3256 3762
3256 3862
3256 3904
3256 4337
3256 4483
3256 4598
3257 3335
3257 3383
3257 3563
3257 3766
3257 4285
3257 4314
3257 4383
3258 4155
3258 4469
3258 4538
3258 4635
3259 3472
3259 3487
3259 3492
3259 4291
3259 4326
3259 4702
3259 4907
3260 3362
3260 3537
3260 3643
3260 3868
3260 4290
3260 4403
3260 4470
3260 4846
3261 3504
3261 3513
3261 3743
3261 4476
3261 4498
3262 3683
3262 3733
3262 3984
3262 4782
3263 3377
3263 3544
3263 3696
3263 4080
3263 4085
3263 4863
3264 3765
3264 4301
3264 4479
3264 4976
3265 3513
3265 3578
3265 3595
3265 3637
3265 3951
3265 4228
3265 4416
3265 4639
3265 4684
3265 4976
3266 3377
3266 3668
3266 3975
3266 4706
3267 3700
3267 4365
3267 4425
3267 4630
3267 4710
3267 4867
3267 4907
3267 4930
3267 4933
3268 3330
3268 3599
3268 3890
3268 3897
3269 3606
3269 3949
3269 3984
3269 4083
3269 4873
3270 3499
3270 3593
3270 3715
3270 4037
3270 4989
3271 3336
3271 4554
3272 3340
3272 3741
3272 3883
3272 4040
3272 4739
3272 4873
3272 4911
3273 3363
3273 3586
3273 3659
3273 3733
3273 3797
3273 4172
3273 4431
3274 3300
3274 3938
3274 4017
3274 4118
3274 4343
3274 4544
3274 4667
3274 4711
3274 4917
3275 4340
3275 4920
3276 3555
3276 3560
3276 3837
3276 3896
3276 4118
3276 4504
3276 4830
3276 4891
3276 4938
3276 4951
3277 3356
3277 3979
3277 4523
3278 3542
3278 4210
3278 4654
3279 3490
3279 4523
3280 3760
3280 3898
3280 4340
3280 4886
3280 4919
3280 4958
3281 3891
3281 4115
3281 4169
3281 4975
3282 4871
3283 4063
3283 4070
3283 4283
3283 4668
3284 3389
3284 3723
3284 4044
3284 4306
3284 4876
3285 3351
3285 3504
3285 3729
3285 3742
3285 3869
3285 3987
3285 4514
3285 4660
3285 4703
3285 4773
3286 3532
3286 4277
3286 4373
3286 4405
3287 3349
3287 3545
3287 3947
3287 3973
3287 4028
3287 4098
3287 4150
3287 4595
3287 4623
3287 4726
3287 4857
3288 3444
3288 3524
3288 3954
3288 4799
3288 4881
3289 3575
3289 3770
3289 3830
3289 4526
3289 4728
3289 4846
3290 3297
3290 4476
3290 4752
3291 3801
3291 3900
3291 4163
3291 4191
3291 4422
3291 4614
3291 4828
3291 4998
3292 3570
3292 3614
3292 3746
3292 4405
3292 4510
3292 4535
3292 4579
3292 4580
3292 4619
3292 4822
3293 3430
3293 3431
3293 3589
3293 4934
3294 3508
3294 3648
3294 3729
3294 3911
3294 3989
3294 4089
3294 4509
3294 4540
3295 3415
3296 3360
3296 3363
3296 3532
3296 3608
3296 3622
3296 3667
3296 3946
3296 3993
3296 4239
3297 3649
3297 3672
3297 3902
3297 4088
3297 4416
3298 4156
3298 4615
3298 4946
3299 3743
3299 3916
3299 4409
3299 4502
3299 4690
3299 4715
3300 4201
3300 4405
3300 4495
3300 4952
3301 3495
3301 3920
3301 4050
3301 4261
3301 4404
3301 4766
3301 4841
3302 3409
3302 3653
3302 3934
3302 4168
3303 3386
3303 3438
3303 3614
3303 3930
3303 4404
3303 4625
3303 4960
3304 3540
3304 3561
3304 3996
3304 4543
3304 4820
3305 3598
3305 3703
3305 4293
3305 4315
3305 4406
3306 3434
3306 3610
3306 3692
3306 3856
3306 4150
3306 4359
3306 4646
3306 4815
3307 3359
3307 4112
3307 4329
3307 4392
3307 4667
3308 3347
3308 3437
3308 3530
3308 3830
3308 4200
3308 4535
3308 4880
3308 4899
3309 4038
3309 4533
3309 4908
3310 3403
3310 3764
3310 4382
3310 4537
3310 4600
3311 3456
3311 3915
3311 4217
3311 4265
3311 4364
3311 4418
3311 4862
3312 3639
3312 4052
3312 4165
3312 4396
3312 4637
3312 4817
3312 4908
3313 3407
3313 3620
3313 3651
3313 3690
3313 3776
3313 3846
3313 4323
3313 4574
3313 4605
3313 4880
3314 3337
3314 3611
3314 3724
3314 4073
3314 4163
3314 4593
3315 3399
3315 3828
3315 4060
3315 4250
3315 4291
3315 4893
3316 3394
3316 3448
3316 3783
3316 4974
3317 3434
3317 3454
3317 3566
3317 4707
3317 4811
3317 4887
3318 4606
3319 3363
3319 3540
3319 4276
3319 4509
3320 3715
3320 3969
3320 4113
3320 4360
3320 4963
3321 3359
3321 3506
3321 4069
3321 4502
3321 4956
3322 3352
3322 3519
3322 3556
3322 3639
3322 3717
3322 3832
3322 3861
3322 4429
3322 4867
3323 3413
3323 3648
3323 3696
3323 4205
3323 4258
3323 4259
3323 4977
3323 4993
3324 3645
3324 4397
3324 4845
3325 3654
3325 4011
3325 4047
3325 4199
3325 4323
3326 3794
3326 3816
3326 3956
3326 4051
3326 4098
3326 4151
3326 4244
3326 4269
3327 3861
3327 3949
3327 4037
3327 4232
3327 4513
3327 4917
3327 4923
3328 3483
3328 3641
3328 3656
3328 4764
3328 4855
3329 3759
3329 4535
3329 4908
3330 3701
3330 3886
3330 3963
3330 4920
3331 4334
3331 4376
3331 4808
3331 4932
3332 4593
3332 4951
3333 4123
3334 3357
3334 3631
3334 3717
3334 3764
3334 4452
3334 4725
3335 4591
3335 4679
3336 4459
3336 4489
3336 4723
3337 3884
3337 4060
3337 4861
3337 4926
3338 3708
3338 3720
3338 3892
3338 4571
3338 4868
3339 3341
3339 3420
3339 3534
3339 3772
3339 4021
3339 4444
3339 4688
3340 3359
3340 3550
3340 3917
3340 4405
3340 4507
3340 4768
3341 3759
3341 3947
3341 4197
3341 4247
3341 4490
3342 3463
3342 3876
3342 4573
3342 4814
3342 4851
3342 4992
3343 3355
3343 3737
3343 4506
3343 4711
3344 3926
3344 4180
3344 4218
3344 4296
3344 4810
3344 4892
3345 3563
3345 3624
3345 3692
3345 4088
3345 4559
3345 4645
3345 4774
3346 3559
3346 3890
3347 4500
3347 4942
3348 3583
3348 3709
3348 4365
3348 4375
3349 3778
3349 3908
3349 4047
3349 4191
3349 4293
3349 4794
3350 3935
3351 3606
3351 4202
3351 4246
3351 4348
3351 4776
3352 3469
3352 4255
3352 4364
3352 4919
3353 3775
3353 4849
3354 3531
3354 4060
3354 4189
3354 4565
3354 4965
3355 3432
3355 3698
3355 3857
3355 3947
3355 3959
3355 4682
3355 4728
3356 3738
3356 4570
3356 4894
3357 3830
3357 3897
3357 4662
3358 3420
3358 3488
3358 3719
3358 4146
3358 4249
3358 4359
3358 4471
3359 3372
3359 4201
3359 4374
3359 4707
3360 4294
3360 4720
3361 3516
3361 3738
3361 4560
3362 3439
3362 3769
3362 3793
3362 4378
3362 4500
3362 4714
3363 3890
3363 4525
3363 4897
3364 3466
3364 3471
3364 4132
3364 4488
3364 4618
3364 4662
3364 4929
3365 4377
3365 4739
3365 4991
3366 3433
3366 3563
3366 3947
3366 4182
3366 4513
3366 4891
3366 4984
3367 3473
3367 3630
3367 3766
3367 3881
3367 3939
3367 4207
3367 4242
3367 4686
3368 3582
3368 3851
3368 4127
3368 4441
3368 4628
3368 4698
3368 4891
3369 3654
3369 4286
3369 4665
3369 4726
3370 3453
3370 3869
3370 3964
3370 4010
3371 3528
3371 3773
3371 3893
3371 3976
3372 3439
3372 3670
3372 3792
3372 3795
3372 4346
3372 4499
3372 4543
3372 4641
3373 4037
3373 4322
3373 4335
3373 4873
3374 3378
3374 3397
3374 3451
3374 3765
3374 3856
3374 4077
3374 4655
3375 3737
3375 4056
3375 4106
3375 4135
3375 4155
3375 4542
3375 4812
3375 4899
3376 3441
3376 3544
3376 4176
3376 4438
3376 4617
3377 3463
3377 3760
3377 3986
3377 4226
3377 4400
3378 4411
3378 4995
3379 3732
3379 4066
3379 4394
3379 4800
3380 3671
3380 3705
3380 4102
3380 4106
3380 4531
3380 4870
3381 3495
3381 3539
3381 3931
3381 4520
3381 4570
3381 4854
3382 3407
3382 3634
3382 3856
3382 4881
3383 3662
3383 3872
3383 3884
3383 4079
3383 4286
3383 4429
3384 3852
3384 4966
3385 3486
3385 3854
3385 4126
3385 4170
3385 4236
3385 4335
3385 4610
3385 4768
3386 3485
3386 3683
3386 4240
3386 4284
3386 4318
3386 4446
3386 4490
3386 4599
3386 4867
3386 4880
3387 3512
3387 3542
3387 4489
3388 3435
3388 3596
3388 3802
3388 3826
3388 4055
3388 4405
3388 4610
3388 4628
3388 4683
3389 3406
3389 4045
3389 4685
3389 4758
3389 4936
3390 3696
3390 3905
3390 3913
3390 3937
3390 4269
3390 4711
3390 4863
3391 3610
3391 4510
3391 4523
3391 4748
3391 4818
3392 3541
3392 3928
3392 3938
3392 4032
3392 4225
3392 4421
3393 3801
3393 4589
3393 4881
3394 3639
3394 4243
3394 4521
3395 3957
3395 4822
3395 4857
3396 3403
3396 3600
3396 3929
3396 4256
3396 4393
3396 4651
3397 3469
3397 3722
3397 3924
3397 3968
3397 4108
3397 4122
3397 4493
3397 4622
3397 4892
3398 3712
3398 4613
3398 4918
3399 3985
3399 4574
3399 4850
3399 4969
3400 3642
3400 4706
3401 3891
3401 4506
3401 4727
3401 4768
3401 4848
3402 3832
3402 3939
3402 3998
3402 4475
3402 4676
3402 4973
3403 3548
3403 3573
3403 3803
3403 4138
3403 4275
3403 4340
3403 4681
3403 4932
3404 3487
3404 3583
3404 3995
3404 4106
3404 4640
3404 4972
3405 3971
3405 4579
3405 4627
3405 4718
3406 3726
3406 3881
3406 4013
3407 3573
3407 3656
3407 4077
3407 4080
3407 4466
3407 4526
3408 4747
3408 4961
3409 3417
3409 3471
3409 3548
3409 4627
3409 4920
3410 3624
3410 3701
3410 4426
3410 4591
3411 3915
3411 4343
3411 4793
3412 3540
3412 3919
3412 4612
3412 4955
3413 3420
3413 4666
3414 3455
3414 3605
3414 3989
3414 4144
3414 4213
3414 4976
3415 3616
3415 3736
3415 3826
3415 4440
3415 4642
3415 4712
3416 3423
3416 3817
3416 4088
3416 4226
3416 4784
3416 4806
3416 4886
3416 4971
3417 3419
3417 4272
3417 4305
3417 4314
3417 4975
3418 3668
3418 3759
3418 4721
3419 3709
3419 3795
3419 4073
3419 4520
3419 4897
3420 4074
3420 4163
3420 4518
3421 3493
3421 3545
3421 3696
3421 3804
3421 4024
3421 4379
3421 4432
3421 4846
3422 4298
3422 4820
3422 4827
3422 4842
3423 3789
3423 4172
3423 4644
3423 4660
3424 3967
3424 4087
3424 4200
3424 4437
3424 4710
3424 4721
3424 4810
3425 3737
3425 3946
3425 3959
3425 4093
3425 4938
3426 3430
3426 3692
3426 4004
3426 4318
3426 4404
3426 4570
3426 4701
3427 4175
3427 4372
3427 4493
3428 3617
3428 4001
3428 4545
3428 4760
3429 4122
3429 4185
3429 4290
3429 4368
3429 4436
3429 4677
3429 4878
3430 3546
3430 3561
3430 3688
3430 3761
3430 3797
3431 3477
3431 3512
3431 3713
3431 4215
3431 4519
3431 4636
3431 4661
3432 4174
3432 4404
3433 3517
3433 3593
3433 3990
3433 4380
3433 4615
3433 4704
3434 3589
3434 3726
3434 3879
3434 4483
3434 4804
3435 4193
3435 4501
3436 3477
3436 3601
3436 4532
3437 3442
3437 3467
3437 3797
3437 4052
3437 4560
3437 4582
3437 4672
3437 4720
3437 4819
3438 3519
3438 3901
3438 3950
3438 4110
3438 4621
3438 4657
3438 4675
3438 4838
3438 4894
3439 3742
3439 4381
3439 4728
3440 4161
3440 4220
3440 4423
3441 3530
3441 3557
3441 3644
3441 4063
3441 4278
3441 4784
3442 3585
3442 3626
3442 3760
3442 3874
3442 4276
3442 4377
3442 4687
3442 4881
3442 4997
3443 3787
3443 3883
3443 4624
3443 4651
3443 4764
3444 3600
3444 3707
3444 4139
3444 4181
3445 3577
3445 3653
3445 3700
3445 4071
3445 4272
3445 4306
3445 4384
3445 4448
3445 4466
3446 3531
3446 3957
3446 4297
3446 4477
3446 4585
3446 4630
3447 3631
3447 3976
3447 4094
3447 4552
3447 4633
3447 4655
3448 3613
3448 3732
3448 3832
3448 3890
3448 3921
3448 4250
3448 4371
3448 4777
3449 3875
3449 4111
3449 4553
3450 3514
3450 4160
3450 4584
3450 4598
3451 3462
3451 3566
3451 3578
3451 3585
3451 3929
3451 4634
3451 4743
3451 4745
3451 4832
3452 3734
3452 3788
3452 4020
3452 4104
3452 4395
3452 4701
3452 4812
3452 4913
3453 3468
3453 3804
3453 3885
3453 3956
3453 4012
3453 4225
3453 4431
3453 4632
3454 3568
3454 3754
3454 3782
3454 3986
3454 3987
3454 4011
3454 4128
3454 4536
3454 4604
3455 3824
3455 3973
3455 4047
3455 4258
3455 4477
3456 3900
3456 4115
3456 4413
3458 3846
3458 4407
3458 4419
3458 4992
3459 4021
3459 4029
3459 4147
3459 4809
3460 4176
3460 4186
3461 4338
3461 4577
3461 4609
3462 4007
3463 3632
3463 3685
3463 3697
3463 3901
3463 3903
3463 4304
3463 4405
3463 4676
3463 4858
3463 4859
3463 4924
3464 3960
3464 3993
3464 4015
3464 4099
3464 4562
3464 4616
3465 3625
3465 3727
3465 4004
3465 4761
3465 4844
3466 3715
3466 3749
3466 4499
3466 4956
3466 4978
3467 4886
3468 3477
3468 3550
3468 3685
3468 4367
3469 3482
3469 3733
3469 3958
3469 4002
3469 4184
3469 4448
3469 4758
3470 3867
3470 3957
3470 4096
3470 4380
3470 4500
3470 4796
3471 3695
3471 3900
3471 4542
3471 4807
3472 4506
3472 4784
3472 4832
3473 3516
3473 4105
3473 4110
3473 4359
3473 4757
3474 3827
3474 3997
3474 4241
3474 4392
3474 4492
3474 4744
3474 4788
3474 4958
3475 3662
3475 3872
3475 4020
3475 4347
3475 4399
3475 4472
3476 4083
3476 4881
3477 3625
3477 4533
3477 4600
3477 4929
3478 3521
3478 4240
3478 4648
3478 4983
3479 3719
3479 3941
3479 4005
3480 3757
3480 4683
3480 4927
3481 3570
3481 3851
3481 3902
3481 3916
3481 3978
3481 4624
3481 4933
3482 3675
3482 3676
3482 4125
3482 4157
3482 4677
3483 3516
3483 3653
3483 4043
3484 3573
3484 3792
3484 3834
3484 4299
3484 4982
3484 4991
3485 4071
3485 4342
3485 4964
3485 4989
3485 4997
3486 3655
3486 4210
3486 4678
3486 4749
3487 3534
3487 3832
3487 3980
3487 4171
3487 4265
3487 4439
3487 4476
3487 4479
3488 4512
3489 3928
3489 4929
3490 3570
3490 3712
3490 4319
3490 4560
3490 4613
3490 4806
3490 4987
3491 3815
3492 3493
3492 3575
3492 4014
3492 4042
3492 4110
3492 4435
3492 4561
3492 4702
3492 4731
3493 3670
3493 4965
3494 3697
3494 4149
3494 4371
3494 4559
3495 3848
3495 3914
3495 3927
3495 3970
3495 4146
3496 3973
3496 4926
3497 3682
3497 4258
3497 4467
3497 4565
3497 4948
3498 3999
3498 4145
3498 4359
3498 4533
3498 4699
3498 4720
3498 4821
3499 4037
3499 4137
3499 4308
3499 4424
3499 4951
3500 4531
3501 3769
3501 4093
3501 4582
3501 4924
3502 4048
3502 4438
3502 4590
3503 3630
3503 3724
3503 4010
3503 4062
3503 4188
3503 4319
3503 4636
3503 4684
3503 4714
3504 3630
3504 3919
3504 3946
3504 4195
3504 4358
3504 4639
3504 4718
3504 4741
3504 4975
3505 3565
3505 3602
3505 4576
3506 3540
3506 3685
3506 3784
3506 4077
3506 4285
3506 4606
3507 3508
3507 4822
3508 3538
3508 3786
3508 4958
3509 3545
3509 3661
3509 4280
3509 4423
3509 4694
3509 4834
3510 3666
3510 3737
3510 3822
3510 3872
3510 4201
3510 4721
3510 4761
3511 3733
3511 3780
3511 3951
3511 4129
3511 4208
3511 4733
3511 4774
3511 4809
3511 4873
3512 3923
3512 4575
3512 4845
3512 4876
3512 4947
3513 3680
3513 4240
3513 4421
3514 3687
3514 3908
3514 4464
3514 4709
3515 3520
3515 4677
3515 4741
3515 4848
3516 3662
3516 4365
3516 4374
3516 4382
3516 4454
3516 4500
3517 3896
3517 4050
3517 4071
3517 4239
3517 4700
3517 4783
3517 4951
3518 3576
3518 3774
3518 3831
3518 4051
3518 4099
3518 4351
3518 4586
3519 3877
3519 4163
3519 4200
3519 4353
3519 4555
3519 4746
3519 4886
3520 4102
3520 4150
3520 4401
3520 4403
3520 4651
3520 4938
3521 3992
3521 4688
3522 3532
3522 3881
3522 3963
3522 4127
3522 4428
3522 4562
3522 4572
3522 4586
3522 4931
3523 3675
3523 3802
3523 3967
3523 4217
3523 4267
3523 4638
3523 4657
3524 3886
3524 3958
3524 3965
3524 4349
3524 4421
3524 4449
3524 4872
3525 4146
3525 4170
3525 4641
3525 4689
3525 4964
3526 3557
3526 3754
3526 3969
3526 4406
3526 4523
3527 3629
3527 3804
3527 3886
3527 4030
3528 3550
3528 4231
3528 4429
3528 4820
3528 4852
3529 3752
3529 3982
3529 4031
3529 4071
3529 4225
3529 4485
3529 4600
3529 4697
3530 3887
3530 4011
3530 4227
3530 4334
3530 4609
3530 4726
3531 3816
3531 4133
3531 4176
3531 4657
3531 4670
3531 4728
3531 4925
3531 4926
3532 4240
3532 4562
3532 4664
3532 4770
3532 4927
3532 4932
3532 4996
3533 3552
3533 3640
3533 3674
3533 3709
3533 4279
3533 4325
3533 4471
3533 4562
3533 4689
3534 3579
3534 3900
3534 3975
3534 4651
3534 4919
3535 3547
3536 3539
3536 3628
3536 3734
3536 4003
3536 4035
3536 4139
3536 4643
3537 3800
3537 3885
3537 3894
3537 4106
3537 4746
3538 4322
3538 4460
3538 4714
3538 4745
3538 4827
3539 3759
3539 3927
3539 3928
3539 4215
3539 4289
3539 4317
3539 4513
3539 4751
3540 3716
3540 4008
3540 4390
3541 3613
3541 3706
3541 3735
3541 3739
3541 3776
3541 3866
3541 3890
3541 4255
3541 4326
3541 4704
3541 4725
3541 4995
3542 3969
3542 4273
3542 4584
3542 4810
3542 4823
3543 4097
3543 4358
3544 4162
3544 4195
3544 4330
3544 4508
3545 3563
3545 3650
3545 4024
3545 4158
3545 4251
3545 4662
3545 4947
3546 3656
3546 4157
3546 4499
3547 3689
3547 3792
3548 3637
3548 4569
3548 4691
3549 3686
3549 3828
3549 4042
3549 4298
3550 3640
3550 3854
3550 4247
3551 3821
3551 3929
3551 4151
3551 4226
3552 3902
3552 4912
3553 3924
3553 4253
3553 4334
3553 4453
3554 3850
3554 4927
3555 3624
3555 3899
3555 4200
3556 3809
3556 3927
3556 3968
3556 4889
3556 4903
3557 3591
3557 4079
3557 4083
3557 4343
3557 4450
3557 4677
3557 4775
3557 4787
3557 4946
3558 3646
3558 3712
3558 4253
3558 4764
3559 3749
3559 3861
3559 4016
3559 4395
3559 4586
3559 4614
3559 4774
3559 4967
3560 3840
3560 4440
3560 4487
3561 3770
3561 4747
3562 4543
3563 3799
3563 4032
3563 4164
3563 4167
3564 3875
3564 4020
3564 4203
3565 3663
3565 3975
3565 4020
3565 4082
3565 4249
3565 4376
3565 4974
3566 3657
3566 3665
3566 3869
3566 4399
3566 4441
3566 4581
3566 4895
3567 3969
3567 4076
3567 4171
3567 4697
3568 3843
3568 3893
3568 3956
3568 4044
3568 4367
3568 4687
3568 4758
3569 3890
3569 3895
3569 3935
3569 3975
3569 4422
3569 4608
3570 3655
3570 3984
3570 4340
3570 4863
3571 3699
3571 4821
3571 4903
3572 3637
3572 3942
3572 4142
3572 4250
3573 3672
3573 3852
3573 4439
3573 4962
3574 3741
3574 4082
3574 4366
3575 3639
3575 3705
3575 3910
3575 4005
3575 4093
3575 4243
3576 3672
3576 4152
3576 4578
3577 3756
3577 3786
3577 4088
3577 4322
3577 4340
3577 4425
3577 4511
3577 4567
3578 3605
3578 4164
3578 4254
3578 4477
3578 4922
3579 3862
3579 4297
3579 4364
3579 4619
3579 4919
3580 3648
3580 4238
3580 4314
3580 4765
3581 4171
3581 4328
3581 4417
3581 4570
3581 4644
3582 3871
3582 4067
3582 4383
3583 3677
3583 4081
3583 4812
3584 3757
3584 3958
3584 3998
3584 4111
3584 4582
3584 4591
3584 4831
3585 3626
3585 3791
3585 3947
3585 4581
3585 4660
3586 3939
3586 4371
3586 4698
3586 4704
3586 4732
3587 3738
3587 4251
3587 4256
3587 4346
3587 4362
3587 4511
3588 4199
3588 4314
3588 4387
3588 4708
3588 4822
3588 4929
3588 4956
3589 3598
3589 3963
3589 4394
3589 4478
3589 4809
3590 3662
3590 3664
3590 3682
3590 4432
3591 3852
3591 4361
3592 4136
3592 4569
3592 4597
3593 4583
3594 3719
3594 3892
3594 4146
3594 4829
3594 4976
3595 3890
3595 3963
3595 4349
3596 3654
3596 4213
3596 4901
3597 3599
3597 3652
3597 3773
3597 4237
3597 4378
3597 4972
3598 3617
3598 3917
3598 4089
3598 4583
3598 4773
3598 4806
3599 3619
3599 4064
3599 4164
3599 4819
3600 3651
3600 3869
3601 4752
3601 4891
3601 4938
3602 4868
3603 3702
3603 4000
3603 4121
3603 4430
3603 4480
3603 4800
3604 3916
3604 4373
3604 4620
3605 4168
3605 4389
3605 4479
3605 4619
3605 4899
3606 3650
3606 3672
3606 3908
3606 3981
3606 4208
3606 4257
3606 4557
3606 4630
3606 4659
3606 4672
3607 3721
3607 3788
3607 3829
3607 3863
3607 4731
3608 3765
3608 4019
3608 4051
3608 4752
3608 4995
3609 3739
3609 3912
3609 3944
3609 4375
3610 3826
3610 4227
3610 4424
3610 4504
3610 4561
3610 4767
3610 4833
3610 4914
3611 4093
3611 4977
3612 3742
3612 4127
3612 4230
3612 4390
3612 4731
3613 3740
3613 3785
3613 4072
3613 4675
3613 4691
3614 4023
3614 4082
3614 4842
3615 3801
3615 4088
3615 4094
3615 4423
3616 4003
3616 4148
3616 4296
3616 4352
3617 3918
3617 3960
3617 4551
3617 4773
3617 4891
3618 3750
3618 4092
3618 4138
3618 4864
3619 3625
3619 3870
3619 3957
3619 4019
3619 4259
3619 4770
3620 4100
3620 4183
3621 3727
3621 3882
3621 3885
3621 3933
3621 4212
3622 3660
3622 4452
3623 4683
3623 4979
3624 3786
3624 4954
3625 4161
3626 4042
3626 4114
3626 4292
3626 4356
3626 4693
3626 4834
3626 4908
3627 3702
3627 3991
3627 4087
3627 4205
3627 4370
3627 4373
3627 4587
3627 4785
3627 4911
3628 3821
3628 3859
3628 4618
3628 4989
3629 3696
3629 3915
3629 4091
3629 4731
3630 4047
3630 4155
3630 4231
3630 4523
3630 4546
3631 3738
3631 4402
3631 4619
3631 4969
3632 4396
3633 4021
3633 4107
3633 4423
3634 3838
3634 4126
3634 4287
3634 4488
3634 4622
3634 4800
3635 3924
3635 4160
3635 4321
3635 4386
3635 4554
3635 4638
3636 3837
3636 4143
3636 4393
3636 4577
3636 4585
3637 3727
3637 3755
3637 4161
3637 4406
3637 4826
3637 4895
3638 3753
3638 4131
3638 4139
3638 4640
3638 4841
3639 4535
3639 4723
3640 4520
3640 4524
3641 3716
3641 4656
3641 4705
3641 4808
3641 4822
3641 4858
3642 3645
3642 3845
3642 4065
3642 4476
3642 4727
3643 4151
3643 4432
3643 4601
3643 4702
3643 4834
3643 4873
3643 4905
3644 3888
3644 3923
3644 4143
3644 4577
3645 3802
3645 4031
3645 4064
3645 4559
3645 4608
3645 4658
3645 4714
3646 3894
3646 3900
3646 4320
3646 4561
3646 4861
3646 4991
3647 3882
3647 4798
3648 3835
3648 3973
3648 4222
3648 4326
3648 4956
3649 3889
3649 4147
3649 4247
3649 4661
3650 4351
3650 4468
3650 4687
3650 4777
3650 4893
3651 3785
3651 3959
3651 4378
3651 4602
3651 4829
3651 4851
3651 4911
3651 4975
3652 3939
3652 4133
3652 4360
3653 3924
3653 4316
3653 4332
3654 3662
3654 3931
3654 4177
3654 4339
3654 4605
3654 4626
3655 3903
3655 4026
3655 4081
3655 4606
3655 4843
3656 3750
3656 3876
3656 4321
3656 4431
3657 3884
3657 4200
3657 4807
3657 4866
3657 4945
3658 3777
3658 3973
3658 4076
3658 4219
3658 4300
3658 4741
3659 3665
3659 3694
3659 3959
3659 4122
3659 4584
3660 3742
3660 4401
3661 4001
3661 4653
3661 4761
3662 3717
3662 4438
3662 4580
3662 4909
3662 4932
3663 3947
3663 4046
3663 4255
3663 4525
3664 3869
3664 4077
3664 4294
3664 4972
3665 3744
3665 3773
3665 3794
3665 3946
3665 4047
3665 4763
3666 3692
3666 3936
3666 3961
3666 4088
3666 4746
3666 4774
3667 3783
3667 4415
3667 4503
3667 4908
3668 3793
3668 4155
3668 4385
3668 4388
3668 4416
3668 4924
3669 4498
3669 4885
3669 4937
3670 4812
3670 4881
3670 4987
3671 3955
3671 3977
3671 4543
3671 4743
3671 4874
3671 4911
3672 3734
3672 3979
3672 4822
3673 3802
3673 3817
3673 4375
3673 4771
3673 4959
3674 4685
3674 4843
3674 4883
3674 4993
3675 4054
3675 4434
3675 4885
3675 4959
3676 3698
3676 4339
3676 4442
3676 4935
3677 3847
3677 4462
3677 4651
3678 3906
3678 4324
3678 4420
3678 4453
3678 4815
3679 3683
3679 3958
3679 4106
3679 4251
3680 4340
3680 4967
3681 3699
3681 3944
3681 4354
3681 4519
3681 4834
3681 4907
3682 3790
3682 3969
3683 3805
3683 4148
3683 4348
3683 4466
3683 4739
3683 4798
3684 3700
3684 4053
3685 4339
3685 4598
3685 4917
3685 4934
3685 4945
3686 3822
3686 4028
3686 4099
3686 4494
3686 4637
3686 4938
3687 4309
3687 4796
3688 4042
3688 4159
3688 4884
3689 3719
3689 3949
3690 3757
3690 4190
3690 4193
3690 4202
3690 4800
3691 3748
3691 3964
3691 4331
3692 3925
3692 4063
3693 3953
3693 4197
3693 4585
3694 3781
3694 4113
3694 4137
3694 4465
3695 3700
3695 3712
3695 3715
3695 3932
3695 4206
3695 4211
3695 4381
3695 4606
3695 4959
3696 3741
3696 3762
3696 4444
3696 4581
3697 3842
3697 3865
3698 4179
3698 4739
3699 4000
3699 4135
3699 4246
3699 4446
3699 4623
3699 4735
3699 4979
3700 4984
3701 3904
3701 4224
3701 4411
3701 4798
3702 3766
3702 3767
3702 3799
3702 4531
3702 4557
3702 4586
3702 4810
3702 4989
3703 3839
3703 3922
3703 4004
3703 4118
3703 4410
3703 4559
3703 4701
3703 4898
3703 4961
3703 4968
3704 4088
3704 4350
3704 4712
3705 3931
3705 3932
3705 4140
3705 4283
3705 4306
3705 4533
3705 4946
3705 4993
3706 4080
3707 3740
3707 4202
3707 4282
3708 3714
3708 3719
3708 4694
3708 4755
3708 4792
3708 4887
3709 3895
3709 3929
3709 3975
3709 4036
3709 4258
3709 4448
3709 4858
3710 4127
3710 4196
3710 4447
3710 4743
3711 4009
3711 4069
3711 4091
3711 4198
3711 4676
3711 4754
3711 4918
3712 3759
3712 3771
3712 3973
3712 4064
3712 4128
3712 4217
3712 4265
3712 4896
3712 4923
3713 4365
3713 4619
3714 4075
3714 4364
3715 3822
3715 4401
3715 4756
3716 4352
3716 4503
3716 4990
3717 4384
3717 4641
3718 3783
3718 3963
3718 4020
3719 4204
3719 4282
3719 4687
3720 3795
3720 3864
3720 4033
3720 4550
3721 3723
3721 3860
3721 4158
3721 4223
3721 4329
3721 4372
3721 4741
3722 3916
3722 4223
3723 3809
3723 4204
3723 4868
3724 3788
3724 4210
3724 4503
3724 4915
3725 3994
3725 4006
3725 4615
3726 3997
3726 4063
3726 4814
3727 4232
3727 4448
3727 4952
3728 3834
3728 4351
3728 4352
3728 4845
3728 4914
3729 4308
3729 4425
3729 4593
3730 4211
3730 4547
3731 4493
3731 4550
3731 4901
3732 4039
3732 4046
3732 4534
3733 3943
3733 4069
3733 4591
3733 4741
3734 4257
3735 3786
3735 4404
3736 4127
3736 4704
3736 4936
3737 3779
3737 3790
3737 3860
3737 4243
3737 4649
3737 4863
3738 3768
3738 4322
3738 4360
3738 4991
3739 4426
3740 4051
3740 4937
3741 3999
3741 4373
3741 4534
3741 4912
3742 4176
3742 4247
3742 4404
3742 4890
3742 4962
3743 3852
3743 3941
3743 4357
3743 4705
3743 4804
3744 3769
3744 3812
3744 3971
3744 3974
3744 4284
3744 4793
3745 3845
3745 3882
3745 3967
3745 4642
3745 4695
3745 4998
3746 4349
3746 4762
3747 3762
3747 3880
3747 4092
3747 4339
3748 3953
3748 4003
3748 4462
3748 4599
3748 4808
3749 4018
3749 4800
3750 4072
3750 4188
3750 4264
3750 4780
3750 4864
3751 4168
3751 4349
3751 4417
3751 4922
3752 3768
3752 3869
3752 4203
3752 4204
3752 4205
3752 4227
3753 4974
3754 4190
3754 4224
3754 4323
3754 4427
3754 4565
3755 3846
3755 3885
3755 4164
3755 4488
3755 4584
3755 4684
3755 4971
3756 4544
3756 4555
3757 4035
3757 4266
3757 4273
3757 4348
3757 4374
3757 4478
3757 4710
3757 4774
3757 4869
3757 4914
3758 3900
3758 4466
3758 4900
3759 4402
3759 4733
3759 4761
3760 4426
3760 4473
3760 4937
3761 3763
3761 3775
3761 3837
3762 3947
3762 4185
3762 4249
3762 4435
3762 4807
3763 3980
3763 3985
3763 3991
3763 4306
3763 4310
3763 4420
3763 4429
3763 4672
3763 4676
3763 4687
3763 4902
3764 3994
3764 4292
3764 4439
3764 4625
3764 4963
3765 4043
3766 3877
3766 4561
3766 4593
3766 4642
3766 4917
3767 4064
3767 4498
3767 4977
3768 4404
3768 4524
3768 4606
3768 4767
3768 4901
3769 3997
3769 4417
3769 4645
3769 4951
3770 4389
3770 4520
3770 4521
3770 4645
3771 3902
3771 4179
3771 4322
3771 4579
3772 3916
3772 4026
3772 4125
3772 4200
3772 4227
3772 4274
3772 4695
3772 4858
3772 4952
3772 4985
3772 4998
3773 3815
3774 4241
3774 4306
3774 4410
3774 4531
3774 4589
3774 4624
3775 3794
3775 4031
3775 4119
3775 4728
3776 3778
3776 3857
3776 3867
3776 4422
3776 4460
3776 4755
3777 3936
3777 3953
3777 3955
3777 4769
3777 4800
3777 4908
3778 4765
3778 4885
3779 3930
3779 4509
3779 4674
3780 3856
3780 4014
3780 4026
3780 4216
3780 4432
3780 4729
3781 4014
3781 4356
3781 4615
3782 4479
3782 4674
3782 4912
3783 4108
3783 4296
3784 4108
3784 4490
3785 4090
3785 4811
3785 4878
3785 4906
3786 3958
3786 4018
3786 4254
3786 4484
3786 4762
3786 4861
3787 4757
3787 4909
3787 4968
3788 3804
3788 3910
3788 4026
3788 4384
3789 3976
3789 4093
3789 4124
3789 4811
3790 3910
3790 4030
3790 4354
3790 4423
3790 4455
3790 4513
3790 4855
3791 4659
3792 4213
3792 4498
3792 4767
3793 4379
3793 4477
3793 4884
3793 4961
3794 4065
3795 3901
3795 3911
3795 3941
3795 3983
3795 4271
3796 4430
3796 4919
3797 3864
3797 4840
3797 4941
3797 4974
3799 3977
3799 4084
3799 4331
3799 4856
3799 4925
3800 4285
3800 4332
3800 4589
3800 4792
3800 4876
3800 4943
3801 4001
3801 4390
3801 4410
3801 4762
3802 4197
3802 4380
3802 4856
3803 3892
3803 3999
3803 4052
3803 4341
3803 4745
3803 4843
3804 3817
3804 3931
3804 4363
3804 4724
3804 4880
3804 4914
3805 4544
3805 4968
3806 3903
3806 4411
3807 4156
3807 4660
3807 4674
3808 4013
3808 4361
3808 4594
3808 4654
3808 4873
3809 4368
3809 4778
3810 3885
3810 4015
3810 4761
3810 4825
3811 3957
3811 4253
3811 4432
3811 4623
3811 4819
3811 4897
3812 3835
3812 4032
3812 4208
3812 4406
3812 4409
3812 4418
3812 4759
3812 4824
3813 4362
3813 4434
3813 4535
3814 4031
3814 4183
3814 4374
3815 3834
3815 4132
3815 4145
3815 4449
3815 4460
3815 4662
3816 3908
3816 4317
3816 4425
3816 4464
3816 4788
3817 4132
3817 4158
3817 4267
3817 4332
3817 4437
3817 4461
3817 4527
3817 4870
3818 4391
3818 4439
3818 4569
3819 4225
3819 4323
3819 4391
3819 4571
3819 4574
3819 4692
3820 3979
3820 4373
3820 4695
3820 4980
3821 4028
3821 4297
3822 4074
3822 4610
3823 4523
3823 4666
3823 4834
3824 4414
3824 4528
3824 4581
3824 4722
3825 4574
3826 4963
3827 3861
3827 3865
3827 4280
3828 3924
3828 4386
3828 4746
3829 3903
3829 4126
3829 4206
3829 4322
3829 4675
3829 4826
3829 4845
3830 3940
3830 4006
3830 4631
3831 4294
3831 4377
3831 4518
3831 4745
3831 4836
3832 3923
3832 3932
3832 4023
3832 4327
3832 4644
3832 4877
3833 4374
3833 4531
3833 4652
3834 4078
3834 4575
3835 3857
3835 4273
3835 4336
3835 4427
3835 4558
3835 4666
3836 3960
3836 4065
3836 4109
3836 4255
3836 4602
3837 3938
3837 3970
3837 4041
3837 4261
3837 4945
3838 4265
3838 4779
3838 4995
3839 4004
3839 4017
3839 4038
3839 4240
3840 3858
3840 4269
3840 4862
3841 3924
3841 4072
3841 4094
3841 4185
3841 4976
3842 3922
3842 4184
3842 4239
3842 4890
3843 4254
3843 4267
3843 4363
3843 4438
3843 4542
3843 4949
3844 4145
3844 4192
3844 4436
3845 4534
3846 4285
3846 4427
3846 4495
3846 4946
3847 4226
3847 4583
3847 4851
3848 4458
3848 4490
3848 4499
3848 4517
3848 4630
3848 4819
3849 4579
3849 4655
3849 4734
3849 4843
3850 4187
3850 4623
3851 4092
3851 4283
3851 4660
3851 4712
3851 4809
3852 4009
3853 3893
3853 4452
3853 4517
3854 3975
3854 4015
3854 4722
3854 4942
3854 4980
3854 4998
3855 4242
3857 4059
3857 4092
3857 4093
3857 4122
3857 4401
3857 4752
3857 4990
3858 4173
3858 4825
3858 4929
3859 4134
3859 4193
3859 4298
3859 4698
3860 3941
3860 3971
3860 4650
3861 3871
3861 3975
3861 4214
3861 4340
3861 4819
3862 3929
3862 4076
3862 4227
3862 4939
3863 4687
3864 3890
3864 4185
3864 4347
3864 4738
3864 4942
3865 4305
3865 4348
3865 4424
3866 3892
3866 4490
3866 4760
3867 4019
3867 4131
3867 4909
3869 4079
3869 4178
3869 4301
3869 4338
3869 4426
3869 4605
3870 4252
3870 4819
3871 3969
3871 4074
3871 4731
3871 4819
3872 4065
3872 4168
3872 4399
3872 4424
3872 4874
3873 4115
3873 4269
3873 4722
3873 4893
3873 4962
3874 4461
3874 4562
3874 4962
3875 3959
3875 3975
3875 4435
3875 4636
3876 4253
3876 4541
3876 4694
3876 4717
3876 4857
3877 4009
3877 4199
3877 4369
3877 4511
3877 4966
3878 4580
3878 4935
3879 4058
3879 4483
3879 4583
3879 4976
3880 4431
3881 4301
3881 4385
3881 4740
3881 4959
3882 4251
3882 4465
3882 4525
3882 4526
3884 4431
3885 3991
3885 4010
3886 3935
3886 4134
3886 4266
3887 3960
3887 3965
3887 4392
3887 4999
3889 4014
3889 4123
3889 4751
3890 4849
3892 4308
3892 4745
3892 4839
3893 3899
3893 4633
3893 4982
3894 4198
3894 4210
3894 4621
3895 3984
3895 4238
3895 4442
3895 4614
3895 4623
3895 4655
3895 4665
3895 4843
3896 4054
3896 4219
3896 4395
3897 4140
3897 4456
3897 4554
3897 4778
3898 3928
3898 3940
3898 4032
3898 4228
3899 4579
3899 4981
3900 4036
3900 4099
3900 4230
3901 3915
3901 4561
3901 4675
3901 4972
3902 4421
3902 4606
3902 4739
3903 4018
3903 4378
3903 4839
3903 4914
3904 4067
3904 4277
3904 4284
3904 4436
3904 4663
3905 4007
3905 4140
3905 4361
3905 4424
3906 3919
3906 3977
3906 4852
3907 4138
3908 4203
3908 4279
3908 4384
3909 4097
3909 4243
3909 4499
3909 4674
3909 4738
3909 4766
3910 3911
3910 4288
3910 4290
3910 4449
3910 4500
3910 4655
3910 4870
3910 4930
3912 3914
3912 3988
3912 4029
3912 4187
3912 4572
3912 4907
3912 4979
3913 4053
3913 4241
3914 4275
3914 4706
3914 4980
3915 3933
3915 4285
3915 4921
3916 4522
3917 3988
3917 4717
3918 4172
3918 4363
3918 4963
3919 4040
3919 4972
3920 4660
3921 4207
3921 4276
3921 4509
3921 4882
3921 4893
3921 4913
3922 4529
3922 4630
3922 4751
3923 4316
3923 4424
3923 4431
3923 4456
3923 4624
3923 4671
3923 4713
3924 4121
3924 4514
3924 4745
3925 4153
3925 4269
3925 4351
3925 4735
3925 4856
3926 4081
3926 4215
3926 4539
3926 4620
3926 4974
3927 4261
3927 4268
3927 4677
3928 4035
3928 4064
3928 4158
3928 4192
3928 4360
3928 4529
3928 4645
3928 4855
3929 4105
3929 4872
3930 3938
3931 4188
3931 4362
3931 4403
3931 4502
3932 4564
3932 4899
3933 4051
3933 4118
3933 4421
3933 4570
3934 3962
3934 4085
3934 4232
3934 4556
3934 4649
3934 4686
3934 4995
3935 4494
3935 4975
3936 4195
3936 4613
3936 4620
3937 4361
3938 4060
3938 4166
3938 4463
3938 4733
3938 4846
3940 4065
3940 4835
3940 4839
3941 3964
3941 4492
3941 4498
3942 4054
3942 4081
3942 4835
3943 4049
3943 4078
3943 4240
3943 4521
3943 4531
3943 4619
3943 4748
3943 4856
3943 4996
3944 4542
3944 4737
3945 4399
3946 4282
3946 4656
3946 4693
3946 4754
3947 3958
3947 4309
3947 4636
3947 4843
3947 4903
3948 3963
3948 4098
3948 4196
3948 4305
3948 4531
3948 4797
3948 4803
3948 4888
3949 3965
3949 4875
3950 4079
3950 4085
3950 4901
3951 4091
3951 4394
3951 4656
3951 4862
3952 3965
3952 4064
3952 4709
3952 4913
3953 4988
3954 4439
3954 4830
3955 4663
3956 4032
3956 4425
3956 4853
3957 4075
3957 4192
3957 4408
3957 4618
3957 4940
3958 4855
3959 4021
3959 4211
3959 4435
3959 4802
3960 4442
3960 4476
3960 4560
3960 4688
3960 4816
3960 4838
3960 4859
3961 4002
3961 4548
3961 4737
3961 4873
3962 4161
3962 4392
3962 4656
3962 4881
3964 4037
3964 4200
3964 4426
3965 4132
3965 4351
3965 4356
3965 4595
3966 4077
3966 4271
3966 4279
3966 4442
3966 4611
3966 4862
3966 4928
3967 4451
3967 4795
3968 4109
3968 4446
3968 4461
3968 4463
3969 4059
3969 4116
3969 4371
3969 4545
3970 4239
3970 4443
3970 4469
3970 4808
3970 4877
3971 4023
3971 4310
3971 4598
3971 4752
3971 4777
3972 4138
3972 4682
3973 4457
3973 4502
3973 4511
3973 4807
3974 4625
3975 4206
3975 4909
3976 4398
3976 4480
3976 4531
3976 4634
3976 4652
3976 4718
3976 4750
3977 4177
3977 4232
3977 4259
3977 4337
3977 4359
3977 4535
3977 4567
3977 4577
3977 4608
3978 4016
3978 4304
3978 4502
3978 4518
3979 4030
3979 4423
3979 4807
3980 4219
3980 4388
3980 4480
3980 4920
3981 4183
3981 4852
3981 4992
3982 4038
3983 4569
3983 4636
3983 4981
3984 4012
3984 4068
3984 4452
3984 4507
3984 4511
3984 4517
3984 4986
3985 4415
3985 4949
3986 4221
3986 4317
3986 4331
3986 4382
3986 4455
3986 4471
3986 4736
3986 4784
3987 4982
3988 4324
3988 4487
3989 4007
3990 4120
3990 4242
3990 4422
3990 4523
3990 4608
3990 4782
3990 4937
3991 4199
3991 4633
3992 4197
3992 4236
3992 4296
3992 4988
3993 4097
3993 4164
3993 4441
3993 4797
3993 4946
3994 4326
3994 4414
3994 4581
3994 4641
3994 4651
3995 4154
3995 4186
3995 4643
3996 4100
3996 4628
3997 4140
3997 4354
3997 4623
3997 4715
3997 4939
3998 4134
3998 4767
3998 4841
3998 4978
3999 4832
4000 4007
4000 4805
4001 4389
4002 4004
4002 4166
4002 4180
4003 4571
4003 4634
4003 4777
4004 4293
4004 4502
4005 4073
4005 4385
4005 4399
4005 4829
4006 4473
4006 4561
4006 4647
4007 4217
4007 4478
4007 4880
4007 4901
4008 4096
4008 4718
4008 4730
4009 4031
4009 4745
4009 4792
4009 4961
4010 4429
4010 4472
4010 4774
4010 4803
4011 4123
4011 4884
4012 4111
4012 4133
4012 4136
4012 4163
4012 4314
4012 4529
4013 4518
4013 4536
4013 4616
4013 4622
4013 4714
4013 4932
4014 4309
4014 4346
4014 4457
4014 4549
4014 4649
4015 4400
4016 4142
4016 4752
4017 4395
4017 4907
4017 4962
4018 4037
4018 4099
4018 4214
4018 4457
4019 4053
4019 4547
4019 4622
4019 4770
4019 4991
4020 4723
4021 4247
4021 4509
4022 4446
4022 4613
4022 4637
4022 4777
4023 4326
4023 4945
4023 4988
4024 4162
4024 4524
4024 4669
4025 4092
4025 4929
4026 4182
4026 4266
4026 4308
4026 4763
4027 4154
4027 4309
4027 4329
4027 4588
4027 4701
4027 4704
4027 4872
4027 4901
4028 4911
4029 4375
4029 4591
4030 4070
4030 4405
4031 4191
4031 4240
4031 4419
4031 4920
4031 4955
4032 4177
4032 4384
4032 4521
4032 4805
4033 4148
4033 4170
4033 4217
4034 4887
4035 4082
4035 4561
4035 4759
4036 4344
4036 4388
4036 4620
4037 4261
4037 4704
4037 4973
4038 4437
4038 4549
4038 4632
4039 4586
4039 4807
4039 4847
4040 4291
4040 4301
4040 4353
4041 4153
4041 4214
4041 4305
4041 4849
4042 4061
4042 4889
4043 4277
4043 4745
4044 4268
4044 4428
4044 4472
4044 4537
4044 4965
4044 4968
4044 4972
4045 4174
4045 4760
4046 4404
4046 4924
4048 4352
4048 4738
4048 4797
4049 4408
4050 4596
4050 4821
4051 4464
4052 4069
4052 4305
4053 4265
4053 4403
4053 4411
4053 4767
4054 4332
4054 4370
4055 4260
4055 4519
4055 4987
4056 4654
4056 4851
4056 4909
4057 4359
4057 4442
4057 4763
4057 4857
4058 4371
4058 4396
4058 4736
4058 4748
4059 4282
4059 4562
4060 4171
4060 4671
4061 4668
4061 4928
4062 4201
4062 4527
4062 4935
4064 4225
4064 4811
4064 4821
4065 4462
4065 4573
4065 4635
4066 4693
4066 4791
4067 4296
4068 4455
4068 4813
4069 4118
4069 4232
4069 4598
4069 4649
4070 4658
4070 4672
4070 4698
4071 4359
4071 4665
4072 4074
4072 4087
4072 4258
4072 4760
4072 4954
4073 4924
4074 4357
4074 4537
4074 4795
4074 4843
4075 4977
4076 4324
4077 4846
4078 4833
4079 4262
4079 4471
4079 4705
4079 4711
4079 4858
4079 4930
4080 4146
4080 4240
4080 4367
4080 4970
4081 4085
4081 4686
4081 4995
4082 4117
4082 4737
4083 4591
4083 4624
4084 4623
4085 4372
4085 4705
4086 4748
4086 4750
4086 4827
4086 4970
4087 4744
4087 4871
4088 4265
4088 4289
4088 4310
4088 4430
4088 4612
4089 4094
4089 4827
4090 4119
4090 4177
4090 4358
4090 4795
4091 4823
4092 4895
4093 4239
4095 4328
4095 4357
4095 4447
4095 4452
4095 4609
4095 4644
4096 4358
4096 4436
4096 4565
4096 4940
4098 4105
4098 4436
4099 4206
4099 4601
4100 4389
4101 4287
4102 4298
4102 4373
4102 4642
4102 4985
4103 4206
4103 4396
4104 4498
4104 4904
4105 4509
4105 4565
4105 4886
4105 4891
4106 4452
4106 4454
4106 4527
4106 4721
4106 4809
4107 4950
4108 4373
4108 4550
4108 4797
4109 4219
4109 4386
4109 4972
4110 4459
4110 4687
4110 4776
4110 4952
4111 4243
4111 4590
4111 4666
4111 4910
4112 4191
4112 4250
4112 4486
4112 4634
4113 4409
4113 4483
4113 4524
4114 4412
4114 4697
4115 4177
4116 4480
4117 4187
4117 4248
4117 4569
4117 4600
4117 4710
4118 4268
4118 4536
4118 4779
4118 4850
4119 4169
4119 4802
4119 4863
4120 4235
4120 4501
4121 4197
4121 4323
4121 4772
4122 4470
4122 4528
4122 4609
4124 4662
4124 4757
4125 4132
4125 4339
4125 4565
4125 4697
4126 4144
4127 4885
4128 4159
4128 4335
4128 4532
4128 4707
4128 4883
4129 4227
4129 4234
4129 4267
4129 4350
4129 4734
4129 4801
4129 4907
4130 4172
4130 4809
4130 4932
4131 4208
4131 4593
4132 4494
4132 4627
4133 4152
4134 4165
4135 4299
4135 4354
4135 4820
4135 4993
4136 4493
4136 4652
4136 4704
4137 4221
4137 4895
4138 4188
4138 4299
4138 4537
4138 4562
4139 4418
4139 4682
4140 4194
4140 4528
4140 4816
4141 4875
4142 4884
4143 4360
4143 4980
4144 4373
4144 4519
4144 4552
4145 4652
4146 4415
4146 4563
4147 4791
4148 4203
4148 4483
4148 4906
4149 4585
4149 4637
4150 4366
4150 4720
4150 4881
4151 4566
4151 4705
4151 4789
4152 4911
4153 4260
4153 4673
4155 4677
4155 4688
4155 4762
4156 4430
4156 4580
4158 4321
4158 4694
4158 4777
4159 4180
4159 4674
4159 4915
4160 4180
4160 4227
4160 4771
4160 4921
4160 4983
4162 4280
4162 4309
4162 4525
4162 4589
4162 4737
4162 4929
4163 4237
4163 4250
4163 4654
4163 4730
4163 4812
4164 4193
4164 4357
4164 4369
4164 4511
4164 4772
4165 4246
4166 4197
4166 4235
4166 4729
4166 4749
4166 4768
4167 4369
4167 4494
4167 4602
4168 4409
4168 4810
4169 4578
4169 4746
4170 4234
4170 4289
4170 4937
4171 4337
4171 4618
4171 4625
4172 4756
4173 4612
4173 4910
4175 4362
4176 4217
4176 4862
4177 4299
4177 4370
4177 4371
4177 4454
4177 4598
4177 4928
4178 4247
4178 4298
4178 4482
4178 4573
4178 4873
4179 4519
4179 4958
4180 4183
4180 4702
4182 4280
4182 4913
4183 4312
4183 4516
4183 4534
4183 4560
4183 4926
4185 4537
4186 4646
4187 4296
4187 4446
4188 4217
4188 4514
4189 4267
4189 4741
4190 4280
4190 4357
4191 4203
4191 4237
4191 4348
4191 4653
4191 4796
4191 4848
4191 4933
4192 4448
4192 4747
4192 4914
4193 4422
4193 4660
4193 4909
4194 4816
4195 4629
4195 4723
4195 4922
4195 4959
4195 4998
4196 4296
4197 4307
4197 4474
4197 4559
4198 4516
4198 4774
4198 4921
4199 4456
4199 4770
4200 4745
4201 4316
4201 4546
4201 4884
4202 4294
4202 4606
4203 4613
4203 4643
4203 4656
4204 4245
4204 4262
4204 4340
4204 4431
4204 4658
4204 4688
4205 4210
4205 4270
4205 4338
4205 4424
4205 4466
4206 4638
4206 4931
4206 4942
4207 4466
4207 4838
4208 4222
4208 4560
4208 4656
4208 4773
4208 4939
4209 4377
4209 4603
4209 4626
4209 4711
4209 4760
4209 4923
4210 4422
4210 4632
4210 4642
4210 4755
4210 4848
4212 4557
4212 4649
4212 4689
4212 4917
4213 4985
4215 4403
4215 4502
4215 4768
4215 4919
4216 4383
4216 4580
4218 4280
4218 4320
4218 4697
4218 4732
4218 4840
4218 4858
4218 4882
4218 4935
4218 4991
4219 4456
4219 4881
4220 4294
4220 4352
4220 4725
4220 4730
4221 4392
4221 4501
4221 4670
4221 4781
4222 4537
4222 4822
4223 4279
4223 4539
4223 4551
4223 4685
4223 4857
4223 4906
4224 4418
4224 4597
4224 4853
4225 4512
4225 4573
4225 4830
4226 4569
4226 4753
4227 4699
4227 4855
4227 4962
4228 4265
4228 4579
4228 4709
4228 4915
4229 4563
4230 4383
4230 4449
4231 4660
4232 4303
4232 4667
4232 4913
4233 4306
4233 4344
4233 4552
4233 4825
4234 4959
4235 4859
4236 4401
4236 4654
4236 4690
4237 4247
4237 4655
4237 4690
4237 4884
4238 4883
4239 4978
4240 4679
4241 4249
4241 4545
4241 4945
4241 4964
4242 4303
4243 4386
4243 4522
4243 4534
4243 4556
4243 4734
4244 4260
4244 4721
4244 4900
4245 4372
4245 4529
4245 4781
4245 4788
4246 4781
4246 4832
4246 4924
4247 4256
4247 4452
4247 4695
4247 4766
4247 4913
4248 4540
4248 4769
4249 4481
4249 4887
4250 4534
4250 4575
4251 4655
4251 4948
4253 4660
4254 4593
4255 4257
4255 4403
4255 4456
4255 4522
4255 4984
4256 4301
4256 4631
4257 4445
4258 4433
4258 4639
4258 4755
4258 4783
4259 4379
4259 4555
4259 4819
4259 4851
4260 4341
4260 4430
4261 4835
4261 4886
4263 4354
4263 4690
4264 4340
4264 4646
4264 4848
4264 4917
4265 4445
4266 4325
4266 4529
4266 4662
4266 4868
4266 4896
4267 4815
4267 4817
4267 4936
4267 4954
4268 4331
4268 4671
4268 4899
4268 4952
4269 4579
4269 4789
4269 4885
4271 4383
4272 4612
4273 4989
4274 4652
4274 4873
4275 4797
4276 4283
4276 4557
4276 4837
4277 4667
4278 4608
4278 4720
4280 4850
4281 4377
4281 4757
4281 4914
4282 4637
4283 4569
4283 4679
4283 4801
4283 4894
4285 4587
4286 4613
4287 4326
4287 4461
4287 4548
4288 4593
4288 4622
4288 4968
4290 4698
4290 4755
4290 4884
4293 4790
4294 4534
4294 4956
4295 4529
4296 4382
4297 4341
4297 4443
4298 4368
4298 4643
4299 4301
4299 4431
4299 4889
4301 4391
4302 4411
4303 4660
4303 4667
4303 4674
4303 4740
4304 4345
4304 4648
4304 4750
4306 4356
4306 4465
4306 4824
4307 4518
4307 4803
4307 4854
4308 4450
4308 4508
4308 4548
4309 4330
4310 4520
4310 4541
4311 4527
4311 4670
4312 4534
4312 4704
4312 4812
4312 4968
4313 4508
4313 4580
4313 4999
4314 4319
4314 4434
4314 4478
4316 4386
4316 4712
4316 4729
4316 4782
4317 4705
4317 4732
4317 4932
4318 4526
4318 4895
4319 4645
4319 4658
4319 4781
4319 4943
4320 4358
4320 4365
4320 4685
4321 4639
4321 4940
4322 4340
4323 4562
4324 4947
4325 4389
4325 4910
4326 4364
4326 4477
4326 4603
4327 4373
4327 4380
4327 4612
4327 4619
4328 4389
4328 4449
4328 4516
4328 4564
4328 4692
4328 4736
4329 4444
4329 4466
4329 4686
4329 4918
4330 4428
4330 4621
4330 4654
4330 4905
4332 4622
4332 4728
4332 4830
4333 4776
4333 4824
4335 4586
4337 4437
4337 4621
4338 4960
4339 4375
4340 4510
4340 4718
4340 4848
4341 4487
4341 4600
4343 4401
4343 4743
4344 4593
4345 4587
4345 4957
4346 4684
4346 4955
4347 4620
4347 4958
4348 4726
4348 4980
4349 4850
4350 4475
4350 4834
4351 4680
4351 4710
4351 4917
4353 4358
4353 4396
4353 4553
4354 4606
4354 4814
4355 4513
4355 4839
4355 4868
4356 4690
4357 4398
4357 4543
4357 4755
4357 4858
4358 4626
4359 4373
4359 4727
4360 4552
4362 4826
4362 4870
4363 4517
4363 4599
4364 4383
4364 4416
4364 4685
4364 4888
4364 4904
4365 4700
4365 4770
4366 4395
4366 4473
4367 4712
4369 4848
4369 4922
4370 4394
4372 4383
4372 4390
4372 4647
4372 4793
4372 4812
4372 4980
4373 4750
4374 4452
4374 4877
4375 4596
4377 4608
4377 4786
4377 4889
4377 4938
4378 4902
4379 4401
4379 4659
4380 4672
4381 4942
4381 4983
4382 4653
4382 4669
4382 4965
4383 4927
4385 4430
4385 4629
4385 4658
4385 4912
4386 4497
4386 4734
4387 4587
4387 4810
4388 4828
4390 4696
4390 4892
4391 4562
4391 4913
4392 4519
4394 4875
4394 4993
4395 4414
4395 4540
4395 4710
4395 4900
4396 4929
4397 4586
4397 4973
4398 4762
4399 4402
4399 4530
4399 4858
4400 4518
4400 4683
4400 4853
4402 4407
4402 4720
4403 4895
4404 4438
4404 4898
4405 4608
4405 4715
4407 4864
4407 4895
4408 4730
4409 4517
4409 4588
4409 4905
4410 4505
4410 4851
4411 4529
4411 4905
4412 4704
4412 4767
4412 4833
4412 4992
4413 4589
4413 4723
4413 4992
4414 4549
4417 4731
4417 4764
4417 4823
4418 4497
4419 4906
4419 4931
4420 4666
4420 4729
4421 4636
4422 4639
4423 4593
4425 4499
4425 4861
4426 4710
4426 4943
4427 4481
4427 4721
4428 4665
4428 4964
4429 4451
4429 4929
4430 4787
4430 4864
4431 4497
4431 4580
4431 4664
4431 4994
4432 4575
4432 4700
4432 4874
4434 4602
4435 4481
4435 4528
4435 4540
4435 4627
4435 4767
4437 4648
4437 4763
4441 4464
4441 4933
4442 4571
4443 4454
4445 4480
4447 4624
4447 4627
4448 4611
4448 4680
4448 4685
4449 4839
4450 4787
4451 4606
4451 4622
4452 4762
4454 4890
4455 4705
4455 4725
4455 4853
4456 4529
4456 4531
4456 4577
4456 4967
4457 4706
4459 4769
4460 4548
4460 4579
4460 4739
4461 4631
4461 4915
4462 4599
4462 4635
4462 4939
4463 4570
4463 4604
4463 4663
4465 4878
4466 4518
4466 4575
4466 4805
4467 4584
4467 4679
4468 4571
4468 4932
4470 4770
4470 4950
4471 4848
4471 4926
4473 4943
4474 4648
4475 4892
4475 4975
4476 4777
4476 4975
4477 4632
4477 4818
4477 4864
4478 4799
4478 4869
4479 4879
4481 4788
4482 4851
4483 4494
4483 4790
4484 4556
4484 4595
4484 4737
4485 4514
4486 4866
4487 4550
4487 4681
4488 4649
4489 4938
4490 4607
4490 4613
4490 4747
4491 4622
4491 4711
4492 4524
4492 4781
4493 4526
4493 4776
4494 4698
4494 4703
4495 4817
4497 4589
4498 4795
4500 4586
4500 4955
4501 4593
4501 4690
4501 4882
4501 4985
4502 4589
4502 4599
4502 4898
4505 4934
4507 4549
4507 4579
4507 4695
4507 4895
4508 4617
4508 4668
4508 4671
4510 4512
4512 4611
4512 4977
4514 4531
4514 4728
4515 4914
4516 4695
4518 4831
4519 4601
4520 4602
4520 4628
4520 4791
4521 4761
4521 4882
4522 4662
4522 4786
4522 4884
4523 4576
4523 4693
4525 4567
4525 4645
4525 4766
4526 4701
4526 4887
4526 4983
4528 4575
4528 4663
4530 4763
4531 4764
4532 4810
4533 4826
4533 4852
4533 4927
4534 4584
4534 4662
4535 4832
4536 4648
4536 4699
4537 4611
4537 4844
4538 4617
4542 4614
4542 4838
4544 4832
4546 4670
4546 4760
4546 4834
4546 4979
4548 4736
4548 4757
4548 4784
4548 4846
4549 4732
4549 4749
4550 4752
4551 4700
4552 4610
4553 4560
4553 4917
4554 4981
4555 4998
4557 4756
4558 4828
4558 4865
4558 4952
4560 4620
4561 4584
4561 4640
4561 4749
4561 4857
4562 4801
4563 4569
4563 4660
4563 4770
4563 4828
4563 4877
4563 4976
4564 4936
4565 4975
4567 4766
4567 4777
4567 4922
4569 4635
4569 4755
4570 4640
4571 4837
4572 4862
4572 4907
4574 4832
4574 4977
4575 4687
4575 4992
4576 4637
4576 4824
4576 4835
4576 4946
4577 4637
4577 4665
4577 4749
4577 4834
4577 4955
4579 4901
4580 4645
4580 4801
4581 4782
4581 4880
4581 4917
4583 4614
4583 4635
4583 4668
4583 4810
4583 4866
4584 4596
4584 4643
4584 4780
4585 4891
4586 4637
4587 4706
4589 4966
4592 4600
4592 4814
4592 4869
4595 4632
4595 4950
4596 4874
4597 4648
4598 4630
4598 4693
4600 4615
4601 4939
4603 4801
4603 4994
4605 4642
4605 4740
4605 4814
4606 4814
4607 4648
4607 4785
4609 4787
4610 4779
4611 4752
4611 4843
4611 4952
4612 4645
4612 4694
4613 4789
4614 4862
4615 4892
4617 4934
4618 4678
4618 4713
4618 4816
4618 4883
4620 4649
4620 4877
4620 4995
4621 4789
4621 4922
4621 4967
4622 4821
4622 4848
4623 4936
4625 4710
4625 4783
4625 4938
4626 4851
4627 4667
4627 4800
4627 4838
4628 4717
4628 4871
4631 4757
4631 4875
4632 4640
4632 4914
4635 4872
4636 4654
4636 4744
4636 4888
4636 4932
4637 4863
4639 4650
4640 4909
4641 4731
4643 4690
4643 4874
4644 4646
4644 4927
4644 4959
4645 4938
4646 4659
4646 4893
4646 4904
4647 4793
4647 4832
4647 4833
4648 4812
4649 4819
4650 4727
4650 4762
4651 4726
4651 4776
4651 4963
4653 4795
4653 4813
4653 4936
4653 4988
4653 4996
4654 4784
4654 4943
4655 4689
4655 4793
4655 4887
4656 4678
4656 4843
4657 4765
4657 4894
4658 4891
4658 4997
4663 4713
4665 4876
4667 4767
4668 4675
4668 4734
4668 4777
4669 4704
4669 4849
4669 4965
4670 4716
4671 4826
4671 4963
4672 4777
4673 4730
4674 4889
4674 4950
4677 4933
4677 4990
4678 4916
4680 4716
4681 4750
4682 4991
4683 4739
4683 4890
4684 4736
4685 4792
4686 4790
4687 4739
4688 4846
4688 4933
4689 4889
4690 4739
4691 4760
4691 4957
4695 4879
4695 4904
4696 4975
4697 4936
4699 4874
4700 4833
4701 4736
4701 4876
4701 4942
4704 4770
4704 4981
4705 4735
4705 4984
4706 4727
4710 4895
4712 4901
4715 4828
4716 4932
4716 4985
4717 4935
4718 4882
4718 4998
4720 4745
4721 4880
4721 4913
4722 4861
4723 4764
4724 4801
4725 4749
4726 4835
4726 4870
4729 4763
4729 4770
4729 4996
4730 4881
4730 4964
4731 4761
4732 4925
4732 4984
4733 4992
4734 4775
4734 4837
4734 4909
4734 4997
4740 4830
4741 4850
4743 4751
4746 4913
4747 4881
4748 4947
4751 4988
4751 4996
4753 4760
4754 4966
4754 4986
4755 4766
4755 4773
4755 4808
4755 4904
4755 4909
4756 4835
4757 4984
4758 4783
4761 4941
4770 4913
4773 4938
4775 4874
4775 4981
4778 4862
4778 4917
4778 4931
4779 4929
4781 4837
4782 4892
4785 4833
4785 4892
4789 4825
4790 4932
4791 4906
4792 4849
4798 4876
4798 4894
4801 4803
4801 4889
4802 4986
4806 4933
4808 4846
4810 4833
4811 4904
4811 4948
4818 4937
4819 4900
4822 4924
4824 4928
4826 4873
4826 4911
4826 4993
4830 4854
4834 4987
4842 4983
4846 4886
4850 4852
4851 4923
4853 4921
4858 4922
4859 4899
4860 4929
4861 4890
4862 4969
4864 4980
4868 4898
4873 4987
4879 4903
4881 4941
4882 4942
4887 4954
4888 4937
4888 4946
4889 4903
4890 4983
4891 4927
4894 4990
4895 4900
4915 4935
4933 4972
4942 4960
4951 4974
4994 4998
