0 17
0 24
0 30
0 32
0 51
0 54
0 57
0 71
0 76
0 78
0 82
0 86
0 87
0 92
0 98
0 102
0 118
0 120
0 130
0 139
0 153
0 205
0 216
0 222
0 230
0 232
0 235
0 244
0 250
0 260
0 277
0 281
0 289
0 293
0 295
0 298
0 304
0 321
0 327
0 328
0 340
0 342
0 358
0 362
0 369
0 382
0 392
0 393
0 399
0 424
0 439
0 448
0 456
0 463
0 468
0 470
0 477
1 5
1 11
1 25
1 31
1 36
1 40
1 46
1 48
1 54
1 59
1 61
1 71
1 73
1 75
1 79
1 96
1 101
1 106
1 114
1 125
1 127
1 129
1 131
1 133
1 149
1 158
1 163
1 172
1 173
1 183
1 186
1 188
1 196
1 209
1 214
1 216
1 221
1 227
1 228
1 232
1 235
1 241
1 249
1 252
1 254
1 256
1 260
1 270
1 273
1 288
1 300
1 304
1 326
1 327
1 336
1 340
1 361
1 362
1 366
1 367
1 372
1 397
1 399
1 407
1 414
1 417
1 422
1 428
1 435
1 438
1 442
1 444
1 445
1 446
1 452
1 453
1 476
1 480
1 495
1 498
2 9
2 11
2 20
2 24
2 28
2 30
2 34
2 36
2 38
2 42
2 66
2 67
2 69
2 73
2 84
2 88
2 93
2 98
2 108
2 136
2 141
2 145
2 150
2 153
2 154
2 156
2 197
2 198
2 202
2 209
2 213
2 223
2 227
2 241
2 245
2 249
2 250
2 257
2 265
2 279
2 286
2 296
2 300
2 302
2 312
2 316
2 331
2 351
2 355
2 358
2 377
2 387
2 392
2 393
2 401
2 411
2 417
2 418
2 425
2 426
2 430
2 432
2 433
2 438
2 440
2 453
2 456
2 459
2 460
2 463
2 464
2 465
2 473
2 479
2 481
2 486
2 490
2 498
2 499
3 15
3 17
3 24
3 26
3 32
3 42
3 43
3 60
3 67
3 93
3 94
3 102
3 107
3 115
3 134
3 137
3 138
3 146
3 151
3 156
3 161
3 177
3 187
3 196
3 198
3 208
3 222
3 241
3 253
3 255
3 258
3 265
3 270
3 273
3 274
3 285
3 286
3 292
3 297
3 309
3 320
3 323
3 325
3 338
3 351
3 357
3 378
3 394
3 399
3 412
3 415
3 417
3 434
3 450
3 461
3 468
3 470
3 486
3 494
4 16
4 18
4 26
4 44
4 52
4 57
4 72
4 85
4 86
4 93
4 106
4 111
4 120
4 127
4 148
4 153
4 163
4 171
4 186
4 189
4 193
4 198
4 217
4 226
4 233
4 235
4 251
4 256
4 262
4 265
4 268
4 272
4 277
4 286
4 288
4 289
4 311
4 319
4 320
4 324
4 327
4 370
4 372
4 374
4 377
4 386
4 393
4 396
4 398
4 406
4 409
4 417
4 426
4 427
4 428
4 431
4 441
4 447
4 449
4 452
4 458
4 467
4 485
4 495
5 7
5 15
5 21
5 62
5 68
5 69
5 71
5 72
5 84
5 97
5 98
5 100
5 101
5 107
5 110
5 116
5 126
5 127
5 130
5 131
5 136
5 151
5 154
5 155
5 184
5 213
5 215
5 218
5 223
5 228
5 230
5 231
5 236
5 238
5 250
5 254
5 255
5 291
5 302
5 308
5 310
5 313
5 323
5 324
5 337
5 351
5 376
5 388
5 397
5 415
5 419
5 421
5 424
5 439
5 464
5 472
5 480
5 482
5 490
5 491
6 12
6 13
6 20
6 32
6 44
6 45
6 54
6 76
6 77
6 81
6 86
6 89
6 106
6 107
6 111
6 126
6 138
6 142
6 152
6 163
6 175
6 176
6 178
6 184
6 202
6 206
6 215
6 217
6 224
6 226
6 231
6 234
6 255
6 274
6 311
6 345
6 347
6 349
6 391
6 400
6 409
6 436
6 446
6 449
6 490
7 13
7 16
7 18
7 48
7 49
7 50
7 52
7 54
7 64
7 68
7 74
7 80
7 84
7 86
7 96
7 109
7 118
7 121
7 135
7 140
7 143
7 146
7 157
7 161
7 163
7 164
7 170
7 174
7 193
7 196
7 197
7 198
7 221
7 226
7 236
7 242
7 248
7 255
7 258
7 266
7 268
7 271
7 278
7 298
7 301
7 316
7 318
7 340
7 346
7 349
7 351
7 360
7 377
7 389
7 394
7 407
7 409
7 419
7 428
7 431
7 434
7 437
7 442
7 443
7 448
7 450
7 454
7 456
7 460
7 472
7 474
7 490
8 16
8 20
8 30
8 34
8 48
8 53
8 60
8 69
8 83
8 106
8 114
8 143
8 148
8 153
8 157
8 161
8 163
8 170
8 176
8 185
8 195
8 196
8 205
8 208
8 209
8 221
8 222
8 238
8 240
8 246
8 252
8 262
8 271
8 292
8 298
8 317
8 322
8 333
8 339
8 346
8 350
8 352
8 360
8 365
8 366
8 368
8 379
8 388
8 390
8 397
8 403
8 412
8 414
8 427
8 428
8 430
8 431
8 442
8 451
8 457
8 475
8 476
8 496
8 497
9 10
9 27
9 31
9 38
9 42
9 51
9 53
9 57
9 63
9 78
9 96
9 97
9 98
9 110
9 111
9 117
9 123
9 124
9 130
9 132
9 144
9 160
9 174
9 177
9 185
9 191
9 218
9 235
9 238
9 244
9 251
9 255
9 257
9 262
9 263
9 268
9 271
9 274
9 284
9 291
9 292
9 303
9 305
9 313
9 326
9 328
9 329
9 331
9 334
9 340
9 346
9 349
9 351
9 356
9 357
9 367
9 374
9 376
9 381
9 386
9 389
9 399
9 411
9 414
9 454
9 465
9 471
9 489
9 498
10 13
10 22
10 28
10 31
10 36
10 44
10 47
10 51
10 66
10 78
10 80
10 91
10 102
10 104
10 122
10 123
10 130
10 131
10 140
10 143
10 170
10 171
10 185
10 190
10 198
10 200
10 204
10 235
10 244
10 247
10 262
10 269
10 276
10 283
10 292
10 319
10 326
10 344
10 351
10 352
10 357
10 380
10 382
10 384
10 386
10 396
10 402
10 404
10 410
10 411
10 413
10 418
10 435
10 444
10 449
10 451
10 459
10 466
10 477
10 481
11 12
11 13
11 16
11 20
11 44
11 51
11 73
11 76
11 86
11 94
11 106
11 140
11 144
11 146
11 147
11 149
11 157
11 174
11 181
11 182
11 195
11 197
11 205
11 207
11 208
11 216
11 218
11 224
11 231
11 241
11 245
11 246
11 251
11 267
11 281
11 294
11 295
11 307
11 311
11 314
11 338
11 344
11 346
11 370
11 374
11 377
11 390
11 391
11 392
11 393
11 400
11 403
11 411
11 418
11 419
11 425
11 432
11 434
11 437
11 440
11 442
11 448
11 453
11 455
11 471
11 477
11 493
11 496
12 17
12 24
12 25
12 27
12 31
12 56
12 71
12 78
12 81
12 82
12 86
12 87
12 96
12 104
12 107
12 135
12 162
12 164
12 169
12 171
12 195
12 196
12 213
12 220
12 227
12 239
12 255
12 261
12 262
12 278
12 281
12 286
12 287
12 309
12 313
12 318
12 347
12 357
12 371
12 379
12 383
12 385
12 390
12 397
12 398
12 411
12 416
12 425
12 438
12 444
12 458
12 461
12 464
12 467
12 468
12 469
12 484
13 36
13 51
13 56
13 57
13 60
13 84
13 94
13 98
13 106
13 110
13 120
13 121
13 125
13 153
13 154
13 182
13 195
13 218
13 226
13 227
13 235
13 243
13 260
13 262
13 263
13 269
13 273
13 274
13 276
13 278
13 282
13 289
13 296
13 301
13 302
13 305
13 310
13 312
13 319
13 326
13 328
13 332
13 335
13 345
13 358
13 362
13 372
13 387
13 389
13 401
13 403
13 409
13 415
13 427
13 434
13 447
13 456
13 459
13 472
13 484
13 491
13 496
14 23
14 29
14 32
14 46
14 58
14 62
14 73
14 79
14 88
14 90
14 103
14 129
14 140
14 142
14 170
14 174
14 178
14 182
14 194
14 198
14 202
14 213
14 218
14 227
14 237
14 243
14 244
14 249
14 250
14 263
14 265
14 266
14 293
14 294
14 300
14 307
14 316
14 323
14 327
14 347
14 365
14 369
14 371
14 384
14 387
14 394
14 406
14 407
14 409
14 410
14 414
14 427
14 433
14 439
14 469
14 470
14 472
14 473
14 474
14 491
14 493
14 497
15 32
15 33
15 40
15 47
15 49
15 60
15 65
15 91
15 101
15 102
15 103
15 128
15 145
15 149
15 155
15 160
15 165
15 172
15 175
15 176
15 189
15 204
15 208
15 216
15 224
15 225
15 229
15 243
15 245
15 258
15 259
15 262
15 268
15 270
15 276
15 278
15 294
15 297
15 307
15 311
15 316
15 335
15 338
15 340
15 341
15 351
15 368
15 369
15 380
15 392
15 399
15 402
15 407
15 408
15 413
15 419
15 428
15 430
15 435
15 439
15 441
15 442
15 443
15 451
15 473
15 476
15 479
15 480
15 483
16 25
16 41
16 42
16 44
16 48
16 49
16 51
16 53
16 68
16 75
16 79
16 85
16 90
16 93
16 110
16 135
16 140
16 151
16 157
16 159
16 160
16 165
16 176
16 182
16 185
16 203
16 208
16 233
16 234
16 238
16 249
16 265
16 266
16 279
16 283
16 287
16 288
16 290
16 296
16 304
16 305
16 306
16 315
16 323
16 329
16 334
16 338
16 339
16 340
16 354
16 356
16 357
16 364
16 369
16 379
16 382
16 394
16 395
16 432
16 434
16 438
16 443
16 476
16 480
16 481
16 483
16 488
16 489
16 494
17 27
17 28
17 35
17 66
17 72
17 73
17 80
17 83
17 88
17 103
17 104
17 117
17 118
17 133
17 142
17 143
17 152
17 155
17 162
17 171
17 172
17 183
17 196
17 197
17 208
17 220
17 224
17 226
17 236
17 242
17 246
17 250
17 253
17 263
17 271
17 277
17 290
17 292
17 298
17 299
17 301
17 308
17 318
17 319
17 321
17 351
17 352
17 361
17 362
17 363
17 375
17 382
17 406
17 407
17 426
17 429
17 432
17 448
17 461
17 474
17 477
17 480
17 484
17 485
17 486
17 488
17 489
18 41
18 46
18 48
18 54
18 55
18 58
18 62
18 89
18 98
18 119
18 120
18 127
18 133
18 136
18 147
18 165
18 168
18 172
18 178
18 179
18 181
18 188
18 201
18 206
18 211
18 230
18 237
18 242
18 246
18 262
18 265
18 287
18 291
18 297
18 318
18 324
18 327
18 350
18 366
18 367
18 385
18 394
18 413
18 423
18 426
18 435
18 449
18 454
18 457
18 460
18 489
18 494
19 42
19 55
19 57
19 62
19 66
19 67
19 69
19 77
19 78
19 86
19 93
19 96
19 97
19 108
19 122
19 125
19 140
19 144
19 150
19 164
19 180
19 186
19 190
19 196
19 198
19 204
19 214
19 221
19 224
19 235
19 244
19 257
19 276
19 284
19 287
19 290
19 301
19 306
19 318
19 330
19 344
19 346
19 351
19 381
19 384
19 390
19 404
19 408
19 411
19 459
19 470
19 474
19 495
20 25
20 28
20 36
20 37
20 66
20 84
20 97
20 113
20 126
20 142
20 157
20 164
20 186
20 188
20 191
20 201
20 202
20 210
20 219
20 226
20 227
20 229
20 239
20 245
20 247
20 249
20 253
20 258
20 259
20 309
20 314
20 321
20 343
20 356
20 363
20 373
20 374
20 388
20 393
20 398
20 403
20 404
20 408
20 415
20 416
20 430
20 431
20 438
20 455
20 460
20 471
20 473
20 481
21 22
21 25
21 31
21 34
21 48
21 52
21 76
21 77
21 87
21 88
21 90
21 97
21 106
21 115
21 124
21 133
21 144
21 159
21 185
21 202
21 203
21 211
21 226
21 237
21 243
21 246
21 258
21 284
21 285
21 288
21 289
21 290
21 296
21 305
21 319
21 337
21 339
21 340
21 342
21 344
21 351
21 356
21 360
21 367
21 368
21 381
21 402
21 403
21 430
21 435
21 443
21 448
21 452
21 463
21 466
21 467
21 468
21 479
21 483
22 24
22 32
22 40
22 42
22 47
22 59
22 66
22 68
22 70
22 76
22 79
22 80
22 82
22 87
22 88
22 91
22 93
22 109
22 113
22 116
22 124
22 134
22 135
22 141
22 150
22 151
22 157
22 159
22 177
22 197
22 198
22 210
22 216
22 219
22 221
22 237
22 272
22 289
22 295
22 298
22 300
22 301
22 307
22 311
22 321
22 324
22 361
22 369
22 372
22 380
22 390
22 404
22 427
22 441
22 460
22 464
22 471
22 483
22 486
22 491
23 30
23 33
23 48
23 62
23 63
23 65
23 67
23 68
23 69
23 71
23 75
23 76
23 84
23 86
23 93
23 98
23 107
23 127
23 129
23 139
23 154
23 158
23 159
23 171
23 176
23 178
23 179
23 183
23 198
23 214
23 217
23 224
23 227
23 229
23 238
23 243
23 261
23 269
23 276
23 279
23 281
23 285
23 287
23 288
23 311
23 312
23 314
23 319
23 327
23 333
23 354
23 356
23 357
23 370
23 371
23 390
23 391
23 399
23 410
23 412
23 419
23 420
23 422
23 435
23 451
23 461
23 477
23 478
23 485
23 487
23 489
23 491
23 496
24 26
24 38
24 41
24 46
24 56
24 58
24 59
24 64
24 104
24 105
24 110
24 115
24 118
24 125
24 133
24 155
24 159
24 166
24 173
24 190
24 191
24 192
24 198
24 229
24 232
24 260
24 263
24 272
24 276
24 281
24 290
24 301
24 308
24 332
24 334
24 336
24 351
24 356
24 376
24 388
24 390
24 391
24 399
24 414
24 418
24 420
24 423
24 425
24 435
24 446
24 447
24 456
24 463
24 476
24 495
24 497
25 30
25 54
25 70
25 71
25 72
25 73
25 82
25 88
25 100
25 101
25 111
25 127
25 148
25 196
25 206
25 213
25 221
25 243
25 249
25 262
25 263
25 267
25 268
25 270
25 273
25 277
25 278
25 279
25 282
25 284
25 290
25 316
25 318
25 320
25 323
25 336
25 342
25 360
25 367
25 375
25 390
25 393
25 407
25 412
25 424
25 426
25 433
25 438
25 443
25 449
25 459
25 472
25 478
25 482
25 493
25 494
25 498
26 27
26 29
26 38
26 42
26 43
26 44
26 56
26 60
26 87
26 91
26 111
26 117
26 120
26 121
26 122
26 133
26 139
26 140
26 146
26 150
26 156
26 157
26 159
26 161
26 178
26 187
26 192
26 198
26 202
26 213
26 217
26 232
26 234
26 254
26 268
26 269
26 292
26 300
26 317
26 325
26 327
26 339
26 346
26 351
26 364
26 365
26 366
26 369
26 372
26 373
26 388
26 401
26 418
26 426
26 430
26 439
26 440
26 447
26 455
26 467
26 475
26 483
26 484
26 497
27 29
27 43
27 46
27 48
27 49
27 51
27 63
27 67
27 69
27 76
27 78
27 94
27 96
27 105
27 108
27 112
27 127
27 134
27 154
27 155
27 156
27 157
27 161
27 183
27 189
27 200
27 202
27 203
27 208
27 213
27 216
27 257
27 269
27 277
27 279
27 280
27 286
27 312
27 329
27 338
27 340
27 345
27 362
27 379
27 390
27 396
27 418
27 434
27 437
27 443
27 444
27 447
27 453
27 461
27 467
27 471
27 479
27 491
28 32
28 42
28 60
28 65
28 67
28 69
28 73
28 76
28 87
28 99
28 106
28 111
28 130
28 144
28 160
28 161
28 163
28 167
28 168
28 173
28 192
28 208
28 213
28 228
28 229
28 230
28 233
28 237
28 242
28 245
28 252
28 255
28 260
28 265
28 283
28 290
28 320
28 329
28 338
28 355
28 362
28 366
28 394
28 396
28 397
28 406
28 407
28 410
28 417
28 419
28 426
28 433
28 441
28 442
28 443
28 444
28 446
28 447
28 454
28 458
28 459
28 461
28 474
28 478
28 487
28 491
28 493
28 499
29 45
29 60
29 70
29 73
29 74
29 83
29 96
29 105
29 107
29 108
29 111
29 115
29 117
29 125
29 133
29 155
29 161
29 168
29 169
29 172
29 177
29 182
29 186
29 187
29 195
29 198
29 234
29 266
29 285
29 294
29 297
29 313
29 325
29 330
29 354
29 355
29 363
29 369
29 371
29 377
29 381
29 386
29 392
29 397
29 399
29 402
29 403
29 406
29 407
29 412
29 414
29 423
29 425
29 435
29 450
29 452
29 455
29 457
29 459
29 485
29 488
30 41
30 47
30 49
30 51
30 58
30 59
30 64
30 76
30 93
30 96
30 109
30 116
30 127
30 133
30 134
30 148
30 164
30 165
30 172
30 188
30 192
30 199
30 217
30 234
30 235
30 241
30 271
30 273
30 285
30 293
30 314
30 321
30 323
30 332
30 333
30 337
30 338
30 339
30 340
30 344
30 350
30 356
30 360
30 364
30 388
30 390
30 394
30 401
30 402
30 404
30 405
30 411
30 413
30 426
30 429
30 438
30 467
30 471
30 478
30 481
30 483
31 56
31 71
31 72
31 79
31 110
31 119
31 132
31 134
31 135
31 139
31 144
31 147
31 191
31 194
31 204
31 210
31 218
31 220
31 224
31 233
31 237
31 256
31 258
31 261
31 263
31 285
31 299
31 308
31 315
31 328
31 331
31 333
31 340
31 343
31 354
31 356
31 357
31 361
31 363
31 365
31 376
31 390
31 393
31 400
31 413
31 422
31 424
31 427
31 439
31 447
31 450
31 456
31 478
31 482
31 485
31 488
31 493
31 494
32 33
32 34
32 41
32 43
32 47
32 54
32 56
32 57
32 61
32 65
32 68
32 106
32 108
32 111
32 112
32 115
32 127
32 128
32 143
32 148
32 149
32 157
32 180
32 181
32 186
32 187
32 192
32 203
32 210
32 215
32 217
32 227
32 245
32 249
32 250
32 255
32 263
32 269
32 272
32 286
32 315
32 319
32 322
32 326
32 328
32 333
32 334
32 346
32 350
32 357
32 361
32 413
32 422
32 423
32 435
32 436
32 437
32 448
32 449
32 459
32 462
32 465
32 466
32 482
32 490
32 496
33 34
33 52
33 58
33 62
33 68
33 71
33 72
33 73
33 80
33 85
33 87
33 112
33 121
33 128
33 132
33 140
33 141
33 147
33 164
33 168
33 171
33 175
33 211
33 216
33 219
33 221
33 223
33 230
33 233
33 251
33 255
33 259
33 267
33 270
33 280
33 281
33 283
33 284
33 285
33 294
33 300
33 315
33 316
33 325
33 339
33 340
33 350
33 356
33 359
33 364
33 375
33 388
33 415
33 421
33 427
33 432
33 442
33 454
33 457
33 460
33 464
33 470
34 46
34 50
34 53
34 54
34 63
34 64
34 72
34 88
34 97
34 111
34 127
34 138
34 140
34 146
34 148
34 149
34 163
34 176
34 184
34 188
34 208
34 221
34 233
34 238
34 244
34 262
34 268
34 270
34 271
34 274
34 283
34 287
34 289
34 290
34 292
34 308
34 311
34 322
34 331
34 334
34 337
34 348
34 353
34 365
34 367
34 372
34 408
34 409
34 411
34 424
34 427
34 435
34 440
34 443
34 450
34 460
34 466
34 467
34 483
34 489
34 492
35 45
35 46
35 49
35 52
35 60
35 90
35 94
35 96
35 98
35 108
35 114
35 118
35 120
35 145
35 146
35 153
35 154
35 162
35 177
35 179
35 181
35 184
35 185
35 200
35 203
35 205
35 206
35 207
35 216
35 223
35 235
35 242
35 250
35 260
35 269
35 274
35 276
35 281
35 285
35 290
35 292
35 296
35 310
35 311
35 321
35 325
35 326
35 343
35 344
35 362
35 375
35 394
35 398
35 404
35 413
35 415
35 426
35 428
35 438
35 443
35 463
35 464
35 466
35 488
36 52
36 65
36 77
36 79
36 91
36 93
36 114
36 121
36 122
36 151
36 157
36 159
36 163
36 167
36 170
36 176
36 182
36 186
36 190
36 193
36 212
36 230
36 236
36 241
36 243
36 244
36 278
36 282
36 287
36 299
36 302
36 303
36 322
36 323
36 345
36 346
36 362
36 374
36 375
36 389
36 392
36 395
36 397
36 412
36 419
36 431
36 434
36 451
36 457
36 463
36 481
36 497
37 66
37 67
37 71
37 93
37 106
37 122
37 125
37 126
37 128
37 130
37 154
37 163
37 176
37 204
37 212
37 223
37 226
37 238
37 252
37 254
37 274
37 282
37 285
37 292
37 299
37 312
37 315
37 317
37 318
37 331
37 332
37 353
37 355
37 363
37 421
37 424
37 453
37 470
37 475
37 477
37 490
37 493
37 495
38 41
38 45
38 58
38 70
38 87
38 88
38 95
38 96
38 107
38 131
38 133
38 135
38 138
38 139
38 141
38 153
38 162
38 176
38 182
38 183
38 184
38 205
38 208
38 212
38 215
38 222
38 227
38 233
38 238
38 240
38 246
38 257
38 261
38 272
38 286
38 300
38 330
38 335
38 338
38 340
38 343
38 345
38 346
38 350
38 351
38 353
38 355
38 359
38 377
38 388
38 389
38 391
38 393
38 395
38 408
38 416
38 422
38 426
38 427
38 443
38 454
38 468
38 469
38 472
38 473
38 490
39 40
39 45
39 55
39 56
39 65
39 67
39 76
39 89
39 105
39 112
39 121
39 131
39 156
39 159
39 163
39 165
39 171
39 182
39 197
39 207
39 218
39 219
39 223
39 235
39 236
39 258
39 261
39 262
39 273
39 274
39 277
39 280
39 297
39 309
39 310
39 311
39 317
39 340
39 346
39 358
39 368
39 369
39 379
39 382
39 386
39 393
39 416
39 419
39 434
39 460
39 462
39 489
39 492
40 45
40 47
40 50
40 55
40 65
40 66
40 73
40 76
40 77
40 81
40 85
40 94
40 107
40 118
40 120
40 124
40 137
40 143
40 149
40 155
40 156
40 162
40 165
40 178
40 189
40 215
40 224
40 225
40 232
40 234
40 238
40 243
40 253
40 266
40 267
40 288
40 292
40 301
40 303
40 307
40 327
40 331
40 338
40 340
40 342
40 356
40 360
40 370
40 373
40 374
40 376
40 377
40 390
40 404
40 408
40 411
40 422
40 464
40 469
41 45
41 47
41 53
41 59
41 71
41 76
41 80
41 91
41 94
41 99
41 109
41 130
41 131
41 134
41 142
41 152
41 157
41 177
41 191
41 200
41 204
41 205
41 210
41 212
41 219
41 220
41 236
41 249
41 256
41 266
41 271
41 291
41 295
41 299
41 318
41 323
41 331
41 339
41 343
41 345
41 347
41 348
41 352
41 355
41 362
41 376
41 405
41 408
41 411
41 436
41 438
41 440
41 459
41 465
41 466
41 475
41 485
42 44
42 51
42 65
42 71
42 72
42 93
42 94
42 97
42 105
42 135
42 144
42 146
42 150
42 159
42 165
42 174
42 191
42 193
42 196
42 204
42 205
42 207
42 219
42 226
42 227
42 228
42 236
42 243
42 247
42 266
42 275
42 290
42 297
42 300
42 306
42 308
42 312
42 324
42 326
42 327
42 337
42 338
42 354
42 355
42 370
42 379
42 384
42 391
42 392
42 395
42 404
42 410
42 412
42 434
42 455
42 466
42 471
42 472
42 478
42 482
42 489
42 492
42 494
42 498
43 45
43 48
43 50
43 65
43 79
43 97
43 108
43 109
43 114
43 122
43 124
43 130
43 133
43 141
43 142
43 146
43 159
43 162
43 166
43 168
43 170
43 174
43 182
43 184
43 189
43 209
43 218
43 223
43 227
43 236
43 242
43 250
43 255
43 268
43 270
43 272
43 277
43 288
43 292
43 294
43 295
43 299
43 302
43 309
43 328
43 331
43 338
43 357
43 359
43 367
43 372
43 378
43 379
43 388
43 399
43 400
43 401
43 404
43 405
43 407
43 413
43 415
43 416
43 419
43 427
43 446
43 450
43 452
43 453
43 457
43 476
43 486
43 495
44 59
44 67
44 70
44 84
44 95
44 96
44 134
44 135
44 137
44 139
44 151
44 155
44 156
44 158
44 175
44 180
44 190
44 197
44 199
44 208
44 221
44 229
44 233
44 250
44 252
44 260
44 265
44 270
44 274
44 280
44 283
44 298
44 301
44 304
44 320
44 331
44 332
44 337
44 341
44 345
44 350
44 361
44 373
44 381
44 384
44 387
44 391
44 397
44 404
44 436
44 440
44 459
44 460
44 462
44 463
44 486
44 491
44 494
45 58
45 64
45 66
45 83
45 93
45 100
45 103
45 111
45 118
45 125
45 129
45 132
45 133
45 136
45 142
45 151
45 156
45 169
45 170
45 175
45 197
45 198
45 213
45 218
45 235
45 236
45 243
45 244
45 248
45 254
45 272
45 278
45 283
45 293
45 296
45 317
45 319
45 321
45 330
45 334
45 336
45 338
45 343
45 359
45 370
45 388
45 390
45 392
45 402
45 413
45 414
45 438
45 440
45 442
45 448
45 459
46 53
46 60
46 62
46 69
46 71
46 82
46 111
46 116
46 161
46 185
46 204
46 206
46 216
46 226
46 227
46 235
46 238
46 242
46 247
46 258
46 280
46 292
46 305
46 340
46 350
46 351
46 353
46 354
46 356
46 358
46 362
46 365
46 399
46 405
46 416
46 418
46 426
46 432
46 434
46 435
46 448
46 453
46 461
46 464
46 477
46 478
46 480
46 488
46 497
47 49
47 54
47 55
47 58
47 86
47 99
47 101
47 102
47 111
47 129
47 133
47 141
47 146
47 148
47 152
47 153
47 155
47 168
47 176
47 177
47 191
47 196
47 197
47 214
47 255
47 256
47 261
47 262
47 264
47 270
47 276
47 289
47 291
47 292
47 297
47 307
47 312
47 316
47 331
47 333
47 339
47 349
47 350
47 365
47 367
47 368
47 374
47 382
47 390
47 400
47 413
47 415
47 420
47 425
47 436
47 443
47 444
47 445
47 464
47 474
47 480
48 49
48 50
48 61
48 80
48 110
48 119
48 128
48 136
48 159
48 160
48 161
48 164
48 167
48 183
48 184
48 186
48 192
48 200
48 218
48 230
48 233
48 243
48 250
48 263
48 264
48 278
48 283
48 304
48 314
48 322
48 335
48 340
48 343
48 350
48 355
48 360
48 377
48 392
48 395
48 399
48 409
48 424
48 431
48 438
48 439
48 440
48 475
48 476
48 482
48 490
48 491
48 493
49 52
49 60
49 66
49 70
49 76
49 92
49 97
49 108
49 140
49 158
49 159
49 170
49 171
49 173
49 181
49 186
49 188
49 196
49 199
49 200
49 203
49 205
49 206
49 211
49 247
49 248
49 255
49 261
49 262
49 283
49 297
49 300
49 319
49 342
49 348
49 349
49 353
49 355
49 365
49 368
49 378
49 406
49 409
49 419
49 423
49 426
49 428
49 434
49 475
50 52
50 68
50 95
50 114
50 120
50 134
50 144
50 146
50 150
50 160
50 182
50 183
50 184
50 186
50 198
50 203
50 209
50 214
50 216
50 218
50 223
50 244
50 249
50 257
50 258
50 261
50 280
50 291
50 297
50 300
50 301
50 303
50 309
50 320
50 321
50 334
50 338
50 339
50 341
50 344
50 352
50 374
50 385
50 393
50 398
50 399
50 409
50 413
50 420
50 428
50 437
50 443
50 468
50 483
50 484
51 53
51 55
51 68
51 79
51 88
51 98
51 100
51 102
51 105
51 106
51 110
51 115
51 120
51 124
51 131
51 133
51 135
51 144
51 148
51 149
51 151
51 156
51 164
51 165
51 168
51 181
51 188
51 190
51 194
51 201
51 208
51 211
51 218
51 219
51 237
51 248
51 249
51 252
51 261
51 270
51 278
51 279
51 284
51 293
51 301
51 303
51 307
51 312
51 320
51 332
51 340
51 341
51 346
51 347
51 357
51 368
51 372
51 383
51 385
51 399
51 409
51 411
51 432
51 437
51 438
51 443
51 468
51 479
51 480
51 494
52 56
52 64
52 73
52 84
52 87
52 94
52 120
52 126
52 128
52 131
52 158
52 161
52 166
52 175
52 185
52 194
52 200
52 207
52 213
52 214
52 221
52 223
52 224
52 232
52 239
52 241
52 249
52 253
52 258
52 261
52 288
52 291
52 311
52 318
52 328
52 337
52 340
52 349
52 352
52 358
52 360
52 365
52 370
52 374
52 388
52 398
52 409
52 412
52 415
52 427
52 441
52 451
52 459
52 462
52 463
52 466
52 467
52 472
52 480
52 492
53 62
53 66
53 75
53 77
53 92
53 105
53 107
53 116
53 122
53 126
53 127
53 140
53 149
53 150
53 153
53 154
53 159
53 161
53 162
53 168
53 170
53 173
53 175
53 188
53 189
53 191
53 207
53 215
53 224
53 226
53 232
53 234
53 239
53 246
53 249
53 251
53 255
53 267
53 270
53 275
53 276
53 284
53 294
53 304
53 316
53 318
53 331
53 335
53 338
53 341
53 344
53 350
53 361
53 375
53 377
53 387
53 390
53 393
53 397
53 408
53 423
53 433
53 443
53 454
53 459
53 469
53 471
53 475
53 493
53 497
54 59
54 68
54 74
54 78
54 85
54 89
54 97
54 113
54 115
54 126
54 138
54 147
54 148
54 162
54 164
54 170
54 171
54 173
54 175
54 198
54 215
54 217
54 224
54 243
54 247
54 251
54 262
54 270
54 273
54 277
54 278
54 281
54 286
54 287
54 289
54 292
54 293
54 294
54 295
54 302
54 315
54 318
54 344
54 348
54 352
54 356
54 370
54 378
54 379
54 384
54 389
54 390
54 397
54 402
54 419
54 448
54 456
54 461
54 464
54 471
54 477
54 488
54 499
55 61
55 71
55 86
55 92
55 102
55 145
55 148
55 155
55 163
55 167
55 181
55 185
55 194
55 200
55 203
55 205
55 210
55 212
55 219
55 229
55 230
55 232
55 235
55 269
55 270
55 280
55 281
55 282
55 291
55 292
55 294
55 299
55 305
55 318
55 322
55 325
55 326
55 347
55 361
55 365
55 371
55 379
55 394
55 400
55 412
55 433
55 443
55 444
55 446
55 461
55 469
55 473
55 483
55 493
55 494
55 497
56 57
56 60
56 62
56 65
56 73
56 87
56 94
56 102
56 108
56 112
56 125
56 144
56 170
56 171
56 172
56 176
56 181
56 191
56 192
56 196
56 202
56 220
56 232
56 233
56 243
56 244
56 249
56 269
56 291
56 293
56 297
56 313
56 314
56 332
56 333
56 334
56 337
56 341
56 354
56 355
56 361
56 363
56 375
56 378
56 379
56 383
56 389
56 405
56 412
56 429
56 432
56 435
56 460
56 483
57 71
57 72
57 82
57 93
57 95
57 108
57 110
57 113
57 122
57 144
57 155
57 177
57 179
57 180
57 183
57 187
57 192
57 194
57 199
57 212
57 242
57 251
57 253
57 255
57 266
57 285
57 287
57 288
57 290
57 304
57 313
57 317
57 324
57 335
57 352
57 355
57 378
57 386
57 407
57 410
57 411
57 423
57 430
57 432
57 441
57 446
57 466
57 471
57 473
57 482
57 484
57 490
57 494
57 496
58 84
58 92
58 115
58 147
58 148
58 151
58 153
58 165
58 170
58 171
58 175
58 177
58 186
58 188
58 190
58 194
58 195
58 197
58 200
58 205
58 208
58 218
58 222
58 224
58 228
58 229
58 235
58 238
58 240
58 243
58 244
58 263
58 275
58 303
58 307
58 310
58 319
58 320
58 345
58 346
58 351
58 354
58 360
58 361
58 368
58 372
58 380
58 396
58 404
58 412
58 443
58 453
58 454
58 457
58 470
58 478
58 479
59 72
59 80
59 96
59 97
59 114
59 115
59 135
59 136
59 150
59 187
59 190
59 207
59 211
59 224
59 227
59 265
59 270
59 277
59 311
59 325
59 329
59 337
59 341
59 348
59 351
59 353
59 382
59 387
59 395
59 415
59 418
59 422
59 428
59 438
59 442
59 445
59 454
59 455
59 468
59 470
59 471
59 476
59 479
59 481
60 61
60 64
60 72
60 78
60 85
60 113
60 125
60 126
60 132
60 134
60 145
60 159
60 161
60 177
60 178
60 180
60 184
60 189
60 198
60 201
60 206
60 216
60 219
60 225
60 241
60 250
60 258
60 261
60 274
60 285
60 295
60 298
60 306
60 308
60 324
60 327
60 328
60 345
60 376
60 381
60 390
60 401
60 405
60 416
60 428
60 450
60 453
60 463
60 473
60 491
60 494
61 63
61 66
61 67
61 68
61 78
61 110
61 120
61 123
61 131
61 136
61 138
61 140
61 143
61 148
61 157
61 159
61 171
61 176
61 183
61 217
61 224
61 233
61 235
61 238
61 242
61 245
61 254
61 274
61 275
61 280
61 294
61 308
61 323
61 328
61 337
61 354
61 358
61 369
61 380
61 381
61 384
61 388
61 414
61 424
61 434
61 441
61 443
61 446
61 449
61 454
61 464
61 470
61 495
61 497
62 65
62 74
62 76
62 91
62 106
62 107
62 108
62 113
62 119
62 120
62 127
62 129
62 133
62 144
62 160
62 163
62 170
62 176
62 178
62 185
62 207
62 212
62 214
62 215
62 216
62 217
62 228
62 231
62 268
62 271
62 272
62 276
62 278
62 281
62 290
62 294
62 307
62 323
62 331
62 367
62 369
62 383
62 400
62 407
62 425
62 429
62 434
62 440
62 441
62 443
62 457
62 466
62 475
62 479
62 484
62 491
63 76
63 90
63 104
63 113
63 115
63 156
63 198
63 200
63 202
63 207
63 220
63 222
63 232
63 252
63 265
63 276
63 283
63 284
63 285
63 300
63 337
63 351
63 353
63 358
63 382
63 395
63 398
63 400
63 410
63 423
63 432
63 450
63 457
63 476
63 486
63 490
64 77
64 110
64 113
64 120
64 121
64 129
64 143
64 146
64 148
64 159
64 171
64 175
64 194
64 206
64 207
64 214
64 218
64 227
64 229
64 230
64 231
64 232
64 236
64 274
64 301
64 321
64 336
64 344
64 347
64 356
64 358
64 374
64 384
64 389
64 393
64 394
64 395
64 402
64 403
64 413
64 425
64 432
64 433
64 447
64 453
64 459
64 466
64 468
64 477
64 478
64 484
64 496
65 67
65 87
65 90
65 96
65 100
65 104
65 109
65 118
65 122
65 125
65 127
65 132
65 137
65 138
65 139
65 146
65 152
65 166
65 185
65 202
65 219
65 225
65 236
65 249
65 251
65 255
65 263
65 272
65 276
65 280
65 281
65 282
65 287
65 290
65 293
65 302
65 310
65 320
65 327
65 335
65 349
65 360
65 375
65 399
65 410
65 428
65 433
65 464
65 465
65 471
65 474
65 477
65 489
65 497
65 499
66 68
66 76
66 86
66 91
66 94
66 97
66 134
66 137
66 141
66 144
66 151
66 152
66 155
66 164
66 169
66 172
66 174
66 177
66 179
66 191
66 194
66 197
66 198
66 199
66 218
66 223
66 225
66 229
66 230
66 233
66 240
66 243
66 283
66 300
66 303
66 313
66 320
66 330
66 332
66 336
66 343
66 353
66 370
66 386
66 387
66 389
66 399
66 408
66 437
66 442
66 443
66 450
66 452
66 457
66 482
66 488
66 496
67 82
67 91
67 92
67 94
67 100
67 101
67 108
67 123
67 138
67 142
67 162
67 167
67 169
67 183
67 186
67 189
67 190
67 228
67 238
67 249
67 260
67 269
67 276
67 279
67 282
67 301
67 329
67 333
67 342
67 344
67 351
67 352
67 353
67 354
67 359
67 361
67 383
67 386
67 396
67 404
67 419
67 421
67 431
67 432
67 442
67 446
67 447
67 453
67 470
67 471
67 472
67 476
67 491
67 495
68 69
68 74
68 80
68 82
68 88
68 96
68 98
68 99
68 107
68 112
68 114
68 120
68 150
68 153
68 157
68 164
68 176
68 178
68 188
68 205
68 206
68 209
68 218
68 234
68 235
68 253
68 256
68 271
68 273
68 285
68 288
68 291
68 294
68 302
68 303
68 304
68 308
68 313
68 316
68 330
68 337
68 348
68 353
68 372
68 383
68 390
68 399
68 407
68 412
68 417
68 423
68 428
68 429
68 439
68 447
68 456
68 457
68 461
68 478
68 485
68 487
68 490
68 494
69 97
69 98
69 104
69 109
69 122
69 127
69 131
69 142
69 150
69 151
69 153
69 161
69 165
69 170
69 172
69 193
69 197
69 198
69 199
69 202
69 212
69 232
69 242
69 251
69 252
69 255
69 262
69 274
69 294
69 299
69 312
69 330
69 335
69 338
69 339
69 340
69 350
69 357
69 360
69 361
69 367
69 369
69 379
69 384
69 399
69 400
69 407
69 409
69 415
69 417
69 422
69 430
69 436
69 449
69 453
69 457
69 487
69 495
69 499
70 71
70 86
70 92
70 95
70 101
70 107
70 129
70 138
70 142
70 147
70 159
70 161
70 171
70 173
70 177
70 183
70 191
70 194
70 202
70 205
70 214
70 223
70 229
70 233
70 239
70 249
70 253
70 260
70 279
70 280
70 285
70 296
70 300
70 319
70 334
70 338
70 345
70 352
70 355
70 365
70 367
70 378
70 383
70 384
70 392
70 393
70 399
70 409
70 410
70 427
70 430
70 431
70 447
70 452
70 465
70 470
70 476
70 491
71 74
71 82
71 83
71 91
71 109
71 111
71 132
71 133
71 156
71 157
71 158
71 170
71 174
71 175
71 183
71 192
71 198
71 208
71 224
71 235
71 252
71 261
71 265
71 282
71 283
71 295
71 300
71 303
71 304
71 305
71 309
71 320
71 324
71 329
71 335
71 338
71 347
71 349
71 361
71 368
71 383
71 387
71 403
71 411
71 413
71 418
71 421
71 433
71 442
71 444
71 457
71 458
71 462
71 468
71 469
71 490
71 492
71 495
72 84
72 85
72 93
72 95
72 99
72 106
72 113
72 116
72 118
72 121
72 127
72 148
72 167
72 170
72 180
72 190
72 208
72 211
72 224
72 242
72 254
72 297
72 323
72 335
72 345
72 349
72 350
72 351
72 352
72 357
72 361
72 366
72 385
72 388
72 390
72 394
72 434
72 435
72 437
72 440
72 454
72 456
72 461
72 462
72 463
72 466
72 473
72 484
72 485
72 489
72 492
72 495
72 497
73 96
73 100
73 110
73 121
73 124
73 125
73 130
73 132
73 133
73 152
73 167
73 175
73 192
73 198
73 203
73 211
73 216
73 229
73 234
73 236
73 238
73 248
73 266
73 268
73 271
73 278
73 281
73 297
73 302
73 309
73 340
73 355
73 369
73 370
73 383
73 384
73 388
73 396
73 417
73 418
73 421
73 433
73 443
73 448
73 469
73 479
73 488
74 82
74 83
74 84
74 107
74 122
74 124
74 128
74 130
74 133
74 149
74 165
74 166
74 242
74 250
74 274
74 283
74 295
74 296
74 301
74 303
74 321
74 322
74 328
74 383
74 398
74 411
74 413
74 422
74 436
74 439
74 440
74 443
74 444
74 452
74 469
74 477
74 479
74 487
75 76
75 79
75 80
75 92
75 103
75 107
75 116
75 123
75 138
75 140
75 141
75 142
75 150
75 151
75 155
75 165
75 166
75 174
75 179
75 183
75 184
75 187
75 226
75 229
75 234
75 237
75 244
75 245
75 254
75 277
75 286
75 305
75 315
75 331
75 333
75 334
75 336
75 348
75 349
75 350
75 355
75 372
75 386
75 399
75 400
75 407
75 413
75 419
75 427
75 430
75 431
75 438
75 451
75 453
75 454
75 457
75 467
75 471
75 472
76 82
76 88
76 91
76 92
76 94
76 113
76 121
76 122
76 123
76 124
76 132
76 134
76 139
76 148
76 159
76 161
76 162
76 168
76 178
76 182
76 183
76 191
76 210
76 215
76 238
76 248
76 262
76 279
76 286
76 303
76 308
76 309
76 325
76 340
76 348
76 360
76 361
76 372
76 378
76 380
76 384
76 398
76 409
76 420
76 436
76 447
76 453
76 455
76 456
76 480
76 494
76 496
76 498
77 83
77 101
77 108
77 110
77 113
77 115
77 119
77 123
77 145
77 174
77 176
77 185
77 190
77 196
77 208
77 219
77 220
77 254
77 263
77 293
77 301
77 305
77 315
77 331
77 334
77 337
77 351
77 364
77 381
77 403
77 406
77 412
77 420
77 427
77 432
77 433
77 441
77 452
77 458
77 459
77 461
77 466
77 471
77 477
77 499
78 86
78 93
78 103
78 105
78 108
78 111
78 115
78 117
78 119
78 120
78 148
78 157
78 166
78 173
78 178
78 182
78 183
78 194
78 199
78 205
78 211
78 242
78 246
78 255
78 257
78 262
78 266
78 269
78 280
78 284
78 288
78 293
78 305
78 307
78 320
78 326
78 352
78 363
78 404
78 411
78 414
78 430
78 438
78 456
78 459
78 473
78 487
78 492
78 495
78 497
79 80
79 87
79 88
79 91
79 98
79 99
79 105
79 112
79 128
79 134
79 143
79 151
79 157
79 166
79 167
79 168
79 169
79 178
79 181
79 182
79 183
79 193
79 199
79 204
79 220
79 237
79 241
79 242
79 244
79 251
79 261
79 267
79 271
79 277
79 283
79 286
79 301
79 313
79 315
79 323
79 339
79 342
79 351
79 355
79 363
79 365
79 375
79 380
79 389
79 390
79 405
79 419
79 428
79 431
79 436
79 443
79 451
79 454
79 466
79 489
79 491
79 494
80 96
80 99
80 118
80 127
80 128
80 161
80 178
80 189
80 198
80 206
80 213
80 217
80 219
80 224
80 236
80 241
80 256
80 257
80 283
80 291
80 294
80 295
80 301
80 311
80 312
80 314
80 318
80 321
80 340
80 352
80 354
80 355
80 357
80 358
80 363
80 365
80 367
80 375
80 376
80 382
80 388
80 399
80 410
80 411
80 412
80 429
80 433
80 436
80 440
80 442
80 443
80 451
80 461
80 463
80 483
80 486
80 491
80 496
81 85
81 88
81 89
81 94
81 98
81 103
81 105
81 118
81 123
81 124
81 125
81 130
81 134
81 138
81 142
81 150
81 178
81 183
81 196
81 197
81 198
81 210
81 223
81 240
81 248
81 249
81 258
81 261
81 269
81 282
81 288
81 292
81 317
81 320
81 331
81 337
81 340
81 348
81 350
81 354
81 357
81 361
81 369
81 374
81 380
81 399
81 408
81 409
81 411
81 415
81 428
81 438
81 458
81 464
81 466
81 469
81 470
81 476
81 486
81 493
82 85
82 90
82 101
82 107
82 116
82 117
82 122
82 169
82 172
82 173
82 174
82 178
82 186
82 198
82 227
82 235
82 240
82 259
82 280
82 307
82 314
82 319
82 325
82 333
82 353
82 366
82 370
82 377
82 383
82 392
82 401
82 402
82 412
82 416
82 429
82 450
82 451
82 459
82 463
82 467
82 476
82 479
82 484
82 496
82 498
83 91
83 103
83 111
83 118
83 142
83 143
83 144
83 145
83 150
83 161
83 167
83 168
83 176
83 179
83 182
83 189
83 194
83 214
83 215
83 226
83 246
83 247
83 248
83 259
83 263
83 282
83 288
83 303
83 304
83 329
83 331
83 336
83 342
83 351
83 358
83 362
83 367
83 386
83 391
83 396
83 403
83 409
83 417
83 420
83 427
83 432
83 458
83 460
83 467
83 475
83 481
83 492
83 496
83 498
84 92
84 95
84 100
84 109
84 117
84 132
84 142
84 146
84 149
84 157
84 162
84 163
84 164
84 174
84 181
84 188
84 193
84 204
84 207
84 209
84 216
84 217
84 235
84 239
84 242
84 246
84 250
84 256
84 261
84 272
84 276
84 278
84 283
84 292
84 305
84 316
84 321
84 328
84 331
84 339
84 359
84 361
84 363
84 373
84 377
84 398
84 399
84 466
84 470
84 482
84 492
85 86
85 88
85 89
85 91
85 97
85 100
85 105
85 107
85 133
85 161
85 165
85 166
85 171
85 177
85 181
85 185
85 198
85 204
85 207
85 209
85 218
85 225
85 232
85 237
85 247
85 248
85 280
85 283
85 285
85 295
85 298
85 300
85 305
85 306
85 310
85 316
85 318
85 338
85 341
85 343
85 355
85 357
85 358
85 382
85 389
85 392
85 397
85 409
85 425
85 434
85 437
85 447
85 449
85 460
85 483
85 486
85 492
85 495
85 496
85 498
86 88
86 94
86 98
86 121
86 127
86 139
86 148
86 150
86 151
86 155
86 156
86 157
86 159
86 169
86 176
86 195
86 211
86 221
86 237
86 240
86 242
86 249
86 251
86 257
86 261
86 280
86 294
86 305
86 316
86 319
86 352
86 357
86 359
86 364
86 367
86 380
86 387
86 397
86 406
86 436
86 448
86 465
86 483
87 105
87 108
87 116
87 120
87 124
87 137
87 145
87 153
87 158
87 170
87 177
87 185
87 191
87 198
87 207
87 211
87 222
87 246
87 264
87 273
87 278
87 281
87 289
87 292
87 301
87 304
87 306
87 313
87 315
87 325
87 330
87 332
87 333
87 341
87 350
87 363
87 373
87 376
87 377
87 383
87 409
87 411
87 412
87 418
87 422
87 430
87 441
87 451
87 454
87 468
87 482
87 487
87 497
87 498
88 93
88 95
88 98
88 102
88 106
88 110
88 120
88 130
88 155
88 159
88 162
88 170
88 175
88 177
88 195
88 197
88 214
88 219
88 229
88 232
88 245
88 254
88 258
88 273
88 291
88 298
88 303
88 314
88 316
88 317
88 320
88 341
88 345
88 356
88 358
88 370
88 377
88 386
88 412
88 414
88 418
88 435
88 445
88 460
88 463
88 472
88 477
88 493
89 108
89 113
89 116
89 136
89 148
89 165
89 172
89 175
89 177
89 178
89 180
89 186
89 193
89 194
89 198
89 222
89 234
89 240
89 249
89 253
89 258
89 259
89 272
89 274
89 279
89 280
89 290
89 293
89 298
89 304
89 312
89 318
89 320
89 333
89 338
89 346
89 367
89 389
89 402
89 408
89 410
89 415
89 417
89 418
89 437
89 442
89 452
89 456
89 468
89 472
89 477
89 480
89 482
89 483
90 98
90 102
90 129
90 137
90 145
90 153
90 158
90 159
90 173
90 191
90 196
90 203
90 205
90 210
90 216
90 229
90 249
90 257
90 266
90 268
90 269
90 296
90 302
90 311
90 315
90 318
90 327
90 328
90 343
90 348
90 359
90 360
90 372
90 381
90 388
90 402
90 408
90 409
90 411
90 415
90 442
90 456
90 461
90 463
90 466
90 484
91 94
91 97
91 103
91 110
91 116
91 135
91 141
91 142
91 153
91 158
91 163
91 167
91 168
91 175
91 189
91 197
91 202
91 211
91 216
91 221
91 232
91 233
91 254
91 258
91 269
91 286
91 293
91 294
91 299
91 303
91 319
91 333
91 334
91 354
91 355
91 361
91 370
91 380
91 395
91 406
91 407
91 415
91 421
91 428
91 429
91 430
91 435
91 438
91 445
91 453
91 460
91 483
91 492
91 496
92 104
92 109
92 116
92 117
92 118
92 133
92 143
92 145
92 156
92 160
92 171
92 174
92 175
92 183
92 191
92 196
92 197
92 207
92 208
92 213
92 216
92 221
92 259
92 264
92 267
92 271
92 273
92 274
92 276
92 281
92 287
92 312
92 319
92 326
92 328
92 332
92 334
92 337
92 344
92 346
92 349
92 351
92 352
92 363
92 380
92 382
92 389
92 393
92 450
92 462
92 485
92 487
93 95
93 103
93 110
93 119
93 129
93 166
93 180
93 185
93 201
93 202
93 205
93 215
93 221
93 226
93 229
93 230
93 244
93 247
93 250
93 255
93 258
93 277
93 294
93 304
93 332
93 340
93 341
93 351
93 353
93 372
93 376
93 383
93 386
93 401
93 403
93 412
93 429
93 436
93 443
93 444
93 449
93 490
93 498
94 99
94 110
94 112
94 123
94 126
94 134
94 148
94 149
94 158
94 173
94 176
94 179
94 186
94 193
94 195
94 198
94 200
94 211
94 220
94 227
94 229
94 239
94 248
94 260
94 263
94 264
94 273
94 280
94 302
94 305
94 306
94 316
94 328
94 347
94 357
94 364
94 392
94 396
94 403
94 414
94 415
94 419
94 430
94 434
94 450
94 452
94 453
94 463
94 465
94 474
94 484
94 490
95 97
95 100
95 113
95 114
95 117
95 121
95 135
95 150
95 172
95 175
95 182
95 187
95 190
95 223
95 225
95 232
95 237
95 247
95 251
95 254
95 271
95 279
95 281
95 282
95 283
95 285
95 288
95 289
95 300
95 309
95 360
95 364
95 369
95 373
95 378
95 380
95 381
95 389
95 392
95 395
95 398
95 412
95 415
95 416
95 417
95 421
95 423
95 429
95 439
95 444
95 447
95 454
95 463
95 466
95 470
95 473
95 476
95 480
96 115
96 122
96 130
96 132
96 138
96 145
96 148
96 162
96 168
96 177
96 178
96 185
96 196
96 203
96 206
96 208
96 209
96 212
96 219
96 229
96 243
96 259
96 266
96 275
96 276
96 283
96 292
96 297
96 301
96 309
96 312
96 314
96 334
96 337
96 389
96 391
96 397
96 398
96 402
96 407
96 415
96 419
96 423
96 443
96 456
96 465
96 470
96 472
96 478
96 495
96 498
97 101
97 102
97 110
97 126
97 130
97 142
97 144
97 145
97 157
97 165
97 166
97 171
97 172
97 173
97 175
97 180
97 211
97 222
97 226
97 228
97 231
97 238
97 251
97 260
97 281
97 284
97 288
97 306
97 311
97 317
97 324
97 343
97 345
97 351
97 365
97 373
97 380
97 384
97 385
97 392
97 393
97 406
97 409
97 435
97 448
97 452
97 453
97 459
97 464
97 470
97 492
97 497
97 499
98 102
98 110
98 111
98 113
98 117
98 130
98 147
98 164
98 187
98 198
98 199
98 204
98 205
98 209
98 210
98 214
98 225
98 228
98 234
98 238
98 262
98 271
98 274
98 283
98 290
98 295
98 300
98 317
98 319
98 323
98 325
98 342
98 349
98 350
98 351
98 352
98 358
98 367
98 375
98 376
98 391
98 393
98 402
98 404
98 418
98 424
98 431
98 438
98 448
98 451
98 452
98 464
98 478
98 480
98 483
98 488
98 492
98 496
98 497
98 498
99 104
99 120
99 124
99 125
99 132
99 135
99 147
99 148
99 157
99 177
99 186
99 199
99 211
99 214
99 215
99 229
99 233
99 234
99 238
99 241
99 269
99 284
99 312
99 316
99 323
99 332
99 337
99 339
99 346
99 353
99 365
99 374
99 382
99 386
99 388
99 389
99 392
99 404
99 405
99 423
99 436
99 437
99 448
99 454
99 465
99 484
100 110
100 113
100 120
100 130
100 148
100 165
100 171
100 176
100 179
100 198
100 204
100 208
100 209
100 210
100 250
100 256
100 278
100 290
100 291
100 299
100 304
100 315
100 325
100 328
100 329
100 333
100 336
100 339
100 348
100 350
100 354
100 357
100 360
100 377
100 379
100 381
100 383
100 386
100 388
100 399
100 405
100 407
100 412
100 420
100 439
100 447
100 464
100 465
100 475
100 491
100 493
101 106
101 118
101 124
101 127
101 140
101 148
101 166
101 206
101 211
101 219
101 232
101 233
101 248
101 264
101 273
101 287
101 290
101 305
101 308
101 322
101 323
101 331
101 333
101 340
101 341
101 342
101 348
101 351
101 353
101 355
101 373
101 382
101 392
101 400
101 411
101 412
101 414
101 423
101 432
101 435
101 436
101 452
101 480
101 487
101 491
101 492
102 104
102 140
102 188
102 199
102 203
102 214
102 217
102 222
102 243
102 246
102 261
102 262
102 275
102 286
102 295
102 297
102 304
102 308
102 311
102 312
102 325
102 331
102 332
102 350
102 353
102 355
102 375
102 380
102 392
102 415
102 420
102 441
102 460
102 462
102 471
102 488
102 490
103 109
103 119
103 125
103 145
103 151
103 161
103 173
103 174
103 183
103 187
103 188
103 190
103 194
103 205
103 210
103 213
103 233
103 265
103 270
103 274
103 282
103 284
103 299
103 306
103 307
103 309
103 325
103 330
103 338
103 339
103 344
103 345
103 346
103 355
103 373
103 387
103 394
103 399
103 404
103 408
103 411
103 412
103 417
103 423
103 424
103 426
103 438
103 439
103 440
103 445
103 449
103 459
103 463
103 465
103 476
103 477
103 478
104 108
104 112
104 113
104 122
104 130
104 134
104 137
104 138
104 145
104 153
104 165
104 171
104 174
104 181
104 188
104 189
104 190
104 208
104 225
104 227
104 258
104 263
104 264
104 276
104 286
104 291
104 293
104 294
104 306
104 308
104 332
104 348
104 368
104 372
104 379
104 385
104 389
104 395
104 409
104 413
104 416
104 421
104 447
104 448
104 449
104 461
104 466
104 493
104 496
105 106
105 112
105 114
105 120
105 138
105 139
105 157
105 163
105 164
105 174
105 179
105 185
105 194
105 199
105 217
105 228
105 231
105 232
105 240
105 245
105 267
105 268
105 291
105 293
105 298
105 313
105 315
105 319
105 320
105 328
105 350
105 351
105 354
105 365
105 367
105 379
105 380
105 381
105 383
105 388
105 401
105 402
105 434
105 444
105 447
105 458
105 465
105 466
105 482
105 485
105 488
105 489
105 490
105 496
105 497
106 111
106 112
106 117
106 122
106 125
106 128
106 129
106 153
106 155
106 158
106 166
106 167
106 170
106 185
106 191
106 199
106 205
106 210
106 216
106 228
106 238
106 242
106 244
106 254
106 268
106 273
106 283
106 288
106 290
106 299
106 302
106 306
106 319
106 353
106 358
106 363
106 369
106 372
106 376
106 390
106 416
106 425
106 426
106 444
106 450
106 452
106 465
106 466
106 475
106 480
106 487
106 495
106 496
106 499
107 121
107 123
107 134
107 151
107 157
107 162
107 163
107 165
107 175
107 180
107 183
107 184
107 185
107 189
107 194
107 204
107 206
107 211
107 214
107 224
107 233
107 235
107 236
107 241
107 243
107 262
107 263
107 270
107 273
107 278
107 282
107 298
107 301
107 316
107 318
107 322
107 326
107 352
107 390
107 394
107 402
107 410
107 420
107 421
107 423
107 430
107 437
107 470
107 484
107 492
107 493
108 110
108 122
108 124
108 125
108 128
108 130
108 138
108 145
108 154
108 184
108 193
108 194
108 208
108 216
108 218
108 238
108 244
108 250
108 269
108 270
108 271
108 282
108 288
108 299
108 307
108 317
108 321
108 325
108 337
108 338
108 347
108 359
108 364
108 365
108 366
108 376
108 382
108 396
108 401
108 420
108 422
108 455
108 469
108 474
108 478
108 481
108 485
108 491
108 492
109 113
109 114
109 118
109 120
109 155
109 163
109 192
109 196
109 201
109 214
109 221
109 231
109 232
109 233
109 237
109 242
109 249
109 251
109 257
109 260
109 272
109 305
109 307
109 312
109 328
109 329
109 334
109 336
109 338
109 342
109 350
109 355
109 362
109 397
109 417
109 426
109 428
109 430
109 458
109 463
109 491
109 496
110 112
110 120
110 121
110 125
110 143
110 156
110 164
110 168
110 172
110 177
110 190
110 192
110 193
110 208
110 209
110 222
110 224
110 227
110 232
110 233
110 234
110 255
110 274
110 285
110 297
110 307
110 311
110 315
110 324
110 327
110 331
110 339
110 354
110 360
110 365
110 367
110 370
110 379
110 408
110 412
110 417
110 427
110 429
110 431
110 448
110 454
110 464
110 483
110 485
110 492
110 493
111 118
111 121
111 128
111 132
111 153
111 156
111 162
111 166
111 168
111 172
111 176
111 178
111 194
111 203
111 204
111 221
111 231
111 233
111 239
111 241
111 248
111 249
111 251
111 257
111 263
111 265
111 273
111 285
111 289
111 296
111 299
111 314
111 336
111 341
111 347
111 353
111 354
111 362
111 374
111 380
111 388
111 396
111 406
111 408
111 409
111 417
111 431
111 435
111 437
111 442
111 445
111 457
111 460
111 463
111 466
111 468
111 471
111 480
111 481
111 482
112 119
112 125
112 127
112 134
112 137
112 159
112 177
112 184
112 188
112 196
112 200
112 201
112 205
112 218
112 223
112 224
112 225
112 227
112 229
112 244
112 246
112 254
112 259
112 263
112 279
112 286
112 310
112 315
112 324
112 325
112 334
112 344
112 345
112 350
112 358
112 377
112 381
112 389
112 429
112 435
112 436
112 466
112 485
112 490
112 492
113 120
113 129
113 130
113 134
113 135
113 146
113 151
113 152
113 171
113 172
113 174
113 177
113 178
113 206
113 211
113 212
113 220
113 231
113 234
113 238
113 241
113 256
113 262
113 266
113 269
113 277
113 295
113 308
113 309
113 334
113 336
113 339
113 340
113 347
113 350
113 357
113 374
113 387
113 392
113 399
113 407
113 409
113 411
113 419
113 421
113 426
113 434
113 438
113 439
113 457
113 469
113 477
114 123
114 125
114 132
114 140
114 141
114 143
114 152
114 160
114 162
114 175
114 190
114 200
114 214
114 234
114 244
114 246
114 248
114 254
114 265
114 270
114 271
114 287
114 289
114 293
114 294
114 295
114 296
114 312
114 314
114 319
114 324
114 334
114 342
114 344
114 358
114 359
114 369
114 371
114 374
114 397
114 398
114 402
114 406
114 422
114 424
114 431
114 436
114 455
114 457
114 458
114 459
114 480
114 482
114 483
115 116
115 118
115 119
115 156
115 172
115 181
115 201
115 202
115 204
115 214
115 217
115 239
115 250
115 261
115 295
115 305
115 307
115 326
115 355
115 359
115 388
115 399
115 400
115 415
115 425
115 428
115 437
115 453
115 461
115 466
115 472
115 487
115 489
115 498
116 118
116 122
116 145
116 157
116 160
116 169
116 171
116 190
116 224
116 228
116 237
116 239
116 244
116 262
116 264
116 271
116 287
116 308
116 328
116 337
116 346
116 348
116 353
116 360
116 361
116 364
116 369
116 389
116 396
116 397
116 402
116 403
116 411
116 415
116 419
116 435
116 452
116 463
116 468
116 484
116 494
117 122
117 126
117 129
117 141
117 142
117 152
117 156
117 157
117 172
117 180
117 183
117 188
117 194
117 200
117 207
117 221
117 235
117 246
117 248
117 249
117 291
117 293
117 303
117 304
117 332
117 341
117 359
117 361
117 369
117 375
117 379
117 387
117 388
117 389
117 392
117 418
117 422
117 428
117 430
117 440
117 444
117 447
117 452
117 454
117 481
117 487
117 499
118 119
118 132
118 142
118 152
118 165
118 177
118 180
118 182
118 183
118 193
118 201
118 203
118 224
118 238
118 242
118 278
118 287
118 288
118 289
118 292
118 294
118 300
118 311
118 314
118 322
118 330
118 350
118 353
118 363
118 369
118 378
118 401
118 425
118 429
118 438
118 454
118 475
118 488
118 495
119 131
119 134
119 141
119 148
119 153
119 157
119 158
119 160
119 164
119 196
119 201
119 206
119 209
119 231
119 239
119 246
119 262
119 270
119 277
119 285
119 303
119 321
119 339
119 340
119 354
119 358
119 375
119 385
119 398
119 408
119 431
119 447
119 454
119 457
119 467
119 474
119 478
119 481
119 499
120 128
120 132
120 139
120 146
120 163
120 168
120 170
120 179
120 186
120 190
120 194
120 195
120 204
120 207
120 209
120 210
120 239
120 278
120 294
120 298
120 305
120 308
120 315
120 318
120 332
120 334
120 346
120 366
120 373
120 379
120 387
120 391
120 397
120 400
120 417
120 438
120 444
120 451
120 454
120 456
120 458
120 461
120 462
120 472
120 474
120 483
120 494
120 496
120 497
121 128
121 142
121 148
121 151
121 156
121 174
121 191
121 192
121 203
121 225
121 227
121 254
121 258
121 259
121 275
121 281
121 303
121 314
121 315
121 327
121 332
121 336
121 340
121 341
121 352
121 362
121 383
121 400
121 425
121 440
121 462
121 465
121 469
121 475
121 483
121 486
121 490
122 126
122 128
122 130
122 131
122 142
122 146
122 163
122 166
122 172
122 184
122 198
122 212
122 215
122 229
122 230
122 241
122 253
122 254
122 257
122 263
122 278
122 299
122 303
122 306
122 319
122 328
122 329
122 333
122 336
122 338
122 346
122 347
122 352
122 365
122 388
122 390
122 394
122 396
122 404
122 411
122 415
122 420
122 424
122 429
122 430
122 433
122 436
122 437
122 441
122 452
122 453
122 471
122 492
122 499
123 137
123 140
123 141
123 142
123 146
123 148
123 156
123 157
123 164
123 168
123 171
123 172
123 178
123 207
123 213
123 226
123 236
123 245
123 246
123 254
123 267
123 272
123 275
123 278
123 287
123 293
123 296
123 299
123 306
123 314
123 319
123 322
123 323
123 339
123 345
123 367
123 369
123 372
123 375
123 403
123 409
123 413
123 420
123 425
123 436
123 442
123 443
123 445
123 458
123 462
123 464
123 468
123 489
123 491
123 497
124 141
124 154
124 182
124 190
124 192
124 215
124 216
124 225
124 238
124 242
124 243
124 246
124 255
124 261
124 267
124 272
124 276
124 277
124 286
124 290
124 295
124 308
124 309
124 312
124 338
124 363
124 365
124 368
124 370
124 376
124 379
124 383
124 390
124 394
124 415
124 416
124 418
124 425
124 427
124 432
124 438
124 441
124 446
124 447
124 454
124 473
124 479
124 484
124 496
125 138
125 143
125 147
125 153
125 158
125 159
125 160
125 170
125 175
125 183
125 189
125 191
125 200
125 204
125 227
125 232
125 237
125 240
125 252
125 257
125 259
125 264
125 290
125 291
125 294
125 299
125 302
125 305
125 312
125 321
125 323
125 336
125 342
125 348
125 353
125 356
125 361
125 364
125 376
125 381
125 387
125 388
125 391
125 405
125 423
125 424
125 438
125 440
125 444
125 454
125 459
125 472
125 473
125 482
125 487
125 493
126 130
126 139
126 141
126 148
126 149
126 160
126 170
126 177
126 180
126 182
126 188
126 194
126 195
126 207
126 208
126 226
126 227
126 229
126 250
126 257
126 262
126 276
126 278
126 282
126 284
126 285
126 297
126 309
126 320
126 323
126 336
126 338
126 342
126 345
126 361
126 366
126 367
126 374
126 379
126 396
126 418
126 441
126 446
126 478
126 480
126 482
126 487
127 132
127 134
127 145
127 151
127 164
127 167
127 170
127 183
127 200
127 214
127 221
127 223
127 233
127 238
127 241
127 247
127 250
127 251
127 271
127 299
127 300
127 303
127 309
127 320
127 330
127 333
127 336
127 342
127 343
127 349
127 358
127 373
127 374
127 378
127 382
127 399
127 404
127 410
127 420
127 421
127 423
127 449
127 455
127 457
127 459
127 471
127 474
127 477
127 493
128 138
128 144
128 153
128 164
128 166
128 172
128 174
128 177
128 192
128 196
128 197
128 202
128 207
128 208
128 209
128 210
128 233
128 244
128 245
128 246
128 256
128 257
128 270
128 271
128 274
128 287
128 294
128 297
128 299
128 301
128 307
128 310
128 329
128 345
128 346
128 349
128 360
128 373
128 378
128 400
128 402
128 406
128 409
128 410
128 422
128 427
128 437
128 444
128 448
128 471
128 475
128 476
128 491
128 498
129 130
129 133
129 141
129 146
129 155
129 158
129 161
129 183
129 185
129 186
129 193
129 195
129 196
129 216
129 223
129 225
129 232
129 236
129 239
129 255
129 261
129 263
129 265
129 266
129 276
129 286
129 309
129 310
129 316
129 320
129 326
129 334
129 395
129 409
129 424
129 437
129 442
129 443
129 451
129 459
129 465
129 473
129 481
129 491
130 147
130 154
130 161
130 166
130 169
130 171
130 176
130 177
130 191
130 199
130 204
130 210
130 218
130 224
130 226
130 229
130 240
130 252
130 256
130 264
130 276
130 280
130 293
130 294
130 300
130 304
130 305
130 311
130 321
130 338
130 350
130 373
130 378
130 381
130 384
130 387
130 392
130 393
130 401
130 412
130 418
130 424
130 425
130 433
130 434
130 442
130 445
130 448
130 455
130 469
130 470
130 473
130 480
130 488
130 492
131 132
131 152
131 157
131 164
131 166
131 184
131 185
131 189
131 196
131 200
131 217
131 225
131 237
131 241
131 252
131 269
131 273
131 279
131 282
131 294
131 304
131 306
131 307
131 314
131 318
131 324
131 326
131 346
131 350
131 374
131 386
131 387
131 393
131 396
131 398
131 404
131 405
131 407
131 408
131 415
131 421
131 429
131 441
131 445
131 452
131 457
131 458
131 465
131 466
131 486
131 495
131 499
132 144
132 159
132 167
132 171
132 191
132 195
132 199
132 232
132 233
132 234
132 235
132 236
132 237
132 241
132 247
132 251
132 255
132 256
132 271
132 283
132 288
132 289
132 310
132 313
132 316
132 321
132 323
132 342
132 344
132 346
132 355
132 358
132 362
132 374
132 393
132 397
132 403
132 419
132 438
132 450
132 452
132 455
132 457
132 468
132 489
133 136
133 139
133 145
133 159
133 164
133 165
133 166
133 170
133 183
133 188
133 195
133 198
133 200
133 235
133 238
133 269
133 270
133 297
133 301
133 318
133 328
133 330
133 333
133 338
133 350
133 356
133 361
133 362
133 363
133 387
133 388
133 392
133 396
133 400
133 402
133 414
133 427
133 430
133 443
133 445
133 452
133 454
133 458
133 462
133 464
133 480
133 496
134 135
134 138
134 143
134 144
134 150
134 167
134 173
134 174
134 193
134 197
134 199
134 215
134 220
134 222
134 228
134 240
134 260
134 264
134 288
134 290
134 296
134 297
134 299
134 303
134 312
134 313
134 321
134 324
134 325
134 332
134 339
134 340
134 342
134 344
134 353
134 354
134 355
134 361
134 379
134 391
134 392
134 393
134 395
134 411
134 414
134 415
134 422
134 438
134 453
134 466
134 470
134 472
134 476
134 477
134 495
134 499
135 138
135 146
135 150
135 151
135 163
135 169
135 173
135 174
135 187
135 197
135 210
135 211
135 218
135 225
135 229
135 232
135 239
135 252
135 264
135 271
135 286
135 297
135 298
135 319
135 324
135 325
135 337
135 339
135 342
135 347
135 362
135 363
135 375
135 376
135 382
135 397
135 403
135 408
135 439
135 440
135 444
135 446
135 456
135 459
135 461
135 472
135 476
135 479
135 494
135 496
135 497
136 145
136 147
136 150
136 166
136 182
136 186
136 196
136 202
136 203
136 228
136 242
136 243
136 245
136 249
136 277
136 291
136 294
136 315
136 324
136 326
136 328
136 347
136 352
136 354
136 355
136 359
136 380
136 388
136 391
136 393
136 406
136 428
136 435
136 450
136 451
136 454
136 458
136 461
136 466
136 468
136 478
136 485
136 495
137 146
137 159
137 161
137 168
137 174
137 182
137 200
137 205
137 213
137 216
137 224
137 237
137 240
137 246
137 261
137 266
137 280
137 283
137 292
137 294
137 310
137 313
137 314
137 315
137 328
137 330
137 339
137 342
137 346
137 347
137 349
137 374
137 375
137 379
137 385
137 388
137 392
137 395
137 396
137 398
137 399
137 409
137 414
137 415
137 428
137 433
137 437
137 438
137 440
137 446
137 482
137 484
137 485
138 146
138 156
138 161
138 176
138 187
138 200
138 211
138 213
138 216
138 218
138 225
138 229
138 232
138 239
138 240
138 246
138 250
138 251
138 254
138 255
138 269
138 270
138 277
138 282
138 291
138 294
138 301
138 304
138 317
138 324
138 325
138 331
138 333
138 337
138 339
138 358
138 361
138 363
138 365
138 367
138 378
138 383
138 385
138 386
138 391
138 392
138 394
138 398
138 399
138 402
138 404
138 425
138 433
138 447
138 456
138 469
138 475
138 477
138 478
138 485
139 156
139 172
139 175
139 193
139 214
139 215
139 217
139 225
139 227
139 233
139 234
139 242
139 259
139 263
139 264
139 291
139 299
139 306
139 308
139 322
139 325
139 342
139 359
139 360
139 362
139 374
139 385
139 386
139 387
139 415
139 422
139 425
139 430
139 441
139 452
139 480
139 485
139 487
139 497
140 145
140 149
140 162
140 180
140 185
140 208
140 221
140 242
140 246
140 263
140 274
140 289
140 290
140 293
140 300
140 317
140 326
140 331
140 341
140 351
140 366
140 376
140 387
140 391
140 409
140 411
140 412
140 417
140 420
140 428
140 437
140 438
140 445
140 465
140 468
140 481
140 483
140 485
141 144
141 153
141 156
141 157
141 160
141 163
141 222
141 225
141 248
141 263
141 266
141 272
141 278
141 289
141 290
141 300
141 317
141 321
141 328
141 350
141 367
141 376
141 380
141 386
141 389
141 393
141 396
141 397
141 402
141 422
141 427
141 460
141 462
141 463
141 465
141 466
141 480
141 487
141 494
142 150
142 151
142 153
142 164
142 169
142 176
142 194
142 203
142 211
142 232
142 236
142 240
142 251
142 253
142 259
142 265
142 275
142 279
142 280
142 281
142 288
142 315
142 319
142 321
142 332
142 337
142 343
142 347
142 365
142 375
142 376
142 378
142 382
142 392
142 400
142 410
142 423
142 424
142 429
142 430
142 441
142 447
142 455
142 465
142 477
142 489
143 157
143 161
143 172
143 186
143 187
143 188
143 194
143 197
143 206
143 225
143 228
143 236
143 242
143 245
143 276
143 283
143 284
143 286
143 292
143 294
143 295
143 298
143 347
143 348
143 352
143 368
143 369
143 377
143 378
143 380
143 385
143 392
143 393
143 395
143 401
143 409
143 420
143 435
143 441
143 459
143 461
143 469
143 486
143 488
144 151
144 155
144 183
144 186
144 187
144 201
144 202
144 217
144 239
144 240
144 265
144 276
144 290
144 293
144 299
144 305
144 314
144 319
144 321
144 324
144 337
144 339
144 344
144 345
144 353
144 354
144 355
144 364
144 373
144 374
144 408
144 413
144 418
144 433
144 434
144 443
144 449
144 461
144 467
144 473
144 479
144 483
144 491
145 152
145 167
145 169
145 170
145 211
145 213
145 238
145 239
145 252
145 255
145 263
145 280
145 286
145 297
145 299
145 309
145 311
145 313
145 315
145 329
145 334
145 336
145 347
145 353
145 355
145 356
145 367
145 368
145 385
145 393
145 400
145 408
145 417
145 419
145 437
145 447
145 449
145 485
146 167
146 174
146 196
146 203
146 208
146 212
146 213
146 217
146 229
146 236
146 250
146 255
146 262
146 272
146 281
146 286
146 287
146 317
146 321
146 340
146 364
146 372
146 375
146 404
146 406
146 419
146 420
146 430
146 437
146 442
146 459
146 466
146 470
146 473
146 477
146 479
146 487
146 488
147 148
147 161
147 165
147 177
147 183
147 206
147 230
147 233
147 234
147 240
147 243
147 250
147 256
147 272
147 282
147 284
147 288
147 291
147 293
147 301
147 309
147 314
147 324
147 329
147 335
147 339
147 341
147 375
147 377
147 379
147 381
147 392
147 428
147 431
147 449
147 450
147 453
147 457
147 481
147 482
147 491
147 495
148 172
148 198
148 202
148 206
148 207
148 210
148 214
148 219
148 229
148 230
148 250
148 268
148 285
148 286
148 287
148 289
148 291
148 315
148 328
148 333
148 342
148 367
148 384
148 393
148 403
148 404
148 416
148 419
148 434
148 438
148 463
148 475
148 484
148 486
148 491
148 496
148 499
149 150
149 153
149 159
149 160
149 175
149 177
149 199
149 200
149 204
149 206
149 217
149 222
149 231
149 246
149 250
149 257
149 284
149 286
149 296
149 297
149 298
149 302
149 337
149 341
149 344
149 346
149 347
149 349
149 359
149 373
149 378
149 388
149 392
149 400
149 402
149 406
149 431
149 435
149 447
149 457
149 461
149 465
149 468
149 491
150 152
150 154
150 162
150 174
150 195
150 197
150 198
150 199
150 208
150 224
150 238
150 241
150 245
150 258
150 261
150 275
150 284
150 285
150 292
150 297
150 301
150 305
150 310
150 319
150 320
150 337
150 370
150 372
150 388
150 394
150 395
150 398
150 404
150 410
150 413
150 414
150 416
150 424
150 426
150 431
150 436
150 456
150 461
150 466
150 469
150 481
150 487
150 494
150 497
150 499
151 158
151 159
151 162
151 163
151 172
151 175
151 180
151 182
151 185
151 198
151 206
151 208
151 261
151 279
151 297
151 303
151 310
151 338
151 345
151 356
151 361
151 363
151 374
151 396
151 402
151 421
151 426
151 438
151 449
151 453
151 478
151 487
151 490
151 498
152 157
152 160
152 167
152 177
152 201
152 224
152 226
152 239
152 248
152 250
152 253
152 264
152 271
152 278
152 279
152 280
152 289
152 306
152 315
152 317
152 320
152 321
152 322
152 347
152 348
152 357
152 362
152 372
152 374
152 395
152 400
152 403
152 418
152 420
152 428
152 429
152 436
152 442
152 444
152 456
152 470
152 480
152 482
152 493
152 499
153 185
153 187
153 193
153 197
153 199
153 200
153 228
153 234
153 248
153 257
153 260
153 262
153 265
153 270
153 283
153 287
153 295
153 296
153 300
153 313
153 316
153 323
153 325
153 342
153 345
153 347
153 352
153 357
153 362
153 368
153 369
153 376
153 379
153 392
153 412
153 418
153 427
153 429
153 431
153 433
153 440
153 448
153 451
153 453
153 462
153 463
153 467
153 468
153 477
153 484
153 486
153 490
153 497
153 498
154 155
154 164
154 166
154 168
154 173
154 189
154 208
154 217
154 223
154 224
154 227
154 235
154 247
154 260
154 262
154 266
154 267
154 270
154 274
154 277
154 283
154 286
154 292
154 306
154 314
154 330
154 345
154 350
154 357
154 379
154 381
154 386
154 395
154 402
154 411
154 417
154 424
154 426
154 435
154 447
154 455
154 467
154 472
154 474
154 487
154 496
155 156
155 171
155 173
155 176
155 179
155 185
155 214
155 222
155 233
155 236
155 245
155 268
155 269
155 271
155 276
155 285
155 303
155 307
155 309
155 311
155 324
155 329
155 339
155 340
155 348
155 350
155 358
155 361
155 372
155 380
155 390
155 396
155 442
155 443
155 445
155 447
155 463
155 465
155 473
155 476
155 499
156 163
156 170
156 178
156 180
156 185
156 189
156 195
156 197
156 201
156 214
156 215
156 218
156 222
156 239
156 246
156 250
156 266
156 269
156 278
156 286
156 288
156 292
156 299
156 305
156 307
156 355
156 357
156 358
156 375
156 404
156 413
156 417
156 431
156 484
156 489
156 499
157 197
157 202
157 228
157 249
157 251
157 255
157 257
157 260
157 263
157 269
157 281
157 286
157 309
157 316
157 324
157 326
157 345
157 347
157 350
157 366
157 377
157 390
157 392
157 407
157 440
157 461
157 466
157 472
158 166
158 173
158 175
158 186
158 189
158 193
158 195
158 196
158 197
158 201
158 208
158 211
158 214
158 216
158 218
158 220
158 235
158 249
158 250
158 253
158 257
158 264
158 275
158 290
158 304
158 310
158 311
158 312
158 313
158 323
158 326
158 341
158 346
158 367
158 372
158 400
158 407
158 409
158 421
158 426
158 440
158 446
158 447
158 456
158 457
158 459
158 473
158 474
158 499
159 163
159 171
159 173
159 181
159 182
159 184
159 185
159 186
159 190
159 197
159 211
159 212
159 230
159 237
159 242
159 254
159 264
159 274
159 276
159 280
159 282
159 285
159 298
159 303
159 311
159 312
159 316
159 322
159 326
159 334
159 359
159 362
159 363
159 368
159 370
159 395
159 407
159 413
159 429
159 431
159 432
159 433
159 438
159 441
159 448
159 454
159 456
159 457
159 458
159 459
159 460
159 463
159 465
159 466
159 472
159 482
159 495
159 496
159 498
160 163
160 168
160 179
160 183
160 197
160 219
160 220
160 245
160 255
160 257
160 266
160 288
160 296
160 315
160 323
160 326
160 331
160 335
160 339
160 348
160 351
160 353
160 355
160 356
160 381
160 382
160 386
160 433
160 442
160 464
160 481
160 498
161 172
161 178
161 189
161 190
161 202
161 206
161 213
161 227
161 228
161 234
161 242
161 252
161 261
161 265
161 268
161 269
161 281
161 304
161 308
161 311
161 320
161 336
161 355
161 371
161 376
161 382
161 383
161 390
161 391
161 394
161 408
161 417
161 434
161 449
161 462
161 495
162 196
162 198
162 202
162 214
162 222
162 226
162 233
162 239
162 240
162 267
162 273
162 275
162 279
162 289
162 296
162 297
162 298
162 307
162 335
162 359
162 387
162 392
162 395
162 406
162 418
162 425
162 431
162 442
162 443
162 449
162 462
162 468
162 474
162 485
162 492
163 173
163 174
163 175
163 176
163 182
163 195
163 204
163 206
163 214
163 216
163 231
163 234
163 235
163 236
163 240
163 243
163 245
163 247
163 259
163 261
163 281
163 282
163 292
163 294
163 315
163 316
163 323
163 324
163 331
163 354
163 358
163 359
163 370
163 377
163 378
163 383
163 385
163 397
163 402
163 411
163 419
163 421
163 428
163 437
163 447
163 457
163 472
163 483
163 489
163 495
163 496
163 499
164 166
164 167
164 191
164 196
164 199
164 206
164 217
164 218
164 223
164 229
164 246
164 250
164 270
164 272
164 281
164 304
164 305
164 326
164 327
164 331
164 332
164 342
164 349
164 358
164 361
164 368
164 369
164 371
164 375
164 378
164 381
164 392
164 399
164 413
164 415
164 416
164 432
164 436
164 441
164 442
164 453
164 456
164 471
164 474
164 499
165 167
165 169
165 174
165 179
165 182
165 201
165 213
165 232
165 261
165 263
165 264
165 285
165 291
165 299
165 300
165 328
165 346
165 349
165 357
165 360
165 363
165 384
165 388
165 410
165 411
165 431
165 434
165 435
165 441
165 446
165 459
165 468
165 477
165 481
165 486
165 489
165 493
165 494
166 168
166 174
166 186
166 193
166 209
166 228
166 247
166 251
166 272
166 284
166 286
166 288
166 294
166 306
166 312
166 316
166 317
166 321
166 323
166 324
166 345
166 355
166 361
166 362
166 366
166 368
166 377
166 387
166 394
166 395
166 401
166 413
166 425
166 428
166 432
166 443
166 449
166 453
166 466
166 482
166 494
166 498
167 171
167 175
167 177
167 196
167 206
167 209
167 218
167 229
167 235
167 237
167 240
167 253
167 264
167 265
167 272
167 288
167 298
167 299
167 310
167 312
167 318
167 321
167 323
167 341
167 349
167 353
167 370
167 402
167 404
167 415
167 422
167 423
167 431
167 432
167 437
167 452
167 474
167 486
167 498
167 499
168 174
168 186
168 199
168 223
168 247
168 256
168 262
168 274
168 275
168 290
168 307
168 308
168 313
168 315
168 317
168 321
168 325
168 337
168 345
168 348
168 355
168 359
168 364
168 369
168 384
168 407
168 413
168 427
168 428
168 435
168 436
168 448
168 450
168 453
168 463
168 468
168 474
168 490
168 491
169 173
169 175
169 176
169 180
169 184
169 190
169 194
169 215
169 219
169 221
169 225
169 227
169 231
169 256
169 260
169 276
169 299
169 316
169 317
169 346
169 351
169 356
169 359
169 362
169 378
169 388
169 389
169 410
169 413
169 414
169 419
169 420
169 422
169 444
169 457
169 460
169 463
169 475
169 480
169 481
169 487
170 171
170 172
170 174
170 190
170 191
170 192
170 201
170 223
170 225
170 231
170 233
170 260
170 275
170 278
170 288
170 302
170 317
170 319
170 327
170 329
170 333
170 335
170 339
170 355
170 374
170 384
170 391
170 402
170 404
170 409
170 414
170 424
170 426
170 433
170 439
170 445
170 448
170 449
170 451
170 463
170 467
170 471
170 472
170 475
170 491
170 498
171 172
171 184
171 187
171 198
171 218
171 231
171 234
171 258
171 265
171 267
171 271
171 287
171 292
171 304
171 314
171 331
171 339
171 340
171 346
171 352
171 357
171 364
171 375
171 377
171 383
171 391
171 399
171 403
171 434
171 438
171 440
171 454
171 465
171 469
171 476
172 181
172 187
172 188
172 200
172 201
172 205
172 213
172 217
172 219
172 229
172 266
172 267
172 271
172 274
172 278
172 285
172 294
172 295
172 299
172 316
172 318
172 320
172 324
172 330
172 339
172 341
172 346
172 363
172 367
172 369
172 375
172 380
172 384
172 386
172 387
172 390
172 396
172 400
172 404
172 417
172 425
172 436
172 440
172 454
172 463
172 469
172 474
172 486
172 488
172 495
172 496
173 192
173 219
173 235
173 238
173 241
173 243
173 245
173 269
173 270
173 271
173 277
173 282
173 294
173 302
173 325
173 327
173 328
173 333
173 344
173 345
173 346
173 350
173 358
173 363
173 373
173 381
173 402
173 411
173 413
173 414
173 425
173 428
173 433
173 435
173 448
173 470
173 478
173 481
173 486
173 492
174 176
174 181
174 185
174 188
174 192
174 194
174 201
174 202
174 206
174 208
174 209
174 215
174 224
174 227
174 236
174 263
174 277
174 288
174 290
174 291
174 296
174 297
174 302
174 318
174 324
174 332
174 335
174 341
174 352
174 355
174 360
174 363
174 382
174 395
174 403
174 404
174 423
174 432
174 444
174 447
174 457
174 458
174 481
174 486
175 191
175 194
175 205
175 218
175 232
175 240
175 246
175 248
175 256
175 267
175 283
175 291
175 292
175 305
175 313
175 315
175 321
175 322
175 329
175 338
175 339
175 350
175 369
175 377
175 386
175 423
175 431
175 456
175 461
175 462
175 468
175 471
175 475
175 495
176 177
176 193
176 211
176 219
176 225
176 232
176 234
176 235
176 237
176 244
176 245
176 248
176 254
176 262
176 271
176 283
176 291
176 311
176 312
176 313
176 314
176 316
176 321
176 333
176 335
176 338
176 339
176 341
176 347
176 350
176 369
176 370
176 384
176 392
176 402
176 408
176 417
176 423
176 431
176 434
176 435
176 440
176 441
176 455
176 470
176 475
176 479
176 482
176 490
176 494
176 497
177 183
177 189
177 191
177 207
177 208
177 216
177 217
177 219
177 225
177 232
177 233
177 235
177 250
177 256
177 262
177 269
177 277
177 284
177 287
177 288
177 306
177 308
177 315
177 320
177 324
177 327
177 341
177 342
177 343
177 349
177 351
177 371
177 376
177 377
177 379
177 395
177 400
177 404
177 405
177 441
177 442
177 448
177 450
177 453
177 466
177 475
177 480
177 485
178 189
178 194
178 207
178 209
178 213
178 218
178 228
178 233
178 235
178 260
178 261
178 270
178 288
178 304
178 308
178 315
178 318
178 322
178 327
178 335
178 340
178 360
178 365
178 366
178 368
178 377
178 379
178 386
178 395
178 398
178 402
178 406
178 408
178 431
178 433
178 435
178 436
178 448
178 458
178 472
178 480
178 481
178 496
178 499
179 184
179 193
179 194
179 203
179 214
179 236
179 246
179 247
179 268
179 271
179 273
179 290
179 297
179 302
179 304
179 306
179 315
179 329
179 330
179 359
179 360
179 376
179 378
179 379
179 384
179 402
179 411
179 426
179 445
179 451
179 455
179 456
179 458
179 465
179 471
179 477
179 482
179 490
179 493
180 181
180 182
180 196
180 200
180 205
180 229
180 230
180 238
180 239
180 243
180 245
180 251
180 252
180 257
180 258
180 263
180 275
180 287
180 289
180 294
180 298
180 307
180 325
180 371
180 372
180 390
180 407
180 409
180 426
180 433
180 444
180 451
180 453
180 459
180 464
180 472
180 482
180 495
181 204
181 205
181 216
181 220
181 221
181 222
181 227
181 233
181 247
181 248
181 253
181 263
181 268
181 278
181 296
181 298
181 330
181 331
181 353
181 356
181 364
181 392
181 402
181 410
181 412
181 414
181 415
181 423
181 431
181 434
181 440
181 466
181 475
181 478
181 486
181 496
181 498
182 195
182 201
182 216
182 230
182 233
182 236
182 266
182 272
182 297
182 298
182 299
182 314
182 325
182 329
182 331
182 346
182 360
182 361
182 364
182 369
182 375
182 383
182 388
182 392
182 416
182 422
182 427
182 452
182 454
182 462
182 469
182 478
182 486
182 496
183 206
183 214
183 243
183 250
183 251
183 252
183 262
183 274
183 306
183 307
183 310
183 322
183 326
183 331
183 333
183 341
183 352
183 360
183 365
183 370
183 376
183 383
183 398
183 410
183 430
183 433
183 437
183 443
183 446
183 447
183 448
183 454
183 456
183 457
183 460
183 462
183 487
183 488
184 187
184 195
184 196
184 205
184 208
184 212
184 219
184 220
184 226
184 228
184 248
184 253
184 272
184 282
184 288
184 295
184 301
184 305
184 308
184 309
184 314
184 322
184 330
184 342
184 346
184 362
184 367
184 369
184 374
184 379
184 396
184 403
184 418
184 435
184 444
184 446
184 453
184 464
184 467
184 473
184 476
185 196
185 198
185 207
185 209
185 222
185 229
185 231
185 233
185 236
185 243
185 244
185 246
185 248
185 250
185 258
185 262
185 267
185 280
185 288
185 292
185 312
185 315
185 317
185 322
185 323
185 326
185 349
185 355
185 367
185 392
185 396
185 399
185 402
185 407
185 408
185 409
185 415
185 420
185 434
185 444
185 451
185 452
185 461
185 489
185 490
186 197
186 199
186 213
186 224
186 230
186 240
186 253
186 259
186 265
186 285
186 286
186 289
186 295
186 296
186 297
186 300
186 306
186 307
186 318
186 319
186 323
186 326
186 331
186 335
186 338
186 347
186 350
186 356
186 364
186 370
186 372
186 377
186 379
186 385
186 390
186 392
186 396
186 409
186 410
186 411
186 412
186 420
186 432
186 440
186 442
186 444
186 453
186 456
186 473
186 487
186 491
186 497
187 190
187 214
187 215
187 222
187 231
187 239
187 253
187 254
187 255
187 257
187 264
187 271
187 283
187 290
187 300
187 311
187 324
187 331
187 335
187 340
187 344
187 353
187 355
187 366
187 397
187 401
187 405
187 406
187 414
187 417
187 419
187 426
187 451
187 475
187 484
187 485
187 488
187 489
187 494
188 190
188 205
188 212
188 236
188 241
188 251
188 260
188 262
188 275
188 289
188 291
188 293
188 296
188 304
188 308
188 318
188 339
188 344
188 361
188 387
188 396
188 411
188 412
188 436
188 440
188 444
188 448
188 450
188 454
188 479
188 485
188 492
188 493
188 495
189 193
189 199
189 202
189 204
189 205
189 210
189 213
189 214
189 224
189 225
189 261
189 264
189 282
189 294
189 298
189 299
189 303
189 311
189 332
189 333
189 354
189 355
189 358
189 362
189 378
189 385
189 389
189 390
189 398
189 407
189 416
189 420
189 430
189 432
189 437
189 438
189 442
189 444
189 445
189 450
189 456
189 466
189 469
189 482
189 484
189 491
190 195
190 196
190 200
190 211
190 213
190 218
190 223
190 227
190 254
190 259
190 262
190 264
190 291
190 293
190 294
190 297
190 298
190 352
190 356
190 364
190 365
190 391
190 397
190 399
190 416
190 418
190 430
190 438
190 449
190 468
190 470
190 474
190 476
190 484
190 487
191 201
191 214
191 229
191 230
191 246
191 251
191 279
191 281
191 286
191 298
191 299
191 310
191 316
191 321
191 351
191 354
191 358
191 371
191 372
191 374
191 375
191 384
191 406
191 440
191 442
191 447
191 461
191 462
191 463
191 464
191 481
191 485
191 488
191 493
192 198
192 231
192 245
192 251
192 262
192 295
192 306
192 307
192 315
192 316
192 337
192 360
192 361
192 379
192 388
192 390
192 392
192 407
192 409
192 416
192 437
192 444
192 447
192 455
192 475
192 482
192 483
192 486
193 196
193 207
193 212
193 217
193 218
193 221
193 224
193 229
193 231
193 234
193 243
193 244
193 249
193 253
193 254
193 258
193 264
193 268
193 271
193 275
193 277
193 278
193 283
193 303
193 307
193 309
193 327
193 332
193 343
193 349
193 351
193 355
193 362
193 371
193 373
193 374
193 380
193 382
193 384
193 385
193 387
193 396
193 397
193 404
193 405
193 406
193 408
193 414
193 419
193 420
193 430
193 431
193 443
193 445
193 480
193 484
193 489
194 195
194 199
194 204
194 206
194 215
194 219
194 221
194 231
194 245
194 249
194 250
194 251
194 253
194 269
194 270
194 273
194 289
194 302
194 306
194 308
194 313
194 316
194 325
194 343
194 344
194 346
194 349
194 353
194 367
194 369
194 370
194 428
194 431
194 434
194 435
194 440
194 452
194 456
194 463
194 468
194 478
194 492
194 497
195 202
195 206
195 218
195 221
195 228
195 236
195 240
195 247
195 254
195 267
195 274
195 282
195 287
195 292
195 306
195 309
195 319
195 322
195 328
195 329
195 331
195 355
195 364
195 371
195 374
195 380
195 413
195 414
195 419
195 421
195 423
195 427
195 428
195 435
195 436
195 442
195 449
195 454
195 461
195 471
195 472
195 473
195 476
195 480
196 199
196 205
196 213
196 217
196 220
196 231
196 232
196 245
196 260
196 263
196 280
196 281
196 298
196 308
196 311
196 318
196 365
196 381
196 390
196 392
196 400
196 413
196 416
196 422
196 433
196 438
196 439
196 448
196 462
196 477
196 481
196 490
196 496
197 201
197 210
197 213
197 232
197 233
197 234
197 268
197 270
197 276
197 280
197 287
197 290
197 305
197 309
197 313
197 314
197 316
197 322
197 331
197 333
197 338
197 350
197 353
197 357
197 373
197 374
197 382
197 383
197 387
197 390
197 395
197 428
197 438
197 439
197 440
197 453
197 454
197 457
198 199
198 208
198 212
198 213
198 219
198 226
198 230
198 231
198 249
198 258
198 262
198 264
198 267
198 269
198 274
198 283
198 288
198 290
198 296
198 298
198 303
198 315
198 318
198 324
198 329
198 344
198 345
198 357
198 380
198 386
198 400
198 401
198 411
198 418
198 421
198 431
198 436
198 438
198 443
198 449
198 453
198 462
198 466
198 475
198 476
198 478
199 200
199 203
199 205
199 212
199 214
199 216
199 223
199 224
199 245
199 250
199 253
199 267
199 284
199 289
199 292
199 293
199 301
199 307
199 312
199 313
199 318
199 320
199 322
199 325
199 336
199 339
199 356
199 368
199 381
199 395
199 408
199 409
199 410
199 411
199 417
199 421
199 425
199 436
199 440
199 456
199 462
199 491
200 206
200 210
200 214
200 217
200 225
200 227
200 232
200 244
200 260
200 264
200 266
200 270
200 280
200 285
200 299
200 316
200 317
200 336
200 342
200 359
200 368
200 371
200 396
200 424
200 427
200 430
200 431
200 435
200 443
200 453
200 457
200 459
200 461
200 484
200 493
201 211
201 216
201 218
201 222
201 244
201 245
201 250
201 257
201 273
201 311
201 332
201 333
201 336
201 350
201 357
201 366
201 374
201 382
201 393
201 396
201 402
201 410
201 413
201 420
201 421
201 430
201 441
201 459
201 466
201 468
201 470
201 487
201 489
201 490
201 493
202 203
202 213
202 214
202 223
202 226
202 228
202 247
202 249
202 262
202 280
202 286
202 287
202 291
202 296
202 309
202 310
202 326
202 327
202 349
202 364
202 370
202 372
202 377
202 379
202 390
202 394
202 411
202 415
202 416
202 418
202 420
202 447
202 449
202 463
202 465
202 473
202 478
202 482
202 488
202 496
203 205
203 206
203 207
203 208
203 211
203 217
203 221
203 240
203 244
203 249
203 262
203 265
203 273
203 277
203 285
203 287
203 289
203 290
203 307
203 309
203 313
203 334
203 335
203 336
203 337
203 338
203 341
203 351
203 353
203 366
203 373
203 387
203 397
203 404
203 414
203 416
203 420
203 443
203 444
203 447
203 479
203 483
203 484
203 489
203 496
204 210
204 220
204 222
204 243
204 249
204 250
204 266
204 267
204 272
204 281
204 284
204 293
204 309
204 313
204 315
204 319
204 324
204 326
204 335
204 336
204 337
204 343
204 348
204 367
204 370
204 371
204 385
204 388
204 392
204 406
204 423
204 426
204 428
204 445
204 448
204 472
204 477
204 487
204 499
205 217
205 218
205 232
205 241
205 243
205 251
205 260
205 263
205 274
205 284
205 288
205 290
205 296
205 305
205 313
205 315
205 317
205 323
205 333
205 340
205 341
205 349
205 351
205 363
205 373
205 385
205 387
205 397
205 403
205 407
205 412
205 413
205 416
205 417
205 432
205 440
205 442
205 457
205 477
205 493
206 209
206 210
206 225
206 232
206 234
206 256
206 257
206 260
206 264
206 271
206 292
206 303
206 313
206 326
206 343
206 372
206 373
206 375
206 382
206 388
206 394
206 402
206 430
206 434
206 442
206 445
206 446
206 476
206 493
206 497
207 210
207 212
207 218
207 221
207 223
207 225
207 241
207 244
207 252
207 255
207 289
207 291
207 297
207 300
207 304
207 316
207 320
207 326
207 328
207 333
207 338
207 339
207 357
207 366
207 380
207 383
207 391
207 394
207 403
207 406
207 407
207 408
207 412
207 415
207 423
207 427
207 431
207 432
207 434
207 439
207 447
207 448
207 458
207 471
207 476
207 487
207 496
207 498
208 211
208 219
208 236
208 284
208 285
208 296
208 309
208 320
208 323
208 326
208 343
208 349
208 350
208 358
208 359
208 364
208 374
208 376
208 398
208 405
208 412
208 425
208 427
208 441
208 448
208 449
208 458
208 467
208 473
208 486
208 491
209 222
209 230
209 231
209 242
209 258
209 272
209 280
209 283
209 286
209 298
209 300
209 306
209 310
209 316
209 339
209 340
209 341
209 356
209 363
209 386
209 400
209 424
209 434
209 438
209 439
209 475
209 478
209 490
209 492
210 213
210 217
210 220
210 230
210 232
210 236
210 254
210 256
210 259
210 268
210 269
210 272
210 278
210 280
210 283
210 294
210 305
210 335
210 339
210 347
210 349
210 359
210 363
210 366
210 377
210 384
210 385
210 386
210 389
210 409
210 411
210 415
210 416
210 447
210 454
210 467
210 474
210 479
210 499
211 222
211 226
211 247
211 251
211 254
211 257
211 261
211 267
211 270
211 285
211 296
211 303
211 309
211 318
211 320
211 321
211 322
211 324
211 325
211 346
211 347
211 358
211 359
211 365
211 380
211 384
211 385
211 394
211 395
211 397
211 398
211 401
211 405
211 406
211 423
211 425
211 429
211 433
211 441
211 455
211 457
211 467
211 475
211 494
211 495
212 219
212 229
212 230
212 231
212 237
212 238
212 244
212 252
212 253
212 260
212 264
212 276
212 277
212 281
212 288
212 291
212 312
212 318
212 324
212 339
212 360
212 382
212 389
212 428
212 431
212 432
212 434
212 436
212 440
212 443
212 444
212 450
212 453
212 455
212 456
212 460
212 465
212 466
212 472
212 478
212 483
212 487
213 219
213 224
213 230
213 236
213 253
213 305
213 320
213 340
213 341
213 354
213 360
213 364
213 375
213 377
213 379
213 396
213 410
213 419
213 422
213 436
213 441
213 450
213 460
213 461
213 471
213 474
213 477
214 220
214 225
214 239
214 247
214 253
214 260
214 263
214 269
214 274
214 276
214 285
214 286
214 287
214 301
214 302
214 323
214 332
214 335
214 341
214 357
214 359
214 364
214 377
214 380
214 387
214 390
214 394
214 395
214 396
214 400
214 411
214 419
214 428
214 434
214 443
214 480
214 486
214 487
214 492
214 495
214 497
215 241
215 247
215 251
215 262
215 282
215 292
215 299
215 310
215 326
215 328
215 333
215 337
215 338
215 360
215 377
215 385
215 386
215 391
215 392
215 400
215 403
215 415
215 418
215 429
215 430
215 440
215 458
215 460
215 461
215 462
215 464
215 475
215 481
215 486
215 491
215 493
215 499
216 225
216 226
216 228
216 240
216 248
216 250
216 251
216 252
216 259
216 271
216 278
216 279
216 292
216 293
216 317
216 327
216 333
216 352
216 368
216 371
216 383
216 395
216 397
216 412
216 421
216 426
216 430
216 435
216 439
216 453
216 459
216 464
216 465
216 471
216 475
216 483
216 488
217 218
217 221
217 222
217 237
217 253
217 255
217 260
217 263
217 281
217 285
217 292
217 303
217 307
217 320
217 340
217 356
217 380
217 396
217 401
217 402
217 409
217 412
217 417
217 418
217 425
217 446
217 457
217 458
217 466
217 467
217 472
217 476
217 478
217 483
217 487
217 492
218 228
218 239
218 248
218 252
218 257
218 262
218 264
218 281
218 296
218 308
218 310
218 311
218 313
218 321
218 331
218 338
218 341
218 355
218 362
218 364
218 394
218 399
218 409
218 418
218 430
218 432
218 433
218 435
218 445
218 453
218 474
218 481
218 483
218 490
218 492
218 499
219 222
219 226
219 228
219 231
219 232
219 239
219 240
219 246
219 253
219 255
219 274
219 280
219 281
219 294
219 295
219 297
219 311
219 345
219 358
219 378
219 381
219 382
219 383
219 398
219 403
219 405
219 406
219 425
219 438
219 448
219 450
219 453
219 465
219 469
219 471
219 480
219 485
219 489
219 497
219 498
220 227
220 230
220 245
220 252
220 267
220 268
220 276
220 286
220 290
220 305
220 308
220 326
220 337
220 340
220 344
220 354
220 356
220 393
220 404
220 407
220 412
220 425
220 439
220 464
220 470
220 475
220 492
220 493
221 226
221 228
221 231
221 243
221 245
221 249
221 250
221 254
221 257
221 260
221 274
221 278
221 291
221 299
221 308
221 320
221 326
221 330
221 348
221 350
221 354
221 369
221 372
221 373
221 374
221 375
221 385
221 387
221 398
221 408
221 409
221 413
221 414
221 416
221 424
221 428
221 433
221 447
221 481
221 483
222 224
222 227
222 233
222 256
222 259
222 264
222 270
222 286
222 306
222 314
222 335
222 374
222 375
222 376
222 379
222 382
222 384
222 385
222 388
222 398
222 404
222 412
222 424
222 427
222 442
222 448
222 451
222 453
222 460
222 475
222 490
222 492
222 493
222 499
223 231
223 235
223 243
223 248
223 256
223 264
223 266
223 267
223 281
223 290
223 291
223 304
223 306
223 308
223 312
223 315
223 316
223 317
223 327
223 335
223 338
223 340
223 341
223 349
223 351
223 352
223 359
223 363
223 368
223 375
223 377
223 379
223 381
223 384
223 400
223 406
223 427
223 429
223 457
223 459
223 462
223 470
224 228
224 233
224 236
224 242
224 253
224 267
224 281
224 283
224 286
224 305
224 306
224 327
224 334
224 341
224 348
224 367
224 369
224 373
224 384
224 387
224 412
224 416
224 418
224 419
224 420
224 429
224 449
224 454
224 460
224 469
224 480
224 499
225 227
225 235
225 237
225 238
225 252
225 261
225 266
225 271
225 272
225 288
225 292
225 299
225 301
225 304
225 309
225 330
225 334
225 340
225 346
225 361
225 375
225 376
225 377
225 381
225 383
225 387
225 404
225 408
225 409
225 412
225 417
225 437
225 440
225 442
225 446
225 455
225 462
225 469
225 479
225 491
225 493
226 229
226 240
226 246
226 248
226 250
226 258
226 259
226 260
226 261
226 264
226 276
226 279
226 286
226 290
226 295
226 297
226 304
226 311
226 313
226 328
226 329
226 333
226 339
226 341
226 349
226 356
226 357
226 379
226 381
226 385
226 398
226 399
226 447
226 452
226 464
226 470
226 474
226 475
226 491
226 499
227 239
227 248
227 253
227 262
227 266
227 267
227 268
227 270
227 280
227 312
227 316
227 318
227 323
227 324
227 325
227 326
227 330
227 335
227 378
227 383
227 384
227 385
227 387
227 398
227 399
227 412
227 443
227 447
227 451
227 477
227 481
227 487
228 237
228 240
228 251
228 258
228 260
228 265
228 266
228 267
228 272
228 281
228 293
228 297
228 300
228 304
228 305
228 308
228 321
228 327
228 328
228 329
228 337
228 339
228 340
228 345
228 349
228 361
228 366
228 372
228 375
228 380
228 385
228 390
228 395
228 408
228 428
228 436
228 441
228 443
228 450
228 452
228 454
228 462
228 467
228 468
228 471
228 479
228 481
228 490
229 242
229 261
229 265
229 269
229 278
229 287
229 294
229 303
229 314
229 315
229 316
229 319
229 328
229 330
229 347
229 352
229 353
229 355
229 363
229 387
229 396
229 401
229 403
229 410
229 414
229 424
229 431
229 432
229 442
229 448
229 449
229 462
229 467
229 472
229 487
229 488
229 497
229 498
230 251
230 257
230 259
230 264
230 266
230 269
230 272
230 276
230 291
230 296
230 305
230 312
230 313
230 318
230 319
230 340
230 341
230 349
230 356
230 366
230 377
230 382
230 387
230 413
230 432
230 433
230 435
230 437
230 438
230 442
230 443
230 444
230 459
230 462
230 470
230 475
230 477
230 488
230 489
230 497
231 233
231 243
231 246
231 252
231 255
231 257
231 258
231 260
231 270
231 295
231 309
231 314
231 321
231 323
231 340
231 345
231 349
231 358
231 362
231 382
231 383
231 388
231 389
231 398
231 404
231 406
231 410
231 421
231 426
231 428
231 431
231 434
231 443
231 445
231 460
231 462
231 464
231 466
231 471
231 482
231 486
231 487
231 494
231 498
232 254
232 270
232 276
232 279
232 284
232 294
232 295
232 296
232 301
232 313
232 315
232 317
232 325
232 339
232 343
232 344
232 345
232 350
232 364
232 366
232 370
232 371
232 387
232 399
232 407
232 408
232 415
232 423
232 429
232 431
232 439
232 441
232 446
232 451
232 456
232 457
232 472
232 473
232 476
232 488
232 491
232 495
233 239
233 246
233 258
233 268
233 274
233 280
233 281
233 294
233 314
233 323
233 326
233 329
233 331
233 366
233 368
233 379
233 391
233 395
233 399
233 408
233 425
233 446
233 467
233 470
233 475
233 481
233 486
233 490
233 494
233 496
234 259
234 269
234 273
234 279
234 286
234 296
234 308
234 319
234 328
234 332
234 337
234 358
234 360
234 377
234 397
234 400
234 406
234 411
234 415
234 418
234 429
234 432
234 433
234 445
234 458
234 461
234 467
234 468
234 469
234 473
234 477
234 479
234 485
234 494
235 240
235 241
235 257
235 261
235 268
235 270
235 285
235 287
235 293
235 312
235 321
235 343
235 351
235 360
235 368
235 378
235 395
235 396
235 401
235 408
235 410
235 418
235 423
235 431
235 435
235 446
235 449
235 461
235 463
235 479
235 496
236 238
236 239
236 245
236 264
236 265
236 275
236 296
236 303
236 306
236 310
236 311
236 316
236 319
236 325
236 326
236 341
236 350
236 356
236 362
236 367
236 375
236 376
236 382
236 385
236 390
236 393
236 404
236 411
236 415
236 431
236 448
236 458
236 473
236 481
236 489
236 490
237 240
237 247
237 252
237 255
237 260
237 268
237 270
237 277
237 285
237 306
237 317
237 322
237 330
237 334
237 336
237 342
237 352
237 359
237 366
237 370
237 377
237 378
237 381
237 387
237 419
237 425
237 434
237 443
237 452
237 467
237 480
237 483
237 488
237 492
237 496
238 252
238 257
238 280
238 281
238 284
238 298
238 309
238 326
238 327
238 337
238 350
238 353
238 358
238 361
238 373
238 383
238 398
238 420
238 422
238 428
238 444
238 448
238 460
238 466
238 469
238 471
238 475
238 485
238 490
238 496
239 247
239 262
239 269
239 276
239 285
239 288
239 289
239 299
239 300
239 301
239 332
239 351
239 354
239 366
239 368
239 376
239 382
239 392
239 394
239 395
239 425
239 433
239 450
239 451
239 454
239 456
239 463
239 464
239 467
239 477
239 480
240 246
240 253
240 258
240 260
240 263
240 267
240 272
240 273
240 275
240 281
240 286
240 291
240 293
240 294
240 306
240 308
240 314
240 321
240 337
240 360
240 362
240 372
240 384
240 386
240 390
240 391
240 409
240 423
240 427
240 429
240 436
240 437
240 441
240 442
240 447
240 455
240 461
240 467
240 473
240 478
240 483
240 496
240 499
241 246
241 253
241 254
241 257
241 286
241 289
241 291
241 315
241 316
241 322
241 334
241 336
241 341
241 347
241 363
241 370
241 375
241 384
241 390
241 391
241 396
241 409
241 411
241 414
241 417
241 423
241 425
241 437
241 440
241 452
241 456
241 472
241 482
241 487
241 496
242 252
242 256
242 259
242 280
242 283
242 293
242 294
242 295
242 302
242 304
242 320
242 324
242 328
242 333
242 344
242 352
242 362
242 368
242 375
242 382
242 387
242 388
242 400
242 406
242 410
242 418
242 438
242 442
242 453
242 458
242 467
242 496
243 244
243 249
243 262
243 272
243 285
243 289
243 291
243 309
243 318
243 322
243 324
243 327
243 343
243 356
243 376
243 379
243 391
243 394
243 404
243 409
243 410
243 416
243 431
243 445
243 453
243 457
243 469
243 474
243 475
243 477
243 484
243 498
244 245
244 246
244 247
244 269
244 275
244 278
244 280
244 292
244 294
244 295
244 308
244 327
244 328
244 340
244 342
244 343
244 354
244 362
244 375
244 377
244 388
244 405
244 408
244 426
244 431
244 433
244 441
244 442
244 446
244 448
244 457
244 463
244 470
244 473
244 484
244 494
245 248
245 257
245 258
245 277
245 278
245 284
245 287
245 295
245 301
245 306
245 309
245 319
245 322
245 333
245 353
245 370
245 371
245 374
245 378
245 384
245 386
245 392
245 397
245 398
245 400
245 401
245 412
245 424
245 426
245 431
245 452
245 465
245 474
245 484
245 486
245 498
246 262
246 268
246 271
246 272
246 273
246 274
246 279
246 284
246 289
246 292
246 308
246 328
246 334
246 338
246 348
246 354
246 356
246 362
246 374
246 379
246 403
246 406
246 415
246 425
246 435
246 446
246 449
246 453
246 460
246 469
246 484
246 492
247 270
247 274
247 292
247 319
247 325
247 355
247 358
247 359
247 361
247 364
247 378
247 390
247 396
247 406
247 407
247 409
247 411
247 417
247 434
247 438
247 439
247 445
247 460
247 465
247 471
247 472
247 488
247 496
247 498
248 255
248 262
248 266
248 273
248 275
248 283
248 287
248 292
248 294
248 301
248 309
248 310
248 325
248 330
248 337
248 347
248 348
248 349
248 350
248 353
248 358
248 361
248 371
248 376
248 383
248 396
248 398
248 407
248 410
248 411
248 412
248 416
248 432
248 446
248 459
248 481
248 485
248 494
249 252
249 255
249 266
249 276
249 290
249 291
249 301
249 304
249 306
249 349
249 354
249 356
249 367
249 368
249 380
249 393
249 398
249 399
249 414
249 416
249 417
249 422
249 430
249 441
249 447
249 448
249 454
249 456
249 466
249 475
249 491
250 253
250 259
250 270
250 271
250 277
250 283
250 290
250 296
250 313
250 326
250 329
250 335
250 340
250 359
250 364
250 372
250 382
250 387
250 394
250 404
250 409
250 416
250 430
250 441
250 443
250 465
250 473
250 477
250 480
251 253
251 260
251 271
251 278
251 279
251 280
251 304
251 306
251 312
251 318
251 324
251 328
251 333
251 337
251 339
251 344
251 350
251 367
251 369
251 376
251 385
251 392
251 395
251 396
251 404
251 411
251 412
251 413
251 417
251 420
251 421
251 427
251 432
251 435
251 446
251 447
251 457
251 464
251 470
251 485
251 491
252 265
252 267
252 273
252 276
252 279
252 288
252 303
252 306
252 307
252 308
252 325
252 326
252 336
252 342
252 346
252 347
252 363
252 370
252 381
252 403
252 410
252 420
252 455
252 472
252 476
252 477
252 487
252 490
252 494
253 270
253 274
253 275
253 284
253 286
253 297
253 306
253 310
253 317
253 321
253 333
253 338
253 339
253 354
253 355
253 363
253 367
253 398
253 416
253 418
253 423
253 424
253 427
253 434
253 437
253 443
253 445
253 449
253 452
253 456
253 480
253 499
254 270
254 284
254 298
254 300
254 327
254 334
254 378
254 381
254 382
254 389
254 390
254 391
254 392
254 403
254 412
254 414
254 432
254 454
254 462
254 464
254 467
254 472
254 476
254 478
254 482
254 486
254 491
254 496
254 499
255 257
255 259
255 270
255 282
255 287
255 293
255 302
255 306
255 311
255 316
255 323
255 327
255 328
255 340
255 342
255 354
255 358
255 359
255 382
255 387
255 391
255 392
255 395
255 397
255 405
255 407
255 409
255 416
255 421
255 423
255 425
255 440
255 458
255 459
255 464
255 481
255 492
256 269
256 289
256 290
256 291
256 310
256 314
256 317
256 326
256 327
256 334
256 336
256 338
256 340
256 368
256 378
256 391
256 410
256 414
256 421
256 432
256 434
256 444
256 447
256 455
256 477
256 483
256 486
256 495
256 496
257 262
257 265
257 280
257 296
257 299
257 301
257 318
257 319
257 326
257 331
257 338
257 346
257 347
257 357
257 359
257 364
257 367
257 387
257 389
257 390
257 398
257 405
257 407
257 412
257 420
257 422
257 424
257 428
257 433
257 434
257 440
257 445
257 447
257 454
257 458
257 460
257 464
257 470
257 473
257 475
257 483
257 484
257 497
258 260
258 275
258 279
258 295
258 310
258 315
258 341
258 348
258 352
258 356
258 359
258 376
258 381
258 396
258 416
258 419
258 424
258 433
258 439
258 448
258 453
258 468
258 471
258 473
258 491
259 261
259 274
259 279
259 283
259 290
259 291
259 295
259 303
259 309
259 310
259 317
259 320
259 321
259 323
259 325
259 338
259 343
259 375
259 376
259 381
259 382
259 385
259 387
259 406
259 415
259 419
259 441
259 442
259 446
259 451
259 459
259 460
259 462
259 467
259 468
259 473
259 477
259 478
259 484
259 487
260 265
260 282
260 300
260 308
260 314
260 322
260 331
260 356
260 358
260 362
260 367
260 382
260 393
260 396
260 404
260 408
260 410
260 419
260 429
260 451
260 458
260 461
260 463
260 464
260 466
260 474
260 475
260 478
260 481
260 482
260 485
260 487
260 495
260 497
261 263
261 272
261 273
261 276
261 278
261 292
261 295
261 303
261 314
261 324
261 337
261 339
261 345
261 353
261 366
261 381
261 385
261 387
261 388
261 393
261 404
261 410
261 413
261 422
261 430
261 437
261 450
261 465
261 469
261 473
261 474
261 492
261 494
262 267
262 283
262 301
262 323
262 329
262 330
262 348
262 355
262 366
262 368
262 371
262 381
262 382
262 384
262 440
262 452
262 456
262 492
262 496
263 271
263 286
263 310
263 332
263 343
263 345
263 353
263 365
263 370
263 374
263 386
263 397
263 404
263 408
263 414
263 420
263 425
263 445
263 450
263 459
263 490
263 497
264 266
264 275
264 280
264 284
264 300
264 303
264 308
264 311
264 331
264 335
264 358
264 374
264 377
264 382
264 385
264 391
264 408
264 416
264 417
264 435
264 445
264 469
264 473
264 478
264 482
264 494
264 495
264 498
265 271
265 286
265 288
265 340
265 343
265 346
265 360
265 364
265 368
265 374
265 395
265 400
265 425
265 435
265 441
265 443
265 445
265 452
265 458
265 461
265 467
265 479
266 269
266 279
266 308
266 309
266 315
266 316
266 336
266 343
266 346
266 353
266 356
266 381
266 388
266 389
266 394
266 395
266 401
266 402
266 415
266 435
266 441
266 442
266 446
266 458
266 465
266 478
266 479
266 493
267 268
267 271
267 279
267 299
267 310
267 324
267 331
267 332
267 334
267 340
267 343
267 352
267 360
267 366
267 367
267 369
267 386
267 389
267 392
267 404
267 413
267 417
267 428
267 441
267 451
267 454
267 461
267 486
267 489
267 495
268 288
268 292
268 294
268 295
268 306
268 322
268 323
268 328
268 330
268 340
268 354
268 373
268 376
268 379
268 380
268 385
268 403
268 410
268 421
268 435
268 437
268 443
268 450
268 454
268 456
268 480
268 486
268 489
268 490
269 271
269 275
269 278
269 279
269 282
269 283
269 304
269 313
269 328
269 329
269 330
269 338
269 347
269 355
269 364
269 365
269 367
269 372
269 393
269 395
269 401
269 404
269 424
269 429
269 434
269 436
269 463
269 466
269 468
269 472
269 480
269 481
269 499
270 278
270 279
270 284
270 296
270 302
270 309
270 320
270 321
270 323
270 333
270 346
270 347
270 350
270 364
270 369
270 380
270 381
270 383
270 396
270 401
270 418
270 428
270 439
270 451
270 472
270 477
270 488
271 277
271 280
271 287
271 295
271 300
271 303
271 306
271 307
271 315
271 320
271 325
271 326
271 330
271 360
271 368
271 377
271 386
271 400
271 411
271 420
271 437
271 453
271 454
271 460
271 465
271 467
271 470
271 472
271 479
271 480
271 481
271 485
271 487
272 303
272 314
272 318
272 320
272 326
272 333
272 336
272 347
272 367
272 368
272 369
272 377
272 384
272 390
272 399
272 429
272 437
272 447
272 453
272 462
272 472
272 483
272 495
273 276
273 287
273 298
273 311
273 327
273 331
273 338
273 347
273 354
273 355
273 370
273 392
273 406
273 408
273 412
273 415
273 424
273 431
273 439
273 444
273 466
273 471
273 472
273 475
273 477
273 481
273 488
274 300
274 308
274 336
274 351
274 364
274 365
274 372
274 375
274 378
274 390
274 398
274 416
274 419
274 421
274 432
274 446
274 452
274 453
274 468
274 477
274 493
274 497
274 498
275 291
275 292
275 298
275 304
275 310
275 312
275 316
275 326
275 330
275 348
275 351
275 354
275 360
275 362
275 369
275 385
275 386
275 399
275 403
275 434
275 437
275 439
275 440
275 443
275 446
275 450
275 454
275 471
275 478
275 479
275 481
275 495
275 496
276 278
276 284
276 290
276 309
276 316
276 317
276 333
276 342
276 358
276 376
276 384
276 401
276 430
276 449
276 451
276 460
276 478
276 482
276 495
276 497
277 287
277 293
277 300
277 305
277 306
277 312
277 314
277 334
277 336
277 340
277 348
277 355
277 358
277 359
277 363
277 380
277 385
277 389
277 400
277 409
277 412
277 437
277 448
277 460
277 462
277 478
277 483
277 493
277 497
278 279
278 289
278 298
278 299
278 304
278 306
278 308
278 333
278 337
278 348
278 352
278 354
278 366
278 371
278 379
278 380
278 388
278 392
278 401
278 428
278 431
278 432
278 439
278 441
278 442
278 443
278 450
278 463
278 465
278 477
279 281
279 292
279 296
279 300
279 301
279 319
279 321
279 330
279 341
279 379
279 381
279 390
279 395
279 397
279 403
279 406
279 432
279 439
279 442
279 444
279 456
279 468
279 469
279 474
279 475
279 477
279 478
279 496
279 497
280 299
280 301
280 304
280 320
280 322
280 363
280 368
280 372
280 387
280 388
280 398
280 416
280 431
280 449
280 463
280 464
280 474
280 476
280 479
280 498
281 292
281 295
281 300
281 304
281 308
281 326
281 333
281 334
281 340
281 350
281 356
281 362
281 366
281 367
281 370
281 372
281 378
281 394
281 399
281 412
281 423
281 425
281 431
281 438
281 444
281 453
281 478
281 480
281 481
281 485
281 489
281 490
281 496
282 286
282 287
282 293
282 298
282 302
282 315
282 323
282 327
282 329
282 337
282 342
282 352
282 353
282 355
282 365
282 367
282 370
282 397
282 403
282 404
282 412
282 413
282 422
282 424
282 445
282 452
282 460
282 465
282 466
282 469
282 470
282 473
282 478
282 496
283 290
283 310
283 321
283 332
283 341
283 375
283 376
283 388
283 391
283 403
283 413
283 420
283 429
283 444
283 446
283 460
283 468
283 473
283 491
284 288
284 294
284 297
284 307
284 336
284 348
284 363
284 371
284 387
284 388
284 396
284 411
284 418
284 428
284 438
284 442
284 451
284 457
284 460
284 462
284 464
284 469
284 474
285 299
285 313
285 326
285 337
285 339
285 345
285 355
285 367
285 387
285 394
285 396
285 418
285 423
285 436
285 440
285 442
285 445
285 447
285 456
285 462
285 474
285 475
285 476
285 492
285 496
285 499
286 290
286 292
286 298
286 324
286 325
286 330
286 333
286 335
286 340
286 347
286 363
286 374
286 387
286 388
286 402
286 421
286 428
286 433
286 437
286 454
286 458
286 463
286 466
286 467
286 478
286 479
286 481
286 486
286 492
287 293
287 297
287 309
287 312
287 324
287 335
287 354
287 372
287 373
287 375
287 377
287 379
287 386
287 406
287 414
287 416
287 420
287 427
287 436
287 438
287 440
287 454
287 463
287 466
287 469
287 471
287 473
287 477
287 487
287 499
288 293
288 313
288 314
288 317
288 323
288 331
288 341
288 346
288 351
288 361
288 376
288 380
288 398
288 414
288 419
288 420
288 425
288 426
288 430
288 450
288 454
288 462
288 470
288 476
288 477
288 492
288 494
289 296
289 302
289 311
289 314
289 324
289 325
289 333
289 334
289 343
289 345
289 346
289 351
289 359
289 360
289 373
289 378
289 381
289 395
289 404
289 424
289 440
289 445
289 448
289 453
289 457
289 462
289 464
289 467
289 489
289 491
289 498
290 308
290 323
290 328
290 338
290 340
290 346
290 353
290 357
290 366
290 385
290 396
290 399
290 412
290 414
290 420
290 426
290 443
290 444
290 464
290 477
291 292
291 298
291 307
291 314
291 315
291 341
291 352
291 353
291 384
291 389
291 394
291 414
291 415
291 426
291 431
291 440
291 453
291 456
291 477
291 478
291 485
291 493
291 498
292 298
292 303
292 306
292 312
292 334
292 337
292 354
292 358
292 361
292 375
292 377
292 386
292 393
292 406
292 414
292 415
292 435
292 444
292 457
292 470
292 483
292 487
292 489
292 493
292 499
293 298
293 302
293 309
293 313
293 317
293 319
293 322
293 327
293 340
293 346
293 356
293 358
293 377
293 380
293 394
293 408
293 409
293 410
293 426
293 427
293 440
293 456
293 460
293 462
293 464
293 477
293 485
293 488
293 492
293 495
294 296
294 303
294 306
294 310
294 319
294 321
294 328
294 331
294 332
294 334
294 336
294 337
294 338
294 341
294 360
294 361
294 378
294 390
294 410
294 411
294 413
294 427
294 430
294 446
294 458
294 459
294 467
294 485
294 497
295 297
295 305
295 312
295 316
295 327
295 336
295 338
295 341
295 347
295 348
295 359
295 372
295 381
295 388
295 397
295 400
295 403
295 406
295 418
295 419
295 430
295 435
295 441
295 445
295 452
295 454
295 472
295 476
295 486
295 489
295 499
296 302
296 309
296 322
296 335
296 349
296 361
296 367
296 376
296 399
296 416
296 425
296 428
296 429
296 449
296 468
296 478
296 488
297 298
297 300
297 309
297 323
297 324
297 327
297 328
297 337
297 355
297 357
297 386
297 395
297 399
297 404
297 405
297 411
297 415
297 418
297 424
297 433
297 435
297 441
297 442
297 444
297 454
297 457
297 463
297 470
297 472
297 477
298 304
298 308
298 313
298 317
298 323
298 324
298 327
298 331
298 339
298 349
298 351
298 360
298 361
298 389
298 392
298 394
298 402
298 423
298 430
298 438
298 444
298 458
298 459
298 464
298 466
298 479
298 485
298 486
298 487
298 494
299 309
299 312
299 321
299 327
299 332
299 345
299 351
299 385
299 395
299 398
299 400
299 409
299 427
299 434
299 438
299 441
299 459
299 476
299 482
299 486
300 305
300 316
300 334
300 342
300 357
300 360
300 361
300 376
300 381
300 395
300 403
300 408
300 409
300 410
300 415
300 427
300 428
300 430
300 442
300 446
300 458
300 460
300 467
300 470
300 474
300 489
301 303
301 313
301 318
301 322
301 323
301 328
301 329
301 342
301 362
301 364
301 376
301 381
301 384
301 410
301 415
301 421
301 445
301 453
301 467
301 475
301 487
301 488
301 490
301 491
301 499
302 304
302 308
302 312
302 313
302 327
302 347
302 373
302 376
302 384
302 387
302 389
302 390
302 402
302 403
302 414
302 436
302 437
302 448
302 464
302 483
302 484
302 486
302 487
302 490
302 497
302 498
302 499
303 308
303 311
303 318
303 320
303 346
303 354
303 366
303 393
303 394
303 397
303 400
303 401
303 407
303 408
303 412
303 418
303 428
303 432
303 439
303 461
303 465
303 468
303 486
303 499
304 308
304 311
304 312
304 320
304 337
304 349
304 353
304 375
304 376
304 384
304 387
304 389
304 391
304 397
304 399
304 407
304 413
304 423
304 437
304 446
304 447
304 451
304 465
304 476
304 488
305 309
305 325
305 329
305 347
305 350
305 363
305 369
305 381
305 399
305 409
305 417
305 437
305 445
305 450
305 483
305 485
305 491
305 499
306 310
306 318
306 330
306 337
306 342
306 345
306 353
306 362
306 367
306 388
306 389
306 405
306 427
306 429
306 458
306 462
306 468
306 483
307 314
307 331
307 335
307 341
307 342
307 352
307 354
307 357
307 358
307 370
307 373
307 374
307 376
307 382
307 392
307 399
307 401
307 412
307 415
307 428
307 445
307 456
307 465
307 476
307 484
308 327
308 329
308 331
308 337
308 341
308 346
308 365
308 370
308 386
308 388
308 405
308 418
308 425
308 426
308 429
308 439
308 442
308 446
308 457
308 462
308 468
308 471
308 491
308 493
309 316
309 317
309 323
309 340
309 357
309 364
309 368
309 371
309 377
309 384
309 385
309 386
309 390
309 395
309 397
309 399
309 403
309 416
309 419
309 421
309 426
309 428
309 433
309 442
309 443
309 445
309 447
309 457
309 467
309 470
309 482
309 495
309 498
310 312
310 320
310 324
310 325
310 327
310 330
310 359
310 360
310 364
310 385
310 393
310 408
310 410
310 418
310 419
310 430
310 437
310 452
310 453
310 462
310 485
310 487
310 493
311 316
311 320
311 321
311 338
311 346
311 352
311 355
311 385
311 390
311 396
311 408
311 409
311 410
311 412
311 426
311 433
311 448
311 451
311 457
311 466
311 467
311 487
312 313
312 322
312 330
312 332
312 357
312 362
312 367
312 380
312 405
312 415
312 430
312 432
312 438
312 442
312 454
312 457
312 458
312 474
312 485
312 489
312 493
312 496
312 499
313 322
313 324
313 328
313 329
313 373
313 376
313 389
313 392
313 401
313 405
313 410
313 418
313 435
313 439
313 444
313 463
313 473
313 476
313 479
313 483
313 485
313 491
314 320
314 330
314 349
314 365
314 377
314 383
314 387
314 390
314 396
314 422
314 424
314 437
314 438
314 455
314 471
314 475
314 478
315 322
315 330
315 341
315 347
315 349
315 365
315 370
315 371
315 384
315 386
315 420
315 424
315 425
315 452
315 454
315 473
315 490
315 495
316 317
316 318
316 320
316 326
316 335
316 336
316 343
316 346
316 354
316 364
316 366
316 369
316 370
316 379
316 387
316 412
316 414
316 424
316 431
316 433
316 442
316 452
316 459
316 469
316 485
317 324
317 330
317 339
317 340
317 353
317 354
317 360
317 364
317 375
317 380
317 406
317 414
317 415
317 433
317 439
317 450
317 464
317 469
317 470
317 472
317 484
317 490
317 492
317 496
317 499
318 319
318 341
318 345
318 349
318 361
318 362
318 381
318 383
318 394
318 405
318 406
318 407
318 410
318 415
318 426
318 427
318 435
318 441
318 449
318 450
318 459
318 460
318 467
318 472
318 477
318 478
318 484
318 493
318 496
319 325
319 327
319 328
319 331
319 345
319 349
319 350
319 356
319 360
319 366
319 367
319 374
319 375
319 383
319 390
319 393
319 399
319 407
319 422
319 424
319 425
319 438
319 440
319 444
319 449
319 452
319 458
319 476
319 496
319 497
319 498
320 324
320 330
320 336
320 341
320 360
320 363
320 367
320 371
320 380
320 390
320 391
320 393
320 401
320 414
320 421
320 439
320 448
320 454
320 461
320 463
320 473
320 488
320 499
321 326
321 330
321 337
321 343
321 353
321 358
321 371
321 394
321 397
321 405
321 409
321 414
321 417
321 419
321 449
321 454
321 458
321 459
321 464
321 475
321 484
321 494
321 496
322 327
322 336
322 345
322 366
322 372
322 379
322 398
322 401
322 407
322 418
322 420
322 425
322 438
322 439
322 442
322 453
322 456
322 458
322 459
322 462
322 463
322 465
322 490
322 498
323 332
323 333
323 347
323 348
323 351
323 357
323 375
323 377
323 378
323 380
323 385
323 402
323 405
323 410
323 424
323 436
323 443
323 463
323 481
323 485
323 493
323 494
323 498
324 337
324 341
324 352
324 358
324 361
324 374
324 402
324 415
324 433
324 439
324 452
324 456
324 462
324 464
324 478
324 487
324 492
324 495
324 499
325 333
325 335
325 342
325 350
325 353
325 354
325 380
325 385
325 409
325 411
325 419
325 424
325 431
325 433
325 437
325 443
325 472
325 481
325 486
325 496
325 497
326 332
326 348
326 363
326 365
326 370
326 371
326 374
326 383
326 394
326 400
326 401
326 406
326 410
326 416
326 419
326 431
326 434
326 437
326 440
326 447
326 453
326 457
326 461
326 464
326 469
326 486
326 493
327 331
327 342
327 346
327 355
327 361
327 373
327 374
327 381
327 384
327 386
327 389
327 394
327 397
327 398
327 400
327 403
327 418
327 424
327 448
327 458
327 459
327 460
327 465
327 488
327 489
327 498
328 345
328 363
328 374
328 377
328 385
328 389
328 390
328 397
328 413
328 424
328 430
328 438
328 446
328 447
328 463
328 470
328 473
328 474
328 486
328 487
328 495
328 498
329 331
329 358
329 360
329 365
329 366
329 369
329 374
329 383
329 387
329 389
329 391
329 396
329 402
329 417
329 419
329 421
329 427
329 447
329 468
329 471
329 475
329 479
329 480
329 482
329 498
330 335
330 338
330 350
330 355
330 356
330 365
330 369
330 375
330 377
330 380
330 392
330 395
330 399
330 415
330 419
330 420
330 427
330 440
330 455
330 468
330 485
330 490
330 491
331 350
331 352
331 357
331 392
331 399
331 400
331 404
331 405
331 406
331 408
331 418
331 425
331 438
331 444
331 447
331 448
331 451
331 458
331 472
331 483
331 491
331 494
331 496
331 499
332 343
332 356
332 363
332 364
332 372
332 378
332 389
332 400
332 402
332 403
332 407
332 422
332 430
332 438
332 441
332 442
332 443
332 447
332 448
332 464
332 492
332 494
333 343
333 353
333 357
333 368
333 391
333 392
333 397
333 402
333 405
333 412
333 417
333 418
333 419
333 428
333 435
333 438
333 439
333 440
333 448
333 464
333 466
333 468
333 470
333 479
333 480
333 484
333 493
334 337
334 339
334 343
334 371
334 384
334 411
334 421
334 424
334 438
334 456
335 336
335 341
335 343
335 348
335 357
335 363
335 371
335 374
335 376
335 380
335 381
335 394
335 395
335 398
335 400
335 402
335 405
335 406
335 424
335 431
335 433
335 444
335 446
335 457
335 460
335 465
335 469
335 474
335 476
335 480
335 487
336 346
336 354
336 379
336 402
336 409
336 418
336 420
336 430
336 434
336 456
336 460
336 462
336 464
336 469
336 470
336 473
336 478
336 490
336 496
337 346
337 352
337 360
337 361
337 380
337 385
337 390
337 411
337 415
337 416
337 420
337 433
337 438
337 440
337 442
337 444
337 449
337 458
337 460
337 475
337 480
337 482
337 490
337 494
338 340
338 348
338 357
338 373
338 377
338 392
338 406
338 409
338 418
338 419
338 472
338 481
338 495
338 496
338 499
339 347
339 351
339 352
339 357
339 361
339 378
339 389
339 391
339 393
339 397
339 398
339 400
339 402
339 413
339 414
339 421
339 459
339 469
339 475
339 478
339 480
339 482
339 492
339 493
340 341
340 345
340 360
340 366
340 368
340 370
340 373
340 379
340 385
340 395
340 396
340 420
340 424
340 432
340 435
340 439
340 443
340 463
340 465
340 468
340 481
340 485
341 348
341 350
341 355
341 373
341 374
341 379
341 381
341 382
341 384
341 395
341 400
341 407
341 408
341 436
341 444
341 447
341 459
341 461
341 463
341 469
341 483
341 495
342 348
342 353
342 361
342 363
342 372
342 373
342 375
342 376
342 377
342 382
342 383
342 384
342 387
342 390
342 391
342 396
342 431
342 442
342 443
342 444
342 445
342 446
342 455
342 466
342 467
342 483
342 487
342 496
343 355
343 357
343 361
343 363
343 364
343 377
343 381
343 392
343 393
343 401
343 402
343 406
343 408
343 410
343 415
343 426
343 432
343 436
343 445
343 454
343 469
343 477
343 494
343 497
344 351
344 355
344 362
344 364
344 369
344 370
344 378
344 380
344 388
344 389
344 391
344 398
344 403
344 407
344 410
344 412
344 421
344 429
344 435
344 442
344 449
344 454
344 460
344 461
344 467
344 478
344 493
344 494
344 495
345 354
345 371
345 374
345 383
345 385
345 390
345 394
345 396
345 398
345 399
345 404
345 406
345 408
345 409
345 422
345 429
345 431
345 440
345 441
345 449
345 455
345 466
345 477
345 485
346 349
346 352
346 355
346 368
346 370
346 373
346 374
346 381
346 393
346 397
346 398
346 431
346 439
346 441
346 452
346 461
346 465
346 471
346 482
346 486
346 494
346 498
346 499
347 354
347 366
347 371
347 375
347 382
347 395
347 397
347 402
347 407
347 412
347 421
347 423
347 425
347 428
347 433
347 447
347 448
347 451
347 456
347 458
347 483
347 493
348 372
348 379
348 395
348 402
348 415
348 420
348 422
348 424
348 427
348 432
348 435
348 437
348 438
348 448
348 456
348 472
348 474
348 475
348 494
348 495
348 496
349 356
349 358
349 364
349 366
349 380
349 381
349 392
349 410
349 417
349 435
349 436
349 437
349 439
349 447
349 454
349 468
349 469
349 471
349 474
349 475
349 488
350 352
350 366
350 370
350 372
350 381
350 385
350 391
350 428
350 431
350 437
350 448
350 450
350 452
350 464
350 465
350 472
350 483
350 485
350 495
351 358
351 368
351 369
351 394
351 409
351 411
351 413
351 419
351 431
351 458
351 460
351 464
351 468
351 471
351 475
351 476
351 477
351 478
351 480
351 483
351 486
351 489
351 492
351 498
352 357
352 382
352 386
352 400
352 417
352 419
352 422
352 429
352 447
352 491
353 361
353 362
353 372
353 381
353 385
353 389
353 414
353 424
353 447
353 458
353 478
353 482
353 492
353 498
354 363
354 366
354 375
354 377
354 393
354 397
354 404
354 408
354 420
354 425
354 428
354 449
354 452
354 455
354 473
354 476
354 479
354 487
354 496
354 498
355 369
355 383
355 387
355 395
355 401
355 405
355 408
355 410
355 411
355 426
355 448
355 459
355 464
355 470
355 480
355 486
355 487
356 357
356 368
356 373
356 399
356 403
356 419
356 423
356 433
356 436
356 439
356 449
356 451
356 459
356 468
356 470
356 493
357 363
357 366
357 367
357 370
357 388
357 389
357 400
357 410
357 420
357 424
357 444
357 447
357 448
357 470
357 471
357 478
357 490
357 495
357 499
358 362
358 393
358 405
358 411
358 419
358 424
358 426
358 432
358 435
358 438
358 445
358 447
358 449
358 461
358 467
358 474
358 479
358 486
358 491
359 362
359 370
359 373
359 388
359 394
359 409
359 412
359 421
359 437
359 450
359 452
359 473
359 476
359 481
360 363
360 368
360 370
360 385
360 388
360 391
360 400
360 410
360 413
360 414
360 423
360 427
360 440
360 442
360 445
360 446
360 451
360 454
360 458
360 473
360 478
360 484
360 497
361 376
361 383
361 388
361 398
361 452
361 456
361 469
361 470
361 472
361 476
361 477
361 485
362 398
362 404
362 413
362 416
362 419
362 424
362 431
362 437
362 440
362 445
362 455
362 475
362 488
363 371
363 391
363 396
363 401
363 406
363 407
363 420
363 421
363 433
363 453
363 472
363 481
364 370
364 374
364 379
364 386
364 390
364 395
364 397
364 399
364 409
364 411
364 412
364 436
364 460
364 471
364 473
364 482
364 488
364 493
364 494
365 366
365 373
365 394
365 395
365 397
365 400
365 403
365 406
365 422
365 431
365 438
365 441
365 443
365 453
365 466
365 474
365 476
365 490
366 367
366 384
366 389
366 394
366 419
366 427
366 432
366 433
366 436
366 445
366 450
366 455
366 456
366 461
366 463
366 466
366 483
367 383
367 407
367 410
367 423
367 441
367 442
367 458
367 462
367 463
367 465
367 472
367 475
367 480
367 484
367 486
367 488
367 499
368 369
368 373
368 380
368 391
368 395
368 403
368 407
368 408
368 410
368 414
368 430
368 432
368 440
368 468
368 477
368 487
368 494
368 496
369 370
369 371
369 413
369 431
369 446
369 447
369 470
369 479
369 483
370 378
370 382
370 395
370 399
370 404
370 412
370 423
370 427
370 430
370 435
370 437
370 457
370 458
370 473
370 477
370 488
370 494
371 384
371 391
371 404
371 410
371 416
371 422
371 444
371 448
371 450
371 460
371 463
371 489
371 492
371 495
372 375
372 384
372 395
372 411
372 419
372 420
372 421
372 425
372 429
372 443
372 444
372 450
372 453
372 471
372 472
372 485
372 488
372 494
373 376
373 380
373 381
373 395
373 396
373 407
373 414
373 418
373 426
373 428
373 431
373 442
373 444
373 452
373 466
373 471
373 496
374 378
374 381
374 384
374 392
374 393
374 396
374 402
374 407
374 412
374 416
374 417
374 420
374 427
374 450
374 459
374 467
374 475
374 477
374 479
374 482
374 488
375 379
375 411
375 421
375 442
375 451
375 473
375 498
376 377
376 381
376 383
376 386
376 391
376 413
376 414
376 415
376 417
376 426
376 431
376 448
376 451
376 455
376 463
376 467
376 470
376 471
376 473
376 474
376 475
376 480
376 482
376 486
376 494
376 495
376 496
377 382
377 389
377 411
377 413
377 419
377 421
377 428
377 440
377 442
377 443
377 447
377 456
377 483
377 489
377 494
378 382
378 391
378 398
378 406
378 418
378 420
378 431
378 434
378 436
378 441
378 445
378 447
378 456
378 464
378 473
378 485
379 386
379 411
379 416
379 421
379 422
379 429
379 431
379 439
379 450
379 451
379 477
379 479
379 489
379 490
379 498
380 390
380 397
380 409
380 434
380 435
380 443
380 445
380 446
380 455
380 461
380 465
380 472
380 479
380 485
381 387
381 394
381 409
381 410
381 413
381 428
381 443
381 445
381 471
381 477
381 481
382 402
382 407
382 412
382 415
382 447
382 473
382 475
382 483
382 486
382 488
382 495
383 386
383 387
383 397
383 398
383 401
383 405
383 408
383 422
383 424
383 425
383 428
383 431
383 432
383 457
383 458
383 459
383 461
383 470
383 477
383 481
383 490
383 492
384 388
384 417
384 427
384 435
384 447
384 450
384 458
384 463
384 464
384 480
384 487
384 497
385 388
385 394
385 402
385 421
385 423
385 426
385 449
385 453
385 459
385 463
385 464
385 475
385 478
385 484
385 487
386 387
386 389
386 394
386 401
386 402
386 407
386 414
386 434
386 435
386 439
386 440
386 442
386 462
386 469
386 474
386 491
386 493
386 496
387 391
387 406
387 407
387 411
387 420
387 423
387 426
387 431
387 435
387 456
387 478
387 483
387 492
388 390
388 399
388 408
388 411
388 414
388 416
388 434
388 436
388 438
388 441
388 450
388 459
388 462
388 467
388 468
388 472
388 473
388 480
389 391
389 394
389 396
389 410
389 433
389 442
389 446
389 459
389 464
389 468
389 469
389 473
389 481
389 485
389 487
389 489
389 492
389 496
389 497
389 499
390 396
390 413
390 421
390 431
390 433
390 436
390 442
390 445
390 454
390 459
390 466
390 474
390 476
390 493
390 495
391 397
391 409
391 413
391 416
391 424
391 426
391 435
391 437
391 441
391 442
391 447
391 457
391 459
391 463
391 468
391 469
391 488
392 424
392 426
392 428
392 441
392 444
392 447
392 463
392 488
392 495
392 496
393 404
393 406
393 407
393 411
393 419
393 428
393 430
393 431
393 436
393 437
393 438
393 445
393 448
393 455
394 404
394 409
394 411
394 426
394 443
394 451
394 458
394 462
394 472
394 476
394 494
395 405
395 406
395 410
395 411
395 441
395 452
395 456
395 465
395 484
396 416
396 419
396 420
396 425
396 427
396 428
396 430
396 434
396 443
396 447
396 452
396 462
396 466
396 473
396 483
396 484
396 490
396 491
397 401
397 411
397 413
397 416
397 419
397 421
397 426
397 439
397 440
397 446
397 448
397 456
397 460
397 483
397 492
398 409
398 452
398 465
398 477
398 480
398 481
398 482
398 484
398 496
398 497
399 400
399 421
399 432
399 444
399 457
399 483
399 484
399 488
399 492
399 498
399 499
400 403
400 404
400 409
400 426
400 443
400 446
400 447
400 462
400 484
400 487
400 490
400 491
400 497
401 403
401 413
401 420
401 423
401 427
401 429
401 430
401 442
401 463
401 474
401 489
401 490
402 406
402 414
402 420
402 426
402 435
402 438
402 439
402 444
402 447
402 450
402 456
402 474
402 487
403 411
403 415
403 425
403 441
403 454
403 459
403 472
403 477
403 488
403 497
403 499
404 421
404 428
404 432
404 440
404 448
404 450
404 467
404 485
404 492
404 493
404 494
405 412
405 416
405 421
405 429
405 437
405 446
405 468
405 472
405 475
405 478
405 483
405 493
405 496
406 408
406 410
406 414
406 422
406 424
406 430
406 434
406 443
406 450
406 465
406 474
406 487
406 492
406 495
406 496
406 498
407 408
407 419
407 426
407 453
407 456
407 474
407 475
407 480
407 487
407 497
407 498
408 416
408 421
408 422
408 430
408 436
408 441
408 448
408 452
408 468
408 491
408 493
409 412
409 426
409 436
409 439
409 443
409 444
409 476
410 421
410 423
410 428
410 434
410 443
410 444
410 452
410 465
410 472
410 483
410 485
410 490
411 416
411 421
411 449
411 452
411 458
411 462
411 478
411 481
411 485
411 498
412 420
412 421
412 434
412 440
412 447
412 452
412 467
412 480
412 495
412 499
413 423
413 428
413 433
413 444
413 453
413 462
413 463
413 465
413 467
413 468
413 477
413 480
413 481
413 484
413 486
413 493
414 415
414 421
414 422
414 423
414 430
414 442
414 446
414 461
414 464
414 465
414 477
414 479
414 480
414 490
414 491
414 492
414 497
415 416
415 432
415 441
415 481
415 485
415 498
416 422
416 433
416 445
416 448
416 449
416 454
416 456
416 461
416 463
416 469
416 475
416 484
416 498
417 429
417 449
417 473
417 491
418 420
418 426
418 430
418 433
418 434
418 455
418 470
418 471
418 475
418 483
418 494
418 498
419 424
419 427
419 432
419 445
419 463
419 478
419 479
419 491
420 426
420 430
420 466
420 481
420 485
421 426
421 427
421 429
421 449
421 456
421 459
421 478
421 484
422 430
422 433
422 436
422 437
422 442
422 450
422 458
422 482
422 483
422 486
422 488
422 490
422 493
423 425
423 444
423 455
423 458
423 459
423 461
423 472
423 476
423 483
423 498
424 428
424 429
424 433
424 445
424 448
424 449
424 450
424 461
424 463
424 490
425 426
425 430
425 445
425 451
425 456
425 467
425 470
425 479
425 484
425 486
425 496
425 499
426 440
426 455
426 459
426 464
426 466
426 470
426 474
426 476
426 480
426 489
426 498
427 433
427 434
427 456
427 460
427 465
427 475
427 484
427 487
427 492
427 499
428 434
428 435
428 440
428 459
428 461
428 471
428 475
428 477
428 480
428 482
428 487
428 497
429 437
429 441
429 442
429 450
429 451
429 454
429 456
429 462
429 463
429 487
429 488
429 492
429 493
429 496
429 498
430 431
430 433
430 438
430 439
430 449
430 451
430 453
430 482
430 484
430 497
431 432
431 447
431 456
431 469
431 474
431 484
431 485
432 436
432 444
432 451
432 459
432 464
432 481
432 482
432 494
432 496
432 497
433 436
433 441
433 447
433 455
433 469
433 479
433 485
433 491
433 492
434 437
434 441
434 455
434 482
434 487
435 438
435 450
435 483
435 493
435 494
435 499
436 437
436 455
436 458
436 480
436 481
436 498
437 446
437 454
437 461
437 479
437 486
437 487
438 439
438 441
438 442
438 447
438 459
438 461
438 464
438 469
438 474
438 479
438 484
438 486
438 491
438 496
439 449
439 460
439 463
439 470
439 472
439 476
439 479
439 496
440 445
440 453
440 469
440 470
440 474
440 479
440 489
440 492
440 496
441 466
441 467
441 469
441 476
441 481
441 490
441 495
442 456
442 462
442 475
442 478
442 479
442 482
442 483
442 490
442 497
443 445
443 456
443 463
443 465
443 466
443 467
443 468
443 477
443 480
443 482
443 492
443 494
443 496
444 449
444 458
444 484
444 489
445 459
445 462
445 464
445 472
445 495
446 449
446 453
446 454
446 455
446 482
446 494
447 451
447 454
447 455
447 476
447 482
447 483
448 449
448 455
448 458
448 468
448 479
448 486
448 499
449 462
449 465
449 471
449 480
449 482
449 489
450 471
450 472
450 483
450 495
451 456
451 464
451 468
451 470
451 471
451 478
451 482
451 483
451 486
451 490
452 457
452 458
452 463
452 464
452 465
452 466
452 470
452 471
452 474
452 476
452 489
452 493
452 499
453 455
453 474
453 480
453 482
454 458
454 459
454 463
454 472
454 475
454 476
454 478
455 464
455 467
455 475
455 483
455 484
455 487
455 490
455 491
455 499
456 468
456 472
456 480
456 484
456 487
456 492
456 494
457 459
457 466
457 470
457 480
457 482
457 488
457 489
457 492
458 476
458 486
459 460
459 483
459 495
460 462
460 492
460 495
461 465
461 471
461 472
462 468
462 471
462 476
462 479
462 485
462 489
463 468
463 477
463 478
463 483
463 486
464 468
464 469
464 474
464 481
464 483
464 490
464 491
465 466
465 483
465 485
465 491
465 493
465 494
466 472
466 485
466 496
466 498
467 474
467 476
467 479
467 483
467 484
468 470
468 472
468 474
468 476
468 485
468 493
469 473
470 475
470 479
470 487
471 490
471 498
472 475
472 479
472 491
472 494
472 495
473 475
473 489
473 490
474 475
474 477
474 478
474 480
474 486
474 490
475 478
475 497
476 482
476 486
477 480
477 484
477 486
477 498
478 482
479 489
479 492
481 488
481 490
482 486
482 488
482 490
482 491
483 485
483 486
483 496
483 497
484 485
484 486
485 490
485 498
486 489
487 495
488 494
488 496
489 492
489 493
489 494
489 496
490 494
490 498
491 495
