case,budget,variant,repeat,kind,iteration,left,right,backend,order,parents,time_ns,prediction_ns
large_arrays,6,after,0,native,0,5,5,1,0,1,5221965,2437134
large_arrays,6,after,0,native,1,5,5,1,0,1,5134171,2434629
large_arrays,6,after,0,native,2,5,5,1,0,1,4883164,2434899
large_arrays,6,after,0,native,3,5,5,1,0,1,5396691,2433506
large_arrays,6,after,0,native,4,5,5,1,0,1,4973996,2437213
large_arrays,6,after,0,native,5,5,5,1,0,1,5092485,2448662
large_arrays,6,after,0,native,6,5,5,1,0,1,6522452,2436681
large_arrays,6,after,0,native,7,5,5,1,0,1,6014113,2434787
large_arrays,6,after,0,native,8,5,5,1,0,1,5371208,2435178
large_arrays,6,after,0,native,9,5,5,1,0,1,5735400,2433936
large_arrays,6,after,0,native,10,5,5,1,0,1,5191249,2434226
large_arrays,6,after,0,native,11,5,5,1,0,1,6624932,2433876
large_arrays,6,after,0,native,12,5,5,1,0,1,6708239,2434577
large_arrays,6,after,0,native,13,5,5,1,0,1,6563133,2435188
large_arrays,6,after,0,native,14,5,5,1,0,1,5489265,2434066
large_arrays,6,after,0,native,15,5,5,1,0,1,6654215,2439645
large_arrays,6,after,0,native,16,5,5,1,0,1,5467006,2433675
large_arrays,6,after,0,native,17,5,5,1,0,1,5030958,2436180
large_arrays,6,after,0,native,18,5,5,1,0,1,5508479,2435078
large_arrays,6,after,0,native,19,5,5,1,0,1,6772654,2436600
large_arrays,6,after,0,native,20,5,5,1,0,1,6771109,2435078
large_arrays,6,after,0,native,21,5,5,1,0,1,5101842,2435618
large_arrays,6,after,0,native,22,5,5,1,0,1,6858615,2432784
large_arrays,6,after,0,native,23,5,5,1,0,1,4993962,2436921
large_arrays,6,after,0,native,24,5,5,1,0,1,5457690,2433315
large_arrays,6,after,0,fixed_winner,0,5,3,1,0,1,5489156,0
large_arrays,6,after,0,fixed_winner,1,5,3,1,0,1,5100298,0
large_arrays,6,after,0,fixed_winner,2,5,3,1,0,1,6033248,0
large_arrays,6,after,0,fixed_winner,3,5,3,1,0,1,5076016,0
large_arrays,6,after,0,fixed_winner,4,5,3,1,0,1,5375957,0
large_arrays,6,after,0,fixed_winner,5,5,3,1,0,1,5218919,0
large_arrays,6,after,0,fixed_winner,6,5,3,1,0,1,5417989,0
large_arrays,6,after,0,fixed_winner,7,5,3,1,0,1,6696208,0
large_arrays,6,after,0,fixed_winner,8,5,3,1,0,1,5332660,0
large_arrays,6,after,0,fixed_winner,9,5,3,1,0,1,6685929,0
large_arrays,6,after,0,fixed_winner,10,5,3,1,0,1,5430391,0
large_arrays,6,after,0,fixed_winner,11,5,3,1,0,1,8742132,0
large_arrays,6,after,0,fixed_winner,12,5,3,1,0,1,6858641,0
large_arrays,6,after,0,fixed_winner,13,5,3,1,0,1,9290744,0
large_arrays,6,after,0,fixed_winner,14,5,3,1,0,1,6935722,0
large_arrays,6,after,0,fixed_winner,15,5,3,1,0,1,9754870,0
large_arrays,6,after,0,fixed_winner,16,5,3,1,0,1,8970425,0
large_arrays,6,after,0,fixed_winner,17,5,3,1,0,1,8371958,0
large_arrays,6,after,0,fixed_winner,18,5,3,1,0,1,9081247,0
large_arrays,6,after,0,fixed_winner,19,5,3,1,0,1,7499720,0
large_arrays,6,after,0,fixed_winner,20,5,3,1,0,1,7413015,0
large_arrays,6,after,0,fixed_winner,21,5,3,1,0,1,5541077,0
large_arrays,6,after,0,fixed_winner,22,5,3,1,0,1,6722544,0
large_arrays,6,after,0,fixed_winner,23,5,3,1,0,1,5301525,0
large_arrays,6,after,0,fixed_winner,24,5,3,1,0,1,6511672,0
large_arrays,6,before,0,native,0,2,1,1,1,2,7041438,5588907
large_arrays,6,before,0,native,1,2,1,1,1,2,6190433,5588847
large_arrays,6,before,0,native,2,2,1,1,1,2,8493885,5588857
large_arrays,6,before,0,native,3,2,1,1,1,2,6014590,5587725
large_arrays,6,before,0,native,4,2,1,1,1,2,8747576,5590590
large_arrays,6,before,0,native,5,2,1,1,1,2,5749988,5646530
large_arrays,6,before,0,native,6,2,1,1,1,2,5802499,5587325
large_arrays,6,before,0,native,7,2,1,1,1,2,6001730,5586464
large_arrays,6,before,0,native,8,2,1,1,1,2,5970657,5587826
large_arrays,6,before,0,native,9,2,1,1,1,2,5721947,5586684
large_arrays,6,before,0,native,10,2,1,1,1,2,5847013,5587045
large_arrays,6,before,0,native,11,2,1,1,1,2,5824603,5585893
large_arrays,6,before,0,native,12,2,1,1,1,2,6187600,5589459
large_arrays,6,before,0,native,13,2,1,1,1,2,5613084,5586775
large_arrays,6,before,0,native,14,2,1,1,1,2,5895964,5587346
large_arrays,6,before,0,native,15,2,1,1,1,2,5829026,5585512
large_arrays,6,before,0,native,16,2,1,1,1,2,6120191,5586664
large_arrays,6,before,0,native,17,2,1,1,1,2,5865280,5587536
large_arrays,6,before,0,native,18,2,1,1,1,2,6021076,5586845
large_arrays,6,before,0,native,19,2,1,1,1,2,5749035,5586775
large_arrays,6,before,0,native,20,2,1,1,1,2,5838434,5587315
large_arrays,6,before,0,native,21,2,1,1,1,2,5909057,5586414
large_arrays,6,before,0,native,22,2,1,1,1,2,6071646,5586874
large_arrays,6,before,0,native,23,2,1,1,1,2,5822675,5586664
large_arrays,6,before,0,native,24,2,1,1,1,2,5796268,5584790
large_arrays,6,before,0,fixed_winner,0,5,3,1,0,1,6645539,0
large_arrays,6,before,0,fixed_winner,1,5,3,1,0,1,5047977,0
large_arrays,6,before,0,fixed_winner,2,5,3,1,0,1,6310156,0
large_arrays,6,before,0,fixed_winner,3,5,3,1,0,1,5468800,0
large_arrays,6,before,0,fixed_winner,4,5,3,1,0,1,7526133,0
large_arrays,6,before,0,fixed_winner,5,5,3,1,0,1,7041859,0
large_arrays,6,before,0,fixed_winner,6,5,3,1,0,1,5233214,0
large_arrays,6,before,0,fixed_winner,7,5,3,1,0,1,5322130,0
large_arrays,6,before,0,fixed_winner,8,5,3,1,0,1,6367417,0
large_arrays,6,before,0,fixed_winner,9,5,3,1,0,1,6576166,0
large_arrays,6,before,0,fixed_winner,10,5,3,1,0,1,5008075,0
large_arrays,6,before,0,fixed_winner,11,5,3,1,0,1,5284025,0
large_arrays,6,before,0,fixed_winner,12,5,3,1,0,1,8795170,0
large_arrays,6,before,0,fixed_winner,13,5,3,1,0,1,5201924,0
large_arrays,6,before,0,fixed_winner,14,5,3,1,0,1,5493503,0
large_arrays,6,before,0,fixed_winner,15,5,3,1,0,1,5120806,0
large_arrays,6,before,0,fixed_winner,16,5,3,1,0,1,5392143,0
large_arrays,6,before,0,fixed_winner,17,5,3,1,0,1,6521611,0
large_arrays,6,before,0,fixed_winner,18,5,3,1,0,1,6600719,0
large_arrays,6,before,0,fixed_winner,19,5,3,1,0,1,5350840,0
large_arrays,6,before,0,fixed_winner,20,5,3,1,0,1,5182286,0
large_arrays,6,before,0,fixed_winner,21,5,3,1,0,1,5111689,0
large_arrays,6,before,0,fixed_winner,22,5,3,1,0,1,5153769,0
large_arrays,6,before,0,fixed_winner,23,5,3,1,0,1,5363769,0
large_arrays,6,before,0,fixed_winner,24,5,3,1,0,1,4947921,0
large_arrays,6,before,1,native,0,2,1,1,1,2,5856635,5435264
large_arrays,6,before,1,native,1,2,1,1,1,2,5801467,5436607
large_arrays,6,before,1,native,2,2,1,1,1,2,5722428,5434723
large_arrays,6,before,1,native,3,2,1,1,1,2,5688217,5434563
large_arrays,6,before,1,native,4,2,1,1,1,2,5632230,5434934
large_arrays,6,before,1,native,5,2,1,1,1,2,7009431,5457413
large_arrays,6,before,1,native,6,2,1,1,1,2,5677539,5435714
large_arrays,6,before,1,native,7,2,1,1,1,2,5814781,5433962
large_arrays,6,before,1,native,8,2,1,1,1,2,5755897,5435023
large_arrays,6,before,1,native,9,2,1,1,1,2,5863527,5433250
large_arrays,6,before,1,native,10,2,1,1,1,2,8913886,5435614
large_arrays,6,before,1,native,11,2,1,1,1,2,5634382,5437247
large_arrays,6,before,1,native,12,2,1,1,1,2,5847430,5434292
large_arrays,6,before,1,native,13,2,1,1,1,2,5733958,5435614
large_arrays,6,before,1,native,14,2,1,1,1,2,6190742,5436355
large_arrays,6,before,1,native,15,2,1,1,1,2,5754137,5439762
large_arrays,6,before,1,native,16,2,1,1,1,2,8924975,5435264
large_arrays,6,before,1,native,17,2,1,1,1,2,6490955,5436927
large_arrays,6,before,1,native,18,2,1,1,1,2,5684702,5436986
large_arrays,6,before,1,native,19,2,1,1,1,2,5979662,5437728
large_arrays,6,before,1,native,20,2,1,1,1,2,5789337,5435864
large_arrays,6,before,1,native,21,2,1,1,1,2,6033493,5448076
large_arrays,6,before,1,native,22,2,1,1,1,2,5645666,5436726
large_arrays,6,before,1,native,23,2,1,1,1,2,5845676,5435214
large_arrays,6,before,1,native,24,2,1,1,1,2,5906884,5437046
large_arrays,6,before,1,fixed_winner,0,5,3,1,0,1,5104265,0
large_arrays,6,before,1,fixed_winner,1,5,3,1,0,1,5426365,0
large_arrays,6,before,1,fixed_winner,2,5,3,1,0,1,5262686,0
large_arrays,6,before,1,fixed_winner,3,5,3,1,0,1,6024863,0
large_arrays,6,before,1,fixed_winner,4,5,3,1,0,1,5668463,0
large_arrays,6,before,1,fixed_winner,5,5,3,1,0,1,5205656,0
large_arrays,6,before,1,fixed_winner,6,5,3,1,0,1,5131604,0
large_arrays,6,before,1,fixed_winner,7,5,3,1,0,1,5476130,0
large_arrays,6,before,1,fixed_winner,8,5,3,1,0,1,5479112,0
large_arrays,6,before,1,fixed_winner,9,5,3,1,0,1,7473661,0
large_arrays,6,before,1,fixed_winner,10,5,3,1,0,1,6668138,0
large_arrays,6,before,1,fixed_winner,11,5,3,1,0,1,5331124,0
large_arrays,6,before,1,fixed_winner,12,5,3,1,0,1,5418193,0
large_arrays,6,before,1,fixed_winner,13,5,3,1,0,1,7209304,0
large_arrays,6,before,1,fixed_winner,14,5,3,1,0,1,5117080,0
large_arrays,6,before,1,fixed_winner,15,5,3,1,0,1,5247238,0
large_arrays,6,before,1,fixed_winner,16,5,3,1,0,1,6208416,0
large_arrays,6,before,1,fixed_winner,17,5,3,1,0,1,5018224,0
large_arrays,6,before,1,fixed_winner,18,5,3,1,0,1,5009749,0
large_arrays,6,before,1,fixed_winner,19,5,3,1,0,1,6085639,0
large_arrays,6,before,1,fixed_winner,20,5,3,1,0,1,7118073,0
large_arrays,6,before,1,fixed_winner,21,5,3,1,0,1,6260067,0
large_arrays,6,before,1,fixed_winner,22,5,3,1,0,1,5472206,0
large_arrays,6,before,1,fixed_winner,23,5,3,1,0,1,6993905,0
large_arrays,6,before,1,fixed_winner,24,5,3,1,0,1,7520374,0
large_arrays,6,after,1,native,0,5,5,1,0,1,7031105,2485412
large_arrays,6,after,1,native,1,5,5,1,0,1,5306749,2483940
large_arrays,6,after,1,native,2,5,5,1,0,1,5722352,2484441
large_arrays,6,after,1,native,3,5,5,1,0,1,5409796,2483940
large_arrays,6,after,1,native,4,5,5,1,0,1,5151044,2484361
large_arrays,6,after,1,native,5,5,5,1,0,1,5442148,2484872
large_arrays,6,after,1,native,6,5,5,1,0,1,5487228,2481796
large_arrays,6,after,1,native,7,5,5,1,0,1,6779810,2485172
large_arrays,6,after,1,native,8,5,5,1,0,1,5363300,2482497
large_arrays,6,after,1,native,9,5,5,1,0,1,6962068,2486755
large_arrays,6,after,1,native,10,5,5,1,0,1,8528034,2484471
large_arrays,6,after,1,native,11,5,5,1,0,1,7080857,2486434
large_arrays,6,after,1,native,12,5,5,1,0,1,6529619,2486414
large_arrays,6,after,1,native,13,5,5,1,0,1,5482023,2483288
large_arrays,6,after,1,native,14,5,5,1,0,1,5566674,2484190
large_arrays,6,after,1,native,15,5,5,1,0,1,5426024,2483038
large_arrays,6,after,1,native,16,5,5,1,0,1,6787655,2482317
large_arrays,6,after,1,native,17,5,5,1,0,1,6838063,2484581
large_arrays,6,after,1,native,18,5,5,1,0,1,5474480,2487476
large_arrays,6,after,1,native,19,5,5,1,0,1,5598469,2482667
large_arrays,6,after,1,native,20,5,5,1,0,1,6718553,2484171
large_arrays,6,after,1,native,21,5,5,1,0,1,5896640,2513636
large_arrays,6,after,1,native,22,5,5,1,0,1,6632760,2486939
large_arrays,6,after,1,native,23,5,5,1,0,1,5662788,2484314
large_arrays,6,after,1,native,24,5,5,1,0,1,5584694,2486628
large_arrays,6,after,1,fixed_winner,0,5,3,1,0,1,5333009,0
large_arrays,6,after,1,fixed_winner,1,5,3,1,0,1,5273861,0
large_arrays,6,after,1,fixed_winner,2,5,3,1,0,1,5779499,0
large_arrays,6,after,1,fixed_winner,3,5,3,1,0,1,5145194,0
large_arrays,6,after,1,fixed_winner,4,5,3,1,0,1,6689386,0
large_arrays,6,after,1,fixed_winner,5,5,3,1,0,1,5548290,0
large_arrays,6,after,1,fixed_winner,6,5,3,1,0,1,5322536,0
large_arrays,6,after,1,fixed_winner,7,5,3,1,0,1,5200531,0
large_arrays,6,after,1,fixed_winner,8,5,3,1,0,1,6863072,0
large_arrays,6,after,1,fixed_winner,9,5,3,1,0,1,6736885,0
large_arrays,6,after,1,fixed_winner,10,5,3,1,0,1,8661689,0
large_arrays,6,after,1,fixed_winner,11,5,3,1,0,1,8918668,0
large_arrays,6,after,1,fixed_winner,12,5,3,1,0,1,9100049,0
large_arrays,6,after,1,fixed_winner,13,5,3,1,0,1,9415867,0
large_arrays,6,after,1,fixed_winner,14,5,3,1,0,1,7989952,0
large_arrays,6,after,1,fixed_winner,15,5,3,1,0,1,9371762,0
large_arrays,6,after,1,fixed_winner,16,5,3,1,0,1,8307656,0
large_arrays,6,after,1,fixed_winner,17,5,3,1,0,1,8680643,0
large_arrays,6,after,1,fixed_winner,18,5,3,1,0,1,9499870,0
large_arrays,6,after,1,fixed_winner,19,5,3,1,0,1,8420765,0
large_arrays,6,after,1,fixed_winner,20,5,3,1,0,1,8439347,0
large_arrays,6,after,1,fixed_winner,21,5,3,1,0,1,6862241,0
large_arrays,6,after,1,fixed_winner,22,5,3,1,0,1,6761339,0
large_arrays,6,after,1,fixed_winner,23,5,3,1,0,1,7017230,0
large_arrays,6,after,1,fixed_winner,24,5,3,1,0,1,8344049,0
large_arrays,6,after,2,native,0,5,5,1,0,1,7067334,2668413
large_arrays,6,after,2,native,1,5,5,1,0,1,5037017,2668473
large_arrays,6,after,2,native,2,5,5,1,0,1,5398937,2665648
large_arrays,6,after,2,native,3,5,5,1,0,1,5180010,2665607
large_arrays,6,after,2,native,4,5,5,1,0,1,5091243,2665177
large_arrays,6,after,2,native,5,5,5,1,0,1,5191781,2718052
large_arrays,6,after,2,native,6,5,5,1,0,1,6805962,2666691
large_arrays,6,after,2,native,7,5,5,1,0,1,5198061,2665729
large_arrays,6,after,2,native,8,5,5,1,0,1,6931789,2666991
large_arrays,6,after,2,native,9,5,5,1,0,1,5144452,2665429
large_arrays,6,after,2,native,10,5,5,1,0,1,4932021,2664216
large_arrays,6,after,2,native,11,5,5,1,0,1,5109255,2664497
large_arrays,6,after,2,native,12,5,5,1,0,1,5217896,2665138
large_arrays,6,after,2,native,13,5,5,1,0,1,5063815,2663155
large_arrays,6,after,2,native,14,5,5,1,0,1,6571317,2663555
large_arrays,6,after,2,native,15,5,5,1,0,1,6531528,2665869
large_arrays,6,after,2,native,16,5,5,1,0,1,4906877,2668423
large_arrays,6,after,2,native,17,5,5,1,0,1,7066888,2666520
large_arrays,6,after,2,native,18,5,5,1,0,1,6406911,2669816
large_arrays,6,after,2,native,19,5,5,1,0,1,8181682,2668083
large_arrays,6,after,2,native,20,5,5,1,0,1,7718875,2667412
large_arrays,6,after,2,native,21,5,5,1,0,1,8396502,2668824
large_arrays,6,after,2,native,22,5,5,1,0,1,6921306,2666290
large_arrays,6,after,2,native,23,5,5,1,0,1,5157831,2667923
large_arrays,6,after,2,native,24,5,5,1,0,1,6814487,2666410
large_arrays,6,after,2,fixed_winner,0,5,3,1,0,1,6824665,0
large_arrays,6,after,2,fixed_winner,1,5,3,1,0,1,7389270,0
large_arrays,6,after,2,fixed_winner,2,5,3,1,0,1,5171636,0
large_arrays,6,after,2,fixed_winner,3,5,3,1,0,1,6367116,0
large_arrays,6,after,2,fixed_winner,4,5,3,1,0,1,6636823,0
large_arrays,6,after,2,fixed_winner,5,5,3,1,0,1,6494852,0
large_arrays,6,after,2,fixed_winner,6,5,3,1,0,1,5113904,0
large_arrays,6,after,2,fixed_winner,7,5,3,1,0,1,5480359,0
large_arrays,6,after,2,fixed_winner,8,5,3,1,0,1,5427477,0
large_arrays,6,after,2,fixed_winner,9,5,3,1,0,1,7448707,0
large_arrays,6,after,2,fixed_winner,10,5,3,1,0,1,7049802,0
large_arrays,6,after,2,fixed_winner,11,5,3,1,0,1,5515484,0
large_arrays,6,after,2,fixed_winner,12,5,3,1,0,1,6798016,0
large_arrays,6,after,2,fixed_winner,13,5,3,1,0,1,5676017,0
large_arrays,6,after,2,fixed_winner,14,5,3,1,0,1,5720144,0
large_arrays,6,after,2,fixed_winner,15,5,3,1,0,1,5274036,0
large_arrays,6,after,2,fixed_winner,16,5,3,1,0,1,6177391,0
large_arrays,6,after,2,fixed_winner,17,5,3,1,0,1,5647646,0
large_arrays,6,after,2,fixed_winner,18,5,3,1,0,1,5740520,0
large_arrays,6,after,2,fixed_winner,19,5,3,1,0,1,5390682,0
large_arrays,6,after,2,fixed_winner,20,5,3,1,0,1,6061549,0
large_arrays,6,after,2,fixed_winner,21,5,3,1,0,1,5452280,0
large_arrays,6,after,2,fixed_winner,22,5,3,1,0,1,5561834,0
large_arrays,6,after,2,fixed_winner,23,5,3,1,0,1,5339752,0
large_arrays,6,after,2,fixed_winner,24,5,3,1,0,1,5765724,0
large_arrays,6,before,2,native,0,2,1,1,1,2,5759478,5601490
large_arrays,6,before,2,native,1,2,1,1,1,2,6213811,5598765
large_arrays,6,before,2,native,2,2,1,1,1,2,5742168,5600238
large_arrays,6,before,2,native,3,2,1,1,1,2,6033565,5599626
large_arrays,6,before,2,native,4,2,1,1,1,2,5683496,5601439
large_arrays,6,before,2,native,5,2,1,1,1,2,5603382,5623747
large_arrays,6,before,2,native,6,2,1,1,1,2,5652409,5598833
large_arrays,6,before,2,native,7,2,1,1,1,2,5578619,5598091
large_arrays,6,before,2,native,8,2,1,1,1,2,5943589,5601147
large_arrays,6,before,2,native,9,2,1,1,1,2,8664684,5604413
large_arrays,6,before,2,native,10,2,1,1,1,2,8700679,5599804
large_arrays,6,before,2,native,11,2,1,1,1,2,5676106,5602479
large_arrays,6,before,2,native,12,2,1,1,1,2,5609438,5598793
large_arrays,6,before,2,native,13,2,1,1,1,2,5595003,5620926
large_arrays,6,before,2,native,14,2,1,1,1,2,6935421,5599258
large_arrays,6,before,2,native,15,2,1,1,1,2,5888662,5601381
large_arrays,6,before,2,native,16,2,1,1,1,2,5656372,5599588
large_arrays,6,before,2,native,17,2,1,1,1,2,5506136,5598977
large_arrays,6,before,2,native,18,2,1,1,1,2,5831480,5599939
large_arrays,6,before,2,native,19,2,1,1,1,2,5776874,5599228
large_arrays,6,before,2,native,20,2,1,1,1,2,6937905,5601061
large_arrays,6,before,2,native,21,2,1,1,1,2,5749525,5612500
large_arrays,6,before,2,native,22,2,1,1,1,2,5695700,5601080
large_arrays,6,before,2,native,23,2,1,1,1,2,5537345,5599096
large_arrays,6,before,2,native,24,2,1,1,1,2,5590080,5601190
large_arrays,6,before,2,fixed_winner,0,5,3,1,0,1,5101221,0
large_arrays,6,before,2,fixed_winner,1,5,3,1,0,1,5690992,0
large_arrays,6,before,2,fixed_winner,2,5,3,1,0,1,6777531,0
large_arrays,6,before,2,fixed_winner,3,5,3,1,0,1,6457747,0
large_arrays,6,before,2,fixed_winner,4,5,3,1,0,1,5180470,0
large_arrays,6,before,2,fixed_winner,5,5,3,1,0,1,6510570,0
large_arrays,6,before,2,fixed_winner,6,5,3,1,0,1,6891743,0
large_arrays,6,before,2,fixed_winner,7,5,3,1,0,1,6763868,0
large_arrays,6,before,2,fixed_winner,8,5,3,1,0,1,5550302,0
large_arrays,6,before,2,fixed_winner,9,5,3,1,0,1,6726453,0
large_arrays,6,before,2,fixed_winner,10,5,3,1,0,1,5513318,0
large_arrays,6,before,2,fixed_winner,11,5,3,1,0,1,5389831,0
large_arrays,6,before,2,fixed_winner,12,5,3,1,0,1,5924315,0
large_arrays,6,before,2,fixed_winner,13,5,3,1,0,1,5374844,0
large_arrays,6,before,2,fixed_winner,14,5,3,1,0,1,6877107,0
large_arrays,6,before,2,fixed_winner,15,5,3,1,0,1,5249252,0
large_arrays,6,before,2,fixed_winner,16,5,3,1,0,1,5382799,0
large_arrays,6,before,2,fixed_winner,17,5,3,1,0,1,7370388,0
large_arrays,6,before,2,fixed_winner,18,5,3,1,0,1,5661190,0
large_arrays,6,before,2,fixed_winner,19,5,3,1,0,1,5753502,0
large_arrays,6,before,2,fixed_winner,20,5,3,1,0,1,7065270,0
large_arrays,6,before,2,fixed_winner,21,5,3,1,0,1,5296415,0
large_arrays,6,before,2,fixed_winner,22,5,3,1,0,1,5068052,0
large_arrays,6,before,2,fixed_winner,23,5,3,1,0,1,5622562,0
large_arrays,6,before,2,fixed_winner,24,5,3,1,0,1,6453850,0
large_arrays,6,after,3,native,0,5,5,1,0,1,7131366,2515702
large_arrays,6,after,3,native,1,5,5,1,0,1,7208183,2516103
large_arrays,6,after,3,native,2,5,5,1,0,1,4965651,2516092
large_arrays,6,after,3,native,3,5,5,1,0,1,5488806,2513007
large_arrays,6,after,3,native,4,5,5,1,0,1,6801454,2515802
large_arrays,6,after,3,native,5,5,5,1,0,1,5352304,2512185
large_arrays,6,after,3,native,6,5,5,1,0,1,5292548,2513288
large_arrays,6,after,3,native,7,5,5,1,0,1,5367601,2512406
large_arrays,6,after,3,native,8,5,5,1,0,1,7977592,2517385
large_arrays,6,after,3,native,9,5,5,1,0,1,5429300,2513007
large_arrays,6,after,3,native,10,5,5,1,0,1,6605668,2514239
large_arrays,6,after,3,native,11,5,5,1,0,1,6287025,2513688
large_arrays,6,after,3,native,12,5,5,1,0,1,5175752,2514189
large_arrays,6,after,3,native,13,5,5,1,0,1,5690661,2512086
large_arrays,6,after,3,native,14,5,5,1,0,1,6506794,2514119
large_arrays,6,after,3,native,15,5,5,1,0,1,6723957,2515872
large_arrays,6,after,3,native,16,5,5,1,0,1,5448083,2514530
large_arrays,6,after,3,native,17,5,5,1,0,1,6181748,2511775
large_arrays,6,after,3,native,18,5,5,1,0,1,7052297,2514409
large_arrays,6,after,3,native,19,5,5,1,0,1,4805358,2513558
large_arrays,6,after,3,native,20,5,5,1,0,1,5101010,2514320
large_arrays,6,after,3,native,21,5,5,1,0,1,5438586,2511775
large_arrays,6,after,3,native,22,5,5,1,0,1,5311032,2513888
large_arrays,6,after,3,native,23,5,5,1,0,1,5750568,2514209
large_arrays,6,after,3,native,24,5,5,1,0,1,5182163,2514459
large_arrays,6,after,3,fixed_winner,0,5,3,1,0,1,6335741,0
large_arrays,6,after,3,fixed_winner,1,5,3,1,0,1,5597167,0
large_arrays,6,after,3,fixed_winner,2,5,3,1,0,1,5559439,0
large_arrays,6,after,3,fixed_winner,3,5,3,1,0,1,5487785,0
large_arrays,6,after,3,fixed_winner,4,5,3,1,0,1,5975986,0
large_arrays,6,after,3,fixed_winner,5,5,3,1,0,1,5373271,0
large_arrays,6,after,3,fixed_winner,6,5,3,1,0,1,6201183,0
large_arrays,6,after,3,fixed_winner,7,5,3,1,0,1,6967548,0
large_arrays,6,after,3,fixed_winner,8,5,3,1,0,1,6465289,0
large_arrays,6,after,3,fixed_winner,9,5,3,1,0,1,5323814,0
large_arrays,6,after,3,fixed_winner,10,5,3,1,0,1,5682427,0
large_arrays,6,after,3,fixed_winner,11,5,3,1,0,1,5343939,0
large_arrays,6,after,3,fixed_winner,12,5,3,1,0,1,5575389,0
large_arrays,6,after,3,fixed_winner,13,5,3,1,0,1,5592638,0
large_arrays,6,after,3,fixed_winner,14,5,3,1,0,1,6200111,0
large_arrays,6,after,3,fixed_winner,15,5,3,1,0,1,5719072,0
large_arrays,6,after,3,fixed_winner,16,5,3,1,0,1,6414821,0
large_arrays,6,after,3,fixed_winner,17,5,3,1,0,1,5302817,0
large_arrays,6,after,3,fixed_winner,18,5,3,1,0,1,5417329,0
large_arrays,6,after,3,fixed_winner,19,5,3,1,0,1,5915629,0
large_arrays,6,after,3,fixed_winner,20,5,3,1,0,1,5843402,0
large_arrays,6,after,3,fixed_winner,21,5,3,1,0,1,5316491,0
large_arrays,6,after,3,fixed_winner,22,5,3,1,0,1,5997654,0
large_arrays,6,after,3,fixed_winner,23,5,3,1,0,1,7519152,0
large_arrays,6,after,3,fixed_winner,24,5,3,1,0,1,5479599,0
large_arrays,6,before,3,native,0,2,1,1,1,2,6893196,5647005
large_arrays,6,before,3,native,1,2,1,1,1,2,5671588,5645452
large_arrays,6,before,3,native,2,2,1,1,1,2,5815742,5645612
large_arrays,6,before,3,native,3,2,1,1,1,2,5529338,5644601
large_arrays,6,before,3,native,4,2,1,1,1,2,5728218,5644801
large_arrays,6,before,3,native,5,2,1,1,1,2,5638929,5688792
large_arrays,6,before,3,native,6,2,1,1,1,2,5870579,5647269
large_arrays,6,before,3,native,7,2,1,1,1,2,5649609,5647280
large_arrays,6,before,3,native,8,2,1,1,1,2,5722297,5645086
large_arrays,6,before,3,native,9,2,1,1,1,2,5726596,5646498
large_arrays,6,before,3,native,10,2,1,1,1,2,5691339,5643873
large_arrays,6,before,3,native,11,2,1,1,1,2,5700483,5645817
large_arrays,6,before,3,native,12,2,1,1,1,2,6083026,5644504
large_arrays,6,before,3,native,13,2,1,1,1,2,5700337,5646738
large_arrays,6,before,3,native,14,2,1,1,1,2,5940604,5643502
large_arrays,6,before,3,native,15,2,1,1,1,2,5446600,5645747
large_arrays,6,before,3,native,16,2,1,1,1,2,5927983,5643683
large_arrays,6,before,3,native,17,2,1,1,1,2,5932477,5647810
large_arrays,6,before,3,native,18,2,1,1,1,2,5867104,5645806
large_arrays,6,before,3,native,19,2,1,1,1,2,5743275,5647019
large_arrays,6,before,3,native,20,2,1,1,1,2,5858574,5644665
large_arrays,6,before,3,native,21,2,1,1,1,2,5715248,5663373
large_arrays,6,before,3,native,22,2,1,1,1,2,5751309,5644029
large_arrays,6,before,3,native,23,2,1,1,1,2,5532272,5646072
large_arrays,6,before,3,native,24,2,1,1,1,2,5889324,5645691
large_arrays,6,before,3,fixed_winner,0,5,3,1,0,1,6607452,0
large_arrays,6,before,3,fixed_winner,1,5,3,1,0,1,4995273,0
large_arrays,6,before,3,fixed_winner,2,5,3,1,0,1,6540244,0
large_arrays,6,before,3,fixed_winner,3,5,3,1,0,1,7149006,0
large_arrays,6,before,3,fixed_winner,4,5,3,1,0,1,5570231,0
large_arrays,6,before,3,fixed_winner,5,5,3,1,0,1,5941624,0
large_arrays,6,before,3,fixed_winner,6,5,3,1,0,1,7525994,0
large_arrays,6,before,3,fixed_winner,7,5,3,1,0,1,4900185,0
large_arrays,6,before,3,fixed_winner,8,5,3,1,0,1,5193083,0
large_arrays,6,before,3,fixed_winner,9,5,3,1,0,1,5314848,0
large_arrays,6,before,3,fixed_winner,10,5,3,1,0,1,5192722,0
large_arrays,6,before,3,fixed_winner,11,5,3,1,0,1,5756919,0
large_arrays,6,before,3,fixed_winner,12,5,3,1,0,1,5352380,0
large_arrays,6,before,3,fixed_winner,13,5,3,1,0,1,6294875,0
large_arrays,6,before,3,fixed_winner,14,5,3,1,0,1,5344909,0
large_arrays,6,before,3,fixed_winner,15,5,3,1,0,1,7655351,0
large_arrays,6,before,3,fixed_winner,16,5,3,1,0,1,4978003,0
large_arrays,6,before,3,fixed_winner,17,5,3,1,0,1,6908239,0
large_arrays,6,before,3,fixed_winner,18,5,3,1,0,1,7304057,0
large_arrays,6,before,3,fixed_winner,19,5,3,1,0,1,6745734,0
large_arrays,6,before,3,fixed_winner,20,5,3,1,0,1,7158696,0
large_arrays,6,before,3,fixed_winner,21,5,3,1,0,1,5286167,0
large_arrays,6,before,3,fixed_winner,22,5,3,1,0,1,7508733,0
large_arrays,6,before,3,fixed_winner,23,5,3,1,0,1,7154249,0
large_arrays,6,before,3,fixed_winner,24,5,3,1,0,1,6752145,0
large_arrays,6,after,4,native,0,5,5,1,0,1,6532900,2819121
large_arrays,6,after,4,native,1,5,5,1,0,1,6562652,2817889
large_arrays,6,after,4,native,2,5,5,1,0,1,6743382,2818750
large_arrays,6,after,4,native,3,5,5,1,0,1,6544259,2818581
large_arrays,6,after,4,native,4,5,5,1,0,1,6811351,2818400
large_arrays,6,after,4,native,5,5,5,1,0,1,5473828,2818349
large_arrays,6,after,4,native,6,5,5,1,0,1,5742553,2818411
large_arrays,6,after,4,native,7,5,5,1,0,1,5309299,2817940
large_arrays,6,after,4,native,8,5,5,1,0,1,7902409,2818240
large_arrays,6,after,4,native,9,5,5,1,0,1,7875400,2818701
large_arrays,6,after,4,native,10,5,5,1,0,1,6438524,2819192
large_arrays,6,after,4,native,11,5,5,1,0,1,7597268,2817379
large_arrays,6,after,4,native,12,5,5,1,0,1,5270261,2818771
large_arrays,6,after,4,native,13,5,5,1,0,1,5271590,2846490
large_arrays,6,after,4,native,14,5,5,1,0,1,5157281,2818610
large_arrays,6,after,4,native,15,5,5,1,0,1,5216524,2815845
large_arrays,6,after,4,native,16,5,5,1,0,1,6614223,2821255
large_arrays,6,after,4,native,17,5,5,1,0,1,5219049,2816807
large_arrays,6,after,4,native,18,5,5,1,0,1,5237501,2819552
large_arrays,6,after,4,native,19,5,5,1,0,1,5504875,2816887
large_arrays,6,after,4,native,20,5,5,1,0,1,6412337,2817548
large_arrays,6,after,4,native,21,5,5,1,0,1,5322422,2816916
large_arrays,6,after,4,native,22,5,5,1,0,1,7818741,2818209
large_arrays,6,after,4,native,23,5,5,1,0,1,5363014,2817578
large_arrays,6,after,4,native,24,5,5,1,0,1,6794131,2817618
large_arrays,6,after,4,fixed_winner,0,5,3,1,0,1,6415611,0
large_arrays,6,after,4,fixed_winner,1,5,3,1,0,1,5505336,0
large_arrays,6,after,4,fixed_winner,2,5,3,1,0,1,5433121,0
large_arrays,6,after,4,fixed_winner,3,5,3,1,0,1,5181893,0
large_arrays,6,after,4,fixed_winner,4,5,3,1,0,1,5552633,0
large_arrays,6,after,4,fixed_winner,5,5,3,1,0,1,5571637,0
large_arrays,6,after,4,fixed_winner,6,5,3,1,0,1,5309148,0
large_arrays,6,after,4,fixed_winner,7,5,3,1,0,1,5341195,0
large_arrays,6,after,4,fixed_winner,8,5,3,1,0,1,5404832,0
large_arrays,6,after,4,fixed_winner,9,5,3,1,0,1,5315701,0
large_arrays,6,after,4,fixed_winner,10,5,3,1,0,1,6867691,0
large_arrays,6,after,4,fixed_winner,11,5,3,1,0,1,5243747,0
large_arrays,6,after,4,fixed_winner,12,5,3,1,0,1,5229537,0
large_arrays,6,after,4,fixed_winner,13,5,3,1,0,1,5268711,0
large_arrays,6,after,4,fixed_winner,14,5,3,1,0,1,5567555,0
large_arrays,6,after,4,fixed_winner,15,5,3,1,0,1,6620413,0
large_arrays,6,after,4,fixed_winner,16,5,3,1,0,1,6711847,0
large_arrays,6,after,4,fixed_winner,17,5,3,1,0,1,5580772,0
large_arrays,6,after,4,fixed_winner,18,5,3,1,0,1,5996628,0
large_arrays,6,after,4,fixed_winner,19,5,3,1,0,1,5218728,0
large_arrays,6,after,4,fixed_winner,20,5,3,1,0,1,5754143,0
large_arrays,6,after,4,fixed_winner,21,5,3,1,0,1,6891172,0
large_arrays,6,after,4,fixed_winner,22,5,3,1,0,1,5308347,0
large_arrays,6,after,4,fixed_winner,23,5,3,1,0,1,5168455,0
large_arrays,6,after,4,fixed_winner,24,5,3,1,0,1,5565515,0
large_arrays,6,before,4,native,0,2,1,1,1,2,5686465,5430777
large_arrays,6,before,4,native,1,2,1,1,1,2,5760484,5432932
large_arrays,6,before,4,native,2,2,1,1,1,2,5842680,5432551
large_arrays,6,before,4,native,3,2,1,1,1,2,5549212,5431169
large_arrays,6,before,4,native,4,2,1,1,1,2,5873454,5430998
large_arrays,6,before,4,native,5,2,1,1,1,2,5875869,5456618
large_arrays,6,before,4,native,6,2,1,1,1,2,6011819,5431835
large_arrays,6,before,4,native,7,2,1,1,1,2,5905191,5430632
large_arrays,6,before,4,native,8,2,1,1,1,2,5813509,5431183
large_arrays,6,before,4,native,9,2,1,1,1,2,5840552,5431343
large_arrays,6,before,4,native,10,2,1,1,1,2,5833819,5432716
large_arrays,6,before,4,native,11,2,1,1,1,2,5710958,5430171
large_arrays,6,before,4,native,12,2,1,1,1,2,7482637,5432315
large_arrays,6,before,4,native,13,2,1,1,1,2,5621058,5430331
large_arrays,6,before,4,native,14,2,1,1,1,2,5658617,5432866
large_arrays,6,before,4,native,15,2,1,1,1,2,6965484,5430452
large_arrays,6,before,4,native,16,2,1,1,1,2,5680193,5432686
large_arrays,6,before,4,native,17,2,1,1,1,2,5954478,5430592
large_arrays,6,before,4,native,18,2,1,1,1,2,5576720,5432526
large_arrays,6,before,4,native,19,2,1,1,1,2,8603568,5433257
large_arrays,6,before,4,native,20,2,1,1,1,2,5844062,5433187
large_arrays,6,before,4,native,21,2,1,1,1,2,8589513,5454664
large_arrays,6,before,4,native,22,2,1,1,1,2,5689629,5433276
large_arrays,6,before,4,native,23,2,1,1,1,2,5846548,5431994
large_arrays,6,before,4,native,24,2,1,1,1,2,5698635,5433998
large_arrays,6,before,4,fixed_winner,0,5,3,1,0,1,9149351,0
large_arrays,6,before,4,fixed_winner,1,5,3,1,0,1,8243692,0
large_arrays,6,before,4,fixed_winner,2,5,3,1,0,1,7382610,0
large_arrays,6,before,4,fixed_winner,3,5,3,1,0,1,6649585,0
large_arrays,6,before,4,fixed_winner,4,5,3,1,0,1,5026388,0
large_arrays,6,before,4,fixed_winner,5,5,3,1,0,1,5491139,0
large_arrays,6,before,4,fixed_winner,6,5,3,1,0,1,5413823,0
large_arrays,6,before,4,fixed_winner,7,5,3,1,0,1,6564596,0
large_arrays,6,before,4,fixed_winner,8,5,3,1,0,1,5575458,0
large_arrays,6,before,4,fixed_winner,9,5,3,1,0,1,6613582,0
large_arrays,6,before,4,fixed_winner,10,5,3,1,0,1,7034024,0
large_arrays,6,before,4,fixed_winner,11,5,3,1,0,1,6659931,0
large_arrays,6,before,4,fixed_winner,12,5,3,1,0,1,6124131,0
large_arrays,6,before,4,fixed_winner,13,5,3,1,0,1,6589419,0
large_arrays,6,before,4,fixed_winner,14,5,3,1,0,1,6360675,0
large_arrays,6,before,4,fixed_winner,15,5,3,1,0,1,5225360,0
large_arrays,6,before,4,fixed_winner,16,5,3,1,0,1,5833864,0
large_arrays,6,before,4,fixed_winner,17,5,3,1,0,1,5504433,0
large_arrays,6,before,4,fixed_winner,18,5,3,1,0,1,5186801,0
large_arrays,6,before,4,fixed_winner,19,5,3,1,0,1,5280628,0
large_arrays,6,before,4,fixed_winner,20,5,3,1,0,1,8978809,0
large_arrays,6,before,4,fixed_winner,21,5,3,1,0,1,5516134,0
large_arrays,6,before,4,fixed_winner,22,5,3,1,0,1,6558695,0
large_arrays,6,before,4,fixed_winner,23,5,3,1,0,1,5172593,0
large_arrays,6,before,4,fixed_winner,24,5,3,1,0,1,5309442,0
large_arrays,6,before,5,native,0,2,1,1,1,2,5941856,5670185
large_arrays,6,before,5,native,1,2,1,1,1,2,5675255,5669042
large_arrays,6,before,5,native,2,2,1,1,1,2,5874506,5668331
large_arrays,6,before,5,native,3,2,1,1,1,2,5743094,5668552
large_arrays,6,before,5,native,4,2,1,1,1,2,6918220,5668431
large_arrays,6,before,5,native,5,2,1,1,1,2,5710917,5702991
large_arrays,6,before,5,native,6,2,1,1,1,2,8201307,5669201
large_arrays,6,before,5,native,7,2,1,1,1,2,5578795,5668681
large_arrays,6,before,5,native,8,2,1,1,1,2,5536570,5671556
large_arrays,6,before,5,native,9,2,1,1,1,2,5788300,5668300
large_arrays,6,before,5,native,10,2,1,1,1,2,5836364,5670143
large_arrays,6,before,5,native,11,2,1,1,1,2,5732937,5668771
large_arrays,6,before,5,native,12,2,1,1,1,2,5956031,5669883
large_arrays,6,before,5,native,13,2,1,1,1,2,5710746,5667919
large_arrays,6,before,5,native,14,2,1,1,1,2,6838982,5668771
large_arrays,6,before,5,native,15,2,1,1,1,2,5851325,5669973
large_arrays,6,before,5,native,16,2,1,1,1,2,5740792,5669031
large_arrays,6,before,5,native,17,2,1,1,1,2,5867744,5668620
large_arrays,6,before,5,native,18,2,1,1,1,2,5838504,5667729
large_arrays,6,before,5,native,19,2,1,1,1,2,5911902,5669822
large_arrays,6,before,5,native,20,2,1,1,1,2,5645892,5667629
large_arrays,6,before,5,native,21,2,1,1,1,2,5665678,5681294
large_arrays,6,before,5,native,22,2,1,1,1,2,5646621,5668221
large_arrays,6,before,5,native,23,2,1,1,1,2,5609894,5669523
large_arrays,6,before,5,native,24,2,1,1,1,2,5777515,5668481
large_arrays,6,before,5,fixed_winner,0,5,3,1,0,1,6732201,0
large_arrays,6,before,5,fixed_winner,1,5,3,1,0,1,5237932,0
large_arrays,6,before,5,fixed_winner,2,5,3,1,0,1,6814957,0
large_arrays,6,before,5,fixed_winner,3,5,3,1,0,1,6627706,0
large_arrays,6,before,5,fixed_winner,4,5,3,1,0,1,6843980,0
large_arrays,6,before,5,fixed_winner,5,5,3,1,0,1,5358795,0
large_arrays,6,before,5,fixed_winner,6,5,3,1,0,1,6939398,0
large_arrays,6,before,5,fixed_winner,7,5,3,1,0,1,7868575,0
large_arrays,6,before,5,fixed_winner,8,5,3,1,0,1,8618817,0
large_arrays,6,before,5,fixed_winner,9,5,3,1,0,1,7056721,0
large_arrays,6,before,5,fixed_winner,10,5,3,1,0,1,5239468,0
large_arrays,6,before,5,fixed_winner,11,5,3,1,0,1,5735152,0
large_arrays,6,before,5,fixed_winner,12,5,3,1,0,1,5273504,0
large_arrays,6,before,5,fixed_winner,13,5,3,1,0,1,5260393,0
large_arrays,6,before,5,fixed_winner,14,5,3,1,0,1,5162859,0
large_arrays,6,before,5,fixed_winner,15,5,3,1,0,1,5375666,0
large_arrays,6,before,5,fixed_winner,16,5,3,1,0,1,5220071,0
large_arrays,6,before,5,fixed_winner,17,5,3,1,0,1,6511331,0
large_arrays,6,before,5,fixed_winner,18,5,3,1,0,1,6909926,0
large_arrays,6,before,5,fixed_winner,19,5,3,1,0,1,6254367,0
large_arrays,6,before,5,fixed_winner,20,5,3,1,0,1,4938293,0
large_arrays,6,before,5,fixed_winner,21,5,3,1,0,1,5383269,0
large_arrays,6,before,5,fixed_winner,22,5,3,1,0,1,6983305,0
large_arrays,6,before,5,fixed_winner,23,5,3,1,0,1,5170002,0
large_arrays,6,before,5,fixed_winner,24,5,3,1,0,1,6552034,0
large_arrays,6,after,5,native,0,5,5,1,0,1,5581273,2457209
large_arrays,6,after,5,native,1,5,5,1,0,1,5470068,2458130
large_arrays,6,after,5,native,2,5,5,1,0,1,5242219,2455586
large_arrays,6,after,5,native,3,5,5,1,0,1,5058010,2455045
large_arrays,6,after,5,native,4,5,5,1,0,1,4954712,2454975
large_arrays,6,after,5,native,5,5,5,1,0,1,5315790,2453563
large_arrays,6,after,5,native,6,5,5,1,0,1,4767957,2456698
large_arrays,6,after,5,native,7,5,5,1,0,1,5486586,2454554
large_arrays,6,after,5,native,8,5,5,1,0,1,5065483,2455125
large_arrays,6,after,5,native,9,5,5,1,0,1,5207012,2455035
large_arrays,6,after,5,native,10,5,5,1,0,1,5293977,2455927
large_arrays,6,after,5,native,11,5,5,1,0,1,5421581,2455326
large_arrays,6,after,5,native,12,5,5,1,0,1,7287086,2453893
large_arrays,6,after,5,native,13,5,5,1,0,1,6683936,2499842
large_arrays,6,after,5,native,14,5,5,1,0,1,6430043,2456175
large_arrays,6,after,5,native,15,5,5,1,0,1,5067441,2454122
large_arrays,6,after,5,native,16,5,5,1,0,1,8051843,2457727
large_arrays,6,after,5,native,17,5,5,1,0,1,5527062,2454212
large_arrays,6,after,5,native,18,5,5,1,0,1,5384130,2456496
large_arrays,6,after,5,native,19,5,5,1,0,1,4867082,2457006
large_arrays,6,after,5,native,20,5,5,1,0,1,5281669,2454482
large_arrays,6,after,5,native,21,5,5,1,0,1,4959390,2455303
large_arrays,6,after,5,native,22,5,5,1,0,1,8233808,2454392
large_arrays,6,after,5,native,23,5,5,1,0,1,5026915,2455173
large_arrays,6,after,5,native,24,5,5,1,0,1,5217150,2453570
large_arrays,6,after,5,fixed_winner,0,5,3,1,0,1,5277682,0
large_arrays,6,after,5,fixed_winner,1,5,3,1,0,1,6188090,0
large_arrays,6,after,5,fixed_winner,2,5,3,1,0,1,5280652,0
large_arrays,6,after,5,fixed_winner,3,5,3,1,0,1,7649987,0
large_arrays,6,after,5,fixed_winner,4,5,3,1,0,1,6571597,0
large_arrays,6,after,5,fixed_winner,5,5,3,1,0,1,6630222,0
large_arrays,6,after,5,fixed_winner,6,5,3,1,0,1,5631362,0
large_arrays,6,after,5,fixed_winner,7,5,3,1,0,1,6884520,0
large_arrays,6,after,5,fixed_winner,8,5,3,1,0,1,5569141,0
large_arrays,6,after,5,fixed_winner,9,5,3,1,0,1,5351714,0
large_arrays,6,after,5,fixed_winner,10,5,3,1,0,1,7699802,0
large_arrays,6,after,5,fixed_winner,11,5,3,1,0,1,5220707,0
large_arrays,6,after,5,fixed_winner,12,5,3,1,0,1,5636141,0
large_arrays,6,after,5,fixed_winner,13,5,3,1,0,1,6615280,0
large_arrays,6,after,5,fixed_winner,14,5,3,1,0,1,8658439,0
large_arrays,6,after,5,fixed_winner,15,5,3,1,0,1,5263117,0
large_arrays,6,after,5,fixed_winner,16,5,3,1,0,1,7493917,0
large_arrays,6,after,5,fixed_winner,17,5,3,1,0,1,6737821,0
large_arrays,6,after,5,fixed_winner,18,5,3,1,0,1,6797427,0
large_arrays,6,after,5,fixed_winner,19,5,3,1,0,1,9190755,0
large_arrays,6,after,5,fixed_winner,20,5,3,1,0,1,5257046,0
large_arrays,6,after,5,fixed_winner,21,5,3,1,0,1,6795568,0
large_arrays,6,after,5,fixed_winner,22,5,3,1,0,1,7036233,0
large_arrays,6,after,5,fixed_winner,23,5,3,1,0,1,5551286,0
large_arrays,6,after,5,fixed_winner,24,5,3,1,0,1,6654945,0
large_arrays,6,before,6,native,0,2,1,1,1,2,5652847,5437287
large_arrays,6,before,6,native,1,2,1,1,1,2,5697595,5436963
large_arrays,6,before,6,native,2,2,1,1,1,2,5640492,5436472
large_arrays,6,before,6,native,3,2,1,1,1,2,5702028,5438594
large_arrays,6,before,6,native,4,2,1,1,1,2,5599409,5436707
large_arrays,6,before,6,native,5,2,1,1,1,2,5768989,5464999
large_arrays,6,before,6,native,6,2,1,1,1,2,5708880,5436871
large_arrays,6,before,6,native,7,2,1,1,1,2,5878780,5439043
large_arrays,6,before,6,native,8,2,1,1,1,2,5723287,5437245
large_arrays,6,before,6,native,9,2,1,1,1,2,7575272,5437628
large_arrays,6,before,6,native,10,2,1,1,1,2,5586502,5437008
large_arrays,6,before,6,native,11,2,1,1,1,2,5637910,5439132
large_arrays,6,before,6,native,12,2,1,1,1,2,5714088,5436055
large_arrays,6,before,6,native,13,2,1,1,1,2,5610693,5439230
large_arrays,6,before,6,native,14,2,1,1,1,2,5583095,5436380
large_arrays,6,before,6,native,15,2,1,1,1,2,5512684,5438217
large_arrays,6,before,6,native,16,2,1,1,1,2,5574493,5436242
large_arrays,6,before,6,native,17,2,1,1,1,2,5716200,5441775
large_arrays,6,before,6,native,18,2,1,1,1,2,7895423,5437942
large_arrays,6,before,6,native,19,2,1,1,1,2,5673054,5437775
large_arrays,6,before,6,native,20,2,1,1,1,2,5796557,5435544
large_arrays,6,before,6,native,21,2,1,1,1,2,5645367,5456585
large_arrays,6,before,6,native,22,2,1,1,1,2,5838142,5436485
large_arrays,6,before,6,native,23,2,1,1,1,2,5645544,5439149
large_arrays,6,before,6,native,24,2,1,1,1,2,5708613,5436338
large_arrays,6,before,6,fixed_winner,0,5,3,1,0,1,5214175,0
large_arrays,6,before,6,fixed_winner,1,5,3,1,0,1,6670666,0
large_arrays,6,before,6,fixed_winner,2,5,3,1,0,1,4995720,0
large_arrays,6,before,6,fixed_winner,3,5,3,1,0,1,5426834,0
large_arrays,6,before,6,fixed_winner,4,5,3,1,0,1,6020103,0
large_arrays,6,before,6,fixed_winner,5,5,3,1,0,1,6673094,0
large_arrays,6,before,6,fixed_winner,6,5,3,1,0,1,5484780,0
large_arrays,6,before,6,fixed_winner,7,5,3,1,0,1,5156099,0
large_arrays,6,before,6,fixed_winner,8,5,3,1,0,1,6109739,0
large_arrays,6,before,6,fixed_winner,9,5,3,1,0,1,4730098,0
large_arrays,6,before,6,fixed_winner,10,5,3,1,0,1,5457193,0
large_arrays,6,before,6,fixed_winner,11,5,3,1,0,1,4984200,0
large_arrays,6,before,6,fixed_winner,12,5,3,1,0,1,4963758,0
large_arrays,6,before,6,fixed_winner,13,5,3,1,0,1,7280332,0
large_arrays,6,before,6,fixed_winner,14,5,3,1,0,1,5270345,0
large_arrays,6,before,6,fixed_winner,15,5,3,1,0,1,6589277,0
large_arrays,6,before,6,fixed_winner,16,5,3,1,0,1,7092513,0
large_arrays,6,before,6,fixed_winner,17,5,3,1,0,1,6416258,0
large_arrays,6,before,6,fixed_winner,18,5,3,1,0,1,7234363,0
large_arrays,6,before,6,fixed_winner,19,5,3,1,0,1,5147754,0
large_arrays,6,before,6,fixed_winner,20,5,3,1,0,1,6036076,0
large_arrays,6,before,6,fixed_winner,21,5,3,1,0,1,5165059,0
large_arrays,6,before,6,fixed_winner,22,5,3,1,0,1,6708980,0
large_arrays,6,before,6,fixed_winner,23,5,3,1,0,1,6586714,0
large_arrays,6,before,6,fixed_winner,24,5,3,1,0,1,5625749,0
large_arrays,6,after,6,native,0,5,5,1,0,1,5370968,2426838
large_arrays,6,after,6,native,1,5,5,1,0,1,5461641,2424292
large_arrays,6,after,6,native,2,5,5,1,0,1,5430747,2425413
large_arrays,6,after,6,native,3,5,5,1,0,1,6573661,2424675
large_arrays,6,after,6,native,4,5,5,1,0,1,6747759,2427723
large_arrays,6,after,6,native,5,5,5,1,0,1,5277648,2426799
large_arrays,6,after,6,native,6,5,5,1,0,1,5493813,2426749
large_arrays,6,after,6,native,7,5,5,1,0,1,6667306,2427870
large_arrays,6,after,6,native,8,5,5,1,0,1,5349646,2426415
large_arrays,6,after,6,native,9,5,5,1,0,1,5507097,2425629
large_arrays,6,after,6,native,10,5,5,1,0,1,5738102,2428007
large_arrays,6,after,6,native,11,5,5,1,0,1,5457688,2426327
large_arrays,6,after,6,native,12,5,5,1,0,1,5369926,2426347
large_arrays,6,after,6,native,13,5,5,1,0,1,5550110,2425452
large_arrays,6,after,6,native,14,5,5,1,0,1,5407048,2427045
large_arrays,6,after,6,native,15,5,5,1,0,1,5438146,2425678
large_arrays,6,after,6,native,16,5,5,1,0,1,5816200,2425137
large_arrays,6,after,6,native,17,5,5,1,0,1,5175602,2426307
large_arrays,6,after,6,native,18,5,5,1,0,1,5800174,2424489
large_arrays,6,after,6,native,19,5,5,1,0,1,5556636,2427379
large_arrays,6,after,6,native,20,5,5,1,0,1,5684682,2424725
large_arrays,6,after,6,native,21,5,5,1,0,1,5436375,2438807
large_arrays,6,after,6,native,22,5,5,1,0,1,5233605,2423681
large_arrays,6,after,6,native,23,5,5,1,0,1,6795557,2427328
large_arrays,6,after,6,native,24,5,5,1,0,1,6795252,2424674
large_arrays,6,after,6,fixed_winner,0,5,3,1,0,1,5898214,0
large_arrays,6,after,6,fixed_winner,1,5,3,1,0,1,7141649,0
large_arrays,6,after,6,fixed_winner,2,5,3,1,0,1,5393677,0
large_arrays,6,after,6,fixed_winner,3,5,3,1,0,1,5361118,0
large_arrays,6,after,6,fixed_winner,4,5,3,1,0,1,5236616,0
large_arrays,6,after,6,fixed_winner,5,5,3,1,0,1,5703070,0
large_arrays,6,after,6,fixed_winner,6,5,3,1,0,1,6438185,0
large_arrays,6,after,6,fixed_winner,7,5,3,1,0,1,6598389,0
large_arrays,6,after,6,fixed_winner,8,5,3,1,0,1,6708978,0
large_arrays,6,after,6,fixed_winner,9,5,3,1,0,1,5613052,0
large_arrays,6,after,6,fixed_winner,10,5,3,1,0,1,5476858,0
large_arrays,6,after,6,fixed_winner,11,5,3,1,0,1,5760870,0
large_arrays,6,after,6,fixed_winner,12,5,3,1,0,1,5488861,0
large_arrays,6,after,6,fixed_winner,13,5,3,1,0,1,5428482,0
large_arrays,6,after,6,fixed_winner,14,5,3,1,0,1,5301953,0
large_arrays,6,after,6,fixed_winner,15,5,3,1,0,1,5270748,0
large_arrays,6,after,6,fixed_winner,16,5,3,1,0,1,5559113,0
large_arrays,6,after,6,fixed_winner,17,5,3,1,0,1,6648384,0
large_arrays,6,after,6,fixed_winner,18,5,3,1,0,1,5148612,0
large_arrays,6,after,6,fixed_winner,19,5,3,1,0,1,5544823,0
large_arrays,6,after,6,fixed_winner,20,5,3,1,0,1,5254382,0
large_arrays,6,after,6,fixed_winner,21,5,3,1,0,1,7388043,0
large_arrays,6,after,6,fixed_winner,22,5,3,1,0,1,5195863,0
large_arrays,6,after,6,fixed_winner,23,5,3,1,0,1,4969222,0
large_arrays,6,after,6,fixed_winner,24,5,3,1,0,1,5324991,0
large_arrays,6,after,7,native,0,5,5,1,0,1,5318170,2417765
large_arrays,6,after,7,native,1,5,5,1,0,1,5285735,2413951
large_arrays,6,after,7,native,2,5,5,1,0,1,5909055,2415121
large_arrays,6,after,7,native,3,5,5,1,0,1,6669663,2415760
large_arrays,6,after,7,native,4,5,5,1,0,1,6603373,2415691
large_arrays,6,after,7,native,5,5,5,1,0,1,6442961,2415436
large_arrays,6,after,7,native,6,5,5,1,0,1,6525354,2415819
large_arrays,6,after,7,native,7,5,5,1,0,1,5118712,2415279
large_arrays,6,after,7,native,8,5,5,1,0,1,5628894,2412546
large_arrays,6,after,7,native,9,5,5,1,0,1,5081433,2415269
large_arrays,6,after,7,native,10,5,5,1,0,1,6986099,2412841
large_arrays,6,after,7,native,11,5,5,1,0,1,5205713,2414306
large_arrays,6,after,7,native,12,5,5,1,0,1,7214492,2412350
large_arrays,6,after,7,native,13,5,5,1,0,1,5149464,2415053
large_arrays,6,after,7,native,14,5,5,1,0,1,6409014,2412350
large_arrays,6,after,7,native,15,5,5,1,0,1,5182763,2413490
large_arrays,6,after,7,native,16,5,5,1,0,1,6395951,2412625
large_arrays,6,after,7,native,17,5,5,1,0,1,5018286,2415455
large_arrays,6,after,7,native,18,5,5,1,0,1,5281380,2414689
large_arrays,6,after,7,native,19,5,5,1,0,1,8052354,2421244
large_arrays,6,after,7,native,20,5,5,1,0,1,7864603,2417068
large_arrays,6,after,7,native,21,5,5,1,0,1,5950431,2433313
large_arrays,6,after,7,native,22,5,5,1,0,1,6441132,2419455
large_arrays,6,after,7,native,23,5,5,1,0,1,5189292,2418098
large_arrays,6,after,7,native,24,5,5,1,0,1,6828667,2416378
large_arrays,6,after,7,fixed_winner,0,5,3,1,0,1,6692091,0
large_arrays,6,after,7,fixed_winner,1,5,3,1,0,1,6113149,0
large_arrays,6,after,7,fixed_winner,2,5,3,1,0,1,5329906,0
large_arrays,6,after,7,fixed_winner,3,5,3,1,0,1,5191039,0
large_arrays,6,after,7,fixed_winner,4,5,3,1,0,1,5542779,0
large_arrays,6,after,7,fixed_winner,5,5,3,1,0,1,5191285,0
large_arrays,6,after,7,fixed_winner,6,5,3,1,0,1,5892798,0
large_arrays,6,after,7,fixed_winner,7,5,3,1,0,1,6610432,0
large_arrays,6,after,7,fixed_winner,8,5,3,1,0,1,5420086,0
large_arrays,6,after,7,fixed_winner,9,5,3,1,0,1,5236457,0
large_arrays,6,after,7,fixed_winner,10,5,3,1,0,1,7435965,0
large_arrays,6,after,7,fixed_winner,11,5,3,1,0,1,5270384,0
large_arrays,6,after,7,fixed_winner,12,5,3,1,0,1,7026504,0
large_arrays,6,after,7,fixed_winner,13,5,3,1,0,1,5340687,0
large_arrays,6,after,7,fixed_winner,14,5,3,1,0,1,6313529,0
large_arrays,6,after,7,fixed_winner,15,5,3,1,0,1,5158332,0
large_arrays,6,after,7,fixed_winner,16,5,3,1,0,1,5086867,0
large_arrays,6,after,7,fixed_winner,17,5,3,1,0,1,5226060,0
large_arrays,6,after,7,fixed_winner,18,5,3,1,0,1,6354359,0
large_arrays,6,after,7,fixed_winner,19,5,3,1,0,1,5220455,0
large_arrays,6,after,7,fixed_winner,20,5,3,1,0,1,5290169,0
large_arrays,6,after,7,fixed_winner,21,5,3,1,0,1,5367813,0
large_arrays,6,after,7,fixed_winner,22,5,3,1,0,1,5284899,0
large_arrays,6,after,7,fixed_winner,23,5,3,1,0,1,6795238,0
large_arrays,6,after,7,fixed_winner,24,5,3,1,0,1,5102390,0
large_arrays,6,before,7,native,0,2,1,1,1,2,6916022,5324513
large_arrays,6,before,7,native,1,2,1,1,1,2,5502904,5319835
large_arrays,6,before,7,native,2,2,1,1,1,2,7591392,5321122
large_arrays,6,before,7,native,3,2,1,1,1,2,5617297,5319039
large_arrays,6,before,7,native,4,2,1,1,1,2,5679561,5318646
large_arrays,6,before,7,native,5,2,1,1,1,2,5571063,5345570
large_arrays,6,before,7,native,6,2,1,1,1,2,5766287,5320949
large_arrays,6,before,7,native,7,2,1,1,1,2,5576804,5318463
large_arrays,6,before,7,native,8,2,1,1,1,2,8386057,5319465
large_arrays,6,before,7,native,9,2,1,1,1,2,5765263,5319455
large_arrays,6,before,7,native,10,2,1,1,1,2,5516891,5320409
large_arrays,6,before,7,native,11,2,1,1,1,2,5790198,5319082
large_arrays,6,before,7,native,12,2,1,1,1,2,6743298,5320880
large_arrays,6,before,7,native,13,2,1,1,1,2,6919051,5318080
large_arrays,6,before,7,native,14,2,1,1,1,2,5669466,5320704
large_arrays,6,before,7,native,15,2,1,1,1,2,5701222,5317657
large_arrays,6,before,7,native,16,2,1,1,1,2,5599449,5320478
large_arrays,6,before,7,native,17,2,1,1,1,2,5610870,5318866
large_arrays,6,before,7,native,18,2,1,1,1,2,5563505,5320487
large_arrays,6,before,7,native,19,2,1,1,1,2,5579055,5317146
large_arrays,6,before,7,native,20,2,1,1,1,2,5582368,5319062
large_arrays,6,before,7,native,21,2,1,1,1,2,5604841,5327793
large_arrays,6,before,7,native,22,2,1,1,1,2,5612338,5321582
large_arrays,6,before,7,native,23,2,1,1,1,2,5669889,5318211
large_arrays,6,before,7,native,24,2,1,1,1,2,8715614,5320982
large_arrays,6,before,7,fixed_winner,0,5,3,1,0,1,4894104,0
large_arrays,6,before,7,fixed_winner,1,5,3,1,0,1,6811714,0
large_arrays,6,before,7,fixed_winner,2,5,3,1,0,1,6773727,0
large_arrays,6,before,7,fixed_winner,3,5,3,1,0,1,5541943,0
large_arrays,6,before,7,fixed_winner,4,5,3,1,0,1,5193339,0
large_arrays,6,before,7,fixed_winner,5,5,3,1,0,1,6272539,0
large_arrays,6,before,7,fixed_winner,6,5,3,1,0,1,5295798,0
large_arrays,6,before,7,fixed_winner,7,5,3,1,0,1,5654274,0
large_arrays,6,before,7,fixed_winner,8,5,3,1,0,1,5048398,0
large_arrays,6,before,7,fixed_winner,9,5,3,1,0,1,5533816,0
large_arrays,6,before,7,fixed_winner,10,5,3,1,0,1,4976553,0
large_arrays,6,before,7,fixed_winner,11,5,3,1,0,1,5425200,0
large_arrays,6,before,7,fixed_winner,12,5,3,1,0,1,5262867,0
large_arrays,6,before,7,fixed_winner,13,5,3,1,0,1,4909690,0
large_arrays,6,before,7,fixed_winner,14,5,3,1,0,1,7076836,0
large_arrays,6,before,7,fixed_winner,15,5,3,1,0,1,5638826,0
large_arrays,6,before,7,fixed_winner,16,5,3,1,0,1,6701876,0
large_arrays,6,before,7,fixed_winner,17,5,3,1,0,1,7515967,0
large_arrays,6,before,7,fixed_winner,18,5,3,1,0,1,7041512,0
large_arrays,6,before,7,fixed_winner,19,5,3,1,0,1,8328976,0
large_arrays,6,before,7,fixed_winner,20,5,3,1,0,1,5237489,0
large_arrays,6,before,7,fixed_winner,21,5,3,1,0,1,5596097,0
large_arrays,6,before,7,fixed_winner,22,5,3,1,0,1,4975707,0
large_arrays,6,before,7,fixed_winner,23,5,3,1,0,1,5369879,0
large_arrays,6,before,7,fixed_winner,24,5,3,1,0,1,5246678,0
large_arrays,6,before,8,native,0,2,1,1,1,2,5505922,5470236
large_arrays,6,before,8,native,1,2,1,1,1,2,5610761,5470325
large_arrays,6,before,8,native,2,2,1,1,1,2,6357298,5473018
large_arrays,6,before,8,native,3,2,1,1,1,2,8559813,5470374
large_arrays,6,before,8,native,4,2,1,1,1,2,5874714,5469155
large_arrays,6,before,8,native,5,2,1,1,1,2,5942893,5503887
large_arrays,6,before,8,native,6,2,1,1,1,2,5897574,5470452
large_arrays,6,before,8,native,7,2,1,1,1,2,5560508,5468102
large_arrays,6,before,8,native,8,2,1,1,1,2,5498689,5468476
large_arrays,6,before,8,native,9,2,1,1,1,2,5737124,5467828
large_arrays,6,before,8,native,10,2,1,1,1,2,5542917,5470874
large_arrays,6,before,8,native,11,2,1,1,1,2,5676995,5468545
large_arrays,6,before,8,native,12,2,1,1,1,2,5633799,5471671
large_arrays,6,before,8,native,13,2,1,1,1,2,5577934,5467670
large_arrays,6,before,8,native,14,2,1,1,1,2,5553394,5469784
large_arrays,6,before,8,native,15,2,1,1,1,2,5610619,5467317
large_arrays,6,before,8,native,16,2,1,1,1,2,5577733,5470491
large_arrays,6,before,8,native,17,2,1,1,1,2,5698274,5467356
large_arrays,6,before,8,native,18,2,1,1,1,2,8397979,5472604
large_arrays,6,before,8,native,19,2,1,1,1,2,5836785,5468673
large_arrays,6,before,8,native,20,2,1,1,1,2,5543192,5471051
large_arrays,6,before,8,native,21,2,1,1,1,2,5970038,5467474
large_arrays,6,before,8,native,22,2,1,1,1,2,5499401,5470363
large_arrays,6,before,8,native,23,2,1,1,1,2,5844327,5470559
large_arrays,6,before,8,native,24,2,1,1,1,2,5918715,5471602
large_arrays,6,before,8,fixed_winner,0,5,3,1,0,1,5278709,0
large_arrays,6,before,8,fixed_winner,1,5,3,1,0,1,5005108,0
large_arrays,6,before,8,fixed_winner,2,5,3,1,0,1,5275905,0
large_arrays,6,before,8,fixed_winner,3,5,3,1,0,1,5050495,0
large_arrays,6,before,8,fixed_winner,4,5,3,1,0,1,5347340,0
large_arrays,6,before,8,fixed_winner,5,5,3,1,0,1,5148827,0
large_arrays,6,before,8,fixed_winner,6,5,3,1,0,1,5576175,0
large_arrays,6,before,8,fixed_winner,7,5,3,1,0,1,5064341,0
large_arrays,6,before,8,fixed_winner,8,5,3,1,0,1,6762768,0
large_arrays,6,before,8,fixed_winner,9,5,3,1,0,1,5120351,0
large_arrays,6,before,8,fixed_winner,10,5,3,1,0,1,5925575,0
large_arrays,6,before,8,fixed_winner,11,5,3,1,0,1,5275840,0
large_arrays,6,before,8,fixed_winner,12,5,3,1,0,1,5503543,0
large_arrays,6,before,8,fixed_winner,13,5,3,1,0,1,5138281,0
large_arrays,6,before,8,fixed_winner,14,5,3,1,0,1,5874534,0
large_arrays,6,before,8,fixed_winner,15,5,3,1,0,1,5512450,0
large_arrays,6,before,8,fixed_winner,16,5,3,1,0,1,5754551,0
large_arrays,6,before,8,fixed_winner,17,5,3,1,0,1,6499495,0
large_arrays,6,before,8,fixed_winner,18,5,3,1,0,1,5749253,0
large_arrays,6,before,8,fixed_winner,19,5,3,1,0,1,5580450,0
large_arrays,6,before,8,fixed_winner,20,5,3,1,0,1,5270821,0
large_arrays,6,before,8,fixed_winner,21,5,3,1,0,1,5116309,0
large_arrays,6,before,8,fixed_winner,22,5,3,1,0,1,5238854,0
large_arrays,6,before,8,fixed_winner,23,5,3,1,0,1,6595136,0
large_arrays,6,before,8,fixed_winner,24,5,3,1,0,1,5324606,0
large_arrays,6,after,8,native,0,5,5,1,0,1,6647451,2432957
large_arrays,6,after,8,native,1,5,5,1,0,1,5326701,2433134
large_arrays,6,after,8,native,2,5,5,1,0,1,5243366,2433321
large_arrays,6,after,8,native,3,5,5,1,0,1,5246863,2434726
large_arrays,6,after,8,native,4,5,5,1,0,1,5229036,2434293
large_arrays,6,after,8,native,5,5,5,1,0,1,4824282,2433429
large_arrays,6,after,8,native,6,5,5,1,0,1,4801038,2433202
large_arrays,6,after,8,native,7,5,5,1,0,1,6259879,2433664
large_arrays,6,after,8,native,8,5,5,1,0,1,4785538,2434942
large_arrays,6,after,8,native,9,5,5,1,0,1,5081443,2433408
large_arrays,6,after,8,native,10,5,5,1,0,1,5022267,2434686
large_arrays,6,after,8,native,11,5,5,1,0,1,6538836,2432603
large_arrays,6,after,8,native,12,5,5,1,0,1,6523674,2435188
large_arrays,6,after,8,native,13,5,5,1,0,1,5113522,2433772
large_arrays,6,after,8,native,14,5,5,1,0,1,5054729,2433910
large_arrays,6,after,8,native,15,5,5,1,0,1,5212534,2432180
large_arrays,6,after,8,native,16,5,5,1,0,1,4780536,2434735
large_arrays,6,after,8,native,17,5,5,1,0,1,5092332,2432053
large_arrays,6,after,8,native,18,5,5,1,0,1,4738352,2435149
large_arrays,6,after,8,native,19,5,5,1,0,1,5323585,2433173
large_arrays,6,after,8,native,20,5,5,1,0,1,5164464,2435208
large_arrays,6,after,8,native,21,5,5,1,0,1,4973143,2464791
large_arrays,6,after,8,native,22,5,5,1,0,1,7029620,2432387
large_arrays,6,after,8,native,23,5,5,1,0,1,5316793,2434971
large_arrays,6,after,8,native,24,5,5,1,0,1,5074966,2433143
large_arrays,6,after,8,fixed_winner,0,5,3,1,0,1,5551516,0
large_arrays,6,after,8,fixed_winner,1,5,3,1,0,1,5208220,0
large_arrays,6,after,8,fixed_winner,2,5,3,1,0,1,5566553,0
large_arrays,6,after,8,fixed_winner,3,5,3,1,0,1,4855291,0
large_arrays,6,after,8,fixed_winner,4,5,3,1,0,1,5076106,0
large_arrays,6,after,8,fixed_winner,5,5,3,1,0,1,5313010,0
large_arrays,6,after,8,fixed_winner,6,5,3,1,0,1,8450295,0
large_arrays,6,after,8,fixed_winner,7,5,3,1,0,1,5787270,0
large_arrays,6,after,8,fixed_winner,8,5,3,1,0,1,5363970,0
large_arrays,6,after,8,fixed_winner,9,5,3,1,0,1,5325000,0
large_arrays,6,after,8,fixed_winner,10,5,3,1,0,1,5053924,0
large_arrays,6,after,8,fixed_winner,11,5,3,1,0,1,6949744,0
large_arrays,6,after,8,fixed_winner,12,5,3,1,0,1,5303948,0
large_arrays,6,after,8,fixed_winner,13,5,3,1,0,1,5448908,0
large_arrays,6,after,8,fixed_winner,14,5,3,1,0,1,5393804,0
large_arrays,6,after,8,fixed_winner,15,5,3,1,0,1,6246281,0
large_arrays,6,after,8,fixed_winner,16,5,3,1,0,1,5399951,0
large_arrays,6,after,8,fixed_winner,17,5,3,1,0,1,5360865,0
large_arrays,6,after,8,fixed_winner,18,5,3,1,0,1,6632788,0
large_arrays,6,after,8,fixed_winner,19,5,3,1,0,1,5359547,0
large_arrays,6,after,8,fixed_winner,20,5,3,1,0,1,5122143,0
large_arrays,6,after,8,fixed_winner,21,5,3,1,0,1,6731661,0
large_arrays,6,after,8,fixed_winner,22,5,3,1,0,1,5490811,0
large_arrays,6,after,8,fixed_winner,23,5,3,1,0,1,6293653,0
large_arrays,6,after,8,fixed_winner,24,5,3,1,0,1,5008153,0
large_arrays,8,before,0,native,0,3,3,1,0,1,5282883,4093586
large_arrays,8,before,0,native,1,3,3,1,0,1,5195939,4090402
large_arrays,8,before,0,native,2,3,3,1,0,1,5394630,4094107
large_arrays,8,before,0,native,3,3,3,1,0,1,5407800,4090383
large_arrays,8,before,0,native,4,3,3,1,0,1,8195710,4093429
large_arrays,8,before,0,native,5,3,3,1,0,1,5648571,4118981
large_arrays,8,before,0,native,6,3,3,1,0,1,5287893,4085584
large_arrays,8,before,0,native,7,3,3,1,0,1,5344565,4084317
large_arrays,8,before,0,native,8,3,3,1,0,1,5405731,4085181
large_arrays,8,before,0,native,9,3,3,1,0,1,5265134,4083628
large_arrays,8,before,0,native,10,3,3,1,0,1,5130911,4085574
large_arrays,8,before,0,native,11,3,3,1,0,1,5214804,4084543
large_arrays,8,before,0,native,12,3,3,1,0,1,5299750,4085909
large_arrays,8,before,0,native,13,3,3,1,0,1,5332697,4084081
large_arrays,8,before,0,native,14,3,3,1,0,1,5419854,4090361
large_arrays,8,before,0,native,15,3,3,1,0,1,5418361,4085270
large_arrays,8,before,0,native,16,3,3,1,0,1,5296699,4085712
large_arrays,8,before,0,native,17,3,3,1,0,1,7726636,4084493
large_arrays,8,before,0,native,18,3,3,1,0,1,7432809,4085388
large_arrays,8,before,0,native,19,3,3,1,0,1,5370938,4085918
large_arrays,8,before,0,native,20,3,3,1,0,1,5518186,4084769
large_arrays,8,before,0,native,21,3,3,1,0,1,6605195,4095474
large_arrays,8,before,0,native,22,3,3,1,0,1,5720540,4082127
large_arrays,8,before,0,native,23,3,3,1,0,1,6078107,4081124
large_arrays,8,before,0,native,24,3,3,1,0,1,5353155,4080063
large_arrays,8,before,0,fixed_winner,0,5,3,1,1,1,7088785,0
large_arrays,8,before,0,fixed_winner,1,5,3,1,1,1,5168130,0
large_arrays,8,before,0,fixed_winner,2,5,3,1,1,1,7249461,0
large_arrays,8,before,0,fixed_winner,3,5,3,1,1,1,5307113,0
large_arrays,8,before,0,fixed_winner,4,5,3,1,1,1,7612305,0
large_arrays,8,before,0,fixed_winner,5,5,3,1,1,1,5264891,0
large_arrays,8,before,0,fixed_winner,6,5,3,1,1,1,5018255,0
large_arrays,8,before,0,fixed_winner,7,5,3,1,1,1,5378144,0
large_arrays,8,before,0,fixed_winner,8,5,3,1,1,1,6867911,0
large_arrays,8,before,0,fixed_winner,9,5,3,1,1,1,5102249,0
large_arrays,8,before,0,fixed_winner,10,5,3,1,1,1,5152307,0
large_arrays,8,before,0,fixed_winner,11,5,3,1,1,1,5236101,0
large_arrays,8,before,0,fixed_winner,12,5,3,1,1,1,5437517,0
large_arrays,8,before,0,fixed_winner,13,5,3,1,1,1,5082720,0
large_arrays,8,before,0,fixed_winner,14,5,3,1,1,1,5469175,0
large_arrays,8,before,0,fixed_winner,15,5,3,1,1,1,5848450,0
large_arrays,8,before,0,fixed_winner,16,5,3,1,1,1,6978521,0
large_arrays,8,before,0,fixed_winner,17,5,3,1,1,1,5154017,0
large_arrays,8,before,0,fixed_winner,18,5,3,1,1,1,7126270,0
large_arrays,8,before,0,fixed_winner,19,5,3,1,1,1,5458510,0
large_arrays,8,before,0,fixed_winner,20,5,3,1,1,1,6567517,0
large_arrays,8,before,0,fixed_winner,21,5,3,1,1,1,5302554,0
large_arrays,8,before,0,fixed_winner,22,5,3,1,1,1,5228651,0
large_arrays,8,before,0,fixed_winner,23,5,3,1,1,1,5284714,0
large_arrays,8,before,0,fixed_winner,24,5,3,1,1,1,5105248,0
large_arrays,8,after,0,native,0,7,7,1,0,1,7017244,1829754
large_arrays,8,after,0,native,1,7,7,1,0,1,6862866,1829587
large_arrays,8,after,0,native,2,7,7,1,0,1,6883919,1827641
large_arrays,8,after,0,native,3,7,7,1,0,1,7335794,1827748
large_arrays,8,after,0,native,4,7,7,1,0,1,6774600,1826481
large_arrays,8,after,0,native,5,7,7,1,0,1,7264480,1878396
large_arrays,8,after,0,native,6,7,7,1,0,1,7668932,1827032
large_arrays,8,after,0,native,7,7,7,1,0,1,7425747,1829853
large_arrays,8,after,0,native,8,7,7,1,0,1,7789070,1832673
large_arrays,8,after,0,native,9,7,7,1,0,1,7676377,1829263
large_arrays,8,after,0,native,10,7,7,1,0,1,8637468,1830413
large_arrays,8,after,0,native,11,7,7,1,0,1,8238425,1830865
large_arrays,8,after,0,native,12,7,7,1,0,1,7587822,1829656
large_arrays,8,after,0,native,13,7,7,1,0,1,7743763,1832192
large_arrays,8,after,0,native,14,7,7,1,0,1,7790573,1829371
large_arrays,8,after,0,native,15,7,7,1,0,1,8069790,1829548
large_arrays,8,after,0,native,16,7,7,1,0,1,7354556,1830276
large_arrays,8,after,0,native,17,7,7,1,0,1,7534495,1830207
large_arrays,8,after,0,native,18,7,7,1,0,1,7641239,1842001
large_arrays,8,after,0,native,19,7,7,1,0,1,8951797,1831337
large_arrays,8,after,0,native,20,7,7,1,0,1,7255697,1836035
large_arrays,8,after,0,native,21,7,7,1,0,1,7322584,1854954
large_arrays,8,after,0,native,22,7,7,1,0,1,7568853,1832721
large_arrays,8,after,0,native,23,7,7,1,0,1,7773994,1833017
large_arrays,8,after,0,native,24,7,7,1,0,1,7181705,1833537
large_arrays,8,after,0,fixed_winner,0,5,3,1,1,1,6824977,0
large_arrays,8,after,0,fixed_winner,1,5,3,1,1,1,7411597,0
large_arrays,8,after,0,fixed_winner,2,5,3,1,1,1,7457278,0
large_arrays,8,after,0,fixed_winner,3,5,3,1,1,1,7447256,0
large_arrays,8,after,0,fixed_winner,4,5,3,1,1,1,6230836,0
large_arrays,8,after,0,fixed_winner,5,5,3,1,1,1,6388080,0
large_arrays,8,after,0,fixed_winner,6,5,3,1,1,1,6911914,0
large_arrays,8,after,0,fixed_winner,7,5,3,1,1,1,6627824,0
large_arrays,8,after,0,fixed_winner,8,5,3,1,1,1,7343391,0
large_arrays,8,after,0,fixed_winner,9,5,3,1,1,1,6858732,0
large_arrays,8,after,0,fixed_winner,10,5,3,1,1,1,6818486,0
large_arrays,8,after,0,fixed_winner,11,5,3,1,1,1,6485652,0
large_arrays,8,after,0,fixed_winner,12,5,3,1,1,1,5387484,0
large_arrays,8,after,0,fixed_winner,13,5,3,1,1,1,6607544,0
large_arrays,8,after,0,fixed_winner,14,5,3,1,1,1,5179406,0
large_arrays,8,after,0,fixed_winner,15,5,3,1,1,1,8676044,0
large_arrays,8,after,0,fixed_winner,16,5,3,1,1,1,5181064,0
large_arrays,8,after,0,fixed_winner,17,5,3,1,1,1,8926580,0
large_arrays,8,after,0,fixed_winner,18,5,3,1,1,1,5424992,0
large_arrays,8,after,0,fixed_winner,19,5,3,1,1,1,7518959,0
large_arrays,8,after,0,fixed_winner,20,5,3,1,1,1,7460297,0
large_arrays,8,after,0,fixed_winner,21,5,3,1,1,1,5428144,0
large_arrays,8,after,0,fixed_winner,22,5,3,1,1,1,5605788,0
large_arrays,8,after,0,fixed_winner,23,5,3,1,1,1,5323733,0
large_arrays,8,after,0,fixed_winner,24,5,3,1,1,1,5538601,0
large_arrays,8,after,1,native,0,7,7,1,0,1,7817099,1926247
large_arrays,8,after,1,native,1,7,7,1,0,1,7442237,1923721
large_arrays,8,after,1,native,2,7,7,1,0,1,7853357,1923770
large_arrays,8,after,1,native,3,7,7,1,0,1,7352906,1923898
large_arrays,8,after,1,native,4,7,7,1,0,1,7909387,1923760
large_arrays,8,after,1,native,5,7,7,1,0,1,8512875,1960912
large_arrays,8,after,1,native,6,7,7,1,0,1,7324844,1926798
large_arrays,8,after,1,native,7,7,7,1,0,1,7824836,1924802
large_arrays,8,after,1,native,8,7,7,1,0,1,7999672,1923859
large_arrays,8,after,1,native,9,7,7,1,0,1,7834242,1926611
large_arrays,8,after,1,native,10,7,7,1,0,1,8316441,1924517
large_arrays,8,after,1,native,11,7,7,1,0,1,7475899,1923987
large_arrays,8,after,1,native,12,7,7,1,0,1,8098803,1924036
large_arrays,8,after,1,native,13,7,7,1,0,1,8643865,1980047
large_arrays,8,after,1,native,14,7,7,1,0,1,8001326,1931839
large_arrays,8,after,1,native,15,7,7,1,0,1,7594634,1931200
large_arrays,8,after,1,native,16,7,7,1,0,1,7866517,1930885
large_arrays,8,after,1,native,17,7,7,1,0,1,8658610,1930227
large_arrays,8,after,1,native,18,7,7,1,0,1,7528539,1930955
large_arrays,8,after,1,native,19,7,7,1,0,1,7817435,1931554
large_arrays,8,after,1,native,20,7,7,1,0,1,7765196,1931583
large_arrays,8,after,1,native,21,7,7,1,0,1,7013373,1932163
large_arrays,8,after,1,native,22,7,7,1,0,1,8263330,1930807
large_arrays,8,after,1,native,23,7,7,1,0,1,7968989,1933530
large_arrays,8,after,1,native,24,7,7,1,0,1,7452713,1931073
large_arrays,8,after,1,fixed_winner,0,5,3,1,1,1,6718825,0
large_arrays,8,after,1,fixed_winner,1,5,3,1,1,1,5753756,0
large_arrays,8,after,1,fixed_winner,2,5,3,1,1,1,7328109,0
large_arrays,8,after,1,fixed_winner,3,5,3,1,1,1,7555233,0
large_arrays,8,after,1,fixed_winner,4,5,3,1,1,1,5434951,0
large_arrays,8,after,1,fixed_winner,5,5,3,1,1,1,7552519,0
large_arrays,8,after,1,fixed_winner,6,5,3,1,1,1,5365542,0
large_arrays,8,after,1,fixed_winner,7,5,3,1,1,1,5254768,0
large_arrays,8,after,1,fixed_winner,8,5,3,1,1,1,7092795,0
large_arrays,8,after,1,fixed_winner,9,5,3,1,1,1,7712626,0
large_arrays,8,after,1,fixed_winner,10,5,3,1,1,1,6902961,0
large_arrays,8,after,1,fixed_winner,11,5,3,1,1,1,7128631,0
large_arrays,8,after,1,fixed_winner,12,5,3,1,1,1,6844736,0
large_arrays,8,after,1,fixed_winner,13,5,3,1,1,1,5460766,0
large_arrays,8,after,1,fixed_winner,14,5,3,1,1,1,6993181,0
large_arrays,8,after,1,fixed_winner,15,5,3,1,1,1,6393024,0
large_arrays,8,after,1,fixed_winner,16,5,3,1,1,1,8777848,0
large_arrays,8,after,1,fixed_winner,17,5,3,1,1,1,7740251,0
large_arrays,8,after,1,fixed_winner,18,5,3,1,1,1,6858861,0
large_arrays,8,after,1,fixed_winner,19,5,3,1,1,1,5359652,0
large_arrays,8,after,1,fixed_winner,20,5,3,1,1,1,9114356,0
large_arrays,8,after,1,fixed_winner,21,5,3,1,1,1,7302250,0
large_arrays,8,after,1,fixed_winner,22,5,3,1,1,1,5432130,0
large_arrays,8,after,1,fixed_winner,23,5,3,1,1,1,6045197,0
large_arrays,8,after,1,fixed_winner,24,5,3,1,1,1,6835460,0
large_arrays,8,before,1,native,0,3,3,1,0,1,6396572,4212621
large_arrays,8,before,1,native,1,3,3,1,0,1,7546132,4211491
large_arrays,8,before,1,native,2,3,3,1,0,1,5516910,4212396
large_arrays,8,before,1,native,3,3,3,1,0,1,5450947,4210636
large_arrays,8,before,1,native,4,3,3,1,0,1,5679271,4212513
large_arrays,8,before,1,native,5,3,3,1,0,1,5455806,4235830
large_arrays,8,before,1,native,6,3,3,1,0,1,6129466,4203545
large_arrays,8,before,1,native,7,3,3,1,0,1,5617257,4203545
large_arrays,8,before,1,native,8,3,3,1,0,1,7594400,4205451
large_arrays,8,before,1,native,9,3,3,1,0,1,5700661,4202729
large_arrays,8,before,1,native,10,3,3,1,0,1,5446617,4204497
large_arrays,8,before,1,native,11,3,3,1,0,1,5544399,4202109
large_arrays,8,before,1,native,12,3,3,1,0,1,5504714,4203662
large_arrays,8,before,1,native,13,3,3,1,0,1,7682983,4202934
large_arrays,8,before,1,native,14,3,3,1,0,1,5419687,4204016
large_arrays,8,before,1,native,15,3,3,1,0,1,6341877,4201539
large_arrays,8,before,1,native,16,3,3,1,0,1,5819432,4206011
large_arrays,8,before,1,native,17,3,3,1,0,1,5302592,4203367
large_arrays,8,before,1,native,18,3,3,1,0,1,5609930,4206227
large_arrays,8,before,1,native,19,3,3,1,0,1,6289619,4203849
large_arrays,8,before,1,native,20,3,3,1,0,1,7009511,4206187
large_arrays,8,before,1,native,21,3,3,1,0,1,7770041,4213097
large_arrays,8,before,1,native,22,3,3,1,0,1,5599868,4200212
large_arrays,8,before,1,native,23,3,3,1,0,1,5266015,4199033
large_arrays,8,before,1,native,24,3,3,1,0,1,5532793,4200163
large_arrays,8,before,1,fixed_winner,0,5,3,1,1,1,6364222,0
large_arrays,8,before,1,fixed_winner,1,5,3,1,1,1,6830810,0
large_arrays,8,before,1,fixed_winner,2,5,3,1,1,1,5308135,0
large_arrays,8,before,1,fixed_winner,3,5,3,1,1,1,6976231,0
large_arrays,8,before,1,fixed_winner,4,5,3,1,1,1,6817218,0
large_arrays,8,before,1,fixed_winner,5,5,3,1,1,1,5538817,0
large_arrays,8,before,1,fixed_winner,6,5,3,1,1,1,6517688,0
large_arrays,8,before,1,fixed_winner,7,5,3,1,1,1,7264213,0
large_arrays,8,before,1,fixed_winner,8,5,3,1,1,1,7531448,0
large_arrays,8,before,1,fixed_winner,9,5,3,1,1,1,7231828,0
large_arrays,8,before,1,fixed_winner,10,5,3,1,1,1,5379539,0
large_arrays,8,before,1,fixed_winner,11,5,3,1,1,1,6105774,0
large_arrays,8,before,1,fixed_winner,12,5,3,1,1,1,5101359,0
large_arrays,8,before,1,fixed_winner,13,5,3,1,1,1,5967377,0
large_arrays,8,before,1,fixed_winner,14,5,3,1,1,1,6808421,0
large_arrays,8,before,1,fixed_winner,15,5,3,1,1,1,7626892,0
large_arrays,8,before,1,fixed_winner,16,5,3,1,1,1,6781127,0
large_arrays,8,before,1,fixed_winner,17,5,3,1,1,1,8882776,0
large_arrays,8,before,1,fixed_winner,18,5,3,1,1,1,5639927,0
large_arrays,8,before,1,fixed_winner,19,5,3,1,1,1,6334589,0
large_arrays,8,before,1,fixed_winner,20,5,3,1,1,1,7169044,0
large_arrays,8,before,1,fixed_winner,21,5,3,1,1,1,6551310,0
large_arrays,8,before,1,fixed_winner,22,5,3,1,1,1,6636291,0
large_arrays,8,before,1,fixed_winner,23,5,3,1,1,1,5195653,0
large_arrays,8,before,1,fixed_winner,24,5,3,1,1,1,6734100,0
large_arrays,8,before,2,native,0,3,3,1,0,1,5415259,4122156
large_arrays,8,before,2,native,1,3,3,1,0,1,5570538,4119827
large_arrays,8,before,2,native,2,3,3,1,0,1,7449220,4121646
large_arrays,8,before,2,native,3,3,3,1,0,1,5305320,4122049
large_arrays,8,before,2,native,4,3,3,1,0,1,5413334,4122520
large_arrays,8,before,2,native,5,3,3,1,0,1,5180635,4161878
large_arrays,8,before,2,native,6,3,3,1,0,1,5619784,4116304
large_arrays,8,before,2,native,7,3,3,1,0,1,5627483,4115292
large_arrays,8,before,2,native,8,3,3,1,0,1,6368891,4116049
large_arrays,8,before,2,native,9,3,3,1,0,1,5296385,4116609
large_arrays,8,before,2,native,10,3,3,1,0,1,5498290,4116855
large_arrays,8,before,2,native,11,3,3,1,0,1,5486310,4115469
large_arrays,8,before,2,native,12,3,3,1,0,1,7423890,4115154
large_arrays,8,before,2,native,13,3,3,1,0,1,5478757,4115636
large_arrays,8,before,2,native,14,3,3,1,0,1,5527343,4115449
large_arrays,8,before,2,native,15,3,3,1,0,1,5433619,4115685
large_arrays,8,before,2,native,16,3,3,1,0,1,5675580,4115371
large_arrays,8,before,2,native,17,3,3,1,0,1,7689096,4116285
large_arrays,8,before,2,native,18,3,3,1,0,1,5790116,4117022
large_arrays,8,before,2,native,19,3,3,1,0,1,5433909,4115646
large_arrays,8,before,2,native,20,3,3,1,0,1,6853868,4116079
large_arrays,8,before,2,native,21,3,3,1,0,1,9153832,4128532
large_arrays,8,before,2,native,22,3,3,1,0,1,5294841,4114025
large_arrays,8,before,2,native,23,3,3,1,0,1,5608411,4113022
large_arrays,8,before,2,native,24,3,3,1,0,1,5934540,4114821
large_arrays,8,before,2,fixed_winner,0,5,3,1,1,1,8065573,0
large_arrays,8,before,2,fixed_winner,1,5,3,1,1,1,7699947,0
large_arrays,8,before,2,fixed_winner,2,5,3,1,1,1,7804580,0
large_arrays,8,before,2,fixed_winner,3,5,3,1,1,1,7707012,0
large_arrays,8,before,2,fixed_winner,4,5,3,1,1,1,6760946,0
large_arrays,8,before,2,fixed_winner,5,5,3,1,1,1,9018844,0
large_arrays,8,before,2,fixed_winner,6,5,3,1,1,1,7427314,0
large_arrays,8,before,2,fixed_winner,7,5,3,1,1,1,6860208,0
large_arrays,8,before,2,fixed_winner,8,5,3,1,1,1,8917016,0
large_arrays,8,before,2,fixed_winner,9,5,3,1,1,1,6835363,0
large_arrays,8,before,2,fixed_winner,10,5,3,1,1,1,8655276,0
large_arrays,8,before,2,fixed_winner,11,5,3,1,1,1,8925596,0
large_arrays,8,before,2,fixed_winner,12,5,3,1,1,1,6305602,0
large_arrays,8,before,2,fixed_winner,13,5,3,1,1,1,6570750,0
large_arrays,8,before,2,fixed_winner,14,5,3,1,1,1,8981925,0
large_arrays,8,before,2,fixed_winner,15,5,3,1,1,1,8977392,0
large_arrays,8,before,2,fixed_winner,16,5,3,1,1,1,6759078,0
large_arrays,8,before,2,fixed_winner,17,5,3,1,1,1,6807375,0
large_arrays,8,before,2,fixed_winner,18,5,3,1,1,1,5877021,0
large_arrays,8,before,2,fixed_winner,19,5,3,1,1,1,6536008,0
large_arrays,8,before,2,fixed_winner,20,5,3,1,1,1,6941015,0
large_arrays,8,before,2,fixed_winner,21,5,3,1,1,1,6533433,0
large_arrays,8,before,2,fixed_winner,22,5,3,1,1,1,7225868,0
large_arrays,8,before,2,fixed_winner,23,5,3,1,1,1,5665904,0
large_arrays,8,before,2,fixed_winner,24,5,3,1,1,1,7070820,0
large_arrays,8,after,2,native,0,7,7,1,0,1,7779070,1984659
large_arrays,8,after,2,native,1,7,7,1,0,1,10077845,1984197
large_arrays,8,after,2,native,2,7,7,1,0,1,7982911,1980039
large_arrays,8,after,2,native,3,7,7,1,0,1,7626189,1975459
large_arrays,8,after,2,native,4,7,7,1,0,1,7498690,1976392
large_arrays,8,after,2,native,5,7,7,1,0,1,7592719,1977218
large_arrays,8,after,2,native,6,7,7,1,0,1,8036618,1977709
large_arrays,8,after,2,native,7,7,7,1,0,1,7605740,1977572
large_arrays,8,after,2,native,8,7,7,1,0,1,8012598,1976609
large_arrays,8,after,2,native,9,7,7,1,0,1,7192455,1977592
large_arrays,8,after,2,native,10,7,7,1,0,1,7887040,1978968
large_arrays,8,after,2,native,11,7,7,1,0,1,7752641,1977445
large_arrays,8,after,2,native,12,7,7,1,0,1,7613665,1978477
large_arrays,8,after,2,native,13,7,7,1,0,1,7605968,1976275
large_arrays,8,after,2,native,14,7,7,1,0,1,7644267,1976236
large_arrays,8,after,2,native,15,7,7,1,0,1,18597391,1982516
large_arrays,8,after,2,native,16,7,7,1,0,1,9060363,1985140
large_arrays,8,after,2,native,17,7,7,1,0,1,8509292,1977867
large_arrays,8,after,2,native,18,7,7,1,0,1,7550824,1977149
large_arrays,8,after,2,native,19,7,7,1,0,1,8454440,1983272
large_arrays,8,after,2,native,20,7,7,1,0,1,7204098,1977847
large_arrays,8,after,2,native,21,7,7,1,0,1,6704344,1977937
large_arrays,8,after,2,native,22,7,7,1,0,1,7222273,1977873
large_arrays,8,after,2,native,23,7,7,1,0,1,6917088,1977358
large_arrays,8,after,2,native,24,7,7,1,0,1,7232998,1976871
large_arrays,8,after,2,fixed_winner,0,5,3,1,1,1,4822191,0
large_arrays,8,after,2,fixed_winner,1,5,3,1,1,1,6366486,0
large_arrays,8,after,2,fixed_winner,2,5,3,1,1,1,6356631,0
large_arrays,8,after,2,fixed_winner,3,5,3,1,1,1,6725172,0
large_arrays,8,after,2,fixed_winner,4,5,3,1,1,1,8187992,0
large_arrays,8,after,2,fixed_winner,5,5,3,1,1,1,8525863,0
large_arrays,8,after,2,fixed_winner,6,5,3,1,1,1,8310579,0
large_arrays,8,after,2,fixed_winner,7,5,3,1,1,1,5572976,0
large_arrays,8,after,2,fixed_winner,8,5,3,1,1,1,6482291,0
large_arrays,8,after,2,fixed_winner,9,5,3,1,1,1,5133396,0
large_arrays,8,after,2,fixed_winner,10,5,3,1,1,1,6662091,0
large_arrays,8,after,2,fixed_winner,11,5,3,1,1,1,8409514,0
large_arrays,8,after,2,fixed_winner,12,5,3,1,1,1,7033179,0
large_arrays,8,after,2,fixed_winner,13,5,3,1,1,1,6627910,0
large_arrays,8,after,2,fixed_winner,14,5,3,1,1,1,6954813,0
large_arrays,8,after,2,fixed_winner,15,5,3,1,1,1,6404183,0
large_arrays,8,after,2,fixed_winner,16,5,3,1,1,1,6321323,0
large_arrays,8,after,2,fixed_winner,17,5,3,1,1,1,6371828,0
large_arrays,8,after,2,fixed_winner,18,5,3,1,1,1,7657115,0
large_arrays,8,after,2,fixed_winner,19,5,3,1,1,1,7166622,0
large_arrays,8,after,2,fixed_winner,20,5,3,1,1,1,7495583,0
large_arrays,8,after,2,fixed_winner,21,5,3,1,1,1,7621591,0
large_arrays,8,after,2,fixed_winner,22,5,3,1,1,1,9224748,0
large_arrays,8,after,2,fixed_winner,23,5,3,1,1,1,7927384,0
large_arrays,8,after,2,fixed_winner,24,5,3,1,1,1,6912740,0
large_arrays,8,after,3,native,0,7,7,1,1,1,7664482,4026215
large_arrays,8,after,3,native,1,7,7,1,1,1,7809013,4024801
large_arrays,8,after,3,native,2,7,7,1,1,1,7467911,4023360
large_arrays,8,after,3,native,3,7,7,1,1,1,8031528,4023754
large_arrays,8,after,3,native,4,7,7,1,1,1,8576419,4024709
large_arrays,8,after,3,native,5,7,7,1,1,1,7198202,4023285
large_arrays,8,after,3,native,6,7,7,1,1,1,7775751,4025269
large_arrays,8,after,3,native,7,7,7,1,1,1,6706384,4027841
large_arrays,8,after,3,native,8,7,7,1,1,1,8055185,4032010
large_arrays,8,after,3,native,9,7,7,1,1,1,7544238,4024920
large_arrays,8,after,3,native,10,7,7,1,1,1,6821437,4025279
large_arrays,8,after,3,native,11,7,7,1,1,1,7757799,4023460
large_arrays,8,after,3,native,12,7,7,1,1,1,9334850,4026087
large_arrays,8,after,3,native,13,7,7,1,1,1,7759281,4129322
large_arrays,8,after,3,native,14,7,7,1,1,1,7274045,4042187
large_arrays,8,after,3,native,15,7,7,1,1,1,7223733,4041167
large_arrays,8,after,3,native,16,7,7,1,1,1,10822762,4042444
large_arrays,8,after,3,native,17,7,7,1,1,1,8423887,4041617
large_arrays,8,after,3,native,18,7,7,1,1,1,8391309,4046062
large_arrays,8,after,3,native,19,7,7,1,1,1,8564224,4044777
large_arrays,8,after,3,native,20,7,7,1,1,1,8516982,4041314
large_arrays,8,after,3,native,21,7,7,1,1,1,9011181,4043445
large_arrays,8,after,3,native,22,7,7,1,1,1,8689155,4044382
large_arrays,8,after,3,native,23,7,7,1,1,1,7935576,4043068
large_arrays,8,after,3,native,24,7,7,1,1,1,7300813,4043427
large_arrays,8,after,3,fixed_winner,0,5,3,1,1,1,7421514,0
large_arrays,8,after,3,fixed_winner,1,5,3,1,1,1,7841478,0
large_arrays,8,after,3,fixed_winner,2,5,3,1,1,1,7802128,0
large_arrays,8,after,3,fixed_winner,3,5,3,1,1,1,9144930,0
large_arrays,8,after,3,fixed_winner,4,5,3,1,1,1,8518150,0
large_arrays,8,after,3,fixed_winner,5,5,3,1,1,1,11034773,0
large_arrays,8,after,3,fixed_winner,6,5,3,1,1,1,6374804,0
large_arrays,8,after,3,fixed_winner,7,5,3,1,1,1,10598263,0
large_arrays,8,after,3,fixed_winner,8,5,3,1,1,1,8368614,0
large_arrays,8,after,3,fixed_winner,9,5,3,1,1,1,6895712,0
large_arrays,8,after,3,fixed_winner,10,5,3,1,1,1,8349351,0
large_arrays,8,after,3,fixed_winner,11,5,3,1,1,1,10084688,0
large_arrays,8,after,3,fixed_winner,12,5,3,1,1,1,8765940,0
large_arrays,8,after,3,fixed_winner,13,5,3,1,1,1,9801856,0
large_arrays,8,after,3,fixed_winner,14,5,3,1,1,1,6545984,0
large_arrays,8,after,3,fixed_winner,15,5,3,1,1,1,7158739,0
large_arrays,8,after,3,fixed_winner,16,5,3,1,1,1,7906941,0
large_arrays,8,after,3,fixed_winner,17,5,3,1,1,1,8128816,0
large_arrays,8,after,3,fixed_winner,18,5,3,1,1,1,7567399,0
large_arrays,8,after,3,fixed_winner,19,5,3,1,1,1,6299956,0
large_arrays,8,after,3,fixed_winner,20,5,3,1,1,1,6372393,0
large_arrays,8,after,3,fixed_winner,21,5,3,1,1,1,9110330,0
large_arrays,8,after,3,fixed_winner,22,5,3,1,1,1,7127479,0
large_arrays,8,after,3,fixed_winner,23,5,3,1,1,1,6201194,0
large_arrays,8,after,3,fixed_winner,24,5,3,1,1,1,7570272,0
large_arrays,8,before,3,native,0,3,3,1,1,1,5169756,4633064
large_arrays,8,before,3,native,1,3,3,1,1,1,4951429,4632467
large_arrays,8,before,3,native,2,3,3,1,1,1,5051534,4633202
large_arrays,8,before,3,native,3,3,3,1,1,1,4955230,4630860
large_arrays,8,before,3,native,4,3,3,1,1,1,5119558,4631567
large_arrays,8,before,3,native,5,3,3,1,1,1,5370200,4660639
large_arrays,8,before,3,native,6,3,3,1,1,1,5393674,4622288
large_arrays,8,before,3,native,7,3,3,1,1,1,4961925,4621296
large_arrays,8,before,3,native,8,3,3,1,1,1,7168191,4619726
large_arrays,8,before,3,native,9,3,3,1,1,1,5034706,4619743
large_arrays,8,before,3,native,10,3,3,1,1,1,8416439,4621020
large_arrays,8,before,3,native,11,3,3,1,1,1,5195854,4621902
large_arrays,8,before,3,native,12,3,3,1,1,1,5094338,4618872
large_arrays,8,before,3,native,13,3,3,1,1,1,5184734,4618366
large_arrays,8,before,3,native,14,3,3,1,1,1,5394207,4620534
large_arrays,8,before,3,native,15,3,3,1,1,1,4932236,4618899
large_arrays,8,before,3,native,16,3,3,1,1,1,6707412,4621278
large_arrays,8,before,3,native,17,3,3,1,1,1,5215207,4618550
large_arrays,8,before,3,native,18,3,3,1,1,1,5152894,4620286
large_arrays,8,before,3,native,19,3,3,1,1,1,4968557,4617834
large_arrays,8,before,3,native,20,3,3,1,1,1,7191120,4621416
large_arrays,8,before,3,native,21,3,3,1,1,1,5060331,4627683
large_arrays,8,before,3,native,22,3,3,1,1,1,4893748,4613246
large_arrays,8,before,3,native,23,3,3,1,1,1,5116857,4611519
large_arrays,8,before,3,native,24,3,3,1,1,1,6967937,4615505
large_arrays,8,before,3,fixed_winner,0,5,3,1,1,1,8442386,0
large_arrays,8,before,3,fixed_winner,1,5,3,1,1,1,8766065,0
large_arrays,8,before,3,fixed_winner,2,5,3,1,1,1,9069450,0
large_arrays,8,before,3,fixed_winner,3,5,3,1,1,1,5149017,0
large_arrays,8,before,3,fixed_winner,4,5,3,1,1,1,4707205,0
large_arrays,8,before,3,fixed_winner,5,5,3,1,1,1,6000098,0
large_arrays,8,before,3,fixed_winner,6,5,3,1,1,1,5004567,0
large_arrays,8,before,3,fixed_winner,7,5,3,1,1,1,6201056,0
large_arrays,8,before,3,fixed_winner,8,5,3,1,1,1,5866729,0
large_arrays,8,before,3,fixed_winner,9,5,3,1,1,1,7118349,0
large_arrays,8,before,3,fixed_winner,10,5,3,1,1,1,4705819,0
large_arrays,8,before,3,fixed_winner,11,5,3,1,1,1,6616575,0
large_arrays,8,before,3,fixed_winner,12,5,3,1,1,1,4807722,0
large_arrays,8,before,3,fixed_winner,13,5,3,1,1,1,6195518,0
large_arrays,8,before,3,fixed_winner,14,5,3,1,1,1,7890989,0
large_arrays,8,before,3,fixed_winner,15,5,3,1,1,1,5985357,0
large_arrays,8,before,3,fixed_winner,16,5,3,1,1,1,4810330,0
large_arrays,8,before,3,fixed_winner,17,5,3,1,1,1,4889402,0
large_arrays,8,before,3,fixed_winner,18,5,3,1,1,1,6127797,0
large_arrays,8,before,3,fixed_winner,19,5,3,1,1,1,7169861,0
large_arrays,8,before,3,fixed_winner,20,5,3,1,1,1,5118740,0
large_arrays,8,before,3,fixed_winner,21,5,3,1,1,1,6223263,0
large_arrays,8,before,3,fixed_winner,22,5,3,1,1,1,6674680,0
large_arrays,8,before,3,fixed_winner,23,5,3,1,1,1,4815353,0
large_arrays,8,before,3,fixed_winner,24,5,3,1,1,1,5342326,0
large_arrays,8,before,4,native,0,3,3,1,0,1,7297442,3791655
large_arrays,8,before,4,native,1,3,3,1,0,1,5201806,3792206
large_arrays,8,before,4,native,2,3,3,1,0,1,5023136,3793161
large_arrays,8,before,4,native,3,3,3,1,0,1,4903820,3790727
large_arrays,8,before,4,native,4,3,3,1,0,1,5060294,3794107
large_arrays,8,before,4,native,5,3,3,1,0,1,5086873,3810456
large_arrays,8,before,4,native,6,3,3,1,0,1,7307048,3782087
large_arrays,8,before,4,native,7,3,3,1,0,1,5544242,3781591
large_arrays,8,before,4,native,8,3,3,1,0,1,5578984,3782059
large_arrays,8,before,4,native,9,3,3,1,0,1,4907190,3781572
large_arrays,8,before,4,native,10,3,3,1,0,1,4970047,3780085
large_arrays,8,before,4,native,11,3,3,1,0,1,4945936,3780673
large_arrays,8,before,4,native,12,3,3,1,0,1,4947021,3780443
large_arrays,8,before,4,native,13,3,3,1,0,1,5078358,3782170
large_arrays,8,before,4,native,14,3,3,1,0,1,4858463,3781481
large_arrays,8,before,4,native,15,3,3,1,0,1,5161012,3781665
large_arrays,8,before,4,native,16,3,3,1,0,1,4940455,3780507
large_arrays,8,before,4,native,17,3,3,1,0,1,5489294,3782712
large_arrays,8,before,4,native,18,3,3,1,0,1,5277336,3782013
large_arrays,8,before,4,native,19,3,3,1,0,1,6689274,3782013
large_arrays,8,before,4,native,20,3,3,1,0,1,5030731,3781646
large_arrays,8,before,4,native,21,3,3,1,0,1,5393636,3786033
large_arrays,8,before,4,native,22,3,3,1,0,1,4947766,3775031
large_arrays,8,before,4,native,23,3,3,1,0,1,5321573,3776023
large_arrays,8,before,4,native,24,3,3,1,0,1,4926890,3774342
large_arrays,8,before,4,fixed_winner,0,5,3,1,1,1,5444111,0
large_arrays,8,before,4,fixed_winner,1,5,3,1,1,1,6261503,0
large_arrays,8,before,4,fixed_winner,2,5,3,1,1,1,7027457,0
large_arrays,8,before,4,fixed_winner,3,5,3,1,1,1,5890187,0
large_arrays,8,before,4,fixed_winner,4,5,3,1,1,1,5115066,0
large_arrays,8,before,4,fixed_winner,5,5,3,1,1,1,5496349,0
large_arrays,8,before,4,fixed_winner,6,5,3,1,1,1,5248202,0
large_arrays,8,before,4,fixed_winner,7,5,3,1,1,1,4948500,0
large_arrays,8,before,4,fixed_winner,8,5,3,1,1,1,8051220,0
large_arrays,8,before,4,fixed_winner,9,5,3,1,1,1,5400213,0
large_arrays,8,before,4,fixed_winner,10,5,3,1,1,1,6195105,0
large_arrays,8,before,4,fixed_winner,11,5,3,1,1,1,6264642,0
large_arrays,8,before,4,fixed_winner,12,5,3,1,1,1,5064033,0
large_arrays,8,before,4,fixed_winner,13,5,3,1,1,1,6304558,0
large_arrays,8,before,4,fixed_winner,14,5,3,1,1,1,7172257,0
large_arrays,8,before,4,fixed_winner,15,5,3,1,1,1,4961671,0
large_arrays,8,before,4,fixed_winner,16,5,3,1,1,1,5298503,0
large_arrays,8,before,4,fixed_winner,17,5,3,1,1,1,5006450,0
large_arrays,8,before,4,fixed_winner,18,5,3,1,1,1,5828067,0
large_arrays,8,before,4,fixed_winner,19,5,3,1,1,1,6944729,0
large_arrays,8,before,4,fixed_winner,20,5,3,1,1,1,6219205,0
large_arrays,8,before,4,fixed_winner,21,5,3,1,1,1,4824593,0
large_arrays,8,before,4,fixed_winner,22,5,3,1,1,1,5761098,0
large_arrays,8,before,4,fixed_winner,23,5,3,1,1,1,5069524,0
large_arrays,8,before,4,fixed_winner,24,5,3,1,1,1,5832176,0
large_arrays,8,after,4,native,0,7,7,1,0,1,6993367,1722179
large_arrays,8,after,4,native,1,7,7,1,0,1,6270926,1720645
large_arrays,8,after,4,native,2,7,7,1,0,1,6454390,1720654
large_arrays,8,after,4,native,3,7,7,1,0,1,6536624,1719663
large_arrays,8,after,4,native,4,7,7,1,0,1,6598805,1721527
large_arrays,8,after,4,native,5,7,7,1,0,1,7335638,1745559
large_arrays,8,after,4,native,6,7,7,1,0,1,7130399,1719698
large_arrays,8,after,4,native,7,7,7,1,0,1,6359715,1723987
large_arrays,8,after,4,native,8,7,7,1,0,1,6953556,1720259
large_arrays,8,after,4,native,9,7,7,1,0,1,7078344,1719964
large_arrays,8,after,4,native,10,7,7,1,0,1,6937622,1719091
large_arrays,8,after,4,native,11,7,7,1,0,1,6642602,1719110
large_arrays,8,after,4,native,12,7,7,1,0,1,6921661,1718017
large_arrays,8,after,4,native,13,7,7,1,0,1,7716184,1720828
large_arrays,8,after,4,native,14,7,7,1,0,1,6903653,1719854
large_arrays,8,after,4,native,15,7,7,1,0,1,6385971,1719772
large_arrays,8,after,4,native,16,7,7,1,0,1,6415286,1719156
large_arrays,8,after,4,native,17,7,7,1,0,1,6528200,1719248
large_arrays,8,after,4,native,18,7,7,1,0,1,6635502,1720515
large_arrays,8,after,4,native,19,7,7,1,0,1,7329374,1718734
large_arrays,8,after,4,native,20,7,7,1,0,1,7122096,1720185
large_arrays,8,after,4,native,21,7,7,1,0,1,6536245,1719018
large_arrays,8,after,4,native,22,7,7,1,0,1,6452609,1718973
large_arrays,8,after,4,native,23,7,7,1,0,1,6498188,1721967
large_arrays,8,after,4,native,24,7,7,1,0,1,6826396,1718853
large_arrays,8,after,4,fixed_winner,0,5,3,1,1,1,4953215,0
large_arrays,8,after,4,fixed_winner,1,5,3,1,1,1,4958060,0
large_arrays,8,after,4,fixed_winner,2,5,3,1,1,1,8017789,0
large_arrays,8,after,4,fixed_winner,3,5,3,1,1,1,4818384,0
large_arrays,8,after,4,fixed_winner,4,5,3,1,1,1,6307964,0
large_arrays,8,after,4,fixed_winner,5,5,3,1,1,1,4746227,0
large_arrays,8,after,4,fixed_winner,6,5,3,1,1,1,6147358,0
large_arrays,8,after,4,fixed_winner,7,5,3,1,1,1,4923336,0
large_arrays,8,after,4,fixed_winner,8,5,3,1,1,1,4896244,0
large_arrays,8,after,4,fixed_winner,9,5,3,1,1,1,4952292,0
large_arrays,8,after,4,fixed_winner,10,5,3,1,1,1,4871443,0
large_arrays,8,after,4,fixed_winner,11,5,3,1,1,1,4909529,0
large_arrays,8,after,4,fixed_winner,12,5,3,1,1,1,4884856,0
large_arrays,8,after,4,fixed_winner,13,5,3,1,1,1,7092506,0
large_arrays,8,after,4,fixed_winner,14,5,3,1,1,1,4941721,0
large_arrays,8,after,4,fixed_winner,15,5,3,1,1,1,5039224,0
large_arrays,8,after,4,fixed_winner,16,5,3,1,1,1,4919323,0
large_arrays,8,after,4,fixed_winner,17,5,3,1,1,1,5019863,0
large_arrays,8,after,4,fixed_winner,18,5,3,1,1,1,4841674,0
large_arrays,8,after,4,fixed_winner,19,5,3,1,1,1,4858783,0
large_arrays,8,after,4,fixed_winner,20,5,3,1,1,1,5326031,0
large_arrays,8,after,4,fixed_winner,21,5,3,1,1,1,4896230,0
large_arrays,8,after,4,fixed_winner,22,5,3,1,1,1,4689820,0
large_arrays,8,after,4,fixed_winner,23,5,3,1,1,1,4704896,0
large_arrays,8,after,4,fixed_winner,24,5,3,1,1,1,4860864,0
large_arrays,8,before,5,native,0,3,3,1,0,1,5146960,3695833
large_arrays,8,before,5,native,1,3,3,1,0,1,7528111,3696320
large_arrays,8,before,5,native,2,3,3,1,0,1,5159139,3695502
large_arrays,8,before,5,native,3,3,3,1,0,1,5354926,3698817
large_arrays,8,before,5,native,4,3,3,1,0,1,5300146,3694915
large_arrays,8,before,5,native,5,3,3,1,0,1,6468882,3735039
large_arrays,8,before,5,native,6,3,3,1,0,1,7278754,3689643
large_arrays,8,before,5,native,7,3,3,1,0,1,5908938,3690727
large_arrays,8,before,5,native,8,3,3,1,0,1,9010123,3694520
large_arrays,8,before,5,native,9,3,3,1,0,1,4831876,3689570
large_arrays,8,before,5,native,10,3,3,1,0,1,4895955,3689846
large_arrays,8,before,5,native,11,3,3,1,0,1,4770886,3689010
large_arrays,8,before,5,native,12,3,3,1,0,1,5116448,3692335
large_arrays,8,before,5,native,13,3,3,1,0,1,4986106,3700157
large_arrays,8,before,5,native,14,3,3,1,0,1,6891901,3686226
large_arrays,8,before,5,native,15,3,3,1,0,1,5053235,3686446
large_arrays,8,before,5,native,16,3,3,1,0,1,5302966,3690514
large_arrays,8,before,5,native,17,3,3,1,0,1,5044755,3689101
large_arrays,8,before,5,native,18,3,3,1,0,1,5139340,3689697
large_arrays,8,before,5,native,19,3,3,1,0,1,6887864,3689063
large_arrays,8,before,5,native,20,3,3,1,0,1,5249571,3686629
large_arrays,8,before,5,native,21,3,3,1,0,1,5216739,3699514
large_arrays,8,before,5,native,22,3,3,1,0,1,5084052,3684645
large_arrays,8,before,5,native,23,3,3,1,0,1,5497671,3684627
large_arrays,8,before,5,native,24,3,3,1,0,1,5015298,3684058
large_arrays,8,before,5,fixed_winner,0,5,3,1,1,1,6280532,0
large_arrays,8,before,5,fixed_winner,1,5,3,1,1,1,4982635,0
large_arrays,8,before,5,fixed_winner,2,5,3,1,1,1,6234467,0
large_arrays,8,before,5,fixed_winner,3,5,3,1,1,1,4648320,0
large_arrays,8,before,5,fixed_winner,4,5,3,1,1,1,6155228,0
large_arrays,8,before,5,fixed_winner,5,5,3,1,1,1,4810854,0
large_arrays,8,before,5,fixed_winner,6,5,3,1,1,1,4992840,0
large_arrays,8,before,5,fixed_winner,7,5,3,1,1,1,4963846,0
large_arrays,8,before,5,fixed_winner,8,5,3,1,1,1,4892608,0
large_arrays,8,before,5,fixed_winner,9,5,3,1,1,1,6783903,0
large_arrays,8,before,5,fixed_winner,10,5,3,1,1,1,4682611,0
large_arrays,8,before,5,fixed_winner,11,5,3,1,1,1,4858221,0
large_arrays,8,before,5,fixed_winner,12,5,3,1,1,1,5056382,0
large_arrays,8,before,5,fixed_winner,13,5,3,1,1,1,5446012,0
large_arrays,8,before,5,fixed_winner,14,5,3,1,1,1,4912457,0
large_arrays,8,before,5,fixed_winner,15,5,3,1,1,1,6817011,0
large_arrays,8,before,5,fixed_winner,16,5,3,1,1,1,5139420,0
large_arrays,8,before,5,fixed_winner,17,5,3,1,1,1,4980874,0
large_arrays,8,before,5,fixed_winner,18,5,3,1,1,1,4841509,0
large_arrays,8,before,5,fixed_winner,19,5,3,1,1,1,6148406,0
large_arrays,8,before,5,fixed_winner,20,5,3,1,1,1,5052112,0
large_arrays,8,before,5,fixed_winner,21,5,3,1,1,1,5009204,0
large_arrays,8,before,5,fixed_winner,22,5,3,1,1,1,8367352,0
large_arrays,8,before,5,fixed_winner,23,5,3,1,1,1,5075249,0
large_arrays,8,before,5,fixed_winner,24,5,3,1,1,1,4882414,0
large_arrays,8,after,5,native,0,7,7,1,0,1,6220842,1733834
large_arrays,8,after,5,native,1,7,7,1,0,1,6378854,1734367
large_arrays,8,after,5,native,2,7,7,1,0,1,6598714,1735184
large_arrays,8,after,5,native,3,7,7,1,0,1,7027843,1733532
large_arrays,8,after,5,native,4,7,7,1,0,1,6492282,1734661
large_arrays,8,after,5,native,5,7,7,1,0,1,6772406,1732980
large_arrays,8,after,5,native,6,7,7,1,0,1,6912835,1734275
large_arrays,8,after,5,native,7,7,7,1,0,1,6729881,1738573
large_arrays,8,after,5,native,8,7,7,1,0,1,6594658,1736847
large_arrays,8,after,5,native,9,7,7,1,0,1,6296530,1734211
large_arrays,8,after,5,native,10,7,7,1,0,1,7039405,1732640
large_arrays,8,after,5,native,11,7,7,1,0,1,6539781,1735038
large_arrays,8,after,5,native,12,7,7,1,0,1,6209734,1733265
large_arrays,8,after,5,native,13,7,7,1,0,1,6511118,1734386
large_arrays,8,after,5,native,14,7,7,1,0,1,6910327,1735992
large_arrays,8,after,5,native,15,7,7,1,0,1,6630065,1733981
large_arrays,8,after,5,native,16,7,7,1,0,1,6525510,1734569
large_arrays,8,after,5,native,17,7,7,1,0,1,6386311,1732732
large_arrays,8,after,5,native,18,7,7,1,0,1,6736213,1734495
large_arrays,8,after,5,native,19,7,7,1,0,1,6942884,1733182
large_arrays,8,after,5,native,20,7,7,1,0,1,6494780,1734220
large_arrays,8,after,5,native,21,7,7,1,0,1,7083359,1815687
large_arrays,8,after,5,native,22,7,7,1,0,1,7233385,1733548
large_arrays,8,after,5,native,23,7,7,1,0,1,6869488,1733870
large_arrays,8,after,5,native,24,7,7,1,0,1,6606720,1734136
large_arrays,8,after,5,fixed_winner,0,5,3,1,1,1,5621037,0
large_arrays,8,after,5,fixed_winner,1,5,3,1,1,1,4782530,0
large_arrays,8,after,5,fixed_winner,2,5,3,1,1,1,6391290,0
large_arrays,8,after,5,fixed_winner,3,5,3,1,1,1,4913175,0
large_arrays,8,after,5,fixed_winner,4,5,3,1,1,1,4803950,0
large_arrays,8,after,5,fixed_winner,5,5,3,1,1,1,5233803,0
large_arrays,8,after,5,fixed_winner,6,5,3,1,1,1,6156737,0
large_arrays,8,after,5,fixed_winner,7,5,3,1,1,1,5030684,0
large_arrays,8,after,5,fixed_winner,8,5,3,1,1,1,4875733,0
large_arrays,8,after,5,fixed_winner,9,5,3,1,1,1,4893373,0
large_arrays,8,after,5,fixed_winner,10,5,3,1,1,1,4916972,0
large_arrays,8,after,5,fixed_winner,11,5,3,1,1,1,5050146,0
large_arrays,8,after,5,fixed_winner,12,5,3,1,1,1,5115259,0
large_arrays,8,after,5,fixed_winner,13,5,3,1,1,1,5405797,0
large_arrays,8,after,5,fixed_winner,14,5,3,1,1,1,4989074,0
large_arrays,8,after,5,fixed_winner,15,5,3,1,1,1,4713138,0
large_arrays,8,after,5,fixed_winner,16,5,3,1,1,1,6386786,0
large_arrays,8,after,5,fixed_winner,17,5,3,1,1,1,8061237,0
large_arrays,8,after,5,fixed_winner,18,5,3,1,1,1,5839154,0
large_arrays,8,after,5,fixed_winner,19,5,3,1,1,1,6050816,0
large_arrays,8,after,5,fixed_winner,20,5,3,1,1,1,6465250,0
large_arrays,8,after,5,fixed_winner,21,5,3,1,1,1,5209556,0
large_arrays,8,after,5,fixed_winner,22,5,3,1,1,1,6967864,0
large_arrays,8,after,5,fixed_winner,23,5,3,1,1,1,5847196,0
large_arrays,8,after,5,fixed_winner,24,5,3,1,1,1,5628492,0
large_arrays,8,before,6,native,0,3,3,1,0,1,4897869,3718863
large_arrays,8,before,6,native,1,3,3,1,0,1,5075512,3718816
large_arrays,8,before,6,native,2,3,3,1,0,1,5202977,3720993
large_arrays,8,before,6,native,3,3,3,1,0,1,5036907,3719781
large_arrays,8,before,6,native,4,3,3,1,0,1,4955323,3718817
large_arrays,8,before,6,native,5,3,3,1,0,1,5129069,3745816
large_arrays,8,before,6,native,6,3,3,1,0,1,6959857,3712204
large_arrays,8,before,6,native,7,3,3,1,0,1,4885394,3710275
large_arrays,8,before,6,native,8,3,3,1,0,1,5119837,3711376
large_arrays,8,before,6,native,9,3,3,1,0,1,7091460,3710632
large_arrays,8,before,6,native,10,3,3,1,0,1,5866556,3711809
large_arrays,8,before,6,native,11,3,3,1,0,1,4847323,3710559
large_arrays,8,before,6,native,12,3,3,1,0,1,4933461,3711524
large_arrays,8,before,6,native,13,3,3,1,0,1,5357466,3709677
large_arrays,8,before,6,native,14,3,3,1,0,1,4873754,3711983
large_arrays,8,before,6,native,15,3,3,1,0,1,5051804,3710119
large_arrays,8,before,6,native,16,3,3,1,0,1,5151948,3714647
large_arrays,8,before,6,native,17,3,3,1,0,1,4919989,3710384
large_arrays,8,before,6,native,18,3,3,1,0,1,5920000,3716869
large_arrays,8,before,6,native,19,3,3,1,0,1,4946952,3710265
large_arrays,8,before,6,native,20,3,3,1,0,1,5065096,3712157
large_arrays,8,before,6,native,21,3,3,1,0,1,5033661,3715450
large_arrays,8,before,6,native,22,3,3,1,0,1,5744654,3708415
large_arrays,8,before,6,native,23,3,3,1,0,1,4833193,3706634
large_arrays,8,before,6,native,24,3,3,1,0,1,7130454,3706964
large_arrays,8,before,6,fixed_winner,0,5,3,1,1,1,4868261,0
large_arrays,8,before,6,fixed_winner,1,5,3,1,1,1,4905004,0
large_arrays,8,before,6,fixed_winner,2,5,3,1,1,1,4886456,0
large_arrays,8,before,6,fixed_winner,3,5,3,1,1,1,6823748,0
large_arrays,8,before,6,fixed_winner,4,5,3,1,1,1,4976605,0
large_arrays,8,before,6,fixed_winner,5,5,3,1,1,1,6008901,0
large_arrays,8,before,6,fixed_winner,6,5,3,1,1,1,5171491,0
large_arrays,8,before,6,fixed_winner,7,5,3,1,1,1,4924644,0
large_arrays,8,before,6,fixed_winner,8,5,3,1,1,1,6544659,0
large_arrays,8,before,6,fixed_winner,9,5,3,1,1,1,6150747,0
large_arrays,8,before,6,fixed_winner,10,5,3,1,1,1,4896575,0
large_arrays,8,before,6,fixed_winner,11,5,3,1,1,1,4794419,0
large_arrays,8,before,6,fixed_winner,12,5,3,1,1,1,7060423,0
large_arrays,8,before,6,fixed_winner,13,5,3,1,1,1,4973168,0
large_arrays,8,before,6,fixed_winner,14,5,3,1,1,1,4890229,0
large_arrays,8,before,6,fixed_winner,15,5,3,1,1,1,4821641,0
large_arrays,8,before,6,fixed_winner,16,5,3,1,1,1,6749054,0
large_arrays,8,before,6,fixed_winner,17,5,3,1,1,1,4922703,0
large_arrays,8,before,6,fixed_winner,18,5,3,1,1,1,4902173,0
large_arrays,8,before,6,fixed_winner,19,5,3,1,1,1,4746925,0
large_arrays,8,before,6,fixed_winner,20,5,3,1,1,1,6064588,0
large_arrays,8,before,6,fixed_winner,21,5,3,1,1,1,4872146,0
large_arrays,8,before,6,fixed_winner,22,5,3,1,1,1,5560176,0
large_arrays,8,before,6,fixed_winner,23,5,3,1,1,1,4804177,0
large_arrays,8,before,6,fixed_winner,24,5,3,1,1,1,4739312,0
large_arrays,8,after,6,native,0,7,7,1,0,1,6583506,1723217
large_arrays,8,after,6,native,1,7,7,1,0,1,6804544,1726909
large_arrays,8,after,6,native,2,7,7,1,0,1,6715039,1724650
large_arrays,8,after,6,native,3,7,7,1,0,1,6580194,1725367
large_arrays,8,after,6,native,4,7,7,1,0,1,6646472,1726175
large_arrays,8,after,6,native,5,7,7,1,0,1,7215789,1724687
large_arrays,8,after,6,native,6,7,7,1,0,1,6502294,1725330
large_arrays,8,after,6,native,7,7,7,1,0,1,6319231,1723438
large_arrays,8,after,6,native,8,7,7,1,0,1,6301210,1725495
large_arrays,8,after,6,native,9,7,7,1,0,1,6799557,1723677
large_arrays,8,after,6,native,10,7,7,1,0,1,7255816,1725183
large_arrays,8,after,6,native,11,7,7,1,0,1,6459555,1725688
large_arrays,8,after,6,native,12,7,7,1,0,1,6296849,1725825
large_arrays,8,after,6,native,13,7,7,1,0,1,6887626,1727102
large_arrays,8,after,6,native,14,7,7,1,0,1,6051843,1725137
large_arrays,8,after,6,native,15,7,7,1,0,1,6779680,1731161
large_arrays,8,after,6,native,16,7,7,1,0,1,7088401,1725496
large_arrays,8,after,6,native,17,7,7,1,0,1,6765397,1726552
large_arrays,8,after,6,native,18,7,7,1,0,1,7700509,1725780
large_arrays,8,after,6,native,19,7,7,1,0,1,6598980,1725578
large_arrays,8,after,6,native,20,7,7,1,0,1,6907232,1726230
large_arrays,8,after,6,native,21,7,7,1,0,1,6941970,1766450
large_arrays,8,after,6,native,22,7,7,1,0,1,6917615,1727703
large_arrays,8,after,6,native,23,7,7,1,0,1,7087262,1730229
large_arrays,8,after,6,native,24,7,7,1,0,1,7330392,1728567
large_arrays,8,after,6,fixed_winner,0,5,3,1,1,1,5488409,0
large_arrays,8,after,6,fixed_winner,1,5,3,1,1,1,6275582,0
large_arrays,8,after,6,fixed_winner,2,5,3,1,1,1,5607609,0
large_arrays,8,after,6,fixed_winner,3,5,3,1,1,1,5057603,0
large_arrays,8,after,6,fixed_winner,4,5,3,1,1,1,5092452,0
large_arrays,8,after,6,fixed_winner,5,5,3,1,1,1,5003046,0
large_arrays,8,after,6,fixed_winner,6,5,3,1,1,1,6531910,0
large_arrays,8,after,6,fixed_winner,7,5,3,1,1,1,4849911,0
large_arrays,8,after,6,fixed_winner,8,5,3,1,1,1,6457689,0
large_arrays,8,after,6,fixed_winner,9,5,3,1,1,1,5010187,0
large_arrays,8,after,6,fixed_winner,10,5,3,1,1,1,5172317,0
large_arrays,8,after,6,fixed_winner,11,5,3,1,1,1,6078232,0
large_arrays,8,after,6,fixed_winner,12,5,3,1,1,1,6259152,0
large_arrays,8,after,6,fixed_winner,13,5,3,1,1,1,4945901,0
large_arrays,8,after,6,fixed_winner,14,5,3,1,1,1,5042679,0
large_arrays,8,after,6,fixed_winner,15,5,3,1,1,1,5198951,0
large_arrays,8,after,6,fixed_winner,16,5,3,1,1,1,4694275,0
large_arrays,8,after,6,fixed_winner,17,5,3,1,1,1,4867398,0
large_arrays,8,after,6,fixed_winner,18,5,3,1,1,1,5833769,0
large_arrays,8,after,6,fixed_winner,19,5,3,1,1,1,5006481,0
large_arrays,8,after,6,fixed_winner,20,5,3,1,1,1,5840005,0
large_arrays,8,after,6,fixed_winner,21,5,3,1,1,1,5027531,0
large_arrays,8,after,6,fixed_winner,22,5,3,1,1,1,4981001,0
large_arrays,8,after,6,fixed_winner,23,5,3,1,1,1,7302755,0
large_arrays,8,after,6,fixed_winner,24,5,3,1,1,1,6118112,0
large_arrays,8,after,7,native,0,7,7,1,0,1,7391539,1749748
large_arrays,8,after,7,native,1,7,7,1,0,1,6517878,1752080
large_arrays,8,after,7,native,2,7,7,1,0,1,6463941,1751539
large_arrays,8,after,7,native,3,7,7,1,0,1,6561731,1752053
large_arrays,8,after,7,native,4,7,7,1,0,1,6365894,1751998
large_arrays,8,after,7,native,5,7,7,1,0,1,7239250,1750464
large_arrays,8,after,7,native,6,7,7,1,0,1,7009135,1750537
large_arrays,8,after,7,native,7,7,7,1,0,1,6850223,1750713
large_arrays,8,after,7,native,8,7,7,1,0,1,6364363,1752228
large_arrays,8,after,7,native,9,7,7,1,0,1,6615726,1753035
large_arrays,8,after,7,native,10,7,7,1,0,1,6518203,1751227
large_arrays,8,after,7,native,11,7,7,1,0,1,6922118,1751613
large_arrays,8,after,7,native,12,7,7,1,0,1,6644221,1750317
large_arrays,8,after,7,native,13,7,7,1,0,1,6385805,1751061
large_arrays,8,after,7,native,14,7,7,1,0,1,7092056,1749087
large_arrays,8,after,7,native,15,7,7,1,0,1,6921577,1751769
large_arrays,8,after,7,native,16,7,7,1,0,1,6505563,1750052
large_arrays,8,after,7,native,17,7,7,1,0,1,6481060,1749628
large_arrays,8,after,7,native,18,7,7,1,0,1,6394419,1752053
large_arrays,8,after,7,native,19,7,7,1,0,1,7213743,1750198
large_arrays,8,after,7,native,20,7,7,1,0,1,6425607,1752641
large_arrays,8,after,7,native,21,7,7,1,0,1,7756015,1749932
large_arrays,8,after,7,native,22,7,7,1,0,1,6674026,1750694
large_arrays,8,after,7,native,23,7,7,1,0,1,6712292,1754010
large_arrays,8,after,7,native,24,7,7,1,0,1,6746747,1750308
large_arrays,8,after,7,fixed_winner,0,5,3,1,1,1,6237084,0
large_arrays,8,after,7,fixed_winner,1,5,3,1,1,1,5306557,0
large_arrays,8,after,7,fixed_winner,2,5,3,1,1,1,5003638,0
large_arrays,8,after,7,fixed_winner,3,5,3,1,1,1,6759531,0
large_arrays,8,after,7,fixed_winner,4,5,3,1,1,1,6343680,0
large_arrays,8,after,7,fixed_winner,5,5,3,1,1,1,6756527,0
large_arrays,8,after,7,fixed_winner,6,5,3,1,1,1,4802157,0
large_arrays,8,after,7,fixed_winner,7,5,3,1,1,1,6776612,0
large_arrays,8,after,7,fixed_winner,8,5,3,1,1,1,6498987,0
large_arrays,8,after,7,fixed_winner,9,5,3,1,1,1,4976923,0
large_arrays,8,after,7,fixed_winner,10,5,3,1,1,1,4913446,0
large_arrays,8,after,7,fixed_winner,11,5,3,1,1,1,6140177,0
large_arrays,8,after,7,fixed_winner,12,5,3,1,1,1,6883410,0
large_arrays,8,after,7,fixed_winner,13,5,3,1,1,1,4767644,0
large_arrays,8,after,7,fixed_winner,14,5,3,1,1,1,6505351,0
large_arrays,8,after,7,fixed_winner,15,5,3,1,1,1,4891368,0
large_arrays,8,after,7,fixed_winner,16,5,3,1,1,1,6923543,0
large_arrays,8,after,7,fixed_winner,17,5,3,1,1,1,4786094,0
large_arrays,8,after,7,fixed_winner,18,5,3,1,1,1,7149904,0
large_arrays,8,after,7,fixed_winner,19,5,3,1,1,1,4797794,0
large_arrays,8,after,7,fixed_winner,20,5,3,1,1,1,5554729,0
large_arrays,8,after,7,fixed_winner,21,5,3,1,1,1,4923484,0
large_arrays,8,after,7,fixed_winner,22,5,3,1,1,1,6924663,0
large_arrays,8,after,7,fixed_winner,23,5,3,1,1,1,5438124,0
large_arrays,8,after,7,fixed_winner,24,5,3,1,1,1,4699941,0
large_arrays,8,before,7,native,0,3,3,1,0,1,7051712,4208158
large_arrays,8,before,7,native,1,3,3,1,0,1,8716463,4205449
large_arrays,8,before,7,native,2,3,3,1,0,1,6141646,4207369
large_arrays,8,before,7,native,3,3,3,1,0,1,4996760,4207644
large_arrays,8,before,7,native,4,3,3,1,0,1,5713295,4206019
large_arrays,8,before,7,native,5,3,3,1,0,1,5134412,4250907
large_arrays,8,before,7,native,6,3,3,1,0,1,5196784,4197927
large_arrays,8,before,7,native,7,3,3,1,0,1,5106704,4198385
large_arrays,8,before,7,native,8,3,3,1,0,1,5086220,4198064
large_arrays,8,before,7,native,9,3,3,1,0,1,5760667,4197292
large_arrays,8,before,7,native,10,3,3,1,0,1,5057273,4198404
large_arrays,8,before,7,native,11,3,3,1,0,1,4971060,4197514
large_arrays,8,before,7,native,12,3,3,1,0,1,5806131,4197596
large_arrays,8,before,7,native,13,3,3,1,0,1,4875544,4197733
large_arrays,8,before,7,native,14,3,3,1,0,1,4963621,4197128
large_arrays,8,before,7,native,15,3,3,1,0,1,5328951,4197834
large_arrays,8,before,7,native,16,3,3,1,0,1,5224398,4198055
large_arrays,8,before,7,native,17,3,3,1,0,1,5062590,4197679
large_arrays,8,before,7,native,18,3,3,1,0,1,7073693,4201058
large_arrays,8,before,7,native,19,3,3,1,0,1,5127212,4197541
large_arrays,8,before,7,native,20,3,3,1,0,1,5919489,4199047
large_arrays,8,before,7,native,21,3,3,1,0,1,5536491,4206828
large_arrays,8,before,7,native,22,3,3,1,0,1,5053122,4195228
large_arrays,8,before,7,native,23,3,3,1,0,1,4919327,4193181
large_arrays,8,before,7,native,24,3,3,1,0,1,4950695,4198526
large_arrays,8,before,7,fixed_winner,0,5,3,1,1,1,4932629,0
large_arrays,8,before,7,fixed_winner,1,5,3,1,1,1,4925459,0
large_arrays,8,before,7,fixed_winner,2,5,3,1,1,1,4975913,0
large_arrays,8,before,7,fixed_winner,3,5,3,1,1,1,6837675,0
large_arrays,8,before,7,fixed_winner,4,5,3,1,1,1,4960931,0
large_arrays,8,before,7,fixed_winner,5,5,3,1,1,1,4836031,0
large_arrays,8,before,7,fixed_winner,6,5,3,1,1,1,4887611,0
large_arrays,8,before,7,fixed_winner,7,5,3,1,1,1,5013878,0
large_arrays,8,before,7,fixed_winner,8,5,3,1,1,1,5316367,0
large_arrays,8,before,7,fixed_winner,9,5,3,1,1,1,6163504,0
large_arrays,8,before,7,fixed_winner,10,5,3,1,1,1,6152768,0
large_arrays,8,before,7,fixed_winner,11,5,3,1,1,1,4761095,0
large_arrays,8,before,7,fixed_winner,12,5,3,1,1,1,6266426,0
large_arrays,8,before,7,fixed_winner,13,5,3,1,1,1,6391702,0
large_arrays,8,before,7,fixed_winner,14,5,3,1,1,1,6973237,0
large_arrays,8,before,7,fixed_winner,15,5,3,1,1,1,6218944,0
large_arrays,8,before,7,fixed_winner,16,5,3,1,1,1,6432672,0
large_arrays,8,before,7,fixed_winner,17,5,3,1,1,1,6315650,0
large_arrays,8,before,7,fixed_winner,18,5,3,1,1,1,6962666,0
large_arrays,8,before,7,fixed_winner,19,5,3,1,1,1,8653684,0
large_arrays,8,before,7,fixed_winner,20,5,3,1,1,1,5859575,0
large_arrays,8,before,7,fixed_winner,21,5,3,1,1,1,4888612,0
large_arrays,8,before,7,fixed_winner,22,5,3,1,1,1,5908934,0
large_arrays,8,before,7,fixed_winner,23,5,3,1,1,1,4961854,0
large_arrays,8,before,7,fixed_winner,24,5,3,1,1,1,6323599,0
large_arrays,8,before,8,native,0,3,3,1,0,1,4718887,3722967
large_arrays,8,before,8,native,1,3,3,1,0,1,5087946,3723335
large_arrays,8,before,8,native,2,3,3,1,0,1,4917330,3724152
large_arrays,8,before,8,native,3,3,3,1,0,1,5329350,3721480
large_arrays,8,before,8,native,4,3,3,1,0,1,5024984,3722306
large_arrays,8,before,8,native,5,3,3,1,0,1,5191654,3743503
large_arrays,8,before,8,native,6,3,3,1,0,1,4779881,3717256
large_arrays,8,before,8,native,7,3,3,1,0,1,4949674,3715034
large_arrays,8,before,8,native,8,3,3,1,0,1,5056062,3716108
large_arrays,8,before,8,native,9,3,3,1,0,1,7147301,3714362
large_arrays,8,before,8,native,10,3,3,1,0,1,4944110,3716071
large_arrays,8,before,8,native,11,3,3,1,0,1,5018797,3716879
large_arrays,8,before,8,native,12,3,3,1,0,1,5202661,3717044
large_arrays,8,before,8,native,13,3,3,1,0,1,4954470,3716163
large_arrays,8,before,8,native,14,3,3,1,0,1,5030722,3715869
large_arrays,8,before,8,native,15,3,3,1,0,1,4756403,3716879
large_arrays,8,before,8,native,16,3,3,1,0,1,5104036,3716052
large_arrays,8,before,8,native,17,3,3,1,0,1,4887712,3715860
large_arrays,8,before,8,native,18,3,3,1,0,1,5009167,3714133
large_arrays,8,before,8,native,19,3,3,1,0,1,6802695,3716127
large_arrays,8,before,8,native,20,3,3,1,0,1,5042910,3715290
large_arrays,8,before,8,native,21,3,3,1,0,1,4950153,3725189
large_arrays,8,before,8,native,22,3,3,1,0,1,4941786,3714039
large_arrays,8,before,8,native,23,3,3,1,0,1,5757351,3716639
large_arrays,8,before,8,native,24,3,3,1,0,1,5946565,3714315
large_arrays,8,before,8,fixed_winner,0,5,3,1,1,1,6640848,0
large_arrays,8,before,8,fixed_winner,1,5,3,1,1,1,5123470,0
large_arrays,8,before,8,fixed_winner,2,5,3,1,1,1,6405589,0
large_arrays,8,before,8,fixed_winner,3,5,3,1,1,1,4971000,0
large_arrays,8,before,8,fixed_winner,4,5,3,1,1,1,4991644,0
large_arrays,8,before,8,fixed_winner,5,5,3,1,1,1,5619509,0
large_arrays,8,before,8,fixed_winner,6,5,3,1,1,1,5230979,0
large_arrays,8,before,8,fixed_winner,7,5,3,1,1,1,6842440,0
large_arrays,8,before,8,fixed_winner,8,5,3,1,1,1,6292565,0
large_arrays,8,before,8,fixed_winner,9,5,3,1,1,1,6381104,0
large_arrays,8,before,8,fixed_winner,10,5,3,1,1,1,6179969,0
large_arrays,8,before,8,fixed_winner,11,5,3,1,1,1,6460479,0
large_arrays,8,before,8,fixed_winner,12,5,3,1,1,1,5941283,0
large_arrays,8,before,8,fixed_winner,13,5,3,1,1,1,7290875,0
large_arrays,8,before,8,fixed_winner,14,5,3,1,1,1,7616403,0
large_arrays,8,before,8,fixed_winner,15,5,3,1,1,1,5428885,0
large_arrays,8,before,8,fixed_winner,16,5,3,1,1,1,6453866,0
large_arrays,8,before,8,fixed_winner,17,5,3,1,1,1,5078645,0
large_arrays,8,before,8,fixed_winner,18,5,3,1,1,1,4761169,0
large_arrays,8,before,8,fixed_winner,19,5,3,1,1,1,5191297,0
large_arrays,8,before,8,fixed_winner,20,5,3,1,1,1,4827132,0
large_arrays,8,before,8,fixed_winner,21,5,3,1,1,1,6194682,0
large_arrays,8,before,8,fixed_winner,22,5,3,1,1,1,5342299,0
large_arrays,8,before,8,fixed_winner,23,5,3,1,1,1,5207943,0
large_arrays,8,before,8,fixed_winner,24,5,3,1,1,1,4951714,0
large_arrays,8,after,8,native,0,7,7,1,0,1,6657292,1705657
large_arrays,8,after,8,native,1,7,7,1,0,1,6708826,1705170
large_arrays,8,after,8,native,2,7,7,1,0,1,6974807,1704168
large_arrays,8,after,8,native,3,7,7,1,0,1,6603223,1706216
large_arrays,8,after,8,native,4,7,7,1,0,1,6817011,1703783
large_arrays,8,after,8,native,5,7,7,1,0,1,6739106,1719902
large_arrays,8,after,8,native,6,7,7,1,0,1,7274079,1703362
large_arrays,8,after,8,native,7,7,7,1,0,1,6948560,1704262
large_arrays,8,after,8,native,8,7,7,1,0,1,7332258,1704850
large_arrays,8,after,8,native,9,7,7,1,0,1,7098852,1704151
large_arrays,8,after,8,native,10,7,7,1,0,1,6839677,1703353
large_arrays,8,after,8,native,11,7,7,1,0,1,6347206,1704831
large_arrays,8,after,8,native,12,7,7,1,0,1,6589860,1703123
large_arrays,8,after,8,native,13,7,7,1,0,1,6972942,1702930
large_arrays,8,after,8,native,14,7,7,1,0,1,7038873,1703959
large_arrays,8,after,8,native,15,7,7,1,0,1,6583698,1704739
large_arrays,8,after,8,native,16,7,7,1,0,1,7816389,1704914
large_arrays,8,after,8,native,17,7,7,1,0,1,6828560,1703399
large_arrays,8,after,8,native,18,7,7,1,0,1,6791646,1702856
large_arrays,8,after,8,native,19,7,7,1,0,1,6713708,1703628
large_arrays,8,after,8,native,20,7,7,1,0,1,6622261,1703096
large_arrays,8,after,8,native,21,7,7,1,0,1,6703803,1703490
large_arrays,8,after,8,native,22,7,7,1,0,1,6536388,1703922
large_arrays,8,after,8,native,23,7,7,1,0,1,6727721,1703931
large_arrays,8,after,8,native,24,7,7,1,0,1,6603012,1704684
large_arrays,8,after,8,fixed_winner,0,5,3,1,1,1,4982865,0
large_arrays,8,after,8,fixed_winner,1,5,3,1,1,1,6800802,0
large_arrays,8,after,8,fixed_winner,2,5,3,1,1,1,5034515,0
large_arrays,8,after,8,fixed_winner,3,5,3,1,1,1,5001729,0
large_arrays,8,after,8,fixed_winner,4,5,3,1,1,1,4964489,0
large_arrays,8,after,8,fixed_winner,5,5,3,1,1,1,7055376,0
large_arrays,8,after,8,fixed_winner,6,5,3,1,1,1,4965517,0
large_arrays,8,after,8,fixed_winner,7,5,3,1,1,1,8185053,0
large_arrays,8,after,8,fixed_winner,8,5,3,1,1,1,6205326,0
large_arrays,8,after,8,fixed_winner,9,5,3,1,1,1,5244190,0
large_arrays,8,after,8,fixed_winner,10,5,3,1,1,1,4994024,0
large_arrays,8,after,8,fixed_winner,11,5,3,1,1,1,5249030,0
large_arrays,8,after,8,fixed_winner,12,5,3,1,1,1,6770110,0
large_arrays,8,after,8,fixed_winner,13,5,3,1,1,1,5259490,0
large_arrays,8,after,8,fixed_winner,14,5,3,1,1,1,7034295,0
large_arrays,8,after,8,fixed_winner,15,5,3,1,1,1,7290752,0
large_arrays,8,after,8,fixed_winner,16,5,3,1,1,1,6540506,0
large_arrays,8,after,8,fixed_winner,17,5,3,1,1,1,5063995,0
large_arrays,8,after,8,fixed_winner,18,5,3,1,1,1,5261997,0
large_arrays,8,after,8,fixed_winner,19,5,3,1,1,1,5230157,0
large_arrays,8,after,8,fixed_winner,20,5,3,1,1,1,7052731,0
large_arrays,8,after,8,fixed_winner,21,5,3,1,1,1,5070809,0
large_arrays,8,after,8,fixed_winner,22,5,3,1,1,1,5298181,0
large_arrays,8,after,8,fixed_winner,23,5,3,1,1,1,5037160,0
large_arrays,8,after,8,fixed_winner,24,5,3,1,1,1,4987660,0
mixed_short_ordinary,6,after,0,native,0,1,1,1,0,1,232423,250577
mixed_short_ordinary,6,after,0,native,1,1,1,1,0,1,222900,250880
mixed_short_ordinary,6,after,0,native,2,1,1,1,0,1,222542,250613
mixed_short_ordinary,6,after,0,native,3,1,1,1,0,1,225563,250576
mixed_short_ordinary,6,after,0,native,4,1,1,1,0,1,230706,250605
mixed_short_ordinary,6,after,0,native,5,1,1,1,0,1,232294,258348
mixed_short_ordinary,6,after,0,native,6,1,1,1,0,1,223496,250028
mixed_short_ordinary,6,after,0,native,7,1,1,1,0,1,229668,250020
mixed_short_ordinary,6,after,0,native,8,1,1,1,0,1,242516,250019
mixed_short_ordinary,6,after,0,native,9,1,1,1,0,1,254152,250386
mixed_short_ordinary,6,after,0,native,10,1,1,1,0,1,224911,250442
mixed_short_ordinary,6,after,0,native,11,1,1,1,0,1,222495,249946
mixed_short_ordinary,6,after,0,native,12,1,1,1,0,1,222826,249982
mixed_short_ordinary,6,after,0,native,13,1,1,1,0,1,222513,249983
mixed_short_ordinary,6,after,0,native,14,1,1,1,0,1,229117,249899
mixed_short_ordinary,6,after,0,native,15,1,1,1,0,1,222678,250111
mixed_short_ordinary,6,after,0,native,16,1,1,1,0,1,222551,249992
mixed_short_ordinary,6,after,0,native,17,1,1,1,0,1,222468,249945
mixed_short_ordinary,6,after,0,native,18,1,1,1,0,1,222431,249909
mixed_short_ordinary,6,after,0,native,19,1,1,1,0,1,222504,249964
mixed_short_ordinary,6,after,0,native,20,1,1,1,0,1,222734,249954
mixed_short_ordinary,6,after,0,native,21,1,1,1,0,1,228474,255527
mixed_short_ordinary,6,after,0,native,22,1,1,1,0,1,230549,249594
mixed_short_ordinary,6,after,0,native,23,1,1,1,0,1,222577,249622
mixed_short_ordinary,6,after,0,native,24,1,1,1,0,1,224286,249576
mixed_short_ordinary,6,after,0,fixed_winner,0,5,1,1,23,1,267798,0
mixed_short_ordinary,6,after,0,fixed_winner,1,5,1,1,23,1,254895,0
mixed_short_ordinary,6,after,0,fixed_winner,2,5,1,1,23,1,231991,0
mixed_short_ordinary,6,after,0,fixed_winner,3,5,1,1,23,1,212164,0
mixed_short_ordinary,6,after,0,fixed_winner,4,5,1,1,23,1,214367,0
mixed_short_ordinary,6,after,0,fixed_winner,5,5,1,1,23,1,213807,0
mixed_short_ordinary,6,after,0,fixed_winner,6,5,1,1,23,1,213899,0
mixed_short_ordinary,6,after,0,fixed_winner,7,5,1,1,23,1,213596,0
mixed_short_ordinary,6,after,0,fixed_winner,8,5,1,1,23,1,211823,0
mixed_short_ordinary,6,after,0,fixed_winner,9,5,1,1,23,1,208977,0
mixed_short_ordinary,6,after,0,fixed_winner,10,5,1,1,23,1,253886,0
mixed_short_ordinary,6,after,0,fixed_winner,11,5,1,1,23,1,248999,0
mixed_short_ordinary,6,after,0,fixed_winner,12,5,1,1,23,1,233038,0
mixed_short_ordinary,6,after,0,fixed_winner,13,5,1,1,23,1,241037,0
mixed_short_ordinary,6,after,0,fixed_winner,14,5,1,1,23,1,241331,0
mixed_short_ordinary,6,after,0,fixed_winner,15,5,1,1,23,1,266770,0
mixed_short_ordinary,6,after,0,fixed_winner,16,5,1,1,23,1,240091,0
mixed_short_ordinary,6,after,0,fixed_winner,17,5,1,1,23,1,235463,0
mixed_short_ordinary,6,after,0,fixed_winner,18,5,1,1,23,1,265704,0
mixed_short_ordinary,6,after,0,fixed_winner,19,5,1,1,23,1,242534,0
mixed_short_ordinary,6,after,0,fixed_winner,20,5,1,1,23,1,469438,0
mixed_short_ordinary,6,after,0,fixed_winner,21,5,1,1,23,1,279877,0
mixed_short_ordinary,6,after,0,fixed_winner,22,5,1,1,23,1,637132,0
mixed_short_ordinary,6,after,0,fixed_winner,23,5,1,1,23,1,231303,0
mixed_short_ordinary,6,after,0,fixed_winner,24,5,1,1,23,1,257366,0
mixed_short_ordinary,6,before,0,native,0,1,1,1,0,1,229879,234002
mixed_short_ordinary,6,before,0,native,1,1,1,1,0,1,224681,234306
mixed_short_ordinary,6,before,0,native,2,1,1,1,0,1,222504,234039
mixed_short_ordinary,6,before,0,native,3,1,1,1,0,1,222486,234021
mixed_short_ordinary,6,before,0,native,4,1,1,1,0,1,222789,234003
mixed_short_ordinary,6,before,0,native,5,1,1,1,0,1,242516,253358
mixed_short_ordinary,6,before,0,native,6,1,1,1,0,1,222963,233769
mixed_short_ordinary,6,before,0,native,7,1,1,1,0,1,265163,233559
mixed_short_ordinary,6,before,0,native,8,1,1,1,0,1,222945,233843
mixed_short_ordinary,6,before,0,native,9,1,1,1,0,1,229246,233448
mixed_short_ordinary,6,before,0,native,10,1,1,1,0,1,225746,233568
mixed_short_ordinary,6,before,0,native,11,1,1,1,0,1,223864,233531
mixed_short_ordinary,6,before,0,native,12,1,1,1,0,1,224066,233457
mixed_short_ordinary,6,before,0,native,13,1,1,1,0,1,223800,233476
mixed_short_ordinary,6,before,0,native,14,1,1,1,0,1,223754,233457
mixed_short_ordinary,6,before,0,native,15,1,1,1,0,1,224130,233586
mixed_short_ordinary,6,before,0,native,16,1,1,1,0,1,223827,233485
mixed_short_ordinary,6,before,0,native,17,1,1,1,0,1,223781,233476
mixed_short_ordinary,6,before,0,native,18,1,1,1,0,1,223772,233467
mixed_short_ordinary,6,before,0,native,19,1,1,1,0,1,223772,233467
mixed_short_ordinary,6,before,0,native,20,1,1,1,0,1,224166,233476
mixed_short_ordinary,6,before,0,native,21,1,1,1,0,1,235270,241407
mixed_short_ordinary,6,before,0,native,22,1,1,1,0,1,242094,233270
mixed_short_ordinary,6,before,0,native,23,1,1,1,0,1,245537,233463
mixed_short_ordinary,6,before,0,native,24,1,1,1,0,1,227299,233408
mixed_short_ordinary,6,before,0,fixed_winner,0,5,1,1,23,1,243297,0
mixed_short_ordinary,6,before,0,fixed_winner,1,5,1,1,23,1,242185,0
mixed_short_ordinary,6,before,0,fixed_winner,2,5,1,1,23,1,243609,0
mixed_short_ordinary,6,before,0,fixed_winner,3,5,1,1,23,1,242984,0
mixed_short_ordinary,6,before,0,fixed_winner,4,5,1,1,23,1,255474,0
mixed_short_ordinary,6,before,0,fixed_winner,5,5,1,1,23,1,335501,0
mixed_short_ordinary,6,before,0,fixed_winner,6,5,1,1,23,1,242296,0
mixed_short_ordinary,6,before,0,fixed_winner,7,5,1,1,23,1,239164,0
mixed_short_ordinary,6,before,0,fixed_winner,8,5,1,1,23,1,248853,0
mixed_short_ordinary,6,before,0,fixed_winner,9,5,1,1,23,1,350802,0
mixed_short_ordinary,6,before,0,fixed_winner,10,5,1,1,23,1,275835,0
mixed_short_ordinary,6,before,0,fixed_winner,11,5,1,1,23,1,251102,0
mixed_short_ordinary,6,before,0,fixed_winner,12,5,1,1,23,1,247162,0
mixed_short_ordinary,6,before,0,fixed_winner,13,5,1,1,23,1,246951,0
mixed_short_ordinary,6,before,0,fixed_winner,14,5,1,1,23,1,250065,0
mixed_short_ordinary,6,before,0,fixed_winner,15,5,1,1,23,1,244444,0
mixed_short_ordinary,6,before,0,fixed_winner,16,5,1,1,23,1,243434,0
mixed_short_ordinary,6,before,0,fixed_winner,17,5,1,1,23,1,245482,0
mixed_short_ordinary,6,before,0,fixed_winner,18,5,1,1,23,1,251672,0
mixed_short_ordinary,6,before,0,fixed_winner,19,5,1,1,23,1,264227,0
mixed_short_ordinary,6,before,0,fixed_winner,20,5,1,1,23,1,253105,0
mixed_short_ordinary,6,before,0,fixed_winner,21,5,1,1,23,1,251884,0
mixed_short_ordinary,6,before,0,fixed_winner,22,5,1,1,23,1,246621,0
mixed_short_ordinary,6,before,0,fixed_winner,23,5,1,1,23,1,250034,0
mixed_short_ordinary,6,before,0,fixed_winner,24,5,1,1,23,1,251969,0
mixed_short_ordinary,6,before,1,native,0,1,1,1,0,1,230284,224410
mixed_short_ordinary,6,before,1,native,1,1,1,1,0,1,222807,224071
mixed_short_ordinary,6,before,1,native,2,1,1,1,0,1,222523,223850
mixed_short_ordinary,6,before,1,native,3,1,1,1,0,1,223028,223860
mixed_short_ordinary,6,before,1,native,4,1,1,1,0,1,226003,223896
mixed_short_ordinary,6,before,1,native,5,1,1,1,0,1,250653,240521
mixed_short_ordinary,6,before,1,native,6,1,1,1,0,1,224084,223568
mixed_short_ordinary,6,before,1,native,7,1,1,1,0,1,223074,223375
mixed_short_ordinary,6,before,1,native,8,1,1,1,0,1,222761,223467
mixed_short_ordinary,6,before,1,native,9,1,1,1,0,1,222495,223329
mixed_short_ordinary,6,before,1,native,10,1,1,1,0,1,222532,223403
mixed_short_ordinary,6,before,1,native,11,1,1,1,0,1,222477,223357
mixed_short_ordinary,6,before,1,native,12,1,1,1,0,1,224580,223384
mixed_short_ordinary,6,before,1,native,13,1,1,1,0,1,222458,223347
mixed_short_ordinary,6,before,1,native,14,1,1,1,0,1,232928,223374
mixed_short_ordinary,6,before,1,native,15,1,1,1,0,1,250249,223576
mixed_short_ordinary,6,before,1,native,16,1,1,1,0,1,247962,223787
mixed_short_ordinary,6,before,1,native,17,1,1,1,0,1,222826,223595
mixed_short_ordinary,6,before,1,native,18,1,1,1,0,1,222495,223356
mixed_short_ordinary,6,before,1,native,19,1,1,1,0,1,222477,223356
mixed_short_ordinary,6,before,1,native,20,1,1,1,0,1,222771,223384
mixed_short_ordinary,6,before,1,native,21,1,1,1,0,1,228419,228918
mixed_short_ordinary,6,before,1,native,22,1,1,1,0,1,222560,223132
mixed_short_ordinary,6,before,1,native,23,1,1,1,0,1,229245,223104
mixed_short_ordinary,6,before,1,native,24,1,1,1,0,1,222633,223187
mixed_short_ordinary,6,before,1,fixed_winner,0,5,1,1,23,1,233020,0
mixed_short_ordinary,6,before,1,fixed_winner,1,5,1,1,23,1,239843,0
mixed_short_ordinary,6,before,1,fixed_winner,2,5,1,1,23,1,283686,0
mixed_short_ordinary,6,before,1,fixed_winner,3,5,1,1,23,1,230779,0
mixed_short_ordinary,6,before,1,fixed_winner,4,5,1,1,23,1,246410,0
mixed_short_ordinary,6,before,1,fixed_winner,5,5,1,1,23,1,238493,0
mixed_short_ordinary,6,before,1,fixed_winner,6,5,1,1,23,1,239017,0
mixed_short_ordinary,6,before,1,fixed_winner,7,5,1,1,23,1,222606,0
mixed_short_ordinary,6,before,1,fixed_winner,8,5,1,1,23,1,226104,0
mixed_short_ordinary,6,before,1,fixed_winner,9,5,1,1,23,1,213237,0
mixed_short_ordinary,6,before,1,fixed_winner,10,5,1,1,23,1,221834,0
mixed_short_ordinary,6,before,1,fixed_winner,11,5,1,1,23,1,209298,0
mixed_short_ordinary,6,before,1,fixed_winner,12,5,1,1,23,1,229832,0
mixed_short_ordinary,6,before,1,fixed_winner,13,5,1,1,23,1,247962,0
mixed_short_ordinary,6,before,1,fixed_winner,14,5,1,1,23,1,221623,0
mixed_short_ordinary,6,before,1,fixed_winner,15,5,1,1,23,1,233911,0
mixed_short_ordinary,6,before,1,fixed_winner,16,5,1,1,23,1,237723,0
mixed_short_ordinary,6,before,1,fixed_winner,17,5,1,1,23,1,232542,0
mixed_short_ordinary,6,before,1,fixed_winner,18,5,1,1,23,1,236455,0
mixed_short_ordinary,6,before,1,fixed_winner,19,5,1,1,23,1,238558,0
mixed_short_ordinary,6,before,1,fixed_winner,20,5,1,1,23,1,229052,0
mixed_short_ordinary,6,before,1,fixed_winner,21,5,1,1,23,1,236804,0
mixed_short_ordinary,6,before,1,fixed_winner,22,5,1,1,23,1,246161,0
mixed_short_ordinary,6,before,1,fixed_winner,23,5,1,1,23,1,234370,0
mixed_short_ordinary,6,before,1,fixed_winner,24,5,1,1,23,1,246456,0
mixed_short_ordinary,6,after,1,native,0,1,1,1,0,1,248604,233915
mixed_short_ordinary,6,after,1,native,1,1,1,1,0,1,231945,234502
mixed_short_ordinary,6,after,1,native,2,1,1,1,0,1,232459,234539
mixed_short_ordinary,6,after,1,native,3,1,1,1,0,1,222661,234025
mixed_short_ordinary,6,after,1,native,4,1,1,1,0,1,222917,233970
mixed_short_ordinary,6,after,1,native,5,1,1,1,0,1,229263,240087
mixed_short_ordinary,6,after,1,native,6,1,1,1,0,1,222633,233483
mixed_short_ordinary,6,after,1,native,7,1,1,1,0,1,230926,233400
mixed_short_ordinary,6,after,1,native,8,1,1,1,0,1,224011,233520
mixed_short_ordinary,6,after,1,native,9,1,1,1,0,1,223836,233438
mixed_short_ordinary,6,after,1,native,10,1,1,1,0,1,223809,233401
mixed_short_ordinary,6,after,1,native,11,1,1,1,0,1,223818,233428
mixed_short_ordinary,6,after,1,native,12,1,1,1,0,1,224102,233401
mixed_short_ordinary,6,after,1,native,13,1,1,1,0,1,229879,237718
mixed_short_ordinary,6,after,1,native,14,1,1,1,0,1,223524,233347
mixed_short_ordinary,6,after,1,native,15,1,1,1,0,1,228675,233219
mixed_short_ordinary,6,after,1,native,16,1,1,1,0,1,222624,233319
mixed_short_ordinary,6,after,1,native,17,1,1,1,0,1,237722,233228
mixed_short_ordinary,6,after,1,native,18,1,1,1,0,1,274540,233466
mixed_short_ordinary,6,after,1,native,19,1,1,1,0,1,223211,233806
mixed_short_ordinary,6,after,1,native,20,1,1,1,0,1,222826,233274
mixed_short_ordinary,6,after,1,native,21,1,1,1,0,1,222505,233274
mixed_short_ordinary,6,after,1,native,22,1,1,1,0,1,230164,233219
mixed_short_ordinary,6,after,1,native,23,1,1,1,0,1,226812,233365
mixed_short_ordinary,6,after,1,native,24,1,1,1,0,1,222743,233366
mixed_short_ordinary,6,after,1,fixed_winner,0,5,1,1,23,1,527883,0
mixed_short_ordinary,6,after,1,fixed_winner,1,5,1,1,23,1,226040,0
mixed_short_ordinary,6,after,1,fixed_winner,2,5,1,1,23,1,213734,0
mixed_short_ordinary,6,after,1,fixed_winner,3,5,1,1,23,1,218491,0
mixed_short_ordinary,6,after,1,fixed_winner,4,5,1,1,23,1,224341,0
mixed_short_ordinary,6,after,1,fixed_winner,5,5,1,1,23,1,229889,0
mixed_short_ordinary,6,after,1,fixed_winner,6,5,1,1,23,1,216122,0
mixed_short_ordinary,6,after,1,fixed_winner,7,5,1,1,23,1,211264,0
mixed_short_ordinary,6,after,1,fixed_winner,8,5,1,1,23,1,213054,0
mixed_short_ordinary,6,after,1,fixed_winner,9,5,1,1,23,1,209638,0
mixed_short_ordinary,6,after,1,fixed_winner,10,5,1,1,23,1,208820,0
mixed_short_ordinary,6,after,1,fixed_winner,11,5,1,1,23,1,211777,0
mixed_short_ordinary,6,after,1,fixed_winner,12,5,1,1,23,1,209096,0
mixed_short_ordinary,6,after,1,fixed_winner,13,5,1,1,23,1,208104,0
mixed_short_ordinary,6,after,1,fixed_winner,14,5,1,1,23,1,209500,0
mixed_short_ordinary,6,after,1,fixed_winner,15,5,1,1,23,1,213697,0
mixed_short_ordinary,6,after,1,fixed_winner,16,5,1,1,23,1,240394,0
mixed_short_ordinary,6,after,1,fixed_winner,17,5,1,1,23,1,247456,0
mixed_short_ordinary,6,after,1,fixed_winner,18,5,1,1,23,1,236123,0
mixed_short_ordinary,6,after,1,fixed_winner,19,5,1,1,23,1,228474,0
mixed_short_ordinary,6,after,1,fixed_winner,20,5,1,1,23,1,234461,0
mixed_short_ordinary,6,after,1,fixed_winner,21,5,1,1,23,1,192850,0
mixed_short_ordinary,6,after,1,fixed_winner,22,5,1,1,23,1,256603,0
mixed_short_ordinary,6,after,1,fixed_winner,23,5,1,1,23,1,209060,0
mixed_short_ordinary,6,after,1,fixed_winner,24,5,1,1,23,1,224819,0
mixed_short_ordinary,6,after,2,native,0,1,1,1,0,1,222385,225194
mixed_short_ordinary,6,after,2,native,1,1,1,1,0,1,222578,225341
mixed_short_ordinary,6,after,2,native,2,1,1,1,0,1,227950,225204
mixed_short_ordinary,6,after,2,native,3,1,1,1,0,1,224378,225341
mixed_short_ordinary,6,after,2,native,4,1,1,1,0,1,222816,225278
mixed_short_ordinary,6,after,2,native,5,1,1,1,0,1,230164,232544
mixed_short_ordinary,6,after,2,native,6,1,1,1,0,1,229640,224958
mixed_short_ordinary,6,after,2,native,7,1,1,1,0,1,222587,225004
mixed_short_ordinary,6,after,2,native,8,1,1,1,0,1,222440,224885
mixed_short_ordinary,6,after,2,native,9,1,1,1,0,1,222413,224875
mixed_short_ordinary,6,after,2,native,10,1,1,1,0,1,229511,224885
mixed_short_ordinary,6,after,2,native,11,1,1,1,0,1,229668,224894
mixed_short_ordinary,6,after,2,native,12,1,1,1,0,1,222762,224921
mixed_short_ordinary,6,after,2,native,13,1,1,1,0,1,237850,236189
mixed_short_ordinary,6,after,2,native,14,1,1,1,0,1,261866,224911
mixed_short_ordinary,6,after,2,native,15,1,1,1,0,1,230761,225315
mixed_short_ordinary,6,after,2,native,16,1,1,1,0,1,222679,224911
mixed_short_ordinary,6,after,2,native,17,1,1,1,0,1,222394,224718
mixed_short_ordinary,6,after,2,native,18,1,1,1,0,1,222376,224727
mixed_short_ordinary,6,after,2,native,19,1,1,1,0,1,228979,224718
mixed_short_ordinary,6,after,2,native,20,1,1,1,0,1,222871,224837
mixed_short_ordinary,6,after,2,native,21,1,1,1,0,1,222403,224709
mixed_short_ordinary,6,after,2,native,22,1,1,1,0,1,222421,224755
mixed_short_ordinary,6,after,2,native,23,1,1,1,0,1,470178,224727
mixed_short_ordinary,6,after,2,native,24,1,1,1,0,1,280628,226692
mixed_short_ordinary,6,after,2,fixed_winner,0,5,1,1,23,1,215450,0
mixed_short_ordinary,6,after,2,fixed_winner,1,5,1,1,23,1,221328,0
mixed_short_ordinary,6,after,2,fixed_winner,2,5,1,1,23,1,254666,0
mixed_short_ordinary,6,after,2,fixed_winner,3,5,1,1,23,1,208132,0
mixed_short_ordinary,6,after,2,fixed_winner,4,5,1,1,23,1,212567,0
mixed_short_ordinary,6,after,2,fixed_winner,5,5,1,1,23,1,209757,0
mixed_short_ordinary,6,after,2,fixed_winner,6,5,1,1,23,1,224029,0
mixed_short_ordinary,6,after,2,fixed_winner,7,5,1,1,23,1,214083,0
mixed_short_ordinary,6,after,2,fixed_winner,8,5,1,1,23,1,207857,0
mixed_short_ordinary,6,after,2,fixed_winner,9,5,1,1,23,1,207149,0
mixed_short_ordinary,6,after,2,fixed_winner,10,5,1,1,23,1,212237,0
mixed_short_ordinary,6,after,2,fixed_winner,11,5,1,1,23,1,209886,0
mixed_short_ordinary,6,after,2,fixed_winner,12,5,1,1,23,1,207737,0
mixed_short_ordinary,6,after,2,fixed_winner,13,5,1,1,23,1,213551,0
mixed_short_ordinary,6,after,2,fixed_winner,14,5,1,1,23,1,217325,0
mixed_short_ordinary,6,after,2,fixed_winner,15,5,1,1,23,1,243084,0
mixed_short_ordinary,6,after,2,fixed_winner,16,5,1,1,23,1,392543,0
mixed_short_ordinary,6,after,2,fixed_winner,17,5,1,1,23,1,226232,0
mixed_short_ordinary,6,after,2,fixed_winner,18,5,1,1,23,1,311311,0
mixed_short_ordinary,6,after,2,fixed_winner,19,5,1,1,23,1,214689,0
mixed_short_ordinary,6,after,2,fixed_winner,20,5,1,1,23,1,210777,0
mixed_short_ordinary,6,after,2,fixed_winner,21,5,1,1,23,1,263699,0
mixed_short_ordinary,6,after,2,fixed_winner,22,5,1,1,23,1,241124,0
mixed_short_ordinary,6,after,2,fixed_winner,23,5,1,1,23,1,236005,0
mixed_short_ordinary,6,after,2,fixed_winner,24,5,1,1,23,1,235748,0
mixed_short_ordinary,6,before,2,native,0,1,1,1,0,1,231320,225137
mixed_short_ordinary,6,before,2,native,1,1,1,1,0,1,223165,225312
mixed_short_ordinary,6,before,2,native,2,1,1,1,0,1,225158,225201
mixed_short_ordinary,6,before,2,native,3,1,1,1,0,1,225121,225192
mixed_short_ordinary,6,before,2,native,4,1,1,1,0,1,225470,225192
mixed_short_ordinary,6,before,2,native,5,1,1,1,0,1,243388,242242
mixed_short_ordinary,6,before,2,native,6,1,1,1,0,1,222596,224922
mixed_short_ordinary,6,before,2,native,7,1,1,1,0,1,229613,224811
mixed_short_ordinary,6,before,2,native,8,1,1,1,0,1,222624,224876
mixed_short_ordinary,6,before,2,native,9,1,1,1,0,1,222459,224765
mixed_short_ordinary,6,before,2,native,10,1,1,1,0,1,222514,224838
mixed_short_ordinary,6,before,2,native,11,1,1,1,0,1,233057,224838
mixed_short_ordinary,6,before,2,native,12,1,1,1,0,1,222936,224958
mixed_short_ordinary,6,before,2,native,13,1,1,1,0,1,248458,229921
mixed_short_ordinary,6,before,2,native,14,1,1,1,0,1,222762,224925
mixed_short_ordinary,6,before,2,native,15,1,1,1,0,1,232193,224631
mixed_short_ordinary,6,before,2,native,16,1,1,1,0,1,222807,224751
mixed_short_ordinary,6,before,2,native,17,1,1,1,0,1,231054,224659
mixed_short_ordinary,6,before,2,native,18,1,1,1,0,1,225250,224751
mixed_short_ordinary,6,before,2,native,19,1,1,1,0,1,225232,224732
mixed_short_ordinary,6,before,2,native,20,1,1,1,0,1,224727,224658
mixed_short_ordinary,6,before,2,native,21,1,1,1,0,1,222477,224649
mixed_short_ordinary,6,before,2,native,22,1,1,1,0,1,229025,224613
mixed_short_ordinary,6,before,2,native,23,1,1,1,0,1,222578,224723
mixed_short_ordinary,6,before,2,native,24,1,1,1,0,1,301696,224668
mixed_short_ordinary,6,before,2,fixed_winner,0,5,1,1,23,1,235187,0
mixed_short_ordinary,6,before,2,fixed_winner,1,5,1,1,23,1,265530,0
mixed_short_ordinary,6,before,2,fixed_winner,2,5,1,1,23,1,242304,0
mixed_short_ordinary,6,before,2,fixed_winner,3,5,1,1,23,1,239651,0
mixed_short_ordinary,6,before,2,fixed_winner,4,5,1,1,23,1,235407,0
mixed_short_ordinary,6,before,2,fixed_winner,5,5,1,1,23,1,243921,0
mixed_short_ordinary,6,before,2,fixed_winner,6,5,1,1,23,1,240863,0
mixed_short_ordinary,6,before,2,fixed_winner,7,5,1,1,23,1,238962,0
mixed_short_ordinary,6,before,2,fixed_winner,8,5,1,1,23,1,240302,0
mixed_short_ordinary,6,before,2,fixed_winner,9,5,1,1,23,1,241607,0
mixed_short_ordinary,6,before,2,fixed_winner,10,5,1,1,23,1,234379,0
mixed_short_ordinary,6,before,2,fixed_winner,11,5,1,1,23,1,261903,0
mixed_short_ordinary,6,before,2,fixed_winner,12,5,1,1,23,1,257293,0
mixed_short_ordinary,6,before,2,fixed_winner,13,5,1,1,23,1,276184,0
mixed_short_ordinary,6,before,2,fixed_winner,14,5,1,1,23,1,260929,0
mixed_short_ordinary,6,before,2,fixed_winner,15,5,1,1,23,1,255115,0
mixed_short_ordinary,6,before,2,fixed_winner,16,5,1,1,23,1,323459,0
mixed_short_ordinary,6,before,2,fixed_winner,17,5,1,1,23,1,246933,0
mixed_short_ordinary,6,before,2,fixed_winner,18,5,1,1,23,1,361742,0
mixed_short_ordinary,6,before,2,fixed_winner,19,5,1,1,23,1,233754,0
mixed_short_ordinary,6,before,2,fixed_winner,20,5,1,1,23,1,328117,0
mixed_short_ordinary,6,before,2,fixed_winner,21,5,1,1,23,1,239320,0
mixed_short_ordinary,6,before,2,fixed_winner,22,5,1,1,23,1,245161,0
mixed_short_ordinary,6,before,2,fixed_winner,23,5,1,1,23,1,251901,0
mixed_short_ordinary,6,before,2,fixed_winner,24,5,1,1,23,1,268184,0
mixed_short_ordinary,6,after,3,native,0,1,1,1,0,1,252572,230356
mixed_short_ordinary,6,after,3,native,1,1,1,1,0,1,227694,230834
mixed_short_ordinary,6,after,3,native,2,1,1,1,0,1,237841,230200
mixed_short_ordinary,6,after,3,native,3,1,1,1,0,1,225333,230393
mixed_short_ordinary,6,after,3,native,4,1,1,1,0,1,225425,230163
mixed_short_ordinary,6,after,3,native,5,1,1,1,0,1,548680,244146
mixed_short_ordinary,6,after,3,native,6,1,1,1,0,1,282483,231648
mixed_short_ordinary,6,after,3,native,7,1,1,1,0,1,282474,230141
mixed_short_ordinary,6,after,3,native,8,1,1,1,0,1,270480,229911
mixed_short_ordinary,6,after,3,native,9,1,1,1,0,1,223772,229691
mixed_short_ordinary,6,after,3,native,10,1,1,1,0,1,223754,229673
mixed_short_ordinary,6,after,3,native,11,1,1,1,0,1,233589,229682
mixed_short_ordinary,6,after,3,native,12,1,1,1,0,1,224892,229838
mixed_short_ordinary,6,after,3,native,13,1,1,1,0,1,244820,243766
mixed_short_ordinary,6,after,3,native,14,1,1,1,0,1,225361,229669
mixed_short_ordinary,6,after,3,native,15,1,1,1,0,1,225130,229531
mixed_short_ordinary,6,after,3,native,16,1,1,1,0,1,224433,229531
mixed_short_ordinary,6,after,3,native,17,1,1,1,0,1,223754,229504
mixed_short_ordinary,6,after,3,native,18,1,1,1,0,1,225498,229476
mixed_short_ordinary,6,after,3,native,19,1,1,1,0,1,258642,229486
mixed_short_ordinary,6,after,3,native,20,1,1,1,0,1,276643,230018
mixed_short_ordinary,6,after,3,native,21,1,1,1,0,1,224405,229954
mixed_short_ordinary,6,after,3,native,22,1,1,1,0,1,223781,229522
mixed_short_ordinary,6,after,3,native,23,1,1,1,0,1,225535,229495
mixed_short_ordinary,6,after,3,native,24,1,1,1,0,1,227656,229991
mixed_short_ordinary,6,after,3,fixed_winner,0,5,1,1,23,1,344319,0
mixed_short_ordinary,6,after,3,fixed_winner,1,5,1,1,23,1,247595,0
mixed_short_ordinary,6,after,3,fixed_winner,2,5,1,1,23,1,260805,0
mixed_short_ordinary,6,after,3,fixed_winner,3,5,1,1,23,1,258830,0
mixed_short_ordinary,6,after,3,fixed_winner,4,5,1,1,23,1,252554,0
mixed_short_ordinary,6,after,3,fixed_winner,5,5,1,1,23,1,248467,0
mixed_short_ordinary,6,after,3,fixed_winner,6,5,1,1,23,1,247530,0
mixed_short_ordinary,6,after,3,fixed_winner,7,5,1,1,23,1,285340,0
mixed_short_ordinary,6,after,3,fixed_winner,8,5,1,1,23,1,240008,0
mixed_short_ordinary,6,after,3,fixed_winner,9,5,1,1,23,1,246878,0
mixed_short_ordinary,6,after,3,fixed_winner,10,5,1,1,23,1,250634,0
mixed_short_ordinary,6,after,3,fixed_winner,11,5,1,1,23,1,251957,0
mixed_short_ordinary,6,after,3,fixed_winner,12,5,1,1,23,1,250074,0
mixed_short_ordinary,6,after,3,fixed_winner,13,5,1,1,23,1,249633,0
mixed_short_ordinary,6,after,3,fixed_winner,14,5,1,1,23,1,249908,0
mixed_short_ordinary,6,after,3,fixed_winner,15,5,1,1,23,1,318273,0
mixed_short_ordinary,6,after,3,fixed_winner,16,5,1,1,23,1,251773,0
mixed_short_ordinary,6,after,3,fixed_winner,17,5,1,1,23,1,249027,0
mixed_short_ordinary,6,after,3,fixed_winner,18,5,1,1,23,1,259938,0
mixed_short_ordinary,6,after,3,fixed_winner,19,5,1,1,23,1,256603,0
mixed_short_ordinary,6,after,3,fixed_winner,20,5,1,1,23,1,259845,0
mixed_short_ordinary,6,after,3,fixed_winner,21,5,1,1,23,1,273635,0
mixed_short_ordinary,6,after,3,fixed_winner,22,5,1,1,23,1,353405,0
mixed_short_ordinary,6,after,3,fixed_winner,23,5,1,1,23,1,254831,0
mixed_short_ordinary,6,after,3,fixed_winner,24,5,1,1,23,1,241983,0
mixed_short_ordinary,6,before,3,native,0,1,1,1,0,1,291291,226152
mixed_short_ordinary,6,before,3,native,1,1,1,1,0,1,247466,227804
mixed_short_ordinary,6,before,3,native,2,1,1,1,0,1,264438,226868
mixed_short_ordinary,6,before,3,native,3,1,1,1,0,1,314231,228162
mixed_short_ordinary,6,before,3,native,4,1,1,1,0,1,267734,227502
mixed_short_ordinary,6,before,3,native,5,1,1,1,0,1,269434,226776
mixed_short_ordinary,6,before,3,native,6,1,1,1,0,1,269654,226317
mixed_short_ordinary,6,before,3,native,7,1,1,1,0,1,236344,226280
mixed_short_ordinary,6,before,3,native,8,1,1,1,0,1,245702,226097
mixed_short_ordinary,6,before,3,native,9,1,1,1,0,1,261894,226354
mixed_short_ordinary,6,before,3,native,10,1,1,1,0,1,226803,226234
mixed_short_ordinary,6,before,3,native,11,1,1,1,0,1,256245,225959
mixed_short_ordinary,6,before,3,native,12,1,1,1,0,1,383175,226243
mixed_short_ordinary,6,before,3,native,13,1,1,1,0,1,457434,267576
mixed_short_ordinary,6,before,3,native,14,1,1,1,0,1,413729,226312
mixed_short_ordinary,6,before,3,native,15,1,1,1,0,1,413710,226046
mixed_short_ordinary,6,before,3,native,16,1,1,1,0,1,427220,226176
mixed_short_ordinary,6,before,3,native,17,1,1,1,0,1,411809,226405
mixed_short_ordinary,6,before,3,native,18,1,1,1,0,1,412654,225973
mixed_short_ordinary,6,before,3,native,19,1,1,1,0,1,412195,226028
mixed_short_ordinary,6,before,3,native,20,1,1,1,0,1,431196,226221
mixed_short_ordinary,6,before,3,native,21,1,1,1,0,1,428800,226202
mixed_short_ordinary,6,before,3,native,22,1,1,1,0,1,413509,226295
mixed_short_ordinary,6,before,3,native,23,1,1,1,0,1,414032,225992
mixed_short_ordinary,6,before,3,native,24,1,1,1,0,1,425034,226156
mixed_short_ordinary,6,before,3,fixed_winner,0,5,1,1,23,1,263814,0
mixed_short_ordinary,6,before,3,fixed_winner,1,5,1,1,23,1,266109,0
mixed_short_ordinary,6,before,3,fixed_winner,2,5,1,1,23,1,273823,0
mixed_short_ordinary,6,before,3,fixed_winner,3,5,1,1,23,1,250275,0
mixed_short_ordinary,6,before,3,fixed_winner,4,5,1,1,23,1,253198,0
mixed_short_ordinary,6,before,3,fixed_winner,5,5,1,1,23,1,256970,0
mixed_short_ordinary,6,before,3,fixed_winner,6,5,1,1,23,1,258973,0
mixed_short_ordinary,6,before,3,fixed_winner,7,5,1,1,23,1,250827,0
mixed_short_ordinary,6,before,3,fixed_winner,8,5,1,1,23,1,251140,0
mixed_short_ordinary,6,before,3,fixed_winner,9,5,1,1,23,1,244537,0
mixed_short_ordinary,6,before,3,fixed_winner,10,5,1,1,23,1,272914,0
mixed_short_ordinary,6,before,3,fixed_winner,11,5,1,1,23,1,482635,0
mixed_short_ordinary,6,before,3,fixed_winner,12,5,1,1,23,1,292026,0
mixed_short_ordinary,6,before,3,fixed_winner,13,5,1,1,23,1,300364,0
mixed_short_ordinary,6,before,3,fixed_winner,14,5,1,1,23,1,274135,0
mixed_short_ordinary,6,before,3,fixed_winner,15,5,1,1,23,1,270635,0
mixed_short_ordinary,6,before,3,fixed_winner,16,5,1,1,23,1,327256,0
mixed_short_ordinary,6,before,3,fixed_winner,17,5,1,1,23,1,254942,0
mixed_short_ordinary,6,before,3,fixed_winner,18,5,1,1,23,1,240816,0
mixed_short_ordinary,6,before,3,fixed_winner,19,5,1,1,23,1,249789,0
mixed_short_ordinary,6,before,3,fixed_winner,20,5,1,1,23,1,241348,0
mixed_short_ordinary,6,before,3,fixed_winner,21,5,1,1,23,1,260150,0
mixed_short_ordinary,6,before,3,fixed_winner,22,5,1,1,23,1,230015,0
mixed_short_ordinary,6,before,3,fixed_winner,23,5,1,1,23,1,252326,0
mixed_short_ordinary,6,before,3,fixed_winner,24,5,1,1,23,1,253379,0
mixed_short_ordinary,6,after,4,native,0,1,1,1,0,1,226876,267842
mixed_short_ordinary,6,after,4,native,1,1,1,1,0,1,227592,268182
mixed_short_ordinary,6,after,4,native,2,1,1,1,0,1,226959,267851
mixed_short_ordinary,6,after,4,native,3,1,1,1,0,1,225112,267879
mixed_short_ordinary,6,after,4,native,4,1,1,1,0,1,225434,267852
mixed_short_ordinary,6,after,4,native,5,1,1,1,0,1,231743,273783
mixed_short_ordinary,6,after,4,native,6,1,1,1,0,1,225177,267309
mixed_short_ordinary,6,after,4,native,7,1,1,1,0,1,225103,267262
mixed_short_ordinary,6,after,4,native,8,1,1,1,0,1,231807,267263
mixed_short_ordinary,6,after,4,native,9,1,1,1,0,1,225269,267364
mixed_short_ordinary,6,after,4,native,10,1,1,1,0,1,233699,268080
mixed_short_ordinary,6,after,4,native,11,1,1,1,0,1,262537,267373
mixed_short_ordinary,6,after,4,native,12,1,1,1,0,1,225994,267776
mixed_short_ordinary,6,after,4,native,13,1,1,1,0,1,226959,267280
mixed_short_ordinary,6,after,4,native,14,1,1,1,0,1,232607,267244
mixed_short_ordinary,6,after,4,native,15,1,1,1,0,1,225186,267308
mixed_short_ordinary,6,after,4,native,16,1,1,1,0,1,225103,267244
mixed_short_ordinary,6,after,4,native,17,1,1,1,0,1,225076,267235
mixed_short_ordinary,6,after,4,native,18,1,1,1,0,1,225076,267244
mixed_short_ordinary,6,after,4,native,19,1,1,1,0,1,225085,267244
mixed_short_ordinary,6,after,4,native,20,1,1,1,0,1,225324,267207
mixed_short_ordinary,6,after,4,native,21,1,1,1,0,1,231955,273707
mixed_short_ordinary,6,after,4,native,22,1,1,1,0,1,233323,266994
mixed_short_ordinary,6,after,4,native,23,1,1,1,0,1,225214,266994
mixed_short_ordinary,6,after,4,native,24,1,1,1,0,1,225058,266865
mixed_short_ordinary,6,after,4,fixed_winner,0,5,1,1,23,1,309374,0
mixed_short_ordinary,6,after,4,fixed_winner,1,5,1,1,23,1,287719,0
mixed_short_ordinary,6,after,4,fixed_winner,2,5,1,1,23,1,242029,0
mixed_short_ordinary,6,after,4,fixed_winner,3,5,1,1,23,1,254014,0
mixed_short_ordinary,6,after,4,fixed_winner,4,5,1,1,23,1,335548,0
mixed_short_ordinary,6,after,4,fixed_winner,5,5,1,1,23,1,244527,0
mixed_short_ordinary,6,after,4,fixed_winner,6,5,1,1,23,1,233805,0
mixed_short_ordinary,6,after,4,fixed_winner,7,5,1,1,23,1,254505,0
mixed_short_ordinary,6,after,4,fixed_winner,8,5,1,1,23,1,266339,0
mixed_short_ordinary,6,after,4,fixed_winner,9,5,1,1,23,1,248337,0
mixed_short_ordinary,6,after,4,fixed_winner,10,5,1,1,23,1,243440,0
mixed_short_ordinary,6,after,4,fixed_winner,11,5,1,1,23,1,259446,0
mixed_short_ordinary,6,after,4,fixed_winner,12,5,1,1,23,1,252811,0
mixed_short_ordinary,6,after,4,fixed_winner,13,5,1,1,23,1,254564,0
mixed_short_ordinary,6,after,4,fixed_winner,14,5,1,1,23,1,246709,0
mixed_short_ordinary,6,after,4,fixed_winner,15,5,1,1,23,1,253539,0
mixed_short_ordinary,6,after,4,fixed_winner,16,5,1,1,23,1,246301,0
mixed_short_ordinary,6,after,4,fixed_winner,17,5,1,1,23,1,239476,0
mixed_short_ordinary,6,after,4,fixed_winner,18,5,1,1,23,1,247227,0
mixed_short_ordinary,6,after,4,fixed_winner,19,5,1,1,23,1,254758,0
mixed_short_ordinary,6,after,4,fixed_winner,20,5,1,1,23,1,242258,0
mixed_short_ordinary,6,after,4,fixed_winner,21,5,1,1,23,1,256511,0
mixed_short_ordinary,6,after,4,fixed_winner,22,5,1,1,23,1,351138,0
mixed_short_ordinary,6,after,4,fixed_winner,23,5,1,1,23,1,243889,0
mixed_short_ordinary,6,after,4,fixed_winner,24,5,1,1,23,1,244481,0
mixed_short_ordinary,6,before,4,native,0,1,1,1,0,1,225085,233031
mixed_short_ordinary,6,before,4,native,1,1,1,1,0,1,225242,233123
mixed_short_ordinary,6,before,4,native,2,1,1,1,0,1,231624,233133
mixed_short_ordinary,6,before,4,native,3,1,1,1,0,1,225287,233142
mixed_short_ordinary,6,before,4,native,4,1,1,1,0,1,225462,233049
mixed_short_ordinary,6,before,4,native,5,1,1,1,0,1,247099,252513
mixed_short_ordinary,6,before,4,native,6,1,1,1,0,1,227068,232631
mixed_short_ordinary,6,before,4,native,7,1,1,1,0,1,244702,232483
mixed_short_ordinary,6,before,4,native,8,1,1,1,0,1,260571,232870
mixed_short_ordinary,6,before,4,native,9,1,1,1,0,1,232588,232999
mixed_short_ordinary,6,before,4,native,10,1,1,1,0,1,225415,232696
mixed_short_ordinary,6,before,4,native,11,1,1,1,0,1,235922,232494
mixed_short_ordinary,6,before,4,native,12,1,1,1,0,1,225700,232676
mixed_short_ordinary,6,before,4,native,13,1,1,1,0,1,225195,232520
mixed_short_ordinary,6,before,4,native,14,1,1,1,0,1,225205,232539
mixed_short_ordinary,6,before,4,native,15,1,1,1,0,1,225205,232576
mixed_short_ordinary,6,before,4,native,16,1,1,1,0,1,225113,232475
mixed_short_ordinary,6,before,4,native,17,1,1,1,0,1,233378,232530
mixed_short_ordinary,6,before,4,native,18,1,1,1,0,1,225196,232511
mixed_short_ordinary,6,before,4,native,19,1,1,1,0,1,225140,232484
mixed_short_ordinary,6,before,4,native,20,1,1,1,0,1,225489,232576
mixed_short_ordinary,6,before,4,native,21,1,1,1,0,1,232460,239463
mixed_short_ordinary,6,before,4,native,22,1,1,1,0,1,225195,232236
mixed_short_ordinary,6,before,4,native,23,1,1,1,0,1,249091,232180
mixed_short_ordinary,6,before,4,native,24,1,1,1,0,1,299335,232602
mixed_short_ordinary,6,before,4,fixed_winner,0,5,1,1,23,1,263923,0
mixed_short_ordinary,6,before,4,fixed_winner,1,5,1,1,23,1,243113,0
mixed_short_ordinary,6,before,4,fixed_winner,2,5,1,1,23,1,259368,0
mixed_short_ordinary,6,before,4,fixed_winner,3,5,1,1,23,1,249853,0
mixed_short_ordinary,6,before,4,fixed_winner,4,5,1,1,23,1,258340,0
mixed_short_ordinary,6,before,4,fixed_winner,5,5,1,1,23,1,237446,0
mixed_short_ordinary,6,before,4,fixed_winner,6,5,1,1,23,1,232010,0
mixed_short_ordinary,6,before,4,fixed_winner,7,5,1,1,23,1,223717,0
mixed_short_ordinary,6,before,4,fixed_winner,8,5,1,1,23,1,242708,0
mixed_short_ordinary,6,before,4,fixed_winner,9,5,1,1,23,1,224947,0
mixed_short_ordinary,6,before,4,fixed_winner,10,5,1,1,23,1,246548,0
mixed_short_ordinary,6,before,4,fixed_winner,11,5,1,1,23,1,237823,0
mixed_short_ordinary,6,before,4,fixed_winner,12,5,1,1,23,1,229439,0
mixed_short_ordinary,6,before,4,fixed_winner,13,5,1,1,23,1,222991,0
mixed_short_ordinary,6,before,4,fixed_winner,14,5,1,1,23,1,234985,0
mixed_short_ordinary,6,before,4,fixed_winner,15,5,1,1,23,1,219363,0
mixed_short_ordinary,6,before,4,fixed_winner,16,5,1,1,23,1,226260,0
mixed_short_ordinary,6,before,4,fixed_winner,17,5,1,1,23,1,218446,0
mixed_short_ordinary,6,before,4,fixed_winner,18,5,1,1,23,1,239091,0
mixed_short_ordinary,6,before,4,fixed_winner,19,5,1,1,23,1,223579,0
mixed_short_ordinary,6,before,4,fixed_winner,20,5,1,1,23,1,234985,0
mixed_short_ordinary,6,before,4,fixed_winner,21,5,1,1,23,1,220521,0
mixed_short_ordinary,6,before,4,fixed_winner,22,5,1,1,23,1,232047,0
mixed_short_ordinary,6,before,4,fixed_winner,23,5,1,1,23,1,218481,0
mixed_short_ordinary,6,before,4,fixed_winner,24,5,1,1,23,1,226040,0
mixed_short_ordinary,6,after,5,native,0,1,1,1,0,1,226894,228356
mixed_short_ordinary,6,after,5,native,1,1,1,1,0,1,227665,228797
mixed_short_ordinary,6,after,5,native,2,1,1,1,0,1,225159,228366
mixed_short_ordinary,6,after,5,native,3,1,1,1,0,1,225094,228320
mixed_short_ordinary,6,after,5,native,4,1,1,1,0,1,225361,228301
mixed_short_ordinary,6,after,5,native,5,1,1,1,0,1,233222,235846
mixed_short_ordinary,6,after,5,native,6,1,1,1,0,1,234783,227866
mixed_short_ordinary,6,after,5,native,7,1,1,1,0,1,225232,227884
mixed_short_ordinary,6,after,5,native,8,1,1,1,0,1,246520,227847
mixed_short_ordinary,6,after,5,native,9,1,1,1,0,1,370753,228160
mixed_short_ordinary,6,after,5,native,10,1,1,1,0,1,415630,229840
mixed_short_ordinary,6,after,5,native,11,1,1,1,0,1,415712,228601
mixed_short_ordinary,6,after,5,native,12,1,1,1,0,1,403930,228545
mixed_short_ordinary,6,after,5,native,13,1,1,1,0,1,429984,228637
mixed_short_ordinary,6,after,5,native,14,1,1,1,0,1,417494,228619
mixed_short_ordinary,6,after,5,native,15,1,1,1,0,1,414243,228444
mixed_short_ordinary,6,after,5,native,16,1,1,1,0,1,415768,228417
mixed_short_ordinary,6,after,5,native,17,1,1,1,0,1,437680,228361
mixed_short_ordinary,6,after,5,native,18,1,1,1,0,1,436715,228509
mixed_short_ordinary,6,after,5,native,19,1,1,1,0,1,421241,228518
mixed_short_ordinary,6,after,5,native,20,1,1,1,0,1,421838,228407
mixed_short_ordinary,6,after,5,native,21,1,1,1,0,1,450648,255752
mixed_short_ordinary,6,after,5,native,22,1,1,1,0,1,421985,228375
mixed_short_ordinary,6,after,5,native,23,1,1,1,0,1,438902,228265
mixed_short_ordinary,6,after,5,native,24,1,1,1,0,1,436229,228540
mixed_short_ordinary,6,after,5,fixed_winner,0,5,1,1,23,1,294289,0
mixed_short_ordinary,6,after,5,fixed_winner,1,5,1,1,23,1,241965,0
mixed_short_ordinary,6,after,5,fixed_winner,2,5,1,1,23,1,236133,0
mixed_short_ordinary,6,after,5,fixed_winner,3,5,1,1,23,1,267138,0
mixed_short_ordinary,6,after,5,fixed_winner,4,5,1,1,23,1,243490,0
mixed_short_ordinary,6,after,5,fixed_winner,5,5,1,1,23,1,243085,0
mixed_short_ordinary,6,after,5,fixed_winner,6,5,1,1,23,1,243334,0
mixed_short_ordinary,6,after,5,fixed_winner,7,5,1,1,23,1,249009,0
mixed_short_ordinary,6,after,5,fixed_winner,8,5,1,1,23,1,256824,0
mixed_short_ordinary,6,after,5,fixed_winner,9,5,1,1,23,1,246176,0
mixed_short_ordinary,6,after,5,fixed_winner,10,5,1,1,23,1,239867,0
mixed_short_ordinary,6,after,5,fixed_winner,11,5,1,1,23,1,250872,0
mixed_short_ordinary,6,after,5,fixed_winner,12,5,1,1,23,1,253702,0
mixed_short_ordinary,6,after,5,fixed_winner,13,5,1,1,23,1,257825,0
mixed_short_ordinary,6,after,5,fixed_winner,14,5,1,1,23,1,257604,0
mixed_short_ordinary,6,after,5,fixed_winner,15,5,1,1,23,1,270811,0
mixed_short_ordinary,6,after,5,fixed_winner,16,5,1,1,23,1,260241,0
mixed_short_ordinary,6,after,5,fixed_winner,17,5,1,1,23,1,267312,0
mixed_short_ordinary,6,after,5,fixed_winner,18,5,1,1,23,1,256190,0
mixed_short_ordinary,6,after,5,fixed_winner,19,5,1,1,23,1,328218,0
mixed_short_ordinary,6,after,5,fixed_winner,20,5,1,1,23,1,254289,0
mixed_short_ordinary,6,after,5,fixed_winner,21,5,1,1,23,1,233883,0
mixed_short_ordinary,6,after,5,fixed_winner,22,5,1,1,23,1,229585,0
mixed_short_ordinary,6,after,5,fixed_winner,23,5,1,1,23,1,244940,0
mixed_short_ordinary,6,after,5,fixed_winner,24,5,1,1,23,1,230503,0
mixed_short_ordinary,6,before,5,native,0,1,1,1,0,1,275660,258544
mixed_short_ordinary,6,before,5,native,1,1,1,1,0,1,226096,257341
mixed_short_ordinary,6,before,5,native,2,1,1,1,0,1,225398,256882
mixed_short_ordinary,6,before,5,native,3,1,1,1,0,1,225159,256762
mixed_short_ordinary,6,before,5,native,4,1,1,1,0,1,225553,256717
mixed_short_ordinary,6,before,5,native,5,1,1,1,0,1,225260,256716
mixed_short_ordinary,6,before,5,native,6,1,1,1,0,1,260856,256652
mixed_short_ordinary,6,before,5,native,7,1,1,1,0,1,262674,257149
mixed_short_ordinary,6,before,5,native,8,1,1,1,0,1,227510,257111
mixed_short_ordinary,6,before,5,native,9,1,1,1,0,1,234976,256662
mixed_short_ordinary,6,before,5,native,10,1,1,1,0,1,227151,256836
mixed_short_ordinary,6,before,5,native,11,1,1,1,0,1,225131,256707
mixed_short_ordinary,6,before,5,native,12,1,1,1,0,1,225416,256652
mixed_short_ordinary,6,before,5,native,13,1,1,1,0,1,241891,263650
mixed_short_ordinary,6,before,5,native,14,1,1,1,0,1,225296,256386
mixed_short_ordinary,6,before,5,native,15,1,1,1,0,1,225066,256202
mixed_short_ordinary,6,before,5,native,16,1,1,1,0,1,229181,256230
mixed_short_ordinary,6,before,5,native,17,1,1,1,0,1,225205,256312
mixed_short_ordinary,6,before,5,native,18,1,1,1,0,1,225122,256275
mixed_short_ordinary,6,before,5,native,19,1,1,1,0,1,238916,256486
mixed_short_ordinary,6,before,5,native,20,1,1,1,0,1,225719,256495
mixed_short_ordinary,6,before,5,native,21,1,1,1,0,1,225140,256248
mixed_short_ordinary,6,before,5,native,22,1,1,1,0,1,248531,256247
mixed_short_ordinary,6,before,5,native,23,1,1,1,0,1,259313,256579
mixed_short_ordinary,6,before,5,native,24,1,1,1,0,1,231789,257221
mixed_short_ordinary,6,before,5,fixed_winner,0,5,1,1,23,1,222982,0
mixed_short_ordinary,6,before,5,fixed_winner,1,5,1,1,23,1,218969,0
mixed_short_ordinary,6,before,5,fixed_winner,2,5,1,1,23,1,230219,0
mixed_short_ordinary,6,before,5,fixed_winner,3,5,1,1,23,1,225241,0
mixed_short_ordinary,6,before,5,fixed_winner,4,5,1,1,23,1,224516,0
mixed_short_ordinary,6,before,5,fixed_winner,5,5,1,1,23,1,311569,0
mixed_short_ordinary,6,before,5,fixed_winner,6,5,1,1,23,1,253472,0
mixed_short_ordinary,6,before,5,fixed_winner,7,5,1,1,23,1,238897,0
mixed_short_ordinary,6,before,5,fixed_winner,8,5,1,1,23,1,272510,0
mixed_short_ordinary,6,before,5,fixed_winner,9,5,1,1,23,1,233553,0
mixed_short_ordinary,6,before,5,fixed_winner,10,5,1,1,23,1,239071,0
mixed_short_ordinary,6,before,5,fixed_winner,11,5,1,1,23,1,233470,0
mixed_short_ordinary,6,before,5,fixed_winner,12,5,1,1,23,1,236518,0
mixed_short_ordinary,6,before,5,fixed_winner,13,5,1,1,23,1,233718,0
mixed_short_ordinary,6,before,5,fixed_winner,14,5,1,1,23,1,234663,0
mixed_short_ordinary,6,before,5,fixed_winner,15,5,1,1,23,1,243351,0
mixed_short_ordinary,6,before,5,fixed_winner,16,5,1,1,23,1,235307,0
mixed_short_ordinary,6,before,5,fixed_winner,17,5,1,1,23,1,243462,0
mixed_short_ordinary,6,before,5,fixed_winner,18,5,1,1,23,1,232203,0
mixed_short_ordinary,6,before,5,fixed_winner,19,5,1,1,23,1,241148,0
mixed_short_ordinary,6,before,5,fixed_winner,20,5,1,1,23,1,260204,0
mixed_short_ordinary,6,before,5,fixed_winner,21,5,1,1,23,1,780492,0
mixed_short_ordinary,6,before,5,fixed_winner,22,5,1,1,23,1,255703,0
mixed_short_ordinary,6,before,5,fixed_winner,23,5,1,1,23,1,241946,0
mixed_short_ordinary,6,before,5,fixed_winner,24,5,1,1,23,1,259304,0
mixed_short_ordinary,6,after,6,native,0,1,1,1,0,1,232837,229610
mixed_short_ordinary,6,after,6,native,1,1,1,1,0,1,227363,229904
mixed_short_ordinary,6,after,6,native,2,1,1,1,0,1,225186,229674
mixed_short_ordinary,6,after,6,native,3,1,1,1,0,1,226922,229610
mixed_short_ordinary,6,after,6,native,4,1,1,1,0,1,225471,229656
mixed_short_ordinary,6,after,6,native,5,1,1,1,0,1,236013,238232
mixed_short_ordinary,6,after,6,native,6,1,1,1,0,1,236482,229342
mixed_short_ordinary,6,after,6,native,7,1,1,1,0,1,227215,229480
mixed_short_ordinary,6,after,6,native,8,1,1,1,0,1,266816,229241
mixed_short_ordinary,6,after,6,native,9,1,1,1,0,1,232506,229635
mixed_short_ordinary,6,after,6,native,10,1,1,1,0,1,225251,229324
mixed_short_ordinary,6,after,6,native,11,1,1,1,0,1,225149,229241
mixed_short_ordinary,6,after,6,native,12,1,1,1,0,1,225379,229214
mixed_short_ordinary,6,after,6,native,13,1,1,1,0,1,234342,236400
mixed_short_ordinary,6,after,6,native,14,1,1,1,0,1,225250,229199
mixed_short_ordinary,6,after,6,native,15,1,1,1,0,1,232846,229099
mixed_short_ordinary,6,after,6,native,16,1,1,1,0,1,226720,229245
mixed_short_ordinary,6,after,6,native,17,1,1,1,0,1,226527,229127
mixed_short_ordinary,6,after,6,native,18,1,1,1,0,1,226499,229117
mixed_short_ordinary,6,after,6,native,19,1,1,1,0,1,226205,229099
mixed_short_ordinary,6,after,6,native,20,1,1,1,0,1,225406,229108
mixed_short_ordinary,6,after,6,native,21,1,1,1,0,1,233323,235318
mixed_short_ordinary,6,after,6,native,22,1,1,1,0,1,225205,229064
mixed_short_ordinary,6,after,6,native,23,1,1,1,0,1,253040,228973
mixed_short_ordinary,6,after,6,native,24,1,1,1,0,1,244307,229330
mixed_short_ordinary,6,after,6,fixed_winner,0,5,1,1,23,1,230274,0
mixed_short_ordinary,6,after,6,fixed_winner,1,5,1,1,23,1,232634,0
mixed_short_ordinary,6,after,6,fixed_winner,2,5,1,1,23,1,231851,0
mixed_short_ordinary,6,after,6,fixed_winner,3,5,1,1,23,1,266581,0
mixed_short_ordinary,6,after,6,fixed_winner,4,5,1,1,23,1,248531,0
mixed_short_ordinary,6,after,6,fixed_winner,5,5,1,1,23,1,240091,0
mixed_short_ordinary,6,after,6,fixed_winner,6,5,1,1,23,1,231651,0
mixed_short_ordinary,6,after,6,fixed_winner,7,5,1,1,23,1,246786,0
mixed_short_ordinary,6,after,6,fixed_winner,8,5,1,1,23,1,232772,0
mixed_short_ordinary,6,after,6,fixed_winner,9,5,1,1,23,1,230182,0
mixed_short_ordinary,6,after,6,fixed_winner,10,5,1,1,23,1,247172,0
mixed_short_ordinary,6,after,6,fixed_winner,11,5,1,1,23,1,236868,0
mixed_short_ordinary,6,after,6,fixed_winner,12,5,1,1,23,1,283072,0
mixed_short_ordinary,6,after,6,fixed_winner,13,5,1,1,23,1,257816,0
mixed_short_ordinary,6,after,6,fixed_winner,14,5,1,1,23,1,254381,0
mixed_short_ordinary,6,after,6,fixed_winner,15,5,1,1,23,1,241175,0
mixed_short_ordinary,6,after,6,fixed_winner,16,5,1,1,23,1,236831,0
mixed_short_ordinary,6,after,6,fixed_winner,17,5,1,1,23,1,240468,0
mixed_short_ordinary,6,after,6,fixed_winner,18,5,1,1,23,1,237611,0
mixed_short_ordinary,6,after,6,fixed_winner,19,5,1,1,23,1,426448,0
mixed_short_ordinary,6,after,6,fixed_winner,20,5,1,1,23,1,250430,0
mixed_short_ordinary,6,after,6,fixed_winner,21,5,1,1,23,1,234627,0
mixed_short_ordinary,6,after,6,fixed_winner,22,5,1,1,23,1,235252,0
mixed_short_ordinary,6,after,6,fixed_winner,23,5,1,1,23,1,257403,0
mixed_short_ordinary,6,after,6,fixed_winner,24,5,1,1,23,1,234434,0
mixed_short_ordinary,6,before,6,native,0,1,1,1,0,1,225342,295584
mixed_short_ordinary,6,before,6,native,1,1,1,1,0,1,225324,295575
mixed_short_ordinary,6,before,6,native,2,1,1,1,0,1,226279,295437
mixed_short_ordinary,6,before,6,native,3,1,1,1,0,1,242424,295510
mixed_short_ordinary,6,before,6,native,4,1,1,1,0,1,230954,295776
mixed_short_ordinary,6,before,6,native,5,1,1,1,0,1,221393,295584
mixed_short_ordinary,6,before,6,native,6,1,1,1,0,1,221145,295419
mixed_short_ordinary,6,before,6,native,7,1,1,1,0,1,227500,295410
mixed_short_ordinary,6,before,6,native,8,1,1,1,0,1,221338,295565
mixed_short_ordinary,6,before,6,native,9,1,1,1,0,1,221146,295418
mixed_short_ordinary,6,before,6,native,10,1,1,1,0,1,221173,295446
mixed_short_ordinary,6,before,6,native,11,1,1,1,0,1,221145,295418
mixed_short_ordinary,6,before,6,native,12,1,1,1,0,1,221430,295400
mixed_short_ordinary,6,before,6,native,13,1,1,1,0,1,226793,300587
mixed_short_ordinary,6,before,6,native,14,1,1,1,0,1,280344,297160
mixed_short_ordinary,6,before,6,native,15,1,1,1,0,1,278333,295673
mixed_short_ordinary,6,before,6,native,16,1,1,1,0,1,268956,295287
mixed_short_ordinary,6,before,6,native,17,1,1,1,0,1,222468,295057
mixed_short_ordinary,6,before,6,native,18,1,1,1,0,1,263758,295067
mixed_short_ordinary,6,before,6,native,19,1,1,1,0,1,267174,295581
mixed_short_ordinary,6,before,6,native,20,1,1,1,0,1,224296,295636
mixed_short_ordinary,6,before,6,native,21,1,1,1,0,1,230191,302049
mixed_short_ordinary,6,before,6,native,22,1,1,1,0,1,221274,295060
mixed_short_ordinary,6,before,6,native,23,1,1,1,0,1,221164,294940
mixed_short_ordinary,6,before,6,native,24,1,1,1,0,1,222247,294923
mixed_short_ordinary,6,before,6,fixed_winner,0,5,1,1,23,1,231999,0
mixed_short_ordinary,6,before,6,fixed_winner,1,5,1,1,23,1,251338,0
mixed_short_ordinary,6,before,6,fixed_winner,2,5,1,1,23,1,270545,0
mixed_short_ordinary,6,before,6,fixed_winner,3,5,1,1,23,1,222624,0
mixed_short_ordinary,6,before,6,fixed_winner,4,5,1,1,23,1,211594,0
mixed_short_ordinary,6,before,6,fixed_winner,5,5,1,1,23,1,216030,0
mixed_short_ordinary,6,before,6,fixed_winner,6,5,1,1,23,1,210189,0
mixed_short_ordinary,6,before,6,fixed_winner,7,5,1,1,23,1,230663,0
mixed_short_ordinary,6,before,6,fixed_winner,8,5,1,1,23,1,215383,0
mixed_short_ordinary,6,before,6,fixed_winner,9,5,1,1,23,1,228134,0
mixed_short_ordinary,6,before,6,fixed_winner,10,5,1,1,23,1,212880,0
mixed_short_ordinary,6,before,6,fixed_winner,11,5,1,1,23,1,215837,0
mixed_short_ordinary,6,before,6,fixed_winner,12,5,1,1,23,1,209280,0
mixed_short_ordinary,6,before,6,fixed_winner,13,5,1,1,23,1,215019,0
mixed_short_ordinary,6,before,6,fixed_winner,14,5,1,1,23,1,209785,0
mixed_short_ordinary,6,before,6,fixed_winner,15,5,1,1,23,1,215488,0
mixed_short_ordinary,6,before,6,fixed_winner,16,5,1,1,23,1,224378,0
mixed_short_ordinary,6,before,6,fixed_winner,17,5,1,1,23,1,217316,0
mixed_short_ordinary,6,before,6,fixed_winner,18,5,1,1,23,1,251424,0
mixed_short_ordinary,6,before,6,fixed_winner,19,5,1,1,23,1,209822,0
mixed_short_ordinary,6,before,6,fixed_winner,20,5,1,1,23,1,216526,0
mixed_short_ordinary,6,before,6,fixed_winner,21,5,1,1,23,1,210813,0
mixed_short_ordinary,6,before,6,fixed_winner,22,5,1,1,23,1,216461,0
mixed_short_ordinary,6,before,6,fixed_winner,23,5,1,1,23,1,214772,0
mixed_short_ordinary,6,before,6,fixed_winner,24,5,1,1,23,1,209831,0
mixed_short_ordinary,6,after,7,native,0,1,1,1,0,1,231936,248820
mixed_short_ordinary,6,after,7,native,1,1,1,1,0,1,223432,249289
mixed_short_ordinary,6,after,7,native,2,1,1,1,0,1,223863,248857
mixed_short_ordinary,6,after,7,native,3,1,1,1,0,1,222477,248902
mixed_short_ordinary,6,after,7,native,4,1,1,1,0,1,256539,248866
mixed_short_ordinary,6,after,7,native,5,1,1,1,0,1,248954,256859
mixed_short_ordinary,6,after,7,native,6,1,1,1,0,1,256218,248796
mixed_short_ordinary,6,after,7,native,7,1,1,1,0,1,234599,248925
mixed_short_ordinary,6,after,7,native,8,1,1,1,0,1,222834,248631
mixed_short_ordinary,6,after,7,native,9,1,1,1,0,1,222963,248356
mixed_short_ordinary,6,after,7,native,10,1,1,1,0,1,223726,248300
mixed_short_ordinary,6,after,7,native,11,1,1,1,0,1,228860,248355
mixed_short_ordinary,6,after,7,native,12,1,1,1,0,1,226050,248447
mixed_short_ordinary,6,after,7,native,13,1,1,1,0,1,235151,257460
mixed_short_ordinary,6,after,7,native,14,1,1,1,0,1,222606,248295
mixed_short_ordinary,6,after,7,native,15,1,1,1,0,1,231275,248111
mixed_short_ordinary,6,after,7,native,16,1,1,1,0,1,229916,248267
mixed_short_ordinary,6,after,7,native,17,1,1,1,0,1,222624,248277
mixed_short_ordinary,6,after,7,native,18,1,1,1,0,1,222431,248139
mixed_short_ordinary,6,after,7,native,19,1,1,1,0,1,224267,248194
mixed_short_ordinary,6,after,7,native,20,1,1,1,0,1,226435,248084
mixed_short_ordinary,6,after,7,native,21,1,1,1,0,1,249028,254846
mixed_short_ordinary,6,after,7,native,22,1,1,1,0,1,231468,248335
mixed_short_ordinary,6,after,7,native,23,1,1,1,0,1,261370,248601
mixed_short_ordinary,6,after,7,native,24,1,1,1,0,1,229860,248408
mixed_short_ordinary,6,after,7,fixed_winner,0,5,1,1,23,1,248852,0
mixed_short_ordinary,6,after,7,fixed_winner,1,5,1,1,23,1,242901,0
mixed_short_ordinary,6,after,7,fixed_winner,2,5,1,1,23,1,245114,0
mixed_short_ordinary,6,after,7,fixed_winner,3,5,1,1,23,1,234195,0
mixed_short_ordinary,6,after,7,fixed_winner,4,5,1,1,23,1,245409,0
mixed_short_ordinary,6,after,7,fixed_winner,5,5,1,1,23,1,221164,0
mixed_short_ordinary,6,after,7,fixed_winner,6,5,1,1,23,1,210997,0
mixed_short_ordinary,6,after,7,fixed_winner,7,5,1,1,23,1,216324,0
mixed_short_ordinary,6,after,7,fixed_winner,8,5,1,1,23,1,400495,0
mixed_short_ordinary,6,after,7,fixed_winner,9,5,1,1,23,1,252481,0
mixed_short_ordinary,6,after,7,fixed_winner,10,5,1,1,23,1,232313,0
mixed_short_ordinary,6,after,7,fixed_winner,11,5,1,1,23,1,213412,0
mixed_short_ordinary,6,after,7,fixed_winner,12,5,1,1,23,1,208830,0
mixed_short_ordinary,6,after,7,fixed_winner,13,5,1,1,23,1,223487,0
mixed_short_ordinary,6,after,7,fixed_winner,14,5,1,1,23,1,209996,0
mixed_short_ordinary,6,after,7,fixed_winner,15,5,1,1,23,1,208187,0
mixed_short_ordinary,6,after,7,fixed_winner,16,5,1,1,23,1,234967,0
mixed_short_ordinary,6,after,7,fixed_winner,17,5,1,1,23,1,210768,0
mixed_short_ordinary,6,after,7,fixed_winner,18,5,1,1,23,1,213835,0
mixed_short_ordinary,6,after,7,fixed_winner,19,5,1,1,23,1,215332,0
mixed_short_ordinary,6,after,7,fixed_winner,20,5,1,1,23,1,208472,0
mixed_short_ordinary,6,after,7,fixed_winner,21,5,1,1,23,1,212935,0
mixed_short_ordinary,6,after,7,fixed_winner,22,5,1,1,23,1,207718,0
mixed_short_ordinary,6,after,7,fixed_winner,23,5,1,1,23,1,210602,0
mixed_short_ordinary,6,after,7,fixed_winner,24,5,1,1,23,1,212531,0
mixed_short_ordinary,6,before,7,native,0,1,1,1,8,1,228988,232040
mixed_short_ordinary,6,before,7,native,1,1,1,1,8,1,224552,232269
mixed_short_ordinary,6,before,7,native,2,1,1,1,8,1,222542,232094
mixed_short_ordinary,6,before,7,native,3,1,1,1,8,1,222486,232058
mixed_short_ordinary,6,before,7,native,4,1,1,1,8,1,222753,232021
mixed_short_ordinary,6,before,7,native,5,1,1,1,8,1,246657,232012
mixed_short_ordinary,6,before,7,native,6,1,1,1,8,1,224543,232288
mixed_short_ordinary,6,before,7,native,7,1,1,1,8,1,258992,232057
mixed_short_ordinary,6,before,7,native,8,1,1,1,8,1,229934,232296
mixed_short_ordinary,6,before,7,native,9,1,1,1,8,1,226187,233215
mixed_short_ordinary,6,before,7,native,10,1,1,1,8,1,224369,232094
mixed_short_ordinary,6,before,7,native,11,1,1,1,8,1,229374,232031
mixed_short_ordinary,6,before,7,native,12,1,1,1,8,1,224755,232140
mixed_short_ordinary,6,before,7,native,13,1,1,1,8,1,230512,237419
mixed_short_ordinary,6,before,7,native,14,1,1,1,8,1,225645,231734
mixed_short_ordinary,6,before,7,native,15,1,1,1,8,1,230660,231724
mixed_short_ordinary,6,before,7,native,16,1,1,1,8,1,223992,231843
mixed_short_ordinary,6,before,7,native,17,1,1,1,8,1,223799,231697
mixed_short_ordinary,6,before,7,native,18,1,1,1,8,1,225581,231715
mixed_short_ordinary,6,before,7,native,19,1,1,1,8,1,225563,231687
mixed_short_ordinary,6,before,7,native,20,1,1,1,8,1,224111,231679
mixed_short_ordinary,6,before,7,native,21,1,1,1,8,1,223799,231697
mixed_short_ordinary,6,before,7,native,22,1,1,1,8,1,223799,231687
mixed_short_ordinary,6,before,7,native,23,1,1,1,8,1,230678,231697
mixed_short_ordinary,6,before,7,native,24,1,1,1,8,1,233231,231752
mixed_short_ordinary,6,before,7,fixed_winner,0,5,1,1,23,1,232241,0
mixed_short_ordinary,6,before,7,fixed_winner,1,5,1,1,23,1,239549,0
mixed_short_ordinary,6,before,7,fixed_winner,2,5,1,1,23,1,234159,0
mixed_short_ordinary,6,before,7,fixed_winner,3,5,1,1,23,1,252829,0
mixed_short_ordinary,6,before,7,fixed_winner,4,5,1,1,23,1,236482,0
mixed_short_ordinary,6,before,7,fixed_winner,5,5,1,1,23,1,242387,0
mixed_short_ordinary,6,before,7,fixed_winner,6,5,1,1,23,1,245069,0
mixed_short_ordinary,6,before,7,fixed_winner,7,5,1,1,23,1,238896,0
mixed_short_ordinary,6,before,7,fixed_winner,8,5,1,1,23,1,253472,0
mixed_short_ordinary,6,before,7,fixed_winner,9,5,1,1,23,1,291765,0
mixed_short_ordinary,6,before,7,fixed_winner,10,5,1,1,23,1,253128,0
mixed_short_ordinary,6,before,7,fixed_winner,11,5,1,1,23,1,248862,0
mixed_short_ordinary,6,before,7,fixed_winner,12,5,1,1,23,1,330366,0
mixed_short_ordinary,6,before,7,fixed_winner,13,5,1,1,23,1,268717,0
mixed_short_ordinary,6,before,7,fixed_winner,14,5,1,1,23,1,233499,0
mixed_short_ordinary,6,before,7,fixed_winner,15,5,1,1,23,1,239999,0
mixed_short_ordinary,6,before,7,fixed_winner,16,5,1,1,23,1,220268,0
mixed_short_ordinary,6,before,7,fixed_winner,17,5,1,1,23,1,212724,0
mixed_short_ordinary,6,before,7,fixed_winner,18,5,1,1,23,1,216186,0
mixed_short_ordinary,6,before,7,fixed_winner,19,5,1,1,23,1,215084,0
mixed_short_ordinary,6,before,7,fixed_winner,20,5,1,1,23,1,212421,0
mixed_short_ordinary,6,before,7,fixed_winner,21,5,1,1,23,1,217366,0
mixed_short_ordinary,6,before,7,fixed_winner,22,5,1,1,23,1,230205,0
mixed_short_ordinary,6,before,7,fixed_winner,23,5,1,1,23,1,292043,0
mixed_short_ordinary,6,before,7,fixed_winner,24,5,1,1,23,1,219483,0
mixed_short_ordinary,6,after,8,native,0,1,1,1,0,1,225535,254175
mixed_short_ordinary,6,after,8,native,1,1,1,1,0,1,232653,254294
mixed_short_ordinary,6,after,8,native,2,1,1,1,0,1,222605,254248
mixed_short_ordinary,6,after,8,native,3,1,1,1,0,1,222513,254175
mixed_short_ordinary,6,after,8,native,4,1,1,1,0,1,222817,254147
mixed_short_ordinary,6,after,8,native,5,1,1,1,0,1,230954,260411
mixed_short_ordinary,6,after,8,native,6,1,1,1,0,1,222569,253854
mixed_short_ordinary,6,after,8,native,7,1,1,1,0,1,222385,253698
mixed_short_ordinary,6,after,8,native,8,1,1,1,0,1,229282,253725
mixed_short_ordinary,6,after,8,native,9,1,1,1,0,1,222661,253864
mixed_short_ordinary,6,after,8,native,10,1,1,1,0,1,222440,253725
mixed_short_ordinary,6,after,8,native,11,1,1,1,0,1,222403,253707
mixed_short_ordinary,6,after,8,native,12,1,1,1,0,1,222716,253716
mixed_short_ordinary,6,after,8,native,13,1,1,1,0,1,236593,257992
mixed_short_ordinary,6,after,8,native,14,1,1,1,0,1,238925,253777
mixed_short_ordinary,6,after,8,native,15,1,1,1,0,1,231597,253703
mixed_short_ordinary,6,after,8,native,16,1,1,1,0,1,222578,253675
mixed_short_ordinary,6,after,8,native,17,1,1,1,0,1,222476,253620
mixed_short_ordinary,6,after,8,native,18,1,1,1,0,1,222431,253593
mixed_short_ordinary,6,after,8,native,19,1,1,1,0,1,222467,253602
mixed_short_ordinary,6,after,8,native,20,1,1,1,0,1,222715,253630
mixed_short_ordinary,6,after,8,native,21,1,1,1,0,1,227510,258482
mixed_short_ordinary,6,after,8,native,22,1,1,1,0,1,229309,253532
mixed_short_ordinary,6,after,8,native,23,1,1,1,0,1,222743,253697
mixed_short_ordinary,6,after,8,native,24,1,1,1,0,1,224258,253505
mixed_short_ordinary,6,after,8,fixed_winner,0,5,1,1,23,1,244242,0
mixed_short_ordinary,6,after,8,fixed_winner,1,5,1,1,23,1,221999,0
mixed_short_ordinary,6,after,8,fixed_winner,2,5,1,1,23,1,330156,0
mixed_short_ordinary,6,after,8,fixed_winner,3,5,1,1,23,1,242488,0
mixed_short_ordinary,6,after,8,fixed_winner,4,5,1,1,23,1,237438,0
mixed_short_ordinary,6,after,8,fixed_winner,5,5,1,1,23,1,315601,0
mixed_short_ordinary,6,after,8,fixed_winner,6,5,1,1,23,1,239467,0
mixed_short_ordinary,6,after,8,fixed_winner,7,5,1,1,23,1,236528,0
mixed_short_ordinary,6,after,8,fixed_winner,8,5,1,1,23,1,236023,0
mixed_short_ordinary,6,after,8,fixed_winner,9,5,1,1,23,1,240661,0
mixed_short_ordinary,6,after,8,fixed_winner,10,5,1,1,23,1,246180,0
mixed_short_ordinary,6,after,8,fixed_winner,11,5,1,1,23,1,242103,0
mixed_short_ordinary,6,after,8,fixed_winner,12,5,1,1,23,1,233470,0
mixed_short_ordinary,6,after,8,fixed_winner,13,5,1,1,23,1,234691,0
mixed_short_ordinary,6,after,8,fixed_winner,14,5,1,1,23,1,235417,0
mixed_short_ordinary,6,after,8,fixed_winner,15,5,1,1,23,1,221053,0
mixed_short_ordinary,6,after,8,fixed_winner,16,5,1,1,23,1,213651,0
mixed_short_ordinary,6,after,8,fixed_winner,17,5,1,1,23,1,231807,0
mixed_short_ordinary,6,after,8,fixed_winner,18,5,1,1,23,1,229998,0
mixed_short_ordinary,6,after,8,fixed_winner,19,5,1,1,23,1,238952,0
mixed_short_ordinary,6,after,8,fixed_winner,20,5,1,1,23,1,213816,0
mixed_short_ordinary,6,after,8,fixed_winner,21,5,1,1,23,1,272555,0
mixed_short_ordinary,6,after,8,fixed_winner,22,5,1,1,23,1,216370,0
mixed_short_ordinary,6,after,8,fixed_winner,23,5,1,1,23,1,213201,0
mixed_short_ordinary,6,after,8,fixed_winner,24,5,1,1,23,1,210749,0
mixed_short_ordinary,6,before,8,native,0,1,1,1,0,1,263023,247605
mixed_short_ordinary,6,before,8,native,1,1,1,1,0,1,224460,248064
mixed_short_ordinary,6,before,8,native,2,1,1,1,0,1,223790,247568
mixed_short_ordinary,6,before,8,native,3,1,1,1,0,1,223753,247578
mixed_short_ordinary,6,before,8,native,4,1,1,1,0,1,224075,247540
mixed_short_ordinary,6,before,8,native,5,1,1,1,0,1,272510,295930
mixed_short_ordinary,6,before,8,native,6,1,1,1,0,1,223937,247651
mixed_short_ordinary,6,before,8,native,7,1,1,1,0,1,231752,247532
mixed_short_ordinary,6,before,8,native,8,1,1,1,0,1,223478,247623
mixed_short_ordinary,6,before,8,native,9,1,1,1,0,1,222431,247494
mixed_short_ordinary,6,before,8,native,10,1,1,1,0,1,222403,247477
mixed_short_ordinary,6,before,8,native,11,1,1,1,0,1,222449,247513
mixed_short_ordinary,6,before,8,native,12,1,1,1,0,1,222679,247467
mixed_short_ordinary,6,before,8,native,13,1,1,1,0,1,222385,247458
mixed_short_ordinary,6,before,8,native,14,1,1,1,0,1,222440,247495
mixed_short_ordinary,6,before,8,native,15,1,1,1,0,1,238218,247477
mixed_short_ordinary,6,before,8,native,16,1,1,1,0,1,303689,247743
mixed_short_ordinary,6,before,8,native,17,1,1,1,0,1,223193,248091
mixed_short_ordinary,6,before,8,native,18,1,1,1,0,1,222477,247532
mixed_short_ordinary,6,before,8,native,19,1,1,1,0,1,222808,247504
mixed_short_ordinary,6,before,8,native,20,1,1,1,0,1,224057,247458
mixed_short_ordinary,6,before,8,native,21,1,1,1,0,1,243737,265291
mixed_short_ordinary,6,before,8,native,22,1,1,1,0,1,231587,247355
mixed_short_ordinary,6,before,8,native,23,1,1,1,0,1,225737,247365
mixed_short_ordinary,6,before,8,native,24,1,1,1,0,1,223735,247245
mixed_short_ordinary,6,before,8,fixed_winner,0,5,1,1,23,1,222623,0
mixed_short_ordinary,6,before,8,fixed_winner,1,5,1,1,23,1,214808,0
mixed_short_ordinary,6,before,8,fixed_winner,2,5,1,1,23,1,215754,0
mixed_short_ordinary,6,before,8,fixed_winner,3,5,1,1,23,1,209555,0
mixed_short_ordinary,6,before,8,fixed_winner,4,5,1,1,23,1,211475,0
mixed_short_ordinary,6,before,8,fixed_winner,5,5,1,1,23,1,213945,0
mixed_short_ordinary,6,before,8,fixed_winner,6,5,1,1,23,1,212265,0
mixed_short_ordinary,6,before,8,fixed_winner,7,5,1,1,23,1,279150,0
mixed_short_ordinary,6,before,8,fixed_winner,8,5,1,1,23,1,260865,0
mixed_short_ordinary,6,before,8,fixed_winner,9,5,1,1,23,1,248926,0
mixed_short_ordinary,6,before,8,fixed_winner,10,5,1,1,23,1,233572,0
mixed_short_ordinary,6,before,8,fixed_winner,11,5,1,1,23,1,243673,0
mixed_short_ordinary,6,before,8,fixed_winner,12,5,1,1,23,1,221678,0
mixed_short_ordinary,6,before,8,fixed_winner,13,5,1,1,23,1,253784,0
mixed_short_ordinary,6,before,8,fixed_winner,14,5,1,1,23,1,244545,0
mixed_short_ordinary,6,before,8,fixed_winner,15,5,1,1,23,1,274622,0
mixed_short_ordinary,6,before,8,fixed_winner,16,5,1,1,23,1,234388,0
mixed_short_ordinary,6,before,8,fixed_winner,17,5,1,1,23,1,237383,0
mixed_short_ordinary,6,before,8,fixed_winner,18,5,1,1,23,1,248843,0
mixed_short_ordinary,6,before,8,fixed_winner,19,5,1,1,23,1,245179,0
mixed_short_ordinary,6,before,8,fixed_winner,20,5,1,1,23,1,244766,0
mixed_short_ordinary,6,before,8,fixed_winner,21,5,1,1,23,1,249404,0
mixed_short_ordinary,6,before,8,fixed_winner,22,5,1,1,23,1,218969,0
mixed_short_ordinary,6,before,8,fixed_winner,23,5,1,1,23,1,234857,0
mixed_short_ordinary,6,before,8,fixed_winner,24,5,1,1,23,1,228143,0
mixed_compute,6,before,0,native,0,1,1,1,0,2,1338926,1415600
mixed_compute,6,before,0,native,1,1,1,1,0,2,1585756,1415921
mixed_compute,6,before,0,native,2,1,1,1,0,2,1357627,1415489
mixed_compute,6,before,0,native,3,1,1,1,0,2,1500995,1415600
mixed_compute,6,before,0,native,4,1,1,1,0,2,1474059,1415582
mixed_compute,6,before,0,native,5,1,1,1,0,2,1348839,1415379
mixed_compute,6,before,0,native,6,1,1,1,0,2,1404896,1415360
mixed_compute,6,before,0,native,7,1,1,1,0,2,1340304,1415819
mixed_compute,6,before,0,native,8,1,1,1,0,2,1528798,1415719
mixed_compute,6,before,0,native,9,1,1,1,0,2,1457657,1415966
mixed_compute,6,before,0,native,10,1,1,1,0,2,1424669,1415618
mixed_compute,6,before,0,native,11,1,1,1,0,2,1411573,1415462
mixed_compute,6,before,0,native,12,1,1,1,0,2,1615112,1415498
mixed_compute,6,before,0,native,13,1,1,1,0,2,1443413,1436472
mixed_compute,6,before,0,native,14,1,1,1,0,2,1356764,1415359
mixed_compute,6,before,0,native,15,1,1,1,0,2,1344945,1415286
mixed_compute,6,before,0,native,16,1,1,1,0,2,1624315,1415432
mixed_compute,6,before,0,native,17,1,1,1,0,2,1503338,1416039
mixed_compute,6,before,0,native,18,1,1,1,0,2,1405145,1416075
mixed_compute,6,before,0,native,19,1,1,1,0,2,1470073,1416240
mixed_compute,6,before,0,native,20,1,1,1,0,2,1408396,1415717
mixed_compute,6,before,0,native,21,1,1,1,0,2,1474950,1415782
mixed_compute,6,before,0,native,22,1,1,1,0,2,1453102,1415460
mixed_compute,6,before,0,native,23,1,1,1,0,2,1428159,1415313
mixed_compute,6,before,0,native,24,1,1,1,0,2,1483536,1415322
mixed_compute,6,before,0,fixed_winner,0,5,5,1,7,1,905795,0
mixed_compute,6,before,0,fixed_winner,1,5,5,1,7,1,812112,0
mixed_compute,6,before,0,fixed_winner,2,5,5,1,7,1,662930,0
mixed_compute,6,before,0,fixed_winner,3,5,5,1,7,1,671205,0
mixed_compute,6,before,0,fixed_winner,4,5,5,1,7,1,655327,0
mixed_compute,6,before,0,fixed_winner,5,5,5,1,7,1,651239,0
mixed_compute,6,before,0,fixed_winner,6,5,5,1,7,1,683484,0
mixed_compute,6,before,0,fixed_winner,7,5,5,1,7,1,764576,0
mixed_compute,6,before,0,fixed_winner,8,5,5,1,7,1,804360,0
mixed_compute,6,before,0,fixed_winner,9,5,5,1,7,1,890798,0
mixed_compute,6,before,0,fixed_winner,10,5,5,1,7,1,791053,0
mixed_compute,6,before,0,fixed_winner,11,5,5,1,7,1,675475,0
mixed_compute,6,before,0,fixed_winner,12,5,5,1,7,1,793441,0
mixed_compute,6,before,0,fixed_winner,13,5,5,1,7,1,791779,0
mixed_compute,6,before,0,fixed_winner,14,5,5,1,7,1,790217,0
mixed_compute,6,before,0,fixed_winner,15,5,5,1,7,1,668578,0
mixed_compute,6,before,0,fixed_winner,16,5,5,1,7,1,683833,0
mixed_compute,6,before,0,fixed_winner,17,5,5,1,7,1,971872,0
mixed_compute,6,before,0,fixed_winner,18,5,5,1,7,1,770105,0
mixed_compute,6,before,0,fixed_winner,19,5,5,1,7,1,794387,0
mixed_compute,6,before,0,fixed_winner,20,5,5,1,7,1,934844,0
mixed_compute,6,before,0,fixed_winner,21,5,5,1,7,1,794350,0
mixed_compute,6,before,0,fixed_winner,22,5,5,1,7,1,674456,0
mixed_compute,6,before,0,fixed_winner,23,5,5,1,7,1,654977,0
mixed_compute,6,before,0,fixed_winner,24,5,5,1,7,1,730782,0
mixed_compute,6,after,0,native,0,5,5,1,0,1,898072,678726
mixed_compute,6,after,0,native,1,5,5,1,0,1,793247,678378
mixed_compute,6,after,0,native,2,5,5,1,0,1,785102,678598
mixed_compute,6,after,0,native,3,5,5,1,0,1,813141,678386
mixed_compute,6,after,0,native,4,5,5,1,0,1,788407,678322
mixed_compute,6,after,0,native,5,5,5,1,0,1,657658,678249
mixed_compute,6,after,0,native,6,5,5,1,0,1,651046,677882
mixed_compute,6,after,0,native,7,5,5,1,0,1,646225,677799
mixed_compute,6,after,0,native,8,5,5,1,0,1,677478,677873
mixed_compute,6,after,0,native,9,5,5,1,0,1,689333,678552
mixed_compute,6,after,0,native,10,5,5,1,0,1,666742,678341
mixed_compute,6,after,0,native,11,5,5,1,0,1,679378,678524
mixed_compute,6,after,0,native,12,5,5,1,0,1,668680,678377
mixed_compute,6,after,0,native,13,5,5,1,0,1,703540,690287
mixed_compute,6,after,0,native,14,5,5,1,0,1,674622,678063
mixed_compute,6,after,0,native,15,5,5,1,0,1,686645,678045
mixed_compute,6,after,0,native,16,5,5,1,0,1,652865,678063
mixed_compute,6,after,0,native,17,5,5,1,0,1,795957,677916
mixed_compute,6,after,0,native,18,5,5,1,0,1,955672,678724
mixed_compute,6,after,0,native,19,5,5,1,0,1,773329,678284
mixed_compute,6,after,0,native,20,5,5,1,0,1,756605,678099
mixed_compute,6,after,0,native,21,5,5,1,0,1,912537,678338
mixed_compute,6,after,0,native,22,5,5,1,0,1,809448,678384
mixed_compute,6,after,0,native,23,5,5,1,0,1,661240,678504
mixed_compute,6,after,0,native,24,5,5,1,0,1,675731,678422
mixed_compute,6,after,0,fixed_winner,0,5,5,1,7,1,649724,0
mixed_compute,6,after,0,fixed_winner,1,5,5,1,7,1,758443,0
mixed_compute,6,after,0,fixed_winner,2,5,5,1,7,1,772519,0
mixed_compute,6,after,0,fixed_winner,3,5,5,1,7,1,781502,0
mixed_compute,6,after,0,fixed_winner,4,5,5,1,7,1,660065,0
mixed_compute,6,after,0,fixed_winner,5,5,5,1,7,1,667853,0
mixed_compute,6,after,0,fixed_winner,6,5,5,1,7,1,702137,0
mixed_compute,6,after,0,fixed_winner,7,5,5,1,7,1,680645,0
mixed_compute,6,after,0,fixed_winner,8,5,5,1,7,1,822746,0
mixed_compute,6,after,0,fixed_winner,9,5,5,1,7,1,813086,0
mixed_compute,6,after,0,fixed_winner,10,5,5,1,7,1,789097,0
mixed_compute,6,after,0,fixed_winner,11,5,5,1,7,1,763208,0
mixed_compute,6,after,0,fixed_winner,12,5,5,1,7,1,774468,0
mixed_compute,6,after,0,fixed_winner,13,5,5,1,7,1,751967,0
mixed_compute,6,after,0,fixed_winner,14,5,5,1,7,1,743454,0
mixed_compute,6,after,0,fixed_winner,15,5,5,1,7,1,909230,0
mixed_compute,6,after,0,fixed_winner,16,5,5,1,7,1,816906,0
mixed_compute,6,after,0,fixed_winner,17,5,5,1,7,1,713752,0
mixed_compute,6,after,0,fixed_winner,18,5,5,1,7,1,655768,0
mixed_compute,6,after,0,fixed_winner,19,5,5,1,7,1,659643,0
mixed_compute,6,after,0,fixed_winner,20,5,5,1,7,1,651441,0
mixed_compute,6,after,0,fixed_winner,21,5,5,1,7,1,661673,0
mixed_compute,6,after,0,fixed_winner,22,5,5,1,7,1,678781,0
mixed_compute,6,after,0,fixed_winner,23,5,5,1,7,1,656768,0
mixed_compute,6,after,0,fixed_winner,24,5,5,1,7,1,656952,0
mixed_compute,6,after,1,native,0,5,5,1,0,1,686744,694387
mixed_compute,6,after,1,native,1,5,5,1,0,1,665815,694121
mixed_compute,6,after,1,native,2,5,5,1,0,1,654197,694075
mixed_compute,6,after,1,native,3,5,5,1,0,1,774882,693983
mixed_compute,6,after,1,native,4,5,5,1,0,1,817308,694774
mixed_compute,6,after,1,native,5,5,5,1,0,1,693880,706811
mixed_compute,6,after,1,native,6,5,5,1,0,1,662801,694679
mixed_compute,6,after,1,native,7,5,5,1,0,1,659587,694338
mixed_compute,6,after,1,native,8,5,5,1,0,1,664455,694339
mixed_compute,6,after,1,native,9,5,5,1,0,1,788610,694303
mixed_compute,6,after,1,native,10,5,5,1,0,1,890936,694688
mixed_compute,6,after,1,native,11,5,5,1,0,1,793947,694523
mixed_compute,6,after,1,native,12,5,5,1,0,1,832087,694706
mixed_compute,6,after,1,native,13,5,5,1,0,1,750893,707328
mixed_compute,6,after,1,native,14,5,5,1,0,1,728255,694957
mixed_compute,6,after,1,native,15,5,5,1,0,1,681335,694810
mixed_compute,6,after,1,native,16,5,5,1,0,1,659899,694600
mixed_compute,6,after,1,native,17,5,5,1,0,1,658118,694646
mixed_compute,6,after,1,native,18,5,5,1,0,1,666706,694728
mixed_compute,6,after,1,native,19,5,5,1,0,1,665713,694545
mixed_compute,6,after,1,native,20,5,5,1,0,1,719722,694563
mixed_compute,6,after,1,native,21,5,5,1,0,1,893773,694609
mixed_compute,6,after,1,native,22,5,5,1,0,1,927047,695013
mixed_compute,6,after,1,native,23,5,5,1,0,1,930028,695573
mixed_compute,6,after,1,native,24,5,5,1,0,1,839822,695142
mixed_compute,6,after,1,fixed_winner,0,5,5,1,7,1,815078,0
mixed_compute,6,after,1,fixed_winner,1,5,5,1,7,1,929829,0
mixed_compute,6,after,1,fixed_winner,2,5,5,1,7,1,887786,0
mixed_compute,6,after,1,fixed_winner,3,5,5,1,7,1,830232,0
mixed_compute,6,after,1,fixed_winner,4,5,5,1,7,1,694431,0
mixed_compute,6,after,1,fixed_winner,5,5,5,1,7,1,653444,0
mixed_compute,6,after,1,fixed_winner,6,5,5,1,7,1,667596,0
mixed_compute,6,after,1,fixed_winner,7,5,5,1,7,1,695882,0
mixed_compute,6,after,1,fixed_winner,8,5,5,1,7,1,645803,0
mixed_compute,6,after,1,fixed_winner,9,5,5,1,7,1,668652,0
mixed_compute,6,after,1,fixed_winner,10,5,5,1,7,1,667578,0
mixed_compute,6,after,1,fixed_winner,11,5,5,1,7,1,676284,0
mixed_compute,6,after,1,fixed_winner,12,5,5,1,7,1,943026,0
mixed_compute,6,after,1,fixed_winner,13,5,5,1,7,1,667275,0
mixed_compute,6,after,1,fixed_winner,14,5,5,1,7,1,671077,0
mixed_compute,6,after,1,fixed_winner,15,5,5,1,7,1,788225,0
mixed_compute,6,after,1,fixed_winner,16,5,5,1,7,1,804268,0
mixed_compute,6,after,1,fixed_winner,17,5,5,1,7,1,678368,0
mixed_compute,6,after,1,fixed_winner,18,5,5,1,7,1,659312,0
mixed_compute,6,after,1,fixed_winner,19,5,5,1,7,1,818192,0
mixed_compute,6,after,1,fixed_winner,20,5,5,1,7,1,854991,0
mixed_compute,6,after,1,fixed_winner,21,5,5,1,7,1,873367,0
mixed_compute,6,after,1,fixed_winner,22,5,5,1,7,1,811166,0
mixed_compute,6,after,1,fixed_winner,23,5,5,1,7,1,869428,0
mixed_compute,6,after,1,fixed_winner,24,5,5,1,7,1,796940,0
mixed_compute,6,before,1,native,0,1,1,1,0,2,1350790,1424237
mixed_compute,6,before,1,native,1,1,1,1,0,2,1400893,1424164
mixed_compute,6,before,1,native,2,1,1,1,0,2,1340472,1423760
mixed_compute,6,before,1,native,3,1,1,1,0,2,1319800,1423613
mixed_compute,6,before,1,native,4,1,1,1,0,2,1543966,1423319
mixed_compute,6,before,1,native,5,1,1,1,0,2,1351769,1423429
mixed_compute,6,before,1,native,6,1,1,1,0,2,1391919,1423989
mixed_compute,6,before,1,native,7,1,1,1,0,2,1430152,1423815
mixed_compute,6,before,1,native,8,1,1,1,0,2,1372165,1424402
mixed_compute,6,before,1,native,9,1,1,1,0,2,1434781,1423824
mixed_compute,6,before,1,native,10,1,1,1,0,2,1346827,1423778
mixed_compute,6,before,1,native,11,1,1,1,0,2,1338801,1423742
mixed_compute,6,before,1,native,12,1,1,1,0,2,1399625,1423291
mixed_compute,6,before,1,native,13,1,1,1,0,2,1316374,1423494
mixed_compute,6,before,1,native,14,1,1,1,0,2,1316714,1423420
mixed_compute,6,before,1,native,15,1,1,1,0,2,1446076,1423750
mixed_compute,6,before,1,native,16,1,1,1,0,2,1502507,1423456
mixed_compute,6,before,1,native,17,1,1,1,0,2,1349229,1423668
mixed_compute,6,before,1,native,18,1,1,1,0,2,1683035,1423998
mixed_compute,6,before,1,native,19,1,1,1,0,2,1405449,1423640
mixed_compute,6,before,1,native,20,1,1,1,0,2,1658387,1423603
mixed_compute,6,before,1,native,21,1,1,1,0,2,1354166,1423603
mixed_compute,6,before,1,native,22,1,1,1,0,2,1382396,1423980
mixed_compute,6,before,1,native,23,1,1,1,0,2,1668204,1423852
mixed_compute,6,before,1,native,24,1,1,1,0,2,1456858,1423814
mixed_compute,6,before,1,fixed_winner,0,5,5,1,7,1,861419,0
mixed_compute,6,before,1,fixed_winner,1,5,5,1,7,1,938269,0
mixed_compute,6,before,1,fixed_winner,2,5,5,1,7,1,847148,0
mixed_compute,6,before,1,fixed_winner,3,5,5,1,7,1,920370,0
mixed_compute,6,before,1,fixed_winner,4,5,5,1,7,1,873009,0
mixed_compute,6,before,1,fixed_winner,5,5,5,1,7,1,941538,0
mixed_compute,6,before,1,fixed_winner,6,5,5,1,7,1,834263,0
mixed_compute,6,before,1,fixed_winner,7,5,5,1,7,1,658541,0
mixed_compute,6,before,1,fixed_winner,8,5,5,1,7,1,653012,0
mixed_compute,6,before,1,fixed_winner,9,5,5,1,7,1,657457,0
mixed_compute,6,before,1,fixed_winner,10,5,5,1,7,1,646298,0
mixed_compute,6,before,1,fixed_winner,11,5,5,1,7,1,693172,0
mixed_compute,6,before,1,fixed_winner,12,5,5,1,7,1,644297,0
mixed_compute,6,before,1,fixed_winner,13,5,5,1,7,1,643745,0
mixed_compute,6,before,1,fixed_winner,14,5,5,1,7,1,644471,0
mixed_compute,6,before,1,fixed_winner,15,5,5,1,7,1,644250,0
mixed_compute,6,before,1,fixed_winner,16,5,5,1,7,1,651148,0
mixed_compute,6,before,1,fixed_winner,17,5,5,1,7,1,732645,0
mixed_compute,6,before,1,fixed_winner,18,5,5,1,7,1,789966,0
mixed_compute,6,before,1,fixed_winner,19,5,5,1,7,1,1083863,0
mixed_compute,6,before,1,fixed_winner,20,5,5,1,7,1,656952,0
mixed_compute,6,before,1,fixed_winner,21,5,5,1,7,1,686762,0
mixed_compute,6,before,1,fixed_winner,22,5,5,1,7,1,652912,0
mixed_compute,6,before,1,fixed_winner,23,5,5,1,7,1,647860,0
mixed_compute,6,before,1,fixed_winner,24,5,5,1,7,1,647116,0
mixed_compute,6,before,2,native,0,1,1,1,8,2,1520236,1441402
mixed_compute,6,before,2,native,1,1,1,1,8,2,1626129,1440814
mixed_compute,6,before,2,native,2,1,1,1,8,2,1781776,1441190
mixed_compute,6,before,2,native,3,1,1,1,8,2,1432374,1440804
mixed_compute,6,before,2,native,4,1,1,1,8,2,1460743,1441281
mixed_compute,6,before,2,native,5,1,1,1,8,2,1524533,1441878
mixed_compute,6,before,2,native,6,1,1,1,8,2,1503347,1441061
mixed_compute,6,before,2,native,7,1,1,1,8,2,1469053,1441365
mixed_compute,6,before,2,native,8,1,1,1,8,2,1333291,1440868
mixed_compute,6,before,2,native,9,1,1,1,8,2,1360291,1441411
mixed_compute,6,before,2,native,10,1,1,1,8,2,1509996,1440630
mixed_compute,6,before,2,native,11,1,1,1,8,2,1551544,1441217
mixed_compute,6,before,2,native,12,1,1,1,8,2,1398944,1441309
mixed_compute,6,before,2,native,13,1,1,1,8,2,1405015,1441227
mixed_compute,6,before,2,native,14,1,1,1,8,2,1321931,1441053
mixed_compute,6,before,2,native,15,1,1,1,8,2,1509610,1441033
mixed_compute,6,before,2,native,16,1,1,1,8,2,1348710,1440758
mixed_compute,6,before,2,native,17,1,1,1,8,2,1322977,1440997
mixed_compute,6,before,2,native,18,1,1,1,8,2,1367830,1440639
mixed_compute,6,before,2,native,19,1,1,1,8,2,1331757,1440804
mixed_compute,6,before,2,native,20,1,1,1,8,2,1477163,1440648
mixed_compute,6,before,2,native,21,1,1,1,8,2,1632947,1440666
mixed_compute,6,before,2,native,22,1,1,1,8,2,1335991,1440759
mixed_compute,6,before,2,native,23,1,1,1,8,2,1363716,1441135
mixed_compute,6,before,2,native,24,1,1,1,8,2,1628071,1441006
mixed_compute,6,before,2,fixed_winner,0,5,5,1,7,1,754208,0
mixed_compute,6,before,2,fixed_winner,1,5,5,1,7,1,809081,0
mixed_compute,6,before,2,fixed_winner,2,5,5,1,7,1,745631,0
mixed_compute,6,before,2,fixed_winner,3,5,5,1,7,1,847405,0
mixed_compute,6,before,2,fixed_winner,4,5,5,1,7,1,777370,0
mixed_compute,6,before,2,fixed_winner,5,5,5,1,7,1,857319,0
mixed_compute,6,before,2,fixed_winner,6,5,5,1,7,1,748702,0
mixed_compute,6,before,2,fixed_winner,7,5,5,1,7,1,752408,0
mixed_compute,6,before,2,fixed_winner,8,5,5,1,7,1,807584,0
mixed_compute,6,before,2,fixed_winner,9,5,5,1,7,1,749258,0
mixed_compute,6,before,2,fixed_winner,10,5,5,1,7,1,785350,0
mixed_compute,6,before,2,fixed_winner,11,5,5,1,7,1,788729,0
mixed_compute,6,before,2,fixed_winner,12,5,5,1,7,1,872624,0
mixed_compute,6,before,2,fixed_winner,13,5,5,1,7,1,838331,0
mixed_compute,6,before,2,fixed_winner,14,5,5,1,7,1,788161,0
mixed_compute,6,before,2,fixed_winner,15,5,5,1,7,1,913528,0
mixed_compute,6,before,2,fixed_winner,16,5,5,1,7,1,854779,0
mixed_compute,6,before,2,fixed_winner,17,5,5,1,7,1,827880,0
mixed_compute,6,before,2,fixed_winner,18,5,5,1,7,1,849448,0
mixed_compute,6,before,2,fixed_winner,19,5,5,1,7,1,913087,0
mixed_compute,6,before,2,fixed_winner,20,5,5,1,7,1,695050,0
mixed_compute,6,before,2,fixed_winner,21,5,5,1,7,1,665121,0
mixed_compute,6,before,2,fixed_winner,22,5,5,1,7,1,841927,0
mixed_compute,6,before,2,fixed_winner,23,5,5,1,7,1,984086,0
mixed_compute,6,before,2,fixed_winner,24,5,5,1,7,1,779523,0
mixed_compute,6,after,2,native,0,5,5,1,0,1,665530,684202
mixed_compute,6,after,2,native,1,5,5,1,0,1,659725,684331
mixed_compute,6,after,2,native,2,5,5,1,0,1,656447,684276
mixed_compute,6,after,2,native,3,5,5,1,0,1,651772,684027
mixed_compute,6,after,2,native,4,5,5,1,0,1,691143,683999
mixed_compute,6,after,2,native,5,5,5,1,0,1,671068,696553
mixed_compute,6,after,2,native,6,5,5,1,0,1,664289,684320
mixed_compute,6,after,2,native,7,5,5,1,0,1,808870,684237
mixed_compute,6,after,2,native,8,5,5,1,0,1,662545,684577
mixed_compute,6,after,2,native,9,5,5,1,0,1,673216,684302
mixed_compute,6,after,2,native,10,5,5,1,0,1,789933,684348
mixed_compute,6,after,2,native,11,5,5,1,0,1,937351,684439
mixed_compute,6,after,2,native,12,5,5,1,0,1,878253,684651
mixed_compute,6,after,2,native,13,5,5,1,0,1,758699,696836
mixed_compute,6,after,2,native,14,5,5,1,0,1,861392,684521
mixed_compute,6,after,2,native,15,5,5,1,0,1,1012529,684512
mixed_compute,6,after,2,native,16,5,5,1,0,1,805849,684851
mixed_compute,6,after,2,native,17,5,5,1,0,1,807804,684410
mixed_compute,6,after,2,native,18,5,5,1,0,1,796205,684493
mixed_compute,6,after,2,native,19,5,5,1,0,1,669735,684723
mixed_compute,6,after,2,native,20,5,5,1,0,1,665530,684255
mixed_compute,6,after,2,native,21,5,5,1,0,1,671379,684465
mixed_compute,6,after,2,native,22,5,5,1,0,1,917210,684374
mixed_compute,6,after,2,native,23,5,5,1,0,1,677523,684695
mixed_compute,6,after,2,native,24,5,5,1,0,1,663914,684484
mixed_compute,6,after,2,fixed_winner,0,5,5,1,7,1,666861,0
mixed_compute,6,after,2,fixed_winner,1,5,5,1,7,1,694403,0
mixed_compute,6,after,2,fixed_winner,2,5,5,1,7,1,907843,0
mixed_compute,6,after,2,fixed_winner,3,5,5,1,7,1,786314,0
mixed_compute,6,after,2,fixed_winner,4,5,5,1,7,1,787725,0
mixed_compute,6,after,2,fixed_winner,5,5,5,1,7,1,1021651,0
mixed_compute,6,after,2,fixed_winner,6,5,5,1,7,1,694376,0
mixed_compute,6,after,2,fixed_winner,7,5,5,1,7,1,670984,0
mixed_compute,6,after,2,fixed_winner,8,5,5,1,7,1,687690,0
mixed_compute,6,after,2,fixed_winner,9,5,5,1,7,1,669571,0
mixed_compute,6,after,2,fixed_winner,10,5,5,1,7,1,659376,0
mixed_compute,6,after,2,fixed_winner,11,5,5,1,7,1,671012,0
mixed_compute,6,after,2,fixed_winner,12,5,5,1,7,1,679296,0
mixed_compute,6,after,2,fixed_winner,13,5,5,1,7,1,656869,0
mixed_compute,6,after,2,fixed_winner,14,5,5,1,7,1,676678,0
mixed_compute,6,after,2,fixed_winner,15,5,5,1,7,1,658174,0
mixed_compute,6,after,2,fixed_winner,16,5,5,1,7,1,663105,0
mixed_compute,6,after,2,fixed_winner,17,5,5,1,7,1,680260,0
mixed_compute,6,after,2,fixed_winner,18,5,5,1,7,1,652121,0
mixed_compute,6,after,2,fixed_winner,19,5,5,1,7,1,688893,0
mixed_compute,6,after,2,fixed_winner,20,5,5,1,7,1,657447,0
mixed_compute,6,after,2,fixed_winner,21,5,5,1,7,1,890485,0
mixed_compute,6,after,2,fixed_winner,22,5,5,1,7,1,751701,0
mixed_compute,6,after,2,fixed_winner,23,5,5,1,7,1,796775,0
mixed_compute,6,after,2,fixed_winner,24,5,5,1,7,1,1085386,0
mixed_compute,6,before,3,native,0,1,1,1,0,2,1593005,1339335
mixed_compute,6,before,3,native,1,1,1,1,0,2,1479380,1339675
mixed_compute,6,before,3,native,2,1,1,1,0,2,1421143,1339381
mixed_compute,6,before,3,native,3,1,1,1,0,2,1456252,1338949
mixed_compute,6,before,3,native,4,1,1,1,0,2,1326944,1338867
mixed_compute,6,before,3,native,5,1,1,1,0,2,1554565,1338738
mixed_compute,6,before,3,native,6,1,1,1,0,2,1424532,1339206
mixed_compute,6,before,3,native,7,1,1,1,0,2,1467053,1339225
mixed_compute,6,before,3,native,8,1,1,1,0,2,1499039,1339776
mixed_compute,6,before,3,native,9,1,1,1,0,2,1728697,1339647
mixed_compute,6,before,3,native,10,1,1,1,0,2,1745569,1340713
mixed_compute,6,before,3,native,11,1,1,1,0,2,1593125,1340850
mixed_compute,6,before,3,native,12,1,1,1,0,2,1569185,1340033
mixed_compute,6,before,3,native,13,1,1,1,0,2,1444368,1339408
mixed_compute,6,before,3,native,14,1,1,1,0,2,1557825,1339161
mixed_compute,6,before,3,native,15,1,1,1,0,2,1360980,1340124
mixed_compute,6,before,3,native,16,1,1,1,0,2,1493087,1339785
mixed_compute,6,before,3,native,17,1,1,1,0,2,1405925,1340005
mixed_compute,6,before,3,native,18,1,1,1,0,2,1486926,1339886
mixed_compute,6,before,3,native,19,1,1,1,0,2,1422502,1339739
mixed_compute,6,before,3,native,20,1,1,1,0,2,1481581,1338866
mixed_compute,6,before,3,native,21,1,1,1,0,2,1490498,1339501
mixed_compute,6,before,3,native,22,1,1,1,0,2,1384518,1338867
mixed_compute,6,before,3,native,23,1,1,1,0,2,1456610,1338793
mixed_compute,6,before,3,native,24,1,1,1,0,2,1837975,1339078
mixed_compute,6,before,3,fixed_winner,0,5,5,1,7,1,926906,0
mixed_compute,6,before,3,fixed_winner,1,5,5,1,7,1,924377,0
mixed_compute,6,before,3,fixed_winner,2,5,5,1,7,1,926973,0
mixed_compute,6,before,3,fixed_winner,3,5,5,1,7,1,918726,0
mixed_compute,6,before,3,fixed_winner,4,5,5,1,7,1,696433,0
mixed_compute,6,before,3,fixed_winner,5,5,5,1,7,1,914865,0
mixed_compute,6,before,3,fixed_winner,6,5,5,1,7,1,915653,0
mixed_compute,6,before,3,fixed_winner,7,5,5,1,7,1,901901,0
mixed_compute,6,before,3,fixed_winner,8,5,5,1,7,1,869041,0
mixed_compute,6,before,3,fixed_winner,9,5,5,1,7,1,1059602,0
mixed_compute,6,before,3,fixed_winner,10,5,5,1,7,1,893639,0
mixed_compute,6,before,3,fixed_winner,11,5,5,1,7,1,865763,0
mixed_compute,6,before,3,fixed_winner,12,5,5,1,7,1,860997,0
mixed_compute,6,before,3,fixed_winner,13,5,5,1,7,1,817576,0
mixed_compute,6,before,3,fixed_winner,14,5,5,1,7,1,922754,0
mixed_compute,6,before,3,fixed_winner,15,5,5,1,7,1,878376,0
mixed_compute,6,before,3,fixed_winner,16,5,5,1,7,1,955976,0
mixed_compute,6,before,3,fixed_winner,17,5,5,1,7,1,934078,0
mixed_compute,6,before,3,fixed_winner,18,5,5,1,7,1,940430,0
mixed_compute,6,before,3,fixed_winner,19,5,5,1,7,1,790685,0
mixed_compute,6,before,3,fixed_winner,20,5,5,1,7,1,835080,0
mixed_compute,6,before,3,fixed_winner,21,5,5,1,7,1,828992,0
mixed_compute,6,before,3,fixed_winner,22,5,5,1,7,1,829808,0
mixed_compute,6,before,3,fixed_winner,23,5,5,1,7,1,889494,0
mixed_compute,6,before,3,fixed_winner,24,5,5,1,7,1,1028946,0
mixed_compute,6,after,3,native,0,5,5,1,0,1,878593,687161
mixed_compute,6,after,3,native,1,5,5,1,0,1,873523,687427
mixed_compute,6,after,3,native,2,5,5,1,0,1,790218,687510
mixed_compute,6,after,3,native,3,5,5,1,0,1,878051,687280
mixed_compute,6,after,3,native,4,5,5,1,0,1,966693,687207
mixed_compute,6,after,3,native,5,5,5,1,0,1,1014804,712554
mixed_compute,6,after,3,native,6,5,5,1,0,1,938933,687978
mixed_compute,6,after,3,native,7,5,5,1,0,1,998928,687813
mixed_compute,6,after,3,native,8,5,5,1,0,1,947554,688088
mixed_compute,6,after,3,native,9,5,5,1,0,1,823996,687822
mixed_compute,6,after,3,native,10,5,5,1,0,1,972469,687904
mixed_compute,6,after,3,native,11,5,5,1,0,1,859059,687877
mixed_compute,6,after,3,native,12,5,5,1,0,1,881100,687693
mixed_compute,6,after,3,native,13,5,5,1,0,1,830938,699220
mixed_compute,6,after,3,native,14,5,5,1,0,1,806712,687492
mixed_compute,6,after,3,native,15,5,5,1,0,1,799236,687327
mixed_compute,6,after,3,native,16,5,5,1,0,1,803478,687584
mixed_compute,6,after,3,native,17,5,5,1,0,1,798134,687033
mixed_compute,6,after,3,native,18,5,5,1,0,1,820175,687134
mixed_compute,6,after,3,native,19,5,5,1,0,1,796454,687134
mixed_compute,6,after,3,native,20,5,5,1,0,1,966418,687106
mixed_compute,6,after,3,native,21,5,5,1,0,1,869601,687042
mixed_compute,6,after,3,native,22,5,5,1,0,1,892360,687226
mixed_compute,6,after,3,native,23,5,5,1,0,1,963368,687180
mixed_compute,6,after,3,native,24,5,5,1,0,1,1092686,687189
mixed_compute,6,after,3,fixed_winner,0,5,5,1,7,1,878381,0
mixed_compute,6,after,3,fixed_winner,1,5,5,1,7,1,961028,0
mixed_compute,6,after,3,fixed_winner,2,5,5,1,7,1,886343,0
mixed_compute,6,after,3,fixed_winner,3,5,5,1,7,1,789235,0
mixed_compute,6,after,3,fixed_winner,4,5,5,1,7,1,909569,0
mixed_compute,6,after,3,fixed_winner,5,5,5,1,7,1,938801,0
mixed_compute,6,after,3,fixed_winner,6,5,5,1,7,1,930206,0
mixed_compute,6,after,3,fixed_winner,7,5,5,1,7,1,824436,0
mixed_compute,6,after,3,fixed_winner,8,5,5,1,7,1,937067,0
mixed_compute,6,after,3,fixed_winner,9,5,5,1,7,1,912856,0
mixed_compute,6,after,3,fixed_winner,10,5,5,1,7,1,882349,0
mixed_compute,6,after,3,fixed_winner,11,5,5,1,7,1,933182,0
mixed_compute,6,after,3,fixed_winner,12,5,5,1,7,1,1059541,0
mixed_compute,6,after,3,fixed_winner,13,5,5,1,7,1,821534,0
mixed_compute,6,after,3,fixed_winner,14,5,5,1,7,1,680949,0
mixed_compute,6,after,3,fixed_winner,15,5,5,1,7,1,785672,0
mixed_compute,6,after,3,fixed_winner,16,5,5,1,7,1,795213,0
mixed_compute,6,after,3,fixed_winner,17,5,5,1,7,1,682878,0
mixed_compute,6,after,3,fixed_winner,18,5,5,1,7,1,661176,0
mixed_compute,6,after,3,fixed_winner,19,5,5,1,7,1,655528,0
mixed_compute,6,after,3,fixed_winner,20,5,5,1,7,1,665998,0
mixed_compute,6,after,3,fixed_winner,21,5,5,1,7,1,664951,0
mixed_compute,6,after,3,fixed_winner,22,5,5,1,7,1,664455,0
mixed_compute,6,after,3,fixed_winner,23,5,5,1,7,1,661341,0
mixed_compute,6,after,3,fixed_winner,24,5,5,1,7,1,658311,0
mixed_compute,6,after,4,native,0,5,5,1,0,1,662214,703749
mixed_compute,6,after,4,native,1,5,5,1,0,1,662343,703942
mixed_compute,6,after,4,native,2,5,5,1,0,1,662517,703666
mixed_compute,6,after,4,native,3,5,5,1,0,1,668890,703722
mixed_compute,6,after,4,native,4,5,5,1,0,1,674906,703805
mixed_compute,6,after,4,native,5,5,5,1,0,1,656786,703712
mixed_compute,6,after,4,native,6,5,5,1,0,1,668167,703621
mixed_compute,6,after,4,native,7,5,5,1,0,1,947123,703988
mixed_compute,6,after,4,native,8,5,5,1,0,1,825401,704677
mixed_compute,6,after,4,native,9,5,5,1,0,1,811464,704273
mixed_compute,6,after,4,native,10,5,5,1,0,1,770229,704273
mixed_compute,6,after,4,native,11,5,5,1,0,1,899367,704107
mixed_compute,6,after,4,native,12,5,5,1,0,1,800383,704254
mixed_compute,6,after,4,native,13,5,5,1,0,1,867182,704273
mixed_compute,6,after,4,native,14,5,5,1,0,1,669693,704172
mixed_compute,6,after,4,native,15,5,5,1,0,1,672546,704199
mixed_compute,6,after,4,native,16,5,5,1,0,1,666328,703740
mixed_compute,6,after,4,native,17,5,5,1,0,1,676678,703713
mixed_compute,6,after,4,native,18,5,5,1,0,1,707454,703759
mixed_compute,6,after,4,native,19,5,5,1,0,1,700023,703915
mixed_compute,6,after,4,native,20,5,5,1,0,1,661672,703896
mixed_compute,6,after,4,native,21,5,5,1,0,1,663426,704006
mixed_compute,6,after,4,native,22,5,5,1,0,1,661829,703630
mixed_compute,6,after,4,native,23,5,5,1,0,1,675220,703648
mixed_compute,6,after,4,native,24,5,5,1,0,1,680121,704236
mixed_compute,6,after,4,fixed_winner,0,5,5,1,7,1,869161,0
mixed_compute,6,after,4,fixed_winner,1,5,5,1,7,1,897557,0
mixed_compute,6,after,4,fixed_winner,2,5,5,1,7,1,790653,0
mixed_compute,6,after,4,fixed_winner,3,5,5,1,7,1,702663,0
mixed_compute,6,after,4,fixed_winner,4,5,5,1,7,1,679985,0
mixed_compute,6,after,4,fixed_winner,5,5,5,1,7,1,662664,0
mixed_compute,6,after,4,fixed_winner,6,5,5,1,7,1,667578,0
mixed_compute,6,after,4,fixed_winner,7,5,5,1,7,1,661305,0
mixed_compute,6,after,4,fixed_winner,8,5,5,1,7,1,665300,0
mixed_compute,6,after,4,fixed_winner,9,5,5,1,7,1,660799,0
mixed_compute,6,after,4,fixed_winner,10,5,5,1,7,1,663132,0
mixed_compute,6,after,4,fixed_winner,11,5,5,1,7,1,677946,0
mixed_compute,6,after,4,fixed_winner,12,5,5,1,7,1,695377,0
mixed_compute,6,after,4,fixed_winner,13,5,5,1,7,1,671416,0
mixed_compute,6,after,4,fixed_winner,14,5,5,1,7,1,667173,0
mixed_compute,6,after,4,fixed_winner,15,5,5,1,7,1,827110,0
mixed_compute,6,after,4,fixed_winner,16,5,5,1,7,1,670524,0
mixed_compute,6,after,4,fixed_winner,17,5,5,1,7,1,846974,0
mixed_compute,6,after,4,fixed_winner,18,5,5,1,7,1,899881,0
mixed_compute,6,after,4,fixed_winner,19,5,5,1,7,1,816731,0
mixed_compute,6,after,4,fixed_winner,20,5,5,1,7,1,795112,0
mixed_compute,6,after,4,fixed_winner,21,5,5,1,7,1,761390,0
mixed_compute,6,after,4,fixed_winner,22,5,5,1,7,1,838790,0
mixed_compute,6,after,4,fixed_winner,23,5,5,1,7,1,918542,0
mixed_compute,6,after,4,fixed_winner,24,5,5,1,7,1,848047,0
mixed_compute,6,before,4,native,0,1,1,1,8,2,1425138,1389640
mixed_compute,6,before,4,native,1,1,1,1,8,2,1312949,1389787
mixed_compute,6,before,4,native,2,1,1,1,8,2,1532733,1389512
mixed_compute,6,before,4,native,3,1,1,1,8,2,1408167,1389714
mixed_compute,6,before,4,native,4,1,1,1,8,2,1425385,1390090
mixed_compute,6,before,4,native,5,1,1,1,8,2,1331353,1389870
mixed_compute,6,before,4,native,6,1,1,1,8,2,1345147,1390246
mixed_compute,6,before,4,native,7,1,1,1,8,2,1347865,1389566
mixed_compute,6,before,4,native,8,1,1,1,8,2,1326412,1389520
mixed_compute,6,before,4,native,9,1,1,1,8,2,1352696,1390292
mixed_compute,6,before,4,native,10,1,1,1,8,2,1411966,1389925
mixed_compute,6,before,4,native,11,1,1,1,8,2,1326450,1389714
mixed_compute,6,before,4,native,12,1,1,1,8,2,1502428,1389529
mixed_compute,6,before,4,native,13,1,1,1,8,2,1324942,1389475
mixed_compute,6,before,4,native,14,1,1,1,8,2,1353968,1389475
mixed_compute,6,before,4,native,15,1,1,1,8,2,1481253,1389667
mixed_compute,6,before,4,native,16,1,1,1,8,2,1510004,1390274
mixed_compute,6,before,4,native,17,1,1,1,8,2,1320085,1389759
mixed_compute,6,before,4,native,18,1,1,1,8,2,1362154,1389410
mixed_compute,6,before,4,native,19,1,1,1,8,2,1331941,1390118
mixed_compute,6,before,4,native,20,1,1,1,8,2,1385721,1389520
mixed_compute,6,before,4,native,21,1,1,1,8,2,1449208,1389952
mixed_compute,6,before,4,native,22,1,1,1,8,2,1334604,1389768
mixed_compute,6,before,4,native,23,1,1,1,8,2,1371522,1390328
mixed_compute,6,before,4,native,24,1,1,1,8,2,1391176,1390118
mixed_compute,6,before,4,fixed_winner,0,5,5,1,7,1,663046,0
mixed_compute,6,before,4,fixed_winner,1,5,5,1,7,1,663399,0
mixed_compute,6,before,4,fixed_winner,2,5,5,1,7,1,651010,0
mixed_compute,6,before,4,fixed_winner,3,5,5,1,7,1,663693,0
mixed_compute,6,before,4,fixed_winner,4,5,5,1,7,1,821382,0
mixed_compute,6,before,4,fixed_winner,5,5,5,1,7,1,656058,0
mixed_compute,6,before,4,fixed_winner,6,5,5,1,7,1,647465,0
mixed_compute,6,before,4,fixed_winner,7,5,5,1,7,1,655509,0
mixed_compute,6,before,4,fixed_winner,8,5,5,1,7,1,653204,0
mixed_compute,6,before,4,fixed_winner,9,5,5,1,7,1,658219,0
mixed_compute,6,before,4,fixed_winner,10,5,5,1,7,1,685066,0
mixed_compute,6,before,4,fixed_winner,11,5,5,1,7,1,666990,0
mixed_compute,6,before,4,fixed_winner,12,5,5,1,7,1,666182,0
mixed_compute,6,before,4,fixed_winner,13,5,5,1,7,1,802018,0
mixed_compute,6,before,4,fixed_winner,14,5,5,1,7,1,787324,0
mixed_compute,6,before,4,fixed_winner,15,5,5,1,7,1,854118,0
mixed_compute,6,before,4,fixed_winner,16,5,5,1,7,1,776212,0
mixed_compute,6,before,4,fixed_winner,17,5,5,1,7,1,806656,0
mixed_compute,6,before,4,fixed_winner,18,5,5,1,7,1,657053,0
mixed_compute,6,before,4,fixed_winner,19,5,5,1,7,1,795406,0
mixed_compute,6,before,4,fixed_winner,20,5,5,1,7,1,678837,0
mixed_compute,6,before,4,fixed_winner,21,5,5,1,7,1,663068,0
mixed_compute,6,before,4,fixed_winner,22,5,5,1,7,1,750296,0
mixed_compute,6,before,4,fixed_winner,23,5,5,1,7,1,664299,0
mixed_compute,6,before,4,fixed_winner,24,5,5,1,7,1,652121,0
mixed_compute,6,before,5,native,0,1,1,1,0,2,1385087,1340230
mixed_compute,6,before,5,native,1,1,1,1,0,2,1337661,1340736
mixed_compute,6,before,5,native,2,1,1,1,0,2,1361190,1340617
mixed_compute,6,before,5,native,3,1,1,1,0,2,1385758,1340441
mixed_compute,6,before,5,native,4,1,1,1,0,2,1353807,1340772
mixed_compute,6,before,5,native,5,1,1,1,0,2,1334215,1340138
mixed_compute,6,before,5,native,6,1,1,1,0,2,1862885,1340984
mixed_compute,6,before,5,native,7,1,1,1,0,2,1502584,1346062
mixed_compute,6,before,5,native,8,1,1,1,0,2,1655311,1341617
mixed_compute,6,before,5,native,9,1,1,1,0,2,1379632,1341259
mixed_compute,6,before,5,native,10,1,1,1,0,2,1376675,1340460
mixed_compute,6,before,5,native,11,1,1,1,0,2,1422915,1340386
mixed_compute,6,before,5,native,12,1,1,1,0,2,1428066,1340690
mixed_compute,6,before,5,native,13,1,1,1,0,2,1396255,1340846
mixed_compute,6,before,5,native,14,1,1,1,0,2,1357692,1340901
mixed_compute,6,before,5,native,15,1,1,1,0,2,1482463,1340377
mixed_compute,6,before,5,native,16,1,1,1,0,2,1916249,1341471
mixed_compute,6,before,5,native,17,1,1,1,0,2,1350207,1340727
mixed_compute,6,before,5,native,18,1,1,1,0,2,1345919,1340304
mixed_compute,6,before,5,native,19,1,1,1,0,2,1501179,1340534
mixed_compute,6,before,5,native,20,1,1,1,0,2,1478082,1340130
mixed_compute,6,before,5,native,21,1,1,1,0,2,1465509,1340689
mixed_compute,6,before,5,native,22,1,1,1,0,2,1334301,1340212
mixed_compute,6,before,5,native,23,1,1,1,0,2,1329700,1340552
mixed_compute,6,before,5,native,24,1,1,1,0,2,1401664,1340029
mixed_compute,6,before,5,fixed_winner,0,5,5,1,7,1,931942,0
mixed_compute,6,before,5,fixed_winner,1,5,5,1,7,1,898200,0
mixed_compute,6,before,5,fixed_winner,2,5,5,1,7,1,745304,0
mixed_compute,6,before,5,fixed_winner,3,5,5,1,7,1,668468,0
mixed_compute,6,before,5,fixed_winner,4,5,5,1,7,1,670975,0
mixed_compute,6,before,5,fixed_winner,5,5,5,1,7,1,827605,0
mixed_compute,6,before,5,fixed_winner,6,5,5,1,7,1,665328,0
mixed_compute,6,before,5,fixed_winner,7,5,5,1,7,1,692337,0
mixed_compute,6,before,5,fixed_winner,8,5,5,1,7,1,673510,0
mixed_compute,6,before,5,fixed_winner,9,5,5,1,7,1,783977,0
mixed_compute,6,before,5,fixed_winner,10,5,5,1,7,1,682386,0
mixed_compute,6,before,5,fixed_winner,11,5,5,1,7,1,648925,0
mixed_compute,6,before,5,fixed_winner,12,5,5,1,7,1,663978,0
mixed_compute,6,before,5,fixed_winner,13,5,5,1,7,1,670140,0
mixed_compute,6,before,5,fixed_winner,14,5,5,1,7,1,856418,0
mixed_compute,6,before,5,fixed_winner,15,5,5,1,7,1,830397,0
mixed_compute,6,before,5,fixed_winner,16,5,5,1,7,1,995677,0
mixed_compute,6,before,5,fixed_winner,17,5,5,1,7,1,935118,0
mixed_compute,6,before,5,fixed_winner,18,5,5,1,7,1,786044,0
mixed_compute,6,before,5,fixed_winner,19,5,5,1,7,1,743343,0
mixed_compute,6,before,5,fixed_winner,20,5,5,1,7,1,656860,0
mixed_compute,6,before,5,fixed_winner,21,5,5,1,7,1,657117,0
mixed_compute,6,before,5,fixed_winner,22,5,5,1,7,1,653407,0
mixed_compute,6,before,5,fixed_winner,23,5,5,1,7,1,658329,0
mixed_compute,6,before,5,fixed_winner,24,5,5,1,7,1,652388,0
mixed_compute,6,after,5,native,0,5,5,1,0,1,663674,664467
mixed_compute,6,after,5,native,1,5,5,1,0,1,658816,664247
mixed_compute,6,after,5,native,2,5,5,1,0,1,656364,664126
mixed_compute,6,after,5,native,3,5,5,1,0,1,667794,664228
mixed_compute,6,after,5,native,4,5,5,1,0,1,802445,664513
mixed_compute,6,after,5,native,5,5,5,1,0,1,662930,664273
mixed_compute,6,after,5,native,6,5,5,1,0,1,662848,664154
mixed_compute,6,after,5,native,7,5,5,1,0,1,655960,663943
mixed_compute,6,after,5,native,8,5,5,1,0,1,665511,663925
mixed_compute,6,after,5,native,9,5,5,1,0,1,705929,664246
mixed_compute,6,after,5,native,10,5,5,1,0,1,668414,664256
mixed_compute,6,after,5,native,11,5,5,1,0,1,670057,664293
mixed_compute,6,after,5,native,12,5,5,1,0,1,875103,664182
mixed_compute,6,after,5,native,13,5,5,1,0,1,718538,677009
mixed_compute,6,after,5,native,14,5,5,1,0,1,811249,665071
mixed_compute,6,after,5,native,15,5,5,1,0,1,789712,664482
mixed_compute,6,after,5,native,16,5,5,1,0,1,771960,664473
mixed_compute,6,after,5,native,17,5,5,1,0,1,672353,664529
mixed_compute,6,after,5,native,18,5,5,1,0,1,670323,664382
mixed_compute,6,after,5,native,19,5,5,1,0,1,677698,664418
mixed_compute,6,after,5,native,20,5,5,1,0,1,668129,664529
mixed_compute,6,after,5,native,21,5,5,1,0,1,659110,664088
mixed_compute,6,after,5,native,22,5,5,1,0,1,664372,664171
mixed_compute,6,after,5,native,23,5,5,1,0,1,697604,664400
mixed_compute,6,after,5,native,24,5,5,1,0,1,683608,664703
mixed_compute,6,after,5,fixed_winner,0,5,5,1,7,1,647217,0
mixed_compute,6,after,5,fixed_winner,1,5,5,1,7,1,695331,0
mixed_compute,6,after,5,fixed_winner,2,5,5,1,7,1,655014,0
mixed_compute,6,after,5,fixed_winner,3,5,5,1,7,1,702375,0
mixed_compute,6,after,5,fixed_winner,4,5,5,1,7,1,672334,0
mixed_compute,6,after,5,fixed_winner,5,5,5,1,7,1,914410,0
mixed_compute,6,after,5,fixed_winner,6,5,5,1,7,1,774302,0
mixed_compute,6,after,5,fixed_winner,7,5,5,1,7,1,912507,0
mixed_compute,6,after,5,fixed_winner,8,5,5,1,7,1,873286,0
mixed_compute,6,after,5,fixed_winner,9,5,5,1,7,1,911664,0
mixed_compute,6,after,5,fixed_winner,10,5,5,1,7,1,902452,0
mixed_compute,6,after,5,fixed_winner,11,5,5,1,7,1,928001,0
mixed_compute,6,after,5,fixed_winner,12,5,5,1,7,1,797198,0
mixed_compute,6,after,5,fixed_winner,13,5,5,1,7,1,699868,0
mixed_compute,6,after,5,fixed_winner,14,5,5,1,7,1,666393,0
mixed_compute,6,after,5,fixed_winner,15,5,5,1,7,1,666788,0
mixed_compute,6,after,5,fixed_winner,16,5,5,1,7,1,688571,0
mixed_compute,6,after,5,fixed_winner,17,5,5,1,7,1,690578,0
mixed_compute,6,after,5,fixed_winner,18,5,5,1,7,1,690826,0
mixed_compute,6,after,5,fixed_winner,19,5,5,1,7,1,657301,0
mixed_compute,6,after,5,fixed_winner,20,5,5,1,7,1,670259,0
mixed_compute,6,after,5,fixed_winner,21,5,5,1,7,1,962900,0
mixed_compute,6,after,5,fixed_winner,22,5,5,1,7,1,885371,0
mixed_compute,6,after,5,fixed_winner,23,5,5,1,7,1,783109,0
mixed_compute,6,after,5,fixed_winner,24,5,5,1,7,1,867058,0
mixed_compute,6,after,6,native,0,5,5,1,0,1,773880,700871
mixed_compute,6,after,6,native,1,5,5,1,0,1,793404,700926
mixed_compute,6,after,6,native,2,5,5,1,0,1,822085,700972
mixed_compute,6,after,6,native,3,5,5,1,0,1,792073,700862
mixed_compute,6,after,6,native,4,5,5,1,0,1,889421,700816
mixed_compute,6,after,6,native,5,5,5,1,0,1,773291,700789
mixed_compute,6,after,6,native,6,5,5,1,0,1,844411,701055
mixed_compute,6,after,6,native,7,5,5,1,0,1,789630,700908
mixed_compute,6,after,6,native,8,5,5,1,0,1,804820,700981
mixed_compute,6,after,6,native,9,5,5,1,0,1,780492,700899
mixed_compute,6,after,6,native,10,5,5,1,0,1,796481,700926
mixed_compute,6,after,6,native,11,5,5,1,0,1,754694,700964
mixed_compute,6,after,6,native,12,5,5,1,0,1,1070773,700642
mixed_compute,6,after,6,native,13,5,5,1,0,1,946377,701165
mixed_compute,6,after,6,native,14,5,5,1,0,1,894372,701698
mixed_compute,6,after,6,native,15,5,5,1,0,1,807722,701670
mixed_compute,6,after,6,native,16,5,5,1,0,1,811807,701220
mixed_compute,6,after,6,native,17,5,5,1,0,1,668468,701285
mixed_compute,6,after,6,native,18,5,5,1,0,1,660845,700853
mixed_compute,6,after,6,native,19,5,5,1,0,1,866001,700724
mixed_compute,6,after,6,native,20,5,5,1,0,1,796711,700871
mixed_compute,6,after,6,native,21,5,5,1,0,1,798795,714306
mixed_compute,6,after,6,native,22,5,5,1,0,1,675456,701017
mixed_compute,6,after,6,native,23,5,5,1,0,1,668597,701127
mixed_compute,6,after,6,native,24,5,5,1,0,1,702330,701035
mixed_compute,6,after,6,fixed_winner,0,5,5,1,7,1,671848,0
mixed_compute,6,after,6,fixed_winner,1,5,5,1,7,1,699757,0
mixed_compute,6,after,6,fixed_winner,2,5,5,1,7,1,862504,0
mixed_compute,6,after,6,fixed_winner,3,5,5,1,7,1,789206,0
mixed_compute,6,after,6,fixed_winner,4,5,5,1,7,1,666650,0
mixed_compute,6,after,6,fixed_winner,5,5,5,1,7,1,702200,0
mixed_compute,6,after,6,fixed_winner,6,5,5,1,7,1,660212,0
mixed_compute,6,after,6,fixed_winner,7,5,5,1,7,1,667045,0
mixed_compute,6,after,6,fixed_winner,8,5,5,1,7,1,690849,0
mixed_compute,6,after,6,fixed_winner,9,5,5,1,7,1,674466,0
mixed_compute,6,after,6,fixed_winner,10,5,5,1,7,1,661470,0
mixed_compute,6,after,6,fixed_winner,11,5,5,1,7,1,656768,0
mixed_compute,6,after,6,fixed_winner,12,5,5,1,7,1,707390,0
mixed_compute,6,after,6,fixed_winner,13,5,5,1,7,1,818082,0
mixed_compute,6,after,6,fixed_winner,14,5,5,1,7,1,904013,0
mixed_compute,6,after,6,fixed_winner,15,5,5,1,7,1,954928,0
mixed_compute,6,after,6,fixed_winner,16,5,5,1,7,1,859776,0
mixed_compute,6,after,6,fixed_winner,17,5,5,1,7,1,735279,0
mixed_compute,6,after,6,fixed_winner,18,5,5,1,7,1,696947,0
mixed_compute,6,after,6,fixed_winner,19,5,5,1,7,1,786141,0
mixed_compute,6,after,6,fixed_winner,20,5,5,1,7,1,913896,0
mixed_compute,6,after,6,fixed_winner,21,5,5,1,7,1,1024514,0
mixed_compute,6,after,6,fixed_winner,22,5,5,1,7,1,1071507,0
mixed_compute,6,after,6,fixed_winner,23,5,5,1,7,1,853604,0
mixed_compute,6,after,6,fixed_winner,24,5,5,1,7,1,829891,0
mixed_compute,6,before,6,native,0,1,1,1,0,2,1494668,1464942
mixed_compute,6,before,6,native,1,1,1,1,0,2,1354569,1465722
mixed_compute,6,before,6,native,2,1,1,1,0,2,1368740,1465428
mixed_compute,6,before,6,native,3,1,1,1,0,2,1440006,1465226
mixed_compute,6,before,6,native,4,1,1,1,0,2,1452248,1465033
mixed_compute,6,before,6,native,5,1,1,1,0,2,1477236,1465658
mixed_compute,6,before,6,native,6,1,1,1,0,2,1423218,1465667
mixed_compute,6,before,6,native,7,1,1,1,0,2,1410710,1464987
mixed_compute,6,before,6,native,8,1,1,1,0,2,1373282,1464960
mixed_compute,6,before,6,native,9,1,1,1,0,2,1490246,1465005
mixed_compute,6,before,6,native,10,1,1,1,0,2,1538006,1465042
mixed_compute,6,before,6,native,11,1,1,1,0,2,1351318,1465391
mixed_compute,6,before,6,native,12,1,1,1,0,2,1353440,1465520
mixed_compute,6,before,6,native,13,1,1,1,0,2,1408753,1507163
mixed_compute,6,before,6,native,14,1,1,1,0,2,1346588,1465440
mixed_compute,6,before,6,native,15,1,1,1,0,2,1381441,1465009
mixed_compute,6,before,6,native,16,1,1,1,0,2,1318220,1464881
mixed_compute,6,before,6,native,17,1,1,1,0,2,1355185,1465294
mixed_compute,6,before,6,native,18,1,1,1,0,2,1388109,1465147
mixed_compute,6,before,6,native,19,1,1,1,0,2,1373561,1464825
mixed_compute,6,before,6,native,20,1,1,1,0,2,1471672,1464770
mixed_compute,6,before,6,native,21,1,1,1,0,2,1436571,1465193
mixed_compute,6,before,6,native,22,1,1,1,0,2,1343182,1465220
mixed_compute,6,before,6,native,23,1,1,1,0,2,1391442,1465293
mixed_compute,6,before,6,native,24,1,1,1,0,2,1339003,1464835
mixed_compute,6,before,6,fixed_winner,0,5,5,1,7,1,772466,0
mixed_compute,6,before,6,fixed_winner,1,5,5,1,7,1,662435,0
mixed_compute,6,before,6,fixed_winner,2,5,5,1,7,1,654436,0
mixed_compute,6,before,6,fixed_winner,3,5,5,1,7,1,652966,0
mixed_compute,6,before,6,fixed_winner,4,5,5,1,7,1,667348,0
mixed_compute,6,before,6,fixed_winner,5,5,5,1,7,1,750452,0
mixed_compute,6,before,6,fixed_winner,6,5,5,1,7,1,658384,0
mixed_compute,6,before,6,fixed_winner,7,5,5,1,7,1,929683,0
mixed_compute,6,before,6,fixed_winner,8,5,5,1,7,1,891166,0
mixed_compute,6,before,6,fixed_winner,9,5,5,1,7,1,803818,0
mixed_compute,6,before,6,fixed_winner,10,5,5,1,7,1,788702,0
mixed_compute,6,before,6,fixed_winner,11,5,5,1,7,1,935046,0
mixed_compute,6,before,6,fixed_winner,12,5,5,1,7,1,934669,0
mixed_compute,6,before,6,fixed_winner,13,5,5,1,7,1,678176,0
mixed_compute,6,before,6,fixed_winner,14,5,5,1,7,1,648925,0
mixed_compute,6,before,6,fixed_winner,15,5,5,1,7,1,648135,0
mixed_compute,6,before,6,fixed_winner,16,5,5,1,7,1,795966,0
mixed_compute,6,before,6,fixed_winner,17,5,5,1,7,1,831930,0
mixed_compute,6,before,6,fixed_winner,18,5,5,1,7,1,661645,0
mixed_compute,6,before,6,fixed_winner,19,5,5,1,7,1,781117,0
mixed_compute,6,before,6,fixed_winner,20,5,5,1,7,1,653884,0
mixed_compute,6,before,6,fixed_winner,21,5,5,1,7,1,654987,0
mixed_compute,6,before,6,fixed_winner,22,5,5,1,7,1,823619,0
mixed_compute,6,before,6,fixed_winner,23,5,5,1,7,1,935771,0
mixed_compute,6,before,6,fixed_winner,24,5,5,1,7,1,785047,0
mixed_compute,6,before,7,native,0,1,1,1,8,2,1856435,1430288
mixed_compute,6,before,7,native,1,1,1,1,8,2,1329984,1430343
mixed_compute,6,before,7,native,2,1,1,1,8,2,1466069,1430013
mixed_compute,6,before,7,native,3,1,1,1,8,2,1376316,1430509
mixed_compute,6,before,7,native,4,1,1,1,8,2,1345863,1429994
mixed_compute,6,before,7,native,5,1,1,1,8,2,1310873,1430343
mixed_compute,6,before,7,native,6,1,1,1,8,2,1434560,1429856
mixed_compute,6,before,7,native,7,1,1,1,8,2,1545394,1430040
mixed_compute,6,before,7,native,8,1,1,1,8,2,1496325,1430077
mixed_compute,6,before,7,native,9,1,1,1,8,2,1452367,1430362
mixed_compute,6,before,7,native,10,1,1,1,8,2,1570301,1430380
mixed_compute,6,before,7,native,11,1,1,1,8,2,1470873,1430903
mixed_compute,6,before,7,native,12,1,1,1,8,2,1429661,1430627
mixed_compute,6,before,7,native,13,1,1,1,8,2,1394684,1430591
mixed_compute,6,before,7,native,14,1,1,1,8,2,1353073,1430215
mixed_compute,6,before,7,native,15,1,1,1,8,2,1400346,1430095
mixed_compute,6,before,7,native,16,1,1,1,8,2,1533253,1429921
mixed_compute,6,before,7,native,17,1,1,1,8,2,1315947,1430132
mixed_compute,6,before,7,native,18,1,1,1,8,2,1480556,1429856
mixed_compute,6,before,7,native,19,1,1,1,8,2,1600511,1430003
mixed_compute,6,before,7,native,20,1,1,1,8,2,1326779,1430077
mixed_compute,6,before,7,native,21,1,1,1,8,2,1348038,1429856
mixed_compute,6,before,7,native,22,1,1,1,8,2,1663724,1430784
mixed_compute,6,before,7,native,23,1,1,1,8,2,1376803,1430224
mixed_compute,6,before,7,native,24,1,1,1,8,2,1424421,1429783
mixed_compute,6,before,7,fixed_winner,0,5,5,1,7,1,676343,0
mixed_compute,6,before,7,fixed_winner,1,5,5,1,7,1,671439,0
mixed_compute,6,before,7,fixed_winner,2,5,5,1,7,1,875751,0
mixed_compute,6,before,7,fixed_winner,3,5,5,1,7,1,856506,0
mixed_compute,6,before,7,fixed_winner,4,5,5,1,7,1,737044,0
mixed_compute,6,before,7,fixed_winner,5,5,5,1,7,1,952999,0
mixed_compute,6,before,7,fixed_winner,6,5,5,1,7,1,835411,0
mixed_compute,6,before,7,fixed_winner,7,5,5,1,7,1,911508,0
mixed_compute,6,before,7,fixed_winner,8,5,5,1,7,1,787013,0
mixed_compute,6,before,7,fixed_winner,9,5,5,1,7,1,761996,0
mixed_compute,6,before,7,fixed_winner,10,5,5,1,7,1,660892,0
mixed_compute,6,before,7,fixed_winner,11,5,5,1,7,1,652493,0
mixed_compute,6,before,7,fixed_winner,12,5,5,1,7,1,657599,0
mixed_compute,6,before,7,fixed_winner,13,5,5,1,7,1,660161,0
mixed_compute,6,before,7,fixed_winner,14,5,5,1,7,1,659092,0
mixed_compute,6,before,7,fixed_winner,15,5,5,1,7,1,723649,0
mixed_compute,6,before,7,fixed_winner,16,5,5,1,7,1,657370,0
mixed_compute,6,before,7,fixed_winner,17,5,5,1,7,1,654000,0
mixed_compute,6,before,7,fixed_winner,18,5,5,1,7,1,657650,0
mixed_compute,6,before,7,fixed_winner,19,5,5,1,7,1,656212,0
mixed_compute,6,before,7,fixed_winner,20,5,5,1,7,1,708115,0
mixed_compute,6,before,7,fixed_winner,21,5,5,1,7,1,910410,0
mixed_compute,6,before,7,fixed_winner,22,5,5,1,7,1,962036,0
mixed_compute,6,before,7,fixed_winner,23,5,5,1,7,1,781503,0
mixed_compute,6,before,7,fixed_winner,24,5,5,1,7,1,764824,0
mixed_compute,6,after,7,native,0,5,5,1,8,1,689756,696765
mixed_compute,6,after,7,native,1,5,5,1,8,1,944348,697160
mixed_compute,6,after,7,native,2,5,5,1,8,1,867232,697748
mixed_compute,6,after,7,native,3,5,5,1,8,1,799154,696957
mixed_compute,6,after,7,native,4,5,5,1,8,1,788739,697031
mixed_compute,6,after,7,native,5,5,5,1,8,1,806124,705834
mixed_compute,6,after,7,native,6,5,5,1,8,1,797638,695347
mixed_compute,6,after,7,native,7,5,5,1,8,1,686771,695366
mixed_compute,6,after,7,native,8,5,5,1,8,1,661930,695531
mixed_compute,6,after,7,native,9,5,5,1,8,1,660203,695283
mixed_compute,6,after,7,native,10,5,5,1,8,1,658679,695044
mixed_compute,6,after,7,native,11,5,5,1,8,1,651414,695071
mixed_compute,6,after,7,native,12,5,5,1,8,1,664372,695053
mixed_compute,6,after,7,native,13,5,5,1,8,1,692383,695329
mixed_compute,6,after,7,native,14,5,5,1,8,1,660047,695411
mixed_compute,6,after,7,native,15,5,5,1,8,1,656768,695356
mixed_compute,6,after,7,native,16,5,5,1,8,1,652534,695265
mixed_compute,6,after,7,native,17,5,5,1,8,1,648851,695044
mixed_compute,6,after,7,native,18,5,5,1,8,1,694706,695043
mixed_compute,6,after,7,native,19,5,5,1,8,1,663591,695614
mixed_compute,6,after,7,native,20,5,5,1,8,1,823086,695356
mixed_compute,6,after,7,native,21,5,5,1,8,1,920581,695632
mixed_compute,6,after,7,native,22,5,5,1,8,1,892718,695880
mixed_compute,6,after,7,native,23,5,5,1,8,1,972598,695659
mixed_compute,6,after,7,native,24,5,5,1,8,1,838001,695686
mixed_compute,6,after,7,fixed_winner,0,5,5,1,7,1,653756,0
mixed_compute,6,after,7,fixed_winner,1,5,5,1,7,1,695872,0
mixed_compute,6,after,7,fixed_winner,2,5,5,1,7,1,697370,0
mixed_compute,6,after,7,fixed_winner,3,5,5,1,7,1,669332,0
mixed_compute,6,after,7,fixed_winner,4,5,5,1,7,1,658348,0
mixed_compute,6,after,7,fixed_winner,5,5,5,1,7,1,653774,0
mixed_compute,6,after,7,fixed_winner,6,5,5,1,7,1,660083,0
mixed_compute,6,after,7,fixed_winner,7,5,5,1,7,1,666944,0
mixed_compute,6,after,7,fixed_winner,8,5,5,1,7,1,673556,0
mixed_compute,6,after,7,fixed_winner,9,5,5,1,7,1,802891,0
mixed_compute,6,after,7,fixed_winner,10,5,5,1,7,1,661425,0
mixed_compute,6,after,7,fixed_winner,11,5,5,1,7,1,669148,0
mixed_compute,6,after,7,fixed_winner,12,5,5,1,7,1,1024890,0
mixed_compute,6,after,7,fixed_winner,13,5,5,1,7,1,931226,0
mixed_compute,6,after,7,fixed_winner,14,5,5,1,7,1,925429,0
mixed_compute,6,after,7,fixed_winner,15,5,5,1,7,1,802882,0
mixed_compute,6,after,7,fixed_winner,16,5,5,1,7,1,671315,0
mixed_compute,6,after,7,fixed_winner,17,5,5,1,7,1,658761,0
mixed_compute,6,after,7,fixed_winner,18,5,5,1,7,1,660735,0
mixed_compute,6,after,7,fixed_winner,19,5,5,1,7,1,660828,0
mixed_compute,6,after,7,fixed_winner,20,5,5,1,7,1,701309,0
mixed_compute,6,after,7,fixed_winner,21,5,5,1,7,1,674530,0
mixed_compute,6,after,7,fixed_winner,22,5,5,1,7,1,673226,0
mixed_compute,6,after,7,fixed_winner,23,5,5,1,7,1,664069,0
mixed_compute,6,after,7,fixed_winner,24,5,5,1,7,1,663445,0
mixed_compute,6,after,8,native,0,5,5,1,0,1,673758,697353
mixed_compute,6,after,8,native,1,5,5,1,0,1,664418,697380
mixed_compute,6,after,8,native,2,5,5,1,0,1,658183,697353
mixed_compute,6,after,8,native,3,5,5,1,0,1,656364,696976
mixed_compute,6,after,8,native,4,5,5,1,0,1,691079,697059
mixed_compute,6,after,8,native,5,5,5,1,0,1,672757,706855
mixed_compute,6,after,8,native,6,5,5,1,0,1,988467,696965
mixed_compute,6,after,8,native,7,5,5,1,0,1,940859,697672
mixed_compute,6,after,8,native,8,5,5,1,0,1,1072738,698699
mixed_compute,6,after,8,native,9,5,5,1,0,1,795921,697671
mixed_compute,6,after,8,native,10,5,5,1,0,1,677754,697754
mixed_compute,6,after,8,native,11,5,5,1,0,1,701815,697130
mixed_compute,6,after,8,native,12,5,5,1,0,1,787205,697286
mixed_compute,6,after,8,native,13,5,5,1,0,1,711347,697175
mixed_compute,6,after,8,native,14,5,5,1,0,1,675623,697423
mixed_compute,6,after,8,native,15,5,5,1,0,1,668900,697248
mixed_compute,6,after,8,native,16,5,5,1,0,1,674639,697203
mixed_compute,6,after,8,native,17,5,5,1,0,1,670994,697157
mixed_compute,6,after,8,native,18,5,5,1,0,1,678901,697222
mixed_compute,6,after,8,native,19,5,5,1,0,1,689123,697139
mixed_compute,6,after,8,native,20,5,5,1,0,1,809017,697166
mixed_compute,6,after,8,native,21,5,5,1,0,1,679130,697304
mixed_compute,6,after,8,native,22,5,5,1,0,1,672941,697111
mixed_compute,6,after,8,native,23,5,5,1,0,1,700409,697139
mixed_compute,6,after,8,native,24,5,5,1,0,1,843941,697193
mixed_compute,6,after,8,fixed_winner,0,5,5,1,7,1,657696,0
mixed_compute,6,after,8,fixed_winner,1,5,5,1,7,1,671388,0
mixed_compute,6,after,8,fixed_winner,2,5,5,1,7,1,680186,0
mixed_compute,6,after,8,fixed_winner,3,5,5,1,7,1,940703,0
mixed_compute,6,after,8,fixed_winner,4,5,5,1,7,1,677211,0
mixed_compute,6,after,8,fixed_winner,5,5,5,1,7,1,949057,0
mixed_compute,6,after,8,fixed_winner,6,5,5,1,7,1,785904,0
mixed_compute,6,after,8,fixed_winner,7,5,5,1,7,1,804912,0
mixed_compute,6,after,8,fixed_winner,8,5,5,1,7,1,672115,0
mixed_compute,6,after,8,fixed_winner,9,5,5,1,7,1,661883,0
mixed_compute,6,after,8,fixed_winner,10,5,5,1,7,1,654536,0
mixed_compute,6,after,8,fixed_winner,11,5,5,1,7,1,658375,0
mixed_compute,6,after,8,fixed_winner,12,5,5,1,7,1,666200,0
mixed_compute,6,after,8,fixed_winner,13,5,5,1,7,1,655078,0
mixed_compute,6,after,8,fixed_winner,14,5,5,1,7,1,660809,0
mixed_compute,6,after,8,fixed_winner,15,5,5,1,7,1,975702,0
mixed_compute,6,after,8,fixed_winner,16,5,5,1,7,1,673079,0
mixed_compute,6,after,8,fixed_winner,17,5,5,1,7,1,690794,0
mixed_compute,6,after,8,fixed_winner,18,5,5,1,7,1,659560,0
mixed_compute,6,after,8,fixed_winner,19,5,5,1,7,1,670488,0
mixed_compute,6,after,8,fixed_winner,20,5,5,1,7,1,796912,0
mixed_compute,6,after,8,fixed_winner,21,5,5,1,7,1,670700,0
mixed_compute,6,after,8,fixed_winner,22,5,5,1,7,1,712936,0
mixed_compute,6,after,8,fixed_winner,23,5,5,1,7,1,743068,0
mixed_compute,6,after,8,fixed_winner,24,5,5,1,7,1,902654,0
mixed_compute,6,before,8,native,0,1,1,1,0,2,1587831,1375298
mixed_compute,6,before,8,native,1,1,1,1,0,2,1365737,1375326
mixed_compute,6,before,8,native,2,1,1,1,0,2,1367363,1375023
mixed_compute,6,before,8,native,3,1,1,1,0,2,1582170,1375105
mixed_compute,6,before,8,native,4,1,1,1,0,2,1868199,1374940
mixed_compute,6,before,8,native,5,1,1,1,0,2,1643793,1374875
mixed_compute,6,before,8,native,6,1,1,1,0,2,1504412,1374885
mixed_compute,6,before,8,native,7,1,1,1,0,2,1409292,1375454
mixed_compute,6,before,8,native,8,1,1,1,0,2,1461472,1375426
mixed_compute,6,before,8,native,9,1,1,1,0,2,1980204,1377282
mixed_compute,6,before,8,native,10,1,1,1,0,2,1595533,1375610
mixed_compute,6,before,8,native,11,1,1,1,0,2,1329434,1374885
mixed_compute,6,before,8,native,12,1,1,1,0,2,1588012,1375124
mixed_compute,6,before,8,native,13,1,1,1,0,2,1485502,1427239
mixed_compute,6,before,8,native,14,1,1,1,0,2,1609611,1375176
mixed_compute,6,before,8,native,15,1,1,1,0,2,1419241,1375855
mixed_compute,6,before,8,native,16,1,1,1,0,2,1354707,1375543
mixed_compute,6,before,8,native,17,1,1,1,0,2,1387825,1375515
mixed_compute,6,before,8,native,18,1,1,1,0,2,1806364,1376773
mixed_compute,6,before,8,native,19,1,1,1,0,2,1484253,1375699
mixed_compute,6,before,8,native,20,1,1,1,0,2,1569359,1376149
mixed_compute,6,before,8,native,21,1,1,1,0,2,1356268,1375065
mixed_compute,6,before,8,native,22,1,1,1,0,2,1601999,1374909
mixed_compute,6,before,8,native,23,1,1,1,0,2,1619806,1375001
mixed_compute,6,before,8,native,24,1,1,1,0,2,1639726,1374707
mixed_compute,6,before,8,fixed_winner,0,5,5,1,7,1,782539,0
mixed_compute,6,before,8,fixed_winner,1,5,5,1,7,1,857149,0
mixed_compute,6,before,8,fixed_winner,2,5,5,1,7,1,777158,0
mixed_compute,6,before,8,fixed_winner,3,5,5,1,7,1,792385,0
mixed_compute,6,before,8,fixed_winner,4,5,5,1,7,1,794837,0
mixed_compute,6,before,8,fixed_winner,5,5,5,1,7,1,790502,0
mixed_compute,6,before,8,fixed_winner,6,5,5,1,7,1,863210,0
mixed_compute,6,before,8,fixed_winner,7,5,5,1,7,1,906924,0
mixed_compute,6,before,8,fixed_winner,8,5,5,1,7,1,769664,0
mixed_compute,6,before,8,fixed_winner,9,5,5,1,7,1,684090,0
mixed_compute,6,before,8,fixed_winner,10,5,5,1,7,1,948059,0
mixed_compute,6,before,8,fixed_winner,11,5,5,1,7,1,924788,0
mixed_compute,6,before,8,fixed_winner,12,5,5,1,7,1,808401,0
mixed_compute,6,before,8,fixed_winner,13,5,5,1,7,1,921169,0
mixed_compute,6,before,8,fixed_winner,14,5,5,1,7,1,861070,0
mixed_compute,6,before,8,fixed_winner,15,5,5,1,7,1,894710,0
mixed_compute,6,before,8,fixed_winner,16,5,5,1,7,1,914014,0
mixed_compute,6,before,8,fixed_winner,17,5,5,1,7,1,962896,0
mixed_compute,6,before,8,fixed_winner,18,5,5,1,7,1,910484,0
mixed_compute,6,before,8,fixed_winner,19,5,5,1,7,1,763198,0
mixed_compute,6,before,8,fixed_winner,20,5,5,1,7,1,810455,0
mixed_compute,6,before,8,fixed_winner,21,5,5,1,7,1,739305,0
mixed_compute,6,before,8,fixed_winner,22,5,5,1,7,1,861943,0
mixed_compute,6,before,8,fixed_winner,23,5,5,1,7,1,899752,0
mixed_compute,6,before,8,fixed_winner,24,5,5,1,7,1,796306,0
mixed_loop_skew,6,before,0,native,0,1,1,1,0,1,489560,571227
mixed_loop_skew,6,before,0,native,1,1,1,1,0,1,497439,571337
mixed_loop_skew,6,before,0,native,2,1,1,1,0,1,489348,571384
mixed_loop_skew,6,before,0,native,3,1,1,1,0,1,502618,571218
mixed_loop_skew,6,before,0,native,4,1,1,1,0,1,492480,571401
mixed_loop_skew,6,before,0,native,5,1,1,1,0,1,505429,571209
mixed_loop_skew,6,before,0,native,6,1,1,1,0,1,524742,571540
mixed_loop_skew,6,before,0,native,7,1,1,1,0,1,490110,571641
mixed_loop_skew,6,before,0,native,8,1,1,1,0,1,499707,571264
mixed_loop_skew,6,before,0,native,9,1,1,1,0,1,492324,571328
mixed_loop_skew,6,before,0,native,10,1,1,1,0,1,489128,571218
mixed_loop_skew,6,before,0,native,11,1,1,1,0,1,495097,571191
mixed_loop_skew,6,before,0,native,12,1,1,1,0,1,489532,571301
mixed_loop_skew,6,before,0,native,13,1,1,1,0,1,542439,592950
mixed_loop_skew,6,before,0,native,14,1,1,1,0,1,498486,571221
mixed_loop_skew,6,before,0,native,15,1,1,1,0,1,499092,570890
mixed_loop_skew,6,before,0,native,16,1,1,1,0,1,491727,570881
mixed_loop_skew,6,before,0,native,17,1,1,1,0,1,489165,570798
mixed_loop_skew,6,before,0,native,18,1,1,1,0,1,495694,570780
mixed_loop_skew,6,before,0,native,19,1,1,1,0,1,489265,570899
mixed_loop_skew,6,before,0,native,20,1,1,1,0,1,492866,570762
mixed_loop_skew,6,before,0,native,21,1,1,1,0,1,564205,570835
mixed_loop_skew,6,before,0,native,22,1,1,1,0,1,490469,571854
mixed_loop_skew,6,before,0,native,23,1,1,1,0,1,512904,570844
mixed_loop_skew,6,before,0,native,24,1,1,1,0,1,496272,571019
mixed_loop_skew,6,before,0,fixed_winner,0,5,1,1,17,1,309874,0
mixed_loop_skew,6,before,0,fixed_winner,1,5,1,1,17,1,318746,0
mixed_loop_skew,6,before,0,fixed_winner,2,5,1,1,17,1,314921,0
mixed_loop_skew,6,before,0,fixed_winner,3,5,1,1,17,1,319274,0
mixed_loop_skew,6,before,0,fixed_winner,4,5,1,1,17,1,345318,0
mixed_loop_skew,6,before,0,fixed_winner,5,5,1,1,17,1,302312,0
mixed_loop_skew,6,before,0,fixed_winner,6,5,1,1,17,1,317520,0
mixed_loop_skew,6,before,0,fixed_winner,7,5,1,1,17,1,314517,0
mixed_loop_skew,6,before,0,fixed_winner,8,5,1,1,17,1,307904,0
mixed_loop_skew,6,before,0,fixed_winner,9,5,1,1,17,1,314351,0
mixed_loop_skew,6,before,0,fixed_winner,10,5,1,1,17,1,328430,0
mixed_loop_skew,6,before,0,fixed_winner,11,5,1,1,17,1,317639,0
mixed_loop_skew,6,before,0,fixed_winner,12,5,1,1,17,1,321827,0
mixed_loop_skew,6,before,0,fixed_winner,13,5,1,1,17,1,311325,0
mixed_loop_skew,6,before,0,fixed_winner,14,5,1,1,17,1,309644,0
mixed_loop_skew,6,before,0,fixed_winner,15,5,1,1,17,1,316307,0
mixed_loop_skew,6,before,0,fixed_winner,16,5,1,1,17,1,233121,0
mixed_loop_skew,6,before,0,fixed_winner,17,5,1,1,17,1,217380,0
mixed_loop_skew,6,before,0,fixed_winner,18,5,1,1,17,1,213495,0
mixed_loop_skew,6,before,0,fixed_winner,19,5,1,1,17,1,251911,0
mixed_loop_skew,6,before,0,fixed_winner,20,5,1,1,17,1,294092,0
mixed_loop_skew,6,before,0,fixed_winner,21,5,1,1,17,1,237823,0
mixed_loop_skew,6,before,0,fixed_winner,22,5,1,1,17,1,226582,0
mixed_loop_skew,6,before,0,fixed_winner,23,5,1,1,17,1,249266,0
mixed_loop_skew,6,before,0,fixed_winner,24,5,1,1,17,1,215084,0
mixed_loop_skew,6,after,0,native,0,5,1,1,0,1,269608,327790
mixed_loop_skew,6,after,0,native,1,5,1,1,0,1,310935,327404
mixed_loop_skew,6,after,0,native,2,5,1,1,0,1,313470,327790
mixed_loop_skew,6,after,0,native,3,5,1,1,0,1,287442,327579
mixed_loop_skew,6,after,0,native,4,5,1,1,0,1,309687,327478
mixed_loop_skew,6,after,0,native,5,5,1,1,0,1,311559,327340
mixed_loop_skew,6,after,0,native,6,5,1,1,0,1,299308,327285
mixed_loop_skew,6,after,0,native,7,5,1,1,0,1,303872,327386
mixed_loop_skew,6,after,0,native,8,5,1,1,0,1,310770,327469
mixed_loop_skew,6,after,0,native,9,5,1,1,0,1,343354,327671
mixed_loop_skew,6,after,0,native,10,5,1,1,0,1,327456,328277
mixed_loop_skew,6,after,0,native,11,5,1,1,0,1,273419,327955
mixed_loop_skew,6,after,0,native,12,5,1,1,0,1,310687,327745
mixed_loop_skew,6,after,0,native,13,5,1,1,0,1,235252,327386
mixed_loop_skew,6,after,0,native,14,5,1,1,0,1,220282,327643
mixed_loop_skew,6,after,0,native,15,5,1,1,0,1,213504,327377
mixed_loop_skew,6,after,0,native,16,5,1,1,0,1,216535,327340
mixed_loop_skew,6,after,0,native,17,5,1,1,0,1,222780,327203
mixed_loop_skew,6,after,0,native,18,5,1,1,0,1,212255,327258
mixed_loop_skew,6,after,0,native,19,5,1,1,0,1,314240,327174
mixed_loop_skew,6,after,0,native,20,5,1,1,0,1,222882,327487
mixed_loop_skew,6,after,0,native,21,5,1,1,0,1,227574,339622
mixed_loop_skew,6,after,0,native,22,5,1,1,0,1,215497,327206
mixed_loop_skew,6,after,0,native,23,5,1,1,0,1,210860,327114
mixed_loop_skew,6,after,0,native,24,5,1,1,0,1,217031,327748
mixed_loop_skew,6,after,0,fixed_winner,0,5,1,1,17,1,213808,0
mixed_loop_skew,6,after,0,fixed_winner,1,5,1,1,17,1,209601,0
mixed_loop_skew,6,after,0,fixed_winner,2,5,1,1,17,1,209583,0
mixed_loop_skew,6,after,0,fixed_winner,3,5,1,1,17,1,213413,0
mixed_loop_skew,6,after,0,fixed_winner,4,5,1,1,17,1,208912,0
mixed_loop_skew,6,after,0,fixed_winner,5,5,1,1,17,1,209151,0
mixed_loop_skew,6,after,0,fixed_winner,6,5,1,1,17,1,211603,0
mixed_loop_skew,6,after,0,fixed_winner,7,5,1,1,17,1,210841,0
mixed_loop_skew,6,after,0,fixed_winner,8,5,1,1,17,1,227657,0
mixed_loop_skew,6,after,0,fixed_winner,9,5,1,1,17,1,209804,0
mixed_loop_skew,6,after,0,fixed_winner,10,5,1,1,17,1,214028,0
mixed_loop_skew,6,after,0,fixed_winner,11,5,1,1,17,1,210345,0
mixed_loop_skew,6,after,0,fixed_winner,12,5,1,1,17,1,208949,0
mixed_loop_skew,6,after,0,fixed_winner,13,5,1,1,17,1,314406,0
mixed_loop_skew,6,after,0,fixed_winner,14,5,1,1,17,1,354751,0
mixed_loop_skew,6,after,0,fixed_winner,15,5,1,1,17,1,227803,0
mixed_loop_skew,6,after,0,fixed_winner,16,5,1,1,17,1,303679,0
mixed_loop_skew,6,after,0,fixed_winner,17,5,1,1,17,1,227997,0
mixed_loop_skew,6,after,0,fixed_winner,18,5,1,1,17,1,219052,0
mixed_loop_skew,6,after,0,fixed_winner,19,5,1,1,17,1,210886,0
mixed_loop_skew,6,after,0,fixed_winner,20,5,1,1,17,1,215268,0
mixed_loop_skew,6,after,0,fixed_winner,21,5,1,1,17,1,235757,0
mixed_loop_skew,6,after,0,fixed_winner,22,5,1,1,17,1,218840,0
mixed_loop_skew,6,after,0,fixed_winner,23,5,1,1,17,1,295800,0
mixed_loop_skew,6,after,0,fixed_winner,24,5,1,1,17,1,312790,0
mixed_loop_skew,6,after,1,native,0,5,1,1,0,1,220190,335991
mixed_loop_skew,6,after,1,native,1,5,1,1,0,1,213220,335890
mixed_loop_skew,6,after,1,native,2,5,1,1,0,1,318805,335706
mixed_loop_skew,6,after,1,native,3,5,1,1,0,1,319751,336092
mixed_loop_skew,6,after,1,native,4,5,1,1,0,1,218298,335964
mixed_loop_skew,6,after,1,native,5,5,1,1,0,1,227492,343626
mixed_loop_skew,6,after,1,native,6,5,1,1,0,1,210621,334617
mixed_loop_skew,6,after,1,native,7,5,1,1,0,1,215396,334635
mixed_loop_skew,6,after,1,native,8,5,1,1,0,1,215800,334626
mixed_loop_skew,6,after,1,native,9,5,1,1,0,1,214607,334616
mixed_loop_skew,6,after,1,native,10,5,1,1,0,1,218060,334543
mixed_loop_skew,6,after,1,native,11,5,1,1,0,1,214294,334580
mixed_loop_skew,6,after,1,native,12,5,1,1,0,1,317860,334663
mixed_loop_skew,6,after,1,native,13,5,1,1,0,1,218271,334864
mixed_loop_skew,6,after,1,native,14,5,1,1,0,1,219685,335121
mixed_loop_skew,6,after,1,native,15,5,1,1,0,1,216755,334699
mixed_loop_skew,6,after,1,native,16,5,1,1,0,1,211970,334635
mixed_loop_skew,6,after,1,native,17,5,1,1,0,1,320688,334562
mixed_loop_skew,6,after,1,native,18,5,1,1,0,1,305783,335168
mixed_loop_skew,6,after,1,native,19,5,1,1,0,1,308566,334543
mixed_loop_skew,6,after,1,native,20,5,1,1,0,1,335933,334616
mixed_loop_skew,6,after,1,native,21,5,1,1,0,1,322617,343552
mixed_loop_skew,6,after,1,native,22,5,1,1,0,1,307252,334396
mixed_loop_skew,6,after,1,native,23,5,1,1,0,1,332094,334231
mixed_loop_skew,6,after,1,native,24,5,1,1,0,1,224323,334378
mixed_loop_skew,6,after,1,fixed_winner,0,5,1,1,17,1,224341,0
mixed_loop_skew,6,after,1,fixed_winner,1,5,1,1,17,1,217527,0
mixed_loop_skew,6,after,1,fixed_winner,2,5,1,1,17,1,210759,0
mixed_loop_skew,6,after,1,fixed_winner,3,5,1,1,17,1,232313,0
mixed_loop_skew,6,after,1,fixed_winner,4,5,1,1,17,1,239320,0
mixed_loop_skew,6,after,1,fixed_winner,5,5,1,1,17,1,215543,0
mixed_loop_skew,6,after,1,fixed_winner,6,5,1,1,17,1,215203,0
mixed_loop_skew,6,after,1,fixed_winner,7,5,1,1,17,1,213293,0
mixed_loop_skew,6,after,1,fixed_winner,8,5,1,1,17,1,217168,0
mixed_loop_skew,6,after,1,fixed_winner,9,5,1,1,17,1,273667,0
mixed_loop_skew,6,after,1,fixed_winner,10,5,1,1,17,1,270278,0
mixed_loop_skew,6,after,1,fixed_winner,11,5,1,1,17,1,311312,0
mixed_loop_skew,6,after,1,fixed_winner,12,5,1,1,17,1,311137,0
mixed_loop_skew,6,after,1,fixed_winner,13,5,1,1,17,1,318723,0
mixed_loop_skew,6,after,1,fixed_winner,14,5,1,1,17,1,309916,0
mixed_loop_skew,6,after,1,fixed_winner,15,5,1,1,17,1,284697,0
mixed_loop_skew,6,after,1,fixed_winner,16,5,1,1,17,1,322277,0
mixed_loop_skew,6,after,1,fixed_winner,17,5,1,1,17,1,364244,0
mixed_loop_skew,6,after,1,fixed_winner,18,5,1,1,17,1,277922,0
mixed_loop_skew,6,after,1,fixed_winner,19,5,1,1,17,1,327518,0
mixed_loop_skew,6,after,1,fixed_winner,20,5,1,1,17,1,322519,0
mixed_loop_skew,6,after,1,fixed_winner,21,5,1,1,17,1,316179,0
mixed_loop_skew,6,after,1,fixed_winner,22,5,1,1,17,1,277947,0
mixed_loop_skew,6,after,1,fixed_winner,23,5,1,1,17,1,264814,0
mixed_loop_skew,6,after,1,fixed_winner,24,5,1,1,17,1,267642,0
mixed_loop_skew,6,before,1,native,0,1,1,1,0,1,537655,526450
mixed_loop_skew,6,before,1,native,1,1,1,1,0,1,481891,526634
mixed_loop_skew,6,before,1,native,2,1,1,1,0,1,480504,525926
mixed_loop_skew,6,before,1,native,3,1,1,1,0,1,485592,525872
mixed_loop_skew,6,before,1,native,4,1,1,1,0,1,487502,525991
mixed_loop_skew,6,before,1,native,5,1,1,1,0,1,480761,526019
mixed_loop_skew,6,before,1,native,6,1,1,1,0,1,480477,525890
mixed_loop_skew,6,before,1,native,7,1,1,1,0,1,490606,525881
mixed_loop_skew,6,before,1,native,8,1,1,1,0,1,522327,526064
mixed_loop_skew,6,before,1,native,9,1,1,1,0,1,483241,526478
mixed_loop_skew,6,before,1,native,10,1,1,1,0,1,483315,525908
mixed_loop_skew,6,before,1,native,11,1,1,1,0,1,490165,525918
mixed_loop_skew,6,before,1,native,12,1,1,1,0,1,489863,525963
mixed_loop_skew,6,before,1,native,13,1,1,1,0,1,516927,534183
mixed_loop_skew,6,before,1,native,14,1,1,1,0,1,490276,525798
mixed_loop_skew,6,before,1,native,15,1,1,1,0,1,503014,525568
mixed_loop_skew,6,before,1,native,16,1,1,1,0,1,483553,525633
mixed_loop_skew,6,before,1,native,17,1,1,1,0,1,483360,525504
mixed_loop_skew,6,before,1,native,18,1,1,1,0,1,490092,525404
mixed_loop_skew,6,before,1,native,19,1,1,1,0,1,483415,525513
mixed_loop_skew,6,before,1,native,20,1,1,1,0,1,600912,525422
mixed_loop_skew,6,before,1,native,21,1,1,1,0,1,508239,526119
mixed_loop_skew,6,before,1,native,22,1,1,1,0,1,502160,525918
mixed_loop_skew,6,before,1,native,23,1,1,1,0,1,528453,525835
mixed_loop_skew,6,before,1,native,24,1,1,1,0,1,493986,525954
mixed_loop_skew,6,before,1,fixed_winner,0,5,1,1,17,1,239660,0
mixed_loop_skew,6,before,1,fixed_winner,1,5,1,1,17,1,239650,0
mixed_loop_skew,6,before,1,fixed_winner,2,5,1,1,17,1,216296,0
mixed_loop_skew,6,before,1,fixed_winner,3,5,1,1,17,1,315444,0
mixed_loop_skew,6,before,1,fixed_winner,4,5,1,1,17,1,226940,0
mixed_loop_skew,6,before,1,fixed_winner,5,5,1,1,17,1,218408,0
mixed_loop_skew,6,before,1,fixed_winner,6,5,1,1,17,1,315223,0
mixed_loop_skew,6,before,1,fixed_winner,7,5,1,1,17,1,313176,0
mixed_loop_skew,6,before,1,fixed_winner,8,5,1,1,17,1,211194,0
mixed_loop_skew,6,before,1,fixed_winner,9,5,1,1,17,1,215947,0
mixed_loop_skew,6,before,1,fixed_winner,10,5,1,1,17,1,210997,0
mixed_loop_skew,6,before,1,fixed_winner,11,5,1,1,17,1,206699,0
mixed_loop_skew,6,before,1,fixed_winner,12,5,1,1,17,1,210997,0
mixed_loop_skew,6,before,1,fixed_winner,13,5,1,1,17,1,210914,0
mixed_loop_skew,6,before,1,fixed_winner,14,5,1,1,17,1,355995,0
mixed_loop_skew,6,before,1,fixed_winner,15,5,1,1,17,1,320237,0
mixed_loop_skew,6,before,1,fixed_winner,16,5,1,1,17,1,286387,0
mixed_loop_skew,6,before,1,fixed_winner,17,5,1,1,17,1,252398,0
mixed_loop_skew,6,before,1,fixed_winner,18,5,1,1,17,1,312221,0
mixed_loop_skew,6,before,1,fixed_winner,19,5,1,1,17,1,310026,0
mixed_loop_skew,6,before,1,fixed_winner,20,5,1,1,17,1,311697,0
mixed_loop_skew,6,before,1,fixed_winner,21,5,1,1,17,1,309843,0
mixed_loop_skew,6,before,1,fixed_winner,22,5,1,1,17,1,319117,0
mixed_loop_skew,6,before,1,fixed_winner,23,5,1,1,17,1,276367,0
mixed_loop_skew,6,before,1,fixed_winner,24,5,1,1,17,1,308455,0
mixed_loop_skew,6,after,2,native,0,5,1,1,0,1,211162,316996
mixed_loop_skew,6,after,2,native,1,5,1,1,0,1,213651,317060
mixed_loop_skew,6,after,2,native,2,5,1,1,0,1,207719,317088
mixed_loop_skew,6,after,2,native,3,5,1,1,0,1,211401,317032
mixed_loop_skew,6,after,2,native,4,5,1,1,0,1,212678,317033
mixed_loop_skew,6,after,2,native,5,5,1,1,0,1,227785,325175
mixed_loop_skew,6,after,2,native,6,5,1,1,0,1,222872,316597
mixed_loop_skew,6,after,2,native,7,5,1,1,0,1,244775,316578
mixed_loop_skew,6,after,2,native,8,5,1,1,0,1,218500,316799
mixed_loop_skew,6,after,2,native,9,5,1,1,0,1,224028,316642
mixed_loop_skew,6,after,2,native,10,5,1,1,0,1,209822,316633
mixed_loop_skew,6,after,2,native,11,5,1,1,0,1,212402,316606
mixed_loop_skew,6,after,2,native,12,5,1,1,0,1,212118,316625
mixed_loop_skew,6,after,2,native,13,5,1,1,0,1,208040,316505
mixed_loop_skew,6,after,2,native,14,5,1,1,0,1,211677,316772
mixed_loop_skew,6,after,2,native,15,5,1,1,0,1,211916,316615
mixed_loop_skew,6,after,2,native,16,5,1,1,0,1,207287,316560
mixed_loop_skew,6,after,2,native,17,5,1,1,0,1,211557,316578
mixed_loop_skew,6,after,2,native,18,5,1,1,0,1,227344,316560
mixed_loop_skew,6,after,2,native,19,5,1,1,0,1,210106,316725
mixed_loop_skew,6,after,2,native,20,5,1,1,0,1,212127,316606
mixed_loop_skew,6,after,2,native,21,5,1,1,0,1,211842,316551
mixed_loop_skew,6,after,2,native,22,5,1,1,0,1,218488,316597
mixed_loop_skew,6,after,2,native,23,5,1,1,0,1,242887,317148
mixed_loop_skew,6,after,2,native,24,5,1,1,0,1,215479,316864
mixed_loop_skew,6,after,2,fixed_winner,0,5,1,1,17,1,210189,0
mixed_loop_skew,6,after,2,fixed_winner,1,5,1,1,17,1,211172,0
mixed_loop_skew,6,after,2,fixed_winner,2,5,1,1,17,1,206718,0
mixed_loop_skew,6,after,2,fixed_winner,3,5,1,1,17,1,369739,0
mixed_loop_skew,6,after,2,fixed_winner,4,5,1,1,17,1,241370,0
mixed_loop_skew,6,after,2,fixed_winner,5,5,1,1,17,1,276872,0
mixed_loop_skew,6,after,2,fixed_winner,6,5,1,1,17,1,309924,0
mixed_loop_skew,6,after,2,fixed_winner,7,5,1,1,17,1,283990,0
mixed_loop_skew,6,after,2,fixed_winner,8,5,1,1,17,1,279637,0
mixed_loop_skew,6,after,2,fixed_winner,9,5,1,1,17,1,322612,0
mixed_loop_skew,6,after,2,fixed_winner,10,5,1,1,17,1,343643,0
mixed_loop_skew,6,after,2,fixed_winner,11,5,1,1,17,1,310540,0
mixed_loop_skew,6,after,2,fixed_winner,12,5,1,1,17,1,310503,0
mixed_loop_skew,6,after,2,fixed_winner,13,5,1,1,17,1,312561,0
mixed_loop_skew,6,after,2,fixed_winner,14,5,1,1,17,1,398537,0
mixed_loop_skew,6,after,2,fixed_winner,15,5,1,1,17,1,329442,0
mixed_loop_skew,6,after,2,fixed_winner,16,5,1,1,17,1,335061,0
mixed_loop_skew,6,after,2,fixed_winner,17,5,1,1,17,1,475737,0
mixed_loop_skew,6,after,2,fixed_winner,18,5,1,1,17,1,315738,0
mixed_loop_skew,6,after,2,fixed_winner,19,5,1,1,17,1,318070,0
mixed_loop_skew,6,after,2,fixed_winner,20,5,1,1,17,1,303771,0
mixed_loop_skew,6,after,2,fixed_winner,21,5,1,1,17,1,309134,0
mixed_loop_skew,6,after,2,fixed_winner,22,5,1,1,17,1,308005,0
mixed_loop_skew,6,after,2,fixed_winner,23,5,1,1,17,1,301310,0
mixed_loop_skew,6,after,2,fixed_winner,24,5,1,1,17,1,307648,0
mixed_loop_skew,6,before,2,native,0,1,1,1,0,1,483792,552567
mixed_loop_skew,6,before,2,native,1,1,1,1,0,1,484040,552695
mixed_loop_skew,6,before,2,native,2,1,1,1,0,1,493747,552622
mixed_loop_skew,6,before,2,native,3,1,1,1,0,1,539032,552750
mixed_loop_skew,6,before,2,native,4,1,1,1,0,1,506835,553044
mixed_loop_skew,6,before,2,native,5,1,1,1,0,1,512151,576334
mixed_loop_skew,6,before,2,native,6,1,1,1,0,1,490065,555651
mixed_loop_skew,6,before,2,native,7,1,1,1,0,1,489421,555422
mixed_loop_skew,6,before,2,native,8,1,1,1,0,1,483994,555579
mixed_loop_skew,6,before,2,native,9,1,1,1,0,1,510774,555348
mixed_loop_skew,6,before,2,native,10,1,1,1,0,1,514034,555697
mixed_loop_skew,6,before,2,native,11,1,1,1,0,1,493151,555762
mixed_loop_skew,6,before,2,native,12,1,1,1,0,1,486850,555449
mixed_loop_skew,6,before,2,native,13,1,1,1,0,1,491506,561258
mixed_loop_skew,6,before,2,native,14,1,1,1,0,1,494317,554388
mixed_loop_skew,6,before,2,native,15,1,1,1,0,1,483617,554461
mixed_loop_skew,6,before,2,native,16,1,1,1,0,1,484269,554360
mixed_loop_skew,6,before,2,native,17,1,1,1,0,1,492967,554324
mixed_loop_skew,6,before,2,native,18,1,1,1,0,1,487437,554764
mixed_loop_skew,6,before,2,native,19,1,1,1,0,1,486354,554361
mixed_loop_skew,6,before,2,native,20,1,1,1,0,1,514365,554314
mixed_loop_skew,6,before,2,native,21,1,1,1,0,1,502655,560287
mixed_loop_skew,6,before,2,native,22,1,1,1,0,1,486566,553840
mixed_loop_skew,6,before,2,native,23,1,1,1,0,1,486281,553629
mixed_loop_skew,6,before,2,native,24,1,1,1,0,1,496933,553656
mixed_loop_skew,6,before,2,fixed_winner,0,5,1,1,17,1,255254,0
mixed_loop_skew,6,before,2,fixed_winner,1,5,1,1,17,1,256972,0
mixed_loop_skew,6,before,2,fixed_winner,2,5,1,1,17,1,249587,0
mixed_loop_skew,6,before,2,fixed_winner,3,5,1,1,17,1,215406,0
mixed_loop_skew,6,before,2,fixed_winner,4,5,1,1,17,1,217499,0
mixed_loop_skew,6,before,2,fixed_winner,5,5,1,1,17,1,329366,0
mixed_loop_skew,6,before,2,fixed_winner,6,5,1,1,17,1,343896,0
mixed_loop_skew,6,before,2,fixed_winner,7,5,1,1,17,1,334124,0
mixed_loop_skew,6,before,2,fixed_winner,8,5,1,1,17,1,305773,0
mixed_loop_skew,6,before,2,fixed_winner,9,5,1,1,17,1,312900,0
mixed_loop_skew,6,before,2,fixed_winner,10,5,1,1,17,1,321211,0
mixed_loop_skew,6,before,2,fixed_winner,11,5,1,1,17,1,303836,0
mixed_loop_skew,6,before,2,fixed_winner,12,5,1,1,17,1,308905,0
mixed_loop_skew,6,before,2,fixed_winner,13,5,1,1,17,1,311905,0
mixed_loop_skew,6,before,2,fixed_winner,14,5,1,1,17,1,318212,0
mixed_loop_skew,6,before,2,fixed_winner,15,5,1,1,17,1,313599,0
mixed_loop_skew,6,before,2,fixed_winner,16,5,1,1,17,1,319062,0
mixed_loop_skew,6,before,2,fixed_winner,17,5,1,1,17,1,325170,0
mixed_loop_skew,6,before,2,fixed_winner,18,5,1,1,17,1,339349,0
mixed_loop_skew,6,before,2,fixed_winner,19,5,1,1,17,1,314773,0
mixed_loop_skew,6,before,2,fixed_winner,20,5,1,1,17,1,305682,0
mixed_loop_skew,6,before,2,fixed_winner,21,5,1,1,17,1,316280,0
mixed_loop_skew,6,before,2,fixed_winner,22,5,1,1,17,1,223560,0
mixed_loop_skew,6,before,2,fixed_winner,23,5,1,1,17,1,218454,0
mixed_loop_skew,6,before,2,fixed_winner,24,5,1,1,17,1,216829,0
mixed_loop_skew,6,after,3,native,0,5,1,1,0,1,305131,342766
mixed_loop_skew,6,after,3,native,1,5,1,1,0,1,232235,342904
mixed_loop_skew,6,after,3,native,2,5,1,1,0,1,214404,342784
mixed_loop_skew,6,after,3,native,3,5,1,1,0,1,210767,342601
mixed_loop_skew,6,after,3,native,4,5,1,1,0,1,216407,342601
mixed_loop_skew,6,after,3,native,5,5,1,1,0,1,212770,342592
mixed_loop_skew,6,after,3,native,6,5,1,1,0,1,210483,342536
mixed_loop_skew,6,after,3,native,7,5,1,1,0,1,223560,342564
mixed_loop_skew,6,after,3,native,8,5,1,1,0,1,335470,343170
mixed_loop_skew,6,after,3,native,9,5,1,1,0,1,336439,342932
mixed_loop_skew,6,after,3,native,10,5,1,1,0,1,219134,342794
mixed_loop_skew,6,after,3,native,11,5,1,1,0,1,217201,342637
mixed_loop_skew,6,after,3,native,12,5,1,1,0,1,222293,342922
mixed_loop_skew,6,after,3,native,13,5,1,1,0,1,221485,350554
mixed_loop_skew,6,after,3,native,14,5,1,1,0,1,209473,342472
mixed_loop_skew,6,after,3,native,15,5,1,1,0,1,214937,342390
mixed_loop_skew,6,after,3,native,16,5,1,1,0,1,212338,342381
mixed_loop_skew,6,after,3,native,17,5,1,1,0,1,286409,342363
mixed_loop_skew,6,after,3,native,18,5,1,1,0,1,229374,343014
mixed_loop_skew,6,after,3,native,19,5,1,1,0,1,312258,343079
mixed_loop_skew,6,after,3,native,20,5,1,1,0,1,307757,343015
mixed_loop_skew,6,after,3,native,21,5,1,1,0,1,319614,342546
mixed_loop_skew,6,after,3,native,22,5,1,1,0,1,310577,342776
mixed_loop_skew,6,after,3,native,23,5,1,1,0,1,328273,342500
mixed_loop_skew,6,after,3,native,24,5,1,1,0,1,308786,342629
mixed_loop_skew,6,after,3,fixed_winner,0,5,1,1,17,1,277239,0
mixed_loop_skew,6,after,3,fixed_winner,1,5,1,1,17,1,275697,0
mixed_loop_skew,6,after,3,fixed_winner,2,5,1,1,17,1,307188,0
mixed_loop_skew,6,after,3,fixed_winner,3,5,1,1,17,1,317120,0
mixed_loop_skew,6,after,3,fixed_winner,4,5,1,1,17,1,221559,0
mixed_loop_skew,6,after,3,fixed_winner,5,5,1,1,17,1,240155,0
mixed_loop_skew,6,after,3,fixed_winner,6,5,1,1,17,1,214405,0
mixed_loop_skew,6,after,3,fixed_winner,7,5,1,1,17,1,213054,0
mixed_loop_skew,6,after,3,fixed_winner,8,5,1,1,17,1,315200,0
mixed_loop_skew,6,after,3,fixed_winner,9,5,1,1,17,1,222013,0
mixed_loop_skew,6,after,3,fixed_winner,10,5,1,1,17,1,216792,0
mixed_loop_skew,6,after,3,fixed_winner,11,5,1,1,17,1,212054,0
mixed_loop_skew,6,after,3,fixed_winner,12,5,1,1,17,1,219437,0
mixed_loop_skew,6,after,3,fixed_winner,13,5,1,1,17,1,213514,0
mixed_loop_skew,6,after,3,fixed_winner,14,5,1,1,17,1,211263,0
mixed_loop_skew,6,after,3,fixed_winner,15,5,1,1,17,1,214469,0
mixed_loop_skew,6,after,3,fixed_winner,16,5,1,1,17,1,214809,0
mixed_loop_skew,6,after,3,fixed_winner,17,5,1,1,17,1,211961,0
mixed_loop_skew,6,after,3,fixed_winner,18,5,1,1,17,1,213578,0
mixed_loop_skew,6,after,3,fixed_winner,19,5,1,1,17,1,212512,0
mixed_loop_skew,6,after,3,fixed_winner,20,5,1,1,17,1,211567,0
mixed_loop_skew,6,after,3,fixed_winner,21,5,1,1,17,1,222776,0
mixed_loop_skew,6,after,3,fixed_winner,22,5,1,1,17,1,218560,0
mixed_loop_skew,6,after,3,fixed_winner,23,5,1,1,17,1,223781,0
mixed_loop_skew,6,after,3,fixed_winner,24,5,1,1,17,1,293899,0
mixed_loop_skew,6,before,3,native,0,1,1,1,0,1,498779,503865
mixed_loop_skew,6,before,3,native,1,1,1,1,0,1,488246,504113
mixed_loop_skew,6,before,3,native,2,1,1,1,0,1,486878,504251
mixed_loop_skew,6,before,3,native,3,1,1,1,0,1,486740,503947
mixed_loop_skew,6,before,3,native,4,1,1,1,0,1,555857,503856
mixed_loop_skew,6,before,3,native,5,1,1,1,0,1,520352,540916
mixed_loop_skew,6,before,3,native,6,1,1,1,0,1,488669,507928
mixed_loop_skew,6,before,3,native,7,1,1,1,0,1,498734,507763
mixed_loop_skew,6,before,3,native,8,1,1,1,0,1,489458,508011
mixed_loop_skew,6,before,3,native,9,1,1,1,0,1,483480,507864
mixed_loop_skew,6,before,3,native,10,1,1,1,0,1,489872,507689
mixed_loop_skew,6,before,3,native,11,1,1,1,0,1,500102,507909
mixed_loop_skew,6,before,3,native,12,1,1,1,0,1,507945,508185
mixed_loop_skew,6,before,3,native,13,1,1,1,0,1,496116,516194
mixed_loop_skew,6,before,3,native,14,1,1,1,0,1,493829,506524
mixed_loop_skew,6,before,3,native,15,1,1,1,0,1,508395,506698
mixed_loop_skew,6,before,3,native,16,1,1,1,0,1,484370,506928
mixed_loop_skew,6,before,3,native,17,1,1,1,0,1,491001,506441
mixed_loop_skew,6,before,3,native,18,1,1,1,0,1,483553,506661
mixed_loop_skew,6,before,3,native,19,1,1,1,0,1,505806,506440
mixed_loop_skew,6,before,3,native,20,1,1,1,0,1,488182,509160
mixed_loop_skew,6,before,3,native,21,1,1,1,0,1,503243,515758
mixed_loop_skew,6,before,3,native,22,1,1,1,0,1,484132,505840
mixed_loop_skew,6,before,3,native,23,1,1,1,0,1,483828,505574
mixed_loop_skew,6,before,3,native,24,1,1,1,0,1,489936,505546
mixed_loop_skew,6,before,3,fixed_winner,0,5,1,1,17,1,305273,0
mixed_loop_skew,6,before,3,fixed_winner,1,5,1,1,17,1,221926,0
mixed_loop_skew,6,before,3,fixed_winner,2,5,1,1,17,1,212880,0
mixed_loop_skew,6,before,3,fixed_winner,3,5,1,1,17,1,211649,0
mixed_loop_skew,6,before,3,fixed_winner,4,5,1,1,17,1,214230,0
mixed_loop_skew,6,before,3,fixed_winner,5,5,1,1,17,1,213467,0
mixed_loop_skew,6,before,3,fixed_winner,6,5,1,1,17,1,209748,0
mixed_loop_skew,6,before,3,fixed_winner,7,5,1,1,17,1,214358,0
mixed_loop_skew,6,before,3,fixed_winner,8,5,1,1,17,1,217986,0
mixed_loop_skew,6,before,3,fixed_winner,9,5,1,1,17,1,211300,0
mixed_loop_skew,6,before,3,fixed_winner,10,5,1,1,17,1,225939,0
mixed_loop_skew,6,before,3,fixed_winner,11,5,1,1,17,1,235820,0
mixed_loop_skew,6,before,3,fixed_winner,12,5,1,1,17,1,218491,0
mixed_loop_skew,6,before,3,fixed_winner,13,5,1,1,17,1,209436,0
mixed_loop_skew,6,before,3,fixed_winner,14,5,1,1,17,1,216838,0
mixed_loop_skew,6,before,3,fixed_winner,15,5,1,1,17,1,214405,0
mixed_loop_skew,6,before,3,fixed_winner,16,5,1,1,17,1,213238,0
mixed_loop_skew,6,before,3,fixed_winner,17,5,1,1,17,1,217389,0
mixed_loop_skew,6,before,3,fixed_winner,18,5,1,1,17,1,224355,0
mixed_loop_skew,6,before,3,fixed_winner,19,5,1,1,17,1,220893,0
mixed_loop_skew,6,before,3,fixed_winner,20,5,1,1,17,1,212623,0
mixed_loop_skew,6,before,3,fixed_winner,21,5,1,1,17,1,214046,0
mixed_loop_skew,6,before,3,fixed_winner,22,5,1,1,17,1,215781,0
mixed_loop_skew,6,before,3,fixed_winner,23,5,1,1,17,1,209775,0
mixed_loop_skew,6,before,3,fixed_winner,24,5,1,1,17,1,213072,0
mixed_loop_skew,6,before,4,native,0,1,1,1,0,1,485923,543282
mixed_loop_skew,6,before,4,native,1,1,1,1,0,1,486363,542887
mixed_loop_skew,6,before,4,native,2,1,1,1,0,1,493811,542832
mixed_loop_skew,6,before,4,native,3,1,1,1,0,1,485996,542932
mixed_loop_skew,6,before,4,native,4,1,1,1,0,1,492360,542823
mixed_loop_skew,6,before,4,native,5,1,1,1,0,1,512702,562336
mixed_loop_skew,6,before,4,native,6,1,1,1,0,1,503170,542067
mixed_loop_skew,6,before,4,native,7,1,1,1,0,1,517193,542151
mixed_loop_skew,6,before,4,native,8,1,1,1,0,1,484031,542343
mixed_loop_skew,6,before,4,native,9,1,1,1,0,1,491929,541893
mixed_loop_skew,6,before,4,native,10,1,1,1,0,1,488540,541976
mixed_loop_skew,6,before,4,native,11,1,1,1,0,1,486354,541921
mixed_loop_skew,6,before,4,native,12,1,1,1,0,1,493242,541810
mixed_loop_skew,6,before,4,native,13,1,1,1,0,1,486400,541976
mixed_loop_skew,6,before,4,native,14,1,1,1,0,1,532346,541820
mixed_loop_skew,6,before,4,native,15,1,1,1,0,1,495042,542416
mixed_loop_skew,6,before,4,native,16,1,1,1,0,1,486373,541958
mixed_loop_skew,6,before,4,native,17,1,1,1,0,1,541117,541848
mixed_loop_skew,6,before,4,native,18,1,1,1,0,1,527488,542913
mixed_loop_skew,6,before,4,native,19,1,1,1,0,1,488577,542270
mixed_loop_skew,6,before,4,native,20,1,1,1,0,1,489908,541875
mixed_loop_skew,6,before,4,native,21,1,1,1,0,1,517184,553221
mixed_loop_skew,6,before,4,native,22,1,1,1,0,1,528462,541668
mixed_loop_skew,6,before,4,native,23,1,1,1,0,1,487189,541741
mixed_loop_skew,6,before,4,native,24,1,1,1,0,1,510370,541347
mixed_loop_skew,6,before,4,fixed_winner,0,5,1,1,17,1,249633,0
mixed_loop_skew,6,before,4,fixed_winner,1,5,1,1,17,1,280321,0
mixed_loop_skew,6,before,4,fixed_winner,2,5,1,1,17,1,224382,0
mixed_loop_skew,6,before,4,fixed_winner,3,5,1,1,17,1,215121,0
mixed_loop_skew,6,before,4,fixed_winner,4,5,1,1,17,1,210456,0
mixed_loop_skew,6,before,4,fixed_winner,5,5,1,1,17,1,214551,0
mixed_loop_skew,6,before,4,fixed_winner,6,5,1,1,17,1,208509,0
mixed_loop_skew,6,before,4,fixed_winner,7,5,1,1,17,1,214147,0
mixed_loop_skew,6,before,4,fixed_winner,8,5,1,1,17,1,297141,0
mixed_loop_skew,6,before,4,fixed_winner,9,5,1,1,17,1,305705,0
mixed_loop_skew,6,before,4,fixed_winner,10,5,1,1,17,1,317644,0
mixed_loop_skew,6,before,4,fixed_winner,11,5,1,1,17,1,318351,0
mixed_loop_skew,6,before,4,fixed_winner,12,5,1,1,17,1,311752,0
mixed_loop_skew,6,before,4,fixed_winner,13,5,1,1,17,1,319687,0
mixed_loop_skew,6,before,4,fixed_winner,14,5,1,1,17,1,353878,0
mixed_loop_skew,6,before,4,fixed_winner,15,5,1,1,17,1,221462,0
mixed_loop_skew,6,before,4,fixed_winner,16,5,1,1,17,1,221365,0
mixed_loop_skew,6,before,4,fixed_winner,17,5,1,1,17,1,214422,0
mixed_loop_skew,6,before,4,fixed_winner,18,5,1,1,17,1,213541,0
mixed_loop_skew,6,before,4,fixed_winner,19,5,1,1,17,1,214120,0
mixed_loop_skew,6,before,4,fixed_winner,20,5,1,1,17,1,320197,0
mixed_loop_skew,6,before,4,fixed_winner,21,5,1,1,17,1,220315,0
mixed_loop_skew,6,before,4,fixed_winner,22,5,1,1,17,1,215709,0
mixed_loop_skew,6,before,4,fixed_winner,23,5,1,1,17,1,214569,0
mixed_loop_skew,6,before,4,fixed_winner,24,5,1,1,17,1,216094,0
mixed_loop_skew,6,after,4,native,0,5,1,1,0,1,215314,361351
mixed_loop_skew,6,after,4,native,1,5,1,1,0,1,218303,361286
mixed_loop_skew,6,after,4,native,2,5,1,1,0,1,229094,361599
mixed_loop_skew,6,after,4,native,3,5,1,1,0,1,217949,361580
mixed_loop_skew,6,after,4,native,4,5,1,1,0,1,224461,361277
mixed_loop_skew,6,after,4,native,5,5,1,1,0,1,249472,361240
mixed_loop_skew,6,after,4,native,6,5,1,1,0,1,303340,361635
mixed_loop_skew,6,after,4,native,7,5,1,1,0,1,366372,361286
mixed_loop_skew,6,after,4,native,8,5,1,1,0,1,220429,361452
mixed_loop_skew,6,after,4,native,9,5,1,1,0,1,212760,361323
mixed_loop_skew,6,after,4,native,10,5,1,1,0,1,215038,361185
mixed_loop_skew,6,after,4,native,11,5,1,1,0,1,215608,361259
mixed_loop_skew,6,after,4,native,12,5,1,1,0,1,233731,361250
mixed_loop_skew,6,after,4,native,13,5,1,1,0,1,230866,371220
mixed_loop_skew,6,after,4,native,14,5,1,1,0,1,216866,360888
mixed_loop_skew,6,after,4,native,15,5,1,1,0,1,214505,360677
mixed_loop_skew,6,after,4,native,16,5,1,1,0,1,213633,360686
mixed_loop_skew,6,after,4,native,17,5,1,1,0,1,215460,360686
mixed_loop_skew,6,after,4,native,18,5,1,1,0,1,225516,360704
mixed_loop_skew,6,after,4,native,19,5,1,1,0,1,216673,360860
mixed_loop_skew,6,after,4,native,20,5,1,1,0,1,244605,360759
mixed_loop_skew,6,after,4,native,21,5,1,1,0,1,257366,360879
mixed_loop_skew,6,after,4,native,22,5,1,1,0,1,268993,360962
mixed_loop_skew,6,after,4,native,23,5,1,1,0,1,259460,360677
mixed_loop_skew,6,after,4,native,24,5,1,1,0,1,262389,360649
mixed_loop_skew,6,after,4,fixed_winner,0,5,1,1,17,1,238194,0
mixed_loop_skew,6,after,4,fixed_winner,1,5,1,1,17,1,305912,0
mixed_loop_skew,6,after,4,fixed_winner,2,5,1,1,17,1,312027,0
mixed_loop_skew,6,after,4,fixed_winner,3,5,1,1,17,1,220370,0
mixed_loop_skew,6,after,4,fixed_winner,4,5,1,1,17,1,218013,0
mixed_loop_skew,6,after,4,fixed_winner,5,5,1,1,17,1,233736,0
mixed_loop_skew,6,after,4,fixed_winner,6,5,1,1,17,1,290790,0
mixed_loop_skew,6,after,4,fixed_winner,7,5,1,1,17,1,266173,0
mixed_loop_skew,6,after,4,fixed_winner,8,5,1,1,17,1,318134,0
mixed_loop_skew,6,after,4,fixed_winner,9,5,1,1,17,1,315021,0
mixed_loop_skew,6,after,4,fixed_winner,10,5,1,1,17,1,305755,0
mixed_loop_skew,6,after,4,fixed_winner,11,5,1,1,17,1,306039,0
mixed_loop_skew,6,after,4,fixed_winner,12,5,1,1,17,1,303680,0
mixed_loop_skew,6,after,4,fixed_winner,13,5,1,1,17,1,296480,0
mixed_loop_skew,6,after,4,fixed_winner,14,5,1,1,17,1,303670,0
mixed_loop_skew,6,after,4,fixed_winner,15,5,1,1,17,1,216843,0
mixed_loop_skew,6,after,4,fixed_winner,16,5,1,1,17,1,263000,0
mixed_loop_skew,6,after,4,fixed_winner,17,5,1,1,17,1,237217,0
mixed_loop_skew,6,after,4,fixed_winner,18,5,1,1,17,1,227431,0
mixed_loop_skew,6,after,4,fixed_winner,19,5,1,1,17,1,287925,0
mixed_loop_skew,6,after,4,fixed_winner,20,5,1,1,17,1,225200,0
mixed_loop_skew,6,after,4,fixed_winner,21,5,1,1,17,1,219060,0
mixed_loop_skew,6,after,4,fixed_winner,22,5,1,1,17,1,222174,0
mixed_loop_skew,6,after,4,fixed_winner,23,5,1,1,17,1,225306,0
mixed_loop_skew,6,after,4,fixed_winner,24,5,1,1,17,1,214725,0
mixed_loop_skew,6,after,5,native,0,5,1,1,0,1,217779,318624
mixed_loop_skew,6,after,5,native,1,5,1,1,0,1,215952,318798
mixed_loop_skew,6,after,5,native,2,5,1,1,0,1,210382,318761
mixed_loop_skew,6,after,5,native,3,5,1,1,0,1,216319,318486
mixed_loop_skew,6,after,5,native,4,5,1,1,0,1,215346,318688
mixed_loop_skew,6,after,5,native,5,5,1,1,0,1,223235,318632
mixed_loop_skew,6,after,5,native,6,5,1,1,0,1,213421,318734
mixed_loop_skew,6,after,5,native,7,5,1,1,0,1,209041,318559
mixed_loop_skew,6,after,5,native,8,5,1,1,0,1,430861,318504
mixed_loop_skew,6,after,5,native,9,5,1,1,0,1,275367,319046
mixed_loop_skew,6,after,5,native,10,5,1,1,0,1,289399,319073
mixed_loop_skew,6,after,5,native,11,5,1,1,0,1,284706,318743
mixed_loop_skew,6,after,5,native,12,5,1,1,0,1,302909,318715
mixed_loop_skew,6,after,5,native,13,5,1,1,0,1,450206,327576
mixed_loop_skew,6,after,5,native,14,5,1,1,0,1,368922,318933
mixed_loop_skew,6,after,5,native,15,5,1,1,0,1,320982,318391
mixed_loop_skew,6,after,5,native,16,5,1,1,0,1,324673,318547
mixed_loop_skew,6,after,5,native,17,5,1,1,0,1,316272,318539
mixed_loop_skew,6,after,5,native,18,5,1,1,0,1,311009,318639
mixed_loop_skew,6,after,5,native,19,5,1,1,0,1,298418,318621
mixed_loop_skew,6,after,5,native,20,5,1,1,0,1,307527,318235
mixed_loop_skew,6,after,5,native,21,5,1,1,0,1,316950,318198
mixed_loop_skew,6,after,5,native,22,5,1,1,0,1,328550,318245
mixed_loop_skew,6,after,5,native,23,5,1,1,0,1,309484,318309
mixed_loop_skew,6,after,5,native,24,5,1,1,0,1,303964,318226
mixed_loop_skew,6,after,5,fixed_winner,0,5,1,1,17,1,209197,0
mixed_loop_skew,6,after,5,fixed_winner,1,5,1,1,17,1,209619,0
mixed_loop_skew,6,after,5,fixed_winner,2,5,1,1,17,1,223349,0
mixed_loop_skew,6,after,5,fixed_winner,3,5,1,1,17,1,208912,0
mixed_loop_skew,6,after,5,fixed_winner,4,5,1,1,17,1,207755,0
mixed_loop_skew,6,after,5,fixed_winner,5,5,1,1,17,1,210831,0
mixed_loop_skew,6,after,5,fixed_winner,6,5,1,1,17,1,206773,0
mixed_loop_skew,6,after,5,fixed_winner,7,5,1,1,17,1,210721,0
mixed_loop_skew,6,after,5,fixed_winner,8,5,1,1,17,1,210776,0
mixed_loop_skew,6,after,5,fixed_winner,9,5,1,1,17,1,224194,0
mixed_loop_skew,6,after,5,fixed_winner,10,5,1,1,17,1,237033,0
mixed_loop_skew,6,after,5,fixed_winner,11,5,1,1,17,1,209280,0
mixed_loop_skew,6,after,5,fixed_winner,12,5,1,1,17,1,212577,0
mixed_loop_skew,6,after,5,fixed_winner,13,5,1,1,17,1,211796,0
mixed_loop_skew,6,after,5,fixed_winner,14,5,1,1,17,1,207875,0
mixed_loop_skew,6,after,5,fixed_winner,15,5,1,1,17,1,212467,0
mixed_loop_skew,6,after,5,fixed_winner,16,5,1,1,17,1,210768,0
mixed_loop_skew,6,after,5,fixed_winner,17,5,1,1,17,1,206736,0
mixed_loop_skew,6,after,5,fixed_winner,18,5,1,1,17,1,210933,0
mixed_loop_skew,6,after,5,fixed_winner,19,5,1,1,17,1,210483,0
mixed_loop_skew,6,after,5,fixed_winner,20,5,1,1,17,1,206185,0
mixed_loop_skew,6,after,5,fixed_winner,21,5,1,1,17,1,218123,0
mixed_loop_skew,6,after,5,fixed_winner,22,5,1,1,17,1,211300,0
mixed_loop_skew,6,after,5,fixed_winner,23,5,1,1,17,1,210804,0
mixed_loop_skew,6,after,5,fixed_winner,24,5,1,1,17,1,207498,0
mixed_loop_skew,6,before,5,native,0,1,1,1,0,1,495006,490017
mixed_loop_skew,6,before,5,native,1,1,1,1,0,1,499395,490146
mixed_loop_skew,6,before,5,native,2,1,1,1,0,1,490386,490210
mixed_loop_skew,6,before,5,native,3,1,1,1,0,1,498623,490008
mixed_loop_skew,6,before,5,native,4,1,1,1,0,1,506935,490238
mixed_loop_skew,6,before,5,native,5,1,1,1,0,1,518075,518094
mixed_loop_skew,6,before,5,native,6,1,1,1,0,1,481055,489651
mixed_loop_skew,6,before,5,native,7,1,1,1,0,1,480816,489394
mixed_loop_skew,6,before,5,native,8,1,1,1,0,1,490404,489440
mixed_loop_skew,6,before,5,native,9,1,1,1,0,1,483535,489495
mixed_loop_skew,6,before,5,native,10,1,1,1,0,1,483342,489367
mixed_loop_skew,6,before,5,native,11,1,1,1,0,1,495272,489367
mixed_loop_skew,6,before,5,native,12,1,1,1,0,1,487612,489771
mixed_loop_skew,6,before,5,native,13,1,1,1,0,1,493123,497798
mixed_loop_skew,6,before,5,native,14,1,1,1,0,1,483553,489313
mixed_loop_skew,6,before,5,native,15,1,1,1,0,1,483957,489560
mixed_loop_skew,6,before,5,native,16,1,1,1,0,1,493582,489165
mixed_loop_skew,6,before,5,native,17,1,1,1,0,1,507091,489358
mixed_loop_skew,6,before,5,native,18,1,1,1,0,1,490275,489350
mixed_loop_skew,6,before,5,native,19,1,1,1,0,1,736658,489340
mixed_loop_skew,6,before,5,native,20,1,1,1,0,1,610830,490865
mixed_loop_skew,6,before,5,native,21,1,1,1,0,1,518488,489634
mixed_loop_skew,6,before,5,native,22,1,1,1,0,1,488439,489368
mixed_loop_skew,6,before,5,native,23,1,1,1,0,1,480531,489175
mixed_loop_skew,6,before,5,native,24,1,1,1,0,1,481386,489147
mixed_loop_skew,6,before,5,fixed_winner,0,5,1,1,17,1,277177,0
mixed_loop_skew,6,before,5,fixed_winner,1,5,1,1,17,1,263032,0
mixed_loop_skew,6,before,5,fixed_winner,2,5,1,1,17,1,260094,0
mixed_loop_skew,6,before,5,fixed_winner,3,5,1,1,17,1,259616,0
mixed_loop_skew,6,before,5,fixed_winner,4,5,1,1,17,1,265825,0
mixed_loop_skew,6,before,5,fixed_winner,5,5,1,1,17,1,263418,0
mixed_loop_skew,6,before,5,fixed_winner,6,5,1,1,17,1,262655,0
mixed_loop_skew,6,before,5,fixed_winner,7,5,1,1,17,1,239889,0
mixed_loop_skew,6,before,5,fixed_winner,8,5,1,1,17,1,255644,0
mixed_loop_skew,6,before,5,fixed_winner,9,5,1,1,17,1,223803,0
mixed_loop_skew,6,before,5,fixed_winner,10,5,1,1,17,1,216691,0
mixed_loop_skew,6,before,5,fixed_winner,11,5,1,1,17,1,209087,0
mixed_loop_skew,6,before,5,fixed_winner,12,5,1,1,17,1,212889,0
mixed_loop_skew,6,before,5,fixed_winner,13,5,1,1,17,1,211603,0
mixed_loop_skew,6,before,5,fixed_winner,14,5,1,1,17,1,208885,0
mixed_loop_skew,6,before,5,fixed_winner,15,5,1,1,17,1,213597,0
mixed_loop_skew,6,before,5,fixed_winner,16,5,1,1,17,1,211704,0
mixed_loop_skew,6,before,5,fixed_winner,17,5,1,1,17,1,208958,0
mixed_loop_skew,6,before,5,fixed_winner,18,5,1,1,17,1,213063,0
mixed_loop_skew,6,before,5,fixed_winner,19,5,1,1,17,1,211934,0
mixed_loop_skew,6,before,5,fixed_winner,20,5,1,1,17,1,208490,0
mixed_loop_skew,6,before,5,fixed_winner,21,5,1,1,17,1,212347,0
mixed_loop_skew,6,before,5,fixed_winner,22,5,1,1,17,1,214414,0
mixed_loop_skew,6,before,5,fixed_winner,23,5,1,1,17,1,219567,0
mixed_loop_skew,6,before,5,fixed_winner,24,5,1,1,17,1,238162,0
mixed_loop_skew,6,before,6,native,0,1,1,1,0,1,494913,487938
mixed_loop_skew,6,before,6,native,1,1,1,1,0,1,511742,488149
mixed_loop_skew,6,before,6,native,2,1,1,1,0,1,488576,489508
mixed_loop_skew,6,before,6,native,3,1,1,1,0,1,486592,488075
mixed_loop_skew,6,before,6,native,4,1,1,1,0,1,593951,487947
mixed_loop_skew,6,before,6,native,5,1,1,1,0,1,487888,488690
mixed_loop_skew,6,before,6,native,6,1,1,1,0,1,486391,488029
mixed_loop_skew,6,before,6,native,7,1,1,1,0,1,486280,487928
mixed_loop_skew,6,before,6,native,8,1,1,1,0,1,494491,487882
mixed_loop_skew,6,before,6,native,9,1,1,1,0,1,483562,488066
mixed_loop_skew,6,before,6,native,10,1,1,1,0,1,483369,487929
mixed_loop_skew,6,before,6,native,11,1,1,1,0,1,506054,487928
mixed_loop_skew,6,before,6,native,12,1,1,1,0,1,513758,488268
mixed_loop_skew,6,before,6,native,13,1,1,1,0,1,543983,517084
mixed_loop_skew,6,before,6,native,14,1,1,1,0,1,491148,487651
mixed_loop_skew,6,before,6,native,15,1,1,1,0,1,484067,487550
mixed_loop_skew,6,before,6,native,16,1,1,1,0,1,483360,487328
mixed_loop_skew,6,before,6,native,17,1,1,1,0,1,576392,487374
mixed_loop_skew,6,before,6,native,18,1,1,1,0,1,623496,489505
mixed_loop_skew,6,before,6,native,19,1,1,1,0,1,523310,489707
mixed_loop_skew,6,before,6,native,20,1,1,1,0,1,484490,487870
mixed_loop_skew,6,before,6,native,21,1,1,1,0,1,493160,487420
mixed_loop_skew,6,before,6,native,22,1,1,1,0,1,483645,487503
mixed_loop_skew,6,before,6,native,23,1,1,1,0,1,483902,487374
mixed_loop_skew,6,before,6,native,24,1,1,1,0,1,499698,487347
mixed_loop_skew,6,before,6,fixed_winner,0,5,1,1,17,1,216590,0
mixed_loop_skew,6,before,6,fixed_winner,1,5,1,1,17,1,216186,0
mixed_loop_skew,6,before,6,fixed_winner,2,5,1,1,17,1,216121,0
mixed_loop_skew,6,before,6,fixed_winner,3,5,1,1,17,1,401578,0
mixed_loop_skew,6,before,6,fixed_winner,4,5,1,1,17,1,312331,0
mixed_loop_skew,6,before,6,fixed_winner,5,5,1,1,17,1,284081,0
mixed_loop_skew,6,before,6,fixed_winner,6,5,1,1,17,1,216361,0
mixed_loop_skew,6,before,6,fixed_winner,7,5,1,1,17,1,215010,0
mixed_loop_skew,6,before,6,fixed_winner,8,5,1,1,17,1,214570,0
mixed_loop_skew,6,before,6,fixed_winner,9,5,1,1,17,1,239338,0
mixed_loop_skew,6,before,6,fixed_winner,10,5,1,1,17,1,215662,0
mixed_loop_skew,6,before,6,fixed_winner,11,5,1,1,17,1,210428,0
mixed_loop_skew,6,before,6,fixed_winner,12,5,1,1,17,1,213081,0
mixed_loop_skew,6,before,6,fixed_winner,13,5,1,1,17,1,213697,0
mixed_loop_skew,6,before,6,fixed_winner,14,5,1,1,17,1,211107,0
mixed_loop_skew,6,before,6,fixed_winner,15,5,1,1,17,1,212136,0
mixed_loop_skew,6,before,6,fixed_winner,16,5,1,1,17,1,212559,0
mixed_loop_skew,6,before,6,fixed_winner,17,5,1,1,17,1,208728,0
mixed_loop_skew,6,before,6,fixed_winner,18,5,1,1,17,1,224856,0
mixed_loop_skew,6,before,6,fixed_winner,19,5,1,1,17,1,270848,0
mixed_loop_skew,6,before,6,fixed_winner,20,5,1,1,17,1,323030,0
mixed_loop_skew,6,before,6,fixed_winner,21,5,1,1,17,1,266540,0
mixed_loop_skew,6,before,6,fixed_winner,22,5,1,1,17,1,337017,0
mixed_loop_skew,6,before,6,fixed_winner,23,5,1,1,17,1,336603,0
mixed_loop_skew,6,before,6,fixed_winner,24,5,1,1,17,1,217536,0
mixed_loop_skew,6,after,6,native,0,5,1,1,0,1,386388,333723
mixed_loop_skew,6,after,6,native,1,5,1,1,0,1,302564,333980
mixed_loop_skew,6,after,6,native,2,5,1,1,0,1,307918,334017
mixed_loop_skew,6,after,6,native,3,5,1,1,0,1,308355,333925
mixed_loop_skew,6,after,6,native,4,5,1,1,0,1,299868,333585
mixed_loop_skew,6,after,6,native,5,5,1,1,0,1,312836,341496
mixed_loop_skew,6,after,6,native,6,5,1,1,0,1,302027,331073
mixed_loop_skew,6,after,6,native,7,5,1,1,0,1,319429,330605
mixed_loop_skew,6,after,6,native,8,5,1,1,0,1,321386,330852
mixed_loop_skew,6,after,6,native,9,5,1,1,0,1,307711,330614
mixed_loop_skew,6,after,6,native,10,5,1,1,0,1,296195,330449
mixed_loop_skew,6,after,6,native,11,5,1,1,0,1,304304,330458
mixed_loop_skew,6,after,6,native,12,5,1,1,0,1,299263,330440
mixed_loop_skew,6,after,6,native,13,5,1,1,0,1,305930,338492
mixed_loop_skew,6,after,6,native,14,5,1,1,0,1,325840,328097
mixed_loop_skew,6,after,6,native,15,5,1,1,0,1,314388,328097
mixed_loop_skew,6,after,6,native,16,5,1,1,0,1,322690,328180
mixed_loop_skew,6,after,6,native,17,5,1,1,0,1,317326,328455
mixed_loop_skew,6,after,6,native,18,5,1,1,0,1,336768,328189
mixed_loop_skew,6,after,6,native,19,5,1,1,0,1,395655,328583
mixed_loop_skew,6,after,6,native,20,5,1,1,0,1,315729,328556
mixed_loop_skew,6,after,6,native,21,5,1,1,0,1,314957,328510
mixed_loop_skew,6,after,6,native,22,5,1,1,0,1,335226,328446
mixed_loop_skew,6,after,6,native,23,5,1,1,0,1,314508,328547
mixed_loop_skew,6,after,6,native,24,5,1,1,0,1,278296,328675
mixed_loop_skew,6,after,6,fixed_winner,0,5,1,1,17,1,267083,0
mixed_loop_skew,6,after,6,fixed_winner,1,5,1,1,17,1,310245,0
mixed_loop_skew,6,after,6,fixed_winner,2,5,1,1,17,1,307482,0
mixed_loop_skew,6,after,6,fixed_winner,3,5,1,1,17,1,315563,0
mixed_loop_skew,6,after,6,fixed_winner,4,5,1,1,17,1,290850,0
mixed_loop_skew,6,after,6,fixed_winner,5,5,1,1,17,1,313240,0
mixed_loop_skew,6,after,6,fixed_winner,6,5,1,1,17,1,310816,0
mixed_loop_skew,6,after,6,fixed_winner,7,5,1,1,17,1,310540,0
mixed_loop_skew,6,after,6,fixed_winner,8,5,1,1,17,1,282218,0
mixed_loop_skew,6,after,6,fixed_winner,9,5,1,1,17,1,309364,0
mixed_loop_skew,6,after,6,fixed_winner,10,5,1,1,17,1,272987,0
mixed_loop_skew,6,after,6,fixed_winner,11,5,1,1,17,1,266761,0
mixed_loop_skew,6,after,6,fixed_winner,12,5,1,1,17,1,311752,0
mixed_loop_skew,6,after,6,fixed_winner,13,5,1,1,17,1,308097,0
mixed_loop_skew,6,after,6,fixed_winner,14,5,1,1,17,1,309447,0
mixed_loop_skew,6,after,6,fixed_winner,15,5,1,1,17,1,311753,0
mixed_loop_skew,6,after,6,fixed_winner,16,5,1,1,17,1,325115,0
mixed_loop_skew,6,after,6,fixed_winner,17,5,1,1,17,1,364926,0
mixed_loop_skew,6,after,6,fixed_winner,18,5,1,1,17,1,311927,0
mixed_loop_skew,6,after,6,fixed_winner,19,5,1,1,17,1,315077,0
mixed_loop_skew,6,after,6,fixed_winner,20,5,1,1,17,1,315159,0
mixed_loop_skew,6,after,6,fixed_winner,21,5,1,1,17,1,310430,0
mixed_loop_skew,6,after,6,fixed_winner,22,5,1,1,17,1,306665,0
mixed_loop_skew,6,after,6,fixed_winner,23,5,1,1,17,1,309796,0
mixed_loop_skew,6,after,6,fixed_winner,24,5,1,1,17,1,307372,0
mixed_loop_skew,6,after,7,native,0,5,1,1,0,1,307813,319045
mixed_loop_skew,6,after,7,native,1,5,1,1,0,1,253012,319073
mixed_loop_skew,6,after,7,native,2,5,1,1,0,1,325161,318945
mixed_loop_skew,6,after,7,native,3,5,1,1,0,1,302238,319018
mixed_loop_skew,6,after,7,native,4,5,1,1,0,1,304350,318715
mixed_loop_skew,6,after,7,native,5,5,1,1,0,1,298977,318770
mixed_loop_skew,6,after,7,native,6,5,1,1,0,1,307381,318733
mixed_loop_skew,6,after,7,native,7,5,1,1,0,1,310319,318659
mixed_loop_skew,6,after,7,native,8,5,1,1,0,1,300383,318734
mixed_loop_skew,6,after,7,native,9,5,1,1,0,1,295975,318678
mixed_loop_skew,6,after,7,native,10,5,1,1,0,1,305121,318715
mixed_loop_skew,6,after,7,native,11,5,1,1,0,1,300998,318660
mixed_loop_skew,6,after,7,native,12,5,1,1,0,1,306471,318678
mixed_loop_skew,6,after,7,native,13,5,1,1,0,1,326878,336963
mixed_loop_skew,6,after,7,native,14,5,1,1,0,1,329513,318632
mixed_loop_skew,6,after,7,native,15,5,1,1,0,1,308786,318678
mixed_loop_skew,6,after,7,native,16,5,1,1,0,1,310127,318430
mixed_loop_skew,6,after,7,native,17,5,1,1,0,1,300907,318338
mixed_loop_skew,6,after,7,native,18,5,1,1,0,1,309741,318880
mixed_loop_skew,6,after,7,native,19,5,1,1,0,1,313745,318632
mixed_loop_skew,6,after,7,native,20,5,1,1,0,1,310154,318825
mixed_loop_skew,6,after,7,native,21,5,1,1,0,1,296921,318439
mixed_loop_skew,6,after,7,native,22,5,1,1,0,1,308005,318384
mixed_loop_skew,6,after,7,native,23,5,1,1,0,1,322498,318357
mixed_loop_skew,6,after,7,native,24,5,1,1,0,1,319145,318770
mixed_loop_skew,6,after,7,fixed_winner,0,5,1,1,17,1,323205,0
mixed_loop_skew,6,after,7,fixed_winner,1,5,1,1,17,1,318116,0
mixed_loop_skew,6,after,7,fixed_winner,2,5,1,1,17,1,326813,0
mixed_loop_skew,6,after,7,fixed_winner,3,5,1,1,17,1,303064,0
mixed_loop_skew,6,after,7,fixed_winner,4,5,1,1,17,1,313856,0
mixed_loop_skew,6,after,7,fixed_winner,5,5,1,1,17,1,319301,0
mixed_loop_skew,6,after,7,fixed_winner,6,5,1,1,17,1,311495,0
mixed_loop_skew,6,after,7,fixed_winner,7,5,1,1,17,1,316868,0
mixed_loop_skew,6,after,7,fixed_winner,8,5,1,1,17,1,328475,0
mixed_loop_skew,6,after,7,fixed_winner,9,5,1,1,17,1,327383,0
mixed_loop_skew,6,after,7,fixed_winner,10,5,1,1,17,1,311238,0
mixed_loop_skew,6,after,7,fixed_winner,11,5,1,1,17,1,282181,0
mixed_loop_skew,6,after,7,fixed_winner,12,5,1,1,17,1,315049,0
mixed_loop_skew,6,after,7,fixed_winner,13,5,1,1,17,1,312450,0
mixed_loop_skew,6,after,7,fixed_winner,14,5,1,1,17,1,305121,0
mixed_loop_skew,6,after,7,fixed_winner,15,5,1,1,17,1,308758,0
mixed_loop_skew,6,after,7,fixed_winner,16,5,1,1,17,1,303533,0
mixed_loop_skew,6,after,7,fixed_winner,17,5,1,1,17,1,305581,0
mixed_loop_skew,6,after,7,fixed_winner,18,5,1,1,17,1,315747,0
mixed_loop_skew,6,after,7,fixed_winner,19,5,1,1,17,1,315178,0
mixed_loop_skew,6,after,7,fixed_winner,20,5,1,1,17,1,307124,0
mixed_loop_skew,6,after,7,fixed_winner,21,5,1,1,17,1,334225,0
mixed_loop_skew,6,after,7,fixed_winner,22,5,1,1,17,1,315802,0
mixed_loop_skew,6,after,7,fixed_winner,23,5,1,1,17,1,304304,0
mixed_loop_skew,6,after,7,fixed_winner,24,5,1,1,17,1,309604,0
mixed_loop_skew,6,before,7,native,0,1,1,1,0,1,486097,491887
mixed_loop_skew,6,before,7,native,1,1,1,1,0,1,524788,491860
mixed_loop_skew,6,before,7,native,2,1,1,1,0,1,559659,492291
mixed_loop_skew,6,before,7,native,3,1,1,1,0,1,492572,492300
mixed_loop_skew,6,before,7,native,4,1,1,1,0,1,492967,491851
mixed_loop_skew,6,before,7,native,5,1,1,1,0,1,518359,513280
mixed_loop_skew,6,before,7,native,6,1,1,1,0,1,488053,491616
mixed_loop_skew,6,before,7,native,7,1,1,1,0,1,483553,491495
mixed_loop_skew,6,before,7,native,8,1,1,1,0,1,483369,491385
mixed_loop_skew,6,before,7,native,9,1,1,1,0,1,502526,491349
mixed_loop_skew,6,before,7,native,10,1,1,1,0,1,510021,491643
mixed_loop_skew,6,before,7,native,11,1,1,1,0,1,483819,491707
mixed_loop_skew,6,before,7,native,12,1,1,1,0,1,495418,491376
mixed_loop_skew,6,before,7,native,13,1,1,1,0,1,486326,491495
mixed_loop_skew,6,before,7,native,14,1,1,1,0,1,486703,491367
mixed_loop_skew,6,before,7,native,15,1,1,1,0,1,493637,491449
mixed_loop_skew,6,before,7,native,16,1,1,1,0,1,496364,491533
mixed_loop_skew,6,before,7,native,17,1,1,1,0,1,537719,491514
mixed_loop_skew,6,before,7,native,18,1,1,1,0,1,487282,491790
mixed_loop_skew,6,before,7,native,19,1,1,1,0,1,489568,491505
mixed_loop_skew,6,before,7,native,20,1,1,1,0,1,486648,491487
mixed_loop_skew,6,before,7,native,21,1,1,1,0,1,495859,497184
mixed_loop_skew,6,before,7,native,22,1,1,1,0,1,493380,491224
mixed_loop_skew,6,before,7,native,23,1,1,1,0,1,487006,491197
mixed_loop_skew,6,before,7,native,24,1,1,1,0,1,497301,491233
mixed_loop_skew,6,before,7,fixed_winner,0,5,1,1,17,1,226701,0
mixed_loop_skew,6,before,7,fixed_winner,1,5,1,1,17,1,313332,0
mixed_loop_skew,6,before,7,fixed_winner,2,5,1,1,17,1,306389,0
mixed_loop_skew,6,before,7,fixed_winner,3,5,1,1,17,1,321882,0
mixed_loop_skew,6,before,7,fixed_winner,4,5,1,1,17,1,326768,0
mixed_loop_skew,6,before,7,fixed_winner,5,5,1,1,17,1,346063,0
mixed_loop_skew,6,before,7,fixed_winner,6,5,1,1,17,1,318530,0
mixed_loop_skew,6,before,7,fixed_winner,7,5,1,1,17,1,315600,0
mixed_loop_skew,6,before,7,fixed_winner,8,5,1,1,17,1,301880,0
mixed_loop_skew,6,before,7,fixed_winner,9,5,1,1,17,1,221623,0
mixed_loop_skew,6,before,7,fixed_winner,10,5,1,1,17,1,217573,0
mixed_loop_skew,6,before,7,fixed_winner,11,5,1,1,17,1,306012,0
mixed_loop_skew,6,before,7,fixed_winner,12,5,1,1,17,1,306509,0
mixed_loop_skew,6,before,7,fixed_winner,13,5,1,1,17,1,311000,0
mixed_loop_skew,6,before,7,fixed_winner,14,5,1,1,17,1,220153,0
mixed_loop_skew,6,before,7,fixed_winner,15,5,1,1,17,1,214533,0
mixed_loop_skew,6,before,7,fixed_winner,16,5,1,1,17,1,214157,0
mixed_loop_skew,6,before,7,fixed_winner,17,5,1,1,17,1,318163,0
mixed_loop_skew,6,before,7,fixed_winner,18,5,1,1,17,1,229475,0
mixed_loop_skew,6,before,7,fixed_winner,19,5,1,1,17,1,215708,0
mixed_loop_skew,6,before,7,fixed_winner,20,5,1,1,17,1,218473,0
mixed_loop_skew,6,before,7,fixed_winner,21,5,1,1,17,1,219777,0
mixed_loop_skew,6,before,7,fixed_winner,22,5,1,1,17,1,215562,0
mixed_loop_skew,6,before,7,fixed_winner,23,5,1,1,17,1,207360,0
mixed_loop_skew,6,before,7,fixed_winner,24,5,1,1,17,1,224617,0
mixed_loop_skew,6,after,8,native,0,5,1,1,0,1,227202,336542
mixed_loop_skew,6,after,8,native,1,5,1,1,0,1,444002,336671
mixed_loop_skew,6,after,8,native,2,5,1,1,0,1,315591,336791
mixed_loop_skew,6,after,8,native,3,5,1,1,0,1,468124,336376
mixed_loop_skew,6,after,8,native,4,5,1,1,0,1,281464,337084
mixed_loop_skew,6,after,8,native,5,5,1,1,0,1,314902,343538
mixed_loop_skew,6,after,8,native,6,5,1,1,0,1,221549,336578
mixed_loop_skew,6,after,8,native,7,5,1,1,0,1,226260,336495
mixed_loop_skew,6,after,8,native,8,5,1,1,0,1,290657,336256
mixed_loop_skew,6,after,8,native,9,5,1,1,0,1,269599,336237
mixed_loop_skew,6,after,8,native,10,5,1,1,0,1,264391,336228
mixed_loop_skew,6,after,8,native,11,5,1,1,0,1,274815,336264
mixed_loop_skew,6,after,8,native,12,5,1,1,0,1,269525,336164
mixed_loop_skew,6,after,8,native,13,5,1,1,0,1,282630,336100
mixed_loop_skew,6,after,8,native,14,5,1,1,0,1,289335,336210
mixed_loop_skew,6,after,8,native,15,5,1,1,0,1,292586,336136
mixed_loop_skew,6,after,8,native,16,5,1,1,0,1,286975,336182
mixed_loop_skew,6,after,8,native,17,5,1,1,0,1,280610,336164
mixed_loop_skew,6,after,8,native,18,5,1,1,0,1,273796,336136
mixed_loop_skew,6,after,8,native,19,5,1,1,0,1,288940,336099
mixed_loop_skew,6,after,8,native,20,5,1,1,0,1,284513,336705
mixed_loop_skew,6,after,8,native,21,5,1,1,0,1,351555,368504
mixed_loop_skew,6,after,8,native,22,5,1,1,0,1,277855,336342
mixed_loop_skew,6,after,8,native,23,5,1,1,0,1,326676,336471
mixed_loop_skew,6,after,8,native,24,5,1,1,0,1,316463,336498
mixed_loop_skew,6,after,8,fixed_winner,0,5,1,1,17,1,318139,0
mixed_loop_skew,6,after,8,fixed_winner,1,5,1,1,17,1,228107,0
mixed_loop_skew,6,after,8,fixed_winner,2,5,1,1,17,1,222164,0
mixed_loop_skew,6,after,8,fixed_winner,3,5,1,1,17,1,213293,0
mixed_loop_skew,6,after,8,fixed_winner,4,5,1,1,17,1,217260,0
mixed_loop_skew,6,after,8,fixed_winner,5,5,1,1,17,1,219189,0
mixed_loop_skew,6,after,8,fixed_winner,6,5,1,1,17,1,213881,0
mixed_loop_skew,6,after,8,fixed_winner,7,5,1,1,17,1,284082,0
mixed_loop_skew,6,after,8,fixed_winner,8,5,1,1,17,1,218565,0
mixed_loop_skew,6,after,8,fixed_winner,9,5,1,1,17,1,216250,0
mixed_loop_skew,6,after,8,fixed_winner,10,5,1,1,17,1,215736,0
mixed_loop_skew,6,after,8,fixed_winner,11,5,1,1,17,1,215350,0
mixed_loop_skew,6,after,8,fixed_winner,12,5,1,1,17,1,213752,0
mixed_loop_skew,6,after,8,fixed_winner,13,5,1,1,17,1,215405,0
mixed_loop_skew,6,after,8,fixed_winner,14,5,1,1,17,1,214239,0
mixed_loop_skew,6,after,8,fixed_winner,15,5,1,1,17,1,215360,0
mixed_loop_skew,6,after,8,fixed_winner,16,5,1,1,17,1,214313,0
mixed_loop_skew,6,after,8,fixed_winner,17,5,1,1,17,1,217214,0
mixed_loop_skew,6,after,8,fixed_winner,18,5,1,1,17,1,214506,0
mixed_loop_skew,6,after,8,fixed_winner,19,5,1,1,17,1,214974,0
mixed_loop_skew,6,after,8,fixed_winner,20,5,1,1,17,1,215001,0
mixed_loop_skew,6,after,8,fixed_winner,21,5,1,1,17,1,290877,0
mixed_loop_skew,6,after,8,fixed_winner,22,5,1,1,17,1,488600,0
mixed_loop_skew,6,after,8,fixed_winner,23,5,1,1,17,1,229516,0
mixed_loop_skew,6,after,8,fixed_winner,24,5,1,1,17,1,217619,0
mixed_loop_skew,6,before,8,native,0,1,1,1,0,1,490533,503745
mixed_loop_skew,6,before,8,native,1,1,1,1,0,1,484150,503882
mixed_loop_skew,6,before,8,native,2,1,1,1,0,1,504905,503727
mixed_loop_skew,6,before,8,native,3,1,1,1,0,1,517937,504011
mixed_loop_skew,6,before,8,native,4,1,1,1,0,1,491166,504048
mixed_loop_skew,6,before,8,native,5,1,1,1,0,1,542035,549853
mixed_loop_skew,6,before,8,native,6,1,1,1,0,1,484260,504247
mixed_loop_skew,6,before,8,native,7,1,1,1,0,1,489165,503861
mixed_loop_skew,6,before,8,native,8,1,1,1,0,1,484214,504128
mixed_loop_skew,6,before,8,native,9,1,1,1,0,1,491433,503870
mixed_loop_skew,6,before,8,native,10,1,1,1,0,1,534679,503971
mixed_loop_skew,6,before,8,native,11,1,1,1,0,1,488586,505193
mixed_loop_skew,6,before,8,native,12,1,1,1,0,1,492425,503962
mixed_loop_skew,6,before,8,native,13,1,1,1,0,1,498008,504054
mixed_loop_skew,6,before,8,native,14,1,1,1,0,1,505704,504026
mixed_loop_skew,6,before,8,native,15,1,1,1,0,1,486574,504192
mixed_loop_skew,6,before,8,native,16,1,1,1,0,1,489871,503898
mixed_loop_skew,6,before,8,native,17,1,1,1,0,1,523704,503935
mixed_loop_skew,6,before,8,native,18,1,1,1,0,1,515476,504174
mixed_loop_skew,6,before,8,native,19,1,1,1,0,1,489256,504128
mixed_loop_skew,6,before,8,native,20,1,1,1,0,1,495483,503999
mixed_loop_skew,6,before,8,native,21,1,1,1,0,1,507155,526644
mixed_loop_skew,6,before,8,native,22,1,1,1,0,1,491019,503611
mixed_loop_skew,6,before,8,native,23,1,1,1,0,1,483461,503685
mixed_loop_skew,6,before,8,native,24,1,1,1,0,1,598699,504382
mixed_loop_skew,6,before,8,fixed_winner,0,5,1,1,17,1,241414,0
mixed_loop_skew,6,before,8,fixed_winner,1,5,1,1,17,1,212586,0
mixed_loop_skew,6,before,8,fixed_winner,2,5,1,1,17,1,211640,0
mixed_loop_skew,6,before,8,fixed_winner,3,5,1,1,17,1,212219,0
mixed_loop_skew,6,before,8,fixed_winner,4,5,1,1,17,1,223579,0
mixed_loop_skew,6,before,8,fixed_winner,5,5,1,1,17,1,309695,0
mixed_loop_skew,6,before,8,fixed_winner,6,5,1,1,17,1,229136,0
mixed_loop_skew,6,before,8,fixed_winner,7,5,1,1,17,1,216058,0
mixed_loop_skew,6,before,8,fixed_winner,8,5,1,1,17,1,254886,0
mixed_loop_skew,6,before,8,fixed_winner,9,5,1,1,17,1,219961,0
mixed_loop_skew,6,before,8,fixed_winner,10,5,1,1,17,1,223863,0
mixed_loop_skew,6,before,8,fixed_winner,11,5,1,1,17,1,213100,0
mixed_loop_skew,6,before,8,fixed_winner,12,5,1,1,17,1,216590,0
mixed_loop_skew,6,before,8,fixed_winner,13,5,1,1,17,1,221338,0
mixed_loop_skew,6,before,8,fixed_winner,14,5,1,1,17,1,214477,0
mixed_loop_skew,6,before,8,fixed_winner,15,5,1,1,17,1,218023,0
mixed_loop_skew,6,before,8,fixed_winner,16,5,1,1,17,1,218023,0
mixed_loop_skew,6,before,8,fixed_winner,17,5,1,1,17,1,253940,0
mixed_loop_skew,6,before,8,fixed_winner,18,5,1,1,17,1,502076,0
mixed_loop_skew,6,before,8,fixed_winner,19,5,1,1,17,1,220613,0
mixed_loop_skew,6,before,8,fixed_winner,20,5,1,1,17,1,219446,0
mixed_loop_skew,6,before,8,fixed_winner,21,5,1,1,17,1,223083,0
mixed_loop_skew,6,before,8,fixed_winner,22,5,1,1,17,1,227445,0
mixed_loop_skew,6,before,8,fixed_winner,23,5,1,1,17,1,215498,0
mixed_loop_skew,6,before,8,fixed_winner,24,5,1,1,17,1,218564,0
