case,budget,policy,left,right,median_ns,median_ms,min_process_median_ns,max_process_median_ns,best_backend,best_order,best_parents,model_selection_fraction,empirical_best,planner_assignment_fraction
balanced_compute,2,dynamic,1,1,2436132,2.436132,2415956,2519961,ordinary,"left,right",2,1.0,1,1.0
balanced_compute,2,ordinary-first,1,1,2415744,2.415744,2377282,2449026,ordinary,"left,right",2,1.0,1,1.0
balanced_compute,4,dynamic,1,1,2438548,2.438548,2407194,2445490,ordinary,"left,right",2,0.0,0,0.0
balanced_compute,4,dynamic,1,2,2420189,2.420189,2401995,2452093,ordinary,"left,right",2,0.0,0,0.0
balanced_compute,4,dynamic,1,3,3280717,3.280717,3280119,3431404,joint,"left,right",1,0.0,0,0.0
balanced_compute,4,dynamic,2,1,2415480,2.41548,2412062,2455547,joint,"right,left",2,1.0,0,1.0
balanced_compute,4,dynamic,2,2,2680136,2.680136,2628395,2681449,joint,"right,left",1,0.0,0,0.0
balanced_compute,4,dynamic,2,3,2278226,2.278226,2278155,2369669,joint,"left,right",1,0.0,0,0.0
balanced_compute,4,dynamic,3,1,3220609,3.220609,3213134,3234247,joint,"right,left",1,0.0,0,0.0
balanced_compute,4,dynamic,3,2,2284563,2.284563,2229065,2331805,joint,"right,left",1,0.0,0,0.0
balanced_compute,4,dynamic,3,3,1835458,1.835458,1719017,1982739,joint,"right,left",1,0.0,1,0.0
balanced_compute,4,ordinary-first,1,1,2450487,2.450487,2424919,2508087,ordinary,"left,right",2,0.0,0,0.0
balanced_compute,4,ordinary-first,1,2,2405008,2.405008,2382076,2424229,ordinary,"left,right",2,0.0,1,0.0
balanced_compute,4,ordinary-first,2,1,2460405,2.460405,2442626,2504118,ordinary,"left,right",2,1.0,0,1.0
balanced_compute,6,dynamic,1,1,2576629,2.576629,2515725,2830199,joint,"left,right",2,0.0,0,0.0
balanced_compute,6,dynamic,1,2,2479243,2.479243,2462287,2526794,ordinary,"left,right",2,0.0,0,0.0
balanced_compute,6,dynamic,1,3,2546692,2.546692,2459786,2645536,ordinary,"left,right",2,0.0,0,0.0
balanced_compute,6,dynamic,1,4,2503341,2.503341,2476903,2667357,ordinary,"left,right",2,0.0,0,0.0
balanced_compute,6,dynamic,1,5,3172012,3.172012,2991995,3251384,joint,"right,left",1,0.0,0,0.0
balanced_compute,6,dynamic,2,1,2563689,2.563689,2540561,2948360,joint,"right,left",2,1.0,0,1.0
balanced_compute,6,dynamic,2,2,2825772,2.825772,2773536,2867034,joint,"left,right",1,0.0,0,0.0
balanced_compute,6,dynamic,2,3,2393925,2.393925,2251840,2554997,joint,"left,right",1,0.0,0,0.0
balanced_compute,6,dynamic,2,4,2131870,2.13187,2123329,2938842,joint,"left,right",1,0.0,0,0.0
balanced_compute,6,dynamic,2,5,1986528,1.986528,1973189,2030595,joint,"right,left",1,0.0,0,0.0
balanced_compute,6,dynamic,3,1,2613233,2.613233,2588131,2798140,joint,"left,right",2,0.0,0,0.0
balanced_compute,6,dynamic,3,2,2427163,2.427163,2424089,2585925,joint,"right,left",1,0.0,0,0.0
balanced_compute,6,dynamic,3,3,1894401,1.894401,1859706,1992805,joint,"left,right",1,0.0,0,0.0
balanced_compute,6,dynamic,3,4,1719182,1.719182,1682125,1834103,joint,"left,right",1,0.0,0,0.0
balanced_compute,6,dynamic,3,5,1571362,1.571362,1571047,1577939,joint,"left,right",1,0.0,0,0.0
balanced_compute,6,dynamic,4,1,2612703,2.612703,2586840,2613251,joint,"left,right",2,0.0,0,0.0
balanced_compute,6,dynamic,4,2,2126014,2.126014,2113360,2300083,joint,"left,right",1,0.0,0,0.0
balanced_compute,6,dynamic,4,3,1636084,1.636084,1629014,1874520,joint,"left,right",1,0.0,0,0.0
balanced_compute,6,dynamic,4,4,1419588,1.419588,1394069,1497016,joint,"left,right",1,0.0,0,0.0
balanced_compute,6,dynamic,4,5,1278641,1.278641,1260332,1387022,joint,"left,right",1,0.0,0,0.0
balanced_compute,6,dynamic,5,1,2968407,2.968407,2964550,3217110,joint,"right,left",1,0.0,0,0.0
balanced_compute,6,dynamic,5,2,1983985,1.983985,1973301,1988914,joint,"right,left",1,0.0,0,0.0
balanced_compute,6,dynamic,5,3,1583477,1.583477,1565459,1705155,joint,"right,left",1,0.0,0,0.0
balanced_compute,6,dynamic,5,4,1271248,1.271248,1261965,1541719,joint,"left,right",1,0.0,0,0.0
balanced_compute,6,dynamic,5,5,1266226,1.266226,1167930,1677855,joint,"right,left",1,0.0,1,0.0
balanced_compute,6,ordinary-first,1,1,2453131,2.453131,2447895,2616916,ordinary,"left,right",2,0.0,1,0.0
balanced_compute,6,ordinary-first,1,2,2469129,2.469129,2443597,2470145,ordinary,"left,right",2,0.3333333333333333,0,0.3333333333333333
balanced_compute,6,ordinary-first,1,3,2485194,2.485194,2428739,2639260,ordinary,"left,right",2,0.0,0,0.0
balanced_compute,6,ordinary-first,1,4,2530707,2.530707,2475502,2576304,ordinary,"left,right",2,0.0,0,0.0
balanced_compute,6,ordinary-first,2,1,2558972,2.558972,2419298,2593384,ordinary,"left,right",2,0.6666666666666666,0,0.6666666666666666
balanced_compute,6,ordinary-first,2,2,2946394,2.946394,2907048,3051400,ordinary,"left,right",2,0.0,0,0.0
balanced_compute,6,ordinary-first,3,1,2628074,2.628074,2540887,2689713,ordinary,"left,right",2,0.0,0,0.0
balanced_compute,6,ordinary-first,4,1,2555517,2.555517,2525119,2649059,ordinary,"left,right",2,0.0,0,0.0
balanced_compute,8,dynamic,1,1,2490756,2.490756,2464808,2773441,ordinary,"left,right",2,0.0,0,0.0
balanced_compute,8,dynamic,1,2,2453894,2.453894,2441743,2731595,ordinary,"left,right",2,0.0,0,0.0
balanced_compute,8,dynamic,1,3,2519554,2.519554,2430209,2579481,ordinary,"left,right",2,0.0,0,0.0
balanced_compute,8,dynamic,1,4,2479066,2.479066,2434947,2601473,ordinary,"left,right",2,0.0,0,0.0
balanced_compute,8,dynamic,1,5,2493420,2.49342,2431714,2574859,ordinary,"left,right",2,0.0,0,0.0
balanced_compute,8,dynamic,1,6,2438607,2.438607,2426921,2599961,ordinary,"left,right",2,0.0,0,0.0
balanced_compute,8,dynamic,1,7,2972830,2.97283,2952196,3168854,joint,"right,left",1,0.0,0,0.0
balanced_compute,8,dynamic,2,1,2586415,2.586415,2440485,2586883,joint,"right,left",2,0.0,0,0.0
balanced_compute,8,dynamic,2,2,2839897,2.839897,2817819,2935369,joint,"left,right",1,0.0,0,0.0
balanced_compute,8,dynamic,2,3,2404650,2.40465,2398506,2449655,joint,"right,left",1,0.0,0,0.0
balanced_compute,8,dynamic,2,4,2207988,2.207988,2135501,2219693,joint,"left,right",1,0.0,0,0.0
balanced_compute,8,dynamic,2,5,2055914,2.055914,2006465,2164493,joint,"right,left",1,0.0,0,0.0
balanced_compute,8,dynamic,2,6,2036501,2.036501,2028616,2159765,joint,"right,left",1,0.0,0,0.0
balanced_compute,8,dynamic,2,7,1990766,1.990766,1987771,2088617,joint,"right,left",1,0.0,0,0.0
balanced_compute,8,dynamic,3,1,2484237,2.484237,2480292,2742443,ordinary,"left,right",2,0.0,0,0.0
balanced_compute,8,dynamic,3,2,2385851,2.385851,2365371,2539728,joint,"left,right",1,0.0,0,0.0
balanced_compute,8,dynamic,3,3,1964564,1.964564,1956192,2113661,joint,"right,left",1,1.0,0,1.0
balanced_compute,8,dynamic,3,4,1823108,1.823108,1802544,1831290,joint,"right,left",1,0.0,0,0.0
balanced_compute,8,dynamic,3,5,1601838,1.601838,1584274,1700326,joint,"left,right",1,0.0,0,0.0
balanced_compute,8,dynamic,3,6,1583493,1.583493,1561864,1690071,joint,"left,right",1,0.0,0,0.0
balanced_compute,8,dynamic,3,7,1571237,1.571237,1554095,1643998,joint,"right,left",1,0.0,0,0.0
balanced_compute,8,dynamic,4,1,2604682,2.604682,2568828,2889500,joint,"left,right",2,0.0,0,0.0
balanced_compute,8,dynamic,4,2,2167649,2.167649,2096149,2284367,joint,"left,right",1,0.0,0,0.0
balanced_compute,8,dynamic,4,3,1752263,1.752263,1727443,1867131,joint,"left,right",1,0.0,0,0.0
balanced_compute,8,dynamic,4,4,1446530,1.44653,1442191,1548176,joint,"left,right",1,0.0,0,0.0
balanced_compute,8,dynamic,4,5,1342870,1.34287,1304522,1747969,joint,"right,left",1,0.0,0,0.0
balanced_compute,8,dynamic,4,6,1439583,1.439583,1325918,1548824,joint,"left,right",1,0.0,0,0.0
balanced_compute,8,dynamic,4,7,1349430,1.34943,1346432,1429476,joint,"right,left",1,0.0,0,0.0
balanced_compute,8,dynamic,5,1,2570765,2.570765,2568581,2829577,joint,"right,left",2,0.0,0,0.0
balanced_compute,8,dynamic,5,2,2065640,2.06564,2050194,2172179,joint,"left,right",1,0.0,0,0.0
balanced_compute,8,dynamic,5,3,1609065,1.609065,1590821,1696993,joint,"right,left",1,0.0,0,0.0
balanced_compute,8,dynamic,5,4,1377414,1.377414,1301753,1685653,joint,"right,left",1,0.0,0,0.0
balanced_compute,8,dynamic,5,5,1205466,1.205466,1195350,1259696,joint,"left,right",1,0.0,0,0.0
balanced_compute,8,dynamic,5,6,1156475,1.156475,1092988,1321282,joint,"left,right",1,0.0,1,0.0
balanced_compute,8,dynamic,5,7,1307170,1.30717,1234574,1388746,joint,"right,left",1,0.0,0,0.0
balanced_compute,8,dynamic,6,1,2628183,2.628183,2603768,2800795,ordinary,"left,right",2,0.0,0,0.0
balanced_compute,8,dynamic,6,2,2024166,2.024166,2007764,2131638,joint,"right,left",1,0.0,0,0.0
balanced_compute,8,dynamic,6,3,1673016,1.673016,1656972,1877007,joint,"left,right",1,0.0,0,0.0
balanced_compute,8,dynamic,6,4,1300826,1.300826,1295861,1545086,joint,"right,left",1,0.0,0,0.0
balanced_compute,8,dynamic,6,5,1189731,1.189731,1093943,1217501,joint,"right,left",1,0.0,0,0.0
balanced_compute,8,dynamic,6,6,1230360,1.23036,1226355,1320041,joint,"left,right",1,0.0,0,0.0
balanced_compute,8,dynamic,6,7,1348507,1.348507,1346294,1430954,joint,"right,left",1,0.0,0,0.0
balanced_compute,8,dynamic,7,1,2946565,2.946565,2914119,3163337,joint,"left,right",1,0.0,0,0.0
balanced_compute,8,dynamic,7,2,2027656,2.027656,1997793,2242842,joint,"right,left",1,0.0,0,0.0
balanced_compute,8,dynamic,7,3,1581371,1.581371,1541265,1750781,joint,"right,left",1,0.0,0,0.0
balanced_compute,8,dynamic,7,4,1345073,1.345073,1337634,1448535,joint,"left,right",1,0.0,0,0.0
balanced_compute,8,dynamic,7,5,1339734,1.339734,1230478,1406173,joint,"left,right",1,0.0,0,0.0
balanced_compute,8,dynamic,7,6,1348324,1.348324,1156934,1438066,joint,"left,right",1,0.0,0,0.0
balanced_compute,8,dynamic,7,7,1305022,1.305022,1288758,1383670,joint,"left,right",1,0.0,0,0.0
balanced_compute,8,ordinary-first,1,1,2484139,2.484139,2469753,2544247,ordinary,"left,right",2,0.0,0,0.0
balanced_compute,8,ordinary-first,1,2,2461883,2.461883,2439961,2584350,ordinary,"left,right",2,0.0,0,0.0
balanced_compute,8,ordinary-first,1,3,2448668,2.448668,2447588,2463041,ordinary,"left,right",2,0.0,0,0.0
balanced_compute,8,ordinary-first,1,4,2458375,2.458375,2444302,2469083,ordinary,"left,right",2,0.0,0,0.0
balanced_compute,8,ordinary-first,1,5,2566606,2.566606,2454950,2611017,ordinary,"left,right",2,0.0,0,0.0
balanced_compute,8,ordinary-first,1,6,2645572,2.645572,2562960,2655394,ordinary,"left,right",2,0.0,0,0.0
balanced_compute,8,ordinary-first,2,1,2538087,2.538087,2522730,2586387,ordinary,"left,right",2,0.0,0,0.0
balanced_compute,8,ordinary-first,2,2,3125980,3.12598,3065628,3134324,ordinary,"left,right",2,0.0,0,0.0
balanced_compute,8,ordinary-first,2,3,2595278,2.595278,2584606,2687951,ordinary,"left,right",2,0.0,0,0.0
balanced_compute,8,ordinary-first,2,4,2373398,2.373398,2363253,2380460,ordinary,"left,right",2,0.0,0,0.0
balanced_compute,8,ordinary-first,3,1,2599836,2.599836,2500552,2766775,ordinary,"left,right",2,0.0,0,0.0
balanced_compute,8,ordinary-first,3,2,2630116,2.630116,2616191,2638252,ordinary,"left,right",2,0.0,0,0.0
balanced_compute,8,ordinary-first,3,3,2149823,2.149823,2138581,2216723,ordinary,"left,right",2,1.0,1,1.0
balanced_compute,8,ordinary-first,4,1,2606160,2.60616,2514731,2628660,ordinary,"left,right",2,0.0,0,0.0
balanced_compute,8,ordinary-first,4,2,2425588,2.425588,2371928,2536959,ordinary,"left,right",2,0.0,0,0.0
balanced_compute,8,ordinary-first,5,1,2681210,2.68121,2617736,2688552,ordinary,"left,right",2,0.0,0,0.0
balanced_compute,8,ordinary-first,6,1,2613309,2.613309,2612626,2699859,ordinary,"left,right",2,0.0,0,0.0
chunk_edge,2,dynamic,1,1,11168,0.011168,11121,11195,joint,"right,left",1,1.0,1,1.0
chunk_edge,2,ordinary-first,1,1,177724,0.177724,156142,182565,ordinary,"left,right",2,1.0,1,1.0
chunk_edge,4,dynamic,1,1,11167,0.011167,11140,11406,joint,"right,left",1,1.0,1,1.0
chunk_edge,4,dynamic,1,2,79044,0.079044,74122,96795,joint,"right,left",1,0.0,0,0.0
chunk_edge,4,dynamic,1,3,77336,0.077336,74314,77640,joint,"right,left",1,0.0,0,0.0
chunk_edge,4,dynamic,2,1,77842,0.077842,77576,78191,joint,"left,right",1,0.0,0,0.0
chunk_edge,4,dynamic,2,2,152074,0.152074,135947,153259,joint,"right,left",1,0.0,0,0.0
chunk_edge,4,dynamic,2,3,135112,0.135112,131980,172537,joint,"right,left",1,0.0,0,0.0
chunk_edge,4,dynamic,3,1,73984,0.073984,73075,78365,joint,"right,left",1,0.0,0,0.0
chunk_edge,4,dynamic,3,2,138694,0.138694,136250,181972,joint,"right,left",1,0.0,0,0.0
chunk_edge,4,dynamic,3,3,148841,0.148841,145205,155178,joint,"left,right",1,0.0,0,0.0
chunk_edge,4,ordinary-first,1,1,183415,0.183415,180268,186697,ordinary,"left,right",2,1.0,1,1.0
chunk_edge,4,ordinary-first,1,2,259680,0.25968,246427,261701,ordinary,"left,right",2,0.0,0,0.0
chunk_edge,4,ordinary-first,2,1,234517,0.234517,218102,246638,ordinary,"left,right",2,0.0,0,0.0
chunk_edge,6,dynamic,1,1,11131,0.011131,11122,11150,joint,"right,left",1,1.0,1,1.0
chunk_edge,6,dynamic,1,2,100260,0.10026,95741,100572,joint,"right,left",1,0.0,0,0.0
chunk_edge,6,dynamic,1,3,98331,0.098331,96513,107835,joint,"left,right",1,0.0,0,0.0
chunk_edge,6,dynamic,1,4,98900,0.0989,93913,99111,joint,"left,right",1,0.0,0,0.0
chunk_edge,6,dynamic,1,5,101012,0.101012,99249,101242,joint,"left,right",1,0.0,0,0.0
chunk_edge,6,dynamic,2,1,101747,0.101747,101508,107353,joint,"left,right",1,0.0,0,0.0
chunk_edge,6,dynamic,2,2,191161,0.191161,189580,201079,joint,"left,right",1,0.0,0,0.0
chunk_edge,6,dynamic,2,3,196018,0.196018,192970,196652,joint,"right,left",1,0.0,0,0.0
chunk_edge,6,dynamic,2,4,194512,0.194512,190302,195743,joint,"right,left",1,0.0,0,0.0
chunk_edge,6,dynamic,2,5,197212,0.197212,191885,206359,joint,"left,right",1,0.0,0,0.0
chunk_edge,6,dynamic,3,1,103860,0.10386,101949,105724,joint,"right,left",1,0.0,0,0.0
chunk_edge,6,dynamic,3,2,193419,0.193419,186614,197598,joint,"left,right",1,0.0,0,0.0
chunk_edge,6,dynamic,3,3,192556,0.192556,183299,198571,joint,"right,left",1,0.0,0,0.0
chunk_edge,6,dynamic,3,4,206139,0.206139,203393,231780,joint,"left,right",1,0.0,0,0.0
chunk_edge,6,dynamic,3,5,203347,0.203347,192161,208224,joint,"left,right",1,0.0,0,0.0
chunk_edge,6,dynamic,4,1,99800,0.0998,99653,100139,joint,"right,left",1,0.0,0,0.0
chunk_edge,6,dynamic,4,2,196569,0.196569,193207,198038,joint,"left,right",1,0.0,0,0.0
chunk_edge,6,dynamic,4,3,192565,0.192565,189415,200298,joint,"right,left",1,0.0,0,0.0
chunk_edge,6,dynamic,4,4,201593,0.201593,186311,205697,joint,"right,left",1,0.0,0,0.0
chunk_edge,6,dynamic,4,5,198911,0.198911,192988,202143,joint,"right,left",1,0.0,0,0.0
chunk_edge,6,dynamic,5,1,102307,0.102307,101012,102812,joint,"right,left",1,0.0,0,0.0
chunk_edge,6,dynamic,5,2,189516,0.189516,187110,203544,joint,"left,right",1,0.0,0,0.0
chunk_edge,6,dynamic,5,3,199618,0.199618,184795,267195,joint,"left,right",1,0.0,0,0.0
chunk_edge,6,dynamic,5,4,199628,0.199628,196515,199719,joint,"right,left",1,0.0,0,0.0
chunk_edge,6,dynamic,5,5,206038,0.206038,201189,206267,joint,"left,right",1,0.0,0,0.0
chunk_edge,6,ordinary-first,1,1,175612,0.175612,173702,179377,ordinary,"left,right",2,1.0,1,1.0
chunk_edge,6,ordinary-first,1,2,276340,0.27634,275559,277754,ordinary,"left,right",2,0.0,0,0.0
chunk_edge,6,ordinary-first,1,3,284045,0.284045,273005,289674,ordinary,"left,right",2,0.0,0,0.0
chunk_edge,6,ordinary-first,1,4,275881,0.275881,273828,309154,ordinary,"left,right",2,0.0,0,0.0
chunk_edge,6,ordinary-first,2,1,250028,0.250028,228000,258339,ordinary,"left,right",2,0.0,0,0.0
chunk_edge,6,ordinary-first,2,2,358204,0.358204,354572,402671,ordinary,"left,right",2,0.0,0,0.0
chunk_edge,6,ordinary-first,3,1,238319,0.238319,227243,253968,ordinary,"left,right",2,0.0,0,0.0
chunk_edge,6,ordinary-first,4,1,261502,0.261502,230609,262821,ordinary,"left,right",2,0.0,0,0.0
chunk_edge,8,dynamic,1,1,11214,0.011214,11159,11351,joint,"right,left",1,1.0,1,1.0
chunk_edge,8,dynamic,1,2,125202,0.125202,123173,129390,joint,"right,left",1,0.0,0,0.0
chunk_edge,8,dynamic,1,3,127995,0.127995,124623,128914,joint,"left,right",1,0.0,0,0.0
chunk_edge,8,dynamic,1,4,127856,0.127856,123834,128435,joint,"right,left",1,0.0,0,0.0
chunk_edge,8,dynamic,1,5,129518,0.129518,125561,131704,joint,"right,left",1,0.0,0,0.0
chunk_edge,8,dynamic,1,6,124587,0.124587,123081,138647,joint,"left,right",1,0.0,0,0.0
chunk_edge,8,dynamic,1,7,126525,0.126525,122751,159751,joint,"left,right",1,0.0,0,0.0
chunk_edge,8,dynamic,2,1,132310,0.13231,127755,133588,joint,"right,left",1,0.0,0,0.0
chunk_edge,8,dynamic,2,2,247584,0.247584,243021,251833,joint,"left,right",1,0.0,0,0.0
chunk_edge,8,dynamic,2,3,243737,0.243737,243269,261586,joint,"right,left",1,0.0,0,0.0
chunk_edge,8,dynamic,2,4,256080,0.25608,248173,257330,joint,"right,left",1,0.0,0,0.0
chunk_edge,8,dynamic,2,5,252030,0.25203,248095,260856,joint,"left,right",1,0.0,0,0.0
chunk_edge,8,dynamic,2,6,247667,0.247667,245032,256365,joint,"left,right",1,0.0,0,0.0
chunk_edge,8,dynamic,2,7,244462,0.244462,243002,280952,joint,"right,left",1,0.0,0,0.0
chunk_edge,8,dynamic,3,1,126405,0.126405,125028,130263,joint,"left,right",1,0.0,0,0.0
chunk_edge,8,dynamic,3,2,247205,0.247205,245381,279912,joint,"right,left",1,0.0,0,0.0
chunk_edge,8,dynamic,3,3,252627,0.252627,243949,254546,joint,"right,left",1,0.0,0,0.0
chunk_edge,8,dynamic,3,4,253637,0.253637,245528,257689,joint,"left,right",1,0.0,0,0.0
chunk_edge,8,dynamic,3,5,245234,0.245234,242076,257627,joint,"right,left",1,0.0,0,0.0
chunk_edge,8,dynamic,3,6,254151,0.254151,244490,309705,joint,"left,right",1,0.0,0,0.0
chunk_edge,8,dynamic,3,7,253114,0.253114,250524,273538,joint,"right,left",1,0.0,0,0.0
chunk_edge,8,dynamic,4,1,126202,0.126202,124054,129665,joint,"left,right",1,0.0,0,0.0
chunk_edge,8,dynamic,4,2,256962,0.256962,241285,264658,joint,"left,right",1,0.0,0,0.0
chunk_edge,8,dynamic,4,3,248880,0.24888,247109,256687,joint,"left,right",1,0.0,0,0.0
chunk_edge,8,dynamic,4,4,250065,0.250065,248256,251049,joint,"left,right",1,0.0,0,0.0
chunk_edge,8,dynamic,4,5,246474,0.246474,240991,255235,joint,"right,left",1,0.0,0,0.0
chunk_edge,8,dynamic,4,6,246776,0.246776,246647,248935,joint,"left,right",1,0.0,0,0.0
chunk_edge,8,dynamic,4,7,253481,0.253481,252600,258387,joint,"right,left",1,0.0,0,0.0
chunk_edge,8,dynamic,5,1,129811,0.129811,124284,130906,joint,"right,left",1,0.0,0,0.0
chunk_edge,8,dynamic,5,2,245887,0.245887,237997,256531,joint,"right,left",1,0.0,0,0.0
chunk_edge,8,dynamic,5,3,252196,0.252196,244819,256769,joint,"left,right",1,0.0,0,0.0
chunk_edge,8,dynamic,5,4,253362,0.253362,252857,296553,joint,"left,right",1,0.0,0,0.0
chunk_edge,8,dynamic,5,5,247530,0.24753,241285,259339,joint,"left,right",1,0.0,0,0.0
chunk_edge,8,dynamic,5,6,247190,0.24719,242442,275605,joint,"left,right",1,0.0,0,0.0
chunk_edge,8,dynamic,5,7,247434,0.247434,238374,287300,joint,"left,right",1,0.0,0,0.0
chunk_edge,8,dynamic,6,1,130015,0.130015,124137,156437,joint,"left,right",1,0.0,0,0.0
chunk_edge,8,dynamic,6,2,256330,0.25633,248219,271839,joint,"right,left",1,0.0,0,0.0
chunk_edge,8,dynamic,6,3,249790,0.24979,246579,253114,joint,"right,left",1,0.0,0,0.0
chunk_edge,8,dynamic,6,4,249110,0.24911,247493,304928,joint,"left,right",1,0.0,0,0.0
chunk_edge,8,dynamic,6,5,246539,0.246539,243095,265971,joint,"left,right",1,0.0,0,0.0
chunk_edge,8,dynamic,6,6,253417,0.253417,250074,289537,joint,"right,left",1,0.0,0,0.0
chunk_edge,8,dynamic,6,7,258798,0.258798,255088,259272,joint,"right,left",1,0.0,0,0.0
chunk_edge,8,dynamic,7,1,128463,0.128463,127544,130869,joint,"left,right",1,0.0,0,0.0
chunk_edge,8,dynamic,7,2,253918,0.253918,246851,262298,joint,"left,right",1,0.0,0,0.0
chunk_edge,8,dynamic,7,3,254543,0.254543,242085,287319,joint,"left,right",1,0.0,0,0.0
chunk_edge,8,dynamic,7,4,244985,0.244985,243058,247796,joint,"left,right",1,0.0,0,0.0
chunk_edge,8,dynamic,7,5,243122,0.243122,237409,314760,joint,"left,right",1,0.0,0,0.0
chunk_edge,8,dynamic,7,6,250304,0.250304,245361,254863,joint,"left,right",1,0.0,0,0.0
chunk_edge,8,dynamic,7,7,244077,0.244077,236785,247567,joint,"left,right",1,0.0,0,0.0
chunk_edge,8,ordinary-first,1,1,174850,0.17485,171121,176126,ordinary,"left,right",2,1.0,1,1.0
chunk_edge,8,ordinary-first,1,2,303243,0.303243,298587,315729,ordinary,"left,right",2,0.0,0,0.0
chunk_edge,8,ordinary-first,1,3,306269,0.306269,293586,314222,ordinary,"left,right",2,0.0,0,0.0
chunk_edge,8,ordinary-first,1,4,299798,0.299798,298459,300595,ordinary,"left,right",2,0.0,0,0.0
chunk_edge,8,ordinary-first,1,5,303340,0.30334,296866,318466,ordinary,"left,right",2,0.0,0,0.0
chunk_edge,8,ordinary-first,1,6,310315,0.310315,301044,312900,ordinary,"left,right",2,0.0,0,0.0
chunk_edge,8,ordinary-first,2,1,263574,0.263574,263005,266348,ordinary,"left,right",2,0.0,0,0.0
chunk_edge,8,ordinary-first,2,2,422242,0.422242,394682,465724,ordinary,"left,right",2,0.0,0,0.0
chunk_edge,8,ordinary-first,2,3,409963,0.409963,387371,412232,ordinary,"left,right",2,0.0,0,0.0
chunk_edge,8,ordinary-first,2,4,404875,0.404875,392312,423197,ordinary,"left,right",2,0.0,0,0.0
chunk_edge,8,ordinary-first,3,1,264419,0.264419,262821,300346,ordinary,"left,right",2,0.0,0,0.0
chunk_edge,8,ordinary-first,3,2,400230,0.40023,390889,433529,ordinary,"left,right",2,0.0,0,0.0
chunk_edge,8,ordinary-first,3,3,395765,0.395765,393350,424914,ordinary,"left,right",2,0.0,0,0.0
chunk_edge,8,ordinary-first,4,1,270356,0.270356,255355,313818,ordinary,"left,right",2,0.0,0,0.0
chunk_edge,8,ordinary-first,4,2,395531,0.395531,390040,424382,ordinary,"left,right",2,0.0,0,0.0
chunk_edge,8,ordinary-first,5,1,264897,0.264897,256696,288495,ordinary,"left,right",2,0.0,0,0.0
chunk_edge,8,ordinary-first,6,1,263326,0.263326,261067,283068,ordinary,"left,right",2,0.0,0,0.0
large_arrays,2,dynamic,1,1,5560324,5.560324,5554860,5662706,ordinary,"left,right",2,1.0,1,1.0
large_arrays,2,ordinary-first,1,1,5601989,5.601989,5566028,5610133,ordinary,"left,right",2,1.0,1,1.0
large_arrays,4,dynamic,1,1,5753177,5.753177,5712892,6084119,ordinary,"left,right",2,0.0,0,0.0
large_arrays,4,dynamic,1,2,5814076,5.814076,5779647,5914238,joint,"right,left",2,0.0,0,0.0
large_arrays,4,dynamic,1,3,8111641,8.111641,7825983,8154333,joint,"left,right",1,0.0,0,0.0
large_arrays,4,dynamic,2,1,5254566,5.254566,5237010,5596330,joint,"right,left",2,1.0,0,1.0
large_arrays,4,dynamic,2,2,7269547,7.269547,7256520,7304838,joint,"right,left",1,0.0,0,0.0
large_arrays,4,dynamic,2,3,6278669,6.278669,6140255,6528554,joint,"right,left",1,0.0,0,0.0
large_arrays,4,dynamic,3,1,7418600,7.4186,7407696,7519504,joint,"right,left",1,0.0,0,0.0
large_arrays,4,dynamic,3,2,6367353,6.367353,6218573,6412642,joint,"left,right",1,0.0,0,0.0
large_arrays,4,dynamic,3,3,5201728,5.201728,5142554,5370800,joint,"left,right",1,0.0,1,0.0
large_arrays,4,ordinary-first,1,1,5768179,5.768179,5747165,5836500,ordinary,"left,right",2,0.0,0,0.0
large_arrays,4,ordinary-first,1,2,5886509,5.886509,5587595,5943335,ordinary,"left,right",2,0.0,0,0.0
large_arrays,4,ordinary-first,2,1,5311150,5.31115,5223303,5370417,ordinary,"left,right",2,1.0,1,1.0
large_arrays,6,dynamic,1,1,5847149,5.847149,5648271,6182445,joint,"right,left",2,0.0,0,0.0
large_arrays,6,dynamic,1,2,5817176,5.817176,5654932,6038987,ordinary,"left,right",2,0.0,0,0.0
large_arrays,6,dynamic,1,3,5820379,5.820379,5793709,8642059,joint,"left,right",2,0.0,0,0.0
large_arrays,6,dynamic,1,4,5750656,5.750656,5657510,6359568,joint,"right,left",2,0.0,0,0.0
large_arrays,6,dynamic,1,5,8515140,8.51514,8037832,8597468,joint,"left,right",1,0.0,0,0.0
large_arrays,6,dynamic,2,1,5556489,5.556489,5372911,5828605,joint,"right,left",2,1.0,0,1.0
large_arrays,6,dynamic,2,2,7811720,7.81172,7329503,7958241,joint,"right,left",1,0.0,0,0.0
large_arrays,6,dynamic,2,3,6555794,6.555794,6434551,6782176,joint,"right,left",1,0.0,0,0.0
large_arrays,6,dynamic,2,4,6614597,6.614597,6211017,6697282,joint,"right,left",1,0.0,0,0.0
large_arrays,6,dynamic,2,5,6633284,6.633284,6554926,6797218,joint,"left,right",1,0.0,0,0.0
large_arrays,6,dynamic,3,1,5368308,5.368308,5307486,5644459,joint,"left,right",2,0.0,0,0.0
large_arrays,6,dynamic,3,2,6619132,6.619132,6435194,6750294,joint,"right,left",1,0.0,0,0.0
large_arrays,6,dynamic,3,3,5519370,5.51937,5299486,5580107,joint,"right,left",1,0.0,0,0.0
large_arrays,6,dynamic,3,4,5588506,5.588506,5526377,5811572,joint,"right,left",1,0.0,0,0.0
large_arrays,6,dynamic,3,5,5533275,5.533275,5345916,5583227,joint,"right,left",1,0.0,0,0.0
large_arrays,6,dynamic,4,1,5585795,5.585795,5254783,5797236,ordinary,"left,right",2,0.0,0,0.0
large_arrays,6,dynamic,4,2,6439263,6.439263,6351322,6964326,joint,"right,left",1,0.0,0,0.0
large_arrays,6,dynamic,4,3,5486766,5.486766,5364339,6217667,joint,"left,right",1,0.0,0,0.0
large_arrays,6,dynamic,4,4,5791777,5.791777,5424543,5855447,joint,"right,left",1,0.0,0,0.0
large_arrays,6,dynamic,4,5,5795472,5.795472,5591938,6284157,joint,"left,right",1,0.0,0,0.0
large_arrays,6,dynamic,5,1,7600394,7.600394,7526728,8198146,joint,"left,right",1,0.0,0,0.0
large_arrays,6,dynamic,5,2,6329158,6.329158,6326763,6862064,joint,"right,left",1,0.0,0,0.0
large_arrays,6,dynamic,5,3,5088376,5.088376,5041229,5709990,joint,"left,right",1,0.0,1,0.0
large_arrays,6,dynamic,5,4,5690488,5.690488,5628966,6807631,joint,"left,right",1,0.0,0,0.0
large_arrays,6,dynamic,5,5,5786866,5.786866,5266569,5834979,joint,"right,left",1,0.0,0,0.0
large_arrays,6,ordinary-first,1,1,6156611,6.156611,5919802,6233475,ordinary,"left,right",2,0.0,0,0.0
large_arrays,6,ordinary-first,1,2,6201273,6.201273,6156625,6613680,ordinary,"left,right",2,0.0,0,0.0
large_arrays,6,ordinary-first,1,3,6500850,6.50085,6092769,6907606,ordinary,"left,right",2,0.0,0,0.0
large_arrays,6,ordinary-first,1,4,6239462,6.239462,5849572,6334087,ordinary,"left,right",2,0.0,0,0.0
large_arrays,6,ordinary-first,2,1,5762771,5.762771,5733527,6789518,ordinary,"left,right",2,1.0,1,1.0
large_arrays,6,ordinary-first,2,2,8077051,8.077051,7594006,8209206,ordinary,"left,right",2,0.0,0,0.0
large_arrays,6,ordinary-first,3,1,5857695,5.857695,5677455,5900462,ordinary,"left,right",2,0.0,0,0.0
large_arrays,6,ordinary-first,4,1,5851240,5.85124,5689323,5899580,ordinary,"left,right",2,0.0,0,0.0
large_arrays,8,dynamic,1,1,5772035,5.772035,5741002,6359438,joint,"right,left",2,0.0,0,0.0
large_arrays,8,dynamic,1,2,5763823,5.763823,5733481,8907730,ordinary,"left,right",2,0.0,0,0.0
large_arrays,8,dynamic,1,3,5685961,5.685961,5662922,6137921,ordinary,"left,right",2,0.0,0,0.0
large_arrays,8,dynamic,1,4,5800843,5.800843,5770105,6188444,ordinary,"left,right",2,0.0,0,0.0
large_arrays,8,dynamic,1,5,5884148,5.884148,5818795,6701774,joint,"left,right",2,0.0,0,0.0
large_arrays,8,dynamic,1,6,5891837,5.891837,5888283,6442942,joint,"left,right",2,0.0,0,0.0
large_arrays,8,dynamic,1,7,9059688,9.059688,8879980,9111397,joint,"left,right",1,0.0,0,0.0
large_arrays,8,dynamic,2,1,5223920,5.22392,5202760,5776210,joint,"right,left",2,0.0,0,0.0
large_arrays,8,dynamic,2,2,7285073,7.285073,7256094,7840579,joint,"right,left",1,0.0,0,0.0
large_arrays,8,dynamic,2,3,6621360,6.62136,6318789,7050830,ordinary,"left,right",2,0.0,0,0.0
large_arrays,8,dynamic,2,4,6107288,6.107288,6060033,6682054,joint,"right,left",1,0.0,0,0.0
large_arrays,8,dynamic,2,5,6555487,6.555487,6223215,6737766,joint,"right,left",1,0.0,0,0.0
large_arrays,8,dynamic,2,6,6816669,6.816669,6462817,7444895,joint,"left,right",1,0.0,0,0.0
large_arrays,8,dynamic,2,7,6792352,6.792352,6764707,6960780,joint,"left,right",1,0.0,0,0.0
large_arrays,8,dynamic,3,1,5328968,5.328968,5234499,5812054,ordinary,"left,right",2,0.0,0,0.0
large_arrays,8,dynamic,3,2,6520346,6.520346,6396367,7014299,joint,"left,right",2,0.0,0,0.0
large_arrays,8,dynamic,3,3,5209667,5.209667,5160093,5527747,joint,"left,right",1,1.0,0,1.0
large_arrays,8,dynamic,3,4,5273824,5.273824,5140292,5460550,joint,"left,right",1,0.0,0,0.0
large_arrays,8,dynamic,3,5,5301562,5.301562,5004920,5684300,joint,"right,left",1,0.0,0,0.0
large_arrays,8,dynamic,3,6,5482572,5.482572,5395974,5766551,joint,"left,right",1,0.0,0,0.0
large_arrays,8,dynamic,3,7,6057197,6.057197,5801376,7406440,joint,"left,right",1,0.0,0,0.0
large_arrays,8,dynamic,4,1,5225765,5.225765,5193870,5675944,joint,"left,right",2,0.0,0,0.0
large_arrays,8,dynamic,4,2,6349014,6.349014,6325708,7005845,joint,"left,right",1,0.0,0,0.0
large_arrays,8,dynamic,4,3,5131454,5.131454,5095952,5720030,joint,"left,right",1,0.0,0,0.0
large_arrays,8,dynamic,4,4,5528232,5.528232,5241152,6427397,joint,"left,right",1,0.0,0,0.0
large_arrays,8,dynamic,4,5,5269049,5.269049,5061063,5369211,joint,"left,right",1,0.0,0,0.0
large_arrays,8,dynamic,4,6,5771462,5.771462,5145445,7914394,joint,"left,right",1,0.0,0,0.0
large_arrays,8,dynamic,4,7,5868831,5.868831,5837032,6416031,joint,"right,left",1,0.0,0,0.0
large_arrays,8,dynamic,5,1,5621921,5.621921,5404170,5718335,joint,"left,right",2,0.0,0,0.0
large_arrays,8,dynamic,5,2,6438142,6.438142,6120815,6630614,joint,"left,right",1,0.0,0,0.0
large_arrays,8,dynamic,5,3,5120336,5.120336,5081442,5217417,joint,"right,left",1,0.0,1,0.0
large_arrays,8,dynamic,5,4,5299535,5.299535,5074963,5543537,joint,"right,left",1,0.0,0,0.0
large_arrays,8,dynamic,5,5,5272153,5.272153,5005997,5344856,joint,"right,left",1,0.0,0,0.0
large_arrays,8,dynamic,5,6,5983914,5.983914,5631270,6463984,joint,"left,right",1,0.0,0,0.0
large_arrays,8,dynamic,5,7,6735567,6.735567,5842556,7442490,joint,"left,right",1,0.0,0,0.0
large_arrays,8,dynamic,6,1,5271525,5.271525,5195138,5863904,ordinary,"left,right",2,0.0,0,0.0
large_arrays,8,dynamic,6,2,7657072,7.657072,7064117,7818579,joint,"right,left",1,0.0,0,0.0
large_arrays,8,dynamic,6,3,6041652,6.041652,6012502,6151443,joint,"left,right",1,0.0,0,0.0
large_arrays,8,dynamic,6,4,5412883,5.412883,5333919,5867243,joint,"right,left",1,0.0,0,0.0
large_arrays,8,dynamic,6,5,6154998,6.154998,6059674,6609262,joint,"left,right",1,0.0,0,0.0
large_arrays,8,dynamic,6,6,6084888,6.084888,6062775,6568941,joint,"right,left",1,0.0,0,0.0
large_arrays,8,dynamic,6,7,6750959,6.750959,6664192,6871605,joint,"right,left",1,0.0,0,0.0
large_arrays,8,dynamic,7,1,8689901,8.689901,8347116,8878071,joint,"right,left",1,0.0,0,0.0
large_arrays,8,dynamic,7,2,7197328,7.197328,7011925,7691706,joint,"right,left",1,0.0,0,0.0
large_arrays,8,dynamic,7,3,5916046,5.916046,5875664,6366956,joint,"right,left",1,0.0,0,0.0
large_arrays,8,dynamic,7,4,5834283,5.834283,5566235,6269703,joint,"right,left",1,0.0,0,0.0
large_arrays,8,dynamic,7,5,6267676,6.267676,5805859,7749852,joint,"left,right",1,0.0,0,0.0
large_arrays,8,dynamic,7,6,6793517,6.793517,6648980,7308403,joint,"left,right",1,0.0,0,0.0
large_arrays,8,dynamic,7,7,6692497,6.692497,6671668,7175972,joint,"left,right",1,0.0,0,0.0
large_arrays,8,ordinary-first,1,1,5693393,5.693393,5688370,6077749,ordinary,"left,right",2,0.0,0,0.0
large_arrays,8,ordinary-first,1,2,5822177,5.822177,5791679,5949097,ordinary,"left,right",2,0.0,0,0.0
large_arrays,8,ordinary-first,1,3,5694433,5.694433,5673308,5789290,ordinary,"left,right",2,0.0,0,0.0
large_arrays,8,ordinary-first,1,4,5732095,5.732095,5711880,5794103,ordinary,"left,right",2,0.0,0,0.0
large_arrays,8,ordinary-first,1,5,5755972,5.755972,5699005,5836110,ordinary,"left,right",2,0.0,0,0.0
large_arrays,8,ordinary-first,1,6,5791541,5.791541,5750875,5955644,ordinary,"left,right",2,0.0,0,0.0
large_arrays,8,ordinary-first,2,1,5213365,5.213365,5169016,5398614,ordinary,"left,right",2,0.0,0,0.0
large_arrays,8,ordinary-first,2,2,7504391,7.504391,7438999,7555243,ordinary,"left,right",2,0.0,0,0.0
large_arrays,8,ordinary-first,2,3,6401536,6.401536,6328070,6537795,ordinary,"left,right",2,0.0,0,0.0
large_arrays,8,ordinary-first,2,4,6567109,6.567109,6373673,6724910,ordinary,"left,right",2,0.0,0,0.0
large_arrays,8,ordinary-first,3,1,5205340,5.20534,5172747,5352390,ordinary,"left,right",2,0.0,1,0.0
large_arrays,8,ordinary-first,3,2,6703728,6.703728,6514391,7023148,ordinary,"left,right",2,0.0,0,0.0
large_arrays,8,ordinary-first,3,3,5388759,5.388759,5323210,5697306,ordinary,"left,right",2,1.0,0,1.0
large_arrays,8,ordinary-first,4,1,5298177,5.298177,5254980,5629539,ordinary,"left,right",2,0.0,0,0.0
large_arrays,8,ordinary-first,4,2,6645676,6.645676,6472904,6663356,ordinary,"left,right",2,0.0,0,0.0
large_arrays,8,ordinary-first,5,1,5461913,5.461913,5216967,5550678,ordinary,"left,right",2,0.0,0,0.0
large_arrays,8,ordinary-first,6,1,5337857,5.337857,5262574,5564619,ordinary,"left,right",2,0.0,0,0.0
mixed_compute,4,dynamic,1,1,1410328,1.410328,1362054,1633812,joint,"ordinary1,right,ordinary2,left,ordinary3; backfill=1",2,0.0,0,0.0
mixed_compute,4,dynamic,1,2,1359583,1.359583,1341041,1596261,joint,"left,ordinary1,ordinary2,ordinary3,right; backfill=1",2,0.3333333333333333,0,0.3333333333333333
mixed_compute,4,dynamic,1,3,1735915,1.735915,1677764,1992142,joint,"ordinary1,left,ordinary2,right,ordinary3; backfill=0",1,0.0,0,0.0
mixed_compute,4,dynamic,2,1,1320919,1.320919,1313696,1500327,joint,"ordinary1,ordinary2,right,ordinary3,left; backfill=0",2,0.6666666666666666,0,0.6666666666666666
mixed_compute,4,dynamic,2,2,1441759,1.441759,1318982,2029106,joint,"left,ordinary1,ordinary2,right,ordinary3; backfill=1",1,0.0,0,0.0
mixed_compute,4,dynamic,2,3,1147403,1.147403,1134370,1443718,joint,"ordinary1,ordinary2,left,right,ordinary3; backfill=0",1,0.0,0,0.0
mixed_compute,4,dynamic,3,1,1701256,1.701256,1586652,2143436,joint,"ordinary1,left,ordinary2,right,ordinary3; backfill=0",1,0.0,0,0.0
mixed_compute,4,dynamic,3,2,1168480,1.16848,1154510,1378044,joint,"ordinary1,ordinary2,left,right,ordinary3; backfill=0",1,0.0,0,0.0
mixed_compute,4,dynamic,3,3,935642,0.935642,930435,1137625,joint,"ordinary1,right,left,ordinary2,ordinary3; backfill=0",1,0.0,1,0.0
mixed_compute,4,ordinary-first,1,1,1410328,1.410328,1362054,1633812,joint,"ordinary1,right,ordinary2,left,ordinary3; backfill=1",2,0.0,0,0.0
mixed_compute,4,ordinary-first,1,2,1359583,1.359583,1341041,1596261,joint,"left,ordinary1,ordinary2,ordinary3,right; backfill=1",2,0.6666666666666666,0,0.6666666666666666
mixed_compute,4,ordinary-first,1,3,1735915,1.735915,1677764,1992142,joint,"ordinary1,left,ordinary2,right,ordinary3; backfill=0",1,0.0,0,0.0
mixed_compute,4,ordinary-first,2,1,1320919,1.320919,1313696,1500327,joint,"ordinary1,ordinary2,right,ordinary3,left; backfill=0",2,0.3333333333333333,0,0.3333333333333333
mixed_compute,4,ordinary-first,2,2,1441759,1.441759,1318982,2029106,joint,"left,ordinary1,ordinary2,right,ordinary3; backfill=1",1,0.0,0,0.0
mixed_compute,4,ordinary-first,2,3,1147403,1.147403,1134370,1443718,joint,"ordinary1,ordinary2,left,right,ordinary3; backfill=0",1,0.0,0,0.0
mixed_compute,4,ordinary-first,3,1,1701256,1.701256,1586652,2143436,joint,"ordinary1,left,ordinary2,right,ordinary3; backfill=0",1,0.0,0,0.0
mixed_compute,4,ordinary-first,3,2,1168480,1.16848,1154510,1378044,joint,"ordinary1,ordinary2,left,right,ordinary3; backfill=0",1,0.0,0,0.0
mixed_compute,4,ordinary-first,3,3,935642,0.935642,930435,1137625,joint,"ordinary1,right,left,ordinary2,ordinary3; backfill=0",1,0.0,1,0.0
mixed_compute,6,dynamic,1,1,1385390,1.38539,1370003,1590333,joint,"right,ordinary1,left,ordinary2,ordinary3; backfill=1",2,1.0,0,1.0
mixed_compute,6,dynamic,1,2,1372098,1.372098,1370962,1405723,joint,"right,ordinary1,ordinary2,ordinary3,left; backfill=0",2,0.0,0,0.0
mixed_compute,6,dynamic,1,3,1356544,1.356544,1351382,1673868,joint,"ordinary1,right,ordinary2,left,ordinary3; backfill=1",2,0.0,0,0.0
mixed_compute,6,dynamic,1,4,1363389,1.363389,1359441,1522450,joint,"left,ordinary1,ordinary2,ordinary3,right; backfill=1",2,0.0,0,0.0
mixed_compute,6,dynamic,1,5,1522724,1.522724,1517394,1888526,joint,"ordinary1,right,ordinary2,left,ordinary3; backfill=1",1,0.0,0,0.0
mixed_compute,6,dynamic,2,1,1343734,1.343734,1326026,1386468,joint,"right,left,ordinary1,ordinary2,ordinary3; backfill=0",2,0.0,0,0.0
mixed_compute,6,dynamic,2,2,1462279,1.462279,1392921,1594746,joint,"ordinary1,ordinary2,right,ordinary3,left; backfill=1",1,0.0,0,0.0
mixed_compute,6,dynamic,2,3,1237669,1.237669,1208198,1283757,joint,"ordinary1,ordinary2,right,left,ordinary3; backfill=1",1,0.0,0,0.0
mixed_compute,6,dynamic,2,4,1114128,1.114128,1081783,1632129,joint,"ordinary1,ordinary2,ordinary3,left,right; backfill=0",1,0.0,0,0.0
mixed_compute,6,dynamic,2,5,1031998,1.031998,1009727,1284822,joint,"left,ordinary1,ordinary2,ordinary3,right; backfill=0",1,0.0,0,0.0
mixed_compute,6,dynamic,3,1,1334493,1.334493,1328543,1451322,joint,"left,ordinary1,ordinary2,right,ordinary3; backfill=0",2,0.0,0,0.0
mixed_compute,6,dynamic,3,2,1222436,1.222436,1206522,1376342,joint,"right,left,ordinary1,ordinary2,ordinary3; backfill=1",1,0.0,0,0.0
mixed_compute,6,dynamic,3,3,1000498,1.000498,992527,1220258,joint,"left,ordinary1,ordinary2,ordinary3,right; backfill=1",1,0.0,0,0.0
mixed_compute,6,dynamic,3,4,910415,0.910415,907959,1250822,joint,"left,ordinary1,ordinary2,right,ordinary3; backfill=1",1,0.0,0,0.0
mixed_compute,6,dynamic,3,5,858753,0.858753,847720,1106531,joint,"ordinary1,ordinary2,ordinary3,left,right; backfill=1",1,0.0,0,0.0
mixed_compute,6,dynamic,4,1,1359079,1.359079,1341666,1367544,joint,"ordinary1,ordinary2,right,left,ordinary3; backfill=1",2,0.0,0,0.0
mixed_compute,6,dynamic,4,2,1116719,1.116719,1095614,1285322,joint,"right,ordinary1,ordinary2,left,ordinary3; backfill=0",1,0.0,0,0.0
mixed_compute,6,dynamic,4,3,900212,0.900212,879483,1130085,joint,"right,ordinary1,ordinary2,left,ordinary3; backfill=1",1,0.0,0,0.0
mixed_compute,6,dynamic,4,4,797042,0.797042,785469,810293,joint,"ordinary1,left,ordinary2,ordinary3,right; backfill=0",1,0.0,0,0.0
mixed_compute,6,dynamic,4,5,751060,0.75106,747692,793057,joint,"left,ordinary1,ordinary2,right,ordinary3; backfill=1",1,0.0,0,0.0
mixed_compute,6,dynamic,5,1,1520451,1.520451,1517663,1578021,joint,"ordinary1,ordinary2,right,ordinary3,left; backfill=1",1,0.0,0,0.0
mixed_compute,6,dynamic,5,2,1040921,1.040921,1034800,1327176,joint,"right,ordinary1,ordinary2,left,ordinary3; backfill=1",1,0.0,0,0.0
mixed_compute,6,dynamic,5,3,830075,0.830075,827606,897411,joint,"ordinary1,left,ordinary2,ordinary3,right; backfill=1",1,0.0,0,0.0
mixed_compute,6,dynamic,5,4,742033,0.742033,722708,1042551,joint,"right,left,ordinary1,ordinary2,ordinary3; backfill=0",1,0.0,0,0.0
mixed_compute,6,dynamic,5,5,671333,0.671333,665915,812167,joint,"ordinary1,left,ordinary2,ordinary3,right; backfill=0",1,0.0,1,0.0
mixed_compute,6,ordinary-first,1,1,1385390,1.38539,1370003,1590333,joint,"right,ordinary1,left,ordinary2,ordinary3; backfill=1",2,1.0,0,1.0
mixed_compute,6,ordinary-first,1,2,1372098,1.372098,1370962,1405723,joint,"right,ordinary1,ordinary2,ordinary3,left; backfill=0",2,0.0,0,0.0
mixed_compute,6,ordinary-first,1,3,1356544,1.356544,1351382,1673868,joint,"ordinary1,right,ordinary2,left,ordinary3; backfill=1",2,0.0,0,0.0
mixed_compute,6,ordinary-first,1,4,1363389,1.363389,1359441,1522450,joint,"left,ordinary1,ordinary2,ordinary3,right; backfill=1",2,0.0,0,0.0
mixed_compute,6,ordinary-first,1,5,1522724,1.522724,1517394,1888526,joint,"ordinary1,right,ordinary2,left,ordinary3; backfill=1",1,0.0,0,0.0
mixed_compute,6,ordinary-first,2,1,1343734,1.343734,1326026,1386468,joint,"right,left,ordinary1,ordinary2,ordinary3; backfill=0",2,0.0,0,0.0
mixed_compute,6,ordinary-first,2,2,1462279,1.462279,1392921,1594746,joint,"ordinary1,ordinary2,right,ordinary3,left; backfill=1",1,0.0,0,0.0
mixed_compute,6,ordinary-first,2,3,1237669,1.237669,1208198,1283757,joint,"ordinary1,ordinary2,right,left,ordinary3; backfill=1",1,0.0,0,0.0
mixed_compute,6,ordinary-first,2,4,1114128,1.114128,1081783,1632129,joint,"ordinary1,ordinary2,ordinary3,left,right; backfill=0",1,0.0,0,0.0
mixed_compute,6,ordinary-first,2,5,1031998,1.031998,1009727,1284822,joint,"left,ordinary1,ordinary2,ordinary3,right; backfill=0",1,0.0,0,0.0
mixed_compute,6,ordinary-first,3,1,1334493,1.334493,1328543,1451322,joint,"left,ordinary1,ordinary2,right,ordinary3; backfill=0",2,0.0,0,0.0
mixed_compute,6,ordinary-first,3,2,1222436,1.222436,1206522,1376342,joint,"right,left,ordinary1,ordinary2,ordinary3; backfill=1",1,0.0,0,0.0
mixed_compute,6,ordinary-first,3,3,1000498,1.000498,992527,1220258,joint,"left,ordinary1,ordinary2,ordinary3,right; backfill=1",1,0.0,0,0.0
mixed_compute,6,ordinary-first,3,4,910415,0.910415,907959,1250822,joint,"left,ordinary1,ordinary2,right,ordinary3; backfill=1",1,0.0,0,0.0
mixed_compute,6,ordinary-first,3,5,858753,0.858753,847720,1106531,joint,"ordinary1,ordinary2,ordinary3,left,right; backfill=1",1,0.0,0,0.0
mixed_compute,6,ordinary-first,4,1,1359079,1.359079,1341666,1367544,joint,"ordinary1,ordinary2,right,left,ordinary3; backfill=1",2,0.0,0,0.0
mixed_compute,6,ordinary-first,4,2,1116719,1.116719,1095614,1285322,joint,"right,ordinary1,ordinary2,left,ordinary3; backfill=0",1,0.0,0,0.0
mixed_compute,6,ordinary-first,4,3,900212,0.900212,879483,1130085,joint,"right,ordinary1,ordinary2,left,ordinary3; backfill=1",1,0.0,0,0.0
mixed_compute,6,ordinary-first,4,4,797042,0.797042,785469,810293,joint,"ordinary1,left,ordinary2,ordinary3,right; backfill=0",1,0.0,0,0.0
mixed_compute,6,ordinary-first,4,5,751060,0.75106,747692,793057,joint,"left,ordinary1,ordinary2,right,ordinary3; backfill=1",1,0.0,0,0.0
mixed_compute,6,ordinary-first,5,1,1520451,1.520451,1517663,1578021,joint,"ordinary1,ordinary2,right,ordinary3,left; backfill=1",1,0.0,0,0.0
mixed_compute,6,ordinary-first,5,2,1040921,1.040921,1034800,1327176,joint,"right,ordinary1,ordinary2,left,ordinary3; backfill=1",1,0.0,0,0.0
mixed_compute,6,ordinary-first,5,3,830075,0.830075,827606,897411,joint,"ordinary1,left,ordinary2,ordinary3,right; backfill=1",1,0.0,0,0.0
mixed_compute,6,ordinary-first,5,4,742033,0.742033,722708,1042551,joint,"right,left,ordinary1,ordinary2,ordinary3; backfill=0",1,0.0,0,0.0
mixed_compute,6,ordinary-first,5,5,671333,0.671333,665915,812167,joint,"ordinary1,left,ordinary2,ordinary3,right; backfill=0",1,0.0,1,0.0
mixed_long_ordinary,4,dynamic,1,1,671220,0.67122,662412,781708,joint,"left,ordinary1,ordinary2,ordinary3,right; backfill=1",3,1.0,1,1.0
mixed_long_ordinary,4,dynamic,1,2,697818,0.697818,694675,731356,joint,"ordinary1,ordinary2,right,left,ordinary3; backfill=1",3,0.0,0,0.0
mixed_long_ordinary,4,dynamic,1,3,785330,0.78533,784811,798111,joint,"left,ordinary1,ordinary2,right,ordinary3; backfill=1",3,0.0,0,0.0
mixed_long_ordinary,4,dynamic,2,1,702195,0.702195,698050,778711,joint,"ordinary1,right,ordinary2,ordinary3,left; backfill=0",3,0.0,0,0.0
mixed_long_ordinary,4,dynamic,2,2,750657,0.750657,750099,756281,joint,"ordinary1,ordinary2,right,left,ordinary3; backfill=1",2,0.0,0,0.0
mixed_long_ordinary,4,dynamic,2,3,828604,0.828604,814714,914326,joint,"ordinary1,left,ordinary2,ordinary3,right; backfill=1",2,0.0,0,0.0
mixed_long_ordinary,4,dynamic,3,1,788398,0.788398,776451,790700,joint,"left,right,ordinary1,ordinary2,ordinary3; backfill=0",3,0.0,0,0.0
mixed_long_ordinary,4,dynamic,3,2,825257,0.825257,816699,848428,joint,"ordinary1,left,ordinary2,right,ordinary3; backfill=1",2,0.0,0,0.0
mixed_long_ordinary,4,dynamic,3,3,836720,0.83672,827610,841033,joint,"ordinary1,ordinary2,left,right,ordinary3; backfill=1",3,0.0,0,0.0
mixed_long_ordinary,4,ordinary-first,1,1,671220,0.67122,662412,781708,joint,"left,ordinary1,ordinary2,ordinary3,right; backfill=1",3,1.0,1,1.0
mixed_long_ordinary,4,ordinary-first,1,2,697818,0.697818,694675,731356,joint,"ordinary1,ordinary2,right,left,ordinary3; backfill=1",3,0.0,0,0.0
mixed_long_ordinary,4,ordinary-first,1,3,785330,0.78533,784811,798111,joint,"left,ordinary1,ordinary2,right,ordinary3; backfill=1",3,0.0,0,0.0
mixed_long_ordinary,4,ordinary-first,2,1,702195,0.702195,698050,778711,joint,"ordinary1,right,ordinary2,ordinary3,left; backfill=0",3,0.0,0,0.0
mixed_long_ordinary,4,ordinary-first,2,2,750657,0.750657,750099,756281,joint,"ordinary1,ordinary2,right,left,ordinary3; backfill=1",2,0.0,0,0.0
mixed_long_ordinary,4,ordinary-first,2,3,828604,0.828604,814714,914326,joint,"ordinary1,left,ordinary2,ordinary3,right; backfill=1",2,0.0,0,0.0
mixed_long_ordinary,4,ordinary-first,3,1,788398,0.788398,776451,790700,joint,"left,right,ordinary1,ordinary2,ordinary3; backfill=0",3,0.0,0,0.0
mixed_long_ordinary,4,ordinary-first,3,2,825257,0.825257,816699,848428,joint,"ordinary1,left,ordinary2,right,ordinary3; backfill=1",2,0.0,0,0.0
mixed_long_ordinary,4,ordinary-first,3,3,836720,0.83672,827610,841033,joint,"ordinary1,ordinary2,left,right,ordinary3; backfill=1",3,0.0,0,0.0
mixed_loop_skew,4,dynamic,1,1,517336,0.517336,510451,520887,joint,"ordinary1,ordinary2,left,ordinary3,right; backfill=1",1,0.0,0,0.0
mixed_loop_skew,4,dynamic,1,2,573111,0.573111,570892,706222,joint,"ordinary1,right,ordinary2,left,ordinary3; backfill=1",1,0.0,0,0.0
mixed_loop_skew,4,dynamic,1,3,570072,0.570072,564742,573671,joint,"ordinary1,ordinary2,right,ordinary3,left; backfill=1",1,0.0,0,0.0
mixed_loop_skew,4,dynamic,2,1,378984,0.378984,372683,391092,joint,"ordinary1,ordinary2,left,right,ordinary3; backfill=1",1,1.0,0,1.0
mixed_loop_skew,4,dynamic,2,2,437258,0.437258,423419,458820,joint,"ordinary1,left,right,ordinary2,ordinary3; backfill=1",1,0.0,0,0.0
mixed_loop_skew,4,dynamic,2,3,428114,0.428114,427941,442786,joint,"left,ordinary1,right,ordinary2,ordinary3; backfill=1",1,0.0,0,0.0
mixed_loop_skew,4,dynamic,3,1,282592,0.282592,281876,310205,joint,"ordinary1,ordinary2,ordinary3,right,left; backfill=1",1,0.0,1,0.0
mixed_loop_skew,4,dynamic,3,2,343833,0.343833,341740,355098,joint,"left,ordinary1,right,ordinary2,ordinary3; backfill=1",1,0.0,0,0.0
mixed_loop_skew,4,dynamic,3,3,342779,0.342779,342119,358954,joint,"ordinary1,right,left,ordinary2,ordinary3; backfill=0",1,0.0,0,0.0
mixed_loop_skew,4,ordinary-first,1,1,517336,0.517336,510451,520887,joint,"ordinary1,ordinary2,left,ordinary3,right; backfill=1",1,0.0,0,0.0
mixed_loop_skew,4,ordinary-first,1,2,573111,0.573111,570892,706222,joint,"ordinary1,right,ordinary2,left,ordinary3; backfill=1",1,0.0,0,0.0
mixed_loop_skew,4,ordinary-first,1,3,570072,0.570072,564742,573671,joint,"ordinary1,ordinary2,right,ordinary3,left; backfill=1",1,0.0,0,0.0
mixed_loop_skew,4,ordinary-first,2,1,378984,0.378984,372683,391092,joint,"ordinary1,ordinary2,left,right,ordinary3; backfill=1",1,1.0,0,1.0
mixed_loop_skew,4,ordinary-first,2,2,437258,0.437258,423419,458820,joint,"ordinary1,left,right,ordinary2,ordinary3; backfill=1",1,0.0,0,0.0
mixed_loop_skew,4,ordinary-first,2,3,428114,0.428114,427941,442786,joint,"left,ordinary1,right,ordinary2,ordinary3; backfill=1",1,0.0,0,0.0
mixed_loop_skew,4,ordinary-first,3,1,282592,0.282592,281876,310205,joint,"ordinary1,ordinary2,ordinary3,right,left; backfill=1",1,0.0,1,0.0
mixed_loop_skew,4,ordinary-first,3,2,343833,0.343833,341740,355098,joint,"left,ordinary1,right,ordinary2,ordinary3; backfill=1",1,0.0,0,0.0
mixed_loop_skew,4,ordinary-first,3,3,342779,0.342779,342119,358954,joint,"ordinary1,right,left,ordinary2,ordinary3; backfill=0",1,0.0,0,0.0
mixed_loop_skew,6,dynamic,1,1,517477,0.517477,515815,566384,joint,"left,right,ordinary1,ordinary2,ordinary3; backfill=0",1,1.0,0,1.0
mixed_loop_skew,6,dynamic,1,2,609194,0.609194,589984,663747,joint,"right,ordinary1,left,ordinary2,ordinary3; backfill=0",1,0.0,0,0.0
mixed_loop_skew,6,dynamic,1,3,593335,0.593335,581911,617811,joint,"ordinary1,left,ordinary2,right,ordinary3; backfill=0",1,0.0,0,0.0
mixed_loop_skew,6,dynamic,1,4,597235,0.597235,583693,633970,joint,"left,right,ordinary1,ordinary2,ordinary3; backfill=0",1,0.0,0,0.0
mixed_loop_skew,6,dynamic,1,5,593487,0.593487,586935,666033,joint,"ordinary1,ordinary2,right,ordinary3,left; backfill=1",1,0.0,0,0.0
mixed_loop_skew,6,dynamic,2,1,398594,0.398594,392138,423593,joint,"right,ordinary1,ordinary2,left,ordinary3; backfill=0",1,0.0,0,0.0
mixed_loop_skew,6,dynamic,2,2,488682,0.488682,473616,574821,joint,"ordinary1,left,ordinary2,right,ordinary3; backfill=0",1,0.0,0,0.0
mixed_loop_skew,6,dynamic,2,3,482793,0.482793,472390,523920,joint,"ordinary1,right,ordinary2,left,ordinary3; backfill=0",1,0.0,0,0.0
mixed_loop_skew,6,dynamic,2,4,480908,0.480908,479053,506208,joint,"ordinary1,ordinary2,ordinary3,left,right; backfill=0",1,0.0,0,0.0
mixed_loop_skew,6,dynamic,2,5,483646,0.483646,473029,495786,joint,"ordinary1,ordinary2,left,ordinary3,right; backfill=0",1,0.0,0,0.0
mixed_loop_skew,6,dynamic,3,1,305369,0.305369,299399,316703,joint,"ordinary1,left,ordinary2,ordinary3,right; backfill=1",1,0.0,0,0.0
mixed_loop_skew,6,dynamic,3,2,400882,0.400882,397382,429129,joint,"ordinary1,ordinary2,left,ordinary3,right; backfill=1",1,0.0,0,0.0
mixed_loop_skew,6,dynamic,3,3,394588,0.394588,386618,431503,joint,"ordinary1,ordinary2,ordinary3,left,right; backfill=0",1,0.0,0,0.0
mixed_loop_skew,6,dynamic,3,4,389154,0.389154,381659,475606,joint,"right,ordinary1,ordinary2,ordinary3,left; backfill=1",1,0.0,0,0.0
mixed_loop_skew,6,dynamic,3,5,398135,0.398135,397495,461413,joint,"ordinary1,ordinary2,left,ordinary3,right; backfill=0",1,0.0,0,0.0
mixed_loop_skew,6,dynamic,4,1,257460,0.25746,251030,475746,joint,"ordinary1,ordinary2,right,ordinary3,left; backfill=1",1,0.0,0,0.0
mixed_loop_skew,6,dynamic,4,2,344359,0.344359,343060,372974,joint,"right,ordinary1,ordinary2,left,ordinary3; backfill=0",1,0.0,0,0.0
mixed_loop_skew,6,dynamic,4,3,340746,0.340746,338413,370630,joint,"ordinary1,ordinary2,right,ordinary3,left; backfill=1",1,0.0,0,0.0
mixed_loop_skew,6,dynamic,4,4,335180,0.33518,328925,360518,joint,"ordinary1,ordinary2,right,left,ordinary3; backfill=1",1,0.0,0,0.0
mixed_loop_skew,6,dynamic,4,5,336588,0.336588,334257,360904,joint,"ordinary1,right,ordinary2,ordinary3,left; backfill=0",1,0.0,0,0.0
mixed_loop_skew,6,dynamic,5,1,224507,0.224507,214147,368079,joint,"right,ordinary1,ordinary2,left,ordinary3; backfill=0",1,0.0,1,0.0
mixed_loop_skew,6,dynamic,5,2,312386,0.312386,310485,315046,joint,"ordinary1,right,left,ordinary2,ordinary3; backfill=1",1,0.0,0,0.0
mixed_loop_skew,6,dynamic,5,3,310459,0.310459,303698,324622,joint,"right,ordinary1,ordinary2,left,ordinary3; backfill=1",1,0.0,0,0.0
mixed_loop_skew,6,dynamic,5,4,298233,0.298233,293311,309946,joint,"right,ordinary1,ordinary2,left,ordinary3; backfill=0",1,0.0,0,0.0
mixed_loop_skew,6,dynamic,5,5,306302,0.306302,305043,319263,joint,"left,ordinary1,ordinary2,ordinary3,right; backfill=1",1,0.0,0,0.0
mixed_loop_skew,6,ordinary-first,1,1,517477,0.517477,515815,566384,joint,"left,right,ordinary1,ordinary2,ordinary3; backfill=0",1,1.0,0,1.0
mixed_loop_skew,6,ordinary-first,1,2,609194,0.609194,589984,663747,joint,"right,ordinary1,left,ordinary2,ordinary3; backfill=0",1,0.0,0,0.0
mixed_loop_skew,6,ordinary-first,1,3,593335,0.593335,581911,617811,joint,"ordinary1,left,ordinary2,right,ordinary3; backfill=0",1,0.0,0,0.0
mixed_loop_skew,6,ordinary-first,1,4,597235,0.597235,583693,633970,joint,"left,right,ordinary1,ordinary2,ordinary3; backfill=0",1,0.0,0,0.0
mixed_loop_skew,6,ordinary-first,1,5,593487,0.593487,586935,666033,joint,"ordinary1,ordinary2,right,ordinary3,left; backfill=1",1,0.0,0,0.0
mixed_loop_skew,6,ordinary-first,2,1,398594,0.398594,392138,423593,joint,"right,ordinary1,ordinary2,left,ordinary3; backfill=0",1,0.0,0,0.0
mixed_loop_skew,6,ordinary-first,2,2,488682,0.488682,473616,574821,joint,"ordinary1,left,ordinary2,right,ordinary3; backfill=0",1,0.0,0,0.0
mixed_loop_skew,6,ordinary-first,2,3,482793,0.482793,472390,523920,joint,"ordinary1,right,ordinary2,left,ordinary3; backfill=0",1,0.0,0,0.0
mixed_loop_skew,6,ordinary-first,2,4,480908,0.480908,479053,506208,joint,"ordinary1,ordinary2,ordinary3,left,right; backfill=0",1,0.0,0,0.0
mixed_loop_skew,6,ordinary-first,2,5,483646,0.483646,473029,495786,joint,"ordinary1,ordinary2,left,ordinary3,right; backfill=0",1,0.0,0,0.0
mixed_loop_skew,6,ordinary-first,3,1,305369,0.305369,299399,316703,joint,"ordinary1,left,ordinary2,ordinary3,right; backfill=1",1,0.0,0,0.0
mixed_loop_skew,6,ordinary-first,3,2,400882,0.400882,397382,429129,joint,"ordinary1,ordinary2,left,ordinary3,right; backfill=1",1,0.0,0,0.0
mixed_loop_skew,6,ordinary-first,3,3,394588,0.394588,386618,431503,joint,"ordinary1,ordinary2,ordinary3,left,right; backfill=0",1,0.0,0,0.0
mixed_loop_skew,6,ordinary-first,3,4,389154,0.389154,381659,475606,joint,"right,ordinary1,ordinary2,ordinary3,left; backfill=1",1,0.0,0,0.0
mixed_loop_skew,6,ordinary-first,3,5,398135,0.398135,397495,461413,joint,"ordinary1,ordinary2,left,ordinary3,right; backfill=0",1,0.0,0,0.0
mixed_loop_skew,6,ordinary-first,4,1,257460,0.25746,251030,475746,joint,"ordinary1,ordinary2,right,ordinary3,left; backfill=1",1,0.0,0,0.0
mixed_loop_skew,6,ordinary-first,4,2,344359,0.344359,343060,372974,joint,"right,ordinary1,ordinary2,left,ordinary3; backfill=0",1,0.0,0,0.0
mixed_loop_skew,6,ordinary-first,4,3,340746,0.340746,338413,370630,joint,"ordinary1,ordinary2,right,ordinary3,left; backfill=1",1,0.0,0,0.0
mixed_loop_skew,6,ordinary-first,4,4,335180,0.33518,328925,360518,joint,"ordinary1,ordinary2,right,left,ordinary3; backfill=1",1,0.0,0,0.0
mixed_loop_skew,6,ordinary-first,4,5,336588,0.336588,334257,360904,joint,"ordinary1,right,ordinary2,ordinary3,left; backfill=0",1,0.0,0,0.0
mixed_loop_skew,6,ordinary-first,5,1,224507,0.224507,214147,368079,joint,"right,ordinary1,ordinary2,left,ordinary3; backfill=0",1,0.0,1,0.0
mixed_loop_skew,6,ordinary-first,5,2,312386,0.312386,310485,315046,joint,"ordinary1,right,left,ordinary2,ordinary3; backfill=1",1,0.0,0,0.0
mixed_loop_skew,6,ordinary-first,5,3,310459,0.310459,303698,324622,joint,"right,ordinary1,ordinary2,left,ordinary3; backfill=1",1,0.0,0,0.0
mixed_loop_skew,6,ordinary-first,5,4,298233,0.298233,293311,309946,joint,"right,ordinary1,ordinary2,left,ordinary3; backfill=0",1,0.0,0,0.0
mixed_loop_skew,6,ordinary-first,5,5,306302,0.306302,305043,319263,joint,"left,ordinary1,ordinary2,ordinary3,right; backfill=1",1,0.0,0,0.0
mixed_medium_ordinary,4,dynamic,1,1,263097,0.263097,263087,342748,joint,"left,ordinary1,ordinary2,ordinary3,right; backfill=0",1,1.0,0,1.0
mixed_medium_ordinary,4,dynamic,1,2,287461,0.287461,285386,298317,joint,"ordinary1,right,left,ordinary2,ordinary3; backfill=1",1,0.0,0,0.0
mixed_medium_ordinary,4,dynamic,1,3,259322,0.259322,258477,277938,joint,"ordinary1,right,left,ordinary2,ordinary3; backfill=0",1,0.0,0,0.0
mixed_medium_ordinary,4,dynamic,2,1,280270,0.28027,278148,288186,joint,"ordinary1,ordinary2,right,left,ordinary3; backfill=1",1,0.0,0,0.0
mixed_medium_ordinary,4,dynamic,2,2,302431,0.302431,302009,484817,joint,"ordinary1,ordinary2,right,ordinary3,left; backfill=1",1,0.0,0,0.0
mixed_medium_ordinary,4,dynamic,2,3,271528,0.271528,267019,361032,joint,"ordinary1,ordinary2,left,ordinary3,right; backfill=1",1,0.0,0,0.0
mixed_medium_ordinary,4,dynamic,3,1,254601,0.254601,254568,275145,joint,"right,ordinary1,left,ordinary2,ordinary3; backfill=0",1,0.0,0,0.0
mixed_medium_ordinary,4,dynamic,3,2,267238,0.267238,265659,269269,joint,"left,ordinary1,ordinary2,ordinary3,right; backfill=0",1,0.0,0,0.0
mixed_medium_ordinary,4,dynamic,3,3,247989,0.247989,247309,253807,joint,"left,ordinary1,ordinary2,right,ordinary3; backfill=0",1,0.0,1,0.0
mixed_medium_ordinary,4,ordinary-first,1,1,263097,0.263097,263087,342748,joint,"left,ordinary1,ordinary2,ordinary3,right; backfill=0",1,1.0,0,1.0
mixed_medium_ordinary,4,ordinary-first,1,2,287461,0.287461,285386,298317,joint,"ordinary1,right,left,ordinary2,ordinary3; backfill=1",1,0.0,0,0.0
mixed_medium_ordinary,4,ordinary-first,1,3,259322,0.259322,258477,277938,joint,"ordinary1,right,left,ordinary2,ordinary3; backfill=0",1,0.0,0,0.0
mixed_medium_ordinary,4,ordinary-first,2,1,280270,0.28027,278148,288186,joint,"ordinary1,ordinary2,right,left,ordinary3; backfill=1",1,0.0,0,0.0
mixed_medium_ordinary,4,ordinary-first,2,2,302431,0.302431,302009,484817,joint,"ordinary1,ordinary2,right,ordinary3,left; backfill=1",1,0.0,0,0.0
mixed_medium_ordinary,4,ordinary-first,2,3,271528,0.271528,267019,361032,joint,"ordinary1,ordinary2,left,ordinary3,right; backfill=1",1,0.0,0,0.0
mixed_medium_ordinary,4,ordinary-first,3,1,254601,0.254601,254568,275145,joint,"right,ordinary1,left,ordinary2,ordinary3; backfill=0",1,0.0,0,0.0
mixed_medium_ordinary,4,ordinary-first,3,2,267238,0.267238,265659,269269,joint,"left,ordinary1,ordinary2,ordinary3,right; backfill=0",1,0.0,0,0.0
mixed_medium_ordinary,4,ordinary-first,3,3,247989,0.247989,247309,253807,joint,"left,ordinary1,ordinary2,right,ordinary3; backfill=0",1,0.0,1,0.0
mixed_medium_ordinary,6,dynamic,1,1,265393,0.265393,265081,321164,joint,"ordinary1,ordinary2,right,left,ordinary3; backfill=0",1,1.0,0,1.0
mixed_medium_ordinary,6,dynamic,1,2,321753,0.321753,313479,324013,joint,"left,ordinary1,ordinary2,ordinary3,right; backfill=1",1,0.0,0,0.0
mixed_medium_ordinary,6,dynamic,1,3,295267,0.295267,289904,342538,joint,"ordinary1,ordinary2,left,right,ordinary3; backfill=1",1,0.0,0,0.0
mixed_medium_ordinary,6,dynamic,1,4,278471,0.278471,270352,342068,joint,"ordinary1,right,ordinary2,left,ordinary3; backfill=0",1,0.0,0,0.0
mixed_medium_ordinary,6,dynamic,1,5,262104,0.262104,256962,280417,joint,"ordinary1,ordinary2,left,ordinary3,right; backfill=0",1,0.0,0,0.0
mixed_medium_ordinary,6,dynamic,2,1,312148,0.312148,304121,330430,joint,"ordinary1,right,ordinary2,left,ordinary3; backfill=0",1,0.0,0,0.0
mixed_medium_ordinary,6,dynamic,2,2,357946,0.357946,349571,427321,joint,"ordinary1,ordinary2,left,ordinary3,right; backfill=0",1,0.0,0,0.0
mixed_medium_ordinary,6,dynamic,2,3,333424,0.333424,326896,341286,joint,"ordinary1,left,ordinary2,ordinary3,right; backfill=0",1,0.0,0,0.0
mixed_medium_ordinary,6,dynamic,2,4,318704,0.318704,310202,358277,joint,"right,ordinary1,ordinary2,ordinary3,left; backfill=0",1,0.0,0,0.0
mixed_medium_ordinary,6,dynamic,2,5,322231,0.322231,321759,344616,joint,"ordinary1,right,ordinary2,ordinary3,left; backfill=1",1,0.0,0,0.0
mixed_medium_ordinary,6,dynamic,3,1,288761,0.288761,281473,307941,joint,"ordinary1,ordinary2,right,left,ordinary3; backfill=1",1,0.0,0,0.0
mixed_medium_ordinary,6,dynamic,3,2,328281,0.328281,328172,338367,joint,"ordinary1,left,ordinary2,right,ordinary3; backfill=0",1,0.0,0,0.0
mixed_medium_ordinary,6,dynamic,3,3,314674,0.314674,302027,326810,joint,"ordinary1,ordinary2,right,ordinary3,left; backfill=0",1,0.0,0,0.0
mixed_medium_ordinary,6,dynamic,3,4,296625,0.296625,295397,317850,joint,"right,ordinary1,ordinary2,left,ordinary3; backfill=0",1,0.0,0,0.0
mixed_medium_ordinary,6,dynamic,3,5,282529,0.282529,281244,316381,joint,"right,ordinary1,ordinary2,ordinary3,left; backfill=0",1,0.0,0,0.0
mixed_medium_ordinary,6,dynamic,4,1,271445,0.271445,266972,292245,joint,"ordinary1,right,ordinary2,left,ordinary3; backfill=1",1,0.0,0,0.0
mixed_medium_ordinary,6,dynamic,4,2,314773,0.314773,305820,394306,joint,"right,ordinary1,ordinary2,left,ordinary3; backfill=0",1,0.0,0,0.0
mixed_medium_ordinary,6,dynamic,4,3,299134,0.299134,293853,509635,joint,"left,ordinary1,ordinary2,ordinary3,right; backfill=1",1,0.0,0,0.0
mixed_medium_ordinary,6,dynamic,4,4,277783,0.277783,269304,296382,joint,"right,ordinary1,ordinary2,ordinary3,left; backfill=1",1,0.0,0,0.0
mixed_medium_ordinary,6,dynamic,4,5,266155,0.266155,261462,284744,joint,"ordinary1,ordinary2,left,ordinary3,right; backfill=0",1,0.0,0,0.0
mixed_medium_ordinary,6,dynamic,5,1,260874,0.260874,255869,265199,joint,"ordinary1,left,ordinary2,ordinary3,right; backfill=1",1,0.0,0,0.0
mixed_medium_ordinary,6,dynamic,5,2,303358,0.303358,300649,352501,joint,"ordinary1,ordinary2,right,ordinary3,left; backfill=0",1,0.0,0,0.0
mixed_medium_ordinary,6,dynamic,5,3,283778,0.283778,280775,324545,joint,"ordinary1,right,ordinary2,ordinary3,left; backfill=1",1,0.0,0,0.0
mixed_medium_ordinary,6,dynamic,5,4,268093,0.268093,259707,289454,joint,"left,ordinary1,ordinary2,ordinary3,right; backfill=1",1,0.0,0,0.0
mixed_medium_ordinary,6,dynamic,5,5,258817,0.258817,256365,318576,joint,"ordinary1,ordinary2,right,ordinary3,left; backfill=1",1,0.0,1,0.0
mixed_medium_ordinary,6,ordinary-first,1,1,265393,0.265393,265081,321164,joint,"ordinary1,ordinary2,right,left,ordinary3; backfill=0",1,1.0,0,1.0
mixed_medium_ordinary,6,ordinary-first,1,2,321753,0.321753,313479,324013,joint,"left,ordinary1,ordinary2,ordinary3,right; backfill=1",1,0.0,0,0.0
mixed_medium_ordinary,6,ordinary-first,1,3,295267,0.295267,289904,342538,joint,"ordinary1,ordinary2,left,right,ordinary3; backfill=1",1,0.0,0,0.0
mixed_medium_ordinary,6,ordinary-first,1,4,278471,0.278471,270352,342068,joint,"ordinary1,right,ordinary2,left,ordinary3; backfill=0",1,0.0,0,0.0
mixed_medium_ordinary,6,ordinary-first,1,5,262104,0.262104,256962,280417,joint,"ordinary1,ordinary2,left,ordinary3,right; backfill=0",1,0.0,0,0.0
mixed_medium_ordinary,6,ordinary-first,2,1,312148,0.312148,304121,330430,joint,"ordinary1,right,ordinary2,left,ordinary3; backfill=0",1,0.0,0,0.0
mixed_medium_ordinary,6,ordinary-first,2,2,357946,0.357946,349571,427321,joint,"ordinary1,ordinary2,left,ordinary3,right; backfill=0",1,0.0,0,0.0
mixed_medium_ordinary,6,ordinary-first,2,3,333424,0.333424,326896,341286,joint,"ordinary1,left,ordinary2,ordinary3,right; backfill=0",1,0.0,0,0.0
mixed_medium_ordinary,6,ordinary-first,2,4,318704,0.318704,310202,358277,joint,"right,ordinary1,ordinary2,ordinary3,left; backfill=0",1,0.0,0,0.0
mixed_medium_ordinary,6,ordinary-first,2,5,322231,0.322231,321759,344616,joint,"ordinary1,right,ordinary2,ordinary3,left; backfill=1",1,0.0,0,0.0
mixed_medium_ordinary,6,ordinary-first,3,1,288761,0.288761,281473,307941,joint,"ordinary1,ordinary2,right,left,ordinary3; backfill=1",1,0.0,0,0.0
mixed_medium_ordinary,6,ordinary-first,3,2,328281,0.328281,328172,338367,joint,"ordinary1,left,ordinary2,right,ordinary3; backfill=0",1,0.0,0,0.0
mixed_medium_ordinary,6,ordinary-first,3,3,314674,0.314674,302027,326810,joint,"ordinary1,ordinary2,right,ordinary3,left; backfill=0",1,0.0,0,0.0
mixed_medium_ordinary,6,ordinary-first,3,4,296625,0.296625,295397,317850,joint,"right,ordinary1,ordinary2,left,ordinary3; backfill=0",1,0.0,0,0.0
mixed_medium_ordinary,6,ordinary-first,3,5,282529,0.282529,281244,316381,joint,"right,ordinary1,ordinary2,ordinary3,left; backfill=0",1,0.0,0,0.0
mixed_medium_ordinary,6,ordinary-first,4,1,271445,0.271445,266972,292245,joint,"ordinary1,right,ordinary2,left,ordinary3; backfill=1",1,0.0,0,0.0
mixed_medium_ordinary,6,ordinary-first,4,2,314773,0.314773,305820,394306,joint,"right,ordinary1,ordinary2,left,ordinary3; backfill=0",1,0.0,0,0.0
mixed_medium_ordinary,6,ordinary-first,4,3,299134,0.299134,293853,509635,joint,"left,ordinary1,ordinary2,ordinary3,right; backfill=1",1,0.0,0,0.0
mixed_medium_ordinary,6,ordinary-first,4,4,277783,0.277783,269304,296382,joint,"right,ordinary1,ordinary2,ordinary3,left; backfill=1",1,0.0,0,0.0
mixed_medium_ordinary,6,ordinary-first,4,5,266155,0.266155,261462,284744,joint,"ordinary1,ordinary2,left,ordinary3,right; backfill=0",1,0.0,0,0.0
mixed_medium_ordinary,6,ordinary-first,5,1,260874,0.260874,255869,265199,joint,"ordinary1,left,ordinary2,ordinary3,right; backfill=1",1,0.0,0,0.0
mixed_medium_ordinary,6,ordinary-first,5,2,303358,0.303358,300649,352501,joint,"ordinary1,ordinary2,right,ordinary3,left; backfill=0",1,0.0,0,0.0
mixed_medium_ordinary,6,ordinary-first,5,3,283778,0.283778,280775,324545,joint,"ordinary1,right,ordinary2,ordinary3,left; backfill=1",1,0.0,0,0.0
mixed_medium_ordinary,6,ordinary-first,5,4,268093,0.268093,259707,289454,joint,"left,ordinary1,ordinary2,ordinary3,right; backfill=1",1,0.0,0,0.0
mixed_medium_ordinary,6,ordinary-first,5,5,258817,0.258817,256365,318576,joint,"ordinary1,ordinary2,right,ordinary3,left; backfill=1",1,0.0,1,0.0
mixed_one_long_ordinary,4,dynamic,1,1,415979,0.415979,411283,435599,joint,"ordinary1,ordinary3,ordinary2,right,left; backfill=0",2,1.0,1,1.0
mixed_one_long_ordinary,4,dynamic,1,2,450856,0.450856,448613,478703,joint,"ordinary1,ordinary3,left,ordinary2,right; backfill=0",2,0.0,0,0.0
mixed_one_long_ordinary,4,dynamic,1,3,440557,0.440557,438451,488621,joint,"right,ordinary3,ordinary1,left,ordinary2; backfill=1",1,0.0,0,0.0
mixed_one_long_ordinary,4,dynamic,2,1,444683,0.444683,442134,513127,joint,"ordinary1,ordinary3,ordinary2,right,left; backfill=0",2,0.0,0,0.0
mixed_one_long_ordinary,4,dynamic,2,2,469475,0.469475,467548,807395,joint,"ordinary1,ordinary2,ordinary3,right,left; backfill=1",2,0.0,0,0.0
mixed_one_long_ordinary,4,dynamic,2,3,461470,0.46147,454487,510717,joint,"left,ordinary3,ordinary1,ordinary2,right; backfill=1",1,0.0,0,0.0
mixed_one_long_ordinary,4,dynamic,3,1,438927,0.438927,434374,481035,joint,"left,right,ordinary3,ordinary1,ordinary2; backfill=1",1,0.0,0,0.0
mixed_one_long_ordinary,4,dynamic,3,2,453376,0.453376,447623,505383,joint,"ordinary1,left,ordinary3,ordinary2,right; backfill=1",1,0.0,0,0.0
mixed_one_long_ordinary,4,dynamic,3,3,440479,0.440479,432787,441740,joint,"left,ordinary3,ordinary1,ordinary2,right; backfill=1",1,0.0,0,0.0
mixed_one_long_ordinary,4,ordinary-first,1,1,415979,0.415979,411283,435599,joint,"ordinary1,ordinary3,ordinary2,right,left; backfill=0",2,1.0,1,1.0
mixed_one_long_ordinary,4,ordinary-first,1,2,450856,0.450856,448613,478703,joint,"ordinary1,ordinary3,left,ordinary2,right; backfill=0",2,0.0,0,0.0
mixed_one_long_ordinary,4,ordinary-first,1,3,440557,0.440557,438451,488621,joint,"right,ordinary3,ordinary1,left,ordinary2; backfill=1",1,0.0,0,0.0
mixed_one_long_ordinary,4,ordinary-first,2,1,444683,0.444683,442134,513127,joint,"ordinary1,ordinary3,ordinary2,right,left; backfill=0",2,0.0,0,0.0
mixed_one_long_ordinary,4,ordinary-first,2,2,469475,0.469475,467548,807395,joint,"ordinary1,ordinary2,ordinary3,right,left; backfill=1",2,0.0,0,0.0
mixed_one_long_ordinary,4,ordinary-first,2,3,461470,0.46147,454487,510717,joint,"left,ordinary3,ordinary1,ordinary2,right; backfill=1",1,0.0,0,0.0
mixed_one_long_ordinary,4,ordinary-first,3,1,438927,0.438927,434374,481035,joint,"left,right,ordinary3,ordinary1,ordinary2; backfill=1",1,0.0,0,0.0
mixed_one_long_ordinary,4,ordinary-first,3,2,453376,0.453376,447623,505383,joint,"ordinary1,left,ordinary3,ordinary2,right; backfill=1",1,0.0,0,0.0
mixed_one_long_ordinary,4,ordinary-first,3,3,440479,0.440479,432787,441740,joint,"left,ordinary3,ordinary1,ordinary2,right; backfill=1",1,0.0,0,0.0
mixed_one_ordinary,2,dynamic,1,1,220925,0.220925,220760,226398,joint,"ordinary1,left,right; backfill=0",1,1.0,1,1.0
mixed_one_ordinary,2,ordinary-first,1,1,220925,0.220925,220760,226398,joint,"ordinary1,left,right; backfill=0",1,1.0,1,1.0
mixed_one_ordinary,4,dynamic,1,1,221126,0.221126,220805,232708,joint,"left,ordinary1,right; backfill=0",1,1.0,0,1.0
mixed_one_ordinary,4,dynamic,1,2,246658,0.246658,243866,252584,joint,"ordinary1,right,left; backfill=1",1,0.0,0,0.0
mixed_one_ordinary,4,dynamic,1,3,218124,0.218124,216480,221562,joint,"left,right,ordinary1; backfill=0",1,0.0,0,0.0
mixed_one_ordinary,4,dynamic,2,1,239981,0.239981,239779,257246,joint,"right,ordinary1,left; backfill=0",1,0.0,0,0.0
mixed_one_ordinary,4,dynamic,2,2,261490,0.26149,243645,264538,joint,"left,right,ordinary1; backfill=1",1,0.0,0,0.0
mixed_one_ordinary,4,dynamic,2,3,236225,0.236225,235826,241304,joint,"right,ordinary1,left; backfill=1",1,0.0,0,0.0
mixed_one_ordinary,4,dynamic,3,1,211796,0.211796,211154,215378,joint,"ordinary1,right,left; backfill=0",1,0.0,1,0.0
mixed_one_ordinary,4,dynamic,3,2,237483,0.237483,236391,257852,joint,"left,ordinary1,right; backfill=0",1,0.0,0,0.0
mixed_one_ordinary,4,dynamic,3,3,219428,0.219428,216829,230999,joint,"ordinary1,left,right; backfill=0",1,0.0,0,0.0
mixed_one_ordinary,4,ordinary-first,1,1,221126,0.221126,220805,232708,joint,"left,ordinary1,right; backfill=0",1,1.0,0,1.0
mixed_one_ordinary,4,ordinary-first,1,2,246658,0.246658,243866,252584,joint,"ordinary1,right,left; backfill=1",1,0.0,0,0.0
mixed_one_ordinary,4,ordinary-first,1,3,218124,0.218124,216480,221562,joint,"left,right,ordinary1; backfill=0",1,0.0,0,0.0
mixed_one_ordinary,4,ordinary-first,2,1,239981,0.239981,239779,257246,joint,"right,ordinary1,left; backfill=0",1,0.0,0,0.0
mixed_one_ordinary,4,ordinary-first,2,2,261490,0.26149,243645,264538,joint,"left,right,ordinary1; backfill=1",1,0.0,0,0.0
mixed_one_ordinary,4,ordinary-first,2,3,236225,0.236225,235826,241304,joint,"right,ordinary1,left; backfill=1",1,0.0,0,0.0
mixed_one_ordinary,4,ordinary-first,3,1,211796,0.211796,211154,215378,joint,"ordinary1,right,left; backfill=0",1,0.0,1,0.0
mixed_one_ordinary,4,ordinary-first,3,2,237483,0.237483,236391,257852,joint,"left,ordinary1,right; backfill=0",1,0.0,0,0.0
mixed_one_ordinary,4,ordinary-first,3,3,219428,0.219428,216829,230999,joint,"ordinary1,left,right; backfill=0",1,0.0,0,0.0
mixed_one_ordinary,6,dynamic,1,1,222649,0.222649,222596,244399,joint,"left,right,ordinary1; backfill=1",1,1.0,0,1.0
mixed_one_ordinary,6,dynamic,1,2,270527,0.270527,270158,337308,joint,"left,right,ordinary1; backfill=1",1,0.0,0,0.0
mixed_one_ordinary,6,dynamic,1,3,247034,0.247034,240119,259704,joint,"right,left,ordinary1; backfill=1",1,0.0,0,0.0
mixed_one_ordinary,6,dynamic,1,4,227142,0.227142,224038,247200,joint,"right,ordinary1,left; backfill=1",1,0.0,0,0.0
mixed_one_ordinary,6,dynamic,1,5,215764,0.215764,214624,250667,joint,"right,left,ordinary1; backfill=0",1,0.0,0,0.0
mixed_one_ordinary,6,dynamic,2,1,265155,0.265155,263055,291452,joint,"ordinary1,right,left; backfill=1",1,0.0,0,0.0
mixed_one_ordinary,6,dynamic,2,2,308860,0.30886,298206,364327,joint,"right,ordinary1,left; backfill=0",1,0.0,0,0.0
mixed_one_ordinary,6,dynamic,2,3,290188,0.290188,289831,303523,joint,"right,ordinary1,left; backfill=1",1,0.0,0,0.0
mixed_one_ordinary,6,dynamic,2,4,271049,0.271049,264620,271490,joint,"left,ordinary1,right; backfill=0",1,0.0,0,0.0
mixed_one_ordinary,6,dynamic,2,5,263518,0.263518,262160,323695,joint,"right,ordinary1,left; backfill=0",1,0.0,0,0.0
mixed_one_ordinary,6,dynamic,3,1,241306,0.241306,239577,259462,joint,"ordinary1,right,left; backfill=0",1,0.0,0,0.0
mixed_one_ordinary,6,dynamic,3,2,290886,0.290886,287387,297220,joint,"ordinary1,right,left; backfill=0",1,0.0,0,0.0
mixed_one_ordinary,6,dynamic,3,3,270156,0.270156,268194,400944,joint,"right,ordinary1,left; backfill=0",1,0.0,0,0.0
mixed_one_ordinary,6,dynamic,3,4,256344,0.256344,251552,270560,joint,"left,ordinary1,right; backfill=0",1,0.0,0,0.0
mixed_one_ordinary,6,dynamic,3,5,245758,0.245758,242593,253231,joint,"left,right,ordinary1; backfill=1",1,0.0,0,0.0
mixed_one_ordinary,6,dynamic,4,1,222752,0.222752,220952,229824,joint,"left,ordinary1,right; backfill=1",1,0.0,0,0.0
mixed_one_ordinary,6,dynamic,4,2,274198,0.274198,266366,282869,joint,"right,ordinary1,left; backfill=1",1,0.0,0,0.0
mixed_one_ordinary,6,dynamic,4,3,249937,0.249937,248278,261305,joint,"left,ordinary1,right; backfill=1",1,0.0,0,0.0
mixed_one_ordinary,6,dynamic,4,4,245098,0.245098,244926,309824,joint,"right,left,ordinary1; backfill=1",1,0.0,0,0.0
mixed_one_ordinary,6,dynamic,4,5,237575,0.237575,237186,261342,joint,"right,left,ordinary1; backfill=0",1,0.0,0,0.0
mixed_one_ordinary,6,dynamic,5,1,214826,0.214826,214029,236530,joint,"ordinary1,left,right; backfill=1",1,0.0,1,0.0
mixed_one_ordinary,6,dynamic,5,2,262578,0.262578,262472,391986,joint,"right,ordinary1,left; backfill=0",1,0.0,0,0.0
mixed_one_ordinary,6,dynamic,5,3,246952,0.246952,236179,267778,joint,"ordinary1,right,left; backfill=0",1,0.0,0,0.0
mixed_one_ordinary,6,dynamic,5,4,230136,0.230136,226839,247421,joint,"right,left,ordinary1; backfill=1",1,0.0,0,0.0
mixed_one_ordinary,6,dynamic,5,5,229383,0.229383,225444,427854,joint,"left,right,ordinary1; backfill=1",1,0.0,0,0.0
mixed_one_ordinary,6,ordinary-first,1,1,222649,0.222649,222596,244399,joint,"left,right,ordinary1; backfill=1",1,1.0,0,1.0
mixed_one_ordinary,6,ordinary-first,1,2,270527,0.270527,270158,337308,joint,"left,right,ordinary1; backfill=1",1,0.0,0,0.0
mixed_one_ordinary,6,ordinary-first,1,3,247034,0.247034,240119,259704,joint,"right,left,ordinary1; backfill=1",1,0.0,0,0.0
mixed_one_ordinary,6,ordinary-first,1,4,227142,0.227142,224038,247200,joint,"right,ordinary1,left; backfill=1",1,0.0,0,0.0
mixed_one_ordinary,6,ordinary-first,1,5,215764,0.215764,214624,250667,joint,"right,left,ordinary1; backfill=0",1,0.0,0,0.0
mixed_one_ordinary,6,ordinary-first,2,1,265155,0.265155,263055,291452,joint,"ordinary1,right,left; backfill=1",1,0.0,0,0.0
mixed_one_ordinary,6,ordinary-first,2,2,308860,0.30886,298206,364327,joint,"right,ordinary1,left; backfill=0",1,0.0,0,0.0
mixed_one_ordinary,6,ordinary-first,2,3,290188,0.290188,289831,303523,joint,"right,ordinary1,left; backfill=1",1,0.0,0,0.0
mixed_one_ordinary,6,ordinary-first,2,4,271049,0.271049,264620,271490,joint,"left,ordinary1,right; backfill=0",1,0.0,0,0.0
mixed_one_ordinary,6,ordinary-first,2,5,263518,0.263518,262160,323695,joint,"right,ordinary1,left; backfill=0",1,0.0,0,0.0
mixed_one_ordinary,6,ordinary-first,3,1,241306,0.241306,239577,259462,joint,"ordinary1,right,left; backfill=0",1,0.0,0,0.0
mixed_one_ordinary,6,ordinary-first,3,2,290886,0.290886,287387,297220,joint,"ordinary1,right,left; backfill=0",1,0.0,0,0.0
mixed_one_ordinary,6,ordinary-first,3,3,270156,0.270156,268194,400944,joint,"right,ordinary1,left; backfill=0",1,0.0,0,0.0
mixed_one_ordinary,6,ordinary-first,3,4,256344,0.256344,251552,270560,joint,"left,ordinary1,right; backfill=0",1,0.0,0,0.0
mixed_one_ordinary,6,ordinary-first,3,5,245758,0.245758,242593,253231,joint,"left,right,ordinary1; backfill=1",1,0.0,0,0.0
mixed_one_ordinary,6,ordinary-first,4,1,222752,0.222752,220952,229824,joint,"left,ordinary1,right; backfill=1",1,0.0,0,0.0
mixed_one_ordinary,6,ordinary-first,4,2,274198,0.274198,266366,282869,joint,"right,ordinary1,left; backfill=1",1,0.0,0,0.0
mixed_one_ordinary,6,ordinary-first,4,3,249937,0.249937,248278,261305,joint,"left,ordinary1,right; backfill=1",1,0.0,0,0.0
mixed_one_ordinary,6,ordinary-first,4,4,245098,0.245098,244926,309824,joint,"right,left,ordinary1; backfill=1",1,0.0,0,0.0
mixed_one_ordinary,6,ordinary-first,4,5,237575,0.237575,237186,261342,joint,"right,left,ordinary1; backfill=0",1,0.0,0,0.0
mixed_one_ordinary,6,ordinary-first,5,1,214826,0.214826,214029,236530,joint,"ordinary1,left,right; backfill=1",1,0.0,1,0.0
mixed_one_ordinary,6,ordinary-first,5,2,262578,0.262578,262472,391986,joint,"right,ordinary1,left; backfill=0",1,0.0,0,0.0
mixed_one_ordinary,6,ordinary-first,5,3,246952,0.246952,236179,267778,joint,"ordinary1,right,left; backfill=0",1,0.0,0,0.0
mixed_one_ordinary,6,ordinary-first,5,4,230136,0.230136,226839,247421,joint,"right,left,ordinary1; backfill=1",1,0.0,0,0.0
mixed_one_ordinary,6,ordinary-first,5,5,229383,0.229383,225444,427854,joint,"left,right,ordinary1; backfill=1",1,0.0,0,0.0
mixed_short_ordinary,2,dynamic,1,1,240038,0.240038,238143,241939,joint,"ordinary1,left,ordinary2,ordinary3,right; backfill=1",1,1.0,1,1.0
mixed_short_ordinary,2,ordinary-first,1,1,240038,0.240038,238143,241939,joint,"ordinary1,left,ordinary2,ordinary3,right; backfill=1",1,1.0,1,1.0
mixed_short_ordinary,4,dynamic,1,1,221586,0.221586,221494,241989,joint,"ordinary1,ordinary2,left,ordinary3,right; backfill=1",1,1.0,0,1.0
mixed_short_ordinary,4,dynamic,1,2,245593,0.245593,238264,268836,joint,"right,ordinary1,ordinary2,ordinary3,left; backfill=1",1,0.0,0,0.0
mixed_short_ordinary,4,dynamic,1,3,217517,0.217517,217481,248695,joint,"ordinary1,left,ordinary2,right,ordinary3; backfill=0",1,0.0,0,0.0
mixed_short_ordinary,4,dynamic,2,1,240973,0.240973,233341,262002,joint,"ordinary1,ordinary2,ordinary3,left,right; backfill=1",1,0.0,0,0.0
mixed_short_ordinary,4,dynamic,2,2,256319,0.256319,246879,308833,joint,"right,left,ordinary1,ordinary2,ordinary3; backfill=1",1,0.0,0,0.0
mixed_short_ordinary,4,dynamic,2,3,239035,0.239035,232047,267445,joint,"ordinary1,left,ordinary2,right,ordinary3; backfill=0",1,0.0,0,0.0
mixed_short_ordinary,4,dynamic,3,1,214119,0.214119,211640,233083,joint,"left,ordinary1,ordinary2,ordinary3,right; backfill=1",1,0.0,1,0.0
mixed_short_ordinary,4,dynamic,3,2,240284,0.240284,237428,256069,joint,"right,ordinary1,ordinary2,left,ordinary3; backfill=0",1,0.0,0,0.0
mixed_short_ordinary,4,dynamic,3,3,219208,0.219208,213422,238627,joint,"ordinary1,ordinary2,right,ordinary3,left; backfill=1",1,0.0,0,0.0
mixed_short_ordinary,4,ordinary-first,1,1,221586,0.221586,221494,241989,joint,"ordinary1,ordinary2,left,ordinary3,right; backfill=1",1,1.0,0,1.0
mixed_short_ordinary,4,ordinary-first,1,2,245593,0.245593,238264,268836,joint,"right,ordinary1,ordinary2,ordinary3,left; backfill=1",1,0.0,0,0.0
mixed_short_ordinary,4,ordinary-first,1,3,217517,0.217517,217481,248695,joint,"ordinary1,left,ordinary2,right,ordinary3; backfill=0",1,0.0,0,0.0
mixed_short_ordinary,4,ordinary-first,2,1,240973,0.240973,233341,262002,joint,"ordinary1,ordinary2,ordinary3,left,right; backfill=1",1,0.0,0,0.0
mixed_short_ordinary,4,ordinary-first,2,2,256319,0.256319,246879,308833,joint,"right,left,ordinary1,ordinary2,ordinary3; backfill=1",1,0.0,0,0.0
mixed_short_ordinary,4,ordinary-first,2,3,239035,0.239035,232047,267445,joint,"ordinary1,left,ordinary2,right,ordinary3; backfill=0",1,0.0,0,0.0
mixed_short_ordinary,4,ordinary-first,3,1,214119,0.214119,211640,233083,joint,"left,ordinary1,ordinary2,ordinary3,right; backfill=1",1,0.0,1,0.0
mixed_short_ordinary,4,ordinary-first,3,2,240284,0.240284,237428,256069,joint,"right,ordinary1,ordinary2,left,ordinary3; backfill=0",1,0.0,0,0.0
mixed_short_ordinary,4,ordinary-first,3,3,219208,0.219208,213422,238627,joint,"ordinary1,ordinary2,right,ordinary3,left; backfill=1",1,0.0,0,0.0
mixed_short_ordinary,6,dynamic,1,1,223359,0.223359,221696,231759,joint,"ordinary1,ordinary2,right,ordinary3,left; backfill=1",1,1.0,0,1.0
mixed_short_ordinary,6,dynamic,1,2,271564,0.271564,266356,284700,joint,"ordinary1,ordinary2,ordinary3,left,right; backfill=0",1,0.0,0,0.0
mixed_short_ordinary,6,dynamic,1,3,243709,0.243709,241744,244251,joint,"ordinary1,right,ordinary2,left,ordinary3; backfill=0",1,0.0,0,0.0
mixed_short_ordinary,6,dynamic,1,4,227179,0.227179,226747,246504,joint,"ordinary1,ordinary2,left,ordinary3,right; backfill=1",1,0.0,0,0.0
mixed_short_ordinary,6,dynamic,1,5,215616,0.215616,214157,230646,joint,"right,ordinary1,ordinary2,left,ordinary3; backfill=1",1,0.0,0,0.0
mixed_short_ordinary,6,dynamic,2,1,259404,0.259404,258458,285565,joint,"ordinary1,ordinary2,ordinary3,right,left; backfill=1",1,0.0,0,0.0
mixed_short_ordinary,6,dynamic,2,2,310733,0.310733,310650,331593,joint,"right,ordinary1,ordinary2,left,ordinary3; backfill=1",1,0.0,0,0.0
mixed_short_ordinary,6,dynamic,2,3,287470,0.28747,286626,303551,joint,"ordinary1,ordinary2,left,right,ordinary3; backfill=0",1,0.0,0,0.0
mixed_short_ordinary,6,dynamic,2,4,269662,0.269662,269479,291640,joint,"right,ordinary1,ordinary2,ordinary3,left; backfill=0",1,0.0,0,0.0
mixed_short_ordinary,6,dynamic,2,5,260902,0.260902,258238,294629,joint,"right,ordinary1,left,ordinary2,ordinary3; backfill=1",1,0.0,0,0.0
mixed_short_ordinary,6,dynamic,3,1,240542,0.240542,238686,288086,joint,"ordinary1,ordinary2,right,left,ordinary3; backfill=1",1,0.0,0,0.0
mixed_short_ordinary,6,dynamic,3,2,288958,0.288958,288563,306018,joint,"ordinary1,right,left,ordinary2,ordinary3; backfill=1",1,0.0,0,0.0
mixed_short_ordinary,6,dynamic,3,3,270260,0.27026,269837,275991,joint,"ordinary1,ordinary2,ordinary3,left,right; backfill=0",1,0.0,0,0.0
mixed_short_ordinary,6,dynamic,3,4,254446,0.254446,253068,263207,joint,"ordinary1,left,ordinary2,ordinary3,right; backfill=0",1,0.0,0,0.0
mixed_short_ordinary,6,dynamic,3,5,240201,0.240201,239091,246887,joint,"ordinary1,ordinary2,ordinary3,left,right; backfill=0",1,0.0,0,0.0
mixed_short_ordinary,6,dynamic,4,1,223009,0.223009,221145,255096,joint,"right,ordinary1,ordinary2,left,ordinary3; backfill=1",1,0.0,0,0.0
mixed_short_ordinary,6,dynamic,4,2,273410,0.27341,271362,308505,joint,"left,ordinary1,ordinary2,ordinary3,right; backfill=1",1,0.0,0,0.0
mixed_short_ordinary,6,dynamic,4,3,250625,0.250625,239915,274090,joint,"left,ordinary1,ordinary2,ordinary3,right; backfill=1",1,0.0,0,0.0
mixed_short_ordinary,6,dynamic,4,4,245876,0.245876,235106,257128,joint,"left,ordinary1,right,ordinary2,ordinary3; backfill=0",1,0.0,0,0.0
mixed_short_ordinary,6,dynamic,4,5,232561,0.232561,232055,242181,joint,"ordinary1,ordinary2,left,ordinary3,right; backfill=0",1,0.0,0,0.0
mixed_short_ordinary,6,dynamic,5,1,211043,0.211043,211025,220504,joint,"ordinary1,right,left,ordinary2,ordinary3; backfill=1",1,0.0,1,0.0
mixed_short_ordinary,6,dynamic,5,2,264391,0.264391,260929,300104,joint,"ordinary1,left,right,ordinary2,ordinary3; backfill=1",1,0.0,0,0.0
mixed_short_ordinary,6,dynamic,5,3,245739,0.245739,244109,284102,joint,"right,left,ordinary1,ordinary2,ordinary3; backfill=0",1,0.0,0,0.0
mixed_short_ordinary,6,dynamic,5,4,233653,0.233653,232101,306901,joint,"ordinary1,ordinary2,left,right,ordinary3; backfill=0",1,0.0,0,0.0
mixed_short_ordinary,6,dynamic,5,5,226545,0.226545,225820,241340,joint,"ordinary1,right,ordinary2,left,ordinary3; backfill=1",1,0.0,0,0.0
mixed_short_ordinary,6,ordinary-first,1,1,223359,0.223359,221696,231759,joint,"ordinary1,ordinary2,right,ordinary3,left; backfill=1",1,1.0,0,1.0
mixed_short_ordinary,6,ordinary-first,1,2,271564,0.271564,266356,284700,joint,"ordinary1,ordinary2,ordinary3,left,right; backfill=0",1,0.0,0,0.0
mixed_short_ordinary,6,ordinary-first,1,3,243709,0.243709,241744,244251,joint,"ordinary1,right,ordinary2,left,ordinary3; backfill=0",1,0.0,0,0.0
mixed_short_ordinary,6,ordinary-first,1,4,227179,0.227179,226747,246504,joint,"ordinary1,ordinary2,left,ordinary3,right; backfill=1",1,0.0,0,0.0
mixed_short_ordinary,6,ordinary-first,1,5,215616,0.215616,214157,230646,joint,"right,ordinary1,ordinary2,left,ordinary3; backfill=1",1,0.0,0,0.0
mixed_short_ordinary,6,ordinary-first,2,1,259404,0.259404,258458,285565,joint,"ordinary1,ordinary2,ordinary3,right,left; backfill=1",1,0.0,0,0.0
mixed_short_ordinary,6,ordinary-first,2,2,310733,0.310733,310650,331593,joint,"right,ordinary1,ordinary2,left,ordinary3; backfill=1",1,0.0,0,0.0
mixed_short_ordinary,6,ordinary-first,2,3,287470,0.28747,286626,303551,joint,"ordinary1,ordinary2,left,right,ordinary3; backfill=0",1,0.0,0,0.0
mixed_short_ordinary,6,ordinary-first,2,4,269662,0.269662,269479,291640,joint,"right,ordinary1,ordinary2,ordinary3,left; backfill=0",1,0.0,0,0.0
mixed_short_ordinary,6,ordinary-first,2,5,260902,0.260902,258238,294629,joint,"right,ordinary1,left,ordinary2,ordinary3; backfill=1",1,0.0,0,0.0
mixed_short_ordinary,6,ordinary-first,3,1,240542,0.240542,238686,288086,joint,"ordinary1,ordinary2,right,left,ordinary3; backfill=1",1,0.0,0,0.0
mixed_short_ordinary,6,ordinary-first,3,2,288958,0.288958,288563,306018,joint,"ordinary1,right,left,ordinary2,ordinary3; backfill=1",1,0.0,0,0.0
mixed_short_ordinary,6,ordinary-first,3,3,270260,0.27026,269837,275991,joint,"ordinary1,ordinary2,ordinary3,left,right; backfill=0",1,0.0,0,0.0
mixed_short_ordinary,6,ordinary-first,3,4,254446,0.254446,253068,263207,joint,"ordinary1,left,ordinary2,ordinary3,right; backfill=0",1,0.0,0,0.0
mixed_short_ordinary,6,ordinary-first,3,5,240201,0.240201,239091,246887,joint,"ordinary1,ordinary2,ordinary3,left,right; backfill=0",1,0.0,0,0.0
mixed_short_ordinary,6,ordinary-first,4,1,223009,0.223009,221145,255096,joint,"right,ordinary1,ordinary2,left,ordinary3; backfill=1",1,0.0,0,0.0
mixed_short_ordinary,6,ordinary-first,4,2,273410,0.27341,271362,308505,joint,"left,ordinary1,ordinary2,ordinary3,right; backfill=1",1,0.0,0,0.0
mixed_short_ordinary,6,ordinary-first,4,3,250625,0.250625,239915,274090,joint,"left,ordinary1,ordinary2,ordinary3,right; backfill=1",1,0.0,0,0.0
mixed_short_ordinary,6,ordinary-first,4,4,245876,0.245876,235106,257128,joint,"left,ordinary1,right,ordinary2,ordinary3; backfill=0",1,0.0,0,0.0
mixed_short_ordinary,6,ordinary-first,4,5,232561,0.232561,232055,242181,joint,"ordinary1,ordinary2,left,ordinary3,right; backfill=0",1,0.0,0,0.0
mixed_short_ordinary,6,ordinary-first,5,1,211043,0.211043,211025,220504,joint,"ordinary1,right,left,ordinary2,ordinary3; backfill=1",1,0.0,1,0.0
mixed_short_ordinary,6,ordinary-first,5,2,264391,0.264391,260929,300104,joint,"ordinary1,left,right,ordinary2,ordinary3; backfill=1",1,0.0,0,0.0
mixed_short_ordinary,6,ordinary-first,5,3,245739,0.245739,244109,284102,joint,"right,left,ordinary1,ordinary2,ordinary3; backfill=0",1,0.0,0,0.0
mixed_short_ordinary,6,ordinary-first,5,4,233653,0.233653,232101,306901,joint,"ordinary1,ordinary2,left,right,ordinary3; backfill=0",1,0.0,0,0.0
mixed_short_ordinary,6,ordinary-first,5,5,226545,0.226545,225820,241340,joint,"ordinary1,right,ordinary2,left,ordinary3; backfill=1",1,0.0,0,0.0
mixed_two_ordinary,2,dynamic,1,1,242973,0.242973,242972,244896,joint,"ordinary1,left,right,ordinary2; backfill=0",1,1.0,1,1.0
mixed_two_ordinary,2,ordinary-first,1,1,242973,0.242973,242972,244896,joint,"ordinary1,left,right,ordinary2; backfill=0",1,1.0,1,1.0
mixed_two_ordinary,4,dynamic,1,1,243022,0.243022,242982,260227,joint,"ordinary1,ordinary2,left,right; backfill=0",1,1.0,0,1.0
mixed_two_ordinary,4,dynamic,1,2,261988,0.261988,260615,281394,joint,"left,ordinary1,right,ordinary2; backfill=0",1,0.0,0,0.0
mixed_two_ordinary,4,dynamic,1,3,238404,0.238404,238354,260807,joint,"left,ordinary1,ordinary2,right; backfill=0",1,0.0,0,0.0
mixed_two_ordinary,4,dynamic,2,1,255095,0.255095,254404,264082,joint,"right,ordinary1,ordinary2,left; backfill=1",1,0.0,0,0.0
mixed_two_ordinary,4,dynamic,2,2,278123,0.278123,274998,307552,joint,"ordinary1,right,left,ordinary2; backfill=0",1,0.0,0,0.0
mixed_two_ordinary,4,dynamic,2,3,260686,0.260686,258381,323022,joint,"ordinary1,left,right,ordinary2; backfill=0",1,0.0,0,0.0
mixed_two_ordinary,4,dynamic,3,1,232302,0.232302,232283,240258,joint,"ordinary1,left,right,ordinary2; backfill=1",1,0.0,1,0.0
mixed_two_ordinary,4,dynamic,3,2,258311,0.258311,256934,261187,joint,"right,ordinary1,ordinary2,left; backfill=0",1,0.0,0,0.0
mixed_two_ordinary,4,dynamic,3,3,240527,0.240527,240297,241460,joint,"left,right,ordinary1,ordinary2; backfill=0",1,0.0,0,0.0
mixed_two_ordinary,4,ordinary-first,1,1,243022,0.243022,242982,260227,joint,"ordinary1,ordinary2,left,right; backfill=0",1,1.0,0,1.0
mixed_two_ordinary,4,ordinary-first,1,2,261988,0.261988,260615,281394,joint,"left,ordinary1,right,ordinary2; backfill=0",1,0.0,0,0.0
mixed_two_ordinary,4,ordinary-first,1,3,238404,0.238404,238354,260807,joint,"left,ordinary1,ordinary2,right; backfill=0",1,0.0,0,0.0
mixed_two_ordinary,4,ordinary-first,2,1,255095,0.255095,254404,264082,joint,"right,ordinary1,ordinary2,left; backfill=1",1,0.0,0,0.0
mixed_two_ordinary,4,ordinary-first,2,2,278123,0.278123,274998,307552,joint,"ordinary1,right,left,ordinary2; backfill=0",1,0.0,0,0.0
mixed_two_ordinary,4,ordinary-first,2,3,260686,0.260686,258381,323022,joint,"ordinary1,left,right,ordinary2; backfill=0",1,0.0,0,0.0
mixed_two_ordinary,4,ordinary-first,3,1,232302,0.232302,232283,240258,joint,"ordinary1,left,right,ordinary2; backfill=1",1,0.0,1,0.0
mixed_two_ordinary,4,ordinary-first,3,2,258311,0.258311,256934,261187,joint,"right,ordinary1,ordinary2,left; backfill=0",1,0.0,0,0.0
mixed_two_ordinary,4,ordinary-first,3,3,240527,0.240527,240297,241460,joint,"left,right,ordinary1,ordinary2; backfill=0",1,0.0,0,0.0
mixed_two_ordinary,6,dynamic,1,1,222890,0.22289,222743,223257,joint,"ordinary1,left,ordinary2,right; backfill=1",1,1.0,0,1.0
mixed_two_ordinary,6,dynamic,1,2,269369,0.269369,268497,269644,joint,"right,ordinary1,left,ordinary2; backfill=0",1,0.0,0,0.0
mixed_two_ordinary,6,dynamic,1,3,246804,0.246804,242048,248155,joint,"ordinary1,left,ordinary2,right; backfill=1",1,0.0,0,0.0
mixed_two_ordinary,6,dynamic,1,4,228722,0.228722,227335,247876,joint,"ordinary1,left,right,ordinary2; backfill=1",1,0.0,0,0.0
mixed_two_ordinary,6,dynamic,1,5,216865,0.216865,216709,258789,joint,"ordinary1,right,ordinary2,left; backfill=1",1,0.0,0,0.0
mixed_two_ordinary,6,dynamic,2,1,265989,0.265989,261315,292649,joint,"ordinary1,ordinary2,left,right; backfill=0",1,0.0,0,0.0
mixed_two_ordinary,6,dynamic,2,2,313481,0.313481,298638,344814,joint,"ordinary1,right,ordinary2,left; backfill=1",1,0.0,0,0.0
mixed_two_ordinary,6,dynamic,2,3,285110,0.28511,279738,334863,joint,"right,ordinary1,ordinary2,left; backfill=1",1,0.0,0,0.0
mixed_two_ordinary,6,dynamic,2,4,277607,0.277607,265990,281548,joint,"left,right,ordinary1,ordinary2; backfill=0",1,0.0,0,0.0
mixed_two_ordinary,6,dynamic,2,5,265755,0.265755,260314,326311,joint,"left,ordinary1,ordinary2,right; backfill=0",1,0.0,0,0.0
mixed_two_ordinary,6,dynamic,3,1,241363,0.241363,240450,261249,joint,"right,ordinary1,ordinary2,left; backfill=0",1,0.0,0,0.0
mixed_two_ordinary,6,dynamic,3,2,287397,0.287397,283026,306221,joint,"right,ordinary1,ordinary2,left; backfill=0",1,0.0,0,0.0
mixed_two_ordinary,6,dynamic,3,3,271786,0.271786,268956,295585,joint,"left,right,ordinary1,ordinary2; backfill=1",1,0.0,0,0.0
mixed_two_ordinary,6,dynamic,3,4,253050,0.25305,252549,272326,joint,"left,ordinary1,right,ordinary2; backfill=1",1,0.0,0,0.0
mixed_two_ordinary,6,dynamic,3,5,242745,0.242745,241717,268443,joint,"right,ordinary1,left,ordinary2; backfill=1",1,0.0,0,0.0
mixed_two_ordinary,6,dynamic,4,1,223423,0.223423,223321,249385,joint,"right,left,ordinary1,ordinary2; backfill=1",1,0.0,0,0.0
mixed_two_ordinary,6,dynamic,4,2,275697,0.275697,275402,301965,joint,"ordinary1,ordinary2,left,right; backfill=0",1,0.0,0,0.0
mixed_two_ordinary,6,dynamic,4,3,255005,0.255005,254013,273879,joint,"right,ordinary1,ordinary2,left; backfill=0",1,0.0,0,0.0
mixed_two_ordinary,6,dynamic,4,4,244904,0.244904,244775,266876,joint,"ordinary1,left,right,ordinary2; backfill=0",1,0.0,0,0.0
mixed_two_ordinary,6,dynamic,4,5,231642,0.231642,228437,262281,joint,"ordinary1,left,ordinary2,right; backfill=1",1,0.0,0,0.0
mixed_two_ordinary,6,dynamic,5,1,211585,0.211585,210437,261715,joint,"left,right,ordinary1,ordinary2; backfill=0",1,0.0,1,0.0
mixed_two_ordinary,6,dynamic,5,2,269709,0.269709,267743,291545,joint,"ordinary1,right,left,ordinary2; backfill=0",1,0.0,0,0.0
mixed_two_ordinary,6,dynamic,5,3,240964,0.240964,240486,241753,joint,"ordinary1,right,left,ordinary2; backfill=0",1,0.0,0,0.0
mixed_two_ordinary,6,dynamic,5,4,230182,0.230182,227298,248301,joint,"ordinary1,ordinary2,right,left; backfill=0",1,0.0,0,0.0
mixed_two_ordinary,6,dynamic,5,5,222348,0.222348,217830,243395,joint,"left,ordinary1,right,ordinary2; backfill=0",1,0.0,0,0.0
mixed_two_ordinary,6,ordinary-first,1,1,222890,0.22289,222743,223257,joint,"ordinary1,left,ordinary2,right; backfill=1",1,1.0,0,1.0
mixed_two_ordinary,6,ordinary-first,1,2,269369,0.269369,268497,269644,joint,"right,ordinary1,left,ordinary2; backfill=0",1,0.0,0,0.0
mixed_two_ordinary,6,ordinary-first,1,3,246804,0.246804,242048,248155,joint,"ordinary1,left,ordinary2,right; backfill=1",1,0.0,0,0.0
mixed_two_ordinary,6,ordinary-first,1,4,228722,0.228722,227335,247876,joint,"ordinary1,left,right,ordinary2; backfill=1",1,0.0,0,0.0
mixed_two_ordinary,6,ordinary-first,1,5,216865,0.216865,216709,258789,joint,"ordinary1,right,ordinary2,left; backfill=1",1,0.0,0,0.0
mixed_two_ordinary,6,ordinary-first,2,1,265989,0.265989,261315,292649,joint,"ordinary1,ordinary2,left,right; backfill=0",1,0.0,0,0.0
mixed_two_ordinary,6,ordinary-first,2,2,313481,0.313481,298638,344814,joint,"ordinary1,right,ordinary2,left; backfill=1",1,0.0,0,0.0
mixed_two_ordinary,6,ordinary-first,2,3,285110,0.28511,279738,334863,joint,"right,ordinary1,ordinary2,left; backfill=1",1,0.0,0,0.0
mixed_two_ordinary,6,ordinary-first,2,4,277607,0.277607,265990,281548,joint,"left,right,ordinary1,ordinary2; backfill=0",1,0.0,0,0.0
mixed_two_ordinary,6,ordinary-first,2,5,265755,0.265755,260314,326311,joint,"left,ordinary1,ordinary2,right; backfill=0",1,0.0,0,0.0
mixed_two_ordinary,6,ordinary-first,3,1,241363,0.241363,240450,261249,joint,"right,ordinary1,ordinary2,left; backfill=0",1,0.0,0,0.0
mixed_two_ordinary,6,ordinary-first,3,2,287397,0.287397,283026,306221,joint,"right,ordinary1,ordinary2,left; backfill=0",1,0.0,0,0.0
mixed_two_ordinary,6,ordinary-first,3,3,271786,0.271786,268956,295585,joint,"left,right,ordinary1,ordinary2; backfill=1",1,0.0,0,0.0
mixed_two_ordinary,6,ordinary-first,3,4,253050,0.25305,252549,272326,joint,"left,ordinary1,right,ordinary2; backfill=1",1,0.0,0,0.0
mixed_two_ordinary,6,ordinary-first,3,5,242745,0.242745,241717,268443,joint,"right,ordinary1,left,ordinary2; backfill=1",1,0.0,0,0.0
mixed_two_ordinary,6,ordinary-first,4,1,223423,0.223423,223321,249385,joint,"right,left,ordinary1,ordinary2; backfill=1",1,0.0,0,0.0
mixed_two_ordinary,6,ordinary-first,4,2,275697,0.275697,275402,301965,joint,"ordinary1,ordinary2,left,right; backfill=0",1,0.0,0,0.0
mixed_two_ordinary,6,ordinary-first,4,3,255005,0.255005,254013,273879,joint,"right,ordinary1,ordinary2,left; backfill=0",1,0.0,0,0.0
mixed_two_ordinary,6,ordinary-first,4,4,244904,0.244904,244775,266876,joint,"ordinary1,left,right,ordinary2; backfill=0",1,0.0,0,0.0
mixed_two_ordinary,6,ordinary-first,4,5,231642,0.231642,228437,262281,joint,"ordinary1,left,ordinary2,right; backfill=1",1,0.0,0,0.0
mixed_two_ordinary,6,ordinary-first,5,1,211585,0.211585,210437,261715,joint,"left,right,ordinary1,ordinary2; backfill=0",1,0.0,1,0.0
mixed_two_ordinary,6,ordinary-first,5,2,269709,0.269709,267743,291545,joint,"ordinary1,right,left,ordinary2; backfill=0",1,0.0,0,0.0
mixed_two_ordinary,6,ordinary-first,5,3,240964,0.240964,240486,241753,joint,"ordinary1,right,left,ordinary2; backfill=0",1,0.0,0,0.0
mixed_two_ordinary,6,ordinary-first,5,4,230182,0.230182,227298,248301,joint,"ordinary1,ordinary2,right,left; backfill=0",1,0.0,0,0.0
mixed_two_ordinary,6,ordinary-first,5,5,222348,0.222348,217830,243395,joint,"left,ordinary1,right,ordinary2; backfill=0",1,0.0,0,0.0
short,2,dynamic,1,1,38783,0.038783,38737,38792,joint,"left,right",1,1.0,1,1.0
short,2,ordinary-first,1,1,167944,0.167944,164803,173004,ordinary,"left,right",2,1.0,1,1.0
short,4,dynamic,1,1,38783,0.038783,38774,38829,joint,"right,left",1,1.0,1,1.0
short,4,dynamic,1,2,100076,0.100076,94510,100397,joint,"left,right",1,0.0,0,0.0
short,4,dynamic,1,3,91875,0.091875,89367,92398,joint,"left,right",1,0.0,0,0.0
short,4,dynamic,2,1,97716,0.097716,91589,104777,joint,"right,left",1,0.0,0,0.0
short,4,dynamic,2,2,158806,0.158806,157906,159540,joint,"left,right",1,0.0,0,0.0
short,4,dynamic,2,3,153956,0.153956,153874,161067,joint,"right,left",1,0.0,0,0.0
short,4,dynamic,3,1,88746,0.088746,85032,134366,joint,"left,right",1,0.0,0,0.0
short,4,dynamic,3,2,157290,0.15729,152516,167044,joint,"left,right",1,0.0,0,0.0
short,4,dynamic,3,3,152641,0.152641,148731,155950,joint,"left,right",1,0.0,0,0.0
short,4,ordinary-first,1,1,196570,0.19657,179735,209955,ordinary,"left,right",2,1.0,1,1.0
short,4,ordinary-first,1,2,259965,0.259965,259079,264429,ordinary,"left,right",2,0.0,0,0.0
short,4,ordinary-first,2,1,239760,0.23976,224268,241534,ordinary,"left,right",2,0.0,0,0.0
short,6,dynamic,1,1,38765,0.038765,38755,39233,joint,"right,left",1,1.0,1,1.0
short,6,dynamic,1,2,128086,0.128086,121731,129596,joint,"left,right",1,0.0,0,0.0
short,6,dynamic,1,3,114907,0.114907,110379,117818,joint,"right,left",1,0.0,0,0.0
short,6,dynamic,1,4,119237,0.119237,118388,126484,joint,"left,right",1,0.0,0,0.0
short,6,dynamic,1,5,119802,0.119802,115917,126673,joint,"right,left",1,0.0,0,0.0
short,6,dynamic,2,1,121758,0.121758,119104,129335,joint,"right,left",1,0.0,0,0.0
short,6,dynamic,2,2,210290,0.21029,209987,217738,joint,"left,right",1,0.0,0,0.0
short,6,dynamic,2,3,214074,0.214074,199773,216674,joint,"right,left",1,0.0,0,0.0
short,6,dynamic,2,4,221577,0.221577,215377,240953,joint,"right,left",1,0.0,0,0.0
short,6,dynamic,2,5,212117,0.212117,207076,213187,joint,"right,left",1,0.0,0,0.0
short,6,dynamic,3,1,115109,0.115109,112015,116405,joint,"right,left",1,0.0,0,0.0
short,6,dynamic,3,2,208270,0.20827,207250,212319,joint,"left,right",1,0.0,0,0.0
short,6,dynamic,3,3,205476,0.205476,203458,212632,joint,"left,right",1,0.0,0,0.0
short,6,dynamic,3,4,211741,0.211741,199205,220475,joint,"left,right",1,0.0,0,0.0
short,6,dynamic,3,5,201031,0.201031,200693,203318,joint,"left,right",1,0.0,0,0.0
short,6,dynamic,4,1,120799,0.120799,114559,121694,joint,"left,right",1,0.0,0,0.0
short,6,dynamic,4,2,211019,0.211019,205009,211052,joint,"left,right",1,0.0,0,0.0
short,6,dynamic,4,3,208096,0.208096,197351,208508,joint,"right,left",1,0.0,0,0.0
short,6,dynamic,4,4,208936,0.208936,201465,214670,joint,"left,right",1,0.0,0,0.0
short,6,dynamic,4,5,206626,0.206626,206534,207966,joint,"right,left",1,0.0,0,0.0
short,6,dynamic,5,1,114558,0.114558,110875,119894,joint,"left,right",1,0.0,0,0.0
short,6,dynamic,5,2,208214,0.208214,205523,213991,joint,"left,right",1,0.0,0,0.0
short,6,dynamic,5,3,207332,0.207332,194190,243557,joint,"right,left",1,0.0,0,0.0
short,6,dynamic,5,4,201189,0.201189,199031,203320,joint,"left,right",1,0.0,0,0.0
short,6,dynamic,5,5,198896,0.198896,198498,208748,joint,"right,left",1,0.0,0,0.0
short,6,ordinary-first,1,1,180948,0.180948,180286,182950,ordinary,"left,right",2,1.0,1,1.0
short,6,ordinary-first,1,2,271803,0.271803,270573,292181,ordinary,"left,right",2,0.0,0,0.0
short,6,ordinary-first,1,3,282851,0.282851,273107,296921,ordinary,"left,right",2,0.0,0,0.0
short,6,ordinary-first,1,4,282300,0.2823,276459,310604,ordinary,"left,right",2,0.0,0,0.0
short,6,ordinary-first,2,1,246703,0.246703,238396,248287,ordinary,"left,right",2,0.0,0,0.0
short,6,ordinary-first,2,2,363686,0.363686,351986,367581,ordinary,"left,right",2,0.0,0,0.0
short,6,ordinary-first,3,1,256180,0.25618,229533,263656,ordinary,"left,right",2,0.0,0,0.0
short,6,ordinary-first,4,1,239132,0.239132,237281,245519,ordinary,"left,right",2,0.0,0,0.0
short,8,dynamic,1,1,39012,0.039012,38801,42714,joint,"left,right",1,1.0,1,1.0
short,8,dynamic,1,2,171849,0.171849,153259,228097,joint,"right,left",1,0.0,0,0.0
short,8,dynamic,1,3,145021,0.145021,142422,147393,joint,"left,right",1,0.0,0,0.0
short,8,dynamic,1,4,145296,0.145296,144249,162441,joint,"right,left",1,0.0,0,0.0
short,8,dynamic,1,5,161110,0.16111,154434,230228,joint,"right,left",1,0.0,0,0.0
short,8,dynamic,1,6,144884,0.144884,139611,163374,joint,"right,left",1,0.0,0,0.0
short,8,dynamic,1,7,145645,0.145645,142992,157833,joint,"right,left",1,0.0,0,0.0
short,8,dynamic,2,1,151443,0.151443,147886,157640,joint,"left,right",1,0.0,0,0.0
short,8,dynamic,2,2,284774,0.284774,280684,412426,joint,"right,left",1,0.0,0,0.0
short,8,dynamic,2,3,271877,0.271877,267596,281184,joint,"left,right",1,0.0,0,0.0
short,8,dynamic,2,4,264759,0.264759,260048,287025,joint,"left,right",1,0.0,0,0.0
short,8,dynamic,2,5,259276,0.259276,253564,286279,joint,"left,right",1,0.0,0,0.0
short,8,dynamic,2,6,264225,0.264225,258138,269699,joint,"right,left",1,0.0,0,0.0
short,8,dynamic,2,7,262225,0.262225,255924,297734,joint,"left,right",1,0.0,0,0.0
short,8,dynamic,3,1,151812,0.151812,150568,206367,joint,"right,left",1,0.0,0,0.0
short,8,dynamic,3,2,259046,0.259046,253858,282726,joint,"right,left",1,0.0,0,0.0
short,8,dynamic,3,3,253875,0.253875,253087,257837,joint,"left,right",1,0.0,0,0.0
short,8,dynamic,3,4,256589,0.256589,252048,260056,joint,"right,left",1,0.0,0,0.0
short,8,dynamic,3,5,260522,0.260522,254905,293706,joint,"right,left",1,0.0,0,0.0
short,8,dynamic,3,6,263564,0.263564,250267,273940,joint,"right,left",1,0.0,0,0.0
short,8,dynamic,3,7,253306,0.253306,251320,270449,joint,"right,left",1,0.0,0,0.0
short,8,dynamic,4,1,147693,0.147693,139400,210770,joint,"left,right",1,0.0,0,0.0
short,8,dynamic,4,2,263840,0.26384,260930,275958,joint,"left,right",1,0.0,0,0.0
short,8,dynamic,4,3,258293,0.258293,252260,280011,joint,"left,right",1,0.0,0,0.0
short,8,dynamic,4,4,265338,0.265338,257237,279811,joint,"right,left",1,0.0,0,0.0
short,8,dynamic,4,5,272327,0.272327,266274,287076,joint,"right,left",1,0.0,0,0.0
short,8,dynamic,4,6,261258,0.261258,257504,301261,joint,"left,right",1,0.0,0,0.0
short,8,dynamic,4,7,259726,0.259726,258725,278796,joint,"right,left",1,0.0,0,0.0
short,8,dynamic,5,1,144644,0.144644,138254,164125,joint,"right,left",1,0.0,0,0.0
short,8,dynamic,5,2,262053,0.262053,260819,297853,joint,"left,right",1,0.0,0,0.0
short,8,dynamic,5,3,260516,0.260516,259313,308935,joint,"left,right",1,0.0,0,0.0
short,8,dynamic,5,4,261021,0.261021,248396,285141,joint,"left,right",1,0.0,0,0.0
short,8,dynamic,5,5,260539,0.260539,246116,262111,joint,"right,left",1,0.0,0,0.0
short,8,dynamic,5,6,251048,0.251048,248540,277056,joint,"right,left",1,0.0,0,0.0
short,8,dynamic,5,7,255235,0.255235,253528,275042,joint,"right,left",1,0.0,0,0.0
short,8,dynamic,6,1,144053,0.144053,139711,153977,joint,"right,left",1,0.0,0,0.0
short,8,dynamic,6,2,256016,0.256016,245877,278812,joint,"right,left",1,0.0,0,0.0
short,8,dynamic,6,3,265328,0.265328,264006,271895,joint,"left,right",1,0.0,0,0.0
short,8,dynamic,6,4,264511,0.264511,254087,283822,joint,"left,right",1,0.0,0,0.0
short,8,dynamic,6,5,256501,0.256501,254281,274793,joint,"left,right",1,0.0,0,0.0
short,8,dynamic,6,6,276312,0.276312,257696,299623,joint,"left,right",1,0.0,0,0.0
short,8,dynamic,6,7,264519,0.264519,249009,271215,joint,"left,right",1,0.0,0,0.0
short,8,dynamic,7,1,146022,0.146022,143450,209851,joint,"left,right",1,0.0,0,0.0
short,8,dynamic,7,2,263091,0.263091,252406,285143,joint,"left,right",1,0.0,0,0.0
short,8,dynamic,7,3,270875,0.270875,250331,279130,joint,"left,right",1,0.0,0,0.0
short,8,dynamic,7,4,254454,0.254454,252260,285081,joint,"right,left",1,0.0,0,0.0
short,8,dynamic,7,5,247383,0.247383,246989,273391,joint,"right,left",1,0.0,0,0.0
short,8,dynamic,7,6,266109,0.266109,265284,267694,joint,"right,left",1,0.0,0,0.0
short,8,dynamic,7,7,249394,0.249394,244187,259927,joint,"left,right",1,0.0,0,0.0
short,8,ordinary-first,1,1,184713,0.184713,181333,199622,ordinary,"left,right",2,1.0,1,1.0
short,8,ordinary-first,1,2,335004,0.335004,307904,335484,ordinary,"left,right",2,0.0,0,0.0
short,8,ordinary-first,1,3,334402,0.334402,307899,344271,ordinary,"left,right",2,0.0,0,0.0
short,8,ordinary-first,1,4,305475,0.305475,282070,335345,ordinary,"left,right",2,0.0,0,0.0
short,8,ordinary-first,1,5,303864,0.303864,301356,330507,ordinary,"left,right",2,0.0,0,0.0
short,8,ordinary-first,1,6,306739,0.306739,306095,324703,ordinary,"left,right",2,0.0,0,0.0
short,8,ordinary-first,2,1,290581,0.290581,280859,304908,ordinary,"left,right",2,0.0,0,0.0
short,8,ordinary-first,2,2,434790,0.43479,429957,476437,ordinary,"left,right",2,0.0,0,0.0
short,8,ordinary-first,2,3,414086,0.414086,407443,445396,ordinary,"left,right",2,0.0,0,0.0
short,8,ordinary-first,2,4,425874,0.425874,409073,469114,ordinary,"left,right",2,0.0,0,0.0
short,8,ordinary-first,3,1,286003,0.286003,258955,310639,ordinary,"left,right",2,0.0,0,0.0
short,8,ordinary-first,3,2,428869,0.428869,411483,442063,ordinary,"left,right",2,0.0,0,0.0
short,8,ordinary-first,3,3,441492,0.441492,415969,442303,ordinary,"left,right",2,0.0,0,0.0
short,8,ordinary-first,4,1,271270,0.27127,265318,277627,ordinary,"left,right",2,0.0,0,0.0
short,8,ordinary-first,4,2,411727,0.411727,389612,426153,ordinary,"left,right",2,0.0,0,0.0
short,8,ordinary-first,5,1,269589,0.269589,268589,285352,ordinary,"left,right",2,0.0,0,0.0
short,8,ordinary-first,6,1,292508,0.292508,267611,294474,ordinary,"left,right",2,0.0,0,0.0
tiny,2,dynamic,1,1,1570,0.00157,1561,1607,joint,"left,right",1,1.0,1,1.0
tiny,2,ordinary-first,1,1,150485,0.150485,141605,189731,ordinary,"left,right",2,1.0,1,1.0
tiny,4,dynamic,1,1,1571,0.001571,1561,1580,joint,"right,left",1,1.0,1,1.0
tiny,4,dynamic,1,2,67923,0.067923,65939,72851,joint,"right,left",1,0.0,0,0.0
tiny,4,dynamic,1,3,71634,0.071634,66941,73231,joint,"left,right",1,0.0,0,0.0
tiny,4,dynamic,2,1,69347,0.069347,67776,76399,joint,"left,right",1,0.0,0,0.0
tiny,4,dynamic,2,2,135497,0.135497,134919,140273,joint,"right,left",1,0.0,0,0.0
tiny,4,dynamic,2,3,136489,0.136489,135120,143405,joint,"left,right",1,0.0,0,0.0
tiny,4,dynamic,3,1,67528,0.067528,66757,69245,joint,"left,right",1,0.0,0,0.0
tiny,4,dynamic,3,2,138437,0.138437,135424,139364,joint,"right,left",1,0.0,0,0.0
tiny,4,dynamic,3,3,142027,0.142027,136204,143129,joint,"right,left",1,0.0,0,0.0
tiny,4,ordinary-first,1,1,169238,0.169238,166686,210814,ordinary,"left,right",2,1.0,1,1.0
tiny,4,ordinary-first,1,2,249930,0.24993,247549,254996,ordinary,"left,right",2,0.0,0,0.0
tiny,4,ordinary-first,2,1,220520,0.22052,212819,230265,ordinary,"left,right",2,0.0,0,0.0
tiny,6,dynamic,1,1,1570,0.00157,1570,1580,joint,"right,left",1,1.0,1,1.0
tiny,6,dynamic,1,2,96200,0.0962,93776,96433,joint,"left,right",1,0.0,0,0.0
tiny,6,dynamic,1,3,97339,0.097339,94428,102234,joint,"left,right",1,0.0,0,0.0
tiny,6,dynamic,1,4,94326,0.094326,93289,105604,joint,"left,right",1,0.0,0,0.0
tiny,6,dynamic,1,5,95842,0.095842,95227,98046,joint,"right,left",1,0.0,0,0.0
tiny,6,dynamic,2,1,98423,0.098423,92976,157080,joint,"left,right",1,0.0,0,0.0
tiny,6,dynamic,2,2,198360,0.19836,191105,252420,joint,"left,right",1,0.0,0,0.0
tiny,6,dynamic,2,3,193032,0.193032,191748,198910,joint,"left,right",1,0.0,0,0.0
tiny,6,dynamic,2,4,198461,0.198461,196612,215028,joint,"right,left",1,0.0,0,0.0
tiny,6,dynamic,2,5,190224,0.190224,187009,208683,joint,"right,left",1,0.0,0,0.0
tiny,6,dynamic,3,1,94887,0.094887,94694,103598,joint,"right,left",1,0.0,0,0.0
tiny,6,dynamic,3,2,195027,0.195027,186458,203200,joint,"right,left",1,0.0,0,0.0
tiny,6,dynamic,3,3,196459,0.196459,196000,210887,joint,"left,right",1,0.0,0,0.0
tiny,6,dynamic,3,4,193144,0.193144,187854,201758,joint,"right,left",1,0.0,0,0.0
tiny,6,dynamic,3,5,199600,0.1996,197901,239293,joint,"left,right",1,0.0,0,0.0
tiny,6,dynamic,4,1,97256,0.097256,97210,108935,joint,"right,left",1,0.0,0,0.0
tiny,6,dynamic,4,2,195697,0.195697,185852,208710,joint,"right,left",1,0.0,0,0.0
tiny,6,dynamic,4,3,195109,0.195109,191076,196505,joint,"left,right",1,0.0,0,0.0
tiny,6,dynamic,4,4,197709,0.197709,197286,209578,joint,"left,right",1,0.0,0,0.0
tiny,6,dynamic,4,5,195174,0.195174,190645,208904,joint,"left,right",1,0.0,0,0.0
tiny,6,dynamic,5,1,100470,0.10047,94534,101829,joint,"left,right",1,0.0,0,0.0
tiny,6,dynamic,5,2,188690,0.18869,188432,208903,joint,"right,left",1,0.0,0,0.0
tiny,6,dynamic,5,3,195651,0.195651,185329,205799,joint,"left,right",1,0.0,0,0.0
tiny,6,dynamic,5,4,199334,0.199334,188194,240063,joint,"right,left",1,0.0,0,0.0
tiny,6,dynamic,5,5,197350,0.19735,195614,205110,joint,"left,right",1,0.0,0,0.0
tiny,6,ordinary-first,1,1,168008,0.168008,164656,168513,ordinary,"left,right",2,1.0,1,1.0
tiny,6,ordinary-first,1,2,271834,0.271834,265494,281960,ordinary,"left,right",2,0.0,0,0.0
tiny,6,ordinary-first,1,3,262215,0.262215,258881,274411,ordinary,"left,right",2,0.0,0,0.0
tiny,6,ordinary-first,1,4,269232,0.269232,260984,279439,ordinary,"left,right",2,0.0,0,0.0
tiny,6,ordinary-first,2,1,235738,0.235738,233562,237923,ordinary,"left,right",2,0.0,0,0.0
tiny,6,ordinary-first,2,2,347265,0.347265,338045,356174,ordinary,"left,right",2,0.0,0,0.0
tiny,6,ordinary-first,3,1,234085,0.234085,230527,244657,ordinary,"left,right",2,0.0,0,0.0
tiny,6,ordinary-first,4,1,256117,0.256117,230650,260911,ordinary,"left,right",2,0.0,0,0.0
tiny,8,dynamic,1,1,1589,0.001589,1561,2388,joint,"right,left",1,1.0,1,1.0
tiny,8,dynamic,1,2,125928,0.125928,119876,134101,joint,"right,left",1,0.0,0,0.0
tiny,8,dynamic,1,3,126176,0.126176,121326,161929,joint,"right,left",1,0.0,0,0.0
tiny,8,dynamic,1,4,127121,0.127121,125753,166553,joint,"left,right",1,0.0,0,0.0
tiny,8,dynamic,1,5,122935,0.122935,119288,140926,joint,"right,left",1,0.0,0,0.0
tiny,8,dynamic,1,6,127912,0.127912,126892,131144,joint,"right,left",1,0.0,0,0.0
tiny,8,dynamic,1,7,124642,0.124642,123912,126277,joint,"right,left",1,0.0,0,0.0
tiny,8,dynamic,2,1,125060,0.12506,124388,164977,joint,"right,left",1,0.0,0,0.0
tiny,8,dynamic,2,2,254842,0.254842,247080,279104,joint,"right,left",1,0.0,0,0.0
tiny,8,dynamic,2,3,249705,0.249705,246657,249900,joint,"left,right",1,0.0,0,0.0
tiny,8,dynamic,2,4,262683,0.262683,250777,274910,joint,"left,right",1,0.0,0,0.0
tiny,8,dynamic,2,5,266127,0.266127,252201,275104,joint,"right,left",1,0.0,0,0.0
tiny,8,dynamic,2,6,260846,0.260846,257880,291643,joint,"left,right",1,0.0,0,0.0
tiny,8,dynamic,2,7,257426,0.257426,250560,328563,joint,"right,left",1,0.0,0,0.0
tiny,8,dynamic,3,1,125046,0.125046,118103,127669,joint,"left,right",1,0.0,0,0.0
tiny,8,dynamic,3,2,259271,0.259271,256209,291649,joint,"left,right",1,0.0,0,0.0
tiny,8,dynamic,3,3,259266,0.259266,253932,271436,joint,"right,left",1,0.0,0,0.0
tiny,8,dynamic,3,4,255148,0.255148,247025,294764,joint,"right,left",1,0.0,0,0.0
tiny,8,dynamic,3,5,241303,0.241303,237116,252985,joint,"right,left",1,0.0,0,0.0
tiny,8,dynamic,3,6,251029,0.251029,246355,262559,joint,"left,right",1,0.0,0,0.0
tiny,8,dynamic,3,7,259920,0.25992,252149,294524,joint,"left,right",1,0.0,0,0.0
tiny,8,dynamic,4,1,123292,0.123292,121832,167732,joint,"right,left",1,0.0,0,0.0
tiny,8,dynamic,4,2,252049,0.252049,242314,298224,joint,"left,right",1,0.0,0,0.0
tiny,8,dynamic,4,3,252838,0.252838,245335,335857,joint,"left,right",1,0.0,0,0.0
tiny,8,dynamic,4,4,256244,0.256244,249276,317749,joint,"right,left",1,0.0,0,0.0
tiny,8,dynamic,4,5,256429,0.256429,248715,325133,joint,"left,right",1,0.0,0,0.0
tiny,8,dynamic,4,6,259069,0.259069,247438,295607,joint,"right,left",1,0.0,0,0.0
tiny,8,dynamic,4,7,250644,0.250644,247558,267606,joint,"right,left",1,0.0,0,0.0
tiny,8,dynamic,5,1,127779,0.127779,122512,130134,joint,"left,right",1,0.0,0,0.0
tiny,8,dynamic,5,2,251378,0.251378,245124,321496,joint,"right,left",1,0.0,0,0.0
tiny,8,dynamic,5,3,256375,0.256375,255511,263660,joint,"left,right",1,0.0,0,0.0
tiny,8,dynamic,5,4,251112,0.251112,248421,255961,joint,"left,right",1,0.0,0,0.0
tiny,8,dynamic,5,5,255498,0.255498,243929,257430,joint,"right,left",1,0.0,0,0.0
tiny,8,dynamic,5,6,270515,0.270515,259983,281267,joint,"right,left",1,0.0,0,0.0
tiny,8,dynamic,5,7,256025,0.256025,255968,279361,joint,"right,left",1,0.0,0,0.0
tiny,8,dynamic,6,1,121309,0.121309,121199,146571,joint,"right,left",1,0.0,0,0.0
tiny,8,dynamic,6,2,250741,0.250741,241386,305484,joint,"left,right",1,0.0,0,0.0
tiny,8,dynamic,6,3,252926,0.252926,250330,257532,joint,"right,left",1,0.0,0,0.0
tiny,8,dynamic,6,4,258362,0.258362,244536,298491,joint,"right,left",1,0.0,0,0.0
tiny,8,dynamic,6,5,269673,0.269673,258358,271713,joint,"left,right",1,0.0,0,0.0
tiny,8,dynamic,6,6,248378,0.248378,247851,264125,joint,"left,right",1,0.0,0,0.0
tiny,8,dynamic,6,7,256194,0.256194,248962,331948,joint,"right,left",1,0.0,0,0.0
tiny,8,dynamic,7,1,125965,0.125965,124385,176356,joint,"left,right",1,0.0,0,0.0
tiny,8,dynamic,7,2,257228,0.257228,256985,262031,joint,"right,left",1,0.0,0,0.0
tiny,8,dynamic,7,3,260470,0.26047,256842,326547,joint,"right,left",1,0.0,0,0.0
tiny,8,dynamic,7,4,268561,0.268561,242681,296270,joint,"left,right",1,0.0,0,0.0
tiny,8,dynamic,7,5,249545,0.249545,246864,268552,joint,"right,left",1,0.0,0,0.0
tiny,8,dynamic,7,6,258045,0.258045,256172,360463,joint,"right,left",1,0.0,0,0.0
tiny,8,dynamic,7,7,251075,0.251075,238879,255056,joint,"right,left",1,0.0,0,0.0
tiny,8,ordinary-first,1,1,176760,0.17676,161799,184649,ordinary,"left,right",2,1.0,1,1.0
tiny,8,ordinary-first,1,2,357333,0.357333,315757,379790,ordinary,"left,right",2,0.0,0,0.0
tiny,8,ordinary-first,1,3,349085,0.349085,322048,425484,ordinary,"left,right",2,0.0,0,0.0
tiny,8,ordinary-first,1,4,304067,0.304067,293660,323127,ordinary,"left,right",2,0.0,0,0.0
tiny,8,ordinary-first,1,5,328059,0.328059,323857,384083,ordinary,"left,right",2,0.0,0,0.0
tiny,8,ordinary-first,1,6,321193,0.321193,311541,392092,ordinary,"left,right",2,0.0,0,0.0
tiny,8,ordinary-first,2,1,279002,0.279002,268956,301737,ordinary,"left,right",2,0.0,0,0.0
tiny,8,ordinary-first,2,2,405381,0.405381,402883,540594,ordinary,"left,right",2,0.0,0,0.0
tiny,8,ordinary-first,2,3,418468,0.418468,410515,569973,ordinary,"left,right",2,0.0,0,0.0
tiny,8,ordinary-first,2,4,420689,0.420689,419386,445138,ordinary,"left,right",2,0.0,0,0.0
tiny,8,ordinary-first,3,1,280932,0.280932,254960,294865,ordinary,"left,right",2,0.0,0,0.0
tiny,8,ordinary-first,3,2,427072,0.427072,424749,427992,ordinary,"left,right",2,0.0,0,0.0
tiny,8,ordinary-first,3,3,405578,0.405578,404104,578851,ordinary,"left,right",2,0.0,0,0.0
tiny,8,ordinary-first,4,1,274852,0.274852,269194,300823,ordinary,"left,right",2,0.0,0,0.0
tiny,8,ordinary-first,4,2,419355,0.419355,401275,452842,ordinary,"left,right",2,0.0,0,0.0
tiny,8,ordinary-first,5,1,279738,0.279738,265943,340171,ordinary,"left,right",2,0.0,0,0.0
tiny,8,ordinary-first,6,1,268717,0.268717,267284,358819,ordinary,"left,right",2,0.0,0,0.0
trip_skew,2,dynamic,1,1,4038575,4.038575,3985781,4109964,ordinary,"left,right",2,1.0,1,1.0
trip_skew,2,ordinary-first,1,1,3999324,3.999324,3988135,4014258,ordinary,"left,right",2,1.0,1,1.0
trip_skew,4,dynamic,1,1,4050762,4.050762,4045041,4187301,joint,"right,left",1,0.0,0,0.0
trip_skew,4,dynamic,1,2,4139093,4.139093,4041110,4266589,ordinary,"left,right",2,0.0,0,0.0
trip_skew,4,dynamic,1,3,4165178,4.165178,4158444,4174069,joint,"left,right",1,0.0,0,0.0
trip_skew,4,dynamic,2,1,2542295,2.542295,2433927,2669306,ordinary,"left,right",2,1.0,0,1.0
trip_skew,4,dynamic,2,2,2583073,2.583073,2503087,2712130,joint,"left,right",1,0.0,0,0.0
trip_skew,4,dynamic,2,3,2591046,2.591046,2527050,2657851,joint,"left,right",1,0.0,0,0.0
trip_skew,4,dynamic,3,1,1897146,1.897146,1810848,1919045,joint,"left,right",1,0.0,0,0.0
trip_skew,4,dynamic,3,2,1899668,1.899668,1840765,1931218,joint,"left,right",1,0.0,0,0.0
trip_skew,4,dynamic,3,3,1723247,1.723247,1711708,1856321,joint,"right,left",1,0.0,1,0.0
trip_skew,4,ordinary-first,1,1,4186702,4.186702,4147008,4280010,ordinary,"left,right",2,0.0,0,0.0
trip_skew,4,ordinary-first,1,2,4201230,4.20123,4185394,4261519,ordinary,"left,right",2,0.0,0,0.0
trip_skew,4,ordinary-first,2,1,2663389,2.663389,2518119,2667121,ordinary,"left,right",2,1.0,1,1.0
trip_skew,6,dynamic,1,1,4161956,4.161956,4149323,4193874,joint,"right,left",1,0.0,0,0.0
trip_skew,6,dynamic,1,2,4281696,4.281696,4273761,4352224,joint,"right,left",1,0.0,0,0.0
trip_skew,6,dynamic,1,3,4207768,4.207768,4161148,5637551,ordinary,"left,right",2,0.0,0,0.0
trip_skew,6,dynamic,1,4,4206729,4.206729,4186113,5699613,ordinary,"left,right",2,0.0,0,0.0
trip_skew,6,dynamic,1,5,4211831,4.211831,4192729,4259095,joint,"right,left",1,0.0,0,0.0
trip_skew,6,dynamic,2,1,2726369,2.726369,2716849,2737557,joint,"right,left",1,0.0,0,0.0
trip_skew,6,dynamic,2,2,2724571,2.724571,2656079,2754361,joint,"left,right",1,0.0,0,0.0
trip_skew,6,dynamic,2,3,2675402,2.675402,2555270,2702170,joint,"left,right",1,0.0,0,0.0
trip_skew,6,dynamic,2,4,2634982,2.634982,2611152,2666203,joint,"left,right",1,0.0,0,0.0
trip_skew,6,dynamic,2,5,2578456,2.578456,2570530,2660510,joint,"left,right",1,0.0,0,0.0
trip_skew,6,dynamic,3,1,1915692,1.915692,1733858,3344691,ordinary,"left,right",2,0.0,0,0.0
trip_skew,6,dynamic,3,2,1991408,1.991408,1969736,2040896,joint,"left,right",1,0.0,0,0.0
trip_skew,6,dynamic,3,3,1857446,1.857446,1850514,1864112,joint,"left,right",1,0.0,0,0.0
trip_skew,6,dynamic,3,4,1842541,1.842541,1780923,1843778,joint,"left,right",1,0.0,0,0.0
trip_skew,6,dynamic,3,5,1835892,1.835892,1827970,1842725,joint,"left,right",1,0.0,0,0.0
trip_skew,6,dynamic,4,1,1529737,1.529737,1505931,1617739,joint,"right,left",1,1.0,0,1.0
trip_skew,6,dynamic,4,2,1500946,1.500946,1487723,1510012,joint,"left,right",1,0.0,0,0.0
trip_skew,6,dynamic,4,3,1451160,1.45116,1429488,1461827,joint,"left,right",1,0.0,0,0.0
trip_skew,6,dynamic,4,4,1418870,1.41887,1398954,1522324,joint,"left,right",1,0.0,0,0.0
trip_skew,6,dynamic,4,5,1384744,1.384744,1372292,1481256,joint,"left,right",1,0.0,0,0.0
trip_skew,6,dynamic,5,1,1410515,1.410515,1228393,2095103,joint,"right,left",1,0.0,0,0.0
trip_skew,6,dynamic,5,2,1226453,1.226453,1206292,1477762,joint,"left,right",1,0.0,0,0.0
trip_skew,6,dynamic,5,3,1327688,1.327688,1286593,1349281,joint,"right,left",1,0.0,0,0.0
trip_skew,6,dynamic,5,4,1279070,1.27907,1158715,1296735,joint,"right,left",1,0.0,0,0.0
trip_skew,6,dynamic,5,5,1163971,1.163971,1137281,1636239,joint,"left,right",1,0.0,1,0.0
trip_skew,6,ordinary-first,1,1,4139096,4.139096,4132590,4407006,ordinary,"left,right",2,0.0,0,0.0
trip_skew,6,ordinary-first,1,2,4281317,4.281317,4124038,4354009,ordinary,"left,right",2,0.0,0,0.0
trip_skew,6,ordinary-first,1,3,4289958,4.289958,4169769,4437038,ordinary,"left,right",2,0.0,0,0.0
trip_skew,6,ordinary-first,1,4,4185994,4.185994,4171096,4372914,ordinary,"left,right",2,0.0,0,0.0
trip_skew,6,ordinary-first,2,1,2651548,2.651548,2632546,2888965,ordinary,"left,right",2,0.0,0,0.0
trip_skew,6,ordinary-first,2,2,2892811,2.892811,2814791,3071927,ordinary,"left,right",2,0.0,0,0.0
trip_skew,6,ordinary-first,3,1,2080774,2.080774,1948959,2118970,ordinary,"left,right",2,0.0,1,0.0
trip_skew,6,ordinary-first,4,1,2681823,2.681823,1740452,2698403,ordinary,"left,right",2,1.0,0,1.0
trip_skew,8,dynamic,1,1,3838889,3.838889,3830641,4174388,joint,"left,right",1,0.0,0,0.0
trip_skew,8,dynamic,1,2,3918042,3.918042,3910320,4363042,joint,"left,right",2,0.0,0,0.0
trip_skew,8,dynamic,1,3,3911651,3.911651,3901897,3945236,joint,"left,right",1,0.0,0,0.0
trip_skew,8,dynamic,1,4,3883870,3.88387,3870140,3949589,joint,"left,right",1,0.0,0,0.0
trip_skew,8,dynamic,1,5,3914203,3.914203,3863417,4280414,joint,"right,left",1,0.0,0,0.0
trip_skew,8,dynamic,1,6,3912368,3.912368,3900221,4239300,joint,"right,left",1,0.0,0,0.0
trip_skew,8,dynamic,1,7,3850772,3.850772,3813284,4242361,joint,"left,right",1,0.0,0,0.0
trip_skew,8,dynamic,2,1,2542057,2.542057,2531570,3817895,joint,"right,left",2,0.0,0,0.0
trip_skew,8,dynamic,2,2,2505148,2.505148,2494385,2577140,joint,"left,right",1,0.0,0,0.0
trip_skew,8,dynamic,2,3,2494697,2.494697,2474240,2781888,joint,"right,left",1,0.0,0,0.0
trip_skew,8,dynamic,2,4,2424679,2.424679,2377797,2676321,joint,"left,right",1,0.0,0,0.0
trip_skew,8,dynamic,2,5,2396136,2.396136,2388009,2408213,joint,"left,right",1,0.0,0,0.0
trip_skew,8,dynamic,2,6,2430768,2.430768,2409949,2724137,joint,"right,left",1,0.0,0,0.0
trip_skew,8,dynamic,2,7,2697279,2.697279,2456134,2723859,joint,"right,left",1,0.0,0,0.0
trip_skew,8,dynamic,3,1,1782439,1.782439,1755734,2020207,joint,"right,left",1,0.0,0,0.0
trip_skew,8,dynamic,3,2,1906668,1.906668,1853642,2926831,joint,"right,left",1,0.0,0,0.0
trip_skew,8,dynamic,3,3,1866969,1.866969,1813592,1892161,joint,"left,right",1,0.0,0,0.0
trip_skew,8,dynamic,3,4,1776193,1.776193,1725951,1991221,joint,"right,left",1,0.0,0,0.0
trip_skew,8,dynamic,3,5,1844035,1.844035,1809556,1924196,joint,"right,left",1,0.0,0,0.0
trip_skew,8,dynamic,3,6,1796106,1.796106,1760748,2015254,joint,"right,left",1,0.0,0,0.0
trip_skew,8,dynamic,3,7,1727696,1.727696,1687269,1768334,joint,"right,left",1,0.0,0,0.0
trip_skew,8,dynamic,4,1,1492234,1.492234,1486751,1500893,joint,"right,left",2,0.0,0,0.0
trip_skew,8,dynamic,4,2,1532494,1.532494,1402026,3394871,joint,"left,right",1,0.0,0,0.0
trip_skew,8,dynamic,4,3,1494208,1.494208,1460972,1821287,joint,"right,left",1,0.0,0,0.0
trip_skew,8,dynamic,4,4,1448348,1.448348,1361632,1454315,joint,"left,right",1,0.0,0,0.0
trip_skew,8,dynamic,4,5,1366719,1.366719,1358987,1553125,joint,"right,left",1,0.0,0,0.0
trip_skew,8,dynamic,4,6,1403739,1.403739,1331114,1451244,joint,"left,right",1,0.0,0,0.0
trip_skew,8,dynamic,4,7,1440447,1.440447,1408560,1448799,joint,"right,left",1,0.0,0,0.0
trip_skew,8,dynamic,5,1,1202477,1.202477,1155566,1390955,joint,"right,left",1,0.0,0,0.0
trip_skew,8,dynamic,5,2,1265582,1.265582,1179315,1340572,joint,"left,right",1,0.0,0,0.0
trip_skew,8,dynamic,5,3,1244498,1.244498,1177092,1988257,joint,"left,right",1,0.0,0,0.0
trip_skew,8,dynamic,5,4,1182474,1.182474,1180821,1248059,joint,"right,left",1,0.0,0,0.0
trip_skew,8,dynamic,5,5,1374823,1.374823,1274689,2064723,joint,"left,right",1,0.0,0,0.0
trip_skew,8,dynamic,5,6,1149054,1.149054,1126802,1816605,joint,"right,left",1,0.0,0,0.0
trip_skew,8,dynamic,5,7,1149891,1.149891,1101235,1199263,joint,"right,left",1,0.0,0,0.0
trip_skew,8,dynamic,6,1,1653896,1.653896,1288626,1664691,joint,"left,right",2,1.0,0,1.0
trip_skew,8,dynamic,6,2,1723674,1.723674,1709981,1856519,joint,"left,right",1,0.0,0,0.0
trip_skew,8,dynamic,6,3,1707593,1.707593,1638650,1805661,joint,"right,left",1,0.0,0,0.0
trip_skew,8,dynamic,6,4,1188489,1.188489,974067,1780234,joint,"right,left",1,0.0,0,0.0
trip_skew,8,dynamic,6,5,1042807,1.042807,974352,1900784,joint,"right,left",1,0.0,1,0.0
trip_skew,8,dynamic,6,6,1115801,1.115801,985832,1963049,joint,"right,left",1,0.0,0,0.0
trip_skew,8,dynamic,6,7,1062717,1.062717,979035,1713249,joint,"right,left",1,0.0,0,0.0
trip_skew,8,dynamic,7,1,1523504,1.523504,1489092,1795860,joint,"left,right",1,0.0,0,0.0
trip_skew,8,dynamic,7,2,1686251,1.686251,1522049,1794939,joint,"left,right",1,0.0,0,0.0
trip_skew,8,dynamic,7,3,1484868,1.484868,1470367,1588267,joint,"left,right",1,0.0,0,0.0
trip_skew,8,dynamic,7,4,1484850,1.48485,1465752,1728005,joint,"left,right",1,0.0,0,0.0
trip_skew,8,dynamic,7,5,1450373,1.450373,1434763,1580674,joint,"left,right",1,0.0,0,0.0
trip_skew,8,dynamic,7,6,1473636,1.473636,1470744,1602091,joint,"right,left",1,0.0,0,0.0
trip_skew,8,dynamic,7,7,1470569,1.470569,1461082,1500361,joint,"left,right",1,0.0,0,0.0
trip_skew,8,ordinary-first,1,1,4002282,4.002282,3968879,4219553,ordinary,"left,right",2,0.0,0,0.0
trip_skew,8,ordinary-first,1,2,4002920,4.00292,3944648,4254936,ordinary,"left,right",2,0.0,0,0.0
trip_skew,8,ordinary-first,1,3,4058298,4.058298,3877460,4203676,ordinary,"left,right",2,0.0,0,0.0
trip_skew,8,ordinary-first,1,4,3999383,3.999383,3985832,4276672,ordinary,"left,right",2,0.0,0,0.0
trip_skew,8,ordinary-first,1,5,4016516,4.016516,3955237,4271635,ordinary,"left,right",2,0.0,0,0.0
trip_skew,8,ordinary-first,1,6,4174407,4.174407,4015795,4197991,ordinary,"left,right",2,0.0,0,0.0
trip_skew,8,ordinary-first,2,1,2585341,2.585341,2507168,2594273,ordinary,"left,right",2,0.0,0,0.0
trip_skew,8,ordinary-first,2,2,2820867,2.820867,2788463,2915844,ordinary,"left,right",2,0.0,0,0.0
trip_skew,8,ordinary-first,2,3,2765563,2.765563,2634235,2922786,ordinary,"left,right",2,0.0,0,0.0
trip_skew,8,ordinary-first,2,4,2738867,2.738867,2712409,2866327,ordinary,"left,right",2,0.0,0,0.0
trip_skew,8,ordinary-first,3,1,1826661,1.826661,1823620,1964366,ordinary,"left,right",2,0.0,0,0.0
trip_skew,8,ordinary-first,3,2,2102624,2.102624,2028487,2201808,ordinary,"left,right",2,0.0,0,0.0
trip_skew,8,ordinary-first,3,3,2086249,2.086249,2043615,2204698,ordinary,"left,right",2,0.0,0,0.0
trip_skew,8,ordinary-first,4,1,1617217,1.617217,1572096,2039504,ordinary,"left,right",2,0.0,1,0.0
trip_skew,8,ordinary-first,4,2,1800166,1.800166,1665692,1852338,ordinary,"left,right",2,0.0,0,0.0
trip_skew,8,ordinary-first,5,1,1889354,1.889354,1687871,1907707,ordinary,"left,right",2,0.0,0,0.0
trip_skew,8,ordinary-first,6,1,1657179,1.657179,1241237,1683937,ordinary,"left,right",2,1.0,0,1.0
uneven_chunks,2,dynamic,1,1,73565,0.073565,73153,74506,joint,"right,left",1,1.0,1,1.0
uneven_chunks,2,ordinary-first,1,1,219390,0.21939,216397,220939,ordinary,"left,right",2,1.0,1,1.0
uneven_chunks,4,dynamic,1,1,74938,0.074938,74546,74968,joint,"left,right",1,1.0,1,1.0
uneven_chunks,4,dynamic,1,2,124547,0.124547,121820,133719,joint,"right,left",1,0.0,0,0.0
uneven_chunks,4,dynamic,1,3,103878,0.103878,102121,110057,joint,"right,left",1,0.0,0,0.0
uneven_chunks,4,dynamic,2,1,139507,0.139507,139389,145217,joint,"left,right",1,0.0,0,0.0
uneven_chunks,4,dynamic,2,2,198837,0.198837,190411,206730,joint,"left,right",1,0.0,0,0.0
uneven_chunks,4,dynamic,2,3,168082,0.168082,165224,168736,joint,"left,right",1,0.0,0,0.0
uneven_chunks,4,dynamic,3,1,138693,0.138693,136928,141773,joint,"right,left",1,0.0,0,0.0
uneven_chunks,4,dynamic,3,2,189612,0.189612,183559,191191,joint,"right,left",1,0.0,0,0.0
uneven_chunks,4,dynamic,3,3,168000,0.168,164919,175525,joint,"left,right",1,0.0,0,0.0
uneven_chunks,4,ordinary-first,1,1,232014,0.232014,225942,233849,ordinary,"left,right",2,1.0,1,1.0
uneven_chunks,4,ordinary-first,1,2,292596,0.292596,284169,293209,ordinary,"left,right",2,0.0,0,0.0
uneven_chunks,4,ordinary-first,2,1,247764,0.247764,241173,248005,ordinary,"left,right",2,0.0,0,0.0
uneven_chunks,6,dynamic,1,1,75429,0.075429,74055,76145,joint,"right,left",1,1.0,1,1.0
uneven_chunks,6,dynamic,1,2,148375,0.148375,145275,152191,joint,"left,right",1,0.0,0,0.0
uneven_chunks,6,dynamic,1,3,135083,0.135083,134573,148905,joint,"right,left",1,0.0,0,0.0
uneven_chunks,6,dynamic,1,4,124479,0.124479,123134,133553,joint,"right,left",1,0.0,0,0.0
uneven_chunks,6,dynamic,1,5,121368,0.121368,119181,134277,joint,"left,right",1,0.0,0,0.0
uneven_chunks,6,dynamic,2,1,168123,0.168123,154536,183122,joint,"left,right",1,0.0,0,0.0
uneven_chunks,6,dynamic,2,2,251860,0.25186,249016,305029,joint,"left,right",1,0.0,0,0.0
uneven_chunks,6,dynamic,2,3,236322,0.236322,232427,236459,joint,"right,left",1,0.0,0,0.0
uneven_chunks,6,dynamic,2,4,235615,0.235615,225403,244081,joint,"right,left",1,0.0,0,0.0
uneven_chunks,6,dynamic,2,5,229503,0.229503,228199,230631,joint,"right,left",1,0.0,0,0.0
uneven_chunks,6,dynamic,3,1,169339,0.169339,169133,174897,joint,"right,left",1,0.0,0,0.0
uneven_chunks,6,dynamic,3,2,248318,0.248318,246460,264211,joint,"left,right",1,0.0,0,0.0
uneven_chunks,6,dynamic,3,3,233579,0.233579,228887,236547,joint,"right,left",1,0.0,0,0.0
uneven_chunks,6,dynamic,3,4,223912,0.223912,223471,230956,joint,"left,right",1,0.0,0,0.0
uneven_chunks,6,dynamic,3,5,229778,0.229778,224245,239147,joint,"left,right",1,0.0,0,0.0
uneven_chunks,6,dynamic,4,1,166190,0.16619,163022,168555,joint,"left,right",1,0.0,0,0.0
uneven_chunks,6,dynamic,4,2,244140,0.24414,243355,251026,joint,"left,right",1,0.0,0,0.0
uneven_chunks,6,dynamic,4,3,241256,0.241256,235165,246553,joint,"right,left",1,0.0,0,0.0
uneven_chunks,6,dynamic,4,4,226600,0.2266,222391,236146,joint,"left,right",1,0.0,0,0.0
uneven_chunks,6,dynamic,4,5,231250,0.23125,225913,235100,joint,"left,right",1,0.0,0,0.0
uneven_chunks,6,dynamic,5,1,164483,0.164483,162865,165146,joint,"left,right",1,0.0,0,0.0
uneven_chunks,6,dynamic,5,2,243934,0.243934,241932,248717,joint,"left,right",1,0.0,0,0.0
uneven_chunks,6,dynamic,5,3,234281,0.234281,220037,246342,joint,"left,right",1,0.0,0,0.0
uneven_chunks,6,dynamic,5,4,226218,0.226218,223804,239578,joint,"left,right",1,0.0,0,0.0
uneven_chunks,6,dynamic,5,5,232613,0.232613,231809,238092,joint,"left,right",1,0.0,0,0.0
uneven_chunks,6,ordinary-first,1,1,263995,0.263995,238283,307434,ordinary,"left,right",2,1.0,1,1.0
uneven_chunks,6,ordinary-first,1,2,348699,0.348699,321138,358406,ordinary,"left,right",2,0.0,0,0.0
uneven_chunks,6,ordinary-first,1,3,353677,0.353677,310111,373203,ordinary,"left,right",2,0.0,0,0.0
uneven_chunks,6,ordinary-first,1,4,328662,0.328662,296428,380370,ordinary,"left,right",2,0.0,0,0.0
uneven_chunks,6,ordinary-first,2,1,288462,0.288462,272314,310493,ordinary,"left,right",2,0.0,0,0.0
uneven_chunks,6,ordinary-first,2,2,423171,0.423171,413744,517416,ordinary,"left,right",2,0.0,0,0.0
uneven_chunks,6,ordinary-first,3,1,278233,0.278233,265761,308611,ordinary,"left,right",2,0.0,0,0.0
uneven_chunks,6,ordinary-first,4,1,272495,0.272495,257756,314232,ordinary,"left,right",2,0.0,0,0.0
uneven_chunks,8,dynamic,1,1,74957,0.074957,74693,75389,joint,"left,right",1,1.0,1,1.0
uneven_chunks,8,dynamic,1,2,193345,0.193345,182151,207284,joint,"left,right",1,0.0,0,0.0
uneven_chunks,8,dynamic,1,3,161383,0.161383,161207,166122,joint,"left,right",1,0.0,0,0.0
uneven_chunks,8,dynamic,1,4,148826,0.148826,147139,154693,joint,"right,left",1,0.0,0,0.0
uneven_chunks,8,dynamic,1,5,162398,0.162398,156597,193436,joint,"left,right",1,0.0,0,0.0
uneven_chunks,8,dynamic,1,6,160729,0.160729,157960,193393,joint,"right,left",1,0.0,0,0.0
uneven_chunks,8,dynamic,1,7,150042,0.150042,147914,157587,joint,"right,left",1,0.0,0,0.0
uneven_chunks,8,dynamic,2,1,197522,0.197522,183848,198269,joint,"left,right",1,0.0,0,0.0
uneven_chunks,8,dynamic,2,2,313879,0.313879,311073,390829,joint,"left,right",1,0.0,0,0.0
uneven_chunks,8,dynamic,2,3,287117,0.287117,286106,307757,joint,"left,right",1,0.0,0,0.0
uneven_chunks,8,dynamic,2,4,284027,0.284027,281114,295769,joint,"right,left",1,0.0,0,0.0
uneven_chunks,8,dynamic,2,5,293003,0.293003,290688,297123,joint,"left,right",1,0.0,0,0.0
uneven_chunks,8,dynamic,2,6,289594,0.289594,282016,293759,joint,"left,right",1,0.0,0,0.0
uneven_chunks,8,dynamic,2,7,284136,0.284136,278671,284900,joint,"right,left",1,0.0,0,0.0
uneven_chunks,8,dynamic,3,1,195356,0.195356,194580,198602,joint,"right,left",1,0.0,0,0.0
uneven_chunks,8,dynamic,3,2,301646,0.301646,301331,305874,joint,"right,left",1,0.0,0,0.0
uneven_chunks,8,dynamic,3,3,295309,0.295309,290217,307669,joint,"left,right",1,0.0,0,0.0
uneven_chunks,8,dynamic,3,4,293798,0.293798,281290,374858,joint,"right,left",1,0.0,0,0.0
uneven_chunks,8,dynamic,3,5,285175,0.285175,272049,295544,joint,"right,left",1,0.0,0,0.0
uneven_chunks,8,dynamic,3,6,289108,0.289108,286126,294426,joint,"right,left",1,0.0,0,0.0
uneven_chunks,8,dynamic,3,7,279054,0.279054,271946,296731,joint,"left,right",1,0.0,0,0.0
uneven_chunks,8,dynamic,4,1,191931,0.191931,191235,223710,joint,"left,right",1,0.0,0,0.0
uneven_chunks,8,dynamic,4,2,302456,0.302456,298467,423869,joint,"left,right",1,0.0,0,0.0
uneven_chunks,8,dynamic,4,3,281300,0.2813,279976,284851,joint,"left,right",1,0.0,0,0.0
uneven_chunks,8,dynamic,4,4,287912,0.287912,280544,356485,joint,"left,right",1,0.0,0,0.0
uneven_chunks,8,dynamic,4,5,285719,0.285719,272824,290157,joint,"right,left",1,0.0,0,0.0
uneven_chunks,8,dynamic,4,6,284416,0.284416,283163,286009,joint,"left,right",1,0.0,0,0.0
uneven_chunks,8,dynamic,4,7,283321,0.283321,275218,285243,joint,"right,left",1,0.0,0,0.0
uneven_chunks,8,dynamic,5,1,191510,0.19151,189460,192314,joint,"right,left",1,0.0,0,0.0
uneven_chunks,8,dynamic,5,2,309514,0.309514,305378,328387,joint,"right,left",1,0.0,0,0.0
uneven_chunks,8,dynamic,5,3,296848,0.296848,285087,304098,joint,"left,right",1,0.0,0,0.0
uneven_chunks,8,dynamic,5,4,277710,0.27771,275855,284243,joint,"left,right",1,0.0,0,0.0
uneven_chunks,8,dynamic,5,5,288697,0.288697,278661,322442,joint,"right,left",1,0.0,0,0.0
uneven_chunks,8,dynamic,5,6,287303,0.287303,274914,418296,joint,"left,right",1,0.0,0,0.0
uneven_chunks,8,dynamic,5,7,282424,0.282424,282124,294749,joint,"right,left",1,0.0,0,0.0
uneven_chunks,8,dynamic,6,1,193187,0.193187,190146,200530,joint,"right,left",1,0.0,0,0.0
uneven_chunks,8,dynamic,6,2,302588,0.302588,297967,313369,joint,"right,left",1,0.0,0,0.0
uneven_chunks,8,dynamic,6,3,286381,0.286381,285940,297703,joint,"right,left",1,0.0,0,0.0
uneven_chunks,8,dynamic,6,4,283964,0.283964,274326,359622,joint,"left,right",1,0.0,0,0.0
uneven_chunks,8,dynamic,6,5,285509,0.285509,278200,287450,joint,"right,left",1,0.0,0,0.0
uneven_chunks,8,dynamic,6,6,274561,0.274561,272412,293425,joint,"right,left",1,0.0,0,0.0
uneven_chunks,8,dynamic,6,7,283620,0.28362,269254,302647,joint,"left,right",1,0.0,0,0.0
uneven_chunks,8,dynamic,7,1,193648,0.193648,190857,201418,joint,"left,right",1,0.0,0,0.0
uneven_chunks,8,dynamic,7,2,305099,0.305099,297972,310396,joint,"right,left",1,0.0,0,0.0
uneven_chunks,8,dynamic,7,3,281261,0.281261,280044,286764,joint,"left,right",1,0.0,0,0.0
uneven_chunks,8,dynamic,7,4,287349,0.287349,281369,291277,joint,"left,right",1,0.0,0,0.0
uneven_chunks,8,dynamic,7,5,283949,0.283949,281663,288932,joint,"right,left",1,0.0,0,0.0
uneven_chunks,8,dynamic,7,6,284439,0.284439,282889,301435,joint,"left,right",1,0.0,0,0.0
uneven_chunks,8,dynamic,7,7,282055,0.282055,276641,295623,joint,"left,right",1,0.0,0,0.0
uneven_chunks,8,ordinary-first,1,1,237528,0.237528,235988,238323,ordinary,"left,right",2,1.0,1,1.0
uneven_chunks,8,ordinary-first,1,2,357602,0.357602,355948,372052,ordinary,"left,right",2,0.0,0,0.0
uneven_chunks,8,ordinary-first,1,3,338982,0.338982,334734,352319,ordinary,"left,right",2,0.0,0,0.0
uneven_chunks,8,ordinary-first,1,4,326200,0.3262,322609,335068,ordinary,"left,right",2,0.0,0,0.0
uneven_chunks,8,ordinary-first,1,5,333425,0.333425,317469,339542,ordinary,"left,right",2,0.0,0,0.0
uneven_chunks,8,ordinary-first,1,6,330889,0.330889,329535,335480,ordinary,"left,right",2,0.0,0,0.0
uneven_chunks,8,ordinary-first,2,1,307364,0.307364,299694,309347,ordinary,"left,right",2,0.0,0,0.0
uneven_chunks,8,ordinary-first,2,2,481830,0.48183,466207,511686,ordinary,"left,right",2,0.0,0,0.0
uneven_chunks,8,ordinary-first,2,3,453915,0.453915,434816,467886,ordinary,"left,right",2,0.0,0,0.0
uneven_chunks,8,ordinary-first,2,4,433473,0.433473,429886,444755,ordinary,"left,right",2,0.0,0,0.0
uneven_chunks,8,ordinary-first,3,1,286882,0.286882,276880,296280,ordinary,"left,right",2,0.0,0,0.0
uneven_chunks,8,ordinary-first,3,2,466169,0.466169,440132,473556,ordinary,"left,right",2,0.0,0,0.0
uneven_chunks,8,ordinary-first,3,3,440991,0.440991,435115,448785,ordinary,"left,right",2,0.0,0,0.0
uneven_chunks,8,ordinary-first,4,1,280883,0.280883,278734,284684,ordinary,"left,right",2,0.0,0,0.0
uneven_chunks,8,ordinary-first,4,2,465099,0.465099,449384,479500,ordinary,"left,right",2,0.0,0,0.0
uneven_chunks,8,ordinary-first,5,1,294907,0.294907,283360,297383,ordinary,"left,right",2,0.0,0,0.0
uneven_chunks,8,ordinary-first,6,1,294229,0.294229,283791,298291,ordinary,"left,right",2,0.0,0,0.0
work_skew,2,dynamic,1,1,5759885,5.759885,5757018,5774155,joint,"left,right",1,1.0,1,1.0
work_skew,2,ordinary-first,1,1,5760546,5.760546,5665917,5844930,ordinary,"left,right",2,1.0,1,1.0
work_skew,4,dynamic,1,1,5977146,5.977146,5937442,5979847,joint,"right,left",1,0.0,0,0.0
work_skew,4,dynamic,1,2,5942537,5.942537,5706031,6196127,ordinary,"left,right",2,0.0,0,0.0
work_skew,4,dynamic,1,3,5996727,5.996727,5827527,6282438,joint,"right,left",1,0.0,0,0.0
work_skew,4,dynamic,2,1,3279446,3.279446,3219388,3314026,ordinary,"left,right",2,1.0,0,1.0
work_skew,4,dynamic,2,2,3300235,3.300235,3201662,3413404,joint,"right,left",1,0.0,0,0.0
work_skew,4,dynamic,2,3,3337935,3.337935,3272626,3522119,joint,"left,right",1,0.0,0,0.0
work_skew,4,dynamic,3,1,2395765,2.395765,2299225,2448443,joint,"right,left",1,0.0,0,0.0
work_skew,4,dynamic,3,2,2423898,2.423898,2362299,2537775,joint,"left,right",1,0.0,0,0.0
work_skew,4,dynamic,3,3,2277267,2.277267,2254036,2444097,joint,"left,right",1,0.0,1,0.0
work_skew,4,ordinary-first,1,1,5908015,5.908015,5759040,6133448,ordinary,"left,right",2,0.0,0,0.0
work_skew,4,ordinary-first,1,2,6023479,6.023479,5759847,6046210,ordinary,"left,right",2,0.0,0,0.0
work_skew,4,ordinary-first,2,1,3258609,3.258609,3193691,3291172,ordinary,"left,right",2,1.0,1,1.0
work_skew,6,dynamic,1,1,5979836,5.979836,5971781,6033593,joint,"left,right",2,0.0,0,0.0
work_skew,6,dynamic,1,2,6106514,6.106514,6073743,6189253,joint,"right,left",2,0.0,0,0.0
work_skew,6,dynamic,1,3,6124295,6.124295,5990203,6143537,joint,"left,right",2,0.0,0,0.0
work_skew,6,dynamic,1,4,6034209,6.034209,6031740,6074277,joint,"right,left",2,0.0,0,0.0
work_skew,6,dynamic,1,5,6017872,6.017872,6015005,6039974,joint,"left,right",1,0.0,0,0.0
work_skew,6,dynamic,2,1,3438859,3.438859,3381155,3442344,joint,"right,left",2,0.0,0,0.0
work_skew,6,dynamic,2,2,3500740,3.50074,3381929,3743471,joint,"left,right",1,0.0,0,0.0
work_skew,6,dynamic,2,3,3405820,3.40582,3368988,3598013,joint,"right,left",1,0.0,0,0.0
work_skew,6,dynamic,2,4,3377066,3.377066,3349332,3550346,joint,"left,right",1,0.0,0,0.0
work_skew,6,dynamic,2,5,3371575,3.371575,3317687,3623675,joint,"right,left",1,0.0,0,0.0
work_skew,6,dynamic,3,1,2405352,2.405352,2364465,2409775,joint,"right,left",2,0.0,0,0.0
work_skew,6,dynamic,3,2,2524213,2.524213,2444424,2602886,joint,"left,right",1,0.0,0,0.0
work_skew,6,dynamic,3,3,2447274,2.447274,2443819,2463698,joint,"right,left",1,0.0,0,0.0
work_skew,6,dynamic,3,4,2397465,2.397465,2348156,2532451,joint,"left,right",1,0.0,0,0.0
work_skew,6,dynamic,3,5,2386303,2.386303,2357377,2401781,joint,"left,right",1,0.0,0,0.0
work_skew,6,dynamic,4,1,1871680,1.87168,1870132,1943140,joint,"left,right",2,1.0,0,1.0
work_skew,6,dynamic,4,2,1925461,1.925461,1900319,2008270,joint,"right,left",1,0.0,0,0.0
work_skew,6,dynamic,4,3,1922921,1.922921,1912368,1981472,joint,"left,right",1,0.0,0,0.0
work_skew,6,dynamic,4,4,1816876,1.816876,1810557,1876060,joint,"left,right",1,0.0,0,0.0
work_skew,6,dynamic,4,5,1886778,1.886778,1865270,1931501,joint,"right,left",1,0.0,0,0.0
work_skew,6,dynamic,5,1,1715178,1.715178,1646220,1743314,joint,"left,right",1,0.0,0,0.0
work_skew,6,dynamic,5,2,1660399,1.660399,1598682,1711942,joint,"right,left",1,0.0,0,0.0
work_skew,6,dynamic,5,3,1556369,1.556369,1500596,1623372,joint,"left,right",1,0.0,0,0.0
work_skew,6,dynamic,5,4,1564456,1.564456,1496926,1589937,joint,"left,right",1,0.0,0,0.0
work_skew,6,dynamic,5,5,1525809,1.525809,1489605,2720734,joint,"right,left",1,0.0,1,0.0
work_skew,6,ordinary-first,1,1,7480430,7.48043,6086812,7554576,ordinary,"left,right",2,0.0,0,0.0
work_skew,6,ordinary-first,1,2,7489203,7.489203,5922237,7621234,ordinary,"left,right",2,0.0,0,0.0
work_skew,6,ordinary-first,1,3,7462354,7.462354,5998979,7644609,ordinary,"left,right",2,0.0,0,0.0
work_skew,6,ordinary-first,1,4,7526140,7.52614,5918151,7616798,ordinary,"left,right",2,0.0,0,0.0
work_skew,6,ordinary-first,2,1,4782325,4.782325,3361518,4854913,ordinary,"left,right",2,0.0,0,0.0
work_skew,6,ordinary-first,2,2,5148125,5.148125,3706742,5154406,ordinary,"left,right",2,0.0,0,0.0
work_skew,6,ordinary-first,3,1,3888758,3.888758,2487832,3889668,ordinary,"left,right",2,0.0,0,0.0
work_skew,6,ordinary-first,4,1,3358591,3.358591,2035628,3422923,ordinary,"left,right",2,1.0,1,1.0
work_skew,8,dynamic,1,1,5778197,5.778197,5767396,5880531,joint,"left,right",2,0.0,0,0.0
work_skew,8,dynamic,1,2,5886988,5.886988,5879816,6255688,joint,"right,left",2,0.0,0,0.0
work_skew,8,dynamic,1,3,5843126,5.843126,5797499,6164036,joint,"left,right",2,0.0,0,0.0
work_skew,8,dynamic,1,4,5879732,5.879732,5874056,6220661,joint,"left,right",2,0.0,0,0.0
work_skew,8,dynamic,1,5,5813517,5.813517,5796078,6239137,joint,"left,right",2,0.0,0,0.0
work_skew,8,dynamic,1,6,5857755,5.857755,5783636,6218963,joint,"left,right",2,0.0,0,0.0
work_skew,8,dynamic,1,7,5874350,5.87435,5832620,6237398,joint,"left,right",1,0.0,0,0.0
work_skew,8,dynamic,2,1,3352176,3.352176,3263997,3533890,joint,"left,right",2,0.0,0,0.0
work_skew,8,dynamic,2,2,3430789,3.430789,3410593,3597640,joint,"right,left",1,0.0,0,0.0
work_skew,8,dynamic,2,3,3346206,3.346206,3312255,3618132,joint,"left,right",1,0.0,0,0.0
work_skew,8,dynamic,2,4,3350081,3.350081,3323275,3669281,joint,"right,left",1,0.0,0,0.0
work_skew,8,dynamic,2,5,3312553,3.312553,3290507,3592652,joint,"right,left",1,0.0,0,0.0
work_skew,8,dynamic,2,6,3333872,3.333872,3270606,3490867,joint,"left,right",1,0.0,0,0.0
work_skew,8,dynamic,2,7,3301637,3.301637,3256334,3456892,joint,"left,right",1,0.0,0,0.0
work_skew,8,dynamic,3,1,2405463,2.405463,2357519,2546807,joint,"right,left",2,0.0,0,0.0
work_skew,8,dynamic,3,2,2492401,2.492401,2442754,2626975,joint,"left,right",1,0.0,0,0.0
work_skew,8,dynamic,3,3,2400994,2.400994,2390783,2508418,joint,"left,right",1,0.0,0,0.0
work_skew,8,dynamic,3,4,2354305,2.354305,2309478,2608686,joint,"left,right",1,0.0,0,0.0
work_skew,8,dynamic,3,5,2398781,2.398781,2311017,2542696,joint,"right,left",1,0.0,0,0.0
work_skew,8,dynamic,3,6,2361413,2.361413,2316201,2578779,joint,"left,right",1,0.0,0,0.0
work_skew,8,dynamic,3,7,2394134,2.394134,2377687,2534190,joint,"left,right",1,0.0,0,0.0
work_skew,8,dynamic,4,1,1917725,1.917725,1854599,2215595,joint,"left,right",2,0.0,0,0.0
work_skew,8,dynamic,4,2,1993425,1.993425,1975512,2058638,joint,"right,left",1,0.0,0,0.0
work_skew,8,dynamic,4,3,1855029,1.855029,1830683,2259811,joint,"right,left",1,0.0,0,0.0
work_skew,8,dynamic,4,4,1906375,1.906375,1878099,1926084,joint,"right,left",1,0.0,0,0.0
work_skew,8,dynamic,4,5,1917992,1.917992,1841933,2015217,joint,"right,left",1,0.0,0,0.0
work_skew,8,dynamic,4,6,1900700,1.9007,1850952,2125628,joint,"right,left",1,0.0,0,0.0
work_skew,8,dynamic,4,7,1898257,1.898257,1890690,2224091,joint,"right,left",1,0.0,0,0.0
work_skew,8,dynamic,5,1,1618778,1.618778,1589288,1832527,joint,"right,left",1,0.0,0,0.0
work_skew,8,dynamic,5,2,1712304,1.712304,1655420,1779025,joint,"left,right",1,0.0,0,0.0
work_skew,8,dynamic,5,3,1639421,1.639421,1552870,1818376,joint,"left,right",1,0.0,0,0.0
work_skew,8,dynamic,5,4,1567219,1.567219,1533746,1757975,joint,"left,right",1,0.0,0,0.0
work_skew,8,dynamic,5,5,1548013,1.548013,1484033,1611714,joint,"right,left",1,0.0,0,0.0
work_skew,8,dynamic,5,6,1627106,1.627106,1527747,1769982,joint,"right,left",1,0.0,0,0.0
work_skew,8,dynamic,5,7,1649097,1.649097,1605511,1672804,joint,"left,right",1,0.0,0,0.0
work_skew,8,dynamic,6,1,1449936,1.449936,1433752,1587559,joint,"left,right",2,1.0,0,1.0
work_skew,8,dynamic,6,2,1623794,1.623794,1592355,1804159,joint,"right,left",1,0.0,0,0.0
work_skew,8,dynamic,6,3,1505669,1.505669,1496613,1627101,joint,"right,left",1,0.0,0,0.0
work_skew,8,dynamic,6,4,1380550,1.38055,1300715,1382367,joint,"right,left",1,0.0,1,0.0
work_skew,8,dynamic,6,5,1482773,1.482773,1363469,1698968,joint,"right,left",1,0.0,0,0.0
work_skew,8,dynamic,6,6,1396878,1.396878,1371082,1704747,joint,"right,left",1,0.0,0,0.0
work_skew,8,dynamic,6,7,1510307,1.510307,1497192,1648610,joint,"right,left",1,0.0,0,0.0
work_skew,8,dynamic,7,1,1442265,1.442265,1428065,1456325,joint,"right,left",1,0.0,0,0.0
work_skew,8,dynamic,7,2,1458850,1.45885,1430831,1616850,joint,"right,left",1,0.0,0,0.0
work_skew,8,dynamic,7,3,1403887,1.403887,1387272,1439087,joint,"left,right",1,0.0,0,0.0
work_skew,8,dynamic,7,4,1416990,1.41699,1399789,1466292,joint,"left,right",1,0.0,0,0.0
work_skew,8,dynamic,7,5,1386620,1.38662,1367995,1559715,joint,"right,left",1,0.0,0,0.0
work_skew,8,dynamic,7,6,1422116,1.422116,1400910,1596138,joint,"right,left",1,0.0,0,0.0
work_skew,8,dynamic,7,7,1422556,1.422556,1409102,1521717,joint,"right,left",1,0.0,0,0.0
work_skew,8,ordinary-first,1,1,7344957,7.344957,7208945,7490870,ordinary,"left,right",2,0.0,0,0.0
work_skew,8,ordinary-first,1,2,7478768,7.478768,7258087,7815812,ordinary,"left,right",2,0.0,0,0.0
work_skew,8,ordinary-first,1,3,7306274,7.306274,7201703,7313204,ordinary,"left,right",2,0.0,0,0.0
work_skew,8,ordinary-first,1,4,7397890,7.39789,7253174,7466453,ordinary,"left,right",2,0.0,0,0.0
work_skew,8,ordinary-first,1,5,7380102,7.380102,7333523,7541627,ordinary,"left,right",2,0.0,0,0.0
work_skew,8,ordinary-first,1,6,7444883,7.444883,7312602,7487638,ordinary,"left,right",2,0.0,0,0.0
work_skew,8,ordinary-first,2,1,4673232,4.673232,4649913,4679525,ordinary,"left,right",2,0.0,0,0.0
work_skew,8,ordinary-first,2,2,5019929,5.019929,5014274,5151790,ordinary,"left,right",2,0.0,0,0.0
work_skew,8,ordinary-first,2,3,5087477,5.087477,5036264,5117792,ordinary,"left,right",2,0.0,0,0.0
work_skew,8,ordinary-first,2,4,5004565,5.004565,4951688,5010131,ordinary,"left,right",2,0.0,0,0.0
work_skew,8,ordinary-first,3,1,3841855,3.841855,3773561,3957102,ordinary,"left,right",2,0.0,0,0.0
work_skew,8,ordinary-first,3,2,4108461,4.108461,4081958,4109028,ordinary,"left,right",2,0.0,0,0.0
work_skew,8,ordinary-first,3,3,4067142,4.067142,4065251,4085243,ordinary,"left,right",2,0.0,0,0.0
work_skew,8,ordinary-first,4,1,3293146,3.293146,3232842,3354687,ordinary,"left,right",2,0.0,0,0.0
work_skew,8,ordinary-first,4,2,3729130,3.72913,3696171,3853897,ordinary,"left,right",2,0.0,0,0.0
work_skew,8,ordinary-first,5,1,3021294,3.021294,3019674,3030478,ordinary,"left,right",2,0.0,0,0.0
work_skew,8,ordinary-first,6,1,2958350,2.95835,2880085,2971200,ordinary,"left,right",2,1.0,1,1.0
work_skew_reversed,2,dynamic,1,1,6030182,6.030182,5937083,6030730,ordinary,"left,right",2,1.0,1,1.0
work_skew_reversed,2,ordinary-first,1,1,5950853,5.950853,5936868,6327123,ordinary,"left,right",2,1.0,1,1.0
work_skew_reversed,4,dynamic,1,1,6002905,6.002905,5964741,6300487,ordinary,"left,right",2,0.0,0,0.0
work_skew_reversed,4,dynamic,1,2,3459087,3.459087,3448527,3488989,ordinary,"left,right",2,1.0,0,1.0
work_skew_reversed,4,dynamic,1,3,2627524,2.627524,2568167,2737474,joint,"left,right",1,0.0,0,0.0
work_skew_reversed,4,dynamic,2,1,6060325,6.060325,6014544,6339068,ordinary,"left,right",2,0.0,0,0.0
work_skew_reversed,4,dynamic,2,2,3543514,3.543514,3433182,3552840,joint,"right,left",1,0.0,0,0.0
work_skew_reversed,4,dynamic,2,3,2567583,2.567583,2503041,2571476,joint,"right,left",1,0.0,0,0.0
work_skew_reversed,4,dynamic,3,1,6125925,6.125925,6085655,6179972,joint,"left,right",1,0.0,0,0.0
work_skew_reversed,4,dynamic,3,2,3472900,3.4729,3461954,3547987,joint,"right,left",1,0.0,0,0.0
work_skew_reversed,4,dynamic,3,3,2453539,2.453539,2447634,2458235,joint,"right,left",1,0.0,1,0.0
work_skew_reversed,4,ordinary-first,1,1,6111090,6.11109,6000898,6432328,ordinary,"left,right",2,0.0,0,0.0
work_skew_reversed,4,ordinary-first,1,2,3506683,3.506683,3390486,3614765,ordinary,"left,right",2,1.0,1,1.0
work_skew_reversed,4,ordinary-first,2,1,6360580,6.36058,6077744,6368613,ordinary,"left,right",2,0.0,0,0.0
work_skew_reversed,6,dynamic,1,1,5689591,5.689591,5680261,6183772,joint,"left,right",1,0.0,0,0.0
work_skew_reversed,6,dynamic,1,2,3319022,3.319022,3250971,3714887,joint,"right,left",2,0.0,0,0.0
work_skew_reversed,6,dynamic,1,3,2493861,2.493861,2489975,2631772,joint,"left,right",1,0.0,0,0.0
work_skew_reversed,6,dynamic,1,4,1872102,1.872102,1861035,2018491,joint,"right,left",2,1.0,0,1.0
work_skew_reversed,6,dynamic,1,5,1697335,1.697335,1670637,1762201,joint,"left,right",1,0.0,0,0.0
work_skew_reversed,6,dynamic,2,1,5811598,5.811598,5726005,6341645,joint,"right,left",2,0.0,0,0.0
work_skew_reversed,6,dynamic,2,2,3350467,3.350467,3346436,3694830,joint,"right,left",1,0.0,0,0.0
work_skew_reversed,6,dynamic,2,3,2447143,2.447143,2427402,2694798,joint,"right,left",1,0.0,0,0.0
work_skew_reversed,6,dynamic,2,4,1883788,1.883788,1839435,1989548,joint,"right,left",1,0.0,0,0.0
work_skew_reversed,6,dynamic,2,5,1598600,1.5986,1519354,1957713,joint,"right,left",1,0.0,0,0.0
work_skew_reversed,6,dynamic,3,1,5720927,5.720927,5692691,6151625,joint,"right,left",2,0.0,0,0.0
work_skew_reversed,6,dynamic,3,2,3273205,3.273205,3190331,3580594,joint,"right,left",1,0.0,0,0.0
work_skew_reversed,6,dynamic,3,3,2358139,2.358139,2316045,2441841,joint,"right,left",1,0.0,0,0.0
work_skew_reversed,6,dynamic,3,4,1798649,1.798649,1794343,2083931,joint,"left,right",1,0.0,0,0.0
work_skew_reversed,6,dynamic,3,5,1592069,1.592069,1508342,1724647,joint,"right,left",1,0.0,0,0.0
work_skew_reversed,6,dynamic,4,1,5765109,5.765109,5727980,6292649,joint,"right,left",2,0.0,0,0.0
work_skew_reversed,6,dynamic,4,2,3273022,3.273022,3201931,3714322,joint,"right,left",1,0.0,0,0.0
work_skew_reversed,6,dynamic,4,3,2351890,2.35189,2287612,2529683,joint,"left,right",1,0.0,0,0.0
work_skew_reversed,6,dynamic,4,4,1931118,1.931118,1904394,2032427,joint,"left,right",1,0.0,0,0.0
work_skew_reversed,6,dynamic,4,5,1578552,1.578552,1519454,1611831,joint,"right,left",1,0.0,0,0.0
work_skew_reversed,6,dynamic,5,1,5796143,5.796143,5705478,6231654,joint,"left,right",1,0.0,0,0.0
work_skew_reversed,6,dynamic,5,2,3298139,3.298139,3198376,3540419,joint,"left,right",1,0.0,0,0.0
work_skew_reversed,6,dynamic,5,3,2451685,2.451685,2354075,2530465,joint,"left,right",1,0.0,0,0.0
work_skew_reversed,6,dynamic,5,4,1846450,1.84645,1758315,1923731,joint,"left,right",1,0.0,0,0.0
work_skew_reversed,6,dynamic,5,5,1470863,1.470863,1462176,1897831,joint,"right,left",1,0.0,1,0.0
work_skew_reversed,6,ordinary-first,1,1,5816719,5.816719,5619024,6418806,ordinary,"left,right",2,0.0,0,0.0
work_skew_reversed,6,ordinary-first,1,2,3402544,3.402544,3247729,3821583,ordinary,"left,right",2,0.0,0,0.0
work_skew_reversed,6,ordinary-first,1,3,2517086,2.517086,2246993,2598787,ordinary,"left,right",2,0.0,0,0.0
work_skew_reversed,6,ordinary-first,1,4,1953441,1.953441,1797915,2001436,ordinary,"left,right",2,1.0,1,1.0
work_skew_reversed,6,ordinary-first,2,1,5863748,5.863748,5705333,6492541,ordinary,"left,right",2,0.0,0,0.0
work_skew_reversed,6,ordinary-first,2,2,3689881,3.689881,3544585,4080986,ordinary,"left,right",2,0.0,0,0.0
work_skew_reversed,6,ordinary-first,3,1,5843521,5.843521,5719907,6445953,ordinary,"left,right",2,0.0,0,0.0
work_skew_reversed,6,ordinary-first,4,1,5973370,5.97337,5836578,6422464,ordinary,"left,right",2,0.0,0,0.0
work_skew_reversed,8,dynamic,1,1,5764448,5.764448,5761483,5966466,joint,"left,right",2,0.0,0,0.0
work_skew_reversed,8,dynamic,1,2,3323809,3.323809,3291178,3422731,joint,"left,right",2,0.0,0,0.0
work_skew_reversed,8,dynamic,1,3,2391010,2.39101,2363544,3801791,ordinary,"left,right",2,0.0,0,0.0
work_skew_reversed,8,dynamic,1,4,1882314,1.882314,1834723,3272579,ordinary,"left,right",2,0.0,0,0.0
work_skew_reversed,8,dynamic,1,5,1649206,1.649206,1633756,1765730,joint,"left,right",2,0.0,0,0.0
work_skew_reversed,8,dynamic,1,6,1468135,1.468135,1434608,1578340,joint,"right,left",2,1.0,0,1.0
work_skew_reversed,8,dynamic,1,7,1452862,1.452862,1449529,1815945,joint,"left,right",1,0.0,0,0.0
work_skew_reversed,8,dynamic,2,1,5776149,5.776149,5717491,6104695,joint,"left,right",2,0.0,0,0.0
work_skew_reversed,8,dynamic,2,2,3401076,3.401076,3374621,3525570,joint,"right,left",1,0.0,0,0.0
work_skew_reversed,8,dynamic,2,3,2490720,2.49072,2399571,2544658,joint,"left,right",1,0.0,0,0.0
work_skew_reversed,8,dynamic,2,4,1982170,1.98217,1919935,2077285,joint,"left,right",1,0.0,0,0.0
work_skew_reversed,8,dynamic,2,5,1718417,1.718417,1637640,1754633,joint,"right,left",1,0.0,0,0.0
work_skew_reversed,8,dynamic,2,6,1697059,1.697059,1467740,1760157,joint,"left,right",1,0.0,0,0.0
work_skew_reversed,8,dynamic,2,7,1460883,1.460883,1443409,1485712,joint,"right,left",1,0.0,0,0.0
work_skew_reversed,8,dynamic,3,1,5748511,5.748511,5675435,6043561,joint,"right,left",2,0.0,0,0.0
work_skew_reversed,8,dynamic,3,2,3293643,3.293643,3260705,3562594,joint,"right,left",1,0.0,0,0.0
work_skew_reversed,8,dynamic,3,3,2417927,2.417927,2414568,2488224,joint,"right,left",1,0.0,0,0.0
work_skew_reversed,8,dynamic,3,4,1892360,1.89236,1891258,1934102,joint,"left,right",1,0.0,0,0.0
work_skew_reversed,8,dynamic,3,5,1607013,1.607013,1539888,1788384,joint,"left,right",1,0.0,0,0.0
work_skew_reversed,8,dynamic,3,6,1572298,1.572298,1529051,1632269,joint,"left,right",1,0.0,0,0.0
work_skew_reversed,8,dynamic,3,7,1394757,1.394757,1387447,1516704,joint,"right,left",1,0.0,1,0.0
work_skew_reversed,8,dynamic,4,1,5866788,5.866788,5785155,5969122,joint,"right,left",1,0.0,0,0.0
work_skew_reversed,8,dynamic,4,2,3297170,3.29717,3294597,3426200,joint,"left,right",1,0.0,0,0.0
work_skew_reversed,8,dynamic,4,3,2417728,2.417728,2366318,2596685,joint,"right,left",1,0.0,0,0.0
work_skew_reversed,8,dynamic,4,4,1901338,1.901338,1826623,2007172,joint,"left,right",1,0.0,0,0.0
work_skew_reversed,8,dynamic,4,5,1623188,1.623188,1589462,1708858,joint,"right,left",1,0.0,0,0.0
work_skew_reversed,8,dynamic,4,6,1462956,1.462956,1305573,1660372,joint,"left,right",1,0.0,0,0.0
work_skew_reversed,8,dynamic,4,7,1400515,1.400515,1382773,1539855,joint,"right,left",1,0.0,0,0.0
work_skew_reversed,8,dynamic,5,1,5779071,5.779071,5739330,5923108,joint,"right,left",1,0.0,0,0.0
work_skew_reversed,8,dynamic,5,2,3302437,3.302437,3277011,3380677,joint,"right,left",1,0.0,0,0.0
work_skew_reversed,8,dynamic,5,3,2400481,2.400481,2367940,2424335,joint,"left,right",1,0.0,0,0.0
work_skew_reversed,8,dynamic,5,4,1902335,1.902335,1862192,1984054,joint,"right,left",1,0.0,0,0.0
work_skew_reversed,8,dynamic,5,5,1532495,1.532495,1508439,1542161,joint,"left,right",1,0.0,0,0.0
work_skew_reversed,8,dynamic,5,6,1534888,1.534888,1515753,1547448,joint,"right,left",1,0.0,0,0.0
work_skew_reversed,8,dynamic,5,7,1452422,1.452422,1400454,1738883,joint,"right,left",1,0.0,0,0.0
work_skew_reversed,8,dynamic,6,1,5752229,5.752229,5673718,5814804,joint,"right,left",2,0.0,0,0.0
work_skew_reversed,8,dynamic,6,2,3348787,3.348787,3337750,3354070,joint,"left,right",1,0.0,0,0.0
work_skew_reversed,8,dynamic,6,3,2311352,2.311352,2290423,2383359,joint,"right,left",1,0.0,0,0.0
work_skew_reversed,8,dynamic,6,4,1897100,1.8971,1819726,1970383,joint,"right,left",1,0.0,0,0.0
work_skew_reversed,8,dynamic,6,5,1591093,1.591093,1556832,1688233,joint,"left,right",1,0.0,0,0.0
work_skew_reversed,8,dynamic,6,6,1531061,1.531061,1503043,1602430,joint,"left,right",1,0.0,0,0.0
work_skew_reversed,8,dynamic,6,7,1434229,1.434229,1429040,1441915,joint,"left,right",1,0.0,0,0.0
work_skew_reversed,8,dynamic,7,1,5718093,5.718093,5701237,6158624,joint,"right,left",1,0.0,0,0.0
work_skew_reversed,8,dynamic,7,2,3397682,3.397682,3311826,3598741,joint,"left,right",1,0.0,0,0.0
work_skew_reversed,8,dynamic,7,3,2377804,2.377804,2327240,2424883,joint,"right,left",1,0.0,0,0.0
work_skew_reversed,8,dynamic,7,4,1891769,1.891769,1808958,1932320,joint,"right,left",1,0.0,0,0.0
work_skew_reversed,8,dynamic,7,5,1647644,1.647644,1534534,1860898,joint,"right,left",1,0.0,0,0.0
work_skew_reversed,8,dynamic,7,6,1593136,1.593136,1528298,1647407,joint,"right,left",1,0.0,0,0.0
work_skew_reversed,8,dynamic,7,7,1428829,1.428829,1425026,1434808,joint,"left,right",1,0.0,0,0.0
work_skew_reversed,8,ordinary-first,1,1,7127072,7.127072,6070293,7424942,ordinary,"left,right",2,0.0,0,0.0
work_skew_reversed,8,ordinary-first,1,2,4459317,4.459317,3437500,4782932,ordinary,"left,right",2,0.0,0,0.0
work_skew_reversed,8,ordinary-first,1,3,3501816,3.501816,2578462,3898836,ordinary,"left,right",2,0.0,0,0.0
work_skew_reversed,8,ordinary-first,1,4,3112829,3.112829,2176682,3555650,ordinary,"left,right",2,0.0,0,0.0
work_skew_reversed,8,ordinary-first,1,5,2886358,2.886358,1770197,3294170,ordinary,"left,right",2,0.0,0,0.0
work_skew_reversed,8,ordinary-first,1,6,2654183,2.654183,1530568,3085829,ordinary,"left,right",2,1.0,1,1.0
work_skew_reversed,8,ordinary-first,2,1,7097859,7.097859,6094104,7703598,ordinary,"left,right",2,0.0,0,0.0
work_skew_reversed,8,ordinary-first,2,2,4896247,4.896247,3663676,5182636,ordinary,"left,right",2,0.0,0,0.0
work_skew_reversed,8,ordinary-first,2,3,3859019,3.859019,2829465,4302868,ordinary,"left,right",2,0.0,0,0.0
work_skew_reversed,8,ordinary-first,2,4,3502505,3.502505,2334879,3778829,ordinary,"left,right",2,0.0,0,0.0
work_skew_reversed,8,ordinary-first,3,1,7065724,7.065724,6024267,7456533,ordinary,"left,right",2,0.0,0,0.0
work_skew_reversed,8,ordinary-first,3,2,4784514,4.784514,3654170,5164493,ordinary,"left,right",2,0.0,0,0.0
work_skew_reversed,8,ordinary-first,3,3,3845583,3.845583,2775382,4100363,ordinary,"left,right",2,0.0,0,0.0
work_skew_reversed,8,ordinary-first,4,1,7058605,7.058605,6003153,7575740,ordinary,"left,right",2,0.0,0,0.0
work_skew_reversed,8,ordinary-first,4,2,4831745,4.831745,3939277,5047913,ordinary,"left,right",2,0.0,0,0.0
work_skew_reversed,8,ordinary-first,5,1,7032175,7.032175,6054867,7592775,ordinary,"left,right",2,0.0,0,0.0
work_skew_reversed,8,ordinary-first,6,1,6966910,6.96691,6247867,7660201,ordinary,"left,right",2,0.0,0,0.0
