case,budget,policy,backend,left,right,order,parents,median_ns,min_process_median_ns,max_process_median_ns
mixed_short_ordinary,4,dynamic,0,1,1,0,3,526130,471067,636265
mixed_short_ordinary,4,dynamic,0,1,2,0,3,557723,530582,647781
mixed_short_ordinary,4,dynamic,0,2,1,0,3,606222,549344,610016
mixed_short_ordinary,4,dynamic,1,1,1,0,1,250066,242261,262990
mixed_short_ordinary,4,dynamic,1,1,1,0,2,331497,316339,359999
mixed_short_ordinary,4,dynamic,1,1,1,0,3,429841,421505,431824
mixed_short_ordinary,4,dynamic,1,1,1,0,4,541519,535017,545937
mixed_short_ordinary,4,dynamic,1,1,1,10,1,242241,240808,242261
mixed_short_ordinary,4,dynamic,1,1,1,10,2,337097,319364,355973
mixed_short_ordinary,4,dynamic,1,1,1,10,3,442093,422707,478361
mixed_short_ordinary,4,dynamic,1,1,1,10,4,535969,535522,536807
mixed_short_ordinary,4,dynamic,1,1,1,11,1,242592,242441,244946
mixed_short_ordinary,4,dynamic,1,1,1,11,2,332970,319304,374957
mixed_short_ordinary,4,dynamic,1,1,1,11,3,443045,425221,466960
mixed_short_ordinary,4,dynamic,1,1,1,11,4,540797,540632,602232
mixed_short_ordinary,4,dynamic,1,1,1,12,1,240729,240408,242452
mixed_short_ordinary,4,dynamic,1,1,1,12,2,333877,327791,341907
mixed_short_ordinary,4,dynamic,1,1,1,12,3,462632,427396,491105
mixed_short_ordinary,4,dynamic,1,1,1,12,4,533595,530829,554018
mixed_short_ordinary,4,dynamic,1,1,1,13,1,245848,240878,248744
mixed_short_ordinary,4,dynamic,1,1,1,13,2,329153,316750,360576
mixed_short_ordinary,4,dynamic,1,1,1,13,3,458783,420994,461309
mixed_short_ordinary,4,dynamic,1,1,1,13,4,556001,541208,606340
mixed_short_ordinary,4,dynamic,1,1,1,14,1,240929,240347,242381
mixed_short_ordinary,4,dynamic,1,1,1,14,2,349701,343099,358938
mixed_short_ordinary,4,dynamic,1,1,1,14,3,438347,429160,487488
mixed_short_ordinary,4,dynamic,1,1,1,14,4,554122,528594,588626
mixed_short_ordinary,4,dynamic,1,1,1,15,1,242412,241750,242422
mixed_short_ordinary,4,dynamic,1,1,1,15,2,345884,328062,362524
mixed_short_ordinary,4,dynamic,1,1,1,15,3,453044,431013,488299
mixed_short_ordinary,4,dynamic,1,1,1,15,4,522152,519688,523545
mixed_short_ordinary,4,dynamic,1,1,1,16,1,240879,240518,242231
mixed_short_ordinary,4,dynamic,1,1,1,16,2,320707,318673,329313
mixed_short_ordinary,4,dynamic,1,1,1,16,3,432224,423519,453115
mixed_short_ordinary,4,dynamic,1,1,1,16,4,544694,528294,548993
mixed_short_ordinary,4,dynamic,1,1,1,17,1,242281,241169,255376
mixed_short_ordinary,4,dynamic,1,1,1,17,2,334433,327726,350259
mixed_short_ordinary,4,dynamic,1,1,1,17,3,461088,424160,484543
mixed_short_ordinary,4,dynamic,1,1,1,17,4,538075,528560,558250
mixed_short_ordinary,4,dynamic,1,1,1,18,1,240909,240357,301211
mixed_short_ordinary,4,dynamic,1,1,1,18,2,349912,328731,355864
mixed_short_ordinary,4,dynamic,1,1,1,18,3,440050,437680,461299
mixed_short_ordinary,4,dynamic,1,1,1,18,4,558670,546584,693361
mixed_short_ordinary,4,dynamic,1,1,1,19,1,240488,240488,271566
mixed_short_ordinary,4,dynamic,1,1,1,19,2,325887,324875,341867
mixed_short_ordinary,4,dynamic,1,1,1,19,3,436783,429420,450969
mixed_short_ordinary,4,dynamic,1,1,1,19,4,537406,525834,544484
mixed_short_ordinary,4,dynamic,1,1,1,1,1,242361,242291,245928
mixed_short_ordinary,4,dynamic,1,1,1,1,2,324855,323092,334981
mixed_short_ordinary,4,dynamic,1,1,1,1,3,430161,419261,434439
mixed_short_ordinary,4,dynamic,1,1,1,1,4,557086,528975,616418
mixed_short_ordinary,4,dynamic,1,1,1,20,1,242221,240909,242281
mixed_short_ordinary,4,dynamic,1,1,1,20,2,328080,325716,331307
mixed_short_ordinary,4,dynamic,1,1,1,20,3,479533,415834,482408
mixed_short_ordinary,4,dynamic,1,1,1,20,4,573889,533123,578688
mixed_short_ordinary,4,dynamic,1,1,1,21,1,242281,240848,249495
mixed_short_ordinary,4,dynamic,1,1,1,21,2,338470,325436,338616
mixed_short_ordinary,4,dynamic,1,1,1,21,3,450008,414583,453966
mixed_short_ordinary,4,dynamic,1,1,1,21,4,535227,503758,562708
mixed_short_ordinary,4,dynamic,1,1,1,22,1,242421,242391,251999
mixed_short_ordinary,4,dynamic,1,1,1,22,2,342167,336296,347626
mixed_short_ordinary,4,dynamic,1,1,1,22,3,455739,425392,488169
mixed_short_ordinary,4,dynamic,1,1,1,22,4,551394,542357,552138
mixed_short_ordinary,4,dynamic,1,1,1,23,1,242251,242241,243123
mixed_short_ordinary,4,dynamic,1,1,1,23,2,324735,318103,342808
mixed_short_ordinary,4,dynamic,1,1,1,23,3,465056,428017,494861
mixed_short_ordinary,4,dynamic,1,1,1,23,4,586713,540962,625545
mixed_short_ordinary,4,dynamic,1,1,1,24,1,242391,242261,248884
mixed_short_ordinary,4,dynamic,1,1,1,24,2,358939,341275,427134
mixed_short_ordinary,4,dynamic,1,1,1,24,3,425673,422287,427276
mixed_short_ordinary,4,dynamic,1,1,1,24,4,542178,532241,543026
mixed_short_ordinary,4,dynamic,1,1,1,25,1,242351,242281,242441
mixed_short_ordinary,4,dynamic,1,1,1,25,2,328752,326498,332569
mixed_short_ordinary,4,dynamic,1,1,1,25,3,437200,429570,459716
mixed_short_ordinary,4,dynamic,1,1,1,25,4,531765,506864,554533
mixed_short_ordinary,4,dynamic,1,1,1,26,1,245818,242231,255636
mixed_short_ordinary,4,dynamic,1,1,1,26,2,325195,321900,329523
mixed_short_ordinary,4,dynamic,1,1,1,26,3,442414,421295,466879
mixed_short_ordinary,4,dynamic,1,1,1,26,4,562512,509990,598364
mixed_short_ordinary,4,dynamic,1,1,1,27,1,242471,240808,284310
mixed_short_ordinary,4,dynamic,1,1,1,27,2,329143,327380,341326
mixed_short_ordinary,4,dynamic,1,1,1,27,3,426514,425062,509268
mixed_short_ordinary,4,dynamic,1,1,1,27,4,532412,514178,609565
mixed_short_ordinary,4,dynamic,1,1,1,28,1,240908,240318,242542
mixed_short_ordinary,4,dynamic,1,1,1,28,2,319615,315958,335776
mixed_short_ordinary,4,dynamic,1,1,1,28,3,444837,426214,568410
mixed_short_ordinary,4,dynamic,1,1,1,28,4,556532,545381,691277
mixed_short_ordinary,4,dynamic,1,1,1,29,1,242442,242371,246929
mixed_short_ordinary,4,dynamic,1,1,1,29,2,319695,319094,332880
mixed_short_ordinary,4,dynamic,1,1,1,29,3,437494,435982,465117
mixed_short_ordinary,4,dynamic,1,1,1,29,4,562554,523084,627457
mixed_short_ordinary,4,dynamic,1,1,1,2,1,240508,240328,240588
mixed_short_ordinary,4,dynamic,1,1,1,2,2,336126,318874,345231
mixed_short_ordinary,4,dynamic,1,1,1,2,3,457632,425833,480769
mixed_short_ordinary,4,dynamic,1,1,1,2,4,555228,545907,583877
mixed_short_ordinary,4,dynamic,1,1,1,30,1,240618,240488,242301
mixed_short_ordinary,4,dynamic,1,1,1,30,2,323227,317081,331707
mixed_short_ordinary,4,dynamic,1,1,1,30,3,429700,426033,444316
mixed_short_ordinary,4,dynamic,1,1,1,30,4,547525,524767,577935
mixed_short_ordinary,4,dynamic,1,1,1,31,1,240387,240338,244786
mixed_short_ordinary,4,dynamic,1,1,1,31,2,322841,316149,342969
mixed_short_ordinary,4,dynamic,1,1,1,31,3,444548,428718,486536
mixed_short_ordinary,4,dynamic,1,1,1,31,4,554647,552469,568232
mixed_short_ordinary,4,dynamic,1,1,1,32,1,249595,242392,441993
mixed_short_ordinary,4,dynamic,1,1,1,32,2,334153,320447,341045
mixed_short_ordinary,4,dynamic,1,1,1,32,3,467327,424671,485785
mixed_short_ordinary,4,dynamic,1,1,1,32,4,564050,546097,605287
mixed_short_ordinary,4,dynamic,1,1,1,33,1,242251,242241,242271
mixed_short_ordinary,4,dynamic,1,1,1,33,2,323473,321208,325466
mixed_short_ordinary,4,dynamic,1,1,1,33,3,468973,410585,542735
mixed_short_ordinary,4,dynamic,1,1,1,33,4,532527,520580,567132
mixed_short_ordinary,4,dynamic,1,1,1,34,1,240849,240328,242582
mixed_short_ordinary,4,dynamic,1,1,1,34,2,335740,324023,366532
mixed_short_ordinary,4,dynamic,1,1,1,34,3,434980,433017,482138
mixed_short_ordinary,4,dynamic,1,1,1,34,4,591151,524908,614645
mixed_short_ordinary,4,dynamic,1,1,1,35,1,242321,240448,242992
mixed_short_ordinary,4,dynamic,1,1,1,35,2,330726,330085,351124
mixed_short_ordinary,4,dynamic,1,1,1,35,3,432346,412479,499189
mixed_short_ordinary,4,dynamic,1,1,1,35,4,553220,518669,569009
mixed_short_ordinary,4,dynamic,1,1,1,36,1,242372,240959,242431
mixed_short_ordinary,4,dynamic,1,1,1,36,2,344552,320577,436637
mixed_short_ordinary,4,dynamic,1,1,1,36,3,427086,419982,479083
mixed_short_ordinary,4,dynamic,1,1,1,36,4,556306,541067,571969
mixed_short_ordinary,4,dynamic,1,1,1,37,1,240889,240418,281183
mixed_short_ordinary,4,dynamic,1,1,1,37,2,320187,318753,353899
mixed_short_ordinary,4,dynamic,1,1,1,37,3,429630,421855,457240
mixed_short_ordinary,4,dynamic,1,1,1,37,4,523625,523214,530778
mixed_short_ordinary,4,dynamic,1,1,1,38,1,241310,241019,245046
mixed_short_ordinary,4,dynamic,1,1,1,38,2,357556,347817,374322
mixed_short_ordinary,4,dynamic,1,1,1,38,3,463046,435271,496274
mixed_short_ordinary,4,dynamic,1,1,1,38,4,554142,517374,638353
mixed_short_ordinary,4,dynamic,1,1,1,39,1,242241,240969,248663
mixed_short_ordinary,4,dynamic,1,1,1,39,2,330456,321208,339136
mixed_short_ordinary,4,dynamic,1,1,1,39,3,435701,410213,469063
mixed_short_ordinary,4,dynamic,1,1,1,39,4,528554,513316,553409
mixed_short_ordinary,4,dynamic,1,1,1,3,1,240788,240377,246940
mixed_short_ordinary,4,dynamic,1,1,1,3,2,320397,319374,379046
mixed_short_ordinary,4,dynamic,1,1,1,3,3,429140,427266,433077
mixed_short_ordinary,4,dynamic,1,1,1,3,4,559060,533127,569711
mixed_short_ordinary,4,dynamic,1,1,1,4,1,240678,240528,242391
mixed_short_ordinary,4,dynamic,1,1,1,4,2,325817,323863,356655
mixed_short_ordinary,4,dynamic,1,1,1,4,3,472078,435000,475565
mixed_short_ordinary,4,dynamic,1,1,1,4,4,578597,530919,579008
mixed_short_ordinary,4,dynamic,1,1,1,5,1,240488,240368,243834
mixed_short_ordinary,4,dynamic,1,1,1,5,2,321619,318874,325466
mixed_short_ordinary,4,dynamic,1,1,1,5,3,427945,426234,465497
mixed_short_ordinary,4,dynamic,1,1,1,5,4,546708,540078,556552
mixed_short_ordinary,4,dynamic,1,1,1,6,1,240909,240327,285592
mixed_short_ordinary,4,dynamic,1,1,1,6,2,337589,311289,345724
mixed_short_ordinary,4,dynamic,1,1,1,6,3,437535,434440,480194
mixed_short_ordinary,4,dynamic,1,1,1,6,4,516612,515940,541029
mixed_short_ordinary,4,dynamic,1,1,1,7,1,246359,240358,248964
mixed_short_ordinary,4,dynamic,1,1,1,7,2,326608,318753,334994
mixed_short_ordinary,4,dynamic,1,1,1,7,3,431865,420863,440942
mixed_short_ordinary,4,dynamic,1,1,1,7,4,541078,523294,552488
mixed_short_ordinary,4,dynamic,1,1,1,8,1,242431,242252,245597
mixed_short_ordinary,4,dynamic,1,1,1,8,2,322821,322711,327049
mixed_short_ordinary,4,dynamic,1,1,1,8,3,417086,406647,491315
mixed_short_ordinary,4,dynamic,1,1,1,8,4,527698,510140,628901
mixed_short_ordinary,4,dynamic,1,1,1,9,1,242592,242281,242772
mixed_short_ordinary,4,dynamic,1,1,1,9,2,334022,323953,341395
mixed_short_ordinary,4,dynamic,1,1,1,9,3,424290,423258,432656
mixed_short_ordinary,4,dynamic,1,1,1,9,4,532913,515330,569160
mixed_short_ordinary,4,dynamic,1,1,2,0,1,271245,265505,272027
mixed_short_ordinary,4,dynamic,1,1,2,0,2,368100,344652,443831
mixed_short_ordinary,4,dynamic,1,1,2,0,3,477560,446932,493079
mixed_short_ordinary,4,dynamic,1,1,2,0,4,572501,554102,578286
mixed_short_ordinary,4,dynamic,1,1,2,10,1,265605,265279,269813
mixed_short_ordinary,4,dynamic,1,1,2,10,2,357756,357266,419782
mixed_short_ordinary,4,dynamic,1,1,2,10,3,446833,441823,448606
mixed_short_ordinary,4,dynamic,1,1,2,10,4,576243,516792,850008
mixed_short_ordinary,4,dynamic,1,1,2,11,1,296782,266056,334607
mixed_short_ordinary,4,dynamic,1,1,2,11,2,363527,359505,407373
mixed_short_ordinary,4,dynamic,1,1,2,11,3,441562,432305,449156
mixed_short_ordinary,4,dynamic,1,1,2,11,4,552449,531339,581628
mixed_short_ordinary,4,dynamic,1,1,2,12,1,269121,265305,274852
mixed_short_ordinary,4,dynamic,1,1,2,12,2,364068,360171,367564
mixed_short_ordinary,4,dynamic,1,1,2,12,3,451150,435921,468803
mixed_short_ordinary,4,dynamic,1,1,2,12,4,556903,536910,590128
mixed_short_ordinary,4,dynamic,1,1,2,13,1,267027,266907,267328
mixed_short_ordinary,4,dynamic,1,1,2,13,2,359925,356484,418048
mixed_short_ordinary,4,dynamic,1,1,2,13,3,447152,443046,533803
mixed_short_ordinary,4,dynamic,1,1,2,13,4,541939,541067,582448
mixed_short_ordinary,4,dynamic,1,1,2,14,1,326217,270784,347759
mixed_short_ordinary,4,dynamic,1,1,2,14,2,349105,345824,351645
mixed_short_ordinary,4,dynamic,1,1,2,14,3,449447,429991,493239
mixed_short_ordinary,4,dynamic,1,1,2,14,4,575883,554933,609255
mixed_short_ordinary,4,dynamic,1,1,2,15,1,265755,261527,269472
mixed_short_ordinary,4,dynamic,1,1,2,15,2,357125,354475,360602
mixed_short_ordinary,4,dynamic,1,1,2,15,3,430371,420924,478471
mixed_short_ordinary,4,dynamic,1,1,2,15,4,543492,539485,548171
mixed_short_ordinary,4,dynamic,1,1,2,16,1,273500,269862,275392
mixed_short_ordinary,4,dynamic,1,1,2,16,2,362615,359529,423188
mixed_short_ordinary,4,dynamic,1,1,2,16,3,447924,441743,450860
mixed_short_ordinary,4,dynamic,1,1,2,16,4,573118,538192,596902
mixed_short_ordinary,4,dynamic,1,1,2,17,1,269352,262459,274351
mixed_short_ordinary,4,dynamic,1,1,2,17,2,353048,352667,364875
mixed_short_ordinary,4,dynamic,1,1,2,17,3,441583,421419,467200
mixed_short_ordinary,4,dynamic,1,1,2,17,4,560990,523224,577685
mixed_short_ordinary,4,dynamic,1,1,2,18,1,271635,268670,274782
mixed_short_ordinary,4,dynamic,1,1,2,18,2,362475,354169,395782
mixed_short_ordinary,4,dynamic,1,1,2,18,3,426725,418980,430847
mixed_short_ordinary,4,dynamic,1,1,2,18,4,572346,531677,671195
mixed_short_ordinary,4,dynamic,1,1,2,19,1,271075,268891,274792
mixed_short_ordinary,4,dynamic,1,1,2,19,2,353644,350889,368086
mixed_short_ordinary,4,dynamic,1,1,2,19,3,442424,438446,450319
mixed_short_ordinary,4,dynamic,1,1,2,19,4,539094,518626,601598
mixed_short_ordinary,4,dynamic,1,1,2,1,1,268921,258642,269893
mixed_short_ordinary,4,dynamic,1,1,2,1,2,353363,344872,383019
mixed_short_ordinary,4,dynamic,1,1,2,1,3,445229,425152,447017
mixed_short_ordinary,4,dynamic,1,1,2,1,4,537758,533313,597643
mixed_short_ordinary,4,dynamic,1,1,2,20,1,274471,270915,331778
mixed_short_ordinary,4,dynamic,1,1,2,20,2,363567,349727,380689
mixed_short_ordinary,4,dynamic,1,1,2,20,3,434098,430411,436593
mixed_short_ordinary,4,dynamic,1,1,2,20,4,549409,542249,652044
mixed_short_ordinary,4,dynamic,1,1,2,21,1,273198,266446,278684
mixed_short_ordinary,4,dynamic,1,1,2,21,2,379166,370670,381776
mixed_short_ordinary,4,dynamic,1,1,2,21,3,454858,447203,456229
mixed_short_ordinary,4,dynamic,1,1,2,21,4,545226,515600,562368
mixed_short_ordinary,4,dynamic,1,1,2,22,1,268881,264603,370590
mixed_short_ordinary,4,dynamic,1,1,2,22,2,362826,354690,452402
mixed_short_ordinary,4,dynamic,1,1,2,22,3,429370,416005,435987
mixed_short_ordinary,4,dynamic,1,1,2,22,4,611267,514659,617290
mixed_short_ordinary,4,dynamic,1,1,2,23,1,267138,266356,269863
mixed_short_ordinary,4,dynamic,1,1,2,23,2,347347,340844,372283
mixed_short_ordinary,4,dynamic,1,1,2,23,3,449151,432505,459526
mixed_short_ordinary,4,dynamic,1,1,2,23,4,555595,549894,575968
mixed_short_ordinary,4,dynamic,1,1,2,24,1,268360,267388,271315
mixed_short_ordinary,4,dynamic,1,1,2,24,2,366077,358268,369357
mixed_short_ordinary,4,dynamic,1,1,2,24,3,435956,425282,473467
mixed_short_ordinary,4,dynamic,1,1,2,24,4,594447,577443,647976
mixed_short_ordinary,4,dynamic,1,1,2,25,1,268781,264934,273440
mixed_short_ordinary,4,dynamic,1,1,2,25,2,353503,352717,374327
mixed_short_ordinary,4,dynamic,1,1,2,25,3,450148,419111,461009
mixed_short_ordinary,4,dynamic,1,1,2,25,4,552639,536089,563299
mixed_short_ordinary,4,dynamic,1,1,2,26,1,271636,262659,278389
mixed_short_ordinary,4,dynamic,1,1,2,26,2,365360,362756,425873
mixed_short_ordinary,4,dynamic,1,1,2,26,3,426269,412082,446352
mixed_short_ordinary,4,dynamic,1,1,2,26,4,549904,544444,581062
mixed_short_ordinary,4,dynamic,1,1,2,27,1,268780,264934,268881
mixed_short_ordinary,4,dynamic,1,1,2,27,2,354329,338225,363352
mixed_short_ordinary,4,dynamic,1,1,2,27,3,491485,419396,516563
mixed_short_ordinary,4,dynamic,1,1,2,27,4,587900,545576,631016
mixed_short_ordinary,4,dynamic,1,1,2,28,1,265495,265475,345372
mixed_short_ordinary,4,dynamic,1,1,2,28,2,354495,336788,367765
mixed_short_ordinary,4,dynamic,1,1,2,28,3,446040,443491,502937
mixed_short_ordinary,4,dynamic,1,1,2,28,4,549473,535307,551151
mixed_short_ordinary,4,dynamic,1,1,2,29,1,266567,259553,271777
mixed_short_ordinary,4,dynamic,1,1,2,29,2,358477,349440,444969
mixed_short_ordinary,4,dynamic,1,1,2,29,3,421269,417217,481697
mixed_short_ordinary,4,dynamic,1,1,2,29,4,552549,548542,554473
mixed_short_ordinary,4,dynamic,1,1,2,2,1,270764,266557,302680
mixed_short_ordinary,4,dynamic,1,1,2,2,2,361949,345834,394976
mixed_short_ordinary,4,dynamic,1,1,2,2,3,456770,425418,477899
mixed_short_ordinary,4,dynamic,1,1,2,2,4,569700,526831,687719
mixed_short_ordinary,4,dynamic,1,1,2,30,1,267778,266957,299368
mixed_short_ordinary,4,dynamic,1,1,2,30,2,362785,356399,364138
mixed_short_ordinary,4,dynamic,1,1,2,30,3,439879,426940,446040
mixed_short_ordinary,4,dynamic,1,1,2,30,4,569014,539359,591177
mixed_short_ordinary,4,dynamic,1,1,2,31,1,266105,264994,266517
mixed_short_ordinary,4,dynamic,1,1,2,31,2,348489,346661,354650
mixed_short_ordinary,4,dynamic,1,1,2,31,3,434118,425994,451782
mixed_short_ordinary,4,dynamic,1,1,2,31,4,544875,534325,545176
mixed_short_ordinary,4,dynamic,1,1,2,32,1,272236,270624,284175
mixed_short_ordinary,4,dynamic,1,1,2,32,2,376136,349451,448636
mixed_short_ordinary,4,dynamic,1,1,2,32,3,443105,425823,507981
mixed_short_ordinary,4,dynamic,1,1,2,32,4,573138,536586,594377
mixed_short_ordinary,4,dynamic,1,1,2,33,1,272197,266376,274385
mixed_short_ordinary,4,dynamic,1,1,2,33,2,364269,358949,416901
mixed_short_ordinary,4,dynamic,1,1,2,33,3,445851,440220,446872
mixed_short_ordinary,4,dynamic,1,1,2,33,4,552561,550004,582214
mixed_short_ordinary,4,dynamic,1,1,2,34,1,278589,273018,341952
mixed_short_ordinary,4,dynamic,1,1,2,34,2,365130,357907,477602
mixed_short_ordinary,4,dynamic,1,1,2,34,3,440575,432130,488709
mixed_short_ordinary,4,dynamic,1,1,2,34,4,552188,546838,633143
mixed_short_ordinary,4,dynamic,1,1,2,35,1,266301,264132,268410
mixed_short_ordinary,4,dynamic,1,1,2,35,2,388073,357992,389881
mixed_short_ordinary,4,dynamic,1,1,2,35,3,482338,452593,520870
mixed_short_ordinary,4,dynamic,1,1,2,35,4,539896,511442,545636
mixed_short_ordinary,4,dynamic,1,1,2,36,1,269732,269051,276014
mixed_short_ordinary,4,dynamic,1,1,2,36,2,366583,363677,369479
mixed_short_ordinary,4,dynamic,1,1,2,36,3,431093,428858,441623
mixed_short_ordinary,4,dynamic,1,1,2,36,4,532286,527041,540242
mixed_short_ordinary,4,dynamic,1,1,2,37,1,301822,285040,334872
mixed_short_ordinary,4,dynamic,1,1,2,37,2,372143,346731,383509
mixed_short_ordinary,4,dynamic,1,1,2,37,3,447664,440009,450779
mixed_short_ordinary,4,dynamic,1,1,2,37,4,547440,537151,721880
mixed_short_ordinary,4,dynamic,1,1,2,38,1,267779,267047,268730
mixed_short_ordinary,4,dynamic,1,1,2,38,2,409775,364018,426469
mixed_short_ordinary,4,dynamic,1,1,2,38,3,436803,433968,611483
mixed_short_ordinary,4,dynamic,1,1,2,38,4,556727,534064,577345
mixed_short_ordinary,4,dynamic,1,1,2,39,1,271065,262900,272187
mixed_short_ordinary,4,dynamic,1,1,2,39,2,376731,366092,384346
mixed_short_ordinary,4,dynamic,1,1,2,39,3,440340,438326,462300
mixed_short_ordinary,4,dynamic,1,1,2,39,4,567396,510310,576724
mixed_short_ordinary,4,dynamic,1,1,2,3,1,266867,260645,269963
mixed_short_ordinary,4,dynamic,1,1,2,3,2,360722,358197,379397
mixed_short_ordinary,4,dynamic,1,1,2,3,3,467130,450809,549655
mixed_short_ordinary,4,dynamic,1,1,2,3,4,556947,549995,571005
mixed_short_ordinary,4,dynamic,1,1,2,4,1,267088,257820,280763
mixed_short_ordinary,4,dynamic,1,1,2,4,2,345118,338691,383263
mixed_short_ordinary,4,dynamic,1,1,2,4,3,453205,437684,515295
mixed_short_ordinary,4,dynamic,1,1,2,4,4,559983,542049,612460
mixed_short_ordinary,4,dynamic,1,1,2,5,1,269693,266175,273139
mixed_short_ordinary,4,dynamic,1,1,2,5,2,371941,357145,401618
mixed_short_ordinary,4,dynamic,1,1,2,5,3,440691,435591,449346
mixed_short_ordinary,4,dynamic,1,1,2,5,4,535978,534837,573878
mixed_short_ordinary,4,dynamic,1,1,2,6,1,273089,259113,285852
mixed_short_ordinary,4,dynamic,1,1,2,6,2,369754,360061,423933
mixed_short_ordinary,4,dynamic,1,1,2,6,3,471582,421535,474974
mixed_short_ordinary,4,dynamic,1,1,2,6,4,580090,542280,596447
mixed_short_ordinary,4,dynamic,1,1,2,7,1,278489,275643,280222
mixed_short_ordinary,4,dynamic,1,1,2,7,2,379638,344853,467199
mixed_short_ordinary,4,dynamic,1,1,2,7,3,429671,427457,439819
mixed_short_ordinary,4,dynamic,1,1,2,7,4,580822,560623,643147
mixed_short_ordinary,4,dynamic,1,1,2,8,1,268831,265074,298967
mixed_short_ordinary,4,dynamic,1,1,2,8,2,368501,360562,384727
mixed_short_ordinary,4,dynamic,1,1,2,8,3,440284,428388,559081
mixed_short_ordinary,4,dynamic,1,1,2,8,4,623003,566265,679555
mixed_short_ordinary,4,dynamic,1,1,2,9,1,265069,261006,266616
mixed_short_ordinary,4,dynamic,1,1,2,9,2,367053,361203,381621
mixed_short_ordinary,4,dynamic,1,1,2,9,3,464351,434960,489350
mixed_short_ordinary,4,dynamic,1,1,2,9,4,544824,525058,594116
mixed_short_ordinary,4,dynamic,1,1,3,0,1,238063,237262,238935
mixed_short_ordinary,4,dynamic,1,1,3,0,2,455588,455557,522132
mixed_short_ordinary,4,dynamic,1,1,3,0,3,585370,548902,743605
mixed_short_ordinary,4,dynamic,1,1,3,0,4,703115,660150,743436
mixed_short_ordinary,4,dynamic,1,1,3,10,1,238685,236941,238689
mixed_short_ordinary,4,dynamic,1,1,3,10,2,465382,459666,476637
mixed_short_ordinary,4,dynamic,1,1,3,10,3,530879,523154,590681
mixed_short_ordinary,4,dynamic,1,1,3,10,4,642167,641710,655018
mixed_short_ordinary,4,dynamic,1,1,3,11,1,238629,236561,383774
mixed_short_ordinary,4,dynamic,1,1,3,11,2,460568,453935,469515
mixed_short_ordinary,4,dynamic,1,1,3,11,3,544684,540688,548461
mixed_short_ordinary,4,dynamic,1,1,3,11,4,655180,634832,680118
mixed_short_ordinary,4,dynamic,1,1,3,12,1,238324,237512,252851
mixed_short_ordinary,4,dynamic,1,1,3,12,2,463653,456632,561765
mixed_short_ordinary,4,dynamic,1,1,3,12,3,536079,529457,537011
mixed_short_ordinary,4,dynamic,1,1,3,12,4,684269,670810,827481
mixed_short_ordinary,4,dynamic,1,1,3,13,1,242552,240678,250270
mixed_short_ordinary,4,dynamic,1,1,3,13,2,479563,456740,506594
mixed_short_ordinary,4,dynamic,1,1,3,13,3,534506,526050,536088
mixed_short_ordinary,4,dynamic,1,1,3,13,4,644971,644128,651835
mixed_short_ordinary,4,dynamic,1,1,3,14,1,236371,236149,239195
mixed_short_ordinary,4,dynamic,1,1,3,14,2,455702,454667,470767
mixed_short_ordinary,4,dynamic,1,1,3,14,3,538008,529155,541068
mixed_short_ordinary,4,dynamic,1,1,3,14,4,653447,635464,654078
mixed_short_ordinary,4,dynamic,1,1,3,15,1,246299,241219,246579
mixed_short_ordinary,4,dynamic,1,1,3,15,2,461299,454031,482980
mixed_short_ordinary,4,dynamic,1,1,3,15,3,539205,532331,543448
mixed_short_ordinary,4,dynamic,1,1,3,15,4,664006,653803,716825
mixed_short_ordinary,4,dynamic,1,1,3,16,1,241800,237733,242643
mixed_short_ordinary,4,dynamic,1,1,3,16,2,490293,448365,505452
mixed_short_ordinary,4,dynamic,1,1,3,16,3,581057,534426,593145
mixed_short_ordinary,4,dynamic,1,1,3,16,4,664704,661261,707428
mixed_short_ordinary,4,dynamic,1,1,3,17,1,244034,243693,251980
mixed_short_ordinary,4,dynamic,1,1,3,17,2,469855,447413,493709
mixed_short_ordinary,4,dynamic,1,1,3,17,3,553636,537031,568027
mixed_short_ordinary,4,dynamic,1,1,3,17,4,656603,651013,684896
mixed_short_ordinary,4,dynamic,1,1,3,18,1,237933,236731,239962
mixed_short_ordinary,4,dynamic,1,1,3,18,2,492928,458143,542527
mixed_short_ordinary,4,dynamic,1,1,3,18,3,549137,535357,562347
mixed_short_ordinary,4,dynamic,1,1,3,18,4,673742,659143,694122
mixed_short_ordinary,4,dynamic,1,1,3,19,1,240468,237201,330476
mixed_short_ordinary,4,dynamic,1,1,3,19,2,461209,458103,494880
mixed_short_ordinary,4,dynamic,1,1,3,19,3,535943,534986,546308
mixed_short_ordinary,4,dynamic,1,1,3,19,4,653246,648798,704938
mixed_short_ordinary,4,dynamic,1,1,3,1,1,236591,236491,266001
mixed_short_ordinary,4,dynamic,1,1,3,1,2,475475,463183,477133
mixed_short_ordinary,4,dynamic,1,1,3,1,3,539164,529607,543467
mixed_short_ordinary,4,dynamic,1,1,3,1,4,669938,655341,683493
mixed_short_ordinary,4,dynamic,1,1,3,20,1,236460,235809,237101
mixed_short_ordinary,4,dynamic,1,1,3,20,2,459896,454597,469780
mixed_short_ordinary,4,dynamic,1,1,3,20,3,529146,528315,550054
mixed_short_ordinary,4,dynamic,1,1,3,20,4,671120,647236,719069
mixed_short_ordinary,4,dynamic,1,1,3,21,1,235629,234637,250226
mixed_short_ordinary,4,dynamic,1,1,3,21,2,458734,454882,478020
mixed_short_ordinary,4,dynamic,1,1,3,21,3,584739,537611,741541
mixed_short_ordinary,4,dynamic,1,1,3,21,4,634933,613722,771562
mixed_short_ordinary,4,dynamic,1,1,3,22,1,237732,235058,241420
mixed_short_ordinary,4,dynamic,1,1,3,22,2,476271,469436,504881
mixed_short_ordinary,4,dynamic,1,1,3,22,3,572576,565574,574700
mixed_short_ordinary,4,dynamic,1,1,3,22,4,686009,647766,761699
mixed_short_ordinary,4,dynamic,1,1,3,23,1,238605,236971,238685
mixed_short_ordinary,4,dynamic,1,1,3,23,2,457682,455098,474795
mixed_short_ordinary,4,dynamic,1,1,3,23,3,531821,527181,541644
mixed_short_ordinary,4,dynamic,1,1,3,23,4,669388,644696,742592
mixed_short_ordinary,4,dynamic,1,1,3,24,1,238895,238093,255732
mixed_short_ordinary,4,dynamic,1,1,3,24,2,476157,461449,537481
mixed_short_ordinary,4,dynamic,1,1,3,24,3,566204,554172,627849
mixed_short_ordinary,4,dynamic,1,1,3,24,4,702428,699843,703055
mixed_short_ordinary,4,dynamic,1,1,3,25,1,252375,238549,260736
mixed_short_ordinary,4,dynamic,1,1,3,25,2,459135,457712,498859
mixed_short_ordinary,4,dynamic,1,1,3,25,3,546767,538162,618562
mixed_short_ordinary,4,dynamic,1,1,3,25,4,653908,645181,667133
mixed_short_ordinary,4,dynamic,1,1,3,26,1,242196,237472,265935
mixed_short_ordinary,4,dynamic,1,1,3,26,2,476633,457132,482328
mixed_short_ordinary,4,dynamic,1,1,3,26,3,581062,561185,581864
mixed_short_ordinary,4,dynamic,1,1,3,26,4,674610,674226,695485
mixed_short_ordinary,4,dynamic,1,1,3,27,1,240958,236390,245051
mixed_short_ordinary,4,dynamic,1,1,3,27,2,459876,452463,466369
mixed_short_ordinary,4,dynamic,1,1,3,27,3,537935,530388,553311
mixed_short_ordinary,4,dynamic,1,1,3,27,4,639070,632929,782637
mixed_short_ordinary,4,dynamic,1,1,3,28,1,237783,237102,239195
mixed_short_ordinary,4,dynamic,1,1,3,28,2,459024,444577,461560
mixed_short_ordinary,4,dynamic,1,1,3,28,3,551337,540095,567696
mixed_short_ordinary,4,dynamic,1,1,3,28,4,667769,656892,692109
mixed_short_ordinary,4,dynamic,1,1,3,29,1,242873,235458,256348
mixed_short_ordinary,4,dynamic,1,1,3,29,2,463298,455578,467876
mixed_short_ordinary,4,dynamic,1,1,3,29,3,537937,534876,772232
mixed_short_ordinary,4,dynamic,1,1,3,29,4,657659,648007,677250
mixed_short_ordinary,4,dynamic,1,1,3,2,1,237292,235458,238314
mixed_short_ordinary,4,dynamic,1,1,3,2,2,468713,452262,514558
mixed_short_ordinary,4,dynamic,1,1,3,2,3,542591,537211,687452
mixed_short_ordinary,4,dynamic,1,1,3,2,4,670579,660932,720232
mixed_short_ordinary,4,dynamic,1,1,3,30,1,244965,240257,253256
mixed_short_ordinary,4,dynamic,1,1,3,30,2,459315,458848,479709
mixed_short_ordinary,4,dynamic,1,1,3,30,3,567256,548712,576871
mixed_short_ordinary,4,dynamic,1,1,3,30,4,641839,634883,730856
mixed_short_ordinary,4,dynamic,1,1,3,31,1,241555,239120,248979
mixed_short_ordinary,4,dynamic,1,1,3,31,2,466249,460638,492708
mixed_short_ordinary,4,dynamic,1,1,3,31,3,534806,531590,599141
mixed_short_ordinary,4,dynamic,1,1,3,31,4,686083,678403,716925
mixed_short_ordinary,4,dynamic,1,1,3,32,1,247396,241460,266862
mixed_short_ordinary,4,dynamic,1,1,3,32,2,461860,460658,471358
mixed_short_ordinary,4,dynamic,1,1,3,32,3,572657,560223,573118
mixed_short_ordinary,4,dynamic,1,1,3,32,4,717125,715222,727549
mixed_short_ordinary,4,dynamic,1,1,3,33,1,246649,238515,252875
mixed_short_ordinary,4,dynamic,1,1,3,33,2,469916,449107,477298
mixed_short_ordinary,4,dynamic,1,1,3,33,3,563618,561726,567723
mixed_short_ordinary,4,dynamic,1,1,3,33,4,646808,634111,668221
mixed_short_ordinary,4,dynamic,1,1,3,34,1,237091,236861,247060
mixed_short_ordinary,4,dynamic,1,1,3,34,2,457312,456811,458885
mixed_short_ordinary,4,dynamic,1,1,3,34,3,592924,571052,617740
mixed_short_ordinary,4,dynamic,1,1,3,34,4,664688,648277,718146
mixed_short_ordinary,4,dynamic,1,1,3,35,1,236320,235899,282396
mixed_short_ordinary,4,dynamic,1,1,3,35,2,460167,453995,485960
mixed_short_ordinary,4,dynamic,1,1,3,35,3,537171,535983,547019
mixed_short_ordinary,4,dynamic,1,1,3,35,4,684575,657133,709852
mixed_short_ordinary,4,dynamic,1,1,3,36,1,240908,238604,241820
mixed_short_ordinary,4,dynamic,1,1,3,36,2,454827,453164,461329
mixed_short_ordinary,4,dynamic,1,1,3,36,3,527913,524106,577525
mixed_short_ordinary,4,dynamic,1,1,3,36,4,669939,640092,769833
mixed_short_ordinary,4,dynamic,1,1,3,37,1,239726,237011,242852
mixed_short_ordinary,4,dynamic,1,1,3,37,2,451500,449227,452032
mixed_short_ordinary,4,dynamic,1,1,3,37,3,535657,524147,594788
mixed_short_ordinary,4,dynamic,1,1,3,37,4,662074,661170,713385
mixed_short_ordinary,4,dynamic,1,1,3,38,1,239235,236000,240192
mixed_short_ordinary,4,dynamic,1,1,3,38,2,467526,459926,471859
mixed_short_ordinary,4,dynamic,1,1,3,38,3,581292,556490,619432
mixed_short_ordinary,4,dynamic,1,1,3,38,4,669778,639731,726974
mixed_short_ordinary,4,dynamic,1,1,3,39,1,240943,237873,246379
mixed_short_ordinary,4,dynamic,1,1,3,39,2,458088,453533,461509
mixed_short_ordinary,4,dynamic,1,1,3,39,3,535928,533052,570563
mixed_short_ordinary,4,dynamic,1,1,3,39,4,643656,620011,681724
mixed_short_ordinary,4,dynamic,1,1,3,3,1,243383,239506,244605
mixed_short_ordinary,4,dynamic,1,1,3,3,2,476147,473982,500592
mixed_short_ordinary,4,dynamic,1,1,3,3,3,542500,531089,577215
mixed_short_ordinary,4,dynamic,1,1,3,3,4,657535,645752,667533
mixed_short_ordinary,4,dynamic,1,1,3,4,1,237973,237412,248933
mixed_short_ordinary,4,dynamic,1,1,3,4,2,461805,461044,466138
mixed_short_ordinary,4,dynamic,1,1,3,4,3,548080,545366,555976
mixed_short_ordinary,4,dynamic,1,1,3,4,4,682231,673840,706130
mixed_short_ordinary,4,dynamic,1,1,3,5,1,240939,237402,265731
mixed_short_ordinary,4,dynamic,1,1,3,5,2,459300,449808,468417
mixed_short_ordinary,4,dynamic,1,1,3,5,3,535958,533348,540167
mixed_short_ordinary,4,dynamic,1,1,3,5,4,654449,648474,694923
mixed_short_ordinary,4,dynamic,1,1,3,6,1,241199,236080,245948
mixed_short_ordinary,4,dynamic,1,1,3,6,2,463269,452612,491746
mixed_short_ordinary,4,dynamic,1,1,3,6,3,548641,543612,614264
mixed_short_ordinary,4,dynamic,1,1,3,6,4,656021,648477,706484
mixed_short_ordinary,4,dynamic,1,1,3,7,1,240267,237522,284041
mixed_short_ordinary,4,dynamic,1,1,3,7,2,464310,445109,477083
mixed_short_ordinary,4,dynamic,1,1,3,7,3,541668,535518,543813
mixed_short_ordinary,4,dynamic,1,1,3,7,4,665900,631085,721122
mixed_short_ordinary,4,dynamic,1,1,3,8,1,240498,238103,243102
mixed_short_ordinary,4,dynamic,1,1,3,8,2,457126,455573,465457
mixed_short_ordinary,4,dynamic,1,1,3,8,3,619649,546999,664788
mixed_short_ordinary,4,dynamic,1,1,3,8,4,667012,662781,689735
mixed_short_ordinary,4,dynamic,1,1,3,9,1,238694,234247,267588
mixed_short_ordinary,4,dynamic,1,1,3,9,2,463804,456129,523924
mixed_short_ordinary,4,dynamic,1,1,3,9,3,535667,527463,536098
mixed_short_ordinary,4,dynamic,1,1,3,9,4,630865,625154,679596
mixed_short_ordinary,4,dynamic,1,2,1,0,1,263491,262018,317381
mixed_short_ordinary,4,dynamic,1,2,1,0,2,353258,347237,364439
mixed_short_ordinary,4,dynamic,1,2,1,0,3,422236,421816,424410
mixed_short_ordinary,4,dynamic,1,2,1,0,4,569288,545796,572667
mixed_short_ordinary,4,dynamic,1,2,1,10,1,262308,259262,272077
mixed_short_ordinary,4,dynamic,1,2,1,10,2,371332,348959,399845
mixed_short_ordinary,4,dynamic,1,2,1,10,3,427766,426003,433958
mixed_short_ordinary,4,dynamic,1,2,1,10,4,534862,526009,628871
mixed_short_ordinary,4,dynamic,1,2,1,11,1,279250,261988,336480
mixed_short_ordinary,4,dynamic,1,2,1,11,2,349211,347677,367138
mixed_short_ordinary,4,dynamic,1,2,1,11,3,431814,429350,432749
mixed_short_ordinary,4,dynamic,1,2,1,11,4,547760,525940,572665
mixed_short_ordinary,4,dynamic,1,2,1,12,1,327680,263852,363286
mixed_short_ordinary,4,dynamic,1,2,1,12,2,379687,346195,392300
mixed_short_ordinary,4,dynamic,1,2,1,12,3,446992,420238,447293
mixed_short_ordinary,4,dynamic,1,2,1,12,4,551617,541627,623863
mixed_short_ordinary,4,dynamic,1,2,1,13,1,263410,262639,270454
mixed_short_ordinary,4,dynamic,1,2,1,13,2,352571,348880,369908
mixed_short_ordinary,4,dynamic,1,2,1,13,3,445790,423118,460257
mixed_short_ordinary,4,dynamic,1,2,1,13,4,554342,527726,670828
mixed_short_ordinary,4,dynamic,1,2,1,14,1,262509,253872,305048
mixed_short_ordinary,4,dynamic,1,2,1,14,2,362535,357475,398903
mixed_short_ordinary,4,dynamic,1,2,1,14,3,456640,428899,537730
mixed_short_ordinary,4,dynamic,1,2,1,14,4,585534,566757,637900
mixed_short_ordinary,4,dynamic,1,2,1,15,1,268360,263841,273825
mixed_short_ordinary,4,dynamic,1,2,1,15,2,354360,348700,362480
mixed_short_ordinary,4,dynamic,1,2,1,15,3,437334,422217,448235
mixed_short_ordinary,4,dynamic,1,2,1,15,4,564842,546498,567191
mixed_short_ordinary,4,dynamic,1,2,1,16,1,263852,262890,299688
mixed_short_ordinary,4,dynamic,1,2,1,16,2,376421,342788,382753
mixed_short_ordinary,4,dynamic,1,2,1,16,3,422668,418820,444388
mixed_short_ordinary,4,dynamic,1,2,1,16,4,601782,511673,624823
mixed_short_ordinary,4,dynamic,1,2,1,17,1,264032,262780,338000
mixed_short_ordinary,4,dynamic,1,2,1,17,2,354560,353418,372924
mixed_short_ordinary,4,dynamic,1,2,1,17,3,435511,429830,438802
mixed_short_ordinary,4,dynamic,1,2,1,17,4,546528,543511,550155
mixed_short_ordinary,4,dynamic,1,2,1,18,1,269342,268621,270494
mixed_short_ordinary,4,dynamic,1,2,1,18,2,359830,357005,429821
mixed_short_ordinary,4,dynamic,1,2,1,18,3,474620,431659,518963
mixed_short_ordinary,4,dynamic,1,2,1,18,4,580626,578086,612922
mixed_short_ordinary,4,dynamic,1,2,1,19,1,272227,266451,311109
mixed_short_ordinary,4,dynamic,1,2,1,19,2,358889,342929,433506
mixed_short_ordinary,4,dynamic,1,2,1,19,3,476117,427637,575387
mixed_short_ordinary,4,dynamic,1,2,1,19,4,606690,509083,616998
mixed_short_ordinary,4,dynamic,1,2,1,1,1,260214,256137,264353
mixed_short_ordinary,4,dynamic,1,2,1,1,2,357826,352366,381200
mixed_short_ordinary,4,dynamic,1,2,1,1,3,448140,446191,465417
mixed_short_ordinary,4,dynamic,1,2,1,1,4,559902,522893,621429
mixed_short_ordinary,4,dynamic,1,2,1,20,1,263019,262238,264112
mixed_short_ordinary,4,dynamic,1,2,1,20,2,369297,354030,376261
mixed_short_ordinary,4,dynamic,1,2,1,20,3,438206,420472,466910
mixed_short_ordinary,4,dynamic,1,2,1,20,4,633701,590931,700606
mixed_short_ordinary,4,dynamic,1,2,1,21,1,270017,260906,270514
mixed_short_ordinary,4,dynamic,1,2,1,21,2,397019,361628,441060
mixed_short_ordinary,4,dynamic,1,2,1,21,3,452862,437320,545846
mixed_short_ordinary,4,dynamic,1,2,1,21,4,569099,536599,662569
mixed_short_ordinary,4,dynamic,1,2,1,22,1,263181,258842,265544
mixed_short_ordinary,4,dynamic,1,2,1,22,2,356934,351174,377648
mixed_short_ordinary,4,dynamic,1,2,1,22,3,425812,424119,443295
mixed_short_ordinary,4,dynamic,1,2,1,22,4,555655,543342,602049
mixed_short_ordinary,4,dynamic,1,2,1,23,1,265474,260766,265504
mixed_short_ordinary,4,dynamic,1,2,1,23,2,346415,345910,370991
mixed_short_ordinary,4,dynamic,1,2,1,23,3,438687,419141,451436
mixed_short_ordinary,4,dynamic,1,2,1,23,4,563931,537185,612762
mixed_short_ordinary,4,dynamic,1,2,1,24,1,295520,260235,320974
mixed_short_ordinary,4,dynamic,1,2,1,24,2,371458,353789,383019
mixed_short_ordinary,4,dynamic,1,2,1,24,3,452814,438957,453585
mixed_short_ordinary,4,dynamic,1,2,1,24,4,533373,532171,608321
mixed_short_ordinary,4,dynamic,1,2,1,25,1,266316,263731,268059
mixed_short_ordinary,4,dynamic,1,2,1,25,2,371482,331337,456599
mixed_short_ordinary,4,dynamic,1,2,1,25,3,432215,429960,463458
mixed_short_ordinary,4,dynamic,1,2,1,25,4,630564,564848,675610
mixed_short_ordinary,4,dynamic,1,2,1,26,1,263821,262920,266256
mixed_short_ordinary,4,dynamic,1,2,1,26,2,361964,354590,406227
mixed_short_ordinary,4,dynamic,1,2,1,26,3,456550,441752,578539
mixed_short_ordinary,4,dynamic,1,2,1,26,4,535163,522724,543734
mixed_short_ordinary,4,dynamic,1,2,1,27,1,264453,254925,265644
mixed_short_ordinary,4,dynamic,1,2,1,27,2,363648,355562,365611
mixed_short_ordinary,4,dynamic,1,2,1,27,3,431033,426935,452743
mixed_short_ordinary,4,dynamic,1,2,1,27,4,581989,573478,639992
mixed_short_ordinary,4,dynamic,1,2,1,28,1,263170,262679,263841
mixed_short_ordinary,4,dynamic,1,2,1,28,2,350142,347708,363668
mixed_short_ordinary,4,dynamic,1,2,1,28,3,485244,439027,496455
mixed_short_ordinary,4,dynamic,1,2,1,28,4,563578,532962,749334
mixed_short_ordinary,4,dynamic,1,2,1,29,1,260896,260355,269702
mixed_short_ordinary,4,dynamic,1,2,1,29,2,361704,351254,445991
mixed_short_ordinary,4,dynamic,1,2,1,29,3,460948,440751,525358
mixed_short_ordinary,4,dynamic,1,2,1,29,4,553746,545843,570503
mixed_short_ordinary,4,dynamic,1,2,1,2,1,290131,267718,332210
mixed_short_ordinary,4,dynamic,1,2,1,2,2,357316,354540,364408
mixed_short_ordinary,4,dynamic,1,2,1,2,3,439919,435330,447173
mixed_short_ordinary,4,dynamic,1,2,1,2,4,596691,556847,608694
mixed_short_ordinary,4,dynamic,1,2,1,30,1,268970,262048,272487
mixed_short_ordinary,4,dynamic,1,2,1,30,2,369639,353297,370811
mixed_short_ordinary,4,dynamic,1,2,1,30,3,510250,421846,551828
mixed_short_ordinary,4,dynamic,1,2,1,30,4,569290,543463,635743
mixed_short_ordinary,4,dynamic,1,2,1,31,1,266346,264983,342787
mixed_short_ordinary,4,dynamic,1,2,1,31,2,355522,350483,391479
mixed_short_ordinary,4,dynamic,1,2,1,31,3,444238,437465,454792
mixed_short_ordinary,4,dynamic,1,2,1,31,4,584709,565499,588787
mixed_short_ordinary,4,dynamic,1,2,1,32,1,263481,261026,269188
mixed_short_ordinary,4,dynamic,1,2,1,32,2,347286,343760,367084
mixed_short_ordinary,4,dynamic,1,2,1,32,3,449403,446892,477730
mixed_short_ordinary,4,dynamic,1,2,1,32,4,566019,550923,567942
mixed_short_ordinary,4,dynamic,1,2,1,33,1,265454,252259,275683
mixed_short_ordinary,4,dynamic,1,2,1,33,2,359409,353488,378189
mixed_short_ordinary,4,dynamic,1,2,1,33,3,431083,427767,439769
mixed_short_ordinary,4,dynamic,1,2,1,33,4,541468,540887,580354
mixed_short_ordinary,4,dynamic,1,2,1,34,1,269061,265464,271921
mixed_short_ordinary,4,dynamic,1,2,1,34,2,352957,352165,357015
mixed_short_ordinary,4,dynamic,1,2,1,34,3,422221,421946,430622
mixed_short_ordinary,4,dynamic,1,2,1,34,4,554713,552234,563594
mixed_short_ordinary,4,dynamic,1,2,1,35,1,261828,261777,269161
mixed_short_ordinary,4,dynamic,1,2,1,35,2,387301,365907,420654
mixed_short_ordinary,4,dynamic,1,2,1,35,3,443787,432265,447860
mixed_short_ordinary,4,dynamic,1,2,1,35,4,550696,533053,583296
mixed_short_ordinary,4,dynamic,1,2,1,36,1,265465,265319,292880
mixed_short_ordinary,4,dynamic,1,2,1,36,2,349286,348048,365280
mixed_short_ordinary,4,dynamic,1,2,1,36,3,443631,428688,490504
mixed_short_ordinary,4,dynamic,1,2,1,36,4,535848,530949,586053
mixed_short_ordinary,4,dynamic,1,2,1,37,1,251869,251528,265258
mixed_short_ordinary,4,dynamic,1,2,1,37,2,357656,351791,368306
mixed_short_ordinary,4,dynamic,1,2,1,37,3,429369,425603,446622
mixed_short_ordinary,4,dynamic,1,2,1,37,4,545021,539986,559001
mixed_short_ordinary,4,dynamic,1,2,1,38,1,266266,265345,329824
mixed_short_ordinary,4,dynamic,1,2,1,38,2,357310,349822,378476
mixed_short_ordinary,4,dynamic,1,2,1,38,3,437245,421376,459957
mixed_short_ordinary,4,dynamic,1,2,1,38,4,584920,510661,609575
mixed_short_ordinary,4,dynamic,1,2,1,39,1,262620,261306,264282
mixed_short_ordinary,4,dynamic,1,2,1,39,2,355046,351865,402379
mixed_short_ordinary,4,dynamic,1,2,1,39,3,512234,440140,601109
mixed_short_ordinary,4,dynamic,1,2,1,39,4,552748,551127,553350
mixed_short_ordinary,4,dynamic,1,2,1,3,1,266401,265304,318572
mixed_short_ordinary,4,dynamic,1,2,1,3,2,357045,343569,384225
mixed_short_ordinary,4,dynamic,1,2,1,3,3,439288,434599,495523
mixed_short_ordinary,4,dynamic,1,2,1,3,4,562758,551256,573537
mixed_short_ordinary,4,dynamic,1,2,1,4,1,263220,261697,266687
mixed_short_ordinary,4,dynamic,1,2,1,4,2,385207,376542,423939
mixed_short_ordinary,4,dynamic,1,2,1,4,3,432916,431714,445309
mixed_short_ordinary,4,dynamic,1,2,1,4,4,545275,531256,566444
mixed_short_ordinary,4,dynamic,1,2,1,5,1,263300,254905,268700
mixed_short_ordinary,4,dynamic,1,2,1,5,2,366272,346295,439908
mixed_short_ordinary,4,dynamic,1,2,1,5,3,440290,426029,473487
mixed_short_ordinary,4,dynamic,1,2,1,5,4,552789,521366,587043
mixed_short_ordinary,4,dynamic,1,2,1,6,1,253993,251027,269452
mixed_short_ordinary,4,dynamic,1,2,1,6,2,366608,363677,414351
mixed_short_ordinary,4,dynamic,1,2,1,6,3,451521,446472,476667
mixed_short_ordinary,4,dynamic,1,2,1,6,4,576872,563569,583247
mixed_short_ordinary,4,dynamic,1,2,1,7,1,262368,261808,263641
mixed_short_ordinary,4,dynamic,1,2,1,7,2,350723,343680,363928
mixed_short_ordinary,4,dynamic,1,2,1,7,3,437926,431790,454266
mixed_short_ordinary,4,dynamic,1,2,1,7,4,605434,598515,781595
mixed_short_ordinary,4,dynamic,1,2,1,8,1,260646,252721,265254
mixed_short_ordinary,4,dynamic,1,2,1,8,2,357977,357811,414537
mixed_short_ordinary,4,dynamic,1,2,1,8,3,427226,423199,439398
mixed_short_ordinary,4,dynamic,1,2,1,8,4,618066,599142,653308
mixed_short_ordinary,4,dynamic,1,2,1,9,1,262719,261557,264343
mixed_short_ordinary,4,dynamic,1,2,1,9,2,361258,351295,362825
mixed_short_ordinary,4,dynamic,1,2,1,9,3,426494,411206,451366
mixed_short_ordinary,4,dynamic,1,2,1,9,4,568090,566885,631908
mixed_short_ordinary,4,dynamic,1,2,2,0,1,286173,285652,331317
mixed_short_ordinary,4,dynamic,1,2,2,0,2,508857,508322,520609
mixed_short_ordinary,4,dynamic,1,2,2,0,3,630655,567647,649556
mixed_short_ordinary,4,dynamic,1,2,2,0,4,749726,669171,929250
mixed_short_ordinary,4,dynamic,1,2,2,10,1,285292,281940,289128
mixed_short_ordinary,4,dynamic,1,2,2,10,2,528715,504460,529166
mixed_short_ordinary,4,dynamic,1,2,2,10,3,593436,592133,594708
mixed_short_ordinary,4,dynamic,1,2,2,10,4,735389,703540,757131
mixed_short_ordinary,4,dynamic,1,2,2,11,1,284359,276996,353228
mixed_short_ordinary,4,dynamic,1,2,2,11,2,514924,513117,593429
mixed_short_ordinary,4,dynamic,1,2,2,11,3,598530,591472,607611
mixed_short_ordinary,4,dynamic,1,2,2,11,4,735790,679165,765195
mixed_short_ordinary,4,dynamic,1,2,2,12,1,324694,287065,341757
mixed_short_ordinary,4,dynamic,1,2,2,12,2,505221,500006,515580
mixed_short_ordinary,4,dynamic,1,2,2,12,3,591401,588746,604245
mixed_short_ordinary,4,dynamic,1,2,2,12,4,707975,686588,735746
mixed_short_ordinary,4,dynamic,1,2,2,13,1,292595,290140,294544
mixed_short_ordinary,4,dynamic,1,2,2,13,2,514107,506874,544624
mixed_short_ordinary,4,dynamic,1,2,2,13,3,571935,569816,700013
mixed_short_ordinary,4,dynamic,1,2,2,13,4,702278,685316,766013
mixed_short_ordinary,4,dynamic,1,2,2,14,1,309937,291613,328732
mixed_short_ordinary,4,dynamic,1,2,2,14,2,531319,517323,554002
mixed_short_ordinary,4,dynamic,1,2,2,14,3,579480,575066,593566
mixed_short_ordinary,4,dynamic,1,2,2,14,4,702848,698410,755115
mixed_short_ordinary,4,dynamic,1,2,2,15,1,359811,284490,362356
mixed_short_ordinary,4,dynamic,1,2,2,15,2,521772,503678,594065
mixed_short_ordinary,4,dynamic,1,2,2,15,3,598791,578517,604336
mixed_short_ordinary,4,dynamic,1,2,2,15,4,712438,705453,777840
mixed_short_ordinary,4,dynamic,1,2,2,16,1,287816,280142,291182
mixed_short_ordinary,4,dynamic,1,2,2,16,2,512344,506704,531019
mixed_short_ordinary,4,dynamic,1,2,2,16,3,591170,559918,605057
mixed_short_ordinary,4,dynamic,1,2,2,16,4,897261,758893,916387
mixed_short_ordinary,4,dynamic,1,2,2,17,1,290992,283589,294894
mixed_short_ordinary,4,dynamic,1,2,2,17,2,604495,528774,639706
mixed_short_ordinary,4,dynamic,1,2,2,17,3,596240,567327,693177
mixed_short_ordinary,4,dynamic,1,2,2,17,4,704402,685166,740490
mixed_short_ordinary,4,dynamic,1,2,2,18,1,289228,279180,447123
mixed_short_ordinary,4,dynamic,1,2,2,18,2,541718,497031,695133
mixed_short_ordinary,4,dynamic,1,2,2,18,3,589102,577276,597984
mixed_short_ordinary,4,dynamic,1,2,2,18,4,751900,695529,766106
mixed_short_ordinary,4,dynamic,1,2,2,19,1,284710,279040,297985
mixed_short_ordinary,4,dynamic,1,2,2,19,2,511052,506033,527953
mixed_short_ordinary,4,dynamic,1,2,2,19,3,593801,589849,702430
mixed_short_ordinary,4,dynamic,1,2,2,19,4,700134,675303,736111
mixed_short_ordinary,4,dynamic,1,2,2,1,1,290220,288928,290792
mixed_short_ordinary,4,dynamic,1,2,2,1,2,501744,500853,534666
mixed_short_ordinary,4,dynamic,1,2,2,1,3,587765,563961,623155
mixed_short_ordinary,4,dynamic,1,2,2,1,4,742075,717640,763709
mixed_short_ordinary,4,dynamic,1,2,2,20,1,288737,287496,290341
mixed_short_ordinary,4,dynamic,1,2,2,20,2,518561,510206,544424
mixed_short_ordinary,4,dynamic,1,2,2,20,3,591972,586953,616137
mixed_short_ordinary,4,dynamic,1,2,2,20,4,691852,678744,817641
mixed_short_ordinary,4,dynamic,1,2,2,21,1,288267,286744,288527
mixed_short_ordinary,4,dynamic,1,2,2,21,2,508857,508191,515380
mixed_short_ordinary,4,dynamic,1,2,2,21,3,591552,579394,622030
mixed_short_ordinary,4,dynamic,1,2,2,21,4,703891,692760,704863
mixed_short_ordinary,4,dynamic,1,2,2,22,1,284700,267774,290842
mixed_short_ordinary,4,dynamic,1,2,2,22,2,550349,514047,561090
mixed_short_ordinary,4,dynamic,1,2,2,22,3,598324,588416,609421
mixed_short_ordinary,4,dynamic,1,2,2,22,4,713258,682215,835486
mixed_short_ordinary,4,dynamic,1,2,2,23,1,295093,284139,312061
mixed_short_ordinary,4,dynamic,1,2,2,23,2,534785,514549,557017
mixed_short_ordinary,4,dynamic,1,2,2,23,3,598665,585851,611609
mixed_short_ordinary,4,dynamic,1,2,2,23,4,681860,678979,716932
mixed_short_ordinary,4,dynamic,1,2,2,24,1,287876,280331,290081
mixed_short_ordinary,4,dynamic,1,2,2,24,2,504244,504049,513877
mixed_short_ordinary,4,dynamic,1,2,2,24,3,595875,581989,598233
mixed_short_ordinary,4,dynamic,1,2,2,24,4,711966,677232,846337
mixed_short_ordinary,4,dynamic,1,2,2,25,1,287204,286493,289829
mixed_short_ordinary,4,dynamic,1,2,2,25,2,516858,507044,538889
mixed_short_ordinary,4,dynamic,1,2,2,25,3,590640,582009,608203
mixed_short_ordinary,4,dynamic,1,2,2,25,4,736843,690235,773251
mixed_short_ordinary,4,dynamic,1,2,2,26,1,290250,277992,328873
mixed_short_ordinary,4,dynamic,1,2,2,26,2,515349,507445,543132
mixed_short_ordinary,4,dynamic,1,2,2,26,3,636766,581863,709191
mixed_short_ordinary,4,dynamic,1,2,2,26,4,711114,676590,877778
mixed_short_ordinary,4,dynamic,1,2,2,27,1,287866,286714,289179
mixed_short_ordinary,4,dynamic,1,2,2,27,2,509068,497371,526300
mixed_short_ordinary,4,dynamic,1,2,2,27,3,577731,572192,606489
mixed_short_ordinary,4,dynamic,1,2,2,27,4,748044,685106,772278
mixed_short_ordinary,4,dynamic,1,2,2,28,1,283658,280678,290882
mixed_short_ordinary,4,dynamic,1,2,2,28,2,510801,493784,536549
mixed_short_ordinary,4,dynamic,1,2,2,28,3,582805,579048,639350
mixed_short_ordinary,4,dynamic,1,2,2,28,4,730340,686028,833668
mixed_short_ordinary,4,dynamic,1,2,2,29,1,290962,288988,292165
mixed_short_ordinary,4,dynamic,1,2,2,29,2,527873,512284,534776
mixed_short_ordinary,4,dynamic,1,2,2,29,3,589047,570213,616107
mixed_short_ordinary,4,dynamic,1,2,2,29,4,700674,674466,744477
mixed_short_ordinary,4,dynamic,1,2,2,2,1,289640,289168,295480
mixed_short_ordinary,4,dynamic,1,2,2,2,2,509814,495372,530779
mixed_short_ordinary,4,dynamic,1,2,2,2,3,590780,584258,617680
mixed_short_ordinary,4,dynamic,1,2,2,2,4,733275,694034,761939
mixed_short_ordinary,4,dynamic,1,2,2,30,1,291613,288907,294148
mixed_short_ordinary,4,dynamic,1,2,2,30,2,511673,508938,512064
mixed_short_ordinary,4,dynamic,1,2,2,30,3,570643,567327,625875
mixed_short_ordinary,4,dynamic,1,2,2,30,4,703754,699643,757621
mixed_short_ordinary,4,dynamic,1,2,2,31,1,287686,283082,290647
mixed_short_ordinary,4,dynamic,1,2,2,31,2,509784,489191,521912
mixed_short_ordinary,4,dynamic,1,2,2,31,3,643278,583236,780520
mixed_short_ordinary,4,dynamic,1,2,2,31,4,769564,686018,791549
mixed_short_ordinary,4,dynamic,1,2,2,32,1,291453,291319,293316
mixed_short_ordinary,4,dynamic,1,2,2,32,2,525298,519578,536003
mixed_short_ordinary,4,dynamic,1,2,2,32,3,644670,589638,772931
mixed_short_ordinary,4,dynamic,1,2,2,32,4,722923,678649,769289
mixed_short_ordinary,4,dynamic,1,2,2,33,1,288772,280112,289208
mixed_short_ordinary,4,dynamic,1,2,2,33,2,509429,504620,516161
mixed_short_ordinary,4,dynamic,1,2,2,33,3,583432,570843,645412
mixed_short_ordinary,4,dynamic,1,2,2,33,4,831915,695315,897844
mixed_short_ordinary,4,dynamic,1,2,2,34,1,289839,281745,308655
mixed_short_ordinary,4,dynamic,1,2,2,34,2,509783,492427,536328
mixed_short_ordinary,4,dynamic,1,2,2,34,3,602262,591176,677171
mixed_short_ordinary,4,dynamic,1,2,2,34,4,720402,705454,723788
mixed_short_ordinary,4,dynamic,1,2,2,35,1,288677,271686,307262
mixed_short_ordinary,4,dynamic,1,2,2,35,2,596770,531610,755818
mixed_short_ordinary,4,dynamic,1,2,2,35,3,591546,580214,649549
mixed_short_ordinary,4,dynamic,1,2,2,35,4,690561,677732,761448
mixed_short_ordinary,4,dynamic,1,2,2,36,1,290165,282787,297805
mixed_short_ordinary,4,dynamic,1,2,2,36,2,514188,512845,516482
mixed_short_ordinary,4,dynamic,1,2,2,36,3,606409,588847,616234
mixed_short_ordinary,4,dynamic,1,2,2,36,4,707548,707226,823664
mixed_short_ordinary,4,dynamic,1,2,2,37,1,308339,292575,309250
mixed_short_ordinary,4,dynamic,1,2,2,37,2,529661,521541,538082
mixed_short_ordinary,4,dynamic,1,2,2,37,3,594880,592273,608793
mixed_short_ordinary,4,dynamic,1,2,2,37,4,688382,681989,692229
mixed_short_ordinary,4,dynamic,1,2,2,38,1,293797,282085,422458
mixed_short_ordinary,4,dynamic,1,2,2,38,2,515049,511382,523179
mixed_short_ordinary,4,dynamic,1,2,2,38,3,582735,566255,584524
mixed_short_ordinary,4,dynamic,1,2,2,38,4,696707,679846,704328
mixed_short_ordinary,4,dynamic,1,2,2,39,1,296993,285812,299327
mixed_short_ordinary,4,dynamic,1,2,2,39,2,522693,506653,525569
mixed_short_ordinary,4,dynamic,1,2,2,39,3,589328,574250,616098
mixed_short_ordinary,4,dynamic,1,2,2,39,4,706656,705834,733391
mixed_short_ordinary,4,dynamic,1,2,2,3,1,290071,281374,325928
mixed_short_ordinary,4,dynamic,1,2,2,3,2,503528,500627,563815
mixed_short_ordinary,4,dynamic,1,2,2,3,3,594667,591461,602332
mixed_short_ordinary,4,dynamic,1,2,2,3,4,704993,700684,787186
mixed_short_ordinary,4,dynamic,1,2,2,4,1,287766,281434,307693
mixed_short_ordinary,4,dynamic,1,2,2,4,2,509223,504299,514754
mixed_short_ordinary,4,dynamic,1,2,2,4,3,600559,587885,738155
mixed_short_ordinary,4,dynamic,1,2,2,4,4,699056,681030,743956
mixed_short_ordinary,4,dynamic,1,2,2,5,1,286138,265354,348499
mixed_short_ordinary,4,dynamic,1,2,2,5,2,508670,495898,523655
mixed_short_ordinary,4,dynamic,1,2,2,5,3,598235,591732,606990
mixed_short_ordinary,4,dynamic,1,2,2,5,4,686168,672652,786214
mixed_short_ordinary,4,dynamic,1,2,2,6,1,280071,272968,318433
mixed_short_ordinary,4,dynamic,1,2,2,6,2,534526,506173,555903
mixed_short_ordinary,4,dynamic,1,2,2,6,3,580150,572416,617077
mixed_short_ordinary,4,dynamic,1,2,2,6,4,701647,686258,725491
mixed_short_ordinary,4,dynamic,1,2,2,7,1,284019,283959,286344
mixed_short_ordinary,4,dynamic,1,2,2,7,2,507335,480184,517118
mixed_short_ordinary,4,dynamic,1,2,2,7,3,648868,591526,649534
mixed_short_ordinary,4,dynamic,1,2,2,7,4,692019,690912,733706
mixed_short_ordinary,4,dynamic,1,2,2,8,1,287796,284590,289038
mixed_short_ordinary,4,dynamic,1,2,2,8,2,504299,501494,517308
mixed_short_ordinary,4,dynamic,1,2,2,8,3,594307,577515,879699
mixed_short_ordinary,4,dynamic,1,2,2,8,4,720577,695355,726590
mixed_short_ordinary,4,dynamic,1,2,2,9,1,281785,279109,288808
mixed_short_ordinary,4,dynamic,1,2,2,9,2,530828,510080,625716
mixed_short_ordinary,4,dynamic,1,2,2,9,3,589193,586012,621808
mixed_short_ordinary,4,dynamic,1,2,2,9,4,728236,661562,824836
mixed_short_ordinary,4,dynamic,1,2,3,0,1,262569,261327,268214
mixed_short_ordinary,4,dynamic,1,2,3,0,2,483115,459957,510636
mixed_short_ordinary,4,dynamic,1,2,3,0,3,593927,534846,810019
mixed_short_ordinary,4,dynamic,1,2,3,0,4,706818,689204,727855
mixed_short_ordinary,4,dynamic,1,2,3,10,1,263270,262248,351370
mixed_short_ordinary,4,dynamic,1,2,3,10,2,485735,472123,493244
mixed_short_ordinary,4,dynamic,1,2,3,10,3,571734,564682,579765
mixed_short_ordinary,4,dynamic,1,2,3,10,4,692139,659398,749178
mixed_short_ordinary,4,dynamic,1,2,3,11,1,281174,265344,284119
mixed_short_ordinary,4,dynamic,1,2,3,11,2,474053,468833,484548
mixed_short_ordinary,4,dynamic,1,2,3,11,3,545014,536154,585902
mixed_short_ordinary,4,dynamic,1,2,3,11,4,677582,652626,691247
mixed_short_ordinary,4,dynamic,1,2,3,12,1,270453,261757,318183
mixed_short_ordinary,4,dynamic,1,2,3,12,2,499219,485925,562698
mixed_short_ordinary,4,dynamic,1,2,3,12,3,556787,549093,571866
mixed_short_ordinary,4,dynamic,1,2,3,12,4,648257,647095,656442
mixed_short_ordinary,4,dynamic,1,2,3,13,1,259458,257730,266802
mixed_short_ordinary,4,dynamic,1,2,3,13,2,478857,470792,523805
mixed_short_ordinary,4,dynamic,1,2,3,13,3,554541,541809,592082
mixed_short_ordinary,4,dynamic,1,2,3,13,4,691122,662543,781255
mixed_short_ordinary,4,dynamic,1,2,3,14,1,264944,263195,267057
mixed_short_ordinary,4,dynamic,1,2,3,14,2,470075,465888,477412
mixed_short_ordinary,4,dynamic,1,2,3,14,3,540091,531189,556186
mixed_short_ordinary,4,dynamic,1,2,3,14,4,689054,686215,690422
mixed_short_ordinary,4,dynamic,1,2,3,15,1,260415,260024,265364
mixed_short_ordinary,4,dynamic,1,2,3,15,2,476793,474608,526060
mixed_short_ordinary,4,dynamic,1,2,3,15,3,551547,544835,576744
mixed_short_ordinary,4,dynamic,1,2,3,15,4,661408,660650,741120
mixed_short_ordinary,4,dynamic,1,2,3,16,1,265485,263907,276509
mixed_short_ordinary,4,dynamic,1,2,3,16,2,478521,467610,488675
mixed_short_ordinary,4,dynamic,1,2,3,16,3,554598,545235,637395
mixed_short_ordinary,4,dynamic,1,2,3,16,4,714146,661829,721483
mixed_short_ordinary,4,dynamic,1,2,3,17,1,267067,265775,281875
mixed_short_ordinary,4,dynamic,1,2,3,17,2,479764,467155,546017
mixed_short_ordinary,4,dynamic,1,2,3,17,3,572176,555886,576263
mixed_short_ordinary,4,dynamic,1,2,3,17,4,672842,646193,704196
mixed_short_ordinary,4,dynamic,1,2,3,18,1,262974,261166,339337
mixed_short_ordinary,4,dynamic,1,2,3,18,2,465717,461078,495082
mixed_short_ordinary,4,dynamic,1,2,3,18,3,553010,550896,662425
mixed_short_ordinary,4,dynamic,1,2,3,18,4,694906,676610,706967
mixed_short_ordinary,4,dynamic,1,2,3,19,1,267313,262619,268681
mixed_short_ordinary,4,dynamic,1,2,3,19,2,492938,480375,513426
mixed_short_ordinary,4,dynamic,1,2,3,19,3,553190,540903,556516
mixed_short_ordinary,4,dynamic,1,2,3,19,4,664684,639842,682741
mixed_short_ordinary,4,dynamic,1,2,3,1,1,264984,263356,268660
mixed_short_ordinary,4,dynamic,1,2,3,1,2,466985,456304,467871
mixed_short_ordinary,4,dynamic,1,2,3,1,3,572957,535988,591521
mixed_short_ordinary,4,dynamic,1,2,3,1,4,712601,670498,769974
mixed_short_ordinary,4,dynamic,1,2,3,20,1,263566,262920,284425
mixed_short_ordinary,4,dynamic,1,2,3,20,2,457817,456180,468663
mixed_short_ordinary,4,dynamic,1,2,3,20,3,548140,539855,562878
mixed_short_ordinary,4,dynamic,1,2,3,20,4,683580,675138,695696
mixed_short_ordinary,4,dynamic,1,2,3,21,1,273649,259884,328772
mixed_short_ordinary,4,dynamic,1,2,3,21,2,474554,471378,492502
mixed_short_ordinary,4,dynamic,1,2,3,21,3,555605,552519,598423
mixed_short_ordinary,4,dynamic,1,2,3,21,4,695403,676139,834887
mixed_short_ordinary,4,dynamic,1,2,3,22,1,266369,257920,287616
mixed_short_ordinary,4,dynamic,1,2,3,22,2,484753,466459,486877
mixed_short_ordinary,4,dynamic,1,2,3,22,3,584328,570412,899774
mixed_short_ordinary,4,dynamic,1,2,3,22,4,695554,689524,723511
mixed_short_ordinary,4,dynamic,1,2,3,23,1,267578,260805,271906
mixed_short_ordinary,4,dynamic,1,2,3,23,2,472505,468743,488911
mixed_short_ordinary,4,dynamic,1,2,3,23,3,553871,536088,559472
mixed_short_ordinary,4,dynamic,1,2,3,23,4,660369,637056,703219
mixed_short_ordinary,4,dynamic,1,2,3,24,1,262609,261327,262870
mixed_short_ordinary,4,dynamic,1,2,3,24,2,480665,476112,485955
mixed_short_ordinary,4,dynamic,1,2,3,24,3,598670,552404,601485
mixed_short_ordinary,4,dynamic,1,2,3,24,4,697871,663853,738059
mixed_short_ordinary,4,dynamic,1,2,3,25,1,264172,259673,274416
mixed_short_ordinary,4,dynamic,1,2,3,25,2,502676,499756,509028
mixed_short_ordinary,4,dynamic,1,2,3,25,3,556106,554062,557468
mixed_short_ordinary,4,dynamic,1,2,3,25,4,793323,630153,902717
mixed_short_ordinary,4,dynamic,1,2,3,26,1,265108,263511,266742
mixed_short_ordinary,4,dynamic,1,2,3,26,2,484176,481868,488500
mixed_short_ordinary,4,dynamic,1,2,3,26,3,604708,579379,605939
mixed_short_ordinary,4,dynamic,1,2,3,26,4,719029,690451,748484
mixed_short_ordinary,4,dynamic,1,2,3,27,1,265254,264572,282356
mixed_short_ordinary,4,dynamic,1,2,3,27,2,468657,460583,496309
mixed_short_ordinary,4,dynamic,1,2,3,27,3,544790,544669,552780
mixed_short_ordinary,4,dynamic,1,2,3,27,4,655838,653347,675324
mixed_short_ordinary,4,dynamic,1,2,3,28,1,261166,261137,279711
mixed_short_ordinary,4,dynamic,1,2,3,28,2,480269,468998,481292
mixed_short_ordinary,4,dynamic,1,2,3,28,3,555805,544213,601851
mixed_short_ordinary,4,dynamic,1,2,3,28,4,671831,657692,685827
mixed_short_ordinary,4,dynamic,1,2,3,29,1,281109,259754,302208
mixed_short_ordinary,4,dynamic,1,2,3,29,2,467931,464686,596857
mixed_short_ordinary,4,dynamic,1,2,3,29,3,567823,545617,569040
mixed_short_ordinary,4,dynamic,1,2,3,29,4,679776,649911,684274
mixed_short_ordinary,4,dynamic,1,2,3,2,1,259713,258061,264432
mixed_short_ordinary,4,dynamic,1,2,3,2,2,503478,457351,554718
mixed_short_ordinary,4,dynamic,1,2,3,2,3,597653,551998,838893
mixed_short_ordinary,4,dynamic,1,2,3,2,4,662614,642537,686348
mixed_short_ordinary,4,dynamic,1,2,3,30,1,264352,257990,289789
mixed_short_ordinary,4,dynamic,1,2,3,30,2,473852,465432,483175
mixed_short_ordinary,4,dynamic,1,2,3,30,3,541468,532902,628441
mixed_short_ordinary,4,dynamic,1,2,3,30,4,675282,654800,737214
mixed_short_ordinary,4,dynamic,1,2,3,31,1,265224,254695,293256
mixed_short_ordinary,4,dynamic,1,2,3,31,2,510862,463685,566966
mixed_short_ordinary,4,dynamic,1,2,3,31,3,542841,538938,555940
mixed_short_ordinary,4,dynamic,1,2,3,31,4,688502,654729,693441
mixed_short_ordinary,4,dynamic,1,2,3,32,1,264328,263891,265734
mixed_short_ordinary,4,dynamic,1,2,3,32,2,484121,475165,505662
mixed_short_ordinary,4,dynamic,1,2,3,32,3,612945,580361,617440
mixed_short_ordinary,4,dynamic,1,2,3,32,4,710433,682762,753653
mixed_short_ordinary,4,dynamic,1,2,3,33,1,269993,268215,383504
mixed_short_ordinary,4,dynamic,1,2,3,33,2,499840,482308,564496
mixed_short_ordinary,4,dynamic,1,2,3,33,3,548165,543022,601439
mixed_short_ordinary,4,dynamic,1,2,3,33,4,658486,637577,661873
mixed_short_ordinary,4,dynamic,1,2,3,34,1,261767,257971,272748
mixed_short_ordinary,4,dynamic,1,2,3,34,2,483390,478892,483566
mixed_short_ordinary,4,dynamic,1,2,3,34,3,581433,577891,591963
mixed_short_ordinary,4,dynamic,1,2,3,34,4,675643,656012,962064
mixed_short_ordinary,4,dynamic,1,2,3,35,1,268420,257600,351320
mixed_short_ordinary,4,dynamic,1,2,3,35,2,480585,460282,489466
mixed_short_ordinary,4,dynamic,1,2,3,35,3,551973,539439,562042
mixed_short_ordinary,4,dynamic,1,2,3,35,4,683651,645603,692298
mixed_short_ordinary,4,dynamic,1,2,3,36,1,262679,261062,263861
mixed_short_ordinary,4,dynamic,1,2,3,36,2,478671,466674,480154
mixed_short_ordinary,4,dynamic,1,2,3,36,3,542926,536409,545687
mixed_short_ordinary,4,dynamic,1,2,3,36,4,672697,643849,805470
mixed_short_ordinary,4,dynamic,1,2,3,37,1,261747,259613,316861
mixed_short_ordinary,4,dynamic,1,2,3,37,2,471498,470827,555664
mixed_short_ordinary,4,dynamic,1,2,3,37,3,596341,541107,638419
mixed_short_ordinary,4,dynamic,1,2,3,37,4,676574,656443,695727
mixed_short_ordinary,4,dynamic,1,2,3,38,1,280022,264783,285651
mixed_short_ordinary,4,dynamic,1,2,3,38,2,485824,482268,535718
mixed_short_ordinary,4,dynamic,1,2,3,38,3,578493,572511,578838
mixed_short_ordinary,4,dynamic,1,2,3,38,4,707463,694052,725060
mixed_short_ordinary,4,dynamic,1,2,3,39,1,265860,263881,273259
mixed_short_ordinary,4,dynamic,1,2,3,39,2,485404,479528,589663
mixed_short_ordinary,4,dynamic,1,2,3,39,3,547199,541008,803774
mixed_short_ordinary,4,dynamic,1,2,3,39,4,667964,651089,727074
mixed_short_ordinary,4,dynamic,1,2,3,3,1,260856,259112,263866
mixed_short_ordinary,4,dynamic,1,2,3,3,2,465757,461980,564134
mixed_short_ordinary,4,dynamic,1,2,3,3,3,563981,552819,667398
mixed_short_ordinary,4,dynamic,1,2,3,3,4,678353,673259,688868
mixed_short_ordinary,4,dynamic,1,2,3,4,1,261366,258962,264232
mixed_short_ordinary,4,dynamic,1,2,3,4,2,472951,460748,483160
mixed_short_ordinary,4,dynamic,1,2,3,4,3,563239,560048,565774
mixed_short_ordinary,4,dynamic,1,2,3,4,4,685066,668009,698189
mixed_short_ordinary,4,dynamic,1,2,3,5,1,273530,256067,309817
mixed_short_ordinary,4,dynamic,1,2,3,5,2,488410,479799,495573
mixed_short_ordinary,4,dynamic,1,2,3,5,3,565453,534191,578287
mixed_short_ordinary,4,dynamic,1,2,3,5,4,677892,671614,702645
mixed_short_ordinary,4,dynamic,1,2,3,6,1,265569,256628,266762
mixed_short_ordinary,4,dynamic,1,2,3,6,2,475310,470346,477609
mixed_short_ordinary,4,dynamic,1,2,3,6,3,553130,548822,560714
mixed_short_ordinary,4,dynamic,1,2,3,6,4,657294,648909,663496
mixed_short_ordinary,4,dynamic,1,2,3,7,1,261502,261246,264252
mixed_short_ordinary,4,dynamic,1,2,3,7,2,469364,453124,484302
mixed_short_ordinary,4,dynamic,1,2,3,7,3,568128,561736,593054
mixed_short_ordinary,4,dynamic,1,2,3,7,4,677101,649941,680256
mixed_short_ordinary,4,dynamic,1,2,3,8,1,262589,259042,264543
mixed_short_ordinary,4,dynamic,1,2,3,8,2,470616,463673,477765
mixed_short_ordinary,4,dynamic,1,2,3,8,3,598595,546548,634339
mixed_short_ordinary,4,dynamic,1,2,3,8,4,683167,672454,713282
mixed_short_ordinary,4,dynamic,1,2,3,9,1,264202,262259,266756
mixed_short_ordinary,4,dynamic,1,2,3,9,2,476617,470576,484061
mixed_short_ordinary,4,dynamic,1,2,3,9,3,556767,541438,641195
mixed_short_ordinary,4,dynamic,1,2,3,9,4,693074,670579,720121
mixed_short_ordinary,4,dynamic,1,3,1,0,1,238885,232729,274753
mixed_short_ordinary,4,dynamic,1,3,1,0,2,452492,450373,465767
mixed_short_ordinary,4,dynamic,1,3,1,0,3,542280,527312,596672
mixed_short_ordinary,4,dynamic,1,3,1,0,4,694343,692784,703971
mixed_short_ordinary,4,dynamic,1,3,1,10,1,241840,232633,269212
mixed_short_ordinary,4,dynamic,1,3,1,10,2,459054,454507,459566
mixed_short_ordinary,4,dynamic,1,3,1,10,3,539374,539095,569671
mixed_short_ordinary,4,dynamic,1,3,1,10,4,727304,680718,808015
mixed_short_ordinary,4,dynamic,1,3,1,11,1,234176,232683,236516
mixed_short_ordinary,4,dynamic,1,3,1,11,2,460237,444468,468488
mixed_short_ordinary,4,dynamic,1,3,1,11,3,589869,557654,598318
mixed_short_ordinary,4,dynamic,1,3,1,11,4,656263,646088,661923
mixed_short_ordinary,4,dynamic,1,3,1,12,1,235809,233495,284971
mixed_short_ordinary,4,dynamic,1,3,1,12,2,473201,462707,483313
mixed_short_ordinary,4,dynamic,1,3,1,12,3,538343,537841,541969
mixed_short_ordinary,4,dynamic,1,3,1,12,4,666562,639094,680957
mixed_short_ordinary,4,dynamic,1,3,1,13,1,233635,232769,235309
mixed_short_ordinary,4,dynamic,1,3,1,13,2,466188,464585,487649
mixed_short_ordinary,4,dynamic,1,3,1,13,3,532041,528323,570442
mixed_short_ordinary,4,dynamic,1,3,1,13,4,667774,654384,701707
mixed_short_ordinary,4,dynamic,1,3,1,14,1,231681,231361,253137
mixed_short_ordinary,4,dynamic,1,3,1,14,2,451461,446571,459296
mixed_short_ordinary,4,dynamic,1,3,1,14,3,553806,537191,560905
mixed_short_ordinary,4,dynamic,1,3,1,14,4,685085,655311,697479
mixed_short_ordinary,4,dynamic,1,3,1,15,1,234657,229788,239576
mixed_short_ordinary,4,dynamic,1,3,1,15,2,454912,447844,466679
mixed_short_ordinary,4,dynamic,1,3,1,15,3,527904,525229,659323
mixed_short_ordinary,4,dynamic,1,3,1,15,4,670478,659188,679489
mixed_short_ordinary,4,dynamic,1,3,1,16,1,231811,230459,234217
mixed_short_ordinary,4,dynamic,1,3,1,16,2,456221,456089,518025
mixed_short_ordinary,4,dynamic,1,3,1,16,3,573057,567086,604686
mixed_short_ordinary,4,dynamic,1,3,1,16,4,754645,717855,788809
mixed_short_ordinary,4,dynamic,1,3,1,17,1,232854,231691,234136
mixed_short_ordinary,4,dynamic,1,3,1,17,2,455208,454907,455308
mixed_short_ordinary,4,dynamic,1,3,1,17,3,533424,523796,554638
mixed_short_ordinary,4,dynamic,1,3,1,17,4,648839,646559,710989
mixed_short_ordinary,4,dynamic,1,3,1,18,1,235219,235177,239270
mixed_short_ordinary,4,dynamic,1,3,1,18,2,458204,451245,492167
mixed_short_ordinary,4,dynamic,1,3,1,18,3,575521,554403,640363
mixed_short_ordinary,4,dynamic,1,3,1,18,4,663726,646003,735233
mixed_short_ordinary,4,dynamic,1,3,1,19,1,232833,232082,234296
mixed_short_ordinary,4,dynamic,1,3,1,19,2,466940,462482,472004
mixed_short_ordinary,4,dynamic,1,3,1,19,3,533934,527954,535688
mixed_short_ordinary,4,dynamic,1,3,1,19,4,668665,628322,681369
mixed_short_ordinary,4,dynamic,1,3,1,1,1,235649,235278,237067
mixed_short_ordinary,4,dynamic,1,3,1,1,2,463713,452413,473562
mixed_short_ordinary,4,dynamic,1,3,1,1,3,528524,527682,574520
mixed_short_ordinary,4,dynamic,1,3,1,1,4,649129,629642,800469
mixed_short_ordinary,4,dynamic,1,3,1,20,1,236651,233715,246799
mixed_short_ordinary,4,dynamic,1,3,1,20,2,467851,465788,490327
mixed_short_ordinary,4,dynamic,1,3,1,20,3,554052,551006,581443
mixed_short_ordinary,4,dynamic,1,3,1,20,4,701526,686969,712317
mixed_short_ordinary,4,dynamic,1,3,1,21,1,230750,228806,268390
mixed_short_ordinary,4,dynamic,1,3,1,21,2,446321,444969,471539
mixed_short_ordinary,4,dynamic,1,3,1,21,3,538183,528985,548835
mixed_short_ordinary,4,dynamic,1,3,1,21,4,663856,632929,772699
mixed_short_ordinary,4,dynamic,1,3,1,22,1,234357,232713,236210
mixed_short_ordinary,4,dynamic,1,3,1,22,2,453575,446862,477800
mixed_short_ordinary,4,dynamic,1,3,1,22,3,541378,536379,554513
mixed_short_ordinary,4,dynamic,1,3,1,22,4,658877,636075,710775
mixed_short_ordinary,4,dynamic,1,3,1,23,1,241440,236270,268806
mixed_short_ordinary,4,dynamic,1,3,1,23,2,469825,460007,482704
mixed_short_ordinary,4,dynamic,1,3,1,23,3,528894,526680,545445
mixed_short_ordinary,4,dynamic,1,3,1,23,4,660815,638429,777247
mixed_short_ordinary,4,dynamic,1,3,1,24,1,235970,228366,247291
mixed_short_ordinary,4,dynamic,1,3,1,24,2,448445,443385,478201
mixed_short_ordinary,4,dynamic,1,3,1,24,3,548401,536474,549138
mixed_short_ordinary,4,dynamic,1,3,1,24,4,648539,628600,665449
mixed_short_ordinary,4,dynamic,1,3,1,25,1,236821,234036,269142
mixed_short_ordinary,4,dynamic,1,3,1,25,2,455591,452303,459300
mixed_short_ordinary,4,dynamic,1,3,1,25,3,561255,533493,573749
mixed_short_ordinary,4,dynamic,1,3,1,25,4,620776,620465,665750
mixed_short_ordinary,4,dynamic,1,3,1,26,1,233816,232332,242351
mixed_short_ordinary,4,dynamic,1,3,1,26,2,454106,450899,484373
mixed_short_ordinary,4,dynamic,1,3,1,26,3,531990,528915,825417
mixed_short_ordinary,4,dynamic,1,3,1,26,4,649349,642217,703410
mixed_short_ordinary,4,dynamic,1,3,1,27,1,233344,231040,239726
mixed_short_ordinary,4,dynamic,1,3,1,27,2,448776,447874,468603
mixed_short_ordinary,4,dynamic,1,3,1,27,3,525343,520951,540416
mixed_short_ordinary,4,dynamic,1,3,1,27,4,652856,644430,695881
mixed_short_ordinary,4,dynamic,1,3,1,28,1,268400,233285,268861
mixed_short_ordinary,4,dynamic,1,3,1,28,2,465417,464695,473892
mixed_short_ordinary,4,dynamic,1,3,1,28,3,588737,563640,597983
mixed_short_ordinary,4,dynamic,1,3,1,28,4,689922,665960,701982
mixed_short_ordinary,4,dynamic,1,3,1,29,1,233345,229327,243614
mixed_short_ordinary,4,dynamic,1,3,1,29,2,458243,445709,468703
mixed_short_ordinary,4,dynamic,1,3,1,29,3,562739,530378,591411
mixed_short_ordinary,4,dynamic,1,3,1,29,4,652171,629542,670342
mixed_short_ordinary,4,dynamic,1,3,1,2,1,235439,233345,275904
mixed_short_ordinary,4,dynamic,1,3,1,2,2,450188,445159,459776
mixed_short_ordinary,4,dynamic,1,3,1,2,3,546547,524006,552960
mixed_short_ordinary,4,dynamic,1,3,1,2,4,663355,640764,713108
mixed_short_ordinary,4,dynamic,1,3,1,30,1,234221,233504,263891
mixed_short_ordinary,4,dynamic,1,3,1,30,2,481802,462724,560118
mixed_short_ordinary,4,dynamic,1,3,1,30,3,562037,561045,573238
mixed_short_ordinary,4,dynamic,1,3,1,30,4,695995,651453,739516
mixed_short_ordinary,4,dynamic,1,3,1,31,1,231602,231501,235438
mixed_short_ordinary,4,dynamic,1,3,1,31,2,459185,441356,547471
mixed_short_ordinary,4,dynamic,1,3,1,31,3,544143,533012,612110
mixed_short_ordinary,4,dynamic,1,3,1,31,4,645360,627849,656642
mixed_short_ordinary,4,dynamic,1,3,1,32,1,234166,233185,242748
mixed_short_ordinary,4,dynamic,1,3,1,32,2,462406,457962,490533
mixed_short_ordinary,4,dynamic,1,3,1,32,3,590240,531359,605839
mixed_short_ordinary,4,dynamic,1,3,1,32,4,651424,627329,665840
mixed_short_ordinary,4,dynamic,1,3,1,33,1,233645,232263,238785
mixed_short_ordinary,4,dynamic,1,3,1,33,2,444147,440610,492557
mixed_short_ordinary,4,dynamic,1,3,1,33,3,540100,530448,540652
mixed_short_ordinary,4,dynamic,1,3,1,33,4,741682,674937,798221
mixed_short_ordinary,4,dynamic,1,3,1,34,1,233394,231421,293387
mixed_short_ordinary,4,dynamic,1,3,1,34,2,458924,447564,572978
mixed_short_ordinary,4,dynamic,1,3,1,34,3,527899,527012,566925
mixed_short_ordinary,4,dynamic,1,3,1,34,4,642800,642587,707582
mixed_short_ordinary,4,dynamic,1,3,1,35,1,231782,229978,234487
mixed_short_ordinary,4,dynamic,1,3,1,35,2,462732,445219,532368
mixed_short_ordinary,4,dynamic,1,3,1,35,3,569355,540115,582444
mixed_short_ordinary,4,dynamic,1,3,1,35,4,650712,626667,757691
mixed_short_ordinary,4,dynamic,1,3,1,36,1,242712,237928,321633
mixed_short_ordinary,4,dynamic,1,3,1,36,2,458423,456650,459646
mixed_short_ordinary,4,dynamic,1,3,1,36,3,559712,557308,589688
mixed_short_ordinary,4,dynamic,1,3,1,36,4,723483,651268,732855
mixed_short_ordinary,4,dynamic,1,3,1,37,1,232924,229488,236526
mixed_short_ordinary,4,dynamic,1,3,1,37,2,454588,453154,456019
mixed_short_ordinary,4,dynamic,1,3,1,37,3,530057,529216,578807
mixed_short_ordinary,4,dynamic,1,3,1,37,4,689655,647250,691037
mixed_short_ordinary,4,dynamic,1,3,1,38,1,234281,230469,254980
mixed_short_ordinary,4,dynamic,1,3,1,38,2,462312,448265,532552
mixed_short_ordinary,4,dynamic,1,3,1,38,3,541549,533132,554869
mixed_short_ordinary,4,dynamic,1,3,1,38,4,693155,663821,791604
mixed_short_ordinary,4,dynamic,1,3,1,39,1,233044,229648,233920
mixed_short_ordinary,4,dynamic,1,3,1,39,2,450439,447604,455719
mixed_short_ordinary,4,dynamic,1,3,1,39,3,528870,520726,546708
mixed_short_ordinary,4,dynamic,1,3,1,39,4,642656,638078,695074
mixed_short_ordinary,4,dynamic,1,3,1,3,1,234582,233795,239917
mixed_short_ordinary,4,dynamic,1,3,1,3,2,460047,457331,460397
mixed_short_ordinary,4,dynamic,1,3,1,3,3,540921,522914,747975
mixed_short_ordinary,4,dynamic,1,3,1,3,4,628330,623060,629462
mixed_short_ordinary,4,dynamic,1,3,1,4,1,231251,229587,232363
mixed_short_ordinary,4,dynamic,1,3,1,4,2,451761,449488,480318
mixed_short_ordinary,4,dynamic,1,3,1,4,3,543121,536879,561011
mixed_short_ordinary,4,dynamic,1,3,1,4,4,637978,618874,647115
mixed_short_ordinary,4,dynamic,1,3,1,5,1,236375,235830,236520
mixed_short_ordinary,4,dynamic,1,3,1,5,2,472909,450910,506533
mixed_short_ordinary,4,dynamic,1,3,1,5,3,557498,556647,640298
mixed_short_ordinary,4,dynamic,1,3,1,5,4,645002,644425,649910
mixed_short_ordinary,4,dynamic,1,3,1,6,1,239631,230730,256072
mixed_short_ordinary,4,dynamic,1,3,1,6,2,456771,444628,497586
mixed_short_ordinary,4,dynamic,1,3,1,6,3,555534,536899,771437
mixed_short_ordinary,4,dynamic,1,3,1,6,4,674793,617641,687981
mixed_short_ordinary,4,dynamic,1,3,1,7,1,234627,233580,241240
mixed_short_ordinary,4,dynamic,1,3,1,7,2,476648,451120,480886
mixed_short_ordinary,4,dynamic,1,3,1,7,3,542431,527593,556677
mixed_short_ordinary,4,dynamic,1,3,1,7,4,730193,688032,834051
mixed_short_ordinary,4,dynamic,1,3,1,8,1,237993,233815,238985
mixed_short_ordinary,4,dynamic,1,3,1,8,2,451455,443235,460293
mixed_short_ordinary,4,dynamic,1,3,1,8,3,588010,571133,588070
mixed_short_ordinary,4,dynamic,1,3,1,8,4,717126,690386,726737
mixed_short_ordinary,4,dynamic,1,3,1,9,1,230009,228685,236095
mixed_short_ordinary,4,dynamic,1,3,1,9,2,477985,455078,479092
mixed_short_ordinary,4,dynamic,1,3,1,9,3,566296,531370,573082
mixed_short_ordinary,4,dynamic,1,3,1,9,4,707547,666998,711785
mixed_short_ordinary,4,dynamic,1,3,2,0,1,264282,261402,273579
mixed_short_ordinary,4,dynamic,1,3,2,0,2,483250,482634,552278
mixed_short_ordinary,4,dynamic,1,3,2,0,3,565193,545035,580641
mixed_short_ordinary,4,dynamic,1,3,2,0,4,683654,649971,696437
mixed_short_ordinary,4,dynamic,1,3,2,10,1,259578,251919,259754
mixed_short_ordinary,4,dynamic,1,3,2,10,2,475605,468252,484953
mixed_short_ordinary,4,dynamic,1,3,2,10,3,580353,546648,581103
mixed_short_ordinary,4,dynamic,1,3,2,10,4,675829,666166,775144
mixed_short_ordinary,4,dynamic,1,3,2,11,1,266676,260380,267002
mixed_short_ordinary,4,dynamic,1,3,2,11,2,484072,473853,494576
mixed_short_ordinary,4,dynamic,1,3,2,11,3,563147,548241,677356
mixed_short_ordinary,4,dynamic,1,3,2,11,4,659909,657515,697098
mixed_short_ordinary,4,dynamic,1,3,2,12,1,259062,258902,259684
mixed_short_ordinary,4,dynamic,1,3,2,12,2,491987,470521,500908
mixed_short_ordinary,4,dynamic,1,3,2,12,3,563800,550295,570307
mixed_short_ordinary,4,dynamic,1,3,2,12,4,689285,676430,804820
mixed_short_ordinary,4,dynamic,1,3,2,13,1,260094,258792,261036
mixed_short_ordinary,4,dynamic,1,3,2,13,2,474424,467312,475546
mixed_short_ordinary,4,dynamic,1,3,2,13,3,541819,539885,555449
mixed_short_ordinary,4,dynamic,1,3,2,13,4,680508,645803,816821
mixed_short_ordinary,4,dynamic,1,3,2,14,1,261958,261507,284229
mixed_short_ordinary,4,dynamic,1,3,2,14,2,475276,461439,507806
mixed_short_ordinary,4,dynamic,1,3,2,14,3,548862,540066,561616
mixed_short_ordinary,4,dynamic,1,3,2,14,4,678617,644340,692540
mixed_short_ordinary,4,dynamic,1,3,2,15,1,259583,256398,262258
mixed_short_ordinary,4,dynamic,1,3,2,15,2,500713,481477,514773
mixed_short_ordinary,4,dynamic,1,3,2,15,3,544624,539775,557348
mixed_short_ordinary,4,dynamic,1,3,2,15,4,681069,654414,751068
mixed_short_ordinary,4,dynamic,1,3,2,16,1,265905,261136,417112
mixed_short_ordinary,4,dynamic,1,3,2,16,2,484368,482724,485835
mixed_short_ordinary,4,dynamic,1,3,2,16,3,596787,589142,616015
mixed_short_ordinary,4,dynamic,1,3,2,16,4,725181,706686,776206
mixed_short_ordinary,4,dynamic,1,3,2,17,1,266627,262548,292806
mixed_short_ordinary,4,dynamic,1,3,2,17,2,488008,479943,544384
mixed_short_ordinary,4,dynamic,1,3,2,17,3,613342,595028,719660
mixed_short_ordinary,4,dynamic,1,3,2,17,4,709431,684224,733686
mixed_short_ordinary,4,dynamic,1,3,2,18,1,265896,263541,268195
mixed_short_ordinary,4,dynamic,1,3,2,18,2,484532,478511,484864
mixed_short_ordinary,4,dynamic,1,3,2,18,3,585852,581923,589388
mixed_short_ordinary,4,dynamic,1,3,2,18,4,671540,666845,699232
mixed_short_ordinary,4,dynamic,1,3,2,19,1,264783,263781,266075
mixed_short_ordinary,4,dynamic,1,3,2,19,2,460848,455138,479723
mixed_short_ordinary,4,dynamic,1,3,2,19,3,555224,536189,565228
mixed_short_ordinary,4,dynamic,1,3,2,19,4,666401,647820,676771
mixed_short_ordinary,4,dynamic,1,3,2,1,1,266101,262468,288768
mixed_short_ordinary,4,dynamic,1,3,2,1,2,490579,478010,535767
mixed_short_ordinary,4,dynamic,1,3,2,1,3,545155,536289,551618
mixed_short_ordinary,4,dynamic,1,3,2,1,4,671440,647646,679235
mixed_short_ordinary,4,dynamic,1,3,2,20,1,271666,263025,287712
mixed_short_ordinary,4,dynamic,1,3,2,20,2,482438,479579,502461
mixed_short_ordinary,4,dynamic,1,3,2,20,3,631517,578186,637355
mixed_short_ordinary,4,dynamic,1,3,2,20,4,715719,713779,716815
mixed_short_ordinary,4,dynamic,1,3,2,21,1,259734,258611,262018
mixed_short_ordinary,4,dynamic,1,3,2,21,2,480695,475610,567948
mixed_short_ordinary,4,dynamic,1,3,2,21,3,624059,561145,638578
mixed_short_ordinary,4,dynamic,1,3,2,21,4,672751,658055,682240
mixed_short_ordinary,4,dynamic,1,3,2,22,1,294458,258191,321934
mixed_short_ordinary,4,dynamic,1,3,2,22,2,475876,464986,500627
mixed_short_ordinary,4,dynamic,1,3,2,22,3,547475,536318,572907
mixed_short_ordinary,4,dynamic,1,3,2,22,4,693442,681390,734233
mixed_short_ordinary,4,dynamic,1,3,2,23,1,266897,252871,267288
mixed_short_ordinary,4,dynamic,1,3,2,23,2,491576,459485,607019
mixed_short_ordinary,4,dynamic,1,3,2,23,3,576805,564071,598385
mixed_short_ordinary,4,dynamic,1,3,2,23,4,655341,654889,690380
mixed_short_ordinary,4,dynamic,1,3,2,24,1,257490,255396,264938
mixed_short_ordinary,4,dynamic,1,3,2,24,2,466840,460532,498298
mixed_short_ordinary,4,dynamic,1,3,2,24,3,577455,539495,587404
mixed_short_ordinary,4,dynamic,1,3,2,24,4,684455,660310,703340
mixed_short_ordinary,4,dynamic,1,3,2,25,1,277677,262709,298476
mixed_short_ordinary,4,dynamic,1,3,2,25,2,494862,477469,588376
mixed_short_ordinary,4,dynamic,1,3,2,25,3,562047,554663,563940
mixed_short_ordinary,4,dynamic,1,3,2,25,4,703787,690747,711495
mixed_short_ordinary,4,dynamic,1,3,2,26,1,260651,259748,262744
mixed_short_ordinary,4,dynamic,1,3,2,26,2,490584,462957,496374
mixed_short_ordinary,4,dynamic,1,3,2,26,3,547084,541778,553651
mixed_short_ordinary,4,dynamic,1,3,2,26,4,700098,674291,763253
mixed_short_ordinary,4,dynamic,1,3,2,27,1,262409,258832,403241
mixed_short_ordinary,4,dynamic,1,3,2,27,2,472901,470060,474499
mixed_short_ordinary,4,dynamic,1,3,2,27,3,576408,542831,584658
mixed_short_ordinary,4,dynamic,1,3,2,27,4,674756,657771,730798
mixed_short_ordinary,4,dynamic,1,3,2,28,1,276835,259724,290160
mixed_short_ordinary,4,dynamic,1,3,2,28,2,479733,478041,506669
mixed_short_ordinary,4,dynamic,1,3,2,28,3,579128,577461,629732
mixed_short_ordinary,4,dynamic,1,3,2,28,4,729002,695244,747171
mixed_short_ordinary,4,dynamic,1,3,2,29,1,264202,258486,265404
mixed_short_ordinary,4,dynamic,1,3,2,29,2,483726,481772,488420
mixed_short_ordinary,4,dynamic,1,3,2,29,3,567522,562207,578979
mixed_short_ordinary,4,dynamic,1,3,2,29,4,705349,704515,723656
mixed_short_ordinary,4,dynamic,1,3,2,2,1,265379,265374,266145
mixed_short_ordinary,4,dynamic,1,3,2,2,2,476137,475976,509669
mixed_short_ordinary,4,dynamic,1,3,2,2,3,572305,549423,581879
mixed_short_ordinary,4,dynamic,1,3,2,2,4,692591,669041,800150
mixed_short_ordinary,4,dynamic,1,3,2,30,1,261056,260655,261346
mixed_short_ordinary,4,dynamic,1,3,2,30,2,485880,480164,509098
mixed_short_ordinary,4,dynamic,1,3,2,30,3,589904,568697,594377
mixed_short_ordinary,4,dynamic,1,3,2,30,4,684946,682211,703485
mixed_short_ordinary,4,dynamic,1,3,2,31,1,271266,266837,276034
mixed_short_ordinary,4,dynamic,1,3,2,31,2,472470,462311,522042
mixed_short_ordinary,4,dynamic,1,3,2,31,3,558685,537336,572275
mixed_short_ordinary,4,dynamic,1,3,2,31,4,666922,650231,714872
mixed_short_ordinary,4,dynamic,1,3,2,32,1,265339,264618,273945
mixed_short_ordinary,4,dynamic,1,3,2,32,2,482273,481146,640578
mixed_short_ordinary,4,dynamic,1,3,2,32,3,570806,556110,586467
mixed_short_ordinary,4,dynamic,1,3,2,32,4,714471,695104,715297
mixed_short_ordinary,4,dynamic,1,3,2,33,1,262859,260625,263070
mixed_short_ordinary,4,dynamic,1,3,2,33,2,454909,454766,474103
mixed_short_ordinary,4,dynamic,1,3,2,33,3,544580,543482,619053
mixed_short_ordinary,4,dynamic,1,3,2,33,4,689859,640062,843771
mixed_short_ordinary,4,dynamic,1,3,2,34,1,261357,259614,275503
mixed_short_ordinary,4,dynamic,1,3,2,34,2,464019,462778,521452
mixed_short_ordinary,4,dynamic,1,3,2,34,3,597262,537832,712226
mixed_short_ordinary,4,dynamic,1,3,2,34,4,682230,646154,701256
mixed_short_ordinary,4,dynamic,1,3,2,35,1,267653,262419,343149
mixed_short_ordinary,4,dynamic,1,3,2,35,2,472410,467235,596541
mixed_short_ordinary,4,dynamic,1,3,2,35,3,556186,536299,574831
mixed_short_ordinary,4,dynamic,1,3,2,35,4,663886,628230,684845
mixed_short_ordinary,4,dynamic,1,3,2,36,1,267378,260104,337419
mixed_short_ordinary,4,dynamic,1,3,2,36,2,473752,471979,498107
mixed_short_ordinary,4,dynamic,1,3,2,36,3,584419,581122,585901
mixed_short_ordinary,4,dynamic,1,3,2,36,4,739327,679857,747502
mixed_short_ordinary,4,dynamic,1,3,2,37,1,264453,263821,266577
mixed_short_ordinary,4,dynamic,1,3,2,37,2,502176,491165,504930
mixed_short_ordinary,4,dynamic,1,3,2,37,3,557764,555459,580060
mixed_short_ordinary,4,dynamic,1,3,2,37,4,720783,658746,830517
mixed_short_ordinary,4,dynamic,1,3,2,38,1,270378,255466,300690
mixed_short_ordinary,4,dynamic,1,3,2,38,2,485033,473267,497567
mixed_short_ordinary,4,dynamic,1,3,2,38,3,533924,532898,558480
mixed_short_ordinary,4,dynamic,1,3,2,38,4,655821,643869,674386
mixed_short_ordinary,4,dynamic,1,3,2,39,1,262779,257199,280042
mixed_short_ordinary,4,dynamic,1,3,2,39,2,500722,470456,523760
mixed_short_ordinary,4,dynamic,1,3,2,39,3,567382,547855,614165
mixed_short_ordinary,4,dynamic,1,3,2,39,4,696712,669377,774384
mixed_short_ordinary,4,dynamic,1,3,2,3,1,270198,267799,278128
mixed_short_ordinary,4,dynamic,1,3,2,3,2,468783,462191,500608
mixed_short_ordinary,4,dynamic,1,3,2,3,3,552404,547489,562413
mixed_short_ordinary,4,dynamic,1,3,2,3,4,666641,637677,682931
mixed_short_ordinary,4,dynamic,1,3,2,4,1,260325,259644,338743
mixed_short_ordinary,4,dynamic,1,3,2,4,2,491575,479198,496475
mixed_short_ordinary,4,dynamic,1,3,2,4,3,533283,531811,574414
mixed_short_ordinary,4,dynamic,1,3,2,4,4,679260,653773,692529
mixed_short_ordinary,4,dynamic,1,3,2,5,1,276685,272097,281195
mixed_short_ordinary,4,dynamic,1,3,2,5,2,469609,469293,553722
mixed_short_ordinary,4,dynamic,1,3,2,5,3,559774,555319,616483
mixed_short_ordinary,4,dynamic,1,3,2,5,4,696637,649690,699518
mixed_short_ordinary,4,dynamic,1,3,2,6,1,259132,256227,264793
mixed_short_ordinary,4,dynamic,1,3,2,6,2,473442,468492,483200
mixed_short_ordinary,4,dynamic,1,3,2,6,3,545476,541644,546809
mixed_short_ordinary,4,dynamic,1,3,2,6,4,666742,650751,674427
mixed_short_ordinary,4,dynamic,1,3,2,7,1,258882,256287,337267
mixed_short_ordinary,4,dynamic,1,3,2,7,2,475231,472320,477428
mixed_short_ordinary,4,dynamic,1,3,2,7,3,559502,525875,569962
mixed_short_ordinary,4,dynamic,1,3,2,7,4,655305,631055,784561
mixed_short_ordinary,4,dynamic,1,3,2,8,1,259944,259939,263826
mixed_short_ordinary,4,dynamic,1,3,2,8,2,485644,470100,678824
mixed_short_ordinary,4,dynamic,1,3,2,8,3,595178,573573,597202
mixed_short_ordinary,4,dynamic,1,3,2,8,4,736421,732014,801322
mixed_short_ordinary,4,dynamic,1,3,2,9,1,258241,255816,263345
mixed_short_ordinary,4,dynamic,1,3,2,9,2,472585,468523,484692
mixed_short_ordinary,4,dynamic,1,3,2,9,3,557222,549864,562688
mixed_short_ordinary,4,dynamic,1,3,2,9,4,687550,661522,710554
mixed_short_ordinary,4,dynamic,1,3,3,0,1,244525,240237,247411
mixed_short_ordinary,4,dynamic,1,3,3,0,2,446732,431754,449668
mixed_short_ordinary,4,dynamic,1,3,3,0,3,530884,526901,581603
mixed_short_ordinary,4,dynamic,1,3,3,0,4,690281,622329,728472
mixed_short_ordinary,4,dynamic,1,3,3,10,1,250116,239195,251639
mixed_short_ordinary,4,dynamic,1,3,3,10,2,467380,459220,517013
mixed_short_ordinary,4,dynamic,1,3,3,10,3,539465,514604,599437
mixed_short_ordinary,4,dynamic,1,3,3,10,4,674366,645221,675849
mixed_short_ordinary,4,dynamic,1,3,3,11,1,245607,244626,276711
mixed_short_ordinary,4,dynamic,1,3,3,11,2,441722,438517,452232
mixed_short_ordinary,4,dynamic,1,3,3,11,3,562778,544277,574610
mixed_short_ordinary,4,dynamic,1,3,3,11,4,673574,642406,706776
mixed_short_ordinary,4,dynamic,1,3,3,12,1,239225,231862,252715
mixed_short_ordinary,4,dynamic,1,3,3,12,2,471138,435511,479193
mixed_short_ordinary,4,dynamic,1,3,3,12,3,571294,554648,575331
mixed_short_ordinary,4,dynamic,1,3,3,12,4,674877,653476,718553
mixed_short_ordinary,4,dynamic,1,3,3,13,1,238163,235559,242512
mixed_short_ordinary,4,dynamic,1,3,3,13,2,443446,440259,443827
mixed_short_ordinary,4,dynamic,1,3,3,13,3,567897,521731,638972
mixed_short_ordinary,4,dynamic,1,3,3,13,4,694795,682441,728175
mixed_short_ordinary,4,dynamic,1,3,3,14,1,256307,249860,264503
mixed_short_ordinary,4,dynamic,1,3,3,14,2,443506,440701,449968
mixed_short_ordinary,4,dynamic,1,3,3,14,3,539825,523144,581453
mixed_short_ordinary,4,dynamic,1,3,3,14,4,732103,655531,738033
mixed_short_ordinary,4,dynamic,1,3,3,15,1,294669,240498,322790
mixed_short_ordinary,4,dynamic,1,3,3,15,2,452067,444349,466228
mixed_short_ordinary,4,dynamic,1,3,3,15,3,555705,545666,599045
mixed_short_ordinary,4,dynamic,1,3,3,15,4,673605,655030,697594
mixed_short_ordinary,4,dynamic,1,3,3,16,1,239997,235208,246214
mixed_short_ordinary,4,dynamic,1,3,3,16,2,463032,442199,474794
mixed_short_ordinary,4,dynamic,1,3,3,16,3,610677,586272,613031
mixed_short_ordinary,4,dynamic,1,3,3,16,4,699052,690416,734331
mixed_short_ordinary,4,dynamic,1,3,3,17,1,242432,241770,245607
mixed_short_ordinary,4,dynamic,1,3,3,17,2,459992,459596,583612
mixed_short_ordinary,4,dynamic,1,3,3,17,3,547264,536073,554623
mixed_short_ordinary,4,dynamic,1,3,3,17,4,670042,652635,806050
mixed_short_ordinary,4,dynamic,1,3,3,18,1,244866,240768,274371
mixed_short_ordinary,4,dynamic,1,3,3,18,2,484818,477489,512655
mixed_short_ordinary,4,dynamic,1,3,3,18,3,557388,552679,637738
mixed_short_ordinary,4,dynamic,1,3,3,18,4,703670,672913,732034
mixed_short_ordinary,4,dynamic,1,3,3,19,1,232453,231411,235428
mixed_short_ordinary,4,dynamic,1,3,3,19,2,461140,444097,466329
mixed_short_ordinary,4,dynamic,1,3,3,19,3,557167,554914,565134
mixed_short_ordinary,4,dynamic,1,3,3,19,4,705805,696023,722120
mixed_short_ordinary,4,dynamic,1,3,3,1,1,239065,238404,244115
mixed_short_ordinary,4,dynamic,1,3,3,1,2,443276,436387,496394
mixed_short_ordinary,4,dynamic,1,3,3,1,3,590990,576373,634472
mixed_short_ordinary,4,dynamic,1,3,3,1,4,684806,655220,722752
mixed_short_ordinary,4,dynamic,1,3,3,20,1,248107,238965,331818
mixed_short_ordinary,4,dynamic,1,3,3,20,2,528965,476602,534465
mixed_short_ordinary,4,dynamic,1,3,3,20,3,564140,547780,569941
mixed_short_ordinary,4,dynamic,1,3,3,20,4,800521,714275,831229
mixed_short_ordinary,4,dynamic,1,3,3,21,1,243513,242211,247581
mixed_short_ordinary,4,dynamic,1,3,3,21,2,453595,447032,470317
mixed_short_ordinary,4,dynamic,1,3,3,21,3,554623,518681,640506
mixed_short_ordinary,4,dynamic,1,3,3,21,4,664639,659627,673034
mixed_short_ordinary,4,dynamic,1,3,3,22,1,239296,236650,255565
mixed_short_ordinary,4,dynamic,1,3,3,22,2,449267,438602,465788
mixed_short_ordinary,4,dynamic,1,3,3,22,3,602863,570963,651990
mixed_short_ordinary,4,dynamic,1,3,3,22,4,735318,731693,780191
mixed_short_ordinary,4,dynamic,1,3,3,23,1,242642,241129,249644
mixed_short_ordinary,4,dynamic,1,3,3,23,2,455509,443196,486957
mixed_short_ordinary,4,dynamic,1,3,3,23,3,557338,551958,558139
mixed_short_ordinary,4,dynamic,1,3,3,23,4,666323,663594,701224
mixed_short_ordinary,4,dynamic,1,3,3,24,1,236501,234336,240318
mixed_short_ordinary,4,dynamic,1,3,3,24,2,450620,449622,467521
mixed_short_ordinary,4,dynamic,1,3,3,24,3,564361,548357,610066
mixed_short_ordinary,4,dynamic,1,3,3,24,4,835816,699312,856385
mixed_short_ordinary,4,dynamic,1,3,3,25,1,245627,238795,267408
mixed_short_ordinary,4,dynamic,1,3,3,25,2,462021,446171,462527
mixed_short_ordinary,4,dynamic,1,3,3,25,3,558881,543051,560543
mixed_short_ordinary,4,dynamic,1,3,3,25,4,684524,660130,700856
mixed_short_ordinary,4,dynamic,1,3,3,26,1,240228,236430,245838
mixed_short_ordinary,4,dynamic,1,3,3,26,2,461179,456040,474734
mixed_short_ordinary,4,dynamic,1,3,3,26,3,649560,627404,696627
mixed_short_ordinary,4,dynamic,1,3,3,26,4,706406,674436,711245
mixed_short_ordinary,4,dynamic,1,3,3,27,1,242652,235168,252640
mixed_short_ordinary,4,dynamic,1,3,3,27,2,449492,438306,584043
mixed_short_ordinary,4,dynamic,1,3,3,27,3,606269,548771,803417
mixed_short_ordinary,4,dynamic,1,3,3,27,4,655190,642176,740479
mixed_short_ordinary,4,dynamic,1,3,3,28,1,238344,237472,242401
mixed_short_ordinary,4,dynamic,1,3,3,28,2,447503,441015,460633
mixed_short_ordinary,4,dynamic,1,3,3,28,3,586113,540382,613181
mixed_short_ordinary,4,dynamic,1,3,3,28,4,751022,698171,972458
mixed_short_ordinary,4,dynamic,1,3,3,29,1,241159,235940,305848
mixed_short_ordinary,4,dynamic,1,3,3,29,2,459355,455618,525619
mixed_short_ordinary,4,dynamic,1,3,3,29,3,550145,544694,567266
mixed_short_ordinary,4,dynamic,1,3,3,29,4,767348,661762,783408
mixed_short_ordinary,4,dynamic,1,3,3,2,1,242462,240508,306421
mixed_short_ordinary,4,dynamic,1,3,3,2,2,460102,457312,471639
mixed_short_ordinary,4,dynamic,1,3,3,2,3,569861,514788,629482
mixed_short_ordinary,4,dynamic,1,3,3,2,4,668895,648758,796049
mixed_short_ordinary,4,dynamic,1,3,3,30,1,238334,237793,243073
mixed_short_ordinary,4,dynamic,1,3,3,30,2,450103,449147,476599
mixed_short_ordinary,4,dynamic,1,3,3,30,3,566063,554372,587013
mixed_short_ordinary,4,dynamic,1,3,3,30,4,724130,704833,725843
mixed_short_ordinary,4,dynamic,1,3,3,31,1,241660,238634,259668
mixed_short_ordinary,4,dynamic,1,3,3,31,2,484573,442819,584879
mixed_short_ordinary,4,dynamic,1,3,3,31,3,568227,547535,577491
mixed_short_ordinary,4,dynamic,1,3,3,31,4,691448,645232,691820
mixed_short_ordinary,4,dynamic,1,3,3,32,1,237422,237112,239917
mixed_short_ordinary,4,dynamic,1,3,3,32,2,467841,453694,469394
mixed_short_ordinary,4,dynamic,1,3,3,32,3,618362,574220,655542
mixed_short_ordinary,4,dynamic,1,3,3,32,4,786555,668595,825245
mixed_short_ordinary,4,dynamic,1,3,3,33,1,253742,238344,280503
mixed_short_ordinary,4,dynamic,1,3,3,33,2,457553,433628,460633
mixed_short_ordinary,4,dynamic,1,3,3,33,3,545105,539865,557458
mixed_short_ordinary,4,dynamic,1,3,3,33,4,680037,649970,692840
mixed_short_ordinary,4,dynamic,1,3,3,34,1,253417,248683,257093
mixed_short_ordinary,4,dynamic,1,3,3,34,2,451145,442695,454492
mixed_short_ordinary,4,dynamic,1,3,3,34,3,590710,558981,641215
mixed_short_ordinary,4,dynamic,1,3,3,34,4,680077,672629,800977
mixed_short_ordinary,4,dynamic,1,3,3,35,1,248653,236420,275824
mixed_short_ordinary,4,dynamic,1,3,3,35,2,452963,441392,483490
mixed_short_ordinary,4,dynamic,1,3,3,35,3,569210,541769,573157
mixed_short_ordinary,4,dynamic,1,3,3,35,4,701215,687552,709326
mixed_short_ordinary,4,dynamic,1,3,3,36,1,240808,237473,248834
mixed_short_ordinary,4,dynamic,1,3,3,36,2,451626,446897,462120
mixed_short_ordinary,4,dynamic,1,3,3,36,3,561265,541518,693475
mixed_short_ordinary,4,dynamic,1,3,3,36,4,673274,653888,694403
mixed_short_ordinary,4,dynamic,1,3,3,37,1,241961,238444,242131
mixed_short_ordinary,4,dynamic,1,3,3,37,2,451465,447398,455438
mixed_short_ordinary,4,dynamic,1,3,3,37,3,574430,555279,586873
mixed_short_ordinary,4,dynamic,1,3,3,37,4,673494,673474,706431
mixed_short_ordinary,4,dynamic,1,3,3,38,1,241670,241049,241715
mixed_short_ordinary,4,dynamic,1,3,3,38,2,460678,449281,560484
mixed_short_ordinary,4,dynamic,1,3,3,38,3,547600,538423,566825
mixed_short_ordinary,4,dynamic,1,3,3,38,4,666707,634311,716922
mixed_short_ordinary,4,dynamic,1,3,3,39,1,250908,235608,261256
mixed_short_ordinary,4,dynamic,1,3,3,39,2,454286,448340,456440
mixed_short_ordinary,4,dynamic,1,3,3,39,3,566965,529191,643673
mixed_short_ordinary,4,dynamic,1,3,3,39,4,655987,641786,687381
mixed_short_ordinary,4,dynamic,1,3,3,3,1,249104,237442,285452
mixed_short_ordinary,4,dynamic,1,3,3,3,2,448646,447969,479483
mixed_short_ordinary,4,dynamic,1,3,3,3,3,552194,520690,612261
mixed_short_ordinary,4,dynamic,1,3,3,3,4,643418,628119,672282
mixed_short_ordinary,4,dynamic,1,3,3,4,1,240122,237281,269462
mixed_short_ordinary,4,dynamic,1,3,3,4,2,464235,447564,537110
mixed_short_ordinary,4,dynamic,1,3,3,4,3,567231,525579,574089
mixed_short_ordinary,4,dynamic,1,3,3,4,4,689083,664478,692115
mixed_short_ordinary,4,dynamic,1,3,3,5,1,250411,235419,331698
mixed_short_ordinary,4,dynamic,1,3,3,5,2,442855,437790,470817
mixed_short_ordinary,4,dynamic,1,3,3,5,3,534786,518956,568563
mixed_short_ordinary,4,dynamic,1,3,3,5,4,726222,641104,739744
mixed_short_ordinary,4,dynamic,1,3,3,6,1,241510,235750,251197
mixed_short_ordinary,4,dynamic,1,3,3,6,2,443947,441983,454847
mixed_short_ordinary,4,dynamic,1,3,3,6,3,530817,508672,630543
mixed_short_ordinary,4,dynamic,1,3,3,6,4,713423,670363,723257
mixed_short_ordinary,4,dynamic,1,3,3,7,1,239166,237968,270498
mixed_short_ordinary,4,dynamic,1,3,3,7,2,462631,439217,530508
mixed_short_ordinary,4,dynamic,1,3,3,7,3,581543,572110,594649
mixed_short_ordinary,4,dynamic,1,3,3,7,4,673885,660631,717416
mixed_short_ordinary,4,dynamic,1,3,3,8,1,238434,234888,242592
mixed_short_ordinary,4,dynamic,1,3,3,8,2,446962,442324,478451
mixed_short_ordinary,4,dynamic,1,3,3,8,3,599049,565823,669462
mixed_short_ordinary,4,dynamic,1,3,3,8,4,669355,663195,696602
mixed_short_ordinary,4,dynamic,1,3,3,9,1,238874,235729,241319
mixed_short_ordinary,4,dynamic,1,3,3,9,2,452002,434759,463534
mixed_short_ordinary,4,dynamic,1,3,3,9,3,565909,563438,711166
mixed_short_ordinary,4,dynamic,1,3,3,9,4,654569,653552,693892
mixed_short_ordinary,4,ordinary-first,0,1,1,0,3,526130,471067,636265
mixed_short_ordinary,4,ordinary-first,0,1,2,0,3,557723,530582,647781
mixed_short_ordinary,4,ordinary-first,0,2,1,0,3,606222,549344,610016
mixed_short_ordinary,4,ordinary-first,1,1,1,0,1,250066,242261,262990
mixed_short_ordinary,4,ordinary-first,1,1,1,0,2,331497,316339,359999
mixed_short_ordinary,4,ordinary-first,1,1,1,0,3,429841,421505,431824
mixed_short_ordinary,4,ordinary-first,1,1,1,0,4,541519,535017,545937
mixed_short_ordinary,4,ordinary-first,1,1,1,10,1,242241,240808,242261
mixed_short_ordinary,4,ordinary-first,1,1,1,10,2,337097,319364,355973
mixed_short_ordinary,4,ordinary-first,1,1,1,10,3,442093,422707,478361
mixed_short_ordinary,4,ordinary-first,1,1,1,10,4,535969,535522,536807
mixed_short_ordinary,4,ordinary-first,1,1,1,11,1,242592,242441,244946
mixed_short_ordinary,4,ordinary-first,1,1,1,11,2,332970,319304,374957
mixed_short_ordinary,4,ordinary-first,1,1,1,11,3,443045,425221,466960
mixed_short_ordinary,4,ordinary-first,1,1,1,11,4,540797,540632,602232
mixed_short_ordinary,4,ordinary-first,1,1,1,12,1,240729,240408,242452
mixed_short_ordinary,4,ordinary-first,1,1,1,12,2,333877,327791,341907
mixed_short_ordinary,4,ordinary-first,1,1,1,12,3,462632,427396,491105
mixed_short_ordinary,4,ordinary-first,1,1,1,12,4,533595,530829,554018
mixed_short_ordinary,4,ordinary-first,1,1,1,13,1,245848,240878,248744
mixed_short_ordinary,4,ordinary-first,1,1,1,13,2,329153,316750,360576
mixed_short_ordinary,4,ordinary-first,1,1,1,13,3,458783,420994,461309
mixed_short_ordinary,4,ordinary-first,1,1,1,13,4,556001,541208,606340
mixed_short_ordinary,4,ordinary-first,1,1,1,14,1,240929,240347,242381
mixed_short_ordinary,4,ordinary-first,1,1,1,14,2,349701,343099,358938
mixed_short_ordinary,4,ordinary-first,1,1,1,14,3,438347,429160,487488
mixed_short_ordinary,4,ordinary-first,1,1,1,14,4,554122,528594,588626
mixed_short_ordinary,4,ordinary-first,1,1,1,15,1,242412,241750,242422
mixed_short_ordinary,4,ordinary-first,1,1,1,15,2,345884,328062,362524
mixed_short_ordinary,4,ordinary-first,1,1,1,15,3,453044,431013,488299
mixed_short_ordinary,4,ordinary-first,1,1,1,15,4,522152,519688,523545
mixed_short_ordinary,4,ordinary-first,1,1,1,16,1,240879,240518,242231
mixed_short_ordinary,4,ordinary-first,1,1,1,16,2,320707,318673,329313
mixed_short_ordinary,4,ordinary-first,1,1,1,16,3,432224,423519,453115
mixed_short_ordinary,4,ordinary-first,1,1,1,16,4,544694,528294,548993
mixed_short_ordinary,4,ordinary-first,1,1,1,17,1,242281,241169,255376
mixed_short_ordinary,4,ordinary-first,1,1,1,17,2,334433,327726,350259
mixed_short_ordinary,4,ordinary-first,1,1,1,17,3,461088,424160,484543
mixed_short_ordinary,4,ordinary-first,1,1,1,17,4,538075,528560,558250
mixed_short_ordinary,4,ordinary-first,1,1,1,18,1,240909,240357,301211
mixed_short_ordinary,4,ordinary-first,1,1,1,18,2,349912,328731,355864
mixed_short_ordinary,4,ordinary-first,1,1,1,18,3,440050,437680,461299
mixed_short_ordinary,4,ordinary-first,1,1,1,18,4,558670,546584,693361
mixed_short_ordinary,4,ordinary-first,1,1,1,19,1,240488,240488,271566
mixed_short_ordinary,4,ordinary-first,1,1,1,19,2,325887,324875,341867
mixed_short_ordinary,4,ordinary-first,1,1,1,19,3,436783,429420,450969
mixed_short_ordinary,4,ordinary-first,1,1,1,19,4,537406,525834,544484
mixed_short_ordinary,4,ordinary-first,1,1,1,1,1,242361,242291,245928
mixed_short_ordinary,4,ordinary-first,1,1,1,1,2,324855,323092,334981
mixed_short_ordinary,4,ordinary-first,1,1,1,1,3,430161,419261,434439
mixed_short_ordinary,4,ordinary-first,1,1,1,1,4,557086,528975,616418
mixed_short_ordinary,4,ordinary-first,1,1,1,20,1,242221,240909,242281
mixed_short_ordinary,4,ordinary-first,1,1,1,20,2,328080,325716,331307
mixed_short_ordinary,4,ordinary-first,1,1,1,20,3,479533,415834,482408
mixed_short_ordinary,4,ordinary-first,1,1,1,20,4,573889,533123,578688
mixed_short_ordinary,4,ordinary-first,1,1,1,21,1,242281,240848,249495
mixed_short_ordinary,4,ordinary-first,1,1,1,21,2,338470,325436,338616
mixed_short_ordinary,4,ordinary-first,1,1,1,21,3,450008,414583,453966
mixed_short_ordinary,4,ordinary-first,1,1,1,21,4,535227,503758,562708
mixed_short_ordinary,4,ordinary-first,1,1,1,22,1,242421,242391,251999
mixed_short_ordinary,4,ordinary-first,1,1,1,22,2,342167,336296,347626
mixed_short_ordinary,4,ordinary-first,1,1,1,22,3,455739,425392,488169
mixed_short_ordinary,4,ordinary-first,1,1,1,22,4,551394,542357,552138
mixed_short_ordinary,4,ordinary-first,1,1,1,23,1,242251,242241,243123
mixed_short_ordinary,4,ordinary-first,1,1,1,23,2,324735,318103,342808
mixed_short_ordinary,4,ordinary-first,1,1,1,23,3,465056,428017,494861
mixed_short_ordinary,4,ordinary-first,1,1,1,23,4,586713,540962,625545
mixed_short_ordinary,4,ordinary-first,1,1,1,24,1,242391,242261,248884
mixed_short_ordinary,4,ordinary-first,1,1,1,24,2,358939,341275,427134
mixed_short_ordinary,4,ordinary-first,1,1,1,24,3,425673,422287,427276
mixed_short_ordinary,4,ordinary-first,1,1,1,24,4,542178,532241,543026
mixed_short_ordinary,4,ordinary-first,1,1,1,25,1,242351,242281,242441
mixed_short_ordinary,4,ordinary-first,1,1,1,25,2,328752,326498,332569
mixed_short_ordinary,4,ordinary-first,1,1,1,25,3,437200,429570,459716
mixed_short_ordinary,4,ordinary-first,1,1,1,25,4,531765,506864,554533
mixed_short_ordinary,4,ordinary-first,1,1,1,26,1,245818,242231,255636
mixed_short_ordinary,4,ordinary-first,1,1,1,26,2,325195,321900,329523
mixed_short_ordinary,4,ordinary-first,1,1,1,26,3,442414,421295,466879
mixed_short_ordinary,4,ordinary-first,1,1,1,26,4,562512,509990,598364
mixed_short_ordinary,4,ordinary-first,1,1,1,27,1,242471,240808,284310
mixed_short_ordinary,4,ordinary-first,1,1,1,27,2,329143,327380,341326
mixed_short_ordinary,4,ordinary-first,1,1,1,27,3,426514,425062,509268
mixed_short_ordinary,4,ordinary-first,1,1,1,27,4,532412,514178,609565
mixed_short_ordinary,4,ordinary-first,1,1,1,28,1,240908,240318,242542
mixed_short_ordinary,4,ordinary-first,1,1,1,28,2,319615,315958,335776
mixed_short_ordinary,4,ordinary-first,1,1,1,28,3,444837,426214,568410
mixed_short_ordinary,4,ordinary-first,1,1,1,28,4,556532,545381,691277
mixed_short_ordinary,4,ordinary-first,1,1,1,29,1,242442,242371,246929
mixed_short_ordinary,4,ordinary-first,1,1,1,29,2,319695,319094,332880
mixed_short_ordinary,4,ordinary-first,1,1,1,29,3,437494,435982,465117
mixed_short_ordinary,4,ordinary-first,1,1,1,29,4,562554,523084,627457
mixed_short_ordinary,4,ordinary-first,1,1,1,2,1,240508,240328,240588
mixed_short_ordinary,4,ordinary-first,1,1,1,2,2,336126,318874,345231
mixed_short_ordinary,4,ordinary-first,1,1,1,2,3,457632,425833,480769
mixed_short_ordinary,4,ordinary-first,1,1,1,2,4,555228,545907,583877
mixed_short_ordinary,4,ordinary-first,1,1,1,30,1,240618,240488,242301
mixed_short_ordinary,4,ordinary-first,1,1,1,30,2,323227,317081,331707
mixed_short_ordinary,4,ordinary-first,1,1,1,30,3,429700,426033,444316
mixed_short_ordinary,4,ordinary-first,1,1,1,30,4,547525,524767,577935
mixed_short_ordinary,4,ordinary-first,1,1,1,31,1,240387,240338,244786
mixed_short_ordinary,4,ordinary-first,1,1,1,31,2,322841,316149,342969
mixed_short_ordinary,4,ordinary-first,1,1,1,31,3,444548,428718,486536
mixed_short_ordinary,4,ordinary-first,1,1,1,31,4,554647,552469,568232
mixed_short_ordinary,4,ordinary-first,1,1,1,32,1,249595,242392,441993
mixed_short_ordinary,4,ordinary-first,1,1,1,32,2,334153,320447,341045
mixed_short_ordinary,4,ordinary-first,1,1,1,32,3,467327,424671,485785
mixed_short_ordinary,4,ordinary-first,1,1,1,32,4,564050,546097,605287
mixed_short_ordinary,4,ordinary-first,1,1,1,33,1,242251,242241,242271
mixed_short_ordinary,4,ordinary-first,1,1,1,33,2,323473,321208,325466
mixed_short_ordinary,4,ordinary-first,1,1,1,33,3,468973,410585,542735
mixed_short_ordinary,4,ordinary-first,1,1,1,33,4,532527,520580,567132
mixed_short_ordinary,4,ordinary-first,1,1,1,34,1,240849,240328,242582
mixed_short_ordinary,4,ordinary-first,1,1,1,34,2,335740,324023,366532
mixed_short_ordinary,4,ordinary-first,1,1,1,34,3,434980,433017,482138
mixed_short_ordinary,4,ordinary-first,1,1,1,34,4,591151,524908,614645
mixed_short_ordinary,4,ordinary-first,1,1,1,35,1,242321,240448,242992
mixed_short_ordinary,4,ordinary-first,1,1,1,35,2,330726,330085,351124
mixed_short_ordinary,4,ordinary-first,1,1,1,35,3,432346,412479,499189
mixed_short_ordinary,4,ordinary-first,1,1,1,35,4,553220,518669,569009
mixed_short_ordinary,4,ordinary-first,1,1,1,36,1,242372,240959,242431
mixed_short_ordinary,4,ordinary-first,1,1,1,36,2,344552,320577,436637
mixed_short_ordinary,4,ordinary-first,1,1,1,36,3,427086,419982,479083
mixed_short_ordinary,4,ordinary-first,1,1,1,36,4,556306,541067,571969
mixed_short_ordinary,4,ordinary-first,1,1,1,37,1,240889,240418,281183
mixed_short_ordinary,4,ordinary-first,1,1,1,37,2,320187,318753,353899
mixed_short_ordinary,4,ordinary-first,1,1,1,37,3,429630,421855,457240
mixed_short_ordinary,4,ordinary-first,1,1,1,37,4,523625,523214,530778
mixed_short_ordinary,4,ordinary-first,1,1,1,38,1,241310,241019,245046
mixed_short_ordinary,4,ordinary-first,1,1,1,38,2,357556,347817,374322
mixed_short_ordinary,4,ordinary-first,1,1,1,38,3,463046,435271,496274
mixed_short_ordinary,4,ordinary-first,1,1,1,38,4,554142,517374,638353
mixed_short_ordinary,4,ordinary-first,1,1,1,39,1,242241,240969,248663
mixed_short_ordinary,4,ordinary-first,1,1,1,39,2,330456,321208,339136
mixed_short_ordinary,4,ordinary-first,1,1,1,39,3,435701,410213,469063
mixed_short_ordinary,4,ordinary-first,1,1,1,39,4,528554,513316,553409
mixed_short_ordinary,4,ordinary-first,1,1,1,3,1,240788,240377,246940
mixed_short_ordinary,4,ordinary-first,1,1,1,3,2,320397,319374,379046
mixed_short_ordinary,4,ordinary-first,1,1,1,3,3,429140,427266,433077
mixed_short_ordinary,4,ordinary-first,1,1,1,3,4,559060,533127,569711
mixed_short_ordinary,4,ordinary-first,1,1,1,4,1,240678,240528,242391
mixed_short_ordinary,4,ordinary-first,1,1,1,4,2,325817,323863,356655
mixed_short_ordinary,4,ordinary-first,1,1,1,4,3,472078,435000,475565
mixed_short_ordinary,4,ordinary-first,1,1,1,4,4,578597,530919,579008
mixed_short_ordinary,4,ordinary-first,1,1,1,5,1,240488,240368,243834
mixed_short_ordinary,4,ordinary-first,1,1,1,5,2,321619,318874,325466
mixed_short_ordinary,4,ordinary-first,1,1,1,5,3,427945,426234,465497
mixed_short_ordinary,4,ordinary-first,1,1,1,5,4,546708,540078,556552
mixed_short_ordinary,4,ordinary-first,1,1,1,6,1,240909,240327,285592
mixed_short_ordinary,4,ordinary-first,1,1,1,6,2,337589,311289,345724
mixed_short_ordinary,4,ordinary-first,1,1,1,6,3,437535,434440,480194
mixed_short_ordinary,4,ordinary-first,1,1,1,6,4,516612,515940,541029
mixed_short_ordinary,4,ordinary-first,1,1,1,7,1,246359,240358,248964
mixed_short_ordinary,4,ordinary-first,1,1,1,7,2,326608,318753,334994
mixed_short_ordinary,4,ordinary-first,1,1,1,7,3,431865,420863,440942
mixed_short_ordinary,4,ordinary-first,1,1,1,7,4,541078,523294,552488
mixed_short_ordinary,4,ordinary-first,1,1,1,8,1,242431,242252,245597
mixed_short_ordinary,4,ordinary-first,1,1,1,8,2,322821,322711,327049
mixed_short_ordinary,4,ordinary-first,1,1,1,8,3,417086,406647,491315
mixed_short_ordinary,4,ordinary-first,1,1,1,8,4,527698,510140,628901
mixed_short_ordinary,4,ordinary-first,1,1,1,9,1,242592,242281,242772
mixed_short_ordinary,4,ordinary-first,1,1,1,9,2,334022,323953,341395
mixed_short_ordinary,4,ordinary-first,1,1,1,9,3,424290,423258,432656
mixed_short_ordinary,4,ordinary-first,1,1,1,9,4,532913,515330,569160
mixed_short_ordinary,4,ordinary-first,1,1,2,0,1,271245,265505,272027
mixed_short_ordinary,4,ordinary-first,1,1,2,0,2,368100,344652,443831
mixed_short_ordinary,4,ordinary-first,1,1,2,0,3,477560,446932,493079
mixed_short_ordinary,4,ordinary-first,1,1,2,0,4,572501,554102,578286
mixed_short_ordinary,4,ordinary-first,1,1,2,10,1,265605,265279,269813
mixed_short_ordinary,4,ordinary-first,1,1,2,10,2,357756,357266,419782
mixed_short_ordinary,4,ordinary-first,1,1,2,10,3,446833,441823,448606
mixed_short_ordinary,4,ordinary-first,1,1,2,10,4,576243,516792,850008
mixed_short_ordinary,4,ordinary-first,1,1,2,11,1,296782,266056,334607
mixed_short_ordinary,4,ordinary-first,1,1,2,11,2,363527,359505,407373
mixed_short_ordinary,4,ordinary-first,1,1,2,11,3,441562,432305,449156
mixed_short_ordinary,4,ordinary-first,1,1,2,11,4,552449,531339,581628
mixed_short_ordinary,4,ordinary-first,1,1,2,12,1,269121,265305,274852
mixed_short_ordinary,4,ordinary-first,1,1,2,12,2,364068,360171,367564
mixed_short_ordinary,4,ordinary-first,1,1,2,12,3,451150,435921,468803
mixed_short_ordinary,4,ordinary-first,1,1,2,12,4,556903,536910,590128
mixed_short_ordinary,4,ordinary-first,1,1,2,13,1,267027,266907,267328
mixed_short_ordinary,4,ordinary-first,1,1,2,13,2,359925,356484,418048
mixed_short_ordinary,4,ordinary-first,1,1,2,13,3,447152,443046,533803
mixed_short_ordinary,4,ordinary-first,1,1,2,13,4,541939,541067,582448
mixed_short_ordinary,4,ordinary-first,1,1,2,14,1,326217,270784,347759
mixed_short_ordinary,4,ordinary-first,1,1,2,14,2,349105,345824,351645
mixed_short_ordinary,4,ordinary-first,1,1,2,14,3,449447,429991,493239
mixed_short_ordinary,4,ordinary-first,1,1,2,14,4,575883,554933,609255
mixed_short_ordinary,4,ordinary-first,1,1,2,15,1,265755,261527,269472
mixed_short_ordinary,4,ordinary-first,1,1,2,15,2,357125,354475,360602
mixed_short_ordinary,4,ordinary-first,1,1,2,15,3,430371,420924,478471
mixed_short_ordinary,4,ordinary-first,1,1,2,15,4,543492,539485,548171
mixed_short_ordinary,4,ordinary-first,1,1,2,16,1,273500,269862,275392
mixed_short_ordinary,4,ordinary-first,1,1,2,16,2,362615,359529,423188
mixed_short_ordinary,4,ordinary-first,1,1,2,16,3,447924,441743,450860
mixed_short_ordinary,4,ordinary-first,1,1,2,16,4,573118,538192,596902
mixed_short_ordinary,4,ordinary-first,1,1,2,17,1,269352,262459,274351
mixed_short_ordinary,4,ordinary-first,1,1,2,17,2,353048,352667,364875
mixed_short_ordinary,4,ordinary-first,1,1,2,17,3,441583,421419,467200
mixed_short_ordinary,4,ordinary-first,1,1,2,17,4,560990,523224,577685
mixed_short_ordinary,4,ordinary-first,1,1,2,18,1,271635,268670,274782
mixed_short_ordinary,4,ordinary-first,1,1,2,18,2,362475,354169,395782
mixed_short_ordinary,4,ordinary-first,1,1,2,18,3,426725,418980,430847
mixed_short_ordinary,4,ordinary-first,1,1,2,18,4,572346,531677,671195
mixed_short_ordinary,4,ordinary-first,1,1,2,19,1,271075,268891,274792
mixed_short_ordinary,4,ordinary-first,1,1,2,19,2,353644,350889,368086
mixed_short_ordinary,4,ordinary-first,1,1,2,19,3,442424,438446,450319
mixed_short_ordinary,4,ordinary-first,1,1,2,19,4,539094,518626,601598
mixed_short_ordinary,4,ordinary-first,1,1,2,1,1,268921,258642,269893
mixed_short_ordinary,4,ordinary-first,1,1,2,1,2,353363,344872,383019
mixed_short_ordinary,4,ordinary-first,1,1,2,1,3,445229,425152,447017
mixed_short_ordinary,4,ordinary-first,1,1,2,1,4,537758,533313,597643
mixed_short_ordinary,4,ordinary-first,1,1,2,20,1,274471,270915,331778
mixed_short_ordinary,4,ordinary-first,1,1,2,20,2,363567,349727,380689
mixed_short_ordinary,4,ordinary-first,1,1,2,20,3,434098,430411,436593
mixed_short_ordinary,4,ordinary-first,1,1,2,20,4,549409,542249,652044
mixed_short_ordinary,4,ordinary-first,1,1,2,21,1,273198,266446,278684
mixed_short_ordinary,4,ordinary-first,1,1,2,21,2,379166,370670,381776
mixed_short_ordinary,4,ordinary-first,1,1,2,21,3,454858,447203,456229
mixed_short_ordinary,4,ordinary-first,1,1,2,21,4,545226,515600,562368
mixed_short_ordinary,4,ordinary-first,1,1,2,22,1,268881,264603,370590
mixed_short_ordinary,4,ordinary-first,1,1,2,22,2,362826,354690,452402
mixed_short_ordinary,4,ordinary-first,1,1,2,22,3,429370,416005,435987
mixed_short_ordinary,4,ordinary-first,1,1,2,22,4,611267,514659,617290
mixed_short_ordinary,4,ordinary-first,1,1,2,23,1,267138,266356,269863
mixed_short_ordinary,4,ordinary-first,1,1,2,23,2,347347,340844,372283
mixed_short_ordinary,4,ordinary-first,1,1,2,23,3,449151,432505,459526
mixed_short_ordinary,4,ordinary-first,1,1,2,23,4,555595,549894,575968
mixed_short_ordinary,4,ordinary-first,1,1,2,24,1,268360,267388,271315
mixed_short_ordinary,4,ordinary-first,1,1,2,24,2,366077,358268,369357
mixed_short_ordinary,4,ordinary-first,1,1,2,24,3,435956,425282,473467
mixed_short_ordinary,4,ordinary-first,1,1,2,24,4,594447,577443,647976
mixed_short_ordinary,4,ordinary-first,1,1,2,25,1,268781,264934,273440
mixed_short_ordinary,4,ordinary-first,1,1,2,25,2,353503,352717,374327
mixed_short_ordinary,4,ordinary-first,1,1,2,25,3,450148,419111,461009
mixed_short_ordinary,4,ordinary-first,1,1,2,25,4,552639,536089,563299
mixed_short_ordinary,4,ordinary-first,1,1,2,26,1,271636,262659,278389
mixed_short_ordinary,4,ordinary-first,1,1,2,26,2,365360,362756,425873
mixed_short_ordinary,4,ordinary-first,1,1,2,26,3,426269,412082,446352
mixed_short_ordinary,4,ordinary-first,1,1,2,26,4,549904,544444,581062
mixed_short_ordinary,4,ordinary-first,1,1,2,27,1,268780,264934,268881
mixed_short_ordinary,4,ordinary-first,1,1,2,27,2,354329,338225,363352
mixed_short_ordinary,4,ordinary-first,1,1,2,27,3,491485,419396,516563
mixed_short_ordinary,4,ordinary-first,1,1,2,27,4,587900,545576,631016
mixed_short_ordinary,4,ordinary-first,1,1,2,28,1,265495,265475,345372
mixed_short_ordinary,4,ordinary-first,1,1,2,28,2,354495,336788,367765
mixed_short_ordinary,4,ordinary-first,1,1,2,28,3,446040,443491,502937
mixed_short_ordinary,4,ordinary-first,1,1,2,28,4,549473,535307,551151
mixed_short_ordinary,4,ordinary-first,1,1,2,29,1,266567,259553,271777
mixed_short_ordinary,4,ordinary-first,1,1,2,29,2,358477,349440,444969
mixed_short_ordinary,4,ordinary-first,1,1,2,29,3,421269,417217,481697
mixed_short_ordinary,4,ordinary-first,1,1,2,29,4,552549,548542,554473
mixed_short_ordinary,4,ordinary-first,1,1,2,2,1,270764,266557,302680
mixed_short_ordinary,4,ordinary-first,1,1,2,2,2,361949,345834,394976
mixed_short_ordinary,4,ordinary-first,1,1,2,2,3,456770,425418,477899
mixed_short_ordinary,4,ordinary-first,1,1,2,2,4,569700,526831,687719
mixed_short_ordinary,4,ordinary-first,1,1,2,30,1,267778,266957,299368
mixed_short_ordinary,4,ordinary-first,1,1,2,30,2,362785,356399,364138
mixed_short_ordinary,4,ordinary-first,1,1,2,30,3,439879,426940,446040
mixed_short_ordinary,4,ordinary-first,1,1,2,30,4,569014,539359,591177
mixed_short_ordinary,4,ordinary-first,1,1,2,31,1,266105,264994,266517
mixed_short_ordinary,4,ordinary-first,1,1,2,31,2,348489,346661,354650
mixed_short_ordinary,4,ordinary-first,1,1,2,31,3,434118,425994,451782
mixed_short_ordinary,4,ordinary-first,1,1,2,31,4,544875,534325,545176
mixed_short_ordinary,4,ordinary-first,1,1,2,32,1,272236,270624,284175
mixed_short_ordinary,4,ordinary-first,1,1,2,32,2,376136,349451,448636
mixed_short_ordinary,4,ordinary-first,1,1,2,32,3,443105,425823,507981
mixed_short_ordinary,4,ordinary-first,1,1,2,32,4,573138,536586,594377
mixed_short_ordinary,4,ordinary-first,1,1,2,33,1,272197,266376,274385
mixed_short_ordinary,4,ordinary-first,1,1,2,33,2,364269,358949,416901
mixed_short_ordinary,4,ordinary-first,1,1,2,33,3,445851,440220,446872
mixed_short_ordinary,4,ordinary-first,1,1,2,33,4,552561,550004,582214
mixed_short_ordinary,4,ordinary-first,1,1,2,34,1,278589,273018,341952
mixed_short_ordinary,4,ordinary-first,1,1,2,34,2,365130,357907,477602
mixed_short_ordinary,4,ordinary-first,1,1,2,34,3,440575,432130,488709
mixed_short_ordinary,4,ordinary-first,1,1,2,34,4,552188,546838,633143
mixed_short_ordinary,4,ordinary-first,1,1,2,35,1,266301,264132,268410
mixed_short_ordinary,4,ordinary-first,1,1,2,35,2,388073,357992,389881
mixed_short_ordinary,4,ordinary-first,1,1,2,35,3,482338,452593,520870
mixed_short_ordinary,4,ordinary-first,1,1,2,35,4,539896,511442,545636
mixed_short_ordinary,4,ordinary-first,1,1,2,36,1,269732,269051,276014
mixed_short_ordinary,4,ordinary-first,1,1,2,36,2,366583,363677,369479
mixed_short_ordinary,4,ordinary-first,1,1,2,36,3,431093,428858,441623
mixed_short_ordinary,4,ordinary-first,1,1,2,36,4,532286,527041,540242
mixed_short_ordinary,4,ordinary-first,1,1,2,37,1,301822,285040,334872
mixed_short_ordinary,4,ordinary-first,1,1,2,37,2,372143,346731,383509
mixed_short_ordinary,4,ordinary-first,1,1,2,37,3,447664,440009,450779
mixed_short_ordinary,4,ordinary-first,1,1,2,37,4,547440,537151,721880
mixed_short_ordinary,4,ordinary-first,1,1,2,38,1,267779,267047,268730
mixed_short_ordinary,4,ordinary-first,1,1,2,38,2,409775,364018,426469
mixed_short_ordinary,4,ordinary-first,1,1,2,38,3,436803,433968,611483
mixed_short_ordinary,4,ordinary-first,1,1,2,38,4,556727,534064,577345
mixed_short_ordinary,4,ordinary-first,1,1,2,39,1,271065,262900,272187
mixed_short_ordinary,4,ordinary-first,1,1,2,39,2,376731,366092,384346
mixed_short_ordinary,4,ordinary-first,1,1,2,39,3,440340,438326,462300
mixed_short_ordinary,4,ordinary-first,1,1,2,39,4,567396,510310,576724
mixed_short_ordinary,4,ordinary-first,1,1,2,3,1,266867,260645,269963
mixed_short_ordinary,4,ordinary-first,1,1,2,3,2,360722,358197,379397
mixed_short_ordinary,4,ordinary-first,1,1,2,3,3,467130,450809,549655
mixed_short_ordinary,4,ordinary-first,1,1,2,3,4,556947,549995,571005
mixed_short_ordinary,4,ordinary-first,1,1,2,4,1,267088,257820,280763
mixed_short_ordinary,4,ordinary-first,1,1,2,4,2,345118,338691,383263
mixed_short_ordinary,4,ordinary-first,1,1,2,4,3,453205,437684,515295
mixed_short_ordinary,4,ordinary-first,1,1,2,4,4,559983,542049,612460
mixed_short_ordinary,4,ordinary-first,1,1,2,5,1,269693,266175,273139
mixed_short_ordinary,4,ordinary-first,1,1,2,5,2,371941,357145,401618
mixed_short_ordinary,4,ordinary-first,1,1,2,5,3,440691,435591,449346
mixed_short_ordinary,4,ordinary-first,1,1,2,5,4,535978,534837,573878
mixed_short_ordinary,4,ordinary-first,1,1,2,6,1,273089,259113,285852
mixed_short_ordinary,4,ordinary-first,1,1,2,6,2,369754,360061,423933
mixed_short_ordinary,4,ordinary-first,1,1,2,6,3,471582,421535,474974
mixed_short_ordinary,4,ordinary-first,1,1,2,6,4,580090,542280,596447
mixed_short_ordinary,4,ordinary-first,1,1,2,7,1,278489,275643,280222
mixed_short_ordinary,4,ordinary-first,1,1,2,7,2,379638,344853,467199
mixed_short_ordinary,4,ordinary-first,1,1,2,7,3,429671,427457,439819
mixed_short_ordinary,4,ordinary-first,1,1,2,7,4,580822,560623,643147
mixed_short_ordinary,4,ordinary-first,1,1,2,8,1,268831,265074,298967
mixed_short_ordinary,4,ordinary-first,1,1,2,8,2,368501,360562,384727
mixed_short_ordinary,4,ordinary-first,1,1,2,8,3,440284,428388,559081
mixed_short_ordinary,4,ordinary-first,1,1,2,8,4,623003,566265,679555
mixed_short_ordinary,4,ordinary-first,1,1,2,9,1,265069,261006,266616
mixed_short_ordinary,4,ordinary-first,1,1,2,9,2,367053,361203,381621
mixed_short_ordinary,4,ordinary-first,1,1,2,9,3,464351,434960,489350
mixed_short_ordinary,4,ordinary-first,1,1,2,9,4,544824,525058,594116
mixed_short_ordinary,4,ordinary-first,1,1,3,0,1,238063,237262,238935
mixed_short_ordinary,4,ordinary-first,1,1,3,0,2,455588,455557,522132
mixed_short_ordinary,4,ordinary-first,1,1,3,0,3,585370,548902,743605
mixed_short_ordinary,4,ordinary-first,1,1,3,0,4,703115,660150,743436
mixed_short_ordinary,4,ordinary-first,1,1,3,10,1,238685,236941,238689
mixed_short_ordinary,4,ordinary-first,1,1,3,10,2,465382,459666,476637
mixed_short_ordinary,4,ordinary-first,1,1,3,10,3,530879,523154,590681
mixed_short_ordinary,4,ordinary-first,1,1,3,10,4,642167,641710,655018
mixed_short_ordinary,4,ordinary-first,1,1,3,11,1,238629,236561,383774
mixed_short_ordinary,4,ordinary-first,1,1,3,11,2,460568,453935,469515
mixed_short_ordinary,4,ordinary-first,1,1,3,11,3,544684,540688,548461
mixed_short_ordinary,4,ordinary-first,1,1,3,11,4,655180,634832,680118
mixed_short_ordinary,4,ordinary-first,1,1,3,12,1,238324,237512,252851
mixed_short_ordinary,4,ordinary-first,1,1,3,12,2,463653,456632,561765
mixed_short_ordinary,4,ordinary-first,1,1,3,12,3,536079,529457,537011
mixed_short_ordinary,4,ordinary-first,1,1,3,12,4,684269,670810,827481
mixed_short_ordinary,4,ordinary-first,1,1,3,13,1,242552,240678,250270
mixed_short_ordinary,4,ordinary-first,1,1,3,13,2,479563,456740,506594
mixed_short_ordinary,4,ordinary-first,1,1,3,13,3,534506,526050,536088
mixed_short_ordinary,4,ordinary-first,1,1,3,13,4,644971,644128,651835
mixed_short_ordinary,4,ordinary-first,1,1,3,14,1,236371,236149,239195
mixed_short_ordinary,4,ordinary-first,1,1,3,14,2,455702,454667,470767
mixed_short_ordinary,4,ordinary-first,1,1,3,14,3,538008,529155,541068
mixed_short_ordinary,4,ordinary-first,1,1,3,14,4,653447,635464,654078
mixed_short_ordinary,4,ordinary-first,1,1,3,15,1,246299,241219,246579
mixed_short_ordinary,4,ordinary-first,1,1,3,15,2,461299,454031,482980
mixed_short_ordinary,4,ordinary-first,1,1,3,15,3,539205,532331,543448
mixed_short_ordinary,4,ordinary-first,1,1,3,15,4,664006,653803,716825
mixed_short_ordinary,4,ordinary-first,1,1,3,16,1,241800,237733,242643
mixed_short_ordinary,4,ordinary-first,1,1,3,16,2,490293,448365,505452
mixed_short_ordinary,4,ordinary-first,1,1,3,16,3,581057,534426,593145
mixed_short_ordinary,4,ordinary-first,1,1,3,16,4,664704,661261,707428
mixed_short_ordinary,4,ordinary-first,1,1,3,17,1,244034,243693,251980
mixed_short_ordinary,4,ordinary-first,1,1,3,17,2,469855,447413,493709
mixed_short_ordinary,4,ordinary-first,1,1,3,17,3,553636,537031,568027
mixed_short_ordinary,4,ordinary-first,1,1,3,17,4,656603,651013,684896
mixed_short_ordinary,4,ordinary-first,1,1,3,18,1,237933,236731,239962
mixed_short_ordinary,4,ordinary-first,1,1,3,18,2,492928,458143,542527
mixed_short_ordinary,4,ordinary-first,1,1,3,18,3,549137,535357,562347
mixed_short_ordinary,4,ordinary-first,1,1,3,18,4,673742,659143,694122
mixed_short_ordinary,4,ordinary-first,1,1,3,19,1,240468,237201,330476
mixed_short_ordinary,4,ordinary-first,1,1,3,19,2,461209,458103,494880
mixed_short_ordinary,4,ordinary-first,1,1,3,19,3,535943,534986,546308
mixed_short_ordinary,4,ordinary-first,1,1,3,19,4,653246,648798,704938
mixed_short_ordinary,4,ordinary-first,1,1,3,1,1,236591,236491,266001
mixed_short_ordinary,4,ordinary-first,1,1,3,1,2,475475,463183,477133
mixed_short_ordinary,4,ordinary-first,1,1,3,1,3,539164,529607,543467
mixed_short_ordinary,4,ordinary-first,1,1,3,1,4,669938,655341,683493
mixed_short_ordinary,4,ordinary-first,1,1,3,20,1,236460,235809,237101
mixed_short_ordinary,4,ordinary-first,1,1,3,20,2,459896,454597,469780
mixed_short_ordinary,4,ordinary-first,1,1,3,20,3,529146,528315,550054
mixed_short_ordinary,4,ordinary-first,1,1,3,20,4,671120,647236,719069
mixed_short_ordinary,4,ordinary-first,1,1,3,21,1,235629,234637,250226
mixed_short_ordinary,4,ordinary-first,1,1,3,21,2,458734,454882,478020
mixed_short_ordinary,4,ordinary-first,1,1,3,21,3,584739,537611,741541
mixed_short_ordinary,4,ordinary-first,1,1,3,21,4,634933,613722,771562
mixed_short_ordinary,4,ordinary-first,1,1,3,22,1,237732,235058,241420
mixed_short_ordinary,4,ordinary-first,1,1,3,22,2,476271,469436,504881
mixed_short_ordinary,4,ordinary-first,1,1,3,22,3,572576,565574,574700
mixed_short_ordinary,4,ordinary-first,1,1,3,22,4,686009,647766,761699
mixed_short_ordinary,4,ordinary-first,1,1,3,23,1,238605,236971,238685
mixed_short_ordinary,4,ordinary-first,1,1,3,23,2,457682,455098,474795
mixed_short_ordinary,4,ordinary-first,1,1,3,23,3,531821,527181,541644
mixed_short_ordinary,4,ordinary-first,1,1,3,23,4,669388,644696,742592
mixed_short_ordinary,4,ordinary-first,1,1,3,24,1,238895,238093,255732
mixed_short_ordinary,4,ordinary-first,1,1,3,24,2,476157,461449,537481
mixed_short_ordinary,4,ordinary-first,1,1,3,24,3,566204,554172,627849
mixed_short_ordinary,4,ordinary-first,1,1,3,24,4,702428,699843,703055
mixed_short_ordinary,4,ordinary-first,1,1,3,25,1,252375,238549,260736
mixed_short_ordinary,4,ordinary-first,1,1,3,25,2,459135,457712,498859
mixed_short_ordinary,4,ordinary-first,1,1,3,25,3,546767,538162,618562
mixed_short_ordinary,4,ordinary-first,1,1,3,25,4,653908,645181,667133
mixed_short_ordinary,4,ordinary-first,1,1,3,26,1,242196,237472,265935
mixed_short_ordinary,4,ordinary-first,1,1,3,26,2,476633,457132,482328
mixed_short_ordinary,4,ordinary-first,1,1,3,26,3,581062,561185,581864
mixed_short_ordinary,4,ordinary-first,1,1,3,26,4,674610,674226,695485
mixed_short_ordinary,4,ordinary-first,1,1,3,27,1,240958,236390,245051
mixed_short_ordinary,4,ordinary-first,1,1,3,27,2,459876,452463,466369
mixed_short_ordinary,4,ordinary-first,1,1,3,27,3,537935,530388,553311
mixed_short_ordinary,4,ordinary-first,1,1,3,27,4,639070,632929,782637
mixed_short_ordinary,4,ordinary-first,1,1,3,28,1,237783,237102,239195
mixed_short_ordinary,4,ordinary-first,1,1,3,28,2,459024,444577,461560
mixed_short_ordinary,4,ordinary-first,1,1,3,28,3,551337,540095,567696
mixed_short_ordinary,4,ordinary-first,1,1,3,28,4,667769,656892,692109
mixed_short_ordinary,4,ordinary-first,1,1,3,29,1,242873,235458,256348
mixed_short_ordinary,4,ordinary-first,1,1,3,29,2,463298,455578,467876
mixed_short_ordinary,4,ordinary-first,1,1,3,29,3,537937,534876,772232
mixed_short_ordinary,4,ordinary-first,1,1,3,29,4,657659,648007,677250
mixed_short_ordinary,4,ordinary-first,1,1,3,2,1,237292,235458,238314
mixed_short_ordinary,4,ordinary-first,1,1,3,2,2,468713,452262,514558
mixed_short_ordinary,4,ordinary-first,1,1,3,2,3,542591,537211,687452
mixed_short_ordinary,4,ordinary-first,1,1,3,2,4,670579,660932,720232
mixed_short_ordinary,4,ordinary-first,1,1,3,30,1,244965,240257,253256
mixed_short_ordinary,4,ordinary-first,1,1,3,30,2,459315,458848,479709
mixed_short_ordinary,4,ordinary-first,1,1,3,30,3,567256,548712,576871
mixed_short_ordinary,4,ordinary-first,1,1,3,30,4,641839,634883,730856
mixed_short_ordinary,4,ordinary-first,1,1,3,31,1,241555,239120,248979
mixed_short_ordinary,4,ordinary-first,1,1,3,31,2,466249,460638,492708
mixed_short_ordinary,4,ordinary-first,1,1,3,31,3,534806,531590,599141
mixed_short_ordinary,4,ordinary-first,1,1,3,31,4,686083,678403,716925
mixed_short_ordinary,4,ordinary-first,1,1,3,32,1,247396,241460,266862
mixed_short_ordinary,4,ordinary-first,1,1,3,32,2,461860,460658,471358
mixed_short_ordinary,4,ordinary-first,1,1,3,32,3,572657,560223,573118
mixed_short_ordinary,4,ordinary-first,1,1,3,32,4,717125,715222,727549
mixed_short_ordinary,4,ordinary-first,1,1,3,33,1,246649,238515,252875
mixed_short_ordinary,4,ordinary-first,1,1,3,33,2,469916,449107,477298
mixed_short_ordinary,4,ordinary-first,1,1,3,33,3,563618,561726,567723
mixed_short_ordinary,4,ordinary-first,1,1,3,33,4,646808,634111,668221
mixed_short_ordinary,4,ordinary-first,1,1,3,34,1,237091,236861,247060
mixed_short_ordinary,4,ordinary-first,1,1,3,34,2,457312,456811,458885
mixed_short_ordinary,4,ordinary-first,1,1,3,34,3,592924,571052,617740
mixed_short_ordinary,4,ordinary-first,1,1,3,34,4,664688,648277,718146
mixed_short_ordinary,4,ordinary-first,1,1,3,35,1,236320,235899,282396
mixed_short_ordinary,4,ordinary-first,1,1,3,35,2,460167,453995,485960
mixed_short_ordinary,4,ordinary-first,1,1,3,35,3,537171,535983,547019
mixed_short_ordinary,4,ordinary-first,1,1,3,35,4,684575,657133,709852
mixed_short_ordinary,4,ordinary-first,1,1,3,36,1,240908,238604,241820
mixed_short_ordinary,4,ordinary-first,1,1,3,36,2,454827,453164,461329
mixed_short_ordinary,4,ordinary-first,1,1,3,36,3,527913,524106,577525
mixed_short_ordinary,4,ordinary-first,1,1,3,36,4,669939,640092,769833
mixed_short_ordinary,4,ordinary-first,1,1,3,37,1,239726,237011,242852
mixed_short_ordinary,4,ordinary-first,1,1,3,37,2,451500,449227,452032
mixed_short_ordinary,4,ordinary-first,1,1,3,37,3,535657,524147,594788
mixed_short_ordinary,4,ordinary-first,1,1,3,37,4,662074,661170,713385
mixed_short_ordinary,4,ordinary-first,1,1,3,38,1,239235,236000,240192
mixed_short_ordinary,4,ordinary-first,1,1,3,38,2,467526,459926,471859
mixed_short_ordinary,4,ordinary-first,1,1,3,38,3,581292,556490,619432
mixed_short_ordinary,4,ordinary-first,1,1,3,38,4,669778,639731,726974
mixed_short_ordinary,4,ordinary-first,1,1,3,39,1,240943,237873,246379
mixed_short_ordinary,4,ordinary-first,1,1,3,39,2,458088,453533,461509
mixed_short_ordinary,4,ordinary-first,1,1,3,39,3,535928,533052,570563
mixed_short_ordinary,4,ordinary-first,1,1,3,39,4,643656,620011,681724
mixed_short_ordinary,4,ordinary-first,1,1,3,3,1,243383,239506,244605
mixed_short_ordinary,4,ordinary-first,1,1,3,3,2,476147,473982,500592
mixed_short_ordinary,4,ordinary-first,1,1,3,3,3,542500,531089,577215
mixed_short_ordinary,4,ordinary-first,1,1,3,3,4,657535,645752,667533
mixed_short_ordinary,4,ordinary-first,1,1,3,4,1,237973,237412,248933
mixed_short_ordinary,4,ordinary-first,1,1,3,4,2,461805,461044,466138
mixed_short_ordinary,4,ordinary-first,1,1,3,4,3,548080,545366,555976
mixed_short_ordinary,4,ordinary-first,1,1,3,4,4,682231,673840,706130
mixed_short_ordinary,4,ordinary-first,1,1,3,5,1,240939,237402,265731
mixed_short_ordinary,4,ordinary-first,1,1,3,5,2,459300,449808,468417
mixed_short_ordinary,4,ordinary-first,1,1,3,5,3,535958,533348,540167
mixed_short_ordinary,4,ordinary-first,1,1,3,5,4,654449,648474,694923
mixed_short_ordinary,4,ordinary-first,1,1,3,6,1,241199,236080,245948
mixed_short_ordinary,4,ordinary-first,1,1,3,6,2,463269,452612,491746
mixed_short_ordinary,4,ordinary-first,1,1,3,6,3,548641,543612,614264
mixed_short_ordinary,4,ordinary-first,1,1,3,6,4,656021,648477,706484
mixed_short_ordinary,4,ordinary-first,1,1,3,7,1,240267,237522,284041
mixed_short_ordinary,4,ordinary-first,1,1,3,7,2,464310,445109,477083
mixed_short_ordinary,4,ordinary-first,1,1,3,7,3,541668,535518,543813
mixed_short_ordinary,4,ordinary-first,1,1,3,7,4,665900,631085,721122
mixed_short_ordinary,4,ordinary-first,1,1,3,8,1,240498,238103,243102
mixed_short_ordinary,4,ordinary-first,1,1,3,8,2,457126,455573,465457
mixed_short_ordinary,4,ordinary-first,1,1,3,8,3,619649,546999,664788
mixed_short_ordinary,4,ordinary-first,1,1,3,8,4,667012,662781,689735
mixed_short_ordinary,4,ordinary-first,1,1,3,9,1,238694,234247,267588
mixed_short_ordinary,4,ordinary-first,1,1,3,9,2,463804,456129,523924
mixed_short_ordinary,4,ordinary-first,1,1,3,9,3,535667,527463,536098
mixed_short_ordinary,4,ordinary-first,1,1,3,9,4,630865,625154,679596
mixed_short_ordinary,4,ordinary-first,1,2,1,0,1,263491,262018,317381
mixed_short_ordinary,4,ordinary-first,1,2,1,0,2,353258,347237,364439
mixed_short_ordinary,4,ordinary-first,1,2,1,0,3,422236,421816,424410
mixed_short_ordinary,4,ordinary-first,1,2,1,0,4,569288,545796,572667
mixed_short_ordinary,4,ordinary-first,1,2,1,10,1,262308,259262,272077
mixed_short_ordinary,4,ordinary-first,1,2,1,10,2,371332,348959,399845
mixed_short_ordinary,4,ordinary-first,1,2,1,10,3,427766,426003,433958
mixed_short_ordinary,4,ordinary-first,1,2,1,10,4,534862,526009,628871
mixed_short_ordinary,4,ordinary-first,1,2,1,11,1,279250,261988,336480
mixed_short_ordinary,4,ordinary-first,1,2,1,11,2,349211,347677,367138
mixed_short_ordinary,4,ordinary-first,1,2,1,11,3,431814,429350,432749
mixed_short_ordinary,4,ordinary-first,1,2,1,11,4,547760,525940,572665
mixed_short_ordinary,4,ordinary-first,1,2,1,12,1,327680,263852,363286
mixed_short_ordinary,4,ordinary-first,1,2,1,12,2,379687,346195,392300
mixed_short_ordinary,4,ordinary-first,1,2,1,12,3,446992,420238,447293
mixed_short_ordinary,4,ordinary-first,1,2,1,12,4,551617,541627,623863
mixed_short_ordinary,4,ordinary-first,1,2,1,13,1,263410,262639,270454
mixed_short_ordinary,4,ordinary-first,1,2,1,13,2,352571,348880,369908
mixed_short_ordinary,4,ordinary-first,1,2,1,13,3,445790,423118,460257
mixed_short_ordinary,4,ordinary-first,1,2,1,13,4,554342,527726,670828
mixed_short_ordinary,4,ordinary-first,1,2,1,14,1,262509,253872,305048
mixed_short_ordinary,4,ordinary-first,1,2,1,14,2,362535,357475,398903
mixed_short_ordinary,4,ordinary-first,1,2,1,14,3,456640,428899,537730
mixed_short_ordinary,4,ordinary-first,1,2,1,14,4,585534,566757,637900
mixed_short_ordinary,4,ordinary-first,1,2,1,15,1,268360,263841,273825
mixed_short_ordinary,4,ordinary-first,1,2,1,15,2,354360,348700,362480
mixed_short_ordinary,4,ordinary-first,1,2,1,15,3,437334,422217,448235
mixed_short_ordinary,4,ordinary-first,1,2,1,15,4,564842,546498,567191
mixed_short_ordinary,4,ordinary-first,1,2,1,16,1,263852,262890,299688
mixed_short_ordinary,4,ordinary-first,1,2,1,16,2,376421,342788,382753
mixed_short_ordinary,4,ordinary-first,1,2,1,16,3,422668,418820,444388
mixed_short_ordinary,4,ordinary-first,1,2,1,16,4,601782,511673,624823
mixed_short_ordinary,4,ordinary-first,1,2,1,17,1,264032,262780,338000
mixed_short_ordinary,4,ordinary-first,1,2,1,17,2,354560,353418,372924
mixed_short_ordinary,4,ordinary-first,1,2,1,17,3,435511,429830,438802
mixed_short_ordinary,4,ordinary-first,1,2,1,17,4,546528,543511,550155
mixed_short_ordinary,4,ordinary-first,1,2,1,18,1,269342,268621,270494
mixed_short_ordinary,4,ordinary-first,1,2,1,18,2,359830,357005,429821
mixed_short_ordinary,4,ordinary-first,1,2,1,18,3,474620,431659,518963
mixed_short_ordinary,4,ordinary-first,1,2,1,18,4,580626,578086,612922
mixed_short_ordinary,4,ordinary-first,1,2,1,19,1,272227,266451,311109
mixed_short_ordinary,4,ordinary-first,1,2,1,19,2,358889,342929,433506
mixed_short_ordinary,4,ordinary-first,1,2,1,19,3,476117,427637,575387
mixed_short_ordinary,4,ordinary-first,1,2,1,19,4,606690,509083,616998
mixed_short_ordinary,4,ordinary-first,1,2,1,1,1,260214,256137,264353
mixed_short_ordinary,4,ordinary-first,1,2,1,1,2,357826,352366,381200
mixed_short_ordinary,4,ordinary-first,1,2,1,1,3,448140,446191,465417
mixed_short_ordinary,4,ordinary-first,1,2,1,1,4,559902,522893,621429
mixed_short_ordinary,4,ordinary-first,1,2,1,20,1,263019,262238,264112
mixed_short_ordinary,4,ordinary-first,1,2,1,20,2,369297,354030,376261
mixed_short_ordinary,4,ordinary-first,1,2,1,20,3,438206,420472,466910
mixed_short_ordinary,4,ordinary-first,1,2,1,20,4,633701,590931,700606
mixed_short_ordinary,4,ordinary-first,1,2,1,21,1,270017,260906,270514
mixed_short_ordinary,4,ordinary-first,1,2,1,21,2,397019,361628,441060
mixed_short_ordinary,4,ordinary-first,1,2,1,21,3,452862,437320,545846
mixed_short_ordinary,4,ordinary-first,1,2,1,21,4,569099,536599,662569
mixed_short_ordinary,4,ordinary-first,1,2,1,22,1,263181,258842,265544
mixed_short_ordinary,4,ordinary-first,1,2,1,22,2,356934,351174,377648
mixed_short_ordinary,4,ordinary-first,1,2,1,22,3,425812,424119,443295
mixed_short_ordinary,4,ordinary-first,1,2,1,22,4,555655,543342,602049
mixed_short_ordinary,4,ordinary-first,1,2,1,23,1,265474,260766,265504
mixed_short_ordinary,4,ordinary-first,1,2,1,23,2,346415,345910,370991
mixed_short_ordinary,4,ordinary-first,1,2,1,23,3,438687,419141,451436
mixed_short_ordinary,4,ordinary-first,1,2,1,23,4,563931,537185,612762
mixed_short_ordinary,4,ordinary-first,1,2,1,24,1,295520,260235,320974
mixed_short_ordinary,4,ordinary-first,1,2,1,24,2,371458,353789,383019
mixed_short_ordinary,4,ordinary-first,1,2,1,24,3,452814,438957,453585
mixed_short_ordinary,4,ordinary-first,1,2,1,24,4,533373,532171,608321
mixed_short_ordinary,4,ordinary-first,1,2,1,25,1,266316,263731,268059
mixed_short_ordinary,4,ordinary-first,1,2,1,25,2,371482,331337,456599
mixed_short_ordinary,4,ordinary-first,1,2,1,25,3,432215,429960,463458
mixed_short_ordinary,4,ordinary-first,1,2,1,25,4,630564,564848,675610
mixed_short_ordinary,4,ordinary-first,1,2,1,26,1,263821,262920,266256
mixed_short_ordinary,4,ordinary-first,1,2,1,26,2,361964,354590,406227
mixed_short_ordinary,4,ordinary-first,1,2,1,26,3,456550,441752,578539
mixed_short_ordinary,4,ordinary-first,1,2,1,26,4,535163,522724,543734
mixed_short_ordinary,4,ordinary-first,1,2,1,27,1,264453,254925,265644
mixed_short_ordinary,4,ordinary-first,1,2,1,27,2,363648,355562,365611
mixed_short_ordinary,4,ordinary-first,1,2,1,27,3,431033,426935,452743
mixed_short_ordinary,4,ordinary-first,1,2,1,27,4,581989,573478,639992
mixed_short_ordinary,4,ordinary-first,1,2,1,28,1,263170,262679,263841
mixed_short_ordinary,4,ordinary-first,1,2,1,28,2,350142,347708,363668
mixed_short_ordinary,4,ordinary-first,1,2,1,28,3,485244,439027,496455
mixed_short_ordinary,4,ordinary-first,1,2,1,28,4,563578,532962,749334
mixed_short_ordinary,4,ordinary-first,1,2,1,29,1,260896,260355,269702
mixed_short_ordinary,4,ordinary-first,1,2,1,29,2,361704,351254,445991
mixed_short_ordinary,4,ordinary-first,1,2,1,29,3,460948,440751,525358
mixed_short_ordinary,4,ordinary-first,1,2,1,29,4,553746,545843,570503
mixed_short_ordinary,4,ordinary-first,1,2,1,2,1,290131,267718,332210
mixed_short_ordinary,4,ordinary-first,1,2,1,2,2,357316,354540,364408
mixed_short_ordinary,4,ordinary-first,1,2,1,2,3,439919,435330,447173
mixed_short_ordinary,4,ordinary-first,1,2,1,2,4,596691,556847,608694
mixed_short_ordinary,4,ordinary-first,1,2,1,30,1,268970,262048,272487
mixed_short_ordinary,4,ordinary-first,1,2,1,30,2,369639,353297,370811
mixed_short_ordinary,4,ordinary-first,1,2,1,30,3,510250,421846,551828
mixed_short_ordinary,4,ordinary-first,1,2,1,30,4,569290,543463,635743
mixed_short_ordinary,4,ordinary-first,1,2,1,31,1,266346,264983,342787
mixed_short_ordinary,4,ordinary-first,1,2,1,31,2,355522,350483,391479
mixed_short_ordinary,4,ordinary-first,1,2,1,31,3,444238,437465,454792
mixed_short_ordinary,4,ordinary-first,1,2,1,31,4,584709,565499,588787
mixed_short_ordinary,4,ordinary-first,1,2,1,32,1,263481,261026,269188
mixed_short_ordinary,4,ordinary-first,1,2,1,32,2,347286,343760,367084
mixed_short_ordinary,4,ordinary-first,1,2,1,32,3,449403,446892,477730
mixed_short_ordinary,4,ordinary-first,1,2,1,32,4,566019,550923,567942
mixed_short_ordinary,4,ordinary-first,1,2,1,33,1,265454,252259,275683
mixed_short_ordinary,4,ordinary-first,1,2,1,33,2,359409,353488,378189
mixed_short_ordinary,4,ordinary-first,1,2,1,33,3,431083,427767,439769
mixed_short_ordinary,4,ordinary-first,1,2,1,33,4,541468,540887,580354
mixed_short_ordinary,4,ordinary-first,1,2,1,34,1,269061,265464,271921
mixed_short_ordinary,4,ordinary-first,1,2,1,34,2,352957,352165,357015
mixed_short_ordinary,4,ordinary-first,1,2,1,34,3,422221,421946,430622
mixed_short_ordinary,4,ordinary-first,1,2,1,34,4,554713,552234,563594
mixed_short_ordinary,4,ordinary-first,1,2,1,35,1,261828,261777,269161
mixed_short_ordinary,4,ordinary-first,1,2,1,35,2,387301,365907,420654
mixed_short_ordinary,4,ordinary-first,1,2,1,35,3,443787,432265,447860
mixed_short_ordinary,4,ordinary-first,1,2,1,35,4,550696,533053,583296
mixed_short_ordinary,4,ordinary-first,1,2,1,36,1,265465,265319,292880
mixed_short_ordinary,4,ordinary-first,1,2,1,36,2,349286,348048,365280
mixed_short_ordinary,4,ordinary-first,1,2,1,36,3,443631,428688,490504
mixed_short_ordinary,4,ordinary-first,1,2,1,36,4,535848,530949,586053
mixed_short_ordinary,4,ordinary-first,1,2,1,37,1,251869,251528,265258
mixed_short_ordinary,4,ordinary-first,1,2,1,37,2,357656,351791,368306
mixed_short_ordinary,4,ordinary-first,1,2,1,37,3,429369,425603,446622
mixed_short_ordinary,4,ordinary-first,1,2,1,37,4,545021,539986,559001
mixed_short_ordinary,4,ordinary-first,1,2,1,38,1,266266,265345,329824
mixed_short_ordinary,4,ordinary-first,1,2,1,38,2,357310,349822,378476
mixed_short_ordinary,4,ordinary-first,1,2,1,38,3,437245,421376,459957
mixed_short_ordinary,4,ordinary-first,1,2,1,38,4,584920,510661,609575
mixed_short_ordinary,4,ordinary-first,1,2,1,39,1,262620,261306,264282
mixed_short_ordinary,4,ordinary-first,1,2,1,39,2,355046,351865,402379
mixed_short_ordinary,4,ordinary-first,1,2,1,39,3,512234,440140,601109
mixed_short_ordinary,4,ordinary-first,1,2,1,39,4,552748,551127,553350
mixed_short_ordinary,4,ordinary-first,1,2,1,3,1,266401,265304,318572
mixed_short_ordinary,4,ordinary-first,1,2,1,3,2,357045,343569,384225
mixed_short_ordinary,4,ordinary-first,1,2,1,3,3,439288,434599,495523
mixed_short_ordinary,4,ordinary-first,1,2,1,3,4,562758,551256,573537
mixed_short_ordinary,4,ordinary-first,1,2,1,4,1,263220,261697,266687
mixed_short_ordinary,4,ordinary-first,1,2,1,4,2,385207,376542,423939
mixed_short_ordinary,4,ordinary-first,1,2,1,4,3,432916,431714,445309
mixed_short_ordinary,4,ordinary-first,1,2,1,4,4,545275,531256,566444
mixed_short_ordinary,4,ordinary-first,1,2,1,5,1,263300,254905,268700
mixed_short_ordinary,4,ordinary-first,1,2,1,5,2,366272,346295,439908
mixed_short_ordinary,4,ordinary-first,1,2,1,5,3,440290,426029,473487
mixed_short_ordinary,4,ordinary-first,1,2,1,5,4,552789,521366,587043
mixed_short_ordinary,4,ordinary-first,1,2,1,6,1,253993,251027,269452
mixed_short_ordinary,4,ordinary-first,1,2,1,6,2,366608,363677,414351
mixed_short_ordinary,4,ordinary-first,1,2,1,6,3,451521,446472,476667
mixed_short_ordinary,4,ordinary-first,1,2,1,6,4,576872,563569,583247
mixed_short_ordinary,4,ordinary-first,1,2,1,7,1,262368,261808,263641
mixed_short_ordinary,4,ordinary-first,1,2,1,7,2,350723,343680,363928
mixed_short_ordinary,4,ordinary-first,1,2,1,7,3,437926,431790,454266
mixed_short_ordinary,4,ordinary-first,1,2,1,7,4,605434,598515,781595
mixed_short_ordinary,4,ordinary-first,1,2,1,8,1,260646,252721,265254
mixed_short_ordinary,4,ordinary-first,1,2,1,8,2,357977,357811,414537
mixed_short_ordinary,4,ordinary-first,1,2,1,8,3,427226,423199,439398
mixed_short_ordinary,4,ordinary-first,1,2,1,8,4,618066,599142,653308
mixed_short_ordinary,4,ordinary-first,1,2,1,9,1,262719,261557,264343
mixed_short_ordinary,4,ordinary-first,1,2,1,9,2,361258,351295,362825
mixed_short_ordinary,4,ordinary-first,1,2,1,9,3,426494,411206,451366
mixed_short_ordinary,4,ordinary-first,1,2,1,9,4,568090,566885,631908
mixed_short_ordinary,4,ordinary-first,1,2,2,0,1,286173,285652,331317
mixed_short_ordinary,4,ordinary-first,1,2,2,0,2,508857,508322,520609
mixed_short_ordinary,4,ordinary-first,1,2,2,0,3,630655,567647,649556
mixed_short_ordinary,4,ordinary-first,1,2,2,0,4,749726,669171,929250
mixed_short_ordinary,4,ordinary-first,1,2,2,10,1,285292,281940,289128
mixed_short_ordinary,4,ordinary-first,1,2,2,10,2,528715,504460,529166
mixed_short_ordinary,4,ordinary-first,1,2,2,10,3,593436,592133,594708
mixed_short_ordinary,4,ordinary-first,1,2,2,10,4,735389,703540,757131
mixed_short_ordinary,4,ordinary-first,1,2,2,11,1,284359,276996,353228
mixed_short_ordinary,4,ordinary-first,1,2,2,11,2,514924,513117,593429
mixed_short_ordinary,4,ordinary-first,1,2,2,11,3,598530,591472,607611
mixed_short_ordinary,4,ordinary-first,1,2,2,11,4,735790,679165,765195
mixed_short_ordinary,4,ordinary-first,1,2,2,12,1,324694,287065,341757
mixed_short_ordinary,4,ordinary-first,1,2,2,12,2,505221,500006,515580
mixed_short_ordinary,4,ordinary-first,1,2,2,12,3,591401,588746,604245
mixed_short_ordinary,4,ordinary-first,1,2,2,12,4,707975,686588,735746
mixed_short_ordinary,4,ordinary-first,1,2,2,13,1,292595,290140,294544
mixed_short_ordinary,4,ordinary-first,1,2,2,13,2,514107,506874,544624
mixed_short_ordinary,4,ordinary-first,1,2,2,13,3,571935,569816,700013
mixed_short_ordinary,4,ordinary-first,1,2,2,13,4,702278,685316,766013
mixed_short_ordinary,4,ordinary-first,1,2,2,14,1,309937,291613,328732
mixed_short_ordinary,4,ordinary-first,1,2,2,14,2,531319,517323,554002
mixed_short_ordinary,4,ordinary-first,1,2,2,14,3,579480,575066,593566
mixed_short_ordinary,4,ordinary-first,1,2,2,14,4,702848,698410,755115
mixed_short_ordinary,4,ordinary-first,1,2,2,15,1,359811,284490,362356
mixed_short_ordinary,4,ordinary-first,1,2,2,15,2,521772,503678,594065
mixed_short_ordinary,4,ordinary-first,1,2,2,15,3,598791,578517,604336
mixed_short_ordinary,4,ordinary-first,1,2,2,15,4,712438,705453,777840
mixed_short_ordinary,4,ordinary-first,1,2,2,16,1,287816,280142,291182
mixed_short_ordinary,4,ordinary-first,1,2,2,16,2,512344,506704,531019
mixed_short_ordinary,4,ordinary-first,1,2,2,16,3,591170,559918,605057
mixed_short_ordinary,4,ordinary-first,1,2,2,16,4,897261,758893,916387
mixed_short_ordinary,4,ordinary-first,1,2,2,17,1,290992,283589,294894
mixed_short_ordinary,4,ordinary-first,1,2,2,17,2,604495,528774,639706
mixed_short_ordinary,4,ordinary-first,1,2,2,17,3,596240,567327,693177
mixed_short_ordinary,4,ordinary-first,1,2,2,17,4,704402,685166,740490
mixed_short_ordinary,4,ordinary-first,1,2,2,18,1,289228,279180,447123
mixed_short_ordinary,4,ordinary-first,1,2,2,18,2,541718,497031,695133
mixed_short_ordinary,4,ordinary-first,1,2,2,18,3,589102,577276,597984
mixed_short_ordinary,4,ordinary-first,1,2,2,18,4,751900,695529,766106
mixed_short_ordinary,4,ordinary-first,1,2,2,19,1,284710,279040,297985
mixed_short_ordinary,4,ordinary-first,1,2,2,19,2,511052,506033,527953
mixed_short_ordinary,4,ordinary-first,1,2,2,19,3,593801,589849,702430
mixed_short_ordinary,4,ordinary-first,1,2,2,19,4,700134,675303,736111
mixed_short_ordinary,4,ordinary-first,1,2,2,1,1,290220,288928,290792
mixed_short_ordinary,4,ordinary-first,1,2,2,1,2,501744,500853,534666
mixed_short_ordinary,4,ordinary-first,1,2,2,1,3,587765,563961,623155
mixed_short_ordinary,4,ordinary-first,1,2,2,1,4,742075,717640,763709
mixed_short_ordinary,4,ordinary-first,1,2,2,20,1,288737,287496,290341
mixed_short_ordinary,4,ordinary-first,1,2,2,20,2,518561,510206,544424
mixed_short_ordinary,4,ordinary-first,1,2,2,20,3,591972,586953,616137
mixed_short_ordinary,4,ordinary-first,1,2,2,20,4,691852,678744,817641
mixed_short_ordinary,4,ordinary-first,1,2,2,21,1,288267,286744,288527
mixed_short_ordinary,4,ordinary-first,1,2,2,21,2,508857,508191,515380
mixed_short_ordinary,4,ordinary-first,1,2,2,21,3,591552,579394,622030
mixed_short_ordinary,4,ordinary-first,1,2,2,21,4,703891,692760,704863
mixed_short_ordinary,4,ordinary-first,1,2,2,22,1,284700,267774,290842
mixed_short_ordinary,4,ordinary-first,1,2,2,22,2,550349,514047,561090
mixed_short_ordinary,4,ordinary-first,1,2,2,22,3,598324,588416,609421
mixed_short_ordinary,4,ordinary-first,1,2,2,22,4,713258,682215,835486
mixed_short_ordinary,4,ordinary-first,1,2,2,23,1,295093,284139,312061
mixed_short_ordinary,4,ordinary-first,1,2,2,23,2,534785,514549,557017
mixed_short_ordinary,4,ordinary-first,1,2,2,23,3,598665,585851,611609
mixed_short_ordinary,4,ordinary-first,1,2,2,23,4,681860,678979,716932
mixed_short_ordinary,4,ordinary-first,1,2,2,24,1,287876,280331,290081
mixed_short_ordinary,4,ordinary-first,1,2,2,24,2,504244,504049,513877
mixed_short_ordinary,4,ordinary-first,1,2,2,24,3,595875,581989,598233
mixed_short_ordinary,4,ordinary-first,1,2,2,24,4,711966,677232,846337
mixed_short_ordinary,4,ordinary-first,1,2,2,25,1,287204,286493,289829
mixed_short_ordinary,4,ordinary-first,1,2,2,25,2,516858,507044,538889
mixed_short_ordinary,4,ordinary-first,1,2,2,25,3,590640,582009,608203
mixed_short_ordinary,4,ordinary-first,1,2,2,25,4,736843,690235,773251
mixed_short_ordinary,4,ordinary-first,1,2,2,26,1,290250,277992,328873
mixed_short_ordinary,4,ordinary-first,1,2,2,26,2,515349,507445,543132
mixed_short_ordinary,4,ordinary-first,1,2,2,26,3,636766,581863,709191
mixed_short_ordinary,4,ordinary-first,1,2,2,26,4,711114,676590,877778
mixed_short_ordinary,4,ordinary-first,1,2,2,27,1,287866,286714,289179
mixed_short_ordinary,4,ordinary-first,1,2,2,27,2,509068,497371,526300
mixed_short_ordinary,4,ordinary-first,1,2,2,27,3,577731,572192,606489
mixed_short_ordinary,4,ordinary-first,1,2,2,27,4,748044,685106,772278
mixed_short_ordinary,4,ordinary-first,1,2,2,28,1,283658,280678,290882
mixed_short_ordinary,4,ordinary-first,1,2,2,28,2,510801,493784,536549
mixed_short_ordinary,4,ordinary-first,1,2,2,28,3,582805,579048,639350
mixed_short_ordinary,4,ordinary-first,1,2,2,28,4,730340,686028,833668
mixed_short_ordinary,4,ordinary-first,1,2,2,29,1,290962,288988,292165
mixed_short_ordinary,4,ordinary-first,1,2,2,29,2,527873,512284,534776
mixed_short_ordinary,4,ordinary-first,1,2,2,29,3,589047,570213,616107
mixed_short_ordinary,4,ordinary-first,1,2,2,29,4,700674,674466,744477
mixed_short_ordinary,4,ordinary-first,1,2,2,2,1,289640,289168,295480
mixed_short_ordinary,4,ordinary-first,1,2,2,2,2,509814,495372,530779
mixed_short_ordinary,4,ordinary-first,1,2,2,2,3,590780,584258,617680
mixed_short_ordinary,4,ordinary-first,1,2,2,2,4,733275,694034,761939
mixed_short_ordinary,4,ordinary-first,1,2,2,30,1,291613,288907,294148
mixed_short_ordinary,4,ordinary-first,1,2,2,30,2,511673,508938,512064
mixed_short_ordinary,4,ordinary-first,1,2,2,30,3,570643,567327,625875
mixed_short_ordinary,4,ordinary-first,1,2,2,30,4,703754,699643,757621
mixed_short_ordinary,4,ordinary-first,1,2,2,31,1,287686,283082,290647
mixed_short_ordinary,4,ordinary-first,1,2,2,31,2,509784,489191,521912
mixed_short_ordinary,4,ordinary-first,1,2,2,31,3,643278,583236,780520
mixed_short_ordinary,4,ordinary-first,1,2,2,31,4,769564,686018,791549
mixed_short_ordinary,4,ordinary-first,1,2,2,32,1,291453,291319,293316
mixed_short_ordinary,4,ordinary-first,1,2,2,32,2,525298,519578,536003
mixed_short_ordinary,4,ordinary-first,1,2,2,32,3,644670,589638,772931
mixed_short_ordinary,4,ordinary-first,1,2,2,32,4,722923,678649,769289
mixed_short_ordinary,4,ordinary-first,1,2,2,33,1,288772,280112,289208
mixed_short_ordinary,4,ordinary-first,1,2,2,33,2,509429,504620,516161
mixed_short_ordinary,4,ordinary-first,1,2,2,33,3,583432,570843,645412
mixed_short_ordinary,4,ordinary-first,1,2,2,33,4,831915,695315,897844
mixed_short_ordinary,4,ordinary-first,1,2,2,34,1,289839,281745,308655
mixed_short_ordinary,4,ordinary-first,1,2,2,34,2,509783,492427,536328
mixed_short_ordinary,4,ordinary-first,1,2,2,34,3,602262,591176,677171
mixed_short_ordinary,4,ordinary-first,1,2,2,34,4,720402,705454,723788
mixed_short_ordinary,4,ordinary-first,1,2,2,35,1,288677,271686,307262
mixed_short_ordinary,4,ordinary-first,1,2,2,35,2,596770,531610,755818
mixed_short_ordinary,4,ordinary-first,1,2,2,35,3,591546,580214,649549
mixed_short_ordinary,4,ordinary-first,1,2,2,35,4,690561,677732,761448
mixed_short_ordinary,4,ordinary-first,1,2,2,36,1,290165,282787,297805
mixed_short_ordinary,4,ordinary-first,1,2,2,36,2,514188,512845,516482
mixed_short_ordinary,4,ordinary-first,1,2,2,36,3,606409,588847,616234
mixed_short_ordinary,4,ordinary-first,1,2,2,36,4,707548,707226,823664
mixed_short_ordinary,4,ordinary-first,1,2,2,37,1,308339,292575,309250
mixed_short_ordinary,4,ordinary-first,1,2,2,37,2,529661,521541,538082
mixed_short_ordinary,4,ordinary-first,1,2,2,37,3,594880,592273,608793
mixed_short_ordinary,4,ordinary-first,1,2,2,37,4,688382,681989,692229
mixed_short_ordinary,4,ordinary-first,1,2,2,38,1,293797,282085,422458
mixed_short_ordinary,4,ordinary-first,1,2,2,38,2,515049,511382,523179
mixed_short_ordinary,4,ordinary-first,1,2,2,38,3,582735,566255,584524
mixed_short_ordinary,4,ordinary-first,1,2,2,38,4,696707,679846,704328
mixed_short_ordinary,4,ordinary-first,1,2,2,39,1,296993,285812,299327
mixed_short_ordinary,4,ordinary-first,1,2,2,39,2,522693,506653,525569
mixed_short_ordinary,4,ordinary-first,1,2,2,39,3,589328,574250,616098
mixed_short_ordinary,4,ordinary-first,1,2,2,39,4,706656,705834,733391
mixed_short_ordinary,4,ordinary-first,1,2,2,3,1,290071,281374,325928
mixed_short_ordinary,4,ordinary-first,1,2,2,3,2,503528,500627,563815
mixed_short_ordinary,4,ordinary-first,1,2,2,3,3,594667,591461,602332
mixed_short_ordinary,4,ordinary-first,1,2,2,3,4,704993,700684,787186
mixed_short_ordinary,4,ordinary-first,1,2,2,4,1,287766,281434,307693
mixed_short_ordinary,4,ordinary-first,1,2,2,4,2,509223,504299,514754
mixed_short_ordinary,4,ordinary-first,1,2,2,4,3,600559,587885,738155
mixed_short_ordinary,4,ordinary-first,1,2,2,4,4,699056,681030,743956
mixed_short_ordinary,4,ordinary-first,1,2,2,5,1,286138,265354,348499
mixed_short_ordinary,4,ordinary-first,1,2,2,5,2,508670,495898,523655
mixed_short_ordinary,4,ordinary-first,1,2,2,5,3,598235,591732,606990
mixed_short_ordinary,4,ordinary-first,1,2,2,5,4,686168,672652,786214
mixed_short_ordinary,4,ordinary-first,1,2,2,6,1,280071,272968,318433
mixed_short_ordinary,4,ordinary-first,1,2,2,6,2,534526,506173,555903
mixed_short_ordinary,4,ordinary-first,1,2,2,6,3,580150,572416,617077
mixed_short_ordinary,4,ordinary-first,1,2,2,6,4,701647,686258,725491
mixed_short_ordinary,4,ordinary-first,1,2,2,7,1,284019,283959,286344
mixed_short_ordinary,4,ordinary-first,1,2,2,7,2,507335,480184,517118
mixed_short_ordinary,4,ordinary-first,1,2,2,7,3,648868,591526,649534
mixed_short_ordinary,4,ordinary-first,1,2,2,7,4,692019,690912,733706
mixed_short_ordinary,4,ordinary-first,1,2,2,8,1,287796,284590,289038
mixed_short_ordinary,4,ordinary-first,1,2,2,8,2,504299,501494,517308
mixed_short_ordinary,4,ordinary-first,1,2,2,8,3,594307,577515,879699
mixed_short_ordinary,4,ordinary-first,1,2,2,8,4,720577,695355,726590
mixed_short_ordinary,4,ordinary-first,1,2,2,9,1,281785,279109,288808
mixed_short_ordinary,4,ordinary-first,1,2,2,9,2,530828,510080,625716
mixed_short_ordinary,4,ordinary-first,1,2,2,9,3,589193,586012,621808
mixed_short_ordinary,4,ordinary-first,1,2,2,9,4,728236,661562,824836
mixed_short_ordinary,4,ordinary-first,1,2,3,0,1,262569,261327,268214
mixed_short_ordinary,4,ordinary-first,1,2,3,0,2,483115,459957,510636
mixed_short_ordinary,4,ordinary-first,1,2,3,0,3,593927,534846,810019
mixed_short_ordinary,4,ordinary-first,1,2,3,0,4,706818,689204,727855
mixed_short_ordinary,4,ordinary-first,1,2,3,10,1,263270,262248,351370
mixed_short_ordinary,4,ordinary-first,1,2,3,10,2,485735,472123,493244
mixed_short_ordinary,4,ordinary-first,1,2,3,10,3,571734,564682,579765
mixed_short_ordinary,4,ordinary-first,1,2,3,10,4,692139,659398,749178
mixed_short_ordinary,4,ordinary-first,1,2,3,11,1,281174,265344,284119
mixed_short_ordinary,4,ordinary-first,1,2,3,11,2,474053,468833,484548
mixed_short_ordinary,4,ordinary-first,1,2,3,11,3,545014,536154,585902
mixed_short_ordinary,4,ordinary-first,1,2,3,11,4,677582,652626,691247
mixed_short_ordinary,4,ordinary-first,1,2,3,12,1,270453,261757,318183
mixed_short_ordinary,4,ordinary-first,1,2,3,12,2,499219,485925,562698
mixed_short_ordinary,4,ordinary-first,1,2,3,12,3,556787,549093,571866
mixed_short_ordinary,4,ordinary-first,1,2,3,12,4,648257,647095,656442
mixed_short_ordinary,4,ordinary-first,1,2,3,13,1,259458,257730,266802
mixed_short_ordinary,4,ordinary-first,1,2,3,13,2,478857,470792,523805
mixed_short_ordinary,4,ordinary-first,1,2,3,13,3,554541,541809,592082
mixed_short_ordinary,4,ordinary-first,1,2,3,13,4,691122,662543,781255
mixed_short_ordinary,4,ordinary-first,1,2,3,14,1,264944,263195,267057
mixed_short_ordinary,4,ordinary-first,1,2,3,14,2,470075,465888,477412
mixed_short_ordinary,4,ordinary-first,1,2,3,14,3,540091,531189,556186
mixed_short_ordinary,4,ordinary-first,1,2,3,14,4,689054,686215,690422
mixed_short_ordinary,4,ordinary-first,1,2,3,15,1,260415,260024,265364
mixed_short_ordinary,4,ordinary-first,1,2,3,15,2,476793,474608,526060
mixed_short_ordinary,4,ordinary-first,1,2,3,15,3,551547,544835,576744
mixed_short_ordinary,4,ordinary-first,1,2,3,15,4,661408,660650,741120
mixed_short_ordinary,4,ordinary-first,1,2,3,16,1,265485,263907,276509
mixed_short_ordinary,4,ordinary-first,1,2,3,16,2,478521,467610,488675
mixed_short_ordinary,4,ordinary-first,1,2,3,16,3,554598,545235,637395
mixed_short_ordinary,4,ordinary-first,1,2,3,16,4,714146,661829,721483
mixed_short_ordinary,4,ordinary-first,1,2,3,17,1,267067,265775,281875
mixed_short_ordinary,4,ordinary-first,1,2,3,17,2,479764,467155,546017
mixed_short_ordinary,4,ordinary-first,1,2,3,17,3,572176,555886,576263
mixed_short_ordinary,4,ordinary-first,1,2,3,17,4,672842,646193,704196
mixed_short_ordinary,4,ordinary-first,1,2,3,18,1,262974,261166,339337
mixed_short_ordinary,4,ordinary-first,1,2,3,18,2,465717,461078,495082
mixed_short_ordinary,4,ordinary-first,1,2,3,18,3,553010,550896,662425
mixed_short_ordinary,4,ordinary-first,1,2,3,18,4,694906,676610,706967
mixed_short_ordinary,4,ordinary-first,1,2,3,19,1,267313,262619,268681
mixed_short_ordinary,4,ordinary-first,1,2,3,19,2,492938,480375,513426
mixed_short_ordinary,4,ordinary-first,1,2,3,19,3,553190,540903,556516
mixed_short_ordinary,4,ordinary-first,1,2,3,19,4,664684,639842,682741
mixed_short_ordinary,4,ordinary-first,1,2,3,1,1,264984,263356,268660
mixed_short_ordinary,4,ordinary-first,1,2,3,1,2,466985,456304,467871
mixed_short_ordinary,4,ordinary-first,1,2,3,1,3,572957,535988,591521
mixed_short_ordinary,4,ordinary-first,1,2,3,1,4,712601,670498,769974
mixed_short_ordinary,4,ordinary-first,1,2,3,20,1,263566,262920,284425
mixed_short_ordinary,4,ordinary-first,1,2,3,20,2,457817,456180,468663
mixed_short_ordinary,4,ordinary-first,1,2,3,20,3,548140,539855,562878
mixed_short_ordinary,4,ordinary-first,1,2,3,20,4,683580,675138,695696
mixed_short_ordinary,4,ordinary-first,1,2,3,21,1,273649,259884,328772
mixed_short_ordinary,4,ordinary-first,1,2,3,21,2,474554,471378,492502
mixed_short_ordinary,4,ordinary-first,1,2,3,21,3,555605,552519,598423
mixed_short_ordinary,4,ordinary-first,1,2,3,21,4,695403,676139,834887
mixed_short_ordinary,4,ordinary-first,1,2,3,22,1,266369,257920,287616
mixed_short_ordinary,4,ordinary-first,1,2,3,22,2,484753,466459,486877
mixed_short_ordinary,4,ordinary-first,1,2,3,22,3,584328,570412,899774
mixed_short_ordinary,4,ordinary-first,1,2,3,22,4,695554,689524,723511
mixed_short_ordinary,4,ordinary-first,1,2,3,23,1,267578,260805,271906
mixed_short_ordinary,4,ordinary-first,1,2,3,23,2,472505,468743,488911
mixed_short_ordinary,4,ordinary-first,1,2,3,23,3,553871,536088,559472
mixed_short_ordinary,4,ordinary-first,1,2,3,23,4,660369,637056,703219
mixed_short_ordinary,4,ordinary-first,1,2,3,24,1,262609,261327,262870
mixed_short_ordinary,4,ordinary-first,1,2,3,24,2,480665,476112,485955
mixed_short_ordinary,4,ordinary-first,1,2,3,24,3,598670,552404,601485
mixed_short_ordinary,4,ordinary-first,1,2,3,24,4,697871,663853,738059
mixed_short_ordinary,4,ordinary-first,1,2,3,25,1,264172,259673,274416
mixed_short_ordinary,4,ordinary-first,1,2,3,25,2,502676,499756,509028
mixed_short_ordinary,4,ordinary-first,1,2,3,25,3,556106,554062,557468
mixed_short_ordinary,4,ordinary-first,1,2,3,25,4,793323,630153,902717
mixed_short_ordinary,4,ordinary-first,1,2,3,26,1,265108,263511,266742
mixed_short_ordinary,4,ordinary-first,1,2,3,26,2,484176,481868,488500
mixed_short_ordinary,4,ordinary-first,1,2,3,26,3,604708,579379,605939
mixed_short_ordinary,4,ordinary-first,1,2,3,26,4,719029,690451,748484
mixed_short_ordinary,4,ordinary-first,1,2,3,27,1,265254,264572,282356
mixed_short_ordinary,4,ordinary-first,1,2,3,27,2,468657,460583,496309
mixed_short_ordinary,4,ordinary-first,1,2,3,27,3,544790,544669,552780
mixed_short_ordinary,4,ordinary-first,1,2,3,27,4,655838,653347,675324
mixed_short_ordinary,4,ordinary-first,1,2,3,28,1,261166,261137,279711
mixed_short_ordinary,4,ordinary-first,1,2,3,28,2,480269,468998,481292
mixed_short_ordinary,4,ordinary-first,1,2,3,28,3,555805,544213,601851
mixed_short_ordinary,4,ordinary-first,1,2,3,28,4,671831,657692,685827
mixed_short_ordinary,4,ordinary-first,1,2,3,29,1,281109,259754,302208
mixed_short_ordinary,4,ordinary-first,1,2,3,29,2,467931,464686,596857
mixed_short_ordinary,4,ordinary-first,1,2,3,29,3,567823,545617,569040
mixed_short_ordinary,4,ordinary-first,1,2,3,29,4,679776,649911,684274
mixed_short_ordinary,4,ordinary-first,1,2,3,2,1,259713,258061,264432
mixed_short_ordinary,4,ordinary-first,1,2,3,2,2,503478,457351,554718
mixed_short_ordinary,4,ordinary-first,1,2,3,2,3,597653,551998,838893
mixed_short_ordinary,4,ordinary-first,1,2,3,2,4,662614,642537,686348
mixed_short_ordinary,4,ordinary-first,1,2,3,30,1,264352,257990,289789
mixed_short_ordinary,4,ordinary-first,1,2,3,30,2,473852,465432,483175
mixed_short_ordinary,4,ordinary-first,1,2,3,30,3,541468,532902,628441
mixed_short_ordinary,4,ordinary-first,1,2,3,30,4,675282,654800,737214
mixed_short_ordinary,4,ordinary-first,1,2,3,31,1,265224,254695,293256
mixed_short_ordinary,4,ordinary-first,1,2,3,31,2,510862,463685,566966
mixed_short_ordinary,4,ordinary-first,1,2,3,31,3,542841,538938,555940
mixed_short_ordinary,4,ordinary-first,1,2,3,31,4,688502,654729,693441
mixed_short_ordinary,4,ordinary-first,1,2,3,32,1,264328,263891,265734
mixed_short_ordinary,4,ordinary-first,1,2,3,32,2,484121,475165,505662
mixed_short_ordinary,4,ordinary-first,1,2,3,32,3,612945,580361,617440
mixed_short_ordinary,4,ordinary-first,1,2,3,32,4,710433,682762,753653
mixed_short_ordinary,4,ordinary-first,1,2,3,33,1,269993,268215,383504
mixed_short_ordinary,4,ordinary-first,1,2,3,33,2,499840,482308,564496
mixed_short_ordinary,4,ordinary-first,1,2,3,33,3,548165,543022,601439
mixed_short_ordinary,4,ordinary-first,1,2,3,33,4,658486,637577,661873
mixed_short_ordinary,4,ordinary-first,1,2,3,34,1,261767,257971,272748
mixed_short_ordinary,4,ordinary-first,1,2,3,34,2,483390,478892,483566
mixed_short_ordinary,4,ordinary-first,1,2,3,34,3,581433,577891,591963
mixed_short_ordinary,4,ordinary-first,1,2,3,34,4,675643,656012,962064
mixed_short_ordinary,4,ordinary-first,1,2,3,35,1,268420,257600,351320
mixed_short_ordinary,4,ordinary-first,1,2,3,35,2,480585,460282,489466
mixed_short_ordinary,4,ordinary-first,1,2,3,35,3,551973,539439,562042
mixed_short_ordinary,4,ordinary-first,1,2,3,35,4,683651,645603,692298
mixed_short_ordinary,4,ordinary-first,1,2,3,36,1,262679,261062,263861
mixed_short_ordinary,4,ordinary-first,1,2,3,36,2,478671,466674,480154
mixed_short_ordinary,4,ordinary-first,1,2,3,36,3,542926,536409,545687
mixed_short_ordinary,4,ordinary-first,1,2,3,36,4,672697,643849,805470
mixed_short_ordinary,4,ordinary-first,1,2,3,37,1,261747,259613,316861
mixed_short_ordinary,4,ordinary-first,1,2,3,37,2,471498,470827,555664
mixed_short_ordinary,4,ordinary-first,1,2,3,37,3,596341,541107,638419
mixed_short_ordinary,4,ordinary-first,1,2,3,37,4,676574,656443,695727
mixed_short_ordinary,4,ordinary-first,1,2,3,38,1,280022,264783,285651
mixed_short_ordinary,4,ordinary-first,1,2,3,38,2,485824,482268,535718
mixed_short_ordinary,4,ordinary-first,1,2,3,38,3,578493,572511,578838
mixed_short_ordinary,4,ordinary-first,1,2,3,38,4,707463,694052,725060
mixed_short_ordinary,4,ordinary-first,1,2,3,39,1,265860,263881,273259
mixed_short_ordinary,4,ordinary-first,1,2,3,39,2,485404,479528,589663
mixed_short_ordinary,4,ordinary-first,1,2,3,39,3,547199,541008,803774
mixed_short_ordinary,4,ordinary-first,1,2,3,39,4,667964,651089,727074
mixed_short_ordinary,4,ordinary-first,1,2,3,3,1,260856,259112,263866
mixed_short_ordinary,4,ordinary-first,1,2,3,3,2,465757,461980,564134
mixed_short_ordinary,4,ordinary-first,1,2,3,3,3,563981,552819,667398
mixed_short_ordinary,4,ordinary-first,1,2,3,3,4,678353,673259,688868
mixed_short_ordinary,4,ordinary-first,1,2,3,4,1,261366,258962,264232
mixed_short_ordinary,4,ordinary-first,1,2,3,4,2,472951,460748,483160
mixed_short_ordinary,4,ordinary-first,1,2,3,4,3,563239,560048,565774
mixed_short_ordinary,4,ordinary-first,1,2,3,4,4,685066,668009,698189
mixed_short_ordinary,4,ordinary-first,1,2,3,5,1,273530,256067,309817
mixed_short_ordinary,4,ordinary-first,1,2,3,5,2,488410,479799,495573
mixed_short_ordinary,4,ordinary-first,1,2,3,5,3,565453,534191,578287
mixed_short_ordinary,4,ordinary-first,1,2,3,5,4,677892,671614,702645
mixed_short_ordinary,4,ordinary-first,1,2,3,6,1,265569,256628,266762
mixed_short_ordinary,4,ordinary-first,1,2,3,6,2,475310,470346,477609
mixed_short_ordinary,4,ordinary-first,1,2,3,6,3,553130,548822,560714
mixed_short_ordinary,4,ordinary-first,1,2,3,6,4,657294,648909,663496
mixed_short_ordinary,4,ordinary-first,1,2,3,7,1,261502,261246,264252
mixed_short_ordinary,4,ordinary-first,1,2,3,7,2,469364,453124,484302
mixed_short_ordinary,4,ordinary-first,1,2,3,7,3,568128,561736,593054
mixed_short_ordinary,4,ordinary-first,1,2,3,7,4,677101,649941,680256
mixed_short_ordinary,4,ordinary-first,1,2,3,8,1,262589,259042,264543
mixed_short_ordinary,4,ordinary-first,1,2,3,8,2,470616,463673,477765
mixed_short_ordinary,4,ordinary-first,1,2,3,8,3,598595,546548,634339
mixed_short_ordinary,4,ordinary-first,1,2,3,8,4,683167,672454,713282
mixed_short_ordinary,4,ordinary-first,1,2,3,9,1,264202,262259,266756
mixed_short_ordinary,4,ordinary-first,1,2,3,9,2,476617,470576,484061
mixed_short_ordinary,4,ordinary-first,1,2,3,9,3,556767,541438,641195
mixed_short_ordinary,4,ordinary-first,1,2,3,9,4,693074,670579,720121
mixed_short_ordinary,4,ordinary-first,1,3,1,0,1,238885,232729,274753
mixed_short_ordinary,4,ordinary-first,1,3,1,0,2,452492,450373,465767
mixed_short_ordinary,4,ordinary-first,1,3,1,0,3,542280,527312,596672
mixed_short_ordinary,4,ordinary-first,1,3,1,0,4,694343,692784,703971
mixed_short_ordinary,4,ordinary-first,1,3,1,10,1,241840,232633,269212
mixed_short_ordinary,4,ordinary-first,1,3,1,10,2,459054,454507,459566
mixed_short_ordinary,4,ordinary-first,1,3,1,10,3,539374,539095,569671
mixed_short_ordinary,4,ordinary-first,1,3,1,10,4,727304,680718,808015
mixed_short_ordinary,4,ordinary-first,1,3,1,11,1,234176,232683,236516
mixed_short_ordinary,4,ordinary-first,1,3,1,11,2,460237,444468,468488
mixed_short_ordinary,4,ordinary-first,1,3,1,11,3,589869,557654,598318
mixed_short_ordinary,4,ordinary-first,1,3,1,11,4,656263,646088,661923
mixed_short_ordinary,4,ordinary-first,1,3,1,12,1,235809,233495,284971
mixed_short_ordinary,4,ordinary-first,1,3,1,12,2,473201,462707,483313
mixed_short_ordinary,4,ordinary-first,1,3,1,12,3,538343,537841,541969
mixed_short_ordinary,4,ordinary-first,1,3,1,12,4,666562,639094,680957
mixed_short_ordinary,4,ordinary-first,1,3,1,13,1,233635,232769,235309
mixed_short_ordinary,4,ordinary-first,1,3,1,13,2,466188,464585,487649
mixed_short_ordinary,4,ordinary-first,1,3,1,13,3,532041,528323,570442
mixed_short_ordinary,4,ordinary-first,1,3,1,13,4,667774,654384,701707
mixed_short_ordinary,4,ordinary-first,1,3,1,14,1,231681,231361,253137
mixed_short_ordinary,4,ordinary-first,1,3,1,14,2,451461,446571,459296
mixed_short_ordinary,4,ordinary-first,1,3,1,14,3,553806,537191,560905
mixed_short_ordinary,4,ordinary-first,1,3,1,14,4,685085,655311,697479
mixed_short_ordinary,4,ordinary-first,1,3,1,15,1,234657,229788,239576
mixed_short_ordinary,4,ordinary-first,1,3,1,15,2,454912,447844,466679
mixed_short_ordinary,4,ordinary-first,1,3,1,15,3,527904,525229,659323
mixed_short_ordinary,4,ordinary-first,1,3,1,15,4,670478,659188,679489
mixed_short_ordinary,4,ordinary-first,1,3,1,16,1,231811,230459,234217
mixed_short_ordinary,4,ordinary-first,1,3,1,16,2,456221,456089,518025
mixed_short_ordinary,4,ordinary-first,1,3,1,16,3,573057,567086,604686
mixed_short_ordinary,4,ordinary-first,1,3,1,16,4,754645,717855,788809
mixed_short_ordinary,4,ordinary-first,1,3,1,17,1,232854,231691,234136
mixed_short_ordinary,4,ordinary-first,1,3,1,17,2,455208,454907,455308
mixed_short_ordinary,4,ordinary-first,1,3,1,17,3,533424,523796,554638
mixed_short_ordinary,4,ordinary-first,1,3,1,17,4,648839,646559,710989
mixed_short_ordinary,4,ordinary-first,1,3,1,18,1,235219,235177,239270
mixed_short_ordinary,4,ordinary-first,1,3,1,18,2,458204,451245,492167
mixed_short_ordinary,4,ordinary-first,1,3,1,18,3,575521,554403,640363
mixed_short_ordinary,4,ordinary-first,1,3,1,18,4,663726,646003,735233
mixed_short_ordinary,4,ordinary-first,1,3,1,19,1,232833,232082,234296
mixed_short_ordinary,4,ordinary-first,1,3,1,19,2,466940,462482,472004
mixed_short_ordinary,4,ordinary-first,1,3,1,19,3,533934,527954,535688
mixed_short_ordinary,4,ordinary-first,1,3,1,19,4,668665,628322,681369
mixed_short_ordinary,4,ordinary-first,1,3,1,1,1,235649,235278,237067
mixed_short_ordinary,4,ordinary-first,1,3,1,1,2,463713,452413,473562
mixed_short_ordinary,4,ordinary-first,1,3,1,1,3,528524,527682,574520
mixed_short_ordinary,4,ordinary-first,1,3,1,1,4,649129,629642,800469
mixed_short_ordinary,4,ordinary-first,1,3,1,20,1,236651,233715,246799
mixed_short_ordinary,4,ordinary-first,1,3,1,20,2,467851,465788,490327
mixed_short_ordinary,4,ordinary-first,1,3,1,20,3,554052,551006,581443
mixed_short_ordinary,4,ordinary-first,1,3,1,20,4,701526,686969,712317
mixed_short_ordinary,4,ordinary-first,1,3,1,21,1,230750,228806,268390
mixed_short_ordinary,4,ordinary-first,1,3,1,21,2,446321,444969,471539
mixed_short_ordinary,4,ordinary-first,1,3,1,21,3,538183,528985,548835
mixed_short_ordinary,4,ordinary-first,1,3,1,21,4,663856,632929,772699
mixed_short_ordinary,4,ordinary-first,1,3,1,22,1,234357,232713,236210
mixed_short_ordinary,4,ordinary-first,1,3,1,22,2,453575,446862,477800
mixed_short_ordinary,4,ordinary-first,1,3,1,22,3,541378,536379,554513
mixed_short_ordinary,4,ordinary-first,1,3,1,22,4,658877,636075,710775
mixed_short_ordinary,4,ordinary-first,1,3,1,23,1,241440,236270,268806
mixed_short_ordinary,4,ordinary-first,1,3,1,23,2,469825,460007,482704
mixed_short_ordinary,4,ordinary-first,1,3,1,23,3,528894,526680,545445
mixed_short_ordinary,4,ordinary-first,1,3,1,23,4,660815,638429,777247
mixed_short_ordinary,4,ordinary-first,1,3,1,24,1,235970,228366,247291
mixed_short_ordinary,4,ordinary-first,1,3,1,24,2,448445,443385,478201
mixed_short_ordinary,4,ordinary-first,1,3,1,24,3,548401,536474,549138
mixed_short_ordinary,4,ordinary-first,1,3,1,24,4,648539,628600,665449
mixed_short_ordinary,4,ordinary-first,1,3,1,25,1,236821,234036,269142
mixed_short_ordinary,4,ordinary-first,1,3,1,25,2,455591,452303,459300
mixed_short_ordinary,4,ordinary-first,1,3,1,25,3,561255,533493,573749
mixed_short_ordinary,4,ordinary-first,1,3,1,25,4,620776,620465,665750
mixed_short_ordinary,4,ordinary-first,1,3,1,26,1,233816,232332,242351
mixed_short_ordinary,4,ordinary-first,1,3,1,26,2,454106,450899,484373
mixed_short_ordinary,4,ordinary-first,1,3,1,26,3,531990,528915,825417
mixed_short_ordinary,4,ordinary-first,1,3,1,26,4,649349,642217,703410
mixed_short_ordinary,4,ordinary-first,1,3,1,27,1,233344,231040,239726
mixed_short_ordinary,4,ordinary-first,1,3,1,27,2,448776,447874,468603
mixed_short_ordinary,4,ordinary-first,1,3,1,27,3,525343,520951,540416
mixed_short_ordinary,4,ordinary-first,1,3,1,27,4,652856,644430,695881
mixed_short_ordinary,4,ordinary-first,1,3,1,28,1,268400,233285,268861
mixed_short_ordinary,4,ordinary-first,1,3,1,28,2,465417,464695,473892
mixed_short_ordinary,4,ordinary-first,1,3,1,28,3,588737,563640,597983
mixed_short_ordinary,4,ordinary-first,1,3,1,28,4,689922,665960,701982
mixed_short_ordinary,4,ordinary-first,1,3,1,29,1,233345,229327,243614
mixed_short_ordinary,4,ordinary-first,1,3,1,29,2,458243,445709,468703
mixed_short_ordinary,4,ordinary-first,1,3,1,29,3,562739,530378,591411
mixed_short_ordinary,4,ordinary-first,1,3,1,29,4,652171,629542,670342
mixed_short_ordinary,4,ordinary-first,1,3,1,2,1,235439,233345,275904
mixed_short_ordinary,4,ordinary-first,1,3,1,2,2,450188,445159,459776
mixed_short_ordinary,4,ordinary-first,1,3,1,2,3,546547,524006,552960
mixed_short_ordinary,4,ordinary-first,1,3,1,2,4,663355,640764,713108
mixed_short_ordinary,4,ordinary-first,1,3,1,30,1,234221,233504,263891
mixed_short_ordinary,4,ordinary-first,1,3,1,30,2,481802,462724,560118
mixed_short_ordinary,4,ordinary-first,1,3,1,30,3,562037,561045,573238
mixed_short_ordinary,4,ordinary-first,1,3,1,30,4,695995,651453,739516
mixed_short_ordinary,4,ordinary-first,1,3,1,31,1,231602,231501,235438
mixed_short_ordinary,4,ordinary-first,1,3,1,31,2,459185,441356,547471
mixed_short_ordinary,4,ordinary-first,1,3,1,31,3,544143,533012,612110
mixed_short_ordinary,4,ordinary-first,1,3,1,31,4,645360,627849,656642
mixed_short_ordinary,4,ordinary-first,1,3,1,32,1,234166,233185,242748
mixed_short_ordinary,4,ordinary-first,1,3,1,32,2,462406,457962,490533
mixed_short_ordinary,4,ordinary-first,1,3,1,32,3,590240,531359,605839
mixed_short_ordinary,4,ordinary-first,1,3,1,32,4,651424,627329,665840
mixed_short_ordinary,4,ordinary-first,1,3,1,33,1,233645,232263,238785
mixed_short_ordinary,4,ordinary-first,1,3,1,33,2,444147,440610,492557
mixed_short_ordinary,4,ordinary-first,1,3,1,33,3,540100,530448,540652
mixed_short_ordinary,4,ordinary-first,1,3,1,33,4,741682,674937,798221
mixed_short_ordinary,4,ordinary-first,1,3,1,34,1,233394,231421,293387
mixed_short_ordinary,4,ordinary-first,1,3,1,34,2,458924,447564,572978
mixed_short_ordinary,4,ordinary-first,1,3,1,34,3,527899,527012,566925
mixed_short_ordinary,4,ordinary-first,1,3,1,34,4,642800,642587,707582
mixed_short_ordinary,4,ordinary-first,1,3,1,35,1,231782,229978,234487
mixed_short_ordinary,4,ordinary-first,1,3,1,35,2,462732,445219,532368
mixed_short_ordinary,4,ordinary-first,1,3,1,35,3,569355,540115,582444
mixed_short_ordinary,4,ordinary-first,1,3,1,35,4,650712,626667,757691
mixed_short_ordinary,4,ordinary-first,1,3,1,36,1,242712,237928,321633
mixed_short_ordinary,4,ordinary-first,1,3,1,36,2,458423,456650,459646
mixed_short_ordinary,4,ordinary-first,1,3,1,36,3,559712,557308,589688
mixed_short_ordinary,4,ordinary-first,1,3,1,36,4,723483,651268,732855
mixed_short_ordinary,4,ordinary-first,1,3,1,37,1,232924,229488,236526
mixed_short_ordinary,4,ordinary-first,1,3,1,37,2,454588,453154,456019
mixed_short_ordinary,4,ordinary-first,1,3,1,37,3,530057,529216,578807
mixed_short_ordinary,4,ordinary-first,1,3,1,37,4,689655,647250,691037
mixed_short_ordinary,4,ordinary-first,1,3,1,38,1,234281,230469,254980
mixed_short_ordinary,4,ordinary-first,1,3,1,38,2,462312,448265,532552
mixed_short_ordinary,4,ordinary-first,1,3,1,38,3,541549,533132,554869
mixed_short_ordinary,4,ordinary-first,1,3,1,38,4,693155,663821,791604
mixed_short_ordinary,4,ordinary-first,1,3,1,39,1,233044,229648,233920
mixed_short_ordinary,4,ordinary-first,1,3,1,39,2,450439,447604,455719
mixed_short_ordinary,4,ordinary-first,1,3,1,39,3,528870,520726,546708
mixed_short_ordinary,4,ordinary-first,1,3,1,39,4,642656,638078,695074
mixed_short_ordinary,4,ordinary-first,1,3,1,3,1,234582,233795,239917
mixed_short_ordinary,4,ordinary-first,1,3,1,3,2,460047,457331,460397
mixed_short_ordinary,4,ordinary-first,1,3,1,3,3,540921,522914,747975
mixed_short_ordinary,4,ordinary-first,1,3,1,3,4,628330,623060,629462
mixed_short_ordinary,4,ordinary-first,1,3,1,4,1,231251,229587,232363
mixed_short_ordinary,4,ordinary-first,1,3,1,4,2,451761,449488,480318
mixed_short_ordinary,4,ordinary-first,1,3,1,4,3,543121,536879,561011
mixed_short_ordinary,4,ordinary-first,1,3,1,4,4,637978,618874,647115
mixed_short_ordinary,4,ordinary-first,1,3,1,5,1,236375,235830,236520
mixed_short_ordinary,4,ordinary-first,1,3,1,5,2,472909,450910,506533
mixed_short_ordinary,4,ordinary-first,1,3,1,5,3,557498,556647,640298
mixed_short_ordinary,4,ordinary-first,1,3,1,5,4,645002,644425,649910
mixed_short_ordinary,4,ordinary-first,1,3,1,6,1,239631,230730,256072
mixed_short_ordinary,4,ordinary-first,1,3,1,6,2,456771,444628,497586
mixed_short_ordinary,4,ordinary-first,1,3,1,6,3,555534,536899,771437
mixed_short_ordinary,4,ordinary-first,1,3,1,6,4,674793,617641,687981
mixed_short_ordinary,4,ordinary-first,1,3,1,7,1,234627,233580,241240
mixed_short_ordinary,4,ordinary-first,1,3,1,7,2,476648,451120,480886
mixed_short_ordinary,4,ordinary-first,1,3,1,7,3,542431,527593,556677
mixed_short_ordinary,4,ordinary-first,1,3,1,7,4,730193,688032,834051
mixed_short_ordinary,4,ordinary-first,1,3,1,8,1,237993,233815,238985
mixed_short_ordinary,4,ordinary-first,1,3,1,8,2,451455,443235,460293
mixed_short_ordinary,4,ordinary-first,1,3,1,8,3,588010,571133,588070
mixed_short_ordinary,4,ordinary-first,1,3,1,8,4,717126,690386,726737
mixed_short_ordinary,4,ordinary-first,1,3,1,9,1,230009,228685,236095
mixed_short_ordinary,4,ordinary-first,1,3,1,9,2,477985,455078,479092
mixed_short_ordinary,4,ordinary-first,1,3,1,9,3,566296,531370,573082
mixed_short_ordinary,4,ordinary-first,1,3,1,9,4,707547,666998,711785
mixed_short_ordinary,4,ordinary-first,1,3,2,0,1,264282,261402,273579
mixed_short_ordinary,4,ordinary-first,1,3,2,0,2,483250,482634,552278
mixed_short_ordinary,4,ordinary-first,1,3,2,0,3,565193,545035,580641
mixed_short_ordinary,4,ordinary-first,1,3,2,0,4,683654,649971,696437
mixed_short_ordinary,4,ordinary-first,1,3,2,10,1,259578,251919,259754
mixed_short_ordinary,4,ordinary-first,1,3,2,10,2,475605,468252,484953
mixed_short_ordinary,4,ordinary-first,1,3,2,10,3,580353,546648,581103
mixed_short_ordinary,4,ordinary-first,1,3,2,10,4,675829,666166,775144
mixed_short_ordinary,4,ordinary-first,1,3,2,11,1,266676,260380,267002
mixed_short_ordinary,4,ordinary-first,1,3,2,11,2,484072,473853,494576
mixed_short_ordinary,4,ordinary-first,1,3,2,11,3,563147,548241,677356
mixed_short_ordinary,4,ordinary-first,1,3,2,11,4,659909,657515,697098
mixed_short_ordinary,4,ordinary-first,1,3,2,12,1,259062,258902,259684
mixed_short_ordinary,4,ordinary-first,1,3,2,12,2,491987,470521,500908
mixed_short_ordinary,4,ordinary-first,1,3,2,12,3,563800,550295,570307
mixed_short_ordinary,4,ordinary-first,1,3,2,12,4,689285,676430,804820
mixed_short_ordinary,4,ordinary-first,1,3,2,13,1,260094,258792,261036
mixed_short_ordinary,4,ordinary-first,1,3,2,13,2,474424,467312,475546
mixed_short_ordinary,4,ordinary-first,1,3,2,13,3,541819,539885,555449
mixed_short_ordinary,4,ordinary-first,1,3,2,13,4,680508,645803,816821
mixed_short_ordinary,4,ordinary-first,1,3,2,14,1,261958,261507,284229
mixed_short_ordinary,4,ordinary-first,1,3,2,14,2,475276,461439,507806
mixed_short_ordinary,4,ordinary-first,1,3,2,14,3,548862,540066,561616
mixed_short_ordinary,4,ordinary-first,1,3,2,14,4,678617,644340,692540
mixed_short_ordinary,4,ordinary-first,1,3,2,15,1,259583,256398,262258
mixed_short_ordinary,4,ordinary-first,1,3,2,15,2,500713,481477,514773
mixed_short_ordinary,4,ordinary-first,1,3,2,15,3,544624,539775,557348
mixed_short_ordinary,4,ordinary-first,1,3,2,15,4,681069,654414,751068
mixed_short_ordinary,4,ordinary-first,1,3,2,16,1,265905,261136,417112
mixed_short_ordinary,4,ordinary-first,1,3,2,16,2,484368,482724,485835
mixed_short_ordinary,4,ordinary-first,1,3,2,16,3,596787,589142,616015
mixed_short_ordinary,4,ordinary-first,1,3,2,16,4,725181,706686,776206
mixed_short_ordinary,4,ordinary-first,1,3,2,17,1,266627,262548,292806
mixed_short_ordinary,4,ordinary-first,1,3,2,17,2,488008,479943,544384
mixed_short_ordinary,4,ordinary-first,1,3,2,17,3,613342,595028,719660
mixed_short_ordinary,4,ordinary-first,1,3,2,17,4,709431,684224,733686
mixed_short_ordinary,4,ordinary-first,1,3,2,18,1,265896,263541,268195
mixed_short_ordinary,4,ordinary-first,1,3,2,18,2,484532,478511,484864
mixed_short_ordinary,4,ordinary-first,1,3,2,18,3,585852,581923,589388
mixed_short_ordinary,4,ordinary-first,1,3,2,18,4,671540,666845,699232
mixed_short_ordinary,4,ordinary-first,1,3,2,19,1,264783,263781,266075
mixed_short_ordinary,4,ordinary-first,1,3,2,19,2,460848,455138,479723
mixed_short_ordinary,4,ordinary-first,1,3,2,19,3,555224,536189,565228
mixed_short_ordinary,4,ordinary-first,1,3,2,19,4,666401,647820,676771
mixed_short_ordinary,4,ordinary-first,1,3,2,1,1,266101,262468,288768
mixed_short_ordinary,4,ordinary-first,1,3,2,1,2,490579,478010,535767
mixed_short_ordinary,4,ordinary-first,1,3,2,1,3,545155,536289,551618
mixed_short_ordinary,4,ordinary-first,1,3,2,1,4,671440,647646,679235
mixed_short_ordinary,4,ordinary-first,1,3,2,20,1,271666,263025,287712
mixed_short_ordinary,4,ordinary-first,1,3,2,20,2,482438,479579,502461
mixed_short_ordinary,4,ordinary-first,1,3,2,20,3,631517,578186,637355
mixed_short_ordinary,4,ordinary-first,1,3,2,20,4,715719,713779,716815
mixed_short_ordinary,4,ordinary-first,1,3,2,21,1,259734,258611,262018
mixed_short_ordinary,4,ordinary-first,1,3,2,21,2,480695,475610,567948
mixed_short_ordinary,4,ordinary-first,1,3,2,21,3,624059,561145,638578
mixed_short_ordinary,4,ordinary-first,1,3,2,21,4,672751,658055,682240
mixed_short_ordinary,4,ordinary-first,1,3,2,22,1,294458,258191,321934
mixed_short_ordinary,4,ordinary-first,1,3,2,22,2,475876,464986,500627
mixed_short_ordinary,4,ordinary-first,1,3,2,22,3,547475,536318,572907
mixed_short_ordinary,4,ordinary-first,1,3,2,22,4,693442,681390,734233
mixed_short_ordinary,4,ordinary-first,1,3,2,23,1,266897,252871,267288
mixed_short_ordinary,4,ordinary-first,1,3,2,23,2,491576,459485,607019
mixed_short_ordinary,4,ordinary-first,1,3,2,23,3,576805,564071,598385
mixed_short_ordinary,4,ordinary-first,1,3,2,23,4,655341,654889,690380
mixed_short_ordinary,4,ordinary-first,1,3,2,24,1,257490,255396,264938
mixed_short_ordinary,4,ordinary-first,1,3,2,24,2,466840,460532,498298
mixed_short_ordinary,4,ordinary-first,1,3,2,24,3,577455,539495,587404
mixed_short_ordinary,4,ordinary-first,1,3,2,24,4,684455,660310,703340
mixed_short_ordinary,4,ordinary-first,1,3,2,25,1,277677,262709,298476
mixed_short_ordinary,4,ordinary-first,1,3,2,25,2,494862,477469,588376
mixed_short_ordinary,4,ordinary-first,1,3,2,25,3,562047,554663,563940
mixed_short_ordinary,4,ordinary-first,1,3,2,25,4,703787,690747,711495
mixed_short_ordinary,4,ordinary-first,1,3,2,26,1,260651,259748,262744
mixed_short_ordinary,4,ordinary-first,1,3,2,26,2,490584,462957,496374
mixed_short_ordinary,4,ordinary-first,1,3,2,26,3,547084,541778,553651
mixed_short_ordinary,4,ordinary-first,1,3,2,26,4,700098,674291,763253
mixed_short_ordinary,4,ordinary-first,1,3,2,27,1,262409,258832,403241
mixed_short_ordinary,4,ordinary-first,1,3,2,27,2,472901,470060,474499
mixed_short_ordinary,4,ordinary-first,1,3,2,27,3,576408,542831,584658
mixed_short_ordinary,4,ordinary-first,1,3,2,27,4,674756,657771,730798
mixed_short_ordinary,4,ordinary-first,1,3,2,28,1,276835,259724,290160
mixed_short_ordinary,4,ordinary-first,1,3,2,28,2,479733,478041,506669
mixed_short_ordinary,4,ordinary-first,1,3,2,28,3,579128,577461,629732
mixed_short_ordinary,4,ordinary-first,1,3,2,28,4,729002,695244,747171
mixed_short_ordinary,4,ordinary-first,1,3,2,29,1,264202,258486,265404
mixed_short_ordinary,4,ordinary-first,1,3,2,29,2,483726,481772,488420
mixed_short_ordinary,4,ordinary-first,1,3,2,29,3,567522,562207,578979
mixed_short_ordinary,4,ordinary-first,1,3,2,29,4,705349,704515,723656
mixed_short_ordinary,4,ordinary-first,1,3,2,2,1,265379,265374,266145
mixed_short_ordinary,4,ordinary-first,1,3,2,2,2,476137,475976,509669
mixed_short_ordinary,4,ordinary-first,1,3,2,2,3,572305,549423,581879
mixed_short_ordinary,4,ordinary-first,1,3,2,2,4,692591,669041,800150
mixed_short_ordinary,4,ordinary-first,1,3,2,30,1,261056,260655,261346
mixed_short_ordinary,4,ordinary-first,1,3,2,30,2,485880,480164,509098
mixed_short_ordinary,4,ordinary-first,1,3,2,30,3,589904,568697,594377
mixed_short_ordinary,4,ordinary-first,1,3,2,30,4,684946,682211,703485
mixed_short_ordinary,4,ordinary-first,1,3,2,31,1,271266,266837,276034
mixed_short_ordinary,4,ordinary-first,1,3,2,31,2,472470,462311,522042
mixed_short_ordinary,4,ordinary-first,1,3,2,31,3,558685,537336,572275
mixed_short_ordinary,4,ordinary-first,1,3,2,31,4,666922,650231,714872
mixed_short_ordinary,4,ordinary-first,1,3,2,32,1,265339,264618,273945
mixed_short_ordinary,4,ordinary-first,1,3,2,32,2,482273,481146,640578
mixed_short_ordinary,4,ordinary-first,1,3,2,32,3,570806,556110,586467
mixed_short_ordinary,4,ordinary-first,1,3,2,32,4,714471,695104,715297
mixed_short_ordinary,4,ordinary-first,1,3,2,33,1,262859,260625,263070
mixed_short_ordinary,4,ordinary-first,1,3,2,33,2,454909,454766,474103
mixed_short_ordinary,4,ordinary-first,1,3,2,33,3,544580,543482,619053
mixed_short_ordinary,4,ordinary-first,1,3,2,33,4,689859,640062,843771
mixed_short_ordinary,4,ordinary-first,1,3,2,34,1,261357,259614,275503
mixed_short_ordinary,4,ordinary-first,1,3,2,34,2,464019,462778,521452
mixed_short_ordinary,4,ordinary-first,1,3,2,34,3,597262,537832,712226
mixed_short_ordinary,4,ordinary-first,1,3,2,34,4,682230,646154,701256
mixed_short_ordinary,4,ordinary-first,1,3,2,35,1,267653,262419,343149
mixed_short_ordinary,4,ordinary-first,1,3,2,35,2,472410,467235,596541
mixed_short_ordinary,4,ordinary-first,1,3,2,35,3,556186,536299,574831
mixed_short_ordinary,4,ordinary-first,1,3,2,35,4,663886,628230,684845
mixed_short_ordinary,4,ordinary-first,1,3,2,36,1,267378,260104,337419
mixed_short_ordinary,4,ordinary-first,1,3,2,36,2,473752,471979,498107
mixed_short_ordinary,4,ordinary-first,1,3,2,36,3,584419,581122,585901
mixed_short_ordinary,4,ordinary-first,1,3,2,36,4,739327,679857,747502
mixed_short_ordinary,4,ordinary-first,1,3,2,37,1,264453,263821,266577
mixed_short_ordinary,4,ordinary-first,1,3,2,37,2,502176,491165,504930
mixed_short_ordinary,4,ordinary-first,1,3,2,37,3,557764,555459,580060
mixed_short_ordinary,4,ordinary-first,1,3,2,37,4,720783,658746,830517
mixed_short_ordinary,4,ordinary-first,1,3,2,38,1,270378,255466,300690
mixed_short_ordinary,4,ordinary-first,1,3,2,38,2,485033,473267,497567
mixed_short_ordinary,4,ordinary-first,1,3,2,38,3,533924,532898,558480
mixed_short_ordinary,4,ordinary-first,1,3,2,38,4,655821,643869,674386
mixed_short_ordinary,4,ordinary-first,1,3,2,39,1,262779,257199,280042
mixed_short_ordinary,4,ordinary-first,1,3,2,39,2,500722,470456,523760
mixed_short_ordinary,4,ordinary-first,1,3,2,39,3,567382,547855,614165
mixed_short_ordinary,4,ordinary-first,1,3,2,39,4,696712,669377,774384
mixed_short_ordinary,4,ordinary-first,1,3,2,3,1,270198,267799,278128
mixed_short_ordinary,4,ordinary-first,1,3,2,3,2,468783,462191,500608
mixed_short_ordinary,4,ordinary-first,1,3,2,3,3,552404,547489,562413
mixed_short_ordinary,4,ordinary-first,1,3,2,3,4,666641,637677,682931
mixed_short_ordinary,4,ordinary-first,1,3,2,4,1,260325,259644,338743
mixed_short_ordinary,4,ordinary-first,1,3,2,4,2,491575,479198,496475
mixed_short_ordinary,4,ordinary-first,1,3,2,4,3,533283,531811,574414
mixed_short_ordinary,4,ordinary-first,1,3,2,4,4,679260,653773,692529
mixed_short_ordinary,4,ordinary-first,1,3,2,5,1,276685,272097,281195
mixed_short_ordinary,4,ordinary-first,1,3,2,5,2,469609,469293,553722
mixed_short_ordinary,4,ordinary-first,1,3,2,5,3,559774,555319,616483
mixed_short_ordinary,4,ordinary-first,1,3,2,5,4,696637,649690,699518
mixed_short_ordinary,4,ordinary-first,1,3,2,6,1,259132,256227,264793
mixed_short_ordinary,4,ordinary-first,1,3,2,6,2,473442,468492,483200
mixed_short_ordinary,4,ordinary-first,1,3,2,6,3,545476,541644,546809
mixed_short_ordinary,4,ordinary-first,1,3,2,6,4,666742,650751,674427
mixed_short_ordinary,4,ordinary-first,1,3,2,7,1,258882,256287,337267
mixed_short_ordinary,4,ordinary-first,1,3,2,7,2,475231,472320,477428
mixed_short_ordinary,4,ordinary-first,1,3,2,7,3,559502,525875,569962
mixed_short_ordinary,4,ordinary-first,1,3,2,7,4,655305,631055,784561
mixed_short_ordinary,4,ordinary-first,1,3,2,8,1,259944,259939,263826
mixed_short_ordinary,4,ordinary-first,1,3,2,8,2,485644,470100,678824
mixed_short_ordinary,4,ordinary-first,1,3,2,8,3,595178,573573,597202
mixed_short_ordinary,4,ordinary-first,1,3,2,8,4,736421,732014,801322
mixed_short_ordinary,4,ordinary-first,1,3,2,9,1,258241,255816,263345
mixed_short_ordinary,4,ordinary-first,1,3,2,9,2,472585,468523,484692
mixed_short_ordinary,4,ordinary-first,1,3,2,9,3,557222,549864,562688
mixed_short_ordinary,4,ordinary-first,1,3,2,9,4,687550,661522,710554
mixed_short_ordinary,4,ordinary-first,1,3,3,0,1,244525,240237,247411
mixed_short_ordinary,4,ordinary-first,1,3,3,0,2,446732,431754,449668
mixed_short_ordinary,4,ordinary-first,1,3,3,0,3,530884,526901,581603
mixed_short_ordinary,4,ordinary-first,1,3,3,0,4,690281,622329,728472
mixed_short_ordinary,4,ordinary-first,1,3,3,10,1,250116,239195,251639
mixed_short_ordinary,4,ordinary-first,1,3,3,10,2,467380,459220,517013
mixed_short_ordinary,4,ordinary-first,1,3,3,10,3,539465,514604,599437
mixed_short_ordinary,4,ordinary-first,1,3,3,10,4,674366,645221,675849
mixed_short_ordinary,4,ordinary-first,1,3,3,11,1,245607,244626,276711
mixed_short_ordinary,4,ordinary-first,1,3,3,11,2,441722,438517,452232
mixed_short_ordinary,4,ordinary-first,1,3,3,11,3,562778,544277,574610
mixed_short_ordinary,4,ordinary-first,1,3,3,11,4,673574,642406,706776
mixed_short_ordinary,4,ordinary-first,1,3,3,12,1,239225,231862,252715
mixed_short_ordinary,4,ordinary-first,1,3,3,12,2,471138,435511,479193
mixed_short_ordinary,4,ordinary-first,1,3,3,12,3,571294,554648,575331
mixed_short_ordinary,4,ordinary-first,1,3,3,12,4,674877,653476,718553
mixed_short_ordinary,4,ordinary-first,1,3,3,13,1,238163,235559,242512
mixed_short_ordinary,4,ordinary-first,1,3,3,13,2,443446,440259,443827
mixed_short_ordinary,4,ordinary-first,1,3,3,13,3,567897,521731,638972
mixed_short_ordinary,4,ordinary-first,1,3,3,13,4,694795,682441,728175
mixed_short_ordinary,4,ordinary-first,1,3,3,14,1,256307,249860,264503
mixed_short_ordinary,4,ordinary-first,1,3,3,14,2,443506,440701,449968
mixed_short_ordinary,4,ordinary-first,1,3,3,14,3,539825,523144,581453
mixed_short_ordinary,4,ordinary-first,1,3,3,14,4,732103,655531,738033
mixed_short_ordinary,4,ordinary-first,1,3,3,15,1,294669,240498,322790
mixed_short_ordinary,4,ordinary-first,1,3,3,15,2,452067,444349,466228
mixed_short_ordinary,4,ordinary-first,1,3,3,15,3,555705,545666,599045
mixed_short_ordinary,4,ordinary-first,1,3,3,15,4,673605,655030,697594
mixed_short_ordinary,4,ordinary-first,1,3,3,16,1,239997,235208,246214
mixed_short_ordinary,4,ordinary-first,1,3,3,16,2,463032,442199,474794
mixed_short_ordinary,4,ordinary-first,1,3,3,16,3,610677,586272,613031
mixed_short_ordinary,4,ordinary-first,1,3,3,16,4,699052,690416,734331
mixed_short_ordinary,4,ordinary-first,1,3,3,17,1,242432,241770,245607
mixed_short_ordinary,4,ordinary-first,1,3,3,17,2,459992,459596,583612
mixed_short_ordinary,4,ordinary-first,1,3,3,17,3,547264,536073,554623
mixed_short_ordinary,4,ordinary-first,1,3,3,17,4,670042,652635,806050
mixed_short_ordinary,4,ordinary-first,1,3,3,18,1,244866,240768,274371
mixed_short_ordinary,4,ordinary-first,1,3,3,18,2,484818,477489,512655
mixed_short_ordinary,4,ordinary-first,1,3,3,18,3,557388,552679,637738
mixed_short_ordinary,4,ordinary-first,1,3,3,18,4,703670,672913,732034
mixed_short_ordinary,4,ordinary-first,1,3,3,19,1,232453,231411,235428
mixed_short_ordinary,4,ordinary-first,1,3,3,19,2,461140,444097,466329
mixed_short_ordinary,4,ordinary-first,1,3,3,19,3,557167,554914,565134
mixed_short_ordinary,4,ordinary-first,1,3,3,19,4,705805,696023,722120
mixed_short_ordinary,4,ordinary-first,1,3,3,1,1,239065,238404,244115
mixed_short_ordinary,4,ordinary-first,1,3,3,1,2,443276,436387,496394
mixed_short_ordinary,4,ordinary-first,1,3,3,1,3,590990,576373,634472
mixed_short_ordinary,4,ordinary-first,1,3,3,1,4,684806,655220,722752
mixed_short_ordinary,4,ordinary-first,1,3,3,20,1,248107,238965,331818
mixed_short_ordinary,4,ordinary-first,1,3,3,20,2,528965,476602,534465
mixed_short_ordinary,4,ordinary-first,1,3,3,20,3,564140,547780,569941
mixed_short_ordinary,4,ordinary-first,1,3,3,20,4,800521,714275,831229
mixed_short_ordinary,4,ordinary-first,1,3,3,21,1,243513,242211,247581
mixed_short_ordinary,4,ordinary-first,1,3,3,21,2,453595,447032,470317
mixed_short_ordinary,4,ordinary-first,1,3,3,21,3,554623,518681,640506
mixed_short_ordinary,4,ordinary-first,1,3,3,21,4,664639,659627,673034
mixed_short_ordinary,4,ordinary-first,1,3,3,22,1,239296,236650,255565
mixed_short_ordinary,4,ordinary-first,1,3,3,22,2,449267,438602,465788
mixed_short_ordinary,4,ordinary-first,1,3,3,22,3,602863,570963,651990
mixed_short_ordinary,4,ordinary-first,1,3,3,22,4,735318,731693,780191
mixed_short_ordinary,4,ordinary-first,1,3,3,23,1,242642,241129,249644
mixed_short_ordinary,4,ordinary-first,1,3,3,23,2,455509,443196,486957
mixed_short_ordinary,4,ordinary-first,1,3,3,23,3,557338,551958,558139
mixed_short_ordinary,4,ordinary-first,1,3,3,23,4,666323,663594,701224
mixed_short_ordinary,4,ordinary-first,1,3,3,24,1,236501,234336,240318
mixed_short_ordinary,4,ordinary-first,1,3,3,24,2,450620,449622,467521
mixed_short_ordinary,4,ordinary-first,1,3,3,24,3,564361,548357,610066
mixed_short_ordinary,4,ordinary-first,1,3,3,24,4,835816,699312,856385
mixed_short_ordinary,4,ordinary-first,1,3,3,25,1,245627,238795,267408
mixed_short_ordinary,4,ordinary-first,1,3,3,25,2,462021,446171,462527
mixed_short_ordinary,4,ordinary-first,1,3,3,25,3,558881,543051,560543
mixed_short_ordinary,4,ordinary-first,1,3,3,25,4,684524,660130,700856
mixed_short_ordinary,4,ordinary-first,1,3,3,26,1,240228,236430,245838
mixed_short_ordinary,4,ordinary-first,1,3,3,26,2,461179,456040,474734
mixed_short_ordinary,4,ordinary-first,1,3,3,26,3,649560,627404,696627
mixed_short_ordinary,4,ordinary-first,1,3,3,26,4,706406,674436,711245
mixed_short_ordinary,4,ordinary-first,1,3,3,27,1,242652,235168,252640
mixed_short_ordinary,4,ordinary-first,1,3,3,27,2,449492,438306,584043
mixed_short_ordinary,4,ordinary-first,1,3,3,27,3,606269,548771,803417
mixed_short_ordinary,4,ordinary-first,1,3,3,27,4,655190,642176,740479
mixed_short_ordinary,4,ordinary-first,1,3,3,28,1,238344,237472,242401
mixed_short_ordinary,4,ordinary-first,1,3,3,28,2,447503,441015,460633
mixed_short_ordinary,4,ordinary-first,1,3,3,28,3,586113,540382,613181
mixed_short_ordinary,4,ordinary-first,1,3,3,28,4,751022,698171,972458
mixed_short_ordinary,4,ordinary-first,1,3,3,29,1,241159,235940,305848
mixed_short_ordinary,4,ordinary-first,1,3,3,29,2,459355,455618,525619
mixed_short_ordinary,4,ordinary-first,1,3,3,29,3,550145,544694,567266
mixed_short_ordinary,4,ordinary-first,1,3,3,29,4,767348,661762,783408
mixed_short_ordinary,4,ordinary-first,1,3,3,2,1,242462,240508,306421
mixed_short_ordinary,4,ordinary-first,1,3,3,2,2,460102,457312,471639
mixed_short_ordinary,4,ordinary-first,1,3,3,2,3,569861,514788,629482
mixed_short_ordinary,4,ordinary-first,1,3,3,2,4,668895,648758,796049
mixed_short_ordinary,4,ordinary-first,1,3,3,30,1,238334,237793,243073
mixed_short_ordinary,4,ordinary-first,1,3,3,30,2,450103,449147,476599
mixed_short_ordinary,4,ordinary-first,1,3,3,30,3,566063,554372,587013
mixed_short_ordinary,4,ordinary-first,1,3,3,30,4,724130,704833,725843
mixed_short_ordinary,4,ordinary-first,1,3,3,31,1,241660,238634,259668
mixed_short_ordinary,4,ordinary-first,1,3,3,31,2,484573,442819,584879
mixed_short_ordinary,4,ordinary-first,1,3,3,31,3,568227,547535,577491
mixed_short_ordinary,4,ordinary-first,1,3,3,31,4,691448,645232,691820
mixed_short_ordinary,4,ordinary-first,1,3,3,32,1,237422,237112,239917
mixed_short_ordinary,4,ordinary-first,1,3,3,32,2,467841,453694,469394
mixed_short_ordinary,4,ordinary-first,1,3,3,32,3,618362,574220,655542
mixed_short_ordinary,4,ordinary-first,1,3,3,32,4,786555,668595,825245
mixed_short_ordinary,4,ordinary-first,1,3,3,33,1,253742,238344,280503
mixed_short_ordinary,4,ordinary-first,1,3,3,33,2,457553,433628,460633
mixed_short_ordinary,4,ordinary-first,1,3,3,33,3,545105,539865,557458
mixed_short_ordinary,4,ordinary-first,1,3,3,33,4,680037,649970,692840
mixed_short_ordinary,4,ordinary-first,1,3,3,34,1,253417,248683,257093
mixed_short_ordinary,4,ordinary-first,1,3,3,34,2,451145,442695,454492
mixed_short_ordinary,4,ordinary-first,1,3,3,34,3,590710,558981,641215
mixed_short_ordinary,4,ordinary-first,1,3,3,34,4,680077,672629,800977
mixed_short_ordinary,4,ordinary-first,1,3,3,35,1,248653,236420,275824
mixed_short_ordinary,4,ordinary-first,1,3,3,35,2,452963,441392,483490
mixed_short_ordinary,4,ordinary-first,1,3,3,35,3,569210,541769,573157
mixed_short_ordinary,4,ordinary-first,1,3,3,35,4,701215,687552,709326
mixed_short_ordinary,4,ordinary-first,1,3,3,36,1,240808,237473,248834
mixed_short_ordinary,4,ordinary-first,1,3,3,36,2,451626,446897,462120
mixed_short_ordinary,4,ordinary-first,1,3,3,36,3,561265,541518,693475
mixed_short_ordinary,4,ordinary-first,1,3,3,36,4,673274,653888,694403
mixed_short_ordinary,4,ordinary-first,1,3,3,37,1,241961,238444,242131
mixed_short_ordinary,4,ordinary-first,1,3,3,37,2,451465,447398,455438
mixed_short_ordinary,4,ordinary-first,1,3,3,37,3,574430,555279,586873
mixed_short_ordinary,4,ordinary-first,1,3,3,37,4,673494,673474,706431
mixed_short_ordinary,4,ordinary-first,1,3,3,38,1,241670,241049,241715
mixed_short_ordinary,4,ordinary-first,1,3,3,38,2,460678,449281,560484
mixed_short_ordinary,4,ordinary-first,1,3,3,38,3,547600,538423,566825
mixed_short_ordinary,4,ordinary-first,1,3,3,38,4,666707,634311,716922
mixed_short_ordinary,4,ordinary-first,1,3,3,39,1,250908,235608,261256
mixed_short_ordinary,4,ordinary-first,1,3,3,39,2,454286,448340,456440
mixed_short_ordinary,4,ordinary-first,1,3,3,39,3,566965,529191,643673
mixed_short_ordinary,4,ordinary-first,1,3,3,39,4,655987,641786,687381
mixed_short_ordinary,4,ordinary-first,1,3,3,3,1,249104,237442,285452
mixed_short_ordinary,4,ordinary-first,1,3,3,3,2,448646,447969,479483
mixed_short_ordinary,4,ordinary-first,1,3,3,3,3,552194,520690,612261
mixed_short_ordinary,4,ordinary-first,1,3,3,3,4,643418,628119,672282
mixed_short_ordinary,4,ordinary-first,1,3,3,4,1,240122,237281,269462
mixed_short_ordinary,4,ordinary-first,1,3,3,4,2,464235,447564,537110
mixed_short_ordinary,4,ordinary-first,1,3,3,4,3,567231,525579,574089
mixed_short_ordinary,4,ordinary-first,1,3,3,4,4,689083,664478,692115
mixed_short_ordinary,4,ordinary-first,1,3,3,5,1,250411,235419,331698
mixed_short_ordinary,4,ordinary-first,1,3,3,5,2,442855,437790,470817
mixed_short_ordinary,4,ordinary-first,1,3,3,5,3,534786,518956,568563
mixed_short_ordinary,4,ordinary-first,1,3,3,5,4,726222,641104,739744
mixed_short_ordinary,4,ordinary-first,1,3,3,6,1,241510,235750,251197
mixed_short_ordinary,4,ordinary-first,1,3,3,6,2,443947,441983,454847
mixed_short_ordinary,4,ordinary-first,1,3,3,6,3,530817,508672,630543
mixed_short_ordinary,4,ordinary-first,1,3,3,6,4,713423,670363,723257
mixed_short_ordinary,4,ordinary-first,1,3,3,7,1,239166,237968,270498
mixed_short_ordinary,4,ordinary-first,1,3,3,7,2,462631,439217,530508
mixed_short_ordinary,4,ordinary-first,1,3,3,7,3,581543,572110,594649
mixed_short_ordinary,4,ordinary-first,1,3,3,7,4,673885,660631,717416
mixed_short_ordinary,4,ordinary-first,1,3,3,8,1,238434,234888,242592
mixed_short_ordinary,4,ordinary-first,1,3,3,8,2,446962,442324,478451
mixed_short_ordinary,4,ordinary-first,1,3,3,8,3,599049,565823,669462
mixed_short_ordinary,4,ordinary-first,1,3,3,8,4,669355,663195,696602
mixed_short_ordinary,4,ordinary-first,1,3,3,9,1,238874,235729,241319
mixed_short_ordinary,4,ordinary-first,1,3,3,9,2,452002,434759,463534
mixed_short_ordinary,4,ordinary-first,1,3,3,9,3,565909,563438,711166
mixed_short_ordinary,4,ordinary-first,1,3,3,9,4,654569,653552,693892
