case,budget,policy,backend,left,right,order,parents,median_ns,min_process_median_ns,max_process_median_ns
balanced_compute,2,dynamic,0,1,1,0,2,2436132,2415956,2519961
balanced_compute,2,dynamic,1,1,1,0,1,4422149,4411578,4435328
balanced_compute,2,dynamic,1,1,1,0,2,2535115,2492691,2553400
balanced_compute,2,dynamic,1,1,1,1,1,4420826,4420587,4430929
balanced_compute,2,dynamic,1,1,1,1,2,2492108,2474877,2669060
balanced_compute,2,ordinary-first,0,1,1,0,2,2415744,2377282,2449026
balanced_compute,4,dynamic,0,1,1,0,2,2438548,2407194,2445490
balanced_compute,4,dynamic,0,1,2,0,2,2420189,2401995,2452093
balanced_compute,4,dynamic,0,2,1,0,2,2484458,2465942,2501672
balanced_compute,4,dynamic,1,1,1,0,1,4422709,4422167,4429910
balanced_compute,4,dynamic,1,1,1,0,2,2597399,2522175,2599887
balanced_compute,4,dynamic,1,1,1,1,1,4426575,4408612,4457378
balanced_compute,4,dynamic,1,1,1,1,2,2485440,2465163,2525066
balanced_compute,4,dynamic,1,1,2,0,1,3735203,3641851,3839705
balanced_compute,4,dynamic,1,1,2,0,2,2541727,2532534,2613167
balanced_compute,4,dynamic,1,1,2,1,1,3757823,3733652,3784493
balanced_compute,4,dynamic,1,1,2,1,2,2592880,2548201,2661722
balanced_compute,4,dynamic,1,1,3,0,1,3280717,3280119,3431404
balanced_compute,4,dynamic,1,1,3,1,1,3281415,3266895,3303227
balanced_compute,4,dynamic,1,2,1,0,1,3619680,3603141,3684554
balanced_compute,4,dynamic,1,2,1,0,2,2549405,2432908,2586314
balanced_compute,4,dynamic,1,2,1,1,1,3701821,3641831,3819208
balanced_compute,4,dynamic,1,2,1,1,2,2415480,2412062,2455547
balanced_compute,4,dynamic,1,2,2,0,1,2748701,2725458,2780698
balanced_compute,4,dynamic,1,2,2,1,1,2680136,2628395,2681449
balanced_compute,4,dynamic,1,2,3,0,1,2278226,2278155,2369669
balanced_compute,4,dynamic,1,2,3,1,1,2310085,2281504,2354534
balanced_compute,4,dynamic,1,3,1,0,1,3249538,3219617,3396799
balanced_compute,4,dynamic,1,3,1,1,1,3220609,3213134,3234247
balanced_compute,4,dynamic,1,3,2,0,1,2295601,2233750,2335065
balanced_compute,4,dynamic,1,3,2,1,1,2284563,2229065,2331805
balanced_compute,4,dynamic,1,3,3,0,1,1851915,1816649,1879136
balanced_compute,4,dynamic,1,3,3,1,1,1835458,1719017,1982739
balanced_compute,4,ordinary-first,0,1,1,0,2,2450487,2424919,2508087
balanced_compute,4,ordinary-first,0,1,2,0,2,2405008,2382076,2424229
balanced_compute,4,ordinary-first,0,2,1,0,2,2460405,2442626,2504118
balanced_compute,6,dynamic,0,1,1,0,2,2577111,2513121,2680451
balanced_compute,6,dynamic,0,1,2,0,2,2479243,2462287,2526794
balanced_compute,6,dynamic,0,1,3,0,2,2546692,2459786,2645536
balanced_compute,6,dynamic,0,1,4,0,2,2503341,2476903,2667357
balanced_compute,6,dynamic,0,2,1,0,2,2676766,2472053,2953800
balanced_compute,6,dynamic,0,2,2,0,2,3036948,3000526,3328438
balanced_compute,6,dynamic,0,3,1,0,2,2699932,2640097,2787062
balanced_compute,6,dynamic,0,4,1,0,2,2715454,2709024,2927401
balanced_compute,6,dynamic,1,1,1,0,1,4467061,4453880,4810798
balanced_compute,6,dynamic,1,1,1,0,2,2576629,2515725,2830199
balanced_compute,6,dynamic,1,1,1,1,1,4498910,4475313,4842878
balanced_compute,6,dynamic,1,1,1,1,2,2588770,2542691,2782912
balanced_compute,6,dynamic,1,1,2,0,1,3848843,3807254,4043138
balanced_compute,6,dynamic,1,1,2,0,2,2637981,2631157,2728760
balanced_compute,6,dynamic,1,1,2,1,1,3921176,3919734,4040023
balanced_compute,6,dynamic,1,1,2,1,2,2655069,2547704,2895831
balanced_compute,6,dynamic,1,1,3,0,1,3474011,3360758,3676509
balanced_compute,6,dynamic,1,1,3,0,2,2676113,2673550,2865386
balanced_compute,6,dynamic,1,1,3,1,1,3374359,3329690,3399005
balanced_compute,6,dynamic,1,1,3,1,2,2584389,2580500,2660259
balanced_compute,6,dynamic,1,1,4,0,1,3195154,3189950,3367850
balanced_compute,6,dynamic,1,1,4,0,2,2621547,2571374,2966604
balanced_compute,6,dynamic,1,1,4,1,1,3165080,3120545,3241917
balanced_compute,6,dynamic,1,1,4,1,2,2760783,2639725,2890951
balanced_compute,6,dynamic,1,1,5,0,1,3186885,3034069,3211910
balanced_compute,6,dynamic,1,1,5,1,1,3172012,2991995,3251384
balanced_compute,6,dynamic,1,2,1,0,1,3733309,3676637,3999187
balanced_compute,6,dynamic,1,2,1,0,2,2643381,2619470,2665033
balanced_compute,6,dynamic,1,2,1,1,1,3773828,3740984,3875617
balanced_compute,6,dynamic,1,2,1,1,2,2563689,2540561,2948360
balanced_compute,6,dynamic,1,2,2,0,1,2825772,2773536,2867034
balanced_compute,6,dynamic,1,2,2,0,2,3140016,2985473,3344368
balanced_compute,6,dynamic,1,2,2,1,1,2921923,2846713,3140106
balanced_compute,6,dynamic,1,2,2,1,2,3072698,2929590,3580898
balanced_compute,6,dynamic,1,2,3,0,1,2393925,2251840,2554997
balanced_compute,6,dynamic,1,2,3,1,1,2521228,2385449,2541172
balanced_compute,6,dynamic,1,2,4,0,1,2131870,2123329,2938842
balanced_compute,6,dynamic,1,2,4,1,1,2141933,2131053,2343696
balanced_compute,6,dynamic,1,2,5,0,1,2013801,1969633,2144064
balanced_compute,6,dynamic,1,2,5,1,1,1986528,1973189,2030595
balanced_compute,6,dynamic,1,3,1,0,1,3316314,3298263,3599977
balanced_compute,6,dynamic,1,3,1,0,2,2613233,2588131,2798140
balanced_compute,6,dynamic,1,3,1,1,1,3375770,3343123,3604221
balanced_compute,6,dynamic,1,3,1,1,2,2628240,2585698,2642109
balanced_compute,6,dynamic,1,3,2,0,1,2577000,2439824,2605687
balanced_compute,6,dynamic,1,3,2,1,1,2427163,2424089,2585925
balanced_compute,6,dynamic,1,3,3,0,1,1894401,1859706,1992805
balanced_compute,6,dynamic,1,3,3,1,1,1929601,1905879,2090863
balanced_compute,6,dynamic,1,3,4,0,1,1719182,1682125,1834103
balanced_compute,6,dynamic,1,3,4,1,1,1723573,1721485,1832422
balanced_compute,6,dynamic,1,3,5,0,1,1571362,1571047,1577939
balanced_compute,6,dynamic,1,3,5,1,1,1624464,1492235,1627148
balanced_compute,6,dynamic,1,4,1,0,1,3193667,3088406,3415491
balanced_compute,6,dynamic,1,4,1,0,2,2612703,2586840,2613251
balanced_compute,6,dynamic,1,4,1,1,1,3069177,3038195,3298450
balanced_compute,6,dynamic,1,4,1,1,2,2617576,2484167,2773654
balanced_compute,6,dynamic,1,4,2,0,1,2126014,2113360,2300083
balanced_compute,6,dynamic,1,4,2,1,1,2202521,2152766,2261922
balanced_compute,6,dynamic,1,4,3,0,1,1636084,1629014,1874520
balanced_compute,6,dynamic,1,4,3,1,1,1706007,1656040,1716819
balanced_compute,6,dynamic,1,4,4,0,1,1419588,1394069,1497016
balanced_compute,6,dynamic,1,4,4,1,1,1485025,1428815,1648680
balanced_compute,6,dynamic,1,4,5,0,1,1278641,1260332,1387022
balanced_compute,6,dynamic,1,4,5,1,1,1420414,1411126,1528091
balanced_compute,6,dynamic,1,5,1,0,1,3050052,2908862,3118898
balanced_compute,6,dynamic,1,5,1,1,1,2968407,2964550,3217110
balanced_compute,6,dynamic,1,5,2,0,1,2128454,2102943,2179816
balanced_compute,6,dynamic,1,5,2,1,1,1983985,1973301,1988914
balanced_compute,6,dynamic,1,5,3,0,1,1762592,1637763,1792837
balanced_compute,6,dynamic,1,5,3,1,1,1583477,1565459,1705155
balanced_compute,6,dynamic,1,5,4,0,1,1271248,1261965,1541719
balanced_compute,6,dynamic,1,5,4,1,1,1418360,1328607,1537034
balanced_compute,6,dynamic,1,5,5,0,1,1381909,1236011,1751997
balanced_compute,6,dynamic,1,5,5,1,1,1266226,1167930,1677855
balanced_compute,6,ordinary-first,0,1,1,0,2,2453131,2447895,2616916
balanced_compute,6,ordinary-first,0,1,2,0,2,2469129,2443597,2470145
balanced_compute,6,ordinary-first,0,1,3,0,2,2485194,2428739,2639260
balanced_compute,6,ordinary-first,0,1,4,0,2,2530707,2475502,2576304
balanced_compute,6,ordinary-first,0,2,1,0,2,2558972,2419298,2593384
balanced_compute,6,ordinary-first,0,2,2,0,2,2946394,2907048,3051400
balanced_compute,6,ordinary-first,0,3,1,0,2,2628074,2540887,2689713
balanced_compute,6,ordinary-first,0,4,1,0,2,2555517,2525119,2649059
balanced_compute,8,dynamic,0,1,1,0,2,2490756,2464808,2773441
balanced_compute,8,dynamic,0,1,2,0,2,2453894,2441743,2731595
balanced_compute,8,dynamic,0,1,3,0,2,2519554,2430209,2579481
balanced_compute,8,dynamic,0,1,4,0,2,2479066,2434947,2601473
balanced_compute,8,dynamic,0,1,5,0,2,2493420,2431714,2574859
balanced_compute,8,dynamic,0,1,6,0,2,2438607,2426921,2599961
balanced_compute,8,dynamic,0,2,1,0,2,2587517,2457610,2603084
balanced_compute,8,dynamic,0,2,2,0,2,3171275,3093516,3407004
balanced_compute,8,dynamic,0,2,3,0,2,2649314,2572079,2792761
balanced_compute,8,dynamic,0,2,4,0,2,2305520,2221462,2462210
balanced_compute,8,dynamic,0,3,1,0,2,2484237,2480292,2742443
balanced_compute,8,dynamic,0,3,2,0,2,2596008,2591145,2738450
balanced_compute,8,dynamic,0,3,3,0,2,2240465,2151945,2306359
balanced_compute,8,dynamic,0,4,1,0,2,2681550,2659316,2705979
balanced_compute,8,dynamic,0,4,2,0,2,2507388,2336810,2543281
balanced_compute,8,dynamic,0,5,1,0,2,2779604,2648874,2893144
balanced_compute,8,dynamic,0,6,1,0,2,2628183,2603768,2800795
balanced_compute,8,dynamic,1,1,1,0,1,4443290,4416244,4664049
balanced_compute,8,dynamic,1,1,1,0,2,2503320,2490390,2765152
balanced_compute,8,dynamic,1,1,1,1,1,4530967,4430607,4796852
balanced_compute,8,dynamic,1,1,1,1,2,2624326,2506232,2628428
balanced_compute,8,dynamic,1,1,2,0,1,3822541,3815593,4045197
balanced_compute,8,dynamic,1,1,2,0,2,2517363,2499023,2663929
balanced_compute,8,dynamic,1,1,2,1,1,3843425,3822025,4064169
balanced_compute,8,dynamic,1,1,2,1,2,2600531,2543756,2755051
balanced_compute,8,dynamic,1,1,3,0,1,3503956,3392906,3573232
balanced_compute,8,dynamic,1,1,3,0,2,2654949,2483254,2830253
balanced_compute,8,dynamic,1,1,3,1,1,3391786,3359385,3527108
balanced_compute,8,dynamic,1,1,3,1,2,2639120,2609411,2723972
balanced_compute,8,dynamic,1,1,4,0,1,3178120,3121054,3287027
balanced_compute,8,dynamic,1,1,4,0,2,2680528,2494403,2874853
balanced_compute,8,dynamic,1,1,4,1,1,3213444,3091889,3331242
balanced_compute,8,dynamic,1,1,4,1,2,2654163,2539711,2777887
balanced_compute,8,dynamic,1,1,5,0,1,3153598,3121851,3300448
balanced_compute,8,dynamic,1,1,5,0,2,2715044,2696914,2832837
balanced_compute,8,dynamic,1,1,5,1,1,2987857,2964539,3227188
balanced_compute,8,dynamic,1,1,5,1,2,2868436,2721554,3057423
balanced_compute,8,dynamic,1,1,6,0,1,3114087,3097105,3276710
balanced_compute,8,dynamic,1,1,6,0,2,2723734,2716200,2833708
balanced_compute,8,dynamic,1,1,6,1,1,3091457,3072006,3291849
balanced_compute,8,dynamic,1,1,6,1,2,2731466,2698458,2832351
balanced_compute,8,dynamic,1,1,7,0,1,3016367,3007501,3206909
balanced_compute,8,dynamic,1,1,7,1,1,2972830,2952196,3168854
balanced_compute,8,dynamic,1,2,1,0,1,3778266,3734194,3922950
balanced_compute,8,dynamic,1,2,1,0,2,2594102,2456070,2718531
balanced_compute,8,dynamic,1,2,1,1,1,3794945,3695989,3952507
balanced_compute,8,dynamic,1,2,1,1,2,2586415,2440485,2586883
balanced_compute,8,dynamic,1,2,2,0,1,2839897,2817819,2935369
balanced_compute,8,dynamic,1,2,2,0,2,3189303,3061933,3434550
balanced_compute,8,dynamic,1,2,2,1,1,2961422,2859347,2972266
balanced_compute,8,dynamic,1,2,2,1,2,2999496,2959718,3257262
balanced_compute,8,dynamic,1,2,3,0,1,2422306,2374559,2666628
balanced_compute,8,dynamic,1,2,3,0,2,2644309,2587990,2943467
balanced_compute,8,dynamic,1,2,3,1,1,2404650,2398506,2449655
balanced_compute,8,dynamic,1,2,3,1,2,2647620,2595231,3098785
balanced_compute,8,dynamic,1,2,4,0,1,2207988,2135501,2219693
balanced_compute,8,dynamic,1,2,4,0,2,2389347,2361422,2596521
balanced_compute,8,dynamic,1,2,4,1,1,2283880,2168287,2299725
balanced_compute,8,dynamic,1,2,4,1,2,2439935,2435561,2531199
balanced_compute,8,dynamic,1,2,5,0,1,2059640,2010598,2329884
balanced_compute,8,dynamic,1,2,5,1,1,2055914,2006465,2164493
balanced_compute,8,dynamic,1,2,6,0,1,2150045,2106660,2314970
balanced_compute,8,dynamic,1,2,6,1,1,2036501,2028616,2159765
balanced_compute,8,dynamic,1,2,7,0,1,1994530,1979524,2122098
balanced_compute,8,dynamic,1,2,7,1,1,1990766,1987771,2088617
balanced_compute,8,dynamic,1,3,1,0,1,3475556,3376935,3658010
balanced_compute,8,dynamic,1,3,1,0,2,2595934,2587976,2694723
balanced_compute,8,dynamic,1,3,1,1,1,3486822,3308773,3644837
balanced_compute,8,dynamic,1,3,1,1,2,2539448,2430300,2587993
balanced_compute,8,dynamic,1,3,2,0,1,2385851,2365371,2539728
balanced_compute,8,dynamic,1,3,2,0,2,2811964,2587535,3005081
balanced_compute,8,dynamic,1,3,2,1,1,2441762,2355407,2517623
balanced_compute,8,dynamic,1,3,2,1,2,2604802,2597114,2758779
balanced_compute,8,dynamic,1,3,3,0,1,2000400,1905273,2151245
balanced_compute,8,dynamic,1,3,3,0,2,2252373,2226582,2432936
balanced_compute,8,dynamic,1,3,3,1,1,1964564,1956192,2113661
balanced_compute,8,dynamic,1,3,3,1,2,2207999,2112826,2270648
balanced_compute,8,dynamic,1,3,4,0,1,1833897,1736225,1977212
balanced_compute,8,dynamic,1,3,4,1,1,1823108,1802544,1831290
balanced_compute,8,dynamic,1,3,5,0,1,1601838,1584274,1700326
balanced_compute,8,dynamic,1,3,5,1,1,1796416,1700456,1899792
balanced_compute,8,dynamic,1,3,6,0,1,1583493,1561864,1690071
balanced_compute,8,dynamic,1,3,6,1,1,1728336,1610989,1825279
balanced_compute,8,dynamic,1,3,7,0,1,1578479,1558972,1633311
balanced_compute,8,dynamic,1,3,7,1,1,1571237,1554095,1643998
balanced_compute,8,dynamic,1,4,1,0,1,3082945,3079193,3248165
balanced_compute,8,dynamic,1,4,1,0,2,2604682,2568828,2889500
balanced_compute,8,dynamic,1,4,1,1,1,3062065,3011917,3232258
balanced_compute,8,dynamic,1,4,1,1,2,2735312,2448181,2939242
balanced_compute,8,dynamic,1,4,2,0,1,2167649,2096149,2284367
balanced_compute,8,dynamic,1,4,2,0,2,2421043,2417343,2550663
balanced_compute,8,dynamic,1,4,2,1,1,2214015,2160679,2303717
balanced_compute,8,dynamic,1,4,2,1,2,2531073,2454816,2637373
balanced_compute,8,dynamic,1,4,3,0,1,1752263,1727443,1867131
balanced_compute,8,dynamic,1,4,3,1,1,1756313,1623268,1795012
balanced_compute,8,dynamic,1,4,4,0,1,1446530,1442191,1548176
balanced_compute,8,dynamic,1,4,4,1,1,1542606,1419525,1553432
balanced_compute,8,dynamic,1,4,5,0,1,1413786,1318238,1942757
balanced_compute,8,dynamic,1,4,5,1,1,1342870,1304522,1747969
balanced_compute,8,dynamic,1,4,6,0,1,1439583,1325918,1548824
balanced_compute,8,dynamic,1,4,6,1,1,1516979,1422910,1563100
balanced_compute,8,dynamic,1,4,7,0,1,1373827,1362394,1441433
balanced_compute,8,dynamic,1,4,7,1,1,1349430,1346432,1429476
balanced_compute,8,dynamic,1,5,1,0,1,2908434,2900068,3240546
balanced_compute,8,dynamic,1,5,1,0,2,2590655,2512463,2811852
balanced_compute,8,dynamic,1,5,1,1,1,2989555,2882436,3089595
balanced_compute,8,dynamic,1,5,1,1,2,2570765,2568581,2829577
balanced_compute,8,dynamic,1,5,2,0,1,2065640,2050194,2172179
balanced_compute,8,dynamic,1,5,2,1,1,2140919,2016902,2242205
balanced_compute,8,dynamic,1,5,3,0,1,1662216,1595712,1714024
balanced_compute,8,dynamic,1,5,3,1,1,1609065,1590821,1696993
balanced_compute,8,dynamic,1,5,4,0,1,1638535,1360029,1798021
balanced_compute,8,dynamic,1,5,4,1,1,1377414,1301753,1685653
balanced_compute,8,dynamic,1,5,5,0,1,1205466,1195350,1259696
balanced_compute,8,dynamic,1,5,5,1,1,1253567,1176147,1825786
balanced_compute,8,dynamic,1,5,6,0,1,1156475,1092988,1321282
balanced_compute,8,dynamic,1,5,6,1,1,1323179,1301487,1402970
balanced_compute,8,dynamic,1,5,7,0,1,1371684,1297004,1394767
balanced_compute,8,dynamic,1,5,7,1,1,1307170,1234574,1388746
balanced_compute,8,dynamic,1,6,1,0,1,3220398,3019669,3299133
balanced_compute,8,dynamic,1,6,1,0,2,2694526,2620037,2875208
balanced_compute,8,dynamic,1,6,1,1,1,3062052,3058295,3180188
balanced_compute,8,dynamic,1,6,1,1,2,2657783,2614995,2779590
balanced_compute,8,dynamic,1,6,2,0,1,2135602,2118319,2160484
balanced_compute,8,dynamic,1,6,2,1,1,2024166,2007764,2131638
balanced_compute,8,dynamic,1,6,3,0,1,1673016,1656972,1877007
balanced_compute,8,dynamic,1,6,3,1,1,1766167,1648890,1771595
balanced_compute,8,dynamic,1,6,4,0,1,1557630,1519586,1616936
balanced_compute,8,dynamic,1,6,4,1,1,1300826,1295861,1545086
balanced_compute,8,dynamic,1,6,5,0,1,1325612,1311920,1594384
balanced_compute,8,dynamic,1,6,5,1,1,1189731,1093943,1217501
balanced_compute,8,dynamic,1,6,6,0,1,1230360,1226355,1320041
balanced_compute,8,dynamic,1,6,6,1,1,1259021,1224426,1306284
balanced_compute,8,dynamic,1,6,7,0,1,1372119,1364974,1440858
balanced_compute,8,dynamic,1,6,7,1,1,1348507,1346294,1430954
balanced_compute,8,dynamic,1,7,1,0,1,2946565,2914119,3163337
balanced_compute,8,dynamic,1,7,1,1,1,3110206,2930457,3175403
balanced_compute,8,dynamic,1,7,2,0,1,2068329,1961717,2164347
balanced_compute,8,dynamic,1,7,2,1,1,2027656,1997793,2242842
balanced_compute,8,dynamic,1,7,3,0,1,1659954,1621385,1691269
balanced_compute,8,dynamic,1,7,3,1,1,1581371,1541265,1750781
balanced_compute,8,dynamic,1,7,4,0,1,1345073,1337634,1448535
balanced_compute,8,dynamic,1,7,4,1,1,1383149,1354330,1437930
balanced_compute,8,dynamic,1,7,5,0,1,1339734,1230478,1406173
balanced_compute,8,dynamic,1,7,5,1,1,1360473,1274825,1527111
balanced_compute,8,dynamic,1,7,6,0,1,1348324,1156934,1438066
balanced_compute,8,dynamic,1,7,6,1,1,1381937,1360924,1445392
balanced_compute,8,dynamic,1,7,7,0,1,1305022,1288758,1383670
balanced_compute,8,dynamic,1,7,7,1,1,1305651,1277186,1360077
balanced_compute,8,ordinary-first,0,1,1,0,2,2484139,2469753,2544247
balanced_compute,8,ordinary-first,0,1,2,0,2,2461883,2439961,2584350
balanced_compute,8,ordinary-first,0,1,3,0,2,2448668,2447588,2463041
balanced_compute,8,ordinary-first,0,1,4,0,2,2458375,2444302,2469083
balanced_compute,8,ordinary-first,0,1,5,0,2,2566606,2454950,2611017
balanced_compute,8,ordinary-first,0,1,6,0,2,2645572,2562960,2655394
balanced_compute,8,ordinary-first,0,2,1,0,2,2538087,2522730,2586387
balanced_compute,8,ordinary-first,0,2,2,0,2,3125980,3065628,3134324
balanced_compute,8,ordinary-first,0,2,3,0,2,2595278,2584606,2687951
balanced_compute,8,ordinary-first,0,2,4,0,2,2373398,2363253,2380460
balanced_compute,8,ordinary-first,0,3,1,0,2,2599836,2500552,2766775
balanced_compute,8,ordinary-first,0,3,2,0,2,2630116,2616191,2638252
balanced_compute,8,ordinary-first,0,3,3,0,2,2149823,2138581,2216723
balanced_compute,8,ordinary-first,0,4,1,0,2,2606160,2514731,2628660
balanced_compute,8,ordinary-first,0,4,2,0,2,2425588,2371928,2536959
balanced_compute,8,ordinary-first,0,5,1,0,2,2681210,2617736,2688552
balanced_compute,8,ordinary-first,0,6,1,0,2,2613309,2612626,2699859
chunk_edge,2,dynamic,0,1,1,0,2,154994,154728,158705
chunk_edge,2,dynamic,1,1,1,0,1,11241,11232,14078
chunk_edge,2,dynamic,1,1,1,0,2,201588,198084,206919
chunk_edge,2,dynamic,1,1,1,1,1,11168,11121,11195
chunk_edge,2,dynamic,1,1,1,1,2,206451,189581,250244
chunk_edge,2,ordinary-first,0,1,1,0,2,177724,156142,182565
chunk_edge,4,dynamic,0,1,1,0,2,175070,168182,184750
chunk_edge,4,dynamic,0,1,2,0,2,247833,246658,267514
chunk_edge,4,dynamic,0,2,1,0,2,244724,221356,256420
chunk_edge,4,dynamic,1,1,1,0,1,11259,11158,14042
chunk_edge,4,dynamic,1,1,1,0,2,192997,190563,203934
chunk_edge,4,dynamic,1,1,1,1,1,11167,11140,11406
chunk_edge,4,dynamic,1,1,1,1,2,195762,185558,197644
chunk_edge,4,dynamic,1,1,2,0,1,79283,70091,82102
chunk_edge,4,dynamic,1,1,2,0,2,278195,271992,285294
chunk_edge,4,dynamic,1,1,2,1,1,79044,74122,96795
chunk_edge,4,dynamic,1,1,2,1,2,276358,269176,296130
chunk_edge,4,dynamic,1,1,3,0,1,89284,76694,97427
chunk_edge,4,dynamic,1,1,3,1,1,77336,74314,77640
chunk_edge,4,dynamic,1,2,1,0,1,77842,77576,78191
chunk_edge,4,dynamic,1,2,1,0,2,266504,263051,269231
chunk_edge,4,dynamic,1,2,1,1,1,79174,77805,86776
chunk_edge,4,dynamic,1,2,1,1,2,272098,270388,291594
chunk_edge,4,dynamic,1,2,2,0,1,159109,140943,170368
chunk_edge,4,dynamic,1,2,2,1,1,152074,135947,153259
chunk_edge,4,dynamic,1,2,3,0,1,142504,131952,150719
chunk_edge,4,dynamic,1,2,3,1,1,135112,131980,172537
chunk_edge,4,dynamic,1,3,1,0,1,75978,73231,85767
chunk_edge,4,dynamic,1,3,1,1,1,73984,73075,78365
chunk_edge,4,dynamic,1,3,2,0,1,145113,143432,148865
chunk_edge,4,dynamic,1,3,2,1,1,138694,136250,181972
chunk_edge,4,dynamic,1,3,3,0,1,148841,145205,155178
chunk_edge,4,dynamic,1,3,3,1,1,154007,146509,158337
chunk_edge,4,ordinary-first,0,1,1,0,2,183415,180268,186697
chunk_edge,4,ordinary-first,0,1,2,0,2,259680,246427,261701
chunk_edge,4,ordinary-first,0,2,1,0,2,234517,218102,246638
chunk_edge,6,dynamic,0,1,1,0,2,179634,175328,185062
chunk_edge,6,dynamic,0,1,2,0,2,272501,265485,277882
chunk_edge,6,dynamic,0,1,3,0,2,273714,268873,287360
chunk_edge,6,dynamic,0,1,4,0,2,283705,280840,304892
chunk_edge,6,dynamic,0,2,1,0,2,245920,232680,274095
chunk_edge,6,dynamic,0,2,2,0,2,341664,340479,349231
chunk_edge,6,dynamic,0,3,1,0,2,244114,239907,244251
chunk_edge,6,dynamic,0,4,1,0,2,230374,229888,238006
chunk_edge,6,dynamic,1,1,1,0,1,11232,11231,11260
chunk_edge,6,dynamic,1,1,1,0,2,217021,207985,219667
chunk_edge,6,dynamic,1,1,1,1,1,11131,11122,11150
chunk_edge,6,dynamic,1,1,1,1,2,193464,189415,200307
chunk_edge,6,dynamic,1,1,2,0,1,101379,100342,130033
chunk_edge,6,dynamic,1,1,2,0,2,294505,291301,300263
chunk_edge,6,dynamic,1,1,2,1,1,100260,95741,100572
chunk_edge,6,dynamic,1,1,2,1,2,299896,289693,313928
chunk_edge,6,dynamic,1,1,3,0,1,98331,96513,107835
chunk_edge,6,dynamic,1,1,3,0,2,307931,302679,308282
chunk_edge,6,dynamic,1,1,3,1,1,100178,96926,102472
chunk_edge,6,dynamic,1,1,3,1,2,299490,294927,308997
chunk_edge,6,dynamic,1,1,4,0,1,98900,93913,99111
chunk_edge,6,dynamic,1,1,4,0,2,306287,303909,306610
chunk_edge,6,dynamic,1,1,4,1,1,101600,101224,105177
chunk_edge,6,dynamic,1,1,4,1,2,305851,295570,306720
chunk_edge,6,dynamic,1,1,5,0,1,101012,99249,101242
chunk_edge,6,dynamic,1,1,5,1,1,107114,103735,111309
chunk_edge,6,dynamic,1,2,1,0,1,101747,101508,107353
chunk_edge,6,dynamic,1,2,1,0,2,295801,294468,301301
chunk_edge,6,dynamic,1,2,1,1,1,106650,102895,110407
chunk_edge,6,dynamic,1,2,1,1,2,302366,293283,306554
chunk_edge,6,dynamic,1,2,2,0,1,191161,189580,201079
chunk_edge,6,dynamic,1,2,2,0,2,418146,398456,427256
chunk_edge,6,dynamic,1,2,2,1,1,209252,180470,216052
chunk_edge,6,dynamic,1,2,2,1,2,415362,401890,431580
chunk_edge,6,dynamic,1,2,3,0,1,202934,199407,206097
chunk_edge,6,dynamic,1,2,3,1,1,196018,192970,196652
chunk_edge,6,dynamic,1,2,4,0,1,208508,198874,214097
chunk_edge,6,dynamic,1,2,4,1,1,194512,190302,195743
chunk_edge,6,dynamic,1,2,5,0,1,197212,191885,206359
chunk_edge,6,dynamic,1,2,5,1,1,200250,196368,207819
chunk_edge,6,dynamic,1,3,1,0,1,104942,100847,150394
chunk_edge,6,dynamic,1,3,1,0,2,298740,298073,311789
chunk_edge,6,dynamic,1,3,1,1,1,103860,101949,105724
chunk_edge,6,dynamic,1,3,1,1,2,307169,300511,310498
chunk_edge,6,dynamic,1,3,2,0,1,193419,186614,197598
chunk_edge,6,dynamic,1,3,2,1,1,199223,182509,202548
chunk_edge,6,dynamic,1,3,3,0,1,195257,193929,200243
chunk_edge,6,dynamic,1,3,3,1,1,192556,183299,198571
chunk_edge,6,dynamic,1,3,4,0,1,206139,203393,231780
chunk_edge,6,dynamic,1,3,4,1,1,208488,194715,212044
chunk_edge,6,dynamic,1,3,5,0,1,203347,192161,208224
chunk_edge,6,dynamic,1,3,5,1,1,204417,197111,223625
chunk_edge,6,dynamic,1,4,1,0,1,101187,100507,102912
chunk_edge,6,dynamic,1,4,1,0,2,299070,296699,306921
chunk_edge,6,dynamic,1,4,1,1,1,99800,99653,100139
chunk_edge,6,dynamic,1,4,1,1,2,303928,301962,308197
chunk_edge,6,dynamic,1,4,2,0,1,196569,193207,198038
chunk_edge,6,dynamic,1,4,2,1,1,205753,187496,241771
chunk_edge,6,dynamic,1,4,3,0,1,202548,202088,207305
chunk_edge,6,dynamic,1,4,3,1,1,192565,189415,200298
chunk_edge,6,dynamic,1,4,4,0,1,229043,209473,242543
chunk_edge,6,dynamic,1,4,4,1,1,201593,186311,205697
chunk_edge,6,dynamic,1,4,5,0,1,201584,193035,201649
chunk_edge,6,dynamic,1,4,5,1,1,198911,192988,202143
chunk_edge,6,dynamic,1,5,1,0,1,103482,100351,106831
chunk_edge,6,dynamic,1,5,1,1,1,102307,101012,102812
chunk_edge,6,dynamic,1,5,2,0,1,189516,187110,203544
chunk_edge,6,dynamic,1,5,2,1,1,200756,193420,222463
chunk_edge,6,dynamic,1,5,3,0,1,199618,184795,267195
chunk_edge,6,dynamic,1,5,3,1,1,205166,202617,207378
chunk_edge,6,dynamic,1,5,4,0,1,205404,187855,206231
chunk_edge,6,dynamic,1,5,4,1,1,199628,196515,199719
chunk_edge,6,dynamic,1,5,5,0,1,206038,201189,206267
chunk_edge,6,dynamic,1,5,5,1,1,207517,205510,225306
chunk_edge,6,ordinary-first,0,1,1,0,2,175612,173702,179377
chunk_edge,6,ordinary-first,0,1,2,0,2,276340,275559,277754
chunk_edge,6,ordinary-first,0,1,3,0,2,284045,273005,289674
chunk_edge,6,ordinary-first,0,1,4,0,2,275881,273828,309154
chunk_edge,6,ordinary-first,0,2,1,0,2,250028,228000,258339
chunk_edge,6,ordinary-first,0,2,2,0,2,358204,354572,402671
chunk_edge,6,ordinary-first,0,3,1,0,2,238319,227243,253968
chunk_edge,6,ordinary-first,0,4,1,0,2,261502,230609,262821
chunk_edge,8,dynamic,0,1,1,0,2,188515,181325,203943
chunk_edge,8,dynamic,0,1,2,0,2,307390,301393,308290
chunk_edge,8,dynamic,0,1,3,0,2,313947,309392,333689
chunk_edge,8,dynamic,0,1,4,0,2,303412,300860,305766
chunk_edge,8,dynamic,0,1,5,0,2,307758,302220,341242
chunk_edge,8,dynamic,0,1,6,0,2,305406,298776,308382
chunk_edge,8,dynamic,0,2,1,0,2,268562,267028,292512
chunk_edge,8,dynamic,0,2,2,0,2,436321,397014,450831
chunk_edge,8,dynamic,0,2,3,0,2,392616,391853,436706
chunk_edge,8,dynamic,0,2,4,0,2,411993,410639,441537
chunk_edge,8,dynamic,0,3,1,0,2,267680,261591,279674
chunk_edge,8,dynamic,0,3,2,0,2,473644,423298,481399
chunk_edge,8,dynamic,0,3,3,0,2,409715,408760,483517
chunk_edge,8,dynamic,0,4,1,0,2,264740,261865,273842
chunk_edge,8,dynamic,0,4,2,0,2,423717,421204,434383
chunk_edge,8,dynamic,0,5,1,0,2,282309,266026,292264
chunk_edge,8,dynamic,0,6,1,0,2,274994,264153,283530
chunk_edge,8,dynamic,1,1,1,0,1,11332,11314,11360
chunk_edge,8,dynamic,1,1,1,0,2,227648,189535,232735
chunk_edge,8,dynamic,1,1,1,1,1,11214,11159,11351
chunk_edge,8,dynamic,1,1,1,1,2,196027,194834,202219
chunk_edge,8,dynamic,1,1,2,0,1,132430,130758,137820
chunk_edge,8,dynamic,1,1,2,0,2,332350,329397,357551
chunk_edge,8,dynamic,1,1,2,1,1,125202,123173,129390
chunk_edge,8,dynamic,1,1,2,1,2,347734,327896,364937
chunk_edge,8,dynamic,1,1,3,0,1,127995,124623,128914
chunk_edge,8,dynamic,1,1,3,0,2,337320,325996,341360
chunk_edge,8,dynamic,1,1,3,1,1,131363,126708,135028
chunk_edge,8,dynamic,1,1,3,1,2,318213,316326,320615
chunk_edge,8,dynamic,1,1,4,0,1,133697,122916,158210
chunk_edge,8,dynamic,1,1,4,0,2,322254,315710,331214
chunk_edge,8,dynamic,1,1,4,1,1,127856,123834,128435
chunk_edge,8,dynamic,1,1,4,1,2,321993,317336,340388
chunk_edge,8,dynamic,1,1,5,0,1,129895,123962,130097
chunk_edge,8,dynamic,1,1,5,0,2,325849,321110,339266
chunk_edge,8,dynamic,1,1,5,1,1,129518,125561,131704
chunk_edge,8,dynamic,1,1,5,1,2,334721,332737,336855
chunk_edge,8,dynamic,1,1,6,0,1,124587,123081,138647
chunk_edge,8,dynamic,1,1,6,0,2,332682,318235,333628
chunk_edge,8,dynamic,1,1,6,1,1,127830,125266,149558
chunk_edge,8,dynamic,1,1,6,1,2,337091,313166,340341
chunk_edge,8,dynamic,1,1,7,0,1,126525,122751,159751
chunk_edge,8,dynamic,1,1,7,1,1,132246,131521,139126
chunk_edge,8,dynamic,1,2,1,0,1,133422,132485,148997
chunk_edge,8,dynamic,1,2,1,0,2,345508,321496,360812
chunk_edge,8,dynamic,1,2,1,1,1,132310,127755,133588
chunk_edge,8,dynamic,1,2,1,1,2,324039,317979,339561
chunk_edge,8,dynamic,1,2,2,0,1,247584,243021,251833
chunk_edge,8,dynamic,1,2,2,0,2,466718,463523,486018
chunk_edge,8,dynamic,1,2,2,1,1,253775,247025,254684
chunk_edge,8,dynamic,1,2,2,1,2,460455,456087,462094
chunk_edge,8,dynamic,1,2,3,0,1,256805,237107,306819
chunk_edge,8,dynamic,1,2,3,0,2,465465,461296,493214
chunk_edge,8,dynamic,1,2,3,1,1,243737,243269,261586
chunk_edge,8,dynamic,1,2,3,1,2,476701,466793,480486
chunk_edge,8,dynamic,1,2,4,0,1,279417,262913,286827
chunk_edge,8,dynamic,1,2,4,0,2,467665,458298,471458
chunk_edge,8,dynamic,1,2,4,1,1,256080,248173,257330
chunk_edge,8,dynamic,1,2,4,1,2,460558,457195,465338
chunk_edge,8,dynamic,1,2,5,0,1,252030,248095,260856
chunk_edge,8,dynamic,1,2,5,1,1,276936,248914,297710
chunk_edge,8,dynamic,1,2,6,0,1,247667,245032,256365
chunk_edge,8,dynamic,1,2,6,1,1,278845,245374,330928
chunk_edge,8,dynamic,1,2,7,0,1,249357,248457,250340
chunk_edge,8,dynamic,1,2,7,1,1,244462,243002,280952
chunk_edge,8,dynamic,1,3,1,0,1,126405,125028,130263
chunk_edge,8,dynamic,1,3,1,0,2,325134,325060,332783
chunk_edge,8,dynamic,1,3,1,1,1,127911,127214,180305
chunk_edge,8,dynamic,1,3,1,1,2,332259,324967,337054
chunk_edge,8,dynamic,1,3,2,0,1,247309,236757,257926
chunk_edge,8,dynamic,1,3,2,0,2,474975,456038,480541
chunk_edge,8,dynamic,1,3,2,1,1,247205,245381,279912
chunk_edge,8,dynamic,1,3,2,1,2,481808,467701,508487
chunk_edge,8,dynamic,1,3,3,0,1,254913,249826,282667
chunk_edge,8,dynamic,1,3,3,0,2,481698,477578,565333
chunk_edge,8,dynamic,1,3,3,1,1,252627,243949,254546
chunk_edge,8,dynamic,1,3,3,1,2,461549,442033,553909
chunk_edge,8,dynamic,1,3,4,0,1,253637,245528,257689
chunk_edge,8,dynamic,1,3,4,1,1,254840,242920,340534
chunk_edge,8,dynamic,1,3,5,0,1,278249,257825,281213
chunk_edge,8,dynamic,1,3,5,1,1,245234,242076,257627
chunk_edge,8,dynamic,1,3,6,0,1,254151,244490,309705
chunk_edge,8,dynamic,1,3,6,1,1,254197,245335,254575
chunk_edge,8,dynamic,1,3,7,0,1,255254,248292,261095
chunk_edge,8,dynamic,1,3,7,1,1,253114,250524,273538
chunk_edge,8,dynamic,1,4,1,0,1,126202,124054,129665
chunk_edge,8,dynamic,1,4,1,0,2,325729,323508,332655
chunk_edge,8,dynamic,1,4,1,1,1,130515,127122,166987
chunk_edge,8,dynamic,1,4,1,1,2,348130,332709,416406
chunk_edge,8,dynamic,1,4,2,0,1,256962,241285,264658
chunk_edge,8,dynamic,1,4,2,0,2,456698,447057,459951
chunk_edge,8,dynamic,1,4,2,1,1,262581,257914,263335
chunk_edge,8,dynamic,1,4,2,1,2,492654,476710,566254
chunk_edge,8,dynamic,1,4,3,0,1,248880,247109,256687
chunk_edge,8,dynamic,1,4,3,1,1,278865,259579,325802
chunk_edge,8,dynamic,1,4,4,0,1,250065,248256,251049
chunk_edge,8,dynamic,1,4,4,1,1,253224,251364,255400
chunk_edge,8,dynamic,1,4,5,0,1,253216,244169,260608
chunk_edge,8,dynamic,1,4,5,1,1,246474,240991,255235
chunk_edge,8,dynamic,1,4,6,0,1,246776,246647,248935
chunk_edge,8,dynamic,1,4,6,1,1,250918,248338,251810
chunk_edge,8,dynamic,1,4,7,0,1,253850,244463,271362
chunk_edge,8,dynamic,1,4,7,1,1,253481,252600,258387
chunk_edge,8,dynamic,1,5,1,0,1,133899,125313,151255
chunk_edge,8,dynamic,1,5,1,0,2,330565,318557,332576
chunk_edge,8,dynamic,1,5,1,1,1,129811,124284,130906
chunk_edge,8,dynamic,1,5,1,1,2,326060,325474,326548
chunk_edge,8,dynamic,1,5,2,0,1,265999,247677,275292
chunk_edge,8,dynamic,1,5,2,1,1,245887,237997,256531
chunk_edge,8,dynamic,1,5,3,0,1,252196,244819,256769
chunk_edge,8,dynamic,1,5,3,1,1,270223,262168,277974
chunk_edge,8,dynamic,1,5,4,0,1,253362,252857,296553
chunk_edge,8,dynamic,1,5,4,1,1,253886,246584,256218
chunk_edge,8,dynamic,1,5,5,0,1,247530,241285,259339
chunk_edge,8,dynamic,1,5,5,1,1,259158,249945,362254
chunk_edge,8,dynamic,1,5,6,0,1,247190,242442,275605
chunk_edge,8,dynamic,1,5,6,1,1,260065,256555,261471
chunk_edge,8,dynamic,1,5,7,0,1,247434,238374,287300
chunk_edge,8,dynamic,1,5,7,1,1,261288,244380,263087
chunk_edge,8,dynamic,1,6,1,0,1,130015,124137,156437
chunk_edge,8,dynamic,1,6,1,0,2,326487,323466,367678
chunk_edge,8,dynamic,1,6,1,1,1,130795,127581,144436
chunk_edge,8,dynamic,1,6,1,1,2,342638,324097,365550
chunk_edge,8,dynamic,1,6,2,0,1,257347,237290,267412
chunk_edge,8,dynamic,1,6,2,1,1,256330,248219,271839
chunk_edge,8,dynamic,1,6,3,0,1,250340,242433,253582
chunk_edge,8,dynamic,1,6,3,1,1,249790,246579,253114
chunk_edge,8,dynamic,1,6,4,0,1,249110,247493,304928
chunk_edge,8,dynamic,1,6,4,1,1,265347,255391,276735
chunk_edge,8,dynamic,1,6,5,0,1,246539,243095,265971
chunk_edge,8,dynamic,1,6,5,1,1,249128,246832,261416
chunk_edge,8,dynamic,1,6,6,0,1,263294,242278,293845
chunk_edge,8,dynamic,1,6,6,1,1,253417,250074,289537
chunk_edge,8,dynamic,1,6,7,0,1,268597,251304,288389
chunk_edge,8,dynamic,1,6,7,1,1,258798,255088,259272
chunk_edge,8,dynamic,1,7,1,0,1,128463,127544,130869
chunk_edge,8,dynamic,1,7,1,1,1,138217,132568,163012
chunk_edge,8,dynamic,1,7,2,0,1,253918,246851,262298
chunk_edge,8,dynamic,1,7,2,1,1,294809,252572,309860
chunk_edge,8,dynamic,1,7,3,0,1,254543,242085,287319
chunk_edge,8,dynamic,1,7,3,1,1,257155,249147,262702
chunk_edge,8,dynamic,1,7,4,0,1,244985,243058,247796
chunk_edge,8,dynamic,1,7,4,1,1,268074,250295,306297
chunk_edge,8,dynamic,1,7,5,0,1,243122,237409,314760
chunk_edge,8,dynamic,1,7,5,1,1,264722,245564,349446
chunk_edge,8,dynamic,1,7,6,0,1,250304,245361,254863
chunk_edge,8,dynamic,1,7,6,1,1,250634,247393,277111
chunk_edge,8,dynamic,1,7,7,0,1,244077,236785,247567
chunk_edge,8,dynamic,1,7,7,1,1,248972,241551,249119
chunk_edge,8,ordinary-first,0,1,1,0,2,174850,171121,176126
chunk_edge,8,ordinary-first,0,1,2,0,2,303243,298587,315729
chunk_edge,8,ordinary-first,0,1,3,0,2,306269,293586,314222
chunk_edge,8,ordinary-first,0,1,4,0,2,299798,298459,300595
chunk_edge,8,ordinary-first,0,1,5,0,2,303340,296866,318466
chunk_edge,8,ordinary-first,0,1,6,0,2,310315,301044,312900
chunk_edge,8,ordinary-first,0,2,1,0,2,263574,263005,266348
chunk_edge,8,ordinary-first,0,2,2,0,2,422242,394682,465724
chunk_edge,8,ordinary-first,0,2,3,0,2,409963,387371,412232
chunk_edge,8,ordinary-first,0,2,4,0,2,404875,392312,423197
chunk_edge,8,ordinary-first,0,3,1,0,2,264419,262821,300346
chunk_edge,8,ordinary-first,0,3,2,0,2,400230,390889,433529
chunk_edge,8,ordinary-first,0,3,3,0,2,395765,393350,424914
chunk_edge,8,ordinary-first,0,4,1,0,2,270356,255355,313818
chunk_edge,8,ordinary-first,0,4,2,0,2,395531,390040,424382
chunk_edge,8,ordinary-first,0,5,1,0,2,264897,256696,288495
chunk_edge,8,ordinary-first,0,6,1,0,2,263326,261067,283068
large_arrays,2,dynamic,0,1,1,0,2,5560324,5554860,5662706
large_arrays,2,dynamic,1,1,1,0,1,10151251,10056523,10274164
large_arrays,2,dynamic,1,1,1,0,2,5686418,5663751,5724774
large_arrays,2,dynamic,1,1,1,1,1,10309027,10159330,10464369
large_arrays,2,dynamic,1,1,1,1,2,5667005,5628632,5732345
large_arrays,2,ordinary-first,0,1,1,0,2,5601989,5566028,5610133
large_arrays,4,dynamic,0,1,1,0,2,5753177,5712892,6084119
large_arrays,4,dynamic,0,1,2,0,2,5933411,5663174,6090261
large_arrays,4,dynamic,0,2,1,0,2,5402378,5308469,5805459
large_arrays,4,dynamic,1,1,1,0,1,10479892,10322020,11081514
large_arrays,4,dynamic,1,1,1,0,2,5793355,5703897,5867019
large_arrays,4,dynamic,1,1,1,1,1,10190874,10175608,10692118
large_arrays,4,dynamic,1,1,1,1,2,5770130,5658583,5876456
large_arrays,4,dynamic,1,1,2,0,1,9516114,9310861,9702757
large_arrays,4,dynamic,1,1,2,0,2,5849472,5626292,5866494
large_arrays,4,dynamic,1,1,2,1,1,9329031,9099726,9841136
large_arrays,4,dynamic,1,1,2,1,2,5814076,5779647,5914238
large_arrays,4,dynamic,1,1,3,0,1,8111641,7825983,8154333
large_arrays,4,dynamic,1,1,3,1,1,8125082,7989767,8161550
large_arrays,4,dynamic,1,2,1,0,1,8542261,8400835,8545129
large_arrays,4,dynamic,1,2,1,0,2,5403326,5380988,5614674
large_arrays,4,dynamic,1,2,1,1,1,8550406,8414812,8963841
large_arrays,4,dynamic,1,2,1,1,2,5254566,5237010,5596330
large_arrays,4,dynamic,1,2,2,0,1,7289767,7275512,7731075
large_arrays,4,dynamic,1,2,2,1,1,7269547,7256520,7304838
large_arrays,4,dynamic,1,2,3,0,1,6379378,6112114,6556588
large_arrays,4,dynamic,1,2,3,1,1,6278669,6140255,6528554
large_arrays,4,dynamic,1,3,1,0,1,7463130,7443848,7656287
large_arrays,4,dynamic,1,3,1,1,1,7418600,7407696,7519504
large_arrays,4,dynamic,1,3,2,0,1,6367353,6218573,6412642
large_arrays,4,dynamic,1,3,2,1,1,6453366,6433148,6685429
large_arrays,4,dynamic,1,3,3,0,1,5201728,5142554,5370800
large_arrays,4,dynamic,1,3,3,1,1,5279849,5271005,5300295
large_arrays,4,ordinary-first,0,1,1,0,2,5768179,5747165,5836500
large_arrays,4,ordinary-first,0,1,2,0,2,5886509,5587595,5943335
large_arrays,4,ordinary-first,0,2,1,0,2,5311150,5223303,5370417
large_arrays,6,dynamic,0,1,1,0,2,6099397,6090199,6173890
large_arrays,6,dynamic,0,1,2,0,2,5817176,5654932,6038987
large_arrays,6,dynamic,0,1,3,0,2,6216625,5678534,6728113
large_arrays,6,dynamic,0,1,4,0,2,5865130,5667385,6203485
large_arrays,6,dynamic,0,2,1,0,2,5650423,5447440,5721095
large_arrays,6,dynamic,0,2,2,0,2,8141647,7530391,9019442
large_arrays,6,dynamic,0,3,1,0,2,5674917,5367106,5903270
large_arrays,6,dynamic,0,4,1,0,2,5585795,5254783,5797236
large_arrays,6,dynamic,1,1,1,0,1,10383901,10021823,10897784
large_arrays,6,dynamic,1,1,1,0,2,6148493,5662956,6306934
large_arrays,6,dynamic,1,1,1,1,1,10153587,9999735,10936539
large_arrays,6,dynamic,1,1,1,1,2,5847149,5648271,6182445
large_arrays,6,dynamic,1,1,2,0,1,9636759,9126672,10135642
large_arrays,6,dynamic,1,1,2,0,2,6144782,5710243,6184090
large_arrays,6,dynamic,1,1,2,1,1,9976714,9970657,10028161
large_arrays,6,dynamic,1,1,2,1,2,5886936,5778987,6238360
large_arrays,6,dynamic,1,1,3,0,1,8651284,8611163,9852723
large_arrays,6,dynamic,1,1,3,0,2,5820379,5793709,8642059
large_arrays,6,dynamic,1,1,3,1,1,8595116,8431410,8901718
large_arrays,6,dynamic,1,1,3,1,2,6050036,5864144,6379092
large_arrays,6,dynamic,1,1,4,0,1,8568131,8199797,8845034
large_arrays,6,dynamic,1,1,4,0,2,6236931,5827902,6279869
large_arrays,6,dynamic,1,1,4,1,1,8330629,8286449,8601834
large_arrays,6,dynamic,1,1,4,1,2,5750656,5657510,6359568
large_arrays,6,dynamic,1,1,5,0,1,8515140,8037832,8597468
large_arrays,6,dynamic,1,1,5,1,1,9195069,8172133,10017830
large_arrays,6,dynamic,1,2,1,0,1,9083589,8352250,9253469
large_arrays,6,dynamic,1,2,1,0,2,5703103,5335477,5770106
large_arrays,6,dynamic,1,2,1,1,1,9079897,8482913,9155830
large_arrays,6,dynamic,1,2,1,1,2,5556489,5372911,5828605
large_arrays,6,dynamic,1,2,2,0,1,7950935,7512222,8039246
large_arrays,6,dynamic,1,2,2,0,2,8147790,8069766,8182560
large_arrays,6,dynamic,1,2,2,1,1,7811720,7329503,7958241
large_arrays,6,dynamic,1,2,2,1,2,8119465,7529970,8438410
large_arrays,6,dynamic,1,2,3,0,1,6660227,6549332,6772068
large_arrays,6,dynamic,1,2,3,1,1,6555794,6434551,6782176
large_arrays,6,dynamic,1,2,4,0,1,6721076,6294274,6800926
large_arrays,6,dynamic,1,2,4,1,1,6614597,6211017,6697282
large_arrays,6,dynamic,1,2,5,0,1,6633284,6554926,6797218
large_arrays,6,dynamic,1,2,5,1,1,6761951,6270257,6858669
large_arrays,6,dynamic,1,3,1,0,1,8122666,7517922,8128951
large_arrays,6,dynamic,1,3,1,0,2,5368308,5307486,5644459
large_arrays,6,dynamic,1,3,1,1,1,7961021,7481175,8061510
large_arrays,6,dynamic,1,3,1,1,2,5720964,5499018,5803687
large_arrays,6,dynamic,1,3,2,0,1,6786053,6399365,6943097
large_arrays,6,dynamic,1,3,2,1,1,6619132,6435194,6750294
large_arrays,6,dynamic,1,3,3,0,1,5719412,5660855,5788320
large_arrays,6,dynamic,1,3,3,1,1,5519370,5299486,5580107
large_arrays,6,dynamic,1,3,4,0,1,5670335,5226178,5726181
large_arrays,6,dynamic,1,3,4,1,1,5588506,5526377,5811572
large_arrays,6,dynamic,1,3,5,0,1,5604083,5045497,5607371
large_arrays,6,dynamic,1,3,5,1,1,5533275,5345916,5583227
large_arrays,6,dynamic,1,4,1,0,1,7811233,7605068,8209421
large_arrays,6,dynamic,1,4,1,0,2,5696800,5261416,5810759
large_arrays,6,dynamic,1,4,1,1,1,8067888,8061892,8226144
large_arrays,6,dynamic,1,4,1,1,2,5704772,5219034,5717880
large_arrays,6,dynamic,1,4,2,0,1,6831565,6337147,7688548
large_arrays,6,dynamic,1,4,2,1,1,6439263,6351322,6964326
large_arrays,6,dynamic,1,4,3,0,1,5486766,5364339,6217667
large_arrays,6,dynamic,1,4,3,1,1,5658939,5583616,5692949
large_arrays,6,dynamic,1,4,4,0,1,5822425,5658283,7078694
large_arrays,6,dynamic,1,4,4,1,1,5791777,5424543,5855447
large_arrays,6,dynamic,1,4,5,0,1,5795472,5591938,6284157
large_arrays,6,dynamic,1,4,5,1,1,5819527,5528299,6735594
large_arrays,6,dynamic,1,5,1,0,1,7600394,7526728,8198146
large_arrays,6,dynamic,1,5,1,1,1,8189347,7984537,8267459
large_arrays,6,dynamic,1,5,2,0,1,6831377,6793805,8073813
large_arrays,6,dynamic,1,5,2,1,1,6329158,6326763,6862064
large_arrays,6,dynamic,1,5,3,0,1,5088376,5041229,5709990
large_arrays,6,dynamic,1,5,3,1,1,5590053,5144431,5658411
large_arrays,6,dynamic,1,5,4,0,1,5690488,5628966,6807631
large_arrays,6,dynamic,1,5,4,1,1,5818358,5472535,6604769
large_arrays,6,dynamic,1,5,5,0,1,6390203,5760724,7038708
large_arrays,6,dynamic,1,5,5,1,1,5786866,5266569,5834979
large_arrays,6,ordinary-first,0,1,1,0,2,6156611,5919802,6233475
large_arrays,6,ordinary-first,0,1,2,0,2,6201273,6156625,6613680
large_arrays,6,ordinary-first,0,1,3,0,2,6500850,6092769,6907606
large_arrays,6,ordinary-first,0,1,4,0,2,6239462,5849572,6334087
large_arrays,6,ordinary-first,0,2,1,0,2,5762771,5733527,6789518
large_arrays,6,ordinary-first,0,2,2,0,2,8077051,7594006,8209206
large_arrays,6,ordinary-first,0,3,1,0,2,5857695,5677455,5900462
large_arrays,6,ordinary-first,0,4,1,0,2,5851240,5689323,5899580
large_arrays,8,dynamic,0,1,1,0,2,6001253,5754411,6116104
large_arrays,8,dynamic,0,1,2,0,2,5763823,5733481,8907730
large_arrays,8,dynamic,0,1,3,0,2,5685961,5662922,6137921
large_arrays,8,dynamic,0,1,4,0,2,5800843,5770105,6188444
large_arrays,8,dynamic,0,1,5,0,2,6260397,6026811,6428867
large_arrays,8,dynamic,0,1,6,0,2,6259398,5888833,6287517
large_arrays,8,dynamic,0,2,1,0,2,5493408,5297291,5748135
large_arrays,8,dynamic,0,2,2,0,2,7613862,7389318,7657030
large_arrays,8,dynamic,0,2,3,0,2,6621360,6318789,7050830
large_arrays,8,dynamic,0,2,4,0,2,7889094,6912278,9216772
large_arrays,8,dynamic,0,3,1,0,2,5328968,5234499,5812054
large_arrays,8,dynamic,0,3,2,0,2,6941962,6477494,7050349
large_arrays,8,dynamic,0,3,3,0,2,5511348,5419092,6027944
large_arrays,8,dynamic,0,4,1,0,2,5273006,5241847,5370916
large_arrays,8,dynamic,0,4,2,0,2,6485273,6485097,7496186
large_arrays,8,dynamic,0,5,1,0,2,5734086,5391900,6254890
large_arrays,8,dynamic,0,6,1,0,2,5271525,5195138,5863904
large_arrays,8,dynamic,1,1,1,0,1,10251509,10193146,10266570
large_arrays,8,dynamic,1,1,1,0,2,5802221,5728025,6341723
large_arrays,8,dynamic,1,1,1,1,1,10022254,10019343,10427388
large_arrays,8,dynamic,1,1,1,1,2,5772035,5741002,6359438
large_arrays,8,dynamic,1,1,2,0,1,9664624,9021108,9870191
large_arrays,8,dynamic,1,1,2,0,2,6041468,5693788,6268249
large_arrays,8,dynamic,1,1,2,1,1,9738756,9299299,10159952
large_arrays,8,dynamic,1,1,2,1,2,6037622,5672547,6173954
large_arrays,8,dynamic,1,1,3,0,1,8646036,8336546,8863167
large_arrays,8,dynamic,1,1,3,0,2,6356986,5772952,6400561
large_arrays,8,dynamic,1,1,3,1,1,8724449,7998221,8956786
large_arrays,8,dynamic,1,1,3,1,2,6011098,5918497,6519460
large_arrays,8,dynamic,1,1,4,0,1,8283472,8278700,8837594
large_arrays,8,dynamic,1,1,4,0,2,6117859,6021755,7021302
large_arrays,8,dynamic,1,1,4,1,1,8288416,7833964,9094930
large_arrays,8,dynamic,1,1,4,1,2,5871164,5683843,6178479
large_arrays,8,dynamic,1,1,5,0,1,8670762,7960130,10247676
large_arrays,8,dynamic,1,1,5,0,2,5884148,5818795,6701774
large_arrays,8,dynamic,1,1,5,1,1,8854156,7939064,10212814
large_arrays,8,dynamic,1,1,5,1,2,6184509,6055910,6447244
large_arrays,8,dynamic,1,1,6,0,1,9092370,8872291,9663775
large_arrays,8,dynamic,1,1,6,0,2,5891837,5888283,6442942
large_arrays,8,dynamic,1,1,6,1,1,9075334,8898401,9445136
large_arrays,8,dynamic,1,1,6,1,2,7136728,6943327,7332097
large_arrays,8,dynamic,1,1,7,0,1,9059688,8879980,9111397
large_arrays,8,dynamic,1,1,7,1,1,9430677,8853133,9575746
large_arrays,8,dynamic,1,2,1,0,1,8467828,8450801,8973684
large_arrays,8,dynamic,1,2,1,0,2,5515122,5293983,5572588
large_arrays,8,dynamic,1,2,1,1,1,8857522,8352279,8906818
large_arrays,8,dynamic,1,2,1,1,2,5223920,5202760,5776210
large_arrays,8,dynamic,1,2,2,0,1,7936694,7733213,7987326
large_arrays,8,dynamic,1,2,2,0,2,7577292,7572351,8249859
large_arrays,8,dynamic,1,2,2,1,1,7285073,7256094,7840579
large_arrays,8,dynamic,1,2,2,1,2,8131487,7881242,8152460
large_arrays,8,dynamic,1,2,3,0,1,6621917,6292644,6799620
large_arrays,8,dynamic,1,2,3,0,2,6624755,6434753,6988145
large_arrays,8,dynamic,1,2,3,1,1,6648784,6170794,6714488
large_arrays,8,dynamic,1,2,3,1,2,6853832,6495573,6921586
large_arrays,8,dynamic,1,2,4,0,1,6352925,6035544,7930676
large_arrays,8,dynamic,1,2,4,0,2,6296188,6280754,6574048
large_arrays,8,dynamic,1,2,4,1,1,6107288,6060033,6682054
large_arrays,8,dynamic,1,2,4,1,2,6418268,6408243,6855651
large_arrays,8,dynamic,1,2,5,0,1,6614564,6231076,7713329
large_arrays,8,dynamic,1,2,5,1,1,6555487,6223215,6737766
large_arrays,8,dynamic,1,2,6,0,1,6816669,6462817,7444895
large_arrays,8,dynamic,1,2,6,1,1,7640109,7634806,7673080
large_arrays,8,dynamic,1,2,7,0,1,6792352,6764707,6960780
large_arrays,8,dynamic,1,2,7,1,1,7776731,6933891,8847046
large_arrays,8,dynamic,1,3,1,0,1,7956768,7410943,8193764
large_arrays,8,dynamic,1,3,1,0,2,5497330,5494105,7829660
large_arrays,8,dynamic,1,3,1,1,1,7991690,7947975,8255853
large_arrays,8,dynamic,1,3,1,1,2,5784384,5234583,6434234
large_arrays,8,dynamic,1,3,2,0,1,6633223,6506084,6823760
large_arrays,8,dynamic,1,3,2,0,2,6520346,6396367,7014299
large_arrays,8,dynamic,1,3,2,1,1,6703219,6436847,6808111
large_arrays,8,dynamic,1,3,2,1,2,6775287,6399024,7219160
large_arrays,8,dynamic,1,3,3,0,1,5209667,5160093,5527747
large_arrays,8,dynamic,1,3,3,0,2,5415424,5349724,5923219
large_arrays,8,dynamic,1,3,3,1,1,5238346,5130447,5272120
large_arrays,8,dynamic,1,3,3,1,2,5935489,5499680,6290254
large_arrays,8,dynamic,1,3,4,0,1,5273824,5140292,5460550
large_arrays,8,dynamic,1,3,4,1,1,5534542,5311004,7010622
large_arrays,8,dynamic,1,3,5,0,1,6574815,5697374,6589541
large_arrays,8,dynamic,1,3,5,1,1,5301562,5004920,5684300
large_arrays,8,dynamic,1,3,6,0,1,5482572,5395974,5766551
large_arrays,8,dynamic,1,3,6,1,1,6281635,6113451,6543118
large_arrays,8,dynamic,1,3,7,0,1,6057197,5801376,7406440
large_arrays,8,dynamic,1,3,7,1,1,6374581,6012704,6417337
large_arrays,8,dynamic,1,4,1,0,1,7881035,7800848,9230082
large_arrays,8,dynamic,1,4,1,0,2,5225765,5193870,5675944
large_arrays,8,dynamic,1,4,1,1,1,7649650,7569196,8683304
large_arrays,8,dynamic,1,4,1,1,2,5288780,5231073,5576217
large_arrays,8,dynamic,1,4,2,0,1,6349014,6325708,7005845
large_arrays,8,dynamic,1,4,2,0,2,6937731,6642710,6964552
large_arrays,8,dynamic,1,4,2,1,1,6387867,6202399,7049999
large_arrays,8,dynamic,1,4,2,1,2,6515137,6402234,6991710
large_arrays,8,dynamic,1,4,3,0,1,5131454,5095952,5720030
large_arrays,8,dynamic,1,4,3,1,1,5461265,5179272,5607248
large_arrays,8,dynamic,1,4,4,0,1,5528232,5241152,6427397
large_arrays,8,dynamic,1,4,4,1,1,6203890,5763679,6569970
large_arrays,8,dynamic,1,4,5,0,1,5269049,5061063,5369211
large_arrays,8,dynamic,1,4,5,1,1,5445300,5001048,6295200
large_arrays,8,dynamic,1,4,6,0,1,5771462,5145445,7914394
large_arrays,8,dynamic,1,4,6,1,1,6480309,6341824,6848695
large_arrays,8,dynamic,1,4,7,0,1,6179601,5919103,6266352
large_arrays,8,dynamic,1,4,7,1,1,5868831,5837032,6416031
large_arrays,8,dynamic,1,5,1,0,1,8141459,7758202,8753333
large_arrays,8,dynamic,1,5,1,0,2,5621921,5404170,5718335
large_arrays,8,dynamic,1,5,1,1,1,7484798,7385604,9104201
large_arrays,8,dynamic,1,5,1,1,2,5677540,5196001,5748303
large_arrays,8,dynamic,1,5,2,0,1,6438142,6120815,6630614
large_arrays,8,dynamic,1,5,2,1,1,6444149,6266681,6820637
large_arrays,8,dynamic,1,5,3,0,1,5574892,5067226,6599653
large_arrays,8,dynamic,1,5,3,1,1,5120336,5081442,5217417
large_arrays,8,dynamic,1,5,4,0,1,5419917,5012610,5514549
large_arrays,8,dynamic,1,5,4,1,1,5299535,5074963,5543537
large_arrays,8,dynamic,1,5,5,0,1,6104909,4935471,6621067
large_arrays,8,dynamic,1,5,5,1,1,5272153,5005997,5344856
large_arrays,8,dynamic,1,5,6,0,1,5983914,5631270,6463984
large_arrays,8,dynamic,1,5,6,1,1,6536019,6100037,7630077
large_arrays,8,dynamic,1,5,7,0,1,6735567,5842556,7442490
large_arrays,8,dynamic,1,5,7,1,1,7121232,6132185,7574910
large_arrays,8,dynamic,1,6,1,0,1,8431681,8379793,8638448
large_arrays,8,dynamic,1,6,1,0,2,6085247,5925849,6115305
large_arrays,8,dynamic,1,6,1,1,1,8345656,8330237,9001532
large_arrays,8,dynamic,1,6,1,1,2,6050349,5290576,6181128
large_arrays,8,dynamic,1,6,2,0,1,7797223,7692548,7824655
large_arrays,8,dynamic,1,6,2,1,1,7657072,7064117,7818579
large_arrays,8,dynamic,1,6,3,0,1,6041652,6012502,6151443
large_arrays,8,dynamic,1,6,3,1,1,6144473,5979027,6497770
large_arrays,8,dynamic,1,6,4,0,1,6295199,6233886,6439096
large_arrays,8,dynamic,1,6,4,1,1,5412883,5333919,5867243
large_arrays,8,dynamic,1,6,5,0,1,6154998,6059674,6609262
large_arrays,8,dynamic,1,6,5,1,1,6241021,6016111,6464854
large_arrays,8,dynamic,1,6,6,0,1,6090428,6083943,7297642
large_arrays,8,dynamic,1,6,6,1,1,6084888,6062775,6568941
large_arrays,8,dynamic,1,6,7,0,1,6990543,6970167,7461377
large_arrays,8,dynamic,1,6,7,1,1,6750959,6664192,6871605
large_arrays,8,dynamic,1,7,1,0,1,8809803,8463494,8901709
large_arrays,8,dynamic,1,7,1,1,1,8689901,8347116,8878071
large_arrays,8,dynamic,1,7,2,0,1,7535389,6999865,8192084
large_arrays,8,dynamic,1,7,2,1,1,7197328,7011925,7691706
large_arrays,8,dynamic,1,7,3,0,1,6328227,6136199,6460688
large_arrays,8,dynamic,1,7,3,1,1,5916046,5875664,6366956
large_arrays,8,dynamic,1,7,4,0,1,6139396,5910640,6463690
large_arrays,8,dynamic,1,7,4,1,1,5834283,5566235,6269703
large_arrays,8,dynamic,1,7,5,0,1,6267676,5805859,7749852
large_arrays,8,dynamic,1,7,5,1,1,6514919,6161756,6598803
large_arrays,8,dynamic,1,7,6,0,1,6793517,6648980,7308403
large_arrays,8,dynamic,1,7,6,1,1,7082044,6722875,7206348
large_arrays,8,dynamic,1,7,7,0,1,6692497,6671668,7175972
large_arrays,8,dynamic,1,7,7,1,1,6964251,6622672,7337470
large_arrays,8,ordinary-first,0,1,1,0,2,5693393,5688370,6077749
large_arrays,8,ordinary-first,0,1,2,0,2,5822177,5791679,5949097
large_arrays,8,ordinary-first,0,1,3,0,2,5694433,5673308,5789290
large_arrays,8,ordinary-first,0,1,4,0,2,5732095,5711880,5794103
large_arrays,8,ordinary-first,0,1,5,0,2,5755972,5699005,5836110
large_arrays,8,ordinary-first,0,1,6,0,2,5791541,5750875,5955644
large_arrays,8,ordinary-first,0,2,1,0,2,5213365,5169016,5398614
large_arrays,8,ordinary-first,0,2,2,0,2,7504391,7438999,7555243
large_arrays,8,ordinary-first,0,2,3,0,2,6401536,6328070,6537795
large_arrays,8,ordinary-first,0,2,4,0,2,6567109,6373673,6724910
large_arrays,8,ordinary-first,0,3,1,0,2,5205340,5172747,5352390
large_arrays,8,ordinary-first,0,3,2,0,2,6703728,6514391,7023148
large_arrays,8,ordinary-first,0,3,3,0,2,5388759,5323210,5697306
large_arrays,8,ordinary-first,0,4,1,0,2,5298177,5254980,5629539
large_arrays,8,ordinary-first,0,4,2,0,2,6645676,6472904,6663356
large_arrays,8,ordinary-first,0,5,1,0,2,5461913,5216967,5550678
large_arrays,8,ordinary-first,0,6,1,0,2,5337857,5262574,5564619
short,2,dynamic,0,1,1,0,2,166493,164729,174391
short,2,dynamic,1,1,1,0,1,38783,38737,38792
short,2,dynamic,1,1,1,0,2,210703,210482,212549
short,2,dynamic,1,1,1,1,1,38792,38792,56177
short,2,dynamic,1,1,1,1,2,206047,204082,209684
short,2,ordinary-first,0,1,1,0,2,167944,164803,173004
short,4,dynamic,0,1,1,0,2,209711,185540,215716
short,4,dynamic,0,1,2,0,2,266577,251855,283365
short,4,dynamic,0,2,1,0,2,256594,224396,256741
short,4,dynamic,1,1,1,0,1,40546,40538,50639
short,4,dynamic,1,1,1,0,2,204274,203402,209601
short,4,dynamic,1,1,1,1,1,38783,38774,38829
short,4,dynamic,1,1,1,1,2,209472,207030,216334
short,4,dynamic,1,1,2,0,1,100076,94510,100397
short,4,dynamic,1,1,2,0,2,287213,284724,296348
short,4,dynamic,1,1,2,1,1,100654,99451,103013
short,4,dynamic,1,1,2,1,2,280317,274209,287001
short,4,dynamic,1,1,3,0,1,91875,89367,92398
short,4,dynamic,1,1,3,1,1,93243,86823,98232
short,4,dynamic,1,2,1,0,1,98075,97284,98247
short,4,dynamic,1,2,1,0,2,277855,275982,292347
short,4,dynamic,1,2,1,1,1,97716,91589,104777
short,4,dynamic,1,2,1,1,2,296153,273640,299445
short,4,dynamic,1,2,2,0,1,158806,157906,159540
short,4,dynamic,1,2,2,1,1,160201,159274,160404
short,4,dynamic,1,2,3,0,1,162682,161130,166327
short,4,dynamic,1,2,3,1,1,153956,153874,161067
short,4,dynamic,1,3,1,0,1,88746,85032,134366
short,4,dynamic,1,3,1,1,1,89980,86796,91838
short,4,dynamic,1,3,2,0,1,157290,152516,167044
short,4,dynamic,1,3,2,1,1,164876,161273,167438
short,4,dynamic,1,3,3,0,1,152641,148731,155950
short,4,dynamic,1,3,3,1,1,154679,146609,162912
short,4,ordinary-first,0,1,1,0,2,196570,179735,209955
short,4,ordinary-first,0,1,2,0,2,259965,259079,264429
short,4,ordinary-first,0,2,1,0,2,239760,224268,241534
short,6,dynamic,0,1,1,0,2,187009,182334,194962
short,6,dynamic,0,1,2,0,2,284935,280478,333974
short,6,dynamic,0,1,3,0,2,281488,276165,310356
short,6,dynamic,0,1,4,0,2,276945,272864,285158
short,6,dynamic,0,2,1,0,2,249440,246437,252863
short,6,dynamic,0,2,2,0,2,371722,365229,378840
short,6,dynamic,0,3,1,0,2,248045,238154,251882
short,6,dynamic,0,4,1,0,2,247236,235724,283367
short,6,dynamic,1,1,1,0,1,39004,38975,39040
short,6,dynamic,1,1,1,0,2,204936,201639,211658
short,6,dynamic,1,1,1,1,1,38765,38755,39233
short,6,dynamic,1,1,1,1,2,220787,209712,223198
short,6,dynamic,1,1,2,0,1,128086,121731,129596
short,6,dynamic,1,1,2,0,2,300758,293486,343804
short,6,dynamic,1,1,2,1,1,128596,128105,131562
short,6,dynamic,1,1,2,1,2,308777,307547,319764
short,6,dynamic,1,1,3,0,1,115431,108616,118085
short,6,dynamic,1,1,3,0,2,298280,291713,335225
short,6,dynamic,1,1,3,1,1,114907,110379,117818
short,6,dynamic,1,1,3,1,2,336619,303138,339124
short,6,dynamic,1,1,4,0,1,119237,118388,126484
short,6,dynamic,1,1,4,0,2,297661,293017,329882
short,6,dynamic,1,1,4,1,1,122686,118489,132751
short,6,dynamic,1,1,4,1,2,310635,308474,349293
short,6,dynamic,1,1,5,0,1,123154,119334,160093
short,6,dynamic,1,1,5,1,1,119802,115917,126673
short,6,dynamic,1,2,1,0,1,123696,123072,125217
short,6,dynamic,1,2,1,0,2,317391,290859,337528
short,6,dynamic,1,2,1,1,1,121758,119104,129335
short,6,dynamic,1,2,1,1,2,305847,299869,324590
short,6,dynamic,1,2,2,0,1,210290,209987,217738
short,6,dynamic,1,2,2,0,2,446638,428295,520229
short,6,dynamic,1,2,2,1,1,216021,212283,221154
short,6,dynamic,1,2,2,1,2,428469,417274,430829
short,6,dynamic,1,2,3,0,1,216563,211649,216755
short,6,dynamic,1,2,3,1,1,214074,199773,216674
short,6,dynamic,1,2,4,0,1,222202,207062,228887
short,6,dynamic,1,2,4,1,1,221577,215377,240953
short,6,dynamic,1,2,5,0,1,216645,206225,243241
short,6,dynamic,1,2,5,1,1,212117,207076,213187
short,6,dynamic,1,3,1,0,1,118150,116809,127590
short,6,dynamic,1,3,1,0,2,291652,289720,345824
short,6,dynamic,1,3,1,1,1,115109,112015,116405
short,6,dynamic,1,3,1,1,2,315358,297889,337017
short,6,dynamic,1,3,2,0,1,208270,207250,212319
short,6,dynamic,1,3,2,1,1,222761,210450,250492
short,6,dynamic,1,3,3,0,1,205476,203458,212632
short,6,dynamic,1,3,3,1,1,214546,203182,216884
short,6,dynamic,1,3,4,0,1,211741,199205,220475
short,6,dynamic,1,3,4,1,1,212742,205238,215147
short,6,dynamic,1,3,5,0,1,201031,200693,203318
short,6,dynamic,1,3,5,1,1,240055,201492,307731
short,6,dynamic,1,4,1,0,1,120799,114559,121694
short,6,dynamic,1,4,1,0,2,294566,292411,327324
short,6,dynamic,1,4,1,1,1,120895,111665,122162
short,6,dynamic,1,4,1,1,2,303275,301200,314635
short,6,dynamic,1,4,2,0,1,211019,205009,211052
short,6,dynamic,1,4,2,1,1,220755,199251,224975
short,6,dynamic,1,4,3,0,1,209666,201106,214092
short,6,dynamic,1,4,3,1,1,208096,197351,208508
short,6,dynamic,1,4,4,0,1,208936,201465,214670
short,6,dynamic,1,4,4,1,1,216591,205575,234164
short,6,dynamic,1,4,5,0,1,214138,201575,217236
short,6,dynamic,1,4,5,1,1,206626,206534,207966
short,6,dynamic,1,5,1,0,1,114558,110875,119894
short,6,dynamic,1,5,1,1,1,116910,115045,121400
short,6,dynamic,1,5,2,0,1,208214,205523,213991
short,6,dynamic,1,5,2,1,1,216595,208793,245619
short,6,dynamic,1,5,3,0,1,213632,196910,230935
short,6,dynamic,1,5,3,1,1,207332,194190,243557
short,6,dynamic,1,5,4,0,1,201189,199031,203320
short,6,dynamic,1,5,4,1,1,203163,198045,212448
short,6,dynamic,1,5,5,0,1,203751,200978,254354
short,6,dynamic,1,5,5,1,1,198896,198498,208748
short,6,ordinary-first,0,1,1,0,2,180948,180286,182950
short,6,ordinary-first,0,1,2,0,2,271803,270573,292181
short,6,ordinary-first,0,1,3,0,2,282851,273107,296921
short,6,ordinary-first,0,1,4,0,2,282300,276459,310604
short,6,ordinary-first,0,2,1,0,2,246703,238396,248287
short,6,ordinary-first,0,2,2,0,2,363686,351986,367581
short,6,ordinary-first,0,3,1,0,2,256180,229533,263656
short,6,ordinary-first,0,4,1,0,2,239132,237281,245519
short,8,dynamic,0,1,1,0,2,187036,181949,234227
short,8,dynamic,0,1,2,0,2,333451,308116,334219
short,8,dynamic,0,1,3,0,2,329900,318466,357537
short,8,dynamic,0,1,4,0,2,297394,291336,349461
short,8,dynamic,0,1,5,0,2,295157,292824,302275
short,8,dynamic,0,1,6,0,2,299987,297949,302862
short,8,dynamic,0,2,1,0,2,273704,269185,297074
short,8,dynamic,0,2,2,0,2,436468,422595,611262
short,8,dynamic,0,2,3,0,2,474866,421085,574527
short,8,dynamic,0,2,4,0,2,503207,387885,626267
short,8,dynamic,0,3,1,0,2,278189,273446,300479
short,8,dynamic,0,3,2,0,2,401201,399632,427647
short,8,dynamic,0,3,3,0,2,408898,395370,455387
short,8,dynamic,0,4,1,0,2,276972,276823,289613
short,8,dynamic,0,4,2,0,2,434750,405039,573196
short,8,dynamic,0,5,1,0,2,273160,264070,314786
short,8,dynamic,0,6,1,0,2,287816,278810,296526
short,8,dynamic,1,1,1,0,1,39012,38801,42714
short,8,dynamic,1,1,1,0,2,228759,207681,276211
short,8,dynamic,1,1,1,1,1,39187,38783,40427
short,8,dynamic,1,1,1,1,2,229007,216802,304774
short,8,dynamic,1,1,2,0,1,193814,174484,207534
short,8,dynamic,1,1,2,0,2,322837,312524,340424
short,8,dynamic,1,1,2,1,1,171849,153259,228097
short,8,dynamic,1,1,2,1,2,358938,323434,443999
short,8,dynamic,1,1,3,0,1,145021,142422,147393
short,8,dynamic,1,1,3,0,2,332448,326528,426990
short,8,dynamic,1,1,3,1,1,149236,146353,156631
short,8,dynamic,1,1,3,1,2,352727,314195,460805
short,8,dynamic,1,1,4,0,1,154434,147712,159889
short,8,dynamic,1,1,4,0,2,327282,317758,329698
short,8,dynamic,1,1,4,1,1,145296,144249,162441
short,8,dynamic,1,1,4,1,2,332434,331727,355222
short,8,dynamic,1,1,5,0,1,163444,142119,229806
short,8,dynamic,1,1,5,0,2,348909,347348,360356
short,8,dynamic,1,1,5,1,1,161110,154434,230228
short,8,dynamic,1,1,5,1,2,325403,321092,349747
short,8,dynamic,1,1,6,0,1,146316,143433,155660
short,8,dynamic,1,1,6,0,2,328357,319944,350092
short,8,dynamic,1,1,6,1,1,144884,139611,163374
short,8,dynamic,1,1,6,1,2,326456,315113,335192
short,8,dynamic,1,1,7,0,1,164717,151863,198149
short,8,dynamic,1,1,7,1,1,145645,142992,157833
short,8,dynamic,1,2,1,0,1,151443,147886,157640
short,8,dynamic,1,2,1,0,2,363909,328834,368425
short,8,dynamic,1,2,1,1,1,152818,150477,160919
short,8,dynamic,1,2,1,1,2,361524,339405,482874
short,8,dynamic,1,2,2,0,1,292354,262031,368945
short,8,dynamic,1,2,2,0,2,504253,475696,518445
short,8,dynamic,1,2,2,1,1,284774,280684,412426
short,8,dynamic,1,2,2,1,2,592309,465462,688360
short,8,dynamic,1,2,3,0,1,271877,267596,281184
short,8,dynamic,1,2,3,0,2,464296,464267,504039
short,8,dynamic,1,2,3,1,1,283015,253174,378022
short,8,dynamic,1,2,3,1,2,476388,472856,509248
short,8,dynamic,1,2,4,0,1,264759,260048,287025
short,8,dynamic,1,2,4,0,2,497953,490651,522194
short,8,dynamic,1,2,4,1,1,281605,263032,314251
short,8,dynamic,1,2,4,1,2,469492,466043,476840
short,8,dynamic,1,2,5,0,1,259276,253564,286279
short,8,dynamic,1,2,5,1,1,264561,258597,301792
short,8,dynamic,1,2,6,0,1,286714,265126,312965
short,8,dynamic,1,2,6,1,1,264225,258138,269699
short,8,dynamic,1,2,7,0,1,262225,255924,297734
short,8,dynamic,1,2,7,1,1,275813,256301,278969
short,8,dynamic,1,3,1,0,1,155285,146205,213045
short,8,dynamic,1,3,1,0,2,323718,319485,327392
short,8,dynamic,1,3,1,1,1,151812,150568,206367
short,8,dynamic,1,3,1,1,2,333587,320997,352336
short,8,dynamic,1,3,2,0,1,269478,256595,286744
short,8,dynamic,1,3,2,0,2,526769,477537,688554
short,8,dynamic,1,3,2,1,1,259046,253858,282726
short,8,dynamic,1,3,2,1,2,465835,462935,483764
short,8,dynamic,1,3,3,0,1,253875,253087,257837
short,8,dynamic,1,3,3,0,2,457013,456597,462372
short,8,dynamic,1,3,3,1,1,254409,252435,283622
short,8,dynamic,1,3,3,1,2,488971,457040,509034
short,8,dynamic,1,3,4,0,1,260847,249521,295350
short,8,dynamic,1,3,4,1,1,256589,252048,260056
short,8,dynamic,1,3,5,0,1,276843,266752,280843
short,8,dynamic,1,3,5,1,1,260522,254905,293706
short,8,dynamic,1,3,6,0,1,271776,251681,274348
short,8,dynamic,1,3,6,1,1,263564,250267,273940
short,8,dynamic,1,3,7,0,1,275435,259578,396067
short,8,dynamic,1,3,7,1,1,253306,251320,270449
short,8,dynamic,1,4,1,0,1,147693,139400,210770
short,8,dynamic,1,4,1,0,2,336356,319430,369708
short,8,dynamic,1,4,1,1,1,148336,137536,205456
short,8,dynamic,1,4,1,1,2,332930,326079,461952
short,8,dynamic,1,4,2,0,1,263840,260930,275958
short,8,dynamic,1,4,2,0,2,485078,467047,506092
short,8,dynamic,1,4,2,1,1,264216,257917,290510
short,8,dynamic,1,4,2,1,2,529676,504703,691335
short,8,dynamic,1,4,3,0,1,258293,252260,280011
short,8,dynamic,1,4,3,1,1,259129,256310,349108
short,8,dynamic,1,4,4,0,1,267781,255144,281875
short,8,dynamic,1,4,4,1,1,265338,257237,279811
short,8,dynamic,1,4,5,0,1,284740,264428,373135
short,8,dynamic,1,4,5,1,1,272327,266274,287076
short,8,dynamic,1,4,6,0,1,261258,257504,301261
short,8,dynamic,1,4,6,1,1,273401,263427,375256
short,8,dynamic,1,4,7,0,1,270723,252921,376581
short,8,dynamic,1,4,7,1,1,259726,258725,278796
short,8,dynamic,1,5,1,0,1,151403,145499,215351
short,8,dynamic,1,5,1,0,2,319539,316877,341241
short,8,dynamic,1,5,1,1,1,144644,138254,164125
short,8,dynamic,1,5,1,1,2,322971,317354,459850
short,8,dynamic,1,5,2,0,1,262053,260819,297853
short,8,dynamic,1,5,2,1,1,268543,262427,346433
short,8,dynamic,1,5,3,0,1,260516,259313,308935
short,8,dynamic,1,5,3,1,1,275446,256338,367589
short,8,dynamic,1,5,4,0,1,261021,248396,285141
short,8,dynamic,1,5,4,1,1,274567,256694,281935
short,8,dynamic,1,5,5,0,1,272500,250165,294210
short,8,dynamic,1,5,5,1,1,260539,246116,262111
short,8,dynamic,1,5,6,0,1,252416,241845,274567
short,8,dynamic,1,5,6,1,1,251048,248540,277056
short,8,dynamic,1,5,7,0,1,266446,257917,415410
short,8,dynamic,1,5,7,1,1,255235,253528,275042
short,8,dynamic,1,6,1,0,1,157944,146086,206983
short,8,dynamic,1,6,1,0,2,322822,314800,328054
short,8,dynamic,1,6,1,1,1,144053,139711,153977
short,8,dynamic,1,6,1,1,2,326421,322745,330413
short,8,dynamic,1,6,2,0,1,292224,261177,366479
short,8,dynamic,1,6,2,1,1,256016,245877,278812
short,8,dynamic,1,6,3,0,1,265328,264006,271895
short,8,dynamic,1,6,3,1,1,276985,250708,397740
short,8,dynamic,1,6,4,0,1,264511,254087,283822
short,8,dynamic,1,6,4,1,1,276293,260442,292296
short,8,dynamic,1,6,5,0,1,256501,254281,274793
short,8,dynamic,1,6,5,1,1,273769,246713,329725
short,8,dynamic,1,6,6,0,1,276312,257696,299623
short,8,dynamic,1,6,6,1,1,288868,252700,299343
short,8,dynamic,1,6,7,0,1,264519,249009,271215
short,8,dynamic,1,6,7,1,1,279309,248714,374431
short,8,dynamic,1,7,1,0,1,146022,143450,209851
short,8,dynamic,1,7,1,1,1,159838,139539,219189
short,8,dynamic,1,7,2,0,1,263091,252406,285143
short,8,dynamic,1,7,2,1,1,264244,254455,322085
short,8,dynamic,1,7,3,0,1,270875,250331,279130
short,8,dynamic,1,7,3,1,1,283430,254105,360233
short,8,dynamic,1,7,4,0,1,259763,255529,304662
short,8,dynamic,1,7,4,1,1,254454,252260,285081
short,8,dynamic,1,7,5,0,1,270655,254619,285180
short,8,dynamic,1,7,5,1,1,247383,246989,273391
short,8,dynamic,1,7,6,0,1,271453,251148,274151
short,8,dynamic,1,7,6,1,1,266109,265284,267694
short,8,dynamic,1,7,7,0,1,249394,244187,259927
short,8,dynamic,1,7,7,1,1,266306,265571,365657
short,8,ordinary-first,0,1,1,0,2,184713,181333,199622
short,8,ordinary-first,0,1,2,0,2,335004,307904,335484
short,8,ordinary-first,0,1,3,0,2,334402,307899,344271
short,8,ordinary-first,0,1,4,0,2,305475,282070,335345
short,8,ordinary-first,0,1,5,0,2,303864,301356,330507
short,8,ordinary-first,0,1,6,0,2,306739,306095,324703
short,8,ordinary-first,0,2,1,0,2,290581,280859,304908
short,8,ordinary-first,0,2,2,0,2,434790,429957,476437
short,8,ordinary-first,0,2,3,0,2,414086,407443,445396
short,8,ordinary-first,0,2,4,0,2,425874,409073,469114
short,8,ordinary-first,0,3,1,0,2,286003,258955,310639
short,8,ordinary-first,0,3,2,0,2,428869,411483,442063
short,8,ordinary-first,0,3,3,0,2,441492,415969,442303
short,8,ordinary-first,0,4,1,0,2,271270,265318,277627
short,8,ordinary-first,0,4,2,0,2,411727,389612,426153
short,8,ordinary-first,0,5,1,0,2,269589,268589,285352
short,8,ordinary-first,0,6,1,0,2,292508,267611,294474
tiny,2,dynamic,0,1,1,0,2,149916,142871,186182
tiny,2,dynamic,1,1,1,0,1,1570,1561,1607
tiny,2,dynamic,1,1,1,0,2,211787,185227,222614
tiny,2,dynamic,1,1,1,1,1,1571,1561,1589
tiny,2,dynamic,1,1,1,1,2,204192,177504,207874
tiny,2,ordinary-first,0,1,1,0,2,150485,141605,189731
tiny,4,dynamic,0,1,1,0,2,180580,168146,186495
tiny,4,dynamic,0,1,2,0,2,256254,253197,257651
tiny,4,dynamic,0,2,1,0,2,217509,208289,224240
tiny,4,dynamic,1,1,1,0,1,1580,1570,1589
tiny,4,dynamic,1,1,1,0,2,187344,184290,215369
tiny,4,dynamic,1,1,1,1,1,1571,1561,1580
tiny,4,dynamic,1,1,1,1,2,192111,186927,217095
tiny,4,dynamic,1,1,2,0,1,71532,69507,74544
tiny,4,dynamic,1,1,2,0,2,273483,261324,278695
tiny,4,dynamic,1,1,2,1,1,67923,65939,72851
tiny,4,dynamic,1,1,2,1,2,264290,261645,273497
tiny,4,dynamic,1,1,3,0,1,71634,66941,73231
tiny,4,dynamic,1,1,3,1,1,76992,70872,80412
tiny,4,dynamic,1,2,1,0,1,69347,67776,76399
tiny,4,dynamic,1,2,1,0,2,279338,270416,305377
tiny,4,dynamic,1,2,1,1,1,70504,67987,71055
tiny,4,dynamic,1,2,1,1,2,269795,257973,273068
tiny,4,dynamic,1,2,2,0,1,135515,134046,155003
tiny,4,dynamic,1,2,2,1,1,135497,134919,140273
tiny,4,dynamic,1,2,3,0,1,136489,135120,143405
tiny,4,dynamic,1,2,3,1,1,154044,134772,154397
tiny,4,dynamic,1,3,1,0,1,67528,66757,69245
tiny,4,dynamic,1,3,1,1,1,68162,68089,75224
tiny,4,dynamic,1,3,2,0,1,139520,132623,142744
tiny,4,dynamic,1,3,2,1,1,138437,135424,139364
tiny,4,dynamic,1,3,3,0,1,142326,135662,152543
tiny,4,dynamic,1,3,3,1,1,142027,136204,143129
tiny,4,ordinary-first,0,1,1,0,2,169238,166686,210814
tiny,4,ordinary-first,0,1,2,0,2,249930,247549,254996
tiny,4,ordinary-first,0,2,1,0,2,220520,212819,230265
tiny,6,dynamic,0,1,1,0,2,164821,162011,165923
tiny,6,dynamic,0,1,2,0,2,279802,268955,310677
tiny,6,dynamic,0,1,3,0,2,285514,267165,346812
tiny,6,dynamic,0,1,4,0,2,290308,269130,315095
tiny,6,dynamic,0,2,1,0,2,257102,239577,268947
tiny,6,dynamic,0,2,2,0,2,356019,353035,381278
tiny,6,dynamic,0,3,1,0,2,233800,230150,244444
tiny,6,dynamic,0,4,1,0,2,247980,236004,264409
tiny,6,dynamic,1,1,1,0,1,1589,1579,1589
tiny,6,dynamic,1,1,1,0,2,191298,181591,214854
tiny,6,dynamic,1,1,1,1,1,1570,1570,1580
tiny,6,dynamic,1,1,1,1,2,184327,182104,192601
tiny,6,dynamic,1,1,2,0,1,96200,93776,96433
tiny,6,dynamic,1,1,2,0,2,300631,292563,306785
tiny,6,dynamic,1,1,2,1,1,96779,90937,96990
tiny,6,dynamic,1,1,2,1,2,295088,289518,303780
tiny,6,dynamic,1,1,3,0,1,97339,94428,102234
tiny,6,dynamic,1,1,3,0,2,306545,297526,320669
tiny,6,dynamic,1,1,3,1,1,109167,105255,112965
tiny,6,dynamic,1,1,3,1,2,294569,281905,297747
tiny,6,dynamic,1,1,4,0,1,94326,93289,105604
tiny,6,dynamic,1,1,4,0,2,298436,292380,316950
tiny,6,dynamic,1,1,4,1,1,109664,95089,121817
tiny,6,dynamic,1,1,4,1,2,299344,293532,410776
tiny,6,dynamic,1,1,5,0,1,97624,96021,100737
tiny,6,dynamic,1,1,5,1,1,95842,95227,98046
tiny,6,dynamic,1,2,1,0,1,98423,92976,157080
tiny,6,dynamic,1,2,1,0,2,317409,300530,380332
tiny,6,dynamic,1,2,1,1,1,101379,98266,101931
tiny,6,dynamic,1,2,1,1,2,294340,293972,304864
tiny,6,dynamic,1,2,2,0,1,198360,191105,252420
tiny,6,dynamic,1,2,2,0,2,398520,396481,414711
tiny,6,dynamic,1,2,2,1,1,205028,196165,211586
tiny,6,dynamic,1,2,2,1,2,412691,400752,427549
tiny,6,dynamic,1,2,3,0,1,193032,191748,198910
tiny,6,dynamic,1,2,3,1,1,199196,195817,202053
tiny,6,dynamic,1,2,4,0,1,210170,193668,225795
tiny,6,dynamic,1,2,4,1,1,198461,196612,215028
tiny,6,dynamic,1,2,5,0,1,223854,192142,238039
tiny,6,dynamic,1,2,5,1,1,190224,187009,208683
tiny,6,dynamic,1,3,1,0,1,97807,95161,102703
tiny,6,dynamic,1,3,1,0,2,294101,292136,300265
tiny,6,dynamic,1,3,1,1,1,94887,94694,103598
tiny,6,dynamic,1,3,1,1,2,299827,289160,303248
tiny,6,dynamic,1,3,2,0,1,200794,199609,202502
tiny,6,dynamic,1,3,2,1,1,195027,186458,203200
tiny,6,dynamic,1,3,3,0,1,196459,196000,210887
tiny,6,dynamic,1,3,3,1,1,197763,195991,199076
tiny,6,dynamic,1,3,4,0,1,200977,186798,210318
tiny,6,dynamic,1,3,4,1,1,193144,187854,201758
tiny,6,dynamic,1,3,5,0,1,199600,197901,239293
tiny,6,dynamic,1,3,5,1,1,202406,190821,207356
tiny,6,dynamic,1,4,1,0,1,99460,98643,99658
tiny,6,dynamic,1,4,1,0,2,293274,290271,356650
tiny,6,dynamic,1,4,1,1,1,97256,97210,108935
tiny,6,dynamic,1,4,1,1,2,299777,298408,334151
tiny,6,dynamic,1,4,2,0,1,204274,194705,330020
tiny,6,dynamic,1,4,2,1,1,195697,185852,208710
tiny,6,dynamic,1,4,3,0,1,195109,191076,196505
tiny,6,dynamic,1,4,3,1,1,202172,200491,212788
tiny,6,dynamic,1,4,4,0,1,197709,197286,209578
tiny,6,dynamic,1,4,4,1,1,204568,194211,207553
tiny,6,dynamic,1,4,5,0,1,195174,190645,208904
tiny,6,dynamic,1,4,5,1,1,204409,203448,219181
tiny,6,dynamic,1,5,1,0,1,100470,94534,101829
tiny,6,dynamic,1,5,1,1,1,103740,94725,103905
tiny,6,dynamic,1,5,2,0,1,212918,185291,219408
tiny,6,dynamic,1,5,2,1,1,188690,188432,208903
tiny,6,dynamic,1,5,3,0,1,195651,185329,205799
tiny,6,dynamic,1,5,3,1,1,198461,194163,202718
tiny,6,dynamic,1,5,4,0,1,200675,190453,240835
tiny,6,dynamic,1,5,4,1,1,199334,188194,240063
tiny,6,dynamic,1,5,5,0,1,197350,195614,205110
tiny,6,dynamic,1,5,5,1,1,213251,197644,214446
tiny,6,ordinary-first,0,1,1,0,2,168008,164656,168513
tiny,6,ordinary-first,0,1,2,0,2,271834,265494,281960
tiny,6,ordinary-first,0,1,3,0,2,262215,258881,274411
tiny,6,ordinary-first,0,1,4,0,2,269232,260984,279439
tiny,6,ordinary-first,0,2,1,0,2,235738,233562,237923
tiny,6,ordinary-first,0,2,2,0,2,347265,338045,356174
tiny,6,ordinary-first,0,3,1,0,2,234085,230527,244657
tiny,6,ordinary-first,0,4,1,0,2,256117,230650,260911
tiny,8,dynamic,0,1,1,0,2,191399,170643,223496
tiny,8,dynamic,0,1,2,0,2,344373,328558,459316
tiny,8,dynamic,0,1,3,0,2,329192,324710,366836
tiny,8,dynamic,0,1,4,0,2,340639,322823,393350
tiny,8,dynamic,0,1,5,0,2,325602,323498,353189
tiny,8,dynamic,0,1,6,0,2,328982,310366,442860
tiny,8,dynamic,0,2,1,0,2,308042,306609,313405
tiny,8,dynamic,0,2,2,0,2,495776,422811,511105
tiny,8,dynamic,0,2,3,0,2,470930,441010,580059
tiny,8,dynamic,0,2,4,0,2,434607,421613,447677
tiny,8,dynamic,0,3,1,0,2,292531,278875,306898
tiny,8,dynamic,0,3,2,0,2,485077,440784,571267
tiny,8,dynamic,0,3,3,0,2,439801,430039,442701
tiny,8,dynamic,0,4,1,0,2,293338,292774,333802
tiny,8,dynamic,0,4,2,0,2,431117,410817,446960
tiny,8,dynamic,0,5,1,0,2,286472,285275,301858
tiny,8,dynamic,0,6,1,0,2,294249,281188,307987
tiny,8,dynamic,1,1,1,0,1,1598,1580,2672
tiny,8,dynamic,1,1,1,0,2,199848,192060,204606
tiny,8,dynamic,1,1,1,1,1,1589,1561,2388
tiny,8,dynamic,1,1,1,1,2,208215,202411,268388
tiny,8,dynamic,1,1,2,0,1,132152,122861,185835
tiny,8,dynamic,1,1,2,0,2,325469,325165,336604
tiny,8,dynamic,1,1,2,1,1,125928,119876,134101
tiny,8,dynamic,1,1,2,1,2,330505,319682,333499
tiny,8,dynamic,1,1,3,0,1,153764,128986,156620
tiny,8,dynamic,1,1,3,0,2,329625,322947,469153
tiny,8,dynamic,1,1,3,1,1,126176,121326,161929
tiny,8,dynamic,1,1,3,1,2,320724,306132,335896
tiny,8,dynamic,1,1,4,0,1,127121,125753,166553
tiny,8,dynamic,1,1,4,0,2,339488,314893,378867
tiny,8,dynamic,1,1,4,1,1,158760,122270,167916
tiny,8,dynamic,1,1,4,1,2,382858,318870,438609
tiny,8,dynamic,1,1,5,0,1,125001,124449,129772
tiny,8,dynamic,1,1,5,0,2,355467,330128,361180
tiny,8,dynamic,1,1,5,1,1,122935,119288,140926
tiny,8,dynamic,1,1,5,1,2,340185,315123,347785
tiny,8,dynamic,1,1,6,0,1,129739,124330,137903
tiny,8,dynamic,1,1,6,0,2,357238,321892,407705
tiny,8,dynamic,1,1,6,1,1,127912,126892,131144
tiny,8,dynamic,1,1,6,1,2,328586,321954,334427
tiny,8,dynamic,1,1,7,0,1,128178,126736,151610
tiny,8,dynamic,1,1,7,1,1,124642,123912,126277
tiny,8,dynamic,1,2,1,0,1,129647,129041,133890
tiny,8,dynamic,1,2,1,0,2,325997,325967,386160
tiny,8,dynamic,1,2,1,1,1,125060,124388,164977
tiny,8,dynamic,1,2,1,1,2,339047,337531,442859
tiny,8,dynamic,1,2,2,0,1,264085,248632,299520
tiny,8,dynamic,1,2,2,0,2,462834,451566,474786
tiny,8,dynamic,1,2,2,1,1,254842,247080,279104
tiny,8,dynamic,1,2,2,1,2,476077,471163,496961
tiny,8,dynamic,1,2,3,0,1,249705,246657,249900
tiny,8,dynamic,1,2,3,0,2,476592,461158,480440
tiny,8,dynamic,1,2,3,1,1,261319,248412,390112
tiny,8,dynamic,1,2,3,1,2,465860,461952,601631
tiny,8,dynamic,1,2,4,0,1,262683,250777,274910
tiny,8,dynamic,1,2,4,0,2,474934,446597,518175
tiny,8,dynamic,1,2,4,1,1,299073,247090,309295
tiny,8,dynamic,1,2,4,1,2,505989,460530,692988
tiny,8,dynamic,1,2,5,0,1,267441,258036,294292
tiny,8,dynamic,1,2,5,1,1,266127,252201,275104
tiny,8,dynamic,1,2,6,0,1,260846,257880,291643
tiny,8,dynamic,1,2,6,1,1,279094,243829,359187
tiny,8,dynamic,1,2,7,0,1,265323,256385,283163
tiny,8,dynamic,1,2,7,1,1,257426,250560,328563
tiny,8,dynamic,1,3,1,0,1,125046,118103,127669
tiny,8,dynamic,1,3,1,0,2,325097,318796,368321
tiny,8,dynamic,1,3,1,1,1,137353,122879,182794
tiny,8,dynamic,1,3,1,1,2,332810,330386,338623
tiny,8,dynamic,1,3,2,0,1,259271,256209,291649
tiny,8,dynamic,1,3,2,0,2,550098,459004,562487
tiny,8,dynamic,1,3,2,1,1,263050,249688,370564
tiny,8,dynamic,1,3,2,1,2,472743,462440,544206
tiny,8,dynamic,1,3,3,0,1,260714,255025,287598
tiny,8,dynamic,1,3,3,0,2,463119,462329,542760
tiny,8,dynamic,1,3,3,1,1,259266,253932,271436
tiny,8,dynamic,1,3,3,1,2,461153,455010,464204
tiny,8,dynamic,1,3,4,0,1,322661,255791,342307
tiny,8,dynamic,1,3,4,1,1,255148,247025,294764
tiny,8,dynamic,1,3,5,0,1,250547,244937,284513
tiny,8,dynamic,1,3,5,1,1,241303,237116,252985
tiny,8,dynamic,1,3,6,0,1,251029,246355,262559
tiny,8,dynamic,1,3,6,1,1,256114,240183,259083
tiny,8,dynamic,1,3,7,0,1,259920,252149,294524
tiny,8,dynamic,1,3,7,1,1,292090,272666,299516
tiny,8,dynamic,1,4,1,0,1,132310,122989,145532
tiny,8,dynamic,1,4,1,0,2,337176,335988,359233
tiny,8,dynamic,1,4,1,1,1,123292,121832,167732
tiny,8,dynamic,1,4,1,1,2,346375,339423,413330
tiny,8,dynamic,1,4,2,0,1,252049,242314,298224
tiny,8,dynamic,1,4,2,0,2,485767,450424,576627
tiny,8,dynamic,1,4,2,1,1,301393,246860,389989
tiny,8,dynamic,1,4,2,1,2,472982,448857,555058
tiny,8,dynamic,1,4,3,0,1,252838,245335,335857
tiny,8,dynamic,1,4,3,1,1,259570,244670,295572
tiny,8,dynamic,1,4,4,0,1,256245,255575,267679
tiny,8,dynamic,1,4,4,1,1,256244,249276,317749
tiny,8,dynamic,1,4,5,0,1,256429,248715,325133
tiny,8,dynamic,1,4,5,1,1,278984,253572,284265
tiny,8,dynamic,1,4,6,0,1,263712,249679,292641
tiny,8,dynamic,1,4,6,1,1,259069,247438,295607
tiny,8,dynamic,1,4,7,0,1,257434,256008,326225
tiny,8,dynamic,1,4,7,1,1,250644,247558,267606
tiny,8,dynamic,1,5,1,0,1,127779,122512,130134
tiny,8,dynamic,1,5,1,0,2,344474,322258,362702
tiny,8,dynamic,1,5,1,1,1,130648,125600,141502
tiny,8,dynamic,1,5,1,1,2,330579,323576,365303
tiny,8,dynamic,1,5,2,0,1,263643,258037,281556
tiny,8,dynamic,1,5,2,1,1,251378,245124,321496
tiny,8,dynamic,1,5,3,0,1,256375,255511,263660
tiny,8,dynamic,1,5,3,1,1,301246,247796,318736
tiny,8,dynamic,1,5,4,0,1,251112,248421,255961
tiny,8,dynamic,1,5,4,1,1,257995,247420,278690
tiny,8,dynamic,1,5,5,0,1,268794,249992,309548
tiny,8,dynamic,1,5,5,1,1,255498,243929,257430
tiny,8,dynamic,1,5,6,0,1,303615,252774,310182
tiny,8,dynamic,1,5,6,1,1,270515,259983,281267
tiny,8,dynamic,1,5,7,0,1,261980,256503,358563
tiny,8,dynamic,1,5,7,1,1,256025,255968,279361
tiny,8,dynamic,1,6,1,0,1,128958,124892,154503
tiny,8,dynamic,1,6,1,0,2,334978,315287,335355
tiny,8,dynamic,1,6,1,1,1,121309,121199,146571
tiny,8,dynamic,1,6,1,1,2,328926,324499,342365
tiny,8,dynamic,1,6,2,0,1,250741,241386,305484
tiny,8,dynamic,1,6,2,1,1,261049,259474,264038
tiny,8,dynamic,1,6,3,0,1,267955,262068,328402
tiny,8,dynamic,1,6,3,1,1,252926,250330,257532
tiny,8,dynamic,1,6,4,0,1,259083,237603,283705
tiny,8,dynamic,1,6,4,1,1,258362,244536,298491
tiny,8,dynamic,1,6,5,0,1,269673,258358,271713
tiny,8,dynamic,1,6,5,1,1,273086,244809,371595
tiny,8,dynamic,1,6,6,0,1,248378,247851,264125
tiny,8,dynamic,1,6,6,1,1,252618,248458,300980
tiny,8,dynamic,1,6,7,0,1,285245,257650,285312
tiny,8,dynamic,1,6,7,1,1,256194,248962,331948
tiny,8,dynamic,1,7,1,0,1,125965,124385,176356
tiny,8,dynamic,1,7,1,1,1,128995,126514,130595
tiny,8,dynamic,1,7,2,0,1,258570,249752,266072
tiny,8,dynamic,1,7,2,1,1,257228,256985,262031
tiny,8,dynamic,1,7,3,0,1,263629,252967,265421
tiny,8,dynamic,1,7,3,1,1,260470,256842,326547
tiny,8,dynamic,1,7,4,0,1,268561,242681,296270
tiny,8,dynamic,1,7,4,1,1,280086,243819,283346
tiny,8,dynamic,1,7,5,0,1,255690,246952,290419
tiny,8,dynamic,1,7,5,1,1,249545,246864,268552
tiny,8,dynamic,1,7,6,0,1,284357,246529,338239
tiny,8,dynamic,1,7,6,1,1,258045,256172,360463
tiny,8,dynamic,1,7,7,0,1,260312,255561,272666
tiny,8,dynamic,1,7,7,1,1,251075,238879,255056
tiny,8,ordinary-first,0,1,1,0,2,176760,161799,184649
tiny,8,ordinary-first,0,1,2,0,2,357333,315757,379790
tiny,8,ordinary-first,0,1,3,0,2,349085,322048,425484
tiny,8,ordinary-first,0,1,4,0,2,304067,293660,323127
tiny,8,ordinary-first,0,1,5,0,2,328059,323857,384083
tiny,8,ordinary-first,0,1,6,0,2,321193,311541,392092
tiny,8,ordinary-first,0,2,1,0,2,279002,268956,301737
tiny,8,ordinary-first,0,2,2,0,2,405381,402883,540594
tiny,8,ordinary-first,0,2,3,0,2,418468,410515,569973
tiny,8,ordinary-first,0,2,4,0,2,420689,419386,445138
tiny,8,ordinary-first,0,3,1,0,2,280932,254960,294865
tiny,8,ordinary-first,0,3,2,0,2,427072,424749,427992
tiny,8,ordinary-first,0,3,3,0,2,405578,404104,578851
tiny,8,ordinary-first,0,4,1,0,2,274852,269194,300823
tiny,8,ordinary-first,0,4,2,0,2,419355,401275,452842
tiny,8,ordinary-first,0,5,1,0,2,279738,265943,340171
tiny,8,ordinary-first,0,6,1,0,2,268717,267284,358819
trip_skew,2,dynamic,0,1,1,0,2,4038575,3985781,4109964
trip_skew,2,dynamic,1,1,1,0,1,4093881,4063098,4098669
trip_skew,2,dynamic,1,1,1,0,2,4228328,4179771,4240986
trip_skew,2,dynamic,1,1,1,1,1,4077798,4052610,4081633
trip_skew,2,dynamic,1,1,1,1,2,4250774,4217773,4274081
trip_skew,2,ordinary-first,0,1,1,0,2,3999324,3988135,4014258
trip_skew,4,dynamic,0,1,1,0,2,4155418,4051434,4196182
trip_skew,4,dynamic,0,1,2,0,2,4139093,4041110,4266589
trip_skew,4,dynamic,0,2,1,0,2,2542295,2433927,2669306
trip_skew,4,dynamic,1,1,1,0,1,4162415,4058905,4163273
trip_skew,4,dynamic,1,1,1,0,2,4183244,4182826,4332707
trip_skew,4,dynamic,1,1,1,1,1,4050762,4045041,4187301
trip_skew,4,dynamic,1,1,1,1,2,4371661,4304912,4397533
trip_skew,4,dynamic,1,1,2,0,1,4167804,4094465,4233790
trip_skew,4,dynamic,1,1,2,0,2,4231551,4106510,4252867
trip_skew,4,dynamic,1,1,2,1,1,4251713,4217974,4333750
trip_skew,4,dynamic,1,1,2,1,2,4251308,4222146,4383285
trip_skew,4,dynamic,1,1,3,0,1,4165178,4158444,4174069
trip_skew,4,dynamic,1,1,3,1,1,4194106,4132001,4358141
trip_skew,4,dynamic,1,2,1,0,1,2699111,2651175,2707193
trip_skew,4,dynamic,1,2,1,0,2,2652313,2610273,2714079
trip_skew,4,dynamic,1,2,1,1,1,2662704,2643294,2692656
trip_skew,4,dynamic,1,2,1,1,2,2673727,2519530,2710447
trip_skew,4,dynamic,1,2,2,0,1,2583073,2503087,2712130
trip_skew,4,dynamic,1,2,2,1,1,2587517,2550195,2692396
trip_skew,4,dynamic,1,2,3,0,1,2591046,2527050,2657851
trip_skew,4,dynamic,1,2,3,1,1,2620947,2569586,2624991
trip_skew,4,dynamic,1,3,1,0,1,1897146,1810848,1919045
trip_skew,4,dynamic,1,3,1,1,1,1917452,1893818,1969184
trip_skew,4,dynamic,1,3,2,0,1,1899668,1840765,1931218
trip_skew,4,dynamic,1,3,2,1,1,1916926,1831455,1957402
trip_skew,4,dynamic,1,3,3,0,1,1773406,1761888,1874780
trip_skew,4,dynamic,1,3,3,1,1,1723247,1711708,1856321
trip_skew,4,ordinary-first,0,1,1,0,2,4186702,4147008,4280010
trip_skew,4,ordinary-first,0,1,2,0,2,4201230,4185394,4261519
trip_skew,4,ordinary-first,0,2,1,0,2,2663389,2518119,2667121
trip_skew,6,dynamic,0,1,1,0,2,4268445,4159322,5677264
trip_skew,6,dynamic,0,1,2,0,2,4399511,4163611,5647724
trip_skew,6,dynamic,0,1,3,0,2,4207768,4161148,5637551
trip_skew,6,dynamic,0,1,4,0,2,4206729,4186113,5699613
trip_skew,6,dynamic,0,2,1,0,2,2744473,2729319,4075567
trip_skew,6,dynamic,0,2,2,0,2,2890240,2849524,4354396
trip_skew,6,dynamic,0,3,1,0,2,1915692,1733858,3344691
trip_skew,6,dynamic,0,4,1,0,2,1624993,1582165,3043698
trip_skew,6,dynamic,1,1,1,0,1,4167414,4165414,4199863
trip_skew,6,dynamic,1,1,1,0,2,4284605,4201618,4314444
trip_skew,6,dynamic,1,1,1,1,1,4161956,4149323,4193874
trip_skew,6,dynamic,1,1,1,1,2,4356813,4337507,4382947
trip_skew,6,dynamic,1,1,2,0,1,4291345,4288545,4476941
trip_skew,6,dynamic,1,1,2,0,2,4372895,4319963,4388654
trip_skew,6,dynamic,1,1,2,1,1,4281696,4273761,4352224
trip_skew,6,dynamic,1,1,2,1,2,4390779,4363010,4474010
trip_skew,6,dynamic,1,1,3,0,1,4211249,4210690,4252051
trip_skew,6,dynamic,1,1,3,0,2,4304042,4290098,4345618
trip_skew,6,dynamic,1,1,3,1,1,4310383,4293561,4390149
trip_skew,6,dynamic,1,1,3,1,2,4404337,4334812,4434833
trip_skew,6,dynamic,1,1,4,0,1,4255295,4209660,4276396
trip_skew,6,dynamic,1,1,4,0,2,4294867,4286240,4317709
trip_skew,6,dynamic,1,1,4,1,1,4305992,4249360,4361273
trip_skew,6,dynamic,1,1,4,1,2,4332288,4325726,4387346
trip_skew,6,dynamic,1,1,5,0,1,4236924,4179879,4299948
trip_skew,6,dynamic,1,1,5,1,1,4211831,4192729,4259095
trip_skew,6,dynamic,1,2,1,0,1,2728817,2716242,3319265
trip_skew,6,dynamic,1,2,1,0,2,2749470,2650273,2753792
trip_skew,6,dynamic,1,2,1,1,1,2726369,2716849,2737557
trip_skew,6,dynamic,1,2,1,1,2,2810407,2693883,2835146
trip_skew,6,dynamic,1,2,2,0,1,2724571,2656079,2754361
trip_skew,6,dynamic,1,2,2,0,2,3038006,2976027,3123415
trip_skew,6,dynamic,1,2,2,1,1,2750637,2714528,2752127
trip_skew,6,dynamic,1,2,2,1,2,2935181,2900922,2938540
trip_skew,6,dynamic,1,2,3,0,1,2675402,2555270,2702170
trip_skew,6,dynamic,1,2,3,1,1,2694953,2685770,2724367
trip_skew,6,dynamic,1,2,4,0,1,2634982,2611152,2666203
trip_skew,6,dynamic,1,2,4,1,1,2689074,2666502,2700610
trip_skew,6,dynamic,1,2,5,0,1,2578456,2570530,2660510
trip_skew,6,dynamic,1,2,5,1,1,2662660,2617431,2673457
trip_skew,6,dynamic,1,3,1,0,1,1992805,1945581,2009528
trip_skew,6,dynamic,1,3,1,0,2,1984273,1973100,2048135
trip_skew,6,dynamic,1,3,1,1,1,2000517,1933992,2010907
trip_skew,6,dynamic,1,3,1,1,2,2001037,1978616,2015864
trip_skew,6,dynamic,1,3,2,0,1,1991408,1969736,2040896
trip_skew,6,dynamic,1,3,2,1,1,2032618,1917711,2058332
trip_skew,6,dynamic,1,3,3,0,1,1857446,1850514,1864112
trip_skew,6,dynamic,1,3,3,1,1,1943090,1923576,1944508
trip_skew,6,dynamic,1,3,4,0,1,1842541,1780923,1843778
trip_skew,6,dynamic,1,3,4,1,1,1907458,1852191,1910852
trip_skew,6,dynamic,1,3,5,0,1,1835892,1827970,1842725
trip_skew,6,dynamic,1,3,5,1,1,1872038,1781978,1924143
trip_skew,6,dynamic,1,4,1,0,1,1589071,1484338,1685517
trip_skew,6,dynamic,1,4,1,0,2,1549027,1487940,1744941
trip_skew,6,dynamic,1,4,1,1,1,1529737,1505931,1617739
trip_skew,6,dynamic,1,4,1,1,2,1587044,1584630,1626622
trip_skew,6,dynamic,1,4,2,0,1,1500946,1487723,1510012
trip_skew,6,dynamic,1,4,2,1,1,1618459,1573055,1625008
trip_skew,6,dynamic,1,4,3,0,1,1451160,1429488,1461827
trip_skew,6,dynamic,1,4,3,1,1,1482293,1419569,1566881
trip_skew,6,dynamic,1,4,4,0,1,1418870,1398954,1522324
trip_skew,6,dynamic,1,4,4,1,1,1533551,1521747,1562238
trip_skew,6,dynamic,1,4,5,0,1,1384744,1372292,1481256
trip_skew,6,dynamic,1,4,5,1,1,1423450,1399253,1866579
trip_skew,6,dynamic,1,5,1,0,1,1412235,1363450,2107836
trip_skew,6,dynamic,1,5,1,1,1,1410515,1228393,2095103
trip_skew,6,dynamic,1,5,2,0,1,1226453,1206292,1477762
trip_skew,6,dynamic,1,5,2,1,1,1321003,1314879,1371853
trip_skew,6,dynamic,1,5,3,0,1,1368569,1181884,2079136
trip_skew,6,dynamic,1,5,3,1,1,1327688,1286593,1349281
trip_skew,6,dynamic,1,5,4,0,1,1358936,1308001,2078786
trip_skew,6,dynamic,1,5,4,1,1,1279070,1158715,1296735
trip_skew,6,dynamic,1,5,5,0,1,1163971,1137281,1636239
trip_skew,6,dynamic,1,5,5,1,1,1373708,1159399,1631942
trip_skew,6,ordinary-first,0,1,1,0,2,4139096,4132590,4407006
trip_skew,6,ordinary-first,0,1,2,0,2,4281317,4124038,4354009
trip_skew,6,ordinary-first,0,1,3,0,2,4289958,4169769,4437038
trip_skew,6,ordinary-first,0,1,4,0,2,4185994,4171096,4372914
trip_skew,6,ordinary-first,0,2,1,0,2,2651548,2632546,2888965
trip_skew,6,ordinary-first,0,2,2,0,2,2892811,2814791,3071927
trip_skew,6,ordinary-first,0,3,1,0,2,2080774,1948959,2118970
trip_skew,6,ordinary-first,0,4,1,0,2,2681823,1740452,2698403
trip_skew,8,dynamic,0,1,1,0,2,4236509,3822109,5284157
trip_skew,8,dynamic,0,1,2,0,2,4188012,3808012,5624785
trip_skew,8,dynamic,0,1,3,0,2,4234338,3822454,5237503
trip_skew,8,dynamic,0,1,4,0,2,4241001,3867854,7106987
trip_skew,8,dynamic,0,1,5,0,2,4389852,3836023,5388786
trip_skew,8,dynamic,0,1,6,0,2,4310421,3817325,5170884
trip_skew,8,dynamic,0,2,1,0,2,2614947,2522336,3764794
trip_skew,8,dynamic,0,2,2,0,2,3031829,2932669,4068415
trip_skew,8,dynamic,0,2,3,0,2,2961263,2704647,6683561
trip_skew,8,dynamic,0,2,4,0,2,3256365,2634792,4046111
trip_skew,8,dynamic,0,3,1,0,2,2015054,1799641,2925397
trip_skew,8,dynamic,0,3,2,0,2,2236240,2012259,3041352
trip_skew,8,dynamic,0,3,3,0,2,2110617,1939253,3390816
trip_skew,8,dynamic,0,4,1,0,2,1666748,1580795,3895662
trip_skew,8,dynamic,0,4,2,0,2,1799879,1702174,3060721
trip_skew,8,dynamic,0,5,1,0,2,1719622,1295128,2568801
trip_skew,8,dynamic,0,6,1,0,2,1804765,1614070,3002637
trip_skew,8,dynamic,1,1,1,0,1,3838889,3830641,4174388
trip_skew,8,dynamic,1,1,1,0,2,4336333,3889527,5393572
trip_skew,8,dynamic,1,1,1,1,1,3873915,3838475,4155441
trip_skew,8,dynamic,1,1,1,1,2,4059335,4037097,4380499
trip_skew,8,dynamic,1,1,2,0,1,4118956,3963644,4275683
trip_skew,8,dynamic,1,1,2,0,2,3918042,3910320,4363042
trip_skew,8,dynamic,1,1,2,1,1,4104354,4013233,4312675
trip_skew,8,dynamic,1,1,2,1,2,5035005,4025401,6085447
trip_skew,8,dynamic,1,1,3,0,1,3911651,3901897,3945236
trip_skew,8,dynamic,1,1,3,0,2,3993341,3907904,4270469
trip_skew,8,dynamic,1,1,3,1,1,4117624,4012553,4261168
trip_skew,8,dynamic,1,1,3,1,2,4052471,4026884,4334452
trip_skew,8,dynamic,1,1,4,0,1,3883870,3870140,3949589
trip_skew,8,dynamic,1,1,4,0,2,3977370,3901278,4382809
trip_skew,8,dynamic,1,1,4,1,1,3941234,3933977,4039453
trip_skew,8,dynamic,1,1,4,1,2,4412296,4035945,4979722
trip_skew,8,dynamic,1,1,5,0,1,4164789,3863895,6103779
trip_skew,8,dynamic,1,1,5,0,2,4316176,3959540,5449041
trip_skew,8,dynamic,1,1,5,1,1,3914203,3863417,4280414
trip_skew,8,dynamic,1,1,5,1,2,4060566,4036156,4129647
trip_skew,8,dynamic,1,1,6,0,1,4209059,3897850,5468778
trip_skew,8,dynamic,1,1,6,0,2,4030177,3943950,4356920
trip_skew,8,dynamic,1,1,6,1,1,3912368,3900221,4239300
trip_skew,8,dynamic,1,1,6,1,2,4415125,4048546,5088469
trip_skew,8,dynamic,1,1,7,0,1,3850772,3813284,4242361
trip_skew,8,dynamic,1,1,7,1,1,3973770,3893374,4142797
trip_skew,8,dynamic,1,2,1,0,1,2731680,2509317,3354536
trip_skew,8,dynamic,1,2,1,0,2,2716806,2611386,4301675
trip_skew,8,dynamic,1,2,1,1,1,2763922,2584955,3061226
trip_skew,8,dynamic,1,2,1,1,2,2542057,2531570,3817895
trip_skew,8,dynamic,1,2,2,0,1,2505148,2494385,2577140
trip_skew,8,dynamic,1,2,2,0,2,2943144,2787173,4011303
trip_skew,8,dynamic,1,2,2,1,1,2755046,2508446,2781564
trip_skew,8,dynamic,1,2,2,1,2,2868132,2693139,3043083
trip_skew,8,dynamic,1,2,3,0,1,2523925,2448636,2785209
trip_skew,8,dynamic,1,2,3,0,2,2722046,2709542,2731490
trip_skew,8,dynamic,1,2,3,1,1,2494697,2474240,2781888
trip_skew,8,dynamic,1,2,3,1,2,2798734,2712095,2918375
trip_skew,8,dynamic,1,2,4,0,1,2424679,2377797,2676321
trip_skew,8,dynamic,1,2,4,0,2,2699241,2680003,2765104
trip_skew,8,dynamic,1,2,4,1,1,2474032,2453526,2631446
trip_skew,8,dynamic,1,2,4,1,2,2710423,2678250,2972954
trip_skew,8,dynamic,1,2,5,0,1,2396136,2388009,2408213
trip_skew,8,dynamic,1,2,5,1,1,2486388,2463316,2814973
trip_skew,8,dynamic,1,2,6,0,1,2513111,2504395,2712089
trip_skew,8,dynamic,1,2,6,1,1,2430768,2409949,2724137
trip_skew,8,dynamic,1,2,7,0,1,2714794,2404843,3626689
trip_skew,8,dynamic,1,2,7,1,1,2697279,2456134,2723859
trip_skew,8,dynamic,1,3,1,0,1,1816053,1704645,2037035
trip_skew,8,dynamic,1,3,1,0,2,1856117,1799356,2017014
trip_skew,8,dynamic,1,3,1,1,1,1782439,1755734,2020207
trip_skew,8,dynamic,1,3,1,1,2,1898918,1874435,1943539
trip_skew,8,dynamic,1,3,2,0,1,1915481,1827991,2049006
trip_skew,8,dynamic,1,3,2,0,2,2157281,2014317,3088312
trip_skew,8,dynamic,1,3,2,1,1,1906668,1853642,2926831
trip_skew,8,dynamic,1,3,2,1,2,2246024,2021739,3320475
trip_skew,8,dynamic,1,3,3,0,1,1866969,1813592,1892161
trip_skew,8,dynamic,1,3,3,0,2,2022872,1991968,2123641
trip_skew,8,dynamic,1,3,3,1,1,3082203,1752488,3089525
trip_skew,8,dynamic,1,3,3,1,2,2042359,1979882,2524925
trip_skew,8,dynamic,1,3,4,0,1,1964216,1706024,3257244
trip_skew,8,dynamic,1,3,4,1,1,1776193,1725951,1991221
trip_skew,8,dynamic,1,3,5,0,1,2333953,1733906,2859246
trip_skew,8,dynamic,1,3,5,1,1,1844035,1809556,1924196
trip_skew,8,dynamic,1,3,6,0,1,1805455,1746380,1901005
trip_skew,8,dynamic,1,3,6,1,1,1796106,1760748,2015254
trip_skew,8,dynamic,1,3,7,0,1,1906106,1679252,2697218
trip_skew,8,dynamic,1,3,7,1,1,1727696,1687269,1768334
trip_skew,8,dynamic,1,4,1,0,1,1653299,1516396,2395792
trip_skew,8,dynamic,1,4,1,0,2,1564335,1408119,1650047
trip_skew,8,dynamic,1,4,1,1,1,2224026,1427837,2439650
trip_skew,8,dynamic,1,4,1,1,2,1492234,1486751,1500893
trip_skew,8,dynamic,1,4,2,0,1,1532494,1402026,3394871
trip_skew,8,dynamic,1,4,2,0,2,1664419,1660086,1817645
trip_skew,8,dynamic,1,4,2,1,1,1598729,1440028,1637284
trip_skew,8,dynamic,1,4,2,1,2,1716266,1698317,2399663
trip_skew,8,dynamic,1,4,3,0,1,1572683,1389246,1590528
trip_skew,8,dynamic,1,4,3,1,1,1494208,1460972,1821287
trip_skew,8,dynamic,1,4,4,0,1,1448348,1361632,1454315
trip_skew,8,dynamic,1,4,4,1,1,2446903,1442687,2587691
trip_skew,8,dynamic,1,4,5,0,1,1502262,1485742,1568119
trip_skew,8,dynamic,1,4,5,1,1,1366719,1358987,1553125
trip_skew,8,dynamic,1,4,6,0,1,1403739,1331114,1451244
trip_skew,8,dynamic,1,4,6,1,1,1423309,1370998,1477159
trip_skew,8,dynamic,1,4,7,0,1,1519373,1458649,1592157
trip_skew,8,dynamic,1,4,7,1,1,1440447,1408560,1448799
trip_skew,8,dynamic,1,5,1,0,1,1339925,1274164,2488776
trip_skew,8,dynamic,1,5,1,0,2,1483941,1440442,1616717
trip_skew,8,dynamic,1,5,1,1,1,1202477,1155566,1390955
trip_skew,8,dynamic,1,5,1,1,2,2091372,1508002,2122111
trip_skew,8,dynamic,1,5,2,0,1,1265582,1179315,1340572
trip_skew,8,dynamic,1,5,2,1,1,1348319,1195047,2350040
trip_skew,8,dynamic,1,5,3,0,1,1244498,1177092,1988257
trip_skew,8,dynamic,1,5,3,1,1,1311465,1244805,1359235
trip_skew,8,dynamic,1,5,4,0,1,1280878,1120134,1356150
trip_skew,8,dynamic,1,5,4,1,1,1182474,1180821,1248059
trip_skew,8,dynamic,1,5,5,0,1,1374823,1274689,2064723
trip_skew,8,dynamic,1,5,5,1,1,1528970,1107172,1979781
trip_skew,8,dynamic,1,5,6,0,1,1305400,1204250,1941183
trip_skew,8,dynamic,1,5,6,1,1,1149054,1126802,1816605
trip_skew,8,dynamic,1,5,7,0,1,1716333,1250636,1876547
trip_skew,8,dynamic,1,5,7,1,1,1149891,1101235,1199263
trip_skew,8,dynamic,1,6,1,0,1,1700782,1666743,1814025
trip_skew,8,dynamic,1,6,1,0,2,1653896,1288626,1664691
trip_skew,8,dynamic,1,6,1,1,1,1927844,1692063,2048178
trip_skew,8,dynamic,1,6,1,1,2,1753855,1698782,1798720
trip_skew,8,dynamic,1,6,2,0,1,1723674,1709981,1856519
trip_skew,8,dynamic,1,6,2,1,1,1729680,1694891,1897063
trip_skew,8,dynamic,1,6,3,0,1,1900384,1658155,2800691
trip_skew,8,dynamic,1,6,3,1,1,1707593,1638650,1805661
trip_skew,8,dynamic,1,6,4,0,1,1673622,1642847,1725115
trip_skew,8,dynamic,1,6,4,1,1,1188489,974067,1780234
trip_skew,8,dynamic,1,6,5,0,1,1777332,1626216,1863258
trip_skew,8,dynamic,1,6,5,1,1,1042807,974352,1900784
trip_skew,8,dynamic,1,6,6,0,1,1637926,1613770,1769579
trip_skew,8,dynamic,1,6,6,1,1,1115801,985832,1963049
trip_skew,8,dynamic,1,6,7,0,1,1684064,1635087,1757775
trip_skew,8,dynamic,1,6,7,1,1,1062717,979035,1713249
trip_skew,8,dynamic,1,7,1,0,1,1523504,1489092,1795860
trip_skew,8,dynamic,1,7,1,1,1,1663378,1541513,1920627
trip_skew,8,dynamic,1,7,2,0,1,1686251,1522049,1794939
trip_skew,8,dynamic,1,7,2,1,1,1702067,1496486,1956665
trip_skew,8,dynamic,1,7,3,0,1,1484868,1470367,1588267
trip_skew,8,dynamic,1,7,3,1,1,1608434,1476713,1802002
trip_skew,8,dynamic,1,7,4,0,1,1484850,1465752,1728005
trip_skew,8,dynamic,1,7,4,1,1,1616177,1462019,1905294
trip_skew,8,dynamic,1,7,5,0,1,1450373,1434763,1580674
trip_skew,8,dynamic,1,7,5,1,1,1641025,1498130,1884321
trip_skew,8,dynamic,1,7,6,0,1,1594489,1448436,1832363
trip_skew,8,dynamic,1,7,6,1,1,1473636,1470744,1602091
trip_skew,8,dynamic,1,7,7,0,1,1470569,1461082,1500361
trip_skew,8,dynamic,1,7,7,1,1,1576612,1443220,1723049
trip_skew,8,ordinary-first,0,1,1,0,2,4002282,3968879,4219553
trip_skew,8,ordinary-first,0,1,2,0,2,4002920,3944648,4254936
trip_skew,8,ordinary-first,0,1,3,0,2,4058298,3877460,4203676
trip_skew,8,ordinary-first,0,1,4,0,2,3999383,3985832,4276672
trip_skew,8,ordinary-first,0,1,5,0,2,4016516,3955237,4271635
trip_skew,8,ordinary-first,0,1,6,0,2,4174407,4015795,4197991
trip_skew,8,ordinary-first,0,2,1,0,2,2585341,2507168,2594273
trip_skew,8,ordinary-first,0,2,2,0,2,2820867,2788463,2915844
trip_skew,8,ordinary-first,0,2,3,0,2,2765563,2634235,2922786
trip_skew,8,ordinary-first,0,2,4,0,2,2738867,2712409,2866327
trip_skew,8,ordinary-first,0,3,1,0,2,1826661,1823620,1964366
trip_skew,8,ordinary-first,0,3,2,0,2,2102624,2028487,2201808
trip_skew,8,ordinary-first,0,3,3,0,2,2086249,2043615,2204698
trip_skew,8,ordinary-first,0,4,1,0,2,1617217,1572096,2039504
trip_skew,8,ordinary-first,0,4,2,0,2,1800166,1665692,1852338
trip_skew,8,ordinary-first,0,5,1,0,2,1889354,1687871,1907707
trip_skew,8,ordinary-first,0,6,1,0,2,1657179,1241237,1683937
uneven_chunks,2,dynamic,0,1,1,0,2,243777,220517,266497
uneven_chunks,2,dynamic,1,1,1,0,1,74516,73427,74938
uneven_chunks,2,dynamic,1,1,1,0,2,273726,261650,301326
uneven_chunks,2,dynamic,1,1,1,1,1,73565,73153,74506
uneven_chunks,2,dynamic,1,1,1,1,2,267419,263996,270656
uneven_chunks,2,ordinary-first,0,1,1,0,2,219390,216397,220939
uneven_chunks,4,dynamic,0,1,1,0,2,241070,237175,249378
uneven_chunks,4,dynamic,0,1,2,0,2,295024,294264,296138
uneven_chunks,4,dynamic,0,2,1,0,2,251949,237524,264476
uneven_chunks,4,dynamic,1,1,1,0,1,74938,74546,74968
uneven_chunks,4,dynamic,1,1,1,0,2,273957,260277,282791
uneven_chunks,4,dynamic,1,1,1,1,1,75016,74026,85298
uneven_chunks,4,dynamic,1,1,1,1,2,267419,264280,274237
uneven_chunks,4,dynamic,1,1,2,0,1,130006,125881,130723
uneven_chunks,4,dynamic,1,1,2,0,2,313791,313448,317886
uneven_chunks,4,dynamic,1,1,2,1,1,124547,121820,133719
uneven_chunks,4,dynamic,1,1,2,1,2,317607,316988,323424
uneven_chunks,4,dynamic,1,1,3,0,1,103985,101611,107723
uneven_chunks,4,dynamic,1,1,3,1,1,103878,102121,110057
uneven_chunks,4,dynamic,1,2,1,0,1,139507,139389,145217
uneven_chunks,4,dynamic,1,2,1,0,2,298727,294131,309778
uneven_chunks,4,dynamic,1,2,1,1,1,142912,138850,148425
uneven_chunks,4,dynamic,1,2,1,1,2,298546,297125,301931
uneven_chunks,4,dynamic,1,2,2,0,1,198837,190411,206730
uneven_chunks,4,dynamic,1,2,2,1,1,202649,194679,217781
uneven_chunks,4,dynamic,1,2,3,0,1,168082,165224,168736
uneven_chunks,4,dynamic,1,2,3,1,1,180523,172989,180640
uneven_chunks,4,dynamic,1,3,1,0,1,141411,137771,144156
uneven_chunks,4,dynamic,1,3,1,1,1,138693,136928,141773
uneven_chunks,4,dynamic,1,3,2,0,1,192401,183446,201447
uneven_chunks,4,dynamic,1,3,2,1,1,189612,183559,191191
uneven_chunks,4,dynamic,1,3,3,0,1,168000,164919,175525
uneven_chunks,4,dynamic,1,3,3,1,1,173920,172292,195096
uneven_chunks,4,ordinary-first,0,1,1,0,2,232014,225942,233849
uneven_chunks,4,ordinary-first,0,1,2,0,2,292596,284169,293209
uneven_chunks,4,ordinary-first,0,2,1,0,2,247764,241173,248005
uneven_chunks,6,dynamic,0,1,1,0,2,237322,233330,244582
uneven_chunks,6,dynamic,0,1,2,0,2,325356,314045,338884
uneven_chunks,6,dynamic,0,1,3,0,2,316910,308856,342142
uneven_chunks,6,dynamic,0,1,4,0,2,297181,295735,308135
uneven_chunks,6,dynamic,0,2,1,0,2,275846,270343,277935
uneven_chunks,6,dynamic,0,2,2,0,2,421631,412842,429037
uneven_chunks,6,dynamic,0,3,1,0,2,277607,262985,281045
uneven_chunks,6,dynamic,0,4,1,0,2,269812,267509,285715
uneven_chunks,6,dynamic,1,1,1,0,1,76311,74546,76822
uneven_chunks,6,dynamic,1,1,1,0,2,264574,263859,275364
uneven_chunks,6,dynamic,1,1,1,1,1,75429,74055,76145
uneven_chunks,6,dynamic,1,1,1,1,2,268056,265251,276161
uneven_chunks,6,dynamic,1,1,2,0,1,148375,145275,152191
uneven_chunks,6,dynamic,1,1,2,0,2,348258,344182,354879
uneven_chunks,6,dynamic,1,1,2,1,1,150460,148041,158754
uneven_chunks,6,dynamic,1,1,2,1,2,353423,350087,428695
uneven_chunks,6,dynamic,1,1,3,0,1,138340,134288,184072
uneven_chunks,6,dynamic,1,1,3,0,2,342833,327859,348694
uneven_chunks,6,dynamic,1,1,3,1,1,135083,134573,148905
uneven_chunks,6,dynamic,1,1,3,1,2,341205,336099,358357
uneven_chunks,6,dynamic,1,1,4,0,1,128773,125626,146767
uneven_chunks,6,dynamic,1,1,4,0,2,332116,324949,355042
uneven_chunks,6,dynamic,1,1,4,1,1,124479,123134,133553
uneven_chunks,6,dynamic,1,1,4,1,2,330443,325297,333342
uneven_chunks,6,dynamic,1,1,5,0,1,121368,119181,134277
uneven_chunks,6,dynamic,1,1,5,1,1,127293,120094,129569
uneven_chunks,6,dynamic,1,2,1,0,1,168123,154536,183122
uneven_chunks,6,dynamic,1,2,1,0,2,332302,325092,344025
uneven_chunks,6,dynamic,1,2,1,1,1,168535,166916,237175
uneven_chunks,6,dynamic,1,2,1,1,2,326818,315468,328736
uneven_chunks,6,dynamic,1,2,2,0,1,251860,249016,305029
uneven_chunks,6,dynamic,1,2,2,0,2,483414,465442,492184
uneven_chunks,6,dynamic,1,2,2,1,1,252782,252596,277827
uneven_chunks,6,dynamic,1,2,2,1,2,468915,464157,476194
uneven_chunks,6,dynamic,1,2,3,0,1,239554,228993,241501
uneven_chunks,6,dynamic,1,2,3,1,1,236322,232427,236459
uneven_chunks,6,dynamic,1,2,4,0,1,239029,238762,249948
uneven_chunks,6,dynamic,1,2,4,1,1,235615,225403,244081
uneven_chunks,6,dynamic,1,2,5,0,1,235492,233908,273550
uneven_chunks,6,dynamic,1,2,5,1,1,229503,228199,230631
uneven_chunks,6,dynamic,1,3,1,0,1,169859,168260,174136
uneven_chunks,6,dynamic,1,3,1,0,2,330413,325621,331497
uneven_chunks,6,dynamic,1,3,1,1,1,169339,169133,174897
uneven_chunks,6,dynamic,1,3,1,1,2,324473,321097,328633
uneven_chunks,6,dynamic,1,3,2,0,1,248318,246460,264211
uneven_chunks,6,dynamic,1,3,2,1,1,253248,252277,258854
uneven_chunks,6,dynamic,1,3,3,0,1,234310,223647,254626
uneven_chunks,6,dynamic,1,3,3,1,1,233579,228887,236547
uneven_chunks,6,dynamic,1,3,4,0,1,223912,223471,230956
uneven_chunks,6,dynamic,1,3,4,1,1,229248,224990,237449
uneven_chunks,6,dynamic,1,3,5,0,1,229778,224245,239147
uneven_chunks,6,dynamic,1,3,5,1,1,235606,223759,237145
uneven_chunks,6,dynamic,1,4,1,0,1,166190,163022,168555
uneven_chunks,6,dynamic,1,4,1,0,2,323738,318588,388868
uneven_chunks,6,dynamic,1,4,1,1,1,169310,164091,177957
uneven_chunks,6,dynamic,1,4,1,1,2,325694,324208,327647
uneven_chunks,6,dynamic,1,4,2,0,1,244140,243355,251026
uneven_chunks,6,dynamic,1,4,2,1,1,251409,250948,253337
uneven_chunks,6,dynamic,1,4,3,0,1,255864,235664,292355
uneven_chunks,6,dynamic,1,4,3,1,1,241256,235165,246553
uneven_chunks,6,dynamic,1,4,4,0,1,226600,222391,236146
uneven_chunks,6,dynamic,1,4,4,1,1,229807,228632,233124
uneven_chunks,6,dynamic,1,4,5,0,1,231250,225913,235100
uneven_chunks,6,dynamic,1,4,5,1,1,257433,229582,301057
uneven_chunks,6,dynamic,1,5,1,0,1,164483,162865,165146
uneven_chunks,6,dynamic,1,5,1,1,1,166486,163806,166573
uneven_chunks,6,dynamic,1,5,2,0,1,243934,241932,248717
uneven_chunks,6,dynamic,1,5,2,1,1,245258,237460,246033
uneven_chunks,6,dynamic,1,5,3,0,1,234281,220037,246342
uneven_chunks,6,dynamic,1,5,3,1,1,234320,227630,260338
uneven_chunks,6,dynamic,1,5,4,0,1,226218,223804,239578
uneven_chunks,6,dynamic,1,5,4,1,1,231093,230288,234457
uneven_chunks,6,dynamic,1,5,5,0,1,232613,231809,238092
uneven_chunks,6,dynamic,1,5,5,1,1,233349,227385,268400
uneven_chunks,6,ordinary-first,0,1,1,0,2,263995,238283,307434
uneven_chunks,6,ordinary-first,0,1,2,0,2,348699,321138,358406
uneven_chunks,6,ordinary-first,0,1,3,0,2,353677,310111,373203
uneven_chunks,6,ordinary-first,0,1,4,0,2,328662,296428,380370
uneven_chunks,6,ordinary-first,0,2,1,0,2,288462,272314,310493
uneven_chunks,6,ordinary-first,0,2,2,0,2,423171,413744,517416
uneven_chunks,6,ordinary-first,0,3,1,0,2,278233,265761,308611
uneven_chunks,6,ordinary-first,0,4,1,0,2,272495,257756,314232
uneven_chunks,8,dynamic,0,1,1,0,2,270872,242031,288382
uneven_chunks,8,dynamic,0,1,2,0,2,393457,354855,408648
uneven_chunks,8,dynamic,0,1,3,0,2,394192,383049,411860
uneven_chunks,8,dynamic,0,1,4,0,2,354806,338266,376055
uneven_chunks,8,dynamic,0,1,5,0,2,376339,362645,401516
uneven_chunks,8,dynamic,0,1,6,0,2,364508,329486,401059
uneven_chunks,8,dynamic,0,2,1,0,2,337498,291553,342313
uneven_chunks,8,dynamic,0,2,2,0,2,518524,453916,536991
uneven_chunks,8,dynamic,0,2,3,0,2,494283,458928,534003
uneven_chunks,8,dynamic,0,2,4,0,2,487122,429597,501112
uneven_chunks,8,dynamic,0,3,1,0,2,341251,318872,366078
uneven_chunks,8,dynamic,0,3,2,0,2,500062,497905,511667
uneven_chunks,8,dynamic,0,3,3,0,2,559339,495176,690428
uneven_chunks,8,dynamic,0,4,1,0,2,325421,297517,335560
uneven_chunks,8,dynamic,0,4,2,0,2,506487,455132,557921
uneven_chunks,8,dynamic,0,5,1,0,2,330106,310592,345961
uneven_chunks,8,dynamic,0,6,1,0,2,323061,290134,372160
uneven_chunks,8,dynamic,1,1,1,0,1,74957,74693,75389
uneven_chunks,8,dynamic,1,1,1,0,2,271647,264133,272708
uneven_chunks,8,dynamic,1,1,1,1,1,74978,73997,75527
uneven_chunks,8,dynamic,1,1,1,1,2,279558,279241,284253
uneven_chunks,8,dynamic,1,1,2,0,1,193345,182151,207284
uneven_chunks,8,dynamic,1,1,2,0,2,393269,376505,437891
uneven_chunks,8,dynamic,1,1,2,1,1,201163,181866,204912
uneven_chunks,8,dynamic,1,1,2,1,2,378408,371409,395851
uneven_chunks,8,dynamic,1,1,3,0,1,161383,161207,166122
uneven_chunks,8,dynamic,1,1,3,0,2,366480,350951,377108
uneven_chunks,8,dynamic,1,1,3,1,1,166273,166102,166505
uneven_chunks,8,dynamic,1,1,3,1,2,381805,361316,459558
uneven_chunks,8,dynamic,1,1,4,0,1,190480,147237,197945
uneven_chunks,8,dynamic,1,1,4,0,2,374053,361104,402845
uneven_chunks,8,dynamic,1,1,4,1,1,148826,147139,154693
uneven_chunks,8,dynamic,1,1,4,1,2,356708,345389,372316
uneven_chunks,8,dynamic,1,1,5,0,1,162398,156597,193436
uneven_chunks,8,dynamic,1,1,5,0,2,365008,350903,367585
uneven_chunks,8,dynamic,1,1,5,1,1,162629,146658,177884
uneven_chunks,8,dynamic,1,1,5,1,2,349666,340621,361103
uneven_chunks,8,dynamic,1,1,6,0,1,164003,158391,176907
uneven_chunks,8,dynamic,1,1,6,0,2,357210,341091,358029
uneven_chunks,8,dynamic,1,1,6,1,1,160729,157960,193393
uneven_chunks,8,dynamic,1,1,6,1,2,347202,345260,355188
uneven_chunks,8,dynamic,1,1,7,0,1,152976,151200,157283
uneven_chunks,8,dynamic,1,1,7,1,1,150042,147914,157587
uneven_chunks,8,dynamic,1,2,1,0,1,197522,183848,198269
uneven_chunks,8,dynamic,1,2,1,0,2,354952,352589,366627
uneven_chunks,8,dynamic,1,2,1,1,1,198524,190666,202261
uneven_chunks,8,dynamic,1,2,1,1,2,363890,352187,371958
uneven_chunks,8,dynamic,1,2,2,0,1,313879,311073,390829
uneven_chunks,8,dynamic,1,2,2,0,2,524008,518161,531817
uneven_chunks,8,dynamic,1,2,2,1,1,318053,302932,330085
uneven_chunks,8,dynamic,1,2,2,1,2,546733,533817,560755
uneven_chunks,8,dynamic,1,2,3,0,1,287117,286106,307757
uneven_chunks,8,dynamic,1,2,3,0,2,517504,505051,529835
uneven_chunks,8,dynamic,1,2,3,1,1,289805,283450,415735
uneven_chunks,8,dynamic,1,2,3,1,2,531091,507135,537237
uneven_chunks,8,dynamic,1,2,4,0,1,291919,279956,324699
uneven_chunks,8,dynamic,1,2,4,0,2,519035,509724,525464
uneven_chunks,8,dynamic,1,2,4,1,1,284027,281114,295769
uneven_chunks,8,dynamic,1,2,4,1,2,501734,480648,528538
uneven_chunks,8,dynamic,1,2,5,0,1,293003,290688,297123
uneven_chunks,8,dynamic,1,2,5,1,1,301057,278318,370963
uneven_chunks,8,dynamic,1,2,6,0,1,289594,282016,293759
uneven_chunks,8,dynamic,1,2,6,1,1,291021,288177,297330
uneven_chunks,8,dynamic,1,2,7,0,1,290825,275424,311995
uneven_chunks,8,dynamic,1,2,7,1,1,284136,278671,284900
uneven_chunks,8,dynamic,1,3,1,0,1,200446,190234,210482
uneven_chunks,8,dynamic,1,3,1,0,2,354178,350921,360500
uneven_chunks,8,dynamic,1,3,1,1,1,195356,194580,198602
uneven_chunks,8,dynamic,1,3,1,1,2,361134,357288,372267
uneven_chunks,8,dynamic,1,3,2,0,1,307645,301175,335145
uneven_chunks,8,dynamic,1,3,2,0,2,564217,526362,623461
uneven_chunks,8,dynamic,1,3,2,1,1,301646,301331,305874
uneven_chunks,8,dynamic,1,3,2,1,2,540301,514051,648527
uneven_chunks,8,dynamic,1,3,3,0,1,295309,290217,307669
uneven_chunks,8,dynamic,1,3,3,0,2,533180,507782,556262
uneven_chunks,8,dynamic,1,3,3,1,1,303118,283674,303813
uneven_chunks,8,dynamic,1,3,3,1,2,533161,526254,535667
uneven_chunks,8,dynamic,1,3,4,0,1,296456,272501,309137
uneven_chunks,8,dynamic,1,3,4,1,1,293798,281290,374858
uneven_chunks,8,dynamic,1,3,5,0,1,291855,285028,326642
uneven_chunks,8,dynamic,1,3,5,1,1,285175,272049,295544
uneven_chunks,8,dynamic,1,3,6,0,1,290629,288559,328907
uneven_chunks,8,dynamic,1,3,6,1,1,289108,286126,294426
uneven_chunks,8,dynamic,1,3,7,0,1,279054,271946,296731
uneven_chunks,8,dynamic,1,3,7,1,1,286146,285871,298256
uneven_chunks,8,dynamic,1,4,1,0,1,191931,191235,223710
uneven_chunks,8,dynamic,1,4,1,0,2,353304,342686,353825
uneven_chunks,8,dynamic,1,4,1,1,1,195414,193736,209016
uneven_chunks,8,dynamic,1,4,1,1,2,361884,358642,363104
uneven_chunks,8,dynamic,1,4,2,0,1,302456,298467,423869
uneven_chunks,8,dynamic,1,4,2,0,2,534588,512176,549494
uneven_chunks,8,dynamic,1,4,2,1,1,319029,295603,319796
uneven_chunks,8,dynamic,1,4,2,1,2,525239,522547,546314
uneven_chunks,8,dynamic,1,4,3,0,1,281300,279976,284851
uneven_chunks,8,dynamic,1,4,3,1,1,302112,292513,350676
uneven_chunks,8,dynamic,1,4,4,0,1,287912,280544,356485
uneven_chunks,8,dynamic,1,4,4,1,1,294691,291532,295055
uneven_chunks,8,dynamic,1,4,5,0,1,291139,285017,295058
uneven_chunks,8,dynamic,1,4,5,1,1,285719,272824,290157
uneven_chunks,8,dynamic,1,4,6,0,1,284416,283163,286009
uneven_chunks,8,dynamic,1,4,6,1,1,287315,280952,291120
uneven_chunks,8,dynamic,1,4,7,0,1,306639,293763,311997
uneven_chunks,8,dynamic,1,4,7,1,1,283321,275218,285243
uneven_chunks,8,dynamic,1,5,1,0,1,200858,194825,225279
uneven_chunks,8,dynamic,1,5,1,0,2,351019,345515,355423
uneven_chunks,8,dynamic,1,5,1,1,1,191510,189460,192314
uneven_chunks,8,dynamic,1,5,1,1,2,358514,350225,358751
uneven_chunks,8,dynamic,1,5,2,0,1,314487,305845,330230
uneven_chunks,8,dynamic,1,5,2,1,1,309514,305378,328387
uneven_chunks,8,dynamic,1,5,3,0,1,296848,285087,304098
uneven_chunks,8,dynamic,1,5,3,1,1,304922,280368,329836
uneven_chunks,8,dynamic,1,5,4,0,1,277710,275855,284243
uneven_chunks,8,dynamic,1,5,4,1,1,293749,281384,335455
uneven_chunks,8,dynamic,1,5,5,0,1,299204,298307,307806
uneven_chunks,8,dynamic,1,5,5,1,1,288697,278661,322442
uneven_chunks,8,dynamic,1,5,6,0,1,287303,274914,418296
uneven_chunks,8,dynamic,1,5,6,1,1,287824,276748,313496
uneven_chunks,8,dynamic,1,5,7,0,1,286294,283124,356542
uneven_chunks,8,dynamic,1,5,7,1,1,282424,282124,294749
uneven_chunks,8,dynamic,1,6,1,0,1,193610,190911,196866
uneven_chunks,8,dynamic,1,6,1,0,2,377408,348655,385138
uneven_chunks,8,dynamic,1,6,1,1,1,193187,190146,200530
uneven_chunks,8,dynamic,1,6,1,1,2,356586,350156,357793
uneven_chunks,8,dynamic,1,6,2,0,1,304172,296251,319402
uneven_chunks,8,dynamic,1,6,2,1,1,302588,297967,313369
uneven_chunks,8,dynamic,1,6,3,0,1,291027,279004,303449
uneven_chunks,8,dynamic,1,6,3,1,1,286381,285940,297703
uneven_chunks,8,dynamic,1,6,4,0,1,283964,274326,359622
uneven_chunks,8,dynamic,1,6,4,1,1,289413,278072,290934
uneven_chunks,8,dynamic,1,6,5,0,1,288108,285862,307915
uneven_chunks,8,dynamic,1,6,5,1,1,285509,278200,287450
uneven_chunks,8,dynamic,1,6,6,0,1,292748,287647,322848
uneven_chunks,8,dynamic,1,6,6,1,1,274561,272412,293425
uneven_chunks,8,dynamic,1,6,7,0,1,283620,269254,302647
uneven_chunks,8,dynamic,1,6,7,1,1,287902,281722,288216
uneven_chunks,8,dynamic,1,7,1,0,1,193648,190857,201418
uneven_chunks,8,dynamic,1,7,1,1,1,193756,193444,202108
uneven_chunks,8,dynamic,1,7,2,0,1,310439,306491,313839
uneven_chunks,8,dynamic,1,7,2,1,1,305099,297972,310396
uneven_chunks,8,dynamic,1,7,3,0,1,281261,280044,286764
uneven_chunks,8,dynamic,1,7,3,1,1,295580,290070,358341
uneven_chunks,8,dynamic,1,7,4,0,1,287349,281369,291277
uneven_chunks,8,dynamic,1,7,4,1,1,299061,282576,299291
uneven_chunks,8,dynamic,1,7,5,0,1,289045,287313,305374
uneven_chunks,8,dynamic,1,7,5,1,1,283949,281663,288932
uneven_chunks,8,dynamic,1,7,6,0,1,284439,282889,301435
uneven_chunks,8,dynamic,1,7,6,1,1,332978,284890,337079
uneven_chunks,8,dynamic,1,7,7,0,1,282055,276641,295623
uneven_chunks,8,dynamic,1,7,7,1,1,282085,274972,285921
uneven_chunks,8,ordinary-first,0,1,1,0,2,237528,235988,238323
uneven_chunks,8,ordinary-first,0,1,2,0,2,357602,355948,372052
uneven_chunks,8,ordinary-first,0,1,3,0,2,338982,334734,352319
uneven_chunks,8,ordinary-first,0,1,4,0,2,326200,322609,335068
uneven_chunks,8,ordinary-first,0,1,5,0,2,333425,317469,339542
uneven_chunks,8,ordinary-first,0,1,6,0,2,330889,329535,335480
uneven_chunks,8,ordinary-first,0,2,1,0,2,307364,299694,309347
uneven_chunks,8,ordinary-first,0,2,2,0,2,481830,466207,511686
uneven_chunks,8,ordinary-first,0,2,3,0,2,453915,434816,467886
uneven_chunks,8,ordinary-first,0,2,4,0,2,433473,429886,444755
uneven_chunks,8,ordinary-first,0,3,1,0,2,286882,276880,296280
uneven_chunks,8,ordinary-first,0,3,2,0,2,466169,440132,473556
uneven_chunks,8,ordinary-first,0,3,3,0,2,440991,435115,448785
uneven_chunks,8,ordinary-first,0,4,1,0,2,280883,278734,284684
uneven_chunks,8,ordinary-first,0,4,2,0,2,465099,449384,479500
uneven_chunks,8,ordinary-first,0,5,1,0,2,294907,283360,297383
uneven_chunks,8,ordinary-first,0,6,1,0,2,294229,283791,298291
work_skew,2,dynamic,0,1,1,0,2,5769081,5741040,5810753
work_skew,2,dynamic,1,1,1,0,1,5759885,5757018,5774155
work_skew,2,dynamic,1,1,1,0,2,5872216,5755503,5925956
work_skew,2,dynamic,1,1,1,1,1,5847598,5782081,5847636
work_skew,2,dynamic,1,1,1,1,2,5901682,5812994,6029576
work_skew,2,ordinary-first,0,1,1,0,2,5760546,5665917,5844930
work_skew,4,dynamic,0,1,1,0,2,6011107,5978240,6464392
work_skew,4,dynamic,0,1,2,0,2,5942537,5706031,6196127
work_skew,4,dynamic,0,2,1,0,2,3279446,3219388,3314026
work_skew,4,dynamic,1,1,1,0,1,5990717,5767911,6014940
work_skew,4,dynamic,1,1,1,0,2,6045216,5995596,6360963
work_skew,4,dynamic,1,1,1,1,1,5977146,5937442,5979847
work_skew,4,dynamic,1,1,1,1,2,6071440,6038381,6127770
work_skew,4,dynamic,1,1,2,0,1,6151127,6027346,6353666
work_skew,4,dynamic,1,1,2,0,2,6059395,5843934,6134788
work_skew,4,dynamic,1,1,2,1,1,6079544,5934133,6125317
work_skew,4,dynamic,1,1,2,1,2,6350500,6082406,6379649
work_skew,4,dynamic,1,1,3,0,1,6012352,5934777,6263073
work_skew,4,dynamic,1,1,3,1,1,5996727,5827527,6282438
work_skew,4,dynamic,1,2,1,0,1,3500265,3426171,3604507
work_skew,4,dynamic,1,2,1,0,2,3329794,3276883,3348348
work_skew,4,dynamic,1,2,1,1,1,3523044,3466619,3599913
work_skew,4,dynamic,1,2,1,1,2,3315975,3206769,3399932
work_skew,4,dynamic,1,2,2,0,1,3570605,3496519,3572833
work_skew,4,dynamic,1,2,2,1,1,3300235,3201662,3413404
work_skew,4,dynamic,1,2,3,0,1,3337935,3272626,3522119
work_skew,4,dynamic,1,2,3,1,1,3409414,3349370,3570153
work_skew,4,dynamic,1,3,1,0,1,2506351,2384639,2638128
work_skew,4,dynamic,1,3,1,1,1,2395765,2299225,2448443
work_skew,4,dynamic,1,3,2,0,1,2423898,2362299,2537775
work_skew,4,dynamic,1,3,2,1,1,2602635,2475005,2736700
work_skew,4,dynamic,1,3,3,0,1,2277267,2254036,2444097
work_skew,4,dynamic,1,3,3,1,1,2299673,2279121,2399073
work_skew,4,ordinary-first,0,1,1,0,2,5908015,5759040,6133448
work_skew,4,ordinary-first,0,1,2,0,2,6023479,5759847,6046210
work_skew,4,ordinary-first,0,2,1,0,2,3258609,3193691,3291172
work_skew,6,dynamic,0,1,1,0,2,6402743,6235877,7463903
work_skew,6,dynamic,0,1,2,0,2,6279541,6125356,7377003
work_skew,6,dynamic,0,1,3,0,2,6325833,6208016,7582605
work_skew,6,dynamic,0,1,4,0,2,6418852,6115999,7492345
work_skew,6,dynamic,0,2,1,0,2,3661622,3646587,4669595
work_skew,6,dynamic,0,2,2,0,2,3969477,3832641,4989811
work_skew,6,dynamic,0,3,1,0,2,2692374,2501756,3865882
work_skew,6,dynamic,0,4,1,0,2,2267677,2030698,3433314
work_skew,6,dynamic,1,1,1,0,1,6046705,6010835,6324932
work_skew,6,dynamic,1,1,1,0,2,5979836,5971781,6033593
work_skew,6,dynamic,1,1,1,1,1,6013405,5988406,6044575
work_skew,6,dynamic,1,1,1,1,2,6256850,5965586,6485966
work_skew,6,dynamic,1,1,2,0,1,6159640,6087901,6243331
work_skew,6,dynamic,1,1,2,0,2,6116830,6021108,6137213
work_skew,6,dynamic,1,1,2,1,1,6247725,6156625,6289608
work_skew,6,dynamic,1,1,2,1,2,6106514,6073743,6189253
work_skew,6,dynamic,1,1,3,0,1,6130129,6120677,6139171
work_skew,6,dynamic,1,1,3,0,2,6124295,5990203,6143537
work_skew,6,dynamic,1,1,3,1,1,6159678,6008487,6217102
work_skew,6,dynamic,1,1,3,1,2,6140880,6116771,6163006
work_skew,6,dynamic,1,1,4,0,1,6119515,6059511,6214975
work_skew,6,dynamic,1,1,4,0,2,6226222,6119980,6402684
work_skew,6,dynamic,1,1,4,1,1,6095263,6033405,6149472
work_skew,6,dynamic,1,1,4,1,2,6034209,6031740,6074277
work_skew,6,dynamic,1,1,5,0,1,6017872,6015005,6039974
work_skew,6,dynamic,1,1,5,1,1,6367412,6134932,6569092
work_skew,6,dynamic,1,2,1,0,1,3515963,3492281,3566893
work_skew,6,dynamic,1,2,1,0,2,3475812,3314325,3730449
work_skew,6,dynamic,1,2,1,1,1,3507923,3494229,3509915
work_skew,6,dynamic,1,2,1,1,2,3438859,3381155,3442344
work_skew,6,dynamic,1,2,2,0,1,3500740,3381929,3743471
work_skew,6,dynamic,1,2,2,0,2,3752150,3700469,3765700
work_skew,6,dynamic,1,2,2,1,1,3523282,3489520,3546100
work_skew,6,dynamic,1,2,2,1,2,3678570,3626641,3706914
work_skew,6,dynamic,1,2,3,0,1,3448478,3398449,3454915
work_skew,6,dynamic,1,2,3,1,1,3405820,3368988,3598013
work_skew,6,dynamic,1,2,4,0,1,3377066,3349332,3550346
work_skew,6,dynamic,1,2,4,1,1,3390679,3353140,3451295
work_skew,6,dynamic,1,2,5,0,1,3399034,3335110,3419178
work_skew,6,dynamic,1,2,5,1,1,3371575,3317687,3623675
work_skew,6,dynamic,1,3,1,0,1,2487688,2463108,2586186
work_skew,6,dynamic,1,3,1,0,2,2480512,2446634,2488612
work_skew,6,dynamic,1,3,1,1,1,2478884,2455122,2541754
work_skew,6,dynamic,1,3,1,1,2,2405352,2364465,2409775
work_skew,6,dynamic,1,3,2,0,1,2524213,2444424,2602886
work_skew,6,dynamic,1,3,2,1,1,2529276,2443427,2547746
work_skew,6,dynamic,1,3,3,0,1,2456573,2400112,2562146
work_skew,6,dynamic,1,3,3,1,1,2447274,2443819,2463698
work_skew,6,dynamic,1,3,4,0,1,2397465,2348156,2532451
work_skew,6,dynamic,1,3,4,1,1,2475650,2350675,2583614
work_skew,6,dynamic,1,3,5,0,1,2386303,2357377,2401781
work_skew,6,dynamic,1,3,5,1,1,2391193,2367453,2415390
work_skew,6,dynamic,1,4,1,0,1,1900458,1866169,1965804
work_skew,6,dynamic,1,4,1,0,2,1871680,1870132,1943140
work_skew,6,dynamic,1,4,1,1,1,1923397,1857863,1942542
work_skew,6,dynamic,1,4,1,1,2,1993358,1844138,2007316
work_skew,6,dynamic,1,4,2,0,1,2057179,2001436,2094352
work_skew,6,dynamic,1,4,2,1,1,1925461,1900319,2008270
work_skew,6,dynamic,1,4,3,0,1,1922921,1912368,1981472
work_skew,6,dynamic,1,4,3,1,1,1935109,1908647,1951531
work_skew,6,dynamic,1,4,4,0,1,1816876,1810557,1876060
work_skew,6,dynamic,1,4,4,1,1,1994837,1937869,2520654
work_skew,6,dynamic,1,4,5,0,1,2143507,1992152,2171099
work_skew,6,dynamic,1,4,5,1,1,1886778,1865270,1931501
work_skew,6,dynamic,1,5,1,0,1,1715178,1646220,1743314
work_skew,6,dynamic,1,5,1,1,1,1790870,1656654,1888194
work_skew,6,dynamic,1,5,2,0,1,1677142,1651981,1748177
work_skew,6,dynamic,1,5,2,1,1,1660399,1598682,1711942
work_skew,6,dynamic,1,5,3,0,1,1556369,1500596,1623372
work_skew,6,dynamic,1,5,3,1,1,1604468,1569181,1680370
work_skew,6,dynamic,1,5,4,0,1,1564456,1496926,1589937
work_skew,6,dynamic,1,5,4,1,1,1587026,1533665,1862792
work_skew,6,dynamic,1,5,5,0,1,1668388,1487120,1734197
work_skew,6,dynamic,1,5,5,1,1,1525809,1489605,2720734
work_skew,6,ordinary-first,0,1,1,0,2,7480430,6086812,7554576
work_skew,6,ordinary-first,0,1,2,0,2,7489203,5922237,7621234
work_skew,6,ordinary-first,0,1,3,0,2,7462354,5998979,7644609
work_skew,6,ordinary-first,0,1,4,0,2,7526140,5918151,7616798
work_skew,6,ordinary-first,0,2,1,0,2,4782325,3361518,4854913
work_skew,6,ordinary-first,0,2,2,0,2,5148125,3706742,5154406
work_skew,6,ordinary-first,0,3,1,0,2,3888758,2487832,3889668
work_skew,6,ordinary-first,0,4,1,0,2,3358591,2035628,3422923
work_skew,8,dynamic,0,1,1,0,2,6382995,5857526,7194159
work_skew,8,dynamic,0,1,2,0,2,5933954,5772098,7134556
work_skew,8,dynamic,0,1,3,0,2,6337631,5838975,7245404
work_skew,8,dynamic,0,1,4,0,2,5944643,5893612,7187194
work_skew,8,dynamic,0,1,5,0,2,6367596,5861428,7175364
work_skew,8,dynamic,0,1,6,0,2,6390109,5770868,7127944
work_skew,8,dynamic,0,2,1,0,2,3605326,3345180,4507815
work_skew,8,dynamic,0,2,2,0,2,3851958,3573229,4913042
work_skew,8,dynamic,0,2,3,0,2,3615337,3553341,4857184
work_skew,8,dynamic,0,2,4,0,2,3868987,3719717,4830165
work_skew,8,dynamic,0,3,1,0,2,2701970,2336121,3654625
work_skew,8,dynamic,0,3,2,0,2,3006174,2654917,4002101
work_skew,8,dynamic,0,3,3,0,2,2903687,2561858,3886597
work_skew,8,dynamic,0,4,1,0,2,2214103,1856745,3199849
work_skew,8,dynamic,0,4,2,0,2,2459399,2132067,3552138
work_skew,8,dynamic,0,5,1,0,2,1824056,1617004,2992163
work_skew,8,dynamic,0,6,1,0,2,1640192,1445185,2843349
work_skew,8,dynamic,1,1,1,0,1,5843402,5792120,5869061
work_skew,8,dynamic,1,1,1,0,2,5778197,5767396,5880531
work_skew,8,dynamic,1,1,1,1,1,5814077,5773761,6296995
work_skew,8,dynamic,1,1,1,1,2,5883001,5851748,5909767
work_skew,8,dynamic,1,1,2,0,1,6063169,5900644,6416477
work_skew,8,dynamic,1,1,2,0,2,5887500,5804730,5986747
work_skew,8,dynamic,1,1,2,1,1,6011501,5964279,6562662
work_skew,8,dynamic,1,1,2,1,2,5886988,5879816,6255688
work_skew,8,dynamic,1,1,3,0,1,6005816,5977558,6553563
work_skew,8,dynamic,1,1,3,0,2,5843126,5797499,6164036
work_skew,8,dynamic,1,1,3,1,1,6015238,5959813,6358743
work_skew,8,dynamic,1,1,3,1,2,5974683,5868677,6203000
work_skew,8,dynamic,1,1,4,0,1,5961086,5914658,6263229
work_skew,8,dynamic,1,1,4,0,2,5879732,5874056,6220661
work_skew,8,dynamic,1,1,4,1,1,5976441,5893187,6287489
work_skew,8,dynamic,1,1,4,1,2,5893829,5862861,6365634
work_skew,8,dynamic,1,1,5,0,1,5947572,5926240,6034791
work_skew,8,dynamic,1,1,5,0,2,5813517,5796078,6239137
work_skew,8,dynamic,1,1,5,1,1,5915158,5900039,6342675
work_skew,8,dynamic,1,1,5,1,2,6062884,5911590,6307847
work_skew,8,dynamic,1,1,6,0,1,5912325,5857360,6247932
work_skew,8,dynamic,1,1,6,0,2,5857755,5783636,6218963
work_skew,8,dynamic,1,1,6,1,1,5919087,5798914,6346465
work_skew,8,dynamic,1,1,6,1,2,5941934,5874855,6270064
work_skew,8,dynamic,1,1,7,0,1,5874350,5832620,6237398
work_skew,8,dynamic,1,1,7,1,1,5966105,5812718,6219637
work_skew,8,dynamic,1,2,1,0,1,3459019,3446875,3725948
work_skew,8,dynamic,1,2,1,0,2,3352176,3263997,3533890
work_skew,8,dynamic,1,2,1,1,1,3382614,3317600,3586424
work_skew,8,dynamic,1,2,1,1,2,3361112,3250870,3506104
work_skew,8,dynamic,1,2,2,0,1,3432332,3402347,3649927
work_skew,8,dynamic,1,2,2,0,2,3602443,3570025,3778033
work_skew,8,dynamic,1,2,2,1,1,3430789,3410593,3597640
work_skew,8,dynamic,1,2,2,1,2,3630967,3568306,3942541
work_skew,8,dynamic,1,2,3,0,1,3346206,3312255,3618132
work_skew,8,dynamic,1,2,3,0,2,3574157,3507011,3941639
work_skew,8,dynamic,1,2,3,1,1,3363252,3357663,3420237
work_skew,8,dynamic,1,2,3,1,2,3547717,3479353,3749870
work_skew,8,dynamic,1,2,4,0,1,3351055,3292050,3554827
work_skew,8,dynamic,1,2,4,0,2,3685898,3537292,3847203
work_skew,8,dynamic,1,2,4,1,1,3350081,3323275,3669281
work_skew,8,dynamic,1,2,4,1,2,3640435,3511863,4071547
work_skew,8,dynamic,1,2,5,0,1,3418169,3330190,3577598
work_skew,8,dynamic,1,2,5,1,1,3312553,3290507,3592652
work_skew,8,dynamic,1,2,6,0,1,3333872,3270606,3490867
work_skew,8,dynamic,1,2,6,1,1,3352929,3300981,3670685
work_skew,8,dynamic,1,2,7,0,1,3301637,3256334,3456892
work_skew,8,dynamic,1,2,7,1,1,3308801,3216221,3500745
work_skew,8,dynamic,1,3,1,0,1,2478295,2446918,2600600
work_skew,8,dynamic,1,3,1,0,2,2439025,2351379,2465992
work_skew,8,dynamic,1,3,1,1,1,2450726,2435581,2634033
work_skew,8,dynamic,1,3,1,1,2,2405463,2357519,2546807
work_skew,8,dynamic,1,3,2,0,1,2492401,2442754,2626975
work_skew,8,dynamic,1,3,2,0,2,2826844,2641277,2966223
work_skew,8,dynamic,1,3,2,1,1,2516665,2402505,2734442
work_skew,8,dynamic,1,3,2,1,2,2928786,2675355,2985709
work_skew,8,dynamic,1,3,3,0,1,2400994,2390783,2508418
work_skew,8,dynamic,1,3,3,0,2,2619687,2562261,2862439
work_skew,8,dynamic,1,3,3,1,1,2418187,2364035,2689638
work_skew,8,dynamic,1,3,3,1,2,2593971,2586158,2889629
work_skew,8,dynamic,1,3,4,0,1,2354305,2309478,2608686
work_skew,8,dynamic,1,3,4,1,1,2379974,2325165,2597553
work_skew,8,dynamic,1,3,5,0,1,2437266,2423899,2760488
work_skew,8,dynamic,1,3,5,1,1,2398781,2311017,2542696
work_skew,8,dynamic,1,3,6,0,1,2361413,2316201,2578779
work_skew,8,dynamic,1,3,6,1,1,2383776,2370917,2630093
work_skew,8,dynamic,1,3,7,0,1,2394134,2377687,2534190
work_skew,8,dynamic,1,3,7,1,1,2482299,2452227,2620262
work_skew,8,dynamic,1,4,1,0,1,2005905,1922024,2029851
work_skew,8,dynamic,1,4,1,0,2,1917725,1854599,2215595
work_skew,8,dynamic,1,4,1,1,1,1970210,1902408,2142752
work_skew,8,dynamic,1,4,1,1,2,2032993,1972328,2035578
work_skew,8,dynamic,1,4,2,0,1,1995908,1888739,2063968
work_skew,8,dynamic,1,4,2,0,2,2231334,2209164,2346477
work_skew,8,dynamic,1,4,2,1,1,1993425,1975512,2058638
work_skew,8,dynamic,1,4,2,1,2,2264707,2224098,2327845
work_skew,8,dynamic,1,4,3,0,1,2019442,1811792,2078159
work_skew,8,dynamic,1,4,3,1,1,1855029,1830683,2259811
work_skew,8,dynamic,1,4,4,0,1,1939206,1891195,1973635
work_skew,8,dynamic,1,4,4,1,1,1906375,1878099,1926084
work_skew,8,dynamic,1,4,5,0,1,2107233,1774593,2136119
work_skew,8,dynamic,1,4,5,1,1,1917992,1841933,2015217
work_skew,8,dynamic,1,4,6,0,1,1916899,1806833,1927167
work_skew,8,dynamic,1,4,6,1,1,1900700,1850952,2125628
work_skew,8,dynamic,1,4,7,0,1,1923016,1817431,2021954
work_skew,8,dynamic,1,4,7,1,1,1898257,1890690,2224091
work_skew,8,dynamic,1,5,1,0,1,1692192,1648201,1820018
work_skew,8,dynamic,1,5,1,0,2,1702203,1666775,1777520
work_skew,8,dynamic,1,5,1,1,1,1618778,1589288,1832527
work_skew,8,dynamic,1,5,1,1,2,1696435,1525115,1938437
work_skew,8,dynamic,1,5,2,0,1,1712304,1655420,1779025
work_skew,8,dynamic,1,5,2,1,1,1790687,1670141,1823363
work_skew,8,dynamic,1,5,3,0,1,1639421,1552870,1818376
work_skew,8,dynamic,1,5,3,1,1,1688170,1548934,1787308
work_skew,8,dynamic,1,5,4,0,1,1567219,1533746,1757975
work_skew,8,dynamic,1,5,4,1,1,1646466,1566966,1740817
work_skew,8,dynamic,1,5,5,0,1,1589609,1583457,1976518
work_skew,8,dynamic,1,5,5,1,1,1548013,1484033,1611714
work_skew,8,dynamic,1,5,6,0,1,1653868,1638925,1858937
work_skew,8,dynamic,1,5,6,1,1,1627106,1527747,1769982
work_skew,8,dynamic,1,5,7,0,1,1649097,1605511,1672804
work_skew,8,dynamic,1,5,7,1,1,1659884,1605001,1714490
work_skew,8,dynamic,1,6,1,0,1,1605625,1599389,1616876
work_skew,8,dynamic,1,6,1,0,2,1449936,1433752,1587559
work_skew,8,dynamic,1,6,1,1,1,1602696,1586909,1705275
work_skew,8,dynamic,1,6,1,1,2,1573818,1449006,1605719
work_skew,8,dynamic,1,6,2,0,1,1637172,1589159,1735605
work_skew,8,dynamic,1,6,2,1,1,1623794,1592355,1804159
work_skew,8,dynamic,1,6,3,0,1,1560293,1544636,1713140
work_skew,8,dynamic,1,6,3,1,1,1505669,1496613,1627101
work_skew,8,dynamic,1,6,4,0,1,1565060,1551359,1593035
work_skew,8,dynamic,1,6,4,1,1,1380550,1300715,1382367
work_skew,8,dynamic,1,6,5,0,1,1546240,1512309,1689797
work_skew,8,dynamic,1,6,5,1,1,1482773,1363469,1698968
work_skew,8,dynamic,1,6,6,0,1,1554867,1508865,1669428
work_skew,8,dynamic,1,6,6,1,1,1396878,1371082,1704747
work_skew,8,dynamic,1,6,7,0,1,1647943,1544793,1727384
work_skew,8,dynamic,1,6,7,1,1,1510307,1497192,1648610
work_skew,8,dynamic,1,7,1,0,1,1446388,1420931,1500745
work_skew,8,dynamic,1,7,1,1,1,1442265,1428065,1456325
work_skew,8,dynamic,1,7,2,0,1,1476813,1429623,1578268
work_skew,8,dynamic,1,7,2,1,1,1458850,1430831,1616850
work_skew,8,dynamic,1,7,3,0,1,1403887,1387272,1439087
work_skew,8,dynamic,1,7,3,1,1,1422593,1421077,1424164
work_skew,8,dynamic,1,7,4,0,1,1416990,1399789,1466292
work_skew,8,dynamic,1,7,4,1,1,1431107,1405520,1550576
work_skew,8,dynamic,1,7,5,0,1,1461806,1411572,1533476
work_skew,8,dynamic,1,7,5,1,1,1386620,1367995,1559715
work_skew,8,dynamic,1,7,6,0,1,1436938,1403867,1528779
work_skew,8,dynamic,1,7,6,1,1,1422116,1400910,1596138
work_skew,8,dynamic,1,7,7,0,1,1449034,1399542,1531261
work_skew,8,dynamic,1,7,7,1,1,1422556,1409102,1521717
work_skew,8,ordinary-first,0,1,1,0,2,7344957,7208945,7490870
work_skew,8,ordinary-first,0,1,2,0,2,7478768,7258087,7815812
work_skew,8,ordinary-first,0,1,3,0,2,7306274,7201703,7313204
work_skew,8,ordinary-first,0,1,4,0,2,7397890,7253174,7466453
work_skew,8,ordinary-first,0,1,5,0,2,7380102,7333523,7541627
work_skew,8,ordinary-first,0,1,6,0,2,7444883,7312602,7487638
work_skew,8,ordinary-first,0,2,1,0,2,4673232,4649913,4679525
work_skew,8,ordinary-first,0,2,2,0,2,5019929,5014274,5151790
work_skew,8,ordinary-first,0,2,3,0,2,5087477,5036264,5117792
work_skew,8,ordinary-first,0,2,4,0,2,5004565,4951688,5010131
work_skew,8,ordinary-first,0,3,1,0,2,3841855,3773561,3957102
work_skew,8,ordinary-first,0,3,2,0,2,4108461,4081958,4109028
work_skew,8,ordinary-first,0,3,3,0,2,4067142,4065251,4085243
work_skew,8,ordinary-first,0,4,1,0,2,3293146,3232842,3354687
work_skew,8,ordinary-first,0,4,2,0,2,3729130,3696171,3853897
work_skew,8,ordinary-first,0,5,1,0,2,3021294,3019674,3030478
work_skew,8,ordinary-first,0,6,1,0,2,2958350,2880085,2971200
work_skew_reversed,2,dynamic,0,1,1,0,2,6030182,5937083,6030730
work_skew_reversed,2,dynamic,1,1,1,0,1,6049303,6030691,6055631
work_skew_reversed,2,dynamic,1,1,1,0,2,6123093,6085236,6207539
work_skew_reversed,2,dynamic,1,1,1,1,1,6071104,6067367,6100855
work_skew_reversed,2,dynamic,1,1,1,1,2,6098128,6025977,6138392
work_skew_reversed,2,ordinary-first,0,1,1,0,2,5950853,5936868,6327123
work_skew_reversed,4,dynamic,0,1,1,0,2,6002905,5964741,6300487
work_skew_reversed,4,dynamic,0,1,2,0,2,3459087,3448527,3488989
work_skew_reversed,4,dynamic,0,2,1,0,2,6060325,6014544,6339068
work_skew_reversed,4,dynamic,1,1,1,0,1,6060257,6028021,6212820
work_skew_reversed,4,dynamic,1,1,1,0,2,6103965,6070262,6254820
work_skew_reversed,4,dynamic,1,1,1,1,1,6067924,6060569,6203518
work_skew_reversed,4,dynamic,1,1,1,1,2,6302722,6152055,6367465
work_skew_reversed,4,dynamic,1,1,2,0,1,3625562,3570176,3689742
work_skew_reversed,4,dynamic,1,1,2,0,2,3530873,3523174,3534912
work_skew_reversed,4,dynamic,1,1,2,1,1,3656977,3532014,3721157
work_skew_reversed,4,dynamic,1,1,2,1,2,3539467,3489497,3547697
work_skew_reversed,4,dynamic,1,1,3,0,1,2627524,2568167,2737474
work_skew_reversed,4,dynamic,1,1,3,1,1,2716448,2587933,2731410
work_skew_reversed,4,dynamic,1,2,1,0,1,6183034,6114831,6409734
work_skew_reversed,4,dynamic,1,2,1,0,2,6305249,6145978,6422096
work_skew_reversed,4,dynamic,1,2,1,1,1,6204145,6126783,6386498
work_skew_reversed,4,dynamic,1,2,1,1,2,6141822,5990873,6165817
work_skew_reversed,4,dynamic,1,2,2,0,1,3579673,3575362,3650399
work_skew_reversed,4,dynamic,1,2,2,1,1,3543514,3433182,3552840
work_skew_reversed,4,dynamic,1,2,3,0,1,2585464,2512909,2610845
work_skew_reversed,4,dynamic,1,2,3,1,1,2567583,2503041,2571476
work_skew_reversed,4,dynamic,1,3,1,0,1,6125925,6085655,6179972
work_skew_reversed,4,dynamic,1,3,1,1,1,6127689,6010063,6291296
work_skew_reversed,4,dynamic,1,3,2,0,1,3512951,3489174,3598828
work_skew_reversed,4,dynamic,1,3,2,1,1,3472900,3461954,3547987
work_skew_reversed,4,dynamic,1,3,3,0,1,2599524,2454040,2634531
work_skew_reversed,4,dynamic,1,3,3,1,1,2453539,2447634,2458235
work_skew_reversed,4,ordinary-first,0,1,1,0,2,6111090,6000898,6432328
work_skew_reversed,4,ordinary-first,0,1,2,0,2,3506683,3390486,3614765
work_skew_reversed,4,ordinary-first,0,2,1,0,2,6360580,6077744,6368613
work_skew_reversed,6,dynamic,0,1,1,0,2,7089701,5672762,7589230
work_skew_reversed,6,dynamic,0,1,2,0,2,4439948,3350330,4894498
work_skew_reversed,6,dynamic,0,1,3,0,2,3824671,2581850,3909100
work_skew_reversed,6,dynamic,0,1,4,0,2,3184479,1919320,3325366
work_skew_reversed,6,dynamic,0,2,1,0,2,7097555,5777076,7685898
work_skew_reversed,6,dynamic,0,2,2,0,2,4800382,3691346,5203146
work_skew_reversed,6,dynamic,0,3,1,0,2,7660830,5794286,7687201
work_skew_reversed,6,dynamic,0,4,1,0,2,7160014,5933392,7782852
work_skew_reversed,6,dynamic,1,1,1,0,1,5689591,5680261,6183772
work_skew_reversed,6,dynamic,1,1,1,0,2,5742445,5685639,6126732
work_skew_reversed,6,dynamic,1,1,1,1,1,6193494,5694036,6228727
work_skew_reversed,6,dynamic,1,1,1,1,2,5772841,5659552,6134294
work_skew_reversed,6,dynamic,1,1,2,0,1,3467626,3431018,3702157
work_skew_reversed,6,dynamic,1,1,2,0,2,3610565,3251315,3685012
work_skew_reversed,6,dynamic,1,1,2,1,1,3493235,3447236,3677101
work_skew_reversed,6,dynamic,1,1,2,1,2,3319022,3250971,3714887
work_skew_reversed,6,dynamic,1,1,3,0,1,2493861,2489975,2631772
work_skew_reversed,6,dynamic,1,1,3,0,2,2522676,2381920,2597427
work_skew_reversed,6,dynamic,1,1,3,1,1,2497360,2471801,2696838
work_skew_reversed,6,dynamic,1,1,3,1,2,2570685,2315540,3202492
work_skew_reversed,6,dynamic,1,1,4,0,1,2037962,1960522,2087048
work_skew_reversed,6,dynamic,1,1,4,0,2,1942302,1873134,2041420
work_skew_reversed,6,dynamic,1,1,4,1,1,1959752,1881891,2156988
work_skew_reversed,6,dynamic,1,1,4,1,2,1872102,1861035,2018491
work_skew_reversed,6,dynamic,1,1,5,0,1,1697335,1670637,1762201
work_skew_reversed,6,dynamic,1,1,5,1,1,1786699,1564790,1798526
work_skew_reversed,6,dynamic,1,2,1,0,1,6314134,5838433,6920903
work_skew_reversed,6,dynamic,1,2,1,0,2,6259621,5733582,6330518
work_skew_reversed,6,dynamic,1,2,1,1,1,5834823,5774449,6299033
work_skew_reversed,6,dynamic,1,2,1,1,2,5811598,5726005,6341645
work_skew_reversed,6,dynamic,1,2,2,0,1,3402719,3321590,3582915
work_skew_reversed,6,dynamic,1,2,2,0,2,3606276,3557295,3812938
work_skew_reversed,6,dynamic,1,2,2,1,1,3350467,3346436,3694830
work_skew_reversed,6,dynamic,1,2,2,1,2,3800023,3622600,3891063
work_skew_reversed,6,dynamic,1,2,3,0,1,2626201,2427609,2706256
work_skew_reversed,6,dynamic,1,2,3,1,1,2447143,2427402,2694798
work_skew_reversed,6,dynamic,1,2,4,0,1,1983649,1863147,2039197
work_skew_reversed,6,dynamic,1,2,4,1,1,1883788,1839435,1989548
work_skew_reversed,6,dynamic,1,2,5,0,1,1693661,1679601,1926681
work_skew_reversed,6,dynamic,1,2,5,1,1,1598600,1519354,1957713
work_skew_reversed,6,dynamic,1,3,1,0,1,6328733,5686983,6382340
work_skew_reversed,6,dynamic,1,3,1,0,2,5821857,5799650,6257475
work_skew_reversed,6,dynamic,1,3,1,1,1,5752955,5745420,6213833
work_skew_reversed,6,dynamic,1,3,1,1,2,5720927,5692691,6151625
work_skew_reversed,6,dynamic,1,3,2,0,1,3344448,3321996,3530641
work_skew_reversed,6,dynamic,1,3,2,1,1,3273205,3190331,3580594
work_skew_reversed,6,dynamic,1,3,3,0,1,2401418,2353423,2597613
work_skew_reversed,6,dynamic,1,3,3,1,1,2358139,2316045,2441841
work_skew_reversed,6,dynamic,1,3,4,0,1,1798649,1794343,2083931
work_skew_reversed,6,dynamic,1,3,4,1,1,1894695,1737192,1977678
work_skew_reversed,6,dynamic,1,3,5,0,1,1732271,1472314,1813913
work_skew_reversed,6,dynamic,1,3,5,1,1,1592069,1508342,1724647
work_skew_reversed,6,dynamic,1,4,1,0,1,6291025,5922211,7059091
work_skew_reversed,6,dynamic,1,4,1,0,2,5811662,5735938,6282660
work_skew_reversed,6,dynamic,1,4,1,1,1,5772484,5707215,6218374
work_skew_reversed,6,dynamic,1,4,1,1,2,5765109,5727980,6292649
work_skew_reversed,6,dynamic,1,4,2,0,1,3582900,3259117,3624989
work_skew_reversed,6,dynamic,1,4,2,1,1,3273022,3201931,3714322
work_skew_reversed,6,dynamic,1,4,3,0,1,2351890,2287612,2529683
work_skew_reversed,6,dynamic,1,4,3,1,1,2628406,2285081,2653677
work_skew_reversed,6,dynamic,1,4,4,0,1,1931118,1904394,2032427
work_skew_reversed,6,dynamic,1,4,4,1,1,2006167,1830444,2055484
work_skew_reversed,6,dynamic,1,4,5,0,1,1669763,1581162,1678728
work_skew_reversed,6,dynamic,1,4,5,1,1,1578552,1519454,1611831
work_skew_reversed,6,dynamic,1,5,1,0,1,5796143,5705478,6231654
work_skew_reversed,6,dynamic,1,5,1,1,1,6224097,5680344,6245162
work_skew_reversed,6,dynamic,1,5,2,0,1,3298139,3198376,3540419
work_skew_reversed,6,dynamic,1,5,2,1,1,3385610,3242257,3535428
work_skew_reversed,6,dynamic,1,5,3,0,1,2451685,2354075,2530465
work_skew_reversed,6,dynamic,1,5,3,1,1,2493648,2344496,2553093
work_skew_reversed,6,dynamic,1,5,4,0,1,1846450,1758315,1923731
work_skew_reversed,6,dynamic,1,5,4,1,1,1895656,1801313,1929078
work_skew_reversed,6,dynamic,1,5,5,0,1,1510821,1481783,1679646
work_skew_reversed,6,dynamic,1,5,5,1,1,1470863,1462176,1897831
work_skew_reversed,6,ordinary-first,0,1,1,0,2,5816719,5619024,6418806
work_skew_reversed,6,ordinary-first,0,1,2,0,2,3402544,3247729,3821583
work_skew_reversed,6,ordinary-first,0,1,3,0,2,2517086,2246993,2598787
work_skew_reversed,6,ordinary-first,0,1,4,0,2,1953441,1797915,2001436
work_skew_reversed,6,ordinary-first,0,2,1,0,2,5863748,5705333,6492541
work_skew_reversed,6,ordinary-first,0,2,2,0,2,3689881,3544585,4080986
work_skew_reversed,6,ordinary-first,0,3,1,0,2,5843521,5719907,6445953
work_skew_reversed,6,ordinary-first,0,4,1,0,2,5973370,5836578,6422464
work_skew_reversed,8,dynamic,0,1,1,0,2,7172863,5825226,7815152
work_skew_reversed,8,dynamic,0,1,2,0,2,3433038,3323237,4648381
work_skew_reversed,8,dynamic,0,1,3,0,2,2391010,2363544,3801791
work_skew_reversed,8,dynamic,0,1,4,0,2,1882314,1834723,3272579
work_skew_reversed,8,dynamic,0,1,5,0,2,1760616,1710725,3235850
work_skew_reversed,8,dynamic,0,1,6,0,2,2888974,1606261,3118784
work_skew_reversed,8,dynamic,0,2,1,0,2,5891773,5836632,7359437
work_skew_reversed,8,dynamic,0,2,2,0,2,3709443,3670674,4943079
work_skew_reversed,8,dynamic,0,2,3,0,2,2920241,2691868,4020239
work_skew_reversed,8,dynamic,0,2,4,0,2,2312793,2138973,3679445
work_skew_reversed,8,dynamic,0,3,1,0,2,7261521,5661718,7663484
work_skew_reversed,8,dynamic,0,3,2,0,2,3726711,3659289,5039918
work_skew_reversed,8,dynamic,0,3,3,0,2,2659491,2630304,4303142
work_skew_reversed,8,dynamic,0,4,1,0,2,7170851,5644977,7654910
work_skew_reversed,8,dynamic,0,4,2,0,2,3611387,3521377,4921461
work_skew_reversed,8,dynamic,0,5,1,0,2,5875021,5783501,7373923
work_skew_reversed,8,dynamic,0,6,1,0,2,7181044,5760977,7665625
work_skew_reversed,8,dynamic,1,1,1,0,1,5890264,5688269,5897755
work_skew_reversed,8,dynamic,1,1,1,0,2,5764448,5761483,5966466
work_skew_reversed,8,dynamic,1,1,1,1,1,5936764,5665741,5993534
work_skew_reversed,8,dynamic,1,1,1,1,2,5980132,5763677,6273300
work_skew_reversed,8,dynamic,1,1,2,0,1,3481764,3474339,3558868
work_skew_reversed,8,dynamic,1,1,2,0,2,3323809,3291178,3422731
work_skew_reversed,8,dynamic,1,1,2,1,1,3424994,3394529,3660860
work_skew_reversed,8,dynamic,1,1,2,1,2,3398892,3293601,3467688
work_skew_reversed,8,dynamic,1,1,3,0,1,2524544,2475522,2588996
work_skew_reversed,8,dynamic,1,1,3,0,2,2471449,2357835,2486653
work_skew_reversed,8,dynamic,1,1,3,1,1,2456153,2443194,2547568
work_skew_reversed,8,dynamic,1,1,3,1,2,2405173,2337278,2654652
work_skew_reversed,8,dynamic,1,1,4,0,1,2027175,1964840,2058279
work_skew_reversed,8,dynamic,1,1,4,0,2,2096073,1874875,2169250
work_skew_reversed,8,dynamic,1,1,4,1,1,2125004,2008872,2142995
work_skew_reversed,8,dynamic,1,1,4,1,2,1979082,1864151,1982464
work_skew_reversed,8,dynamic,1,1,5,0,1,1766757,1710353,1933061
work_skew_reversed,8,dynamic,1,1,5,0,2,1649206,1633756,1765730
work_skew_reversed,8,dynamic,1,1,5,1,1,1760766,1700236,1783515
work_skew_reversed,8,dynamic,1,1,5,1,2,1697280,1645400,1727055
work_skew_reversed,8,dynamic,1,1,6,0,1,1644565,1624388,1730271
work_skew_reversed,8,dynamic,1,1,6,0,2,1485897,1430289,1546711
work_skew_reversed,8,dynamic,1,1,6,1,1,1652132,1627406,1759857
work_skew_reversed,8,dynamic,1,1,6,1,2,1468135,1434608,1578340
work_skew_reversed,8,dynamic,1,1,7,0,1,1452862,1449529,1815945
work_skew_reversed,8,dynamic,1,1,7,1,1,1475363,1451862,1584470
work_skew_reversed,8,dynamic,1,2,1,0,1,6060043,5931959,6123375
work_skew_reversed,8,dynamic,1,2,1,0,2,5776149,5717491,6104695
work_skew_reversed,8,dynamic,1,2,1,1,1,5940073,5933577,6018562
work_skew_reversed,8,dynamic,1,2,1,1,2,5884403,5728007,6284422
work_skew_reversed,8,dynamic,1,2,2,0,1,3410667,3352654,3446634
work_skew_reversed,8,dynamic,1,2,2,0,2,3760805,3617339,3795531
work_skew_reversed,8,dynamic,1,2,2,1,1,3401076,3374621,3525570
work_skew_reversed,8,dynamic,1,2,2,1,2,3714181,3625523,3732393
work_skew_reversed,8,dynamic,1,2,3,0,1,2490720,2399571,2544658
work_skew_reversed,8,dynamic,1,2,3,0,2,2678372,2652470,2734096
work_skew_reversed,8,dynamic,1,2,3,1,1,2560889,2501495,2584219
work_skew_reversed,8,dynamic,1,2,3,1,2,2770072,2599006,2825306
work_skew_reversed,8,dynamic,1,2,4,0,1,1982170,1919935,2077285
work_skew_reversed,8,dynamic,1,2,4,0,2,2346676,2218325,2484445
work_skew_reversed,8,dynamic,1,2,4,1,1,2050808,2048654,2086214
work_skew_reversed,8,dynamic,1,2,4,1,2,2283752,2241540,2290515
work_skew_reversed,8,dynamic,1,2,5,0,1,1751804,1710682,1752917
work_skew_reversed,8,dynamic,1,2,5,1,1,1718417,1637640,1754633
work_skew_reversed,8,dynamic,1,2,6,0,1,1697059,1467740,1760157
work_skew_reversed,8,dynamic,1,2,6,1,1,1759917,1649266,1761724
work_skew_reversed,8,dynamic,1,2,7,0,1,1483325,1476704,1598466
work_skew_reversed,8,dynamic,1,2,7,1,1,1460883,1443409,1485712
work_skew_reversed,8,dynamic,1,3,1,0,1,6045502,5957960,6064954
work_skew_reversed,8,dynamic,1,3,1,0,2,5873698,5770344,5994950
work_skew_reversed,8,dynamic,1,3,1,1,1,5804710,5796372,6303267
work_skew_reversed,8,dynamic,1,3,1,1,2,5748511,5675435,6043561
work_skew_reversed,8,dynamic,1,3,2,0,1,3489016,3295901,3576640
work_skew_reversed,8,dynamic,1,3,2,0,2,3574977,3565590,3640133
work_skew_reversed,8,dynamic,1,3,2,1,1,3293643,3260705,3562594
work_skew_reversed,8,dynamic,1,3,2,1,2,3659205,3602025,3858304
work_skew_reversed,8,dynamic,1,3,3,0,1,2459863,2407065,2557087
work_skew_reversed,8,dynamic,1,3,3,0,2,2620973,2554373,2648676
work_skew_reversed,8,dynamic,1,3,3,1,1,2417927,2414568,2488224
work_skew_reversed,8,dynamic,1,3,3,1,2,2800021,2590901,3240827
work_skew_reversed,8,dynamic,1,3,4,0,1,1892360,1891258,1934102
work_skew_reversed,8,dynamic,1,3,4,1,1,1892731,1886263,1903218
work_skew_reversed,8,dynamic,1,3,5,0,1,1607013,1539888,1788384
work_skew_reversed,8,dynamic,1,3,5,1,1,1695085,1652353,1735451
work_skew_reversed,8,dynamic,1,3,6,0,1,1572298,1529051,1632269
work_skew_reversed,8,dynamic,1,3,6,1,1,1651254,1534626,1673208
work_skew_reversed,8,dynamic,1,3,7,0,1,1423841,1396585,1460870
work_skew_reversed,8,dynamic,1,3,7,1,1,1394757,1387447,1516704
work_skew_reversed,8,dynamic,1,4,1,0,1,5867580,5806907,6406409
work_skew_reversed,8,dynamic,1,4,1,0,2,5933491,5809034,6011559
work_skew_reversed,8,dynamic,1,4,1,1,1,5866788,5785155,5969122
work_skew_reversed,8,dynamic,1,4,1,1,2,5937101,5704286,6053153
work_skew_reversed,8,dynamic,1,4,2,0,1,3297170,3294597,3426200
work_skew_reversed,8,dynamic,1,4,2,0,2,3499483,3463193,3752440
work_skew_reversed,8,dynamic,1,4,2,1,1,3453613,3316561,3458276
work_skew_reversed,8,dynamic,1,4,2,1,2,3708453,3541427,3962455
work_skew_reversed,8,dynamic,1,4,3,0,1,2473334,2455611,2654289
work_skew_reversed,8,dynamic,1,4,3,1,1,2417728,2366318,2596685
work_skew_reversed,8,dynamic,1,4,4,0,1,1901338,1826623,2007172
work_skew_reversed,8,dynamic,1,4,4,1,1,1997680,1940907,2038556
work_skew_reversed,8,dynamic,1,4,5,0,1,1713912,1561714,1738445
work_skew_reversed,8,dynamic,1,4,5,1,1,1623188,1589462,1708858
work_skew_reversed,8,dynamic,1,4,6,0,1,1462956,1305573,1660372
work_skew_reversed,8,dynamic,1,4,6,1,1,1545389,1511876,1585026
work_skew_reversed,8,dynamic,1,4,7,0,1,1451835,1401019,1464297
work_skew_reversed,8,dynamic,1,4,7,1,1,1400515,1382773,1539855
work_skew_reversed,8,dynamic,1,5,1,0,1,6120941,5775507,6186409
work_skew_reversed,8,dynamic,1,5,1,0,2,5981950,5876694,6265346
work_skew_reversed,8,dynamic,1,5,1,1,1,5779071,5739330,5923108
work_skew_reversed,8,dynamic,1,5,1,1,2,5977915,5829240,6062755
work_skew_reversed,8,dynamic,1,5,2,0,1,3428303,3302927,3466651
work_skew_reversed,8,dynamic,1,5,2,1,1,3302437,3277011,3380677
work_skew_reversed,8,dynamic,1,5,3,0,1,2400481,2367940,2424335
work_skew_reversed,8,dynamic,1,5,3,1,1,2426697,2342026,2526791
work_skew_reversed,8,dynamic,1,5,4,0,1,1955394,1911713,1979971
work_skew_reversed,8,dynamic,1,5,4,1,1,1902335,1862192,1984054
work_skew_reversed,8,dynamic,1,5,5,0,1,1532495,1508439,1542161
work_skew_reversed,8,dynamic,1,5,5,1,1,1624581,1616692,1670531
work_skew_reversed,8,dynamic,1,5,6,0,1,1610365,1319742,1617372
work_skew_reversed,8,dynamic,1,5,6,1,1,1534888,1515753,1547448
work_skew_reversed,8,dynamic,1,5,7,0,1,1466495,1381983,1745323
work_skew_reversed,8,dynamic,1,5,7,1,1,1452422,1400454,1738883
work_skew_reversed,8,dynamic,1,6,1,0,1,6011747,5895988,6300926
work_skew_reversed,8,dynamic,1,6,1,0,2,5764502,5758047,6042438
work_skew_reversed,8,dynamic,1,6,1,1,1,5861146,5854891,5870869
work_skew_reversed,8,dynamic,1,6,1,1,2,5752229,5673718,5814804
work_skew_reversed,8,dynamic,1,6,2,0,1,3348787,3337750,3354070
work_skew_reversed,8,dynamic,1,6,2,1,1,3419771,3359640,3504346
work_skew_reversed,8,dynamic,1,6,3,0,1,2451001,2427654,2455520
work_skew_reversed,8,dynamic,1,6,3,1,1,2311352,2290423,2383359
work_skew_reversed,8,dynamic,1,6,4,0,1,1908689,1868044,2135897
work_skew_reversed,8,dynamic,1,6,4,1,1,1897100,1819726,1970383
work_skew_reversed,8,dynamic,1,6,5,0,1,1591093,1556832,1688233
work_skew_reversed,8,dynamic,1,6,5,1,1,1644537,1617663,1699025
work_skew_reversed,8,dynamic,1,6,6,0,1,1531061,1503043,1602430
work_skew_reversed,8,dynamic,1,6,6,1,1,1546032,1544281,1559702
work_skew_reversed,8,dynamic,1,6,7,0,1,1434229,1429040,1441915
work_skew_reversed,8,dynamic,1,6,7,1,1,1457363,1410746,1525607
work_skew_reversed,8,dynamic,1,7,1,0,1,5739496,5707123,5959194
work_skew_reversed,8,dynamic,1,7,1,1,1,5718093,5701237,6158624
work_skew_reversed,8,dynamic,1,7,2,0,1,3397682,3311826,3598741
work_skew_reversed,8,dynamic,1,7,2,1,1,3446108,3353066,3491680
work_skew_reversed,8,dynamic,1,7,3,0,1,2417864,2404372,2507400
work_skew_reversed,8,dynamic,1,7,3,1,1,2377804,2327240,2424883
work_skew_reversed,8,dynamic,1,7,4,0,1,2133940,1909947,2159020
work_skew_reversed,8,dynamic,1,7,4,1,1,1891769,1808958,1932320
work_skew_reversed,8,dynamic,1,7,5,0,1,1653785,1535958,1713055
work_skew_reversed,8,dynamic,1,7,5,1,1,1647644,1534534,1860898
work_skew_reversed,8,dynamic,1,7,6,0,1,1594128,1480171,1626994
work_skew_reversed,8,dynamic,1,7,6,1,1,1593136,1528298,1647407
work_skew_reversed,8,dynamic,1,7,7,0,1,1428829,1425026,1434808
work_skew_reversed,8,dynamic,1,7,7,1,1,1455635,1399018,1521186
work_skew_reversed,8,ordinary-first,0,1,1,0,2,7127072,6070293,7424942
work_skew_reversed,8,ordinary-first,0,1,2,0,2,4459317,3437500,4782932
work_skew_reversed,8,ordinary-first,0,1,3,0,2,3501816,2578462,3898836
work_skew_reversed,8,ordinary-first,0,1,4,0,2,3112829,2176682,3555650
work_skew_reversed,8,ordinary-first,0,1,5,0,2,2886358,1770197,3294170
work_skew_reversed,8,ordinary-first,0,1,6,0,2,2654183,1530568,3085829
work_skew_reversed,8,ordinary-first,0,2,1,0,2,7097859,6094104,7703598
work_skew_reversed,8,ordinary-first,0,2,2,0,2,4896247,3663676,5182636
work_skew_reversed,8,ordinary-first,0,2,3,0,2,3859019,2829465,4302868
work_skew_reversed,8,ordinary-first,0,2,4,0,2,3502505,2334879,3778829
work_skew_reversed,8,ordinary-first,0,3,1,0,2,7065724,6024267,7456533
work_skew_reversed,8,ordinary-first,0,3,2,0,2,4784514,3654170,5164493
work_skew_reversed,8,ordinary-first,0,3,3,0,2,3845583,2775382,4100363
work_skew_reversed,8,ordinary-first,0,4,1,0,2,7058605,6003153,7575740
work_skew_reversed,8,ordinary-first,0,4,2,0,2,4831745,3939277,5047913
work_skew_reversed,8,ordinary-first,0,5,1,0,2,7032175,6054867,7592775
work_skew_reversed,8,ordinary-first,0,6,1,0,2,6966910,6247867,7660201
